table_type,repair_type,idx,tx_id,tx_type,duration_ms,count,read_ts,from_ts,to_ts,build_reason,trial,table_label,history_scans,component
ivmh,No Repair,0,0,InitLoad,15.753125,60000.0,,,,,0,IVMH,0,InitLoad
ivmh,No Repair,1,1,RecentScan,20.434792,,1.0,,,,0,IVMH,0,RecentScan
ivmh,No Repair,2,2,RecentScan,19.91975,,2.0,,,,0,IVMH,0,RecentScan
ivmh,No Repair,3,3,RecentScan,20.562791,,3.0,,,,0,IVMH,0,RecentScan
ivmh,No Repair,4,4,RecentScan,21.726417,,4.0,,,,0,IVMH,0,RecentScan
ivmh,No Repair,5,5,RecentScan,19.754459,,5.0,,,,0,IVMH,0,RecentScan
ivmh,No Repair,6,6,MarkTs,0.00125,,6.0,,,,0,IVMH,0,
ivmh,No Repair,7,7,Update,0.018,6.0,,,,,0,IVMH,0,Update
ivmh,No Repair,8,8,RecentScan,18.690625,,8.0,,,,0,IVMH,0,RecentScan
ivmh,No Repair,9,9,RecentScan,17.43175,,9.0,,,,0,IVMH,0,RecentScan
ivmh,No Repair,10,10,RecentScan,17.2235,,10.0,,,,0,IVMH,0,RecentScan
ivmh,No Repair,11,11,RecentScan,17.195792,,11.0,,,,0,IVMH,0,RecentScan
ivmh,No Repair,12,12,RecentScan,16.830625,,12.0,,,,0,IVMH,0,RecentScan
ivmh,No Repair,13,13,MarkTs,0.0,,13.0,,,,0,IVMH,0,
ivmh,No Repair,14,14,Update,0.010833,6.0,,,,,0,IVMH,0,Update
ivmh,No Repair,15,15,RecentScan,17.175334,,15.0,,,,0,IVMH,0,RecentScan
ivmh,No Repair,16,16,RecentScan,17.155334,,16.0,,,,0,IVMH,0,RecentScan
ivmh,No Repair,17,17,RecentScan,17.209625,,17.0,,,,0,IVMH,0,RecentScan
ivmh,No Repair,18,18,RecentScan,17.407166,,18.0,,,,0,IVMH,0,RecentScan
ivmh,No Repair,19,19,RecentScan,16.959542,,19.0,,,,0,IVMH,0,RecentScan
ivmh,No Repair,20,20,MarkTs,0.0,,20.0,,,,0,IVMH,0,
ivmh,No Repair,21,21,Update,0.013875,6.0,,,,,0,IVMH,0,Update
ivmh,No Repair,22,22,RecentScan,17.455542,,22.0,,,,0,IVMH,0,RecentScan
ivmh,No Repair,23,23,RecentScan,17.832625,,23.0,,,,0,IVMH,0,RecentScan
ivmh,No Repair,24,24,RecentScan,17.063417,,24.0,,,,0,IVMH,0,RecentScan
ivmh,No Repair,25,25,RecentScan,18.19975,,25.0,,,,0,IVMH,0,RecentScan
ivmh,No Repair,26,26,RecentScan,18.407041,,26.0,,,,0,IVMH,0,RecentScan
ivmh,No Repair,27,27,MarkTs,0.001209,,27.0,,,,0,IVMH,0,
ivmh,No Repair,28,28,Update,0.014584,6.0,,,,,0,IVMH,0,Update
ivmh,No Repair,29,29,RecentScan,18.283833,,29.0,,,,0,IVMH,0,RecentScan
ivmh,No Repair,30,30,RecentScan,18.173583,,30.0,,,,0,IVMH,0,RecentScan
ivmh,No Repair,31,31,RecentScan,18.562,,31.0,,,,0,IVMH,0,RecentScan
ivmh,No Repair,32,32,RecentScan,18.366083,,32.0,,,,0,IVMH,0,RecentScan
ivmh,No Repair,33,33,RecentScan,18.650958,,33.0,,,,0,IVMH,0,RecentScan
ivmh,No Repair,34,34,MarkTs,0.0,,34.0,,,,0,IVMH,0,
ivmh,No Repair,35,35,Update,0.01025,6.0,,,,,0,IVMH,0,Update
ivmh,No Repair,36,36,RecentScan,18.567125,,36.0,,,,0,IVMH,0,RecentScan
ivmh,No Repair,37,37,RecentScan,18.716458,,37.0,,,,0,IVMH,0,RecentScan
ivmh,No Repair,38,38,RecentScan,18.354916,,38.0,,,,0,IVMH,0,RecentScan
ivmh,No Repair,39,39,RecentScan,18.425,,39.0,,,,0,IVMH,0,RecentScan
ivmh,No Repair,40,40,RecentScan,17.521709,,40.0,,,,0,IVMH,0,RecentScan
ivmh,No Repair,41,41,MarkTs,0.0,,41.0,,,,0,IVMH,0,
ivmh,No Repair,42,42,Update,0.016457999999999997,6.0,,,,,0,IVMH,0,Update
ivmh,No Repair,43,43,RecentScan,17.414833,,43.0,,,,0,IVMH,0,RecentScan
ivmh,No Repair,44,44,RecentScan,18.432792,,44.0,,,,0,IVMH,0,RecentScan
ivmh,No Repair,45,45,RecentScan,17.923,,45.0,,,,0,IVMH,0,RecentScan
ivmh,No Repair,46,46,RecentScan,17.529208,,46.0,,,,0,IVMH,0,RecentScan
ivmh,No Repair,47,47,RecentScan,18.904459,,47.0,,,,0,IVMH,0,RecentScan
ivmh,No Repair,48,48,MarkTs,0.0,,48.0,,,,0,IVMH,0,
ivmh,No Repair,49,49,Update,0.010416,6.0,,,,,0,IVMH,0,Update
ivmh,No Repair,50,50,RecentScan,18.842208,,50.0,,,,0,IVMH,0,RecentScan
ivmh,No Repair,51,51,RecentScan,17.7615,,51.0,,,,0,IVMH,0,RecentScan
ivmh,No Repair,52,52,RecentScan,17.17325,,52.0,,,,0,IVMH,0,RecentScan
ivmh,No Repair,53,53,RecentScan,18.264125,,53.0,,,,0,IVMH,0,RecentScan
ivmh,No Repair,54,54,RecentScan,16.89975,,54.0,,,,0,IVMH,0,RecentScan
ivmh,No Repair,55,55,MarkTs,0.015917,,55.0,,,,0,IVMH,0,
ivmh,No Repair,56,56,Update,0.010917,6.0,,,,,0,IVMH,0,Update
ivmh,No Repair,57,57,RecentScan,17.034209,,57.0,,,,0,IVMH,0,RecentScan
ivmh,No Repair,58,58,RecentScan,17.835875,,58.0,,,,0,IVMH,0,RecentScan
ivmh,No Repair,59,59,RecentScan,18.474541,,59.0,,,,0,IVMH,0,RecentScan
ivmh,No Repair,60,60,RecentScan,18.128375,,60.0,,,,0,IVMH,0,RecentScan
ivmh,No Repair,61,61,RecentScan,18.041625,,61.0,,,,0,IVMH,0,RecentScan
ivmh,No Repair,62,62,MarkTs,0.0,,62.0,,,,0,IVMH,0,
ivmh,No Repair,63,63,Update,0.013417,6.0,,,,,0,IVMH,0,Update
ivmh,No Repair,64,64,RecentScan,17.811792,,64.0,,,,0,IVMH,0,RecentScan
ivmh,No Repair,65,65,RecentScan,18.031875,,65.0,,,,0,IVMH,0,RecentScan
ivmh,No Repair,66,66,RecentScan,17.614292,,66.0,,,,0,IVMH,0,RecentScan
ivmh,No Repair,67,67,RecentScan,17.914541,,67.0,,,,0,IVMH,0,RecentScan
ivmh,No Repair,68,68,RecentScan,16.966625,,68.0,,,,0,IVMH,0,RecentScan
ivmh,No Repair,69,69,MarkTs,0.0,,69.0,,,,0,IVMH,0,
ivmh,No Repair,70,70,Update,0.01125,6.0,,,,,0,IVMH,0,Update
ivmh,No Repair,71,71,RecentScan,17.034334,,71.0,,,,0,IVMH,0,RecentScan
ivmh,No Repair,72,72,RecentScan,17.188417,,72.0,,,,0,IVMH,0,RecentScan
ivmh,No Repair,73,73,RecentScan,18.32025,,73.0,,,,0,IVMH,0,RecentScan
ivmh,No Repair,74,74,RecentScan,18.216834,,74.0,,,,0,IVMH,0,RecentScan
ivmh,No Repair,75,75,RecentScan,17.6555,,75.0,,,,0,IVMH,0,RecentScan
ivmh,No Repair,76,76,MarkTs,0.0,,76.0,,,,0,IVMH,0,
ivmh,No Repair,77,77,Update,0.013542,6.0,,,,,0,IVMH,0,Update
ivmh,No Repair,78,78,RecentScan,17.432875,,78.0,,,,0,IVMH,0,RecentScan
ivmh,No Repair,79,79,RecentScan,17.434917,,79.0,,,,0,IVMH,0,RecentScan
ivmh,No Repair,80,80,RecentScan,17.517958,,80.0,,,,0,IVMH,0,RecentScan
ivmh,No Repair,81,81,RecentScan,17.674834,,81.0,,,,0,IVMH,0,RecentScan
ivmh,No Repair,82,82,RecentScan,17.6005,,82.0,,,,0,IVMH,0,RecentScan
ivmh,No Repair,83,83,MarkTs,0.0,,83.0,,,,0,IVMH,0,
ivmh,No Repair,84,84,Update,0.013583,6.0,,,,,0,IVMH,0,Update
ivmh,No Repair,85,85,RecentScan,17.684584,,85.0,,,,0,IVMH,0,RecentScan
ivmh,No Repair,86,86,RecentScan,17.042292,,86.0,,,,0,IVMH,0,RecentScan
ivmh,No Repair,87,87,RecentScan,17.897833,,87.0,,,,0,IVMH,0,RecentScan
ivmh,No Repair,88,88,RecentScan,17.979583,,88.0,,,,0,IVMH,0,RecentScan
ivmh,No Repair,89,89,RecentScan,17.612458,,89.0,,,,0,IVMH,0,RecentScan
ivmh,No Repair,90,90,MarkTs,0.0,,90.0,,,,0,IVMH,0,
ivmh,No Repair,91,91,Update,0.011833999999999999,6.0,,,,,0,IVMH,0,Update
ivmh,No Repair,92,92,RecentScan,17.710042,,92.0,,,,0,IVMH,0,RecentScan
ivmh,No Repair,93,93,RecentScan,17.2375,,93.0,,,,0,IVMH,0,RecentScan
ivmh,No Repair,94,94,RecentScan,16.947042,,94.0,,,,0,IVMH,0,RecentScan
ivmh,No Repair,95,95,RecentScan,17.488083,,95.0,,,,0,IVMH,0,RecentScan
ivmh,No Repair,96,96,RecentScan,17.242041,,96.0,,,,0,IVMH,0,RecentScan
ivmh,No Repair,97,97,MarkTs,0.0,,97.0,,,,0,IVMH,0,
ivmh,No Repair,98,98,Update,0.014416,6.0,,,,,0,IVMH,0,Update
ivmh,No Repair,99,99,RecentScan,17.363458,,99.0,,,,0,IVMH,0,RecentScan
ivmh,No Repair,100,100,RecentScan,17.138292,,100.0,,,,0,IVMH,0,RecentScan
ivmh,No Repair,101,101,RecentScan,17.7095,,101.0,,,,0,IVMH,0,RecentScan
ivmh,No Repair,102,102,RecentScan,16.918625,,102.0,,,,0,IVMH,0,RecentScan
ivmh,No Repair,103,103,RecentScan,17.790166,,103.0,,,,0,IVMH,0,RecentScan
ivmh,No Repair,104,104,MarkTs,0.0013340000000000001,,104.0,,,,0,IVMH,0,
ivmh,No Repair,105,105,Update,0.017917000000000002,6.0,,,,,0,IVMH,0,Update
ivmh,No Repair,106,106,RecentScan,17.523041,,106.0,,,,0,IVMH,0,RecentScan
ivmh,No Repair,107,107,RecentScan,18.560459,,107.0,,,,0,IVMH,0,RecentScan
ivmh,No Repair,108,108,RecentScan,21.105958,,108.0,,,,0,IVMH,0,RecentScan
ivmh,No Repair,109,109,RecentScan,20.104084,,109.0,,,,0,IVMH,0,RecentScan
ivmh,No Repair,110,110,RecentScan,19.905917,,110.0,,,,0,IVMH,0,RecentScan
ivmh,No Repair,111,111,MarkTs,0.001917,,111.0,,,,0,IVMH,0,
ivmh,No Repair,112,112,Update,0.015042,6.0,,,,,0,IVMH,0,Update
ivmh,No Repair,113,113,RecentScan,19.1975,,113.0,,,,0,IVMH,0,RecentScan
ivmh,No Repair,114,114,RecentScan,18.363125,,114.0,,,,0,IVMH,0,RecentScan
ivmh,No Repair,115,115,RecentScan,18.2875,,115.0,,,,0,IVMH,0,RecentScan
ivmh,No Repair,116,116,RecentScan,17.098083,,116.0,,,,0,IVMH,0,RecentScan
ivmh,No Repair,117,117,RecentScan,18.729917,,117.0,,,,0,IVMH,0,RecentScan
ivmh,No Repair,118,118,MarkTs,0.0,,118.0,,,,0,IVMH,0,
ivmh,No Repair,119,119,Update,0.010625,6.0,,,,,0,IVMH,0,Update
ivmh,No Repair,120,120,RecentScan,18.538375,,120.0,,,,0,IVMH,0,RecentScan
ivmh,No Repair,121,121,RecentScan,19.135292,,121.0,,,,0,IVMH,0,RecentScan
ivmh,No Repair,122,122,RecentScan,20.7655,,122.0,,,,0,IVMH,0,RecentScan
ivmh,No Repair,123,123,RecentScan,19.401834,,123.0,,,,0,IVMH,0,RecentScan
ivmh,No Repair,124,124,RecentScan,32.580542,,124.0,,,,0,IVMH,0,RecentScan
ivmh,No Repair,125,125,MarkTs,0.0,,125.0,,,,0,IVMH,0,
ivmh,No Repair,126,126,Update,0.027375,6.0,,,,,0,IVMH,0,Update
ivmh,No Repair,127,127,RecentScan,24.584166,,127.0,,,,0,IVMH,0,RecentScan
ivmh,No Repair,128,128,RecentScan,20.503958,,128.0,,,,0,IVMH,0,RecentScan
ivmh,No Repair,129,129,RecentScan,19.287,,129.0,,,,0,IVMH,0,RecentScan
ivmh,No Repair,130,130,RecentScan,17.709333,,130.0,,,,0,IVMH,0,RecentScan
ivmh,No Repair,131,131,RecentScan,18.90175,,131.0,,,,0,IVMH,0,RecentScan
ivmh,No Repair,132,132,MarkTs,0.0,,132.0,,,,0,IVMH,0,
ivmh,No Repair,133,133,Update,0.026041,6.0,,,,,0,IVMH,0,Update
ivmh,No Repair,134,134,RecentScan,16.569125,,134.0,,,,0,IVMH,0,RecentScan
ivmh,No Repair,135,135,RecentScan,17.129958,,135.0,,,,0,IVMH,0,RecentScan
ivmh,No Repair,136,136,RecentScan,17.854083,,136.0,,,,0,IVMH,0,RecentScan
ivmh,No Repair,137,137,RecentScan,17.405416,,137.0,,,,0,IVMH,0,RecentScan
ivmh,No Repair,138,138,RecentScan,17.944542,,138.0,,,,0,IVMH,0,RecentScan
ivmh,No Repair,139,139,MarkTs,0.0,,139.0,,,,0,IVMH,0,
ivmh,No Repair,140,140,Update,0.018041,6.0,,,,,0,IVMH,0,Update
ivmh,No Repair,0,0,InitLoad,14.295542,60000.0,,,,,1,IVMH,0,InitLoad
ivmh,No Repair,1,1,RecentScan,18.11475,,1.0,,,,1,IVMH,0,RecentScan
ivmh,No Repair,2,2,RecentScan,17.785875,,2.0,,,,1,IVMH,0,RecentScan
ivmh,No Repair,3,3,RecentScan,15.971375,,3.0,,,,1,IVMH,0,RecentScan
ivmh,No Repair,4,4,RecentScan,15.885083,,4.0,,,,1,IVMH,0,RecentScan
ivmh,No Repair,5,5,RecentScan,17.453583,,5.0,,,,1,IVMH,0,RecentScan
ivmh,No Repair,6,6,MarkTs,0.0010409999999999998,,6.0,,,,1,IVMH,0,
ivmh,No Repair,7,7,Update,0.015458,6.0,,,,,1,IVMH,0,Update
ivmh,No Repair,8,8,RecentScan,16.168958,,8.0,,,,1,IVMH,0,RecentScan
ivmh,No Repair,9,9,RecentScan,15.597667,,9.0,,,,1,IVMH,0,RecentScan
ivmh,No Repair,10,10,RecentScan,15.5255,,10.0,,,,1,IVMH,0,RecentScan
ivmh,No Repair,11,11,RecentScan,17.673667,,11.0,,,,1,IVMH,0,RecentScan
ivmh,No Repair,12,12,RecentScan,15.887708,,12.0,,,,1,IVMH,0,RecentScan
ivmh,No Repair,13,13,MarkTs,0.0,,13.0,,,,1,IVMH,0,
ivmh,No Repair,14,14,Update,0.011875,6.0,,,,,1,IVMH,0,Update
ivmh,No Repair,15,15,RecentScan,16.465334,,15.0,,,,1,IVMH,0,RecentScan
ivmh,No Repair,16,16,RecentScan,16.344208,,16.0,,,,1,IVMH,0,RecentScan
ivmh,No Repair,17,17,RecentScan,16.376792,,17.0,,,,1,IVMH,0,RecentScan
ivmh,No Repair,18,18,RecentScan,16.596,,18.0,,,,1,IVMH,0,RecentScan
ivmh,No Repair,19,19,RecentScan,18.22125,,19.0,,,,1,IVMH,0,RecentScan
ivmh,No Repair,20,20,MarkTs,0.0,,20.0,,,,1,IVMH,0,
ivmh,No Repair,21,21,Update,0.015042,6.0,,,,,1,IVMH,0,Update
ivmh,No Repair,22,22,RecentScan,15.747458,,22.0,,,,1,IVMH,0,RecentScan
ivmh,No Repair,23,23,RecentScan,15.456833,,23.0,,,,1,IVMH,0,RecentScan
ivmh,No Repair,24,24,RecentScan,15.895667,,24.0,,,,1,IVMH,0,RecentScan
ivmh,No Repair,25,25,RecentScan,17.835667,,25.0,,,,1,IVMH,0,RecentScan
ivmh,No Repair,26,26,RecentScan,16.1205,,26.0,,,,1,IVMH,0,RecentScan
ivmh,No Repair,27,27,MarkTs,0.001167,,27.0,,,,1,IVMH,0,
ivmh,No Repair,28,28,Update,0.018917000000000003,6.0,,,,,1,IVMH,0,Update
ivmh,No Repair,29,29,RecentScan,15.505166,,29.0,,,,1,IVMH,0,RecentScan
ivmh,No Repair,30,30,RecentScan,15.780125,,30.0,,,,1,IVMH,0,RecentScan
ivmh,No Repair,31,31,RecentScan,16.471542,,31.0,,,,1,IVMH,0,RecentScan
ivmh,No Repair,32,32,RecentScan,15.091334,,32.0,,,,1,IVMH,0,RecentScan
ivmh,No Repair,33,33,RecentScan,14.914958,,33.0,,,,1,IVMH,0,RecentScan
ivmh,No Repair,34,34,MarkTs,0.0,,34.0,,,,1,IVMH,0,
ivmh,No Repair,35,35,Update,0.013791000000000001,6.0,,,,,1,IVMH,0,Update
ivmh,No Repair,36,36,RecentScan,15.723417,,36.0,,,,1,IVMH,0,RecentScan
ivmh,No Repair,37,37,RecentScan,19.16325,,37.0,,,,1,IVMH,0,RecentScan
ivmh,No Repair,38,38,RecentScan,15.346584,,38.0,,,,1,IVMH,0,RecentScan
ivmh,No Repair,39,39,RecentScan,15.298667,,39.0,,,,1,IVMH,0,RecentScan
ivmh,No Repair,40,40,RecentScan,17.032333,,40.0,,,,1,IVMH,0,RecentScan
ivmh,No Repair,41,41,MarkTs,0.0,,41.0,,,,1,IVMH,0,
ivmh,No Repair,42,42,Update,0.02975,6.0,,,,,1,IVMH,0,Update
ivmh,No Repair,43,43,RecentScan,15.469333,,43.0,,,,1,IVMH,0,RecentScan
ivmh,No Repair,44,44,RecentScan,16.514041,,44.0,,,,1,IVMH,0,RecentScan
ivmh,No Repair,45,45,RecentScan,17.32325,,45.0,,,,1,IVMH,0,RecentScan
ivmh,No Repair,46,46,RecentScan,16.730708,,46.0,,,,1,IVMH,0,RecentScan
ivmh,No Repair,47,47,RecentScan,17.931875,,47.0,,,,1,IVMH,0,RecentScan
ivmh,No Repair,48,48,MarkTs,0.0,,48.0,,,,1,IVMH,0,
ivmh,No Repair,49,49,Update,0.016292,6.0,,,,,1,IVMH,0,Update
ivmh,No Repair,50,50,RecentScan,16.536084,,50.0,,,,1,IVMH,0,RecentScan
ivmh,No Repair,51,51,RecentScan,15.990625,,51.0,,,,1,IVMH,0,RecentScan
ivmh,No Repair,52,52,RecentScan,18.231917,,52.0,,,,1,IVMH,0,RecentScan
ivmh,No Repair,53,53,RecentScan,16.937167,,53.0,,,,1,IVMH,0,RecentScan
ivmh,No Repair,54,54,RecentScan,16.630375,,54.0,,,,1,IVMH,0,RecentScan
ivmh,No Repair,55,55,MarkTs,0.00125,,55.0,,,,1,IVMH,0,
ivmh,No Repair,56,56,Update,0.014,6.0,,,,,1,IVMH,0,Update
ivmh,No Repair,57,57,RecentScan,17.593916,,57.0,,,,1,IVMH,0,RecentScan
ivmh,No Repair,58,58,RecentScan,18.034333,,58.0,,,,1,IVMH,0,RecentScan
ivmh,No Repair,59,59,RecentScan,15.748208,,59.0,,,,1,IVMH,0,RecentScan
ivmh,No Repair,60,60,RecentScan,16.887875,,60.0,,,,1,IVMH,0,RecentScan
ivmh,No Repair,61,61,RecentScan,16.12075,,61.0,,,,1,IVMH,0,RecentScan
ivmh,No Repair,62,62,MarkTs,0.0,,62.0,,,,1,IVMH,0,
ivmh,No Repair,63,63,Update,0.013875,6.0,,,,,1,IVMH,0,Update
ivmh,No Repair,64,64,RecentScan,15.779208,,64.0,,,,1,IVMH,0,RecentScan
ivmh,No Repair,65,65,RecentScan,15.760208,,65.0,,,,1,IVMH,0,RecentScan
ivmh,No Repair,66,66,RecentScan,15.478458,,66.0,,,,1,IVMH,0,RecentScan
ivmh,No Repair,67,67,RecentScan,15.222916,,67.0,,,,1,IVMH,0,RecentScan
ivmh,No Repair,68,68,RecentScan,15.528083,,68.0,,,,1,IVMH,0,RecentScan
ivmh,No Repair,69,69,MarkTs,0.0,,69.0,,,,1,IVMH,0,
ivmh,No Repair,70,70,Update,0.021166,6.0,,,,,1,IVMH,0,Update
ivmh,No Repair,71,71,RecentScan,16.016041,,71.0,,,,1,IVMH,0,RecentScan
ivmh,No Repair,72,72,RecentScan,15.221333,,72.0,,,,1,IVMH,0,RecentScan
ivmh,No Repair,73,73,RecentScan,17.986792,,73.0,,,,1,IVMH,0,RecentScan
ivmh,No Repair,74,74,RecentScan,16.687958,,74.0,,,,1,IVMH,0,RecentScan
ivmh,No Repair,75,75,RecentScan,17.374792,,75.0,,,,1,IVMH,0,RecentScan
ivmh,No Repair,76,76,MarkTs,0.0,,76.0,,,,1,IVMH,0,
ivmh,No Repair,77,77,Update,0.022042000000000003,6.0,,,,,1,IVMH,0,Update
ivmh,No Repair,78,78,RecentScan,16.405125,,78.0,,,,1,IVMH,0,RecentScan
ivmh,No Repair,79,79,RecentScan,16.22925,,79.0,,,,1,IVMH,0,RecentScan
ivmh,No Repair,80,80,RecentScan,19.126834,,80.0,,,,1,IVMH,0,RecentScan
ivmh,No Repair,81,81,RecentScan,17.587417,,81.0,,,,1,IVMH,0,RecentScan
ivmh,No Repair,82,82,RecentScan,17.2655,,82.0,,,,1,IVMH,0,RecentScan
ivmh,No Repair,83,83,MarkTs,0.0,,83.0,,,,1,IVMH,0,
ivmh,No Repair,84,84,Update,0.026459,6.0,,,,,1,IVMH,0,Update
ivmh,No Repair,85,85,RecentScan,16.433958,,85.0,,,,1,IVMH,0,RecentScan
ivmh,No Repair,86,86,RecentScan,17.037625,,86.0,,,,1,IVMH,0,RecentScan
ivmh,No Repair,87,87,RecentScan,16.123125,,87.0,,,,1,IVMH,0,RecentScan
ivmh,No Repair,88,88,RecentScan,15.95625,,88.0,,,,1,IVMH,0,RecentScan
ivmh,No Repair,89,89,RecentScan,16.201666,,89.0,,,,1,IVMH,0,RecentScan
ivmh,No Repair,90,90,MarkTs,0.0,,90.0,,,,1,IVMH,0,
ivmh,No Repair,91,91,Update,0.02075,6.0,,,,,1,IVMH,0,Update
ivmh,No Repair,92,92,RecentScan,16.887208,,92.0,,,,1,IVMH,0,RecentScan
ivmh,No Repair,93,93,RecentScan,17.267167,,93.0,,,,1,IVMH,0,RecentScan
ivmh,No Repair,94,94,RecentScan,16.925541,,94.0,,,,1,IVMH,0,RecentScan
ivmh,No Repair,95,95,RecentScan,16.895292,,95.0,,,,1,IVMH,0,RecentScan
ivmh,No Repair,96,96,RecentScan,15.908042,,96.0,,,,1,IVMH,0,RecentScan
ivmh,No Repair,97,97,MarkTs,0.0,,97.0,,,,1,IVMH,0,
ivmh,No Repair,98,98,Update,0.017459,6.0,,,,,1,IVMH,0,Update
ivmh,No Repair,99,99,RecentScan,15.579542,,99.0,,,,1,IVMH,0,RecentScan
ivmh,No Repair,100,100,RecentScan,15.98625,,100.0,,,,1,IVMH,0,RecentScan
ivmh,No Repair,101,101,RecentScan,14.502042,,101.0,,,,1,IVMH,0,RecentScan
ivmh,No Repair,102,102,RecentScan,16.9915,,102.0,,,,1,IVMH,0,RecentScan
ivmh,No Repair,103,103,RecentScan,16.59175,,103.0,,,,1,IVMH,0,RecentScan
ivmh,No Repair,104,104,MarkTs,0.0025,,104.0,,,,1,IVMH,0,
ivmh,No Repair,105,105,Update,0.029958,6.0,,,,,1,IVMH,0,Update
ivmh,No Repair,106,106,RecentScan,18.3785,,106.0,,,,1,IVMH,0,RecentScan
ivmh,No Repair,107,107,RecentScan,16.837917,,107.0,,,,1,IVMH,0,RecentScan
ivmh,No Repair,108,108,RecentScan,18.890875,,108.0,,,,1,IVMH,0,RecentScan
ivmh,No Repair,109,109,RecentScan,15.917459,,109.0,,,,1,IVMH,0,RecentScan
ivmh,No Repair,110,110,RecentScan,17.720375,,110.0,,,,1,IVMH,0,RecentScan
ivmh,No Repair,111,111,MarkTs,0.0,,111.0,,,,1,IVMH,0,
ivmh,No Repair,112,112,Update,0.014708,6.0,,,,,1,IVMH,0,Update
ivmh,No Repair,113,113,RecentScan,18.016375,,113.0,,,,1,IVMH,0,RecentScan
ivmh,No Repair,114,114,RecentScan,17.939125,,114.0,,,,1,IVMH,0,RecentScan
ivmh,No Repair,115,115,RecentScan,15.636458,,115.0,,,,1,IVMH,0,RecentScan
ivmh,No Repair,116,116,RecentScan,15.27,,116.0,,,,1,IVMH,0,RecentScan
ivmh,No Repair,117,117,RecentScan,18.254708,,117.0,,,,1,IVMH,0,RecentScan
ivmh,No Repair,118,118,MarkTs,0.00125,,118.0,,,,1,IVMH,0,
ivmh,No Repair,119,119,Update,0.014791,6.0,,,,,1,IVMH,0,Update
ivmh,No Repair,120,120,RecentScan,15.1345,,120.0,,,,1,IVMH,0,RecentScan
ivmh,No Repair,121,121,RecentScan,16.414958,,121.0,,,,1,IVMH,0,RecentScan
ivmh,No Repair,122,122,RecentScan,17.182,,122.0,,,,1,IVMH,0,RecentScan
ivmh,No Repair,123,123,RecentScan,17.709333,,123.0,,,,1,IVMH,0,RecentScan
ivmh,No Repair,124,124,RecentScan,17.30425,,124.0,,,,1,IVMH,0,RecentScan
ivmh,No Repair,125,125,MarkTs,0.0,,125.0,,,,1,IVMH,0,
ivmh,No Repair,126,126,Update,0.018166,6.0,,,,,1,IVMH,0,Update
ivmh,No Repair,127,127,RecentScan,16.612292,,127.0,,,,1,IVMH,0,RecentScan
ivmh,No Repair,128,128,RecentScan,16.078583,,128.0,,,,1,IVMH,0,RecentScan
ivmh,No Repair,129,129,RecentScan,14.027542,,129.0,,,,1,IVMH,0,RecentScan
ivmh,No Repair,130,130,RecentScan,16.303834,,130.0,,,,1,IVMH,0,RecentScan
ivmh,No Repair,131,131,RecentScan,17.944958,,131.0,,,,1,IVMH,0,RecentScan
ivmh,No Repair,132,132,MarkTs,0.0,,132.0,,,,1,IVMH,0,
ivmh,No Repair,133,133,Update,0.03825,6.0,,,,,1,IVMH,0,Update
ivmh,No Repair,134,134,RecentScan,16.408,,134.0,,,,1,IVMH,0,RecentScan
ivmh,No Repair,135,135,RecentScan,16.914291,,135.0,,,,1,IVMH,0,RecentScan
ivmh,No Repair,136,136,RecentScan,17.594875,,136.0,,,,1,IVMH,0,RecentScan
ivmh,No Repair,137,137,RecentScan,15.909917,,137.0,,,,1,IVMH,0,RecentScan
ivmh,No Repair,138,138,RecentScan,15.132167,,138.0,,,,1,IVMH,0,RecentScan
ivmh,No Repair,139,139,MarkTs,0.0,,139.0,,,,1,IVMH,0,
ivmh,No Repair,140,140,Update,0.021,6.0,,,,,1,IVMH,0,Update
ivmh,No Repair,0,0,InitLoad,17.999583,60000.0,,,,,0,IVMH,1,InitLoad
ivmh,No Repair,1,1,RecentScan,19.4145,,1.0,,,,0,IVMH,1,RecentScan
ivmh,No Repair,2,2,RecentScan,22.9585,,2.0,,,,0,IVMH,1,RecentScan
ivmh,No Repair,3,3,RecentScan,17.729458,,3.0,,,,0,IVMH,1,RecentScan
ivmh,No Repair,4,4,RecentScan,19.617334,,4.0,,,,0,IVMH,1,RecentScan
ivmh,No Repair,5,5,RecentScan,16.938792,,5.0,,,,0,IVMH,1,RecentScan
ivmh,No Repair,6,6,MarkTs,0.001167,,6.0,,,,0,IVMH,1,
ivmh,No Repair,7,7,Update,0.016458999999999998,6.0,,,,,0,IVMH,1,Update
ivmh,No Repair,8,8,MarkTs,52.880084,,6.0,,,HistoryScan,0,IVMH,1,BuildSnap
ivmh,No Repair,8,8,HistoryScan,19.12475,,6.0,,,,0,IVMH,1,HistoryScan
ivmh,No Repair,9,9,RecentScan,18.12875,,9.0,,,,0,IVMH,1,RecentScan
ivmh,No Repair,10,10,RecentScan,17.8725,,10.0,,,,0,IVMH,1,RecentScan
ivmh,No Repair,11,11,RecentScan,18.389125,,11.0,,,,0,IVMH,1,RecentScan
ivmh,No Repair,12,12,RecentScan,18.577542,,12.0,,,,0,IVMH,1,RecentScan
ivmh,No Repair,13,13,MarkTs,0.0,,13.0,,,,0,IVMH,1,
ivmh,No Repair,14,14,Update,0.012625,6.0,,,,,0,IVMH,1,Update
ivmh,No Repair,15,15,RecentScan,17.465625,,15.0,,,,0,IVMH,1,RecentScan
ivmh,No Repair,16,16,RecentScan,18.064166,,16.0,,,,0,IVMH,1,RecentScan
ivmh,No Repair,17,17,RecentScan,17.459,,17.0,,,,0,IVMH,1,RecentScan
ivmh,No Repair,18,18,RecentScan,17.185042,,18.0,,,,0,IVMH,1,RecentScan
ivmh,No Repair,19,19,RecentScan,17.697417,,19.0,,,,0,IVMH,1,RecentScan
ivmh,No Repair,20,20,MarkTs,0.0,,20.0,,,,0,IVMH,1,
ivmh,No Repair,21,21,Update,0.015334,6.0,,,,,0,IVMH,1,Update
ivmh,No Repair,22,22,RecentScan,17.157916,,22.0,,,,0,IVMH,1,RecentScan
ivmh,No Repair,23,23,RecentScan,16.293083,,23.0,,,,0,IVMH,1,RecentScan
ivmh,No Repair,24,24,RecentScan,17.552333,,24.0,,,,0,IVMH,1,RecentScan
ivmh,No Repair,25,25,RecentScan,17.596291,,25.0,,,,0,IVMH,1,RecentScan
ivmh,No Repair,26,26,RecentScan,18.367208,,26.0,,,,0,IVMH,1,RecentScan
ivmh,No Repair,27,27,MarkTs,0.001167,,27.0,,,,0,IVMH,1,
ivmh,No Repair,28,28,Update,0.016167,6.0,,,,,0,IVMH,1,Update
ivmh,No Repair,29,29,RecentScan,17.136542,,29.0,,,,0,IVMH,1,RecentScan
ivmh,No Repair,30,30,RecentScan,18.261166,,30.0,,,,0,IVMH,1,RecentScan
ivmh,No Repair,31,31,RecentScan,16.962667,,31.0,,,,0,IVMH,1,RecentScan
ivmh,No Repair,32,32,RecentScan,16.43425,,32.0,,,,0,IVMH,1,RecentScan
ivmh,No Repair,33,33,RecentScan,17.623,,33.0,,,,0,IVMH,1,RecentScan
ivmh,No Repair,34,34,MarkTs,0.0012079999999999999,,34.0,,,,0,IVMH,1,
ivmh,No Repair,35,35,Update,0.012208,6.0,,,,,0,IVMH,1,Update
ivmh,No Repair,36,36,RecentScan,17.117583,,36.0,,,,0,IVMH,1,RecentScan
ivmh,No Repair,37,37,RecentScan,19.025083,,37.0,,,,0,IVMH,1,RecentScan
ivmh,No Repair,38,38,RecentScan,17.265708,,38.0,,,,0,IVMH,1,RecentScan
ivmh,No Repair,39,39,RecentScan,17.107083,,39.0,,,,0,IVMH,1,RecentScan
ivmh,No Repair,40,40,RecentScan,16.893083,,40.0,,,,0,IVMH,1,RecentScan
ivmh,No Repair,41,41,MarkTs,0.0,,41.0,,,,0,IVMH,1,
ivmh,No Repair,42,42,Update,0.018708,6.0,,,,,0,IVMH,1,Update
ivmh,No Repair,43,43,RecentScan,17.333875,,43.0,,,,0,IVMH,1,RecentScan
ivmh,No Repair,44,44,RecentScan,17.804583,,44.0,,,,0,IVMH,1,RecentScan
ivmh,No Repair,45,45,RecentScan,19.096417,,45.0,,,,0,IVMH,1,RecentScan
ivmh,No Repair,46,46,RecentScan,18.451875,,46.0,,,,0,IVMH,1,RecentScan
ivmh,No Repair,47,47,RecentScan,18.523875,,47.0,,,,0,IVMH,1,RecentScan
ivmh,No Repair,48,48,MarkTs,0.0,,48.0,,,,0,IVMH,1,
ivmh,No Repair,49,49,Update,0.017041,6.0,,,,,0,IVMH,1,Update
ivmh,No Repair,50,50,RecentScan,18.50475,,50.0,,,,0,IVMH,1,RecentScan
ivmh,No Repair,51,51,RecentScan,18.801375,,51.0,,,,0,IVMH,1,RecentScan
ivmh,No Repair,52,52,RecentScan,17.785875,,52.0,,,,0,IVMH,1,RecentScan
ivmh,No Repair,53,53,RecentScan,19.076959,,53.0,,,,0,IVMH,1,RecentScan
ivmh,No Repair,54,54,RecentScan,19.774625,,54.0,,,,0,IVMH,1,RecentScan
ivmh,No Repair,55,55,MarkTs,0.001583,,55.0,,,,0,IVMH,1,
ivmh,No Repair,56,56,Update,0.022625,6.0,,,,,0,IVMH,1,Update
ivmh,No Repair,57,57,RecentScan,18.172666,,57.0,,,,0,IVMH,1,RecentScan
ivmh,No Repair,58,58,RecentScan,18.407333,,58.0,,,,0,IVMH,1,RecentScan
ivmh,No Repair,59,59,RecentScan,18.612416,,59.0,,,,0,IVMH,1,RecentScan
ivmh,No Repair,60,60,RecentScan,17.158708,,60.0,,,,0,IVMH,1,RecentScan
ivmh,No Repair,61,61,RecentScan,17.4745,,61.0,,,,0,IVMH,1,RecentScan
ivmh,No Repair,62,62,MarkTs,0.0,,62.0,,,,0,IVMH,1,
ivmh,No Repair,63,63,Update,0.014166999999999999,6.0,,,,,0,IVMH,1,Update
ivmh,No Repair,64,64,RecentScan,17.15325,,64.0,,,,0,IVMH,1,RecentScan
ivmh,No Repair,65,65,RecentScan,16.897625,,65.0,,,,0,IVMH,1,RecentScan
ivmh,No Repair,66,66,RecentScan,17.0005,,66.0,,,,0,IVMH,1,RecentScan
ivmh,No Repair,67,67,RecentScan,18.429083,,67.0,,,,0,IVMH,1,RecentScan
ivmh,No Repair,68,68,RecentScan,17.72375,,68.0,,,,0,IVMH,1,RecentScan
ivmh,No Repair,69,69,MarkTs,0.0,,69.0,,,,0,IVMH,1,
ivmh,No Repair,70,70,Update,0.011916,6.0,,,,,0,IVMH,1,Update
ivmh,No Repair,71,71,RecentScan,17.009792,,71.0,,,,0,IVMH,1,RecentScan
ivmh,No Repair,72,72,RecentScan,17.779209,,72.0,,,,0,IVMH,1,RecentScan
ivmh,No Repair,73,73,RecentScan,17.74075,,73.0,,,,0,IVMH,1,RecentScan
ivmh,No Repair,74,74,RecentScan,17.598125,,74.0,,,,0,IVMH,1,RecentScan
ivmh,No Repair,75,75,RecentScan,17.310834,,75.0,,,,0,IVMH,1,RecentScan
ivmh,No Repair,76,76,MarkTs,0.0,,76.0,,,,0,IVMH,1,
ivmh,No Repair,77,77,Update,0.01325,6.0,,,,,0,IVMH,1,Update
ivmh,No Repair,78,78,RecentScan,17.664875,,78.0,,,,0,IVMH,1,RecentScan
ivmh,No Repair,79,79,RecentScan,17.054667,,79.0,,,,0,IVMH,1,RecentScan
ivmh,No Repair,80,80,RecentScan,16.90225,,80.0,,,,0,IVMH,1,RecentScan
ivmh,No Repair,81,81,RecentScan,17.103084,,81.0,,,,0,IVMH,1,RecentScan
ivmh,No Repair,82,82,RecentScan,18.014666,,82.0,,,,0,IVMH,1,RecentScan
ivmh,No Repair,83,83,MarkTs,0.0,,83.0,,,,0,IVMH,1,
ivmh,No Repair,84,84,Update,0.019666,6.0,,,,,0,IVMH,1,Update
ivmh,No Repair,85,85,RecentScan,18.018208,,85.0,,,,0,IVMH,1,RecentScan
ivmh,No Repair,86,86,RecentScan,17.202333,,86.0,,,,0,IVMH,1,RecentScan
ivmh,No Repair,87,87,RecentScan,17.441125,,87.0,,,,0,IVMH,1,RecentScan
ivmh,No Repair,88,88,RecentScan,17.102417,,88.0,,,,0,IVMH,1,RecentScan
ivmh,No Repair,89,89,RecentScan,16.759917,,89.0,,,,0,IVMH,1,RecentScan
ivmh,No Repair,90,90,MarkTs,0.0,,90.0,,,,0,IVMH,1,
ivmh,No Repair,91,91,Update,0.013208000000000001,6.0,,,,,0,IVMH,1,Update
ivmh,No Repair,92,92,RecentScan,18.14325,,92.0,,,,0,IVMH,1,RecentScan
ivmh,No Repair,93,93,RecentScan,18.47825,,93.0,,,,0,IVMH,1,RecentScan
ivmh,No Repair,94,94,RecentScan,17.582334,,94.0,,,,0,IVMH,1,RecentScan
ivmh,No Repair,95,95,RecentScan,18.144167,,95.0,,,,0,IVMH,1,RecentScan
ivmh,No Repair,96,96,RecentScan,17.036083,,96.0,,,,0,IVMH,1,RecentScan
ivmh,No Repair,97,97,MarkTs,0.0,,97.0,,,,0,IVMH,1,
ivmh,No Repair,98,98,Update,0.015042,6.0,,,,,0,IVMH,1,Update
ivmh,No Repair,99,99,RecentScan,18.634583,,99.0,,,,0,IVMH,1,RecentScan
ivmh,No Repair,100,100,RecentScan,17.195375,,100.0,,,,0,IVMH,1,RecentScan
ivmh,No Repair,101,101,RecentScan,18.226,,101.0,,,,0,IVMH,1,RecentScan
ivmh,No Repair,102,102,RecentScan,17.581625,,102.0,,,,0,IVMH,1,RecentScan
ivmh,No Repair,103,103,RecentScan,17.736084,,103.0,,,,0,IVMH,1,RecentScan
ivmh,No Repair,104,104,MarkTs,0.001375,,104.0,,,,0,IVMH,1,
ivmh,No Repair,105,105,Update,0.016582999999999997,6.0,,,,,0,IVMH,1,Update
ivmh,No Repair,106,106,RecentScan,18.043167,,106.0,,,,0,IVMH,1,RecentScan
ivmh,No Repair,107,107,RecentScan,18.208125,,107.0,,,,0,IVMH,1,RecentScan
ivmh,No Repair,108,108,RecentScan,17.277041,,108.0,,,,0,IVMH,1,RecentScan
ivmh,No Repair,109,109,RecentScan,18.037,,109.0,,,,0,IVMH,1,RecentScan
ivmh,No Repair,110,110,RecentScan,17.357667,,110.0,,,,0,IVMH,1,RecentScan
ivmh,No Repair,111,111,MarkTs,0.0,,111.0,,,,0,IVMH,1,
ivmh,No Repair,112,112,Update,0.009625,6.0,,,,,0,IVMH,1,Update
ivmh,No Repair,113,113,RecentScan,17.814875,,113.0,,,,0,IVMH,1,RecentScan
ivmh,No Repair,114,114,RecentScan,17.237625,,114.0,,,,0,IVMH,1,RecentScan
ivmh,No Repair,115,115,RecentScan,17.557,,115.0,,,,0,IVMH,1,RecentScan
ivmh,No Repair,116,116,RecentScan,17.788792,,116.0,,,,0,IVMH,1,RecentScan
ivmh,No Repair,117,117,RecentScan,17.813375,,117.0,,,,0,IVMH,1,RecentScan
ivmh,No Repair,118,118,MarkTs,0.0,,118.0,,,,0,IVMH,1,
ivmh,No Repair,119,119,Update,0.01075,6.0,,,,,0,IVMH,1,Update
ivmh,No Repair,120,120,RecentScan,17.993375,,120.0,,,,0,IVMH,1,RecentScan
ivmh,No Repair,121,121,RecentScan,17.649584,,121.0,,,,0,IVMH,1,RecentScan
ivmh,No Repair,122,122,RecentScan,17.409917,,122.0,,,,0,IVMH,1,RecentScan
ivmh,No Repair,123,123,RecentScan,18.249542,,123.0,,,,0,IVMH,1,RecentScan
ivmh,No Repair,124,124,RecentScan,17.280209,,124.0,,,,0,IVMH,1,RecentScan
ivmh,No Repair,125,125,MarkTs,0.0,,125.0,,,,0,IVMH,1,
ivmh,No Repair,126,126,Update,0.012708,6.0,,,,,0,IVMH,1,Update
ivmh,No Repair,127,127,RecentScan,18.7585,,127.0,,,,0,IVMH,1,RecentScan
ivmh,No Repair,128,128,RecentScan,17.63725,,128.0,,,,0,IVMH,1,RecentScan
ivmh,No Repair,129,129,RecentScan,17.140458,,129.0,,,,0,IVMH,1,RecentScan
ivmh,No Repair,130,130,RecentScan,18.525125,,130.0,,,,0,IVMH,1,RecentScan
ivmh,No Repair,131,131,RecentScan,18.434583,,131.0,,,,0,IVMH,1,RecentScan
ivmh,No Repair,132,132,MarkTs,0.0,,132.0,,,,0,IVMH,1,
ivmh,No Repair,133,133,Update,0.027125,6.0,,,,,0,IVMH,1,Update
ivmh,No Repair,134,134,RecentScan,17.866958,,134.0,,,,0,IVMH,1,RecentScan
ivmh,No Repair,135,135,RecentScan,16.816,,135.0,,,,0,IVMH,1,RecentScan
ivmh,No Repair,136,136,RecentScan,17.001542,,136.0,,,,0,IVMH,1,RecentScan
ivmh,No Repair,137,137,RecentScan,17.203875,,137.0,,,,0,IVMH,1,RecentScan
ivmh,No Repair,138,138,RecentScan,16.904916,,138.0,,,,0,IVMH,1,RecentScan
ivmh,No Repair,139,139,MarkTs,0.0,,139.0,,,,0,IVMH,1,
ivmh,No Repair,140,140,Update,0.014166999999999999,6.0,,,,,0,IVMH,1,Update
ivmh,No Repair,0,0,InitLoad,14.544708,60000.0,,,,,1,IVMH,1,InitLoad
ivmh,No Repair,1,1,RecentScan,18.685417,,1.0,,,,1,IVMH,1,RecentScan
ivmh,No Repair,2,2,RecentScan,18.327708,,2.0,,,,1,IVMH,1,RecentScan
ivmh,No Repair,3,3,RecentScan,15.036125,,3.0,,,,1,IVMH,1,RecentScan
ivmh,No Repair,4,4,RecentScan,16.147958,,4.0,,,,1,IVMH,1,RecentScan
ivmh,No Repair,5,5,RecentScan,16.2515,,5.0,,,,1,IVMH,1,RecentScan
ivmh,No Repair,6,6,MarkTs,0.0,,6.0,,,,1,IVMH,1,
ivmh,No Repair,7,7,Update,0.014792,6.0,,,,,1,IVMH,1,Update
ivmh,No Repair,8,8,MarkTs,49.965791,,6.0,,,HistoryScan,1,IVMH,1,BuildSnap
ivmh,No Repair,8,8,HistoryScan,18.110167,,6.0,,,,1,IVMH,1,HistoryScan
ivmh,No Repair,9,9,RecentScan,16.425042,,9.0,,,,1,IVMH,1,RecentScan
ivmh,No Repair,10,10,RecentScan,16.661292,,10.0,,,,1,IVMH,1,RecentScan
ivmh,No Repair,11,11,RecentScan,16.506208,,11.0,,,,1,IVMH,1,RecentScan
ivmh,No Repair,12,12,RecentScan,16.271625,,12.0,,,,1,IVMH,1,RecentScan
ivmh,No Repair,13,13,MarkTs,0.0,,13.0,,,,1,IVMH,1,
ivmh,No Repair,14,14,Update,0.011125,6.0,,,,,1,IVMH,1,Update
ivmh,No Repair,15,15,RecentScan,17.199667,,15.0,,,,1,IVMH,1,RecentScan
ivmh,No Repair,16,16,RecentScan,17.762625,,16.0,,,,1,IVMH,1,RecentScan
ivmh,No Repair,17,17,RecentScan,16.16675,,17.0,,,,1,IVMH,1,RecentScan
ivmh,No Repair,18,18,RecentScan,16.042875,,18.0,,,,1,IVMH,1,RecentScan
ivmh,No Repair,19,19,RecentScan,15.046333,,19.0,,,,1,IVMH,1,RecentScan
ivmh,No Repair,20,20,MarkTs,0.0,,20.0,,,,1,IVMH,1,
ivmh,No Repair,21,21,Update,0.014875,6.0,,,,,1,IVMH,1,Update
ivmh,No Repair,22,22,RecentScan,15.704125,,22.0,,,,1,IVMH,1,RecentScan
ivmh,No Repair,23,23,RecentScan,16.080125,,23.0,,,,1,IVMH,1,RecentScan
ivmh,No Repair,24,24,RecentScan,16.490125,,24.0,,,,1,IVMH,1,RecentScan
ivmh,No Repair,25,25,RecentScan,17.892875,,25.0,,,,1,IVMH,1,RecentScan
ivmh,No Repair,26,26,RecentScan,17.31325,,26.0,,,,1,IVMH,1,RecentScan
ivmh,No Repair,27,27,MarkTs,0.001875,,27.0,,,,1,IVMH,1,
ivmh,No Repair,28,28,Update,0.016792,6.0,,,,,1,IVMH,1,Update
ivmh,No Repair,29,29,RecentScan,16.383708,,29.0,,,,1,IVMH,1,RecentScan
ivmh,No Repair,30,30,RecentScan,16.25925,,30.0,,,,1,IVMH,1,RecentScan
ivmh,No Repair,31,31,RecentScan,15.690583,,31.0,,,,1,IVMH,1,RecentScan
ivmh,No Repair,32,32,RecentScan,17.221125,,32.0,,,,1,IVMH,1,RecentScan
ivmh,No Repair,33,33,RecentScan,16.821667,,33.0,,,,1,IVMH,1,RecentScan
ivmh,No Repair,34,34,MarkTs,0.0,,34.0,,,,1,IVMH,1,
ivmh,No Repair,35,35,Update,0.010791,6.0,,,,,1,IVMH,1,Update
ivmh,No Repair,36,36,RecentScan,15.976291,,36.0,,,,1,IVMH,1,RecentScan
ivmh,No Repair,37,37,RecentScan,15.680375,,37.0,,,,1,IVMH,1,RecentScan
ivmh,No Repair,38,38,RecentScan,16.733583,,38.0,,,,1,IVMH,1,RecentScan
ivmh,No Repair,39,39,RecentScan,17.6255,,39.0,,,,1,IVMH,1,RecentScan
ivmh,No Repair,40,40,RecentScan,16.110625,,40.0,,,,1,IVMH,1,RecentScan
ivmh,No Repair,41,41,MarkTs,0.0,,41.0,,,,1,IVMH,1,
ivmh,No Repair,42,42,Update,0.018417000000000003,6.0,,,,,1,IVMH,1,Update
ivmh,No Repair,43,43,RecentScan,15.862958,,43.0,,,,1,IVMH,1,RecentScan
ivmh,No Repair,44,44,RecentScan,16.687958,,44.0,,,,1,IVMH,1,RecentScan
ivmh,No Repair,45,45,RecentScan,15.826291,,45.0,,,,1,IVMH,1,RecentScan
ivmh,No Repair,46,46,RecentScan,16.450708,,46.0,,,,1,IVMH,1,RecentScan
ivmh,No Repair,47,47,RecentScan,16.3775,,47.0,,,,1,IVMH,1,RecentScan
ivmh,No Repair,48,48,MarkTs,0.0,,48.0,,,,1,IVMH,1,
ivmh,No Repair,49,49,Update,0.011375,6.0,,,,,1,IVMH,1,Update
ivmh,No Repair,50,50,RecentScan,15.929458,,50.0,,,,1,IVMH,1,RecentScan
ivmh,No Repair,51,51,RecentScan,15.127584,,51.0,,,,1,IVMH,1,RecentScan
ivmh,No Repair,52,52,RecentScan,15.512041,,52.0,,,,1,IVMH,1,RecentScan
ivmh,No Repair,53,53,RecentScan,15.688667,,53.0,,,,1,IVMH,1,RecentScan
ivmh,No Repair,54,54,RecentScan,15.766458,,54.0,,,,1,IVMH,1,RecentScan
ivmh,No Repair,55,55,MarkTs,0.001167,,55.0,,,,1,IVMH,1,
ivmh,No Repair,56,56,Update,0.011166,6.0,,,,,1,IVMH,1,Update
ivmh,No Repair,57,57,RecentScan,16.334125,,57.0,,,,1,IVMH,1,RecentScan
ivmh,No Repair,58,58,RecentScan,15.969,,58.0,,,,1,IVMH,1,RecentScan
ivmh,No Repair,59,59,RecentScan,15.049083,,59.0,,,,1,IVMH,1,RecentScan
ivmh,No Repair,60,60,RecentScan,13.857917,,60.0,,,,1,IVMH,1,RecentScan
ivmh,No Repair,61,61,RecentScan,15.730584,,61.0,,,,1,IVMH,1,RecentScan
ivmh,No Repair,62,62,MarkTs,0.0,,62.0,,,,1,IVMH,1,
ivmh,No Repair,63,63,Update,0.013791000000000001,6.0,,,,,1,IVMH,1,Update
ivmh,No Repair,64,64,RecentScan,15.222375,,64.0,,,,1,IVMH,1,RecentScan
ivmh,No Repair,65,65,RecentScan,16.517667,,65.0,,,,1,IVMH,1,RecentScan
ivmh,No Repair,66,66,RecentScan,17.866375,,66.0,,,,1,IVMH,1,RecentScan
ivmh,No Repair,67,67,RecentScan,16.095417,,67.0,,,,1,IVMH,1,RecentScan
ivmh,No Repair,68,68,RecentScan,15.584916,,68.0,,,,1,IVMH,1,RecentScan
ivmh,No Repair,69,69,MarkTs,0.0,,69.0,,,,1,IVMH,1,
ivmh,No Repair,70,70,Update,0.011792,6.0,,,,,1,IVMH,1,Update
ivmh,No Repair,71,71,RecentScan,16.684417,,71.0,,,,1,IVMH,1,RecentScan
ivmh,No Repair,72,72,RecentScan,16.36275,,72.0,,,,1,IVMH,1,RecentScan
ivmh,No Repair,73,73,RecentScan,16.640458,,73.0,,,,1,IVMH,1,RecentScan
ivmh,No Repair,74,74,RecentScan,16.123208,,74.0,,,,1,IVMH,1,RecentScan
ivmh,No Repair,75,75,RecentScan,16.730125,,75.0,,,,1,IVMH,1,RecentScan
ivmh,No Repair,76,76,MarkTs,0.0,,76.0,,,,1,IVMH,1,
ivmh,No Repair,77,77,Update,0.017082999999999997,6.0,,,,,1,IVMH,1,Update
ivmh,No Repair,78,78,RecentScan,16.367875,,78.0,,,,1,IVMH,1,RecentScan
ivmh,No Repair,79,79,RecentScan,15.932208,,79.0,,,,1,IVMH,1,RecentScan
ivmh,No Repair,80,80,RecentScan,16.039875,,80.0,,,,1,IVMH,1,RecentScan
ivmh,No Repair,81,81,RecentScan,15.878083,,81.0,,,,1,IVMH,1,RecentScan
ivmh,No Repair,82,82,RecentScan,16.571167,,82.0,,,,1,IVMH,1,RecentScan
ivmh,No Repair,83,83,MarkTs,0.0,,83.0,,,,1,IVMH,1,
ivmh,No Repair,84,84,Update,0.014833,6.0,,,,,1,IVMH,1,Update
ivmh,No Repair,85,85,RecentScan,16.009125,,85.0,,,,1,IVMH,1,RecentScan
ivmh,No Repair,86,86,RecentScan,15.65275,,86.0,,,,1,IVMH,1,RecentScan
ivmh,No Repair,87,87,RecentScan,15.701208,,87.0,,,,1,IVMH,1,RecentScan
ivmh,No Repair,88,88,RecentScan,15.85175,,88.0,,,,1,IVMH,1,RecentScan
ivmh,No Repair,89,89,RecentScan,15.843291,,89.0,,,,1,IVMH,1,RecentScan
ivmh,No Repair,90,90,MarkTs,0.0,,90.0,,,,1,IVMH,1,
ivmh,No Repair,91,91,Update,0.012583,6.0,,,,,1,IVMH,1,Update
ivmh,No Repair,92,92,RecentScan,16.28225,,92.0,,,,1,IVMH,1,RecentScan
ivmh,No Repair,93,93,RecentScan,16.607,,93.0,,,,1,IVMH,1,RecentScan
ivmh,No Repair,94,94,RecentScan,15.60375,,94.0,,,,1,IVMH,1,RecentScan
ivmh,No Repair,95,95,RecentScan,15.298166,,95.0,,,,1,IVMH,1,RecentScan
ivmh,No Repair,96,96,RecentScan,16.4625,,96.0,,,,1,IVMH,1,RecentScan
ivmh,No Repair,97,97,MarkTs,0.0,,97.0,,,,1,IVMH,1,
ivmh,No Repair,98,98,Update,0.013792,6.0,,,,,1,IVMH,1,Update
ivmh,No Repair,99,99,RecentScan,15.6965,,99.0,,,,1,IVMH,1,RecentScan
ivmh,No Repair,100,100,RecentScan,14.480958,,100.0,,,,1,IVMH,1,RecentScan
ivmh,No Repair,101,101,RecentScan,16.514417,,101.0,,,,1,IVMH,1,RecentScan
ivmh,No Repair,102,102,RecentScan,16.684208,,102.0,,,,1,IVMH,1,RecentScan
ivmh,No Repair,103,103,RecentScan,17.022875,,103.0,,,,1,IVMH,1,RecentScan
ivmh,No Repair,104,104,MarkTs,0.001417,,104.0,,,,1,IVMH,1,
ivmh,No Repair,105,105,Update,0.016417,6.0,,,,,1,IVMH,1,Update
ivmh,No Repair,106,106,RecentScan,14.510834,,106.0,,,,1,IVMH,1,RecentScan
ivmh,No Repair,107,107,RecentScan,15.748083,,107.0,,,,1,IVMH,1,RecentScan
ivmh,No Repair,108,108,RecentScan,15.982917,,108.0,,,,1,IVMH,1,RecentScan
ivmh,No Repair,109,109,RecentScan,16.484833,,109.0,,,,1,IVMH,1,RecentScan
ivmh,No Repair,110,110,RecentScan,15.914667,,110.0,,,,1,IVMH,1,RecentScan
ivmh,No Repair,111,111,MarkTs,0.0,,111.0,,,,1,IVMH,1,
ivmh,No Repair,112,112,Update,0.0085,6.0,,,,,1,IVMH,1,Update
ivmh,No Repair,113,113,RecentScan,16.644125,,113.0,,,,1,IVMH,1,RecentScan
ivmh,No Repair,114,114,RecentScan,15.827167,,114.0,,,,1,IVMH,1,RecentScan
ivmh,No Repair,115,115,RecentScan,15.662667,,115.0,,,,1,IVMH,1,RecentScan
ivmh,No Repair,116,116,RecentScan,15.707709,,116.0,,,,1,IVMH,1,RecentScan
ivmh,No Repair,117,117,RecentScan,16.533708,,117.0,,,,1,IVMH,1,RecentScan
ivmh,No Repair,118,118,MarkTs,0.0,,118.0,,,,1,IVMH,1,
ivmh,No Repair,119,119,Update,0.009583,6.0,,,,,1,IVMH,1,Update
ivmh,No Repair,120,120,RecentScan,16.010333,,120.0,,,,1,IVMH,1,RecentScan
ivmh,No Repair,121,121,RecentScan,15.718916,,121.0,,,,1,IVMH,1,RecentScan
ivmh,No Repair,122,122,RecentScan,15.670583,,122.0,,,,1,IVMH,1,RecentScan
ivmh,No Repair,123,123,RecentScan,15.285334,,123.0,,,,1,IVMH,1,RecentScan
ivmh,No Repair,124,124,RecentScan,15.793916,,124.0,,,,1,IVMH,1,RecentScan
ivmh,No Repair,125,125,MarkTs,0.0,,125.0,,,,1,IVMH,1,
ivmh,No Repair,126,126,Update,0.012291999999999999,6.0,,,,,1,IVMH,1,Update
ivmh,No Repair,127,127,RecentScan,15.073791,,127.0,,,,1,IVMH,1,RecentScan
ivmh,No Repair,128,128,RecentScan,15.594125,,128.0,,,,1,IVMH,1,RecentScan
ivmh,No Repair,129,129,RecentScan,15.92975,,129.0,,,,1,IVMH,1,RecentScan
ivmh,No Repair,130,130,RecentScan,15.525875,,130.0,,,,1,IVMH,1,RecentScan
ivmh,No Repair,131,131,RecentScan,15.459583,,131.0,,,,1,IVMH,1,RecentScan
ivmh,No Repair,132,132,MarkTs,0.0,,132.0,,,,1,IVMH,1,
ivmh,No Repair,133,133,Update,0.0215,6.0,,,,,1,IVMH,1,Update
ivmh,No Repair,134,134,RecentScan,16.360208,,134.0,,,,1,IVMH,1,RecentScan
ivmh,No Repair,135,135,RecentScan,15.835209,,135.0,,,,1,IVMH,1,RecentScan
ivmh,No Repair,136,136,RecentScan,16.102542,,136.0,,,,1,IVMH,1,RecentScan
ivmh,No Repair,137,137,RecentScan,15.717834,,137.0,,,,1,IVMH,1,RecentScan
ivmh,No Repair,138,138,RecentScan,16.650834,,138.0,,,,1,IVMH,1,RecentScan
ivmh,No Repair,139,139,MarkTs,0.0,,139.0,,,,1,IVMH,1,
ivmh,No Repair,140,140,Update,0.013208000000000001,6.0,,,,,1,IVMH,1,Update
ivmh,No Repair,0,0,InitLoad,14.265625,60000.0,,,,,0,IVMH,2,InitLoad
ivmh,No Repair,1,1,RecentScan,18.37325,,1.0,,,,0,IVMH,2,RecentScan
ivmh,No Repair,2,2,RecentScan,16.373,,2.0,,,,0,IVMH,2,RecentScan
ivmh,No Repair,3,3,RecentScan,17.283042,,3.0,,,,0,IVMH,2,RecentScan
ivmh,No Repair,4,4,RecentScan,16.569,,4.0,,,,0,IVMH,2,RecentScan
ivmh,No Repair,5,5,RecentScan,16.750708,,5.0,,,,0,IVMH,2,RecentScan
ivmh,No Repair,6,6,MarkTs,0.001083,,6.0,,,,0,IVMH,2,
ivmh,No Repair,7,7,Update,0.018416000000000002,6.0,,,,,0,IVMH,2,Update
ivmh,No Repair,8,8,MarkTs,52.400375,,6.0,,,HistoryScan,0,IVMH,2,BuildSnap
ivmh,No Repair,8,8,HistoryScan,17.4825,,6.0,,,,0,IVMH,2,HistoryScan
ivmh,No Repair,9,9,RecentScan,16.432333,,9.0,,,,0,IVMH,2,RecentScan
ivmh,No Repair,10,10,RecentScan,16.28225,,10.0,,,,0,IVMH,2,RecentScan
ivmh,No Repair,11,11,RecentScan,14.588709,,11.0,,,,0,IVMH,2,RecentScan
ivmh,No Repair,12,12,RecentScan,16.0545,,12.0,,,,0,IVMH,2,RecentScan
ivmh,No Repair,13,13,MarkTs,0.0,,13.0,,,,0,IVMH,2,
ivmh,No Repair,14,14,Update,0.011583,6.0,,,,,0,IVMH,2,Update
ivmh,No Repair,15,15,RecentScan,16.899708,,15.0,,,,0,IVMH,2,RecentScan
ivmh,No Repair,16,16,RecentScan,16.646667,,16.0,,,,0,IVMH,2,RecentScan
ivmh,No Repair,17,17,RecentScan,16.231208,,17.0,,,,0,IVMH,2,RecentScan
ivmh,No Repair,18,18,RecentScan,15.795208,,18.0,,,,0,IVMH,2,RecentScan
ivmh,No Repair,19,19,RecentScan,16.410375,,19.0,,,,0,IVMH,2,RecentScan
ivmh,No Repair,20,20,MarkTs,0.0,,20.0,,,,0,IVMH,2,
ivmh,No Repair,21,21,Update,0.014417,6.0,,,,,0,IVMH,2,Update
ivmh,No Repair,22,22,MarkTs,49.397292,,20.0,,,HistoryScan,0,IVMH,2,BuildSnap
ivmh,No Repair,22,22,HistoryScan,18.747459,,20.0,,,,0,IVMH,2,HistoryScan
ivmh,No Repair,23,23,RecentScan,15.694042,,23.0,,,,0,IVMH,2,RecentScan
ivmh,No Repair,24,24,RecentScan,15.725375,,24.0,,,,0,IVMH,2,RecentScan
ivmh,No Repair,25,25,RecentScan,16.080458,,25.0,,,,0,IVMH,2,RecentScan
ivmh,No Repair,26,26,RecentScan,16.460167,,26.0,,,,0,IVMH,2,RecentScan
ivmh,No Repair,27,27,MarkTs,0.0,,27.0,,,,0,IVMH,2,
ivmh,No Repair,28,28,Update,0.017667000000000002,6.0,,,,,0,IVMH,2,Update
ivmh,No Repair,29,29,RecentScan,16.526791,,29.0,,,,0,IVMH,2,RecentScan
ivmh,No Repair,30,30,RecentScan,18.076167,,30.0,,,,0,IVMH,2,RecentScan
ivmh,No Repair,31,31,RecentScan,16.406958,,31.0,,,,0,IVMH,2,RecentScan
ivmh,No Repair,32,32,RecentScan,17.760583,,32.0,,,,0,IVMH,2,RecentScan
ivmh,No Repair,33,33,RecentScan,16.670459,,33.0,,,,0,IVMH,2,RecentScan
ivmh,No Repair,34,34,MarkTs,0.0,,34.0,,,,0,IVMH,2,
ivmh,No Repair,35,35,Update,0.011708,6.0,,,,,0,IVMH,2,Update
ivmh,No Repair,36,36,RecentScan,15.97525,,36.0,,,,0,IVMH,2,RecentScan
ivmh,No Repair,37,37,RecentScan,16.706959,,37.0,,,,0,IVMH,2,RecentScan
ivmh,No Repair,38,38,RecentScan,15.78575,,38.0,,,,0,IVMH,2,RecentScan
ivmh,No Repair,39,39,RecentScan,15.744,,39.0,,,,0,IVMH,2,RecentScan
ivmh,No Repair,40,40,RecentScan,15.8375,,40.0,,,,0,IVMH,2,RecentScan
ivmh,No Repair,41,41,MarkTs,0.0,,41.0,,,,0,IVMH,2,
ivmh,No Repair,42,42,Update,0.017166,6.0,,,,,0,IVMH,2,Update
ivmh,No Repair,43,43,RecentScan,17.539042,,43.0,,,,0,IVMH,2,RecentScan
ivmh,No Repair,44,44,RecentScan,18.832208,,44.0,,,,0,IVMH,2,RecentScan
ivmh,No Repair,45,45,RecentScan,16.5235,,45.0,,,,0,IVMH,2,RecentScan
ivmh,No Repair,46,46,RecentScan,16.553,,46.0,,,,0,IVMH,2,RecentScan
ivmh,No Repair,47,47,RecentScan,14.988333,,47.0,,,,0,IVMH,2,RecentScan
ivmh,No Repair,48,48,MarkTs,0.0,,48.0,,,,0,IVMH,2,
ivmh,No Repair,49,49,Update,0.00875,6.0,,,,,0,IVMH,2,Update
ivmh,No Repair,50,50,RecentScan,14.997125,,50.0,,,,0,IVMH,2,RecentScan
ivmh,No Repair,51,51,RecentScan,15.108209,,51.0,,,,0,IVMH,2,RecentScan
ivmh,No Repair,52,52,RecentScan,14.521625,,52.0,,,,0,IVMH,2,RecentScan
ivmh,No Repair,53,53,RecentScan,14.32725,,53.0,,,,0,IVMH,2,RecentScan
ivmh,No Repair,54,54,RecentScan,16.291041,,54.0,,,,0,IVMH,2,RecentScan
ivmh,No Repair,55,55,MarkTs,0.001167,,55.0,,,,0,IVMH,2,
ivmh,No Repair,56,56,Update,0.01125,6.0,,,,,0,IVMH,2,Update
ivmh,No Repair,57,57,RecentScan,15.487959,,57.0,,,,0,IVMH,2,RecentScan
ivmh,No Repair,58,58,RecentScan,14.773625,,58.0,,,,0,IVMH,2,RecentScan
ivmh,No Repair,59,59,RecentScan,13.470583,,59.0,,,,0,IVMH,2,RecentScan
ivmh,No Repair,60,60,RecentScan,14.580917,,60.0,,,,0,IVMH,2,RecentScan
ivmh,No Repair,61,61,RecentScan,14.837,,61.0,,,,0,IVMH,2,RecentScan
ivmh,No Repair,62,62,MarkTs,0.0,,62.0,,,,0,IVMH,2,
ivmh,No Repair,63,63,Update,0.012792,6.0,,,,,0,IVMH,2,Update
ivmh,No Repair,64,64,RecentScan,15.139417,,64.0,,,,0,IVMH,2,RecentScan
ivmh,No Repair,65,65,RecentScan,15.450417,,65.0,,,,0,IVMH,2,RecentScan
ivmh,No Repair,66,66,RecentScan,15.962666,,66.0,,,,0,IVMH,2,RecentScan
ivmh,No Repair,67,67,RecentScan,15.5065,,67.0,,,,0,IVMH,2,RecentScan
ivmh,No Repair,68,68,RecentScan,15.618666,,68.0,,,,0,IVMH,2,RecentScan
ivmh,No Repair,69,69,MarkTs,0.0,,69.0,,,,0,IVMH,2,
ivmh,No Repair,70,70,Update,0.011417,6.0,,,,,0,IVMH,2,Update
ivmh,No Repair,71,71,RecentScan,15.809125,,71.0,,,,0,IVMH,2,RecentScan
ivmh,No Repair,72,72,RecentScan,14.865625,,72.0,,,,0,IVMH,2,RecentScan
ivmh,No Repair,73,73,RecentScan,15.2725,,73.0,,,,0,IVMH,2,RecentScan
ivmh,No Repair,74,74,RecentScan,14.490584,,74.0,,,,0,IVMH,2,RecentScan
ivmh,No Repair,75,75,RecentScan,14.892458,,75.0,,,,0,IVMH,2,RecentScan
ivmh,No Repair,76,76,MarkTs,0.0,,76.0,,,,0,IVMH,2,
ivmh,No Repair,77,77,Update,0.012792,6.0,,,,,0,IVMH,2,Update
ivmh,No Repair,78,78,RecentScan,16.3965,,78.0,,,,0,IVMH,2,RecentScan
ivmh,No Repair,79,79,RecentScan,16.416375,,79.0,,,,0,IVMH,2,RecentScan
ivmh,No Repair,80,80,RecentScan,16.374625,,80.0,,,,0,IVMH,2,RecentScan
ivmh,No Repair,81,81,RecentScan,16.407084,,81.0,,,,0,IVMH,2,RecentScan
ivmh,No Repair,82,82,RecentScan,16.036208,,82.0,,,,0,IVMH,2,RecentScan
ivmh,No Repair,83,83,MarkTs,0.0,,83.0,,,,0,IVMH,2,
ivmh,No Repair,84,84,Update,0.013875,6.0,,,,,0,IVMH,2,Update
ivmh,No Repair,85,85,RecentScan,16.465375,,85.0,,,,0,IVMH,2,RecentScan
ivmh,No Repair,86,86,RecentScan,16.085042,,86.0,,,,0,IVMH,2,RecentScan
ivmh,No Repair,87,87,RecentScan,15.672583,,87.0,,,,0,IVMH,2,RecentScan
ivmh,No Repair,88,88,RecentScan,15.53675,,88.0,,,,0,IVMH,2,RecentScan
ivmh,No Repair,89,89,RecentScan,16.043708,,89.0,,,,0,IVMH,2,RecentScan
ivmh,No Repair,90,90,MarkTs,0.0,,90.0,,,,0,IVMH,2,
ivmh,No Repair,91,91,Update,0.015792,6.0,,,,,0,IVMH,2,Update
ivmh,No Repair,92,92,RecentScan,16.848167,,92.0,,,,0,IVMH,2,RecentScan
ivmh,No Repair,93,93,RecentScan,16.144291,,93.0,,,,0,IVMH,2,RecentScan
ivmh,No Repair,94,94,RecentScan,15.936042,,94.0,,,,0,IVMH,2,RecentScan
ivmh,No Repair,95,95,RecentScan,15.865667,,95.0,,,,0,IVMH,2,RecentScan
ivmh,No Repair,96,96,RecentScan,16.159833,,96.0,,,,0,IVMH,2,RecentScan
ivmh,No Repair,97,97,MarkTs,0.0,,97.0,,,,0,IVMH,2,
ivmh,No Repair,98,98,Update,0.013958,6.0,,,,,0,IVMH,2,Update
ivmh,No Repair,99,99,RecentScan,15.746,,99.0,,,,0,IVMH,2,RecentScan
ivmh,No Repair,100,100,RecentScan,16.542666,,100.0,,,,0,IVMH,2,RecentScan
ivmh,No Repair,101,101,RecentScan,16.854709,,101.0,,,,0,IVMH,2,RecentScan
ivmh,No Repair,102,102,RecentScan,15.346042,,102.0,,,,0,IVMH,2,RecentScan
ivmh,No Repair,103,103,RecentScan,15.191125,,103.0,,,,0,IVMH,2,RecentScan
ivmh,No Repair,104,104,MarkTs,0.009833,,104.0,,,,0,IVMH,2,
ivmh,No Repair,105,105,Update,0.014792,6.0,,,,,0,IVMH,2,Update
ivmh,No Repair,106,106,RecentScan,14.110541,,106.0,,,,0,IVMH,2,RecentScan
ivmh,No Repair,107,107,RecentScan,14.500209,,107.0,,,,0,IVMH,2,RecentScan
ivmh,No Repair,108,108,RecentScan,15.822667,,108.0,,,,0,IVMH,2,RecentScan
ivmh,No Repair,109,109,RecentScan,17.349583,,109.0,,,,0,IVMH,2,RecentScan
ivmh,No Repair,110,110,RecentScan,15.5945,,110.0,,,,0,IVMH,2,RecentScan
ivmh,No Repair,111,111,MarkTs,0.0,,111.0,,,,0,IVMH,2,
ivmh,No Repair,112,112,Update,0.008583,6.0,,,,,0,IVMH,2,Update
ivmh,No Repair,113,113,RecentScan,15.573625,,113.0,,,,0,IVMH,2,RecentScan
ivmh,No Repair,114,114,RecentScan,15.811417,,114.0,,,,0,IVMH,2,RecentScan
ivmh,No Repair,115,115,RecentScan,16.088625,,115.0,,,,0,IVMH,2,RecentScan
ivmh,No Repair,116,116,RecentScan,15.947625,,116.0,,,,0,IVMH,2,RecentScan
ivmh,No Repair,117,117,RecentScan,15.65625,,117.0,,,,0,IVMH,2,RecentScan
ivmh,No Repair,118,118,MarkTs,0.0,,118.0,,,,0,IVMH,2,
ivmh,No Repair,119,119,Update,0.009833,6.0,,,,,0,IVMH,2,Update
ivmh,No Repair,120,120,RecentScan,16.101417,,120.0,,,,0,IVMH,2,RecentScan
ivmh,No Repair,121,121,RecentScan,15.769791,,121.0,,,,0,IVMH,2,RecentScan
ivmh,No Repair,122,122,RecentScan,16.661417,,122.0,,,,0,IVMH,2,RecentScan
ivmh,No Repair,123,123,RecentScan,16.506583,,123.0,,,,0,IVMH,2,RecentScan
ivmh,No Repair,124,124,RecentScan,15.897208,,124.0,,,,0,IVMH,2,RecentScan
ivmh,No Repair,125,125,MarkTs,0.0,,125.0,,,,0,IVMH,2,
ivmh,No Repair,126,126,Update,0.014667,6.0,,,,,0,IVMH,2,Update
ivmh,No Repair,127,127,RecentScan,15.959334,,127.0,,,,0,IVMH,2,RecentScan
ivmh,No Repair,128,128,RecentScan,15.600209,,128.0,,,,0,IVMH,2,RecentScan
ivmh,No Repair,129,129,RecentScan,15.4045,,129.0,,,,0,IVMH,2,RecentScan
ivmh,No Repair,130,130,RecentScan,15.605042,,130.0,,,,0,IVMH,2,RecentScan
ivmh,No Repair,131,131,RecentScan,15.273958,,131.0,,,,0,IVMH,2,RecentScan
ivmh,No Repair,132,132,MarkTs,0.0,,132.0,,,,0,IVMH,2,
ivmh,No Repair,133,133,Update,0.022375,6.0,,,,,0,IVMH,2,Update
ivmh,No Repair,134,134,RecentScan,15.076625,,134.0,,,,0,IVMH,2,RecentScan
ivmh,No Repair,135,135,RecentScan,16.95775,,135.0,,,,0,IVMH,2,RecentScan
ivmh,No Repair,136,136,RecentScan,14.828625,,136.0,,,,0,IVMH,2,RecentScan
ivmh,No Repair,137,137,RecentScan,15.72475,,137.0,,,,0,IVMH,2,RecentScan
ivmh,No Repair,138,138,RecentScan,15.650666,,138.0,,,,0,IVMH,2,RecentScan
ivmh,No Repair,139,139,MarkTs,0.0,,139.0,,,,0,IVMH,2,
ivmh,No Repair,140,140,Update,0.01325,6.0,,,,,0,IVMH,2,Update
ivmh,No Repair,0,0,InitLoad,14.452542,60000.0,,,,,1,IVMH,2,InitLoad
ivmh,No Repair,1,1,RecentScan,17.978958,,1.0,,,,1,IVMH,2,RecentScan
ivmh,No Repair,2,2,RecentScan,16.736833,,2.0,,,,1,IVMH,2,RecentScan
ivmh,No Repair,3,3,RecentScan,16.348666,,3.0,,,,1,IVMH,2,RecentScan
ivmh,No Repair,4,4,RecentScan,17.970333,,4.0,,,,1,IVMH,2,RecentScan
ivmh,No Repair,5,5,RecentScan,17.409166,,5.0,,,,1,IVMH,2,RecentScan
ivmh,No Repair,6,6,MarkTs,0.001,,6.0,,,,1,IVMH,2,
ivmh,No Repair,7,7,Update,0.016542,6.0,,,,,1,IVMH,2,Update
ivmh,No Repair,8,8,MarkTs,50.415375,,6.0,,,HistoryScan,1,IVMH,2,BuildSnap
ivmh,No Repair,8,8,HistoryScan,19.271625,,6.0,,,,1,IVMH,2,HistoryScan
ivmh,No Repair,9,9,RecentScan,15.814709,,9.0,,,,1,IVMH,2,RecentScan
ivmh,No Repair,10,10,RecentScan,17.126958,,10.0,,,,1,IVMH,2,RecentScan
ivmh,No Repair,11,11,RecentScan,16.858416,,11.0,,,,1,IVMH,2,RecentScan
ivmh,No Repair,12,12,RecentScan,16.984125,,12.0,,,,1,IVMH,2,RecentScan
ivmh,No Repair,13,13,MarkTs,0.0,,13.0,,,,1,IVMH,2,
ivmh,No Repair,14,14,Update,0.010792,6.0,,,,,1,IVMH,2,Update
ivmh,No Repair,15,15,RecentScan,15.198542,,15.0,,,,1,IVMH,2,RecentScan
ivmh,No Repair,16,16,RecentScan,16.717875,,16.0,,,,1,IVMH,2,RecentScan
ivmh,No Repair,17,17,RecentScan,15.738083,,17.0,,,,1,IVMH,2,RecentScan
ivmh,No Repair,18,18,RecentScan,16.3415,,18.0,,,,1,IVMH,2,RecentScan
ivmh,No Repair,19,19,RecentScan,15.915333,,19.0,,,,1,IVMH,2,RecentScan
ivmh,No Repair,20,20,MarkTs,0.0,,20.0,,,,1,IVMH,2,
ivmh,No Repair,21,21,Update,0.014292,6.0,,,,,1,IVMH,2,Update
ivmh,No Repair,22,22,MarkTs,48.960042,,20.0,,,HistoryScan,1,IVMH,2,BuildSnap
ivmh,No Repair,22,22,HistoryScan,19.585667,,20.0,,,,1,IVMH,2,HistoryScan
ivmh,No Repair,23,23,RecentScan,17.370583,,23.0,,,,1,IVMH,2,RecentScan
ivmh,No Repair,24,24,RecentScan,17.010458,,24.0,,,,1,IVMH,2,RecentScan
ivmh,No Repair,25,25,RecentScan,15.80825,,25.0,,,,1,IVMH,2,RecentScan
ivmh,No Repair,26,26,RecentScan,17.700791,,26.0,,,,1,IVMH,2,RecentScan
ivmh,No Repair,27,27,MarkTs,0.0,,27.0,,,,1,IVMH,2,
ivmh,No Repair,28,28,Update,0.014208,6.0,,,,,1,IVMH,2,Update
ivmh,No Repair,29,29,RecentScan,16.478375,,29.0,,,,1,IVMH,2,RecentScan
ivmh,No Repair,30,30,RecentScan,16.992875,,30.0,,,,1,IVMH,2,RecentScan
ivmh,No Repair,31,31,RecentScan,16.129083,,31.0,,,,1,IVMH,2,RecentScan
ivmh,No Repair,32,32,RecentScan,15.081833,,32.0,,,,1,IVMH,2,RecentScan
ivmh,No Repair,33,33,RecentScan,15.409708,,33.0,,,,1,IVMH,2,RecentScan
ivmh,No Repair,34,34,MarkTs,0.0,,34.0,,,,1,IVMH,2,
ivmh,No Repair,35,35,Update,0.0105,6.0,,,,,1,IVMH,2,Update
ivmh,No Repair,36,36,RecentScan,15.348542,,36.0,,,,1,IVMH,2,RecentScan
ivmh,No Repair,37,37,RecentScan,15.814375,,37.0,,,,1,IVMH,2,RecentScan
ivmh,No Repair,38,38,RecentScan,17.487667,,38.0,,,,1,IVMH,2,RecentScan
ivmh,No Repair,39,39,RecentScan,16.171542,,39.0,,,,1,IVMH,2,RecentScan
ivmh,No Repair,40,40,RecentScan,15.926625,,40.0,,,,1,IVMH,2,RecentScan
ivmh,No Repair,41,41,MarkTs,0.0,,41.0,,,,1,IVMH,2,
ivmh,No Repair,42,42,Update,0.018625,6.0,,,,,1,IVMH,2,Update
ivmh,No Repair,43,43,RecentScan,16.32,,43.0,,,,1,IVMH,2,RecentScan
ivmh,No Repair,44,44,RecentScan,15.397583,,44.0,,,,1,IVMH,2,RecentScan
ivmh,No Repair,45,45,RecentScan,16.639917,,45.0,,,,1,IVMH,2,RecentScan
ivmh,No Repair,46,46,RecentScan,15.48475,,46.0,,,,1,IVMH,2,RecentScan
ivmh,No Repair,47,47,RecentScan,16.220875,,47.0,,,,1,IVMH,2,RecentScan
ivmh,No Repair,48,48,MarkTs,0.0,,48.0,,,,1,IVMH,2,
ivmh,No Repair,49,49,Update,0.010542,6.0,,,,,1,IVMH,2,Update
ivmh,No Repair,50,50,RecentScan,16.684667,,50.0,,,,1,IVMH,2,RecentScan
ivmh,No Repair,51,51,RecentScan,16.599166,,51.0,,,,1,IVMH,2,RecentScan
ivmh,No Repair,52,52,RecentScan,16.123167,,52.0,,,,1,IVMH,2,RecentScan
ivmh,No Repair,53,53,RecentScan,17.437167,,53.0,,,,1,IVMH,2,RecentScan
ivmh,No Repair,54,54,RecentScan,17.303917,,54.0,,,,1,IVMH,2,RecentScan
ivmh,No Repair,55,55,MarkTs,0.001167,,55.0,,,,1,IVMH,2,
ivmh,No Repair,56,56,Update,0.014083,6.0,,,,,1,IVMH,2,Update
ivmh,No Repair,57,57,RecentScan,16.912708,,57.0,,,,1,IVMH,2,RecentScan
ivmh,No Repair,58,58,RecentScan,17.257875,,58.0,,,,1,IVMH,2,RecentScan
ivmh,No Repair,59,59,RecentScan,16.9515,,59.0,,,,1,IVMH,2,RecentScan
ivmh,No Repair,60,60,RecentScan,15.560834,,60.0,,,,1,IVMH,2,RecentScan
ivmh,No Repair,61,61,RecentScan,15.410458,,61.0,,,,1,IVMH,2,RecentScan
ivmh,No Repair,62,62,MarkTs,0.0,,62.0,,,,1,IVMH,2,
ivmh,No Repair,63,63,Update,0.013458,6.0,,,,,1,IVMH,2,Update
ivmh,No Repair,64,64,RecentScan,17.267125,,64.0,,,,1,IVMH,2,RecentScan
ivmh,No Repair,65,65,RecentScan,16.413291,,65.0,,,,1,IVMH,2,RecentScan
ivmh,No Repair,66,66,RecentScan,17.327458,,66.0,,,,1,IVMH,2,RecentScan
ivmh,No Repair,67,67,RecentScan,17.002417,,67.0,,,,1,IVMH,2,RecentScan
ivmh,No Repair,68,68,RecentScan,17.152375,,68.0,,,,1,IVMH,2,RecentScan
ivmh,No Repair,69,69,MarkTs,0.0,,69.0,,,,1,IVMH,2,
ivmh,No Repair,70,70,Update,0.011,6.0,,,,,1,IVMH,2,Update
ivmh,No Repair,71,71,RecentScan,17.143083,,71.0,,,,1,IVMH,2,RecentScan
ivmh,No Repair,72,72,RecentScan,17.218375,,72.0,,,,1,IVMH,2,RecentScan
ivmh,No Repair,73,73,RecentScan,16.011333,,73.0,,,,1,IVMH,2,RecentScan
ivmh,No Repair,74,74,RecentScan,17.401792,,74.0,,,,1,IVMH,2,RecentScan
ivmh,No Repair,75,75,RecentScan,16.459167,,75.0,,,,1,IVMH,2,RecentScan
ivmh,No Repair,76,76,MarkTs,0.0,,76.0,,,,1,IVMH,2,
ivmh,No Repair,77,77,Update,0.014583,6.0,,,,,1,IVMH,2,Update
ivmh,No Repair,78,78,RecentScan,16.826709,,78.0,,,,1,IVMH,2,RecentScan
ivmh,No Repair,79,79,RecentScan,16.932417,,79.0,,,,1,IVMH,2,RecentScan
ivmh,No Repair,80,80,RecentScan,16.073875,,80.0,,,,1,IVMH,2,RecentScan
ivmh,No Repair,81,81,RecentScan,17.742125,,81.0,,,,1,IVMH,2,RecentScan
ivmh,No Repair,82,82,RecentScan,16.220708,,82.0,,,,1,IVMH,2,RecentScan
ivmh,No Repair,83,83,MarkTs,0.0,,83.0,,,,1,IVMH,2,
ivmh,No Repair,84,84,Update,0.016458999999999998,6.0,,,,,1,IVMH,2,Update
ivmh,No Repair,85,85,RecentScan,16.479208,,85.0,,,,1,IVMH,2,RecentScan
ivmh,No Repair,86,86,RecentScan,15.427125,,86.0,,,,1,IVMH,2,RecentScan
ivmh,No Repair,87,87,RecentScan,16.734542,,87.0,,,,1,IVMH,2,RecentScan
ivmh,No Repair,88,88,RecentScan,17.846625,,88.0,,,,1,IVMH,2,RecentScan
ivmh,No Repair,89,89,RecentScan,16.214416,,89.0,,,,1,IVMH,2,RecentScan
ivmh,No Repair,90,90,MarkTs,0.0,,90.0,,,,1,IVMH,2,
ivmh,No Repair,91,91,Update,0.012958,6.0,,,,,1,IVMH,2,Update
ivmh,No Repair,92,92,RecentScan,15.931458,,92.0,,,,1,IVMH,2,RecentScan
ivmh,No Repair,93,93,RecentScan,16.926834,,93.0,,,,1,IVMH,2,RecentScan
ivmh,No Repair,94,94,RecentScan,17.058458,,94.0,,,,1,IVMH,2,RecentScan
ivmh,No Repair,95,95,RecentScan,16.765375,,95.0,,,,1,IVMH,2,RecentScan
ivmh,No Repair,96,96,RecentScan,17.317709,,96.0,,,,1,IVMH,2,RecentScan
ivmh,No Repair,97,97,MarkTs,0.0,,97.0,,,,1,IVMH,2,
ivmh,No Repair,98,98,Update,0.018417000000000003,6.0,,,,,1,IVMH,2,Update
ivmh,No Repair,99,99,RecentScan,17.130083,,99.0,,,,1,IVMH,2,RecentScan
ivmh,No Repair,100,100,RecentScan,16.798167,,100.0,,,,1,IVMH,2,RecentScan
ivmh,No Repair,101,101,RecentScan,15.844833,,101.0,,,,1,IVMH,2,RecentScan
ivmh,No Repair,102,102,RecentScan,16.711583,,102.0,,,,1,IVMH,2,RecentScan
ivmh,No Repair,103,103,RecentScan,15.276791,,103.0,,,,1,IVMH,2,RecentScan
ivmh,No Repair,104,104,MarkTs,0.001792,,104.0,,,,1,IVMH,2,
ivmh,No Repair,105,105,Update,0.016207999999999997,6.0,,,,,1,IVMH,2,Update
ivmh,No Repair,106,106,RecentScan,16.608417,,106.0,,,,1,IVMH,2,RecentScan
ivmh,No Repair,107,107,RecentScan,16.150167,,107.0,,,,1,IVMH,2,RecentScan
ivmh,No Repair,108,108,RecentScan,17.140625,,108.0,,,,1,IVMH,2,RecentScan
ivmh,No Repair,109,109,RecentScan,16.370042,,109.0,,,,1,IVMH,2,RecentScan
ivmh,No Repair,110,110,RecentScan,16.861542,,110.0,,,,1,IVMH,2,RecentScan
ivmh,No Repair,111,111,MarkTs,0.0,,111.0,,,,1,IVMH,2,
ivmh,No Repair,112,112,Update,0.009875,6.0,,,,,1,IVMH,2,Update
ivmh,No Repair,113,113,RecentScan,15.633541,,113.0,,,,1,IVMH,2,RecentScan
ivmh,No Repair,114,114,RecentScan,16.371584,,114.0,,,,1,IVMH,2,RecentScan
ivmh,No Repair,115,115,RecentScan,16.262583,,115.0,,,,1,IVMH,2,RecentScan
ivmh,No Repair,116,116,RecentScan,16.990084,,116.0,,,,1,IVMH,2,RecentScan
ivmh,No Repair,117,117,RecentScan,16.769667,,117.0,,,,1,IVMH,2,RecentScan
ivmh,No Repair,118,118,MarkTs,0.0,,118.0,,,,1,IVMH,2,
ivmh,No Repair,119,119,Update,0.009667,6.0,,,,,1,IVMH,2,Update
ivmh,No Repair,120,120,RecentScan,15.578084,,120.0,,,,1,IVMH,2,RecentScan
ivmh,No Repair,121,121,RecentScan,15.427416,,121.0,,,,1,IVMH,2,RecentScan
ivmh,No Repair,122,122,RecentScan,16.414083,,122.0,,,,1,IVMH,2,RecentScan
ivmh,No Repair,123,123,RecentScan,16.09075,,123.0,,,,1,IVMH,2,RecentScan
ivmh,No Repair,124,124,RecentScan,15.436583,,124.0,,,,1,IVMH,2,RecentScan
ivmh,No Repair,125,125,MarkTs,0.0,,125.0,,,,1,IVMH,2,
ivmh,No Repair,126,126,Update,0.01275,6.0,,,,,1,IVMH,2,Update
ivmh,No Repair,127,127,RecentScan,14.935458,,127.0,,,,1,IVMH,2,RecentScan
ivmh,No Repair,128,128,RecentScan,15.385875,,128.0,,,,1,IVMH,2,RecentScan
ivmh,No Repair,129,129,RecentScan,13.483833,,129.0,,,,1,IVMH,2,RecentScan
ivmh,No Repair,130,130,RecentScan,16.1725,,130.0,,,,1,IVMH,2,RecentScan
ivmh,No Repair,131,131,RecentScan,15.939458,,131.0,,,,1,IVMH,2,RecentScan
ivmh,No Repair,132,132,MarkTs,0.0,,132.0,,,,1,IVMH,2,
ivmh,No Repair,133,133,Update,0.024875,6.0,,,,,1,IVMH,2,Update
ivmh,No Repair,134,134,RecentScan,15.172666,,134.0,,,,1,IVMH,2,RecentScan
ivmh,No Repair,135,135,RecentScan,17.288917,,135.0,,,,1,IVMH,2,RecentScan
ivmh,No Repair,136,136,RecentScan,16.347083,,136.0,,,,1,IVMH,2,RecentScan
ivmh,No Repair,137,137,RecentScan,15.981167,,137.0,,,,1,IVMH,2,RecentScan
ivmh,No Repair,138,138,RecentScan,15.962292,,138.0,,,,1,IVMH,2,RecentScan
ivmh,No Repair,139,139,MarkTs,0.0,,139.0,,,,1,IVMH,2,
ivmh,No Repair,140,140,Update,0.01375,6.0,,,,,1,IVMH,2,Update
ivmh,No Repair,0,0,InitLoad,15.291083,60000.0,,,,,0,IVMH,3,InitLoad
ivmh,No Repair,1,1,RecentScan,18.48425,,1.0,,,,0,IVMH,3,RecentScan
ivmh,No Repair,2,2,RecentScan,16.70225,,2.0,,,,0,IVMH,3,RecentScan
ivmh,No Repair,3,3,RecentScan,16.266042,,3.0,,,,0,IVMH,3,RecentScan
ivmh,No Repair,4,4,RecentScan,17.146042,,4.0,,,,0,IVMH,3,RecentScan
ivmh,No Repair,5,5,RecentScan,17.839042,,5.0,,,,0,IVMH,3,RecentScan
ivmh,No Repair,6,6,MarkTs,0.0,,6.0,,,,0,IVMH,3,
ivmh,No Repair,7,7,Update,0.015125,6.0,,,,,0,IVMH,3,Update
ivmh,No Repair,8,8,MarkTs,52.859041,,6.0,,,HistoryScan,0,IVMH,3,BuildSnap
ivmh,No Repair,8,8,HistoryScan,18.668125,,6.0,,,,0,IVMH,3,HistoryScan
ivmh,No Repair,9,9,RecentScan,16.802667,,9.0,,,,0,IVMH,3,RecentScan
ivmh,No Repair,10,10,RecentScan,16.575125,,10.0,,,,0,IVMH,3,RecentScan
ivmh,No Repair,11,11,RecentScan,15.979833,,11.0,,,,0,IVMH,3,RecentScan
ivmh,No Repair,12,12,RecentScan,17.817084,,12.0,,,,0,IVMH,3,RecentScan
ivmh,No Repair,13,13,MarkTs,0.0,,13.0,,,,0,IVMH,3,
ivmh,No Repair,14,14,Update,0.012917,6.0,,,,,0,IVMH,3,Update
ivmh,No Repair,15,15,RecentScan,16.391166,,15.0,,,,0,IVMH,3,RecentScan
ivmh,No Repair,16,16,RecentScan,15.971916,,16.0,,,,0,IVMH,3,RecentScan
ivmh,No Repair,17,17,RecentScan,17.754292,,17.0,,,,0,IVMH,3,RecentScan
ivmh,No Repair,18,18,RecentScan,15.525875,,18.0,,,,0,IVMH,3,RecentScan
ivmh,No Repair,19,19,RecentScan,15.682084,,19.0,,,,0,IVMH,3,RecentScan
ivmh,No Repair,20,20,MarkTs,0.0,,20.0,,,,0,IVMH,3,
ivmh,No Repair,21,21,Update,0.015375,6.0,,,,,0,IVMH,3,Update
ivmh,No Repair,22,22,MarkTs,49.590459,,20.0,,,HistoryScan,0,IVMH,3,BuildSnap
ivmh,No Repair,22,22,HistoryScan,17.568,,20.0,,,,0,IVMH,3,HistoryScan
ivmh,No Repair,23,23,RecentScan,15.953667,,23.0,,,,0,IVMH,3,RecentScan
ivmh,No Repair,24,24,RecentScan,16.59175,,24.0,,,,0,IVMH,3,RecentScan
ivmh,No Repair,25,25,RecentScan,18.216083,,25.0,,,,0,IVMH,3,RecentScan
ivmh,No Repair,26,26,RecentScan,16.822584,,26.0,,,,0,IVMH,3,RecentScan
ivmh,No Repair,27,27,MarkTs,0.001125,,27.0,,,,0,IVMH,3,
ivmh,No Repair,28,28,Update,0.01375,6.0,,,,,0,IVMH,3,Update
ivmh,No Repair,29,29,RecentScan,15.943542,,29.0,,,,0,IVMH,3,RecentScan
ivmh,No Repair,30,30,RecentScan,18.529,,30.0,,,,0,IVMH,3,RecentScan
ivmh,No Repair,31,31,RecentScan,15.783625,,31.0,,,,0,IVMH,3,RecentScan
ivmh,No Repair,32,32,RecentScan,15.746917,,32.0,,,,0,IVMH,3,RecentScan
ivmh,No Repair,33,33,RecentScan,15.722458,,33.0,,,,0,IVMH,3,RecentScan
ivmh,No Repair,34,34,MarkTs,0.0,,34.0,,,,0,IVMH,3,
ivmh,No Repair,35,35,Update,0.012166,6.0,,,,,0,IVMH,3,Update
ivmh,No Repair,36,36,MarkTs,49.622083,,34.0,,,HistoryScan,0,IVMH,3,BuildSnap
ivmh,No Repair,36,36,HistoryScan,18.008291,,34.0,,,,0,IVMH,3,HistoryScan
ivmh,No Repair,37,37,RecentScan,16.1225,,37.0,,,,0,IVMH,3,RecentScan
ivmh,No Repair,38,38,RecentScan,15.528625,,38.0,,,,0,IVMH,3,RecentScan
ivmh,No Repair,39,39,RecentScan,15.206334,,39.0,,,,0,IVMH,3,RecentScan
ivmh,No Repair,40,40,RecentScan,15.149458,,40.0,,,,0,IVMH,3,RecentScan
ivmh,No Repair,41,41,MarkTs,0.0,,41.0,,,,0,IVMH,3,
ivmh,No Repair,42,42,Update,0.017375,6.0,,,,,0,IVMH,3,Update
ivmh,No Repair,43,43,RecentScan,15.17925,,43.0,,,,0,IVMH,3,RecentScan
ivmh,No Repair,44,44,RecentScan,15.152125,,44.0,,,,0,IVMH,3,RecentScan
ivmh,No Repair,45,45,RecentScan,15.164958,,45.0,,,,0,IVMH,3,RecentScan
ivmh,No Repair,46,46,RecentScan,17.890875,,46.0,,,,0,IVMH,3,RecentScan
ivmh,No Repair,47,47,RecentScan,17.289458,,47.0,,,,0,IVMH,3,RecentScan
ivmh,No Repair,48,48,MarkTs,0.0,,48.0,,,,0,IVMH,3,
ivmh,No Repair,49,49,Update,0.010459,6.0,,,,,0,IVMH,3,Update
ivmh,No Repair,50,50,RecentScan,17.11275,,50.0,,,,0,IVMH,3,RecentScan
ivmh,No Repair,51,51,RecentScan,16.654792,,51.0,,,,0,IVMH,3,RecentScan
ivmh,No Repair,52,52,RecentScan,16.982666,,52.0,,,,0,IVMH,3,RecentScan
ivmh,No Repair,53,53,RecentScan,15.215958,,53.0,,,,0,IVMH,3,RecentScan
ivmh,No Repair,54,54,RecentScan,17.642459,,54.0,,,,0,IVMH,3,RecentScan
ivmh,No Repair,55,55,MarkTs,0.001333,,55.0,,,,0,IVMH,3,
ivmh,No Repair,56,56,Update,0.014541,6.0,,,,,0,IVMH,3,Update
ivmh,No Repair,57,57,RecentScan,17.037333,,57.0,,,,0,IVMH,3,RecentScan
ivmh,No Repair,58,58,RecentScan,16.743958,,58.0,,,,0,IVMH,3,RecentScan
ivmh,No Repair,59,59,RecentScan,16.25725,,59.0,,,,0,IVMH,3,RecentScan
ivmh,No Repair,60,60,RecentScan,18.282125,,60.0,,,,0,IVMH,3,RecentScan
ivmh,No Repair,61,61,RecentScan,17.252333,,61.0,,,,0,IVMH,3,RecentScan
ivmh,No Repair,62,62,MarkTs,0.0,,62.0,,,,0,IVMH,3,
ivmh,No Repair,63,63,Update,0.014916,6.0,,,,,0,IVMH,3,Update
ivmh,No Repair,64,64,RecentScan,16.622333,,64.0,,,,0,IVMH,3,RecentScan
ivmh,No Repair,65,65,RecentScan,16.450084,,65.0,,,,0,IVMH,3,RecentScan
ivmh,No Repair,66,66,RecentScan,16.429834,,66.0,,,,0,IVMH,3,RecentScan
ivmh,No Repair,67,67,RecentScan,15.9965,,67.0,,,,0,IVMH,3,RecentScan
ivmh,No Repair,68,68,RecentScan,15.556959,,68.0,,,,0,IVMH,3,RecentScan
ivmh,No Repair,69,69,MarkTs,0.0,,69.0,,,,0,IVMH,3,
ivmh,No Repair,70,70,Update,0.014042,6.0,,,,,0,IVMH,3,Update
ivmh,No Repair,71,71,RecentScan,17.659292,,71.0,,,,0,IVMH,3,RecentScan
ivmh,No Repair,72,72,RecentScan,16.180833,,72.0,,,,0,IVMH,3,RecentScan
ivmh,No Repair,73,73,RecentScan,15.36675,,73.0,,,,0,IVMH,3,RecentScan
ivmh,No Repair,74,74,RecentScan,16.812125,,74.0,,,,0,IVMH,3,RecentScan
ivmh,No Repair,75,75,RecentScan,16.30375,,75.0,,,,0,IVMH,3,RecentScan
ivmh,No Repair,76,76,MarkTs,0.0,,76.0,,,,0,IVMH,3,
ivmh,No Repair,77,77,Update,0.013541000000000001,6.0,,,,,0,IVMH,3,Update
ivmh,No Repair,78,78,RecentScan,18.178541,,78.0,,,,0,IVMH,3,RecentScan
ivmh,No Repair,79,79,RecentScan,17.394416,,79.0,,,,0,IVMH,3,RecentScan
ivmh,No Repair,80,80,RecentScan,17.878916,,80.0,,,,0,IVMH,3,RecentScan
ivmh,No Repair,81,81,RecentScan,17.241334,,81.0,,,,0,IVMH,3,RecentScan
ivmh,No Repair,82,82,RecentScan,15.94225,,82.0,,,,0,IVMH,3,RecentScan
ivmh,No Repair,83,83,MarkTs,0.0,,83.0,,,,0,IVMH,3,
ivmh,No Repair,84,84,Update,0.015417,6.0,,,,,0,IVMH,3,Update
ivmh,No Repair,85,85,RecentScan,16.71475,,85.0,,,,0,IVMH,3,RecentScan
ivmh,No Repair,86,86,RecentScan,16.209791,,86.0,,,,0,IVMH,3,RecentScan
ivmh,No Repair,87,87,RecentScan,15.450291,,87.0,,,,0,IVMH,3,RecentScan
ivmh,No Repair,88,88,RecentScan,16.141917,,88.0,,,,0,IVMH,3,RecentScan
ivmh,No Repair,89,89,RecentScan,15.397333,,89.0,,,,0,IVMH,3,RecentScan
ivmh,No Repair,90,90,MarkTs,0.0,,90.0,,,,0,IVMH,3,
ivmh,No Repair,91,91,Update,0.011833999999999999,6.0,,,,,0,IVMH,3,Update
ivmh,No Repair,92,92,RecentScan,16.251375,,92.0,,,,0,IVMH,3,RecentScan
ivmh,No Repair,93,93,RecentScan,15.026542,,93.0,,,,0,IVMH,3,RecentScan
ivmh,No Repair,94,94,RecentScan,14.947125,,94.0,,,,0,IVMH,3,RecentScan
ivmh,No Repair,95,95,RecentScan,16.07075,,95.0,,,,0,IVMH,3,RecentScan
ivmh,No Repair,96,96,RecentScan,16.757,,96.0,,,,0,IVMH,3,RecentScan
ivmh,No Repair,97,97,MarkTs,0.0,,97.0,,,,0,IVMH,3,
ivmh,No Repair,98,98,Update,0.013166,6.0,,,,,0,IVMH,3,Update
ivmh,No Repair,99,99,RecentScan,16.816542,,99.0,,,,0,IVMH,3,RecentScan
ivmh,No Repair,100,100,RecentScan,17.72325,,100.0,,,,0,IVMH,3,RecentScan
ivmh,No Repair,101,101,RecentScan,16.634708,,101.0,,,,0,IVMH,3,RecentScan
ivmh,No Repair,102,102,RecentScan,17.449083,,102.0,,,,0,IVMH,3,RecentScan
ivmh,No Repair,103,103,RecentScan,16.75325,,103.0,,,,0,IVMH,3,RecentScan
ivmh,No Repair,104,104,MarkTs,0.0019590000000000002,,104.0,,,,0,IVMH,3,
ivmh,No Repair,105,105,Update,0.015291,6.0,,,,,0,IVMH,3,Update
ivmh,No Repair,106,106,RecentScan,15.460375,,106.0,,,,0,IVMH,3,RecentScan
ivmh,No Repair,107,107,RecentScan,16.505584,,107.0,,,,0,IVMH,3,RecentScan
ivmh,No Repair,108,108,RecentScan,15.339917,,108.0,,,,0,IVMH,3,RecentScan
ivmh,No Repair,109,109,RecentScan,15.624375,,109.0,,,,0,IVMH,3,RecentScan
ivmh,No Repair,110,110,RecentScan,17.027834,,110.0,,,,0,IVMH,3,RecentScan
ivmh,No Repair,111,111,MarkTs,0.0,,111.0,,,,0,IVMH,3,
ivmh,No Repair,112,112,Update,0.009625,6.0,,,,,0,IVMH,3,Update
ivmh,No Repair,113,113,RecentScan,14.458375,,113.0,,,,0,IVMH,3,RecentScan
ivmh,No Repair,114,114,RecentScan,15.198666,,114.0,,,,0,IVMH,3,RecentScan
ivmh,No Repair,115,115,RecentScan,15.403292,,115.0,,,,0,IVMH,3,RecentScan
ivmh,No Repair,116,116,RecentScan,16.55825,,116.0,,,,0,IVMH,3,RecentScan
ivmh,No Repair,117,117,RecentScan,16.492667,,117.0,,,,0,IVMH,3,RecentScan
ivmh,No Repair,118,118,MarkTs,0.0,,118.0,,,,0,IVMH,3,
ivmh,No Repair,119,119,Update,0.009292,6.0,,,,,0,IVMH,3,Update
ivmh,No Repair,120,120,RecentScan,16.763917,,120.0,,,,0,IVMH,3,RecentScan
ivmh,No Repair,121,121,RecentScan,15.872542,,121.0,,,,0,IVMH,3,RecentScan
ivmh,No Repair,122,122,RecentScan,16.559916,,122.0,,,,0,IVMH,3,RecentScan
ivmh,No Repair,123,123,RecentScan,16.565833,,123.0,,,,0,IVMH,3,RecentScan
ivmh,No Repair,124,124,RecentScan,17.006666,,124.0,,,,0,IVMH,3,RecentScan
ivmh,No Repair,125,125,MarkTs,0.0,,125.0,,,,0,IVMH,3,
ivmh,No Repair,126,126,Update,0.014209,6.0,,,,,0,IVMH,3,Update
ivmh,No Repair,127,127,RecentScan,17.90125,,127.0,,,,0,IVMH,3,RecentScan
ivmh,No Repair,128,128,RecentScan,16.719083,,128.0,,,,0,IVMH,3,RecentScan
ivmh,No Repair,129,129,RecentScan,16.482,,129.0,,,,0,IVMH,3,RecentScan
ivmh,No Repair,130,130,RecentScan,17.657125,,130.0,,,,0,IVMH,3,RecentScan
ivmh,No Repair,131,131,RecentScan,17.624208,,131.0,,,,0,IVMH,3,RecentScan
ivmh,No Repair,132,132,MarkTs,0.0,,132.0,,,,0,IVMH,3,
ivmh,No Repair,133,133,Update,0.024042,6.0,,,,,0,IVMH,3,Update
ivmh,No Repair,134,134,RecentScan,16.472209,,134.0,,,,0,IVMH,3,RecentScan
ivmh,No Repair,135,135,RecentScan,16.886458,,135.0,,,,0,IVMH,3,RecentScan
ivmh,No Repair,136,136,RecentScan,15.617625,,136.0,,,,0,IVMH,3,RecentScan
ivmh,No Repair,137,137,RecentScan,17.347667,,137.0,,,,0,IVMH,3,RecentScan
ivmh,No Repair,138,138,RecentScan,16.341167,,138.0,,,,0,IVMH,3,RecentScan
ivmh,No Repair,139,139,MarkTs,0.0,,139.0,,,,0,IVMH,3,
ivmh,No Repair,140,140,Update,0.014959,6.0,,,,,0,IVMH,3,Update
ivmh,No Repair,0,0,InitLoad,14.752333,60000.0,,,,,1,IVMH,3,InitLoad
ivmh,No Repair,1,1,RecentScan,17.525291,,1.0,,,,1,IVMH,3,RecentScan
ivmh,No Repair,2,2,RecentScan,16.676166,,2.0,,,,1,IVMH,3,RecentScan
ivmh,No Repair,3,3,RecentScan,16.108959,,3.0,,,,1,IVMH,3,RecentScan
ivmh,No Repair,4,4,RecentScan,18.661083,,4.0,,,,1,IVMH,3,RecentScan
ivmh,No Repair,5,5,RecentScan,15.71775,,5.0,,,,1,IVMH,3,RecentScan
ivmh,No Repair,6,6,MarkTs,0.001,,6.0,,,,1,IVMH,3,
ivmh,No Repair,7,7,Update,0.016125,6.0,,,,,1,IVMH,3,Update
ivmh,No Repair,8,8,MarkTs,53.622625,,6.0,,,HistoryScan,1,IVMH,3,BuildSnap
ivmh,No Repair,8,8,HistoryScan,17.612917,,6.0,,,,1,IVMH,3,HistoryScan
ivmh,No Repair,9,9,RecentScan,15.79125,,9.0,,,,1,IVMH,3,RecentScan
ivmh,No Repair,10,10,RecentScan,16.046292,,10.0,,,,1,IVMH,3,RecentScan
ivmh,No Repair,11,11,RecentScan,17.318375,,11.0,,,,1,IVMH,3,RecentScan
ivmh,No Repair,12,12,RecentScan,17.059583,,12.0,,,,1,IVMH,3,RecentScan
ivmh,No Repair,13,13,MarkTs,0.0,,13.0,,,,1,IVMH,3,
ivmh,No Repair,14,14,Update,0.011084,6.0,,,,,1,IVMH,3,Update
ivmh,No Repair,15,15,RecentScan,17.494916,,15.0,,,,1,IVMH,3,RecentScan
ivmh,No Repair,16,16,RecentScan,17.099833,,16.0,,,,1,IVMH,3,RecentScan
ivmh,No Repair,17,17,RecentScan,17.112208,,17.0,,,,1,IVMH,3,RecentScan
ivmh,No Repair,18,18,RecentScan,18.049458,,18.0,,,,1,IVMH,3,RecentScan
ivmh,No Repair,19,19,RecentScan,15.613542,,19.0,,,,1,IVMH,3,RecentScan
ivmh,No Repair,20,20,MarkTs,0.0,,20.0,,,,1,IVMH,3,
ivmh,No Repair,21,21,Update,0.014958,6.0,,,,,1,IVMH,3,Update
ivmh,No Repair,22,22,MarkTs,48.772084,,20.0,,,HistoryScan,1,IVMH,3,BuildSnap
ivmh,No Repair,22,22,HistoryScan,19.599042,,20.0,,,,1,IVMH,3,HistoryScan
ivmh,No Repair,23,23,RecentScan,16.797083,,23.0,,,,1,IVMH,3,RecentScan
ivmh,No Repair,24,24,RecentScan,16.282667,,24.0,,,,1,IVMH,3,RecentScan
ivmh,No Repair,25,25,RecentScan,16.221209,,25.0,,,,1,IVMH,3,RecentScan
ivmh,No Repair,26,26,RecentScan,16.478375,,26.0,,,,1,IVMH,3,RecentScan
ivmh,No Repair,27,27,MarkTs,0.001167,,27.0,,,,1,IVMH,3,
ivmh,No Repair,28,28,Update,0.015375,6.0,,,,,1,IVMH,3,Update
ivmh,No Repair,29,29,RecentScan,14.421959,,29.0,,,,1,IVMH,3,RecentScan
ivmh,No Repair,30,30,RecentScan,15.521458,,30.0,,,,1,IVMH,3,RecentScan
ivmh,No Repair,31,31,RecentScan,16.036791,,31.0,,,,1,IVMH,3,RecentScan
ivmh,No Repair,32,32,RecentScan,15.668041,,32.0,,,,1,IVMH,3,RecentScan
ivmh,No Repair,33,33,RecentScan,15.517625,,33.0,,,,1,IVMH,3,RecentScan
ivmh,No Repair,34,34,MarkTs,0.0,,34.0,,,,1,IVMH,3,
ivmh,No Repair,35,35,Update,0.010541,6.0,,,,,1,IVMH,3,Update
ivmh,No Repair,36,36,MarkTs,48.170583,,34.0,,,HistoryScan,1,IVMH,3,BuildSnap
ivmh,No Repair,36,36,HistoryScan,18.95225,,34.0,,,,1,IVMH,3,HistoryScan
ivmh,No Repair,37,37,RecentScan,16.16325,,37.0,,,,1,IVMH,3,RecentScan
ivmh,No Repair,38,38,RecentScan,16.665291,,38.0,,,,1,IVMH,3,RecentScan
ivmh,No Repair,39,39,RecentScan,17.073875,,39.0,,,,1,IVMH,3,RecentScan
ivmh,No Repair,40,40,RecentScan,16.998542,,40.0,,,,1,IVMH,3,RecentScan
ivmh,No Repair,41,41,MarkTs,0.0,,41.0,,,,1,IVMH,3,
ivmh,No Repair,42,42,Update,0.019375,6.0,,,,,1,IVMH,3,Update
ivmh,No Repair,43,43,RecentScan,16.477667,,43.0,,,,1,IVMH,3,RecentScan
ivmh,No Repair,44,44,RecentScan,16.769417,,44.0,,,,1,IVMH,3,RecentScan
ivmh,No Repair,45,45,RecentScan,17.0765,,45.0,,,,1,IVMH,3,RecentScan
ivmh,No Repair,46,46,RecentScan,16.555958,,46.0,,,,1,IVMH,3,RecentScan
ivmh,No Repair,47,47,RecentScan,15.61,,47.0,,,,1,IVMH,3,RecentScan
ivmh,No Repair,48,48,MarkTs,0.0,,48.0,,,,1,IVMH,3,
ivmh,No Repair,49,49,Update,0.0105,6.0,,,,,1,IVMH,3,Update
ivmh,No Repair,50,50,RecentScan,17.031709,,50.0,,,,1,IVMH,3,RecentScan
ivmh,No Repair,51,51,RecentScan,16.561959,,51.0,,,,1,IVMH,3,RecentScan
ivmh,No Repair,52,52,RecentScan,16.733042,,52.0,,,,1,IVMH,3,RecentScan
ivmh,No Repair,53,53,RecentScan,17.588958,,53.0,,,,1,IVMH,3,RecentScan
ivmh,No Repair,54,54,RecentScan,16.987334,,54.0,,,,1,IVMH,3,RecentScan
ivmh,No Repair,55,55,MarkTs,0.00125,,55.0,,,,1,IVMH,3,
ivmh,No Repair,56,56,Update,0.012875,6.0,,,,,1,IVMH,3,Update
ivmh,No Repair,57,57,RecentScan,16.643542,,57.0,,,,1,IVMH,3,RecentScan
ivmh,No Repair,58,58,RecentScan,16.495584,,58.0,,,,1,IVMH,3,RecentScan
ivmh,No Repair,59,59,RecentScan,17.54525,,59.0,,,,1,IVMH,3,RecentScan
ivmh,No Repair,60,60,RecentScan,16.81175,,60.0,,,,1,IVMH,3,RecentScan
ivmh,No Repair,61,61,RecentScan,16.19525,,61.0,,,,1,IVMH,3,RecentScan
ivmh,No Repair,62,62,MarkTs,0.0,,62.0,,,,1,IVMH,3,
ivmh,No Repair,63,63,Update,0.012917,6.0,,,,,1,IVMH,3,Update
ivmh,No Repair,64,64,RecentScan,16.0085,,64.0,,,,1,IVMH,3,RecentScan
ivmh,No Repair,65,65,RecentScan,15.977417,,65.0,,,,1,IVMH,3,RecentScan
ivmh,No Repair,66,66,RecentScan,16.645792,,66.0,,,,1,IVMH,3,RecentScan
ivmh,No Repair,67,67,RecentScan,16.292458,,67.0,,,,1,IVMH,3,RecentScan
ivmh,No Repair,68,68,RecentScan,18.093959,,68.0,,,,1,IVMH,3,RecentScan
ivmh,No Repair,69,69,MarkTs,0.0,,69.0,,,,1,IVMH,3,
ivmh,No Repair,70,70,Update,0.014708,6.0,,,,,1,IVMH,3,Update
ivmh,No Repair,71,71,RecentScan,16.239,,71.0,,,,1,IVMH,3,RecentScan
ivmh,No Repair,72,72,RecentScan,15.643625,,72.0,,,,1,IVMH,3,RecentScan
ivmh,No Repair,73,73,RecentScan,16.224125,,73.0,,,,1,IVMH,3,RecentScan
ivmh,No Repair,74,74,RecentScan,18.175417,,74.0,,,,1,IVMH,3,RecentScan
ivmh,No Repair,75,75,RecentScan,16.24975,,75.0,,,,1,IVMH,3,RecentScan
ivmh,No Repair,76,76,MarkTs,0.0,,76.0,,,,1,IVMH,3,
ivmh,No Repair,77,77,Update,0.015959,6.0,,,,,1,IVMH,3,Update
ivmh,No Repair,78,78,RecentScan,16.070834,,78.0,,,,1,IVMH,3,RecentScan
ivmh,No Repair,79,79,RecentScan,16.102583,,79.0,,,,1,IVMH,3,RecentScan
ivmh,No Repair,80,80,RecentScan,16.873125,,80.0,,,,1,IVMH,3,RecentScan
ivmh,No Repair,81,81,RecentScan,15.9015,,81.0,,,,1,IVMH,3,RecentScan
ivmh,No Repair,82,82,RecentScan,16.1535,,82.0,,,,1,IVMH,3,RecentScan
ivmh,No Repair,83,83,MarkTs,0.0,,83.0,,,,1,IVMH,3,
ivmh,No Repair,84,84,Update,0.015625,6.0,,,,,1,IVMH,3,Update
ivmh,No Repair,85,85,RecentScan,17.714208,,85.0,,,,1,IVMH,3,RecentScan
ivmh,No Repair,86,86,RecentScan,16.794292,,86.0,,,,1,IVMH,3,RecentScan
ivmh,No Repair,87,87,RecentScan,15.997292,,87.0,,,,1,IVMH,3,RecentScan
ivmh,No Repair,88,88,RecentScan,16.044958,,88.0,,,,1,IVMH,3,RecentScan
ivmh,No Repair,89,89,RecentScan,17.237958,,89.0,,,,1,IVMH,3,RecentScan
ivmh,No Repair,90,90,MarkTs,0.0010840000000000001,,90.0,,,,1,IVMH,3,
ivmh,No Repair,91,91,Update,0.01225,6.0,,,,,1,IVMH,3,Update
ivmh,No Repair,92,92,RecentScan,16.541084,,92.0,,,,1,IVMH,3,RecentScan
ivmh,No Repair,93,93,RecentScan,17.0975,,93.0,,,,1,IVMH,3,RecentScan
ivmh,No Repair,94,94,RecentScan,15.751667,,94.0,,,,1,IVMH,3,RecentScan
ivmh,No Repair,95,95,RecentScan,17.028708,,95.0,,,,1,IVMH,3,RecentScan
ivmh,No Repair,96,96,RecentScan,16.013542,,96.0,,,,1,IVMH,3,RecentScan
ivmh,No Repair,97,97,MarkTs,0.0,,97.0,,,,1,IVMH,3,
ivmh,No Repair,98,98,Update,0.013917,6.0,,,,,1,IVMH,3,Update
ivmh,No Repair,99,99,RecentScan,17.064416,,99.0,,,,1,IVMH,3,RecentScan
ivmh,No Repair,100,100,RecentScan,16.403084,,100.0,,,,1,IVMH,3,RecentScan
ivmh,No Repair,101,101,RecentScan,18.048959,,101.0,,,,1,IVMH,3,RecentScan
ivmh,No Repair,102,102,RecentScan,15.96525,,102.0,,,,1,IVMH,3,RecentScan
ivmh,No Repair,103,103,RecentScan,15.954,,103.0,,,,1,IVMH,3,RecentScan
ivmh,No Repair,104,104,MarkTs,0.00175,,104.0,,,,1,IVMH,3,
ivmh,No Repair,105,105,Update,0.017584,6.0,,,,,1,IVMH,3,Update
ivmh,No Repair,106,106,RecentScan,16.381834,,106.0,,,,1,IVMH,3,RecentScan
ivmh,No Repair,107,107,RecentScan,19.059583,,107.0,,,,1,IVMH,3,RecentScan
ivmh,No Repair,108,108,RecentScan,16.230292,,108.0,,,,1,IVMH,3,RecentScan
ivmh,No Repair,109,109,RecentScan,17.998375,,109.0,,,,1,IVMH,3,RecentScan
ivmh,No Repair,110,110,RecentScan,17.282541,,110.0,,,,1,IVMH,3,RecentScan
ivmh,No Repair,111,111,MarkTs,0.0,,111.0,,,,1,IVMH,3,
ivmh,No Repair,112,112,Update,0.008584,6.0,,,,,1,IVMH,3,Update
ivmh,No Repair,113,113,RecentScan,15.616,,113.0,,,,1,IVMH,3,RecentScan
ivmh,No Repair,114,114,RecentScan,17.2325,,114.0,,,,1,IVMH,3,RecentScan
ivmh,No Repair,115,115,RecentScan,16.902083,,115.0,,,,1,IVMH,3,RecentScan
ivmh,No Repair,116,116,RecentScan,17.020625,,116.0,,,,1,IVMH,3,RecentScan
ivmh,No Repair,117,117,RecentScan,16.294583,,117.0,,,,1,IVMH,3,RecentScan
ivmh,No Repair,118,118,MarkTs,0.0,,118.0,,,,1,IVMH,3,
ivmh,No Repair,119,119,Update,0.008875,6.0,,,,,1,IVMH,3,Update
ivmh,No Repair,120,120,RecentScan,15.925583,,120.0,,,,1,IVMH,3,RecentScan
ivmh,No Repair,121,121,RecentScan,17.288416,,121.0,,,,1,IVMH,3,RecentScan
ivmh,No Repair,122,122,RecentScan,17.102541,,122.0,,,,1,IVMH,3,RecentScan
ivmh,No Repair,123,123,RecentScan,16.477042,,123.0,,,,1,IVMH,3,RecentScan
ivmh,No Repair,124,124,RecentScan,15.79875,,124.0,,,,1,IVMH,3,RecentScan
ivmh,No Repair,125,125,MarkTs,0.0,,125.0,,,,1,IVMH,3,
ivmh,No Repair,126,126,Update,0.013292,6.0,,,,,1,IVMH,3,Update
ivmh,No Repair,127,127,RecentScan,17.169666,,127.0,,,,1,IVMH,3,RecentScan
ivmh,No Repair,128,128,RecentScan,16.972084,,128.0,,,,1,IVMH,3,RecentScan
ivmh,No Repair,129,129,RecentScan,16.087125,,129.0,,,,1,IVMH,3,RecentScan
ivmh,No Repair,130,130,RecentScan,16.254459,,130.0,,,,1,IVMH,3,RecentScan
ivmh,No Repair,131,131,RecentScan,16.000084,,131.0,,,,1,IVMH,3,RecentScan
ivmh,No Repair,132,132,MarkTs,0.0,,132.0,,,,1,IVMH,3,
ivmh,No Repair,133,133,Update,0.023459,6.0,,,,,1,IVMH,3,Update
ivmh,No Repair,134,134,RecentScan,17.194833,,134.0,,,,1,IVMH,3,RecentScan
ivmh,No Repair,135,135,RecentScan,15.815125,,135.0,,,,1,IVMH,3,RecentScan
ivmh,No Repair,136,136,RecentScan,16.18875,,136.0,,,,1,IVMH,3,RecentScan
ivmh,No Repair,137,137,RecentScan,17.73775,,137.0,,,,1,IVMH,3,RecentScan
ivmh,No Repair,138,138,RecentScan,16.1455,,138.0,,,,1,IVMH,3,RecentScan
ivmh,No Repair,139,139,MarkTs,0.0,,139.0,,,,1,IVMH,3,
ivmh,No Repair,140,140,Update,0.013792,6.0,,,,,1,IVMH,3,Update
ivmh,No Repair,0,0,InitLoad,14.304292,60000.0,,,,,0,IVMH,4,InitLoad
ivmh,No Repair,1,1,RecentScan,17.393458,,1.0,,,,0,IVMH,4,RecentScan
ivmh,No Repair,2,2,RecentScan,19.388667,,2.0,,,,0,IVMH,4,RecentScan
ivmh,No Repair,3,3,RecentScan,23.966125,,3.0,,,,0,IVMH,4,RecentScan
ivmh,No Repair,4,4,RecentScan,16.169583,,4.0,,,,0,IVMH,4,RecentScan
ivmh,No Repair,5,5,RecentScan,15.612541,,5.0,,,,0,IVMH,4,RecentScan
ivmh,No Repair,6,6,MarkTs,0.0,,6.0,,,,0,IVMH,4,
ivmh,No Repair,7,7,Update,0.015209,6.0,,,,,0,IVMH,4,Update
ivmh,No Repair,8,8,MarkTs,52.632792,,6.0,,,HistoryScan,0,IVMH,4,BuildSnap
ivmh,No Repair,8,8,HistoryScan,16.705625,,6.0,,,,0,IVMH,4,HistoryScan
ivmh,No Repair,9,9,RecentScan,17.672583,,9.0,,,,0,IVMH,4,RecentScan
ivmh,No Repair,10,10,RecentScan,16.321584,,10.0,,,,0,IVMH,4,RecentScan
ivmh,No Repair,11,11,RecentScan,16.223292,,11.0,,,,0,IVMH,4,RecentScan
ivmh,No Repair,12,12,RecentScan,15.775417,,12.0,,,,0,IVMH,4,RecentScan
ivmh,No Repair,13,13,MarkTs,0.0,,13.0,,,,0,IVMH,4,
ivmh,No Repair,14,14,Update,0.012208,6.0,,,,,0,IVMH,4,Update
ivmh,No Repair,15,15,RecentScan,15.908959,,15.0,,,,0,IVMH,4,RecentScan
ivmh,No Repair,16,16,RecentScan,15.490958,,16.0,,,,0,IVMH,4,RecentScan
ivmh,No Repair,17,17,RecentScan,15.626625,,17.0,,,,0,IVMH,4,RecentScan
ivmh,No Repair,18,18,RecentScan,15.21775,,18.0,,,,0,IVMH,4,RecentScan
ivmh,No Repair,19,19,RecentScan,15.204167,,19.0,,,,0,IVMH,4,RecentScan
ivmh,No Repair,20,20,MarkTs,0.0,,20.0,,,,0,IVMH,4,
ivmh,No Repair,21,21,Update,0.013833999999999999,6.0,,,,,0,IVMH,4,Update
ivmh,No Repair,22,22,MarkTs,51.431292,,20.0,,,HistoryScan,0,IVMH,4,BuildSnap
ivmh,No Repair,22,22,HistoryScan,19.565708,,20.0,,,,0,IVMH,4,HistoryScan
ivmh,No Repair,23,23,RecentScan,17.273958,,23.0,,,,0,IVMH,4,RecentScan
ivmh,No Repair,24,24,RecentScan,15.546584,,24.0,,,,0,IVMH,4,RecentScan
ivmh,No Repair,25,25,RecentScan,15.480792,,25.0,,,,0,IVMH,4,RecentScan
ivmh,No Repair,26,26,RecentScan,15.547458,,26.0,,,,0,IVMH,4,RecentScan
ivmh,No Repair,27,27,MarkTs,0.001083,,27.0,,,,0,IVMH,4,
ivmh,No Repair,28,28,Update,0.014125,6.0,,,,,0,IVMH,4,Update
ivmh,No Repair,29,29,RecentScan,15.784709,,29.0,,,,0,IVMH,4,RecentScan
ivmh,No Repair,30,30,RecentScan,15.341541,,30.0,,,,0,IVMH,4,RecentScan
ivmh,No Repair,31,31,RecentScan,15.034042,,31.0,,,,0,IVMH,4,RecentScan
ivmh,No Repair,32,32,RecentScan,15.056708,,32.0,,,,0,IVMH,4,RecentScan
ivmh,No Repair,33,33,RecentScan,15.33375,,33.0,,,,0,IVMH,4,RecentScan
ivmh,No Repair,34,34,MarkTs,0.0,,34.0,,,,0,IVMH,4,
ivmh,No Repair,35,35,Update,0.010667,6.0,,,,,0,IVMH,4,Update
ivmh,No Repair,36,36,MarkTs,49.952292,,34.0,,,HistoryScan,0,IVMH,4,BuildSnap
ivmh,No Repair,36,36,HistoryScan,20.6085,,34.0,,,,0,IVMH,4,HistoryScan
ivmh,No Repair,37,37,RecentScan,16.9205,,37.0,,,,0,IVMH,4,RecentScan
ivmh,No Repair,38,38,RecentScan,15.834625,,38.0,,,,0,IVMH,4,RecentScan
ivmh,No Repair,39,39,RecentScan,16.079458,,39.0,,,,0,IVMH,4,RecentScan
ivmh,No Repair,40,40,RecentScan,15.861542,,40.0,,,,0,IVMH,4,RecentScan
ivmh,No Repair,41,41,MarkTs,0.0,,41.0,,,,0,IVMH,4,
ivmh,No Repair,42,42,Update,0.019458,6.0,,,,,0,IVMH,4,Update
ivmh,No Repair,43,43,RecentScan,15.884125,,43.0,,,,0,IVMH,4,RecentScan
ivmh,No Repair,44,44,RecentScan,16.6545,,44.0,,,,0,IVMH,4,RecentScan
ivmh,No Repair,45,45,RecentScan,16.396917,,45.0,,,,0,IVMH,4,RecentScan
ivmh,No Repair,46,46,RecentScan,15.26425,,46.0,,,,0,IVMH,4,RecentScan
ivmh,No Repair,47,47,RecentScan,15.809541,,47.0,,,,0,IVMH,4,RecentScan
ivmh,No Repair,48,48,MarkTs,0.0,,48.0,,,,0,IVMH,4,
ivmh,No Repair,49,49,Update,0.0105,6.0,,,,,0,IVMH,4,Update
ivmh,No Repair,50,50,MarkTs,59.023667,,48.0,,,HistoryScan,0,IVMH,4,BuildSnap
ivmh,No Repair,50,50,HistoryScan,19.539333,,48.0,,,,0,IVMH,4,HistoryScan
ivmh,No Repair,51,51,RecentScan,18.407375,,51.0,,,,0,IVMH,4,RecentScan
ivmh,No Repair,52,52,RecentScan,16.84775,,52.0,,,,0,IVMH,4,RecentScan
ivmh,No Repair,53,53,RecentScan,16.635708,,53.0,,,,0,IVMH,4,RecentScan
ivmh,No Repair,54,54,RecentScan,17.893375,,54.0,,,,0,IVMH,4,RecentScan
ivmh,No Repair,55,55,MarkTs,0.001083,,55.0,,,,0,IVMH,4,
ivmh,No Repair,56,56,Update,0.012917,6.0,,,,,0,IVMH,4,Update
ivmh,No Repair,57,57,RecentScan,16.597,,57.0,,,,0,IVMH,4,RecentScan
ivmh,No Repair,58,58,RecentScan,16.927417,,58.0,,,,0,IVMH,4,RecentScan
ivmh,No Repair,59,59,RecentScan,16.77925,,59.0,,,,0,IVMH,4,RecentScan
ivmh,No Repair,60,60,RecentScan,17.47,,60.0,,,,0,IVMH,4,RecentScan
ivmh,No Repair,61,61,RecentScan,16.993291,,61.0,,,,0,IVMH,4,RecentScan
ivmh,No Repair,62,62,MarkTs,0.0,,62.0,,,,0,IVMH,4,
ivmh,No Repair,63,63,Update,0.013875,6.0,,,,,0,IVMH,4,Update
ivmh,No Repair,64,64,RecentScan,15.132875,,64.0,,,,0,IVMH,4,RecentScan
ivmh,No Repair,65,65,RecentScan,20.826583,,65.0,,,,0,IVMH,4,RecentScan
ivmh,No Repair,66,66,RecentScan,17.036834,,66.0,,,,0,IVMH,4,RecentScan
ivmh,No Repair,67,67,RecentScan,16.211417,,67.0,,,,0,IVMH,4,RecentScan
ivmh,No Repair,68,68,RecentScan,16.470833,,68.0,,,,0,IVMH,4,RecentScan
ivmh,No Repair,69,69,MarkTs,0.0,,69.0,,,,0,IVMH,4,
ivmh,No Repair,70,70,Update,0.015333,6.0,,,,,0,IVMH,4,Update
ivmh,No Repair,71,71,RecentScan,16.869917,,71.0,,,,0,IVMH,4,RecentScan
ivmh,No Repair,72,72,RecentScan,16.546,,72.0,,,,0,IVMH,4,RecentScan
ivmh,No Repair,73,73,RecentScan,17.333583,,73.0,,,,0,IVMH,4,RecentScan
ivmh,No Repair,74,74,RecentScan,16.355084,,74.0,,,,0,IVMH,4,RecentScan
ivmh,No Repair,75,75,RecentScan,15.7775,,75.0,,,,0,IVMH,4,RecentScan
ivmh,No Repair,76,76,MarkTs,0.0,,76.0,,,,0,IVMH,4,
ivmh,No Repair,77,77,Update,0.015916,6.0,,,,,0,IVMH,4,Update
ivmh,No Repair,78,78,RecentScan,16.876791,,78.0,,,,0,IVMH,4,RecentScan
ivmh,No Repair,79,79,RecentScan,17.358334,,79.0,,,,0,IVMH,4,RecentScan
ivmh,No Repair,80,80,RecentScan,16.513375,,80.0,,,,0,IVMH,4,RecentScan
ivmh,No Repair,81,81,RecentScan,15.389041,,81.0,,,,0,IVMH,4,RecentScan
ivmh,No Repair,82,82,RecentScan,16.162417,,82.0,,,,0,IVMH,4,RecentScan
ivmh,No Repair,83,83,MarkTs,0.0,,83.0,,,,0,IVMH,4,
ivmh,No Repair,84,84,Update,0.015667,6.0,,,,,0,IVMH,4,Update
ivmh,No Repair,85,85,RecentScan,16.46075,,85.0,,,,0,IVMH,4,RecentScan
ivmh,No Repair,86,86,RecentScan,16.300167,,86.0,,,,0,IVMH,4,RecentScan
ivmh,No Repair,87,87,RecentScan,16.050708,,87.0,,,,0,IVMH,4,RecentScan
ivmh,No Repair,88,88,RecentScan,16.560125,,88.0,,,,0,IVMH,4,RecentScan
ivmh,No Repair,89,89,RecentScan,15.992375,,89.0,,,,0,IVMH,4,RecentScan
ivmh,No Repair,90,90,MarkTs,0.0,,90.0,,,,0,IVMH,4,
ivmh,No Repair,91,91,Update,0.013625,6.0,,,,,0,IVMH,4,Update
ivmh,No Repair,92,92,RecentScan,16.621125,,92.0,,,,0,IVMH,4,RecentScan
ivmh,No Repair,93,93,RecentScan,15.61775,,93.0,,,,0,IVMH,4,RecentScan
ivmh,No Repair,94,94,RecentScan,15.821416,,94.0,,,,0,IVMH,4,RecentScan
ivmh,No Repair,95,95,RecentScan,16.470167,,95.0,,,,0,IVMH,4,RecentScan
ivmh,No Repair,96,96,RecentScan,15.399667,,96.0,,,,0,IVMH,4,RecentScan
ivmh,No Repair,97,97,MarkTs,0.0,,97.0,,,,0,IVMH,4,
ivmh,No Repair,98,98,Update,0.013958,6.0,,,,,0,IVMH,4,Update
ivmh,No Repair,99,99,RecentScan,16.354542,,99.0,,,,0,IVMH,4,RecentScan
ivmh,No Repair,100,100,RecentScan,16.644875,,100.0,,,,0,IVMH,4,RecentScan
ivmh,No Repair,101,101,RecentScan,16.189792,,101.0,,,,0,IVMH,4,RecentScan
ivmh,No Repair,102,102,RecentScan,16.39775,,102.0,,,,0,IVMH,4,RecentScan
ivmh,No Repair,103,103,RecentScan,17.063916,,103.0,,,,0,IVMH,4,RecentScan
ivmh,No Repair,104,104,MarkTs,0.0017079999999999999,,104.0,,,,0,IVMH,4,
ivmh,No Repair,105,105,Update,0.017167,6.0,,,,,0,IVMH,4,Update
ivmh,No Repair,106,106,RecentScan,17.019542,,106.0,,,,0,IVMH,4,RecentScan
ivmh,No Repair,107,107,RecentScan,16.135125,,107.0,,,,0,IVMH,4,RecentScan
ivmh,No Repair,108,108,RecentScan,17.136333,,108.0,,,,0,IVMH,4,RecentScan
ivmh,No Repair,109,109,RecentScan,16.991709,,109.0,,,,0,IVMH,4,RecentScan
ivmh,No Repair,110,110,RecentScan,17.756958,,110.0,,,,0,IVMH,4,RecentScan
ivmh,No Repair,111,111,MarkTs,0.0,,111.0,,,,0,IVMH,4,
ivmh,No Repair,112,112,Update,0.010583,6.0,,,,,0,IVMH,4,Update
ivmh,No Repair,113,113,RecentScan,17.19625,,113.0,,,,0,IVMH,4,RecentScan
ivmh,No Repair,114,114,RecentScan,16.859334,,114.0,,,,0,IVMH,4,RecentScan
ivmh,No Repair,115,115,RecentScan,16.950625,,115.0,,,,0,IVMH,4,RecentScan
ivmh,No Repair,116,116,RecentScan,16.872166,,116.0,,,,0,IVMH,4,RecentScan
ivmh,No Repair,117,117,RecentScan,16.889333,,117.0,,,,0,IVMH,4,RecentScan
ivmh,No Repair,118,118,MarkTs,0.0,,118.0,,,,0,IVMH,4,
ivmh,No Repair,119,119,Update,0.009,6.0,,,,,0,IVMH,4,Update
ivmh,No Repair,120,120,RecentScan,17.122792,,120.0,,,,0,IVMH,4,RecentScan
ivmh,No Repair,121,121,RecentScan,16.993375,,121.0,,,,0,IVMH,4,RecentScan
ivmh,No Repair,122,122,RecentScan,16.921833,,122.0,,,,0,IVMH,4,RecentScan
ivmh,No Repair,123,123,RecentScan,16.901875,,123.0,,,,0,IVMH,4,RecentScan
ivmh,No Repair,124,124,RecentScan,16.945958,,124.0,,,,0,IVMH,4,RecentScan
ivmh,No Repair,125,125,MarkTs,0.0,,125.0,,,,0,IVMH,4,
ivmh,No Repair,126,126,Update,0.011708,6.0,,,,,0,IVMH,4,Update
ivmh,No Repair,127,127,RecentScan,16.897041,,127.0,,,,0,IVMH,4,RecentScan
ivmh,No Repair,128,128,RecentScan,18.156458,,128.0,,,,0,IVMH,4,RecentScan
ivmh,No Repair,129,129,RecentScan,17.562167,,129.0,,,,0,IVMH,4,RecentScan
ivmh,No Repair,130,130,RecentScan,16.918417,,130.0,,,,0,IVMH,4,RecentScan
ivmh,No Repair,131,131,RecentScan,16.7385,,131.0,,,,0,IVMH,4,RecentScan
ivmh,No Repair,132,132,MarkTs,0.0,,132.0,,,,0,IVMH,4,
ivmh,No Repair,133,133,Update,0.022459,6.0,,,,,0,IVMH,4,Update
ivmh,No Repair,134,134,RecentScan,17.125667,,134.0,,,,0,IVMH,4,RecentScan
ivmh,No Repair,135,135,RecentScan,16.812375,,135.0,,,,0,IVMH,4,RecentScan
ivmh,No Repair,136,136,RecentScan,16.933291,,136.0,,,,0,IVMH,4,RecentScan
ivmh,No Repair,137,137,RecentScan,15.26025,,137.0,,,,0,IVMH,4,RecentScan
ivmh,No Repair,138,138,RecentScan,16.074458,,138.0,,,,0,IVMH,4,RecentScan
ivmh,No Repair,139,139,MarkTs,0.0,,139.0,,,,0,IVMH,4,
ivmh,No Repair,140,140,Update,0.017042,6.0,,,,,0,IVMH,4,Update
ivmh,No Repair,0,0,InitLoad,14.902375,60000.0,,,,,1,IVMH,4,InitLoad
ivmh,No Repair,1,1,RecentScan,18.482417,,1.0,,,,1,IVMH,4,RecentScan
ivmh,No Repair,2,2,RecentScan,15.095542,,2.0,,,,1,IVMH,4,RecentScan
ivmh,No Repair,3,3,RecentScan,13.802334,,3.0,,,,1,IVMH,4,RecentScan
ivmh,No Repair,4,4,RecentScan,15.082333,,4.0,,,,1,IVMH,4,RecentScan
ivmh,No Repair,5,5,RecentScan,17.513,,5.0,,,,1,IVMH,4,RecentScan
ivmh,No Repair,6,6,MarkTs,0.001083,,6.0,,,,1,IVMH,4,
ivmh,No Repair,7,7,Update,0.020667,6.0,,,,,1,IVMH,4,Update
ivmh,No Repair,8,8,MarkTs,52.175625,,6.0,,,HistoryScan,1,IVMH,4,BuildSnap
ivmh,No Repair,8,8,HistoryScan,18.9735,,6.0,,,,1,IVMH,4,HistoryScan
ivmh,No Repair,9,9,RecentScan,16.819709,,9.0,,,,1,IVMH,4,RecentScan
ivmh,No Repair,10,10,RecentScan,17.211416,,10.0,,,,1,IVMH,4,RecentScan
ivmh,No Repair,11,11,RecentScan,15.484666,,11.0,,,,1,IVMH,4,RecentScan
ivmh,No Repair,12,12,RecentScan,16.043958,,12.0,,,,1,IVMH,4,RecentScan
ivmh,No Repair,13,13,MarkTs,0.0,,13.0,,,,1,IVMH,4,
ivmh,No Repair,14,14,Update,0.011125,6.0,,,,,1,IVMH,4,Update
ivmh,No Repair,15,15,RecentScan,13.686,,15.0,,,,1,IVMH,4,RecentScan
ivmh,No Repair,16,16,RecentScan,15.259042,,16.0,,,,1,IVMH,4,RecentScan
ivmh,No Repair,17,17,RecentScan,18.400542,,17.0,,,,1,IVMH,4,RecentScan
ivmh,No Repair,18,18,RecentScan,16.190083,,18.0,,,,1,IVMH,4,RecentScan
ivmh,No Repair,19,19,RecentScan,18.098792,,19.0,,,,1,IVMH,4,RecentScan
ivmh,No Repair,20,20,MarkTs,0.0,,20.0,,,,1,IVMH,4,
ivmh,No Repair,21,21,Update,0.013792,6.0,,,,,1,IVMH,4,Update
ivmh,No Repair,22,22,MarkTs,49.289917,,20.0,,,HistoryScan,1,IVMH,4,BuildSnap
ivmh,No Repair,22,22,HistoryScan,17.572541,,20.0,,,,1,IVMH,4,HistoryScan
ivmh,No Repair,23,23,RecentScan,16.546583,,23.0,,,,1,IVMH,4,RecentScan
ivmh,No Repair,24,24,RecentScan,15.430292,,24.0,,,,1,IVMH,4,RecentScan
ivmh,No Repair,25,25,RecentScan,15.181875,,25.0,,,,1,IVMH,4,RecentScan
ivmh,No Repair,26,26,RecentScan,16.233125,,26.0,,,,1,IVMH,4,RecentScan
ivmh,No Repair,27,27,MarkTs,0.0,,27.0,,,,1,IVMH,4,
ivmh,No Repair,28,28,Update,0.014083,6.0,,,,,1,IVMH,4,Update
ivmh,No Repair,29,29,RecentScan,16.541375,,29.0,,,,1,IVMH,4,RecentScan
ivmh,No Repair,30,30,RecentScan,16.283125,,30.0,,,,1,IVMH,4,RecentScan
ivmh,No Repair,31,31,RecentScan,16.08025,,31.0,,,,1,IVMH,4,RecentScan
ivmh,No Repair,32,32,RecentScan,16.267041,,32.0,,,,1,IVMH,4,RecentScan
ivmh,No Repair,33,33,RecentScan,15.934667,,33.0,,,,1,IVMH,4,RecentScan
ivmh,No Repair,34,34,MarkTs,0.0,,34.0,,,,1,IVMH,4,
ivmh,No Repair,35,35,Update,0.011208000000000001,6.0,,,,,1,IVMH,4,Update
ivmh,No Repair,36,36,MarkTs,49.091375,,34.0,,,HistoryScan,1,IVMH,4,BuildSnap
ivmh,No Repair,36,36,HistoryScan,17.851959,,34.0,,,,1,IVMH,4,HistoryScan
ivmh,No Repair,37,37,RecentScan,16.691416,,37.0,,,,1,IVMH,4,RecentScan
ivmh,No Repair,38,38,RecentScan,16.523042,,38.0,,,,1,IVMH,4,RecentScan
ivmh,No Repair,39,39,RecentScan,16.3445,,39.0,,,,1,IVMH,4,RecentScan
ivmh,No Repair,40,40,RecentScan,16.845791,,40.0,,,,1,IVMH,4,RecentScan
ivmh,No Repair,41,41,MarkTs,0.0,,41.0,,,,1,IVMH,4,
ivmh,No Repair,42,42,Update,0.017167,6.0,,,,,1,IVMH,4,Update
ivmh,No Repair,43,43,RecentScan,18.800625,,43.0,,,,1,IVMH,4,RecentScan
ivmh,No Repair,44,44,RecentScan,18.874667,,44.0,,,,1,IVMH,4,RecentScan
ivmh,No Repair,45,45,RecentScan,17.819083,,45.0,,,,1,IVMH,4,RecentScan
ivmh,No Repair,46,46,RecentScan,17.092458,,46.0,,,,1,IVMH,4,RecentScan
ivmh,No Repair,47,47,RecentScan,16.914584,,47.0,,,,1,IVMH,4,RecentScan
ivmh,No Repair,48,48,MarkTs,0.0,,48.0,,,,1,IVMH,4,
ivmh,No Repair,49,49,Update,0.009375,6.0,,,,,1,IVMH,4,Update
ivmh,No Repair,50,50,MarkTs,48.837667,,48.0,,,HistoryScan,1,IVMH,4,BuildSnap
ivmh,No Repair,50,50,HistoryScan,18.51175,,48.0,,,,1,IVMH,4,HistoryScan
ivmh,No Repair,51,51,RecentScan,15.987208,,51.0,,,,1,IVMH,4,RecentScan
ivmh,No Repair,52,52,RecentScan,16.095583,,52.0,,,,1,IVMH,4,RecentScan
ivmh,No Repair,53,53,RecentScan,15.801167,,53.0,,,,1,IVMH,4,RecentScan
ivmh,No Repair,54,54,RecentScan,16.656333,,54.0,,,,1,IVMH,4,RecentScan
ivmh,No Repair,55,55,MarkTs,0.0012909999999999998,,55.0,,,,1,IVMH,4,
ivmh,No Repair,56,56,Update,0.01225,6.0,,,,,1,IVMH,4,Update
ivmh,No Repair,57,57,RecentScan,17.040708,,57.0,,,,1,IVMH,4,RecentScan
ivmh,No Repair,58,58,RecentScan,15.519542,,58.0,,,,1,IVMH,4,RecentScan
ivmh,No Repair,59,59,RecentScan,16.241458,,59.0,,,,1,IVMH,4,RecentScan
ivmh,No Repair,60,60,RecentScan,16.612375,,60.0,,,,1,IVMH,4,RecentScan
ivmh,No Repair,61,61,RecentScan,17.521125,,61.0,,,,1,IVMH,4,RecentScan
ivmh,No Repair,62,62,MarkTs,0.0,,62.0,,,,1,IVMH,4,
ivmh,No Repair,63,63,Update,0.016375,6.0,,,,,1,IVMH,4,Update
ivmh,No Repair,64,64,RecentScan,16.601084,,64.0,,,,1,IVMH,4,RecentScan
ivmh,No Repair,65,65,RecentScan,14.618792,,65.0,,,,1,IVMH,4,RecentScan
ivmh,No Repair,66,66,RecentScan,16.016083,,66.0,,,,1,IVMH,4,RecentScan
ivmh,No Repair,67,67,RecentScan,15.703625,,67.0,,,,1,IVMH,4,RecentScan
ivmh,No Repair,68,68,RecentScan,16.478458,,68.0,,,,1,IVMH,4,RecentScan
ivmh,No Repair,69,69,MarkTs,0.0,,69.0,,,,1,IVMH,4,
ivmh,No Repair,70,70,Update,0.011334,6.0,,,,,1,IVMH,4,Update
ivmh,No Repair,71,71,RecentScan,16.155625,,71.0,,,,1,IVMH,4,RecentScan
ivmh,No Repair,72,72,RecentScan,16.1905,,72.0,,,,1,IVMH,4,RecentScan
ivmh,No Repair,73,73,RecentScan,17.425292,,73.0,,,,1,IVMH,4,RecentScan
ivmh,No Repair,74,74,RecentScan,18.570292,,74.0,,,,1,IVMH,4,RecentScan
ivmh,No Repair,75,75,RecentScan,16.462292,,75.0,,,,1,IVMH,4,RecentScan
ivmh,No Repair,76,76,MarkTs,0.0,,76.0,,,,1,IVMH,4,
ivmh,No Repair,77,77,Update,0.013917,6.0,,,,,1,IVMH,4,Update
ivmh,No Repair,78,78,RecentScan,16.111208,,78.0,,,,1,IVMH,4,RecentScan
ivmh,No Repair,79,79,RecentScan,16.49725,,79.0,,,,1,IVMH,4,RecentScan
ivmh,No Repair,80,80,RecentScan,15.839458,,80.0,,,,1,IVMH,4,RecentScan
ivmh,No Repair,81,81,RecentScan,16.428625,,81.0,,,,1,IVMH,4,RecentScan
ivmh,No Repair,82,82,RecentScan,15.900333,,82.0,,,,1,IVMH,4,RecentScan
ivmh,No Repair,83,83,MarkTs,0.0,,83.0,,,,1,IVMH,4,
ivmh,No Repair,84,84,Update,0.016875,6.0,,,,,1,IVMH,4,Update
ivmh,No Repair,85,85,RecentScan,16.794167,,85.0,,,,1,IVMH,4,RecentScan
ivmh,No Repair,86,86,RecentScan,16.55225,,86.0,,,,1,IVMH,4,RecentScan
ivmh,No Repair,87,87,RecentScan,16.464417,,87.0,,,,1,IVMH,4,RecentScan
ivmh,No Repair,88,88,RecentScan,15.896625,,88.0,,,,1,IVMH,4,RecentScan
ivmh,No Repair,89,89,RecentScan,15.904625,,89.0,,,,1,IVMH,4,RecentScan
ivmh,No Repair,90,90,MarkTs,0.0,,90.0,,,,1,IVMH,4,
ivmh,No Repair,91,91,Update,0.012542,6.0,,,,,1,IVMH,4,Update
ivmh,No Repair,92,92,RecentScan,16.2035,,92.0,,,,1,IVMH,4,RecentScan
ivmh,No Repair,93,93,RecentScan,15.89075,,93.0,,,,1,IVMH,4,RecentScan
ivmh,No Repair,94,94,RecentScan,15.596459,,94.0,,,,1,IVMH,4,RecentScan
ivmh,No Repair,95,95,RecentScan,15.564584,,95.0,,,,1,IVMH,4,RecentScan
ivmh,No Repair,96,96,RecentScan,16.092542,,96.0,,,,1,IVMH,4,RecentScan
ivmh,No Repair,97,97,MarkTs,0.0,,97.0,,,,1,IVMH,4,
ivmh,No Repair,98,98,Update,0.011833,6.0,,,,,1,IVMH,4,Update
ivmh,No Repair,99,99,RecentScan,15.018417,,99.0,,,,1,IVMH,4,RecentScan
ivmh,No Repair,100,100,RecentScan,15.835583,,100.0,,,,1,IVMH,4,RecentScan
ivmh,No Repair,101,101,RecentScan,16.038708,,101.0,,,,1,IVMH,4,RecentScan
ivmh,No Repair,102,102,RecentScan,13.852875,,102.0,,,,1,IVMH,4,RecentScan
ivmh,No Repair,103,103,RecentScan,14.755542,,103.0,,,,1,IVMH,4,RecentScan
ivmh,No Repair,104,104,MarkTs,0.0012079999999999999,,104.0,,,,1,IVMH,4,
ivmh,No Repair,105,105,Update,0.017125,6.0,,,,,1,IVMH,4,Update
ivmh,No Repair,106,106,RecentScan,15.538375,,106.0,,,,1,IVMH,4,RecentScan
ivmh,No Repair,107,107,RecentScan,15.2125,,107.0,,,,1,IVMH,4,RecentScan
ivmh,No Repair,108,108,RecentScan,14.932916,,108.0,,,,1,IVMH,4,RecentScan
ivmh,No Repair,109,109,RecentScan,15.118333,,109.0,,,,1,IVMH,4,RecentScan
ivmh,No Repair,110,110,RecentScan,17.998667,,110.0,,,,1,IVMH,4,RecentScan
ivmh,No Repair,111,111,MarkTs,0.0,,111.0,,,,1,IVMH,4,
ivmh,No Repair,112,112,Update,0.008375,6.0,,,,,1,IVMH,4,Update
ivmh,No Repair,113,113,RecentScan,17.400167,,113.0,,,,1,IVMH,4,RecentScan
ivmh,No Repair,114,114,RecentScan,16.5295,,114.0,,,,1,IVMH,4,RecentScan
ivmh,No Repair,115,115,RecentScan,16.046042,,115.0,,,,1,IVMH,4,RecentScan
ivmh,No Repair,116,116,RecentScan,15.528916,,116.0,,,,1,IVMH,4,RecentScan
ivmh,No Repair,117,117,RecentScan,17.058875,,117.0,,,,1,IVMH,4,RecentScan
ivmh,No Repair,118,118,MarkTs,0.0,,118.0,,,,1,IVMH,4,
ivmh,No Repair,119,119,Update,0.009333000000000001,6.0,,,,,1,IVMH,4,Update
ivmh,No Repair,120,120,RecentScan,15.352916,,120.0,,,,1,IVMH,4,RecentScan
ivmh,No Repair,121,121,RecentScan,15.862875,,121.0,,,,1,IVMH,4,RecentScan
ivmh,No Repair,122,122,RecentScan,15.634667,,122.0,,,,1,IVMH,4,RecentScan
ivmh,No Repair,123,123,RecentScan,18.470458,,123.0,,,,1,IVMH,4,RecentScan
ivmh,No Repair,124,124,RecentScan,16.152833,,124.0,,,,1,IVMH,4,RecentScan
ivmh,No Repair,125,125,MarkTs,0.0,,125.0,,,,1,IVMH,4,
ivmh,No Repair,126,126,Update,0.012584,6.0,,,,,1,IVMH,4,Update
ivmh,No Repair,127,127,RecentScan,15.770041,,127.0,,,,1,IVMH,4,RecentScan
ivmh,No Repair,128,128,RecentScan,15.862458,,128.0,,,,1,IVMH,4,RecentScan
ivmh,No Repair,129,129,RecentScan,15.724375,,129.0,,,,1,IVMH,4,RecentScan
ivmh,No Repair,130,130,RecentScan,15.661625,,130.0,,,,1,IVMH,4,RecentScan
ivmh,No Repair,131,131,RecentScan,14.653791,,131.0,,,,1,IVMH,4,RecentScan
ivmh,No Repair,132,132,MarkTs,0.0,,132.0,,,,1,IVMH,4,
ivmh,No Repair,133,133,Update,0.023291,6.0,,,,,1,IVMH,4,Update
ivmh,No Repair,134,134,RecentScan,15.443625,,134.0,,,,1,IVMH,4,RecentScan
ivmh,No Repair,135,135,RecentScan,15.730083,,135.0,,,,1,IVMH,4,RecentScan
ivmh,No Repair,136,136,RecentScan,15.969,,136.0,,,,1,IVMH,4,RecentScan
ivmh,No Repair,137,137,RecentScan,15.075375,,137.0,,,,1,IVMH,4,RecentScan
ivmh,No Repair,138,138,RecentScan,16.308959,,138.0,,,,1,IVMH,4,RecentScan
ivmh,No Repair,139,139,MarkTs,0.0,,139.0,,,,1,IVMH,4,
ivmh,No Repair,140,140,Update,0.013,6.0,,,,,1,IVMH,4,Update
ivmh,No Repair,0,0,InitLoad,14.605958,60000.0,,,,,0,IVMH,5,InitLoad
ivmh,No Repair,1,1,RecentScan,18.84525,,1.0,,,,0,IVMH,5,RecentScan
ivmh,No Repair,2,2,RecentScan,14.477917,,2.0,,,,0,IVMH,5,RecentScan
ivmh,No Repair,3,3,RecentScan,16.319583,,3.0,,,,0,IVMH,5,RecentScan
ivmh,No Repair,4,4,RecentScan,15.930375,,4.0,,,,0,IVMH,5,RecentScan
ivmh,No Repair,5,5,RecentScan,17.010667,,5.0,,,,0,IVMH,5,RecentScan
ivmh,No Repair,6,6,MarkTs,0.0,,6.0,,,,0,IVMH,5,
ivmh,No Repair,7,7,Update,0.014833,6.0,,,,,0,IVMH,5,Update
ivmh,No Repair,8,8,MarkTs,51.809041,,6.0,,,HistoryScan,0,IVMH,5,BuildSnap
ivmh,No Repair,8,8,HistoryScan,16.437792,,6.0,,,,0,IVMH,5,HistoryScan
ivmh,No Repair,9,9,RecentScan,15.498667,,9.0,,,,0,IVMH,5,RecentScan
ivmh,No Repair,10,10,RecentScan,17.135375,,10.0,,,,0,IVMH,5,RecentScan
ivmh,No Repair,11,11,RecentScan,17.111542,,11.0,,,,0,IVMH,5,RecentScan
ivmh,No Repair,12,12,RecentScan,17.763625,,12.0,,,,0,IVMH,5,RecentScan
ivmh,No Repair,13,13,MarkTs,0.0,,13.0,,,,0,IVMH,5,
ivmh,No Repair,14,14,Update,0.013209,6.0,,,,,0,IVMH,5,Update
ivmh,No Repair,15,15,RecentScan,15.311292,,15.0,,,,0,IVMH,5,RecentScan
ivmh,No Repair,16,16,RecentScan,15.1635,,16.0,,,,0,IVMH,5,RecentScan
ivmh,No Repair,17,17,RecentScan,16.915375,,17.0,,,,0,IVMH,5,RecentScan
ivmh,No Repair,18,18,RecentScan,15.581792,,18.0,,,,0,IVMH,5,RecentScan
ivmh,No Repair,19,19,RecentScan,16.624583,,19.0,,,,0,IVMH,5,RecentScan
ivmh,No Repair,20,20,MarkTs,0.0,,20.0,,,,0,IVMH,5,
ivmh,No Repair,21,21,Update,0.014041,6.0,,,,,0,IVMH,5,Update
ivmh,No Repair,22,22,MarkTs,47.112333,,20.0,,,HistoryScan,0,IVMH,5,BuildSnap
ivmh,No Repair,22,22,HistoryScan,18.439333,,20.0,,,,0,IVMH,5,HistoryScan
ivmh,No Repair,23,23,RecentScan,17.582208,,23.0,,,,0,IVMH,5,RecentScan
ivmh,No Repair,24,24,RecentScan,15.382125,,24.0,,,,0,IVMH,5,RecentScan
ivmh,No Repair,25,25,RecentScan,15.447917,,25.0,,,,0,IVMH,5,RecentScan
ivmh,No Repair,26,26,RecentScan,17.430875,,26.0,,,,0,IVMH,5,RecentScan
ivmh,No Repair,27,27,MarkTs,0.001125,,27.0,,,,0,IVMH,5,
ivmh,No Repair,28,28,Update,0.012583,6.0,,,,,0,IVMH,5,Update
ivmh,No Repair,29,29,RecentScan,16.635125,,29.0,,,,0,IVMH,5,RecentScan
ivmh,No Repair,30,30,RecentScan,15.359458,,30.0,,,,0,IVMH,5,RecentScan
ivmh,No Repair,31,31,RecentScan,15.311542,,31.0,,,,0,IVMH,5,RecentScan
ivmh,No Repair,32,32,RecentScan,15.392875,,32.0,,,,0,IVMH,5,RecentScan
ivmh,No Repair,33,33,RecentScan,16.716167,,33.0,,,,0,IVMH,5,RecentScan
ivmh,No Repair,34,34,MarkTs,0.0,,34.0,,,,0,IVMH,5,
ivmh,No Repair,35,35,Update,0.010458,6.0,,,,,0,IVMH,5,Update
ivmh,No Repair,36,36,MarkTs,47.724791,,34.0,,,HistoryScan,0,IVMH,5,BuildSnap
ivmh,No Repair,36,36,HistoryScan,17.243417,,34.0,,,,0,IVMH,5,HistoryScan
ivmh,No Repair,37,37,RecentScan,17.611958,,37.0,,,,0,IVMH,5,RecentScan
ivmh,No Repair,38,38,RecentScan,15.714958,,38.0,,,,0,IVMH,5,RecentScan
ivmh,No Repair,39,39,RecentScan,15.653417,,39.0,,,,0,IVMH,5,RecentScan
ivmh,No Repair,40,40,RecentScan,17.574041,,40.0,,,,0,IVMH,5,RecentScan
ivmh,No Repair,41,41,MarkTs,0.0,,41.0,,,,0,IVMH,5,
ivmh,No Repair,42,42,Update,0.016207999999999997,6.0,,,,,0,IVMH,5,Update
ivmh,No Repair,43,43,RecentScan,15.354541,,43.0,,,,0,IVMH,5,RecentScan
ivmh,No Repair,44,44,RecentScan,15.079042,,44.0,,,,0,IVMH,5,RecentScan
ivmh,No Repair,45,45,RecentScan,15.52275,,45.0,,,,0,IVMH,5,RecentScan
ivmh,No Repair,46,46,RecentScan,15.118625,,46.0,,,,0,IVMH,5,RecentScan
ivmh,No Repair,47,47,RecentScan,15.658833,,47.0,,,,0,IVMH,5,RecentScan
ivmh,No Repair,48,48,MarkTs,0.0,,48.0,,,,0,IVMH,5,
ivmh,No Repair,49,49,Update,0.009041,6.0,,,,,0,IVMH,5,Update
ivmh,No Repair,50,50,MarkTs,49.367875,,48.0,,,HistoryScan,0,IVMH,5,BuildSnap
ivmh,No Repair,50,50,HistoryScan,19.027375,,48.0,,,,0,IVMH,5,HistoryScan
ivmh,No Repair,51,51,RecentScan,17.184209,,51.0,,,,0,IVMH,5,RecentScan
ivmh,No Repair,52,52,RecentScan,15.88,,52.0,,,,0,IVMH,5,RecentScan
ivmh,No Repair,53,53,RecentScan,16.655709,,53.0,,,,0,IVMH,5,RecentScan
ivmh,No Repair,54,54,RecentScan,16.153583,,54.0,,,,0,IVMH,5,RecentScan
ivmh,No Repair,55,55,MarkTs,0.001125,,55.0,,,,0,IVMH,5,
ivmh,No Repair,56,56,Update,0.013208000000000001,6.0,,,,,0,IVMH,5,Update
ivmh,No Repair,57,57,RecentScan,17.731166,,57.0,,,,0,IVMH,5,RecentScan
ivmh,No Repair,58,58,RecentScan,17.307625,,58.0,,,,0,IVMH,5,RecentScan
ivmh,No Repair,59,59,RecentScan,14.696583,,59.0,,,,0,IVMH,5,RecentScan
ivmh,No Repair,60,60,RecentScan,16.255375,,60.0,,,,0,IVMH,5,RecentScan
ivmh,No Repair,61,61,RecentScan,16.568333,,61.0,,,,0,IVMH,5,RecentScan
ivmh,No Repair,62,62,MarkTs,0.0,,62.0,,,,0,IVMH,5,
ivmh,No Repair,63,63,Update,0.015334,6.0,,,,,0,IVMH,5,Update
ivmh,No Repair,64,64,MarkTs,49.834959,,62.0,,,HistoryScan,0,IVMH,5,BuildSnap
ivmh,No Repair,64,64,HistoryScan,17.264958,,62.0,,,,0,IVMH,5,HistoryScan
ivmh,No Repair,65,65,RecentScan,15.574375,,65.0,,,,0,IVMH,5,RecentScan
ivmh,No Repair,66,66,RecentScan,20.10825,,66.0,,,,0,IVMH,5,RecentScan
ivmh,No Repair,67,67,RecentScan,17.876958,,67.0,,,,0,IVMH,5,RecentScan
ivmh,No Repair,68,68,RecentScan,14.937459,,68.0,,,,0,IVMH,5,RecentScan
ivmh,No Repair,69,69,MarkTs,0.0,,69.0,,,,0,IVMH,5,
ivmh,No Repair,70,70,Update,0.011042,6.0,,,,,0,IVMH,5,Update
ivmh,No Repair,71,71,RecentScan,13.846208,,71.0,,,,0,IVMH,5,RecentScan
ivmh,No Repair,72,72,RecentScan,15.484084,,72.0,,,,0,IVMH,5,RecentScan
ivmh,No Repair,73,73,RecentScan,17.31225,,73.0,,,,0,IVMH,5,RecentScan
ivmh,No Repair,74,74,RecentScan,17.130209,,74.0,,,,0,IVMH,5,RecentScan
ivmh,No Repair,75,75,RecentScan,15.458917,,75.0,,,,0,IVMH,5,RecentScan
ivmh,No Repair,76,76,MarkTs,0.0,,76.0,,,,0,IVMH,5,
ivmh,No Repair,77,77,Update,0.013541000000000001,6.0,,,,,0,IVMH,5,Update
ivmh,No Repair,78,78,RecentScan,15.801958,,78.0,,,,0,IVMH,5,RecentScan
ivmh,No Repair,79,79,RecentScan,17.293625,,79.0,,,,0,IVMH,5,RecentScan
ivmh,No Repair,80,80,RecentScan,17.315,,80.0,,,,0,IVMH,5,RecentScan
ivmh,No Repair,81,81,RecentScan,15.82,,81.0,,,,0,IVMH,5,RecentScan
ivmh,No Repair,82,82,RecentScan,17.93425,,82.0,,,,0,IVMH,5,RecentScan
ivmh,No Repair,83,83,MarkTs,0.0,,83.0,,,,0,IVMH,5,
ivmh,No Repair,84,84,Update,0.018458,6.0,,,,,0,IVMH,5,Update
ivmh,No Repair,85,85,RecentScan,14.878666,,85.0,,,,0,IVMH,5,RecentScan
ivmh,No Repair,86,86,RecentScan,15.766959,,86.0,,,,0,IVMH,5,RecentScan
ivmh,No Repair,87,87,RecentScan,17.550459,,87.0,,,,0,IVMH,5,RecentScan
ivmh,No Repair,88,88,RecentScan,16.367625,,88.0,,,,0,IVMH,5,RecentScan
ivmh,No Repair,89,89,RecentScan,15.764375,,89.0,,,,0,IVMH,5,RecentScan
ivmh,No Repair,90,90,MarkTs,0.0,,90.0,,,,0,IVMH,5,
ivmh,No Repair,91,91,Update,0.012958,6.0,,,,,0,IVMH,5,Update
ivmh,No Repair,92,92,RecentScan,16.39425,,92.0,,,,0,IVMH,5,RecentScan
ivmh,No Repair,93,93,RecentScan,16.946,,93.0,,,,0,IVMH,5,RecentScan
ivmh,No Repair,94,94,RecentScan,15.869125,,94.0,,,,0,IVMH,5,RecentScan
ivmh,No Repair,95,95,RecentScan,16.996791,,95.0,,,,0,IVMH,5,RecentScan
ivmh,No Repair,96,96,RecentScan,15.537959,,96.0,,,,0,IVMH,5,RecentScan
ivmh,No Repair,97,97,MarkTs,0.0,,97.0,,,,0,IVMH,5,
ivmh,No Repair,98,98,Update,0.013667,6.0,,,,,0,IVMH,5,Update
ivmh,No Repair,99,99,RecentScan,15.331958,,99.0,,,,0,IVMH,5,RecentScan
ivmh,No Repair,100,100,RecentScan,16.67175,,100.0,,,,0,IVMH,5,RecentScan
ivmh,No Repair,101,101,RecentScan,17.654625,,101.0,,,,0,IVMH,5,RecentScan
ivmh,No Repair,102,102,RecentScan,17.477834,,102.0,,,,0,IVMH,5,RecentScan
ivmh,No Repair,103,103,RecentScan,16.789458,,103.0,,,,0,IVMH,5,RecentScan
ivmh,No Repair,104,104,MarkTs,0.001333,,104.0,,,,0,IVMH,5,
ivmh,No Repair,105,105,Update,0.016792,6.0,,,,,0,IVMH,5,Update
ivmh,No Repair,106,106,RecentScan,16.693208,,106.0,,,,0,IVMH,5,RecentScan
ivmh,No Repair,107,107,RecentScan,17.3425,,107.0,,,,0,IVMH,5,RecentScan
ivmh,No Repair,108,108,RecentScan,15.745375,,108.0,,,,0,IVMH,5,RecentScan
ivmh,No Repair,109,109,RecentScan,15.650417,,109.0,,,,0,IVMH,5,RecentScan
ivmh,No Repair,110,110,RecentScan,16.072625,,110.0,,,,0,IVMH,5,RecentScan
ivmh,No Repair,111,111,MarkTs,0.0,,111.0,,,,0,IVMH,5,
ivmh,No Repair,112,112,Update,0.009541000000000001,6.0,,,,,0,IVMH,5,Update
ivmh,No Repair,113,113,RecentScan,17.315625,,113.0,,,,0,IVMH,5,RecentScan
ivmh,No Repair,114,114,RecentScan,15.71425,,114.0,,,,0,IVMH,5,RecentScan
ivmh,No Repair,115,115,RecentScan,17.106541,,115.0,,,,0,IVMH,5,RecentScan
ivmh,No Repair,116,116,RecentScan,15.708458,,116.0,,,,0,IVMH,5,RecentScan
ivmh,No Repair,117,117,RecentScan,16.8895,,117.0,,,,0,IVMH,5,RecentScan
ivmh,No Repair,118,118,MarkTs,0.0,,118.0,,,,0,IVMH,5,
ivmh,No Repair,119,119,Update,0.008584,6.0,,,,,0,IVMH,5,Update
ivmh,No Repair,120,120,RecentScan,15.664,,120.0,,,,0,IVMH,5,RecentScan
ivmh,No Repair,121,121,RecentScan,15.63525,,121.0,,,,0,IVMH,5,RecentScan
ivmh,No Repair,122,122,RecentScan,17.078541,,122.0,,,,0,IVMH,5,RecentScan
ivmh,No Repair,123,123,RecentScan,16.664083,,123.0,,,,0,IVMH,5,RecentScan
ivmh,No Repair,124,124,RecentScan,15.735458,,124.0,,,,0,IVMH,5,RecentScan
ivmh,No Repair,125,125,MarkTs,0.0,,125.0,,,,0,IVMH,5,
ivmh,No Repair,126,126,Update,0.013583999999999999,6.0,,,,,0,IVMH,5,Update
ivmh,No Repair,127,127,RecentScan,16.970959,,127.0,,,,0,IVMH,5,RecentScan
ivmh,No Repair,128,128,RecentScan,15.935791,,128.0,,,,0,IVMH,5,RecentScan
ivmh,No Repair,129,129,RecentScan,15.751209,,129.0,,,,0,IVMH,5,RecentScan
ivmh,No Repair,130,130,RecentScan,17.076959,,130.0,,,,0,IVMH,5,RecentScan
ivmh,No Repair,131,131,RecentScan,16.836209,,131.0,,,,0,IVMH,5,RecentScan
ivmh,No Repair,132,132,MarkTs,0.0,,132.0,,,,0,IVMH,5,
ivmh,No Repair,133,133,Update,0.0205,6.0,,,,,0,IVMH,5,Update
ivmh,No Repair,134,134,RecentScan,15.508917,,134.0,,,,0,IVMH,5,RecentScan
ivmh,No Repair,135,135,RecentScan,17.486666,,135.0,,,,0,IVMH,5,RecentScan
ivmh,No Repair,136,136,RecentScan,14.888833,,136.0,,,,0,IVMH,5,RecentScan
ivmh,No Repair,137,137,RecentScan,15.983792,,137.0,,,,0,IVMH,5,RecentScan
ivmh,No Repair,138,138,RecentScan,14.6615,,138.0,,,,0,IVMH,5,RecentScan
ivmh,No Repair,139,139,MarkTs,0.0,,139.0,,,,0,IVMH,5,
ivmh,No Repair,140,140,Update,0.013625,6.0,,,,,0,IVMH,5,Update
ivmh,No Repair,0,0,InitLoad,15.456208,60000.0,,,,,1,IVMH,5,InitLoad
ivmh,No Repair,1,1,RecentScan,18.16225,,1.0,,,,1,IVMH,5,RecentScan
ivmh,No Repair,2,2,RecentScan,16.340208,,2.0,,,,1,IVMH,5,RecentScan
ivmh,No Repair,3,3,RecentScan,16.015875,,3.0,,,,1,IVMH,5,RecentScan
ivmh,No Repair,4,4,RecentScan,15.279083,,4.0,,,,1,IVMH,5,RecentScan
ivmh,No Repair,5,5,RecentScan,14.697,,5.0,,,,1,IVMH,5,RecentScan
ivmh,No Repair,6,6,MarkTs,0.001209,,6.0,,,,1,IVMH,5,
ivmh,No Repair,7,7,Update,0.016167,6.0,,,,,1,IVMH,5,Update
ivmh,No Repair,8,8,MarkTs,51.357416,,6.0,,,HistoryScan,1,IVMH,5,BuildSnap
ivmh,No Repair,8,8,HistoryScan,16.805584,,6.0,,,,1,IVMH,5,HistoryScan
ivmh,No Repair,9,9,RecentScan,14.764792,,9.0,,,,1,IVMH,5,RecentScan
ivmh,No Repair,10,10,RecentScan,16.255375,,10.0,,,,1,IVMH,5,RecentScan
ivmh,No Repair,11,11,RecentScan,14.774541,,11.0,,,,1,IVMH,5,RecentScan
ivmh,No Repair,12,12,RecentScan,16.186666,,12.0,,,,1,IVMH,5,RecentScan
ivmh,No Repair,13,13,MarkTs,0.0,,13.0,,,,1,IVMH,5,
ivmh,No Repair,14,14,Update,0.011417,6.0,,,,,1,IVMH,5,Update
ivmh,No Repair,15,15,RecentScan,16.110958,,15.0,,,,1,IVMH,5,RecentScan
ivmh,No Repair,16,16,RecentScan,15.522792,,16.0,,,,1,IVMH,5,RecentScan
ivmh,No Repair,17,17,RecentScan,15.860416,,17.0,,,,1,IVMH,5,RecentScan
ivmh,No Repair,18,18,RecentScan,15.893083,,18.0,,,,1,IVMH,5,RecentScan
ivmh,No Repair,19,19,RecentScan,16.679166,,19.0,,,,1,IVMH,5,RecentScan
ivmh,No Repair,20,20,MarkTs,0.0,,20.0,,,,1,IVMH,5,
ivmh,No Repair,21,21,Update,0.0155,6.0,,,,,1,IVMH,5,Update
ivmh,No Repair,22,22,MarkTs,49.215083,,20.0,,,HistoryScan,1,IVMH,5,BuildSnap
ivmh,No Repair,22,22,HistoryScan,18.606834,,20.0,,,,1,IVMH,5,HistoryScan
ivmh,No Repair,23,23,RecentScan,17.582417,,23.0,,,,1,IVMH,5,RecentScan
ivmh,No Repair,24,24,RecentScan,17.889208,,24.0,,,,1,IVMH,5,RecentScan
ivmh,No Repair,25,25,RecentScan,16.134167,,25.0,,,,1,IVMH,5,RecentScan
ivmh,No Repair,26,26,RecentScan,16.518583,,26.0,,,,1,IVMH,5,RecentScan
ivmh,No Repair,27,27,MarkTs,0.001125,,27.0,,,,1,IVMH,5,
ivmh,No Repair,28,28,Update,0.01525,6.0,,,,,1,IVMH,5,Update
ivmh,No Repair,29,29,RecentScan,17.409125,,29.0,,,,1,IVMH,5,RecentScan
ivmh,No Repair,30,30,RecentScan,15.651958,,30.0,,,,1,IVMH,5,RecentScan
ivmh,No Repair,31,31,RecentScan,16.555333,,31.0,,,,1,IVMH,5,RecentScan
ivmh,No Repair,32,32,RecentScan,17.867292,,32.0,,,,1,IVMH,5,RecentScan
ivmh,No Repair,33,33,RecentScan,15.651083,,33.0,,,,1,IVMH,5,RecentScan
ivmh,No Repair,34,34,MarkTs,0.0,,34.0,,,,1,IVMH,5,
ivmh,No Repair,35,35,Update,0.01075,6.0,,,,,1,IVMH,5,Update
ivmh,No Repair,36,36,MarkTs,50.754041,,34.0,,,HistoryScan,1,IVMH,5,BuildSnap
ivmh,No Repair,36,36,HistoryScan,19.16375,,34.0,,,,1,IVMH,5,HistoryScan
ivmh,No Repair,37,37,RecentScan,15.639708,,37.0,,,,1,IVMH,5,RecentScan
ivmh,No Repair,38,38,RecentScan,17.183166,,38.0,,,,1,IVMH,5,RecentScan
ivmh,No Repair,39,39,RecentScan,16.968333,,39.0,,,,1,IVMH,5,RecentScan
ivmh,No Repair,40,40,RecentScan,16.947375,,40.0,,,,1,IVMH,5,RecentScan
ivmh,No Repair,41,41,MarkTs,0.0,,41.0,,,,1,IVMH,5,
ivmh,No Repair,42,42,Update,0.022416000000000002,6.0,,,,,1,IVMH,5,Update
ivmh,No Repair,43,43,RecentScan,14.936667,,43.0,,,,1,IVMH,5,RecentScan
ivmh,No Repair,44,44,RecentScan,15.564667,,44.0,,,,1,IVMH,5,RecentScan
ivmh,No Repair,45,45,RecentScan,16.620917,,45.0,,,,1,IVMH,5,RecentScan
ivmh,No Repair,46,46,RecentScan,15.951708,,46.0,,,,1,IVMH,5,RecentScan
ivmh,No Repair,47,47,RecentScan,16.548375,,47.0,,,,1,IVMH,5,RecentScan
ivmh,No Repair,48,48,MarkTs,0.0,,48.0,,,,1,IVMH,5,
ivmh,No Repair,49,49,Update,0.009958999999999999,6.0,,,,,1,IVMH,5,Update
ivmh,No Repair,50,50,MarkTs,50.985459,,48.0,,,HistoryScan,1,IVMH,5,BuildSnap
ivmh,No Repair,50,50,HistoryScan,17.576,,48.0,,,,1,IVMH,5,HistoryScan
ivmh,No Repair,51,51,RecentScan,15.864959,,51.0,,,,1,IVMH,5,RecentScan
ivmh,No Repair,52,52,RecentScan,15.332791,,52.0,,,,1,IVMH,5,RecentScan
ivmh,No Repair,53,53,RecentScan,16.171209,,53.0,,,,1,IVMH,5,RecentScan
ivmh,No Repair,54,54,RecentScan,17.035042,,54.0,,,,1,IVMH,5,RecentScan
ivmh,No Repair,55,55,MarkTs,0.00175,,55.0,,,,1,IVMH,5,
ivmh,No Repair,56,56,Update,0.012792,6.0,,,,,1,IVMH,5,Update
ivmh,No Repair,57,57,RecentScan,16.370958,,57.0,,,,1,IVMH,5,RecentScan
ivmh,No Repair,58,58,RecentScan,17.408791,,58.0,,,,1,IVMH,5,RecentScan
ivmh,No Repair,59,59,RecentScan,15.799542,,59.0,,,,1,IVMH,5,RecentScan
ivmh,No Repair,60,60,RecentScan,15.624125,,60.0,,,,1,IVMH,5,RecentScan
ivmh,No Repair,61,61,RecentScan,16.089916,,61.0,,,,1,IVMH,5,RecentScan
ivmh,No Repair,62,62,MarkTs,0.0,,62.0,,,,1,IVMH,5,
ivmh,No Repair,63,63,Update,0.018958,6.0,,,,,1,IVMH,5,Update
ivmh,No Repair,64,64,MarkTs,49.679,,62.0,,,HistoryScan,1,IVMH,5,BuildSnap
ivmh,No Repair,64,64,HistoryScan,17.882708,,62.0,,,,1,IVMH,5,HistoryScan
ivmh,No Repair,65,65,RecentScan,16.36125,,65.0,,,,1,IVMH,5,RecentScan
ivmh,No Repair,66,66,RecentScan,17.059334,,66.0,,,,1,IVMH,5,RecentScan
ivmh,No Repair,67,67,RecentScan,18.338333,,67.0,,,,1,IVMH,5,RecentScan
ivmh,No Repair,68,68,RecentScan,17.057667,,68.0,,,,1,IVMH,5,RecentScan
ivmh,No Repair,69,69,MarkTs,0.0,,69.0,,,,1,IVMH,5,
ivmh,No Repair,70,70,Update,0.012125,6.0,,,,,1,IVMH,5,Update
ivmh,No Repair,71,71,RecentScan,17.025667,,71.0,,,,1,IVMH,5,RecentScan
ivmh,No Repair,72,72,RecentScan,19.016958,,72.0,,,,1,IVMH,5,RecentScan
ivmh,No Repair,73,73,RecentScan,15.422,,73.0,,,,1,IVMH,5,RecentScan
ivmh,No Repair,74,74,RecentScan,15.714834,,74.0,,,,1,IVMH,5,RecentScan
ivmh,No Repair,75,75,RecentScan,16.550708,,75.0,,,,1,IVMH,5,RecentScan
ivmh,No Repair,76,76,MarkTs,0.0,,76.0,,,,1,IVMH,5,
ivmh,No Repair,77,77,Update,0.015542,6.0,,,,,1,IVMH,5,Update
ivmh,No Repair,78,78,RecentScan,16.501625,,78.0,,,,1,IVMH,5,RecentScan
ivmh,No Repair,79,79,RecentScan,15.9315,,79.0,,,,1,IVMH,5,RecentScan
ivmh,No Repair,80,80,RecentScan,16.790208,,80.0,,,,1,IVMH,5,RecentScan
ivmh,No Repair,81,81,RecentScan,16.243792,,81.0,,,,1,IVMH,5,RecentScan
ivmh,No Repair,82,82,RecentScan,16.045291,,82.0,,,,1,IVMH,5,RecentScan
ivmh,No Repair,83,83,MarkTs,0.0,,83.0,,,,1,IVMH,5,
ivmh,No Repair,84,84,Update,0.014708,6.0,,,,,1,IVMH,5,Update
ivmh,No Repair,85,85,RecentScan,16.2795,,85.0,,,,1,IVMH,5,RecentScan
ivmh,No Repair,86,86,RecentScan,17.907584,,86.0,,,,1,IVMH,5,RecentScan
ivmh,No Repair,87,87,RecentScan,16.200584,,87.0,,,,1,IVMH,5,RecentScan
ivmh,No Repair,88,88,RecentScan,16.286292,,88.0,,,,1,IVMH,5,RecentScan
ivmh,No Repair,89,89,RecentScan,15.833042,,89.0,,,,1,IVMH,5,RecentScan
ivmh,No Repair,90,90,MarkTs,0.0,,90.0,,,,1,IVMH,5,
ivmh,No Repair,91,91,Update,0.012208,6.0,,,,,1,IVMH,5,Update
ivmh,No Repair,92,92,RecentScan,17.391292,,92.0,,,,1,IVMH,5,RecentScan
ivmh,No Repair,93,93,RecentScan,17.459042,,93.0,,,,1,IVMH,5,RecentScan
ivmh,No Repair,94,94,RecentScan,18.075333,,94.0,,,,1,IVMH,5,RecentScan
ivmh,No Repair,95,95,RecentScan,16.146458,,95.0,,,,1,IVMH,5,RecentScan
ivmh,No Repair,96,96,RecentScan,17.801333,,96.0,,,,1,IVMH,5,RecentScan
ivmh,No Repair,97,97,MarkTs,0.0,,97.0,,,,1,IVMH,5,
ivmh,No Repair,98,98,Update,0.014125,6.0,,,,,1,IVMH,5,Update
ivmh,No Repair,99,99,RecentScan,16.975791,,99.0,,,,1,IVMH,5,RecentScan
ivmh,No Repair,100,100,RecentScan,15.804541,,100.0,,,,1,IVMH,5,RecentScan
ivmh,No Repair,101,101,RecentScan,16.952583,,101.0,,,,1,IVMH,5,RecentScan
ivmh,No Repair,102,102,RecentScan,16.43725,,102.0,,,,1,IVMH,5,RecentScan
ivmh,No Repair,103,103,RecentScan,14.842583,,103.0,,,,1,IVMH,5,RecentScan
ivmh,No Repair,104,104,MarkTs,0.0010409999999999998,,104.0,,,,1,IVMH,5,
ivmh,No Repair,105,105,Update,0.016042,6.0,,,,,1,IVMH,5,Update
ivmh,No Repair,106,106,RecentScan,16.263583,,106.0,,,,1,IVMH,5,RecentScan
ivmh,No Repair,107,107,RecentScan,16.661,,107.0,,,,1,IVMH,5,RecentScan
ivmh,No Repair,108,108,RecentScan,16.603375,,108.0,,,,1,IVMH,5,RecentScan
ivmh,No Repair,109,109,RecentScan,17.09425,,109.0,,,,1,IVMH,5,RecentScan
ivmh,No Repair,110,110,RecentScan,16.634208,,110.0,,,,1,IVMH,5,RecentScan
ivmh,No Repair,111,111,MarkTs,0.0,,111.0,,,,1,IVMH,5,
ivmh,No Repair,112,112,Update,0.01125,6.0,,,,,1,IVMH,5,Update
ivmh,No Repair,113,113,RecentScan,16.737333,,113.0,,,,1,IVMH,5,RecentScan
ivmh,No Repair,114,114,RecentScan,16.49725,,114.0,,,,1,IVMH,5,RecentScan
ivmh,No Repair,115,115,RecentScan,17.207334,,115.0,,,,1,IVMH,5,RecentScan
ivmh,No Repair,116,116,RecentScan,17.071166,,116.0,,,,1,IVMH,5,RecentScan
ivmh,No Repair,117,117,RecentScan,16.528458,,117.0,,,,1,IVMH,5,RecentScan
ivmh,No Repair,118,118,MarkTs,0.0,,118.0,,,,1,IVMH,5,
ivmh,No Repair,119,119,Update,0.008792,6.0,,,,,1,IVMH,5,Update
ivmh,No Repair,120,120,RecentScan,16.841959,,120.0,,,,1,IVMH,5,RecentScan
ivmh,No Repair,121,121,RecentScan,16.152833,,121.0,,,,1,IVMH,5,RecentScan
ivmh,No Repair,122,122,RecentScan,16.757833,,122.0,,,,1,IVMH,5,RecentScan
ivmh,No Repair,123,123,RecentScan,16.970792,,123.0,,,,1,IVMH,5,RecentScan
ivmh,No Repair,124,124,RecentScan,16.001542,,124.0,,,,1,IVMH,5,RecentScan
ivmh,No Repair,125,125,MarkTs,0.0,,125.0,,,,1,IVMH,5,
ivmh,No Repair,126,126,Update,0.012583,6.0,,,,,1,IVMH,5,Update
ivmh,No Repair,127,127,RecentScan,16.349625,,127.0,,,,1,IVMH,5,RecentScan
ivmh,No Repair,128,128,RecentScan,16.88525,,128.0,,,,1,IVMH,5,RecentScan
ivmh,No Repair,129,129,RecentScan,16.266584,,129.0,,,,1,IVMH,5,RecentScan
ivmh,No Repair,130,130,RecentScan,15.899291,,130.0,,,,1,IVMH,5,RecentScan
ivmh,No Repair,131,131,RecentScan,15.437167,,131.0,,,,1,IVMH,5,RecentScan
ivmh,No Repair,132,132,MarkTs,0.0,,132.0,,,,1,IVMH,5,
ivmh,No Repair,133,133,Update,0.022792000000000003,6.0,,,,,1,IVMH,5,Update
ivmh,No Repair,134,134,RecentScan,15.707625,,134.0,,,,1,IVMH,5,RecentScan
ivmh,No Repair,135,135,RecentScan,16.194791,,135.0,,,,1,IVMH,5,RecentScan
ivmh,No Repair,136,136,RecentScan,16.151708,,136.0,,,,1,IVMH,5,RecentScan
ivmh,No Repair,137,137,RecentScan,16.062709,,137.0,,,,1,IVMH,5,RecentScan
ivmh,No Repair,138,138,RecentScan,15.938334,,138.0,,,,1,IVMH,5,RecentScan
ivmh,No Repair,139,139,MarkTs,0.0,,139.0,,,,1,IVMH,5,
ivmh,No Repair,140,140,Update,0.014708,6.0,,,,,1,IVMH,5,Update
ivmh,No Repair,0,0,InitLoad,14.017709,60000.0,,,,,0,IVMH,6,InitLoad
ivmh,No Repair,1,1,RecentScan,20.07175,,1.0,,,,0,IVMH,6,RecentScan
ivmh,No Repair,2,2,RecentScan,17.726167,,2.0,,,,0,IVMH,6,RecentScan
ivmh,No Repair,3,3,RecentScan,17.557084,,3.0,,,,0,IVMH,6,RecentScan
ivmh,No Repair,4,4,RecentScan,16.013,,4.0,,,,0,IVMH,6,RecentScan
ivmh,No Repair,5,5,RecentScan,15.623959,,5.0,,,,0,IVMH,6,RecentScan
ivmh,No Repair,6,6,MarkTs,0.001125,,6.0,,,,0,IVMH,6,
ivmh,No Repair,7,7,Update,0.016,6.0,,,,,0,IVMH,6,Update
ivmh,No Repair,8,8,MarkTs,50.429708,,6.0,,,HistoryScan,0,IVMH,6,BuildSnap
ivmh,No Repair,8,8,HistoryScan,17.464083,,6.0,,,,0,IVMH,6,HistoryScan
ivmh,No Repair,9,9,RecentScan,16.351959,,9.0,,,,0,IVMH,6,RecentScan
ivmh,No Repair,10,10,RecentScan,15.9515,,10.0,,,,0,IVMH,6,RecentScan
ivmh,No Repair,11,11,RecentScan,17.668042,,11.0,,,,0,IVMH,6,RecentScan
ivmh,No Repair,12,12,RecentScan,17.415833,,12.0,,,,0,IVMH,6,RecentScan
ivmh,No Repair,13,13,MarkTs,0.0,,13.0,,,,0,IVMH,6,
ivmh,No Repair,14,14,Update,0.011333,6.0,,,,,0,IVMH,6,Update
ivmh,No Repair,15,15,RecentScan,16.121417,,15.0,,,,0,IVMH,6,RecentScan
ivmh,No Repair,16,16,RecentScan,16.207292,,16.0,,,,0,IVMH,6,RecentScan
ivmh,No Repair,17,17,RecentScan,17.53525,,17.0,,,,0,IVMH,6,RecentScan
ivmh,No Repair,18,18,RecentScan,16.043667,,18.0,,,,0,IVMH,6,RecentScan
ivmh,No Repair,19,19,RecentScan,15.638208,,19.0,,,,0,IVMH,6,RecentScan
ivmh,No Repair,20,20,MarkTs,0.0,,20.0,,,,0,IVMH,6,
ivmh,No Repair,21,21,Update,0.015042,6.0,,,,,0,IVMH,6,Update
ivmh,No Repair,22,22,MarkTs,48.888208,,20.0,,,HistoryScan,0,IVMH,6,BuildSnap
ivmh,No Repair,22,22,HistoryScan,18.026625,,20.0,,,,0,IVMH,6,HistoryScan
ivmh,No Repair,23,23,RecentScan,16.426417,,23.0,,,,0,IVMH,6,RecentScan
ivmh,No Repair,24,24,RecentScan,16.02475,,24.0,,,,0,IVMH,6,RecentScan
ivmh,No Repair,25,25,RecentScan,16.095833,,25.0,,,,0,IVMH,6,RecentScan
ivmh,No Repair,26,26,RecentScan,15.774667,,26.0,,,,0,IVMH,6,RecentScan
ivmh,No Repair,27,27,MarkTs,0.001542,,27.0,,,,0,IVMH,6,
ivmh,No Repair,28,28,Update,0.015166,6.0,,,,,0,IVMH,6,Update
ivmh,No Repair,29,29,RecentScan,17.289333,,29.0,,,,0,IVMH,6,RecentScan
ivmh,No Repair,30,30,RecentScan,15.938583,,30.0,,,,0,IVMH,6,RecentScan
ivmh,No Repair,31,31,RecentScan,16.105042,,31.0,,,,0,IVMH,6,RecentScan
ivmh,No Repair,32,32,RecentScan,18.05075,,32.0,,,,0,IVMH,6,RecentScan
ivmh,No Repair,33,33,RecentScan,15.791125,,33.0,,,,0,IVMH,6,RecentScan
ivmh,No Repair,34,34,MarkTs,0.0,,34.0,,,,0,IVMH,6,
ivmh,No Repair,35,35,Update,0.010542,6.0,,,,,0,IVMH,6,Update
ivmh,No Repair,36,36,MarkTs,48.573084,,34.0,,,HistoryScan,0,IVMH,6,BuildSnap
ivmh,No Repair,36,36,HistoryScan,17.914208,,34.0,,,,0,IVMH,6,HistoryScan
ivmh,No Repair,37,37,RecentScan,16.061875,,37.0,,,,0,IVMH,6,RecentScan
ivmh,No Repair,38,38,RecentScan,16.278333,,38.0,,,,0,IVMH,6,RecentScan
ivmh,No Repair,39,39,RecentScan,16.309208,,39.0,,,,0,IVMH,6,RecentScan
ivmh,No Repair,40,40,RecentScan,15.95475,,40.0,,,,0,IVMH,6,RecentScan
ivmh,No Repair,41,41,MarkTs,0.0,,41.0,,,,0,IVMH,6,
ivmh,No Repair,42,42,Update,0.017167,6.0,,,,,0,IVMH,6,Update
ivmh,No Repair,43,43,RecentScan,15.959209,,43.0,,,,0,IVMH,6,RecentScan
ivmh,No Repair,44,44,RecentScan,16.255875,,44.0,,,,0,IVMH,6,RecentScan
ivmh,No Repair,45,45,RecentScan,16.234292,,45.0,,,,0,IVMH,6,RecentScan
ivmh,No Repair,46,46,RecentScan,16.150917,,46.0,,,,0,IVMH,6,RecentScan
ivmh,No Repair,47,47,RecentScan,16.949667,,47.0,,,,0,IVMH,6,RecentScan
ivmh,No Repair,48,48,MarkTs,0.0,,48.0,,,,0,IVMH,6,
ivmh,No Repair,49,49,Update,0.009,6.0,,,,,0,IVMH,6,Update
ivmh,No Repair,50,50,MarkTs,48.301125,,48.0,,,HistoryScan,0,IVMH,6,BuildSnap
ivmh,No Repair,50,50,HistoryScan,18.615458,,48.0,,,,0,IVMH,6,HistoryScan
ivmh,No Repair,51,51,RecentScan,17.32725,,51.0,,,,0,IVMH,6,RecentScan
ivmh,No Repair,52,52,RecentScan,17.622125,,52.0,,,,0,IVMH,6,RecentScan
ivmh,No Repair,53,53,RecentScan,17.287042,,53.0,,,,0,IVMH,6,RecentScan
ivmh,No Repair,54,54,RecentScan,18.512291,,54.0,,,,0,IVMH,6,RecentScan
ivmh,No Repair,55,55,MarkTs,0.012125,,55.0,,,,0,IVMH,6,
ivmh,No Repair,56,56,Update,0.01525,6.0,,,,,0,IVMH,6,Update
ivmh,No Repair,57,57,RecentScan,15.732667,,57.0,,,,0,IVMH,6,RecentScan
ivmh,No Repair,58,58,RecentScan,18.25925,,58.0,,,,0,IVMH,6,RecentScan
ivmh,No Repair,59,59,RecentScan,17.886083,,59.0,,,,0,IVMH,6,RecentScan
ivmh,No Repair,60,60,RecentScan,17.892917,,60.0,,,,0,IVMH,6,RecentScan
ivmh,No Repair,61,61,RecentScan,16.172166,,61.0,,,,0,IVMH,6,RecentScan
ivmh,No Repair,62,62,MarkTs,0.0,,62.0,,,,0,IVMH,6,
ivmh,No Repair,63,63,Update,0.015458,6.0,,,,,0,IVMH,6,Update
ivmh,No Repair,64,64,MarkTs,49.067208,,62.0,,,HistoryScan,0,IVMH,6,BuildSnap
ivmh,No Repair,64,64,HistoryScan,18.773792,,62.0,,,,0,IVMH,6,HistoryScan
ivmh,No Repair,65,65,RecentScan,16.409875,,65.0,,,,0,IVMH,6,RecentScan
ivmh,No Repair,66,66,RecentScan,15.442125,,66.0,,,,0,IVMH,6,RecentScan
ivmh,No Repair,67,67,RecentScan,15.558541,,67.0,,,,0,IVMH,6,RecentScan
ivmh,No Repair,68,68,RecentScan,16.966959,,68.0,,,,0,IVMH,6,RecentScan
ivmh,No Repair,69,69,MarkTs,0.0,,69.0,,,,0,IVMH,6,
ivmh,No Repair,70,70,Update,0.01225,6.0,,,,,0,IVMH,6,Update
ivmh,No Repair,71,71,RecentScan,17.410042,,71.0,,,,0,IVMH,6,RecentScan
ivmh,No Repair,72,72,RecentScan,15.492,,72.0,,,,0,IVMH,6,RecentScan
ivmh,No Repair,73,73,RecentScan,15.847959,,73.0,,,,0,IVMH,6,RecentScan
ivmh,No Repair,74,74,RecentScan,15.899875,,74.0,,,,0,IVMH,6,RecentScan
ivmh,No Repair,75,75,RecentScan,18.32325,,75.0,,,,0,IVMH,6,RecentScan
ivmh,No Repair,76,76,MarkTs,0.0,,76.0,,,,0,IVMH,6,
ivmh,No Repair,77,77,Update,0.015125,6.0,,,,,0,IVMH,6,Update
ivmh,No Repair,78,78,MarkTs,51.512084,,76.0,,,HistoryScan,0,IVMH,6,BuildSnap
ivmh,No Repair,78,78,HistoryScan,19.985125,,76.0,,,,0,IVMH,6,HistoryScan
ivmh,No Repair,79,79,RecentScan,18.98225,,79.0,,,,0,IVMH,6,RecentScan
ivmh,No Repair,80,80,RecentScan,16.765041,,80.0,,,,0,IVMH,6,RecentScan
ivmh,No Repair,81,81,RecentScan,16.392833,,81.0,,,,0,IVMH,6,RecentScan
ivmh,No Repair,82,82,RecentScan,16.123209,,82.0,,,,0,IVMH,6,RecentScan
ivmh,No Repair,83,83,MarkTs,0.0,,83.0,,,,0,IVMH,6,
ivmh,No Repair,84,84,Update,0.015708,6.0,,,,,0,IVMH,6,Update
ivmh,No Repair,85,85,RecentScan,16.023709,,85.0,,,,0,IVMH,6,RecentScan
ivmh,No Repair,86,86,RecentScan,17.748667,,86.0,,,,0,IVMH,6,RecentScan
ivmh,No Repair,87,87,RecentScan,18.195833,,87.0,,,,0,IVMH,6,RecentScan
ivmh,No Repair,88,88,RecentScan,18.048708,,88.0,,,,0,IVMH,6,RecentScan
ivmh,No Repair,89,89,RecentScan,17.218417,,89.0,,,,0,IVMH,6,RecentScan
ivmh,No Repair,90,90,MarkTs,0.0,,90.0,,,,0,IVMH,6,
ivmh,No Repair,91,91,Update,0.012625,6.0,,,,,0,IVMH,6,Update
ivmh,No Repair,92,92,RecentScan,17.147833,,92.0,,,,0,IVMH,6,RecentScan
ivmh,No Repair,93,93,RecentScan,16.934958,,93.0,,,,0,IVMH,6,RecentScan
ivmh,No Repair,94,94,RecentScan,17.622792,,94.0,,,,0,IVMH,6,RecentScan
ivmh,No Repair,95,95,RecentScan,17.734875,,95.0,,,,0,IVMH,6,RecentScan
ivmh,No Repair,96,96,RecentScan,17.664167,,96.0,,,,0,IVMH,6,RecentScan
ivmh,No Repair,97,97,MarkTs,0.0,,97.0,,,,0,IVMH,6,
ivmh,No Repair,98,98,Update,0.015125,6.0,,,,,0,IVMH,6,Update
ivmh,No Repair,99,99,RecentScan,17.015458,,99.0,,,,0,IVMH,6,RecentScan
ivmh,No Repair,100,100,RecentScan,18.03175,,100.0,,,,0,IVMH,6,RecentScan
ivmh,No Repair,101,101,RecentScan,17.294917,,101.0,,,,0,IVMH,6,RecentScan
ivmh,No Repair,102,102,RecentScan,16.122375,,102.0,,,,0,IVMH,6,RecentScan
ivmh,No Repair,103,103,RecentScan,16.194,,103.0,,,,0,IVMH,6,RecentScan
ivmh,No Repair,104,104,MarkTs,0.00175,,104.0,,,,0,IVMH,6,
ivmh,No Repair,105,105,Update,0.016582999999999997,6.0,,,,,0,IVMH,6,Update
ivmh,No Repair,106,106,RecentScan,15.720667,,106.0,,,,0,IVMH,6,RecentScan
ivmh,No Repair,107,107,RecentScan,18.087083,,107.0,,,,0,IVMH,6,RecentScan
ivmh,No Repair,108,108,RecentScan,17.903541,,108.0,,,,0,IVMH,6,RecentScan
ivmh,No Repair,109,109,RecentScan,15.458583,,109.0,,,,0,IVMH,6,RecentScan
ivmh,No Repair,110,110,RecentScan,16.528125,,110.0,,,,0,IVMH,6,RecentScan
ivmh,No Repair,111,111,MarkTs,0.0,,111.0,,,,0,IVMH,6,
ivmh,No Repair,112,112,Update,0.008584,6.0,,,,,0,IVMH,6,Update
ivmh,No Repair,113,113,RecentScan,16.1895,,113.0,,,,0,IVMH,6,RecentScan
ivmh,No Repair,114,114,RecentScan,18.520709,,114.0,,,,0,IVMH,6,RecentScan
ivmh,No Repair,115,115,RecentScan,18.298542,,115.0,,,,0,IVMH,6,RecentScan
ivmh,No Repair,116,116,RecentScan,16.487666,,116.0,,,,0,IVMH,6,RecentScan
ivmh,No Repair,117,117,RecentScan,18.90975,,117.0,,,,0,IVMH,6,RecentScan
ivmh,No Repair,118,118,MarkTs,0.0,,118.0,,,,0,IVMH,6,
ivmh,No Repair,119,119,Update,0.009708,6.0,,,,,0,IVMH,6,Update
ivmh,No Repair,120,120,RecentScan,18.695083,,120.0,,,,0,IVMH,6,RecentScan
ivmh,No Repair,121,121,RecentScan,16.688375,,121.0,,,,0,IVMH,6,RecentScan
ivmh,No Repair,122,122,RecentScan,15.0585,,122.0,,,,0,IVMH,6,RecentScan
ivmh,No Repair,123,123,RecentScan,16.42175,,123.0,,,,0,IVMH,6,RecentScan
ivmh,No Repair,124,124,RecentScan,16.634208,,124.0,,,,0,IVMH,6,RecentScan
ivmh,No Repair,125,125,MarkTs,0.001,,125.0,,,,0,IVMH,6,
ivmh,No Repair,126,126,Update,0.015625,6.0,,,,,0,IVMH,6,Update
ivmh,No Repair,127,127,RecentScan,20.758666,,127.0,,,,0,IVMH,6,RecentScan
ivmh,No Repair,128,128,RecentScan,18.633709,,128.0,,,,0,IVMH,6,RecentScan
ivmh,No Repair,129,129,RecentScan,18.200917,,129.0,,,,0,IVMH,6,RecentScan
ivmh,No Repair,130,130,RecentScan,18.536459,,130.0,,,,0,IVMH,6,RecentScan
ivmh,No Repair,131,131,RecentScan,16.4665,,131.0,,,,0,IVMH,6,RecentScan
ivmh,No Repair,132,132,MarkTs,0.0,,132.0,,,,0,IVMH,6,
ivmh,No Repair,133,133,Update,0.026417000000000003,6.0,,,,,0,IVMH,6,Update
ivmh,No Repair,134,134,RecentScan,17.971833,,134.0,,,,0,IVMH,6,RecentScan
ivmh,No Repair,135,135,RecentScan,17.941041,,135.0,,,,0,IVMH,6,RecentScan
ivmh,No Repair,136,136,RecentScan,18.288584,,136.0,,,,0,IVMH,6,RecentScan
ivmh,No Repair,137,137,RecentScan,16.468041,,137.0,,,,0,IVMH,6,RecentScan
ivmh,No Repair,138,138,RecentScan,16.217416,,138.0,,,,0,IVMH,6,RecentScan
ivmh,No Repair,139,139,MarkTs,0.0,,139.0,,,,0,IVMH,6,
ivmh,No Repair,140,140,Update,0.015208000000000001,6.0,,,,,0,IVMH,6,Update
ivmh,No Repair,0,0,InitLoad,13.997542,60000.0,,,,,1,IVMH,6,InitLoad
ivmh,No Repair,1,1,RecentScan,19.551875,,1.0,,,,1,IVMH,6,RecentScan
ivmh,No Repair,2,2,RecentScan,16.609,,2.0,,,,1,IVMH,6,RecentScan
ivmh,No Repair,3,3,RecentScan,15.541833,,3.0,,,,1,IVMH,6,RecentScan
ivmh,No Repair,4,4,RecentScan,15.839708,,4.0,,,,1,IVMH,6,RecentScan
ivmh,No Repair,5,5,RecentScan,17.015,,5.0,,,,1,IVMH,6,RecentScan
ivmh,No Repair,6,6,MarkTs,0.001167,,6.0,,,,1,IVMH,6,
ivmh,No Repair,7,7,Update,0.017416,6.0,,,,,1,IVMH,6,Update
ivmh,No Repair,8,8,MarkTs,51.100334,,6.0,,,HistoryScan,1,IVMH,6,BuildSnap
ivmh,No Repair,8,8,HistoryScan,17.65575,,6.0,,,,1,IVMH,6,HistoryScan
ivmh,No Repair,9,9,RecentScan,17.477875,,9.0,,,,1,IVMH,6,RecentScan
ivmh,No Repair,10,10,RecentScan,15.383625,,10.0,,,,1,IVMH,6,RecentScan
ivmh,No Repair,11,11,RecentScan,16.182167,,11.0,,,,1,IVMH,6,RecentScan
ivmh,No Repair,12,12,RecentScan,16.062458,,12.0,,,,1,IVMH,6,RecentScan
ivmh,No Repair,13,13,MarkTs,0.0,,13.0,,,,1,IVMH,6,
ivmh,No Repair,14,14,Update,0.010833,6.0,,,,,1,IVMH,6,Update
ivmh,No Repair,15,15,RecentScan,17.04,,15.0,,,,1,IVMH,6,RecentScan
ivmh,No Repair,16,16,RecentScan,15.520416,,16.0,,,,1,IVMH,6,RecentScan
ivmh,No Repair,17,17,RecentScan,16.27025,,17.0,,,,1,IVMH,6,RecentScan
ivmh,No Repair,18,18,RecentScan,16.117208,,18.0,,,,1,IVMH,6,RecentScan
ivmh,No Repair,19,19,RecentScan,16.4525,,19.0,,,,1,IVMH,6,RecentScan
ivmh,No Repair,20,20,MarkTs,0.0,,20.0,,,,1,IVMH,6,
ivmh,No Repair,21,21,Update,0.014791,6.0,,,,,1,IVMH,6,Update
ivmh,No Repair,22,22,MarkTs,48.104333,,20.0,,,HistoryScan,1,IVMH,6,BuildSnap
ivmh,No Repair,22,22,HistoryScan,19.041833,,20.0,,,,1,IVMH,6,HistoryScan
ivmh,No Repair,23,23,RecentScan,16.918791,,23.0,,,,1,IVMH,6,RecentScan
ivmh,No Repair,24,24,RecentScan,17.463708,,24.0,,,,1,IVMH,6,RecentScan
ivmh,No Repair,25,25,RecentScan,17.214083,,25.0,,,,1,IVMH,6,RecentScan
ivmh,No Repair,26,26,RecentScan,17.532708,,26.0,,,,1,IVMH,6,RecentScan
ivmh,No Repair,27,27,MarkTs,0.001125,,27.0,,,,1,IVMH,6,
ivmh,No Repair,28,28,Update,0.013916,6.0,,,,,1,IVMH,6,Update
ivmh,No Repair,29,29,RecentScan,17.146875,,29.0,,,,1,IVMH,6,RecentScan
ivmh,No Repair,30,30,RecentScan,17.065959,,30.0,,,,1,IVMH,6,RecentScan
ivmh,No Repair,31,31,RecentScan,16.89975,,31.0,,,,1,IVMH,6,RecentScan
ivmh,No Repair,32,32,RecentScan,17.294417,,32.0,,,,1,IVMH,6,RecentScan
ivmh,No Repair,33,33,RecentScan,17.362708,,33.0,,,,1,IVMH,6,RecentScan
ivmh,No Repair,34,34,MarkTs,0.0,,34.0,,,,1,IVMH,6,
ivmh,No Repair,35,35,Update,0.011833,6.0,,,,,1,IVMH,6,Update
ivmh,No Repair,36,36,MarkTs,56.196459,,34.0,,,HistoryScan,1,IVMH,6,BuildSnap
ivmh,No Repair,36,36,HistoryScan,20.118916,,34.0,,,,1,IVMH,6,HistoryScan
ivmh,No Repair,37,37,RecentScan,17.467,,37.0,,,,1,IVMH,6,RecentScan
ivmh,No Repair,38,38,RecentScan,18.581875,,38.0,,,,1,IVMH,6,RecentScan
ivmh,No Repair,39,39,RecentScan,17.313542,,39.0,,,,1,IVMH,6,RecentScan
ivmh,No Repair,40,40,RecentScan,19.577042,,40.0,,,,1,IVMH,6,RecentScan
ivmh,No Repair,41,41,MarkTs,0.0,,41.0,,,,1,IVMH,6,
ivmh,No Repair,42,42,Update,0.03275,6.0,,,,,1,IVMH,6,Update
ivmh,No Repair,43,43,RecentScan,15.677792,,43.0,,,,1,IVMH,6,RecentScan
ivmh,No Repair,44,44,RecentScan,16.199083,,44.0,,,,1,IVMH,6,RecentScan
ivmh,No Repair,45,45,RecentScan,16.868916,,45.0,,,,1,IVMH,6,RecentScan
ivmh,No Repair,46,46,RecentScan,16.481166,,46.0,,,,1,IVMH,6,RecentScan
ivmh,No Repair,47,47,RecentScan,18.833875,,47.0,,,,1,IVMH,6,RecentScan
ivmh,No Repair,48,48,MarkTs,0.0,,48.0,,,,1,IVMH,6,
ivmh,No Repair,49,49,Update,0.021,6.0,,,,,1,IVMH,6,Update
ivmh,No Repair,50,50,MarkTs,50.762292,,48.0,,,HistoryScan,1,IVMH,6,BuildSnap
ivmh,No Repair,50,50,HistoryScan,18.145292,,48.0,,,,1,IVMH,6,HistoryScan
ivmh,No Repair,51,51,RecentScan,19.099084,,51.0,,,,1,IVMH,6,RecentScan
ivmh,No Repair,52,52,RecentScan,17.587167,,52.0,,,,1,IVMH,6,RecentScan
ivmh,No Repair,53,53,RecentScan,16.79225,,53.0,,,,1,IVMH,6,RecentScan
ivmh,No Repair,54,54,RecentScan,17.465292,,54.0,,,,1,IVMH,6,RecentScan
ivmh,No Repair,55,55,MarkTs,0.001,,55.0,,,,1,IVMH,6,
ivmh,No Repair,56,56,Update,0.0175,6.0,,,,,1,IVMH,6,Update
ivmh,No Repair,57,57,RecentScan,17.328625,,57.0,,,,1,IVMH,6,RecentScan
ivmh,No Repair,58,58,RecentScan,19.982541,,58.0,,,,1,IVMH,6,RecentScan
ivmh,No Repair,59,59,RecentScan,17.575833,,59.0,,,,1,IVMH,6,RecentScan
ivmh,No Repair,60,60,RecentScan,16.132625,,60.0,,,,1,IVMH,6,RecentScan
ivmh,No Repair,61,61,RecentScan,16.284125,,61.0,,,,1,IVMH,6,RecentScan
ivmh,No Repair,62,62,MarkTs,0.0,,62.0,,,,1,IVMH,6,
ivmh,No Repair,63,63,Update,0.026625,6.0,,,,,1,IVMH,6,Update
ivmh,No Repair,64,64,MarkTs,57.712,,62.0,,,HistoryScan,1,IVMH,6,BuildSnap
ivmh,No Repair,64,64,HistoryScan,18.89725,,62.0,,,,1,IVMH,6,HistoryScan
ivmh,No Repair,65,65,RecentScan,17.23675,,65.0,,,,1,IVMH,6,RecentScan
ivmh,No Repair,66,66,RecentScan,21.018583,,66.0,,,,1,IVMH,6,RecentScan
ivmh,No Repair,67,67,RecentScan,16.274583,,67.0,,,,1,IVMH,6,RecentScan
ivmh,No Repair,68,68,RecentScan,16.159083,,68.0,,,,1,IVMH,6,RecentScan
ivmh,No Repair,69,69,MarkTs,0.0,,69.0,,,,1,IVMH,6,
ivmh,No Repair,70,70,Update,0.014083,6.0,,,,,1,IVMH,6,Update
ivmh,No Repair,71,71,RecentScan,17.59175,,71.0,,,,1,IVMH,6,RecentScan
ivmh,No Repair,72,72,RecentScan,17.385083,,72.0,,,,1,IVMH,6,RecentScan
ivmh,No Repair,73,73,RecentScan,17.070333,,73.0,,,,1,IVMH,6,RecentScan
ivmh,No Repair,74,74,RecentScan,21.724,,74.0,,,,1,IVMH,6,RecentScan
ivmh,No Repair,75,75,RecentScan,17.047416,,75.0,,,,1,IVMH,6,RecentScan
ivmh,No Repair,76,76,MarkTs,0.0,,76.0,,,,1,IVMH,6,
ivmh,No Repair,77,77,Update,0.023917,6.0,,,,,1,IVMH,6,Update
ivmh,No Repair,78,78,MarkTs,61.702167,,76.0,,,HistoryScan,1,IVMH,6,BuildSnap
ivmh,No Repair,78,78,HistoryScan,20.244708,,76.0,,,,1,IVMH,6,HistoryScan
ivmh,No Repair,79,79,RecentScan,16.898167,,79.0,,,,1,IVMH,6,RecentScan
ivmh,No Repair,80,80,RecentScan,16.930583,,80.0,,,,1,IVMH,6,RecentScan
ivmh,No Repair,81,81,RecentScan,16.476625,,81.0,,,,1,IVMH,6,RecentScan
ivmh,No Repair,82,82,RecentScan,15.979084,,82.0,,,,1,IVMH,6,RecentScan
ivmh,No Repair,83,83,MarkTs,0.0,,83.0,,,,1,IVMH,6,
ivmh,No Repair,84,84,Update,0.019792,6.0,,,,,1,IVMH,6,Update
ivmh,No Repair,85,85,RecentScan,17.367375,,85.0,,,,1,IVMH,6,RecentScan
ivmh,No Repair,86,86,RecentScan,16.541833,,86.0,,,,1,IVMH,6,RecentScan
ivmh,No Repair,87,87,RecentScan,16.321583,,87.0,,,,1,IVMH,6,RecentScan
ivmh,No Repair,88,88,RecentScan,15.763375,,88.0,,,,1,IVMH,6,RecentScan
ivmh,No Repair,89,89,RecentScan,17.157083,,89.0,,,,1,IVMH,6,RecentScan
ivmh,No Repair,90,90,MarkTs,0.0,,90.0,,,,1,IVMH,6,
ivmh,No Repair,91,91,Update,0.0115,6.0,,,,,1,IVMH,6,Update
ivmh,No Repair,92,92,RecentScan,17.22825,,92.0,,,,1,IVMH,6,RecentScan
ivmh,No Repair,93,93,RecentScan,17.314584,,93.0,,,,1,IVMH,6,RecentScan
ivmh,No Repair,94,94,RecentScan,16.160167,,94.0,,,,1,IVMH,6,RecentScan
ivmh,No Repair,95,95,RecentScan,16.28425,,95.0,,,,1,IVMH,6,RecentScan
ivmh,No Repair,96,96,RecentScan,17.071583,,96.0,,,,1,IVMH,6,RecentScan
ivmh,No Repair,97,97,MarkTs,0.0,,97.0,,,,1,IVMH,6,
ivmh,No Repair,98,98,Update,0.014875,6.0,,,,,1,IVMH,6,Update
ivmh,No Repair,99,99,RecentScan,15.243,,99.0,,,,1,IVMH,6,RecentScan
ivmh,No Repair,100,100,RecentScan,17.031209,,100.0,,,,1,IVMH,6,RecentScan
ivmh,No Repair,101,101,RecentScan,16.564,,101.0,,,,1,IVMH,6,RecentScan
ivmh,No Repair,102,102,RecentScan,16.522208,,102.0,,,,1,IVMH,6,RecentScan
ivmh,No Repair,103,103,RecentScan,16.266458,,103.0,,,,1,IVMH,6,RecentScan
ivmh,No Repair,104,104,MarkTs,0.001166,,104.0,,,,1,IVMH,6,
ivmh,No Repair,105,105,Update,0.01775,6.0,,,,,1,IVMH,6,Update
ivmh,No Repair,106,106,RecentScan,16.547333,,106.0,,,,1,IVMH,6,RecentScan
ivmh,No Repair,107,107,RecentScan,20.775291,,107.0,,,,1,IVMH,6,RecentScan
ivmh,No Repair,108,108,RecentScan,15.136583,,108.0,,,,1,IVMH,6,RecentScan
ivmh,No Repair,109,109,RecentScan,16.767125,,109.0,,,,1,IVMH,6,RecentScan
ivmh,No Repair,110,110,RecentScan,15.413875,,110.0,,,,1,IVMH,6,RecentScan
ivmh,No Repair,111,111,MarkTs,0.0,,111.0,,,,1,IVMH,6,
ivmh,No Repair,112,112,Update,0.009791000000000001,6.0,,,,,1,IVMH,6,Update
ivmh,No Repair,113,113,RecentScan,15.987583,,113.0,,,,1,IVMH,6,RecentScan
ivmh,No Repair,114,114,RecentScan,16.686708,,114.0,,,,1,IVMH,6,RecentScan
ivmh,No Repair,115,115,RecentScan,16.778833,,115.0,,,,1,IVMH,6,RecentScan
ivmh,No Repair,116,116,RecentScan,16.310166,,116.0,,,,1,IVMH,6,RecentScan
ivmh,No Repair,117,117,RecentScan,16.218166,,117.0,,,,1,IVMH,6,RecentScan
ivmh,No Repair,118,118,MarkTs,0.0,,118.0,,,,1,IVMH,6,
ivmh,No Repair,119,119,Update,0.009209,6.0,,,,,1,IVMH,6,Update
ivmh,No Repair,120,120,RecentScan,15.815,,120.0,,,,1,IVMH,6,RecentScan
ivmh,No Repair,121,121,RecentScan,16.2425,,121.0,,,,1,IVMH,6,RecentScan
ivmh,No Repair,122,122,RecentScan,16.162958,,122.0,,,,1,IVMH,6,RecentScan
ivmh,No Repair,123,123,RecentScan,17.378041,,123.0,,,,1,IVMH,6,RecentScan
ivmh,No Repair,124,124,RecentScan,17.875417,,124.0,,,,1,IVMH,6,RecentScan
ivmh,No Repair,125,125,MarkTs,0.0,,125.0,,,,1,IVMH,6,
ivmh,No Repair,126,126,Update,0.011708999999999999,6.0,,,,,1,IVMH,6,Update
ivmh,No Repair,127,127,RecentScan,15.857417,,127.0,,,,1,IVMH,6,RecentScan
ivmh,No Repair,128,128,RecentScan,17.850917,,128.0,,,,1,IVMH,6,RecentScan
ivmh,No Repair,129,129,RecentScan,16.527125,,129.0,,,,1,IVMH,6,RecentScan
ivmh,No Repair,130,130,RecentScan,15.769458,,130.0,,,,1,IVMH,6,RecentScan
ivmh,No Repair,131,131,RecentScan,17.462083,,131.0,,,,1,IVMH,6,RecentScan
ivmh,No Repair,132,132,MarkTs,0.0,,132.0,,,,1,IVMH,6,
ivmh,No Repair,133,133,Update,0.023459,6.0,,,,,1,IVMH,6,Update
ivmh,No Repair,134,134,RecentScan,16.345958,,134.0,,,,1,IVMH,6,RecentScan
ivmh,No Repair,135,135,RecentScan,15.491666,,135.0,,,,1,IVMH,6,RecentScan
ivmh,No Repair,136,136,RecentScan,16.3915,,136.0,,,,1,IVMH,6,RecentScan
ivmh,No Repair,137,137,RecentScan,16.321666,,137.0,,,,1,IVMH,6,RecentScan
ivmh,No Repair,138,138,RecentScan,16.432708,,138.0,,,,1,IVMH,6,RecentScan
ivmh,No Repair,139,139,MarkTs,0.0,,139.0,,,,1,IVMH,6,
ivmh,No Repair,140,140,Update,0.01475,6.0,,,,,1,IVMH,6,Update
ivmh,No Repair,0,0,InitLoad,14.264959,60000.0,,,,,0,IVMH,7,InitLoad
ivmh,No Repair,1,1,RecentScan,17.694416,,1.0,,,,0,IVMH,7,RecentScan
ivmh,No Repair,2,2,RecentScan,17.41225,,2.0,,,,0,IVMH,7,RecentScan
ivmh,No Repair,3,3,RecentScan,17.175958,,3.0,,,,0,IVMH,7,RecentScan
ivmh,No Repair,4,4,RecentScan,17.167583,,4.0,,,,0,IVMH,7,RecentScan
ivmh,No Repair,5,5,RecentScan,15.723666,,5.0,,,,0,IVMH,7,RecentScan
ivmh,No Repair,6,6,MarkTs,0.0014579999999999999,,6.0,,,,0,IVMH,7,
ivmh,No Repair,7,7,Update,0.0165,6.0,,,,,0,IVMH,7,Update
ivmh,No Repair,8,8,MarkTs,51.985208,,6.0,,,HistoryScan,0,IVMH,7,BuildSnap
ivmh,No Repair,8,8,HistoryScan,17.276625,,6.0,,,,0,IVMH,7,HistoryScan
ivmh,No Repair,9,9,RecentScan,16.184541,,9.0,,,,0,IVMH,7,RecentScan
ivmh,No Repair,10,10,RecentScan,16.277084,,10.0,,,,0,IVMH,7,RecentScan
ivmh,No Repair,11,11,RecentScan,17.4855,,11.0,,,,0,IVMH,7,RecentScan
ivmh,No Repair,12,12,RecentScan,15.209458,,12.0,,,,0,IVMH,7,RecentScan
ivmh,No Repair,13,13,MarkTs,0.0,,13.0,,,,0,IVMH,7,
ivmh,No Repair,14,14,Update,0.010917,6.0,,,,,0,IVMH,7,Update
ivmh,No Repair,15,15,RecentScan,18.018417,,15.0,,,,0,IVMH,7,RecentScan
ivmh,No Repair,16,16,RecentScan,16.283083,,16.0,,,,0,IVMH,7,RecentScan
ivmh,No Repair,17,17,RecentScan,17.524917,,17.0,,,,0,IVMH,7,RecentScan
ivmh,No Repair,18,18,RecentScan,17.295625,,18.0,,,,0,IVMH,7,RecentScan
ivmh,No Repair,19,19,RecentScan,16.153291,,19.0,,,,0,IVMH,7,RecentScan
ivmh,No Repair,20,20,MarkTs,0.0,,20.0,,,,0,IVMH,7,
ivmh,No Repair,21,21,Update,0.015375,6.0,,,,,0,IVMH,7,Update
ivmh,No Repair,22,22,MarkTs,46.676,,20.0,,,HistoryScan,0,IVMH,7,BuildSnap
ivmh,No Repair,22,22,HistoryScan,19.020833,,20.0,,,,0,IVMH,7,HistoryScan
ivmh,No Repair,23,23,RecentScan,19.387459,,23.0,,,,0,IVMH,7,RecentScan
ivmh,No Repair,24,24,RecentScan,17.258,,24.0,,,,0,IVMH,7,RecentScan
ivmh,No Repair,25,25,RecentScan,18.503917,,25.0,,,,0,IVMH,7,RecentScan
ivmh,No Repair,26,26,RecentScan,18.288417,,26.0,,,,0,IVMH,7,RecentScan
ivmh,No Repair,27,27,MarkTs,0.001625,,27.0,,,,0,IVMH,7,
ivmh,No Repair,28,28,Update,0.016457999999999997,6.0,,,,,0,IVMH,7,Update
ivmh,No Repair,29,29,RecentScan,18.326667,,29.0,,,,0,IVMH,7,RecentScan
ivmh,No Repair,30,30,RecentScan,16.44275,,30.0,,,,0,IVMH,7,RecentScan
ivmh,No Repair,31,31,RecentScan,16.206375,,31.0,,,,0,IVMH,7,RecentScan
ivmh,No Repair,32,32,RecentScan,15.848375,,32.0,,,,0,IVMH,7,RecentScan
ivmh,No Repair,33,33,RecentScan,15.012667,,33.0,,,,0,IVMH,7,RecentScan
ivmh,No Repair,34,34,MarkTs,0.0,,34.0,,,,0,IVMH,7,
ivmh,No Repair,35,35,Update,0.01,6.0,,,,,0,IVMH,7,Update
ivmh,No Repair,36,36,MarkTs,49.2325,,34.0,,,HistoryScan,0,IVMH,7,BuildSnap
ivmh,No Repair,36,36,HistoryScan,18.555709,,34.0,,,,0,IVMH,7,HistoryScan
ivmh,No Repair,37,37,RecentScan,16.5215,,37.0,,,,0,IVMH,7,RecentScan
ivmh,No Repair,38,38,RecentScan,17.494625,,38.0,,,,0,IVMH,7,RecentScan
ivmh,No Repair,39,39,RecentScan,17.26825,,39.0,,,,0,IVMH,7,RecentScan
ivmh,No Repair,40,40,RecentScan,16.238,,40.0,,,,0,IVMH,7,RecentScan
ivmh,No Repair,41,41,MarkTs,0.0,,41.0,,,,0,IVMH,7,
ivmh,No Repair,42,42,Update,0.015834,6.0,,,,,0,IVMH,7,Update
ivmh,No Repair,43,43,RecentScan,16.881709,,43.0,,,,0,IVMH,7,RecentScan
ivmh,No Repair,44,44,RecentScan,16.857416,,44.0,,,,0,IVMH,7,RecentScan
ivmh,No Repair,45,45,RecentScan,16.589708,,45.0,,,,0,IVMH,7,RecentScan
ivmh,No Repair,46,46,RecentScan,16.814916,,46.0,,,,0,IVMH,7,RecentScan
ivmh,No Repair,47,47,RecentScan,17.709125,,47.0,,,,0,IVMH,7,RecentScan
ivmh,No Repair,48,48,MarkTs,0.0,,48.0,,,,0,IVMH,7,
ivmh,No Repair,49,49,Update,0.00975,6.0,,,,,0,IVMH,7,Update
ivmh,No Repair,50,50,MarkTs,48.96225,,48.0,,,HistoryScan,0,IVMH,7,BuildSnap
ivmh,No Repair,50,50,HistoryScan,17.716083,,48.0,,,,0,IVMH,7,HistoryScan
ivmh,No Repair,51,51,RecentScan,17.031167,,51.0,,,,0,IVMH,7,RecentScan
ivmh,No Repair,52,52,RecentScan,17.746708,,52.0,,,,0,IVMH,7,RecentScan
ivmh,No Repair,53,53,RecentScan,17.389292,,53.0,,,,0,IVMH,7,RecentScan
ivmh,No Repair,54,54,RecentScan,17.39325,,54.0,,,,0,IVMH,7,RecentScan
ivmh,No Repair,55,55,MarkTs,0.0012079999999999999,,55.0,,,,0,IVMH,7,
ivmh,No Repair,56,56,Update,0.011792,6.0,,,,,0,IVMH,7,Update
ivmh,No Repair,57,57,RecentScan,16.517042,,57.0,,,,0,IVMH,7,RecentScan
ivmh,No Repair,58,58,RecentScan,15.687042,,58.0,,,,0,IVMH,7,RecentScan
ivmh,No Repair,59,59,RecentScan,16.27425,,59.0,,,,0,IVMH,7,RecentScan
ivmh,No Repair,60,60,RecentScan,16.25275,,60.0,,,,0,IVMH,7,RecentScan
ivmh,No Repair,61,61,RecentScan,17.951375,,61.0,,,,0,IVMH,7,RecentScan
ivmh,No Repair,62,62,MarkTs,0.001083,,62.0,,,,0,IVMH,7,
ivmh,No Repair,63,63,Update,0.014084,6.0,,,,,0,IVMH,7,Update
ivmh,No Repair,64,64,MarkTs,53.069125,,62.0,,,HistoryScan,0,IVMH,7,BuildSnap
ivmh,No Repair,64,64,HistoryScan,18.524291,,62.0,,,,0,IVMH,7,HistoryScan
ivmh,No Repair,65,65,RecentScan,16.232125,,65.0,,,,0,IVMH,7,RecentScan
ivmh,No Repair,66,66,RecentScan,17.481667,,66.0,,,,0,IVMH,7,RecentScan
ivmh,No Repair,67,67,RecentScan,18.978792,,67.0,,,,0,IVMH,7,RecentScan
ivmh,No Repair,68,68,RecentScan,17.030333,,68.0,,,,0,IVMH,7,RecentScan
ivmh,No Repair,69,69,MarkTs,0.0,,69.0,,,,0,IVMH,7,
ivmh,No Repair,70,70,Update,0.0135,6.0,,,,,0,IVMH,7,Update
ivmh,No Repair,71,71,RecentScan,15.753583,,71.0,,,,0,IVMH,7,RecentScan
ivmh,No Repair,72,72,RecentScan,18.423208,,72.0,,,,0,IVMH,7,RecentScan
ivmh,No Repair,73,73,RecentScan,15.007625,,73.0,,,,0,IVMH,7,RecentScan
ivmh,No Repair,74,74,RecentScan,15.540208,,74.0,,,,0,IVMH,7,RecentScan
ivmh,No Repair,75,75,RecentScan,15.149167,,75.0,,,,0,IVMH,7,RecentScan
ivmh,No Repair,76,76,MarkTs,0.0,,76.0,,,,0,IVMH,7,
ivmh,No Repair,77,77,Update,0.013667,6.0,,,,,0,IVMH,7,Update
ivmh,No Repair,78,78,MarkTs,48.890209,,76.0,,,HistoryScan,0,IVMH,7,BuildSnap
ivmh,No Repair,78,78,HistoryScan,18.434834,,76.0,,,,0,IVMH,7,HistoryScan
ivmh,No Repair,79,79,RecentScan,16.61675,,79.0,,,,0,IVMH,7,RecentScan
ivmh,No Repair,80,80,RecentScan,16.717375,,80.0,,,,0,IVMH,7,RecentScan
ivmh,No Repair,81,81,RecentScan,16.735291,,81.0,,,,0,IVMH,7,RecentScan
ivmh,No Repair,82,82,RecentScan,16.735042,,82.0,,,,0,IVMH,7,RecentScan
ivmh,No Repair,83,83,MarkTs,0.0,,83.0,,,,0,IVMH,7,
ivmh,No Repair,84,84,Update,0.01525,6.0,,,,,0,IVMH,7,Update
ivmh,No Repair,85,85,RecentScan,16.92075,,85.0,,,,0,IVMH,7,RecentScan
ivmh,No Repair,86,86,RecentScan,16.976334,,86.0,,,,0,IVMH,7,RecentScan
ivmh,No Repair,87,87,RecentScan,16.438208,,87.0,,,,0,IVMH,7,RecentScan
ivmh,No Repair,88,88,RecentScan,15.918209,,88.0,,,,0,IVMH,7,RecentScan
ivmh,No Repair,89,89,RecentScan,16.483667,,89.0,,,,0,IVMH,7,RecentScan
ivmh,No Repair,90,90,MarkTs,0.0,,90.0,,,,0,IVMH,7,
ivmh,No Repair,91,91,Update,0.01375,6.0,,,,,0,IVMH,7,Update
ivmh,No Repair,92,92,MarkTs,49.910875,,90.0,,,HistoryScan,0,IVMH,7,BuildSnap
ivmh,No Repair,92,92,HistoryScan,17.903709,,90.0,,,,0,IVMH,7,HistoryScan
ivmh,No Repair,93,93,RecentScan,19.048834,,93.0,,,,0,IVMH,7,RecentScan
ivmh,No Repair,94,94,RecentScan,16.335375,,94.0,,,,0,IVMH,7,RecentScan
ivmh,No Repair,95,95,RecentScan,17.946833,,95.0,,,,0,IVMH,7,RecentScan
ivmh,No Repair,96,96,RecentScan,17.460291,,96.0,,,,0,IVMH,7,RecentScan
ivmh,No Repair,97,97,MarkTs,0.0,,97.0,,,,0,IVMH,7,
ivmh,No Repair,98,98,Update,0.014375,6.0,,,,,0,IVMH,7,Update
ivmh,No Repair,99,99,RecentScan,16.72,,99.0,,,,0,IVMH,7,RecentScan
ivmh,No Repair,100,100,RecentScan,18.314375,,100.0,,,,0,IVMH,7,RecentScan
ivmh,No Repair,101,101,RecentScan,15.997917,,101.0,,,,0,IVMH,7,RecentScan
ivmh,No Repair,102,102,RecentScan,16.786041,,102.0,,,,0,IVMH,7,RecentScan
ivmh,No Repair,103,103,RecentScan,16.076,,103.0,,,,0,IVMH,7,RecentScan
ivmh,No Repair,104,104,MarkTs,0.002042,,104.0,,,,0,IVMH,7,
ivmh,No Repair,105,105,Update,0.016375,6.0,,,,,0,IVMH,7,Update
ivmh,No Repair,106,106,RecentScan,16.284875,,106.0,,,,0,IVMH,7,RecentScan
ivmh,No Repair,107,107,RecentScan,15.847,,107.0,,,,0,IVMH,7,RecentScan
ivmh,No Repair,108,108,RecentScan,16.728834,,108.0,,,,0,IVMH,7,RecentScan
ivmh,No Repair,109,109,RecentScan,14.38725,,109.0,,,,0,IVMH,7,RecentScan
ivmh,No Repair,110,110,RecentScan,15.062667,,110.0,,,,0,IVMH,7,RecentScan
ivmh,No Repair,111,111,MarkTs,0.0,,111.0,,,,0,IVMH,7,
ivmh,No Repair,112,112,Update,0.009667,6.0,,,,,0,IVMH,7,Update
ivmh,No Repair,113,113,RecentScan,16.455791,,113.0,,,,0,IVMH,7,RecentScan
ivmh,No Repair,114,114,RecentScan,15.7865,,114.0,,,,0,IVMH,7,RecentScan
ivmh,No Repair,115,115,RecentScan,17.593542,,115.0,,,,0,IVMH,7,RecentScan
ivmh,No Repair,116,116,RecentScan,18.285583,,116.0,,,,0,IVMH,7,RecentScan
ivmh,No Repair,117,117,RecentScan,15.747292,,117.0,,,,0,IVMH,7,RecentScan
ivmh,No Repair,118,118,MarkTs,0.0,,118.0,,,,0,IVMH,7,
ivmh,No Repair,119,119,Update,0.009542,6.0,,,,,0,IVMH,7,Update
ivmh,No Repair,120,120,RecentScan,16.051375,,120.0,,,,0,IVMH,7,RecentScan
ivmh,No Repair,121,121,RecentScan,16.431,,121.0,,,,0,IVMH,7,RecentScan
ivmh,No Repair,122,122,RecentScan,16.381416,,122.0,,,,0,IVMH,7,RecentScan
ivmh,No Repair,123,123,RecentScan,16.259792,,123.0,,,,0,IVMH,7,RecentScan
ivmh,No Repair,124,124,RecentScan,17.6505,,124.0,,,,0,IVMH,7,RecentScan
ivmh,No Repair,125,125,MarkTs,0.0,,125.0,,,,0,IVMH,7,
ivmh,No Repair,126,126,Update,0.013459,6.0,,,,,0,IVMH,7,Update
ivmh,No Repair,127,127,RecentScan,18.161958,,127.0,,,,0,IVMH,7,RecentScan
ivmh,No Repair,128,128,RecentScan,15.594,,128.0,,,,0,IVMH,7,RecentScan
ivmh,No Repair,129,129,RecentScan,15.775583,,129.0,,,,0,IVMH,7,RecentScan
ivmh,No Repair,130,130,RecentScan,16.005834,,130.0,,,,0,IVMH,7,RecentScan
ivmh,No Repair,131,131,RecentScan,16.566709,,131.0,,,,0,IVMH,7,RecentScan
ivmh,No Repair,132,132,MarkTs,0.0,,132.0,,,,0,IVMH,7,
ivmh,No Repair,133,133,Update,0.023334,6.0,,,,,0,IVMH,7,Update
ivmh,No Repair,134,134,RecentScan,16.132667,,134.0,,,,0,IVMH,7,RecentScan
ivmh,No Repair,135,135,RecentScan,16.692584,,135.0,,,,0,IVMH,7,RecentScan
ivmh,No Repair,136,136,RecentScan,16.476292,,136.0,,,,0,IVMH,7,RecentScan
ivmh,No Repair,137,137,RecentScan,15.904709,,137.0,,,,0,IVMH,7,RecentScan
ivmh,No Repair,138,138,RecentScan,15.756917,,138.0,,,,0,IVMH,7,RecentScan
ivmh,No Repair,139,139,MarkTs,0.0,,139.0,,,,0,IVMH,7,
ivmh,No Repair,140,140,Update,0.014209,6.0,,,,,0,IVMH,7,Update
ivmh,No Repair,0,0,InitLoad,14.485666,60000.0,,,,,1,IVMH,7,InitLoad
ivmh,No Repair,1,1,RecentScan,18.374375,,1.0,,,,1,IVMH,7,RecentScan
ivmh,No Repair,2,2,RecentScan,16.749375,,2.0,,,,1,IVMH,7,RecentScan
ivmh,No Repair,3,3,RecentScan,18.563,,3.0,,,,1,IVMH,7,RecentScan
ivmh,No Repair,4,4,RecentScan,17.014792,,4.0,,,,1,IVMH,7,RecentScan
ivmh,No Repair,5,5,RecentScan,16.490042,,5.0,,,,1,IVMH,7,RecentScan
ivmh,No Repair,6,6,MarkTs,0.0,,6.0,,,,1,IVMH,7,
ivmh,No Repair,7,7,Update,0.01875,6.0,,,,,1,IVMH,7,Update
ivmh,No Repair,8,8,MarkTs,49.253791,,6.0,,,HistoryScan,1,IVMH,7,BuildSnap
ivmh,No Repair,8,8,HistoryScan,15.707917,,6.0,,,,1,IVMH,7,HistoryScan
ivmh,No Repair,9,9,RecentScan,15.685458,,9.0,,,,1,IVMH,7,RecentScan
ivmh,No Repair,10,10,RecentScan,16.223417,,10.0,,,,1,IVMH,7,RecentScan
ivmh,No Repair,11,11,RecentScan,17.217125,,11.0,,,,1,IVMH,7,RecentScan
ivmh,No Repair,12,12,RecentScan,15.61225,,12.0,,,,1,IVMH,7,RecentScan
ivmh,No Repair,13,13,MarkTs,0.0,,13.0,,,,1,IVMH,7,
ivmh,No Repair,14,14,Update,0.011292,6.0,,,,,1,IVMH,7,Update
ivmh,No Repair,15,15,RecentScan,15.673958,,15.0,,,,1,IVMH,7,RecentScan
ivmh,No Repair,16,16,RecentScan,15.875792,,16.0,,,,1,IVMH,7,RecentScan
ivmh,No Repair,17,17,RecentScan,16.263125,,17.0,,,,1,IVMH,7,RecentScan
ivmh,No Repair,18,18,RecentScan,16.325917,,18.0,,,,1,IVMH,7,RecentScan
ivmh,No Repair,19,19,RecentScan,15.906458,,19.0,,,,1,IVMH,7,RecentScan
ivmh,No Repair,20,20,MarkTs,0.0,,20.0,,,,1,IVMH,7,
ivmh,No Repair,21,21,Update,0.014166,6.0,,,,,1,IVMH,7,Update
ivmh,No Repair,22,22,MarkTs,47.490417,,20.0,,,HistoryScan,1,IVMH,7,BuildSnap
ivmh,No Repair,22,22,HistoryScan,19.916583,,20.0,,,,1,IVMH,7,HistoryScan
ivmh,No Repair,23,23,RecentScan,16.771417,,23.0,,,,1,IVMH,7,RecentScan
ivmh,No Repair,24,24,RecentScan,17.17,,24.0,,,,1,IVMH,7,RecentScan
ivmh,No Repair,25,25,RecentScan,18.27675,,25.0,,,,1,IVMH,7,RecentScan
ivmh,No Repair,26,26,RecentScan,16.547458,,26.0,,,,1,IVMH,7,RecentScan
ivmh,No Repair,27,27,MarkTs,0.0,,27.0,,,,1,IVMH,7,
ivmh,No Repair,28,28,Update,0.013666000000000001,6.0,,,,,1,IVMH,7,Update
ivmh,No Repair,29,29,RecentScan,16.944083,,29.0,,,,1,IVMH,7,RecentScan
ivmh,No Repair,30,30,RecentScan,17.178792,,30.0,,,,1,IVMH,7,RecentScan
ivmh,No Repair,31,31,RecentScan,18.6435,,31.0,,,,1,IVMH,7,RecentScan
ivmh,No Repair,32,32,RecentScan,17.633708,,32.0,,,,1,IVMH,7,RecentScan
ivmh,No Repair,33,33,RecentScan,16.413084,,33.0,,,,1,IVMH,7,RecentScan
ivmh,No Repair,34,34,MarkTs,0.0,,34.0,,,,1,IVMH,7,
ivmh,No Repair,35,35,Update,0.011833,6.0,,,,,1,IVMH,7,Update
ivmh,No Repair,36,36,MarkTs,46.85125,,34.0,,,HistoryScan,1,IVMH,7,BuildSnap
ivmh,No Repair,36,36,HistoryScan,20.451875,,34.0,,,,1,IVMH,7,HistoryScan
ivmh,No Repair,37,37,RecentScan,15.868625,,37.0,,,,1,IVMH,7,RecentScan
ivmh,No Repair,38,38,RecentScan,16.526875,,38.0,,,,1,IVMH,7,RecentScan
ivmh,No Repair,39,39,RecentScan,16.272542,,39.0,,,,1,IVMH,7,RecentScan
ivmh,No Repair,40,40,RecentScan,16.0715,,40.0,,,,1,IVMH,7,RecentScan
ivmh,No Repair,41,41,MarkTs,0.0,,41.0,,,,1,IVMH,7,
ivmh,No Repair,42,42,Update,0.018958,6.0,,,,,1,IVMH,7,Update
ivmh,No Repair,43,43,RecentScan,16.435792,,43.0,,,,1,IVMH,7,RecentScan
ivmh,No Repair,44,44,RecentScan,18.1035,,44.0,,,,1,IVMH,7,RecentScan
ivmh,No Repair,45,45,RecentScan,18.318542,,45.0,,,,1,IVMH,7,RecentScan
ivmh,No Repair,46,46,RecentScan,15.495292,,46.0,,,,1,IVMH,7,RecentScan
ivmh,No Repair,47,47,RecentScan,14.264875,,47.0,,,,1,IVMH,7,RecentScan
ivmh,No Repair,48,48,MarkTs,0.0,,48.0,,,,1,IVMH,7,
ivmh,No Repair,49,49,Update,0.0105,6.0,,,,,1,IVMH,7,Update
ivmh,No Repair,50,50,MarkTs,47.992458,,48.0,,,HistoryScan,1,IVMH,7,BuildSnap
ivmh,No Repair,50,50,HistoryScan,19.802958,,48.0,,,,1,IVMH,7,HistoryScan
ivmh,No Repair,51,51,RecentScan,16.831916,,51.0,,,,1,IVMH,7,RecentScan
ivmh,No Repair,52,52,RecentScan,17.071333,,52.0,,,,1,IVMH,7,RecentScan
ivmh,No Repair,53,53,RecentScan,16.350083,,53.0,,,,1,IVMH,7,RecentScan
ivmh,No Repair,54,54,RecentScan,15.475333,,54.0,,,,1,IVMH,7,RecentScan
ivmh,No Repair,55,55,MarkTs,0.001542,,55.0,,,,1,IVMH,7,
ivmh,No Repair,56,56,Update,0.013666000000000001,6.0,,,,,1,IVMH,7,Update
ivmh,No Repair,57,57,RecentScan,17.126417,,57.0,,,,1,IVMH,7,RecentScan
ivmh,No Repair,58,58,RecentScan,16.2975,,58.0,,,,1,IVMH,7,RecentScan
ivmh,No Repair,59,59,RecentScan,15.726833,,59.0,,,,1,IVMH,7,RecentScan
ivmh,No Repair,60,60,RecentScan,16.244333,,60.0,,,,1,IVMH,7,RecentScan
ivmh,No Repair,61,61,RecentScan,17.598375,,61.0,,,,1,IVMH,7,RecentScan
ivmh,No Repair,62,62,MarkTs,0.0,,62.0,,,,1,IVMH,7,
ivmh,No Repair,63,63,Update,0.0205,6.0,,,,,1,IVMH,7,Update
ivmh,No Repair,64,64,MarkTs,69.77775,,62.0,,,HistoryScan,1,IVMH,7,BuildSnap
ivmh,No Repair,64,64,HistoryScan,16.9115,,62.0,,,,1,IVMH,7,HistoryScan
ivmh,No Repair,65,65,RecentScan,17.244167,,65.0,,,,1,IVMH,7,RecentScan
ivmh,No Repair,66,66,RecentScan,15.719625,,66.0,,,,1,IVMH,7,RecentScan
ivmh,No Repair,67,67,RecentScan,14.514583,,67.0,,,,1,IVMH,7,RecentScan
ivmh,No Repair,68,68,RecentScan,15.45825,,68.0,,,,1,IVMH,7,RecentScan
ivmh,No Repair,69,69,MarkTs,0.0,,69.0,,,,1,IVMH,7,
ivmh,No Repair,70,70,Update,0.011459,6.0,,,,,1,IVMH,7,Update
ivmh,No Repair,71,71,RecentScan,15.721333,,71.0,,,,1,IVMH,7,RecentScan
ivmh,No Repair,72,72,RecentScan,16.110916,,72.0,,,,1,IVMH,7,RecentScan
ivmh,No Repair,73,73,RecentScan,16.788375,,73.0,,,,1,IVMH,7,RecentScan
ivmh,No Repair,74,74,RecentScan,16.046458,,74.0,,,,1,IVMH,7,RecentScan
ivmh,No Repair,75,75,RecentScan,17.255125,,75.0,,,,1,IVMH,7,RecentScan
ivmh,No Repair,76,76,MarkTs,0.0,,76.0,,,,1,IVMH,7,
ivmh,No Repair,77,77,Update,0.017042,6.0,,,,,1,IVMH,7,Update
ivmh,No Repair,78,78,MarkTs,50.326166,,76.0,,,HistoryScan,1,IVMH,7,BuildSnap
ivmh,No Repair,78,78,HistoryScan,18.704958,,76.0,,,,1,IVMH,7,HistoryScan
ivmh,No Repair,79,79,RecentScan,15.579375,,79.0,,,,1,IVMH,7,RecentScan
ivmh,No Repair,80,80,RecentScan,17.205792,,80.0,,,,1,IVMH,7,RecentScan
ivmh,No Repair,81,81,RecentScan,17.768458,,81.0,,,,1,IVMH,7,RecentScan
ivmh,No Repair,82,82,RecentScan,16.247667,,82.0,,,,1,IVMH,7,RecentScan
ivmh,No Repair,83,83,MarkTs,0.0,,83.0,,,,1,IVMH,7,
ivmh,No Repair,84,84,Update,0.018,6.0,,,,,1,IVMH,7,Update
ivmh,No Repair,85,85,RecentScan,17.104375,,85.0,,,,1,IVMH,7,RecentScan
ivmh,No Repair,86,86,RecentScan,16.387667,,86.0,,,,1,IVMH,7,RecentScan
ivmh,No Repair,87,87,RecentScan,17.107459,,87.0,,,,1,IVMH,7,RecentScan
ivmh,No Repair,88,88,RecentScan,14.7315,,88.0,,,,1,IVMH,7,RecentScan
ivmh,No Repair,89,89,RecentScan,16.259292,,89.0,,,,1,IVMH,7,RecentScan
ivmh,No Repair,90,90,MarkTs,0.0,,90.0,,,,1,IVMH,7,
ivmh,No Repair,91,91,Update,0.014875,6.0,,,,,1,IVMH,7,Update
ivmh,No Repair,92,92,MarkTs,47.711708,,90.0,,,HistoryScan,1,IVMH,7,BuildSnap
ivmh,No Repair,92,92,HistoryScan,18.152833,,90.0,,,,1,IVMH,7,HistoryScan
ivmh,No Repair,93,93,RecentScan,18.008375,,93.0,,,,1,IVMH,7,RecentScan
ivmh,No Repair,94,94,RecentScan,17.334,,94.0,,,,1,IVMH,7,RecentScan
ivmh,No Repair,95,95,RecentScan,16.211125,,95.0,,,,1,IVMH,7,RecentScan
ivmh,No Repair,96,96,RecentScan,16.307791,,96.0,,,,1,IVMH,7,RecentScan
ivmh,No Repair,97,97,MarkTs,0.0,,97.0,,,,1,IVMH,7,
ivmh,No Repair,98,98,Update,0.014333,6.0,,,,,1,IVMH,7,Update
ivmh,No Repair,99,99,RecentScan,15.582458,,99.0,,,,1,IVMH,7,RecentScan
ivmh,No Repair,100,100,RecentScan,16.104417,,100.0,,,,1,IVMH,7,RecentScan
ivmh,No Repair,101,101,RecentScan,17.758834,,101.0,,,,1,IVMH,7,RecentScan
ivmh,No Repair,102,102,RecentScan,16.983583,,102.0,,,,1,IVMH,7,RecentScan
ivmh,No Repair,103,103,RecentScan,16.610875,,103.0,,,,1,IVMH,7,RecentScan
ivmh,No Repair,104,104,MarkTs,0.0015,,104.0,,,,1,IVMH,7,
ivmh,No Repair,105,105,Update,0.02125,6.0,,,,,1,IVMH,7,Update
ivmh,No Repair,106,106,RecentScan,16.567042,,106.0,,,,1,IVMH,7,RecentScan
ivmh,No Repair,107,107,RecentScan,17.1815,,107.0,,,,1,IVMH,7,RecentScan
ivmh,No Repair,108,108,RecentScan,16.601708,,108.0,,,,1,IVMH,7,RecentScan
ivmh,No Repair,109,109,RecentScan,15.553916,,109.0,,,,1,IVMH,7,RecentScan
ivmh,No Repair,110,110,RecentScan,17.304834,,110.0,,,,1,IVMH,7,RecentScan
ivmh,No Repair,111,111,MarkTs,0.0,,111.0,,,,1,IVMH,7,
ivmh,No Repair,112,112,Update,0.011084,6.0,,,,,1,IVMH,7,Update
ivmh,No Repair,113,113,RecentScan,17.216667,,113.0,,,,1,IVMH,7,RecentScan
ivmh,No Repair,114,114,RecentScan,16.548791,,114.0,,,,1,IVMH,7,RecentScan
ivmh,No Repair,115,115,RecentScan,17.952084,,115.0,,,,1,IVMH,7,RecentScan
ivmh,No Repair,116,116,RecentScan,16.066667,,116.0,,,,1,IVMH,7,RecentScan
ivmh,No Repair,117,117,RecentScan,15.907125,,117.0,,,,1,IVMH,7,RecentScan
ivmh,No Repair,118,118,MarkTs,0.0,,118.0,,,,1,IVMH,7,
ivmh,No Repair,119,119,Update,0.009458,6.0,,,,,1,IVMH,7,Update
ivmh,No Repair,120,120,RecentScan,16.696667,,120.0,,,,1,IVMH,7,RecentScan
ivmh,No Repair,121,121,RecentScan,18.708458,,121.0,,,,1,IVMH,7,RecentScan
ivmh,No Repair,122,122,RecentScan,16.198,,122.0,,,,1,IVMH,7,RecentScan
ivmh,No Repair,123,123,RecentScan,15.7665,,123.0,,,,1,IVMH,7,RecentScan
ivmh,No Repair,124,124,RecentScan,16.676958,,124.0,,,,1,IVMH,7,RecentScan
ivmh,No Repair,125,125,MarkTs,0.001,,125.0,,,,1,IVMH,7,
ivmh,No Repair,126,126,Update,0.015667,6.0,,,,,1,IVMH,7,Update
ivmh,No Repair,127,127,RecentScan,16.080959,,127.0,,,,1,IVMH,7,RecentScan
ivmh,No Repair,128,128,RecentScan,15.599334,,128.0,,,,1,IVMH,7,RecentScan
ivmh,No Repair,129,129,RecentScan,15.974417,,129.0,,,,1,IVMH,7,RecentScan
ivmh,No Repair,130,130,RecentScan,16.610625,,130.0,,,,1,IVMH,7,RecentScan
ivmh,No Repair,131,131,RecentScan,17.803208,,131.0,,,,1,IVMH,7,RecentScan
ivmh,No Repair,132,132,MarkTs,0.0,,132.0,,,,1,IVMH,7,
ivmh,No Repair,133,133,Update,0.0335,6.0,,,,,1,IVMH,7,Update
ivmh,No Repair,134,134,RecentScan,15.949834,,134.0,,,,1,IVMH,7,RecentScan
ivmh,No Repair,135,135,RecentScan,16.570417,,135.0,,,,1,IVMH,7,RecentScan
ivmh,No Repair,136,136,RecentScan,16.747208,,136.0,,,,1,IVMH,7,RecentScan
ivmh,No Repair,137,137,RecentScan,18.471417,,137.0,,,,1,IVMH,7,RecentScan
ivmh,No Repair,138,138,RecentScan,16.6775,,138.0,,,,1,IVMH,7,RecentScan
ivmh,No Repair,139,139,MarkTs,0.0,,139.0,,,,1,IVMH,7,
ivmh,No Repair,140,140,Update,0.016083,6.0,,,,,1,IVMH,7,Update
ivmh,No Repair,0,0,InitLoad,14.489667,60000.0,,,,,0,IVMH,8,InitLoad
ivmh,No Repair,1,1,RecentScan,18.726792,,1.0,,,,0,IVMH,8,RecentScan
ivmh,No Repair,2,2,RecentScan,17.314916,,2.0,,,,0,IVMH,8,RecentScan
ivmh,No Repair,3,3,RecentScan,17.055125,,3.0,,,,0,IVMH,8,RecentScan
ivmh,No Repair,4,4,RecentScan,17.825042,,4.0,,,,0,IVMH,8,RecentScan
ivmh,No Repair,5,5,RecentScan,16.058541,,5.0,,,,0,IVMH,8,RecentScan
ivmh,No Repair,6,6,MarkTs,0.001625,,6.0,,,,0,IVMH,8,
ivmh,No Repair,7,7,Update,0.015834,6.0,,,,,0,IVMH,8,Update
ivmh,No Repair,8,8,MarkTs,50.84225,,6.0,,,HistoryScan,0,IVMH,8,BuildSnap
ivmh,No Repair,8,8,HistoryScan,17.324083,,6.0,,,,0,IVMH,8,HistoryScan
ivmh,No Repair,9,9,RecentScan,16.704625,,9.0,,,,0,IVMH,8,RecentScan
ivmh,No Repair,10,10,RecentScan,17.374875,,10.0,,,,0,IVMH,8,RecentScan
ivmh,No Repair,11,11,RecentScan,17.564458,,11.0,,,,0,IVMH,8,RecentScan
ivmh,No Repair,12,12,RecentScan,16.204042,,12.0,,,,0,IVMH,8,RecentScan
ivmh,No Repair,13,13,MarkTs,0.0,,13.0,,,,0,IVMH,8,
ivmh,No Repair,14,14,Update,0.011875,6.0,,,,,0,IVMH,8,Update
ivmh,No Repair,15,15,RecentScan,16.000125,,15.0,,,,0,IVMH,8,RecentScan
ivmh,No Repair,16,16,RecentScan,17.455833,,16.0,,,,0,IVMH,8,RecentScan
ivmh,No Repair,17,17,RecentScan,17.436416,,17.0,,,,0,IVMH,8,RecentScan
ivmh,No Repair,18,18,RecentScan,16.0015,,18.0,,,,0,IVMH,8,RecentScan
ivmh,No Repair,19,19,RecentScan,16.119542,,19.0,,,,0,IVMH,8,RecentScan
ivmh,No Repair,20,20,MarkTs,0.0,,20.0,,,,0,IVMH,8,
ivmh,No Repair,21,21,Update,0.015208000000000001,6.0,,,,,0,IVMH,8,Update
ivmh,No Repair,22,22,MarkTs,47.76075,,20.0,,,HistoryScan,0,IVMH,8,BuildSnap
ivmh,No Repair,22,22,HistoryScan,17.331667,,20.0,,,,0,IVMH,8,HistoryScan
ivmh,No Repair,23,23,RecentScan,17.275125,,23.0,,,,0,IVMH,8,RecentScan
ivmh,No Repair,24,24,RecentScan,16.573084,,24.0,,,,0,IVMH,8,RecentScan
ivmh,No Repair,25,25,RecentScan,16.672417,,25.0,,,,0,IVMH,8,RecentScan
ivmh,No Repair,26,26,RecentScan,16.862958,,26.0,,,,0,IVMH,8,RecentScan
ivmh,No Repair,27,27,MarkTs,0.001583,,27.0,,,,0,IVMH,8,
ivmh,No Repair,28,28,Update,0.014333,6.0,,,,,0,IVMH,8,Update
ivmh,No Repair,29,29,RecentScan,15.734042,,29.0,,,,0,IVMH,8,RecentScan
ivmh,No Repair,30,30,RecentScan,15.548291,,30.0,,,,0,IVMH,8,RecentScan
ivmh,No Repair,31,31,RecentScan,16.42725,,31.0,,,,0,IVMH,8,RecentScan
ivmh,No Repair,32,32,RecentScan,16.685083,,32.0,,,,0,IVMH,8,RecentScan
ivmh,No Repair,33,33,RecentScan,15.943,,33.0,,,,0,IVMH,8,RecentScan
ivmh,No Repair,34,34,MarkTs,0.0,,34.0,,,,0,IVMH,8,
ivmh,No Repair,35,35,Update,0.011083,6.0,,,,,0,IVMH,8,Update
ivmh,No Repair,36,36,MarkTs,48.646292,,34.0,,,HistoryScan,0,IVMH,8,BuildSnap
ivmh,No Repair,36,36,HistoryScan,18.168333,,34.0,,,,0,IVMH,8,HistoryScan
ivmh,No Repair,37,37,RecentScan,16.643458,,37.0,,,,0,IVMH,8,RecentScan
ivmh,No Repair,38,38,RecentScan,16.493625,,38.0,,,,0,IVMH,8,RecentScan
ivmh,No Repair,39,39,RecentScan,15.754792,,39.0,,,,0,IVMH,8,RecentScan
ivmh,No Repair,40,40,RecentScan,15.414916,,40.0,,,,0,IVMH,8,RecentScan
ivmh,No Repair,41,41,MarkTs,0.0,,41.0,,,,0,IVMH,8,
ivmh,No Repair,42,42,Update,0.0185,6.0,,,,,0,IVMH,8,Update
ivmh,No Repair,43,43,RecentScan,18.920625,,43.0,,,,0,IVMH,8,RecentScan
ivmh,No Repair,44,44,RecentScan,16.406792,,44.0,,,,0,IVMH,8,RecentScan
ivmh,No Repair,45,45,RecentScan,15.993458,,45.0,,,,0,IVMH,8,RecentScan
ivmh,No Repair,46,46,RecentScan,18.21,,46.0,,,,0,IVMH,8,RecentScan
ivmh,No Repair,47,47,RecentScan,17.163208,,47.0,,,,0,IVMH,8,RecentScan
ivmh,No Repair,48,48,MarkTs,0.0,,48.0,,,,0,IVMH,8,
ivmh,No Repair,49,49,Update,0.010667,6.0,,,,,0,IVMH,8,Update
ivmh,No Repair,50,50,MarkTs,48.479459,,48.0,,,HistoryScan,0,IVMH,8,BuildSnap
ivmh,No Repair,50,50,HistoryScan,18.3265,,48.0,,,,0,IVMH,8,HistoryScan
ivmh,No Repair,51,51,RecentScan,16.609333,,51.0,,,,0,IVMH,8,RecentScan
ivmh,No Repair,52,52,RecentScan,15.933833,,52.0,,,,0,IVMH,8,RecentScan
ivmh,No Repair,53,53,RecentScan,16.453041,,53.0,,,,0,IVMH,8,RecentScan
ivmh,No Repair,54,54,RecentScan,18.058584,,54.0,,,,0,IVMH,8,RecentScan
ivmh,No Repair,55,55,MarkTs,0.001583,,55.0,,,,0,IVMH,8,
ivmh,No Repair,56,56,Update,0.013167,6.0,,,,,0,IVMH,8,Update
ivmh,No Repair,57,57,RecentScan,16.410167,,57.0,,,,0,IVMH,8,RecentScan
ivmh,No Repair,58,58,RecentScan,18.293666,,58.0,,,,0,IVMH,8,RecentScan
ivmh,No Repair,59,59,RecentScan,16.648583,,59.0,,,,0,IVMH,8,RecentScan
ivmh,No Repair,60,60,RecentScan,18.312417,,60.0,,,,0,IVMH,8,RecentScan
ivmh,No Repair,61,61,RecentScan,18.369083,,61.0,,,,0,IVMH,8,RecentScan
ivmh,No Repair,62,62,MarkTs,0.0,,62.0,,,,0,IVMH,8,
ivmh,No Repair,63,63,Update,0.015292,6.0,,,,,0,IVMH,8,Update
ivmh,No Repair,64,64,MarkTs,49.680833,,62.0,,,HistoryScan,0,IVMH,8,BuildSnap
ivmh,No Repair,64,64,HistoryScan,16.720666,,62.0,,,,0,IVMH,8,HistoryScan
ivmh,No Repair,65,65,RecentScan,18.417,,65.0,,,,0,IVMH,8,RecentScan
ivmh,No Repair,66,66,RecentScan,15.963833,,66.0,,,,0,IVMH,8,RecentScan
ivmh,No Repair,67,67,RecentScan,15.162875,,67.0,,,,0,IVMH,8,RecentScan
ivmh,No Repair,68,68,RecentScan,17.353292,,68.0,,,,0,IVMH,8,RecentScan
ivmh,No Repair,69,69,MarkTs,0.0,,69.0,,,,0,IVMH,8,
ivmh,No Repair,70,70,Update,0.010708,6.0,,,,,0,IVMH,8,Update
ivmh,No Repair,71,71,RecentScan,15.848583,,71.0,,,,0,IVMH,8,RecentScan
ivmh,No Repair,72,72,RecentScan,15.878125,,72.0,,,,0,IVMH,8,RecentScan
ivmh,No Repair,73,73,RecentScan,17.575584,,73.0,,,,0,IVMH,8,RecentScan
ivmh,No Repair,74,74,RecentScan,16.61375,,74.0,,,,0,IVMH,8,RecentScan
ivmh,No Repair,75,75,RecentScan,15.441375,,75.0,,,,0,IVMH,8,RecentScan
ivmh,No Repair,76,76,MarkTs,0.0,,76.0,,,,0,IVMH,8,
ivmh,No Repair,77,77,Update,0.013625,6.0,,,,,0,IVMH,8,Update
ivmh,No Repair,78,78,MarkTs,49.25075,,76.0,,,HistoryScan,0,IVMH,8,BuildSnap
ivmh,No Repair,78,78,HistoryScan,17.938291,,76.0,,,,0,IVMH,8,HistoryScan
ivmh,No Repair,79,79,RecentScan,17.887958,,79.0,,,,0,IVMH,8,RecentScan
ivmh,No Repair,80,80,RecentScan,16.54075,,80.0,,,,0,IVMH,8,RecentScan
ivmh,No Repair,81,81,RecentScan,15.377917,,81.0,,,,0,IVMH,8,RecentScan
ivmh,No Repair,82,82,RecentScan,16.872042,,82.0,,,,0,IVMH,8,RecentScan
ivmh,No Repair,83,83,MarkTs,0.0,,83.0,,,,0,IVMH,8,
ivmh,No Repair,84,84,Update,0.016207999999999997,6.0,,,,,0,IVMH,8,Update
ivmh,No Repair,85,85,RecentScan,16.853875,,85.0,,,,0,IVMH,8,RecentScan
ivmh,No Repair,86,86,RecentScan,17.598125,,86.0,,,,0,IVMH,8,RecentScan
ivmh,No Repair,87,87,RecentScan,15.625458,,87.0,,,,0,IVMH,8,RecentScan
ivmh,No Repair,88,88,RecentScan,16.746833,,88.0,,,,0,IVMH,8,RecentScan
ivmh,No Repair,89,89,RecentScan,17.246792,,89.0,,,,0,IVMH,8,RecentScan
ivmh,No Repair,90,90,MarkTs,0.0,,90.0,,,,0,IVMH,8,
ivmh,No Repair,91,91,Update,0.011667,6.0,,,,,0,IVMH,8,Update
ivmh,No Repair,92,92,MarkTs,48.972541,,90.0,,,HistoryScan,0,IVMH,8,BuildSnap
ivmh,No Repair,92,92,HistoryScan,17.872959,,90.0,,,,0,IVMH,8,HistoryScan
ivmh,No Repair,93,93,RecentScan,16.450208,,93.0,,,,0,IVMH,8,RecentScan
ivmh,No Repair,94,94,RecentScan,15.5635,,94.0,,,,0,IVMH,8,RecentScan
ivmh,No Repair,95,95,RecentScan,15.265792,,95.0,,,,0,IVMH,8,RecentScan
ivmh,No Repair,96,96,RecentScan,17.087333,,96.0,,,,0,IVMH,8,RecentScan
ivmh,No Repair,97,97,MarkTs,0.001,,97.0,,,,0,IVMH,8,
ivmh,No Repair,98,98,Update,0.015958,6.0,,,,,0,IVMH,8,Update
ivmh,No Repair,99,99,RecentScan,15.566917,,99.0,,,,0,IVMH,8,RecentScan
ivmh,No Repair,100,100,RecentScan,17.899041,,100.0,,,,0,IVMH,8,RecentScan
ivmh,No Repair,101,101,RecentScan,17.217167,,101.0,,,,0,IVMH,8,RecentScan
ivmh,No Repair,102,102,RecentScan,15.325833,,102.0,,,,0,IVMH,8,RecentScan
ivmh,No Repair,103,103,RecentScan,15.725666,,103.0,,,,0,IVMH,8,RecentScan
ivmh,No Repair,104,104,MarkTs,0.001375,,104.0,,,,0,IVMH,8,
ivmh,No Repair,105,105,Update,0.016792,6.0,,,,,0,IVMH,8,Update
ivmh,No Repair,106,106,MarkTs,55.359875,,104.0,,,HistoryScan,0,IVMH,8,BuildSnap
ivmh,No Repair,106,106,HistoryScan,17.605958,,104.0,,,,0,IVMH,8,HistoryScan
ivmh,No Repair,107,107,RecentScan,15.915208,,107.0,,,,0,IVMH,8,RecentScan
ivmh,No Repair,108,108,RecentScan,15.718833,,108.0,,,,0,IVMH,8,RecentScan
ivmh,No Repair,109,109,RecentScan,15.220875,,109.0,,,,0,IVMH,8,RecentScan
ivmh,No Repair,110,110,RecentScan,16.867875,,110.0,,,,0,IVMH,8,RecentScan
ivmh,No Repair,111,111,MarkTs,0.0,,111.0,,,,0,IVMH,8,
ivmh,No Repair,112,112,Update,0.009667,6.0,,,,,0,IVMH,8,Update
ivmh,No Repair,113,113,RecentScan,15.412625,,113.0,,,,0,IVMH,8,RecentScan
ivmh,No Repair,114,114,RecentScan,17.790292,,114.0,,,,0,IVMH,8,RecentScan
ivmh,No Repair,115,115,RecentScan,19.065833,,115.0,,,,0,IVMH,8,RecentScan
ivmh,No Repair,116,116,RecentScan,17.695666,,116.0,,,,0,IVMH,8,RecentScan
ivmh,No Repair,117,117,RecentScan,15.660125,,117.0,,,,0,IVMH,8,RecentScan
ivmh,No Repair,118,118,MarkTs,0.0,,118.0,,,,0,IVMH,8,
ivmh,No Repair,119,119,Update,0.009542,6.0,,,,,0,IVMH,8,Update
ivmh,No Repair,120,120,RecentScan,14.888417,,120.0,,,,0,IVMH,8,RecentScan
ivmh,No Repair,121,121,RecentScan,15.716375,,121.0,,,,0,IVMH,8,RecentScan
ivmh,No Repair,122,122,RecentScan,16.67975,,122.0,,,,0,IVMH,8,RecentScan
ivmh,No Repair,123,123,RecentScan,15.611917,,123.0,,,,0,IVMH,8,RecentScan
ivmh,No Repair,124,124,RecentScan,15.968292,,124.0,,,,0,IVMH,8,RecentScan
ivmh,No Repair,125,125,MarkTs,0.0,,125.0,,,,0,IVMH,8,
ivmh,No Repair,126,126,Update,0.01225,6.0,,,,,0,IVMH,8,Update
ivmh,No Repair,127,127,RecentScan,18.743417,,127.0,,,,0,IVMH,8,RecentScan
ivmh,No Repair,128,128,RecentScan,17.62975,,128.0,,,,0,IVMH,8,RecentScan
ivmh,No Repair,129,129,RecentScan,15.847542,,129.0,,,,0,IVMH,8,RecentScan
ivmh,No Repair,130,130,RecentScan,16.098042,,130.0,,,,0,IVMH,8,RecentScan
ivmh,No Repair,131,131,RecentScan,17.374667,,131.0,,,,0,IVMH,8,RecentScan
ivmh,No Repair,132,132,MarkTs,0.0,,132.0,,,,0,IVMH,8,
ivmh,No Repair,133,133,Update,0.025042000000000002,6.0,,,,,0,IVMH,8,Update
ivmh,No Repair,134,134,RecentScan,16.710333,,134.0,,,,0,IVMH,8,RecentScan
ivmh,No Repair,135,135,RecentScan,15.078375,,135.0,,,,0,IVMH,8,RecentScan
ivmh,No Repair,136,136,RecentScan,16.549042,,136.0,,,,0,IVMH,8,RecentScan
ivmh,No Repair,137,137,RecentScan,16.262083,,137.0,,,,0,IVMH,8,RecentScan
ivmh,No Repair,138,138,RecentScan,16.955292,,138.0,,,,0,IVMH,8,RecentScan
ivmh,No Repair,139,139,MarkTs,0.0,,139.0,,,,0,IVMH,8,
ivmh,No Repair,140,140,Update,0.015125,6.0,,,,,0,IVMH,8,Update
ivmh,No Repair,0,0,InitLoad,14.386125,60000.0,,,,,1,IVMH,8,InitLoad
ivmh,No Repair,1,1,RecentScan,16.562709,,1.0,,,,1,IVMH,8,RecentScan
ivmh,No Repair,2,2,RecentScan,18.122542,,2.0,,,,1,IVMH,8,RecentScan
ivmh,No Repair,3,3,RecentScan,14.766375,,3.0,,,,1,IVMH,8,RecentScan
ivmh,No Repair,4,4,RecentScan,13.962,,4.0,,,,1,IVMH,8,RecentScan
ivmh,No Repair,5,5,RecentScan,16.300125,,5.0,,,,1,IVMH,8,RecentScan
ivmh,No Repair,6,6,MarkTs,0.0,,6.0,,,,1,IVMH,8,
ivmh,No Repair,7,7,Update,0.017292000000000002,6.0,,,,,1,IVMH,8,Update
ivmh,No Repair,8,8,MarkTs,49.939459,,6.0,,,HistoryScan,1,IVMH,8,BuildSnap
ivmh,No Repair,8,8,HistoryScan,17.385583,,6.0,,,,1,IVMH,8,HistoryScan
ivmh,No Repair,9,9,RecentScan,17.048084,,9.0,,,,1,IVMH,8,RecentScan
ivmh,No Repair,10,10,RecentScan,14.93625,,10.0,,,,1,IVMH,8,RecentScan
ivmh,No Repair,11,11,RecentScan,18.445958,,11.0,,,,1,IVMH,8,RecentScan
ivmh,No Repair,12,12,RecentScan,17.186125,,12.0,,,,1,IVMH,8,RecentScan
ivmh,No Repair,13,13,MarkTs,0.0,,13.0,,,,1,IVMH,8,
ivmh,No Repair,14,14,Update,0.012,6.0,,,,,1,IVMH,8,Update
ivmh,No Repair,15,15,RecentScan,14.381417,,15.0,,,,1,IVMH,8,RecentScan
ivmh,No Repair,16,16,RecentScan,15.279792,,16.0,,,,1,IVMH,8,RecentScan
ivmh,No Repair,17,17,RecentScan,15.691625,,17.0,,,,1,IVMH,8,RecentScan
ivmh,No Repair,18,18,RecentScan,16.182583,,18.0,,,,1,IVMH,8,RecentScan
ivmh,No Repair,19,19,RecentScan,15.74325,,19.0,,,,1,IVMH,8,RecentScan
ivmh,No Repair,20,20,MarkTs,0.0,,20.0,,,,1,IVMH,8,
ivmh,No Repair,21,21,Update,0.014084,6.0,,,,,1,IVMH,8,Update
ivmh,No Repair,22,22,MarkTs,49.070792,,20.0,,,HistoryScan,1,IVMH,8,BuildSnap
ivmh,No Repair,22,22,HistoryScan,18.498125,,20.0,,,,1,IVMH,8,HistoryScan
ivmh,No Repair,23,23,RecentScan,17.2885,,23.0,,,,1,IVMH,8,RecentScan
ivmh,No Repair,24,24,RecentScan,16.616291,,24.0,,,,1,IVMH,8,RecentScan
ivmh,No Repair,25,25,RecentScan,15.452834,,25.0,,,,1,IVMH,8,RecentScan
ivmh,No Repair,26,26,RecentScan,16.66125,,26.0,,,,1,IVMH,8,RecentScan
ivmh,No Repair,27,27,MarkTs,0.001167,,27.0,,,,1,IVMH,8,
ivmh,No Repair,28,28,Update,0.013042,6.0,,,,,1,IVMH,8,Update
ivmh,No Repair,29,29,RecentScan,16.883791,,29.0,,,,1,IVMH,8,RecentScan
ivmh,No Repair,30,30,RecentScan,16.512334,,30.0,,,,1,IVMH,8,RecentScan
ivmh,No Repair,31,31,RecentScan,16.345792,,31.0,,,,1,IVMH,8,RecentScan
ivmh,No Repair,32,32,RecentScan,16.461042,,32.0,,,,1,IVMH,8,RecentScan
ivmh,No Repair,33,33,RecentScan,16.812042,,33.0,,,,1,IVMH,8,RecentScan
ivmh,No Repair,34,34,MarkTs,0.0,,34.0,,,,1,IVMH,8,
ivmh,No Repair,35,35,Update,0.010666,6.0,,,,,1,IVMH,8,Update
ivmh,No Repair,36,36,MarkTs,48.080958,,34.0,,,HistoryScan,1,IVMH,8,BuildSnap
ivmh,No Repair,36,36,HistoryScan,19.144833,,34.0,,,,1,IVMH,8,HistoryScan
ivmh,No Repair,37,37,RecentScan,17.49775,,37.0,,,,1,IVMH,8,RecentScan
ivmh,No Repair,38,38,RecentScan,17.19075,,38.0,,,,1,IVMH,8,RecentScan
ivmh,No Repair,39,39,RecentScan,17.00775,,39.0,,,,1,IVMH,8,RecentScan
ivmh,No Repair,40,40,RecentScan,17.35225,,40.0,,,,1,IVMH,8,RecentScan
ivmh,No Repair,41,41,MarkTs,0.0,,41.0,,,,1,IVMH,8,
ivmh,No Repair,42,42,Update,0.020707999999999997,6.0,,,,,1,IVMH,8,Update
ivmh,No Repair,43,43,RecentScan,16.444375,,43.0,,,,1,IVMH,8,RecentScan
ivmh,No Repair,44,44,RecentScan,17.054792,,44.0,,,,1,IVMH,8,RecentScan
ivmh,No Repair,45,45,RecentScan,16.375791,,45.0,,,,1,IVMH,8,RecentScan
ivmh,No Repair,46,46,RecentScan,17.39,,46.0,,,,1,IVMH,8,RecentScan
ivmh,No Repair,47,47,RecentScan,16.486792,,47.0,,,,1,IVMH,8,RecentScan
ivmh,No Repair,48,48,MarkTs,0.0,,48.0,,,,1,IVMH,8,
ivmh,No Repair,49,49,Update,0.010084,6.0,,,,,1,IVMH,8,Update
ivmh,No Repair,50,50,MarkTs,48.939334,,48.0,,,HistoryScan,1,IVMH,8,BuildSnap
ivmh,No Repair,50,50,HistoryScan,17.95675,,48.0,,,,1,IVMH,8,HistoryScan
ivmh,No Repair,51,51,RecentScan,16.435792,,51.0,,,,1,IVMH,8,RecentScan
ivmh,No Repair,52,52,RecentScan,16.292708,,52.0,,,,1,IVMH,8,RecentScan
ivmh,No Repair,53,53,RecentScan,15.407792,,53.0,,,,1,IVMH,8,RecentScan
ivmh,No Repair,54,54,RecentScan,16.719542,,54.0,,,,1,IVMH,8,RecentScan
ivmh,No Repair,55,55,MarkTs,0.001,,55.0,,,,1,IVMH,8,
ivmh,No Repair,56,56,Update,0.011625,6.0,,,,,1,IVMH,8,Update
ivmh,No Repair,57,57,RecentScan,15.523333,,57.0,,,,1,IVMH,8,RecentScan
ivmh,No Repair,58,58,RecentScan,17.098417,,58.0,,,,1,IVMH,8,RecentScan
ivmh,No Repair,59,59,RecentScan,15.761625,,59.0,,,,1,IVMH,8,RecentScan
ivmh,No Repair,60,60,RecentScan,16.083833,,60.0,,,,1,IVMH,8,RecentScan
ivmh,No Repair,61,61,RecentScan,16.174958,,61.0,,,,1,IVMH,8,RecentScan
ivmh,No Repair,62,62,MarkTs,0.0,,62.0,,,,1,IVMH,8,
ivmh,No Repair,63,63,Update,0.013041,6.0,,,,,1,IVMH,8,Update
ivmh,No Repair,64,64,MarkTs,51.578542,,62.0,,,HistoryScan,1,IVMH,8,BuildSnap
ivmh,No Repair,64,64,HistoryScan,19.735,,62.0,,,,1,IVMH,8,HistoryScan
ivmh,No Repair,65,65,RecentScan,17.846833,,65.0,,,,1,IVMH,8,RecentScan
ivmh,No Repair,66,66,RecentScan,15.898,,66.0,,,,1,IVMH,8,RecentScan
ivmh,No Repair,67,67,RecentScan,16.071791,,67.0,,,,1,IVMH,8,RecentScan
ivmh,No Repair,68,68,RecentScan,16.568833,,68.0,,,,1,IVMH,8,RecentScan
ivmh,No Repair,69,69,MarkTs,0.0,,69.0,,,,1,IVMH,8,
ivmh,No Repair,70,70,Update,0.012667,6.0,,,,,1,IVMH,8,Update
ivmh,No Repair,71,71,RecentScan,16.804625,,71.0,,,,1,IVMH,8,RecentScan
ivmh,No Repair,72,72,RecentScan,17.072833,,72.0,,,,1,IVMH,8,RecentScan
ivmh,No Repair,73,73,RecentScan,16.240167,,73.0,,,,1,IVMH,8,RecentScan
ivmh,No Repair,74,74,RecentScan,16.951209,,74.0,,,,1,IVMH,8,RecentScan
ivmh,No Repair,75,75,RecentScan,16.203333,,75.0,,,,1,IVMH,8,RecentScan
ivmh,No Repair,76,76,MarkTs,0.0,,76.0,,,,1,IVMH,8,
ivmh,No Repair,77,77,Update,0.015125,6.0,,,,,1,IVMH,8,Update
ivmh,No Repair,78,78,MarkTs,49.213083,,76.0,,,HistoryScan,1,IVMH,8,BuildSnap
ivmh,No Repair,78,78,HistoryScan,17.918792,,76.0,,,,1,IVMH,8,HistoryScan
ivmh,No Repair,79,79,RecentScan,16.67275,,79.0,,,,1,IVMH,8,RecentScan
ivmh,No Repair,80,80,RecentScan,15.893167,,80.0,,,,1,IVMH,8,RecentScan
ivmh,No Repair,81,81,RecentScan,15.610584,,81.0,,,,1,IVMH,8,RecentScan
ivmh,No Repair,82,82,RecentScan,16.376292,,82.0,,,,1,IVMH,8,RecentScan
ivmh,No Repair,83,83,MarkTs,0.0,,83.0,,,,1,IVMH,8,
ivmh,No Repair,84,84,Update,0.016334,6.0,,,,,1,IVMH,8,Update
ivmh,No Repair,85,85,RecentScan,16.186083,,85.0,,,,1,IVMH,8,RecentScan
ivmh,No Repair,86,86,RecentScan,16.185458,,86.0,,,,1,IVMH,8,RecentScan
ivmh,No Repair,87,87,RecentScan,17.100709,,87.0,,,,1,IVMH,8,RecentScan
ivmh,No Repair,88,88,RecentScan,16.294375,,88.0,,,,1,IVMH,8,RecentScan
ivmh,No Repair,89,89,RecentScan,16.535833,,89.0,,,,1,IVMH,8,RecentScan
ivmh,No Repair,90,90,MarkTs,0.0,,90.0,,,,1,IVMH,8,
ivmh,No Repair,91,91,Update,0.011958,6.0,,,,,1,IVMH,8,Update
ivmh,No Repair,92,92,MarkTs,49.766,,90.0,,,HistoryScan,1,IVMH,8,BuildSnap
ivmh,No Repair,92,92,HistoryScan,19.199375,,90.0,,,,1,IVMH,8,HistoryScan
ivmh,No Repair,93,93,RecentScan,16.571917,,93.0,,,,1,IVMH,8,RecentScan
ivmh,No Repair,94,94,RecentScan,16.753459,,94.0,,,,1,IVMH,8,RecentScan
ivmh,No Repair,95,95,RecentScan,16.448125,,95.0,,,,1,IVMH,8,RecentScan
ivmh,No Repair,96,96,RecentScan,17.422916,,96.0,,,,1,IVMH,8,RecentScan
ivmh,No Repair,97,97,MarkTs,0.0,,97.0,,,,1,IVMH,8,
ivmh,No Repair,98,98,Update,0.016957999999999997,6.0,,,,,1,IVMH,8,Update
ivmh,No Repair,99,99,RecentScan,17.58375,,99.0,,,,1,IVMH,8,RecentScan
ivmh,No Repair,100,100,RecentScan,18.042416,,100.0,,,,1,IVMH,8,RecentScan
ivmh,No Repair,101,101,RecentScan,17.296625,,101.0,,,,1,IVMH,8,RecentScan
ivmh,No Repair,102,102,RecentScan,16.960667,,102.0,,,,1,IVMH,8,RecentScan
ivmh,No Repair,103,103,RecentScan,17.196667,,103.0,,,,1,IVMH,8,RecentScan
ivmh,No Repair,104,104,MarkTs,0.0,,104.0,,,,1,IVMH,8,
ivmh,No Repair,105,105,Update,0.020541,6.0,,,,,1,IVMH,8,Update
ivmh,No Repair,106,106,MarkTs,48.349417,,104.0,,,HistoryScan,1,IVMH,8,BuildSnap
ivmh,No Repair,106,106,HistoryScan,17.194041,,104.0,,,,1,IVMH,8,HistoryScan
ivmh,No Repair,107,107,RecentScan,16.88275,,107.0,,,,1,IVMH,8,RecentScan
ivmh,No Repair,108,108,RecentScan,16.029542,,108.0,,,,1,IVMH,8,RecentScan
ivmh,No Repair,109,109,RecentScan,16.488,,109.0,,,,1,IVMH,8,RecentScan
ivmh,No Repair,110,110,RecentScan,16.5055,,110.0,,,,1,IVMH,8,RecentScan
ivmh,No Repair,111,111,MarkTs,0.0,,111.0,,,,1,IVMH,8,
ivmh,No Repair,112,112,Update,0.009208000000000001,6.0,,,,,1,IVMH,8,Update
ivmh,No Repair,113,113,RecentScan,15.322416,,113.0,,,,1,IVMH,8,RecentScan
ivmh,No Repair,114,114,RecentScan,16.739542,,114.0,,,,1,IVMH,8,RecentScan
ivmh,No Repair,115,115,RecentScan,15.323291,,115.0,,,,1,IVMH,8,RecentScan
ivmh,No Repair,116,116,RecentScan,16.344833,,116.0,,,,1,IVMH,8,RecentScan
ivmh,No Repair,117,117,RecentScan,15.962458,,117.0,,,,1,IVMH,8,RecentScan
ivmh,No Repair,118,118,MarkTs,0.0,,118.0,,,,1,IVMH,8,
ivmh,No Repair,119,119,Update,0.00875,6.0,,,,,1,IVMH,8,Update
ivmh,No Repair,120,120,RecentScan,15.824,,120.0,,,,1,IVMH,8,RecentScan
ivmh,No Repair,121,121,RecentScan,16.338,,121.0,,,,1,IVMH,8,RecentScan
ivmh,No Repair,122,122,RecentScan,16.554375,,122.0,,,,1,IVMH,8,RecentScan
ivmh,No Repair,123,123,RecentScan,16.647208,,123.0,,,,1,IVMH,8,RecentScan
ivmh,No Repair,124,124,RecentScan,16.37475,,124.0,,,,1,IVMH,8,RecentScan
ivmh,No Repair,125,125,MarkTs,0.0,,125.0,,,,1,IVMH,8,
ivmh,No Repair,126,126,Update,0.013417,6.0,,,,,1,IVMH,8,Update
ivmh,No Repair,127,127,RecentScan,16.359667,,127.0,,,,1,IVMH,8,RecentScan
ivmh,No Repair,128,128,RecentScan,15.91975,,128.0,,,,1,IVMH,8,RecentScan
ivmh,No Repair,129,129,RecentScan,15.924292,,129.0,,,,1,IVMH,8,RecentScan
ivmh,No Repair,130,130,RecentScan,15.55425,,130.0,,,,1,IVMH,8,RecentScan
ivmh,No Repair,131,131,RecentScan,16.018417,,131.0,,,,1,IVMH,8,RecentScan
ivmh,No Repair,132,132,MarkTs,0.0,,132.0,,,,1,IVMH,8,
ivmh,No Repair,133,133,Update,0.021917000000000002,6.0,,,,,1,IVMH,8,Update
ivmh,No Repair,134,134,RecentScan,15.776667,,134.0,,,,1,IVMH,8,RecentScan
ivmh,No Repair,135,135,RecentScan,16.531083,,135.0,,,,1,IVMH,8,RecentScan
ivmh,No Repair,136,136,RecentScan,16.134917,,136.0,,,,1,IVMH,8,RecentScan
ivmh,No Repair,137,137,RecentScan,16.432542,,137.0,,,,1,IVMH,8,RecentScan
ivmh,No Repair,138,138,RecentScan,15.877625,,138.0,,,,1,IVMH,8,RecentScan
ivmh,No Repair,139,139,MarkTs,0.0,,139.0,,,,1,IVMH,8,
ivmh,No Repair,140,140,Update,0.013208000000000001,6.0,,,,,1,IVMH,8,Update
ivmh,No Repair,0,0,InitLoad,14.127083,60000.0,,,,,0,IVMH,9,InitLoad
ivmh,No Repair,1,1,RecentScan,18.916166,,1.0,,,,0,IVMH,9,RecentScan
ivmh,No Repair,2,2,RecentScan,19.40975,,2.0,,,,0,IVMH,9,RecentScan
ivmh,No Repair,3,3,RecentScan,17.153708,,3.0,,,,0,IVMH,9,RecentScan
ivmh,No Repair,4,4,RecentScan,17.425416,,4.0,,,,0,IVMH,9,RecentScan
ivmh,No Repair,5,5,RecentScan,19.041416,,5.0,,,,0,IVMH,9,RecentScan
ivmh,No Repair,6,6,MarkTs,0.001042,,6.0,,,,0,IVMH,9,
ivmh,No Repair,7,7,Update,0.0195,6.0,,,,,0,IVMH,9,Update
ivmh,No Repair,8,8,MarkTs,50.042333,,6.0,,,HistoryScan,0,IVMH,9,BuildSnap
ivmh,No Repair,8,8,HistoryScan,18.428125,,6.0,,,,0,IVMH,9,HistoryScan
ivmh,No Repair,9,9,RecentScan,16.953583,,9.0,,,,0,IVMH,9,RecentScan
ivmh,No Repair,10,10,RecentScan,14.968292,,10.0,,,,0,IVMH,9,RecentScan
ivmh,No Repair,11,11,RecentScan,15.793292,,11.0,,,,0,IVMH,9,RecentScan
ivmh,No Repair,12,12,RecentScan,18.079542,,12.0,,,,0,IVMH,9,RecentScan
ivmh,No Repair,13,13,MarkTs,0.001,,13.0,,,,0,IVMH,9,
ivmh,No Repair,14,14,Update,0.010959,6.0,,,,,0,IVMH,9,Update
ivmh,No Repair,15,15,RecentScan,17.997417,,15.0,,,,0,IVMH,9,RecentScan
ivmh,No Repair,16,16,RecentScan,15.839958,,16.0,,,,0,IVMH,9,RecentScan
ivmh,No Repair,17,17,RecentScan,15.600875,,17.0,,,,0,IVMH,9,RecentScan
ivmh,No Repair,18,18,RecentScan,18.234917,,18.0,,,,0,IVMH,9,RecentScan
ivmh,No Repair,19,19,RecentScan,18.291333,,19.0,,,,0,IVMH,9,RecentScan
ivmh,No Repair,20,20,MarkTs,0.0,,20.0,,,,0,IVMH,9,
ivmh,No Repair,21,21,Update,0.013708999999999999,6.0,,,,,0,IVMH,9,Update
ivmh,No Repair,22,22,MarkTs,49.11075,,20.0,,,HistoryScan,0,IVMH,9,BuildSnap
ivmh,No Repair,22,22,HistoryScan,17.838041,,20.0,,,,0,IVMH,9,HistoryScan
ivmh,No Repair,23,23,RecentScan,16.390125,,23.0,,,,0,IVMH,9,RecentScan
ivmh,No Repair,24,24,RecentScan,15.816208,,24.0,,,,0,IVMH,9,RecentScan
ivmh,No Repair,25,25,RecentScan,15.262666,,25.0,,,,0,IVMH,9,RecentScan
ivmh,No Repair,26,26,RecentScan,14.136458,,26.0,,,,0,IVMH,9,RecentScan
ivmh,No Repair,27,27,MarkTs,0.010875,,27.0,,,,0,IVMH,9,
ivmh,No Repair,28,28,Update,0.016417,6.0,,,,,0,IVMH,9,Update
ivmh,No Repair,29,29,RecentScan,16.0375,,29.0,,,,0,IVMH,9,RecentScan
ivmh,No Repair,30,30,RecentScan,18.607542,,30.0,,,,0,IVMH,9,RecentScan
ivmh,No Repair,31,31,RecentScan,16.967625,,31.0,,,,0,IVMH,9,RecentScan
ivmh,No Repair,32,32,RecentScan,17.14675,,32.0,,,,0,IVMH,9,RecentScan
ivmh,No Repair,33,33,RecentScan,16.603042,,33.0,,,,0,IVMH,9,RecentScan
ivmh,No Repair,34,34,MarkTs,0.0,,34.0,,,,0,IVMH,9,
ivmh,No Repair,35,35,Update,0.010875,6.0,,,,,0,IVMH,9,Update
ivmh,No Repair,36,36,MarkTs,49.890291,,34.0,,,HistoryScan,0,IVMH,9,BuildSnap
ivmh,No Repair,36,36,HistoryScan,17.962333,,34.0,,,,0,IVMH,9,HistoryScan
ivmh,No Repair,37,37,RecentScan,16.0945,,37.0,,,,0,IVMH,9,RecentScan
ivmh,No Repair,38,38,RecentScan,18.485375,,38.0,,,,0,IVMH,9,RecentScan
ivmh,No Repair,39,39,RecentScan,16.259792,,39.0,,,,0,IVMH,9,RecentScan
ivmh,No Repair,40,40,RecentScan,15.963875,,40.0,,,,0,IVMH,9,RecentScan
ivmh,No Repair,41,41,MarkTs,0.0,,41.0,,,,0,IVMH,9,
ivmh,No Repair,42,42,Update,0.018792000000000003,6.0,,,,,0,IVMH,9,Update
ivmh,No Repair,43,43,RecentScan,16.063208,,43.0,,,,0,IVMH,9,RecentScan
ivmh,No Repair,44,44,RecentScan,18.526292,,44.0,,,,0,IVMH,9,RecentScan
ivmh,No Repair,45,45,RecentScan,16.787791,,45.0,,,,0,IVMH,9,RecentScan
ivmh,No Repair,46,46,RecentScan,16.631,,46.0,,,,0,IVMH,9,RecentScan
ivmh,No Repair,47,47,RecentScan,14.8175,,47.0,,,,0,IVMH,9,RecentScan
ivmh,No Repair,48,48,MarkTs,0.0,,48.0,,,,0,IVMH,9,
ivmh,No Repair,49,49,Update,0.009875,6.0,,,,,0,IVMH,9,Update
ivmh,No Repair,50,50,MarkTs,49.517083,,48.0,,,HistoryScan,0,IVMH,9,BuildSnap
ivmh,No Repair,50,50,HistoryScan,17.958625,,48.0,,,,0,IVMH,9,HistoryScan
ivmh,No Repair,51,51,RecentScan,16.102583,,51.0,,,,0,IVMH,9,RecentScan
ivmh,No Repair,52,52,RecentScan,14.823917,,52.0,,,,0,IVMH,9,RecentScan
ivmh,No Repair,53,53,RecentScan,16.833125,,53.0,,,,0,IVMH,9,RecentScan
ivmh,No Repair,54,54,RecentScan,18.588708,,54.0,,,,0,IVMH,9,RecentScan
ivmh,No Repair,55,55,MarkTs,0.001125,,55.0,,,,0,IVMH,9,
ivmh,No Repair,56,56,Update,0.012417,6.0,,,,,0,IVMH,9,Update
ivmh,No Repair,57,57,RecentScan,16.431375,,57.0,,,,0,IVMH,9,RecentScan
ivmh,No Repair,58,58,RecentScan,16.706125,,58.0,,,,0,IVMH,9,RecentScan
ivmh,No Repair,59,59,RecentScan,14.739875,,59.0,,,,0,IVMH,9,RecentScan
ivmh,No Repair,60,60,RecentScan,15.566125,,60.0,,,,0,IVMH,9,RecentScan
ivmh,No Repair,61,61,RecentScan,17.194167,,61.0,,,,0,IVMH,9,RecentScan
ivmh,No Repair,62,62,MarkTs,0.0,,62.0,,,,0,IVMH,9,
ivmh,No Repair,63,63,Update,0.015083000000000001,6.0,,,,,0,IVMH,9,Update
ivmh,No Repair,64,64,MarkTs,50.113584,,62.0,,,HistoryScan,0,IVMH,9,BuildSnap
ivmh,No Repair,64,64,HistoryScan,18.928125,,62.0,,,,0,IVMH,9,HistoryScan
ivmh,No Repair,65,65,RecentScan,17.29225,,65.0,,,,0,IVMH,9,RecentScan
ivmh,No Repair,66,66,RecentScan,15.795542,,66.0,,,,0,IVMH,9,RecentScan
ivmh,No Repair,67,67,RecentScan,16.181291,,67.0,,,,0,IVMH,9,RecentScan
ivmh,No Repair,68,68,RecentScan,16.183083,,68.0,,,,0,IVMH,9,RecentScan
ivmh,No Repair,69,69,MarkTs,0.0,,69.0,,,,0,IVMH,9,
ivmh,No Repair,70,70,Update,0.011292,6.0,,,,,0,IVMH,9,Update
ivmh,No Repair,71,71,RecentScan,16.093375,,71.0,,,,0,IVMH,9,RecentScan
ivmh,No Repair,72,72,RecentScan,18.454917,,72.0,,,,0,IVMH,9,RecentScan
ivmh,No Repair,73,73,RecentScan,17.79675,,73.0,,,,0,IVMH,9,RecentScan
ivmh,No Repair,74,74,RecentScan,16.424459,,74.0,,,,0,IVMH,9,RecentScan
ivmh,No Repair,75,75,RecentScan,17.158417,,75.0,,,,0,IVMH,9,RecentScan
ivmh,No Repair,76,76,MarkTs,0.0,,76.0,,,,0,IVMH,9,
ivmh,No Repair,77,77,Update,0.0135,6.0,,,,,0,IVMH,9,Update
ivmh,No Repair,78,78,MarkTs,50.337625,,76.0,,,HistoryScan,0,IVMH,9,BuildSnap
ivmh,No Repair,78,78,HistoryScan,18.819208,,76.0,,,,0,IVMH,9,HistoryScan
ivmh,No Repair,79,79,RecentScan,19.037333,,79.0,,,,0,IVMH,9,RecentScan
ivmh,No Repair,80,80,RecentScan,18.464,,80.0,,,,0,IVMH,9,RecentScan
ivmh,No Repair,81,81,RecentScan,16.542375,,81.0,,,,0,IVMH,9,RecentScan
ivmh,No Repair,82,82,RecentScan,17.017375,,82.0,,,,0,IVMH,9,RecentScan
ivmh,No Repair,83,83,MarkTs,0.0,,83.0,,,,0,IVMH,9,
ivmh,No Repair,84,84,Update,0.016417,6.0,,,,,0,IVMH,9,Update
ivmh,No Repair,85,85,RecentScan,19.005291,,85.0,,,,0,IVMH,9,RecentScan
ivmh,No Repair,86,86,RecentScan,19.090667,,86.0,,,,0,IVMH,9,RecentScan
ivmh,No Repair,87,87,RecentScan,17.456792,,87.0,,,,0,IVMH,9,RecentScan
ivmh,No Repair,88,88,RecentScan,16.847167,,88.0,,,,0,IVMH,9,RecentScan
ivmh,No Repair,89,89,RecentScan,16.652083,,89.0,,,,0,IVMH,9,RecentScan
ivmh,No Repair,90,90,MarkTs,0.0,,90.0,,,,0,IVMH,9,
ivmh,No Repair,91,91,Update,0.012667,6.0,,,,,0,IVMH,9,Update
ivmh,No Repair,92,92,MarkTs,47.199791,,90.0,,,HistoryScan,0,IVMH,9,BuildSnap
ivmh,No Repair,92,92,HistoryScan,20.241458,,90.0,,,,0,IVMH,9,HistoryScan
ivmh,No Repair,93,93,RecentScan,17.889084,,93.0,,,,0,IVMH,9,RecentScan
ivmh,No Repair,94,94,RecentScan,19.39925,,94.0,,,,0,IVMH,9,RecentScan
ivmh,No Repair,95,95,RecentScan,17.861209,,95.0,,,,0,IVMH,9,RecentScan
ivmh,No Repair,96,96,RecentScan,17.591708,,96.0,,,,0,IVMH,9,RecentScan
ivmh,No Repair,97,97,MarkTs,0.0,,97.0,,,,0,IVMH,9,
ivmh,No Repair,98,98,Update,0.016,6.0,,,,,0,IVMH,9,Update
ivmh,No Repair,99,99,RecentScan,18.826167,,99.0,,,,0,IVMH,9,RecentScan
ivmh,No Repair,100,100,RecentScan,18.220333,,100.0,,,,0,IVMH,9,RecentScan
ivmh,No Repair,101,101,RecentScan,16.606916,,101.0,,,,0,IVMH,9,RecentScan
ivmh,No Repair,102,102,RecentScan,16.737209,,102.0,,,,0,IVMH,9,RecentScan
ivmh,No Repair,103,103,RecentScan,17.070125,,103.0,,,,0,IVMH,9,RecentScan
ivmh,No Repair,104,104,MarkTs,0.00125,,104.0,,,,0,IVMH,9,
ivmh,No Repair,105,105,Update,0.017832999999999998,6.0,,,,,0,IVMH,9,Update
ivmh,No Repair,106,106,MarkTs,50.092375,,104.0,,,HistoryScan,0,IVMH,9,BuildSnap
ivmh,No Repair,106,106,HistoryScan,18.526584,,104.0,,,,0,IVMH,9,HistoryScan
ivmh,No Repair,107,107,RecentScan,18.432708,,107.0,,,,0,IVMH,9,RecentScan
ivmh,No Repair,108,108,RecentScan,17.24325,,108.0,,,,0,IVMH,9,RecentScan
ivmh,No Repair,109,109,RecentScan,18.666708,,109.0,,,,0,IVMH,9,RecentScan
ivmh,No Repair,110,110,RecentScan,16.678333,,110.0,,,,0,IVMH,9,RecentScan
ivmh,No Repair,111,111,MarkTs,0.0,,111.0,,,,0,IVMH,9,
ivmh,No Repair,112,112,Update,0.009125,6.0,,,,,0,IVMH,9,Update
ivmh,No Repair,113,113,RecentScan,17.376042,,113.0,,,,0,IVMH,9,RecentScan
ivmh,No Repair,114,114,RecentScan,16.755417,,114.0,,,,0,IVMH,9,RecentScan
ivmh,No Repair,115,115,RecentScan,17.12875,,115.0,,,,0,IVMH,9,RecentScan
ivmh,No Repair,116,116,RecentScan,18.467375,,116.0,,,,0,IVMH,9,RecentScan
ivmh,No Repair,117,117,RecentScan,16.041291,,117.0,,,,0,IVMH,9,RecentScan
ivmh,No Repair,118,118,MarkTs,0.0,,118.0,,,,0,IVMH,9,
ivmh,No Repair,119,119,Update,0.008083,6.0,,,,,0,IVMH,9,Update
ivmh,No Repair,120,120,MarkTs,49.601917,,118.0,,,HistoryScan,0,IVMH,9,BuildSnap
ivmh,No Repair,120,120,HistoryScan,17.601334,,118.0,,,,0,IVMH,9,HistoryScan
ivmh,No Repair,121,121,RecentScan,17.193875,,121.0,,,,0,IVMH,9,RecentScan
ivmh,No Repair,122,122,RecentScan,18.228417,,122.0,,,,0,IVMH,9,RecentScan
ivmh,No Repair,123,123,RecentScan,18.806,,123.0,,,,0,IVMH,9,RecentScan
ivmh,No Repair,124,124,RecentScan,16.11425,,124.0,,,,0,IVMH,9,RecentScan
ivmh,No Repair,125,125,MarkTs,0.0,,125.0,,,,0,IVMH,9,
ivmh,No Repair,126,126,Update,0.012834,6.0,,,,,0,IVMH,9,Update
ivmh,No Repair,127,127,RecentScan,16.362917,,127.0,,,,0,IVMH,9,RecentScan
ivmh,No Repair,128,128,RecentScan,18.508042,,128.0,,,,0,IVMH,9,RecentScan
ivmh,No Repair,129,129,RecentScan,16.981792,,129.0,,,,0,IVMH,9,RecentScan
ivmh,No Repair,130,130,RecentScan,18.434,,130.0,,,,0,IVMH,9,RecentScan
ivmh,No Repair,131,131,RecentScan,17.125041,,131.0,,,,0,IVMH,9,RecentScan
ivmh,No Repair,132,132,MarkTs,0.0,,132.0,,,,0,IVMH,9,
ivmh,No Repair,133,133,Update,0.028916,6.0,,,,,0,IVMH,9,Update
ivmh,No Repair,134,134,RecentScan,18.238791,,134.0,,,,0,IVMH,9,RecentScan
ivmh,No Repair,135,135,RecentScan,16.717375,,135.0,,,,0,IVMH,9,RecentScan
ivmh,No Repair,136,136,RecentScan,17.0095,,136.0,,,,0,IVMH,9,RecentScan
ivmh,No Repair,137,137,RecentScan,18.552125,,137.0,,,,0,IVMH,9,RecentScan
ivmh,No Repair,138,138,RecentScan,18.061667,,138.0,,,,0,IVMH,9,RecentScan
ivmh,No Repair,139,139,MarkTs,0.0,,139.0,,,,0,IVMH,9,
ivmh,No Repair,140,140,Update,0.015833,6.0,,,,,0,IVMH,9,Update
ivmh,No Repair,0,0,InitLoad,14.3865,60000.0,,,,,1,IVMH,9,InitLoad
ivmh,No Repair,1,1,RecentScan,19.808125,,1.0,,,,1,IVMH,9,RecentScan
ivmh,No Repair,2,2,RecentScan,18.652042,,2.0,,,,1,IVMH,9,RecentScan
ivmh,No Repair,3,3,RecentScan,16.370625,,3.0,,,,1,IVMH,9,RecentScan
ivmh,No Repair,4,4,RecentScan,16.486834,,4.0,,,,1,IVMH,9,RecentScan
ivmh,No Repair,5,5,RecentScan,17.2325,,5.0,,,,1,IVMH,9,RecentScan
ivmh,No Repair,6,6,MarkTs,0.001167,,6.0,,,,1,IVMH,9,
ivmh,No Repair,7,7,Update,0.016417,6.0,,,,,1,IVMH,9,Update
ivmh,No Repair,8,8,MarkTs,52.011292,,6.0,,,HistoryScan,1,IVMH,9,BuildSnap
ivmh,No Repair,8,8,HistoryScan,18.59375,,6.0,,,,1,IVMH,9,HistoryScan
ivmh,No Repair,9,9,RecentScan,15.773292,,9.0,,,,1,IVMH,9,RecentScan
ivmh,No Repair,10,10,RecentScan,15.909292,,10.0,,,,1,IVMH,9,RecentScan
ivmh,No Repair,11,11,RecentScan,16.786458,,11.0,,,,1,IVMH,9,RecentScan
ivmh,No Repair,12,12,RecentScan,17.2615,,12.0,,,,1,IVMH,9,RecentScan
ivmh,No Repair,13,13,MarkTs,0.0,,13.0,,,,1,IVMH,9,
ivmh,No Repair,14,14,Update,0.013083000000000001,6.0,,,,,1,IVMH,9,Update
ivmh,No Repair,15,15,RecentScan,16.600917,,15.0,,,,1,IVMH,9,RecentScan
ivmh,No Repair,16,16,RecentScan,15.886667,,16.0,,,,1,IVMH,9,RecentScan
ivmh,No Repair,17,17,RecentScan,17.2345,,17.0,,,,1,IVMH,9,RecentScan
ivmh,No Repair,18,18,RecentScan,16.387292,,18.0,,,,1,IVMH,9,RecentScan
ivmh,No Repair,19,19,RecentScan,16.546292,,19.0,,,,1,IVMH,9,RecentScan
ivmh,No Repair,20,20,MarkTs,0.0,,20.0,,,,1,IVMH,9,
ivmh,No Repair,21,21,Update,0.013666000000000001,6.0,,,,,1,IVMH,9,Update
ivmh,No Repair,22,22,MarkTs,46.460042,,20.0,,,HistoryScan,1,IVMH,9,BuildSnap
ivmh,No Repair,22,22,HistoryScan,19.442833,,20.0,,,,1,IVMH,9,HistoryScan
ivmh,No Repair,23,23,RecentScan,16.160167,,23.0,,,,1,IVMH,9,RecentScan
ivmh,No Repair,24,24,RecentScan,15.58975,,24.0,,,,1,IVMH,9,RecentScan
ivmh,No Repair,25,25,RecentScan,16.93825,,25.0,,,,1,IVMH,9,RecentScan
ivmh,No Repair,26,26,RecentScan,17.164292,,26.0,,,,1,IVMH,9,RecentScan
ivmh,No Repair,27,27,MarkTs,0.0,,27.0,,,,1,IVMH,9,
ivmh,No Repair,28,28,Update,0.013208000000000001,6.0,,,,,1,IVMH,9,Update
ivmh,No Repair,29,29,RecentScan,17.839792,,29.0,,,,1,IVMH,9,RecentScan
ivmh,No Repair,30,30,RecentScan,16.324583,,30.0,,,,1,IVMH,9,RecentScan
ivmh,No Repair,31,31,RecentScan,18.591917,,31.0,,,,1,IVMH,9,RecentScan
ivmh,No Repair,32,32,RecentScan,18.272792,,32.0,,,,1,IVMH,9,RecentScan
ivmh,No Repair,33,33,RecentScan,18.40175,,33.0,,,,1,IVMH,9,RecentScan
ivmh,No Repair,34,34,MarkTs,0.0,,34.0,,,,1,IVMH,9,
ivmh,No Repair,35,35,Update,0.011792,6.0,,,,,1,IVMH,9,Update
ivmh,No Repair,36,36,MarkTs,48.188292,,34.0,,,HistoryScan,1,IVMH,9,BuildSnap
ivmh,No Repair,36,36,HistoryScan,17.8575,,34.0,,,,1,IVMH,9,HistoryScan
ivmh,No Repair,37,37,RecentScan,17.90625,,37.0,,,,1,IVMH,9,RecentScan
ivmh,No Repair,38,38,RecentScan,16.308917,,38.0,,,,1,IVMH,9,RecentScan
ivmh,No Repair,39,39,RecentScan,17.059041,,39.0,,,,1,IVMH,9,RecentScan
ivmh,No Repair,40,40,RecentScan,17.509834,,40.0,,,,1,IVMH,9,RecentScan
ivmh,No Repair,41,41,MarkTs,0.0,,41.0,,,,1,IVMH,9,
ivmh,No Repair,42,42,Update,0.016791,6.0,,,,,1,IVMH,9,Update
ivmh,No Repair,43,43,RecentScan,15.802125,,43.0,,,,1,IVMH,9,RecentScan
ivmh,No Repair,44,44,RecentScan,16.988541,,44.0,,,,1,IVMH,9,RecentScan
ivmh,No Repair,45,45,RecentScan,16.698583,,45.0,,,,1,IVMH,9,RecentScan
ivmh,No Repair,46,46,RecentScan,16.291167,,46.0,,,,1,IVMH,9,RecentScan
ivmh,No Repair,47,47,RecentScan,15.349417,,47.0,,,,1,IVMH,9,RecentScan
ivmh,No Repair,48,48,MarkTs,0.0,,48.0,,,,1,IVMH,9,
ivmh,No Repair,49,49,Update,0.009291,6.0,,,,,1,IVMH,9,Update
ivmh,No Repair,50,50,MarkTs,47.129583,,48.0,,,HistoryScan,1,IVMH,9,BuildSnap
ivmh,No Repair,50,50,HistoryScan,17.258416,,48.0,,,,1,IVMH,9,HistoryScan
ivmh,No Repair,51,51,RecentScan,18.017042,,51.0,,,,1,IVMH,9,RecentScan
ivmh,No Repair,52,52,RecentScan,15.823958,,52.0,,,,1,IVMH,9,RecentScan
ivmh,No Repair,53,53,RecentScan,15.220917,,53.0,,,,1,IVMH,9,RecentScan
ivmh,No Repair,54,54,RecentScan,15.665792,,54.0,,,,1,IVMH,9,RecentScan
ivmh,No Repair,55,55,MarkTs,0.001667,,55.0,,,,1,IVMH,9,
ivmh,No Repair,56,56,Update,0.011917,6.0,,,,,1,IVMH,9,Update
ivmh,No Repair,57,57,RecentScan,15.05625,,57.0,,,,1,IVMH,9,RecentScan
ivmh,No Repair,58,58,RecentScan,17.786667,,58.0,,,,1,IVMH,9,RecentScan
ivmh,No Repair,59,59,RecentScan,17.955542,,59.0,,,,1,IVMH,9,RecentScan
ivmh,No Repair,60,60,RecentScan,17.626667,,60.0,,,,1,IVMH,9,RecentScan
ivmh,No Repair,61,61,RecentScan,17.474708,,61.0,,,,1,IVMH,9,RecentScan
ivmh,No Repair,62,62,MarkTs,0.001083,,62.0,,,,1,IVMH,9,
ivmh,No Repair,63,63,Update,0.01575,6.0,,,,,1,IVMH,9,Update
ivmh,No Repair,64,64,MarkTs,49.674084,,62.0,,,HistoryScan,1,IVMH,9,BuildSnap
ivmh,No Repair,64,64,HistoryScan,18.331084,,62.0,,,,1,IVMH,9,HistoryScan
ivmh,No Repair,65,65,RecentScan,16.144,,65.0,,,,1,IVMH,9,RecentScan
ivmh,No Repair,66,66,RecentScan,16.502167,,66.0,,,,1,IVMH,9,RecentScan
ivmh,No Repair,67,67,RecentScan,16.201834,,67.0,,,,1,IVMH,9,RecentScan
ivmh,No Repair,68,68,RecentScan,15.980291,,68.0,,,,1,IVMH,9,RecentScan
ivmh,No Repair,69,69,MarkTs,0.0,,69.0,,,,1,IVMH,9,
ivmh,No Repair,70,70,Update,0.011791000000000001,6.0,,,,,1,IVMH,9,Update
ivmh,No Repair,71,71,RecentScan,14.619167,,71.0,,,,1,IVMH,9,RecentScan
ivmh,No Repair,72,72,RecentScan,16.8775,,72.0,,,,1,IVMH,9,RecentScan
ivmh,No Repair,73,73,RecentScan,18.331917,,73.0,,,,1,IVMH,9,RecentScan
ivmh,No Repair,74,74,RecentScan,16.231208,,74.0,,,,1,IVMH,9,RecentScan
ivmh,No Repair,75,75,RecentScan,18.493666,,75.0,,,,1,IVMH,9,RecentScan
ivmh,No Repair,76,76,MarkTs,0.0,,76.0,,,,1,IVMH,9,
ivmh,No Repair,77,77,Update,0.015625,6.0,,,,,1,IVMH,9,Update
ivmh,No Repair,78,78,MarkTs,49.216,,76.0,,,HistoryScan,1,IVMH,9,BuildSnap
ivmh,No Repair,78,78,HistoryScan,19.099584,,76.0,,,,1,IVMH,9,HistoryScan
ivmh,No Repair,79,79,RecentScan,18.618334,,79.0,,,,1,IVMH,9,RecentScan
ivmh,No Repair,80,80,RecentScan,16.3165,,80.0,,,,1,IVMH,9,RecentScan
ivmh,No Repair,81,81,RecentScan,17.307583,,81.0,,,,1,IVMH,9,RecentScan
ivmh,No Repair,82,82,RecentScan,17.658875,,82.0,,,,1,IVMH,9,RecentScan
ivmh,No Repair,83,83,MarkTs,0.0,,83.0,,,,1,IVMH,9,
ivmh,No Repair,84,84,Update,0.015542,6.0,,,,,1,IVMH,9,Update
ivmh,No Repair,85,85,RecentScan,16.529167,,85.0,,,,1,IVMH,9,RecentScan
ivmh,No Repair,86,86,RecentScan,17.222,,86.0,,,,1,IVMH,9,RecentScan
ivmh,No Repair,87,87,RecentScan,17.46,,87.0,,,,1,IVMH,9,RecentScan
ivmh,No Repair,88,88,RecentScan,16.963792,,88.0,,,,1,IVMH,9,RecentScan
ivmh,No Repair,89,89,RecentScan,16.965208,,89.0,,,,1,IVMH,9,RecentScan
ivmh,No Repair,90,90,MarkTs,0.0,,90.0,,,,1,IVMH,9,
ivmh,No Repair,91,91,Update,0.011375,6.0,,,,,1,IVMH,9,Update
ivmh,No Repair,92,92,MarkTs,47.90125,,90.0,,,HistoryScan,1,IVMH,9,BuildSnap
ivmh,No Repair,92,92,HistoryScan,19.496541,,90.0,,,,1,IVMH,9,HistoryScan
ivmh,No Repair,93,93,RecentScan,17.707167,,93.0,,,,1,IVMH,9,RecentScan
ivmh,No Repair,94,94,RecentScan,16.420417,,94.0,,,,1,IVMH,9,RecentScan
ivmh,No Repair,95,95,RecentScan,17.637708,,95.0,,,,1,IVMH,9,RecentScan
ivmh,No Repair,96,96,RecentScan,17.319333,,96.0,,,,1,IVMH,9,RecentScan
ivmh,No Repair,97,97,MarkTs,0.0,,97.0,,,,1,IVMH,9,
ivmh,No Repair,98,98,Update,0.016041,6.0,,,,,1,IVMH,9,Update
ivmh,No Repair,99,99,RecentScan,17.615625,,99.0,,,,1,IVMH,9,RecentScan
ivmh,No Repair,100,100,RecentScan,16.12125,,100.0,,,,1,IVMH,9,RecentScan
ivmh,No Repair,101,101,RecentScan,15.964375,,101.0,,,,1,IVMH,9,RecentScan
ivmh,No Repair,102,102,RecentScan,17.975375,,102.0,,,,1,IVMH,9,RecentScan
ivmh,No Repair,103,103,RecentScan,17.539958,,103.0,,,,1,IVMH,9,RecentScan
ivmh,No Repair,104,104,MarkTs,0.001416,,104.0,,,,1,IVMH,9,
ivmh,No Repair,105,105,Update,0.016875,6.0,,,,,1,IVMH,9,Update
ivmh,No Repair,106,106,MarkTs,50.583833,,104.0,,,HistoryScan,1,IVMH,9,BuildSnap
ivmh,No Repair,106,106,HistoryScan,18.2515,,104.0,,,,1,IVMH,9,HistoryScan
ivmh,No Repair,107,107,RecentScan,16.53775,,107.0,,,,1,IVMH,9,RecentScan
ivmh,No Repair,108,108,RecentScan,15.75125,,108.0,,,,1,IVMH,9,RecentScan
ivmh,No Repair,109,109,RecentScan,17.104459,,109.0,,,,1,IVMH,9,RecentScan
ivmh,No Repair,110,110,RecentScan,17.993042,,110.0,,,,1,IVMH,9,RecentScan
ivmh,No Repair,111,111,MarkTs,0.0,,111.0,,,,1,IVMH,9,
ivmh,No Repair,112,112,Update,0.007958,6.0,,,,,1,IVMH,9,Update
ivmh,No Repair,113,113,RecentScan,17.131125,,113.0,,,,1,IVMH,9,RecentScan
ivmh,No Repair,114,114,RecentScan,17.373166,,114.0,,,,1,IVMH,9,RecentScan
ivmh,No Repair,115,115,RecentScan,16.945833,,115.0,,,,1,IVMH,9,RecentScan
ivmh,No Repair,116,116,RecentScan,16.944209,,116.0,,,,1,IVMH,9,RecentScan
ivmh,No Repair,117,117,RecentScan,16.457709,,117.0,,,,1,IVMH,9,RecentScan
ivmh,No Repair,118,118,MarkTs,0.0,,118.0,,,,1,IVMH,9,
ivmh,No Repair,119,119,Update,0.008833,6.0,,,,,1,IVMH,9,Update
ivmh,No Repair,120,120,MarkTs,50.062667,,118.0,,,HistoryScan,1,IVMH,9,BuildSnap
ivmh,No Repair,120,120,HistoryScan,18.087417,,118.0,,,,1,IVMH,9,HistoryScan
ivmh,No Repair,121,121,RecentScan,16.903959,,121.0,,,,1,IVMH,9,RecentScan
ivmh,No Repair,122,122,RecentScan,17.824833,,122.0,,,,1,IVMH,9,RecentScan
ivmh,No Repair,123,123,RecentScan,16.761416,,123.0,,,,1,IVMH,9,RecentScan
ivmh,No Repair,124,124,RecentScan,16.417708,,124.0,,,,1,IVMH,9,RecentScan
ivmh,No Repair,125,125,MarkTs,0.0,,125.0,,,,1,IVMH,9,
ivmh,No Repair,126,126,Update,0.011875,6.0,,,,,1,IVMH,9,Update
ivmh,No Repair,127,127,RecentScan,16.680958,,127.0,,,,1,IVMH,9,RecentScan
ivmh,No Repair,128,128,RecentScan,17.910083,,128.0,,,,1,IVMH,9,RecentScan
ivmh,No Repair,129,129,RecentScan,16.408208,,129.0,,,,1,IVMH,9,RecentScan
ivmh,No Repair,130,130,RecentScan,16.449458,,130.0,,,,1,IVMH,9,RecentScan
ivmh,No Repair,131,131,RecentScan,16.594667,,131.0,,,,1,IVMH,9,RecentScan
ivmh,No Repair,132,132,MarkTs,0.0,,132.0,,,,1,IVMH,9,
ivmh,No Repair,133,133,Update,0.024291,6.0,,,,,1,IVMH,9,Update
ivmh,No Repair,134,134,RecentScan,17.634792,,134.0,,,,1,IVMH,9,RecentScan
ivmh,No Repair,135,135,RecentScan,16.40675,,135.0,,,,1,IVMH,9,RecentScan
ivmh,No Repair,136,136,RecentScan,16.766416,,136.0,,,,1,IVMH,9,RecentScan
ivmh,No Repair,137,137,RecentScan,18.639416,,137.0,,,,1,IVMH,9,RecentScan
ivmh,No Repair,138,138,RecentScan,18.918958,,138.0,,,,1,IVMH,9,RecentScan
ivmh,No Repair,139,139,MarkTs,0.0,,139.0,,,,1,IVMH,9,
ivmh,No Repair,140,140,Update,0.014542,6.0,,,,,1,IVMH,9,Update
ivmh,No Repair,0,0,InitLoad,13.853584,60000.0,,,,,0,IVMH,10,InitLoad
ivmh,No Repair,1,1,RecentScan,19.08675,,1.0,,,,0,IVMH,10,RecentScan
ivmh,No Repair,2,2,RecentScan,18.007375,,2.0,,,,0,IVMH,10,RecentScan
ivmh,No Repair,3,3,RecentScan,14.510958,,3.0,,,,0,IVMH,10,RecentScan
ivmh,No Repair,4,4,RecentScan,15.291667,,4.0,,,,0,IVMH,10,RecentScan
ivmh,No Repair,5,5,RecentScan,16.648458,,5.0,,,,0,IVMH,10,RecentScan
ivmh,No Repair,6,6,MarkTs,0.0,,6.0,,,,0,IVMH,10,
ivmh,No Repair,7,7,Update,0.015542,6.0,,,,,0,IVMH,10,Update
ivmh,No Repair,8,8,MarkTs,50.526125,,6.0,,,HistoryScan,0,IVMH,10,BuildSnap
ivmh,No Repair,8,8,HistoryScan,17.499583,,6.0,,,,0,IVMH,10,HistoryScan
ivmh,No Repair,9,9,RecentScan,16.100541,,9.0,,,,0,IVMH,10,RecentScan
ivmh,No Repair,10,10,RecentScan,15.878209,,10.0,,,,0,IVMH,10,RecentScan
ivmh,No Repair,11,11,RecentScan,16.32025,,11.0,,,,0,IVMH,10,RecentScan
ivmh,No Repair,12,12,RecentScan,15.944458,,12.0,,,,0,IVMH,10,RecentScan
ivmh,No Repair,13,13,MarkTs,0.0,,13.0,,,,0,IVMH,10,
ivmh,No Repair,14,14,Update,0.010625,6.0,,,,,0,IVMH,10,Update
ivmh,No Repair,15,15,RecentScan,15.603417,,15.0,,,,0,IVMH,10,RecentScan
ivmh,No Repair,16,16,RecentScan,15.635583,,16.0,,,,0,IVMH,10,RecentScan
ivmh,No Repair,17,17,RecentScan,16.309125,,17.0,,,,0,IVMH,10,RecentScan
ivmh,No Repair,18,18,RecentScan,16.167959,,18.0,,,,0,IVMH,10,RecentScan
ivmh,No Repair,19,19,RecentScan,15.900459,,19.0,,,,0,IVMH,10,RecentScan
ivmh,No Repair,20,20,MarkTs,0.0,,20.0,,,,0,IVMH,10,
ivmh,No Repair,21,21,Update,0.014166999999999999,6.0,,,,,0,IVMH,10,Update
ivmh,No Repair,22,22,MarkTs,48.962167,,20.0,,,HistoryScan,0,IVMH,10,BuildSnap
ivmh,No Repair,22,22,HistoryScan,16.993791,,20.0,,,,0,IVMH,10,HistoryScan
ivmh,No Repair,23,23,RecentScan,15.589875,,23.0,,,,0,IVMH,10,RecentScan
ivmh,No Repair,24,24,RecentScan,15.918458,,24.0,,,,0,IVMH,10,RecentScan
ivmh,No Repair,25,25,RecentScan,15.830458,,25.0,,,,0,IVMH,10,RecentScan
ivmh,No Repair,26,26,RecentScan,16.068625,,26.0,,,,0,IVMH,10,RecentScan
ivmh,No Repair,27,27,MarkTs,0.0022919999999999998,,27.0,,,,0,IVMH,10,
ivmh,No Repair,28,28,Update,0.013916,6.0,,,,,0,IVMH,10,Update
ivmh,No Repair,29,29,RecentScan,16.78825,,29.0,,,,0,IVMH,10,RecentScan
ivmh,No Repair,30,30,RecentScan,16.313333,,30.0,,,,0,IVMH,10,RecentScan
ivmh,No Repair,31,31,RecentScan,15.697458,,31.0,,,,0,IVMH,10,RecentScan
ivmh,No Repair,32,32,RecentScan,15.403125,,32.0,,,,0,IVMH,10,RecentScan
ivmh,No Repair,33,33,RecentScan,15.965542,,33.0,,,,0,IVMH,10,RecentScan
ivmh,No Repair,34,34,MarkTs,0.0,,34.0,,,,0,IVMH,10,
ivmh,No Repair,35,35,Update,0.011042,6.0,,,,,0,IVMH,10,Update
ivmh,No Repair,36,36,MarkTs,48.424792,,34.0,,,HistoryScan,0,IVMH,10,BuildSnap
ivmh,No Repair,36,36,HistoryScan,15.863167,,34.0,,,,0,IVMH,10,HistoryScan
ivmh,No Repair,37,37,RecentScan,16.413958,,37.0,,,,0,IVMH,10,RecentScan
ivmh,No Repair,38,38,RecentScan,14.676042,,38.0,,,,0,IVMH,10,RecentScan
ivmh,No Repair,39,39,RecentScan,15.831708,,39.0,,,,0,IVMH,10,RecentScan
ivmh,No Repair,40,40,RecentScan,15.877833,,40.0,,,,0,IVMH,10,RecentScan
ivmh,No Repair,41,41,MarkTs,0.0,,41.0,,,,0,IVMH,10,
ivmh,No Repair,42,42,Update,0.018708,6.0,,,,,0,IVMH,10,Update
ivmh,No Repair,43,43,RecentScan,17.135083,,43.0,,,,0,IVMH,10,RecentScan
ivmh,No Repair,44,44,RecentScan,15.904208,,44.0,,,,0,IVMH,10,RecentScan
ivmh,No Repair,45,45,RecentScan,15.809542,,45.0,,,,0,IVMH,10,RecentScan
ivmh,No Repair,46,46,RecentScan,16.277708,,46.0,,,,0,IVMH,10,RecentScan
ivmh,No Repair,47,47,RecentScan,16.592917,,47.0,,,,0,IVMH,10,RecentScan
ivmh,No Repair,48,48,MarkTs,0.0,,48.0,,,,0,IVMH,10,
ivmh,No Repair,49,49,Update,0.010625,6.0,,,,,0,IVMH,10,Update
ivmh,No Repair,50,50,MarkTs,49.223583,,48.0,,,HistoryScan,0,IVMH,10,BuildSnap
ivmh,No Repair,50,50,HistoryScan,18.162959,,48.0,,,,0,IVMH,10,HistoryScan
ivmh,No Repair,51,51,RecentScan,16.525667,,51.0,,,,0,IVMH,10,RecentScan
ivmh,No Repair,52,52,RecentScan,16.143375,,52.0,,,,0,IVMH,10,RecentScan
ivmh,No Repair,53,53,RecentScan,16.436125,,53.0,,,,0,IVMH,10,RecentScan
ivmh,No Repair,54,54,RecentScan,15.601375,,54.0,,,,0,IVMH,10,RecentScan
ivmh,No Repair,55,55,MarkTs,0.0015840000000000001,,55.0,,,,0,IVMH,10,
ivmh,No Repair,56,56,Update,0.013583,6.0,,,,,0,IVMH,10,Update
ivmh,No Repair,57,57,RecentScan,15.994334,,57.0,,,,0,IVMH,10,RecentScan
ivmh,No Repair,58,58,RecentScan,15.762916,,58.0,,,,0,IVMH,10,RecentScan
ivmh,No Repair,59,59,RecentScan,15.21475,,59.0,,,,0,IVMH,10,RecentScan
ivmh,No Repair,60,60,RecentScan,15.784958,,60.0,,,,0,IVMH,10,RecentScan
ivmh,No Repair,61,61,RecentScan,15.36875,,61.0,,,,0,IVMH,10,RecentScan
ivmh,No Repair,62,62,MarkTs,0.0,,62.0,,,,0,IVMH,10,
ivmh,No Repair,63,63,Update,0.013875,6.0,,,,,0,IVMH,10,Update
ivmh,No Repair,64,64,MarkTs,47.124583,,62.0,,,HistoryScan,0,IVMH,10,BuildSnap
ivmh,No Repair,64,64,HistoryScan,20.566083,,62.0,,,,0,IVMH,10,HistoryScan
ivmh,No Repair,65,65,RecentScan,16.614083,,65.0,,,,0,IVMH,10,RecentScan
ivmh,No Repair,66,66,RecentScan,17.164958,,66.0,,,,0,IVMH,10,RecentScan
ivmh,No Repair,67,67,RecentScan,16.369833,,67.0,,,,0,IVMH,10,RecentScan
ivmh,No Repair,68,68,RecentScan,15.464417,,68.0,,,,0,IVMH,10,RecentScan
ivmh,No Repair,69,69,MarkTs,0.0,,69.0,,,,0,IVMH,10,
ivmh,No Repair,70,70,Update,0.013958,6.0,,,,,0,IVMH,10,Update
ivmh,No Repair,71,71,RecentScan,16.753458,,71.0,,,,0,IVMH,10,RecentScan
ivmh,No Repair,72,72,RecentScan,17.935542,,72.0,,,,0,IVMH,10,RecentScan
ivmh,No Repair,73,73,RecentScan,16.092083,,73.0,,,,0,IVMH,10,RecentScan
ivmh,No Repair,74,74,RecentScan,16.877584,,74.0,,,,0,IVMH,10,RecentScan
ivmh,No Repair,75,75,RecentScan,16.475917,,75.0,,,,0,IVMH,10,RecentScan
ivmh,No Repair,76,76,MarkTs,0.0,,76.0,,,,0,IVMH,10,
ivmh,No Repair,77,77,Update,0.013959,6.0,,,,,0,IVMH,10,Update
ivmh,No Repair,78,78,MarkTs,48.915625,,76.0,,,HistoryScan,0,IVMH,10,BuildSnap
ivmh,No Repair,78,78,HistoryScan,18.2415,,76.0,,,,0,IVMH,10,HistoryScan
ivmh,No Repair,79,79,RecentScan,16.94575,,79.0,,,,0,IVMH,10,RecentScan
ivmh,No Repair,80,80,RecentScan,16.331833,,80.0,,,,0,IVMH,10,RecentScan
ivmh,No Repair,81,81,RecentScan,16.914916,,81.0,,,,0,IVMH,10,RecentScan
ivmh,No Repair,82,82,RecentScan,16.309042,,82.0,,,,0,IVMH,10,RecentScan
ivmh,No Repair,83,83,MarkTs,0.0,,83.0,,,,0,IVMH,10,
ivmh,No Repair,84,84,Update,0.015792,6.0,,,,,0,IVMH,10,Update
ivmh,No Repair,85,85,RecentScan,16.103875,,85.0,,,,0,IVMH,10,RecentScan
ivmh,No Repair,86,86,RecentScan,16.774916,,86.0,,,,0,IVMH,10,RecentScan
ivmh,No Repair,87,87,RecentScan,15.829458,,87.0,,,,0,IVMH,10,RecentScan
ivmh,No Repair,88,88,RecentScan,16.1075,,88.0,,,,0,IVMH,10,RecentScan
ivmh,No Repair,89,89,RecentScan,15.720958,,89.0,,,,0,IVMH,10,RecentScan
ivmh,No Repair,90,90,MarkTs,0.0,,90.0,,,,0,IVMH,10,
ivmh,No Repair,91,91,Update,0.011292,6.0,,,,,0,IVMH,10,Update
ivmh,No Repair,92,92,MarkTs,50.018459,,90.0,,,HistoryScan,0,IVMH,10,BuildSnap
ivmh,No Repair,92,92,HistoryScan,18.3875,,90.0,,,,0,IVMH,10,HistoryScan
ivmh,No Repair,93,93,RecentScan,17.401375,,93.0,,,,0,IVMH,10,RecentScan
ivmh,No Repair,94,94,RecentScan,17.082125,,94.0,,,,0,IVMH,10,RecentScan
ivmh,No Repair,95,95,RecentScan,17.452125,,95.0,,,,0,IVMH,10,RecentScan
ivmh,No Repair,96,96,RecentScan,16.674792,,96.0,,,,0,IVMH,10,RecentScan
ivmh,No Repair,97,97,MarkTs,0.001,,97.0,,,,0,IVMH,10,
ivmh,No Repair,98,98,Update,0.014334,6.0,,,,,0,IVMH,10,Update
ivmh,No Repair,99,99,RecentScan,16.765167,,99.0,,,,0,IVMH,10,RecentScan
ivmh,No Repair,100,100,RecentScan,15.921417,,100.0,,,,0,IVMH,10,RecentScan
ivmh,No Repair,101,101,RecentScan,15.542708,,101.0,,,,0,IVMH,10,RecentScan
ivmh,No Repair,102,102,RecentScan,15.735583,,102.0,,,,0,IVMH,10,RecentScan
ivmh,No Repair,103,103,RecentScan,15.570209,,103.0,,,,0,IVMH,10,RecentScan
ivmh,No Repair,104,104,MarkTs,0.0017079999999999999,,104.0,,,,0,IVMH,10,
ivmh,No Repair,105,105,Update,0.016625,6.0,,,,,0,IVMH,10,Update
ivmh,No Repair,106,106,MarkTs,49.884708,,104.0,,,HistoryScan,0,IVMH,10,BuildSnap
ivmh,No Repair,106,106,HistoryScan,17.768625,,104.0,,,,0,IVMH,10,HistoryScan
ivmh,No Repair,107,107,RecentScan,16.281625,,107.0,,,,0,IVMH,10,RecentScan
ivmh,No Repair,108,108,RecentScan,16.675084,,108.0,,,,0,IVMH,10,RecentScan
ivmh,No Repair,109,109,RecentScan,16.511166,,109.0,,,,0,IVMH,10,RecentScan
ivmh,No Repair,110,110,RecentScan,15.84125,,110.0,,,,0,IVMH,10,RecentScan
ivmh,No Repair,111,111,MarkTs,0.0,,111.0,,,,0,IVMH,10,
ivmh,No Repair,112,112,Update,0.009833999999999999,6.0,,,,,0,IVMH,10,Update
ivmh,No Repair,113,113,RecentScan,16.660916,,113.0,,,,0,IVMH,10,RecentScan
ivmh,No Repair,114,114,RecentScan,16.53025,,114.0,,,,0,IVMH,10,RecentScan
ivmh,No Repair,115,115,RecentScan,16.628542,,115.0,,,,0,IVMH,10,RecentScan
ivmh,No Repair,116,116,RecentScan,15.122042,,116.0,,,,0,IVMH,10,RecentScan
ivmh,No Repair,117,117,RecentScan,16.605458,,117.0,,,,0,IVMH,10,RecentScan
ivmh,No Repair,118,118,MarkTs,0.0,,118.0,,,,0,IVMH,10,
ivmh,No Repair,119,119,Update,0.008708,6.0,,,,,0,IVMH,10,Update
ivmh,No Repair,120,120,MarkTs,50.447625,,118.0,,,HistoryScan,0,IVMH,10,BuildSnap
ivmh,No Repair,120,120,HistoryScan,17.228458,,118.0,,,,0,IVMH,10,HistoryScan
ivmh,No Repair,121,121,RecentScan,15.455083,,121.0,,,,0,IVMH,10,RecentScan
ivmh,No Repair,122,122,RecentScan,15.0735,,122.0,,,,0,IVMH,10,RecentScan
ivmh,No Repair,123,123,RecentScan,16.181375,,123.0,,,,0,IVMH,10,RecentScan
ivmh,No Repair,124,124,RecentScan,16.674417,,124.0,,,,0,IVMH,10,RecentScan
ivmh,No Repair,125,125,MarkTs,0.0,,125.0,,,,0,IVMH,10,
ivmh,No Repair,126,126,Update,0.012084,6.0,,,,,0,IVMH,10,Update
ivmh,No Repair,127,127,RecentScan,15.978417,,127.0,,,,0,IVMH,10,RecentScan
ivmh,No Repair,128,128,RecentScan,15.531708,,128.0,,,,0,IVMH,10,RecentScan
ivmh,No Repair,129,129,RecentScan,16.085625,,129.0,,,,0,IVMH,10,RecentScan
ivmh,No Repair,130,130,RecentScan,16.155208,,130.0,,,,0,IVMH,10,RecentScan
ivmh,No Repair,131,131,RecentScan,17.139083,,131.0,,,,0,IVMH,10,RecentScan
ivmh,No Repair,132,132,MarkTs,0.0,,132.0,,,,0,IVMH,10,
ivmh,No Repair,133,133,Update,0.025417000000000002,6.0,,,,,0,IVMH,10,Update
ivmh,No Repair,134,134,MarkTs,50.616208,,132.0,,,HistoryScan,0,IVMH,10,BuildSnap
ivmh,No Repair,134,134,HistoryScan,18.201708,,132.0,,,,0,IVMH,10,HistoryScan
ivmh,No Repair,135,135,RecentScan,16.044625,,135.0,,,,0,IVMH,10,RecentScan
ivmh,No Repair,136,136,RecentScan,16.995708,,136.0,,,,0,IVMH,10,RecentScan
ivmh,No Repair,137,137,RecentScan,15.757833,,137.0,,,,0,IVMH,10,RecentScan
ivmh,No Repair,138,138,RecentScan,16.054458,,138.0,,,,0,IVMH,10,RecentScan
ivmh,No Repair,139,139,MarkTs,0.0,,139.0,,,,0,IVMH,10,
ivmh,No Repair,140,140,Update,0.014792,6.0,,,,,0,IVMH,10,Update
ivmh,No Repair,0,0,InitLoad,14.147458,60000.0,,,,,1,IVMH,10,InitLoad
ivmh,No Repair,1,1,RecentScan,19.205917,,1.0,,,,1,IVMH,10,RecentScan
ivmh,No Repair,2,2,RecentScan,18.773709,,2.0,,,,1,IVMH,10,RecentScan
ivmh,No Repair,3,3,RecentScan,18.060416,,3.0,,,,1,IVMH,10,RecentScan
ivmh,No Repair,4,4,RecentScan,17.64825,,4.0,,,,1,IVMH,10,RecentScan
ivmh,No Repair,5,5,RecentScan,15.675584,,5.0,,,,1,IVMH,10,RecentScan
ivmh,No Repair,6,6,MarkTs,0.0,,6.0,,,,1,IVMH,10,
ivmh,No Repair,7,7,Update,0.016125,6.0,,,,,1,IVMH,10,Update
ivmh,No Repair,8,8,MarkTs,51.9055,,6.0,,,HistoryScan,1,IVMH,10,BuildSnap
ivmh,No Repair,8,8,HistoryScan,18.285542,,6.0,,,,1,IVMH,10,HistoryScan
ivmh,No Repair,9,9,RecentScan,15.934792,,9.0,,,,1,IVMH,10,RecentScan
ivmh,No Repair,10,10,RecentScan,15.949959,,10.0,,,,1,IVMH,10,RecentScan
ivmh,No Repair,11,11,RecentScan,18.0015,,11.0,,,,1,IVMH,10,RecentScan
ivmh,No Repair,12,12,RecentScan,16.261959,,12.0,,,,1,IVMH,10,RecentScan
ivmh,No Repair,13,13,MarkTs,0.0,,13.0,,,,1,IVMH,10,
ivmh,No Repair,14,14,Update,0.019666,6.0,,,,,1,IVMH,10,Update
ivmh,No Repair,15,15,RecentScan,17.333667,,15.0,,,,1,IVMH,10,RecentScan
ivmh,No Repair,16,16,RecentScan,15.741417,,16.0,,,,1,IVMH,10,RecentScan
ivmh,No Repair,17,17,RecentScan,16.931459,,17.0,,,,1,IVMH,10,RecentScan
ivmh,No Repair,18,18,RecentScan,15.72275,,18.0,,,,1,IVMH,10,RecentScan
ivmh,No Repair,19,19,RecentScan,17.645,,19.0,,,,1,IVMH,10,RecentScan
ivmh,No Repair,20,20,MarkTs,0.0,,20.0,,,,1,IVMH,10,
ivmh,No Repair,21,21,Update,0.013542,6.0,,,,,1,IVMH,10,Update
ivmh,No Repair,22,22,MarkTs,47.694625,,20.0,,,HistoryScan,1,IVMH,10,BuildSnap
ivmh,No Repair,22,22,HistoryScan,19.068834,,20.0,,,,1,IVMH,10,HistoryScan
ivmh,No Repair,23,23,RecentScan,16.510083,,23.0,,,,1,IVMH,10,RecentScan
ivmh,No Repair,24,24,RecentScan,18.189167,,24.0,,,,1,IVMH,10,RecentScan
ivmh,No Repair,25,25,RecentScan,18.509833,,25.0,,,,1,IVMH,10,RecentScan
ivmh,No Repair,26,26,RecentScan,15.808833,,26.0,,,,1,IVMH,10,RecentScan
ivmh,No Repair,27,27,MarkTs,0.009292,,27.0,,,,1,IVMH,10,
ivmh,No Repair,28,28,Update,0.012875,6.0,,,,,1,IVMH,10,Update
ivmh,No Repair,29,29,RecentScan,15.403125,,29.0,,,,1,IVMH,10,RecentScan
ivmh,No Repair,30,30,RecentScan,15.879167,,30.0,,,,1,IVMH,10,RecentScan
ivmh,No Repair,31,31,RecentScan,18.072458,,31.0,,,,1,IVMH,10,RecentScan
ivmh,No Repair,32,32,RecentScan,16.960667,,32.0,,,,1,IVMH,10,RecentScan
ivmh,No Repair,33,33,RecentScan,15.621166,,33.0,,,,1,IVMH,10,RecentScan
ivmh,No Repair,34,34,MarkTs,0.0,,34.0,,,,1,IVMH,10,
ivmh,No Repair,35,35,Update,0.012417,6.0,,,,,1,IVMH,10,Update
ivmh,No Repair,36,36,MarkTs,48.067459,,34.0,,,HistoryScan,1,IVMH,10,BuildSnap
ivmh,No Repair,36,36,HistoryScan,17.291375,,34.0,,,,1,IVMH,10,HistoryScan
ivmh,No Repair,37,37,RecentScan,18.573042,,37.0,,,,1,IVMH,10,RecentScan
ivmh,No Repair,38,38,RecentScan,17.533083,,38.0,,,,1,IVMH,10,RecentScan
ivmh,No Repair,39,39,RecentScan,15.979958,,39.0,,,,1,IVMH,10,RecentScan
ivmh,No Repair,40,40,RecentScan,17.945125,,40.0,,,,1,IVMH,10,RecentScan
ivmh,No Repair,41,41,MarkTs,0.0,,41.0,,,,1,IVMH,10,
ivmh,No Repair,42,42,Update,0.017417000000000002,6.0,,,,,1,IVMH,10,Update
ivmh,No Repair,43,43,RecentScan,16.8205,,43.0,,,,1,IVMH,10,RecentScan
ivmh,No Repair,44,44,RecentScan,15.5345,,44.0,,,,1,IVMH,10,RecentScan
ivmh,No Repair,45,45,RecentScan,15.593417,,45.0,,,,1,IVMH,10,RecentScan
ivmh,No Repair,46,46,RecentScan,18.169042,,46.0,,,,1,IVMH,10,RecentScan
ivmh,No Repair,47,47,RecentScan,17.321041,,47.0,,,,1,IVMH,10,RecentScan
ivmh,No Repair,48,48,MarkTs,0.0,,48.0,,,,1,IVMH,10,
ivmh,No Repair,49,49,Update,0.009875,6.0,,,,,1,IVMH,10,Update
ivmh,No Repair,50,50,MarkTs,48.012042,,48.0,,,HistoryScan,1,IVMH,10,BuildSnap
ivmh,No Repair,50,50,HistoryScan,19.316584,,48.0,,,,1,IVMH,10,HistoryScan
ivmh,No Repair,51,51,RecentScan,17.7035,,51.0,,,,1,IVMH,10,RecentScan
ivmh,No Repair,52,52,RecentScan,17.833792,,52.0,,,,1,IVMH,10,RecentScan
ivmh,No Repair,53,53,RecentScan,17.229583,,53.0,,,,1,IVMH,10,RecentScan
ivmh,No Repair,54,54,RecentScan,14.796917,,54.0,,,,1,IVMH,10,RecentScan
ivmh,No Repair,55,55,MarkTs,0.002625,,55.0,,,,1,IVMH,10,
ivmh,No Repair,56,56,Update,0.011375,6.0,,,,,1,IVMH,10,Update
ivmh,No Repair,57,57,RecentScan,16.496792,,57.0,,,,1,IVMH,10,RecentScan
ivmh,No Repair,58,58,RecentScan,17.163042,,58.0,,,,1,IVMH,10,RecentScan
ivmh,No Repair,59,59,RecentScan,17.267083,,59.0,,,,1,IVMH,10,RecentScan
ivmh,No Repair,60,60,RecentScan,17.686834,,60.0,,,,1,IVMH,10,RecentScan
ivmh,No Repair,61,61,RecentScan,17.501166,,61.0,,,,1,IVMH,10,RecentScan
ivmh,No Repair,62,62,MarkTs,0.0,,62.0,,,,1,IVMH,10,
ivmh,No Repair,63,63,Update,0.012917,6.0,,,,,1,IVMH,10,Update
ivmh,No Repair,64,64,MarkTs,49.324167,,62.0,,,HistoryScan,1,IVMH,10,BuildSnap
ivmh,No Repair,64,64,HistoryScan,19.341916,,62.0,,,,1,IVMH,10,HistoryScan
ivmh,No Repair,65,65,RecentScan,18.622375,,65.0,,,,1,IVMH,10,RecentScan
ivmh,No Repair,66,66,RecentScan,18.270834,,66.0,,,,1,IVMH,10,RecentScan
ivmh,No Repair,67,67,RecentScan,17.260917,,67.0,,,,1,IVMH,10,RecentScan
ivmh,No Repair,68,68,RecentScan,18.16975,,68.0,,,,1,IVMH,10,RecentScan
ivmh,No Repair,69,69,MarkTs,0.001,,69.0,,,,1,IVMH,10,
ivmh,No Repair,70,70,Update,0.010792,6.0,,,,,1,IVMH,10,Update
ivmh,No Repair,71,71,RecentScan,16.608833,,71.0,,,,1,IVMH,10,RecentScan
ivmh,No Repair,72,72,RecentScan,15.894583,,72.0,,,,1,IVMH,10,RecentScan
ivmh,No Repair,73,73,RecentScan,17.254833,,73.0,,,,1,IVMH,10,RecentScan
ivmh,No Repair,74,74,RecentScan,17.820333,,74.0,,,,1,IVMH,10,RecentScan
ivmh,No Repair,75,75,RecentScan,17.25675,,75.0,,,,1,IVMH,10,RecentScan
ivmh,No Repair,76,76,MarkTs,0.0,,76.0,,,,1,IVMH,10,
ivmh,No Repair,77,77,Update,0.012625,6.0,,,,,1,IVMH,10,Update
ivmh,No Repair,78,78,MarkTs,49.94325,,76.0,,,HistoryScan,1,IVMH,10,BuildSnap
ivmh,No Repair,78,78,HistoryScan,19.118583,,76.0,,,,1,IVMH,10,HistoryScan
ivmh,No Repair,79,79,RecentScan,17.986166,,79.0,,,,1,IVMH,10,RecentScan
ivmh,No Repair,80,80,RecentScan,15.653334,,80.0,,,,1,IVMH,10,RecentScan
ivmh,No Repair,81,81,RecentScan,16.261833,,81.0,,,,1,IVMH,10,RecentScan
ivmh,No Repair,82,82,RecentScan,17.317792,,82.0,,,,1,IVMH,10,RecentScan
ivmh,No Repair,83,83,MarkTs,0.0,,83.0,,,,1,IVMH,10,
ivmh,No Repair,84,84,Update,0.017292000000000002,6.0,,,,,1,IVMH,10,Update
ivmh,No Repair,85,85,RecentScan,16.326791,,85.0,,,,1,IVMH,10,RecentScan
ivmh,No Repair,86,86,RecentScan,17.129916,,86.0,,,,1,IVMH,10,RecentScan
ivmh,No Repair,87,87,RecentScan,15.596542,,87.0,,,,1,IVMH,10,RecentScan
ivmh,No Repair,88,88,RecentScan,15.049375,,88.0,,,,1,IVMH,10,RecentScan
ivmh,No Repair,89,89,RecentScan,15.562084,,89.0,,,,1,IVMH,10,RecentScan
ivmh,No Repair,90,90,MarkTs,0.0,,90.0,,,,1,IVMH,10,
ivmh,No Repair,91,91,Update,0.011375,6.0,,,,,1,IVMH,10,Update
ivmh,No Repair,92,92,MarkTs,48.931625,,90.0,,,HistoryScan,1,IVMH,10,BuildSnap
ivmh,No Repair,92,92,HistoryScan,18.831042,,90.0,,,,1,IVMH,10,HistoryScan
ivmh,No Repair,93,93,RecentScan,18.449458,,93.0,,,,1,IVMH,10,RecentScan
ivmh,No Repair,94,94,RecentScan,17.6305,,94.0,,,,1,IVMH,10,RecentScan
ivmh,No Repair,95,95,RecentScan,18.268375,,95.0,,,,1,IVMH,10,RecentScan
ivmh,No Repair,96,96,RecentScan,15.153292,,96.0,,,,1,IVMH,10,RecentScan
ivmh,No Repair,97,97,MarkTs,0.0,,97.0,,,,1,IVMH,10,
ivmh,No Repair,98,98,Update,0.014292,6.0,,,,,1,IVMH,10,Update
ivmh,No Repair,99,99,RecentScan,15.906291,,99.0,,,,1,IVMH,10,RecentScan
ivmh,No Repair,100,100,RecentScan,17.158167,,100.0,,,,1,IVMH,10,RecentScan
ivmh,No Repair,101,101,RecentScan,14.615125,,101.0,,,,1,IVMH,10,RecentScan
ivmh,No Repair,102,102,RecentScan,15.646834,,102.0,,,,1,IVMH,10,RecentScan
ivmh,No Repair,103,103,RecentScan,17.65825,,103.0,,,,1,IVMH,10,RecentScan
ivmh,No Repair,104,104,MarkTs,0.0015840000000000001,,104.0,,,,1,IVMH,10,
ivmh,No Repair,105,105,Update,0.016083,6.0,,,,,1,IVMH,10,Update
ivmh,No Repair,106,106,MarkTs,50.489083,,104.0,,,HistoryScan,1,IVMH,10,BuildSnap
ivmh,No Repair,106,106,HistoryScan,17.958083,,104.0,,,,1,IVMH,10,HistoryScan
ivmh,No Repair,107,107,RecentScan,16.693292,,107.0,,,,1,IVMH,10,RecentScan
ivmh,No Repair,108,108,RecentScan,16.878459,,108.0,,,,1,IVMH,10,RecentScan
ivmh,No Repair,109,109,RecentScan,16.192125,,109.0,,,,1,IVMH,10,RecentScan
ivmh,No Repair,110,110,RecentScan,17.030042,,110.0,,,,1,IVMH,10,RecentScan
ivmh,No Repair,111,111,MarkTs,0.0,,111.0,,,,1,IVMH,10,
ivmh,No Repair,112,112,Update,0.009667,6.0,,,,,1,IVMH,10,Update
ivmh,No Repair,113,113,RecentScan,15.92375,,113.0,,,,1,IVMH,10,RecentScan
ivmh,No Repair,114,114,RecentScan,15.651,,114.0,,,,1,IVMH,10,RecentScan
ivmh,No Repair,115,115,RecentScan,16.428959,,115.0,,,,1,IVMH,10,RecentScan
ivmh,No Repair,116,116,RecentScan,16.909083,,116.0,,,,1,IVMH,10,RecentScan
ivmh,No Repair,117,117,RecentScan,19.029125,,117.0,,,,1,IVMH,10,RecentScan
ivmh,No Repair,118,118,MarkTs,0.0,,118.0,,,,1,IVMH,10,
ivmh,No Repair,119,119,Update,0.010291999999999999,6.0,,,,,1,IVMH,10,Update
ivmh,No Repair,120,120,MarkTs,49.757666,,118.0,,,HistoryScan,1,IVMH,10,BuildSnap
ivmh,No Repair,120,120,HistoryScan,18.3385,,118.0,,,,1,IVMH,10,HistoryScan
ivmh,No Repair,121,121,RecentScan,18.426833,,121.0,,,,1,IVMH,10,RecentScan
ivmh,No Repair,122,122,RecentScan,18.497792,,122.0,,,,1,IVMH,10,RecentScan
ivmh,No Repair,123,123,RecentScan,20.909916,,123.0,,,,1,IVMH,10,RecentScan
ivmh,No Repair,124,124,RecentScan,17.142125,,124.0,,,,1,IVMH,10,RecentScan
ivmh,No Repair,125,125,MarkTs,0.0,,125.0,,,,1,IVMH,10,
ivmh,No Repair,126,126,Update,0.013916,6.0,,,,,1,IVMH,10,Update
ivmh,No Repair,127,127,RecentScan,18.376667,,127.0,,,,1,IVMH,10,RecentScan
ivmh,No Repair,128,128,RecentScan,18.562375,,128.0,,,,1,IVMH,10,RecentScan
ivmh,No Repair,129,129,RecentScan,16.119584,,129.0,,,,1,IVMH,10,RecentScan
ivmh,No Repair,130,130,RecentScan,18.127208,,130.0,,,,1,IVMH,10,RecentScan
ivmh,No Repair,131,131,RecentScan,17.365417,,131.0,,,,1,IVMH,10,RecentScan
ivmh,No Repair,132,132,MarkTs,0.0,,132.0,,,,1,IVMH,10,
ivmh,No Repair,133,133,Update,0.024832999999999997,6.0,,,,,1,IVMH,10,Update
ivmh,No Repair,134,134,MarkTs,61.090333,,132.0,,,HistoryScan,1,IVMH,10,BuildSnap
ivmh,No Repair,134,134,HistoryScan,20.497166,,132.0,,,,1,IVMH,10,HistoryScan
ivmh,No Repair,135,135,RecentScan,17.666625,,135.0,,,,1,IVMH,10,RecentScan
ivmh,No Repair,136,136,RecentScan,17.528208,,136.0,,,,1,IVMH,10,RecentScan
ivmh,No Repair,137,137,RecentScan,17.450667,,137.0,,,,1,IVMH,10,RecentScan
ivmh,No Repair,138,138,RecentScan,17.904917,,138.0,,,,1,IVMH,10,RecentScan
ivmh,No Repair,139,139,MarkTs,0.0,,139.0,,,,1,IVMH,10,
ivmh,No Repair,140,140,Update,0.01475,6.0,,,,,1,IVMH,10,Update
par,Write Repair,0,0,InitLoad,19.679166,60000.0,,,,,0,EPOCH-WR,0,InitLoad
par,Write Repair,1,1,RecentScan,16.989375,,1.0,,,,0,EPOCH-WR,0,RecentScan
par,Write Repair,2,2,RecentScan,16.729292,,2.0,,,,0,EPOCH-WR,0,RecentScan
par,Write Repair,3,3,RecentScan,15.434708,,3.0,,,,0,EPOCH-WR,0,RecentScan
par,Write Repair,4,4,RecentScan,16.354666,,4.0,,,,0,EPOCH-WR,0,RecentScan
par,Write Repair,5,5,RecentScan,15.272666,,5.0,,,,0,EPOCH-WR,0,RecentScan
par,Write Repair,6,6,MarkTs,0.221916,,6.0,,,,0,EPOCH-WR,0,
par,Write Repair,7,7,Update,1.096541,6.0,,,,,0,EPOCH-WR,0,Update
par,Write Repair,8,8,RecentScan,15.958666,,8.0,,,,0,EPOCH-WR,0,RecentScan
par,Write Repair,9,9,RecentScan,15.944209,,9.0,,,,0,EPOCH-WR,0,RecentScan
par,Write Repair,10,10,RecentScan,15.424833,,10.0,,,,0,EPOCH-WR,0,RecentScan
par,Write Repair,11,11,RecentScan,13.580875,,11.0,,,,0,EPOCH-WR,0,RecentScan
par,Write Repair,12,12,RecentScan,13.88225,,12.0,,,,0,EPOCH-WR,0,RecentScan
par,Write Repair,13,13,MarkTs,0.019375,,13.0,,,,0,EPOCH-WR,0,
par,Write Repair,14,14,Update,0.862459,6.0,,,,,0,EPOCH-WR,0,Update
par,Write Repair,15,15,RecentScan,16.151083,,15.0,,,,0,EPOCH-WR,0,RecentScan
par,Write Repair,16,16,RecentScan,14.647417,,16.0,,,,0,EPOCH-WR,0,RecentScan
par,Write Repair,17,17,RecentScan,14.939625,,17.0,,,,0,EPOCH-WR,0,RecentScan
par,Write Repair,18,18,RecentScan,14.706959,,18.0,,,,0,EPOCH-WR,0,RecentScan
par,Write Repair,19,19,RecentScan,14.766167,,19.0,,,,0,EPOCH-WR,0,RecentScan
par,Write Repair,20,20,MarkTs,0.019458,,20.0,,,,0,EPOCH-WR,0,
par,Write Repair,21,21,Update,0.862625,6.0,,,,,0,EPOCH-WR,0,Update
par,Write Repair,22,22,RecentScan,14.750584,,22.0,,,,0,EPOCH-WR,0,RecentScan
par,Write Repair,23,23,RecentScan,15.950959,,23.0,,,,0,EPOCH-WR,0,RecentScan
par,Write Repair,24,24,RecentScan,14.5845,,24.0,,,,0,EPOCH-WR,0,RecentScan
par,Write Repair,25,25,RecentScan,13.345417,,25.0,,,,0,EPOCH-WR,0,RecentScan
par,Write Repair,26,26,RecentScan,13.89175,,26.0,,,,0,EPOCH-WR,0,RecentScan
par,Write Repair,27,27,MarkTs,0.254709,,27.0,,,,0,EPOCH-WR,0,
par,Write Repair,28,28,Update,0.8530420000000001,6.0,,,,,0,EPOCH-WR,0,Update
par,Write Repair,29,29,RecentScan,15.999375,,29.0,,,,0,EPOCH-WR,0,RecentScan
par,Write Repair,30,30,RecentScan,15.510958,,30.0,,,,0,EPOCH-WR,0,RecentScan
par,Write Repair,31,31,RecentScan,16.285625,,31.0,,,,0,EPOCH-WR,0,RecentScan
par,Write Repair,32,32,RecentScan,15.526375,,32.0,,,,0,EPOCH-WR,0,RecentScan
par,Write Repair,33,33,RecentScan,15.480875,,33.0,,,,0,EPOCH-WR,0,RecentScan
par,Write Repair,34,34,MarkTs,0.045291,,34.0,,,,0,EPOCH-WR,0,
par,Write Repair,35,35,Update,0.845792,6.0,,,,,0,EPOCH-WR,0,Update
par,Write Repair,36,36,RecentScan,15.229958,,36.0,,,,0,EPOCH-WR,0,RecentScan
par,Write Repair,37,37,RecentScan,15.181084,,37.0,,,,0,EPOCH-WR,0,RecentScan
par,Write Repair,38,38,RecentScan,15.087375,,38.0,,,,0,EPOCH-WR,0,RecentScan
par,Write Repair,39,39,RecentScan,15.561292,,39.0,,,,0,EPOCH-WR,0,RecentScan
par,Write Repair,40,40,RecentScan,16.361417,,40.0,,,,0,EPOCH-WR,0,RecentScan
par,Write Repair,41,41,MarkTs,0.042542,,41.0,,,,0,EPOCH-WR,0,
par,Write Repair,42,42,Update,0.90925,6.0,,,,,0,EPOCH-WR,0,Update
par,Write Repair,43,43,RecentScan,16.607333,,43.0,,,,0,EPOCH-WR,0,RecentScan
par,Write Repair,44,44,RecentScan,16.212375,,44.0,,,,0,EPOCH-WR,0,RecentScan
par,Write Repair,45,45,RecentScan,15.73875,,45.0,,,,0,EPOCH-WR,0,RecentScan
par,Write Repair,46,46,RecentScan,15.974083,,46.0,,,,0,EPOCH-WR,0,RecentScan
par,Write Repair,47,47,RecentScan,15.9675,,47.0,,,,0,EPOCH-WR,0,RecentScan
par,Write Repair,48,48,MarkTs,0.04525,,48.0,,,,0,EPOCH-WR,0,
par,Write Repair,49,49,Update,0.831625,6.0,,,,,0,EPOCH-WR,0,Update
par,Write Repair,50,50,RecentScan,15.681166,,50.0,,,,0,EPOCH-WR,0,RecentScan
par,Write Repair,51,51,RecentScan,14.515417,,51.0,,,,0,EPOCH-WR,0,RecentScan
par,Write Repair,52,52,RecentScan,13.802333,,52.0,,,,0,EPOCH-WR,0,RecentScan
par,Write Repair,53,53,RecentScan,16.174333,,53.0,,,,0,EPOCH-WR,0,RecentScan
par,Write Repair,54,54,RecentScan,15.485917,,54.0,,,,0,EPOCH-WR,0,RecentScan
par,Write Repair,55,55,MarkTs,0.478792,,55.0,,,,0,EPOCH-WR,0,
par,Write Repair,56,56,Update,0.876375,6.0,,,,,0,EPOCH-WR,0,Update
par,Write Repair,57,57,RecentScan,16.565166,,57.0,,,,0,EPOCH-WR,0,RecentScan
par,Write Repair,58,58,RecentScan,16.89575,,58.0,,,,0,EPOCH-WR,0,RecentScan
par,Write Repair,59,59,RecentScan,15.294959,,59.0,,,,0,EPOCH-WR,0,RecentScan
par,Write Repair,60,60,RecentScan,16.686959,,60.0,,,,0,EPOCH-WR,0,RecentScan
par,Write Repair,61,61,RecentScan,16.028125,,61.0,,,,0,EPOCH-WR,0,RecentScan
par,Write Repair,62,62,MarkTs,0.051542000000000004,,62.0,,,,0,EPOCH-WR,0,
par,Write Repair,63,63,Update,0.827291,6.0,,,,,0,EPOCH-WR,0,Update
par,Write Repair,64,64,RecentScan,15.382875,,64.0,,,,0,EPOCH-WR,0,RecentScan
par,Write Repair,65,65,RecentScan,16.793125,,65.0,,,,0,EPOCH-WR,0,RecentScan
par,Write Repair,66,66,RecentScan,16.146084,,66.0,,,,0,EPOCH-WR,0,RecentScan
par,Write Repair,67,67,RecentScan,16.902125,,67.0,,,,0,EPOCH-WR,0,RecentScan
par,Write Repair,68,68,RecentScan,15.932958,,68.0,,,,0,EPOCH-WR,0,RecentScan
par,Write Repair,69,69,MarkTs,0.056417,,69.0,,,,0,EPOCH-WR,0,
par,Write Repair,70,70,Update,0.8457089999999999,6.0,,,,,0,EPOCH-WR,0,Update
par,Write Repair,71,71,RecentScan,15.105417,,71.0,,,,0,EPOCH-WR,0,RecentScan
par,Write Repair,72,72,RecentScan,15.460083,,72.0,,,,0,EPOCH-WR,0,RecentScan
par,Write Repair,73,73,RecentScan,16.207625,,73.0,,,,0,EPOCH-WR,0,RecentScan
par,Write Repair,74,74,RecentScan,15.287125,,74.0,,,,0,EPOCH-WR,0,RecentScan
par,Write Repair,75,75,RecentScan,14.805166,,75.0,,,,0,EPOCH-WR,0,RecentScan
par,Write Repair,76,76,MarkTs,0.052291,,76.0,,,,0,EPOCH-WR,0,
par,Write Repair,77,77,Update,0.912,6.0,,,,,0,EPOCH-WR,0,Update
par,Write Repair,78,78,RecentScan,15.809625,,78.0,,,,0,EPOCH-WR,0,RecentScan
par,Write Repair,79,79,RecentScan,14.771333,,79.0,,,,0,EPOCH-WR,0,RecentScan
par,Write Repair,80,80,RecentScan,15.665667,,80.0,,,,0,EPOCH-WR,0,RecentScan
par,Write Repair,81,81,RecentScan,14.556708,,81.0,,,,0,EPOCH-WR,0,RecentScan
par,Write Repair,82,82,RecentScan,14.718709,,82.0,,,,0,EPOCH-WR,0,RecentScan
par,Write Repair,83,83,MarkTs,0.053458,,83.0,,,,0,EPOCH-WR,0,
par,Write Repair,84,84,Update,0.8677910000000001,6.0,,,,,0,EPOCH-WR,0,Update
par,Write Repair,85,85,RecentScan,15.894875,,85.0,,,,0,EPOCH-WR,0,RecentScan
par,Write Repair,86,86,RecentScan,14.500125,,86.0,,,,0,EPOCH-WR,0,RecentScan
par,Write Repair,87,87,RecentScan,15.65525,,87.0,,,,0,EPOCH-WR,0,RecentScan
par,Write Repair,88,88,RecentScan,14.834458,,88.0,,,,0,EPOCH-WR,0,RecentScan
par,Write Repair,89,89,RecentScan,14.752959,,89.0,,,,0,EPOCH-WR,0,RecentScan
par,Write Repair,90,90,MarkTs,0.055041,,90.0,,,,0,EPOCH-WR,0,
par,Write Repair,91,91,Update,0.842167,6.0,,,,,0,EPOCH-WR,0,Update
par,Write Repair,92,92,RecentScan,15.977791,,92.0,,,,0,EPOCH-WR,0,RecentScan
par,Write Repair,93,93,RecentScan,14.833333,,93.0,,,,0,EPOCH-WR,0,RecentScan
par,Write Repair,94,94,RecentScan,14.778208,,94.0,,,,0,EPOCH-WR,0,RecentScan
par,Write Repair,95,95,RecentScan,15.195666,,95.0,,,,0,EPOCH-WR,0,RecentScan
par,Write Repair,96,96,RecentScan,15.982833,,96.0,,,,0,EPOCH-WR,0,RecentScan
par,Write Repair,97,97,MarkTs,0.0555,,97.0,,,,0,EPOCH-WR,0,
par,Write Repair,98,98,Update,0.861459,6.0,,,,,0,EPOCH-WR,0,Update
par,Write Repair,99,99,RecentScan,15.676375,,99.0,,,,0,EPOCH-WR,0,RecentScan
par,Write Repair,100,100,RecentScan,14.906042,,100.0,,,,0,EPOCH-WR,0,RecentScan
par,Write Repair,101,101,RecentScan,15.001959,,101.0,,,,0,EPOCH-WR,0,RecentScan
par,Write Repair,102,102,RecentScan,14.053333,,102.0,,,,0,EPOCH-WR,0,RecentScan
par,Write Repair,103,103,RecentScan,17.350458,,103.0,,,,0,EPOCH-WR,0,RecentScan
par,Write Repair,104,104,MarkTs,0.065541,,104.0,,,,0,EPOCH-WR,0,
par,Write Repair,105,105,Update,1.101583,6.0,,,,,0,EPOCH-WR,0,Update
par,Write Repair,106,106,RecentScan,14.178125,,106.0,,,,0,EPOCH-WR,0,RecentScan
par,Write Repair,107,107,RecentScan,14.3935,,107.0,,,,0,EPOCH-WR,0,RecentScan
par,Write Repair,108,108,RecentScan,14.488209,,108.0,,,,0,EPOCH-WR,0,RecentScan
par,Write Repair,109,109,RecentScan,14.702917,,109.0,,,,0,EPOCH-WR,0,RecentScan
par,Write Repair,110,110,RecentScan,15.561167,,110.0,,,,0,EPOCH-WR,0,RecentScan
par,Write Repair,111,111,MarkTs,0.624125,,111.0,,,,0,EPOCH-WR,0,
par,Write Repair,112,112,Update,0.9340839999999999,6.0,,,,,0,EPOCH-WR,0,Update
par,Write Repair,113,113,RecentScan,16.456375,,113.0,,,,0,EPOCH-WR,0,RecentScan
par,Write Repair,114,114,RecentScan,14.884542,,114.0,,,,0,EPOCH-WR,0,RecentScan
par,Write Repair,115,115,RecentScan,14.618625,,115.0,,,,0,EPOCH-WR,0,RecentScan
par,Write Repair,116,116,RecentScan,14.582209,,116.0,,,,0,EPOCH-WR,0,RecentScan
par,Write Repair,117,117,RecentScan,15.793291,,117.0,,,,0,EPOCH-WR,0,RecentScan
par,Write Repair,118,118,MarkTs,0.05,,118.0,,,,0,EPOCH-WR,0,
par,Write Repair,119,119,Update,0.886459,6.0,,,,,0,EPOCH-WR,0,Update
par,Write Repair,120,120,RecentScan,13.871667,,120.0,,,,0,EPOCH-WR,0,RecentScan
par,Write Repair,121,121,RecentScan,14.764042,,121.0,,,,0,EPOCH-WR,0,RecentScan
par,Write Repair,122,122,RecentScan,14.53575,,122.0,,,,0,EPOCH-WR,0,RecentScan
par,Write Repair,123,123,RecentScan,15.069542,,123.0,,,,0,EPOCH-WR,0,RecentScan
par,Write Repair,124,124,RecentScan,16.059375,,124.0,,,,0,EPOCH-WR,0,RecentScan
par,Write Repair,125,125,MarkTs,0.052792,,125.0,,,,0,EPOCH-WR,0,
par,Write Repair,126,126,Update,0.907042,6.0,,,,,0,EPOCH-WR,0,Update
par,Write Repair,127,127,RecentScan,15.10925,,127.0,,,,0,EPOCH-WR,0,RecentScan
par,Write Repair,128,128,RecentScan,14.879333,,128.0,,,,0,EPOCH-WR,0,RecentScan
par,Write Repair,129,129,RecentScan,14.287084,,129.0,,,,0,EPOCH-WR,0,RecentScan
par,Write Repair,130,130,RecentScan,14.542958,,130.0,,,,0,EPOCH-WR,0,RecentScan
par,Write Repair,131,131,RecentScan,14.539084,,131.0,,,,0,EPOCH-WR,0,RecentScan
par,Write Repair,132,132,MarkTs,0.075542,,132.0,,,,0,EPOCH-WR,0,
par,Write Repair,133,133,Update,0.9408329999999999,6.0,,,,,0,EPOCH-WR,0,Update
par,Write Repair,134,134,RecentScan,14.667334,,134.0,,,,0,EPOCH-WR,0,RecentScan
par,Write Repair,135,135,RecentScan,14.857833,,135.0,,,,0,EPOCH-WR,0,RecentScan
par,Write Repair,136,136,RecentScan,14.829042,,136.0,,,,0,EPOCH-WR,0,RecentScan
par,Write Repair,137,137,RecentScan,15.04975,,137.0,,,,0,EPOCH-WR,0,RecentScan
par,Write Repair,138,138,RecentScan,15.041625,,138.0,,,,0,EPOCH-WR,0,RecentScan
par,Write Repair,139,139,MarkTs,0.109042,,139.0,,,,0,EPOCH-WR,0,
par,Write Repair,140,140,Update,0.889833,6.0,,,,,0,EPOCH-WR,0,Update
par,Write Repair,0,0,InitLoad,19.83125,60000.0,,,,,1,EPOCH-WR,0,InitLoad
par,Write Repair,1,1,RecentScan,16.849125,,1.0,,,,1,EPOCH-WR,0,RecentScan
par,Write Repair,2,2,RecentScan,16.974958,,2.0,,,,1,EPOCH-WR,0,RecentScan
par,Write Repair,3,3,RecentScan,15.684125,,3.0,,,,1,EPOCH-WR,0,RecentScan
par,Write Repair,4,4,RecentScan,14.876959,,4.0,,,,1,EPOCH-WR,0,RecentScan
par,Write Repair,5,5,RecentScan,14.834042,,5.0,,,,1,EPOCH-WR,0,RecentScan
par,Write Repair,6,6,MarkTs,0.219125,,6.0,,,,1,EPOCH-WR,0,
par,Write Repair,7,7,Update,1.289125,6.0,,,,,1,EPOCH-WR,0,Update
par,Write Repair,8,8,RecentScan,14.70375,,8.0,,,,1,EPOCH-WR,0,RecentScan
par,Write Repair,9,9,RecentScan,15.043958,,9.0,,,,1,EPOCH-WR,0,RecentScan
par,Write Repair,10,10,RecentScan,14.881333,,10.0,,,,1,EPOCH-WR,0,RecentScan
par,Write Repair,11,11,RecentScan,14.283125,,11.0,,,,1,EPOCH-WR,0,RecentScan
par,Write Repair,12,12,RecentScan,14.727417,,12.0,,,,1,EPOCH-WR,0,RecentScan
par,Write Repair,13,13,MarkTs,0.018459,,13.0,,,,1,EPOCH-WR,0,
par,Write Repair,14,14,Update,0.8192079999999999,6.0,,,,,1,EPOCH-WR,0,Update
par,Write Repair,15,15,RecentScan,14.610375,,15.0,,,,1,EPOCH-WR,0,RecentScan
par,Write Repair,16,16,RecentScan,15.23225,,16.0,,,,1,EPOCH-WR,0,RecentScan
par,Write Repair,17,17,RecentScan,14.809125,,17.0,,,,1,EPOCH-WR,0,RecentScan
par,Write Repair,18,18,RecentScan,14.914625,,18.0,,,,1,EPOCH-WR,0,RecentScan
par,Write Repair,19,19,RecentScan,15.364166,,19.0,,,,1,EPOCH-WR,0,RecentScan
par,Write Repair,20,20,MarkTs,0.017542000000000002,,20.0,,,,1,EPOCH-WR,0,
par,Write Repair,21,21,Update,0.856875,6.0,,,,,1,EPOCH-WR,0,Update
par,Write Repair,22,22,RecentScan,15.116291,,22.0,,,,1,EPOCH-WR,0,RecentScan
par,Write Repair,23,23,RecentScan,14.934,,23.0,,,,1,EPOCH-WR,0,RecentScan
par,Write Repair,24,24,RecentScan,15.340542,,24.0,,,,1,EPOCH-WR,0,RecentScan
par,Write Repair,25,25,RecentScan,14.970166,,25.0,,,,1,EPOCH-WR,0,RecentScan
par,Write Repair,26,26,RecentScan,15.050375,,26.0,,,,1,EPOCH-WR,0,RecentScan
par,Write Repair,27,27,MarkTs,0.276666,,27.0,,,,1,EPOCH-WR,0,
par,Write Repair,28,28,Update,0.823834,6.0,,,,,1,EPOCH-WR,0,Update
par,Write Repair,29,29,RecentScan,14.552541,,29.0,,,,1,EPOCH-WR,0,RecentScan
par,Write Repair,30,30,RecentScan,15.682458,,30.0,,,,1,EPOCH-WR,0,RecentScan
par,Write Repair,31,31,RecentScan,14.327708,,31.0,,,,1,EPOCH-WR,0,RecentScan
par,Write Repair,32,32,RecentScan,15.896959,,32.0,,,,1,EPOCH-WR,0,RecentScan
par,Write Repair,33,33,RecentScan,15.034416,,33.0,,,,1,EPOCH-WR,0,RecentScan
par,Write Repair,34,34,MarkTs,0.047125,,34.0,,,,1,EPOCH-WR,0,
par,Write Repair,35,35,Update,0.8125829999999999,6.0,,,,,1,EPOCH-WR,0,Update
par,Write Repair,36,36,RecentScan,16.05525,,36.0,,,,1,EPOCH-WR,0,RecentScan
par,Write Repair,37,37,RecentScan,15.711792,,37.0,,,,1,EPOCH-WR,0,RecentScan
par,Write Repair,38,38,RecentScan,15.342875,,38.0,,,,1,EPOCH-WR,0,RecentScan
par,Write Repair,39,39,RecentScan,14.998375,,39.0,,,,1,EPOCH-WR,0,RecentScan
par,Write Repair,40,40,RecentScan,14.830958,,40.0,,,,1,EPOCH-WR,0,RecentScan
par,Write Repair,41,41,MarkTs,0.0445,,41.0,,,,1,EPOCH-WR,0,
par,Write Repair,42,42,Update,0.818958,6.0,,,,,1,EPOCH-WR,0,Update
par,Write Repair,43,43,RecentScan,14.776625,,43.0,,,,1,EPOCH-WR,0,RecentScan
par,Write Repair,44,44,RecentScan,15.830125,,44.0,,,,1,EPOCH-WR,0,RecentScan
par,Write Repair,45,45,RecentScan,15.839,,45.0,,,,1,EPOCH-WR,0,RecentScan
par,Write Repair,46,46,RecentScan,15.176416,,46.0,,,,1,EPOCH-WR,0,RecentScan
par,Write Repair,47,47,RecentScan,13.811083,,47.0,,,,1,EPOCH-WR,0,RecentScan
par,Write Repair,48,48,MarkTs,0.044916,,48.0,,,,1,EPOCH-WR,0,
par,Write Repair,49,49,Update,0.81,6.0,,,,,1,EPOCH-WR,0,Update
par,Write Repair,50,50,RecentScan,15.728333,,50.0,,,,1,EPOCH-WR,0,RecentScan
par,Write Repair,51,51,RecentScan,13.930709,,51.0,,,,1,EPOCH-WR,0,RecentScan
par,Write Repair,52,52,RecentScan,14.893375,,52.0,,,,1,EPOCH-WR,0,RecentScan
par,Write Repair,53,53,RecentScan,14.697958,,53.0,,,,1,EPOCH-WR,0,RecentScan
par,Write Repair,54,54,RecentScan,15.324291,,54.0,,,,1,EPOCH-WR,0,RecentScan
par,Write Repair,55,55,MarkTs,0.412333,,55.0,,,,1,EPOCH-WR,0,
par,Write Repair,56,56,Update,0.8466670000000001,6.0,,,,,1,EPOCH-WR,0,Update
par,Write Repair,57,57,RecentScan,16.00025,,57.0,,,,1,EPOCH-WR,0,RecentScan
par,Write Repair,58,58,RecentScan,14.527542,,58.0,,,,1,EPOCH-WR,0,RecentScan
par,Write Repair,59,59,RecentScan,14.238625,,59.0,,,,1,EPOCH-WR,0,RecentScan
par,Write Repair,60,60,RecentScan,15.840875,,60.0,,,,1,EPOCH-WR,0,RecentScan
par,Write Repair,61,61,RecentScan,14.167166,,61.0,,,,1,EPOCH-WR,0,RecentScan
par,Write Repair,62,62,MarkTs,0.05575,,62.0,,,,1,EPOCH-WR,0,
par,Write Repair,63,63,Update,0.7995,6.0,,,,,1,EPOCH-WR,0,Update
par,Write Repair,64,64,RecentScan,15.295417,,64.0,,,,1,EPOCH-WR,0,RecentScan
par,Write Repair,65,65,RecentScan,14.733958,,65.0,,,,1,EPOCH-WR,0,RecentScan
par,Write Repair,66,66,RecentScan,16.633334,,66.0,,,,1,EPOCH-WR,0,RecentScan
par,Write Repair,67,67,RecentScan,15.56725,,67.0,,,,1,EPOCH-WR,0,RecentScan
par,Write Repair,68,68,RecentScan,15.38175,,68.0,,,,1,EPOCH-WR,0,RecentScan
par,Write Repair,69,69,MarkTs,0.057,,69.0,,,,1,EPOCH-WR,0,
par,Write Repair,70,70,Update,0.821375,6.0,,,,,1,EPOCH-WR,0,Update
par,Write Repair,71,71,RecentScan,15.74825,,71.0,,,,1,EPOCH-WR,0,RecentScan
par,Write Repair,72,72,RecentScan,15.403916,,72.0,,,,1,EPOCH-WR,0,RecentScan
par,Write Repair,73,73,RecentScan,16.429041,,73.0,,,,1,EPOCH-WR,0,RecentScan
par,Write Repair,74,74,RecentScan,14.557,,74.0,,,,1,EPOCH-WR,0,RecentScan
par,Write Repair,75,75,RecentScan,14.054417,,75.0,,,,1,EPOCH-WR,0,RecentScan
par,Write Repair,76,76,MarkTs,0.052375,,76.0,,,,1,EPOCH-WR,0,
par,Write Repair,77,77,Update,0.850459,6.0,,,,,1,EPOCH-WR,0,Update
par,Write Repair,78,78,RecentScan,14.516208,,78.0,,,,1,EPOCH-WR,0,RecentScan
par,Write Repair,79,79,RecentScan,15.618333,,79.0,,,,1,EPOCH-WR,0,RecentScan
par,Write Repair,80,80,RecentScan,14.583291,,80.0,,,,1,EPOCH-WR,0,RecentScan
par,Write Repair,81,81,RecentScan,13.019,,81.0,,,,1,EPOCH-WR,0,RecentScan
par,Write Repair,82,82,RecentScan,14.012416,,82.0,,,,1,EPOCH-WR,0,RecentScan
par,Write Repair,83,83,MarkTs,0.052708,,83.0,,,,1,EPOCH-WR,0,
par,Write Repair,84,84,Update,0.789333,6.0,,,,,1,EPOCH-WR,0,Update
par,Write Repair,85,85,RecentScan,14.136292,,85.0,,,,1,EPOCH-WR,0,RecentScan
par,Write Repair,86,86,RecentScan,16.210291,,86.0,,,,1,EPOCH-WR,0,RecentScan
par,Write Repair,87,87,RecentScan,14.8165,,87.0,,,,1,EPOCH-WR,0,RecentScan
par,Write Repair,88,88,RecentScan,14.392292,,88.0,,,,1,EPOCH-WR,0,RecentScan
par,Write Repair,89,89,RecentScan,14.112792,,89.0,,,,1,EPOCH-WR,0,RecentScan
par,Write Repair,90,90,MarkTs,0.055458,,90.0,,,,1,EPOCH-WR,0,
par,Write Repair,91,91,Update,0.8626670000000001,6.0,,,,,1,EPOCH-WR,0,Update
par,Write Repair,92,92,RecentScan,15.688583,,92.0,,,,1,EPOCH-WR,0,RecentScan
par,Write Repair,93,93,RecentScan,14.428708,,93.0,,,,1,EPOCH-WR,0,RecentScan
par,Write Repair,94,94,RecentScan,14.698833,,94.0,,,,1,EPOCH-WR,0,RecentScan
par,Write Repair,95,95,RecentScan,13.149042,,95.0,,,,1,EPOCH-WR,0,RecentScan
par,Write Repair,96,96,RecentScan,15.080375,,96.0,,,,1,EPOCH-WR,0,RecentScan
par,Write Repair,97,97,MarkTs,0.054584,,97.0,,,,1,EPOCH-WR,0,
par,Write Repair,98,98,Update,0.812917,6.0,,,,,1,EPOCH-WR,0,Update
par,Write Repair,99,99,RecentScan,15.562417,,99.0,,,,1,EPOCH-WR,0,RecentScan
par,Write Repair,100,100,RecentScan,16.838917,,100.0,,,,1,EPOCH-WR,0,RecentScan
par,Write Repair,101,101,RecentScan,16.667292,,101.0,,,,1,EPOCH-WR,0,RecentScan
par,Write Repair,102,102,RecentScan,16.150292,,102.0,,,,1,EPOCH-WR,0,RecentScan
par,Write Repair,103,103,RecentScan,14.581583,,103.0,,,,1,EPOCH-WR,0,RecentScan
par,Write Repair,104,104,MarkTs,0.058332999999999996,,104.0,,,,1,EPOCH-WR,0,
par,Write Repair,105,105,Update,0.852583,6.0,,,,,1,EPOCH-WR,0,Update
par,Write Repair,106,106,RecentScan,14.604875,,106.0,,,,1,EPOCH-WR,0,RecentScan
par,Write Repair,107,107,RecentScan,16.117583,,107.0,,,,1,EPOCH-WR,0,RecentScan
par,Write Repair,108,108,RecentScan,16.034708,,108.0,,,,1,EPOCH-WR,0,RecentScan
par,Write Repair,109,109,RecentScan,14.422,,109.0,,,,1,EPOCH-WR,0,RecentScan
par,Write Repair,110,110,RecentScan,14.935875,,110.0,,,,1,EPOCH-WR,0,RecentScan
par,Write Repair,111,111,MarkTs,0.600542,,111.0,,,,1,EPOCH-WR,0,
par,Write Repair,112,112,Update,0.88025,6.0,,,,,1,EPOCH-WR,0,Update
par,Write Repair,113,113,RecentScan,14.721375,,113.0,,,,1,EPOCH-WR,0,RecentScan
par,Write Repair,114,114,RecentScan,13.3075,,114.0,,,,1,EPOCH-WR,0,RecentScan
par,Write Repair,115,115,RecentScan,14.936458,,115.0,,,,1,EPOCH-WR,0,RecentScan
par,Write Repair,116,116,RecentScan,15.35725,,116.0,,,,1,EPOCH-WR,0,RecentScan
par,Write Repair,117,117,RecentScan,15.151042,,117.0,,,,1,EPOCH-WR,0,RecentScan
par,Write Repair,118,118,MarkTs,0.0475,,118.0,,,,1,EPOCH-WR,0,
par,Write Repair,119,119,Update,0.866417,6.0,,,,,1,EPOCH-WR,0,Update
par,Write Repair,120,120,RecentScan,14.4975,,120.0,,,,1,EPOCH-WR,0,RecentScan
par,Write Repair,121,121,RecentScan,15.039459,,121.0,,,,1,EPOCH-WR,0,RecentScan
par,Write Repair,122,122,RecentScan,14.631584,,122.0,,,,1,EPOCH-WR,0,RecentScan
par,Write Repair,123,123,RecentScan,15.028875,,123.0,,,,1,EPOCH-WR,0,RecentScan
par,Write Repair,124,124,RecentScan,14.73775,,124.0,,,,1,EPOCH-WR,0,RecentScan
par,Write Repair,125,125,MarkTs,0.05325,,125.0,,,,1,EPOCH-WR,0,
par,Write Repair,126,126,Update,0.903,6.0,,,,,1,EPOCH-WR,0,Update
par,Write Repair,127,127,RecentScan,14.442208,,127.0,,,,1,EPOCH-WR,0,RecentScan
par,Write Repair,128,128,RecentScan,15.051708,,128.0,,,,1,EPOCH-WR,0,RecentScan
par,Write Repair,129,129,RecentScan,14.015041,,129.0,,,,1,EPOCH-WR,0,RecentScan
par,Write Repair,130,130,RecentScan,14.461625,,130.0,,,,1,EPOCH-WR,0,RecentScan
par,Write Repair,131,131,RecentScan,14.936291,,131.0,,,,1,EPOCH-WR,0,RecentScan
par,Write Repair,132,132,MarkTs,0.053292,,132.0,,,,1,EPOCH-WR,0,
par,Write Repair,133,133,Update,0.9199160000000001,6.0,,,,,1,EPOCH-WR,0,Update
par,Write Repair,134,134,RecentScan,14.902166,,134.0,,,,1,EPOCH-WR,0,RecentScan
par,Write Repair,135,135,RecentScan,14.8005,,135.0,,,,1,EPOCH-WR,0,RecentScan
par,Write Repair,136,136,RecentScan,14.683375,,136.0,,,,1,EPOCH-WR,0,RecentScan
par,Write Repair,137,137,RecentScan,14.783208,,137.0,,,,1,EPOCH-WR,0,RecentScan
par,Write Repair,138,138,RecentScan,13.781708,,138.0,,,,1,EPOCH-WR,0,RecentScan
par,Write Repair,139,139,MarkTs,0.043,,139.0,,,,1,EPOCH-WR,0,
par,Write Repair,140,140,Update,0.878167,6.0,,,,,1,EPOCH-WR,0,Update
par,Write Repair,0,0,InitLoad,19.363875,60000.0,,,,,0,EPOCH-WR,1,InitLoad
par,Write Repair,1,1,RecentScan,17.123167,,1.0,,,,0,EPOCH-WR,1,RecentScan
par,Write Repair,2,2,RecentScan,16.91625,,2.0,,,,0,EPOCH-WR,1,RecentScan
par,Write Repair,3,3,RecentScan,15.45975,,3.0,,,,0,EPOCH-WR,1,RecentScan
par,Write Repair,4,4,RecentScan,15.508875,,4.0,,,,0,EPOCH-WR,1,RecentScan
par,Write Repair,5,5,RecentScan,14.41575,,5.0,,,,0,EPOCH-WR,1,RecentScan
par,Write Repair,6,6,MarkTs,0.20458400000000002,,6.0,,,,0,EPOCH-WR,1,
par,Write Repair,7,7,Update,1.408875,6.0,,,,,0,EPOCH-WR,1,Update
par,Write Repair,8,8,HistoryScan,16.420167,,6.0,,,,0,EPOCH-WR,1,HistoryScan
par,Write Repair,9,9,RecentScan,13.959709,,9.0,,,,0,EPOCH-WR,1,RecentScan
par,Write Repair,10,10,RecentScan,14.015041,,10.0,,,,0,EPOCH-WR,1,RecentScan
par,Write Repair,11,11,RecentScan,14.495375,,11.0,,,,0,EPOCH-WR,1,RecentScan
par,Write Repair,12,12,RecentScan,14.920291,,12.0,,,,0,EPOCH-WR,1,RecentScan
par,Write Repair,13,13,MarkTs,0.018584,,13.0,,,,0,EPOCH-WR,1,
par,Write Repair,14,14,Update,0.831083,6.0,,,,,0,EPOCH-WR,1,Update
par,Write Repair,15,15,RecentScan,15.27925,,15.0,,,,0,EPOCH-WR,1,RecentScan
par,Write Repair,16,16,RecentScan,15.581834,,16.0,,,,0,EPOCH-WR,1,RecentScan
par,Write Repair,17,17,RecentScan,15.217042,,17.0,,,,0,EPOCH-WR,1,RecentScan
par,Write Repair,18,18,RecentScan,14.268708,,18.0,,,,0,EPOCH-WR,1,RecentScan
par,Write Repair,19,19,RecentScan,16.293167,,19.0,,,,0,EPOCH-WR,1,RecentScan
par,Write Repair,20,20,MarkTs,0.020832999999999997,,20.0,,,,0,EPOCH-WR,1,
par,Write Repair,21,21,Update,0.944333,6.0,,,,,0,EPOCH-WR,1,Update
par,Write Repair,22,22,RecentScan,14.642791,,22.0,,,,0,EPOCH-WR,1,RecentScan
par,Write Repair,23,23,RecentScan,14.56075,,23.0,,,,0,EPOCH-WR,1,RecentScan
par,Write Repair,24,24,RecentScan,13.767875,,24.0,,,,0,EPOCH-WR,1,RecentScan
par,Write Repair,25,25,RecentScan,15.036125,,25.0,,,,0,EPOCH-WR,1,RecentScan
par,Write Repair,26,26,RecentScan,15.409292,,26.0,,,,0,EPOCH-WR,1,RecentScan
par,Write Repair,27,27,MarkTs,0.28558300000000003,,27.0,,,,0,EPOCH-WR,1,
par,Write Repair,28,28,Update,0.835584,6.0,,,,,0,EPOCH-WR,1,Update
par,Write Repair,29,29,RecentScan,16.200708,,29.0,,,,0,EPOCH-WR,1,RecentScan
par,Write Repair,30,30,RecentScan,15.92425,,30.0,,,,0,EPOCH-WR,1,RecentScan
par,Write Repair,31,31,RecentScan,16.183042,,31.0,,,,0,EPOCH-WR,1,RecentScan
par,Write Repair,32,32,RecentScan,15.596916,,32.0,,,,0,EPOCH-WR,1,RecentScan
par,Write Repair,33,33,RecentScan,15.191292,,33.0,,,,0,EPOCH-WR,1,RecentScan
par,Write Repair,34,34,MarkTs,0.04375,,34.0,,,,0,EPOCH-WR,1,
par,Write Repair,35,35,Update,0.888083,6.0,,,,,0,EPOCH-WR,1,Update
par,Write Repair,36,36,RecentScan,15.46975,,36.0,,,,0,EPOCH-WR,1,RecentScan
par,Write Repair,37,37,RecentScan,15.831042,,37.0,,,,0,EPOCH-WR,1,RecentScan
par,Write Repair,38,38,RecentScan,16.162084,,38.0,,,,0,EPOCH-WR,1,RecentScan
par,Write Repair,39,39,RecentScan,15.83875,,39.0,,,,0,EPOCH-WR,1,RecentScan
par,Write Repair,40,40,RecentScan,15.725083,,40.0,,,,0,EPOCH-WR,1,RecentScan
par,Write Repair,41,41,MarkTs,0.042125,,41.0,,,,0,EPOCH-WR,1,
par,Write Repair,42,42,Update,0.825875,6.0,,,,,0,EPOCH-WR,1,Update
par,Write Repair,43,43,RecentScan,14.725583,,43.0,,,,0,EPOCH-WR,1,RecentScan
par,Write Repair,44,44,RecentScan,14.072625,,44.0,,,,0,EPOCH-WR,1,RecentScan
par,Write Repair,45,45,RecentScan,15.665542,,45.0,,,,0,EPOCH-WR,1,RecentScan
par,Write Repair,46,46,RecentScan,16.203416,,46.0,,,,0,EPOCH-WR,1,RecentScan
par,Write Repair,47,47,RecentScan,14.323417,,47.0,,,,0,EPOCH-WR,1,RecentScan
par,Write Repair,48,48,MarkTs,0.04675,,48.0,,,,0,EPOCH-WR,1,
par,Write Repair,49,49,Update,0.8420420000000001,6.0,,,,,0,EPOCH-WR,1,Update
par,Write Repair,50,50,RecentScan,14.638541,,50.0,,,,0,EPOCH-WR,1,RecentScan
par,Write Repair,51,51,RecentScan,15.378125,,51.0,,,,0,EPOCH-WR,1,RecentScan
par,Write Repair,52,52,RecentScan,16.356375,,52.0,,,,0,EPOCH-WR,1,RecentScan
par,Write Repair,53,53,RecentScan,16.234708,,53.0,,,,0,EPOCH-WR,1,RecentScan
par,Write Repair,54,54,RecentScan,15.334292,,54.0,,,,0,EPOCH-WR,1,RecentScan
par,Write Repair,55,55,MarkTs,0.40425,,55.0,,,,0,EPOCH-WR,1,
par,Write Repair,56,56,Update,0.8692089999999999,6.0,,,,,0,EPOCH-WR,1,Update
par,Write Repair,57,57,RecentScan,16.240208,,57.0,,,,0,EPOCH-WR,1,RecentScan
par,Write Repair,58,58,RecentScan,15.043834,,58.0,,,,0,EPOCH-WR,1,RecentScan
par,Write Repair,59,59,RecentScan,16.860375,,59.0,,,,0,EPOCH-WR,1,RecentScan
par,Write Repair,60,60,RecentScan,15.252709,,60.0,,,,0,EPOCH-WR,1,RecentScan
par,Write Repair,61,61,RecentScan,15.136167,,61.0,,,,0,EPOCH-WR,1,RecentScan
par,Write Repair,62,62,MarkTs,0.056083,,62.0,,,,0,EPOCH-WR,1,
par,Write Repair,63,63,Update,0.81975,6.0,,,,,0,EPOCH-WR,1,Update
par,Write Repair,64,64,RecentScan,15.168708,,64.0,,,,0,EPOCH-WR,1,RecentScan
par,Write Repair,65,65,RecentScan,14.995458,,65.0,,,,0,EPOCH-WR,1,RecentScan
par,Write Repair,66,66,RecentScan,15.254708,,66.0,,,,0,EPOCH-WR,1,RecentScan
par,Write Repair,67,67,RecentScan,15.176125,,67.0,,,,0,EPOCH-WR,1,RecentScan
par,Write Repair,68,68,RecentScan,15.279625,,68.0,,,,0,EPOCH-WR,1,RecentScan
par,Write Repair,69,69,MarkTs,0.057875,,69.0,,,,0,EPOCH-WR,1,
par,Write Repair,70,70,Update,0.842625,6.0,,,,,0,EPOCH-WR,1,Update
par,Write Repair,71,71,RecentScan,14.531,,71.0,,,,0,EPOCH-WR,1,RecentScan
par,Write Repair,72,72,RecentScan,14.836958,,72.0,,,,0,EPOCH-WR,1,RecentScan
par,Write Repair,73,73,RecentScan,14.390041,,73.0,,,,0,EPOCH-WR,1,RecentScan
par,Write Repair,74,74,RecentScan,14.468708,,74.0,,,,0,EPOCH-WR,1,RecentScan
par,Write Repair,75,75,RecentScan,15.058792,,75.0,,,,0,EPOCH-WR,1,RecentScan
par,Write Repair,76,76,MarkTs,0.052792,,76.0,,,,0,EPOCH-WR,1,
par,Write Repair,77,77,Update,0.83725,6.0,,,,,0,EPOCH-WR,1,Update
par,Write Repair,78,78,RecentScan,14.646959,,78.0,,,,0,EPOCH-WR,1,RecentScan
par,Write Repair,79,79,RecentScan,14.932709,,79.0,,,,0,EPOCH-WR,1,RecentScan
par,Write Repair,80,80,RecentScan,14.360917,,80.0,,,,0,EPOCH-WR,1,RecentScan
par,Write Repair,81,81,RecentScan,14.127542,,81.0,,,,0,EPOCH-WR,1,RecentScan
par,Write Repair,82,82,RecentScan,15.632083,,82.0,,,,0,EPOCH-WR,1,RecentScan
par,Write Repair,83,83,MarkTs,0.056417,,83.0,,,,0,EPOCH-WR,1,
par,Write Repair,84,84,Update,0.865291,6.0,,,,,0,EPOCH-WR,1,Update
par,Write Repair,85,85,RecentScan,15.56925,,85.0,,,,0,EPOCH-WR,1,RecentScan
par,Write Repair,86,86,RecentScan,14.685792,,86.0,,,,0,EPOCH-WR,1,RecentScan
par,Write Repair,87,87,RecentScan,16.410375,,87.0,,,,0,EPOCH-WR,1,RecentScan
par,Write Repair,88,88,RecentScan,15.407667,,88.0,,,,0,EPOCH-WR,1,RecentScan
par,Write Repair,89,89,RecentScan,15.362458,,89.0,,,,0,EPOCH-WR,1,RecentScan
par,Write Repair,90,90,MarkTs,0.057083,,90.0,,,,0,EPOCH-WR,1,
par,Write Repair,91,91,Update,0.846875,6.0,,,,,0,EPOCH-WR,1,Update
par,Write Repair,92,92,RecentScan,14.954333,,92.0,,,,0,EPOCH-WR,1,RecentScan
par,Write Repair,93,93,RecentScan,15.376709,,93.0,,,,0,EPOCH-WR,1,RecentScan
par,Write Repair,94,94,RecentScan,15.494166,,94.0,,,,0,EPOCH-WR,1,RecentScan
par,Write Repair,95,95,RecentScan,15.007292,,95.0,,,,0,EPOCH-WR,1,RecentScan
par,Write Repair,96,96,RecentScan,14.937209,,96.0,,,,0,EPOCH-WR,1,RecentScan
par,Write Repair,97,97,MarkTs,0.058459000000000004,,97.0,,,,0,EPOCH-WR,1,
par,Write Repair,98,98,Update,0.9335,6.0,,,,,0,EPOCH-WR,1,Update
par,Write Repair,99,99,RecentScan,14.537792,,99.0,,,,0,EPOCH-WR,1,RecentScan
par,Write Repair,100,100,RecentScan,15.63125,,100.0,,,,0,EPOCH-WR,1,RecentScan
par,Write Repair,101,101,RecentScan,14.3675,,101.0,,,,0,EPOCH-WR,1,RecentScan
par,Write Repair,102,102,RecentScan,13.165917,,102.0,,,,0,EPOCH-WR,1,RecentScan
par,Write Repair,103,103,RecentScan,15.357583,,103.0,,,,0,EPOCH-WR,1,RecentScan
par,Write Repair,104,104,MarkTs,0.055583,,104.0,,,,0,EPOCH-WR,1,
par,Write Repair,105,105,Update,0.844834,6.0,,,,,0,EPOCH-WR,1,Update
par,Write Repair,106,106,RecentScan,15.559333,,106.0,,,,0,EPOCH-WR,1,RecentScan
par,Write Repair,107,107,RecentScan,15.260542,,107.0,,,,0,EPOCH-WR,1,RecentScan
par,Write Repair,108,108,RecentScan,15.3115,,108.0,,,,0,EPOCH-WR,1,RecentScan
par,Write Repair,109,109,RecentScan,15.151667,,109.0,,,,0,EPOCH-WR,1,RecentScan
par,Write Repair,110,110,RecentScan,15.102,,110.0,,,,0,EPOCH-WR,1,RecentScan
par,Write Repair,111,111,MarkTs,0.60425,,111.0,,,,0,EPOCH-WR,1,
par,Write Repair,112,112,Update,0.916792,6.0,,,,,0,EPOCH-WR,1,Update
par,Write Repair,113,113,RecentScan,15.25775,,113.0,,,,0,EPOCH-WR,1,RecentScan
par,Write Repair,114,114,RecentScan,15.082542,,114.0,,,,0,EPOCH-WR,1,RecentScan
par,Write Repair,115,115,RecentScan,15.543667,,115.0,,,,0,EPOCH-WR,1,RecentScan
par,Write Repair,116,116,RecentScan,15.186083,,116.0,,,,0,EPOCH-WR,1,RecentScan
par,Write Repair,117,117,RecentScan,15.197917,,117.0,,,,0,EPOCH-WR,1,RecentScan
par,Write Repair,118,118,MarkTs,0.047334,,118.0,,,,0,EPOCH-WR,1,
par,Write Repair,119,119,Update,0.903541,6.0,,,,,0,EPOCH-WR,1,Update
par,Write Repair,120,120,RecentScan,12.799083,,120.0,,,,0,EPOCH-WR,1,RecentScan
par,Write Repair,121,121,RecentScan,15.847833,,121.0,,,,0,EPOCH-WR,1,RecentScan
par,Write Repair,122,122,RecentScan,15.422791,,122.0,,,,0,EPOCH-WR,1,RecentScan
par,Write Repair,123,123,RecentScan,15.419041,,123.0,,,,0,EPOCH-WR,1,RecentScan
par,Write Repair,124,124,RecentScan,15.065375,,124.0,,,,0,EPOCH-WR,1,RecentScan
par,Write Repair,125,125,MarkTs,0.0515,,125.0,,,,0,EPOCH-WR,1,
par,Write Repair,126,126,Update,0.840708,6.0,,,,,0,EPOCH-WR,1,Update
par,Write Repair,127,127,RecentScan,14.73025,,127.0,,,,0,EPOCH-WR,1,RecentScan
par,Write Repair,128,128,RecentScan,15.41925,,128.0,,,,0,EPOCH-WR,1,RecentScan
par,Write Repair,129,129,RecentScan,15.233834,,129.0,,,,0,EPOCH-WR,1,RecentScan
par,Write Repair,130,130,RecentScan,15.40175,,130.0,,,,0,EPOCH-WR,1,RecentScan
par,Write Repair,131,131,RecentScan,15.25625,,131.0,,,,0,EPOCH-WR,1,RecentScan
par,Write Repair,132,132,MarkTs,0.048875,,132.0,,,,0,EPOCH-WR,1,
par,Write Repair,133,133,Update,0.873458,6.0,,,,,0,EPOCH-WR,1,Update
par,Write Repair,134,134,RecentScan,14.001125,,134.0,,,,0,EPOCH-WR,1,RecentScan
par,Write Repair,135,135,RecentScan,13.132292,,135.0,,,,0,EPOCH-WR,1,RecentScan
par,Write Repair,136,136,RecentScan,14.885333,,136.0,,,,0,EPOCH-WR,1,RecentScan
par,Write Repair,137,137,RecentScan,14.702416,,137.0,,,,0,EPOCH-WR,1,RecentScan
par,Write Repair,138,138,RecentScan,13.844209,,138.0,,,,0,EPOCH-WR,1,RecentScan
par,Write Repair,139,139,MarkTs,0.04175,,139.0,,,,0,EPOCH-WR,1,
par,Write Repair,140,140,Update,0.8490420000000001,6.0,,,,,0,EPOCH-WR,1,Update
par,Write Repair,0,0,InitLoad,19.359583,60000.0,,,,,1,EPOCH-WR,1,InitLoad
par,Write Repair,1,1,RecentScan,18.063708,,1.0,,,,1,EPOCH-WR,1,RecentScan
par,Write Repair,2,2,RecentScan,16.699167,,2.0,,,,1,EPOCH-WR,1,RecentScan
par,Write Repair,3,3,RecentScan,15.569083,,3.0,,,,1,EPOCH-WR,1,RecentScan
par,Write Repair,4,4,RecentScan,15.443875,,4.0,,,,1,EPOCH-WR,1,RecentScan
par,Write Repair,5,5,RecentScan,16.299291,,5.0,,,,1,EPOCH-WR,1,RecentScan
par,Write Repair,6,6,MarkTs,0.25525,,6.0,,,,1,EPOCH-WR,1,
par,Write Repair,7,7,Update,1.1685,6.0,,,,,1,EPOCH-WR,1,Update
par,Write Repair,8,8,HistoryScan,15.817375,,6.0,,,,1,EPOCH-WR,1,HistoryScan
par,Write Repair,9,9,RecentScan,15.503459,,9.0,,,,1,EPOCH-WR,1,RecentScan
par,Write Repair,10,10,RecentScan,14.830125,,10.0,,,,1,EPOCH-WR,1,RecentScan
par,Write Repair,11,11,RecentScan,15.656208,,11.0,,,,1,EPOCH-WR,1,RecentScan
par,Write Repair,12,12,RecentScan,16.007541,,12.0,,,,1,EPOCH-WR,1,RecentScan
par,Write Repair,13,13,MarkTs,0.016,,13.0,,,,1,EPOCH-WR,1,
par,Write Repair,14,14,Update,0.856333,6.0,,,,,1,EPOCH-WR,1,Update
par,Write Repair,15,15,RecentScan,16.008334,,15.0,,,,1,EPOCH-WR,1,RecentScan
par,Write Repair,16,16,RecentScan,14.826666,,16.0,,,,1,EPOCH-WR,1,RecentScan
par,Write Repair,17,17,RecentScan,14.35575,,17.0,,,,1,EPOCH-WR,1,RecentScan
par,Write Repair,18,18,RecentScan,16.014834,,18.0,,,,1,EPOCH-WR,1,RecentScan
par,Write Repair,19,19,RecentScan,15.800167,,19.0,,,,1,EPOCH-WR,1,RecentScan
par,Write Repair,20,20,MarkTs,0.01775,,20.0,,,,1,EPOCH-WR,1,
par,Write Repair,21,21,Update,0.859542,6.0,,,,,1,EPOCH-WR,1,Update
par,Write Repair,22,22,RecentScan,13.549541,,22.0,,,,1,EPOCH-WR,1,RecentScan
par,Write Repair,23,23,RecentScan,16.284083,,23.0,,,,1,EPOCH-WR,1,RecentScan
par,Write Repair,24,24,RecentScan,16.366292,,24.0,,,,1,EPOCH-WR,1,RecentScan
par,Write Repair,25,25,RecentScan,15.65275,,25.0,,,,1,EPOCH-WR,1,RecentScan
par,Write Repair,26,26,RecentScan,15.241875,,26.0,,,,1,EPOCH-WR,1,RecentScan
par,Write Repair,27,27,MarkTs,0.216167,,27.0,,,,1,EPOCH-WR,1,
par,Write Repair,28,28,Update,0.875833,6.0,,,,,1,EPOCH-WR,1,Update
par,Write Repair,29,29,RecentScan,16.152875,,29.0,,,,1,EPOCH-WR,1,RecentScan
par,Write Repair,30,30,RecentScan,15.248833,,30.0,,,,1,EPOCH-WR,1,RecentScan
par,Write Repair,31,31,RecentScan,15.875375,,31.0,,,,1,EPOCH-WR,1,RecentScan
par,Write Repair,32,32,RecentScan,15.774583,,32.0,,,,1,EPOCH-WR,1,RecentScan
par,Write Repair,33,33,RecentScan,15.444667,,33.0,,,,1,EPOCH-WR,1,RecentScan
par,Write Repair,34,34,MarkTs,0.043665999999999996,,34.0,,,,1,EPOCH-WR,1,
par,Write Repair,35,35,Update,0.8587079999999999,6.0,,,,,1,EPOCH-WR,1,Update
par,Write Repair,36,36,RecentScan,15.7235,,36.0,,,,1,EPOCH-WR,1,RecentScan
par,Write Repair,37,37,RecentScan,15.083,,37.0,,,,1,EPOCH-WR,1,RecentScan
par,Write Repair,38,38,RecentScan,15.329541,,38.0,,,,1,EPOCH-WR,1,RecentScan
par,Write Repair,39,39,RecentScan,15.506584,,39.0,,,,1,EPOCH-WR,1,RecentScan
par,Write Repair,40,40,RecentScan,14.965833,,40.0,,,,1,EPOCH-WR,1,RecentScan
par,Write Repair,41,41,MarkTs,0.042584000000000004,,41.0,,,,1,EPOCH-WR,1,
par,Write Repair,42,42,Update,0.87875,6.0,,,,,1,EPOCH-WR,1,Update
par,Write Repair,43,43,RecentScan,13.363334,,43.0,,,,1,EPOCH-WR,1,RecentScan
par,Write Repair,44,44,RecentScan,14.785209,,44.0,,,,1,EPOCH-WR,1,RecentScan
par,Write Repair,45,45,RecentScan,15.673083,,45.0,,,,1,EPOCH-WR,1,RecentScan
par,Write Repair,46,46,RecentScan,15.241583,,46.0,,,,1,EPOCH-WR,1,RecentScan
par,Write Repair,47,47,RecentScan,15.064334,,47.0,,,,1,EPOCH-WR,1,RecentScan
par,Write Repair,48,48,MarkTs,0.04175,,48.0,,,,1,EPOCH-WR,1,
par,Write Repair,49,49,Update,0.806083,6.0,,,,,1,EPOCH-WR,1,Update
par,Write Repair,50,50,RecentScan,15.556625,,50.0,,,,1,EPOCH-WR,1,RecentScan
par,Write Repair,51,51,RecentScan,14.853209,,51.0,,,,1,EPOCH-WR,1,RecentScan
par,Write Repair,52,52,RecentScan,15.589833,,52.0,,,,1,EPOCH-WR,1,RecentScan
par,Write Repair,53,53,RecentScan,14.497667,,53.0,,,,1,EPOCH-WR,1,RecentScan
par,Write Repair,54,54,RecentScan,14.539083,,54.0,,,,1,EPOCH-WR,1,RecentScan
par,Write Repair,55,55,MarkTs,0.5467920000000001,,55.0,,,,1,EPOCH-WR,1,
par,Write Repair,56,56,Update,0.831083,6.0,,,,,1,EPOCH-WR,1,Update
par,Write Repair,57,57,RecentScan,13.916291,,57.0,,,,1,EPOCH-WR,1,RecentScan
par,Write Repair,58,58,RecentScan,16.114292,,58.0,,,,1,EPOCH-WR,1,RecentScan
par,Write Repair,59,59,RecentScan,15.711083,,59.0,,,,1,EPOCH-WR,1,RecentScan
par,Write Repair,60,60,RecentScan,14.996959,,60.0,,,,1,EPOCH-WR,1,RecentScan
par,Write Repair,61,61,RecentScan,14.793292,,61.0,,,,1,EPOCH-WR,1,RecentScan
par,Write Repair,62,62,MarkTs,0.055542,,62.0,,,,1,EPOCH-WR,1,
par,Write Repair,63,63,Update,0.844625,6.0,,,,,1,EPOCH-WR,1,Update
par,Write Repair,64,64,RecentScan,16.320333,,64.0,,,,1,EPOCH-WR,1,RecentScan
par,Write Repair,65,65,RecentScan,15.031208,,65.0,,,,1,EPOCH-WR,1,RecentScan
par,Write Repair,66,66,RecentScan,14.872792,,66.0,,,,1,EPOCH-WR,1,RecentScan
par,Write Repair,67,67,RecentScan,16.36975,,67.0,,,,1,EPOCH-WR,1,RecentScan
par,Write Repair,68,68,RecentScan,15.044625,,68.0,,,,1,EPOCH-WR,1,RecentScan
par,Write Repair,69,69,MarkTs,0.05675,,69.0,,,,1,EPOCH-WR,1,
par,Write Repair,70,70,Update,0.855,6.0,,,,,1,EPOCH-WR,1,Update
par,Write Repair,71,71,RecentScan,15.013625,,71.0,,,,1,EPOCH-WR,1,RecentScan
par,Write Repair,72,72,RecentScan,14.648833,,72.0,,,,1,EPOCH-WR,1,RecentScan
par,Write Repair,73,73,RecentScan,15.346833,,73.0,,,,1,EPOCH-WR,1,RecentScan
par,Write Repair,74,74,RecentScan,15.654375,,74.0,,,,1,EPOCH-WR,1,RecentScan
par,Write Repair,75,75,RecentScan,14.493833,,75.0,,,,1,EPOCH-WR,1,RecentScan
par,Write Repair,76,76,MarkTs,0.053917,,76.0,,,,1,EPOCH-WR,1,
par,Write Repair,77,77,Update,0.814125,6.0,,,,,1,EPOCH-WR,1,Update
par,Write Repair,78,78,RecentScan,14.502166,,78.0,,,,1,EPOCH-WR,1,RecentScan
par,Write Repair,79,79,RecentScan,13.859667,,79.0,,,,1,EPOCH-WR,1,RecentScan
par,Write Repair,80,80,RecentScan,16.345584,,80.0,,,,1,EPOCH-WR,1,RecentScan
par,Write Repair,81,81,RecentScan,14.751583,,81.0,,,,1,EPOCH-WR,1,RecentScan
par,Write Repair,82,82,RecentScan,14.928875,,82.0,,,,1,EPOCH-WR,1,RecentScan
par,Write Repair,83,83,MarkTs,0.056,,83.0,,,,1,EPOCH-WR,1,
par,Write Repair,84,84,Update,0.877084,6.0,,,,,1,EPOCH-WR,1,Update
par,Write Repair,85,85,RecentScan,16.177,,85.0,,,,1,EPOCH-WR,1,RecentScan
par,Write Repair,86,86,RecentScan,15.524833,,86.0,,,,1,EPOCH-WR,1,RecentScan
par,Write Repair,87,87,RecentScan,14.84525,,87.0,,,,1,EPOCH-WR,1,RecentScan
par,Write Repair,88,88,RecentScan,15.586583,,88.0,,,,1,EPOCH-WR,1,RecentScan
par,Write Repair,89,89,RecentScan,15.234584,,89.0,,,,1,EPOCH-WR,1,RecentScan
par,Write Repair,90,90,MarkTs,0.0555,,90.0,,,,1,EPOCH-WR,1,
par,Write Repair,91,91,Update,0.916833,6.0,,,,,1,EPOCH-WR,1,Update
par,Write Repair,92,92,RecentScan,14.964459,,92.0,,,,1,EPOCH-WR,1,RecentScan
par,Write Repair,93,93,RecentScan,14.92825,,93.0,,,,1,EPOCH-WR,1,RecentScan
par,Write Repair,94,94,RecentScan,14.101417,,94.0,,,,1,EPOCH-WR,1,RecentScan
par,Write Repair,95,95,RecentScan,14.20125,,95.0,,,,1,EPOCH-WR,1,RecentScan
par,Write Repair,96,96,RecentScan,15.102042,,96.0,,,,1,EPOCH-WR,1,RecentScan
par,Write Repair,97,97,MarkTs,0.05525,,97.0,,,,1,EPOCH-WR,1,
par,Write Repair,98,98,Update,0.845958,6.0,,,,,1,EPOCH-WR,1,Update
par,Write Repair,99,99,RecentScan,15.7475,,99.0,,,,1,EPOCH-WR,1,RecentScan
par,Write Repair,100,100,RecentScan,15.43725,,100.0,,,,1,EPOCH-WR,1,RecentScan
par,Write Repair,101,101,RecentScan,15.546542,,101.0,,,,1,EPOCH-WR,1,RecentScan
par,Write Repair,102,102,RecentScan,14.871875,,102.0,,,,1,EPOCH-WR,1,RecentScan
par,Write Repair,103,103,RecentScan,18.067917,,103.0,,,,1,EPOCH-WR,1,RecentScan
par,Write Repair,104,104,MarkTs,0.060084000000000005,,104.0,,,,1,EPOCH-WR,1,
par,Write Repair,105,105,Update,1.34775,6.0,,,,,1,EPOCH-WR,1,Update
par,Write Repair,106,106,RecentScan,15.131417,,106.0,,,,1,EPOCH-WR,1,RecentScan
par,Write Repair,107,107,RecentScan,15.388875,,107.0,,,,1,EPOCH-WR,1,RecentScan
par,Write Repair,108,108,RecentScan,14.948958,,108.0,,,,1,EPOCH-WR,1,RecentScan
par,Write Repair,109,109,RecentScan,15.726041,,109.0,,,,1,EPOCH-WR,1,RecentScan
par,Write Repair,110,110,RecentScan,15.679875,,110.0,,,,1,EPOCH-WR,1,RecentScan
par,Write Repair,111,111,MarkTs,0.6855829999999999,,111.0,,,,1,EPOCH-WR,1,
par,Write Repair,112,112,Update,0.9129160000000001,6.0,,,,,1,EPOCH-WR,1,Update
par,Write Repair,113,113,RecentScan,15.708333,,113.0,,,,1,EPOCH-WR,1,RecentScan
par,Write Repair,114,114,RecentScan,15.716125,,114.0,,,,1,EPOCH-WR,1,RecentScan
par,Write Repair,115,115,RecentScan,14.735292,,115.0,,,,1,EPOCH-WR,1,RecentScan
par,Write Repair,116,116,RecentScan,14.343834,,116.0,,,,1,EPOCH-WR,1,RecentScan
par,Write Repair,117,117,RecentScan,14.298041,,117.0,,,,1,EPOCH-WR,1,RecentScan
par,Write Repair,118,118,MarkTs,0.072167,,118.0,,,,1,EPOCH-WR,1,
par,Write Repair,119,119,Update,0.9472079999999999,6.0,,,,,1,EPOCH-WR,1,Update
par,Write Repair,120,120,RecentScan,14.16525,,120.0,,,,1,EPOCH-WR,1,RecentScan
par,Write Repair,121,121,RecentScan,14.648208,,121.0,,,,1,EPOCH-WR,1,RecentScan
par,Write Repair,122,122,RecentScan,14.680125,,122.0,,,,1,EPOCH-WR,1,RecentScan
par,Write Repair,123,123,RecentScan,15.165375,,123.0,,,,1,EPOCH-WR,1,RecentScan
par,Write Repair,124,124,RecentScan,15.262333,,124.0,,,,1,EPOCH-WR,1,RecentScan
par,Write Repair,125,125,MarkTs,0.051708,,125.0,,,,1,EPOCH-WR,1,
par,Write Repair,126,126,Update,0.8715,6.0,,,,,1,EPOCH-WR,1,Update
par,Write Repair,127,127,RecentScan,14.338167,,127.0,,,,1,EPOCH-WR,1,RecentScan
par,Write Repair,128,128,RecentScan,14.1295,,128.0,,,,1,EPOCH-WR,1,RecentScan
par,Write Repair,129,129,RecentScan,13.210375,,129.0,,,,1,EPOCH-WR,1,RecentScan
par,Write Repair,130,130,RecentScan,13.774,,130.0,,,,1,EPOCH-WR,1,RecentScan
par,Write Repair,131,131,RecentScan,15.138334,,131.0,,,,1,EPOCH-WR,1,RecentScan
par,Write Repair,132,132,MarkTs,0.052708,,132.0,,,,1,EPOCH-WR,1,
par,Write Repair,133,133,Update,0.890417,6.0,,,,,1,EPOCH-WR,1,Update
par,Write Repair,134,134,RecentScan,15.205125,,134.0,,,,1,EPOCH-WR,1,RecentScan
par,Write Repair,135,135,RecentScan,15.400041,,135.0,,,,1,EPOCH-WR,1,RecentScan
par,Write Repair,136,136,RecentScan,14.499667,,136.0,,,,1,EPOCH-WR,1,RecentScan
par,Write Repair,137,137,RecentScan,14.365209,,137.0,,,,1,EPOCH-WR,1,RecentScan
par,Write Repair,138,138,RecentScan,14.11375,,138.0,,,,1,EPOCH-WR,1,RecentScan
par,Write Repair,139,139,MarkTs,0.043833,,139.0,,,,1,EPOCH-WR,1,
par,Write Repair,140,140,Update,0.860041,6.0,,,,,1,EPOCH-WR,1,Update
par,Write Repair,0,0,InitLoad,19.669875,60000.0,,,,,0,EPOCH-WR,2,InitLoad
par,Write Repair,1,1,RecentScan,19.289042,,1.0,,,,0,EPOCH-WR,2,RecentScan
par,Write Repair,2,2,RecentScan,17.373208,,2.0,,,,0,EPOCH-WR,2,RecentScan
par,Write Repair,3,3,RecentScan,16.026042,,3.0,,,,0,EPOCH-WR,2,RecentScan
par,Write Repair,4,4,RecentScan,16.469959,,4.0,,,,0,EPOCH-WR,2,RecentScan
par,Write Repair,5,5,RecentScan,15.435875,,5.0,,,,0,EPOCH-WR,2,RecentScan
par,Write Repair,6,6,MarkTs,0.193334,,6.0,,,,0,EPOCH-WR,2,
par,Write Repair,7,7,Update,1.294291,6.0,,,,,0,EPOCH-WR,2,Update
par,Write Repair,8,8,HistoryScan,16.497542,,6.0,,,,0,EPOCH-WR,2,HistoryScan
par,Write Repair,9,9,RecentScan,16.439166,,9.0,,,,0,EPOCH-WR,2,RecentScan
par,Write Repair,10,10,RecentScan,16.422083,,10.0,,,,0,EPOCH-WR,2,RecentScan
par,Write Repair,11,11,RecentScan,15.925833,,11.0,,,,0,EPOCH-WR,2,RecentScan
par,Write Repair,12,12,RecentScan,14.745916,,12.0,,,,0,EPOCH-WR,2,RecentScan
par,Write Repair,13,13,MarkTs,0.018833,,13.0,,,,0,EPOCH-WR,2,
par,Write Repair,14,14,Update,0.826958,6.0,,,,,0,EPOCH-WR,2,Update
par,Write Repair,15,15,RecentScan,15.040875,,15.0,,,,0,EPOCH-WR,2,RecentScan
par,Write Repair,16,16,RecentScan,14.945958,,16.0,,,,0,EPOCH-WR,2,RecentScan
par,Write Repair,17,17,RecentScan,16.945041,,17.0,,,,0,EPOCH-WR,2,RecentScan
par,Write Repair,18,18,RecentScan,16.068166,,18.0,,,,0,EPOCH-WR,2,RecentScan
par,Write Repair,19,19,RecentScan,16.635125,,19.0,,,,0,EPOCH-WR,2,RecentScan
par,Write Repair,20,20,MarkTs,0.018291,,20.0,,,,0,EPOCH-WR,2,
par,Write Repair,21,21,Update,0.861541,6.0,,,,,0,EPOCH-WR,2,Update
par,Write Repair,22,22,HistoryScan,16.362792,,20.0,,,,0,EPOCH-WR,2,HistoryScan
par,Write Repair,23,23,RecentScan,16.547375,,23.0,,,,0,EPOCH-WR,2,RecentScan
par,Write Repair,24,24,RecentScan,16.248459,,24.0,,,,0,EPOCH-WR,2,RecentScan
par,Write Repair,25,25,RecentScan,16.79,,25.0,,,,0,EPOCH-WR,2,RecentScan
par,Write Repair,26,26,RecentScan,16.695084,,26.0,,,,0,EPOCH-WR,2,RecentScan
par,Write Repair,27,27,MarkTs,0.274125,,27.0,,,,0,EPOCH-WR,2,
par,Write Repair,28,28,Update,0.817583,6.0,,,,,0,EPOCH-WR,2,Update
par,Write Repair,29,29,RecentScan,15.650125,,29.0,,,,0,EPOCH-WR,2,RecentScan
par,Write Repair,30,30,RecentScan,15.918875,,30.0,,,,0,EPOCH-WR,2,RecentScan
par,Write Repair,31,31,RecentScan,15.738208,,31.0,,,,0,EPOCH-WR,2,RecentScan
par,Write Repair,32,32,RecentScan,15.47575,,32.0,,,,0,EPOCH-WR,2,RecentScan
par,Write Repair,33,33,RecentScan,15.817166,,33.0,,,,0,EPOCH-WR,2,RecentScan
par,Write Repair,34,34,MarkTs,0.0465,,34.0,,,,0,EPOCH-WR,2,
par,Write Repair,35,35,Update,0.822875,6.0,,,,,0,EPOCH-WR,2,Update
par,Write Repair,36,36,RecentScan,14.630166,,36.0,,,,0,EPOCH-WR,2,RecentScan
par,Write Repair,37,37,RecentScan,14.371625,,37.0,,,,0,EPOCH-WR,2,RecentScan
par,Write Repair,38,38,RecentScan,16.221125,,38.0,,,,0,EPOCH-WR,2,RecentScan
par,Write Repair,39,39,RecentScan,16.209584,,39.0,,,,0,EPOCH-WR,2,RecentScan
par,Write Repair,40,40,RecentScan,15.901917,,40.0,,,,0,EPOCH-WR,2,RecentScan
par,Write Repair,41,41,MarkTs,0.044917,,41.0,,,,0,EPOCH-WR,2,
par,Write Repair,42,42,Update,0.852417,6.0,,,,,0,EPOCH-WR,2,Update
par,Write Repair,43,43,RecentScan,15.300292,,43.0,,,,0,EPOCH-WR,2,RecentScan
par,Write Repair,44,44,RecentScan,17.273083,,44.0,,,,0,EPOCH-WR,2,RecentScan
par,Write Repair,45,45,RecentScan,15.769167,,45.0,,,,0,EPOCH-WR,2,RecentScan
par,Write Repair,46,46,RecentScan,15.898375,,46.0,,,,0,EPOCH-WR,2,RecentScan
par,Write Repair,47,47,RecentScan,16.191833,,47.0,,,,0,EPOCH-WR,2,RecentScan
par,Write Repair,48,48,MarkTs,0.046208,,48.0,,,,0,EPOCH-WR,2,
par,Write Repair,49,49,Update,0.818458,6.0,,,,,0,EPOCH-WR,2,Update
par,Write Repair,50,50,RecentScan,15.718333,,50.0,,,,0,EPOCH-WR,2,RecentScan
par,Write Repair,51,51,RecentScan,16.550042,,51.0,,,,0,EPOCH-WR,2,RecentScan
par,Write Repair,52,52,RecentScan,16.733959,,52.0,,,,0,EPOCH-WR,2,RecentScan
par,Write Repair,53,53,RecentScan,15.901,,53.0,,,,0,EPOCH-WR,2,RecentScan
par,Write Repair,54,54,RecentScan,16.61975,,54.0,,,,0,EPOCH-WR,2,RecentScan
par,Write Repair,55,55,MarkTs,0.41945800000000005,,55.0,,,,0,EPOCH-WR,2,
par,Write Repair,56,56,Update,0.8530420000000001,6.0,,,,,0,EPOCH-WR,2,Update
par,Write Repair,57,57,RecentScan,17.704,,57.0,,,,0,EPOCH-WR,2,RecentScan
par,Write Repair,58,58,RecentScan,16.768292,,58.0,,,,0,EPOCH-WR,2,RecentScan
par,Write Repair,59,59,RecentScan,14.757792,,59.0,,,,0,EPOCH-WR,2,RecentScan
par,Write Repair,60,60,RecentScan,15.068667,,60.0,,,,0,EPOCH-WR,2,RecentScan
par,Write Repair,61,61,RecentScan,17.184125,,61.0,,,,0,EPOCH-WR,2,RecentScan
par,Write Repair,62,62,MarkTs,0.056915999999999994,,62.0,,,,0,EPOCH-WR,2,
par,Write Repair,63,63,Update,0.822791,6.0,,,,,0,EPOCH-WR,2,Update
par,Write Repair,64,64,RecentScan,15.070208,,64.0,,,,0,EPOCH-WR,2,RecentScan
par,Write Repair,65,65,RecentScan,14.973583,,65.0,,,,0,EPOCH-WR,2,RecentScan
par,Write Repair,66,66,RecentScan,17.493083,,66.0,,,,0,EPOCH-WR,2,RecentScan
par,Write Repair,67,67,RecentScan,15.218875,,67.0,,,,0,EPOCH-WR,2,RecentScan
par,Write Repair,68,68,RecentScan,17.698416,,68.0,,,,0,EPOCH-WR,2,RecentScan
par,Write Repair,69,69,MarkTs,0.057457999999999995,,69.0,,,,0,EPOCH-WR,2,
par,Write Repair,70,70,Update,0.850875,6.0,,,,,0,EPOCH-WR,2,Update
par,Write Repair,71,71,RecentScan,15.382333,,71.0,,,,0,EPOCH-WR,2,RecentScan
par,Write Repair,72,72,RecentScan,17.542042,,72.0,,,,0,EPOCH-WR,2,RecentScan
par,Write Repair,73,73,RecentScan,15.11275,,73.0,,,,0,EPOCH-WR,2,RecentScan
par,Write Repair,74,74,RecentScan,14.918292,,74.0,,,,0,EPOCH-WR,2,RecentScan
par,Write Repair,75,75,RecentScan,17.464708,,75.0,,,,0,EPOCH-WR,2,RecentScan
par,Write Repair,76,76,MarkTs,0.056208,,76.0,,,,0,EPOCH-WR,2,
par,Write Repair,77,77,Update,0.835125,6.0,,,,,0,EPOCH-WR,2,Update
par,Write Repair,78,78,RecentScan,17.598041,,78.0,,,,0,EPOCH-WR,2,RecentScan
par,Write Repair,79,79,RecentScan,15.151625,,79.0,,,,0,EPOCH-WR,2,RecentScan
par,Write Repair,80,80,RecentScan,15.722167,,80.0,,,,0,EPOCH-WR,2,RecentScan
par,Write Repair,81,81,RecentScan,16.83475,,81.0,,,,0,EPOCH-WR,2,RecentScan
par,Write Repair,82,82,RecentScan,15.319542,,82.0,,,,0,EPOCH-WR,2,RecentScan
par,Write Repair,83,83,MarkTs,0.052833,,83.0,,,,0,EPOCH-WR,2,
par,Write Repair,84,84,Update,0.8627079999999999,6.0,,,,,0,EPOCH-WR,2,Update
par,Write Repair,85,85,RecentScan,18.099375,,85.0,,,,0,EPOCH-WR,2,RecentScan
par,Write Repair,86,86,RecentScan,18.136375,,86.0,,,,0,EPOCH-WR,2,RecentScan
par,Write Repair,87,87,RecentScan,17.137708,,87.0,,,,0,EPOCH-WR,2,RecentScan
par,Write Repair,88,88,RecentScan,15.366667,,88.0,,,,0,EPOCH-WR,2,RecentScan
par,Write Repair,89,89,RecentScan,17.481833,,89.0,,,,0,EPOCH-WR,2,RecentScan
par,Write Repair,90,90,MarkTs,0.054792,,90.0,,,,0,EPOCH-WR,2,
par,Write Repair,91,91,Update,0.822042,6.0,,,,,0,EPOCH-WR,2,Update
par,Write Repair,92,92,RecentScan,15.284708,,92.0,,,,0,EPOCH-WR,2,RecentScan
par,Write Repair,93,93,RecentScan,15.17225,,93.0,,,,0,EPOCH-WR,2,RecentScan
par,Write Repair,94,94,RecentScan,15.083625,,94.0,,,,0,EPOCH-WR,2,RecentScan
par,Write Repair,95,95,RecentScan,16.150708,,95.0,,,,0,EPOCH-WR,2,RecentScan
par,Write Repair,96,96,RecentScan,17.939041,,96.0,,,,0,EPOCH-WR,2,RecentScan
par,Write Repair,97,97,MarkTs,0.056708,,97.0,,,,0,EPOCH-WR,2,
par,Write Repair,98,98,Update,0.8487089999999999,6.0,,,,,0,EPOCH-WR,2,Update
par,Write Repair,99,99,RecentScan,17.8345,,99.0,,,,0,EPOCH-WR,2,RecentScan
par,Write Repair,100,100,RecentScan,16.118542,,100.0,,,,0,EPOCH-WR,2,RecentScan
par,Write Repair,101,101,RecentScan,16.08725,,101.0,,,,0,EPOCH-WR,2,RecentScan
par,Write Repair,102,102,RecentScan,15.141833,,102.0,,,,0,EPOCH-WR,2,RecentScan
par,Write Repair,103,103,RecentScan,16.506791,,103.0,,,,0,EPOCH-WR,2,RecentScan
par,Write Repair,104,104,MarkTs,0.051708,,104.0,,,,0,EPOCH-WR,2,
par,Write Repair,105,105,Update,0.9455,6.0,,,,,0,EPOCH-WR,2,Update
par,Write Repair,106,106,RecentScan,18.043417,,106.0,,,,0,EPOCH-WR,2,RecentScan
par,Write Repair,107,107,RecentScan,16.351334,,107.0,,,,0,EPOCH-WR,2,RecentScan
par,Write Repair,108,108,RecentScan,18.073791,,108.0,,,,0,EPOCH-WR,2,RecentScan
par,Write Repair,109,109,RecentScan,16.290708,,109.0,,,,0,EPOCH-WR,2,RecentScan
par,Write Repair,110,110,RecentScan,16.055708,,110.0,,,,0,EPOCH-WR,2,RecentScan
par,Write Repair,111,111,MarkTs,0.727917,,111.0,,,,0,EPOCH-WR,2,
par,Write Repair,112,112,Update,0.893083,6.0,,,,,0,EPOCH-WR,2,Update
par,Write Repair,113,113,RecentScan,15.085625,,113.0,,,,0,EPOCH-WR,2,RecentScan
par,Write Repair,114,114,RecentScan,14.920333,,114.0,,,,0,EPOCH-WR,2,RecentScan
par,Write Repair,115,115,RecentScan,15.9255,,115.0,,,,0,EPOCH-WR,2,RecentScan
par,Write Repair,116,116,RecentScan,16.075417,,116.0,,,,0,EPOCH-WR,2,RecentScan
par,Write Repair,117,117,RecentScan,14.414584,,117.0,,,,0,EPOCH-WR,2,RecentScan
par,Write Repair,118,118,MarkTs,0.044416,,118.0,,,,0,EPOCH-WR,2,
par,Write Repair,119,119,Update,0.863666,6.0,,,,,0,EPOCH-WR,2,Update
par,Write Repair,120,120,RecentScan,14.802,,120.0,,,,0,EPOCH-WR,2,RecentScan
par,Write Repair,121,121,RecentScan,13.687208,,121.0,,,,0,EPOCH-WR,2,RecentScan
par,Write Repair,122,122,RecentScan,16.105375,,122.0,,,,0,EPOCH-WR,2,RecentScan
par,Write Repair,123,123,RecentScan,14.35925,,123.0,,,,0,EPOCH-WR,2,RecentScan
par,Write Repair,124,124,RecentScan,14.564917,,124.0,,,,0,EPOCH-WR,2,RecentScan
par,Write Repair,125,125,MarkTs,0.049415999999999995,,125.0,,,,0,EPOCH-WR,2,
par,Write Repair,126,126,Update,0.8554579999999999,6.0,,,,,0,EPOCH-WR,2,Update
par,Write Repair,127,127,RecentScan,14.9265,,127.0,,,,0,EPOCH-WR,2,RecentScan
par,Write Repair,128,128,RecentScan,15.087333,,128.0,,,,0,EPOCH-WR,2,RecentScan
par,Write Repair,129,129,RecentScan,15.786083,,129.0,,,,0,EPOCH-WR,2,RecentScan
par,Write Repair,130,130,RecentScan,14.917833,,130.0,,,,0,EPOCH-WR,2,RecentScan
par,Write Repair,131,131,RecentScan,16.244292,,131.0,,,,0,EPOCH-WR,2,RecentScan
par,Write Repair,132,132,MarkTs,0.046666,,132.0,,,,0,EPOCH-WR,2,
par,Write Repair,133,133,Update,0.874709,6.0,,,,,0,EPOCH-WR,2,Update
par,Write Repair,134,134,RecentScan,14.721709,,134.0,,,,0,EPOCH-WR,2,RecentScan
par,Write Repair,135,135,RecentScan,14.627792,,135.0,,,,0,EPOCH-WR,2,RecentScan
par,Write Repair,136,136,RecentScan,15.312584,,136.0,,,,0,EPOCH-WR,2,RecentScan
par,Write Repair,137,137,RecentScan,13.982417,,137.0,,,,0,EPOCH-WR,2,RecentScan
par,Write Repair,138,138,RecentScan,14.657666,,138.0,,,,0,EPOCH-WR,2,RecentScan
par,Write Repair,139,139,MarkTs,0.041582999999999995,,139.0,,,,0,EPOCH-WR,2,
par,Write Repair,140,140,Update,0.889583,6.0,,,,,0,EPOCH-WR,2,Update
par,Write Repair,0,0,InitLoad,19.867417,60000.0,,,,,1,EPOCH-WR,2,InitLoad
par,Write Repair,1,1,RecentScan,16.033917,,1.0,,,,1,EPOCH-WR,2,RecentScan
par,Write Repair,2,2,RecentScan,16.0145,,2.0,,,,1,EPOCH-WR,2,RecentScan
par,Write Repair,3,3,RecentScan,15.747042,,3.0,,,,1,EPOCH-WR,2,RecentScan
par,Write Repair,4,4,RecentScan,15.553583,,4.0,,,,1,EPOCH-WR,2,RecentScan
par,Write Repair,5,5,RecentScan,15.396916,,5.0,,,,1,EPOCH-WR,2,RecentScan
par,Write Repair,6,6,MarkTs,0.222792,,6.0,,,,1,EPOCH-WR,2,
par,Write Repair,7,7,Update,1.222833,6.0,,,,,1,EPOCH-WR,2,Update
par,Write Repair,8,8,HistoryScan,15.111791,,6.0,,,,1,EPOCH-WR,2,HistoryScan
par,Write Repair,9,9,RecentScan,14.964541,,9.0,,,,1,EPOCH-WR,2,RecentScan
par,Write Repair,10,10,RecentScan,15.251708,,10.0,,,,1,EPOCH-WR,2,RecentScan
par,Write Repair,11,11,RecentScan,14.81325,,11.0,,,,1,EPOCH-WR,2,RecentScan
par,Write Repair,12,12,RecentScan,14.444916,,12.0,,,,1,EPOCH-WR,2,RecentScan
par,Write Repair,13,13,MarkTs,0.017959,,13.0,,,,1,EPOCH-WR,2,
par,Write Repair,14,14,Update,0.815125,6.0,,,,,1,EPOCH-WR,2,Update
par,Write Repair,15,15,RecentScan,14.923125,,15.0,,,,1,EPOCH-WR,2,RecentScan
par,Write Repair,16,16,RecentScan,15.185958,,16.0,,,,1,EPOCH-WR,2,RecentScan
par,Write Repair,17,17,RecentScan,13.1055,,17.0,,,,1,EPOCH-WR,2,RecentScan
par,Write Repair,18,18,RecentScan,14.17425,,18.0,,,,1,EPOCH-WR,2,RecentScan
par,Write Repair,19,19,RecentScan,14.855417,,19.0,,,,1,EPOCH-WR,2,RecentScan
par,Write Repair,20,20,MarkTs,0.017625,,20.0,,,,1,EPOCH-WR,2,
par,Write Repair,21,21,Update,0.825416,6.0,,,,,1,EPOCH-WR,2,Update
par,Write Repair,22,22,HistoryScan,15.075334,,20.0,,,,1,EPOCH-WR,2,HistoryScan
par,Write Repair,23,23,RecentScan,14.555,,23.0,,,,1,EPOCH-WR,2,RecentScan
par,Write Repair,24,24,RecentScan,15.093459,,24.0,,,,1,EPOCH-WR,2,RecentScan
par,Write Repair,25,25,RecentScan,14.254,,25.0,,,,1,EPOCH-WR,2,RecentScan
par,Write Repair,26,26,RecentScan,13.729291,,26.0,,,,1,EPOCH-WR,2,RecentScan
par,Write Repair,27,27,MarkTs,0.280375,,27.0,,,,1,EPOCH-WR,2,
par,Write Repair,28,28,Update,0.783208,6.0,,,,,1,EPOCH-WR,2,Update
par,Write Repair,29,29,RecentScan,13.840167,,29.0,,,,1,EPOCH-WR,2,RecentScan
par,Write Repair,30,30,RecentScan,14.047125,,30.0,,,,1,EPOCH-WR,2,RecentScan
par,Write Repair,31,31,RecentScan,15.153458,,31.0,,,,1,EPOCH-WR,2,RecentScan
par,Write Repair,32,32,RecentScan,14.705167,,32.0,,,,1,EPOCH-WR,2,RecentScan
par,Write Repair,33,33,RecentScan,14.431416,,33.0,,,,1,EPOCH-WR,2,RecentScan
par,Write Repair,34,34,MarkTs,0.046042,,34.0,,,,1,EPOCH-WR,2,
par,Write Repair,35,35,Update,0.797917,6.0,,,,,1,EPOCH-WR,2,Update
par,Write Repair,36,36,RecentScan,14.937292,,36.0,,,,1,EPOCH-WR,2,RecentScan
par,Write Repair,37,37,RecentScan,14.82725,,37.0,,,,1,EPOCH-WR,2,RecentScan
par,Write Repair,38,38,RecentScan,14.392375,,38.0,,,,1,EPOCH-WR,2,RecentScan
par,Write Repair,39,39,RecentScan,13.514208,,39.0,,,,1,EPOCH-WR,2,RecentScan
par,Write Repair,40,40,RecentScan,14.615209,,40.0,,,,1,EPOCH-WR,2,RecentScan
par,Write Repair,41,41,MarkTs,0.045833,,41.0,,,,1,EPOCH-WR,2,
par,Write Repair,42,42,Update,0.8470420000000001,6.0,,,,,1,EPOCH-WR,2,Update
par,Write Repair,43,43,RecentScan,14.856458,,43.0,,,,1,EPOCH-WR,2,RecentScan
par,Write Repair,44,44,RecentScan,15.420167,,44.0,,,,1,EPOCH-WR,2,RecentScan
par,Write Repair,45,45,RecentScan,15.619042,,45.0,,,,1,EPOCH-WR,2,RecentScan
par,Write Repair,46,46,RecentScan,15.634209,,46.0,,,,1,EPOCH-WR,2,RecentScan
par,Write Repair,47,47,RecentScan,15.646208,,47.0,,,,1,EPOCH-WR,2,RecentScan
par,Write Repair,48,48,MarkTs,0.043332999999999997,,48.0,,,,1,EPOCH-WR,2,
par,Write Repair,49,49,Update,0.793792,6.0,,,,,1,EPOCH-WR,2,Update
par,Write Repair,50,50,RecentScan,15.721667,,50.0,,,,1,EPOCH-WR,2,RecentScan
par,Write Repair,51,51,RecentScan,15.136208,,51.0,,,,1,EPOCH-WR,2,RecentScan
par,Write Repair,52,52,RecentScan,15.091833,,52.0,,,,1,EPOCH-WR,2,RecentScan
par,Write Repair,53,53,RecentScan,15.79,,53.0,,,,1,EPOCH-WR,2,RecentScan
par,Write Repair,54,54,RecentScan,14.096209,,54.0,,,,1,EPOCH-WR,2,RecentScan
par,Write Repair,55,55,MarkTs,0.560875,,55.0,,,,1,EPOCH-WR,2,
par,Write Repair,56,56,Update,0.8002079999999999,6.0,,,,,1,EPOCH-WR,2,Update
par,Write Repair,57,57,RecentScan,15.742917,,57.0,,,,1,EPOCH-WR,2,RecentScan
par,Write Repair,58,58,RecentScan,13.928791,,58.0,,,,1,EPOCH-WR,2,RecentScan
par,Write Repair,59,59,RecentScan,14.07075,,59.0,,,,1,EPOCH-WR,2,RecentScan
par,Write Repair,60,60,RecentScan,14.99125,,60.0,,,,1,EPOCH-WR,2,RecentScan
par,Write Repair,61,61,RecentScan,16.174208,,61.0,,,,1,EPOCH-WR,2,RecentScan
par,Write Repair,62,62,MarkTs,0.052125,,62.0,,,,1,EPOCH-WR,2,
par,Write Repair,63,63,Update,0.819708,6.0,,,,,1,EPOCH-WR,2,Update
par,Write Repair,64,64,RecentScan,15.30075,,64.0,,,,1,EPOCH-WR,2,RecentScan
par,Write Repair,65,65,RecentScan,15.259333,,65.0,,,,1,EPOCH-WR,2,RecentScan
par,Write Repair,66,66,RecentScan,15.047833,,66.0,,,,1,EPOCH-WR,2,RecentScan
par,Write Repair,67,67,RecentScan,15.122709,,67.0,,,,1,EPOCH-WR,2,RecentScan
par,Write Repair,68,68,RecentScan,15.268958,,68.0,,,,1,EPOCH-WR,2,RecentScan
par,Write Repair,69,69,MarkTs,0.05225,,69.0,,,,1,EPOCH-WR,2,
par,Write Repair,70,70,Update,0.82,6.0,,,,,1,EPOCH-WR,2,Update
par,Write Repair,71,71,RecentScan,14.203667,,71.0,,,,1,EPOCH-WR,2,RecentScan
par,Write Repair,72,72,RecentScan,13.78125,,72.0,,,,1,EPOCH-WR,2,RecentScan
par,Write Repair,73,73,RecentScan,12.913667,,73.0,,,,1,EPOCH-WR,2,RecentScan
par,Write Repair,74,74,RecentScan,15.402333,,74.0,,,,1,EPOCH-WR,2,RecentScan
par,Write Repair,75,75,RecentScan,14.999958,,75.0,,,,1,EPOCH-WR,2,RecentScan
par,Write Repair,76,76,MarkTs,0.055708,,76.0,,,,1,EPOCH-WR,2,
par,Write Repair,77,77,Update,0.80775,6.0,,,,,1,EPOCH-WR,2,Update
par,Write Repair,78,78,RecentScan,16.108459,,78.0,,,,1,EPOCH-WR,2,RecentScan
par,Write Repair,79,79,RecentScan,15.237791,,79.0,,,,1,EPOCH-WR,2,RecentScan
par,Write Repair,80,80,RecentScan,15.017958,,80.0,,,,1,EPOCH-WR,2,RecentScan
par,Write Repair,81,81,RecentScan,15.537416,,81.0,,,,1,EPOCH-WR,2,RecentScan
par,Write Repair,82,82,RecentScan,14.215167,,82.0,,,,1,EPOCH-WR,2,RecentScan
par,Write Repair,83,83,MarkTs,0.053542,,83.0,,,,1,EPOCH-WR,2,
par,Write Repair,84,84,Update,0.880083,6.0,,,,,1,EPOCH-WR,2,Update
par,Write Repair,85,85,RecentScan,15.021375,,85.0,,,,1,EPOCH-WR,2,RecentScan
par,Write Repair,86,86,RecentScan,14.9995,,86.0,,,,1,EPOCH-WR,2,RecentScan
par,Write Repair,87,87,RecentScan,13.577125,,87.0,,,,1,EPOCH-WR,2,RecentScan
par,Write Repair,88,88,RecentScan,15.914834,,88.0,,,,1,EPOCH-WR,2,RecentScan
par,Write Repair,89,89,RecentScan,16.052583,,89.0,,,,1,EPOCH-WR,2,RecentScan
par,Write Repair,90,90,MarkTs,0.056125,,90.0,,,,1,EPOCH-WR,2,
par,Write Repair,91,91,Update,0.869542,6.0,,,,,1,EPOCH-WR,2,Update
par,Write Repair,92,92,RecentScan,14.600417,,92.0,,,,1,EPOCH-WR,2,RecentScan
par,Write Repair,93,93,RecentScan,15.626458,,93.0,,,,1,EPOCH-WR,2,RecentScan
par,Write Repair,94,94,RecentScan,15.856375,,94.0,,,,1,EPOCH-WR,2,RecentScan
par,Write Repair,95,95,RecentScan,15.557958,,95.0,,,,1,EPOCH-WR,2,RecentScan
par,Write Repair,96,96,RecentScan,16.119917,,96.0,,,,1,EPOCH-WR,2,RecentScan
par,Write Repair,97,97,MarkTs,0.054917,,97.0,,,,1,EPOCH-WR,2,
par,Write Repair,98,98,Update,0.838792,6.0,,,,,1,EPOCH-WR,2,Update
par,Write Repair,99,99,RecentScan,15.323416,,99.0,,,,1,EPOCH-WR,2,RecentScan
par,Write Repair,100,100,RecentScan,15.318709,,100.0,,,,1,EPOCH-WR,2,RecentScan
par,Write Repair,101,101,RecentScan,16.715292,,101.0,,,,1,EPOCH-WR,2,RecentScan
par,Write Repair,102,102,RecentScan,15.663417,,102.0,,,,1,EPOCH-WR,2,RecentScan
par,Write Repair,103,103,RecentScan,14.836792,,103.0,,,,1,EPOCH-WR,2,RecentScan
par,Write Repair,104,104,MarkTs,0.057415999999999995,,104.0,,,,1,EPOCH-WR,2,
par,Write Repair,105,105,Update,0.929042,6.0,,,,,1,EPOCH-WR,2,Update
par,Write Repair,106,106,RecentScan,14.794333,,106.0,,,,1,EPOCH-WR,2,RecentScan
par,Write Repair,107,107,RecentScan,14.850542,,107.0,,,,1,EPOCH-WR,2,RecentScan
par,Write Repair,108,108,RecentScan,15.965584,,108.0,,,,1,EPOCH-WR,2,RecentScan
par,Write Repair,109,109,RecentScan,15.693459,,109.0,,,,1,EPOCH-WR,2,RecentScan
par,Write Repair,110,110,RecentScan,13.509375,,110.0,,,,1,EPOCH-WR,2,RecentScan
par,Write Repair,111,111,MarkTs,0.731916,,111.0,,,,1,EPOCH-WR,2,
par,Write Repair,112,112,Update,0.8899170000000001,6.0,,,,,1,EPOCH-WR,2,Update
par,Write Repair,113,113,RecentScan,14.299917,,113.0,,,,1,EPOCH-WR,2,RecentScan
par,Write Repair,114,114,RecentScan,14.801916,,114.0,,,,1,EPOCH-WR,2,RecentScan
par,Write Repair,115,115,RecentScan,15.086,,115.0,,,,1,EPOCH-WR,2,RecentScan
par,Write Repair,116,116,RecentScan,14.65925,,116.0,,,,1,EPOCH-WR,2,RecentScan
par,Write Repair,117,117,RecentScan,15.075833,,117.0,,,,1,EPOCH-WR,2,RecentScan
par,Write Repair,118,118,MarkTs,0.045208,,118.0,,,,1,EPOCH-WR,2,
par,Write Repair,119,119,Update,0.900667,6.0,,,,,1,EPOCH-WR,2,Update
par,Write Repair,120,120,RecentScan,14.929166,,120.0,,,,1,EPOCH-WR,2,RecentScan
par,Write Repair,121,121,RecentScan,14.956708,,121.0,,,,1,EPOCH-WR,2,RecentScan
par,Write Repair,122,122,RecentScan,13.481291,,122.0,,,,1,EPOCH-WR,2,RecentScan
par,Write Repair,123,123,RecentScan,13.817834,,123.0,,,,1,EPOCH-WR,2,RecentScan
par,Write Repair,124,124,RecentScan,15.013125,,124.0,,,,1,EPOCH-WR,2,RecentScan
par,Write Repair,125,125,MarkTs,0.053667,,125.0,,,,1,EPOCH-WR,2,
par,Write Repair,126,126,Update,0.877208,6.0,,,,,1,EPOCH-WR,2,Update
par,Write Repair,127,127,RecentScan,14.335542,,127.0,,,,1,EPOCH-WR,2,RecentScan
par,Write Repair,128,128,RecentScan,14.712667,,128.0,,,,1,EPOCH-WR,2,RecentScan
par,Write Repair,129,129,RecentScan,15.045042,,129.0,,,,1,EPOCH-WR,2,RecentScan
par,Write Repair,130,130,RecentScan,14.552584,,130.0,,,,1,EPOCH-WR,2,RecentScan
par,Write Repair,131,131,RecentScan,14.381084,,131.0,,,,1,EPOCH-WR,2,RecentScan
par,Write Repair,132,132,MarkTs,0.053167,,132.0,,,,1,EPOCH-WR,2,
par,Write Repair,133,133,Update,0.903,6.0,,,,,1,EPOCH-WR,2,Update
par,Write Repair,134,134,RecentScan,15.596958,,134.0,,,,1,EPOCH-WR,2,RecentScan
par,Write Repair,135,135,RecentScan,13.717708,,135.0,,,,1,EPOCH-WR,2,RecentScan
par,Write Repair,136,136,RecentScan,14.723125,,136.0,,,,1,EPOCH-WR,2,RecentScan
par,Write Repair,137,137,RecentScan,14.721708,,137.0,,,,1,EPOCH-WR,2,RecentScan
par,Write Repair,138,138,RecentScan,15.1285,,138.0,,,,1,EPOCH-WR,2,RecentScan
par,Write Repair,139,139,MarkTs,0.044792,,139.0,,,,1,EPOCH-WR,2,
par,Write Repair,140,140,Update,0.8808339999999999,6.0,,,,,1,EPOCH-WR,2,Update
par,Write Repair,0,0,InitLoad,19.630542,60000.0,,,,,0,EPOCH-WR,3,InitLoad
par,Write Repair,1,1,RecentScan,15.909875,,1.0,,,,0,EPOCH-WR,3,RecentScan
par,Write Repair,2,2,RecentScan,14.782042,,2.0,,,,0,EPOCH-WR,3,RecentScan
par,Write Repair,3,3,RecentScan,15.725458,,3.0,,,,0,EPOCH-WR,3,RecentScan
par,Write Repair,4,4,RecentScan,15.62575,,4.0,,,,0,EPOCH-WR,3,RecentScan
par,Write Repair,5,5,RecentScan,15.474,,5.0,,,,0,EPOCH-WR,3,RecentScan
par,Write Repair,6,6,MarkTs,0.244583,,6.0,,,,0,EPOCH-WR,3,
par,Write Repair,7,7,Update,0.8580829999999999,6.0,,,,,0,EPOCH-WR,3,Update
par,Write Repair,8,8,HistoryScan,15.60275,,6.0,,,,0,EPOCH-WR,3,HistoryScan
par,Write Repair,9,9,RecentScan,15.946417,,9.0,,,,0,EPOCH-WR,3,RecentScan
par,Write Repair,10,10,RecentScan,15.050667,,10.0,,,,0,EPOCH-WR,3,RecentScan
par,Write Repair,11,11,RecentScan,15.702333,,11.0,,,,0,EPOCH-WR,3,RecentScan
par,Write Repair,12,12,RecentScan,15.945833,,12.0,,,,0,EPOCH-WR,3,RecentScan
par,Write Repair,13,13,MarkTs,0.018583,,13.0,,,,0,EPOCH-WR,3,
par,Write Repair,14,14,Update,0.835375,6.0,,,,,0,EPOCH-WR,3,Update
par,Write Repair,15,15,RecentScan,15.505458,,15.0,,,,0,EPOCH-WR,3,RecentScan
par,Write Repair,16,16,RecentScan,15.03425,,16.0,,,,0,EPOCH-WR,3,RecentScan
par,Write Repair,17,17,RecentScan,15.844292,,17.0,,,,0,EPOCH-WR,3,RecentScan
par,Write Repair,18,18,RecentScan,15.27075,,18.0,,,,0,EPOCH-WR,3,RecentScan
par,Write Repair,19,19,RecentScan,14.554625,,19.0,,,,0,EPOCH-WR,3,RecentScan
par,Write Repair,20,20,MarkTs,0.017541,,20.0,,,,0,EPOCH-WR,3,
par,Write Repair,21,21,Update,0.835209,6.0,,,,,0,EPOCH-WR,3,Update
par,Write Repair,22,22,HistoryScan,14.372709,,20.0,,,,0,EPOCH-WR,3,HistoryScan
par,Write Repair,23,23,RecentScan,13.290334,,23.0,,,,0,EPOCH-WR,3,RecentScan
par,Write Repair,24,24,RecentScan,15.820917,,24.0,,,,0,EPOCH-WR,3,RecentScan
par,Write Repair,25,25,RecentScan,15.119875,,25.0,,,,0,EPOCH-WR,3,RecentScan
par,Write Repair,26,26,RecentScan,15.852958,,26.0,,,,0,EPOCH-WR,3,RecentScan
par,Write Repair,27,27,MarkTs,0.242291,,27.0,,,,0,EPOCH-WR,3,
par,Write Repair,28,28,Update,0.818083,6.0,,,,,0,EPOCH-WR,3,Update
par,Write Repair,29,29,RecentScan,16.186667,,29.0,,,,0,EPOCH-WR,3,RecentScan
par,Write Repair,30,30,RecentScan,15.177833,,30.0,,,,0,EPOCH-WR,3,RecentScan
par,Write Repair,31,31,RecentScan,14.9285,,31.0,,,,0,EPOCH-WR,3,RecentScan
par,Write Repair,32,32,RecentScan,14.679083,,32.0,,,,0,EPOCH-WR,3,RecentScan
par,Write Repair,33,33,RecentScan,14.815833,,33.0,,,,0,EPOCH-WR,3,RecentScan
par,Write Repair,34,34,MarkTs,0.044125,,34.0,,,,0,EPOCH-WR,3,
par,Write Repair,35,35,Update,0.851375,6.0,,,,,0,EPOCH-WR,3,Update
par,Write Repair,36,36,HistoryScan,14.331333,,34.0,,,,0,EPOCH-WR,3,HistoryScan
par,Write Repair,37,37,RecentScan,14.022583,,37.0,,,,0,EPOCH-WR,3,RecentScan
par,Write Repair,38,38,RecentScan,15.462375,,38.0,,,,0,EPOCH-WR,3,RecentScan
par,Write Repair,39,39,RecentScan,14.074334,,39.0,,,,0,EPOCH-WR,3,RecentScan
par,Write Repair,40,40,RecentScan,14.447625,,40.0,,,,0,EPOCH-WR,3,RecentScan
par,Write Repair,41,41,MarkTs,0.040833,,41.0,,,,0,EPOCH-WR,3,
par,Write Repair,42,42,Update,0.819458,6.0,,,,,0,EPOCH-WR,3,Update
par,Write Repair,43,43,RecentScan,14.470959,,43.0,,,,0,EPOCH-WR,3,RecentScan
par,Write Repair,44,44,RecentScan,15.572959,,44.0,,,,0,EPOCH-WR,3,RecentScan
par,Write Repair,45,45,RecentScan,15.157166,,45.0,,,,0,EPOCH-WR,3,RecentScan
par,Write Repair,46,46,RecentScan,15.892667,,46.0,,,,0,EPOCH-WR,3,RecentScan
par,Write Repair,47,47,RecentScan,14.912709,,47.0,,,,0,EPOCH-WR,3,RecentScan
par,Write Repair,48,48,MarkTs,0.041584,,48.0,,,,0,EPOCH-WR,3,
par,Write Repair,49,49,Update,0.875625,6.0,,,,,0,EPOCH-WR,3,Update
par,Write Repair,50,50,RecentScan,14.683708,,50.0,,,,0,EPOCH-WR,3,RecentScan
par,Write Repair,51,51,RecentScan,14.103125,,51.0,,,,0,EPOCH-WR,3,RecentScan
par,Write Repair,52,52,RecentScan,16.172291,,52.0,,,,0,EPOCH-WR,3,RecentScan
par,Write Repair,53,53,RecentScan,14.443917,,53.0,,,,0,EPOCH-WR,3,RecentScan
par,Write Repair,54,54,RecentScan,15.072125,,54.0,,,,0,EPOCH-WR,3,RecentScan
par,Write Repair,55,55,MarkTs,0.452,,55.0,,,,0,EPOCH-WR,3,
par,Write Repair,56,56,Update,0.898875,6.0,,,,,0,EPOCH-WR,3,Update
par,Write Repair,57,57,RecentScan,16.712333,,57.0,,,,0,EPOCH-WR,3,RecentScan
par,Write Repair,58,58,RecentScan,15.280708,,58.0,,,,0,EPOCH-WR,3,RecentScan
par,Write Repair,59,59,RecentScan,14.840334,,59.0,,,,0,EPOCH-WR,3,RecentScan
par,Write Repair,60,60,RecentScan,14.679584,,60.0,,,,0,EPOCH-WR,3,RecentScan
par,Write Repair,61,61,RecentScan,14.621791,,61.0,,,,0,EPOCH-WR,3,RecentScan
par,Write Repair,62,62,MarkTs,0.052583,,62.0,,,,0,EPOCH-WR,3,
par,Write Repair,63,63,Update,0.819125,6.0,,,,,0,EPOCH-WR,3,Update
par,Write Repair,64,64,RecentScan,14.581416,,64.0,,,,0,EPOCH-WR,3,RecentScan
par,Write Repair,65,65,RecentScan,14.777125,,65.0,,,,0,EPOCH-WR,3,RecentScan
par,Write Repair,66,66,RecentScan,14.183708,,66.0,,,,0,EPOCH-WR,3,RecentScan
par,Write Repair,67,67,RecentScan,14.95225,,67.0,,,,0,EPOCH-WR,3,RecentScan
par,Write Repair,68,68,RecentScan,13.571583,,68.0,,,,0,EPOCH-WR,3,RecentScan
par,Write Repair,69,69,MarkTs,0.053834,,69.0,,,,0,EPOCH-WR,3,
par,Write Repair,70,70,Update,0.840625,6.0,,,,,0,EPOCH-WR,3,Update
par,Write Repair,71,71,RecentScan,14.400833,,71.0,,,,0,EPOCH-WR,3,RecentScan
par,Write Repair,72,72,RecentScan,14.765959,,72.0,,,,0,EPOCH-WR,3,RecentScan
par,Write Repair,73,73,RecentScan,14.817667,,73.0,,,,0,EPOCH-WR,3,RecentScan
par,Write Repair,74,74,RecentScan,16.915916,,74.0,,,,0,EPOCH-WR,3,RecentScan
par,Write Repair,75,75,RecentScan,14.426875,,75.0,,,,0,EPOCH-WR,3,RecentScan
par,Write Repair,76,76,MarkTs,0.055167,,76.0,,,,0,EPOCH-WR,3,
par,Write Repair,77,77,Update,0.8537910000000001,6.0,,,,,0,EPOCH-WR,3,Update
par,Write Repair,78,78,RecentScan,16.9225,,78.0,,,,0,EPOCH-WR,3,RecentScan
par,Write Repair,79,79,RecentScan,14.812625,,79.0,,,,0,EPOCH-WR,3,RecentScan
par,Write Repair,80,80,RecentScan,14.621417,,80.0,,,,0,EPOCH-WR,3,RecentScan
par,Write Repair,81,81,RecentScan,14.033125,,81.0,,,,0,EPOCH-WR,3,RecentScan
par,Write Repair,82,82,RecentScan,14.649708,,82.0,,,,0,EPOCH-WR,3,RecentScan
par,Write Repair,83,83,MarkTs,0.052792,,83.0,,,,0,EPOCH-WR,3,
par,Write Repair,84,84,Update,0.815667,6.0,,,,,0,EPOCH-WR,3,Update
par,Write Repair,85,85,RecentScan,14.250708,,85.0,,,,0,EPOCH-WR,3,RecentScan
par,Write Repair,86,86,RecentScan,15.397625,,86.0,,,,0,EPOCH-WR,3,RecentScan
par,Write Repair,87,87,RecentScan,17.188167,,87.0,,,,0,EPOCH-WR,3,RecentScan
par,Write Repair,88,88,RecentScan,14.965291,,88.0,,,,0,EPOCH-WR,3,RecentScan
par,Write Repair,89,89,RecentScan,14.509542,,89.0,,,,0,EPOCH-WR,3,RecentScan
par,Write Repair,90,90,MarkTs,0.056834,,90.0,,,,0,EPOCH-WR,3,
par,Write Repair,91,91,Update,0.86075,6.0,,,,,0,EPOCH-WR,3,Update
par,Write Repair,92,92,RecentScan,17.050084,,92.0,,,,0,EPOCH-WR,3,RecentScan
par,Write Repair,93,93,RecentScan,16.843208,,93.0,,,,0,EPOCH-WR,3,RecentScan
par,Write Repair,94,94,RecentScan,14.94225,,94.0,,,,0,EPOCH-WR,3,RecentScan
par,Write Repair,95,95,RecentScan,14.440417,,95.0,,,,0,EPOCH-WR,3,RecentScan
par,Write Repair,96,96,RecentScan,14.614,,96.0,,,,0,EPOCH-WR,3,RecentScan
par,Write Repair,97,97,MarkTs,0.052083,,97.0,,,,0,EPOCH-WR,3,
par,Write Repair,98,98,Update,0.8580420000000001,6.0,,,,,0,EPOCH-WR,3,Update
par,Write Repair,99,99,RecentScan,14.278875,,99.0,,,,0,EPOCH-WR,3,RecentScan
par,Write Repair,100,100,RecentScan,13.822042,,100.0,,,,0,EPOCH-WR,3,RecentScan
par,Write Repair,101,101,RecentScan,13.896334,,101.0,,,,0,EPOCH-WR,3,RecentScan
par,Write Repair,102,102,RecentScan,14.817709,,102.0,,,,0,EPOCH-WR,3,RecentScan
par,Write Repair,103,103,RecentScan,14.778958,,103.0,,,,0,EPOCH-WR,3,RecentScan
par,Write Repair,104,104,MarkTs,0.054834,,104.0,,,,0,EPOCH-WR,3,
par,Write Repair,105,105,Update,0.81925,6.0,,,,,0,EPOCH-WR,3,Update
par,Write Repair,106,106,RecentScan,14.92775,,106.0,,,,0,EPOCH-WR,3,RecentScan
par,Write Repair,107,107,RecentScan,15.18325,,107.0,,,,0,EPOCH-WR,3,RecentScan
par,Write Repair,108,108,RecentScan,15.023875,,108.0,,,,0,EPOCH-WR,3,RecentScan
par,Write Repair,109,109,RecentScan,15.347208,,109.0,,,,0,EPOCH-WR,3,RecentScan
par,Write Repair,110,110,RecentScan,14.37125,,110.0,,,,0,EPOCH-WR,3,RecentScan
par,Write Repair,111,111,MarkTs,0.6060829999999999,,111.0,,,,0,EPOCH-WR,3,
par,Write Repair,112,112,Update,0.903083,6.0,,,,,0,EPOCH-WR,3,Update
par,Write Repair,113,113,RecentScan,15.271875,,113.0,,,,0,EPOCH-WR,3,RecentScan
par,Write Repair,114,114,RecentScan,15.471292,,114.0,,,,0,EPOCH-WR,3,RecentScan
par,Write Repair,115,115,RecentScan,13.620917,,115.0,,,,0,EPOCH-WR,3,RecentScan
par,Write Repair,116,116,RecentScan,14.353792,,116.0,,,,0,EPOCH-WR,3,RecentScan
par,Write Repair,117,117,RecentScan,14.229166,,117.0,,,,0,EPOCH-WR,3,RecentScan
par,Write Repair,118,118,MarkTs,0.04625,,118.0,,,,0,EPOCH-WR,3,
par,Write Repair,119,119,Update,0.840542,6.0,,,,,0,EPOCH-WR,3,Update
par,Write Repair,120,120,RecentScan,14.512041,,120.0,,,,0,EPOCH-WR,3,RecentScan
par,Write Repair,121,121,RecentScan,14.678416,,121.0,,,,0,EPOCH-WR,3,RecentScan
par,Write Repair,122,122,RecentScan,14.56075,,122.0,,,,0,EPOCH-WR,3,RecentScan
par,Write Repair,123,123,RecentScan,14.856833,,123.0,,,,0,EPOCH-WR,3,RecentScan
par,Write Repair,124,124,RecentScan,15.050042,,124.0,,,,0,EPOCH-WR,3,RecentScan
par,Write Repair,125,125,MarkTs,0.055459,,125.0,,,,0,EPOCH-WR,3,
par,Write Repair,126,126,Update,0.876084,6.0,,,,,0,EPOCH-WR,3,Update
par,Write Repair,127,127,RecentScan,15.072417,,127.0,,,,0,EPOCH-WR,3,RecentScan
par,Write Repair,128,128,RecentScan,13.187417,,128.0,,,,0,EPOCH-WR,3,RecentScan
par,Write Repair,129,129,RecentScan,14.543167,,129.0,,,,0,EPOCH-WR,3,RecentScan
par,Write Repair,130,130,RecentScan,15.557875,,130.0,,,,0,EPOCH-WR,3,RecentScan
par,Write Repair,131,131,RecentScan,15.140333,,131.0,,,,0,EPOCH-WR,3,RecentScan
par,Write Repair,132,132,MarkTs,0.05175,,132.0,,,,0,EPOCH-WR,3,
par,Write Repair,133,133,Update,0.8935420000000001,6.0,,,,,0,EPOCH-WR,3,Update
par,Write Repair,134,134,RecentScan,14.333042,,134.0,,,,0,EPOCH-WR,3,RecentScan
par,Write Repair,135,135,RecentScan,14.714417,,135.0,,,,0,EPOCH-WR,3,RecentScan
par,Write Repair,136,136,RecentScan,13.889375,,136.0,,,,0,EPOCH-WR,3,RecentScan
par,Write Repair,137,137,RecentScan,13.467667,,137.0,,,,0,EPOCH-WR,3,RecentScan
par,Write Repair,138,138,RecentScan,15.120958,,138.0,,,,0,EPOCH-WR,3,RecentScan
par,Write Repair,139,139,MarkTs,0.043792000000000005,,139.0,,,,0,EPOCH-WR,3,
par,Write Repair,140,140,Update,0.868958,6.0,,,,,0,EPOCH-WR,3,Update
par,Write Repair,0,0,InitLoad,19.325791,60000.0,,,,,1,EPOCH-WR,3,InitLoad
par,Write Repair,1,1,RecentScan,14.937041,,1.0,,,,1,EPOCH-WR,3,RecentScan
par,Write Repair,2,2,RecentScan,14.278625,,2.0,,,,1,EPOCH-WR,3,RecentScan
par,Write Repair,3,3,RecentScan,14.873,,3.0,,,,1,EPOCH-WR,3,RecentScan
par,Write Repair,4,4,RecentScan,15.711542,,4.0,,,,1,EPOCH-WR,3,RecentScan
par,Write Repair,5,5,RecentScan,15.367459,,5.0,,,,1,EPOCH-WR,3,RecentScan
par,Write Repair,6,6,MarkTs,0.19975,,6.0,,,,1,EPOCH-WR,3,
par,Write Repair,7,7,Update,0.879166,6.0,,,,,1,EPOCH-WR,3,Update
par,Write Repair,8,8,HistoryScan,15.706666,,6.0,,,,1,EPOCH-WR,3,HistoryScan
par,Write Repair,9,9,RecentScan,15.4455,,9.0,,,,1,EPOCH-WR,3,RecentScan
par,Write Repair,10,10,RecentScan,15.627792,,10.0,,,,1,EPOCH-WR,3,RecentScan
par,Write Repair,11,11,RecentScan,15.660458,,11.0,,,,1,EPOCH-WR,3,RecentScan
par,Write Repair,12,12,RecentScan,15.101167,,12.0,,,,1,EPOCH-WR,3,RecentScan
par,Write Repair,13,13,MarkTs,0.018375,,13.0,,,,1,EPOCH-WR,3,
par,Write Repair,14,14,Update,0.872417,6.0,,,,,1,EPOCH-WR,3,Update
par,Write Repair,15,15,RecentScan,15.1325,,15.0,,,,1,EPOCH-WR,3,RecentScan
par,Write Repair,16,16,RecentScan,15.516625,,16.0,,,,1,EPOCH-WR,3,RecentScan
par,Write Repair,17,17,RecentScan,13.946167,,17.0,,,,1,EPOCH-WR,3,RecentScan
par,Write Repair,18,18,RecentScan,13.160958,,18.0,,,,1,EPOCH-WR,3,RecentScan
par,Write Repair,19,19,RecentScan,14.954583,,19.0,,,,1,EPOCH-WR,3,RecentScan
par,Write Repair,20,20,MarkTs,0.017875,,20.0,,,,1,EPOCH-WR,3,
par,Write Repair,21,21,Update,0.8420420000000001,6.0,,,,,1,EPOCH-WR,3,Update
par,Write Repair,22,22,HistoryScan,15.104959,,20.0,,,,1,EPOCH-WR,3,HistoryScan
par,Write Repair,23,23,RecentScan,15.141042,,23.0,,,,1,EPOCH-WR,3,RecentScan
par,Write Repair,24,24,RecentScan,15.226625,,24.0,,,,1,EPOCH-WR,3,RecentScan
par,Write Repair,25,25,RecentScan,14.714958,,25.0,,,,1,EPOCH-WR,3,RecentScan
par,Write Repair,26,26,RecentScan,14.854792,,26.0,,,,1,EPOCH-WR,3,RecentScan
par,Write Repair,27,27,MarkTs,0.28066599999999997,,27.0,,,,1,EPOCH-WR,3,
par,Write Repair,28,28,Update,0.8672920000000001,6.0,,,,,1,EPOCH-WR,3,Update
par,Write Repair,29,29,RecentScan,15.263083,,29.0,,,,1,EPOCH-WR,3,RecentScan
par,Write Repair,30,30,RecentScan,15.387375,,30.0,,,,1,EPOCH-WR,3,RecentScan
par,Write Repair,31,31,RecentScan,14.135583,,31.0,,,,1,EPOCH-WR,3,RecentScan
par,Write Repair,32,32,RecentScan,14.883709,,32.0,,,,1,EPOCH-WR,3,RecentScan
par,Write Repair,33,33,RecentScan,14.674667,,33.0,,,,1,EPOCH-WR,3,RecentScan
par,Write Repair,34,34,MarkTs,0.045,,34.0,,,,1,EPOCH-WR,3,
par,Write Repair,35,35,Update,0.779959,6.0,,,,,1,EPOCH-WR,3,Update
par,Write Repair,36,36,HistoryScan,14.417458,,34.0,,,,1,EPOCH-WR,3,HistoryScan
par,Write Repair,37,37,RecentScan,14.87175,,37.0,,,,1,EPOCH-WR,3,RecentScan
par,Write Repair,38,38,RecentScan,15.3415,,38.0,,,,1,EPOCH-WR,3,RecentScan
par,Write Repair,39,39,RecentScan,15.354833,,39.0,,,,1,EPOCH-WR,3,RecentScan
par,Write Repair,40,40,RecentScan,15.264875,,40.0,,,,1,EPOCH-WR,3,RecentScan
par,Write Repair,41,41,MarkTs,0.043958,,41.0,,,,1,EPOCH-WR,3,
par,Write Repair,42,42,Update,0.823625,6.0,,,,,1,EPOCH-WR,3,Update
par,Write Repair,43,43,RecentScan,15.184875,,43.0,,,,1,EPOCH-WR,3,RecentScan
par,Write Repair,44,44,RecentScan,15.083666,,44.0,,,,1,EPOCH-WR,3,RecentScan
par,Write Repair,45,45,RecentScan,14.624542,,45.0,,,,1,EPOCH-WR,3,RecentScan
par,Write Repair,46,46,RecentScan,15.190792,,46.0,,,,1,EPOCH-WR,3,RecentScan
par,Write Repair,47,47,RecentScan,14.529333,,47.0,,,,1,EPOCH-WR,3,RecentScan
par,Write Repair,48,48,MarkTs,0.043875,,48.0,,,,1,EPOCH-WR,3,
par,Write Repair,49,49,Update,0.793625,6.0,,,,,1,EPOCH-WR,3,Update
par,Write Repair,50,50,RecentScan,14.122208,,50.0,,,,1,EPOCH-WR,3,RecentScan
par,Write Repair,51,51,RecentScan,15.260459,,51.0,,,,1,EPOCH-WR,3,RecentScan
par,Write Repair,52,52,RecentScan,15.47,,52.0,,,,1,EPOCH-WR,3,RecentScan
par,Write Repair,53,53,RecentScan,15.001625,,53.0,,,,1,EPOCH-WR,3,RecentScan
par,Write Repair,54,54,RecentScan,14.90775,,54.0,,,,1,EPOCH-WR,3,RecentScan
par,Write Repair,55,55,MarkTs,0.458208,,55.0,,,,1,EPOCH-WR,3,
par,Write Repair,56,56,Update,0.8325,6.0,,,,,1,EPOCH-WR,3,Update
par,Write Repair,57,57,RecentScan,16.469167,,57.0,,,,1,EPOCH-WR,3,RecentScan
par,Write Repair,58,58,RecentScan,16.061333,,58.0,,,,1,EPOCH-WR,3,RecentScan
par,Write Repair,59,59,RecentScan,14.413958,,59.0,,,,1,EPOCH-WR,3,RecentScan
par,Write Repair,60,60,RecentScan,14.876958,,60.0,,,,1,EPOCH-WR,3,RecentScan
par,Write Repair,61,61,RecentScan,14.839625,,61.0,,,,1,EPOCH-WR,3,RecentScan
par,Write Repair,62,62,MarkTs,0.053084000000000006,,62.0,,,,1,EPOCH-WR,3,
par,Write Repair,63,63,Update,0.8038339999999999,6.0,,,,,1,EPOCH-WR,3,Update
par,Write Repair,64,64,RecentScan,13.220792,,64.0,,,,1,EPOCH-WR,3,RecentScan
par,Write Repair,65,65,RecentScan,15.335166,,65.0,,,,1,EPOCH-WR,3,RecentScan
par,Write Repair,66,66,RecentScan,14.655208,,66.0,,,,1,EPOCH-WR,3,RecentScan
par,Write Repair,67,67,RecentScan,15.261417,,67.0,,,,1,EPOCH-WR,3,RecentScan
par,Write Repair,68,68,RecentScan,15.530542,,68.0,,,,1,EPOCH-WR,3,RecentScan
par,Write Repair,69,69,MarkTs,0.054916,,69.0,,,,1,EPOCH-WR,3,
par,Write Repair,70,70,Update,0.846167,6.0,,,,,1,EPOCH-WR,3,Update
par,Write Repair,71,71,RecentScan,15.220834,,71.0,,,,1,EPOCH-WR,3,RecentScan
par,Write Repair,72,72,RecentScan,16.434125,,72.0,,,,1,EPOCH-WR,3,RecentScan
par,Write Repair,73,73,RecentScan,14.764208,,73.0,,,,1,EPOCH-WR,3,RecentScan
par,Write Repair,74,74,RecentScan,16.045666,,74.0,,,,1,EPOCH-WR,3,RecentScan
par,Write Repair,75,75,RecentScan,15.116958,,75.0,,,,1,EPOCH-WR,3,RecentScan
par,Write Repair,76,76,MarkTs,0.054458,,76.0,,,,1,EPOCH-WR,3,
par,Write Repair,77,77,Update,0.895541,6.0,,,,,1,EPOCH-WR,3,Update
par,Write Repair,78,78,RecentScan,15.063958,,78.0,,,,1,EPOCH-WR,3,RecentScan
par,Write Repair,79,79,RecentScan,14.709875,,79.0,,,,1,EPOCH-WR,3,RecentScan
par,Write Repair,80,80,RecentScan,14.885334,,80.0,,,,1,EPOCH-WR,3,RecentScan
par,Write Repair,81,81,RecentScan,12.919875,,81.0,,,,1,EPOCH-WR,3,RecentScan
par,Write Repair,82,82,RecentScan,15.547333,,82.0,,,,1,EPOCH-WR,3,RecentScan
par,Write Repair,83,83,MarkTs,0.053583,,83.0,,,,1,EPOCH-WR,3,
par,Write Repair,84,84,Update,0.835,6.0,,,,,1,EPOCH-WR,3,Update
par,Write Repair,85,85,RecentScan,14.573416,,85.0,,,,1,EPOCH-WR,3,RecentScan
par,Write Repair,86,86,RecentScan,15.433333,,86.0,,,,1,EPOCH-WR,3,RecentScan
par,Write Repair,87,87,RecentScan,15.177875,,87.0,,,,1,EPOCH-WR,3,RecentScan
par,Write Repair,88,88,RecentScan,14.562042,,88.0,,,,1,EPOCH-WR,3,RecentScan
par,Write Repair,89,89,RecentScan,14.299625,,89.0,,,,1,EPOCH-WR,3,RecentScan
par,Write Repair,90,90,MarkTs,0.055917,,90.0,,,,1,EPOCH-WR,3,
par,Write Repair,91,91,Update,0.90375,6.0,,,,,1,EPOCH-WR,3,Update
par,Write Repair,92,92,RecentScan,15.139542,,92.0,,,,1,EPOCH-WR,3,RecentScan
par,Write Repair,93,93,RecentScan,14.953042,,93.0,,,,1,EPOCH-WR,3,RecentScan
par,Write Repair,94,94,RecentScan,15.884375,,94.0,,,,1,EPOCH-WR,3,RecentScan
par,Write Repair,95,95,RecentScan,16.869333,,95.0,,,,1,EPOCH-WR,3,RecentScan
par,Write Repair,96,96,RecentScan,16.796542,,96.0,,,,1,EPOCH-WR,3,RecentScan
par,Write Repair,97,97,MarkTs,0.058292000000000004,,97.0,,,,1,EPOCH-WR,3,
par,Write Repair,98,98,Update,0.8679589999999999,6.0,,,,,1,EPOCH-WR,3,Update
par,Write Repair,99,99,RecentScan,16.324542,,99.0,,,,1,EPOCH-WR,3,RecentScan
par,Write Repair,100,100,RecentScan,14.320042,,100.0,,,,1,EPOCH-WR,3,RecentScan
par,Write Repair,101,101,RecentScan,14.749875,,101.0,,,,1,EPOCH-WR,3,RecentScan
par,Write Repair,102,102,RecentScan,15.141916,,102.0,,,,1,EPOCH-WR,3,RecentScan
par,Write Repair,103,103,RecentScan,16.727166,,103.0,,,,1,EPOCH-WR,3,RecentScan
par,Write Repair,104,104,MarkTs,0.055209,,104.0,,,,1,EPOCH-WR,3,
par,Write Repair,105,105,Update,0.885084,6.0,,,,,1,EPOCH-WR,3,Update
par,Write Repair,106,106,RecentScan,16.294125,,106.0,,,,1,EPOCH-WR,3,RecentScan
par,Write Repair,107,107,RecentScan,16.296375,,107.0,,,,1,EPOCH-WR,3,RecentScan
par,Write Repair,108,108,RecentScan,15.410459,,108.0,,,,1,EPOCH-WR,3,RecentScan
par,Write Repair,109,109,RecentScan,14.647917,,109.0,,,,1,EPOCH-WR,3,RecentScan
par,Write Repair,110,110,RecentScan,15.017833,,110.0,,,,1,EPOCH-WR,3,RecentScan
par,Write Repair,111,111,MarkTs,0.579083,,111.0,,,,1,EPOCH-WR,3,
par,Write Repair,112,112,Update,0.930333,6.0,,,,,1,EPOCH-WR,3,Update
par,Write Repair,113,113,RecentScan,15.703916,,113.0,,,,1,EPOCH-WR,3,RecentScan
par,Write Repair,114,114,RecentScan,15.267958,,114.0,,,,1,EPOCH-WR,3,RecentScan
par,Write Repair,115,115,RecentScan,15.207458,,115.0,,,,1,EPOCH-WR,3,RecentScan
par,Write Repair,116,116,RecentScan,14.566459,,116.0,,,,1,EPOCH-WR,3,RecentScan
par,Write Repair,117,117,RecentScan,14.007292,,117.0,,,,1,EPOCH-WR,3,RecentScan
par,Write Repair,118,118,MarkTs,0.04825,,118.0,,,,1,EPOCH-WR,3,
par,Write Repair,119,119,Update,0.874375,6.0,,,,,1,EPOCH-WR,3,Update
par,Write Repair,120,120,RecentScan,13.464958,,120.0,,,,1,EPOCH-WR,3,RecentScan
par,Write Repair,121,121,RecentScan,15.360791,,121.0,,,,1,EPOCH-WR,3,RecentScan
par,Write Repair,122,122,RecentScan,15.282166,,122.0,,,,1,EPOCH-WR,3,RecentScan
par,Write Repair,123,123,RecentScan,15.48325,,123.0,,,,1,EPOCH-WR,3,RecentScan
par,Write Repair,124,124,RecentScan,15.261292,,124.0,,,,1,EPOCH-WR,3,RecentScan
par,Write Repair,125,125,MarkTs,0.052666,,125.0,,,,1,EPOCH-WR,3,
par,Write Repair,126,126,Update,0.903167,6.0,,,,,1,EPOCH-WR,3,Update
par,Write Repair,127,127,RecentScan,15.106042,,127.0,,,,1,EPOCH-WR,3,RecentScan
par,Write Repair,128,128,RecentScan,15.013875,,128.0,,,,1,EPOCH-WR,3,RecentScan
par,Write Repair,129,129,RecentScan,15.141125,,129.0,,,,1,EPOCH-WR,3,RecentScan
par,Write Repair,130,130,RecentScan,15.010833,,130.0,,,,1,EPOCH-WR,3,RecentScan
par,Write Repair,131,131,RecentScan,15.161916,,131.0,,,,1,EPOCH-WR,3,RecentScan
par,Write Repair,132,132,MarkTs,0.05175,,132.0,,,,1,EPOCH-WR,3,
par,Write Repair,133,133,Update,0.8763329999999999,6.0,,,,,1,EPOCH-WR,3,Update
par,Write Repair,134,134,RecentScan,14.953542,,134.0,,,,1,EPOCH-WR,3,RecentScan
par,Write Repair,135,135,RecentScan,14.909584,,135.0,,,,1,EPOCH-WR,3,RecentScan
par,Write Repair,136,136,RecentScan,13.609375,,136.0,,,,1,EPOCH-WR,3,RecentScan
par,Write Repair,137,137,RecentScan,14.906666,,137.0,,,,1,EPOCH-WR,3,RecentScan
par,Write Repair,138,138,RecentScan,15.190791,,138.0,,,,1,EPOCH-WR,3,RecentScan
par,Write Repair,139,139,MarkTs,0.042957999999999996,,139.0,,,,1,EPOCH-WR,3,
par,Write Repair,140,140,Update,0.884125,6.0,,,,,1,EPOCH-WR,3,Update
par,Write Repair,0,0,InitLoad,19.603709,60000.0,,,,,0,EPOCH-WR,4,InitLoad
par,Write Repair,1,1,RecentScan,14.160792,,1.0,,,,0,EPOCH-WR,4,RecentScan
par,Write Repair,2,2,RecentScan,15.925209,,2.0,,,,0,EPOCH-WR,4,RecentScan
par,Write Repair,3,3,RecentScan,16.097042,,3.0,,,,0,EPOCH-WR,4,RecentScan
par,Write Repair,4,4,RecentScan,15.4525,,4.0,,,,0,EPOCH-WR,4,RecentScan
par,Write Repair,5,5,RecentScan,15.599791,,5.0,,,,0,EPOCH-WR,4,RecentScan
par,Write Repair,6,6,MarkTs,0.210792,,6.0,,,,0,EPOCH-WR,4,
par,Write Repair,7,7,Update,1.170542,6.0,,,,,0,EPOCH-WR,4,Update
par,Write Repair,8,8,HistoryScan,15.353917,,6.0,,,,0,EPOCH-WR,4,HistoryScan
par,Write Repair,9,9,RecentScan,16.108125,,9.0,,,,0,EPOCH-WR,4,RecentScan
par,Write Repair,10,10,RecentScan,15.430291,,10.0,,,,0,EPOCH-WR,4,RecentScan
par,Write Repair,11,11,RecentScan,15.316833,,11.0,,,,0,EPOCH-WR,4,RecentScan
par,Write Repair,12,12,RecentScan,14.817834,,12.0,,,,0,EPOCH-WR,4,RecentScan
par,Write Repair,13,13,MarkTs,0.019167,,13.0,,,,0,EPOCH-WR,4,
par,Write Repair,14,14,Update,0.81825,6.0,,,,,0,EPOCH-WR,4,Update
par,Write Repair,15,15,RecentScan,16.09925,,15.0,,,,0,EPOCH-WR,4,RecentScan
par,Write Repair,16,16,RecentScan,15.153583,,16.0,,,,0,EPOCH-WR,4,RecentScan
par,Write Repair,17,17,RecentScan,15.281791,,17.0,,,,0,EPOCH-WR,4,RecentScan
par,Write Repair,18,18,RecentScan,14.115333,,18.0,,,,0,EPOCH-WR,4,RecentScan
par,Write Repair,19,19,RecentScan,14.617416,,19.0,,,,0,EPOCH-WR,4,RecentScan
par,Write Repair,20,20,MarkTs,0.018167000000000003,,20.0,,,,0,EPOCH-WR,4,
par,Write Repair,21,21,Update,0.82625,6.0,,,,,0,EPOCH-WR,4,Update
par,Write Repair,22,22,HistoryScan,14.326416,,20.0,,,,0,EPOCH-WR,4,HistoryScan
par,Write Repair,23,23,RecentScan,15.857042,,23.0,,,,0,EPOCH-WR,4,RecentScan
par,Write Repair,24,24,RecentScan,16.021334,,24.0,,,,0,EPOCH-WR,4,RecentScan
par,Write Repair,25,25,RecentScan,15.686209,,25.0,,,,0,EPOCH-WR,4,RecentScan
par,Write Repair,26,26,RecentScan,14.837958,,26.0,,,,0,EPOCH-WR,4,RecentScan
par,Write Repair,27,27,MarkTs,0.289875,,27.0,,,,0,EPOCH-WR,4,
par,Write Repair,28,28,Update,0.841875,6.0,,,,,0,EPOCH-WR,4,Update
par,Write Repair,29,29,RecentScan,15.293333,,29.0,,,,0,EPOCH-WR,4,RecentScan
par,Write Repair,30,30,RecentScan,15.724625,,30.0,,,,0,EPOCH-WR,4,RecentScan
par,Write Repair,31,31,RecentScan,15.191084,,31.0,,,,0,EPOCH-WR,4,RecentScan
par,Write Repair,32,32,RecentScan,14.81475,,32.0,,,,0,EPOCH-WR,4,RecentScan
par,Write Repair,33,33,RecentScan,15.285417,,33.0,,,,0,EPOCH-WR,4,RecentScan
par,Write Repair,34,34,MarkTs,0.048333,,34.0,,,,0,EPOCH-WR,4,
par,Write Repair,35,35,Update,0.928875,6.0,,,,,0,EPOCH-WR,4,Update
par,Write Repair,36,36,HistoryScan,15.624,,34.0,,,,0,EPOCH-WR,4,HistoryScan
par,Write Repair,37,37,RecentScan,16.152875,,37.0,,,,0,EPOCH-WR,4,RecentScan
par,Write Repair,38,38,RecentScan,15.528292,,38.0,,,,0,EPOCH-WR,4,RecentScan
par,Write Repair,39,39,RecentScan,15.963709,,39.0,,,,0,EPOCH-WR,4,RecentScan
par,Write Repair,40,40,RecentScan,14.153959,,40.0,,,,0,EPOCH-WR,4,RecentScan
par,Write Repair,41,41,MarkTs,0.04475,,41.0,,,,0,EPOCH-WR,4,
par,Write Repair,42,42,Update,0.848333,6.0,,,,,0,EPOCH-WR,4,Update
par,Write Repair,43,43,RecentScan,15.829833,,43.0,,,,0,EPOCH-WR,4,RecentScan
par,Write Repair,44,44,RecentScan,14.206667,,44.0,,,,0,EPOCH-WR,4,RecentScan
par,Write Repair,45,45,RecentScan,15.405708,,45.0,,,,0,EPOCH-WR,4,RecentScan
par,Write Repair,46,46,RecentScan,16.216667,,46.0,,,,0,EPOCH-WR,4,RecentScan
par,Write Repair,47,47,RecentScan,16.504875,,47.0,,,,0,EPOCH-WR,4,RecentScan
par,Write Repair,48,48,MarkTs,0.044458,,48.0,,,,0,EPOCH-WR,4,
par,Write Repair,49,49,Update,0.860125,6.0,,,,,0,EPOCH-WR,4,Update
par,Write Repair,50,50,HistoryScan,16.208542,,48.0,,,,0,EPOCH-WR,4,HistoryScan
par,Write Repair,51,51,RecentScan,15.470708,,51.0,,,,0,EPOCH-WR,4,RecentScan
par,Write Repair,52,52,RecentScan,15.686333,,52.0,,,,0,EPOCH-WR,4,RecentScan
par,Write Repair,53,53,RecentScan,14.976084,,53.0,,,,0,EPOCH-WR,4,RecentScan
par,Write Repair,54,54,RecentScan,15.573375,,54.0,,,,0,EPOCH-WR,4,RecentScan
par,Write Repair,55,55,MarkTs,0.351291,,55.0,,,,0,EPOCH-WR,4,
par,Write Repair,56,56,Update,0.8365,6.0,,,,,0,EPOCH-WR,4,Update
par,Write Repair,57,57,RecentScan,17.506083,,57.0,,,,0,EPOCH-WR,4,RecentScan
par,Write Repair,58,58,RecentScan,15.013791,,58.0,,,,0,EPOCH-WR,4,RecentScan
par,Write Repair,59,59,RecentScan,14.833917,,59.0,,,,0,EPOCH-WR,4,RecentScan
par,Write Repair,60,60,RecentScan,14.498083,,60.0,,,,0,EPOCH-WR,4,RecentScan
par,Write Repair,61,61,RecentScan,15.001875,,61.0,,,,0,EPOCH-WR,4,RecentScan
par,Write Repair,62,62,MarkTs,0.057290999999999995,,62.0,,,,0,EPOCH-WR,4,
par,Write Repair,63,63,Update,0.8414170000000001,6.0,,,,,0,EPOCH-WR,4,Update
par,Write Repair,64,64,RecentScan,13.9265,,64.0,,,,0,EPOCH-WR,4,RecentScan
par,Write Repair,65,65,RecentScan,14.788042,,65.0,,,,0,EPOCH-WR,4,RecentScan
par,Write Repair,66,66,RecentScan,15.6885,,66.0,,,,0,EPOCH-WR,4,RecentScan
par,Write Repair,67,67,RecentScan,14.619292,,67.0,,,,0,EPOCH-WR,4,RecentScan
par,Write Repair,68,68,RecentScan,14.902375,,68.0,,,,0,EPOCH-WR,4,RecentScan
par,Write Repair,69,69,MarkTs,0.053875,,69.0,,,,0,EPOCH-WR,4,
par,Write Repair,70,70,Update,0.78025,6.0,,,,,0,EPOCH-WR,4,Update
par,Write Repair,71,71,RecentScan,23.753958,,71.0,,,,0,EPOCH-WR,4,RecentScan
par,Write Repair,72,72,RecentScan,22.512,,72.0,,,,0,EPOCH-WR,4,RecentScan
par,Write Repair,73,73,RecentScan,17.519459,,73.0,,,,0,EPOCH-WR,4,RecentScan
par,Write Repair,74,74,RecentScan,15.2445,,74.0,,,,0,EPOCH-WR,4,RecentScan
par,Write Repair,75,75,RecentScan,17.4295,,75.0,,,,0,EPOCH-WR,4,RecentScan
par,Write Repair,76,76,MarkTs,0.054333,,76.0,,,,0,EPOCH-WR,4,
par,Write Repair,77,77,Update,0.957834,6.0,,,,,0,EPOCH-WR,4,Update
par,Write Repair,78,78,RecentScan,17.964042,,78.0,,,,0,EPOCH-WR,4,RecentScan
par,Write Repair,79,79,RecentScan,17.468583,,79.0,,,,0,EPOCH-WR,4,RecentScan
par,Write Repair,80,80,RecentScan,15.846083,,80.0,,,,0,EPOCH-WR,4,RecentScan
par,Write Repair,81,81,RecentScan,16.721042,,81.0,,,,0,EPOCH-WR,4,RecentScan
par,Write Repair,82,82,RecentScan,15.194125,,82.0,,,,0,EPOCH-WR,4,RecentScan
par,Write Repair,83,83,MarkTs,0.057083,,83.0,,,,0,EPOCH-WR,4,
par,Write Repair,84,84,Update,0.990459,6.0,,,,,0,EPOCH-WR,4,Update
par,Write Repair,85,85,RecentScan,17.20325,,85.0,,,,0,EPOCH-WR,4,RecentScan
par,Write Repair,86,86,RecentScan,19.084667,,86.0,,,,0,EPOCH-WR,4,RecentScan
par,Write Repair,87,87,RecentScan,17.83625,,87.0,,,,0,EPOCH-WR,4,RecentScan
par,Write Repair,88,88,RecentScan,16.578792,,88.0,,,,0,EPOCH-WR,4,RecentScan
par,Write Repair,89,89,RecentScan,15.174166,,89.0,,,,0,EPOCH-WR,4,RecentScan
par,Write Repair,90,90,MarkTs,0.057792,,90.0,,,,0,EPOCH-WR,4,
par,Write Repair,91,91,Update,0.864916,6.0,,,,,0,EPOCH-WR,4,Update
par,Write Repair,92,92,RecentScan,14.986625,,92.0,,,,0,EPOCH-WR,4,RecentScan
par,Write Repair,93,93,RecentScan,15.588792,,93.0,,,,0,EPOCH-WR,4,RecentScan
par,Write Repair,94,94,RecentScan,16.931583,,94.0,,,,0,EPOCH-WR,4,RecentScan
par,Write Repair,95,95,RecentScan,15.472625,,95.0,,,,0,EPOCH-WR,4,RecentScan
par,Write Repair,96,96,RecentScan,17.6095,,96.0,,,,0,EPOCH-WR,4,RecentScan
par,Write Repair,97,97,MarkTs,0.055292,,97.0,,,,0,EPOCH-WR,4,
par,Write Repair,98,98,Update,0.872792,6.0,,,,,0,EPOCH-WR,4,Update
par,Write Repair,99,99,RecentScan,17.449167,,99.0,,,,0,EPOCH-WR,4,RecentScan
par,Write Repair,100,100,RecentScan,15.818625,,100.0,,,,0,EPOCH-WR,4,RecentScan
par,Write Repair,101,101,RecentScan,15.799458,,101.0,,,,0,EPOCH-WR,4,RecentScan
par,Write Repair,102,102,RecentScan,17.095625,,102.0,,,,0,EPOCH-WR,4,RecentScan
par,Write Repair,103,103,RecentScan,15.457625,,103.0,,,,0,EPOCH-WR,4,RecentScan
par,Write Repair,104,104,MarkTs,0.06175,,104.0,,,,0,EPOCH-WR,4,
par,Write Repair,105,105,Update,0.9025839999999999,6.0,,,,,0,EPOCH-WR,4,Update
par,Write Repair,106,106,RecentScan,17.299,,106.0,,,,0,EPOCH-WR,4,RecentScan
par,Write Repair,107,107,RecentScan,16.754541,,107.0,,,,0,EPOCH-WR,4,RecentScan
par,Write Repair,108,108,RecentScan,15.178708,,108.0,,,,0,EPOCH-WR,4,RecentScan
par,Write Repair,109,109,RecentScan,15.4395,,109.0,,,,0,EPOCH-WR,4,RecentScan
par,Write Repair,110,110,RecentScan,17.323167,,110.0,,,,0,EPOCH-WR,4,RecentScan
par,Write Repair,111,111,MarkTs,0.611625,,111.0,,,,0,EPOCH-WR,4,
par,Write Repair,112,112,Update,0.904166,6.0,,,,,0,EPOCH-WR,4,Update
par,Write Repair,113,113,RecentScan,16.321166,,113.0,,,,0,EPOCH-WR,4,RecentScan
par,Write Repair,114,114,RecentScan,15.382958,,114.0,,,,0,EPOCH-WR,4,RecentScan
par,Write Repair,115,115,RecentScan,15.070333,,115.0,,,,0,EPOCH-WR,4,RecentScan
par,Write Repair,116,116,RecentScan,15.605042,,116.0,,,,0,EPOCH-WR,4,RecentScan
par,Write Repair,117,117,RecentScan,15.03675,,117.0,,,,0,EPOCH-WR,4,RecentScan
par,Write Repair,118,118,MarkTs,0.043207999999999996,,118.0,,,,0,EPOCH-WR,4,
par,Write Repair,119,119,Update,0.8560829999999999,6.0,,,,,0,EPOCH-WR,4,Update
par,Write Repair,120,120,RecentScan,14.922958,,120.0,,,,0,EPOCH-WR,4,RecentScan
par,Write Repair,121,121,RecentScan,14.91825,,121.0,,,,0,EPOCH-WR,4,RecentScan
par,Write Repair,122,122,RecentScan,16.123625,,122.0,,,,0,EPOCH-WR,4,RecentScan
par,Write Repair,123,123,RecentScan,14.654917,,123.0,,,,0,EPOCH-WR,4,RecentScan
par,Write Repair,124,124,RecentScan,14.720292,,124.0,,,,0,EPOCH-WR,4,RecentScan
par,Write Repair,125,125,MarkTs,0.137542,,125.0,,,,0,EPOCH-WR,4,
par,Write Repair,126,126,Update,0.94575,6.0,,,,,0,EPOCH-WR,4,Update
par,Write Repair,127,127,RecentScan,16.15125,,127.0,,,,0,EPOCH-WR,4,RecentScan
par,Write Repair,128,128,RecentScan,15.077625,,128.0,,,,0,EPOCH-WR,4,RecentScan
par,Write Repair,129,129,RecentScan,15.173458,,129.0,,,,0,EPOCH-WR,4,RecentScan
par,Write Repair,130,130,RecentScan,15.163,,130.0,,,,0,EPOCH-WR,4,RecentScan
par,Write Repair,131,131,RecentScan,15.651292,,131.0,,,,0,EPOCH-WR,4,RecentScan
par,Write Repair,132,132,MarkTs,0.052083,,132.0,,,,0,EPOCH-WR,4,
par,Write Repair,133,133,Update,0.8939170000000001,6.0,,,,,0,EPOCH-WR,4,Update
par,Write Repair,134,134,RecentScan,15.54475,,134.0,,,,0,EPOCH-WR,4,RecentScan
par,Write Repair,135,135,RecentScan,15.609583,,135.0,,,,0,EPOCH-WR,4,RecentScan
par,Write Repair,136,136,RecentScan,15.744542,,136.0,,,,0,EPOCH-WR,4,RecentScan
par,Write Repair,137,137,RecentScan,15.277542,,137.0,,,,0,EPOCH-WR,4,RecentScan
par,Write Repair,138,138,RecentScan,14.609625,,138.0,,,,0,EPOCH-WR,4,RecentScan
par,Write Repair,139,139,MarkTs,0.043209000000000004,,139.0,,,,0,EPOCH-WR,4,
par,Write Repair,140,140,Update,0.95475,6.0,,,,,0,EPOCH-WR,4,Update
par,Write Repair,0,0,InitLoad,19.453208,60000.0,,,,,1,EPOCH-WR,4,InitLoad
par,Write Repair,1,1,RecentScan,16.346,,1.0,,,,1,EPOCH-WR,4,RecentScan
par,Write Repair,2,2,RecentScan,16.388791,,2.0,,,,1,EPOCH-WR,4,RecentScan
par,Write Repair,3,3,RecentScan,15.436834,,3.0,,,,1,EPOCH-WR,4,RecentScan
par,Write Repair,4,4,RecentScan,15.452833,,4.0,,,,1,EPOCH-WR,4,RecentScan
par,Write Repair,5,5,RecentScan,15.480083,,5.0,,,,1,EPOCH-WR,4,RecentScan
par,Write Repair,6,6,MarkTs,0.21820900000000001,,6.0,,,,1,EPOCH-WR,4,
par,Write Repair,7,7,Update,1.207959,6.0,,,,,1,EPOCH-WR,4,Update
par,Write Repair,8,8,HistoryScan,14.52225,,6.0,,,,1,EPOCH-WR,4,HistoryScan
par,Write Repair,9,9,RecentScan,13.907709,,9.0,,,,1,EPOCH-WR,4,RecentScan
par,Write Repair,10,10,RecentScan,16.866542,,10.0,,,,1,EPOCH-WR,4,RecentScan
par,Write Repair,11,11,RecentScan,14.5665,,11.0,,,,1,EPOCH-WR,4,RecentScan
par,Write Repair,12,12,RecentScan,15.354459,,12.0,,,,1,EPOCH-WR,4,RecentScan
par,Write Repair,13,13,MarkTs,0.018167000000000003,,13.0,,,,1,EPOCH-WR,4,
par,Write Repair,14,14,Update,0.8819589999999999,6.0,,,,,1,EPOCH-WR,4,Update
par,Write Repair,15,15,RecentScan,14.921792,,15.0,,,,1,EPOCH-WR,4,RecentScan
par,Write Repair,16,16,RecentScan,16.453625,,16.0,,,,1,EPOCH-WR,4,RecentScan
par,Write Repair,17,17,RecentScan,15.140875,,17.0,,,,1,EPOCH-WR,4,RecentScan
par,Write Repair,18,18,RecentScan,14.973792,,18.0,,,,1,EPOCH-WR,4,RecentScan
par,Write Repair,19,19,RecentScan,15.168416,,19.0,,,,1,EPOCH-WR,4,RecentScan
par,Write Repair,20,20,MarkTs,0.017541,,20.0,,,,1,EPOCH-WR,4,
par,Write Repair,21,21,Update,0.82675,6.0,,,,,1,EPOCH-WR,4,Update
par,Write Repair,22,22,HistoryScan,14.64025,,20.0,,,,1,EPOCH-WR,4,HistoryScan
par,Write Repair,23,23,RecentScan,13.979292,,23.0,,,,1,EPOCH-WR,4,RecentScan
par,Write Repair,24,24,RecentScan,14.517,,24.0,,,,1,EPOCH-WR,4,RecentScan
par,Write Repair,25,25,RecentScan,13.304875,,25.0,,,,1,EPOCH-WR,4,RecentScan
par,Write Repair,26,26,RecentScan,16.035417,,26.0,,,,1,EPOCH-WR,4,RecentScan
par,Write Repair,27,27,MarkTs,0.223208,,27.0,,,,1,EPOCH-WR,4,
par,Write Repair,28,28,Update,1.002084,6.0,,,,,1,EPOCH-WR,4,Update
par,Write Repair,29,29,RecentScan,16.262458,,29.0,,,,1,EPOCH-WR,4,RecentScan
par,Write Repair,30,30,RecentScan,14.427166,,30.0,,,,1,EPOCH-WR,4,RecentScan
par,Write Repair,31,31,RecentScan,16.597834,,31.0,,,,1,EPOCH-WR,4,RecentScan
par,Write Repair,32,32,RecentScan,16.092792,,32.0,,,,1,EPOCH-WR,4,RecentScan
par,Write Repair,33,33,RecentScan,14.685333,,33.0,,,,1,EPOCH-WR,4,RecentScan
par,Write Repair,34,34,MarkTs,0.045541,,34.0,,,,1,EPOCH-WR,4,
par,Write Repair,35,35,Update,0.846583,6.0,,,,,1,EPOCH-WR,4,Update
par,Write Repair,36,36,HistoryScan,15.041541,,34.0,,,,1,EPOCH-WR,4,HistoryScan
par,Write Repair,37,37,RecentScan,15.239875,,37.0,,,,1,EPOCH-WR,4,RecentScan
par,Write Repair,38,38,RecentScan,15.505667,,38.0,,,,1,EPOCH-WR,4,RecentScan
par,Write Repair,39,39,RecentScan,14.639833,,39.0,,,,1,EPOCH-WR,4,RecentScan
par,Write Repair,40,40,RecentScan,15.090209,,40.0,,,,1,EPOCH-WR,4,RecentScan
par,Write Repair,41,41,MarkTs,0.041165999999999994,,41.0,,,,1,EPOCH-WR,4,
par,Write Repair,42,42,Update,0.869459,6.0,,,,,1,EPOCH-WR,4,Update
par,Write Repair,43,43,RecentScan,15.346125,,43.0,,,,1,EPOCH-WR,4,RecentScan
par,Write Repair,44,44,RecentScan,16.491625,,44.0,,,,1,EPOCH-WR,4,RecentScan
par,Write Repair,45,45,RecentScan,15.232875,,45.0,,,,1,EPOCH-WR,4,RecentScan
par,Write Repair,46,46,RecentScan,14.910875,,46.0,,,,1,EPOCH-WR,4,RecentScan
par,Write Repair,47,47,RecentScan,14.077875,,47.0,,,,1,EPOCH-WR,4,RecentScan
par,Write Repair,48,48,MarkTs,0.04175,,48.0,,,,1,EPOCH-WR,4,
par,Write Repair,49,49,Update,0.865666,6.0,,,,,1,EPOCH-WR,4,Update
par,Write Repair,50,50,HistoryScan,17.005042,,48.0,,,,1,EPOCH-WR,4,HistoryScan
par,Write Repair,51,51,RecentScan,15.25425,,51.0,,,,1,EPOCH-WR,4,RecentScan
par,Write Repair,52,52,RecentScan,14.852709,,52.0,,,,1,EPOCH-WR,4,RecentScan
par,Write Repair,53,53,RecentScan,15.430875,,53.0,,,,1,EPOCH-WR,4,RecentScan
par,Write Repair,54,54,RecentScan,15.055334,,54.0,,,,1,EPOCH-WR,4,RecentScan
par,Write Repair,55,55,MarkTs,0.242167,,55.0,,,,1,EPOCH-WR,4,
par,Write Repair,56,56,Update,0.8423339999999999,6.0,,,,,1,EPOCH-WR,4,Update
par,Write Repair,57,57,RecentScan,17.645084,,57.0,,,,1,EPOCH-WR,4,RecentScan
par,Write Repair,58,58,RecentScan,17.311125,,58.0,,,,1,EPOCH-WR,4,RecentScan
par,Write Repair,59,59,RecentScan,14.926459,,59.0,,,,1,EPOCH-WR,4,RecentScan
par,Write Repair,60,60,RecentScan,14.597584,,60.0,,,,1,EPOCH-WR,4,RecentScan
par,Write Repair,61,61,RecentScan,16.992792,,61.0,,,,1,EPOCH-WR,4,RecentScan
par,Write Repair,62,62,MarkTs,0.058290999999999996,,62.0,,,,1,EPOCH-WR,4,
par,Write Repair,63,63,Update,0.8095829999999999,6.0,,,,,1,EPOCH-WR,4,Update
par,Write Repair,64,64,RecentScan,14.322792,,64.0,,,,1,EPOCH-WR,4,RecentScan
par,Write Repair,65,65,RecentScan,14.44625,,65.0,,,,1,EPOCH-WR,4,RecentScan
par,Write Repair,66,66,RecentScan,17.09575,,66.0,,,,1,EPOCH-WR,4,RecentScan
par,Write Repair,67,67,RecentScan,15.105667,,67.0,,,,1,EPOCH-WR,4,RecentScan
par,Write Repair,68,68,RecentScan,15.344708,,68.0,,,,1,EPOCH-WR,4,RecentScan
par,Write Repair,69,69,MarkTs,0.063917,,69.0,,,,1,EPOCH-WR,4,
par,Write Repair,70,70,Update,0.816917,6.0,,,,,1,EPOCH-WR,4,Update
par,Write Repair,71,71,RecentScan,14.652542,,71.0,,,,1,EPOCH-WR,4,RecentScan
par,Write Repair,72,72,RecentScan,13.643292,,72.0,,,,1,EPOCH-WR,4,RecentScan
par,Write Repair,73,73,RecentScan,15.314583,,73.0,,,,1,EPOCH-WR,4,RecentScan
par,Write Repair,74,74,RecentScan,18.617666,,74.0,,,,1,EPOCH-WR,4,RecentScan
par,Write Repair,75,75,RecentScan,15.609459,,75.0,,,,1,EPOCH-WR,4,RecentScan
par,Write Repair,76,76,MarkTs,0.058540999999999996,,76.0,,,,1,EPOCH-WR,4,
par,Write Repair,77,77,Update,0.853917,6.0,,,,,1,EPOCH-WR,4,Update
par,Write Repair,78,78,RecentScan,14.656125,,78.0,,,,1,EPOCH-WR,4,RecentScan
par,Write Repair,79,79,RecentScan,18.724625,,79.0,,,,1,EPOCH-WR,4,RecentScan
par,Write Repair,80,80,RecentScan,14.553666,,80.0,,,,1,EPOCH-WR,4,RecentScan
par,Write Repair,81,81,RecentScan,18.545958,,81.0,,,,1,EPOCH-WR,4,RecentScan
par,Write Repair,82,82,RecentScan,15.625458,,82.0,,,,1,EPOCH-WR,4,RecentScan
par,Write Repair,83,83,MarkTs,0.05125,,83.0,,,,1,EPOCH-WR,4,
par,Write Repair,84,84,Update,0.999375,6.0,,,,,1,EPOCH-WR,4,Update
par,Write Repair,85,85,RecentScan,15.860875,,85.0,,,,1,EPOCH-WR,4,RecentScan
par,Write Repair,86,86,RecentScan,15.312416,,86.0,,,,1,EPOCH-WR,4,RecentScan
par,Write Repair,87,87,RecentScan,15.433208,,87.0,,,,1,EPOCH-WR,4,RecentScan
par,Write Repair,88,88,RecentScan,17.477375,,88.0,,,,1,EPOCH-WR,4,RecentScan
par,Write Repair,89,89,RecentScan,14.812708,,89.0,,,,1,EPOCH-WR,4,RecentScan
par,Write Repair,90,90,MarkTs,0.059042000000000004,,90.0,,,,1,EPOCH-WR,4,
par,Write Repair,91,91,Update,0.838958,6.0,,,,,1,EPOCH-WR,4,Update
par,Write Repair,92,92,RecentScan,17.092541,,92.0,,,,1,EPOCH-WR,4,RecentScan
par,Write Repair,93,93,RecentScan,14.896542,,93.0,,,,1,EPOCH-WR,4,RecentScan
par,Write Repair,94,94,RecentScan,17.1755,,94.0,,,,1,EPOCH-WR,4,RecentScan
par,Write Repair,95,95,RecentScan,14.587833,,95.0,,,,1,EPOCH-WR,4,RecentScan
par,Write Repair,96,96,RecentScan,14.682708,,96.0,,,,1,EPOCH-WR,4,RecentScan
par,Write Repair,97,97,MarkTs,0.0585,,97.0,,,,1,EPOCH-WR,4,
par,Write Repair,98,98,Update,0.838083,6.0,,,,,1,EPOCH-WR,4,Update
par,Write Repair,99,99,RecentScan,15.044334,,99.0,,,,1,EPOCH-WR,4,RecentScan
par,Write Repair,100,100,RecentScan,14.907833,,100.0,,,,1,EPOCH-WR,4,RecentScan
par,Write Repair,101,101,RecentScan,16.19925,,101.0,,,,1,EPOCH-WR,4,RecentScan
par,Write Repair,102,102,RecentScan,14.69625,,102.0,,,,1,EPOCH-WR,4,RecentScan
par,Write Repair,103,103,RecentScan,14.792375,,103.0,,,,1,EPOCH-WR,4,RecentScan
par,Write Repair,104,104,MarkTs,0.057083,,104.0,,,,1,EPOCH-WR,4,
par,Write Repair,105,105,Update,0.8445410000000001,6.0,,,,,1,EPOCH-WR,4,Update
par,Write Repair,106,106,RecentScan,14.648917,,106.0,,,,1,EPOCH-WR,4,RecentScan
par,Write Repair,107,107,RecentScan,15.727541,,107.0,,,,1,EPOCH-WR,4,RecentScan
par,Write Repair,108,108,RecentScan,14.846791,,108.0,,,,1,EPOCH-WR,4,RecentScan
par,Write Repair,109,109,RecentScan,15.546333,,109.0,,,,1,EPOCH-WR,4,RecentScan
par,Write Repair,110,110,RecentScan,14.939292,,110.0,,,,1,EPOCH-WR,4,RecentScan
par,Write Repair,111,111,MarkTs,0.63925,,111.0,,,,1,EPOCH-WR,4,
par,Write Repair,112,112,Update,0.923334,6.0,,,,,1,EPOCH-WR,4,Update
par,Write Repair,113,113,RecentScan,15.110417,,113.0,,,,1,EPOCH-WR,4,RecentScan
par,Write Repair,114,114,RecentScan,15.531916,,114.0,,,,1,EPOCH-WR,4,RecentScan
par,Write Repair,115,115,RecentScan,15.376917,,115.0,,,,1,EPOCH-WR,4,RecentScan
par,Write Repair,116,116,RecentScan,15.126375,,116.0,,,,1,EPOCH-WR,4,RecentScan
par,Write Repair,117,117,RecentScan,15.012917,,117.0,,,,1,EPOCH-WR,4,RecentScan
par,Write Repair,118,118,MarkTs,0.049040999999999994,,118.0,,,,1,EPOCH-WR,4,
par,Write Repair,119,119,Update,0.974833,6.0,,,,,1,EPOCH-WR,4,Update
par,Write Repair,120,120,RecentScan,15.473458,,120.0,,,,1,EPOCH-WR,4,RecentScan
par,Write Repair,121,121,RecentScan,15.11525,,121.0,,,,1,EPOCH-WR,4,RecentScan
par,Write Repair,122,122,RecentScan,14.855917,,122.0,,,,1,EPOCH-WR,4,RecentScan
par,Write Repair,123,123,RecentScan,13.724625,,123.0,,,,1,EPOCH-WR,4,RecentScan
par,Write Repair,124,124,RecentScan,14.555708,,124.0,,,,1,EPOCH-WR,4,RecentScan
par,Write Repair,125,125,MarkTs,0.050957999999999996,,125.0,,,,1,EPOCH-WR,4,
par,Write Repair,126,126,Update,0.861875,6.0,,,,,1,EPOCH-WR,4,Update
par,Write Repair,127,127,RecentScan,14.246375,,127.0,,,,1,EPOCH-WR,4,RecentScan
par,Write Repair,128,128,RecentScan,14.791916,,128.0,,,,1,EPOCH-WR,4,RecentScan
par,Write Repair,129,129,RecentScan,14.417083,,129.0,,,,1,EPOCH-WR,4,RecentScan
par,Write Repair,130,130,RecentScan,14.62275,,130.0,,,,1,EPOCH-WR,4,RecentScan
par,Write Repair,131,131,RecentScan,15.02175,,131.0,,,,1,EPOCH-WR,4,RecentScan
par,Write Repair,132,132,MarkTs,0.052042000000000005,,132.0,,,,1,EPOCH-WR,4,
par,Write Repair,133,133,Update,0.9475,6.0,,,,,1,EPOCH-WR,4,Update
par,Write Repair,134,134,RecentScan,14.829166,,134.0,,,,1,EPOCH-WR,4,RecentScan
par,Write Repair,135,135,RecentScan,13.227209,,135.0,,,,1,EPOCH-WR,4,RecentScan
par,Write Repair,136,136,RecentScan,14.7265,,136.0,,,,1,EPOCH-WR,4,RecentScan
par,Write Repair,137,137,RecentScan,15.075625,,137.0,,,,1,EPOCH-WR,4,RecentScan
par,Write Repair,138,138,RecentScan,14.429917,,138.0,,,,1,EPOCH-WR,4,RecentScan
par,Write Repair,139,139,MarkTs,0.043292000000000004,,139.0,,,,1,EPOCH-WR,4,
par,Write Repair,140,140,Update,0.847792,6.0,,,,,1,EPOCH-WR,4,Update
par,Write Repair,0,0,InitLoad,18.972292,60000.0,,,,,0,EPOCH-WR,5,InitLoad
par,Write Repair,1,1,RecentScan,14.625458,,1.0,,,,0,EPOCH-WR,5,RecentScan
par,Write Repair,2,2,RecentScan,14.993542,,2.0,,,,0,EPOCH-WR,5,RecentScan
par,Write Repair,3,3,RecentScan,15.771416,,3.0,,,,0,EPOCH-WR,5,RecentScan
par,Write Repair,4,4,RecentScan,15.783125,,4.0,,,,0,EPOCH-WR,5,RecentScan
par,Write Repair,5,5,RecentScan,15.67775,,5.0,,,,0,EPOCH-WR,5,RecentScan
par,Write Repair,6,6,MarkTs,0.219833,,6.0,,,,0,EPOCH-WR,5,
par,Write Repair,7,7,Update,1.153375,6.0,,,,,0,EPOCH-WR,5,Update
par,Write Repair,8,8,HistoryScan,16.041,,6.0,,,,0,EPOCH-WR,5,HistoryScan
par,Write Repair,9,9,RecentScan,15.492083,,9.0,,,,0,EPOCH-WR,5,RecentScan
par,Write Repair,10,10,RecentScan,15.602625,,10.0,,,,0,EPOCH-WR,5,RecentScan
par,Write Repair,11,11,RecentScan,15.765333,,11.0,,,,0,EPOCH-WR,5,RecentScan
par,Write Repair,12,12,RecentScan,15.332333,,12.0,,,,0,EPOCH-WR,5,RecentScan
par,Write Repair,13,13,MarkTs,0.018,,13.0,,,,0,EPOCH-WR,5,
par,Write Repair,14,14,Update,0.8159160000000001,6.0,,,,,0,EPOCH-WR,5,Update
par,Write Repair,15,15,RecentScan,15.106458,,15.0,,,,0,EPOCH-WR,5,RecentScan
par,Write Repair,16,16,RecentScan,15.00325,,16.0,,,,0,EPOCH-WR,5,RecentScan
par,Write Repair,17,17,RecentScan,14.956292,,17.0,,,,0,EPOCH-WR,5,RecentScan
par,Write Repair,18,18,RecentScan,14.92175,,18.0,,,,0,EPOCH-WR,5,RecentScan
par,Write Repair,19,19,RecentScan,15.644583,,19.0,,,,0,EPOCH-WR,5,RecentScan
par,Write Repair,20,20,MarkTs,0.0175,,20.0,,,,0,EPOCH-WR,5,
par,Write Repair,21,21,Update,0.849375,6.0,,,,,0,EPOCH-WR,5,Update
par,Write Repair,22,22,HistoryScan,13.161791,,20.0,,,,0,EPOCH-WR,5,HistoryScan
par,Write Repair,23,23,RecentScan,15.048209,,23.0,,,,0,EPOCH-WR,5,RecentScan
par,Write Repair,24,24,RecentScan,15.595208,,24.0,,,,0,EPOCH-WR,5,RecentScan
par,Write Repair,25,25,RecentScan,15.886,,25.0,,,,0,EPOCH-WR,5,RecentScan
par,Write Repair,26,26,RecentScan,15.737333,,26.0,,,,0,EPOCH-WR,5,RecentScan
par,Write Repair,27,27,MarkTs,0.238916,,27.0,,,,0,EPOCH-WR,5,
par,Write Repair,28,28,Update,0.8273339999999999,6.0,,,,,0,EPOCH-WR,5,Update
par,Write Repair,29,29,RecentScan,15.861292,,29.0,,,,0,EPOCH-WR,5,RecentScan
par,Write Repair,30,30,RecentScan,15.278167,,30.0,,,,0,EPOCH-WR,5,RecentScan
par,Write Repair,31,31,RecentScan,16.082458,,31.0,,,,0,EPOCH-WR,5,RecentScan
par,Write Repair,32,32,RecentScan,14.551834,,32.0,,,,0,EPOCH-WR,5,RecentScan
par,Write Repair,33,33,RecentScan,13.777584,,33.0,,,,0,EPOCH-WR,5,RecentScan
par,Write Repair,34,34,MarkTs,0.044167000000000005,,34.0,,,,0,EPOCH-WR,5,
par,Write Repair,35,35,Update,0.836375,6.0,,,,,0,EPOCH-WR,5,Update
par,Write Repair,36,36,HistoryScan,15.119792,,34.0,,,,0,EPOCH-WR,5,HistoryScan
par,Write Repair,37,37,RecentScan,13.351792,,37.0,,,,0,EPOCH-WR,5,RecentScan
par,Write Repair,38,38,RecentScan,12.871209,,38.0,,,,0,EPOCH-WR,5,RecentScan
par,Write Repair,39,39,RecentScan,14.608875,,39.0,,,,0,EPOCH-WR,5,RecentScan
par,Write Repair,40,40,RecentScan,14.735833,,40.0,,,,0,EPOCH-WR,5,RecentScan
par,Write Repair,41,41,MarkTs,0.042832999999999996,,41.0,,,,0,EPOCH-WR,5,
par,Write Repair,42,42,Update,0.84675,6.0,,,,,0,EPOCH-WR,5,Update
par,Write Repair,43,43,RecentScan,14.790166,,43.0,,,,0,EPOCH-WR,5,RecentScan
par,Write Repair,44,44,RecentScan,15.658042,,44.0,,,,0,EPOCH-WR,5,RecentScan
par,Write Repair,45,45,RecentScan,14.885792,,45.0,,,,0,EPOCH-WR,5,RecentScan
par,Write Repair,46,46,RecentScan,15.489167,,46.0,,,,0,EPOCH-WR,5,RecentScan
par,Write Repair,47,47,RecentScan,15.647625,,47.0,,,,0,EPOCH-WR,5,RecentScan
par,Write Repair,48,48,MarkTs,0.041458,,48.0,,,,0,EPOCH-WR,5,
par,Write Repair,49,49,Update,0.79775,6.0,,,,,0,EPOCH-WR,5,Update
par,Write Repair,50,50,HistoryScan,15.701125,,48.0,,,,0,EPOCH-WR,5,HistoryScan
par,Write Repair,51,51,RecentScan,14.227542,,51.0,,,,0,EPOCH-WR,5,RecentScan
par,Write Repair,52,52,RecentScan,14.6735,,52.0,,,,0,EPOCH-WR,5,RecentScan
par,Write Repair,53,53,RecentScan,15.84575,,53.0,,,,0,EPOCH-WR,5,RecentScan
par,Write Repair,54,54,RecentScan,16.084916,,54.0,,,,0,EPOCH-WR,5,RecentScan
par,Write Repair,55,55,MarkTs,0.340292,,55.0,,,,0,EPOCH-WR,5,
par,Write Repair,56,56,Update,0.938083,6.0,,,,,0,EPOCH-WR,5,Update
par,Write Repair,57,57,RecentScan,17.7375,,57.0,,,,0,EPOCH-WR,5,RecentScan
par,Write Repair,58,58,RecentScan,15.922958,,58.0,,,,0,EPOCH-WR,5,RecentScan
par,Write Repair,59,59,RecentScan,14.518209,,59.0,,,,0,EPOCH-WR,5,RecentScan
par,Write Repair,60,60,RecentScan,15.459417,,60.0,,,,0,EPOCH-WR,5,RecentScan
par,Write Repair,61,61,RecentScan,15.8285,,61.0,,,,0,EPOCH-WR,5,RecentScan
par,Write Repair,62,62,MarkTs,0.061375,,62.0,,,,0,EPOCH-WR,5,
par,Write Repair,63,63,Update,0.904,6.0,,,,,0,EPOCH-WR,5,Update
par,Write Repair,64,64,HistoryScan,16.671958,,62.0,,,,0,EPOCH-WR,5,HistoryScan
par,Write Repair,65,65,RecentScan,15.076083,,65.0,,,,0,EPOCH-WR,5,RecentScan
par,Write Repair,66,66,RecentScan,15.126959,,66.0,,,,0,EPOCH-WR,5,RecentScan
par,Write Repair,67,67,RecentScan,15.514792,,67.0,,,,0,EPOCH-WR,5,RecentScan
par,Write Repair,68,68,RecentScan,15.590542,,68.0,,,,0,EPOCH-WR,5,RecentScan
par,Write Repair,69,69,MarkTs,0.053875,,69.0,,,,0,EPOCH-WR,5,
par,Write Repair,70,70,Update,0.907375,6.0,,,,,0,EPOCH-WR,5,Update
par,Write Repair,71,71,RecentScan,15.073292,,71.0,,,,0,EPOCH-WR,5,RecentScan
par,Write Repair,72,72,RecentScan,14.669625,,72.0,,,,0,EPOCH-WR,5,RecentScan
par,Write Repair,73,73,RecentScan,15.6195,,73.0,,,,0,EPOCH-WR,5,RecentScan
par,Write Repair,74,74,RecentScan,15.345209,,74.0,,,,0,EPOCH-WR,5,RecentScan
par,Write Repair,75,75,RecentScan,15.440584,,75.0,,,,0,EPOCH-WR,5,RecentScan
par,Write Repair,76,76,MarkTs,0.06933299999999999,,76.0,,,,0,EPOCH-WR,5,
par,Write Repair,77,77,Update,1.14925,6.0,,,,,0,EPOCH-WR,5,Update
par,Write Repair,78,78,RecentScan,16.839583,,78.0,,,,0,EPOCH-WR,5,RecentScan
par,Write Repair,79,79,RecentScan,20.501709,,79.0,,,,0,EPOCH-WR,5,RecentScan
par,Write Repair,80,80,RecentScan,15.7745,,80.0,,,,0,EPOCH-WR,5,RecentScan
par,Write Repair,81,81,RecentScan,14.858,,81.0,,,,0,EPOCH-WR,5,RecentScan
par,Write Repair,82,82,RecentScan,15.543084,,82.0,,,,0,EPOCH-WR,5,RecentScan
par,Write Repair,83,83,MarkTs,0.057415999999999995,,83.0,,,,0,EPOCH-WR,5,
par,Write Repair,84,84,Update,0.919541,6.0,,,,,0,EPOCH-WR,5,Update
par,Write Repair,85,85,RecentScan,14.024875,,85.0,,,,0,EPOCH-WR,5,RecentScan
par,Write Repair,86,86,RecentScan,14.428042,,86.0,,,,0,EPOCH-WR,5,RecentScan
par,Write Repair,87,87,RecentScan,13.947,,87.0,,,,0,EPOCH-WR,5,RecentScan
par,Write Repair,88,88,RecentScan,13.97525,,88.0,,,,0,EPOCH-WR,5,RecentScan
par,Write Repair,89,89,RecentScan,13.911542,,89.0,,,,0,EPOCH-WR,5,RecentScan
par,Write Repair,90,90,MarkTs,0.055375,,90.0,,,,0,EPOCH-WR,5,
par,Write Repair,91,91,Update,0.821708,6.0,,,,,0,EPOCH-WR,5,Update
par,Write Repair,92,92,RecentScan,13.955334,,92.0,,,,0,EPOCH-WR,5,RecentScan
par,Write Repair,93,93,RecentScan,13.791875,,93.0,,,,0,EPOCH-WR,5,RecentScan
par,Write Repair,94,94,RecentScan,12.566542,,94.0,,,,0,EPOCH-WR,5,RecentScan
par,Write Repair,95,95,RecentScan,13.9435,,95.0,,,,0,EPOCH-WR,5,RecentScan
par,Write Repair,96,96,RecentScan,14.155375,,96.0,,,,0,EPOCH-WR,5,RecentScan
par,Write Repair,97,97,MarkTs,0.059292000000000004,,97.0,,,,0,EPOCH-WR,5,
par,Write Repair,98,98,Update,0.84425,6.0,,,,,0,EPOCH-WR,5,Update
par,Write Repair,99,99,RecentScan,14.066708,,99.0,,,,0,EPOCH-WR,5,RecentScan
par,Write Repair,100,100,RecentScan,15.910959,,100.0,,,,0,EPOCH-WR,5,RecentScan
par,Write Repair,101,101,RecentScan,13.880834,,101.0,,,,0,EPOCH-WR,5,RecentScan
par,Write Repair,102,102,RecentScan,15.423125,,102.0,,,,0,EPOCH-WR,5,RecentScan
par,Write Repair,103,103,RecentScan,15.823583,,103.0,,,,0,EPOCH-WR,5,RecentScan
par,Write Repair,104,104,MarkTs,0.0535,,104.0,,,,0,EPOCH-WR,5,
par,Write Repair,105,105,Update,0.843708,6.0,,,,,0,EPOCH-WR,5,Update
par,Write Repair,106,106,RecentScan,15.619041,,106.0,,,,0,EPOCH-WR,5,RecentScan
par,Write Repair,107,107,RecentScan,14.952875,,107.0,,,,0,EPOCH-WR,5,RecentScan
par,Write Repair,108,108,RecentScan,14.485625,,108.0,,,,0,EPOCH-WR,5,RecentScan
par,Write Repair,109,109,RecentScan,16.398666,,109.0,,,,0,EPOCH-WR,5,RecentScan
par,Write Repair,110,110,RecentScan,14.928917,,110.0,,,,0,EPOCH-WR,5,RecentScan
par,Write Repair,111,111,MarkTs,0.720125,,111.0,,,,0,EPOCH-WR,5,
par,Write Repair,112,112,Update,0.9512079999999999,6.0,,,,,0,EPOCH-WR,5,Update
par,Write Repair,113,113,RecentScan,15.400292,,113.0,,,,0,EPOCH-WR,5,RecentScan
par,Write Repair,114,114,RecentScan,15.303042,,114.0,,,,0,EPOCH-WR,5,RecentScan
par,Write Repair,115,115,RecentScan,15.212333,,115.0,,,,0,EPOCH-WR,5,RecentScan
par,Write Repair,116,116,RecentScan,15.273875,,116.0,,,,0,EPOCH-WR,5,RecentScan
par,Write Repair,117,117,RecentScan,15.269167,,117.0,,,,0,EPOCH-WR,5,RecentScan
par,Write Repair,118,118,MarkTs,0.046958,,118.0,,,,0,EPOCH-WR,5,
par,Write Repair,119,119,Update,0.888792,6.0,,,,,0,EPOCH-WR,5,Update
par,Write Repair,120,120,RecentScan,15.014,,120.0,,,,0,EPOCH-WR,5,RecentScan
par,Write Repair,121,121,RecentScan,14.2675,,121.0,,,,0,EPOCH-WR,5,RecentScan
par,Write Repair,122,122,RecentScan,14.221542,,122.0,,,,0,EPOCH-WR,5,RecentScan
par,Write Repair,123,123,RecentScan,13.451958,,123.0,,,,0,EPOCH-WR,5,RecentScan
par,Write Repair,124,124,RecentScan,13.786958,,124.0,,,,0,EPOCH-WR,5,RecentScan
par,Write Repair,125,125,MarkTs,0.050125,,125.0,,,,0,EPOCH-WR,5,
par,Write Repair,126,126,Update,0.842209,6.0,,,,,0,EPOCH-WR,5,Update
par,Write Repair,127,127,RecentScan,14.239708,,127.0,,,,0,EPOCH-WR,5,RecentScan
par,Write Repair,128,128,RecentScan,14.742583,,128.0,,,,0,EPOCH-WR,5,RecentScan
par,Write Repair,129,129,RecentScan,14.854042,,129.0,,,,0,EPOCH-WR,5,RecentScan
par,Write Repair,130,130,RecentScan,14.047,,130.0,,,,0,EPOCH-WR,5,RecentScan
par,Write Repair,131,131,RecentScan,13.89675,,131.0,,,,0,EPOCH-WR,5,RecentScan
par,Write Repair,132,132,MarkTs,0.052458,,132.0,,,,0,EPOCH-WR,5,
par,Write Repair,133,133,Update,0.862542,6.0,,,,,0,EPOCH-WR,5,Update
par,Write Repair,134,134,RecentScan,13.88475,,134.0,,,,0,EPOCH-WR,5,RecentScan
par,Write Repair,135,135,RecentScan,14.673917,,135.0,,,,0,EPOCH-WR,5,RecentScan
par,Write Repair,136,136,RecentScan,14.572625,,136.0,,,,0,EPOCH-WR,5,RecentScan
par,Write Repair,137,137,RecentScan,14.337209,,137.0,,,,0,EPOCH-WR,5,RecentScan
par,Write Repair,138,138,RecentScan,14.261334,,138.0,,,,0,EPOCH-WR,5,RecentScan
par,Write Repair,139,139,MarkTs,0.04425,,139.0,,,,0,EPOCH-WR,5,
par,Write Repair,140,140,Update,0.830708,6.0,,,,,0,EPOCH-WR,5,Update
par,Write Repair,0,0,InitLoad,18.933708,60000.0,,,,,1,EPOCH-WR,5,InitLoad
par,Write Repair,1,1,RecentScan,16.758875,,1.0,,,,1,EPOCH-WR,5,RecentScan
par,Write Repair,2,2,RecentScan,16.730333,,2.0,,,,1,EPOCH-WR,5,RecentScan
par,Write Repair,3,3,RecentScan,15.372792,,3.0,,,,1,EPOCH-WR,5,RecentScan
par,Write Repair,4,4,RecentScan,14.585792,,4.0,,,,1,EPOCH-WR,5,RecentScan
par,Write Repair,5,5,RecentScan,14.60225,,5.0,,,,1,EPOCH-WR,5,RecentScan
par,Write Repair,6,6,MarkTs,0.241459,,6.0,,,,1,EPOCH-WR,5,
par,Write Repair,7,7,Update,0.905208,6.0,,,,,1,EPOCH-WR,5,Update
par,Write Repair,8,8,HistoryScan,15.468375,,6.0,,,,1,EPOCH-WR,5,HistoryScan
par,Write Repair,9,9,RecentScan,15.536417,,9.0,,,,1,EPOCH-WR,5,RecentScan
par,Write Repair,10,10,RecentScan,13.408209,,10.0,,,,1,EPOCH-WR,5,RecentScan
par,Write Repair,11,11,RecentScan,15.405125,,11.0,,,,1,EPOCH-WR,5,RecentScan
par,Write Repair,12,12,RecentScan,15.251209,,12.0,,,,1,EPOCH-WR,5,RecentScan
par,Write Repair,13,13,MarkTs,0.017375,,13.0,,,,1,EPOCH-WR,5,
par,Write Repair,14,14,Update,0.8264170000000001,6.0,,,,,1,EPOCH-WR,5,Update
par,Write Repair,15,15,RecentScan,14.96075,,15.0,,,,1,EPOCH-WR,5,RecentScan
par,Write Repair,16,16,RecentScan,15.189333,,16.0,,,,1,EPOCH-WR,5,RecentScan
par,Write Repair,17,17,RecentScan,14.736167,,17.0,,,,1,EPOCH-WR,5,RecentScan
par,Write Repair,18,18,RecentScan,15.32575,,18.0,,,,1,EPOCH-WR,5,RecentScan
par,Write Repair,19,19,RecentScan,14.54625,,19.0,,,,1,EPOCH-WR,5,RecentScan
par,Write Repair,20,20,MarkTs,0.017709,,20.0,,,,1,EPOCH-WR,5,
par,Write Repair,21,21,Update,0.8660829999999999,6.0,,,,,1,EPOCH-WR,5,Update
par,Write Repair,22,22,HistoryScan,14.702083,,20.0,,,,1,EPOCH-WR,5,HistoryScan
par,Write Repair,23,23,RecentScan,14.676917,,23.0,,,,1,EPOCH-WR,5,RecentScan
par,Write Repair,24,24,RecentScan,13.063625,,24.0,,,,1,EPOCH-WR,5,RecentScan
par,Write Repair,25,25,RecentScan,14.856125,,25.0,,,,1,EPOCH-WR,5,RecentScan
par,Write Repair,26,26,RecentScan,15.325416,,26.0,,,,1,EPOCH-WR,5,RecentScan
par,Write Repair,27,27,MarkTs,0.225292,,27.0,,,,1,EPOCH-WR,5,
par,Write Repair,28,28,Update,0.826,6.0,,,,,1,EPOCH-WR,5,Update
par,Write Repair,29,29,RecentScan,15.545959,,29.0,,,,1,EPOCH-WR,5,RecentScan
par,Write Repair,30,30,RecentScan,14.641167,,30.0,,,,1,EPOCH-WR,5,RecentScan
par,Write Repair,31,31,RecentScan,16.031459,,31.0,,,,1,EPOCH-WR,5,RecentScan
par,Write Repair,32,32,RecentScan,15.90225,,32.0,,,,1,EPOCH-WR,5,RecentScan
par,Write Repair,33,33,RecentScan,14.64425,,33.0,,,,1,EPOCH-WR,5,RecentScan
par,Write Repair,34,34,MarkTs,0.04075,,34.0,,,,1,EPOCH-WR,5,
par,Write Repair,35,35,Update,0.801667,6.0,,,,,1,EPOCH-WR,5,Update
par,Write Repair,36,36,HistoryScan,14.949458,,34.0,,,,1,EPOCH-WR,5,HistoryScan
par,Write Repair,37,37,RecentScan,15.14475,,37.0,,,,1,EPOCH-WR,5,RecentScan
par,Write Repair,38,38,RecentScan,13.696375,,38.0,,,,1,EPOCH-WR,5,RecentScan
par,Write Repair,39,39,RecentScan,14.013167,,39.0,,,,1,EPOCH-WR,5,RecentScan
par,Write Repair,40,40,RecentScan,15.790625,,40.0,,,,1,EPOCH-WR,5,RecentScan
par,Write Repair,41,41,MarkTs,0.0435,,41.0,,,,1,EPOCH-WR,5,
par,Write Repair,42,42,Update,0.856625,6.0,,,,,1,EPOCH-WR,5,Update
par,Write Repair,43,43,RecentScan,15.524834,,43.0,,,,1,EPOCH-WR,5,RecentScan
par,Write Repair,44,44,RecentScan,16.728875,,44.0,,,,1,EPOCH-WR,5,RecentScan
par,Write Repair,45,45,RecentScan,16.190583,,45.0,,,,1,EPOCH-WR,5,RecentScan
par,Write Repair,46,46,RecentScan,15.920625,,46.0,,,,1,EPOCH-WR,5,RecentScan
par,Write Repair,47,47,RecentScan,15.092833,,47.0,,,,1,EPOCH-WR,5,RecentScan
par,Write Repair,48,48,MarkTs,0.043667000000000004,,48.0,,,,1,EPOCH-WR,5,
par,Write Repair,49,49,Update,0.8164170000000001,6.0,,,,,1,EPOCH-WR,5,Update
par,Write Repair,50,50,HistoryScan,16.062208,,48.0,,,,1,EPOCH-WR,5,HistoryScan
par,Write Repair,51,51,RecentScan,15.17475,,51.0,,,,1,EPOCH-WR,5,RecentScan
par,Write Repair,52,52,RecentScan,14.70175,,52.0,,,,1,EPOCH-WR,5,RecentScan
par,Write Repair,53,53,RecentScan,14.948833,,53.0,,,,1,EPOCH-WR,5,RecentScan
par,Write Repair,54,54,RecentScan,16.251625,,54.0,,,,1,EPOCH-WR,5,RecentScan
par,Write Repair,55,55,MarkTs,0.244084,,55.0,,,,1,EPOCH-WR,5,
par,Write Repair,56,56,Update,0.826167,6.0,,,,,1,EPOCH-WR,5,Update
par,Write Repair,57,57,RecentScan,16.2685,,57.0,,,,1,EPOCH-WR,5,RecentScan
par,Write Repair,58,58,RecentScan,14.865834,,58.0,,,,1,EPOCH-WR,5,RecentScan
par,Write Repair,59,59,RecentScan,13.971041,,59.0,,,,1,EPOCH-WR,5,RecentScan
par,Write Repair,60,60,RecentScan,14.732834,,60.0,,,,1,EPOCH-WR,5,RecentScan
par,Write Repair,61,61,RecentScan,16.733459,,61.0,,,,1,EPOCH-WR,5,RecentScan
par,Write Repair,62,62,MarkTs,0.057957999999999996,,62.0,,,,1,EPOCH-WR,5,
par,Write Repair,63,63,Update,0.8297920000000001,6.0,,,,,1,EPOCH-WR,5,Update
par,Write Repair,64,64,HistoryScan,16.879958,,62.0,,,,1,EPOCH-WR,5,HistoryScan
par,Write Repair,65,65,RecentScan,16.432583,,65.0,,,,1,EPOCH-WR,5,RecentScan
par,Write Repair,66,66,RecentScan,16.385875,,66.0,,,,1,EPOCH-WR,5,RecentScan
par,Write Repair,67,67,RecentScan,14.697959,,67.0,,,,1,EPOCH-WR,5,RecentScan
par,Write Repair,68,68,RecentScan,14.643458,,68.0,,,,1,EPOCH-WR,5,RecentScan
par,Write Repair,69,69,MarkTs,0.056792,,69.0,,,,1,EPOCH-WR,5,
par,Write Repair,70,70,Update,0.824583,6.0,,,,,1,EPOCH-WR,5,Update
par,Write Repair,71,71,RecentScan,15.269042,,71.0,,,,1,EPOCH-WR,5,RecentScan
par,Write Repair,72,72,RecentScan,16.697125,,72.0,,,,1,EPOCH-WR,5,RecentScan
par,Write Repair,73,73,RecentScan,16.634583,,73.0,,,,1,EPOCH-WR,5,RecentScan
par,Write Repair,74,74,RecentScan,14.656,,74.0,,,,1,EPOCH-WR,5,RecentScan
par,Write Repair,75,75,RecentScan,14.5855,,75.0,,,,1,EPOCH-WR,5,RecentScan
par,Write Repair,76,76,MarkTs,0.056334,,76.0,,,,1,EPOCH-WR,5,
par,Write Repair,77,77,Update,0.8158329999999999,6.0,,,,,1,EPOCH-WR,5,Update
par,Write Repair,78,78,RecentScan,15.018167,,78.0,,,,1,EPOCH-WR,5,RecentScan
par,Write Repair,79,79,RecentScan,16.794125,,79.0,,,,1,EPOCH-WR,5,RecentScan
par,Write Repair,80,80,RecentScan,14.930542,,80.0,,,,1,EPOCH-WR,5,RecentScan
par,Write Repair,81,81,RecentScan,16.591292,,81.0,,,,1,EPOCH-WR,5,RecentScan
par,Write Repair,82,82,RecentScan,16.884,,82.0,,,,1,EPOCH-WR,5,RecentScan
par,Write Repair,83,83,MarkTs,0.055,,83.0,,,,1,EPOCH-WR,5,
par,Write Repair,84,84,Update,0.8505,6.0,,,,,1,EPOCH-WR,5,Update
par,Write Repair,85,85,RecentScan,15.322042,,85.0,,,,1,EPOCH-WR,5,RecentScan
par,Write Repair,86,86,RecentScan,14.911833,,86.0,,,,1,EPOCH-WR,5,RecentScan
par,Write Repair,87,87,RecentScan,14.711708,,87.0,,,,1,EPOCH-WR,5,RecentScan
par,Write Repair,88,88,RecentScan,14.561875,,88.0,,,,1,EPOCH-WR,5,RecentScan
par,Write Repair,89,89,RecentScan,14.84975,,89.0,,,,1,EPOCH-WR,5,RecentScan
par,Write Repair,90,90,MarkTs,0.057792,,90.0,,,,1,EPOCH-WR,5,
par,Write Repair,91,91,Update,0.896625,6.0,,,,,1,EPOCH-WR,5,Update
par,Write Repair,92,92,RecentScan,16.013917,,92.0,,,,1,EPOCH-WR,5,RecentScan
par,Write Repair,93,93,RecentScan,14.983792,,93.0,,,,1,EPOCH-WR,5,RecentScan
par,Write Repair,94,94,RecentScan,16.141708,,94.0,,,,1,EPOCH-WR,5,RecentScan
par,Write Repair,95,95,RecentScan,15.021208,,95.0,,,,1,EPOCH-WR,5,RecentScan
par,Write Repair,96,96,RecentScan,16.290042,,96.0,,,,1,EPOCH-WR,5,RecentScan
par,Write Repair,97,97,MarkTs,0.056708,,97.0,,,,1,EPOCH-WR,5,
par,Write Repair,98,98,Update,0.852208,6.0,,,,,1,EPOCH-WR,5,Update
par,Write Repair,99,99,RecentScan,15.063792,,99.0,,,,1,EPOCH-WR,5,RecentScan
par,Write Repair,100,100,RecentScan,18.094459,,100.0,,,,1,EPOCH-WR,5,RecentScan
par,Write Repair,101,101,RecentScan,16.787625,,101.0,,,,1,EPOCH-WR,5,RecentScan
par,Write Repair,102,102,RecentScan,16.612333,,102.0,,,,1,EPOCH-WR,5,RecentScan
par,Write Repair,103,103,RecentScan,15.234667,,103.0,,,,1,EPOCH-WR,5,RecentScan
par,Write Repair,104,104,MarkTs,0.058917000000000004,,104.0,,,,1,EPOCH-WR,5,
par,Write Repair,105,105,Update,0.87825,6.0,,,,,1,EPOCH-WR,5,Update
par,Write Repair,106,106,RecentScan,16.496875,,106.0,,,,1,EPOCH-WR,5,RecentScan
par,Write Repair,107,107,RecentScan,16.354458,,107.0,,,,1,EPOCH-WR,5,RecentScan
par,Write Repair,108,108,RecentScan,14.66075,,108.0,,,,1,EPOCH-WR,5,RecentScan
par,Write Repair,109,109,RecentScan,14.864417,,109.0,,,,1,EPOCH-WR,5,RecentScan
par,Write Repair,110,110,RecentScan,14.737125,,110.0,,,,1,EPOCH-WR,5,RecentScan
par,Write Repair,111,111,MarkTs,0.671541,,111.0,,,,1,EPOCH-WR,5,
par,Write Repair,112,112,Update,0.884625,6.0,,,,,1,EPOCH-WR,5,Update
par,Write Repair,113,113,RecentScan,14.578959,,113.0,,,,1,EPOCH-WR,5,RecentScan
par,Write Repair,114,114,RecentScan,14.943416,,114.0,,,,1,EPOCH-WR,5,RecentScan
par,Write Repair,115,115,RecentScan,14.177417,,115.0,,,,1,EPOCH-WR,5,RecentScan
par,Write Repair,116,116,RecentScan,15.201416,,116.0,,,,1,EPOCH-WR,5,RecentScan
par,Write Repair,117,117,RecentScan,14.00525,,117.0,,,,1,EPOCH-WR,5,RecentScan
par,Write Repair,118,118,MarkTs,0.046583,,118.0,,,,1,EPOCH-WR,5,
par,Write Repair,119,119,Update,0.8375,6.0,,,,,1,EPOCH-WR,5,Update
par,Write Repair,120,120,RecentScan,14.4115,,120.0,,,,1,EPOCH-WR,5,RecentScan
par,Write Repair,121,121,RecentScan,14.955333,,121.0,,,,1,EPOCH-WR,5,RecentScan
par,Write Repair,122,122,RecentScan,15.125,,122.0,,,,1,EPOCH-WR,5,RecentScan
par,Write Repair,123,123,RecentScan,14.478083,,123.0,,,,1,EPOCH-WR,5,RecentScan
par,Write Repair,124,124,RecentScan,14.399208,,124.0,,,,1,EPOCH-WR,5,RecentScan
par,Write Repair,125,125,MarkTs,0.049875,,125.0,,,,1,EPOCH-WR,5,
par,Write Repair,126,126,Update,0.845333,6.0,,,,,1,EPOCH-WR,5,Update
par,Write Repair,127,127,RecentScan,14.880875,,127.0,,,,1,EPOCH-WR,5,RecentScan
par,Write Repair,128,128,RecentScan,15.312916,,128.0,,,,1,EPOCH-WR,5,RecentScan
par,Write Repair,129,129,RecentScan,13.23675,,129.0,,,,1,EPOCH-WR,5,RecentScan
par,Write Repair,130,130,RecentScan,14.697792,,130.0,,,,1,EPOCH-WR,5,RecentScan
par,Write Repair,131,131,RecentScan,15.699583,,131.0,,,,1,EPOCH-WR,5,RecentScan
par,Write Repair,132,132,MarkTs,0.054083,,132.0,,,,1,EPOCH-WR,5,
par,Write Repair,133,133,Update,1.023917,6.0,,,,,1,EPOCH-WR,5,Update
par,Write Repair,134,134,RecentScan,15.025375,,134.0,,,,1,EPOCH-WR,5,RecentScan
par,Write Repair,135,135,RecentScan,14.54325,,135.0,,,,1,EPOCH-WR,5,RecentScan
par,Write Repair,136,136,RecentScan,14.866875,,136.0,,,,1,EPOCH-WR,5,RecentScan
par,Write Repair,137,137,RecentScan,14.853792,,137.0,,,,1,EPOCH-WR,5,RecentScan
par,Write Repair,138,138,RecentScan,15.258625,,138.0,,,,1,EPOCH-WR,5,RecentScan
par,Write Repair,139,139,MarkTs,0.039417,,139.0,,,,1,EPOCH-WR,5,
par,Write Repair,140,140,Update,0.941,6.0,,,,,1,EPOCH-WR,5,Update
par,Write Repair,0,0,InitLoad,19.438584,60000.0,,,,,0,EPOCH-WR,6,InitLoad
par,Write Repair,1,1,RecentScan,15.730958,,1.0,,,,0,EPOCH-WR,6,RecentScan
par,Write Repair,2,2,RecentScan,16.17175,,2.0,,,,0,EPOCH-WR,6,RecentScan
par,Write Repair,3,3,RecentScan,15.533166,,3.0,,,,0,EPOCH-WR,6,RecentScan
par,Write Repair,4,4,RecentScan,12.972709,,4.0,,,,0,EPOCH-WR,6,RecentScan
par,Write Repair,5,5,RecentScan,15.383542,,5.0,,,,0,EPOCH-WR,6,RecentScan
par,Write Repair,6,6,MarkTs,0.212042,,6.0,,,,0,EPOCH-WR,6,
par,Write Repair,7,7,Update,0.939959,6.0,,,,,0,EPOCH-WR,6,Update
par,Write Repair,8,8,HistoryScan,15.687417,,6.0,,,,0,EPOCH-WR,6,HistoryScan
par,Write Repair,9,9,RecentScan,15.572,,9.0,,,,0,EPOCH-WR,6,RecentScan
par,Write Repair,10,10,RecentScan,15.817333,,10.0,,,,0,EPOCH-WR,6,RecentScan
par,Write Repair,11,11,RecentScan,15.745875,,11.0,,,,0,EPOCH-WR,6,RecentScan
par,Write Repair,12,12,RecentScan,15.29775,,12.0,,,,0,EPOCH-WR,6,RecentScan
par,Write Repair,13,13,MarkTs,0.018416000000000002,,13.0,,,,0,EPOCH-WR,6,
par,Write Repair,14,14,Update,0.840792,6.0,,,,,0,EPOCH-WR,6,Update
par,Write Repair,15,15,RecentScan,15.104125,,15.0,,,,0,EPOCH-WR,6,RecentScan
par,Write Repair,16,16,RecentScan,15.987542,,16.0,,,,0,EPOCH-WR,6,RecentScan
par,Write Repair,17,17,RecentScan,15.011792,,17.0,,,,0,EPOCH-WR,6,RecentScan
par,Write Repair,18,18,RecentScan,14.342541,,18.0,,,,0,EPOCH-WR,6,RecentScan
par,Write Repair,19,19,RecentScan,15.086416,,19.0,,,,0,EPOCH-WR,6,RecentScan
par,Write Repair,20,20,MarkTs,0.018333,,20.0,,,,0,EPOCH-WR,6,
par,Write Repair,21,21,Update,0.8504579999999999,6.0,,,,,0,EPOCH-WR,6,Update
par,Write Repair,22,22,HistoryScan,15.705541,,20.0,,,,0,EPOCH-WR,6,HistoryScan
par,Write Repair,23,23,RecentScan,15.407541,,23.0,,,,0,EPOCH-WR,6,RecentScan
par,Write Repair,24,24,RecentScan,15.273417,,24.0,,,,0,EPOCH-WR,6,RecentScan
par,Write Repair,25,25,RecentScan,14.674625,,25.0,,,,0,EPOCH-WR,6,RecentScan
par,Write Repair,26,26,RecentScan,15.064166,,26.0,,,,0,EPOCH-WR,6,RecentScan
par,Write Repair,27,27,MarkTs,0.289584,,27.0,,,,0,EPOCH-WR,6,
par,Write Repair,28,28,Update,0.84325,6.0,,,,,0,EPOCH-WR,6,Update
par,Write Repair,29,29,RecentScan,15.363375,,29.0,,,,0,EPOCH-WR,6,RecentScan
par,Write Repair,30,30,RecentScan,15.832791,,30.0,,,,0,EPOCH-WR,6,RecentScan
par,Write Repair,31,31,RecentScan,16.309625,,31.0,,,,0,EPOCH-WR,6,RecentScan
par,Write Repair,32,32,RecentScan,15.217708,,32.0,,,,0,EPOCH-WR,6,RecentScan
par,Write Repair,33,33,RecentScan,14.697166,,33.0,,,,0,EPOCH-WR,6,RecentScan
par,Write Repair,34,34,MarkTs,0.045459000000000006,,34.0,,,,0,EPOCH-WR,6,
par,Write Repair,35,35,Update,0.838625,6.0,,,,,0,EPOCH-WR,6,Update
par,Write Repair,36,36,HistoryScan,16.066,,34.0,,,,0,EPOCH-WR,6,HistoryScan
par,Write Repair,37,37,RecentScan,15.951959,,37.0,,,,0,EPOCH-WR,6,RecentScan
par,Write Repair,38,38,RecentScan,15.365375,,38.0,,,,0,EPOCH-WR,6,RecentScan
par,Write Repair,39,39,RecentScan,14.724375,,39.0,,,,0,EPOCH-WR,6,RecentScan
par,Write Repair,40,40,RecentScan,16.430167,,40.0,,,,0,EPOCH-WR,6,RecentScan
par,Write Repair,41,41,MarkTs,0.046584,,41.0,,,,0,EPOCH-WR,6,
par,Write Repair,42,42,Update,0.836083,6.0,,,,,0,EPOCH-WR,6,Update
par,Write Repair,43,43,RecentScan,15.630625,,43.0,,,,0,EPOCH-WR,6,RecentScan
par,Write Repair,44,44,RecentScan,13.95625,,44.0,,,,0,EPOCH-WR,6,RecentScan
par,Write Repair,45,45,RecentScan,14.528709,,45.0,,,,0,EPOCH-WR,6,RecentScan
par,Write Repair,46,46,RecentScan,14.230208,,46.0,,,,0,EPOCH-WR,6,RecentScan
par,Write Repair,47,47,RecentScan,15.451625,,47.0,,,,0,EPOCH-WR,6,RecentScan
par,Write Repair,48,48,MarkTs,0.046166,,48.0,,,,0,EPOCH-WR,6,
par,Write Repair,49,49,Update,0.787,6.0,,,,,0,EPOCH-WR,6,Update
par,Write Repair,50,50,HistoryScan,15.206834,,48.0,,,,0,EPOCH-WR,6,HistoryScan
par,Write Repair,51,51,RecentScan,15.0275,,51.0,,,,0,EPOCH-WR,6,RecentScan
par,Write Repair,52,52,RecentScan,15.030666,,52.0,,,,0,EPOCH-WR,6,RecentScan
par,Write Repair,53,53,RecentScan,15.769125,,53.0,,,,0,EPOCH-WR,6,RecentScan
par,Write Repair,54,54,RecentScan,14.948875,,54.0,,,,0,EPOCH-WR,6,RecentScan
par,Write Repair,55,55,MarkTs,0.2485,,55.0,,,,0,EPOCH-WR,6,
par,Write Repair,56,56,Update,0.832167,6.0,,,,,0,EPOCH-WR,6,Update
par,Write Repair,57,57,RecentScan,16.286541,,57.0,,,,0,EPOCH-WR,6,RecentScan
par,Write Repair,58,58,RecentScan,15.066667,,58.0,,,,0,EPOCH-WR,6,RecentScan
par,Write Repair,59,59,RecentScan,14.907209,,59.0,,,,0,EPOCH-WR,6,RecentScan
par,Write Repair,60,60,RecentScan,15.988166,,60.0,,,,0,EPOCH-WR,6,RecentScan
par,Write Repair,61,61,RecentScan,16.690958,,61.0,,,,0,EPOCH-WR,6,RecentScan
par,Write Repair,62,62,MarkTs,0.058875,,62.0,,,,0,EPOCH-WR,6,
par,Write Repair,63,63,Update,0.847583,6.0,,,,,0,EPOCH-WR,6,Update
par,Write Repair,64,64,HistoryScan,14.237208,,62.0,,,,0,EPOCH-WR,6,HistoryScan
par,Write Repair,65,65,RecentScan,14.555125,,65.0,,,,0,EPOCH-WR,6,RecentScan
par,Write Repair,66,66,RecentScan,16.540375,,66.0,,,,0,EPOCH-WR,6,RecentScan
par,Write Repair,67,67,RecentScan,14.893209,,67.0,,,,0,EPOCH-WR,6,RecentScan
par,Write Repair,68,68,RecentScan,14.768458,,68.0,,,,0,EPOCH-WR,6,RecentScan
par,Write Repair,69,69,MarkTs,0.056042,,69.0,,,,0,EPOCH-WR,6,
par,Write Repair,70,70,Update,0.824958,6.0,,,,,0,EPOCH-WR,6,Update
par,Write Repair,71,71,RecentScan,16.073208,,71.0,,,,0,EPOCH-WR,6,RecentScan
par,Write Repair,72,72,RecentScan,14.120375,,72.0,,,,0,EPOCH-WR,6,RecentScan
par,Write Repair,73,73,RecentScan,16.145208,,73.0,,,,0,EPOCH-WR,6,RecentScan
par,Write Repair,74,74,RecentScan,15.920417,,74.0,,,,0,EPOCH-WR,6,RecentScan
par,Write Repair,75,75,RecentScan,15.158583,,75.0,,,,0,EPOCH-WR,6,RecentScan
par,Write Repair,76,76,MarkTs,0.07275,,76.0,,,,0,EPOCH-WR,6,
par,Write Repair,77,77,Update,0.828625,6.0,,,,,0,EPOCH-WR,6,Update
par,Write Repair,78,78,HistoryScan,14.673709,,76.0,,,,0,EPOCH-WR,6,HistoryScan
par,Write Repair,79,79,RecentScan,14.95725,,79.0,,,,0,EPOCH-WR,6,RecentScan
par,Write Repair,80,80,RecentScan,16.610625,,80.0,,,,0,EPOCH-WR,6,RecentScan
par,Write Repair,81,81,RecentScan,14.338375,,81.0,,,,0,EPOCH-WR,6,RecentScan
par,Write Repair,82,82,RecentScan,14.670333,,82.0,,,,0,EPOCH-WR,6,RecentScan
par,Write Repair,83,83,MarkTs,0.057334,,83.0,,,,0,EPOCH-WR,6,
par,Write Repair,84,84,Update,0.83875,6.0,,,,,0,EPOCH-WR,6,Update
par,Write Repair,85,85,RecentScan,16.378,,85.0,,,,0,EPOCH-WR,6,RecentScan
par,Write Repair,86,86,RecentScan,15.024459,,86.0,,,,0,EPOCH-WR,6,RecentScan
par,Write Repair,87,87,RecentScan,16.716042,,87.0,,,,0,EPOCH-WR,6,RecentScan
par,Write Repair,88,88,RecentScan,14.957375,,88.0,,,,0,EPOCH-WR,6,RecentScan
par,Write Repair,89,89,RecentScan,16.00275,,89.0,,,,0,EPOCH-WR,6,RecentScan
par,Write Repair,90,90,MarkTs,0.065458,,90.0,,,,0,EPOCH-WR,6,
par,Write Repair,91,91,Update,0.879,6.0,,,,,0,EPOCH-WR,6,Update
par,Write Repair,92,92,RecentScan,16.361333,,92.0,,,,0,EPOCH-WR,6,RecentScan
par,Write Repair,93,93,RecentScan,15.360208,,93.0,,,,0,EPOCH-WR,6,RecentScan
par,Write Repair,94,94,RecentScan,16.457334,,94.0,,,,0,EPOCH-WR,6,RecentScan
par,Write Repair,95,95,RecentScan,15.906375,,95.0,,,,0,EPOCH-WR,6,RecentScan
par,Write Repair,96,96,RecentScan,15.04325,,96.0,,,,0,EPOCH-WR,6,RecentScan
par,Write Repair,97,97,MarkTs,0.0555,,97.0,,,,0,EPOCH-WR,6,
par,Write Repair,98,98,Update,0.842625,6.0,,,,,0,EPOCH-WR,6,Update
par,Write Repair,99,99,RecentScan,16.1775,,99.0,,,,0,EPOCH-WR,6,RecentScan
par,Write Repair,100,100,RecentScan,16.102666,,100.0,,,,0,EPOCH-WR,6,RecentScan
par,Write Repair,101,101,RecentScan,16.224292,,101.0,,,,0,EPOCH-WR,6,RecentScan
par,Write Repair,102,102,RecentScan,14.598458,,102.0,,,,0,EPOCH-WR,6,RecentScan
par,Write Repair,103,103,RecentScan,14.510125,,103.0,,,,0,EPOCH-WR,6,RecentScan
par,Write Repair,104,104,MarkTs,0.055291,,104.0,,,,0,EPOCH-WR,6,
par,Write Repair,105,105,Update,0.940625,6.0,,,,,0,EPOCH-WR,6,Update
par,Write Repair,106,106,RecentScan,14.841958,,106.0,,,,0,EPOCH-WR,6,RecentScan
par,Write Repair,107,107,RecentScan,14.769417,,107.0,,,,0,EPOCH-WR,6,RecentScan
par,Write Repair,108,108,RecentScan,13.679291,,108.0,,,,0,EPOCH-WR,6,RecentScan
par,Write Repair,109,109,RecentScan,14.842333,,109.0,,,,0,EPOCH-WR,6,RecentScan
par,Write Repair,110,110,RecentScan,16.1305,,110.0,,,,0,EPOCH-WR,6,RecentScan
par,Write Repair,111,111,MarkTs,0.681083,,111.0,,,,0,EPOCH-WR,6,
par,Write Repair,112,112,Update,0.937875,6.0,,,,,0,EPOCH-WR,6,Update
par,Write Repair,113,113,RecentScan,13.865709,,113.0,,,,0,EPOCH-WR,6,RecentScan
par,Write Repair,114,114,RecentScan,15.313958,,114.0,,,,0,EPOCH-WR,6,RecentScan
par,Write Repair,115,115,RecentScan,15.728083,,115.0,,,,0,EPOCH-WR,6,RecentScan
par,Write Repair,116,116,RecentScan,15.218917,,116.0,,,,0,EPOCH-WR,6,RecentScan
par,Write Repair,117,117,RecentScan,15.151291,,117.0,,,,0,EPOCH-WR,6,RecentScan
par,Write Repair,118,118,MarkTs,0.049790999999999995,,118.0,,,,0,EPOCH-WR,6,
par,Write Repair,119,119,Update,0.87325,6.0,,,,,0,EPOCH-WR,6,Update
par,Write Repair,120,120,RecentScan,15.124958,,120.0,,,,0,EPOCH-WR,6,RecentScan
par,Write Repair,121,121,RecentScan,14.39825,,121.0,,,,0,EPOCH-WR,6,RecentScan
par,Write Repair,122,122,RecentScan,15.252459,,122.0,,,,0,EPOCH-WR,6,RecentScan
par,Write Repair,123,123,RecentScan,14.846208,,123.0,,,,0,EPOCH-WR,6,RecentScan
par,Write Repair,124,124,RecentScan,14.72825,,124.0,,,,0,EPOCH-WR,6,RecentScan
par,Write Repair,125,125,MarkTs,0.053792,,125.0,,,,0,EPOCH-WR,6,
par,Write Repair,126,126,Update,0.871958,6.0,,,,,0,EPOCH-WR,6,Update
par,Write Repair,127,127,RecentScan,13.324083,,127.0,,,,0,EPOCH-WR,6,RecentScan
par,Write Repair,128,128,RecentScan,14.566875,,128.0,,,,0,EPOCH-WR,6,RecentScan
par,Write Repair,129,129,RecentScan,15.186375,,129.0,,,,0,EPOCH-WR,6,RecentScan
par,Write Repair,130,130,RecentScan,15.468167,,130.0,,,,0,EPOCH-WR,6,RecentScan
par,Write Repair,131,131,RecentScan,15.279208,,131.0,,,,0,EPOCH-WR,6,RecentScan
par,Write Repair,132,132,MarkTs,0.056292,,132.0,,,,0,EPOCH-WR,6,
par,Write Repair,133,133,Update,0.887459,6.0,,,,,0,EPOCH-WR,6,Update
par,Write Repair,134,134,RecentScan,14.719667,,134.0,,,,0,EPOCH-WR,6,RecentScan
par,Write Repair,135,135,RecentScan,14.595958,,135.0,,,,0,EPOCH-WR,6,RecentScan
par,Write Repair,136,136,RecentScan,13.476875,,136.0,,,,0,EPOCH-WR,6,RecentScan
par,Write Repair,137,137,RecentScan,14.519708,,137.0,,,,0,EPOCH-WR,6,RecentScan
par,Write Repair,138,138,RecentScan,14.490375,,138.0,,,,0,EPOCH-WR,6,RecentScan
par,Write Repair,139,139,MarkTs,0.044917,,139.0,,,,0,EPOCH-WR,6,
par,Write Repair,140,140,Update,0.8645,6.0,,,,,0,EPOCH-WR,6,Update
par,Write Repair,0,0,InitLoad,19.311875,60000.0,,,,,1,EPOCH-WR,6,InitLoad
par,Write Repair,1,1,RecentScan,16.586708,,1.0,,,,1,EPOCH-WR,6,RecentScan
par,Write Repair,2,2,RecentScan,17.421542,,2.0,,,,1,EPOCH-WR,6,RecentScan
par,Write Repair,3,3,RecentScan,17.077208,,3.0,,,,1,EPOCH-WR,6,RecentScan
par,Write Repair,4,4,RecentScan,15.816833,,4.0,,,,1,EPOCH-WR,6,RecentScan
par,Write Repair,5,5,RecentScan,15.8305,,5.0,,,,1,EPOCH-WR,6,RecentScan
par,Write Repair,6,6,MarkTs,0.243625,,6.0,,,,1,EPOCH-WR,6,
par,Write Repair,7,7,Update,0.972084,6.0,,,,,1,EPOCH-WR,6,Update
par,Write Repair,8,8,HistoryScan,15.886291,,6.0,,,,1,EPOCH-WR,6,HistoryScan
par,Write Repair,9,9,RecentScan,16.767084,,9.0,,,,1,EPOCH-WR,6,RecentScan
par,Write Repair,10,10,RecentScan,16.533833,,10.0,,,,1,EPOCH-WR,6,RecentScan
par,Write Repair,11,11,RecentScan,16.019666,,11.0,,,,1,EPOCH-WR,6,RecentScan
par,Write Repair,12,12,RecentScan,16.171417,,12.0,,,,1,EPOCH-WR,6,RecentScan
par,Write Repair,13,13,MarkTs,0.017582999999999998,,13.0,,,,1,EPOCH-WR,6,
par,Write Repair,14,14,Update,0.9235420000000001,6.0,,,,,1,EPOCH-WR,6,Update
par,Write Repair,15,15,RecentScan,16.039542,,15.0,,,,1,EPOCH-WR,6,RecentScan
par,Write Repair,16,16,RecentScan,16.277917,,16.0,,,,1,EPOCH-WR,6,RecentScan
par,Write Repair,17,17,RecentScan,16.355416,,17.0,,,,1,EPOCH-WR,6,RecentScan
par,Write Repair,18,18,RecentScan,15.869208,,18.0,,,,1,EPOCH-WR,6,RecentScan
par,Write Repair,19,19,RecentScan,15.622708,,19.0,,,,1,EPOCH-WR,6,RecentScan
par,Write Repair,20,20,MarkTs,0.017582999999999998,,20.0,,,,1,EPOCH-WR,6,
par,Write Repair,21,21,Update,0.940125,6.0,,,,,1,EPOCH-WR,6,Update
par,Write Repair,22,22,HistoryScan,15.319125,,20.0,,,,1,EPOCH-WR,6,HistoryScan
par,Write Repair,23,23,RecentScan,15.782916,,23.0,,,,1,EPOCH-WR,6,RecentScan
par,Write Repair,24,24,RecentScan,15.525542,,24.0,,,,1,EPOCH-WR,6,RecentScan
par,Write Repair,25,25,RecentScan,13.855208,,25.0,,,,1,EPOCH-WR,6,RecentScan
par,Write Repair,26,26,RecentScan,14.314584,,26.0,,,,1,EPOCH-WR,6,RecentScan
par,Write Repair,27,27,MarkTs,0.293,,27.0,,,,1,EPOCH-WR,6,
par,Write Repair,28,28,Update,0.861833,6.0,,,,,1,EPOCH-WR,6,Update
par,Write Repair,29,29,RecentScan,15.679375,,29.0,,,,1,EPOCH-WR,6,RecentScan
par,Write Repair,30,30,RecentScan,13.604875,,30.0,,,,1,EPOCH-WR,6,RecentScan
par,Write Repair,31,31,RecentScan,13.711375,,31.0,,,,1,EPOCH-WR,6,RecentScan
par,Write Repair,32,32,RecentScan,15.925792,,32.0,,,,1,EPOCH-WR,6,RecentScan
par,Write Repair,33,33,RecentScan,14.973916,,33.0,,,,1,EPOCH-WR,6,RecentScan
par,Write Repair,34,34,MarkTs,0.04575,,34.0,,,,1,EPOCH-WR,6,
par,Write Repair,35,35,Update,0.8364579999999999,6.0,,,,,1,EPOCH-WR,6,Update
par,Write Repair,36,36,HistoryScan,14.409917,,34.0,,,,1,EPOCH-WR,6,HistoryScan
par,Write Repair,37,37,RecentScan,16.086375,,37.0,,,,1,EPOCH-WR,6,RecentScan
par,Write Repair,38,38,RecentScan,14.862375,,38.0,,,,1,EPOCH-WR,6,RecentScan
par,Write Repair,39,39,RecentScan,14.612667,,39.0,,,,1,EPOCH-WR,6,RecentScan
par,Write Repair,40,40,RecentScan,14.142584,,40.0,,,,1,EPOCH-WR,6,RecentScan
par,Write Repair,41,41,MarkTs,0.045542,,41.0,,,,1,EPOCH-WR,6,
par,Write Repair,42,42,Update,0.824333,6.0,,,,,1,EPOCH-WR,6,Update
par,Write Repair,43,43,RecentScan,14.016208,,43.0,,,,1,EPOCH-WR,6,RecentScan
par,Write Repair,44,44,RecentScan,12.617667,,44.0,,,,1,EPOCH-WR,6,RecentScan
par,Write Repair,45,45,RecentScan,14.545959,,45.0,,,,1,EPOCH-WR,6,RecentScan
par,Write Repair,46,46,RecentScan,14.475125,,46.0,,,,1,EPOCH-WR,6,RecentScan
par,Write Repair,47,47,RecentScan,14.150416,,47.0,,,,1,EPOCH-WR,6,RecentScan
par,Write Repair,48,48,MarkTs,0.042332999999999996,,48.0,,,,1,EPOCH-WR,6,
par,Write Repair,49,49,Update,0.841209,6.0,,,,,1,EPOCH-WR,6,Update
par,Write Repair,50,50,HistoryScan,14.343709,,48.0,,,,1,EPOCH-WR,6,HistoryScan
par,Write Repair,51,51,RecentScan,13.528125,,51.0,,,,1,EPOCH-WR,6,RecentScan
par,Write Repair,52,52,RecentScan,13.735792,,52.0,,,,1,EPOCH-WR,6,RecentScan
par,Write Repair,53,53,RecentScan,14.486875,,53.0,,,,1,EPOCH-WR,6,RecentScan
par,Write Repair,54,54,RecentScan,14.484333,,54.0,,,,1,EPOCH-WR,6,RecentScan
par,Write Repair,55,55,MarkTs,0.270167,,55.0,,,,1,EPOCH-WR,6,
par,Write Repair,56,56,Update,0.8050839999999999,6.0,,,,,1,EPOCH-WR,6,Update
par,Write Repair,57,57,RecentScan,15.934,,57.0,,,,1,EPOCH-WR,6,RecentScan
par,Write Repair,58,58,RecentScan,14.204709,,58.0,,,,1,EPOCH-WR,6,RecentScan
par,Write Repair,59,59,RecentScan,14.104125,,59.0,,,,1,EPOCH-WR,6,RecentScan
par,Write Repair,60,60,RecentScan,16.332458,,60.0,,,,1,EPOCH-WR,6,RecentScan
par,Write Repair,61,61,RecentScan,13.999791,,61.0,,,,1,EPOCH-WR,6,RecentScan
par,Write Repair,62,62,MarkTs,0.060625,,62.0,,,,1,EPOCH-WR,6,
par,Write Repair,63,63,Update,0.788208,6.0,,,,,1,EPOCH-WR,6,Update
par,Write Repair,64,64,HistoryScan,16.142333,,62.0,,,,1,EPOCH-WR,6,HistoryScan
par,Write Repair,65,65,RecentScan,16.643833,,65.0,,,,1,EPOCH-WR,6,RecentScan
par,Write Repair,66,66,RecentScan,14.939958,,66.0,,,,1,EPOCH-WR,6,RecentScan
par,Write Repair,67,67,RecentScan,13.415667,,67.0,,,,1,EPOCH-WR,6,RecentScan
par,Write Repair,68,68,RecentScan,13.783916,,68.0,,,,1,EPOCH-WR,6,RecentScan
par,Write Repair,69,69,MarkTs,0.055333,,69.0,,,,1,EPOCH-WR,6,
par,Write Repair,70,70,Update,0.800958,6.0,,,,,1,EPOCH-WR,6,Update
par,Write Repair,71,71,RecentScan,14.044292,,71.0,,,,1,EPOCH-WR,6,RecentScan
par,Write Repair,72,72,RecentScan,16.315458,,72.0,,,,1,EPOCH-WR,6,RecentScan
par,Write Repair,73,73,RecentScan,16.217666,,73.0,,,,1,EPOCH-WR,6,RecentScan
par,Write Repair,74,74,RecentScan,14.455542,,74.0,,,,1,EPOCH-WR,6,RecentScan
par,Write Repair,75,75,RecentScan,15.367625,,75.0,,,,1,EPOCH-WR,6,RecentScan
par,Write Repair,76,76,MarkTs,0.056833,,76.0,,,,1,EPOCH-WR,6,
par,Write Repair,77,77,Update,0.8662920000000001,6.0,,,,,1,EPOCH-WR,6,Update
par,Write Repair,78,78,HistoryScan,14.386125,,76.0,,,,1,EPOCH-WR,6,HistoryScan
par,Write Repair,79,79,RecentScan,14.320667,,79.0,,,,1,EPOCH-WR,6,RecentScan
par,Write Repair,80,80,RecentScan,13.590417,,80.0,,,,1,EPOCH-WR,6,RecentScan
par,Write Repair,81,81,RecentScan,13.3815,,81.0,,,,1,EPOCH-WR,6,RecentScan
par,Write Repair,82,82,RecentScan,13.99275,,82.0,,,,1,EPOCH-WR,6,RecentScan
par,Write Repair,83,83,MarkTs,0.0565,,83.0,,,,1,EPOCH-WR,6,
par,Write Repair,84,84,Update,0.835416,6.0,,,,,1,EPOCH-WR,6,Update
par,Write Repair,85,85,RecentScan,14.451917,,85.0,,,,1,EPOCH-WR,6,RecentScan
par,Write Repair,86,86,RecentScan,14.536959,,86.0,,,,1,EPOCH-WR,6,RecentScan
par,Write Repair,87,87,RecentScan,16.844084,,87.0,,,,1,EPOCH-WR,6,RecentScan
par,Write Repair,88,88,RecentScan,16.291667,,88.0,,,,1,EPOCH-WR,6,RecentScan
par,Write Repair,89,89,RecentScan,16.456792,,89.0,,,,1,EPOCH-WR,6,RecentScan
par,Write Repair,90,90,MarkTs,0.059290999999999996,,90.0,,,,1,EPOCH-WR,6,
par,Write Repair,91,91,Update,0.906292,6.0,,,,,1,EPOCH-WR,6,Update
par,Write Repair,92,92,RecentScan,14.956375,,92.0,,,,1,EPOCH-WR,6,RecentScan
par,Write Repair,93,93,RecentScan,14.552042,,93.0,,,,1,EPOCH-WR,6,RecentScan
par,Write Repair,94,94,RecentScan,15.972292,,94.0,,,,1,EPOCH-WR,6,RecentScan
par,Write Repair,95,95,RecentScan,13.985917,,95.0,,,,1,EPOCH-WR,6,RecentScan
par,Write Repair,96,96,RecentScan,13.080416,,96.0,,,,1,EPOCH-WR,6,RecentScan
par,Write Repair,97,97,MarkTs,0.054125,,97.0,,,,1,EPOCH-WR,6,
par,Write Repair,98,98,Update,0.907708,6.0,,,,,1,EPOCH-WR,6,Update
par,Write Repair,99,99,RecentScan,14.385792,,99.0,,,,1,EPOCH-WR,6,RecentScan
par,Write Repair,100,100,RecentScan,15.917917,,100.0,,,,1,EPOCH-WR,6,RecentScan
par,Write Repair,101,101,RecentScan,14.692625,,101.0,,,,1,EPOCH-WR,6,RecentScan
par,Write Repair,102,102,RecentScan,14.890625,,102.0,,,,1,EPOCH-WR,6,RecentScan
par,Write Repair,103,103,RecentScan,14.541167,,103.0,,,,1,EPOCH-WR,6,RecentScan
par,Write Repair,104,104,MarkTs,0.051208,,104.0,,,,1,EPOCH-WR,6,
par,Write Repair,105,105,Update,0.925875,6.0,,,,,1,EPOCH-WR,6,Update
par,Write Repair,106,106,RecentScan,14.641541,,106.0,,,,1,EPOCH-WR,6,RecentScan
par,Write Repair,107,107,RecentScan,14.439458,,107.0,,,,1,EPOCH-WR,6,RecentScan
par,Write Repair,108,108,RecentScan,14.350292,,108.0,,,,1,EPOCH-WR,6,RecentScan
par,Write Repair,109,109,RecentScan,13.073416,,109.0,,,,1,EPOCH-WR,6,RecentScan
par,Write Repair,110,110,RecentScan,14.406,,110.0,,,,1,EPOCH-WR,6,RecentScan
par,Write Repair,111,111,MarkTs,0.645,,111.0,,,,1,EPOCH-WR,6,
par,Write Repair,112,112,Update,0.9106660000000001,6.0,,,,,1,EPOCH-WR,6,Update
par,Write Repair,113,113,RecentScan,14.692833,,113.0,,,,1,EPOCH-WR,6,RecentScan
par,Write Repair,114,114,RecentScan,14.48325,,114.0,,,,1,EPOCH-WR,6,RecentScan
par,Write Repair,115,115,RecentScan,14.317417,,115.0,,,,1,EPOCH-WR,6,RecentScan
par,Write Repair,116,116,RecentScan,14.983834,,116.0,,,,1,EPOCH-WR,6,RecentScan
par,Write Repair,117,117,RecentScan,14.080083,,117.0,,,,1,EPOCH-WR,6,RecentScan
par,Write Repair,118,118,MarkTs,0.046708,,118.0,,,,1,EPOCH-WR,6,
par,Write Repair,119,119,Update,0.8519589999999999,6.0,,,,,1,EPOCH-WR,6,Update
par,Write Repair,120,120,RecentScan,14.594584,,120.0,,,,1,EPOCH-WR,6,RecentScan
par,Write Repair,121,121,RecentScan,13.796833,,121.0,,,,1,EPOCH-WR,6,RecentScan
par,Write Repair,122,122,RecentScan,14.726375,,122.0,,,,1,EPOCH-WR,6,RecentScan
par,Write Repair,123,123,RecentScan,14.87425,,123.0,,,,1,EPOCH-WR,6,RecentScan
par,Write Repair,124,124,RecentScan,14.516375,,124.0,,,,1,EPOCH-WR,6,RecentScan
par,Write Repair,125,125,MarkTs,0.052583,,125.0,,,,1,EPOCH-WR,6,
par,Write Repair,126,126,Update,0.8775,6.0,,,,,1,EPOCH-WR,6,Update
par,Write Repair,127,127,RecentScan,14.296458,,127.0,,,,1,EPOCH-WR,6,RecentScan
par,Write Repair,128,128,RecentScan,14.522875,,128.0,,,,1,EPOCH-WR,6,RecentScan
par,Write Repair,129,129,RecentScan,14.228666,,129.0,,,,1,EPOCH-WR,6,RecentScan
par,Write Repair,130,130,RecentScan,13.663458,,130.0,,,,1,EPOCH-WR,6,RecentScan
par,Write Repair,131,131,RecentScan,14.441625,,131.0,,,,1,EPOCH-WR,6,RecentScan
par,Write Repair,132,132,MarkTs,0.048333,,132.0,,,,1,EPOCH-WR,6,
par,Write Repair,133,133,Update,0.881375,6.0,,,,,1,EPOCH-WR,6,Update
par,Write Repair,134,134,RecentScan,14.9515,,134.0,,,,1,EPOCH-WR,6,RecentScan
par,Write Repair,135,135,RecentScan,14.37775,,135.0,,,,1,EPOCH-WR,6,RecentScan
par,Write Repair,136,136,RecentScan,14.488708,,136.0,,,,1,EPOCH-WR,6,RecentScan
par,Write Repair,137,137,RecentScan,14.349625,,137.0,,,,1,EPOCH-WR,6,RecentScan
par,Write Repair,138,138,RecentScan,14.303625,,138.0,,,,1,EPOCH-WR,6,RecentScan
par,Write Repair,139,139,MarkTs,0.04225,,139.0,,,,1,EPOCH-WR,6,
par,Write Repair,140,140,Update,0.943958,6.0,,,,,1,EPOCH-WR,6,Update
par,Write Repair,0,0,InitLoad,19.610667,60000.0,,,,,0,EPOCH-WR,7,InitLoad
par,Write Repair,1,1,RecentScan,14.748792,,1.0,,,,0,EPOCH-WR,7,RecentScan
par,Write Repair,2,2,RecentScan,16.806625,,2.0,,,,0,EPOCH-WR,7,RecentScan
par,Write Repair,3,3,RecentScan,15.206666,,3.0,,,,0,EPOCH-WR,7,RecentScan
par,Write Repair,4,4,RecentScan,14.991917,,4.0,,,,0,EPOCH-WR,7,RecentScan
par,Write Repair,5,5,RecentScan,15.07375,,5.0,,,,0,EPOCH-WR,7,RecentScan
par,Write Repair,6,6,MarkTs,0.255042,,6.0,,,,0,EPOCH-WR,7,
par,Write Repair,7,7,Update,0.8595,6.0,,,,,0,EPOCH-WR,7,Update
par,Write Repair,8,8,HistoryScan,14.903959,,6.0,,,,0,EPOCH-WR,7,HistoryScan
par,Write Repair,9,9,RecentScan,15.616833,,9.0,,,,0,EPOCH-WR,7,RecentScan
par,Write Repair,10,10,RecentScan,15.321333,,10.0,,,,0,EPOCH-WR,7,RecentScan
par,Write Repair,11,11,RecentScan,15.372125,,11.0,,,,0,EPOCH-WR,7,RecentScan
par,Write Repair,12,12,RecentScan,15.132333,,12.0,,,,0,EPOCH-WR,7,RecentScan
par,Write Repair,13,13,MarkTs,0.017416,,13.0,,,,0,EPOCH-WR,7,
par,Write Repair,14,14,Update,0.8364170000000001,6.0,,,,,0,EPOCH-WR,7,Update
par,Write Repair,15,15,RecentScan,15.074333,,15.0,,,,0,EPOCH-WR,7,RecentScan
par,Write Repair,16,16,RecentScan,14.064375,,16.0,,,,0,EPOCH-WR,7,RecentScan
par,Write Repair,17,17,RecentScan,13.7815,,17.0,,,,0,EPOCH-WR,7,RecentScan
par,Write Repair,18,18,RecentScan,14.646,,18.0,,,,0,EPOCH-WR,7,RecentScan
par,Write Repair,19,19,RecentScan,14.765083,,19.0,,,,0,EPOCH-WR,7,RecentScan
par,Write Repair,20,20,MarkTs,0.018583,,20.0,,,,0,EPOCH-WR,7,
par,Write Repair,21,21,Update,0.831792,6.0,,,,,0,EPOCH-WR,7,Update
par,Write Repair,22,22,HistoryScan,14.90175,,20.0,,,,0,EPOCH-WR,7,HistoryScan
par,Write Repair,23,23,RecentScan,15.20775,,23.0,,,,0,EPOCH-WR,7,RecentScan
par,Write Repair,24,24,RecentScan,15.373,,24.0,,,,0,EPOCH-WR,7,RecentScan
par,Write Repair,25,25,RecentScan,14.379917,,25.0,,,,0,EPOCH-WR,7,RecentScan
par,Write Repair,26,26,RecentScan,15.306459,,26.0,,,,0,EPOCH-WR,7,RecentScan
par,Write Repair,27,27,MarkTs,0.260959,,27.0,,,,0,EPOCH-WR,7,
par,Write Repair,28,28,Update,0.823584,6.0,,,,,0,EPOCH-WR,7,Update
par,Write Repair,29,29,RecentScan,15.834709,,29.0,,,,0,EPOCH-WR,7,RecentScan
par,Write Repair,30,30,RecentScan,15.903208,,30.0,,,,0,EPOCH-WR,7,RecentScan
par,Write Repair,31,31,RecentScan,13.682666,,31.0,,,,0,EPOCH-WR,7,RecentScan
par,Write Repair,32,32,RecentScan,14.174167,,32.0,,,,0,EPOCH-WR,7,RecentScan
par,Write Repair,33,33,RecentScan,15.831209,,33.0,,,,0,EPOCH-WR,7,RecentScan
par,Write Repair,34,34,MarkTs,0.0465,,34.0,,,,0,EPOCH-WR,7,
par,Write Repair,35,35,Update,0.810125,6.0,,,,,0,EPOCH-WR,7,Update
par,Write Repair,36,36,HistoryScan,14.914167,,34.0,,,,0,EPOCH-WR,7,HistoryScan
par,Write Repair,37,37,RecentScan,15.285833,,37.0,,,,0,EPOCH-WR,7,RecentScan
par,Write Repair,38,38,RecentScan,16.155458,,38.0,,,,0,EPOCH-WR,7,RecentScan
par,Write Repair,39,39,RecentScan,16.116958,,39.0,,,,0,EPOCH-WR,7,RecentScan
par,Write Repair,40,40,RecentScan,16.018292,,40.0,,,,0,EPOCH-WR,7,RecentScan
par,Write Repair,41,41,MarkTs,0.04325,,41.0,,,,0,EPOCH-WR,7,
par,Write Repair,42,42,Update,0.8397910000000001,6.0,,,,,0,EPOCH-WR,7,Update
par,Write Repair,43,43,RecentScan,15.598792,,43.0,,,,0,EPOCH-WR,7,RecentScan
par,Write Repair,44,44,RecentScan,14.735208,,44.0,,,,0,EPOCH-WR,7,RecentScan
par,Write Repair,45,45,RecentScan,15.706875,,45.0,,,,0,EPOCH-WR,7,RecentScan
par,Write Repair,46,46,RecentScan,14.762917,,46.0,,,,0,EPOCH-WR,7,RecentScan
par,Write Repair,47,47,RecentScan,14.590958,,47.0,,,,0,EPOCH-WR,7,RecentScan
par,Write Repair,48,48,MarkTs,0.044458,,48.0,,,,0,EPOCH-WR,7,
par,Write Repair,49,49,Update,0.8149160000000001,6.0,,,,,0,EPOCH-WR,7,Update
par,Write Repair,50,50,HistoryScan,13.309208,,48.0,,,,0,EPOCH-WR,7,HistoryScan
par,Write Repair,51,51,RecentScan,13.364125,,51.0,,,,0,EPOCH-WR,7,RecentScan
par,Write Repair,52,52,RecentScan,15.950416,,52.0,,,,0,EPOCH-WR,7,RecentScan
par,Write Repair,53,53,RecentScan,14.870166,,53.0,,,,0,EPOCH-WR,7,RecentScan
par,Write Repair,54,54,RecentScan,14.785917,,54.0,,,,0,EPOCH-WR,7,RecentScan
par,Write Repair,55,55,MarkTs,0.566583,,55.0,,,,0,EPOCH-WR,7,
par,Write Repair,56,56,Update,0.86375,6.0,,,,,0,EPOCH-WR,7,Update
par,Write Repair,57,57,RecentScan,16.677792,,57.0,,,,0,EPOCH-WR,7,RecentScan
par,Write Repair,58,58,RecentScan,15.630542,,58.0,,,,0,EPOCH-WR,7,RecentScan
par,Write Repair,59,59,RecentScan,15.362291,,59.0,,,,0,EPOCH-WR,7,RecentScan
par,Write Repair,60,60,RecentScan,15.668875,,60.0,,,,0,EPOCH-WR,7,RecentScan
par,Write Repair,61,61,RecentScan,16.751917,,61.0,,,,0,EPOCH-WR,7,RecentScan
par,Write Repair,62,62,MarkTs,0.050540999999999996,,62.0,,,,0,EPOCH-WR,7,
par,Write Repair,63,63,Update,0.8616670000000001,6.0,,,,,0,EPOCH-WR,7,Update
par,Write Repair,64,64,HistoryScan,15.681708,,62.0,,,,0,EPOCH-WR,7,HistoryScan
par,Write Repair,65,65,RecentScan,14.479958,,65.0,,,,0,EPOCH-WR,7,RecentScan
par,Write Repair,66,66,RecentScan,14.658125,,66.0,,,,0,EPOCH-WR,7,RecentScan
par,Write Repair,67,67,RecentScan,14.19725,,67.0,,,,0,EPOCH-WR,7,RecentScan
par,Write Repair,68,68,RecentScan,14.834791,,68.0,,,,0,EPOCH-WR,7,RecentScan
par,Write Repair,69,69,MarkTs,0.054041,,69.0,,,,0,EPOCH-WR,7,
par,Write Repair,70,70,Update,0.849625,6.0,,,,,0,EPOCH-WR,7,Update
par,Write Repair,71,71,RecentScan,14.588833,,71.0,,,,0,EPOCH-WR,7,RecentScan
par,Write Repair,72,72,RecentScan,15.236334,,72.0,,,,0,EPOCH-WR,7,RecentScan
par,Write Repair,73,73,RecentScan,15.044583,,73.0,,,,0,EPOCH-WR,7,RecentScan
par,Write Repair,74,74,RecentScan,14.836416,,74.0,,,,0,EPOCH-WR,7,RecentScan
par,Write Repair,75,75,RecentScan,16.030334,,75.0,,,,0,EPOCH-WR,7,RecentScan
par,Write Repair,76,76,MarkTs,0.056125,,76.0,,,,0,EPOCH-WR,7,
par,Write Repair,77,77,Update,0.90225,6.0,,,,,0,EPOCH-WR,7,Update
par,Write Repair,78,78,HistoryScan,15.772833,,76.0,,,,0,EPOCH-WR,7,HistoryScan
par,Write Repair,79,79,RecentScan,14.858792,,79.0,,,,0,EPOCH-WR,7,RecentScan
par,Write Repair,80,80,RecentScan,15.293334,,80.0,,,,0,EPOCH-WR,7,RecentScan
par,Write Repair,81,81,RecentScan,15.910792,,81.0,,,,0,EPOCH-WR,7,RecentScan
par,Write Repair,82,82,RecentScan,15.530917,,82.0,,,,0,EPOCH-WR,7,RecentScan
par,Write Repair,83,83,MarkTs,0.054041,,83.0,,,,0,EPOCH-WR,7,
par,Write Repair,84,84,Update,0.8534579999999999,6.0,,,,,0,EPOCH-WR,7,Update
par,Write Repair,85,85,RecentScan,15.526875,,85.0,,,,0,EPOCH-WR,7,RecentScan
par,Write Repair,86,86,RecentScan,16.034292,,86.0,,,,0,EPOCH-WR,7,RecentScan
par,Write Repair,87,87,RecentScan,15.628042,,87.0,,,,0,EPOCH-WR,7,RecentScan
par,Write Repair,88,88,RecentScan,13.38375,,88.0,,,,0,EPOCH-WR,7,RecentScan
par,Write Repair,89,89,RecentScan,14.923208,,89.0,,,,0,EPOCH-WR,7,RecentScan
par,Write Repair,90,90,MarkTs,0.060083,,90.0,,,,0,EPOCH-WR,7,
par,Write Repair,91,91,Update,0.8855839999999999,6.0,,,,,0,EPOCH-WR,7,Update
par,Write Repair,92,92,HistoryScan,15.163083,,90.0,,,,0,EPOCH-WR,7,HistoryScan
par,Write Repair,93,93,RecentScan,15.112666,,93.0,,,,0,EPOCH-WR,7,RecentScan
par,Write Repair,94,94,RecentScan,15.04875,,94.0,,,,0,EPOCH-WR,7,RecentScan
par,Write Repair,95,95,RecentScan,14.964875,,95.0,,,,0,EPOCH-WR,7,RecentScan
par,Write Repair,96,96,RecentScan,17.09075,,96.0,,,,0,EPOCH-WR,7,RecentScan
par,Write Repair,97,97,MarkTs,0.050915999999999996,,97.0,,,,0,EPOCH-WR,7,
par,Write Repair,98,98,Update,0.823416,6.0,,,,,0,EPOCH-WR,7,Update
par,Write Repair,99,99,RecentScan,15.584625,,99.0,,,,0,EPOCH-WR,7,RecentScan
par,Write Repair,100,100,RecentScan,16.377625,,100.0,,,,0,EPOCH-WR,7,RecentScan
par,Write Repair,101,101,RecentScan,15.000708,,101.0,,,,0,EPOCH-WR,7,RecentScan
par,Write Repair,102,102,RecentScan,16.332333,,102.0,,,,0,EPOCH-WR,7,RecentScan
par,Write Repair,103,103,RecentScan,15.43975,,103.0,,,,0,EPOCH-WR,7,RecentScan
par,Write Repair,104,104,MarkTs,0.052917,,104.0,,,,0,EPOCH-WR,7,
par,Write Repair,105,105,Update,0.897,6.0,,,,,0,EPOCH-WR,7,Update
par,Write Repair,106,106,RecentScan,15.240834,,106.0,,,,0,EPOCH-WR,7,RecentScan
par,Write Repair,107,107,RecentScan,16.447666,,107.0,,,,0,EPOCH-WR,7,RecentScan
par,Write Repair,108,108,RecentScan,16.400083,,108.0,,,,0,EPOCH-WR,7,RecentScan
par,Write Repair,109,109,RecentScan,14.999417,,109.0,,,,0,EPOCH-WR,7,RecentScan
par,Write Repair,110,110,RecentScan,12.848958,,110.0,,,,0,EPOCH-WR,7,RecentScan
par,Write Repair,111,111,MarkTs,0.732542,,111.0,,,,0,EPOCH-WR,7,
par,Write Repair,112,112,Update,0.904916,6.0,,,,,0,EPOCH-WR,7,Update
par,Write Repair,113,113,RecentScan,14.152084,,113.0,,,,0,EPOCH-WR,7,RecentScan
par,Write Repair,114,114,RecentScan,15.128833,,114.0,,,,0,EPOCH-WR,7,RecentScan
par,Write Repair,115,115,RecentScan,15.182875,,115.0,,,,0,EPOCH-WR,7,RecentScan
par,Write Repair,116,116,RecentScan,15.009708,,116.0,,,,0,EPOCH-WR,7,RecentScan
par,Write Repair,117,117,RecentScan,15.3615,,117.0,,,,0,EPOCH-WR,7,RecentScan
par,Write Repair,118,118,MarkTs,0.052333,,118.0,,,,0,EPOCH-WR,7,
par,Write Repair,119,119,Update,0.872625,6.0,,,,,0,EPOCH-WR,7,Update
par,Write Repair,120,120,RecentScan,14.845709,,120.0,,,,0,EPOCH-WR,7,RecentScan
par,Write Repair,121,121,RecentScan,15.071292,,121.0,,,,0,EPOCH-WR,7,RecentScan
par,Write Repair,122,122,RecentScan,14.313708,,122.0,,,,0,EPOCH-WR,7,RecentScan
par,Write Repair,123,123,RecentScan,14.350417,,123.0,,,,0,EPOCH-WR,7,RecentScan
par,Write Repair,124,124,RecentScan,13.574125,,124.0,,,,0,EPOCH-WR,7,RecentScan
par,Write Repair,125,125,MarkTs,0.052875,,125.0,,,,0,EPOCH-WR,7,
par,Write Repair,126,126,Update,0.8649589999999999,6.0,,,,,0,EPOCH-WR,7,Update
par,Write Repair,127,127,RecentScan,15.208833,,127.0,,,,0,EPOCH-WR,7,RecentScan
par,Write Repair,128,128,RecentScan,14.815958,,128.0,,,,0,EPOCH-WR,7,RecentScan
par,Write Repair,129,129,RecentScan,14.840792,,129.0,,,,0,EPOCH-WR,7,RecentScan
par,Write Repair,130,130,RecentScan,15.03275,,130.0,,,,0,EPOCH-WR,7,RecentScan
par,Write Repair,131,131,RecentScan,15.593333,,131.0,,,,0,EPOCH-WR,7,RecentScan
par,Write Repair,132,132,MarkTs,0.0525,,132.0,,,,0,EPOCH-WR,7,
par,Write Repair,133,133,Update,0.899375,6.0,,,,,0,EPOCH-WR,7,Update
par,Write Repair,134,134,RecentScan,15.077375,,134.0,,,,0,EPOCH-WR,7,RecentScan
par,Write Repair,135,135,RecentScan,14.200541,,135.0,,,,0,EPOCH-WR,7,RecentScan
par,Write Repair,136,136,RecentScan,14.645,,136.0,,,,0,EPOCH-WR,7,RecentScan
par,Write Repair,137,137,RecentScan,13.417791,,137.0,,,,0,EPOCH-WR,7,RecentScan
par,Write Repair,138,138,RecentScan,14.794334,,138.0,,,,0,EPOCH-WR,7,RecentScan
par,Write Repair,139,139,MarkTs,0.043332999999999997,,139.0,,,,0,EPOCH-WR,7,
par,Write Repair,140,140,Update,0.895792,6.0,,,,,0,EPOCH-WR,7,Update
par,Write Repair,0,0,InitLoad,19.504083,60000.0,,,,,1,EPOCH-WR,7,InitLoad
par,Write Repair,1,1,RecentScan,16.235791,,1.0,,,,1,EPOCH-WR,7,RecentScan
par,Write Repair,2,2,RecentScan,15.594083,,2.0,,,,1,EPOCH-WR,7,RecentScan
par,Write Repair,3,3,RecentScan,16.567708,,3.0,,,,1,EPOCH-WR,7,RecentScan
par,Write Repair,4,4,RecentScan,16.07325,,4.0,,,,1,EPOCH-WR,7,RecentScan
par,Write Repair,5,5,RecentScan,15.022833,,5.0,,,,1,EPOCH-WR,7,RecentScan
par,Write Repair,6,6,MarkTs,0.23516700000000001,,6.0,,,,1,EPOCH-WR,7,
par,Write Repair,7,7,Update,0.9125829999999999,6.0,,,,,1,EPOCH-WR,7,Update
par,Write Repair,8,8,HistoryScan,15.865875,,6.0,,,,1,EPOCH-WR,7,HistoryScan
par,Write Repair,9,9,RecentScan,15.790833,,9.0,,,,1,EPOCH-WR,7,RecentScan
par,Write Repair,10,10,RecentScan,16.24775,,10.0,,,,1,EPOCH-WR,7,RecentScan
par,Write Repair,11,11,RecentScan,15.399792,,11.0,,,,1,EPOCH-WR,7,RecentScan
par,Write Repair,12,12,RecentScan,15.092625,,12.0,,,,1,EPOCH-WR,7,RecentScan
par,Write Repair,13,13,MarkTs,0.019042,,13.0,,,,1,EPOCH-WR,7,
par,Write Repair,14,14,Update,0.881709,6.0,,,,,1,EPOCH-WR,7,Update
par,Write Repair,15,15,RecentScan,14.773541,,15.0,,,,1,EPOCH-WR,7,RecentScan
par,Write Repair,16,16,RecentScan,14.480416,,16.0,,,,1,EPOCH-WR,7,RecentScan
par,Write Repair,17,17,RecentScan,14.160208,,17.0,,,,1,EPOCH-WR,7,RecentScan
par,Write Repair,18,18,RecentScan,16.097209,,18.0,,,,1,EPOCH-WR,7,RecentScan
par,Write Repair,19,19,RecentScan,15.575208,,19.0,,,,1,EPOCH-WR,7,RecentScan
par,Write Repair,20,20,MarkTs,0.019125,,20.0,,,,1,EPOCH-WR,7,
par,Write Repair,21,21,Update,0.8640829999999999,6.0,,,,,1,EPOCH-WR,7,Update
par,Write Repair,22,22,HistoryScan,15.517042,,20.0,,,,1,EPOCH-WR,7,HistoryScan
par,Write Repair,23,23,RecentScan,16.098208,,23.0,,,,1,EPOCH-WR,7,RecentScan
par,Write Repair,24,24,RecentScan,15.894416,,24.0,,,,1,EPOCH-WR,7,RecentScan
par,Write Repair,25,25,RecentScan,15.39375,,25.0,,,,1,EPOCH-WR,7,RecentScan
par,Write Repair,26,26,RecentScan,14.884291,,26.0,,,,1,EPOCH-WR,7,RecentScan
par,Write Repair,27,27,MarkTs,0.215625,,27.0,,,,1,EPOCH-WR,7,
par,Write Repair,28,28,Update,0.826625,6.0,,,,,1,EPOCH-WR,7,Update
par,Write Repair,29,29,RecentScan,16.07475,,29.0,,,,1,EPOCH-WR,7,RecentScan
par,Write Repair,30,30,RecentScan,15.480625,,30.0,,,,1,EPOCH-WR,7,RecentScan
par,Write Repair,31,31,RecentScan,15.85925,,31.0,,,,1,EPOCH-WR,7,RecentScan
par,Write Repair,32,32,RecentScan,16.569458,,32.0,,,,1,EPOCH-WR,7,RecentScan
par,Write Repair,33,33,RecentScan,16.198625,,33.0,,,,1,EPOCH-WR,7,RecentScan
par,Write Repair,34,34,MarkTs,0.04475,,34.0,,,,1,EPOCH-WR,7,
par,Write Repair,35,35,Update,0.887667,6.0,,,,,1,EPOCH-WR,7,Update
par,Write Repair,36,36,HistoryScan,15.770083,,34.0,,,,1,EPOCH-WR,7,HistoryScan
par,Write Repair,37,37,RecentScan,15.765791,,37.0,,,,1,EPOCH-WR,7,RecentScan
par,Write Repair,38,38,RecentScan,15.693208,,38.0,,,,1,EPOCH-WR,7,RecentScan
par,Write Repair,39,39,RecentScan,15.006542,,39.0,,,,1,EPOCH-WR,7,RecentScan
par,Write Repair,40,40,RecentScan,14.482958,,40.0,,,,1,EPOCH-WR,7,RecentScan
par,Write Repair,41,41,MarkTs,0.041582999999999995,,41.0,,,,1,EPOCH-WR,7,
par,Write Repair,42,42,Update,0.8334579999999999,6.0,,,,,1,EPOCH-WR,7,Update
par,Write Repair,43,43,RecentScan,14.356125,,43.0,,,,1,EPOCH-WR,7,RecentScan
par,Write Repair,44,44,RecentScan,15.182791,,44.0,,,,1,EPOCH-WR,7,RecentScan
par,Write Repair,45,45,RecentScan,14.395,,45.0,,,,1,EPOCH-WR,7,RecentScan
par,Write Repair,46,46,RecentScan,15.855125,,46.0,,,,1,EPOCH-WR,7,RecentScan
par,Write Repair,47,47,RecentScan,15.119333,,47.0,,,,1,EPOCH-WR,7,RecentScan
par,Write Repair,48,48,MarkTs,0.040042,,48.0,,,,1,EPOCH-WR,7,
par,Write Repair,49,49,Update,0.817917,6.0,,,,,1,EPOCH-WR,7,Update
par,Write Repair,50,50,HistoryScan,16.060834,,48.0,,,,1,EPOCH-WR,7,HistoryScan
par,Write Repair,51,51,RecentScan,15.982291,,51.0,,,,1,EPOCH-WR,7,RecentScan
par,Write Repair,52,52,RecentScan,15.585666,,52.0,,,,1,EPOCH-WR,7,RecentScan
par,Write Repair,53,53,RecentScan,15.4185,,53.0,,,,1,EPOCH-WR,7,RecentScan
par,Write Repair,54,54,RecentScan,16.447917,,54.0,,,,1,EPOCH-WR,7,RecentScan
par,Write Repair,55,55,MarkTs,0.246209,,55.0,,,,1,EPOCH-WR,7,
par,Write Repair,56,56,Update,0.864042,6.0,,,,,1,EPOCH-WR,7,Update
par,Write Repair,57,57,RecentScan,16.619917,,57.0,,,,1,EPOCH-WR,7,RecentScan
par,Write Repair,58,58,RecentScan,15.860125,,58.0,,,,1,EPOCH-WR,7,RecentScan
par,Write Repair,59,59,RecentScan,15.199458,,59.0,,,,1,EPOCH-WR,7,RecentScan
par,Write Repair,60,60,RecentScan,16.803792,,60.0,,,,1,EPOCH-WR,7,RecentScan
par,Write Repair,61,61,RecentScan,15.38175,,61.0,,,,1,EPOCH-WR,7,RecentScan
par,Write Repair,62,62,MarkTs,0.050707999999999996,,62.0,,,,1,EPOCH-WR,7,
par,Write Repair,63,63,Update,0.92325,6.0,,,,,1,EPOCH-WR,7,Update
par,Write Repair,64,64,HistoryScan,15.784208,,62.0,,,,1,EPOCH-WR,7,HistoryScan
par,Write Repair,65,65,RecentScan,14.709917,,65.0,,,,1,EPOCH-WR,7,RecentScan
par,Write Repair,66,66,RecentScan,14.440833,,66.0,,,,1,EPOCH-WR,7,RecentScan
par,Write Repair,67,67,RecentScan,15.530458,,67.0,,,,1,EPOCH-WR,7,RecentScan
par,Write Repair,68,68,RecentScan,15.437709,,68.0,,,,1,EPOCH-WR,7,RecentScan
par,Write Repair,69,69,MarkTs,0.059625,,69.0,,,,1,EPOCH-WR,7,
par,Write Repair,70,70,Update,0.826375,6.0,,,,,1,EPOCH-WR,7,Update
par,Write Repair,71,71,RecentScan,14.367375,,71.0,,,,1,EPOCH-WR,7,RecentScan
par,Write Repair,72,72,RecentScan,15.239209,,72.0,,,,1,EPOCH-WR,7,RecentScan
par,Write Repair,73,73,RecentScan,15.195583,,73.0,,,,1,EPOCH-WR,7,RecentScan
par,Write Repair,74,74,RecentScan,15.798917,,74.0,,,,1,EPOCH-WR,7,RecentScan
par,Write Repair,75,75,RecentScan,15.589959,,75.0,,,,1,EPOCH-WR,7,RecentScan
par,Write Repair,76,76,MarkTs,0.058959000000000004,,76.0,,,,1,EPOCH-WR,7,
par,Write Repair,77,77,Update,0.859875,6.0,,,,,1,EPOCH-WR,7,Update
par,Write Repair,78,78,HistoryScan,15.183167,,76.0,,,,1,EPOCH-WR,7,HistoryScan
par,Write Repair,79,79,RecentScan,14.9905,,79.0,,,,1,EPOCH-WR,7,RecentScan
par,Write Repair,80,80,RecentScan,15.7175,,80.0,,,,1,EPOCH-WR,7,RecentScan
par,Write Repair,81,81,RecentScan,15.419833,,81.0,,,,1,EPOCH-WR,7,RecentScan
par,Write Repair,82,82,RecentScan,16.386875,,82.0,,,,1,EPOCH-WR,7,RecentScan
par,Write Repair,83,83,MarkTs,0.055333,,83.0,,,,1,EPOCH-WR,7,
par,Write Repair,84,84,Update,0.848,6.0,,,,,1,EPOCH-WR,7,Update
par,Write Repair,85,85,RecentScan,15.161333,,85.0,,,,1,EPOCH-WR,7,RecentScan
par,Write Repair,86,86,RecentScan,14.986083,,86.0,,,,1,EPOCH-WR,7,RecentScan
par,Write Repair,87,87,RecentScan,13.617125,,87.0,,,,1,EPOCH-WR,7,RecentScan
par,Write Repair,88,88,RecentScan,15.7445,,88.0,,,,1,EPOCH-WR,7,RecentScan
par,Write Repair,89,89,RecentScan,14.906209,,89.0,,,,1,EPOCH-WR,7,RecentScan
par,Write Repair,90,90,MarkTs,0.056917,,90.0,,,,1,EPOCH-WR,7,
par,Write Repair,91,91,Update,0.893375,6.0,,,,,1,EPOCH-WR,7,Update
par,Write Repair,92,92,HistoryScan,16.022083,,90.0,,,,1,EPOCH-WR,7,HistoryScan
par,Write Repair,93,93,RecentScan,17.636041,,93.0,,,,1,EPOCH-WR,7,RecentScan
par,Write Repair,94,94,RecentScan,15.270833,,94.0,,,,1,EPOCH-WR,7,RecentScan
par,Write Repair,95,95,RecentScan,16.614459,,95.0,,,,1,EPOCH-WR,7,RecentScan
par,Write Repair,96,96,RecentScan,16.407,,96.0,,,,1,EPOCH-WR,7,RecentScan
par,Write Repair,97,97,MarkTs,0.058082999999999996,,97.0,,,,1,EPOCH-WR,7,
par,Write Repair,98,98,Update,0.882667,6.0,,,,,1,EPOCH-WR,7,Update
par,Write Repair,99,99,RecentScan,16.596291,,99.0,,,,1,EPOCH-WR,7,RecentScan
par,Write Repair,100,100,RecentScan,17.577666,,100.0,,,,1,EPOCH-WR,7,RecentScan
par,Write Repair,101,101,RecentScan,14.201209,,101.0,,,,1,EPOCH-WR,7,RecentScan
par,Write Repair,102,102,RecentScan,17.1415,,102.0,,,,1,EPOCH-WR,7,RecentScan
par,Write Repair,103,103,RecentScan,15.54275,,103.0,,,,1,EPOCH-WR,7,RecentScan
par,Write Repair,104,104,MarkTs,0.057582999999999995,,104.0,,,,1,EPOCH-WR,7,
par,Write Repair,105,105,Update,0.862375,6.0,,,,,1,EPOCH-WR,7,Update
par,Write Repair,106,106,RecentScan,17.015833,,106.0,,,,1,EPOCH-WR,7,RecentScan
par,Write Repair,107,107,RecentScan,15.78075,,107.0,,,,1,EPOCH-WR,7,RecentScan
par,Write Repair,108,108,RecentScan,17.4005,,108.0,,,,1,EPOCH-WR,7,RecentScan
par,Write Repair,109,109,RecentScan,15.094125,,109.0,,,,1,EPOCH-WR,7,RecentScan
par,Write Repair,110,110,RecentScan,14.444,,110.0,,,,1,EPOCH-WR,7,RecentScan
par,Write Repair,111,111,MarkTs,0.645208,,111.0,,,,1,EPOCH-WR,7,
par,Write Repair,112,112,Update,0.917917,6.0,,,,,1,EPOCH-WR,7,Update
par,Write Repair,113,113,RecentScan,15.241375,,113.0,,,,1,EPOCH-WR,7,RecentScan
par,Write Repair,114,114,RecentScan,15.66575,,114.0,,,,1,EPOCH-WR,7,RecentScan
par,Write Repair,115,115,RecentScan,15.311833,,115.0,,,,1,EPOCH-WR,7,RecentScan
par,Write Repair,116,116,RecentScan,14.672541,,116.0,,,,1,EPOCH-WR,7,RecentScan
par,Write Repair,117,117,RecentScan,15.340791,,117.0,,,,1,EPOCH-WR,7,RecentScan
par,Write Repair,118,118,MarkTs,0.046833,,118.0,,,,1,EPOCH-WR,7,
par,Write Repair,119,119,Update,0.933292,6.0,,,,,1,EPOCH-WR,7,Update
par,Write Repair,120,120,RecentScan,14.721458,,120.0,,,,1,EPOCH-WR,7,RecentScan
par,Write Repair,121,121,RecentScan,13.311667,,121.0,,,,1,EPOCH-WR,7,RecentScan
par,Write Repair,122,122,RecentScan,13.638125,,122.0,,,,1,EPOCH-WR,7,RecentScan
par,Write Repair,123,123,RecentScan,15.267875,,123.0,,,,1,EPOCH-WR,7,RecentScan
par,Write Repair,124,124,RecentScan,15.557417,,124.0,,,,1,EPOCH-WR,7,RecentScan
par,Write Repair,125,125,MarkTs,0.052333,,125.0,,,,1,EPOCH-WR,7,
par,Write Repair,126,126,Update,0.873542,6.0,,,,,1,EPOCH-WR,7,Update
par,Write Repair,127,127,RecentScan,15.133542,,127.0,,,,1,EPOCH-WR,7,RecentScan
par,Write Repair,128,128,RecentScan,14.99275,,128.0,,,,1,EPOCH-WR,7,RecentScan
par,Write Repair,129,129,RecentScan,14.86975,,129.0,,,,1,EPOCH-WR,7,RecentScan
par,Write Repair,130,130,RecentScan,14.573083,,130.0,,,,1,EPOCH-WR,7,RecentScan
par,Write Repair,131,131,RecentScan,14.952333,,131.0,,,,1,EPOCH-WR,7,RecentScan
par,Write Repair,132,132,MarkTs,0.050125,,132.0,,,,1,EPOCH-WR,7,
par,Write Repair,133,133,Update,0.872417,6.0,,,,,1,EPOCH-WR,7,Update
par,Write Repair,134,134,RecentScan,14.265291,,134.0,,,,1,EPOCH-WR,7,RecentScan
par,Write Repair,135,135,RecentScan,15.504333,,135.0,,,,1,EPOCH-WR,7,RecentScan
par,Write Repair,136,136,RecentScan,14.033792,,136.0,,,,1,EPOCH-WR,7,RecentScan
par,Write Repair,137,137,RecentScan,14.937792,,137.0,,,,1,EPOCH-WR,7,RecentScan
par,Write Repair,138,138,RecentScan,15.274583,,138.0,,,,1,EPOCH-WR,7,RecentScan
par,Write Repair,139,139,MarkTs,0.041915999999999995,,139.0,,,,1,EPOCH-WR,7,
par,Write Repair,140,140,Update,0.861625,6.0,,,,,1,EPOCH-WR,7,Update
par,Write Repair,0,0,InitLoad,18.957583,60000.0,,,,,0,EPOCH-WR,8,InitLoad
par,Write Repair,1,1,RecentScan,15.636291,,1.0,,,,0,EPOCH-WR,8,RecentScan
par,Write Repair,2,2,RecentScan,15.019709,,2.0,,,,0,EPOCH-WR,8,RecentScan
par,Write Repair,3,3,RecentScan,16.050792,,3.0,,,,0,EPOCH-WR,8,RecentScan
par,Write Repair,4,4,RecentScan,15.848709,,4.0,,,,0,EPOCH-WR,8,RecentScan
par,Write Repair,5,5,RecentScan,15.96475,,5.0,,,,0,EPOCH-WR,8,RecentScan
par,Write Repair,6,6,MarkTs,0.24870799999999998,,6.0,,,,0,EPOCH-WR,8,
par,Write Repair,7,7,Update,0.91325,6.0,,,,,0,EPOCH-WR,8,Update
par,Write Repair,8,8,HistoryScan,14.493708,,6.0,,,,0,EPOCH-WR,8,HistoryScan
par,Write Repair,9,9,RecentScan,14.476542,,9.0,,,,0,EPOCH-WR,8,RecentScan
par,Write Repair,10,10,RecentScan,12.889084,,10.0,,,,0,EPOCH-WR,8,RecentScan
par,Write Repair,11,11,RecentScan,14.747417,,11.0,,,,0,EPOCH-WR,8,RecentScan
par,Write Repair,12,12,RecentScan,15.652291,,12.0,,,,0,EPOCH-WR,8,RecentScan
par,Write Repair,13,13,MarkTs,0.018708,,13.0,,,,0,EPOCH-WR,8,
par,Write Repair,14,14,Update,0.801292,6.0,,,,,0,EPOCH-WR,8,Update
par,Write Repair,15,15,RecentScan,14.866625,,15.0,,,,0,EPOCH-WR,8,RecentScan
par,Write Repair,16,16,RecentScan,15.354125,,16.0,,,,0,EPOCH-WR,8,RecentScan
par,Write Repair,17,17,RecentScan,14.477583,,17.0,,,,0,EPOCH-WR,8,RecentScan
par,Write Repair,18,18,RecentScan,14.534459,,18.0,,,,0,EPOCH-WR,8,RecentScan
par,Write Repair,19,19,RecentScan,15.416875,,19.0,,,,0,EPOCH-WR,8,RecentScan
par,Write Repair,20,20,MarkTs,0.017125,,20.0,,,,0,EPOCH-WR,8,
par,Write Repair,21,21,Update,0.833875,6.0,,,,,0,EPOCH-WR,8,Update
par,Write Repair,22,22,HistoryScan,15.671792,,20.0,,,,0,EPOCH-WR,8,HistoryScan
par,Write Repair,23,23,RecentScan,13.813792,,23.0,,,,0,EPOCH-WR,8,RecentScan
par,Write Repair,24,24,RecentScan,14.902917,,24.0,,,,0,EPOCH-WR,8,RecentScan
par,Write Repair,25,25,RecentScan,14.364458,,25.0,,,,0,EPOCH-WR,8,RecentScan
par,Write Repair,26,26,RecentScan,14.395375,,26.0,,,,0,EPOCH-WR,8,RecentScan
par,Write Repair,27,27,MarkTs,0.296041,,27.0,,,,0,EPOCH-WR,8,
par,Write Repair,28,28,Update,0.803417,6.0,,,,,0,EPOCH-WR,8,Update
par,Write Repair,29,29,RecentScan,15.640875,,29.0,,,,0,EPOCH-WR,8,RecentScan
par,Write Repair,30,30,RecentScan,15.092708,,30.0,,,,0,EPOCH-WR,8,RecentScan
par,Write Repair,31,31,RecentScan,17.044667,,31.0,,,,0,EPOCH-WR,8,RecentScan
par,Write Repair,32,32,RecentScan,16.1525,,32.0,,,,0,EPOCH-WR,8,RecentScan
par,Write Repair,33,33,RecentScan,15.3085,,33.0,,,,0,EPOCH-WR,8,RecentScan
par,Write Repair,34,34,MarkTs,0.046416,,34.0,,,,0,EPOCH-WR,8,
par,Write Repair,35,35,Update,0.8857079999999999,6.0,,,,,0,EPOCH-WR,8,Update
par,Write Repair,36,36,HistoryScan,14.820917,,34.0,,,,0,EPOCH-WR,8,HistoryScan
par,Write Repair,37,37,RecentScan,15.730416,,37.0,,,,0,EPOCH-WR,8,RecentScan
par,Write Repair,38,38,RecentScan,15.2495,,38.0,,,,0,EPOCH-WR,8,RecentScan
par,Write Repair,39,39,RecentScan,13.983542,,39.0,,,,0,EPOCH-WR,8,RecentScan
par,Write Repair,40,40,RecentScan,13.483083,,40.0,,,,0,EPOCH-WR,8,RecentScan
par,Write Repair,41,41,MarkTs,0.045666,,41.0,,,,0,EPOCH-WR,8,
par,Write Repair,42,42,Update,0.895375,6.0,,,,,0,EPOCH-WR,8,Update
par,Write Repair,43,43,RecentScan,14.118,,43.0,,,,0,EPOCH-WR,8,RecentScan
par,Write Repair,44,44,RecentScan,14.908125,,44.0,,,,0,EPOCH-WR,8,RecentScan
par,Write Repair,45,45,RecentScan,15.185667,,45.0,,,,0,EPOCH-WR,8,RecentScan
par,Write Repair,46,46,RecentScan,15.059208,,46.0,,,,0,EPOCH-WR,8,RecentScan
par,Write Repair,47,47,RecentScan,15.562542,,47.0,,,,0,EPOCH-WR,8,RecentScan
par,Write Repair,48,48,MarkTs,0.045083,,48.0,,,,0,EPOCH-WR,8,
par,Write Repair,49,49,Update,0.8370420000000001,6.0,,,,,0,EPOCH-WR,8,Update
par,Write Repair,50,50,HistoryScan,15.357875,,48.0,,,,0,EPOCH-WR,8,HistoryScan
par,Write Repair,51,51,RecentScan,15.613542,,51.0,,,,0,EPOCH-WR,8,RecentScan
par,Write Repair,52,52,RecentScan,15.415042,,52.0,,,,0,EPOCH-WR,8,RecentScan
par,Write Repair,53,53,RecentScan,17.461583,,53.0,,,,0,EPOCH-WR,8,RecentScan
par,Write Repair,54,54,RecentScan,15.808416,,54.0,,,,0,EPOCH-WR,8,RecentScan
par,Write Repair,55,55,MarkTs,0.279041,,55.0,,,,0,EPOCH-WR,8,
par,Write Repair,56,56,Update,0.855333,6.0,,,,,0,EPOCH-WR,8,Update
par,Write Repair,57,57,RecentScan,16.143042,,57.0,,,,0,EPOCH-WR,8,RecentScan
par,Write Repair,58,58,RecentScan,15.128958,,58.0,,,,0,EPOCH-WR,8,RecentScan
par,Write Repair,59,59,RecentScan,15.041375,,59.0,,,,0,EPOCH-WR,8,RecentScan
par,Write Repair,60,60,RecentScan,13.608209,,60.0,,,,0,EPOCH-WR,8,RecentScan
par,Write Repair,61,61,RecentScan,14.347834,,61.0,,,,0,EPOCH-WR,8,RecentScan
par,Write Repair,62,62,MarkTs,0.056915999999999994,,62.0,,,,0,EPOCH-WR,8,
par,Write Repair,63,63,Update,0.8476670000000001,6.0,,,,,0,EPOCH-WR,8,Update
par,Write Repair,64,64,HistoryScan,14.446041,,62.0,,,,0,EPOCH-WR,8,HistoryScan
par,Write Repair,65,65,RecentScan,16.05325,,65.0,,,,0,EPOCH-WR,8,RecentScan
par,Write Repair,66,66,RecentScan,16.384375,,66.0,,,,0,EPOCH-WR,8,RecentScan
par,Write Repair,67,67,RecentScan,15.393625,,67.0,,,,0,EPOCH-WR,8,RecentScan
par,Write Repair,68,68,RecentScan,15.199125,,68.0,,,,0,EPOCH-WR,8,RecentScan
par,Write Repair,69,69,MarkTs,0.059584000000000005,,69.0,,,,0,EPOCH-WR,8,
par,Write Repair,70,70,Update,0.815083,6.0,,,,,0,EPOCH-WR,8,Update
par,Write Repair,71,71,RecentScan,15.795208,,71.0,,,,0,EPOCH-WR,8,RecentScan
par,Write Repair,72,72,RecentScan,16.176666,,72.0,,,,0,EPOCH-WR,8,RecentScan
par,Write Repair,73,73,RecentScan,14.985542,,73.0,,,,0,EPOCH-WR,8,RecentScan
par,Write Repair,74,74,RecentScan,14.67175,,74.0,,,,0,EPOCH-WR,8,RecentScan
par,Write Repair,75,75,RecentScan,15.030125,,75.0,,,,0,EPOCH-WR,8,RecentScan
par,Write Repair,76,76,MarkTs,0.056875,,76.0,,,,0,EPOCH-WR,8,
par,Write Repair,77,77,Update,0.8202079999999999,6.0,,,,,0,EPOCH-WR,8,Update
par,Write Repair,78,78,HistoryScan,14.423209,,76.0,,,,0,EPOCH-WR,8,HistoryScan
par,Write Repair,79,79,RecentScan,12.912875,,79.0,,,,0,EPOCH-WR,8,RecentScan
par,Write Repair,80,80,RecentScan,14.397333,,80.0,,,,0,EPOCH-WR,8,RecentScan
par,Write Repair,81,81,RecentScan,15.008875,,81.0,,,,0,EPOCH-WR,8,RecentScan
par,Write Repair,82,82,RecentScan,15.032625,,82.0,,,,0,EPOCH-WR,8,RecentScan
par,Write Repair,83,83,MarkTs,0.058,,83.0,,,,0,EPOCH-WR,8,
par,Write Repair,84,84,Update,0.812042,6.0,,,,,0,EPOCH-WR,8,Update
par,Write Repair,85,85,RecentScan,14.339042,,85.0,,,,0,EPOCH-WR,8,RecentScan
par,Write Repair,86,86,RecentScan,14.297542,,86.0,,,,0,EPOCH-WR,8,RecentScan
par,Write Repair,87,87,RecentScan,15.543041,,87.0,,,,0,EPOCH-WR,8,RecentScan
par,Write Repair,88,88,RecentScan,15.331125,,88.0,,,,0,EPOCH-WR,8,RecentScan
par,Write Repair,89,89,RecentScan,15.025042,,89.0,,,,0,EPOCH-WR,8,RecentScan
par,Write Repair,90,90,MarkTs,0.057292,,90.0,,,,0,EPOCH-WR,8,
par,Write Repair,91,91,Update,0.842292,6.0,,,,,0,EPOCH-WR,8,Update
par,Write Repair,92,92,HistoryScan,14.279541,,90.0,,,,0,EPOCH-WR,8,HistoryScan
par,Write Repair,93,93,RecentScan,14.344666,,93.0,,,,0,EPOCH-WR,8,RecentScan
par,Write Repair,94,94,RecentScan,16.040584,,94.0,,,,0,EPOCH-WR,8,RecentScan
par,Write Repair,95,95,RecentScan,16.793125,,95.0,,,,0,EPOCH-WR,8,RecentScan
par,Write Repair,96,96,RecentScan,15.037084,,96.0,,,,0,EPOCH-WR,8,RecentScan
par,Write Repair,97,97,MarkTs,0.057667,,97.0,,,,0,EPOCH-WR,8,
par,Write Repair,98,98,Update,0.8755839999999999,6.0,,,,,0,EPOCH-WR,8,Update
par,Write Repair,99,99,RecentScan,15.176,,99.0,,,,0,EPOCH-WR,8,RecentScan
par,Write Repair,100,100,RecentScan,17.736542,,100.0,,,,0,EPOCH-WR,8,RecentScan
par,Write Repair,101,101,RecentScan,15.730125,,101.0,,,,0,EPOCH-WR,8,RecentScan
par,Write Repair,102,102,RecentScan,14.831375,,102.0,,,,0,EPOCH-WR,8,RecentScan
par,Write Repair,103,103,RecentScan,14.758041,,103.0,,,,0,EPOCH-WR,8,RecentScan
par,Write Repair,104,104,MarkTs,0.057792,,104.0,,,,0,EPOCH-WR,8,
par,Write Repair,105,105,Update,0.8686670000000001,6.0,,,,,0,EPOCH-WR,8,Update
par,Write Repair,106,106,HistoryScan,15.15475,,104.0,,,,0,EPOCH-WR,8,HistoryScan
par,Write Repair,107,107,RecentScan,15.238291,,107.0,,,,0,EPOCH-WR,8,RecentScan
par,Write Repair,108,108,RecentScan,14.564,,108.0,,,,0,EPOCH-WR,8,RecentScan
par,Write Repair,109,109,RecentScan,14.498791,,109.0,,,,0,EPOCH-WR,8,RecentScan
par,Write Repair,110,110,RecentScan,14.390875,,110.0,,,,0,EPOCH-WR,8,RecentScan
par,Write Repair,111,111,MarkTs,0.620958,,111.0,,,,0,EPOCH-WR,8,
par,Write Repair,112,112,Update,0.880541,6.0,,,,,0,EPOCH-WR,8,Update
par,Write Repair,113,113,RecentScan,13.652125,,113.0,,,,0,EPOCH-WR,8,RecentScan
par,Write Repair,114,114,RecentScan,14.898041,,114.0,,,,0,EPOCH-WR,8,RecentScan
par,Write Repair,115,115,RecentScan,15.205334,,115.0,,,,0,EPOCH-WR,8,RecentScan
par,Write Repair,116,116,RecentScan,15.16725,,116.0,,,,0,EPOCH-WR,8,RecentScan
par,Write Repair,117,117,RecentScan,15.258917,,117.0,,,,0,EPOCH-WR,8,RecentScan
par,Write Repair,118,118,MarkTs,0.047958,,118.0,,,,0,EPOCH-WR,8,
par,Write Repair,119,119,Update,0.913875,6.0,,,,,0,EPOCH-WR,8,Update
par,Write Repair,120,120,RecentScan,14.701,,120.0,,,,0,EPOCH-WR,8,RecentScan
par,Write Repair,121,121,RecentScan,14.629667,,121.0,,,,0,EPOCH-WR,8,RecentScan
par,Write Repair,122,122,RecentScan,14.865417,,122.0,,,,0,EPOCH-WR,8,RecentScan
par,Write Repair,123,123,RecentScan,14.020458,,123.0,,,,0,EPOCH-WR,8,RecentScan
par,Write Repair,124,124,RecentScan,13.578875,,124.0,,,,0,EPOCH-WR,8,RecentScan
par,Write Repair,125,125,MarkTs,0.051958,,125.0,,,,0,EPOCH-WR,8,
par,Write Repair,126,126,Update,0.901625,6.0,,,,,0,EPOCH-WR,8,Update
par,Write Repair,127,127,RecentScan,14.628417,,127.0,,,,0,EPOCH-WR,8,RecentScan
par,Write Repair,128,128,RecentScan,14.649167,,128.0,,,,0,EPOCH-WR,8,RecentScan
par,Write Repair,129,129,RecentScan,14.554459,,129.0,,,,0,EPOCH-WR,8,RecentScan
par,Write Repair,130,130,RecentScan,14.461625,,130.0,,,,0,EPOCH-WR,8,RecentScan
par,Write Repair,131,131,RecentScan,15.051708,,131.0,,,,0,EPOCH-WR,8,RecentScan
par,Write Repair,132,132,MarkTs,0.045625,,132.0,,,,0,EPOCH-WR,8,
par,Write Repair,133,133,Update,0.874,6.0,,,,,0,EPOCH-WR,8,Update
par,Write Repair,134,134,RecentScan,14.577166,,134.0,,,,0,EPOCH-WR,8,RecentScan
par,Write Repair,135,135,RecentScan,14.279291,,135.0,,,,0,EPOCH-WR,8,RecentScan
par,Write Repair,136,136,RecentScan,13.418625,,136.0,,,,0,EPOCH-WR,8,RecentScan
par,Write Repair,137,137,RecentScan,14.007833,,137.0,,,,0,EPOCH-WR,8,RecentScan
par,Write Repair,138,138,RecentScan,14.592917,,138.0,,,,0,EPOCH-WR,8,RecentScan
par,Write Repair,139,139,MarkTs,0.04075,,139.0,,,,0,EPOCH-WR,8,
par,Write Repair,140,140,Update,0.9016660000000001,6.0,,,,,0,EPOCH-WR,8,Update
par,Write Repair,0,0,InitLoad,19.483417,60000.0,,,,,1,EPOCH-WR,8,InitLoad
par,Write Repair,1,1,RecentScan,16.164458,,1.0,,,,1,EPOCH-WR,8,RecentScan
par,Write Repair,2,2,RecentScan,16.331167,,2.0,,,,1,EPOCH-WR,8,RecentScan
par,Write Repair,3,3,RecentScan,16.635958,,3.0,,,,1,EPOCH-WR,8,RecentScan
par,Write Repair,4,4,RecentScan,16.308375,,4.0,,,,1,EPOCH-WR,8,RecentScan
par,Write Repair,5,5,RecentScan,15.645375,,5.0,,,,1,EPOCH-WR,8,RecentScan
par,Write Repair,6,6,MarkTs,0.207334,,6.0,,,,1,EPOCH-WR,8,
par,Write Repair,7,7,Update,0.96075,6.0,,,,,1,EPOCH-WR,8,Update
par,Write Repair,8,8,HistoryScan,16.6695,,6.0,,,,1,EPOCH-WR,8,HistoryScan
par,Write Repair,9,9,RecentScan,15.640375,,9.0,,,,1,EPOCH-WR,8,RecentScan
par,Write Repair,10,10,RecentScan,15.717959,,10.0,,,,1,EPOCH-WR,8,RecentScan
par,Write Repair,11,11,RecentScan,15.302083,,11.0,,,,1,EPOCH-WR,8,RecentScan
par,Write Repair,12,12,RecentScan,14.602291,,12.0,,,,1,EPOCH-WR,8,RecentScan
par,Write Repair,13,13,MarkTs,0.016457999999999997,,13.0,,,,1,EPOCH-WR,8,
par,Write Repair,14,14,Update,0.880583,6.0,,,,,1,EPOCH-WR,8,Update
par,Write Repair,15,15,RecentScan,15.093416,,15.0,,,,1,EPOCH-WR,8,RecentScan
par,Write Repair,16,16,RecentScan,15.027541,,16.0,,,,1,EPOCH-WR,8,RecentScan
par,Write Repair,17,17,RecentScan,15.212625,,17.0,,,,1,EPOCH-WR,8,RecentScan
par,Write Repair,18,18,RecentScan,15.335166,,18.0,,,,1,EPOCH-WR,8,RecentScan
par,Write Repair,19,19,RecentScan,13.142833,,19.0,,,,1,EPOCH-WR,8,RecentScan
par,Write Repair,20,20,MarkTs,0.023667,,20.0,,,,1,EPOCH-WR,8,
par,Write Repair,21,21,Update,0.8311660000000001,6.0,,,,,1,EPOCH-WR,8,Update
par,Write Repair,22,22,HistoryScan,14.90825,,20.0,,,,1,EPOCH-WR,8,HistoryScan
par,Write Repair,23,23,RecentScan,15.583666,,23.0,,,,1,EPOCH-WR,8,RecentScan
par,Write Repair,24,24,RecentScan,15.880208,,24.0,,,,1,EPOCH-WR,8,RecentScan
par,Write Repair,25,25,RecentScan,15.347042,,25.0,,,,1,EPOCH-WR,8,RecentScan
par,Write Repair,26,26,RecentScan,15.395208,,26.0,,,,1,EPOCH-WR,8,RecentScan
par,Write Repair,27,27,MarkTs,0.272166,,27.0,,,,1,EPOCH-WR,8,
par,Write Repair,28,28,Update,0.829083,6.0,,,,,1,EPOCH-WR,8,Update
par,Write Repair,29,29,RecentScan,15.181416,,29.0,,,,1,EPOCH-WR,8,RecentScan
par,Write Repair,30,30,RecentScan,15.02525,,30.0,,,,1,EPOCH-WR,8,RecentScan
par,Write Repair,31,31,RecentScan,15.411959,,31.0,,,,1,EPOCH-WR,8,RecentScan
par,Write Repair,32,32,RecentScan,15.669458,,32.0,,,,1,EPOCH-WR,8,RecentScan
par,Write Repair,33,33,RecentScan,14.89,,33.0,,,,1,EPOCH-WR,8,RecentScan
par,Write Repair,34,34,MarkTs,0.0465,,34.0,,,,1,EPOCH-WR,8,
par,Write Repair,35,35,Update,0.824666,6.0,,,,,1,EPOCH-WR,8,Update
par,Write Repair,36,36,HistoryScan,13.945042,,34.0,,,,1,EPOCH-WR,8,HistoryScan
par,Write Repair,37,37,RecentScan,15.327375,,37.0,,,,1,EPOCH-WR,8,RecentScan
par,Write Repair,38,38,RecentScan,15.273458,,38.0,,,,1,EPOCH-WR,8,RecentScan
par,Write Repair,39,39,RecentScan,14.755458,,39.0,,,,1,EPOCH-WR,8,RecentScan
par,Write Repair,40,40,RecentScan,15.317292,,40.0,,,,1,EPOCH-WR,8,RecentScan
par,Write Repair,41,41,MarkTs,0.045334000000000006,,41.0,,,,1,EPOCH-WR,8,
par,Write Repair,42,42,Update,0.845542,6.0,,,,,1,EPOCH-WR,8,Update
par,Write Repair,43,43,RecentScan,15.652625,,43.0,,,,1,EPOCH-WR,8,RecentScan
par,Write Repair,44,44,RecentScan,14.922708,,44.0,,,,1,EPOCH-WR,8,RecentScan
par,Write Repair,45,45,RecentScan,15.0815,,45.0,,,,1,EPOCH-WR,8,RecentScan
par,Write Repair,46,46,RecentScan,16.069875,,46.0,,,,1,EPOCH-WR,8,RecentScan
par,Write Repair,47,47,RecentScan,15.234125,,47.0,,,,1,EPOCH-WR,8,RecentScan
par,Write Repair,48,48,MarkTs,0.040625,,48.0,,,,1,EPOCH-WR,8,
par,Write Repair,49,49,Update,0.82525,6.0,,,,,1,EPOCH-WR,8,Update
par,Write Repair,50,50,HistoryScan,14.7905,,48.0,,,,1,EPOCH-WR,8,HistoryScan
par,Write Repair,51,51,RecentScan,14.690625,,51.0,,,,1,EPOCH-WR,8,RecentScan
par,Write Repair,52,52,RecentScan,13.906042,,52.0,,,,1,EPOCH-WR,8,RecentScan
par,Write Repair,53,53,RecentScan,15.000708,,53.0,,,,1,EPOCH-WR,8,RecentScan
par,Write Repair,54,54,RecentScan,14.920333,,54.0,,,,1,EPOCH-WR,8,RecentScan
par,Write Repair,55,55,MarkTs,0.3905,,55.0,,,,1,EPOCH-WR,8,
par,Write Repair,56,56,Update,0.867,6.0,,,,,1,EPOCH-WR,8,Update
par,Write Repair,57,57,RecentScan,17.203084,,57.0,,,,1,EPOCH-WR,8,RecentScan
par,Write Repair,58,58,RecentScan,15.616084,,58.0,,,,1,EPOCH-WR,8,RecentScan
par,Write Repair,59,59,RecentScan,15.526333,,59.0,,,,1,EPOCH-WR,8,RecentScan
par,Write Repair,60,60,RecentScan,16.664458,,60.0,,,,1,EPOCH-WR,8,RecentScan
par,Write Repair,61,61,RecentScan,16.593333,,61.0,,,,1,EPOCH-WR,8,RecentScan
par,Write Repair,62,62,MarkTs,0.058792000000000004,,62.0,,,,1,EPOCH-WR,8,
par,Write Repair,63,63,Update,0.849167,6.0,,,,,1,EPOCH-WR,8,Update
par,Write Repair,64,64,HistoryScan,15.752834,,62.0,,,,1,EPOCH-WR,8,HistoryScan
par,Write Repair,65,65,RecentScan,16.994417,,65.0,,,,1,EPOCH-WR,8,RecentScan
par,Write Repair,66,66,RecentScan,15.311125,,66.0,,,,1,EPOCH-WR,8,RecentScan
par,Write Repair,67,67,RecentScan,16.490708,,67.0,,,,1,EPOCH-WR,8,RecentScan
par,Write Repair,68,68,RecentScan,16.026333,,68.0,,,,1,EPOCH-WR,8,RecentScan
par,Write Repair,69,69,MarkTs,0.054458,,69.0,,,,1,EPOCH-WR,8,
par,Write Repair,70,70,Update,0.823,6.0,,,,,1,EPOCH-WR,8,Update
par,Write Repair,71,71,RecentScan,14.663292,,71.0,,,,1,EPOCH-WR,8,RecentScan
par,Write Repair,72,72,RecentScan,16.851958,,72.0,,,,1,EPOCH-WR,8,RecentScan
par,Write Repair,73,73,RecentScan,16.49,,73.0,,,,1,EPOCH-WR,8,RecentScan
par,Write Repair,74,74,RecentScan,15.041,,74.0,,,,1,EPOCH-WR,8,RecentScan
par,Write Repair,75,75,RecentScan,17.050417,,75.0,,,,1,EPOCH-WR,8,RecentScan
par,Write Repair,76,76,MarkTs,0.055417,,76.0,,,,1,EPOCH-WR,8,
par,Write Repair,77,77,Update,0.876583,6.0,,,,,1,EPOCH-WR,8,Update
par,Write Repair,78,78,HistoryScan,16.813542,,76.0,,,,1,EPOCH-WR,8,HistoryScan
par,Write Repair,79,79,RecentScan,14.771458,,79.0,,,,1,EPOCH-WR,8,RecentScan
par,Write Repair,80,80,RecentScan,14.58125,,80.0,,,,1,EPOCH-WR,8,RecentScan
par,Write Repair,81,81,RecentScan,14.464166,,81.0,,,,1,EPOCH-WR,8,RecentScan
par,Write Repair,82,82,RecentScan,14.902834,,82.0,,,,1,EPOCH-WR,8,RecentScan
par,Write Repair,83,83,MarkTs,0.057084,,83.0,,,,1,EPOCH-WR,8,
par,Write Repair,84,84,Update,0.845917,6.0,,,,,1,EPOCH-WR,8,Update
par,Write Repair,85,85,RecentScan,15.244,,85.0,,,,1,EPOCH-WR,8,RecentScan
par,Write Repair,86,86,RecentScan,14.546416,,86.0,,,,1,EPOCH-WR,8,RecentScan
par,Write Repair,87,87,RecentScan,16.871834,,87.0,,,,1,EPOCH-WR,8,RecentScan
par,Write Repair,88,88,RecentScan,15.242125,,88.0,,,,1,EPOCH-WR,8,RecentScan
par,Write Repair,89,89,RecentScan,14.509709,,89.0,,,,1,EPOCH-WR,8,RecentScan
par,Write Repair,90,90,MarkTs,0.054625,,90.0,,,,1,EPOCH-WR,8,
par,Write Repair,91,91,Update,0.8680829999999999,6.0,,,,,1,EPOCH-WR,8,Update
par,Write Repair,92,92,HistoryScan,15.22825,,90.0,,,,1,EPOCH-WR,8,HistoryScan
par,Write Repair,93,93,RecentScan,16.776333,,93.0,,,,1,EPOCH-WR,8,RecentScan
par,Write Repair,94,94,RecentScan,18.051541,,94.0,,,,1,EPOCH-WR,8,RecentScan
par,Write Repair,95,95,RecentScan,22.223416,,95.0,,,,1,EPOCH-WR,8,RecentScan
par,Write Repair,96,96,RecentScan,21.796167,,96.0,,,,1,EPOCH-WR,8,RecentScan
par,Write Repair,97,97,MarkTs,0.065,,97.0,,,,1,EPOCH-WR,8,
par,Write Repair,98,98,Update,1.012625,6.0,,,,,1,EPOCH-WR,8,Update
par,Write Repair,99,99,RecentScan,17.221084,,99.0,,,,1,EPOCH-WR,8,RecentScan
par,Write Repair,100,100,RecentScan,14.444125,,100.0,,,,1,EPOCH-WR,8,RecentScan
par,Write Repair,101,101,RecentScan,16.948917,,101.0,,,,1,EPOCH-WR,8,RecentScan
par,Write Repair,102,102,RecentScan,14.275459,,102.0,,,,1,EPOCH-WR,8,RecentScan
par,Write Repair,103,103,RecentScan,16.871708,,103.0,,,,1,EPOCH-WR,8,RecentScan
par,Write Repair,104,104,MarkTs,0.056709,,104.0,,,,1,EPOCH-WR,8,
par,Write Repair,105,105,Update,0.985208,6.0,,,,,1,EPOCH-WR,8,Update
par,Write Repair,106,106,HistoryScan,13.8365,,104.0,,,,1,EPOCH-WR,8,HistoryScan
par,Write Repair,107,107,RecentScan,14.73525,,107.0,,,,1,EPOCH-WR,8,RecentScan
par,Write Repair,108,108,RecentScan,16.442375,,108.0,,,,1,EPOCH-WR,8,RecentScan
par,Write Repair,109,109,RecentScan,14.4505,,109.0,,,,1,EPOCH-WR,8,RecentScan
par,Write Repair,110,110,RecentScan,14.293291,,110.0,,,,1,EPOCH-WR,8,RecentScan
par,Write Repair,111,111,MarkTs,0.634042,,111.0,,,,1,EPOCH-WR,8,
par,Write Repair,112,112,Update,0.942583,6.0,,,,,1,EPOCH-WR,8,Update
par,Write Repair,113,113,RecentScan,14.961917,,113.0,,,,1,EPOCH-WR,8,RecentScan
par,Write Repair,114,114,RecentScan,15.901125,,114.0,,,,1,EPOCH-WR,8,RecentScan
par,Write Repair,115,115,RecentScan,14.683125,,115.0,,,,1,EPOCH-WR,8,RecentScan
par,Write Repair,116,116,RecentScan,14.442708,,116.0,,,,1,EPOCH-WR,8,RecentScan
par,Write Repair,117,117,RecentScan,14.929708,,117.0,,,,1,EPOCH-WR,8,RecentScan
par,Write Repair,118,118,MarkTs,0.046417,,118.0,,,,1,EPOCH-WR,8,
par,Write Repair,119,119,Update,0.899583,6.0,,,,,1,EPOCH-WR,8,Update
par,Write Repair,120,120,RecentScan,14.307,,120.0,,,,1,EPOCH-WR,8,RecentScan
par,Write Repair,121,121,RecentScan,14.796041,,121.0,,,,1,EPOCH-WR,8,RecentScan
par,Write Repair,122,122,RecentScan,15.754459,,122.0,,,,1,EPOCH-WR,8,RecentScan
par,Write Repair,123,123,RecentScan,16.843167,,123.0,,,,1,EPOCH-WR,8,RecentScan
par,Write Repair,124,124,RecentScan,15.416542,,124.0,,,,1,EPOCH-WR,8,RecentScan
par,Write Repair,125,125,MarkTs,0.052917,,125.0,,,,1,EPOCH-WR,8,
par,Write Repair,126,126,Update,0.967,6.0,,,,,1,EPOCH-WR,8,Update
par,Write Repair,127,127,RecentScan,13.275875,,127.0,,,,1,EPOCH-WR,8,RecentScan
par,Write Repair,128,128,RecentScan,14.573208,,128.0,,,,1,EPOCH-WR,8,RecentScan
par,Write Repair,129,129,RecentScan,14.679958,,129.0,,,,1,EPOCH-WR,8,RecentScan
par,Write Repair,130,130,RecentScan,15.021917,,130.0,,,,1,EPOCH-WR,8,RecentScan
par,Write Repair,131,131,RecentScan,15.764334,,131.0,,,,1,EPOCH-WR,8,RecentScan
par,Write Repair,132,132,MarkTs,0.052083,,132.0,,,,1,EPOCH-WR,8,
par,Write Repair,133,133,Update,0.90325,6.0,,,,,1,EPOCH-WR,8,Update
par,Write Repair,134,134,RecentScan,14.334458,,134.0,,,,1,EPOCH-WR,8,RecentScan
par,Write Repair,135,135,RecentScan,14.615291,,135.0,,,,1,EPOCH-WR,8,RecentScan
par,Write Repair,136,136,RecentScan,14.268792,,136.0,,,,1,EPOCH-WR,8,RecentScan
par,Write Repair,137,137,RecentScan,14.374417,,137.0,,,,1,EPOCH-WR,8,RecentScan
par,Write Repair,138,138,RecentScan,13.293167,,138.0,,,,1,EPOCH-WR,8,RecentScan
par,Write Repair,139,139,MarkTs,0.043292000000000004,,139.0,,,,1,EPOCH-WR,8,
par,Write Repair,140,140,Update,0.883958,6.0,,,,,1,EPOCH-WR,8,Update
par,Write Repair,0,0,InitLoad,19.278417,60000.0,,,,,0,EPOCH-WR,9,InitLoad
par,Write Repair,1,1,RecentScan,14.967042,,1.0,,,,0,EPOCH-WR,9,RecentScan
par,Write Repair,2,2,RecentScan,15.196334,,2.0,,,,0,EPOCH-WR,9,RecentScan
par,Write Repair,3,3,RecentScan,16.368333,,3.0,,,,0,EPOCH-WR,9,RecentScan
par,Write Repair,4,4,RecentScan,15.09875,,4.0,,,,0,EPOCH-WR,9,RecentScan
par,Write Repair,5,5,RecentScan,14.606542,,5.0,,,,0,EPOCH-WR,9,RecentScan
par,Write Repair,6,6,MarkTs,0.206375,,6.0,,,,0,EPOCH-WR,9,
par,Write Repair,7,7,Update,0.8700829999999999,6.0,,,,,0,EPOCH-WR,9,Update
par,Write Repair,8,8,HistoryScan,14.655708,,6.0,,,,0,EPOCH-WR,9,HistoryScan
par,Write Repair,9,9,RecentScan,15.293167,,9.0,,,,0,EPOCH-WR,9,RecentScan
par,Write Repair,10,10,RecentScan,15.130416,,10.0,,,,0,EPOCH-WR,9,RecentScan
par,Write Repair,11,11,RecentScan,14.576291,,11.0,,,,0,EPOCH-WR,9,RecentScan
par,Write Repair,12,12,RecentScan,14.934042,,12.0,,,,0,EPOCH-WR,9,RecentScan
par,Write Repair,13,13,MarkTs,0.017666,,13.0,,,,0,EPOCH-WR,9,
par,Write Repair,14,14,Update,0.801417,6.0,,,,,0,EPOCH-WR,9,Update
par,Write Repair,15,15,RecentScan,13.472875,,15.0,,,,0,EPOCH-WR,9,RecentScan
par,Write Repair,16,16,RecentScan,15.171833,,16.0,,,,0,EPOCH-WR,9,RecentScan
par,Write Repair,17,17,RecentScan,15.272916,,17.0,,,,0,EPOCH-WR,9,RecentScan
par,Write Repair,18,18,RecentScan,15.3775,,18.0,,,,0,EPOCH-WR,9,RecentScan
par,Write Repair,19,19,RecentScan,15.114542,,19.0,,,,0,EPOCH-WR,9,RecentScan
par,Write Repair,20,20,MarkTs,0.018208,,20.0,,,,0,EPOCH-WR,9,
par,Write Repair,21,21,Update,0.831625,6.0,,,,,0,EPOCH-WR,9,Update
par,Write Repair,22,22,HistoryScan,14.731625,,20.0,,,,0,EPOCH-WR,9,HistoryScan
par,Write Repair,23,23,RecentScan,14.677166,,23.0,,,,0,EPOCH-WR,9,RecentScan
par,Write Repair,24,24,RecentScan,15.260542,,24.0,,,,0,EPOCH-WR,9,RecentScan
par,Write Repair,25,25,RecentScan,15.013166,,25.0,,,,0,EPOCH-WR,9,RecentScan
par,Write Repair,26,26,RecentScan,14.838958,,26.0,,,,0,EPOCH-WR,9,RecentScan
par,Write Repair,27,27,MarkTs,0.229583,,27.0,,,,0,EPOCH-WR,9,
par,Write Repair,28,28,Update,0.8100839999999999,6.0,,,,,0,EPOCH-WR,9,Update
par,Write Repair,29,29,RecentScan,13.995667,,29.0,,,,0,EPOCH-WR,9,RecentScan
par,Write Repair,30,30,RecentScan,13.678125,,30.0,,,,0,EPOCH-WR,9,RecentScan
par,Write Repair,31,31,RecentScan,16.39825,,31.0,,,,0,EPOCH-WR,9,RecentScan
par,Write Repair,32,32,RecentScan,15.65825,,32.0,,,,0,EPOCH-WR,9,RecentScan
par,Write Repair,33,33,RecentScan,14.87925,,33.0,,,,0,EPOCH-WR,9,RecentScan
par,Write Repair,34,34,MarkTs,0.044167000000000005,,34.0,,,,0,EPOCH-WR,9,
par,Write Repair,35,35,Update,0.855958,6.0,,,,,0,EPOCH-WR,9,Update
par,Write Repair,36,36,HistoryScan,15.775583,,34.0,,,,0,EPOCH-WR,9,HistoryScan
par,Write Repair,37,37,RecentScan,15.244583,,37.0,,,,0,EPOCH-WR,9,RecentScan
par,Write Repair,38,38,RecentScan,15.034458,,38.0,,,,0,EPOCH-WR,9,RecentScan
par,Write Repair,39,39,RecentScan,15.402416,,39.0,,,,0,EPOCH-WR,9,RecentScan
par,Write Repair,40,40,RecentScan,15.308708,,40.0,,,,0,EPOCH-WR,9,RecentScan
par,Write Repair,41,41,MarkTs,0.040459,,41.0,,,,0,EPOCH-WR,9,
par,Write Repair,42,42,Update,0.852833,6.0,,,,,0,EPOCH-WR,9,Update
par,Write Repair,43,43,RecentScan,15.026292,,43.0,,,,0,EPOCH-WR,9,RecentScan
par,Write Repair,44,44,RecentScan,15.108208,,44.0,,,,0,EPOCH-WR,9,RecentScan
par,Write Repair,45,45,RecentScan,14.344375,,45.0,,,,0,EPOCH-WR,9,RecentScan
par,Write Repair,46,46,RecentScan,13.751375,,46.0,,,,0,EPOCH-WR,9,RecentScan
par,Write Repair,47,47,RecentScan,15.742375,,47.0,,,,0,EPOCH-WR,9,RecentScan
par,Write Repair,48,48,MarkTs,0.04225,,48.0,,,,0,EPOCH-WR,9,
par,Write Repair,49,49,Update,0.9045839999999999,6.0,,,,,0,EPOCH-WR,9,Update
par,Write Repair,50,50,HistoryScan,14.769958,,48.0,,,,0,EPOCH-WR,9,HistoryScan
par,Write Repair,51,51,RecentScan,14.68375,,51.0,,,,0,EPOCH-WR,9,RecentScan
par,Write Repair,52,52,RecentScan,14.837666,,52.0,,,,0,EPOCH-WR,9,RecentScan
par,Write Repair,53,53,RecentScan,15.038375,,53.0,,,,0,EPOCH-WR,9,RecentScan
par,Write Repair,54,54,RecentScan,14.032417,,54.0,,,,0,EPOCH-WR,9,RecentScan
par,Write Repair,55,55,MarkTs,0.465584,,55.0,,,,0,EPOCH-WR,9,
par,Write Repair,56,56,Update,0.865625,6.0,,,,,0,EPOCH-WR,9,Update
par,Write Repair,57,57,RecentScan,16.4545,,57.0,,,,0,EPOCH-WR,9,RecentScan
par,Write Repair,58,58,RecentScan,16.709792,,58.0,,,,0,EPOCH-WR,9,RecentScan
par,Write Repair,59,59,RecentScan,14.665459,,59.0,,,,0,EPOCH-WR,9,RecentScan
par,Write Repair,60,60,RecentScan,14.521,,60.0,,,,0,EPOCH-WR,9,RecentScan
par,Write Repair,61,61,RecentScan,15.382833,,61.0,,,,0,EPOCH-WR,9,RecentScan
par,Write Repair,62,62,MarkTs,0.056334,,62.0,,,,0,EPOCH-WR,9,
par,Write Repair,63,63,Update,0.8395,6.0,,,,,0,EPOCH-WR,9,Update
par,Write Repair,64,64,HistoryScan,14.256542,,62.0,,,,0,EPOCH-WR,9,HistoryScan
par,Write Repair,65,65,RecentScan,14.606625,,65.0,,,,0,EPOCH-WR,9,RecentScan
par,Write Repair,66,66,RecentScan,14.807291,,66.0,,,,0,EPOCH-WR,9,RecentScan
par,Write Repair,67,67,RecentScan,16.612125,,67.0,,,,0,EPOCH-WR,9,RecentScan
par,Write Repair,68,68,RecentScan,16.082208,,68.0,,,,0,EPOCH-WR,9,RecentScan
par,Write Repair,69,69,MarkTs,0.056,,69.0,,,,0,EPOCH-WR,9,
par,Write Repair,70,70,Update,0.8350420000000001,6.0,,,,,0,EPOCH-WR,9,Update
par,Write Repair,71,71,RecentScan,14.694,,71.0,,,,0,EPOCH-WR,9,RecentScan
par,Write Repair,72,72,RecentScan,16.625292,,72.0,,,,0,EPOCH-WR,9,RecentScan
par,Write Repair,73,73,RecentScan,16.27575,,73.0,,,,0,EPOCH-WR,9,RecentScan
par,Write Repair,74,74,RecentScan,16.631417,,74.0,,,,0,EPOCH-WR,9,RecentScan
par,Write Repair,75,75,RecentScan,16.382875,,75.0,,,,0,EPOCH-WR,9,RecentScan
par,Write Repair,76,76,MarkTs,0.05775,,76.0,,,,0,EPOCH-WR,9,
par,Write Repair,77,77,Update,0.813292,6.0,,,,,0,EPOCH-WR,9,Update
par,Write Repair,78,78,HistoryScan,14.343584,,76.0,,,,0,EPOCH-WR,9,HistoryScan
par,Write Repair,79,79,RecentScan,14.341125,,79.0,,,,0,EPOCH-WR,9,RecentScan
par,Write Repair,80,80,RecentScan,14.034334,,80.0,,,,0,EPOCH-WR,9,RecentScan
par,Write Repair,81,81,RecentScan,16.117208,,81.0,,,,0,EPOCH-WR,9,RecentScan
par,Write Repair,82,82,RecentScan,14.36125,,82.0,,,,0,EPOCH-WR,9,RecentScan
par,Write Repair,83,83,MarkTs,0.051084000000000004,,83.0,,,,0,EPOCH-WR,9,
par,Write Repair,84,84,Update,0.81125,6.0,,,,,0,EPOCH-WR,9,Update
par,Write Repair,85,85,RecentScan,14.153333,,85.0,,,,0,EPOCH-WR,9,RecentScan
par,Write Repair,86,86,RecentScan,14.370291,,86.0,,,,0,EPOCH-WR,9,RecentScan
par,Write Repair,87,87,RecentScan,15.265625,,87.0,,,,0,EPOCH-WR,9,RecentScan
par,Write Repair,88,88,RecentScan,14.7205,,88.0,,,,0,EPOCH-WR,9,RecentScan
par,Write Repair,89,89,RecentScan,14.232375,,89.0,,,,0,EPOCH-WR,9,RecentScan
par,Write Repair,90,90,MarkTs,0.057165999999999995,,90.0,,,,0,EPOCH-WR,9,
par,Write Repair,91,91,Update,0.857375,6.0,,,,,0,EPOCH-WR,9,Update
par,Write Repair,92,92,HistoryScan,16.416667,,90.0,,,,0,EPOCH-WR,9,HistoryScan
par,Write Repair,93,93,RecentScan,14.234792,,93.0,,,,0,EPOCH-WR,9,RecentScan
par,Write Repair,94,94,RecentScan,16.975167,,94.0,,,,0,EPOCH-WR,9,RecentScan
par,Write Repair,95,95,RecentScan,14.120792,,95.0,,,,0,EPOCH-WR,9,RecentScan
par,Write Repair,96,96,RecentScan,16.239,,96.0,,,,0,EPOCH-WR,9,RecentScan
par,Write Repair,97,97,MarkTs,0.059625,,97.0,,,,0,EPOCH-WR,9,
par,Write Repair,98,98,Update,0.843041,6.0,,,,,0,EPOCH-WR,9,Update
par,Write Repair,99,99,RecentScan,16.612709,,99.0,,,,0,EPOCH-WR,9,RecentScan
par,Write Repair,100,100,RecentScan,14.559042,,100.0,,,,0,EPOCH-WR,9,RecentScan
par,Write Repair,101,101,RecentScan,14.973417,,101.0,,,,0,EPOCH-WR,9,RecentScan
par,Write Repair,102,102,RecentScan,15.556875,,102.0,,,,0,EPOCH-WR,9,RecentScan
par,Write Repair,103,103,RecentScan,15.021583,,103.0,,,,0,EPOCH-WR,9,RecentScan
par,Write Repair,104,104,MarkTs,0.053458,,104.0,,,,0,EPOCH-WR,9,
par,Write Repair,105,105,Update,0.898167,6.0,,,,,0,EPOCH-WR,9,Update
par,Write Repair,106,106,HistoryScan,16.195333,,104.0,,,,0,EPOCH-WR,9,HistoryScan
par,Write Repair,107,107,RecentScan,16.306708,,107.0,,,,0,EPOCH-WR,9,RecentScan
par,Write Repair,108,108,RecentScan,14.715667,,108.0,,,,0,EPOCH-WR,9,RecentScan
par,Write Repair,109,109,RecentScan,15.055959,,109.0,,,,0,EPOCH-WR,9,RecentScan
par,Write Repair,110,110,RecentScan,16.591208,,110.0,,,,0,EPOCH-WR,9,RecentScan
par,Write Repair,111,111,MarkTs,0.605834,,111.0,,,,0,EPOCH-WR,9,
par,Write Repair,112,112,Update,0.938791,6.0,,,,,0,EPOCH-WR,9,Update
par,Write Repair,113,113,RecentScan,15.404542,,113.0,,,,0,EPOCH-WR,9,RecentScan
par,Write Repair,114,114,RecentScan,14.901541,,114.0,,,,0,EPOCH-WR,9,RecentScan
par,Write Repair,115,115,RecentScan,15.404833,,115.0,,,,0,EPOCH-WR,9,RecentScan
par,Write Repair,116,116,RecentScan,15.121042,,116.0,,,,0,EPOCH-WR,9,RecentScan
par,Write Repair,117,117,RecentScan,14.592833,,117.0,,,,0,EPOCH-WR,9,RecentScan
par,Write Repair,118,118,MarkTs,0.045792,,118.0,,,,0,EPOCH-WR,9,
par,Write Repair,119,119,Update,0.921959,6.0,,,,,0,EPOCH-WR,9,Update
par,Write Repair,120,120,HistoryScan,14.545458,,118.0,,,,0,EPOCH-WR,9,HistoryScan
par,Write Repair,121,121,RecentScan,14.070083,,121.0,,,,0,EPOCH-WR,9,RecentScan
par,Write Repair,122,122,RecentScan,14.441417,,122.0,,,,0,EPOCH-WR,9,RecentScan
par,Write Repair,123,123,RecentScan,14.950916,,123.0,,,,0,EPOCH-WR,9,RecentScan
par,Write Repair,124,124,RecentScan,15.022459,,124.0,,,,0,EPOCH-WR,9,RecentScan
par,Write Repair,125,125,MarkTs,0.051667000000000005,,125.0,,,,0,EPOCH-WR,9,
par,Write Repair,126,126,Update,0.902667,6.0,,,,,0,EPOCH-WR,9,Update
par,Write Repair,127,127,RecentScan,14.6985,,127.0,,,,0,EPOCH-WR,9,RecentScan
par,Write Repair,128,128,RecentScan,14.285458,,128.0,,,,0,EPOCH-WR,9,RecentScan
par,Write Repair,129,129,RecentScan,14.811083,,129.0,,,,0,EPOCH-WR,9,RecentScan
par,Write Repair,130,130,RecentScan,15.0045,,130.0,,,,0,EPOCH-WR,9,RecentScan
par,Write Repair,131,131,RecentScan,13.970958,,131.0,,,,0,EPOCH-WR,9,RecentScan
par,Write Repair,132,132,MarkTs,0.052375,,132.0,,,,0,EPOCH-WR,9,
par,Write Repair,133,133,Update,0.8590829999999999,6.0,,,,,0,EPOCH-WR,9,Update
par,Write Repair,134,134,RecentScan,14.593084,,134.0,,,,0,EPOCH-WR,9,RecentScan
par,Write Repair,135,135,RecentScan,15.389833,,135.0,,,,0,EPOCH-WR,9,RecentScan
par,Write Repair,136,136,RecentScan,13.744708,,136.0,,,,0,EPOCH-WR,9,RecentScan
par,Write Repair,137,137,RecentScan,14.470834,,137.0,,,,0,EPOCH-WR,9,RecentScan
par,Write Repair,138,138,RecentScan,14.249625,,138.0,,,,0,EPOCH-WR,9,RecentScan
par,Write Repair,139,139,MarkTs,0.04425,,139.0,,,,0,EPOCH-WR,9,
par,Write Repair,140,140,Update,0.89825,6.0,,,,,0,EPOCH-WR,9,Update
par,Write Repair,0,0,InitLoad,19.021625,60000.0,,,,,1,EPOCH-WR,9,InitLoad
par,Write Repair,1,1,RecentScan,17.778292,,1.0,,,,1,EPOCH-WR,9,RecentScan
par,Write Repair,2,2,RecentScan,16.223125,,2.0,,,,1,EPOCH-WR,9,RecentScan
par,Write Repair,3,3,RecentScan,14.934875,,3.0,,,,1,EPOCH-WR,9,RecentScan
par,Write Repair,4,4,RecentScan,16.062291,,4.0,,,,1,EPOCH-WR,9,RecentScan
par,Write Repair,5,5,RecentScan,15.654583,,5.0,,,,1,EPOCH-WR,9,RecentScan
par,Write Repair,6,6,MarkTs,0.214958,,6.0,,,,1,EPOCH-WR,9,
par,Write Repair,7,7,Update,0.9545410000000001,6.0,,,,,1,EPOCH-WR,9,Update
par,Write Repair,8,8,HistoryScan,14.659375,,6.0,,,,1,EPOCH-WR,9,HistoryScan
par,Write Repair,9,9,RecentScan,14.415458,,9.0,,,,1,EPOCH-WR,9,RecentScan
par,Write Repair,10,10,RecentScan,13.671875,,10.0,,,,1,EPOCH-WR,9,RecentScan
par,Write Repair,11,11,RecentScan,15.919333,,11.0,,,,1,EPOCH-WR,9,RecentScan
par,Write Repair,12,12,RecentScan,16.0025,,12.0,,,,1,EPOCH-WR,9,RecentScan
par,Write Repair,13,13,MarkTs,0.017666,,13.0,,,,1,EPOCH-WR,9,
par,Write Repair,14,14,Update,0.9599589999999999,6.0,,,,,1,EPOCH-WR,9,Update
par,Write Repair,15,15,RecentScan,15.62725,,15.0,,,,1,EPOCH-WR,9,RecentScan
par,Write Repair,16,16,RecentScan,16.069625,,16.0,,,,1,EPOCH-WR,9,RecentScan
par,Write Repair,17,17,RecentScan,16.237291,,17.0,,,,1,EPOCH-WR,9,RecentScan
par,Write Repair,18,18,RecentScan,16.059,,18.0,,,,1,EPOCH-WR,9,RecentScan
par,Write Repair,19,19,RecentScan,16.065125,,19.0,,,,1,EPOCH-WR,9,RecentScan
par,Write Repair,20,20,MarkTs,0.018208,,20.0,,,,1,EPOCH-WR,9,
par,Write Repair,21,21,Update,0.8837079999999999,6.0,,,,,1,EPOCH-WR,9,Update
par,Write Repair,22,22,HistoryScan,16.120375,,20.0,,,,1,EPOCH-WR,9,HistoryScan
par,Write Repair,23,23,RecentScan,16.030042,,23.0,,,,1,EPOCH-WR,9,RecentScan
par,Write Repair,24,24,RecentScan,16.0295,,24.0,,,,1,EPOCH-WR,9,RecentScan
par,Write Repair,25,25,RecentScan,15.511458,,25.0,,,,1,EPOCH-WR,9,RecentScan
par,Write Repair,26,26,RecentScan,15.948292,,26.0,,,,1,EPOCH-WR,9,RecentScan
par,Write Repair,27,27,MarkTs,0.336375,,27.0,,,,1,EPOCH-WR,9,
par,Write Repair,28,28,Update,0.83775,6.0,,,,,1,EPOCH-WR,9,Update
par,Write Repair,29,29,RecentScan,16.147541,,29.0,,,,1,EPOCH-WR,9,RecentScan
par,Write Repair,30,30,RecentScan,15.74975,,30.0,,,,1,EPOCH-WR,9,RecentScan
par,Write Repair,31,31,RecentScan,16.222166,,31.0,,,,1,EPOCH-WR,9,RecentScan
par,Write Repair,32,32,RecentScan,15.214417,,32.0,,,,1,EPOCH-WR,9,RecentScan
par,Write Repair,33,33,RecentScan,15.860416,,33.0,,,,1,EPOCH-WR,9,RecentScan
par,Write Repair,34,34,MarkTs,0.0425,,34.0,,,,1,EPOCH-WR,9,
par,Write Repair,35,35,Update,0.8032910000000001,6.0,,,,,1,EPOCH-WR,9,Update
par,Write Repair,36,36,HistoryScan,15.366334,,34.0,,,,1,EPOCH-WR,9,HistoryScan
par,Write Repair,37,37,RecentScan,15.211458,,37.0,,,,1,EPOCH-WR,9,RecentScan
par,Write Repair,38,38,RecentScan,15.252125,,38.0,,,,1,EPOCH-WR,9,RecentScan
par,Write Repair,39,39,RecentScan,13.720125,,39.0,,,,1,EPOCH-WR,9,RecentScan
par,Write Repair,40,40,RecentScan,16.119083,,40.0,,,,1,EPOCH-WR,9,RecentScan
par,Write Repair,41,41,MarkTs,0.047291,,41.0,,,,1,EPOCH-WR,9,
par,Write Repair,42,42,Update,0.833875,6.0,,,,,1,EPOCH-WR,9,Update
par,Write Repair,43,43,RecentScan,15.598834,,43.0,,,,1,EPOCH-WR,9,RecentScan
par,Write Repair,44,44,RecentScan,14.462625,,44.0,,,,1,EPOCH-WR,9,RecentScan
par,Write Repair,45,45,RecentScan,15.983958,,45.0,,,,1,EPOCH-WR,9,RecentScan
par,Write Repair,46,46,RecentScan,15.682625,,46.0,,,,1,EPOCH-WR,9,RecentScan
par,Write Repair,47,47,RecentScan,15.151083,,47.0,,,,1,EPOCH-WR,9,RecentScan
par,Write Repair,48,48,MarkTs,0.044459000000000005,,48.0,,,,1,EPOCH-WR,9,
par,Write Repair,49,49,Update,0.815125,6.0,,,,,1,EPOCH-WR,9,Update
par,Write Repair,50,50,HistoryScan,16.42825,,48.0,,,,1,EPOCH-WR,9,HistoryScan
par,Write Repair,51,51,RecentScan,15.173334,,51.0,,,,1,EPOCH-WR,9,RecentScan
par,Write Repair,52,52,RecentScan,14.873166,,52.0,,,,1,EPOCH-WR,9,RecentScan
par,Write Repair,53,53,RecentScan,14.951125,,53.0,,,,1,EPOCH-WR,9,RecentScan
par,Write Repair,54,54,RecentScan,15.190917,,54.0,,,,1,EPOCH-WR,9,RecentScan
par,Write Repair,55,55,MarkTs,0.613625,,55.0,,,,1,EPOCH-WR,9,
par,Write Repair,56,56,Update,0.910083,6.0,,,,,1,EPOCH-WR,9,Update
par,Write Repair,57,57,RecentScan,15.444625,,57.0,,,,1,EPOCH-WR,9,RecentScan
par,Write Repair,58,58,RecentScan,15.808583,,58.0,,,,1,EPOCH-WR,9,RecentScan
par,Write Repair,59,59,RecentScan,15.817042,,59.0,,,,1,EPOCH-WR,9,RecentScan
par,Write Repair,60,60,RecentScan,15.691042,,60.0,,,,1,EPOCH-WR,9,RecentScan
par,Write Repair,61,61,RecentScan,14.316583,,61.0,,,,1,EPOCH-WR,9,RecentScan
par,Write Repair,62,62,MarkTs,0.055416,,62.0,,,,1,EPOCH-WR,9,
par,Write Repair,63,63,Update,0.82275,6.0,,,,,1,EPOCH-WR,9,Update
par,Write Repair,64,64,HistoryScan,14.85725,,62.0,,,,1,EPOCH-WR,9,HistoryScan
par,Write Repair,65,65,RecentScan,14.828834,,65.0,,,,1,EPOCH-WR,9,RecentScan
par,Write Repair,66,66,RecentScan,15.06075,,66.0,,,,1,EPOCH-WR,9,RecentScan
par,Write Repair,67,67,RecentScan,15.011917,,67.0,,,,1,EPOCH-WR,9,RecentScan
par,Write Repair,68,68,RecentScan,15.140084,,68.0,,,,1,EPOCH-WR,9,RecentScan
par,Write Repair,69,69,MarkTs,0.053084000000000006,,69.0,,,,1,EPOCH-WR,9,
par,Write Repair,70,70,Update,0.842208,6.0,,,,,1,EPOCH-WR,9,Update
par,Write Repair,71,71,RecentScan,14.909916,,71.0,,,,1,EPOCH-WR,9,RecentScan
par,Write Repair,72,72,RecentScan,15.354,,72.0,,,,1,EPOCH-WR,9,RecentScan
par,Write Repair,73,73,RecentScan,15.657375,,73.0,,,,1,EPOCH-WR,9,RecentScan
par,Write Repair,74,74,RecentScan,15.382917,,74.0,,,,1,EPOCH-WR,9,RecentScan
par,Write Repair,75,75,RecentScan,14.8855,,75.0,,,,1,EPOCH-WR,9,RecentScan
par,Write Repair,76,76,MarkTs,0.053708,,76.0,,,,1,EPOCH-WR,9,
par,Write Repair,77,77,Update,0.8338329999999999,6.0,,,,,1,EPOCH-WR,9,Update
par,Write Repair,78,78,HistoryScan,15.666542,,76.0,,,,1,EPOCH-WR,9,HistoryScan
par,Write Repair,79,79,RecentScan,15.247959,,79.0,,,,1,EPOCH-WR,9,RecentScan
par,Write Repair,80,80,RecentScan,14.783708,,80.0,,,,1,EPOCH-WR,9,RecentScan
par,Write Repair,81,81,RecentScan,14.157167,,81.0,,,,1,EPOCH-WR,9,RecentScan
par,Write Repair,82,82,RecentScan,14.628875,,82.0,,,,1,EPOCH-WR,9,RecentScan
par,Write Repair,83,83,MarkTs,0.056790999999999994,,83.0,,,,1,EPOCH-WR,9,
par,Write Repair,84,84,Update,0.814791,6.0,,,,,1,EPOCH-WR,9,Update
par,Write Repair,85,85,RecentScan,15.571833,,85.0,,,,1,EPOCH-WR,9,RecentScan
par,Write Repair,86,86,RecentScan,15.36375,,86.0,,,,1,EPOCH-WR,9,RecentScan
par,Write Repair,87,87,RecentScan,14.741792,,87.0,,,,1,EPOCH-WR,9,RecentScan
par,Write Repair,88,88,RecentScan,14.881375,,88.0,,,,1,EPOCH-WR,9,RecentScan
par,Write Repair,89,89,RecentScan,14.727375,,89.0,,,,1,EPOCH-WR,9,RecentScan
par,Write Repair,90,90,MarkTs,0.055375,,90.0,,,,1,EPOCH-WR,9,
par,Write Repair,91,91,Update,0.869541,6.0,,,,,1,EPOCH-WR,9,Update
par,Write Repair,92,92,HistoryScan,14.740834,,90.0,,,,1,EPOCH-WR,9,HistoryScan
par,Write Repair,93,93,RecentScan,14.671,,93.0,,,,1,EPOCH-WR,9,RecentScan
par,Write Repair,94,94,RecentScan,14.960959,,94.0,,,,1,EPOCH-WR,9,RecentScan
par,Write Repair,95,95,RecentScan,14.307375,,95.0,,,,1,EPOCH-WR,9,RecentScan
par,Write Repair,96,96,RecentScan,14.927291,,96.0,,,,1,EPOCH-WR,9,RecentScan
par,Write Repair,97,97,MarkTs,0.055542,,97.0,,,,1,EPOCH-WR,9,
par,Write Repair,98,98,Update,0.861875,6.0,,,,,1,EPOCH-WR,9,Update
par,Write Repair,99,99,RecentScan,17.690833,,99.0,,,,1,EPOCH-WR,9,RecentScan
par,Write Repair,100,100,RecentScan,17.651458,,100.0,,,,1,EPOCH-WR,9,RecentScan
par,Write Repair,101,101,RecentScan,14.681,,101.0,,,,1,EPOCH-WR,9,RecentScan
par,Write Repair,102,102,RecentScan,14.751417,,102.0,,,,1,EPOCH-WR,9,RecentScan
par,Write Repair,103,103,RecentScan,16.062209,,103.0,,,,1,EPOCH-WR,9,RecentScan
par,Write Repair,104,104,MarkTs,0.059417000000000005,,104.0,,,,1,EPOCH-WR,9,
par,Write Repair,105,105,Update,0.87025,6.0,,,,,1,EPOCH-WR,9,Update
par,Write Repair,106,106,HistoryScan,15.158208,,104.0,,,,1,EPOCH-WR,9,HistoryScan
par,Write Repair,107,107,RecentScan,14.677791,,107.0,,,,1,EPOCH-WR,9,RecentScan
par,Write Repair,108,108,RecentScan,15.114208,,108.0,,,,1,EPOCH-WR,9,RecentScan
par,Write Repair,109,109,RecentScan,14.619125,,109.0,,,,1,EPOCH-WR,9,RecentScan
par,Write Repair,110,110,RecentScan,14.927167,,110.0,,,,1,EPOCH-WR,9,RecentScan
par,Write Repair,111,111,MarkTs,0.609167,,111.0,,,,1,EPOCH-WR,9,
par,Write Repair,112,112,Update,0.894167,6.0,,,,,1,EPOCH-WR,9,Update
par,Write Repair,113,113,RecentScan,14.165042,,113.0,,,,1,EPOCH-WR,9,RecentScan
par,Write Repair,114,114,RecentScan,14.552625,,114.0,,,,1,EPOCH-WR,9,RecentScan
par,Write Repair,115,115,RecentScan,13.563667,,115.0,,,,1,EPOCH-WR,9,RecentScan
par,Write Repair,116,116,RecentScan,15.245458,,116.0,,,,1,EPOCH-WR,9,RecentScan
par,Write Repair,117,117,RecentScan,14.9895,,117.0,,,,1,EPOCH-WR,9,RecentScan
par,Write Repair,118,118,MarkTs,0.047291,,118.0,,,,1,EPOCH-WR,9,
par,Write Repair,119,119,Update,0.873084,6.0,,,,,1,EPOCH-WR,9,Update
par,Write Repair,120,120,HistoryScan,14.65225,,118.0,,,,1,EPOCH-WR,9,HistoryScan
par,Write Repair,121,121,RecentScan,14.96475,,121.0,,,,1,EPOCH-WR,9,RecentScan
par,Write Repair,122,122,RecentScan,14.960417,,122.0,,,,1,EPOCH-WR,9,RecentScan
par,Write Repair,123,123,RecentScan,15.241917,,123.0,,,,1,EPOCH-WR,9,RecentScan
par,Write Repair,124,124,RecentScan,14.851041,,124.0,,,,1,EPOCH-WR,9,RecentScan
par,Write Repair,125,125,MarkTs,0.053041,,125.0,,,,1,EPOCH-WR,9,
par,Write Repair,126,126,Update,0.866458,6.0,,,,,1,EPOCH-WR,9,Update
par,Write Repair,127,127,RecentScan,15.014917,,127.0,,,,1,EPOCH-WR,9,RecentScan
par,Write Repair,128,128,RecentScan,13.44625,,128.0,,,,1,EPOCH-WR,9,RecentScan
par,Write Repair,129,129,RecentScan,14.82675,,129.0,,,,1,EPOCH-WR,9,RecentScan
par,Write Repair,130,130,RecentScan,15.441,,130.0,,,,1,EPOCH-WR,9,RecentScan
par,Write Repair,131,131,RecentScan,15.514958,,131.0,,,,1,EPOCH-WR,9,RecentScan
par,Write Repair,132,132,MarkTs,0.052125,,132.0,,,,1,EPOCH-WR,9,
par,Write Repair,133,133,Update,0.875125,6.0,,,,,1,EPOCH-WR,9,Update
par,Write Repair,134,134,RecentScan,15.213125,,134.0,,,,1,EPOCH-WR,9,RecentScan
par,Write Repair,135,135,RecentScan,14.977125,,135.0,,,,1,EPOCH-WR,9,RecentScan
par,Write Repair,136,136,RecentScan,14.984416,,136.0,,,,1,EPOCH-WR,9,RecentScan
par,Write Repair,137,137,RecentScan,14.8785,,137.0,,,,1,EPOCH-WR,9,RecentScan
par,Write Repair,138,138,RecentScan,14.573458,,138.0,,,,1,EPOCH-WR,9,RecentScan
par,Write Repair,139,139,MarkTs,0.044375,,139.0,,,,1,EPOCH-WR,9,
par,Write Repair,140,140,Update,0.8646670000000001,6.0,,,,,1,EPOCH-WR,9,Update
par,Write Repair,0,0,InitLoad,19.614583,60000.0,,,,,0,EPOCH-WR,10,InitLoad
par,Write Repair,1,1,RecentScan,16.378833,,1.0,,,,0,EPOCH-WR,10,RecentScan
par,Write Repair,2,2,RecentScan,16.135667,,2.0,,,,0,EPOCH-WR,10,RecentScan
par,Write Repair,3,3,RecentScan,15.652041,,3.0,,,,0,EPOCH-WR,10,RecentScan
par,Write Repair,4,4,RecentScan,15.727666,,4.0,,,,0,EPOCH-WR,10,RecentScan
par,Write Repair,5,5,RecentScan,15.872625,,5.0,,,,0,EPOCH-WR,10,RecentScan
par,Write Repair,6,6,MarkTs,0.242792,,6.0,,,,0,EPOCH-WR,10,
par,Write Repair,7,7,Update,0.9255829999999999,6.0,,,,,0,EPOCH-WR,10,Update
par,Write Repair,8,8,HistoryScan,16.056958,,6.0,,,,0,EPOCH-WR,10,HistoryScan
par,Write Repair,9,9,RecentScan,15.245917,,9.0,,,,0,EPOCH-WR,10,RecentScan
par,Write Repair,10,10,RecentScan,15.049958,,10.0,,,,0,EPOCH-WR,10,RecentScan
par,Write Repair,11,11,RecentScan,15.84325,,11.0,,,,0,EPOCH-WR,10,RecentScan
par,Write Repair,12,12,RecentScan,15.889333,,12.0,,,,0,EPOCH-WR,10,RecentScan
par,Write Repair,13,13,MarkTs,0.017417000000000002,,13.0,,,,0,EPOCH-WR,10,
par,Write Repair,14,14,Update,0.810041,6.0,,,,,0,EPOCH-WR,10,Update
par,Write Repair,15,15,RecentScan,15.087958,,15.0,,,,0,EPOCH-WR,10,RecentScan
par,Write Repair,16,16,RecentScan,15.779083,,16.0,,,,0,EPOCH-WR,10,RecentScan
par,Write Repair,17,17,RecentScan,15.970625,,17.0,,,,0,EPOCH-WR,10,RecentScan
par,Write Repair,18,18,RecentScan,14.420958,,18.0,,,,0,EPOCH-WR,10,RecentScan
par,Write Repair,19,19,RecentScan,15.843458,,19.0,,,,0,EPOCH-WR,10,RecentScan
par,Write Repair,20,20,MarkTs,0.017125,,20.0,,,,0,EPOCH-WR,10,
par,Write Repair,21,21,Update,0.847292,6.0,,,,,0,EPOCH-WR,10,Update
par,Write Repair,22,22,HistoryScan,13.853916,,20.0,,,,0,EPOCH-WR,10,HistoryScan
par,Write Repair,23,23,RecentScan,16.477542,,23.0,,,,0,EPOCH-WR,10,RecentScan
par,Write Repair,24,24,RecentScan,15.626417,,24.0,,,,0,EPOCH-WR,10,RecentScan
par,Write Repair,25,25,RecentScan,14.607083,,25.0,,,,0,EPOCH-WR,10,RecentScan
par,Write Repair,26,26,RecentScan,15.204833,,26.0,,,,0,EPOCH-WR,10,RecentScan
par,Write Repair,27,27,MarkTs,0.300833,,27.0,,,,0,EPOCH-WR,10,
par,Write Repair,28,28,Update,0.832208,6.0,,,,,0,EPOCH-WR,10,Update
par,Write Repair,29,29,RecentScan,16.147208,,29.0,,,,0,EPOCH-WR,10,RecentScan
par,Write Repair,30,30,RecentScan,15.595458,,30.0,,,,0,EPOCH-WR,10,RecentScan
par,Write Repair,31,31,RecentScan,15.451541,,31.0,,,,0,EPOCH-WR,10,RecentScan
par,Write Repair,32,32,RecentScan,15.252417,,32.0,,,,0,EPOCH-WR,10,RecentScan
par,Write Repair,33,33,RecentScan,15.693792,,33.0,,,,0,EPOCH-WR,10,RecentScan
par,Write Repair,34,34,MarkTs,0.051875,,34.0,,,,0,EPOCH-WR,10,
par,Write Repair,35,35,Update,0.871375,6.0,,,,,0,EPOCH-WR,10,Update
par,Write Repair,36,36,HistoryScan,16.089584,,34.0,,,,0,EPOCH-WR,10,HistoryScan
par,Write Repair,37,37,RecentScan,15.582583,,37.0,,,,0,EPOCH-WR,10,RecentScan
par,Write Repair,38,38,RecentScan,15.728334,,38.0,,,,0,EPOCH-WR,10,RecentScan
par,Write Repair,39,39,RecentScan,15.34475,,39.0,,,,0,EPOCH-WR,10,RecentScan
par,Write Repair,40,40,RecentScan,13.915458,,40.0,,,,0,EPOCH-WR,10,RecentScan
par,Write Repair,41,41,MarkTs,0.043625,,41.0,,,,0,EPOCH-WR,10,
par,Write Repair,42,42,Update,0.828708,6.0,,,,,0,EPOCH-WR,10,Update
par,Write Repair,43,43,RecentScan,14.994708,,43.0,,,,0,EPOCH-WR,10,RecentScan
par,Write Repair,44,44,RecentScan,15.827125,,44.0,,,,0,EPOCH-WR,10,RecentScan
par,Write Repair,45,45,RecentScan,14.053583,,45.0,,,,0,EPOCH-WR,10,RecentScan
par,Write Repair,46,46,RecentScan,15.849583,,46.0,,,,0,EPOCH-WR,10,RecentScan
par,Write Repair,47,47,RecentScan,15.422208,,47.0,,,,0,EPOCH-WR,10,RecentScan
par,Write Repair,48,48,MarkTs,0.044667,,48.0,,,,0,EPOCH-WR,10,
par,Write Repair,49,49,Update,0.8241660000000001,6.0,,,,,0,EPOCH-WR,10,Update
par,Write Repair,50,50,HistoryScan,15.594084,,48.0,,,,0,EPOCH-WR,10,HistoryScan
par,Write Repair,51,51,RecentScan,14.809416,,51.0,,,,0,EPOCH-WR,10,RecentScan
par,Write Repair,52,52,RecentScan,15.4545,,52.0,,,,0,EPOCH-WR,10,RecentScan
par,Write Repair,53,53,RecentScan,14.755833,,53.0,,,,0,EPOCH-WR,10,RecentScan
par,Write Repair,54,54,RecentScan,15.670458,,54.0,,,,0,EPOCH-WR,10,RecentScan
par,Write Repair,55,55,MarkTs,0.459916,,55.0,,,,0,EPOCH-WR,10,
par,Write Repair,56,56,Update,0.834583,6.0,,,,,0,EPOCH-WR,10,Update
par,Write Repair,57,57,RecentScan,16.650542,,57.0,,,,0,EPOCH-WR,10,RecentScan
par,Write Repair,58,58,RecentScan,14.965125,,58.0,,,,0,EPOCH-WR,10,RecentScan
par,Write Repair,59,59,RecentScan,16.29325,,59.0,,,,0,EPOCH-WR,10,RecentScan
par,Write Repair,60,60,RecentScan,16.755541,,60.0,,,,0,EPOCH-WR,10,RecentScan
par,Write Repair,61,61,RecentScan,14.246709,,61.0,,,,0,EPOCH-WR,10,RecentScan
par,Write Repair,62,62,MarkTs,0.050834000000000004,,62.0,,,,0,EPOCH-WR,10,
par,Write Repair,63,63,Update,0.7880839999999999,6.0,,,,,0,EPOCH-WR,10,Update
par,Write Repair,64,64,HistoryScan,14.982584,,62.0,,,,0,EPOCH-WR,10,HistoryScan
par,Write Repair,65,65,RecentScan,13.08375,,65.0,,,,0,EPOCH-WR,10,RecentScan
par,Write Repair,66,66,RecentScan,16.717792,,66.0,,,,0,EPOCH-WR,10,RecentScan
par,Write Repair,67,67,RecentScan,16.818542,,67.0,,,,0,EPOCH-WR,10,RecentScan
par,Write Repair,68,68,RecentScan,14.082083,,68.0,,,,0,EPOCH-WR,10,RecentScan
par,Write Repair,69,69,MarkTs,0.056540999999999994,,69.0,,,,0,EPOCH-WR,10,
par,Write Repair,70,70,Update,0.809458,6.0,,,,,0,EPOCH-WR,10,Update
par,Write Repair,71,71,RecentScan,15.043292,,71.0,,,,0,EPOCH-WR,10,RecentScan
par,Write Repair,72,72,RecentScan,15.234875,,72.0,,,,0,EPOCH-WR,10,RecentScan
par,Write Repair,73,73,RecentScan,16.313166,,73.0,,,,0,EPOCH-WR,10,RecentScan
par,Write Repair,74,74,RecentScan,15.22,,74.0,,,,0,EPOCH-WR,10,RecentScan
par,Write Repair,75,75,RecentScan,17.01575,,75.0,,,,0,EPOCH-WR,10,RecentScan
par,Write Repair,76,76,MarkTs,0.054417,,76.0,,,,0,EPOCH-WR,10,
par,Write Repair,77,77,Update,0.852875,6.0,,,,,0,EPOCH-WR,10,Update
par,Write Repair,78,78,HistoryScan,14.78275,,76.0,,,,0,EPOCH-WR,10,HistoryScan
par,Write Repair,79,79,RecentScan,16.425833,,79.0,,,,0,EPOCH-WR,10,RecentScan
par,Write Repair,80,80,RecentScan,15.107958,,80.0,,,,0,EPOCH-WR,10,RecentScan
par,Write Repair,81,81,RecentScan,16.112583,,81.0,,,,0,EPOCH-WR,10,RecentScan
par,Write Repair,82,82,RecentScan,14.621458,,82.0,,,,0,EPOCH-WR,10,RecentScan
par,Write Repair,83,83,MarkTs,0.054208,,83.0,,,,0,EPOCH-WR,10,
par,Write Repair,84,84,Update,0.826625,6.0,,,,,0,EPOCH-WR,10,Update
par,Write Repair,85,85,RecentScan,15.579291,,85.0,,,,0,EPOCH-WR,10,RecentScan
par,Write Repair,86,86,RecentScan,15.482,,86.0,,,,0,EPOCH-WR,10,RecentScan
par,Write Repair,87,87,RecentScan,16.819042,,87.0,,,,0,EPOCH-WR,10,RecentScan
par,Write Repair,88,88,RecentScan,14.535875,,88.0,,,,0,EPOCH-WR,10,RecentScan
par,Write Repair,89,89,RecentScan,14.425667,,89.0,,,,0,EPOCH-WR,10,RecentScan
par,Write Repair,90,90,MarkTs,0.060292,,90.0,,,,0,EPOCH-WR,10,
par,Write Repair,91,91,Update,1.019042,6.0,,,,,0,EPOCH-WR,10,Update
par,Write Repair,92,92,HistoryScan,15.688708,,90.0,,,,0,EPOCH-WR,10,HistoryScan
par,Write Repair,93,93,RecentScan,15.657583,,93.0,,,,0,EPOCH-WR,10,RecentScan
par,Write Repair,94,94,RecentScan,16.653375,,94.0,,,,0,EPOCH-WR,10,RecentScan
par,Write Repair,95,95,RecentScan,15.186166,,95.0,,,,0,EPOCH-WR,10,RecentScan
par,Write Repair,96,96,RecentScan,17.06575,,96.0,,,,0,EPOCH-WR,10,RecentScan
par,Write Repair,97,97,MarkTs,0.054625,,97.0,,,,0,EPOCH-WR,10,
par,Write Repair,98,98,Update,0.895292,6.0,,,,,0,EPOCH-WR,10,Update
par,Write Repair,99,99,RecentScan,14.594875,,99.0,,,,0,EPOCH-WR,10,RecentScan
par,Write Repair,100,100,RecentScan,15.273125,,100.0,,,,0,EPOCH-WR,10,RecentScan
par,Write Repair,101,101,RecentScan,16.6715,,101.0,,,,0,EPOCH-WR,10,RecentScan
par,Write Repair,102,102,RecentScan,16.378333,,102.0,,,,0,EPOCH-WR,10,RecentScan
par,Write Repair,103,103,RecentScan,14.92875,,103.0,,,,0,EPOCH-WR,10,RecentScan
par,Write Repair,104,104,MarkTs,0.055875,,104.0,,,,0,EPOCH-WR,10,
par,Write Repair,105,105,Update,0.857209,6.0,,,,,0,EPOCH-WR,10,Update
par,Write Repair,106,106,HistoryScan,14.718708,,104.0,,,,0,EPOCH-WR,10,HistoryScan
par,Write Repair,107,107,RecentScan,16.113708,,107.0,,,,0,EPOCH-WR,10,RecentScan
par,Write Repair,108,108,RecentScan,15.221875,,108.0,,,,0,EPOCH-WR,10,RecentScan
par,Write Repair,109,109,RecentScan,15.162791,,109.0,,,,0,EPOCH-WR,10,RecentScan
par,Write Repair,110,110,RecentScan,14.982833,,110.0,,,,0,EPOCH-WR,10,RecentScan
par,Write Repair,111,111,MarkTs,0.603292,,111.0,,,,0,EPOCH-WR,10,
par,Write Repair,112,112,Update,0.898916,6.0,,,,,0,EPOCH-WR,10,Update
par,Write Repair,113,113,RecentScan,14.407459,,113.0,,,,0,EPOCH-WR,10,RecentScan
par,Write Repair,114,114,RecentScan,14.236583,,114.0,,,,0,EPOCH-WR,10,RecentScan
par,Write Repair,115,115,RecentScan,15.063792,,115.0,,,,0,EPOCH-WR,10,RecentScan
par,Write Repair,116,116,RecentScan,15.490459,,116.0,,,,0,EPOCH-WR,10,RecentScan
par,Write Repair,117,117,RecentScan,15.321,,117.0,,,,0,EPOCH-WR,10,RecentScan
par,Write Repair,118,118,MarkTs,0.048542,,118.0,,,,0,EPOCH-WR,10,
par,Write Repair,119,119,Update,0.9284589999999999,6.0,,,,,0,EPOCH-WR,10,Update
par,Write Repair,120,120,HistoryScan,14.931167,,118.0,,,,0,EPOCH-WR,10,HistoryScan
par,Write Repair,121,121,RecentScan,15.232167,,121.0,,,,0,EPOCH-WR,10,RecentScan
par,Write Repair,122,122,RecentScan,15.133792,,122.0,,,,0,EPOCH-WR,10,RecentScan
par,Write Repair,123,123,RecentScan,14.992959,,123.0,,,,0,EPOCH-WR,10,RecentScan
par,Write Repair,124,124,RecentScan,14.68575,,124.0,,,,0,EPOCH-WR,10,RecentScan
par,Write Repair,125,125,MarkTs,0.052209000000000005,,125.0,,,,0,EPOCH-WR,10,
par,Write Repair,126,126,Update,0.911083,6.0,,,,,0,EPOCH-WR,10,Update
par,Write Repair,127,127,RecentScan,14.766,,127.0,,,,0,EPOCH-WR,10,RecentScan
par,Write Repair,128,128,RecentScan,14.913958,,128.0,,,,0,EPOCH-WR,10,RecentScan
par,Write Repair,129,129,RecentScan,14.868917,,129.0,,,,0,EPOCH-WR,10,RecentScan
par,Write Repair,130,130,RecentScan,14.070208,,130.0,,,,0,EPOCH-WR,10,RecentScan
par,Write Repair,131,131,RecentScan,15.343958,,131.0,,,,0,EPOCH-WR,10,RecentScan
par,Write Repair,132,132,MarkTs,0.052167000000000005,,132.0,,,,0,EPOCH-WR,10,
par,Write Repair,133,133,Update,0.904792,6.0,,,,,0,EPOCH-WR,10,Update
par,Write Repair,134,134,HistoryScan,14.798416,,132.0,,,,0,EPOCH-WR,10,HistoryScan
par,Write Repair,135,135,RecentScan,14.968125,,135.0,,,,0,EPOCH-WR,10,RecentScan
par,Write Repair,136,136,RecentScan,14.666708,,136.0,,,,0,EPOCH-WR,10,RecentScan
par,Write Repair,137,137,RecentScan,14.505791,,137.0,,,,0,EPOCH-WR,10,RecentScan
par,Write Repair,138,138,RecentScan,14.695458,,138.0,,,,0,EPOCH-WR,10,RecentScan
par,Write Repair,139,139,MarkTs,0.043875,,139.0,,,,0,EPOCH-WR,10,
par,Write Repair,140,140,Update,0.879625,6.0,,,,,0,EPOCH-WR,10,Update
par,Write Repair,0,0,InitLoad,19.419708,60000.0,,,,,1,EPOCH-WR,10,InitLoad
par,Write Repair,1,1,RecentScan,14.629542,,1.0,,,,1,EPOCH-WR,10,RecentScan
par,Write Repair,2,2,RecentScan,14.32875,,2.0,,,,1,EPOCH-WR,10,RecentScan
par,Write Repair,3,3,RecentScan,14.842542,,3.0,,,,1,EPOCH-WR,10,RecentScan
par,Write Repair,4,4,RecentScan,14.889458,,4.0,,,,1,EPOCH-WR,10,RecentScan
par,Write Repair,5,5,RecentScan,15.070167,,5.0,,,,1,EPOCH-WR,10,RecentScan
par,Write Repair,6,6,MarkTs,0.225666,,6.0,,,,1,EPOCH-WR,10,
par,Write Repair,7,7,Update,0.854792,6.0,,,,,1,EPOCH-WR,10,Update
par,Write Repair,8,8,HistoryScan,15.4885,,6.0,,,,1,EPOCH-WR,10,HistoryScan
par,Write Repair,9,9,RecentScan,15.020084,,9.0,,,,1,EPOCH-WR,10,RecentScan
par,Write Repair,10,10,RecentScan,14.604167,,10.0,,,,1,EPOCH-WR,10,RecentScan
par,Write Repair,11,11,RecentScan,15.039292,,11.0,,,,1,EPOCH-WR,10,RecentScan
par,Write Repair,12,12,RecentScan,15.004583,,12.0,,,,1,EPOCH-WR,10,RecentScan
par,Write Repair,13,13,MarkTs,0.01875,,13.0,,,,1,EPOCH-WR,10,
par,Write Repair,14,14,Update,0.803584,6.0,,,,,1,EPOCH-WR,10,Update
par,Write Repair,15,15,RecentScan,13.934958,,15.0,,,,1,EPOCH-WR,10,RecentScan
par,Write Repair,16,16,RecentScan,14.461125,,16.0,,,,1,EPOCH-WR,10,RecentScan
par,Write Repair,17,17,RecentScan,15.171083,,17.0,,,,1,EPOCH-WR,10,RecentScan
par,Write Repair,18,18,RecentScan,15.04575,,18.0,,,,1,EPOCH-WR,10,RecentScan
par,Write Repair,19,19,RecentScan,15.420791,,19.0,,,,1,EPOCH-WR,10,RecentScan
par,Write Repair,20,20,MarkTs,0.018583,,20.0,,,,1,EPOCH-WR,10,
par,Write Repair,21,21,Update,0.818375,6.0,,,,,1,EPOCH-WR,10,Update
par,Write Repair,22,22,HistoryScan,15.608334,,20.0,,,,1,EPOCH-WR,10,HistoryScan
par,Write Repair,23,23,RecentScan,15.750791,,23.0,,,,1,EPOCH-WR,10,RecentScan
par,Write Repair,24,24,RecentScan,15.107166,,24.0,,,,1,EPOCH-WR,10,RecentScan
par,Write Repair,25,25,RecentScan,15.719,,25.0,,,,1,EPOCH-WR,10,RecentScan
par,Write Repair,26,26,RecentScan,14.928292,,26.0,,,,1,EPOCH-WR,10,RecentScan
par,Write Repair,27,27,MarkTs,0.279209,,27.0,,,,1,EPOCH-WR,10,
par,Write Repair,28,28,Update,0.857542,6.0,,,,,1,EPOCH-WR,10,Update
par,Write Repair,29,29,RecentScan,15.904959,,29.0,,,,1,EPOCH-WR,10,RecentScan
par,Write Repair,30,30,RecentScan,15.323375,,30.0,,,,1,EPOCH-WR,10,RecentScan
par,Write Repair,31,31,RecentScan,14.948917,,31.0,,,,1,EPOCH-WR,10,RecentScan
par,Write Repair,32,32,RecentScan,15.793625,,32.0,,,,1,EPOCH-WR,10,RecentScan
par,Write Repair,33,33,RecentScan,14.241459,,33.0,,,,1,EPOCH-WR,10,RecentScan
par,Write Repair,34,34,MarkTs,0.045334000000000006,,34.0,,,,1,EPOCH-WR,10,
par,Write Repair,35,35,Update,0.826708,6.0,,,,,1,EPOCH-WR,10,Update
par,Write Repair,36,36,HistoryScan,14.836875,,34.0,,,,1,EPOCH-WR,10,HistoryScan
par,Write Repair,37,37,RecentScan,15.356167,,37.0,,,,1,EPOCH-WR,10,RecentScan
par,Write Repair,38,38,RecentScan,16.329792,,38.0,,,,1,EPOCH-WR,10,RecentScan
par,Write Repair,39,39,RecentScan,16.053834,,39.0,,,,1,EPOCH-WR,10,RecentScan
par,Write Repair,40,40,RecentScan,16.15675,,40.0,,,,1,EPOCH-WR,10,RecentScan
par,Write Repair,41,41,MarkTs,0.045667,,41.0,,,,1,EPOCH-WR,10,
par,Write Repair,42,42,Update,0.832708,6.0,,,,,1,EPOCH-WR,10,Update
par,Write Repair,43,43,RecentScan,16.230625,,43.0,,,,1,EPOCH-WR,10,RecentScan
par,Write Repair,44,44,RecentScan,16.325916,,44.0,,,,1,EPOCH-WR,10,RecentScan
par,Write Repair,45,45,RecentScan,16.0575,,45.0,,,,1,EPOCH-WR,10,RecentScan
par,Write Repair,46,46,RecentScan,16.266208,,46.0,,,,1,EPOCH-WR,10,RecentScan
par,Write Repair,47,47,RecentScan,18.399167,,47.0,,,,1,EPOCH-WR,10,RecentScan
par,Write Repair,48,48,MarkTs,0.046333,,48.0,,,,1,EPOCH-WR,10,
par,Write Repair,49,49,Update,2.294542,6.0,,,,,1,EPOCH-WR,10,Update
par,Write Repair,50,50,HistoryScan,15.696167,,48.0,,,,1,EPOCH-WR,10,HistoryScan
par,Write Repair,51,51,RecentScan,15.628583,,51.0,,,,1,EPOCH-WR,10,RecentScan
par,Write Repair,52,52,RecentScan,15.758417,,52.0,,,,1,EPOCH-WR,10,RecentScan
par,Write Repair,53,53,RecentScan,16.143334,,53.0,,,,1,EPOCH-WR,10,RecentScan
par,Write Repair,54,54,RecentScan,16.109083,,54.0,,,,1,EPOCH-WR,10,RecentScan
par,Write Repair,55,55,MarkTs,0.38783300000000004,,55.0,,,,1,EPOCH-WR,10,
par,Write Repair,56,56,Update,0.857167,6.0,,,,,1,EPOCH-WR,10,Update
par,Write Repair,57,57,RecentScan,16.853958,,57.0,,,,1,EPOCH-WR,10,RecentScan
par,Write Repair,58,58,RecentScan,15.334875,,58.0,,,,1,EPOCH-WR,10,RecentScan
par,Write Repair,59,59,RecentScan,15.01525,,59.0,,,,1,EPOCH-WR,10,RecentScan
par,Write Repair,60,60,RecentScan,16.75125,,60.0,,,,1,EPOCH-WR,10,RecentScan
par,Write Repair,61,61,RecentScan,14.901542,,61.0,,,,1,EPOCH-WR,10,RecentScan
par,Write Repair,62,62,MarkTs,0.052833,,62.0,,,,1,EPOCH-WR,10,
par,Write Repair,63,63,Update,0.868167,6.0,,,,,1,EPOCH-WR,10,Update
par,Write Repair,64,64,HistoryScan,14.658,,62.0,,,,1,EPOCH-WR,10,HistoryScan
par,Write Repair,65,65,RecentScan,16.811292,,65.0,,,,1,EPOCH-WR,10,RecentScan
par,Write Repair,66,66,RecentScan,15.267167,,66.0,,,,1,EPOCH-WR,10,RecentScan
par,Write Repair,67,67,RecentScan,14.665458,,67.0,,,,1,EPOCH-WR,10,RecentScan
par,Write Repair,68,68,RecentScan,13.921375,,68.0,,,,1,EPOCH-WR,10,RecentScan
par,Write Repair,69,69,MarkTs,0.057832999999999996,,69.0,,,,1,EPOCH-WR,10,
par,Write Repair,70,70,Update,0.908125,6.0,,,,,1,EPOCH-WR,10,Update
par,Write Repair,71,71,RecentScan,12.771375,,71.0,,,,1,EPOCH-WR,10,RecentScan
par,Write Repair,72,72,RecentScan,14.712125,,72.0,,,,1,EPOCH-WR,10,RecentScan
par,Write Repair,73,73,RecentScan,16.599291,,73.0,,,,1,EPOCH-WR,10,RecentScan
par,Write Repair,74,74,RecentScan,15.002042,,74.0,,,,1,EPOCH-WR,10,RecentScan
par,Write Repair,75,75,RecentScan,14.57925,,75.0,,,,1,EPOCH-WR,10,RecentScan
par,Write Repair,76,76,MarkTs,0.055,,76.0,,,,1,EPOCH-WR,10,
par,Write Repair,77,77,Update,0.81575,6.0,,,,,1,EPOCH-WR,10,Update
par,Write Repair,78,78,HistoryScan,16.673208,,76.0,,,,1,EPOCH-WR,10,HistoryScan
par,Write Repair,79,79,RecentScan,14.977291,,79.0,,,,1,EPOCH-WR,10,RecentScan
par,Write Repair,80,80,RecentScan,14.922583,,80.0,,,,1,EPOCH-WR,10,RecentScan
par,Write Repair,81,81,RecentScan,14.826,,81.0,,,,1,EPOCH-WR,10,RecentScan
par,Write Repair,82,82,RecentScan,14.966834,,82.0,,,,1,EPOCH-WR,10,RecentScan
par,Write Repair,83,83,MarkTs,0.055625,,83.0,,,,1,EPOCH-WR,10,
par,Write Repair,84,84,Update,0.828917,6.0,,,,,1,EPOCH-WR,10,Update
par,Write Repair,85,85,RecentScan,14.448458,,85.0,,,,1,EPOCH-WR,10,RecentScan
par,Write Repair,86,86,RecentScan,14.697708,,86.0,,,,1,EPOCH-WR,10,RecentScan
par,Write Repair,87,87,RecentScan,14.238958,,87.0,,,,1,EPOCH-WR,10,RecentScan
par,Write Repair,88,88,RecentScan,16.479125,,88.0,,,,1,EPOCH-WR,10,RecentScan
par,Write Repair,89,89,RecentScan,14.346959,,89.0,,,,1,EPOCH-WR,10,RecentScan
par,Write Repair,90,90,MarkTs,0.054625,,90.0,,,,1,EPOCH-WR,10,
par,Write Repair,91,91,Update,0.8254170000000001,6.0,,,,,1,EPOCH-WR,10,Update
par,Write Repair,92,92,HistoryScan,16.469708,,90.0,,,,1,EPOCH-WR,10,HistoryScan
par,Write Repair,93,93,RecentScan,14.740958,,93.0,,,,1,EPOCH-WR,10,RecentScan
par,Write Repair,94,94,RecentScan,16.674333,,94.0,,,,1,EPOCH-WR,10,RecentScan
par,Write Repair,95,95,RecentScan,16.428083,,95.0,,,,1,EPOCH-WR,10,RecentScan
par,Write Repair,96,96,RecentScan,14.275459,,96.0,,,,1,EPOCH-WR,10,RecentScan
par,Write Repair,97,97,MarkTs,0.056209,,97.0,,,,1,EPOCH-WR,10,
par,Write Repair,98,98,Update,0.839209,6.0,,,,,1,EPOCH-WR,10,Update
par,Write Repair,99,99,RecentScan,14.599959,,99.0,,,,1,EPOCH-WR,10,RecentScan
par,Write Repair,100,100,RecentScan,17.272458,,100.0,,,,1,EPOCH-WR,10,RecentScan
par,Write Repair,101,101,RecentScan,19.418958,,101.0,,,,1,EPOCH-WR,10,RecentScan
par,Write Repair,102,102,RecentScan,14.381208,,102.0,,,,1,EPOCH-WR,10,RecentScan
par,Write Repair,103,103,RecentScan,14.023166,,103.0,,,,1,EPOCH-WR,10,RecentScan
par,Write Repair,104,104,MarkTs,0.057667,,104.0,,,,1,EPOCH-WR,10,
par,Write Repair,105,105,Update,0.906125,6.0,,,,,1,EPOCH-WR,10,Update
par,Write Repair,106,106,HistoryScan,14.090666,,104.0,,,,1,EPOCH-WR,10,HistoryScan
par,Write Repair,107,107,RecentScan,15.714042,,107.0,,,,1,EPOCH-WR,10,RecentScan
par,Write Repair,108,108,RecentScan,14.418459,,108.0,,,,1,EPOCH-WR,10,RecentScan
par,Write Repair,109,109,RecentScan,13.77225,,109.0,,,,1,EPOCH-WR,10,RecentScan
par,Write Repair,110,110,RecentScan,16.154167,,110.0,,,,1,EPOCH-WR,10,RecentScan
par,Write Repair,111,111,MarkTs,0.6190410000000001,,111.0,,,,1,EPOCH-WR,10,
par,Write Repair,112,112,Update,0.91425,6.0,,,,,1,EPOCH-WR,10,Update
par,Write Repair,113,113,RecentScan,14.671584,,113.0,,,,1,EPOCH-WR,10,RecentScan
par,Write Repair,114,114,RecentScan,14.560375,,114.0,,,,1,EPOCH-WR,10,RecentScan
par,Write Repair,115,115,RecentScan,15.091625,,115.0,,,,1,EPOCH-WR,10,RecentScan
par,Write Repair,116,116,RecentScan,14.927291,,116.0,,,,1,EPOCH-WR,10,RecentScan
par,Write Repair,117,117,RecentScan,14.640083,,117.0,,,,1,EPOCH-WR,10,RecentScan
par,Write Repair,118,118,MarkTs,0.054875,,118.0,,,,1,EPOCH-WR,10,
par,Write Repair,119,119,Update,0.9145829999999999,6.0,,,,,1,EPOCH-WR,10,Update
par,Write Repair,120,120,HistoryScan,14.616375,,118.0,,,,1,EPOCH-WR,10,HistoryScan
par,Write Repair,121,121,RecentScan,13.961708,,121.0,,,,1,EPOCH-WR,10,RecentScan
par,Write Repair,122,122,RecentScan,14.584041,,122.0,,,,1,EPOCH-WR,10,RecentScan
par,Write Repair,123,123,RecentScan,14.261917,,123.0,,,,1,EPOCH-WR,10,RecentScan
par,Write Repair,124,124,RecentScan,14.821958,,124.0,,,,1,EPOCH-WR,10,RecentScan
par,Write Repair,125,125,MarkTs,0.050582999999999996,,125.0,,,,1,EPOCH-WR,10,
par,Write Repair,126,126,Update,0.8363339999999999,6.0,,,,,1,EPOCH-WR,10,Update
par,Write Repair,127,127,RecentScan,14.744375,,127.0,,,,1,EPOCH-WR,10,RecentScan
par,Write Repair,128,128,RecentScan,15.085,,128.0,,,,1,EPOCH-WR,10,RecentScan
par,Write Repair,129,129,RecentScan,15.188667,,129.0,,,,1,EPOCH-WR,10,RecentScan
par,Write Repair,130,130,RecentScan,14.632875,,130.0,,,,1,EPOCH-WR,10,RecentScan
par,Write Repair,131,131,RecentScan,14.197458,,131.0,,,,1,EPOCH-WR,10,RecentScan
par,Write Repair,132,132,MarkTs,0.051082999999999996,,132.0,,,,1,EPOCH-WR,10,
par,Write Repair,133,133,Update,0.849875,6.0,,,,,1,EPOCH-WR,10,Update
par,Write Repair,134,134,HistoryScan,14.399709,,132.0,,,,1,EPOCH-WR,10,HistoryScan
par,Write Repair,135,135,RecentScan,14.274042,,135.0,,,,1,EPOCH-WR,10,RecentScan
par,Write Repair,136,136,RecentScan,14.317041,,136.0,,,,1,EPOCH-WR,10,RecentScan
par,Write Repair,137,137,RecentScan,14.821791,,137.0,,,,1,EPOCH-WR,10,RecentScan
par,Write Repair,138,138,RecentScan,14.759375,,138.0,,,,1,EPOCH-WR,10,RecentScan
par,Write Repair,139,139,MarkTs,0.043709000000000005,,139.0,,,,1,EPOCH-WR,10,
par,Write Repair,140,140,Update,0.826,6.0,,,,,1,EPOCH-WR,10,Update
