table_type,repair_type,idx,tx_id,tx_type,duration_ms,count,read_ts,from_ts,to_ts,build_reason,trial,table_label,history_scans,component
ivmh,No Repair,0,0,InitLoad,49.519625,210000.0,,,,,0,IVMH,0,InitLoad
ivmh,No Repair,1,1,RecentScan,69.659166,,1.0,,,,0,IVMH,0,RecentScan
ivmh,No Repair,2,2,RecentScan,63.097167,,2.0,,,,0,IVMH,0,RecentScan
ivmh,No Repair,3,3,RecentScan,58.959166,,3.0,,,,0,IVMH,0,RecentScan
ivmh,No Repair,4,4,RecentScan,63.614417,,4.0,,,,0,IVMH,0,RecentScan
ivmh,No Repair,5,5,RecentScan,59.14275,,5.0,,,,0,IVMH,0,RecentScan
ivmh,No Repair,6,6,MarkTs,0.0,,6.0,,,,0,IVMH,0,
ivmh,No Repair,7,7,Update,0.200458,21.0,,,,,0,IVMH,0,Update
ivmh,No Repair,8,8,RecentScan,65.895417,,8.0,,,,0,IVMH,0,RecentScan
ivmh,No Repair,9,9,RecentScan,63.391291,,9.0,,,,0,IVMH,0,RecentScan
ivmh,No Repair,10,10,RecentScan,60.396625,,10.0,,,,0,IVMH,0,RecentScan
ivmh,No Repair,11,11,RecentScan,59.796541,,11.0,,,,0,IVMH,0,RecentScan
ivmh,No Repair,12,12,RecentScan,61.19025,,12.0,,,,0,IVMH,0,RecentScan
ivmh,No Repair,13,13,MarkTs,0.0,,13.0,,,,0,IVMH,0,
ivmh,No Repair,14,14,Update,0.24920799999999999,21.0,,,,,0,IVMH,0,Update
ivmh,No Repair,15,15,RecentScan,58.149375,,15.0,,,,0,IVMH,0,RecentScan
ivmh,No Repair,16,16,RecentScan,60.153875,,16.0,,,,0,IVMH,0,RecentScan
ivmh,No Repair,17,17,RecentScan,62.320334,,17.0,,,,0,IVMH,0,RecentScan
ivmh,No Repair,18,18,RecentScan,60.519417,,18.0,,,,0,IVMH,0,RecentScan
ivmh,No Repair,19,19,RecentScan,62.506458,,19.0,,,,0,IVMH,0,RecentScan
ivmh,No Repair,20,20,MarkTs,0.001375,,20.0,,,,0,IVMH,0,
ivmh,No Repair,21,21,Update,0.188917,21.0,,,,,0,IVMH,0,Update
ivmh,No Repair,22,22,RecentScan,61.030875,,22.0,,,,0,IVMH,0,RecentScan
ivmh,No Repair,23,23,RecentScan,60.884292,,23.0,,,,0,IVMH,0,RecentScan
ivmh,No Repair,24,24,RecentScan,60.74425,,24.0,,,,0,IVMH,0,RecentScan
ivmh,No Repair,25,25,RecentScan,61.455292,,25.0,,,,0,IVMH,0,RecentScan
ivmh,No Repair,26,26,RecentScan,57.864125,,26.0,,,,0,IVMH,0,RecentScan
ivmh,No Repair,27,27,MarkTs,0.0024159999999999997,,27.0,,,,0,IVMH,0,
ivmh,No Repair,28,28,Update,0.250583,21.0,,,,,0,IVMH,0,Update
ivmh,No Repair,29,29,RecentScan,59.978833,,29.0,,,,0,IVMH,0,RecentScan
ivmh,No Repair,30,30,RecentScan,59.592333,,30.0,,,,0,IVMH,0,RecentScan
ivmh,No Repair,31,31,RecentScan,61.875042,,31.0,,,,0,IVMH,0,RecentScan
ivmh,No Repair,32,32,RecentScan,60.547542,,32.0,,,,0,IVMH,0,RecentScan
ivmh,No Repair,33,33,RecentScan,57.174,,33.0,,,,0,IVMH,0,RecentScan
ivmh,No Repair,34,34,MarkTs,0.0,,34.0,,,,0,IVMH,0,
ivmh,No Repair,35,35,Update,0.2265,21.0,,,,,0,IVMH,0,Update
ivmh,No Repair,36,36,RecentScan,60.944667,,36.0,,,,0,IVMH,0,RecentScan
ivmh,No Repair,37,37,RecentScan,60.816584,,37.0,,,,0,IVMH,0,RecentScan
ivmh,No Repair,38,38,RecentScan,81.756792,,38.0,,,,0,IVMH,0,RecentScan
ivmh,No Repair,39,39,RecentScan,67.164875,,39.0,,,,0,IVMH,0,RecentScan
ivmh,No Repair,40,40,RecentScan,59.455209,,40.0,,,,0,IVMH,0,RecentScan
ivmh,No Repair,41,41,MarkTs,0.0017079999999999999,,41.0,,,,0,IVMH,0,
ivmh,No Repair,42,42,Update,0.15875,21.0,,,,,0,IVMH,0,Update
ivmh,No Repair,43,43,RecentScan,61.22625,,43.0,,,,0,IVMH,0,RecentScan
ivmh,No Repair,44,44,RecentScan,65.860041,,44.0,,,,0,IVMH,0,RecentScan
ivmh,No Repair,45,45,RecentScan,59.467875,,45.0,,,,0,IVMH,0,RecentScan
ivmh,No Repair,46,46,RecentScan,61.54875,,46.0,,,,0,IVMH,0,RecentScan
ivmh,No Repair,47,47,RecentScan,61.807375,,47.0,,,,0,IVMH,0,RecentScan
ivmh,No Repair,48,48,MarkTs,0.0,,48.0,,,,0,IVMH,0,
ivmh,No Repair,49,49,Update,0.193834,21.0,,,,,0,IVMH,0,Update
ivmh,No Repair,50,50,RecentScan,61.529875,,50.0,,,,0,IVMH,0,RecentScan
ivmh,No Repair,51,51,RecentScan,64.637917,,51.0,,,,0,IVMH,0,RecentScan
ivmh,No Repair,52,52,RecentScan,61.486209,,52.0,,,,0,IVMH,0,RecentScan
ivmh,No Repair,53,53,RecentScan,61.452083,,53.0,,,,0,IVMH,0,RecentScan
ivmh,No Repair,54,54,RecentScan,63.846042,,54.0,,,,0,IVMH,0,RecentScan
ivmh,No Repair,55,55,MarkTs,0.001625,,55.0,,,,0,IVMH,0,
ivmh,No Repair,56,56,Update,0.173458,21.0,,,,,0,IVMH,0,Update
ivmh,No Repair,57,57,RecentScan,64.171167,,57.0,,,,0,IVMH,0,RecentScan
ivmh,No Repair,58,58,RecentScan,59.915791,,58.0,,,,0,IVMH,0,RecentScan
ivmh,No Repair,59,59,RecentScan,58.525875,,59.0,,,,0,IVMH,0,RecentScan
ivmh,No Repair,60,60,RecentScan,60.812625,,60.0,,,,0,IVMH,0,RecentScan
ivmh,No Repair,61,61,RecentScan,60.6485,,61.0,,,,0,IVMH,0,RecentScan
ivmh,No Repair,62,62,MarkTs,0.001,,62.0,,,,0,IVMH,0,
ivmh,No Repair,63,63,Update,0.22025,21.0,,,,,0,IVMH,0,Update
ivmh,No Repair,64,64,RecentScan,60.109709,,64.0,,,,0,IVMH,0,RecentScan
ivmh,No Repair,65,65,RecentScan,60.87875,,65.0,,,,0,IVMH,0,RecentScan
ivmh,No Repair,66,66,RecentScan,60.578583,,66.0,,,,0,IVMH,0,RecentScan
ivmh,No Repair,67,67,RecentScan,60.495792,,67.0,,,,0,IVMH,0,RecentScan
ivmh,No Repair,68,68,RecentScan,63.596708,,68.0,,,,0,IVMH,0,RecentScan
ivmh,No Repair,69,69,MarkTs,0.0,,69.0,,,,0,IVMH,0,
ivmh,No Repair,70,70,Update,0.192417,21.0,,,,,0,IVMH,0,Update
ivmh,No Repair,0,0,InitLoad,48.316917,210000.0,,,,,1,IVMH,0,InitLoad
ivmh,No Repair,1,1,RecentScan,65.891958,,1.0,,,,1,IVMH,0,RecentScan
ivmh,No Repair,2,2,RecentScan,62.709292,,2.0,,,,1,IVMH,0,RecentScan
ivmh,No Repair,3,3,RecentScan,57.556875,,3.0,,,,1,IVMH,0,RecentScan
ivmh,No Repair,4,4,RecentScan,67.236125,,4.0,,,,1,IVMH,0,RecentScan
ivmh,No Repair,5,5,RecentScan,70.763333,,5.0,,,,1,IVMH,0,RecentScan
ivmh,No Repair,6,6,MarkTs,0.0013340000000000001,,6.0,,,,1,IVMH,0,
ivmh,No Repair,7,7,Update,0.21979200000000002,21.0,,,,,1,IVMH,0,Update
ivmh,No Repair,8,8,RecentScan,59.288625,,8.0,,,,1,IVMH,0,RecentScan
ivmh,No Repair,9,9,RecentScan,61.253208,,9.0,,,,1,IVMH,0,RecentScan
ivmh,No Repair,10,10,RecentScan,59.572375,,10.0,,,,1,IVMH,0,RecentScan
ivmh,No Repair,11,11,RecentScan,59.419542,,11.0,,,,1,IVMH,0,RecentScan
ivmh,No Repair,12,12,RecentScan,63.32725,,12.0,,,,1,IVMH,0,RecentScan
ivmh,No Repair,13,13,MarkTs,0.0017079999999999999,,13.0,,,,1,IVMH,0,
ivmh,No Repair,14,14,Update,0.263209,21.0,,,,,1,IVMH,0,Update
ivmh,No Repair,15,15,RecentScan,66.555875,,15.0,,,,1,IVMH,0,RecentScan
ivmh,No Repair,16,16,RecentScan,61.468541,,16.0,,,,1,IVMH,0,RecentScan
ivmh,No Repair,17,17,RecentScan,95.04075,,17.0,,,,1,IVMH,0,RecentScan
ivmh,No Repair,18,18,RecentScan,64.264291,,18.0,,,,1,IVMH,0,RecentScan
ivmh,No Repair,19,19,RecentScan,61.445709,,19.0,,,,1,IVMH,0,RecentScan
ivmh,No Repair,20,20,MarkTs,0.0,,20.0,,,,1,IVMH,0,
ivmh,No Repair,21,21,Update,0.138584,21.0,,,,,1,IVMH,0,Update
ivmh,No Repair,22,22,RecentScan,61.767,,22.0,,,,1,IVMH,0,RecentScan
ivmh,No Repair,23,23,RecentScan,60.902083,,23.0,,,,1,IVMH,0,RecentScan
ivmh,No Repair,24,24,RecentScan,60.496541,,24.0,,,,1,IVMH,0,RecentScan
ivmh,No Repair,25,25,RecentScan,63.156917,,25.0,,,,1,IVMH,0,RecentScan
ivmh,No Repair,26,26,RecentScan,56.113583,,26.0,,,,1,IVMH,0,RecentScan
ivmh,No Repair,27,27,MarkTs,0.0027919999999999998,,27.0,,,,1,IVMH,0,
ivmh,No Repair,28,28,Update,0.244542,21.0,,,,,1,IVMH,0,Update
ivmh,No Repair,29,29,RecentScan,58.872875,,29.0,,,,1,IVMH,0,RecentScan
ivmh,No Repair,30,30,RecentScan,58.164333,,30.0,,,,1,IVMH,0,RecentScan
ivmh,No Repair,31,31,RecentScan,60.819042,,31.0,,,,1,IVMH,0,RecentScan
ivmh,No Repair,32,32,RecentScan,62.542166,,32.0,,,,1,IVMH,0,RecentScan
ivmh,No Repair,33,33,RecentScan,61.67375,,33.0,,,,1,IVMH,0,RecentScan
ivmh,No Repair,34,34,MarkTs,0.0,,34.0,,,,1,IVMH,0,
ivmh,No Repair,35,35,Update,0.247625,21.0,,,,,1,IVMH,0,Update
ivmh,No Repair,36,36,RecentScan,60.487917,,36.0,,,,1,IVMH,0,RecentScan
ivmh,No Repair,37,37,RecentScan,60.637042,,37.0,,,,1,IVMH,0,RecentScan
ivmh,No Repair,38,38,RecentScan,64.562167,,38.0,,,,1,IVMH,0,RecentScan
ivmh,No Repair,39,39,RecentScan,61.196125,,39.0,,,,1,IVMH,0,RecentScan
ivmh,No Repair,40,40,RecentScan,66.72475,,40.0,,,,1,IVMH,0,RecentScan
ivmh,No Repair,41,41,MarkTs,0.0,,41.0,,,,1,IVMH,0,
ivmh,No Repair,42,42,Update,0.193417,21.0,,,,,1,IVMH,0,Update
ivmh,No Repair,43,43,RecentScan,63.363292,,43.0,,,,1,IVMH,0,RecentScan
ivmh,No Repair,44,44,RecentScan,61.113083,,44.0,,,,1,IVMH,0,RecentScan
ivmh,No Repair,45,45,RecentScan,63.929,,45.0,,,,1,IVMH,0,RecentScan
ivmh,No Repair,46,46,RecentScan,62.174083,,46.0,,,,1,IVMH,0,RecentScan
ivmh,No Repair,47,47,RecentScan,66.078708,,47.0,,,,1,IVMH,0,RecentScan
ivmh,No Repair,48,48,MarkTs,0.0,,48.0,,,,1,IVMH,0,
ivmh,No Repair,49,49,Update,0.309542,21.0,,,,,1,IVMH,0,Update
ivmh,No Repair,50,50,RecentScan,67.052958,,50.0,,,,1,IVMH,0,RecentScan
ivmh,No Repair,51,51,RecentScan,66.9375,,51.0,,,,1,IVMH,0,RecentScan
ivmh,No Repair,52,52,RecentScan,73.754291,,52.0,,,,1,IVMH,0,RecentScan
ivmh,No Repair,53,53,RecentScan,64.898708,,53.0,,,,1,IVMH,0,RecentScan
ivmh,No Repair,54,54,RecentScan,63.15475,,54.0,,,,1,IVMH,0,RecentScan
ivmh,No Repair,55,55,MarkTs,0.0025830000000000002,,55.0,,,,1,IVMH,0,
ivmh,No Repair,56,56,Update,0.247208,21.0,,,,,1,IVMH,0,Update
ivmh,No Repair,57,57,RecentScan,65.853958,,57.0,,,,1,IVMH,0,RecentScan
ivmh,No Repair,58,58,RecentScan,66.007667,,58.0,,,,1,IVMH,0,RecentScan
ivmh,No Repair,59,59,RecentScan,62.764583,,59.0,,,,1,IVMH,0,RecentScan
ivmh,No Repair,60,60,RecentScan,64.9515,,60.0,,,,1,IVMH,0,RecentScan
ivmh,No Repair,61,61,RecentScan,63.415166,,61.0,,,,1,IVMH,0,RecentScan
ivmh,No Repair,62,62,MarkTs,0.0,,62.0,,,,1,IVMH,0,
ivmh,No Repair,63,63,Update,0.237958,21.0,,,,,1,IVMH,0,Update
ivmh,No Repair,64,64,RecentScan,64.98175,,64.0,,,,1,IVMH,0,RecentScan
ivmh,No Repair,65,65,RecentScan,64.719083,,65.0,,,,1,IVMH,0,RecentScan
ivmh,No Repair,66,66,RecentScan,63.214458,,66.0,,,,1,IVMH,0,RecentScan
ivmh,No Repair,67,67,RecentScan,62.562708,,67.0,,,,1,IVMH,0,RecentScan
ivmh,No Repair,68,68,RecentScan,59.270125,,68.0,,,,1,IVMH,0,RecentScan
ivmh,No Repair,69,69,MarkTs,0.0,,69.0,,,,1,IVMH,0,
ivmh,No Repair,70,70,Update,0.204542,21.0,,,,,1,IVMH,0,Update
ivmh,No Repair,0,0,InitLoad,52.664542,210000.0,,,,,2,IVMH,0,InitLoad
ivmh,No Repair,1,1,RecentScan,77.600583,,1.0,,,,2,IVMH,0,RecentScan
ivmh,No Repair,2,2,RecentScan,63.028042,,2.0,,,,2,IVMH,0,RecentScan
ivmh,No Repair,3,3,RecentScan,65.940292,,3.0,,,,2,IVMH,0,RecentScan
ivmh,No Repair,4,4,RecentScan,64.078542,,4.0,,,,2,IVMH,0,RecentScan
ivmh,No Repair,5,5,RecentScan,59.883583,,5.0,,,,2,IVMH,0,RecentScan
ivmh,No Repair,6,6,MarkTs,0.0012079999999999999,,6.0,,,,2,IVMH,0,
ivmh,No Repair,7,7,Update,0.178166,21.0,,,,,2,IVMH,0,Update
ivmh,No Repair,8,8,RecentScan,60.775125,,8.0,,,,2,IVMH,0,RecentScan
ivmh,No Repair,9,9,RecentScan,65.402083,,9.0,,,,2,IVMH,0,RecentScan
ivmh,No Repair,10,10,RecentScan,61.3265,,10.0,,,,2,IVMH,0,RecentScan
ivmh,No Repair,11,11,RecentScan,59.162833,,11.0,,,,2,IVMH,0,RecentScan
ivmh,No Repair,12,12,RecentScan,69.792208,,12.0,,,,2,IVMH,0,RecentScan
ivmh,No Repair,13,13,MarkTs,0.0,,13.0,,,,2,IVMH,0,
ivmh,No Repair,14,14,Update,0.305375,21.0,,,,,2,IVMH,0,Update
ivmh,No Repair,15,15,RecentScan,68.318792,,15.0,,,,2,IVMH,0,RecentScan
ivmh,No Repair,16,16,RecentScan,67.501708,,16.0,,,,2,IVMH,0,RecentScan
ivmh,No Repair,17,17,RecentScan,64.668083,,17.0,,,,2,IVMH,0,RecentScan
ivmh,No Repair,18,18,RecentScan,61.286208,,18.0,,,,2,IVMH,0,RecentScan
ivmh,No Repair,19,19,RecentScan,60.016958,,19.0,,,,2,IVMH,0,RecentScan
ivmh,No Repair,20,20,MarkTs,0.0,,20.0,,,,2,IVMH,0,
ivmh,No Repair,21,21,Update,0.125167,21.0,,,,,2,IVMH,0,Update
ivmh,No Repair,22,22,RecentScan,67.320917,,22.0,,,,2,IVMH,0,RecentScan
ivmh,No Repair,23,23,RecentScan,63.545417,,23.0,,,,2,IVMH,0,RecentScan
ivmh,No Repair,24,24,RecentScan,63.132667,,24.0,,,,2,IVMH,0,RecentScan
ivmh,No Repair,25,25,RecentScan,60.835083,,25.0,,,,2,IVMH,0,RecentScan
ivmh,No Repair,26,26,RecentScan,58.731084,,26.0,,,,2,IVMH,0,RecentScan
ivmh,No Repair,27,27,MarkTs,0.001792,,27.0,,,,2,IVMH,0,
ivmh,No Repair,28,28,Update,0.262416,21.0,,,,,2,IVMH,0,Update
ivmh,No Repair,29,29,RecentScan,61.17575,,29.0,,,,2,IVMH,0,RecentScan
ivmh,No Repair,30,30,RecentScan,62.477042,,30.0,,,,2,IVMH,0,RecentScan
ivmh,No Repair,31,31,RecentScan,60.195958,,31.0,,,,2,IVMH,0,RecentScan
ivmh,No Repair,32,32,RecentScan,61.301708,,32.0,,,,2,IVMH,0,RecentScan
ivmh,No Repair,33,33,RecentScan,59.491416,,33.0,,,,2,IVMH,0,RecentScan
ivmh,No Repair,34,34,MarkTs,0.001,,34.0,,,,2,IVMH,0,
ivmh,No Repair,35,35,Update,0.260916,21.0,,,,,2,IVMH,0,Update
ivmh,No Repair,36,36,RecentScan,63.109709,,36.0,,,,2,IVMH,0,RecentScan
ivmh,No Repair,37,37,RecentScan,65.945125,,37.0,,,,2,IVMH,0,RecentScan
ivmh,No Repair,38,38,RecentScan,61.484084,,38.0,,,,2,IVMH,0,RecentScan
ivmh,No Repair,39,39,RecentScan,57.417,,39.0,,,,2,IVMH,0,RecentScan
ivmh,No Repair,40,40,RecentScan,59.282042,,40.0,,,,2,IVMH,0,RecentScan
ivmh,No Repair,41,41,MarkTs,0.0,,41.0,,,,2,IVMH,0,
ivmh,No Repair,42,42,Update,0.166834,21.0,,,,,2,IVMH,0,Update
ivmh,No Repair,43,43,RecentScan,59.240292,,43.0,,,,2,IVMH,0,RecentScan
ivmh,No Repair,44,44,RecentScan,63.487167,,44.0,,,,2,IVMH,0,RecentScan
ivmh,No Repair,45,45,RecentScan,61.343875,,45.0,,,,2,IVMH,0,RecentScan
ivmh,No Repair,46,46,RecentScan,62.588083,,46.0,,,,2,IVMH,0,RecentScan
ivmh,No Repair,47,47,RecentScan,58.552542,,47.0,,,,2,IVMH,0,RecentScan
ivmh,No Repair,48,48,MarkTs,0.0,,48.0,,,,2,IVMH,0,
ivmh,No Repair,49,49,Update,0.169958,21.0,,,,,2,IVMH,0,Update
ivmh,No Repair,50,50,RecentScan,60.436667,,50.0,,,,2,IVMH,0,RecentScan
ivmh,No Repair,51,51,RecentScan,58.478,,51.0,,,,2,IVMH,0,RecentScan
ivmh,No Repair,52,52,RecentScan,60.146125,,52.0,,,,2,IVMH,0,RecentScan
ivmh,No Repair,53,53,RecentScan,61.9045,,53.0,,,,2,IVMH,0,RecentScan
ivmh,No Repair,54,54,RecentScan,59.240208,,54.0,,,,2,IVMH,0,RecentScan
ivmh,No Repair,55,55,MarkTs,0.001792,,55.0,,,,2,IVMH,0,
ivmh,No Repair,56,56,Update,0.188666,21.0,,,,,2,IVMH,0,Update
ivmh,No Repair,57,57,RecentScan,63.687083,,57.0,,,,2,IVMH,0,RecentScan
ivmh,No Repair,58,58,RecentScan,60.538792,,58.0,,,,2,IVMH,0,RecentScan
ivmh,No Repair,59,59,RecentScan,64.523875,,59.0,,,,2,IVMH,0,RecentScan
ivmh,No Repair,60,60,RecentScan,61.870125,,60.0,,,,2,IVMH,0,RecentScan
ivmh,No Repair,61,61,RecentScan,61.120541,,61.0,,,,2,IVMH,0,RecentScan
ivmh,No Repair,62,62,MarkTs,0.0,,62.0,,,,2,IVMH,0,
ivmh,No Repair,63,63,Update,0.205667,21.0,,,,,2,IVMH,0,Update
ivmh,No Repair,64,64,RecentScan,59.307083,,64.0,,,,2,IVMH,0,RecentScan
ivmh,No Repair,65,65,RecentScan,61.40775,,65.0,,,,2,IVMH,0,RecentScan
ivmh,No Repair,66,66,RecentScan,63.450042,,66.0,,,,2,IVMH,0,RecentScan
ivmh,No Repair,67,67,RecentScan,63.343917,,67.0,,,,2,IVMH,0,RecentScan
ivmh,No Repair,68,68,RecentScan,64.218959,,68.0,,,,2,IVMH,0,RecentScan
ivmh,No Repair,69,69,MarkTs,0.0,,69.0,,,,2,IVMH,0,
ivmh,No Repair,70,70,Update,0.205958,21.0,,,,,2,IVMH,0,Update
ivmh,No Repair,0,0,InitLoad,50.396667,210000.0,,,,,3,IVMH,0,InitLoad
ivmh,No Repair,1,1,RecentScan,74.397958,,1.0,,,,3,IVMH,0,RecentScan
ivmh,No Repair,2,2,RecentScan,67.861167,,2.0,,,,3,IVMH,0,RecentScan
ivmh,No Repair,3,3,RecentScan,58.441792,,3.0,,,,3,IVMH,0,RecentScan
ivmh,No Repair,4,4,RecentScan,64.981541,,4.0,,,,3,IVMH,0,RecentScan
ivmh,No Repair,5,5,RecentScan,61.375041,,5.0,,,,3,IVMH,0,RecentScan
ivmh,No Repair,6,6,MarkTs,0.0,,6.0,,,,3,IVMH,0,
ivmh,No Repair,7,7,Update,0.20275,21.0,,,,,3,IVMH,0,Update
ivmh,No Repair,8,8,RecentScan,60.101542,,8.0,,,,3,IVMH,0,RecentScan
ivmh,No Repair,9,9,RecentScan,64.078583,,9.0,,,,3,IVMH,0,RecentScan
ivmh,No Repair,10,10,RecentScan,62.053792,,10.0,,,,3,IVMH,0,RecentScan
ivmh,No Repair,11,11,RecentScan,62.687792,,11.0,,,,3,IVMH,0,RecentScan
ivmh,No Repair,12,12,RecentScan,59.913416,,12.0,,,,3,IVMH,0,RecentScan
ivmh,No Repair,13,13,MarkTs,0.0,,13.0,,,,3,IVMH,0,
ivmh,No Repair,14,14,Update,0.261375,21.0,,,,,3,IVMH,0,Update
ivmh,No Repair,15,15,RecentScan,63.663291,,15.0,,,,3,IVMH,0,RecentScan
ivmh,No Repair,16,16,RecentScan,59.558375,,16.0,,,,3,IVMH,0,RecentScan
ivmh,No Repair,17,17,RecentScan,67.78375,,17.0,,,,3,IVMH,0,RecentScan
ivmh,No Repair,18,18,RecentScan,61.745417,,18.0,,,,3,IVMH,0,RecentScan
ivmh,No Repair,19,19,RecentScan,59.081125,,19.0,,,,3,IVMH,0,RecentScan
ivmh,No Repair,20,20,MarkTs,0.0,,20.0,,,,3,IVMH,0,
ivmh,No Repair,21,21,Update,0.114792,21.0,,,,,3,IVMH,0,Update
ivmh,No Repair,22,22,RecentScan,62.944833,,22.0,,,,3,IVMH,0,RecentScan
ivmh,No Repair,23,23,RecentScan,60.820458,,23.0,,,,3,IVMH,0,RecentScan
ivmh,No Repair,24,24,RecentScan,59.656708,,24.0,,,,3,IVMH,0,RecentScan
ivmh,No Repair,25,25,RecentScan,61.857292,,25.0,,,,3,IVMH,0,RecentScan
ivmh,No Repair,26,26,RecentScan,61.286667,,26.0,,,,3,IVMH,0,RecentScan
ivmh,No Repair,27,27,MarkTs,0.001917,,27.0,,,,3,IVMH,0,
ivmh,No Repair,28,28,Update,0.24625,21.0,,,,,3,IVMH,0,Update
ivmh,No Repair,29,29,RecentScan,57.396375,,29.0,,,,3,IVMH,0,RecentScan
ivmh,No Repair,30,30,RecentScan,56.19775,,30.0,,,,3,IVMH,0,RecentScan
ivmh,No Repair,31,31,RecentScan,55.842625,,31.0,,,,3,IVMH,0,RecentScan
ivmh,No Repair,32,32,RecentScan,58.340375,,32.0,,,,3,IVMH,0,RecentScan
ivmh,No Repair,33,33,RecentScan,60.323708,,33.0,,,,3,IVMH,0,RecentScan
ivmh,No Repair,34,34,MarkTs,0.0,,34.0,,,,3,IVMH,0,
ivmh,No Repair,35,35,Update,0.233709,21.0,,,,,3,IVMH,0,Update
ivmh,No Repair,36,36,RecentScan,56.65275,,36.0,,,,3,IVMH,0,RecentScan
ivmh,No Repair,37,37,RecentScan,59.301291,,37.0,,,,3,IVMH,0,RecentScan
ivmh,No Repair,38,38,RecentScan,59.473417,,38.0,,,,3,IVMH,0,RecentScan
ivmh,No Repair,39,39,RecentScan,58.8815,,39.0,,,,3,IVMH,0,RecentScan
ivmh,No Repair,40,40,RecentScan,58.052417,,40.0,,,,3,IVMH,0,RecentScan
ivmh,No Repair,41,41,MarkTs,0.0,,41.0,,,,3,IVMH,0,
ivmh,No Repair,42,42,Update,0.146666,21.0,,,,,3,IVMH,0,Update
ivmh,No Repair,43,43,RecentScan,55.409666,,43.0,,,,3,IVMH,0,RecentScan
ivmh,No Repair,44,44,RecentScan,54.683042,,44.0,,,,3,IVMH,0,RecentScan
ivmh,No Repair,45,45,RecentScan,59.266291,,45.0,,,,3,IVMH,0,RecentScan
ivmh,No Repair,46,46,RecentScan,56.237792,,46.0,,,,3,IVMH,0,RecentScan
ivmh,No Repair,47,47,RecentScan,63.530791,,47.0,,,,3,IVMH,0,RecentScan
ivmh,No Repair,48,48,MarkTs,0.0,,48.0,,,,3,IVMH,0,
ivmh,No Repair,49,49,Update,0.200625,21.0,,,,,3,IVMH,0,Update
ivmh,No Repair,50,50,RecentScan,62.650667,,50.0,,,,3,IVMH,0,RecentScan
ivmh,No Repair,51,51,RecentScan,60.598916,,51.0,,,,3,IVMH,0,RecentScan
ivmh,No Repair,52,52,RecentScan,55.200708,,52.0,,,,3,IVMH,0,RecentScan
ivmh,No Repair,53,53,RecentScan,56.798667,,53.0,,,,3,IVMH,0,RecentScan
ivmh,No Repair,54,54,RecentScan,57.619208,,54.0,,,,3,IVMH,0,RecentScan
ivmh,No Repair,55,55,MarkTs,0.001333,,55.0,,,,3,IVMH,0,
ivmh,No Repair,56,56,Update,0.160917,21.0,,,,,3,IVMH,0,Update
ivmh,No Repair,57,57,RecentScan,59.940708,,57.0,,,,3,IVMH,0,RecentScan
ivmh,No Repair,58,58,RecentScan,57.979125,,58.0,,,,3,IVMH,0,RecentScan
ivmh,No Repair,59,59,RecentScan,57.177708,,59.0,,,,3,IVMH,0,RecentScan
ivmh,No Repair,60,60,RecentScan,59.218084,,60.0,,,,3,IVMH,0,RecentScan
ivmh,No Repair,61,61,RecentScan,58.583792,,61.0,,,,3,IVMH,0,RecentScan
ivmh,No Repair,62,62,MarkTs,0.0,,62.0,,,,3,IVMH,0,
ivmh,No Repair,63,63,Update,0.209916,21.0,,,,,3,IVMH,0,Update
ivmh,No Repair,64,64,RecentScan,56.5985,,64.0,,,,3,IVMH,0,RecentScan
ivmh,No Repair,65,65,RecentScan,59.251084,,65.0,,,,3,IVMH,0,RecentScan
ivmh,No Repair,66,66,RecentScan,58.073125,,66.0,,,,3,IVMH,0,RecentScan
ivmh,No Repair,67,67,RecentScan,59.084125,,67.0,,,,3,IVMH,0,RecentScan
ivmh,No Repair,68,68,RecentScan,58.241625,,68.0,,,,3,IVMH,0,RecentScan
ivmh,No Repair,69,69,MarkTs,0.0,,69.0,,,,3,IVMH,0,
ivmh,No Repair,70,70,Update,0.169,21.0,,,,,3,IVMH,0,Update
ivmh,No Repair,0,0,InitLoad,48.918792,210000.0,,,,,4,IVMH,0,InitLoad
ivmh,No Repair,1,1,RecentScan,64.407834,,1.0,,,,4,IVMH,0,RecentScan
ivmh,No Repair,2,2,RecentScan,59.893292,,2.0,,,,4,IVMH,0,RecentScan
ivmh,No Repair,3,3,RecentScan,58.153875,,3.0,,,,4,IVMH,0,RecentScan
ivmh,No Repair,4,4,RecentScan,61.28325,,4.0,,,,4,IVMH,0,RecentScan
ivmh,No Repair,5,5,RecentScan,58.250542,,5.0,,,,4,IVMH,0,RecentScan
ivmh,No Repair,6,6,MarkTs,0.001375,,6.0,,,,4,IVMH,0,
ivmh,No Repair,7,7,Update,0.201625,21.0,,,,,4,IVMH,0,Update
ivmh,No Repair,8,8,RecentScan,59.553167,,8.0,,,,4,IVMH,0,RecentScan
ivmh,No Repair,9,9,RecentScan,56.765959,,9.0,,,,4,IVMH,0,RecentScan
ivmh,No Repair,10,10,RecentScan,62.83275,,10.0,,,,4,IVMH,0,RecentScan
ivmh,No Repair,11,11,RecentScan,61.171084,,11.0,,,,4,IVMH,0,RecentScan
ivmh,No Repair,12,12,RecentScan,58.110417,,12.0,,,,4,IVMH,0,RecentScan
ivmh,No Repair,13,13,MarkTs,0.0,,13.0,,,,4,IVMH,0,
ivmh,No Repair,14,14,Update,0.237292,21.0,,,,,4,IVMH,0,Update
ivmh,No Repair,15,15,RecentScan,58.171542,,15.0,,,,4,IVMH,0,RecentScan
ivmh,No Repair,16,16,RecentScan,60.493083,,16.0,,,,4,IVMH,0,RecentScan
ivmh,No Repair,17,17,RecentScan,60.085667,,17.0,,,,4,IVMH,0,RecentScan
ivmh,No Repair,18,18,RecentScan,56.958583,,18.0,,,,4,IVMH,0,RecentScan
ivmh,No Repair,19,19,RecentScan,56.681792,,19.0,,,,4,IVMH,0,RecentScan
ivmh,No Repair,20,20,MarkTs,0.0,,20.0,,,,4,IVMH,0,
ivmh,No Repair,21,21,Update,0.120667,21.0,,,,,4,IVMH,0,Update
ivmh,No Repair,22,22,RecentScan,58.956917,,22.0,,,,4,IVMH,0,RecentScan
ivmh,No Repair,23,23,RecentScan,60.16775,,23.0,,,,4,IVMH,0,RecentScan
ivmh,No Repair,24,24,RecentScan,58.308875,,24.0,,,,4,IVMH,0,RecentScan
ivmh,No Repair,25,25,RecentScan,61.415291,,25.0,,,,4,IVMH,0,RecentScan
ivmh,No Repair,26,26,RecentScan,62.6105,,26.0,,,,4,IVMH,0,RecentScan
ivmh,No Repair,27,27,MarkTs,0.001375,,27.0,,,,4,IVMH,0,
ivmh,No Repair,28,28,Update,0.252,21.0,,,,,4,IVMH,0,Update
ivmh,No Repair,29,29,RecentScan,60.69625,,29.0,,,,4,IVMH,0,RecentScan
ivmh,No Repair,30,30,RecentScan,59.181958,,30.0,,,,4,IVMH,0,RecentScan
ivmh,No Repair,31,31,RecentScan,58.123,,31.0,,,,4,IVMH,0,RecentScan
ivmh,No Repair,32,32,RecentScan,60.296167,,32.0,,,,4,IVMH,0,RecentScan
ivmh,No Repair,33,33,RecentScan,58.632334,,33.0,,,,4,IVMH,0,RecentScan
ivmh,No Repair,34,34,MarkTs,0.0,,34.0,,,,4,IVMH,0,
ivmh,No Repair,35,35,Update,0.274209,21.0,,,,,4,IVMH,0,Update
ivmh,No Repair,36,36,RecentScan,61.447083,,36.0,,,,4,IVMH,0,RecentScan
ivmh,No Repair,37,37,RecentScan,62.24625,,37.0,,,,4,IVMH,0,RecentScan
ivmh,No Repair,38,38,RecentScan,65.7885,,38.0,,,,4,IVMH,0,RecentScan
ivmh,No Repair,39,39,RecentScan,59.262166,,39.0,,,,4,IVMH,0,RecentScan
ivmh,No Repair,40,40,RecentScan,60.568,,40.0,,,,4,IVMH,0,RecentScan
ivmh,No Repair,41,41,MarkTs,0.0,,41.0,,,,4,IVMH,0,
ivmh,No Repair,42,42,Update,0.173709,21.0,,,,,4,IVMH,0,Update
ivmh,No Repair,43,43,RecentScan,61.492583,,43.0,,,,4,IVMH,0,RecentScan
ivmh,No Repair,44,44,RecentScan,58.581834,,44.0,,,,4,IVMH,0,RecentScan
ivmh,No Repair,45,45,RecentScan,58.793125,,45.0,,,,4,IVMH,0,RecentScan
ivmh,No Repair,46,46,RecentScan,57.803292,,46.0,,,,4,IVMH,0,RecentScan
ivmh,No Repair,47,47,RecentScan,58.876,,47.0,,,,4,IVMH,0,RecentScan
ivmh,No Repair,48,48,MarkTs,0.0,,48.0,,,,4,IVMH,0,
ivmh,No Repair,49,49,Update,0.187917,21.0,,,,,4,IVMH,0,Update
ivmh,No Repair,50,50,RecentScan,60.102625,,50.0,,,,4,IVMH,0,RecentScan
ivmh,No Repair,51,51,RecentScan,58.260583,,51.0,,,,4,IVMH,0,RecentScan
ivmh,No Repair,52,52,RecentScan,55.48425,,52.0,,,,4,IVMH,0,RecentScan
ivmh,No Repair,53,53,RecentScan,59.346916,,53.0,,,,4,IVMH,0,RecentScan
ivmh,No Repair,54,54,RecentScan,61.937875,,54.0,,,,4,IVMH,0,RecentScan
ivmh,No Repair,55,55,MarkTs,0.001667,,55.0,,,,4,IVMH,0,
ivmh,No Repair,56,56,Update,0.210625,21.0,,,,,4,IVMH,0,Update
ivmh,No Repair,57,57,RecentScan,61.4575,,57.0,,,,4,IVMH,0,RecentScan
ivmh,No Repair,58,58,RecentScan,63.320709,,58.0,,,,4,IVMH,0,RecentScan
ivmh,No Repair,59,59,RecentScan,60.569625,,59.0,,,,4,IVMH,0,RecentScan
ivmh,No Repair,60,60,RecentScan,60.762166,,60.0,,,,4,IVMH,0,RecentScan
ivmh,No Repair,61,61,RecentScan,59.22025,,61.0,,,,4,IVMH,0,RecentScan
ivmh,No Repair,62,62,MarkTs,0.0,,62.0,,,,4,IVMH,0,
ivmh,No Repair,63,63,Update,0.226708,21.0,,,,,4,IVMH,0,Update
ivmh,No Repair,64,64,RecentScan,56.799458,,64.0,,,,4,IVMH,0,RecentScan
ivmh,No Repair,65,65,RecentScan,59.521292,,65.0,,,,4,IVMH,0,RecentScan
ivmh,No Repair,66,66,RecentScan,60.952875,,66.0,,,,4,IVMH,0,RecentScan
ivmh,No Repair,67,67,RecentScan,58.287208,,67.0,,,,4,IVMH,0,RecentScan
ivmh,No Repair,68,68,RecentScan,62.851,,68.0,,,,4,IVMH,0,RecentScan
ivmh,No Repair,69,69,MarkTs,0.0,,69.0,,,,4,IVMH,0,
ivmh,No Repair,70,70,Update,0.196042,21.0,,,,,4,IVMH,0,Update
ivmh,No Repair,0,0,InitLoad,54.257584,210000.0,,,,,0,IVMH,1,InitLoad
ivmh,No Repair,1,1,RecentScan,66.126542,,1.0,,,,0,IVMH,1,RecentScan
ivmh,No Repair,2,2,RecentScan,60.496375,,2.0,,,,0,IVMH,1,RecentScan
ivmh,No Repair,3,3,RecentScan,59.097917,,3.0,,,,0,IVMH,1,RecentScan
ivmh,No Repair,4,4,RecentScan,61.81475,,4.0,,,,0,IVMH,1,RecentScan
ivmh,No Repair,5,5,RecentScan,65.584209,,5.0,,,,0,IVMH,1,RecentScan
ivmh,No Repair,6,6,MarkTs,0.001166,,6.0,,,,0,IVMH,1,
ivmh,No Repair,7,7,Update,0.204041,21.0,,,,,0,IVMH,1,Update
ivmh,No Repair,8,8,MarkTs,189.951209,,6.0,,,HistoryScan,0,IVMH,1,BuildSnap
ivmh,No Repair,8,8,HistoryScan,63.290125,,6.0,,,,0,IVMH,1,HistoryScan
ivmh,No Repair,9,9,RecentScan,63.671833,,9.0,,,,0,IVMH,1,RecentScan
ivmh,No Repair,10,10,RecentScan,64.684417,,10.0,,,,0,IVMH,1,RecentScan
ivmh,No Repair,11,11,RecentScan,64.476042,,11.0,,,,0,IVMH,1,RecentScan
ivmh,No Repair,12,12,RecentScan,64.175792,,12.0,,,,0,IVMH,1,RecentScan
ivmh,No Repair,13,13,MarkTs,0.0,,13.0,,,,0,IVMH,1,
ivmh,No Repair,14,14,Update,0.262,21.0,,,,,0,IVMH,1,Update
ivmh,No Repair,15,15,RecentScan,64.323292,,15.0,,,,0,IVMH,1,RecentScan
ivmh,No Repair,16,16,RecentScan,65.44875,,16.0,,,,0,IVMH,1,RecentScan
ivmh,No Repair,17,17,RecentScan,64.693667,,17.0,,,,0,IVMH,1,RecentScan
ivmh,No Repair,18,18,RecentScan,64.342333,,18.0,,,,0,IVMH,1,RecentScan
ivmh,No Repair,19,19,RecentScan,64.595333,,19.0,,,,0,IVMH,1,RecentScan
ivmh,No Repair,20,20,MarkTs,0.0,,20.0,,,,0,IVMH,1,
ivmh,No Repair,21,21,Update,0.127458,21.0,,,,,0,IVMH,1,Update
ivmh,No Repair,22,22,RecentScan,65.193167,,22.0,,,,0,IVMH,1,RecentScan
ivmh,No Repair,23,23,RecentScan,65.21325,,23.0,,,,0,IVMH,1,RecentScan
ivmh,No Repair,24,24,RecentScan,66.254416,,24.0,,,,0,IVMH,1,RecentScan
ivmh,No Repair,25,25,RecentScan,61.184875,,25.0,,,,0,IVMH,1,RecentScan
ivmh,No Repair,26,26,RecentScan,64.143875,,26.0,,,,0,IVMH,1,RecentScan
ivmh,No Repair,27,27,MarkTs,0.0,,27.0,,,,0,IVMH,1,
ivmh,No Repair,28,28,Update,0.261791,21.0,,,,,0,IVMH,1,Update
ivmh,No Repair,29,29,RecentScan,60.685917,,29.0,,,,0,IVMH,1,RecentScan
ivmh,No Repair,30,30,RecentScan,62.546292,,30.0,,,,0,IVMH,1,RecentScan
ivmh,No Repair,31,31,RecentScan,61.180125,,31.0,,,,0,IVMH,1,RecentScan
ivmh,No Repair,32,32,RecentScan,61.344208,,32.0,,,,0,IVMH,1,RecentScan
ivmh,No Repair,33,33,RecentScan,61.187,,33.0,,,,0,IVMH,1,RecentScan
ivmh,No Repair,34,34,MarkTs,0.0,,34.0,,,,0,IVMH,1,
ivmh,No Repair,35,35,Update,0.275875,21.0,,,,,0,IVMH,1,Update
ivmh,No Repair,36,36,RecentScan,61.24825,,36.0,,,,0,IVMH,1,RecentScan
ivmh,No Repair,37,37,RecentScan,60.756625,,37.0,,,,0,IVMH,1,RecentScan
ivmh,No Repair,38,38,RecentScan,60.960209,,38.0,,,,0,IVMH,1,RecentScan
ivmh,No Repair,39,39,RecentScan,61.594042,,39.0,,,,0,IVMH,1,RecentScan
ivmh,No Repair,40,40,RecentScan,60.395334,,40.0,,,,0,IVMH,1,RecentScan
ivmh,No Repair,41,41,MarkTs,0.0,,41.0,,,,0,IVMH,1,
ivmh,No Repair,42,42,Update,0.154792,21.0,,,,,0,IVMH,1,Update
ivmh,No Repair,43,43,RecentScan,59.991417,,43.0,,,,0,IVMH,1,RecentScan
ivmh,No Repair,44,44,RecentScan,66.481709,,44.0,,,,0,IVMH,1,RecentScan
ivmh,No Repair,45,45,RecentScan,65.786708,,45.0,,,,0,IVMH,1,RecentScan
ivmh,No Repair,46,46,RecentScan,65.762208,,46.0,,,,0,IVMH,1,RecentScan
ivmh,No Repair,47,47,RecentScan,65.211042,,47.0,,,,0,IVMH,1,RecentScan
ivmh,No Repair,48,48,MarkTs,0.0,,48.0,,,,0,IVMH,1,
ivmh,No Repair,49,49,Update,0.197292,21.0,,,,,0,IVMH,1,Update
ivmh,No Repair,50,50,RecentScan,65.284958,,50.0,,,,0,IVMH,1,RecentScan
ivmh,No Repair,51,51,RecentScan,67.430459,,51.0,,,,0,IVMH,1,RecentScan
ivmh,No Repair,52,52,RecentScan,65.91775,,52.0,,,,0,IVMH,1,RecentScan
ivmh,No Repair,53,53,RecentScan,67.290916,,53.0,,,,0,IVMH,1,RecentScan
ivmh,No Repair,54,54,RecentScan,66.220375,,54.0,,,,0,IVMH,1,RecentScan
ivmh,No Repair,55,55,MarkTs,0.001666,,55.0,,,,0,IVMH,1,
ivmh,No Repair,56,56,Update,0.199083,21.0,,,,,0,IVMH,1,Update
ivmh,No Repair,57,57,RecentScan,66.842083,,57.0,,,,0,IVMH,1,RecentScan
ivmh,No Repair,58,58,RecentScan,67.591334,,58.0,,,,0,IVMH,1,RecentScan
ivmh,No Repair,59,59,RecentScan,66.403834,,59.0,,,,0,IVMH,1,RecentScan
ivmh,No Repair,60,60,RecentScan,66.433458,,60.0,,,,0,IVMH,1,RecentScan
ivmh,No Repair,61,61,RecentScan,66.566917,,61.0,,,,0,IVMH,1,RecentScan
ivmh,No Repair,62,62,MarkTs,0.0,,62.0,,,,0,IVMH,1,
ivmh,No Repair,63,63,Update,0.270125,21.0,,,,,0,IVMH,1,Update
ivmh,No Repair,64,64,RecentScan,66.600708,,64.0,,,,0,IVMH,1,RecentScan
ivmh,No Repair,65,65,RecentScan,65.297625,,65.0,,,,0,IVMH,1,RecentScan
ivmh,No Repair,66,66,RecentScan,74.224625,,66.0,,,,0,IVMH,1,RecentScan
ivmh,No Repair,67,67,RecentScan,59.5545,,67.0,,,,0,IVMH,1,RecentScan
ivmh,No Repair,68,68,RecentScan,61.562708,,68.0,,,,0,IVMH,1,RecentScan
ivmh,No Repair,69,69,MarkTs,0.0,,69.0,,,,0,IVMH,1,
ivmh,No Repair,70,70,Update,0.183208,21.0,,,,,0,IVMH,1,Update
ivmh,No Repair,0,0,InitLoad,50.580958,210000.0,,,,,1,IVMH,1,InitLoad
ivmh,No Repair,1,1,RecentScan,69.471125,,1.0,,,,1,IVMH,1,RecentScan
ivmh,No Repair,2,2,RecentScan,67.338084,,2.0,,,,1,IVMH,1,RecentScan
ivmh,No Repair,3,3,RecentScan,55.625459,,3.0,,,,1,IVMH,1,RecentScan
ivmh,No Repair,4,4,RecentScan,60.270875,,4.0,,,,1,IVMH,1,RecentScan
ivmh,No Repair,5,5,RecentScan,58.626167,,5.0,,,,1,IVMH,1,RecentScan
ivmh,No Repair,6,6,MarkTs,0.0,,6.0,,,,1,IVMH,1,
ivmh,No Repair,7,7,Update,0.175542,21.0,,,,,1,IVMH,1,Update
ivmh,No Repair,8,8,MarkTs,176.455708,,6.0,,,HistoryScan,1,IVMH,1,BuildSnap
ivmh,No Repair,8,8,HistoryScan,61.193542,,6.0,,,,1,IVMH,1,HistoryScan
ivmh,No Repair,9,9,RecentScan,58.908,,9.0,,,,1,IVMH,1,RecentScan
ivmh,No Repair,10,10,RecentScan,57.990833,,10.0,,,,1,IVMH,1,RecentScan
ivmh,No Repair,11,11,RecentScan,59.166833,,11.0,,,,1,IVMH,1,RecentScan
ivmh,No Repair,12,12,RecentScan,61.314209,,12.0,,,,1,IVMH,1,RecentScan
ivmh,No Repair,13,13,MarkTs,0.0,,13.0,,,,1,IVMH,1,
ivmh,No Repair,14,14,Update,0.26591699999999996,21.0,,,,,1,IVMH,1,Update
ivmh,No Repair,15,15,RecentScan,60.369875,,15.0,,,,1,IVMH,1,RecentScan
ivmh,No Repair,16,16,RecentScan,59.638209,,16.0,,,,1,IVMH,1,RecentScan
ivmh,No Repair,17,17,RecentScan,60.386209,,17.0,,,,1,IVMH,1,RecentScan
ivmh,No Repair,18,18,RecentScan,60.808375,,18.0,,,,1,IVMH,1,RecentScan
ivmh,No Repair,19,19,RecentScan,60.35575,,19.0,,,,1,IVMH,1,RecentScan
ivmh,No Repair,20,20,MarkTs,0.0,,20.0,,,,1,IVMH,1,
ivmh,No Repair,21,21,Update,0.117125,21.0,,,,,1,IVMH,1,Update
ivmh,No Repair,22,22,RecentScan,59.361917,,22.0,,,,1,IVMH,1,RecentScan
ivmh,No Repair,23,23,RecentScan,59.683583,,23.0,,,,1,IVMH,1,RecentScan
ivmh,No Repair,24,24,RecentScan,60.562792,,24.0,,,,1,IVMH,1,RecentScan
ivmh,No Repair,25,25,RecentScan,60.71175,,25.0,,,,1,IVMH,1,RecentScan
ivmh,No Repair,26,26,RecentScan,60.4725,,26.0,,,,1,IVMH,1,RecentScan
ivmh,No Repair,27,27,MarkTs,0.001417,,27.0,,,,1,IVMH,1,
ivmh,No Repair,28,28,Update,0.259791,21.0,,,,,1,IVMH,1,Update
ivmh,No Repair,29,29,RecentScan,61.063417,,29.0,,,,1,IVMH,1,RecentScan
ivmh,No Repair,30,30,RecentScan,59.718791,,30.0,,,,1,IVMH,1,RecentScan
ivmh,No Repair,31,31,RecentScan,59.916541,,31.0,,,,1,IVMH,1,RecentScan
ivmh,No Repair,32,32,RecentScan,60.611792,,32.0,,,,1,IVMH,1,RecentScan
ivmh,No Repair,33,33,RecentScan,59.787667,,33.0,,,,1,IVMH,1,RecentScan
ivmh,No Repair,34,34,MarkTs,0.0,,34.0,,,,1,IVMH,1,
ivmh,No Repair,35,35,Update,0.257291,21.0,,,,,1,IVMH,1,Update
ivmh,No Repair,36,36,RecentScan,60.797792,,36.0,,,,1,IVMH,1,RecentScan
ivmh,No Repair,37,37,RecentScan,60.414667,,37.0,,,,1,IVMH,1,RecentScan
ivmh,No Repair,38,38,RecentScan,61.066625,,38.0,,,,1,IVMH,1,RecentScan
ivmh,No Repair,39,39,RecentScan,60.118917,,39.0,,,,1,IVMH,1,RecentScan
ivmh,No Repair,40,40,RecentScan,60.106542,,40.0,,,,1,IVMH,1,RecentScan
ivmh,No Repair,41,41,MarkTs,0.0,,41.0,,,,1,IVMH,1,
ivmh,No Repair,42,42,Update,0.171958,21.0,,,,,1,IVMH,1,Update
ivmh,No Repair,43,43,RecentScan,59.652,,43.0,,,,1,IVMH,1,RecentScan
ivmh,No Repair,44,44,RecentScan,60.010292,,44.0,,,,1,IVMH,1,RecentScan
ivmh,No Repair,45,45,RecentScan,60.119084,,45.0,,,,1,IVMH,1,RecentScan
ivmh,No Repair,46,46,RecentScan,60.739459,,46.0,,,,1,IVMH,1,RecentScan
ivmh,No Repair,47,47,RecentScan,61.446417,,47.0,,,,1,IVMH,1,RecentScan
ivmh,No Repair,48,48,MarkTs,0.0,,48.0,,,,1,IVMH,1,
ivmh,No Repair,49,49,Update,0.18779099999999999,21.0,,,,,1,IVMH,1,Update
ivmh,No Repair,50,50,RecentScan,60.965041,,50.0,,,,1,IVMH,1,RecentScan
ivmh,No Repair,51,51,RecentScan,61.712833,,51.0,,,,1,IVMH,1,RecentScan
ivmh,No Repair,52,52,RecentScan,60.760833,,52.0,,,,1,IVMH,1,RecentScan
ivmh,No Repair,53,53,RecentScan,59.976083,,53.0,,,,1,IVMH,1,RecentScan
ivmh,No Repair,54,54,RecentScan,59.698959,,54.0,,,,1,IVMH,1,RecentScan
ivmh,No Repair,55,55,MarkTs,0.0014579999999999999,,55.0,,,,1,IVMH,1,
ivmh,No Repair,56,56,Update,0.173375,21.0,,,,,1,IVMH,1,Update
ivmh,No Repair,57,57,RecentScan,61.11675,,57.0,,,,1,IVMH,1,RecentScan
ivmh,No Repair,58,58,RecentScan,60.576334,,58.0,,,,1,IVMH,1,RecentScan
ivmh,No Repair,59,59,RecentScan,60.440459,,59.0,,,,1,IVMH,1,RecentScan
ivmh,No Repair,60,60,RecentScan,60.178292,,60.0,,,,1,IVMH,1,RecentScan
ivmh,No Repair,61,61,RecentScan,60.769958,,61.0,,,,1,IVMH,1,RecentScan
ivmh,No Repair,62,62,MarkTs,0.0,,62.0,,,,1,IVMH,1,
ivmh,No Repair,63,63,Update,0.241958,21.0,,,,,1,IVMH,1,Update
ivmh,No Repair,64,64,RecentScan,60.251917,,64.0,,,,1,IVMH,1,RecentScan
ivmh,No Repair,65,65,RecentScan,59.909833,,65.0,,,,1,IVMH,1,RecentScan
ivmh,No Repair,66,66,RecentScan,60.325791,,66.0,,,,1,IVMH,1,RecentScan
ivmh,No Repair,67,67,RecentScan,60.773042,,67.0,,,,1,IVMH,1,RecentScan
ivmh,No Repair,68,68,RecentScan,60.689458,,68.0,,,,1,IVMH,1,RecentScan
ivmh,No Repair,69,69,MarkTs,0.0,,69.0,,,,1,IVMH,1,
ivmh,No Repair,70,70,Update,0.199917,21.0,,,,,1,IVMH,1,Update
ivmh,No Repair,0,0,InitLoad,49.594833,210000.0,,,,,2,IVMH,1,InitLoad
ivmh,No Repair,1,1,RecentScan,65.439375,,1.0,,,,2,IVMH,1,RecentScan
ivmh,No Repair,2,2,RecentScan,63.042667,,2.0,,,,2,IVMH,1,RecentScan
ivmh,No Repair,3,3,RecentScan,57.670166,,3.0,,,,2,IVMH,1,RecentScan
ivmh,No Repair,4,4,RecentScan,57.543291,,4.0,,,,2,IVMH,1,RecentScan
ivmh,No Repair,5,5,RecentScan,58.352417,,5.0,,,,2,IVMH,1,RecentScan
ivmh,No Repair,6,6,MarkTs,0.0,,6.0,,,,2,IVMH,1,
ivmh,No Repair,7,7,Update,0.174292,21.0,,,,,2,IVMH,1,Update
ivmh,No Repair,8,8,MarkTs,173.586583,,6.0,,,HistoryScan,2,IVMH,1,BuildSnap
ivmh,No Repair,8,8,HistoryScan,63.806541,,6.0,,,,2,IVMH,1,HistoryScan
ivmh,No Repair,9,9,RecentScan,62.444542,,9.0,,,,2,IVMH,1,RecentScan
ivmh,No Repair,10,10,RecentScan,63.340583,,10.0,,,,2,IVMH,1,RecentScan
ivmh,No Repair,11,11,RecentScan,61.84925,,11.0,,,,2,IVMH,1,RecentScan
ivmh,No Repair,12,12,RecentScan,61.496875,,12.0,,,,2,IVMH,1,RecentScan
ivmh,No Repair,13,13,MarkTs,0.0,,13.0,,,,2,IVMH,1,
ivmh,No Repair,14,14,Update,0.25425,21.0,,,,,2,IVMH,1,Update
ivmh,No Repair,15,15,RecentScan,61.094125,,15.0,,,,2,IVMH,1,RecentScan
ivmh,No Repair,16,16,RecentScan,61.6295,,16.0,,,,2,IVMH,1,RecentScan
ivmh,No Repair,17,17,RecentScan,61.776792,,17.0,,,,2,IVMH,1,RecentScan
ivmh,No Repair,18,18,RecentScan,62.569,,18.0,,,,2,IVMH,1,RecentScan
ivmh,No Repair,19,19,RecentScan,63.030084,,19.0,,,,2,IVMH,1,RecentScan
ivmh,No Repair,20,20,MarkTs,0.0,,20.0,,,,2,IVMH,1,
ivmh,No Repair,21,21,Update,0.134459,21.0,,,,,2,IVMH,1,Update
ivmh,No Repair,22,22,RecentScan,61.823791,,22.0,,,,2,IVMH,1,RecentScan
ivmh,No Repair,23,23,RecentScan,62.891375,,23.0,,,,2,IVMH,1,RecentScan
ivmh,No Repair,24,24,RecentScan,63.058083,,24.0,,,,2,IVMH,1,RecentScan
ivmh,No Repair,25,25,RecentScan,62.597958,,25.0,,,,2,IVMH,1,RecentScan
ivmh,No Repair,26,26,RecentScan,62.123583,,26.0,,,,2,IVMH,1,RecentScan
ivmh,No Repair,27,27,MarkTs,0.00175,,27.0,,,,2,IVMH,1,
ivmh,No Repair,28,28,Update,0.273959,21.0,,,,,2,IVMH,1,Update
ivmh,No Repair,29,29,RecentScan,62.984167,,29.0,,,,2,IVMH,1,RecentScan
ivmh,No Repair,30,30,RecentScan,63.698875,,30.0,,,,2,IVMH,1,RecentScan
ivmh,No Repair,31,31,RecentScan,63.178042,,31.0,,,,2,IVMH,1,RecentScan
ivmh,No Repair,32,32,RecentScan,62.505334,,32.0,,,,2,IVMH,1,RecentScan
ivmh,No Repair,33,33,RecentScan,63.3855,,33.0,,,,2,IVMH,1,RecentScan
ivmh,No Repair,34,34,MarkTs,0.0,,34.0,,,,2,IVMH,1,
ivmh,No Repair,35,35,Update,0.281375,21.0,,,,,2,IVMH,1,Update
ivmh,No Repair,36,36,RecentScan,62.767667,,36.0,,,,2,IVMH,1,RecentScan
ivmh,No Repair,37,37,RecentScan,62.858125,,37.0,,,,2,IVMH,1,RecentScan
ivmh,No Repair,38,38,RecentScan,63.592708,,38.0,,,,2,IVMH,1,RecentScan
ivmh,No Repair,39,39,RecentScan,63.590584,,39.0,,,,2,IVMH,1,RecentScan
ivmh,No Repair,40,40,RecentScan,64.618125,,40.0,,,,2,IVMH,1,RecentScan
ivmh,No Repair,41,41,MarkTs,0.0,,41.0,,,,2,IVMH,1,
ivmh,No Repair,42,42,Update,0.169458,21.0,,,,,2,IVMH,1,Update
ivmh,No Repair,43,43,RecentScan,64.817625,,43.0,,,,2,IVMH,1,RecentScan
ivmh,No Repair,44,44,RecentScan,63.853959,,44.0,,,,2,IVMH,1,RecentScan
ivmh,No Repair,45,45,RecentScan,63.221542,,45.0,,,,2,IVMH,1,RecentScan
ivmh,No Repair,46,46,RecentScan,64.798584,,46.0,,,,2,IVMH,1,RecentScan
ivmh,No Repair,47,47,RecentScan,62.956291,,47.0,,,,2,IVMH,1,RecentScan
ivmh,No Repair,48,48,MarkTs,0.0,,48.0,,,,2,IVMH,1,
ivmh,No Repair,49,49,Update,0.201542,21.0,,,,,2,IVMH,1,Update
ivmh,No Repair,50,50,RecentScan,64.89075,,50.0,,,,2,IVMH,1,RecentScan
ivmh,No Repair,51,51,RecentScan,64.445,,51.0,,,,2,IVMH,1,RecentScan
ivmh,No Repair,52,52,RecentScan,63.772458,,52.0,,,,2,IVMH,1,RecentScan
ivmh,No Repair,53,53,RecentScan,63.715583,,53.0,,,,2,IVMH,1,RecentScan
ivmh,No Repair,54,54,RecentScan,65.635458,,54.0,,,,2,IVMH,1,RecentScan
ivmh,No Repair,55,55,MarkTs,0.0013340000000000001,,55.0,,,,2,IVMH,1,
ivmh,No Repair,56,56,Update,0.188625,21.0,,,,,2,IVMH,1,Update
ivmh,No Repair,57,57,RecentScan,64.584625,,57.0,,,,2,IVMH,1,RecentScan
ivmh,No Repair,58,58,RecentScan,65.805375,,58.0,,,,2,IVMH,1,RecentScan
ivmh,No Repair,59,59,RecentScan,64.204667,,59.0,,,,2,IVMH,1,RecentScan
ivmh,No Repair,60,60,RecentScan,64.93825,,60.0,,,,2,IVMH,1,RecentScan
ivmh,No Repair,61,61,RecentScan,64.370458,,61.0,,,,2,IVMH,1,RecentScan
ivmh,No Repair,62,62,MarkTs,0.0,,62.0,,,,2,IVMH,1,
ivmh,No Repair,63,63,Update,0.227584,21.0,,,,,2,IVMH,1,Update
ivmh,No Repair,64,64,RecentScan,64.563084,,64.0,,,,2,IVMH,1,RecentScan
ivmh,No Repair,65,65,RecentScan,65.264709,,65.0,,,,2,IVMH,1,RecentScan
ivmh,No Repair,66,66,RecentScan,66.564875,,66.0,,,,2,IVMH,1,RecentScan
ivmh,No Repair,67,67,RecentScan,65.10875,,67.0,,,,2,IVMH,1,RecentScan
ivmh,No Repair,68,68,RecentScan,65.052166,,68.0,,,,2,IVMH,1,RecentScan
ivmh,No Repair,69,69,MarkTs,0.0,,69.0,,,,2,IVMH,1,
ivmh,No Repair,70,70,Update,0.204458,21.0,,,,,2,IVMH,1,Update
ivmh,No Repair,0,0,InitLoad,50.197291,210000.0,,,,,3,IVMH,1,InitLoad
ivmh,No Repair,1,1,RecentScan,75.529833,,1.0,,,,3,IVMH,1,RecentScan
ivmh,No Repair,2,2,RecentScan,73.789959,,2.0,,,,3,IVMH,1,RecentScan
ivmh,No Repair,3,3,RecentScan,66.347125,,3.0,,,,3,IVMH,1,RecentScan
ivmh,No Repair,4,4,RecentScan,65.350708,,4.0,,,,3,IVMH,1,RecentScan
ivmh,No Repair,5,5,RecentScan,56.878334,,5.0,,,,3,IVMH,1,RecentScan
ivmh,No Repair,6,6,MarkTs,0.001333,,6.0,,,,3,IVMH,1,
ivmh,No Repair,7,7,Update,0.199,21.0,,,,,3,IVMH,1,Update
ivmh,No Repair,8,8,MarkTs,171.082791,,6.0,,,HistoryScan,3,IVMH,1,BuildSnap
ivmh,No Repair,8,8,HistoryScan,62.264875,,6.0,,,,3,IVMH,1,HistoryScan
ivmh,No Repair,9,9,RecentScan,60.039125,,9.0,,,,3,IVMH,1,RecentScan
ivmh,No Repair,10,10,RecentScan,60.262458,,10.0,,,,3,IVMH,1,RecentScan
ivmh,No Repair,11,11,RecentScan,59.943916,,11.0,,,,3,IVMH,1,RecentScan
ivmh,No Repair,12,12,RecentScan,61.047625,,12.0,,,,3,IVMH,1,RecentScan
ivmh,No Repair,13,13,MarkTs,0.0,,13.0,,,,3,IVMH,1,
ivmh,No Repair,14,14,Update,0.235333,21.0,,,,,3,IVMH,1,Update
ivmh,No Repair,15,15,RecentScan,61.5155,,15.0,,,,3,IVMH,1,RecentScan
ivmh,No Repair,16,16,RecentScan,60.775459,,16.0,,,,3,IVMH,1,RecentScan
ivmh,No Repair,17,17,RecentScan,60.7335,,17.0,,,,3,IVMH,1,RecentScan
ivmh,No Repair,18,18,RecentScan,60.42225,,18.0,,,,3,IVMH,1,RecentScan
ivmh,No Repair,19,19,RecentScan,61.587625,,19.0,,,,3,IVMH,1,RecentScan
ivmh,No Repair,20,20,MarkTs,0.0,,20.0,,,,3,IVMH,1,
ivmh,No Repair,21,21,Update,0.106208,21.0,,,,,3,IVMH,1,Update
ivmh,No Repair,22,22,RecentScan,58.541791,,22.0,,,,3,IVMH,1,RecentScan
ivmh,No Repair,23,23,RecentScan,60.213833,,23.0,,,,3,IVMH,1,RecentScan
ivmh,No Repair,24,24,RecentScan,59.97325,,24.0,,,,3,IVMH,1,RecentScan
ivmh,No Repair,25,25,RecentScan,60.178458,,25.0,,,,3,IVMH,1,RecentScan
ivmh,No Repair,26,26,RecentScan,60.140333,,26.0,,,,3,IVMH,1,RecentScan
ivmh,No Repair,27,27,MarkTs,0.001375,,27.0,,,,3,IVMH,1,
ivmh,No Repair,28,28,Update,0.30075,21.0,,,,,3,IVMH,1,Update
ivmh,No Repair,29,29,RecentScan,59.820583,,29.0,,,,3,IVMH,1,RecentScan
ivmh,No Repair,30,30,RecentScan,60.585375,,30.0,,,,3,IVMH,1,RecentScan
ivmh,No Repair,31,31,RecentScan,59.435417,,31.0,,,,3,IVMH,1,RecentScan
ivmh,No Repair,32,32,RecentScan,60.862416,,32.0,,,,3,IVMH,1,RecentScan
ivmh,No Repair,33,33,RecentScan,59.784875,,33.0,,,,3,IVMH,1,RecentScan
ivmh,No Repair,34,34,MarkTs,0.0,,34.0,,,,3,IVMH,1,
ivmh,No Repair,35,35,Update,0.20975,21.0,,,,,3,IVMH,1,Update
ivmh,No Repair,36,36,RecentScan,59.933125,,36.0,,,,3,IVMH,1,RecentScan
ivmh,No Repair,37,37,RecentScan,61.747542,,37.0,,,,3,IVMH,1,RecentScan
ivmh,No Repair,38,38,RecentScan,59.909042,,38.0,,,,3,IVMH,1,RecentScan
ivmh,No Repair,39,39,RecentScan,60.562084,,39.0,,,,3,IVMH,1,RecentScan
ivmh,No Repair,40,40,RecentScan,62.398834,,40.0,,,,3,IVMH,1,RecentScan
ivmh,No Repair,41,41,MarkTs,0.0,,41.0,,,,3,IVMH,1,
ivmh,No Repair,42,42,Update,0.16725,21.0,,,,,3,IVMH,1,Update
ivmh,No Repair,43,43,RecentScan,90.498292,,43.0,,,,3,IVMH,1,RecentScan
ivmh,No Repair,44,44,RecentScan,93.412417,,44.0,,,,3,IVMH,1,RecentScan
ivmh,No Repair,45,45,RecentScan,125.919625,,45.0,,,,3,IVMH,1,RecentScan
ivmh,No Repair,46,46,RecentScan,225.54775,,46.0,,,,3,IVMH,1,RecentScan
ivmh,No Repair,47,47,RecentScan,162.667083,,47.0,,,,3,IVMH,1,RecentScan
ivmh,No Repair,48,48,MarkTs,0.001375,,48.0,,,,3,IVMH,1,
ivmh,No Repair,49,49,Update,0.269334,21.0,,,,,3,IVMH,1,Update
ivmh,No Repair,50,50,RecentScan,89.982375,,50.0,,,,3,IVMH,1,RecentScan
ivmh,No Repair,51,51,RecentScan,114.101416,,51.0,,,,3,IVMH,1,RecentScan
ivmh,No Repair,52,52,RecentScan,75.228583,,52.0,,,,3,IVMH,1,RecentScan
ivmh,No Repair,53,53,RecentScan,77.151,,53.0,,,,3,IVMH,1,RecentScan
ivmh,No Repair,54,54,RecentScan,90.64425,,54.0,,,,3,IVMH,1,RecentScan
ivmh,No Repair,55,55,MarkTs,0.005125,,55.0,,,,3,IVMH,1,
ivmh,No Repair,56,56,Update,0.209875,21.0,,,,,3,IVMH,1,Update
ivmh,No Repair,57,57,RecentScan,81.69175,,57.0,,,,3,IVMH,1,RecentScan
ivmh,No Repair,58,58,RecentScan,74.421333,,58.0,,,,3,IVMH,1,RecentScan
ivmh,No Repair,59,59,RecentScan,76.947959,,59.0,,,,3,IVMH,1,RecentScan
ivmh,No Repair,60,60,RecentScan,83.235375,,60.0,,,,3,IVMH,1,RecentScan
ivmh,No Repair,61,61,RecentScan,80.646958,,61.0,,,,3,IVMH,1,RecentScan
ivmh,No Repair,62,62,MarkTs,0.0,,62.0,,,,3,IVMH,1,
ivmh,No Repair,63,63,Update,0.278791,21.0,,,,,3,IVMH,1,Update
ivmh,No Repair,64,64,RecentScan,68.841167,,64.0,,,,3,IVMH,1,RecentScan
ivmh,No Repair,65,65,RecentScan,109.9555,,65.0,,,,3,IVMH,1,RecentScan
ivmh,No Repair,66,66,RecentScan,146.794209,,66.0,,,,3,IVMH,1,RecentScan
ivmh,No Repair,67,67,RecentScan,125.199958,,67.0,,,,3,IVMH,1,RecentScan
ivmh,No Repair,68,68,RecentScan,177.08925,,68.0,,,,3,IVMH,1,RecentScan
ivmh,No Repair,69,69,MarkTs,0.001125,,69.0,,,,3,IVMH,1,
ivmh,No Repair,70,70,Update,0.324125,21.0,,,,,3,IVMH,1,Update
ivmh,No Repair,0,0,InitLoad,75.993,210000.0,,,,,4,IVMH,1,InitLoad
ivmh,No Repair,1,1,RecentScan,90.127667,,1.0,,,,4,IVMH,1,RecentScan
ivmh,No Repair,2,2,RecentScan,84.147542,,2.0,,,,4,IVMH,1,RecentScan
ivmh,No Repair,3,3,RecentScan,81.006833,,3.0,,,,4,IVMH,1,RecentScan
ivmh,No Repair,4,4,RecentScan,81.51875,,4.0,,,,4,IVMH,1,RecentScan
ivmh,No Repair,5,5,RecentScan,80.285333,,5.0,,,,4,IVMH,1,RecentScan
ivmh,No Repair,6,6,MarkTs,0.0,,6.0,,,,4,IVMH,1,
ivmh,No Repair,7,7,Update,0.211084,21.0,,,,,4,IVMH,1,Update
ivmh,No Repair,8,8,MarkTs,250.502125,,6.0,,,HistoryScan,4,IVMH,1,BuildSnap
ivmh,No Repair,8,8,HistoryScan,70.341125,,6.0,,,,4,IVMH,1,HistoryScan
ivmh,No Repair,9,9,RecentScan,63.233583,,9.0,,,,4,IVMH,1,RecentScan
ivmh,No Repair,10,10,RecentScan,68.577625,,10.0,,,,4,IVMH,1,RecentScan
ivmh,No Repair,11,11,RecentScan,68.491583,,11.0,,,,4,IVMH,1,RecentScan
ivmh,No Repair,12,12,RecentScan,65.232084,,12.0,,,,4,IVMH,1,RecentScan
ivmh,No Repair,13,13,MarkTs,0.0,,13.0,,,,4,IVMH,1,
ivmh,No Repair,14,14,Update,0.287791,21.0,,,,,4,IVMH,1,Update
ivmh,No Repair,15,15,RecentScan,66.088541,,15.0,,,,4,IVMH,1,RecentScan
ivmh,No Repair,16,16,RecentScan,67.739166,,16.0,,,,4,IVMH,1,RecentScan
ivmh,No Repair,17,17,RecentScan,75.30275,,17.0,,,,4,IVMH,1,RecentScan
ivmh,No Repair,18,18,RecentScan,61.453333,,18.0,,,,4,IVMH,1,RecentScan
ivmh,No Repair,19,19,RecentScan,62.624041,,19.0,,,,4,IVMH,1,RecentScan
ivmh,No Repair,20,20,MarkTs,0.0,,20.0,,,,4,IVMH,1,
ivmh,No Repair,21,21,Update,0.145792,21.0,,,,,4,IVMH,1,Update
ivmh,No Repair,22,22,RecentScan,67.288959,,22.0,,,,4,IVMH,1,RecentScan
ivmh,No Repair,23,23,RecentScan,67.418584,,23.0,,,,4,IVMH,1,RecentScan
ivmh,No Repair,24,24,RecentScan,67.909167,,24.0,,,,4,IVMH,1,RecentScan
ivmh,No Repair,25,25,RecentScan,67.519708,,25.0,,,,4,IVMH,1,RecentScan
ivmh,No Repair,26,26,RecentScan,67.536792,,26.0,,,,4,IVMH,1,RecentScan
ivmh,No Repair,27,27,MarkTs,0.011958,,27.0,,,,4,IVMH,1,
ivmh,No Repair,28,28,Update,0.326334,21.0,,,,,4,IVMH,1,Update
ivmh,No Repair,29,29,RecentScan,68.912625,,29.0,,,,4,IVMH,1,RecentScan
ivmh,No Repair,30,30,RecentScan,68.618209,,30.0,,,,4,IVMH,1,RecentScan
ivmh,No Repair,31,31,RecentScan,68.151625,,31.0,,,,4,IVMH,1,RecentScan
ivmh,No Repair,32,32,RecentScan,68.414792,,32.0,,,,4,IVMH,1,RecentScan
ivmh,No Repair,33,33,RecentScan,67.849667,,33.0,,,,4,IVMH,1,RecentScan
ivmh,No Repair,34,34,MarkTs,0.0,,34.0,,,,4,IVMH,1,
ivmh,No Repair,35,35,Update,0.37179199999999996,21.0,,,,,4,IVMH,1,Update
ivmh,No Repair,36,36,RecentScan,68.589375,,36.0,,,,4,IVMH,1,RecentScan
ivmh,No Repair,37,37,RecentScan,67.922916,,37.0,,,,4,IVMH,1,RecentScan
ivmh,No Repair,38,38,RecentScan,68.346375,,38.0,,,,4,IVMH,1,RecentScan
ivmh,No Repair,39,39,RecentScan,69.51075,,39.0,,,,4,IVMH,1,RecentScan
ivmh,No Repair,40,40,RecentScan,78.523709,,40.0,,,,4,IVMH,1,RecentScan
ivmh,No Repair,41,41,MarkTs,0.0,,41.0,,,,4,IVMH,1,
ivmh,No Repair,42,42,Update,0.21854200000000001,21.0,,,,,4,IVMH,1,Update
ivmh,No Repair,43,43,RecentScan,70.85475,,43.0,,,,4,IVMH,1,RecentScan
ivmh,No Repair,44,44,RecentScan,63.6815,,44.0,,,,4,IVMH,1,RecentScan
ivmh,No Repair,45,45,RecentScan,69.921833,,45.0,,,,4,IVMH,1,RecentScan
ivmh,No Repair,46,46,RecentScan,66.094792,,46.0,,,,4,IVMH,1,RecentScan
ivmh,No Repair,47,47,RecentScan,72.716833,,47.0,,,,4,IVMH,1,RecentScan
ivmh,No Repair,48,48,MarkTs,0.0,,48.0,,,,4,IVMH,1,
ivmh,No Repair,49,49,Update,0.218834,21.0,,,,,4,IVMH,1,Update
ivmh,No Repair,50,50,RecentScan,65.49025,,50.0,,,,4,IVMH,1,RecentScan
ivmh,No Repair,51,51,RecentScan,70.301667,,51.0,,,,4,IVMH,1,RecentScan
ivmh,No Repair,52,52,RecentScan,77.083916,,52.0,,,,4,IVMH,1,RecentScan
ivmh,No Repair,53,53,RecentScan,64.557458,,53.0,,,,4,IVMH,1,RecentScan
ivmh,No Repair,54,54,RecentScan,64.8855,,54.0,,,,4,IVMH,1,RecentScan
ivmh,No Repair,55,55,MarkTs,0.001375,,55.0,,,,4,IVMH,1,
ivmh,No Repair,56,56,Update,0.216209,21.0,,,,,4,IVMH,1,Update
ivmh,No Repair,57,57,RecentScan,67.448792,,57.0,,,,4,IVMH,1,RecentScan
ivmh,No Repair,58,58,RecentScan,67.264917,,58.0,,,,4,IVMH,1,RecentScan
ivmh,No Repair,59,59,RecentScan,67.575833,,59.0,,,,4,IVMH,1,RecentScan
ivmh,No Repair,60,60,RecentScan,66.944625,,60.0,,,,4,IVMH,1,RecentScan
ivmh,No Repair,61,61,RecentScan,67.670542,,61.0,,,,4,IVMH,1,RecentScan
ivmh,No Repair,62,62,MarkTs,0.0,,62.0,,,,4,IVMH,1,
ivmh,No Repair,63,63,Update,0.274125,21.0,,,,,4,IVMH,1,Update
ivmh,No Repair,64,64,RecentScan,67.91075,,64.0,,,,4,IVMH,1,RecentScan
ivmh,No Repair,65,65,RecentScan,67.923167,,65.0,,,,4,IVMH,1,RecentScan
ivmh,No Repair,66,66,RecentScan,67.171708,,66.0,,,,4,IVMH,1,RecentScan
ivmh,No Repair,67,67,RecentScan,67.795042,,67.0,,,,4,IVMH,1,RecentScan
ivmh,No Repair,68,68,RecentScan,67.583,,68.0,,,,4,IVMH,1,RecentScan
ivmh,No Repair,69,69,MarkTs,0.0,,69.0,,,,4,IVMH,1,
ivmh,No Repair,70,70,Update,0.21925,21.0,,,,,4,IVMH,1,Update
ivmh,No Repair,0,0,InitLoad,58.505916,210000.0,,,,,0,IVMH,2,InitLoad
ivmh,No Repair,1,1,RecentScan,115.841792,,1.0,,,,0,IVMH,2,RecentScan
ivmh,No Repair,2,2,RecentScan,69.374417,,2.0,,,,0,IVMH,2,RecentScan
ivmh,No Repair,3,3,RecentScan,69.429417,,3.0,,,,0,IVMH,2,RecentScan
ivmh,No Repair,4,4,RecentScan,63.480792,,4.0,,,,0,IVMH,2,RecentScan
ivmh,No Repair,5,5,RecentScan,65.1615,,5.0,,,,0,IVMH,2,RecentScan
ivmh,No Repair,6,6,MarkTs,0.0015,,6.0,,,,0,IVMH,2,
ivmh,No Repair,7,7,Update,0.211458,21.0,,,,,0,IVMH,2,Update
ivmh,No Repair,8,8,MarkTs,205.866583,,6.0,,,HistoryScan,0,IVMH,2,BuildSnap
ivmh,No Repair,8,8,HistoryScan,73.756125,,6.0,,,,0,IVMH,2,HistoryScan
ivmh,No Repair,9,9,RecentScan,66.08225,,9.0,,,,0,IVMH,2,RecentScan
ivmh,No Repair,10,10,RecentScan,63.955667,,10.0,,,,0,IVMH,2,RecentScan
ivmh,No Repair,11,11,RecentScan,70.500834,,11.0,,,,0,IVMH,2,RecentScan
ivmh,No Repair,12,12,RecentScan,62.879333,,12.0,,,,0,IVMH,2,RecentScan
ivmh,No Repair,13,13,MarkTs,0.0,,13.0,,,,0,IVMH,2,
ivmh,No Repair,14,14,Update,0.286292,21.0,,,,,0,IVMH,2,Update
ivmh,No Repair,15,15,RecentScan,66.302959,,15.0,,,,0,IVMH,2,RecentScan
ivmh,No Repair,16,16,RecentScan,66.29075,,16.0,,,,0,IVMH,2,RecentScan
ivmh,No Repair,17,17,RecentScan,71.103833,,17.0,,,,0,IVMH,2,RecentScan
ivmh,No Repair,18,18,RecentScan,64.009333,,18.0,,,,0,IVMH,2,RecentScan
ivmh,No Repair,19,19,RecentScan,63.852875,,19.0,,,,0,IVMH,2,RecentScan
ivmh,No Repair,20,20,MarkTs,0.0,,20.0,,,,0,IVMH,2,
ivmh,No Repair,21,21,Update,0.135375,21.0,,,,,0,IVMH,2,Update
ivmh,No Repair,22,22,MarkTs,183.129917,,20.0,,,HistoryScan,0,IVMH,2,BuildSnap
ivmh,No Repair,22,22,HistoryScan,68.34925,,20.0,,,,0,IVMH,2,HistoryScan
ivmh,No Repair,23,23,RecentScan,66.956333,,23.0,,,,0,IVMH,2,RecentScan
ivmh,No Repair,24,24,RecentScan,64.847875,,24.0,,,,0,IVMH,2,RecentScan
ivmh,No Repair,25,25,RecentScan,67.866667,,25.0,,,,0,IVMH,2,RecentScan
ivmh,No Repair,26,26,RecentScan,64.323875,,26.0,,,,0,IVMH,2,RecentScan
ivmh,No Repair,27,27,MarkTs,0.001666,,27.0,,,,0,IVMH,2,
ivmh,No Repair,28,28,Update,0.29908300000000004,21.0,,,,,0,IVMH,2,Update
ivmh,No Repair,29,29,RecentScan,67.445625,,29.0,,,,0,IVMH,2,RecentScan
ivmh,No Repair,30,30,RecentScan,62.990709,,30.0,,,,0,IVMH,2,RecentScan
ivmh,No Repair,31,31,RecentScan,61.914333,,31.0,,,,0,IVMH,2,RecentScan
ivmh,No Repair,32,32,RecentScan,64.370167,,32.0,,,,0,IVMH,2,RecentScan
ivmh,No Repair,33,33,RecentScan,64.092333,,33.0,,,,0,IVMH,2,RecentScan
ivmh,No Repair,34,34,MarkTs,0.0,,34.0,,,,0,IVMH,2,
ivmh,No Repair,35,35,Update,0.288834,21.0,,,,,0,IVMH,2,Update
ivmh,No Repair,36,36,RecentScan,63.576667,,36.0,,,,0,IVMH,2,RecentScan
ivmh,No Repair,37,37,RecentScan,62.877166,,37.0,,,,0,IVMH,2,RecentScan
ivmh,No Repair,38,38,RecentScan,63.113708,,38.0,,,,0,IVMH,2,RecentScan
ivmh,No Repair,39,39,RecentScan,60.227625,,39.0,,,,0,IVMH,2,RecentScan
ivmh,No Repair,40,40,RecentScan,62.464375,,40.0,,,,0,IVMH,2,RecentScan
ivmh,No Repair,41,41,MarkTs,0.0,,41.0,,,,0,IVMH,2,
ivmh,No Repair,42,42,Update,0.155125,21.0,,,,,0,IVMH,2,Update
ivmh,No Repair,43,43,RecentScan,61.522291,,43.0,,,,0,IVMH,2,RecentScan
ivmh,No Repair,44,44,RecentScan,62.487,,44.0,,,,0,IVMH,2,RecentScan
ivmh,No Repair,45,45,RecentScan,62.111125,,45.0,,,,0,IVMH,2,RecentScan
ivmh,No Repair,46,46,RecentScan,61.632167,,46.0,,,,0,IVMH,2,RecentScan
ivmh,No Repair,47,47,RecentScan,73.659875,,47.0,,,,0,IVMH,2,RecentScan
ivmh,No Repair,48,48,MarkTs,0.0,,48.0,,,,0,IVMH,2,
ivmh,No Repair,49,49,Update,0.222625,21.0,,,,,0,IVMH,2,Update
ivmh,No Repair,50,50,RecentScan,64.892292,,50.0,,,,0,IVMH,2,RecentScan
ivmh,No Repair,51,51,RecentScan,64.380666,,51.0,,,,0,IVMH,2,RecentScan
ivmh,No Repair,52,52,RecentScan,64.09675,,52.0,,,,0,IVMH,2,RecentScan
ivmh,No Repair,53,53,RecentScan,63.047875,,53.0,,,,0,IVMH,2,RecentScan
ivmh,No Repair,54,54,RecentScan,66.313666,,54.0,,,,0,IVMH,2,RecentScan
ivmh,No Repair,55,55,MarkTs,0.002291,,55.0,,,,0,IVMH,2,
ivmh,No Repair,56,56,Update,0.276292,21.0,,,,,0,IVMH,2,Update
ivmh,No Repair,57,57,RecentScan,67.111167,,57.0,,,,0,IVMH,2,RecentScan
ivmh,No Repair,58,58,RecentScan,64.91125,,58.0,,,,0,IVMH,2,RecentScan
ivmh,No Repair,59,59,RecentScan,61.206958,,59.0,,,,0,IVMH,2,RecentScan
ivmh,No Repair,60,60,RecentScan,60.987833,,60.0,,,,0,IVMH,2,RecentScan
ivmh,No Repair,61,61,RecentScan,61.131958,,61.0,,,,0,IVMH,2,RecentScan
ivmh,No Repair,62,62,MarkTs,0.0,,62.0,,,,0,IVMH,2,
ivmh,No Repair,63,63,Update,0.231458,21.0,,,,,0,IVMH,2,Update
ivmh,No Repair,64,64,RecentScan,61.103125,,64.0,,,,0,IVMH,2,RecentScan
ivmh,No Repair,65,65,RecentScan,64.880792,,65.0,,,,0,IVMH,2,RecentScan
ivmh,No Repair,66,66,RecentScan,62.930083,,66.0,,,,0,IVMH,2,RecentScan
ivmh,No Repair,67,67,RecentScan,60.90975,,67.0,,,,0,IVMH,2,RecentScan
ivmh,No Repair,68,68,RecentScan,61.780875,,68.0,,,,0,IVMH,2,RecentScan
ivmh,No Repair,69,69,MarkTs,0.0,,69.0,,,,0,IVMH,2,
ivmh,No Repair,70,70,Update,0.208209,21.0,,,,,0,IVMH,2,Update
ivmh,No Repair,0,0,InitLoad,49.815458,210000.0,,,,,1,IVMH,2,InitLoad
ivmh,No Repair,1,1,RecentScan,65.885792,,1.0,,,,1,IVMH,2,RecentScan
ivmh,No Repair,2,2,RecentScan,63.841416,,2.0,,,,1,IVMH,2,RecentScan
ivmh,No Repair,3,3,RecentScan,58.038166,,3.0,,,,1,IVMH,2,RecentScan
ivmh,No Repair,4,4,RecentScan,57.184667,,4.0,,,,1,IVMH,2,RecentScan
ivmh,No Repair,5,5,RecentScan,70.924166,,5.0,,,,1,IVMH,2,RecentScan
ivmh,No Repair,6,6,MarkTs,0.0,,6.0,,,,1,IVMH,2,
ivmh,No Repair,7,7,Update,0.20308299999999999,21.0,,,,,1,IVMH,2,Update
ivmh,No Repair,8,8,MarkTs,204.370041,,6.0,,,HistoryScan,1,IVMH,2,BuildSnap
ivmh,No Repair,8,8,HistoryScan,59.641917,,6.0,,,,1,IVMH,2,HistoryScan
ivmh,No Repair,9,9,RecentScan,55.423833,,9.0,,,,1,IVMH,2,RecentScan
ivmh,No Repair,10,10,RecentScan,57.182834,,10.0,,,,1,IVMH,2,RecentScan
ivmh,No Repair,11,11,RecentScan,55.11225,,11.0,,,,1,IVMH,2,RecentScan
ivmh,No Repair,12,12,RecentScan,57.637959,,12.0,,,,1,IVMH,2,RecentScan
ivmh,No Repair,13,13,MarkTs,0.0,,13.0,,,,1,IVMH,2,
ivmh,No Repair,14,14,Update,0.217875,21.0,,,,,1,IVMH,2,Update
ivmh,No Repair,15,15,RecentScan,55.343166,,15.0,,,,1,IVMH,2,RecentScan
ivmh,No Repair,16,16,RecentScan,57.995209,,16.0,,,,1,IVMH,2,RecentScan
ivmh,No Repair,17,17,RecentScan,57.362625,,17.0,,,,1,IVMH,2,RecentScan
ivmh,No Repair,18,18,RecentScan,56.972167,,18.0,,,,1,IVMH,2,RecentScan
ivmh,No Repair,19,19,RecentScan,57.959709,,19.0,,,,1,IVMH,2,RecentScan
ivmh,No Repair,20,20,MarkTs,0.001167,,20.0,,,,1,IVMH,2,
ivmh,No Repair,21,21,Update,0.105708,21.0,,,,,1,IVMH,2,Update
ivmh,No Repair,22,22,MarkTs,168.627167,,20.0,,,HistoryScan,1,IVMH,2,BuildSnap
ivmh,No Repair,22,22,HistoryScan,62.390792,,20.0,,,,1,IVMH,2,HistoryScan
ivmh,No Repair,23,23,RecentScan,62.23675,,23.0,,,,1,IVMH,2,RecentScan
ivmh,No Repair,24,24,RecentScan,59.363458,,24.0,,,,1,IVMH,2,RecentScan
ivmh,No Repair,25,25,RecentScan,60.872667,,25.0,,,,1,IVMH,2,RecentScan
ivmh,No Repair,26,26,RecentScan,63.219417,,26.0,,,,1,IVMH,2,RecentScan
ivmh,No Repair,27,27,MarkTs,0.002,,27.0,,,,1,IVMH,2,
ivmh,No Repair,28,28,Update,0.284125,21.0,,,,,1,IVMH,2,Update
ivmh,No Repair,29,29,RecentScan,62.55,,29.0,,,,1,IVMH,2,RecentScan
ivmh,No Repair,30,30,RecentScan,57.700292,,30.0,,,,1,IVMH,2,RecentScan
ivmh,No Repair,31,31,RecentScan,58.832166,,31.0,,,,1,IVMH,2,RecentScan
ivmh,No Repair,32,32,RecentScan,57.804458,,32.0,,,,1,IVMH,2,RecentScan
ivmh,No Repair,33,33,RecentScan,58.353875,,33.0,,,,1,IVMH,2,RecentScan
ivmh,No Repair,34,34,MarkTs,0.0,,34.0,,,,1,IVMH,2,
ivmh,No Repair,35,35,Update,0.283709,21.0,,,,,1,IVMH,2,Update
ivmh,No Repair,36,36,RecentScan,58.632416,,36.0,,,,1,IVMH,2,RecentScan
ivmh,No Repair,37,37,RecentScan,59.015791,,37.0,,,,1,IVMH,2,RecentScan
ivmh,No Repair,38,38,RecentScan,62.064875,,38.0,,,,1,IVMH,2,RecentScan
ivmh,No Repair,39,39,RecentScan,62.797833,,39.0,,,,1,IVMH,2,RecentScan
ivmh,No Repair,40,40,RecentScan,60.806417,,40.0,,,,1,IVMH,2,RecentScan
ivmh,No Repair,41,41,MarkTs,0.0,,41.0,,,,1,IVMH,2,
ivmh,No Repair,42,42,Update,0.168333,21.0,,,,,1,IVMH,2,Update
ivmh,No Repair,43,43,RecentScan,57.942792,,43.0,,,,1,IVMH,2,RecentScan
ivmh,No Repair,44,44,RecentScan,57.570167,,44.0,,,,1,IVMH,2,RecentScan
ivmh,No Repair,45,45,RecentScan,58.96725,,45.0,,,,1,IVMH,2,RecentScan
ivmh,No Repair,46,46,RecentScan,62.611541,,46.0,,,,1,IVMH,2,RecentScan
ivmh,No Repair,47,47,RecentScan,58.183958,,47.0,,,,1,IVMH,2,RecentScan
ivmh,No Repair,48,48,MarkTs,0.0,,48.0,,,,1,IVMH,2,
ivmh,No Repair,49,49,Update,0.2255,21.0,,,,,1,IVMH,2,Update
ivmh,No Repair,50,50,RecentScan,60.545167,,50.0,,,,1,IVMH,2,RecentScan
ivmh,No Repair,51,51,RecentScan,58.636667,,51.0,,,,1,IVMH,2,RecentScan
ivmh,No Repair,52,52,RecentScan,59.754,,52.0,,,,1,IVMH,2,RecentScan
ivmh,No Repair,53,53,RecentScan,57.646041,,53.0,,,,1,IVMH,2,RecentScan
ivmh,No Repair,54,54,RecentScan,58.41625,,54.0,,,,1,IVMH,2,RecentScan
ivmh,No Repair,55,55,MarkTs,0.015084,,55.0,,,,1,IVMH,2,
ivmh,No Repair,56,56,Update,0.177584,21.0,,,,,1,IVMH,2,Update
ivmh,No Repair,57,57,RecentScan,61.552292,,57.0,,,,1,IVMH,2,RecentScan
ivmh,No Repair,58,58,RecentScan,59.337375,,58.0,,,,1,IVMH,2,RecentScan
ivmh,No Repair,59,59,RecentScan,61.066625,,59.0,,,,1,IVMH,2,RecentScan
ivmh,No Repair,60,60,RecentScan,60.961375,,60.0,,,,1,IVMH,2,RecentScan
ivmh,No Repair,61,61,RecentScan,60.03725,,61.0,,,,1,IVMH,2,RecentScan
ivmh,No Repair,62,62,MarkTs,0.0,,62.0,,,,1,IVMH,2,
ivmh,No Repair,63,63,Update,0.270375,21.0,,,,,1,IVMH,2,Update
ivmh,No Repair,64,64,RecentScan,56.741958,,64.0,,,,1,IVMH,2,RecentScan
ivmh,No Repair,65,65,RecentScan,56.961958,,65.0,,,,1,IVMH,2,RecentScan
ivmh,No Repair,66,66,RecentScan,60.059709,,66.0,,,,1,IVMH,2,RecentScan
ivmh,No Repair,67,67,RecentScan,59.717208,,67.0,,,,1,IVMH,2,RecentScan
ivmh,No Repair,68,68,RecentScan,62.497166,,68.0,,,,1,IVMH,2,RecentScan
ivmh,No Repair,69,69,MarkTs,0.0,,69.0,,,,1,IVMH,2,
ivmh,No Repair,70,70,Update,0.211541,21.0,,,,,1,IVMH,2,Update
ivmh,No Repair,0,0,InitLoad,50.239291,210000.0,,,,,2,IVMH,2,InitLoad
ivmh,No Repair,1,1,RecentScan,67.15,,1.0,,,,2,IVMH,2,RecentScan
ivmh,No Repair,2,2,RecentScan,64.175208,,2.0,,,,2,IVMH,2,RecentScan
ivmh,No Repair,3,3,RecentScan,57.426,,3.0,,,,2,IVMH,2,RecentScan
ivmh,No Repair,4,4,RecentScan,60.900584,,4.0,,,,2,IVMH,2,RecentScan
ivmh,No Repair,5,5,RecentScan,58.987458,,5.0,,,,2,IVMH,2,RecentScan
ivmh,No Repair,6,6,MarkTs,0.001125,,6.0,,,,2,IVMH,2,
ivmh,No Repair,7,7,Update,0.196625,21.0,,,,,2,IVMH,2,Update
ivmh,No Repair,8,8,MarkTs,174.089959,,6.0,,,HistoryScan,2,IVMH,2,BuildSnap
ivmh,No Repair,8,8,HistoryScan,61.307167,,6.0,,,,2,IVMH,2,HistoryScan
ivmh,No Repair,9,9,RecentScan,60.633125,,9.0,,,,2,IVMH,2,RecentScan
ivmh,No Repair,10,10,RecentScan,61.419458,,10.0,,,,2,IVMH,2,RecentScan
ivmh,No Repair,11,11,RecentScan,66.211167,,11.0,,,,2,IVMH,2,RecentScan
ivmh,No Repair,12,12,RecentScan,60.492,,12.0,,,,2,IVMH,2,RecentScan
ivmh,No Repair,13,13,MarkTs,0.001042,,13.0,,,,2,IVMH,2,
ivmh,No Repair,14,14,Update,0.250875,21.0,,,,,2,IVMH,2,Update
ivmh,No Repair,15,15,RecentScan,60.63,,15.0,,,,2,IVMH,2,RecentScan
ivmh,No Repair,16,16,RecentScan,60.684,,16.0,,,,2,IVMH,2,RecentScan
ivmh,No Repair,17,17,RecentScan,61.470583,,17.0,,,,2,IVMH,2,RecentScan
ivmh,No Repair,18,18,RecentScan,61.66525,,18.0,,,,2,IVMH,2,RecentScan
ivmh,No Repair,19,19,RecentScan,64.075584,,19.0,,,,2,IVMH,2,RecentScan
ivmh,No Repair,20,20,MarkTs,0.0,,20.0,,,,2,IVMH,2,
ivmh,No Repair,21,21,Update,0.128708,21.0,,,,,2,IVMH,2,Update
ivmh,No Repair,22,22,MarkTs,168.5075,,20.0,,,HistoryScan,2,IVMH,2,BuildSnap
ivmh,No Repair,22,22,HistoryScan,61.542417,,20.0,,,,2,IVMH,2,HistoryScan
ivmh,No Repair,23,23,RecentScan,58.855417,,23.0,,,,2,IVMH,2,RecentScan
ivmh,No Repair,24,24,RecentScan,61.396125,,24.0,,,,2,IVMH,2,RecentScan
ivmh,No Repair,25,25,RecentScan,59.695667,,25.0,,,,2,IVMH,2,RecentScan
ivmh,No Repair,26,26,RecentScan,60.402166,,26.0,,,,2,IVMH,2,RecentScan
ivmh,No Repair,27,27,MarkTs,0.002,,27.0,,,,2,IVMH,2,
ivmh,No Repair,28,28,Update,0.2755,21.0,,,,,2,IVMH,2,Update
ivmh,No Repair,29,29,RecentScan,59.506584,,29.0,,,,2,IVMH,2,RecentScan
ivmh,No Repair,30,30,RecentScan,59.21825,,30.0,,,,2,IVMH,2,RecentScan
ivmh,No Repair,31,31,RecentScan,63.391125,,31.0,,,,2,IVMH,2,RecentScan
ivmh,No Repair,32,32,RecentScan,61.237791,,32.0,,,,2,IVMH,2,RecentScan
ivmh,No Repair,33,33,RecentScan,59.089958,,33.0,,,,2,IVMH,2,RecentScan
ivmh,No Repair,34,34,MarkTs,0.0,,34.0,,,,2,IVMH,2,
ivmh,No Repair,35,35,Update,0.259125,21.0,,,,,2,IVMH,2,Update
ivmh,No Repair,36,36,RecentScan,60.496667,,36.0,,,,2,IVMH,2,RecentScan
ivmh,No Repair,37,37,RecentScan,61.850875,,37.0,,,,2,IVMH,2,RecentScan
ivmh,No Repair,38,38,RecentScan,65.035875,,38.0,,,,2,IVMH,2,RecentScan
ivmh,No Repair,39,39,RecentScan,61.38925,,39.0,,,,2,IVMH,2,RecentScan
ivmh,No Repair,40,40,RecentScan,61.270917,,40.0,,,,2,IVMH,2,RecentScan
ivmh,No Repair,41,41,MarkTs,0.0,,41.0,,,,2,IVMH,2,
ivmh,No Repair,42,42,Update,0.182291,21.0,,,,,2,IVMH,2,Update
ivmh,No Repair,43,43,RecentScan,62.927875,,43.0,,,,2,IVMH,2,RecentScan
ivmh,No Repair,44,44,RecentScan,59.844041,,44.0,,,,2,IVMH,2,RecentScan
ivmh,No Repair,45,45,RecentScan,60.5035,,45.0,,,,2,IVMH,2,RecentScan
ivmh,No Repair,46,46,RecentScan,60.075125,,46.0,,,,2,IVMH,2,RecentScan
ivmh,No Repair,47,47,RecentScan,60.841834,,47.0,,,,2,IVMH,2,RecentScan
ivmh,No Repair,48,48,MarkTs,0.0,,48.0,,,,2,IVMH,2,
ivmh,No Repair,49,49,Update,0.200625,21.0,,,,,2,IVMH,2,Update
ivmh,No Repair,50,50,RecentScan,60.297833,,50.0,,,,2,IVMH,2,RecentScan
ivmh,No Repair,51,51,RecentScan,60.06325,,51.0,,,,2,IVMH,2,RecentScan
ivmh,No Repair,52,52,RecentScan,63.189709,,52.0,,,,2,IVMH,2,RecentScan
ivmh,No Repair,53,53,RecentScan,59.800833,,53.0,,,,2,IVMH,2,RecentScan
ivmh,No Repair,54,54,RecentScan,58.278958,,54.0,,,,2,IVMH,2,RecentScan
ivmh,No Repair,55,55,MarkTs,0.001375,,55.0,,,,2,IVMH,2,
ivmh,No Repair,56,56,Update,0.180333,21.0,,,,,2,IVMH,2,Update
ivmh,No Repair,57,57,RecentScan,60.242333,,57.0,,,,2,IVMH,2,RecentScan
ivmh,No Repair,58,58,RecentScan,64.150458,,58.0,,,,2,IVMH,2,RecentScan
ivmh,No Repair,59,59,RecentScan,58.882083,,59.0,,,,2,IVMH,2,RecentScan
ivmh,No Repair,60,60,RecentScan,59.604416,,60.0,,,,2,IVMH,2,RecentScan
ivmh,No Repair,61,61,RecentScan,62.799625,,61.0,,,,2,IVMH,2,RecentScan
ivmh,No Repair,62,62,MarkTs,0.0,,62.0,,,,2,IVMH,2,
ivmh,No Repair,63,63,Update,0.250542,21.0,,,,,2,IVMH,2,Update
ivmh,No Repair,64,64,RecentScan,60.547083,,64.0,,,,2,IVMH,2,RecentScan
ivmh,No Repair,65,65,RecentScan,61.110458,,65.0,,,,2,IVMH,2,RecentScan
ivmh,No Repair,66,66,RecentScan,63.169792,,66.0,,,,2,IVMH,2,RecentScan
ivmh,No Repair,67,67,RecentScan,60.254375,,67.0,,,,2,IVMH,2,RecentScan
ivmh,No Repair,68,68,RecentScan,60.890125,,68.0,,,,2,IVMH,2,RecentScan
ivmh,No Repair,69,69,MarkTs,0.0,,69.0,,,,2,IVMH,2,
ivmh,No Repair,70,70,Update,0.20125,21.0,,,,,2,IVMH,2,Update
ivmh,No Repair,0,0,InitLoad,52.371791,210000.0,,,,,3,IVMH,2,InitLoad
ivmh,No Repair,1,1,RecentScan,68.471708,,1.0,,,,3,IVMH,2,RecentScan
ivmh,No Repair,2,2,RecentScan,65.208667,,2.0,,,,3,IVMH,2,RecentScan
ivmh,No Repair,3,3,RecentScan,60.447541,,3.0,,,,3,IVMH,2,RecentScan
ivmh,No Repair,4,4,RecentScan,61.701292,,4.0,,,,3,IVMH,2,RecentScan
ivmh,No Repair,5,5,RecentScan,57.418917,,5.0,,,,3,IVMH,2,RecentScan
ivmh,No Repair,6,6,MarkTs,0.001042,,6.0,,,,3,IVMH,2,
ivmh,No Repair,7,7,Update,0.19375,21.0,,,,,3,IVMH,2,Update
ivmh,No Repair,8,8,MarkTs,504.634833,,6.0,,,HistoryScan,3,IVMH,2,BuildSnap
ivmh,No Repair,8,8,HistoryScan,123.630292,,6.0,,,,3,IVMH,2,HistoryScan
ivmh,No Repair,9,9,RecentScan,215.78775,,9.0,,,,3,IVMH,2,RecentScan
ivmh,No Repair,10,10,RecentScan,114.658083,,10.0,,,,3,IVMH,2,RecentScan
ivmh,No Repair,11,11,RecentScan,88.354417,,11.0,,,,3,IVMH,2,RecentScan
ivmh,No Repair,12,12,RecentScan,80.723,,12.0,,,,3,IVMH,2,RecentScan
ivmh,No Repair,13,13,MarkTs,0.0,,13.0,,,,3,IVMH,2,
ivmh,No Repair,14,14,Update,0.290792,21.0,,,,,3,IVMH,2,Update
ivmh,No Repair,15,15,RecentScan,89.165542,,15.0,,,,3,IVMH,2,RecentScan
ivmh,No Repair,16,16,RecentScan,72.973375,,16.0,,,,3,IVMH,2,RecentScan
ivmh,No Repair,17,17,RecentScan,69.436458,,17.0,,,,3,IVMH,2,RecentScan
ivmh,No Repair,18,18,RecentScan,77.920458,,18.0,,,,3,IVMH,2,RecentScan
ivmh,No Repair,19,19,RecentScan,70.948333,,19.0,,,,3,IVMH,2,RecentScan
ivmh,No Repair,20,20,MarkTs,0.0,,20.0,,,,3,IVMH,2,
ivmh,No Repair,21,21,Update,0.135292,21.0,,,,,3,IVMH,2,Update
ivmh,No Repair,22,22,MarkTs,287.218792,,20.0,,,HistoryScan,3,IVMH,2,BuildSnap
ivmh,No Repair,22,22,HistoryScan,80.798916,,20.0,,,,3,IVMH,2,HistoryScan
ivmh,No Repair,23,23,RecentScan,78.118875,,23.0,,,,3,IVMH,2,RecentScan
ivmh,No Repair,24,24,RecentScan,73.948791,,24.0,,,,3,IVMH,2,RecentScan
ivmh,No Repair,25,25,RecentScan,72.724208,,25.0,,,,3,IVMH,2,RecentScan
ivmh,No Repair,26,26,RecentScan,71.8195,,26.0,,,,3,IVMH,2,RecentScan
ivmh,No Repair,27,27,MarkTs,0.0027919999999999998,,27.0,,,,3,IVMH,2,
ivmh,No Repair,28,28,Update,0.323125,21.0,,,,,3,IVMH,2,Update
ivmh,No Repair,29,29,RecentScan,69.473792,,29.0,,,,3,IVMH,2,RecentScan
ivmh,No Repair,30,30,RecentScan,71.685916,,30.0,,,,3,IVMH,2,RecentScan
ivmh,No Repair,31,31,RecentScan,95.805125,,31.0,,,,3,IVMH,2,RecentScan
ivmh,No Repair,32,32,RecentScan,92.062333,,32.0,,,,3,IVMH,2,RecentScan
ivmh,No Repair,33,33,RecentScan,92.81425,,33.0,,,,3,IVMH,2,RecentScan
ivmh,No Repair,34,34,MarkTs,0.0,,34.0,,,,3,IVMH,2,
ivmh,No Repair,35,35,Update,0.448583,21.0,,,,,3,IVMH,2,Update
ivmh,No Repair,36,36,RecentScan,146.124833,,36.0,,,,3,IVMH,2,RecentScan
ivmh,No Repair,37,37,RecentScan,162.600542,,37.0,,,,3,IVMH,2,RecentScan
ivmh,No Repair,38,38,RecentScan,91.750333,,38.0,,,,3,IVMH,2,RecentScan
ivmh,No Repair,39,39,RecentScan,84.776167,,39.0,,,,3,IVMH,2,RecentScan
ivmh,No Repair,40,40,RecentScan,73.814875,,40.0,,,,3,IVMH,2,RecentScan
ivmh,No Repair,41,41,MarkTs,0.0,,41.0,,,,3,IVMH,2,
ivmh,No Repair,42,42,Update,0.200541,21.0,,,,,3,IVMH,2,Update
ivmh,No Repair,43,43,RecentScan,79.533333,,43.0,,,,3,IVMH,2,RecentScan
ivmh,No Repair,44,44,RecentScan,78.086375,,44.0,,,,3,IVMH,2,RecentScan
ivmh,No Repair,45,45,RecentScan,86.03575,,45.0,,,,3,IVMH,2,RecentScan
ivmh,No Repair,46,46,RecentScan,76.669458,,46.0,,,,3,IVMH,2,RecentScan
ivmh,No Repair,47,47,RecentScan,76.339,,47.0,,,,3,IVMH,2,RecentScan
ivmh,No Repair,48,48,MarkTs,0.0,,48.0,,,,3,IVMH,2,
ivmh,No Repair,49,49,Update,0.410625,21.0,,,,,3,IVMH,2,Update
ivmh,No Repair,50,50,RecentScan,85.144458,,50.0,,,,3,IVMH,2,RecentScan
ivmh,No Repair,51,51,RecentScan,65.627167,,51.0,,,,3,IVMH,2,RecentScan
ivmh,No Repair,52,52,RecentScan,85.879208,,52.0,,,,3,IVMH,2,RecentScan
ivmh,No Repair,53,53,RecentScan,143.5005,,53.0,,,,3,IVMH,2,RecentScan
ivmh,No Repair,54,54,RecentScan,134.68825,,54.0,,,,3,IVMH,2,RecentScan
ivmh,No Repair,55,55,MarkTs,0.006708,,55.0,,,,3,IVMH,2,
ivmh,No Repair,56,56,Update,0.644583,21.0,,,,,3,IVMH,2,Update
ivmh,No Repair,57,57,RecentScan,115.046167,,57.0,,,,3,IVMH,2,RecentScan
ivmh,No Repair,58,58,RecentScan,90.207625,,58.0,,,,3,IVMH,2,RecentScan
ivmh,No Repair,59,59,RecentScan,100.960459,,59.0,,,,3,IVMH,2,RecentScan
ivmh,No Repair,60,60,RecentScan,91.258709,,60.0,,,,3,IVMH,2,RecentScan
ivmh,No Repair,61,61,RecentScan,79.092042,,61.0,,,,3,IVMH,2,RecentScan
ivmh,No Repair,62,62,MarkTs,0.0,,62.0,,,,3,IVMH,2,
ivmh,No Repair,63,63,Update,0.3135,21.0,,,,,3,IVMH,2,Update
ivmh,No Repair,64,64,RecentScan,77.068375,,64.0,,,,3,IVMH,2,RecentScan
ivmh,No Repair,65,65,RecentScan,81.8405,,65.0,,,,3,IVMH,2,RecentScan
ivmh,No Repair,66,66,RecentScan,102.806875,,66.0,,,,3,IVMH,2,RecentScan
ivmh,No Repair,67,67,RecentScan,95.443458,,67.0,,,,3,IVMH,2,RecentScan
ivmh,No Repair,68,68,RecentScan,87.206292,,68.0,,,,3,IVMH,2,RecentScan
ivmh,No Repair,69,69,MarkTs,0.0,,69.0,,,,3,IVMH,2,
ivmh,No Repair,70,70,Update,0.252166,21.0,,,,,3,IVMH,2,Update
ivmh,No Repair,0,0,InitLoad,138.678833,210000.0,,,,,4,IVMH,2,InitLoad
ivmh,No Repair,1,1,RecentScan,202.774,,1.0,,,,4,IVMH,2,RecentScan
ivmh,No Repair,2,2,RecentScan,147.7815,,2.0,,,,4,IVMH,2,RecentScan
ivmh,No Repair,3,3,RecentScan,100.434875,,3.0,,,,4,IVMH,2,RecentScan
ivmh,No Repair,4,4,RecentScan,77.686792,,4.0,,,,4,IVMH,2,RecentScan
ivmh,No Repair,5,5,RecentScan,78.777584,,5.0,,,,4,IVMH,2,RecentScan
ivmh,No Repair,6,6,MarkTs,0.0014579999999999999,,6.0,,,,4,IVMH,2,
ivmh,No Repair,7,7,Update,0.230875,21.0,,,,,4,IVMH,2,Update
ivmh,No Repair,8,8,MarkTs,280.451291,,6.0,,,HistoryScan,4,IVMH,2,BuildSnap
ivmh,No Repair,8,8,HistoryScan,85.185583,,6.0,,,,4,IVMH,2,HistoryScan
ivmh,No Repair,9,9,RecentScan,75.729375,,9.0,,,,4,IVMH,2,RecentScan
ivmh,No Repair,10,10,RecentScan,82.2825,,10.0,,,,4,IVMH,2,RecentScan
ivmh,No Repair,11,11,RecentScan,77.683292,,11.0,,,,4,IVMH,2,RecentScan
ivmh,No Repair,12,12,RecentScan,69.276458,,12.0,,,,4,IVMH,2,RecentScan
ivmh,No Repair,13,13,MarkTs,0.0,,13.0,,,,4,IVMH,2,
ivmh,No Repair,14,14,Update,0.265458,21.0,,,,,4,IVMH,2,Update
ivmh,No Repair,15,15,RecentScan,62.00825,,15.0,,,,4,IVMH,2,RecentScan
ivmh,No Repair,16,16,RecentScan,62.0935,,16.0,,,,4,IVMH,2,RecentScan
ivmh,No Repair,17,17,RecentScan,62.265625,,17.0,,,,4,IVMH,2,RecentScan
ivmh,No Repair,18,18,RecentScan,65.274875,,18.0,,,,4,IVMH,2,RecentScan
ivmh,No Repair,19,19,RecentScan,63.357542,,19.0,,,,4,IVMH,2,RecentScan
ivmh,No Repair,20,20,MarkTs,0.0,,20.0,,,,4,IVMH,2,
ivmh,No Repair,21,21,Update,0.128458,21.0,,,,,4,IVMH,2,Update
ivmh,No Repair,22,22,MarkTs,177.474416,,20.0,,,HistoryScan,4,IVMH,2,BuildSnap
ivmh,No Repair,22,22,HistoryScan,66.744542,,20.0,,,,4,IVMH,2,HistoryScan
ivmh,No Repair,23,23,RecentScan,63.707458,,23.0,,,,4,IVMH,2,RecentScan
ivmh,No Repair,24,24,RecentScan,63.93375,,24.0,,,,4,IVMH,2,RecentScan
ivmh,No Repair,25,25,RecentScan,64.114917,,25.0,,,,4,IVMH,2,RecentScan
ivmh,No Repair,26,26,RecentScan,64.107542,,26.0,,,,4,IVMH,2,RecentScan
ivmh,No Repair,27,27,MarkTs,0.001292,,27.0,,,,4,IVMH,2,
ivmh,No Repair,28,28,Update,0.283375,21.0,,,,,4,IVMH,2,Update
ivmh,No Repair,29,29,RecentScan,62.798042,,29.0,,,,4,IVMH,2,RecentScan
ivmh,No Repair,30,30,RecentScan,62.66725,,30.0,,,,4,IVMH,2,RecentScan
ivmh,No Repair,31,31,RecentScan,63.629916,,31.0,,,,4,IVMH,2,RecentScan
ivmh,No Repair,32,32,RecentScan,62.586791,,32.0,,,,4,IVMH,2,RecentScan
ivmh,No Repair,33,33,RecentScan,64.011042,,33.0,,,,4,IVMH,2,RecentScan
ivmh,No Repair,34,34,MarkTs,0.0,,34.0,,,,4,IVMH,2,
ivmh,No Repair,35,35,Update,0.306,21.0,,,,,4,IVMH,2,Update
ivmh,No Repair,36,36,RecentScan,63.9145,,36.0,,,,4,IVMH,2,RecentScan
ivmh,No Repair,37,37,RecentScan,64.930333,,37.0,,,,4,IVMH,2,RecentScan
ivmh,No Repair,38,38,RecentScan,64.786625,,38.0,,,,4,IVMH,2,RecentScan
ivmh,No Repair,39,39,RecentScan,65.309375,,39.0,,,,4,IVMH,2,RecentScan
ivmh,No Repair,40,40,RecentScan,63.478583,,40.0,,,,4,IVMH,2,RecentScan
ivmh,No Repair,41,41,MarkTs,0.0,,41.0,,,,4,IVMH,2,
ivmh,No Repair,42,42,Update,0.18325,21.0,,,,,4,IVMH,2,Update
ivmh,No Repair,43,43,RecentScan,64.513625,,43.0,,,,4,IVMH,2,RecentScan
ivmh,No Repair,44,44,RecentScan,65.197709,,44.0,,,,4,IVMH,2,RecentScan
ivmh,No Repair,45,45,RecentScan,64.017875,,45.0,,,,4,IVMH,2,RecentScan
ivmh,No Repair,46,46,RecentScan,64.984833,,46.0,,,,4,IVMH,2,RecentScan
ivmh,No Repair,47,47,RecentScan,64.364125,,47.0,,,,4,IVMH,2,RecentScan
ivmh,No Repair,48,48,MarkTs,0.0,,48.0,,,,4,IVMH,2,
ivmh,No Repair,49,49,Update,0.230834,21.0,,,,,4,IVMH,2,Update
ivmh,No Repair,50,50,RecentScan,64.157958,,50.0,,,,4,IVMH,2,RecentScan
ivmh,No Repair,51,51,RecentScan,64.174958,,51.0,,,,4,IVMH,2,RecentScan
ivmh,No Repair,52,52,RecentScan,64.053959,,52.0,,,,4,IVMH,2,RecentScan
ivmh,No Repair,53,53,RecentScan,64.53875,,53.0,,,,4,IVMH,2,RecentScan
ivmh,No Repair,54,54,RecentScan,64.42575,,54.0,,,,4,IVMH,2,RecentScan
ivmh,No Repair,55,55,MarkTs,0.001416,,55.0,,,,4,IVMH,2,
ivmh,No Repair,56,56,Update,0.19675,21.0,,,,,4,IVMH,2,Update
ivmh,No Repair,57,57,RecentScan,64.584167,,57.0,,,,4,IVMH,2,RecentScan
ivmh,No Repair,58,58,RecentScan,66.586,,58.0,,,,4,IVMH,2,RecentScan
ivmh,No Repair,59,59,RecentScan,64.366,,59.0,,,,4,IVMH,2,RecentScan
ivmh,No Repair,60,60,RecentScan,63.952208,,60.0,,,,4,IVMH,2,RecentScan
ivmh,No Repair,61,61,RecentScan,64.439125,,61.0,,,,4,IVMH,2,RecentScan
ivmh,No Repair,62,62,MarkTs,0.0,,62.0,,,,4,IVMH,2,
ivmh,No Repair,63,63,Update,0.250292,21.0,,,,,4,IVMH,2,Update
ivmh,No Repair,64,64,RecentScan,64.450542,,64.0,,,,4,IVMH,2,RecentScan
ivmh,No Repair,65,65,RecentScan,63.587833,,65.0,,,,4,IVMH,2,RecentScan
ivmh,No Repair,66,66,RecentScan,63.758334,,66.0,,,,4,IVMH,2,RecentScan
ivmh,No Repair,67,67,RecentScan,64.126167,,67.0,,,,4,IVMH,2,RecentScan
ivmh,No Repair,68,68,RecentScan,65.019,,68.0,,,,4,IVMH,2,RecentScan
ivmh,No Repair,69,69,MarkTs,0.0,,69.0,,,,4,IVMH,2,
ivmh,No Repair,70,70,Update,0.207459,21.0,,,,,4,IVMH,2,Update
ivmh,No Repair,0,0,InitLoad,50.862625,210000.0,,,,,0,IVMH,3,InitLoad
ivmh,No Repair,1,1,RecentScan,66.56625,,1.0,,,,0,IVMH,3,RecentScan
ivmh,No Repair,2,2,RecentScan,63.737042,,2.0,,,,0,IVMH,3,RecentScan
ivmh,No Repair,3,3,RecentScan,60.900958,,3.0,,,,0,IVMH,3,RecentScan
ivmh,No Repair,4,4,RecentScan,60.671458,,4.0,,,,0,IVMH,3,RecentScan
ivmh,No Repair,5,5,RecentScan,61.441,,5.0,,,,0,IVMH,3,RecentScan
ivmh,No Repair,6,6,MarkTs,0.001,,6.0,,,,0,IVMH,3,
ivmh,No Repair,7,7,Update,0.198084,21.0,,,,,0,IVMH,3,Update
ivmh,No Repair,8,8,MarkTs,169.757584,,6.0,,,HistoryScan,0,IVMH,3,BuildSnap
ivmh,No Repair,8,8,HistoryScan,62.726625,,6.0,,,,0,IVMH,3,HistoryScan
ivmh,No Repair,9,9,RecentScan,60.125625,,9.0,,,,0,IVMH,3,RecentScan
ivmh,No Repair,10,10,RecentScan,59.692959,,10.0,,,,0,IVMH,3,RecentScan
ivmh,No Repair,11,11,RecentScan,60.118708,,11.0,,,,0,IVMH,3,RecentScan
ivmh,No Repair,12,12,RecentScan,60.037583,,12.0,,,,0,IVMH,3,RecentScan
ivmh,No Repair,13,13,MarkTs,0.0,,13.0,,,,0,IVMH,3,
ivmh,No Repair,14,14,Update,0.259375,21.0,,,,,0,IVMH,3,Update
ivmh,No Repair,15,15,RecentScan,60.32,,15.0,,,,0,IVMH,3,RecentScan
ivmh,No Repair,16,16,RecentScan,60.456959,,16.0,,,,0,IVMH,3,RecentScan
ivmh,No Repair,17,17,RecentScan,63.7465,,17.0,,,,0,IVMH,3,RecentScan
ivmh,No Repair,18,18,RecentScan,61.937375,,18.0,,,,0,IVMH,3,RecentScan
ivmh,No Repair,19,19,RecentScan,61.023875,,19.0,,,,0,IVMH,3,RecentScan
ivmh,No Repair,20,20,MarkTs,0.0,,20.0,,,,0,IVMH,3,
ivmh,No Repair,21,21,Update,0.118625,21.0,,,,,0,IVMH,3,Update
ivmh,No Repair,22,22,MarkTs,173.541125,,20.0,,,HistoryScan,0,IVMH,3,BuildSnap
ivmh,No Repair,22,22,HistoryScan,65.366083,,20.0,,,,0,IVMH,3,HistoryScan
ivmh,No Repair,23,23,RecentScan,62.783083,,23.0,,,,0,IVMH,3,RecentScan
ivmh,No Repair,24,24,RecentScan,63.927,,24.0,,,,0,IVMH,3,RecentScan
ivmh,No Repair,25,25,RecentScan,62.746458,,25.0,,,,0,IVMH,3,RecentScan
ivmh,No Repair,26,26,RecentScan,63.447458,,26.0,,,,0,IVMH,3,RecentScan
ivmh,No Repair,27,27,MarkTs,0.001542,,27.0,,,,0,IVMH,3,
ivmh,No Repair,28,28,Update,0.282666,21.0,,,,,0,IVMH,3,Update
ivmh,No Repair,29,29,RecentScan,63.579666,,29.0,,,,0,IVMH,3,RecentScan
ivmh,No Repair,30,30,RecentScan,62.731333,,30.0,,,,0,IVMH,3,RecentScan
ivmh,No Repair,31,31,RecentScan,63.717458,,31.0,,,,0,IVMH,3,RecentScan
ivmh,No Repair,32,32,RecentScan,61.866417,,32.0,,,,0,IVMH,3,RecentScan
ivmh,No Repair,33,33,RecentScan,60.843458,,33.0,,,,0,IVMH,3,RecentScan
ivmh,No Repair,34,34,MarkTs,0.001083,,34.0,,,,0,IVMH,3,
ivmh,No Repair,35,35,Update,0.26725,21.0,,,,,0,IVMH,3,Update
ivmh,No Repair,36,36,MarkTs,177.252791,,34.0,,,HistoryScan,0,IVMH,3,BuildSnap
ivmh,No Repair,36,36,HistoryScan,62.608375,,34.0,,,,0,IVMH,3,HistoryScan
ivmh,No Repair,37,37,RecentScan,61.066916,,37.0,,,,0,IVMH,3,RecentScan
ivmh,No Repair,38,38,RecentScan,60.163375,,38.0,,,,0,IVMH,3,RecentScan
ivmh,No Repair,39,39,RecentScan,61.140541,,39.0,,,,0,IVMH,3,RecentScan
ivmh,No Repair,40,40,RecentScan,61.276125,,40.0,,,,0,IVMH,3,RecentScan
ivmh,No Repair,41,41,MarkTs,0.001083,,41.0,,,,0,IVMH,3,
ivmh,No Repair,42,42,Update,0.161208,21.0,,,,,0,IVMH,3,Update
ivmh,No Repair,43,43,RecentScan,61.474958,,43.0,,,,0,IVMH,3,RecentScan
ivmh,No Repair,44,44,RecentScan,61.465042,,44.0,,,,0,IVMH,3,RecentScan
ivmh,No Repair,45,45,RecentScan,62.294666,,45.0,,,,0,IVMH,3,RecentScan
ivmh,No Repair,46,46,RecentScan,61.581708,,46.0,,,,0,IVMH,3,RecentScan
ivmh,No Repair,47,47,RecentScan,61.666208,,47.0,,,,0,IVMH,3,RecentScan
ivmh,No Repair,48,48,MarkTs,0.0,,48.0,,,,0,IVMH,3,
ivmh,No Repair,49,49,Update,0.192334,21.0,,,,,0,IVMH,3,Update
ivmh,No Repair,50,50,RecentScan,61.392625,,50.0,,,,0,IVMH,3,RecentScan
ivmh,No Repair,51,51,RecentScan,61.414625,,51.0,,,,0,IVMH,3,RecentScan
ivmh,No Repair,52,52,RecentScan,62.231375,,52.0,,,,0,IVMH,3,RecentScan
ivmh,No Repair,53,53,RecentScan,62.572333,,53.0,,,,0,IVMH,3,RecentScan
ivmh,No Repair,54,54,RecentScan,62.575208,,54.0,,,,0,IVMH,3,RecentScan
ivmh,No Repair,55,55,MarkTs,0.0015409999999999998,,55.0,,,,0,IVMH,3,
ivmh,No Repair,56,56,Update,0.189792,21.0,,,,,0,IVMH,3,Update
ivmh,No Repair,57,57,RecentScan,62.348292,,57.0,,,,0,IVMH,3,RecentScan
ivmh,No Repair,58,58,RecentScan,61.589791,,58.0,,,,0,IVMH,3,RecentScan
ivmh,No Repair,59,59,RecentScan,61.535709,,59.0,,,,0,IVMH,3,RecentScan
ivmh,No Repair,60,60,RecentScan,61.830417,,60.0,,,,0,IVMH,3,RecentScan
ivmh,No Repair,61,61,RecentScan,62.104333,,61.0,,,,0,IVMH,3,RecentScan
ivmh,No Repair,62,62,MarkTs,0.0,,62.0,,,,0,IVMH,3,
ivmh,No Repair,63,63,Update,0.227292,21.0,,,,,0,IVMH,3,Update
ivmh,No Repair,64,64,RecentScan,63.467,,64.0,,,,0,IVMH,3,RecentScan
ivmh,No Repair,65,65,RecentScan,64.24875,,65.0,,,,0,IVMH,3,RecentScan
ivmh,No Repair,66,66,RecentScan,63.925959,,66.0,,,,0,IVMH,3,RecentScan
ivmh,No Repair,67,67,RecentScan,63.827791,,67.0,,,,0,IVMH,3,RecentScan
ivmh,No Repair,68,68,RecentScan,61.787375,,68.0,,,,0,IVMH,3,RecentScan
ivmh,No Repair,69,69,MarkTs,0.0,,69.0,,,,0,IVMH,3,
ivmh,No Repair,70,70,Update,0.2005,21.0,,,,,0,IVMH,3,Update
ivmh,No Repair,0,0,InitLoad,48.465958,210000.0,,,,,1,IVMH,3,InitLoad
ivmh,No Repair,1,1,RecentScan,64.389333,,1.0,,,,1,IVMH,3,RecentScan
ivmh,No Repair,2,2,RecentScan,61.096375,,2.0,,,,1,IVMH,3,RecentScan
ivmh,No Repair,3,3,RecentScan,56.479375,,3.0,,,,1,IVMH,3,RecentScan
ivmh,No Repair,4,4,RecentScan,57.61275,,4.0,,,,1,IVMH,3,RecentScan
ivmh,No Repair,5,5,RecentScan,57.856583,,5.0,,,,1,IVMH,3,RecentScan
ivmh,No Repair,6,6,MarkTs,0.0,,6.0,,,,1,IVMH,3,
ivmh,No Repair,7,7,Update,0.147834,21.0,,,,,1,IVMH,3,Update
ivmh,No Repair,8,8,MarkTs,169.492708,,6.0,,,HistoryScan,1,IVMH,3,BuildSnap
ivmh,No Repair,8,8,HistoryScan,65.260583,,6.0,,,,1,IVMH,3,HistoryScan
ivmh,No Repair,9,9,RecentScan,63.627167,,9.0,,,,1,IVMH,3,RecentScan
ivmh,No Repair,10,10,RecentScan,62.639542,,10.0,,,,1,IVMH,3,RecentScan
ivmh,No Repair,11,11,RecentScan,66.713125,,11.0,,,,1,IVMH,3,RecentScan
ivmh,No Repair,12,12,RecentScan,62.603917,,12.0,,,,1,IVMH,3,RecentScan
ivmh,No Repair,13,13,MarkTs,0.0,,13.0,,,,1,IVMH,3,
ivmh,No Repair,14,14,Update,0.26704199999999995,21.0,,,,,1,IVMH,3,Update
ivmh,No Repair,15,15,RecentScan,63.57425,,15.0,,,,1,IVMH,3,RecentScan
ivmh,No Repair,16,16,RecentScan,60.07825,,16.0,,,,1,IVMH,3,RecentScan
ivmh,No Repair,17,17,RecentScan,59.444458,,17.0,,,,1,IVMH,3,RecentScan
ivmh,No Repair,18,18,RecentScan,62.0855,,18.0,,,,1,IVMH,3,RecentScan
ivmh,No Repair,19,19,RecentScan,62.111916,,19.0,,,,1,IVMH,3,RecentScan
ivmh,No Repair,20,20,MarkTs,0.0,,20.0,,,,1,IVMH,3,
ivmh,No Repair,21,21,Update,0.110041,21.0,,,,,1,IVMH,3,Update
ivmh,No Repair,22,22,MarkTs,177.059167,,20.0,,,HistoryScan,1,IVMH,3,BuildSnap
ivmh,No Repair,22,22,HistoryScan,68.520209,,20.0,,,,1,IVMH,3,HistoryScan
ivmh,No Repair,23,23,RecentScan,67.859,,23.0,,,,1,IVMH,3,RecentScan
ivmh,No Repair,24,24,RecentScan,65.744,,24.0,,,,1,IVMH,3,RecentScan
ivmh,No Repair,25,25,RecentScan,64.913875,,25.0,,,,1,IVMH,3,RecentScan
ivmh,No Repair,26,26,RecentScan,65.49875,,26.0,,,,1,IVMH,3,RecentScan
ivmh,No Repair,27,27,MarkTs,0.001833,,27.0,,,,1,IVMH,3,
ivmh,No Repair,28,28,Update,0.287,21.0,,,,,1,IVMH,3,Update
ivmh,No Repair,29,29,RecentScan,65.653417,,29.0,,,,1,IVMH,3,RecentScan
ivmh,No Repair,30,30,RecentScan,67.110208,,30.0,,,,1,IVMH,3,RecentScan
ivmh,No Repair,31,31,RecentScan,64.829,,31.0,,,,1,IVMH,3,RecentScan
ivmh,No Repair,32,32,RecentScan,67.606375,,32.0,,,,1,IVMH,3,RecentScan
ivmh,No Repair,33,33,RecentScan,79.103375,,33.0,,,,1,IVMH,3,RecentScan
ivmh,No Repair,34,34,MarkTs,0.0,,34.0,,,,1,IVMH,3,
ivmh,No Repair,35,35,Update,0.291916,21.0,,,,,1,IVMH,3,Update
ivmh,No Repair,36,36,MarkTs,198.839792,,34.0,,,HistoryScan,1,IVMH,3,BuildSnap
ivmh,No Repair,36,36,HistoryScan,64.336292,,34.0,,,,1,IVMH,3,HistoryScan
ivmh,No Repair,37,37,RecentScan,60.875125,,37.0,,,,1,IVMH,3,RecentScan
ivmh,No Repair,38,38,RecentScan,60.425041,,38.0,,,,1,IVMH,3,RecentScan
ivmh,No Repair,39,39,RecentScan,59.993125,,39.0,,,,1,IVMH,3,RecentScan
ivmh,No Repair,40,40,RecentScan,60.038875,,40.0,,,,1,IVMH,3,RecentScan
ivmh,No Repair,41,41,MarkTs,0.0,,41.0,,,,1,IVMH,3,
ivmh,No Repair,42,42,Update,0.14975,21.0,,,,,1,IVMH,3,Update
ivmh,No Repair,43,43,RecentScan,58.973792,,43.0,,,,1,IVMH,3,RecentScan
ivmh,No Repair,44,44,RecentScan,59.842083,,44.0,,,,1,IVMH,3,RecentScan
ivmh,No Repair,45,45,RecentScan,59.384667,,45.0,,,,1,IVMH,3,RecentScan
ivmh,No Repair,46,46,RecentScan,59.756875,,46.0,,,,1,IVMH,3,RecentScan
ivmh,No Repair,47,47,RecentScan,59.014875,,47.0,,,,1,IVMH,3,RecentScan
ivmh,No Repair,48,48,MarkTs,0.0,,48.0,,,,1,IVMH,3,
ivmh,No Repair,49,49,Update,0.18825,21.0,,,,,1,IVMH,3,Update
ivmh,No Repair,50,50,RecentScan,59.784291,,50.0,,,,1,IVMH,3,RecentScan
ivmh,No Repair,51,51,RecentScan,60.099041,,51.0,,,,1,IVMH,3,RecentScan
ivmh,No Repair,52,52,RecentScan,60.083625,,52.0,,,,1,IVMH,3,RecentScan
ivmh,No Repair,53,53,RecentScan,59.54475,,53.0,,,,1,IVMH,3,RecentScan
ivmh,No Repair,54,54,RecentScan,63.761584,,54.0,,,,1,IVMH,3,RecentScan
ivmh,No Repair,55,55,MarkTs,0.00125,,55.0,,,,1,IVMH,3,
ivmh,No Repair,56,56,Update,0.190541,21.0,,,,,1,IVMH,3,Update
ivmh,No Repair,57,57,RecentScan,71.619709,,57.0,,,,1,IVMH,3,RecentScan
ivmh,No Repair,58,58,RecentScan,65.749208,,58.0,,,,1,IVMH,3,RecentScan
ivmh,No Repair,59,59,RecentScan,67.236917,,59.0,,,,1,IVMH,3,RecentScan
ivmh,No Repair,60,60,RecentScan,64.996375,,60.0,,,,1,IVMH,3,RecentScan
ivmh,No Repair,61,61,RecentScan,65.742625,,61.0,,,,1,IVMH,3,RecentScan
ivmh,No Repair,62,62,MarkTs,0.0,,62.0,,,,1,IVMH,3,
ivmh,No Repair,63,63,Update,0.248833,21.0,,,,,1,IVMH,3,Update
ivmh,No Repair,64,64,RecentScan,65.261042,,64.0,,,,1,IVMH,3,RecentScan
ivmh,No Repair,65,65,RecentScan,65.147208,,65.0,,,,1,IVMH,3,RecentScan
ivmh,No Repair,66,66,RecentScan,64.905792,,66.0,,,,1,IVMH,3,RecentScan
ivmh,No Repair,67,67,RecentScan,63.19625,,67.0,,,,1,IVMH,3,RecentScan
ivmh,No Repair,68,68,RecentScan,64.81625,,68.0,,,,1,IVMH,3,RecentScan
ivmh,No Repair,69,69,MarkTs,0.0,,69.0,,,,1,IVMH,3,
ivmh,No Repair,70,70,Update,0.213458,21.0,,,,,1,IVMH,3,Update
ivmh,No Repair,0,0,InitLoad,52.8715,210000.0,,,,,2,IVMH,3,InitLoad
ivmh,No Repair,1,1,RecentScan,67.523958,,1.0,,,,2,IVMH,3,RecentScan
ivmh,No Repair,2,2,RecentScan,79.236958,,2.0,,,,2,IVMH,3,RecentScan
ivmh,No Repair,3,3,RecentScan,77.784083,,3.0,,,,2,IVMH,3,RecentScan
ivmh,No Repair,4,4,RecentScan,61.381916,,4.0,,,,2,IVMH,3,RecentScan
ivmh,No Repair,5,5,RecentScan,61.373917,,5.0,,,,2,IVMH,3,RecentScan
ivmh,No Repair,6,6,MarkTs,0.001083,,6.0,,,,2,IVMH,3,
ivmh,No Repair,7,7,Update,0.199625,21.0,,,,,2,IVMH,3,Update
ivmh,No Repair,8,8,MarkTs,186.970709,,6.0,,,HistoryScan,2,IVMH,3,BuildSnap
ivmh,No Repair,8,8,HistoryScan,61.08625,,6.0,,,,2,IVMH,3,HistoryScan
ivmh,No Repair,9,9,RecentScan,61.890375,,9.0,,,,2,IVMH,3,RecentScan
ivmh,No Repair,10,10,RecentScan,60.530042,,10.0,,,,2,IVMH,3,RecentScan
ivmh,No Repair,11,11,RecentScan,60.22225,,11.0,,,,2,IVMH,3,RecentScan
ivmh,No Repair,12,12,RecentScan,60.6205,,12.0,,,,2,IVMH,3,RecentScan
ivmh,No Repair,13,13,MarkTs,0.0,,13.0,,,,2,IVMH,3,
ivmh,No Repair,14,14,Update,0.240416,21.0,,,,,2,IVMH,3,Update
ivmh,No Repair,15,15,RecentScan,59.945708,,15.0,,,,2,IVMH,3,RecentScan
ivmh,No Repair,16,16,RecentScan,60.939834,,16.0,,,,2,IVMH,3,RecentScan
ivmh,No Repair,17,17,RecentScan,59.897375,,17.0,,,,2,IVMH,3,RecentScan
ivmh,No Repair,18,18,RecentScan,60.32575,,18.0,,,,2,IVMH,3,RecentScan
ivmh,No Repair,19,19,RecentScan,59.999375,,19.0,,,,2,IVMH,3,RecentScan
ivmh,No Repair,20,20,MarkTs,0.0,,20.0,,,,2,IVMH,3,
ivmh,No Repair,21,21,Update,0.109375,21.0,,,,,2,IVMH,3,Update
ivmh,No Repair,22,22,MarkTs,169.601833,,20.0,,,HistoryScan,2,IVMH,3,BuildSnap
ivmh,No Repair,22,22,HistoryScan,62.839125,,20.0,,,,2,IVMH,3,HistoryScan
ivmh,No Repair,23,23,RecentScan,60.437834,,23.0,,,,2,IVMH,3,RecentScan
ivmh,No Repair,24,24,RecentScan,60.636708,,24.0,,,,2,IVMH,3,RecentScan
ivmh,No Repair,25,25,RecentScan,62.746583,,25.0,,,,2,IVMH,3,RecentScan
ivmh,No Repair,26,26,RecentScan,61.4635,,26.0,,,,2,IVMH,3,RecentScan
ivmh,No Repair,27,27,MarkTs,0.001542,,27.0,,,,2,IVMH,3,
ivmh,No Repair,28,28,Update,0.246291,21.0,,,,,2,IVMH,3,Update
ivmh,No Repair,29,29,RecentScan,61.639375,,29.0,,,,2,IVMH,3,RecentScan
ivmh,No Repair,30,30,RecentScan,61.602583,,30.0,,,,2,IVMH,3,RecentScan
ivmh,No Repair,31,31,RecentScan,62.350833,,31.0,,,,2,IVMH,3,RecentScan
ivmh,No Repair,32,32,RecentScan,60.481958,,32.0,,,,2,IVMH,3,RecentScan
ivmh,No Repair,33,33,RecentScan,60.709917,,33.0,,,,2,IVMH,3,RecentScan
ivmh,No Repair,34,34,MarkTs,0.0,,34.0,,,,2,IVMH,3,
ivmh,No Repair,35,35,Update,0.258583,21.0,,,,,2,IVMH,3,Update
ivmh,No Repair,36,36,MarkTs,178.942291,,34.0,,,HistoryScan,2,IVMH,3,BuildSnap
ivmh,No Repair,36,36,HistoryScan,64.55275,,34.0,,,,2,IVMH,3,HistoryScan
ivmh,No Repair,37,37,RecentScan,60.856208,,37.0,,,,2,IVMH,3,RecentScan
ivmh,No Repair,38,38,RecentScan,62.486042,,38.0,,,,2,IVMH,3,RecentScan
ivmh,No Repair,39,39,RecentScan,61.598917,,39.0,,,,2,IVMH,3,RecentScan
ivmh,No Repair,40,40,RecentScan,61.716708,,40.0,,,,2,IVMH,3,RecentScan
ivmh,No Repair,41,41,MarkTs,0.0,,41.0,,,,2,IVMH,3,
ivmh,No Repair,42,42,Update,0.1635,21.0,,,,,2,IVMH,3,Update
ivmh,No Repair,43,43,RecentScan,62.182208,,43.0,,,,2,IVMH,3,RecentScan
ivmh,No Repair,44,44,RecentScan,61.777833,,44.0,,,,2,IVMH,3,RecentScan
ivmh,No Repair,45,45,RecentScan,61.490792,,45.0,,,,2,IVMH,3,RecentScan
ivmh,No Repair,46,46,RecentScan,61.35925,,46.0,,,,2,IVMH,3,RecentScan
ivmh,No Repair,47,47,RecentScan,67.343583,,47.0,,,,2,IVMH,3,RecentScan
ivmh,No Repair,48,48,MarkTs,0.0,,48.0,,,,2,IVMH,3,
ivmh,No Repair,49,49,Update,0.219,21.0,,,,,2,IVMH,3,Update
ivmh,No Repair,50,50,RecentScan,70.827417,,50.0,,,,2,IVMH,3,RecentScan
ivmh,No Repair,51,51,RecentScan,64.600292,,51.0,,,,2,IVMH,3,RecentScan
ivmh,No Repair,52,52,RecentScan,65.298125,,52.0,,,,2,IVMH,3,RecentScan
ivmh,No Repair,53,53,RecentScan,64.199042,,53.0,,,,2,IVMH,3,RecentScan
ivmh,No Repair,54,54,RecentScan,65.634459,,54.0,,,,2,IVMH,3,RecentScan
ivmh,No Repair,55,55,MarkTs,0.00125,,55.0,,,,2,IVMH,3,
ivmh,No Repair,56,56,Update,0.165417,21.0,,,,,2,IVMH,3,Update
ivmh,No Repair,57,57,RecentScan,64.162417,,57.0,,,,2,IVMH,3,RecentScan
ivmh,No Repair,58,58,RecentScan,64.323958,,58.0,,,,2,IVMH,3,RecentScan
ivmh,No Repair,59,59,RecentScan,64.164,,59.0,,,,2,IVMH,3,RecentScan
ivmh,No Repair,60,60,RecentScan,65.275458,,60.0,,,,2,IVMH,3,RecentScan
ivmh,No Repair,61,61,RecentScan,64.360875,,61.0,,,,2,IVMH,3,RecentScan
ivmh,No Repair,62,62,MarkTs,0.0,,62.0,,,,2,IVMH,3,
ivmh,No Repair,63,63,Update,0.24970900000000001,21.0,,,,,2,IVMH,3,Update
ivmh,No Repair,64,64,RecentScan,63.99325,,64.0,,,,2,IVMH,3,RecentScan
ivmh,No Repair,65,65,RecentScan,64.193416,,65.0,,,,2,IVMH,3,RecentScan
ivmh,No Repair,66,66,RecentScan,64.566958,,66.0,,,,2,IVMH,3,RecentScan
ivmh,No Repair,67,67,RecentScan,82.954083,,67.0,,,,2,IVMH,3,RecentScan
ivmh,No Repair,68,68,RecentScan,99.543833,,68.0,,,,2,IVMH,3,RecentScan
ivmh,No Repair,69,69,MarkTs,0.0,,69.0,,,,2,IVMH,3,
ivmh,No Repair,70,70,Update,0.31520800000000004,21.0,,,,,2,IVMH,3,Update
ivmh,No Repair,0,0,InitLoad,179.27275,210000.0,,,,,3,IVMH,3,InitLoad
ivmh,No Repair,1,1,RecentScan,207.251333,,1.0,,,,3,IVMH,3,RecentScan
ivmh,No Repair,2,2,RecentScan,151.684375,,2.0,,,,3,IVMH,3,RecentScan
ivmh,No Repair,3,3,RecentScan,184.100542,,3.0,,,,3,IVMH,3,RecentScan
ivmh,No Repair,4,4,RecentScan,232.901208,,4.0,,,,3,IVMH,3,RecentScan
ivmh,No Repair,5,5,RecentScan,203.987042,,5.0,,,,3,IVMH,3,RecentScan
ivmh,No Repair,6,6,MarkTs,0.0015,,6.0,,,,3,IVMH,3,
ivmh,No Repair,7,7,Update,0.30629199999999995,21.0,,,,,3,IVMH,3,Update
ivmh,No Repair,8,8,MarkTs,1321.680916,,6.0,,,HistoryScan,3,IVMH,3,BuildSnap
ivmh,No Repair,8,8,HistoryScan,336.72775,,6.0,,,,3,IVMH,3,HistoryScan
ivmh,No Repair,9,9,RecentScan,210.792292,,9.0,,,,3,IVMH,3,RecentScan
ivmh,No Repair,10,10,RecentScan,197.677416,,10.0,,,,3,IVMH,3,RecentScan
ivmh,No Repair,11,11,RecentScan,100.185542,,11.0,,,,3,IVMH,3,RecentScan
ivmh,No Repair,12,12,RecentScan,85.367333,,12.0,,,,3,IVMH,3,RecentScan
ivmh,No Repair,13,13,MarkTs,0.0,,13.0,,,,3,IVMH,3,
ivmh,No Repair,14,14,Update,0.308917,21.0,,,,,3,IVMH,3,Update
ivmh,No Repair,15,15,RecentScan,87.332458,,15.0,,,,3,IVMH,3,RecentScan
ivmh,No Repair,16,16,RecentScan,85.384458,,16.0,,,,3,IVMH,3,RecentScan
ivmh,No Repair,17,17,RecentScan,95.792333,,17.0,,,,3,IVMH,3,RecentScan
ivmh,No Repair,18,18,RecentScan,94.36175,,18.0,,,,3,IVMH,3,RecentScan
ivmh,No Repair,19,19,RecentScan,83.978209,,19.0,,,,3,IVMH,3,RecentScan
ivmh,No Repair,20,20,MarkTs,0.001125,,20.0,,,,3,IVMH,3,
ivmh,No Repair,21,21,Update,0.331041,21.0,,,,,3,IVMH,3,Update
ivmh,No Repair,22,22,MarkTs,303.447833,,20.0,,,HistoryScan,3,IVMH,3,BuildSnap
ivmh,No Repair,22,22,HistoryScan,145.86075,,20.0,,,,3,IVMH,3,HistoryScan
ivmh,No Repair,23,23,RecentScan,126.005,,23.0,,,,3,IVMH,3,RecentScan
ivmh,No Repair,24,24,RecentScan,156.000041,,24.0,,,,3,IVMH,3,RecentScan
ivmh,No Repair,25,25,RecentScan,142.469125,,25.0,,,,3,IVMH,3,RecentScan
ivmh,No Repair,26,26,RecentScan,180.598459,,26.0,,,,3,IVMH,3,RecentScan
ivmh,No Repair,27,27,MarkTs,0.015667,,27.0,,,,3,IVMH,3,
ivmh,No Repair,28,28,Update,0.488458,21.0,,,,,3,IVMH,3,Update
ivmh,No Repair,29,29,RecentScan,100.475125,,29.0,,,,3,IVMH,3,RecentScan
ivmh,No Repair,30,30,RecentScan,159.935125,,30.0,,,,3,IVMH,3,RecentScan
ivmh,No Repair,31,31,RecentScan,101.538209,,31.0,,,,3,IVMH,3,RecentScan
ivmh,No Repair,32,32,RecentScan,74.546792,,32.0,,,,3,IVMH,3,RecentScan
ivmh,No Repair,33,33,RecentScan,85.093333,,33.0,,,,3,IVMH,3,RecentScan
ivmh,No Repair,34,34,MarkTs,0.0,,34.0,,,,3,IVMH,3,
ivmh,No Repair,35,35,Update,0.331792,21.0,,,,,3,IVMH,3,Update
ivmh,No Repair,36,36,MarkTs,242.4555,,34.0,,,HistoryScan,3,IVMH,3,BuildSnap
ivmh,No Repair,36,36,HistoryScan,122.966791,,34.0,,,,3,IVMH,3,HistoryScan
ivmh,No Repair,37,37,RecentScan,132.876708,,37.0,,,,3,IVMH,3,RecentScan
ivmh,No Repair,38,38,RecentScan,129.561542,,38.0,,,,3,IVMH,3,RecentScan
ivmh,No Repair,39,39,RecentScan,166.294125,,39.0,,,,3,IVMH,3,RecentScan
ivmh,No Repair,40,40,RecentScan,137.290583,,40.0,,,,3,IVMH,3,RecentScan
ivmh,No Repair,41,41,MarkTs,0.0,,41.0,,,,3,IVMH,3,
ivmh,No Repair,42,42,Update,0.325083,21.0,,,,,3,IVMH,3,Update
ivmh,No Repair,43,43,RecentScan,160.450041,,43.0,,,,3,IVMH,3,RecentScan
ivmh,No Repair,44,44,RecentScan,131.029209,,44.0,,,,3,IVMH,3,RecentScan
ivmh,No Repair,45,45,RecentScan,165.787541,,45.0,,,,3,IVMH,3,RecentScan
ivmh,No Repair,46,46,RecentScan,200.057958,,46.0,,,,3,IVMH,3,RecentScan
ivmh,No Repair,47,47,RecentScan,155.067167,,47.0,,,,3,IVMH,3,RecentScan
ivmh,No Repair,48,48,MarkTs,0.0,,48.0,,,,3,IVMH,3,
ivmh,No Repair,49,49,Update,0.27095800000000003,21.0,,,,,3,IVMH,3,Update
ivmh,No Repair,50,50,RecentScan,139.00225,,50.0,,,,3,IVMH,3,RecentScan
ivmh,No Repair,51,51,RecentScan,161.195583,,51.0,,,,3,IVMH,3,RecentScan
ivmh,No Repair,52,52,RecentScan,262.958667,,52.0,,,,3,IVMH,3,RecentScan
ivmh,No Repair,53,53,RecentScan,168.259666,,53.0,,,,3,IVMH,3,RecentScan
ivmh,No Repair,54,54,RecentScan,115.0345,,54.0,,,,3,IVMH,3,RecentScan
ivmh,No Repair,55,55,MarkTs,0.002875,,55.0,,,,3,IVMH,3,
ivmh,No Repair,56,56,Update,0.245,21.0,,,,,3,IVMH,3,Update
ivmh,No Repair,57,57,RecentScan,96.599375,,57.0,,,,3,IVMH,3,RecentScan
ivmh,No Repair,58,58,RecentScan,75.256917,,58.0,,,,3,IVMH,3,RecentScan
ivmh,No Repair,59,59,RecentScan,76.020417,,59.0,,,,3,IVMH,3,RecentScan
ivmh,No Repair,60,60,RecentScan,78.114917,,60.0,,,,3,IVMH,3,RecentScan
ivmh,No Repair,61,61,RecentScan,75.309167,,61.0,,,,3,IVMH,3,RecentScan
ivmh,No Repair,62,62,MarkTs,0.0,,62.0,,,,3,IVMH,3,
ivmh,No Repair,63,63,Update,0.281417,21.0,,,,,3,IVMH,3,Update
ivmh,No Repair,64,64,RecentScan,78.464792,,64.0,,,,3,IVMH,3,RecentScan
ivmh,No Repair,65,65,RecentScan,79.811416,,65.0,,,,3,IVMH,3,RecentScan
ivmh,No Repair,66,66,RecentScan,78.060959,,66.0,,,,3,IVMH,3,RecentScan
ivmh,No Repair,67,67,RecentScan,74.073709,,67.0,,,,3,IVMH,3,RecentScan
ivmh,No Repair,68,68,RecentScan,78.851292,,68.0,,,,3,IVMH,3,RecentScan
ivmh,No Repair,69,69,MarkTs,0.0,,69.0,,,,3,IVMH,3,
ivmh,No Repair,70,70,Update,0.219667,21.0,,,,,3,IVMH,3,Update
ivmh,No Repair,0,0,InitLoad,51.527791,210000.0,,,,,4,IVMH,3,InitLoad
ivmh,No Repair,1,1,RecentScan,74.677209,,1.0,,,,4,IVMH,3,RecentScan
ivmh,No Repair,2,2,RecentScan,62.304375,,2.0,,,,4,IVMH,3,RecentScan
ivmh,No Repair,3,3,RecentScan,59.192834,,3.0,,,,4,IVMH,3,RecentScan
ivmh,No Repair,4,4,RecentScan,59.265916,,4.0,,,,4,IVMH,3,RecentScan
ivmh,No Repair,5,5,RecentScan,60.379,,5.0,,,,4,IVMH,3,RecentScan
ivmh,No Repair,6,6,MarkTs,0.001292,,6.0,,,,4,IVMH,3,
ivmh,No Repair,7,7,Update,0.191708,21.0,,,,,4,IVMH,3,Update
ivmh,No Repair,8,8,MarkTs,208.339292,,6.0,,,HistoryScan,4,IVMH,3,BuildSnap
ivmh,No Repair,8,8,HistoryScan,66.626333,,6.0,,,,4,IVMH,3,HistoryScan
ivmh,No Repair,9,9,RecentScan,62.001416,,9.0,,,,4,IVMH,3,RecentScan
ivmh,No Repair,10,10,RecentScan,61.746833,,10.0,,,,4,IVMH,3,RecentScan
ivmh,No Repair,11,11,RecentScan,66.844416,,11.0,,,,4,IVMH,3,RecentScan
ivmh,No Repair,12,12,RecentScan,63.819084,,12.0,,,,4,IVMH,3,RecentScan
ivmh,No Repair,13,13,MarkTs,0.0,,13.0,,,,4,IVMH,3,
ivmh,No Repair,14,14,Update,0.282209,21.0,,,,,4,IVMH,3,Update
ivmh,No Repair,15,15,RecentScan,70.1635,,15.0,,,,4,IVMH,3,RecentScan
ivmh,No Repair,16,16,RecentScan,69.143875,,16.0,,,,4,IVMH,3,RecentScan
ivmh,No Repair,17,17,RecentScan,82.919708,,17.0,,,,4,IVMH,3,RecentScan
ivmh,No Repair,18,18,RecentScan,61.750708,,18.0,,,,4,IVMH,3,RecentScan
ivmh,No Repair,19,19,RecentScan,62.415333,,19.0,,,,4,IVMH,3,RecentScan
ivmh,No Repair,20,20,MarkTs,0.0,,20.0,,,,4,IVMH,3,
ivmh,No Repair,21,21,Update,0.13375,21.0,,,,,4,IVMH,3,Update
ivmh,No Repair,22,22,MarkTs,183.833666,,20.0,,,HistoryScan,4,IVMH,3,BuildSnap
ivmh,No Repair,22,22,HistoryScan,63.086334,,20.0,,,,4,IVMH,3,HistoryScan
ivmh,No Repair,23,23,RecentScan,64.025792,,23.0,,,,4,IVMH,3,RecentScan
ivmh,No Repair,24,24,RecentScan,67.15875,,24.0,,,,4,IVMH,3,RecentScan
ivmh,No Repair,25,25,RecentScan,65.8025,,25.0,,,,4,IVMH,3,RecentScan
ivmh,No Repair,26,26,RecentScan,65.039833,,26.0,,,,4,IVMH,3,RecentScan
ivmh,No Repair,27,27,MarkTs,0.001125,,27.0,,,,4,IVMH,3,
ivmh,No Repair,28,28,Update,0.294125,21.0,,,,,4,IVMH,3,Update
ivmh,No Repair,29,29,RecentScan,62.86925,,29.0,,,,4,IVMH,3,RecentScan
ivmh,No Repair,30,30,RecentScan,62.4525,,30.0,,,,4,IVMH,3,RecentScan
ivmh,No Repair,31,31,RecentScan,63.241541,,31.0,,,,4,IVMH,3,RecentScan
ivmh,No Repair,32,32,RecentScan,63.797334,,32.0,,,,4,IVMH,3,RecentScan
ivmh,No Repair,33,33,RecentScan,62.638625,,33.0,,,,4,IVMH,3,RecentScan
ivmh,No Repair,34,34,MarkTs,0.0,,34.0,,,,4,IVMH,3,
ivmh,No Repair,35,35,Update,0.296375,21.0,,,,,4,IVMH,3,Update
ivmh,No Repair,36,36,MarkTs,194.576667,,34.0,,,HistoryScan,4,IVMH,3,BuildSnap
ivmh,No Repair,36,36,HistoryScan,68.353666,,34.0,,,,4,IVMH,3,HistoryScan
ivmh,No Repair,37,37,RecentScan,64.426958,,37.0,,,,4,IVMH,3,RecentScan
ivmh,No Repair,38,38,RecentScan,91.79025,,38.0,,,,4,IVMH,3,RecentScan
ivmh,No Repair,39,39,RecentScan,87.904625,,39.0,,,,4,IVMH,3,RecentScan
ivmh,No Repair,40,40,RecentScan,68.212791,,40.0,,,,4,IVMH,3,RecentScan
ivmh,No Repair,41,41,MarkTs,0.0,,41.0,,,,4,IVMH,3,
ivmh,No Repair,42,42,Update,0.177292,21.0,,,,,4,IVMH,3,Update
ivmh,No Repair,43,43,RecentScan,63.849666,,43.0,,,,4,IVMH,3,RecentScan
ivmh,No Repair,44,44,RecentScan,63.360833,,44.0,,,,4,IVMH,3,RecentScan
ivmh,No Repair,45,45,RecentScan,74.625333,,45.0,,,,4,IVMH,3,RecentScan
ivmh,No Repair,46,46,RecentScan,71.076958,,46.0,,,,4,IVMH,3,RecentScan
ivmh,No Repair,47,47,RecentScan,74.946292,,47.0,,,,4,IVMH,3,RecentScan
ivmh,No Repair,48,48,MarkTs,0.0,,48.0,,,,4,IVMH,3,
ivmh,No Repair,49,49,Update,0.231209,21.0,,,,,4,IVMH,3,Update
ivmh,No Repair,50,50,RecentScan,62.078708,,50.0,,,,4,IVMH,3,RecentScan
ivmh,No Repair,51,51,RecentScan,62.950833,,51.0,,,,4,IVMH,3,RecentScan
ivmh,No Repair,52,52,RecentScan,62.378583,,52.0,,,,4,IVMH,3,RecentScan
ivmh,No Repair,53,53,RecentScan,63.297042,,53.0,,,,4,IVMH,3,RecentScan
ivmh,No Repair,54,54,RecentScan,62.981,,54.0,,,,4,IVMH,3,RecentScan
ivmh,No Repair,55,55,MarkTs,0.0,,55.0,,,,4,IVMH,3,
ivmh,No Repair,56,56,Update,0.190625,21.0,,,,,4,IVMH,3,Update
ivmh,No Repair,57,57,RecentScan,65.143208,,57.0,,,,4,IVMH,3,RecentScan
ivmh,No Repair,58,58,RecentScan,65.982834,,58.0,,,,4,IVMH,3,RecentScan
ivmh,No Repair,59,59,RecentScan,65.278667,,59.0,,,,4,IVMH,3,RecentScan
ivmh,No Repair,60,60,RecentScan,65.142042,,60.0,,,,4,IVMH,3,RecentScan
ivmh,No Repair,61,61,RecentScan,65.541708,,61.0,,,,4,IVMH,3,RecentScan
ivmh,No Repair,62,62,MarkTs,0.0,,62.0,,,,4,IVMH,3,
ivmh,No Repair,63,63,Update,0.265666,21.0,,,,,4,IVMH,3,Update
ivmh,No Repair,64,64,RecentScan,64.888584,,64.0,,,,4,IVMH,3,RecentScan
ivmh,No Repair,65,65,RecentScan,65.088792,,65.0,,,,4,IVMH,3,RecentScan
ivmh,No Repair,66,66,RecentScan,65.262292,,66.0,,,,4,IVMH,3,RecentScan
ivmh,No Repair,67,67,RecentScan,66.131333,,67.0,,,,4,IVMH,3,RecentScan
ivmh,No Repair,68,68,RecentScan,66.823583,,68.0,,,,4,IVMH,3,RecentScan
ivmh,No Repair,69,69,MarkTs,0.0,,69.0,,,,4,IVMH,3,
ivmh,No Repair,70,70,Update,0.220958,21.0,,,,,4,IVMH,3,Update
ivmh,No Repair,0,0,InitLoad,49.599416,210000.0,,,,,0,IVMH,4,InitLoad
ivmh,No Repair,1,1,RecentScan,61.765791,,1.0,,,,0,IVMH,4,RecentScan
ivmh,No Repair,2,2,RecentScan,59.630084,,2.0,,,,0,IVMH,4,RecentScan
ivmh,No Repair,3,3,RecentScan,63.342542,,3.0,,,,0,IVMH,4,RecentScan
ivmh,No Repair,4,4,RecentScan,59.874291,,4.0,,,,0,IVMH,4,RecentScan
ivmh,No Repair,5,5,RecentScan,61.234584,,5.0,,,,0,IVMH,4,RecentScan
ivmh,No Repair,6,6,MarkTs,0.001,,6.0,,,,0,IVMH,4,
ivmh,No Repair,7,7,Update,0.221584,21.0,,,,,0,IVMH,4,Update
ivmh,No Repair,8,8,MarkTs,175.494959,,6.0,,,HistoryScan,0,IVMH,4,BuildSnap
ivmh,No Repair,8,8,HistoryScan,64.632708,,6.0,,,,0,IVMH,4,HistoryScan
ivmh,No Repair,9,9,RecentScan,63.579042,,9.0,,,,0,IVMH,4,RecentScan
ivmh,No Repair,10,10,RecentScan,60.643333,,10.0,,,,0,IVMH,4,RecentScan
ivmh,No Repair,11,11,RecentScan,60.773,,11.0,,,,0,IVMH,4,RecentScan
ivmh,No Repair,12,12,RecentScan,61.092792,,12.0,,,,0,IVMH,4,RecentScan
ivmh,No Repair,13,13,MarkTs,0.0,,13.0,,,,0,IVMH,4,
ivmh,No Repair,14,14,Update,0.259625,21.0,,,,,0,IVMH,4,Update
ivmh,No Repair,15,15,RecentScan,60.594833,,15.0,,,,0,IVMH,4,RecentScan
ivmh,No Repair,16,16,RecentScan,58.574292,,16.0,,,,0,IVMH,4,RecentScan
ivmh,No Repair,17,17,RecentScan,60.826125,,17.0,,,,0,IVMH,4,RecentScan
ivmh,No Repair,18,18,RecentScan,58.4975,,18.0,,,,0,IVMH,4,RecentScan
ivmh,No Repair,19,19,RecentScan,58.925625,,19.0,,,,0,IVMH,4,RecentScan
ivmh,No Repair,20,20,MarkTs,0.0,,20.0,,,,0,IVMH,4,
ivmh,No Repair,21,21,Update,0.127,21.0,,,,,0,IVMH,4,Update
ivmh,No Repair,22,22,MarkTs,168.529791,,20.0,,,HistoryScan,0,IVMH,4,BuildSnap
ivmh,No Repair,22,22,HistoryScan,65.227875,,20.0,,,,0,IVMH,4,HistoryScan
ivmh,No Repair,23,23,RecentScan,63.601583,,23.0,,,,0,IVMH,4,RecentScan
ivmh,No Repair,24,24,RecentScan,60.82675,,24.0,,,,0,IVMH,4,RecentScan
ivmh,No Repair,25,25,RecentScan,62.307708,,25.0,,,,0,IVMH,4,RecentScan
ivmh,No Repair,26,26,RecentScan,64.331667,,26.0,,,,0,IVMH,4,RecentScan
ivmh,No Repair,27,27,MarkTs,0.001125,,27.0,,,,0,IVMH,4,
ivmh,No Repair,28,28,Update,0.275625,21.0,,,,,0,IVMH,4,Update
ivmh,No Repair,29,29,RecentScan,62.432291,,29.0,,,,0,IVMH,4,RecentScan
ivmh,No Repair,30,30,RecentScan,61.036166,,30.0,,,,0,IVMH,4,RecentScan
ivmh,No Repair,31,31,RecentScan,60.67375,,31.0,,,,0,IVMH,4,RecentScan
ivmh,No Repair,32,32,RecentScan,60.712959,,32.0,,,,0,IVMH,4,RecentScan
ivmh,No Repair,33,33,RecentScan,62.964291,,33.0,,,,0,IVMH,4,RecentScan
ivmh,No Repair,34,34,MarkTs,0.0,,34.0,,,,0,IVMH,4,
ivmh,No Repair,35,35,Update,0.2915,21.0,,,,,0,IVMH,4,Update
ivmh,No Repair,36,36,MarkTs,177.721333,,34.0,,,HistoryScan,0,IVMH,4,BuildSnap
ivmh,No Repair,36,36,HistoryScan,62.30475,,34.0,,,,0,IVMH,4,HistoryScan
ivmh,No Repair,37,37,RecentScan,59.590333,,37.0,,,,0,IVMH,4,RecentScan
ivmh,No Repair,38,38,RecentScan,60.585167,,38.0,,,,0,IVMH,4,RecentScan
ivmh,No Repair,39,39,RecentScan,60.439917,,39.0,,,,0,IVMH,4,RecentScan
ivmh,No Repair,40,40,RecentScan,61.549209,,40.0,,,,0,IVMH,4,RecentScan
ivmh,No Repair,41,41,MarkTs,0.0,,41.0,,,,0,IVMH,4,
ivmh,No Repair,42,42,Update,0.208916,21.0,,,,,0,IVMH,4,Update
ivmh,No Repair,43,43,RecentScan,58.780875,,43.0,,,,0,IVMH,4,RecentScan
ivmh,No Repair,44,44,RecentScan,64.680917,,44.0,,,,0,IVMH,4,RecentScan
ivmh,No Repair,45,45,RecentScan,60.971125,,45.0,,,,0,IVMH,4,RecentScan
ivmh,No Repair,46,46,RecentScan,61.60625,,46.0,,,,0,IVMH,4,RecentScan
ivmh,No Repair,47,47,RecentScan,62.88125,,47.0,,,,0,IVMH,4,RecentScan
ivmh,No Repair,48,48,MarkTs,0.0,,48.0,,,,0,IVMH,4,
ivmh,No Repair,49,49,Update,0.213083,21.0,,,,,0,IVMH,4,Update
ivmh,No Repair,50,50,MarkTs,169.821125,,48.0,,,HistoryScan,0,IVMH,4,BuildSnap
ivmh,No Repair,50,50,HistoryScan,61.594583,,48.0,,,,0,IVMH,4,HistoryScan
ivmh,No Repair,51,51,RecentScan,61.6935,,51.0,,,,0,IVMH,4,RecentScan
ivmh,No Repair,52,52,RecentScan,60.388833,,52.0,,,,0,IVMH,4,RecentScan
ivmh,No Repair,53,53,RecentScan,78.086042,,53.0,,,,0,IVMH,4,RecentScan
ivmh,No Repair,54,54,RecentScan,68.538209,,54.0,,,,0,IVMH,4,RecentScan
ivmh,No Repair,55,55,MarkTs,0.001416,,55.0,,,,0,IVMH,4,
ivmh,No Repair,56,56,Update,0.198833,21.0,,,,,0,IVMH,4,Update
ivmh,No Repair,57,57,RecentScan,68.819792,,57.0,,,,0,IVMH,4,RecentScan
ivmh,No Repair,58,58,RecentScan,64.476833,,58.0,,,,0,IVMH,4,RecentScan
ivmh,No Repair,59,59,RecentScan,65.556375,,59.0,,,,0,IVMH,4,RecentScan
ivmh,No Repair,60,60,RecentScan,62.672792,,60.0,,,,0,IVMH,4,RecentScan
ivmh,No Repair,61,61,RecentScan,61.632,,61.0,,,,0,IVMH,4,RecentScan
ivmh,No Repair,62,62,MarkTs,0.0,,62.0,,,,0,IVMH,4,
ivmh,No Repair,63,63,Update,0.248,21.0,,,,,0,IVMH,4,Update
ivmh,No Repair,64,64,RecentScan,110.768958,,64.0,,,,0,IVMH,4,RecentScan
ivmh,No Repair,65,65,RecentScan,199.009542,,65.0,,,,0,IVMH,4,RecentScan
ivmh,No Repair,66,66,RecentScan,73.333292,,66.0,,,,0,IVMH,4,RecentScan
ivmh,No Repair,67,67,RecentScan,61.1255,,67.0,,,,0,IVMH,4,RecentScan
ivmh,No Repair,68,68,RecentScan,65.322708,,68.0,,,,0,IVMH,4,RecentScan
ivmh,No Repair,69,69,MarkTs,0.0,,69.0,,,,0,IVMH,4,
ivmh,No Repair,70,70,Update,0.22,21.0,,,,,0,IVMH,4,Update
ivmh,No Repair,0,0,InitLoad,55.104667,210000.0,,,,,1,IVMH,4,InitLoad
ivmh,No Repair,1,1,RecentScan,71.08025,,1.0,,,,1,IVMH,4,RecentScan
ivmh,No Repair,2,2,RecentScan,65.907666,,2.0,,,,1,IVMH,4,RecentScan
ivmh,No Repair,3,3,RecentScan,61.32775,,3.0,,,,1,IVMH,4,RecentScan
ivmh,No Repair,4,4,RecentScan,60.893667,,4.0,,,,1,IVMH,4,RecentScan
ivmh,No Repair,5,5,RecentScan,61.865583,,5.0,,,,1,IVMH,4,RecentScan
ivmh,No Repair,6,6,MarkTs,0.0,,6.0,,,,1,IVMH,4,
ivmh,No Repair,7,7,Update,0.166166,21.0,,,,,1,IVMH,4,Update
ivmh,No Repair,8,8,MarkTs,170.717583,,6.0,,,HistoryScan,1,IVMH,4,BuildSnap
ivmh,No Repair,8,8,HistoryScan,65.073167,,6.0,,,,1,IVMH,4,HistoryScan
ivmh,No Repair,9,9,RecentScan,61.476333,,9.0,,,,1,IVMH,4,RecentScan
ivmh,No Repair,10,10,RecentScan,63.196042,,10.0,,,,1,IVMH,4,RecentScan
ivmh,No Repair,11,11,RecentScan,61.863208,,11.0,,,,1,IVMH,4,RecentScan
ivmh,No Repair,12,12,RecentScan,62.301125,,12.0,,,,1,IVMH,4,RecentScan
ivmh,No Repair,13,13,MarkTs,0.0,,13.0,,,,1,IVMH,4,
ivmh,No Repair,14,14,Update,0.244083,21.0,,,,,1,IVMH,4,Update
ivmh,No Repair,15,15,RecentScan,61.741291,,15.0,,,,1,IVMH,4,RecentScan
ivmh,No Repair,16,16,RecentScan,63.111333,,16.0,,,,1,IVMH,4,RecentScan
ivmh,No Repair,17,17,RecentScan,63.882416,,17.0,,,,1,IVMH,4,RecentScan
ivmh,No Repair,18,18,RecentScan,63.20925,,18.0,,,,1,IVMH,4,RecentScan
ivmh,No Repair,19,19,RecentScan,62.295167,,19.0,,,,1,IVMH,4,RecentScan
ivmh,No Repair,20,20,MarkTs,0.001333,,20.0,,,,1,IVMH,4,
ivmh,No Repair,21,21,Update,0.129375,21.0,,,,,1,IVMH,4,Update
ivmh,No Repair,22,22,MarkTs,180.013917,,20.0,,,HistoryScan,1,IVMH,4,BuildSnap
ivmh,No Repair,22,22,HistoryScan,65.440792,,20.0,,,,1,IVMH,4,HistoryScan
ivmh,No Repair,23,23,RecentScan,62.923209,,23.0,,,,1,IVMH,4,RecentScan
ivmh,No Repair,24,24,RecentScan,62.748125,,24.0,,,,1,IVMH,4,RecentScan
ivmh,No Repair,25,25,RecentScan,63.72025,,25.0,,,,1,IVMH,4,RecentScan
ivmh,No Repair,26,26,RecentScan,64.1155,,26.0,,,,1,IVMH,4,RecentScan
ivmh,No Repair,27,27,MarkTs,0.002625,,27.0,,,,1,IVMH,4,
ivmh,No Repair,28,28,Update,0.296417,21.0,,,,,1,IVMH,4,Update
ivmh,No Repair,29,29,RecentScan,63.896625,,29.0,,,,1,IVMH,4,RecentScan
ivmh,No Repair,30,30,RecentScan,63.356125,,30.0,,,,1,IVMH,4,RecentScan
ivmh,No Repair,31,31,RecentScan,61.019958,,31.0,,,,1,IVMH,4,RecentScan
ivmh,No Repair,32,32,RecentScan,61.797625,,32.0,,,,1,IVMH,4,RecentScan
ivmh,No Repair,33,33,RecentScan,61.447875,,33.0,,,,1,IVMH,4,RecentScan
ivmh,No Repair,34,34,MarkTs,0.0,,34.0,,,,1,IVMH,4,
ivmh,No Repair,35,35,Update,0.29579099999999997,21.0,,,,,1,IVMH,4,Update
ivmh,No Repair,36,36,MarkTs,182.141292,,34.0,,,HistoryScan,1,IVMH,4,BuildSnap
ivmh,No Repair,36,36,HistoryScan,87.822292,,34.0,,,,1,IVMH,4,HistoryScan
ivmh,No Repair,37,37,RecentScan,62.605708,,37.0,,,,1,IVMH,4,RecentScan
ivmh,No Repair,38,38,RecentScan,60.590334,,38.0,,,,1,IVMH,4,RecentScan
ivmh,No Repair,39,39,RecentScan,60.593292,,39.0,,,,1,IVMH,4,RecentScan
ivmh,No Repair,40,40,RecentScan,59.806458,,40.0,,,,1,IVMH,4,RecentScan
ivmh,No Repair,41,41,MarkTs,0.0,,41.0,,,,1,IVMH,4,
ivmh,No Repair,42,42,Update,0.170709,21.0,,,,,1,IVMH,4,Update
ivmh,No Repair,43,43,RecentScan,60.947209,,43.0,,,,1,IVMH,4,RecentScan
ivmh,No Repair,44,44,RecentScan,62.557917,,44.0,,,,1,IVMH,4,RecentScan
ivmh,No Repair,45,45,RecentScan,61.822,,45.0,,,,1,IVMH,4,RecentScan
ivmh,No Repair,46,46,RecentScan,63.436083,,46.0,,,,1,IVMH,4,RecentScan
ivmh,No Repair,47,47,RecentScan,61.381875,,47.0,,,,1,IVMH,4,RecentScan
ivmh,No Repair,48,48,MarkTs,0.0,,48.0,,,,1,IVMH,4,
ivmh,No Repair,49,49,Update,0.204375,21.0,,,,,1,IVMH,4,Update
ivmh,No Repair,50,50,MarkTs,196.597125,,48.0,,,HistoryScan,1,IVMH,4,BuildSnap
ivmh,No Repair,50,50,HistoryScan,67.742084,,48.0,,,,1,IVMH,4,HistoryScan
ivmh,No Repair,51,51,RecentScan,61.745541,,51.0,,,,1,IVMH,4,RecentScan
ivmh,No Repair,52,52,RecentScan,61.596333,,52.0,,,,1,IVMH,4,RecentScan
ivmh,No Repair,53,53,RecentScan,66.767834,,53.0,,,,1,IVMH,4,RecentScan
ivmh,No Repair,54,54,RecentScan,61.762333,,54.0,,,,1,IVMH,4,RecentScan
ivmh,No Repair,55,55,MarkTs,0.0021669999999999997,,55.0,,,,1,IVMH,4,
ivmh,No Repair,56,56,Update,0.199958,21.0,,,,,1,IVMH,4,Update
ivmh,No Repair,57,57,RecentScan,60.65725,,57.0,,,,1,IVMH,4,RecentScan
ivmh,No Repair,58,58,RecentScan,60.059666,,58.0,,,,1,IVMH,4,RecentScan
ivmh,No Repair,59,59,RecentScan,61.973625,,59.0,,,,1,IVMH,4,RecentScan
ivmh,No Repair,60,60,RecentScan,60.059958,,60.0,,,,1,IVMH,4,RecentScan
ivmh,No Repair,61,61,RecentScan,62.338709,,61.0,,,,1,IVMH,4,RecentScan
ivmh,No Repair,62,62,MarkTs,0.0,,62.0,,,,1,IVMH,4,
ivmh,No Repair,63,63,Update,0.265583,21.0,,,,,1,IVMH,4,Update
ivmh,No Repair,64,64,RecentScan,63.403875,,64.0,,,,1,IVMH,4,RecentScan
ivmh,No Repair,65,65,RecentScan,63.536833,,65.0,,,,1,IVMH,4,RecentScan
ivmh,No Repair,66,66,RecentScan,62.403666,,66.0,,,,1,IVMH,4,RecentScan
ivmh,No Repair,67,67,RecentScan,62.355625,,67.0,,,,1,IVMH,4,RecentScan
ivmh,No Repair,68,68,RecentScan,62.30775,,68.0,,,,1,IVMH,4,RecentScan
ivmh,No Repair,69,69,MarkTs,0.0,,69.0,,,,1,IVMH,4,
ivmh,No Repair,70,70,Update,0.192583,21.0,,,,,1,IVMH,4,Update
ivmh,No Repair,0,0,InitLoad,57.668375,210000.0,,,,,2,IVMH,4,InitLoad
ivmh,No Repair,1,1,RecentScan,67.151541,,1.0,,,,2,IVMH,4,RecentScan
ivmh,No Repair,2,2,RecentScan,63.509958,,2.0,,,,2,IVMH,4,RecentScan
ivmh,No Repair,3,3,RecentScan,63.493,,3.0,,,,2,IVMH,4,RecentScan
ivmh,No Repair,4,4,RecentScan,62.897375,,4.0,,,,2,IVMH,4,RecentScan
ivmh,No Repair,5,5,RecentScan,62.760375,,5.0,,,,2,IVMH,4,RecentScan
ivmh,No Repair,6,6,MarkTs,0.001,,6.0,,,,2,IVMH,4,
ivmh,No Repair,7,7,Update,0.2105,21.0,,,,,2,IVMH,4,Update
ivmh,No Repair,8,8,MarkTs,180.958333,,6.0,,,HistoryScan,2,IVMH,4,BuildSnap
ivmh,No Repair,8,8,HistoryScan,68.222166,,6.0,,,,2,IVMH,4,HistoryScan
ivmh,No Repair,9,9,RecentScan,61.70225,,9.0,,,,2,IVMH,4,RecentScan
ivmh,No Repair,10,10,RecentScan,62.937042,,10.0,,,,2,IVMH,4,RecentScan
ivmh,No Repair,11,11,RecentScan,59.758542,,11.0,,,,2,IVMH,4,RecentScan
ivmh,No Repair,12,12,RecentScan,60.046458,,12.0,,,,2,IVMH,4,RecentScan
ivmh,No Repair,13,13,MarkTs,0.0,,13.0,,,,2,IVMH,4,
ivmh,No Repair,14,14,Update,0.258458,21.0,,,,,2,IVMH,4,Update
ivmh,No Repair,15,15,RecentScan,59.4275,,15.0,,,,2,IVMH,4,RecentScan
ivmh,No Repair,16,16,RecentScan,60.290542,,16.0,,,,2,IVMH,4,RecentScan
ivmh,No Repair,17,17,RecentScan,60.468084,,17.0,,,,2,IVMH,4,RecentScan
ivmh,No Repair,18,18,RecentScan,60.551666,,18.0,,,,2,IVMH,4,RecentScan
ivmh,No Repair,19,19,RecentScan,60.10475,,19.0,,,,2,IVMH,4,RecentScan
ivmh,No Repair,20,20,MarkTs,0.0,,20.0,,,,2,IVMH,4,
ivmh,No Repair,21,21,Update,0.129,21.0,,,,,2,IVMH,4,Update
ivmh,No Repair,22,22,MarkTs,188.214666,,20.0,,,HistoryScan,2,IVMH,4,BuildSnap
ivmh,No Repair,22,22,HistoryScan,64.370292,,20.0,,,,2,IVMH,4,HistoryScan
ivmh,No Repair,23,23,RecentScan,62.176333,,23.0,,,,2,IVMH,4,RecentScan
ivmh,No Repair,24,24,RecentScan,60.903958,,24.0,,,,2,IVMH,4,RecentScan
ivmh,No Repair,25,25,RecentScan,61.369625,,25.0,,,,2,IVMH,4,RecentScan
ivmh,No Repair,26,26,RecentScan,62.949084,,26.0,,,,2,IVMH,4,RecentScan
ivmh,No Repair,27,27,MarkTs,0.010458,,27.0,,,,2,IVMH,4,
ivmh,No Repair,28,28,Update,0.31420800000000004,21.0,,,,,2,IVMH,4,Update
ivmh,No Repair,29,29,RecentScan,64.726916,,29.0,,,,2,IVMH,4,RecentScan
ivmh,No Repair,30,30,RecentScan,62.865583,,30.0,,,,2,IVMH,4,RecentScan
ivmh,No Repair,31,31,RecentScan,62.882125,,31.0,,,,2,IVMH,4,RecentScan
ivmh,No Repair,32,32,RecentScan,61.854584,,32.0,,,,2,IVMH,4,RecentScan
ivmh,No Repair,33,33,RecentScan,61.7555,,33.0,,,,2,IVMH,4,RecentScan
ivmh,No Repair,34,34,MarkTs,0.0,,34.0,,,,2,IVMH,4,
ivmh,No Repair,35,35,Update,0.305334,21.0,,,,,2,IVMH,4,Update
ivmh,No Repair,36,36,MarkTs,207.697084,,34.0,,,HistoryScan,2,IVMH,4,BuildSnap
ivmh,No Repair,36,36,HistoryScan,66.492833,,34.0,,,,2,IVMH,4,HistoryScan
ivmh,No Repair,37,37,RecentScan,62.4875,,37.0,,,,2,IVMH,4,RecentScan
ivmh,No Repair,38,38,RecentScan,60.093084,,38.0,,,,2,IVMH,4,RecentScan
ivmh,No Repair,39,39,RecentScan,59.837291,,39.0,,,,2,IVMH,4,RecentScan
ivmh,No Repair,40,40,RecentScan,59.845167,,40.0,,,,2,IVMH,4,RecentScan
ivmh,No Repair,41,41,MarkTs,0.0,,41.0,,,,2,IVMH,4,
ivmh,No Repair,42,42,Update,0.188,21.0,,,,,2,IVMH,4,Update
ivmh,No Repair,43,43,RecentScan,59.446458,,43.0,,,,2,IVMH,4,RecentScan
ivmh,No Repair,44,44,RecentScan,60.08125,,44.0,,,,2,IVMH,4,RecentScan
ivmh,No Repair,45,45,RecentScan,60.759417,,45.0,,,,2,IVMH,4,RecentScan
ivmh,No Repair,46,46,RecentScan,64.488125,,46.0,,,,2,IVMH,4,RecentScan
ivmh,No Repair,47,47,RecentScan,63.536291,,47.0,,,,2,IVMH,4,RecentScan
ivmh,No Repair,48,48,MarkTs,0.0,,48.0,,,,2,IVMH,4,
ivmh,No Repair,49,49,Update,0.226,21.0,,,,,2,IVMH,4,Update
ivmh,No Repair,50,50,MarkTs,216.52,,48.0,,,HistoryScan,2,IVMH,4,BuildSnap
ivmh,No Repair,50,50,HistoryScan,69.763084,,48.0,,,,2,IVMH,4,HistoryScan
ivmh,No Repair,51,51,RecentScan,71.766833,,51.0,,,,2,IVMH,4,RecentScan
ivmh,No Repair,52,52,RecentScan,62.546959,,52.0,,,,2,IVMH,4,RecentScan
ivmh,No Repair,53,53,RecentScan,62.359917,,53.0,,,,2,IVMH,4,RecentScan
ivmh,No Repair,54,54,RecentScan,63.068,,54.0,,,,2,IVMH,4,RecentScan
ivmh,No Repair,55,55,MarkTs,0.0015409999999999998,,55.0,,,,2,IVMH,4,
ivmh,No Repair,56,56,Update,0.205667,21.0,,,,,2,IVMH,4,Update
ivmh,No Repair,57,57,RecentScan,63.88375,,57.0,,,,2,IVMH,4,RecentScan
ivmh,No Repair,58,58,RecentScan,62.194791,,58.0,,,,2,IVMH,4,RecentScan
ivmh,No Repair,59,59,RecentScan,63.032833,,59.0,,,,2,IVMH,4,RecentScan
ivmh,No Repair,60,60,RecentScan,62.373167,,60.0,,,,2,IVMH,4,RecentScan
ivmh,No Repair,61,61,RecentScan,65.532834,,61.0,,,,2,IVMH,4,RecentScan
ivmh,No Repair,62,62,MarkTs,0.0,,62.0,,,,2,IVMH,4,
ivmh,No Repair,63,63,Update,0.278292,21.0,,,,,2,IVMH,4,Update
ivmh,No Repair,64,64,RecentScan,66.104708,,64.0,,,,2,IVMH,4,RecentScan
ivmh,No Repair,65,65,RecentScan,65.999291,,65.0,,,,2,IVMH,4,RecentScan
ivmh,No Repair,66,66,RecentScan,64.757541,,66.0,,,,2,IVMH,4,RecentScan
ivmh,No Repair,67,67,RecentScan,65.689584,,67.0,,,,2,IVMH,4,RecentScan
ivmh,No Repair,68,68,RecentScan,65.552583,,68.0,,,,2,IVMH,4,RecentScan
ivmh,No Repair,69,69,MarkTs,0.0,,69.0,,,,2,IVMH,4,
ivmh,No Repair,70,70,Update,0.204125,21.0,,,,,2,IVMH,4,Update
ivmh,No Repair,0,0,InitLoad,49.995875,210000.0,,,,,3,IVMH,4,InitLoad
ivmh,No Repair,1,1,RecentScan,62.087084,,1.0,,,,3,IVMH,4,RecentScan
ivmh,No Repair,2,2,RecentScan,55.818,,2.0,,,,3,IVMH,4,RecentScan
ivmh,No Repair,3,3,RecentScan,54.731875,,3.0,,,,3,IVMH,4,RecentScan
ivmh,No Repair,4,4,RecentScan,55.698333,,4.0,,,,3,IVMH,4,RecentScan
ivmh,No Repair,5,5,RecentScan,55.562791,,5.0,,,,3,IVMH,4,RecentScan
ivmh,No Repair,6,6,MarkTs,0.0,,6.0,,,,3,IVMH,4,
ivmh,No Repair,7,7,Update,0.16925,21.0,,,,,3,IVMH,4,Update
ivmh,No Repair,8,8,MarkTs,164.5525,,6.0,,,HistoryScan,3,IVMH,4,BuildSnap
ivmh,No Repair,8,8,HistoryScan,58.587042,,6.0,,,,3,IVMH,4,HistoryScan
ivmh,No Repair,9,9,RecentScan,55.884083,,9.0,,,,3,IVMH,4,RecentScan
ivmh,No Repair,10,10,RecentScan,56.980583,,10.0,,,,3,IVMH,4,RecentScan
ivmh,No Repair,11,11,RecentScan,57.511959,,11.0,,,,3,IVMH,4,RecentScan
ivmh,No Repair,12,12,RecentScan,57.722958,,12.0,,,,3,IVMH,4,RecentScan
ivmh,No Repair,13,13,MarkTs,0.0,,13.0,,,,3,IVMH,4,
ivmh,No Repair,14,14,Update,0.219875,21.0,,,,,3,IVMH,4,Update
ivmh,No Repair,15,15,RecentScan,56.914167,,15.0,,,,3,IVMH,4,RecentScan
ivmh,No Repair,16,16,RecentScan,57.13,,16.0,,,,3,IVMH,4,RecentScan
ivmh,No Repair,17,17,RecentScan,58.285958,,17.0,,,,3,IVMH,4,RecentScan
ivmh,No Repair,18,18,RecentScan,56.461583,,18.0,,,,3,IVMH,4,RecentScan
ivmh,No Repair,19,19,RecentScan,58.057,,19.0,,,,3,IVMH,4,RecentScan
ivmh,No Repair,20,20,MarkTs,0.0,,20.0,,,,3,IVMH,4,
ivmh,No Repair,21,21,Update,0.109041,21.0,,,,,3,IVMH,4,Update
ivmh,No Repair,22,22,MarkTs,160.101667,,20.0,,,HistoryScan,3,IVMH,4,BuildSnap
ivmh,No Repair,22,22,HistoryScan,59.028459,,20.0,,,,3,IVMH,4,HistoryScan
ivmh,No Repair,23,23,RecentScan,56.744167,,23.0,,,,3,IVMH,4,RecentScan
ivmh,No Repair,24,24,RecentScan,57.233041,,24.0,,,,3,IVMH,4,RecentScan
ivmh,No Repair,25,25,RecentScan,58.291083,,25.0,,,,3,IVMH,4,RecentScan
ivmh,No Repair,26,26,RecentScan,56.43925,,26.0,,,,3,IVMH,4,RecentScan
ivmh,No Repair,27,27,MarkTs,0.0012079999999999999,,27.0,,,,3,IVMH,4,
ivmh,No Repair,28,28,Update,0.259083,21.0,,,,,3,IVMH,4,Update
ivmh,No Repair,29,29,RecentScan,56.947833,,29.0,,,,3,IVMH,4,RecentScan
ivmh,No Repair,30,30,RecentScan,57.48175,,30.0,,,,3,IVMH,4,RecentScan
ivmh,No Repair,31,31,RecentScan,57.426,,31.0,,,,3,IVMH,4,RecentScan
ivmh,No Repair,32,32,RecentScan,58.939167,,32.0,,,,3,IVMH,4,RecentScan
ivmh,No Repair,33,33,RecentScan,57.36025,,33.0,,,,3,IVMH,4,RecentScan
ivmh,No Repair,34,34,MarkTs,0.0,,34.0,,,,3,IVMH,4,
ivmh,No Repair,35,35,Update,0.260875,21.0,,,,,3,IVMH,4,Update
ivmh,No Repair,36,36,MarkTs,187.087791,,34.0,,,HistoryScan,3,IVMH,4,BuildSnap
ivmh,No Repair,36,36,HistoryScan,68.804084,,34.0,,,,3,IVMH,4,HistoryScan
ivmh,No Repair,37,37,RecentScan,58.171125,,37.0,,,,3,IVMH,4,RecentScan
ivmh,No Repair,38,38,RecentScan,59.603666,,38.0,,,,3,IVMH,4,RecentScan
ivmh,No Repair,39,39,RecentScan,61.949542,,39.0,,,,3,IVMH,4,RecentScan
ivmh,No Repair,40,40,RecentScan,60.433334,,40.0,,,,3,IVMH,4,RecentScan
ivmh,No Repair,41,41,MarkTs,0.0,,41.0,,,,3,IVMH,4,
ivmh,No Repair,42,42,Update,0.177333,21.0,,,,,3,IVMH,4,Update
ivmh,No Repair,43,43,RecentScan,59.161625,,43.0,,,,3,IVMH,4,RecentScan
ivmh,No Repair,44,44,RecentScan,68.227125,,44.0,,,,3,IVMH,4,RecentScan
ivmh,No Repair,45,45,RecentScan,55.933875,,45.0,,,,3,IVMH,4,RecentScan
ivmh,No Repair,46,46,RecentScan,59.654916,,46.0,,,,3,IVMH,4,RecentScan
ivmh,No Repair,47,47,RecentScan,60.756792,,47.0,,,,3,IVMH,4,RecentScan
ivmh,No Repair,48,48,MarkTs,0.0,,48.0,,,,3,IVMH,4,
ivmh,No Repair,49,49,Update,0.196833,21.0,,,,,3,IVMH,4,Update
ivmh,No Repair,50,50,MarkTs,219.872792,,48.0,,,HistoryScan,3,IVMH,4,BuildSnap
ivmh,No Repair,50,50,HistoryScan,60.050667,,48.0,,,,3,IVMH,4,HistoryScan
ivmh,No Repair,51,51,RecentScan,64.165209,,51.0,,,,3,IVMH,4,RecentScan
ivmh,No Repair,52,52,RecentScan,58.958916,,52.0,,,,3,IVMH,4,RecentScan
ivmh,No Repair,53,53,RecentScan,68.883625,,53.0,,,,3,IVMH,4,RecentScan
ivmh,No Repair,54,54,RecentScan,57.70075,,54.0,,,,3,IVMH,4,RecentScan
ivmh,No Repair,55,55,MarkTs,0.0027919999999999998,,55.0,,,,3,IVMH,4,
ivmh,No Repair,56,56,Update,0.192084,21.0,,,,,3,IVMH,4,Update
ivmh,No Repair,57,57,RecentScan,64.757333,,57.0,,,,3,IVMH,4,RecentScan
ivmh,No Repair,58,58,RecentScan,66.366709,,58.0,,,,3,IVMH,4,RecentScan
ivmh,No Repair,59,59,RecentScan,65.707125,,59.0,,,,3,IVMH,4,RecentScan
ivmh,No Repair,60,60,RecentScan,64.190333,,60.0,,,,3,IVMH,4,RecentScan
ivmh,No Repair,61,61,RecentScan,62.364292,,61.0,,,,3,IVMH,4,RecentScan
ivmh,No Repair,62,62,MarkTs,0.0,,62.0,,,,3,IVMH,4,
ivmh,No Repair,63,63,Update,0.27883300000000005,21.0,,,,,3,IVMH,4,Update
ivmh,No Repair,64,64,RecentScan,61.793792,,64.0,,,,3,IVMH,4,RecentScan
ivmh,No Repair,65,65,RecentScan,64.677542,,65.0,,,,3,IVMH,4,RecentScan
ivmh,No Repair,66,66,RecentScan,73.4455,,66.0,,,,3,IVMH,4,RecentScan
ivmh,No Repair,67,67,RecentScan,63.970334,,67.0,,,,3,IVMH,4,RecentScan
ivmh,No Repair,68,68,RecentScan,65.260875,,68.0,,,,3,IVMH,4,RecentScan
ivmh,No Repair,69,69,MarkTs,0.0,,69.0,,,,3,IVMH,4,
ivmh,No Repair,70,70,Update,0.208583,21.0,,,,,3,IVMH,4,Update
ivmh,No Repair,0,0,InitLoad,49.366375,210000.0,,,,,4,IVMH,4,InitLoad
ivmh,No Repair,1,1,RecentScan,64.686292,,1.0,,,,4,IVMH,4,RecentScan
ivmh,No Repair,2,2,RecentScan,60.868375,,2.0,,,,4,IVMH,4,RecentScan
ivmh,No Repair,3,3,RecentScan,57.45025,,3.0,,,,4,IVMH,4,RecentScan
ivmh,No Repair,4,4,RecentScan,58.108958,,4.0,,,,4,IVMH,4,RecentScan
ivmh,No Repair,5,5,RecentScan,57.7935,,5.0,,,,4,IVMH,4,RecentScan
ivmh,No Repair,6,6,MarkTs,0.001125,,6.0,,,,4,IVMH,4,
ivmh,No Repair,7,7,Update,0.174416,21.0,,,,,4,IVMH,4,Update
ivmh,No Repair,8,8,MarkTs,169.082209,,6.0,,,HistoryScan,4,IVMH,4,BuildSnap
ivmh,No Repair,8,8,HistoryScan,58.635667,,6.0,,,,4,IVMH,4,HistoryScan
ivmh,No Repair,9,9,RecentScan,56.738584,,9.0,,,,4,IVMH,4,RecentScan
ivmh,No Repair,10,10,RecentScan,56.95975,,10.0,,,,4,IVMH,4,RecentScan
ivmh,No Repair,11,11,RecentScan,57.53375,,11.0,,,,4,IVMH,4,RecentScan
ivmh,No Repair,12,12,RecentScan,56.705041,,12.0,,,,4,IVMH,4,RecentScan
ivmh,No Repair,13,13,MarkTs,0.0,,13.0,,,,4,IVMH,4,
ivmh,No Repair,14,14,Update,0.194,21.0,,,,,4,IVMH,4,Update
ivmh,No Repair,15,15,RecentScan,56.061542,,15.0,,,,4,IVMH,4,RecentScan
ivmh,No Repair,16,16,RecentScan,55.733833,,16.0,,,,4,IVMH,4,RecentScan
ivmh,No Repair,17,17,RecentScan,56.022792,,17.0,,,,4,IVMH,4,RecentScan
ivmh,No Repair,18,18,RecentScan,56.918292,,18.0,,,,4,IVMH,4,RecentScan
ivmh,No Repair,19,19,RecentScan,56.983875,,19.0,,,,4,IVMH,4,RecentScan
ivmh,No Repair,20,20,MarkTs,0.0,,20.0,,,,4,IVMH,4,
ivmh,No Repair,21,21,Update,0.104625,21.0,,,,,4,IVMH,4,Update
ivmh,No Repair,22,22,MarkTs,171.908458,,20.0,,,HistoryScan,4,IVMH,4,BuildSnap
ivmh,No Repair,22,22,HistoryScan,57.37325,,20.0,,,,4,IVMH,4,HistoryScan
ivmh,No Repair,23,23,RecentScan,55.915125,,23.0,,,,4,IVMH,4,RecentScan
ivmh,No Repair,24,24,RecentScan,56.281375,,24.0,,,,4,IVMH,4,RecentScan
ivmh,No Repair,25,25,RecentScan,55.693917,,25.0,,,,4,IVMH,4,RecentScan
ivmh,No Repair,26,26,RecentScan,56.648375,,26.0,,,,4,IVMH,4,RecentScan
ivmh,No Repair,27,27,MarkTs,0.0012079999999999999,,27.0,,,,4,IVMH,4,
ivmh,No Repair,28,28,Update,0.254541,21.0,,,,,4,IVMH,4,Update
ivmh,No Repair,29,29,RecentScan,56.461542,,29.0,,,,4,IVMH,4,RecentScan
ivmh,No Repair,30,30,RecentScan,57.013708,,30.0,,,,4,IVMH,4,RecentScan
ivmh,No Repair,31,31,RecentScan,55.851208,,31.0,,,,4,IVMH,4,RecentScan
ivmh,No Repair,32,32,RecentScan,56.231542,,32.0,,,,4,IVMH,4,RecentScan
ivmh,No Repair,33,33,RecentScan,55.814291,,33.0,,,,4,IVMH,4,RecentScan
ivmh,No Repair,34,34,MarkTs,0.0,,34.0,,,,4,IVMH,4,
ivmh,No Repair,35,35,Update,0.22275,21.0,,,,,4,IVMH,4,Update
ivmh,No Repair,36,36,MarkTs,161.200208,,34.0,,,HistoryScan,4,IVMH,4,BuildSnap
ivmh,No Repair,36,36,HistoryScan,58.538334,,34.0,,,,4,IVMH,4,HistoryScan
ivmh,No Repair,37,37,RecentScan,56.802125,,37.0,,,,4,IVMH,4,RecentScan
ivmh,No Repair,38,38,RecentScan,56.69175,,38.0,,,,4,IVMH,4,RecentScan
ivmh,No Repair,39,39,RecentScan,57.644833,,39.0,,,,4,IVMH,4,RecentScan
ivmh,No Repair,40,40,RecentScan,59.029292,,40.0,,,,4,IVMH,4,RecentScan
ivmh,No Repair,41,41,MarkTs,0.0,,41.0,,,,4,IVMH,4,
ivmh,No Repair,42,42,Update,0.187833,21.0,,,,,4,IVMH,4,Update
ivmh,No Repair,43,43,RecentScan,58.306792,,43.0,,,,4,IVMH,4,RecentScan
ivmh,No Repair,44,44,RecentScan,58.080208,,44.0,,,,4,IVMH,4,RecentScan
ivmh,No Repair,45,45,RecentScan,59.349208,,45.0,,,,4,IVMH,4,RecentScan
ivmh,No Repair,46,46,RecentScan,59.012166,,46.0,,,,4,IVMH,4,RecentScan
ivmh,No Repair,47,47,RecentScan,59.578666,,47.0,,,,4,IVMH,4,RecentScan
ivmh,No Repair,48,48,MarkTs,0.0,,48.0,,,,4,IVMH,4,
ivmh,No Repair,49,49,Update,0.209167,21.0,,,,,4,IVMH,4,Update
ivmh,No Repair,50,50,MarkTs,205.109958,,48.0,,,HistoryScan,4,IVMH,4,BuildSnap
ivmh,No Repair,50,50,HistoryScan,65.98875,,48.0,,,,4,IVMH,4,HistoryScan
ivmh,No Repair,51,51,RecentScan,59.61625,,51.0,,,,4,IVMH,4,RecentScan
ivmh,No Repair,52,52,RecentScan,61.415917,,52.0,,,,4,IVMH,4,RecentScan
ivmh,No Repair,53,53,RecentScan,73.485833,,53.0,,,,4,IVMH,4,RecentScan
ivmh,No Repair,54,54,RecentScan,108.251209,,54.0,,,,4,IVMH,4,RecentScan
ivmh,No Repair,55,55,MarkTs,0.00275,,55.0,,,,4,IVMH,4,
ivmh,No Repair,56,56,Update,0.229375,21.0,,,,,4,IVMH,4,Update
ivmh,No Repair,57,57,RecentScan,69.421042,,57.0,,,,4,IVMH,4,RecentScan
ivmh,No Repair,58,58,RecentScan,65.64875,,58.0,,,,4,IVMH,4,RecentScan
ivmh,No Repair,59,59,RecentScan,70.221459,,59.0,,,,4,IVMH,4,RecentScan
ivmh,No Repair,60,60,RecentScan,95.734667,,60.0,,,,4,IVMH,4,RecentScan
ivmh,No Repair,61,61,RecentScan,76.633416,,61.0,,,,4,IVMH,4,RecentScan
ivmh,No Repair,62,62,MarkTs,0.0,,62.0,,,,4,IVMH,4,
ivmh,No Repair,63,63,Update,0.2745,21.0,,,,,4,IVMH,4,Update
ivmh,No Repair,64,64,RecentScan,74.47975,,64.0,,,,4,IVMH,4,RecentScan
ivmh,No Repair,65,65,RecentScan,61.141583,,65.0,,,,4,IVMH,4,RecentScan
ivmh,No Repair,66,66,RecentScan,61.4495,,66.0,,,,4,IVMH,4,RecentScan
ivmh,No Repair,67,67,RecentScan,61.148459,,67.0,,,,4,IVMH,4,RecentScan
ivmh,No Repair,68,68,RecentScan,59.034375,,68.0,,,,4,IVMH,4,RecentScan
ivmh,No Repair,69,69,MarkTs,0.0,,69.0,,,,4,IVMH,4,
ivmh,No Repair,70,70,Update,0.156375,21.0,,,,,4,IVMH,4,Update
ivmh,No Repair,0,0,InitLoad,54.552667,210000.0,,,,,0,IVMH,5,InitLoad
ivmh,No Repair,1,1,RecentScan,72.840958,,1.0,,,,0,IVMH,5,RecentScan
ivmh,No Repair,2,2,RecentScan,66.869292,,2.0,,,,0,IVMH,5,RecentScan
ivmh,No Repair,3,3,RecentScan,61.503125,,3.0,,,,0,IVMH,5,RecentScan
ivmh,No Repair,4,4,RecentScan,62.539333,,4.0,,,,0,IVMH,5,RecentScan
ivmh,No Repair,5,5,RecentScan,64.093083,,5.0,,,,0,IVMH,5,RecentScan
ivmh,No Repair,6,6,MarkTs,0.0,,6.0,,,,0,IVMH,5,
ivmh,No Repair,7,7,Update,0.198167,21.0,,,,,0,IVMH,5,Update
ivmh,No Repair,8,8,MarkTs,182.995958,,6.0,,,HistoryScan,0,IVMH,5,BuildSnap
ivmh,No Repair,8,8,HistoryScan,71.577417,,6.0,,,,0,IVMH,5,HistoryScan
ivmh,No Repair,9,9,RecentScan,67.082333,,9.0,,,,0,IVMH,5,RecentScan
ivmh,No Repair,10,10,RecentScan,61.627625,,10.0,,,,0,IVMH,5,RecentScan
ivmh,No Repair,11,11,RecentScan,63.671166,,11.0,,,,0,IVMH,5,RecentScan
ivmh,No Repair,12,12,RecentScan,62.93825,,12.0,,,,0,IVMH,5,RecentScan
ivmh,No Repair,13,13,MarkTs,0.0,,13.0,,,,0,IVMH,5,
ivmh,No Repair,14,14,Update,0.262458,21.0,,,,,0,IVMH,5,Update
ivmh,No Repair,15,15,RecentScan,64.116083,,15.0,,,,0,IVMH,5,RecentScan
ivmh,No Repair,16,16,RecentScan,64.858334,,16.0,,,,0,IVMH,5,RecentScan
ivmh,No Repair,17,17,RecentScan,63.966667,,17.0,,,,0,IVMH,5,RecentScan
ivmh,No Repair,18,18,RecentScan,60.2685,,18.0,,,,0,IVMH,5,RecentScan
ivmh,No Repair,19,19,RecentScan,60.116833,,19.0,,,,0,IVMH,5,RecentScan
ivmh,No Repair,20,20,MarkTs,0.0,,20.0,,,,0,IVMH,5,
ivmh,No Repair,21,21,Update,0.143417,21.0,,,,,0,IVMH,5,Update
ivmh,No Repair,22,22,MarkTs,170.803833,,20.0,,,HistoryScan,0,IVMH,5,BuildSnap
ivmh,No Repair,22,22,HistoryScan,63.581333,,20.0,,,,0,IVMH,5,HistoryScan
ivmh,No Repair,23,23,RecentScan,62.135709,,23.0,,,,0,IVMH,5,RecentScan
ivmh,No Repair,24,24,RecentScan,60.263958,,24.0,,,,0,IVMH,5,RecentScan
ivmh,No Repair,25,25,RecentScan,59.103042,,25.0,,,,0,IVMH,5,RecentScan
ivmh,No Repair,26,26,RecentScan,59.600917,,26.0,,,,0,IVMH,5,RecentScan
ivmh,No Repair,27,27,MarkTs,0.001667,,27.0,,,,0,IVMH,5,
ivmh,No Repair,28,28,Update,0.29975,21.0,,,,,0,IVMH,5,Update
ivmh,No Repair,29,29,RecentScan,60.994666,,29.0,,,,0,IVMH,5,RecentScan
ivmh,No Repair,30,30,RecentScan,59.957666,,30.0,,,,0,IVMH,5,RecentScan
ivmh,No Repair,31,31,RecentScan,60.848709,,31.0,,,,0,IVMH,5,RecentScan
ivmh,No Repair,32,32,RecentScan,59.099875,,32.0,,,,0,IVMH,5,RecentScan
ivmh,No Repair,33,33,RecentScan,62.877208,,33.0,,,,0,IVMH,5,RecentScan
ivmh,No Repair,34,34,MarkTs,0.0,,34.0,,,,0,IVMH,5,
ivmh,No Repair,35,35,Update,0.30729199999999995,21.0,,,,,0,IVMH,5,Update
ivmh,No Repair,36,36,MarkTs,187.156417,,34.0,,,HistoryScan,0,IVMH,5,BuildSnap
ivmh,No Repair,36,36,HistoryScan,80.682125,,34.0,,,,0,IVMH,5,HistoryScan
ivmh,No Repair,37,37,RecentScan,61.766959,,37.0,,,,0,IVMH,5,RecentScan
ivmh,No Repair,38,38,RecentScan,60.820167,,38.0,,,,0,IVMH,5,RecentScan
ivmh,No Repair,39,39,RecentScan,67.333833,,39.0,,,,0,IVMH,5,RecentScan
ivmh,No Repair,40,40,RecentScan,65.632375,,40.0,,,,0,IVMH,5,RecentScan
ivmh,No Repair,41,41,MarkTs,0.0,,41.0,,,,0,IVMH,5,
ivmh,No Repair,42,42,Update,0.168875,21.0,,,,,0,IVMH,5,Update
ivmh,No Repair,43,43,RecentScan,59.885125,,43.0,,,,0,IVMH,5,RecentScan
ivmh,No Repair,44,44,RecentScan,59.213916,,44.0,,,,0,IVMH,5,RecentScan
ivmh,No Repair,45,45,RecentScan,60.780291,,45.0,,,,0,IVMH,5,RecentScan
ivmh,No Repair,46,46,RecentScan,59.355667,,46.0,,,,0,IVMH,5,RecentScan
ivmh,No Repair,47,47,RecentScan,60.408,,47.0,,,,0,IVMH,5,RecentScan
ivmh,No Repair,48,48,MarkTs,0.0,,48.0,,,,0,IVMH,5,
ivmh,No Repair,49,49,Update,0.216625,21.0,,,,,0,IVMH,5,Update
ivmh,No Repair,50,50,MarkTs,205.894334,,48.0,,,HistoryScan,0,IVMH,5,BuildSnap
ivmh,No Repair,50,50,HistoryScan,68.815167,,48.0,,,,0,IVMH,5,HistoryScan
ivmh,No Repair,51,51,RecentScan,77.204958,,51.0,,,,0,IVMH,5,RecentScan
ivmh,No Repair,52,52,RecentScan,63.188958,,52.0,,,,0,IVMH,5,RecentScan
ivmh,No Repair,53,53,RecentScan,63.9945,,53.0,,,,0,IVMH,5,RecentScan
ivmh,No Repair,54,54,RecentScan,61.943625,,54.0,,,,0,IVMH,5,RecentScan
ivmh,No Repair,55,55,MarkTs,0.001292,,55.0,,,,0,IVMH,5,
ivmh,No Repair,56,56,Update,0.215125,21.0,,,,,0,IVMH,5,Update
ivmh,No Repair,57,57,RecentScan,60.44475,,57.0,,,,0,IVMH,5,RecentScan
ivmh,No Repair,58,58,RecentScan,101.026,,58.0,,,,0,IVMH,5,RecentScan
ivmh,No Repair,59,59,RecentScan,147.503417,,59.0,,,,0,IVMH,5,RecentScan
ivmh,No Repair,60,60,RecentScan,157.155,,60.0,,,,0,IVMH,5,RecentScan
ivmh,No Repair,61,61,RecentScan,175.607208,,61.0,,,,0,IVMH,5,RecentScan
ivmh,No Repair,62,62,MarkTs,0.0,,62.0,,,,0,IVMH,5,
ivmh,No Repair,63,63,Update,0.354333,21.0,,,,,0,IVMH,5,Update
ivmh,No Repair,64,64,MarkTs,528.110583,,62.0,,,HistoryScan,0,IVMH,5,BuildSnap
ivmh,No Repair,64,64,HistoryScan,208.79625,,62.0,,,,0,IVMH,5,HistoryScan
ivmh,No Repair,65,65,RecentScan,120.376042,,65.0,,,,0,IVMH,5,RecentScan
ivmh,No Repair,66,66,RecentScan,119.176208,,66.0,,,,0,IVMH,5,RecentScan
ivmh,No Repair,67,67,RecentScan,129.813,,67.0,,,,0,IVMH,5,RecentScan
ivmh,No Repair,68,68,RecentScan,101.828959,,68.0,,,,0,IVMH,5,RecentScan
ivmh,No Repair,69,69,MarkTs,0.0,,69.0,,,,0,IVMH,5,
ivmh,No Repair,70,70,Update,0.299375,21.0,,,,,0,IVMH,5,Update
ivmh,No Repair,0,0,InitLoad,202.761625,210000.0,,,,,1,IVMH,5,InitLoad
ivmh,No Repair,1,1,RecentScan,284.555167,,1.0,,,,1,IVMH,5,RecentScan
ivmh,No Repair,2,2,RecentScan,267.705875,,2.0,,,,1,IVMH,5,RecentScan
ivmh,No Repair,3,3,RecentScan,135.103458,,3.0,,,,1,IVMH,5,RecentScan
ivmh,No Repair,4,4,RecentScan,167.078792,,4.0,,,,1,IVMH,5,RecentScan
ivmh,No Repair,5,5,RecentScan,78.03025,,5.0,,,,1,IVMH,5,RecentScan
ivmh,No Repair,6,6,MarkTs,0.001042,,6.0,,,,1,IVMH,5,
ivmh,No Repair,7,7,Update,0.232958,21.0,,,,,1,IVMH,5,Update
ivmh,No Repair,8,8,MarkTs,285.321167,,6.0,,,HistoryScan,1,IVMH,5,BuildSnap
ivmh,No Repair,8,8,HistoryScan,90.009209,,6.0,,,,1,IVMH,5,HistoryScan
ivmh,No Repair,9,9,RecentScan,82.477417,,9.0,,,,1,IVMH,5,RecentScan
ivmh,No Repair,10,10,RecentScan,93.591333,,10.0,,,,1,IVMH,5,RecentScan
ivmh,No Repair,11,11,RecentScan,75.85625,,11.0,,,,1,IVMH,5,RecentScan
ivmh,No Repair,12,12,RecentScan,62.756,,12.0,,,,1,IVMH,5,RecentScan
ivmh,No Repair,13,13,MarkTs,0.0,,13.0,,,,1,IVMH,5,
ivmh,No Repair,14,14,Update,0.25979199999999997,21.0,,,,,1,IVMH,5,Update
ivmh,No Repair,15,15,RecentScan,65.955083,,15.0,,,,1,IVMH,5,RecentScan
ivmh,No Repair,16,16,RecentScan,70.184708,,16.0,,,,1,IVMH,5,RecentScan
ivmh,No Repair,17,17,RecentScan,67.584417,,17.0,,,,1,IVMH,5,RecentScan
ivmh,No Repair,18,18,RecentScan,67.751792,,18.0,,,,1,IVMH,5,RecentScan
ivmh,No Repair,19,19,RecentScan,65.616416,,19.0,,,,1,IVMH,5,RecentScan
ivmh,No Repair,20,20,MarkTs,0.0,,20.0,,,,1,IVMH,5,
ivmh,No Repair,21,21,Update,0.130792,21.0,,,,,1,IVMH,5,Update
ivmh,No Repair,22,22,MarkTs,190.582875,,20.0,,,HistoryScan,1,IVMH,5,BuildSnap
ivmh,No Repair,22,22,HistoryScan,63.908291,,20.0,,,,1,IVMH,5,HistoryScan
ivmh,No Repair,23,23,RecentScan,64.0715,,23.0,,,,1,IVMH,5,RecentScan
ivmh,No Repair,24,24,RecentScan,68.8205,,24.0,,,,1,IVMH,5,RecentScan
ivmh,No Repair,25,25,RecentScan,85.652834,,25.0,,,,1,IVMH,5,RecentScan
ivmh,No Repair,26,26,RecentScan,65.711458,,26.0,,,,1,IVMH,5,RecentScan
ivmh,No Repair,27,27,MarkTs,0.003,,27.0,,,,1,IVMH,5,
ivmh,No Repair,28,28,Update,0.28425,21.0,,,,,1,IVMH,5,Update
ivmh,No Repair,29,29,RecentScan,61.233667,,29.0,,,,1,IVMH,5,RecentScan
ivmh,No Repair,30,30,RecentScan,64.018542,,30.0,,,,1,IVMH,5,RecentScan
ivmh,No Repair,31,31,RecentScan,67.400792,,31.0,,,,1,IVMH,5,RecentScan
ivmh,No Repair,32,32,RecentScan,68.77725,,32.0,,,,1,IVMH,5,RecentScan
ivmh,No Repair,33,33,RecentScan,64.321709,,33.0,,,,1,IVMH,5,RecentScan
ivmh,No Repair,34,34,MarkTs,0.0,,34.0,,,,1,IVMH,5,
ivmh,No Repair,35,35,Update,0.270541,21.0,,,,,1,IVMH,5,Update
ivmh,No Repair,36,36,MarkTs,178.790167,,34.0,,,HistoryScan,1,IVMH,5,BuildSnap
ivmh,No Repair,36,36,HistoryScan,69.075459,,34.0,,,,1,IVMH,5,HistoryScan
ivmh,No Repair,37,37,RecentScan,70.313292,,37.0,,,,1,IVMH,5,RecentScan
ivmh,No Repair,38,38,RecentScan,71.644333,,38.0,,,,1,IVMH,5,RecentScan
ivmh,No Repair,39,39,RecentScan,67.765042,,39.0,,,,1,IVMH,5,RecentScan
ivmh,No Repair,40,40,RecentScan,64.120875,,40.0,,,,1,IVMH,5,RecentScan
ivmh,No Repair,41,41,MarkTs,0.0,,41.0,,,,1,IVMH,5,
ivmh,No Repair,42,42,Update,0.17725,21.0,,,,,1,IVMH,5,Update
ivmh,No Repair,43,43,RecentScan,66.695209,,43.0,,,,1,IVMH,5,RecentScan
ivmh,No Repair,44,44,RecentScan,65.953166,,44.0,,,,1,IVMH,5,RecentScan
ivmh,No Repair,45,45,RecentScan,68.195541,,45.0,,,,1,IVMH,5,RecentScan
ivmh,No Repair,46,46,RecentScan,68.534708,,46.0,,,,1,IVMH,5,RecentScan
ivmh,No Repair,47,47,RecentScan,66.9135,,47.0,,,,1,IVMH,5,RecentScan
ivmh,No Repair,48,48,MarkTs,0.0,,48.0,,,,1,IVMH,5,
ivmh,No Repair,49,49,Update,0.260083,21.0,,,,,1,IVMH,5,Update
ivmh,No Repair,50,50,MarkTs,204.122708,,48.0,,,HistoryScan,1,IVMH,5,BuildSnap
ivmh,No Repair,50,50,HistoryScan,65.93325,,48.0,,,,1,IVMH,5,HistoryScan
ivmh,No Repair,51,51,RecentScan,60.959458,,51.0,,,,1,IVMH,5,RecentScan
ivmh,No Repair,52,52,RecentScan,67.476959,,52.0,,,,1,IVMH,5,RecentScan
ivmh,No Repair,53,53,RecentScan,68.022916,,53.0,,,,1,IVMH,5,RecentScan
ivmh,No Repair,54,54,RecentScan,69.280084,,54.0,,,,1,IVMH,5,RecentScan
ivmh,No Repair,55,55,MarkTs,0.00175,,55.0,,,,1,IVMH,5,
ivmh,No Repair,56,56,Update,0.308125,21.0,,,,,1,IVMH,5,Update
ivmh,No Repair,57,57,RecentScan,69.363834,,57.0,,,,1,IVMH,5,RecentScan
ivmh,No Repair,58,58,RecentScan,64.613791,,58.0,,,,1,IVMH,5,RecentScan
ivmh,No Repair,59,59,RecentScan,68.366958,,59.0,,,,1,IVMH,5,RecentScan
ivmh,No Repair,60,60,RecentScan,65.359667,,60.0,,,,1,IVMH,5,RecentScan
ivmh,No Repair,61,61,RecentScan,65.310708,,61.0,,,,1,IVMH,5,RecentScan
ivmh,No Repair,62,62,MarkTs,0.0,,62.0,,,,1,IVMH,5,
ivmh,No Repair,63,63,Update,0.260167,21.0,,,,,1,IVMH,5,Update
ivmh,No Repair,64,64,MarkTs,220.679125,,62.0,,,HistoryScan,1,IVMH,5,BuildSnap
ivmh,No Repair,64,64,HistoryScan,69.379292,,62.0,,,,1,IVMH,5,HistoryScan
ivmh,No Repair,65,65,RecentScan,66.126417,,65.0,,,,1,IVMH,5,RecentScan
ivmh,No Repair,66,66,RecentScan,63.705375,,66.0,,,,1,IVMH,5,RecentScan
ivmh,No Repair,67,67,RecentScan,67.219417,,67.0,,,,1,IVMH,5,RecentScan
ivmh,No Repair,68,68,RecentScan,66.724209,,68.0,,,,1,IVMH,5,RecentScan
ivmh,No Repair,69,69,MarkTs,0.0,,69.0,,,,1,IVMH,5,
ivmh,No Repair,70,70,Update,0.22025,21.0,,,,,1,IVMH,5,Update
ivmh,No Repair,0,0,InitLoad,50.785292,210000.0,,,,,2,IVMH,5,InitLoad
ivmh,No Repair,1,1,RecentScan,63.622083,,1.0,,,,2,IVMH,5,RecentScan
ivmh,No Repair,2,2,RecentScan,61.62425,,2.0,,,,2,IVMH,5,RecentScan
ivmh,No Repair,3,3,RecentScan,60.697125,,3.0,,,,2,IVMH,5,RecentScan
ivmh,No Repair,4,4,RecentScan,60.93125,,4.0,,,,2,IVMH,5,RecentScan
ivmh,No Repair,5,5,RecentScan,62.126333,,5.0,,,,2,IVMH,5,RecentScan
ivmh,No Repair,6,6,MarkTs,0.001083,,6.0,,,,2,IVMH,5,
ivmh,No Repair,7,7,Update,0.196791,21.0,,,,,2,IVMH,5,Update
ivmh,No Repair,8,8,MarkTs,171.191333,,6.0,,,HistoryScan,2,IVMH,5,BuildSnap
ivmh,No Repair,8,8,HistoryScan,61.465959,,6.0,,,,2,IVMH,5,HistoryScan
ivmh,No Repair,9,9,RecentScan,59.755834,,9.0,,,,2,IVMH,5,RecentScan
ivmh,No Repair,10,10,RecentScan,58.309208,,10.0,,,,2,IVMH,5,RecentScan
ivmh,No Repair,11,11,RecentScan,61.2335,,11.0,,,,2,IVMH,5,RecentScan
ivmh,No Repair,12,12,RecentScan,60.508459,,12.0,,,,2,IVMH,5,RecentScan
ivmh,No Repair,13,13,MarkTs,0.0,,13.0,,,,2,IVMH,5,
ivmh,No Repair,14,14,Update,0.259958,21.0,,,,,2,IVMH,5,Update
ivmh,No Repair,15,15,RecentScan,57.721,,15.0,,,,2,IVMH,5,RecentScan
ivmh,No Repair,16,16,RecentScan,57.831292,,16.0,,,,2,IVMH,5,RecentScan
ivmh,No Repair,17,17,RecentScan,59.336292,,17.0,,,,2,IVMH,5,RecentScan
ivmh,No Repair,18,18,RecentScan,60.999458,,18.0,,,,2,IVMH,5,RecentScan
ivmh,No Repair,19,19,RecentScan,58.2945,,19.0,,,,2,IVMH,5,RecentScan
ivmh,No Repair,20,20,MarkTs,0.0,,20.0,,,,2,IVMH,5,
ivmh,No Repair,21,21,Update,0.1245,21.0,,,,,2,IVMH,5,Update
ivmh,No Repair,22,22,MarkTs,176.483834,,20.0,,,HistoryScan,2,IVMH,5,BuildSnap
ivmh,No Repair,22,22,HistoryScan,60.927375,,20.0,,,,2,IVMH,5,HistoryScan
ivmh,No Repair,23,23,RecentScan,60.176375,,23.0,,,,2,IVMH,5,RecentScan
ivmh,No Repair,24,24,RecentScan,62.151542,,24.0,,,,2,IVMH,5,RecentScan
ivmh,No Repair,25,25,RecentScan,64.451,,25.0,,,,2,IVMH,5,RecentScan
ivmh,No Repair,26,26,RecentScan,58.551708,,26.0,,,,2,IVMH,5,RecentScan
ivmh,No Repair,27,27,MarkTs,0.00175,,27.0,,,,2,IVMH,5,
ivmh,No Repair,28,28,Update,0.239709,21.0,,,,,2,IVMH,5,Update
ivmh,No Repair,29,29,RecentScan,56.182042,,29.0,,,,2,IVMH,5,RecentScan
ivmh,No Repair,30,30,RecentScan,58.385875,,30.0,,,,2,IVMH,5,RecentScan
ivmh,No Repair,31,31,RecentScan,60.597417,,31.0,,,,2,IVMH,5,RecentScan
ivmh,No Repair,32,32,RecentScan,57.670834,,32.0,,,,2,IVMH,5,RecentScan
ivmh,No Repair,33,33,RecentScan,59.998291,,33.0,,,,2,IVMH,5,RecentScan
ivmh,No Repair,34,34,MarkTs,0.0,,34.0,,,,2,IVMH,5,
ivmh,No Repair,35,35,Update,0.392708,21.0,,,,,2,IVMH,5,Update
ivmh,No Repair,36,36,MarkTs,182.155208,,34.0,,,HistoryScan,2,IVMH,5,BuildSnap
ivmh,No Repair,36,36,HistoryScan,63.859,,34.0,,,,2,IVMH,5,HistoryScan
ivmh,No Repair,37,37,RecentScan,57.490041,,37.0,,,,2,IVMH,5,RecentScan
ivmh,No Repair,38,38,RecentScan,61.067125,,38.0,,,,2,IVMH,5,RecentScan
ivmh,No Repair,39,39,RecentScan,60.005041,,39.0,,,,2,IVMH,5,RecentScan
ivmh,No Repair,40,40,RecentScan,61.519042,,40.0,,,,2,IVMH,5,RecentScan
ivmh,No Repair,41,41,MarkTs,0.0,,41.0,,,,2,IVMH,5,
ivmh,No Repair,42,42,Update,0.174083,21.0,,,,,2,IVMH,5,Update
ivmh,No Repair,43,43,RecentScan,59.226292,,43.0,,,,2,IVMH,5,RecentScan
ivmh,No Repair,44,44,RecentScan,60.449417,,44.0,,,,2,IVMH,5,RecentScan
ivmh,No Repair,45,45,RecentScan,62.031708,,45.0,,,,2,IVMH,5,RecentScan
ivmh,No Repair,46,46,RecentScan,62.53225,,46.0,,,,2,IVMH,5,RecentScan
ivmh,No Repair,47,47,RecentScan,60.946583,,47.0,,,,2,IVMH,5,RecentScan
ivmh,No Repair,48,48,MarkTs,0.0,,48.0,,,,2,IVMH,5,
ivmh,No Repair,49,49,Update,0.221708,21.0,,,,,2,IVMH,5,Update
ivmh,No Repair,50,50,MarkTs,204.078875,,48.0,,,HistoryScan,2,IVMH,5,BuildSnap
ivmh,No Repair,50,50,HistoryScan,74.009,,48.0,,,,2,IVMH,5,HistoryScan
ivmh,No Repair,51,51,RecentScan,78.804292,,51.0,,,,2,IVMH,5,RecentScan
ivmh,No Repair,52,52,RecentScan,341.222834,,52.0,,,,2,IVMH,5,RecentScan
ivmh,No Repair,53,53,RecentScan,102.700792,,53.0,,,,2,IVMH,5,RecentScan
ivmh,No Repair,54,54,RecentScan,66.786625,,54.0,,,,2,IVMH,5,RecentScan
ivmh,No Repair,55,55,MarkTs,0.00175,,55.0,,,,2,IVMH,5,
ivmh,No Repair,56,56,Update,0.2135,21.0,,,,,2,IVMH,5,Update
ivmh,No Repair,57,57,RecentScan,166.459583,,57.0,,,,2,IVMH,5,RecentScan
ivmh,No Repair,58,58,RecentScan,107.799291,,58.0,,,,2,IVMH,5,RecentScan
ivmh,No Repair,59,59,RecentScan,94.85,,59.0,,,,2,IVMH,5,RecentScan
ivmh,No Repair,60,60,RecentScan,61.690084,,60.0,,,,2,IVMH,5,RecentScan
ivmh,No Repair,61,61,RecentScan,65.311125,,61.0,,,,2,IVMH,5,RecentScan
ivmh,No Repair,62,62,MarkTs,0.001083,,62.0,,,,2,IVMH,5,
ivmh,No Repair,63,63,Update,0.282125,21.0,,,,,2,IVMH,5,Update
ivmh,No Repair,64,64,MarkTs,277.146959,,62.0,,,HistoryScan,2,IVMH,5,BuildSnap
ivmh,No Repair,64,64,HistoryScan,81.538125,,62.0,,,,2,IVMH,5,HistoryScan
ivmh,No Repair,65,65,RecentScan,81.001416,,65.0,,,,2,IVMH,5,RecentScan
ivmh,No Repair,66,66,RecentScan,96.340875,,66.0,,,,2,IVMH,5,RecentScan
ivmh,No Repair,67,67,RecentScan,109.6155,,67.0,,,,2,IVMH,5,RecentScan
ivmh,No Repair,68,68,RecentScan,66.321291,,68.0,,,,2,IVMH,5,RecentScan
ivmh,No Repair,69,69,MarkTs,0.0,,69.0,,,,2,IVMH,5,
ivmh,No Repair,70,70,Update,0.229458,21.0,,,,,2,IVMH,5,Update
ivmh,No Repair,0,0,InitLoad,53.885709,210000.0,,,,,3,IVMH,5,InitLoad
ivmh,No Repair,1,1,RecentScan,72.940958,,1.0,,,,3,IVMH,5,RecentScan
ivmh,No Repair,2,2,RecentScan,62.218792,,2.0,,,,3,IVMH,5,RecentScan
ivmh,No Repair,3,3,RecentScan,60.967958,,3.0,,,,3,IVMH,5,RecentScan
ivmh,No Repair,4,4,RecentScan,61.154333,,4.0,,,,3,IVMH,5,RecentScan
ivmh,No Repair,5,5,RecentScan,61.317834,,5.0,,,,3,IVMH,5,RecentScan
ivmh,No Repair,6,6,MarkTs,0.0,,6.0,,,,3,IVMH,5,
ivmh,No Repair,7,7,Update,0.194958,21.0,,,,,3,IVMH,5,Update
ivmh,No Repair,8,8,MarkTs,184.339709,,6.0,,,HistoryScan,3,IVMH,5,BuildSnap
ivmh,No Repair,8,8,HistoryScan,63.31325,,6.0,,,,3,IVMH,5,HistoryScan
ivmh,No Repair,9,9,RecentScan,61.103291,,9.0,,,,3,IVMH,5,RecentScan
ivmh,No Repair,10,10,RecentScan,61.678583,,10.0,,,,3,IVMH,5,RecentScan
ivmh,No Repair,11,11,RecentScan,61.248583,,11.0,,,,3,IVMH,5,RecentScan
ivmh,No Repair,12,12,RecentScan,61.424542,,12.0,,,,3,IVMH,5,RecentScan
ivmh,No Repair,13,13,MarkTs,0.0,,13.0,,,,3,IVMH,5,
ivmh,No Repair,14,14,Update,0.255625,21.0,,,,,3,IVMH,5,Update
ivmh,No Repair,15,15,RecentScan,61.561708,,15.0,,,,3,IVMH,5,RecentScan
ivmh,No Repair,16,16,RecentScan,60.987041,,16.0,,,,3,IVMH,5,RecentScan
ivmh,No Repair,17,17,RecentScan,60.979375,,17.0,,,,3,IVMH,5,RecentScan
ivmh,No Repair,18,18,RecentScan,60.8855,,18.0,,,,3,IVMH,5,RecentScan
ivmh,No Repair,19,19,RecentScan,59.898042,,19.0,,,,3,IVMH,5,RecentScan
ivmh,No Repair,20,20,MarkTs,0.0,,20.0,,,,3,IVMH,5,
ivmh,No Repair,21,21,Update,0.135792,21.0,,,,,3,IVMH,5,Update
ivmh,No Repair,22,22,MarkTs,175.805167,,20.0,,,HistoryScan,3,IVMH,5,BuildSnap
ivmh,No Repair,22,22,HistoryScan,62.720709,,20.0,,,,3,IVMH,5,HistoryScan
ivmh,No Repair,23,23,RecentScan,60.070583,,23.0,,,,3,IVMH,5,RecentScan
ivmh,No Repair,24,24,RecentScan,60.807,,24.0,,,,3,IVMH,5,RecentScan
ivmh,No Repair,25,25,RecentScan,61.379541,,25.0,,,,3,IVMH,5,RecentScan
ivmh,No Repair,26,26,RecentScan,60.92825,,26.0,,,,3,IVMH,5,RecentScan
ivmh,No Repair,27,27,MarkTs,0.001417,,27.0,,,,3,IVMH,5,
ivmh,No Repair,28,28,Update,0.300125,21.0,,,,,3,IVMH,5,Update
ivmh,No Repair,29,29,RecentScan,59.963334,,29.0,,,,3,IVMH,5,RecentScan
ivmh,No Repair,30,30,RecentScan,62.202833,,30.0,,,,3,IVMH,5,RecentScan
ivmh,No Repair,31,31,RecentScan,61.185541,,31.0,,,,3,IVMH,5,RecentScan
ivmh,No Repair,32,32,RecentScan,61.468,,32.0,,,,3,IVMH,5,RecentScan
ivmh,No Repair,33,33,RecentScan,61.986917,,33.0,,,,3,IVMH,5,RecentScan
ivmh,No Repair,34,34,MarkTs,0.0,,34.0,,,,3,IVMH,5,
ivmh,No Repair,35,35,Update,0.297375,21.0,,,,,3,IVMH,5,Update
ivmh,No Repair,36,36,MarkTs,176.23,,34.0,,,HistoryScan,3,IVMH,5,BuildSnap
ivmh,No Repair,36,36,HistoryScan,62.620542,,34.0,,,,3,IVMH,5,HistoryScan
ivmh,No Repair,37,37,RecentScan,61.630334,,37.0,,,,3,IVMH,5,RecentScan
ivmh,No Repair,38,38,RecentScan,61.268125,,38.0,,,,3,IVMH,5,RecentScan
ivmh,No Repair,39,39,RecentScan,62.105459,,39.0,,,,3,IVMH,5,RecentScan
ivmh,No Repair,40,40,RecentScan,62.132459,,40.0,,,,3,IVMH,5,RecentScan
ivmh,No Repair,41,41,MarkTs,0.0,,41.0,,,,3,IVMH,5,
ivmh,No Repair,42,42,Update,0.171167,21.0,,,,,3,IVMH,5,Update
ivmh,No Repair,43,43,RecentScan,62.011292,,43.0,,,,3,IVMH,5,RecentScan
ivmh,No Repair,44,44,RecentScan,61.801459,,44.0,,,,3,IVMH,5,RecentScan
ivmh,No Repair,45,45,RecentScan,63.199959,,45.0,,,,3,IVMH,5,RecentScan
ivmh,No Repair,46,46,RecentScan,62.568334,,46.0,,,,3,IVMH,5,RecentScan
ivmh,No Repair,47,47,RecentScan,62.389834,,47.0,,,,3,IVMH,5,RecentScan
ivmh,No Repair,48,48,MarkTs,0.0,,48.0,,,,3,IVMH,5,
ivmh,No Repair,49,49,Update,0.206458,21.0,,,,,3,IVMH,5,Update
ivmh,No Repair,50,50,MarkTs,192.841292,,48.0,,,HistoryScan,3,IVMH,5,BuildSnap
ivmh,No Repair,50,50,HistoryScan,69.538291,,48.0,,,,3,IVMH,5,HistoryScan
ivmh,No Repair,51,51,RecentScan,67.611125,,51.0,,,,3,IVMH,5,RecentScan
ivmh,No Repair,52,52,RecentScan,69.844125,,52.0,,,,3,IVMH,5,RecentScan
ivmh,No Repair,53,53,RecentScan,70.837,,53.0,,,,3,IVMH,5,RecentScan
ivmh,No Repair,54,54,RecentScan,62.539583,,54.0,,,,3,IVMH,5,RecentScan
ivmh,No Repair,55,55,MarkTs,0.0010409999999999998,,55.0,,,,3,IVMH,5,
ivmh,No Repair,56,56,Update,0.211208,21.0,,,,,3,IVMH,5,Update
ivmh,No Repair,57,57,RecentScan,65.285042,,57.0,,,,3,IVMH,5,RecentScan
ivmh,No Repair,58,58,RecentScan,68.2125,,58.0,,,,3,IVMH,5,RecentScan
ivmh,No Repair,59,59,RecentScan,63.269125,,59.0,,,,3,IVMH,5,RecentScan
ivmh,No Repair,60,60,RecentScan,64.155416,,60.0,,,,3,IVMH,5,RecentScan
ivmh,No Repair,61,61,RecentScan,63.46175,,61.0,,,,3,IVMH,5,RecentScan
ivmh,No Repair,62,62,MarkTs,0.0,,62.0,,,,3,IVMH,5,
ivmh,No Repair,63,63,Update,0.270792,21.0,,,,,3,IVMH,5,Update
ivmh,No Repair,64,64,MarkTs,205.419834,,62.0,,,HistoryScan,3,IVMH,5,BuildSnap
ivmh,No Repair,64,64,HistoryScan,80.730208,,62.0,,,,3,IVMH,5,HistoryScan
ivmh,No Repair,65,65,RecentScan,73.469792,,65.0,,,,3,IVMH,5,RecentScan
ivmh,No Repair,66,66,RecentScan,74.736167,,66.0,,,,3,IVMH,5,RecentScan
ivmh,No Repair,67,67,RecentScan,69.112708,,67.0,,,,3,IVMH,5,RecentScan
ivmh,No Repair,68,68,RecentScan,67.291541,,68.0,,,,3,IVMH,5,RecentScan
ivmh,No Repair,69,69,MarkTs,0.0,,69.0,,,,3,IVMH,5,
ivmh,No Repair,70,70,Update,0.230041,21.0,,,,,3,IVMH,5,Update
ivmh,No Repair,0,0,InitLoad,54.861375,210000.0,,,,,4,IVMH,5,InitLoad
ivmh,No Repair,1,1,RecentScan,71.181292,,1.0,,,,4,IVMH,5,RecentScan
ivmh,No Repair,2,2,RecentScan,78.954834,,2.0,,,,4,IVMH,5,RecentScan
ivmh,No Repair,3,3,RecentScan,67.163,,3.0,,,,4,IVMH,5,RecentScan
ivmh,No Repair,4,4,RecentScan,65.804333,,4.0,,,,4,IVMH,5,RecentScan
ivmh,No Repair,5,5,RecentScan,64.629541,,5.0,,,,4,IVMH,5,RecentScan
ivmh,No Repair,6,6,MarkTs,0.001417,,6.0,,,,4,IVMH,5,
ivmh,No Repair,7,7,Update,0.193709,21.0,,,,,4,IVMH,5,Update
ivmh,No Repair,8,8,MarkTs,188.330791,,6.0,,,HistoryScan,4,IVMH,5,BuildSnap
ivmh,No Repair,8,8,HistoryScan,69.171583,,6.0,,,,4,IVMH,5,HistoryScan
ivmh,No Repair,9,9,RecentScan,67.855166,,9.0,,,,4,IVMH,5,RecentScan
ivmh,No Repair,10,10,RecentScan,66.020708,,10.0,,,,4,IVMH,5,RecentScan
ivmh,No Repair,11,11,RecentScan,66.3465,,11.0,,,,4,IVMH,5,RecentScan
ivmh,No Repair,12,12,RecentScan,66.276209,,12.0,,,,4,IVMH,5,RecentScan
ivmh,No Repair,13,13,MarkTs,0.0,,13.0,,,,4,IVMH,5,
ivmh,No Repair,14,14,Update,0.282208,21.0,,,,,4,IVMH,5,Update
ivmh,No Repair,15,15,RecentScan,66.134458,,15.0,,,,4,IVMH,5,RecentScan
ivmh,No Repair,16,16,RecentScan,66.345292,,16.0,,,,4,IVMH,5,RecentScan
ivmh,No Repair,17,17,RecentScan,75.018459,,17.0,,,,4,IVMH,5,RecentScan
ivmh,No Repair,18,18,RecentScan,62.518875,,18.0,,,,4,IVMH,5,RecentScan
ivmh,No Repair,19,19,RecentScan,62.763125,,19.0,,,,4,IVMH,5,RecentScan
ivmh,No Repair,20,20,MarkTs,0.0,,20.0,,,,4,IVMH,5,
ivmh,No Repair,21,21,Update,0.139,21.0,,,,,4,IVMH,5,Update
ivmh,No Repair,22,22,MarkTs,196.830916,,20.0,,,HistoryScan,4,IVMH,5,BuildSnap
ivmh,No Repair,22,22,HistoryScan,65.712792,,20.0,,,,4,IVMH,5,HistoryScan
ivmh,No Repair,23,23,RecentScan,65.003334,,23.0,,,,4,IVMH,5,RecentScan
ivmh,No Repair,24,24,RecentScan,64.91125,,24.0,,,,4,IVMH,5,RecentScan
ivmh,No Repair,25,25,RecentScan,65.460542,,25.0,,,,4,IVMH,5,RecentScan
ivmh,No Repair,26,26,RecentScan,77.436916,,26.0,,,,4,IVMH,5,RecentScan
ivmh,No Repair,27,27,MarkTs,0.0024590000000000002,,27.0,,,,4,IVMH,5,
ivmh,No Repair,28,28,Update,0.30779199999999995,21.0,,,,,4,IVMH,5,Update
ivmh,No Repair,29,29,RecentScan,60.967416,,29.0,,,,4,IVMH,5,RecentScan
ivmh,No Repair,30,30,RecentScan,63.126208,,30.0,,,,4,IVMH,5,RecentScan
ivmh,No Repair,31,31,RecentScan,63.456416,,31.0,,,,4,IVMH,5,RecentScan
ivmh,No Repair,32,32,RecentScan,62.940916,,32.0,,,,4,IVMH,5,RecentScan
ivmh,No Repair,33,33,RecentScan,63.663,,33.0,,,,4,IVMH,5,RecentScan
ivmh,No Repair,34,34,MarkTs,0.0,,34.0,,,,4,IVMH,5,
ivmh,No Repair,35,35,Update,0.29116699999999995,21.0,,,,,4,IVMH,5,Update
ivmh,No Repair,36,36,MarkTs,179.460083,,34.0,,,HistoryScan,4,IVMH,5,BuildSnap
ivmh,No Repair,36,36,HistoryScan,66.221,,34.0,,,,4,IVMH,5,HistoryScan
ivmh,No Repair,37,37,RecentScan,64.51925,,37.0,,,,4,IVMH,5,RecentScan
ivmh,No Repair,38,38,RecentScan,65.188833,,38.0,,,,4,IVMH,5,RecentScan
ivmh,No Repair,39,39,RecentScan,64.259875,,39.0,,,,4,IVMH,5,RecentScan
ivmh,No Repair,40,40,RecentScan,64.909584,,40.0,,,,4,IVMH,5,RecentScan
ivmh,No Repair,41,41,MarkTs,0.0,,41.0,,,,4,IVMH,5,
ivmh,No Repair,42,42,Update,0.195833,21.0,,,,,4,IVMH,5,Update
ivmh,No Repair,43,43,RecentScan,64.031291,,43.0,,,,4,IVMH,5,RecentScan
ivmh,No Repair,44,44,RecentScan,65.654583,,44.0,,,,4,IVMH,5,RecentScan
ivmh,No Repair,45,45,RecentScan,66.14275,,45.0,,,,4,IVMH,5,RecentScan
ivmh,No Repair,46,46,RecentScan,66.042083,,46.0,,,,4,IVMH,5,RecentScan
ivmh,No Repair,47,47,RecentScan,64.837667,,47.0,,,,4,IVMH,5,RecentScan
ivmh,No Repair,48,48,MarkTs,0.0,,48.0,,,,4,IVMH,5,
ivmh,No Repair,49,49,Update,0.323375,21.0,,,,,4,IVMH,5,Update
ivmh,No Repair,50,50,MarkTs,181.713417,,48.0,,,HistoryScan,4,IVMH,5,BuildSnap
ivmh,No Repair,50,50,HistoryScan,67.93225,,48.0,,,,4,IVMH,5,HistoryScan
ivmh,No Repair,51,51,RecentScan,65.996375,,51.0,,,,4,IVMH,5,RecentScan
ivmh,No Repair,52,52,RecentScan,66.740042,,52.0,,,,4,IVMH,5,RecentScan
ivmh,No Repair,53,53,RecentScan,68.0435,,53.0,,,,4,IVMH,5,RecentScan
ivmh,No Repair,54,54,RecentScan,66.514167,,54.0,,,,4,IVMH,5,RecentScan
ivmh,No Repair,55,55,MarkTs,0.0012079999999999999,,55.0,,,,4,IVMH,5,
ivmh,No Repair,56,56,Update,0.200958,21.0,,,,,4,IVMH,5,Update
ivmh,No Repair,57,57,RecentScan,66.871917,,57.0,,,,4,IVMH,5,RecentScan
ivmh,No Repair,58,58,RecentScan,66.052792,,58.0,,,,4,IVMH,5,RecentScan
ivmh,No Repair,59,59,RecentScan,65.93925,,59.0,,,,4,IVMH,5,RecentScan
ivmh,No Repair,60,60,RecentScan,66.432708,,60.0,,,,4,IVMH,5,RecentScan
ivmh,No Repair,61,61,RecentScan,66.278,,61.0,,,,4,IVMH,5,RecentScan
ivmh,No Repair,62,62,MarkTs,0.001709,,62.0,,,,4,IVMH,5,
ivmh,No Repair,63,63,Update,0.33725,21.0,,,,,4,IVMH,5,Update
ivmh,No Repair,64,64,MarkTs,211.788584,,62.0,,,HistoryScan,4,IVMH,5,BuildSnap
ivmh,No Repair,64,64,HistoryScan,72.098625,,62.0,,,,4,IVMH,5,HistoryScan
ivmh,No Repair,65,65,RecentScan,64.827333,,65.0,,,,4,IVMH,5,RecentScan
ivmh,No Repair,66,66,RecentScan,64.232708,,66.0,,,,4,IVMH,5,RecentScan
ivmh,No Repair,67,67,RecentScan,65.23225,,67.0,,,,4,IVMH,5,RecentScan
ivmh,No Repair,68,68,RecentScan,71.373584,,68.0,,,,4,IVMH,5,RecentScan
ivmh,No Repair,69,69,MarkTs,0.0,,69.0,,,,4,IVMH,5,
ivmh,No Repair,70,70,Update,0.23533400000000002,21.0,,,,,4,IVMH,5,Update
par,Write Repair,0,0,InitLoad,73.130667,210000.0,,,,,0,EPOCH-WR,0,InitLoad
par,Write Repair,1,1,RecentScan,73.517375,,1.0,,,,0,EPOCH-WR,0,RecentScan
par,Write Repair,2,2,RecentScan,72.029084,,2.0,,,,0,EPOCH-WR,0,RecentScan
par,Write Repair,3,3,RecentScan,66.449542,,3.0,,,,0,EPOCH-WR,0,RecentScan
par,Write Repair,4,4,RecentScan,67.044208,,4.0,,,,0,EPOCH-WR,0,RecentScan
par,Write Repair,5,5,RecentScan,67.339917,,5.0,,,,0,EPOCH-WR,0,RecentScan
par,Write Repair,6,6,MarkTs,0.242375,,6.0,,,,0,EPOCH-WR,0,
par,Write Repair,7,7,Update,3.97175,21.0,,,,,0,EPOCH-WR,0,Update
par,Write Repair,8,8,RecentScan,65.701208,,8.0,,,,0,EPOCH-WR,0,RecentScan
par,Write Repair,9,9,RecentScan,66.27925,,9.0,,,,0,EPOCH-WR,0,RecentScan
par,Write Repair,10,10,RecentScan,65.86275,,10.0,,,,0,EPOCH-WR,0,RecentScan
par,Write Repair,11,11,RecentScan,66.358875,,11.0,,,,0,EPOCH-WR,0,RecentScan
par,Write Repair,12,12,RecentScan,66.611208,,12.0,,,,0,EPOCH-WR,0,RecentScan
par,Write Repair,13,13,MarkTs,0.021417000000000002,,13.0,,,,0,EPOCH-WR,0,
par,Write Repair,14,14,Update,3.663875,21.0,,,,,0,EPOCH-WR,0,Update
par,Write Repair,15,15,RecentScan,65.963041,,15.0,,,,0,EPOCH-WR,0,RecentScan
par,Write Repair,16,16,RecentScan,67.102875,,16.0,,,,0,EPOCH-WR,0,RecentScan
par,Write Repair,17,17,RecentScan,67.208667,,17.0,,,,0,EPOCH-WR,0,RecentScan
par,Write Repair,18,18,RecentScan,71.81875,,18.0,,,,0,EPOCH-WR,0,RecentScan
par,Write Repair,19,19,RecentScan,77.004042,,19.0,,,,0,EPOCH-WR,0,RecentScan
par,Write Repair,20,20,MarkTs,0.028417,,20.0,,,,0,EPOCH-WR,0,
par,Write Repair,21,21,Update,4.261625,21.0,,,,,0,EPOCH-WR,0,Update
par,Write Repair,22,22,RecentScan,88.394959,,22.0,,,,0,EPOCH-WR,0,RecentScan
par,Write Repair,23,23,RecentScan,64.642,,23.0,,,,0,EPOCH-WR,0,RecentScan
par,Write Repair,24,24,RecentScan,66.29425,,24.0,,,,0,EPOCH-WR,0,RecentScan
par,Write Repair,25,25,RecentScan,65.126,,25.0,,,,0,EPOCH-WR,0,RecentScan
par,Write Repair,26,26,RecentScan,62.734291,,26.0,,,,0,EPOCH-WR,0,RecentScan
par,Write Repair,27,27,MarkTs,0.257625,,27.0,,,,0,EPOCH-WR,0,
par,Write Repair,28,28,Update,3.600542,21.0,,,,,0,EPOCH-WR,0,Update
par,Write Repair,29,29,RecentScan,62.310084,,29.0,,,,0,EPOCH-WR,0,RecentScan
par,Write Repair,30,30,RecentScan,66.169458,,30.0,,,,0,EPOCH-WR,0,RecentScan
par,Write Repair,31,31,RecentScan,67.57375,,31.0,,,,0,EPOCH-WR,0,RecentScan
par,Write Repair,32,32,RecentScan,67.67675,,32.0,,,,0,EPOCH-WR,0,RecentScan
par,Write Repair,33,33,RecentScan,66.931333,,33.0,,,,0,EPOCH-WR,0,RecentScan
par,Write Repair,34,34,MarkTs,0.052708,,34.0,,,,0,EPOCH-WR,0,
par,Write Repair,35,35,Update,3.3465,21.0,,,,,0,EPOCH-WR,0,Update
par,Write Repair,36,36,RecentScan,66.806292,,36.0,,,,0,EPOCH-WR,0,RecentScan
par,Write Repair,37,37,RecentScan,67.050041,,37.0,,,,0,EPOCH-WR,0,RecentScan
par,Write Repair,38,38,RecentScan,67.747584,,38.0,,,,0,EPOCH-WR,0,RecentScan
par,Write Repair,39,39,RecentScan,67.832125,,39.0,,,,0,EPOCH-WR,0,RecentScan
par,Write Repair,40,40,RecentScan,67.59875,,40.0,,,,0,EPOCH-WR,0,RecentScan
par,Write Repair,41,41,MarkTs,0.062333,,41.0,,,,0,EPOCH-WR,0,
par,Write Repair,42,42,Update,3.196541,21.0,,,,,0,EPOCH-WR,0,Update
par,Write Repair,43,43,RecentScan,66.895666,,43.0,,,,0,EPOCH-WR,0,RecentScan
par,Write Repair,44,44,RecentScan,68.170375,,44.0,,,,0,EPOCH-WR,0,RecentScan
par,Write Repair,45,45,RecentScan,66.964208,,45.0,,,,0,EPOCH-WR,0,RecentScan
par,Write Repair,46,46,RecentScan,67.289542,,46.0,,,,0,EPOCH-WR,0,RecentScan
par,Write Repair,47,47,RecentScan,67.261333,,47.0,,,,0,EPOCH-WR,0,RecentScan
par,Write Repair,48,48,MarkTs,0.052625,,48.0,,,,0,EPOCH-WR,0,
par,Write Repair,49,49,Update,3.406542,21.0,,,,,0,EPOCH-WR,0,Update
par,Write Repair,50,50,RecentScan,66.260917,,50.0,,,,0,EPOCH-WR,0,RecentScan
par,Write Repair,51,51,RecentScan,66.84875,,51.0,,,,0,EPOCH-WR,0,RecentScan
par,Write Repair,52,52,RecentScan,66.608792,,52.0,,,,0,EPOCH-WR,0,RecentScan
par,Write Repair,53,53,RecentScan,70.146709,,53.0,,,,0,EPOCH-WR,0,RecentScan
par,Write Repair,54,54,RecentScan,68.3425,,54.0,,,,0,EPOCH-WR,0,RecentScan
par,Write Repair,55,55,MarkTs,0.6585420000000001,,55.0,,,,0,EPOCH-WR,0,
par,Write Repair,56,56,Update,3.325458,21.0,,,,,0,EPOCH-WR,0,Update
par,Write Repair,57,57,RecentScan,67.240209,,57.0,,,,0,EPOCH-WR,0,RecentScan
par,Write Repair,58,58,RecentScan,68.152875,,58.0,,,,0,EPOCH-WR,0,RecentScan
par,Write Repair,59,59,RecentScan,67.88225,,59.0,,,,0,EPOCH-WR,0,RecentScan
par,Write Repair,60,60,RecentScan,68.121459,,60.0,,,,0,EPOCH-WR,0,RecentScan
par,Write Repair,61,61,RecentScan,67.43225,,61.0,,,,0,EPOCH-WR,0,RecentScan
par,Write Repair,62,62,MarkTs,0.087041,,62.0,,,,0,EPOCH-WR,0,
par,Write Repair,63,63,Update,3.263,21.0,,,,,0,EPOCH-WR,0,Update
par,Write Repair,64,64,RecentScan,67.657125,,64.0,,,,0,EPOCH-WR,0,RecentScan
par,Write Repair,65,65,RecentScan,69.564167,,65.0,,,,0,EPOCH-WR,0,RecentScan
par,Write Repair,66,66,RecentScan,68.045708,,66.0,,,,0,EPOCH-WR,0,RecentScan
par,Write Repair,67,67,RecentScan,66.436041,,67.0,,,,0,EPOCH-WR,0,RecentScan
par,Write Repair,68,68,RecentScan,68.478291,,68.0,,,,0,EPOCH-WR,0,RecentScan
par,Write Repair,69,69,MarkTs,0.069292,,69.0,,,,0,EPOCH-WR,0,
par,Write Repair,70,70,Update,3.261375,21.0,,,,,0,EPOCH-WR,0,Update
par,Write Repair,0,0,InitLoad,71.255875,210000.0,,,,,1,EPOCH-WR,0,InitLoad
par,Write Repair,1,1,RecentScan,69.332583,,1.0,,,,1,EPOCH-WR,0,RecentScan
par,Write Repair,2,2,RecentScan,68.878708,,2.0,,,,1,EPOCH-WR,0,RecentScan
par,Write Repair,3,3,RecentScan,67.336458,,3.0,,,,1,EPOCH-WR,0,RecentScan
par,Write Repair,4,4,RecentScan,60.073333,,4.0,,,,1,EPOCH-WR,0,RecentScan
par,Write Repair,5,5,RecentScan,64.4675,,5.0,,,,1,EPOCH-WR,0,RecentScan
par,Write Repair,6,6,MarkTs,0.238042,,6.0,,,,1,EPOCH-WR,0,
par,Write Repair,7,7,Update,3.360666,21.0,,,,,1,EPOCH-WR,0,Update
par,Write Repair,8,8,RecentScan,64.740583,,8.0,,,,1,EPOCH-WR,0,RecentScan
par,Write Repair,9,9,RecentScan,66.599166,,9.0,,,,1,EPOCH-WR,0,RecentScan
par,Write Repair,10,10,RecentScan,65.634583,,10.0,,,,1,EPOCH-WR,0,RecentScan
par,Write Repair,11,11,RecentScan,65.851667,,11.0,,,,1,EPOCH-WR,0,RecentScan
par,Write Repair,12,12,RecentScan,65.94775,,12.0,,,,1,EPOCH-WR,0,RecentScan
par,Write Repair,13,13,MarkTs,0.019834,,13.0,,,,1,EPOCH-WR,0,
par,Write Repair,14,14,Update,3.461583,21.0,,,,,1,EPOCH-WR,0,Update
par,Write Repair,15,15,RecentScan,65.865708,,15.0,,,,1,EPOCH-WR,0,RecentScan
par,Write Repair,16,16,RecentScan,66.924959,,16.0,,,,1,EPOCH-WR,0,RecentScan
par,Write Repair,17,17,RecentScan,74.713209,,17.0,,,,1,EPOCH-WR,0,RecentScan
par,Write Repair,18,18,RecentScan,63.490208,,18.0,,,,1,EPOCH-WR,0,RecentScan
par,Write Repair,19,19,RecentScan,64.126791,,19.0,,,,1,EPOCH-WR,0,RecentScan
par,Write Repair,20,20,MarkTs,0.054417,,20.0,,,,1,EPOCH-WR,0,
par,Write Repair,21,21,Update,3.530292,21.0,,,,,1,EPOCH-WR,0,Update
par,Write Repair,22,22,RecentScan,59.164625,,22.0,,,,1,EPOCH-WR,0,RecentScan
par,Write Repair,23,23,RecentScan,62.259125,,23.0,,,,1,EPOCH-WR,0,RecentScan
par,Write Repair,24,24,RecentScan,61.269166,,24.0,,,,1,EPOCH-WR,0,RecentScan
par,Write Repair,25,25,RecentScan,61.013917,,25.0,,,,1,EPOCH-WR,0,RecentScan
par,Write Repair,26,26,RecentScan,60.971584,,26.0,,,,1,EPOCH-WR,0,RecentScan
par,Write Repair,27,27,MarkTs,0.316625,,27.0,,,,1,EPOCH-WR,0,
par,Write Repair,28,28,Update,3.066167,21.0,,,,,1,EPOCH-WR,0,Update
par,Write Repair,29,29,RecentScan,67.706583,,29.0,,,,1,EPOCH-WR,0,RecentScan
par,Write Repair,30,30,RecentScan,62.646666,,30.0,,,,1,EPOCH-WR,0,RecentScan
par,Write Repair,31,31,RecentScan,66.125375,,31.0,,,,1,EPOCH-WR,0,RecentScan
par,Write Repair,32,32,RecentScan,61.849542,,32.0,,,,1,EPOCH-WR,0,RecentScan
par,Write Repair,33,33,RecentScan,67.762584,,33.0,,,,1,EPOCH-WR,0,RecentScan
par,Write Repair,34,34,MarkTs,0.047709,,34.0,,,,1,EPOCH-WR,0,
par,Write Repair,35,35,Update,6.098167,21.0,,,,,1,EPOCH-WR,0,Update
par,Write Repair,36,36,RecentScan,60.002375,,36.0,,,,1,EPOCH-WR,0,RecentScan
par,Write Repair,37,37,RecentScan,64.307334,,37.0,,,,1,EPOCH-WR,0,RecentScan
par,Write Repair,38,38,RecentScan,64.764792,,38.0,,,,1,EPOCH-WR,0,RecentScan
par,Write Repair,39,39,RecentScan,61.501084,,39.0,,,,1,EPOCH-WR,0,RecentScan
par,Write Repair,40,40,RecentScan,59.154542,,40.0,,,,1,EPOCH-WR,0,RecentScan
par,Write Repair,41,41,MarkTs,0.048209,,41.0,,,,1,EPOCH-WR,0,
par,Write Repair,42,42,Update,2.937625,21.0,,,,,1,EPOCH-WR,0,Update
par,Write Repair,43,43,RecentScan,63.119708,,43.0,,,,1,EPOCH-WR,0,RecentScan
par,Write Repair,44,44,RecentScan,60.508292,,44.0,,,,1,EPOCH-WR,0,RecentScan
par,Write Repair,45,45,RecentScan,66.156458,,45.0,,,,1,EPOCH-WR,0,RecentScan
par,Write Repair,46,46,RecentScan,67.060416,,46.0,,,,1,EPOCH-WR,0,RecentScan
par,Write Repair,47,47,RecentScan,62.128834,,47.0,,,,1,EPOCH-WR,0,RecentScan
par,Write Repair,48,48,MarkTs,0.049333,,48.0,,,,1,EPOCH-WR,0,
par,Write Repair,49,49,Update,3.056417,21.0,,,,,1,EPOCH-WR,0,Update
par,Write Repair,50,50,RecentScan,61.434875,,50.0,,,,1,EPOCH-WR,0,RecentScan
par,Write Repair,51,51,RecentScan,62.226208,,51.0,,,,1,EPOCH-WR,0,RecentScan
par,Write Repair,52,52,RecentScan,62.200916,,52.0,,,,1,EPOCH-WR,0,RecentScan
par,Write Repair,53,53,RecentScan,60.913459,,53.0,,,,1,EPOCH-WR,0,RecentScan
par,Write Repair,54,54,RecentScan,58.026041,,54.0,,,,1,EPOCH-WR,0,RecentScan
par,Write Repair,55,55,MarkTs,0.439791,,55.0,,,,1,EPOCH-WR,0,
par,Write Repair,56,56,Update,3.087375,21.0,,,,,1,EPOCH-WR,0,Update
par,Write Repair,57,57,RecentScan,62.872041,,57.0,,,,1,EPOCH-WR,0,RecentScan
par,Write Repair,58,58,RecentScan,61.846625,,58.0,,,,1,EPOCH-WR,0,RecentScan
par,Write Repair,59,59,RecentScan,64.989583,,59.0,,,,1,EPOCH-WR,0,RecentScan
par,Write Repair,60,60,RecentScan,62.268167,,60.0,,,,1,EPOCH-WR,0,RecentScan
par,Write Repair,61,61,RecentScan,62.886125,,61.0,,,,1,EPOCH-WR,0,RecentScan
par,Write Repair,62,62,MarkTs,0.061292,,62.0,,,,1,EPOCH-WR,0,
par,Write Repair,63,63,Update,3.103125,21.0,,,,,1,EPOCH-WR,0,Update
par,Write Repair,64,64,RecentScan,61.950834,,64.0,,,,1,EPOCH-WR,0,RecentScan
par,Write Repair,65,65,RecentScan,60.304167,,65.0,,,,1,EPOCH-WR,0,RecentScan
par,Write Repair,66,66,RecentScan,60.6025,,66.0,,,,1,EPOCH-WR,0,RecentScan
par,Write Repair,67,67,RecentScan,61.399292,,67.0,,,,1,EPOCH-WR,0,RecentScan
par,Write Repair,68,68,RecentScan,62.643542,,68.0,,,,1,EPOCH-WR,0,RecentScan
par,Write Repair,69,69,MarkTs,0.064458,,69.0,,,,1,EPOCH-WR,0,
par,Write Repair,70,70,Update,2.967917,21.0,,,,,1,EPOCH-WR,0,Update
par,Write Repair,0,0,InitLoad,69.152792,210000.0,,,,,2,EPOCH-WR,0,InitLoad
par,Write Repair,1,1,RecentScan,69.199125,,1.0,,,,2,EPOCH-WR,0,RecentScan
par,Write Repair,2,2,RecentScan,65.867583,,2.0,,,,2,EPOCH-WR,0,RecentScan
par,Write Repair,3,3,RecentScan,60.378583,,3.0,,,,2,EPOCH-WR,0,RecentScan
par,Write Repair,4,4,RecentScan,61.555917,,4.0,,,,2,EPOCH-WR,0,RecentScan
par,Write Repair,5,5,RecentScan,58.472292,,5.0,,,,2,EPOCH-WR,0,RecentScan
par,Write Repair,6,6,MarkTs,0.222792,,6.0,,,,2,EPOCH-WR,0,
par,Write Repair,7,7,Update,3.89475,21.0,,,,,2,EPOCH-WR,0,Update
par,Write Repair,8,8,RecentScan,58.917,,8.0,,,,2,EPOCH-WR,0,RecentScan
par,Write Repair,9,9,RecentScan,63.694792,,9.0,,,,2,EPOCH-WR,0,RecentScan
par,Write Repair,10,10,RecentScan,61.844541,,10.0,,,,2,EPOCH-WR,0,RecentScan
par,Write Repair,11,11,RecentScan,60.819709,,11.0,,,,2,EPOCH-WR,0,RecentScan
par,Write Repair,12,12,RecentScan,61.529167,,12.0,,,,2,EPOCH-WR,0,RecentScan
par,Write Repair,13,13,MarkTs,0.019167,,13.0,,,,2,EPOCH-WR,0,
par,Write Repair,14,14,Update,3.216208,21.0,,,,,2,EPOCH-WR,0,Update
par,Write Repair,15,15,RecentScan,59.565166,,15.0,,,,2,EPOCH-WR,0,RecentScan
par,Write Repair,16,16,RecentScan,62.025625,,16.0,,,,2,EPOCH-WR,0,RecentScan
par,Write Repair,17,17,RecentScan,64.295417,,17.0,,,,2,EPOCH-WR,0,RecentScan
par,Write Repair,18,18,RecentScan,64.823791,,18.0,,,,2,EPOCH-WR,0,RecentScan
par,Write Repair,19,19,RecentScan,63.044125,,19.0,,,,2,EPOCH-WR,0,RecentScan
par,Write Repair,20,20,MarkTs,0.019041,,20.0,,,,2,EPOCH-WR,0,
par,Write Repair,21,21,Update,2.944208,21.0,,,,,2,EPOCH-WR,0,Update
par,Write Repair,22,22,RecentScan,59.199167,,22.0,,,,2,EPOCH-WR,0,RecentScan
par,Write Repair,23,23,RecentScan,61.9715,,23.0,,,,2,EPOCH-WR,0,RecentScan
par,Write Repair,24,24,RecentScan,63.00725,,24.0,,,,2,EPOCH-WR,0,RecentScan
par,Write Repair,25,25,RecentScan,60.334667,,25.0,,,,2,EPOCH-WR,0,RecentScan
par,Write Repair,26,26,RecentScan,58.693291,,26.0,,,,2,EPOCH-WR,0,RecentScan
par,Write Repair,27,27,MarkTs,0.286125,,27.0,,,,2,EPOCH-WR,0,
par,Write Repair,28,28,Update,3.036416,21.0,,,,,2,EPOCH-WR,0,Update
par,Write Repair,29,29,RecentScan,64.284708,,29.0,,,,2,EPOCH-WR,0,RecentScan
par,Write Repair,30,30,RecentScan,59.558458,,30.0,,,,2,EPOCH-WR,0,RecentScan
par,Write Repair,31,31,RecentScan,59.772709,,31.0,,,,2,EPOCH-WR,0,RecentScan
par,Write Repair,32,32,RecentScan,62.268708,,32.0,,,,2,EPOCH-WR,0,RecentScan
par,Write Repair,33,33,RecentScan,61.501542,,33.0,,,,2,EPOCH-WR,0,RecentScan
par,Write Repair,34,34,MarkTs,0.047916,,34.0,,,,2,EPOCH-WR,0,
par,Write Repair,35,35,Update,3.805959,21.0,,,,,2,EPOCH-WR,0,Update
par,Write Repair,36,36,RecentScan,62.496417,,36.0,,,,2,EPOCH-WR,0,RecentScan
par,Write Repair,37,37,RecentScan,64.65825,,37.0,,,,2,EPOCH-WR,0,RecentScan
par,Write Repair,38,38,RecentScan,75.322959,,38.0,,,,2,EPOCH-WR,0,RecentScan
par,Write Repair,39,39,RecentScan,74.090417,,39.0,,,,2,EPOCH-WR,0,RecentScan
par,Write Repair,40,40,RecentScan,66.955917,,40.0,,,,2,EPOCH-WR,0,RecentScan
par,Write Repair,41,41,MarkTs,0.047875,,41.0,,,,2,EPOCH-WR,0,
par,Write Repair,42,42,Update,3.326583,21.0,,,,,2,EPOCH-WR,0,Update
par,Write Repair,43,43,RecentScan,64.3905,,43.0,,,,2,EPOCH-WR,0,RecentScan
par,Write Repair,44,44,RecentScan,62.937458,,44.0,,,,2,EPOCH-WR,0,RecentScan
par,Write Repair,45,45,RecentScan,58.718417,,45.0,,,,2,EPOCH-WR,0,RecentScan
par,Write Repair,46,46,RecentScan,61.371292,,46.0,,,,2,EPOCH-WR,0,RecentScan
par,Write Repair,47,47,RecentScan,63.840417,,47.0,,,,2,EPOCH-WR,0,RecentScan
par,Write Repair,48,48,MarkTs,0.069167,,48.0,,,,2,EPOCH-WR,0,
par,Write Repair,49,49,Update,3.278208,21.0,,,,,2,EPOCH-WR,0,Update
par,Write Repair,50,50,RecentScan,63.022209,,50.0,,,,2,EPOCH-WR,0,RecentScan
par,Write Repair,51,51,RecentScan,63.775791,,51.0,,,,2,EPOCH-WR,0,RecentScan
par,Write Repair,52,52,RecentScan,61.724542,,52.0,,,,2,EPOCH-WR,0,RecentScan
par,Write Repair,53,53,RecentScan,61.449833,,53.0,,,,2,EPOCH-WR,0,RecentScan
par,Write Repair,54,54,RecentScan,64.952583,,54.0,,,,2,EPOCH-WR,0,RecentScan
par,Write Repair,55,55,MarkTs,0.701791,,55.0,,,,2,EPOCH-WR,0,
par,Write Repair,56,56,Update,3.542292,21.0,,,,,2,EPOCH-WR,0,Update
par,Write Repair,57,57,RecentScan,64.580875,,57.0,,,,2,EPOCH-WR,0,RecentScan
par,Write Repair,58,58,RecentScan,63.370875,,58.0,,,,2,EPOCH-WR,0,RecentScan
par,Write Repair,59,59,RecentScan,63.523708,,59.0,,,,2,EPOCH-WR,0,RecentScan
par,Write Repair,60,60,RecentScan,65.824625,,60.0,,,,2,EPOCH-WR,0,RecentScan
par,Write Repair,61,61,RecentScan,63.023,,61.0,,,,2,EPOCH-WR,0,RecentScan
par,Write Repair,62,62,MarkTs,0.061,,62.0,,,,2,EPOCH-WR,0,
par,Write Repair,63,63,Update,3.160708,21.0,,,,,2,EPOCH-WR,0,Update
par,Write Repair,64,64,RecentScan,62.787667,,64.0,,,,2,EPOCH-WR,0,RecentScan
par,Write Repair,65,65,RecentScan,62.439333,,65.0,,,,2,EPOCH-WR,0,RecentScan
par,Write Repair,66,66,RecentScan,64.303209,,66.0,,,,2,EPOCH-WR,0,RecentScan
par,Write Repair,67,67,RecentScan,72.3975,,67.0,,,,2,EPOCH-WR,0,RecentScan
par,Write Repair,68,68,RecentScan,70.672042,,68.0,,,,2,EPOCH-WR,0,RecentScan
par,Write Repair,69,69,MarkTs,0.060083,,69.0,,,,2,EPOCH-WR,0,
par,Write Repair,70,70,Update,3.015542,21.0,,,,,2,EPOCH-WR,0,Update
par,Write Repair,0,0,InitLoad,74.42425,210000.0,,,,,3,EPOCH-WR,0,InitLoad
par,Write Repair,1,1,RecentScan,67.926,,1.0,,,,3,EPOCH-WR,0,RecentScan
par,Write Repair,2,2,RecentScan,65.406208,,2.0,,,,3,EPOCH-WR,0,RecentScan
par,Write Repair,3,3,RecentScan,62.382209,,3.0,,,,3,EPOCH-WR,0,RecentScan
par,Write Repair,4,4,RecentScan,62.018083,,4.0,,,,3,EPOCH-WR,0,RecentScan
par,Write Repair,5,5,RecentScan,64.628417,,5.0,,,,3,EPOCH-WR,0,RecentScan
par,Write Repair,6,6,MarkTs,0.232959,,6.0,,,,3,EPOCH-WR,0,
par,Write Repair,7,7,Update,3.517625,21.0,,,,,3,EPOCH-WR,0,Update
par,Write Repair,8,8,RecentScan,64.275041,,8.0,,,,3,EPOCH-WR,0,RecentScan
par,Write Repair,9,9,RecentScan,64.89075,,9.0,,,,3,EPOCH-WR,0,RecentScan
par,Write Repair,10,10,RecentScan,60.782833,,10.0,,,,3,EPOCH-WR,0,RecentScan
par,Write Repair,11,11,RecentScan,62.915417,,11.0,,,,3,EPOCH-WR,0,RecentScan
par,Write Repair,12,12,RecentScan,65.277292,,12.0,,,,3,EPOCH-WR,0,RecentScan
par,Write Repair,13,13,MarkTs,0.018167000000000003,,13.0,,,,3,EPOCH-WR,0,
par,Write Repair,14,14,Update,3.222792,21.0,,,,,3,EPOCH-WR,0,Update
par,Write Repair,15,15,RecentScan,60.940958,,15.0,,,,3,EPOCH-WR,0,RecentScan
par,Write Repair,16,16,RecentScan,63.653166,,16.0,,,,3,EPOCH-WR,0,RecentScan
par,Write Repair,17,17,RecentScan,61.5075,,17.0,,,,3,EPOCH-WR,0,RecentScan
par,Write Repair,18,18,RecentScan,62.562666,,18.0,,,,3,EPOCH-WR,0,RecentScan
par,Write Repair,19,19,RecentScan,63.377292,,19.0,,,,3,EPOCH-WR,0,RecentScan
par,Write Repair,20,20,MarkTs,0.018542000000000003,,20.0,,,,3,EPOCH-WR,0,
par,Write Repair,21,21,Update,2.954416,21.0,,,,,3,EPOCH-WR,0,Update
par,Write Repair,22,22,RecentScan,60.773458,,22.0,,,,3,EPOCH-WR,0,RecentScan
par,Write Repair,23,23,RecentScan,62.534667,,23.0,,,,3,EPOCH-WR,0,RecentScan
par,Write Repair,24,24,RecentScan,60.800292,,24.0,,,,3,EPOCH-WR,0,RecentScan
par,Write Repair,25,25,RecentScan,61.692792,,25.0,,,,3,EPOCH-WR,0,RecentScan
par,Write Repair,26,26,RecentScan,61.532584,,26.0,,,,3,EPOCH-WR,0,RecentScan
par,Write Repair,27,27,MarkTs,0.265666,,27.0,,,,3,EPOCH-WR,0,
par,Write Repair,28,28,Update,3.108541,21.0,,,,,3,EPOCH-WR,0,Update
par,Write Repair,29,29,RecentScan,62.560041,,29.0,,,,3,EPOCH-WR,0,RecentScan
par,Write Repair,30,30,RecentScan,61.692708,,30.0,,,,3,EPOCH-WR,0,RecentScan
par,Write Repair,31,31,RecentScan,58.108042,,31.0,,,,3,EPOCH-WR,0,RecentScan
par,Write Repair,32,32,RecentScan,60.842208,,32.0,,,,3,EPOCH-WR,0,RecentScan
par,Write Repair,33,33,RecentScan,59.374333,,33.0,,,,3,EPOCH-WR,0,RecentScan
par,Write Repair,34,34,MarkTs,0.048459,,34.0,,,,3,EPOCH-WR,0,
par,Write Repair,35,35,Update,3.283834,21.0,,,,,3,EPOCH-WR,0,Update
par,Write Repair,36,36,RecentScan,63.493958,,36.0,,,,3,EPOCH-WR,0,RecentScan
par,Write Repair,37,37,RecentScan,68.597708,,37.0,,,,3,EPOCH-WR,0,RecentScan
par,Write Repair,38,38,RecentScan,62.820541,,38.0,,,,3,EPOCH-WR,0,RecentScan
par,Write Repair,39,39,RecentScan,62.850916,,39.0,,,,3,EPOCH-WR,0,RecentScan
par,Write Repair,40,40,RecentScan,60.60075,,40.0,,,,3,EPOCH-WR,0,RecentScan
par,Write Repair,41,41,MarkTs,0.051833,,41.0,,,,3,EPOCH-WR,0,
par,Write Repair,42,42,Update,2.975666,21.0,,,,,3,EPOCH-WR,0,Update
par,Write Repair,43,43,RecentScan,59.095166,,43.0,,,,3,EPOCH-WR,0,RecentScan
par,Write Repair,44,44,RecentScan,63.18225,,44.0,,,,3,EPOCH-WR,0,RecentScan
par,Write Repair,45,45,RecentScan,61.559541,,45.0,,,,3,EPOCH-WR,0,RecentScan
par,Write Repair,46,46,RecentScan,59.991459,,46.0,,,,3,EPOCH-WR,0,RecentScan
par,Write Repair,47,47,RecentScan,60.197916,,47.0,,,,3,EPOCH-WR,0,RecentScan
par,Write Repair,48,48,MarkTs,0.049417,,48.0,,,,3,EPOCH-WR,0,
par,Write Repair,49,49,Update,3.125792,21.0,,,,,3,EPOCH-WR,0,Update
par,Write Repair,50,50,RecentScan,62.549541,,50.0,,,,3,EPOCH-WR,0,RecentScan
par,Write Repair,51,51,RecentScan,62.965875,,51.0,,,,3,EPOCH-WR,0,RecentScan
par,Write Repair,52,52,RecentScan,69.266292,,52.0,,,,3,EPOCH-WR,0,RecentScan
par,Write Repair,53,53,RecentScan,58.814917,,53.0,,,,3,EPOCH-WR,0,RecentScan
par,Write Repair,54,54,RecentScan,58.723041,,54.0,,,,3,EPOCH-WR,0,RecentScan
par,Write Repair,55,55,MarkTs,0.475375,,55.0,,,,3,EPOCH-WR,0,
par,Write Repair,56,56,Update,3.363875,21.0,,,,,3,EPOCH-WR,0,Update
par,Write Repair,57,57,RecentScan,64.222667,,57.0,,,,3,EPOCH-WR,0,RecentScan
par,Write Repair,58,58,RecentScan,62.883834,,58.0,,,,3,EPOCH-WR,0,RecentScan
par,Write Repair,59,59,RecentScan,59.244625,,59.0,,,,3,EPOCH-WR,0,RecentScan
par,Write Repair,60,60,RecentScan,58.434708,,60.0,,,,3,EPOCH-WR,0,RecentScan
par,Write Repair,61,61,RecentScan,60.462208,,61.0,,,,3,EPOCH-WR,0,RecentScan
par,Write Repair,62,62,MarkTs,0.0615,,62.0,,,,3,EPOCH-WR,0,
par,Write Repair,63,63,Update,3.124917,21.0,,,,,3,EPOCH-WR,0,Update
par,Write Repair,64,64,RecentScan,61.906042,,64.0,,,,3,EPOCH-WR,0,RecentScan
par,Write Repair,65,65,RecentScan,60.293791,,65.0,,,,3,EPOCH-WR,0,RecentScan
par,Write Repair,66,66,RecentScan,62.014083,,66.0,,,,3,EPOCH-WR,0,RecentScan
par,Write Repair,67,67,RecentScan,61.689042,,67.0,,,,3,EPOCH-WR,0,RecentScan
par,Write Repair,68,68,RecentScan,59.851709,,68.0,,,,3,EPOCH-WR,0,RecentScan
par,Write Repair,69,69,MarkTs,0.059708,,69.0,,,,3,EPOCH-WR,0,
par,Write Repair,70,70,Update,2.997416,21.0,,,,,3,EPOCH-WR,0,Update
par,Write Repair,0,0,InitLoad,71.042458,210000.0,,,,,4,EPOCH-WR,0,InitLoad
par,Write Repair,1,1,RecentScan,67.895667,,1.0,,,,4,EPOCH-WR,0,RecentScan
par,Write Repair,2,2,RecentScan,63.8575,,2.0,,,,4,EPOCH-WR,0,RecentScan
par,Write Repair,3,3,RecentScan,61.470459,,3.0,,,,4,EPOCH-WR,0,RecentScan
par,Write Repair,4,4,RecentScan,61.508084,,4.0,,,,4,EPOCH-WR,0,RecentScan
par,Write Repair,5,5,RecentScan,64.948292,,5.0,,,,4,EPOCH-WR,0,RecentScan
par,Write Repair,6,6,MarkTs,0.2465,,6.0,,,,4,EPOCH-WR,0,
par,Write Repair,7,7,Update,3.409,21.0,,,,,4,EPOCH-WR,0,Update
par,Write Repair,8,8,RecentScan,62.953875,,8.0,,,,4,EPOCH-WR,0,RecentScan
par,Write Repair,9,9,RecentScan,62.230875,,9.0,,,,4,EPOCH-WR,0,RecentScan
par,Write Repair,10,10,RecentScan,63.897125,,10.0,,,,4,EPOCH-WR,0,RecentScan
par,Write Repair,11,11,RecentScan,58.418,,11.0,,,,4,EPOCH-WR,0,RecentScan
par,Write Repair,12,12,RecentScan,65.6165,,12.0,,,,4,EPOCH-WR,0,RecentScan
par,Write Repair,13,13,MarkTs,0.018625,,13.0,,,,4,EPOCH-WR,0,
par,Write Repair,14,14,Update,3.091333,21.0,,,,,4,EPOCH-WR,0,Update
par,Write Repair,15,15,RecentScan,60.195917,,15.0,,,,4,EPOCH-WR,0,RecentScan
par,Write Repair,16,16,RecentScan,59.673208,,16.0,,,,4,EPOCH-WR,0,RecentScan
par,Write Repair,17,17,RecentScan,61.161333,,17.0,,,,4,EPOCH-WR,0,RecentScan
par,Write Repair,18,18,RecentScan,60.40225,,18.0,,,,4,EPOCH-WR,0,RecentScan
par,Write Repair,19,19,RecentScan,62.138666,,19.0,,,,4,EPOCH-WR,0,RecentScan
par,Write Repair,20,20,MarkTs,0.023417,,20.0,,,,4,EPOCH-WR,0,
par,Write Repair,21,21,Update,3.0625,21.0,,,,,4,EPOCH-WR,0,Update
par,Write Repair,22,22,RecentScan,61.503417,,22.0,,,,4,EPOCH-WR,0,RecentScan
par,Write Repair,23,23,RecentScan,61.624,,23.0,,,,4,EPOCH-WR,0,RecentScan
par,Write Repair,24,24,RecentScan,59.0715,,24.0,,,,4,EPOCH-WR,0,RecentScan
par,Write Repair,25,25,RecentScan,61.516583,,25.0,,,,4,EPOCH-WR,0,RecentScan
par,Write Repair,26,26,RecentScan,61.760292,,26.0,,,,4,EPOCH-WR,0,RecentScan
par,Write Repair,27,27,MarkTs,0.29358300000000004,,27.0,,,,4,EPOCH-WR,0,
par,Write Repair,28,28,Update,3.087417,21.0,,,,,4,EPOCH-WR,0,Update
par,Write Repair,29,29,RecentScan,60.947834,,29.0,,,,4,EPOCH-WR,0,RecentScan
par,Write Repair,30,30,RecentScan,64.582125,,30.0,,,,4,EPOCH-WR,0,RecentScan
par,Write Repair,31,31,RecentScan,62.539833,,31.0,,,,4,EPOCH-WR,0,RecentScan
par,Write Repair,32,32,RecentScan,59.692375,,32.0,,,,4,EPOCH-WR,0,RecentScan
par,Write Repair,33,33,RecentScan,60.148041,,33.0,,,,4,EPOCH-WR,0,RecentScan
par,Write Repair,34,34,MarkTs,0.049542,,34.0,,,,4,EPOCH-WR,0,
par,Write Repair,35,35,Update,3.309083,21.0,,,,,4,EPOCH-WR,0,Update
par,Write Repair,36,36,RecentScan,60.87175,,36.0,,,,4,EPOCH-WR,0,RecentScan
par,Write Repair,37,37,RecentScan,61.687041,,37.0,,,,4,EPOCH-WR,0,RecentScan
par,Write Repair,38,38,RecentScan,60.946708,,38.0,,,,4,EPOCH-WR,0,RecentScan
par,Write Repair,39,39,RecentScan,61.929084,,39.0,,,,4,EPOCH-WR,0,RecentScan
par,Write Repair,40,40,RecentScan,61.5705,,40.0,,,,4,EPOCH-WR,0,RecentScan
par,Write Repair,41,41,MarkTs,0.048084,,41.0,,,,4,EPOCH-WR,0,
par,Write Repair,42,42,Update,2.975209,21.0,,,,,4,EPOCH-WR,0,Update
par,Write Repair,43,43,RecentScan,58.187417,,43.0,,,,4,EPOCH-WR,0,RecentScan
par,Write Repair,44,44,RecentScan,60.958291,,44.0,,,,4,EPOCH-WR,0,RecentScan
par,Write Repair,45,45,RecentScan,59.176916,,45.0,,,,4,EPOCH-WR,0,RecentScan
par,Write Repair,46,46,RecentScan,60.446292,,46.0,,,,4,EPOCH-WR,0,RecentScan
par,Write Repair,47,47,RecentScan,58.9805,,47.0,,,,4,EPOCH-WR,0,RecentScan
par,Write Repair,48,48,MarkTs,0.047709,,48.0,,,,4,EPOCH-WR,0,
par,Write Repair,49,49,Update,3.039125,21.0,,,,,4,EPOCH-WR,0,Update
par,Write Repair,50,50,RecentScan,58.940792,,50.0,,,,4,EPOCH-WR,0,RecentScan
par,Write Repair,51,51,RecentScan,58.545083,,51.0,,,,4,EPOCH-WR,0,RecentScan
par,Write Repair,52,52,RecentScan,58.94475,,52.0,,,,4,EPOCH-WR,0,RecentScan
par,Write Repair,53,53,RecentScan,62.328875,,53.0,,,,4,EPOCH-WR,0,RecentScan
par,Write Repair,54,54,RecentScan,65.630667,,54.0,,,,4,EPOCH-WR,0,RecentScan
par,Write Repair,55,55,MarkTs,0.423042,,55.0,,,,4,EPOCH-WR,0,
par,Write Repair,56,56,Update,3.86325,21.0,,,,,4,EPOCH-WR,0,Update
par,Write Repair,57,57,RecentScan,77.510333,,57.0,,,,4,EPOCH-WR,0,RecentScan
par,Write Repair,58,58,RecentScan,105.693792,,58.0,,,,4,EPOCH-WR,0,RecentScan
par,Write Repair,59,59,RecentScan,73.544,,59.0,,,,4,EPOCH-WR,0,RecentScan
par,Write Repair,60,60,RecentScan,74.498791,,60.0,,,,4,EPOCH-WR,0,RecentScan
par,Write Repair,61,61,RecentScan,67.195875,,61.0,,,,4,EPOCH-WR,0,RecentScan
par,Write Repair,62,62,MarkTs,0.060625,,62.0,,,,4,EPOCH-WR,0,
par,Write Repair,63,63,Update,4.067458,21.0,,,,,4,EPOCH-WR,0,Update
par,Write Repair,64,64,RecentScan,62.260459,,64.0,,,,4,EPOCH-WR,0,RecentScan
par,Write Repair,65,65,RecentScan,61.401583,,65.0,,,,4,EPOCH-WR,0,RecentScan
par,Write Repair,66,66,RecentScan,62.040333,,66.0,,,,4,EPOCH-WR,0,RecentScan
par,Write Repair,67,67,RecentScan,64.065083,,67.0,,,,4,EPOCH-WR,0,RecentScan
par,Write Repair,68,68,RecentScan,64.170375,,68.0,,,,4,EPOCH-WR,0,RecentScan
par,Write Repair,69,69,MarkTs,0.053917,,69.0,,,,4,EPOCH-WR,0,
par,Write Repair,70,70,Update,2.976542,21.0,,,,,4,EPOCH-WR,0,Update
par,Write Repair,0,0,InitLoad,93.663958,210000.0,,,,,0,EPOCH-WR,1,InitLoad
par,Write Repair,1,1,RecentScan,95.269917,,1.0,,,,0,EPOCH-WR,1,RecentScan
par,Write Repair,2,2,RecentScan,74.085084,,2.0,,,,0,EPOCH-WR,1,RecentScan
par,Write Repair,3,3,RecentScan,61.4425,,3.0,,,,0,EPOCH-WR,1,RecentScan
par,Write Repair,4,4,RecentScan,64.1845,,4.0,,,,0,EPOCH-WR,1,RecentScan
par,Write Repair,5,5,RecentScan,67.282333,,5.0,,,,0,EPOCH-WR,1,RecentScan
par,Write Repair,6,6,MarkTs,0.25933300000000004,,6.0,,,,0,EPOCH-WR,1,
par,Write Repair,7,7,Update,4.549375,21.0,,,,,0,EPOCH-WR,1,Update
par,Write Repair,8,8,HistoryScan,73.971167,,6.0,,,,0,EPOCH-WR,1,HistoryScan
par,Write Repair,9,9,RecentScan,63.707,,9.0,,,,0,EPOCH-WR,1,RecentScan
par,Write Repair,10,10,RecentScan,59.885417,,10.0,,,,0,EPOCH-WR,1,RecentScan
par,Write Repair,11,11,RecentScan,60.904583,,11.0,,,,0,EPOCH-WR,1,RecentScan
par,Write Repair,12,12,RecentScan,71.512708,,12.0,,,,0,EPOCH-WR,1,RecentScan
par,Write Repair,13,13,MarkTs,0.02225,,13.0,,,,0,EPOCH-WR,1,
par,Write Repair,14,14,Update,3.159459,21.0,,,,,0,EPOCH-WR,1,Update
par,Write Repair,15,15,RecentScan,65.088792,,15.0,,,,0,EPOCH-WR,1,RecentScan
par,Write Repair,16,16,RecentScan,64.312375,,16.0,,,,0,EPOCH-WR,1,RecentScan
par,Write Repair,17,17,RecentScan,94.337167,,17.0,,,,0,EPOCH-WR,1,RecentScan
par,Write Repair,18,18,RecentScan,70.438875,,18.0,,,,0,EPOCH-WR,1,RecentScan
par,Write Repair,19,19,RecentScan,62.868667,,19.0,,,,0,EPOCH-WR,1,RecentScan
par,Write Repair,20,20,MarkTs,0.017417000000000002,,20.0,,,,0,EPOCH-WR,1,
par,Write Repair,21,21,Update,3.085792,21.0,,,,,0,EPOCH-WR,1,Update
par,Write Repair,22,22,RecentScan,61.813792,,22.0,,,,0,EPOCH-WR,1,RecentScan
par,Write Repair,23,23,RecentScan,61.971667,,23.0,,,,0,EPOCH-WR,1,RecentScan
par,Write Repair,24,24,RecentScan,64.963166,,24.0,,,,0,EPOCH-WR,1,RecentScan
par,Write Repair,25,25,RecentScan,64.022958,,25.0,,,,0,EPOCH-WR,1,RecentScan
par,Write Repair,26,26,RecentScan,61.468917,,26.0,,,,0,EPOCH-WR,1,RecentScan
par,Write Repair,27,27,MarkTs,0.224375,,27.0,,,,0,EPOCH-WR,1,
par,Write Repair,28,28,Update,3.160709,21.0,,,,,0,EPOCH-WR,1,Update
par,Write Repair,29,29,RecentScan,60.3515,,29.0,,,,0,EPOCH-WR,1,RecentScan
par,Write Repair,30,30,RecentScan,61.595875,,30.0,,,,0,EPOCH-WR,1,RecentScan
par,Write Repair,31,31,RecentScan,60.392708,,31.0,,,,0,EPOCH-WR,1,RecentScan
par,Write Repair,32,32,RecentScan,64.84175,,32.0,,,,0,EPOCH-WR,1,RecentScan
par,Write Repair,33,33,RecentScan,71.298166,,33.0,,,,0,EPOCH-WR,1,RecentScan
par,Write Repair,34,34,MarkTs,0.040290999999999993,,34.0,,,,0,EPOCH-WR,1,
par,Write Repair,35,35,Update,3.904167,21.0,,,,,0,EPOCH-WR,1,Update
par,Write Repair,36,36,RecentScan,73.106959,,36.0,,,,0,EPOCH-WR,1,RecentScan
par,Write Repair,37,37,RecentScan,69.887875,,37.0,,,,0,EPOCH-WR,1,RecentScan
par,Write Repair,38,38,RecentScan,66.955375,,38.0,,,,0,EPOCH-WR,1,RecentScan
par,Write Repair,39,39,RecentScan,67.8715,,39.0,,,,0,EPOCH-WR,1,RecentScan
par,Write Repair,40,40,RecentScan,70.837542,,40.0,,,,0,EPOCH-WR,1,RecentScan
par,Write Repair,41,41,MarkTs,0.042792000000000004,,41.0,,,,0,EPOCH-WR,1,
par,Write Repair,42,42,Update,2.98275,21.0,,,,,0,EPOCH-WR,1,Update
par,Write Repair,43,43,RecentScan,62.867625,,43.0,,,,0,EPOCH-WR,1,RecentScan
par,Write Repair,44,44,RecentScan,66.320917,,44.0,,,,0,EPOCH-WR,1,RecentScan
par,Write Repair,45,45,RecentScan,67.3355,,45.0,,,,0,EPOCH-WR,1,RecentScan
par,Write Repair,46,46,RecentScan,70.187959,,46.0,,,,0,EPOCH-WR,1,RecentScan
par,Write Repair,47,47,RecentScan,88.30325,,47.0,,,,0,EPOCH-WR,1,RecentScan
par,Write Repair,48,48,MarkTs,0.0435,,48.0,,,,0,EPOCH-WR,1,
par,Write Repair,49,49,Update,4.374083,21.0,,,,,0,EPOCH-WR,1,Update
par,Write Repair,50,50,RecentScan,74.001291,,50.0,,,,0,EPOCH-WR,1,RecentScan
par,Write Repair,51,51,RecentScan,63.4575,,51.0,,,,0,EPOCH-WR,1,RecentScan
par,Write Repair,52,52,RecentScan,85.622208,,52.0,,,,0,EPOCH-WR,1,RecentScan
par,Write Repair,53,53,RecentScan,66.170875,,53.0,,,,0,EPOCH-WR,1,RecentScan
par,Write Repair,54,54,RecentScan,71.081208,,54.0,,,,0,EPOCH-WR,1,RecentScan
par,Write Repair,55,55,MarkTs,0.549209,,55.0,,,,0,EPOCH-WR,1,
par,Write Repair,56,56,Update,3.377084,21.0,,,,,0,EPOCH-WR,1,Update
par,Write Repair,57,57,RecentScan,71.381916,,57.0,,,,0,EPOCH-WR,1,RecentScan
par,Write Repair,58,58,RecentScan,70.091834,,58.0,,,,0,EPOCH-WR,1,RecentScan
par,Write Repair,59,59,RecentScan,62.589625,,59.0,,,,0,EPOCH-WR,1,RecentScan
par,Write Repair,60,60,RecentScan,64.776083,,60.0,,,,0,EPOCH-WR,1,RecentScan
par,Write Repair,61,61,RecentScan,60.712375,,61.0,,,,0,EPOCH-WR,1,RecentScan
par,Write Repair,62,62,MarkTs,0.061292,,62.0,,,,0,EPOCH-WR,1,
par,Write Repair,63,63,Update,3.044541,21.0,,,,,0,EPOCH-WR,1,Update
par,Write Repair,64,64,RecentScan,60.115584,,64.0,,,,0,EPOCH-WR,1,RecentScan
par,Write Repair,65,65,RecentScan,60.417209,,65.0,,,,0,EPOCH-WR,1,RecentScan
par,Write Repair,66,66,RecentScan,63.56425,,66.0,,,,0,EPOCH-WR,1,RecentScan
par,Write Repair,67,67,RecentScan,64.06575,,67.0,,,,0,EPOCH-WR,1,RecentScan
par,Write Repair,68,68,RecentScan,61.625042,,68.0,,,,0,EPOCH-WR,1,RecentScan
par,Write Repair,69,69,MarkTs,0.059958,,69.0,,,,0,EPOCH-WR,1,
par,Write Repair,70,70,Update,2.989208,21.0,,,,,0,EPOCH-WR,1,Update
par,Write Repair,0,0,InitLoad,76.564208,210000.0,,,,,1,EPOCH-WR,1,InitLoad
par,Write Repair,1,1,RecentScan,76.867958,,1.0,,,,1,EPOCH-WR,1,RecentScan
par,Write Repair,2,2,RecentScan,67.285417,,2.0,,,,1,EPOCH-WR,1,RecentScan
par,Write Repair,3,3,RecentScan,67.293875,,3.0,,,,1,EPOCH-WR,1,RecentScan
par,Write Repair,4,4,RecentScan,63.580709,,4.0,,,,1,EPOCH-WR,1,RecentScan
par,Write Repair,5,5,RecentScan,62.948667,,5.0,,,,1,EPOCH-WR,1,RecentScan
par,Write Repair,6,6,MarkTs,0.22,,6.0,,,,1,EPOCH-WR,1,
par,Write Repair,7,7,Update,4.50525,21.0,,,,,1,EPOCH-WR,1,Update
par,Write Repair,8,8,HistoryScan,61.656708,,6.0,,,,1,EPOCH-WR,1,HistoryScan
par,Write Repair,9,9,RecentScan,61.679958,,9.0,,,,1,EPOCH-WR,1,RecentScan
par,Write Repair,10,10,RecentScan,63.94425,,10.0,,,,1,EPOCH-WR,1,RecentScan
par,Write Repair,11,11,RecentScan,62.788667,,11.0,,,,1,EPOCH-WR,1,RecentScan
par,Write Repair,12,12,RecentScan,64.771417,,12.0,,,,1,EPOCH-WR,1,RecentScan
par,Write Repair,13,13,MarkTs,0.019917,,13.0,,,,1,EPOCH-WR,1,
par,Write Repair,14,14,Update,3.221875,21.0,,,,,1,EPOCH-WR,1,Update
par,Write Repair,15,15,RecentScan,62.383166,,15.0,,,,1,EPOCH-WR,1,RecentScan
par,Write Repair,16,16,RecentScan,64.959875,,16.0,,,,1,EPOCH-WR,1,RecentScan
par,Write Repair,17,17,RecentScan,58.538375,,17.0,,,,1,EPOCH-WR,1,RecentScan
par,Write Repair,18,18,RecentScan,58.379,,18.0,,,,1,EPOCH-WR,1,RecentScan
par,Write Repair,19,19,RecentScan,58.5035,,19.0,,,,1,EPOCH-WR,1,RecentScan
par,Write Repair,20,20,MarkTs,0.019,,20.0,,,,1,EPOCH-WR,1,
par,Write Repair,21,21,Update,3.116208,21.0,,,,,1,EPOCH-WR,1,Update
par,Write Repair,22,22,RecentScan,61.920083,,22.0,,,,1,EPOCH-WR,1,RecentScan
par,Write Repair,23,23,RecentScan,63.514833,,23.0,,,,1,EPOCH-WR,1,RecentScan
par,Write Repair,24,24,RecentScan,61.352916,,24.0,,,,1,EPOCH-WR,1,RecentScan
par,Write Repair,25,25,RecentScan,60.285167,,25.0,,,,1,EPOCH-WR,1,RecentScan
par,Write Repair,26,26,RecentScan,56.987292,,26.0,,,,1,EPOCH-WR,1,RecentScan
par,Write Repair,27,27,MarkTs,0.28558300000000003,,27.0,,,,1,EPOCH-WR,1,
par,Write Repair,28,28,Update,3.079792,21.0,,,,,1,EPOCH-WR,1,Update
par,Write Repair,29,29,RecentScan,57.688125,,29.0,,,,1,EPOCH-WR,1,RecentScan
par,Write Repair,30,30,RecentScan,59.287375,,30.0,,,,1,EPOCH-WR,1,RecentScan
par,Write Repair,31,31,RecentScan,59.204542,,31.0,,,,1,EPOCH-WR,1,RecentScan
par,Write Repair,32,32,RecentScan,57.747458,,32.0,,,,1,EPOCH-WR,1,RecentScan
par,Write Repair,33,33,RecentScan,60.436959,,33.0,,,,1,EPOCH-WR,1,RecentScan
par,Write Repair,34,34,MarkTs,0.048583,,34.0,,,,1,EPOCH-WR,1,
par,Write Repair,35,35,Update,3.23075,21.0,,,,,1,EPOCH-WR,1,Update
par,Write Repair,36,36,RecentScan,58.812958,,36.0,,,,1,EPOCH-WR,1,RecentScan
par,Write Repair,37,37,RecentScan,59.401583,,37.0,,,,1,EPOCH-WR,1,RecentScan
par,Write Repair,38,38,RecentScan,68.223583,,38.0,,,,1,EPOCH-WR,1,RecentScan
par,Write Repair,39,39,RecentScan,63.289,,39.0,,,,1,EPOCH-WR,1,RecentScan
par,Write Repair,40,40,RecentScan,59.2665,,40.0,,,,1,EPOCH-WR,1,RecentScan
par,Write Repair,41,41,MarkTs,0.048709,,41.0,,,,1,EPOCH-WR,1,
par,Write Repair,42,42,Update,2.926041,21.0,,,,,1,EPOCH-WR,1,Update
par,Write Repair,43,43,RecentScan,59.014209,,43.0,,,,1,EPOCH-WR,1,RecentScan
par,Write Repair,44,44,RecentScan,63.672084,,44.0,,,,1,EPOCH-WR,1,RecentScan
par,Write Repair,45,45,RecentScan,61.765834,,45.0,,,,1,EPOCH-WR,1,RecentScan
par,Write Repair,46,46,RecentScan,63.195417,,46.0,,,,1,EPOCH-WR,1,RecentScan
par,Write Repair,47,47,RecentScan,65.24875,,47.0,,,,1,EPOCH-WR,1,RecentScan
par,Write Repair,48,48,MarkTs,0.0435,,48.0,,,,1,EPOCH-WR,1,
par,Write Repair,49,49,Update,3.18575,21.0,,,,,1,EPOCH-WR,1,Update
par,Write Repair,50,50,RecentScan,64.520333,,50.0,,,,1,EPOCH-WR,1,RecentScan
par,Write Repair,51,51,RecentScan,61.524959,,51.0,,,,1,EPOCH-WR,1,RecentScan
par,Write Repair,52,52,RecentScan,62.215542,,52.0,,,,1,EPOCH-WR,1,RecentScan
par,Write Repair,53,53,RecentScan,68.74125,,53.0,,,,1,EPOCH-WR,1,RecentScan
par,Write Repair,54,54,RecentScan,66.695583,,54.0,,,,1,EPOCH-WR,1,RecentScan
par,Write Repair,55,55,MarkTs,0.264209,,55.0,,,,1,EPOCH-WR,1,
par,Write Repair,56,56,Update,3.422375,21.0,,,,,1,EPOCH-WR,1,Update
par,Write Repair,57,57,RecentScan,74.648833,,57.0,,,,1,EPOCH-WR,1,RecentScan
par,Write Repair,58,58,RecentScan,67.094167,,58.0,,,,1,EPOCH-WR,1,RecentScan
par,Write Repair,59,59,RecentScan,62.603875,,59.0,,,,1,EPOCH-WR,1,RecentScan
par,Write Repair,60,60,RecentScan,64.348833,,60.0,,,,1,EPOCH-WR,1,RecentScan
par,Write Repair,61,61,RecentScan,63.165667,,61.0,,,,1,EPOCH-WR,1,RecentScan
par,Write Repair,62,62,MarkTs,0.062875,,62.0,,,,1,EPOCH-WR,1,
par,Write Repair,63,63,Update,3.105083,21.0,,,,,1,EPOCH-WR,1,Update
par,Write Repair,64,64,RecentScan,64.694292,,64.0,,,,1,EPOCH-WR,1,RecentScan
par,Write Repair,65,65,RecentScan,62.485,,65.0,,,,1,EPOCH-WR,1,RecentScan
par,Write Repair,66,66,RecentScan,61.316708,,66.0,,,,1,EPOCH-WR,1,RecentScan
par,Write Repair,67,67,RecentScan,61.347083,,67.0,,,,1,EPOCH-WR,1,RecentScan
par,Write Repair,68,68,RecentScan,61.993,,68.0,,,,1,EPOCH-WR,1,RecentScan
par,Write Repair,69,69,MarkTs,0.065667,,69.0,,,,1,EPOCH-WR,1,
par,Write Repair,70,70,Update,3.045167,21.0,,,,,1,EPOCH-WR,1,Update
par,Write Repair,0,0,InitLoad,75.641792,210000.0,,,,,2,EPOCH-WR,1,InitLoad
par,Write Repair,1,1,RecentScan,68.461958,,1.0,,,,2,EPOCH-WR,1,RecentScan
par,Write Repair,2,2,RecentScan,64.959416,,2.0,,,,2,EPOCH-WR,1,RecentScan
par,Write Repair,3,3,RecentScan,63.06475,,3.0,,,,2,EPOCH-WR,1,RecentScan
par,Write Repair,4,4,RecentScan,59.993167,,4.0,,,,2,EPOCH-WR,1,RecentScan
par,Write Repair,5,5,RecentScan,64.213833,,5.0,,,,2,EPOCH-WR,1,RecentScan
par,Write Repair,6,6,MarkTs,0.223375,,6.0,,,,2,EPOCH-WR,1,
par,Write Repair,7,7,Update,3.873042,21.0,,,,,2,EPOCH-WR,1,Update
par,Write Repair,8,8,HistoryScan,64.949208,,6.0,,,,2,EPOCH-WR,1,HistoryScan
par,Write Repair,9,9,RecentScan,64.799917,,9.0,,,,2,EPOCH-WR,1,RecentScan
par,Write Repair,10,10,RecentScan,63.079375,,10.0,,,,2,EPOCH-WR,1,RecentScan
par,Write Repair,11,11,RecentScan,60.025125,,11.0,,,,2,EPOCH-WR,1,RecentScan
par,Write Repair,12,12,RecentScan,63.27,,12.0,,,,2,EPOCH-WR,1,RecentScan
par,Write Repair,13,13,MarkTs,0.016957999999999997,,13.0,,,,2,EPOCH-WR,1,
par,Write Repair,14,14,Update,3.257875,21.0,,,,,2,EPOCH-WR,1,Update
par,Write Repair,15,15,RecentScan,57.48775,,15.0,,,,2,EPOCH-WR,1,RecentScan
par,Write Repair,16,16,RecentScan,61.560292,,16.0,,,,2,EPOCH-WR,1,RecentScan
par,Write Repair,17,17,RecentScan,58.239542,,17.0,,,,2,EPOCH-WR,1,RecentScan
par,Write Repair,18,18,RecentScan,59.616708,,18.0,,,,2,EPOCH-WR,1,RecentScan
par,Write Repair,19,19,RecentScan,60.664916,,19.0,,,,2,EPOCH-WR,1,RecentScan
par,Write Repair,20,20,MarkTs,0.018584,,20.0,,,,2,EPOCH-WR,1,
par,Write Repair,21,21,Update,2.948959,21.0,,,,,2,EPOCH-WR,1,Update
par,Write Repair,22,22,RecentScan,61.434333,,22.0,,,,2,EPOCH-WR,1,RecentScan
par,Write Repair,23,23,RecentScan,61.226084,,23.0,,,,2,EPOCH-WR,1,RecentScan
par,Write Repair,24,24,RecentScan,61.111542,,24.0,,,,2,EPOCH-WR,1,RecentScan
par,Write Repair,25,25,RecentScan,61.40075,,25.0,,,,2,EPOCH-WR,1,RecentScan
par,Write Repair,26,26,RecentScan,61.771375,,26.0,,,,2,EPOCH-WR,1,RecentScan
par,Write Repair,27,27,MarkTs,0.29579099999999997,,27.0,,,,2,EPOCH-WR,1,
par,Write Repair,28,28,Update,3.072375,21.0,,,,,2,EPOCH-WR,1,Update
par,Write Repair,29,29,RecentScan,60.339583,,29.0,,,,2,EPOCH-WR,1,RecentScan
par,Write Repair,30,30,RecentScan,60.409333,,30.0,,,,2,EPOCH-WR,1,RecentScan
par,Write Repair,31,31,RecentScan,60.533917,,31.0,,,,2,EPOCH-WR,1,RecentScan
par,Write Repair,32,32,RecentScan,62.557958,,32.0,,,,2,EPOCH-WR,1,RecentScan
par,Write Repair,33,33,RecentScan,64.876833,,33.0,,,,2,EPOCH-WR,1,RecentScan
par,Write Repair,34,34,MarkTs,0.050084000000000004,,34.0,,,,2,EPOCH-WR,1,
par,Write Repair,35,35,Update,3.704,21.0,,,,,2,EPOCH-WR,1,Update
par,Write Repair,36,36,RecentScan,65.671458,,36.0,,,,2,EPOCH-WR,1,RecentScan
par,Write Repair,37,37,RecentScan,64.68125,,37.0,,,,2,EPOCH-WR,1,RecentScan
par,Write Repair,38,38,RecentScan,61.290958,,38.0,,,,2,EPOCH-WR,1,RecentScan
par,Write Repair,39,39,RecentScan,63.697875,,39.0,,,,2,EPOCH-WR,1,RecentScan
par,Write Repair,40,40,RecentScan,60.049417,,40.0,,,,2,EPOCH-WR,1,RecentScan
par,Write Repair,41,41,MarkTs,0.048209,,41.0,,,,2,EPOCH-WR,1,
par,Write Repair,42,42,Update,3.052084,21.0,,,,,2,EPOCH-WR,1,Update
par,Write Repair,43,43,RecentScan,60.023375,,43.0,,,,2,EPOCH-WR,1,RecentScan
par,Write Repair,44,44,RecentScan,61.280792,,44.0,,,,2,EPOCH-WR,1,RecentScan
par,Write Repair,45,45,RecentScan,59.907625,,45.0,,,,2,EPOCH-WR,1,RecentScan
par,Write Repair,46,46,RecentScan,61.036042,,46.0,,,,2,EPOCH-WR,1,RecentScan
par,Write Repair,47,47,RecentScan,63.859125,,47.0,,,,2,EPOCH-WR,1,RecentScan
par,Write Repair,48,48,MarkTs,0.046417,,48.0,,,,2,EPOCH-WR,1,
par,Write Repair,49,49,Update,3.157459,21.0,,,,,2,EPOCH-WR,1,Update
par,Write Repair,50,50,RecentScan,63.389958,,50.0,,,,2,EPOCH-WR,1,RecentScan
par,Write Repair,51,51,RecentScan,63.899917,,51.0,,,,2,EPOCH-WR,1,RecentScan
par,Write Repair,52,52,RecentScan,63.073166,,52.0,,,,2,EPOCH-WR,1,RecentScan
par,Write Repair,53,53,RecentScan,62.108,,53.0,,,,2,EPOCH-WR,1,RecentScan
par,Write Repair,54,54,RecentScan,63.864791,,54.0,,,,2,EPOCH-WR,1,RecentScan
par,Write Repair,55,55,MarkTs,0.370709,,55.0,,,,2,EPOCH-WR,1,
par,Write Repair,56,56,Update,3.380042,21.0,,,,,2,EPOCH-WR,1,Update
par,Write Repair,57,57,RecentScan,61.453875,,57.0,,,,2,EPOCH-WR,1,RecentScan
par,Write Repair,58,58,RecentScan,63.473583,,58.0,,,,2,EPOCH-WR,1,RecentScan
par,Write Repair,59,59,RecentScan,61.118875,,59.0,,,,2,EPOCH-WR,1,RecentScan
par,Write Repair,60,60,RecentScan,63.087167,,60.0,,,,2,EPOCH-WR,1,RecentScan
par,Write Repair,61,61,RecentScan,61.342292,,61.0,,,,2,EPOCH-WR,1,RecentScan
par,Write Repair,62,62,MarkTs,0.063833,,62.0,,,,2,EPOCH-WR,1,
par,Write Repair,63,63,Update,3.148583,21.0,,,,,2,EPOCH-WR,1,Update
par,Write Repair,64,64,RecentScan,59.699542,,64.0,,,,2,EPOCH-WR,1,RecentScan
par,Write Repair,65,65,RecentScan,60.365416,,65.0,,,,2,EPOCH-WR,1,RecentScan
par,Write Repair,66,66,RecentScan,59.432833,,66.0,,,,2,EPOCH-WR,1,RecentScan
par,Write Repair,67,67,RecentScan,62.069167,,67.0,,,,2,EPOCH-WR,1,RecentScan
par,Write Repair,68,68,RecentScan,62.261959,,68.0,,,,2,EPOCH-WR,1,RecentScan
par,Write Repair,69,69,MarkTs,0.062333,,69.0,,,,2,EPOCH-WR,1,
par,Write Repair,70,70,Update,3.106542,21.0,,,,,2,EPOCH-WR,1,Update
par,Write Repair,0,0,InitLoad,69.332375,210000.0,,,,,3,EPOCH-WR,1,InitLoad
par,Write Repair,1,1,RecentScan,68.115417,,1.0,,,,3,EPOCH-WR,1,RecentScan
par,Write Repair,2,2,RecentScan,65.688791,,2.0,,,,3,EPOCH-WR,1,RecentScan
par,Write Repair,3,3,RecentScan,62.167291,,3.0,,,,3,EPOCH-WR,1,RecentScan
par,Write Repair,4,4,RecentScan,61.90825,,4.0,,,,3,EPOCH-WR,1,RecentScan
par,Write Repair,5,5,RecentScan,59.326708,,5.0,,,,3,EPOCH-WR,1,RecentScan
par,Write Repair,6,6,MarkTs,0.238541,,6.0,,,,3,EPOCH-WR,1,
par,Write Repair,7,7,Update,2.991125,21.0,,,,,3,EPOCH-WR,1,Update
par,Write Repair,8,8,HistoryScan,69.105041,,6.0,,,,3,EPOCH-WR,1,HistoryScan
par,Write Repair,9,9,RecentScan,67.8695,,9.0,,,,3,EPOCH-WR,1,RecentScan
par,Write Repair,10,10,RecentScan,60.725042,,10.0,,,,3,EPOCH-WR,1,RecentScan
par,Write Repair,11,11,RecentScan,60.017625,,11.0,,,,3,EPOCH-WR,1,RecentScan
par,Write Repair,12,12,RecentScan,61.139417,,12.0,,,,3,EPOCH-WR,1,RecentScan
par,Write Repair,13,13,MarkTs,0.018834,,13.0,,,,3,EPOCH-WR,1,
par,Write Repair,14,14,Update,3.1125,21.0,,,,,3,EPOCH-WR,1,Update
par,Write Repair,15,15,RecentScan,57.708541,,15.0,,,,3,EPOCH-WR,1,RecentScan
par,Write Repair,16,16,RecentScan,56.31975,,16.0,,,,3,EPOCH-WR,1,RecentScan
par,Write Repair,17,17,RecentScan,59.169,,17.0,,,,3,EPOCH-WR,1,RecentScan
par,Write Repair,18,18,RecentScan,60.766292,,18.0,,,,3,EPOCH-WR,1,RecentScan
par,Write Repair,19,19,RecentScan,60.317417,,19.0,,,,3,EPOCH-WR,1,RecentScan
par,Write Repair,20,20,MarkTs,0.017875,,20.0,,,,3,EPOCH-WR,1,
par,Write Repair,21,21,Update,2.986,21.0,,,,,3,EPOCH-WR,1,Update
par,Write Repair,22,22,RecentScan,60.002291,,22.0,,,,3,EPOCH-WR,1,RecentScan
par,Write Repair,23,23,RecentScan,63.943333,,23.0,,,,3,EPOCH-WR,1,RecentScan
par,Write Repair,24,24,RecentScan,67.986459,,24.0,,,,3,EPOCH-WR,1,RecentScan
par,Write Repair,25,25,RecentScan,69.118708,,25.0,,,,3,EPOCH-WR,1,RecentScan
par,Write Repair,26,26,RecentScan,63.583959,,26.0,,,,3,EPOCH-WR,1,RecentScan
par,Write Repair,27,27,MarkTs,0.287833,,27.0,,,,3,EPOCH-WR,1,
par,Write Repair,28,28,Update,3.296375,21.0,,,,,3,EPOCH-WR,1,Update
par,Write Repair,29,29,RecentScan,62.213709,,29.0,,,,3,EPOCH-WR,1,RecentScan
par,Write Repair,30,30,RecentScan,60.937958,,30.0,,,,3,EPOCH-WR,1,RecentScan
par,Write Repair,31,31,RecentScan,58.48275,,31.0,,,,3,EPOCH-WR,1,RecentScan
par,Write Repair,32,32,RecentScan,61.140125,,32.0,,,,3,EPOCH-WR,1,RecentScan
par,Write Repair,33,33,RecentScan,61.393125,,33.0,,,,3,EPOCH-WR,1,RecentScan
par,Write Repair,34,34,MarkTs,0.049915999999999995,,34.0,,,,3,EPOCH-WR,1,
par,Write Repair,35,35,Update,3.309042,21.0,,,,,3,EPOCH-WR,1,Update
par,Write Repair,36,36,RecentScan,57.086083,,36.0,,,,3,EPOCH-WR,1,RecentScan
par,Write Repair,37,37,RecentScan,62.442125,,37.0,,,,3,EPOCH-WR,1,RecentScan
par,Write Repair,38,38,RecentScan,61.201208,,38.0,,,,3,EPOCH-WR,1,RecentScan
par,Write Repair,39,39,RecentScan,64.628125,,39.0,,,,3,EPOCH-WR,1,RecentScan
par,Write Repair,40,40,RecentScan,62.314792,,40.0,,,,3,EPOCH-WR,1,RecentScan
par,Write Repair,41,41,MarkTs,0.042542,,41.0,,,,3,EPOCH-WR,1,
par,Write Repair,42,42,Update,3.517709,21.0,,,,,3,EPOCH-WR,1,Update
par,Write Repair,43,43,RecentScan,64.032,,43.0,,,,3,EPOCH-WR,1,RecentScan
par,Write Repair,44,44,RecentScan,64.016833,,44.0,,,,3,EPOCH-WR,1,RecentScan
par,Write Repair,45,45,RecentScan,63.584416,,45.0,,,,3,EPOCH-WR,1,RecentScan
par,Write Repair,46,46,RecentScan,60.063417,,46.0,,,,3,EPOCH-WR,1,RecentScan
par,Write Repair,47,47,RecentScan,64.324333,,47.0,,,,3,EPOCH-WR,1,RecentScan
par,Write Repair,48,48,MarkTs,0.048209,,48.0,,,,3,EPOCH-WR,1,
par,Write Repair,49,49,Update,3.108375,21.0,,,,,3,EPOCH-WR,1,Update
par,Write Repair,50,50,RecentScan,63.288583,,50.0,,,,3,EPOCH-WR,1,RecentScan
par,Write Repair,51,51,RecentScan,61.149791,,51.0,,,,3,EPOCH-WR,1,RecentScan
par,Write Repair,52,52,RecentScan,62.468958,,52.0,,,,3,EPOCH-WR,1,RecentScan
par,Write Repair,53,53,RecentScan,59.636291,,53.0,,,,3,EPOCH-WR,1,RecentScan
par,Write Repair,54,54,RecentScan,61.947084,,54.0,,,,3,EPOCH-WR,1,RecentScan
par,Write Repair,55,55,MarkTs,0.343708,,55.0,,,,3,EPOCH-WR,1,
par,Write Repair,56,56,Update,3.142042,21.0,,,,,3,EPOCH-WR,1,Update
par,Write Repair,57,57,RecentScan,62.788667,,57.0,,,,3,EPOCH-WR,1,RecentScan
par,Write Repair,58,58,RecentScan,59.780333,,58.0,,,,3,EPOCH-WR,1,RecentScan
par,Write Repair,59,59,RecentScan,60.722708,,59.0,,,,3,EPOCH-WR,1,RecentScan
par,Write Repair,60,60,RecentScan,60.232125,,60.0,,,,3,EPOCH-WR,1,RecentScan
par,Write Repair,61,61,RecentScan,62.179875,,61.0,,,,3,EPOCH-WR,1,RecentScan
par,Write Repair,62,62,MarkTs,0.056917,,62.0,,,,3,EPOCH-WR,1,
par,Write Repair,63,63,Update,3.187458,21.0,,,,,3,EPOCH-WR,1,Update
par,Write Repair,64,64,RecentScan,66.930708,,64.0,,,,3,EPOCH-WR,1,RecentScan
par,Write Repair,65,65,RecentScan,64.851833,,65.0,,,,3,EPOCH-WR,1,RecentScan
par,Write Repair,66,66,RecentScan,65.226875,,66.0,,,,3,EPOCH-WR,1,RecentScan
par,Write Repair,67,67,RecentScan,63.0345,,67.0,,,,3,EPOCH-WR,1,RecentScan
par,Write Repair,68,68,RecentScan,64.711458,,68.0,,,,3,EPOCH-WR,1,RecentScan
par,Write Repair,69,69,MarkTs,0.061708,,69.0,,,,3,EPOCH-WR,1,
par,Write Repair,70,70,Update,3.132667,21.0,,,,,3,EPOCH-WR,1,Update
par,Write Repair,0,0,InitLoad,78.387167,210000.0,,,,,4,EPOCH-WR,1,InitLoad
par,Write Repair,1,1,RecentScan,69.759542,,1.0,,,,4,EPOCH-WR,1,RecentScan
par,Write Repair,2,2,RecentScan,64.503834,,2.0,,,,4,EPOCH-WR,1,RecentScan
par,Write Repair,3,3,RecentScan,64.396792,,3.0,,,,4,EPOCH-WR,1,RecentScan
par,Write Repair,4,4,RecentScan,62.12375,,4.0,,,,4,EPOCH-WR,1,RecentScan
par,Write Repair,5,5,RecentScan,63.946459,,5.0,,,,4,EPOCH-WR,1,RecentScan
par,Write Repair,6,6,MarkTs,0.251667,,6.0,,,,4,EPOCH-WR,1,
par,Write Repair,7,7,Update,3.819041,21.0,,,,,4,EPOCH-WR,1,Update
par,Write Repair,8,8,HistoryScan,61.127708,,6.0,,,,4,EPOCH-WR,1,HistoryScan
par,Write Repair,9,9,RecentScan,60.755792,,9.0,,,,4,EPOCH-WR,1,RecentScan
par,Write Repair,10,10,RecentScan,60.967292,,10.0,,,,4,EPOCH-WR,1,RecentScan
par,Write Repair,11,11,RecentScan,59.608042,,11.0,,,,4,EPOCH-WR,1,RecentScan
par,Write Repair,12,12,RecentScan,60.629125,,12.0,,,,4,EPOCH-WR,1,RecentScan
par,Write Repair,13,13,MarkTs,0.026834,,13.0,,,,4,EPOCH-WR,1,
par,Write Repair,14,14,Update,3.059375,21.0,,,,,4,EPOCH-WR,1,Update
par,Write Repair,15,15,RecentScan,59.740458,,15.0,,,,4,EPOCH-WR,1,RecentScan
par,Write Repair,16,16,RecentScan,63.665916,,16.0,,,,4,EPOCH-WR,1,RecentScan
par,Write Repair,17,17,RecentScan,62.085083,,17.0,,,,4,EPOCH-WR,1,RecentScan
par,Write Repair,18,18,RecentScan,61.988209,,18.0,,,,4,EPOCH-WR,1,RecentScan
par,Write Repair,19,19,RecentScan,63.322875,,19.0,,,,4,EPOCH-WR,1,RecentScan
par,Write Repair,20,20,MarkTs,0.018792000000000003,,20.0,,,,4,EPOCH-WR,1,
par,Write Repair,21,21,Update,2.907125,21.0,,,,,4,EPOCH-WR,1,Update
par,Write Repair,22,22,RecentScan,58.818959,,22.0,,,,4,EPOCH-WR,1,RecentScan
par,Write Repair,23,23,RecentScan,58.228,,23.0,,,,4,EPOCH-WR,1,RecentScan
par,Write Repair,24,24,RecentScan,59.322084,,24.0,,,,4,EPOCH-WR,1,RecentScan
par,Write Repair,25,25,RecentScan,60.00125,,25.0,,,,4,EPOCH-WR,1,RecentScan
par,Write Repair,26,26,RecentScan,60.996917,,26.0,,,,4,EPOCH-WR,1,RecentScan
par,Write Repair,27,27,MarkTs,0.257041,,27.0,,,,4,EPOCH-WR,1,
par,Write Repair,28,28,Update,3.098833,21.0,,,,,4,EPOCH-WR,1,Update
par,Write Repair,29,29,RecentScan,60.636416,,29.0,,,,4,EPOCH-WR,1,RecentScan
par,Write Repair,30,30,RecentScan,61.010583,,30.0,,,,4,EPOCH-WR,1,RecentScan
par,Write Repair,31,31,RecentScan,61.183625,,31.0,,,,4,EPOCH-WR,1,RecentScan
par,Write Repair,32,32,RecentScan,60.047291,,32.0,,,,4,EPOCH-WR,1,RecentScan
par,Write Repair,33,33,RecentScan,62.52025,,33.0,,,,4,EPOCH-WR,1,RecentScan
par,Write Repair,34,34,MarkTs,0.04625,,34.0,,,,4,EPOCH-WR,1,
par,Write Repair,35,35,Update,3.32075,21.0,,,,,4,EPOCH-WR,1,Update
par,Write Repair,36,36,RecentScan,62.270708,,36.0,,,,4,EPOCH-WR,1,RecentScan
par,Write Repair,37,37,RecentScan,64.689708,,37.0,,,,4,EPOCH-WR,1,RecentScan
par,Write Repair,38,38,RecentScan,60.514459,,38.0,,,,4,EPOCH-WR,1,RecentScan
par,Write Repair,39,39,RecentScan,60.16825,,39.0,,,,4,EPOCH-WR,1,RecentScan
par,Write Repair,40,40,RecentScan,57.643375,,40.0,,,,4,EPOCH-WR,1,RecentScan
par,Write Repair,41,41,MarkTs,0.048665999999999994,,41.0,,,,4,EPOCH-WR,1,
par,Write Repair,42,42,Update,2.913833,21.0,,,,,4,EPOCH-WR,1,Update
par,Write Repair,43,43,RecentScan,59.272042,,43.0,,,,4,EPOCH-WR,1,RecentScan
par,Write Repair,44,44,RecentScan,62.593416,,44.0,,,,4,EPOCH-WR,1,RecentScan
par,Write Repair,45,45,RecentScan,60.827042,,45.0,,,,4,EPOCH-WR,1,RecentScan
par,Write Repair,46,46,RecentScan,61.500542,,46.0,,,,4,EPOCH-WR,1,RecentScan
par,Write Repair,47,47,RecentScan,60.004833,,47.0,,,,4,EPOCH-WR,1,RecentScan
par,Write Repair,48,48,MarkTs,0.04925,,48.0,,,,4,EPOCH-WR,1,
par,Write Repair,49,49,Update,3.100125,21.0,,,,,4,EPOCH-WR,1,Update
par,Write Repair,50,50,RecentScan,58.906333,,50.0,,,,4,EPOCH-WR,1,RecentScan
par,Write Repair,51,51,RecentScan,62.992125,,51.0,,,,4,EPOCH-WR,1,RecentScan
par,Write Repair,52,52,RecentScan,60.774292,,52.0,,,,4,EPOCH-WR,1,RecentScan
par,Write Repair,53,53,RecentScan,59.988459,,53.0,,,,4,EPOCH-WR,1,RecentScan
par,Write Repair,54,54,RecentScan,60.92775,,54.0,,,,4,EPOCH-WR,1,RecentScan
par,Write Repair,55,55,MarkTs,0.37058300000000005,,55.0,,,,4,EPOCH-WR,1,
par,Write Repair,56,56,Update,3.187042,21.0,,,,,4,EPOCH-WR,1,Update
par,Write Repair,57,57,RecentScan,61.658292,,57.0,,,,4,EPOCH-WR,1,RecentScan
par,Write Repair,58,58,RecentScan,62.18775,,58.0,,,,4,EPOCH-WR,1,RecentScan
par,Write Repair,59,59,RecentScan,59.864542,,59.0,,,,4,EPOCH-WR,1,RecentScan
par,Write Repair,60,60,RecentScan,62.959208,,60.0,,,,4,EPOCH-WR,1,RecentScan
par,Write Repair,61,61,RecentScan,64.663667,,61.0,,,,4,EPOCH-WR,1,RecentScan
par,Write Repair,62,62,MarkTs,0.062834,,62.0,,,,4,EPOCH-WR,1,
par,Write Repair,63,63,Update,3.107542,21.0,,,,,4,EPOCH-WR,1,Update
par,Write Repair,64,64,RecentScan,62.85525,,64.0,,,,4,EPOCH-WR,1,RecentScan
par,Write Repair,65,65,RecentScan,73.280959,,65.0,,,,4,EPOCH-WR,1,RecentScan
par,Write Repair,66,66,RecentScan,69.15975,,66.0,,,,4,EPOCH-WR,1,RecentScan
par,Write Repair,67,67,RecentScan,63.744542,,67.0,,,,4,EPOCH-WR,1,RecentScan
par,Write Repair,68,68,RecentScan,63.695292,,68.0,,,,4,EPOCH-WR,1,RecentScan
par,Write Repair,69,69,MarkTs,0.063417,,69.0,,,,4,EPOCH-WR,1,
par,Write Repair,70,70,Update,3.564125,21.0,,,,,4,EPOCH-WR,1,Update
par,Write Repair,0,0,InitLoad,82.889291,210000.0,,,,,0,EPOCH-WR,2,InitLoad
par,Write Repair,1,1,RecentScan,67.62375,,1.0,,,,0,EPOCH-WR,2,RecentScan
par,Write Repair,2,2,RecentScan,60.58725,,2.0,,,,0,EPOCH-WR,2,RecentScan
par,Write Repair,3,3,RecentScan,74.687875,,3.0,,,,0,EPOCH-WR,2,RecentScan
par,Write Repair,4,4,RecentScan,91.752917,,4.0,,,,0,EPOCH-WR,2,RecentScan
par,Write Repair,5,5,RecentScan,77.590709,,5.0,,,,0,EPOCH-WR,2,RecentScan
par,Write Repair,6,6,MarkTs,0.223541,,6.0,,,,0,EPOCH-WR,2,
par,Write Repair,7,7,Update,4.045125,21.0,,,,,0,EPOCH-WR,2,Update
par,Write Repair,8,8,HistoryScan,86.295166,,6.0,,,,0,EPOCH-WR,2,HistoryScan
par,Write Repair,9,9,RecentScan,66.550333,,9.0,,,,0,EPOCH-WR,2,RecentScan
par,Write Repair,10,10,RecentScan,65.130917,,10.0,,,,0,EPOCH-WR,2,RecentScan
par,Write Repair,11,11,RecentScan,67.864167,,11.0,,,,0,EPOCH-WR,2,RecentScan
par,Write Repair,12,12,RecentScan,63.893625,,12.0,,,,0,EPOCH-WR,2,RecentScan
par,Write Repair,13,13,MarkTs,0.01925,,13.0,,,,0,EPOCH-WR,2,
par,Write Repair,14,14,Update,3.381167,21.0,,,,,0,EPOCH-WR,2,Update
par,Write Repair,15,15,RecentScan,65.213583,,15.0,,,,0,EPOCH-WR,2,RecentScan
par,Write Repair,16,16,RecentScan,74.539917,,16.0,,,,0,EPOCH-WR,2,RecentScan
par,Write Repair,17,17,RecentScan,68.425792,,17.0,,,,0,EPOCH-WR,2,RecentScan
par,Write Repair,18,18,RecentScan,70.361958,,18.0,,,,0,EPOCH-WR,2,RecentScan
par,Write Repair,19,19,RecentScan,64.037583,,19.0,,,,0,EPOCH-WR,2,RecentScan
par,Write Repair,20,20,MarkTs,0.023667,,20.0,,,,0,EPOCH-WR,2,
par,Write Repair,21,21,Update,3.093958,21.0,,,,,0,EPOCH-WR,2,Update
par,Write Repair,22,22,HistoryScan,65.549166,,20.0,,,,0,EPOCH-WR,2,HistoryScan
par,Write Repair,23,23,RecentScan,65.380958,,23.0,,,,0,EPOCH-WR,2,RecentScan
par,Write Repair,24,24,RecentScan,65.975541,,24.0,,,,0,EPOCH-WR,2,RecentScan
par,Write Repair,25,25,RecentScan,65.326875,,25.0,,,,0,EPOCH-WR,2,RecentScan
par,Write Repair,26,26,RecentScan,69.525167,,26.0,,,,0,EPOCH-WR,2,RecentScan
par,Write Repair,27,27,MarkTs,0.34225,,27.0,,,,0,EPOCH-WR,2,
par,Write Repair,28,28,Update,3.364875,21.0,,,,,0,EPOCH-WR,2,Update
par,Write Repair,29,29,RecentScan,65.775417,,29.0,,,,0,EPOCH-WR,2,RecentScan
par,Write Repair,30,30,RecentScan,66.793666,,30.0,,,,0,EPOCH-WR,2,RecentScan
par,Write Repair,31,31,RecentScan,66.175708,,31.0,,,,0,EPOCH-WR,2,RecentScan
par,Write Repair,32,32,RecentScan,65.931417,,32.0,,,,0,EPOCH-WR,2,RecentScan
par,Write Repair,33,33,RecentScan,65.40875,,33.0,,,,0,EPOCH-WR,2,RecentScan
par,Write Repair,34,34,MarkTs,0.058707999999999996,,34.0,,,,0,EPOCH-WR,2,
par,Write Repair,35,35,Update,3.486667,21.0,,,,,0,EPOCH-WR,2,Update
par,Write Repair,36,36,RecentScan,65.245167,,36.0,,,,0,EPOCH-WR,2,RecentScan
par,Write Repair,37,37,RecentScan,66.888417,,37.0,,,,0,EPOCH-WR,2,RecentScan
par,Write Repair,38,38,RecentScan,64.922041,,38.0,,,,0,EPOCH-WR,2,RecentScan
par,Write Repair,39,39,RecentScan,64.912041,,39.0,,,,0,EPOCH-WR,2,RecentScan
par,Write Repair,40,40,RecentScan,64.826542,,40.0,,,,0,EPOCH-WR,2,RecentScan
par,Write Repair,41,41,MarkTs,0.063417,,41.0,,,,0,EPOCH-WR,2,
par,Write Repair,42,42,Update,3.121542,21.0,,,,,0,EPOCH-WR,2,Update
par,Write Repair,43,43,RecentScan,64.987667,,43.0,,,,0,EPOCH-WR,2,RecentScan
par,Write Repair,44,44,RecentScan,62.718125,,44.0,,,,0,EPOCH-WR,2,RecentScan
par,Write Repair,45,45,RecentScan,63.483666,,45.0,,,,0,EPOCH-WR,2,RecentScan
par,Write Repair,46,46,RecentScan,66.821292,,46.0,,,,0,EPOCH-WR,2,RecentScan
par,Write Repair,47,47,RecentScan,68.194417,,47.0,,,,0,EPOCH-WR,2,RecentScan
par,Write Repair,48,48,MarkTs,0.052667,,48.0,,,,0,EPOCH-WR,2,
par,Write Repair,49,49,Update,3.404917,21.0,,,,,0,EPOCH-WR,2,Update
par,Write Repair,50,50,RecentScan,66.691166,,50.0,,,,0,EPOCH-WR,2,RecentScan
par,Write Repair,51,51,RecentScan,68.057666,,51.0,,,,0,EPOCH-WR,2,RecentScan
par,Write Repair,52,52,RecentScan,66.546166,,52.0,,,,0,EPOCH-WR,2,RecentScan
par,Write Repair,53,53,RecentScan,68.719875,,53.0,,,,0,EPOCH-WR,2,RecentScan
par,Write Repair,54,54,RecentScan,66.341041,,54.0,,,,0,EPOCH-WR,2,RecentScan
par,Write Repair,55,55,MarkTs,0.5827910000000001,,55.0,,,,0,EPOCH-WR,2,
par,Write Repair,56,56,Update,3.468459,21.0,,,,,0,EPOCH-WR,2,Update
par,Write Repair,57,57,RecentScan,67.6565,,57.0,,,,0,EPOCH-WR,2,RecentScan
par,Write Repair,58,58,RecentScan,66.307208,,58.0,,,,0,EPOCH-WR,2,RecentScan
par,Write Repair,59,59,RecentScan,68.226916,,59.0,,,,0,EPOCH-WR,2,RecentScan
par,Write Repair,60,60,RecentScan,63.97975,,60.0,,,,0,EPOCH-WR,2,RecentScan
par,Write Repair,61,61,RecentScan,64.763166,,61.0,,,,0,EPOCH-WR,2,RecentScan
par,Write Repair,62,62,MarkTs,0.08125,,62.0,,,,0,EPOCH-WR,2,
par,Write Repair,63,63,Update,4.31375,21.0,,,,,0,EPOCH-WR,2,Update
par,Write Repair,64,64,RecentScan,67.460209,,64.0,,,,0,EPOCH-WR,2,RecentScan
par,Write Repair,65,65,RecentScan,66.544208,,65.0,,,,0,EPOCH-WR,2,RecentScan
par,Write Repair,66,66,RecentScan,70.089,,66.0,,,,0,EPOCH-WR,2,RecentScan
par,Write Repair,67,67,RecentScan,71.400334,,67.0,,,,0,EPOCH-WR,2,RecentScan
par,Write Repair,68,68,RecentScan,71.83375,,68.0,,,,0,EPOCH-WR,2,RecentScan
par,Write Repair,69,69,MarkTs,0.08625,,69.0,,,,0,EPOCH-WR,2,
par,Write Repair,70,70,Update,3.283667,21.0,,,,,0,EPOCH-WR,2,Update
par,Write Repair,0,0,InitLoad,72.7805,210000.0,,,,,1,EPOCH-WR,2,InitLoad
par,Write Repair,1,1,RecentScan,88.882708,,1.0,,,,1,EPOCH-WR,2,RecentScan
par,Write Repair,2,2,RecentScan,65.770416,,2.0,,,,1,EPOCH-WR,2,RecentScan
par,Write Repair,3,3,RecentScan,66.655125,,3.0,,,,1,EPOCH-WR,2,RecentScan
par,Write Repair,4,4,RecentScan,69.688584,,4.0,,,,1,EPOCH-WR,2,RecentScan
par,Write Repair,5,5,RecentScan,66.277667,,5.0,,,,1,EPOCH-WR,2,RecentScan
par,Write Repair,6,6,MarkTs,0.2615,,6.0,,,,1,EPOCH-WR,2,
par,Write Repair,7,7,Update,4.760208,21.0,,,,,1,EPOCH-WR,2,Update
par,Write Repair,8,8,HistoryScan,65.307084,,6.0,,,,1,EPOCH-WR,2,HistoryScan
par,Write Repair,9,9,RecentScan,68.3895,,9.0,,,,1,EPOCH-WR,2,RecentScan
par,Write Repair,10,10,RecentScan,65.708792,,10.0,,,,1,EPOCH-WR,2,RecentScan
par,Write Repair,11,11,RecentScan,67.696167,,11.0,,,,1,EPOCH-WR,2,RecentScan
par,Write Repair,12,12,RecentScan,68.83625,,12.0,,,,1,EPOCH-WR,2,RecentScan
par,Write Repair,13,13,MarkTs,0.019709,,13.0,,,,1,EPOCH-WR,2,
par,Write Repair,14,14,Update,3.412875,21.0,,,,,1,EPOCH-WR,2,Update
par,Write Repair,15,15,RecentScan,66.28,,15.0,,,,1,EPOCH-WR,2,RecentScan
par,Write Repair,16,16,RecentScan,69.115166,,16.0,,,,1,EPOCH-WR,2,RecentScan
par,Write Repair,17,17,RecentScan,69.488292,,17.0,,,,1,EPOCH-WR,2,RecentScan
par,Write Repair,18,18,RecentScan,64.429167,,18.0,,,,1,EPOCH-WR,2,RecentScan
par,Write Repair,19,19,RecentScan,65.574667,,19.0,,,,1,EPOCH-WR,2,RecentScan
par,Write Repair,20,20,MarkTs,0.020375,,20.0,,,,1,EPOCH-WR,2,
par,Write Repair,21,21,Update,3.123792,21.0,,,,,1,EPOCH-WR,2,Update
par,Write Repair,22,22,HistoryScan,65.636083,,20.0,,,,1,EPOCH-WR,2,HistoryScan
par,Write Repair,23,23,RecentScan,66.804167,,23.0,,,,1,EPOCH-WR,2,RecentScan
par,Write Repair,24,24,RecentScan,68.508166,,24.0,,,,1,EPOCH-WR,2,RecentScan
par,Write Repair,25,25,RecentScan,67.578917,,25.0,,,,1,EPOCH-WR,2,RecentScan
par,Write Repair,26,26,RecentScan,69.130958,,26.0,,,,1,EPOCH-WR,2,RecentScan
par,Write Repair,27,27,MarkTs,0.34195800000000004,,27.0,,,,1,EPOCH-WR,2,
par,Write Repair,28,28,Update,3.876833,21.0,,,,,1,EPOCH-WR,2,Update
par,Write Repair,29,29,RecentScan,68.788792,,29.0,,,,1,EPOCH-WR,2,RecentScan
par,Write Repair,30,30,RecentScan,66.85025,,30.0,,,,1,EPOCH-WR,2,RecentScan
par,Write Repair,31,31,RecentScan,69.979208,,31.0,,,,1,EPOCH-WR,2,RecentScan
par,Write Repair,32,32,RecentScan,65.825334,,32.0,,,,1,EPOCH-WR,2,RecentScan
par,Write Repair,33,33,RecentScan,65.652291,,33.0,,,,1,EPOCH-WR,2,RecentScan
par,Write Repair,34,34,MarkTs,0.053042,,34.0,,,,1,EPOCH-WR,2,
par,Write Repair,35,35,Update,3.734292,21.0,,,,,1,EPOCH-WR,2,Update
par,Write Repair,36,36,RecentScan,66.347083,,36.0,,,,1,EPOCH-WR,2,RecentScan
par,Write Repair,37,37,RecentScan,68.490833,,37.0,,,,1,EPOCH-WR,2,RecentScan
par,Write Repair,38,38,RecentScan,65.956042,,38.0,,,,1,EPOCH-WR,2,RecentScan
par,Write Repair,39,39,RecentScan,64.817291,,39.0,,,,1,EPOCH-WR,2,RecentScan
par,Write Repair,40,40,RecentScan,64.186042,,40.0,,,,1,EPOCH-WR,2,RecentScan
par,Write Repair,41,41,MarkTs,0.0495,,41.0,,,,1,EPOCH-WR,2,
par,Write Repair,42,42,Update,3.306458,21.0,,,,,1,EPOCH-WR,2,Update
par,Write Repair,43,43,RecentScan,68.751875,,43.0,,,,1,EPOCH-WR,2,RecentScan
par,Write Repair,44,44,RecentScan,64.34075,,44.0,,,,1,EPOCH-WR,2,RecentScan
par,Write Repair,45,45,RecentScan,66.874333,,45.0,,,,1,EPOCH-WR,2,RecentScan
par,Write Repair,46,46,RecentScan,67.472,,46.0,,,,1,EPOCH-WR,2,RecentScan
par,Write Repair,47,47,RecentScan,67.571959,,47.0,,,,1,EPOCH-WR,2,RecentScan
par,Write Repair,48,48,MarkTs,0.061708,,48.0,,,,1,EPOCH-WR,2,
par,Write Repair,49,49,Update,3.176542,21.0,,,,,1,EPOCH-WR,2,Update
par,Write Repair,50,50,RecentScan,67.476708,,50.0,,,,1,EPOCH-WR,2,RecentScan
par,Write Repair,51,51,RecentScan,68.220041,,51.0,,,,1,EPOCH-WR,2,RecentScan
par,Write Repair,52,52,RecentScan,63.075292,,52.0,,,,1,EPOCH-WR,2,RecentScan
par,Write Repair,53,53,RecentScan,67.927333,,53.0,,,,1,EPOCH-WR,2,RecentScan
par,Write Repair,54,54,RecentScan,68.318,,54.0,,,,1,EPOCH-WR,2,RecentScan
par,Write Repair,55,55,MarkTs,0.473917,,55.0,,,,1,EPOCH-WR,2,
par,Write Repair,56,56,Update,3.776,21.0,,,,,1,EPOCH-WR,2,Update
par,Write Repair,57,57,RecentScan,67.845583,,57.0,,,,1,EPOCH-WR,2,RecentScan
par,Write Repair,58,58,RecentScan,65.381166,,58.0,,,,1,EPOCH-WR,2,RecentScan
par,Write Repair,59,59,RecentScan,65.096541,,59.0,,,,1,EPOCH-WR,2,RecentScan
par,Write Repair,60,60,RecentScan,65.703542,,60.0,,,,1,EPOCH-WR,2,RecentScan
par,Write Repair,61,61,RecentScan,65.904334,,61.0,,,,1,EPOCH-WR,2,RecentScan
par,Write Repair,62,62,MarkTs,0.119667,,62.0,,,,1,EPOCH-WR,2,
par,Write Repair,63,63,Update,3.16925,21.0,,,,,1,EPOCH-WR,2,Update
par,Write Repair,64,64,RecentScan,64.460834,,64.0,,,,1,EPOCH-WR,2,RecentScan
par,Write Repair,65,65,RecentScan,65.3055,,65.0,,,,1,EPOCH-WR,2,RecentScan
par,Write Repair,66,66,RecentScan,62.608042,,66.0,,,,1,EPOCH-WR,2,RecentScan
par,Write Repair,67,67,RecentScan,75.086583,,67.0,,,,1,EPOCH-WR,2,RecentScan
par,Write Repair,68,68,RecentScan,60.128375,,68.0,,,,1,EPOCH-WR,2,RecentScan
par,Write Repair,69,69,MarkTs,0.08,,69.0,,,,1,EPOCH-WR,2,
par,Write Repair,70,70,Update,3.222,21.0,,,,,1,EPOCH-WR,2,Update
par,Write Repair,0,0,InitLoad,72.697125,210000.0,,,,,2,EPOCH-WR,2,InitLoad
par,Write Repair,1,1,RecentScan,71.805333,,1.0,,,,2,EPOCH-WR,2,RecentScan
par,Write Repair,2,2,RecentScan,70.336667,,2.0,,,,2,EPOCH-WR,2,RecentScan
par,Write Repair,3,3,RecentScan,64.838917,,3.0,,,,2,EPOCH-WR,2,RecentScan
par,Write Repair,4,4,RecentScan,61.5,,4.0,,,,2,EPOCH-WR,2,RecentScan
par,Write Repair,5,5,RecentScan,66.972417,,5.0,,,,2,EPOCH-WR,2,RecentScan
par,Write Repair,6,6,MarkTs,0.224,,6.0,,,,2,EPOCH-WR,2,
par,Write Repair,7,7,Update,3.215334,21.0,,,,,2,EPOCH-WR,2,Update
par,Write Repair,8,8,HistoryScan,65.904083,,6.0,,,,2,EPOCH-WR,2,HistoryScan
par,Write Repair,9,9,RecentScan,66.624917,,9.0,,,,2,EPOCH-WR,2,RecentScan
par,Write Repair,10,10,RecentScan,65.000833,,10.0,,,,2,EPOCH-WR,2,RecentScan
par,Write Repair,11,11,RecentScan,66.655541,,11.0,,,,2,EPOCH-WR,2,RecentScan
par,Write Repair,12,12,RecentScan,65.6115,,12.0,,,,2,EPOCH-WR,2,RecentScan
par,Write Repair,13,13,MarkTs,0.033790999999999995,,13.0,,,,2,EPOCH-WR,2,
par,Write Repair,14,14,Update,3.518292,21.0,,,,,2,EPOCH-WR,2,Update
par,Write Repair,15,15,RecentScan,65.461667,,15.0,,,,2,EPOCH-WR,2,RecentScan
par,Write Repair,16,16,RecentScan,66.826791,,16.0,,,,2,EPOCH-WR,2,RecentScan
par,Write Repair,17,17,RecentScan,66.638291,,17.0,,,,2,EPOCH-WR,2,RecentScan
par,Write Repair,18,18,RecentScan,66.809166,,18.0,,,,2,EPOCH-WR,2,RecentScan
par,Write Repair,19,19,RecentScan,66.642708,,19.0,,,,2,EPOCH-WR,2,RecentScan
par,Write Repair,20,20,MarkTs,0.019333,,20.0,,,,2,EPOCH-WR,2,
par,Write Repair,21,21,Update,3.401583,21.0,,,,,2,EPOCH-WR,2,Update
par,Write Repair,22,22,HistoryScan,67.34325,,20.0,,,,2,EPOCH-WR,2,HistoryScan
par,Write Repair,23,23,RecentScan,68.033,,23.0,,,,2,EPOCH-WR,2,RecentScan
par,Write Repair,24,24,RecentScan,68.356708,,24.0,,,,2,EPOCH-WR,2,RecentScan
par,Write Repair,25,25,RecentScan,65.90825,,25.0,,,,2,EPOCH-WR,2,RecentScan
par,Write Repair,26,26,RecentScan,63.720583,,26.0,,,,2,EPOCH-WR,2,RecentScan
par,Write Repair,27,27,MarkTs,0.27441699999999997,,27.0,,,,2,EPOCH-WR,2,
par,Write Repair,28,28,Update,3.156667,21.0,,,,,2,EPOCH-WR,2,Update
par,Write Repair,29,29,RecentScan,64.888291,,29.0,,,,2,EPOCH-WR,2,RecentScan
par,Write Repair,30,30,RecentScan,64.746958,,30.0,,,,2,EPOCH-WR,2,RecentScan
par,Write Repair,31,31,RecentScan,64.660667,,31.0,,,,2,EPOCH-WR,2,RecentScan
par,Write Repair,32,32,RecentScan,63.835084,,32.0,,,,2,EPOCH-WR,2,RecentScan
par,Write Repair,33,33,RecentScan,63.979459,,33.0,,,,2,EPOCH-WR,2,RecentScan
par,Write Repair,34,34,MarkTs,0.05375,,34.0,,,,2,EPOCH-WR,2,
par,Write Repair,35,35,Update,3.735167,21.0,,,,,2,EPOCH-WR,2,Update
par,Write Repair,36,36,RecentScan,63.556666,,36.0,,,,2,EPOCH-WR,2,RecentScan
par,Write Repair,37,37,RecentScan,68.266833,,37.0,,,,2,EPOCH-WR,2,RecentScan
par,Write Repair,38,38,RecentScan,67.043,,38.0,,,,2,EPOCH-WR,2,RecentScan
par,Write Repair,39,39,RecentScan,68.510583,,39.0,,,,2,EPOCH-WR,2,RecentScan
par,Write Repair,40,40,RecentScan,67.52725,,40.0,,,,2,EPOCH-WR,2,RecentScan
par,Write Repair,41,41,MarkTs,0.052,,41.0,,,,2,EPOCH-WR,2,
par,Write Repair,42,42,Update,3.473167,21.0,,,,,2,EPOCH-WR,2,Update
par,Write Repair,43,43,RecentScan,68.089417,,43.0,,,,2,EPOCH-WR,2,RecentScan
par,Write Repair,44,44,RecentScan,68.76775,,44.0,,,,2,EPOCH-WR,2,RecentScan
par,Write Repair,45,45,RecentScan,69.972375,,45.0,,,,2,EPOCH-WR,2,RecentScan
par,Write Repair,46,46,RecentScan,68.170042,,46.0,,,,2,EPOCH-WR,2,RecentScan
par,Write Repair,47,47,RecentScan,65.69775,,47.0,,,,2,EPOCH-WR,2,RecentScan
par,Write Repair,48,48,MarkTs,0.049915999999999995,,48.0,,,,2,EPOCH-WR,2,
par,Write Repair,49,49,Update,3.382417,21.0,,,,,2,EPOCH-WR,2,Update
par,Write Repair,50,50,RecentScan,64.734291,,50.0,,,,2,EPOCH-WR,2,RecentScan
par,Write Repair,51,51,RecentScan,65.367292,,51.0,,,,2,EPOCH-WR,2,RecentScan
par,Write Repair,52,52,RecentScan,65.536333,,52.0,,,,2,EPOCH-WR,2,RecentScan
par,Write Repair,53,53,RecentScan,65.097583,,53.0,,,,2,EPOCH-WR,2,RecentScan
par,Write Repair,54,54,RecentScan,65.753917,,54.0,,,,2,EPOCH-WR,2,RecentScan
par,Write Repair,55,55,MarkTs,0.483792,,55.0,,,,2,EPOCH-WR,2,
par,Write Repair,56,56,Update,3.391625,21.0,,,,,2,EPOCH-WR,2,Update
par,Write Repair,57,57,RecentScan,66.371833,,57.0,,,,2,EPOCH-WR,2,RecentScan
par,Write Repair,58,58,RecentScan,64.649875,,58.0,,,,2,EPOCH-WR,2,RecentScan
par,Write Repair,59,59,RecentScan,64.902292,,59.0,,,,2,EPOCH-WR,2,RecentScan
par,Write Repair,60,60,RecentScan,64.656833,,60.0,,,,2,EPOCH-WR,2,RecentScan
par,Write Repair,61,61,RecentScan,64.807,,61.0,,,,2,EPOCH-WR,2,RecentScan
par,Write Repair,62,62,MarkTs,0.076958,,62.0,,,,2,EPOCH-WR,2,
par,Write Repair,63,63,Update,3.06025,21.0,,,,,2,EPOCH-WR,2,Update
par,Write Repair,64,64,RecentScan,64.382875,,64.0,,,,2,EPOCH-WR,2,RecentScan
par,Write Repair,65,65,RecentScan,64.781166,,65.0,,,,2,EPOCH-WR,2,RecentScan
par,Write Repair,66,66,RecentScan,65.356083,,66.0,,,,2,EPOCH-WR,2,RecentScan
par,Write Repair,67,67,RecentScan,65.897,,67.0,,,,2,EPOCH-WR,2,RecentScan
par,Write Repair,68,68,RecentScan,65.047083,,68.0,,,,2,EPOCH-WR,2,RecentScan
par,Write Repair,69,69,MarkTs,0.057957999999999996,,69.0,,,,2,EPOCH-WR,2,
par,Write Repair,70,70,Update,3.3065,21.0,,,,,2,EPOCH-WR,2,Update
par,Write Repair,0,0,InitLoad,72.599709,210000.0,,,,,3,EPOCH-WR,2,InitLoad
par,Write Repair,1,1,RecentScan,71.276542,,1.0,,,,3,EPOCH-WR,2,RecentScan
par,Write Repair,2,2,RecentScan,68.018792,,2.0,,,,3,EPOCH-WR,2,RecentScan
par,Write Repair,3,3,RecentScan,63.272334,,3.0,,,,3,EPOCH-WR,2,RecentScan
par,Write Repair,4,4,RecentScan,63.67025,,4.0,,,,3,EPOCH-WR,2,RecentScan
par,Write Repair,5,5,RecentScan,63.928959,,5.0,,,,3,EPOCH-WR,2,RecentScan
par,Write Repair,6,6,MarkTs,0.222916,,6.0,,,,3,EPOCH-WR,2,
par,Write Repair,7,7,Update,3.856375,21.0,,,,,3,EPOCH-WR,2,Update
par,Write Repair,8,8,HistoryScan,63.296,,6.0,,,,3,EPOCH-WR,2,HistoryScan
par,Write Repair,9,9,RecentScan,63.488375,,9.0,,,,3,EPOCH-WR,2,RecentScan
par,Write Repair,10,10,RecentScan,66.282166,,10.0,,,,3,EPOCH-WR,2,RecentScan
par,Write Repair,11,11,RecentScan,64.793542,,11.0,,,,3,EPOCH-WR,2,RecentScan
par,Write Repair,12,12,RecentScan,65.819042,,12.0,,,,3,EPOCH-WR,2,RecentScan
par,Write Repair,13,13,MarkTs,0.019417,,13.0,,,,3,EPOCH-WR,2,
par,Write Repair,14,14,Update,3.202125,21.0,,,,,3,EPOCH-WR,2,Update
par,Write Repair,15,15,RecentScan,65.707709,,15.0,,,,3,EPOCH-WR,2,RecentScan
par,Write Repair,16,16,RecentScan,66.124417,,16.0,,,,3,EPOCH-WR,2,RecentScan
par,Write Repair,17,17,RecentScan,67.129959,,17.0,,,,3,EPOCH-WR,2,RecentScan
par,Write Repair,18,18,RecentScan,65.298666,,18.0,,,,3,EPOCH-WR,2,RecentScan
par,Write Repair,19,19,RecentScan,66.343333,,19.0,,,,3,EPOCH-WR,2,RecentScan
par,Write Repair,20,20,MarkTs,0.021582999999999998,,20.0,,,,3,EPOCH-WR,2,
par,Write Repair,21,21,Update,3.046625,21.0,,,,,3,EPOCH-WR,2,Update
par,Write Repair,22,22,HistoryScan,66.1195,,20.0,,,,3,EPOCH-WR,2,HistoryScan
par,Write Repair,23,23,RecentScan,66.851541,,23.0,,,,3,EPOCH-WR,2,RecentScan
par,Write Repair,24,24,RecentScan,63.19025,,24.0,,,,3,EPOCH-WR,2,RecentScan
par,Write Repair,25,25,RecentScan,64.011958,,25.0,,,,3,EPOCH-WR,2,RecentScan
par,Write Repair,26,26,RecentScan,64.270292,,26.0,,,,3,EPOCH-WR,2,RecentScan
par,Write Repair,27,27,MarkTs,0.266208,,27.0,,,,3,EPOCH-WR,2,
par,Write Repair,28,28,Update,3.253791,21.0,,,,,3,EPOCH-WR,2,Update
par,Write Repair,29,29,RecentScan,67.21025,,29.0,,,,3,EPOCH-WR,2,RecentScan
par,Write Repair,30,30,RecentScan,67.372417,,30.0,,,,3,EPOCH-WR,2,RecentScan
par,Write Repair,31,31,RecentScan,63.928083,,31.0,,,,3,EPOCH-WR,2,RecentScan
par,Write Repair,32,32,RecentScan,61.808167,,32.0,,,,3,EPOCH-WR,2,RecentScan
par,Write Repair,33,33,RecentScan,66.347958,,33.0,,,,3,EPOCH-WR,2,RecentScan
par,Write Repair,34,34,MarkTs,0.049333,,34.0,,,,3,EPOCH-WR,2,
par,Write Repair,35,35,Update,3.871291,21.0,,,,,3,EPOCH-WR,2,Update
par,Write Repair,36,36,RecentScan,64.274708,,36.0,,,,3,EPOCH-WR,2,RecentScan
par,Write Repair,37,37,RecentScan,63.967083,,37.0,,,,3,EPOCH-WR,2,RecentScan
par,Write Repair,38,38,RecentScan,65.5135,,38.0,,,,3,EPOCH-WR,2,RecentScan
par,Write Repair,39,39,RecentScan,65.808584,,39.0,,,,3,EPOCH-WR,2,RecentScan
par,Write Repair,40,40,RecentScan,65.053167,,40.0,,,,3,EPOCH-WR,2,RecentScan
par,Write Repair,41,41,MarkTs,0.096708,,41.0,,,,3,EPOCH-WR,2,
par,Write Repair,42,42,Update,3.6185,21.0,,,,,3,EPOCH-WR,2,Update
par,Write Repair,43,43,RecentScan,63.629375,,43.0,,,,3,EPOCH-WR,2,RecentScan
par,Write Repair,44,44,RecentScan,64.453666,,44.0,,,,3,EPOCH-WR,2,RecentScan
par,Write Repair,45,45,RecentScan,64.452875,,45.0,,,,3,EPOCH-WR,2,RecentScan
par,Write Repair,46,46,RecentScan,64.262833,,46.0,,,,3,EPOCH-WR,2,RecentScan
par,Write Repair,47,47,RecentScan,66.369417,,47.0,,,,3,EPOCH-WR,2,RecentScan
par,Write Repair,48,48,MarkTs,0.053375,,48.0,,,,3,EPOCH-WR,2,
par,Write Repair,49,49,Update,3.291583,21.0,,,,,3,EPOCH-WR,2,Update
par,Write Repair,50,50,RecentScan,63.478791,,50.0,,,,3,EPOCH-WR,2,RecentScan
par,Write Repair,51,51,RecentScan,63.165625,,51.0,,,,3,EPOCH-WR,2,RecentScan
par,Write Repair,52,52,RecentScan,63.456041,,52.0,,,,3,EPOCH-WR,2,RecentScan
par,Write Repair,53,53,RecentScan,64.382541,,53.0,,,,3,EPOCH-WR,2,RecentScan
par,Write Repair,54,54,RecentScan,63.112833,,54.0,,,,3,EPOCH-WR,2,RecentScan
par,Write Repair,55,55,MarkTs,0.389959,,55.0,,,,3,EPOCH-WR,2,
par,Write Repair,56,56,Update,3.364709,21.0,,,,,3,EPOCH-WR,2,Update
par,Write Repair,57,57,RecentScan,64.825834,,57.0,,,,3,EPOCH-WR,2,RecentScan
par,Write Repair,58,58,RecentScan,65.362459,,58.0,,,,3,EPOCH-WR,2,RecentScan
par,Write Repair,59,59,RecentScan,67.953083,,59.0,,,,3,EPOCH-WR,2,RecentScan
par,Write Repair,60,60,RecentScan,69.308333,,60.0,,,,3,EPOCH-WR,2,RecentScan
par,Write Repair,61,61,RecentScan,65.646125,,61.0,,,,3,EPOCH-WR,2,RecentScan
par,Write Repair,62,62,MarkTs,0.081917,,62.0,,,,3,EPOCH-WR,2,
par,Write Repair,63,63,Update,3.391291,21.0,,,,,3,EPOCH-WR,2,Update
par,Write Repair,64,64,RecentScan,66.886459,,64.0,,,,3,EPOCH-WR,2,RecentScan
par,Write Repair,65,65,RecentScan,67.395083,,65.0,,,,3,EPOCH-WR,2,RecentScan
par,Write Repair,66,66,RecentScan,67.956667,,66.0,,,,3,EPOCH-WR,2,RecentScan
par,Write Repair,67,67,RecentScan,65.683083,,67.0,,,,3,EPOCH-WR,2,RecentScan
par,Write Repair,68,68,RecentScan,65.448375,,68.0,,,,3,EPOCH-WR,2,RecentScan
par,Write Repair,69,69,MarkTs,0.062084,,69.0,,,,3,EPOCH-WR,2,
par,Write Repair,70,70,Update,2.973833,21.0,,,,,3,EPOCH-WR,2,Update
par,Write Repair,0,0,InitLoad,75.770167,210000.0,,,,,4,EPOCH-WR,2,InitLoad
par,Write Repair,1,1,RecentScan,100.824416,,1.0,,,,4,EPOCH-WR,2,RecentScan
par,Write Repair,2,2,RecentScan,70.458916,,2.0,,,,4,EPOCH-WR,2,RecentScan
par,Write Repair,3,3,RecentScan,66.208333,,3.0,,,,4,EPOCH-WR,2,RecentScan
par,Write Repair,4,4,RecentScan,66.326917,,4.0,,,,4,EPOCH-WR,2,RecentScan
par,Write Repair,5,5,RecentScan,64.246542,,5.0,,,,4,EPOCH-WR,2,RecentScan
par,Write Repair,6,6,MarkTs,0.229708,,6.0,,,,4,EPOCH-WR,2,
par,Write Repair,7,7,Update,3.723292,21.0,,,,,4,EPOCH-WR,2,Update
par,Write Repair,8,8,HistoryScan,67.32675,,6.0,,,,4,EPOCH-WR,2,HistoryScan
par,Write Repair,9,9,RecentScan,63.152,,9.0,,,,4,EPOCH-WR,2,RecentScan
par,Write Repair,10,10,RecentScan,66.877042,,10.0,,,,4,EPOCH-WR,2,RecentScan
par,Write Repair,11,11,RecentScan,65.05825,,11.0,,,,4,EPOCH-WR,2,RecentScan
par,Write Repair,12,12,RecentScan,64.800375,,12.0,,,,4,EPOCH-WR,2,RecentScan
par,Write Repair,13,13,MarkTs,0.016832999999999997,,13.0,,,,4,EPOCH-WR,2,
par,Write Repair,14,14,Update,3.567333,21.0,,,,,4,EPOCH-WR,2,Update
par,Write Repair,15,15,RecentScan,64.66175,,15.0,,,,4,EPOCH-WR,2,RecentScan
par,Write Repair,16,16,RecentScan,62.168334,,16.0,,,,4,EPOCH-WR,2,RecentScan
par,Write Repair,17,17,RecentScan,67.346,,17.0,,,,4,EPOCH-WR,2,RecentScan
par,Write Repair,18,18,RecentScan,63.792875,,18.0,,,,4,EPOCH-WR,2,RecentScan
par,Write Repair,19,19,RecentScan,66.565125,,19.0,,,,4,EPOCH-WR,2,RecentScan
par,Write Repair,20,20,MarkTs,0.037792,,20.0,,,,4,EPOCH-WR,2,
par,Write Repair,21,21,Update,3.17325,21.0,,,,,4,EPOCH-WR,2,Update
par,Write Repair,22,22,HistoryScan,72.900334,,20.0,,,,4,EPOCH-WR,2,HistoryScan
par,Write Repair,23,23,RecentScan,66.774083,,23.0,,,,4,EPOCH-WR,2,RecentScan
par,Write Repair,24,24,RecentScan,67.426625,,24.0,,,,4,EPOCH-WR,2,RecentScan
par,Write Repair,25,25,RecentScan,61.957875,,25.0,,,,4,EPOCH-WR,2,RecentScan
par,Write Repair,26,26,RecentScan,66.535042,,26.0,,,,4,EPOCH-WR,2,RecentScan
par,Write Repair,27,27,MarkTs,0.230584,,27.0,,,,4,EPOCH-WR,2,
par,Write Repair,28,28,Update,3.811042,21.0,,,,,4,EPOCH-WR,2,Update
par,Write Repair,29,29,RecentScan,64.419875,,29.0,,,,4,EPOCH-WR,2,RecentScan
par,Write Repair,30,30,RecentScan,65.308,,30.0,,,,4,EPOCH-WR,2,RecentScan
par,Write Repair,31,31,RecentScan,64.604083,,31.0,,,,4,EPOCH-WR,2,RecentScan
par,Write Repair,32,32,RecentScan,64.736125,,32.0,,,,4,EPOCH-WR,2,RecentScan
par,Write Repair,33,33,RecentScan,65.801667,,33.0,,,,4,EPOCH-WR,2,RecentScan
par,Write Repair,34,34,MarkTs,0.047792,,34.0,,,,4,EPOCH-WR,2,
par,Write Repair,35,35,Update,3.613625,21.0,,,,,4,EPOCH-WR,2,Update
par,Write Repair,36,36,RecentScan,63.788209,,36.0,,,,4,EPOCH-WR,2,RecentScan
par,Write Repair,37,37,RecentScan,66.458417,,37.0,,,,4,EPOCH-WR,2,RecentScan
par,Write Repair,38,38,RecentScan,67.421958,,38.0,,,,4,EPOCH-WR,2,RecentScan
par,Write Repair,39,39,RecentScan,68.316,,39.0,,,,4,EPOCH-WR,2,RecentScan
par,Write Repair,40,40,RecentScan,76.408,,40.0,,,,4,EPOCH-WR,2,RecentScan
par,Write Repair,41,41,MarkTs,0.045333,,41.0,,,,4,EPOCH-WR,2,
par,Write Repair,42,42,Update,2.93175,21.0,,,,,4,EPOCH-WR,2,Update
par,Write Repair,43,43,RecentScan,67.187,,43.0,,,,4,EPOCH-WR,2,RecentScan
par,Write Repair,44,44,RecentScan,66.181292,,44.0,,,,4,EPOCH-WR,2,RecentScan
par,Write Repair,45,45,RecentScan,69.368166,,45.0,,,,4,EPOCH-WR,2,RecentScan
par,Write Repair,46,46,RecentScan,66.682833,,46.0,,,,4,EPOCH-WR,2,RecentScan
par,Write Repair,47,47,RecentScan,68.002958,,47.0,,,,4,EPOCH-WR,2,RecentScan
par,Write Repair,48,48,MarkTs,0.045875,,48.0,,,,4,EPOCH-WR,2,
par,Write Repair,49,49,Update,3.413291,21.0,,,,,4,EPOCH-WR,2,Update
par,Write Repair,50,50,RecentScan,67.7595,,50.0,,,,4,EPOCH-WR,2,RecentScan
par,Write Repair,51,51,RecentScan,63.39375,,51.0,,,,4,EPOCH-WR,2,RecentScan
par,Write Repair,52,52,RecentScan,66.36,,52.0,,,,4,EPOCH-WR,2,RecentScan
par,Write Repair,53,53,RecentScan,66.904416,,53.0,,,,4,EPOCH-WR,2,RecentScan
par,Write Repair,54,54,RecentScan,65.443292,,54.0,,,,4,EPOCH-WR,2,RecentScan
par,Write Repair,55,55,MarkTs,0.35604199999999997,,55.0,,,,4,EPOCH-WR,2,
par,Write Repair,56,56,Update,3.347459,21.0,,,,,4,EPOCH-WR,2,Update
par,Write Repair,57,57,RecentScan,68.883542,,57.0,,,,4,EPOCH-WR,2,RecentScan
par,Write Repair,58,58,RecentScan,64.867625,,58.0,,,,4,EPOCH-WR,2,RecentScan
par,Write Repair,59,59,RecentScan,69.006167,,59.0,,,,4,EPOCH-WR,2,RecentScan
par,Write Repair,60,60,RecentScan,66.835,,60.0,,,,4,EPOCH-WR,2,RecentScan
par,Write Repair,61,61,RecentScan,65.319458,,61.0,,,,4,EPOCH-WR,2,RecentScan
par,Write Repair,62,62,MarkTs,0.06525,,62.0,,,,4,EPOCH-WR,2,
par,Write Repair,63,63,Update,3.681833,21.0,,,,,4,EPOCH-WR,2,Update
par,Write Repair,64,64,RecentScan,73.862959,,64.0,,,,4,EPOCH-WR,2,RecentScan
par,Write Repair,65,65,RecentScan,68.889042,,65.0,,,,4,EPOCH-WR,2,RecentScan
par,Write Repair,66,66,RecentScan,65.299833,,66.0,,,,4,EPOCH-WR,2,RecentScan
par,Write Repair,67,67,RecentScan,65.399792,,67.0,,,,4,EPOCH-WR,2,RecentScan
par,Write Repair,68,68,RecentScan,64.297417,,68.0,,,,4,EPOCH-WR,2,RecentScan
par,Write Repair,69,69,MarkTs,0.065875,,69.0,,,,4,EPOCH-WR,2,
par,Write Repair,70,70,Update,3.430292,21.0,,,,,4,EPOCH-WR,2,Update
par,Write Repair,0,0,InitLoad,75.358334,210000.0,,,,,0,EPOCH-WR,3,InitLoad
par,Write Repair,1,1,RecentScan,76.154792,,1.0,,,,0,EPOCH-WR,3,RecentScan
par,Write Repair,2,2,RecentScan,68.497167,,2.0,,,,0,EPOCH-WR,3,RecentScan
par,Write Repair,3,3,RecentScan,63.080833,,3.0,,,,0,EPOCH-WR,3,RecentScan
par,Write Repair,4,4,RecentScan,63.518584,,4.0,,,,0,EPOCH-WR,3,RecentScan
par,Write Repair,5,5,RecentScan,63.3015,,5.0,,,,0,EPOCH-WR,3,RecentScan
par,Write Repair,6,6,MarkTs,0.214792,,6.0,,,,0,EPOCH-WR,3,
par,Write Repair,7,7,Update,3.887084,21.0,,,,,0,EPOCH-WR,3,Update
par,Write Repair,8,8,HistoryScan,63.709958,,6.0,,,,0,EPOCH-WR,3,HistoryScan
par,Write Repair,9,9,RecentScan,63.210417,,9.0,,,,0,EPOCH-WR,3,RecentScan
par,Write Repair,10,10,RecentScan,64.169417,,10.0,,,,0,EPOCH-WR,3,RecentScan
par,Write Repair,11,11,RecentScan,63.986916,,11.0,,,,0,EPOCH-WR,3,RecentScan
par,Write Repair,12,12,RecentScan,64.361875,,12.0,,,,0,EPOCH-WR,3,RecentScan
par,Write Repair,13,13,MarkTs,0.023541,,13.0,,,,0,EPOCH-WR,3,
par,Write Repair,14,14,Update,3.376834,21.0,,,,,0,EPOCH-WR,3,Update
par,Write Repair,15,15,RecentScan,67.536125,,15.0,,,,0,EPOCH-WR,3,RecentScan
par,Write Repair,16,16,RecentScan,63.643042,,16.0,,,,0,EPOCH-WR,3,RecentScan
par,Write Repair,17,17,RecentScan,64.647792,,17.0,,,,0,EPOCH-WR,3,RecentScan
par,Write Repair,18,18,RecentScan,64.756958,,18.0,,,,0,EPOCH-WR,3,RecentScan
par,Write Repair,19,19,RecentScan,64.200542,,19.0,,,,0,EPOCH-WR,3,RecentScan
par,Write Repair,20,20,MarkTs,0.021375,,20.0,,,,0,EPOCH-WR,3,
par,Write Repair,21,21,Update,3.101958,21.0,,,,,0,EPOCH-WR,3,Update
par,Write Repair,22,22,HistoryScan,65.943625,,20.0,,,,0,EPOCH-WR,3,HistoryScan
par,Write Repair,23,23,RecentScan,66.801834,,23.0,,,,0,EPOCH-WR,3,RecentScan
par,Write Repair,24,24,RecentScan,63.424208,,24.0,,,,0,EPOCH-WR,3,RecentScan
par,Write Repair,25,25,RecentScan,67.051708,,25.0,,,,0,EPOCH-WR,3,RecentScan
par,Write Repair,26,26,RecentScan,66.048541,,26.0,,,,0,EPOCH-WR,3,RecentScan
par,Write Repair,27,27,MarkTs,0.335209,,27.0,,,,0,EPOCH-WR,3,
par,Write Repair,28,28,Update,3.297708,21.0,,,,,0,EPOCH-WR,3,Update
par,Write Repair,29,29,RecentScan,66.158167,,29.0,,,,0,EPOCH-WR,3,RecentScan
par,Write Repair,30,30,RecentScan,64.061958,,30.0,,,,0,EPOCH-WR,3,RecentScan
par,Write Repair,31,31,RecentScan,67.119625,,31.0,,,,0,EPOCH-WR,3,RecentScan
par,Write Repair,32,32,RecentScan,62.0885,,32.0,,,,0,EPOCH-WR,3,RecentScan
par,Write Repair,33,33,RecentScan,66.651959,,33.0,,,,0,EPOCH-WR,3,RecentScan
par,Write Repair,34,34,MarkTs,0.047667,,34.0,,,,0,EPOCH-WR,3,
par,Write Repair,35,35,Update,3.739834,21.0,,,,,0,EPOCH-WR,3,Update
par,Write Repair,36,36,HistoryScan,66.587667,,34.0,,,,0,EPOCH-WR,3,HistoryScan
par,Write Repair,37,37,RecentScan,67.74225,,37.0,,,,0,EPOCH-WR,3,RecentScan
par,Write Repair,38,38,RecentScan,65.333458,,38.0,,,,0,EPOCH-WR,3,RecentScan
par,Write Repair,39,39,RecentScan,63.954166,,39.0,,,,0,EPOCH-WR,3,RecentScan
par,Write Repair,40,40,RecentScan,64.029917,,40.0,,,,0,EPOCH-WR,3,RecentScan
par,Write Repair,41,41,MarkTs,0.04875,,41.0,,,,0,EPOCH-WR,3,
par,Write Repair,42,42,Update,3.71175,21.0,,,,,0,EPOCH-WR,3,Update
par,Write Repair,43,43,RecentScan,63.281584,,43.0,,,,0,EPOCH-WR,3,RecentScan
par,Write Repair,44,44,RecentScan,64.797041,,44.0,,,,0,EPOCH-WR,3,RecentScan
par,Write Repair,45,45,RecentScan,64.275542,,45.0,,,,0,EPOCH-WR,3,RecentScan
par,Write Repair,46,46,RecentScan,63.720417,,46.0,,,,0,EPOCH-WR,3,RecentScan
par,Write Repair,47,47,RecentScan,63.740667,,47.0,,,,0,EPOCH-WR,3,RecentScan
par,Write Repair,48,48,MarkTs,0.054917,,48.0,,,,0,EPOCH-WR,3,
par,Write Repair,49,49,Update,3.213541,21.0,,,,,0,EPOCH-WR,3,Update
par,Write Repair,50,50,RecentScan,63.702667,,50.0,,,,0,EPOCH-WR,3,RecentScan
par,Write Repair,51,51,RecentScan,68.553458,,51.0,,,,0,EPOCH-WR,3,RecentScan
par,Write Repair,52,52,RecentScan,66.782666,,52.0,,,,0,EPOCH-WR,3,RecentScan
par,Write Repair,53,53,RecentScan,78.365958,,53.0,,,,0,EPOCH-WR,3,RecentScan
par,Write Repair,54,54,RecentScan,68.153625,,54.0,,,,0,EPOCH-WR,3,RecentScan
par,Write Repair,55,55,MarkTs,0.476125,,55.0,,,,0,EPOCH-WR,3,
par,Write Repair,56,56,Update,3.492084,21.0,,,,,0,EPOCH-WR,3,Update
par,Write Repair,57,57,RecentScan,65.306291,,57.0,,,,0,EPOCH-WR,3,RecentScan
par,Write Repair,58,58,RecentScan,67.596667,,58.0,,,,0,EPOCH-WR,3,RecentScan
par,Write Repair,59,59,RecentScan,66.2775,,59.0,,,,0,EPOCH-WR,3,RecentScan
par,Write Repair,60,60,RecentScan,68.88525,,60.0,,,,0,EPOCH-WR,3,RecentScan
par,Write Repair,61,61,RecentScan,69.25375,,61.0,,,,0,EPOCH-WR,3,RecentScan
par,Write Repair,62,62,MarkTs,0.064792,,62.0,,,,0,EPOCH-WR,3,
par,Write Repair,63,63,Update,3.46675,21.0,,,,,0,EPOCH-WR,3,Update
par,Write Repair,64,64,RecentScan,68.42075,,64.0,,,,0,EPOCH-WR,3,RecentScan
par,Write Repair,65,65,RecentScan,68.838417,,65.0,,,,0,EPOCH-WR,3,RecentScan
par,Write Repair,66,66,RecentScan,64.679458,,66.0,,,,0,EPOCH-WR,3,RecentScan
par,Write Repair,67,67,RecentScan,66.325583,,67.0,,,,0,EPOCH-WR,3,RecentScan
par,Write Repair,68,68,RecentScan,66.50675,,68.0,,,,0,EPOCH-WR,3,RecentScan
par,Write Repair,69,69,MarkTs,0.06275,,69.0,,,,0,EPOCH-WR,3,
par,Write Repair,70,70,Update,3.361917,21.0,,,,,0,EPOCH-WR,3,Update
par,Write Repair,0,0,InitLoad,72.054583,210000.0,,,,,1,EPOCH-WR,3,InitLoad
par,Write Repair,1,1,RecentScan,72.425625,,1.0,,,,1,EPOCH-WR,3,RecentScan
par,Write Repair,2,2,RecentScan,69.783958,,2.0,,,,1,EPOCH-WR,3,RecentScan
par,Write Repair,3,3,RecentScan,63.345542,,3.0,,,,1,EPOCH-WR,3,RecentScan
par,Write Repair,4,4,RecentScan,65.4645,,4.0,,,,1,EPOCH-WR,3,RecentScan
par,Write Repair,5,5,RecentScan,65.259917,,5.0,,,,1,EPOCH-WR,3,RecentScan
par,Write Repair,6,6,MarkTs,0.257875,,6.0,,,,1,EPOCH-WR,3,
par,Write Repair,7,7,Update,5.133709,21.0,,,,,1,EPOCH-WR,3,Update
par,Write Repair,8,8,HistoryScan,63.610791,,6.0,,,,1,EPOCH-WR,3,HistoryScan
par,Write Repair,9,9,RecentScan,65.246917,,9.0,,,,1,EPOCH-WR,3,RecentScan
par,Write Repair,10,10,RecentScan,65.675625,,10.0,,,,1,EPOCH-WR,3,RecentScan
par,Write Repair,11,11,RecentScan,65.007333,,11.0,,,,1,EPOCH-WR,3,RecentScan
par,Write Repair,12,12,RecentScan,65.443333,,12.0,,,,1,EPOCH-WR,3,RecentScan
par,Write Repair,13,13,MarkTs,0.023416,,13.0,,,,1,EPOCH-WR,3,
par,Write Repair,14,14,Update,3.30625,21.0,,,,,1,EPOCH-WR,3,Update
par,Write Repair,15,15,RecentScan,65.205583,,15.0,,,,1,EPOCH-WR,3,RecentScan
par,Write Repair,16,16,RecentScan,65.855375,,16.0,,,,1,EPOCH-WR,3,RecentScan
par,Write Repair,17,17,RecentScan,65.84075,,17.0,,,,1,EPOCH-WR,3,RecentScan
par,Write Repair,18,18,RecentScan,66.023125,,18.0,,,,1,EPOCH-WR,3,RecentScan
par,Write Repair,19,19,RecentScan,65.568709,,19.0,,,,1,EPOCH-WR,3,RecentScan
par,Write Repair,20,20,MarkTs,0.019583,,20.0,,,,1,EPOCH-WR,3,
par,Write Repair,21,21,Update,3.194583,21.0,,,,,1,EPOCH-WR,3,Update
par,Write Repair,22,22,HistoryScan,64.900792,,20.0,,,,1,EPOCH-WR,3,HistoryScan
par,Write Repair,23,23,RecentScan,65.995125,,23.0,,,,1,EPOCH-WR,3,RecentScan
par,Write Repair,24,24,RecentScan,65.853917,,24.0,,,,1,EPOCH-WR,3,RecentScan
par,Write Repair,25,25,RecentScan,63.064917,,25.0,,,,1,EPOCH-WR,3,RecentScan
par,Write Repair,26,26,RecentScan,64.590875,,26.0,,,,1,EPOCH-WR,3,RecentScan
par,Write Repair,27,27,MarkTs,0.364042,,27.0,,,,1,EPOCH-WR,3,
par,Write Repair,28,28,Update,3.646417,21.0,,,,,1,EPOCH-WR,3,Update
par,Write Repair,29,29,RecentScan,64.285292,,29.0,,,,1,EPOCH-WR,3,RecentScan
par,Write Repair,30,30,RecentScan,64.996958,,30.0,,,,1,EPOCH-WR,3,RecentScan
par,Write Repair,31,31,RecentScan,69.892958,,31.0,,,,1,EPOCH-WR,3,RecentScan
par,Write Repair,32,32,RecentScan,68.394708,,32.0,,,,1,EPOCH-WR,3,RecentScan
par,Write Repair,33,33,RecentScan,69.166458,,33.0,,,,1,EPOCH-WR,3,RecentScan
par,Write Repair,34,34,MarkTs,0.051666,,34.0,,,,1,EPOCH-WR,3,
par,Write Repair,35,35,Update,3.722583,21.0,,,,,1,EPOCH-WR,3,Update
par,Write Repair,36,36,HistoryScan,70.157125,,34.0,,,,1,EPOCH-WR,3,HistoryScan
par,Write Repair,37,37,RecentScan,70.047208,,37.0,,,,1,EPOCH-WR,3,RecentScan
par,Write Repair,38,38,RecentScan,69.784625,,38.0,,,,1,EPOCH-WR,3,RecentScan
par,Write Repair,39,39,RecentScan,67.134166,,39.0,,,,1,EPOCH-WR,3,RecentScan
par,Write Repair,40,40,RecentScan,69.542458,,40.0,,,,1,EPOCH-WR,3,RecentScan
par,Write Repair,41,41,MarkTs,0.050792000000000004,,41.0,,,,1,EPOCH-WR,3,
par,Write Repair,42,42,Update,3.05575,21.0,,,,,1,EPOCH-WR,3,Update
par,Write Repair,43,43,RecentScan,69.883,,43.0,,,,1,EPOCH-WR,3,RecentScan
par,Write Repair,44,44,RecentScan,68.722917,,44.0,,,,1,EPOCH-WR,3,RecentScan
par,Write Repair,45,45,RecentScan,69.196167,,45.0,,,,1,EPOCH-WR,3,RecentScan
par,Write Repair,46,46,RecentScan,69.299458,,46.0,,,,1,EPOCH-WR,3,RecentScan
par,Write Repair,47,47,RecentScan,73.049416,,47.0,,,,1,EPOCH-WR,3,RecentScan
par,Write Repair,48,48,MarkTs,0.044833,,48.0,,,,1,EPOCH-WR,3,
par,Write Repair,49,49,Update,5.464917,21.0,,,,,1,EPOCH-WR,3,Update
par,Write Repair,50,50,RecentScan,90.384125,,50.0,,,,1,EPOCH-WR,3,RecentScan
par,Write Repair,51,51,RecentScan,71.302125,,51.0,,,,1,EPOCH-WR,3,RecentScan
par,Write Repair,52,52,RecentScan,67.835625,,52.0,,,,1,EPOCH-WR,3,RecentScan
par,Write Repair,53,53,RecentScan,65.254083,,53.0,,,,1,EPOCH-WR,3,RecentScan
par,Write Repair,54,54,RecentScan,68.052292,,54.0,,,,1,EPOCH-WR,3,RecentScan
par,Write Repair,55,55,MarkTs,0.441542,,55.0,,,,1,EPOCH-WR,3,
par,Write Repair,56,56,Update,3.511625,21.0,,,,,1,EPOCH-WR,3,Update
par,Write Repair,57,57,RecentScan,68.4905,,57.0,,,,1,EPOCH-WR,3,RecentScan
par,Write Repair,58,58,RecentScan,70.81075,,58.0,,,,1,EPOCH-WR,3,RecentScan
par,Write Repair,59,59,RecentScan,69.761708,,59.0,,,,1,EPOCH-WR,3,RecentScan
par,Write Repair,60,60,RecentScan,69.720125,,60.0,,,,1,EPOCH-WR,3,RecentScan
par,Write Repair,61,61,RecentScan,74.127542,,61.0,,,,1,EPOCH-WR,3,RecentScan
par,Write Repair,62,62,MarkTs,0.061875,,62.0,,,,1,EPOCH-WR,3,
par,Write Repair,63,63,Update,3.528667,21.0,,,,,1,EPOCH-WR,3,Update
par,Write Repair,64,64,RecentScan,66.116916,,64.0,,,,1,EPOCH-WR,3,RecentScan
par,Write Repair,65,65,RecentScan,66.126083,,65.0,,,,1,EPOCH-WR,3,RecentScan
par,Write Repair,66,66,RecentScan,69.124083,,66.0,,,,1,EPOCH-WR,3,RecentScan
par,Write Repair,67,67,RecentScan,68.746375,,67.0,,,,1,EPOCH-WR,3,RecentScan
par,Write Repair,68,68,RecentScan,68.50175,,68.0,,,,1,EPOCH-WR,3,RecentScan
par,Write Repair,69,69,MarkTs,0.069375,,69.0,,,,1,EPOCH-WR,3,
par,Write Repair,70,70,Update,3.517625,21.0,,,,,1,EPOCH-WR,3,Update
par,Write Repair,0,0,InitLoad,71.80025,210000.0,,,,,2,EPOCH-WR,3,InitLoad
par,Write Repair,1,1,RecentScan,72.839542,,1.0,,,,2,EPOCH-WR,3,RecentScan
par,Write Repair,2,2,RecentScan,70.989583,,2.0,,,,2,EPOCH-WR,3,RecentScan
par,Write Repair,3,3,RecentScan,64.616583,,3.0,,,,2,EPOCH-WR,3,RecentScan
par,Write Repair,4,4,RecentScan,65.150458,,4.0,,,,2,EPOCH-WR,3,RecentScan
par,Write Repair,5,5,RecentScan,65.6635,,5.0,,,,2,EPOCH-WR,3,RecentScan
par,Write Repair,6,6,MarkTs,0.21770799999999998,,6.0,,,,2,EPOCH-WR,3,
par,Write Repair,7,7,Update,4.422125,21.0,,,,,2,EPOCH-WR,3,Update
par,Write Repair,8,8,HistoryScan,64.557833,,6.0,,,,2,EPOCH-WR,3,HistoryScan
par,Write Repair,9,9,RecentScan,65.417667,,9.0,,,,2,EPOCH-WR,3,RecentScan
par,Write Repair,10,10,RecentScan,64.908083,,10.0,,,,2,EPOCH-WR,3,RecentScan
par,Write Repair,11,11,RecentScan,65.024167,,11.0,,,,2,EPOCH-WR,3,RecentScan
par,Write Repair,12,12,RecentScan,65.35525,,12.0,,,,2,EPOCH-WR,3,RecentScan
par,Write Repair,13,13,MarkTs,0.021332999999999998,,13.0,,,,2,EPOCH-WR,3,
par,Write Repair,14,14,Update,3.075291,21.0,,,,,2,EPOCH-WR,3,Update
par,Write Repair,15,15,RecentScan,63.562125,,15.0,,,,2,EPOCH-WR,3,RecentScan
par,Write Repair,16,16,RecentScan,64.90775,,16.0,,,,2,EPOCH-WR,3,RecentScan
par,Write Repair,17,17,RecentScan,65.153875,,17.0,,,,2,EPOCH-WR,3,RecentScan
par,Write Repair,18,18,RecentScan,63.325667,,18.0,,,,2,EPOCH-WR,3,RecentScan
par,Write Repair,19,19,RecentScan,67.849875,,19.0,,,,2,EPOCH-WR,3,RecentScan
par,Write Repair,20,20,MarkTs,0.019,,20.0,,,,2,EPOCH-WR,3,
par,Write Repair,21,21,Update,3.092833,21.0,,,,,2,EPOCH-WR,3,Update
par,Write Repair,22,22,HistoryScan,66.887291,,20.0,,,,2,EPOCH-WR,3,HistoryScan
par,Write Repair,23,23,RecentScan,67.716167,,23.0,,,,2,EPOCH-WR,3,RecentScan
par,Write Repair,24,24,RecentScan,66.695583,,24.0,,,,2,EPOCH-WR,3,RecentScan
par,Write Repair,25,25,RecentScan,67.716208,,25.0,,,,2,EPOCH-WR,3,RecentScan
par,Write Repair,26,26,RecentScan,67.0225,,26.0,,,,2,EPOCH-WR,3,RecentScan
par,Write Repair,27,27,MarkTs,0.32425,,27.0,,,,2,EPOCH-WR,3,
par,Write Repair,28,28,Update,3.519083,21.0,,,,,2,EPOCH-WR,3,Update
par,Write Repair,29,29,RecentScan,64.890042,,29.0,,,,2,EPOCH-WR,3,RecentScan
par,Write Repair,30,30,RecentScan,65.466875,,30.0,,,,2,EPOCH-WR,3,RecentScan
par,Write Repair,31,31,RecentScan,65.274542,,31.0,,,,2,EPOCH-WR,3,RecentScan
par,Write Repair,32,32,RecentScan,67.029209,,32.0,,,,2,EPOCH-WR,3,RecentScan
par,Write Repair,33,33,RecentScan,69.029709,,33.0,,,,2,EPOCH-WR,3,RecentScan
par,Write Repair,34,34,MarkTs,0.053167,,34.0,,,,2,EPOCH-WR,3,
par,Write Repair,35,35,Update,3.400833,21.0,,,,,2,EPOCH-WR,3,Update
par,Write Repair,36,36,HistoryScan,65.401042,,34.0,,,,2,EPOCH-WR,3,HistoryScan
par,Write Repair,37,37,RecentScan,65.396459,,37.0,,,,2,EPOCH-WR,3,RecentScan
par,Write Repair,38,38,RecentScan,66.299084,,38.0,,,,2,EPOCH-WR,3,RecentScan
par,Write Repair,39,39,RecentScan,65.15075,,39.0,,,,2,EPOCH-WR,3,RecentScan
par,Write Repair,40,40,RecentScan,66.969167,,40.0,,,,2,EPOCH-WR,3,RecentScan
par,Write Repair,41,41,MarkTs,0.0455,,41.0,,,,2,EPOCH-WR,3,
par,Write Repair,42,42,Update,3.467125,21.0,,,,,2,EPOCH-WR,3,Update
par,Write Repair,43,43,RecentScan,64.513083,,43.0,,,,2,EPOCH-WR,3,RecentScan
par,Write Repair,44,44,RecentScan,63.259875,,44.0,,,,2,EPOCH-WR,3,RecentScan
par,Write Repair,45,45,RecentScan,66.876083,,45.0,,,,2,EPOCH-WR,3,RecentScan
par,Write Repair,46,46,RecentScan,64.0855,,46.0,,,,2,EPOCH-WR,3,RecentScan
par,Write Repair,47,47,RecentScan,65.434917,,47.0,,,,2,EPOCH-WR,3,RecentScan
par,Write Repair,48,48,MarkTs,0.04925,,48.0,,,,2,EPOCH-WR,3,
par,Write Repair,49,49,Update,3.431833,21.0,,,,,2,EPOCH-WR,3,Update
par,Write Repair,50,50,RecentScan,64.545833,,50.0,,,,2,EPOCH-WR,3,RecentScan
par,Write Repair,51,51,RecentScan,65.826875,,51.0,,,,2,EPOCH-WR,3,RecentScan
par,Write Repair,52,52,RecentScan,64.701042,,52.0,,,,2,EPOCH-WR,3,RecentScan
par,Write Repair,53,53,RecentScan,64.274084,,53.0,,,,2,EPOCH-WR,3,RecentScan
par,Write Repair,54,54,RecentScan,69.479958,,54.0,,,,2,EPOCH-WR,3,RecentScan
par,Write Repair,55,55,MarkTs,0.47675,,55.0,,,,2,EPOCH-WR,3,
par,Write Repair,56,56,Update,3.705417,21.0,,,,,2,EPOCH-WR,3,Update
par,Write Repair,57,57,RecentScan,65.663292,,57.0,,,,2,EPOCH-WR,3,RecentScan
par,Write Repair,58,58,RecentScan,65.0185,,58.0,,,,2,EPOCH-WR,3,RecentScan
par,Write Repair,59,59,RecentScan,64.718042,,59.0,,,,2,EPOCH-WR,3,RecentScan
par,Write Repair,60,60,RecentScan,64.013334,,60.0,,,,2,EPOCH-WR,3,RecentScan
par,Write Repair,61,61,RecentScan,64.334084,,61.0,,,,2,EPOCH-WR,3,RecentScan
par,Write Repair,62,62,MarkTs,0.082208,,62.0,,,,2,EPOCH-WR,3,
par,Write Repair,63,63,Update,3.374458,21.0,,,,,2,EPOCH-WR,3,Update
par,Write Repair,64,64,RecentScan,64.531375,,64.0,,,,2,EPOCH-WR,3,RecentScan
par,Write Repair,65,65,RecentScan,65.477083,,65.0,,,,2,EPOCH-WR,3,RecentScan
par,Write Repair,66,66,RecentScan,65.312958,,66.0,,,,2,EPOCH-WR,3,RecentScan
par,Write Repair,67,67,RecentScan,65.419584,,67.0,,,,2,EPOCH-WR,3,RecentScan
par,Write Repair,68,68,RecentScan,65.529458,,68.0,,,,2,EPOCH-WR,3,RecentScan
par,Write Repair,69,69,MarkTs,0.0755,,69.0,,,,2,EPOCH-WR,3,
par,Write Repair,70,70,Update,3.233584,21.0,,,,,2,EPOCH-WR,3,Update
par,Write Repair,0,0,InitLoad,84.967834,210000.0,,,,,3,EPOCH-WR,3,InitLoad
par,Write Repair,1,1,RecentScan,89.187458,,1.0,,,,3,EPOCH-WR,3,RecentScan
par,Write Repair,2,2,RecentScan,76.807209,,2.0,,,,3,EPOCH-WR,3,RecentScan
par,Write Repair,3,3,RecentScan,68.697208,,3.0,,,,3,EPOCH-WR,3,RecentScan
par,Write Repair,4,4,RecentScan,65.899417,,4.0,,,,3,EPOCH-WR,3,RecentScan
par,Write Repair,5,5,RecentScan,65.871125,,5.0,,,,3,EPOCH-WR,3,RecentScan
par,Write Repair,6,6,MarkTs,0.254875,,6.0,,,,3,EPOCH-WR,3,
par,Write Repair,7,7,Update,4.672791,21.0,,,,,3,EPOCH-WR,3,Update
par,Write Repair,8,8,HistoryScan,68.853708,,6.0,,,,3,EPOCH-WR,3,HistoryScan
par,Write Repair,9,9,RecentScan,70.520625,,9.0,,,,3,EPOCH-WR,3,RecentScan
par,Write Repair,10,10,RecentScan,72.308292,,10.0,,,,3,EPOCH-WR,3,RecentScan
par,Write Repair,11,11,RecentScan,68.7555,,11.0,,,,3,EPOCH-WR,3,RecentScan
par,Write Repair,12,12,RecentScan,74.930959,,12.0,,,,3,EPOCH-WR,3,RecentScan
par,Write Repair,13,13,MarkTs,0.018,,13.0,,,,3,EPOCH-WR,3,
par,Write Repair,14,14,Update,3.8345,21.0,,,,,3,EPOCH-WR,3,Update
par,Write Repair,15,15,RecentScan,73.456166,,15.0,,,,3,EPOCH-WR,3,RecentScan
par,Write Repair,16,16,RecentScan,66.915333,,16.0,,,,3,EPOCH-WR,3,RecentScan
par,Write Repair,17,17,RecentScan,71.463458,,17.0,,,,3,EPOCH-WR,3,RecentScan
par,Write Repair,18,18,RecentScan,66.37675,,18.0,,,,3,EPOCH-WR,3,RecentScan
par,Write Repair,19,19,RecentScan,66.650125,,19.0,,,,3,EPOCH-WR,3,RecentScan
par,Write Repair,20,20,MarkTs,0.017834,,20.0,,,,3,EPOCH-WR,3,
par,Write Repair,21,21,Update,3.66225,21.0,,,,,3,EPOCH-WR,3,Update
par,Write Repair,22,22,HistoryScan,68.008,,20.0,,,,3,EPOCH-WR,3,HistoryScan
par,Write Repair,23,23,RecentScan,68.192167,,23.0,,,,3,EPOCH-WR,3,RecentScan
par,Write Repair,24,24,RecentScan,67.541333,,24.0,,,,3,EPOCH-WR,3,RecentScan
par,Write Repair,25,25,RecentScan,68.26275,,25.0,,,,3,EPOCH-WR,3,RecentScan
par,Write Repair,26,26,RecentScan,64.549875,,26.0,,,,3,EPOCH-WR,3,RecentScan
par,Write Repair,27,27,MarkTs,0.33575,,27.0,,,,3,EPOCH-WR,3,
par,Write Repair,28,28,Update,3.487042,21.0,,,,,3,EPOCH-WR,3,Update
par,Write Repair,29,29,RecentScan,78.398459,,29.0,,,,3,EPOCH-WR,3,RecentScan
par,Write Repair,30,30,RecentScan,74.514875,,30.0,,,,3,EPOCH-WR,3,RecentScan
par,Write Repair,31,31,RecentScan,72.344791,,31.0,,,,3,EPOCH-WR,3,RecentScan
par,Write Repair,32,32,RecentScan,74.392584,,32.0,,,,3,EPOCH-WR,3,RecentScan
par,Write Repair,33,33,RecentScan,68.859791,,33.0,,,,3,EPOCH-WR,3,RecentScan
par,Write Repair,34,34,MarkTs,0.057709,,34.0,,,,3,EPOCH-WR,3,
par,Write Repair,35,35,Update,3.849875,21.0,,,,,3,EPOCH-WR,3,Update
par,Write Repair,36,36,HistoryScan,65.732875,,34.0,,,,3,EPOCH-WR,3,HistoryScan
par,Write Repair,37,37,RecentScan,76.140916,,37.0,,,,3,EPOCH-WR,3,RecentScan
par,Write Repair,38,38,RecentScan,70.259667,,38.0,,,,3,EPOCH-WR,3,RecentScan
par,Write Repair,39,39,RecentScan,70.416167,,39.0,,,,3,EPOCH-WR,3,RecentScan
par,Write Repair,40,40,RecentScan,70.948875,,40.0,,,,3,EPOCH-WR,3,RecentScan
par,Write Repair,41,41,MarkTs,0.044083,,41.0,,,,3,EPOCH-WR,3,
par,Write Repair,42,42,Update,3.599,21.0,,,,,3,EPOCH-WR,3,Update
par,Write Repair,43,43,RecentScan,68.519583,,43.0,,,,3,EPOCH-WR,3,RecentScan
par,Write Repair,44,44,RecentScan,66.73675,,44.0,,,,3,EPOCH-WR,3,RecentScan
par,Write Repair,45,45,RecentScan,68.721625,,45.0,,,,3,EPOCH-WR,3,RecentScan
par,Write Repair,46,46,RecentScan,71.210541,,46.0,,,,3,EPOCH-WR,3,RecentScan
par,Write Repair,47,47,RecentScan,70.045792,,47.0,,,,3,EPOCH-WR,3,RecentScan
par,Write Repair,48,48,MarkTs,0.046375,,48.0,,,,3,EPOCH-WR,3,
par,Write Repair,49,49,Update,3.493959,21.0,,,,,3,EPOCH-WR,3,Update
par,Write Repair,50,50,RecentScan,72.414584,,50.0,,,,3,EPOCH-WR,3,RecentScan
par,Write Repair,51,51,RecentScan,74.821709,,51.0,,,,3,EPOCH-WR,3,RecentScan
par,Write Repair,52,52,RecentScan,79.535792,,52.0,,,,3,EPOCH-WR,3,RecentScan
par,Write Repair,53,53,RecentScan,88.737125,,53.0,,,,3,EPOCH-WR,3,RecentScan
par,Write Repair,54,54,RecentScan,75.741375,,54.0,,,,3,EPOCH-WR,3,RecentScan
par,Write Repair,55,55,MarkTs,0.47425,,55.0,,,,3,EPOCH-WR,3,
par,Write Repair,56,56,Update,3.661666,21.0,,,,,3,EPOCH-WR,3,Update
par,Write Repair,57,57,RecentScan,81.390666,,57.0,,,,3,EPOCH-WR,3,RecentScan
par,Write Repair,58,58,RecentScan,80.268209,,58.0,,,,3,EPOCH-WR,3,RecentScan
par,Write Repair,59,59,RecentScan,80.237875,,59.0,,,,3,EPOCH-WR,3,RecentScan
par,Write Repair,60,60,RecentScan,90.690792,,60.0,,,,3,EPOCH-WR,3,RecentScan
par,Write Repair,61,61,RecentScan,106.991625,,61.0,,,,3,EPOCH-WR,3,RecentScan
par,Write Repair,62,62,MarkTs,0.081375,,62.0,,,,3,EPOCH-WR,3,
par,Write Repair,63,63,Update,4.342333,21.0,,,,,3,EPOCH-WR,3,Update
par,Write Repair,64,64,RecentScan,96.435417,,64.0,,,,3,EPOCH-WR,3,RecentScan
par,Write Repair,65,65,RecentScan,73.715041,,65.0,,,,3,EPOCH-WR,3,RecentScan
par,Write Repair,66,66,RecentScan,98.038417,,66.0,,,,3,EPOCH-WR,3,RecentScan
par,Write Repair,67,67,RecentScan,96.346334,,67.0,,,,3,EPOCH-WR,3,RecentScan
par,Write Repair,68,68,RecentScan,77.225208,,68.0,,,,3,EPOCH-WR,3,RecentScan
par,Write Repair,69,69,MarkTs,0.068792,,69.0,,,,3,EPOCH-WR,3,
par,Write Repair,70,70,Update,3.493042,21.0,,,,,3,EPOCH-WR,3,Update
par,Write Repair,0,0,InitLoad,83.87525,210000.0,,,,,4,EPOCH-WR,3,InitLoad
par,Write Repair,1,1,RecentScan,92.978209,,1.0,,,,4,EPOCH-WR,3,RecentScan
par,Write Repair,2,2,RecentScan,72.23125,,2.0,,,,4,EPOCH-WR,3,RecentScan
par,Write Repair,3,3,RecentScan,67.189875,,3.0,,,,4,EPOCH-WR,3,RecentScan
par,Write Repair,4,4,RecentScan,65.083208,,4.0,,,,4,EPOCH-WR,3,RecentScan
par,Write Repair,5,5,RecentScan,67.174333,,5.0,,,,4,EPOCH-WR,3,RecentScan
par,Write Repair,6,6,MarkTs,0.246375,,6.0,,,,4,EPOCH-WR,3,
par,Write Repair,7,7,Update,5.348959,21.0,,,,,4,EPOCH-WR,3,Update
par,Write Repair,8,8,HistoryScan,66.026667,,6.0,,,,4,EPOCH-WR,3,HistoryScan
par,Write Repair,9,9,RecentScan,65.697833,,9.0,,,,4,EPOCH-WR,3,RecentScan
par,Write Repair,10,10,RecentScan,66.078125,,10.0,,,,4,EPOCH-WR,3,RecentScan
par,Write Repair,11,11,RecentScan,67.956208,,11.0,,,,4,EPOCH-WR,3,RecentScan
par,Write Repair,12,12,RecentScan,68.590709,,12.0,,,,4,EPOCH-WR,3,RecentScan
par,Write Repair,13,13,MarkTs,0.016834,,13.0,,,,4,EPOCH-WR,3,
par,Write Repair,14,14,Update,3.57425,21.0,,,,,4,EPOCH-WR,3,Update
par,Write Repair,15,15,RecentScan,65.322875,,15.0,,,,4,EPOCH-WR,3,RecentScan
par,Write Repair,16,16,RecentScan,66.660584,,16.0,,,,4,EPOCH-WR,3,RecentScan
par,Write Repair,17,17,RecentScan,69.007667,,17.0,,,,4,EPOCH-WR,3,RecentScan
par,Write Repair,18,18,RecentScan,65.840292,,18.0,,,,4,EPOCH-WR,3,RecentScan
par,Write Repair,19,19,RecentScan,66.81025,,19.0,,,,4,EPOCH-WR,3,RecentScan
par,Write Repair,20,20,MarkTs,0.018083,,20.0,,,,4,EPOCH-WR,3,
par,Write Repair,21,21,Update,3.117583,21.0,,,,,4,EPOCH-WR,3,Update
par,Write Repair,22,22,HistoryScan,69.414209,,20.0,,,,4,EPOCH-WR,3,HistoryScan
par,Write Repair,23,23,RecentScan,68.720541,,23.0,,,,4,EPOCH-WR,3,RecentScan
par,Write Repair,24,24,RecentScan,68.998959,,24.0,,,,4,EPOCH-WR,3,RecentScan
par,Write Repair,25,25,RecentScan,70.189583,,25.0,,,,4,EPOCH-WR,3,RecentScan
par,Write Repair,26,26,RecentScan,73.688417,,26.0,,,,4,EPOCH-WR,3,RecentScan
par,Write Repair,27,27,MarkTs,0.26525,,27.0,,,,4,EPOCH-WR,3,
par,Write Repair,28,28,Update,3.537,21.0,,,,,4,EPOCH-WR,3,Update
par,Write Repair,29,29,RecentScan,71.248,,29.0,,,,4,EPOCH-WR,3,RecentScan
par,Write Repair,30,30,RecentScan,71.693417,,30.0,,,,4,EPOCH-WR,3,RecentScan
par,Write Repair,31,31,RecentScan,73.194958,,31.0,,,,4,EPOCH-WR,3,RecentScan
par,Write Repair,32,32,RecentScan,68.094125,,32.0,,,,4,EPOCH-WR,3,RecentScan
par,Write Repair,33,33,RecentScan,71.808584,,33.0,,,,4,EPOCH-WR,3,RecentScan
par,Write Repair,34,34,MarkTs,0.044917,,34.0,,,,4,EPOCH-WR,3,
par,Write Repair,35,35,Update,3.621875,21.0,,,,,4,EPOCH-WR,3,Update
par,Write Repair,36,36,HistoryScan,70.224791,,34.0,,,,4,EPOCH-WR,3,HistoryScan
par,Write Repair,37,37,RecentScan,80.027334,,37.0,,,,4,EPOCH-WR,3,RecentScan
par,Write Repair,38,38,RecentScan,84.146792,,38.0,,,,4,EPOCH-WR,3,RecentScan
par,Write Repair,39,39,RecentScan,80.380333,,39.0,,,,4,EPOCH-WR,3,RecentScan
par,Write Repair,40,40,RecentScan,75.269208,,40.0,,,,4,EPOCH-WR,3,RecentScan
par,Write Repair,41,41,MarkTs,0.047083,,41.0,,,,4,EPOCH-WR,3,
par,Write Repair,42,42,Update,3.950209,21.0,,,,,4,EPOCH-WR,3,Update
par,Write Repair,43,43,RecentScan,78.753875,,43.0,,,,4,EPOCH-WR,3,RecentScan
par,Write Repair,44,44,RecentScan,71.7,,44.0,,,,4,EPOCH-WR,3,RecentScan
par,Write Repair,45,45,RecentScan,66.11175,,45.0,,,,4,EPOCH-WR,3,RecentScan
par,Write Repair,46,46,RecentScan,74.152542,,46.0,,,,4,EPOCH-WR,3,RecentScan
par,Write Repair,47,47,RecentScan,69.477417,,47.0,,,,4,EPOCH-WR,3,RecentScan
par,Write Repair,48,48,MarkTs,0.05225,,48.0,,,,4,EPOCH-WR,3,
par,Write Repair,49,49,Update,3.708125,21.0,,,,,4,EPOCH-WR,3,Update
par,Write Repair,50,50,RecentScan,75.185709,,50.0,,,,4,EPOCH-WR,3,RecentScan
par,Write Repair,51,51,RecentScan,73.827417,,51.0,,,,4,EPOCH-WR,3,RecentScan
par,Write Repair,52,52,RecentScan,75.159625,,52.0,,,,4,EPOCH-WR,3,RecentScan
par,Write Repair,53,53,RecentScan,69.858916,,53.0,,,,4,EPOCH-WR,3,RecentScan
par,Write Repair,54,54,RecentScan,79.417083,,54.0,,,,4,EPOCH-WR,3,RecentScan
par,Write Repair,55,55,MarkTs,0.504625,,55.0,,,,4,EPOCH-WR,3,
par,Write Repair,56,56,Update,3.779667,21.0,,,,,4,EPOCH-WR,3,Update
par,Write Repair,57,57,RecentScan,80.2035,,57.0,,,,4,EPOCH-WR,3,RecentScan
par,Write Repair,58,58,RecentScan,77.1395,,58.0,,,,4,EPOCH-WR,3,RecentScan
par,Write Repair,59,59,RecentScan,73.342583,,59.0,,,,4,EPOCH-WR,3,RecentScan
par,Write Repair,60,60,RecentScan,77.679917,,60.0,,,,4,EPOCH-WR,3,RecentScan
par,Write Repair,61,61,RecentScan,74.379584,,61.0,,,,4,EPOCH-WR,3,RecentScan
par,Write Repair,62,62,MarkTs,0.06025,,62.0,,,,4,EPOCH-WR,3,
par,Write Repair,63,63,Update,3.328666,21.0,,,,,4,EPOCH-WR,3,Update
par,Write Repair,64,64,RecentScan,69.7515,,64.0,,,,4,EPOCH-WR,3,RecentScan
par,Write Repair,65,65,RecentScan,70.111084,,65.0,,,,4,EPOCH-WR,3,RecentScan
par,Write Repair,66,66,RecentScan,73.016875,,66.0,,,,4,EPOCH-WR,3,RecentScan
par,Write Repair,67,67,RecentScan,72.105292,,67.0,,,,4,EPOCH-WR,3,RecentScan
par,Write Repair,68,68,RecentScan,71.66625,,68.0,,,,4,EPOCH-WR,3,RecentScan
par,Write Repair,69,69,MarkTs,0.052166,,69.0,,,,4,EPOCH-WR,3,
par,Write Repair,70,70,Update,3.017917,21.0,,,,,4,EPOCH-WR,3,Update
par,Write Repair,0,0,InitLoad,86.194792,210000.0,,,,,0,EPOCH-WR,4,InitLoad
par,Write Repair,1,1,RecentScan,83.706875,,1.0,,,,0,EPOCH-WR,4,RecentScan
par,Write Repair,2,2,RecentScan,79.04175,,2.0,,,,0,EPOCH-WR,4,RecentScan
par,Write Repair,3,3,RecentScan,79.325667,,3.0,,,,0,EPOCH-WR,4,RecentScan
par,Write Repair,4,4,RecentScan,62.299458,,4.0,,,,0,EPOCH-WR,4,RecentScan
par,Write Repair,5,5,RecentScan,61.301042,,5.0,,,,0,EPOCH-WR,4,RecentScan
par,Write Repair,6,6,MarkTs,0.236,,6.0,,,,0,EPOCH-WR,4,
par,Write Repair,7,7,Update,3.944083,21.0,,,,,0,EPOCH-WR,4,Update
par,Write Repair,8,8,HistoryScan,69.934291,,6.0,,,,0,EPOCH-WR,4,HistoryScan
par,Write Repair,9,9,RecentScan,64.764666,,9.0,,,,0,EPOCH-WR,4,RecentScan
par,Write Repair,10,10,RecentScan,64.676375,,10.0,,,,0,EPOCH-WR,4,RecentScan
par,Write Repair,11,11,RecentScan,66.266167,,11.0,,,,0,EPOCH-WR,4,RecentScan
par,Write Repair,12,12,RecentScan,65.466917,,12.0,,,,0,EPOCH-WR,4,RecentScan
par,Write Repair,13,13,MarkTs,0.019,,13.0,,,,0,EPOCH-WR,4,
par,Write Repair,14,14,Update,3.988667,21.0,,,,,0,EPOCH-WR,4,Update
par,Write Repair,15,15,RecentScan,64.2695,,15.0,,,,0,EPOCH-WR,4,RecentScan
par,Write Repair,16,16,RecentScan,67.381834,,16.0,,,,0,EPOCH-WR,4,RecentScan
par,Write Repair,17,17,RecentScan,63.965417,,17.0,,,,0,EPOCH-WR,4,RecentScan
par,Write Repair,18,18,RecentScan,65.656625,,18.0,,,,0,EPOCH-WR,4,RecentScan
par,Write Repair,19,19,RecentScan,65.065292,,19.0,,,,0,EPOCH-WR,4,RecentScan
par,Write Repair,20,20,MarkTs,0.026,,20.0,,,,0,EPOCH-WR,4,
par,Write Repair,21,21,Update,3.591208,21.0,,,,,0,EPOCH-WR,4,Update
par,Write Repair,22,22,HistoryScan,64.488417,,20.0,,,,0,EPOCH-WR,4,HistoryScan
par,Write Repair,23,23,RecentScan,65.197542,,23.0,,,,0,EPOCH-WR,4,RecentScan
par,Write Repair,24,24,RecentScan,65.207834,,24.0,,,,0,EPOCH-WR,4,RecentScan
par,Write Repair,25,25,RecentScan,65.485125,,25.0,,,,0,EPOCH-WR,4,RecentScan
par,Write Repair,26,26,RecentScan,64.829959,,26.0,,,,0,EPOCH-WR,4,RecentScan
par,Write Repair,27,27,MarkTs,0.270375,,27.0,,,,0,EPOCH-WR,4,
par,Write Repair,28,28,Update,3.884292,21.0,,,,,0,EPOCH-WR,4,Update
par,Write Repair,29,29,RecentScan,64.966583,,29.0,,,,0,EPOCH-WR,4,RecentScan
par,Write Repair,30,30,RecentScan,64.243,,30.0,,,,0,EPOCH-WR,4,RecentScan
par,Write Repair,31,31,RecentScan,64.191125,,31.0,,,,0,EPOCH-WR,4,RecentScan
par,Write Repair,32,32,RecentScan,64.738334,,32.0,,,,0,EPOCH-WR,4,RecentScan
par,Write Repair,33,33,RecentScan,64.267208,,33.0,,,,0,EPOCH-WR,4,RecentScan
par,Write Repair,34,34,MarkTs,0.050917000000000004,,34.0,,,,0,EPOCH-WR,4,
par,Write Repair,35,35,Update,3.746333,21.0,,,,,0,EPOCH-WR,4,Update
par,Write Repair,36,36,HistoryScan,63.945291,,34.0,,,,0,EPOCH-WR,4,HistoryScan
par,Write Repair,37,37,RecentScan,64.185,,37.0,,,,0,EPOCH-WR,4,RecentScan
par,Write Repair,38,38,RecentScan,63.886167,,38.0,,,,0,EPOCH-WR,4,RecentScan
par,Write Repair,39,39,RecentScan,64.532125,,39.0,,,,0,EPOCH-WR,4,RecentScan
par,Write Repair,40,40,RecentScan,64.477375,,40.0,,,,0,EPOCH-WR,4,RecentScan
par,Write Repair,41,41,MarkTs,0.050792000000000004,,41.0,,,,0,EPOCH-WR,4,
par,Write Repair,42,42,Update,3.611625,21.0,,,,,0,EPOCH-WR,4,Update
par,Write Repair,43,43,RecentScan,64.322292,,43.0,,,,0,EPOCH-WR,4,RecentScan
par,Write Repair,44,44,RecentScan,64.880542,,44.0,,,,0,EPOCH-WR,4,RecentScan
par,Write Repair,45,45,RecentScan,64.200125,,45.0,,,,0,EPOCH-WR,4,RecentScan
par,Write Repair,46,46,RecentScan,64.810916,,46.0,,,,0,EPOCH-WR,4,RecentScan
par,Write Repair,47,47,RecentScan,64.778333,,47.0,,,,0,EPOCH-WR,4,RecentScan
par,Write Repair,48,48,MarkTs,0.04975,,48.0,,,,0,EPOCH-WR,4,
par,Write Repair,49,49,Update,3.769041,21.0,,,,,0,EPOCH-WR,4,Update
par,Write Repair,50,50,HistoryScan,64.67775,,48.0,,,,0,EPOCH-WR,4,HistoryScan
par,Write Repair,51,51,RecentScan,64.840542,,51.0,,,,0,EPOCH-WR,4,RecentScan
par,Write Repair,52,52,RecentScan,64.744334,,52.0,,,,0,EPOCH-WR,4,RecentScan
par,Write Repair,53,53,RecentScan,64.697542,,53.0,,,,0,EPOCH-WR,4,RecentScan
par,Write Repair,54,54,RecentScan,64.99375,,54.0,,,,0,EPOCH-WR,4,RecentScan
par,Write Repair,55,55,MarkTs,0.5684170000000001,,55.0,,,,0,EPOCH-WR,4,
par,Write Repair,56,56,Update,4.927709,21.0,,,,,0,EPOCH-WR,4,Update
par,Write Repair,57,57,RecentScan,66.839167,,57.0,,,,0,EPOCH-WR,4,RecentScan
par,Write Repair,58,58,RecentScan,65.743958,,58.0,,,,0,EPOCH-WR,4,RecentScan
par,Write Repair,59,59,RecentScan,65.725792,,59.0,,,,0,EPOCH-WR,4,RecentScan
par,Write Repair,60,60,RecentScan,65.020834,,60.0,,,,0,EPOCH-WR,4,RecentScan
par,Write Repair,61,61,RecentScan,64.720708,,61.0,,,,0,EPOCH-WR,4,RecentScan
par,Write Repair,62,62,MarkTs,0.111041,,62.0,,,,0,EPOCH-WR,4,
par,Write Repair,63,63,Update,3.528958,21.0,,,,,0,EPOCH-WR,4,Update
par,Write Repair,64,64,RecentScan,65.79725,,64.0,,,,0,EPOCH-WR,4,RecentScan
par,Write Repair,65,65,RecentScan,66.309583,,65.0,,,,0,EPOCH-WR,4,RecentScan
par,Write Repair,66,66,RecentScan,64.3555,,66.0,,,,0,EPOCH-WR,4,RecentScan
par,Write Repair,67,67,RecentScan,65.401917,,67.0,,,,0,EPOCH-WR,4,RecentScan
par,Write Repair,68,68,RecentScan,65.384166,,68.0,,,,0,EPOCH-WR,4,RecentScan
par,Write Repair,69,69,MarkTs,0.078792,,69.0,,,,0,EPOCH-WR,4,
par,Write Repair,70,70,Update,3.616875,21.0,,,,,0,EPOCH-WR,4,Update
par,Write Repair,0,0,InitLoad,72.878541,210000.0,,,,,1,EPOCH-WR,4,InitLoad
par,Write Repair,1,1,RecentScan,69.999458,,1.0,,,,1,EPOCH-WR,4,RecentScan
par,Write Repair,2,2,RecentScan,65.252792,,2.0,,,,1,EPOCH-WR,4,RecentScan
par,Write Repair,3,3,RecentScan,65.137083,,3.0,,,,1,EPOCH-WR,4,RecentScan
par,Write Repair,4,4,RecentScan,66.732333,,4.0,,,,1,EPOCH-WR,4,RecentScan
par,Write Repair,5,5,RecentScan,65.78575,,5.0,,,,1,EPOCH-WR,4,RecentScan
par,Write Repair,6,6,MarkTs,0.232709,,6.0,,,,1,EPOCH-WR,4,
par,Write Repair,7,7,Update,3.477,21.0,,,,,1,EPOCH-WR,4,Update
par,Write Repair,8,8,HistoryScan,66.513208,,6.0,,,,1,EPOCH-WR,4,HistoryScan
par,Write Repair,9,9,RecentScan,67.034583,,9.0,,,,1,EPOCH-WR,4,RecentScan
par,Write Repair,10,10,RecentScan,66.401584,,10.0,,,,1,EPOCH-WR,4,RecentScan
par,Write Repair,11,11,RecentScan,79.404083,,11.0,,,,1,EPOCH-WR,4,RecentScan
par,Write Repair,12,12,RecentScan,81.936333,,12.0,,,,1,EPOCH-WR,4,RecentScan
par,Write Repair,13,13,MarkTs,0.026584,,13.0,,,,1,EPOCH-WR,4,
par,Write Repair,14,14,Update,4.482792,21.0,,,,,1,EPOCH-WR,4,Update
par,Write Repair,15,15,RecentScan,82.396209,,15.0,,,,1,EPOCH-WR,4,RecentScan
par,Write Repair,16,16,RecentScan,68.359041,,16.0,,,,1,EPOCH-WR,4,RecentScan
par,Write Repair,17,17,RecentScan,63.306417,,17.0,,,,1,EPOCH-WR,4,RecentScan
par,Write Repair,18,18,RecentScan,62.231875,,18.0,,,,1,EPOCH-WR,4,RecentScan
par,Write Repair,19,19,RecentScan,63.837334,,19.0,,,,1,EPOCH-WR,4,RecentScan
par,Write Repair,20,20,MarkTs,0.019875,,20.0,,,,1,EPOCH-WR,4,
par,Write Repair,21,21,Update,3.506083,21.0,,,,,1,EPOCH-WR,4,Update
par,Write Repair,22,22,HistoryScan,61.185375,,20.0,,,,1,EPOCH-WR,4,HistoryScan
par,Write Repair,23,23,RecentScan,62.398375,,23.0,,,,1,EPOCH-WR,4,RecentScan
par,Write Repair,24,24,RecentScan,91.839416,,24.0,,,,1,EPOCH-WR,4,RecentScan
par,Write Repair,25,25,RecentScan,64.332708,,25.0,,,,1,EPOCH-WR,4,RecentScan
par,Write Repair,26,26,RecentScan,64.178125,,26.0,,,,1,EPOCH-WR,4,RecentScan
par,Write Repair,27,27,MarkTs,0.28566699999999995,,27.0,,,,1,EPOCH-WR,4,
par,Write Repair,28,28,Update,3.403125,21.0,,,,,1,EPOCH-WR,4,Update
par,Write Repair,29,29,RecentScan,64.075208,,29.0,,,,1,EPOCH-WR,4,RecentScan
par,Write Repair,30,30,RecentScan,63.851459,,30.0,,,,1,EPOCH-WR,4,RecentScan
par,Write Repair,31,31,RecentScan,64.989291,,31.0,,,,1,EPOCH-WR,4,RecentScan
par,Write Repair,32,32,RecentScan,63.421458,,32.0,,,,1,EPOCH-WR,4,RecentScan
par,Write Repair,33,33,RecentScan,70.603417,,33.0,,,,1,EPOCH-WR,4,RecentScan
par,Write Repair,34,34,MarkTs,0.047875,,34.0,,,,1,EPOCH-WR,4,
par,Write Repair,35,35,Update,6.789208,21.0,,,,,1,EPOCH-WR,4,Update
par,Write Repair,36,36,HistoryScan,103.026417,,34.0,,,,1,EPOCH-WR,4,HistoryScan
par,Write Repair,37,37,RecentScan,60.95075,,37.0,,,,1,EPOCH-WR,4,RecentScan
par,Write Repair,38,38,RecentScan,67.948875,,38.0,,,,1,EPOCH-WR,4,RecentScan
par,Write Repair,39,39,RecentScan,65.04025,,39.0,,,,1,EPOCH-WR,4,RecentScan
par,Write Repair,40,40,RecentScan,62.92975,,40.0,,,,1,EPOCH-WR,4,RecentScan
par,Write Repair,41,41,MarkTs,0.05,,41.0,,,,1,EPOCH-WR,4,
par,Write Repair,42,42,Update,3.816875,21.0,,,,,1,EPOCH-WR,4,Update
par,Write Repair,43,43,RecentScan,63.059584,,43.0,,,,1,EPOCH-WR,4,RecentScan
par,Write Repair,44,44,RecentScan,65.147209,,44.0,,,,1,EPOCH-WR,4,RecentScan
par,Write Repair,45,45,RecentScan,75.765291,,45.0,,,,1,EPOCH-WR,4,RecentScan
par,Write Repair,46,46,RecentScan,62.703292,,46.0,,,,1,EPOCH-WR,4,RecentScan
par,Write Repair,47,47,RecentScan,65.864958,,47.0,,,,1,EPOCH-WR,4,RecentScan
par,Write Repair,48,48,MarkTs,0.044042000000000005,,48.0,,,,1,EPOCH-WR,4,
par,Write Repair,49,49,Update,3.501083,21.0,,,,,1,EPOCH-WR,4,Update
par,Write Repair,50,50,HistoryScan,61.538125,,48.0,,,,1,EPOCH-WR,4,HistoryScan
par,Write Repair,51,51,RecentScan,65.134208,,51.0,,,,1,EPOCH-WR,4,RecentScan
par,Write Repair,52,52,RecentScan,61.804459,,52.0,,,,1,EPOCH-WR,4,RecentScan
par,Write Repair,53,53,RecentScan,60.624,,53.0,,,,1,EPOCH-WR,4,RecentScan
par,Write Repair,54,54,RecentScan,62.723,,54.0,,,,1,EPOCH-WR,4,RecentScan
par,Write Repair,55,55,MarkTs,0.425291,,55.0,,,,1,EPOCH-WR,4,
par,Write Repair,56,56,Update,3.362625,21.0,,,,,1,EPOCH-WR,4,Update
par,Write Repair,57,57,RecentScan,64.367834,,57.0,,,,1,EPOCH-WR,4,RecentScan
par,Write Repair,58,58,RecentScan,65.217708,,58.0,,,,1,EPOCH-WR,4,RecentScan
par,Write Repair,59,59,RecentScan,83.07925,,59.0,,,,1,EPOCH-WR,4,RecentScan
par,Write Repair,60,60,RecentScan,71.162458,,60.0,,,,1,EPOCH-WR,4,RecentScan
par,Write Repair,61,61,RecentScan,66.924917,,61.0,,,,1,EPOCH-WR,4,RecentScan
par,Write Repair,62,62,MarkTs,0.053709,,62.0,,,,1,EPOCH-WR,4,
par,Write Repair,63,63,Update,3.846166,21.0,,,,,1,EPOCH-WR,4,Update
par,Write Repair,64,64,RecentScan,65.173166,,64.0,,,,1,EPOCH-WR,4,RecentScan
par,Write Repair,65,65,RecentScan,63.977417,,65.0,,,,1,EPOCH-WR,4,RecentScan
par,Write Repair,66,66,RecentScan,65.72,,66.0,,,,1,EPOCH-WR,4,RecentScan
par,Write Repair,67,67,RecentScan,68.128542,,67.0,,,,1,EPOCH-WR,4,RecentScan
par,Write Repair,68,68,RecentScan,72.668167,,68.0,,,,1,EPOCH-WR,4,RecentScan
par,Write Repair,69,69,MarkTs,0.06275,,69.0,,,,1,EPOCH-WR,4,
par,Write Repair,70,70,Update,3.402916,21.0,,,,,1,EPOCH-WR,4,Update
par,Write Repair,0,0,InitLoad,70.2375,210000.0,,,,,2,EPOCH-WR,4,InitLoad
par,Write Repair,1,1,RecentScan,73.500542,,1.0,,,,2,EPOCH-WR,4,RecentScan
par,Write Repair,2,2,RecentScan,67.482583,,2.0,,,,2,EPOCH-WR,4,RecentScan
par,Write Repair,3,3,RecentScan,63.09075,,3.0,,,,2,EPOCH-WR,4,RecentScan
par,Write Repair,4,4,RecentScan,63.87775,,4.0,,,,2,EPOCH-WR,4,RecentScan
par,Write Repair,5,5,RecentScan,62.58675,,5.0,,,,2,EPOCH-WR,4,RecentScan
par,Write Repair,6,6,MarkTs,0.241583,,6.0,,,,2,EPOCH-WR,4,
par,Write Repair,7,7,Update,3.4025,21.0,,,,,2,EPOCH-WR,4,Update
par,Write Repair,8,8,HistoryScan,60.83575,,6.0,,,,2,EPOCH-WR,4,HistoryScan
par,Write Repair,9,9,RecentScan,60.761041,,9.0,,,,2,EPOCH-WR,4,RecentScan
par,Write Repair,10,10,RecentScan,63.435875,,10.0,,,,2,EPOCH-WR,4,RecentScan
par,Write Repair,11,11,RecentScan,64.581667,,11.0,,,,2,EPOCH-WR,4,RecentScan
par,Write Repair,12,12,RecentScan,65.82025,,12.0,,,,2,EPOCH-WR,4,RecentScan
par,Write Repair,13,13,MarkTs,0.016917,,13.0,,,,2,EPOCH-WR,4,
par,Write Repair,14,14,Update,4.038417,21.0,,,,,2,EPOCH-WR,4,Update
par,Write Repair,15,15,RecentScan,61.778,,15.0,,,,2,EPOCH-WR,4,RecentScan
par,Write Repair,16,16,RecentScan,64.457083,,16.0,,,,2,EPOCH-WR,4,RecentScan
par,Write Repair,17,17,RecentScan,63.95925,,17.0,,,,2,EPOCH-WR,4,RecentScan
par,Write Repair,18,18,RecentScan,68.612667,,18.0,,,,2,EPOCH-WR,4,RecentScan
par,Write Repair,19,19,RecentScan,61.171791,,19.0,,,,2,EPOCH-WR,4,RecentScan
par,Write Repair,20,20,MarkTs,0.017917000000000002,,20.0,,,,2,EPOCH-WR,4,
par,Write Repair,21,21,Update,3.265833,21.0,,,,,2,EPOCH-WR,4,Update
par,Write Repair,22,22,HistoryScan,56.052666,,20.0,,,,2,EPOCH-WR,4,HistoryScan
par,Write Repair,23,23,RecentScan,57.600209,,23.0,,,,2,EPOCH-WR,4,RecentScan
par,Write Repair,24,24,RecentScan,56.835791,,24.0,,,,2,EPOCH-WR,4,RecentScan
par,Write Repair,25,25,RecentScan,61.500333,,25.0,,,,2,EPOCH-WR,4,RecentScan
par,Write Repair,26,26,RecentScan,62.194625,,26.0,,,,2,EPOCH-WR,4,RecentScan
par,Write Repair,27,27,MarkTs,0.311542,,27.0,,,,2,EPOCH-WR,4,
par,Write Repair,28,28,Update,3.404083,21.0,,,,,2,EPOCH-WR,4,Update
par,Write Repair,29,29,RecentScan,62.319541,,29.0,,,,2,EPOCH-WR,4,RecentScan
par,Write Repair,30,30,RecentScan,63.630542,,30.0,,,,2,EPOCH-WR,4,RecentScan
par,Write Repair,31,31,RecentScan,63.213417,,31.0,,,,2,EPOCH-WR,4,RecentScan
par,Write Repair,32,32,RecentScan,62.266625,,32.0,,,,2,EPOCH-WR,4,RecentScan
par,Write Repair,33,33,RecentScan,60.808958,,33.0,,,,2,EPOCH-WR,4,RecentScan
par,Write Repair,34,34,MarkTs,0.049375,,34.0,,,,2,EPOCH-WR,4,
par,Write Repair,35,35,Update,3.67525,21.0,,,,,2,EPOCH-WR,4,Update
par,Write Repair,36,36,HistoryScan,58.847542,,34.0,,,,2,EPOCH-WR,4,HistoryScan
par,Write Repair,37,37,RecentScan,60.544792,,37.0,,,,2,EPOCH-WR,4,RecentScan
par,Write Repair,38,38,RecentScan,59.382125,,38.0,,,,2,EPOCH-WR,4,RecentScan
par,Write Repair,39,39,RecentScan,66.750584,,39.0,,,,2,EPOCH-WR,4,RecentScan
par,Write Repair,40,40,RecentScan,61.07275,,40.0,,,,2,EPOCH-WR,4,RecentScan
par,Write Repair,41,41,MarkTs,0.056375,,41.0,,,,2,EPOCH-WR,4,
par,Write Repair,42,42,Update,3.853041,21.0,,,,,2,EPOCH-WR,4,Update
par,Write Repair,43,43,RecentScan,62.296959,,43.0,,,,2,EPOCH-WR,4,RecentScan
par,Write Repair,44,44,RecentScan,63.411375,,44.0,,,,2,EPOCH-WR,4,RecentScan
par,Write Repair,45,45,RecentScan,63.163958,,45.0,,,,2,EPOCH-WR,4,RecentScan
par,Write Repair,46,46,RecentScan,63.680708,,46.0,,,,2,EPOCH-WR,4,RecentScan
par,Write Repair,47,47,RecentScan,62.663708,,47.0,,,,2,EPOCH-WR,4,RecentScan
par,Write Repair,48,48,MarkTs,0.048875,,48.0,,,,2,EPOCH-WR,4,
par,Write Repair,49,49,Update,3.402084,21.0,,,,,2,EPOCH-WR,4,Update
par,Write Repair,50,50,HistoryScan,62.0885,,48.0,,,,2,EPOCH-WR,4,HistoryScan
par,Write Repair,51,51,RecentScan,62.863125,,51.0,,,,2,EPOCH-WR,4,RecentScan
par,Write Repair,52,52,RecentScan,62.095375,,52.0,,,,2,EPOCH-WR,4,RecentScan
par,Write Repair,53,53,RecentScan,63.961375,,53.0,,,,2,EPOCH-WR,4,RecentScan
par,Write Repair,54,54,RecentScan,63.109417,,54.0,,,,2,EPOCH-WR,4,RecentScan
par,Write Repair,55,55,MarkTs,0.437583,,55.0,,,,2,EPOCH-WR,4,
par,Write Repair,56,56,Update,4.051542,21.0,,,,,2,EPOCH-WR,4,Update
par,Write Repair,57,57,RecentScan,64.784042,,57.0,,,,2,EPOCH-WR,4,RecentScan
par,Write Repair,58,58,RecentScan,64.355208,,58.0,,,,2,EPOCH-WR,4,RecentScan
par,Write Repair,59,59,RecentScan,60.789708,,59.0,,,,2,EPOCH-WR,4,RecentScan
par,Write Repair,60,60,RecentScan,65.990833,,60.0,,,,2,EPOCH-WR,4,RecentScan
par,Write Repair,61,61,RecentScan,63.398833,,61.0,,,,2,EPOCH-WR,4,RecentScan
par,Write Repair,62,62,MarkTs,0.060875,,62.0,,,,2,EPOCH-WR,4,
par,Write Repair,63,63,Update,3.451833,21.0,,,,,2,EPOCH-WR,4,Update
par,Write Repair,64,64,RecentScan,63.167042,,64.0,,,,2,EPOCH-WR,4,RecentScan
par,Write Repair,65,65,RecentScan,61.86425,,65.0,,,,2,EPOCH-WR,4,RecentScan
par,Write Repair,66,66,RecentScan,63.277541,,66.0,,,,2,EPOCH-WR,4,RecentScan
par,Write Repair,67,67,RecentScan,62.815375,,67.0,,,,2,EPOCH-WR,4,RecentScan
par,Write Repair,68,68,RecentScan,63.640916,,68.0,,,,2,EPOCH-WR,4,RecentScan
par,Write Repair,69,69,MarkTs,0.06375,,69.0,,,,2,EPOCH-WR,4,
par,Write Repair,70,70,Update,3.372666,21.0,,,,,2,EPOCH-WR,4,Update
par,Write Repair,0,0,InitLoad,77.307583,210000.0,,,,,3,EPOCH-WR,4,InitLoad
par,Write Repair,1,1,RecentScan,68.02475,,1.0,,,,3,EPOCH-WR,4,RecentScan
par,Write Repair,2,2,RecentScan,61.433125,,2.0,,,,3,EPOCH-WR,4,RecentScan
par,Write Repair,3,3,RecentScan,77.335833,,3.0,,,,3,EPOCH-WR,4,RecentScan
par,Write Repair,4,4,RecentScan,167.036917,,4.0,,,,3,EPOCH-WR,4,RecentScan
par,Write Repair,5,5,RecentScan,154.15525,,5.0,,,,3,EPOCH-WR,4,RecentScan
par,Write Repair,6,6,MarkTs,0.372959,,6.0,,,,3,EPOCH-WR,4,
par,Write Repair,7,7,Update,20.069167,21.0,,,,,3,EPOCH-WR,4,Update
par,Write Repair,8,8,HistoryScan,131.269375,,6.0,,,,3,EPOCH-WR,4,HistoryScan
par,Write Repair,9,9,RecentScan,115.8725,,9.0,,,,3,EPOCH-WR,4,RecentScan
par,Write Repair,10,10,RecentScan,240.308625,,10.0,,,,3,EPOCH-WR,4,RecentScan
par,Write Repair,11,11,RecentScan,113.429291,,11.0,,,,3,EPOCH-WR,4,RecentScan
par,Write Repair,12,12,RecentScan,82.936917,,12.0,,,,3,EPOCH-WR,4,RecentScan
par,Write Repair,13,13,MarkTs,0.020582999999999997,,13.0,,,,3,EPOCH-WR,4,
par,Write Repair,14,14,Update,4.128084,21.0,,,,,3,EPOCH-WR,4,Update
par,Write Repair,15,15,RecentScan,87.763958,,15.0,,,,3,EPOCH-WR,4,RecentScan
par,Write Repair,16,16,RecentScan,77.359,,16.0,,,,3,EPOCH-WR,4,RecentScan
par,Write Repair,17,17,RecentScan,91.634542,,17.0,,,,3,EPOCH-WR,4,RecentScan
par,Write Repair,18,18,RecentScan,80.942625,,18.0,,,,3,EPOCH-WR,4,RecentScan
par,Write Repair,19,19,RecentScan,82.127875,,19.0,,,,3,EPOCH-WR,4,RecentScan
par,Write Repair,20,20,MarkTs,0.0195,,20.0,,,,3,EPOCH-WR,4,
par,Write Repair,21,21,Update,4.179666,21.0,,,,,3,EPOCH-WR,4,Update
par,Write Repair,22,22,HistoryScan,97.948583,,20.0,,,,3,EPOCH-WR,4,HistoryScan
par,Write Repair,23,23,RecentScan,76.558625,,23.0,,,,3,EPOCH-WR,4,RecentScan
par,Write Repair,24,24,RecentScan,70.443875,,24.0,,,,3,EPOCH-WR,4,RecentScan
par,Write Repair,25,25,RecentScan,157.684292,,25.0,,,,3,EPOCH-WR,4,RecentScan
par,Write Repair,26,26,RecentScan,137.133083,,26.0,,,,3,EPOCH-WR,4,RecentScan
par,Write Repair,27,27,MarkTs,0.772833,,27.0,,,,3,EPOCH-WR,4,
par,Write Repair,28,28,Update,9.181708,21.0,,,,,3,EPOCH-WR,4,Update
par,Write Repair,29,29,RecentScan,235.363125,,29.0,,,,3,EPOCH-WR,4,RecentScan
par,Write Repair,30,30,RecentScan,222.283333,,30.0,,,,3,EPOCH-WR,4,RecentScan
par,Write Repair,31,31,RecentScan,182.795208,,31.0,,,,3,EPOCH-WR,4,RecentScan
par,Write Repair,32,32,RecentScan,244.186208,,32.0,,,,3,EPOCH-WR,4,RecentScan
par,Write Repair,33,33,RecentScan,157.329125,,33.0,,,,3,EPOCH-WR,4,RecentScan
par,Write Repair,34,34,MarkTs,0.07625,,34.0,,,,3,EPOCH-WR,4,
par,Write Repair,35,35,Update,16.635083,21.0,,,,,3,EPOCH-WR,4,Update
par,Write Repair,36,36,HistoryScan,199.492375,,34.0,,,,3,EPOCH-WR,4,HistoryScan
par,Write Repair,37,37,RecentScan,196.077,,37.0,,,,3,EPOCH-WR,4,RecentScan
par,Write Repair,38,38,RecentScan,198.065125,,38.0,,,,3,EPOCH-WR,4,RecentScan
par,Write Repair,39,39,RecentScan,264.237708,,39.0,,,,3,EPOCH-WR,4,RecentScan
par,Write Repair,40,40,RecentScan,245.673791,,40.0,,,,3,EPOCH-WR,4,RecentScan
par,Write Repair,41,41,MarkTs,0.077208,,41.0,,,,3,EPOCH-WR,4,
par,Write Repair,42,42,Update,18.914,21.0,,,,,3,EPOCH-WR,4,Update
par,Write Repair,43,43,RecentScan,284.595459,,43.0,,,,3,EPOCH-WR,4,RecentScan
par,Write Repair,44,44,RecentScan,212.005708,,44.0,,,,3,EPOCH-WR,4,RecentScan
par,Write Repair,45,45,RecentScan,218.127542,,45.0,,,,3,EPOCH-WR,4,RecentScan
par,Write Repair,46,46,RecentScan,232.304791,,46.0,,,,3,EPOCH-WR,4,RecentScan
par,Write Repair,47,47,RecentScan,170.186208,,47.0,,,,3,EPOCH-WR,4,RecentScan
par,Write Repair,48,48,MarkTs,0.051167000000000004,,48.0,,,,3,EPOCH-WR,4,
par,Write Repair,49,49,Update,14.231666,21.0,,,,,3,EPOCH-WR,4,Update
par,Write Repair,50,50,HistoryScan,115.434625,,48.0,,,,3,EPOCH-WR,4,HistoryScan
par,Write Repair,51,51,RecentScan,103.790375,,51.0,,,,3,EPOCH-WR,4,RecentScan
par,Write Repair,52,52,RecentScan,90.233875,,52.0,,,,3,EPOCH-WR,4,RecentScan
par,Write Repair,53,53,RecentScan,111.153167,,53.0,,,,3,EPOCH-WR,4,RecentScan
par,Write Repair,54,54,RecentScan,91.829584,,54.0,,,,3,EPOCH-WR,4,RecentScan
par,Write Repair,55,55,MarkTs,0.682958,,55.0,,,,3,EPOCH-WR,4,
par,Write Repair,56,56,Update,6.545625,21.0,,,,,3,EPOCH-WR,4,Update
par,Write Repair,57,57,RecentScan,97.192375,,57.0,,,,3,EPOCH-WR,4,RecentScan
par,Write Repair,58,58,RecentScan,107.576,,58.0,,,,3,EPOCH-WR,4,RecentScan
par,Write Repair,59,59,RecentScan,78.864458,,59.0,,,,3,EPOCH-WR,4,RecentScan
par,Write Repair,60,60,RecentScan,64.406667,,60.0,,,,3,EPOCH-WR,4,RecentScan
par,Write Repair,61,61,RecentScan,69.352333,,61.0,,,,3,EPOCH-WR,4,RecentScan
par,Write Repair,62,62,MarkTs,0.10083299999999999,,62.0,,,,3,EPOCH-WR,4,
par,Write Repair,63,63,Update,3.608042,21.0,,,,,3,EPOCH-WR,4,Update
par,Write Repair,64,64,RecentScan,66.840292,,64.0,,,,3,EPOCH-WR,4,RecentScan
par,Write Repair,65,65,RecentScan,66.481875,,65.0,,,,3,EPOCH-WR,4,RecentScan
par,Write Repair,66,66,RecentScan,70.661,,66.0,,,,3,EPOCH-WR,4,RecentScan
par,Write Repair,67,67,RecentScan,68.518417,,67.0,,,,3,EPOCH-WR,4,RecentScan
par,Write Repair,68,68,RecentScan,68.298958,,68.0,,,,3,EPOCH-WR,4,RecentScan
par,Write Repair,69,69,MarkTs,0.073042,,69.0,,,,3,EPOCH-WR,4,
par,Write Repair,70,70,Update,3.971792,21.0,,,,,3,EPOCH-WR,4,Update
par,Write Repair,0,0,InitLoad,70.387708,210000.0,,,,,4,EPOCH-WR,4,InitLoad
par,Write Repair,1,1,RecentScan,64.365875,,1.0,,,,4,EPOCH-WR,4,RecentScan
par,Write Repair,2,2,RecentScan,62.162416,,2.0,,,,4,EPOCH-WR,4,RecentScan
par,Write Repair,3,3,RecentScan,60.046583,,3.0,,,,4,EPOCH-WR,4,RecentScan
par,Write Repair,4,4,RecentScan,60.252791,,4.0,,,,4,EPOCH-WR,4,RecentScan
par,Write Repair,5,5,RecentScan,65.2795,,5.0,,,,4,EPOCH-WR,4,RecentScan
par,Write Repair,6,6,MarkTs,0.344083,,6.0,,,,4,EPOCH-WR,4,
par,Write Repair,7,7,Update,24.185791,21.0,,,,,4,EPOCH-WR,4,Update
par,Write Repair,8,8,HistoryScan,69.788167,,6.0,,,,4,EPOCH-WR,4,HistoryScan
par,Write Repair,9,9,RecentScan,63.070125,,9.0,,,,4,EPOCH-WR,4,RecentScan
par,Write Repair,10,10,RecentScan,63.989542,,10.0,,,,4,EPOCH-WR,4,RecentScan
par,Write Repair,11,11,RecentScan,65.945959,,11.0,,,,4,EPOCH-WR,4,RecentScan
par,Write Repair,12,12,RecentScan,64.110042,,12.0,,,,4,EPOCH-WR,4,RecentScan
par,Write Repair,13,13,MarkTs,0.041540999999999995,,13.0,,,,4,EPOCH-WR,4,
par,Write Repair,14,14,Update,3.506667,21.0,,,,,4,EPOCH-WR,4,Update
par,Write Repair,15,15,RecentScan,65.636042,,15.0,,,,4,EPOCH-WR,4,RecentScan
par,Write Repair,16,16,RecentScan,63.265875,,16.0,,,,4,EPOCH-WR,4,RecentScan
par,Write Repair,17,17,RecentScan,61.383542,,17.0,,,,4,EPOCH-WR,4,RecentScan
par,Write Repair,18,18,RecentScan,72.646375,,18.0,,,,4,EPOCH-WR,4,RecentScan
par,Write Repair,19,19,RecentScan,66.788,,19.0,,,,4,EPOCH-WR,4,RecentScan
par,Write Repair,20,20,MarkTs,0.023041,,20.0,,,,4,EPOCH-WR,4,
par,Write Repair,21,21,Update,4.506583,21.0,,,,,4,EPOCH-WR,4,Update
par,Write Repair,22,22,HistoryScan,75.7285,,20.0,,,,4,EPOCH-WR,4,HistoryScan
par,Write Repair,23,23,RecentScan,275.899583,,23.0,,,,4,EPOCH-WR,4,RecentScan
par,Write Repair,24,24,RecentScan,212.979458,,24.0,,,,4,EPOCH-WR,4,RecentScan
par,Write Repair,25,25,RecentScan,80.972459,,25.0,,,,4,EPOCH-WR,4,RecentScan
par,Write Repair,26,26,RecentScan,175.941625,,26.0,,,,4,EPOCH-WR,4,RecentScan
par,Write Repair,27,27,MarkTs,0.75125,,27.0,,,,4,EPOCH-WR,4,
par,Write Repair,28,28,Update,19.888917,21.0,,,,,4,EPOCH-WR,4,Update
par,Write Repair,29,29,RecentScan,128.38425,,29.0,,,,4,EPOCH-WR,4,RecentScan
par,Write Repair,30,30,RecentScan,73.445333,,30.0,,,,4,EPOCH-WR,4,RecentScan
par,Write Repair,31,31,RecentScan,68.317416,,31.0,,,,4,EPOCH-WR,4,RecentScan
par,Write Repair,32,32,RecentScan,66.723959,,32.0,,,,4,EPOCH-WR,4,RecentScan
par,Write Repair,33,33,RecentScan,68.180958,,33.0,,,,4,EPOCH-WR,4,RecentScan
par,Write Repair,34,34,MarkTs,0.050207999999999996,,34.0,,,,4,EPOCH-WR,4,
par,Write Repair,35,35,Update,3.735959,21.0,,,,,4,EPOCH-WR,4,Update
par,Write Repair,36,36,HistoryScan,64.68425,,34.0,,,,4,EPOCH-WR,4,HistoryScan
par,Write Repair,37,37,RecentScan,67.155042,,37.0,,,,4,EPOCH-WR,4,RecentScan
par,Write Repair,38,38,RecentScan,68.123,,38.0,,,,4,EPOCH-WR,4,RecentScan
par,Write Repair,39,39,RecentScan,68.091208,,39.0,,,,4,EPOCH-WR,4,RecentScan
par,Write Repair,40,40,RecentScan,68.053084,,40.0,,,,4,EPOCH-WR,4,RecentScan
par,Write Repair,41,41,MarkTs,0.049957999999999995,,41.0,,,,4,EPOCH-WR,4,
par,Write Repair,42,42,Update,3.4775,21.0,,,,,4,EPOCH-WR,4,Update
par,Write Repair,43,43,RecentScan,66.304625,,43.0,,,,4,EPOCH-WR,4,RecentScan
par,Write Repair,44,44,RecentScan,65.638542,,44.0,,,,4,EPOCH-WR,4,RecentScan
par,Write Repair,45,45,RecentScan,65.328917,,45.0,,,,4,EPOCH-WR,4,RecentScan
par,Write Repair,46,46,RecentScan,66.037458,,46.0,,,,4,EPOCH-WR,4,RecentScan
par,Write Repair,47,47,RecentScan,67.686125,,47.0,,,,4,EPOCH-WR,4,RecentScan
par,Write Repair,48,48,MarkTs,0.060291,,48.0,,,,4,EPOCH-WR,4,
par,Write Repair,49,49,Update,3.703167,21.0,,,,,4,EPOCH-WR,4,Update
par,Write Repair,50,50,HistoryScan,65.3715,,48.0,,,,4,EPOCH-WR,4,HistoryScan
par,Write Repair,51,51,RecentScan,65.653833,,51.0,,,,4,EPOCH-WR,4,RecentScan
par,Write Repair,52,52,RecentScan,65.788834,,52.0,,,,4,EPOCH-WR,4,RecentScan
par,Write Repair,53,53,RecentScan,67.635375,,53.0,,,,4,EPOCH-WR,4,RecentScan
par,Write Repair,54,54,RecentScan,68.992125,,54.0,,,,4,EPOCH-WR,4,RecentScan
par,Write Repair,55,55,MarkTs,0.430916,,55.0,,,,4,EPOCH-WR,4,
par,Write Repair,56,56,Update,3.819333,21.0,,,,,4,EPOCH-WR,4,Update
par,Write Repair,57,57,RecentScan,68.934375,,57.0,,,,4,EPOCH-WR,4,RecentScan
par,Write Repair,58,58,RecentScan,67.279833,,58.0,,,,4,EPOCH-WR,4,RecentScan
par,Write Repair,59,59,RecentScan,67.275708,,59.0,,,,4,EPOCH-WR,4,RecentScan
par,Write Repair,60,60,RecentScan,69.09825,,60.0,,,,4,EPOCH-WR,4,RecentScan
par,Write Repair,61,61,RecentScan,72.018333,,61.0,,,,4,EPOCH-WR,4,RecentScan
par,Write Repair,62,62,MarkTs,0.068417,,62.0,,,,4,EPOCH-WR,4,
par,Write Repair,63,63,Update,3.555375,21.0,,,,,4,EPOCH-WR,4,Update
par,Write Repair,64,64,RecentScan,67.372583,,64.0,,,,4,EPOCH-WR,4,RecentScan
par,Write Repair,65,65,RecentScan,68.266417,,65.0,,,,4,EPOCH-WR,4,RecentScan
par,Write Repair,66,66,RecentScan,68.247209,,66.0,,,,4,EPOCH-WR,4,RecentScan
par,Write Repair,67,67,RecentScan,71.862833,,67.0,,,,4,EPOCH-WR,4,RecentScan
par,Write Repair,68,68,RecentScan,68.669958,,68.0,,,,4,EPOCH-WR,4,RecentScan
par,Write Repair,69,69,MarkTs,0.062709,,69.0,,,,4,EPOCH-WR,4,
par,Write Repair,70,70,Update,3.461875,21.0,,,,,4,EPOCH-WR,4,Update
par,Write Repair,0,0,InitLoad,68.568125,210000.0,,,,,0,EPOCH-WR,5,InitLoad
par,Write Repair,1,1,RecentScan,67.733917,,1.0,,,,0,EPOCH-WR,5,RecentScan
par,Write Repair,2,2,RecentScan,62.577792,,2.0,,,,0,EPOCH-WR,5,RecentScan
par,Write Repair,3,3,RecentScan,60.437708,,3.0,,,,0,EPOCH-WR,5,RecentScan
par,Write Repair,4,4,RecentScan,61.856709,,4.0,,,,0,EPOCH-WR,5,RecentScan
par,Write Repair,5,5,RecentScan,87.163333,,5.0,,,,0,EPOCH-WR,5,RecentScan
par,Write Repair,6,6,MarkTs,0.219375,,6.0,,,,0,EPOCH-WR,5,
par,Write Repair,7,7,Update,5.235041,21.0,,,,,0,EPOCH-WR,5,Update
par,Write Repair,8,8,HistoryScan,103.454417,,6.0,,,,0,EPOCH-WR,5,HistoryScan
par,Write Repair,9,9,RecentScan,123.74775,,9.0,,,,0,EPOCH-WR,5,RecentScan
par,Write Repair,10,10,RecentScan,107.539292,,10.0,,,,0,EPOCH-WR,5,RecentScan
par,Write Repair,11,11,RecentScan,167.080167,,11.0,,,,0,EPOCH-WR,5,RecentScan
par,Write Repair,12,12,RecentScan,79.454292,,12.0,,,,0,EPOCH-WR,5,RecentScan
par,Write Repair,13,13,MarkTs,0.029875,,13.0,,,,0,EPOCH-WR,5,
par,Write Repair,14,14,Update,8.838542,21.0,,,,,0,EPOCH-WR,5,Update
par,Write Repair,15,15,RecentScan,114.356292,,15.0,,,,0,EPOCH-WR,5,RecentScan
par,Write Repair,16,16,RecentScan,73.9345,,16.0,,,,0,EPOCH-WR,5,RecentScan
par,Write Repair,17,17,RecentScan,78.435666,,17.0,,,,0,EPOCH-WR,5,RecentScan
par,Write Repair,18,18,RecentScan,100.153292,,18.0,,,,0,EPOCH-WR,5,RecentScan
par,Write Repair,19,19,RecentScan,95.566125,,19.0,,,,0,EPOCH-WR,5,RecentScan
par,Write Repair,20,20,MarkTs,0.023833,,20.0,,,,0,EPOCH-WR,5,
par,Write Repair,21,21,Update,7.0775,21.0,,,,,0,EPOCH-WR,5,Update
par,Write Repair,22,22,HistoryScan,90.826459,,20.0,,,,0,EPOCH-WR,5,HistoryScan
par,Write Repair,23,23,RecentScan,73.33425,,23.0,,,,0,EPOCH-WR,5,RecentScan
par,Write Repair,24,24,RecentScan,80.278667,,24.0,,,,0,EPOCH-WR,5,RecentScan
par,Write Repair,25,25,RecentScan,88.08,,25.0,,,,0,EPOCH-WR,5,RecentScan
par,Write Repair,26,26,RecentScan,84.554583,,26.0,,,,0,EPOCH-WR,5,RecentScan
par,Write Repair,27,27,MarkTs,0.303958,,27.0,,,,0,EPOCH-WR,5,
par,Write Repair,28,28,Update,3.78175,21.0,,,,,0,EPOCH-WR,5,Update
par,Write Repair,29,29,RecentScan,96.09375,,29.0,,,,0,EPOCH-WR,5,RecentScan
par,Write Repair,30,30,RecentScan,141.833667,,30.0,,,,0,EPOCH-WR,5,RecentScan
par,Write Repair,31,31,RecentScan,151.651333,,31.0,,,,0,EPOCH-WR,5,RecentScan
par,Write Repair,32,32,RecentScan,199.887458,,32.0,,,,0,EPOCH-WR,5,RecentScan
par,Write Repair,33,33,RecentScan,183.620375,,33.0,,,,0,EPOCH-WR,5,RecentScan
par,Write Repair,34,34,MarkTs,0.05325,,34.0,,,,0,EPOCH-WR,5,
par,Write Repair,35,35,Update,14.404042,21.0,,,,,0,EPOCH-WR,5,Update
par,Write Repair,36,36,HistoryScan,190.228375,,34.0,,,,0,EPOCH-WR,5,HistoryScan
par,Write Repair,37,37,RecentScan,196.03275,,37.0,,,,0,EPOCH-WR,5,RecentScan
par,Write Repair,38,38,RecentScan,218.3965,,38.0,,,,0,EPOCH-WR,5,RecentScan
par,Write Repair,39,39,RecentScan,175.015625,,39.0,,,,0,EPOCH-WR,5,RecentScan
par,Write Repair,40,40,RecentScan,197.670875,,40.0,,,,0,EPOCH-WR,5,RecentScan
par,Write Repair,41,41,MarkTs,0.065375,,41.0,,,,0,EPOCH-WR,5,
par,Write Repair,42,42,Update,5.775417,21.0,,,,,0,EPOCH-WR,5,Update
par,Write Repair,43,43,RecentScan,217.57425,,43.0,,,,0,EPOCH-WR,5,RecentScan
par,Write Repair,44,44,RecentScan,222.555083,,44.0,,,,0,EPOCH-WR,5,RecentScan
par,Write Repair,45,45,RecentScan,192.66675,,45.0,,,,0,EPOCH-WR,5,RecentScan
par,Write Repair,46,46,RecentScan,196.457084,,46.0,,,,0,EPOCH-WR,5,RecentScan
par,Write Repair,47,47,RecentScan,172.559583,,47.0,,,,0,EPOCH-WR,5,RecentScan
par,Write Repair,48,48,MarkTs,0.059209000000000005,,48.0,,,,0,EPOCH-WR,5,
par,Write Repair,49,49,Update,14.02425,21.0,,,,,0,EPOCH-WR,5,Update
par,Write Repair,50,50,HistoryScan,346.471958,,48.0,,,,0,EPOCH-WR,5,HistoryScan
par,Write Repair,51,51,RecentScan,187.213,,51.0,,,,0,EPOCH-WR,5,RecentScan
par,Write Repair,52,52,RecentScan,88.78475,,52.0,,,,0,EPOCH-WR,5,RecentScan
par,Write Repair,53,53,RecentScan,83.713625,,53.0,,,,0,EPOCH-WR,5,RecentScan
par,Write Repair,54,54,RecentScan,84.193458,,54.0,,,,0,EPOCH-WR,5,RecentScan
par,Write Repair,55,55,MarkTs,1.089875,,55.0,,,,0,EPOCH-WR,5,
par,Write Repair,56,56,Update,5.288875,21.0,,,,,0,EPOCH-WR,5,Update
par,Write Repair,57,57,RecentScan,81.647958,,57.0,,,,0,EPOCH-WR,5,RecentScan
par,Write Repair,58,58,RecentScan,84.140583,,58.0,,,,0,EPOCH-WR,5,RecentScan
par,Write Repair,59,59,RecentScan,81.135458,,59.0,,,,0,EPOCH-WR,5,RecentScan
par,Write Repair,60,60,RecentScan,77.93725,,60.0,,,,0,EPOCH-WR,5,RecentScan
par,Write Repair,61,61,RecentScan,91.369,,61.0,,,,0,EPOCH-WR,5,RecentScan
par,Write Repair,62,62,MarkTs,0.073,,62.0,,,,0,EPOCH-WR,5,
par,Write Repair,63,63,Update,4.043167,21.0,,,,,0,EPOCH-WR,5,Update
par,Write Repair,64,64,HistoryScan,100.894292,,62.0,,,,0,EPOCH-WR,5,HistoryScan
par,Write Repair,65,65,RecentScan,83.952708,,65.0,,,,0,EPOCH-WR,5,RecentScan
par,Write Repair,66,66,RecentScan,67.247292,,66.0,,,,0,EPOCH-WR,5,RecentScan
par,Write Repair,67,67,RecentScan,70.266416,,67.0,,,,0,EPOCH-WR,5,RecentScan
par,Write Repair,68,68,RecentScan,64.10125,,68.0,,,,0,EPOCH-WR,5,RecentScan
par,Write Repair,69,69,MarkTs,0.063667,,69.0,,,,0,EPOCH-WR,5,
par,Write Repair,70,70,Update,4.071,21.0,,,,,0,EPOCH-WR,5,Update
par,Write Repair,0,0,InitLoad,72.795542,210000.0,,,,,1,EPOCH-WR,5,InitLoad
par,Write Repair,1,1,RecentScan,75.044667,,1.0,,,,1,EPOCH-WR,5,RecentScan
par,Write Repair,2,2,RecentScan,70.239375,,2.0,,,,1,EPOCH-WR,5,RecentScan
par,Write Repair,3,3,RecentScan,72.995792,,3.0,,,,1,EPOCH-WR,5,RecentScan
par,Write Repair,4,4,RecentScan,66.73075,,4.0,,,,1,EPOCH-WR,5,RecentScan
par,Write Repair,5,5,RecentScan,63.357334,,5.0,,,,1,EPOCH-WR,5,RecentScan
par,Write Repair,6,6,MarkTs,0.224875,,6.0,,,,1,EPOCH-WR,5,
par,Write Repair,7,7,Update,3.703125,21.0,,,,,1,EPOCH-WR,5,Update
par,Write Repair,8,8,HistoryScan,65.815042,,6.0,,,,1,EPOCH-WR,5,HistoryScan
par,Write Repair,9,9,RecentScan,65.7675,,9.0,,,,1,EPOCH-WR,5,RecentScan
par,Write Repair,10,10,RecentScan,66.57,,10.0,,,,1,EPOCH-WR,5,RecentScan
par,Write Repair,11,11,RecentScan,68.459333,,11.0,,,,1,EPOCH-WR,5,RecentScan
par,Write Repair,12,12,RecentScan,67.770208,,12.0,,,,1,EPOCH-WR,5,RecentScan
par,Write Repair,13,13,MarkTs,0.018209,,13.0,,,,1,EPOCH-WR,5,
par,Write Repair,14,14,Update,3.819666,21.0,,,,,1,EPOCH-WR,5,Update
par,Write Repair,15,15,RecentScan,67.39075,,15.0,,,,1,EPOCH-WR,5,RecentScan
par,Write Repair,16,16,RecentScan,68.986459,,16.0,,,,1,EPOCH-WR,5,RecentScan
par,Write Repair,17,17,RecentScan,72.920958,,17.0,,,,1,EPOCH-WR,5,RecentScan
par,Write Repair,18,18,RecentScan,74.02375,,18.0,,,,1,EPOCH-WR,5,RecentScan
par,Write Repair,19,19,RecentScan,67.657208,,19.0,,,,1,EPOCH-WR,5,RecentScan
par,Write Repair,20,20,MarkTs,0.019417,,20.0,,,,1,EPOCH-WR,5,
par,Write Repair,21,21,Update,3.610333,21.0,,,,,1,EPOCH-WR,5,Update
par,Write Repair,22,22,HistoryScan,64.331875,,20.0,,,,1,EPOCH-WR,5,HistoryScan
par,Write Repair,23,23,RecentScan,63.996542,,23.0,,,,1,EPOCH-WR,5,RecentScan
par,Write Repair,24,24,RecentScan,66.410917,,24.0,,,,1,EPOCH-WR,5,RecentScan
par,Write Repair,25,25,RecentScan,63.26625,,25.0,,,,1,EPOCH-WR,5,RecentScan
par,Write Repair,26,26,RecentScan,70.339791,,26.0,,,,1,EPOCH-WR,5,RecentScan
par,Write Repair,27,27,MarkTs,0.30279199999999995,,27.0,,,,1,EPOCH-WR,5,
par,Write Repair,28,28,Update,3.541417,21.0,,,,,1,EPOCH-WR,5,Update
par,Write Repair,29,29,RecentScan,84.967,,29.0,,,,1,EPOCH-WR,5,RecentScan
par,Write Repair,30,30,RecentScan,62.113083,,30.0,,,,1,EPOCH-WR,5,RecentScan
par,Write Repair,31,31,RecentScan,59.851666,,31.0,,,,1,EPOCH-WR,5,RecentScan
par,Write Repair,32,32,RecentScan,59.4595,,32.0,,,,1,EPOCH-WR,5,RecentScan
par,Write Repair,33,33,RecentScan,60.51875,,33.0,,,,1,EPOCH-WR,5,RecentScan
par,Write Repair,34,34,MarkTs,0.074834,,34.0,,,,1,EPOCH-WR,5,
par,Write Repair,35,35,Update,3.680958,21.0,,,,,1,EPOCH-WR,5,Update
par,Write Repair,36,36,HistoryScan,59.33525,,34.0,,,,1,EPOCH-WR,5,HistoryScan
par,Write Repair,37,37,RecentScan,60.831458,,37.0,,,,1,EPOCH-WR,5,RecentScan
par,Write Repair,38,38,RecentScan,70.004292,,38.0,,,,1,EPOCH-WR,5,RecentScan
par,Write Repair,39,39,RecentScan,63.957375,,39.0,,,,1,EPOCH-WR,5,RecentScan
par,Write Repair,40,40,RecentScan,74.348042,,40.0,,,,1,EPOCH-WR,5,RecentScan
par,Write Repair,41,41,MarkTs,0.045875,,41.0,,,,1,EPOCH-WR,5,
par,Write Repair,42,42,Update,4.700209,21.0,,,,,1,EPOCH-WR,5,Update
par,Write Repair,43,43,RecentScan,67.4815,,43.0,,,,1,EPOCH-WR,5,RecentScan
par,Write Repair,44,44,RecentScan,64.503667,,44.0,,,,1,EPOCH-WR,5,RecentScan
par,Write Repair,45,45,RecentScan,66.434708,,45.0,,,,1,EPOCH-WR,5,RecentScan
par,Write Repair,46,46,RecentScan,59.932958,,46.0,,,,1,EPOCH-WR,5,RecentScan
par,Write Repair,47,47,RecentScan,67.010084,,47.0,,,,1,EPOCH-WR,5,RecentScan
par,Write Repair,48,48,MarkTs,0.058707999999999996,,48.0,,,,1,EPOCH-WR,5,
par,Write Repair,49,49,Update,3.873792,21.0,,,,,1,EPOCH-WR,5,Update
par,Write Repair,50,50,HistoryScan,63.012083,,48.0,,,,1,EPOCH-WR,5,HistoryScan
par,Write Repair,51,51,RecentScan,70.976042,,51.0,,,,1,EPOCH-WR,5,RecentScan
par,Write Repair,52,52,RecentScan,64.150625,,52.0,,,,1,EPOCH-WR,5,RecentScan
par,Write Repair,53,53,RecentScan,66.728333,,53.0,,,,1,EPOCH-WR,5,RecentScan
par,Write Repair,54,54,RecentScan,66.529916,,54.0,,,,1,EPOCH-WR,5,RecentScan
par,Write Repair,55,55,MarkTs,0.483459,,55.0,,,,1,EPOCH-WR,5,
par,Write Repair,56,56,Update,3.918459,21.0,,,,,1,EPOCH-WR,5,Update
par,Write Repair,57,57,RecentScan,63.817833,,57.0,,,,1,EPOCH-WR,5,RecentScan
par,Write Repair,58,58,RecentScan,72.078167,,58.0,,,,1,EPOCH-WR,5,RecentScan
par,Write Repair,59,59,RecentScan,72.627875,,59.0,,,,1,EPOCH-WR,5,RecentScan
par,Write Repair,60,60,RecentScan,64.415292,,60.0,,,,1,EPOCH-WR,5,RecentScan
par,Write Repair,61,61,RecentScan,80.977583,,61.0,,,,1,EPOCH-WR,5,RecentScan
par,Write Repair,62,62,MarkTs,0.071125,,62.0,,,,1,EPOCH-WR,5,
par,Write Repair,63,63,Update,3.494375,21.0,,,,,1,EPOCH-WR,5,Update
par,Write Repair,64,64,HistoryScan,67.601667,,62.0,,,,1,EPOCH-WR,5,HistoryScan
par,Write Repair,65,65,RecentScan,67.150625,,65.0,,,,1,EPOCH-WR,5,RecentScan
par,Write Repair,66,66,RecentScan,65.14325,,66.0,,,,1,EPOCH-WR,5,RecentScan
par,Write Repair,67,67,RecentScan,67.300833,,67.0,,,,1,EPOCH-WR,5,RecentScan
par,Write Repair,68,68,RecentScan,65.379708,,68.0,,,,1,EPOCH-WR,5,RecentScan
par,Write Repair,69,69,MarkTs,0.067084,,69.0,,,,1,EPOCH-WR,5,
par,Write Repair,70,70,Update,3.465167,21.0,,,,,1,EPOCH-WR,5,Update
par,Write Repair,0,0,InitLoad,78.269042,210000.0,,,,,2,EPOCH-WR,5,InitLoad
par,Write Repair,1,1,RecentScan,66.579791,,1.0,,,,2,EPOCH-WR,5,RecentScan
par,Write Repair,2,2,RecentScan,65.893042,,2.0,,,,2,EPOCH-WR,5,RecentScan
par,Write Repair,3,3,RecentScan,60.201875,,3.0,,,,2,EPOCH-WR,5,RecentScan
par,Write Repair,4,4,RecentScan,62.200458,,4.0,,,,2,EPOCH-WR,5,RecentScan
par,Write Repair,5,5,RecentScan,61.588625,,5.0,,,,2,EPOCH-WR,5,RecentScan
par,Write Repair,6,6,MarkTs,0.248333,,6.0,,,,2,EPOCH-WR,5,
par,Write Repair,7,7,Update,4.130958,21.0,,,,,2,EPOCH-WR,5,Update
par,Write Repair,8,8,HistoryScan,60.673208,,6.0,,,,2,EPOCH-WR,5,HistoryScan
par,Write Repair,9,9,RecentScan,61.547834,,9.0,,,,2,EPOCH-WR,5,RecentScan
par,Write Repair,10,10,RecentScan,71.144666,,10.0,,,,2,EPOCH-WR,5,RecentScan
par,Write Repair,11,11,RecentScan,73.345292,,11.0,,,,2,EPOCH-WR,5,RecentScan
par,Write Repair,12,12,RecentScan,70.774209,,12.0,,,,2,EPOCH-WR,5,RecentScan
par,Write Repair,13,13,MarkTs,0.018125,,13.0,,,,2,EPOCH-WR,5,
par,Write Repair,14,14,Update,3.743333,21.0,,,,,2,EPOCH-WR,5,Update
par,Write Repair,15,15,RecentScan,64.771875,,15.0,,,,2,EPOCH-WR,5,RecentScan
par,Write Repair,16,16,RecentScan,66.690583,,16.0,,,,2,EPOCH-WR,5,RecentScan
par,Write Repair,17,17,RecentScan,68.261291,,17.0,,,,2,EPOCH-WR,5,RecentScan
par,Write Repair,18,18,RecentScan,68.303084,,18.0,,,,2,EPOCH-WR,5,RecentScan
par,Write Repair,19,19,RecentScan,68.051292,,19.0,,,,2,EPOCH-WR,5,RecentScan
par,Write Repair,20,20,MarkTs,0.01875,,20.0,,,,2,EPOCH-WR,5,
par,Write Repair,21,21,Update,3.926125,21.0,,,,,2,EPOCH-WR,5,Update
par,Write Repair,22,22,HistoryScan,69.29425,,20.0,,,,2,EPOCH-WR,5,HistoryScan
par,Write Repair,23,23,RecentScan,69.34675,,23.0,,,,2,EPOCH-WR,5,RecentScan
par,Write Repair,24,24,RecentScan,68.407916,,24.0,,,,2,EPOCH-WR,5,RecentScan
par,Write Repair,25,25,RecentScan,69.329666,,25.0,,,,2,EPOCH-WR,5,RecentScan
par,Write Repair,26,26,RecentScan,68.753708,,26.0,,,,2,EPOCH-WR,5,RecentScan
par,Write Repair,27,27,MarkTs,0.25325,,27.0,,,,2,EPOCH-WR,5,
par,Write Repair,28,28,Update,4.123541,21.0,,,,,2,EPOCH-WR,5,Update
par,Write Repair,29,29,RecentScan,65.134542,,29.0,,,,2,EPOCH-WR,5,RecentScan
par,Write Repair,30,30,RecentScan,70.745042,,30.0,,,,2,EPOCH-WR,5,RecentScan
par,Write Repair,31,31,RecentScan,64.292459,,31.0,,,,2,EPOCH-WR,5,RecentScan
par,Write Repair,32,32,RecentScan,63.767625,,32.0,,,,2,EPOCH-WR,5,RecentScan
par,Write Repair,33,33,RecentScan,65.925959,,33.0,,,,2,EPOCH-WR,5,RecentScan
par,Write Repair,34,34,MarkTs,0.0515,,34.0,,,,2,EPOCH-WR,5,
par,Write Repair,35,35,Update,4.402917,21.0,,,,,2,EPOCH-WR,5,Update
par,Write Repair,36,36,HistoryScan,62.938958,,34.0,,,,2,EPOCH-WR,5,HistoryScan
par,Write Repair,37,37,RecentScan,63.80725,,37.0,,,,2,EPOCH-WR,5,RecentScan
par,Write Repair,38,38,RecentScan,64.002416,,38.0,,,,2,EPOCH-WR,5,RecentScan
par,Write Repair,39,39,RecentScan,64.607,,39.0,,,,2,EPOCH-WR,5,RecentScan
par,Write Repair,40,40,RecentScan,63.469792,,40.0,,,,2,EPOCH-WR,5,RecentScan
par,Write Repair,41,41,MarkTs,0.047875,,41.0,,,,2,EPOCH-WR,5,
par,Write Repair,42,42,Update,3.2975,21.0,,,,,2,EPOCH-WR,5,Update
par,Write Repair,43,43,RecentScan,62.930042,,43.0,,,,2,EPOCH-WR,5,RecentScan
par,Write Repair,44,44,RecentScan,67.082042,,44.0,,,,2,EPOCH-WR,5,RecentScan
par,Write Repair,45,45,RecentScan,67.143041,,45.0,,,,2,EPOCH-WR,5,RecentScan
par,Write Repair,46,46,RecentScan,70.074375,,46.0,,,,2,EPOCH-WR,5,RecentScan
par,Write Repair,47,47,RecentScan,74.336292,,47.0,,,,2,EPOCH-WR,5,RecentScan
par,Write Repair,48,48,MarkTs,0.052917,,48.0,,,,2,EPOCH-WR,5,
par,Write Repair,49,49,Update,4.212917,21.0,,,,,2,EPOCH-WR,5,Update
par,Write Repair,50,50,HistoryScan,67.554042,,48.0,,,,2,EPOCH-WR,5,HistoryScan
par,Write Repair,51,51,RecentScan,69.626875,,51.0,,,,2,EPOCH-WR,5,RecentScan
par,Write Repair,52,52,RecentScan,74.139333,,52.0,,,,2,EPOCH-WR,5,RecentScan
par,Write Repair,53,53,RecentScan,59.421875,,53.0,,,,2,EPOCH-WR,5,RecentScan
par,Write Repair,54,54,RecentScan,60.5915,,54.0,,,,2,EPOCH-WR,5,RecentScan
par,Write Repair,55,55,MarkTs,0.5645410000000001,,55.0,,,,2,EPOCH-WR,5,
par,Write Repair,56,56,Update,4.616084,21.0,,,,,2,EPOCH-WR,5,Update
par,Write Repair,57,57,RecentScan,62.239791,,57.0,,,,2,EPOCH-WR,5,RecentScan
par,Write Repair,58,58,RecentScan,61.813083,,58.0,,,,2,EPOCH-WR,5,RecentScan
par,Write Repair,59,59,RecentScan,60.72475,,59.0,,,,2,EPOCH-WR,5,RecentScan
par,Write Repair,60,60,RecentScan,62.594833,,60.0,,,,2,EPOCH-WR,5,RecentScan
par,Write Repair,61,61,RecentScan,60.58625,,61.0,,,,2,EPOCH-WR,5,RecentScan
par,Write Repair,62,62,MarkTs,0.066125,,62.0,,,,2,EPOCH-WR,5,
par,Write Repair,63,63,Update,3.71375,21.0,,,,,2,EPOCH-WR,5,Update
par,Write Repair,64,64,HistoryScan,60.163125,,62.0,,,,2,EPOCH-WR,5,HistoryScan
par,Write Repair,65,65,RecentScan,67.097208,,65.0,,,,2,EPOCH-WR,5,RecentScan
par,Write Repair,66,66,RecentScan,62.818417,,66.0,,,,2,EPOCH-WR,5,RecentScan
par,Write Repair,67,67,RecentScan,59.790417,,67.0,,,,2,EPOCH-WR,5,RecentScan
par,Write Repair,68,68,RecentScan,61.707333,,68.0,,,,2,EPOCH-WR,5,RecentScan
par,Write Repair,69,69,MarkTs,0.065458,,69.0,,,,2,EPOCH-WR,5,
par,Write Repair,70,70,Update,3.569958,21.0,,,,,2,EPOCH-WR,5,Update
par,Write Repair,0,0,InitLoad,73.674875,210000.0,,,,,3,EPOCH-WR,5,InitLoad
par,Write Repair,1,1,RecentScan,73.800542,,1.0,,,,3,EPOCH-WR,5,RecentScan
par,Write Repair,2,2,RecentScan,69.787625,,2.0,,,,3,EPOCH-WR,5,RecentScan
par,Write Repair,3,3,RecentScan,67.306625,,3.0,,,,3,EPOCH-WR,5,RecentScan
par,Write Repair,4,4,RecentScan,68.736625,,4.0,,,,3,EPOCH-WR,5,RecentScan
par,Write Repair,5,5,RecentScan,67.666542,,5.0,,,,3,EPOCH-WR,5,RecentScan
par,Write Repair,6,6,MarkTs,0.245458,,6.0,,,,3,EPOCH-WR,5,
par,Write Repair,7,7,Update,3.439417,21.0,,,,,3,EPOCH-WR,5,Update
par,Write Repair,8,8,HistoryScan,67.126542,,6.0,,,,3,EPOCH-WR,5,HistoryScan
par,Write Repair,9,9,RecentScan,66.941208,,9.0,,,,3,EPOCH-WR,5,RecentScan
par,Write Repair,10,10,RecentScan,66.529541,,10.0,,,,3,EPOCH-WR,5,RecentScan
par,Write Repair,11,11,RecentScan,66.614292,,11.0,,,,3,EPOCH-WR,5,RecentScan
par,Write Repair,12,12,RecentScan,67.064292,,12.0,,,,3,EPOCH-WR,5,RecentScan
par,Write Repair,13,13,MarkTs,0.038667,,13.0,,,,3,EPOCH-WR,5,
par,Write Repair,14,14,Update,3.651291,21.0,,,,,3,EPOCH-WR,5,Update
par,Write Repair,15,15,RecentScan,66.382209,,15.0,,,,3,EPOCH-WR,5,RecentScan
par,Write Repair,16,16,RecentScan,66.888791,,16.0,,,,3,EPOCH-WR,5,RecentScan
par,Write Repair,17,17,RecentScan,66.830417,,17.0,,,,3,EPOCH-WR,5,RecentScan
par,Write Repair,18,18,RecentScan,68.232458,,18.0,,,,3,EPOCH-WR,5,RecentScan
par,Write Repair,19,19,RecentScan,65.747625,,19.0,,,,3,EPOCH-WR,5,RecentScan
par,Write Repair,20,20,MarkTs,0.023292,,20.0,,,,3,EPOCH-WR,5,
par,Write Repair,21,21,Update,3.726666,21.0,,,,,3,EPOCH-WR,5,Update
par,Write Repair,22,22,HistoryScan,65.485792,,20.0,,,,3,EPOCH-WR,5,HistoryScan
par,Write Repair,23,23,RecentScan,66.104583,,23.0,,,,3,EPOCH-WR,5,RecentScan
par,Write Repair,24,24,RecentScan,66.096917,,24.0,,,,3,EPOCH-WR,5,RecentScan
par,Write Repair,25,25,RecentScan,65.833,,25.0,,,,3,EPOCH-WR,5,RecentScan
par,Write Repair,26,26,RecentScan,66.09175,,26.0,,,,3,EPOCH-WR,5,RecentScan
par,Write Repair,27,27,MarkTs,0.35058300000000003,,27.0,,,,3,EPOCH-WR,5,
par,Write Repair,28,28,Update,3.815708,21.0,,,,,3,EPOCH-WR,5,Update
par,Write Repair,29,29,RecentScan,67.546333,,29.0,,,,3,EPOCH-WR,5,RecentScan
par,Write Repair,30,30,RecentScan,68.68975,,30.0,,,,3,EPOCH-WR,5,RecentScan
par,Write Repair,31,31,RecentScan,67.13325,,31.0,,,,3,EPOCH-WR,5,RecentScan
par,Write Repair,32,32,RecentScan,69.585667,,32.0,,,,3,EPOCH-WR,5,RecentScan
par,Write Repair,33,33,RecentScan,67.660458,,33.0,,,,3,EPOCH-WR,5,RecentScan
par,Write Repair,34,34,MarkTs,0.066791,,34.0,,,,3,EPOCH-WR,5,
par,Write Repair,35,35,Update,4.033875,21.0,,,,,3,EPOCH-WR,5,Update
par,Write Repair,36,36,HistoryScan,68.864625,,34.0,,,,3,EPOCH-WR,5,HistoryScan
par,Write Repair,37,37,RecentScan,68.746667,,37.0,,,,3,EPOCH-WR,5,RecentScan
par,Write Repair,38,38,RecentScan,70.169833,,38.0,,,,3,EPOCH-WR,5,RecentScan
par,Write Repair,39,39,RecentScan,67.288833,,39.0,,,,3,EPOCH-WR,5,RecentScan
par,Write Repair,40,40,RecentScan,69.153167,,40.0,,,,3,EPOCH-WR,5,RecentScan
par,Write Repair,41,41,MarkTs,0.049417,,41.0,,,,3,EPOCH-WR,5,
par,Write Repair,42,42,Update,3.554292,21.0,,,,,3,EPOCH-WR,5,Update
par,Write Repair,43,43,RecentScan,66.798,,43.0,,,,3,EPOCH-WR,5,RecentScan
par,Write Repair,44,44,RecentScan,69.513542,,44.0,,,,3,EPOCH-WR,5,RecentScan
par,Write Repair,45,45,RecentScan,67.969083,,45.0,,,,3,EPOCH-WR,5,RecentScan
par,Write Repair,46,46,RecentScan,66.402708,,46.0,,,,3,EPOCH-WR,5,RecentScan
par,Write Repair,47,47,RecentScan,65.034667,,47.0,,,,3,EPOCH-WR,5,RecentScan
par,Write Repair,48,48,MarkTs,0.052667,,48.0,,,,3,EPOCH-WR,5,
par,Write Repair,49,49,Update,3.607875,21.0,,,,,3,EPOCH-WR,5,Update
par,Write Repair,50,50,HistoryScan,63.393,,48.0,,,,3,EPOCH-WR,5,HistoryScan
par,Write Repair,51,51,RecentScan,64.009708,,51.0,,,,3,EPOCH-WR,5,RecentScan
par,Write Repair,52,52,RecentScan,64.712125,,52.0,,,,3,EPOCH-WR,5,RecentScan
par,Write Repair,53,53,RecentScan,64.198833,,53.0,,,,3,EPOCH-WR,5,RecentScan
par,Write Repair,54,54,RecentScan,64.825917,,54.0,,,,3,EPOCH-WR,5,RecentScan
par,Write Repair,55,55,MarkTs,0.503584,,55.0,,,,3,EPOCH-WR,5,
par,Write Repair,56,56,Update,3.474458,21.0,,,,,3,EPOCH-WR,5,Update
par,Write Repair,57,57,RecentScan,65.341333,,57.0,,,,3,EPOCH-WR,5,RecentScan
par,Write Repair,58,58,RecentScan,65.320375,,58.0,,,,3,EPOCH-WR,5,RecentScan
par,Write Repair,59,59,RecentScan,64.387167,,59.0,,,,3,EPOCH-WR,5,RecentScan
par,Write Repair,60,60,RecentScan,65.154625,,60.0,,,,3,EPOCH-WR,5,RecentScan
par,Write Repair,61,61,RecentScan,65.285667,,61.0,,,,3,EPOCH-WR,5,RecentScan
par,Write Repair,62,62,MarkTs,0.079,,62.0,,,,3,EPOCH-WR,5,
par,Write Repair,63,63,Update,3.842958,21.0,,,,,3,EPOCH-WR,5,Update
par,Write Repair,64,64,HistoryScan,64.328458,,62.0,,,,3,EPOCH-WR,5,HistoryScan
par,Write Repair,65,65,RecentScan,64.861125,,65.0,,,,3,EPOCH-WR,5,RecentScan
par,Write Repair,66,66,RecentScan,65.073,,66.0,,,,3,EPOCH-WR,5,RecentScan
par,Write Repair,67,67,RecentScan,64.8985,,67.0,,,,3,EPOCH-WR,5,RecentScan
par,Write Repair,68,68,RecentScan,65.065166,,68.0,,,,3,EPOCH-WR,5,RecentScan
par,Write Repair,69,69,MarkTs,0.068292,,69.0,,,,3,EPOCH-WR,5,
par,Write Repair,70,70,Update,3.641583,21.0,,,,,3,EPOCH-WR,5,Update
par,Write Repair,0,0,InitLoad,72.096792,210000.0,,,,,4,EPOCH-WR,5,InitLoad
par,Write Repair,1,1,RecentScan,70.237917,,1.0,,,,4,EPOCH-WR,5,RecentScan
par,Write Repair,2,2,RecentScan,65.369167,,2.0,,,,4,EPOCH-WR,5,RecentScan
par,Write Repair,3,3,RecentScan,62.68575,,3.0,,,,4,EPOCH-WR,5,RecentScan
par,Write Repair,4,4,RecentScan,63.610333,,4.0,,,,4,EPOCH-WR,5,RecentScan
par,Write Repair,5,5,RecentScan,63.646833,,5.0,,,,4,EPOCH-WR,5,RecentScan
par,Write Repair,6,6,MarkTs,0.249333,,6.0,,,,4,EPOCH-WR,5,
par,Write Repair,7,7,Update,3.328541,21.0,,,,,4,EPOCH-WR,5,Update
par,Write Repair,8,8,HistoryScan,63.422667,,6.0,,,,4,EPOCH-WR,5,HistoryScan
par,Write Repair,9,9,RecentScan,63.364666,,9.0,,,,4,EPOCH-WR,5,RecentScan
par,Write Repair,10,10,RecentScan,63.828083,,10.0,,,,4,EPOCH-WR,5,RecentScan
par,Write Repair,11,11,RecentScan,63.908708,,11.0,,,,4,EPOCH-WR,5,RecentScan
par,Write Repair,12,12,RecentScan,63.736209,,12.0,,,,4,EPOCH-WR,5,RecentScan
par,Write Repair,13,13,MarkTs,0.019416,,13.0,,,,4,EPOCH-WR,5,
par,Write Repair,14,14,Update,3.73525,21.0,,,,,4,EPOCH-WR,5,Update
par,Write Repair,15,15,RecentScan,64.655334,,15.0,,,,4,EPOCH-WR,5,RecentScan
par,Write Repair,16,16,RecentScan,64.751833,,16.0,,,,4,EPOCH-WR,5,RecentScan
par,Write Repair,17,17,RecentScan,64.464875,,17.0,,,,4,EPOCH-WR,5,RecentScan
par,Write Repair,18,18,RecentScan,66.248458,,18.0,,,,4,EPOCH-WR,5,RecentScan
par,Write Repair,19,19,RecentScan,64.228625,,19.0,,,,4,EPOCH-WR,5,RecentScan
par,Write Repair,20,20,MarkTs,0.025917000000000003,,20.0,,,,4,EPOCH-WR,5,
par,Write Repair,21,21,Update,3.301625,21.0,,,,,4,EPOCH-WR,5,Update
par,Write Repair,22,22,HistoryScan,65.298917,,20.0,,,,4,EPOCH-WR,5,HistoryScan
par,Write Repair,23,23,RecentScan,63.776708,,23.0,,,,4,EPOCH-WR,5,RecentScan
par,Write Repair,24,24,RecentScan,65.719958,,24.0,,,,4,EPOCH-WR,5,RecentScan
par,Write Repair,25,25,RecentScan,63.856542,,25.0,,,,4,EPOCH-WR,5,RecentScan
par,Write Repair,26,26,RecentScan,65.430083,,26.0,,,,4,EPOCH-WR,5,RecentScan
par,Write Repair,27,27,MarkTs,0.226583,,27.0,,,,4,EPOCH-WR,5,
par,Write Repair,28,28,Update,3.838708,21.0,,,,,4,EPOCH-WR,5,Update
par,Write Repair,29,29,RecentScan,63.992416,,29.0,,,,4,EPOCH-WR,5,RecentScan
par,Write Repair,30,30,RecentScan,68.3565,,30.0,,,,4,EPOCH-WR,5,RecentScan
par,Write Repair,31,31,RecentScan,68.51675,,31.0,,,,4,EPOCH-WR,5,RecentScan
par,Write Repair,32,32,RecentScan,67.53775,,32.0,,,,4,EPOCH-WR,5,RecentScan
par,Write Repair,33,33,RecentScan,66.896,,33.0,,,,4,EPOCH-WR,5,RecentScan
par,Write Repair,34,34,MarkTs,0.047542,,34.0,,,,4,EPOCH-WR,5,
par,Write Repair,35,35,Update,3.743583,21.0,,,,,4,EPOCH-WR,5,Update
par,Write Repair,36,36,HistoryScan,67.164708,,34.0,,,,4,EPOCH-WR,5,HistoryScan
par,Write Repair,37,37,RecentScan,67.982083,,37.0,,,,4,EPOCH-WR,5,RecentScan
par,Write Repair,38,38,RecentScan,68.681833,,38.0,,,,4,EPOCH-WR,5,RecentScan
par,Write Repair,39,39,RecentScan,66.040166,,39.0,,,,4,EPOCH-WR,5,RecentScan
par,Write Repair,40,40,RecentScan,68.983667,,40.0,,,,4,EPOCH-WR,5,RecentScan
par,Write Repair,41,41,MarkTs,0.04570900000000001,,41.0,,,,4,EPOCH-WR,5,
par,Write Repair,42,42,Update,3.796959,21.0,,,,,4,EPOCH-WR,5,Update
par,Write Repair,43,43,RecentScan,68.277209,,43.0,,,,4,EPOCH-WR,5,RecentScan
par,Write Repair,44,44,RecentScan,66.142083,,44.0,,,,4,EPOCH-WR,5,RecentScan
par,Write Repair,45,45,RecentScan,63.405708,,45.0,,,,4,EPOCH-WR,5,RecentScan
par,Write Repair,46,46,RecentScan,64.306917,,46.0,,,,4,EPOCH-WR,5,RecentScan
par,Write Repair,47,47,RecentScan,61.4995,,47.0,,,,4,EPOCH-WR,5,RecentScan
par,Write Repair,48,48,MarkTs,0.048583,,48.0,,,,4,EPOCH-WR,5,
par,Write Repair,49,49,Update,3.740458,21.0,,,,,4,EPOCH-WR,5,Update
par,Write Repair,50,50,HistoryScan,59.487375,,48.0,,,,4,EPOCH-WR,5,HistoryScan
par,Write Repair,51,51,RecentScan,62.333334,,51.0,,,,4,EPOCH-WR,5,RecentScan
par,Write Repair,52,52,RecentScan,62.707375,,52.0,,,,4,EPOCH-WR,5,RecentScan
par,Write Repair,53,53,RecentScan,62.305709,,53.0,,,,4,EPOCH-WR,5,RecentScan
par,Write Repair,54,54,RecentScan,64.534375,,54.0,,,,4,EPOCH-WR,5,RecentScan
par,Write Repair,55,55,MarkTs,0.310833,,55.0,,,,4,EPOCH-WR,5,
par,Write Repair,56,56,Update,3.846292,21.0,,,,,4,EPOCH-WR,5,Update
par,Write Repair,57,57,RecentScan,63.131542,,57.0,,,,4,EPOCH-WR,5,RecentScan
par,Write Repair,58,58,RecentScan,63.6775,,58.0,,,,4,EPOCH-WR,5,RecentScan
par,Write Repair,59,59,RecentScan,63.020458,,59.0,,,,4,EPOCH-WR,5,RecentScan
par,Write Repair,60,60,RecentScan,60.153125,,60.0,,,,4,EPOCH-WR,5,RecentScan
par,Write Repair,61,61,RecentScan,62.565291,,61.0,,,,4,EPOCH-WR,5,RecentScan
par,Write Repair,62,62,MarkTs,0.06275,,62.0,,,,4,EPOCH-WR,5,
par,Write Repair,63,63,Update,3.773166,21.0,,,,,4,EPOCH-WR,5,Update
par,Write Repair,64,64,HistoryScan,60.045666,,62.0,,,,4,EPOCH-WR,5,HistoryScan
par,Write Repair,65,65,RecentScan,62.422209,,65.0,,,,4,EPOCH-WR,5,RecentScan
par,Write Repair,66,66,RecentScan,63.112208,,66.0,,,,4,EPOCH-WR,5,RecentScan
par,Write Repair,67,67,RecentScan,65.795209,,67.0,,,,4,EPOCH-WR,5,RecentScan
par,Write Repair,68,68,RecentScan,68.08175,,68.0,,,,4,EPOCH-WR,5,RecentScan
par,Write Repair,69,69,MarkTs,0.065292,,69.0,,,,4,EPOCH-WR,5,
par,Write Repair,70,70,Update,3.982042,21.0,,,,,4,EPOCH-WR,5,Update
