141233|56066.12|0.10
189280|36970.56|0.06
90027|17289.34|0.06
64367|35946.72|0.04
145484|50472.84|0.09
4967|28079.40|0.09
65736|42543.25|0.01
134380|39602.64|0.08
103730|48544.44|0.10
141746|75085.08|0.04
153317|54812.40|0.05
3763|23334.64|0.09
2357|7556.10|0.02
144071|20071.26|0.03
152242|44004.16|0.09
176651|24187.10|0.07
135500|55278.00|0.02
96155|12662.65|0.00
153468|48686.72|0.06
80426|1406.42|0.03
182641|63774.68|0.08
164350|50916.60|0.06
10805|68632.00|0.03
120863|92309.14|0.07
106952|21548.45|0.03
191146|49485.60|0.00
125866|66215.10|0.08
151577|27685.69|0.02
27216|16004.94|0.05
600|58523.40|0.06
112918|38618.20|0.01
167098|30292.34|0.01
58579|75340.93|0.05
180536|59811.61|0.02
78262|47129.88|0.06
21650|25146.40|0.02
56266|37890.06|0.07
69541|22658.10|0.02
76369|18835.04|0.05
167621|67544.80|0.01
144151|2390.30|0.08
62597|7797.95|0.03
142554|51089.60|0.02
105937|50516.18|0.06
176731|14461.84|0.02
190169|40293.12|0.00
71644|46853.56|0.02
121075|48227.08|0.04
197869|57038.94|0.08
13637|15506.30|0.07
66543|42267.12|0.03
133741|44368.50|0.04
152611|63217.18|0.02
149792|66304.44|0.09
63625|38126.88|0.09
136075|27776.75|0.03
161898|17639.01|0.10
16804|67111.20|0.05
80554|39898.30|0.00
84525|4528.56|0.00
11513|59829.42|0.07
4466|64411.62|0.02
130728|3517.44|0.00
190796|7547.16|0.04
132411|66396.86|0.09
59246|7231.44|0.10
94240|11108.16|0.06
137582|51826.56|0.05
6613|39509.86|0.05
21290|2422.58|0.03
95654|31343.35|0.01
55224|21225.96|0.08
185904|27858.60|0.02
189949|65246.08|0.02
152417|35265.84|0.01
108201|14510.40|0.00
185086|8197.56|0.08
172259|47925.00|0.01
119878|34161.66|0.10
53334|60504.51|0.09
129679|70055.47|0.10
198255|55483.25|0.06
136223|13851.42|0.07
158004|43542.00|0.03
72472|1444.47|0.02
8694|62504.91|0.00
7429|48111.12|0.08
4518|9957.57|0.00
160406|33727.20|0.02
148343|59827.62|0.08
57608|68886.40|0.08
81964|52540.92|0.01
6019|38850.42|0.06
33318|40041.92|0.08
177442|33427.68|0.05
126525|58957.76|0.05
87469|7282.30|0.02
106807|12696.60|0.07
67394|43564.48|0.03
132934|13768.51|0.00
152648|71426.88|0.02
27506|18635.50|0.06
71350|5285.40|0.10
112036|22008.63|0.10
82253|55586.25|0.02
60017|20517.21|0.06
145584|74960.68|0.08
117371|45816.21|0.04
125560|55494.60|0.04
76244|53690.56|0.06
12297|24185.80|0.06
67734|10210.38|0.07
187789|41289.16|0.07
91157|3444.45|0.06
21063|17713.08|0.02
78768|57643.08|0.06
126792|3637.58|0.06
159626|13484.96|0.02
124462|66890.70|0.07
143919|3925.82|0.10
186362|60831.12|0.04
109434|56293.77|0.08
134464|43455.34|0.04
19226|40082.70|0.01
191226|17123.86|0.06
151449|72021.12|0.02
156091|18353.44|0.10
146662|32464.54|0.02
133339|41169.90|0.03
149967|98831.04|0.05
17528|59266.32|0.04
191542|57173.90|0.08
119547|62661.60|0.03
50145|20807.66|0.07
71701|68580.70|0.07
23820|15694.38|0.08
56135|3273.39|0.10
48578|71748.79|0.06
187665|17526.60|0.00
100404|21066.00|0.08
150125|54055.52|0.05
113842|37116.80|0.08
48807|45650.80|0.02
90736|56982.09|0.02
176872|97443.50|0.07
58748|66562.86|0.02
55367|25124.84|0.01
112728|12185.04|0.08
170531|67264.26|0.09
167559|30904.45|0.01
166289|18973.92|0.09
89323|17060.16|0.01
112104|18973.70|0.07
98944|64117.02|0.03
130986|44373.56|0.02
82940|69225.84|0.09
90039|43219.26|0.01
126491|47042.19|0.09
103109|54492.90|0.06
57061|29523.74|0.06
56006|35594.00|0.05
139710|61239.85|0.03
116356|61755.75|0.05
145801|20314.80|0.09
42532|72251.97|0.01
58445|65961.68|0.06
53119|42884.40|0.04
135960|47903.04|0.03
19475|34861.75|0.08
71000|20391.00|0.08
77952|90707.65|0.05
195565|26568.96|0.00
144164|2416.32|0.06
126487|37837.00|0.00
123741|82942.78|0.08
33289|48891.20|0.09
133572|61011.66|0.07
3287|15473.64|0.03
42756|52661.25|0.10
173458|64320.90|0.01
33914|36958.20|0.08
168920|27844.88|0.08
78411|19451.74|0.05
102534|3073.06|0.00
148394|57695.60|0.03
67558|57970.90|0.09
60125|3255.36|0.01
29300|6146.50|0.03
122495|40972.23|0.03
106739|34914.60|0.10
40602|16968.60|0.03
36850|32163.30|0.04
123|3069.36|0.07
49387|37418.64|0.05
127797|52918.91|0.08
185757|3685.50|0.08
88508|10475.50|0.01
159657|18883.15|0.06
194572|23331.98|0.03
184434|31887.03|0.05
66308|26760.30|0.08
74703|10066.20|0.01
53526|2959.04|0.07
16033|30368.96|0.10
105758|56440.00|0.01
108032|19760.57|0.02
54790|33151.01|0.06
139379|11346.96|0.00
188682|37184.28|0.01
192924|100846.00|0.06
153901|46917.60|0.01
157466|6093.84|0.02
134925|86236.48|0.03
35673|70781.48|0.10
179334|48053.22|0.07
179024|28678.52|0.10
142254|27221.25|0.05
19887|45172.00|0.09
100576|59909.66|0.01
31659|17497.15|0.05
119557|44143.40|0.01
96419|60862.63|0.09
87672|73025.48|0.08
97586|25337.28|0.07
21859|80138.25|0.08
172422|56787.96|0.04
126984|76417.24|0.06
171648|67065.96|0.08
46643|79482.00|0.03
74668|6570.64|0.03
105580|3171.16|0.10
27642|73773.08|0.03
165048|6678.24|0.00
39279|47512.53|0.09
157692|68237.91|0.05
11614|47293.91|0.02
16520|24420.84|0.03
72829|52252.78|0.01
198863|29427.90|0.08
89910|87395.86|0.07
128018|10460.10|0.07
29727|19880.64|0.04
100103|55155.00|0.07
156056|48930.20|0.08
51108|2118.20|0.05
94456|50765.75|0.00
144816|26051.34|0.05
156937|57823.97|0.10
22105|15406.50|0.03
106898|70480.93|0.10
130121|48347.04|0.08
157462|9116.76|0.01
162353|36799.10|0.04
131115|2292.22|0.10
190933|87028.99|0.06
193514|36972.73|0.03
142818|52102.68|0.02
85423|28168.40|0.06
98743|50510.46|0.07
193498|17506.39|0.05
72681|18190.48|0.08
19174|49192.65|0.05
95226|17097.08|0.09
64044|2016.08|0.02
133269|61206.22|0.01
198882|99044.00|0.05
75435|15514.73|0.05
87558|37093.20|0.04
29515|46224.32|0.07
199778|75110.80|0.02
140535|39388.25|0.09
16547|60005.14|0.05
196621|17176.20|0.04
110311|3963.93|0.03
176146|42774.90|0.08
110562|28306.08|0.08
41216|17358.15|0.02
94229|45259.14|0.00
131441|57425.16|0.06
14518|31515.22|0.00
120710|25960.65|0.07
25058|6881.35|0.06
124002|4104.00|0.01
38931|44878.32|0.07
40117|32770.41|0.04
189347|41653.86|0.04
45903|31431.30|0.00
170965|73294.56|0.06
5432|33435.75|0.01
15591|37664.75|0.02
153014|30943.29|0.04
62320|23081.76|0.00
113930|95252.57|0.07
87743|48460.72|0.10
138240|56242.56|0.02
45086|43305.36|0.08
80455|24402.65|0.00
131308|18750.20|0.06
26177|23166.57|0.08
48861|70584.54|0.10
187217|26084.20|0.06
172651|36196.65|0.07
17643|26530.88|0.09
156855|47796.25|0.06
27960|52862.88|0.04
39175|31196.76|0.03
134129|19773.04|0.04
7195|27554.75|0.05
156729|64285.92|0.06
181982|101135.02|0.01
78527|46671.12|0.01
6147|26328.50|0.03
144603|24714.00|0.08
169567|6546.24|0.07
33099|13417.17|0.07
185051|24993.10|0.08
191809|49420.80|0.07
159803|57746.80|0.07
144363|60516.48|0.09
168520|68306.36|0.01
60996|84150.57|0.01
176623|59486.70|0.03
88106|9846.90|0.00
80105|21702.00|0.00
136710|45414.46|0.05
85729|58300.48|0.03
38180|25718.14|0.10
185990|93419.55|0.04
12405|10539.20|0.06
90114|34227.41|0.02
130249|1279.24|0.00
137699|22576.97|0.08
167589|81172.42|0.03
55240|29881.00|0.08
28605|1533.60|0.06
27524|21772.80|0.07
162391|23254.24|0.09
100619|66404.01|0.03
123654|5032.95|0.04
123564|3175.12|0.00
168371|10075.59|0.10
41179|6721.02|0.04
137877|24893.31|0.03
93091|53120.41|0.00
62409|24685.20|0.00
6579|49023.81|0.05
183800|82887.20|0.04
65237|2404.46|0.02
86609|73397.60|0.08
105329|42698.24|0.01
26373|59771.02|0.01
105960|27523.44|0.06
151172|23240.23|0.09
151308|43497.60|0.00
142794|18367.90|0.09
178289|12305.52|0.05
85328|27579.72|0.04
86418|63198.45|0.03
192068|48722.52|0.06
82903|39603.90|0.02
70892|11177.34|0.04
153929|93197.24|0.10
174561|3271.12|0.05
153363|42490.80|0.02
939|77277.06|0.01
144355|54574.65|0.06
105082|33699.48|0.07
79656|63790.35|0.04
185985|55916.46|0.10
91446|45998.08|0.06
166390|4369.17|0.04
180275|36592.29|0.01
150347|62880.30|0.10
198362|51112.60|0.02
24254|25921.50|0.08
5438|55080.63|0.10
14133|52356.50|0.05
85037|9198.27|0.04
35123|2116.24|0.09
113861|22498.32|0.05
36196|44155.41|0.07
60740|85037.00|0.01
83585|72154.68|0.05
100774|31945.86|0.05
195954|16399.60|0.02
89157|9169.20|0.10
68294|20196.64|0.03
138623|26585.92|0.06
98559|6230.20|0.04
148674|34453.40|0.09
131310|32191.44|0.08
133445|32525.68|0.05
66277|47244.26|0.02
25674|39991.75|0.10
122182|8429.26|0.01
163810|82447.64|0.01
109325|29355.04|0.03
8810|5156.43|0.02
97695|33853.80|0.05
71483|65451.60|0.04
136983|30299.70|0.09
142536|22099.42|0.03
120225|31130.50|0.07
66912|71398.58|0.03
69251|53691.00|0.09
21508|71475.00|0.06
84334|19774.95|0.08
47424|21942.72|0.08
158466|39635.96|0.03
110343|8120.04|0.05
82610|23889.15|0.05
45731|68745.93|0.05
32315|18709.65|0.04
32607|69282.00|0.09
94514|22627.65|0.02
31221|56458.78|0.01
7528|35888.00|0.08
34924|59485.44|0.00
155543|70335.76|0.05
7733|8203.65|0.00
119630|29693.34|0.09
44584|1528.58|0.02
53463|70823.00|0.06
120492|63524.58|0.01
144382|28527.60|0.07
101829|40278.04|0.07
160695|12289.83|0.04
41031|28188.87|0.04
161429|71540.16|0.03
27660|65094.06|0.09
137032|29932.84|0.10
118445|29268.80|0.07
191|50194.74|0.10
183476|71735.62|0.02
26151|31237.35|0.05
111165|4704.64|0.08
198956|94527.70|0.07
73516|72985.99|0.05
8885|73549.08|0.06
66363|41210.16|0.05
7378|53985.54|0.08
9443|17581.72|0.02
15540|59677.14|0.05
157884|3883.76|0.04
30560|67075.20|0.10
151026|5385.10|0.04
21024|9450.20|0.06
138684|75797.92|0.07
43315|22649.58|0.01
185197|55134.17|0.00
51043|42743.72|0.06
125531|34243.66|0.07
68275|38541.37|0.08
94452|21696.75|0.05
65476|63424.68|0.09
41910|81484.04|0.05
180575|46355.96|0.00
199089|48711.28|0.01
92733|53497.63|0.08
32325|45263.52|0.06
161429|13413.78|0.05
62364|66318.00|0.06
118645|79854.72|0.09
118245|22738.32|0.09
33262|20319.42|0.02
191567|43122.56|0.04
54351|63962.15|0.06
40753|74525.00|0.04
64705|75136.50|0.02
86892|86428.94|0.01
24867|73466.26|0.05
164220|19263.30|0.06
188254|38925.25|0.08
167534|65662.73|0.07
187251|25426.75|0.08
104140|48053.88|0.05
152915|92491.77|0.05
184963|14335.72|0.07
98641|67225.24|0.08
91844|88120.32|0.06
40532|38285.78|0.10
9113|5110.55|0.05
103389|30632.36|0.03
114042|17952.68|0.09
74123|31816.48|0.00
84278|1262.27|0.10
43146|45743.88|0.04
133947|63390.08|0.00
135405|61937.20|0.03
86372|10866.96|0.01
141473|12115.76|0.03
75378|48721.32|0.03
20428|40452.60|0.07
167770|60646.41|0.07
31230|46449.20|0.06
192751|59000.00|0.00
150599|23094.26|0.01
167548|50081.74|0.02
38979|74800.83|0.04
98628|14639.58|0.01
75258|18498.75|0.05
49309|52848.60|0.07
199908|40158.00|0.01
163904|49197.50|0.01
156673|50160.43|0.03
96652|82432.50|0.04
113470|4450.41|0.09
114787|9008.90|0.08
53028|3924.08|0.06
152875|57836.10|0.08
142650|23697.10|0.02
190607|22068.80|0.08
143030|9657.27|0.05
172964|14258.72|0.08
195421|69755.32|0.07
63830|46639.58|0.02
69752|60261.25|0.10
35159|47048.45|0.05
137912|21449.01|0.00
163351|69303.15|0.00
171756|58488.00|0.03
90806|1796.80|0.04
195521|21014.76|0.08
98028|13338.26|0.07
143533|58331.61|0.02
19919|77234.22|0.06
133658|84582.50|0.00
156437|56750.34|0.07
166296|66752.21|0.04
173509|14242.50|0.08
146215|18918.15|0.03
97362|8156.16|0.04
86564|24808.96|0.00
26919|20305.01|0.00
9900|90495.00|0.01
94576|42405.39|0.03
127325|47331.20|0.08
169921|21900.12|0.00
63306|20308.80|0.04
163631|59312.05|0.06
23800|17238.00|0.02
95166|56896.84|0.00
148839|5663.49|0.04
12476|49984.92|0.01
187288|5501.12|0.10
13019|12116.13|0.04
178558|58915.80|0.09
8386|28476.36|0.06
150691|26125.35|0.05
183844|23134.08|0.08
25550|5902.20|0.06
85823|23514.66|0.00
11345|1256.34|0.05
118207|33080.40|0.01
172608|78988.20|0.02
120200|14642.40|0.08
147255|33858.50|0.05
13538|7257.65|0.01
70919|69926.67|0.03
18037|8595.27|0.10
182044|12386.44|0.08
123597|21067.67|0.01
97908|45741.60|0.10
82929|66917.20|0.04
55719|21771.23|0.08
66675|80441.83|0.08
79022|30030.60|0.01
126888|63191.04|0.06
40065|8040.48|0.04
129748|24888.36|0.03
83798|48108.33|0.01
179705|83880.90|0.06
176034|43291.17|0.04
47155|29758.05|0.05
103652|26490.40|0.10
106238|52257.66|0.09
146553|76778.40|0.01
89601|27040.20|0.09
79726|66523.08|0.03
155966|62680.76|0.02
67162|53070.52|0.09
189466|37331.04|0.00
187682|76096.24|0.07
80362|38928.44|0.00
196620|41198.88|0.10
88387|24756.84|0.05
42813|59697.54|0.04
177279|65100.96|0.04
143702|68082.30|0.00
73298|38138.70|0.04
34838|19501.13|0.03
100796|8983.95|0.05
24722|6586.88|0.06
34504|41716.50|0.08
9312|36639.30|0.04
119995|88659.56|0.09
199834|13536.81|0.10
60517|38415.26|0.04
154092|40113.15|0.03
126570|43107.39|0.06
150258|24856.75|0.03
49471|68182.56|0.10
171397|39646.53|0.02
9968|33803.28|0.06
47310|44005.85|0.02
97722|22356.36|0.00
94938|25128.09|0.10
162275|28082.67|0.03
86590|40991.34|0.04
110412|49784.35|0.08
186044|19210.68|0.05
105089|29540.16|0.07
74032|20120.60|0.07
15773|1688.77|0.09
10830|33075.77|0.09
130465|53836.56|0.01
143657|57822.10|0.07
101130|33933.90|0.01
141449|56636.72|0.06
192248|33506.00|0.00
160294|12188.61|0.03
66284|45010.08|0.02
14984|18989.80|0.06
198573|53490.24|0.10
3115|41742.51|0.00
171100|11711.00|0.09
55208|56996.80|0.04
97475|66261.15|0.07
7650|59190.70|0.04
105705|18817.70|0.02
78825|41487.86|0.06
171728|26995.80|0.07
46683|19556.16|0.04
81797|72930.39|0.06
190046|22720.80|0.06
173123|19137.92|0.00
75920|87212.32|0.08
58341|10394.72|0.04
127710|86885.50|0.04
199555|77763.85|0.03
119588|12860.64|0.06
198780|52605.84|0.05
169105|1174.10|0.04
155470|41187.69|0.00
3835|59120.22|0.05
51775|17267.70|0.03
165285|66163.72|0.05
149338|13873.30|0.10
182252|50701.50|0.00
122247|31731.00|0.09
182051|33991.50|0.09
20954|52498.60|0.04
117695|29115.73|0.00
23580|16539.38|0.10
150978|22318.67|0.08
121967|67624.64|0.08
29173|18736.89|0.02
181263|40327.80|0.06
225|1125.22|0.06
99924|34630.56|0.02
28716|6578.84|0.00
154068|53858.88|0.02
198637|1735.63|0.08
152885|13565.16|0.08
26689|74321.28|0.01
110637|37895.49|0.04
95335|25276.27|0.04
1010|30974.34|0.00
44842|48244.68|0.10
44089|6198.48|0.06
198653|26274.75|0.02
13162|47307.04|0.04
78309|23171.40|0.06
159333|1392.33|0.04
100170|52657.65|0.03
138310|45842.54|0.10
7950|85465.70|0.05
71527|59940.80|0.05
149177|28201.91|0.01
72841|68925.92|0.02
192185|39592.58|0.02
115375|48662.95|0.08
21407|11955.60|0.10
13335|39946.56|0.05
190619|3419.22|0.02
195055|21850.95|0.02
95501|26937.00|0.07
58331|27075.93|0.00
41521|32175.44|0.08
30665|20743.58|0.06
144557|41640.30|0.01
30532|1462.53|0.10
68776|36640.17|0.05
31975|34325.46|0.02
33525|37921.52|0.07
74874|51768.36|0.10
3132|18632.34|0.05
167410|54664.17|0.03
142105|26383.30|0.04
192588|23528.12|0.03
44994|87254.55|0.05
113955|13782.65|0.04
136399|71769.50|0.05
58453|12703.05|0.07
84347|5325.36|0.06
69551|44095.95|0.08
121617|65544.40|0.02
15394|28806.58|0.00
197771|63538.18|0.00
37537|45710.43|0.00
184699|32106.42|0.07
158622|11764.34|0.00
123017|23920.23|0.10
130871|5705.61|0.02
25545|67644.84|0.05
196495|20689.37|0.01
21446|30083.68|0.10
11561|27978.64|0.04
41523|57116.28|0.03
139526|67317.36|0.08
7580|63965.94|0.07
195208|45612.00|0.09
115531|17011.83|0.01
145223|31705.50|0.05
96974|70954.92|0.08
115378|5573.48|0.01
68819|44695.25|0.02
166162|4912.64|0.09
55449|18257.72|0.03
119666|64055.08|0.05
24254|20030.25|0.05
108661|45080.82|0.00
146711|42185.04|0.09
80409|55576.00|0.10
61525|50541.68|0.07
143836|13158.81|0.07
154847|1901.84|0.07
15159|35446.95|0.09
66026|12896.26|0.03
98247|7471.44|0.08
125996|84923.58|0.02
15440|50151.28|0.09
35914|16649.19|0.07
109251|21424.25|0.07
155093|30998.43|0.09
54213|15173.73|0.09
60190|25304.18|0.10
82633|19387.56|0.01
65084|12588.96|0.07
169154|47702.85|0.10
103538|77076.50|0.05
22875|46744.62|0.08
178192|21593.23|0.02
167604|1671.60|0.01
159326|41559.60|0.10
27467|52989.48|0.10
111586|1597.58|0.08
85572|51399.81|0.02
7960|57906.76|0.09
106391|57292.99|0.10
153131|27234.99|0.05
100229|49168.80|0.09
165969|16279.68|0.05
152382|57375.20|0.05
9073|17677.26|0.06
92045|6222.24|0.03
126836|63336.22|0.00
98645|4930.92|0.03
65423|11107.36|0.05
102722|25870.80|0.06
8977|58465.07|0.01
9364|44567.60|0.03
115756|77957.00|0.05
108412|25567.38|0.03
1013|27420.30|0.02
88827|87159.36|0.02
41104|25082.40|0.06
111434|36135.75|0.00
108076|6504.42|0.07
32586|22778.70|0.09
167740|65078.64|0.07
113716|63999.27|0.07
198549|82377.00|0.07
177983|53585.48|0.05
11827|69552.80|0.07
50463|25442.28|0.10
61761|72355.92|0.10
175995|43490.79|0.06
196011|28782.26|0.04
138539|34705.66|0.01
10952|57751.45|0.09
143928|43382.24|0.05
48118|22388.31|0.00
79871|44420.88|0.04
30067|12961.78|0.08
9598|31659.39|0.09
165834|41796.26|0.01
82139|32512.77|0.08
172183|20082.88|0.00
66674|60704.79|0.04
176774|31463.09|0.09
48929|37558.40|0.09
138579|66320.37|0.03
168792|39076.59|0.07
58858|30886.45|0.06
167330|64277.18|0.01
187667|57903.78|0.06
147717|19411.81|0.03
176581|36466.76|0.03
108863|20590.46|0.05
178423|43541.18|0.01
134840|89992.32|0.08
94257|26276.25|0.00
25729|57915.20|0.09
19238|35874.13|0.07
196298|19520.06|0.06
114706|8603.50|0.06
146307|4059.90|0.00
186952|79519.05|0.07
40382|29092.36|0.09
103889|53000.64|0.00
181392|4420.17|0.02
198591|3379.18|0.03
83077|46643.08|0.08
73720|33874.40|0.09
64621|47568.60|0.03
104752|77297.00|0.09
112860|52440.08|0.04
37008|27405.00|0.10
135013|13624.13|0.05
164205|6346.00|0.01
94804|35976.00|0.10
34896|1830.89|0.04
82626|41824.12|0.05
54706|61445.90|0.10
36819|31604.58|0.06
199270|38339.56|0.09
53649|44873.92|0.06
170418|37210.25|0.00
69024|43692.88|0.09
372|36898.73|0.02
188836|26947.62|0.00
126935|23543.16|0.07
55734|15207.57|0.05
155217|55977.24|0.06
69253|55001.25|0.10
91094|26042.16|0.09
38022|25920.54|0.09
26374|16904.81|0.00
135932|96428.57|0.07
3079|37318.66|0.03
174617|28757.37|0.07
76746|70632.34|0.07
190283|68664.00|0.01
127059|22807.05|0.02
186807|37876.00|0.06
71267|17335.64|0.08
169866|85177.84|0.01
76221|51480.46|0.05
93337|30597.59|0.07
3446|20241.60|0.07
9167|17218.56|0.10
93636|27703.71|0.06
135380|22646.08|0.09
107253|32766.50|0.10
148353|1401.35|0.07
327|22091.76|0.10
31581|28739.02|0.08
191276|68363.50|0.01
111304|55242.60|0.04
96588|9507.48|0.08
19115|32057.41|0.07
74767|71412.16|0.09
25693|69603.67|0.02
103648|37987.72|0.01
22965|86846.16|0.07
47865|81578.70|0.05
179118|44293.07|0.02
143108|14964.30|0.09
182907|59697.00|0.10
151956|90357.75|0.01
194090|55652.23|0.05
111972|41663.37|0.06
31220|16117.08|0.00
13812|50048.49|0.01
87450|40248.60|0.07
88117|53045.28|0.01
49895|3689.78|0.00
75089|3192.24|0.05
123025|32488.62|0.05
199622|22381.06|0.06
190778|50456.79|0.01
22615|67654.84|0.01
184969|82158.40|0.07
176534|61200.14|0.06
121572|33464.97|0.10
146765|18117.60|0.04
28147|10751.40|0.01
26629|56002.32|0.02
59331|30967.92|0.10
9732|45968.44|0.03
66371|64193.76|0.03
28263|22633.94|0.10
165803|14950.40|0.03
116891|93486.61|0.06
50559|28681.45|0.08
173011|49864.46|0.04
164486|15504.80|0.08
127074|1101.07|0.05
123353|33032.40|0.08
115294|14402.19|0.07
79524|64651.36|0.04
66844|34405.96|0.09
67113|18361.87|0.02
52981|79293.18|0.01
80507|41650.00|0.08
75093|51268.32|0.10
148250|28561.50|0.03
153274|18581.78|0.05
70848|70934.76|0.03
82181|39548.12|0.08
32215|50477.24|0.08
44253|31128.50|0.04
47795|40084.17|0.08
89876|20524.57|0.08
5579|31175.97|0.00
87146|36260.48|0.07
154485|46184.40|0.02
76558|75192.95|0.00
77605|53808.40|0.09
146768|85293.72|0.09
84510|11956.08|0.01
196204|27304.20|0.10
39485|28489.60|0.06
78351|47856.60|0.03
192917|66327.03|0.05
148672|36134.07|0.01
132735|31819.14|0.07
61133|26259.12|0.05
116571|66677.94|0.02
164348|57905.94|0.03
117344|50369.58|0.03
103881|64085.92|0.05
174348|52626.58|0.05
115712|39737.33|0.00
80282|12622.80|0.07
166091|42812.33|0.06
115065|3240.18|0.05
19450|6847.25|0.01
146283|10634.24|0.09
51273|8569.89|0.09
131144|54056.44|0.04
190263|56836.92|0.02
1102|24074.40|0.00
190839|46315.92|0.05
77814|1791.81|0.06
180679|80944.82|0.10
76778|77209.88|0.05
179171|2500.34|0.02
172487|49903.36|0.01
24109|11364.10|0.06
127265|33598.76|0.08
1072|1946.14|0.01
49319|62147.19|0.04
61162|19093.72|0.04
109870|18798.70|0.04
54801|3511.60|0.02
152745|66516.38|0.07
82745|51832.20|0.03
20268|59413.00|0.00
21743|29965.32|0.03
34484|38298.96|0.07
195605|32311.40|0.10
63299|35344.12|0.07
25841|65373.08|0.02
98729|43193.00|0.05
187842|52105.68|0.04
186986|62189.40|0.08
92718|78692.66|0.03
9645|12437.12|0.07
36878|21778.44|0.09
166190|52759.98|0.10
197737|49537.71|0.01
65392|13573.90|0.04
162443|43657.76|0.00
196584|62181.46|0.04
162071|11330.70|0.02
163883|29203.20|0.08
119472|41761.16|0.04
146282|53131.20|0.02
29468|67078.08|0.06
98197|9561.52|0.01
134961|85826.28|0.00
10251|42966.25|0.05
193582|63672.04|0.00
159850|19098.50|0.06
7285|9538.24|0.06
103050|35803.70|0.00
87909|55010.10|0.05
99513|62012.91|0.06
46545|61153.14|0.05
111630|21341.19|0.02
198858|97842.50|0.00
133380|14133.80|0.02
74532|51222.02|0.00
155232|1287.23|0.07
21388|60231.48|0.01
174889|56952.52|0.06
131950|71350.20|0.06
17962|50758.92|0.07
52219|52704.45|0.10
126471|47919.04|0.10
195948|67450.02|0.09
163252|30250.75|0.06
13054|17406.90|0.00
100727|31098.96|0.09
45483|47139.84|0.07
109446|50940.40|0.08
170831|26625.62|0.10
184230|63083.04|0.03
50638|55602.05|0.05
153502|23332.50|0.01
33429|12261.78|0.07
170031|53950.47|0.07
80659|14756.85|0.03
130485|57588.24|0.10
150557|17683.05|0.02
134823|20436.02|0.05
190643|5200.92|0.08
172869|69906.96|0.05
60120|42124.68|0.05
163577|37733.11|0.04
130934|64842.69|0.06
86829|79896.08|0.01
101235|54394.12|0.02
189765|24111.88|0.10
121538|23392.95|0.00
132263|44038.84|0.05
101839|88359.84|0.02
7373|25607.40|0.03
130620|4951.86|0.08
102245|42406.16|0.01
52157|14418.95|0.09
163886|95544.12|0.06
42937|16919.37|0.03
130992|78896.61|0.03
106565|64433.96|0.01
77243|17083.36|0.02
117363|69018.00|0.09
41425|42359.02|0.05
103905|85900.50|0.09
59756|18873.25|0.05
88963|60510.76|0.01
96848|86707.48|0.03
86065|11561.66|0.00
24439|44993.19|0.06
76314|54193.02|0.01
111686|69604.88|0.07
166465|50538.18|0.04
145503|43358.00|0.09
23824|50686.78|0.04
1283|40265.52|0.01
71808|81870.80|0.09
151559|56369.25|0.04
52887|58876.16|0.04
16914|27463.65|0.07
81|22564.84|0.07
34522|65543.40|0.01
129954|43646.90|0.00
38280|14619.36|0.09
189078|38513.31|0.06
189233|7933.38|0.07
35042|8793.36|0.09
65100|51124.80|0.01
78529|30150.40|0.07
145964|84418.32|0.10
197233|27934.83|0.02
1642|47852.84|0.09
181189|31754.50|0.04
10285|32272.56|0.07
119902|7687.60|0.08
122974|27957.58|0.04
182182|24019.42|0.10
49492|11531.92|0.09
104400|9830.80|0.07
109302|11801.70|0.06
40224|25612.84|0.00
8868|37314.06|0.07
81736|10306.38|0.09
17296|26692.38|0.03
170655|41415.60|0.01
76553|58122.90|0.00
33474|52076.39|0.06
52230|1182.23|0.09
38152|14171.95|0.05
181815|13277.67|0.06
165368|28667.20|0.06
110688|37370.96|0.06
140907|50645.40|0.01
147416|27804.79|0.01
140855|17062.65|0.07
70|5820.42|0.01
36563|67480.20|0.06
159444|39089.44|0.02
197703|82832.20|0.08
146283|43866.24|0.00
69218|2374.42|0.03
184428|69571.32|0.05
129585|74270.68|0.00
194848|38856.80|0.00
54329|24383.08|0.06
91756|33207.25|0.03
122611|58809.96|0.01
38425|6817.10|0.03
62765|46649.52|0.10
138234|16538.99|0.05
184270|33856.75|0.09
189459|32517.45|0.08
97922|46078.08|0.07
4138|31263.90|0.06
91269|56711.70|0.08
139689|39759.64|0.03
106705|56486.10|0.02
119954|1973.95|0.06
41109|3150.30|0.03
45882|1827.88|0.03
64191|47362.79|0.00
129204|3699.60|0.01
182900|77333.10|0.08
139102|51349.50|0.03
149276|64938.23|0.10
11071|12766.91|0.10
19448|51962.72|0.07
54487|23063.68|0.08
104827|67777.34|0.05
10586|20952.12|0.00
73062|26911.56|0.06
173128|38435.84|0.01
142677|1719.67|0.06
28546|25067.18|0.07
44815|56313.92|0.05
191118|48364.40|0.05
23839|70513.20|0.05
17868|44646.50|0.07
75818|48432.87|0.00
155726|64141.92|0.09
17588|19572.54|0.01
73063|7252.42|0.01
112272|56507.88|0.06
81329|34068.32|0.02
80092|17153.44|0.02
124876|19008.70|0.06
50693|54241.77|0.09
127012|12468.12|0.07
25221|28655.50|0.10
82878|81878.28|0.07
133035|29904.84|0.00
48370|31640.88|0.07
98896|60636.48|0.01
38692|55443.46|0.09
86899|26402.46|0.00
115280|1295.28|0.01
102441|11547.52|0.00
137171|22955.23|0.04
19638|20249.19|0.07
181030|42219.14|0.08
139719|59796.14|0.09
119788|52425.62|0.08
167460|48878.72|0.08
51788|3479.56|0.05
13897|21730.68|0.07
36038|36039.11|0.09
100785|62502.30|0.02
116337|35186.58|0.00
75623|27176.54|0.10
30632|78131.50|0.08
8230|44390.97|0.08
43905|75804.90|0.06
188728|38151.12|0.03
129066|12045.66|0.04
52628|33193.02|0.09
114561|14180.04|0.07
12336|26214.93|0.00
106169|54057.36|0.07
116315|23963.58|0.00
50|24701.30|0.09
99670|30054.06|0.00
33393|63666.72|0.09
89961|40970.16|0.09
127466|22401.90|0.09
99086|45573.36|0.03
181243|11918.16|0.03
102497|13495.41|0.03
48452|65821.15|0.01
61291|20036.64|0.09
19535|71271.97|0.04
43903|92345.00|0.07
191387|38437.88|0.01
85706|47367.60|0.05
137480|62216.68|0.00
110287|1297.28|0.03
147178|14702.04|0.02
10632|37023.12|0.08
86540|21371.56|0.04
114392|11251.12|0.10
104164|40885.60|0.01
43785|41490.72|0.05
168632|25509.45|0.05
99305|13043.00|0.10
140593|78412.32|0.09
11912|9119.55|0.10
27581|18102.96|0.07
81917|93046.59|0.02
146334|63495.18|0.10
47418|58712.63|0.04
140724|52941.60|0.10
18879|5393.61|0.03
90261|56306.70|0.07
158000|50784.00|0.10
162001|8504.00|0.08
40298|14859.48|0.03
23908|1831.90|0.01
7847|24567.76|0.10
95951|40885.95|0.07
32689|48650.40|0.09
17370|43770.58|0.04
143617|74727.45|0.02
165891|29353.35|0.03
135198|17264.66|0.00
25827|64854.34|0.01
58612|18847.32|0.07
24180|16562.70|0.08
141901|48572.50|0.10
93543|12292.32|0.09
6560|16132.16|0.09
82314|36296.68|0.10
166487|9320.88|0.04
115440|26197.92|0.01
60875|5507.61|0.10
86873|39057.27|0.07
154293|67364.50|0.06
102773|71030.80|0.05
94822|25435.48|0.06
11298|33860.12|0.05
133574|72340.65|0.04
183147|35674.06|0.05
177535|29025.54|0.08
104334|57548.19|0.06
79417|22342.56|0.09
48354|61210.45|0.03
100622|42188.12|0.04
31382|59102.10|0.06
89213|28853.04|0.01
174181|31379.50|0.04
142403|44807.40|0.01
56521|45803.12|0.01
6091|47860.32|0.05
89463|26144.28|0.08
79999|53432.73|0.04
147275|15867.24|0.01
178630|80305.61|0.09
127124|13813.44|0.06
72239|52082.89|0.08
107346|63606.98|0.03
48663|41903.16|0.03
13596|21134.26|0.05
59235|9553.84|0.02
188606|23724.40|0.09
97704|74874.80|0.07
130062|24025.32|0.03
158081|34172.40|0.02
42592|33760.98|0.03
111463|5897.84|0.05
99554|12428.40|0.03
117350|50591.95|0.07
120590|24158.85|0.10
128256|7705.50|0.07
189703|35854.00|0.07
42244|42704.64|0.02
66517|43021.79|0.08
127279|44413.18|0.03
42259|33635.00|0.05
138044|10820.40|0.02
178709|69720.30|0.04
13193|14380.47|0.08
160392|7261.95|0.00
138934|25648.09|0.04
141450|65623.80|0.09
64785|45494.28|0.05
130918|38978.20|0.03
152512|26596.67|0.07
197116|26688.42|0.03
81892|69333.93|0.03
46868|70779.54|0.02
110306|38172.70|0.04
57550|33166.10|0.10
24054|44012.25|0.09
132832|5594.49|0.02
88331|9235.31|0.06
62493|48031.17|0.07
164627|52440.22|0.05
39825|86476.18|0.00
23201|50589.00|0.06
142461|66152.24|0.02
77461|70484.54|0.06
196887|29758.20|0.06
17056|12649.65|0.06
199289|38871.84|0.08
18149|25611.36|0.09
138719|86127.79|0.03
178792|82314.76|0.00
191124|31593.12|0.04
172927|15999.36|0.09
180601|43721.60|0.05
181479|10923.29|0.03
66248|12142.40|0.03
39334|16553.29|0.07
139027|35178.66|0.09
115162|41200.60|0.01
98315|13133.10|0.08
128593|50269.29|0.00
156610|44998.47|0.02
128631|46469.64|0.07
8404|19686.00|0.06
21235|48561.66|0.03
107232|37176.90|0.04
33780|39416.94|0.07
33873|54206.10|0.08
145685|70957.88|0.01
198153|51297.15|0.06
167565|26120.96|0.10
179727|27100.80|0.03
138095|26061.07|0.00
8449|1357.44|0.00
192787|45114.72|0.00
5558|42442.95|0.02
162115|35313.30|0.06
62643|40141.00|0.06
194637|24242.82|0.06
11684|54253.12|0.09
128151|15328.95|0.10
22086|21169.68|0.08
116048|50009.88|0.04
20760|72272.68|0.09
37198|19298.23|0.10
35197|41891.03|0.10
15768|40410.24|0.09
65470|10048.29|0.02
194198|33596.94|0.10
17467|29073.66|0.08
152205|1257.20|0.06
13930|75601.13|0.07
102788|57304.96|0.07
184490|47234.70|0.10
121946|19679.40|0.09
30724|46332.16|0.06
176617|8468.05|0.05
56627|66512.04|0.06
38556|59782.00|0.06
177098|17626.35|0.07
99629|14657.58|0.00
188319|53477.78|0.06
103194|49084.79|0.02
180989|101429.02|0.07
66270|42033.18|0.01
31516|57900.40|0.03
153156|59248.35|0.04
142416|49585.94|0.09
94089|16246.20|0.06
162396|58335.60|0.05
30882|83392.48|0.00
31721|54539.76|0.07
39384|9263.66|0.00
101186|53423.10|0.05
101844|9229.20|0.01
81789|84997.44|0.08
144296|57632.47|0.08
113212|25729.41|0.08
72885|7431.52|0.03
168227|54399.24|0.02
2272|58713.50|0.00
181683|59999.12|0.05
149136|52145.72|0.02
84761|33169.44|0.10
124772|7187.08|0.02
127240|24077.56|0.05
177671|24481.38|0.10
60288|57420.88|0.00
97232|9833.84|0.02
197417|57547.58|0.03
49271|3660.81|0.03
20556|63491.65|0.06
166851|32603.45|0.05
194453|34043.90|0.06
87500|63962.50|0.02
7802|1709.80|0.02
158912|39418.20|0.09
170880|70231.68|0.06
16709|42268.20|0.05
11651|1562.65|0.07
9523|2865.04|0.00
129687|46350.36|0.00
186257|17462.25|0.03
98419|22678.56|0.09
27188|28994.68|0.07
7870|21334.44|0.06
8831|6959.32|0.07
176494|72242.54|0.01
185382|32282.36|0.07
140469|58868.94|0.03
186903|23878.80|0.00
57316|45839.16|0.03
15506|12793.50|0.06
27798|81112.13|0.06
168914|89230.95|0.09
4639|1543.63|0.05
33472|67462.56|0.10
4309|29119.20|0.04
36750|62409.75|0.08
112302|6571.50|0.08
128380|30984.36|0.00
73835|85015.01|0.02
185890|96818.61|0.03
47004|43746.00|0.10
33192|24754.18|0.07
113530|60197.67|0.01
127017|8352.08|0.02
48883|56788.28|0.01
77879|81702.28|0.06
177420|55404.54|0.10
96810|19874.91|0.06
198099|52671.96|0.03
47387|66719.00|0.06
136760|64683.36|0.06
35923|53908.68|0.01
55387|38929.02|0.06
35236|29280.75|0.10
139835|9374.15|0.03
145469|40890.42|0.04
53578|3063.14|0.06
35901|88171.20|0.01
108062|1070.06|0.06
142693|22563.97|0.07
116519|30710.20|0.09
198635|69345.20|0.09
196625|58535.08|0.05
3317|58574.88|0.00
169653|15503.85|0.08
149803|90787.20|0.05
150303|36539.10|0.09
131582|58088.88|0.08
85396|42823.09|0.04
135170|20487.89|0.04
115485|42013.44|0.06
43096|10390.90|0.03
76495|7357.45|0.06
61690|16516.90|0.02
131891|74992.71|0.00
153543|9579.24|0.03
45977|46151.28|0.00
1361|1262.36|0.08
12831|13950.64|0.02
186520|32130.40|0.07
128911|87295.95|0.06
177942|14139.58|0.10
79777|29865.09|0.04
76661|9825.96|0.01
75061|14504.84|0.00
132481|62052.68|0.07
134238|53433.66|0.02
36088|3072.24|0.05
184055|26198.15|0.09
8389|28542.36|0.07
175993|64138.69|0.00
28256|21316.50|0.04
133944|73183.78|0.04
195656|61307.75|0.05
4112|27434.97|0.04
89597|57117.24|0.03
25449|16493.28|0.09
29663|36631.18|0.08
163509|29877.50|0.09
62947|42018.68|0.00
21305|23299.70|0.08
18852|49583.80|0.10
36533|35268.72|0.08
52534|31217.13|0.08
94926|59548.52|0.01
150793|42407.17|0.04
62301|31582.50|0.01
28791|18917.69|0.01
193149|57138.44|0.02
16562|38442.56|0.06
152455|42208.60|0.01
186144|29523.36|0.02
31455|52685.10|0.09
147511|3117.02|0.07
50796|69871.60|0.07
181091|37506.88|0.06
96382|44108.16|0.02
153758|9058.75|0.06
84475|72973.50|0.06
57741|16987.40|0.06
95380|28882.98|0.10
101377|62026.65|0.10
95180|17627.70|0.02
160744|1804.74|0.09
9053|34633.80|0.10
186519|4816.53|0.08
101812|5441.43|0.00
177517|20728.63|0.08
147252|12992.50|0.04
177621|16986.20|0.02
171701|38999.40|0.03
919|5459.73|0.05
90359|13493.50|0.04
11698|51510.08|0.08
93663|14909.94|0.10
162821|13186.74|0.02
177698|40840.87|0.00
57675|65306.80|0.04
71023|6958.14|0.00
88134|7854.91|0.07
88836|36496.60|0.04
958|26025.30|0.02
127758|67858.50|0.05
54008|40404.00|0.02
175607|45430.20|0.08
6531|7187.65|0.00
147569|59812.72|0.01
166539|77065.44|0.04
90823|48973.14|0.06
89260|4997.04|0.00
93519|21175.14|0.09
197503|22407.00|0.03
79726|10234.32|0.09
68579|77378.50|0.01
127844|7487.36|0.05
69368|44132.88|0.06
93389|23500.46|0.05
68550|60742.00|0.03
160589|11547.06|0.01
125300|38433.70|0.01
187154|16134.95|0.02
169456|38136.25|0.03
73598|59720.42|0.04
129223|7513.32|0.05
49422|10971.36|0.00
44201|54969.60|0.01
155847|64696.56|0.01
188064|54146.82|0.05
100545|40184.04|0.01
182544|63435.06|0.07
151148|23982.80|0.04
114962|25700.48|0.05
108977|35747.46|0.08
103060|5315.30|0.10
121938|37238.67|0.09
172366|60411.12|0.04
35799|83269.92|0.07
26533|40866.84|0.03
28803|58881.20|0.02
179667|45413.16|0.00
102871|76828.67|0.03
196097|45337.42|0.05
43576|12156.56|0.02
46490|56023.11|0.03
124570|27107.69|0.09
43413|12207.69|0.10
23944|72849.66|0.01
120715|29507.07|0.04
11220|41855.14|0.07
57489|53519.76|0.06
51016|16439.17|0.03
149411|36510.25|0.01
141721|74034.24|0.07
45122|49087.52|0.04
7834|34836.60|0.02
117277|44005.18|0.08
149412|56994.99|0.00
108968|19769.60|0.08
154664|18905.26|0.09
98990|55691.72|0.04
61247|19331.84|0.05
187555|19710.60|0.03
46435|67690.07|0.01
98154|4608.60|0.07
198049|30970.08|0.09
2877|58735.71|0.02
24123|31413.60|0.00
101733|17347.30|0.00
195577|71920.51|0.10
157013|35310.33|0.01
195509|16045.00|0.10
113148|51090.16|0.05
126449|7377.20|0.05
125123|10333.08|0.05
143019|35046.33|0.10
110381|38958.64|0.06
70928|18989.20|0.05
122054|32281.50|0.07
30498|27141.31|0.00
22365|36046.08|0.08
136278|7885.62|0.01
190839|48245.75|0.10
17247|16299.36|0.05
98049|17799.68|0.03
119723|17427.20|0.04
67944|42062.68|0.08
61318|8955.17|0.10
93782|58600.74|0.08
92504|10475.50|0.01
101648|32992.80|0.10
188628|56648.46|0.10
18155|35413.95|0.10
51210|19740.57|0.02
87406|5573.60|0.08
76195|19910.23|0.07
1798|10198.74|0.02
179075|8078.49|0.04
192232|22511.91|0.00
27563|2981.12|0.03
106980|93388.06|0.03
19473|25064.46|0.06
114112|37161.63|0.04
85819|50534.68|0.06
70261|8618.82|0.02
180732|5438.19|0.05
19976|34127.46|0.08
106835|66305.88|0.04
175610|43825.86|0.04
58485|8660.88|0.04
5343|28711.82|0.04
42796|36514.59|0.09
80076|9504.63|0.03
129860|1889.86|0.00
134990|30374.85|0.03
183670|19290.37|0.04
194510|16045.10|0.03
38983|11531.88|0.00
86750|86837.50|0.09
33317|17504.34|0.05
57465|5689.84|0.08
160100|47564.10|0.06
97938|25167.09|0.03
48124|50389.64|0.05
29120|10491.20|0.05
83253|61812.50|0.08
145240|7711.44|0.04
110136|24068.73|0.05
73194|47854.79|0.01
126301|14600.30|0.10
31721|79330.56|0.00
178093|43330.33|0.02
20525|63602.88|0.03
110776|58963.41|0.08
142413|58216.40|0.06
154238|18091.22|0.04
40961|95098.00|0.03
104059|25513.20|0.08
190723|61666.48|0.03
119399|22694.24|0.05
56859|10895.10|0.04
158888|46725.12|0.08
109675|11792.69|0.02
73290|58111.34|0.00
126713|52191.30|0.09
51139|5450.65|0.09
107927|25153.96|0.10
30471|18219.11|0.04
64892|57563.59|0.01
70659|73334.25|0.05
172394|49857.26|0.08
75023|10978.22|0.08
123329|56797.44|0.05
20575|8973.42|0.01
10849|52795.20|0.05
137044|46484.72|0.01
110125|14756.56|0.06
65440|19676.16|0.10
74246|46369.12|0.09
364|26551.56|0.09
11148|39188.18|0.04
123879|34251.66|0.02
71497|30838.29|0.10
102371|10986.96|0.06
127840|11207.04|0.01
159686|15711.12|0.10
26684|67648.56|0.09
79447|24249.48|0.09
68339|36605.24|0.05
99547|27837.72|0.06
109759|68981.25|0.00
54082|4144.32|0.00
153294|39071.41|0.08
5387|32309.50|0.10
123673|50900.10|0.08
38694|16326.90|0.07
58070|22617.54|0.04
76380|35265.88|0.08
155908|98195.00|0.05
65544|10566.78|0.02
87265|11270.34|0.08
197937|79362.27|0.10
41784|69031.20|0.06
58311|22847.58|0.03
42843|17858.40|0.07
137491|53497.15|0.00
75024|1998.04|0.06
148658|15359.85|0.01
116004|32640.00|0.08
177026|55151.00|0.09
148974|36413.46|0.01
64117|52974.39|0.10
137932|13789.51|0.05
32500|48705.00|0.04
3385|60553.86|0.03
12173|33640.27|0.02
21960|60222.72|0.10
177689|58300.44|0.05
31408|42860.80|0.03
29701|39136.80|0.00
178186|32868.68|0.02
27388|7892.28|0.09
29525|34908.48|0.03
139652|28758.05|0.01
65867|89810.14|0.05
180738|3637.46|0.09
54468|48363.64|0.06
101985|71531.28|0.09
120205|3675.60|0.01
113026|6234.12|0.08
41291|45594.73|0.08
3892|32326.02|0.07
160665|77654.70|0.09
27235|56949.27|0.09
189129|23144.28|0.03
168604|21743.80|0.09
152001|46332.00|0.01
68579|1547.57|0.06
4870|67445.06|0.00
65699|61593.53|0.03
172215|39903.51|0.02
131771|57688.64|0.10
117251|12682.50|0.02
8702|9664.20|0.06
190470|46814.10|0.10
29503|57300.00|0.02
110418|12855.69|0.08
49001|6650.00|0.08
145022|20273.38|0.02
178541|27532.18|0.01
138517|20221.63|0.03
69342|57698.96|0.03
33206|10252.80|0.07
53821|5324.46|0.02
40532|22087.95|0.05
55849|32487.12|0.01
186079|37282.24|0.06
119429|7242.10|0.03
36668|41721.16|0.05
165957|82940.95|0.09
13646|15596.40|0.09
181742|52888.46|0.05
181504|15855.00|0.04
19439|46186.62|0.03
198245|25521.56|0.04
187243|58530.56|0.02
182007|53361.00|0.03
1081|13749.12|0.08
74664|73739.70|0.09
119207|35559.80|0.01
198676|46141.42|0.07
59012|17478.18|0.06
194989|77107.26|0.01
34484|62413.12|0.06
150930|93103.71|0.05
134690|1724.69|0.07
64640|80232.00|0.08
144647|77815.44|0.07
58743|78280.04|0.10
81862|27657.90|0.09
82661|52597.12|0.08
152975|12167.82|0.10
137766|3607.52|0.09
197245|1342.24|0.08
9215|5621.05|0.10
73250|50153.25|0.04
117123|17101.80|0.02
87009|30876.00|0.07
92267|37777.80|0.07
67742|61550.64|0.09
98080|48513.60|0.01
153002|26375.00|0.02
91104|35043.20|0.05
170384|27633.22|0.04
193188|12811.80|0.08
87882|84144.60|0.03
109381|18074.94|0.03
115224|57004.12|0.09
116637|42994.38|0.06
92056|22009.05|0.03
141025|31980.60|0.08
108647|82782.00|0.06
59858|21814.20|0.02
121726|66413.36|0.06
55744|56091.42|0.07
173597|1670.59|0.02
105610|67855.62|0.08
192755|73910.00|0.10
18225|27437.28|0.10
30236|39651.82|0.01
89229|38983.04|0.07
109305|49943.40|0.07
90301|1291.30|0.09
174668|74934.38|0.05
118260|28121.72|0.07
37017|19080.20|0.07
23047|26191.08|0.01
99973|86810.68|0.07
111747|51003.46|0.00
114920|38698.40|0.09
138339|52338.54|0.00
7613|54741.96|0.01
143644|52316.84|0.04
94916|95545.50|0.09
159879|75615.93|0.06
182325|68958.68|0.00
61606|67406.80|0.02
62471|65939.62|0.04
184213|62266.08|0.01
1218|30218.67|0.03
1172|4292.68|0.08
1945|60949.02|0.01
194029|16845.30|0.09
4700|65792.70|0.01
138969|52206.96|0.09
353|30080.40|0.03
122669|6766.64|0.06
139544|4750.62|0.06
99679|50360.10|0.10
113866|24438.18|0.01
132119|14964.43|0.04
177712|16107.39|0.10
37502|38866.50|0.09
2838|60929.05|0.01
86377|13633.70|0.06
186115|3603.33|0.08
3147|38855.18|0.02
74137|35556.16|0.01
180701|16035.30|0.03
64409|1373.40|0.05
191568|18255.16|0.00
184780|91374.22|0.06
175438|71131.21|0.01
135063|3294.18|0.08
52533|29710.60|0.04
146034|25920.72|0.03
91160|25325.52|0.10
146999|67517.67|0.01
106835|82882.35|0.01
25287|16971.92|0.10
199866|13761.02|0.03
133342|13753.40|0.09
74051|38951.90|0.06
99110|52128.17|0.08
1183|17346.88|0.06
171800|82359.20|0.09
162113|34078.19|0.05
90272|58064.42|0.07
89155|50342.60|0.05
106072|37732.45|0.07
107710|44660.46|0.09
66956|28844.25|0.05
77902|67676.40|0.03
132397|65751.94|0.06
35762|47537.28|0.00
98520|47074.12|0.02
158675|84949.83|0.03
145507|48127.50|0.00
94789|89189.00|0.04
41360|49451.68|0.02
98529|12220.16|0.01
172028|12100.22|0.08
12496|67607.52|0.04
172323|59998.76|0.08
126823|49945.14|0.05
18324|39754.24|0.05
29285|7285.68|0.10
44840|87457.16|0.04
122077|31873.03|0.08
128912|31054.56|0.07
141860|81779.98|0.10
120802|30987.60|0.00
25521|39056.04|0.02
178342|63915.30|0.04
97368|13653.60|0.03
164166|17222.24|0.08
43397|48254.04|0.10
160826|86793.72|0.09
171079|39102.38|0.02
104631|68696.46|0.09
129685|54869.76|0.04
126539|70448.85|0.04
84631|40390.75|0.08
103966|45309.08|0.06
193311|37916.37|0.02
172934|72249.48|0.08
165653|15467.85|0.00
165370|24401.29|0.10
181114|17926.65|0.04
115704|32674.30|0.01
18671|55638.45|0.05
73422|46048.86|0.07
116989|10029.90|0.09
94504|4495.50|0.01
178220|48034.14|0.09
141451|56713.10|0.05
57378|8012.22|0.00
46523|66128.40|0.00
183550|35938.10|0.01
34003|33732.00|0.03
159248|45753.40|0.00
11242|47282.84|0.06
154988|81719.20|0.10
112548|78027.00|0.04
148772|7283.08|0.07
57630|53979.42|0.00
77463|59058.86|0.00
42068|5050.30|0.06
46668|16146.60|0.02
84766|8753.80|0.06
43971|13404.79|0.04
137078|55753.50|0.09
1118|18343.98|0.06
67740|20492.88|0.00
2654|4669.95|0.08
196816|65035.54|0.03
63223|54566.12|0.00
156257|22325.25|0.04
146610|43071.86|0.06
138974|50324.25|0.07
104440|41888.76|0.02
151864|47896.50|0.10
25456|38680.60|0.03
174198|17810.66|0.09
135040|34401.28|0.00
64482|43394.40|0.01
8097|2010.18|0.00
158578|36004.54|0.04
65593|26496.03|0.08
141935|90938.78|0.10
48822|46041.32|0.03
73303|24249.70|0.04
152799|64812.65|0.04
97963|68633.60|0.01
155644|1699.64|0.07
199457|23346.75|0.07
194033|12397.33|0.08
8925|18339.20|0.01
118797|61736.86|0.01
123116|14808.43|0.03
70989|29399.70|0.07
51427|22054.72|0.01
131619|47867.69|0.00
120385|22486.08|0.09
30309|29743.20|0.07
135412|40527.48|0.07
82342|1324.34|0.08
97586|61759.62|0.09
44811|5267.43|0.09
267|11672.60|0.00
169973|61289.10|0.07
188506|28701.00|0.08
1344|8717.38|0.01
12835|3495.66|0.07
131019|38850.37|0.09
117438|8732.58|0.07
131462|11947.68|0.09
5037|29202.93|0.05
48748|20360.88|0.05
36806|6971.20|0.07
82864|68333.82|0.03
61893|55646.70|0.09
27594|50212.47|0.05
186069|4620.24|0.01
187611|84930.50|0.07
175989|35104.66|0.03
51508|36487.50|0.00
6390|32409.75|0.05
1728|61929.36|0.03
53548|72073.92|0.05
160377|8624.22|0.05
153319|67243.19|0.00
173549|43808.58|0.04
21103|1024.10|0.02
98010|11088.11|0.10
186398|68281.94|0.03
62361|47640.96|0.09
39291|59053.92|0.09
16885|55858.28|0.10
60099|50836.32|0.02
179267|18847.64|0.04
20164|44450.56|0.10
174018|14196.13|0.06
97153|27603.60|0.00
132046|51745.92|0.08
9468|41323.80|0.08
63738|64665.74|0.06
69711|62186.27|0.00
50547|67389.30|0.04
109117|54053.28|0.07
128283|20980.48|0.08
146435|7407.15|0.02
83001|11808.00|0.04
48466|26874.74|0.07
61689|80883.32|0.06
98437|27273.17|0.05
191352|49073.90|0.01
2880|67749.44|0.04
46757|1703.75|0.03
119886|40023.48|0.08
13858|17718.50|0.05
164775|90148.73|0.08
92816|79587.64|0.04
143813|42706.63|0.06
159329|6941.60|0.06
33434|62901.78|0.09
107695|44269.94|0.08
193925|70662.20|0.03
198413|64990.63|0.09
44892|80823.16|0.01
19611|33673.42|0.00
169563|53874.48|0.07
59806|19423.80|0.00
99534|49072.96|0.03
59918|9389.55|0.01
109917|42392.02|0.06
12148|4240.56|0.05
174106|28322.40|0.03
145146|55983.58|0.09
54853|59659.05|0.06
142888|84958.72|0.00
189815|41905.82|0.08
192915|52205.66|0.06
140927|43294.24|0.01
180815|30332.96|0.05
193801|58738.80|0.01
139647|67465.60|0.05
91040|42272.64|0.09
173107|36583.10|0.00
111231|8695.61|0.00
48836|80317.35|0.07
82249|43093.40|0.00
196169|53136.72|0.10
185659|8723.25|0.06
51304|46446.10|0.01
9636|57188.31|0.02
22604|71750.20|0.08
57451|26760.55|0.02
145803|59161.60|0.05
20055|38026.95|0.10
137845|37656.80|0.10
81838|67333.71|0.07
155183|37145.40|0.10
65609|33066.60|0.09
138451|58088.55|0.09
179897|92913.83|0.00
184840|36571.96|0.10
166440|36154.56|0.04
3817|12045.67|0.06
100039|47795.38|0.05
135129|3492.36|0.04
172989|35053.66|0.10
78560|23078.40|0.09
17447|53213.16|0.06
58508|60126.50|0.10
133781|29036.48|0.00
65867|54985.80|0.07
47219|11662.10|0.02
5739|18092.03|0.05
137106|52582.60|0.05
28036|10604.33|0.02
117276|24572.13|0.10
44110|47434.95|0.04
188318|1406.31|0.00
192108|26402.20|0.02
141154|16732.10|0.05
1355|57792.10|0.07
15443|29885.68|0.08
102364|68318.00|0.06
126943|74857.72|0.02
47609|63820.60|0.05
157216|26737.41|0.02
181446|6109.76|0.05
45503|15933.50|0.10
107047|5270.20|0.00
92392|65066.33|0.03
103198|12011.90|0.04
124950|27649.30|0.05
25464|52799.48|0.05
65410|60518.04|0.08
137726|79367.40|0.05
66658|25994.40|0.01
359|3778.05|0.08
91339|61195.18|0.10
168047|15610.56|0.02
75971|79825.77|0.06
81375|65105.76|0.06
142561|17639.16|0.10
126859|22630.20|0.07
68752|29252.75|0.03
44392|28064.19|0.08
57219|38814.93|0.00
95282|8940.96|0.05
185129|14569.44|0.05
194329|39852.96|0.01
26844|49583.52|0.01
119571|52488.81|0.03
191017|11080.10|0.01
41965|55301.84|0.01
31341|59799.98|0.10
8052|34561.80|0.08
191109|55204.60|0.00
131936|64941.69|0.06
164787|74071.20|0.00
105551|74714.40|0.00
56405|24505.20|0.01
27851|85384.80|0.05
3958|11171.70|0.05
186441|73317.12|0.00
47647|76542.72|0.04
119367|48522.60|0.00
51653|16046.50|0.08
168593|49847.70|0.02
43929|71170.96|0.03
32952|37699.00|0.07
174384|62710.34|0.07
105171|54103.82|0.09
50826|49750.96|0.00
103802|21669.60|0.10
68080|28298.16|0.08
79804|21405.60|0.01
132305|20059.50|0.10
22681|70561.92|0.01
55946|38038.80|0.09
175145|42704.90|0.10
176536|77401.44|0.09
78921|94996.00|0.01
188568|82828.00|0.02
117478|31404.87|0.06
198845|62202.88|0.04
158959|32287.20|0.10
124798|65620.44|0.01
72923|37918.40|0.05
59382|14755.18|0.03
15|8235.09|0.04
22622|27803.16|0.06
163041|39745.44|0.05
61330|49070.54|0.09
194998|10464.95|0.10
132901|77356.00|0.07
28933|50272.11|0.06
27761|10132.56|0.04
34765|30595.68|0.06
11513|66951.97|0.03
89633|8113.15|0.07
141612|52915.52|0.03
154422|64962.48|0.08
177858|40652.85|0.08
190604|54227.20|0.07
197920|44394.24|0.05
158675|50276.43|0.04
58637|12765.04|0.04
114910|26948.74|0.00
87299|34729.83|0.07
38923|87510.24|0.05
36827|8819.10|0.03
29212|1141.21|0.03
83545|61141.60|0.06
16226|47973.24|0.08
109711|20648.52|0.10
56|5736.30|0.03
145949|79797.60|0.05
58798|35135.80|0.00
12524|48841.68|0.06
59540|29990.80|0.04
95753|41970.00|0.00
55646|43244.28|0.01
113159|28131.60|0.06
188436|76221.50|0.01
40413|16240.92|0.09
191047|5690.20|0.08
175854|90702.95|0.03
178611|54067.52|0.10
173955|20289.50|0.06
82393|1375.39|0.00
67878|36917.40|0.10
179082|16255.12|0.10
22632|43529.64|0.09
110943|39078.80|0.01
130824|92741.00|0.10
47567|19689.28|0.05
20208|22564.00|0.09
105064|1069.06|0.06
125820|53528.78|0.02
150833|16954.47|0.10
173703|47970.90|0.01
52928|50784.84|0.07
3438|33535.75|0.05
37790|3455.58|0.09
177858|58075.50|0.07
87082|2138.16|0.00
42953|51190.65|0.02
183726|18097.20|0.01
182621|51108.60|0.02
139439|1478.43|0.02
140496|44558.21|0.03
21674|23935.05|0.06
76570|24745.12|0.05
11712|73066.95|0.05
69454|12811.05|0.03
99652|26426.40|0.04
108392|57415.99|0.10
64339|26066.60|0.05
160769|40254.72|0.02
130631|31570.97|0.01
50691|19700.28|0.04
190526|72743.40|0.04
191449|46213.20|0.05
9277|46264.53|0.05
29637|20366.19|0.10
54998|54683.72|0.03
143051|38291.75|0.04
67329|22037.44|0.04
82145|46212.74|0.03
143568|78966.44|0.08
72094|37313.15|0.10
96337|66666.50|0.02
17987|57149.40|0.09
156364|17044.32|0.03
118613|50579.91|0.08
117570|44451.96|0.00
34031|3860.12|0.08
183061|46906.46|0.05
116780|25154.92|0.08
116592|61126.42|0.01
78295|45838.44|0.03
139567|46590.24|0.06
146755|43242.00|0.02
155029|36856.68|0.09
185117|49286.51|0.04
196864|80395.26|0.03
67346|3940.02|0.00
46926|3745.84|0.04
156577|55541.38|0.07
187523|19326.24|0.06
96461|1457.46|0.03
177309|36043.80|0.05
188849|77513.60|0.08
30880|83300.48|0.07
111725|65995.36|0.06
744|18092.14|0.05
191055|10314.45|0.02
130664|6778.64|0.01
95813|56073.11|0.05
46612|4675.83|0.10
146703|43742.50|0.10
139482|54773.28|0.03
37879|59956.71|0.09
23121|48029.52|0.05
69563|22988.40|0.10
131088|24619.76|0.09
21342|17686.76|0.08
39734|55233.09|0.10
106689|3391.36|0.05
180604|6738.40|0.01
37081|28506.24|0.05
19069|26677.62|0.02
86832|27282.45|0.07
28713|64026.69|0.01
64288|45082.08|0.02
39758|32257.25|0.02
112588|27209.86|0.10
149996|49103.76|0.00
137377|33944.88|0.09
186802|94440.00|0.09
118145|18610.24|0.06
127129|53181.52|0.06
169653|63738.05|0.05
112915|77116.40|0.05
78866|81173.84|0.04
85872|89177.76|0.08
19443|20436.60|0.06
35448|55337.60|0.05
113387|23806.46|0.03
59008|25142.00|0.04
14653|37623.60|0.10
58621|3159.24|0.01
141776|83617.42|0.06
28607|32247.60|0.07
170210|17922.94|0.01
97911|28633.65|0.06
185902|7951.60|0.05
40305|41094.90|0.09
18975|39773.37|0.00
183020|45223.82|0.05
191365|69905.28|0.10
11932|46098.25|0.01
54832|1786.83|0.10
75663|37689.18|0.04
82268|27505.72|0.09
65516|26667.18|0.06
74938|13390.51|0.00
114400|60819.20|0.06
4593|49420.47|0.00
44042|3944.16|0.08
34194|54153.12|0.07
190470|7802.35|0.06
104089|24047.76|0.09
109462|20600.44|0.09
153823|9384.10|0.01
30652|72801.90|0.07
199073|36334.17|0.06
6016|36880.40|0.04
144418|68733.27|0.01
13379|31016.88|0.06
60074|47567.22|0.05
67085|21041.60|0.03
188304|4176.90|0.09
5369|6371.80|0.05
152143|26293.08|0.00
146793|79110.97|0.00
195421|48525.44|0.08
159|46602.60|0.00
163|31894.80|0.05
129117|55013.28|0.07
194941|61078.20|0.03
182684|30033.56|0.08
162337|19590.62|0.10
112687|30594.24|0.04
72590|6250.36|0.09
57250|19316.00|0.08
102335|30758.59|0.10
42777|67071.03|0.03
5203|45436.20|0.09
38151|16337.25|0.10
177744|36434.80|0.10
58292|33757.83|0.06
164039|40812.11|0.08
59983|69947.28|0.07
66226|26228.84|0.08
71864|40388.92|0.03
10872|19611.57|0.04
41085|28730.24|0.09
194866|74512.68|0.09
132887|82554.84|0.03
88293|15375.48|0.05
113163|35284.80|0.02
14235|41372.28|0.00
120113|15863.54|0.09
114849|42868.32|0.00
111901|38258.00|0.01
17126|13560.56|0.10
158049|28783.04|0.03
98781|24916.92|0.03
67143|16652.10|0.04
162742|68580.12|0.07
89519|1508.51|0.05
96383|68969.00|0.01
63165|48510.88|0.08
68923|49189.92|0.01
58424|27648.40|0.03
144247|7747.44|0.01
34846|71233.60|0.06
177313|18074.03|0.07
19894|87066.72|0.00
59230|29730.75|0.02
193063|4624.24|0.04
47786|62416.08|0.01
13904|79987.60|0.02
79283|41655.24|0.00
86309|60879.10|0.00
115785|86437.44|0.01
180871|13663.09|0.03
160575|49067.10|0.08
79886|14927.04|0.06
142539|69587.32|0.02
27890|63626.15|0.06
63318|57658.95|0.01
115817|7331.24|0.01
2150|7365.05|0.03
51658|1609.65|0.08
143461|15044.60|0.05
185719|30680.07|0.10
114430|66443.78|0.06
61154|24533.30|0.09
35144|28057.64|0.07
156529|20611.76|0.06
58984|25258.74|0.10
108141|10342.26|0.10
69536|30110.60|0.10
45329|25486.40|0.03
155991|24563.88|0.03
50383|9333.66|0.09
6935|22103.16|0.05
39471|9873.29|0.04
42541|26703.72|0.06
68267|28410.98|0.09
34437|23314.31|0.01
36958|5684.85|0.07
89922|78388.72|0.05
116840|89128.32|0.02
99379|60648.28|0.02
190861|72218.82|0.08
96914|9554.55|0.01
19505|38461.50|0.04
23501|25641.00|0.04
39956|45502.80|0.10
164824|28332.30|0.10
10360|33029.36|0.00
100543|57110.98|0.07
76313|33522.06|0.01
7373|33289.62|0.01
2375|47262.69|0.04
163331|12548.97|0.04
157429|23782.72|0.00
172086|4632.32|0.10
11942|90843.06|0.07
70657|68361.30|0.03
12888|90044.00|0.02
27833|61629.05|0.04
139449|47630.08|0.08
198511|65989.91|0.05
196044|36481.28|0.06
66700|28333.90|0.01
137794|14654.32|0.04
195254|40477.50|0.05
83988|67047.32|0.04
129439|26431.74|0.09
167184|12511.80|0.06
195109|49368.10|0.04
108783|8958.90|0.05
88963|93694.08|0.07
166854|44179.55|0.09
12044|18164.76|0.06
76760|1736.76|0.10
91935|28903.95|0.06
111567|71035.20|0.05
189075|36086.17|0.08
97292|12892.90|0.07
36906|14743.20|0.06
69340|35352.18|0.03
127383|18334.94|0.03
1480|20722.20|0.10
194068|11620.60|0.03
77072|44060.94|0.00
183214|32430.25|0.08
83374|29862.14|0.00
40347|10298.72|0.05
176668|50595.14|0.02
36577|54488.52|0.05
145255|55910.75|0.03
77124|18719.04|0.02
13131|14617.82|0.06
72095|44817.78|0.04
104232|29669.52|0.09
73456|42883.50|0.09
144949|15951.52|0.00
23908|43965.60|0.01
45138|32493.90|0.02
128739|3535.46|0.05
128117|4580.44|0.03
176606|42065.00|0.06
96821|81801.90|0.09
91011|46092.46|0.01
45599|23168.85|0.10
168810|65758.35|0.02
14785|39094.94|0.07
173401|19167.20|0.06
103559|78127.50|0.02
55036|25766.78|0.04
91749|73111.08|0.10
104624|21172.06|0.10
84158|49112.45|0.01
187210|35024.67|0.04
45956|95097.50|0.05
183671|38602.74|0.07
190154|31103.75|0.00
97111|24378.42|0.01
182626|15377.58|0.09
53273|20846.59|0.07
117194|25434.99|0.03
171582|1653.58|0.09
34221|35811.82|0.00
62789|68319.42|0.08
109137|19484.21|0.03
183703|21440.40|0.02
63261|22036.68|0.06
133644|83882.00|0.01
117136|57656.50|0.06
101017|44792.44|0.09
45171|8929.36|0.00
54275|19668.32|0.01
195477|64471.27|0.09
49498|15922.39|0.02
83504|2975.00|0.03
144287|61238.88|0.03
27080|32226.56|0.02
170019|9801.09|0.05
83740|32751.06|0.00
11367|62639.64|0.06
171161|30804.00|0.06
178423|33031.24|0.01
129765|61021.84|0.06
148038|52129.44|0.10
132144|10585.26|0.10
171352|62627.40|0.07
78577|42000.39|0.08
33845|23124.92|0.04
82964|62302.72|0.04
187715|86530.08|0.07
170553|55200.70|0.02
167103|40953.50|0.10
70528|13486.68|0.10
102970|13810.79|0.07
65009|37012.00|0.08
96313|57609.64|0.09
11132|40682.07|0.04
168099|57187.41|0.08
33407|40212.00|0.02
51075|37964.59|0.03
124277|5205.08|0.05
72378|9452.59|0.09
64865|25618.04|0.03
67415|12441.69|0.05
174965|93838.16|0.08
153578|47315.53|0.05
17540|61216.68|0.05
56274|12302.70|0.07
124619|78893.28|0.10
74699|65273.91|0.00
50878|67668.19|0.04
119330|51274.54|0.02
34715|69287.82|0.02
74445|25549.92|0.10
128280|11774.52|0.08
70800|69061.20|0.07
21626|29404.78|0.10
187733|5462.19|0.05
170975|2045.97|0.02
168434|64604.49|0.02
171828|15198.56|0.06
97391|27767.80|0.05
57859|56322.35|0.04
6812|60158.35|0.08
70028|41916.84|0.02
75875|24061.31|0.00
14853|17678.50|0.05
13112|18451.98|0.05
77056|2066.10|0.07
199045|12584.44|0.08
65576|40080.82|0.04
10417|35840.07|0.02
133460|70192.62|0.01
174861|25166.18|0.01
73491|38076.74|0.02
35429|34110.50|0.03
176037|21147.57|0.07
109954|60882.45|0.00
181222|53432.02|0.07
175351|22821.60|0.00
16921|29406.72|0.06
192296|24989.22|0.08
104149|19603.38|0.07
18557|25084.35|0.06
189174|16421.21|0.08
33258|28590.00|0.09
87111|20864.09|0.07
163312|8251.86|0.06
164956|60628.50|0.05
174645|3439.28|0.00
65206|51532.80|0.03
11445|24415.92|0.03
109463|25031.82|0.05
11668|11057.62|0.00
43342|53984.28|0.00
85390|59141.77|0.04
18185|6619.08|0.01
48094|23968.07|0.05
115859|91867.65|0.03
165549|64581.60|0.02
64736|71430.66|0.06
14849|70553.60|0.08
107432|25909.74|0.00
75067|4168.24|0.07
70062|28897.68|0.08
135948|31743.04|0.06
95573|18822.84|0.10
40719|11617.97|0.07
172103|57579.90|0.06
114510|13720.59|0.01
13881|70000.32|0.08
161507|56466.00|0.07
181204|11566.80|0.02
198675|86909.83|0.06
144443|32723.68|0.04
74028|38076.76|0.03
108007|32480.00|0.07
49729|78899.84|0.08
131233|54361.89|0.09
69992|92213.53|0.08
152247|36378.72|0.05
72424|8378.52|0.05
15993|64905.66|0.01
180350|51492.60|0.00
81936|32604.81|0.00
18400|60646.40|0.01
51060|26287.56|0.07
71269|40928.58|0.08
90854|47966.10|0.01
76851|36557.00|0.10
105784|55483.18|0.08
139937|5930.79|0.07
107649|24849.60|0.05
112818|60416.73|0.08
56419|12378.69|0.08
124718|69708.40|0.03
838|8694.15|0.09
5721|14640.48|0.04
141904|89511.40|0.02
127469|35915.04|0.02
21057|12714.65|0.08
5747|23138.36|0.03
73366|4018.08|0.06
33095|42151.69|0.02
45665|46709.14|0.02
13426|32146.08|0.00
83881|85784.48|0.05
96285|11531.52|0.07
119297|31590.96|0.06
46952|66463.25|0.09
162189|15014.16|0.09
183813|22761.72|0.10
153142|19122.24|0.09
79109|16321.50|0.10
80268|4993.04|0.02
140336|49547.88|0.05
5702|40192.50|0.01
105394|39182.92|0.04
176857|40610.85|0.04
125972|91906.62|0.06
48555|48113.60|0.09
57278|11117.43|0.05
151990|73511.64|0.08
66817|32108.58|0.01
180747|73109.60|0.06
183690|39021.18|0.03
34848|64182.24|0.06
162799|91227.71|0.03
115739|8773.65|0.01
135430|27843.17|0.08
174951|18233.55|0.08
108961|92588.12|0.01
64125|28317.12|0.09
44656|60824.70|0.05
25356|11532.15|0.08
188013|22020.20|0.04
166416|5929.64|0.05
99319|26366.20|0.01
78396|60473.16|0.01
105261|29123.98|0.03
111524|66027.36|0.02
48568|31847.76|0.06
193828|17296.38|0.03
50457|25334.10|0.06
142369|43752.16|0.07
195391|43105.31|0.02
114811|18258.10|0.08
126873|79794.54|0.07
89616|24084.15|0.09
163658|32711.35|0.00
53692|70764.67|0.01
185124|49573.92|0.06
137432|63185.49|0.03
183786|1869.78|0.09
170555|4876.65|0.03
55290|49811.60|0.10
158154|20606.55|0.07
81721|54487.04|0.01
151382|64502.10|0.02
69523|7462.60|0.00
25289|4857.12|0.02
170449|59258.16|0.10
26693|50210.39|0.07
168057|36001.60|0.06
82175|43972.46|0.01
109482|50710.32|0.00
570|72057.93|0.03
136748|35694.80|0.04
38407|26908.00|0.03
191674|30016.39|0.03
63078|51012.43|0.04
94590|25353.44|0.01
165123|14257.44|0.03
138784|34632.82|0.03
121076|35106.24|0.10
103467|44113.80|0.01
25397|54217.99|0.02
194203|20755.20|0.02
148043|44732.64|0.10
101013|19266.19|0.08
87803|5372.40|0.10
260|29006.50|0.04
153054|29890.35|0.10
89546|39924.04|0.06
118587|59406.46|0.04
83975|7835.88|0.10
24239|50018.89|0.10
186161|41156.28|0.03
94179|58658.50|0.08
99729|6914.88|0.06
171715|7146.84|0.01
174389|36584.50|0.00
142666|76889.70|0.07
2345|14968.08|0.04
138253|20660.00|0.02
43616|15596.10|0.00
66173|56958.50|0.01
23365|43804.24|0.02
185809|15158.40|0.00
26825|10510.92|0.04
185011|29592.27|0.04
118513|47476.81|0.01
41398|48218.04|0.10
1292|1193.29|0.00
25558|10384.85|0.00
76963|77598.40|0.04
138599|3275.18|0.09
181676|38668.74|0.02
18770|25331.55|0.07
104754|84420.00|0.08
157367|24214.12|0.04
87410|27948.20|0.04
19488|54891.72|0.03
73656|79852.85|0.04
181556|31113.45|0.06
109616|11379.27|0.00
143884|25062.44|0.03
53082|7245.56|0.08
32091|45015.96|0.00
31523|71271.48|0.00
29381|3931.14|0.04
74476|26108.46|0.06
181668|83983.68|0.05
146917|43206.02|0.04
19827|27949.12|0.00
134148|35464.20|0.01
155044|36268.32|0.05
54990|21394.89|0.04
76389|24576.84|0.01
101051|9468.45|0.00
129366|46046.88|0.03
40364|10434.88|0.08
97400|2794.80|0.02
4421|26508.40|0.00
151710|63421.56|0.03
154032|18462.51|0.02
163938|86082.99|0.00
82368|17554.68|0.02
127330|9501.31|0.05
178282|46249.52|0.04
183337|12782.97|0.05
158589|60960.46|0.04
113584|52720.14|0.05
33196|9033.52|0.01
71147|23480.94|0.00
88345|61333.64|0.04
104286|7741.68|0.01
176531|11252.71|0.02
27175|22043.40|0.09
97526|9141.12|0.00
172922|1994.92|0.07
146213|56664.45|0.05
104230|9873.84|0.03
36808|36640.80|0.01
22965|43423.08|0.02
199770|7479.08|0.00
7834|5225.49|0.00
76988|66809.32|0.09
100915|78552.31|0.06
162019|38916.36|0.03
87924|82212.56|0.05
46548|71737.92|0.05
61687|31324.92|0.05
29506|30145.50|0.09
151053|25393.15|0.05
130726|87836.00|0.09
19602|65428.80|0.00
8155|43589.15|0.01
69137|49775.85|0.02
137699|46890.63|0.06
141697|22602.97|0.02
50887|11027.28|0.04
40529|30859.92|0.07
99094|3279.27|0.02
68625|1593.62|0.04
24346|29217.82|0.05
45480|51317.28|0.09
110120|37293.96|0.05
163162|28178.68|0.07
21902|62012.60|0.06
143887|94613.12|0.06
188337|18529.29|0.09
66093|10590.90|0.05
62927|88826.24|0.10
112145|8099.98|0.04
114304|31639.20|0.00
160406|54256.80|0.06
47870|29085.92|0.06
134037|38557.08|0.02
55752|85387.50|0.06
72331|32583.25|0.07
147498|29364.31|0.09
94729|55159.04|0.09
184097|54330.14|0.03
50951|74176.05|0.08
78293|30510.96|0.03
1958|29759.20|0.07
28075|40122.80|0.03
40291|61564.50|0.04
134806|86517.60|0.09
90519|24152.16|0.05
161072|33992.10|0.10
143059|16530.75|0.01
125616|73872.45|0.03
96895|24594.57|0.04
192380|22085.70|0.05
82823|39728.04|0.03
104716|39576.33|0.00
180728|5426.16|0.05
172685|84368.64|0.03
39973|95648.50|0.10
129280|53680.48|0.04
184007|14183.00|0.03
9065|36040.22|0.05
20606|7633.00|0.04
51669|81033.00|0.09
119513|64365.42|0.05
100913|7655.64|0.01
78330|45791.55|0.08
42987|27019.72|0.08
131534|40703.78|0.07
34404|8030.40|0.03
153968|42461.16|0.05
31508|41745.50|0.07
49115|6384.66|0.10
114741|17557.40|0.04
35159|1094.15|0.04
151011|9558.09|0.06
195305|11202.40|0.06
14558|53011.80|0.07
174676|42016.08|0.07
168303|50738.10|0.09
101350|60810.75|0.10
194178|40709.44|0.03
5051|8604.45|0.09
104019|50127.49|0.03
157350|63330.75|0.03
85080|5325.40|0.04
159019|44198.41|0.02
155972|79090.83|0.09
162476|50769.51|0.01
172200|33077.20|0.02
131696|17276.90|0.10
89384|32961.12|0.06
98549|32498.34|0.08
12689|14415.12|0.07
161306|51957.40|0.05
32621|7768.10|0.04
93802|82606.80|0.02
10607|24281.60|0.09
187695|74872.98|0.04
105007|19228.00|0.06
166289|1355.28|0.02
96505|21021.00|0.05
79152|35065.65|0.04
90672|58193.45|0.07
172974|4093.94|0.05
114680|5084.04|0.06
197503|28809.00|0.04
178945|24287.28|0.05
117081|17569.28|0.02
92664|43073.16|0.05
5939|33208.74|0.05
8776|20217.24|0.02
82449|67277.68|0.04
20727|39545.28|0.08
189023|23352.42|0.08
70456|44219.95|0.06
199642|12191.48|0.07
175222|18161.08|0.03
103178|56696.16|0.05
113829|9214.10|0.10
75293|54536.47|0.06
106662|13349.28|0.06
147935|43624.46|0.08
122578|60821.66|0.01
154817|14974.48|0.08
54509|33660.50|0.04
9310|14631.72|0.01
164937|82079.13|0.01
168183|60056.64|0.06
4841|29679.28|0.07
110885|41709.36|0.08
93554|3095.10|0.02
120039|12708.36|0.01
98920|1918.92|0.03
83756|29575.75|0.05
9219|47384.82|0.01
142276|10546.16|0.05
93181|11741.80|0.03
187189|35733.04|0.08
78059|14518.70|0.05
180135|40099.29|0.06
122746|28299.84|0.05
181157|60669.35|0.05
82848|14646.72|0.09
174768|73710.40|0.08
113437|27558.17|0.06
47539|14865.30|0.02
182909|25894.70|0.01
112375|59656.91|0.07
21818|74811.83|0.09
199392|70095.33|0.08
158576|40864.25|0.06
39968|5723.88|0.00
172899|80847.49|0.09
121074|27376.75|0.06
50339|32233.25|0.01
48011|1918.02|0.10
19890|85064.83|0.04
70997|23615.88|0.06
63054|5085.25|0.04
175523|76728.96|0.08
53436|22230.88|0.02
397|7784.34|0.08
43077|15301.05|0.05
119892|86035.05|0.04
130076|46454.94|0.05
116190|4824.76|0.09
106731|69509.20|0.07
70888|16729.92|0.09
87672|9958.02|0.01
89221|21783.96|0.07
81267|8737.82|0.00
31792|53437.49|0.03
172410|22236.15|0.10
36617|69912.45|0.01
19723|65708.80|0.08
148326|39855.28|0.10
15387|37769.02|0.03
173336|11274.64|0.07
196720|19983.92|0.09
153108|29027.50|0.03
33204|45488.00|0.00
150493|77174.50|0.04
149367|52405.32|0.00
52475|31404.34|0.07
102654|24849.75|0.06
86538|39637.78|0.10
134008|29176.00|0.07
183913|79876.40|0.10
6819|58677.54|0.04
163935|23987.16|0.04
132753|71430.00|0.06
160608|5005.80|0.08
135002|43554.00|0.00
49108|44398.20|0.01
24146|47086.16|0.08
115278|31038.48|0.05
168594|74816.55|0.02
181987|51724.50|0.07
53410|23177.97|0.01
169581|14855.22|0.01
91582|29898.02|0.01
44510|2909.02|0.02
129309|1338.30|0.03
50131|8649.04|0.06
139273|34119.02|0.09
895|35917.80|0.05
136786|47392.28|0.02
19822|5225.46|0.07
81692|60252.84|0.08
18407|66270.00|0.02
77518|23928.16|0.10
119469|31257.66|0.02
93866|11159.16|0.09
70193|23263.80|0.04
146698|57574.77|0.07
173564|26200.96|0.00
156220|37010.38|0.07
63290|25065.80|0.07
118749|86619.26|0.00
25030|17190.54|0.02
169593|76479.14|0.09
181023|6624.12|0.00
44595|41568.93|0.02
179952|93469.70|0.07
26457|53954.55|0.04
53536|49154.49|0.01
17732|3299.46|0.01
99953|72259.15|0.09
152910|92256.77|0.08
35724|4979.16|0.01
141043|49865.84|0.01
31917|29582.56|0.05
52280|39432.96|0.08
126742|84899.52|0.03
115671|1686.67|0.05
134268|1302.26|0.09
94719|30846.78|0.10
79721|18707.92|0.05
37494|5725.96|0.00
119172|46455.63|0.03
172839|24853.79|0.02
152391|25981.02|0.05
95692|30378.42|0.07
55527|17790.24|0.03
86584|62823.20|0.08
52941|41666.68|0.09
166816|94140.50|0.03
177244|44922.16|0.06
75819|5384.43|0.02
106106|38923.50|0.00
121346|58795.62|0.01
179544|37341.42|0.02
106788|53843.40|0.09
57745|32352.06|0.09
172154|7356.90|0.02
68574|55532.52|0.06
177178|15062.04|0.03
13218|14705.73|0.00
142201|36052.80|0.03
163407|73520.00|0.09
8130|47753.98|0.00
136888|30798.08|0.03
9026|5610.12|0.08
14431|10763.44|0.09
51105|31683.00|0.03
12999|34415.82|0.07
61868|80513.84|0.10
62637|73582.98|0.04
24077|15016.05|0.05
65560|35087.88|0.06
54601|56001.60|0.00
38025|6741.14|0.05
9578|22313.55|0.03
110926|58107.60|0.05
129539|64309.73|0.01
149606|61257.20|0.06
132927|82316.64|0.00
10236|33240.67|0.10
197831|30861.28|0.01
14384|24669.22|0.03
21156|14002.95|0.02
32776|11961.39|0.07
55916|56157.30|0.06
181103|26050.20|0.06
114981|5987.94|0.07
145170|35239.93|0.09
153202|48952.80|0.09
326|56410.72|0.03
8719|69991.53|0.01
125533|10909.71|0.09
74001|16575.00|0.04
35423|50261.54|0.09
27835|24679.62|0.10
46453|9796.15|0.09
708|8043.50|0.06
92873|63439.58|0.05
145528|61367.28|0.04
77182|26661.14|0.08
32662|76543.68|0.04
9504|35337.50|0.00
121939|5882.79|0.03
35145|10801.40|0.05
117857|73119.15|0.07
67103|24612.30|0.02
114258|16539.25|0.10
157918|7903.64|0.06
125162|17807.40|0.04
8615|54849.96|0.09
177945|32367.04|0.08
41617|52992.74|0.02
185329|35358.00|0.03
156655|83870.85|0.04
53487|60500.16|0.05
34285|24385.60|0.07
40235|11752.30|0.10
132771|10822.62|0.09
161063|20233.08|0.08
89327|38173.28|0.01
57277|50605.07|0.01
75134|21073.47|0.02
116980|29954.70|0.08
131528|45226.08|0.07
51533|50474.02|0.06
113399|52258.43|0.07
105690|45783.63|0.00
65022|38493.78|0.08
134519|62140.40|0.09
125800|12780.60|0.06
198121|36573.60|0.02
156609|19987.20|0.05
115491|37662.25|0.04
24992|84347.56|0.00
145911|45008.93|0.03
61474|1435.47|0.08
199127|47818.68|0.07
26322|32456.32|0.01
174371|20235.18|0.01
123703|36260.70|0.06
75199|1174.19|0.02
51934|30174.88|0.00
197735|42152.79|0.02
73255|8597.75|0.05
192126|12181.20|0.05
98802|7203.20|0.10
170039|23289.63|0.10
175013|5440.05|0.10
82641|16236.40|0.04
91961|95695.04|0.04
195826|86481.90|0.04
79842|25505.76|0.07
183119|57701.28|0.09
88438|12837.87|0.07
26114|28082.97|0.04
167537|65785.73|0.06
41553|23912.80|0.05
39306|42340.20|0.03
188928|70592.20|0.08
11927|36778.40|0.07
34923|29726.72|0.04
58641|14396.76|0.00
10494|40730.21|0.06
188149|56908.44|0.10
92993|53621.73|0.03
92919|42062.02|0.07
36989|52001.46|0.01
157012|6414.06|0.08
86102|32643.00|0.02
77813|69841.59|0.07
183711|62814.85|0.08
29238|25679.06|0.05
154707|38757.40|0.05
26568|1494.56|0.09
178120|4792.48|0.02
87356|2686.70|0.05
22423|5381.68|0.10
78995|80933.59|0.05
11783|50843.40|0.07
155504|28071.00|0.07
76830|16261.47|0.02
175854|13508.95|0.04
33447|53837.16|0.05
88456|17333.40|0.00
143059|7714.35|0.01
145075|21281.33|0.02
60232|54842.58|0.03
91909|91243.20|0.03
186007|3279.00|0.06
188696|30339.73|0.07
142557|4798.65|0.05
124369|34834.00|0.06
27130|8457.04|0.10
44124|45929.16|0.02
175895|47301.36|0.00
8018|16668.18|0.04
12093|16081.44|0.05
75665|63985.74|0.05
124693|8588.45|0.08
138774|3625.54|0.02
52770|82692.96|0.09
67376|9403.59|0.03
118205|7339.20|0.02
32225|34716.60|0.07
193645|24340.96|0.04
136025|23342.44|0.03
5901|34331.10|0.04
105284|6446.40|0.05
8228|6817.32|0.09
138855|70072.45|0.08
143612|52979.52|0.02
95490|60905.09|0.04
159713|76226.53|0.00
101401|37864.80|0.00
30268|45533.88|0.06
106015|5105.05|0.07
110015|22550.22|0.03
42048|22770.92|0.06
133433|23462.88|0.10
58840|77350.12|0.09
23738|74777.85|0.02
119975|67828.98|0.10
14743|46416.72|0.06
184867|74170.68|0.08
22985|19079.80|0.02
42196|55771.31|0.09
194547|64020.06|0.09
138244|42313.92|0.01
88740|10372.44|0.08
28297|8577.03|0.00
25444|62994.24|0.05
32778|68430.80|0.07
120582|32051.60|0.07
25751|50302.50|0.06
113829|49756.14|0.09
32120|35772.08|0.04
124214|50766.61|0.04
147257|45648.75|0.00
190065|54287.82|0.10
34408|29532.80|0.09
14072|43387.08|0.03
92245|44540.64|0.02
91668|31533.54|0.02
70929|34198.56|0.07
197067|9312.48|0.07
123510|10734.57|0.09
114721|60750.20|0.03
18702|6482.80|0.08
13355|8878.45|0.02
72361|1333.36|0.01
28708|67104.70|0.03
147765|12689.32|0.01
71720|76127.40|0.02
2698|52822.77|0.00
129558|28575.90|0.02
10613|39613.86|0.01
147238|53979.66|0.09
122983|80239.20|0.05
153426|34026.66|0.01
147151|21566.70|0.00
117852|69184.45|0.08
25349|57345.30|0.06
199742|40518.28|0.09
143363|32346.28|0.04
164186|45006.48|0.02
97618|12924.88|0.00
131918|15599.28|0.01
94232|49049.20|0.01
128938|86544.92|0.10
35604|53886.00|0.00
124492|66725.56|0.03
126437|32195.46|0.01
182727|5429.16|0.06
185170|17572.38|0.09
192701|26905.50|0.04
69076|14630.98|0.00
15171|23895.74|0.02
104200|46963.80|0.02
82597|31591.80|0.02
38382|59417.10|0.04
27922|92496.00|0.07
194601|50868.00|0.05
6554|40895.40|0.00
140084|39342.80|0.03
125465|55147.02|0.09
38833|67329.54|0.08
145157|2404.30|0.05
138540|20521.02|0.03
38383|34355.88|0.04
57985|23315.76|0.05
131843|37496.80|0.04
97377|2748.74|0.00
38767|64818.88|0.09
154414|71952.09|0.10
45879|43796.88|0.03
183870|31261.92|0.05
152821|33728.76|0.03
194191|47552.03|0.07
184638|3445.26|0.07
14009|5538.00|0.03
37775|70223.57|0.05
155880|17422.92|0.05
187309|37700.10|0.05
45608|40393.60|0.10
98173|21081.06|0.02
81178|49844.31|0.02
151825|7507.28|0.08
166978|4089.94|0.08
95007|1002.00|0.00
76718|49146.59|0.05
82877|11159.22|0.01
113378|18087.81|0.04
189602|54131.20|0.01
195980|70583.32|0.07
167648|82350.72|0.02
52527|65098.88|0.09
190533|32470.60|0.08
174711|74999.82|0.04
68602|42406.20|0.06
81235|58379.04|0.10
75870|44300.88|0.08
188680|12380.76|0.06
138099|3411.27|0.08
117463|7402.30|0.03
116319|2670.62|0.10
132122|30007.12|0.03
21242|9305.92|0.05
99662|48188.14|0.04
186138|7344.78|0.00
143575|61505.66|0.04
13431|26888.60|0.09
147391|40274.92|0.09
139904|44709.70|0.07
173897|76864.71|0.01
54649|20847.32|0.09
130347|57848.28|0.07
104662|8333.30|0.07
59570|21413.98|0.03
2292|48965.89|0.03
199465|42240.42|0.08
185578|18299.27|0.06
37080|2034.16|0.03
63688|52853.76|0.05
66355|60782.10|0.03
141986|12167.88|0.09
154357|33872.40|0.09
14573|49089.81|0.07
38510|69528.48|0.03
139888|80970.96|0.01
21597|69855.14|0.02
90251|57097.50|0.04
73967|87343.20|0.09
199052|43739.90|0.06
185405|53654.40|0.10
167342|33824.16|0.09
59716|75406.95|0.00
55250|7231.50|0.08
60403|44992.20|0.03
147974|40439.40|0.09
108874|84729.15|0.08
168195|26526.99|0.07
60932|15143.44|0.04
113869|18828.60|0.08
102486|16373.28|0.07
137079|2232.14|0.04
165810|80659.83|0.10
168732|63025.55|0.09
191425|10614.94|0.03
189694|44592.25|0.01
78071|51404.43|0.04
198788|60376.96|0.07
123713|57311.43|0.05
55022|17586.36|0.01
131507|35385.50|0.10
122601|58449.60|0.10
118086|33122.40|0.08
189043|27168.96|0.05
35732|40025.52|0.00
28045|29191.20|0.04
112767|21357.12|0.08
66662|58631.76|0.09
66028|20874.42|0.08
115893|53448.92|0.01
179079|48638.94|0.02
12219|30542.67|0.06
31528|16054.72|0.04
74694|61741.53|0.09
190363|45054.16|0.08
93183|17642.70|0.06
49679|65146.80|0.10
157283|32166.72|0.00
115680|76305.60|0.07
112239|21270.91|0.02
123877|3801.74|0.01
68978|17522.73|0.05
145709|43867.50|0.08
30530|36513.25|0.03
59119|34499.52|0.08
186804|71850.40|0.00
180737|43625.52|0.08
151584|16355.80|0.03
192553|32911.00|0.07
134538|47175.90|0.10
144337|66303.84|0.00
14215|20325.78|0.03
115562|48904.36|0.10
29419|10787.28|0.06
23528|43545.60|0.01
14293|25353.09|0.03
48733|23544.22|0.05
17992|13369.93|0.09
32584|42464.24|0.01
56836|82470.18|0.03
5369|62443.64|0.08
160410|20585.74|0.00
128092|35842.88|0.01
122816|60680.73|0.06
100668|38379.18|0.04
172222|62122.56|0.08
87823|25351.48|0.01
7758|31649.25|0.09
62527|29790.40|0.03
174141|42529.90|0.09
184670|8773.35|0.00
77748|77658.30|0.06
26812|41731.44|0.04
140552|54146.70|0.01
21380|5205.52|0.01
129773|16224.93|0.01
117463|72542.54|0.10
194979|47701.31|0.00
117991|10044.95|0.05
115297|62989.92|0.01
193774|67239.72|0.05
27193|15682.66|0.10
31358|47705.95|0.01
149185|27151.96|0.04
139094|36258.88|0.07
139827|13067.74|0.05
68918|7547.64|0.06
5467|17841.98|0.03
72211|46145.19|0.05
187011|36234.33|0.07
95206|39639.60|0.05
42082|24577.92|0.01
167393|40890.92|0.04
192926|88832.48|0.06
105288|23279.04|0.05
174409|8900.40|0.01
163394|49551.26|0.08
14943|44590.56|0.10
94421|25477.56|0.02
52322|14017.52|0.04
161074|54483.36|0.04
94829|32828.76|0.09
148974|89010.68|0.07
50659|69214.95|0.01
119142|27867.36|0.01
90942|83116.42|0.07
31795|75978.76|0.05
163961|16199.68|0.07
157678|67691.13|0.00
148548|20755.02|0.08
141182|47704.02|0.09
34942|15015.52|0.04
20179|50561.82|0.02
127086|3339.24|0.07
15508|32740.50|0.05
21502|15658.50|0.02
151690|73150.98|0.03
70543|45406.20|0.07
155765|47339.76|0.07
11241|36871.68|0.03
36814|21009.72|0.00
112943|15647.52|0.02
132847|13158.88|0.05
116788|50533.84|0.00
16397|17074.07|0.02
141568|57944.16|0.09
86784|67289.64|0.10
148343|12522.06|0.05
83026|49441.98|0.01
183269|51385.88|0.10
31150|17298.40|0.02
197724|20038.92|0.05
92970|51037.22|0.09
198173|41948.61|0.10
175783|22305.36|0.01
51254|40978.50|0.04
7625|12260.96|0.05
195927|30343.80|0.04
14665|66345.72|0.06
170203|15278.40|0.03
50558|70901.85|0.05
164800|78321.60|0.09
82113|15331.54|0.03
80225|9641.76|0.09
91392|49802.04|0.09
117036|25272.72|0.07
77112|5445.55|0.01
148542|68393.22|0.08
141461|37561.50|0.04
169380|50728.30|0.10
97279|29354.21|0.09
139185|53863.92|0.03
48785|12136.46|0.10
144965|56278.88|0.05
12403|44723.60|0.00
17668|39641.50|0.03
149986|22395.78|0.10
100754|50887.75|0.08
154664|37810.52|0.00
128255|59029.50|0.00
86330|35540.91|0.09
61290|21271.93|0.06
144195|60720.31|0.10
85594|31591.80|0.02
155106|26705.30|0.02
128411|1439.41|0.09
195349|46218.88|0.03
190949|81597.60|0.10
134692|50074.01|0.05
14983|49347.48|0.05
9939|64712.55|0.10
122662|62332.42|0.02
159671|77880.15|0.07
1213|27855.25|0.06
166979|51149.25|0.05
186745|1831.74|0.03
175094|4676.36|0.02
171923|15959.36|0.09
132134|13993.56|0.02
178643|25824.60|0.03
124117|19398.87|0.09
97677|72010.81|0.09
161092|23061.80|0.01
107290|40215.99|0.10
59654|62932.35|0.10
52305|56578.50|0.07
78155|3399.45|0.05
189957|79831.05|0.10
127529|15565.20|0.04
183086|33903.32|0.08
169624|25404.30|0.10
98790|28620.64|0.08
157632|60826.68|0.09
163697|14085.52|0.05
18254|44545.50|0.07
68282|20004.48|0.10
91980|39439.60|0.07
185006|27275.00|0.07
49351|3901.05|0.02
106245|32532.24|0.04
44087|2062.16|0.06
40215|18483.36|0.10
86591|77301.91|0.06
102306|43173.90|0.02
126246|50889.60|0.06
37435|12351.87|0.05
162073|43132.66|0.04
25915|36818.20|0.05
101768|53092.80|0.03
64308|36896.70|0.10
171929|6002.76|0.02
8570|10349.99|0.03
136488|30489.60|0.09
4061|15440.96|0.06
41191|49816.36|0.08
40347|41194.88|0.03
106718|48291.88|0.06
191543|9807.24|0.08
126357|23516.95|0.03
56239|45418.74|0.06
176507|53839.00|0.00
120794|76221.18|0.06
48472|21307.05|0.09
167786|22245.36|0.01
71451|45518.40|0.10
142298|17423.77|0.02
72255|38044.75|0.08
1100|37040.70|0.07
198704|30645.90|0.07
130031|50929.44|0.03
114113|3381.33|0.03
85177|16270.38|0.08
4752|56329.50|0.00
168070|48937.01|0.02
170496|46994.70|0.02
42801|85446.20|0.09
180065|48092.52|0.03
133263|3888.78|0.03
113974|31807.52|0.06
159667|17266.60|0.06
74351|45061.90|0.08
104693|69605.29|0.09
191875|29503.05|0.03
160093|5765.45|0.10
32253|45039.50|0.10
195477|47174.10|0.07
113681|50840.40|0.05
111808|72792.00|0.02
91405|2792.80|0.03
117856|78701.70|0.00
171778|77690.34|0.04
60275|59292.96|0.09
35223|35904.82|0.09
185177|49224.63|0.08
164865|27018.04|0.04
176889|86498.72|0.06
5732|63871.47|0.07
119874|24620.31|0.08
115244|45332.64|0.09
78206|13026.20|0.06
173585|77953.26|0.06
35771|1706.77|0.10
63952|67058.25|0.04
104282|39874.68|0.10
50829|3559.64|0.09
139801|86517.60|0.03
16223|55821.78|0.01
184295|67585.21|0.10
188032|56001.50|0.00
128928|74362.96|0.04
175369|57774.40|0.01
75344|34302.84|0.04
174273|13472.70|0.02
25861|1786.86|0.04
110646|16566.40|0.03
31565|26938.08|0.00
196744|51540.72|0.05
160563|27600.52|0.03
50021|19420.40|0.00
101024|47150.92|0.06
163856|3839.70|0.08
67890|39015.69|0.04
194462|63814.86|0.04
124669|71133.72|0.10
84759|29643.75|0.01
141102|16003.40|0.03
164505|75336.00|0.05
94235|47939.97|0.05
199620|24074.68|0.01
120294|30228.67|0.09
171546|71171.76|0.07
106362|16420.32|0.04
53774|36283.17|0.03
169752|63761.25|0.02
143648|50749.20|0.10
82766|12241.32|0.07
139049|35905.32|0.05
13793|46083.33|0.08
68856|27372.75|0.07
57857|47186.10|0.03
94675|78474.49|0.09
174123|14365.44|0.05
141065|22121.20|0.08
35984|42239.56|0.02
17495|56499.60|0.02
14898|61638.26|0.10
176388|30751.98|0.02
98828|78553.26|0.09
199628|51828.60|0.09
154733|39330.06|0.09
101541|63244.14|0.04
79203|23644.00|0.00
42569|12092.48|0.09
181137|19490.08|0.01
82566|43359.68|0.07
46772|55000.64|0.06
9059|3872.20|0.08
63642|32112.80|0.05
17293|56883.63|0.08
67215|54381.66|0.09
33900|1833.90|0.02
159479|47692.57|0.03
147836|47095.75|0.02
150929|67317.28|0.09
181561|24638.40|0.01
172062|27217.44|0.05
5800|64820.40|0.08
76791|7071.16|0.10
56111|44818.62|0.01
187309|1396.30|0.10
193844|11627.04|0.08
342|27331.48|0.10
10681|12733.44|0.06
173642|20587.68|0.04
190005|21900.00|0.00
128711|12177.97|0.00
5652|3115.30|0.06
66918|7539.64|0.06
1009|30940.00|0.05
164549|50019.74|0.05
10942|33352.92|0.03
169374|23093.92|0.01
13449|61309.80|0.01
55302|15087.60|0.10
103793|80855.55|0.04
144458|1502.45|0.04
18771|60831.72|0.10
102399|60259.77|0.10
184573|43096.82|0.05
94357|31081.05|0.00
190022|45592.82|0.03
2141|46941.30|0.02
4986|37819.60|0.08
169732|30629.41|0.05
69530|5998.12|0.07
49596|64914.78|0.10
180197|21712.23|0.05
156972|36521.46|0.07
148672|29251.39|0.00
111539|46515.90|0.01
99732|25975.95|0.04
199858|5873.55|0.03
21748|63450.12|0.05
150880|71442.56|0.10
135124|56796.88|0.02
6914|9104.55|0.03
174549|43835.58|0.06
55243|52722.56|0.08
88229|18258.30|0.00
18872|71634.80|0.07
188355|54847.30|0.04
93465|46670.72|0.05
31468|67174.08|0.00
80801|76617.40|0.05
118538|54478.55|0.10
119072|15274.98|0.10
179936|42334.53|0.02
131156|28491.60|0.09
160405|4396.20|0.09
10566|51679.60|0.02
110134|35468.03|0.06
48881|69535.44|0.07
119860|37597.20|0.04
102684|33733.60|0.00
123387|66287.86|0.07
36009|34965.00|0.01
60823|46379.32|0.02
23704|50458.70|0.03
192045|20466.72|0.06
96456|63907.80|0.08
29656|38055.60|0.10
198626|75883.28|0.05
12450|42235.95|0.00
42649|7958.20|0.03
130974|92228.62|0.10
23089|12144.96|0.03
198414|48397.12|0.08
185102|51045.30|0.00
29085|36506.88|0.08
103582|66594.36|0.07
105431|67512.21|0.00
180220|19503.30|0.00
175831|30509.28|0.07
124210|41963.14|0.05
168469|10762.22|0.10
96907|5711.70|0.00
28774|59596.95|0.10
42859|25225.90|0.00
32356|14171.85|0.04
57101|21162.00|0.09
82357|37501.80|0.10
96965|19619.60|0.01
140033|15022.42|0.08
16612|35158.03|0.07
186210|11665.89|0.01
38367|36550.08|0.08
5135|20802.60|0.03
73934|7631.72|0.07
41776|54968.64|0.02
140270|28825.94|0.02
47005|46648.00|0.10
141722|82894.84|0.00
10928|77234.64|0.03
2243|24050.04|0.02
157517|14170.59|0.10
183713|77258.53|0.04
50835|66075.71|0.09
43388|34615.88|0.07
4694|41565.94|0.04
182319|67262.88|0.06
48089|43557.36|0.06
98029|42107.82|0.04
41739|48741.17|0.00
133881|22978.56|0.06
70937|36250.67|0.03
125832|14862.64|0.02
134639|53556.16|0.03
56654|3221.30|0.01
32549|10370.78|0.04
29289|10964.52|0.05
15366|5125.44|0.03
130537|57998.61|0.03
98519|28832.69|0.10
187174|49185.63|0.03
181266|4041.78|0.04
103270|6366.35|0.09
72517|49153.83|0.03
125710|81578.37|0.05
124838|89415.84|0.06
139766|41532.48|0.08
29410|21430.56|0.09
173094|51351.96|0.08
35025|35520.74|0.01
131597|29314.62|0.07
112455|10272.15|0.07
127414|30269.61|0.02
47580|65685.94|0.01
32829|88091.00|0.03
141703|57575.10|0.06
63278|23584.13|0.00
90543|7667.70|0.07
58550|18102.60|0.08
85719|81826.08|0.03
139891|38617.80|0.03
10588|16484.38|0.08
130678|68346.80|0.02
170826|73975.98|0.06
88124|43372.68|0.03
184701|82142.20|0.06
78515|38831.26|0.01
71379|31058.51|0.04
60557|66772.20|0.06
144946|5972.82|0.03
93306|40278.30|0.08
19130|45112.59|0.06
16372|7730.22|0.08
55237|42920.28|0.07
20093|33431.97|0.02
3004|31745.00|0.10
62215|9417.68|0.07
86514|54018.36|0.07
168497|50095.68|0.06
54393|53895.60|0.07
152379|30058.77|0.06
37252|26163.50|0.05
120296|10530.32|0.00
155007|6372.00|0.05
152664|65233.08|0.05
70063|30991.80|0.09
24382|43110.54|0.04
37185|39276.30|0.03
58271|6146.35|0.04
167020|19566.36|0.06
122689|35945.28|0.10
1296|39510.57|0.01
178175|30076.08|0.05
140167|26557.52|0.07
72086|32800.48|0.03
171312|35966.06|0.03
2542|13000.86|0.06
170708|5336.10|0.04
196821|84384.08|0.04
52822|83416.54|0.05
92479|54444.39|0.03
42342|64217.00|0.10
76014|34650.35|0.10
51839|46561.58|0.07
35094|1029.09|0.01
110840|14806.72|0.06
135904|50437.40|0.01
68275|41027.91|0.06
183899|63452.48|0.09
51667|61509.08|0.09
66940|68649.84|0.01
127512|27711.18|0.04
119204|55044.00|0.00
109616|76403.67|0.02
111438|59426.63|0.05
87560|46426.80|0.09
12923|82616.40|0.08
75708|31990.30|0.00
155682|36491.28|0.10
60760|12045.32|0.05
194884|94986.24|0.08
50086|2072.16|0.01
56357|17073.55|0.03
45345|63226.66|0.00
11095|45274.05|0.02
107743|57774.42|0.02
183433|40943.61|0.02
182544|45543.12|0.04
94939|79291.13|0.08
49730|77267.58|0.01
40128|13885.56|0.05
76048|36865.44|0.07
109072|39999.59|0.08
162848|55414.36|0.01
172661|78014.70|0.10
14781|23740.92|0.00
120947|90525.24|0.07
53111|11705.21|0.01
20928|44374.08|0.03
103736|83507.04|0.08
113868|7527.44|0.04
119331|62115.18|0.10
73097|39593.33|0.10
5126|36089.20|0.03
105187|23843.60|0.02
185947|22362.34|0.09
41899|58908.48|0.05
110087|34009.48|0.09
4174|25876.08|0.06
50696|41167.25|0.04
76941|47948.50|0.09
192787|13158.46|0.02
10571|66670.65|0.00
33191|33725.70|0.04
134778|5438.31|0.06
36313|1249.31|0.09
49133|4328.52|0.03
39808|36703.80|0.08
137786|80246.32|0.07
45251|32298.75|0.10
24002|13890.00|0.05
35379|30230.51|0.07
176198|59886.93|0.04
72840|38069.64|0.03
120478|22477.05|0.04
19286|38568.96|0.02
175805|20688.80|0.09
139032|53551.50|0.05
152677|27674.72|0.01
92699|45675.63|0.08
49123|37524.20|0.06
139309|39100.70|0.06
166150|31619.90|0.00
59332|19369.95|0.09
141333|38481.24|0.06
85737|48236.44|0.06
49046|23880.96|0.00
23960|67822.56|0.09
13243|24281.04|0.04
31518|36237.75|0.08
106362|56102.76|0.06
164557|79455.95|0.07
94478|73623.50|0.04
64985|89699.08|0.06
48954|85632.75|0.02
7718|37391.33|0.04
82390|28820.19|0.10
9546|18922.02|0.08
114876|49162.62|0.04
50971|94176.53|0.02
123218|44683.56|0.06
21581|72123.84|0.00
289|2378.56|0.06
46109|50644.80|0.04
134227|23963.18|0.08
76330|24820.27|0.07
184178|21456.89|0.06
182887|88644.60|0.06
72400|21958.40|0.06
46128|15037.68|0.01
4401|63964.60|0.08
18122|5200.60|0.01
26207|46461.20|0.06
134201|4940.80|0.05
104321|13253.20|0.01
38207|16032.80|0.08
160195|52717.98|0.00
9867|3553.72|0.02
12047|26853.12|0.10
144754|32377.50|0.00
166894|82357.38|0.06
37428|19115.88|0.04
100222|13444.42|0.07
118446|68828.68|0.06
109706|85785.00|0.00
73669|60778.42|0.09
6766|58546.60|0.01
154464|27332.28|0.07
47612|38990.25|0.07
4930|56882.83|0.01
187052|13668.60|0.10
173053|24773.10|0.10
29990|28799.85|0.00
192906|3997.80|0.00
199505|68993.50|0.03
75356|39940.50|0.02
68064|5160.30|0.00
150576|55303.38|0.05
7252|6955.50|0.02
117788|90289.00|0.01
71165|13633.92|0.00
185794|77071.39|0.09
21471|12532.23|0.02
45136|34596.16|0.08
53560|19676.28|0.03
78507|31195.50|0.03
2510|25425.18|0.01
197499|17561.39|0.02
138418|30584.61|0.06
46768|72019.92|0.05
119570|27022.69|0.09
147486|72073.56|0.03
126216|55899.45|0.04
103237|37206.90|0.03
128564|54147.04|0.03
85349|17346.42|0.09
169218|14159.31|0.05
130498|35155.27|0.09
71637|16086.30|0.10
151996|102399.50|0.01
12509|49752.50|0.08
16666|56975.76|0.08
176555|42420.30|0.09
118733|71820.93|0.08
159545|51345.28|0.09
127148|47005.60|0.09
75583|71694.68|0.00
91420|59279.64|0.05
89748|52132.20|0.06
183607|1690.60|0.07
163502|32875.50|0.10
121847|48589.84|0.03
159006|38340.00|0.08
142134|44692.94|0.02
185917|36052.38|0.04
192238|14632.53|0.09
60889|12949.16|0.08
35904|51517.20|0.04
30023|9530.20|0.02
148410|2916.82|0.03
166683|75236.24|0.08
25376|37739.73|0.05
86714|51021.30|0.01
48040|38533.56|0.01
189323|46606.56|0.08
15894|14479.12|0.09
21671|66892.14|0.08
90003|4965.00|0.09
190870|72552.19|0.10
135556|22281.70|0.06
164886|48772.00|0.03
21613|32226.81|0.00
26861|12515.02|0.02
8637|47914.53|0.01
177040|31277.12|0.10
54421|68771.00|0.07
53223|15290.86|0.03
136757|30493.75|0.07
168424|19401.46|0.07
187514|32030.20|0.00
75184|16228.52|0.03
102243|36111.96|0.04
93662|28146.22|0.07
139796|86282.13|0.04
152456|73914.05|0.07
165724|1789.72|0.02
166310|35784.06|0.04
45555|72026.40|0.07
85648|49009.20|0.00
102305|30067.90|0.08
10610|65386.23|0.10
167628|35608.02|0.01
139960|53998.92|0.04
142442|37111.00|0.08
104851|53819.65|0.06
116442|43753.20|0.00
35979|36384.43|0.10
152820|61803.06|0.01
152369|25584.48|0.07
6417|55583.22|0.04
40026|25116.52|0.05
173226|33779.72|0.06
164934|11993.58|0.05
151878|7719.48|0.05
73006|34265.00|0.08
150006|36960.00|0.02
160517|70987.95|0.10
120029|31470.60|0.10
137679|73816.81|0.07
71244|38887.68|0.09
6192|6589.14|0.05
77042|5095.20|0.08
48077|51253.50|0.08
135905|42699.80|0.02
179338|38267.91|0.08
126760|57176.32|0.05
85106|1091.10|0.00
137454|38777.70|0.07
170035|38676.05|0.09
165424|71492.16|0.09
16520|21547.80|0.04
43003|18920.00|0.06
73893|24269.57|0.09
168797|20523.69|0.08
130852|58368.35|0.10
127773|10804.62|0.10
194715|61530.14|0.02
167747|25406.36|0.01
176152|7368.90|0.04
193831|44271.09|0.04
123373|8378.22|0.09
168902|39418.00|0.08
84945|13509.58|0.08
110160|40955.60|0.03
51972|69262.92|0.09
151234|64261.50|0.04
36848|39266.48|0.04
178054|26037.15|0.04
151412|21951.15|0.05
192186|29398.14|0.09
32862|86153.28|0.02
122729|47296.44|0.07
38409|43116.80|0.07
157095|51844.05|0.08
79437|53824.34|0.08
81953|77398.00|0.00
160660|27530.56|0.10
31074|2010.14|0.05
191505|36719.50|0.06
194054|40181.75|0.10
82265|58621.22|0.05
143933|43492.46|0.03
100541|12332.32|0.01
167125|50069.04|0.04
65280|49811.20|0.03
27665|19111.92|0.03
169430|46482.33|0.10
151138|22593.47|0.08
34597|16847.49|0.03
126354|11042.80|0.08
178322|23805.44|0.08
176903|21778.90|0.02
130742|78000.56|0.04
170833|79960.86|0.05
176656|62375.40|0.07
40478|51064.92|0.06
172589|21600.54|0.00
140871|89857.89|0.04
78771|52493.10|0.01
93344|21397.44|0.03
189329|18438.16|0.01
57129|10861.20|0.09
83487|20586.72|0.06
45461|47819.64|0.02
52904|20425.90|0.08
103612|6462.44|0.06
99102|38538.50|0.09
164283|36376.56|0.04
121464|2970.92|0.03
94685|30234.24|0.03
152154|24123.00|0.05
121134|13861.56|0.09
69229|41937.70|0.09
81878|66955.32|0.09
191524|33925.92|0.06
94707|49349.30|0.08
27547|23592.64|0.02
24470|62751.15|0.03
107787|12563.46|0.04
27013|17860.19|0.09
153870|65411.58|0.01
2071|45734.29|0.01
118191|26602.18|0.09
161987|63518.38|0.02
184794|71394.02|0.05
163934|93902.71|0.01
152771|7295.08|0.02
121627|37918.26|0.06
120453|67778.70|0.03
108959|74782.10|0.06
173965|32623.36|0.05
12416|5313.64|0.03
81921|62796.36|0.02
71174|36645.44|0.06
13254|24512.25|0.07
49041|44551.80|0.02
42194|13634.28|0.05
79270|42475.18|0.04
184259|2686.50|0.00
196150|58569.05|0.04
74830|48730.41|0.03
190776|67203.72|0.04
15403|43507.20|0.03
95997|45838.77|0.07
142561|25656.96|0.04
97007|12048.00|0.09
34999|46415.76|0.10
35586|56298.46|0.02
45391|16036.68|0.08
178028|23226.42|0.10
73432|67460.64|0.06
184387|7356.90|0.04
157490|26307.33|0.08
104424|2856.84|0.09
150458|43745.05|0.03
167235|42973.59|0.02
6023|8361.18|0.06
180535|21001.89|0.08
5113|19344.09|0.09
12321|36999.60|0.09
52803|50918.20|0.01
15024|7512.16|0.06
152641|66051.96|0.05
113779|5378.31|0.06
136731|40657.79|0.03
68860|76812.12|0.08
75481|16021.28|0.03
71445|65156.24|0.05
175916|87644.04|0.07
142794|56940.49|0.07
176855|71478.45|0.06
32488|19886.72|0.10
43820|8819.10|0.08
173957|64990.40|0.09
125600|3251.20|0.01
156453|1509.45|0.02
35890|58428.48|0.10
71220|50031.24|0.07
81340|10570.72|0.06
182809|79455.60|0.00
199421|21285.88|0.10
167818|49031.06|0.07
52316|62147.19|0.00
173250|63516.00|0.02
33224|52074.90|0.01
153397|60916.38|0.00
54824|64037.52|0.02
100361|36756.72|0.07
198516|3229.02|0.07
83505|71448.00|0.09
35858|89692.50|0.09
158389|40526.64|0.05
60575|61422.80|0.02
78881|48356.88|0.00
40118|3174.33|0.08
184171|50206.80|0.00
182464|6185.84|0.03
61480|60542.16|0.01
93535|19870.89|0.04
90560|1550.56|0.09
117873|13236.09|0.05
37151|11969.65|0.07
130717|73403.82|0.06
175193|49459.41|0.08
180202|37183.80|0.03
111760|3543.52|0.08
162830|26499.62|0.01
69422|52873.96|0.10
53552|66244.20|0.05
127305|13323.00|0.03
144417|24843.97|0.02
17511|32855.73|0.05
422|11901.78|0.09
41857|19787.35|0.02
141184|31854.68|0.02
119191|24203.80|0.07
116604|63203.40|0.08
64699|58229.15|0.03
162757|27296.25|0.09
161589|62722.04|0.02
42623|31312.40|0.10
57571|61142.80|0.02
24958|84732.75|0.06
96438|1434.43|0.08
110344|52819.26|0.06
23723|49401.60|0.10
29680|61167.84|0.04
186568|1654.56|0.00
109630|13117.04|0.01
7523|2861.04|0.08
97476|51571.45|0.03
143245|64412.00|0.09
104944|15591.52|0.02
111369|15183.96|0.01
77457|4303.35|0.10
175842|47946.00|0.06
96333|29245.26|0.06
7946|79719.42|0.05
37104|36438.50|0.07
170501|66003.00|0.02
41366|6536.80|0.07
159253|23620.50|0.06
45376|47569.32|0.03
76187|23263.60|0.04
162321|35966.32|0.10
118840|81788.96|0.02
158521|53703.68|0.07
21709|45659.60|0.08
117362|55174.40|0.03
35927|67065.12|0.02
89962|37087.24|0.00
32582|1514.58|0.05
114233|18708.45|0.08
100693|72828.67|0.00
149531|15805.30|0.07
13075|988.07|0.05
119568|61914.84|0.05
13557|38234.30|0.05
33626|46788.60|0.08
132626|41465.50|0.06
50614|35986.03|0.06
192159|33781.05|0.01
131450|10370.15|0.10
94167|19739.72|0.05
115588|56125.30|0.09
5810|49758.49|0.03
56318|22937.58|0.02
78270|46185.99|0.05
180213|59487.66|0.05
174752|60282.75|0.04
30416|33660.25|0.00
27997|75074.61|0.07
131097|25946.07|0.07
130617|37895.03|0.00
22495|66622.03|0.06
157839|32246.11|0.02
41592|64410.78|0.01
50919|11219.46|0.01
163963|85132.32|0.06
165288|10826.24|0.00
78528|18078.24|0.09
20531|49352.02|0.04
46458|1404.45|0.02
176922|13992.44|0.10
49442|33394.56|0.01
13263|28230.24|0.05
34492|27103.31|0.04
146120|50143.16|0.10
52321|59846.04|0.07
187692|81865.74|0.05
170607|1677.60|0.03
104106|6660.60|0.07
2208|38857.00|0.02
139122|37155.84|0.07
66063|9261.54|0.05
113114|37194.63|0.01
82080|52041.92|0.02
61426|43010.02|0.00
171930|94090.71|0.09
127378|37944.99|0.08
40762|15324.84|0.07
189219|64102.29|0.02
121726|33206.68|0.06
42984|21196.78|0.02
19423|45642.28|0.01
193898|69716.15|0.03
139846|67890.24|0.09
75862|64325.10|0.06
198304|47678.20|0.05
60797|40429.17|0.09
195034|14677.39|0.06
77027|28112.56|0.10
4112|37596.07|0.02
3344|52388.28|0.07
66682|9892.08|0.08
59290|38727.99|0.08
25124|30424.48|0.04
27839|28269.28|0.09
159866|26962.04|0.06
146971|20179.70|0.01
133688|86084.00|0.05
148982|46712.54|0.08
33409|16108.80|0.05
61086|11517.88|0.10
195665|54580.46|0.07
133288|18497.92|0.07
194858|87878.25|0.03
6983|49139.48|0.06
134051|16275.75|0.01
33567|42015.68|0.01
23215|45528.40|0.08
41795|8683.95|0.00
11810|41323.44|0.07
43451|2788.90|0.08
123187|10891.62|0.10
37922|5579.76|0.04
194655|76984.60|0.00
184598|40382.16|0.08
130918|1948.91|0.05
193934|2027.93|0.05
144421|17585.04|0.01
87060|29317.68|0.10
110114|39343.85|0.01
2837|64373.71|0.06
67824|75256.44|0.00
53073|29756.03|0.06
114952|68843.25|0.10
40819|66872.78|0.00
5597|67616.55|0.09
56793|5249.37|0.03
106980|33778.66|0.02
141724|30017.24|0.02
172927|61997.52|0.06
12102|39549.90|0.10
80753|76285.00|0.08
147517|31290.20|0.03
88527|24248.32|0.06
3981|92364.02|0.01
126184|20573.06|0.05
184771|89076.96|0.08
9550|29191.00|0.03
124636|14945.67|0.05
20934|64922.55|0.03
74517|52202.85|0.07
27545|27978.26|0.02
54553|60302.00|0.05
199910|32158.56|0.10
1222|4492.88|0.01
50204|56555.80|0.08
50797|8738.95|0.10
7678|1585.67|0.07
134166|8401.12|0.02
81979|64712.01|0.01
146629|11729.34|0.00
105592|65501.19|0.07
54860|5444.58|0.10
17596|19676.67|0.03
26750|10060.50|0.06
14288|33663.84|0.01
173670|83696.16|0.03
21963|32044.32|0.06
86006|46624.00|0.01
50541|64136.22|0.08
171850|59577.35|0.02
11403|2628.80|0.07
39604|41677.20|0.02
188948|46849.62|0.02
49878|27418.05|0.01
42682|79609.32|0.03
64840|66779.08|0.01
50780|13846.24|0.10
31085|42675.36|0.07
100212|36366.30|0.07
20235|54295.81|0.01
165520|69762.88|0.06
47164|18889.72|0.06
144379|31314.14|0.06
162414|60532.81|0.06
102270|16539.51|0.05
121452|4420.35|0.03
75605|3161.20|0.10
54346|45511.90|0.01
197109|20503.70|0.06
176699|37289.49|0.08
10335|39850.56|0.01
81937|46054.32|0.03
91714|5117.13|0.06
8665|51930.78|0.08
22928|90695.08|0.10
153061|16710.90|0.03
176450|27476.10|0.09
169801|82315.20|0.00
194569|79850.88|0.08
168902|15767.20|0.01
21052|27245.40|0.05
185413|34463.43|0.01
115727|57509.76|0.09
177452|68825.25|0.02
34637|61293.57|0.06
96148|48053.88|0.10
44893|11027.34|0.03
26251|35317.50|0.00
87685|35126.28|0.07
14666|77452.34|0.01
120913|81224.22|0.07
53903|35281.10|0.09
16105|3063.30|0.09
123989|38246.62|0.03
187202|36097.60|0.02
101703|1704.70|0.03
120038|4232.12|0.05
18365|41067.52|0.04
10981|39731.58|0.04
152212|18963.15|0.09
19020|12207.26|0.05
58668|58559.76|0.04
135263|51930.40|0.04
43212|41587.56|0.08
30577|22613.55|0.05
157839|39833.43|0.08
58113|24635.53|0.10
125240|20243.84|0.08
129946|59278.20|0.07
185581|49997.40|0.03
26584|27190.44|0.04
175197|52159.79|0.10
113167|9441.28|0.01
193203|33701.20|0.09
14378|40063.47|0.03
19425|37643.76|0.06
2266|17523.90|0.01
38453|30611.90|0.04
74473|13027.23|0.06
88867|63099.24|0.03
24267|52415.44|0.09
133554|73027.30|0.01
59216|9401.68|0.01
191170|39096.27|0.06
98468|21996.90|0.07
151794|73831.60|0.03
11909|5462.70|0.09
57235|2384.46|0.03
68759|72565.50|0.04
171860|19318.60|0.04
123239|41653.59|0.04
189528|25880.32|0.04
114883|53140.64|0.00
5972|92020.53|0.02
58838|41327.09|0.03
95836|29309.28|0.01
125580|46561.82|0.10
97638|6542.52|0.03
46544|1490.54|0.10
63028|43604.88|0.05
106446|11619.52|0.04
120694|44581.94|0.02
84842|43844.16|0.05
168346|53744.92|0.05
125971|85869.71|0.05
30833|40568.09|0.08
68751|73949.25|0.00
71760|31171.68|0.04
153144|50279.88|0.06
78319|55784.33|0.01
196038|20412.54|0.10
192652|66296.70|0.03
139518|12460.08|0.09
72912|5654.73|0.00
120475|31404.87|0.07
111138|35623.03|0.06
22358|48653.30|0.00
118700|6874.80|0.07
45791|59050.86|0.07
171951|50573.75|0.05
124146|36274.34|0.09
128142|10531.26|0.06
161199|61749.31|0.10
80463|20208.44|0.01
104099|24267.98|0.08
79281|63014.00|0.05
81035|29464.87|0.05
94630|50363.53|0.07
64722|60721.92|0.02
135451|49052.85|0.07
34090|34819.06|0.03
183555|31132.45|0.07
21360|57661.20|0.05
53167|30244.32|0.10
174768|49754.52|0.09
124106|29382.60|0.00
59689|36270.96|0.03
6821|17278.20|0.04
116265|14093.86|0.09
4190|17507.04|0.07
162431|2986.86|0.00
151931|65436.69|0.09
73044|46783.84|0.07
127343|63035.64|0.03
90507|44925.00|0.07
55128|46574.16|0.04
36702|26219.20|0.02
94733|19005.03|0.06
153829|39539.22|0.03
133597|34242.39|0.08
191425|19713.46|0.04
147987|73259.28|0.00
64832|80857.35|0.09
163492|35776.27|0.05
198654|78869.25|0.10
5769|75364.20|0.07
46346|50401.26|0.05
187839|21195.13|0.10
129842|82360.96|0.05
45616|23424.15|0.05
9927|55107.60|0.03
137242|58845.04|0.02
130403|58769.40|0.09
87485|38284.48|0.03
8735|42736.98|0.07
149383|22918.08|0.00
116823|7359.28|0.02
71473|5777.88|0.01
69286|57742.88|0.00
185385|41170.64|0.06
156670|56980.11|0.03
106833|20238.13|0.01
105932|71703.41|0.07
39527|24930.84|0.00
166949|36286.92|0.06
171515|36489.73|0.04
130398|55707.21|0.09
167157|55086.75|0.06
89970|68598.95|0.00
194796|3781.58|0.02
77195|14066.28|0.10
90857|22174.20|0.08
143279|39668.10|0.01
107814|36436.20|0.06
89560|68180.64|0.02
165418|43018.89|0.08
16270|55754.69|0.03
38206|29749.20|0.05
103845|68407.08|0.06
134868|13320.02|0.04
103572|74051.79|0.02
26078|13052.91|0.04
110240|58761.28|0.02
64933|3795.86|0.09
112408|38350.80|0.09
80638|43703.01|0.07
148933|81259.13|0.09
172247|55408.08|0.09
135718|77163.24|0.03
49167|15626.24|0.01
151826|28167.30|0.06
62873|78942.41|0.03
66631|12781.04|0.00
92867|26038.04|0.01
12860|28365.76|0.09
131537|17253.83|0.05
5552|34981.20|0.06
10956|13068.65|0.03
188895|31742.24|0.05
22367|54153.12|0.05
90687|57041.12|0.06
97752|31495.50|0.02
84049|46486.80|0.01
146768|5444.28|0.00
50373|31760.88|0.04
197113|53244.84|0.03
199146|58521.58|0.06
191192|50044.41|0.04
19352|33055.10|0.03
119502|51731.00|0.04
89171|26683.91|0.04
19071|47523.36|0.09
18266|45001.88|0.02
196023|49236.88|0.06
138864|5708.58|0.07
184808|26499.20|0.06
34224|32430.16|0.01
139515|73061.97|0.06
199574|11714.99|0.05
198108|38595.20|0.08
44925|9349.60|0.08
87749|19104.14|0.00
172861|3867.72|0.07
53626|69503.28|0.03
77767|61066.60|0.07
64476|50416.45|0.04
56608|59454.80|0.10
48475|68326.56|0.10
52093|13586.17|0.06
79173|54151.99|0.05
123761|17847.60|0.02
163534|9585.18|0.03
139143|35464.20|0.07
158615|50208.30|0.00
157226|42346.26|0.00
154709|56438.40|0.01
84360|13443.60|0.09
744|32894.80|0.07
63061|14336.84|0.01
111584|79779.00|0.06
7193|16502.85|0.05
121578|28792.26|0.02
167060|4508.24|0.10
63146|25510.22|0.05
2320|48892.80|0.06
56401|23075.80|0.04
102494|56866.62|0.02
189954|22483.45|0.10
141137|11781.30|0.01
12409|3964.20|0.00
159109|4672.40|0.01
59455|4243.35|0.05
146175|18317.55|0.06
168134|19234.08|0.00
152109|30188.60|0.10
157234|37445.67|0.07
165496|76513.01|0.00
10327|40831.56|0.05
93446|44622.64|0.09
130026|52801.00|0.03
196212|2616.42|0.03
66187|57659.00|0.05
53926|30078.72|0.08
8842|33265.96|0.08
64051|26391.30|0.05
165770|64251.95|0.09
77892|82275.16|0.09
195329|8545.92|0.09
118655|30125.70|0.05
113222|44467.92|0.08
146441|26773.92|0.03
55537|35820.72|0.08
188513|24022.65|0.10
14966|62071.68|0.03
111112|40431.96|0.01
192276|50625.99|0.04
128385|59361.96|0.03
133732|68863.47|0.09
10093|33101.97|0.02
27425|60858.90|0.07
93706|23795.80|0.06
189305|64137.80|0.01
158438|49382.19|0.02
118554|17298.05|0.02
24908|75148.90|0.03
112104|45760.10|0.03
110645|74503.80|0.01
192920|86555.56|0.06
172342|7071.70|0.08
64527|59660.80|0.04
18299|24345.80|0.10
110464|23591.36|0.03
178584|33251.60|0.06
59300|31482.50|0.07
68000|23232.00|0.06
57863|50984.08|0.03
71854|3651.70|0.10
7226|55527.78|0.05
191364|42205.44|0.10
57117|42964.40|0.01
122318|52272.09|0.10
4588|22388.70|0.01
68879|88697.76|0.00
49224|3519.66|0.09
26411|66870.50|0.05
63959|38459.00|0.08
97197|14330.28|0.02
160775|56908.87|0.01
135491|27476.82|0.08
190954|4089.90|0.00
15871|12508.09|0.07
45253|21568.50|0.08
197005|34162.00|0.03
179844|67334.40|0.01
86482|10279.36|0.05
36490|42794.70|0.10
153239|15506.76|0.05
163297|6801.45|0.07
84964|42877.12|0.05
168181|7495.08|0.02
69999|35441.82|0.03
193497|9542.94|0.06
116919|9679.55|0.05
2862|77653.84|0.02
30494|19942.86|0.04
165439|13539.87|0.06
97665|14963.94|0.00
25299|30607.25|0.05
157179|24723.40|0.03
133502|16890.50|0.03
94088|45447.36|0.02
86596|45895.11|0.05
95701|25450.50|0.04
111269|62732.74|0.00
81325|33964.32|0.01
77709|25300.50|0.04
171186|59087.46|0.10
85537|59378.67|0.06
60566|45796.80|0.06
2870|7091.48|0.09
75779|49133.56|0.01
134372|12657.33|0.06
133822|68665.34|0.02
193727|10924.32|0.01
27178|3315.51|0.10
83056|22859.10|0.06
29972|24725.61|0.06
76786|61697.30|0.09
111841|16675.56|0.05
126803|76851.60|0.01
176774|64776.95|0.06
51097|8384.72|0.03
138480|57702.24|0.06
63956|67198.25|0.06
124979|20039.70|0.06
117667|15161.94|0.07
29898|36557.80|0.09
150567|42056.56|0.04
175006|28106.00|0.07
84564|75879.44|0.02
104013|20340.20|0.04
180274|6771.35|0.07
7789|74658.32|0.03
139878|76714.80|0.07
69464|25802.28|0.07
34885|70975.32|0.03
128536|32855.13|0.00
51949|17108.46|0.06
39884|54716.40|0.07
60317|28100.82|0.03
183554|63864.45|0.10
141588|34221.18|0.04
8383|23244.84|0.06
183111|20299.87|0.03
42888|82389.60|0.10
159838|83504.52|0.02
114348|59942.96|0.05
105410|5661.64|0.04
85664|49489.80|0.10
147882|40527.48|0.04
115318|58665.64|0.08
8805|44558.80|0.07
35042|7816.32|0.06
62935|43652.39|0.07
69007|17568.00|0.05
186769|33403.68|0.03
441|45608.96|0.03
180705|28571.20|0.03
133372|49187.95|0.08
136282|18455.92|0.08
160020|6480.12|0.08
59595|27982.62|0.03
170909|45537.70|0.00
39510|1449.51|0.02
197325|35558.00|0.06
40685|65027.20|0.00
97253|56261.25|0.09
141699|13925.52|0.07
150503|3107.00|0.04
159490|51133.17|0.04
131875|87716.02|0.00
133638|10029.78|0.10
15169|4336.64|0.10
69170|39870.95|0.10
169507|14188.50|0.10
76606|61721.40|0.02
191840|63750.72|0.06
9142|13664.82|0.01
21451|39801.05|0.08
45720|3331.44|0.01
199278|41318.10|0.01
25325|30007.68|0.07
102236|2476.46|0.05
156327|58099.44|0.06
88444|48702.96|0.04
192022|31192.56|0.10
80426|12657.78|0.10
53936|30238.88|0.08
104580|31691.60|0.04
169332|39237.24|0.00
12005|6419.00|0.10
24716|75472.66|0.03
86421|9851.94|0.05
14822|39946.86|0.05
143883|11561.28|0.07
29169|48319.04|0.02
11359|13973.85|0.01
50117|42684.40|0.10
161569|6522.24|0.04
37448|47104.96|0.02
101389|68128.62|0.09
174816|52942.68|0.04
78681|68046.88|0.09
87620|72342.90|0.01
65992|86151.56|0.09
20772|3385.54|0.06
26136|23366.86|0.05
184725|85056.84|0.08
194676|79680.15|0.04
16028|3776.08|0.08
2947|11099.64|0.00
82841|20062.24|0.00
36200|52265.20|0.01
167002|21380.00|0.07
86829|36316.40|0.07
175704|37373.70|0.02
50272|30556.75|0.02
169797|54136.91|0.08
42451|55738.00|0.06
44156|17602.40|0.05
55395|10803.12|0.10
144027|31059.58|0.08
128607|3271.20|0.09
160918|67282.94|0.10
139661|54421.12|0.09
168562|47286.24|0.05
8033|19761.63|0.06
65533|61439.73|0.04
58947|81955.42|0.10
92751|17437.50|0.01
173472|60273.33|0.05
145580|9753.48|0.07
91021|11132.22|0.06
155916|74932.58|0.07
160870|27032.18|0.03
179832|61178.56|0.08
6515|42645.30|0.10
76241|35299.96|0.00
119944|37314.86|0.00
150743|84305.78|0.09
172069|2282.12|0.07
134976|26142.61|0.08
194552|29637.90|0.10
190868|92066.42|0.07
167368|45931.52|0.05
6603|21134.40|0.05
12641|27965.52|0.10
179161|49606.40|0.07
140511|35684.73|0.09
173928|96092.16|0.09
154250|37823.25|0.07
146131|8239.91|0.08
76148|55082.86|0.07
75958|48348.75|0.04
63935|58866.83|0.07
93048|29149.12|0.08
65074|27015.82|0.00
184190|42048.27|0.00
188607|71215.20|0.06
153098|3453.27|0.07
27818|54120.11|0.08
21590|34766.57|0.00
34064|47906.88|0.01
109331|41550.23|0.06
71697|33373.80|0.08
25779|34095.40|0.09
15358|40747.20|0.02
119713|17327.10|0.05
163653|49782.85|0.08
14498|24012.33|0.01
102007|8072.00|0.02
108951|48998.75|0.03
150864|53616.08|0.05
2083|27582.24|0.04
116677|72827.81|0.00
7058|40532.10|0.10
86859|66450.60|0.03
31527|52506.72|0.05
198367|48356.88|0.01
120169|22594.04|0.02
11746|56363.16|0.00
7848|35116.80|0.03
28267|15538.38|0.04
184763|92388.00|0.10
154923|75160.96|0.01
63762|32789.44|0.06
41203|36614.40|0.06
178813|49187.06|0.04
9606|60624.00|0.07
44026|30070.62|0.00
8823|31172.76|0.02
29885|5444.64|0.02
163494|70087.05|0.07
163599|16625.90|0.04
6127|17563.04|0.05
147019|42640.40|0.10
16849|72399.44|0.09
126349|45386.22|0.00
56727|65665.08|0.09
155273|18595.78|0.01
180395|2950.78|0.05
87570|43611.96|0.09
142239|29468.29|0.07
99468|68970.62|0.01
30660|30222.54|0.02
189259|16179.00|0.01
71598|7847.95|0.09
109059|34177.60|0.08
41511|15977.61|0.09
44475|53939.86|0.06
77313|36128.68|0.07
752|18180.25|0.10
158254|23620.50|0.01
176325|64460.72|0.00
122935|62653.76|0.09
176204|11521.80|0.07
80890|3741.78|0.05
126820|42476.86|0.02
119325|44362.56|0.04
22029|45648.96|0.09
159135|19106.08|0.00
85481|39594.96|0.07
13678|27058.39|0.03
155135|27372.99|0.06
82891|16865.01|0.07
182909|55773.20|0.05
36595|73516.32|0.04
185418|16537.51|0.01
106051|13741.65|0.09
160513|11014.57|0.10
175244|43534.92|0.10
80021|33033.66|0.01
11805|13734.40|0.03
81504|43079.50|0.07
4635|40030.38|0.05
158868|63586.38|0.05
6662|23529.90|0.09
181213|46591.56|0.04
24237|11612.30|0.00
127319|63276.57|0.08
25468|45984.18|0.10
130455|11883.60|0.06
169591|36532.98|0.00
130863|34089.48|0.08
68230|28757.52|0.10
112892|95244.50|0.08
13578|26848.26|0.01
71863|88073.28|0.09
10803|35989.80|0.03
8301|2418.60|0.06
182935|46412.39|0.07
154302|61033.50|0.04
182008|22890.00|0.05
126891|95894.50|0.02
152809|85642.80|0.02
132175|56736.99|0.07
14195|49913.55|0.01
108458|19063.85|0.01
110964|9874.80|0.05
105524|61180.80|0.05
188751|23916.75|0.00
169936|8023.72|0.01
152239|16785.99|0.04
46309|16318.90|0.02
141132|46925.20|0.04
192271|54530.80|0.00
29065|30815.86|0.01
140878|47971.75|0.09
185302|6936.50|0.04
86233|53646.12|0.08
81940|73033.72|0.06
194064|41690.16|0.01
181597|10071.54|0.09
108352|23125.95|0.06
19814|69352.40|0.03
114394|12675.51|0.00
106207|4852.80|0.02
144616|23248.54|0.01
155494|55781.64|0.03
111330|50970.54|0.04
101613|32292.20|0.09
196406|16526.40|0.05
125103|20305.80|0.02
57591|13937.31|0.10
17928|71990.88|0.10
83171|32316.76|0.04
198488|69805.12|0.07
6598|72220.32|0.04
3249|16131.36|0.05
163117|37763.52|0.09
99075|42962.80|0.02
29022|39942.84|0.05
127880|11447.28|0.04
154051|16575.75|0.05
176601|10065.60|0.07
189690|19576.59|0.04
60152|50046.75|0.02
87999|75505.62|0.04
31333|54366.19|0.00
65085|24151.84|0.08
28542|49998.36|0.05
123390|4240.17|0.06
175675|56021.44|0.05
28452|22087.20|0.00
4894|37776.69|0.01
119182|27627.14|0.10
178254|10658.00|0.07
803|1703.80|0.02
5797|11919.53|0.03
111206|60860.00|0.07
157937|65832.69|0.07
2362|58160.56|0.10
140469|54340.56|0.08
110402|64970.40|0.08
104824|74981.62|0.04
70771|20901.24|0.06
137225|18933.30|0.06
181677|58036.11|0.06
38580|4555.74|0.10
175671|61133.45|0.02
179366|18789.68|0.02
104648|49579.20|0.09
129677|63146.79|0.09
176530|61048.14|0.05
29921|72185.88|0.09
27045|46657.92|0.03
105120|34878.72|0.04
45015|14400.15|0.10
94973|37391.43|0.04
181631|75355.72|0.03
83465|15933.06|0.01
29561|35773.44|0.08
123531|17099.83|0.02
16161|32314.80|0.03
152757|18097.50|0.03
152028|6480.12|0.07
37957|30319.20|0.02
105992|87911.56|0.06
4580|38599.08|0.02
62728|8453.60|0.07
109643|76021.44|0.06
89457|54965.10|0.01
75446|27007.36|0.07
53004|4785.00|0.03
92287|61405.44|0.02
80060|13520.78|0.01
179895|73070.93|0.09
115281|58332.60|0.01
126498|53357.15|0.10
188828|51754.14|0.05
141850|51079.95|0.07
134513|30950.20|0.01
116515|38287.75|0.07
62112|34371.52|0.03
194168|13883.76|0.01
70094|41499.51|0.07
99452|8708.70|0.07
118627|11519.34|0.07
175396|63269.77|0.07
95449|30333.24|0.10
16996|76519.60|0.05
139725|38823.84|0.05
162023|45570.84|0.02
91876|67243.32|0.10
68589|18690.96|0.02
147516|59413.38|0.00
156750|23487.75|0.06
191851|75771.15|0.00
17980|60735.36|0.09
46111|19027.98|0.10
129131|52205.85|0.08
198609|35859.60|0.03
114184|15576.34|0.03
64627|41382.12|0.07
182849|30909.44|0.03
125524|54233.20|0.00
47835|16045.47|0.02
15786|27228.48|0.03
173385|17500.56|0.00
42035|6839.21|0.04
121020|34353.66|0.06
87741|70878.34|0.00
58482|63381.12|0.07
88843|16486.56|0.04
186189|10201.44|0.02
179475|71505.62|0.04
70949|65277.96|0.06
46206|49544.60|0.08
76892|50460.03|0.01
143426|8816.52|0.10
159177|55627.65|0.03
101368|65729.28|0.00
30750|28572.75|0.08
106648|76113.44|0.09
75800|26637.00|0.08
194902|99845.00|0.05
8407|10523.20|0.09
149805|7419.20|0.07
133121|50781.28|0.01
121173|17912.55|0.05
24408|13324.00|0.07
167798|42913.17|0.07
116694|71848.98|0.10
150394|27443.41|0.01
118204|6111.00|0.03
51237|35646.90|0.00
114491|34626.27|0.06
15382|11676.42|0.02
115342|33933.50|0.01
170609|5038.80|0.00
166134|50405.46|0.04
171976|92158.65|0.07
172261|23998.68|0.04
8374|56424.28|0.08
173957|26402.35|0.04
122056|23717.10|0.01
166829|15166.56|0.03
33956|22679.40|0.02
195878|88824.15|0.02
195464|7797.30|0.05
109268|40872.32|0.01
8059|25143.30|0.10
23451|39859.05|0.05
44464|14084.60|0.07
158177|11116.53|0.04
127287|39428.40|0.02
103802|48756.60|0.01
47780|51833.40|0.00
156700|57971.10|0.08
103662|33313.20|0.10
69054|1023.05|0.00
148295|22835.93|0.00
180655|46862.55|0.03
65954|44158.85|0.08
140811|64813.35|0.08
103887|24581.44|0.06
105227|60378.78|0.04
74750|86237.50|0.03
24563|28263.64|0.06
29751|70591.50|0.05
31664|7978.30|0.02
38056|42744.15|0.07
179010|38115.35|0.10
81266|19956.16|0.08
34503|53187.50|0.06
86986|61162.38|0.07
81246|42953.40|0.07
116670|67466.80|0.00
109676|18542.37|0.10
125804|56723.80|0.10
156944|18008.46|0.05
50265|51040.92|0.07
15147|23367.08|0.10
138229|58292.12|0.07
72393|68269.50|0.02
11803|1714.80|0.01
107053|14840.70|0.02
181131|31515.38|0.10
188378|39591.99|0.07
47203|39106.80|0.07
141136|48262.33|0.01
70378|12135.33|0.08
82903|35832.10|0.05
57808|17658.00|0.06
31893|45622.25|0.03
121245|49383.36|0.02
57628|49154.22|0.10
7587|2989.16|0.05
117923|15527.36|0.04
89619|8043.05|0.09
176572|28025.69|0.04
29329|50332.80|0.08
120431|49348.62|0.04
111109|51524.60|0.08
127119|53867.17|0.05
141159|60007.50|0.01
184519|33673.71|0.03
41443|8306.64|0.00
133833|5600.49|0.00
100977|33625.49|0.05
91802|23319.40|0.07
163798|14894.32|0.01
140761|10810.56|0.03
187338|47035.89|0.01
64386|17554.94|0.10
70471|43244.10|0.03
57348|45686.90|0.06
42673|64626.80|0.08
28313|6206.55|0.07
191289|6901.40|0.05
64535|65979.32|0.04
153321|46726.88|0.06
70228|58712.78|0.03
8618|62591.01|0.07
6739|13165.84|0.04
139966|58172.84|0.10
39720|82986.00|0.02
172385|58295.20|0.02
184220|59994.12|0.03
192405|29948.00|0.08
33137|41735.07|0.04
156291|59280.76|0.04
119229|38694.82|0.02
196585|52128.98|0.04
45690|47435.01|0.01
198888|61593.28|0.06
53321|43326.88|0.01
179843|32688.28|0.05
139093|5660.45|0.00
105744|20996.88|0.02
48053|30031.50|0.08
76133|2218.26|0.10
111117|31587.08|0.01
197112|31436.86|0.07
47611|21820.54|0.08
72744|30901.32|0.00
73089|32924.48|0.02
185751|64286.25|0.02
86413|18192.33|0.02
183208|21950.40|0.00
74704|35252.70|0.00
133387|58235.58|0.04
82290|35624.12|0.00
32942|33748.92|0.00
93942|73565.72|0.10
117576|9561.42|0.04
172233|22188.91|0.00
5354|1259.35|0.02
182801|58397.80|0.00
146591|14738.31|0.00
18497|39633.72|0.08
27723|29712.96|0.00
137984|78857.22|0.07
25142|17074.24|0.00
29464|69673.00|0.01
188108|4784.40|0.01
100893|54922.81|0.08
190221|1311.22|0.09
166553|25912.80|0.05
4988|88970.06|0.09
127847|37496.80|0.03
178556|29421.90|0.05
195101|40667.40|0.02
168705|33700.30|0.07
120323|65822.68|0.08
113529|41648.04|0.07
194372|43991.10|0.01
765|39978.24|0.07
145345|58394.28|0.00
46083|14407.12|0.08
104103|40962.70|0.09
80857|9189.25|0.05
64121|47745.28|0.06
190374|42466.73|0.06
37144|41083.32|0.07
32088|47943.76|0.10
98316|35486.37|0.00
126450|22146.75|0.00
174056|1130.05|0.06
98351|39131.15|0.06
34007|47050.00|0.06
129502|59728.50|0.06
81424|37946.34|0.08
77189|13994.16|0.00
45360|13053.60|0.01
124072|53707.43|0.03
133607|80389.40|0.05
95811|90340.50|0.04
88964|64447.68|0.05
114525|56962.24|0.00
199633|34652.60|0.03
106475|26666.46|0.01
186032|2236.06|0.01
147954|58056.55|0.02
144883|80970.96|0.03
8091|40962.69|0.08
7732|34434.33|0.00
110547|59186.52|0.00
165969|42734.16|0.03
15429|45710.28|0.10
31139|12841.56|0.08
41555|37413.75|0.01
72230|51695.89|0.05
126546|6290.16|0.06
115618|17969.71|0.04
97086|5415.40|0.01
4148|6312.84|0.04
195260|54210.40|0.03
13743|3313.48|0.03
12666|3157.32|0.09
30283|13346.08|0.05
39336|63766.50|0.00
48539|4462.59|0.00
92674|15000.03|0.00
131068|21981.20|0.01
190464|60623.94|0.04
140870|21019.57|0.03
31386|9221.66|0.00
149834|71585.54|0.06
149468|31866.66|0.02
45869|3629.72|0.08
69304|45838.80|0.02
22847|58404.72|0.08
157777|16512.93|0.08
146108|8078.70|0.08
93269|58063.96|0.09
46055|26027.30|0.06
30867|26967.90|0.10
124495|53182.15|0.05
87428|48124.28|0.10
185063|1148.06|0.02
5529|22952.32|0.08
143639|70670.46|0.07
199305|43533.30|0.04
27214|53636.87|0.01
143102|10305.90|0.09
1403|15652.80|0.10
194912|18062.19|0.03
320|56134.72|0.04
55818|88690.50|0.00
18051|43607.25|0.10
161664|84557.34|0.02
36564|37514.00|0.03
197854|52699.95|0.10
41705|42814.20|0.05
76074|13650.91|0.08
177949|68915.96|0.02
175136|52078.59|0.06
77703|80673.60|0.09
145921|68842.20|0.05
138008|25104.00|0.09
98860|91084.14|0.04
130242|36894.96|0.00
192891|1983.89|0.08
137738|24860.22|0.09
118913|40570.11|0.09
60245|14462.88|0.04
105908|19139.00|0.07
187040|7889.28|0.00
33804|15640.20|0.03
127561|14297.04|0.02
71372|2686.74|0.01
102889|47297.00|0.10
97746|73237.08|0.06
53039|8928.27|0.01
58287|31132.00|0.02
32872|73999.67|0.01
138818|25995.34|0.10
49474|18505.11|0.01
138342|41410.20|0.01
167594|8307.95|0.07
6254|2320.50|0.05
50941|54866.26|0.02
148001|11539.00|0.08
161417|5913.64|0.08
195413|7542.05|0.01
127413|66258.86|0.02
170127|39504.96|0.03
88221|25393.62|0.04
185007|6552.00|0.04
110515|73224.48|0.08
86204|20233.40|0.02
99735|5204.19|0.08
88799|66148.23|0.05
88624|6450.48|0.03
141371|26835.03|0.05
135133|52565.85|0.05
146539|63421.20|0.03
183520|33673.92|0.06
37249|58125.76|0.04
185826|38236.40|0.04
40462|56098.40|0.04
189795|9423.95|0.02
68230|40739.82|0.10
24532|71369.97|0.07
14919|77024.22|0.02
39487|49926.80|0.05
168451|44064.05|0.09
99448|31843.68|0.02
103596|79979.50|0.07
114311|46385.85|0.07
21153|3222.45|0.02
170194|1264.19|0.10
119095|17825.44|0.08
178731|7238.92|0.08
63784|80397.88|0.07
14084|23953.92|0.03
103771|76315.11|0.07
142501|72544.50|0.01
127027|43214.82|0.09
152152|32512.05|0.06
55011|44436.46|0.02
191148|23543.66|0.10
178354|10026.45|0.10
175221|18147.08|0.07
123186|44739.66|0.01
73870|68223.19|0.03
28928|53850.68|0.10
154014|22428.21|0.08
113733|75109.39|0.06
123100|28077.50|0.03
152882|23218.56|0.07
108449|62669.92|0.04
84421|22486.72|0.09
3042|3780.16|0.04
185485|47114.40|0.08
11569|37014.00|0.09
8541|34788.96|0.00
108531|70818.38|0.02
74675|51139.77|0.09
99648|77439.08|0.09
101115|11161.10|0.07
20888|28942.08|0.06
92046|13494.52|0.08
61974|69694.92|0.10
181025|8848.16|0.10
14021|31790.68|0.04
176002|35574.00|0.08
29999|73301.62|0.03
122242|21492.08|0.04
88126|17825.92|0.08
199284|69164.00|0.05
154734|1788.73|0.05
156453|4528.35|0.04
130738|81361.58|0.04
172838|84076.52|0.00
7766|56907.84|0.02
108546|12436.32|0.08
2568|42646.24|0.04
97910|11447.46|0.00
97835|23826.79|0.10
17723|50862.32|0.04
126132|56748.37|0.02
194373|70433.76|0.07
172331|54729.87|0.07
114126|54725.76|0.08
178663|50508.14|0.01
67513|35532.24|0.08
157482|9236.88|0.07
155352|63330.75|0.03
30848|81826.64|0.10
1125|21548.52|0.05
122668|1690.66|0.00
73423|55856.80|0.02
173119|38147.52|0.00
61184|28629.50|0.03
198823|65341.88|0.03
14442|37980.32|0.08
10979|47249.25|0.02
1034|8415.27|0.01
93306|2598.60|0.09
188765|31513.92|0.01
167680|10486.08|0.00
98805|23449.40|0.03
198650|26229.75|0.10
101902|45693.60|0.01
155606|43201.60|0.09
130187|60859.00|0.00
39545|8907.24|0.08
140768|18087.60|0.08
8974|5648.91|0.05
188779|56033.10|0.03
189064|47275.46|0.03
164276|32166.48|0.08
56060|23369.38|0.01
27192|47005.98|0.06
173847|38416.80|0.00
143994|55025.73|0.01
185095|53104.05|0.01
16415|50593.58|0.02
152713|5297.13|0.03
108227|37056.60|0.05
104312|23693.58|0.08
8011|30327.33|0.04
149217|55713.24|0.04
120965|5957.88|0.03
32669|65668.06|0.07
95658|39687.60|0.10
176326|25241.76|0.09
154642|45809.28|0.00
198204|54692.40|0.10
49688|52405.76|0.05
61287|7489.68|0.07
76142|38016.76|0.05
25404|53176.00|0.09
13340|25066.80|0.05
96479|73773.50|0.00
19912|51293.48|0.00
9984|22727.76|0.02
93421|41018.18|0.01
63825|71552.80|0.09
62068|30901.80|0.07
22390|34122.14|0.10
109749|1758.74|0.08
85621|30525.78|0.08
23488|45167.36|0.05
70569|40028.56|0.08
3621|60984.80|0.01
61771|39853.71|0.05
130016|39748.38|0.01
188133|4884.52|0.06
15566|35557.44|0.07
121001|41902.00|0.06
47788|65959.64|0.10
188930|98927.57|0.02
21860|64146.96|0.05
1874|47948.49|0.07
94294|56684.76|0.10
193983|99695.04|0.05
33739|16727.30|0.09
157730|85811.04|0.01
14090|23094.07|0.00
10305|53473.20|0.10
5708|22591.80|0.08
117509|27477.00|0.07
123743|35334.80|0.09
6743|62690.12|0.04
61400|47649.00|0.04
45735|80675.04|0.00
34195|47425.98|0.01
49609|32730.60|0.02
169480|75924.52|0.09
145218|46738.77|0.03
165911|3953.82|0.00
135240|57385.80|0.09
106156|23243.00|0.10
152688|43517.00|0.08
179775|64916.95|0.03
74020|17892.36|0.09
52451|54734.55|0.03
85649|55577.76|0.04
80653|50643.15|0.07
122699|17216.90|0.00
22417|56255.22|0.04
143285|50474.64|0.07
29732|26587.68|0.06
126563|54045.04|0.00
46600|41758.20|0.02
49512|45306.81|0.05
110136|57306.50|0.10
2108|21212.10|0.08
72399|10971.12|0.05
159747|70462.86|0.00
68757|46595.25|0.09
88815|23449.53|0.10
44901|16613.10|0.02
181184|56933.10|0.02
1005|29898.00|0.05
28835|26457.45|0.02
59760|82548.48|0.00
195291|23566.93|0.08
145819|83916.45|0.01
173911|11909.46|0.00
72587|26512.86|0.10
154770|7299.08|0.04
67594|12492.72|0.02
95544|32330.34|0.01
107249|38943.44|0.03
63145|3324.42|0.00
155207|59323.40|0.00
32957|81267.85|0.05
98147|43515.32|0.04
161288|43176.96|0.10
134688|15504.12|0.09
3291|48965.89|0.06
157133|11901.30|0.10
137566|73763.76|0.03
60212|44543.98|0.03
167550|24263.25|0.04
24230|36935.36|0.04
157722|40933.56|0.05
93383|31656.74|0.10
83638|51892.16|0.03
93533|50375.49|0.04
90294|20548.64|0.10
188043|20358.72|0.02
141195|21015.23|0.01
69288|10058.24|0.10
120747|67174.12|0.05
6169|9676.44|0.04
115091|55304.50|0.02
192479|31429.40|0.06
89438|45677.76|0.03
82210|40535.14|0.06
54068|32705.92|0.00
144717|49327.88|0.10
181467|61938.40|0.07
138728|42401.28|0.04
47961|3817.92|0.03
103285|51531.20|0.08
156019|37625.35|0.00
24510|44469.81|0.06
11126|36299.20|0.02
89192|56697.12|0.02
95522|7587.60|0.00
57317|59892.57|0.00
136373|25368.66|0.08
196933|42628.53|0.05
75587|45314.82|0.10
10152|46734.60|0.08
25097|1022.09|0.10
12814|32809.39|0.09
141495|69142.05|0.10
158811|67313.16|0.05
39894|67853.93|0.01
17426|48363.12|0.07
44083|51354.00|0.02
155713|24761.94|0.02
139570|20924.41|0.04
2661|35964.18|0.01
181525|78719.48|0.05
149194|34809.32|0.08
46546|11940.32|0.02
90440|5721.76|0.01
112147|10432.26|0.08
121462|5933.84|0.07
5707|66120.70|0.08
54417|23313.97|0.06
196658|84223.20|0.03
4887|80634.60|0.01
99920|34558.56|0.02
138671|18806.37|0.01
76246|39111.68|0.00
10524|51642.72|0.01
41541|7412.70|0.00
128814|53441.49|0.04
182553|53973.15|0.04
38720|21563.36|0.02
2014|19236.21|0.02
129312|17437.03|0.02
114808|78380.40|0.04
170245|9206.68|0.08
187930|30268.95|0.09
71824|5387.46|0.03
180007|54350.00|0.08
112322|62713.04|0.09
156464|9122.76|0.04
22658|34774.30|0.06
92053|26126.25|0.01
120910|57927.30|0.02
39055|41750.10|0.08
72910|22594.92|0.04
193207|16902.60|0.05
34215|10342.89|0.03
70432|30853.46|0.00
159298|52934.31|0.10
133507|69322.50|0.02
59775|3469.54|0.09
123330|35186.58|0.07
84437|17057.16|0.01
95724|3439.44|0.01
93179|10549.53|0.10
158370|54278.06|0.04
100190|33325.32|0.04
33483|32579.04|0.03
19350|22848.30|0.08
152516|78425.50|0.01
165746|61599.16|0.09
19465|44302.72|0.01
60012|7776.08|0.03
105348|40600.20|0.01
121443|71757.56|0.08
92572|14081.13|0.05
34911|92295.50|0.07
171977|16391.76|0.08
22019|5646.06|0.09
90979|94558.56|0.10
24234|48645.66|0.05
30630|53061.42|0.01
154411|20515.74|0.08
93025|1018.02|0.07
78068|46026.64|0.06
157289|57890.04|0.08
174671|87283.50|0.03
178541|58303.44|0.04
25840|47677.68|0.01
113373|67932.13|0.10
189463|46573.80|0.10
64772|19104.47|0.10
189545|4903.62|0.04
40541|29630.80|0.08
180854|42566.70|0.06
35886|7287.52|0.08
175494|14125.41|0.02
22918|73636.40|0.05
94451|15899.95|0.06
143236|62682.27|0.04
145440|65359.36|0.03
19862|81965.56|0.07
140281|18497.92|0.02
103769|72683.16|0.10
58523|32593.44|0.05
96090|3258.27|0.05
45856|52253.65|0.04
142937|79197.20|0.02
131655|45539.55|0.02
104619|6494.44|0.10
38535|55994.14|0.02
84683|20012.16|0.08
177527|9627.12|0.09
72075|52353.50|0.05
68611|14216.49|0.08
139836|50647.41|0.05
126457|2966.90|0.08
190154|52254.30|0.03
3523|2853.04|0.04
62428|40322.18|0.06
7410|42157.12|0.01
1941|77403.48|0.02
164664|31115.88|0.05
116270|39874.37|0.10
182421|7517.10|0.02
153794|53585.91|0.03
86578|67276.51|0.09
95660|77816.02|0.08
176727|37878.12|0.10
66158|51710.90|0.03
92135|11271.30|0.07
50790|62668.44|0.06
62288|13753.08|0.08
157025|50854.94|0.06
124078|18735.19|0.07
178495|77101.01|0.05
145328|67292.68|0.09
3203|9955.80|0.06
38370|35325.99|0.09
105821|54804.60|0.05
196454|15504.50|0.05
118794|16315.11|0.07
148161|25392.36|0.04
62218|18883.36|0.07
139386|22806.08|0.03
24744|53399.68|0.02
181821|53278.96|0.07
39817|70272.40|0.02
79257|51922.50|0.09
153980|56951.44|0.00
199558|58014.25|0.07
86157|56014.35|0.08
101984|87383.12|0.03
33115|37731.96|0.06
87017|40160.40|0.08
88014|2004.02|0.10
128123|18417.92|0.02
112936|54570.04|0.06
152097|47112.69|0.10
28232|25525.06|0.05
89275|21492.59|0.05
37962|15199.68|0.10
19420|40182.60|0.10
142035|21540.60|0.01
175276|22971.59|0.03
2040|46159.96|0.00
113109|12343.10|0.04
93156|26430.45|0.00
58692|49520.70|0.04
28325|55146.08|0.05
183488|3142.96|0.02
109746|68473.86|0.10
130359|33344.40|0.10
96240|19779.84|0.03
131062|15302.84|0.02
93380|54935.20|0.04
137755|21513.00|0.01
81126|15499.68|0.01
187849|92968.32|0.03
114040|21080.80|0.06
84431|14154.30|0.01
56812|77827.64|0.06
195404|17992.80|0.01
4413|18443.74|0.04
3430|21334.88|0.10
132910|58287.30|0.04
75080|22156.68|0.10
71325|59630.72|0.09
186409|74770.00|0.01
57729|28674.24|0.09
170998|10344.95|0.00
151286|61514.88|0.10
171402|44202.00|0.03
124025|47205.90|0.06
171816|49083.06|0.04
124429|20347.88|0.08
196967|41279.20|0.06
93443|64639.80|0.01
15589|40623.66|0.04
59103|45670.30|0.02
731|62005.74|0.03
2442|48399.84|0.10
88465|40696.88|0.07
47631|61566.57|0.03
91880|67387.68|0.00
56495|8708.94|0.06
109686|45783.36|0.06
185362|41973.44|0.02
72428|2800.84|0.05
167142|16927.96|0.01
30047|16609.68|0.03
10214|43844.19|0.07
89368|13573.60|0.10
45801|47163.60|0.08
44173|46921.14|0.10
147018|31950.30|0.04
123675|39069.41|0.04
75498|61886.58|0.08
66582|9291.48|0.02
33940|63713.96|0.04
117859|13137.95|0.07
191112|51733.73|0.10
72398|46593.26|0.00
198023|26904.48|0.06
25409|20016.00|0.06
12330|42239.22|0.01
132274|15675.24|0.02
31|5586.18|0.07
54563|22763.40|0.03
192139|28315.99|0.09
136105|45644.00|0.07
49605|15546.00|0.03
165498|57849.13|0.09
195306|33631.20|0.01
12612|16770.71|0.05
93531|21343.42|0.02
112975|93434.59|0.07
193923|64541.44|0.03
130910|15527.28|0.01
39125|11705.32|0.04
158121|43627.44|0.03
50352|20837.60|0.05
139584|21106.54|0.04
161058|10071.45|0.06
186775|26064.78|0.03
172334|7031.65|0.02
8871|19578.57|0.10
161437|5993.72|0.03
4904|34369.10|0.04
37328|44286.20|0.09
5723|79807.28|0.08
192215|43137.93|0.08
54785|8698.90|0.06
135881|53672.64|0.02
30491|25586.82|0.08
162208|38106.00|0.03
86924|19109.20|0.00
94952|27257.30|0.00
66808|35496.00|0.08
95127|40396.32|0.08
115524|18474.24|0.01
36129|12781.44|0.01
93830|72953.20|0.10
104265|2538.52|0.06
63220|29580.50|0.00
47002|18980.00|0.03
127251|17895.50|0.05
157028|23870.44|0.01
180047|27048.96|0.01
141675|13733.36|0.03
50239|4756.92|0.10
182013|6570.06|0.10
162485|24759.68|0.02
162589|37986.34|0.02
82923|34306.56|0.08
122001|34782.00|0.04
93916|78306.31|0.09
9888|21574.56|0.08
77984|11771.88|0.07
51444|25117.92|0.06
180356|12927.15|0.02
43849|59163.72|0.07
51834|58932.39|0.03
104934|52351.11|0.08
115662|58718.10|0.03
195054|36769.60|0.07
112183|31074.68|0.06
62979|40781.37|0.02
45081|14365.12|0.03
49888|73515.20|0.05
38690|37459.87|0.01
63584|20118.54|0.00
78272|50010.80|0.07
81325|37883.28|0.02
23327|8752.24|0.01
49517|4399.53|0.08
46346|6461.70|0.05
82007|13846.00|0.03
28329|33947.64|0.05
92517|30190.20|0.02
64402|39625.60|0.10
50268|57258.22|0.01
41210|36838.72|0.07
56711|45028.17|0.06
161379|54734.06|0.00
112376|45816.21|0.01
84015|15984.16|0.04
184178|59321.99|0.03
183816|79792.02|0.00
185012|32910.30|0.08
19566|17826.72|0.09
63197|34805.70|0.10
39052|1982.10|0.04
126389|9907.66|0.03
81829|30783.94|0.08
89661|42917.16|0.10
168023|25093.46|0.09
157666|10341.96|0.08
46426|1372.42|0.07
60473|20068.58|0.05
32432|23195.31|0.07
102591|41433.34|0.06
41437|33082.32|0.06
59370|33234.25|0.04
105882|24542.44|0.01
192282|59094.04|0.00
141170|60558.50|0.08
36509|27464.50|0.00
38749|77636.04|0.02
155582|27838.86|0.00
80330|7861.98|0.10
156528|61796.28|0.08
50290|40929.57|0.09
9434|6717.15|0.05
154287|20119.20|0.08
127790|69076.02|0.01
197804|39937.80|0.04
63620|74430.14|0.09
32128|10601.20|0.04
187101|58216.90|0.07
106577|45923.53|0.10
139561|35212.32|0.00
115335|52662.87|0.05
74858|42155.55|0.09
43894|62488.26|0.02
138939|77139.27|0.06
86798|30341.43|0.01
169971|81638.80|0.00
144589|29404.44|0.05
72164|36357.12|0.01
46745|20300.88|0.02
77375|4057.11|0.10
4962|20536.56|0.03
197605|59591.00|0.01
92024|27432.54|0.09
137658|5086.95|0.00
31217|27557.04|0.00
177363|1440.36|0.07
7212|3357.63|0.05
40466|67510.08|0.05
30273|24065.40|0.01
99305|58693.50|0.00
174137|49656.33|0.08
147686|8668.40|0.10
100800|57625.60|0.02
184216|36405.88|0.07
154539|17528.83|0.07
164153|6085.75|0.07
132260|32306.50|0.10
161442|22551.60|0.09
160424|40079.34|0.04
153203|15074.40|0.09
74729|57926.48|0.03
98195|17897.85|0.00
158879|52322.49|0.06
168707|40841.10|0.09
10366|63818.00|0.00
47785|3465.56|0.04
184223|43138.26|0.06
51835|14294.64|0.07
129504|41404.50|0.09
22509|61554.50|0.07
14241|30036.24|0.03
52185|17057.70|0.08
96054|21001.00|0.08
176931|80317.20|0.03
112400|21186.00|0.08
23369|32309.00|0.03
132655|15188.85|0.09
31232|18611.68|0.10
97318|48666.47|0.00
103231|51837.66|0.10
109383|65441.86|0.05
159900|76436.10|0.05
38742|70591.08|0.07
5806|66760.20|0.05
190155|12451.50|0.09
11196|3321.57|0.01
49538|40163.31|0.07
194648|22654.32|0.01
33283|48651.20|0.08
186735|20039.03|0.00
57755|37680.50|0.05
172708|51640.30|0.02
61294|36403.41|0.02
178924|82119.72|0.07
183825|40085.22|0.06
80683|63219.84|0.07
22789|53065.18|0.09
121016|48739.47|0.04
76896|33712.02|0.02
61883|71950.32|0.09
98960|56809.84|0.10
182684|30033.56|0.09
152184|50683.38|0.03
76816|73505.21|0.07
174381|68402.86|0.03
67047|6084.24|0.06
53650|9621.90|0.10
75759|31225.50|0.08
173269|41610.06|0.06
90620|72477.90|0.07
105402|52073.80|0.03
52273|61263.50|0.10
164302|2732.60|0.02
21466|48561.10|0.05
69686|34769.28|0.03
98404|44876.80|0.10
152252|23476.50|0.01
150132|46103.07|0.06
80034|45631.35|0.02
68818|60751.54|0.00
15655|23559.75|0.00
32819|49050.68|0.09
197241|41485.44|0.01
142306|49887.10|0.10
53253|34981.25|0.10
63914|84505.95|0.04
161799|14886.32|0.06
148113|52249.95|0.04
26267|1193.26|0.01
12196|16622.85|0.00
63273|55632.15|0.06
9941|5552.82|0.02
182115|32321.97|0.10
15816|24245.34|0.04
164898|33369.13|0.07
53045|15968.64|0.07
182352|68848.80|0.00
27349|63817.00|0.02
145280|15903.36|0.02
174736|86915.04|0.02
46339|21850.61|0.08
139117|17341.65|0.03
177695|1772.69|0.07
85398|19367.46|0.01
211|15556.94|0.00
179509|63540.00|0.07
184586|33411.60|0.03
178329|4221.96|0.02
106495|49549.17|0.08
100077|50622.29|0.05
173305|16539.60|0.08
183230|6566.15|0.02
166143|19346.24|0.07
52472|65525.62|0.06
155101|55492.80|0.08
107929|38738.40|0.08
27555|4447.65|0.08
17876|34083.53|0.08
26686|12901.44|0.07
73232|4820.92|0.05
145132|1177.13|0.02
9901|54327.00|0.02
198442|29268.36|0.05
183353|37345.10|0.00
135025|32860.62|0.00
75845|29133.44|0.02
105182|36802.58|0.07
51031|6874.21|0.01
113280|16812.64|0.06
80662|16426.60|0.09
149025|30072.56|0.05
197323|49711.20|0.02
10041|37090.56|0.05
72494|23463.84|0.08
67835|39662.26|0.01
98643|45965.92|0.03
122154|35284.50|0.00
139897|17432.01|0.05
11500|45168.00|0.00
193574|76708.22|0.02
78577|56000.52|0.03
163240|14335.64|0.10
51841|34063.96|0.07
92053|29261.40|0.07
16762|38611.48|0.10
54015|37791.39|0.06
52714|80002.08|0.04
135755|53722.50|0.08
75005|19600.00|0.06
69944|36364.86|0.05
157473|15304.70|0.00
33985|51812.46|0.09
83102|28212.60|0.03
81662|49309.80|0.02
49923|80535.56|0.00
124714|39990.33|0.00
152436|32745.46|0.08
110948|21548.34|0.06
101473|14744.70|0.02
44674|37229.41|0.01
30957|56638.50|0.01
79976|72370.89|0.05
165233|49332.74|0.08
67854|78339.55|0.05
187864|68315.10|0.08
170221|32280.50|0.06
145243|23188.32|0.05
79614|1593.61|0.00
46119|39409.07|0.03
162753|49025.25|0.03
124815|12878.67|0.06
185536|24322.95|0.02
136620|49698.60|0.09
177963|85720.32|0.03
52714|23333.94|0.03
100685|33713.60|0.03
122327|63418.04|0.07
68819|78663.64|0.08
20927|44350.08|0.05
3558|42384.95|0.00
96517|6054.04|0.10
75986|56897.42|0.08
116810|56631.11|0.02
54500|30544.50|0.05
110059|2138.10|0.09
163755|58200.00|0.09
17813|41539.44|0.03
109958|59038.50|0.03
28392|1320.39|0.09
91736|6910.92|0.02
20743|46584.72|0.05
21928|35148.48|0.03
122029|32581.62|0.03
148740|23253.62|0.07
163794|85458.34|0.06
132658|76079.25|0.06
177540|69554.22|0.03
19424|48363.12|0.05
146055|7707.35|0.08
10195|15472.66|0.07
165321|51293.84|0.00
57740|73002.82|0.05
149760|7239.04|0.01
158152|42355.25|0.07
36111|10471.10|0.08
1682|9502.08|0.00
69687|72893.92|0.01
197019|8928.08|0.06
17389|28740.36|0.10
12949|42824.62|0.02
68207|14102.40|0.08
62347|45826.90|0.10
40333|14006.63|0.04
20653|75535.20|0.07
54584|46157.40|0.09
69430|33586.32|0.03
118408|65614.40|0.09
16419|16024.92|0.03
9452|10891.60|0.08
81666|80735.34|0.04
71921|26500.88|0.06
169321|54222.48|0.04
8229|6823.32|0.04
25714|34433.91|0.10
114105|4476.40|0.07
168397|13188.51|0.05
172667|17396.60|0.01
75212|40365.14|0.04
34334|58343.18|0.03
13736|51141.63|0.03
180617|20371.32|0.04
39240|30660.24|0.08
153036|42472.17|0.09
138585|68190.36|0.00
160647|58059.76|0.05
144214|15098.52|0.03
34954|52890.60|0.01
68020|16796.34|0.06
182502|9507.00|0.05
15944|89277.12|0.06
49000|21827.00|0.09
142867|66845.10|0.08
17441|10867.52|0.08
160429|64045.06|0.09
164647|22251.32|0.07
85604|68352.80|0.02
134206|54568.80|0.02
6163|14968.24|0.03
151923|94796.16|0.01
130048|48511.80|0.03
178585|61552.46|0.07
128121|51710.40|0.02
58460|65249.16|0.01
110268|61356.48|0.07
170729|55791.32|0.02
64813|72890.21|0.05
180744|51092.72|0.00
172572|74005.65|0.03
133300|30665.90|0.01
66337|59953.18|0.03
58155|40073.40|0.10
79825|75802.44|0.07
129526|41999.04|0.10
90082|40739.04|0.04
91506|19467.50|0.09
30940|43031.62|0.05
136904|75695.10|0.03
176276|14874.97|0.03
150664|65157.08|0.01
87489|14764.80|0.06
41317|1258.31|0.03
42132|35446.29|0.02
129007|17612.00|0.02
196810|3813.62|0.06
42510|21787.65|0.10
140351|50088.60|0.06
47394|28169.19|0.10
88841|86002.48|0.08
162247|6546.20|0.03
2442|30922.12|0.09
86987|11843.88|0.10
163456|71414.15|0.02
63027|41580.84|0.09
82778|33454.63|0.01
86291|22991.22|0.10
116458|47182.40|0.04
83957|38819.00|0.07
180820|70330.34|0.01
154950|98242.55|0.05
87272|32741.02|0.02
145387|42971.40|0.01
100003|34102.00|0.02
33981|74684.22|0.00
139085|6744.48|0.03
40255|15538.25|0.08
187999|52174.75|0.05
64909|16865.10|0.08
47670|50147.77|0.08
34558|55224.35|0.04
192671|82892.49|0.03
181725|36134.40|0.04
120439|10216.01|0.04
190029|19023.34|0.08
18009|31518.00|0.08
2955|26011.30|0.08
173904|87027.60|0.07
12327|45854.84|0.02
50828|17788.20|0.00
67123|1090.12|0.05
2704|54627.80|0.03
48192|31925.32|0.00
60093|18955.62|0.10
139317|2712.62|0.05
120611|57106.35|0.04
9323|34504.96|0.00
73790|63496.44|0.03
4329|32066.32|0.10
134683|18894.48|0.10
103787|39397.16|0.02
146084|15821.12|0.00
54784|78245.10|0.00
110153|55831.20|0.04
40595|73708.32|0.05
66957|78881.95|0.10
165304|32863.20|0.03
30700|44028.90|0.01
170189|49108.02|0.06
83360|24180.48|0.01
29068|44867.70|0.03
197755|40760.50|0.04
149434|44502.90|0.00
159801|72571.20|0.02
16710|79708.79|0.02
52570|16748.27|0.02
197713|61564.14|0.09
175658|48542.20|0.07
138961|37999.24|0.06
94993|19879.90|0.07
117138|41584.68|0.08
173445|40997.88|0.04
111450|43843.50|0.09
56434|15294.73|0.10
141564|20872.28|0.07
83311|23297.58|0.02
177721|16188.48|0.06
92726|72186.24|0.05
82126|34351.72|0.03
115838|12976.81|0.00
124408|52998.80|0.04
159410|27918.79|0.06
178265|20148.90|0.03
95371|50555.69|0.02
157691|31476.42|0.00
83547|4591.62|0.06
56121|30159.36|0.05
72293|37958.70|0.08
107066|17168.96|0.06
173352|62715.40|0.08
14288|58911.72|0.08
137136|5865.65|0.02
138730|63674.28|0.07
185602|32064.40|0.02
2405|2614.80|0.00
84916|5702.73|0.06
84994|15831.92|0.10
91343|20015.10|0.00
22509|17178.00|0.01
143527|59679.76|0.06
85928|32536.64|0.09
25912|40434.02|0.03
195655|64774.05|0.02
83644|16276.40|0.02
95020|35525.70|0.01
123790|16324.11|0.08
104250|35119.00|0.03
72428|22406.72|0.09
128069|39494.16|0.09
153548|14413.86|0.09
58659|64706.00|0.09
21864|30359.62|0.04
33463|46083.18|0.00
96962|9794.80|0.03
26965|1891.96|0.06
10297|9658.32|0.08
179909|61655.90|0.10
142402|44776.40|0.03
12414|6632.05|0.07
26418|29577.02|0.05
19780|52693.18|0.08
25263|30894.76|0.07
115141|35840.34|0.05
95031|30780.90|0.09
28244|4688.96|0.04
185954|61198.50|0.02
117202|60960.00|0.04
170768|68034.12|0.08
173918|75692.58|0.07
15292|44669.73|0.01
41531|66263.85|0.00
96963|43119.12|0.00
35526|1461.52|0.04
128097|5625.45|0.07
110760|37185.96|0.00
22604|71750.20|0.10
190857|42852.70|0.02
181964|61378.80|0.08
11997|9544.95|0.02
82581|18762.96|0.07
69778|13982.16|0.06
173956|58868.55|0.03
4596|10504.13|0.10
15406|21142.40|0.00
189491|67961.07|0.08
106878|65970.45|0.02
54029|18677.38|0.05
145259|28693.50|0.01
27871|71954.80|0.03
1470|9600.29|0.02
96542|20001.02|0.01
94623|61469.56|0.07
162547|75648.38|0.09
5433|57552.49|0.01
97720|49813.88|0.06
146485|7657.40|0.03
170516|63460.40|0.09
38111|46160.84|0.06
11069|6860.42|0.02
679|61607.13|0.05
147018|41535.39|0.02
59447|50631.84|0.04
81256|61862.50|0.02
114010|15360.15|0.07
33242|1175.24|0.07
24422|29621.24|0.03
31691|25963.04|0.01
41553|4483.65|0.09
168749|69074.12|0.09
175762|75348.16|0.00
198435|72071.21|0.06
133699|64109.53|0.04
140542|55388.90|0.06
198123|45181.44|0.02
11177|25027.91|0.01
122426|10138.94|0.08
147817|89510.88|0.08
133617|19807.32|0.08
126114|19381.87|0.08
93571|45372.53|0.09
130168|53917.20|0.09
111722|6934.88|0.06
92511|73671.99|0.00
13664|9465.96|0.07
87858|38762.85|0.06
190612|76617.45|0.10
130034|50009.41|0.08
161224|55264.46|0.01
5835|27853.28|0.04
61916|5633.73|0.04
143017|42400.40|0.02
30573|54128.52|0.08
186322|9858.24|0.06
88879|24282.31|0.07
95744|15657.66|0.09
42676|46941.43|0.09
35053|16796.85|0.09
85768|78919.20|0.08
62741|35778.54|0.00
8232|15963.22|0.08
160211|43221.14|0.05
141945|9934.70|0.06
46127|5365.60|0.01
199329|59989.44|0.05
98148|26361.22|0.05
57295|36316.41|0.08
170964|50874.00|0.06
180278|14940.97|0.05
68560|13757.04|0.09
112052|2128.10|0.02
67075|26051.75|0.05
119586|9633.48|0.03
108482|35771.52|0.06
89653|9855.90|0.03
37276|59450.23|0.02
116445|29228.80|0.07
128208|49448.00|0.01
47551|26973.90|0.01
84579|73487.79|0.08
184016|26400.24|0.08
30549|47345.28|0.02
91027|26468.52|0.10
65947|32519.98|0.05
99472|66216.15|0.02
172991|90815.56|0.08
59349|48408.58|0.03
683|55428.80|0.04
180000|2160.00|0.00
85217|60110.50|0.05
56136|50237.98|0.04
145825|9354.10|0.01
160095|2310.18|0.05
179232|10489.84|0.10
105399|28087.80|0.06
67837|37901.43|0.10
118610|45601.08|0.01
30639|70633.35|0.08
57686|13149.44|0.10
173330|4209.99|0.07
37301|14859.60|0.09
173317|6951.55|0.01
188485|33043.08|0.01
190758|61008.75|0.06
79115|8752.88|0.01
142711|45596.46|0.06
64108|53605.00|0.04
65793|58040.07|0.08
168383|33381.74|0.01
3387|23226.84|0.06
66959|90519.65|0.03
4559|60005.55|0.10
198514|37087.73|0.08
77004|18639.00|0.10
28650|37887.60|0.06
78781|65111.86|0.07
101805|9034.00|0.07
156941|59938.20|0.01
103886|1889.88|0.08
115052|25609.20|0.04
101362|27267.20|0.10
45453|29367.45|0.02
140642|40383.36|0.00
157260|34248.76|0.06
77818|57465.92|0.01
87673|41516.75|0.07
158944|28041.16|0.07
187784|82358.32|0.09
72314|2572.62|0.08
58404|53133.60|0.04
138166|12041.60|0.05
10342|8766.38|0.08
59386|6726.90|0.05
130195|28179.37|0.04
57701|14928.30|0.04
66796|59934.86|0.04
81176|35872.27|0.04
121226|24944.40|0.10
171407|25132.80|0.04
28555|35605.20|0.09
83647|63594.96|0.10
32460|9747.22|0.06
75726|32332.68|0.06
190731|85621.31|0.06
107226|44395.92|0.03
46151|10971.50|0.05
144016|49820.47|0.01
6492|29368.29|0.02
129207|18543.00|0.09
77874|59259.84|0.02
150734|24986.22|0.07
47889|11021.28|0.02
145500|55638.00|0.05
68698|20000.28|0.09
56198|19621.23|0.04
63441|66008.68|0.06
153275|53130.80|0.04
68720|65860.08|0.08
166059|33751.50|0.08
10840|47272.68|0.08
36962|34181.28|0.05
198837|23229.96|0.09
164525|25432.32|0.02
106704|70138.70|0.05
102153|48516.30|0.06
6333|19829.28|0.10
46698|36183.18|0.10
21888|47056.88|0.03
158370|21425.55|0.01
115304|32982.50|0.03
3843|54152.04|0.04
150522|77053.48|0.03
28087|26392.08|0.03
34035|43606.35|0.05
125879|59050.97|0.05
89161|56357.84|0.00
140136|8232.91|0.10
188640|6914.56|0.09
79783|19390.58|0.08
158172|41825.78|0.09
56826|73095.62|0.06
95546|24664.64|0.04
55169|50587.20|0.03
29963|24608.48|0.08
63257|24405.00|0.01
71396|53328.21|0.10
25967|9464.80|0.07
28803|1731.80|0.10
38529|48428.16|0.01
162833|81520.69|0.08
139531|67532.79|0.02
53415|67052.09|0.08
91277|6341.35|0.07
164729|17937.20|0.09
30603|50608.80|0.05
110771|73052.57|0.06
69668|70419.38|0.08
136963|57998.84|0.08
7698|30508.11|0.01
20906|31057.30|0.08
70073|36507.45|0.10
87710|57722.14|0.06
99601|62423.40|0.03
24915|44157.84|0.04
2571|73678.50|0.09
3562|1465.56|0.02
167606|6694.40|0.00
18284|22843.32|0.08
186946|65054.08|0.04
35557|40298.85|0.05
171895|5900.67|0.06
25612|33827.42|0.07
70103|11804.10|0.05
19313|60383.19|0.07
175265|2680.52|0.02
142008|52500.00|0.07
102430|60162.06|0.03
85433|42552.90|0.04
186462|60389.94|0.07
87773|24650.78|0.04
117247|3792.72|0.07
51971|32690.49|0.06
174229|13032.20|0.06
166866|21261.46|0.04
57485|41831.92|0.04
73687|74730.60|0.05
171169|54567.04|0.03
75212|43926.77|0.04
109087|53707.92|0.03
160652|82207.20|0.04
44972|61343.04|0.07
44138|8657.04|0.08
114695|11967.83|0.03
84949|21273.34|0.05
194424|47071.02|0.04
181735|67219.01|0.03
140217|20115.36|0.01
88404|50126.40|0.00
131134|57091.37|0.09
16819|29508.77|0.02
7302|10883.70|0.00
42409|35136.40|0.01
18973|39731.37|0.04
104087|7637.56|0.07
167896|60880.59|0.04
63857|40058.70|0.08
93441|25819.92|0.05
57038|21890.66|0.09
103975|41558.37|0.10
131451|17789.40|0.04
11514|55594.89|0.05
35554|72987.95|0.07
180656|53836.15|0.07
169280|20239.20|0.07
81424|64649.32|0.01
178895|15791.12|0.01
9071|34302.45|0.05
55902|29726.40|0.02
42514|27673.69|0.10
96582|50514.56|0.03
190128|53597.28|0.08
100366|43723.52|0.04
131939|61098.83|0.00
135625|44836.74|0.05
164088|55299.84|0.07
164910|49372.75|0.03
88340|21253.44|0.01
43710|44650.17|0.00
137259|22036.25|0.10
144179|55042.65|0.07
190810|32313.77|0.01
33270|1203.27|0.10
145213|22647.78|0.06
116144|56846.86|0.02
184809|70070.60|0.08
69855|49270.95|0.00
67350|14490.85|0.08
20590|67976.55|0.07
50|22801.20|0.03
75826|1801.82|0.00
142161|26469.52|0.03
89056|34486.65|0.07
174238|3936.69|0.01
62076|8304.56|0.01
68603|26717.20|0.01
50115|36213.74|0.09
47611|29613.59|0.06
135829|22377.84|0.03
35781|10300.68|0.07
178475|38836.75|0.00
40513|5814.04|0.07
140885|67405.80|0.02
121077|19765.26|0.05
58076|44465.01|0.00
83305|48955.40|0.06
103151|20774.70|0.08
175837|53559.24|0.02
46132|33422.03|0.07
138183|59837.82|0.01
23770|6775.08|0.10
90043|15495.60|0.04
196443|23091.60|0.06
172315|16647.72|0.05
49967|21086.56|0.02
45539|14845.30|0.05
30084|31436.48|0.03
2266|3504.78|0.09
58986|36954.62|0.02
41264|2410.52|0.10
125937|11777.58|0.07
127408|45932.80|0.05
56307|27792.60|0.02
51562|33298.32|0.04
48718|75001.95|0.07
82175|23143.40|0.09
5570|2951.14|0.04
63807|24791.20|0.08
85758|24412.50|0.00
97962|15679.68|0.04
22096|31560.79|0.10
117154|12882.65|0.10
23935|81792.92|0.00
58852|47082.10|0.01
102086|44611.28|0.08
199734|34840.87|0.02
199981|52024.50|0.08
22642|73538.08|0.08
167289|44757.24|0.01
94301|6476.50|0.10
99555|32645.55|0.08
188683|54922.08|0.10
26203|38392.80|0.04
198844|66056.56|0.01
131326|55650.12|0.03
62319|52533.71|0.00
41743|32010.06|0.01
153222|8926.54|0.00
82887|76665.08|0.01
152204|30148.80|0.03
38013|30432.32|0.07
7144|24176.22|0.08
79022|14014.28|0.04
123563|30144.64|0.07
13157|17122.40|0.01
192032|25852.69|0.02
130795|9128.95|0.07
25389|36802.64|0.03
98705|5111.10|0.07
13754|53368.00|0.06
138501|50803.50|0.06
143104|30971.70|0.01
109071|30241.96|0.00
144213|7543.26|0.06
42103|21947.10|0.01
114572|60289.66|0.10
108434|33175.89|0.04
199740|29435.84|0.07
13803|36052.80|0.06
72640|41928.64|0.07
62917|16919.19|0.10
54510|8787.06|0.09
73624|23964.30|0.02
80990|57158.71|0.01
63652|59779.05|0.07
116765|21381.12|0.07
99447|69429.12|0.00
166117|35493.30|0.10
160292|36511.83|0.05
60152|5560.75|0.07
136767|19841.36|0.01
105692|83186.81|0.01
75596|47147.70|0.01
187069|43930.28|0.00
145689|52040.40|0.06
179422|21019.88|0.02
199532|9789.18|0.06
195352|13026.15|0.09
13891|70390.71|0.05
65664|4888.98|0.10
32212|16018.94|0.05
59966|82816.28|0.01
182697|14237.52|0.07
17597|12116.72|0.09
17281|3594.84|0.04
74411|51260.17|0.06
165671|1736.67|0.10
121094|46833.78|0.06
148967|60478.80|0.03
92017|41369.41|0.05
9307|20677.10|0.10
33904|5513.70|0.09
94072|21321.40|0.06
154829|64049.88|0.02
80678|26538.72|0.08
126246|54706.32|0.08
187864|87833.70|0.08
55248|10829.16|0.09
7853|8804.25|0.08
137821|70635.16|0.01
174494|42349.23|0.05
174608|77399.60|0.04
9824|1733.82|0.04
156470|24423.52|0.04
167253|14522.75|0.01
154666|30971.88|0.03
8095|41126.69|0.07
122952|23699.40|0.07
4569|36839.00|0.00
78304|56421.20|0.00
190733|9118.65|0.10
15769|10108.56|0.02
131328|36701.64|0.06
154072|51799.22|0.01
173106|27119.30|0.09
96481|44324.40|0.08
57026|48167.98|0.10
154611|11659.27|0.02
146346|41770.20|0.08
167899|11801.34|0.03
186161|14965.92|0.02
141528|76906.48|0.07
69979|68213.95|0.03
195578|30124.26|0.08
1714|1615.71|0.00
38215|48434.82|0.09
163509|28305.00|0.00
42768|80405.72|0.09
42806|36724.80|0.02
141100|53631.70|0.00
27285|41217.52|0.02
184237|34351.98|0.00
2911|47161.66|0.04
188060|27553.44|0.10
103003|20120.00|0.07
65691|53014.08|0.00
162701|79366.50|0.08
116439|36385.75|0.09
120878|51269.49|0.09
170551|63240.45|0.01
47538|22282.95|0.10
124813|34918.39|0.02
9125|33091.84|0.09
75183|16214.52|0.06
78927|83860.48|0.00
4744|4946.22|0.10
112511|31993.71|0.05
105968|17765.64|0.07
37599|27658.62|0.01
96855|11111.10|0.05
128925|48848.00|0.05
161728|8948.60|0.00
105293|58423.05|0.05
123059|34625.60|0.05
94361|46082.24|0.03
124344|47891.90|0.01
103200|44518.40|0.00
66382|51238.44|0.03
132192|30604.75|0.06
177793|1870.79|0.09
14193|14393.47|0.06
49365|13143.60|0.05
97964|9809.80|0.01
52500|58100.00|0.00
174236|45858.05|0.06
34667|33634.86|0.03
125252|51090.00|0.03
162916|37599.29|0.09
26592|60743.60|0.06
188619|58058.74|0.07
20703|58453.20|0.02
129676|17056.70|0.04
14271|35558.10|0.05
49517|38129.26|0.06
198850|56516.65|0.04
119090|35490.88|0.06
121555|56755.80|0.00
129278|18301.78|0.00
67193|17402.85|0.01
149673|84410.83|0.08
143759|30646.75|0.01
70518|40189.77|0.06
197227|29132.84|0.08
123486|37737.00|0.02
94542|12292.32|0.05
34962|92951.04|0.00
59896|57532.59|0.01
168622|82840.38|0.01
177736|65294.28|0.08
3661|70409.70|0.10
88489|59099.20|0.04
14472|47139.98|0.00
23331|45155.88|0.03
86279|21509.59|0.04
117023|4160.08|0.08
1212|34509.51|0.07
170134|49369.33|0.10
118068|18463.02|0.09
198269|39650.54|0.03
194382|54626.06|0.04
134385|66710.86|0.07
92425|9921.94|0.04
150062|32249.74|0.09
160143|28875.36|0.03
106382|62477.10|0.10
47087|39295.04|0.02
52713|54968.43|0.01
66438|29493.03|0.03
11205|44648.00|0.10
70063|11363.66|0.07
95099|40481.33|0.00
163172|51877.14|0.05
106207|41248.80|0.05
172975|71678.95|0.05
147574|58376.52|0.05
41919|44661.84|0.01
9081|11880.96|0.04
122082|8832.64|0.03
163609|10035.60|0.04
111142|51891.30|0.10
60033|10923.33|0.03
63884|38805.48|0.05
37840|8889.20|0.09
155873|48221.75|0.04
91004|24875.00|0.10
23981|7619.92|0.02
139505|72591.50|0.06
117886|26654.32|0.07
72966|46535.04|0.04
76381|58367.34|0.06
167242|40586.44|0.03
177866|79698.26|0.02
56164|15682.24|0.00
29373|18233.18|0.04
136049|6510.24|0.02
25990|63227.67|0.06
123058|3243.15|0.10
36926|89420.16|0.05
161361|27024.84|0.02
110600|37043.80|0.10
87671|46442.76|0.08
105937|19429.30|0.02
88896|28273.35|0.00
44238|1182.23|0.00
98868|61606.38|0.01
60383|64482.24|0.05
3675|56832.12|0.00
114560|18894.72|0.00
44956|38019.00|0.10
112045|28540.08|0.02
97343|44231.22|0.10
104725|15567.48|0.04
169208|53642.40|0.09
187317|42129.30|0.10
77199|35285.70|0.05
87621|78822.38|0.08
199677|30203.39|0.01
163305|32839.20|0.02
185976|30929.55|0.10
94294|25765.80|0.10
22581|48114.56|0.08
169464|38336.50|0.10
145340|5541.36|0.03
91351|46982.25|0.05
12704|11316.90|0.08
18951|28049.25|0.09
166254|11882.25|0.03
56100|25346.40|0.09
90539|47415.43|0.03
139582|79457.42|0.03
158471|27530.46|0.02
70335|16969.29|0.09
29962|24595.48|0.10
194977|37295.46|0.09
32471|42104.10|0.09
190625|84065.38|0.07
123486|12075.84|0.06
62908|82319.60|0.05
60227|52237.68|0.07
174342|18412.42|0.06
190504|79725.00|0.07
102065|29877.68|0.10
93912|3811.82|0.07
190581|60176.88|0.05
166226|21967.74|0.03
167384|18867.94|0.05
21929|64782.20|0.05
29381|65519.00|0.03
107809|87206.40|0.05
59362|35676.72|0.05
31049|7840.32|0.01
101281|53855.76|0.03
16037|9530.30|0.01
58831|55484.73|0.09
31908|38637.90|0.08
33885|67298.56|0.07
191478|7847.35|0.09
115205|51248.40|0.02
89120|26618.88|0.09
53380|33334.50|0.03
78973|91742.59|0.03
23409|43969.20|0.04
81458|53259.65|0.04
137886|82726.84|0.05
20639|38990.75|0.09
195560|26488.96|0.05
133413|30374.61|0.03
130994|20249.90|0.04
99668|16676.60|0.05
24181|33155.40|0.09
144101|40078.50|0.05
175308|27666.00|0.04
72810|14262.48|0.08
193668|26424.90|0.10
177118|33463.08|0.00
197839|19368.30|0.05
123720|22668.36|0.10
178496|18893.88|0.05
150301|5405.20|0.06
173747|43697.76|0.02
50213|15121.73|0.03
38022|46080.96|0.04
184433|9104.58|0.07
74860|18348.60|0.03
92350|20135.25|0.06
141924|27522.88|0.09
52473|51316.92|0.01
190053|50294.20|0.04
58722|60505.92|0.08
107048|32706.24|0.03
104600|40115.00|0.01
185855|17467.65|0.04
75870|18458.70|0.02
159074|6798.42|0.10
138508|37116.00|0.06
54969|71186.52|0.07
137648|52254.84|0.02
64277|31031.75|0.06
93587|56900.88|0.06
10919|86005.77|0.06
132356|40262.15|0.03
55252|25352.25|0.10
159081|29642.08|0.04
66876|16585.83|0.08
70459|27159.55|0.07
163456|63816.90|0.04
141902|54429.20|0.03
41152|38260.25|0.02
48772|13766.16|0.04
128689|70424.88|0.05
99374|52188.06|0.00
31871|1802.87|0.07
47696|49310.70|0.00
23709|44082.90|0.02
53377|19955.55|0.10
26669|62230.74|0.09
11340|33786.18|0.07
22382|40435.78|0.02
153271|63564.96|0.04
187669|21079.92|0.08
15257|23445.00|0.04
178254|57286.75|0.03
13922|31210.64|0.05
171601|45160.20|0.03
75755|41538.00|0.03
15873|39355.14|0.00
91363|29795.92|0.02
138858|56905.50|0.04
190721|30799.24|0.04
18294|50916.18|0.06
66324|16774.16|0.06
14678|33446.07|0.02
101315|17112.03|0.02
192443|29173.36|0.07
230|50860.35|0.08
167235|15626.76|0.09
59519|19220.63|0.01
154164|29235.84|0.03
185438|36562.32|0.02
84471|24742.99|0.06
20496|55243.11|0.07
77305|14105.30|0.02
115688|80072.96|0.07
109286|5181.12|0.01
55114|36349.74|0.10
138300|46840.50|0.04
114478|32834.34|0.10
168782|38866.38|0.08
77331|2616.66|0.10
42561|46610.36|0.06
161858|36477.15|0.07
99934|50282.18|0.09
149768|49079.52|0.06
109332|17437.29|0.05
115451|29329.00|0.03
129814|29500.96|0.05
141915|11741.46|0.06
54808|88140.00|0.10
72855|84081.10|0.02
147760|10846.56|0.02
195553|28025.35|0.07
177611|23640.54|0.09
122443|19050.72|0.08
103890|43559.47|0.06
8328|56870.72|0.00
56555|10580.85|0.10
63123|53219.88|0.05
134422|36410.50|0.05
168067|47672.52|0.10
79288|54493.04|0.08
187818|89573.07|0.10
111546|71646.84|0.02
74794|47757.33|0.03
115956|80849.95|0.00
67835|1802.83|0.01
160119|56597.28|0.09
146712|52761.30|0.00
4518|18492.63|0.04
9026|40205.86|0.09
111227|8667.54|0.03
183374|40806.36|0.02
164046|2220.08|0.00
48886|73395.20|0.09
83264|12472.60|0.05
133958|87645.80|0.08
182277|67963.50|0.07
58717|30162.78|0.00
8289|56272.16|0.03
32840|83323.48|0.05
84860|68259.82|0.02
81686|80048.64|0.08
194764|13011.32|0.10
24582|4519.74|0.10
44132|20446.47|0.08
44434|62029.35|0.06
185195|21763.23|0.01
160856|44087.55|0.07
98536|21483.42|0.04
134114|32147.08|0.08
193597|21977.67|0.10
78439|29766.03|0.04
27257|9474.00|0.00
142662|83528.34|0.06
21210|46379.61|0.05
150771|51009.56|0.10
191713|50531.88|0.04
21824|82053.54|0.03
87885|43076.24|0.03
148416|49789.94|0.06
21584|3011.16|0.01
187554|67303.55|0.08
117880|74017.32|0.05
88780|14150.24|0.07
113924|75578.88|0.02
116326|49665.84|0.01
37880|63625.80|0.09
59198|5785.95|0.01
182580|43227.08|0.03
74393|64267.33|0.00
46843|87702.16|0.06
117094|9999.81|0.00
43358|5205.40|0.04
133650|65662.35|0.06
124852|76950.85|0.07
187599|70836.78|0.10
164210|3822.63|0.01
61026|48363.98|0.06
112029|18738.36|0.04
83728|22252.36|0.02
5910|81715.95|0.10
197108|44588.70|0.08
73885|42754.24|0.07
91031|31682.93|0.06
116567|69676.64|0.04
58946|55243.26|0.01
120107|5635.50|0.00
105344|44528.22|0.06
112551|7817.75|0.01
192467|9356.76|0.01
108838|83107.35|0.10
171081|43779.04|0.03
1860|47570.22|0.07
93329|56859.76|0.10
158197|60249.12|0.08
33456|20841.75|0.07
858|56283.20|0.08
155977|73186.92|0.09
11468|52419.48|0.09
188725|83431.12|0.08
137348|13853.40|0.01
85414|62973.45|0.03
47836|39244.26|0.04
176023|53851.98|0.08
178854|7731.40|0.01
197088|14220.96|0.05
2759|38220.25|0.01
76593|1569.59|0.09
162102|43071.70|0.09
38006|39648.00|0.10
112077|40295.59|0.07
35829|51179.78|0.06
128334|39507.57|0.07
136034|40661.14|0.00
147120|50186.16|0.04
127102|42905.80|0.07
23790|6855.16|0.09
151722|58532.76|0.03
73593|9399.54|0.10
147907|9774.50|0.07
150050|12100.55|0.00
102284|37302.12|0.08
143465|45253.80|0.09
3957|89325.60|0.06
141237|34512.21|0.01
137703|67887.30|0.02
98361|33984.00|0.03
163934|11987.58|0.04
140726|49468.16|0.01
179515|35079.22|0.06
81391|54895.60|0.05
21194|22303.80|0.03
159357|41074.15|0.09
182811|18938.10|0.09
161179|19842.72|0.07
104742|62882.64|0.00
37090|24650.16|0.09
119120|14808.56|0.09
117180|58661.82|0.05
35953|45334.80|0.06
59186|40081.30|0.08
23242|12817.64|0.03
22334|3768.99|0.03
192520|54825.68|0.02
83640|12989.12|0.02
9257|12828.75|0.02
129324|31126.36|0.10
22585|30151.60|0.02
172469|29287.74|0.05
50728|75542.40|0.05
25606|29100.40|0.03
38969|13355.72|0.08
106970|77101.83|0.03
10071|24526.75|0.00
103954|82233.90|0.04
107454|54073.65|0.04
113749|75797.82|0.09
30639|9417.78|0.10
69119|17409.76|0.03
175272|33681.75|0.02
67167|51037.20|0.01
21101|32707.20|0.03
127998|2025.99|0.09
78377|59636.28|0.04
65605|61253.40|0.01
121238|3777.69|0.07
176071|35559.17|0.03
76016|3968.04|0.10
199760|72530.64|0.05
101934|1935.93|0.08
37335|8906.31|0.09
137371|30984.14|0.05
98303|42942.90|0.09
59250|21766.50|0.01
74722|44114.72|0.01
84909|68180.40|0.02
146551|47926.50|0.07
180029|41033.74|0.09
43353|42779.55|0.04
168669|3475.32|0.09
28740|38381.02|0.10
190060|18400.96|0.00
101332|58666.52|0.04
31773|83533.73|0.07
169412|39998.07|0.04
178001|17264.00|0.09
174804|31939.60|0.09
121049|40661.52|0.06
73038|30330.90|0.04
86931|26851.02|0.00
174135|12091.30|0.07
45032|4885.15|0.01
89725|25720.80|0.07
170050|11200.50|0.00
1505|59073.00|0.02
112125|26153.76|0.07
124753|58665.75|0.06
197323|42609.60|0.05
73614|57153.96|0.07
29128|41227.68|0.06
187937|93146.78|0.10
159517|3153.02|0.01
42568|72506.88|0.03
191099|48793.69|0.09
126055|2162.10|0.05
125711|13893.68|0.08
65839|84827.01|0.02
176311|66590.88|0.03
161853|40211.85|0.08
100435|34450.32|0.09
196014|18870.17|0.06
122162|56839.68|0.08
160498|26494.33|0.07
154740|37689.54|0.02
4662|48566.46|0.10
128207|54348.80|0.04
34025|13426.28|0.10
49763|61659.36|0.04
131885|88176.48|0.08
22613|73709.28|0.02
10386|3889.14|0.00
87466|40696.88|0.05
137451|56561.10|0.09
63825|59031.06|0.03
117272|34810.29|0.08
49261|3630.78|0.04
53522|20657.28|0.03
96861|66882.96|0.01
78928|83904.48|0.05
91241|33270.48|0.03
93855|29581.60|0.07
58161|20144.88|0.07
152415|73370.50|0.06
189733|25518.22|0.10
80763|6975.04|0.07
59233|36959.13|0.06
72836|59691.39|0.03
188853|60197.35|0.00
79483|35099.52|0.08
52588|63163.78|0.07
168526|31890.40|0.01
7005|25536.00|0.07
40235|7051.38|0.06
186783|72921.42|0.05
45443|65256.68|0.07
54555|27171.90|0.08
36220|57811.00|0.06
22168|52327.68|0.10
82797|35595.80|0.09
106235|23583.37|0.08
138944|3965.88|0.09
189005|22974.00|0.07
34279|40037.91|0.03
21671|62114.13|0.08
128018|19874.19|0.05
39685|73110.60|0.03
136332|42418.23|0.08
66145|41112.18|0.00
121388|53556.44|0.10
97464|51151.10|0.03
117744|86325.26|0.03
92589|34794.76|0.02
184698|12478.83|0.02
121363|56758.76|0.04
111354|57344.70|0.03
32922|50082.84|0.06
96268|17699.64|0.01
125222|26191.62|0.04
93853|9234.25|0.10
76349|41085.54|0.07
90572|70315.65|0.02
119289|23549.04|0.09
77979|90020.62|0.06
90966|93934.08|0.09
101639|22968.82|0.03
76756|36387.75|0.04
169551|34031.55|0.04
1952|29663.20|0.09
148585|26137.28|0.02
139837|91964.67|0.02
79483|64349.12|0.05
60487|43424.40|0.01
124380|9830.66|0.09
78009|34545.00|0.00
34090|14337.26|0.07
87317|9130.17|0.07
98197|25098.99|0.02
1111|33399.63|0.04
7534|37479.78|0.05
142309|16215.60|0.04
146921|45262.16|0.06
31921|62999.28|0.07
4689|11155.76|0.04
185518|8017.55|0.09
173908|63420.80|0.01
31809|83558.40|0.09
133615|28026.37|0.09
10496|1406.49|0.08
119747|19434.14|0.04
194895|35818.02|0.04
135992|60839.70|0.05
53734|25315.95|0.05
44334|39628.23|0.09
41555|62855.10|0.03
177893|43359.58|0.09
148793|53411.91|0.02
22440|29973.68|0.05
34730|38288.79|0.03
143994|67253.67|0.02
15182|19749.24|0.00
29745|68664.34|0.09
120441|70149.12|0.07
109418|38540.07|0.07
157043|26400.96|0.09
78470|40557.16|0.05
4450|48760.20|0.03
36927|31686.64|0.08
149431|42932.47|0.06
48051|6993.35|0.08
180443|21328.16|0.06
174847|59577.04|0.07
47860|21694.32|0.07
111487|11987.84|0.06
147975|2022.97|0.04
148347|53022.92|0.02
161004|22365.00|0.09
152719|8858.55|0.06
198385|23734.08|0.10
70737|20492.76|0.08
20383|57348.72|0.04
115271|41160.64|0.02
145779|47444.02|0.00
505|22488.00|0.01
176795|3743.58|0.04
31011|18840.20|0.01
94482|2952.96|0.05
36657|70120.60|0.01
58313|34325.37|0.03
174026|47300.86|0.02
46155|16517.25|0.08
6227|24930.84|0.02
109129|20486.16|0.02
169486|69996.60|0.03
136414|39161.07|0.00
156590|64217.01|0.04
195254|53970.00|0.06
172185|22629.24|0.04
103212|25519.41|0.08
67455|44095.95|0.05
178409|28260.60|0.06
162309|10970.40|0.04
117148|25633.08|0.07
193956|96347.65|0.01
989|3779.96|0.05
5791|35632.59|0.04
164579|54237.81|0.03
65823|69763.98|0.02
33043|42945.76|0.05
142921|92304.24|0.04
82277|46592.99|0.08
70854|31022.45|0.06
119510|9177.06|0.04
24594|56187.83|0.00
18617|16891.71|0.02
118517|47600.81|0.04
130419|15943.51|0.01
161525|17451.72|0.07
19123|14589.68|0.02
173264|2674.52|0.06
3630|23004.45|0.08
130918|33131.47|0.07
147746|73543.34|0.03
38228|45482.58|0.00
14466|53837.94|0.04
93595|42891.93|0.05
189307|19548.20|0.08
184331|11322.64|0.06
102878|84639.15|0.01
194470|18773.64|0.00
160954|4029.90|0.07
29420|62073.32|0.00
165015|42120.39|0.00
87540|47353.74|0.01
64703|30018.60|0.02
116596|19351.08|0.06
73678|44595.09|0.07
86034|23460.69|0.09
138045|23826.88|0.01
22984|26697.72|0.04
81922|87580.32|0.02
2755|46417.00|0.05
176206|50005.80|0.01
167093|32482.52|0.00
138945|7935.76|0.07
138436|4423.29|0.10
20305|42885.50|0.00
186877|82482.54|0.07
99645|4933.92|0.00
123981|42104.58|0.04
174289|55894.48|0.04
32530|52651.08|0.00
186025|13332.24|0.09
140454|4483.35|0.06
93581|50386.56|0.03
139597|8182.95|0.08
181226|20915.52|0.02
160305|51881.40|0.08
153033|38011.05|0.02
129867|62596.38|0.06
101117|31307.08|0.00
178180|26421.78|0.04
25969|79588.32|0.00
179535|12916.24|0.06
80331|27537.93|0.09
39179|13418.04|0.01
33944|71361.72|0.02
788|64173.64|0.06
182820|78015.62|0.10
169835|20953.13|0.01
7761|20025.12|0.07
114516|38262.75|0.10
8704|72571.50|0.01
19902|60122.70|0.10
6556|26325.90|0.07
84142|21396.66|0.00
154175|28270.91|0.01
60871|31141.79|0.10
7186|5465.90|0.06
79701|43698.20|0.07
59071|48413.29|0.05
116886|32348.96|0.08
38677|54932.78|0.09
157434|37285.75|0.10
191258|37779.00|0.06
15927|36858.40|0.03
76965|40781.16|0.05
120451|39729.15|0.04
197086|54421.68|0.01
90728|34374.40|0.05
175723|64753.92|0.05
75693|21692.97|0.04
47311|1258.31|0.08
111894|30494.24|0.06
74139|33393.90|0.01
170268|62898.22|0.04
73106|14028.30|0.02
120696|51500.70|0.10
23859|10697.10|0.07
187980|53767.48|0.10
29263|9538.08|0.09
85136|44845.20|0.06
101675|78803.49|0.01
8897|16253.01|0.09
115724|31314.96|0.04
87312|2598.62|0.10
100717|1717.71|0.02
16118|47569.06|0.00
8051|7672.40|0.05
88658|60926.05|0.08
105452|17489.40|0.02
194023|18989.34|0.00
14985|56999.40|0.06
54704|16587.00|0.00
156290|51159.02|0.05
25306|52945.90|0.01
68359|7964.10|0.08
56348|65217.00|0.09
103590|14342.31|0.04
197807|95240.00|0.02
156945|62060.14|0.07
134237|47035.51|0.00
63570|3067.14|0.03
27988|28739.70|0.00
14912|21922.92|0.10
95399|13943.90|0.07
72914|32077.47|0.10
154104|31268.70|0.10
67315|12823.10|0.09
104890|90954.72|0.04
190344|8606.04|0.00
196749|90441.26|0.09
127880|9539.40|0.02
53716|43412.46|0.09
116133|10342.17|0.09
16579|73282.93|0.02
55962|32605.32|0.06
57326|3849.96|0.03
14936|20360.23|0.06
53168|54936.84|0.03
86149|19297.38|0.02
84154|10243.35|0.04
50998|31183.84|0.10
121363|5537.44|0.09
152215|35481.88|0.09
84975|1959.97|0.04
1561|73128.00|0.01
9308|43822.80|0.10
38791|31136.22|0.01
102689|15225.12|0.02
181751|42153.25|0.06
73234|28973.52|0.09
1446|47160.40|0.06
35593|62672.19|0.07
110954|51088.70|0.08
131896|34702.02|0.05
13823|10420.92|0.05
82181|38384.94|0.02
10989|49399.48|0.00
99023|49056.96|0.05
122457|7397.25|0.09
87127|21168.28|0.06
17749|55002.42|0.10
129469|40458.42|0.09
123338|31310.59|0.09
184407|17896.80|0.03
89364|1353.36|0.01
126732|45726.98|0.02
92076|33110.17|0.00
124474|46452.57|0.00
173167|14881.92|0.06
53236|13081.53|0.05
182461|18521.52|0.02
117664|31951.54|0.02
30225|21949.18|0.06
167411|39917.07|0.04
78536|7572.65|0.08
169364|14333.60|0.00
87508|29910.00|0.06
196971|31019.55|0.00
93400|68276.60|0.07
95182|45910.02|0.05
117671|10132.02|0.02
114429|56293.38|0.09
27851|3557.70|0.05
127258|24419.75|0.08
34698|21224.97|0.01
63408|41142.00|0.05
104138|17131.95|0.05
143689|22524.84|0.06
137008|48070.00|0.07
92722|36009.12|0.08
106689|66131.52|0.02
198228|5304.88|0.08
33680|43569.36|0.05
154185|57002.28|0.09
174818|22713.72|0.09
156354|7051.75|0.05
101959|7843.80|0.06
129307|53452.00|0.09
47140|14132.82|0.03
156151|35007.35|0.01
11032|27347.87|0.05
122572|11161.99|0.01
40012|28560.30|0.03
117555|48749.05|0.09
133438|45614.33|0.10
158807|48510.80|0.10
115966|11891.76|0.01
100823|52890.78|0.05
36623|76421.38|0.04
4607|66510.40|0.00
113027|23920.46|0.06
103437|43212.90|0.08
50150|11001.50|0.09
55776|6927.08|0.06
156731|67933.74|0.04
116437|34882.32|0.10
85523|75426.00|0.01
37881|72755.20|0.01
141934|11855.58|0.08
103209|40002.60|0.09
152362|36773.36|0.04
102811|29020.96|0.03
102485|26774.64|0.08
144782|65764.08|0.07
89514|75175.50|0.07
84453|47435.85|0.01
78298|58709.34|0.03
148312|1360.31|0.05
74578|18630.84|0.03
116533|34089.66|0.01
79532|15115.30|0.04
170808|11272.80|0.06
88673|24925.05|0.04
142938|55466.04|0.10
55006|24986.00|0.08
87747|31225.32|0.05
171580|74321.10|0.01
128460|16373.06|0.01
172877|56546.23|0.01
104436|66259.78|0.01
46749|39002.02|0.10
178886|1964.88|0.00
42388|27937.98|0.05
155030|41231.14|0.08
115305|10562.40|0.04
96287|8982.96|0.03
2494|12568.41|0.06
70955|21185.45|0.09
22354|34461.45|0.05
99942|36896.86|0.04
112553|73580.85|0.10
30378|60185.02|0.03
143742|87501.26|0.01
165789|24112.14|0.04
114794|3617.58|0.00
190026|10044.18|0.07
104607|33843.60|0.04
33841|26622.60|0.09
179120|35973.60|0.09
55854|28957.60|0.07
170786|48276.28|0.01
151041|6552.24|0.09
176374|33358.51|0.07
63446|36645.44|0.09
158652|3421.30|0.08
75573|52651.38|0.06
135827|65198.70|0.00
189420|42263.76|0.03
145352|8384.10|0.03
196007|15442.00|0.08
139479|60738.80|0.07
199977|78924.86|0.09
123659|68988.65|0.02
176420|68835.32|0.07
191312|16839.72|0.10
3667|12565.28|0.00
59345|65217.00|0.07
175650|65574.70|0.02
103960|23567.52|0.09
142861|28557.90|0.03
148239|55350.89|0.06
43725|63411.36|0.07
54248|36067.20|0.06
191975|24803.64|0.10
123074|12067.77|0.06
145402|63685.60|0.01
176033|17744.48|0.06
60208|37382.40|0.01
66354|59415.75|0.09
194139|53024.59|0.01
30578|31679.97|0.00
125678|45999.09|0.09
51863|36297.20|0.08
13709|79512.30|0.10
35379|43374.21|0.05
51915|93345.50|0.09
82822|36096.40|0.03
9451|8162.70|0.06
53141|39389.04|0.05
18743|31573.06|0.05
53371|66218.50|0.05
16106|50082.90|0.05
158653|53061.15|0.10
167137|2408.26|0.06
153004|15855.00|0.00
103874|88259.89|0.01
34104|23876.30|0.02
100865|29853.76|0.04
154551|19266.60|0.07
59038|45863.38|0.06
6053|16303.85|0.08
121034|17935.51|0.00
123529|43470.56|0.09
73405|2756.80|0.02
141977|40379.40|0.03
126921|79864.72|0.03
42921|3727.84|0.08
134237|61019.04|0.07
80128|33243.60|0.04
14459|42576.95|0.09
182006|38080.00|0.06
76494|22057.35|0.04
196589|57309.72|0.08
129554|42755.85|0.07
1962|93198.00|0.05
40359|29885.05|0.01
107184|46456.02|0.08
192134|60080.37|0.09
147269|65813.00|0.08
169192|44141.65|0.00
22953|39394.95|0.02
178048|41663.48|0.09
147470|3034.94|0.05
185247|53289.60|0.08
198519|12940.08|0.04
47583|21428.12|0.00
106007|38494.00|0.10
157857|51700.95|0.04
171827|7595.28|0.05
10321|12313.20|0.08
12202|25626.60|0.07
118353|17827.55|0.04
82142|14613.82|0.02
61423|35994.92|0.05
94397|59829.77|0.00
93740|12136.18|0.03
64423|33298.08|0.04
56593|72830.73|0.00
15591|43691.11|0.01
103682|30342.24|0.03
40109|43013.10|0.00
80397|28925.19|0.00
36188|6745.08|0.09
19728|64261.08|0.08
122657|41991.25|0.07
164277|28166.67|0.01
127109|21585.90|0.07
58072|32962.24|0.07
6234|17103.45|0.03
135144|22403.66|0.08
101889|92653.12|0.06
146091|37523.97|0.01
108047|37981.44|0.02
160464|27440.28|0.09
69903|82407.60|0.07
72050|20441.00|0.01
91161|16130.24|0.05
150732|89136.50|0.08
117015|49536.48|0.02
160813|43097.63|0.08
96417|62190.04|0.09
125995|12125.94|0.07
10076|41414.94|0.09
157904|13733.30|0.09
91935|25050.09|0.05
116510|65639.93|0.10
99607|77116.80|0.01
102052|40053.90|0.01
198399|19466.07|0.03
23512|30145.71|0.06
63247|31466.24|0.01
191857|68209.75|0.10
125752|24888.50|0.01
146420|10264.94|0.02
137940|65272.02|0.03
152905|60694.90|0.02
164255|34300.50|0.00
158804|18628.00|0.10
63807|72602.80|0.10
47256|4813.00|0.08
63606|58075.20|0.01
133951|65503.35|0.04
52485|40249.44|0.04
54118|43956.51|0.06
120714|36428.91|0.09
128590|19423.08|0.03
85432|22678.88|0.00
33142|23653.08|0.07
83299|46162.44|0.03
83737|17207.30|0.09
152163|2430.32|0.07
133608|24624.00|0.09
86674|73069.48|0.03
82956|63985.35|0.00
41495|48840.66|0.04
128471|28489.93|0.07
98393|16696.68|0.07
13640|3107.28|0.01
79902|1881.90|0.07
50098|16769.44|0.10
189092|47243.60|0.02
188213|20819.36|0.01
158350|32392.05|0.10
170945|26207.22|0.04
125106|33933.00|0.10
195717|16314.39|0.01
62421|35968.92|0.03
54135|37030.42|0.08
84465|4348.38|0.07
40243|15382.12|0.08
32537|24982.01|0.04
138712|80532.66|0.08
92983|11855.88|0.01
76317|54319.02|0.06
78905|92311.10|0.06
134728|45830.72|0.05
140430|29408.60|0.09
90931|53814.04|0.06
5889|44872.00|0.00
82652|53943.45|0.02
119410|42882.30|0.09
152167|58519.68|0.00
162969|20319.60|0.01
22980|91343.04|0.06
26942|20558.34|0.03
122110|46416.51|0.01
142694|86834.50|0.10
25822|6991.28|0.01
84544|76427.00|0.02
191457|23226.75|0.07
116917|5801.73|0.07
165999|97054.53|0.07
136387|34161.12|0.00
190461|65161.32|0.07
149443|73129.56|0.01
62244|57899.52|0.02
80500|5922.00|0.01
40637|69415.72|0.01
56876|27493.05|0.01
13898|34425.91|0.06
99051|50402.40|0.02
26575|18018.84|0.08
161847|91624.32|0.05
46835|8909.15|0.05
162226|50240.58|0.02
7924|1831.92|0.07
189394|63785.77|0.05
178807|71660.40|0.10
197181|57518.10|0.04
78712|50721.30|0.02
184612|83133.89|0.04
73548|66947.76|0.01
177770|46194.25|0.06
165491|23347.35|0.09
175108|27211.30|0.10
29467|4189.38|0.05
129560|12716.48|0.04
163771|84399.42|0.10
50323|3819.96|0.00
77796|47892.33|0.05
169122|7146.72|0.06
132310|33557.75|0.08
153238|1291.23|0.06
132385|22678.08|0.07
8379|55356.91|0.05
173411|11875.28|0.05
112788|55824.18|0.08
154385|51817.68|0.07
93837|82387.35|0.01
189683|21272.16|0.01
173262|44063.58|0.03
33639|47178.90|0.01
73952|48148.75|0.01
63795|87939.50|0.04
129206|45702.40|0.07
134699|34673.80|0.10
9338|53635.19|0.08
47166|48979.04|0.03
66284|38758.68|0.05
25925|53676.68|0.01
19362|17939.04|0.06
32487|32648.04|0.06
12351|8843.45|0.04
133348|44202.88|0.08
163345|66191.98|0.04
86846|67815.08|0.07
105605|40265.00|0.10
85960|64216.68|0.07
169506|64595.50|0.07
103580|28504.44|0.04
2719|74598.66|0.00
171837|93532.67|0.09
88264|43829.10|0.01
116814|84217.26|0.00
162622|33692.40|0.02
148590|16385.90|0.02
100945|56432.26|0.10
138262|28605.72|0.10
89347|21381.44|0.01
32693|8128.45|0.08
84910|47372.75|0.03
97515|25712.67|0.07
162536|68736.79|0.01
150748|37773.54|0.10
159612|58506.35|0.06
89213|38470.72|0.08
49050|41960.10|0.06
119715|50306.59|0.07
2737|19676.76|0.09
63742|61406.64|0.00
139603|14783.40|0.03
160422|1482.42|0.10
16310|41694.54|0.05
113426|67652.74|0.03
156652|58094.10|0.03
86255|47167.50|0.06
168526|36673.96|0.10
126057|28159.30|0.10
35394|61151.94|0.08
166915|77294.49|0.01
92389|58017.96|0.04
93326|32983.00|0.00
52090|32304.79|0.00
160416|8858.46|0.10
90227|26778.84|0.01
16191|7750.33|0.03
132951|83325.90|0.07
104456|30669.45|0.01
12641|17090.04|0.07
51323|44601.20|0.00
66319|48841.78|0.08
41711|3305.42|0.03
29157|6516.90|0.08
137491|27512.82|0.04
78371|52625.43|0.06
79230|22975.37|0.09
155212|10137.68|0.06
147089|11360.80|0.10
27708|49071.00|0.06
103847|20359.24|0.03
5822|76024.08|0.05
122963|11915.76|0.03
27684|58020.48|0.05
164393|18946.07|0.04
97731|1728.73|0.00
102528|33671.44|0.09
92893|41489.58|0.09
46704|23109.80|0.09
158170|9825.36|0.10
47443|52836.72|0.02
110808|74570.80|0.07
13593|58757.01|0.08
46533|22192.95|0.06
11699|67648.98|0.08
90239|61461.50|0.03
10012|5532.06|0.02
116001|22374.00|0.08
88331|15831.96|0.00
143604|28009.20|0.10
44357|10410.80|0.03
113129|11421.20|0.09
92708|30612.60|0.08
34854|26832.75|0.09
181979|61829.10|0.03
109406|25477.20|0.08
171081|25345.76|0.00
158421|71012.16|0.00
150862|65037.24|0.05
190138|2456.26|0.07
43197|19383.23|0.05
165527|28665.36|0.07
144989|63053.38|0.00
70093|37208.15|0.10
159073|21509.33|0.03
778|77223.42|0.04
160307|54692.00|0.00
92642|22884.96|0.07
149476|61018.80|0.00
3978|79042.74|0.00
13639|46578.90|0.05
190398|29767.80|0.10
107921|69441.12|0.01
195739|14677.84|0.09
91344|18694.76|0.10
179828|45787.68|0.05
92041|9297.36|0.03
112339|32431.92|0.06
14102|12193.20|0.09
142073|34567.17|0.07
181804|75432.00|0.09
198921|74737.04|0.09
53303|16331.90|0.06
26173|6595.02|0.02
76459|54547.10|0.09
192891|27774.46|0.07
32622|62184.80|0.00
58505|43905.00|0.07
87915|39961.11|0.08
5836|45287.58|0.07
24319|59678.88|0.03
43003|42570.00|0.01
30236|24490.83|0.08
32394|54381.99|0.06
164599|1663.59|0.02
185761|79410.68|0.05
13215|46256.61|0.02
146155|9609.20|0.09
45774|32675.63|0.10
50465|18400.98|0.04
111460|20600.44|0.00
89016|20100.20|0.02
160652|66793.35|0.06
104276|16643.51|0.00
70664|24519.90|0.09
141185|4904.72|0.07
115453|67548.70|0.03
70223|42955.92|0.08
192011|44120.40|0.08
14785|18697.58|0.01
76493|19103.37|0.10
195295|25025.22|0.06
163867|40548.06|0.00
32448|60739.36|0.02
24697|53515.77|0.00
168087|34652.40|0.02
57448|50595.84|0.09
71993|62879.68|0.02
33991|71224.63|0.06
58189|5735.90|0.07
31238|4676.92|0.02
16995|89863.53|0.06
157844|34233.12|0.01
197758|66807.00|0.09
62661|14612.94|0.01
127316|51045.78|0.05
108276|37243.83|0.01
111719|22499.23|0.05
154567|32431.20|0.02
15020|35530.76|0.01
44399|18807.46|0.08
121827|51766.96|0.10
146640|23612.96|0.06
178561|54105.48|0.05
105385|31978.74|0.04
68084|18937.44|0.02
127035|20178.57|0.01
134773|70503.03|0.08
88191|47167.60|0.10
117013|22660.22|0.02
131850|43282.55|0.10
197010|19926.18|0.06
85465|46414.72|0.06
126453|63616.35|0.05
147589|26185.28|0.05
31040|26218.08|0.03
31533|43935.90|0.07
141505|52581.00|0.01
148720|17687.20|0.07
32867|39596.92|0.02
62250|50914.50|0.10
132101|11331.00|0.06
110894|55241.81|0.02
38725|44920.44|0.07
174258|13322.50|0.06
145179|36725.10|0.09
33228|37159.04|0.02
193650|24411.10|0.06
3104|12085.20|0.04
90388|60648.72|0.09
175003|44198.00|0.10
109438|41975.47|0.08
31655|65052.65|0.02
178836|24892.79|0.10
119553|72337.30|0.04
93633|50425.53|0.04
49960|59208.76|0.09
121969|73665.52|0.08
192552|50981.05|0.04
157824|75272.80|0.02
7185|3276.54|0.03
9969|82674.24|0.01
196047|49150.72|0.06
64691|1655.69|0.00
33731|19976.76|0.07
51157|35460.80|0.10
45820|38848.04|0.08
51810|29950.77|0.00
18255|56316.00|0.01
23252|21154.50|0.02
136098|55570.41|0.09
145731|83506.31|0.09
27025|5712.12|0.07
96690|74214.36|0.00
159630|13517.04|0.00
64583|44879.82|0.10
66954|34577.10|0.02
24791|17157.90|0.04
130667|28860.22|0.05
29513|66355.46|0.01
185530|3231.06|0.05
33903|20205.90|0.03
193945|93791.24|0.01
115462|2954.92|0.00
90415|9837.87|0.07
44074|47849.29|0.05
120287|41832.96|0.00
15544|29190.80|0.03
132014|52300.50|0.09
159115|8218.77|0.05
12513|39914.28|0.04
153069|14586.78|0.05
122748|3541.48|0.08
109468|2954.92|0.04
60607|76812.40|0.02
114073|19567.26|0.00
24462|8318.76|0.00
152653|18762.15|0.06
98787|62502.30|0.04
107743|43768.50|0.04
118637|34768.23|0.08
75479|2908.94|0.01
118570|17474.27|0.10
5179|50955.99|0.07
84290|16565.77|0.08
64498|46799.68|0.05
1180|24867.14|0.03
114530|12356.24|0.07
32858|50143.80|0.10
178015|50278.46|0.06
97462|48162.18|0.10
182844|1926.84|0.08
48294|2484.58|0.01
49628|75725.76|0.08
26949|46898.50|0.01
119467|34188.58|0.04
155660|36028.86|0.04
176427|58633.38|0.09
120963|93246.12|0.02
6905|79723.60|0.01
14089|40123.20|0.00
20817|55609.92|0.09
18807|46596.60|0.02
120807|32900.40|0.02
125617|14783.49|0.09
36996|83118.57|0.01
59007|8694.00|0.04
73405|8270.40|0.02
120760|17807.60|0.06
138942|49523.50|0.00
87202|34486.80|0.03
196997|27221.87|0.02
85368|51427.68|0.03
134701|34714.00|0.02
81465|31822.12|0.02
2611|43894.69|0.00
22612|4603.83|0.10
8287|58568.72|0.01
28214|37692.93|0.02
178180|12581.80|0.06
150912|33369.47|0.10
51324|31883.00|0.09
75134|32164.77|0.06
74424|47546.28|0.10
174587|51508.98|0.06
91255|6231.25|0.08
128879|78222.67|0.01
42809|1751.80|0.10
98990|31823.84|0.01
97378|52264.06|0.00
195429|36586.08|0.09
84348|21317.44|0.05
2454|61040.25|0.03
127195|46443.22|0.10
174714|33985.49|0.04
51493|57779.60|0.07
110500|63441.00|0.08
180709|80536.50|0.00
135822|9289.10|0.00
140213|35089.88|0.02
13534|50663.55|0.04
61191|28804.75|0.06
27452|6897.25|0.00
167315|52527.78|0.09
82129|54444.88|0.03
103730|43343.25|0.04
16473|9726.29|0.08
164879|66091.58|0.08
184895|57416.81|0.04
25430|40662.90|0.01
38201|14809.60|0.10
155238|38796.90|0.06
47549|56868.52|0.01
65640|30507.16|0.06
140|27043.64|0.06
115883|37977.60|0.08
20809|34596.00|0.10
41329|53353.44|0.04
163765|67664.12|0.08
184042|50671.80|0.09
136474|10573.29|0.00
52160|45598.56|0.01
41223|45404.58|0.06
126067|39350.16|0.04
175422|23958.72|0.04
50123|24681.76|0.07
155635|1690.63|0.07
118844|72650.76|0.00
170403|5893.60|0.09
158375|7166.85|0.03
134014|4192.04|0.01
174338|55080.87|0.06
83779|77561.88|0.03
193241|4002.72|0.06
6644|34114.08|0.00
3403|37885.60|0.07
59002|46128.00|0.05
144084|23689.68|0.04
185116|21619.98|0.08
14315|57777.57|0.09
140689|81294.96|0.08
140551|63662.00|0.08
13373|32159.25|0.06
28402|37251.20|0.09
44517|70152.48|0.01
136791|49350.33|0.08
198212|45857.35|0.04
94791|85717.92|0.03
143052|16425.75|0.04
157739|79056.12|0.02
113199|44851.03|0.02
143770|52599.33|0.07
48580|33628.76|0.01
164487|76022.52|0.10
92578|20417.41|0.07
7561|66085.20|0.04
136900|75539.10|0.00
145867|15302.88|0.06
60046|44265.76|0.00
52717|33394.20|0.04
136903|42677.80|0.00
123604|60221.20|0.03
6231|10235.07|0.09
185344|35733.50|0.01
62195|55545.12|0.06
52646|67142.88|0.03
6114|34683.74|0.01
17174|26188.08|0.08
62254|32838.75|0.03
184510|43051.77|0.08
53516|14695.10|0.07
142300|34899.80|0.02
37197|11341.90|0.09
62152|24511.30|0.09
131143|18786.24|0.05
154287|1341.28|0.03
131681|42817.00|0.02
186986|80846.22|0.07
108988|45930.54|0.00
124485|6037.92|0.04
127689|22316.84|0.03
94718|11988.97|0.07
157332|5557.32|0.02
85008|24825.00|0.01
173186|15110.16|0.06
88362|18905.04|0.09
54899|77863.38|0.06
20003|29536.00|0.06
164384|5793.52|0.07
9545|11636.32|0.09
59972|61823.04|0.01
48480|38568.96|0.03
187593|36972.98|0.00
176470|49487.04|0.04
165696|10570.14|0.03
159456|59102.55|0.09
171778|88788.96|0.10
52434|4159.29|0.03
54445|6997.20|0.04
189314|28066.20|0.08
197134|54169.72|0.01
64287|45046.08|0.04
70302|63615.00|0.08
167379|66533.02|0.08
70911|31992.47|0.07
86673|48130.43|0.00
111323|65381.68|0.01
66857|20062.35|0.04
63345|20933.44|0.08
164095|4636.36|0.01
125898|61564.48|0.00
6473|27589.40|0.09
102284|2572.56|0.10
55298|16292.77|0.03
15675|73170.82|0.02
45623|32941.02|0.02
25085|15151.20|0.01
2367|15232.32|0.08
153396|43481.70|0.08
100200|9601.60|0.05
6431|56172.06|0.02
13539|14525.30|0.04
148054|48490.20|0.08
24045|28102.16|0.00
134201|24704.00|0.07
169891|5882.67|0.01
113421|40163.76|0.05
55672|11393.69|0.05
5240|12597.64|0.10
3424|58406.48|0.07
12994|43860.77|0.04
181432|36322.32|0.09
35740|11730.18|0.08
159856|80465.70|0.10
177725|73911.52|0.08
107765|30136.92|0.02
89805|46664.80|0.04
94870|93243.50|0.09
123099|51616.14|0.02
103672|13405.36|0.01
98834|60483.39|0.00
126033|50833.44|0.02
3777|28573.09|0.00
77817|75382.02|0.02
193405|17980.80|0.04
78242|57351.28|0.05
103133|36356.16|0.04
151440|58166.16|0.02
22289|32704.56|0.02
18525|24539.84|0.08
131293|39728.70|0.10
152475|53461.45|0.01
176281|28502.88|0.06
25506|54397.00|0.01
136517|18642.12|0.03
82146|36100.48|0.07
174293|38284.12|0.09
142186|61409.00|0.09
4469|67299.54|0.05
189975|80533.83|0.00
50854|77608.55|0.04
162996|57651.72|0.06
27647|14171.76|0.03
76532|33187.66|0.04
35934|16829.37|0.09
110627|27839.54|0.03
150414|70291.68|0.00
52379|19970.55|0.09
178086|39578.72|0.07
137683|72268.56|0.01
12443|33886.00|0.08
182941|68813.96|0.00
64077|5205.35|0.00
113210|59937.29|0.08
106857|31685.45|0.06
193909|10014.50|0.05
95131|7882.91|0.02
134160|29854.00|0.03
167508|3151.00|0.10
69958|46270.80|0.08
84852|60616.05|0.00
152968|94985.12|0.04
80572|38814.25|0.05
47589|52243.72|0.04
37397|25353.41|0.02
152973|36467.46|0.02
153748|64862.64|0.01
39317|38945.61|0.09
89772|5285.31|0.08
35656|73215.90|0.09
588|35725.92|0.04
196799|81518.97|0.02
45578|76178.50|0.07
34964|11393.76|0.01
78327|32633.00|0.08
196265|46282.84|0.06
112471|44504.10|0.01
56358|11829.15|0.01
36966|17126.64|0.02
189155|16173.95|0.07
17892|25338.46|0.00
6403|10475.20|0.05
31969|36118.24|0.04
99893|85180.05|0.05
89570|42108.39|0.10
118596|77500.32|0.01
163452|62133.45|0.10
194594|64166.42|0.00
98423|54013.96|0.07
190991|8327.96|0.05
168786|83465.10|0.03
36712|26379.36|0.01
33505|47470.50|0.01
101886|30206.08|0.00
3543|28930.80|0.04
95143|33006.06|0.03
49179|53023.99|0.09
150075|43877.73|0.10
111131|53680.11|0.10
108303|40650.30|0.10
100546|26291.18|0.06
72625|25561.92|0.09
197974|80806.83|0.07
74036|41411.23|0.02
48030|11736.36|0.07
160766|76723.92|0.06
144624|30035.16|0.00
95660|72849.04|0.08
78474|65361.15|0.02
8921|42088.16|0.07
130136|9329.04|0.00
36456|37596.15|0.09
166248|39427.20|0.05
199313|55080.09|0.07
79138|6702.78|0.02
196537|52272.96|0.07
123535|28053.54|0.03
180044|14612.52|0.04
51122|30047.36|0.03
36367|40404.16|0.00
89372|5445.48|0.01
64922|5660.76|0.02
132912|81686.22|0.03
139644|38723.72|0.09
99883|43306.24|0.00
183815|37976.20|0.02
145621|31665.78|0.02
130248|62633.76|0.07
76659|37619.95|0.08
95445|38891.88|0.03
88377|1365.37|0.04
147434|38517.18|0.08
96961|31327.36|0.06
123456|53260.20|0.07
64056|41822.05|0.04
73963|61982.72|0.10
190584|38515.34|0.03
45140|34724.48|0.06
32309|24826.00|0.06
183233|5264.92|0.03
81128|44364.80|0.01
39447|27728.80|0.06
94578|9435.42|0.05
160851|51619.95|0.05
181533|80726.50|0.00
125017|34386.33|0.09
67466|21501.90|0.02
145907|27340.60|0.02
120579|76779.36|0.04
66204|14042.40|0.10
88727|37745.84|0.06
35308|17406.20|0.01
157394|4354.17|0.06
145304|62067.80|0.06
84993|9889.95|0.03
138411|60875.22|0.02
34382|5265.52|0.00
33950|13187.65|0.07
6410|42125.12|0.01
49112|29711.08|0.02
79982|70631.28|0.06
192283|31631.44|0.09
22960|58371.76|0.08
65025|2970.06|0.09
189625|29148.54|0.10
9925|38533.32|0.00
191181|31804.50|0.05
13002|10065.00|0.09
79842|45546.00|0.07
180808|92551.20|0.02
3298|40843.86|0.08
29015|3776.04|0.00
112305|13173.00|0.05
172812|54659.49|0.10
37655|25482.40|0.09
101061|16992.96|0.07
99568|62702.40|0.03
180688|40679.64|0.03
110976|19869.70|0.10
163112|45829.29|0.07
192166|2516.32|0.06
100990|5972.97|0.06
77492|52901.64|0.03
107366|48067.60|0.04
148363|18347.68|0.03
78393|49370.04|0.02
148133|2362.26|0.08
26328|15051.84|0.08
116144|9281.12|0.08
61690|41292.25|0.09
21702|32474.00|0.00
199030|40645.08|0.03
73114|6522.66|0.01
28316|28619.13|0.07
161494|26443.33|0.00
118311|51843.09|0.05
95940|50334.44|0.01
88414|42072.30|0.06
195051|42403.85|0.01
43076|11209.77|0.05
153664|10305.96|0.09
113856|28047.75|0.04
59437|53064.34|0.06
99923|61533.44|0.01
170635|22173.19|0.02
57294|38789.99|0.00
118417|41626.89|0.09
38096|36193.15|0.03
194688|76655.24|0.08
117050|40547.90|0.01
36187|13478.16|0.08
62823|82147.72|0.05
93771|84708.96|0.05
124248|3816.72|0.07
189117|44626.07|0.05
130049|25896.96|0.02
62298|42849.86|0.10
151280|42600.96|0.08
148007|3165.00|0.02
6419|60968.86|0.10
145522|54863.20|0.10
58981|77599.20|0.09
163390|33427.97|0.03
56663|51829.12|0.05
101041|2084.08|0.02
145183|36845.40|0.00
27516|62070.93|0.07
66617|57009.96|0.08
140833|78700.86|0.00
2958|74438.00|0.01
147851|94942.50|0.02
166104|35103.00|0.01
185750|1835.75|0.06
164011|16125.15|0.03
193882|53348.76|0.07
74303|56201.20|0.02
89552|3083.10|0.04
25686|35456.96|0.04
100937|96896.50|0.08
147548|39888.50|0.00
37917|9274.55|0.08
86822|18088.20|0.04
114032|52301.50|0.01
49035|8856.27|0.05
29717|55988.14|0.05
127415|33175.43|0.05
193864|43072.92|0.09
192939|32510.88|0.04
109183|29804.50|0.06
52181|48726.74|0.09
35209|32037.60|0.10
105384|59743.34|0.09
11245|25437.28|0.02
5143|46118.16|0.05
42215|33559.09|0.03
149641|42266.00|0.03
110413|35585.25|0.03
108994|34050.83|0.06
69170|34175.10|0.08
38561|40488.12|0.03
21458|20691.75|0.08
33863|68280.68|0.03
195837|83111.69|0.02
55480|37322.48|0.09
133000|36155.00|0.05
160732|28683.68|0.03
109541|26359.18|0.02
177067|35465.86|0.01
68813|19599.91|0.02
189322|66332.04|0.07
143930|37504.67|0.09
163875|77554.80|0.10
109425|68852.16|0.05
52538|38753.78|0.07
136644|35293.44|0.01
122089|8888.64|0.00
71653|77983.20|0.07
93852|22150.20|0.01
188568|43070.56|0.09
655|7778.25|0.09
6704|57985.20|0.05
68001|26163.00|0.10
38854|3585.70|0.08
161266|39817.80|0.03
37454|29220.45|0.01
50671|24325.05|0.09
167375|15866.07|0.09
20367|55356.48|0.04
129664|47422.48|0.03
96540|9219.24|0.03
104437|64864.35|0.05
181039|25760.69|0.05
80662|21354.58|0.08
52848|50423.52|0.04
160310|30146.82|0.05
149330|51035.21|0.09
5544|27541.26|0.09
173850|48096.25|0.05
161196|51544.79|0.08
4102|39237.90|0.08
9657|34466.30|0.10
107474|22222.05|0.05
3859|15865.65|0.03
197053|34501.50|0.06
184672|57970.11|0.07
10939|42548.39|0.04
68471|37426.22|0.06
4562|67461.76|0.09
44882|84036.48|0.08
134800|29356.80|0.06
8867|17758.60|0.07
157069|16890.90|0.07
123613|60554.57|0.00
66263|33190.02|0.02
31296|3681.87|0.01
53688|75517.28|0.07
96527|42658.56|0.10
40420|5441.68|0.09
105051|32737.55|0.09
79953|44457.85|0.06
183600|33672.00|0.05
51807|61558.00|0.05
63661|37367.18|0.08
148160|3624.48|0.02
104583|47627.40|0.00
193348|33150.82|0.04
163575|55711.38|0.10
171935|64221.76|0.04
199112|35122.19|0.10
21614|33783.42|0.04
182935|48430.32|0.10
198367|61545.12|0.07
58294|57605.34|0.02
60219|41272.35|0.00
97079|47347.08|0.03
55989|56404.42|0.05
71410|12432.69|0.10
55317|41986.23|0.02
80000|13720.00|0.07
184582|59996.88|0.02
27277|20472.59|0.04
29824|24553.48|0.07
188283|47994.80|0.07
123690|73688.67|0.03
100622|4867.86|0.05
98509|67837.50|0.04
46969|5747.88|0.04
2052|17172.90|0.02
91221|25456.62|0.00
147221|1268.22|0.08
58724|53847.04|0.04
140372|53670.06|0.06
54883|88218.24|0.02
138005|4172.00|0.01
127996|93103.54|0.08
93029|26572.52|0.02
122541|42215.58|0.00
109419|29996.61|0.04
141019|10600.10|0.09
158926|33743.64|0.07
72088|23321.76|0.09
46896|25800.46|0.09
4438|44300.19|0.08
137378|60860.91|0.06
80140|24643.08|0.02
33102|35193.40|0.07
187041|24816.88|0.09
147044|25093.92|0.03
21176|43886.80|0.07
57860|89075.14|0.01
115571|11105.99|0.07
185449|41429.88|0.10
58921|92116.08|0.01
117676|64359.46|0.04
199510|14485.59|0.09
156265|43601.58|0.05
19639|65462.46|0.02
74700|63638.60|0.04
106558|10951.85|0.07
102680|13461.44|0.09
124352|44043.20|0.08
187519|61047.38|0.00
57029|9860.20|0.10
86673|21575.71|0.00
63023|46342.94|0.01
164064|7896.42|0.03
189495|42781.23|0.08
130463|35843.04|0.00
88537|39663.78|0.00
159886|64214.04|0.03
23193|40182.84|0.04
10590|61524.19|0.10
159739|35974.60|0.03
115132|10324.17|0.04
165940|24071.28|0.06
65740|34114.80|0.10
184929|66459.36|0.06
44684|17915.48|0.03
188676|17646.70|0.06
152763|61735.84|0.07
187105|39339.30|0.10
91878|89753.76|0.05
154069|29199.56|0.09
199494|73300.54|0.02
58121|42085.68|0.03
194938|83350.13|0.10
170643|73686.52|0.10
141935|94892.64|0.01
96768|22941.88|0.10
39488|45679.36|0.03
167516|12668.08|0.09
125236|59277.81|0.01
44274|3654.81|0.02
180937|56502.04|0.00
159534|62147.67|0.08
158326|12458.88|0.01
175480|57552.76|0.09
185805|34034.40|0.02
63604|20378.80|0.08
44367|2622.72|0.08
103019|18396.18|0.08
128293|2642.58|0.03
142392|64547.55|0.00
149045|20786.76|0.06
196883|15839.04|0.06
194557|36334.10|0.10
193270|24538.86|0.07
94408|70120.00|0.10
183587|13364.64|0.09
195045|50161.76|0.02
4768|21745.88|0.08
85164|54010.52|0.03
38932|89804.64|0.01
122189|44813.66|0.07
54200|33471.80|0.07
130080|42183.04|0.06
137613|80879.89|0.06
110384|59958.34|0.07
3014|2751.03|0.10
152695|26215.35|0.01
85892|48825.14|0.04
56204|1160.20|0.10
117558|61446.45|0.05
189370|39402.99|0.01
45437|2764.86|0.10
139919|97945.50|0.05
133461|38855.96|0.10
77237|37641.13|0.08
47974|32673.49|0.10
46128|46187.16|0.06
167884|3903.76|0.06
183302|44329.60|0.05
4989|73865.22|0.03
112695|13661.52|0.06
69564|53674.60|0.10
185071|56647.43|0.07
133403|21546.00|0.02
164814|78910.02|0.10
141178|51205.14|0.01
8507|36803.00|0.07
31500|21472.50|0.02
73181|46167.20|0.05
28411|41521.71|0.04
7286|45344.64|0.08
104874|15030.96|0.09
196600|52594.60|0.04
127741|26531.10|0.10
100828|91441.00|0.01
12721|42476.72|0.02
160653|13709.20|0.10
194114|51948.73|0.06
153554|40188.75|0.07
48481|54320.24|0.07
26165|17458.56|0.03
146153|1199.15|0.10
197443|69319.80|0.10
186581|33351.60|0.10
12502|33948.00|0.04
55888|51628.64|0.09
110151|4644.60|0.01
81700|28588.90|0.02
137854|7567.40|0.09
138013|45193.43|0.03
90644|6538.56|0.02
169786|7423.12|0.00
172130|14425.56|0.02
187363|4351.08|0.04
67573|24649.12|0.03
105884|9449.40|0.02
186379|61545.54|0.09
116113|9032.88|0.09
185881|59006.40|0.03
51001|3808.00|0.04
55379|53374.80|0.05
136702|36512.70|0.02
32329|32794.32|0.03
119356|57764.70|0.00
86706|52473.70|0.01
35417|59506.04|0.06
104129|29461.12|0.04
122836|66917.88|0.09
133654|74256.60|0.02
116669|50569.80|0.05
65964|94568.04|0.05
119286|16968.64|0.05
64974|60108.07|0.08
187476|54721.45|0.08
72934|15255.44|0.09
6129|25878.00|0.09
79553|68964.75|0.02
2006|3632.00|0.02
67427|59960.06|0.09
17541|65634.30|0.04
158963|101098.00|0.01
169281|8101.68|0.09
90429|17033.04|0.00
51406|59725.60|0.10
45465|69112.54|0.01
184353|12936.15|0.04
181855|40673.85|0.07
158256|27599.25|0.09
159648|5122.92|0.07
20716|60558.27|0.04
151281|30642.44|0.02
106254|51670.25|0.03
31182|5565.90|0.04
74427|1401.42|0.04
36876|76140.54|0.03
103650|13229.20|0.09
175438|9080.58|0.03
88454|20194.30|0.08
95462|43723.80|0.08
20431|13514.30|0.08
119937|97846.50|0.04
168756|85763.25|0.04
66846|50759.52|0.09
96248|4976.96|0.07
103576|7897.85|0.04
127051|52824.45|0.03
63158|47088.30|0.10
176978|32879.52|0.05
72269|44685.36|0.10
28411|60273.45|0.09
186296|26263.51|0.08
163322|30477.04|0.06
140562|68910.08|0.03
156656|20551.80|0.10
3037|24440.78|0.05
183098|41338.15|0.08
31691|79511.81|0.04
26345|25426.80|0.09
175107|35463.00|0.10
193637|72686.46|0.05
11717|74920.66|0.04
189859|19488.50|0.02
146468|42404.88|0.03
29180|45476.38|0.09
112692|15342.21|0.01
140286|34483.28|0.03
144265|3927.78|0.06
62189|57559.00|0.06
81358|45537.90|0.08
197433|19895.59|0.01
196613|6838.44|0.07
167589|33131.60|0.08
156757|34461.25|0.00
168486|43525.44|0.00
160930|63709.76|0.10
109935|71962.41|0.06
157632|38861.49|0.00
109149|30111.64|0.07
29502|7157.50|0.03
95778|42570.48|0.09
83460|43303.80|0.02
179571|70974.51|0.09
75429|7022.10|0.01
87855|57128.35|0.09
128920|3897.84|0.06
57428|27708.40|0.09
166728|25126.08|0.08
191867|13712.02|0.01
96602|49556.60|0.05
90985|75087.24|0.06
36519|56764.89|0.02
45839|39266.26|0.02
89972|11771.82|0.10
21831|36809.43|0.00
38123|24405.76|0.01
102817|52774.49|0.01
114092|3318.27|0.02
14489|7017.40|0.05
177739|23617.49|0.05
81854|23866.05|0.09
132197|1229.19|0.09
1650|34136.30|0.02
125089|38992.80|0.01
41908|72146.10|0.08
136855|77565.85|0.06
47006|22872.00|0.06
79001|12740.00|0.03
45530|61972.26|0.09
157020|34464.64|0.08
90408|54537.60|0.04
110032|14588.42|0.00
32535|54298.61|0.00
131569|80028.00|0.04
80061|44765.58|0.05
161462|6093.84|0.10
101288|25785.60|0.04
12124|34191.96|0.01
1052|34309.80|0.09
178284|14985.08|0.06
69885|14839.04|0.08
176638|34292.60|0.10
36544|16285.94|0.06
27280|53120.32|0.09
156057|44522.00|0.01
117252|46962.25|0.04
82706|50661.00|0.09
176106|46101.90|0.06
34878|61637.58|0.09
117900|44111.70|0.05
95353|35057.10|0.04
42754|67870.00|0.00
121325|63277.04|0.00
47653|48019.50|0.05
171245|6581.20|0.06
108195|21657.42|0.02
72375|30989.51|0.08
196333|4287.99|0.09
97808|41533.40|0.09
73806|87210.20|0.10
48631|37911.12|0.06
60596|66933.37|0.09
10977|37759.40|0.04
119361|9662.52|0.01
39737|63715.74|0.03
98144|28553.50|0.02
139861|9504.30|0.03
148984|56923.44|0.10
65959|94322.55|0.06
59915|20624.01|0.07
78757|52072.50|0.02
35857|10757.10|0.10
143348|38957.52|0.04
166101|9336.80|0.05
93957|23411.40|0.02
46532|69490.91|0.03
193532|63395.67|0.03
80807|16090.20|0.09
142518|34331.22|0.04
187146|2466.28|0.03
16166|25971.84|0.09
71020|48559.98|0.00
140200|39686.40|0.02
126151|25897.30|0.10
28600|15286.00|0.00
116761|39110.72|0.10
80423|40699.18|0.01
162948|54295.38|0.09
117164|8268.12|0.08
28504|58732.50|0.02
159404|7317.00|0.08
31975|5720.91|0.05
136784|34594.82|0.04
153698|52550.70|0.06
35986|69191.28|0.07
17056|27245.40|0.02
161597|77953.73|0.04
124047|18207.68|0.01
129481|28699.12|0.07
97789|75044.76|0.00
122034|49633.41|0.03
100909|55387.10|0.01
168080|20665.44|0.09
85241|4904.96|0.06
195495|50895.68|0.05
66235|12012.30|0.04
162399|11691.12|0.00
23067|1980.12|0.08
26046|39853.64|0.06
135750|67858.50|0.06
55593|69686.55|0.02
163586|69282.36|0.03
118062|36722.04|0.09
191522|75835.44|0.03
76035|6066.18|0.03
68507|30985.50|0.05
141399|60496.38|0.00
186433|74452.07|0.09
190209|10393.60|0.04
198212|7861.26|0.04
6287|38184.96|0.06
55720|68704.52|0.00
190273|54530.80|0.09
169034|36399.99|0.06
104076|12960.84|0.03
6905|54357.00|0.02
87446|17201.28|0.00
199112|37544.41|0.00
97601|67141.20|0.03
100351|5405.40|0.08
184645|27674.24|0.07
33094|29785.61|0.03
111582|19122.96|0.00
67338|52213.20|0.07
68207|32905.60|0.05
167808|56274.00|0.10
99498|52412.15|0.08
72248|58571.52|0.00
31785|49786.62|0.04
16704|37276.10|0.04
24653|69416.60|0.07
111331|8053.98|0.00
89129|34661.72|0.09
140144|15393.82|0.09
125717|19169.81|0.01
20710|29352.78|0.10
112566|64720.96|0.04
59333|33600.58|0.02
10929|3679.84|0.08
186624|83820.38|0.03
149581|35872.76|0.02
97026|14322.28|0.07
28272|9602.16|0.10
186040|46167.64|0.06
187035|53857.44|0.03
42414|9494.87|0.04
72951|26935.30|0.06
74772|15720.93|0.07
136253|19338.75|0.07
21327|42442.88|0.09
37864|64866.96|0.06
21148|19244.52|0.04
118622|60702.94|0.00
123546|9417.24|0.08
57583|32352.18|0.04
29202|55428.80|0.06
63034|16949.51|0.09
128792|83756.34|0.09
145397|47598.87|0.08
163773|14694.16|0.03
43155|18668.55|0.07
72307|14072.30|0.02
107407|16972.80|0.09
110981|47807.52|0.04
6454|5441.80|0.06
190557|46131.40|0.03
143810|74152.40|0.05
43260|2406.52|0.05
26796|75802.76|0.03
151281|43965.24|0.10
134353|24972.30|0.10
154123|40022.08|0.02
6457|5453.80|0.09
94297|50360.31|0.01
88983|80851.18|0.03
30994|88549.54|0.09
123199|21999.42|0.08
12798|75274.76|0.00
106102|27702.50|0.09
188049|50029.76|0.10
138998|36665.82|0.06
191503|23917.50|0.07
22760|25241.40|0.09
174108|41373.50|0.07
184207|3873.60|0.00
192836|94512.67|0.07
194022|30132.54|0.00
81294|33157.54|0.09
56648|41720.64|0.02
120433|40696.04|0.01
183601|75807.00|0.00
121853|20623.35|0.01
172031|33090.90|0.08
85795|14246.32|0.07
178670|24481.38|0.08
2153|30599.35|0.10
70117|52181.28|0.05
11814|74209.83|0.09
81533|24232.48|0.08
14187|46249.56|0.06
75968|77758.40|0.00
85042|41081.60|0.00
180457|18449.40|0.09
108456|30753.45|0.00
128208|37086.00|0.07
161616|8388.05|0.05
160026|42354.78|0.05
46442|69422.00|0.03
142992|48839.76|0.09
127237|46776.51|0.10
74391|66904.11|0.00
155029|20596.38|0.03
107767|40819.48|0.02
33988|26907.72|0.10
21388|51065.82|0.07
47658|56197.75|0.05
27582|36229.92|0.03
177329|33751.68|0.01
42305|56128.50|0.09
144533|66256.26|0.10
9811|30974.58|0.07
138348|60998.96|0.10
21920|33154.56|0.10
70327|2594.64|0.07
113159|46886.00|0.01
52361|21013.76|0.03
16475|30612.34|0.05
56028|20664.42|0.10
38512|49317.34|0.07
70932|1902.93|0.08
51672|55204.78|0.01
59724|23572.08|0.09
186822|1908.82|0.09
49508|24777.50|0.04
59554|36325.20|0.09
167822|56694.60|0.09
67203|3510.60|0.00
99683|40384.32|0.00
131839|22449.96|0.02
123353|31656.05|0.06
177265|22818.42|0.03
20505|32786.50|0.10
137080|52502.76|0.08
152979|6095.91|0.05
45737|8413.65|0.07
184290|49474.44|0.04
147860|55327.94|0.07
125309|38694.70|0.06
167183|57508.28|0.08
12066|12714.78|0.05
4509|67848.00|0.03
41485|12838.32|0.10
143353|9774.45|0.06
193087|55463.76|0.02
9013|31348.34|0.06
62882|33207.84|0.04
49893|5528.67|0.09
109968|21757.56|0.00
26312|17336.34|0.00
6220|24776.84|0.03
23214|56860.50|0.02
115131|49283.59|0.00
162070|16981.05|0.02
67783|3501.56|0.02
172976|18440.73|0.03
20411|38610.89|0.00
81544|39664.04|0.06
114460|13270.14|0.00
94880|37497.60|0.09
35539|53083.08|0.09
104844|75802.44|0.00
141214|27614.62|0.06
62290|18784.35|0.07
98651|39591.60|0.03
165276|33531.75|0.00
22652|75583.20|0.05
20766|59036.60|0.00
174316|11122.48|0.02
157244|19518.60|0.06
5111|35563.85|0.02
188376|35144.88|0.10
118080|47217.44|0.03
41696|60594.53|0.06
18842|82759.48|0.03
165591|67920.19|0.00
32356|3865.05|0.02
70185|57759.00|0.07
25062|7896.48|0.02
104407|4234.20|0.02
109227|45740.14|0.00
30676|72300.15|0.08
164446|9062.64|0.09
138576|22603.98|0.08
8391|50676.21|0.05
69156|30379.05|0.09
73249|36667.20|0.01
145090|7945.63|0.04
106819|49296.87|0.05
56305|15135.60|0.10
16181|10971.80|0.04
120596|19399.08|0.06
175725|72028.80|0.07
180880|72552.56|0.09
126746|19500.14|0.05
62904|85877.40|0.03
21119|34323.63|0.10
143131|18786.08|0.09
191810|36134.39|0.04
102584|9519.48|0.08
135427|39485.34|0.08
80939|82556.99|0.01
147060|3321.18|0.07
32077|25226.75|0.04
102079|52972.43|0.07
28174|42984.63|0.03
69811|44520.25|0.09
131252|30798.00|0.02
121335|48827.88|0.09
91942|67687.90|0.08
190453|69455.25|0.05
196238|28018.83|0.03
30562|56717.28|0.06
147997|24539.88|0.02
18933|24075.09|0.03
190273|27265.40|0.01
2589|31323.18|0.10
110841|18518.40|0.01
94369|66804.64|0.01
196546|44348.58|0.06
190388|45829.78|0.08
81437|53900.34|0.00
60986|42833.56|0.06
184530|17759.83|0.04
74630|41720.38|0.05
91350|44264.55|0.01
47759|75097.00|0.05
77977|31279.52|0.07
144595|22954.26|0.09
55518|11788.08|0.03
21244|55931.52|0.06
159409|36710.00|0.01
159662|1721.66|0.07
46110|52805.50|0.08
24861|73220.26|0.06
6097|26080.34|0.08
189676|30016.39|0.10
111162|43406.92|0.08
105945|50724.44|0.06
31202|31729.60|0.05
36659|19147.80|0.05
34642|3153.28|0.04
117868|94293.00|0.04
76162|51217.20|0.02
123141|58207.00|0.04
23824|45443.32|0.08
108521|1529.52|0.07
59592|68269.96|0.06
81614|39890.25|0.01
150396|4339.17|0.07
15565|20727.84|0.07
32823|54430.42|0.04
84908|90859.20|0.03
13641|51303.12|0.01
119898|61372.48|0.05
45496|49010.66|0.07
106080|47787.52|0.08
71899|28063.35|0.05
102917|1919.91|0.07
23736|58090.55|0.03
91912|91387.68|0.03
160762|30986.92|0.01
160169|17208.24|0.09
28513|37479.26|0.04
134938|1972.93|0.10
172742|88922.26|0.10
53315|59610.57|0.01
76551|65684.65|0.06
57039|21912.66|0.09
115653|28367.05|0.03
184444|24455.04|0.03
44338|3846.99|0.08
63511|35388.24|0.10
137748|76786.82|0.06
119267|52736.66|0.02
150475|41187.69|0.03
23|28613.62|0.03
142087|54195.84|0.03
139814|25953.34|0.08
134828|5588.46|0.08
52173|9001.36|0.09
165982|94207.08|0.00
48244|5961.20|0.06
64487|69671.04|0.01
44643|22226.96|0.07
9276|4741.08|0.08
120366|11090.88|0.07
112746|21104.88|0.00
124728|85883.28|0.00
157163|10981.44|0.04
86497|41537.72|0.03
21779|30613.86|0.09
83443|11411.52|0.07
23891|3629.78|0.10
158283|22801.76|0.05
110223|19731.52|0.09
140312|58149.33|0.06
25486|53636.24|0.09
98927|46222.08|0.08
193854|40904.85|0.03
159858|80549.70|0.06
59360|13193.60|0.01
62654|50116.15|0.01
188597|57310.06|0.03
55377|46632.95|0.06
124549|37764.96|0.04
68323|60692.04|0.01
190274|34106.75|0.05
24789|59982.30|0.00
96172|12849.87|0.00
179592|83579.50|0.07
3284|39180.24|0.02
97157|43857.70|0.04
176884|62748.16|0.00
131774|3611.54|0.07
94511|54198.36|0.08
92328|26406.40|0.09
151962|32223.36|0.10
182622|78412.52|0.04
48149|49371.30|0.08
47589|56853.46|0.09
96019|9135.09|0.03
134564|12788.48|0.08
149340|27786.80|0.05
142312|40629.30|0.02
142721|3527.44|0.04
70223|47728.80|0.01
161576|31113.83|0.10
21446|4102.32|0.02
87916|15231.28|0.02
113323|45434.88|0.01
198901|41997.90|0.03
174287|31309.44|0.01
187997|47954.77|0.00
50680|47289.72|0.02
18999|84391.56|0.00
102544|51035.82|0.10
76840|12717.88|0.08
25572|32946.54|0.07
21748|51761.94|0.09
108496|25576.33|0.05
74291|49346.31|0.05
184759|40562.50|0.01
136433|63185.49|0.05
72210|9457.68|0.02
44171|14497.21|0.04
65062|25676.50|0.10
49244|23864.80|0.01
21181|15430.52|0.05
183787|14966.24|0.10
90493|26702.82|0.07
118064|48692.70|0.06
6435|18780.02|0.04
123059|15148.70|0.04
115668|28622.22|0.10
95027|21462.42|0.08
412|14436.51|0.01
25508|2867.00|0.02
36623|28073.16|0.09
12886|84547.36|0.05
122267|25785.20|0.08
88766|1754.76|0.05
156832|49109.58|0.03
157130|10684.17|0.02
132651|16836.50|0.06
60178|7967.19|0.07
117860|76992.26|0.03
152571|25977.12|0.10
21521|28850.40|0.06
183670|40334.41|0.02
3943|5540.82|0.03
52876|45721.75|0.05
121178|5995.85|0.08
118110|25946.53|0.09
188518|77112.48|0.02
181315|37700.37|0.03
59826|21429.84|0.08
176631|13661.04|0.00
74405|17932.20|0.00
1339|53334.19|0.05
40899|68075.93|0.04
150339|62519.85|0.01
88400|2776.80|0.03
98062|11660.66|0.02
157672|51890.10|0.03
17200|37984.80|0.02
135435|30879.03|0.04
99336|60089.85|0.09
15560|1475.56|0.09
149214|49265.19|0.06
60925|67893.12|0.00
117194|13323.09|0.07
183094|43552.33|0.09
36208|37758.60|0.03
7056|16371.85|0.09
183700|73131.70|0.05
85993|94991.52|0.02
71193|48895.98|0.01
169779|77648.34|0.02
73229|55302.12|0.02
136286|40990.68|0.05
36554|10433.85|0.01
57078|12420.84|0.10
8519|19985.14|0.00
181326|19702.48|0.07
142025|32010.60|0.09
50483|40137.44|0.05
73257|13532.75|0.04
28320|58671.04|0.09
161900|62780.80|0.04
143890|46413.36|0.08
35025|38400.80|0.02
88289|37041.12|0.07
180185|18977.70|0.04
193389|8894.28|0.08
160330|22245.28|0.05
36072|7056.49|0.08
158311|60249.64|0.02
103997|42020.79|0.02
20248|10514.16|0.05
74319|46559.16|0.08
144455|22491.75|0.04
124035|28593.81|0.04
88387|42636.78|0.05
31352|2566.70|0.06
183159|47201.70|0.09
132050|23805.10|0.03
55955|30575.20|0.07
63037|25000.75|0.09
85807|25099.20|0.00
34322|57790.72|0.01
90627|46910.98|0.00
134180|9713.44|0.05
179380|13134.42|0.10
29874|36077.40|0.06
18705|43839.90|0.03
186960|65502.72|0.09
136894|40548.69|0.10
138749|12514.18|0.02
117235|41323.59|0.10
33905|3677.80|0.00
111655|38332.95|0.09
140259|55867.75|0.08
45150|44901.15|0.08
63406|49298.40|0.03
107952|23519.40|0.01
133626|79661.76|0.00
44404|33710.00|0.00
142667|63257.42|0.09
158815|18738.10|0.06
85391|16516.68|0.00
77440|56697.60|0.00
40149|23961.08|0.02
157744|43241.76|0.02
47654|14414.85|0.10
71740|15405.66|0.09
79094|15023.26|0.09
91632|16236.30|0.05
72393|68269.50|0.10
92954|56461.55|0.07
120873|34089.66|0.10
153529|55388.20|0.05
73425|1398.42|0.03
116207|1223.20|0.08
163738|9008.65|0.10
125288|28892.16|0.09
190975|86770.74|0.07
147036|22743.63|0.09
61820|33854.58|0.09
4155|20123.85|0.10
21695|12933.52|0.03
101752|57873.75|0.03
39670|35412.74|0.02
71166|28429.00|0.00
157640|67905.60|0.03
133961|23939.52|0.06
105744|19247.14|0.10
93464|4372.38|0.09
62888|11105.28|0.00
10598|25646.03|0.03
172189|36574.22|0.08
162564|17892.16|0.04
158221|31980.50|0.05
46328|16566.16|0.01
112182|8359.26|0.08
26196|41521.03|0.00
191955|22516.45|0.03
21037|31614.99|0.06
41864|68622.68|0.06
43614|57631.57|0.04
90119|2218.22|0.06
142309|56754.60|0.09
158308|6831.50|0.10
32917|18499.10|0.07
142003|2090.00|0.06
42908|24061.70|0.00
192971|26831.61|0.03
177618|22042.93|0.09
51580|32163.18|0.02
39707|34580.70|0.01
76974|39019.40|0.05
191372|35120.88|0.10
53339|41354.56|0.00
13904|87259.20|0.05
106458|5857.80|0.03
36257|29831.25|0.02
86901|32094.30|0.08
1775|68747.57|0.00
19279|16775.78|0.01
159524|66507.84|0.04
84256|55811.25|0.09
186724|38025.12|0.10
181445|24423.04|0.07
191975|31004.55|0.00
190094|31970.43|0.05
108054|45668.15|0.00
52979|54095.16|0.07
57109|29850.80|0.05
18641|15596.40|0.05
132164|39473.28|0.05
119343|36783.18|0.01
23687|59595.16|0.02
147669|37766.52|0.03
53167|14562.08|0.02
128958|17882.55|0.06
31375|48335.69|0.08
106513|15195.10|0.03
156542|14386.86|0.05
156148|30103.50|0.10
195723|27280.80|0.03
144688|67574.52|0.08
13047|12480.52|0.05
137117|18465.76|0.00
53787|22630.14|0.06
190750|79152.25|0.05
92404|27928.00|0.07
15243|27797.76|0.10
23317|60775.19|0.07
80462|50486.10|0.00
21382|3910.14|0.09
77090|50153.23|0.04
107157|3492.45|0.07
66245|60562.00|0.07
92996|13922.93|0.04
170589|73021.52|0.10
26828|36851.22|0.07
171382|52321.68|0.05
166832|53167.24|0.05
72090|2124.18|0.08
101991|67761.66|0.08
112918|84960.04|0.09
199059|41689.80|0.09
111336|22904.61|0.06
135425|21906.30|0.09
193289|51144.36|0.01
71789|68670.42|0.06
48812|73954.02|0.01
61982|1943.98|0.06
147971|18170.73|0.01
126294|52811.60|0.02
166071|12507.77|0.09
174363|25872.48|0.01
183795|90181.92|0.08
61808|38935.60|0.01
25488|15548.28|0.03
99706|64816.60|0.09
30559|4468.65|0.09
3747|39617.76|0.06
194476|73812.09|0.07
192523|25848.32|0.07
114871|20744.57|0.02
141107|42479.70|0.04
57460|1417.46|0.03
184370|17452.44|0.08
116505|57817.00|0.05
162112|46964.40|0.07
119240|20147.84|0.05
20221|49072.46|0.07
45964|68758.56|0.02
119222|31030.50|0.10
116314|43900.23|0.00
145680|82832.64|0.09
115312|47783.16|0.09
124827|66665.52|0.06
48133|37839.55|0.10
131817|83196.45|0.07
121540|78077.00|0.10
170842|15302.72|0.10
96846|73713.60|0.07
85274|55407.88|0.03
178376|68355.39|0.07
1648|46489.20|0.06
112685|73000.24|0.10
40286|51503.76|0.10
153031|11924.33|0.09
86180|11661.80|0.05
189727|1816.72|0.05
185516|36834.73|0.08
111599|74087.14|0.08
50055|31156.55|0.02
122056|7546.35|0.00
150051|2202.10|0.09
26990|40256.79|0.01
167130|9577.04|0.01
150425|41311.76|0.05
152401|40695.20|0.01
96568|34420.32|0.08
196438|53705.05|0.05
10966|30031.36|0.03
73797|37186.59|0.08
34295|2458.58|0.04
134885|55676.52|0.02
10959|43008.85|0.03
165299|4092.87|0.02
7269|18820.16|0.04
61798|59832.86|0.05
91875|76541.67|0.05
190046|29537.04|0.00
26885|57980.16|0.04
131410|50449.35|0.07
35494|47173.17|0.08
147209|55272.80|0.09
177787|55943.40|0.00
27702|68447.40|0.01
191729|30952.24|0.05
92445|31623.68|0.01
145228|7639.32|0.02
110205|31595.20|0.07
53759|58233.50|0.00
161006|27742.00|0.10
96841|53297.36|0.06
164959|76910.10|0.02
73750|41370.00|0.01
41584|44241.82|0.08
153007|51940.00|0.07
125415|59056.81|0.02
127019|4184.04|0.10
64833|23371.79|0.04
182828|42038.04|0.09
3265|15187.38|0.08
178874|9764.35|0.05
48319|51959.71|0.04
47595|52448.06|0.03
140743|33891.06|0.10
75885|76296.08|0.08
56771|58744.18|0.05
127798|54773.70|0.00
91869|81877.84|0.09
115085|23101.68|0.02
36485|17057.76|0.00
130860|17017.74|0.10
86538|68603.85|0.00
157298|12197.61|0.09
43852|55671.35|0.03
72279|8758.89|0.00
190124|42494.20|0.00
169640|52998.84|0.03
95236|52942.89|0.05
109093|6612.54|0.04
48372|38290.73|0.05
69531|55519.61|0.03
103542|41729.58|0.07
28599|21386.26|0.08
20269|48759.66|0.03
124439|16097.73|0.02
42041|23592.96|0.00
36004|2820.00|0.02
187708|30526.90|0.02
134084|21243.52|0.10
169616|64053.18|0.00
39639|15786.30|0.07
32943|93797.00|0.06
124643|26682.24|0.04
83097|12961.08|0.09
136875|82210.41|0.05
46139|19532.34|0.09
56696|4958.07|0.02
167206|19098.00|0.07
137614|6606.44|0.04
105390|16744.68|0.08
149061|13320.72|0.09
23100|4092.40|0.09
178680|17586.80|0.06
145204|26233.20|0.09
51006|16269.00|0.06
68673|47608.43|0.10
154835|81262.69|0.05
135922|39158.40|0.03
24167|33825.96|0.05
37475|31074.34|0.08
172141|42459.90|0.01
117918|34846.38|0.07
149779|27431.55|0.00
91847|90103.16|0.05
102472|16219.17|0.06
97871|57934.97|0.10
93939|73451.34|0.08
7436|4030.29|0.02
176292|23260.93|0.05
42083|33827.64|0.10
95803|79147.20|0.10
142747|23266.62|0.05
59833|73506.03|0.09
39414|12180.69|0.04
133609|13140.80|0.06
21010|1862.02|0.08
131313|6721.55|0.00
123625|41215.50|0.06
84467|53704.02|0.07
77644|51892.48|0.04
62621|9501.72|0.05
4465|36975.42|0.00
22424|52510.38|0.05
199123|61106.00|0.04
8612|9123.66|0.02
140287|42472.96|0.05
109724|60680.20|0.06
18671|66766.14|0.00
69140|26619.36|0.03
59701|46499.60|0.02
106441|23159.04|0.07
14429|47019.70|0.08
188906|77801.10|0.04
136006|14588.00|0.08
136912|33131.47|0.09
65191|56653.31|0.10
40963|15231.68|0.09
121313|57375.33|0.02
146242|54106.08|0.04
160232|3876.69|0.09
61255|42568.75|0.01
162602|73242.40|0.02
87018|35175.35|0.07
51112|11694.21|0.04
18214|6793.26|0.10
163085|49367.44|0.04
118565|79178.00|0.03
68167|2270.32|0.01
18922|14727.36|0.07
190378|55798.06|0.00
38217|55450.08|0.05
151166|54772.20|0.08
27912|36798.20|0.07
116349|27306.80|0.05
59803|1762.80|0.06
185072|8099.49|0.04
190067|9256.48|0.04
64344|14391.74|0.02
164070|47630.94|0.06
118044|47791.80|0.07
198095|2386.18|0.01
160301|12251.70|0.04
94230|35502.67|0.07
87687|73685.92|0.10
196446|69409.80|0.08
177502|71077.50|0.10
28524|40670.56|0.01
192188|24323.42|0.08
118078|28497.82|0.07
12067|29371.80|0.03
18705|16237.00|0.01
71195|54810.93|0.02
160937|99896.50|0.06
106236|22360.14|0.07
4580|28207.02|0.10
71298|11423.61|0.05
158965|46551.08|0.03
122639|6646.52|0.03
155333|55533.20|0.07
53539|70148.91|0.02
103071|38666.52|0.04
44510|52362.36|0.00
118361|27587.20|0.02
7145|17886.38|0.10
88319|26146.20|0.09
170981|45143.56|0.07
14464|39975.34|0.02
159048|8856.32|0.01
129825|48225.32|0.09
139464|19544.98|0.04
8135|40682.07|0.06
6994|20910.89|0.01
39167|27654.00|0.08
128190|20709.23|0.09
87220|38631.04|0.01
193665|80898.36|0.05
192368|48191.88|0.05
64245|13301.64|0.09
137293|49220.73|0.08
17856|3547.70|0.09
67845|27192.60|0.09
134884|92106.24|0.10
52011|35631.37|0.10
28178|3318.51|0.04
111716|48375.88|0.01
180082|8134.56|0.05
188427|71224.74|0.05
102768|51352.04|0.08
152441|65711.36|0.06
133952|63550.40|0.02
118493|13603.41|0.07
51319|55893.64|0.09
186629|32596.78|0.03
74429|60347.06|0.00
173029|13224.24|0.04
196004|14300.00|0.05
131121|50693.28|0.09
4280|29607.00|0.07
45935|77118.13|0.09
16093|17154.53|0.02
188668|77293.04|0.06
45706|69371.40|0.06
115622|73692.90|0.06
176632|18794.93|0.10
142760|57688.32|0.10
66896|63338.26|0.02
42169|11111.60|0.03
15919|14679.28|0.06
2524|25677.36|0.02
68268|7417.56|0.09
70762|45051.76|0.08
130054|44446.05|0.05
13444|24433.92|0.03
197942|95877.18|0.10
98079|1077.07|0.10
12740|66109.60|0.03
176715|77043.53|0.03
22592|31806.39|0.05
11170|52977.33|0.03
112460|26504.28|0.05
29337|20261.28|0.04
199412|54410.76|0.07
172793|35450.01|0.07
136007|6258.00|0.09
11686|47930.40|0.05
144604|67592.60|0.00
41111|38928.07|0.08
35793|70880.39|0.06
73457|27178.55|0.05
125369|57168.76|0.03
178861|89233.56|0.05
101784|19643.58|0.10
183382|21980.70|0.04
134420|52359.12|0.03
21991|51650.73|0.04
147015|4248.04|0.01
165912|27690.74|0.03
135414|49279.94|0.09
21792|23993.06|0.10
167710|81774.66|0.00
4364|20293.76|0.03
13704|27500.90|0.10
56564|69945.76|0.06
65035|40001.20|0.07
100271|52122.07|0.02
46331|10218.64|0.07
175451|12211.60|0.07
87988|61255.38|0.10
4037|35759.14|0.05
9656|75151.20|0.01
95839|75228.03|0.08
126579|24083.55|0.01
96256|36315.25|0.05
79678|38126.41|0.01
172414|46078.71|0.02
19593|65041.37|0.08
166527|63740.80|0.01
128673|5105.01|0.08
124842|50404.68|0.07
187569|81171.44|0.03
44160|5520.80|0.10
133481|24231.68|0.06
90776|61836.95|0.06
78414|61266.04|0.10
132089|6726.48|0.07
4781|42144.50|0.09
84963|44803.08|0.02
152321|31586.36|0.08
70716|57348.14|0.08
108348|13563.40|0.06
23506|48603.00|0.08
56462|8510.76|0.09
162057|4476.20|0.01
142641|5050.92|0.08
169221|21933.74|0.02
58046|4016.16|0.01
25535|35052.72|0.08
14274|39212.91|0.06
97969|53107.92|0.09
197324|41218.28|0.06
157468|50340.18|0.05
154020|36516.68|0.07
74452|49925.75|0.00
184905|49747.50|0.00
146430|33957.89|0.06
173086|38249.64|0.07
86595|60100.42|0.04
10200|3330.60|0.02
98296|18120.06|0.06
164517|7907.55|0.10
55623|63144.80|0.00
21658|12637.20|0.07
93090|32492.70|0.07
124773|64719.72|0.10
49347|38890.20|0.01
73517|4471.53|0.04
110164|49314.72|0.01
1288|52328.32|0.01
94413|28148.20|0.01
165236|37735.67|0.05
93777|53123.10|0.00
184601|52253.60|0.03
49136|28213.38|0.07
40078|26469.82|0.03
72586|26495.86|0.09
21146|50155.58|0.01
16349|30368.16|0.06
86041|6162.24|0.01
110389|11195.04|0.01
148900|93547.20|0.02
148150|1198.15|0.03
34197|30542.13|0.06
11640|46549.20|0.07
173098|17566.35|0.06
62519|54815.87|0.10
35666|57659.76|0.02
29490|68135.52|0.08
185256|16095.00|0.09
130977|56223.16|0.05
93939|40591.53|0.05
38239|40025.82|0.05
5280|1185.28|0.06
33951|94247.50|0.02
176535|35453.66|0.00
172298|46589.86|0.06
22517|31669.22|0.04
99810|34386.39|0.04
75574|52685.38|0.01
134869|17134.74|0.04
13939|74117.20|0.06
24459|55338.00|0.10
6497|56139.60|0.08
37613|18607.32|0.07
185975|32975.52|0.08
171448|44063.76|0.03
167152|47546.85|0.03
20800|5162.40|0.01
165995|12365.94|0.07
55507|38025.00|0.06
85159|29747.90|0.08
32713|14811.39|0.08
107249|11306.16|0.09
187788|30012.48|0.02
197755|57435.25|0.07
99595|23918.85|0.00
27195|47131.98|0.03
58993|85887.56|0.10
82801|57081.60|0.02
183859|67999.75|0.00
65913|62004.03|0.07
61201|18595.20|0.08
92891|64052.26|0.08
83186|32737.04|0.10
28463|30612.12|0.04
125343|47891.90|0.08
34485|61037.64|0.00
125138|30241.38|0.07
105176|40159.78|0.09
126206|59145.60|0.01
169475|15444.70|0.01
160711|49607.88|0.07
34565|52484.60|0.07
143606|47838.40|0.01
62039|47048.41|0.07
14732|24700.95|0.07
503|49122.50|0.03
197753|83283.75|0.03
67692|13277.52|0.09
62442|32302.12|0.05
17320|39594.24|0.06
122598|32411.80|0.07
92112|45268.51|0.01
196437|7667.15|0.03
106752|75626.25|0.09
111193|15654.47|0.10
52966|55649.84|0.07
66868|5504.58|0.05
80501|45926.50|0.07
123179|2404.34|0.00
110448|64171.36|0.05
27426|6767.10|0.01
48167|1115.16|0.03
66802|42451.20|0.09
131646|1677.64|0.06
112149|16255.96|0.05
12103|5075.50|0.04
154003|52850.00|0.10
92411|2806.82|0.05
180016|41648.38|0.09
89128|30162.24|0.10
125875|60827.84|0.07
72512|47504.32|0.00
159668|43191.50|0.04
61296|45262.44|0.03
191038|24838.66|0.08
194534|6514.12|0.02
29184|11131.80|0.08
74018|16864.17|0.03
10117|21569.31|0.09
195372|45488.47|0.10
143381|71219.00|0.00
85286|24154.32|0.03
54142|27403.50|0.08
28428|6782.10|0.03
197643|13925.12|0.09
151663|22290.58|0.07
18189|34322.58|0.00
39264|19252.16|0.03
3240|50302.56|0.05
14666|66387.72|0.00
182401|56369.20|0.02
160407|30815.40|0.07
121167|46338.24|0.04
7910|14543.28|0.01
4764|40050.24|0.03
190012|45182.41|0.07
15914|38428.11|0.05
79027|31186.62|0.09
6178|7589.19|0.09
51796|80398.34|0.03
11266|4709.04|0.00
36003|20658.00|0.03
5769|11723.32|0.06
50413|66807.09|0.06
161033|53607.47|0.03
95052|13611.65|0.09
141151|53646.75|0.08
6694|75232.43|0.01
86608|39865.00|0.05
38947|30175.04|0.06
56421|9641.94|0.01
21016|9370.10|0.00
146656|52782.15|0.01
60100|43464.10|0.03
95069|47882.70|0.10
89520|69437.92|0.04
9002|21864.00|0.04
180823|19038.20|0.03
182999|56213.73|0.07
8710|4856.13|0.08
184848|63783.72|0.04
91804|41303.40|0.04
121783|54143.40|0.09
36882|60023.04|0.08
69472|69190.56|0.07
195423|66810.48|0.02
119353|17840.55|0.07
32709|18058.70|0.03
50495|60710.58|0.02
21853|58570.05|0.08
150545|49461.74|0.09
45247|1192.24|0.05
20659|75823.20|0.06
140942|67419.96|0.09
38657|79782.50|0.05
71447|56737.60|0.08
158113|45673.29|0.09
116803|78251.40|0.08
126027|8424.16|0.00
123217|1240.21|0.05
49469|25532.28|0.09
39180|19026.06|0.06
127643|6682.56|0.01
158767|9128.80|0.07
62959|23063.40|0.04
9106|46694.60|0.01
157359|19828.90|0.00
161840|53251.52|0.10
121856|9389.25|0.05
194992|39652.81|0.09
22245|40853.40|0.02
186166|10017.28|0.09
20521|70634.48|0.07
40349|9025.38|0.09
143449|68652.24|0.08
102221|36696.60|0.02
86104|38153.50|0.03
20741|26587.84|0.03
118295|40711.99|0.05
128710|69548.40|0.10
166432|70426.21|0.10
168209|56196.80|0.05
163320|8299.92|0.00
72450|71122.50|0.01
65567|65900.08|0.08
47500|66585.00|0.03
93164|8100.12|0.10
67849|25435.76|0.07
96587|30088.02|0.03
93037|29870.87|0.10
57401|14942.40|0.04
164904|86631.60|0.03
154276|17293.51|0.09
104150|41549.40|0.05
146849|28437.60|0.08
83625|61127.56|0.10
108226|32089.72|0.06
78671|44541.09|0.06
50331|35877.24|0.05
123459|74122.50|0.08
121992|2013.99|0.00
39060|16984.02|0.02
199306|28106.00|0.07
100359|12234.15|0.07
179483|71874.08|0.07
80147|51848.44|0.06
31897|56695.59|0.08
136921|31326.72|0.04
177940|46412.62|0.09
188822|51592.14|0.09
15052|28044.45|0.04
151166|45034.92|0.07
110314|9270.17|0.06
109601|22548.40|0.03
9787|13574.24|0.04
142688|19037.48|0.07
12732|23026.22|0.05
24053|11724.60|0.08
53340|33626.84|0.06
30048|37165.52|0.01
130845|93792.00|0.04
26342|24098.46|0.07
117261|2556.52|0.03
166406|73620.00|0.08
156670|37986.74|0.01
159347|19688.76|0.02
136989|99273.02|0.01
177724|82879.12|0.06
158725|12486.04|0.05
145110|41583.96|0.09
76485|11691.84|0.08
64|964.06|0.01
10605|72748.80|0.04
93728|17217.20|0.02
86581|20378.54|0.06
83229|27881.06|0.02
1228|28230.50|0.08
56566|60902.40|0.01
11656|59570.70|0.08
183512|15955.10|0.00
40708|61001.90|0.03
196088|21313.44|0.05
79503|45957.50|0.06
89037|41041.20|0.10
143919|56924.39|0.03
57134|25095.99|0.00
79837|65405.88|0.02
135209|37326.00|0.00
174420|4483.26|0.01
40177|16757.55|0.10
123812|69760.78|0.03
2237|25063.06|0.04
12664|66219.72|0.10
124066|49052.70|0.05
157858|84297.40|0.09
23446|6847.20|0.07
174007|15134.00|0.07
16609|15256.00|0.04
8972|77119.77|0.08
125749|40819.02|0.10
52282|45668.36|0.09
8055|16371.85|0.01
37376|11820.33|0.04
142665|46106.82|0.10
39017|41108.43|0.05
74711|60685.56|0.06
199764|93188.00|0.09
106039|16720.48|0.02
166086|19585.36|0.04
106832|22065.96|0.04
167215|25644.20|0.08
65639|43325.01|0.01
134850|7539.40|0.05
159819|35697.39|0.00
98579|66257.94|0.04
56022|978.02|0.06
146818|37296.20|0.08
90797|76874.97|0.02
11955|48540.70|0.09
134393|68514.72|0.09
118834|59290.56|0.04
40816|79056.45|0.04
127750|46221.50|0.05
187534|43781.31|0.03
121572|22309.98|0.07
55|2865.15|0.04
132100|20377.80|0.03
48211|39413.14|0.03
111409|26987.60|0.01
191579|20046.84|0.03
32362|7766.16|0.04
66055|47989.35|0.07
123447|10293.08|0.00
64109|9657.90|0.03
97458|71317.05|0.09
33745|13429.92|0.06
123880|15231.04|0.10
52802|33341.20|0.05
109029|42558.82|0.09
97556|20196.15|0.08
26275|27629.21|0.08
47543|55149.98|0.04
138095|50989.05|0.02
23458|42824.95|0.06
173147|18302.10|0.08
123079|29755.89|0.10
8767|46921.28|0.10
187195|19232.85|0.02
85857|84771.10|0.04
161842|81865.12|0.01
10319|14751.72|0.03
122914|61981.12|0.09
30447|22039.04|0.07
130181|37546.58|0.00
93960|78158.40|0.00
141804|81215.20|0.01
152322|9620.24|0.04
10733|39449.52|0.04
40431|48000.05|0.06
17376|11640.33|0.01
83699|58894.15|0.00
150940|41809.74|0.09
41012|24778.26|0.09
184729|36274.40|0.03
162854|38337.00|0.08
27261|17823.90|0.01
123827|18508.20|0.04
27854|53455.50|0.00
22142|15962.10|0.10
134397|37216.14|0.09
44468|35311.50|0.10
87732|8598.65|0.10
66038|18072.54|0.00
140131|38647.29|0.02
184933|20179.30|0.04
7401|49719.20|0.07
94835|1829.83|0.00
67935|20932.23|0.05
30766|84838.00|0.03
95290|52696.89|0.04
703|36885.10|0.09
101394|29303.19|0.07
21214|4540.84|0.10
164777|68145.49|0.09
55469|15669.06|0.01
106062|46994.64|0.01
12581|56756.04|0.04
79495|4423.47|0.07
8249|41660.64|0.07
78448|7132.20|0.04
158606|81565.40|0.03
84991|86943.56|0.08
68782|80535.88|0.07
40162|34166.96|0.05
100735|52071.90|0.10
93866|48356.36|0.08
163977|102048.50|0.05
45726|26747.52|0.09
101294|7771.74|0.03
71758|77838.75|0.00
165985|98447.04|0.07
53075|50375.43|0.07
68209|1177.20|0.03
128694|79243.74|0.03
38216|56556.29|0.08
159556|35542.10|0.07
95812|32540.58|0.00
104740|66300.12|0.05
77169|5730.80|0.00
194964|61768.80|0.01
118576|17540.27|0.08
68322|59354.72|0.03
111224|23469.18|0.01
159814|52466.68|0.01
25699|24370.35|0.10
11869|3561.72|0.00
48674|48680.10|0.07
29576|60222.80|0.05
2549|26127.72|0.04
195337|50131.55|0.06
25804|19027.80|0.08
74313|27033.51|0.06
77198|21153.42|0.06
8166|42966.40|0.01
184004|11968.00|0.04
9429|62905.74|0.01
119147|6996.84|0.01
67010|8793.09|0.10
140248|12882.40|0.10
137257|54358.50|0.06
155778|62348.18|0.01
157168|4900.64|0.03
192828|7683.28|0.01
197979|37385.46|0.00
179402|16295.40|0.06
183968|47195.08|0.08
42070|10120.70|0.05
106030|4144.12|0.05
32799|48490.12|0.06
47812|63353.16|0.08
370|39381.47|0.04
137561|38365.44|0.10
180031|15554.42|0.01
92662|57913.10|0.00
29945|18749.40|0.10
160273|63996.96|0.09
4279|49697.34|0.03
12743|39737.76|0.05
79177|11561.70|0.01
56603|51466.80|0.07
77950|52054.65|0.07
29940|56098.20|0.06
138775|52599.33|0.00
182284|42354.68|0.05
115317|55957.02|0.03
152849|62760.72|0.01
121373|15338.07|0.05
110010|22440.22|0.05
156478|32223.87|0.08
124414|20137.74|0.10
114296|55032.18|0.04
180254|30687.75|0.09
128197|25728.99|0.00
41153|31730.35|0.00
58685|60816.16|0.04
13380|58202.10|0.09
194640|45100.64|0.06
125804|75021.80|0.08
10897|3615.78|0.09
165735|9003.65|0.04
54611|34443.42|0.07
23143|30918.06|0.02
17228|52680.12|0.05
181156|33403.05|0.07
124477|34533.81|0.08
146546|1592.54|0.08
187639|43165.75|0.00
23867|30444.62|0.00
14692|65874.29|0.01
51965|7667.84|0.10
33812|45391.06|0.08
50940|64291.96|0.07
159442|49547.52|0.04
29866|32325.48|0.01
115057|5360.25|0.01
166033|5495.15|0.04
34610|27802.98|0.06
117565|53807.04|0.01
98365|28630.56|0.00
147836|22605.96|0.04
83736|5159.19|0.10
27899|43845.36|0.03
1269|51491.44|0.10
2334|13599.63|0.02
171142|49738.74|0.00
123218|62060.50|0.01
54307|25226.00|0.07
96250|47357.50|0.07
85013|36926.37|0.09
113109|4488.40|0.07
13745|66349.60|0.04
11177|29380.59|0.09
73879|22234.44|0.05
155392|28947.80|0.07
121687|85434.00|0.03
63680|13149.44|0.04
137502|44645.50|0.10
55646|24024.60|0.03
180453|21468.30|0.01
125286|15735.36|0.01
143353|54457.65|0.03
72808|64108.80|0.04
182864|91502.42|0.03
110817|84079.26|0.08
6038|17936.57|0.03
107895|22834.68|0.01
158266|29133.72|0.03
198397|40375.53|0.10
46856|21634.20|0.06
176295|64450.63|0.03
163874|94955.63|0.01
8718|22773.94|0.00
178030|34348.93|0.06
146418|14644.10|0.10
154516|31410.20|0.03
96844|80996.96|0.01
134382|56655.20|0.07
45016|32674.34|0.09
18951|93497.50|0.02
12323|38294.92|0.10
98466|30753.66|0.04
114491|31615.29|0.10
135267|29951.98|0.01
142269|9178.82|0.05
143832|65654.05|0.06
82764|47162.52|0.09
153426|62135.64|0.02
149201|60009.60|0.02
121413|71720.50|0.02
97876|59963.84|0.09
151906|35242.20|0.04
44310|52681.02|0.07
178352|42910.50|0.08
100362|66755.64|0.07
67541|15085.40|0.09
183108|20248.70|0.08
12946|55768.20|0.00
5514|34068.24|0.10
142462|33098.12|0.08
151124|18801.92|0.07
177045|44881.60|0.05
184505|28611.00|0.09
108150|32428.20|0.00
1558|27731.45|0.10
47099|52304.50|0.10
147795|1842.79|0.02
11511|46942.83|0.05
177178|57737.82|0.00
1356|45264.60|0.06
36856|32271.30|0.05
199061|19721.02|0.10
80011|48559.49|0.02
166350|22661.60|0.04
169230|16889.99|0.10
149794|53469.91|0.04
54381|38726.02|0.10
44152|20826.85|0.10
54616|32982.81|0.08
80867|12935.02|0.04
120135|6930.78|0.08
132781|90689.00|0.04
127282|15711.36|0.01
25019|29264.31|0.05
154017|10710.10|0.04
70085|17936.36|0.03
15778|11856.39|0.01
91663|13237.28|0.09
4121|2050.24|0.10
178487|36006.04|0.06
41653|36676.95|0.06
20040|33601.40|0.00
64286|15003.36|0.10
178151|39332.80|0.07
131022|34749.66|0.07
46573|9117.42|0.05
160249|27494.04|0.07
114305|51452.70|0.00
32551|34121.65|0.10
67900|39225.90|0.04
154335|66687.84|0.03
98866|44756.64|0.06
112959|43382.90|0.00
159871|5792.61|0.03
132008|33280.00|0.08
145421|51324.70|0.00
124844|29901.44|0.10
134169|21656.88|0.04
66133|40667.81|0.08
62532|10461.71|0.08
102137|53539.11|0.01
42256|19172.00|0.03
98740|81720.78|0.10
157536|28683.54|0.05
129208|38353.20|0.04
176285|51728.64|0.00
27299|29430.96|0.06
134138|43368.81|0.09
173595|45051.93|0.08
23160|36827.44|0.00
40094|24818.16|0.08
10470|59360.21|0.10
50479|65755.62|0.07
185733|21824.76|0.09
181927|16071.36|0.01
46792|1738.79|0.07
182670|47322.09|0.07
143999|55160.73|0.09
104671|51945.77|0.09
120543|6254.16|0.09
1404|14359.40|0.10
14187|36338.94|0.01
52169|4484.64|0.04
195756|22221.00|0.00
111197|15706.47|0.02
165846|15294.72|0.01
28736|58265.55|0.08
176549|76400.38|0.05
13438|29731.46|0.04
125913|11633.46|0.02
23580|75179.00|0.01
108048|25344.96|0.10
118794|45319.75|0.06
143036|14027.39|0.08
194809|15230.40|0.02
27391|65919.50|0.05
71338|27495.93|0.01
21702|43839.90|0.02
144565|74039.76|0.07
169527|15965.20|0.05
98064|14868.84|0.03
159285|57804.04|0.04
93101|1094.10|0.09
126850|22522.20|0.00
59787|76858.32|0.10
128218|49848.40|0.04
99882|75275.20|0.04
64931|87212.78|0.03
162496|52988.66|0.08
77027|39156.78|0.02
142398|60496.38|0.10
150237|28319.06|0.01
153326|33103.68|0.05
125577|35256.54|0.01
6882|57244.16|0.05
23303|3678.90|0.00
21038|9590.30|0.10
175416|52199.35|0.08
98867|76500.26|0.00
121201|2444.40|0.05
113608|4864.80|0.02
149556|54588.70|0.09
184870|74285.06|0.05
103701|28979.90|0.07
93583|75675.84|0.07
29726|71195.96|0.09
16151|1067.15|0.10
173257|34586.50|0.08
18822|53965.42|0.06
153419|5889.64|0.10
94248|29813.76|0.08
24898|76561.38|0.10
197812|66843.35|0.05
61253|44927.25|0.10
6055|23065.20|0.05
22425|8084.52|0.08
45339|38529.90|0.08
2314|25542.51|0.01
34186|24643.96|0.00
113835|18488.30|0.01
149371|32668.51|0.10
113782|57464.96|0.05
80663|59171.76|0.09
17929|75723.72|0.08
39078|11187.77|0.02
177679|72023.47|0.01
63082|51208.92|0.04
60994|33234.83|0.00
168719|62569.85|0.02
25824|10498.92|0.01
162012|31146.29|0.06
36655|73215.90|0.09
53114|53355.50|0.02
168600|36709.20|0.06
46150|27403.75|0.10
16471|48561.45|0.04
25952|69484.15|0.03
73706|16797.00|0.00
148357|29512.35|0.03
156501|45167.50|0.04
74897|22462.68|0.06
13902|16343.10|0.06
11661|22017.24|0.04
5060|6755.42|0.05
145986|30479.70|0.09
140365|25296.48|0.01
103332|12017.97|0.02
16466|63593.16|0.06
117268|5141.04|0.06
197976|68441.01|0.08
101695|74654.36|0.04
133449|54850.28|0.08
120461|45925.26|0.05
97327|47675.52|0.10
18710|79806.79|0.01
55172|42832.46|0.01
159186|8716.26|0.01
139772|30800.09|0.07
34852|78621.40|0.08
35699|50675.39|0.10
190583|35145.18|0.04
190662|56085.12|0.03
23204|47342.40|0.02
169142|39967.62|0.05
178921|57997.68|0.06
109851|33495.30|0.09
56561|63737.52|0.03
198454|71412.70|0.08
146423|58776.80|0.04
106811|58169.92|0.02
61953|5744.85|0.09
23329|17532.48|0.03
133409|51926.40|0.03
79504|50439.00|0.03
52301|52638.60|0.06
170916|17882.19|0.04
18334|48840.87|0.06
76301|58755.80|0.01
182262|59147.44|0.05
113613|22772.54|0.08
73425|37757.34|0.10
166626|37237.64|0.07
113676|60828.12|0.06
124110|9072.88|0.05
189618|56351.13|0.10
78290|15219.48|0.05
184611|44085.86|0.03
125915|56286.39|0.05
116953|3939.90|0.07
81264|31131.50|0.08
9732|8208.65|0.04
169812|58336.11|0.09
147790|84538.34|0.10
167290|61078.05|0.04
168096|27938.16|0.05
119016|17595.17|0.09
147397|31776.58|0.05
89836|18258.30|0.02
19799|46407.33|0.08
105977|89233.65|0.05
172591|48244.11|0.02
185559|4933.65|0.01
7277|53292.15|0.08
175946|97053.12|0.02
88418|70320.50|0.08
147463|61928.86|0.04
23022|25515.54|0.02
98368|40990.80|0.02
109636|39495.12|0.03
127519|13918.59|0.03
56822|78268.08|0.01
92557|6198.20|0.00
1514|66528.97|0.03
76763|80028.96|0.01
24457|34536.25|0.08
183023|33180.60|0.05
178719|35954.20|0.05
4119|28647.08|0.00
152917|41368.11|0.09
71635|40165.75|0.04
82720|20432.64|0.02
74715|70967.82|0.10
161331|18100.29|0.06
99389|23602.46|0.08
138037|25800.72|0.02
35977|89909.59|0.03
123849|82404.96|0.03
167206|42015.60|0.08
45774|39554.71|0.09
108671|1679.67|0.04
11706|46913.30|0.03
199788|90613.44|0.09
195461|28016.28|0.00
37551|59542.00|0.09
83350|5333.40|0.10
159238|11675.07|0.02
61959|46102.80|0.09
160009|11759.00|0.05
183617|64623.18|0.03
48417|61443.45|0.00
55973|71371.89|0.00
64502|73325.00|0.09
83306|37389.70|0.07
183280|27265.60|0.02
169172|44682.12|0.07
6433|10715.44|0.03
171258|62474.75|0.01
63262|28180.98|0.00
166034|26400.72|0.08
67147|36766.62|0.02
32057|45496.30|0.01
142745|55419.94|0.00
135352|61043.40|0.01
121170|10720.53|0.10
96583|72660.68|0.08
183638|68865.20|0.02
69982|5855.94|0.01
146442|35722.56|0.06
100939|31038.88|0.10
44042|986.04|0.00
196681|81773.28|0.01
105633|34411.23|0.03
77773|57775.41|0.06
176379|2910.74|0.05
63101|47884.50|0.07
157339|44682.56|0.09
54295|29982.96|0.04
83852|33045.30|0.00
97632|57037.05|0.07
156098|17311.35|0.08
58564|59379.84|0.10
176176|50086.80|0.04
183928|72429.12|0.08
93269|2524.52|0.08
128409|50309.00|0.10
116526|33935.44|0.03
52191|32009.32|0.07
113179|54839.82|0.09
183785|84095.10|0.07
65697|1662.69|0.08
18047|48252.00|0.04
199378|56140.06|0.06
136876|24867.31|0.01
80803|1783.80|0.03
47067|41576.46|0.02
112993|100299.50|0.01
30356|1286.35|0.04
153884|32943.96|0.09
186838|34646.94|0.10
89189|55374.46|0.10
104728|19059.92|0.00
114275|48992.26|0.06
22474|26532.93|0.04
11552|38052.30|0.03
9193|51802.93|0.03
23792|61768.44|0.05
149656|22173.45|0.00
162705|14141.60|0.03
165551|24248.25|0.00
2652|7773.25|0.03
58767|82836.48|0.07
70857|21934.20|0.04
121742|44093.50|0.02
124777|41440.71|0.02
25161|26067.84|0.03
180389|35265.12|0.08
26927|11123.52|0.09
183014|6582.06|0.07
90433|48396.62|0.02
10939|73997.20|0.08
24849|8869.20|0.04
91067|46554.64|0.08
150572|56789.95|0.05
5786|25376.70|0.07
195476|58144.39|0.10
77481|65631.60|0.06
108058|23453.10|0.00
127563|12724.48|0.01
94052|8368.40|0.09
80386|47823.30|0.02
193279|50773.99|0.05
88394|42854.09|0.01
28399|11946.51|0.02
189981|68342.34|0.01
98701|71387.40|0.07
106285|52942.48|0.06
91591|56973.24|0.05
27737|24970.95|0.02
148941|93527.18|0.00
59017|25376.26|0.09
70674|24670.05|0.01
148852|3801.70|0.07
166139|53025.72|0.09
45315|56713.95|0.03
90761|26276.40|0.01
38136|12889.56|0.03
94255|18738.75|0.08
46829|17758.20|0.00
24200|38222.80|0.06
150485|26103.16|0.00
53190|19434.23|0.07
92820|74325.62|0.01
23308|23394.70|0.10
94724|53280.32|0.09
49652|57659.40|0.08
24613|6150.44|0.06
108598|40164.75|0.10
195564|73020.64|0.00
115349|51844.92|0.00
45896|71833.71|0.02
152922|80971.72|0.00
101539|20026.89|0.10
199737|75305.93|0.07
177978|53455.22|0.05
190387|14773.80|0.06
158356|56574.00|0.03
99941|69873.84|0.08
71557|32099.55|0.00
89424|59363.64|0.10
136427|38048.92|0.03
62699|68129.29|0.10
159324|30433.04|0.08
8554|24863.35|0.00
4527|24335.84|0.04
12709|17838.70|0.04
123651|60287.40|0.06
86817|68544.78|0.09
191282|59051.04|0.03
126896|80761.38|0.00
12623|21498.68|0.06
50119|12829.32|0.01
131855|81134.55|0.04
65343|54950.28|0.08
122765|87600.24|0.03
96907|85675.50|0.06
54073|36974.52|0.01
193032|16875.45|0.00
140270|35377.29|0.06
54873|38385.27|0.08
34357|27118.35|0.00
76665|75516.36|0.06
18972|71856.86|0.03
144586|39133.92|0.06
53771|32770.63|0.03
188883|3943.76|0.03
148393|38917.53|0.10
168758|82203.75|0.01
65502|68972.50|0.04
79373|50037.69|0.03
197923|38397.48|0.06
14770|57282.18|0.01
22837|80952.18|0.04
184912|93854.77|0.04
44282|40467.24|0.01
56051|33232.65|0.00
196518|25832.16|0.03
121185|28948.32|0.06
89575|10951.99|0.10
61555|50046.15|0.03
4270|35228.10|0.08
93838|84264.18|0.03
31653|77647.85|0.06
80094|47259.96|0.02
61100|37138.50|0.01
97811|27132.15|0.04
39820|61593.70|0.01
35468|68769.54|0.06
179434|19674.59|0.07
125347|6861.70|0.00
168104|42195.60|0.01
169796|22389.48|0.01
118171|13080.87|0.08
97045|51059.96|0.03
187066|42663.22|0.07
138152|7140.90|0.09
11693|30489.11|0.02
60145|49731.30|0.08
96019|25375.25|0.00
182722|28875.52|0.06
30602|61304.00|0.10
125735|42257.52|0.09
81876|72456.93|0.04
30485|8492.88|0.09
65832|71913.20|0.10
26719|8228.55|0.01
57767|62091.36|0.03
90268|2516.52|0.05
28863|17918.60|0.07
10101|18199.80|0.06
130997|85175.58|0.01
180342|15645.74|0.03
37882|10919.28|0.00
173618|60897.96|0.00
149930|19799.30|0.10
57658|63010.35|0.07
94233|33135.21|0.05
10215|36006.72|0.08
66873|44156.88|0.02
154967|56614.88|0.02
94983|73185.26|0.02
51659|8053.25|0.02
145012|20083.19|0.08
3851|75458.55|0.07
156128|29603.00|0.01
191429|48653.44|0.07
112411|18504.33|0.10
127402|38593.80|0.07
157671|15558.03|0.03
172184|1256.18|0.01
159232|46484.28|0.09
125196|13433.09|0.04
83908|3783.80|0.02
29650|4738.95|0.02
27441|34211.00|0.09
62595|60746.01|0.01
54749|74964.56|0.04
195010|51935.47|0.02
8111|35668.85|0.06
112804|43603.20|0.10
48479|21412.05|0.03
191947|32623.04|0.05
30743|56907.16|0.05
57755|61659.00|0.02
38969|40067.16|0.05
95147|17132.10|0.05
64185|14939.34|0.04
103195|14378.28|0.06
131739|19478.03|0.09
164822|15094.56|0.00
54849|59526.72|0.06
185045|18080.64|0.01
96320|42122.24|0.07
65017|20622.21|0.06
156469|59492.94|0.07
197476|45630.63|0.10
78510|10419.57|0.06
56519|42789.79|0.03
142761|36075.20|0.00
36742|60434.64|0.06
81461|66353.16|0.02
177408|2970.80|0.07
158012|33170.31|0.04
134783|70893.42|0.05
119822|71830.98|0.02
192406|65929.60|0.02
180232|56425.89|0.02
89588|15775.80|0.05
45696|80442.81|0.08
157513|62820.40|0.04
143681|24145.52|0.04
106265|16526.38|0.06
11654|14090.85|0.09
169009|26950.00|0.02
842|8714.20|0.01
126812|23904.53|0.09
101040|47887.84|0.06
33690|4871.07|0.08
146711|75581.53|0.03
168607|51943.60|0.00
55597|51235.47|0.08
14600|46952.60|0.04
98450|68077.15|0.04
46056|1002.05|0.00
136431|41088.04|0.03
56607|59416.80|0.00
85803|26832.00|0.00
52884|34900.72|0.07
8574|31133.97|0.00
10470|23467.99|0.05
149|39867.32|0.06
30969|43699.08|0.05
180621|35734.02|0.08
69456|11403.60|0.06
7537|27446.07|0.09
129014|42763.41|0.06
26549|50168.36|0.09
192837|52105.41|0.08
2177|26979.25|0.03
178552|13044.40|0.01
26585|58951.62|0.02
105496|31531.29|0.03
72347|50134.92|0.03
105434|14394.30|0.03
104233|60624.27|0.07
135329|16371.84|0.02
76435|33874.32|0.03
24393|26347.80|0.04
169973|89890.68|0.07
160509|1569.50|0.07
147882|27018.32|0.03
127762|8948.80|0.05
50393|25524.41|0.04
49115|53205.50|0.03
28401|10635.20|0.06
91998|45769.77|0.10
54825|12458.74|0.07
5789|77959.88|0.10
12945|79891.42|0.01
133674|11953.69|0.06
167847|28722.60|0.01
98599|20768.67|0.07
24667|28649.88|0.05
110997|92367.54|0.01
110072|6492.42|0.09
172175|51133.97|0.04
76114|44694.51|0.07
148100|17221.50|0.09
86236|44000.28|0.10
54207|27868.80|0.04
34403|33435.00|0.04
183981|33039.68|0.03
143338|59397.19|0.02
24791|70347.39|0.00
151588|75420.68|0.05
79922|5705.76|0.01
49860|54295.80|0.05
123322|17489.16|0.03
75313|7729.86|0.07
27689|35566.96|0.08
125786|12682.46|0.04
13202|8921.60|0.00
129483|15124.80|0.04
90559|3099.10|0.00
8541|21743.10|0.07
62491|18895.37|0.02
190149|52043.88|0.03
147739|87549.77|0.09
172554|79700.95|0.01
110083|37164.72|0.01
55964|42239.12|0.06
144349|48766.90|0.00
106633|63945.57|0.03
87949|34864.92|0.02
165736|37836.33|0.09
147703|31512.60|0.04
96188|34341.22|0.00
191822|9569.10|0.04
116498|43920.21|0.02
141479|41052.69|0.02
152822|39371.22|0.08
129964|19939.60|0.01
4783|81013.44|0.01
168131|19186.08|0.05
83340|22496.78|0.05
149263|40680.06|0.01
107384|43132.78|0.01
145584|26073.28|0.07
59410|42451.71|0.05
175351|18542.55|0.09
167365|42970.80|0.08
11647|60786.96|0.08
150924|75046.96|0.06
68698|3333.38|0.04
125010|48645.47|0.03
111607|16186.00|0.08
1782|31991.82|0.07
117156|34021.35|0.04
25395|35650.53|0.07
159691|17506.90|0.04
36345|38440.20|0.02
107258|2530.50|0.03
183753|40408.50|0.08
152014|46904.44|0.02
140116|39307.74|0.06
122235|30173.52|0.10
26666|6370.64|0.01
29892|27328.35|0.10
181385|33726.74|0.00
121695|72100.98|0.03
104048|4208.16|0.06
94601|70206.40|0.01
50746|18664.14|0.02
114087|11010.80|0.04
197780|35677.82|0.07
72541|3027.08|0.03
79060|3117.18|0.03
29819|82194.07|0.04
107507|30290.00|0.04
97385|24882.84|0.01
122218|60770.29|0.03
139504|27783.00|0.06
12582|2989.16|0.00
89408|2794.80|0.10
146593|21314.67|0.06
80384|12279.42|0.02
106438|14444.30|0.02
183607|10143.60|0.05
138294|13322.90|0.08
56272|57728.69|0.02
112631|16436.30|0.10
162839|85582.35|0.09
104533|33825.66|0.07
161623|42115.50|0.04
135896|73411.82|0.00
68300|63415.00|0.06
182375|64124.28|0.02
159859|88267.10|0.01
115811|56631.11|0.08
167878|21404.57|0.08
123076|39566.52|0.10
45930|41270.46|0.01
23380|19550.70|0.00
127250|7663.50|0.03
191108|47964.00|0.08
125837|11176.98|0.04
176207|3849.60|0.09
25696|21081.97|0.08
53734|69196.93|0.03
100273|36924.83|0.09
32275|1207.27|0.03
70622|17518.82|0.04
25247|44545.12|0.02
33630|67236.09|0.10
18135|30540.77|0.09
36084|34682.72|0.10
77073|36752.45|0.06
141662|47702.48|0.07
54958|76518.00|0.03
160052|12232.55|0.03
5021|29632.64|0.00
161571|21223.41|0.03
52662|72659.70|0.05
2470|26076.93|0.06
66760|62163.36|0.00
183055|12518.55|0.04
61548|24152.64|0.05
171580|4954.74|0.06
193208|23421.60|0.10
7758|71627.25|0.10
49490|27350.31|0.01
187620|61474.32|0.09
119095|14483.17|0.03
148510|31170.20|0.08
19190|16637.85|0.08
42786|81252.66|0.04
99|26975.43|0.05
129205|59241.60|0.05
167516|38004.24|0.05
112349|28588.14|0.03
29976|41931.34|0.07
126261|14159.86|0.07
190655|5236.95|0.08
132826|39035.22|0.00
78212|8331.47|0.07
15577|38806.82|0.08
191497|68305.07|0.08
50017|32878.34|0.06
64693|29838.42|0.10
113716|6918.84|0.07
199195|41414.08|0.03
101719|79152.66|0.10
149045|24068.88|0.05
187938|18233.37|0.02
153971|87073.71|0.09
119746|86521.26|0.06
169894|17675.01|0.01
111202|2426.40|0.06
15441|13564.40|0.10
179086|3495.24|0.09
181917|83954.22|0.08
116316|50627.78|0.04
14770|80868.96|0.00
91429|69600.58|0.10
182967|30749.40|0.03
157840|49343.84|0.05
104194|7189.14|0.06
171338|31005.26|0.05
122043|9585.36|0.00
90982|74973.24|0.04
101268|62193.74|0.06
86858|70104.30|0.07
96072|44858.94|0.03
55012|31911.33|0.00
50150|19802.70|0.00
128703|8658.50|0.04
122089|19999.44|0.10
133069|48490.64|0.01
193909|36052.20|0.10
177843|90279.48|0.03
167623|32121.78|0.10
33736|5009.19|0.08
58920|60125.44|0.02
172931|36070.74|0.03
165480|75728.52|0.09
141605|8233.00|0.03
33306|38418.30|0.05
168593|11631.13|0.01
99029|21588.42|0.02
2110|6072.66|0.02
178753|31139.75|0.08
86542|51970.36|0.03
19702|40542.50|0.10
94347|25485.46|0.09
157836|5681.49|0.04
24839|75844.69|0.05
110896|53392.92|0.03
58445|21051.60|0.05
23140|41462.46|0.01
73826|26997.30|0.04
63467|68662.08|0.00
45000|43470.00|0.08
106108|35651.20|0.04
7342|13742.74|0.07
137598|14720.31|0.05
68439|53482.34|0.05
186542|42342.04|0.03
46330|59987.51|0.00
107131|14795.69|0.01
187523|51536.64|0.05
3285|49907.76|0.06
171240|34092.24|0.09
27975|11417.82|0.09
28633|34355.86|0.09
56758|41154.00|0.02
99107|13273.20|0.05
88463|50801.10|0.09
125871|37937.40|0.05
87384|12342.42|0.04
141974|64511.04|0.03
82671|71107.81|0.00
138809|16630.20|0.05
140696|81624.43|0.00
139185|52639.74|0.10
182787|87879.66|0.10
183853|67789.75|0.08
79948|30847.04|0.07
80802|37438.80|0.03
76003|29370.00|0.04
94960|66468.64|0.05
160695|24579.66|0.03
193288|15194.08|0.02
90835|62078.22|0.06
25718|14793.39|0.04
146388|4303.14|0.08
5181|6517.08|0.09
127409|17236.80|0.08
173359|17188.20|0.06
98304|59905.80|0.01
13262|39958.84|0.03
68754|82692.00|0.00
134738|58500.09|0.00
151551|17628.05|0.06
129289|63277.44|0.03
127235|25244.60|0.07
117784|82881.88|0.07
41258|19188.00|0.08
121337|38033.24|0.10
123386|21140.70|0.03
76456|14324.50|0.09
45540|53479.44|0.08
14221|10216.98|0.05
60695|44703.63|0.00
168155|41587.10|0.04
96654|19807.80|0.00
4130|29989.77|0.09
57111|18157.87|0.08
103674|72139.81|0.09
128466|35867.04|0.04
72596|7842.95|0.08
42611|7768.05|0.05
77419|9774.87|0.06
46164|25533.68|0.10
47709|44730.90|0.07
122732|84227.04|0.02
15492|33779.76|0.10
155187|7453.08|0.01
152258|36687.00|0.01
168854|24997.05|0.03
23592|53045.65|0.04
102251|23811.75|0.01
176105|24803.10|0.05
87310|28540.82|0.08
53067|7140.42|0.01
77529|52728.20|0.08
135144|49523.88|0.03
119936|88016.85|0.09
194130|46516.94|0.00
54456|7052.25|0.05
33004|39354.00|0.01
27578|42155.96|0.02
134816|88838.88|0.09
194528|32450.40|0.06
77751|13830.00|0.05
19729|29676.96|0.01
138899|36819.91|0.02
154614|75087.45|0.00
158018|46268.43|0.03
122512|12276.08|0.00
126259|12852.50|0.03
42945|45310.56|0.10
166062|49634.64|0.07
179738|25448.22|0.00
177536|67768.26|0.04
125072|38397.45|0.10
85266|42542.84|0.00
152624|43592.12|0.09
182504|11105.50|0.04
64639|12829.04|0.05
84659|13149.20|0.10
147724|28347.52|0.04
22885|23502.44|0.07
135070|49728.15|0.08
79142|6726.84|0.03
74503|10342.50|0.09
32472|14044.70|0.01
52529|31111.92|0.10
161808|65443.00|0.05
79029|9072.18|0.05
192603|28825.20|0.08
57316|10186.48|0.05
99640|52468.48|0.00
24052|35137.80|0.08
152554|19278.60|0.03
148257|14357.75|0.04
176186|47962.84|0.04
150697|34953.80|0.02
191407|34463.20|0.05
81298|48613.02|0.06
156138|22688.47|0.09
90636|56932.05|0.07
197423|69939.32|0.04
72025|21934.44|0.02
142712|43867.75|0.03
132354|51294.95|0.01
47563|58911.84|0.06
81097|5390.45|0.09
102601|19243.20|0.01
197130|2454.26|0.01
22458|35891.70|0.09
171306|12395.70|0.04
173892|64874.37|0.03
164047|8888.32|0.00
104965|29549.40|0.02
95079|44036.87|0.09
66891|70599.82|0.01
61583|13901.22|0.05
13042|40111.68|0.09
136278|31542.48|0.02
117059|40889.90|0.04
140202|54656.80|0.00
140538|28413.54|0.05
5845|22760.92|0.07
60085|41803.20|0.10
182880|37294.72|0.03
193877|63067.84|0.00
17353|44462.25|0.01
94297|14204.19|0.04
120694|84019.81|0.10
13837|68282.37|0.00
121651|15053.85|0.06
174134|35035.77|0.02
22008|43710.00|0.02
148961|2009.96|0.01
122745|37122.54|0.04
160315|13753.10|0.09
25040|12545.52|0.03
117937|80152.13|0.01
179642|53370.84|0.10
154218|47071.77|0.07
195050|45802.00|0.02
177913|17918.19|0.03
12705|74414.20|0.03
104711|27451.36|0.00
67778|69830.80|0.01
197404|66061.60|0.07
144966|42230.16|0.00
61630|65256.83|0.06
120706|43167.50|0.10
6762|76762.96|0.03
171738|65150.28|0.04
187246|6666.20|0.07
87362|6746.80|0.07
164745|3619.48|0.10
170844|89997.48|0.05
198714|68882.98|0.01
73458|2862.90|0.06
16695|61244.22|0.04
150964|14104.72|0.04
60578|38464.25|0.10
122528|15505.20|0.10
176838|36381.77|0.01
148057|30941.40|0.05
42088|41203.20|0.05
15802|51534.00|0.01
180546|9759.24|0.04
105232|42065.82|0.09
137235|48344.74|0.08
29968|1897.96|0.06
46683|61927.84|0.05
15486|11211.84|0.09
184253|26745.00|0.10
107685|5078.04|0.09
197933|10154.65|0.01
176043|25737.92|0.01
105098|8824.72|0.02
102179|10630.53|0.07
172365|21560.40|0.08
53032|985.03|0.00
3568|44146.80|0.10
27638|43837.64|0.05
116830|42477.09|0.03
105021|23598.46|0.10
17206|31449.60|0.02
114793|3615.58|0.03
152244|10369.92|0.04
179014|34976.32|0.01
120976|31951.52|0.06
1871|86870.63|0.01
81329|22275.44|0.00
40827|53034.60|0.10
28612|40055.86|0.01
194958|65694.40|0.05
96234|33216.21|0.01
170820|9454.10|0.07
46061|32225.92|0.07
35843|28461.44|0.02
3879|82012.02|0.00
137327|34108.00|0.04
141815|53847.49|0.04
144434|7392.15|0.05
20851|74417.70|0.09
61107|10681.00|0.09
6016|1844.02|0.08
143474|68286.15|0.10
184624|5125.86|0.02
161698|47511.63|0.01
106905|19119.00|0.02
59878|16540.83|0.02
66951|7671.80|0.04
35324|25186.40|0.07
22702|68237.40|0.08
4174|4312.68|0.09
70428|18179.46|0.07
152716|45986.46|0.06
72252|15915.25|0.03
72110|54105.50|0.00
104981|23831.76|0.08
23350|42020.55|0.10
151089|34202.40|0.09
52180|53212.46|0.10
138788|43842.72|0.06
135259|12942.50|0.08
54872|25576.18|0.08
67015|23568.24|0.08
123326|8095.92|0.04
44911|18559.10|0.08
133742|10654.44|0.05
177272|24286.86|0.01
199842|87382.80|0.09
95858|29661.60|0.01
82085|40549.04|0.02
179666|54115.46|0.06
97679|68743.47|0.08
7859|21202.20|0.00
13528|63426.88|0.01
11176|31527.93|0.02
47249|13158.64|0.04
103507|40783.50|0.04
2384|46309.68|0.02
154177|56633.82|0.01
161333|58561.86|0.06
30192|42643.22|0.03
164114|32987.08|0.08
185047|4528.16|0.04
79172|32232.76|0.10
62526|64006.36|0.04
105504|66418.00|0.10
194340|27252.46|0.06
103548|49649.28|0.05
35572|4522.71|0.09
42932|74997.20|0.06
50313|63165.50|0.04
77936|82298.99|0.02
50360|36690.08|0.01
125560|19026.72|0.00
104916|61469.12|0.00
144204|7489.20|0.07
35872|86777.76|0.06
41522|64394.88|0.03
137225|7573.32|0.01
15638|32626.23|0.02
23034|22968.72|0.09
90521|30230.40|0.03
195703|34175.30|0.07
179052|23752.05|0.09
160248|52329.60|0.10
88012|12000.12|0.01
2089|48562.92|0.03
142587|37480.34|0.06
137018|10550.10|0.00
98461|51081.10|0.04
172829|7607.28|0.03
50119|50248.17|0.08
54833|60786.22|0.06
94365|13593.60|0.01
167288|32526.72|0.06
174212|3858.63|0.06
63042|50252.00|0.09
182549|21210.02|0.08
24499|8540.94|0.01
38823|40521.86|0.08
13549|8775.24|0.09
44949|9469.70|0.05
158610|66744.40|0.08
105253|35231.00|0.06
125630|56291.42|0.01
194770|11188.62|0.00
150018|36312.34|0.00
157624|28587.54|0.04
180488|47054.40|0.02
2785|75950.10|0.01
144273|65863.50|0.08
35208|35439.20|0.07
128841|28047.60|0.04
146133|7074.78|0.03
196097|34599.61|0.06
30411|12072.69|0.08
127516|49392.32|0.00
20005|1850.00|0.07
29013|16956.18|0.07
198871|65005.71|0.04
36831|1767.83|0.07
35239|15264.99|0.10
73127|40704.44|0.08
112172|4736.68|0.01
155206|26485.20|0.08
118|49887.39|0.01
164458|12179.60|0.06
3721|42242.72|0.08
133599|66936.19|0.04
57774|32903.63|0.03
179545|53609.82|0.05
23589|65040.94|0.06
40922|70790.96|0.06
160408|67546.40|0.02
112639|46245.64|0.06
187757|9223.75|0.03
172833|83856.52|0.01
151215|24057.99|0.01
2504|18284.50|0.09
99494|70194.03|0.04
98282|32007.00|0.04
135153|7128.90|0.03
71557|1528.55|0.05
15473|23603.99|0.07
769|66790.40|0.10
111973|25804.61|0.06
120003|45012.00|0.08
86451|71872.50|0.07
45655|64026.00|0.09
95434|44312.33|0.07
155116|42159.96|0.09
133942|65206.02|0.07
233|2266.46|0.10
1802|49410.20|0.03
173795|5606.37|0.10
11367|34515.72|0.00
150414|49789.94|0.07
79918|18979.10|0.05
57128|19532.16|0.03
53125|31265.48|0.06
62993|7823.96|0.04
139112|46044.40|0.08
191966|65854.72|0.09
41459|11203.60|0.02
72312|37244.99|0.09
7501|42255.00|0.00
105970|15807.76|0.03
177504|68004.50|0.01
97016|49637.49|0.01
149104|33439.90|0.01
44717|21602.23|0.04
108689|57721.12|0.06
43656|46389.85|0.02
40301|6206.50|0.07
131480|66505.12|0.06
104958|66740.30|0.09
130057|35872.65|0.01
132229|16395.86|0.09
26516|66355.46|0.00
14467|53876.94|0.01
32339|63566.50|0.09
9704|64548.00|0.05
160460|65379.78|0.02
25745|65158.86|0.02
101717|77341.95|0.07
49077|18469.26|0.02
196307|22452.80|0.02
57110|14939.54|0.05
141684|32787.92|0.04
14716|26091.36|0.01
177424|70566.74|0.04
196107|1203.10|0.09
143380|65475.48|0.08
191790|1881.79|0.08
148776|9123.85|0.00
65532|41930.84|0.02
155422|62051.64|0.02
90848|60681.72|0.04
83911|79586.22|0.10
156778|11008.62|0.02
147931|83115.06|0.08
114129|50297.28|0.00
183165|28707.68|0.04
54652|77119.20|0.02
168044|13344.48|0.06
89495|7422.45|0.04
137073|5550.35|0.03
145070|40142.52|0.00
132496|41269.23|0.08
152923|73109.04|0.02
143816|26037.34|0.09
125034|39184.11|0.04
135028|38268.72|0.01
36135|27849.38|0.04
23982|32401.66|0.01
48886|84404.48|0.10
106682|28707.56|0.04
2386|29632.74|0.06
2656|21821.10|0.06
185626|35944.02|0.10
89502|32813.00|0.05
108533|30830.60|0.06
147396|28867.80|0.04
185683|83127.96|0.07
30637|21946.82|0.00
199268|13672.60|0.04
89666|11589.62|0.02
118987|96287.04|0.04
194663|80852.36|0.10
143421|70292.16|0.09
199651|42015.60|0.04
52877|87833.76|0.03
36036|11664.36|0.02
116820|3673.64|0.06
131857|86887.10|0.08
191089|59004.00|0.06
103699|52783.39|0.04
119441|2920.88|0.01
19174|32795.10|0.08
71119|20712.09|0.08
4613|9105.66|0.10
56595|55857.24|0.04
105697|76621.05|0.01
173881|23458.56|0.10
139718|26365.65|0.06
180555|9813.30|0.05
85730|82355.04|0.07
176437|10594.01|0.04
191612|10221.66|0.00
177224|13012.20|0.07
71650|58379.40|0.01
69004|39893.00|0.01
60346|41802.88|0.06
184505|54043.00|0.07
54552|34650.65|0.06
110715|37965.62|0.05
125840|24255.92|0.02
15334|58718.51|0.00
27921|77654.64|0.03
104091|28472.34|0.04
126363|33344.64|0.06
131690|46485.63|0.08
57259|32838.75|0.09
183059|22841.00|0.08
31294|15928.77|0.09
142975|40359.40|0.04
129745|24846.36|0.08
195168|6315.80|0.09
193486|52122.84|0.03
145809|25967.20|0.02
62338|63716.17|0.04
198817|59390.11|0.10
6877|3567.74|0.02
183394|70914.72|0.01
166405|58856.00|0.04
53231|34342.67|0.07
172977|26649.61|0.02
84561|13910.04|0.01
14413|30530.43|0.10
10130|22882.86|0.03
34355|18050.90|0.10
27259|13048.75|0.00
38382|51494.82|0.04
41283|41625.52|0.02
38311|16241.03|0.02
86672|58053.45|0.00
185955|102047.50|0.04
192550|9855.30|0.10
95659|67840.65|0.06
77276|13785.97|0.03
92071|53153.50|0.01
136212|32453.46|0.09
86284|25405.60|0.01
121349|56183.94|0.10
151483|7672.40|0.09
156811|28017.15|0.08
29343|21629.78|0.00
33248|50793.32|0.08
64293|35204.12|0.08
154371|59865.54|0.04
41639|72708.98|0.01
61188|1149.18|0.08
156211|2534.42|0.04
137299|64141.92|0.07
189903|55801.20|0.00
31927|57626.52|0.10
183249|62615.28|0.08
168540|77209.92|0.04
4286|4761.12|0.03
113433|11571.44|0.08
49412|63986.27|0.03
18616|41434.47|0.04
175223|54525.24|0.02
90568|28054.08|0.10
173217|9031.47|0.00
116809|29212.80|0.10
83052|3105.15|0.09
476|20647.05|0.04
34756|43959.50|0.04
152529|12652.16|0.09
197426|57889.96|0.09
192546|34409.34|0.06
117507|67078.00|0.03
161675|1736.67|0.05
70141|44445.60|0.06
118347|57344.28|0.06
133957|35837.10|0.02
34986|23051.76|0.10
196610|63144.57|0.03
65131|13153.56|0.05
90062|45238.58|0.00
182440|47195.64|0.04
150673|13789.36|0.10
74510|40081.77|0.06
66657|22731.10|0.10
58009|37713.00|0.08
163795|91080.71|0.01
50797|66416.02|0.00
165960|34441.32|0.07
146309|27106.00|0.02
150784|71556.42|0.10
189187|31904.50|0.09
180486|65792.16|0.02
10223|40795.92|0.04
10247|40503.40|0.04
56242|13180.64|0.08
55739|79652.31|0.09
48845|43052.16|0.01
88359|56588.70|0.06
46957|22847.40|0.00
46062|40322.40|0.02
85123|42108.56|0.07
114460|41284.88|0.04
51784|55544.96|0.01
135931|51140.18|0.07
193315|67598.88|0.10
4384|10307.04|0.09
8261|23385.20|0.07
37542|2959.08|0.09
153875|48221.75|0.06
104760|22941.88|0.05
164433|31446.03|0.04
62413|45388.53|0.10
161255|19743.75|0.10
40229|32738.16|0.08
32471|25262.46|0.05
73057|4120.20|0.02
8564|23560.96|0.10
142311|36539.37|0.01
40849|89492.00|0.04
29233|46489.20|0.04
191370|71607.13|0.03
79876|92793.50|0.02
49660|6438.64|0.10
114044|11638.44|0.00
109229|54481.68|0.10
62850|65262.60|0.08
116248|20227.84|0.06
18508|64192.50|0.03
177406|7417.00|0.10
74256|24605.00|0.06
177474|74470.56|0.04
47461|15493.06|0.09
103007|18180.00|0.05
6222|45128.80|0.01
197491|38123.76|0.03
25721|69162.24|0.02
25785|56455.74|0.08
150903|84017.70|0.05
15369|20549.76|0.01
140588|11400.06|0.03
58475|47304.51|0.06
184977|45363.34|0.04
4788|18620.58|0.08
100019|44836.44|0.10
78280|6291.40|0.07
7543|52219.44|0.08
134112|25214.42|0.01
132467|34487.58|0.00
106927|54149.76|0.09
143963|10034.80|0.09
104694|25480.35|0.01
116694|73559.67|0.09
185788|28106.70|0.03
185258|42984.00|0.00
83740|60330.90|0.07
32994|3853.98|0.06
74804|23124.40|0.05
2811|54841.92|0.10
116566|71215.20|0.04
112010|19418.19|0.09
147419|48391.53|0.00
77717|45757.17|0.08
181131|30303.25|0.09
146011|38052.36|0.00
85565|15505.60|0.08
21468|58357.32|0.10
137438|20656.02|0.10
30019|47450.50|0.02
165019|33604.31|0.05
81939|40339.53|0.02
3735|1638.73|0.04
62424|26341.98|0.04
116963|17819.64|0.05
30693|77937.12|0.07
74192|6997.14|0.06
8929|71678.88|0.00
180746|84030.04|0.10
5038|24518.78|0.09
80432|62146.92|0.08
46888|36697.60|0.04
22748|75183.30|0.10
14207|56060.00|0.00
133343|56429.94|0.05
63334|41514.56|0.01
96440|47402.52|0.00
138583|81079.00|0.03
104346|9452.38|0.03
156617|65270.79|0.06
171285|32550.72|0.04
132016|46112.44|0.02
159612|60177.96|0.04
57339|63520.17|0.00
158165|35471.64|0.02
195731|20094.03|0.05
148358|19688.90|0.09
110747|14061.92|0.06
128724|68356.08|0.03
8092|44003.96|0.03
66314|28166.82|0.02
20392|48558.43|0.01
11099|46464.14|0.07
185318|47712.54|0.05
160891|46845.36|0.00
60476|60331.74|0.03
128886|89999.36|0.07
178955|30509.25|0.02
49985|21284.78|0.01
116748|15882.66|0.10
134886|84518.72|0.07
17894|34425.91|0.10
109346|8132.04|0.10
79864|14750.88|0.08
136998|93609.54|0.07
127152|4716.60|0.05
97571|31371.40|0.02
25727|67761.52|0.10
84651|37619.95|0.07
161048|47688.72|0.07
133448|32591.68|0.04
154313|62896.26|0.00
73452|41338.05|0.03
155902|76358.10|0.04
131172|57752.16|0.01
166845|49707.84|0.03
110050|30741.45|0.08
163292|36592.83|0.07
173130|46922.07|0.02
15756|71885.25|0.05
79219|46730.19|0.01
64644|28955.52|0.09
175402|11819.20|0.06
42103|6270.60|0.09
105684|27034.88|0.10
7438|67271.50|0.07
178960|6116.88|0.01
137994|87375.57|0.03
153507|68662.00|0.08
19919|20228.01|0.03
121702|46539.90|0.10
126371|30742.14|0.07
75891|5600.67|0.10
33965|51271.92|0.02
82914|15175.28|0.06
106625|78317.76|0.05
173007|2160.00|0.00
35059|30815.55|0.05
147202|33728.40|0.01
194014|33240.30|0.01
163976|36719.46|0.04
90455|24572.65|0.08
122544|57961.98|0.06
46841|85816.32|0.09
134186|4880.72|0.00
10064|28247.74|0.00
25582|57288.04|0.10
176123|7194.72|0.10
92361|41954.16|0.04
179366|67931.92|0.00
17442|17672.72|0.01
11062|15568.96|0.03
152334|56839.53|0.04
122105|4508.40|0.05
118256|12742.50|0.07
48520|57272.28|0.05
131685|82400.64|0.02
38427|45058.86|0.10
119063|23805.32|0.05
64257|20761.25|0.08
113574|6350.28|0.05
44576|16726.27|0.09
172390|19011.07|0.06
87098|47743.96|0.09
63691|46331.32|0.01
16584|63024.36|0.00
172821|24619.66|0.00
77363|34849.36|0.10
111156|35014.50|0.10
182311|25079.58|0.05
100264|1264.26|0.04
69227|53829.90|0.08
133463|47886.72|0.09
181438|68374.35|0.10
113588|3203.16|0.08
65141|23228.94|0.01
739|70508.39|0.07
131523|12436.16|0.05
38050|37545.90|0.10
14909|69308.20|0.01
113331|43018.56|0.07
99962|23543.52|0.10
183814|43649.63|0.09
55153|9973.35|0.00
175319|46012.23|0.08
14691|64227.60|0.02
180252|26645.00|0.07
84643|13021.12|0.01
28090|39705.51|0.02
124273|9080.89|0.02
102249|30029.76|0.01
56459|2830.90|0.03
78853|49459.95|0.03
135458|13441.05|0.00
82884|41071.36|0.03
51876|56663.97|0.09
15604|21274.40|0.05
165512|55212.85|0.06
118634|1652.63|0.10
95085|34562.56|0.01
76322|59722.72|0.03
136533|78476.50|0.02
177862|95053.14|0.00
72989|92213.06|0.05
178232|53719.43|0.01
191227|27682.62|0.01
100746|41921.76|0.10
143594|16375.90|0.02
58073|14434.98|0.08
126602|65144.00|0.09
72346|10546.72|0.02
69372|56337.54|0.02
174692|24733.66|0.05
183835|21107.13|0.05
150219|15230.52|0.05
174902|25699.70|0.09
139029|27768.52|0.06
804|3409.60|0.03
95321|46071.20|0.08
191932|93100.78|0.01
10933|66381.48|0.04
170415|43076.89|0.06
141491|50572.17|0.06
7449|2712.88|0.07
103299|26045.80|0.10
117873|88870.89|0.01
549|26091.72|0.09
40860|68432.68|0.02
137212|58712.87|0.08
119875|92848.63|0.09
56424|48314.70|0.06
71177|51667.65|0.06
12550|48264.15|0.05
141590|45684.52|0.05
158101|41727.60|0.07
2138|46805.85|0.06
23009|932.00|0.04
80061|15615.90|0.00
156876|50254.62|0.10
133277|18343.78|0.09
85050|19665.95|0.03
139803|23956.40|0.10
108628|19639.44|0.04
198562|44835.12|0.03
109407|41075.60|0.08
55197|9217.52|0.07
135975|10054.85|0.06
69898|74715.60|0.09
87098|1085.09|0.06
65601|67363.80|0.03
158775|29340.32|0.01
131289|7921.68|0.08
186271|31217.21|0.10
111322|65332.68|0.08
126831|63166.22|0.08
113883|41731.36|0.03
21438|36704.61|0.06
46851|52137.65|0.05
138815|79713.83|0.01
95699|23725.66|0.02
182385|16141.18|0.10
12879|64507.32|0.07
92418|19745.74|0.03
136255|11621.25|0.00
84373|10858.96|0.01
58451|67653.60|0.02
174127|8407.84|0.06
66018|2952.03|0.10
64125|39208.32|0.08
12704|30717.30|0.10
191875|60972.97|0.10
38891|49407.03|0.03
10029|23475.50|0.10
27527|61089.84|0.00
125029|1054.02|0.10
130540|28269.72|0.06
156089|57254.00|0.08
180818|83547.64|0.02
9438|66024.07|0.10
52974|86713.65|0.00
129537|53262.02|0.09
131184|48607.20|0.08
87984|94655.04|0.09
72074|51257.43|0.05
65861|3653.72|0.08
113143|52026.30|0.06
42736|65470.47|0.04
150262|39367.80|0.07
48886|45872.00|0.05
14571|29711.40|0.07
156995|22571.89|0.03
22137|40246.94|0.04
54356|24896.65|0.04
193634|74288.09|0.06
17223|39907.70|0.00
182270|31102.21|0.08
173100|51616.40|0.04
115770|82145.42|0.07
76583|70181.10|0.06
176760|90001.24|0.09
174119|47724.40|0.06
174887|84360.84|0.05
78118|29594.97|0.04
22866|42932.64|0.04
20033|27637.87|0.04
102440|28848.80|0.06
9086|34827.80|0.03
197080|15302.04|0.10
76753|81298.25|0.02
82224|56692.34|0.01
14220|7939.54|0.06
178472|34110.34|0.07
124816|40497.82|0.04
59841|68431.92|0.00
6225|10180.98|0.09
14576|11924.56|0.08
140961|78076.44|0.09
58208|33819.80|0.02
144546|3181.08|0.04
187632|75663.72|0.02
16183|24181.96|0.02
6129|51756.00|0.07
119356|15128.85|0.04
48059|4028.20|0.00
27487|36776.48|0.05
189841|94611.16|0.10
117852|41136.70|0.00
132454|23783.20|0.01
129052|49728.30|0.00
174454|65723.35|0.07
72855|62146.90|0.01
66968|73528.48|0.02
152741|77130.82|0.01
105610|80780.50|0.09
67493|1460.49|0.10
19653|77059.85|0.04
128545|58220.98|0.01
139223|25244.40|0.09
101645|69158.88|0.03
11542|10174.78|0.01
53504|4372.50|0.03
124923|54541.76|0.00
48336|12843.30|0.10
46488|54510.24|0.04
152995|81919.60|0.05
14275|23785.40|0.08
176829|78138.62|0.02
31988|74879.22|0.08
135666|68066.40|0.00
30463|20901.90|0.02
114492|15064.90|0.10
38408|33660.00|0.00
60492|4357.47|0.08
190932|26298.09|0.05
155105|53364.60|0.03
20599|3039.18|0.05
43957|77938.95|0.00
67016|23592.24|0.01
67687|67841.88|0.00
160813|71204.78|0.03
120914|54177.48|0.02
17293|53252.76|0.02
166696|28203.04|0.10
102754|21081.00|0.05
35686|76218.96|0.04
142860|58988.66|0.08
50493|31756.78|0.03
73168|20540.88|0.02
168776|27671.55|0.02
191517|38604.24|0.04
143862|51458.22|0.01
12792|64782.02|0.04
138370|53518.06|0.05
58573|13784.13|0.03
11157|45930.45|0.03
155689|50595.72|0.07
48047|24876.00|0.09
112765|3555.52|0.01
75481|45150.88|0.07
59075|12408.84|0.00
89147|56807.00|0.01
153545|41562.04|0.09
68736|34094.60|0.08
92416|42252.30|0.08
178074|8064.49|0.04
90037|16432.48|0.00
181077|5790.35|0.08
139970|70348.95|0.04
120982|100149.00|0.02
161769|84214.96|0.08
182078|12760.77|0.07
1873|21298.44|0.06
116837|92691.50|0.08
184474|6233.88|0.06
77319|12963.10|0.10
34573|15075.70|0.10
185397|32612.58|0.08
147071|1118.07|0.09
181193|6370.95|0.04
190796|9433.95|0.01
118441|56918.16|0.03
198398|13467.51|0.05
24560|13361.04|0.09
29057|42400.15|0.09
11358|34272.45|0.02
63267|9842.08|0.01
42586|25985.86|0.04
72567|12316.48|0.03
87707|77956.20|0.07
134022|21120.40|0.09
143190|49327.60|0.06
183154|8660.05|0.09
70583|37285.92|0.03
37225|43002.14|0.09
188247|41392.44|0.02
167913|5942.73|0.03
66007|9730.00|0.08
33262|56177.22|0.03
199006|40885.00|0.02
116580|11176.06|0.00
40733|10042.38|0.03
61060|35737.10|0.09
27618|77280.50|0.07
177647|68985.60|0.06
134717|57806.43|0.01
120793|50786.12|0.01
140109|56305.90|0.09
25225|44858.58|0.04
146763|30765.92|0.00
29018|30304.32|0.10
166464|38261.50|0.10
7365|39443.16|0.08
108128|14769.56|0.09
99029|31868.62|0.02
16877|41259.01|0.09
58748|27307.84|0.07
196485|66422.16|0.10
26545|7357.70|0.05
74419|40408.89|0.09
121817|55164.30|0.00
145194|28501.37|0.08
150195|14942.28|0.10
113633|39519.12|0.04
128117|42369.07|0.06
77730|81971.04|0.01
192869|45122.78|0.02
182509|39787.50|0.03
67889|16711.92|0.06
190350|7201.75|0.09
161249|55030.08|0.05
42022|32776.68|0.05
111961|1972.96|0.08
89886|28138.20|0.02
747|6590.96|0.01
135161|21530.88|0.08
30916|55407.30|0.03
76145|8969.12|0.06
133157|5950.75|0.08
145722|38889.84|0.06
21837|65076.71|0.10
172860|92777.28|0.03
111546|45168.66|0.00
144947|53782.38|0.10
17184|37440.12|0.08
93950|89421.70|0.01
68273|17377.78|0.10
108806|52629.20|0.05
182610|47393.08|0.10
194025|27975.50|0.04
108449|46638.08|0.08
18887|66817.56|0.00
1922|49245.84|0.10
80843|3647.68|0.02
193448|20038.72|0.04
163314|44073.92|0.06
179132|47234.07|0.00
123835|26023.62|0.05
5109|35493.50|0.07
106129|26107.76|0.02
148038|3258.09|0.06
82953|1935.95|0.00
62918|15047.28|0.09
31090|22463.98|0.09
60636|6386.52|0.08
192175|25343.40|0.04
105499|42125.72|0.03
111254|55671.00|0.03
125828|92691.00|0.00
107161|23363.20|0.02
138009|32457.00|0.01
75194|47936.79|0.10
147764|56164.56|0.01
47282|46712.64|0.09
9468|52343.48|0.03
55524|23672.32|0.05
99523|45675.60|0.05
126429|71315.58|0.07
102062|44690.52|0.09
147546|70115.76|0.10
86044|10300.40|0.05
96044|6240.24|0.07
192243|18693.36|0.05
166329|66975.36|0.03
134141|35254.20|0.06
189361|50762.60|0.06
49077|5130.35|0.05
138378|28327.40|0.01
39279|2436.54|0.04
64598|4687.77|0.09
65146|22222.80|0.07
103822|45645.50|0.03
3865|67216.68|0.07
165958|14167.65|0.09
136904|23290.80|0.05
113128|11411.20|0.09
19459|16541.40|0.08
116316|18652.34|0.03
112467|42904.34|0.03
132189|30529.50|0.04
137802|22077.60|0.10
23590|9081.54|0.03
188874|13740.09|0.08
80296|8934.03|0.02
37440|53720.16|0.09
36030|17388.54|0.06
134682|41200.32|0.02
177008|11935.00|0.05
152978|8123.88|0.10
186933|22219.23|0.08
114477|20880.58|0.08
137901|40716.90|0.07
31978|51569.19|0.06
100459|71513.05|0.03
199943|100104.06|0.10
85406|55656.00|0.06
114153|19841.55|0.10
190175|45546.12|0.01
166294|21764.64|0.02
89602|12732.80|0.03
22928|9254.60|0.04
179662|1741.66|0.06
172422|65754.48|0.08
90782|44319.50|0.01
126924|93644.16|0.04
65752|48097.00|0.03
168974|14300.79|0.04
1458|6797.25|0.10
133948|79277.60|0.10
38245|4732.96|0.05
41189|14692.34|0.08
80038|14252.42|0.01
33907|20249.90|0.01
191187|44736.30|0.04
31084|11165.88|0.10
167472|33868.34|0.06
72638|78920.87|0.06
54439|54343.77|0.05
126050|36585.70|0.01
40223|43039.14|0.09
169588|29836.44|0.02
72439|14114.30|0.03
49745|59315.90|0.03
109705|13717.60|0.05
132006|33216.00|0.03
39583|22838.70|0.09
108531|41567.31|0.02
94661|3311.32|0.04
92398|38930.92|0.09
141428|36735.50|0.04
24688|24190.20|0.08
166435|55552.91|0.02
34088|14309.12|0.03
195583|15107.22|0.05
149526|51992.16|0.01
96983|3959.96|0.07
22916|36778.20|0.05
149042|40368.48|0.10
192962|76033.52|0.04
160383|40414.64|0.01
160819|86471.26|0.03
34942|15015.52|0.09
92426|36878.92|0.10
196650|38426.30|0.02
168754|51037.00|0.05
95029|34816.68|0.00
40618|63903.01|0.05
82171|29982.42|0.02
144273|55325.34|0.05
11450|46289.30|0.09
142624|36665.64|0.00
182832|88082.18|0.01
91058|51403.45|0.05
129984|96671.04|0.00
174907|39638.00|0.09
136090|4504.36|0.08
60804|1764.80|0.03
126141|7002.84|0.04
184016|40700.37|0.03
39929|59805.44|0.10
115896|76475.60|0.00
24959|92313.55|0.01
171042|51199.84|0.05
126620|11526.34|0.05
75733|83727.77|0.07
27460|49948.56|0.05
36339|51013.20|0.02
2903|16253.10|0.06
166326|55692.80|0.02
121892|68900.04|0.04
192433|68644.35|0.09
74693|75046.05|0.09
146701|55926.40|0.06
65581|49490.56|0.05
151165|20674.72|0.03
150774|51093.56|0.07
28657|68182.95|0.10
148985|63053.38|0.04
144225|3807.66|0.09
191163|6270.80|0.04
133412|28908.20|0.04
72218|23804.20|0.08
71695|16666.90|0.03
9947|61279.02|0.10
50313|34109.37|0.09
121459|42933.05|0.10
9230|45569.20|0.03
51844|46691.84|0.05
189745|88067.52|0.10
77391|61577.55|0.09
194643|43441.00|0.03
54087|33314.56|0.10
31180|18890.06|0.01
11953|9324.75|0.00
24101|22552.20|0.06
138179|27994.91|0.09
38957|5687.85|0.03
45370|43407.21|0.02
118918|27116.74|0.00
144533|55213.55|0.05
152693|22693.97|0.02
166764|14646.08|0.06
170668|78239.70|0.03
178022|50600.92|0.01
106970|49424.25|0.06
78990|84666.57|0.02
139192|27086.18|0.05
77181|45169.02|0.00
191523|54893.68|0.07
113610|53579.13|0.00
37964|62764.68|0.06
19570|11916.56|0.01
24672|22353.38|0.01
187136|35470.77|0.08
138875|91865.76|0.06
99062|35014.98|0.00
193568|81416.44|0.04
133515|40261.26|0.01
85206|13103.20|0.03
118411|71470.50|0.09
70280|36258.12|0.00
165079|20593.26|0.06
186448|18413.28|0.04
179016|1095.01|0.10
3150|34753.95|0.09
108702|78692.20|0.10
45480|55593.72|0.02
110425|21531.30|0.01
151317|23261.27|0.01
8153|20161.85|0.01
118374|6961.85|0.03
158126|42628.32|0.08
25241|45483.36|0.02
6193|51661.93|0.09
147582|13036.64|0.00
187822|93581.18|0.05
42918|68853.67|0.04
180579|6638.28|0.09
156224|23043.96|0.10
53005|36404.00|0.05
13235|40188.05|0.03
189515|65784.91|0.06
14133|28272.51|0.10
130806|25715.20|0.02
31172|5515.85|0.03
138732|54892.63|0.08
107924|65685.28|0.00
69365|45368.24|0.00
71507|16263.50|0.02
162650|82207.20|0.02
57604|70272.00|0.08
37351|9018.45|0.00
124970|63839.04|0.05
129231|21423.91|0.00
173322|12557.88|0.09
3439|65779.07|0.04
139123|22080.28|0.05
136484|25848.16|0.09
35751|77590.50|0.09
172766|34936.44|0.00
141747|12521.18|0.09
148437|44562.90|0.08
171726|35954.40|0.10
189386|11803.04|0.07
5059|32777.70|0.06
168990|55592.73|0.03
158199|42744.46|0.03
56624|45837.98|0.09
3375|35794.36|0.05
70941|5735.82|0.05
122084|24333.76|0.06
39353|59448.10|0.10
98284|6411.40|0.06
132371|11226.96|0.09
141987|79130.22|0.10
42800|57512.40|0.01
87017|19076.19|0.00
88345|45333.56|0.08
106077|34658.24|0.03
85904|66146.50|0.09
199943|91932.30|0.02
65569|64451.52|0.10
25813|24343.34|0.07
183803|77358.80|0.09
111303|23657.40|0.10
91975|70810.92|0.07
16188|46375.56|0.09
88879|57903.97|0.00
34825|42235.68|0.02
73013|30566.31|0.08
63796|86229.71|0.06
95548|33957.88|0.07
38927|13061.44|0.02
47430|19284.02|0.06
171103|51660.40|0.05
85164|47115.56|0.00
21999|17288.91|0.01
146763|23526.88|0.05
105716|29269.07|0.02
51709|23249.80|0.02
89775|1764.77|0.10
83877|85600.02|0.06
69870|64395.45|0.02
81983|76634.22|0.05
120354|64594.45|0.07
168627|81389.76|0.03
23509|64462.50|0.05
74090|12769.08|0.07
121695|46350.63|0.05
73118|36006.63|0.05
170960|75145.52|0.04
93658|52852.80|0.03
26763|3379.52|0.04
179788|52297.84|0.07
88699|43879.94|0.01
154692|26200.35|0.09
193852|50592.10|0.08
92634|6506.52|0.00
152469|59336.94|0.06
103745|22733.62|0.09
112072|52035.36|0.06
7540|17370.48|0.03
55614|53366.74|0.00
7485|23672.16|0.07
179439|40997.61|0.06
11518|40026.28|0.09
29272|26427.94|0.00
17035|39033.23|0.06
33290|25689.09|0.04
48803|85838.20|0.05
133189|36665.40|0.04
56804|70432.00|0.01
158677|26035.05|0.01
71433|70221.50|0.09
190554|29601.90|0.06
183565|57699.60|0.01
6302|32624.10|0.04
17750|21680.75|0.10
114338|8113.98|0.02
100101|15415.40|0.07
156811|20545.91|0.05
38815|77167.64|0.09
84288|27990.16|0.08
21888|76014.96|0.05
113903|23002.80|0.02
18600|69855.60|0.02
181907|95467.20|0.06
29174|38610.95|0.00
158613|28417.37|0.04
76207|56793.60|0.03
69689|44784.36|0.05
38046|26569.08|0.09
46422|15052.62|0.05
77873|81438.28|0.10
14392|27434.19|0.05
168227|62170.56|0.08
109532|38538.25|0.05
140269|60225.96|0.06
190400|32788.80|0.06
18471|56968.27|0.01
198592|28740.03|0.07
18478|36308.22|0.08
76683|24895.20|0.08
122047|31002.16|0.02
187233|6601.15|0.03
3658|53096.10|0.02
85360|34979.36|0.10
167328|47440.88|0.07
87777|38824.94|0.05
172503|28359.00|0.08
164395|35025.36|0.01
49645|27108.88|0.08
136592|32571.80|0.03
107837|83017.35|0.10
74581|65334.36|0.07
75169|28604.00|0.04
49262|41182.84|0.10
141081|49371.52|0.03
185609|30502.80|0.02
157964|72790.56|0.03
146998|12269.94|0.07
111413|28488.20|0.07
88818|12647.67|0.09
117812|69532.78|0.00
146360|5625.44|0.08
81133|27853.25|0.04
161559|68063.10|0.00
198923|72789.12|0.08
55698|67801.29|0.08
94557|48098.05|0.08
61157|4472.60|0.04
88191|21225.42|0.00
136216|56349.45|0.09
20727|74147.40|0.02
103977|31695.52|0.03
41410|43245.12|0.00
68640|54693.76|0.05
197026|33690.60|0.05
64179|1143.17|0.08
72082|40055.04|0.05
12908|27313.50|0.07
29382|22293.46|0.02
42427|41082.60|0.05
117883|87440.48|0.02
51325|11486.88|0.04
148285|62664.16|0.04
52908|83740.50|0.09
29090|12229.08|0.06
180112|42915.96|0.04
12253|39618.50|0.05
81960|23303.52|0.09
69655|76358.55|0.08
52307|39038.30|0.04
111455|73322.50|0.00
145112|6942.66|0.04
128291|62006.63|0.04
27053|18620.95|0.01
89586|3151.16|0.06
151903|25413.70|0.08
189871|96082.63|0.07
4236|57011.50|0.09
167965|22362.56|0.05
94743|76460.56|0.00
63220|31946.94|0.03
63694|79569.12|0.07
166841|83944.96|0.06
148013|43501.41|0.00
43893|84496.94|0.08
28942|24322.22|0.02
52818|26562.15|0.08
198468|12531.68|0.00
143129|15237.56|0.10
160687|27962.88|0.10
33038|19420.60|0.06
195131|50271.33|0.01
166384|44961.78|0.07
58449|16889.28|0.02
52799|45546.54|0.08
79012|17838.18|0.10
147856|95192.50|0.10
13802|22305.40|0.10
164660|67261.74|0.10
197243|12062.16|0.07
54992|95402.51|0.02
154723|39109.84|0.09
146929|9879.60|0.09
196384|1480.38|0.07
86577|9381.42|0.03
26644|42407.28|0.01
159379|48904.58|0.00
184213|33727.46|0.02
80524|24072.32|0.06
40321|45407.52|0.08
81686|31685.92|0.01
109490|41985.72|0.05
7249|8093.68|0.04
71721|23698.08|0.01
39840|8899.20|0.06
175182|27657.96|0.01
169045|12254.44|0.00
54575|68830.65|0.04
125366|9739.52|0.08
111580|77987.42|0.02
33540|64835.76|0.09
48837|82148.18|0.09
180558|45879.40|0.02
8476|48456.45|0.02
196856|68349.75|0.03
186175|3783.51|0.05
138858|17071.65|0.09
108132|49025.59|0.07
19484|11227.84|0.07
20229|36775.04|0.00
98906|19049.00|0.08
105091|21921.80|0.05
61963|57748.80|0.04
115701|22317.10|0.01
154903|97895.00|0.09
47191|19349.23|0.04
88448|34474.56|0.04
134791|5477.37|0.02
14511|5702.04|0.04
21420|60363.90|0.03
172007|23738.00|0.02
57435|33418.32|0.10
170195|7591.14|0.02
167315|46998.54|0.10
143218|37836.30|0.08
158544|32050.80|0.02
190802|28392.00|0.01
173494|54862.15|0.06
130336|27326.60|0.03
155238|16811.99|0.07
89903|11357.40|0.06
174749|78420.82|0.07
148422|1470.42|0.08
161999|47402.77|0.00
107927|73526.96|0.02
121940|39238.80|0.01
29301|43060.50|0.05
72561|27604.08|0.06
116002|8144.00|0.00
142627|70124.04|0.00
11454|1365.45|0.05
114210|20811.57|0.01
17290|18109.35|0.04
147044|53460.96|0.00
77818|41303.63|0.07
152405|64125.60|0.06
62269|45556.62|0.02
197561|23219.84|0.03
151111|10458.99|0.02
135714|22746.23|0.04
17818|59017.54|0.01
70928|55068.68|0.08
195048|57152.00|0.08
118641|63066.32|0.10
195051|30943.35|0.03
175802|16900.20|0.05
119093|54492.41|0.02
198977|60203.13|0.08
15595|16616.49|0.10
19705|81235.00|0.02
111678|37172.74|0.00
168926|37903.48|0.09
24214|30731.67|0.02
43789|6931.12|0.02
188775|20501.47|0.10
82873|85370.02|0.06
112082|6564.48|0.02
52617|15696.10|0.10
17228|44663.58|0.02
124308|17319.90|0.01
137213|45007.56|0.07
183474|35821.81|0.01
80775|15801.93|0.02
122361|8300.16|0.07
178536|20988.89|0.01
72063|37262.16|0.05
128136|25610.86|0.01
125867|39750.06|0.06
113337|44560.89|0.10
36755|1691.75|0.10
190315|7026.55|0.02
180461|75531.54|0.10
42613|59113.18|0.10
21916|7351.64|0.06
8835|33132.77|0.06
52575|25968.69|0.04
185787|82402.32|0.09
7598|54201.24|0.08
48938|67929.48|0.08
14496|15515.39|0.02
4777|77361.42|0.04
81293|40777.28|0.10
123767|7163.04|0.02
147018|34080.32|0.08
164285|64765.44|0.06
195344|17272.08|0.08
18604|4567.80|0.09
86690|48624.01|0.09
144278|13222.70|0.03
140765|19863.36|0.00
126859|73548.15|0.10
183775|44610.48|0.09
89788|30222.26|0.10
188026|16710.30|0.05
113467|54777.02|0.05
120452|7362.25|0.08
58311|29194.13|0.09
139982|62681.38|0.00
78295|1273.29|0.05
10587|35941.92|0.09
187799|73584.81|0.09
125951|85008.85|0.04
24869|87899.14|0.01
182184|36719.22|0.07
111481|64176.64|0.00
65144|1109.14|0.09
73828|28829.12|0.01
131368|39182.08|0.05
178064|52534.76|0.02
165480|61819.20|0.01
56455|50812.20|0.05
121557|9471.30|0.10
148167|55897.36|0.07
163786|51793.84|0.09
5487|47344.32|0.05
138485|44180.92|0.02
123086|38817.80|0.00
155023|34496.64|0.09
58091|48258.14|0.07
187321|18308.16|0.04
98977|84966.71|0.08
35534|13225.77|0.04
24455|66213.60|0.08
81833|70778.37|0.01
173504|74142.50|0.05
177821|64559.88|0.02
67193|20883.42|0.07
129188|27995.14|0.06
65185|23003.60|0.00
63252|38888.00|0.06
3035|36583.17|0.06
49263|29094.24|0.08
76952|40507.95|0.05
104967|39439.20|0.01
148556|65786.55|0.06
104626|24459.30|0.09
12851|72317.85|0.01
75223|9585.76|0.08
114128|39974.20|0.06
198437|15354.30|0.09
17932|66597.48|0.08
52722|66988.80|0.06
100658|13269.20|0.01
158631|47309.64|0.09
127155|17732.25|0.10
171809|58304.80|0.00
185565|31360.64|0.06
59733|25390.95|0.03
141653|77953.90|0.10
93781|5324.34|0.10
180306|59610.90|0.07
158983|98015.04|0.10
133382|35384.50|0.03
40578|69854.22|0.07
161106|53686.60|0.03
99717|15450.39|0.00
9868|44446.50|0.04
115842|68740.08|0.03
160007|24541.00|0.02
118138|6936.78|0.04
29235|50061.89|0.10
131879|89810.89|0.00
60064|20481.20|0.04
45135|15121.82|0.06
194481|20481.24|0.08
22881|63135.80|0.00
26219|11452.10|0.06
94660|31438.54|0.08
58634|57334.68|0.02
83963|7787.84|0.03
184994|47816.77|0.01
145833|1878.83|0.10
69382|24324.84|0.10
29841|33645.96|0.05
192352|10110.45|0.10
175357|57294.00|0.08
17243|13922.88|0.08
145301|24233.40|0.09
123991|66494.67|0.03
77729|6826.88|0.09
78440|43971.64|0.02
61170|23754.57|0.00
154360|66474.92|0.02
97420|5669.68|0.03
129487|16681.28|0.10
84396|26227.41|0.10
137962|87998.24|0.09
45637|11078.41|0.00
123050|10730.50|0.09
8914|5468.73|0.03
161782|38719.38|0.10
14682|11176.76|0.02
155109|22117.90|0.07
193568|46523.68|0.03
148642|1690.64|0.09
139453|38803.70|0.00
179021|49500.90|0.05
147589|75282.68|0.00
72423|32094.66|0.10
8492|9803.43|0.03
23762|8428.80|0.00
138822|40938.04|0.07
24633|14018.67|0.06
77359|44099.55|0.01
192513|25688.16|0.09
52295|24945.80|0.03
166620|84331.00|0.03
94010|2008.02|0.02
167302|50664.10|0.10
169938|74293.41|0.09
15161|38741.76|0.02
128896|21173.79|0.05
8126|28955.36|0.04
115657|8363.25|0.05
160313|60425.64|0.04
158619|28519.37|0.10
47286|13566.08|0.09
89634|77934.24|0.08
44683|35808.96|0.06
110431|56215.77|0.08
172623|38999.26|0.09
61937|72159.34|0.07
120907|38558.00|0.00
65719|58964.85|0.01
178498|72518.54|0.08
76248|58763.52|0.02
159172|19698.72|0.03
198770|89700.96|0.03
59817|46197.06|0.09
112219|57866.87|0.06
108157|17477.25|0.03
12126|15571.80|0.00
179892|65072.37|0.10
29990|80639.58|0.01
162218|40966.72|0.02
64206|32765.60|0.04
109829|47809.32|0.02
3797|47622.12|0.02
126071|17553.12|0.02
93333|54379.53|0.09
32338|53353.86|0.10
67440|66149.68|0.07
78293|36867.41|0.06
150604|57911.00|0.08
11659|7853.25|0.04
15495|55009.11|0.04
9887|19765.68|0.05
62913|33766.38|0.03
96319|36828.68|0.07
139049|28289.04|0.09
27870|41351.01|0.04
195756|20369.25|0.06
117530|43330.84|0.02
17009|41670.00|0.08
99386|62342.10|0.05
170282|13522.80|0.01
34496|14304.90|0.06
156334|54222.87|0.04
103985|31823.68|0.04
135965|50024.00|0.06
53421|68721.00|0.00
57023|40180.82|0.02
177913|31854.56|0.05
107377|33224.88|0.09
68859|85908.95|0.05
117379|46080.21|0.08
18593|52905.65|0.09
189135|45292.81|0.07
36257|46536.75|0.01
114497|68017.05|0.04
12025|41228.88|0.04
54714|80098.08|0.07
154178|57911.99|0.04
133821|63063.88|0.07
165150|42530.25|0.03
188778|54136.33|0.07
47068|44662.64|0.05
108142|26453.22|0.09
179081|52203.60|0.07
158639|52626.53|0.05
158158|48646.00|0.10
64775|31315.86|0.05
33451|69222.50|0.01
122394|67986.72|0.04
76329|49602.16|0.07
23479|25244.46|0.01
180669|61238.10|0.06
86390|4129.17|0.01
76128|51893.64|0.01
156162|12181.60|0.05
49959|59177.45|0.05
54619|72386.06|0.02
106219|33080.67|0.05
30363|25867.20|0.10
94709|52814.70|0.02
165513|37884.24|0.04
163796|53933.91|0.09
99819|69114.78|0.09
70931|34234.74|0.03
57699|62954.22|0.08
118865|22606.32|0.05
44881|9129.40|0.07
68810|78267.64|0.00
28373|1301.37|0.03
148603|39638.40|0.08
94462|65540.70|0.05
74132|47563.59|0.07
175762|91888.00|0.09
184789|29980.48|0.01
99145|49198.02|0.08
120571|39789.25|0.07
22728|75933.12|0.02
143489|50571.84|0.02
45958|47598.75|0.06
99264|30318.24|0.07
17005|16596.00|0.00
79271|56262.15|0.09
4847|66569.92|0.09
173627|64623.56|0.06
64762|74250.68|0.04
184673|8788.35|0.01
140890|34756.02|0.10
33495|12856.41|0.08
132268|3900.78|0.08
184033|3351.09|0.00
76150|30406.05|0.05
60024|12792.26|0.10
60331|64566.50|0.07
25190|36801.27|0.05
81741|67186.86|0.08
60179|6835.02|0.09
172425|70378.74|0.04
88604|52555.80|0.00
103599|24038.85|0.01
127136|25588.86|0.06
190205|50512.80|0.10
119989|46206.54|0.00
44021|24125.50|0.04
193742|1835.74|0.00
81452|20068.30|0.10
51823|60343.88|0.03
91987|67285.32|0.09
96862|74354.40|0.02
164841|66704.40|0.04
166166|25875.36|0.03
96593|25433.44|0.01
46621|76813.38|0.08
33565|19481.28|0.03
3679|11078.69|0.02
37159|2192.30|0.05
191827|38376.40|0.08
113750|63495.00|0.01
101641|36138.08|0.01
79084|13820.04|0.02
88539|6110.12|0.10
41426|49227.12|0.09
188991|10399.95|0.03
63501|71760.50|0.05
17413|30599.43|0.07
18258|16467.50|0.06
44514|37921.26|0.04
193301|62743.50|0.05
199159|36486.35|0.01
106863|72924.54|0.05
53215|42055.56|0.10
38285|57494.16|0.04
139481|50175.84|0.02
27855|24959.90|0.06
196037|21527.57|0.00
69248|2434.48|0.03
57068|46127.70|0.04
78941|92157.12|0.06
180132|6060.65|0.06
46124|27823.12|0.10
92139|13573.56|0.01
139936|11855.58|0.03
145180|24503.60|0.02
97630|9765.78|0.05
128311|61608.26|0.08
1119|18361.98|0.05
40614|40419.86|0.05
41252|36990.75|0.06
37840|17778.40|0.02
148467|54556.56|0.04
111722|46810.44|0.08
48033|49051.50|0.10
8502|18336.50|0.02
114691|40936.56|0.03
195961|90506.24|0.04
95930|57777.90|0.00
45687|3265.36|0.06
6203|1109.20|0.07
50099|41963.60|0.01
66714|82354.79|0.06
171282|17592.64|0.07
197245|16106.88|0.04
94526|19766.76|0.06
7357|42987.90|0.05
71304|8927.10|0.00
58282|50851.48|0.03
38617|21778.54|0.07
99343|30873.82|0.07
32716|57704.85|0.05
94439|43002.90|0.04
161361|35559.00|0.01
138757|43098.00|0.00
105948|37124.86|0.01
185793|52606.12|0.02
63319|62833.19|0.10
175785|39076.38|0.03
137676|41128.08|0.01
9850|47515.95|0.07
166392|71461.11|0.08
45357|1302.35|0.08
57122|30215.36|0.02
185013|37332.34|0.01
63559|9135.30|0.02
27122|22031.52|0.02
37293|30757.25|0.03
107086|19675.44|0.00
66199|45442.41|0.00
104740|68044.86|0.07
9164|39706.92|0.02
192189|25623.60|0.09
178956|93607.70|0.01
11253|55884.00|0.09
26101|4108.40|0.02
173191|20227.04|0.05
62349|11802.06|0.00
32329|12613.20|0.07
91425|16997.04|0.02
116973|5969.91|0.08
71148|12310.54|0.01
20117|3111.33|0.02
196146|40990.62|0.07
130373|43504.47|0.00
87395|38706.92|0.10
99248|52384.08|0.10
15361|28079.92|0.06
167982|18449.82|0.01
192979|51799.25|0.07
155665|39575.18|0.10
5445|67522.00|0.01
92826|40014.04|0.04
73757|1730.75|0.09
193754|40650.50|0.07
20165|40150.92|0.09
168952|50523.75|0.05
14065|10769.66|0.03
145696|31350.42|0.07
199589|28705.86|0.02
169048|1117.04|0.09
18857|3551.70|0.05
197807|81906.40|0.00
59935|20844.23|0.02
26616|41650.47|0.03
108219|46633.98|0.02
29520|18843.76|0.07
143552|39888.75|0.01
71476|27501.93|0.03
150759|70580.25|0.09
188086|25829.76|0.06
77003|29400.00|0.02
31589|50179.14|0.06
197323|45450.24|0.09
119287|37882.12|0.10
194272|64214.69|0.02
111977|73591.89|0.07
78946|26949.16|0.07
159341|53212.92|0.06
18300|21929.40|0.06
183977|80377.83|0.05
69600|21974.40|0.06
128872|9504.35|0.09
82392|68719.50|0.08
151451|25541.65|0.07
35577|62015.37|0.02
8379|42483.21|0.01
15006|33156.00|0.10
109632|50890.53|0.01
172412|54923.17|0.02
60470|31470.34|0.06
185675|49298.76|0.07
75124|23081.52|0.09
163944|60238.20|0.08
104559|73486.85|0.02
126982|4017.96|0.03
124496|59299.11|0.10
1491|64054.54|0.04
59933|41644.46|0.02
115898|61244.48|0.07
45501|10125.50|0.09
38031|43606.35|0.04
13276|55895.69|0.04
69814|64217.16|0.04
134826|65128.70|0.09
52190|53682.93|0.05
32617|63534.01|0.07
169123|35763.60|0.03
151021|3216.06|0.08
59629|42892.74|0.04
70435|19676.02|0.01
115541|14008.86|0.00
85799|41050.17|0.10
151159|48406.00|0.01
84670|81078.83|0.08
43900|9219.50|0.03
80461|23063.36|0.07
36689|11379.76|0.10
44440|51224.28|0.07
45033|34231.05|0.07
178144|40330.62|0.03
105316|52852.40|0.10
110788|82743.88|0.00
150710|12324.97|0.00
3633|47635.53|0.09
148992|55106.73|0.10
132733|68863.47|0.04
12523|31581.44|0.07
54276|4921.08|0.04
39356|31088.40|0.00
94360|63654.92|0.00
21324|36114.28|0.10
170685|21068.16|0.05
135599|21249.67|0.09
159211|48267.98|0.05
152975|52727.22|0.06
80753|76285.00|0.10
88231|1219.23|0.06
10300|33888.40|0.10
144765|23526.88|0.06
58729|3375.44|0.01
7688|3191.36|0.08
185688|37247.28|0.09
16548|71762.46|0.07
52373|39761.10|0.09
39389|43836.54|0.07
184695|48051.63|0.02
156186|27327.96|0.06
198431|47412.33|0.00
81713|28810.07|0.10
153462|21216.44|0.07
167979|18422.73|0.03
80990|76868.61|0.00
106135|42221.81|0.03
186351|10061.45|0.01
99852|74074.00|0.09
57035|26784.81|0.10
185649|27754.24|0.10
132116|2296.22|0.10
136053|32671.50|0.07
190442|10727.08|0.02
184040|41589.48|0.07
100937|13565.51|0.05
80661|19699.92|0.04
23157|10801.50|0.02
35839|24847.62|0.03
188007|2190.00|0.09
85409|11155.20|0.09
139411|47863.53|0.00
103733|5210.19|0.03
56606|4687.80|0.02
142303|65919.70|0.01
98142|44465.46|0.04
21047|22264.92|0.04
19676|23935.05|0.01
47002|41756.00|0.05
3082|42358.44|0.08
164998|59826.71|0.04
38862|19809.46|0.02
155347|43472.54|0.09
161631|38930.49|0.04
115531|47942.43|0.04
46608|66847.80|0.05
179595|23444.26|0.04
102306|19624.50|0.01
46687|68614.56|0.03
172059|12441.55|0.08
42546|7442.70|0.07
126036|52039.47|0.06
54136|47965.72|0.01
92763|84276.48|0.03
33866|39596.92|0.03
125516|40079.26|0.09
159357|8498.10|0.10
4191|16427.85|0.07
39797|65998.02|0.08
25120|28218.24|0.00
133246|26864.04|0.09
62529|67118.40|0.07
34477|4234.41|0.08
98771|31855.86|0.00
12027|30048.64|0.08
41873|18148.70|0.05
174433|4522.29|0.03
10675|49155.77|0.06
1887|26833.20|0.05
5712|4853.13|0.03
53713|25000.65|0.03
133693|36260.49|0.06
170952|64734.40|0.02
191340|37214.84|0.01
144789|80686.32|0.04
154571|24383.55|0.01
67997|3929.98|0.05
49813|84614.88|0.10
152046|41725.52|0.00
127667|69481.06|0.09
48143|10911.40|0.06
91091|30298.52|0.10
138867|68610.96|0.10
159985|28629.72|0.01
94439|54470.34|0.05
60604|37550.40|0.02
90364|2708.72|0.04
155129|10657.08|0.10
58529|10412.64|0.00
17823|62669.52|0.02
190234|14566.53|0.05
44535|56222.14|0.01
137921|95987.08|0.01
38228|29155.50|0.06
54693|29658.42|0.01
54245|11992.40|0.02
183383|35193.12|0.07
117319|58797.64|0.06
111556|15675.50|0.10
185486|26715.16|0.01
137500|33825.00|0.10
42797|3479.58|0.06
72136|33243.90|0.01
189028|40212.72|0.10
76242|26801.28|0.07
95447|56255.16|0.02
59067|27703.62|0.10
119050|51314.40|0.02
162710|85090.08|0.09
65600|40705.60|0.01
4910|34483.29|0.04
69499|41117.72|0.09
61696|77911.43|0.00
77053|47382.30|0.10
120333|47366.55|0.08
139821|80015.26|0.06
177985|86645.16|0.10
1045|36895.56|0.06
26650|72525.90|0.00
174714|35774.20|0.06
92266|12582.60|0.10
168170|56955.82|0.06
81936|40276.53|0.09
117435|11619.44|0.07
28037|29915.93|0.09
164338|21034.95|0.07
166344|9872.38|0.05
131173|15654.21|0.08
73090|26577.25|0.01
88772|10564.62|0.09
86416|1402.41|0.10
111381|61264.72|0.04
92712|63074.27|0.07
80992|67081.66|0.08
191595|11806.13|0.06
35667|62503.74|0.01
50838|8944.15|0.00
87361|31012.28|0.08
27666|39841.50|0.03
116151|57190.35|0.04
26689|29082.24|0.00
20579|20993.98|0.01
86936|92300.64|0.05
35003|9380.00|0.01
179672|14013.36|0.03
119728|83890.56|0.10
6220|11262.20|0.05
133459|55220.65|0.03
84483|35219.52|0.05
168736|48727.71|0.05
113994|60239.70|0.02
112948|11765.64|0.03
130576|35344.54|0.05
3375|39629.47|0.06
114300|49943.40|0.07
99599|71936.55|0.08
111025|42476.82|0.04
196449|41726.88|0.05
163322|23550.44|0.05
146036|35706.99|0.08
12990|43768.77|0.02
182697|83645.43|0.04
5686|31833.60|0.08
191691|1782.69|0.01
145249|53063.84|0.06
19404|3970.20|0.07
108767|79909.20|0.09
120377|1397.37|0.00
62954|11501.70|0.01
55628|41174.12|0.09
29879|79590.28|0.03
136275|45894.45|0.09
57238|41833.05|0.06
198999|20979.90|0.06
183154|2474.30|0.10
138401|61894.20|0.03
91426|18426.46|0.07
123841|82052.96|0.00
97120|5585.60|0.03
86217|34893.09|0.03
130937|39358.60|0.03
97154|21871.85|0.10
154163|48686.40|0.02
62454|32578.35|0.05
133898|21250.79|0.09
145042|40220.48|0.10
166735|61258.82|0.02
96367|42264.16|0.05
54333|41194.56|0.00
157834|43512.09|0.05
183514|1597.51|0.10
103769|69137.64|0.03
135222|10057.76|0.00
1978|84598.65|0.09
66243|20557.08|0.05
167527|58997.24|0.09
94093|11957.99|0.02
126416|31733.02|0.07
61205|22157.80|0.09
180278|20374.05|0.02
176544|29169.72|0.07
129911|13586.37|0.02
120542|12500.32|0.01
89510|2999.02|0.00
68226|53739.90|0.01
185286|43880.96|0.02
146870|59422.97|0.09
144751|62851.25|0.09
166155|59836.35|0.08
3295|55121.34|0.07
15315|20915.27|0.06
30849|72973.44|0.03
92702|40672.80|0.07
16496|62149.56|0.07
88525|25729.84|0.10
134887|1921.88|0.10
179989|99311.04|0.02
59011|4850.05|0.05
64841|68621.92|0.02
73106|3237.30|0.06
31386|21078.08|0.01
177159|30903.75|0.03
19190|47695.17|0.00
8228|9089.76|0.04
12093|22111.98|0.05
155283|2676.56|0.06
154954|78349.05|0.06
128379|61924.28|0.02
113555|37645.20|0.04
164183|33673.86|0.05
102595|33549.39|0.04
163046|16635.60|0.02
24325|36230.28|0.00
113706|17197.00|0.07
152540|63701.60|0.01
67301|24097.70|0.05
154621|67024.80|0.00
74893|72847.71|0.06
30240|2340.48|0.10
43111|42164.40|0.07
164764|89609.24|0.05
33347|5121.36|0.09
121347|64311.98|0.05
23971|49269.22|0.06
110331|60359.85|0.06
64636|6402.52|0.05
89177|51311.48|0.03
128216|7465.26|0.00
126854|84638.25|0.00
141699|40035.87|0.02
25837|22916.79|0.09
127951|3957.90|0.10
96687|52194.08|0.04
196188|21831.06|0.04
73520|40325.04|0.04
10002|10944.00|0.08
26287|23052.32|0.10
179134|23049.47|0.01
7246|46129.60|0.00
107404|21171.00|0.03
74874|38826.27|0.00
191250|12071.25|0.05
23828|3503.64|0.09
10459|52039.10|0.03
25341|34191.18|0.08
98808|70465.20|0.01
166324|19464.48|0.02
173835|9544.15|0.03
53805|56281.60|0.10
126443|32327.68|0.03
129321|58063.76|0.10
146427|50096.28|0.07
13378|37449.73|0.00
196112|35035.19|0.04
98511|46794.81|0.05
25998|63491.67|0.02
23124|18848.16|0.03
196716|45317.75|0.00
176935|30178.95|0.08
113664|11743.62|0.00
181299|2760.58|0.02
150256|2612.50|0.05
191592|21886.67|0.02
114998|82532.59|0.08
182949|18287.46|0.03
70761|41562.24|0.09
88265|6266.30|0.00
107486|11947.84|0.06
165442|19596.72|0.10
136017|25272.24|0.06
159664|18960.26|0.03
84384|64313.86|0.04
58075|18595.26|0.04
184733|52714.17|0.02
11127|34257.96|0.03
31669|43217.82|0.10
178586|36620.76|0.09
117319|2672.62|0.10
169469|59999.94|0.10
42456|25172.10|0.01
19630|51137.79|0.06
51372|1323.37|0.01
92570|73440.79|0.00
123120|29721.12|0.00
156002|19044.00|0.02
101973|49374.25|0.08
199332|14313.30|0.09
174732|63235.55|0.05
3443|35007.44|0.03
172955|34475.15|0.06
192673|5297.01|0.10
187693|3561.38|0.00
152506|48313.50|0.04
153961|70523.60|0.10
144274|36911.56|0.09
143778|76514.34|0.04
189560|54435.48|0.04
38201|51264.00|0.06
181291|56263.89|0.09
143762|59590.08|0.01
111708|5159.10|0.10
15690|38536.56|0.08
36266|25247.46|0.03
187921|96428.16|0.03
25511|17238.12|0.01
64286|41259.24|0.02
47595|63246.19|0.07
68959|96397.50|0.04
68939|80133.06|0.09
100864|16783.74|0.02
194721|18157.20|0.05
46875|49190.49|0.08
89189|29454.50|0.09
94613|40190.25|0.05
175174|19986.72|0.01
150305|31171.90|0.10
180453|13801.05|0.09
39182|12332.98|0.04
124902|61660.80|0.00
1389|2580.76|0.08
95385|59356.34|0.08
8308|1216.30|0.09
22010|5592.06|0.04
32231|15121.99|0.09
162476|35384.81|0.03
129477|57245.86|0.08
14111|5125.55|0.07
155423|16262.62|0.01
93623|38798.88|0.02
140200|40926.60|0.02
46939|81094.99|0.09
167422|52129.70|0.07
78142|20162.52|0.09
94639|1633.63|0.08
153352|57619.35|0.01
15017|11184.12|0.02
6862|83136.42|0.05
111035|31380.90|0.02
59332|19369.95|0.07
192728|81932.40|0.04
176396|47116.48|0.02
16571|66940.65|0.09
25418|47019.35|0.01
160371|17176.44|0.08
58745|42593.50|0.09
114710|41393.04|0.01
189394|22250.85|0.10
81377|40751.10|0.09
84060|5220.30|0.06
155937|67759.62|0.00
142356|19576.90|0.07
102257|51629.25|0.09
14954|57937.45|0.02
112390|29450.19|0.00
54649|32072.80|0.00
28649|31552.80|0.04
166984|53325.48|0.08
177574|74320.65|0.08
5653|43642.20|0.10
102256|46555.25|0.09
56940|3793.88|0.06
88064|2104.12|0.03
155965|58607.84|0.03
68343|22292.78|0.03
182245|45126.16|0.06
86040|3078.12|0.00
119887|15255.04|0.07
174222|31109.28|0.03
88735|32750.87|0.01
46080|7182.56|0.10
182755|47781.50|0.04
166137|21656.34|0.07
10329|57008.72|0.10
71441|53672.72|0.08
67241|49537.84|0.10
128874|17125.83|0.10
18888|23489.44|0.03
43448|36177.44|0.04
27520|34740.48|0.10
164245|60225.04|0.07
84117|29729.97|0.01
29084|6078.48|0.09
126673|59488.45|0.04
180643|1723.64|0.08
114940|35188.92|0.03
136774|48890.79|0.06
194915|24118.92|0.00
36125|40322.56|0.09
39973|57389.10|0.04
95727|34454.40|0.08
66193|52163.55|0.08
15266|42525.36|0.07
160674|81529.49|0.01
168637|20467.56|0.06
90149|35313.34|0.00
87838|60252.39|0.09
161502|4690.50|0.04
34584|57706.04|0.09
56768|65540.88|0.00
191526|66318.32|0.07
175231|9143.61|0.00
34509|56296.50|0.10
199649|24480.96|0.08
97999|45930.77|0.05
43795|62596.44|0.08
56522|47312.64|0.05
197233|31925.52|0.02
178170|3744.51|0.08
119030|9441.27|0.05
126451|47278.40|0.10
69547|56111.98|0.09
110288|55826.04|0.10
196815|89855.07|0.04
46493|54700.62|0.00
1949|66633.84|0.09
129672|66365.13|0.01
115441|55344.72|0.04
86784|76143.54|0.05
5680|71355.60|0.04
40141|16217.10|0.09
28013|35758.38|0.10
97014|43473.43|0.09
99333|46631.55|0.01
99373|21957.92|0.06
175141|3648.42|0.06
90286|22973.04|0.01
55618|45634.69|0.01
87565|35708.88|0.09
27167|13129.92|0.03
199737|66122.28|0.09
147261|14390.86|0.01
76134|45515.33|0.05
80672|59496.12|0.03
46150|2192.30|0.05
104800|55948.80|0.02
110106|50224.50|0.04
10482|2784.96|0.00
89954|85533.80|0.06
163196|60441.12|0.02
905|36118.00|0.06
108177|21333.06|0.02
17205|15710.80|0.05
176413|43192.89|0.09
123109|4528.40|0.10
3097|43003.87|0.06
90755|1745.75|0.00
198065|46522.40|0.05
25838|7055.32|0.02
80|46063.76|0.06
120742|81086.04|0.09
96224|52469.46|0.10
41405|26928.00|0.05
85777|86375.73|0.09
194846|77633.60|0.07
106002|50400.00|0.00
74294|43121.86|0.10
31942|3747.88|0.02
14154|22431.15|0.02
106809|29052.80|0.09
93835|43891.92|0.07
46435|19340.02|0.06
164809|9369.00|0.03
68266|11108.34|0.08
44330|57344.85|0.04
1313|55858.26|0.03
188694|33871.11|0.01
8005|30129.00|0.02
87950|83331.85|0.02
22635|54517.05|0.02
85564|7747.80|0.02
77576|35732.11|0.01
82162|43478.08|0.06
30342|63617.00|0.02
172139|46022.94|0.05
40602|40107.60|0.01
12906|10913.40|0.03
37445|55297.60|0.07
95166|23223.20|0.05
147316|58622.33|0.08
104223|33134.94|0.07
48108|11617.10|0.02
84264|32454.76|0.01
12291|33692.12|0.09
82067|20981.20|0.10
181236|28979.06|0.06
38001|29109.00|0.07
195973|6206.91|0.02
187486|77100.52|0.10
30970|24712.61|0.00
147270|55325.34|0.10
183864|56487.94|0.03
139615|57911.35|0.02
76665|26266.56|0.00
162887|7799.52|0.07
26114|28082.97|0.08
165109|9392.80|0.01
10533|72176.50|0.10
175182|8800.26|0.05
75916|49189.66|0.09
142405|57896.00|0.06
40099|51954.50|0.08
189412|15014.10|0.05
185575|63101.66|0.04
40966|61022.72|0.10
100267|59561.22|0.03
52319|31782.75|0.10
10793|57928.86|0.00
108467|44263.80|0.09
107559|59528.90|0.07
720|45380.16|0.09
111816|89562.69|0.02
135252|51490.00|0.10
40148|44613.74|0.09
13013|5556.06|0.10
40765|57995.84|0.01
78984|54963.44|0.00
179631|44476.38|0.08
50807|14062.40|0.04
131163|7164.96|0.02
110935|33080.81|0.08
70205|24679.20|0.10
105696|35735.49|0.07
47111|49731.17|0.02
178049|5635.20|0.05
136961|15983.68|0.05
182656|15647.85|0.03
1184|30385.04|0.01
160111|53871.06|0.02
143140|24845.94|0.01
8812|15487.29|0.09
47974|74956.83|0.01
1388|60600.86|0.03
15284|52768.32|0.10
101970|76906.83|0.05
21962|11303.76|0.02
69420|54187.38|0.01
12154|19190.70|0.02
89424|42402.60|0.07
166157|33025.05|0.04
85547|27585.72|0.06
34122|5280.60|0.10
185196|56372.36|0.09
105286|59398.88|0.00
117263|43528.84|0.07
100744|1744.74|0.02
37587|13721.22|0.01
191953|87932.85|0.03
14246|3480.72|0.10
162810|33710.58|0.03
122183|12051.80|0.09
17103|32643.20|0.00
109313|30413.13|0.01
171482|52818.32|0.05
104986|11945.88|0.05
157351|52108.95|0.05
45729|60289.92|0.04
142694|10420.14|0.04
106764|7083.04|0.00
13071|11808.84|0.08
72300|40713.60|0.02
84398|12441.51|0.03
174711|41071.33|0.05
153529|44310.56|0.05
115790|48756.33|0.10
142510|72967.97|0.01
195206|40337.20|0.07
162465|35131.58|0.05
157920|31646.72|0.02
89706|28826.90|0.03
199330|57173.20|0.06
135296|7987.74|0.07
43438|59401.49|0.01
177536|74222.38|0.02
31852|85624.80|0.06
190153|52212.30|0.09
19116|28983.08|0.04
59715|63638.98|0.10
151673|68986.80|0.06
6041|5682.24|0.05
86679|59964.12|0.00
95234|47939.97|0.10
14957|16847.55|0.03
199224|27787.62|0.00
72568|23108.40|0.09
190479|4708.41|0.08
57708|59965.20|0.07
193732|43817.52|0.02
195333|11426.64|0.09
138749|44693.50|0.00
177947|24299.28|0.01
60895|53820.81|0.09
2591|53769.24|0.04
175714|46532.46|0.08
96902|1898.90|0.01
103609|4837.80|0.04
75134|2218.26|0.06
188445|26068.48|0.04
82390|41171.70|0.01
149823|63675.88|0.10
104394|60130.77|0.00
124856|54544.65|0.05
134494|13756.41|0.08
113644|36468.08|0.01
180302|33175.20|0.08
65031|35857.08|0.10
50334|2568.66|0.02
188314|25241.58|0.05
158550|27345.35|0.10
102771|86914.73|0.10
122654|83832.50|0.02
46445|13914.40|0.02
145641|50599.20|0.00
156677|69346.80|0.02
24322|29911.68|0.05
132323|9487.24|0.05
75095|7490.63|0.05
193921|58432.68|0.00
141507|17033.50|0.00
161128|1189.12|0.09
56782|69551.20|0.04
158025|37905.70|0.03
114005|13247.00|0.01
14378|10338.96|0.01
192261|27065.20|0.02
96910|28603.65|0.03
97024|6126.12|0.03
42654|78235.85|0.05
139744|53512.20|0.08
70202|57437.80|0.02
137958|93809.65|0.00
57475|7162.35|0.00
54291|28641.67|0.04
186431|21244.02|0.05
135030|9585.27|0.06
192243|17358.12|0.05
68965|36745.24|0.00
26591|66773.96|0.01
80203|31946.40|0.06
76491|5869.96|0.01
12246|46329.60|0.09
6721|71619.68|0.04
88745|84953.26|0.03
101675|11736.69|0.01
50072|37816.59|0.05
10842|61349.40|0.04
175443|60737.60|0.00
74686|43177.68|0.06
40759|15297.75|0.08
93545|64618.68|0.04
173064|47756.52|0.03
52284|51923.76|0.10
137385|31292.36|0.04
18920|12872.44|0.04
95360|42016.16|0.10
76701|41942.50|0.10
103136|7973.91|0.09
185680|31782.24|0.07
108534|23137.95|0.01
98844|66342.24|0.06
188103|17866.50|0.02
52669|32433.20|0.04
136519|41998.77|0.07
114314|11954.79|0.10
174530|80226.50|0.05
15252|9338.00|0.05
57897|40807.58|0.05
196711|61462.14|0.05
1052|7624.40|0.01
184459|1543.45|0.04
65192|48601.98|0.06
152430|62262.06|0.04
8060|33882.10|0.08
89036|35876.05|0.09
72780|22786.14|0.09
73445|29787.24|0.09
71773|82004.19|0.04
127515|1542.51|0.09
37994|32843.83|0.00
66215|9449.68|0.02
75838|52601.07|0.06
181257|45500.50|0.04
11873|8924.35|0.07
95344|65627.66|0.01
9941|90696.06|0.02
30771|30631.86|0.05
35288|53824.32|0.00
120734|12283.11|0.04
50084|15511.20|0.08
79099|15093.26|0.01
166234|18203.22|0.08
179567|42810.56|0.02
67386|67669.00|0.05
107376|59484.91|0.00
100524|67078.88|0.08
4273|36495.37|0.06
80726|10240.32|0.08
70908|54488.10|0.10
134354|61087.40|0.02
154109|16283.40|0.00
74668|11498.62|0.09
194622|1716.62|0.07
13556|52903.80|0.06
48729|13421.76|0.01
46515|46768.32|0.09
175116|59555.50|0.02
169364|41567.44|0.05
7930|16541.37|0.06
5146|2102.28|0.02
38545|37088.50|0.10
95244|34698.72|0.06
19120|49877.76|0.02
128621|1649.62|0.02
114710|46567.17|0.07
56366|30414.28|0.07
195567|49876.80|0.05
34009|41492.00|0.10
1555|18935.15|0.02
59282|39720.96|0.10
166513|75816.48|0.03
45042|37507.52|0.04
169174|24863.40|0.00
3271|34053.83|0.09
48842|75215.28|0.05
96037|15495.45|0.09
149689|26080.20|0.04
175495|17275.39|0.02
155714|15927.39|0.05
185336|22741.28|0.04
87273|44109.45|0.10
173578|64411.23|0.07
124264|16747.38|0.04
147514|15615.10|0.08
48716|61594.27|0.09
156673|70916.47|0.01
71494|27844.31|0.01
162919|75312.58|0.08
28185|18924.06|0.06
48019|38680.40|0.06
22021|12259.26|0.01
27065|34722.10|0.03
3646|30992.80|0.08
35017|8568.09|0.06
47909|44565.60|0.02
51777|24202.78|0.09
44853|70116.15|0.01
187274|66702.23|0.01
143820|70825.16|0.03
179218|45402.35|0.00
86858|14758.80|0.03
155240|22019.08|0.07
155671|36260.07|0.01
100953|89881.70|0.05
125015|21840.21|0.01
45468|32509.58|0.05
110143|12684.54|0.04
124280|33911.28|0.01
198978|68540.01|0.08
2900|45072.50|0.06
86808|78971.20|0.03
157009|50102.00|0.07
12765|1677.76|0.00
150131|8267.91|0.08
188490|75767.52|0.10
119402|42642.00|0.00
190457|17021.95|0.03
165327|1392.32|0.01
139543|17407.94|0.05
9735|78947.04|0.07
168264|66613.00|0.06
113072|31467.03|0.06
154658|17126.50|0.04
181711|10756.26|0.00
114243|42746.16|0.04
129034|41458.17|0.01
124724|57707.76|0.06
177681|54519.08|0.10
72542|59067.06|0.09
79731|10264.38|0.02
197769|63469.84|0.10
96243|38416.44|0.09
183714|1797.71|0.10
195488|17418.28|0.09
128469|62893.32|0.10
21614|24569.76|0.08
179326|16863.84|0.08
50916|63474.94|0.08
108530|9231.18|0.08
33140|46145.02|0.07
104491|22432.35|0.03
8703|1611.70|0.09
24323|2494.64|0.06
127186|21837.24|0.03
20747|43361.24|0.03
181021|7714.14|0.09
168511|20533.63|0.04
142831|86196.18|0.01
21483|56179.20|0.09
37736|46864.44|0.09
174862|52295.22|0.04
193745|90098.26|0.05
56369|22531.12|0.00
193760|79711.68|0.01
111707|37811.40|0.04
90577|40756.82|0.05
198686|28554.88|0.10
95222|49906.02|0.07
193391|44531.70|0.03
125278|52130.80|0.01
15270|4741.08|0.10
40897|16541.01|0.02
136033|11759.33|0.02
17631|57299.31|0.03
141327|36944.64|0.02
43236|35376.90|0.10
119353|6861.75|0.01
71011|37316.38|0.05
97559|66931.65|0.06
74460|58812.86|0.08
102189|15485.34|0.05
58051|32289.60|0.03
31884|78082.84|0.04
38455|19508.30|0.02
186392|72441.11|0.08
120982|28041.72|0.01
101550|49649.60|0.01
115790|88483.71|0.08
27132|7413.91|0.07
14254|12850.75|0.09
96760|52702.80|0.06
104559|59414.90|0.00
88859|51739.80|0.06
177438|57586.34|0.02
171487|70131.60|0.04
121243|26549.04|0.05
20791|32524.01|0.03
137649|11806.48|0.10
99285|2568.56|0.02
48113|41383.29|0.08
53654|72344.25|0.02
99769|21225.12|0.01
127853|31974.45|0.09
190632|77518.35|0.06
73321|29769.36|0.02
145432|39890.61|0.01
96846|9214.20|0.01
47462|7047.30|0.08
118946|70737.84|0.04
131514|49456.32|0.04
85214|15589.73|0.10
187625|13700.96|0.07
158985|38835.62|0.05
198667|75923.38|0.09
187624|30809.16|0.10
21214|22704.20|0.02
152374|19969.18|0.03
164526|3181.04|0.03
186747|45843.50|0.08
137438|13278.87|0.00
17268|49780.92|0.08
86752|71288.75|0.09
40396|28064.19|0.08
101943|91412.18|0.10
194055|33322.45|0.02
151009|2120.00|0.08
191771|44706.48|0.04
122970|35873.46|0.07
131790|78336.97|0.08
55051|42254.10|0.06
142004|36610.00|0.03
143750|26906.25|0.07
157639|22056.19|0.00
157027|37940.70|0.09
59701|1660.70|0.07
134520|3109.04|0.07
85244|8604.68|0.00
66033|32967.99|0.06
90329|27705.72|0.01
188739|78592.39|0.05
188954|46987.85|0.03
111655|44999.55|0.06
51280|49251.20|0.07
88751|71329.75|0.06
53795|73449.18|0.05
163202|45547.20|0.08
91996|69579.65|0.02
32684|80834.00|0.03
98960|52891.92|0.09
78021|13986.28|0.10
88372|8162.22|0.01
69548|72841.92|0.03
65329|63421.68|0.03
21857|78269.40|0.02
67504|33844.50|0.03
40330|58435.18|0.07
134985|78779.22|0.04
42089|3093.24|0.04
179408|16361.40|0.05
22586|46765.98|0.10
7997|3809.98|0.04
61923|75396.80|0.10
120368|8330.16|0.08
23148|6426.84|0.08
65505|16175.50|0.02
41265|26537.72|0.04
83211|21495.78|0.09
175567|68987.52|0.00
155145|36004.20|0.06
134080|15597.12|0.10
56445|32233.12|0.02
196105|25223.10|0.00
73385|51618.44|0.08
145041|36925.36|0.10
105623|76545.14|0.10
74627|14414.58|0.04
142189|16005.34|0.02
90473|73173.50|0.10
112091|51845.23|0.06
170688|86175.32|0.05
136041|42004.56|0.02
176426|45072.60|0.02
111115|33783.30|0.09
138062|26401.44|0.06
109982|69719.30|0.01
99447|1446.44|0.05
150419|49959.94|0.00
124467|56675.48|0.06
185303|59696.90|0.04
133231|17699.22|0.04
93670|78192.49|0.01
62298|26466.09|0.09
198519|74405.46|0.10
167226|20691.52|0.00
181111|52452.84|0.08
108984|23915.76|0.03
4620|59460.18|0.07
167388|14553.80|0.07
44429|38455.76|0.09
66916|11297.46|0.10
60920|30094.72|0.07
175074|54006.29|0.05
98490|31258.29|0.08
174592|44997.93|0.04
190922|80516.80|0.10
131782|83433.88|0.10
97100|1097.10|0.09
94529|74652.48|0.01
54193|42446.03|0.09
163558|30809.45|0.09
99144|8001.98|0.10
65871|58779.84|0.05
71432|46313.19|0.07
196567|6654.24|0.00
85793|78266.76|0.04
26460|33275.04|0.01
19608|21386.40|0.01
180525|11238.64|0.06
180287|27345.60|0.03
27163|45786.72|0.03
143190|33296.13|0.00
31226|19672.74|0.09
159888|40905.48|0.00
3906|34388.10|0.10
63606|26683.20|0.04
72329|6506.60|0.10
71494|21982.35|0.02
144937|83241.06|0.09
82936|51811.11|0.10
179540|27532.18|0.02
178846|75068.76|0.07
14300|13357.30|0.06
195313|52107.47|0.06
71955|42392.90|0.03
141629|70166.04|0.07
137308|57847.90|0.03
27443|39742.76|0.09
109791|32414.22|0.00
146275|64742.23|0.01
38343|30752.16|0.08
14448|6812.20|0.07
36709|77347.90|0.01
40708|36271.40|0.03
161198|35257.32|0.06
18849|49499.52|0.05
128109|38661.40|0.09
80294|38228.70|0.05
51179|42946.46|0.06
75562|6150.24|0.07
31692|58452.84|0.04
83105|23938.20|0.09
27359|14149.85|0.06
119206|23278.80|0.10
187757|31360.75|0.06
178700|35574.00|0.02
4155|29656.20|0.10
6315|45188.47|0.06
24416|41552.71|0.09
98659|79567.20|0.07
110648|64686.96|0.04
91535|7632.65|0.00
131425|72821.00|0.07
107214|59839.29|0.07
168523|47745.60|0.08
31725|36447.84|0.02
23017|13160.14|0.00
172935|2007.93|0.05
64592|77829.50|0.09
132465|17969.52|0.09
100978|35621.46|0.08
127257|17979.50|0.02
120865|90521.28|0.05
166594|3321.18|0.06
190079|42086.52|0.01
83338|50210.54|0.06
46625|58149.94|0.07
176505|39537.50|0.08
181011|8736.08|0.07
15560|14755.60|0.03
33883|69041.44|0.07
169483|52784.32|0.05
164894|66602.26|0.01
28532|36513.25|0.00
126161|43924.92|0.02
12119|9279.99|0.03
50967|13425.72|0.07
119868|3775.72|0.07
40550|56640.90|0.07
111404|59446.80|0.10
116142|39376.76|0.06
127689|60083.80|0.03
185708|69954.30|0.10
109691|62925.53|0.03
178486|45369.92|0.01
177862|36857.34|0.03
23566|13406.04|0.03
65211|17643.15|0.10
28951|5639.85|0.04
131620|75974.52|0.07
21568|16385.16|0.10
57996|72297.63|0.01
127150|14125.80|0.00
171181|2504.36|0.08
94513|49747.83|0.05
119561|61641.84|0.05
73508|74075.00|0.03
183566|82478.00|0.10
193925|44416.24|0.03
25589|28777.02|0.10
72707|8398.50|0.07
182572|39709.68|0.10
113751|88237.50|0.00
155655|34213.00|0.05
88418|23908.97|0.08
33276|42324.45|0.01
130685|1715.68|0.06
123839|93141.50|0.10
78679|41441.75|0.07
28807|48602.40|0.01
127546|44059.12|0.10
147465|57473.48|0.02
14653|25082.40|0.08
139745|46403.24|0.10
111119|32773.19|0.03
49842|23293.92|0.03
54301|27616.60|0.04
20643|42218.28|0.06
97706|27259.20|0.00
95271|17727.78|0.10
64812|55081.11|0.07
66482|72424.00|0.07
60468|2856.92|0.07
180267|9430.82|0.02
133445|29568.80|0.08
14191|18788.23|0.10
99788|50057.84|0.10
48649|65503.24|0.03
88770|7035.08|0.05
148055|7721.35|0.07
57031|20748.63|0.00
7386|50441.82|0.04
76442|52482.28|0.09
9535|24557.01|0.08
83789|46092.28|0.05
4747|77631.78|0.09
2115|15256.65|0.03
55897|14823.12|0.08
74235|10883.07|0.10
193006|31871.00|0.05
93071|2128.14|0.06
102498|40513.23|0.04
70387|31219.74|0.06
7235|35409.13|0.07
151793|66412.44|0.08
155297|64909.92|0.07
57182|21644.42|0.01
95072|8536.56|0.06
57463|35511.50|0.04
156501|28035.00|0.01
48307|30127.20|0.07
158206|51832.20|0.07
121388|50737.68|0.06
37177|2228.34|0.02
155502|14017.50|0.02
110623|81681.00|0.01
176517|55772.85|0.07
96735|51951.90|0.04
126468|44833.80|0.01
57033|8910.27|0.08
65999|64844.67|0.07
151070|53811.36|0.05
58170|14666.21|0.02
68079|45024.01|0.04
195426|30428.40|0.08
198659|12303.55|0.02
171104|52879.50|0.06
116473|20852.58|0.06
127238|7591.38|0.01
25091|5080.45|0.03
97956|15631.60|0.02
24747|68541.34|0.00
27947|13124.58|0.04
96668|11652.62|0.10
14410|15892.92|0.02
808|41011.20|0.09
164739|5411.19|0.00
111157|40885.25|0.07
26328|28849.36|0.06
41715|77865.37|0.00
99836|60582.39|0.03
177314|37565.37|0.04
180497|66254.58|0.06
152255|23530.50|0.01
164552|64662.00|0.10
29872|14414.96|0.03
48050|19961.00|0.08
96293|33521.54|0.02
39837|69296.37|0.09
25891|12718.23|0.00
75905|92164.10|0.09
157015|21440.20|0.03
13706|79365.30|0.01
52703|29802.60|0.08
74881|7423.52|0.00
163656|51589.50|0.00
121483|4513.44|0.10
39218|46288.40|0.01
125251|15315.00|0.00
74264|12382.60|0.08
193073|24487.47|0.06
105771|76401.11|0.06
78807|64288.80|0.02
122123|32063.36|0.05
107462|38205.96|0.08
5263|51403.44|0.04
159083|9136.64|0.00
107704|73603.10|0.01
151875|1926.87|0.10
58458|42493.50|0.06
26273|35978.10|0.06
7813|82598.88|0.02
595|70292.73|0.07
143912|5867.73|0.06
124540|14080.86|0.03
129956|45676.85|0.09
37083|6120.48|0.08
50547|26955.72|0.06
32188|30244.86|0.06
197569|29998.08|0.10
137672|51290.10|0.04
157066|25830.38|0.01
39299|48293.31|0.09
145334|57931.86|0.04
132292|29134.38|0.01
7618|67126.84|0.03
130778|10852.62|0.02
76934|42040.46|0.05
174320|12548.88|0.09
40280|50031.48|0.05
144757|37836.75|0.06
33761|10168.56|0.01
196408|21061.60|0.03
52999|7807.96|0.05
178192|6350.95|0.05
59912|7487.64|0.02
26877|46900.62|0.07
122068|37062.04|0.05
155291|35003.54|0.10
158180|48289.02|0.00
33716|67638.11|0.01
66423|40293.18|0.06
129553|63302.00|0.09
172450|24359.20|0.03
7201|31029.60|0.02
60713|82011.79|0.06
172778|62926.18|0.10
91074|37277.45|0.07
7001|908.00|0.02
112987|11999.88|0.00
112347|1359.34|0.05
178194|52159.79|0.01
45731|51978.63|0.00
98159|8100.05|0.07
171057|49634.20|0.03
64965|71408.52|0.06
56221|52974.90|0.01
107137|44621.07|0.10
95440|12918.96|0.08
95651|29639.70|0.07
63955|49892.70|0.05
49666|80783.00|0.05
156731|12514.11|0.01
99393|48733.65|0.05
107136|3429.39|0.07
34270|26493.94|0.05
28539|8805.18|0.08
95275|35567.56|0.02
139122|44122.56|0.09
22901|7295.60|0.00
177094|43330.33|0.05
103813|76306.02|0.07
153095|55108.32|0.06
155809|67132.80|0.07
183273|42044.37|0.07
146380|14263.80|0.08
92007|28971.00|0.06
120941|88287.30|0.09
81375|31196.51|0.05
174396|72049.11|0.03
24221|8016.54|0.06
60826|37523.22|0.04
91245|38323.44|0.05
18664|72802.36|0.04
129751|48080.25|0.03
86938|44273.39|0.01
71776|82145.19|0.09
4100|20082.00|0.09
61783|71535.98|0.05
178880|92067.36|0.09
79138|5585.65|0.10
57977|65788.98|0.08
187888|9879.40|0.05
79675|61222.79|0.07
120001|25525.00|0.06
87916|47597.75|0.01
105662|1667.66|0.08
82105|9783.90|0.02
95605|59222.20|0.10
85400|67884.60|0.06
104826|36616.40|0.08
171811|20710.91|0.09
123241|6321.20|0.08
131498|35178.27|0.07
77825|36056.40|0.04
11241|12674.64|0.06
80404|38763.20|0.01
134358|8354.10|0.03
17758|33515.00|0.05
55407|24523.20|0.09
68064|44378.58|0.08
38630|37647.12|0.07
54950|20954.45|0.08
136270|40494.37|0.09
71433|63199.35|0.02
129382|52221.06|0.10
191455|10825.15|0.10
190637|67377.57|0.01
143929|74970.96|0.03
151507|31170.00|0.06
131486|6069.92|0.08
1969|43032.08|0.09
144177|50067.97|0.02
86611|52721.13|0.05
74227|31231.72|0.02
72863|36717.20|0.03
159617|3353.22|0.08
60717|78852.37|0.01
17227|2288.44|0.10
194628|49955.98|0.00
98873|84234.15|0.08
114034|38777.11|0.01
108006|39546.00|0.05
9436|34981.18|0.10
86691|6710.76|0.07
11473|65070.09|0.10
163013|47344.44|0.04
18634|7763.15|0.09
179129|2416.24|0.01
131606|63866.40|0.05
185433|37960.75|0.03
32499|62985.56|0.03
64381|55160.58|0.02
38460|6992.30|0.04
177073|36802.24|0.00
1044|42526.80|0.01
26227|21911.18|0.08
91096|40222.33|0.10
150363|12720.24|0.06
79370|52625.43|0.02
57458|18400.85|0.09
166195|58014.74|0.03
55768|82740.48|0.08
119896|40233.69|0.02
46663|64386.40|0.01
80746|6906.96|0.03
91857|35128.15|0.04
111739|73530.66|0.04
138310|45842.54|0.07
123373|43287.47|0.05
196570|78328.79|0.06
26291|10955.61|0.08
170000|39590.00|0.05
168443|55923.28|0.08
189305|55772.00|0.04
118288|52251.20|0.02
68571|12316.56|0.08
167285|39216.12|0.09
116355|42511.85|0.08
26459|65116.15|0.02
192689|69485.52|0.09
19051|40742.10|0.07
91988|83159.16|0.06
22350|45804.60|0.01
16304|47591.70|0.06
125263|15459.12|0.04
149816|55974.30|0.05
73400|63176.40|0.10
92351|48360.60|0.04
142427|13224.78|0.04
22432|63658.21|0.00
42591|13802.31|0.08
18728|14820.48|0.04
52049|5005.20|0.03
158293|28377.09|0.02
8882|64471.68|0.06
73350|35730.45|0.03
66972|69802.92|0.00
121652|31799.35|0.03
32788|79155.88|0.06
150399|23190.24|0.02
13741|77772.78|0.00
157484|9248.88|0.00
43482|21382.20|0.01
93781|53243.40|0.02
52241|16705.36|0.04
175132|43456.68|0.08
4358|22722.30|0.09
174164|39621.12|0.03
173562|67057.96|0.05
67841|41603.32|0.04
140151|30969.90|0.01
28341|31733.50|0.01
194616|11974.27|0.01
119460|7397.30|0.03
90631|64865.20|0.05
34781|53189.18|0.10
26351|7664.10|0.03
69383|54095.20|0.07
140301|52310.70|0.07
135679|77160.15|0.09
128859|39644.85|0.02
114484|59939.20|0.07
84071|39037.59|0.10
121335|44758.89|0.04
3790|42344.75|0.03
26156|47614.60|0.07
195006|19818.00|0.02
111814|49296.87|0.00
70502|54482.50|0.07
100492|7462.45|0.07
170514|34859.22|0.10
7189|29596.86|0.10
108700|47843.60|0.05
169256|50359.50|0.00
83920|74252.88|0.08
190297|61040.76|0.09
150419|5877.64|0.06
38048|16762.68|0.07
85234|47549.97|0.03
126145|15224.82|0.01
25395|62058.33|0.02
85191|24699.99|0.10
146968|60448.80|0.05
83964|64282.68|0.08
104099|25371.07|0.04
166566|44079.12|0.05
115708|63776.90|0.07
162702|33529.30|0.05
178295|9613.03|0.03
191424|71224.74|0.06
110677|62443.79|0.04
123928|87836.40|0.05
35808|74983.40|0.07
125719|48851.88|0.00
134816|16657.29|0.03
103603|61050.80|0.03
174007|9729.00|0.00
192289|29006.88|0.08
55922|73238.88|0.10
22968|75638.40|0.05
140821|9309.10|0.06
186062|11480.60|0.05
147274|40959.37|0.08
113703|42917.50|0.03
57933|88873.71|0.06
141066|33211.80|0.08
65877|35014.53|0.09
183405|4465.20|0.02
170606|43591.60|0.08
97490|10412.43|0.07
118530|13936.77|0.03
134743|69331.86|0.04
151253|26085.00|0.08
16419|14689.51|0.07
134218|43827.35|0.03
113353|32792.40|0.03
62357|43538.55|0.01
126251|37040.25|0.07
134948|89232.30|0.00
94920|47873.00|0.07
83291|52245.89|0.06
74307|7687.80|0.00
170468|46153.80|0.07
181205|16720.60|0.10
122467|49152.18|0.03
93318|9179.17|0.05
123119|12563.21|0.06
145706|31530.60|0.03
125835|7443.32|0.10
81847|3657.68|0.00
186910|83870.22|0.03
19166|18447.72|0.02
101463|70294.08|0.05
151824|54398.78|0.06
175378|15987.07|0.06
173175|37445.10|0.00
100708|42717.50|0.07
22610|58239.18|0.02
63562|33562.32|0.07
40101|45808.40|0.04
3644|71191.44|0.03
65428|19507.88|0.08
98733|5195.19|0.09
127459|49052.85|0.00
196574|61811.09|0.09
91459|43513.50|0.09
72741|27419.84|0.03
128686|39437.64|0.06
28031|17262.54|0.10
106827|60516.06|0.09
185723|61496.48|0.10
41321|26508.72|0.03
58376|13343.70|0.04
159699|68588.91|0.01
110626|4909.86|0.08
39680|24295.20|0.07
35350|19280.25|0.01
114468|74123.00|0.04
68486|31998.56|0.04
143822|18658.20|0.06
106937|91364.71|0.09
27482|8456.88|0.02
30767|47537.28|0.04
143429|32393.24|0.02
144325|43818.24|0.04
176914|7963.64|0.10
55267|8555.82|0.06
50113|42524.40|0.09
175747|82023.30|0.07
148313|19058.34|0.00
60015|26325.27|0.08
7384|32284.50|0.00
93036|24696.72|0.08
180783|65232.30|0.04
95247|2484.48|0.00
191792|65932.65|0.10
1829|57117.06|0.10
141532|40911.78|0.03
89824|34462.58|0.03
110245|26360.04|0.06
94217|25435.41|0.08
17642|4678.92|0.06
21204|46133.20|0.00
111383|1394.38|0.05
21159|14041.95|0.02
82973|95842.53|0.08
2518|18466.63|0.09
32644|15766.40|0.00
150215|21508.57|0.10
171158|1229.15|0.10
168606|63634.80|0.06
34512|18804.63|0.10
35918|35224.29|0.01
16148|53207.00|0.09
36798|79800.34|0.04
196819|49811.06|0.10
42173|28994.42|0.09
37028|25090.52|0.00
146874|74913.93|0.01
108885|89012.36|0.00
6612|56188.57|0.08
167822|35906.58|0.08
159838|15182.64|0.02
89149|37558.62|0.02
79680|43151.68|0.03
154258|41992.00|0.07
187097|40259.06|0.03
161694|38625.18|0.04
112115|18033.76|0.09
131728|3519.44|0.04
33600|3067.20|0.03
156325|48346.20|0.02
73141|34538.34|0.06
183691|76311.67|0.00
27634|1561.63|0.00
194063|32397.68|0.04
170113|54423.06|0.03
57469|44220.26|0.00
195391|62428.38|0.08
89895|69740.93|0.02
179552|60367.35|0.05
54537|40271.31|0.03
87681|18355.48|0.01
91818|38006.01|0.07
26760|43855.76|0.07
162165|26997.52|0.08
100019|39741.39|0.03
56991|42855.78|0.00
182827|51565.14|0.04
111392|8420.34|0.10
68752|27532.00|0.03
126098|22481.80|0.05
76035|6066.18|0.06
10867|33779.34|0.09
155114|14029.32|0.10
162916|55409.48|0.02
106867|67458.96|0.00
12213|4500.84|0.05
81871|14822.96|0.06
26080|17103.36|0.08
87270|31431.75|0.06
112682|54229.76|0.02
45045|2970.12|0.07
121646|78379.08|0.01
194673|24747.38|0.04
122350|61755.75|0.06
47599|18559.08|0.10
192741|84352.04|0.00
152076|41738.59|0.05
44408|58153.20|0.09
96567|17199.16|0.02
127388|16984.56|0.04
129811|69950.78|0.10
177395|45644.09|0.09
121088|28836.08|0.04
47082|46308.60|0.03
21803|20697.60|0.06
40174|16712.55|0.07
3632|4606.89|0.04
57076|11363.77|0.05
71547|44037.66|0.00
113245|23906.56|0.09
162959|12131.70|0.01
47404|17568.20|0.04
81919|7603.64|0.02
157396|45055.09|0.07
45912|20437.01|0.03
100443|28868.80|0.06
161430|20880.02|0.08
102029|30930.60|0.00
176574|61071.09|0.08
196912|40178.20|0.02
119045|5320.20|0.02
100992|69754.65|0.03
132320|33808.00|0.04
124934|17630.37|0.03
24835|26397.45|0.00
29412|61704.86|0.05
194443|1537.44|0.05
29684|45183.04|0.04
76568|71049.76|0.07
93119|5560.55|0.08
125319|4032.93|0.02
43739|3365.46|0.00
24900|54747.00|0.04
162702|56470.40|0.04
179721|59423.76|0.07
5778|45461.79|0.04
133341|45353.22|0.06
90858|81349.40|0.09
190050|25081.10|0.10
101847|24034.92|0.00
51255|9650.00|0.02
172214|33441.46|0.10
119504|22852.50|0.04
62978|62111.04|0.01
186631|15458.67|0.02
74218|41727.35|0.03
120778|16188.93|0.02
49575|10671.99|0.07
29207|15906.80|0.00
50626|25225.92|0.05
137757|41279.25|0.07
78760|69550.40|0.01
198760|89220.48|0.09
95905|26612.60|0.02
173995|93104.55|0.01
187826|57414.60|0.03
127369|40494.44|0.07
21396|1317.39|0.06
198013|11110.10|0.02
26105|36088.50|0.10
97755|45571.50|0.05
120751|86815.75|0.09
181005|9774.00|0.00
82722|28980.24|0.07
58870|43892.88|0.09
152282|28019.88|0.07
146494|12323.92|0.10
39334|34379.91|0.09
20008|33408.00|0.10
130305|54747.30|0.06
19586|52695.30|0.09
177249|33156.00|0.02
21629|40316.12|0.08
39818|63281.16|0.10
148115|40708.85|0.01
127328|37948.96|0.03
150163|16984.24|0.02
170830|15206.64|0.06
142152|59707.50|0.03
176383|70050.24|0.05
123055|45278.10|0.02
143490|61339.60|0.05
159930|93526.71|0.00
22002|36960.00|0.07
123120|53726.64|0.02
185172|32686.42|0.05
103317|44890.54|0.06
8179|43486.80|0.00
77307|43666.20|0.01
17233|24154.83|0.05
60127|6522.72|0.10
93292|28276.38|0.05
62135|44982.33|0.00
28754|63944.50|0.02
19967|37739.20|0.03
91293|37244.41|0.07
27001|13920.00|0.07
176989|12395.88|0.09
124144|16353.96|0.09
134339|53559.87|0.08
188138|31879.38|0.00
150315|61438.95|0.05
25579|12036.56|0.08
167185|21287.06|0.07
149578|39061.68|0.07
62229|57178.56|0.06
45547|11940.32|0.05
67279|27417.94|0.06
6872|8894.35|0.09
40771|22253.01|0.09
94281|39533.68|0.10
24197|48211.17|0.01
17572|74478.50|0.03
198013|38885.35|0.04
88223|19379.52|0.08
2037|3756.12|0.03
6554|2921.10|0.01
4723|22788.08|0.00
116643|43150.64|0.05
16774|20289.24|0.05
158609|76709.60|0.10
174162|43265.60|0.07
152009|36074.00|0.01
77725|73216.96|0.00
121126|10324.08|0.10
129385|59403.96|0.06
53532|40109.31|0.10
46850|82655.10|0.01
19414|57336.63|0.06
86325|13113.20|0.06
39668|45014.48|0.07
127625|67757.42|0.07
128127|49670.16|0.07
153282|30711.44|0.09
45665|51541.12|0.07
121806|89562.20|0.06
51805|72028.80|0.08
71068|29093.68|0.02
99463|68735.62|0.07
23736|26555.68|0.02
78028|38228.76|0.01
24632|18679.56|0.00
19760|33595.20|0.01
8940|68410.78|0.02
126180|2412.36|0.07
95765|59865.84|0.02
98986|67489.32|0.05
162028|1090.02|0.08
154993|96255.53|0.00
156351|1407.35|0.03
177481|10909.36|0.06
111471|11859.76|0.02
52567|9117.36|0.00
197218|13152.10|0.09
187254|17436.25|0.03
90594|79229.50|0.00
103150|10378.35|0.00
134795|84170.34|0.00
20187|44287.20|0.02
73890|91330.61|0.03
72014|18734.19|0.08
192464|32685.66|0.01
136171|33800.76|0.10
21826|45443.32|0.01
115590|40139.75|0.07
96302|1298.30|0.06
180177|25143.40|0.01
9476|31865.81|0.08
23455|63408.70|0.08
19317|25962.51|0.03
23845|22994.92|0.04
174723|1797.72|0.09
12690|65710.29|0.06
99461|24827.82|0.07
80584|7822.90|0.08
132796|91439.50|0.02
137483|25848.16|0.05
26183|21074.42|0.00
137569|1606.56|0.09
5164|1069.16|0.01
167610|77170.06|0.03
109595|33696.39|0.10
65446|31051.68|0.06
184795|48874.54|0.08
18449|23246.48|0.06
177606|50508.00|0.06
103149|41477.04|0.08
85646|29369.52|0.05
76715|81202.08|0.10
31481|33899.52|0.01
74980|70379.28|0.09
143401|50554.00|0.07
126371|29344.77|0.06
64614|67880.23|0.03
74230|27697.29|0.09
37329|59517.04|0.10
129712|26125.65|0.03
51997|76010.61|0.05
22482|21067.20|0.04
137198|53113.17|0.03
25197|24688.18|0.03
12480|11139.84|0.03
179730|16287.57|0.09
184092|56452.32|0.00
65589|63737.78|0.10
162401|16097.40|0.06
149825|7499.28|0.04
106228|32089.72|0.04
5283|57037.44|0.01
121284|1305.28|0.01
175203|47293.40|0.07
182182|5056.72|0.03
40825|3531.64|0.10
77755|13862.00|0.03
57902|72536.10|0.01
49469|32624.58|0.02
11831|83655.84|0.09
75033|2016.06|0.01
57179|42038.29|0.04
174852|57805.50|0.03
66266|3696.78|0.04
29340|13962.74|0.01
8325|59199.36|0.00
126855|75274.00|0.09
11810|32714.39|0.09
101404|15459.40|0.07
127307|65380.70|0.02
147798|64602.65|0.06
25745|8353.70|0.03
8544|7262.70|0.00
39392|15976.68|0.04
41749|32124.06|0.10
69587|66932.94|0.10
56961|38359.20|0.10
97271|60876.96|0.00
48343|49070.92|0.07
146383|4288.14|0.00
197272|52032.26|0.00
31068|7992.48|0.04
145903|50671.40|0.05
88539|24440.48|0.00
151287|26765.60|0.06
34506|59060.50|0.03
79213|19075.36|0.09
130688|65309.84|0.05
21430|64868.64|0.00
131398|24299.63|0.00
199995|2094.99|0.10
123810|1833.81|0.02
118298|57916.76|0.08
187828|44063.86|0.07
126211|1237.21|0.01
49668|56618.10|0.10
37230|21010.14|0.08
123884|11447.28|0.10
155846|43742.32|0.04
174669|5230.98|0.10
123777|79233.88|0.02
8277|45040.26|0.08
147429|51674.70|0.09
32385|36886.64|0.09
191172|29052.91|0.06
92177|24552.57|0.05
60390|20255.85|0.03
116947|41242.74|0.02
86965|3903.92|0.08
168702|19477.70|0.06
84495|1479.49|0.08
119101|19041.70|0.08
199857|62619.20|0.01
35293|2456.58|0.09
194021|12265.22|0.08
135677|65081.46|0.03
7888|37713.48|0.04
55345|22105.78|0.01
165572|18013.27|0.04
56370|37138.36|0.00
130352|2764.70|0.09
3315|52387.33|0.02
6996|83731.56|0.00
131124|26567.76|0.07
183161|22394.88|0.05
179431|57396.34|0.03
16577|5974.28|0.06
133396|22870.24|0.06
196981|62339.40|0.05
34328|56804.40|0.08
130845|35640.96|0.02
178342|19884.76|0.06
174857|34773.30|0.03
156894|27312.46|0.01
167599|8332.95|0.08
135434|51430.05|0.09
176404|25166.80|0.10
27606|32205.60|0.08
28319|7483.86|0.05
109827|75309.62|0.02
100856|16711.65|0.07
74648|25962.24|0.05
192058|21850.95|0.10
24178|30860.76|0.10
114694|35882.49|0.08
125659|48854.85|0.03
145082|1127.08|0.02
151809|80014.40|0.07
158876|13544.09|0.05
49084|42356.28|0.09
193568|26584.96|0.08
57079|8288.56|0.05
33761|50842.80|0.02
197388|20795.32|0.09
32027|13426.28|0.06
92305|33729.80|0.08
2518|39774.28|0.02
12805|75583.20|0.00
158624|23556.68|0.09
42046|23712.96|0.07
176279|39302.83|0.09
107513|63861.42|0.02
77690|50030.70|0.10
188363|34832.64|0.05
26502|21427.50|0.06
34873|48812.49|0.03
174323|67071.36|0.01
116884|77936.08|0.01
45321|20261.12|0.00
17715|8163.55|0.01
127896|11543.34|0.10
126136|38350.29|0.05
3813|27468.96|0.02
141654|38999.95|0.04
48216|18627.36|0.07
165789|53788.62|0.04
152052|27601.25|0.07
60892|48175.14|0.07
28987|38319.60|0.09
15995|38219.80|0.02
121031|46289.32|0.06
175062|34111.80|0.04
89882|14975.04|0.01
189923|18116.28|0.04
159082|4564.32|0.01
175422|47917.44|0.01
714|58129.56|0.03
146260|47025.36|0.01
121631|62799.94|0.04
165596|3323.18|0.00
115088|51844.76|0.02
185737|61972.82|0.03
119669|45593.82|0.02
194485|18953.76|0.05
186009|32850.00|0.10
161194|58993.93|0.05
145909|78196.00|0.05
116068|26017.44|0.06
26208|47636.40|0.08
178257|65427.25|0.01
122776|17987.70|0.09
1036|7496.24|0.06
165938|56110.04|0.07
63244|13279.64|0.04
68088|28514.16|0.07
192989|29147.72|0.10
89065|29513.68|0.03
108077|10850.70|0.08
111645|41416.00|0.01
35146|28109.64|0.09
14120|13443.56|0.08
7462|28758.66|0.10
192930|52596.18|0.10
166649|48037.92|0.01
135682|61836.48|0.01
126976|86127.71|0.00
110904|36383.10|0.09
101804|57785.60|0.08
102820|1822.82|0.01
12549|61384.68|0.08
70128|45022.92|0.00
76898|1874.89|0.03
80537|19727.89|0.00
102530|36780.72|0.09
127152|37732.80|0.10
133994|40559.80|0.05
31768|15297.84|0.02
144230|35678.44|0.05
134493|38187.25|0.10
48961|15279.68|0.03
83684|36688.96|0.06
79760|27836.16|0.07
41775|48069.56|0.05
397|23353.02|0.01
123050|8584.40|0.09
140876|32586.79|0.01
85463|65180.70|0.06
171885|68490.80|0.00
109388|9781.66|0.05
10633|6174.52|0.01
144059|20957.95|0.07
163785|68404.86|0.07
195726|3643.44|0.04
74000|23376.00|0.02
62185|37856.94|0.07
35701|52374.40|0.08
51420|23314.14|0.10
6823|57084.06|0.10
197288|36017.28|0.08
67553|48657.60|0.08
157237|46592.28|0.04
158083|44502.12|0.04
36860|48515.22|0.04
129223|61358.78|0.03
113494|73867.01|0.07
166856|76914.00|0.00
173653|27626.40|0.00
118078|39458.52|0.04
121534|17110.83|0.06
143771|25406.78|0.02
117583|56020.30|0.02
31553|62351.10|0.10
98590|36537.57|0.07
186695|24943.66|0.00
93085|37732.80|0.09
88546|58312.52|0.10
138270|49714.26|0.08
169587|16565.80|0.04
189240|22597.08|0.03
68809|37333.80|0.07
115129|21738.28|0.08
110151|45284.85|0.06
69957|23123.40|0.10
86483|64657.12|0.06
36173|38820.95|0.00
192846|56226.36|0.04
148434|50402.62|0.06
105889|94744.00|0.03
92663|82783.00|0.00
198022|14560.26|0.01
75655|47288.85|0.07
38089|18487.44|0.01
90451|59099.45|0.05
