1,1,insert,zero____,____1001,kSYkRVB5ajm9pZBO33xLkYMTJ4YmgtLYLcX
1,1,insert,two_____,____1002,iRIjNCv18NpZq8loIlK3nZqYcJT11WQ2GoBDfDteFH4FPipFlMYEAT2M2SoZO5d
1,1,insert,zero____,____1003,Cy3WLXBs8vKTfIHMZroaRYCb7dZuRj17YsWyX5ekdDL352cW
1,1,insert,three___,____1004,8PJaOpAu6j2GfvARVjL0ke6zSKJAfXZ4p
1,1,insert,one_____,____1005,35QnKl8QtqxdvUcUwYTlJdS3Gs2wdhDUkPT
1,1,insert,three___,____1006,xXpipiup3FtJhlpZpCvR7ak3Vr4NJ81YlhQXO7ygf9KVmshXbk
1,1,insert,four____,____1007,yl9azQ0d0B5JMmUmPu033VrxsMqUEIbBts0yHb
1,1,insert,four____,____1008,BuaiWCObBqFwIHtqFCZHwSuG82TZiLBJlSeQIaYabV2BpOt9aEsiDM
1,1,insert,four____,____1009,DHxxHJSZzQXnTrET0jT1kWr0pIZwSj3hw
1,1,commit,,,

2,2,insert,zero____,____1010,hV3xhtdV5aU5jKXNGdbjtSpLhEaXMswqB2juS
2,2,insert,two_____,____1011,kmBun9fCRCxgXOmeDP2JyngI9woYjzEF
2,2,insert,one_____,____1012,rboZYlI8LwMPUHGwGSdkLsZGCvccFIUbIKvjo
2,2,insert,two_____,____1013,ISLJBDAnUDEgG4LB3jgtDv41tXdaoHxsNhJnsfDGhVjKIeAyTLXotMrQ
2,2,insert,zero____,____1014,PAyrWi3kzlrSJGwBp2zIL6ljUyZiOqkIXPg6GxD5gaETNVJitv
2,2,insert,four____,____1015,mSE0VTKmo2vjs9cWOnoz0hsz8LTN8iS9eXmFyIF
2,2,insert,zero____,____1016,Ur0kin8VlqFyU5Lidoe3yr759sAsfKLtEqamm1bVyskdPTk7mPzFATaxyMR2
2,2,insert,three___,____1017,9N5ZusjYOmTWDM5TQRJbRHcoqNP7s5I1ibZOSLBuopbxYtRxCzJPLRiCgP
2,2,insert,three___,____1018,HCetoKgE0r6265u5KFfCQc8S1MwE9j2s8ZN7sZg45OhqQ13JO2y5cA
2,2,insert,zero____,____1019,EW4w5ThByoJlq3oPDsCrvB4JGFuAMjt9VyI
2,2,insert,four____,____1020,jp6sR6fVgQ4sVaCHIc3GglirD9lTagEDbMDckFlzFbcuJzPxNaHfSbOyYCHb8F
2,2,insert,three___,____1021,JJsBCqJLuDjrIm8uLAmwlwiOXxD3Fm70HIOhfxw6toFedm
2,2,commit,,,

3,3,insert,four____,____1022,mUxal3cKzBdL4ylsZtm3lxVt2qAx4564FluR5l
3,3,insert,three___,____1023,LvxyjWFkkfxKApYJmaxTkLCssGIZvMjsXu
3,3,insert,two_____,____1024,F5s31rhpu6OleNwGLFaDti6WAbdPWgPbiYNAKzN6kmGOE4v9zs0ixTTzvXqYCl
3,3,insert,one_____,____1025,NNQf2sLLw16bRLsPXYlp86Cygrwc6wX7YtJ8LXfmdfHgfcHs7gmfk
3,3,insert,one_____,____1026,7PMKVKSh3PtugN8BqoMz5Kpvfqhq7dUCQuNQI7t7
3,3,insert,two_____,____1027,Aa0Mu3hdzbVnhXwNwCKKftEQOcdZMEnl44TJqmovl2i3
3,3,insert,two_____,____1028,Hgqk9KXSP4jkbeJYMjJ14UcLwtsxJV4WUoGQd3q
3,3,insert,one_____,____1029,DocbOfMXtjhGUuf3rp1pYbqOnO38Pkw8vUGYtp6jkfzviGAn1EhicT3Fa3Y
3,3,commit,,,

4,4,insert,zero____,____1030,geQUXEqrbchEjeUTfQyiI3MYwZqxpS4PVxLFyfdoNIyqaclslx
4,4,insert,three___,____1031,BGRYj8zngFZmgu3LRl0DAgw4j54plNyZulPYGtbWp
4,4,insert,zero____,____1032,eeS03zC5ugbqq0jv9FMZcwoF8EZfG5Jm18LDFtclFfkmXRBdots9Hy5gLyGd4wbX
4,4,insert,four____,____1033,hA7aRQ0tcLeGehWBFCzSDmKCR6LHf3X3fPuyJwN2kKlf0Vr6fhbwqzHDFy
4,4,insert,one_____,____1034,D9cammmQNkAgOtJJWyT2YPbFBTl3SxLXnhvId3hfeEPXPSixDWzCbPVq1GJvhtwj
4,4,insert,four____,____1035,09d2cJgPowheCOrZcgGDaQgyD46zLG9tZ
4,4,insert,four____,____1036,FFR958GQxl8FEiJrBwCXLIFzVwJGgDMWxe17SJujsYEm2KS4IxhIRTshnck
4,4,insert,four____,____1037,liBj1L6vQybZWhaLfG65JGaVTAL69K1ptP
4,4,insert,three___,____1038,ql12qp0P7XEccyBLLUudJGIIJw0BWPdK
4,4,commit,,,

5,5,insert,four____,____1039,DMPeY8DVUkgCfmjtRgQnMcGIbScIlHasrN8l9wdAUldlCBmFcp3
5,5,insert,three___,____1040,Rf2oxdWjPBKvs2NWTKZ3i2OhqfOlj4GvMPOd6oWpSCfz4fF3lI
5,5,insert,one_____,____1041,g0jigGQMcEsYZLADKsqDRHTPzXcoGcJwLnBu8TAxuMkLxi17870Xan
5,5,insert,three___,____1042,Y23EdvdwYQNQoVzo17O9ArTQFXKY6cGVHRc
5,5,insert,zero____,____1043,KF2cBEn9PHzu0Fb0vMGksmtJcLqtfaszSX6cH42UR1wWFEX5uMlgbcV6h0juj13E
5,5,insert,one_____,____1044,ulmBmdSzlWuLs2pNCUalNYiPHJ3qfy3une0dx9z
5,5,insert,four____,____1045,KFcKQHxCiIf7l7tmCTQ0pcK3WDITETiOT
5,5,insert,two_____,____1046,z0mwywqjlaJpzfGIjbppfrDdPI1cgLFnvp47ng1pLHhmBxI8skg4r
5,5,insert,two_____,____1047,jocl6RBP5YkBP2IxmqASgqfYblnHAvNzc3uKdPIQ3jb2ss7xI1a
5,5,commit,,,

6,6,insert,two_____,____1048,UWoFDSZS3sp4ge4lrR7iSlPF3h5KzrAYocPnn6WjTJkzfXMk0x
6,6,insert,three___,____1049,GK1UA6sfPdhJYHanaL74hsOUDw6JvFyrDRWZIivbmLGFv
6,6,insert,two_____,____1050,SODevNLgO7K2vy1T62vWC5nVM5Yxjrnyl77z2HnZLYQqgk
6,6,insert,two_____,____1051,nQa7OwPYsfx9OSxaDMOR03mEJEWM1J1vOicI4dwYh3KB0YsFJSL
6,6,insert,three___,____1052,y4IQmJ1mzUfbAEUbkJxsL8FOiKGfs685PYrJBj7C0MK9wO2dXrlquup
6,6,insert,four____,____1053,RZpRIRW1M5V7cmxbagX3w6TjhnoZXmjIOsLXAfIe8Pc210lb1gQgwR9uY
6,6,insert,two_____,____1054,aNUq7wq4NV8X7gP5PmCh0xzxAxQTGQeGfELjWDb3c7Qy6kixAw8W2a
6,6,insert,three___,____1055,2LZa8CucmaWGZEfgc1wpel4YBUppXdiiyPI3r1jLODwcoqHR5Jt
6,6,insert,four____,____1056,nRzqmxQLBRAdiMC8t813CZq3xeWwibK6wT2o5l8vbMzGjFbBRXeui
6,6,insert,three___,____1057,ZWwIosbH0ejqBZJIWJePeJCK09sAWXGXwc2cM4O1cXxTXnDxX5P3qvRu
6,6,commit,,,

7,7,insert,one_____,____1058,6fBHCQp5ma8YH6DS1K9YZUXWecZYUL8bCfrUqRgb75gOuucMx017
7,7,insert,four____,____1059,bjHV6F3okyy5FYPD1RIiqydXe2I0ajTyO
7,7,insert,three___,____1060,OKnsAtZhvTSng8jcaAYt2Axdt0y0hI7mZolQqJSOaWEIbn
7,7,insert,two_____,____1061,aJkNw0iUEd6vvdSqegWMszrGyQSFZiu0L072WbZ42bfev
7,7,insert,three___,____1062,ZNLd3wf3XgD0y6IlKdHdFx2Q1F2K5CsLpYBeWXCLGMktN2mYpPg
7,7,insert,four____,____1063,wXFZ3NVI95y7IQL3qpjj2tatDtbP4drakJptBwSTidE6FsuaAnF4jqstQND
7,7,insert,three___,____1064,GW1oN89Dntnlr5VgrobIn2CVMyOiBEdr1Ut66b
7,7,insert,one_____,____1065,wm85e6GkxN9HZwUGrCjtDwhrgNL7XTyaRGvtlEtWO4hDrtqqVQw8yTWc
7,7,insert,four____,____1066,i3LWajBTGkM87amJASggFOJXyezN6j0vl9TBjoulq8oPYTw3ZU46
7,7,insert,one_____,____1067,tN2gUBvQwag1sE6aoZKK5hsrUatpCHkeTcWiGK
7,7,insert,two_____,____1068,M5qAa5T7OleqVWxJFj73lfan9iAsuieqqRXxsl6JbfJaD6jLIlr
7,7,insert,zero____,____1069,fNce6JzfpmG7IEfoLu0NIPThAcTlxZpBASlBvpA5kYTY6uzg5wgu
7,7,commit,,,

8,8,insert,zero____,____1070,k0EijA7ltxHGHXg1NUj7l4Oy0TSCdUALQu9IuPYD7Gi
8,8,insert,two_____,____1071,AOfp34E78fbOoaLEoDPU27EL5qUf2qEw4tRKE
8,8,insert,three___,____1072,iUu6LkqXpKaG3cHuLLbcO9gHwjzNjOEOSadQtnFTRxihV3YWc
8,8,insert,four____,____1073,kQzpmwSE5a5iIWLZqrFxe7qz9gfpr6GarNLlNiJao
8,8,insert,one_____,____1074,PhNgGrcrE0JSs3s5f5qjGvB9z2B1lO2ZBlc1yJhnCQMDvE2O1rzTWC2
8,8,insert,two_____,____1075,AZdbGluN5PwYvyJABrfSUlWlj23BhYoAH
8,8,insert,one_____,____1076,QqXizsmMxgNZmC5EwhiVLXRPnqslbAfAfzO522ASOtP5q4n2CFsQqSaIj5GezdL
8,8,insert,one_____,____1077,2oiDgP6rp64i7i7Rv5fOyLtEYG4SEsaqBCq36PDb1Q
8,8,insert,zero____,____1078,iQlkOQ7bQ6ZvbCbFXFCvs6Dw4FvTU0F58pcuY
8,8,insert,one_____,____1079,ZVOWePgznYx5gOWV9Hq25DReXy8aTbDrXzscrheoNxkxl6O8cFU4qASr
8,8,insert,two_____,____1080,8XrBzeMeV6DXi599pVKURxNRaMQxC9wsVAy05daGPZl1IMeS25r4tyixd9F2J
8,8,commit,,,

9,9,insert,three___,____1081,UZz9Xk3AI0WTbaJ7KQwMYXquoE6cyRpKMZXmGiug
9,9,insert,one_____,____1082,Fz10sSfcBl1xxj6kMUgp5kR3gLd9gIHeKHx2cJ
9,9,insert,zero____,____1083,bo78KXsegNVqvWFet6PGbrVgR2n0GL8MjGchNVKa6uOcx5i4t8Pu9U2gg4r
9,9,insert,one_____,____1084,69zRlptMq6rlEaON490B8UaU9ZFKWiArjBGcu
9,9,insert,zero____,____1085,bvo9sjxejnXN451AP4EltFh5EnefgHaS6YL12SIDTKcJoL0jUcTKGaHZarGvauTw
9,9,insert,three___,____1086,DsUEIRHfyXJZqzLT60VJOdSHhS6mb8ovfe2wJty
9,9,insert,two_____,____1087,DSRsUeY15dt595BnQ1hbXl2614KPTCLmyiRQ1
9,9,insert,three___,____1088,HigaTuij26NGEXFN3DmPO550IQG6imJ7nAABZ6STYUWaW
9,9,commit,,,

10,10,insert,one_____,____1089,3y8slDHcdZ8uHIv4LtN0nIJr9bka6bd2CVRUF8
10,10,insert,zero____,____1090,8aqItH4u1Fmgrqc3rjUIvCXDMoPliTSwAtIQC
10,10,insert,one_____,____1091,WBGnepvltRyczz2GKtvrHiQJIYTXG4mtnVG7
10,10,insert,two_____,____1092,JDNNQtt6xcdz0I4gPHZkDEsEK7xeW3fspiWp
10,10,insert,zero____,____1093,2WxBpIFy3GtbHl0TitAOV867NlY2FvObPZPTGUVejpC8DNvtZcej2
10,10,insert,zero____,____1094,LsInjEPJDvIvT2zZD3ijCsNlgWIdvTHlZre3I4f
10,10,insert,zero____,____1095,I12C3iSK2pT4bWSQbOIMWrt5wgecvJWtT5fgZRoONNpdGA58fvLZBPV0mH
10,10,insert,one_____,____1096,OdWbOVKXzx6lgyNwfCVJtQekePrxME8MlpDzcXYBo8GkqMWKIzk
10,10,insert,zero____,____1097,Jr4RAp3DCm61lgBOHQOJel1mpng6HLcR11eyxwJze6Kh37XVgj0YN1VDIZDvQP
10,10,commit,,,

11,11,insert,zero____,____1098,wJr6IFIjY1xvv3FxZRd1EZCW5QwL1wKw4MT7ICYua5eaIJ0o
11,11,insert,three___,____1099,jh0zB6TafIywHrBFRPNtztO8XrgyQInyxSo0tnUcjC6mJZ90zjQ5RTQUXW
11,11,insert,three___,____1100,tIkZgskbZpIyhTdFejmuGSkJ3h0OktWQ
11,11,insert,one_____,____1101,2pjMW2ezFWoVa3x7v3DATSs71b5l08xwAqSDGKUKeP
11,11,insert,four____,____1102,Mxl2VGUoDACMbb3PI2pq39tmglKaUn3QnRNeQzrrBZc6OIyEY4mHgSxDUhh6cXm
11,11,insert,four____,____1103,5QPjwPJ7BtLVBBZMoz03rbKL8mDKfCBk2QelwBUrVor4BFGpLcb6H8Se6RxiiIx5
11,11,insert,one_____,____1104,R2Gr38KMH3Mp7DouxMwHl6BS6I0CVPJr1H04MhQ5ZhbRjStjh9Aia
11,11,insert,three___,____1105,LRklSR4xSMv8lwB2kNW1lR230ome2dgK
11,11,insert,zero____,____1106,qfoChdFm5Sc4mj84bPvX7aeygrRpgwfl1PZabkxxyJopx
11,11,insert,three___,____1107,neJqQF2fCdrozdm2xtHCTMXpcaUMTXOIRr3sOP
11,11,commit,,,

12,12,insert,four____,____1108,sm5XKgtdvIuUclHuqvDCmrJIZe2dVBqyHRO
12,12,insert,two_____,____1109,cOAwZxAySQwD4EWK4VoMiayAYwZUtmPqKUld7yTDc9UaD6750tmT7Od530a1S
12,12,insert,zero____,____1110,KI2NoEcN4LxyisPrvGdDF8jF39H1dtr1p4aPA4o4BO8jrSwtzgwLmhZ1AFKMi2fT
12,12,insert,two_____,____1111,ondDcgHTrDd93kzvXXCO2jVBEty20DEx1y8a1y1J2bZDMWDbLpIse
12,12,insert,three___,____1112,Xq2bFwhTS0DYBB9OkEEr77fxGdhmnfbEbNhOAO
12,12,insert,one_____,____1113,wtIMZy45A5IY7Q0MMr8w2SI2U0FhhOaSGtyeu2ve
12,12,insert,zero____,____1114,XX0e46tjTVW1cb1Vu8J1t2ne83MLTHjpbLjDUzl4STQvm
12,12,insert,one_____,____1115,iVTc1j15sZpsivvSLX2c2ZYwG8lh2B1uSM
12,12,insert,two_____,____1116,1NEKAPYkC481o8axJcOK7JnrIxKUeXYpxT0DeSQM45KtafMEN3LqgD5rTT
12,12,insert,four____,____1117,4zfh1CGtAofPGZzmKsrsKDzqZenW3i7c1zm4sCHWsU1p3Hpqog
12,12,commit,,,

13,13,insert,two_____,____1118,RLNxNcK1j3wTq7JDOdKlqWEd2kdphIXH2g1MPza0c258rJspPsRHp4oGw
13,13,insert,one_____,____1119,2p6O3cr3h2Mx11hswn5P5R8pufvsvglJH0oXaQxFti5QPyAsRTO
13,13,insert,one_____,____1120,BlwNQIFrwScKwMGspSJodNMnxBboyUHf6L
13,13,insert,zero____,____1121,Xfhjn7L1kGepDcAEJxHKE8Eb95DhMCU1MMAtzP7TsMb
13,13,insert,three___,____1122,7DrdInNgODNIghE9V6qMGNAZgXhFll1sMNm2lZ2yYeC0kJuNvG1DK53zFQ
13,13,insert,one_____,____1123,I35kTGqwn3VrUpzDVB5IA5BBae4Rqv7llwYWrJnKMvsJO90
13,13,insert,one_____,____1124,pg8VdnQDiUm2nohcx4wIIY5UdQVo69QDExdemZkLlzDLyHCAYCWRjtpMZ3l
13,13,insert,three___,____1125,vEtvS4e9DnLIaG3Nz1hUKHv5ypjiChJRZh2verk
13,13,commit,,,

14,14,insert,one_____,____1126,F3wLnX36jKOmU4qzXBpLmOTj7vTNuG5B1sJLo
14,14,insert,one_____,____1127,OhZIy922720UxVNMFlYvngOUQsvXTp7b4KNDqbEPxCugnBDFWnDHGph8CL
14,14,insert,zero____,____1128,ZEAIKJFaoTDhtkP3jqDU2yzLhXEMD5zmWfOzu12ziTWCeUZtkdMlogjDbC
14,14,insert,four____,____1129,ZQ3WVa0D12YY3r4VOIVhbik29FdQ9l09aPLnNqdPxe9rhLG1nju
14,14,insert,four____,____1130,EsgEaRwKF5UaTdotSymDd5CUat9cJaws9
14,14,insert,zero____,____1131,iRdJ8EVgSX9BtSBlet6n6nPcsek8cX09p4Rv6Do0s4n24bUykYVTAJygP
14,14,insert,three___,____1132,3Wf18Azr9aElAuyBJGEp9wUx7lotjNAXATjY9thzzDl
14,14,insert,three___,____1133,xCV2msB0Frtjj2yTYw7f9vcnoBWtuxE62XbqHG7EefwspVTET
14,14,commit,,,

15,15,insert,four____,____1134,hwIFOksON7M1S2BsGNCLUcc3Bp4hgZJ6QAk3fneyp2pFMzDwMtOL2FT
15,15,insert,zero____,____1135,JbNtiCFKdPSRmaswMxyJzE6kSwqZi80WIhQKthnO
15,15,insert,zero____,____1136,7HrjvGXgnLQ9AzhZEls0Wsqp2DQX2XxRVeMEurJ
15,15,insert,one_____,____1137,g2GsLdUGKtfb6jJCgEPpIItYKSW5M2Fo
15,15,insert,three___,____1138,EAEYzmG4QLsRkxk336GUZUXWSP8DT04RMksDExfrpAp5drWMVMB
15,15,insert,one_____,____1139,Pnqm3aPyMCPFBFN8yYh5FRKrd4feYMmI31qIZOgVPp2SnQf6XtKDs2jf
15,15,insert,four____,____1140,EutARTB4CHsFwpHDM6Ztj4OPdWgZSSD77XQ02VWjO2Z2gFj5zy3I5JYDFCXEVw
15,15,insert,zero____,____1141,J39r1KiScZyLIPRzi8oE3xa16w9GpJPNh4GDfISYjFRel7
15,15,insert,four____,____1142,opupw0c4XyNM4UKaneJzSYTYs7e3RDso7thxNRwlEIPgXPqbeOteesU
15,15,insert,two_____,____1143,8eZ8Ygj0XwCyZUKjrSpndvwxshyADwIVLN8r3DM
15,15,insert,four____,____1144,ICKSlKaRWBpOJftzw4pC6z7pKXfHl5AbxgPbObct7r8
15,15,insert,two_____,____1145,EUkQvgQhgiqFB9bvadwH7MiFIOIGEKQbI9ZeS2zvuTSQbaOmphFEcJO1
15,15,commit,,,

16,16,insert,two_____,____1146,b9Tfw2cF2O6LMLWRVshBjCkDVt4toKfmMsrxIx2Een7Uf
16,16,insert,one_____,____1147,WVQpWTPLCFOWtlkPSQX5O2pl9LoapAXEGdpMWXq
16,16,insert,zero____,____1148,G9f1GjGXAPDH0xcqD3gT9QNg5Y4Jz164uufGNuTMdyGdqzCChoLAxT5v3k
16,16,insert,three___,____1149,EOij0mGkTg2jWukgKgxBeFZPr5pn9QWTimKgdewFrJ1LBaIq5I0
16,16,insert,four____,____1150,LQLe0bgwCNI8V9TIadLqz3T29uKWTX3RmYFGeKqwgTXxxXHiX5vpjWDjr8P
16,16,insert,zero____,____1151,mWmDnfzD13eZ21sY4bis33fa3wxNM1rq87hI5clv2m1hzH1s
16,16,insert,three___,____1152,lEObpqXVbctuWQQf3SXCsOZHO397cPtTDVNPbaPW6jpzTfl
16,16,insert,zero____,____1153,1Ft0Q7YAYkaTzjULV7UHdAqn5De1nDlns75qGpth61liZLpKZwPdSm
16,16,commit,,,

17,17,insert,four____,____1154,JfcHcbfdvgEfkh1HQfP6QcuqFAHB8ZLba
17,17,insert,one_____,____1155,7M9rPHbu7OqvxJlx30HZR5pfnqnyijCUWjJNhaaeel4mA5z8
17,17,insert,three___,____1156,9IUeoN0XiO6PxmdbryfDVrulWZkWrMKmtfv5KjO
17,17,insert,three___,____1157,IufQSuAKFRVQjOOuPFJofbOJVZDsktDd6DztIT8EtwxZbEq
17,17,insert,two_____,____1158,45qro9flWVDJet97EGQ2a6AUD9Dh7Cms
17,17,insert,two_____,____1159,RQ7RZXsWvFT6bHdZkrruxxkqcLBNbiKIO983m
17,17,insert,three___,____1160,w1Vt22lHJJktkmHKoWOy971pCyrefmMOJg
17,17,insert,two_____,____1161,nzrzt84VYnFZMXPtiZ4EGQJKy78Oz7N6jvDW7TJS
17,17,insert,zero____,____1162,W3jraTi9qUkFPwqpoTSwyV5EnNjMScsncjsiiG
17,17,insert,three___,____1163,XDr7ejn5DlWsCguBCIZ0pP3MtGRpQaMo5rlhwIzTUq4oQz1qKQxxUW2JQtWX
17,17,insert,zero____,____1164,hJEvHe1Yg4YPXRhNgGRIBpI7bDjb3XALMaXJFlSWkjipviZ86JameDXg8h
17,17,insert,one_____,____1165,ZlQGwrGScgIC80cwnD2f6ajU8nUJlm2uvdpJwzJhngzTGalC458n98u
17,17,commit,,,

18,18,insert,two_____,____1166,Vi0ohfGZeyZsEN0aH53J7UFmZ7R4Mt4yNmXT
18,18,insert,zero____,____1167,vNuSeOU2qyURUQHrA37rUqacIU3T356NiB1cLsqz
18,18,insert,three___,____1168,Jupl5i2ExW3pX3E33u6VDCkm3hDUXzvarr4WV3GDUFwN5EV8K
18,18,insert,one_____,____1169,KDdYpcTEfbUyuzQt0SH4cKPKz6qjR8HNknOkcCw473uH6NjaKgz9VKO
18,18,insert,two_____,____1170,a56AJ5vQAsLDVQPdTb0GE4mn0YrSsmKcfAZmOazCrSWZ0CkYPjxp
18,18,insert,two_____,____1171,wkY9Zs9hFwwofcmoueUseR6kwpCatM7CxaM3SO3grf0NCYkn3C0wn
18,18,insert,zero____,____1172,sh0CYBQ06oRmNxyHKKvWKKoO6NCmjlQxEDgZXNcz8sIDupm6pHjA0a
18,18,insert,one_____,____1173,mj6FcNRyOIYxr4kOj59yRjVhbZQNlen1HYEO2L25ggufzVqA83zBfgSB1vU
18,18,insert,three___,____1174,BNDHKjbOaQoGW3GMVnpjFx1eEql8boxXBy6t6Bcuk4OaFjhnJXBWoU
18,18,insert,zero____,____1175,jc1FSk3QdQzBbXajn0qfRnsyUeo5RgwbXqC2SOzWC1tJXk4IFgfkptGS
18,18,commit,,,

19,19,insert,zero____,____1176,2Jhcwc4hRP2l8y0qj8RRtLZxqaLWhlkomvb
19,19,insert,zero____,____1177,Ueip869s3kXOCGAj7FudBeqzJl6EkLc8YKJLRQM
19,19,insert,three___,____1178,cwRoS9gtIldVwxk1B91ZrGSw1iEjwM1aYwGHjskICTodnbIWJqjYESX3IDWBuS
19,19,insert,zero____,____1179,INedBTA8NnIkMJHpny9D9LfwfRyhelSMKd3Mn05aWLKzthUHiJqlpdDHL
19,19,insert,zero____,____1180,BBr0FdHF2imEO9ffIthV5eeUlVy8FLnecglfCEXxs9I5tKBN
19,19,insert,two_____,____1181,1rAk5KVt2F78klOsGp45nf1iglyVTzRjs6jyvB6GcZsptyeoamd16S
19,19,insert,one_____,____1182,NLROKb0NcmLvoPzdhB4z3JYglFFuXkLE7I7cAOqKy32VVrZjW0yGwUy
19,19,insert,zero____,____1183,IgWcuDgsfO7lZQkOn1Ket2kTw5HCl6AfWJ14
19,19,commit,,,

20,20,insert,zero____,____1184,bW2sFW3jPqo43ygNYUZBd23jLHFeeyTz0fn7g9Ys1Q4q0s73SSSVB3vUKb645F
20,20,insert,two_____,____1185,on8fBXbCNKcqlFbM0DwEIm6M9Ds42Z2GVvtKsIr4VB1kikwCvYDHxjtCP
20,20,insert,two_____,____1186,ZkjyoEcbJPTAnkpsNDvYoAnN2lPqDqM53LxHUNzUJlBN5TckYhBq
20,20,insert,three___,____1187,rtdPHQRMsijiO9jJR5NjDEzANqGWqNMEJinId9rhH3zcv0gVHlBtO9
20,20,insert,three___,____1188,WoWJI5nNH1ZLnB6b2UJxykzejgx3FIfe
20,20,insert,one_____,____1189,ED6aubG86pdYutvTu6LyUQHo8P2lucFI6IQYFbWM3EO8zWTpLe09VnQ1yRH
20,20,insert,zero____,____1190,Pvx2o4Fgao3KB5TEX8Sokumv0Hn8kYgkkxiGZx
20,20,insert,two_____,____1191,Y13soJm2hpIZSi79ErvMHD50Fl2PWKelB0cSeBDSVR6ox5EgrlmxYGfhMtIEpZ
20,20,commit,,,

21,21,insert,three___,____1192,t4Isz26iueVVG9A34ZcP44hUW5NzCSp6OXINcfpHYKc0uIwjQD
21,21,insert,four____,____1193,4Hr0XUdeNThTjuIe0Nvd28W7JESuVPgHyUdkXtufI45EyFNhgZgPIh6m
21,21,insert,four____,____1194,jX4u6HJFbnvDTqZZ1PwzGBFMCAWCGSaWYNnvSujv
21,21,insert,one_____,____1195,8LYRvQlL2Kzj2gLhFqLc4IjtjnO12HEOil2Henn4
21,21,insert,three___,____1196,UVMjp7Dw37nZ2TFiLSQl1S75r07FckbztwHUPlSUNvh4R
21,21,insert,one_____,____1197,ttrr9dRPwNgR2QhI7ESkzxGqt0l88Kq2Fvw
21,21,insert,four____,____1198,IBTYGYyKhulkk18iw7I6xlXwMC14izBeXV705VokfabK1rhWWNggNGwa
21,21,insert,zero____,____1199,uDt6mEMJRuIXxjjjMibAOCyNagz91tfdkywoRMoojsVgG
21,21,insert,four____,____1200,n6X4aRYfvEiBLPlOObBOHNTMI41CEoekho0b9ef9YwoteFQa
21,21,insert,two_____,____1201,9dtGdemtYWuFbHyc0augpotpfnI3jEZphbIulAg44iFBQ7sWXwGuIx
21,21,insert,three___,____1202,NG3wP1wBS0Vyz1rm3F0xUah9TXEGThbrNbhQaupG60PsgY93F2qMJbtDBx
21,21,insert,one_____,____1203,XjdOEk3hzJPPd5wt9Y0XATw0w7ZwyywPt4b7ReuSrsOHJYwAPcn6wf9gtNH
21,21,commit,,,

22,22,insert,three___,____1204,HBr4aLG12NlEMGboAoy9vxbau2BNLcumBtj8l
22,22,insert,three___,____1205,lYVuUBshCnyaZVXllV4yP5myEMpqaa0QLthl73DsB3viI7hXo57CgYL9cTeu2Wdx
22,22,insert,zero____,____1206,mItI4VuTxe9Zn8VGtKwUQlOd4H2Hmq0u6Nm0JBPwPVgo5X5NNpxU5fRzFx
22,22,insert,three___,____1207,dpfsTNPg1mByqAZTcfLZUEzXta7j6CVigwfu4r
22,22,insert,two_____,____1208,dr0rXRHTdMwoWGoIjqXmZx3wBZXA57i0lTXG4KjB4FZRoZCXI1kAA
22,22,insert,three___,____1209,J2Zprd5s9DbdoAeDhRvkHtSL1YiCEKTUz5zjNQ1C10NEMZ8Sh94V5nJnRl
22,22,insert,one_____,____1210,eWNlfkMqDzQcW1vHTB1gJLWXiXoEtO9Vm2DasFBSVAgiBOn3t8ELc67P8uJF7
22,22,insert,three___,____1211,tVBJ0P5B2mhXmtwKj4rNxYybUNZGtLbgfi
22,22,insert,one_____,____1212,LjengvWFxL2WDBc4Qd2jJcSpR5hWPSSQpl8tpi0ztPDNQDGC
22,22,insert,three___,____1213,h2SD8yq3A8AtJxbl5uByCM9iJeLrjDqARcuR6EFGw7o
22,22,commit,,,

23,23,insert,four____,____1214,RVEoRdgU17yTW6Hu5vePuVlAg3yhmqU5hdW6g3d5q9Lm2TWay0Ido3yH2Apb5D22
23,23,insert,three___,____1215,MBNQADlVyTsi8S5bckUe1GKDV60UgwUtAwhxF
23,23,insert,three___,____1216,vrTSZB88uR2Hyz7oMUXctKSm39fgzbXEEc961zCQrlfqRPUzNWvfqO5f01
23,23,insert,one_____,____1217,YhfOm6SdyzqPEVdbqqwkLUcPq0K9Io6SUafBfYJJ4wc9DmsbcKbeyEDO1oC
23,23,insert,two_____,____1218,0QOOIJUNZrRDLrHy1t6ZpRw9mhNPn6e6BB9Uqf82kf09seXFDR29T9
23,23,insert,zero____,____1219,5EplLea5tJbfqtBeXA1yJCssh3AoxItw8B9Sd7gvMiTaktxhnFtjpFNRY5Lr
23,23,insert,one_____,____1220,m2MMyuvyZdIHnrLquCMy8VZY33yqc0p0
23,23,insert,one_____,____1221,t2dJjLs4MoeypyweEDj1PqqSPLEeahTywhrFYv2S2p3e05
23,23,commit,,,

24,24,insert,one_____,____1222,Zsv13MAZ4nJyYT6I4vQ6SiE30tN7m9auPlftVdkkptIiSNthnCogEcN59w7M
24,24,insert,four____,____1223,ChuUalr0dnY4Rm8QVzNbfXUsUSgTSShpVSR
24,24,insert,zero____,____1224,9oMlQ8eY9w7X1k2KxQdliyQoee7oYCPgjvXGp9S9T3K
24,24,insert,four____,____1225,0y5yPx0CnNUbQ6ojCOLSOhYc5ZFT0UAZdb2dtlR8075993r4nXDOYQeROX
24,24,insert,four____,____1226,F7T9Z8JTzkQgh0cfcSPgu3GFvOkMLmiJvQsCMA4
24,24,insert,one_____,____1227,1LLBAw1bAySIufuZGKkifGuyxweeb8Y2f4KZ3o20Ig6ovU6lb68M3
24,24,insert,three___,____1228,PJ4ELJrgcaLAOd7tGOiTIpVA0KZHL3iqSGWeB8nF8X6rDEayEzGVdo
24,24,insert,one_____,____1229,uiexcRXhBc8JTmSH0eMmSWa5N3VGHX0z3WQtAk5QoCmHmy4dIv7X1
24,24,insert,four____,____1230,RJO42QlstnquO9ZuN9ntdhcLLqgyZI45IFZFP9Okd3D2Q7zRS3U1FLAgy9
24,24,commit,,,

25,25,insert,zero____,____1231,jjTHpkIrhJVzqJSBb9dPBkEVGY0lvRwPgaopsTOPi50hhfgDCkIJbT02JdqHEo
25,25,insert,two_____,____1232,28sB7LtzkmosP6OX2Gdw5LeKuR62sOweHguXLWbFxgRds371Bc3tGsrzYNl
25,25,insert,four____,____1233,VyKnPZwhXnf6MY2Nabqg8AJjeWDJlyLIvcdbosdVW9iVkXgMEgZsvf
25,25,insert,one_____,____1234,iVNgGZgV5bQaPauXs7DAYeTrR6xRZ6p5
25,25,insert,zero____,____1235,iSAjZHSceG5UBPk8Pc25gDGlmwI98B8dZ
25,25,insert,three___,____1236,31QvmL0sE1HWoMh3lV48RPWpf86X7TQFV4Q6wVjVvIslSaWurEIg0OXV
25,25,insert,four____,____1237,DG8i1hEV4PeNgf6no0WMrNlNsb6mmwE8zjHjlbdwTaKrLACwI2cu9gN
25,25,insert,one_____,____1238,LurUToEkgUQuci6yHRBX6cgk4TwCMWGE7wx3yIUCr
25,25,insert,four____,____1239,LBDk4964zllEk2WUiDN8Fmsydi0Vzgqdqns99ioh
25,25,insert,three___,____1240,CIaOfMHI65Ca9MhBkGVDCQX5Ubi1U2LLMzOKba7h2MJMQnLu9JbS7ZDWQlz6WI
25,25,commit,,,

26,26,insert,three___,____1241,HjcjW25nisNJYmBuGdJWKH8vQ4qgGnWhUmYIiuR3QA3OI0TtZM1lDLERkgQFf
26,26,insert,zero____,____1242,gkqoyjSAD6TO7JGaKCulTPC3iXsagRGfe3aTl7vR7TFJIqa3Co5
26,26,insert,three___,____1243,bbBqTlL7VrMmX818ttMzDJOVevPAAu3r4ENvau
26,26,insert,zero____,____1244,G59KA40Y5W2aQbGRD7Z7hzRPLWs779dCtqLV9hToHi
26,26,insert,two_____,____1245,DHs2N2AaXWPolKIH0GxPc6wfHNaAFbkj9l6rgMykOzy1xAqmTtOTmY6k5oiMD
26,26,insert,four____,____1246,QlclIPz818owRWT6VMNPdwcfE27RbqO1i7
26,26,insert,one_____,____1247,46BcNP33YgQfyQ5lKemgBusFmy8B6XQ7OCOZEMZrddYHOF2aFwrDCVdHn
26,26,insert,two_____,____1248,fvyRXymm5i52yTwFjJRRqE4NRQUDTjr9a
26,26,commit,,,

27,27,insert,two_____,____1249,Hs5tKQMZB7Uw6wZzmiGK2TX1MavxE7zjCoGHSo5o44PkwDNu
27,27,insert,zero____,____1250,Q07FmLxtt5jG70VSHJht8Yy7FtJmGe6s8YHB7GYRZtqz
27,27,insert,one_____,____1251,o4xzSvPnNslVU71hfrQAYFkd1npeXm67qKTvSbH
27,27,insert,one_____,____1252,zhBjtR7Q2LBDFwsr3d9qQOEgE1ppMHyBQ
27,27,insert,zero____,____1253,ReB8pcPP95kJyKg82VUJPaZm6cupoJRMfXeAiMQcYQVn43wtUuHPmp0SxiwU
27,27,insert,three___,____1254,xAlkwoDj9fjMnKgW8UIJgRLjqF2bU9FIkUfW
27,27,insert,zero____,____1255,x4OPW87Lx90lso6Av9VjOSAKEeSUWAaa37RF658CBo7DOw3wYOUd
27,27,insert,three___,____1256,sJlVVXZ5GWIiLnM9HKUjWhFpRcQXwm91TeoNr89ASUu80fZ1
27,27,insert,zero____,____1257,fO5Fhtz5TZuJ8zbQde837UuOP7jXxNgk0dM1mtoZg2
27,27,commit,,,

28,28,insert,three___,____1258,YAqQreZuWPOwXpek8PJHoEMQcL9qRyyELENor3eM7ixs
28,28,insert,two_____,____1259,WozBZm3gXXUYho18zJ22Aw6KuPvekzDemFhaat5JbSe
28,28,insert,four____,____1260,zTfWRKd2Wm6q4O0ItBzXg8liW3rHMpTzS2pYyAdopN5rOZQleeSxouExvhhc3
28,28,insert,three___,____1261,8SAWWqjwtfCZpxP0V9hBPGOa3Qaa439vbDl74f3n62RrrPvVOwkdi6g9u5Mc
28,28,insert,two_____,____1262,ogbpFcTY3WI0cenf9BVkWsr9E3dUl5RrJEeAQHcegtMcSTnoJCgB4VrkYoHwqZc
28,28,insert,two_____,____1263,vkzewrBE05pYNphRooxKqacRUJ8ezLMBhgC2wDQOwrjQZf0DDl0y
28,28,insert,four____,____1264,aw4AhOAiS1AeuCUznb2tztrmxrQaexURmw6KvDMzmyaNx3LI8gkh
28,28,insert,zero____,____1265,1LIymdy8IxGPF4MX1OKrSPnOZn5JLtdgNziyq8kmLwHuBU15q3Wk7Ua9aCyPotAH
28,28,insert,zero____,____1266,kwv7jHRshNJZWSFvRPBxEpuWnD2y1dy4b2Gaflt5mS3e
28,28,commit,,,

29,29,insert,zero____,____1267,Hz0NdMPVfz9oHwq16Kbx4vMWKsmG7ssRXhz0fdPCld8IoipLLWHyodR8toriZRX
29,29,insert,zero____,____1268,dgsMsEI6GKkuVyU4BbMvuOvjsdl7AerVrnZHAEfcI
29,29,insert,one_____,____1269,kToIZMR6yDYPmcZbi5tGOE6O9k911mvlIDRZkSt7txnxmBKM3qqa7tUt6evAz6o
29,29,insert,one_____,____1270,CIwA0XaQ7P54AUrmMpgBMICmrIumlGXePriUKnRTgxaRlNTlNxZ
29,29,insert,one_____,____1271,e64qiVeCfbpibT75An4AxfuQ53OwhUGbgFJim9OVV347Crue
29,29,insert,two_____,____1272,EpoYkl8RxV1rBkW1RG6nuV3ruwOBg1O6I0rTq3ZTcGUrheG25rvpx
29,29,insert,zero____,____1273,UGrTGWRB60UkERBqwwJtgVMtHEvoqJxoXUoFRKGzLOKtfFe24
29,29,insert,three___,____1274,ldBf2YJvh3r1PLZ5Kr34Grw8I9IPc6mC
29,29,insert,zero____,____1275,wpOKYabh3X6DPcUA0AUIjgymojRvE1w7pdN
29,29,insert,four____,____1276,upzz8D2dECKTnBAUVYu8hUKflx22dJR6
29,29,commit,,,

30,30,insert,one_____,____1277,qyyug8HBvFQS115msvkoGJKYe9OFiBIKSIL7KlJTwKCOJmdbanf
30,30,insert,zero____,____1278,MntvqVWLoXEoWdqzl0FbEq67PLInIorrZO1aq2hw
30,30,insert,three___,____1279,sOK5nVndsIFrUB857Vw7FowgJAjab6HBjBjGqN
30,30,insert,zero____,____1280,tnURo5S86HEdZpZnCEz5A0AOgSIXJSDPrz0f1kfUL84sr6
30,30,insert,two_____,____1281,JSTjp45hfBhpfk37Qebk1i4kr32vS4Pb3YvCGWp
30,30,insert,two_____,____1282,C9z379gXFo5tqAlk0Cib5ZbYMmxA6gUUrMERhDcxxHomy
30,30,insert,four____,____1283,aFPCsfVGrGzM3FYULPfQfpUFnPTpgKIGZqHGYbt1zwoNsKiqdp7V3
30,30,insert,two_____,____1284,RylWw4yBuAVigSMaIzdhOc02AewjWxBXGTkwIOtIMvnaE6oKcjKJNrxWKSSo
30,30,insert,three___,____1285,nVtnf7VzYDy2pvir9hQVrWXkWgHdlUNmzTxMuHCpEj34oVofzu4bMbg7
30,30,insert,two_____,____1286,cOqCjqu25R4EDgPFuOQeE0GE8gDP0VW0X39mWzeDUQ37l5w1sKhNU26hpaa
30,30,commit,,,

31,31,insert,three___,____1287,Cun66jQ2eXqisildaSwx6uGCStFadO0ZW4secgmXD4BWkpNYpedLpQ
31,31,insert,three___,____1288,xoagFBSEPQSfA4ehtswVk9noT9HzRdjq
31,31,insert,zero____,____1289,T0WnjyGgIQpg3hP9CxPSjQ8KJN9YYKeiq6EdMqvo3RdHSc9FHXBSrDM3JZ0
31,31,insert,four____,____1290,k6xoF05WakoNZBBvabqgtq3lPH3NYvmYuJDdvMbL3d9i
31,31,insert,four____,____1291,W7SlNe5KhPxU7F0p2zVH0fKkaAvs7P8Rgi6MKiSAatQ3gwNSwbq0kwcK7PJ
31,31,insert,one_____,____1292,NZNBJTujPsu5h3GCZYxrcJfLZFh2Yi5Ee9iQb
31,31,insert,two_____,____1293,izgcMGxkDP3X3PAZE24aX3i9sd3Xze0dNFMdqQLFNeDvVJQV6Z
31,31,insert,zero____,____1294,fka4VPE5aqV0dAmbIXUSPL9jprZpiLJjBg9dlPe06
31,31,insert,one_____,____1295,IKsBoIOEo2gwbVE0Oa56ZXlPVQrLkeU1kRv78afyOiEb9AFF4vCt5llssHOxBt
31,31,insert,zero____,____1296,GVBqgbaBpVwqmpWtBWC6LerIIBesZruzGCYEs
31,31,insert,one_____,____1297,roSNhKefhHS2mh7GWqEWQP9kvYkUMWopQ5HUfJusf4uezKV0BxseOIL6e2Nrs
31,31,insert,three___,____1298,VPXKq4o1Q1Q9CO4HISqOOadcomgp3PZPX7bV2s5G7bn8
31,31,commit,,,

32,32,insert,three___,____1299,Vbgw53RBMl6nrydGEaRNQeJ8Ks8LuN4wLjRzvcDxCh8wsUYBVpBI0DPbUQwtN
32,32,insert,four____,____1300,sjdw362pIMD4XCvfLivsIrRJomC5FhJNwpOcmfaExu
32,32,insert,three___,____1301,YQTSV44NesF3Ix8fAAtYGqri0Tw6BfbzEAMouh
32,32,insert,three___,____1302,B9c6B2eo0atd0SlVblFkGdsDkQZJgwMaMuR3h00RTNXcRwJDX4hBkI5YiBuLr8I
32,32,insert,one_____,____1303,VrYpbV4Y3JPCdnPLiAfwWzhrtmpjGhoF9j85XEbp5NoljQzH0gtYUoa
32,32,insert,zero____,____1304,AuUH2XXTvl6a4wzZvy3jKDg1DlwyVtHfhVBDDafdlf4Jh4N4J9
32,32,insert,three___,____1305,BuAbHvwTsF7RG9a2fQYDK8MPFx9T3ErnVUdz2ZYLItu2BKgIV20hWz
32,32,insert,four____,____1306,oWRMvBgNv7xEp11qvOuT7nE7Af3wxNsko5lGRBPiNVMRoUNjbwluhzC
32,32,insert,one_____,____1307,l4uEfMWhosdTptE0It4ih3XTWuc8Rwb1uU89pwsntNEU20HQhb1iNs8ZrJ2DOl
32,32,insert,four____,____1308,M1MSOMipO6qynQtYVKQKuHMaMWFnQqCqEaLgZnwUTJ15YDzDWQchDc6
32,32,insert,one_____,____1309,PqBGmxl5mixiqidsaiNjvTtNyrdE6gAoxYb9
32,32,insert,zero____,____1310,3Gz8oYRA23fPRQcstbG8JMjxAxZeA7gxOEVx
32,32,commit,,,

33,33,insert,two_____,____1311,YyfSMs0HyhwVGJFalqsBhoBQ1FJHrbpjHEiI300GGat
33,33,insert,one_____,____1312,cksx1FG2XpXunAfbSu4zqSxBDxNrNgfohizC0v6SS1c4kfmCWZ2nuGRrdiH
33,33,insert,two_____,____1313,tMvyXyNaPHsWtAFuwWZWpHd5hPpOka5VE2erhbIJExNsCu
33,33,insert,three___,____1314,wkAUorLPRz2nXNRrqFygrDsCJO4Q1PnqGiUfvTplTUaXrLEib3DTXSDQwWiL9frB
33,33,insert,zero____,____1315,tAWBLclbFZgyMa2LVXzWhdSNfzpkkw2jm9ZzVhg8HE
33,33,insert,four____,____1316,oS29KS6DBXDjerayEoBvj1mhVJlFPl4NcelTjLEn2uW6VG
33,33,insert,three___,____1317,ypxHNutkQVPQ1vO773t8u5MG3TvMWNObN33uAJq1jF
33,33,insert,four____,____1318,YgLdua7EQvFbOs6ExBk7jWQGvoTa5ixhG
33,33,insert,one_____,____1319,Ldhgfdz0y2o1T90Q8nIKlltTZ95sXjTTJ8VbNU9CuzFjwsItZJpq8Bht
33,33,insert,four____,____1320,OyXBOETzF3i6oUlUe5bNNRAmj3ODzuGuZEE2AE92zLsRNvlwqojOXA
33,33,commit,,,

34,34,insert,four____,____1321,wpxLLwxS5I7ewMq4En05rERkosCrUhGSgtlFlZ4mpZTKtiUY7iztXOKFmFg
34,34,insert,one_____,____1322,t1wvmtKQ8ONzrYMOnO6TAupOlTHoe0LVFIzevgig9TbmyzwHLDWwq1L1OKLu
34,34,insert,one_____,____1323,wGXWMuPnx1ZgDwInhSXRCJsfpLocxbHMnA9NDgwQCJoiYAxY1
34,34,insert,four____,____1324,LJ9Oh9bA2yZfOrJuVTQL51RFwnWmdMpW
34,34,insert,one_____,____1325,JRanPc4MSA5tOWaO4fb5H3VsYHiRI0a9oI
34,34,insert,zero____,____1326,rh3zZpR2F8YqTra4az6ag8RdRXK4cw8nry8ys1fUzBE0Q3WXcHMTIKl6upWJ2
34,34,insert,three___,____1327,iBkF6E7Nxu3u6NjKhesZqgUulHo0tDgT8s1E1E4jUKlxvJO3j4RGD4K03gZL
34,34,insert,two_____,____1328,kifNIytsuGbLsuuQ2Tx6g9k9e3gi9yIjYr6pR2a6
34,34,insert,three___,____1329,ULoAlVGRoGDzXcxqDzY5RV0VxhURbdXuj9td
34,34,commit,,,

35,35,insert,three___,____1330,e6V4SQ07oFgOkFtYdLzmCzg6MQjC9CCAbkbnFqIvGBCpcD
35,35,insert,zero____,____1331,Nhtj1z8kV7oRopIkbME2NPPb1KynljHc71csvFsUjlkjdrdFhv
35,35,insert,zero____,____1332,PkRFcqAmzW1SmUhqP9q9dXBijKU7BELI0uo3CQ4CHElwLGY
35,35,insert,one_____,____1333,XM5PpCuvVCDQur2AMpTsSpiVDfR5wrPWW7UVz1PeDxnX
35,35,insert,four____,____1334,NwPOkwfPFk5OmWT9uq6DQGAKBOhmDpaYB1
35,35,insert,two_____,____1335,qwlmaVDYjiHpBSfYapp2PfJmeSu4H78GC1fLsZM3BO
35,35,insert,three___,____1336,Kvmm6L8KTD18ZqJGr9ZBS3U0VLuw5Bpu7HtMnPk2
35,35,insert,zero____,____1337,aI3wdXhfgAwj17uXPhyQI6M6I0XPv0JB6fHQCgYKZeF5RvAWzmg0y
35,35,insert,zero____,____1338,JYoS06fuybpEuJTLvytNelKdzuHaMFVc
35,35,insert,one_____,____1339,hmUxg9FLH234rE3fQxoGJcpoPgvyZ3HP5CF
35,35,insert,three___,____1340,CQDm73Tyat9407O98FgD121ksgIMMAlaj4JhFrtw2vVhuxpzUXsyWGdL4UtQ
35,35,insert,three___,____1341,tqtXjGk0Z4dGXwg954W8EH1C2embTumWx56i
35,35,commit,,,

36,36,insert,zero____,____1342,UbDJnAtM5qHpGviKE1QB0fNivRpAI0dft9RhemSTRn3344PFAI3IeYFjW6GcF
36,36,insert,one_____,____1343,F3UGdkPhUAzcMhUak2b4wpM9D2aWnOYVDdLur7Kp7
36,36,insert,one_____,____1344,xzxbSkvWXFCMDqE7g1DRyjeMqp9JhbSQbJx8M1vqKIa1cnYwlnrFWov4b
36,36,insert,four____,____1345,qB7fkjuEpKpd3C4mhXbnGMYzzNtEflLF9OMcWCAZExyJD
36,36,insert,two_____,____1346,0uSXumBMZg8ZUtuZG4ZNjiLsbWQDGoGSeuYLlituUqv8
36,36,insert,four____,____1347,kPBqOZSsZUrn4YYSUhwAgHXw7ksKgYDENwL8li7
36,36,insert,four____,____1348,JZ5FRnw25PcsNSfTwpxoGhuiQxl82NUVYx8EaqmJfdoWCI27KswhyZBwV
36,36,insert,zero____,____1349,vp8kxtIsTQycSj5QgiznsqoVazd5IY1x7wUbB27ENMOnd
36,36,insert,three___,____1350,VrUIdB7GaojaX81IgINjD9zi7idkwxC6s6SHBEGFC
36,36,insert,zero____,____1351,28h1Kuu3PaNLdbaGsZMm2lx4UlUGOKUksh
36,36,commit,,,

37,37,insert,zero____,____1352,nFWh0Wek3mjwvCiuJXo0qEXcOdQNQbetcYR6PUKx7hB8cnJtKaI1vobEAYV5OPS
37,37,insert,three___,____1353,ot3oVeZZW2RLEpDAKa0TiDN79JY8GQgDJTEQMrTSdQz
37,37,insert,four____,____1354,5XLEwojzkjIpC99Q1ETG6yUmuNxkQcSTyTrCrX
37,37,insert,three___,____1355,w5GTDhwYu5kAK3MBy6e9Dj9Lm9VLgxACHl6ubWbPFJmhyDLnhrmndsPisomN
37,37,insert,three___,____1356,ZH6fDOHeAeroroUTk4MDrlVxPUygEY6GDgWo5whuX
37,37,insert,two_____,____1357,yHnxZDLth95WL0eFtnoCCUnDNprPEc5tNVDehJ
37,37,insert,one_____,____1358,JSbZfRQg57BYenjoTG27njDkPtc2hw8l44K2UH6G6bDywnAH01P0MfaqB5hqraJK
37,37,insert,zero____,____1359,jCsZbiEw53oRfuDBQ6p1W7oC5ccrldWMUMntNjcKwVA
37,37,commit,,,

38,38,insert,four____,____1360,WIkT9zx2smGrrAhgpaUseUVGHgy0AQ7Az7bfxVGE7OqmBhoQKVqDFwU5
38,38,insert,three___,____1361,6VtrgYISJY4wCr8NaegytUcZT8eLnaDpn0ZColoYW4HCRAiiwE
38,38,insert,two_____,____1362,tHLF00IwRzWzZPxKki831HtFKpYQq2KvoGlYtyQhtkMRjs
38,38,insert,two_____,____1363,mKUkZFvU5q32JHb9r42pBnszBZStjjk0aiJQJXxviGSl8uPvTKba5iybtvL9D
38,38,insert,four____,____1364,qjibYMh1Ca9AJfqReWHNfsym5a4QiJNReZycPHTfVFe
38,38,insert,one_____,____1365,YXJjnCMwM08UTp44FyC8SicXQlYODssPCbaWZBhs742KKPV5i7KTZbI2wdx
38,38,insert,four____,____1366,swLW5zr5K09GlU7RSTGiES4cWTuIGdCGzBapgQYeB
38,38,insert,zero____,____1367,j031vEhcjuuv9rREz11J8rn4AiId0ICMTcPnoJ6A2pyZsJvXRZFic7
38,38,commit,,,

39,39,insert,three___,____1368,ewqqho38OxB9ylIfzSBsKI1wLgBRo4H1Pv0H47XVJSoT0up8m
39,39,insert,three___,____1369,Ka0CuMALib151X2QoZ2caihzegaWmkpMd5mUfalcbt9ieZw4vN2tjlbnA
39,39,insert,zero____,____1370,KwY86MFiw8fwnHDsUJO6gHHOJFSVqkJEJDiTLoEWQa8XMqwfiYH7DzSe0Bk
39,39,insert,two_____,____1371,IKhTBiXvNSp2LJF9W6EjW7QkqnS01pgnS5U00j
39,39,insert,three___,____1372,R8Sol1dIYgbTk3yvDppPkFuofOzNyeUfP
39,39,insert,three___,____1373,HDAxeHzBIsdk6O3Pqc2uD668rFfJGwFo7qS6XFZ4vp2ce
39,39,insert,three___,____1374,8oGmlvQuiOjCVB8MnAQ7ZMNcOkYQ5thYV7ra1fzGtmIFO4v8Cdxpt
39,39,insert,three___,____1375,z0tJ0fSwJElAbzQTHl2lYj4xQjRfHF3CKgmCnmw
39,39,insert,two_____,____1376,vRG9T930ppnV31QtEtnQdYAOquGKMuO6wV
39,39,insert,three___,____1377,NZKNnwieEcBfZywn7Su0aBIsTprULDfkCWCpR
39,39,insert,one_____,____1378,ySbqwne4JUQGwTtiaHdb0nEPjoVaVInOqnQGtVMVypYSTVpN72EYzKp8qS
39,39,commit,,,

40,40,insert,two_____,____1379,2K85c6roVHC9ryxVaQs7Kqtu1VqPJj8Ka0QmhLkiBVHoY5d9VT
40,40,insert,three___,____1380,1CPvsqMpGjGXLHgrmSk3h6oGtBOlZdDR4URH6Y
40,40,insert,four____,____1381,74gO54ZmOby4POqxdpKCh9CKTNhYt2gLj9VKFVAukutkuVH
40,40,insert,four____,____1382,vQKZ0PziXeR3UY5nto9AZYdLWfhqsYEuUn
40,40,insert,two_____,____1383,y2fhwLmyPeC362BziEazpL9lZE0JcvKyhsfPxII6J1O0vyYqGisJPUZmLo8W3g
40,40,insert,four____,____1384,vXMJPvHMLO6G1p3oHBmW1BdIzYUWPvw90ug9FHiDGEUDb
40,40,insert,zero____,____1385,ml7TswLAMwYEeHeRjUaSIGOwYmytFhP1ptm
40,40,insert,two_____,____1386,kJFJszP0UcrrB7l6CRzBvwt1lBBJKF7PMfBEDzuMtJeD3K92wCnOnlL
40,40,insert,three___,____1387,02KDJdmiJ3uRSgyiA8dqsVyApdXu6K755i4UCT
40,40,insert,one_____,____1388,J1IxLyZzidxGlFqSNCwvHd0gpEaSiml8OFp3NjNHubP4UQ7B9lkQvdatBl0b
40,40,insert,one_____,____1389,WR4eprQhfMfcXPCSql16aj3d4VT4vrrIS19e
40,40,insert,one_____,____1390,htIk3SYCBbPL60CKt8Y0bbHCGhdDbujw0fKvRRd9PcBKS6RWbLA3YoQ0rawN
40,40,commit,,,

41,41,insert,zero____,____1391,ICULRNO8ZP10gNGSmkLVX9c26SpFFBsxStO9huOpZ
41,41,insert,zero____,____1392,VkVFT6YBcHatuFqQHVZ7rjw1hJo6sOrw29LJUtFAULMQz9EvhAjPBZNG7
41,41,insert,one_____,____1393,uZeNDN1fY5b1Pb8hiifz4pYfAyTVPsleCD0n1ahJVZrrzx
41,41,insert,three___,____1394,9m8L2fE4YYu0QCVxLdgAVdpNMcDpFgdv7ZdhKgp59hceBTRbu
41,41,insert,two_____,____1395,TMDc3tTZi4wdQ2rLd90vqlt9hiKeHvb3STyEQ1ugAVUw7FPfFfqIVTGCY51X
41,41,insert,three___,____1396,bYTxhWv0mXkGG23y4PiwfhCAYX9zA8WoIvo9ZP1ZXuIIcBw4LCZuYvIQNa4
41,41,insert,two_____,____1397,RAzgw8g4gqN5flZj1nH8pSAAvhNNmREmkmXiMghCY
41,41,insert,zero____,____1398,uqqv9mleJtfJVkVHolhM35NDomVKGu3D2KW0KG9bF6X0oGF1HCV
41,41,commit,,,

42,42,insert,three___,____1399,2vB9wvir7hi6W01gMgUhfV1mRgCI2McdDDLlZM
42,42,insert,one_____,____1400,UbJEFR4FHmsKZ8F2ewupDNirsmeVAenhOKPtD9
42,42,insert,three___,____1401,nOkn9ZQeqK35vloH5WNC2hAASqk9lQWC03NvF0AKfVhl9NorbG
42,42,insert,four____,____1402,OY51ZmY7erIF3XLLz3pf3FrfsxkXVzYUb8smNuj6ikoWoPj7op25uLv3mCH
42,42,insert,three___,____1403,KnHDQeAmy59aaV2oDWu2PiK6pFl6bnQczrdkhX0yMTll0s7Qa7BrksKakzJxTw
42,42,insert,three___,____1404,SDIl3nujdoqYPxp8OqIkp5BC5ht24TtIW
42,42,insert,two_____,____1405,QHNP8GbQprrE5yMH186qbSjZMjotjXd8Ylm0E9syv5usO1uMT6KWhm
42,42,insert,four____,____1406,Z6DPzw2UpiJIeP8KJNcJPGya0w7b4keJCA75HNdWUcNBZtqFt0WGWbkfhcS3aJ
42,42,insert,zero____,____1407,eBi14Yt4WQVsOXswMNxDHviBImRQOnwG6QDlOT5hmucAlPr
42,42,insert,zero____,____1408,qKbWHt0mLE446rtxsP0CzDVtvwc15fsETGK0YId4en60uRtXb
42,42,insert,one_____,____1409,weHAiW2JrM1TxWymhnjcT3sYzltfNbRLQyWKM3LI8M3PuLvvm8hbRlI2
42,42,commit,,,

43,43,insert,four____,____1410,8CXEEcNCwFHEl4ytYO0udEkHoHNhSjRW3IYCnvRcq
43,43,insert,three___,____1411,bYo9Ol2pHjHzVo8K6HcAaW66GgpbTCwbcjj
43,43,insert,zero____,____1412,cFouCmGKgIYrsPFwKC55cS0VHmC1hNVlnUCERfTf53cLep8
43,43,insert,four____,____1413,LMOm3KgXnPcFMnIF2sxjf0FGlDPUmqLnNdVr84n7W2JZtRAsm
43,43,insert,two_____,____1414,3po7SBiQGkytL7oECGM6ZDkey9MAc5qrodgCGAnJbPy9TFR
43,43,insert,two_____,____1415,2lzREkwfQPiJupLPj4KF4GN9m8MwHkFQNXh5vv6XTXHrg6PZVQmuclVSEobUu7n
43,43,insert,one_____,____1416,Rwyd7FkTgbRHnWajnHdUYrXsyfgTJ68NfB1bur6zxBTMHrKGHFY
43,43,insert,one_____,____1417,Pp1N4H9wCZFJ4DbdfVveGH1K9shtIG1STJxxJFJLXakAMaHFO2o
43,43,commit,,,

44,44,insert,one_____,____1418,7SMkxpaNRnBlDGdy1HmLN1N91EJqXSciUSCgVDsfpPmrcMxrjwQiBVN15uZuJ
44,44,insert,two_____,____1419,rixDokrOlL22JBcRrg6rpuxTDlTkVoHT1
44,44,insert,zero____,____1420,qZCdU169JmJ39647o0XfiPI7TYSSYoNgigRBFUQ5xSFUOqPu
44,44,insert,zero____,____1421,fAhh1bOe5phZcA1NNBflc91mHp0MdgKQTVr
44,44,insert,one_____,____1422,hPvkeQmy0tVrSNIYrwESD5ndhv34XxDtAa5IBeyoQt00tKfAnnpYGm8FXBdYY
44,44,insert,one_____,____1423,OoEtepgTBXd7WEqcyxgT4kh7gUCabDk6owd
44,44,insert,three___,____1424,CTnaTfygOSHY74Y5wosyXAOCVPT6YEegrF4u4s9V
44,44,insert,four____,____1425,VIMZl8aTeClEOxOpKLabA6wehR93SX4DTfAEy1AJuH5AWUMGBvhHmThANkZ
44,44,insert,two_____,____1426,d9snEo27GWZD6UhThUpEuU3pe6nzEZQoydUsKAE5gosRqG16zbbR7
44,44,insert,four____,____1427,fWghDkCaBIUkr7pGJzaYkTjiuYz4r0rnx0Ax
44,44,commit,,,

45,45,insert,two_____,____1428,p7MAUfHxHVQtpQzTNNcx9QMYkMqLaJEoGBpaL9
45,45,insert,two_____,____1429,Xa4AiUw4MZBCwtTFIxY4Lj6KdL1Jkg9APAzRsRUmqtABSsB7gRMrhe
45,45,insert,two_____,____1430,7XS3Joq6cpTL3T8wQXBDrvwE75Yl8coK2XNs0MNR
45,45,insert,zero____,____1431,Bm1UaYkS2sLB3buONapd4eDfT5fnJTZ1kbEe8Uutdy3JiGjOR0FTD3K
45,45,insert,one_____,____1432,plcHjht2jseyH9wc0I4I8jvnmzJp1SbS
45,45,insert,two_____,____1433,JADXQ55er0z7jNI7UDdpiOMH7xFYTrZtH5MSRAaKQDbBv7mAZwxlD4TjMh
45,45,insert,three___,____1434,e0pm2iuamYHxDnrKCtx6mV1uC906EvTyiFRIoYXyw0H3KtqKJGmaRs46tNDZ
45,45,insert,one_____,____1435,NA1xp6yNXLl253CWEDpIQGr8nVn4uimrmd9nvIzoHAMkPT
45,45,commit,,,

46,46,insert,two_____,____1436,zQbNHr9nfG67wEw75qzPHmztdsCRDaPWGIsPiCiybcYln5PMOihQYTKGxDlSIU4
46,46,insert,zero____,____1437,Rv15mdWcJpQFV26xxQOflqrUparQqShp9s5hB3J54M1jmuQTt068sqlCJo9Uymxj
46,46,insert,one_____,____1438,5iNV8NDJGcZXfv5NVYsmoY7eDfamlJj2wp
46,46,insert,zero____,____1439,qFAvyhvq4Ml6xVyec8xbbsdUxVjoM4E53ggvU6RzlNOa5tDhr9RLoB9E
46,46,insert,one_____,____1440,zkLzeSQ3n9WHoVbL4jNI5oir97ocUc4UpzpqGmeje3DVUCL9z6eg3g57
46,46,insert,two_____,____1441,wAQ5Big3v4NLyyr31r30Z9P4CcxCrIwgKhXjCegkYmJrOEYVzwmnwlfl
46,46,insert,four____,____1442,GK0cAAEYgKONunVRL6KKUHqiasFevpx1FwFK5g
46,46,insert,four____,____1443,k5ZdcU1u02zHpQaZX4IKrLiBEcXCv8IF8sP9QYHsLhshzkRJnJcahfIEGTF21Kqv
46,46,insert,zero____,____1444,fRERNj6vTvN9uNo3T4dsdUmiyuOdNJ315zbHBa8mtI5wIav26UKY
46,46,commit,,,

47,47,insert,two_____,____1445,AbB7Q5HFg782cRU0k1mk1oSJ6E7WDrLpGJ41V6f8YqkQiy0o7EJWncEK
47,47,insert,zero____,____1446,O0IXbBbeRMzvUamISlV05Km7grycx8uWisiDlzhK8
47,47,insert,one_____,____1447,35A5TGDreu40QnD2EO7TzDvtvj7DxaViYGnyzpTG
47,47,insert,three___,____1448,EPZCTgdKZAb9D681d0yWwDaNdha8zbqxzcQOSbEJWIXueJ09ek3D6
47,47,insert,three___,____1449,PDfg2pYpUQu0csUZjsB7LRDX5WjEncyq8yF
47,47,insert,one_____,____1450,FJ4RThAxDSLV4DrHMw7iJelzOOrLbj9WmL81d863HAUKzm51v99vzAXbQ
47,47,insert,one_____,____1451,gr1HIUFDif3tEpujCNuhPFexUrgN939GurUHciFDzY7JHSKiOUz
47,47,insert,three___,____1452,BbhDgVFSpVHVctmwSshbuianzA1XOfRNvhbT
47,47,commit,,,

48,48,insert,two_____,____1453,pw8K6ZP5O936CZfgghGzrL5PEmzjnKJQYlv7tLRepaLil
48,48,insert,one_____,____1454,bV70unZg5kAghnlBEzHwCS0dlkPlzwU3NYjfWk6aY4egrfzXxki
48,48,insert,one_____,____1455,EiAoLIWrDjrIPxEtjuiYJk3Q9UNnIHpgK9bEprsM07
48,48,insert,two_____,____1456,RhYkf8vs1bPebxgbB2vShnYDv882xzBWxy13JtoJtuG0UecgknbK1yZYW8
48,48,insert,one_____,____1457,fzKxB8v7YYdUjt3VRc2ayB4fzdlVDe8758gfsuTH6tkZEA8dIsibSwUp2
48,48,insert,one_____,____1458,WfmPb9hqooFpkqREU5MeONlakXDT9cgDoeCDOdTvb22uLaaKWy
48,48,insert,four____,____1459,B7R3SFZ91Q2rTfmNkwLlhwGsaGNt0ggFcFfy
48,48,insert,one_____,____1460,Y0cIUWAiNkHMSoTpvL8sZDNIsq4kKLByJJo2TTZaZNpdK
48,48,insert,zero____,____1461,0tACw77X2kyPNBoUfkg0NY5XW32SUAAS
48,48,insert,three___,____1462,AqUYvuXwnQgjjebHnlvGyy92BaUMRM7Pa8uK5H
48,48,commit,,,

49,49,insert,four____,____1463,PRTUS9KilOLw5C0U8PRvBZ0qwmmmlAnePpd5oceNoY
49,49,insert,zero____,____1464,p7pAp6RKeqfG5yjPWSCn0hMgQQgXBapLmzxCxHb9BDxtfr1Ky4P
49,49,insert,one_____,____1465,X7Hp0tob8kJ6ufsWHTprPHhxZHQBk9P2plGM9muRDlwVT73WrzQUuhSbykmGMc
49,49,insert,zero____,____1466,2GIKldNigh6kd8LBORTzqGK7x8k90QtQUsHCzxOQs7RlcAv0jhnG9
49,49,insert,one_____,____1467,LEAHbbucXPnfbcFyRrYZNFKw3hOd50ZRMtXjGeTCZFWG
49,49,insert,three___,____1468,LejJPyxodzfYd3tsUwclMH5D5h4No9g9clf
49,49,insert,zero____,____1469,rDtN2M650yaR2HC6z7ZyU4jIFBDddfjiOoewaKgO
49,49,insert,one_____,____1470,WeeeDU8XLOFrXuDko177MZKm8PWOEcNhbPBSVrzh1MabXGXJw
49,49,commit,,,

50,50,insert,four____,____1471,Mvk7omf5BTteGlp9iWOkLKFE9TyOhWwBBZC
50,50,insert,two_____,____1472,biLESx0ErNvzlftR8iRhDHMNQ5oJYw7nBncliIAZpj
50,50,insert,four____,____1473,eXgdzjgKpyKD6l1IasFjie7HHFl3bRyuhl
50,50,insert,three___,____1474,3p6G9HireD6wT9YaVgb16JkZgbs9fyWOa4
50,50,insert,zero____,____1475,E7YFtSTmbiiG1n4OwR0LSSZx4U0bXlz2sjeCgdgvEIlk2WMfYKbEhDjnF8x
50,50,insert,zero____,____1476,RFQzMc0lH6ZO15FD2EzEPHUp0AwKyNzEXPOYOLvnBEof7WoZ4ZehI
50,50,insert,zero____,____1477,2rjtnw3HdQQbtoSsvsENeiKwOx4UMDqW5E2FF6nm
50,50,insert,zero____,____1478,xvhiqJKzgxYGAiZIBnZARvid4ur1gxKMk731zBJkIQOIT2
50,50,insert,zero____,____1479,568eI4ezYl3keZf3esMmVqXjXpGa0S2XKuQmnpT8PF7ZrTH27ZvyTnTI
50,50,insert,zero____,____1480,TSm4VW6Ien7ovYIHMVokAtDIT7SJ5ojX4AMEmY0Vtn
50,50,commit,,,

51,51,insert,two_____,____1481,LKKHwfOhu05DnxKHgFvpSVyfrv0cCAsLMMVoOAzaI2BIz1RccLoiCh5hWwM
51,51,insert,one_____,____1482,SpQP9aCtDo4gioqQWcbXpYueBJvBEBkXoPowfLQuNEKz
51,51,insert,three___,____1483,JAV8z07QgvmYFGctS4rHIuaypC50aolm3k
51,51,insert,one_____,____1484,FsYcZ8pPqBOkYG34LXmEWkAA3GMpK8IsBu0gR9CbiQSj299V8Tjs53cEzsraO
51,51,insert,four____,____1485,K4lZVt7VR7rDzFrQggwrjI5w7VXWSNmaCWR05cq5cjoeAcTkF
51,51,insert,two_____,____1486,JUl57aDjDhYcNV4iZJW8BoaumJZlTPi2c8KQm4yCMnuzbRuoMqm8zfaVM
51,51,insert,four____,____1487,FEq0qE8yBexDTXOaBvSHcjotf6yydUb6Jwrfu8Z9T
51,51,insert,zero____,____1488,bIUilmCnloVKbfsYw86u2D9OKhjAFq5URa0Fg
51,51,insert,zero____,____1489,qd9XaVsvxwGiVsztB3ENmOqHVJEjLC7tf
51,51,insert,zero____,____1490,86Kd3VuePPADO1CwboDjxQT0x4RGISavOxOwA823hrovLErxF6oWdnEU1d4tdZA
51,51,insert,three___,____1491,fyfw5JPagIVUh1kBr0GLldN7E39IHmKUSQHwtVRWpRyeXdrDNZ
51,51,commit,,,

52,52,insert,zero____,____1492,EyFjEEK0TZauuYWRVdipzP1SE49SlKpr6P1UTAEysKN8cN2rouFq0D
52,52,insert,three___,____1493,2GDDLHzoFkgk7JsWBWeJF2S1z5uVwQDqYckaqH1V4jlx8o2kWJoqjm
52,52,insert,zero____,____1494,4T7Ly0O1kH9UUryPUgEkzcnVcu4qXOdNOivvmQMe5cL5lwLa
52,52,insert,four____,____1495,81PeU305ERkAfVlGDNkFi8H6Kv1Hkt2jfGeKgBgEkGxu6MUGqGx
52,52,insert,one_____,____1496,dF1qpxYx9uymncEk1RJ84B3TOzmLEaH6wQotVFPQIrJOKErqyvqXBKS7p0E1H03n
52,52,insert,one_____,____1497,guilyxKZdEuXnSoSRkfDZdWSVPJIRhy7gtN0kZGoDUleVPFDGQVp2
52,52,insert,two_____,____1498,4MQtWrzbMN15MYpfEnx3r1P2cimWdxGJtnSGWU9
52,52,insert,three___,____1499,YGEjHdM0NygIl7kaj9H7cE4XZtUBl0bYl9eNHCdcoiSvgGaIuBs
52,52,insert,three___,____1500,GdJOKqk6IZ2wSmtIggPQQeeGvbHRbzqygmJ
52,52,commit,,,

53,53,insert,one_____,____1501,UfeKMLsjxU7pZmi95m2Tf0hzX8OaUkTZfauVuC
53,53,insert,one_____,____1502,Wj1jXflZOkaK8rnYt74dPEPNpOoVJ6d3oV3AKiHON05gBOzZWmPzaxSwk54S
53,53,insert,zero____,____1503,Tb8vG8OqhrKXrsnklEYBeCLU4F4w0RKpQqXErVBX5fqDGVD
53,53,insert,two_____,____1504,9vcRQNNH7TTCkl7EOmdSlZMVPcQivf0ow50wJHbnvfUPXIKuWN
53,53,insert,zero____,____1505,fMTTtrkVPelSCo8EXSRRBepmRfIIRvYn9NAJS7L3ifJrLjyf4bj2wbmQtxiprWS
53,53,insert,three___,____1506,R8CcXE6JuZOSEklwqStj45U7rTXN7ntQCnZsCVNRV3gabNL3
53,53,insert,one_____,____1507,hwmBvUzzoeXaqXQSHIIyPNRb3nvLCMqH0dUP4Tz0jAj571VlyL9tmIZRZmsgA
53,53,insert,three___,____1508,TJCctKftlpgVAQvULZBngTa4ontENCYuM3DcnmtJj4pv7goyliFVi7SiFfZ
53,53,insert,three___,____1509,01MO4oYq9cK9bapDtqVeakryfm3oqWGhS1vUULGmbzteU2mmLsE4twnBTgG1Pj3e
53,53,insert,three___,____1510,LHilwOuPBXuDyc8ZvR8GSROcEkPeAAXCnXWVycMrry7PCvVUrEd7W
53,53,insert,zero____,____1511,CoCsIylSTVusqjMH7FTFWbSD94Zx9Rg7sR3xvLbngN
53,53,commit,,,

54,54,insert,four____,____1512,Bof2Tp3CsPoYhBwaL8NI5cfrJqo7OYvU5wfdShhCuFZnXxEpouh0IrsCiqQ9YeK
54,54,insert,two_____,____1513,EY9vHf9Zc6CgQF4aXOKdb41c3YWXaz4L4pB2YCO5jqhAmEGJTx70aGEkf
54,54,insert,four____,____1514,feLJtnnnAkBwYVPter27hlexKvjEOcbkitjH9dD
54,54,insert,three___,____1515,RuNpv2IPdwy8r99Oe9HvAevsFign2P4kldvtQcFrYyDBToEBIr1E1MLerfQRpb78
54,54,insert,three___,____1516,hdxQUwE7vrejDbDt4CXoobIRGaKA18sAb8E1zPeW3jP4woMoaWmHG
54,54,insert,three___,____1517,R0FbDNPLsvRunzIeIJCIREcoAsMXcKfeI5FXVZxfI
54,54,insert,one_____,____1518,n4GGZeHMJxoRnDg6kHVqFLqoz1Fbt0p56rQ
54,54,insert,one_____,____1519,GpuNa8LJ0PSVAVDDFYIS9MBRj5jpMkyz4gmKmTIsGAjQrqrrKPQ5gQaJlUwQqC
54,54,insert,three___,____1520,Bn7wVQ4lotz3eSEMIRMMuJ6OSTagTwMPzPRDsk
54,54,insert,three___,____1521,VTatPjaEeQphzhU9QO0FI7sa3Kpfci2ga9PqdgXNekvD
54,54,insert,three___,____1522,SDYvsplOxGM2HrkS0WvVzX2jGAmwC01ULSO0953WXPnEz1aCruS5
54,54,insert,zero____,____1523,EmCpxapjwKZTVkt3Cq2BnsUYOcyhu9O5iR8SGswHsReJypzuXjI
54,54,commit,,,

55,55,insert,four____,____1524,g2o4QUzzNZ9HqStzjTChWgXdX7ACS0nE9n9lDWT8jLJM7nmWFJXPJ2
55,55,insert,three___,____1525,xFTZHh2yh44TMPxyNGREljK8c7E4R4LXIc
55,55,insert,one_____,____1526,egYI8ZRhec5G6IW1ZkX4Kjh9DmPnKQgBbvVKJ6lFxqymA9JaBNIPBQasnq
55,55,insert,zero____,____1527,5dQnLiqoL4Vy0aO1DVQEZReemLVesL6hK
55,55,insert,one_____,____1528,Ryy8z8MZPbEty19uJ1vvUzsJrOgTcpjxrkXxCf6YJUf8
55,55,insert,four____,____1529,7Phls8jrqnOJkeVJgPjDYG2Vo2teClRXViQ3vFMRpliJIZZI8OK
55,55,insert,zero____,____1530,Zp0WdNIrX7QHmzLHs86Xx6eDyaauX4NPG75PaQKNeWi73
55,55,insert,three___,____1531,gSNntbvdisajbxfglONIHAyjSbjVVn6ByjZblhA76vWQvarHw
55,55,insert,one_____,____1532,AyA9yRSG2GVnMyyu6hJrcxAZZw8XsoDywNowhTcthdphWbTTjyokH
55,55,insert,two_____,____1533,gUnVI9CeMXRvYIhutskk6pZe94xFB0Rk
55,55,insert,zero____,____1534,gW9eZZHCArfhaxaH3615KHLU8qXIVCoeLWcd69kVlhfaG0CjLZm4WP7AiQN5
55,55,commit,,,

56,56,insert,two_____,____1535,cPriaikX4Cot40fkgCJHyo9pV2hxHBsmKA9YgUn
56,56,insert,zero____,____1536,BJ9bk8cyH9mGxyxchYxGRG4ahfNKH7MfWxlL2wrrnpcimB7WjOHtx1Mt94Hoof
56,56,insert,zero____,____1537,AViOblLnaKNmVCEOuTcOMfVP4tppe5CGj1RuB7tEgi4uRHg
56,56,insert,zero____,____1538,IbU0Qg13LeHuaqO3W6OAioXu7Ax31cR7ep6zGavFz1FSDDg9oXek
56,56,insert,two_____,____1539,llZ4qq3jPbvBmTec0w9xm2IEMVZ3XZRkUdNCgjDWVKqLN48Spsyy
56,56,insert,two_____,____1540,QCulZuw46fTVsaxuda2j9jK9YR1sGqQ1zUl9QvDRMc3inOpO2dmIhwyxrAVi5b
56,56,insert,two_____,____1541,PKWuhukJglXG8IFFz8lPqbHFsz3OJUaMoQ20IKL1nCyIThF
56,56,insert,four____,____1542,jcM9KYo2R8BsMJ4Skt54m4WBNKllSS4x4d6MiCyvg9LCN5Cp3zfSk6Qj0
56,56,insert,three___,____1543,aHYx0VpOvAk5pM1hpi0IbZPgIoXNr3fx4QfwOiKzASPgOL0HSy84CirFOPI
56,56,insert,one_____,____1544,Xo3TrVMGihCF9xKNoO6i6wbZkwOdqBNW0E4MDN2GtL8CBGboTOdekw1
56,56,commit,,,

57,57,insert,two_____,____1545,XVyiGRRA4oavI65QT2GPMK9fQErIZE3soe7RPoqrz4ufhadCVBEL
57,57,insert,one_____,____1546,4at5MUkJJo9nPHDN3yaqnJZ2XRbJfHuC1fOBQbdttCpeYHxB6OKQg
57,57,insert,one_____,____1547,5bkY7zDDbWYikTn5EUW97Fo1pO7i9wyxEFdsSvfYyscN
57,57,insert,one_____,____1548,xLioNE71dGbKT7Y3nG0GoshGuvnD0smjVFPtZxJhr1n0Do8e3sijGSQ1m7M
57,57,insert,two_____,____1549,Z78vWTInEarVExHnrOL8SIqyzGPAPZyxYW
57,57,insert,four____,____1550,0HGl6dunxnoVOuuqcydvWe8b8hBfhqsM32MaD0blWv
57,57,insert,one_____,____1551,Ice0uz0K72ZoXdaGgXYm0k2CcxPDAtuKZjHKFbQ0ga099q7FnDDIBgDka4LnkfWX
57,57,insert,three___,____1552,0OzCVWKuEvkpR59FAFu72AnelYAPOIrhNlTLHkoMUAdZkHDN3NE2R7orz
57,57,insert,one_____,____1553,nJCAyg9KfzI4W3imiI3998OmZfN0Cn8EGi1eU4yTwOFb2OmOZbHVk5Wtt3As
57,57,commit,,,

58,58,insert,four____,____1554,Yj23xHc7TDjTrh0LDBsof72QXpo0TN8NNcXFMSZ7SD7aIcf3whzLJvVHwZc7
58,58,insert,two_____,____1555,59Hv66oMv7MQ7AnETcmbkS0F6s1TnPovOb3jQShS0QlvJYEI8S
58,58,insert,four____,____1556,YefFoORS7hpN3meMdPOFnOp6NAQzyV4SIyRmTm8mpc2zAVFbtAVFaM
58,58,insert,three___,____1557,KB83Zbb2jSEetKw5xxInc2x9qe8V8K8UFIwi
58,58,insert,one_____,____1558,moXzyqV406X1CX4ZZlmLZUgxACCBaIYhLXFUxmaVTw5oW
58,58,insert,zero____,____1559,1cVheWEHZQDbzLR4PeLV2rkrzNKVPVNQlEgl6ViQDKMLBSr3YVkuyP9F9w
58,58,insert,three___,____1560,eAJHBZfYn84ldHwUUfRsjFS4Uj2gC5aeNp6B1yOJK4UH62ZZufM9FSxlGWKYIkaL
58,58,insert,zero____,____1561,Kuqm3856q6CpqAqhYRUu8tpkO1HeL65En3vVXu1LIXeyC5iIZkq1tc4FjJNCXX
58,58,insert,four____,____1562,Ux32xyGWaoyZS3GIxOHGpZ5XRJRGcBI2
58,58,commit,,,

59,59,insert,two_____,____1563,3Ruo4eV2pAdurYTU91zsv4wwzaZXbduOIlmeLsmkfmuno0q
59,59,insert,zero____,____1564,gdI1s4zUFoD8FqMf0BkAXVs58vXBnYvOKT48yhXri3YcPGl
59,59,insert,one_____,____1565,9YywuWEiL4XbXFBfASaKN9jj9VFlXx2odDXpcqlDtWzYGqo2QZPYW9kE4HIdhSm
59,59,insert,zero____,____1566,V1gisYBplrURlDmSm5uF3mZtKR0UV44FMbKDgawSl9v0vqCjCuhDqyTUk
59,59,insert,one_____,____1567,IxOdKzSrJokgwFaowbBwbPcaJ1JIKLb0rV3Q
59,59,insert,two_____,____1568,xFQRX22jBsKbwKfrEOaIBdzu3v8Tw9z6zdLloZmlsASJHBNpooD6cF3B
59,59,insert,one_____,____1569,DDB9wbQo5SrpblujIIKkPdfxRWFKNKkci4
59,59,insert,four____,____1570,UaJctVr2NjecluCrDEa05mrMvYZP4Flzh6D7M5PY0KFMGvaGDkxY4qihwxQWg9
59,59,commit,,,

60,60,insert,three___,____1571,2mfIw7o1ACNK2wzSIp5AdzzlUmTh7JemI5XnJ6z
60,60,insert,three___,____1572,KlKQV93Pv2VBDf5tikQKOflp5pncIbAEYQxX8TpP7SPNdNpeYCROfqEoIooNM
60,60,insert,one_____,____1573,DB5RVxp0s2k31rpFEBs2Du6G2Ovpy84tsdHB6ozoZhoUcbOfLRzt9PT
60,60,insert,two_____,____1574,HGt0VIlBaILtClBCleVwtWh5ReRjv2bSJiIR2CAwEyW0aa3yyMUS9hrhIIvVDiA8
60,60,insert,zero____,____1575,gtXcttQepeF40szc8EycibLGJwifOGdMyUnrvp2yr9vsBxJaZhtKVphxdf
60,60,insert,zero____,____1576,jEXv5XIjv5YND9SmpVQW54kaqZ00QwdBkNhquKIDD8DSFGJp3Zth0CUkd
60,60,insert,zero____,____1577,xfb6D5Rk5zjSYpoOZXUAqVcP5jycqZkw2WcDH5eQxpBmI
60,60,insert,three___,____1578,COH2t8HLMMlMr61OQdJPEGWJBe6kn1k36QbAYPQ81Rh4BI
60,60,insert,one_____,____1579,A0XDASQ6fk3EHHCT7psxnIjc4tPyHIYq8IFfR4X
60,60,commit,,,

61,61,insert,four____,____1580,7L5FhVwtL9hdo0bYGwb0QyPgvu4A7AogYE
61,61,insert,two_____,____1581,e9gujNpZ98lzHxcX2PreN71KCYM2oktHgtB3NLkxv2QD1WErQp
61,61,insert,zero____,____1582,gNbZENVt3QJUIG13UXgzt4faEVATd7ityvXDZcbpjhq9KRQA
61,61,insert,one_____,____1583,0zk63xXJ1IWeHMtuqhVlf6DVQLKxKWYkK
61,61,insert,one_____,____1584,qMsHtLIYpXtDF5TOEIUf5kfHcBI83cnLOEHzTE57HGLZ
61,61,insert,three___,____1585,keIjNv7coD2qTViOJ2kRKynjE5NbwbwAOjoJQbg48QDN1Am6Bkq0ir3bo4KPS75
61,61,insert,three___,____1586,g5qWIYYGpzbWVGc89QKJSqJlXR7qMh7MhwIQOS6AtWUYSUTTKP
61,61,insert,four____,____1587,TrPs1fhZapdFSlG6Ug3QN3RSFuNB6dSMXAejkmv1WKdsjrZfXOUkI
61,61,insert,zero____,____1588,iGIthufsmEG37GyoD7KhEVvzHV0BTOLuxQ4
61,61,commit,,,

62,62,insert,one_____,____1589,f2jxEOzFU8uSJM6rQ6A8rtg3GzLukagbXEb3I
62,62,insert,four____,____1590,BoPOCe2233otJ0IowMaikTMGcLjrrcqP3nsUdzH
62,62,insert,two_____,____1591,wehJ43mURjHSjM5I3cvsfpQgjZyG5Ni8Vom0e3DtraUJDv11fdS6
62,62,insert,four____,____1592,x5w094tdWR1jxo1EueZkdJNUXZEUM00jxOhEF7xgM1ENJOaR
62,62,insert,three___,____1593,Z69I2a2uPa8JMWvv7kKvK1hcit0iChTiAp0wZHsLyVqP98jgLot8kKIAG6LubW
62,62,insert,two_____,____1594,3WQn3tFTYDfXzHqOgMwnRsvCBLVz1pig9uXbes70FDw4eFvkoTp7Izm22HYSb6k
62,62,insert,zero____,____1595,txp0g821Uq3DRMBIfymcP43DyZjVzUl1TU3M6d6TN89MQ6dbGzVQlwOsSLC
62,62,insert,two_____,____1596,BVlj6sjwOA190T41h8EY0SCPQRYlklQ6ZCewJvVofnlePv
62,62,insert,three___,____1597,WamsRfa0lcKEfPTyqXyPN9jD540vs6xdg28FioA89jelXjV2s44bxqUxHA0l
62,62,commit,,,

63,63,insert,zero____,____1598,ESvk4BEDBndCkVssIAZzHrsB1klbGwqUpBHCN52ns9KofXn5BPCI
63,63,insert,one_____,____1599,ZNRKA7woBJFKlG1DGdTeZJ1weJ8sSKP52SH
63,63,insert,two_____,____1600,1yxsmCqRcMM90YzgmnRwoq2i7BU5o531pyXmu8TQ4LS9woVNFmdhGZyQs7Wps3v
63,63,insert,four____,____1601,boBiGEpxAp6rs38dhqdBvoaQSWo4ldyX3L
63,63,insert,three___,____1602,N24PCFkWVzMEKI7W65cCsqFOy82RkMYUKmOzQJdVALltYw2fyKlMW7WlfE3G
63,63,insert,three___,____1603,GfBTIfh6nKniiJYvNiTonnaocqNW8RS5HlnvdB
63,63,insert,one_____,____1604,Ay94Q1dAhU5J01ZdWIACs2yFC1s9dHRp
63,63,insert,four____,____1605,5HJsNElmQfIhHZpgSc1D1oeGSaHYEYZRhLk0VRmtRVCmPOHkf6aCvzs
63,63,insert,three___,____1606,k6Tjdn3R0UmllIbzr31wdgJZ1WP4DIdpMCZNZfZ84TGb2RroUvaNmTF2n2COLBA
63,63,insert,zero____,____1607,FMg2RoH8AuYJy4XJ14Nzz3fheh91kffDEVlRoQ5ZZxmrQcX0mC2GL3CFb38
63,63,commit,,,

64,64,insert,zero____,____1608,rS7DXpT4ZmEDGDlGFKTElyrHC6ZtI5R9189
64,64,insert,four____,____1609,ccoD6OUao1R4XApasn8jRFMaHxe2XHKeN8vhCh6D
64,64,insert,three___,____1610,JYX9LAoNYTyOgLQuVraga1jKYZy2Q8QQJEVo553fo
64,64,insert,zero____,____1611,Co4pFsgKAFMfT6ywZ7P34QgvBI4SaS1Rif8R35w6GU69z2Ct7y8LAAQlMrXjqU
64,64,insert,three___,____1612,QjrDaCpbFTlVljCRIW3WTn6zryodcDTbJiR2NuKWLFgbKfBXJARJg7DjnMn4VQb5
64,64,insert,one_____,____1613,UI4TcVyduGxSaAXS361okNVxfBgkPEXtUHaYM4ryrkYfTCPrr83Vtprj
64,64,insert,one_____,____1614,Kx8qT7W3Ifp4Ad27o6jfFI6QMoVt33iT7uz6HNYO2fNLi3TcLN8ptoB
64,64,insert,two_____,____1615,ycDQ5TyITWKMiCUDIuflFM4Qee7yvY1n
64,64,commit,,,

65,65,insert,three___,____1616,XWGcqHEreHKgqTv8REy4VQAloWvDdOC3yehif7c7RAtwUfzV
65,65,insert,three___,____1617,CFDY03yFU03E9K7iDo25zzB8CgE9G4YuU3eTEnHFqNBVonsUrzp7LVgxd36Ny
65,65,insert,one_____,____1618,TG6kpFnbPkZMvbE9qJnFnpT0iV3CbSkBHrvUABRlSoe4G76cChNlwO5wyI6A
65,65,insert,two_____,____1619,R6HzMMlzGbZmhnCv7HGAIR9bh9goQRbH4qVMDkUinlvbMzcAmp
65,65,insert,one_____,____1620,CGSev6Ae7CoKPFc9DGZdSqKJwSv7bRQRBU42nAmJt7vxX7xWB
65,65,insert,two_____,____1621,P1Ev8F6XwIOCXWXVJEERpQsQ5hHzzJve2LqwFjhG2Di2s
65,65,insert,two_____,____1622,Rhj93WtJfJ2qmUO9JIysV6uLRpNbUz95CxSf2lDcPfvuiR
65,65,insert,four____,____1623,jhrKmAoFm2en0cmEhR07T2QVVtAC9o3cSK9SgUCHCKZu8URlw
65,65,insert,zero____,____1624,0StLHaeF1GHEuOYc5EcGvq0i8DKZJXKrNXWyPZ4K5
65,65,insert,four____,____1625,hKgxAHwEK39zdLJHQsaeoh4KlpFS7Rf0v63sFwd4ldvnML7pz9NWrc7kuQ
65,65,insert,zero____,____1626,8l9OkhiyCyj75GprLiMUFLimq2qMomRtwFM8utRRb8zk
65,65,commit,,,

66,66,insert,one_____,____1627,3KrXLFOGCf6JpkbWkm9mlH5XQQ2c2rIFt2WnaUuIBcIc5WC01igPp1OxBT
66,66,insert,one_____,____1628,FYBgcZDz4V58ux6HrPpncEFstz3XVZuuST4WlM5VzCeMIe0uDt90vI9evNCZVgaF
66,66,insert,four____,____1629,bxcroM3jK5aDmIZrTyAorEJfWruQf7HW5ibMZINJLy5n28cIv
66,66,insert,one_____,____1630,ofTlYydKlwmbmvpE4Gfwqa32qNplHr1MxSDXGQx9dMpcG363kSosBwWqRnZ8Avf
66,66,insert,four____,____1631,9IOPTagwuVgTEef5AATJaVspEcezuWGNJIP7kY
66,66,insert,three___,____1632,ggU3TnMNeQ6oMinGlX2vAtVUn4K8qLWObG9p
66,66,insert,one_____,____1633,UWu7Rio8PlBuJYBffJznu0TLk6JK5mVITmDXeMv5ubFaI0Jlp3f
66,66,insert,four____,____1634,SMbNakdGKeyVYCh7odr5JjOzi5hn9NVkLEkx1UYkxHtlx
66,66,insert,zero____,____1635,sUHEsNbyofENhfg7BPtEsDXdKGJq8ot2Y1KnO9KW0g3
66,66,commit,,,

67,67,insert,zero____,____1636,9rWdA7WVTxu9rRnklhMKwQ7vaqQ94GdULj9RoSBJcIy6rYD
67,67,insert,zero____,____1637,FmRigolimsgjKfI5JCuf73BkNNG5gMq4SL5kmC2S4Tbiu
67,67,insert,three___,____1638,D77XQLmi4roY7rrcZtJAfCMoYnwyhTwhiDLcFZZ4T7yqLHBghjs2FUeu
67,67,insert,three___,____1639,LS4Qxtopg8p2avlUzahX9qUOdRAL9LwrneDuui8cFZDgzTztRfwn4Njxby4aCT
67,67,insert,four____,____1640,9wculRy62BkW62r4RTPZ1N7t7Zi6MeRjOiaIRVjRuR0rcFGm3
67,67,insert,zero____,____1641,Vm8U5RKPn7CBi1AEVBbCUyX1GGhaGL0YJ
67,67,insert,one_____,____1642,aIcymk5iTE3pEnCz3bePYLIHOj94TSPbh6AwbW4VhSdoWRFelEY0FWlQFXlc
67,67,insert,four____,____1643,WxReDE1mrelWg0nlADPf7ZGE00G6Bxr7hs5KWKs1DRM
67,67,insert,three___,____1644,IXeTb1pNonEpbqGMYqdu5kYzm74gJm47NmHnmcRaNDSdbRWhwOx
67,67,insert,three___,____1645,qJmPrUqR5535aTWl6BbHY62O4U0jBB5MbEJAFWBkrIXLiypxqoZyYU5VO3
67,67,insert,four____,____1646,BPnXbVEP1QYPge8DAwaVzHZhK9uyN1vr
67,67,commit,,,

68,68,insert,two_____,____1647,p9r69EfIi5guZfT8BEETZTkTjsL4KeNkHQhezlbftMN46zerwgnU
68,68,insert,three___,____1648,BnThS6syElvcCEUMM8uozKSJ4AYBWDjTGlnAu0kULX4t7gdF2UiqdX2MbJ8L
68,68,insert,two_____,____1649,PbgWhPRMB10IPIAkYlq0U7C2GygcLud0mY0KmlmB6w7roWFUC8SglV0
68,68,insert,zero____,____1650,JFGpVkgiLk7OPBBIgUX7jUBYWALBnpbd8esJ0ZB2ZTwQU1ev
68,68,insert,one_____,____1651,fcqNUh4VsDrJ7Hz6h2LBWsWuQZh0g8a3BM
68,68,insert,four____,____1652,nT5ol0yvEVLaw932cNgDXME02uSQ3Ehkzj6HFpOy8f3KT
68,68,insert,one_____,____1653,qlQQrRIp4kjNM9JXpKlX29RUriaTEl7xPzxmWUinKrY1l4x7EmFxGn4q
68,68,insert,four____,____1654,Ur3kzCJLcEMIqmCUlaKAsqDLi0Ie1SDvs5M9yVsQlaiw6sPkuZXw9kA
68,68,insert,zero____,____1655,3zMbk1Jn9KizoGPd9dx0JZRSK4BZr6M79cQGpCXysagY5gNK1vlaK
68,68,insert,four____,____1656,b4H1CV1WcKtJAogSJGLSeYzIo1lHoqjFAzGG23VyG4fHelWiq7v63MIa
68,68,insert,one_____,____1657,SmqqatT5Pme4cU6eZB2ogj8XUotB5aGQw3zXtzD3nFLRFc3svMimNETnFjA0zTt
68,68,insert,four____,____1658,09wJlqIPobTtHM9iVU8bkUDjcKlOoa8LbMlUc0kF
68,68,commit,,,

69,69,insert,one_____,____1659,Zgcgr10grIpkHiRCv0wSuK1CZbFOWrv7lGHRnUk3NlW
69,69,insert,two_____,____1660,IZu6b7PznHAF4VxhoYrPMN9vDDiWv8o6UJmtbNyHfovP3VAm8gORg3PpBb7
69,69,insert,one_____,____1661,Ck5dE42qSQ8I7ef11O1ZqjhUTmL4N4hMgWJl44UcvCwD
69,69,insert,one_____,____1662,sVWv1Q4FYPAb19wcWW8k7J7KhFWUP2VUIb6qemfyHbu
69,69,insert,two_____,____1663,Z1wFLQXDjGACJGMXNOOkjJNU4dielIGQZnJsSFRZr1lwk9lm
69,69,insert,zero____,____1664,PpFpRAcXINk068v4xZsoCyIdxzeptd4Tf
69,69,insert,one_____,____1665,SAR8CuTYTVCwegi8agST0APj06ZrWdxETkTZwf2lSLjsfh
69,69,insert,zero____,____1666,brzYYXClSaq5AyF6T9CWGmXq0KSiyFS7BSx703Xli6B6Gl
69,69,insert,zero____,____1667,YrKRtmdckXhDK1TNFAsXrSeZqeDRNdIE6KRtxIxn3ppuivLg
69,69,insert,three___,____1668,x08gqSgXBPHewxJXbplDBEGrsNsBL1UT7hWhMm6d
69,69,commit,,,

70,70,insert,one_____,____1669,31TQG67kqE9kZgnrNjy9yvnlF1ijjV3JifLp7yehcUitxp
70,70,insert,four____,____1670,XFxdR4QTX4cAT6wlnigh4OavpRIpecVCo6yAS
70,70,insert,one_____,____1671,XlFEzzDCIF3g9RG5lf8mJSV7yzmW4WwAJXSyRCkpGXFFsYQtWC1ZJ
70,70,insert,two_____,____1672,BgA3aq074s1XGp71qXgcbVCS3ywBLNwHIOQowgX
70,70,insert,four____,____1673,iUrYs7JufY0Prmxiul8AYEVXAGhbJzcvCbRf6a8blH0Ue4uK
70,70,insert,four____,____1674,2imws3RqkvZkC155qIzyTLde8vVAWmNpmE3qwZxs
70,70,insert,zero____,____1675,ljphkfUsUf8sjp5ZSwF6WTWbxEuLtV222
70,70,insert,zero____,____1676,M06aTGHyToiIzoVlB84qrBV5E4neWp7sxm0R8g7ytna
70,70,insert,three___,____1677,lgEASo5A55r8nPNJrhPCImOPBv2Au7ACC2niwAMNKlZmrakbQc9vLnuoEQ0
70,70,commit,,,

71,71,insert,zero____,____1678,mo4pTSMRFoK8UIBDrhGkn4KQc8KG7i1ouYr1aa
71,71,insert,three___,____1679,ou6aQJcMgRJVoXxyBwzrKtgapmDEgetctGlMd9q4If7MR0a6blFAHv77nsZ
71,71,insert,two_____,____1680,3efyrKlL9Po9X5X9gddRRlGVRrwJ5yvJtoEV29rwwD6gb
71,71,insert,zero____,____1681,H7GjWzSuVzBwAmiLO9h1Tz9OM9oDmBoOlZ0nB1p071
71,71,insert,zero____,____1682,SEuzbbEnIKSNxz1sm9vreGU6xAZgW1gcsi6C203hQ5oqKu3D7GLrbz
71,71,insert,three___,____1683,Zq1IvlXmSHZLazB2zaDZKpeKHeVDg3WaCwkmx3YoqT5iB02hQvztX9rk
71,71,insert,three___,____1684,uGbjojIXSDn83tLeRJQfe64XESOdRVvclV95YD0yEs3xqtxYuN
71,71,insert,one_____,____1685,XsMuedjceLvPXwBXanmtQgWrVCcM6JG7FLYMWxt
71,71,insert,two_____,____1686,MoMyiQZL6dF1oSZqHdyYkXSu4NnJuGM639gZJp6VOcgpKL0nzlq2LG231VVNe
71,71,commit,,,

72,72,insert,one_____,____1687,L6Qk3qkDdWOkuqFhDOie87DtvBQ1UuUj1b6fexgl5lXlBxTHN7Ojjg4qtht
72,72,insert,four____,____1688,9Y7IYuBYTOFSMs4iTGSbyceZ3cyey8qehVpnOJM6m785MDz9R32pwuMPK9ij
72,72,insert,three___,____1689,1k7FmrjWsLpJ5OEs1ZpyauQoXt64EupoRvE1rhp
72,72,insert,zero____,____1690,o3QH9qsjAebtLyHj3gM5ASDVw8ZK4iJNz5ma1osNXgesnghIEtVE4mzVyFllZN
72,72,insert,two_____,____1691,PvnqH0oyxVydbpxlVQppoeNS3U5ZU2p0k0LbmWWklVS
72,72,insert,three___,____1692,ILhffqZOnWLUUiol8ma9KvnW4TJ306G7pqWW93LyvLP4
72,72,insert,one_____,____1693,hNk3E3coAy4QrEyJbHMhv0vjcYhtD8l83p
72,72,insert,four____,____1694,kJNh9L0QIkkVFpDEgjmJCTmibQooDN8EnltD8Z
72,72,insert,four____,____1695,jbvMULBXhovV5LEkF5iBh8oCyidNuy0kV5RDmVDpbkiGPpRRn7uH
72,72,insert,one_____,____1696,NH2JO607LpV5Y9DfODKv5RrhIKVgAuj3
72,72,insert,three___,____1697,tJvP7SdDenyYASJ9wKnSwOmwMs4ynofiI5SWu8NLVjXR7MoQf
72,72,insert,two_____,____1698,hTTMnMpBgpEM07nTLWiJZ6y4kq2PPrhls47tinjddZ4
72,72,commit,,,

73,73,insert,three___,____1699,UX6eJAOpldYbqPbBydkRqJTTHWbt8LejHb4cUZ678I4DtZSVeWk7prn3JJLyXE
73,73,insert,two_____,____1700,cL1X0VaDvfg20KKFAbAxGd4CwmvUuG9C92II
73,73,insert,three___,____1701,34usRzHIl266RrWLZwO2LDD17fZFSWhG
73,73,insert,one_____,____1702,WX8H5ohPpZtcrbLsA6CdKZET4UsQ0YsKi1ep8zoD1xI
73,73,insert,one_____,____1703,u0QePBWdro4b1Lk2oDbWkrPn7qWrXhA53CMEOqCenk0
73,73,insert,one_____,____1704,RC9fpyGSnKYzvuqB44Na5TR6qcZY94jYIZF0H
73,73,insert,two_____,____1705,XAnxJGh1AzX9QZCrv1RjudE8SAaZkXtDV0hvH5xwr50VNL
73,73,insert,three___,____1706,3VDxmhIpX7W166B1HKsGBTwtM9TuuL1R69BNZ1by567qjpXWdzWz9iTYh
73,73,insert,two_____,____1707,8r2JyyKl3cjnEXx1N8PEIAwRoq43Q9K5fFdp
73,73,insert,three___,____1708,aSIaCRZFNeD3aP1OE9A9YyPbpiMJRgk42pxjnU0GjHdU124m
73,73,commit,,,

74,74,insert,four____,____1709,h1pnzGPDCgyPqdT68op6dybg58b6kPb5GDI7qV7
74,74,insert,three___,____1710,IUYDNSAllOAiTtfj65U3birrWlLV0qjMpMgmp3VpET3
74,74,insert,three___,____1711,AuVkZ5P10ktG63UnJQ0vBiHmr3kU8pDHmUCa4oVtro
74,74,insert,four____,____1712,dXkIppJilFQirJRkiX8jV9rX55rZ93pF8ZogTmezrNCS8wvioKHh0SQs2LTicVL
74,74,insert,four____,____1713,5K0ehJKnvjzyzBDoosafSw62c7Yl6O7SkjL9iaF7w2IgXT1hPLp7FeD
74,74,insert,two_____,____1714,0Pvfh4pCUqQ48jWtN0hhrw30vMW0TaJZQBiuZR
74,74,insert,four____,____1715,FTikVzzCsvKBLomCeV6NSRIzzxx3lEHQ4fcTLIRH9cVRfG
74,74,insert,three___,____1716,AQouBH1SkPLYHAcAi8wMvnTQZVl0ZcKr1sAi1RwH7GXJQzo6YYrsLLdvhcyeBO
74,74,insert,one_____,____1717,WneMNEjIIdCr2VXUL7BSxC9DQJkB1cF8wlRmHYdPkZB45MSzxtkvDDWvB038
74,74,commit,,,

75,75,insert,four____,____1718,7AqT6yfhIj0yTydm3tvkMKVzeAkvBI9QASV6gK7JVtC2GvD
75,75,insert,zero____,____1719,cHqwZRuijjevC4fWdYC8KX9X319qc4qFZ6Un153aJYqe2HENNn3TIasOm
75,75,insert,zero____,____1720,d20aFFZWp3bvQ4SKKZju5OC6cOlRfKiBSoXrsARsHwOsmWD
75,75,insert,zero____,____1721,zk9BE5WT65zBbRhvSnUVHjpFUt4WXn7kp
75,75,insert,one_____,____1722,fdAnwGSSMbHujra1RPw5vmg7XBBtElij0YvenQbvr70m2ytgMmyKcwov7IJP
75,75,insert,one_____,____1723,st97tTRc3r7zP4s1rtok4HYNhOgYN03fa
75,75,insert,two_____,____1724,RA5VMTfbgXdGrqmV30BHijMmbGQx4BuyJc8t7
75,75,insert,one_____,____1725,Gaub7vbIftR5aYJW5LIsW8eDuYIOrnJLTHMy
75,75,commit,,,

76,76,insert,four____,____1726,PqSmqneAcRoLDNctvWr4LDzsoP2rpMcVQ0PllJMm81nurDxH
76,76,insert,two_____,____1727,IFdpmCruKw6Y5kBdq5eqYNFooolfSClcfcsxJLKxGHKt3krRnQT9zhfSw
76,76,insert,three___,____1728,k0csOa5hLEAz0eIUSG3Blrz4nGgMdtcusGoBd3VwaKDwvr9rbCv3MfgODcTUC
76,76,insert,zero____,____1729,iFl7jqa90nN0sfgrs3qJpg3ctwweZZm8vsuT8CVBKFE
76,76,insert,one_____,____1730,CjfitxTsX6tGn3GBfHZllozi8zZvCMVLvMs8SdqbqDT8
76,76,insert,one_____,____1731,PA4Xlxo7aOvyUDr5Sdbf3xdluH0PtSP8hxvURbid1B
76,76,insert,two_____,____1732,dmzLVNi7VfD9UeW7dQZHozOceXL5SXeV6DKHD74TDmEAEf
76,76,insert,zero____,____1733,7uEZTZ9dttdQbeKpJOZ8dQmqSbsce7vo3kxNmXmRYq0qPI8DwRTNVLnD9iDPnl
76,76,commit,,,

77,77,insert,two_____,____1734,ZrNrnVA3Lidgomnsu6E9cKcXyHapZLNkbA8VwlVBt57F6fnY7CBnmI
77,77,insert,zero____,____1735,SeyffgDIMyi6slPCgWpLF4dfVeEkxsPqUhNJATG6C
77,77,insert,three___,____1736,M6bK6AO6yCCdDLHANQnSKVLrDWphs1dOvTZc45MEHcmwiKWS6gpc0jGr
77,77,insert,two_____,____1737,DuZjhgTChqRC40r2k6LIRo9IlyS3NeJLcWk1cUalGHfNoNlhgVOzED
77,77,insert,one_____,____1738,4RokA3308LLUk0TBiLmV6TsGrqHs1UDzcWq5GY
77,77,insert,zero____,____1739,MInroZ4WexOMEoKiYiBPSnqXLEWUrnOJJKN
77,77,insert,four____,____1740,NIycYR6FY6ftI97xVOqiSyuCIdkJ9FFwY9wmTQPF2rBEZWbgV5GTg89cXujR
77,77,insert,two_____,____1741,XmcsMvk5Zz3Bs1jhbB1RfUfUOl1HDe1xocEsFK031ir9k6unYMuNxJHjw1lGQ
77,77,insert,three___,____1742,N2wZtI36p8Tkj3wGsSCT2xwbUiyZq9TgZak
77,77,insert,two_____,____1743,bH3MTZZeZb0GXwSgWxWq5WIHp0eNzBHBZTdfD3rYd
77,77,insert,zero____,____1744,Jo7xDVuTyYCWNzTuwzEks7TOt472AVw2oHaKm5zIVFliOZQdpI32i
77,77,insert,four____,____1745,kjjy3OlrLrdQZcujtofkweJ6OhkTEmuR8mVqu6
77,77,commit,,,

78,78,insert,three___,____1746,6q4m8TeZzj9PyhySvegDntfxD8719uRWCf
78,78,insert,three___,____1747,D3kSpci6k0H0uZHzAEqwIkUWtuvLRfyc35Iln
78,78,insert,three___,____1748,qYgzJ9FpWi7iIR6FrmAuBHJchaNQVfw7qeA65Z1FXO7OLUGbHwS
78,78,insert,one_____,____1749,0XuXDH2KyPZugvi6wGfbpQ7EIjChbl9FxSUFsn7QvodRBqbgnrK8yzZXNXvcJBI
78,78,insert,zero____,____1750,bEKzMYWdauYjdrGP83hF7iaY18AsTndjFo7znXwFjiG03sdCdOZz
78,78,insert,zero____,____1751,ifGdmaNd3HjInRQPe3l9DWHNKBspTcMvWOh29ATOpKquXNh1ybF08F7E
78,78,insert,two_____,____1752,D3xl5f1CEqZXX0n4IFF2kyNYkJKUIpKExpz62lVIuec8GVJR
78,78,insert,zero____,____1753,vbc6wBIizfMaXADudwUNxAzcTEyDqtd3
78,78,insert,two_____,____1754,ODYEARYD00XVqG90li1FCLnetwKbATtli0ol1QE4AzJT
78,78,commit,,,

79,79,insert,four____,____1755,mUS4eiYVFyBAxj1NoPiysu9ik1rXf3azRJSdPne
79,79,insert,one_____,____1756,MAJuR6TL3nhWF2yt25jHWI3ggqcqbfZvKnaiKz5
79,79,insert,four____,____1757,nnVXZtwkJjr7MjJux7FTY7XWQqzIZpPy4yuV4as0PYuUwByRyy1hNQZxdas
79,79,insert,two_____,____1758,VIuGyM44aWlPPvbsDr6X5e0cGLwnUSYJ73vW3HlhM4AkNHCyvkWHk
79,79,insert,three___,____1759,tWdHwT76zjNenLKYZlsnDSsrOSL5n26ju68s4IOwumpMvD8pc4AWAn
79,79,insert,two_____,____1760,flZ7vxowZ5a6wfnly5agKgbLst5ZcUj8OXAtSlq7nD6sFtWJ6c90
79,79,insert,two_____,____1761,qlT5dsaevtmFPFQ7UR8UW4NaqNlE52BxXFGQrAWhbFlqVH
79,79,insert,one_____,____1762,W4qf1TVyjg48GjEts7vpdQLLsM7cYjSOEH9Phyiky7bvpuKNK4
79,79,insert,two_____,____1763,20qPvJDdv4AROYHxsEKC0tXUosujdGwpQq8OdWUh1IMNKTJGW7DzimfhFs0
79,79,commit,,,

80,80,insert,zero____,____1764,3xqr5RWwG0OoDCSxZWgU4ODyo209Gn6CGcU3K2HAxHd60lk3Qq6767MVpgaxzS
80,80,insert,one_____,____1765,E3qNK08U9ArSPV6pYdYztj7Ai0UjFf1Oiav36G25eL
80,80,insert,zero____,____1766,ZhNSIXhHaA069cJFGfzpUSGPKWZJ4hirXZAEaMiXoBxK4yv
80,80,insert,three___,____1767,nn836D6IsWq7kFDTq4HlKA0BneZHKiPZaDlmOBPbTPd5OaMHrgpGE2rz
80,80,insert,zero____,____1768,aOvigc3VDaIWBwLO4GBumcbAaZNjggYLt4C80O2FFqGipsjGuchkn5n43I
80,80,insert,four____,____1769,9jaxsAdZzt01x4QXOjWEwPzDpoIxuoIYglLWGCdcMNLb
80,80,insert,zero____,____1770,KXR9nPwS2ffKMUEiVmqXQ2Ctebpq0XvJsed
80,80,insert,zero____,____1771,TbnaHIVBnf5Hu3DsoCPQu4Heb0dgd8866
80,80,insert,two_____,____1772,6jZO7UEYkNmQbAL39l0nV3AeNvwyV2vrPNpdaO1CvQNjR7YcIT5svImgB7n
80,80,commit,,,

81,81,insert,one_____,____1773,VreXBbWKubMbghKlCdzgqs0YctCA0ELQUpGzV1T
81,81,insert,four____,____1774,Wj2OdMSGoqNxUKh91xcjHu5qliofKkAOxPfO
81,81,insert,one_____,____1775,16HORyDFnHTGpIDWFDJV3cWSO1eg3jEAQBHvRRvx0QSrsvDjrBokDofVYfRkLuOc
81,81,insert,three___,____1776,B9pDBWnHlSlCq8QXu0rZXDUQNy01c0m1mCC
81,81,insert,zero____,____1777,M8zANERkvyZKE3m4LJjYwO69RbkfNlPSqys
81,81,insert,three___,____1778,rGPGLMny7DhpcKHsvlimCQO0J0rFuLe5gWF4bU
81,81,insert,two_____,____1779,yET0h9SOanHyAsMyOp3iD0FrzsrkQfUoZS
81,81,insert,zero____,____1780,NboL4WXhmhs0nqGJyCK9GBd5NiiBZde1jHhHW6uydkVxf0uuPT9DpZxSliTn
81,81,insert,zero____,____1781,ZSu5NMcv4GjiSVWmNpjZrLwiDqb1vix7h8zs2
81,81,insert,three___,____1782,vzOMhZ0tpAIhWigHgArunWHQ7naRPn7rVbI6D4zyRLDHpFxtXb
81,81,insert,four____,____1783,k1gZx6lRPjAtn1Nz3lXb2ShaPQf0HuVROrioGyBfd5HR
81,81,commit,,,

82,82,insert,three___,____1784,hD4ol7J4LFIFxgvl2B1ZArgpGWGhGUf7V8rYToNY3pY
82,82,insert,one_____,____1785,jv5Ul47jzc08vcc0DYK4rEhbJeIqdUC073YZwIK0BjrP1Ix9EIIDUCz
82,82,insert,zero____,____1786,eNsKIOzS86rDgrCclX8dphCtk0sgVTGG0rwwf8e2Fl5qlMpH3Y
82,82,insert,two_____,____1787,U8hiipKOzbT6JjKjUYyOONw9kyjK0IjzXDWhaZuKwaVQwDsOx
82,82,insert,three___,____1788,2O7dOSxGuzbTtHH2dDMbysgFR5K0ikrCoBrFlyFpzx
82,82,insert,four____,____1789,q44wa5qVHTlJnCwg5Eu7MEKEPIYofcnN9gWtV0UdleFpWeIMhPA342kdgCqg4i
82,82,insert,zero____,____1790,9w5PDdCkbtxF51x6DXAJrjnkC2QEmztvbT3ysDQX8vQYHj7HJisRgRtuNX7f
82,82,insert,four____,____1791,cgznmV1mdtAOoDUhlVChBOaM7eh9keWR4wI
82,82,insert,one_____,____1792,qMBmhfODtm4EUZOiu6AxbFlFom0MQ2Tnr4mJSrkhTDPXB1Ay0CdkpitMfwS6
82,82,commit,,,

83,83,insert,three___,____1793,VuSnmRiEm5O6K63S49t80c3xeI5wmp7pX8ss1XjwM
83,83,insert,three___,____1794,Cb1TsGjJ0ARm9kySF71G3KzXLKGJFmojQLc0TX4901wOzZ301
83,83,insert,zero____,____1795,MEhPwgt2v7Rr9R2YWW1SFM0bfBW8ROz5hGp8zOm
83,83,insert,four____,____1796,1fSYY2PG6OF07fPWRgWj14qxOZ09iRQkhX65xdQozFjxn0e01xVloGStZj9Vp
83,83,insert,one_____,____1797,qGJRjqPrnMINSmYCfeesHeDlsKK4SsLsSqII9H8C5RcxBmc
83,83,insert,two_____,____1798,qsPvTfIUd6wJDTFDHG7foRjw29V7pCxJVQbkQLD3a9FihFApKyj9UdA
83,83,insert,two_____,____1799,mzy4wadKNdaIPgXRiTl5zcqwjA8iDSN6VQvBIPah96bUKa
83,83,insert,zero____,____1800,AUBeBQ1SPYn6PmPSINlq71ueb21j6QpmFoL
83,83,insert,three___,____1801,khR4EtunKpAQXVciDwQduwjmhuA9sgEBFREsYzxLGSXhYx9tJXfNuprXZrcbpn5
83,83,insert,one_____,____1802,zd0T5WiH9M5sFmw95xzH9IjTXmdrH5UJg0etXvvJMy7BQ3GpPipy1fBPoyiuz
83,83,insert,zero____,____1803,m5WqTYvLsNL7UkaFJMPzSUBMyoiAmKm70zAE
83,83,commit,,,

84,84,insert,four____,____1804,QRB396U8uHeWWfKZfL9pUbpOMf3hUNN0bF60waqWaAA
84,84,insert,zero____,____1805,3MUfCpRQR5fIQ0eiJo12tdwPQ7usV0XDTIfXiGOUmoPhZxd
84,84,insert,three___,____1806,01tRG8QHmyDgAmoWYHAaLFY3ZQbqaS43n8xTQpF7
84,84,insert,three___,____1807,quDYaqsUoDaePoJ4PNrZKtvBYDEGdiAdlA1gZJRJvjEpkZ53IsZ4LtGFTqe3
84,84,insert,three___,____1808,fC83mdtIRiSfTjvAJuMc3jAF8LZqXLt11ealWuiN465n
84,84,insert,one_____,____1809,39zF6hTeNEhMYaPrAUIzIikaO9LKl7QDsUnLYQXCAPefXm
84,84,insert,zero____,____1810,WJGeHNpZacLd2COVODjEkRRuLUjbs4BB
84,84,insert,one_____,____1811,LVI2PMbxh0OlBj8ZY9DMO9Y4wXe7j5yLfbQBZ
84,84,commit,,,

85,85,insert,one_____,____1812,wvy10Fpzgi4YsoWurzWJmy1wvtpFN6PWpAmm6gfT3LdelS28yWmzPa4XxpGLVD0U
85,85,insert,zero____,____1813,rmcJ7GfsnmezQmOJ5i2vvRSMWCuPtxUAkXddT7UMmGNfMMBIw
85,85,insert,two_____,____1814,B10KVCwHty8luImPse9cV9m9ibb64bGyD1FFRmvdy6qEAQjZZD7jMean7jGaz
85,85,insert,four____,____1815,Ueq8oGLpnaXVbkuSPnYnn0hI192YE0GOJGTj7vJ3QSfXN5M9wOltNjj0SL
85,85,insert,two_____,____1816,FmOpE3lozYbuB8NYYgJag3nle4J5xLXhxB4KfBWunO6TMrV2pOfy4JCGj
85,85,insert,zero____,____1817,8uy6kuNwvlOUj5xCBPjShxeyHhEM8fP22A5ieSPDvQ6Jk3DFEB7Dz6DOxUj
85,85,insert,two_____,____1818,rlqGMneMKc323K4OE9x5F5HROT2gKnPHsIVYTT
85,85,insert,four____,____1819,TmBGTcnWAIhgumwJ0j3Qd2AOcFtHSk21nGmXhjJoImWoVE8
85,85,commit,,,

86,86,insert,one_____,____1820,IU2mCCTTYPpRoojtEsqaD7Nd0LDqnluUytUWyy9IOLERmhsOMPZdEvM
86,86,insert,four____,____1821,a4FD6kNEpYO0Czn3c1LdkiDgL9Kl2tYBHrftP23Myz7ZvT7IyHjI9
86,86,insert,four____,____1822,3IZVtaKCqlNQSj9oblbIATS30S40iB2GVyqqejVrjTQkAN
86,86,insert,two_____,____1823,PYOKXRrYsbLmVzpao7RFL1UdLnx1GSohiZKq6FdU
86,86,insert,three___,____1824,dUcBPa4piRvsfIskZl7S0Wpv803sucVpRUa7Ck2t5cYAaD3m3cEN1w8
86,86,insert,one_____,____1825,Tnqr9YBHV673qrAaIogT03YBHw0JZ3lAKwgXjRysA20C9A4
86,86,insert,zero____,____1826,6ildOsejSkmUXVKAUp3f0yAdmxi1bZPNMobS7w4sm4R
86,86,insert,four____,____1827,FOI7Hd8HbWGasCuxW3gvGevLjbN3FRuLb1j
86,86,commit,,,

87,87,insert,three___,____1828,XjWnrxtCf7OXJ6adeRscBqIeIINMNkLj4GUFKCyH2
87,87,insert,one_____,____1829,d5ZBlRQwAV2eXZ8C1wvcmnoZwjf8vOuTe4Zm3Ub1nfZJbC5
87,87,insert,three___,____1830,FVnaeleG9OGy9rrsaJTFPvxfKthprbHKxMtPVjKGG7VxeKf
87,87,insert,four____,____1831,cYKpLFIfvUqENJqe0xz2lfO78Y7vdPqEWIKzFiHzPCTpqAKS
87,87,insert,zero____,____1832,KRJ4uo15ZYnalzsRmk3LwcqeCMRQ7WgR78PSzisfCaZh0xNoBKPR
87,87,insert,one_____,____1833,eOdPr6u4Za5MsBiGKaLmyQx98e4bHIzMj
87,87,insert,three___,____1834,qlaeZbLwH5vfY9hAFq4OOICkBpx4Sn8fvNYCAPm3JKef0G2WwRyIWabxDU72zN
87,87,insert,four____,____1835,1mIA93RnwfRNqiJSKr2cajahR4HDbKMLqJNUJBMRaX0EE
87,87,insert,two_____,____1836,s2ZRUVLDN0ELFh2g91bJ05q2nxb9mAUSVsOkwYjjTgAFleTiIQj1XuCUYan
87,87,insert,two_____,____1837,8fg9OhI37qhSzZGCm3vD8ykUo1WXaPKSxNtXmCv8MEzj8zlKcevP78dcCx0Eo
87,87,insert,three___,____1838,al7zASJMmam2ayOsFPpDhPzKEsdthZDtEvPieCAU7WyQB
87,87,commit,,,

88,88,insert,four____,____1839,Oyspm3e6Qzv4haeYuijK2edjF39EKh7ebyyOyInL
88,88,insert,four____,____1840,HAnoRiggYd0AWrOXs0N7OH6bUiX8VmZBTnfIDy35YVdAjW8
88,88,insert,two_____,____1841,WjDOKOLuzxNa46ixlGOh7rFFJDFoXl6QOYyK2xDrXkqDXJ
88,88,insert,two_____,____1842,JZmmF3wngR59QKVMaj5GPJQdPmcYX4vjqZMbwg7GIw1XixtfdTe
88,88,insert,one_____,____1843,7gOVBJVkd5uSvL8qEkPIM0skccOvacwPz2cscpeeXRI9cSHrw0N2fMAUuQ7
88,88,insert,two_____,____1844,DfCNcW0CG99OWVIq5wth0L7zwufzyaJyBc2pVqLegMftg
88,88,insert,four____,____1845,aogl9Kpz3QW7NFnzp8rdc3X5jZBPTrsquY9IHWPYwEzZLyYrDJfSg8FX4Lq
88,88,insert,zero____,____1846,GjZJjUu1b5zZjHx3iByj183kjzIeV1RB43ydmz11M
88,88,insert,four____,____1847,dBhuK8FrdLPVbVg0gsQ7PJrobUaGeEQbEMX40zSjXwc
88,88,insert,four____,____1848,rPRpXuKqUifhqD3L87icEei1sBE2oIVv
88,88,insert,zero____,____1849,USqStB1bzNm7nWVPkt37nlU9Umouq9ErIT973E1T7MJDVA5l
88,88,insert,one_____,____1850,tYud1GEekB68y14AhlredZCaWMRxmOaRbu6vsC3K
88,88,commit,,,

89,89,insert,one_____,____1851,HFf1wplqABU5eR0nC0gCsKxm9nJyu5zjiqjlodSEG1zvJztQmq6MnQO
89,89,insert,one_____,____1852,JnjFXD2NFviWLlxUlvO84TqbwpXgvqrz
89,89,insert,two_____,____1853,QvrM449Reqxt2ubWEDAG5OsjzUisHsM5nzF3olPNiosQN
89,89,insert,four____,____1854,FksZyF2RqPZbpFK6pXl3AK1WgwmDFnC6
89,89,insert,two_____,____1855,NaZqEYU3FSYXDHN7vDDhpaV305BczffR
89,89,insert,zero____,____1856,pppTicL3D298ZNigJKjkVqLxjE5PjMS7B7h
89,89,insert,three___,____1857,TOlhPESvEHJNJoJFDidxAbTsnfOfbKofEkGHmOK8up5FxPUfPLrAeavNXOn6ZL
89,89,insert,zero____,____1858,l73CgD0Oa4GOc1a2UUuLjnInb9kb5iellUX0a8r2NEMjdKnSbXM0rHCN6SLMKR5
89,89,insert,four____,____1859,o0q0uUVl35M8X30MiPntoG45PbxYQFfAYHCTb89TWxUt
89,89,insert,two_____,____1860,z2sVxpIsyShIJSiScfLOMIw4G4MEI54YrlflYL
89,89,insert,two_____,____1861,gRWYlMywbWd1RWvAkakQvio6ZTI3zCDFC6k2XMVTGTeszMfVyY0ZXySivmLJuS
89,89,insert,one_____,____1862,5kqzitANGFVkeQIXdPKL5hpZCGLm56S8J5fPb5AZrfOxLhrKiI5UxZJjml
89,89,commit,,,

90,90,insert,two_____,____1863,JrYYpM3q0OpZgG6JsjGyU9ZErlPz4WGLXFACIjWhi0NqM7K1TnlJyeP8RVPR
90,90,insert,one_____,____1864,lquB1KIMT6aq5d6tIL9HW2MiHcDirD0J0FdQ1FmMBjBEf5dYfuRFT
90,90,insert,four____,____1865,XK2dIAltVif9UQweOO46ilXRqzb4fHBSQP0ly9hgzpureQ51ilbWjSW
90,90,insert,two_____,____1866,yscn5hVC33X5f8SMLqdZUt3NvznUwMBC
90,90,insert,one_____,____1867,EBgqew1ktzmGZvS6wUbxbBK4MX5UsCVqpq1sI2WvzBZ5J1b
90,90,insert,four____,____1868,Y95mDkF4AyXX7Pcmm73y6HhzVGtyWmKjphO95kQjjepdsaDg4alVN
90,90,insert,four____,____1869,dJWSWMZi5Iqd9joSl1y2ZD4p5WlA2QUsafml
90,90,insert,three___,____1870,Jk9M9ASK9k2VRXVpLl7k76lIbuSwb5wE8N6rHVF16oPnpatblv5h1PDtLuf8iu
90,90,insert,zero____,____1871,uxeJ8UeyWtwA9JOuM4ipb8OuRX8wFzlCoMNeCJKFlzPz9hjU
90,90,insert,one_____,____1872,FfieMMFpRkXn9RLFUq5cYPX4uhDFPFBBCcPHRbkfBiKAo9PkH
90,90,commit,,,

91,91,insert,two_____,____1873,7clqLPxkFjGe1BI7FF8UgrRyoz0qNjG1YI6wDVtmQKwENooNPU41qhjEqPF0qOjM
91,91,insert,one_____,____1874,0nV1nkIMwDmiSFcvKSy545MOEhfdiqCZV0YYiti
91,91,insert,zero____,____1875,ECleoul4Y5J5jO7aIrHhlk4mrCCXK5y2S4mo0rqmZdFOwSAtBy7E9Jzrr
91,91,insert,zero____,____1876,VMrPc1GcTvZUbmepbXiM075imMKRfxJm9T26mQ7txE9s5A6
91,91,insert,two_____,____1877,81R5B6E8v1qg3GGUEil36iBAI80YvcAuocSCNuy1a8q
91,91,insert,four____,____1878,hK8cA2dE3zIEyiIIoa6rvlgleWFDJ0gScbG63kWix7bgxng2IOx4cdQt1Zd
91,91,insert,one_____,____1879,bqpGX55wF5eTdmiA74n7d1qke5wZHBdD1QGPzMmLM4sU8aK5nMw
91,91,insert,three___,____1880,oNrT3nMsKKpIik6catRQHO8763AwhyjhWb2
91,91,insert,three___,____1881,ySNOUH4zz2bOvmJuVME63cMDQMe0uP02QVhtOaicj76hVNKRP7wmeK
91,91,insert,zero____,____1882,RevfhP4IAUZq7nnCCX968qGJxm8gx2wr1mQbWVS9
91,91,commit,,,

92,92,insert,one_____,____1883,QWmoqLq3QMOuxcbBcNdsgHZtx2qC7JPfdSJ1AnkHLRQVnph6uIgKgJBHBh6E
92,92,insert,four____,____1884,mHCII5w1qsa1Xjj7fHhLESLYCqyLA5lmnZjnvuNpIyU6bPPY1k1w8Hlxo
92,92,insert,two_____,____1885,pm8PCZPHSEHtUm2bMsfbgLtKVow5QK2LAnemJU8XZjQSdJJu7f8Ujaqt
92,92,insert,three___,____1886,FdOrZreqpNMoUKaa0RTgb4HPpSrKZf22Er5iKTpXOzcwMyOBb1Y1jwkVOH
92,92,insert,zero____,____1887,WMJZR2ds7XXxCXHhZ84Nw4XoOiA4mXzCEWF7jxfdepgW
92,92,insert,one_____,____1888,bD6lZcBSeN5YgZxspjg8zhYfQaYpBEVWp5SNHFsj
92,92,insert,zero____,____1889,JZD1SPGhXHWKOXvTqEvVXhyXiEwNwUPY5O4ZAQf4lZKLDtLYX
92,92,insert,two_____,____1890,lICHYxWgO9g0IONSaKwe9TI78pnwM9GAFCAcsqFs3QMP5lxXIL7sbFG
92,92,insert,three___,____1891,MNZLuCcpppW6KOzyun9IIL6AKSo65jDbRnB6REyyMLdM9v670
92,92,insert,two_____,____1892,Gxlwh9RW6CYNsOPqsN0uK2ewc2Zq91DBVOLaZnIhFWhDbR21W9S
92,92,insert,four____,____1893,8Nrz5ZCH7PpYgvSSev3Q5FRFclmYpptqlLQe
92,92,insert,one_____,____1894,e5eJpAYXpVvVXyjfEua9ynEJwRIuvUVgBAnqC50tPJePizIAmY05GaRO6dZ5Fa
92,92,commit,,,

93,93,insert,three___,____1895,RXjo4CrHyXbw5PptQ6LTLEx493ey6qwFj
93,93,insert,three___,____1896,vTDA0OYfLaSp9GOK1MBVGLxhGLXtHWKarNdvO1t9VDOfVDpwtchAH58toFl
93,93,insert,one_____,____1897,vcWg3iEdUmBL9ef0AsuWK1NvGdDiOI8g76tAOmsqv6WePMJyeqc
93,93,insert,zero____,____1898,wJzjXv2ikShDQQLD8t0LRVW2yBrmprRbdDfkkVuT
93,93,insert,zero____,____1899,C7yiuHei37UcYa88taAAoEoXy6KQ00FBf6BBYuUDAv9mV8DQeQXgVBNq8Sh8Yp
93,93,insert,two_____,____1900,FM3OJ2mVKSfiH6zE5tmicdjBGduK1p2g2rfkTuu
93,93,insert,four____,____1901,PNCLIXeahmiqmWoTzLpEUUqAf9W0mjr9Fwc0pGUV1
93,93,insert,zero____,____1902,0lgN8rk3pEu2uVvoznoVTIyLhtPOIWKrXhSzIeCxJvriGFl
93,93,insert,three___,____1903,Yh2emJbdkKCxSL7DLyuh3HdziiSpwAg95RAimJl492fUdJ7HkalXPTe2
93,93,commit,,,

94,94,insert,three___,____1904,OX5SKxGkAJMYIn986YkEKCspSWtxFwCCqrBMcCxxAVPMXJu63WO3OykT
94,94,insert,zero____,____1905,EmK4rc6NKNh3hiJF0EXogNA0w26tm00jFs61eKMCjADl7NHxC
94,94,insert,one_____,____1906,X7tot4CRtpau8s6yXY7T53VhvjdfC1XI7bRavF28I1jNMXfuSEXur8vPnf3
94,94,insert,one_____,____1907,L4C86qbXVsLemCa82YJmq38XKknrIe6lnhbXVmPdHuLEALIA1eWO5QWxoZ
94,94,insert,one_____,____1908,sILfht3yqt9z1omSoFgMqQfMd9UBpwnJiIQwb9ZUm9K
94,94,insert,four____,____1909,bDzxeXcezIzRVooxuA0FJ9PzmRGbUNfYfYNRTTBFIdfhzaVWq
94,94,insert,three___,____1910,tvzHskbQaNa2AbhY0t9W5138ddxJscPdrbiNtYS2PxM2QYq34nzUxCrVrq
94,94,insert,four____,____1911,H6YUxhLQJ3bPh3OSr3JGLGWjMsPIXQn7mQ8aKUQMTkNLAviJtTL93nEVdoiq
94,94,insert,three___,____1912,3hMEp4IO2vKd3FFrlnQgnVdROTJfrjYvXK0faN7999lDrZIusz
94,94,commit,,,

95,95,insert,one_____,____1913,S0UI0BXcSsXaIfHFZrQrWdY4aMJOx6lO28Z41fkM6Ts30ci5FAaDreywYc8Tuf
95,95,insert,two_____,____1914,MyjLiUPho3Ny8r2cqEAnpFBi3OdXTey6s2grTaHlS7WQf2cS
95,95,insert,three___,____1915,ToUv4Q2KdEaMVeUzcPZ8NyLwmyDxI1mfkxrT3K1YXdv07cPYczXpI4HZAJ
95,95,insert,four____,____1916,hvXl1lVjwfmIHbPETGY2479UJHsKlYRNYymkXUAZclRDL4w9ksBzXxm1ty7
95,95,insert,two_____,____1917,upRHe7xQJkgXafU4n8gZlwwLE38MQRUTwJpqPxb8EyfCruRt8i7bZfbLb
95,95,insert,zero____,____1918,XRylCcGy3pgdkLvLToFIp0s2EjwjwHlOfenNcw16VpfYLrKF4y7OC
95,95,insert,one_____,____1919,r7D4IGCxfhsMLefRsyuiVEpuqODhyRtg
95,95,insert,zero____,____1920,2HXhMZRnNPDyngsOwfO7f66eN8g30uiKPkheITZzi8
95,95,insert,three___,____1921,3Dj9Grv4mvrb4esMiB1PAbhGFXuWvg1Py
95,95,insert,one_____,____1922,uGblqqRaLuqm3mhPP6ARz0y9mZtNC61d02EPPHWLaSvABE
95,95,commit,,,

96,96,insert,two_____,____1923,i8EaGCXuaigCjCqa31pIphjujWeWwyih
96,96,insert,zero____,____1924,rv8slWXYM7BdSlMOamOia2HIm23MC6BJhOG3
96,96,insert,zero____,____1925,Xbeo6u9DQfzXb0varhY2uIUiqqG3nyPBIdRcbP5rF
96,96,insert,four____,____1926,eSlzLUhXb9CS2B1neGONIo2hceCHIGhpATPkFsuiecVLdibbkOXdtGj
96,96,insert,zero____,____1927,nNdoDRfoFkYwF9P6qC3XvoZyLwaECK7QERRznu3
96,96,insert,one_____,____1928,hTE8O2ZhfDKIRLARZBtnrsJewyojXhvxH23c4G8R36QhK
96,96,insert,one_____,____1929,bjQdotYk9vljVU8hNtDBT5QEECboa5Yo6eDE18pt2C3feq6PLPdJJ
96,96,insert,one_____,____1930,WyhlHZFE43Mfa1eul9MIFY729NRtqVms8d4vrHQ6YVXZL
96,96,insert,two_____,____1931,LNgCBp7GPwPI7zE0PBJi4avBXB86dK5kiHq9GY5keEeqbwicjhh58yIEd0j
96,96,insert,three___,____1932,ExauTD4RtuHeALiv6vGkxzyXER8jqEI5VkI4vZ0KKow3aYtwKYWQlCZvCig9Q
96,96,insert,one_____,____1933,W4zcUJKvVXBsmqhBgtwlOg4Xjcmu3kKMLkZrZh45sXH8m6GfDx9DeuIIEqoaNQE
96,96,commit,,,

97,97,insert,two_____,____1934,tWXXqNme6hWWz415zpj2V869dii0KhuJk2CY3ojMhd
97,97,insert,one_____,____1935,LuLkSngSu90BxsfUKrPKzjTY8CM31l9f18RvtrcXyIj72n4q
97,97,insert,four____,____1936,QNyqPbJi31ibMiNieTwdXndf5jAkyskPydPyV9FoaVlQJmf6SjjyfS1lYw
97,97,insert,one_____,____1937,V7H5enaCBVYxlSVvSdUuC6Gpd7C5Hx959
97,97,insert,one_____,____1938,tZHqhPHOYufg1i3Y2UgiBkC0V0MXEg0J9VHyRpooybjmEGEKb2zMpVs2
97,97,insert,three___,____1939,e1aX5VkOv8NlzMcM62KWA0xN2aboL6nWV1OOzlXZ2CxPleceiAKaSz5gRo1AM
97,97,insert,zero____,____1940,MTODVZ5khykuCOr2oYoMx8WxfX9kZQVuez
97,97,insert,zero____,____1941,VtE8nmAipRYxq9MSLHekpszDmJBcmfvSgTiN6PC1QhSm6qim7NTC6Z
97,97,insert,zero____,____1942,8PGaYUFy3CvN1hl60w6Zw4KxcahIfic1nz0JakQ8drSVQKNU4qtEAtARXyTZg
97,97,commit,,,

98,98,insert,one_____,____1943,qaFA70VLdj6UKywSaM9KELvStUtXZX1b1oq
98,98,insert,three___,____1944,tLWDFOUzito3dWFwECSzGM3aSzxZzzyyOne
98,98,insert,three___,____1945,NhWMyW7EK3rGXPfAmvwWewt3TQLnetOEx5FCUGuMJUg
98,98,insert,two_____,____1946,TkW5QLQ8tUTtNnnXCnSNMGtnYIioS30F9U
98,98,insert,one_____,____1947,prmMNCyvA7Vy8T03dlFEPO3DLlcvwjqUFzKUJR3TiiEESQ0VZ3QAz
98,98,insert,four____,____1948,L6kDfAFhmphGeGWFVZRWaOsWm9rK8u1rNMTzzVQmXDdSCLynHxibdE8
98,98,insert,one_____,____1949,ISL0w8VqyvSp9YDQVJzHul45NdZ8XBxBXL2GQeU5jR
98,98,insert,one_____,____1950,YwULjaGTyDHAPTPiajt32ru1aZg7Tks3fPrhADM2B
98,98,commit,,,

99,99,insert,zero____,____1951,iOZQuEYPaoLR1WJoGV0wQHKRpLFmkMSaG0Z9HGb4skWWYLCxlxXg912Dx04AW3e
99,99,insert,four____,____1952,TQcjroBv3DjkVYu8cHBQdaTuv0rxwCB0X5pby1BRqCkAWrcn4
99,99,insert,three___,____1953,wApJFjHLTGNeJjPYNkJrDmqDQo96B9jSXF
99,99,insert,zero____,____1954,S0KRTdBebHYzycDGJ30mOUuNexe55EE5lCsun
99,99,insert,two_____,____1955,vIvUO9993C8CKyQU2V7gu4jhgwOemEPV7euwNVyFVgXdeI0doJh7nUwASG907vgZ
99,99,insert,four____,____1956,i0fSQF1rGtzSXjmXiwuxStfSBFqiImMGFukbtzzidiJPkhzLmYt13es8Gm
99,99,insert,two_____,____1957,82urF9AMVe8VFKHSSIPdyxzMxdA0QwMcPozhmKjCKLsMbLZhmPctxIaZDuna00
99,99,insert,three___,____1958,RyBor1GCn17jjgI1yEC2XPaKf0Y0TuiPt3flfe3BlXxAVdIrSmo56tdIoNTHEl
99,99,insert,three___,____1959,KijAa11y3iJj3anOHHfOJhYGrofelSZ6
99,99,insert,zero____,____1960,yjQlDj7ctfoxVjtbZFTZ6VhOF3HadnqkV4KrzGO1aco7Y8EU45fB
99,99,insert,four____,____1961,OLalxjjw8C8YKbjhmRIANjiKL3sKfsWau9RHS9C4Z
99,99,insert,two_____,____1962,PVTaQhmTcGKnjrWylAEK8nnKehf8DGfnUCych
99,99,commit,,,

100,100,insert,one_____,____1963,zOqZAEkrc77efCcEihNnp2DhyNc9pKEDSCEveePpY9ifB5C
100,100,insert,one_____,____1964,pwSRCQb2AdrQNyIJXwYg11VtVBASffehEMggTugKyTpm63DXbIEw4PcqHE5xd
100,100,insert,three___,____1965,kTTdpYxpCYLi0xMcl59wZzR9TO59ck1YHaBlWZN25IHP
100,100,insert,four____,____1966,8dKHrTWTt79iruokMCTF4roGTYiTG3rBRRGT9f2dqY
100,100,insert,one_____,____1967,w2fGMRKz6XCsGjlpCKvfTWKm2FKg4lzV89vuLYW
100,100,insert,two_____,____1968,YDAmGvygUFsaHLvRhrRS1GzUuDppo1cUj8IEVbIbqERr
100,100,insert,two_____,____1969,NPAVCLtm1MpMw5Ne1riUFXiRgMGZTaI7vJIZQjw
100,100,insert,three___,____1970,pa11lsC52vD5CrRJTwoAPGgofnTYyFAotQhInJE7A0av6TzA
100,100,insert,one_____,____1971,t2GC6m0EBB94R9xC4tebGiGiUJgYgg5ECxPdIFIlwuJbCVi58L3ZMtE
100,100,insert,three___,____1972,SASXgTkdDBdfkAbweIlBMkCBF3rPEPSyddTMdxa65jdAchvwMTRtS8Vhq
100,100,insert,three___,____1973,OYP7uiTZX3p5G6zXggKetsStWtuwDajqHFm1UACv2JaXXBQRRW9GrqvLpx
100,100,commit,,,

101,101,insert,three___,____1974,Tj3tFMkKrjrUeQFHl8JOEWYPj23TFCiWbkrR8hqLJ
101,101,insert,three___,____1975,TQVEIrIBhJ7zBq6fdSHinxXSMA4Oi9Op002rQ
101,101,insert,one_____,____1976,r2RCCXVEXZ3oM6wbRryshdLs0FGcxUiO5jlVLl79HgERF2LhwvxAwcupRY
101,101,insert,one_____,____1977,HJ9dnm3ND6KcKZq896F2KLhwvdr2hyBy3TLAy
101,101,insert,zero____,____1978,5SeIQtMvfWpYLfPJgCvIQ6ib4H1cjx1aHP5CKaMErtq6ygatq9D
101,101,insert,three___,____1979,eqNm7gGA0RYuALbrX0kunSDgyz7Ad9PPVFB1ebQaxtoV1xdCqs8Ky7UY
101,101,insert,one_____,____1980,EYqvzTxi8qu3ruLUbmq20fwmX322nhlvURU22bcP56poFNqkyKU9
101,101,insert,two_____,____1981,oMxynqxbitN7XuVamxSbkXi14gAsiHWGaQ
101,101,insert,four____,____1982,v55fAxeBNtTEvZOyrs6QXb7q0dLVYAYU5FjOC5YjsFgWK65
101,101,insert,zero____,____1983,dfhfDfaav9K5UZV4uxZywecE91IB20BetwntaSQ6uAS6A3hldGD
101,101,insert,three___,____1984,gghU0wXVpzRNYXQH6fqSa9mWdEL05xGb9baR7kMZ8wkW
101,101,commit,,,

102,102,insert,three___,____1985,l8sGDohvGUhAclEVl9fWS9ZHCtQZ1vhecR8Jzh46jWq6OPm5RvrDMM8xapn
102,102,insert,two_____,____1986,peLggmuuLOVbDlsW8OBuUaS72Fr5V0PkPq8vtdLTUp
102,102,insert,zero____,____1987,QnSL0J0IssD8hCENinnXOmvOqiSOfhp4hTQqvDDSw1ijTR15f21H
102,102,insert,one_____,____1988,awJZTTIRjLIp8vKZH1oXEwC1PahdkyR9ibheKnM6bn8tFWy898z773mrA3OP
102,102,insert,zero____,____1989,D2IkZQ4EgyjMd0C3mNIcPk5eDrWqZV2EgmdQTrauy0Ll9ES9tVyUxRr5Y2oneL
102,102,insert,zero____,____1990,MDplXdplYfwqTR3GLlhdlhAhXxFPKd5MDg2IpuFs7eO2
102,102,insert,zero____,____1991,hhlOTspg3i519A0g25QYqTE0dWWalaYhsXp5Ek9AOnZTg9pFDfWflgAmWsXU
102,102,insert,four____,____1992,BoAhHsLj5KkRpZqpNeFoNxZw8FrzkHgn3RCif2jjsweBN
102,102,insert,four____,____1993,5AI0dSqsEbI1KXJZr31GYeRQpQn2y7DqPHVyzfXizlo
102,102,commit,,,

103,103,insert,zero____,____1994,ELusWGIoldzU3X6PtOTmsYOxnL4yeMo7eA08v09
103,103,insert,three___,____1995,6zApivdDmp8rcUvZNJmH8PmXUSdxTGRY3Gyb4ULdVilAugPUQ5GqIArzE8vf
103,103,insert,four____,____1996,te00iqUyHt0YDDOFd7cYCidebsglXZVuoWS877Q1JrMllg0
103,103,insert,one_____,____1997,Q423CjUQFFgMOGczMLzMsdRUHZrEnydPhpyZXyLTj1
103,103,insert,two_____,____1998,4THgYo3BNzXMKWanpSaDpCLAmLKEINgeQOK4c8T7sONVW3f2KqRH
103,103,insert,zero____,____1999,XnViI3HGiW8tWMCqFcNPv7PDR1BNVfJk68iZdo5Sz4QThh
103,103,insert,three___,____2000,xnqMOWfH7GGowGRzMW6CnSgAHgPCbsmyZJ2GvvgzAO6u2EBr7xn
103,103,insert,one_____,____2001,PuzFBIgEwrtuipykcC2qnKyJwgPNmGw2s25AjjIJpFQKjNh41XEuk
103,103,insert,zero____,____2002,pu4yT26sOp1j6evCejfWEIHpzYzjckKP5S
103,103,insert,zero____,____2003,fIO6JXPyrfnF9QkJcg6yL7VTh6Kk9SegqGbW6SZIwNlYeSk2r
103,103,insert,zero____,____2004,HiHxaZX71DksnBLhrt5XPlth3oAMZI65RKAmCSZvrYXn2uIjYCsKNqiex5i
103,103,commit,,,

104,104,insert,one_____,____2005,9Thk2UjG4wa3YpWjSGGFPDuoMNbR2zm8gNsaWB7IuQSNnH481LJboSGM8MaV25K
104,104,insert,zero____,____2006,qFRIosrTMxR96fHyrcjvmEZwVrmRvabax
104,104,insert,two_____,____2007,TVp6B72Jpc2LE31YSP3MguxsfsyadHF9sPYIwJW8PItV8tqhYv9Xby9YhyR91g
104,104,insert,one_____,____2008,4DIwONmMq7VYrk7l4iI39PEVTJtr4U1jM9wSJT1Wju3lH2nUNToyQscAl
104,104,insert,four____,____2009,dPBWheWcKf0amEUJWzLJPgeynA3IaPWKr0vh2KuRxll
104,104,insert,two_____,____2010,gAghhn8ekWNNdozZANKYLuLCptqv3N9G0iywjL90CuUaVpONywq
104,104,insert,four____,____2011,eeTkRaZe4N0K6w4fBH11kZRWjVWLGiqvyj
104,104,insert,four____,____2012,FVamTYUrcxvhrgn9Vr9CMwH8fBObXSqwgnQ7SSOTJcS7aFjqoyRpR
104,104,insert,zero____,____2013,WYzBRZ83yzuTihc17rRCY0gH351ZUdJbJCYoZO
104,104,insert,one_____,____2014,5xQ5eBRoyadg1DRCX52hnyHfgerF0NbDCdRyvubSwggWio5vUIxaiJWaGen
104,104,commit,,,

105,105,insert,three___,____2015,pPjmlf5PYENk1FmeRQLJddqaCx7EOIZSRj9Dmv2HwK4FoTMjqOfBmHslv
105,105,insert,zero____,____2016,LuaKJ6aMI1nGsuliRBRBhbMSt9iS2eZY
105,105,insert,three___,____2017,YzbN1R8FzeBajAWzv852uugHpxhNXUSEw1NcMo
105,105,insert,two_____,____2018,U4Gt5uoUHwYIBce5dKTKBEqAjykwLC60XqZSF9jyM2ZCHqll2OSMrKAJvr3D7
105,105,insert,zero____,____2019,qbbnGMCJzZ3JThUascwnPrRka4c0SsdZxgcVGlOozPrmi5DTX2sC6
105,105,insert,three___,____2020,vx8G24HxFQu4nO9XX76aCcaNVRwsfFHcIZ0BtTflHF6hUh5UX14EJ3WUTv3snr
105,105,insert,two_____,____2021,3kfkI09235GpNrXdudubNPKoJ0KYerq0vaPIwpe1OoF
105,105,insert,one_____,____2022,UTPuj52ioM5BHtg5SrW3jmPiPuDUt5Jkh7X5hNsC5Gl5RJVqR
105,105,insert,four____,____2023,ZiQ39MqE9yL6w5wXGf63z6BI2NheE9DlKkrBAoYJpJGVpeUZF3V03RZXIld7f
105,105,insert,zero____,____2024,R9MuFsSlqbg9crwM1mnJkh6Sxvl3ScHhYLMm7Evq3gs9Xit4DqSAUpLp
105,105,insert,three___,____2025,bpOFs1xScLvSpE7tdvlI87xprihgl8Xvg3hrhyx5n4m95HL2j3N4iG
105,105,commit,,,

106,106,insert,two_____,____2026,sBWHbU1kLGPJl9h3U09gTCwKTBVN8KWU9o
106,106,insert,two_____,____2027,9niwFd5Kea7mJhR1rgzQlsMK8d3gzfffaP9f8ZOQM
106,106,insert,two_____,____2028,LuWq4Qj2XTQzK9E1brGqO82UUV8aqjGcMO1nlmB98499AlfDsG4aeuylQrVg
106,106,insert,two_____,____2029,7cLEu6xHDWbKIMSbdwX5Z6FiaVETr5tzl0k61GoHcwWHiuGkhFGiZVJmToLe4c
106,106,insert,three___,____2030,UrB6i4OCl0CF20ZxwnZtn4pLt1oRsO0PghuJGIqECC4yxRiOeJJUjgKiIXP
106,106,insert,one_____,____2031,VefU5JJ0fue7q55EBzSQToyytDXLUWtYIczACww4ZC0Y
106,106,insert,four____,____2032,2dUSP9cLQjJWx56I9v6VzGTlc6mj2XUbKTEn1
106,106,insert,zero____,____2033,gMSbNy4Iepng44wqBrZvXuyScBa1nCTMR
106,106,insert,four____,____2034,NQhzAg4KJfcmQCXIjftIVUmHu1NZaujHVmkxPfQ8rHN
106,106,commit,,,

107,107,insert,zero____,____2035,0sUdDKWSux3vlGIJsneD93NPFYatBwqALtJy1NZ
107,107,insert,two_____,____2036,xIQ1BakQxSK4AHQUBlSMeKQG0IGpmSk8AErq50igUB3Pxv26LRMRN4E5ZPLy2
107,107,insert,four____,____2037,ktzHJsvOn8qnPAjP7QOpptK72bQJmntbBvwh86JBJBg6W6yPO0g
107,107,insert,three___,____2038,pfTn8aQ5V85ySbkDul0uGPIJtVA5pl58ZSuEDcMzjV5AQxIZB3hGh5W7Az2Zn
107,107,insert,one_____,____2039,UMVKEWaydPhhTqOD76iSpZ7O89gYV2S9YxOPdRv8IVYQDQRx0UlXA83
107,107,insert,three___,____2040,PoFwIff9bQIiC0cm7LzPP5brazddLQW7UwVE1c2bJoJMSBK3sbkSuKq8uQpQP9Yo
107,107,insert,zero____,____2041,NAnQOfgKA66N2FkAOkh17UNk5IoU0EMfPi7QkAqdKHGrMBHC5nS1HYLf
107,107,insert,one_____,____2042,LbTV3SJEu2dtYypygqvF5VgOVthz9cYk85CmdBbpLn5pf04t1pZpI
107,107,insert,three___,____2043,aF4Cm0FTJZz59fMGag9uJFtkKotLsAO5OcE3F6FYQWoS7Qs
107,107,insert,three___,____2044,mglzyQ6KAA3KYxGuO4RfyxfmX9uzdA8m
107,107,insert,two_____,____2045,xxaMWK0c40WgFNs81hqgj9f6rlbV3dySbiX3cLE6QLy8sqKK9gca
107,107,insert,two_____,____2046,AjaJEAX2r7IPmyVQihonLqPJnxZ1qkBMCQEp2wNx9RrttTCb
107,107,commit,,,

108,108,insert,zero____,____2047,Ic9MrPXEQy7dkTEm9ZXNdT0tsWliMFC5E2ZKjPSV5
108,108,insert,four____,____2048,2nCo7Sa1y3WLhgIY13ponSobbH0O0pO6913BiiO0FThM8P7uJKdTeZ
108,108,insert,two_____,____2049,L3boxy1sPH1AWzQsCwIkT78YF55K1J5uNJplB4pKQmZzFIBFKjrBbmGhIrS
108,108,insert,one_____,____2050,GrFOpf1q1NmQR6gTw9gaTsWYB7WMQnOSZYZHHHELbR2yzB
108,108,insert,one_____,____2051,mloZjMy5nPJfhVMPG2FFR7dUf7yYB8DqY
108,108,insert,three___,____2052,Oye9QAEHo0bmNp7ZCWzSwJ3MijBKJpOa25CCs0NdsK8JPBhtGUQSKFQnJSxSz8h
108,108,insert,three___,____2053,HDzcAz4tx6IafWBTZlveKIZy9H5zSL75SVBTaCTYUxcnY
108,108,insert,zero____,____2054,4fiSSbMy2taBAakwliE1QHIaWChO0OSvuwr1OqmN1qkHHejmirfjhqT
108,108,insert,zero____,____2055,diprfsgwpfhbWi7BYzOToES0otD4cMhmxHj5Ggp
108,108,commit,,,

109,109,insert,one_____,____2056,5Q2I6vAIuUf3SPzh7qXi4CUjfZ4pCrfLOtnVSiKCCt9GW8Lk9
109,109,insert,three___,____2057,TdRHs7QOuyQIaxC6O8ZSO3rao0emiduF9
109,109,insert,one_____,____2058,7cgaFeE2ADgZaIcptLTeuNzVBY1ihePutns5DQqu
109,109,insert,zero____,____2059,FtcgHLjBI4KrhCQBqLhoQC22Jtz7bhzxS3a6H8ydNxkKSRj6zNc7L
109,109,insert,one_____,____2060,ZcOzSD9x6YFwb3y2vL48eyfYPz4gw9qR0KgeEi
109,109,insert,two_____,____2061,gphU7fYmaKTY4gHIC0xn7uOMIl5sTCCZCKG1KDhBY
109,109,insert,one_____,____2062,loxeShnxkg5zSqlTu1RswDrXuTWFeqtJNfSNThtNzDdMu8faWFyOC8oL7sM
109,109,insert,zero____,____2063,vk8TYfLfNPlq6f6PFvQGkAInUcrjbe4bulgx8YWYwgvWmPd0Xai
109,109,insert,two_____,____2064,d6oGckqDRIKVMrNySADuQpAEUYhPRs4x
109,109,insert,three___,____2065,ja6GZfSZWlR9y2V5hO1gxoRmRV8Pf4ss
109,109,insert,zero____,____2066,3uQWKp3ZYeUAGzAfJQZM6uBUcSWbXUULwL4Y3Bfz
109,109,commit,,,

110,110,insert,one_____,____2067,nMUPEy7P1LQGhboQakxauP1985wYC6yITaPLCIhGLmOZf7Kq3Wbyh5C3hS
110,110,insert,zero____,____2068,6rkaiNODT69DJ62nX2qbC1RHlmp8eeoDA1P4ZgjezAbIxOzZ8aHW7w3hE
110,110,insert,one_____,____2069,QMBYyNV7aKHI3GirPt4T95aA9WiV4a2o3t9AS
110,110,insert,two_____,____2070,LItCvcfC2P1hX8Y46SsKAhNtYnIgaICvwrByc2GOHdq7tVN0boFqeWV
110,110,insert,one_____,____2071,omrAFsiPRPj2LELX8tjMX5kjD9z6aSZAixGoI5l45CmOXmnAkaWWOcYzKGztY
110,110,insert,four____,____2072,qYJKDtu7QckPpyS2cXfYpUiW4gZ75q5idT6g6IbXp
110,110,insert,one_____,____2073,EUpoXe98RBYuJxq04T3F7xNc9GN2py1tyVwBGD
110,110,insert,one_____,____2074,ChasEleokeqqXfIxnpwVp31qHJdblNoRS95Vg
110,110,commit,,,

111,111,insert,one_____,____2075,La0xIjDMNx4JBOP6hEwmtcmaaHv7eCLzdlJ9iA42aDxnoJKW3nMcHUTI5ZWIr2K
111,111,insert,zero____,____2076,LxCVA9EQM2w6vitjBG5jlu3Vq1UtG27GZhvpMG5uj6O
111,111,insert,three___,____2077,BtwfY6N3exaSeAQrGzl2MpQxZMdaO1fQnOsIyu0K18cuSn8JBBU
111,111,insert,one_____,____2078,ithitsYJVRwmwMbQFt03wEc9kmWRHFlJIa2WMuvUIPaePunn63S
111,111,insert,four____,____2079,vRxQbbtuaPGbfNbS0R40yAZZfIaNRyinuDBfZcWXvHP3
111,111,insert,three___,____2080,PCRb5vDvYBpI6gwaYa6O3sNh7jh0lGLERmZXKpY
111,111,insert,zero____,____2081,lPYmoqTlX4Z5no9y3w4WtaN4V8mR6K2Gn44GY5
111,111,insert,four____,____2082,pnNrOir7rStfF5mIaC9mV0qcMmwKaYNE
111,111,commit,,,

112,112,insert,two_____,____2083,n24LaTbq8JgpQZDenXDBdrE0URj6h7DFW3LkWwwX6cRBlM
112,112,insert,zero____,____2084,F67AE374pavQkW88QiEbm61tjZguoKxSsOzlxj7TS3HSKbApSz0ZtwGArU7Ts
112,112,insert,zero____,____2085,dxqtgxe2H7v4b5IRCENqzlnWLN3J1D1QtdE9kF
112,112,insert,one_____,____2086,59G2BLCkLmIOhP0oxpQ6UkRonoSQbNzBMR0X5q
112,112,insert,four____,____2087,U4Vx4U1SJt7SyVVqfEuXoYu7BxWAKBfPXVfjwFi9oVwH3YF
112,112,insert,four____,____2088,00MMPMSHNNIU02TppCWkYvnx0RLWvjTfattsUWhKKhwV6SeB
112,112,insert,three___,____2089,usUZUof3rF5sagbq0in3H3TcTIU2x0n3eOi7THudYf6CfjXj8yR00a4B
112,112,insert,four____,____2090,bK8yxFYJoqzEMYebkokz9xgf3F9LYi8rsrizT6HE4h
112,112,insert,three___,____2091,UcmPJnAA6tiNBJtPEFNh2KrtV1fuujUjzgNyM1ZgjnNTWHdq2c4qVYyuVoF2
112,112,insert,four____,____2092,jaih4zXRTo9mQUd9Hhlp7aWOifMqZWxsN1OzSWd53
112,112,commit,,,

113,113,insert,four____,____2093,dW7FDlIcZZ0NlZYvIuNBBOIz1Vgxu3xrFT5uTZHSWn
113,113,insert,four____,____2094,oQKwqZUexWOFcBZEFenbvgdpIRhRKy4fxR7lvUyy9VveLkSw
113,113,insert,one_____,____2095,9ISvIzQszJUIQdKf9hmYpWSkaGz7GEzCH5RCuXdQT4I3b1VPlIUeQOO6lhK
113,113,insert,four____,____2096,TXHORKDfBiqxkmY4aBDNu2y1A7SnS72F4AAVwk8iRvYFBScifww1FbpmS7fLznHZ
113,113,insert,two_____,____2097,NeJHg0m47ElD1oS2J0Uplv0k49x9Nq2QzUYANpDi8OymbhXr3a5n0qV4bHvNjAo
113,113,insert,two_____,____2098,c0XauvxUCXEj0QNHWWBeFczNkzqQ1iCI7SM
113,113,insert,one_____,____2099,GmWhMy3ra3IBz0riQBMlMcwAPqR36SQZ43KDgJolx5Tx9sK0S4s1wz0ZVD
113,113,insert,four____,____2100,dDdbtDc38Sm6XZmS8x1wGQWQPpAXpGGrej
113,113,insert,three___,____2101,hWfnV8cMMKtjQ7nMSCq8QPQ6qXPCSm3SwmMz2ps5kH046Q8XbK30Af
113,113,insert,one_____,____2102,jbaXNCjGDBU1b2MQr4eqY52hYTOoHvlzLkESWZeKqQ8ZsG
113,113,insert,four____,____2103,bhdey9y04aQYG5QOZv32dap5I3c3nOIAod7SYu1oT05lWvtb
113,113,commit,,,

114,114,insert,one_____,____2104,yjHc6HfaUkRQ6pgZzzKGoIsdWKRjVHW66n9vdWh5KB
114,114,insert,zero____,____2105,3gPMHv0lhRls3rXvvr9FbFX4y6FvYo0w5gU2Zj2B9DttScBFKkjqCxHw6N
114,114,insert,one_____,____2106,DYFjhZJHzxNpbMa0tagAV1h00FqOO0rUjq8f5779IVJ
114,114,insert,three___,____2107,5SxIUVPDV2Lxqs8UIsMCdh1n0gyWreFFfT9bg0BvUPOGXdHFp7KKYCBlaqy
114,114,insert,four____,____2108,wIEF8ZGmV8GDlTPdxbXN6AoyRUnFYopcMHQwkBteyxgyagVihA9vQZGITU0
114,114,insert,zero____,____2109,ShLTRpE6KB10nDuBPPX6s0SE6nXhubos2IxwmztiJmEfmdj4U7
114,114,insert,three___,____2110,dfWwuOmzoxYrpE0R73HQ9zQWE1FAhd3M6jjSQ9QaO1lIDtIMKVJ96cRr6H
114,114,insert,four____,____2111,5v8PEpV5lJ7g1no7XeFqFDsxEbyZgpwNqupxxd37whSE8ANmYtRS0t2Mhej
114,114,insert,two_____,____2112,wYS3VYXHNMBldIqV3Hjth9alQ0f5kfr9gbXCWa8hje9pyYwYmbQT
114,114,insert,zero____,____2113,teQ4IDbDuK4JalWIwIC0Zy4srNKvLee48UB
114,114,insert,two_____,____2114,SZ4HvPjACyX19wc5TvQmQ120zKw7WHpZ4lrKulZ4IgF1pr1R4xYDQ7DdCocMW
114,114,insert,two_____,____2115,Pkry89qxcHXgDaPxF29eoKr2Pzak62fbAfGJ
114,114,commit,,,

115,115,insert,three___,____2116,aHRwmreyuGrYzjxnVOROreWkvcYEdcBaw4M
115,115,insert,zero____,____2117,Z5Jo4dEFGyeCpnpLCJgAHZBNphajQrijtWyA38pAzNvkfnwL2Fvx7jVDSKy
115,115,insert,three___,____2118,mnW8kiP8ms72Y5j1jvghikqyYff4wr13xykm5QOhT9PLESYdg2
115,115,insert,four____,____2119,I3mJAwJZ0rbKfMuCCsqn5Xdj54x8FV99Lqg
115,115,insert,three___,____2120,NNfJSgH1o67sfu0UJPQ3abfd3oFBXpswFSiUaIb5Ajet
115,115,insert,one_____,____2121,6dIzZ0wOih4rafXlaKIgJnAh118gNh51JnmucJpwx7g
115,115,insert,one_____,____2122,j8ujzyYhjaIrJKxGXaLVwzB8Ov0QIcLU3JO5RkX
115,115,insert,two_____,____2123,7y5PROjJrvCzTwHTXEe2otm54BaqUcUn3i3r8WiLMsAd5ssXC1
115,115,insert,three___,____2124,uMzRbS2KQwOd0kW0oNFmIIgKIQYzq9qr1qaZ2VwQudjqe1dnmo
115,115,commit,,,

116,116,insert,one_____,____2125,HsgYDf7mBf28GzTM8rXoXpHYac8GxDD6IQE
116,116,insert,two_____,____2126,zIVJdLF6zscQ0zprOav5nTAfybpjcJmm6JZfJCKw6Kqi6ZAceBojD9MG
116,116,insert,three___,____2127,g0GCOQvVXSNVfdaECPdiEQ4LwLczsuKQzrlsEJq7UGBN5NOzF9AtN2cZwq
116,116,insert,one_____,____2128,FRhxcN5j6LKCJiS3TGNwCF0f8OGSSPubFi2pMsSQWTZUzEe3fQmMyfalK0cM
116,116,insert,two_____,____2129,L6Pr6XXyIjnIMUACuEvxMoB18uBqmq9w6X1zSh5fQrlPPkbKk
116,116,insert,three___,____2130,G29N9KkLzA92hLfFPze6kZUfe23w4npl
116,116,insert,one_____,____2131,NV8rcKmaWKIrk39rO2SJqqjQFs4WJfEh3INsCs6UXG8yyKDyvAmLiXb33g
116,116,insert,four____,____2132,68mBLPyWzoDT7KcpVuG4UezomiD17ZqodsNg41o
116,116,insert,three___,____2133,Xx1UlADtFMO6o0GLKptpQuuvhKv0K4qP8JXJWF00CLEcRhU
116,116,insert,four____,____2134,LWByXi5xBaHHOAWwSNvD53CdQDwkVNLN
116,116,commit,,,

117,117,insert,four____,____2135,lmeRZ7RQlFIYPI60Uh47Zkw44rnelMUYNhXSeog5E7RzEbfeV4LXpefaUw
117,117,insert,three___,____2136,7NgWwRKGxb7FkQF3rMYPG3vz6UpZYkZaSr2Brq6u
117,117,insert,zero____,____2137,SjpGR7QNzc5xUgpZ6g4FoYEESYwmyjJYJ9p5yHY
117,117,insert,four____,____2138,4RYmkGWyGa4Ime2sbdRY7tS8nI9yXcAvixokxtK8i
117,117,insert,two_____,____2139,4JHL6Md81eyVHVCOraHNrW7hPRbM0XauI28z
117,117,insert,three___,____2140,4TdVBjhRZQte5XIqnrreqsbsWxZeEvyRjpKHpb0uzD62vKPULX
117,117,insert,zero____,____2141,1NOSOhNOoq1LWJSjLxyczAPrMPEpyfLWHMNrnoV
117,117,insert,zero____,____2142,hAKmFbJk30P3T4woXiWJJz2qR0pxC44NSkdBAMlF8QEqqXmDbQxXdOVdt2lZU
117,117,insert,one_____,____2143,20QvRSmkOtALkCJx0ggkIFeGWdWNNbA4ZiPVrzw52ZFeaO5j5vIOki1AnXUpk
117,117,commit,,,

118,118,insert,zero____,____2144,PmLw4Pj5io3pb08cAfhmTOkc9CeBWsUQrLTTmmcMcp0onTnEQaP
118,118,insert,one_____,____2145,OHebV3sbVIz4MvQVx3aAG5xtAiXgGiC8IuJVtjhYNeUtfwZhuYXqpZ9snNCXEX9
118,118,insert,zero____,____2146,2rSrmhhXDBsylSM09Cox2ucHasX5VFFuU7zj6rn3r5mhcB
118,118,insert,two_____,____2147,AYJNM39MFMs6l7YerE79mG59dMmSvzGZZ5BMbVpfbTdBM19aDH01E
118,118,insert,four____,____2148,4hIAkg8wu8J2CjA7hBzoEz1LqvKQHRzXD47pIgBLbuNvWcExjGJ4uhfy
118,118,insert,one_____,____2149,wlM6Ngs37aHhpixqnEdE8DwhWHwaWjlftgcuNmdGlWY6Zt
118,118,insert,zero____,____2150,vTSl9tAXFBgGBJOGM5LXWUFVWkeLZYjsf5gPe14zUfO0lmeG5
118,118,insert,zero____,____2151,K3405USleJ3EpU8C6VQ8SbnweM5wYiIEofxlyjS
118,118,insert,three___,____2152,Jt2L9KAKmc9uQ4dEJBh4IY1W6XaqEVoTk0ccAdK5zweaVTtAtM8iX
118,118,insert,four____,____2153,uqwVssyi8pyMHwhRyP5ih2bebgEpfYm8X
118,118,insert,one_____,____2154,CLSruvDT0BkXv0gJoS3UOnij4h5OayunZ5Qh5i
118,118,insert,one_____,____2155,p2LMItXkVtQlcS762z32FhJxwxSztxQ1kI1OttTqIdsfDgWz0W8B
118,118,commit,,,

119,119,insert,zero____,____2156,a3vt6L3SiSU4W0k1wDlwIxb0qw2Wa8rvPX8EA9sTcqZR9
119,119,insert,zero____,____2157,OmSzsxegeDUg5V7NfY6XsfHGKcQyjpggdbdM3rDMrpDb
119,119,insert,zero____,____2158,Qqtl8txzzPQHPnOCv5ZuQy08s3EvxL1YoJyQfam
119,119,insert,two_____,____2159,WOuWjE66gROl1QKjF9jo0BYr8kDDKrwbrRhorQ6eha9aLIF4YvaJS4PTH
119,119,insert,three___,____2160,6CmwGfLjeDqgvSaPZsSbrqy43Z6RBR0U0785kRfiSAFchaG1telbqCpS8O
119,119,insert,one_____,____2161,THBjYJLn5jWL0gDLvGOHmxPWQgVlDGEZxv0IZiH5ScRj25kK
119,119,insert,one_____,____2162,KsYDWMX4EE2MG0uVvRm8rfjeQ3PQ6AzhFN6TOIz1IsfGGobykqrpKIcJ7s
119,119,insert,three___,____2163,XGKrqezJloRQXTj4yam7mEGlxHJ7SAiWOcUYw9EeTg0iImRoxmWhZG72vBmnYl
119,119,insert,two_____,____2164,MftoVoc4t8fpr2LuM63DUdOf9PG4zBrt1vnd5zM6zbvrTLtQDX
119,119,insert,one_____,____2165,4T5Y2sBsE81OpMhs1UbJEap8TS24De4ikNvBOQIY2s
119,119,insert,zero____,____2166,jmKDOlnBAdSnBE3mLt6ibfimMo84xyXaFiwzAX
119,119,commit,,,

120,120,insert,four____,____2167,m8ewABC6NUU5VNGiWwCIOdfKU4z75NX8IKDzGjQyDfWTk5Q
120,120,insert,two_____,____2168,H9igfUad8dlrabC6zGSUAW5s31gJZgOHWS63D11hkGpLT9sNpAf7pyX5
120,120,insert,two_____,____2169,7LLptYTrSCv5pXOuDNC9zlBU4ZygVDQoiDaV8K5FnNX6Msc9JYhQ61OlDMyA
120,120,insert,one_____,____2170,LjobOhjJl2T2tGhben7MnBX4i2epwDwFlr1fvrFbNLnHdRBUEEB8ZLmOy
120,120,insert,two_____,____2171,vBFKj9qkK5qZsDFeC5qnTbGnnC7cqAASnz7fCmqLZCTivg
120,120,insert,two_____,____2172,lp9GkoCIsr5yCU1vuk7LMLu2JKZK8SVfYlyTDOocPqjsg7Qa3TXTBMoPH
120,120,insert,zero____,____2173,uvKHG5IvSkzPBA68fxh9SVjU1Aw1aKXfHgctKoPLHi8Hwm
120,120,insert,three___,____2174,jau8hDfadQ7RA2ofQ6dFap9ecaPK8lZ08ilcouIw8zwE
120,120,insert,four____,____2175,7pgTsaSIiPJLXueDhfe37Fz9lYwC40kFK4JkXxdYRoaBbK0G5zhq6pELUW
120,120,insert,three___,____2176,oyDqZZ4mJFbjUILu8LbrX7sxceZgTr1HIaDRn1d2mt2eCFfBjtkrunh
120,120,insert,four____,____2177,SLQ6Chlr37K2CEhWmEHncMqipvfKWQi2TNYpa8iC4xNnDPLasmknupBe
120,120,commit,,,

121,121,insert,three___,____2178,jxxBKZdNfZz3POI1Q4knvq6DZxjgFXiXIyfOC031vkdVnf0fqoFPuJq6D
121,121,insert,four____,____2179,KdUPkOBDrrEekMHtV1aWA1yKL1nybVtPOyduSoP7
121,121,insert,zero____,____2180,2VDOM49Rl3wilbON1gHWsWufuGg1Q7kCVf4YIxboBxaHEHmx6xMG
121,121,insert,three___,____2181,5DoyMpHY8mbcnwjVzbjQ078gPwqdnhO4mB3lGQKbiukB7tMz
121,121,insert,one_____,____2182,W5FfJjCsCoakTygaZYJkrOA55BDlNxUy1rzyJovn4prtRlb
121,121,insert,one_____,____2183,es7NgpuRWnbH9gtG2xIE3s4RMPOf6MOA3
121,121,insert,zero____,____2184,BEh1TDfJ0z1dHztZk1M0WDt7ZZzg6LkXySDV6PLzBPpr0FT5l
121,121,insert,two_____,____2185,rkDcUsWWEZUtVRq7pYSesyJqxCglTRA14ytLxFn3zbtilj4havC88L9m8Q7Fwd
121,121,insert,four____,____2186,KvlUii7pYW8XCaOrbYqlEUB1EM0FKwil5rR
121,121,insert,two_____,____2187,4qo6ewuLB3GeSwNZbJgBHZyFHNFIiwiBz7Lv
121,121,insert,one_____,____2188,4CULmvH3Oc4rC8K13lBORvclk6fd3tR2MLEwPYxgwaNRrW89UAOo0TETJIDm03Y
121,121,commit,,,

122,122,insert,zero____,____2189,eBRjV35cLscGeOnujuA5h5gRK6lp2aVwrxxZRRjqrMELdiPgFcbj6q82409pN
122,122,insert,zero____,____2190,GcOhcadh8m4s6luIXc3GJoRniaVWw0U6iRLNpeZLg1Ob602b0LE3ZL7
122,122,insert,two_____,____2191,9IwrUbRWLAm2JlzxhBIBDLSK4VGdCXJ89kyr5OTe
122,122,insert,zero____,____2192,q8XoKDFuMeZJ2YsdmhFks2L5Fos77ytlSNYK6Fj
122,122,insert,one_____,____2193,f24792fmhXKubonM1MyuWhgW949cAgBpgqLNv
122,122,insert,three___,____2194,Zpc9LnxwN8jwPClxfTjiD9RHM4lm6S5e8rOMVkt5NfOyW
122,122,insert,zero____,____2195,BQIPmT8bgYtaoOm5AgBEMb1ePLnthHTn7viCHa
122,122,insert,one_____,____2196,AF6Ozf5zkxtU13b5S0xa88C49GmjRbqSeW4T4m3mkiLXVNtf4Hl57ufNyc1Yi
122,122,insert,zero____,____2197,mbV01wndXB4SHHG0X0zRvokLHKB8BJE7ttpSqLIHoIrW3vHOFGdq93miYgxVEWNA
122,122,insert,zero____,____2198,foGccG1zMPmbMTGRcnCSTwhFsPbAxVArSAUtW0MrXlEhT7t3
122,122,insert,three___,____2199,lnqw9FYBMYSN4t6pS6f6z1Zudj1XIXSo0
122,122,commit,,,

123,123,insert,three___,____2200,1RpTZAPJFOWlAjh0dxAMy8luwcuYNsVfa1Xx
123,123,insert,zero____,____2201,w2lNy8sJ0sOyjFZ9y3aBSW1UPc4ypzrjbT13rFHIQF
123,123,insert,one_____,____2202,blCD5wMlw0tq3VWnzA9SPFprZWvE8Hy1jKti
123,123,insert,one_____,____2203,3N9luTHCXdWxsNUj55vHGsTgg55lAnD7
123,123,insert,two_____,____2204,Bk7HDhZ6B7jdRQwAGkKZ0idZS4k26xtLFmK2FZe4MVNwLtJNQcgpacCtFwS5tl
123,123,insert,zero____,____2205,JrDQYrmBm0eAbtW4R3SpBXMZ19nOF2YyIoci1B6SurFla
123,123,insert,three___,____2206,e23rPt4mKi457Yjj8m5f4F6mgwDPNizKNEbUYtHkC1LWO
123,123,insert,four____,____2207,XJ0S1pGjIQYosDZspEuz0pRgLDBsyRdDOUfEb8WPWpoZ1c
123,123,insert,two_____,____2208,nbLG9OJUsNXLGQ4fOTnXxO3lqWmWBbn7raZogomU2TtvXQURka50p8P
123,123,insert,zero____,____2209,131IR8GpvWVnyHKWI5tvCx4oFKWw3g7lhuv
123,123,insert,three___,____2210,8yTb6rJkno8OVBMWL1uQeZpDmlYSVn14bRURFBiJaU1WUMzXR9XofyRJqTCt2jV
123,123,insert,one_____,____2211,ydJYrPizKVgvDsLUe6fPPUdFuHtizAgWXM1rwiC0O
123,123,commit,,,

124,124,insert,zero____,____2212,unlsOdqzuA27akE263X5G8QKAZJ8XW6eZEdAnveicXe7BKHRF0
124,124,insert,one_____,____2213,1NV5KHld0YwA7IAWPvRp0YSCHKWY0gq9tQIZkQ
124,124,insert,two_____,____2214,dhDQpWq9TlvQm9vX6hLbR8i1Fy7K83cqRAL9IbSiMrTEl
124,124,insert,one_____,____2215,BMMsvDzDgF7S66JBUfwLH5sf9OimCxfbyJMMUf4nS20wFI6PpQ
124,124,insert,three___,____2216,cNunbrlEvpeu4ipgcSeN1TcINS7WJ2tWbUfl4q4xWYfiNhPLJbOuGN
124,124,insert,three___,____2217,fBMhZC4wdTBaKruohSAjxjAlLIPSo90AJK5d1ky
124,124,insert,four____,____2218,f3lfBPwTojx9W7dqMYxOH6OWMOqKfd3yAeQ
124,124,insert,zero____,____2219,LEu18FWnEhQwRxN11nnaGUOrtmtB2UZhh2dC
124,124,insert,four____,____2220,USbWYvQtIHvYvnKMWSooyumaELSGs1vlEWZxRV
124,124,commit,,,

125,125,insert,two_____,____2221,kRUtlrDPeFDngY5Rc7850r8XiJZ9pNxGimHnaLpsle8gtABUYbk5YNc
125,125,insert,one_____,____2222,i97lL38pLqRkMfxgH5fd5KDV6dfd1WDb9rL7GGKwhlHYORm1lBrWw
125,125,insert,three___,____2223,Q7k3YRNkGtrCnzTjHAsBt7CN6vz8Sf3MfAGc4gEoCKMeL
125,125,insert,zero____,____2224,zZWXne6tZ7iknfw7gb6xX2C0mxcbEdX94DJYmIqwCsNf8bRmTnNUtKvBW
125,125,insert,zero____,____2225,O5KeVGTGKm5v3woTkPo3519CvdnwQhnWYGoR1dk6VoW2
125,125,insert,one_____,____2226,KBh4j0rd0gmSCfiLDFRSlfZNCZ0QnSp5LhDnyMbBbZ
125,125,insert,three___,____2227,PnGiO7V6nQHDAgKtGikcl1zi02cMyPBURV79vvuZkEqIIdZvUAsy27QTw8lmQ
125,125,insert,three___,____2228,JoM8vkuh4foPjzSW9EZDLqKN645MrPbbml2yBCHHxTBK
125,125,insert,one_____,____2229,DMo3xVAbt6j5jaMxAHcHvWKRz5wD4RhmROZ5ul
125,125,commit,,,

126,126,insert,zero____,____2230,5SnRNWhMwg3lv2rUEyOVGj3FmBBvGZP5SUD6RFRhIrqtALha
126,126,insert,two_____,____2231,530TurT2jX84kHNOzwSpp3WcbRmV5nueYzHHN90IS1QspRPUkFR4mO8zkOkD
126,126,insert,four____,____2232,IuhnHHhjWvL5w8cYvlXqhyuFsrHxzk7UgE1EAi6xU2
126,126,insert,zero____,____2233,0PIK4nIBIphKHycI5EdrHo0KycEvnOtGvfNBRN9tW87d7n6hTypUiOBArW7uE1b
126,126,insert,four____,____2234,8SQly4oX6ItNGDGuK2qNgX6FM99gwjtec9Agw3rAZrS6AfBb4PRW
126,126,insert,zero____,____2235,yW6keujwkeIepfpQRNODNOspMT6hl3nRB2OyqPDUFhRZcPHtO
126,126,insert,zero____,____2236,srUfwjzBCCe14NHRccSUSMv2AxYjO1eN8NDneSSazWAk0pucW
126,126,insert,four____,____2237,ZwyAlZGaqUJ3Fn4nxU7XRkYv0M30Jh9I6PR9Lj0b
126,126,commit,,,

127,127,insert,zero____,____2238,Hbgsgg3ntO0CSG1upxCyMCFekmlvDUnWLzPshg0cvkHwXs1XFPWR
127,127,insert,four____,____2239,YHBIPVMXnrDJeXuN5ZxACdrzCiyOwnQsDK4PudwlD3GMxO5wrqlTURtB4HZWg1Js
127,127,insert,four____,____2240,j48joe6SBB5TtDKfu0XsbxkNRpePrKErXGTcsh
127,127,insert,two_____,____2241,XTwj2nLi4sCg0EVncUZisConUCkGfXWhZeXOh8FE
127,127,insert,two_____,____2242,6L3onH8Q42u4riCH0Yx01lYPYmMqjPh8PNCzFUJx9imre8sgkjJM4dCsutVI6
127,127,insert,zero____,____2243,PzrC9Gy5GU7xooVtP9Ki221EwK1XfELIym68xe68XFZzFVqA4aSn
127,127,insert,two_____,____2244,7U6ZLnCKJZ3Bf2gSv5My4EZAoB4uz6BoY
127,127,insert,one_____,____2245,am23o4UlX4LbeQjRdj7Ef3x1MVFch8wFdwZQ5TUarDxWKwEiyKQU
127,127,insert,two_____,____2246,IPunVvybECqF9pUZVXtPXllczC6PSRfOHdPOLzq4p
127,127,insert,one_____,____2247,GywCB53ughZdIFLQS4NI2v7M0RasJQZXOcV9BBdwHO82528hlFbQfGxglgYRFqW
127,127,commit,,,

128,128,insert,one_____,____2248,KVert8EsM0JVA9jsa4dt9Y5XZGMOhNNeEBX4yJHl8i7ihYXufpdVRmDoQDk9z6w
128,128,insert,one_____,____2249,0ns6Fffw8knBih2B21YrWkG84OguXfKUhTvBfZvxSsb
128,128,insert,zero____,____2250,CjwpAolk4MZeq0sprt1QvyzBKj6YwxcfyuFMWpiT
128,128,insert,zero____,____2251,EhmBXQe92eaeZmz2GuQi8OBJUw2yPNo3LrlatzCv
128,128,insert,one_____,____2252,o0N1lhOC64lTQUVAKxR59fKLiQOETIMvm59RSiKvCaf6hKS1UmN
128,128,insert,one_____,____2253,kvLyi4RuWGvmWeLmrgFDcrSq81mgkNkMABA4Op3yACt
128,128,insert,four____,____2254,GHG8uznnPVRpwlcBIzJxn2uR1pemhkvmgd4PLNlRb4XJnmukbKEkYKZ56
128,128,insert,three___,____2255,nkv7j1YdIlNPfCWu9GlrDtPICsNtATOgRv80UyLDT
128,128,insert,four____,____2256,VldRGhSbqQENk1wO4rRMzYX9lSkrgcI0z8ppx
128,128,insert,three___,____2257,rxRRYSj9iPEC8uiLzS44ZQ71DyC9cLNgH6uvIShnW
128,128,insert,four____,____2258,X3Wqq0ZzowvTKOPWqZU5XyFrVieVfYPlXYE6F7pveKT9AfbDdrvy5x5EQux
128,128,commit,,,

129,129,insert,four____,____2259,8Yz1TYoPNA9TnxFUx4HxbyN7hSxiqFNkh6aNSUBB7H4WdvUH52
129,129,insert,zero____,____2260,obFackKh0kkcyl0IrvQLbg5iVk90igbD4D91sANngHzIDdOz8I2dDpqyuRw
129,129,insert,two_____,____2261,1MGybTV3L1UUXBhnSh6nDJSXZQXKH06ambulFuHECowWNO
129,129,insert,one_____,____2262,X20WEdGn1YJKZme341Oj70fghrW1BP1d9CNPv6GcYybmubliWNMUODqI89VGZ
129,129,insert,two_____,____2263,zYsT5bxOAPNOiDRAdGU1dfzu8eVX7oj6KKTvKZKdyN3GrSul8LXxhwp
129,129,insert,one_____,____2264,hrzuWtGmUfhyX94woNJ01Dz4k4HtU4C7C6yAdP9uZMr12zSR7K16grvV
129,129,insert,four____,____2265,DVjmyWBt6OsN6ifIYc94ZhjXL6xq6DmAbL6GgxWGzNPQwFbwubui
129,129,insert,four____,____2266,kZXQL6zoHznSTIeFw8VPpBGKcUI5z3GdRqp3AW0eJ4U
129,129,commit,,,

130,130,insert,zero____,____2267,zQLT62qlnrCh7y9x7TXSjNLtXs3bv8hPmJj2Ljug
130,130,insert,one_____,____2268,xst2ob48DuBTE2keNuSnUaU9lG7dyfAL8rj4EJFGYjYQ9B8WGpmwF
130,130,insert,four____,____2269,9a7jtkL8VWB9sHg7ORiLCza0SMn2AoDKUxl44xXKcJoAaBb3zQqivDDAzy
130,130,insert,four____,____2270,aEZ8jHfrTAT78LELn81hX6v87t7XzT1XTpVxVBlduErPWFiZfwSoJHUGXHaGIg0
130,130,insert,zero____,____2271,GTbMX3FFWZxHnLdzXbijnByeEcFaHMZjrsOQybtKtUCCpiR
130,130,insert,three___,____2272,VMugmC8lV3q9xgYkquorhMaqSz6EU59g
130,130,insert,two_____,____2273,ZYQeHzTYZ4jycXiYZZmPyYCShHpnHkefSgMU9a
130,130,insert,four____,____2274,UQ4liaWnqX62hKwOE6sSBdUaybW8ImTfsZzmoPOfBh1Web
130,130,insert,four____,____2275,mcphDFxTeygczh1O9k5w8T80AWdUZnMtEcRgf16Wr8QXcWU
130,130,insert,one_____,____2276,FcBluyGerE9HhcJ8EgBHt0XdwHuQlU2QWhyFwgCPFLka4xQzXHFGkCN52qG95G
130,130,insert,two_____,____2277,K5MBYAzY9W22uUP0ANqv5W8GoIcaIORcvLOvu32cSQSeaeeSi46Q4MmrJpyO
130,130,commit,,,

131,131,insert,four____,____2278,ySoD06FkBsirUIFtkvLoVCo6jItUHFb30LbMvc
131,131,insert,one_____,____2279,qo1iTunLyk5BJI62WsJMqpkVZ34PS9ib7
131,131,insert,zero____,____2280,8mvfMVsxTsHeJA7g36WXC6RmgNEr32kPgx6QIj
131,131,insert,three___,____2281,bShVfzwkfdUIqrZx7ucxghGxOiobNLBRnsJAcZOvqDav
131,131,insert,one_____,____2282,YbgkWQBfP8Ck2zM1jQDfpeSzj0917gaKSJ
131,131,insert,one_____,____2283,WsKyiolwOnxeLAsxgn3xlYue6th1psjhW2dzb2
131,131,insert,zero____,____2284,b8QxLxz2YQzKzCo0JYK2HlSjRh1QdtkZ10RAOQ5uU
131,131,insert,two_____,____2285,267RwpDR00RIqg8bugZAjTCKz15HrYA9L2CN
131,131,insert,one_____,____2286,Js5nJlqxXEjMLXZBLNcC83H6PoD0y9ybTQNTZgBfinucxP0NPlhluhVVKBmPe
131,131,insert,three___,____2287,OLdH8Mm9BZd7oP1OBahq7v0c06mQNLx8JGyTJJMh8OsBYTm
131,131,insert,four____,____2288,Qu8oSAcBGGwtYeyTx95LtjmLzkLHp7dwK1NcqeFDQx5bz6LrTauBGTscraM
131,131,insert,four____,____2289,g00S9WPo3799xgWA5k4F16s2C067Lu1L1os5YWK7L
131,131,commit,,,

132,132,insert,two_____,____2290,BZmFvATD6ve6K1kR0PeGHOaWbx7kkQNBbnDQnU
132,132,insert,two_____,____2291,GLm4ACOsYR0KJhIwU3Err30IYoAfetukb5ri41ciHYMgmmyoyYpavkKyI
132,132,insert,zero____,____2292,QkejnUaHMeCsnogE6EuFVUdinjAfbm4vXeG6J7PRvfvD2
132,132,insert,two_____,____2293,Of7YxfYudQ3zAM4j1BEUfpw0jiijqcIjI48nIzruSBlawT5lqmz
132,132,insert,two_____,____2294,0pOYDscixvEIDfn6oULAE1ghlM7OJHco23uSJNM1RI9RKCYMsTyRt0l8r42iw1jD
132,132,insert,three___,____2295,L1IPCIkMounhYzkOHDXArAnDza5ekfFhj3VVOOoR5vHC1DcpqDDEnzZdAPcsJm
132,132,insert,three___,____2296,rfPSKRYgSsUokqUEdsqPvg9Rs6mmpyWQAr5Jnmp0OIeslP15RMI7hMQ
132,132,insert,one_____,____2297,tyczryZxc8WH2ypxiNPRU331DWp3jfWyR
132,132,insert,four____,____2298,JGbKftcM1cn04Wn9cTK7yIxzHxm0Xdd9oex1igBd5uaIMOaf
132,132,insert,two_____,____2299,HEn6vyjIaRxJJkDAacgSJh78tOXRugIKUr2RoxHG
132,132,commit,,,

133,133,insert,three___,____2300,DYRMwDrJONbS0QvppLcdKyw9TAwJLdns
133,133,insert,two_____,____2301,yzzCQ2Lh4ELSkl0EemlZAC64sUOc4NCcp7xRupeZQJdwKw1hXicU7RilxtjBJwWI
133,133,insert,one_____,____2302,IXBXDBCTYEuRKRFNYabtItoznDdtL96knW9mW5ocdIEC5QbuuCsCYRGHYQ
133,133,insert,one_____,____2303,Xmwc50WlG6mfGTqFelt0Yh0gLpb5iwaXBqR
133,133,insert,four____,____2304,ikny3qd8wxh16WQtb9pTyeckHLg3zAqaNVeyYtGrrgUp6
133,133,insert,one_____,____2305,vcLSujQMh8bJbBWWhyK1WeeqCMDVAk6ALhiSgnSJ0QArgIetSou0R
133,133,insert,one_____,____2306,XtHG2kFHObcRGoNrNpbtkKGFMSEY5NqJ
133,133,insert,three___,____2307,MDHSSFV3mPwMTiDtAkUFNiOXU0gHCzKynNnxsgFTjgDY1x7v4rT1UF
133,133,insert,four____,____2308,tAT8Jwq1QKbdgzWK4Ap5hYBCbQsFTNLRYJBqkbNqrZlHRIfk9THjvX
133,133,insert,one_____,____2309,q1Bwq7FldsUnVU1HD9zyJxQIjxTdYLEY08wpGY7YQcIaF31fEpkd2Zuf307a5Rl
133,133,insert,two_____,____2310,xE9dOJADF3bAMVzQgS24SBQzCVyMNOEmt0rrDQM
133,133,commit,,,

134,134,insert,three___,____2311,EXWBdxqOGkXFvIshYd0WUop5QrxMffKlMRODLCc2g
134,134,insert,two_____,____2312,pWJQHlFI577tN3SZnpravXCv3YbNCRJOJEYzSspOsZKVjhKY2Isfu74Z
134,134,insert,zero____,____2313,4uOibISj3EMm5N2yqCwIOe1kTJuwFelxBm2oTjeA
134,134,insert,four____,____2314,uvDyqxwPVkifFRpXkAIUSnuNhlwXxVDxdw8IEfbdS9MpSd5nV03DNnC0QJYjjnj
134,134,insert,three___,____2315,4Brp4gHhKnzeTcZaFJAHjQbDLc6k4sSTTkKXGX
134,134,insert,one_____,____2316,fOmxIsXtXF5frodCUmzVU4MDjcX9gL2ow2Hhd9saQYuHe6Mt5m5nxgUA
134,134,insert,three___,____2317,vGph0jeao4jeb5R8L0fwFFG76GyzntMoYBMAqNDDEr0
134,134,insert,two_____,____2318,Duu7vzhrJuYL8SUPHmuQYBt1To5HsKxosVLg4DoQNQb1AxCMffyMc
134,134,insert,one_____,____2319,dXWlEzmZFqpuGyQFJAMf49Ai45SG3qZjrJr7ISQwaID5SIxBrO
134,134,commit,,,

135,135,insert,two_____,____2320,pDhFpLTJt0qfLWfJIxCJBJrIJYTdKzoXwVT0rXh0WhUUaMg4V5
135,135,insert,four____,____2321,MOaS9ce9sXmmETVGAUSs98wynaOfULIL
135,135,insert,zero____,____2322,ZOetQDTIC6gmwFzQtd3HhE7k2cihZYNRkVcJR0IN89fQoCuFYCAZANCSVi
135,135,insert,one_____,____2323,0aN1nGm9aCisBdo1WjFQLB6AvqZ5AEYeUV0U01eZoyrp3LEvGwb
135,135,insert,one_____,____2324,jvu3y01DIOPbhZ1mpTyZPsVsnldy9jRcd1BbGRxqkVci6JlKn
135,135,insert,four____,____2325,pz7PeKyIPr0DjAAIRm6wPPFcXvrDFCJY38e
135,135,insert,four____,____2326,FsCxreB8FdUu9FG0AiISO4Zdofm5AYWaDD
135,135,insert,two_____,____2327,iE5X45CyLuFljzibhaeEi9g3j2S0AxCbHxxmVjRnnCcl9UJY
135,135,insert,three___,____2328,hxdLeAmj9EEj0pUsv3lQetbXqEIY0RerHucxRA7nK
135,135,insert,three___,____2329,yn8IcGItU0F9udDG3RDgz2tHBTV9E0XsZ73gMWEMTLJPdQy
135,135,insert,one_____,____2330,qT4sRoD37aH17okERWI4y8ZL5LVCpaHiGuLbNv
135,135,commit,,,

136,136,insert,four____,____2331,EuAgUuvH0kDMEGTXvmCgJoCzvlkKr1EQxdqZihGtRcOw7KBVPYXaT8BLjMH13
136,136,insert,two_____,____2332,Nf9B9wzkd0aRW5fZfFa7YpICzB7OcCD9cPKZS1K
136,136,insert,four____,____2333,S8pExkUggGiunLsdCe9TbeQgDWyeHdPNl2jn3PQE9Ejg
136,136,insert,three___,____2334,m6LVzpjCJXu5u1rUdCuL0UpWu1fsMK3HbjT0cXQBGSKfrpAiz
136,136,insert,four____,____2335,O2xiwHozbIRvxK6ESGrnhRkJpVvzRERDq5cnbmZBrylsRWVQb76SB0twlKCNwT
136,136,insert,three___,____2336,IW4pVkK1s55ZpOsdW4Khys95nf8EaDcdJNQ0o7xOI61XrwV47wYlU3vwgX7TOkeO
136,136,insert,two_____,____2337,GNct7Owkj3NoxFkkRIiJnE5sKmA7bJNuZVZ
136,136,insert,zero____,____2338,VwmvFDpcXGuQ2aLwxxnczcpIxKM5wYk43VW3XKH2ww7dlttABxfUmZzH1qehla
136,136,insert,one_____,____2339,RpF2ZN4aFhqqHZzEXLOjPfGI09UWUFZRWQ9PEqLN9t5PulttSKnVo
136,136,commit,,,

137,137,insert,two_____,____2340,NrrDZDnczutY4UkdGOi1wxLsMASaUrjiI9lyX68YIbYmo6k6cPpn4kie19FI8a
137,137,insert,one_____,____2341,GhKc6C66PURHm5u6XdU7yD9dTbJ1rJYpYMCKU3qERjHtezaECzFX5c3OZQ2
137,137,insert,three___,____2342,cimGMEAv4DQPhS1chtuAEylnEHHyJlQnCgkKNKtUHH8v8j2Jij3969n7CytjzfU
137,137,insert,four____,____2343,WenkQrOBAI9iEkehRButzKP8DBlujWOsiLjND8fqpnRiYUQSn6Gkbft2Mimx0
137,137,insert,one_____,____2344,0cZVlPuFLmOZ7hSeNhT51dPd5grrcqJyKKcgLGZHwKXhWJW7TJdT9Wr6uWBHkgjY
137,137,insert,one_____,____2345,s5swGeBI9iRdKSpMSfibAK41hyI2WussN1hzfAHTsENU3LtzMpBilIRuZAzpl
137,137,insert,four____,____2346,dQdFLoe6eepopgbxCiTSMSBHuYX1l41uBppAGzejAGJG5z
137,137,insert,two_____,____2347,D5ZXzGWbpIaSTCaUt2uwEvDXWSPrbUEXB16VoyriMYSmJWAj
137,137,insert,four____,____2348,55aWHTIVZRVsodrWnZ5ryBWIuTubGE26upavBtrmIln
137,137,insert,two_____,____2349,yj0iNfPSBJLGBadGtuYaCkWjuz2S8A6Nr5suXCY2nKE
137,137,insert,one_____,____2350,PG05rvoSL0ZJQrpvZjDs1xYE5i9KgCJkbUj3
137,137,commit,,,

138,138,insert,one_____,____2351,zFUTcP38cQnt7IYKxBOJTQKsMfRcJtkxr55vqFQ
138,138,insert,one_____,____2352,LAByPpRje9takWGEt0GeH9AXeyCblP1jPNXofAReWI3WwGtjDarC0P82Gv6O0I
138,138,insert,three___,____2353,ul9pYQmtMqIMMIAvfrdA8Z1R9TODv2LvkCk
138,138,insert,one_____,____2354,DIoMLpfKDeufpLDPwvsWdUWtxEwPfn35R6uCrJsJRPFSWeJAiqmYCo
138,138,insert,zero____,____2355,tTaXqv2HWArAsJPo93zRggepwLwFvn8BXIz
138,138,insert,two_____,____2356,05gsn4FxE5zljXDI7nuFrgHxKI2AYFKtn
138,138,insert,zero____,____2357,CFBfQWfU0ETUpKqDyS4re0nCIGliwYVSjpKZW
138,138,insert,one_____,____2358,UL88t3Nj475rCpfoVnXA0x74629NBJmPWOJLzZ0g
138,138,insert,one_____,____2359,nKMv2krKzaxSe3K3wWaY2HUdkjWCkqE6vtQ2yVFhP
138,138,commit,,,

139,139,insert,one_____,____2360,LtZVXEqdtjwGmS1SKvIG5PqM0nag9bjhVSN1W82xXcM7QSnfOkJ3f8EtqB
139,139,insert,two_____,____2361,q9uVlbHgmctRrzQZfDMaFhmYUZr8w4cgtT0
139,139,insert,zero____,____2362,HzY93Hv0g0C5LNCdpZyqLMAMAp7spiBq2TpjdQmjoLzzCGrsxi89fwX7uF
139,139,insert,one_____,____2363,Cqgul9THqki5kKryT4RK0Kef8PmHKEZI
139,139,insert,one_____,____2364,TIuA36RboGNiRFbVrzAKTSUi8U6FDivEbxWrQAImb0Hp6nhANRzu0nfBi
139,139,insert,one_____,____2365,E85qVdjsHc7HaZX7EzmFERAmNboqMYKxPrGOsTVih
139,139,insert,four____,____2366,h2fsRZ39qYnJtIbL6M4UTSE23LpdLZUUdHsCbOf
139,139,insert,zero____,____2367,dsIyot0KUEN4svXvOUF0cs57NPZIJ7bk0RFBbGUmRwdNcDEDB9yBXKF7
139,139,commit,,,

140,140,insert,four____,____2368,2m4oDW2pJHuEEYLLTtgdOQq48YREJznmaRVrNMXD3tG49
140,140,insert,zero____,____2369,bpUryqRFFHss64D6snCfaihCc6QQlM7W7n2
140,140,insert,two_____,____2370,SFLAju0HhLAN6e3Qp0BZXSgiIs5mLLXocdxDKXHkkUjMepaFDjzSEuSML3E
140,140,insert,zero____,____2371,bpMBjNYdb56rYIIFw2xeE1L4FsN1AmRNTspDQNom03ODFmG8tkhpLgJe9Q8sj
140,140,insert,four____,____2372,L30GwfW1jjoUdwInkVzMJiZ3SPnLsrxC4ZpOSRK53Zk0oZ7xhU
140,140,insert,four____,____2373,99vEKDzL0IadBSui7XQa45Epu0GcMc7TgLFqMyzCzwgeanTcFnyKlP3
140,140,insert,four____,____2374,0qhBw4hPM06fhRBP4FCxVrAsPakmSNJyq4GyR3O1mOGMhTuCcNYm4OGYxvNGZf9H
140,140,insert,one_____,____2375,r9pvE46gfrpfA0u6B0VzMerz4OvqZOU6OVVXm0bLOub8khGrbk
140,140,insert,three___,____2376,tXNJoysvhacy1OQkHG6zNEIfp6dCiazWm
140,140,insert,three___,____2377,0F4prJeqJ8IZJxxzVRWNRAtbiYYPkdPO49IAPMuXTL61jFWCAbf5MwwKca
140,140,insert,four____,____2378,93O7yfx33OEKwUz59qS2PfiN4b6lpImZvqmAbi6
140,140,insert,one_____,____2379,b1UaqnqfzOGShpIiKrUHhhA3VUqLM9OmjFD
140,140,commit,,,

141,141,insert,three___,____2380,hMRalg1CJzk0k6ywAJ0hznTtBWFolznftMdD2QNOU
141,141,insert,three___,____2381,xJ5OBTU7yxr3m74lDnTshsOIGMaDTsBPP8fFI4EDfZprDNjxKedmS
141,141,insert,zero____,____2382,27rjbKC8xntveXjOS28zySil7QUuEJZ5ndbdg31oDHeKLJzmOVPKaW
141,141,insert,three___,____2383,OirNekj9HZ5PMLlXK4TvpBE7rKk4PEgs17RT3c9U3r5wb3Ks
141,141,insert,three___,____2384,MIlyjArVfHFyFEY3CjPVUJsT7EcyhlbeyMme52QpB8t2j57yDChDf
141,141,insert,one_____,____2385,ogX0444JMTAMC5dqcIKvynlbnqkKhJ4Woir9
141,141,insert,four____,____2386,Hw28lEJtRinXU6nIYbwjAJQDJXfxJyzIAeq
141,141,insert,three___,____2387,O3QOvODlMUdk0gsfGKiNGJdfmrhVAyvlMhAztx6MuyC
141,141,commit,,,

142,142,insert,three___,____2388,ETI8JZMxHwTK30T8cY66VmwYg7U77SWztosFITeAXNXrSDuZ4z8
142,142,insert,four____,____2389,XMbVmRk6GuG9jllxZTa2LeJ35GecJdRsbR1ke
142,142,insert,one_____,____2390,l2AnJx6cBRMLbpp2mmZBmOdj44a8dVze
142,142,insert,one_____,____2391,2Y50C7EqCjxjM9FyazZ3SpTlyC7Ve0yZ5GZNCyjo7ttMJcSjq
142,142,insert,zero____,____2392,P8ZHuzJYSELQL4AODoc3mb3I3Sz6208agutn8fW9w0vwOdjnDEGgj3UxyxFu
142,142,insert,zero____,____2393,oehk1QmNQ4iY11XjpCbX2EdsG2lnNyddVOIwedgTFJNE34oFe
142,142,insert,zero____,____2394,4WXj4tK7WOtPRDG1jwxqARdwZiNORM2JN17femDxngp0qiz3HBo8NLVnGw6pTSr
142,142,insert,zero____,____2395,fdWfMlL6xEnDNQvsLlTxMWLsf2pgBVMrd2FqvG39CHSE5rB
142,142,insert,four____,____2396,qHjVdMZ5vXMvJxknklIpq36qKjrHKPUUEOEyfPtGw5PpRnyPq4YZbDveI
142,142,commit,,,

143,143,insert,three___,____2397,5h51BBKdbqa1p76ZDwSdVCzHPe9VtLQHqJYs4haxeikeAiq8BgwjrhurcN
143,143,insert,zero____,____2398,QokBfx59Bvg5cA6SpwPKRidC2tEbjJwcB4yWPZg6UcrGbB2kx4JpX
143,143,insert,two_____,____2399,MWdkLcw0CqF5rp22CcqmrO952GLluJghtCX0MusJ0bUa59VoS0kU
143,143,insert,two_____,____2400,QwgeJIGxlyaOSnaP47ZlnORleeAddfYmSIWfxUBqOmqguV691CffbZZoKMW
143,143,insert,one_____,____2401,k6m6AkLjVc9R4XoHSCmcQI5T76WdjD77fTtfhe67ADgMOhktL7P
143,143,insert,zero____,____2402,TTzx4Uo197MHFqytfBLhMZcSXy0XRWYoyZf0HNWC41Gowe2klnyqr
143,143,insert,four____,____2403,AdtlWAmzipQ0u3UeNvFCD5OUPTitazAV8PT7w1pwz5w2M7swDu
143,143,insert,one_____,____2404,D0B1kew1OXNcskDemdTcGs6cJnEeQgTYKMTKeMf3c
143,143,insert,one_____,____2405,ZSojCoow6rTP20y7J7J6zhA5QAXJazyRXjXyshD8Hoz8aJCU3VQCcSiVAtld
143,143,insert,one_____,____2406,srErk2cyqVPpl3ZYcTEXTcSFDmTjwuFQcUabdoImWnErK48pXJhlw69PLYTQxlE
143,143,commit,,,

144,144,insert,four____,____2407,BgSwmprdcp8XISWkVQxNBGSFohxsxrKo8HEgpOOvwHfT0cw0iN4T8lw1KBmqN
144,144,insert,two_____,____2408,GX4L48Cz3xvwZ79hXCJ9EyDnQ733uRI2Dtyly0SHerXqyo
144,144,insert,four____,____2409,ghgZaL0nAFaNUrdQcCpui60TBkvmFS2Oh
144,144,insert,one_____,____2410,9gEVH0hevkfzuxLZkX3uluJrQ4Vgj6MlKw0vIJ9Xi1JMi27f3L4
144,144,insert,one_____,____2411,uzwyk2uq7hKlo8bOpyCknmi9lDmBaPjWEUl1tQXbMc
144,144,insert,four____,____2412,gxYi9Nodj3mj3NqfLMXDOhZ3dCKpwIR1VXkL2kqIQDX7JYxc
144,144,insert,one_____,____2413,5ZiQAOqDFX3QwUy3w2JkhNoXvr3BnPg5K1HxxCdxsJM2xbLKau02zyraP5M
144,144,insert,zero____,____2414,mLVgB4ULsJH11NTQ2RIshf4GYTIUPSh3JcLEeyJD0Y0ggzPLd3
144,144,insert,three___,____2415,gCjpjnHI9j1PG95KcfHA14PJ0XMGRcFMIU7aQDvqrz
144,144,insert,two_____,____2416,LHWORATOLBDE0RmMY98Xv0RE6Z7ms4Eg664DqUyOnLjXqKM9ne3s9z
144,144,insert,four____,____2417,6auIVXemqF4OfX1DrgrgnfxFDaVM4rIx0AtFAxeiS03Vm02
144,144,commit,,,

145,145,insert,three___,____2418,WoDGEyNm2v42MMKFeY2KT6bUWwo8xXlvjctSaWCc872PUDvnqLf
145,145,insert,one_____,____2419,M21b2yjfhLo8AJnFW0fwpwOcYtuwBWWT4useRJp3yVOCiiL
145,145,insert,three___,____2420,MwasuhwspkxWBRnq9lfds0xc2oKCdbfyjKXvEPyuw4hV6LjmHdqcGR9oEcuz8tf
145,145,insert,two_____,____2421,HnvzBatVUm85C4aPfjsb3SjYbTcayKDL1SjtGqGPvRvii6
145,145,insert,one_____,____2422,uL8i8uBexhOVkk7QxcfKbXEbD9j66Rbnr9
145,145,insert,zero____,____2423,G9MYB1lCkhs4gXtC5TzOMGcisgIDR6nQpaf5dH
145,145,insert,four____,____2424,kPmSFAwfNrj1j8Y2dGZ9SbHT4wb0iyrDWTrB8wV6fI3GywfeZ
145,145,insert,zero____,____2425,289THeRJcc2vBv621rMRTdJFmRQ109meZWV7PEmqUgDydCC70HfSqw
145,145,commit,,,

146,146,insert,four____,____2426,i2Cw3cJ43waKN2sFc6gWF6wGeg63MOIWPN8M8FBQwqLKpc2qrQLdF8
146,146,insert,four____,____2427,VD6IJywzm53oyY4EgX7d4NXzOMLu1pboPncD5
146,146,insert,two_____,____2428,C1wJ8jSXEBMBdWZPidtkvtPVVgDTHt1dM2GyCvTYICzzsSczzhqVnYpLiqvG1
146,146,insert,three___,____2429,XWDZA7UUMPxbSTHw2mYIpl55pkPyrI1K4N
146,146,insert,zero____,____2430,7Ppxll2ebV00oowgQ3lnIj3sSFKqd5Zbdcu4yYqPKd564d24CCM5
146,146,insert,two_____,____2431,NCF0eGdpPl1jRAQgrmQr9ikAalQi0XjEf259PML8FcYxs
146,146,insert,one_____,____2432,YN1CxZ5sEAtc7FfKfBtQaaQ30N7xvykMc4uWXC5A0u
146,146,insert,one_____,____2433,ATpWqavdHG9eOO1FULpSrpm6DTD67RKkxg3WtkBu6rB32TvoBbuW43jh4OraPy
146,146,commit,,,

147,147,insert,one_____,____2434,UiSJcuGMxwgG6sFSrbr96KkC05pF0jPOpwAD7JwIUw4
147,147,insert,two_____,____2435,LBugJQT3h2Jd0ugqgTpP7pKuEE4YgDKhvhSx05UenOpY5oK6ABs5MzE1LCOA
147,147,insert,three___,____2436,tsi3JLlTU66EZDNLuskSLcs5m71zMTft2tGbsUq1DGX14xfWzEiPWrRa0Lg
147,147,insert,one_____,____2437,M8rzf8QDQVVOKegwy9dpZXu3DQLgOKA1sdYT2dM0RJ
147,147,insert,zero____,____2438,tp8yLoqKbSxkXfFI9K1M5cjSRwJTmXbS7JEYTAx2tSAZPC
147,147,insert,four____,____2439,c9HG4opRczLziwb8yDTb8js4zfzp3XHke6EcGdnxVfK6zMuB8gExnHki8MJYPY
147,147,insert,zero____,____2440,lZMsO9QDirsd0UftJsZxqxDle7QN2mZELyBosgUv
147,147,insert,one_____,____2441,LI8EObrfrRAiwYWuRAF9QCnBcAqRuUjV3xPMrJopL
147,147,insert,three___,____2442,LgzETWODkIOeW99VPlsxYseHENYLdTo21
147,147,insert,two_____,____2443,iY8ZYyQQSsCuam0oMp4H0AfhyVFHOQzXYSx0vobDsfOu7C7d0Gb1Ppr9C
147,147,insert,four____,____2444,e7nsz9LVAWQyBhoEzenvpyczMS1Ds0iLlyLmduZ
147,147,insert,three___,____2445,HTqr5vZWgyqQafThfOt8DBZhCgFtRftR
147,147,commit,,,

148,148,insert,two_____,____2446,LNU2RGY0taDM9YMoK9THQqy6E0X8V1ySXx1YGjf9FA
148,148,insert,three___,____2447,WDRNGxqfRLxXlug3yNK04VyYibPLs8zJYfPQEosAsx5IVdH4qWXiZ7G56
148,148,insert,three___,____2448,lUSPPhO1SGvzWdVN4F7KtzEmcjodfvlkfEinY5CzxDgVsUmUOxtYuMTrX8I
148,148,insert,three___,____2449,p7NtVNMpgoUjKsmEHQIMKythIBzMJuGx0KqOLaNyeAwTcY0k2N3fWgYe5YcfsQ
148,148,insert,three___,____2450,CCWetT8ieloG7WUgPA6pmZPr9XuvLD2hScYJnk1t0Gkmt8AvK0Mpjh1QHgdJYnkT
148,148,insert,three___,____2451,kF74VmyW0bIF3n1qS8OLWZ2xyMFvdewTBuQb
148,148,insert,three___,____2452,xPuCtHYI7XiDfb3og7O9PM3jiinLBEPvXCRzY9SjSGysAW4BgpRwdAzyorka43
148,148,insert,two_____,____2453,IZ5BXZ5x8T2BHDlfvksurgZIzTu6fFbooNyDrpOFYcF3Ave0TaLvprypWZ
148,148,insert,three___,____2454,YptcnEWwKgoMWv43l1ArTbhYGAYUtkBr2dgDFVsU4hikdKbKxm5QA
148,148,insert,two_____,____2455,KLmce6v53hMfXxOW5l4QXqMV8OrhjD13skZQks07hpXikVChwU
148,148,insert,one_____,____2456,ujfA2CN7HVGt7Sqe7pLJNsIzg4KrW7945kQfuvocuYP9Fc6U
148,148,insert,two_____,____2457,xZYPRTBfM4OWmMEQxej5goGEeZvl34vO1D43RVcp9EQIAnvSj0Q8nkRh
148,148,commit,,,

149,149,insert,three___,____2458,D6FbJtTWrlQmyBtfDbrIfaaBoR3cfHEztdWNUDmGxn
149,149,insert,one_____,____2459,s7iSKnlJoa52pKKuOmpQVDw1nhFf34zwdxWUO9G
149,149,insert,two_____,____2460,Jg33u0WjgElYb7OzvjxrOcy1yDKSoOqNj62Vmghi
149,149,insert,three___,____2461,C2ftnfDaDvkt4xg1tAAvSxZKegBIHddvqWciJ3xZU6uSclXkdTc
149,149,insert,four____,____2462,FzoXYtSvCWvCmlKwzQjhYvCumA7WAZvAOxCqBW2xGgto7s2LgiWnODyqB
149,149,insert,four____,____2463,r0lcQ3szzlGNBNzqUKGVQH5CEGOZ3kKPUJHX6n7ZDGcep4x12iI1aB
149,149,insert,four____,____2464,kbgQw3VSbslHp7pGgVmmlVJZqtYtNAki9HddvJIzUKK8Yz
149,149,insert,one_____,____2465,SueKfZpYrFFMyfUyV3Y8Dahrpn3kXilPLAGbnDjA8RYMw5rd
149,149,insert,one_____,____2466,wcefvRTuWCg1sf03BPk03ZYehS4wg2Sznr8ZXBKGpSOJe8EQ0ZQl4nZvfK1VyLPg
149,149,commit,,,

150,150,insert,three___,____2467,yyVSBl3XTt28I4nd9pN491iYQueqv3nROi
150,150,insert,zero____,____2468,xyexMAWP6c2V6Wor22VmLmRmCMZimYL2SCNKn78EnSZtUCV1wSKIovb1d5j
150,150,insert,three___,____2469,J3C9R54tPVb9rLhfBA38m7Qu2FJsakRv3VEriDi2DqO26tTdGTWGW5
150,150,insert,two_____,____2470,0T7nNeKYWjx8ZUaq8I2JzyVKJEKS2fAh8ZgzffSn72X2NLzelv46mWEgkXqA3cl
150,150,insert,three___,____2471,d14eyBWFs5oBChYEKT7W6HOWpDKAeEFlD7SJcKmEGO
150,150,insert,two_____,____2472,OpaOsM8ViMlRYQ56ga16e1ZXwtfHRJpQccaOv
150,150,insert,four____,____2473,rHP7SdUTIRP5XOzIn9kCJVNpZpkn8dMbQIzbOwYbx6APlCkGQkc5
150,150,insert,zero____,____2474,zn2cgQN6nI5We8M1lrP9BLIEnyxyg9HKh
150,150,insert,three___,____2475,cO18kl1wX7o1qKOHM76LK7wpfLfRVA3vWoBlYvIYuVaqiHQR
150,150,insert,zero____,____2476,AWKy9SfwXH1TPwee5QZBiYEoduI0Jq0rbOvLylgFsMxBoMMx1nBJY
150,150,insert,zero____,____2477,WCZWTbRBC0mh4N9XnA0aUGQHTiq93u6hnuHx801uyvdd9hD9MNBADhFY3VB0qi
150,150,commit,,,

151,151,insert,four____,____2478,4kKLrLNKplZuAbExedRnJKdeRAnunLYpa5uE72GihdcVxRbWc5RqJUF66
151,151,insert,four____,____2479,YpkEkJwRRfCIK5IJllk3z3D9BY5UZpygh6K7UE396NKXzPLVJVbt9fvc2r
151,151,insert,zero____,____2480,ocHC6ipCLpQmAD9ezi18BQExvuSabsaXodTKTyDaotqM90XryHXy5hepJxKx
151,151,insert,three___,____2481,y73APFXI8V9AZTfeQdPXsAgfVpiVT7bAfIsiF5dMfTqdHKISZmBq
151,151,insert,zero____,____2482,S8WR5m6NUt2yzI9oZZRJdQnKWjSb6nSDwgAu
151,151,insert,one_____,____2483,mbxMq5Q6nUgksqZvcRrz3JhejHGtC9zZNBYEqN2vIRTpGym4z
151,151,insert,two_____,____2484,wZ6GHuyKqKwAADYohiVLgYNztXvpUbLFRXhba7jeAUrg7jff8ToqaDFk8qH
151,151,insert,zero____,____2485,DJJ3paHsDTDhSZ8frBzKfnMvYkFBKGHnWwERU0ClcNS0RwnQnvRn5ViF433
151,151,insert,two_____,____2486,WMxFb3DiafMnCtpTKZNtbtTPhT4PVYHwqFz1p1lSxZfUcMFr
151,151,insert,four____,____2487,wNiWwXvSchx0S2kFWFYAP78huPbrvJjN02SCsG8VfSHc
151,151,insert,four____,____2488,56SmAnhVyZVsoIizP0479wC3IFCDZoSwJPl6Sr9kd90E
151,151,commit,,,

152,152,insert,three___,____2489,qw6NMfIj6QV4xQrsQ15Cn2whMRryudslHRfxHmbTCBWTkzoF
152,152,insert,three___,____2490,UkLkxRdqzZ3lqkxJ820MiuisVndRnUA1HbzdwQNgt
152,152,insert,two_____,____2491,sH4KQMUFJaDjWQKUFOmPEUuKPdziETWmmcojPNcL
152,152,insert,zero____,____2492,SeTlNOj1m16ghuPIYh4OROXKAXaq8JecNVYprsIepAQgQI9GFVDf76
152,152,insert,two_____,____2493,oxYXPhsyM92hXXm4DDHGvRDlwVHhhBrINp1KUv17zxITqPDpvC
152,152,insert,zero____,____2494,zL7JJ5q4SqmiV8AybPWk7WykWg0lFEBfl6T1JZqUkUSOfC9KoDcXS8Q6X
152,152,insert,one_____,____2495,4Hy0ceskCt264PvKvH0BGHEfNGsPuqAHrvz6U
152,152,insert,one_____,____2496,tysPvbaUK3i1H2vMbqo38uXrQuNwSCC3DbrS3ujJ0j5YV2URuxkp
152,152,insert,two_____,____2497,iCWR81qBpmWnoYWEx4HaNVkYBRblBYBZKgP1sucDUw
152,152,insert,two_____,____2498,qaTgURiHrdWXBsLtyerMUcHCAnPfo4fYFODtmYmsCwa0PecNJCI4u0
152,152,insert,three___,____2499,8aoKZuqrNlC83hhRNVkIGqYZDr1G0lscER5H9dTeHZUhRJ6FK
152,152,commit,,,

153,153,insert,zero____,____2500,uRf0IXwaT7UXV06dCdgVan8CcghhmtynUrJZSzSKaRnpUX3h9NpwjHV
153,153,insert,three___,____2501,Wbk6gaCKTUIhTwotV0HFr0twJndzwgsTlaz1ZWzJ0V6QqLUUGYuPtfoGrB
153,153,insert,one_____,____2502,L06soIU8fj5kvi1wGNYJ89Pv8lyY2ohMCODbNL4IjsIMj2ePdwbN
153,153,insert,one_____,____2503,RJBuWB2PgtVAiP10fxD72ywb3ZhapF1amMJFJ9WCS74YUHbaYD
153,153,insert,one_____,____2504,guSGEa0YGE0UQN7wGVePQSRrLpFFKHU9D164SjoJTRRdFUCtOslxjx0Zi
153,153,insert,one_____,____2505,eWYDN2qoe21P9rCkTp7AaAivVwt9heXFX
153,153,insert,zero____,____2506,pexIGoR5JCrGSR2ynOHfpFhqrkvbaa5PgfuhrVUS1LJ
153,153,insert,zero____,____2507,ZDx891rCDeEWwyeeyI84n1NZmF0kOYLjBzqnqZWBgqknLqBUwXAJgX
153,153,commit,,,

154,154,insert,two_____,____2508,uPokQZ1v5EuXxtvd69RfjN4luTNikOKwrMQTZVlLQd
154,154,insert,two_____,____2509,n8Ta4w3MzDj8TEhOv9DwstSjvu46hcfV8usz5LIx1xazay3Ebe7stRqu9aeou6it
154,154,insert,one_____,____2510,17fuMW6J6WJ7AkcBxovIkUWMVv2EYNVVfv3jnXOtBOlxwBzG6Jc0LAVn
154,154,insert,one_____,____2511,IEkNoGOkjGxrXWRZZKOD72yhE5mHpt57WHP5wkkAeHLO46i9jStnyAkLF25
154,154,insert,four____,____2512,z6UYRGgNhQ5Q9ch1lIADDe4GTY4an3OTU
154,154,insert,one_____,____2513,lECXdL8OjRODGKrMEcN3oxHnGGGem3dHK
154,154,insert,four____,____2514,DrTb5w3UxMBZ3v5AyvUeQ7I2dDhXqVRP7Ge136gOkUP
154,154,insert,three___,____2515,On163R3SRGdHGzQttPAW2zNFU4fODSK37QEdeObIdLM8QlS82Tj2
154,154,insert,two_____,____2516,QD2e46lZpBpbdvLEhNefOxdlfCHzaYofjqchRBGKS
154,154,insert,four____,____2517,gLu5EbdvCgwp5xOEnS68xUuTFYpZTp9tuMnj
154,154,insert,one_____,____2518,NUcy2SFZhw0KXn1but4Hix0lhS2UGlx397WMSwXDEDdVNA6MkTxHOGEG5aG0Ys
154,154,insert,zero____,____2519,T4QeXMsF8WVI0SiaaNK5fQ3VdbR7LmnHrrrxhZnDZiir9ZhgreV
154,154,commit,,,

155,155,insert,three___,____2520,iEbohM41oGyqdIVa7Q9cd55U6ngGzV51Zer7LSoodxsrjg6k0JwFbf6Rsiq18H
155,155,insert,one_____,____2521,RAHfvMx3sEr5ifRf24jNpoSQB8AqyPxSPOuMpS5C3nqw
155,155,insert,zero____,____2522,pyQVEI1n9Pc7Kc13TOHEHnnYJajc7C7V1kHneY5i64CVepQTlKniW1kQxwG
155,155,insert,one_____,____2523,tQK0qexPE5SrhyDKTSAjxTJ8cFNXltxw5Z
155,155,insert,one_____,____2524,ymA9ptPAczRudCsWSmvHQe6mLjSGTukTh8nlpSkvrdLnSi7IAnIb7CRujMX2w6
155,155,insert,one_____,____2525,yokQekJVVaqZvtLnUTFMgFo9Q4ZUnRXIA6OOph63wiTEd9TmSsrYjeofpucc
155,155,insert,one_____,____2526,buDpwsw4qb0TpCUTGINAteHSGTDlGriSVlIVlfwjwh9tJSRFHusJq88pDmOM
155,155,insert,four____,____2527,rIdhfCE70ho7I2LVq5KHYaP6Gx8rACz0iCmp9c
155,155,insert,two_____,____2528,unFUkUsEnyMWbCyf8IFQ2h80XPlEv1EmhLHrOVqkUI3i6E0n8B0aoRE
155,155,insert,four____,____2529,58CMDtICdT4twrd3PSM6pg7bJLJoQJ15cJauxkLRbdxG
155,155,insert,one_____,____2530,SZSeaWfQYdQAeVJt0rCIU33d5K37HsOp4WiR81aseVzmlddjVTJ
155,155,insert,three___,____2531,NQf0n4rMxuQcaNgoRbFvygPDqIhUOMZobdCfg6k8144q
155,155,commit,,,

156,156,insert,zero____,____2532,H4uKDFBxHcOodDdzGnbhP5FoyHq0FdrqxtiAvw6Sp4Fb3yrclmyG9uURAQcA8Nji
156,156,insert,zero____,____2533,rHN5PIdIuiP4SWpLlMCFOoy4lWRSJU16KDpVaFw9neHcQ9IZJu3R
156,156,insert,three___,____2534,zfLiO5GYPr6nXjUOlq4GbSSy5qme1r1LaEOF3514D3sU
156,156,insert,four____,____2535,bqX8XvoGIWSUPK9s6jbu6rhjRJfDur8WLMq6KdGtZ
156,156,insert,four____,____2536,UREc37xJ6p2gchBDZ4k7ufBW4fYCpdLg0KRy9qS
156,156,insert,zero____,____2537,ARwaW78bpG5mjQfbwuO212GyNdWkAkiW1D2hTMdMsOCu6Eiz
156,156,insert,one_____,____2538,i3xtkBtn4JQBtrdFZk9dbZXYHePwoetdXkpTcaEUqzrhSr
156,156,insert,two_____,____2539,wx1CbClnmD9FDiaDPigjbm7kUSGltTjiUhbhn6d
156,156,insert,one_____,____2540,m0cdTPHK5uPPvvrnAJizxwijGNDRdI1ZKQUctVIl8PvO
156,156,commit,,,

157,157,insert,four____,____2541,BCoGd7qZYfvQu6KlCJvx5vW3enqpODG0svAnwf
157,157,insert,one_____,____2542,5mUNdswrP1pRVLiHOwNxDRhq9O4fpedoA
157,157,insert,three___,____2543,T4NQnlNyPnfEQqeXE0kA4Su1f0lQ8etPSxe
157,157,insert,one_____,____2544,gklSMSWf7KGCsveDHQyFk7hDyxmPJIlIMOQa78ZE
157,157,insert,one_____,____2545,FmB7rm3We0iSU1g6dwObx7wEtngZlg9bsLBmNKWH2K5L
157,157,insert,two_____,____2546,oJaOHxWGANqPuXAibH3Gz9K7J8z9UzMijsjXFitS8f7Ho1o2Qb7XgATZk9pD
157,157,insert,one_____,____2547,qmB9zNSS1b3DAUAiJiWwWT7mHhrdQWtvcx1lKwI
157,157,insert,one_____,____2548,mDbL5A4knbEaOgkgZpdJMJZsDeQaZyrjGocBLIRiz5KzkD1o801Hc
157,157,insert,three___,____2549,OmY8CCa8CP4vTaiFrj0jyxIoQ99BT97AmhcYfyo50ufHf0
157,157,commit,,,

158,158,insert,two_____,____2550,KzsS7mnhMFJoweP5bzwH6XnPYNnf6t0Yluxgc3aBXx3FLVuBOvY6HXb34
158,158,insert,four____,____2551,uww8mLUkn8Wq3wY60dKGqRAkY0xJKc6UXEphujGdm0iFV8LNRqkWsa4
158,158,insert,one_____,____2552,fTMkKWRzzvBK3ERBzpZRy22UBVpaotBy89vWI3p3
158,158,insert,three___,____2553,zu3yk1pW1t1oQpktzRjSk65jut8z8dZh5NfIxnsx5PoSP7P4ntHAMcDiUAf
158,158,insert,three___,____2554,YxgrCIAgqevAsI61lsFSkAGtfWtfjRZfYVUL6Cb8NakSDEr4ply98Ga3nbwrfDd
158,158,insert,one_____,____2555,1HWXtawuYknDUPiZRmqQdERXL8hPbSQ1Tf
158,158,insert,two_____,____2556,OvsZ6jrYazB8Gme1vmluLPyNhCY8q08sBmu5paf7Fa9f40NntW
158,158,insert,three___,____2557,yl2vnbGuyBi5qiuJ8zNLKgtGIjhHCDviEHRsfrHLyuOk1A9IWLfU1
158,158,insert,four____,____2558,nLLMxprchoHqhClzkw7m0WBVL9MzHIbDsJTBBuTCMZ
158,158,commit,,,

159,159,insert,one_____,____2559,INDPDqNhADdywC0ze7LkL8dtZxfweorFPpvZMJGF8QcU2mZfU9nqkj979GBk
159,159,insert,three___,____2560,51tupV7TvjHokg1cm1nmkmBeNvWxdLD2w85Saknzg9sgIATK8oLPdj58zIz
159,159,insert,one_____,____2561,YlpVrGeIHieFPzdt6yr2Ysg8cpv3zV1jvlWZxhrWGxQhGOD
159,159,insert,one_____,____2562,KqkzYExta3butcABwfr5xfp8fs1BRBIse8CQPwfjtG
159,159,insert,four____,____2563,Z6LmleQiHIy7mOSqaxqOSYELtkD1frqwbQcMXkCE
159,159,insert,one_____,____2564,u7XB1NJD4qpuxEW5ry5R9FpKVedjjtsS82JMdK67EZE1fWqYPVvJM2gjWLAhC
159,159,insert,four____,____2565,Nxw4rNt8HEpaPVJ8q68p55RsKkd2JKge9EqauE1b8iwXrsXDXSzz
159,159,insert,three___,____2566,nqZoN1Vdwy6yneGqiceZjBDHQsrkcgMZM0j6SQn1
159,159,insert,two_____,____2567,9v26GlCXYm2aQGr0zPO877bJ7xPnqq2pUvz
159,159,insert,one_____,____2568,J5AcbLdY68VwZTCyR7pVTCcqH93HCEGJImLuOTG1uckp
159,159,insert,four____,____2569,7Rku035CoI6EEO0qB93TRWbxlQzvqopPJRxHZCgblm9f6Kx9
159,159,commit,,,

160,160,insert,zero____,____2570,YEO9serDhzWoUYcdbYFhZsmKy5VyvZVM3Zu9e4lld
160,160,insert,zero____,____2571,FztvexEOexgJJDLARmnFjC8uNEIaCeFcnLIZg88x3MKQACqx3C
160,160,insert,zero____,____2572,EKzeVhVCKh6ppp2fdfCOhGTU5yvuzDr2hWM1c3k88ChG5bHVzl4k7Kuwk
160,160,insert,one_____,____2573,NUqTKEW7QOkBTOHYTksf8CZrKYcycvBIRbjgP4hrZgEvAa8tnncwRW
160,160,insert,one_____,____2574,n1cZUFsDLQ1cGrJihmzVaHiiiqKv7YAu4JJJ795bTkIax3jKnwAF1ekaNn1t
160,160,insert,one_____,____2575,BYBcHRZjssf7VGHiW8UbFAItd1Mu4x9I9wqZXQ2Yj
160,160,insert,one_____,____2576,TJjuuOx2sG2nE4MAe8fpJCTkabdY45lmkjlf5k66UsPr2gU8KvR53NbS6RxnE
160,160,insert,one_____,____2577,7eUbK2wRVSq2Xn08SicDfFtpSedQecNyBzxxWTgjHkse
160,160,insert,four____,____2578,6JDlTJuFCYc2iPzHlqXcXvf4s4SHmP8QKuxZDHHOhF2lliWf0KzHyn1iXT
160,160,insert,four____,____2579,z5DKCt8OKm0JXccLByg1AgBwOx6Jy813cmfvxGN5iqdHbbN7tg
160,160,commit,,,

161,161,insert,three___,____2580,PRVIBt4xValnA4VRmSnKRkGUy4YIUehLsgF
161,161,insert,three___,____2581,9iSvVEJT2Au04GPXf4Hs4wwHcKokOAJ2FAzBih6n7ZmgcKeVisSrARCF
161,161,insert,zero____,____2582,3gzkOc187GiFrWAs3g8wxYcmC6UuBFv4ljrJVkEXG
161,161,insert,two_____,____2583,9XNwy0SvSqNvWlBCnNxQnDXx9fhWnEEYujHH8lJRFupumTSd9XRYK7FsnV
161,161,insert,zero____,____2584,nn51teBzyzDYrBGUUGOnRmimSmjJ6hWq1
161,161,insert,four____,____2585,I2m0pyP2PWpYEUH5dj5MGnC1DyREDGIk33HDMOR1C0EPPI6WMHc4oXS8QdZMpap
161,161,insert,four____,____2586,14UAPX0Bc4ov9Iobe1jP2mgDBph5UPbwlSb
161,161,insert,two_____,____2587,7Sm24QNNsK3VNsJfnc2UKrYyrEzmP0vntguQSbNteuQXMU07ZrF
161,161,commit,,,

162,162,insert,four____,____2588,XENL2KWPWOsqVDPex1v1LH1AbiNuNIBR
162,162,insert,four____,____2589,byzLqSbN0qnl0gKj9eXvZFuc7zgXscvQp1ZHIfPwOFmUZnsqdjSN2TQPwAY0QZf
162,162,insert,four____,____2590,kgOm3zawtKlUCDf0mFsrmQa4rxACistag46tmd7IM6mrD1oDpCoMDF
162,162,insert,one_____,____2591,PqQ3D4apMCUdLrbG99zLV9vmhfp1ORKLZKZaOtP7fdPUSF
162,162,insert,zero____,____2592,Psmd4bD04c4Bv3XDYjyzH6EjFRN9iKgAnEjDDVfe9DU6PePbHXSrDppmWSAdJkof
162,162,insert,four____,____2593,1t5YDXB8j5cjCVwmbdOnSQSRzUl4fRJCr2f
162,162,insert,four____,____2594,x6XAozDpZpsjjlcw6xYFsoTgVtU4Ks08XG
162,162,insert,one_____,____2595,ihHGWdtlxwb0AgG8ChjAOaBCrdTfnKaRdT
162,162,insert,two_____,____2596,iJXmYJxpx8cNKusVbbdVKpo2BMXwRQ2TDlyT0KbZtHNt8iuapOuL8QpR363
162,162,insert,zero____,____2597,4Op9ydtS3BqDBBAIvtg1ZfkF0FtdGKxhtjL0
162,162,insert,three___,____2598,UgwoZ0uOWEmAMf5KFgKEn72e9kOeMAiKHyf9u
162,162,commit,,,

163,163,insert,two_____,____2599,NfnYLljyW58Jyz4nTrafPZ9GnCADBTVuJvHAzKB
163,163,insert,four____,____2600,8ZmS5gYhafeCvQ1SPXzyYWtHl3NIhT6Uw1IvWy0wWFAM
163,163,insert,three___,____2601,vKtMMBK6PlRHOjKoio7dEjeiuvcdINcVnawnAeIPj0XxcM
163,163,insert,three___,____2602,m7IdQMYt8u4yBF3sPTnsxeIpSmdKLv3TS2haE67awtw1w5
163,163,insert,three___,____2603,NE17OgZmkDW7K9XZhgD91P4pRfhJefdUzUBzDDIxj0S1Vy911U15SFk0CS
163,163,insert,two_____,____2604,b73VwOmvwalF9aka6MUxmsVjtMh0z5a3AgNlu81JCZUNcLESr0uUKSLQQMl0K57
163,163,insert,one_____,____2605,TXn2gTFDZwTbCNRMVu4i7sbcnJd4wpxvQU4gFFQxx5vefFa6CmJiXB
163,163,insert,one_____,____2606,SPTaNOwETKPsEAWlrjPPDaOMlWw2L0DnA
163,163,commit,,,

164,164,insert,four____,____2607,otoCOzopn0w490RHcXFG9v7jziCxQxbFIujoXRH23fara3wRmqOkj
164,164,insert,four____,____2608,4LAhGot7R9aso9ZPwoZjTYpGT5VWjJSUJ3yaKLA5
164,164,insert,two_____,____2609,PZHA2oJGm1orAKw8pnYubaK6Ebt8qPZQeDECjMjonYALS1ZyJQ4
164,164,insert,two_____,____2610,6OPvSizv5SojtGR6BblxUwApc26OvmXeAv4StignEY2ne9KrUoFbLynKt2NTPnM
164,164,insert,one_____,____2611,HNM4mMb2F8jdtCaNW6Mqw9cC39vXJUIyqA3e9b2iGaBgQlsZMCsTauSW
164,164,insert,four____,____2612,3GA6J9sYLDxAb6K8aPZhxvjvdsffGJyNS7aqjldY98wMyD6AAsYFjNnDvRvI
164,164,insert,one_____,____2613,bVMWXOuGoCzw4OVxQBAxSlxXtW3GhvApdAsHEeIlz
164,164,insert,one_____,____2614,tLPUfL8aKL3OA1lPeD5ioYSpPv778NeCIXUdFLIlyKV2El59SQD1
164,164,insert,three___,____2615,jHPVjmjAqxXEmTPODVUmKYcnVR2xGW6tf
164,164,insert,one_____,____2616,FXP8xYdSaQv377eMr0Pq53kNE4bo1G5TL5n
164,164,insert,zero____,____2617,S8JcQFuB0il14m5FCCsOfcdPDwVsNvgm8kLkZGqkkuUGuVu
164,164,commit,,,

165,165,insert,three___,____2618,IfxBjg03ZBlw0eNTmDoQjFunzvMRi4o4fHCy98RenZf
165,165,insert,four____,____2619,e2DK4jUZtpgm5VxZdMnP2vrzCjN57k0DdFR93G3QwpLj6bOeyoWJT3M
165,165,insert,three___,____2620,3io7nhAE5C8ejihteWHsYPxbeD18xrBWv
165,165,insert,three___,____2621,gIaZu7UgzDM8mOEI0Fty5z3psYOYlqyvpQRtx3w3YW3dNJ5yNh
165,165,insert,four____,____2622,xw5JE393E4M6NHDcTiRyXlB32WgFndqGzy9TsFmrK5z7lDIuO6
165,165,insert,four____,____2623,GBfvMVmVc6BgP1WjOc4YwiwdpQhkRCLPafmoWLQeabmUs4
165,165,insert,two_____,____2624,TERDCI1rBigG5zko3jw5ylT3WoHofe8c
165,165,insert,four____,____2625,H6LO4OKPdgkfe9alzUwXQFaS8n50VOXSXo00w9bsVzi04x64Gq8IROy5F7HvqF
165,165,commit,,,

166,166,insert,zero____,____2626,0iSwLhWr1kmDE0c3dRYLTE4DMK6wRg9jCpMSu25rEjBVzOrf6W4r92GmBi
166,166,insert,four____,____2627,w9iKnpRq60PSkXae0xJggu0q3XGalu7HiGBmKDfvjl7Fm
166,166,insert,three___,____2628,RXNTM1CGAmfvgHXigVupjOCKIHmY9Mr4RzFAsxFp
166,166,insert,three___,____2629,XqWKArLdGhckSWyIb8zOOlhXWFlTvs2ud5fnauIC2xaBPGy6kJ0yQoEE
166,166,insert,four____,____2630,fIoLoBK3WXjvJJ3Y0I7CnhIBDFCP8hwquc9k8DMiqRARJOy1KZCtRQH
166,166,insert,two_____,____2631,qQko6jKXgo3GPSgAO2z2QVOAObPCvlSEg
166,166,insert,three___,____2632,C87eLZOQTVQ0KDaM2s43HRBx3utO7rS9b0kUFUVZ1c
166,166,insert,four____,____2633,KIRbGGSGNMIQ4ma5Jj7qJVt2t4RyyK81yyru5IkGdKK8fOzd
166,166,insert,four____,____2634,yRSfR1Ar6pK5Z59vU9Fdt7pbhYCPOzjqJb8zyNszgAhI21L9RDH
166,166,commit,,,

167,167,insert,zero____,____2635,ttVE3Ud3X7wTPBnjS78tvlg31APSQZUz
167,167,insert,four____,____2636,3QVXgixH1Nvd38fvx9JpNDfALz1Z4XHranaoyeycZihuJTpg3TYECLAq
167,167,insert,two_____,____2637,DNFq6Bkm8VMzwmvMp8ocJTYiWtB6sFAOUTh8pv7JjywYv4ypMQm0pFW9
167,167,insert,one_____,____2638,puVVEn7PqsJGfCVCoKBtqGXj3Lb1EFuuT3kOyXgyLuSauw8dMSsZoGm41dl5Jf
167,167,insert,one_____,____2639,xrG4uerh1e4Wx1LbtRBew8L76PMrN10miIxNQ95UcHNwxNexbWi
167,167,insert,zero____,____2640,XfA9LkR90A6wkQlPUnf0RBGtv3fabtDNuzNqFrUw0CYzuY
167,167,insert,three___,____2641,Ur2d2WycBVIfBMdyzLxN8u8Qd80JJHgtWJiIFVnZ7zk5D9fFrYykCiorTXpFf
167,167,insert,two_____,____2642,uD69ZHMqKacn8UxWNwdMZRWawOUK9TtaK7Aa7gd4W2a7iqzI3aJOdHN2Tg
167,167,insert,three___,____2643,nZc1E67pckW4f6inaVjsyqDFpQaxhxjmUSjZvgvN
167,167,commit,,,

168,168,insert,one_____,____2644,wELhwzWKd2o99MoC2lbNSjZnVDYLb3YU6pqU5F6dPfs5j6
168,168,insert,one_____,____2645,y1wSRgZuwsgrUhQiO5qldayJtdijjMZI8zFsxDZ9kMG
168,168,insert,one_____,____2646,yMhBw9roIcgYZ1Bvrj6ZbF40jU7ZNnMUx8L0di4JdAL92hrfXH4fC9Bpb4C4s8QM
168,168,insert,three___,____2647,ChAHCQiuyvecKUG3SiyZOmDECacTrf2E62kNTt8AbzH4FI1UxOl6pdsRx8g
168,168,insert,two_____,____2648,i65z3iX3NJWWxOzFnDKMyMF3QLNuSfbwpDjI5yykpKXUL
168,168,insert,zero____,____2649,ax9T2p8tRAZ1Dk8rkRdrkXZceA4Bwv9jBPi9CANDsoc6gKRclB6GDlBcRxMD
168,168,insert,four____,____2650,045ljunl9RAdLcV3m8M5HSagEkLQaSRrJL
168,168,insert,two_____,____2651,fXGsK2PVuS4HdvStutq60L4VwnJzdvTVn7XATUTQSFCLLAEWKvrwP9kqhs
168,168,insert,three___,____2652,F3jRxDKFE9rgEUjKQZzKHSM9ha9f7XeR3ihZPZX60jD
168,168,insert,three___,____2653,5koJD4fsAtELYOJHQ2Sv5sBVhzKRNbJcMcgwf6OhL
168,168,commit,,,

169,169,insert,zero____,____2654,6ISwWDiLPMGO5d4FwK5QW3OZ89JeHyx2wqjtZqvbvzxr6uHiSAfF
169,169,insert,zero____,____2655,yEmbUaKTaH3vfCWu1kSp0Ihc6J6ERh4wOlbK4davPr5vKWAjiawCx6P
169,169,insert,one_____,____2656,XvPlTQBwDNGQk5lS2t3bNEN8IuUte0nG8BX0PBkkRc3bpqpAOkp5bOXVW
169,169,insert,zero____,____2657,TeaU4x8xaBNV72KA8IIz6hzlLCLfp1Miiw3vYB8lJqePowFUWbACBBGCJRJG
169,169,insert,three___,____2658,N1ZZY8X5VfklQTEfmy1BmUXnz7mETX63NKuQs7
169,169,insert,zero____,____2659,hQyhCUIMSZKq7F505feVRwyZckvLsS3foXrxpkwA
169,169,insert,four____,____2660,hEj29qIoEimX5UFNy0T921drEJloC59AvqJ4iBjtD
169,169,insert,two_____,____2661,p4veVDEuny02U8jpt5YP9YauR09gvdYiWlcVUbyU73L6FrSr077E40IAJ9qv
169,169,commit,,,

170,170,insert,one_____,____2662,jzE3luQUxWUIG116ZisB9TNJ7yBP89pebPg8P6dTQSUtKIrW4voEtHWiV
170,170,insert,one_____,____2663,M5efWe5R5p4G9Jm4hnRnuJLLCluNmFzQ5JjFfBgwDxm73wSCAIAwq8M6HAAzt
170,170,insert,zero____,____2664,fmLo790eSLE5XRJS0LbYIUYgx7NDbvnc3i5jzyCwvs0KUYK2QNzgDzzzub
170,170,insert,one_____,____2665,wsNIMoBMa9tdFUbaS6cZhBfklRSD73ScEeBaYSflzMHqC1mnIufE5NiUO
170,170,insert,four____,____2666,zAeGDi8M4rJw690E1HkSofxz1FFg0GKIbnFPd7fz
170,170,insert,four____,____2667,XI8pp6fTfTwM2lORIhsAt24kSgtx6K5spWvychaexofOtWOffL11
170,170,insert,four____,____2668,OSI4Onq6gDGsgTEs1dQ8VrHjPm4zIdptIlbUfyAnqkcc
170,170,insert,zero____,____2669,tWkCeJFK7ypt8w1L7Q9rlqpSrFECZMcyLSyQevremlhM8wO
170,170,insert,one_____,____2670,k9IHHJb1qHnU3dmDAB2nHRBWXW1FMJWWMuI76gXs3QJeKXA
170,170,insert,zero____,____2671,zob0r7QR0suXbvRw8GjKDv5CAuiBiD4TD5gLWtTd8e8PsB
170,170,insert,three___,____2672,GERvwIktx9qOYSB3XwJtCW4wOIILmhnuBwASqLODyLA3S43YRDbSQwAT
170,170,commit,,,

171,171,insert,two_____,____2673,X4G02h2nH7UNeIyM6S5E03ivkSs5vG2HOkGJiygU9Ekbw0kkXcced4Q9X
171,171,insert,one_____,____2674,yjHqxrxobickuZQM2tJTaIggG8KBym7x6WzJc9gsHSPGCwhWjPE2dKa0dKhThaD
171,171,insert,four____,____2675,JgOQix0k3BCP58EHUwDpzPRBe9aAyYCJQ0d4AEi5arETyQMSDgj
171,171,insert,two_____,____2676,HJ77JGqwKw0MoYtwiQi7HpssbDV2lfUtcPvu63cyfO4UHHyoZ7Auv
171,171,insert,two_____,____2677,5WqkLekpqGuYUh2n2F2ICxerdJc9pZ7BvvQ
171,171,insert,two_____,____2678,vXsIjEtLdTQwgtVRKs1oAvIRPTYkMmhX4R
171,171,insert,one_____,____2679,DHIS7MtuimhGwKVieVkxd47wkFMjIcBO20lj
171,171,insert,three___,____2680,7ppNLsZ0nla5NbwAY7s2XKBYZ8VxJrjos
171,171,insert,four____,____2681,zx5aDhhpvC4XcLYQui6cFvJo6BLGjsj8GlZj4KghCDZw
171,171,insert,two_____,____2682,x67uSl09rrtK91JEYjOPgoNIw0Djr9vB
171,171,insert,one_____,____2683,2XCSUjmD58FjUQcq6qfrI26Sf7hAdoDrJq8bfBnXyoSnFZj3gGpYnyqOxfLsivJF
171,171,insert,two_____,____2684,iiMLp2ueZQ6ZoPue0RZNip3KKbiI8VRRn4OIOCBfaBhoBhhdXFdjYZHCA
171,171,commit,,,

172,172,insert,zero____,____2685,cOPeagIXqz4cIx0QygEhCZasyIGVkGm3IomLmF4KWFWPi6D6SJ6j2z1f78l
172,172,insert,two_____,____2686,TqjcrzEqjbpuHWi5dpWDGfcDYmTfLImTcwhP3jIY
172,172,insert,two_____,____2687,rgVr8NA6qreZYCW0FXzZ3VtNnrIA2gE4Q5UzxxEiQC1Pb3t66ds
172,172,insert,three___,____2688,qtgY6qPI98FRzM82pi6aTtYtJ361AyQQjhPkrS2QZyvrI70V
172,172,insert,one_____,____2689,gCWIkusH4IA2DZYHEkUC1AUnCSR9zjB0VACBA2HRQo6Z4eLpqyAGT
172,172,insert,zero____,____2690,Y30kAApfLTfbDi3zlB9tTAD1eRSSpHWs0d38E9kJDTMO2RbHOd
172,172,insert,two_____,____2691,pVatVtyHNqxhmMFrJWorGh0XyCMzXjHx1Ek7uXMYQRs1yfcw7z2MQ
172,172,insert,zero____,____2692,R7TBHcZdAIbSnpt4sLfvf5wa0GZCvOyaFZKdJ6
172,172,insert,four____,____2693,eRmMCUE63CaxzyVTSCNn99b7diKAe02qctA0NHRg7WYp7FsUYGEHV
172,172,insert,two_____,____2694,B3tkYHB43WWGIhjCrI2s63NvKsJEJWdwv
172,172,insert,zero____,____2695,ssuwgvTIgCpo7qdh8ypZwhF6YzuDCz3TtnV
172,172,commit,,,

173,173,insert,four____,____2696,ti3v72s5IjR5AWNmeITdAzFgWaL0AkmXHg76d6Jxkwke1kJXMbzKhLf
173,173,insert,one_____,____2697,NKhs1Whvt3JoLsIUuAoYmdXmO0093UrZDBcyZQn2mnNV
173,173,insert,one_____,____2698,lEFNlHnzuFGJHWa7adWbZdaS6Z55OCIjw5xyNckeXZD1Pq1GZOmJ0d8UfCfW
173,173,insert,four____,____2699,Z2WJlOpt7uUn2or2hTG3jJAvqpkQwEyiBYhxoruq
173,173,insert,three___,____2700,KB7QQRjRvpXjyTITO5lOiAUIy5im1LTHORgc7MEA7OoLF3Cv
173,173,insert,zero____,____2701,sMKtypKNSWu0W5kxw4D6hlCV9xtdzemrwbXTt06Q8OsKV
173,173,insert,three___,____2702,Rr03Zek6VzKhCa9xpZy523oXPiivsUEts0Yr2XyUT4l510ciCxAC
173,173,insert,one_____,____2703,O2tZhCCOiRjRJmK0gQhPEKwMrWXjZWSn5s4H
173,173,insert,one_____,____2704,jrJnsaCdZ6yHgUY32jWZt12Z6UCwQ1xYxUoZfrTWPtvD7A3waUmy4lzq3
173,173,insert,three___,____2705,v2zZWjKFDUf2zbyo9tL0D0VrGZ6dVbdZe3NZSvOtHrH3LgzBY
173,173,insert,one_____,____2706,zf19txGCYkWqkuiVx2XwIphKyT47Dmc0idUdhXjpJhOtqHN0EuokBf
173,173,commit,,,

174,174,insert,three___,____2707,OP8RbaD6diTJIeNgFvPpW7S6Lz9i9fQEhRWF
174,174,insert,two_____,____2708,rw7Iyd6ULu3HQyeJKgcY5kBupJ8WCuoeb4dY4m8
174,174,insert,three___,____2709,muBk9UifNHPwoYBH3TjRe6muDYNyAfcWbMjddQoY8
174,174,insert,one_____,____2710,AQVcrP7O1THrF7wPWGXU4CYnlgIDXKRCrIOy3uVccNTG
174,174,insert,three___,____2711,Ml65N4r9f9vPmCEk7aKknHv3g1YEF5P5IO
174,174,insert,one_____,____2712,XlVvHwzAN0G9TjcFGhxKucgacd3sZzl624d
174,174,insert,four____,____2713,KlrQNWa1ysw5nh9oUxkzs20ZvWNAUNWZZZtDnplpZXYBCILKIfut6MotO9d
174,174,insert,three___,____2714,Ghp2zZkyIzsK80PhpQJ3IGroiGFsHOo83NcAWuYr7ld4
174,174,commit,,,

175,175,insert,two_____,____2715,sqvmt11fzwlCzP55szV0c6rdCfenGNTBAICG1SlFe
175,175,insert,one_____,____2716,4t8rPoHtzB48GiPbXXvC8Z4rTgR1YJHyOHTt
175,175,insert,zero____,____2717,maD1djsuGf9cC3DP87w4clts9wJRhsV76HAFG0ID7ysPJ
175,175,insert,three___,____2718,iS5J9ixcX1uDVvrl0oEPnlAawSPK1ptMzFgK8hzKU3yjieNUipiPbPs
175,175,insert,one_____,____2719,R0pN8MG0sQCPnRFlnK7nUARPMcCGNYuqPYobNiuxdrRBGZXJ4EyEFPRKCMgoi
175,175,insert,zero____,____2720,0hQEdYjOK0uJeYL8RvV6YZszb1Esvd51G8nO2nkAuFZ45WNRyH
175,175,insert,three___,____2721,9jU1Q2k6jpzwtNbLLkMKjL0vEE3CnEFPaLXXHBL2DuXU2VCx
175,175,insert,three___,____2722,xCGhAQgX68DEJ320usgRVkNMqsFZnAcq8uzeyMuSGknWt51kgc
175,175,insert,two_____,____2723,D2lXoQdpVudAllIqiEodI3UncLDVya9P9aSXhGv782Rf9U8fP8IxRU64XYVcjY
175,175,insert,three___,____2724,HfeBsMaLrVqd2tzeklzBy11bsULFmpe395QU1djOmqZtmOlaqA3
175,175,commit,,,

176,176,insert,zero____,____2725,4QyLjT7SDDeA2GBnLhYN3YSBjkVerRbEHp
176,176,insert,four____,____2726,8a8L3pJqsvABJNCXdTyn2p8HGNc3TEcShbkc3xNuC
176,176,insert,three___,____2727,b0zONuDf5Vr0jI9udJlAZGTXGMLXVFbEqo3trHfzhzzWdLuzlptO
176,176,insert,one_____,____2728,Lsqzotc9nRhwiVhHVz22CG0Vs46n34p0elMfgAXrDpH9Biwq1Cx1QH4
176,176,insert,three___,____2729,KPSjgv5NMG9qbzBowHjegehbCNHNLkO9pY
176,176,insert,three___,____2730,Gqa6KjT30ceCABxaBb14BMz95ehYJxbDWqDXklGueEaM5LDoGFAg
176,176,insert,two_____,____2731,Nim0FiwaXZuKlgDo1TezbrUqHYm6UOybJt
176,176,insert,two_____,____2732,mENhOrY2sfXHXa8bCvWi2b0SBpQEttzTDV7lEAiIGYjCFxzfeZh
176,176,insert,three___,____2733,nVEscZ4nU15jK93jiGxfLLgetdbZs1J1Aoxrpsxa7
176,176,insert,four____,____2734,q2jxcBYRs4hvMLpnJHqvPS858Mo4UPCV
176,176,commit,,,

177,177,insert,one_____,____2735,QRG6PUK6YmUw8XJm26NenO7LJPYtoLw45OksyarnluFT8nd1Y
177,177,insert,three___,____2736,VaV59WjlOaJ5V7iwqg6OobPFY2ujt5DL
177,177,insert,two_____,____2737,AmvEy7hMT5ggYpTBTZKcpci1HRkRspRmCnZBs
177,177,insert,one_____,____2738,Dh1VnE3Z9KgAvndEXiInDNUpPItSa4jZ
177,177,insert,zero____,____2739,CpwUtPUrEsNEqTlqFS2JtKhSGpoyhCfHY5KBFaaaBYfLog58uy8rHiD
177,177,insert,four____,____2740,lSLa3OB3lX3b5Oz1BljSQJ4gdoXvXpim
177,177,insert,one_____,____2741,0EdbNxhh3peybB2tb7ouKrfIXuc9iGdPWO
177,177,insert,one_____,____2742,sBA1M959xyLv3orbXYOJblh20EXrVvdUxdhDKCc7hJTicWsEjKy
177,177,insert,zero____,____2743,Bw7AqS0wFh5UYNCtOETEfJp0Wqs1MEOdqY5bA0iQweG2WuluV5rIcnh
177,177,insert,zero____,____2744,3EM07iY3Qcy4V5sY3BQatCjeLaFx5v16B9KkJVH54Xwt7GbzDFR06pgmZfHZ
177,177,insert,three___,____2745,7sOGigcodf7vfrWPsQlAvwh9k1Jwfbi7IuE1JuWAxGCPJgRhpjga
177,177,insert,one_____,____2746,x25zIe8NsUuvep32k378LEfMEnJIzRTSTtFl
177,177,commit,,,

178,178,insert,one_____,____2747,3BQQ2NQ4YWCJtXmEcFvY4173C8vLUiXBnss
178,178,insert,two_____,____2748,EXW8EcBbzCbQO0hK56mc41ouEjij9huNbWqaK
178,178,insert,three___,____2749,6K2SKVMhAmoAUq1kpbha9rTZzWY3QQjSb5TrsN
178,178,insert,one_____,____2750,FObvPMw7Ie1v5etkozXnzzPJAipT0BCp96v
178,178,insert,one_____,____2751,YcbTJLU2q0Cl53hG49fzLCOrRtc9fi35JF1ckmucqC6qiyZme2mpaIyo
178,178,insert,two_____,____2752,KThs0fkIwfr8jsvovg1b8zzT2S99nC44owfJ
178,178,insert,zero____,____2753,B8Lz6lYEFDIJxknxgFSjJ0cIxNpzP6X2kVp2MzBjV8
178,178,insert,three___,____2754,0fNBVX3zp8nbhgUh8Wx6QX72X2KwPgb4MFzwOHoh9V4HgnrP1hFysEf
178,178,insert,three___,____2755,5Sww1N9EizndOvy9Uw8Pq6Fi3ykui5poDO06Nna73sHt4pHfyWrVntSgUt
178,178,insert,four____,____2756,NBBr77RJ6GIb6MbailgYQzmuzBktWy81U40lzt3U8mCe7745B2b2ckITD1HYR
178,178,insert,four____,____2757,pLmBr9zsuXN2zs3KvbT0KRVyL2JEFBBVOxEVXTUmnsd62mer6MecNlkLC9x
178,178,insert,four____,____2758,vq1lMwtUnz9c6PGNdEIU089oOh3EZnLIzNzCUxchrF38T
178,178,commit,,,

179,179,insert,four____,____2759,lkE502exWQgXtBtv5UraMeJ2cAxynKfN7wAKosspB
179,179,insert,two_____,____2760,YNaJLu8wFbx7kh3efCKyLbfkL3c3TYvLLpFo6ZIM
179,179,insert,zero____,____2761,tvRMyHV3Pi2ONwobRUVKLSDSGK8xuuoUYa28F286kwIwxSarRCAB4tmg
179,179,insert,two_____,____2762,McXMTMC9ji7zC3FMSyCACrpnMwRP4lQkzLEGYM
179,179,insert,one_____,____2763,kknuAvT11nOzTKKW2aFO6snIdQgaHRSo3JDDJG9IfCqnnrDphLhTK2o4
179,179,insert,four____,____2764,DsguKdU6cFGkt1mgbgeiP9oSUt6QedcG
179,179,insert,zero____,____2765,w6byZn77L2roxeT2pMCgKmMTSfcnEs9vurxOpedsyIMGEGaitcV
179,179,insert,four____,____2766,5wy3TXi2uBFnV8c9ixkjYZXqMjn4Zb2XdaFmhTacdIN2k0
179,179,insert,zero____,____2767,8TM9Ca1puQlXrVtiFpAoo6Zro7siiHbpS3AFehMqc
179,179,insert,two_____,____2768,TDnhtYdE57whZejf9rGx0Vfy51JxSyORv5wRX33JfAzJ6KHcE09QMY0DYit01F
179,179,insert,two_____,____2769,WaUi3xAqkIofEgViugLuUBNSvTvA0FBYWPds2uFAfSHjGdkTnWgvhy4YDzDyGg
179,179,commit,,,

180,180,insert,four____,____2770,dnDEqgKfybpvMjQ1WnYL49tP4fsOCI9COpfwKI59fmAgaeesM
180,180,insert,three___,____2771,ApuORXji7ynylMcH7ndUvulOrqAxRcpdwG
180,180,insert,three___,____2772,3tarzljORceC6yW2uFvfUyzlh8ufpZGkhzS5JjBNP0cNwTRD3T9eK2BBkVGzwL1
180,180,insert,zero____,____2773,tZA6YSvWHtGo388oVFCaFxW40qy6n7y9DL
180,180,insert,one_____,____2774,JXeyMxdUHtr7sHEiaR4QgEKBQyW5H6YZu
180,180,insert,two_____,____2775,FAQ2D50rwtBj77IgYkPkptlyz35Jl3odEhHDkSllVR2zrpvJRJEQ5cQChW
180,180,insert,one_____,____2776,5ygZYH5gOFAL6O33TxpBjE9ZcFbzzWAZESN2ayi71sMRuzUjk
180,180,insert,zero____,____2777,PrMg4BxWFp9cQ5hvL7nAlj1Y1Im6Zabb
180,180,insert,one_____,____2778,mvIZ3i20ZCFFNcaoeOXbu1JOIbBQbtcfK
180,180,insert,one_____,____2779,SG8LNGAc0eha9zwSQH0LemECYSbIhpBeEAJqvocEyWnK
180,180,insert,zero____,____2780,azbueWPkkrLQe8xDYtUVe0ESkC6DPPrOKrfnTpYe
180,180,commit,,,

181,181,insert,three___,____2781,pUiSGqHGizjMaDSYTnrKPgNQDybmHOmZCuxEGd3
181,181,insert,one_____,____2782,N4UjutLeBQQobQ40KCeOnMv3v7GyoBfRbk0jZBdKq828510jMN
181,181,insert,zero____,____2783,hzf5u7SoK2MmN1ZAYNz8fanhoOAm7j1YynoK7iS7eOPB6l0KImgFppWCv
181,181,insert,three___,____2784,6l3SOuOEqsXRSzhKe0hiHIjVViTH14bRKi8tvZdIbQZfF1jLiloqb2pNJ
181,181,insert,two_____,____2785,QYQj7cOg0S4TKMIe0PzrYB9F9W4XiWO29MSQFprD3ICjbu2OlV2wi7ifnQUhQ4R
181,181,insert,four____,____2786,casyIPFhE6FWQGsivw7PlkB990cQji4AjCL74
181,181,insert,two_____,____2787,wZPUHjXq8HueRm3qJ8lJ5WINDquYQOea7WSitpDTxTD5slfPm9w37zrXzS
181,181,insert,zero____,____2788,DTqnuZSfVf204rzpT285dIRDn9D9eQeVVM0wa0DOXdGkVqf4geYjkiX2LL
181,181,commit,,,

182,182,insert,four____,____2789,1ISpVJfGdwI2jSX80aYDlaM78a4T9jXBIf3rbDLivF3K4fWiPYY61iVUHbOOfj
182,182,insert,one_____,____2790,CjgQ3JaT7NX5ipR7L6vl8cqLngvudQnQqZM6x7uhz2L7aSu1ATvTVn78T
182,182,insert,zero____,____2791,E8UOCy97Yr7u0Th9W0n60K80ke9AU3z1cr4uy
182,182,insert,four____,____2792,IvWrzO6eQuWPyhWjqLvvLcP9cY8a5K3HfzV8q0nyDw1OsEG
182,182,insert,four____,____2793,UlarWxpPNWlpSWt6xMWbXC7mxbEoC66InH7kBcav0T4IiGv7Rb3
182,182,insert,three___,____2794,I8PIUsZPAPcXa1czDp8U2uXTwyXCzmXI7kJPQ8ta7h5bex1V
182,182,insert,two_____,____2795,o03MuJCvXqOYIDsiFBnLzQtJDFbDMB6X3G5Je1k
182,182,insert,zero____,____2796,fO2gDhe4XeuITaKSXrlGeJ7dZGDq9akCM7Ix1e8h
182,182,insert,three___,____2797,LTnRtTfwvGQ2pfG3tGl7DgTEBilnNGUYAQVVdCFxpuGOyRwfOSSo08AgqgC8
182,182,commit,,,

183,183,insert,four____,____2798,mBnUAXMROCU24mbCFv9BTkO7EZTjtHv1ONrNJArOiAtYk4qd
183,183,insert,four____,____2799,P41Pr3x1u4Vp07LdBKI0tMvkaKJS5lU4GSb
183,183,insert,two_____,____2800,ubA9OF98G2iSC1PiySEH5LQR6wXLNObYgJ
183,183,insert,zero____,____2801,WBs5SR9ZrtJaWo9aqZ6nLCpsSzMomFsU064FRSVoYdCWKaOlwiJ
183,183,insert,one_____,____2802,zgIeDwedWPKbYhBUQJBAibYroAXn0995T
183,183,insert,three___,____2803,l6dzW2nC6cTO0kEECJyD2OtY0PygMn0tmjq9bVc3
183,183,insert,three___,____2804,nfull0IvuPZTo8DwQrqY1u6NNXYg8kPRy
183,183,insert,one_____,____2805,KKTishZU1ZtGAj3ANP5hHqieXoXkReUjbmnx8KP8
183,183,insert,zero____,____2806,Ha4zJkOPsEdyq6hVmqKw5VecOsFyFDRcFyPHAj
183,183,insert,four____,____2807,akJwNxCmp2th9UiIesranxJZeNFqvxmCzlw3OB2drCMDso6G2Ag4qac
183,183,commit,,,

184,184,insert,zero____,____2808,G1Qfj3vT4fbrb1RBsy0nefS9sAVIGEK8Gt
184,184,insert,one_____,____2809,pTcHmQM4lUon2D8Oj2dBi2HFXDNfO06Kd9LZXzk3QqxB0F1H
184,184,insert,zero____,____2810,vWliRiH2Kx48wqY1P4TopfZonk1meVzQjNA7LSevHXbvW3Juz2NnuoQYNi
184,184,insert,two_____,____2811,2v8VEXQQyMge8CNEZBjX0jfXoqd9ieVWw5wE8e5hZf
184,184,insert,four____,____2812,rQqPlN7mCGwkiznOHGSrKkruCoyDGJgsyRww3jH
184,184,insert,zero____,____2813,DH3HHpPqpzqb4Y1VzwEnDMP59H6ckghIaINt7iRisfHzMbjwD7JpqWrd
184,184,insert,one_____,____2814,9wkLcnlHxm3db6dROS3ENWsWlBs9afpvHoWpGEdwuYQ69uM2lpZGJ1pHSUxHO
184,184,insert,two_____,____2815,MXPxYAahtpZ79SfVz0Csshzitabjsx1YcGOJW
184,184,commit,,,

185,185,insert,zero____,____2816,GlUnyDZ5TKmetMoKlDLR6DyseUuUR4e9clcPzWQQBDkONP5FH2JqgU
185,185,insert,four____,____2817,B6m75sz9Rt9l6QobDnMWWrJ0pi6um5opwnmNRJUoVcWCepK93xqHF1
185,185,insert,four____,____2818,NzAMZEyu1HZb0IdneNrIqBSoAZDERdHAYaiQBk2xlRvIaWCMM45s
185,185,insert,two_____,____2819,nvbW4iA7L1H7bgQQzv4A5raoFjfH3WUcrVuFp
185,185,insert,three___,____2820,DW3IMftjh1Bf5yKDHh6qJvBF0S1GpvTueP716JJwa
185,185,insert,two_____,____2821,4Kjj7zgsnpX0C7fKaS1TcuI9xhEuSBv5rhvLWJ1pfL9qAZw5dQLRq7RYmuQ
185,185,insert,zero____,____2822,QHBl314mRdDknezr5ISVr3tQtXWkfhIgIaYdaVaUUaZBxuxSpi2bmlLJ
185,185,insert,two_____,____2823,djEE0QDXshJFYop6yGuRT9JxrVzvFB37AHWTc5AHZ3TY712
185,185,insert,one_____,____2824,S4NjjCuELYm9545vFSLn72LvedfHf5wplcQCDeO3Rns
185,185,insert,three___,____2825,LUndERNpjDJaZbbsCqsJYIjuE04U57AVgT3UFC5
185,185,insert,one_____,____2826,wAWinMvCdUzZQQysh4OSVxDoivNVkjM55uFTyDnrXdSDekR0NQeb9nILQQdQmVX
185,185,commit,,,

186,186,insert,four____,____2827,X3SJOwDQHcCJbcI3yVvOv3MYKxhGT9MPwP8UyanfMdprGXVtryHexffVzG
186,186,insert,two_____,____2828,TWXPswe73PwZnQTJQLd1BLZXbGjKo2HaiErExgSyM7P3J6O
186,186,insert,four____,____2829,n5Jd09bqrWS6nNSQZtFUYZZ2agxOgxohyPq66s
186,186,insert,two_____,____2830,S4kJW7RSDjgKtWVPlOy0cqADD4bKL3a49LR
186,186,insert,one_____,____2831,PHGuIHpTBgINVabpWuWcwj3Hh0ScqMQnCsOT
186,186,insert,three___,____2832,8gjwoZJgT1c4L2QU1jkOl5XiCfWjOYr3NNGZGBj1BAw1DluJqR237a6M
186,186,insert,four____,____2833,aRXUz4empsoz5aGndfmp8m3mqUAmHbD3HHaOce51SzUQ
186,186,insert,three___,____2834,JWT2jOuMReIeOXpI8UqCXv5t71sytVxVqa2X64LlOnPAxgezFd67rtgCxiEc
186,186,insert,three___,____2835,XQgoNUR8hsr8mVYvkbDa0vBaEQqDeY3LDAJyLb5Xt
186,186,insert,two_____,____2836,tniuzRh2GUBNJ3YM2OTY9PAThRzH8c2gC9P
186,186,insert,one_____,____2837,3DvW2cVWqR1rwWTwRWik4egEOMgSV0AlyOVLmh
186,186,commit,,,

187,187,insert,one_____,____2838,NLk9CVW4DaOK9abVrbFJTiyztXisfgdJBP1JT4WeDKnYvyVwPI9u1pJ
187,187,insert,two_____,____2839,Q7S5U3sJjsy3ckeFLftWpLnxYBTGGkYn2Enow7XYuJ0TJNHYhZoQZOdBKe9v
187,187,insert,three___,____2840,C6IEBGJFd24zw4OsL4r7jTZpDAOFW0b7rmbQjwUvKoKdJJ
187,187,insert,zero____,____2841,fOFpDPMXbpbJpysZ8oX5rcwdK13lfaJ5g0LJkOy1BNR3C3B
187,187,insert,zero____,____2842,Ms0AzVhqCqN8iEWnfc4IemUZQLbS6VCPU5jKe2B1d2F9dn2NssNyVRTBuw
187,187,insert,four____,____2843,ANHnZvgHJiWUfbUCUlsXx6It4cnZ8EWMlQ0DD2SRONlI
187,187,insert,four____,____2844,jajzjeyDizT3LUafraEEecBy5lcDeVj57J4oBZ8sb6I7Dt4blIS
187,187,insert,one_____,____2845,bj5djnYTxSWkKuvidwo02iIHZO2s2y34zelUmwYmMGsVR91OiFpDG9tag
187,187,insert,four____,____2846,eN73jvR7CiZnqm2UvjkSnLrLSRv8TbgTCDSP2nk4KPz9j
187,187,insert,four____,____2847,y1UPJKCT1vtkv9UR7Nkp4WjqVy7ELG6WnLZVZKLFj8VxJPA
187,187,insert,three___,____2848,AfbHxkFieObHGkTRZT1dV2qRD1AjSbBxMCZGeo
187,187,commit,,,

188,188,insert,one_____,____2849,SUNJskLmqJB8TzryTj6hk5gwCl7A1G8jJNc
188,188,insert,one_____,____2850,kNxt6MJrXEV80BrgjGHDaywUF5eTmVM5Xo8uA
188,188,insert,three___,____2851,2bCvrmZlQnP3kezBckWh8cNhqDJtfggAsPrICXWQFy
188,188,insert,zero____,____2852,msdFztiVJs93xhSD61sdrkOx9wlPvM5DIirm9SN4hNI9SJHy5xm6Do9B58xi6X
188,188,insert,zero____,____2853,Yq53EYnF244OFd2ABP2A4dxQaKa66R3xOHCVCWQ
188,188,insert,four____,____2854,igs9jCziZAT7VHzQAeu3DkyqWn0gPkOljR9DIX119weLx9z3l2ISVT1pyzj
188,188,insert,zero____,____2855,9R0VERHNAHt9sppn8hXOaX7As9mRdr68Y2IqHn3AZw2aEHd4DFmtX53cQzmF
188,188,insert,three___,____2856,2A7IcuWxrVMeW0iiD3cErYNLVfaInTr3448j0r
188,188,insert,four____,____2857,R6WmPYVDdJX3MbEEWZZql35wcdXTJ9osT8awwHPywaNVp9gK2JHzodbdH
188,188,commit,,,

189,189,insert,one_____,____2858,ont9RlpFBS1XsGUmVc8P5rMi0oFChMmtqrMt4DM
189,189,insert,four____,____2859,zSX6Y90M1cnwqdWGlBrkuFc7dNcVUwAOeE1WWyhsi
189,189,insert,four____,____2860,0torNhCJule7K5unHOD0FsDaU64TckKggJPE69wqA
189,189,insert,one_____,____2861,gNwKjdmfmE6CkgRRaVLdL9bVHIRn2Hlg3waDGPK
189,189,insert,two_____,____2862,pj7lm2mtnKi7Tqf7Cn2uznvgo4Rmu2tK0R4qEY
189,189,insert,three___,____2863,2ZbhCKHYQDo5ukgd6qld7RYjusLaAqPdwzSkzaHO0iUH68339r377
189,189,insert,one_____,____2864,lowF2Ioho4c0SNxOAs0595yAR1sa2ixpmonOd1puzP1KpbytbxNLI
189,189,insert,one_____,____2865,f6tRMkhdRRTTBXOULUiG3Aj52yRhK9KoryWDonCUNGRRPlUn19n3Q2OaukJg6
189,189,insert,three___,____2866,UKeoFz2u2JXS3V2raqzUNfqTqqIivejKV01spBR4pQtf8PBfey1K0quwM4BBC
189,189,insert,zero____,____2867,GyuuDxCMzaYKEKnNH0FhfVvPRw9ZHOnlWICg7Sy
189,189,commit,,,

190,190,insert,one_____,____2868,ukB4LPFcOhqe0kUy08oK4ugQ9iwSq0eYE2
190,190,insert,one_____,____2869,u2NeLrD9dfw5WCqgeRhLuFRnq6be1NsFk7LU
190,190,insert,two_____,____2870,sNdzhFGkGdoZ88PxGFe21hWi5IHzy1D3vWsoswVzEXCKcbOx
190,190,insert,one_____,____2871,0VKonDs9CzcgPzMUbTwLjOPkpxffdaURstuAvQzwWqQsAtT
190,190,insert,three___,____2872,lIjcKeik2ViEftWEJ5I3iahfwTltB1TprY3qSE2Qp711BFlLnqSBILL1H
190,190,insert,zero____,____2873,5QZoWS4lT4qmhCpc0ofxy2fq2US5UVViP9Z8Nx6oW52VQeWTrV33
190,190,insert,four____,____2874,5DJPzfuYJQdqDtY5XA1gvqgNI6EJCNgpR9qpyu3pmuQgkztglmzMi
190,190,insert,four____,____2875,cWXoupvFYG9QoH4l9Qve8INWbgKW8e86eqHZtCCpF9CUiXsAMme3KEBHF95oItU5
190,190,insert,one_____,____2876,73juQpOHRd6LrmZhvGndbqhGt8txBO3Az9IxBNiFKodgRiBmt5KyhsaHI8Ww
190,190,insert,four____,____2877,AN4uKI685i1qB7OCIBeoR6js2Ymfl4SsJBM5cc8mLr
190,190,insert,four____,____2878,nSSIcRi6DihJ5BsvybebBG0VtTxz0MQk6PHhl
190,190,insert,one_____,____2879,Kav10CoiEDgWSUrEP6qgRsAVKxx7avzuyZdp4EqIReFQhXKqD9ISKC7ZnAJSt6KQ
190,190,commit,,,

191,191,insert,four____,____2880,mUnFp5K6wn1PQbco9RawzrxEWHxRPuTPL2FRry3GSmIKb
191,191,insert,one_____,____2881,65DKVnddXjpK1U0J7TRwbZEU2SAFfgIFIcKNi6Bw04Mlf
191,191,insert,four____,____2882,58BsmegaMaccEcAqMNnrv5DroG5r3wePuW8W
191,191,insert,two_____,____2883,6SRUBJ6Dgz8jchpZE5HqBg5jN2zwsdZLeJNvWYg4PSFaOOQEleLgbS
191,191,insert,four____,____2884,3aMLgoZ72hS2pywCpZ9UyzqA8uZ0BuQVdTE1eb0keb0fW5yrlKvUe
191,191,insert,one_____,____2885,lyXJ1OayMTFxpgwJJcNeP3haEpHwzBMPfRYV
191,191,insert,zero____,____2886,a7BH5ioErvgZaJtJhhIIZfagOxoE9Loa8UScQQxWbfFlXMQL6zdIkjda
191,191,insert,four____,____2887,F19o5ezVDMcMyUi1jefjGuCiDsWaXci4ePWPhez3tdW
191,191,insert,four____,____2888,j9gWST5trRWgfqvfKYJbO67eLlpjmvG9qjgiFUfBSe9hExeB
191,191,commit,,,

192,192,insert,three___,____2889,sAjsdT5w2oSM4bmYThs4JMqR5z3wGT7K1QryVPVzitPnb1Mq
192,192,insert,one_____,____2890,HXmH14uCUeTKx4CXrHDCUhj2JQezE05nJrEIY2BXNRscH03dTTzE1xa
192,192,insert,three___,____2891,1CzMut5iqv26CMTRc0AxPYgizMexKpwvV73gi9sT0LnZlfGbfwCrOaNvOz
192,192,insert,one_____,____2892,CNwvv35aeNWjY8QLYL5nn5BZ30HfDfsaibkEvGkV
192,192,insert,four____,____2893,4KEB0aTpAFgcJRiyKEWpWIXDmeeaGUhSh
192,192,insert,one_____,____2894,vfgQkqZ7ireeSCr2q2zYOLmiaNHtwr5YDID4Ft3Nt4G4raQv4bDBnN
192,192,insert,one_____,____2895,t5q1K3nTHQVCDVoWt8a1gLBGP4dMIZvByxSFrlwni0w
192,192,insert,four____,____2896,my42uPohoR5dyFhBOX5zQh3dkpeMHtbJqyZpcM6KGl4V6gkNE
192,192,insert,one_____,____2897,kZPBHAmBCc7tBJkhunQ36lFcfpNkJfNPviP2Vsz
192,192,insert,three___,____2898,Z7unWADowtJRyHbTtYRGkWEEmwc0Hzka
192,192,insert,one_____,____2899,nOCzYEedLWvZao4MJx9rFucfHtk9oKPnfeT8D8yOL1h52HNFzYEEnttZn1
192,192,insert,one_____,____2900,kNN3CG1w0tmHAA7N106o3wLbYeDH7G9SfvMQJeh56eeAR8mecioBtu1aY
192,192,commit,,,

193,193,insert,four____,____2901,n860cKRBVKQzrkpn671w2DMWYufoNjVRVLMhd
193,193,insert,two_____,____2902,y0IZi1ZhANS1LTi1ccY6BYdD9wZnDCDyNkPGKLde8vfA7MPojE79o6WtdEZ
193,193,insert,three___,____2903,MPtIa74abUq5DAwzzJVnlkYoA90VTU16ZNbcRYWXhouF7rp3v
193,193,insert,one_____,____2904,kDDxH5pqOlUzgyQE8VsYrLuQj0IbKzS0p1ixI5
193,193,insert,one_____,____2905,k1RE71qf89ILPWX7f7xCTVTXLK8JlhY0
193,193,insert,one_____,____2906,Ips9RyuEZsMss5xUddbdBwqTgKfbmG6XlchKVZY
193,193,insert,two_____,____2907,VXBlqYdVWIERpScQ2HRhI6hkoXIneA85phVTUgOSqT2L1yvCaMpBSk9EXoX
193,193,insert,four____,____2908,IUCXXFCIxh9wkfO1ULJyKBsTrEMIjDkG1b8754fLI
193,193,insert,one_____,____2909,MoAyZEQLjlCLuTGndeSS0hNUC7G28PQ6oTkYS36P9h
193,193,insert,two_____,____2910,fvt6jFvRXjIJ5jrvpBXtFkGdDRKYxyaSnj7dpSnTB
193,193,insert,one_____,____2911,0snMdzV5qdhwhrdnKkzOCYfnpXCXPJ2Z3E
193,193,commit,,,

194,194,insert,one_____,____2912,ILbulOZTu1NVcabGfZDqazNJ5z3yc0EOhGeE55d4QxgtQQdjjEcp
194,194,insert,two_____,____2913,OfggCUG9iJXrBbl0uXwSztiQrRPT2lrUPKFA8w6yOS2be
194,194,insert,four____,____2914,XSBECvgh5WomdQN8lb0oQ35l0QldgGpS7GIBCZ02KUZCyDSndZ2ozeuRGybuB
194,194,insert,one_____,____2915,GxB6cQc6VDde5Oii5QE29BjSQd7nfSBiDfbnnrpkL02
194,194,insert,zero____,____2916,8foZAqr8k030E1VgZ8yqCf5wnWameqC0KVZsjpsvmp
194,194,insert,one_____,____2917,pmvWaQvU5LYhbjG3t54Z4OA3OEchoKeFWx5ksb2wUqYJo7Ga
194,194,insert,three___,____2918,SxRtyOWnjf8i9Pz1JE35651ProwSfF6W6
194,194,insert,four____,____2919,CrD1PAidK1JliorzY6smNnJ60QScFC2ifyAQWUTctW7HwqhTJRt6BfwQjtu
194,194,commit,,,

195,195,insert,one_____,____2920,GkOicOkP19zRqHdlKt96dJMtxMzOHFmP1qElU
195,195,insert,one_____,____2921,hFVnTWGZC84L26HsrHb0hxxnf6ShsXTzazfqnjVcXfWUJZmjO7gtjn
195,195,insert,zero____,____2922,PojqsedpetrueNIhX2l03ZM7D1Ue46cg8fhSELzW6oNBQOHhwG
195,195,insert,one_____,____2923,a19XoeEJGyCHNOvxV5gBk2Fp8DBC8yF54ozy8whHmDjGW5oK7gCpR3Jgg8
195,195,insert,one_____,____2924,nLi5LuXmSKQprH0iobq46YKMVfsYmEr26lJsop79qYwFJuWFDaRdSfMHt0xP3CFx
195,195,insert,three___,____2925,ESp3Mz4a2AYYz1vtun8gsxVchmEtThrqZemE0jZC69ulEeKXDmkbE7I
195,195,insert,one_____,____2926,yYk1fXXvJEWB2aqqZ1U7vdBs3mAp0w1Ow7avFUcl
195,195,insert,two_____,____2927,NR3LYz94f2dl0Pvwf9gTPm7hetGDhHP9li
195,195,commit,,,

196,196,insert,three___,____2928,Q7kKGWV8kLHTZcOd61XuDIHKCLc6LVtAYG34p6NEBWB1KHg
196,196,insert,four____,____2929,N0Yab3ODzUEdp2suvYkAK92vzmBojJKmQi
196,196,insert,one_____,____2930,d707fxXMEfXU90UATa1vjCoaCIhmEfIFxX4vmjDaJ
196,196,insert,three___,____2931,9bWChvyuNH8IJd4MNlRqDdAuQrV6lUHQZ8G
196,196,insert,one_____,____2932,gvt3uhdOLmmJpHd23yJfpxUpkQ3zQjZzlc1Ws
196,196,insert,two_____,____2933,D1lNgTVc3qLCl5bydynGAzUapUNxN9laEqCLojKo97UffwMQI
196,196,insert,zero____,____2934,nWB3dYHnYU23RyCGVF5FWhvaPyg1SEkwzfILqmqkwnnfTh5S8Q
196,196,insert,four____,____2935,4pemC1OYN0BV8kLRYDQTw3nKV707GbLgzQCTeGOPrt0uV6IZ
196,196,insert,one_____,____2936,Ild0Vh5OIrkELvfT3p2hxiuOBJmyZMijJ0fqWnG1UdmddRPsO2ntItFPZKcwqVLu
196,196,insert,two_____,____2937,1ujUJW7xOS5xmeMjRVAqx8s4tjGRCT3ZLdHtsCgqwWOI9yLUNC
196,196,insert,four____,____2938,2KwMthUUxYfmuvRF6uSRhiounZp7imEJBQAL3JEZYGqlMxHuIQ
196,196,commit,,,

197,197,insert,zero____,____2939,zr2CRoQVwYCbovpx4yXF4SfQtUcpXGtp9aqpFIimAwmlsiC6aCXZGO
197,197,insert,three___,____2940,Q6SIXsyokeMvpmBu9gHnctka6M7cH66l5Aia0oSpGcwlWx45Ux
197,197,insert,two_____,____2941,W5TiRCxNK2EGfNm4XbJByMllbWBqHAbeG
197,197,insert,two_____,____2942,0euktYG3g8V0tsVoQj3XoqPlQd2wq5TVZzT8
197,197,insert,three___,____2943,poIpuW8R1785r52xVzsyYePj7U6caOyV4KvkiaJCD
197,197,insert,one_____,____2944,SosXi8usBKlroOFyZsAVvWl667DFkiNRAZz6URyyCin3fAoWw3V2Zd5tKH
197,197,insert,three___,____2945,dVm3oMGzQimwmZYfP7S2jYnlLt9QMoTNDbPBHDvFWEH2aNF0Q2MOzReYbdfD
197,197,insert,zero____,____2946,kJBJt43Ven87A0ysjmyo4jEIfgwlqBPXfaC9hBD5BUoM
197,197,insert,four____,____2947,Wn2T7E8PEu4h4rK1RbvDsNa8AyQ2v0QrAPmVRyZtStd3v8k0YXq3T
197,197,insert,four____,____2948,0mQa6g0NPcYmjXiZ8lcMdSZcKosIN44UGmj
197,197,insert,two_____,____2949,xAttr7opSuMhwhniqUGDtOdckW67t8MbMhSh7gSY8HvgIgQ1YiR3bjjoXusoc
197,197,insert,four____,____2950,ZL8ZwqRXWLsNYraz92z7DHXQSrRujq9BZgIA0JJ
197,197,commit,,,

198,198,insert,two_____,____2951,wFLSlGxY9GGUplSfQ3HpgNoRefNRzeeHXHMuzVSXpxKary8n
198,198,insert,four____,____2952,JzeJcupkbYf6T4YZGEYhIsv1WJ3DBfS6mmNwDmvXthn23
198,198,insert,three___,____2953,wCeXLRBuVZxlT03nnz3UCSUWNU2QCTT7v3SVHiRouNS9Jaw9x6Q
198,198,insert,zero____,____2954,hOrskFwgT944fbq1SoqvPRo6fbJr9cQsKbsb53F3hi02RWYTQheYPf4wg
198,198,insert,zero____,____2955,qtesUEneSSDiKnWH6lwuQrmxgE2Gr5wNE1vVdwfxjnQhNr
198,198,insert,three___,____2956,5p5pwRTJ1tQZ2PaR6GypXruERpaVKKeWCOsr43Gg6Fp8omstGgyUQKn3EnQo
198,198,insert,four____,____2957,WIQyHSOQHNZ2tUBnQKksRMT8cdrgFLgyZaIuml9AYJ
198,198,insert,four____,____2958,WHNzW5OS8glH7XyWdvrLjqKGyE6Z1AXXxGCiJhmStQiJ7
198,198,insert,three___,____2959,Zaegf0TbolkIuhTAzQhXlsrm2BpXvExXK2hQgMdq1QCJ
198,198,insert,zero____,____2960,26lXTPDglSBkd3eTm0P4sSefqjzBlDGD1j6NN8aNjLaIfG6gv5DLG
198,198,insert,zero____,____2961,7MMCvQmDTkMPtTtGUjBG3xhMgCTIXHXJzzahQNjYzZDb7vmtDMc
198,198,commit,,,

199,199,insert,zero____,____2962,60q1hxZ6gDRFENgveP7NuTiYiLKFMg5ITvWlNwR2
199,199,insert,one_____,____2963,68R4VZ2vwoR1ko1WN8A8hQ0QGoULihviOhjiv2XXtWUFnVU3Xq6gSoLJk
199,199,insert,zero____,____2964,P5yaq0fvpii3uf0T9qmhQVZUhhojJesVOyDBfaxkB7J0KerYvkddlV
199,199,insert,three___,____2965,d4EJytjREw3u4bEhT0BcD8BagcFWmkHsLu34aXaWas8aieC2d66HKiU
199,199,insert,four____,____2966,bADf6DZWQEkvn25jqUuSvvctDvtMD8xYU4Awgfuexmo7bHfQ
199,199,insert,four____,____2967,di3ehBHmDhNeUUjcKhE2w7FyhtBnfhpGIFiw1y6DCUmE01Xs
199,199,insert,one_____,____2968,G2cjJ1dPmZXW82N2bVwoMhVb07EZUlumR7zBBcUT09w73ecV8Gnggd1s
199,199,insert,zero____,____2969,VZFXmi4izaCjaHegMaSf7yrLA554bhvSj85jrMcAOzcLaVWTAAd
199,199,insert,four____,____2970,VLQKz3tIf5Z6eSQZT2RkeD5bcvmHumOt
199,199,insert,four____,____2971,IrqAC4967IJXJYuXfDMnN9E7mWnlHSInKDsHswvUE4Yk3vd4WvLB
199,199,commit,,,

200,200,insert,zero____,____2972,PtPSGeUbTCXgkmu8HJjjbde5EHU3dkO6HfIXAnbaYuTDbyb6W4Im
200,200,insert,three___,____2973,1ZcmooyIlyfjHin9TyC77rTSD2Qpc4Lc5Hb70AKIeVM
200,200,insert,one_____,____2974,LXjr6uJ4cU5n44bwx9DegzUmp3tzMmFw01PfsGIx1vr65MiJ
200,200,insert,one_____,____2975,QzTVFv9AystRS3oNRIstOEdQjD63nNZG
200,200,insert,four____,____2976,vLso573pffjQ0zvjlUBBjDehXQwsrBYx
200,200,insert,zero____,____2977,cj2vsaSSK0hPYt6bV0k8nkyZrD3rp7bAuf4lL
200,200,insert,zero____,____2978,tI8WM1CmHKCe0BjmJ5xTv5UXMy9rkVAI0ckeaIJuYOzHeDaIDXROL
200,200,insert,two_____,____2979,5rUyUHR8PMcWv29JdGOPT1m7mvoXZa7JwXER1Buz3ELqx7HO16HFpCXiIyit
200,200,commit,,,

201,201,insert,two_____,____2980,mpkZcFiknUSR7BHGJQCJGw0jNfzbV2eGApxuizuUlWn0tJ4X78QM
201,201,insert,two_____,____2981,6bOPRcPTUbP0PWoWJuEjHorFnu3oKTrBVYUJQpuxPKgfCAZUT52vEN8zUISYZFG
201,201,insert,zero____,____2982,nTmg4PIqiUbzO2arOoqeLAEt5vY3FOSAQJJGbnDgskxvOZlSbho6JlzEhkUs
201,201,insert,four____,____2983,j9DlaxQpKPuV0tW170DQ2n4XupSMnuNAADzUMyUjCHlVOerdviKpT51
201,201,insert,zero____,____2984,Q4x2YqKeM5CcgTd7ydgmeSrVpuroLJUxsqmT5yDUWxT
201,201,insert,one_____,____2985,Es69r1cdmZNpdBxmySWBiXeoQMoWFDNuK1lRfnflTmPiyNoZcEtBBT
201,201,insert,three___,____2986,DmgqoPd0KLezsff44qRi8BACkQATvBBnIYovtqXlx
201,201,insert,zero____,____2987,1AaGkyrYG7MDWGUUOwcMXbdoYIchV9dFunIMGafRYlzae6C
201,201,insert,three___,____2988,z2A5i2QAklNpajuVzyBDkafhis2Mg1CPlK57bjPhibQzooMb4GQZMSUZAbs2
201,201,commit,,,

202,202,insert,zero____,____2989,ZfRqVePhuyKYIlhM9Rw08kpdXQYz36YwcWUdWbLWnaZ2MyTPCs
202,202,insert,two_____,____2990,18xPMxvIi2wnYLoxafzcY8tBSov2ArMqc8OXItJq1lOtr
202,202,insert,four____,____2991,d5VUTFtpZUZ5zVLszDkNkSp7ANh4actxPF
202,202,insert,two_____,____2992,9wymOhY8Dkqy7afdym0JQxRetL6SjmumAr
202,202,insert,four____,____2993,Arz86gizW8dKxuZmkXlDLWz8qeocj8WHhHuqlUp7F
202,202,insert,four____,____2994,W8kPqNfi5lMGYr4eUODKaXa2bPlQ6rIJ
202,202,insert,four____,____2995,rjKfpKvU8B2rLw7csh706vqhBdbxf36qIuQ62Fh9K1NeCnvF
202,202,insert,four____,____2996,YCPue0KxyMbDfn29mWaJOPm8zvjoTK2fMgMJ8
202,202,insert,one_____,____2997,9aEIKMWUFAQ9GiIfuqoJpNVQIDObIhh1RMU6wQYn12
202,202,insert,zero____,____2998,30RVjGN3cNFbNEzD5Tt0IJ97N2zhELfRg94BGBgRP
202,202,commit,,,

203,203,insert,four____,____2999,T9YOZJduidqak2GXFsAQI7e1UIcEAqaaI8V
203,203,insert,one_____,____3000,JJsJ6m8e79B6LDVHvV1evPJaoUNpTm8W6nksMjPh6pcwUsufgVhA1
203,203,insert,one_____,____3001,gqsNZaR32mqbec1Z8jnq4AP6DTgujhHlHfGnRdV
203,203,insert,four____,____3002,HtUGpfzKFn5RvvLyHBkTgs2sqo1TKY2qJKTuQmeaIS59RMzKSiSPZgfYzuatb
203,203,insert,one_____,____3003,oGsd8OdoyheSUAhDPR7385ThGZ0abUzOOLl1fZFvX2n2rP
203,203,insert,zero____,____3004,gDdeqACf4NDLYjzvmbuWyiBjx90iN8qGsaj8P
203,203,insert,one_____,____3005,iJ27RWVthoWrTTydhYNLIUKBj6O054mM4U9wlDcaISVsN4uKXuOe
203,203,insert,one_____,____3006,uLNGrhQ2GLUAXGy7r2lX4NC1TLJ59kjWD4krSQ1BGaBxPj9g1OmX8GZsCx2pye7
203,203,insert,two_____,____3007,Di5v31GbWJyNRftSZf25R861sIizMtmJftPZ7jeHpoo
203,203,insert,three___,____3008,TR779uRIZzFvSvPZbToH1PictMuegG8YYEumFMN3EzBQntC5nJqR40JYqh
203,203,commit,,,

204,204,insert,three___,____3009,Z0iXCKpjWiYqwuTMCZ6rQoEqbrINe960NTRmRGn9qaYcPmwEhbcxya6hl
204,204,insert,two_____,____3010,JsvTCK5ry3jaLrUioGwFrnFh0v8ei7MNgJahnXJ
204,204,insert,one_____,____3011,QYd5YMr8tzKCaaiZ6Qiy5xyzuGCm777N8
204,204,insert,three___,____3012,yb5y6i36EaX308Ky6B002xPIL0zloYLZuDeixJIoXPC7KLIofUoFoDXBHC
204,204,insert,zero____,____3013,nNgpN0wpYCDmzhhVS1Wm6BQq8qcSSAYjtZ
204,204,insert,two_____,____3014,78N0mncTPoMU7FBxvqBXMAqW4h4FhZghpky5XheVYDrs3nUFUCvlV0bcZn
204,204,insert,two_____,____3015,KMn2hPgZyJYOxeD0qjHGi5Ul2R8AehDx1jRWgvR2g8VCdMrmGvbtNVFuf6QbbuK
204,204,insert,zero____,____3016,ty2WTsiuDBNH3UKlLN29hOSyOZj6MBk3Qz7IgyTPXWHHMJpt
204,204,insert,three___,____3017,EtOWsPMpUBEFUo4h5JkB7SSkEnBuVtOcDrdHdO59gjNJWc9RMuNXfkUgFUT
204,204,insert,one_____,____3018,BSJB3Yw45qPWOFDQY5U9nMQpR1JJUpH0me8lSz
204,204,insert,four____,____3019,wHTfiLGIR1AKWTfG1BUVvK8ysfdD6ZGTv8Zgq
204,204,commit,,,

205,205,insert,one_____,____3020,oRQwqMjtCOen4kcl4FQHWQi7YIXUf37s45c16
205,205,insert,three___,____3021,REAZTeEidplhGdHuvISIzrLPLrLEiJRePovXioXu4lhCgJRgFPRbHGV6qQO
205,205,insert,four____,____3022,VOTbkTtGlqo84dFUQAHeSCVZsH4KWed4rWPQdpZcuX9cyYw
205,205,insert,one_____,____3023,khzS5BeCb8H54hVYjS3otJZQJIe80Xe5YImE0a85jLHsPRAegQ2lY6SGc
205,205,insert,one_____,____3024,R03JqxXznPk0XV64ANmU9ye0z7lCNEexKNHZrCTQzVcGsYu
205,205,insert,one_____,____3025,u9IPylIxuqMkFF84iPNT3dEkTztMVVkrUnsu5
205,205,insert,zero____,____3026,9J3vCfIjPNEH9u6jg6eE0U5h0oz4Lu5FGH9EFhu
205,205,insert,zero____,____3027,62qzMiMlkfZxwy6udeIKp4dOsdLrdXHkTomGxJe9YwvOhV8e1G4rvfejK25wfXq
205,205,insert,zero____,____3028,mxGZyNY5TZjT8gTbJDBUaksDfEdZN5cX8idu4J10YWAghZcP
205,205,insert,zero____,____3029,pbQ6DjkGZkVeSKHF5kPydEX2P7VXNj2FI2tibWRBBza
205,205,insert,zero____,____3030,yZjD0O3CbhXpnXnSZj8VtqaJXiMGiwaLsTuuqTagMP
205,205,insert,two_____,____3031,9NYEouumdxpDNhwt9HEOkcpFz9nq2uN6DmWUYoGXAHPXCPC
205,205,commit,,,

206,206,insert,zero____,____3032,NxwPmR0UXEVoHRX40ukg4sB9idFy7KhDPv3vjTRcR
206,206,insert,two_____,____3033,6viWat82mkOLfwZ2WhAo2TxZjqqUhifalhPQ
206,206,insert,zero____,____3034,bwWGZRAHbSxflPsZfyE1FMsVL0uqNeFu7q
206,206,insert,zero____,____3035,RHjMqtUGhyQVhuQw4zSTX5JDasDlAKIvhkasWvUTSMfn9Mjze0Oq9FV
206,206,insert,zero____,____3036,pvTUEP0aOJw5ey5hdRVrSzwwLyzfoQqZzFA0ymCJ
206,206,insert,one_____,____3037,SqjIKkiZHxPVmsOQpcuOXipn0rZlZGh1
206,206,insert,three___,____3038,1LW8AEjzYcUNNvzL5qNM2JKTc9FFJWwoWJwzMiDV5dKkEYP
206,206,insert,one_____,____3039,d82k1xixjTzDNsCwHcfrmoLZBRLuuGYk4
206,206,insert,zero____,____3040,cnIhTXv5q1gha1mfy4UeJEcLmHfRYnWhVDDbWoJwDtFGiwvxcajL79yPnhfmcK1
206,206,insert,four____,____3041,9KK0Vos8FBp4ahemdZK8U7IKptYGEzd4nmQMhre5aLchyheV
206,206,insert,four____,____3042,T36S9i96R3shX8KYGNGLgA3E3ndZ6ehjW07tenWn8P7sjfUstrZk9c9vQuuO
206,206,commit,,,

207,207,insert,two_____,____3043,4gfZ63iurgPHzKE0gmjs90dBnnNvgXDCHAVra7Bo12GMrndoorT7BHyLjyt
207,207,insert,four____,____3044,SY5khx7yTMJWm4csg7p3KYSyV3yDp9Lt62W0zrMCBrHqWaR7FcSyjsxjjSP7iQw
207,207,insert,zero____,____3045,6FlxNVwzwA1chF1w5f8hasy3gM05LCuwKqYA1
207,207,insert,two_____,____3046,jv416Rhg4hWFZKn5A3X9cPAGqf0PCmNanPWIZYiwA3qxffhTmH0HUt3cXoSXA
207,207,insert,four____,____3047,d9eCKqH0nImkGcCdcmALalYz1eihUBn0yuXxQPkFKn7W2Uk3RyWgWCdEpqER
207,207,insert,one_____,____3048,sepv5OpKeskoZrpOYdqiQ9ZJGoMfJ8IxW5JQ
207,207,insert,three___,____3049,9hrpVWOjqMTumh020hlJ4ESLhQwNNLX6asbFXZD5fjgBQibNjplKsxm
207,207,insert,zero____,____3050,drGybQLXFN3zRrkQheLzefdXHUhUCbXuN
207,207,commit,,,

208,208,insert,three___,____3051,3I7jk7JtZktbJEqtWVXFZZcNGIEoyjkIMjicdVOa9ESHY7syDR51n9IcyIXRKNG
208,208,insert,one_____,____3052,2SsJnwrGEW0bdhiZrh3MivIE8LXxyIAkA0YSkk4s1ZmubEu6COCm2y3AWEuTvzJw
208,208,insert,four____,____3053,auHpBT7BfgMzfbrCs2mMAsR42DrRmgOz
208,208,insert,four____,____3054,atHvBaVDKnE18GNhpyVQmDUnFvjWvwLg4jHqDPznDR
208,208,insert,zero____,____3055,X0XqIiH7GHfFqHOnSEzC7gTw3DuVrHZ6
208,208,insert,zero____,____3056,VNP1ZS2xgIBIAvjrlqFlyOm2vvsCHodKodyL9TMKQfn
208,208,insert,zero____,____3057,gCYf1PnpsuyjOHKKYXj65QDCyHKZw6BEiNOjSXB9iPDMeSopAP
208,208,insert,three___,____3058,LGDyOevEiKDOe76TYOpBHV5rTx8NJgJZ
208,208,commit,,,

209,209,insert,zero____,____3059,G3T5bm8mdQ1ZuPA9pPVtuvNoYeynPYHoQIqfpBsC7jmP5
209,209,insert,zero____,____3060,zrIBSCCrz2a3pBbrMAUZSJxaY6kAsSjWwRVD
209,209,insert,four____,____3061,h8UBDDstsGOgF6kmzGuiuynsvKwoIOupqcb2tlEWy2enC60K
209,209,insert,four____,____3062,n4v0Yns6v3N0wmzgZsRq5uAVYb0fAZ8n1GJyc6OU11qYNBR2J3MzuM
209,209,insert,two_____,____3063,O1SrvjZQYfwAmlUR3ICeiyLcj0OnQq2PDrwIiHUyKh6iT
209,209,insert,two_____,____3064,BCLVNwbobzHwTrpz74f91IK9tmQwYDAlWNvKolr9j3hDTvEB
209,209,insert,three___,____3065,lxq3ptt5XDIvjGRufjglf6vULgHJ0XyFEcr1OoZ7a7BgFZwWDu9AeJD
209,209,insert,zero____,____3066,v1VygpNvVnk7PIdwZ8GVAu0zJZf9SdFnY97jdpyDpy6HEYL0Bh
209,209,commit,,,

210,210,insert,zero____,____3067,BbqfrgJvj8dR2Yk7r1HxOrZrLNgEwyvP3zoc46mvh1aBQ2QahqL
210,210,insert,one_____,____3068,MyCN7RpE2tsvBg6HYSs48sh89hUyvyTcjSBwCtdUBEBHT4MeFmFkeOySppHUT
210,210,insert,four____,____3069,PtxGpxUdQKOSiBSEh3njs2wzkmDcI63y0ptkdSgEeB9UJidYA3lWhq
210,210,insert,three___,____3070,MyLUx5MUX0UiWNvgMkLQRNT48ZUjEuV3Du
210,210,insert,one_____,____3071,GYfWg1YjaLUdJYMNeuMj7IdmZEPuDoMIYS47a9GQ7gELB3p6SMNSmfj
210,210,insert,four____,____3072,XZKTjgOtPQZedJUtqxDfjhloX4voalnsbRyn0euXrnfiuGSsQvBE3g3gX1oUVUMF
210,210,insert,four____,____3073,cc54kcjunqC5es407Z0BWEZeYRWJjVt5miCmBMLL7VQFJXMaXrDFNQwV
210,210,insert,three___,____3074,fsUkVcgEBdawVJqv1xB7P0NSuH69inGbq
210,210,insert,two_____,____3075,zcqdUzvQDYBLlJzom5PQs0xriV4Ac0ijvT
210,210,insert,zero____,____3076,b8cR8hWveXEPRvxxhv5x6Krp7mDX7UHn3fk1iUkNHypKnjXBuIyU1VI2NMkc05N6
210,210,insert,zero____,____3077,b4v5Wdo7bXrv11ALiTpnJDxJJl4wbfXEK5nc3UumkuOzmvVNMkfL2bn
210,210,insert,one_____,____3078,C66Hdl8XOvpsVbRazkeq9keuAIm4lVhzNaN43gKVPMJqwIgJorP0e1
210,210,commit,,,

211,211,insert,three___,____3079,uc8ZhF5h654jluzWr0GiRiqLk67ZjgqjqZVRNTafh6a
211,211,insert,two_____,____3080,glxioISkkh0P2zKjaERdXt2IW42ZRuQ7MT2HqRPXMs7gP0i8avMMho
211,211,insert,three___,____3081,gOUQl7QxwQeEt5dNc1m2uqagZtFmje2lZy
211,211,insert,three___,____3082,2g5K5SgqUa92ioYRzifBOS46sRJOzav92RVBzuj6pX4m9njTjdyikFLErlCf2uM
211,211,insert,three___,____3083,hH52RMueoQ6ViPDgYTQZOiUT0mZBZSXYnxkaIKAZZ7VWJr8SrDmcqtGDH19R
211,211,insert,four____,____3084,Cs7dbWBxPKafF5IlwD5naVXXDFJs3vtSGjBqIQjTDEf
211,211,insert,three___,____3085,ckWUMo6yThPAatvuJXjXSpPHAxpTVX1g35wj
211,211,insert,three___,____3086,gpZ4bUHi9DhTNr5ooritkdiHV3I0JykB9w8baFklxnC
211,211,insert,three___,____3087,Tm77AcvPgLUxcGngkSe0WHDWZJC5VYlo
211,211,insert,three___,____3088,8JS85rsOW9Oj5c6zSZbc2Z4M5uZskMO8zCj
211,211,insert,zero____,____3089,hrU4bmS7eN3f7e2HEYkaBi8D5IyraEr5OhnWUVJxuyxtemS
211,211,commit,,,

212,212,insert,zero____,____3090,Vis6b7zbjkwMnKSNkMf53cmvPPuqlNYDlT2Zuh51Ad00b09f9UDy
212,212,insert,zero____,____3091,gGkf89gSEqi1pnwaU2mgibLxP1CFBXrx6rEPVDQ3lQLHiVRWZrWP22TyQ
212,212,insert,three___,____3092,FwmANAGYqmV3A8Yrihv0E1hMBA8k7EZ3DMZ7G27sQ3
212,212,insert,one_____,____3093,bMqdMZjfRZptLRT1TzuRgMcGuDIQCnSNW
212,212,insert,zero____,____3094,FmQbq7mv352znlO1vzXKufjTmwhcTh5CaDDq
212,212,insert,zero____,____3095,4Jol3S9Dvn4nYC7vOljcYdQ4WjF1fIEI
212,212,insert,four____,____3096,4zK0f2p0V5A8k5JmeMGan6VD32JFT6Swezct790iuMUMg
212,212,insert,four____,____3097,SQ0qnpj88rfdTTX7A7yfDjGy6sHtPeDCxIB0Mf
212,212,commit,,,

213,213,insert,zero____,____3098,NzGZyqB7VvxXziwV7ad7XIgYjv0UL1sIltRpra75fNyVwym1PXts
213,213,insert,two_____,____3099,dir6fYigk70c2SrTtxsorid8nAi8LEbImJCV0ZjfUh5RSYf
213,213,insert,one_____,____3100,RY2hBhHhRgVjh6fAM4efu5jnonwqnPKKbdQgXPTrG
213,213,insert,two_____,____3101,HD7dSnwOsrmbCwKTAgtLQ9vjCKckcoi16GD
213,213,insert,four____,____3102,uTfwTFC5qcqXisCuhTfT4RqT0pgtwYKBHBIN1DLjByFScCrwrvPLNYPB2iLXV6Qs
213,213,insert,two_____,____3103,NnbRt5p4Y0H31w3RnURPiWEabygRMOE9ibKTT2zRSPU6kL72nsNUk3
213,213,insert,one_____,____3104,ELcu60GHFsbVdvYLBH3D1zYrIt4migzjzWXva
213,213,insert,one_____,____3105,wJxz20086WQriQGIXLlJKBddE71C08kbOgxZq7Je
213,213,insert,one_____,____3106,BY0Dl4HupaU1SSBNzZj0ot5BBWK2QfZkid2UKzDk8hB8pWavn
213,213,insert,two_____,____3107,mBecgnnPTQ71AjLev9djlFxVA9T5RXN51nKl38l9pecj
213,213,insert,three___,____3108,s7yxcS80yMYMx9Y644KAYKRHdBh71h1VrTm5QtoCAvRWnEG
213,213,insert,three___,____3109,HMAGZfKmX1p9eoUjsfGf77ODLmrtdBUAxpkbONE536XwmFDa
213,213,commit,,,

214,214,insert,three___,____3110,ytRk4uqxJVM0yypXTinzFHReYcK03hlYJIKmv9YCu9AZGirHXnwhZ54n8j90YZ
214,214,insert,zero____,____3111,lcmo9wzjKbPtlaeQ41urOcmZWDPF6zJLjdZhiUzY
214,214,insert,three___,____3112,ZyL5iA4xwOpxw0qghmxEZvHLugtBnq1ZJo
214,214,insert,four____,____3113,OgOUDxSjxZLJELALgvkm30zROCN1rjvKyeNE99jEaiyIBxLpQII9g
214,214,insert,four____,____3114,hrFVfstOOoO14wzzkJ7ahaY4LK9YUXm2kvbRku
214,214,insert,three___,____3115,roXmEnY4RXnEAosUzKwuAdjB6p0hZuzBV13FH8M7Vb
214,214,insert,zero____,____3116,KUdUla7Y2TdpJYCacUN6frxX3UN1UM3vZ1BEuplqhEvPD9abJq
214,214,insert,one_____,____3117,pjU4MX12ZEWRZZBvVv34Fq0DudQcCRkksHbsPLsIhkVaWjBHPaqz3s5hdZWhgi
214,214,insert,one_____,____3118,RBmUKd9Y85fd75AhKsn9UC5u85KsfPgnnqsmRBfv1a6F8F22uWQCdx6
214,214,insert,four____,____3119,Cz0bFxyy7d51rzYboVjSGIC6PpmFTssyt1CWD3qGTWZ518ayPyIGKLgTbMrV
214,214,insert,zero____,____3120,G48JkAeF4rY0ckxYj2XYCawllK7nNENecyxDqmQilbuqYu1eUisaL8o3VF0Wp
214,214,insert,three___,____3121,joPX96iC4pQoHqpB3vmjCdjcDvV0hszUpJte1E7VLV5nCMbbYKlvKhdDYPit
214,214,commit,,,

215,215,insert,two_____,____3122,68CViYdY8xbwyDuQHR91f4HRB5F0XTL6AouCeIGj5wAruhknpR2ayW6
215,215,insert,one_____,____3123,Jj0VzTRxvj314hLIUiEykPFtNwqICzMDZi1y8U
215,215,insert,two_____,____3124,bVNUSoG6GsHcucJpkpUbrH8ALawPyb8t36yXGlQzT
215,215,insert,three___,____3125,L1KDFA1V9RTmEjdfqi0JFyLxnnvzwB4AAPX9YfmGm8uIJgyK7yru43mSQ
215,215,insert,three___,____3126,eOuBVLlvBcrwuFD7xxkvXQYeOdQoF9MO5jEjwHORBXCc
215,215,insert,four____,____3127,LxIJ1nN7bikA6fVEemUDvKQ60tDgPtilOSVpGDu2BdbrsY
215,215,insert,one_____,____3128,rnrsMAX7tSa0PaEakI0L6C0hPo4e6lEZKE5g3Ah
215,215,insert,zero____,____3129,weVoJluuKw0pEU0xrnW1uihYtVo3VTAhhJgq405bFV9ZTFmrjDqhuwVE3w3P
215,215,insert,zero____,____3130,0m5RQAtIYyAs19c2I1ODcJEIIeRFQcLJ
215,215,commit,,,

216,216,insert,two_____,____3131,2PCGdk8tOs0OWXhKxO7CTXy6ZqonNQ27gBAlhvzpzi
216,216,insert,three___,____3132,vVyi3sPsrTwAJ3SGCHqXhmSVa3NwEASIZRU1vE
216,216,insert,four____,____3133,dK2wv5eg2B7tDJ4AIRtaF21Mg0QcB44vc9mqEebkx2d46myz
216,216,insert,zero____,____3134,SF4OAxa8XsAbUMFFTYGTh3hyRpdoR3V8iidjM2JkfX9XSGgERiH3vgWNOYKxVXfY
216,216,insert,four____,____3135,7iWLlllD13to1KKdrc1mZRaJssvqgUVIDvax2yYmx
216,216,insert,four____,____3136,zdd0aP7radJxBF264UmmwHWwgzjxGT6qZroeYm
216,216,insert,one_____,____3137,WzoFmmY9gaQV5HD4SPgMpADWJ60rC2RARpBOCOVm9QStC7lzr1
216,216,insert,three___,____3138,YAmbLRG0TRyT25sGGdtewkdX9FMRwkmi2fzE8
216,216,insert,two_____,____3139,UewuOBsJi8bXPUtbTvoSLC7m5nMVabrDT407yFmfDc5SVfLfo3dZEYfR65jMkL
216,216,insert,three___,____3140,9Ygy1dUVfu9xzWSv1S8NBbi5ytELLEHkM3S
216,216,commit,,,

217,217,insert,three___,____3141,GKkva5LQehoZRZOZE3Mc7KttofVDN0R17mMGX8UE9g
217,217,insert,one_____,____3142,CiR5FVvgIkYj92g5IjB9nx9U74SukH2tWUzIeFZyoV64L3UuszONynOBw13yt
217,217,insert,one_____,____3143,HS1HorjiB5RolzieIniudDhqE5p6O2XAbisK1usp0uGy9k8bJ0CE7J
217,217,insert,one_____,____3144,keNuLrASFaK9ikhZyGX3OpodvGHVlw2nxjqvyfNWz3ruasrLCFZP
217,217,insert,four____,____3145,hHzodTR3W9BNpPSRnwXwGD6Lp7oqLGK3Qsn6hNJAd5mAgEwACcb16
217,217,insert,one_____,____3146,vHBvbh0vDzoJsixQrzJiqPlSSh6BA6PJofn4lHfJ8jF4o
217,217,insert,four____,____3147,4ZKMKsVyXQF5S0needFbBr9w8j4oSKUloM9wR9ZkCBe9QWgo
217,217,insert,zero____,____3148,EPhCsSyhkdTuvQvDxOZvGZl2AkVyyMCAiTnrfd
217,217,insert,one_____,____3149,kCJkXhZjiM1aGBgdB57WWB5BeAOaUutQPiJICMHc4iDo8JR0q4Q
217,217,commit,,,

218,218,insert,three___,____3150,jEVLyCMjHBOzAFdZy1hOEpHz6HHcRgyKBiGglH6bYc2CSI5z7e2
218,218,insert,one_____,____3151,aqwE22zCANg5do8vxuj84cE1Mdnv4QLQ199q2bL340N9
218,218,insert,zero____,____3152,VkE8QLFHXLpZl8WvMhUlijnt8pxlSKbt08SCek03CSBMgcP
218,218,insert,one_____,____3153,c1UIzMNXYJy21rfiE0zkZPn0wQY607CKv4xljKutmIZvJXcA
218,218,insert,zero____,____3154,tSjRUmOiNcKwhaMdEe6lZV9bbP8vUy1MwHg4QgmtlNAA9u78lC8qtZoh
218,218,insert,three___,____3155,2qPwuwUdGwrW4rONUd7Z7BZRHNjZsP2NGaLNAfkJvc
218,218,insert,one_____,____3156,FbERD7fWiOq2vYyrwNaKI2wFUIz6QgLUN7pqZ
218,218,insert,one_____,____3157,6POypL2P78dtMbnGDFOT9rti7qsWJFpWha6eCPu4efBh0c1wX
218,218,insert,two_____,____3158,W6Kbzct5VAClXJs2qfzmAcGZ5JFbm2JQjU3DtRk91byahwgExawgzCNnA
218,218,insert,three___,____3159,ogJ5Dp9ommAFP8hbHP2f49WxARd7qPQHa0
218,218,commit,,,

219,219,insert,one_____,____3160,vKHdttzoOC7YZrFU3E4S1FypLYchtGegGhaYj2215JI2RR0BG2rs
219,219,insert,zero____,____3161,xubGcTV73nMFdugTsNn2ysSzCOrcslRH
219,219,insert,four____,____3162,F1ATVVjiJsbengPrCjrJyys3EM4KuqqcT
219,219,insert,zero____,____3163,m8MDtog5jXd9rvzBfk1Qi1lZGOrwJWOWGDEnYIFKTX5ERB9I
219,219,insert,three___,____3164,4Vp3S63bJC26f6Q3JpVFT49UvkXT0s4ZhKwaF5RMXwA2JZYbyDg
219,219,insert,one_____,____3165,NceplgvyRZF7AFUIWLgC3vpt5nBQavQiFC9UWJ1
219,219,insert,four____,____3166,Mt2eWDlOWFKgL037jxiKAggFmG9wm20FH
219,219,insert,one_____,____3167,vC3gidKPjIqeuCBXMcA4ceCX0w6VlicewVtLATYQcCkRDfM2PpCrdh2mi1Rr1h
219,219,insert,one_____,____3168,wDNqxRQB1P1kAWEDsJltfysHxF8FScvh64
219,219,insert,three___,____3169,NhHW0Csxcwo4I4WIrOUFJYAHE2OnDsaBYWxOq7sY8vwT3jpmHSe87iYy
219,219,commit,,,

220,220,insert,three___,____3170,pe7k6hl98PBeXPfmhfKswvcXtfqi313MkDoNJMFPgpEaFI8lvX0
220,220,insert,one_____,____3171,lxrkjqIUY7cJSYq2Mjan80bQ8X2qxz6eY167x4gAOb4Hf9
220,220,insert,zero____,____3172,wmZGesdoDTzXN7QxvHAPLRl9Fi69NBd8A0IP4Ty5PsrVQ1idhthL5dUxmNW5
220,220,insert,one_____,____3173,jKL6cylq3qVzVmieufAfY9glkNRSdx00aoeUqw1
220,220,insert,one_____,____3174,hNVW0O3nGP4hsY2WMSsRAUOSFxyj99zqyeuIdkycqRK1TqLgsWDgULA6xCLS9FKS
220,220,insert,zero____,____3175,fmNhkD1ziE99tO9at6Urva91lX2Bt95K6wQDIiaoIQh2Q8mP5bXsE
220,220,insert,zero____,____3176,I0NIzDJqYgXo0eddqljPDgUzX3QD3Kt9v8DoJqvTavGipWzB
220,220,insert,three___,____3177,IiWHOQMv0dUd3ci2Pay7W0hzS9yHHI7oZZEmh2tQLCuBTjw1wJR3r
220,220,insert,two_____,____3178,ZJKufXCDWFvztfCkE0b0s3Ll9IDp0AgT7he
220,220,insert,four____,____3179,dVfGgrzHrH9amOqO4YGwiop8JxqlMZbRnJimcc5lcXW59sj1etP
220,220,insert,three___,____3180,v1q05A9wNbJvQVghs5AjpQZvGDSNZ9NhzlmBzac2q6uMMw9cNyDh7hKWlk
220,220,insert,one_____,____3181,GxifmICqdIsYVPBglDp3skJYW965g3RVNFPXyYMpmegII15buRXqjYOKhIsAkDBG
220,220,commit,,,

221,221,insert,four____,____3182,UjDlp2lJc4EGoNcwvdWT02QUmJms2hE7PfT8IwiWnhbpTvzA
221,221,insert,four____,____3183,BCwvQ1NnWmKDcygn1B725TAGwTaJpOzjs5mWrhVTFHSkGnfKDHAFz
221,221,insert,one_____,____3184,hvROC0mU2WADloW9rSR2vo5wH92jMgWvl8FBQi
221,221,insert,two_____,____3185,JLO52Du9XqvzFw2o8X3uNbhlgvGc4OKUYWOAubuo3ktv
221,221,insert,one_____,____3186,1NDacQZny8szEZ4Jy5j9LR3SxVMWnJXOmLPO80QPFoaZCo
221,221,insert,zero____,____3187,k89Oaz73QzqZIitH7zrXoB1dtnDy0ECPUP8fXb58yoTOwPtYoLLCS
221,221,insert,one_____,____3188,PPjcXaYCadQiA1Z6ZGwE03sF4GbEzROwMENLN3KeVWyKkxCERaI
221,221,insert,three___,____3189,bW1RiSV4YgrXZCJphSuLqN21Q5onPh5VFjG
221,221,commit,,,

222,222,insert,four____,____3190,j6NOzePI3rhjWTGLYhZdlInuPb7AYclkvAPlUh6COfXm
222,222,insert,one_____,____3191,cz6cRKZOQrm1VaeIaPTjFKQgidMNbdpfhDzXKRz
222,222,insert,three___,____3192,AelmUJmupWSGi58vM2IihLQuZJKtW2CtUVEoFVN4JBI6r5
222,222,insert,four____,____3193,tW5Q961BJbtdpRj96GLtYJqdppW69AGP2
222,222,insert,three___,____3194,aXZF9jtQaHUrVIImVHTajyrxKcstqgUWsM5g2Mk4XEqspI2rHEHcAdab1oMTPBQ
222,222,insert,two_____,____3195,yUbcGh6vmDR4g4B3GSTrgqSelZltK1uERI5EGrSR63DoB2zXNunwyxvqC
222,222,insert,one_____,____3196,dAtmPaN98N7ox70zUUovXhIbF61ywKtTOVhGiyUHhARlPzBmSu
222,222,insert,three___,____3197,rp5yIbu6vDmf1hJA9nAEqc3b5zFMsQvBn9AdZVChuGWC
222,222,insert,three___,____3198,Hh4wKfwQS9hhnQsslexEliGSwe6PFwMxBlFaN7VBcQX5FYqkZAaRxTF
222,222,insert,zero____,____3199,vSAS7Hm9YGQaK7o7UbThhLqEID8GVddqSsTtftH
222,222,insert,two_____,____3200,Cit9r4jQpoUH3plT2BupuCs93qFMPUwEhWVUVyqpe
222,222,commit,,,

223,223,insert,zero____,____3201,PXbfQoqwn9RKqSKfv2Vx3VTU7Xkg2HmTiRmAMe1vjup0JN1bmnaVyOG8Ruj8KT
223,223,insert,zero____,____3202,ONtnLZfNFCSl20BDTA55BTCn9ppxkhqJBLh2A5M6gAIj90
223,223,insert,three___,____3203,ncE1uijWjyCv9JVZIwvJfeAiSu07VDSrIaLXuqLL8dT7L3
223,223,insert,two_____,____3204,wh6oiQpBpL0n3DWskgxu9Mcxqf31gce8u43cLi8kx3B7Yo2cbGRaVCois3mUU
223,223,insert,two_____,____3205,uk5z31j9Xyx74QW0aNgX2a46mle2AIequs8LVjG
223,223,insert,four____,____3206,vKk1JKWMrCWA2fX43xhs21eFcpyAamX99S7DYQu2ce9abNk7
223,223,insert,two_____,____3207,E9PYkwnVL9hQDgBTaURqK3sZP9oKkXRAPOgGLLAtMpZv2ff5R
223,223,insert,two_____,____3208,Gexc0FPhtQebh4WvwtJGdimqlF3XHfwiN8ndEROFG7e
223,223,insert,zero____,____3209,T8wIj51ufnXqxfsRP9BWIXSfx2cEKXOKRJgbMIHnNLSk1lShwiuHeh3jk
223,223,insert,one_____,____3210,h8f9nyMfha0qBvhMbr8rttlyO7plQ6wgC0ZW2SZPyzdfFCnTD
223,223,insert,four____,____3211,eiuywk0pOFgPIJE4y43V9mRfcqM3Sgfp64
223,223,insert,four____,____3212,8NYbQTWPXqtnk3zBOGFnRDfH8VdBAhYVkFFR8MR9ronjc
223,223,commit,,,

224,224,insert,one_____,____3213,59JInZAkCwroIOLg08eJ58JgoeeNEQBo9RThyzsofFSts
224,224,insert,two_____,____3214,ekfcwgtGoM25dX5WwGA84eFYI4mnK0VtSzzX8LieJmKu4YmFdRo1SNF2TI
224,224,insert,zero____,____3215,VTgartzFBPxevsCGIVt1LumIi3iyse3LC7EVMgmUWZNbf8TObYSBtmUdNCl
224,224,insert,one_____,____3216,kM3uvE11l9P4lT8J8DoOVQpCn2jRFNQGwFt
224,224,insert,four____,____3217,utKoMArZIh8mQv81UiPXuIqbIqE3ks3iS8wENRIoO2XKYqc667JIvqtgFVt
224,224,insert,two_____,____3218,UtR0xdUEEdYFpkT8RzNaz9bHzlxuV43S9
224,224,insert,one_____,____3219,wQPp5eaKxbLqHh34I1HPx9zSSovs0dv04kvk
224,224,insert,zero____,____3220,TwqssaY6zZLWCyPM8JxpqCDcbvEi6SQyAUG9o9g9cn34V
224,224,insert,four____,____3221,fazsjvL6w4gAKrCUdWHbsgS0SDTjvXu2E6HFgdN
224,224,insert,two_____,____3222,vcCj0r9B5KwAya37czFqzAoJk3rA6qi94s3uyCvXa80ULnQMJY
224,224,insert,three___,____3223,NgXS4vDmpTiAOZRQN7oay9JWwhhnVImLC8ihxcpsYMjAutwU
224,224,commit,,,

225,225,insert,three___,____3224,7QK3LZxk6Z2VMbJomVGGJ8imhaOinobiJ5KlS
225,225,insert,zero____,____3225,2qSrLfNY6x3IBknGAsRyEsayjHrDAm4Ttj0kmmXO3FhkUXF
225,225,insert,four____,____3226,llzaTLDb9od5dbarrMq2ORE3c7RuQAGpOa61hOmwvsdA0Rst6fiF
225,225,insert,three___,____3227,u78xx8PI1DUmbI8gMLgsATAApeZVbt91FWDbDC9Ju0mZF6qP8Q8V1ynagm
225,225,insert,four____,____3228,OHhlWHkO83rmQfwrSeMgh0FBbNqAQ1vLvFt6zuXiVPNmVa378Y80aZdrMvw
225,225,insert,two_____,____3229,kt70Nrevp22c37Raj2KBxHODsPjTPokSPk1wcnGDCPQSZ36yjQE1BtIwqJwr
225,225,insert,three___,____3230,SGbtyKyTPrL460KqZXm3dGnhf7o3oqGvvA
225,225,insert,two_____,____3231,Ka6vNtq8wQQazGIL56RMgvvNAPBiXi5NGnzlum
225,225,insert,three___,____3232,U8dkrnkrOP7rBAPI3dsMmiAsvTPQBfoLrPT5HsfV8OGe52TLeIXCGqKnO
225,225,insert,one_____,____3233,bc5EGNPHVC17IWwoi63AmgOb1OIfNk9m2eaVzIIQBPOVaDld2yyo
225,225,insert,three___,____3234,hRvfjUL192vDOlEVx6B5u4xMyrTlQ3d0ojHh9wQnoFvVGw
225,225,commit,,,

226,226,insert,zero____,____3235,DeaS6YYLtLTCFG6GLtYh63gXbs2iTv0ruTn
226,226,insert,three___,____3236,BiSTEsDEjcvze8b3SEXyD8X9VAsq7lPmOTPLkYU4kepPxLs618
226,226,insert,one_____,____3237,AkXllwHNa0niZiazCMVOszJUwx4JNLPpb2YGx
226,226,insert,one_____,____3238,0RP37xasQBHzVbxBmKmfod48j5fheKhPqfLXX8VILOCxN
226,226,insert,one_____,____3239,Xa6xQ5NgkjjOROUrd1D3nVRbXWDB3C6D6I63Ip00UF94QXG
226,226,insert,four____,____3240,OgVUgX7Dy1hxrETrBeAT7thBnzGjgsb52vUxO
226,226,insert,two_____,____3241,PVTuvJ7v38PZt6560hvTS6dEG0hZwvxeNiiP8AS
226,226,insert,one_____,____3242,ph5uasYJi8kR7o3iyoiXlFeA01wU7twAktt5mMsaRvDMlg0YnKc738D4qJTCPUfu
226,226,insert,three___,____3243,9gmtgUH2sSJtCk4QxbziVQD143QhsY1bxQXdSaDMdtHeYvjV1RyhJH1efCszY
226,226,commit,,,

227,227,insert,four____,____3244,a04PNsGT25CtmiwKb30R1x5ObUP5nEBHMHiLo7GBARrhLv
227,227,insert,four____,____3245,77zGWpZHcOMRbj0uy3FCL00AwTvEoebaXyYzFed4rlvZ5x
227,227,insert,zero____,____3246,S6UbvNRCpUC0SDVgp5GoNwbNXAIqDCcY9t40q2xon3QT2HtOwo0sT20LBFP
227,227,insert,zero____,____3247,wXEuVyV65FEHw767RqnM8IGk7pfCPrTfD8tO62o8eRkVfDEqXC6n1sxqZq
227,227,insert,two_____,____3248,aQMEeetom0ohnN52r6FudEvpomY3U0ORhNFX15TxrB7F5zUEk4QAiiYMmStJe4Y
227,227,insert,three___,____3249,0xDEKeIycE48A1xeFv51wKw1FK8cwtdzHScA9LQn6vtwgzBLv870p
227,227,insert,two_____,____3250,RwWmdOn1ksUfVUZLyHbp8K8GjhBIvKe9jPyGjmq8lgdPCJREZLnv6IkA
227,227,insert,one_____,____3251,joNXCiR2gOQNgVPCdCJQlGMVyiMoHHu34zg3buA56VQqcm5OQvQSpIeKWkAVD1s
227,227,insert,four____,____3252,KuDHX8fgGEnK1FZ6Tcs3tXiMkHGerW9ree4w7
227,227,commit,,,

228,228,insert,four____,____3253,89iZpwKSWI7MTTTwOW0NTpm1Fpahd7NiCzj2eN26jlBtycSS
228,228,insert,one_____,____3254,djcDd1eJWxIbqpJsX4SAJbn1tg9R9EBf9
228,228,insert,three___,____3255,oFUE0XRJpTT5T8CAAhxbEDqx763paeqEqXCW0DoCRIns7FStFqMF
228,228,insert,three___,____3256,YX3SGyurkwJ8e89jlCj8vQzxzYvIBZle0yvUIo1aow
228,228,insert,one_____,____3257,EkS81RcWQUBHpDmklnc0GlZJPvCPFc20c
228,228,insert,four____,____3258,wwqXLv4oSTp68mOL492idMZ3grx7X463bM4c
228,228,insert,four____,____3259,GqpV0rrebja3tUEZPIAQwGik0qAc7AEqEJo6SU
228,228,insert,two_____,____3260,lWJ774rTuVzlLxenXlFPvyzVUZvzId0TRvm33SVna8u1eH
228,228,insert,three___,____3261,3DydkQarkQ2QeRn70pXLomofxL4UNvwWeG8Ja
228,228,insert,two_____,____3262,UrvUb5b1SSMJhnMlEORSK4b3qJbCjCocwGcf70diB
228,228,insert,zero____,____3263,p6DGVT4BnBGswkcJi3h33Ff9HMclAiUEVxLcV0ToCiGnrnAKPR
228,228,insert,three___,____3264,apiObkRSFrKPCV1buGHMWNYJRlL5xROnX2R8k3yuHPosMv7
228,228,commit,,,

229,229,insert,four____,____3265,XGwJfPDXVHxQyEHIO2vKd8AzUHjM6a2jTQ04PMEYCcJEqVJkG0DiDgi7hmTH8NKS
229,229,insert,two_____,____3266,X3iEPvtP5Lp4b7KVb1H9K7mvd67ukTwU16f14JnMWhXv679
229,229,insert,four____,____3267,SHrNtwF5yDd26dyDrS1D1oXNoUOawGsaurtjgLUYG6kWovi3Dn
229,229,insert,two_____,____3268,3Rf7GV4RGhCH9KGslxwEOYMpbjPovaaYQEJ4bb
229,229,insert,four____,____3269,UmIHOYDyOthmMKJaEfJLS44mmoksIKIu9prmF7iezrvDoKqUamvyXfpjX01qk
229,229,insert,two_____,____3270,W9mcA9dfoqAkPFKR1v5Fr2JHQesF5fHNMiHQKocwHkhgekegT
229,229,insert,zero____,____3271,TuD9wQoNgdGkbTa6DKKlgUX1NH0zhWti
229,229,insert,zero____,____3272,Z0lAQzy99K9xMaP7XlbIngqIe4ck1XAYDcAUc3xDId2ZY8b5kx
229,229,insert,four____,____3273,FQQaZndYbpKhFMrZHHn4FX3vCIEdx8oOsDwYZwAMU5q71F7MxnTO7XU3kzACaIgW
229,229,insert,four____,____3274,6LwAmb14HcIxFLiE04DUf5pbCKEhosziSIQc2b1res46wf4rLlXYcyvrM1pwjj16
229,229,insert,one_____,____3275,IajQbsMlde9z7XyW9ZfGmbiJTpTai0OAtJHEQ
229,229,commit,,,

230,230,insert,three___,____3276,5KXnjxB7ToEAYbFpLe3WbqVxp1FWjuX3EVe3wHv
230,230,insert,three___,____3277,2XIYN2uzbluUl12B8zqWCFpJ1M5WTWQywRVG76n
230,230,insert,four____,____3278,3pgZMb50ELRYoIJuBDGndPs0D2SSYSf6r4Td3gMGRDgsDNQfImgNq4z
230,230,insert,three___,____3279,MMxsTJMubvHRbwrpeUJzkKFoNFAjt0MSVwUDs
230,230,insert,four____,____3280,VnvjJr1u0jLmLvA3rqppCgTnN40uKq9qelyZW6e7PSq
230,230,insert,three___,____3281,RYBZfMN3Pbw6DgSEfFLuuD9AZo217rRXt5
230,230,insert,one_____,____3282,TfSDmrne9G5CfNwomP9Cbx0diqTfzCGNJ0MIkAy900Ph5JhRrDuP3aTGYphnk6T
230,230,insert,one_____,____3283,idJ4LH4VQiewmgCgPkUIUEdo7SqYYJcUahgB1jP3mSVH2Hbk2icB
230,230,insert,four____,____3284,jXVwdbE0HZzLaiQ6TfG60b2aTPq572xTT9mKNDDLZcXRvG1RFJEcJKRmokW1l
230,230,insert,one_____,____3285,v4zXNBivjHjAzEPk5nioKcF7IFVpWGzszJj87NJr9Lbl
230,230,insert,zero____,____3286,xbYmjAVHe3TB0s2LGErqn4Nm0hXh5DdvzDQ9
230,230,commit,,,

231,231,insert,one_____,____3287,lhggcDpc9iDccFLi1A2l9YTrkHZnZuACg80SoI1xfgwG
231,231,insert,four____,____3288,QBgSdd3u498ymOsLVq51lzLFAANdr9AWvXpTMZWTV1dwpVixDCAtAf9pEX3G1sW
231,231,insert,two_____,____3289,8Z8uwabNe1jpeAY0caN3KNvf4FGBljvslZkIZF4adOFxrXZwOD0sA6plJOlsyH9D
231,231,insert,zero____,____3290,nZKxsgwbMOl8Ki1NO6i1obAkf9f2pTf0IaoyFpEKfxPGCiWquJX
231,231,insert,one_____,____3291,ZrekDe9RmCBNna1maV7r3ObDheM1F5INdTrPWKj8s
231,231,insert,one_____,____3292,xVeIyP6UUJc7dsKm4y8FjiyxrwrcV04G
231,231,insert,two_____,____3293,uUq1CaeD3rT6I9xsJz9LyreCi3brqXEOpAB14sl
231,231,insert,one_____,____3294,reMQnS4VsVnexoXPRRBTdKvgfvZt6jdigmEU5be6E53KVaBBIvO8VhhTjZ
231,231,commit,,,

232,232,insert,three___,____3295,W71KGnJ9ETRsAeFKp8K1Ae3Q7WT0f2iFzXdlydsPlZHTpd5G
232,232,insert,zero____,____3296,yiRWOBD6hXCVH2Ccfzy0z2GpeU7Y5UIb1dJPRB6kDbWG0nBJTdOauB3S4YjqX
232,232,insert,one_____,____3297,O1t0vlnv31JR2sT3g5DyRqCX47anAv50gUQ9Q
232,232,insert,four____,____3298,JqPsMUptuua7ltcIbjyUOwLD9bI80Xa6ZtHPpbjlz46sV4c8iYokpFaDIeV
232,232,insert,one_____,____3299,ilqtLGwuOllghFbyJUfQ0kTmzi3To3Ks
232,232,insert,one_____,____3300,4BWTRkYrTHtRWASvbD5ECeMPiaYgKGa53Eiz76WJvKiXLUrbY
232,232,insert,four____,____3301,KMXrc0DkVgDQwKBpN8nv2XI3I6o2ofnMfjqHwWXZmnMTfO9PaRkTbOlp
232,232,insert,two_____,____3302,Q0r3zTLaFM0AVCeIYZeTlguEhOlQbKvbRABzPscq34PjX87cJ
232,232,insert,one_____,____3303,OFARln9vHLapEt5aMkrSyE3nwIQ7x8IX7bYFwxRNJVqn9nf4SB8k
232,232,insert,three___,____3304,yVERq4hhsyT526Q98IlWj6yuWzOFbYWVZS
232,232,insert,zero____,____3305,NCEUlwP4m8OvJkN3EadRpAQfTA4TbgoLnlgH
232,232,insert,three___,____3306,2pZcN3QK39JQVWVmq43EvUIqJXKna4pqxMpqUeMDlDJ7YEjdkk1ZLCMqrJ
232,232,commit,,,

233,233,insert,two_____,____3307,hJhQAVrlceOPodJFfnnywpY82lLojRjceGuW4YHPbAoVULb
233,233,insert,one_____,____3308,jzV4Nh3W1cnIXSMPguNQkw3aK87MWMW3kNW4au
233,233,insert,three___,____3309,e3MdBpELeaP4o91ngJWR5R0afgCwyibaAthLwiAFP0Tun0NtFNVOGCYRHGEA
233,233,insert,four____,____3310,ZlJKjpb0MFEe3WsZm6H03OmkoV74HH5Ou9ucZU5Kh3XRnW6hghkbVjvFBR
233,233,insert,one_____,____3311,iHDsVa4152gHOZLnbHLRmpaJ4DO92TQxSiUWe
233,233,insert,four____,____3312,II1B7KlHtsywAY1WAmioMK3p5lwnEgwF59lyOdIf9Pu
233,233,insert,four____,____3313,aRweIIsbvyRgTI5D9AOPfErPqO6dfxQtIADyT2ke
233,233,insert,two_____,____3314,HaeLPGQAg2Ml545kyMOSIJ5PanmICRh0jmi4esKUW
233,233,insert,one_____,____3315,9m2s2mW3wUR1KfBpGL76qetYuWjQlZPwRCgCfjAVIx07
233,233,commit,,,

234,234,insert,one_____,____3316,eVKPWcoKemYj1DjSZsCRCgbd5KdDLnod8fRjyT
234,234,insert,one_____,____3317,XVuSipoZmwnRcd0hJp8hb4TPMDha7AtQBP1kFEzG2M2ovp99XChfO
234,234,insert,three___,____3318,AlZWOjZFq7Y6nhHG3v4kebbEvVOTQBm3AUOCacqQcSavT0Getak13mcXUBu
234,234,insert,two_____,____3319,VdAJ4lCQBUu9ACXoCGwc8zN5mENPsypE72QUS3iFbr4NbvQyq0qml9V
234,234,insert,zero____,____3320,fkMRcW0zmRlvqUHSb6fqjglLtRmLAFBxehD5HJvtsgSckHeo0IbgiDB
234,234,insert,three___,____3321,N0u8ZKGhote7pIast9JwRcojN6nzvEfd
234,234,insert,three___,____3322,wm6xDmKiXHAW4fiYPWCxiXvvHodwmpbZI78kKA1Nm
234,234,insert,two_____,____3323,aYIyrjPcCIo2kIo2GYLgI1uGiUC4b53gVgwe8Ted8yHaR
234,234,insert,one_____,____3324,j3sWPLc5VBw0R658nj0wVrgW6JnujVWZCPT1OhlYQLMMfOjPFgOsn2Gc
234,234,insert,one_____,____3325,LPgjAjABLxY48qfgxWUrqcOIEtptW80dNyzDXmaoZzof
234,234,insert,two_____,____3326,1nxAVSmJb2dUOIKxozAFWEPpxdWYrXUE6mmGXqN1Cp
234,234,insert,one_____,____3327,qqBHmZVfUkCqUma9wBPbSu2aq1BDXkRyrYct2orFiy9o5n8UnNlwbeCehJ
234,234,commit,,,

235,235,insert,three___,____3328,765qMv6HvITbBAZ7CGQqMpqzZdpSsy2DD3JmLdJeHU8W0O0Zw
235,235,insert,three___,____3329,akNu41SiE7hGyZl9KSfLl4OCg7NxN53mFchbvdUXek6ug7onQhW0T
235,235,insert,three___,____3330,tc82QyWk08yoiVy9u4yhL9xCD9WzugFTaMk0puahfBeViK8vAiaro
235,235,insert,zero____,____3331,E9pXwbUWiezf9qtg4CJNA78WrAhOMgShFMwqc9v9rcvm4Hkho60QlKzGkFIQ8z4j
235,235,insert,four____,____3332,Zsz1f6P0pUmG2TYyZSEo083VMI5yso2oTY7YO3n0mZX9GFaAS
235,235,insert,one_____,____3333,FKelzhfFjeZvjICUX0sKaIkpWQ98HL4su4AZf7NDMLPYwK7Sdz
235,235,insert,two_____,____3334,PD9z98TmGiMLAOIAGxyZeAZoCwT3g95SVKRXQdpfHdHUJB9Ywu5ezwYWOr4DF
235,235,insert,zero____,____3335,El51GrksKeRqXOcc1JMMpcGH1JbWJtL7TXLgUAGFjrJn79rjayztt
235,235,insert,one_____,____3336,ncZkdYVfSl2VxO6U8QelCwUww5JdAJ6uJb1E9Nzat
235,235,insert,two_____,____3337,H1me7fthfGwkuXZmULj9woYJr4NS8iaSlpbt8T7kmz7X
235,235,commit,,,

236,236,insert,one_____,____3338,z8Oh8rtsfaWeb1gEKF6jhjFEmeacz5mP40t4Pv8JZL4LC3umXwr9
236,236,insert,four____,____3339,pny6gk6SLfJUpQvschfaxdxZqQtZtnsZDMic9M1Hxc
236,236,insert,zero____,____3340,j8Bw2CA4x3VD0gfTIdlR0ESfBaZoSPX00aIPloMIQJBmSplzU0
236,236,insert,one_____,____3341,U2t6gTXuibuk0Mx37ee3VxCHEZHXDFNT1FfLC9hOn1oWelXbBpzhR
236,236,insert,one_____,____3342,CZN2OKX4WFr8EKllmKX2Wjfu6tKAm9dCBtpdu8rdsBR1XgMrRu21UHCVF2P
236,236,insert,one_____,____3343,BUPFOnAZvhYPumWDRye11FUxlGqInVB3iYGq2O
236,236,insert,two_____,____3344,NQFoSfX4KLdx2guBmAAg6Rl37o90Iih1R74gW0DtV7iVJcIuGNy
236,236,insert,three___,____3345,oASFEZrKjo5Sbn8C1dryjsp0VydpRumnJAiFB0TgD33lcf7iMNf78y
236,236,insert,zero____,____3346,5cOafiyhhjDaO8FAgNwjEE0WZ4SkAdmKp6iJxndsHOLh1VH36e2onv9tjqt
236,236,insert,three___,____3347,hz7hKTKj1zYhg3lH5IlB18zJy1dufgq8JgJ0L
236,236,insert,zero____,____3348,jpmXeWngt0oWaSwFkXMdkSopjVr5SLLHiH
236,236,insert,zero____,____3349,qRsckB3P4lTPApMnF3PuTcuPQz49jfoQpW3oUsWpc
236,236,commit,,,

237,237,insert,zero____,____3350,eXK10n7baVnvSdwxxyAfMB66Yn4UR0juF4WWW3cYHDTLxop
237,237,insert,two_____,____3351,yWgJcv768Ei6DnoJKdQyPkrLA0r7rQmfhONLBQuE79UlDhO9zCwJv
237,237,insert,two_____,____3352,YXZC4VlRBWLQMo22XyB5XZGCR5IrSrINZYVTflVVRetauA86xGy8EH0DhhZI
237,237,insert,one_____,____3353,axCJMbepbFwFWgjBntcq3zyEIIFU8dDnSdYoRSrSv5qIT46jmbarsVDJC
237,237,insert,three___,____3354,SNiLT1AgarKusI5ufhDHRwJCguoRM7AnS5
237,237,insert,zero____,____3355,RZKpFfIG4hNYyWIezegzMgd6FHarcTN7E2Jr9VTORDTjq2CNkF1O
237,237,insert,one_____,____3356,YTX1t0ij0eW48oAB2wfzUM25RNfxADIHsVaLPmUXpj9eexfU4TcpfJaZfChIcQEn
237,237,insert,two_____,____3357,25RFtJGr0pS0oemyBCr0hRPBy2gp1OgFVvMtgLuI4JuQ8RznvDtgOkQ9iZcw
237,237,insert,three___,____3358,0dv20DPdC5WOICvLupe1jlIaQa5ortqe
237,237,insert,zero____,____3359,xdatDBGLd4VMBshkNNYbWbBrKWxeTd1iMlivonPIRS
237,237,commit,,,

238,238,insert,zero____,____3360,AubxJdRvif4qKMdKsjOpz89eFqzGjljZz
238,238,insert,two_____,____3361,LoOyueo4iGfu5rCqdVUAnzbozk8cfonRmiwKgSgn3W2df
238,238,insert,zero____,____3362,IxqEbuo777wYr4IxZ61wy2oxjl90fMqvu7MRVZS03ilDsC3sAz7rHlVvZoojJQ
238,238,insert,three___,____3363,IglN7HJ6mkOq2Yw84BvoefpAz188cEpDLxCQn7qtrk0XdQ4oXfqSF6VzILaD
238,238,insert,zero____,____3364,AIABCs9H07ygQmluV1d4k1BO2iXyA598yYZf5Ph5wEw27pVUvC
238,238,insert,three___,____3365,PyGDSfejJKPLs8sGI49raXiqmMjE0ESBi
238,238,insert,two_____,____3366,0Sq9EG7NxIzNKIbZpIAdqDQA2ekY5nISZ6y9lzitnnvpG1N3xt2
238,238,insert,two_____,____3367,8ZzVvFtbOx3BAbE1u9AnPAgw0T2vqwv87wu1U9IsUaxzkU
238,238,insert,two_____,____3368,HEpy9mEKdf5rgBBtCgJXmx7zQQYctZczVi09JYv9Y
238,238,commit,,,

239,239,insert,three___,____3369,TXCqJvU7yo87l9ACr8MdF9oPHWjrxXZ8MQ2pAxQdfnef9xfOo0BBE4z
239,239,insert,three___,____3370,96cXNY6OE4wPw4wnB1kePTmGo6zBxXFIcNeLEhmdxHMBx
239,239,insert,three___,____3371,gBCRFyedNCcvQUAcPc8asEZJdCFr6eRXj9kIWeDE04JQGf0TP18Z
239,239,insert,zero____,____3372,USUnDAjfzwScX7jY0QPexQDK3oDZwefvIyz4vSBYEEEP2zh9TgpWf0G
239,239,insert,two_____,____3373,FaOgzBl0Tzbcs7WyXXvFMLCJBEBHDzlWcTHhI41klXXSdeolaoV
239,239,insert,three___,____3374,HjYNKYUTRjQk1RkduFRsXuRVFdqOJtUiOjxOCfQlU1Cea1DuS
239,239,insert,four____,____3375,oMfCzzPGwVIVMkagI3TBdpbZbYMdEoZlV
239,239,insert,zero____,____3376,cGyN6fVthAbn7sgvtC1pTb7HK6sBLenGxOE9asQgPNA
239,239,insert,zero____,____3377,tX5sIH3YEwymzrZGTJ3ygnvNP8NaGx879czh
239,239,commit,,,

240,240,insert,zero____,____3378,3LZhPmtqSNDRBMB5ZtDFggKQcbaPisAxcM2Guk29IjiY8k
240,240,insert,four____,____3379,RGnxzOOY1kyl6hruQ7K9gcbF8vDIWku3SXV1Iy64OTyMjX2hrGfMKubtG
240,240,insert,one_____,____3380,EmUXIhqIpTTSTWSBdjyuvaqQ56XSx1Rt4zvp7U9ygUTd0
240,240,insert,zero____,____3381,l4V8mYij1ObKeHFCZE8aDauhi8wjIll10nMrMNBugEpe11eic6cZPsn9s
240,240,insert,zero____,____3382,WqEbikrPthVRvfvwjAVQpkYsXKjYgx3Qn2rARWH4WQh0X8TvFt
240,240,insert,two_____,____3383,vSIFJaGHJ2NYp88DXqRv4dnUOVdx5bde24Eqzh
240,240,insert,zero____,____3384,vTylNYel27BFWZSqymsW8EpWysoEd0Xa1F3VLjto7pr9YUdEDLfzaUgloaXS
240,240,insert,zero____,____3385,76OMjKjy9EPeO3XwdKla09DhhidgL94irXI
240,240,insert,zero____,____3386,X1gYHHBUl3ejD9kSNGRnVbeUeutE5IUi0
240,240,insert,three___,____3387,xnE6vRVycDsafA6CktK5CncLjTBo1FK1K50
240,240,insert,zero____,____3388,LL0LuwTpt9kT65t8KTRBNJ8crc2RiCy60ed4jWSAimamwFPEAJB783GK1S4S2
240,240,commit,,,

241,241,insert,zero____,____3389,wfeGepegZ1lbIBM0T8tnFuxcdFhHuo27kGe
241,241,insert,three___,____3390,8I68xm7XIbhqUDyzykNYEMUvZwvDKHhZFBt0ptXubeAiENgZgUD3
241,241,insert,two_____,____3391,yNqRdluUhHWkwP2mjy5L6QqCi9nWvaYKuHFlAgbRzCDsAgSvrl
241,241,insert,two_____,____3392,UizJ1RQg15KO59lp66x3N7wQOHEN3ffzoWv7zAzkLs
241,241,insert,zero____,____3393,CALaentwhZChVru41N3IF125yRDQXiSTVVO4iSc2oX6Nz5wZcYA7HCv5bv
241,241,insert,four____,____3394,6urpybg402Xm4QfLiZTQc4yHtFD8csmAhKUyUK3ENmjI
241,241,insert,one_____,____3395,aczMTTQUjCHHtJSiFfWuoDeDyvM0r6Cm39PecJtI0QEFYDjhqqQznCQ1TUl3ylt
241,241,insert,three___,____3396,huJJ10Ch71aAxEANWv2qKxkouZn5cUN23YYWe
241,241,insert,four____,____3397,j208ZA3ojIvf3IWlHFxfwtvKPR350NOdmznEj2Qb3
241,241,insert,one_____,____3398,S8rnw6PwYyM5vf262yPwNYt6aYST50XCxDZaoOAGFTq2mkBA9aaphb6oiaMhqelx
241,241,insert,zero____,____3399,dQHGri7l4gZF1Fh375VhXGyZ47ydD9XWs
241,241,insert,three___,____3400,xdLDGc4n1tmBFGnypZ5w6K4p0eDPKZk4TPDJQB
241,241,commit,,,

242,242,insert,three___,____3401,Qp5EZJaD2zGL3SaByXdqCWk0QV6YN3VD3gNR3tLCyMVBCTFSStnwH
242,242,insert,two_____,____3402,spRFFaSbsMhpLZ1PNVOBWYseDSUkwhmwt4vbaZQ3c
242,242,insert,three___,____3403,G4epsHoVqHMEAbbN87sKSwrkNbPFY8DfMZQ82vms
242,242,insert,three___,____3404,Y7PftvyJcLVCmtrv9IdnDhnQqkUG4DdeTYzUypaXkuIMEreV
242,242,insert,one_____,____3405,QDjJqucIdRdOWrcRHJwArHJ0WtTC0Z2g9MXDPLw5dTtQcBArZr
242,242,insert,zero____,____3406,Kd2ETo93QxAWtK28xqcKAYyJyDceEMWexVIpEvwJv
242,242,insert,three___,____3407,XB8lZvtVYRKiIKVb9y8ezi6O4tkTrVQyXDI7yptOAwWEN
242,242,insert,three___,____3408,pENfwMtD3mtBXZKEEfe0ztzc8FSC4EGdjtdJriws0TExoqelpr
242,242,insert,four____,____3409,riHtNjYQcljJ12LlF0ijRLf7FGVX9uLKwcStZxDkrGJzYKAHQIS1nVb
242,242,insert,zero____,____3410,0tVAYLol0cGriYSSEuA51ukI3xFNbQ6iwITb0OqfmTCuyVxndz539NuZpD86a
242,242,insert,four____,____3411,xBlJi0pGolpsIGHaI1mSqjEpsN9Gw78EHjniYqv4nfc2z
242,242,insert,two_____,____3412,vAWlHUNNRi3SYm1UDYDLBr3j0pNNYDBK0LoOHu2p5
242,242,commit,,,

243,243,insert,one_____,____3413,sHkbwpn5aL0EvrqM0pbfeUGJzWl5xZqJmHaFT7Mr68WtXx5YbVyTsh
243,243,insert,three___,____3414,Tz4XLFn7iRiua2tGRjU5Iq8Q17fAfroRmEUYB
243,243,insert,two_____,____3415,MOgKkHVmINmenyKMvEczhjV3dfyUt0bNtR3uNGBo1
243,243,insert,three___,____3416,fNE7NST3blWBhC8Bi4OvhGi64T4SJGu4GitBYZG8lXIfv
243,243,insert,four____,____3417,ca5DFyAEebYZn8xQRuHolC3wk7JUfZZp7Fcb0c25IIx8D7JQuhPuYhYaAJ5
243,243,insert,four____,____3418,guuBlbg3huLaTRD9L46IVs7Q9QXqSbMEPQ
243,243,insert,two_____,____3419,Cnhu8Wkt7mS63CTOK7XI0dVg3lekwQMTv
243,243,insert,three___,____3420,h0n2YR7dLV2ZsncCOV12IgOuG00mChdnk
243,243,insert,one_____,____3421,jY1IK0kcJkdKcXhjt2At6glJFboyq2JKqsL
243,243,insert,zero____,____3422,EOD5zeLezvaRGWsgLtBK27DN4vfih0ZTZK949l0FA1
243,243,insert,three___,____3423,jviIN2MfWUfYZhnP5JWb1lQyj5wmyiacL26BgJPJ
243,243,insert,three___,____3424,F3UCMCDJq1g2U9ued48qBL4zYwfWg1bnqx3bURXuYnxYANUs0ayk8
243,243,commit,,,

244,244,insert,one_____,____3425,zEtWbpvtRk0wQajqZ1Ts3tOprFQrFaK3E
244,244,insert,three___,____3426,C9cdnsMyfkVIzyaa0seuuE5fUEmDeMb2qpeE9H6Xg4Zr2KJUm4okOrVQFw4npxM0
244,244,insert,three___,____3427,ETENS2JV8Xk0xbaRTbUdpz51TTW3ebpCugsixS7
244,244,insert,two_____,____3428,kWyNodqomFi6gFkwBCnCNnVlzfBjV34s5NwMj87SANsgh7AhnNNmjs
244,244,insert,zero____,____3429,Lds9HBJ6L2wT1EOFQQ1Td3HDUJHY5phlD
244,244,insert,four____,____3430,GxtEeSYj8968ag7D9TKDmguUWLte1pHHgJRu8MdUqW2OH
244,244,insert,three___,____3431,SROqOnZ8zDfPMKA7Lu83EnXD1FpOmUzytLAV8ryz
244,244,insert,two_____,____3432,1B45g0BA0pBLCzxZABBORtA6ly548HqakWcsKbUnwRjvCffJ5m293OlTF5g
244,244,insert,one_____,____3433,eA3EmwSmqQgge7VnvvslUas129fMR3LMbD6BXZcNvbkyi62twnJ1eB
244,244,commit,,,

245,245,insert,zero____,____3434,gLLRkonclKRdrkAqCNZXQepw7JohJnYqyvMesGE0a4ZnQT
245,245,insert,two_____,____3435,A1SGk2M5q2mqRX10rkoBXi85K1H8gCPyZfa0qg0df2cq9sbrpWZTS
245,245,insert,zero____,____3436,AtZqH91LecIzptlyMwkgzDEyBVVvUzZmNO
245,245,insert,one_____,____3437,ohRxYvooZwBFpJoHVSwqC5D5vHKPHKdzqNSh9mw4
245,245,insert,three___,____3438,2MIK0PZbihMfVyvY5FgX4ZxoxxVP8d6S18P8OR2CfiIVWpm
245,245,insert,two_____,____3439,S1gRFHWDQ00a2WqtioLH6J5VIlwBaFV7Rs5q8YDezvm3L
245,245,insert,three___,____3440,DT57PqeQz9sMq5LK0DQpV4OSpDP2aMWBmPirYpx3tDjSpASCXyinqkgBiHv
245,245,insert,two_____,____3441,KXh1LC5GXkWRz6vBsLkBiu345N5BQuey0KuwV0BlAI4rys3qdiNfOE
245,245,insert,three___,____3442,HAQL2UVlCXKwGurJpCsVSSZe138YGtZYmv16bgN7ziDjAxU9C3RkO0D0F
245,245,insert,zero____,____3443,5y2nCxbyx8vaMlK4E55FUTNmUggr8r49j0
245,245,insert,zero____,____3444,5XjWvKFj75SjcUGiq7lZfOslO4sHsvu6eKXzM
245,245,insert,three___,____3445,9Oobj5nP91seyAahe8eyp21phpzSNC5JB
245,245,commit,,,

246,246,insert,three___,____3446,RaB6DoRBWWWk7CqIjcnMR7xuenV30HvU7inBMxjcwyhf30uzZu6INA7VXPOqGFrU
246,246,insert,one_____,____3447,Wp4KsfbQDFldlW0fOjmoNsQmxpjyr3fsvipdOSvpvuACGT
246,246,insert,one_____,____3448,PBIp4mgrt59uvUFuNyYl9JYdnDmbbE0BqSUgyBn7J27RzEdJWP3BaYhEC0
246,246,insert,four____,____3449,yO3lOmzhSy69ZgdtNw6JHiPSmpZyOLqLeqQtA45Yv0jty1VFuVR8
246,246,insert,zero____,____3450,VAovdLJlUIJ5eJpA7eZunnTVCBZgkGAvqOuPJCvet2S3gX7R1LhxhqqxH7oJG2qz
246,246,insert,one_____,____3451,m4FgsCU3LdLZ3R8ZcOeNBi81uhX1AuubQhFiJTm7E6swuaQIEkSid
246,246,insert,four____,____3452,KM8gFNSV2AUWbbzADFpbYol6LraeWHTPKvOb6ah
246,246,insert,zero____,____3453,j6k0R34JlVOQY6xFHBfywcmyhoxwJH5D1YWp6LQBn6eVSHH49nH4CWDqyECX2
246,246,insert,three___,____3454,kdZWgegsnACcnJgUow3WcdTbtZOLFDYX9U64EtXVpC2NulQNAJfW8In6XkAfHOB1
246,246,insert,three___,____3455,ke7VyvrocHf6mpuPkkkfHL8aADfKZ5lwOHeMZMoRl
246,246,insert,zero____,____3456,4KxB0HNDxhIul12RfJchhh9Z4Cx5b15T85HAtuErzn
246,246,commit,,,

247,247,insert,zero____,____3457,fDON5ePvSU3ZyM7aMlBiv29sWDSAqOPzTPw2fOvZ1IF0pVg6BOFUXk9DJy
247,247,insert,zero____,____3458,fufkNM7VHSNkLxwrawqZzmJy1MAX8ffLugX9H6a2br
247,247,insert,two_____,____3459,H0QpHpLsotRtr1FSpau8zEufRVFE2i0kwLOK38bJDCDJeSFM5XHvVrOpz53XjK8w
247,247,insert,three___,____3460,EgtHX3gwn3S8Ok0tdWM2QmzXwwBwzek7YlGm7do4Eg8
247,247,insert,zero____,____3461,yHcI9G10NqNtBB2BySRjRVzmGUyVS1kyHJdh4zLRXx3Ta9Nkt7rQ284
247,247,insert,four____,____3462,EOYqAp4NFatYAmj2GJxg1j9SJyyDHSEI1U89bnWo4RyHALgG
247,247,insert,four____,____3463,H0n1bKOaozqQ2y1mboJIXkMw7A92anCa6
247,247,insert,four____,____3464,QtlDVdqq1NQJ7wHrJPKe9I1zsbZTVp0MN6yGeqTeSm
247,247,insert,one_____,____3465,MWoYWndV3Fc3Y2fhtoAsXKgjQMfTQi1hZjG
247,247,insert,zero____,____3466,yQcnaVT5ULmTwewHgUGd4I0SktZgbbCsL0xVb3LNLWXTvy
247,247,commit,,,

248,248,insert,three___,____3467,5EmNMB6H2u7DHjFDnFuoaHDQgK8dfEeyP5YWLe58A4kDtqLyoMyfs
248,248,insert,four____,____3468,HGrC9Q02iZdonbxtcVd6FxlqquPC9ed9Y6WQVoGF4xdpF01CDWx
248,248,insert,two_____,____3469,8Y1k2YiULmzBQDyDFRQCOPPgLPBJMfCuXBaXar94ajW4QlTXcIT
248,248,insert,one_____,____3470,2wkXYZ4sDyOVCJmUVfCYpB1JUeYS7JoVixhaFeR
248,248,insert,one_____,____3471,Rc61B2JVLmSEVfz8TViXatUEkoTguEyczTE8W4te7bxf6vbWpQ1JmvXHQ
248,248,insert,zero____,____3472,glscDkbSSWul5htDsTVIBTWp5pygx870RGGGitTj77lwi2
248,248,insert,one_____,____3473,vzJqWPM5oSQpTARIfM3DpOMEj5f4t8j430OrdHa52QSlyZWE4x3n
248,248,insert,three___,____3474,sQ4jy3LAxHu65WPpAH3N5Jfuo5oXX54KHGg5zFUELnyx
248,248,insert,zero____,____3475,Uf1jXIKCAdvK3bAp8SL7oXZLCAY7SiJ4SXuJIJpp30VsLztwzUXRj6M
248,248,insert,two_____,____3476,QRgS23DjShJI6sifxRDIziwJRme4rKUh9lcw2AeCoO
248,248,insert,three___,____3477,HX2mLYQziGAdTTvB21JbIfjgWfDnZ2XF6axwCikFg1S5QZXLZUacc
248,248,commit,,,

249,249,insert,four____,____3478,rzYVXC1jFtVt8WCP2ZkFIoF41giQ1AEFgtj79q1Xlt6t0F35Sx
249,249,insert,two_____,____3479,e6EWxqbqExUfNdOIraJGRIJ3clEmRBnuwJg7vYOuyH7gXuGMoLgePKT0UzpB8
249,249,insert,one_____,____3480,hbfxKotgZNkEsBQ6bP1iZlZkbl3Ev8c2aRjmvvQwVqiMUvf
249,249,insert,three___,____3481,6FTGeMXP7cKkEyKSl7AHFglSW5ZaAeUWcPSkQ2
249,249,insert,two_____,____3482,yQqbcFHK4UBa9VY06NPV1RryEEZrafmlnLa4w0BC5TYjAfyClpB4H56
249,249,insert,two_____,____3483,xaJeflr3rLkSKWARdVPpElXJg9yW5hLY44azlX8tJpO3a6U6IIcWFRQVfbxmwYvm
249,249,insert,four____,____3484,KSVXYnqrW86su0TBWk63u0wbj3Q36hv3cRFyY1bhJegBRVmAB
249,249,insert,four____,____3485,qgYXkCRiubx5UR89Aow3jzsTZsEoLUbO3zMON5TiSXeso6oidwoa8dEpBfIbG
249,249,insert,two_____,____3486,7mFMaP6UyUtlgJ8xZJ9FDq2v4sSvtF77TAHmwPJr0709a3sINCeh0SyaW8cj
249,249,commit,,,

250,250,insert,one_____,____3487,9SelOJYxY3CINq90TmcMP9wFOuwIWe12yu2L0unLW7eNSjZjlUwiFqKuA4DU
250,250,insert,four____,____3488,uKupi1Fy6ARxyxy3SG7wESc4Eb9a0M3sYqhF7vWWX2
250,250,insert,four____,____3489,6oY89hb0NWUZJaGBzzISOooFCJRJWvLytjmMJMOf8FtgKztKfU0
250,250,insert,one_____,____3490,QFWVwxK5dMCY2Vj6Fmgvd4VCMvfweEntFv
250,250,insert,four____,____3491,izzNeWYhjaV5wa3gMfOkdoaNyUPotWMnMUcgR9N9zB
250,250,insert,two_____,____3492,8FP3lRdst96tAwtA9FlLI62ijKNg8Xw5aOG8D6DvkHe5Z4N98XQf4PJ1GUAiRyNR
250,250,insert,one_____,____3493,bfTwDG4n5dfyad51ng8no9Go14mEvuITF6rk1BA6
250,250,insert,four____,____3494,D81DC8ZOnIxmZmAOoMxO8KQf558tVnJDqew
250,250,insert,zero____,____3495,FSrgvUVeeCWT2wV86x21VULnsJ05FjzbfQyHbjEpZ0nzyA8qQXPA2I
250,250,insert,one_____,____3496,xKwTnEbEoUivOxyP54PUgSu5cWYITU0YZmwVf5
250,250,insert,one_____,____3497,t3Cct5x27RHWOr58ZOefzeWeZ8J5wE6KdgVUtRIV56ZXVWaEdcuQdFw7czq7UIP4
250,250,commit,,,

251,251,insert,three___,____3498,Ay9oJUmzeXckgAiRt1xnZkUL58ER6KZBLzk2p
251,251,insert,one_____,____3499,fWojy8bzirLeLFEdAPpiJT5I4tsFOaxWefN4A6hpGrGtIP
251,251,insert,two_____,____3500,rVzZpBB2nTsi2drBuzkPDpl9Kg8QsbEveFWuVtw1KCAvOZ
251,251,insert,four____,____3501,o3KSwX38PqhActCIwgHktN4DWpY9GGXOduwbYPguiyXUJ
251,251,insert,three___,____3502,zKZa7y91VYvGvvN5ufdvaNbgtndT8yQZWo3qbZUok
251,251,insert,four____,____3503,Va7m1nQRCMb2OVxzKv8hGxcwzv1QfyceTCXYeWNeidHJ
251,251,insert,four____,____3504,6gYviMcmTqHwOKYrw0keIfBzhL8FsjccyHuaMdw2On6A1VJxwE9
251,251,insert,three___,____3505,EZimamJmAH0DTlmV2Id6kiCHzISjoRyPvC4DgBMVW1RL0aKxiu0gqJsIQePfi
251,251,insert,two_____,____3506,yAMY6nKBpZSNBaMuWEr9IopXbb5QlUe6zC4t98J
251,251,commit,,,

252,252,insert,four____,____3507,zqlmscueWYqU7GTvIuTke3R1m3e4qCm58vf
252,252,insert,two_____,____3508,pksUcgcAvbwBFwEmWWd6Kp0zDeR5dhCRRsUDg
252,252,insert,two_____,____3509,RqHS5DOhz41nk9wQHYlcFLSEc4t260dBXaP6eQCOymNF60AJ9eM6j
252,252,insert,four____,____3510,ZA3lyyO2QEcWRR7MBJ3Rvus4NzgaLC28Zxtpx9bD7zk20zt1CPNQPDhFVACSsFfr
252,252,insert,three___,____3511,I1hnhy3ep9a3eeGvyKwkEubsaMTGQWBXYbLP9EzTY9bgVwPS2
252,252,insert,three___,____3512,UYhSAMIrLhxQ4WxcSJRGJs2FT5ydzNPb
252,252,insert,zero____,____3513,ZwT1Uz8SR54OqxFqzmt08mN7RM6Hr33ClqlegLTpafwmdYyMt
252,252,insert,one_____,____3514,uiO6O2VPd1k4WizkIXXmRgVO2kbCpxM0NJwnj1kKzuPypNfJ
252,252,insert,zero____,____3515,iaB8gGy3kHh26UjDMTCBxYr49fcEvk6BU4MQP9hV
252,252,insert,zero____,____3516,AaWINgMEO1jpECph3mljAB2WddlJu7Oq9AFzX46YJrdqdlcdl
252,252,insert,zero____,____3517,1vZPY2ubT93Sjg9VrBDCONBtwZ2e4OkzNf2d2xjZDQ
252,252,commit,,,

253,253,insert,three___,____3518,fISuZqOPMWAzLNo9olbqQfl9w8egAqQTjvf5yZUhJrWuDcJT0Ve86toowxHVvD
253,253,insert,one_____,____3519,L6ewH8BMUrgeAkmm77URdEjU4AFGc9nkWncKSLNmCCht
253,253,insert,three___,____3520,oux5DU6wtcboqLA3EXYM2VaixQAWxZNKAdjvYCGttc9PQGxWIkaTOxzF3z
253,253,insert,four____,____3521,lu8un7uCqXVl2fRVgXhZZBOvFPNW2pQo4V9gSaxxCD5
253,253,insert,one_____,____3522,GDXDCs1y4fUXeAEXyw1OITWyBXQEUQxtLG
253,253,insert,zero____,____3523,K8yCi0CPR3elBA8hQBCQIDds98AtEAvZZdmWPUJ7DLuXtYeWGYSGc8dc0dkUc
253,253,insert,zero____,____3524,fwNFKGK71Ek5IMcZp1vhA7dwwG2YrEgMxb63jgzMsATir4SZ3TjqAG489O8Lfuj
253,253,insert,zero____,____3525,cPLEIRIVfu76u4ZEdDPIHyfQ4EugyLuO1UYS2K2GoJHOiVYdlqUH0snOzp
253,253,insert,one_____,____3526,WKIvyAgZxgRSaRuAJmR8dUfwjARGAh5o0p66ywDJbbI9O0V0BLeH3w0wkLS1G9f
253,253,insert,zero____,____3527,8TFiUofBBzds5aWFfm1JToTUwZOLeaLqXTZgnaA
253,253,insert,four____,____3528,COQGDpRW87Yh2hsTxzEpx4QKnZS41MCNE4DY3cdoCi7vuKrfCyv
253,253,commit,,,

254,254,insert,one_____,____3529,lzjrQhIkUBujNn0hx1A99HHwoQdj4MRV
254,254,insert,zero____,____3530,FudZj5ya7KqbYeAXTXIdCrTLwRYhYbZ5e2aU1Q1axtq8pBzNvy
254,254,insert,four____,____3531,xfLmy0dWHsw90RNIeFSpzqAjRf3Frvyhtvm4bdVtg32RzO802MZIjpyMeBj9LggC
254,254,insert,three___,____3532,44IFAnXY8fxAMVYcYM6JWHb18R3JOstUimo92q
254,254,insert,two_____,____3533,pKHrXRXEpYexcXFyh2oIMmEAYQBhymGrwvMGq0IOjgG715b
254,254,insert,one_____,____3534,CUb6r83Y5RW69AKptXVGyOz9yVSySY9OzgFHxyKVcuqnhbPPR9NTE0yir
254,254,insert,three___,____3535,R8nNAhq0MGX1CFRsJtci9Ww28YgFlpMXP5N
254,254,insert,two_____,____3536,wWVOIArPRH4JzDWz0QbxqxbEoWyuYppfMObCICfsLTt1WDkfa3VtK
254,254,insert,three___,____3537,PflIAWmmDbiQxHf1DOoezlrbgF2tD8seP1ieOY0WMGXKhCnmeDMKGjYzQk
254,254,insert,zero____,____3538,B8inBqVxmRTMH1Ksy3FUARdGbm2GT7WqbDwRr7R3TO6XqxMR6J
254,254,insert,two_____,____3539,bADKENiPinyQbm4lc3lxevqlSjjxWvNfjOuFnEQgrmISETUUlAu8aGk
254,254,insert,two_____,____3540,vUr9aHM1khrUANFMtu44999N5T1tkE5PlBt83vdahouklx
254,254,commit,,,

255,255,insert,zero____,____3541,7rDOw4ynNNYcC1kzq6O27pSu0FDwZDjKY
255,255,insert,zero____,____3542,miv8GGEcr8pylKjuphnL1X8pXsHduxkb3qtlkqBL6qaOk3ybKU
255,255,insert,three___,____3543,aafiePG8zxtmV9PrPPPH5o6UHMrQDocggE9XBmXCGsPwpD
255,255,insert,two_____,____3544,ZHNqEYhoEvWPYJ6zyODmDJ9lbrzMwyiFQLLYSYYqcGCBAGezy
255,255,insert,two_____,____3545,shW1l3Vo4WvBwZibi4LRb3osebLGKQ0E1HWUk0K4GhD11oL6abXiG0V1bSQ5ZHCx
255,255,insert,four____,____3546,zzwGsqQPhIsT1fM8GN4wCpxLkGoHZJ1bZvucSnxC9onu7U
255,255,insert,zero____,____3547,bsM6NAjiO9oWo2B3W8CxVHW4yIS54I0mFsHH0dLE7MCM
255,255,insert,one_____,____3548,qeroaeTcQMWFUmygMGzsuzdexNIegvqmGUpWwbCXgIZJwDYzZRf2ApzPi
255,255,insert,two_____,____3549,Cy4qQeONzlwqzkaVy3ghDyTS4hhptTjTbqzrSBAG9Dni5YyRKZucplsdlr2regiB
255,255,insert,one_____,____3550,vh2vFrEMhUsmTybkoGHVkSaRWhj7psW1bKWvOc3mCYBCZuq7QanilhMJT5IBQY
255,255,commit,,,

256,256,insert,one_____,____3551,Jo2OEWx4T2NWdPLWUiEkfv7xK744ueh14kgz0wQMdu3iTsQ
256,256,insert,one_____,____3552,hnpkF40HHtjUqzCxoY0AelKVVd2PZt6o1WnmQO6tSbO25SE2Bm2Zn66z
256,256,insert,three___,____3553,rRvyP4TP0nO80gCyiyaPunMg2F8WnBvcqhYw2pUJPDpoDeGT2QPJ0
256,256,insert,zero____,____3554,OvkCQFkI3RDnuHVQxJCwGapUpkU5EHPnuQ6N2vw
256,256,insert,four____,____3555,iZOXy0sEAu0wNuLjBfdenLmV8X0bDZH6gAljmypsPCScGFxn7if
256,256,insert,one_____,____3556,EAImNaz6f9hn7JtCcOsbtpyAx2o7EP5WN7EX3mKdKNUj4Dfco
256,256,insert,zero____,____3557,i6ZsUtJO7H0ul2KjebUM60Y7VJopXR02z5h2kJOqQL4lLwNuwQ
256,256,insert,one_____,____3558,kR8kDiBdMTb8T9J03Xrw2PNoCW3mtzjBb3Af
256,256,insert,two_____,____3559,sJE4N9FBK6xXQ4BddXGzi35A1CfC35ocZ5WPk77tO4NPIswdzdWFS9B
256,256,commit,,,

257,257,insert,one_____,____3560,JLs82aHAwjqJIH1hVBCF4iUXwHi2UXMM0ohH5X6WTJfOgNcJFxYAVBGOfL
257,257,insert,two_____,____3561,PqHrMl1rVGZLuzMJDMBNTxvNRCeD3fYoEh8Fv
257,257,insert,three___,____3562,tYWoCtEtabLyCGdsu13gWIi2H8HFsiMGmNrtft7dwqSovXD9gsLYgrCwvrlS3C
257,257,insert,zero____,____3563,NGpDtGpgxzMKm5QFwkbTkwIV3pIJxvsKg2K4wwBaj7l415m8v
257,257,insert,three___,____3564,R5Xd4LbNZ5Tr5GCfDdarYSEhw4Ijdv7bdAA3lKrmyLtndD5e5
257,257,insert,four____,____3565,8qfxWdjEZpvTpla68kTB6xFcZMJ4Xk9U
257,257,insert,three___,____3566,fxRvnbMiPdCB7MB3zGk27OwxlwCaoXK1SVGewWjyhIl2ezrpOOCGt
257,257,insert,one_____,____3567,qcg6X8fLmg1x6j9hKybiMeq3WKlsFvNUXH30eohWl4Agy1ae5qnFyRhH4ArWbOb
257,257,insert,one_____,____3568,CfoIrgcKFOk8y7KlXfS4JjSfWmW6tXv3E8lrP
257,257,insert,three___,____3569,5UFp3hyb0O4d1hJNFFFYUOFVQK8p4GEPzFbcXGWoMNLQcvVN6K91KwVNCXo0TjB
257,257,insert,one_____,____3570,LEl7aOAqCjKHZXoUnT6IQl3BR5Cc7ZSoR4Jj6yxBFNJAPoWyD8oY
257,257,insert,three___,____3571,qf0jlrD0BRfX1SLySr8EUT4WfSNso1Mrdd
257,257,commit,,,

258,258,insert,three___,____3572,0LUDLaLjHGXu6Ke5CwYfgg45rDMs4O0udjzFLIzG3NXG3dUdnlSXBBww
258,258,insert,two_____,____3573,5WDb787CMLr2noBofEbs7Fbunrad0NttX6jntZ994k
258,258,insert,three___,____3574,nlewaSQ0SBqs9KVy0EnUFDVJICqfLHzMhxFJ7S4aQnvObPciKNOGNhHu
258,258,insert,three___,____3575,i35WQfuip9XbbKvbzDu74BQ1w1wC625QeZE2N63jfPrIu0bGJx
258,258,insert,four____,____3576,2rhBwpdFonvqUkqBJmJYt3YbHed3ddPPrtAk5IMkUsEG6cNc6CTNDrq
258,258,insert,four____,____3577,C0qCfeLUr6dJ7EObKrQjqZ8NDojx0zYj2R3iFq6
258,258,insert,three___,____3578,rhgrL0xts6DYBYGKG1IALferAdkoRfYThrWOOS04YX57PnWY32agQv8gWx4is
258,258,insert,zero____,____3579,So8AMDNB0hpKLu1BvP4QyFJigD6DWZsvlxxC4phWVYYcBU5SodikKT8I1g64W
258,258,insert,four____,____3580,9fvPV0yW7NoGpx8QswFcthDcGPYj3kCuLABj0SndE5nSM
258,258,insert,three___,____3581,k5UsnWa6EXHWS9kKvjCCc29lk2kfOoAKLDk
258,258,insert,two_____,____3582,Ipszta1Oqq9vV6NXENavA72ob2tQw60kVMlkb1fylr5VXJD7EQ915
258,258,insert,two_____,____3583,Qdfn97nwnOFngG12u7HbCwIBfBVYnEn0YVQ3AtARZOx87fIGwaZzIlb9kUh
258,258,commit,,,

259,259,insert,one_____,____3584,Ub6BBa8QYdfCsOJacC05te5sU1YwNFUcgF9ezWSiR
259,259,insert,three___,____3585,gnbnMF9St59bIg0L9gAuPhyImCkGdLBLvNv4CwpnZzMHp9pNOo05
259,259,insert,one_____,____3586,hBZmkwRjOq18ktD8LusXCVttbHc3Ja1RIuZQpUAIpTjS
259,259,insert,zero____,____3587,UEp5nJqv5Zmv057b1oAl1YDp9dcUflqoUlvKUNVYhewcE6K2nYihUGpj
259,259,insert,three___,____3588,RgBscBM0YfXfqaF2dBeZOxnIxYPOFAInPqo5frGCqbliHrmBJK0y
259,259,insert,four____,____3589,C7UT8hNJfwB4OMJ4eMBryksG0YkxIKX2T7kQP3AJwTenTCb
259,259,insert,two_____,____3590,cIYrv73AuaWHWxfzQfxjSaqVGWrg9cdH9axDXQcS8m
259,259,insert,zero____,____3591,QTqvQsjhnLa64XuElDtEjSXzRZ6MeaxQo7wm
259,259,insert,four____,____3592,x4w8OA81ZqLrL92ebhj6Bv0uctegOzgg43Pa4
259,259,commit,,,

260,260,insert,three___,____3593,kewk0YmtLPuAKTD33eG4LQzU3qjSvyxvUmiIcjHVxr6eg
260,260,insert,three___,____3594,k5Lk2iJXJNG7RxEDdLr9f46L3tthLer9ao11oVdhJyZ011QNFix1BC6mK
260,260,insert,four____,____3595,T6qNJqa03fxmbiZ3S6eY5H3UPMLcfgZkFzD8eShniDLOqIe37LXm
260,260,insert,two_____,____3596,xsjsDQhMSdgpw5UHnXcFmtccDVt63Z3siSj7ukQEZLDVv16AvXr
260,260,insert,two_____,____3597,0c432jvZ9NYmGuf00YUO7VukW7Cu3Xsfv
260,260,insert,zero____,____3598,Ie3U5gEhZmXl5hrZwTD4YQVgMQfM1YXZnbCczosFffnCIy3y
260,260,insert,four____,____3599,OQ5ZVFf70I8zVR1WN8y9JbvPcozMtNO61B9Niq0miEMbYTRdGiVPylb
260,260,insert,four____,____3600,Q0EeiwSZ8CLQSqSfDyj1HXlR5gWHlYuFNuGNo3aa9tE9HHQyJlR5Hjuhic
260,260,commit,,,

261,261,insert,four____,____3601,pR63YgUZH19jGJXTezgvTaWbxHl7n3cEDjNdZkHNygoscftO9fL4qKr
261,261,insert,three___,____3602,4s4JjV2gxyWl1cvgBUkZ2EHHChIm47UhGUG8SN
261,261,insert,four____,____3603,J9nGGSjJaW2KwNLLlH8e3xk42yzv6169
261,261,insert,zero____,____3604,Lq2SMzkUhkn4vkxvmw7NZXzXZV4JowCYrJjCd4y8vy43D2c9
261,261,insert,four____,____3605,59bo0FNn0MoWCDOWAYZh5ZsTXJcunH7Qcujt35QY2Twm9ssPmzKP2Sqaay
261,261,insert,four____,____3606,MyFQf4TJ90Aa5JR27twcFBmcMyeFaZ2geg5lx9AVo1H7iVQ7QsxLzE
261,261,insert,three___,____3607,QYBWWMFc9NfrYsTKlfX49xzDS0bigSriNQW
261,261,insert,four____,____3608,KMIPSNYyurE6q2kEnHrcyTEj9g14ZdGjrKy
261,261,commit,,,

262,262,insert,four____,____3609,DxzH1yWZmVFXLoGaZjZV3LztXIaSIzyPEWeyUbERX
262,262,insert,zero____,____3610,uXevavJ606LwdGW4XQqmd5Bz1voItnTJ9lXzY2p4foTmbLPCP1Z81eA
262,262,insert,zero____,____3611,XVA14Se8hxXWoAWnQmKEJrR9SufXXKCpwA
262,262,insert,zero____,____3612,KuB6vhDEbH1WiKfCIxPMYu89KtwUJXwPLgR1mNfoNldeXI8590IOX8kWN5
262,262,insert,two_____,____3613,y2xNx1IrCmi1NzCFTlcwurHZ4WvLZ84V0hhZaovAdEvVqYdCp0PHRRXE4bKGHj
262,262,insert,three___,____3614,FPjrr8MBGnmf6PLZREZI3Oi4LXSKRU7khy1w2DmhUXTlhO3Smv2DJ87l1Vn
262,262,insert,three___,____3615,pOQX1G074vat7qg9t1UWA5FMoD4C3A8sRwphAXvUJRH6CYcx
262,262,insert,zero____,____3616,H45XnV0Ql8xN8eDvWj0tEFbpum1RT7FlMqKgSP0JXOUoxUtHdU10WXBap
262,262,insert,zero____,____3617,UCWWPjTzszJwqLXfcwcjrK4Zky2xVpsayO8NmIquLfkK
262,262,commit,,,

263,263,insert,four____,____3618,LoNjtPVbgm5yzIpDVU3XlW8puo6UVbPmP4Q8qmQehGUTeSn0hD6Elt01QnfZe
263,263,insert,four____,____3619,iqyaswWepuw5DRY2hgQOFiD3weUQ8tq3QRztqRpkR7VV69l
263,263,insert,two_____,____3620,eCC1yf9a0phWTUuRu8qZvejczcGnwf05Pw4BIPUCVFeqmHVz
263,263,insert,one_____,____3621,gfHWisjKAIZdmrfsPCIRZtW6sRVpooam5uTabrrUoti1iTfffcItOfY
263,263,insert,four____,____3622,jgyj5g3FTxx3UWKc1jGXd1QaLs9lUQK3niAHKWMOMno9Q8mM6GHkw91r3m
263,263,insert,one_____,____3623,63t0aPe6w4JChlQK7SMBwdAGykR8CprHYCym1EoKlEyuoT3DEVqFU7
263,263,insert,four____,____3624,u2w3Gl0267zLdyp9gAUbMiedV49ixGSBpAbI7Qsj1S04L
263,263,insert,four____,____3625,KQ2swAuDmNcQ2KdjqATCu0XaO12Gc8EZsrc09
263,263,insert,two_____,____3626,fgLQGGMDS8IZXLxvcBmcI4qLYYUBwwUIKBz
263,263,insert,zero____,____3627,HeixIwAvPKNoQqJOThGs97SgyLD0Gx2Cjq4uoHl7UxF
263,263,insert,one_____,____3628,1hzOpN6rIlgyRQ5okVn4kfMSTgif0XS2UGahCxgcwLCp
263,263,insert,four____,____3629,0vx6ppvRmL1D1y8QohMCPgFCZR86f78QVNsS0jyCXdoxBMn7
263,263,commit,,,

264,264,insert,three___,____3630,TkYZUiqRciyoUAT1smsMD3n2oo7BEvkLAzljNnwLEjn8T7nnWqIQIiTuam0p
264,264,insert,three___,____3631,3EuIUSqTsWguDMjgoo2MX7hX742rR3ft4UsX54Vgx9rykwA3quqCSHFhPE1Y
264,264,insert,two_____,____3632,2Amx9NKYqvUH9yQIOszEKbRyLzSYd81MkXHN1LHAcbhY4PQziQ7nx86KHZ4
264,264,insert,two_____,____3633,dPQJpH5lYupB1xXJB7mw9j2F0qTVw2Iq0wTqv9LMlFwcO7XxrQaHD
264,264,insert,one_____,____3634,Qt0C9zim8foC9yYZMUp9iM4Mb0YhKSkwUl6sAxu26c
264,264,insert,zero____,____3635,lr7cPpbuLnXwYobGDGyC7f9SkqXk3te8tUDELTEe5CG6G8yoJ
264,264,insert,zero____,____3636,mJhV1upXUQxxgUNExYBj2V1vSFVhAhAx9n9venOeBGUMKZK5KPd6TaJi0d
264,264,insert,zero____,____3637,Tg23IeEQ3cvEs4FWxNYOXdVppjGd68iCJ5c43MkaJN97UQAW1kx3kdIn
264,264,insert,one_____,____3638,Y7oDX3u9tLLMfogq7ugylAcZ29wVe99QQ7jF2jIKvm8anVebwt8rMlFuvId1
264,264,commit,,,

265,265,insert,four____,____3639,pEl1p6Y6z2hqn0ziz5xi6nFOv040q6HCgo5C9ZJNrTR3en
265,265,insert,two_____,____3640,CHF0FSnIvqe1IlzVIoSxp52yXNkQJ1pMnifFnqu12VnGA0mGAnfPmbDuLmI9v
265,265,insert,three___,____3641,pzhgACS3DSxt9cjCkVfPLroE341Hx4fI3uVTfDxY1VsIoS4JEAmsivIlpL5xjy08
265,265,insert,four____,____3642,z1GNY3ZtZGup3gp8t6rjoHEo3cMg7dzqys8GjpKi34rSIT
265,265,insert,three___,____3643,2igpGZw31yFyas5moXdV6ALvJrDeGaqg3ewBt7mHNLjvw4rIRuKPxMXEmJL
265,265,insert,zero____,____3644,dxGm6FMw3tPVGvlcR9d0dBclKwd7xscrJ5I7aPjlDbCPL9DAhxUIiNOuaPGCnKp
265,265,insert,four____,____3645,s0KFIirZ7TsEd9xmqXgQPUlw1tQSqTbhoc7xtV26ZHWCAICYMLSKGiwnZBPynHI
265,265,insert,four____,____3646,wDfEQoGE662s4gmrbsWV5VEA5xH3Sx3lLC1l2M36TQsDRj640J9
265,265,insert,zero____,____3647,Ms7T23yo1ISpynv8GPwtthwhUOilq1drHvVeGmG48ktph
265,265,insert,zero____,____3648,lRgYT7T28rI0nDEUEduEQBX6zD0vgHuWEFRbVJvM0SeByiowSRUNgvcUPGIrP
265,265,commit,,,

266,266,insert,four____,____3649,lMY9CDXkzO6RZYgnrJgPU4Bk1IgB92ysNLktk2tef6OL90dbHCQC3Ex
266,266,insert,four____,____3650,HOd4QvjxSfGvBiM0gLY8ll7NshW96KrLVHwHKC4UlLsXgTaaMlRBRCd6HZaWF
266,266,insert,one_____,____3651,kasRVpNXZJgYcoF71wqQ5dEejJC8Vtj2u
266,266,insert,two_____,____3652,RKkPp78XtIQ6kxzp8dMIPLVbfUwq7PmAx5ocvamb7hNwDB
266,266,insert,zero____,____3653,lx4diktLVMYtQ8fXJj77TqWf5KF1rsOF9ga3BTKRsi1
266,266,insert,two_____,____3654,wUpK0EDjC7uJZQ0cGQkZOrbDE0kF1fYeF6OrK6ekX2d0
266,266,insert,three___,____3655,iILU0ql6O6U5lc5UVW090UcNGfL01bOr9DNXIbesOcTIFLOMG2ztd052IUC
266,266,insert,three___,____3656,9oTztaSiCz96Mk4hTUTQwss5eqod8CuU1ZX
266,266,insert,three___,____3657,2H9ocqWepJadK8Sekc0l04LiYjEZQN5lVkgPwNTM
266,266,commit,,,

267,267,insert,two_____,____3658,CzxG24qNsRYHAETVkMSWje4f3jg0Te4zWXNTOtpzyX
267,267,insert,four____,____3659,ngYk3SIeniAK9n84jJWJOOhtCQGSQulpF0Fh6b
267,267,insert,four____,____3660,Cyang2womxYeaRzD91b0yRP0y9DY8E326eytvS
267,267,insert,four____,____3661,mUPneQekmNn97reViyyQniDKE4FTc1nPrP4k
267,267,insert,three___,____3662,mmnNE5S2EG92UxtYh2Ps0wYgOC00OM9c5d0MsMlPluG8HCrxA71ydqD
267,267,insert,one_____,____3663,i6aKaduwcbC1AZQVGesa9S5mxEolZwSwcZjmZVsitk
267,267,insert,four____,____3664,XmE5lHubazrlHE0rmSWB1vxr2lixfgaKZcg
267,267,insert,four____,____3665,wqt9ULoB0Ky7c67FyfhCJ6D5zcoHg1dJoaCann5
267,267,insert,one_____,____3666,IOYTjaunWqGI1HO7n2aN0F6ClWgfPMnYdDKeLAedM
267,267,insert,three___,____3667,YidiCIEFMMx5IDkP3PeicHLwVqCqcSmA7rtAvEQ9yFOUVxK35TYHw94QpbNp
267,267,insert,three___,____3668,pSUFxZF0rxchLLKILMUSJBOzjYKurleIcKYsrAVJsfYjEjwsyUBBqoLGmdXxfW
267,267,insert,zero____,____3669,t9u7NwlvH5O4Rlq8eleXcLPSu7KTCCxS1EuF6N6Vn9Oy90gZGBFw7dZpNWTo
267,267,commit,,,

268,268,insert,three___,____3670,Q5vHbDjeER8HPpCHosV6a65POdfZrf8nQHpaxDygUVfdixxq9s3WNyzmthUakie
268,268,insert,two_____,____3671,auyBeVAuQRMdFSc3KNkd9eAnUcIEa1GKte53GMjke4L
268,268,insert,zero____,____3672,GvuPmsNQCqPlNboalAakeLxR7reMz5feSQ
268,268,insert,three___,____3673,AWsMlIzZbeWnbfpaOgHsuvVIZjaqAQUqHdc0o
268,268,insert,zero____,____3674,6XTPR8V1NSyovHIqhiCc2vfOgO5SC9iSVdOULYpjgW97ZL6kNIHzh1C
268,268,insert,four____,____3675,SyQ1JXvKnK2anPpMvQvD6g9ZhsvUmqJ3EqAFvIgG4NDIkhRTsBXdVi9dWj9KrPFf
268,268,insert,four____,____3676,DBXUp4Q24c5dkDwaBm2BTzESiiO0uiQX3dTe4qXWpw2Eu9GNS3eXkVuF9Z
268,268,insert,four____,____3677,dtN0AOEUk8qxt26kYq2oqL26xmyWlJV5gFSMonUgZl6sMxTciqaD7
268,268,insert,zero____,____3678,RKLdAAZCGRv8Ve5S2xqqjwoSFGvo29WjkpZddMIIA26YKSWx
268,268,insert,one_____,____3679,ZI2tuJrx4ebGVjU62czfQGs1iMzcR5WyM19KorJRdyETKOTTPmaG
268,268,commit,,,

269,269,insert,zero____,____3680,NGGoNH3psOVLXpbTiN5VEoyKJ3h4OLB4
269,269,insert,two_____,____3681,5dFUg3pXWwRNStBbd2B78b8UBBzH9BfBfLSrGLfB4j4hRLkeH5
269,269,insert,two_____,____3682,NNu72baJMTCy2pKQqI6rU8yg7O0BddiMxPLT6e73iJSObbYU2dWmmzRT
269,269,insert,zero____,____3683,o1svwncxjzZbd9AOcygA3eSj311IAWh00L7oTuGAEBf1m5TJ1pJBBOznje
269,269,insert,one_____,____3684,faV0YepGzlJ28nwJ5t351wKzD2EaO1Q8e42aFruarq6WpGC
269,269,insert,four____,____3685,oCFS0z2i31V8iO2H7Wdh324OJrudCQDlAXuk2hfemuTrw
269,269,insert,two_____,____3686,SxBbB5w9ZPpSdqALmgeVcM834ZuYoPDebhRPJWtED4
269,269,insert,three___,____3687,oYVGxGGhm8PhD3Kb2aBgp0sMylsRsxPeFh3W
269,269,insert,three___,____3688,F75Vvxzwb7DCY1fmgczSU02i7a6kHn1z12PZ
269,269,insert,two_____,____3689,aDtQexgvTdrNUieeEH2z0YOfvRxwqXP8xldFMHs
269,269,commit,,,

270,270,insert,four____,____3690,lseFvwQQtqSZXC9ZQ2mPzE9CEKLiGktWOPNwRs8yQFV3n2shfsrRxYCqQ
270,270,insert,one_____,____3691,TpBFjLNJw84KR9oOcTo5N2D2BOfmGXPv4nzdwgzc
270,270,insert,three___,____3692,EEqnjPaY5GvieiuuQg7wTU5lBNyJ6fgWIiFM
270,270,insert,four____,____3693,O0lKiJQViYZaTFH4mcxeDEWPEhY1G9r9wVqjS
270,270,insert,zero____,____3694,GsWX5XzfZejJbNvuzkXffG2MlCnC0CMyKL
270,270,insert,one_____,____3695,xzbL8bB6OjLT2HFZ7X4j6FgPCN2EqLSPrZbVEcYcb7pjT8y2JHfikGfA9SyWKpmW
270,270,insert,three___,____3696,txyUP43Q04fMyzgkRWr0elHciMSMWjS8cEQYTZa1H4UJQUKLfr4hsOhArm4uglH
270,270,insert,one_____,____3697,HpuAKeUsEowrq0Ia5GHU54mfvqLHpbRcyHWkvlVN5HupGWgPH5p
270,270,insert,four____,____3698,eDIRii97D32bUkclA5MHxpTvtcjhlfD2JlxuPogF6YX8J8xtEuZb
270,270,insert,one_____,____3699,iFXr4ZL95tGByFfNticz5yO7dMtfmbqFn8Bk2wkjiB
270,270,insert,zero____,____3700,P60Bjn4tYeR4s33Rz40Rh4iKq2HMiPAF8d
270,270,insert,zero____,____3701,6uIEoVNH3I5KTZZXwVfzHp91r1Vvj0kf0zJ1OJc7XNm6etcjfoVug3ANRn
270,270,commit,,,

271,271,insert,three___,____3702,FrRGNOGkky6Xkc8pKffCAO71GurBEb1uvnXzMljmsYkjo
271,271,insert,one_____,____3703,x8GSCBZ4uzB8YODorNcBdhqXeYSmeowBvlvIKpSUNOC5eIn6IeKzY
271,271,insert,two_____,____3704,BnzFpCmBNSUXmikCzFlymizrrNMlhvDFPzR52b6qoaLC019nCPTni2h94G3OfLv
271,271,insert,three___,____3705,iYuQHpvVVtnx4xHwjUQFqJeM92gGJjQvV9PWXcMkKbOu5fxto
271,271,insert,three___,____3706,vaH6ItJxN3RRYu2TX0HMlWZ2TJJJPqx4EYj82oNAlmprUFyySW42kSxC
271,271,insert,four____,____3707,Nl3z8NGy3drhv4kl8ZCqeCKvrCRjRplJ
271,271,insert,zero____,____3708,RKjZhTKifQRKlb0ZZymC2liYQFJ4XQQjYQfKWvBYTmn97eQZZnuA3Xpn0L
271,271,insert,four____,____3709,IJ6TpkDDYXUS3t2ECnTsupo7ThYuMhYho1SR0QzrYA1HHe8xZmT3TdMAbPugiRA
271,271,insert,zero____,____3710,rIkpBiYaEC6H3fXW4gTs32iRHUrZFQ24uX
271,271,insert,two_____,____3711,8Cz2hG8TZb7gWbPYWgWxrGzIjCCaFhpi2gXE0CriD3RYFK4L42t2EdrY9f2
271,271,insert,two_____,____3712,ujBfBg988RP6wnKgzNo0HbTCbzGSG2XjZhOblVRvs
271,271,commit,,,

272,272,insert,two_____,____3713,WBlF1mOe0bl2VX6fjySmZPrelqRpHfN6tU7zSOi6y
272,272,insert,three___,____3714,tASx7VpeB7TxTGO9XtI6e6EplKFzHrR0oyKPO
272,272,insert,zero____,____3715,DEzeZoe3lxBP7bc5o9AX4nTpehMXHU4TkyHqs359QibDoggL96jU
272,272,insert,two_____,____3716,AqyqMGT09zt7E1oDOUS3dPPk0hX7uD3UBE9nEoFSs8j5
272,272,insert,one_____,____3717,nhtExn4lYN4wQd3wbKdN3Vq8FA8DCb8xR3abojJCij2ibOD3nOU
272,272,insert,three___,____3718,2V27hEMPeJSEw5zunOqv9kbOPY3UsESfVLLHBFwGYF9kw1RbmgDuty9oVy
272,272,insert,zero____,____3719,6ZvwQXFK6f6s9N5vjcX6UsPShMN3sW1zERqRXCOTrH3
272,272,insert,four____,____3720,EafykLRYr3zazVAUJIfLo22Et0maAvszvQIl
272,272,commit,,,

273,273,insert,four____,____3721,6WFA3Uu3tBfNLo8qu3C8RpAkiT4h8GtqD2mHX9eQhBoe9AagBWx3jDOlxmgZA
273,273,insert,four____,____3722,vkVcX5DPBVFGxI5GpZsSNMw714yTPmgsxLuC3eSz5IwCzGg44f7XYQqN
273,273,insert,four____,____3723,isZIBOSRjzYU8Wl7Isjl4MkJacJAdiVL822wE
273,273,insert,zero____,____3724,MD2TNkywyq8mWJAS0iZfsA7nyaoO4gnVAfSb7umdZdDWFc0PpIhgh4892zXkr1
273,273,insert,four____,____3725,XvCxwvKTdw2yAZAC7h2MA4VyzgXREngQlwHW7TOEJdOatDI7kEF3oBJ
273,273,insert,four____,____3726,mmuvviAE1wIWVIHGWj74saTxis6FbCYfq
273,273,insert,one_____,____3727,O9AWGq9QpXNDV47QnaZuTh9qlqLumJsTpi1pLVpYecYi33pGkrEY
273,273,insert,three___,____3728,0rgCsmuOk4rjEQpkwXskcKwMG8J1PmRJGrOCp6DB5bog4N6cgb054TxN7kq
273,273,commit,,,

274,274,insert,one_____,____3729,exx31nXvAyeupTm5a1SFtopTxHddqtJewf0o8ZLwfQ2vVO
274,274,insert,one_____,____3730,Vp6pn4FGfp8ZquXIEojiRTVQhw7qbC5K8BApN3D7XEqCYVeX0ackkr5db6B
274,274,insert,three___,____3731,RNc2zlo1Bwurpjbb93VWA8Li6mhrad0v2JPIh2PgEnUpVioRHK
274,274,insert,two_____,____3732,MZgGog2R5aWEynM4rAivaJykivKXuetqEEqrOtGLpcTQcUVaJ8tXCV
274,274,insert,three___,____3733,TjDNBt4fKag6XMiiiWZVi3BN7CfzHCLzWLxiVGJlRje
274,274,insert,two_____,____3734,eVqVWjHuV4FGnJyNjzG78YRzUBMrGApZX0XarngE
274,274,insert,zero____,____3735,bwEmRJf5hZnCqef7vEkjmyE39BWERXkYuCbLYXLP34kdmIobp
274,274,insert,one_____,____3736,K9iJSPMZW9fxhgcyOIZE42aylxTH5JlGcOItwhEF2woX4LtzqJSjxQtCxniCmDt
274,274,insert,zero____,____3737,SPGlz7e4JG6Z7htnmnaIMBOUhBGRCGrI0uVM58HiPzMU8HWZx312
274,274,commit,,,

275,275,insert,one_____,____3738,P14nirgOa4qSoABOuBVbyN7qvIcP6q7mEh7p5GjHgiWHDK0YfEY
275,275,insert,four____,____3739,YBsFs3bABZRxzVMRLe1dyXtb9OWzQL2ceXuBm7nTJDWXmqnH98TxxIKzB2lpOA
275,275,insert,zero____,____3740,so3XpY1mTGRBS3IopJlhOUD0jYB3w3faJeKwpgZyerdC0SIsK1nXkM5o
275,275,insert,four____,____3741,nvr9yzWrKmBoYbryECyL2WQPlA7trTjj5cVa9DFuQkFvy3nTjDSbFUbHK
275,275,insert,two_____,____3742,YoJf4EkMsUg3uCllkf3GXYniZgVKYw0C3
275,275,insert,two_____,____3743,jzfoX7EeHs9hkRDiWDWtdFyNVWkS8HP0vTkI
275,275,insert,zero____,____3744,AshR08IvaTPuafMEtpALHpSQ4gVKm1xhCKfHHcADGUr9moqnFA4fIx44
275,275,insert,two_____,____3745,lYC803d7yK41K8glmSY6BbadjygiLSTC3cQ
275,275,insert,zero____,____3746,gep4fhtwskIieomBxsPB3W8ME1AvmvQVWEw
275,275,insert,four____,____3747,ZEDLoZHcGyjkg5wInIrKQ0zyrogJrobx
275,275,insert,three___,____3748,xGb3CJ4RYgdc3OXDNYmBQaYEcDndhSE9NEFBm0Jz1YU
275,275,insert,two_____,____3749,7e2aQqJEgxEVOyTK4tjMxbowoxc8c6lE0b3kpVkRRFmr2WJqsoWZ6euAk2bqS4c
275,275,commit,,,

276,276,insert,two_____,____3750,Ij5dY2S8hO5UZ1VmawPGihKoXooDgxppy6Pnl2W5jPhykBcJMRfipay5d4y
276,276,insert,one_____,____3751,SpPR5EZTF36RZkED0ebNYycXcTUBsY0Zz8yB1GkrRuTBUBw4UoejSvPD5vph7Vh
276,276,insert,zero____,____3752,D24wxOxUqn6agPzNnYCpBNFmn5SrXooFJUcsaiydovAoia
276,276,insert,three___,____3753,4QlW1x0BOli4O0UUZSQmqD2w7iGrFMRnk3r5kfxjQpET8sY
276,276,insert,three___,____3754,LmSd7fHZ5BXD84Sfo7LigpVVkA1Y7MbEmPKE8Q7Cvyx
276,276,insert,three___,____3755,fA76xE4knbN79uyrIPzogRwjJ6BIjQfuxiUVd5fg
276,276,insert,three___,____3756,Ow3op4H44T8ZLiItaZvlx8HB35OpPqTBBHsJSSBmshndWPce2aHky48Gn
276,276,insert,zero____,____3757,DEXclWdHZvCI8Kc9jnMVQrBctmqrFj5LF1CS
276,276,insert,one_____,____3758,lSM2TuozIbs6PcfIYt8AH8WImriJnYserWJhTuvevpxsR3B1apBCXcTZ39vfLJPN
276,276,insert,zero____,____3759,Qb2EWhrKPnGCCUvB9Zvae8DGgA8Sto9kZ9umG8M6YL
276,276,insert,three___,____3760,CczHg9Q1pmz0yZtOeYkURbnN2b9t7O4aOlp40klrK7
276,276,commit,,,

277,277,insert,zero____,____3761,Qgay4iipzinqLpc677mhp1hQyZZ7dVEwTgYbqYQO1T
277,277,insert,zero____,____3762,sy0rsqny820E7xLfDtNJwxUsq4IInJuLQYZ29BF5a
277,277,insert,three___,____3763,PFyl9NAxmnGJV25NUUBzZkFZdTqCL2TdhujAvKSObpLXFKrzL6Zhc41W6
277,277,insert,two_____,____3764,No1Q27XFZji5FrYviw2m01SNxwp4TDCeeUvHqhaLGrHz8jB
277,277,insert,two_____,____3765,3sLFk79WKELginnsxEf7KqsBD6Is2Qkck9vCcGEykseAZ0yDknfr5Owrhpm
277,277,insert,one_____,____3766,Y4RSyox2ZzlDPmcRDTfzzjG2kp06I1TIG6eNX9YZ72u6fBh3ZOgcLu
277,277,insert,three___,____3767,0ZTCbGgKzdELRKPVSdgkeNFspgQbHH0dHiadlR6q2
277,277,insert,two_____,____3768,F5cDCd47wyBvGfGs5mJU5yvo5L1HG3hPWbtUJqkvLnsSq7Kn
277,277,insert,zero____,____3769,vkBemhByAW9Mon9qorxMlL14BdmzsujtfJgAdkywo3cWDJ5
277,277,commit,,,

278,278,insert,four____,____3770,TgDkDteMFOinp3j50rAjEZ9Qu3uZaXdkjCC8v3M1kzvXTt1754Haybg
278,278,insert,four____,____3771,BycrOqN9IZBU6W9Lcvwr9A0tDdwk9Y7ZBMzgZ9hcWq9kQQKj4UidqjSZiM
278,278,insert,three___,____3772,jmYGpy3zAKGEsqp79w7HECeNN00rx7wjq1CL7AkKF4lGL4Q7d8jT
278,278,insert,zero____,____3773,nu4LIpiLxb90LYMP0OnqonJ563Y3VGBa4jpOOUQQGf4c88Kx6j6B48rJVf
278,278,insert,three___,____3774,o0bzgSVEW3sKbXcGZgH7qeZCLUIBSm9dOVJKVRQgMZVaFb05SgALrj
278,278,insert,zero____,____3775,3qIX4tRF6Edfl0f7VJ4s4k08rbppFB267J5TQny7GfpIpqE1ffD1AJsAv04w
278,278,insert,three___,____3776,MyK1x9P3BRZcCtDgBjusZgMgazBwkGed
278,278,insert,two_____,____3777,QwDV6zJLzMG3OdDDHXfUSHAMXZ6yUh04SRCxaDGV0lyNb3fs6luYSXZFI
278,278,insert,zero____,____3778,MlRDVwvk93574oUNIgoZ5NHRtqD5KN3L6jBs
278,278,commit,,,

279,279,insert,one_____,____3779,slkvB2MBoj3AHXje0Z0kkIHHEWaOaJzdHc0yhSZg73Gvr8epI5MLHdyhHD
279,279,insert,two_____,____3780,fRnspLdpHzac9MrwIThtOFbhUXmd3Ti6d37JyESi4JBb4guIsC
279,279,insert,two_____,____3781,yedJH6BkjsH5fd360iubtu2PCmqguVDBoMneK4GNTv0NCDmi1uJWbN483B5pryxW
279,279,insert,four____,____3782,vaNp7oMIr33518yVRnwz5ai8KA0PdwDgm3yNJK3jifgFuvzCGH8orh0ZJpnvp
279,279,insert,one_____,____3783,lpMYSm5DnQBRcpWni0KHyPnPeH9u1LkMNgef6XtfqIXi0dOrGCBDV
279,279,insert,two_____,____3784,y4QMhEuaOIgoI17frBViHlO87bXe04oU36Z8uElpjIgHkkXxaMsqWl4zZ5dA02
279,279,insert,three___,____3785,bUretEbOjjrUbotJVdE7mqvJgb2SEXa5CVUFO5MQzacWScrzaryZT4NUt
279,279,insert,one_____,____3786,pbvnzAsDnnZXEnGCAN93V3bbdPrPOA7odLPoHRavuDIgT0POmls65wsbaLTn1
279,279,commit,,,

280,280,insert,two_____,____3787,R4Dqe9u9rMPnP7Jbp1C8LqDiRY3xWneEpytElkSuj
280,280,insert,three___,____3788,k4tsLqEwOJx3p2o8dhEupDyUGxJZUjSPnq16C6D
280,280,insert,four____,____3789,34v9EfwaZ5HO6lJiaYDqBhf19EfJPxq7GtYbMTL1xzde2y26s
280,280,insert,two_____,____3790,9rqsEf1QbPb1xT8Y4GI4yzJEfLkuk0AiCejuFeiYNIHBi6yfeUMc
280,280,insert,three___,____3791,2sbtPVkm35XFyIXl15uV8qUDu89QD5QS2cmefl8LCTTbocYBx1N
280,280,insert,three___,____3792,Ig23MCOjzdIGkvk3xIpSkbZcNJtqjFzB6SzFwac5LQrh92sNY8mWctlW
280,280,insert,four____,____3793,fgEHmo4SKKg4rVS4HPGxnCorIboqUILPBKojL5Kxf0XbrniZPqLTMRG1
280,280,insert,four____,____3794,wJdzwxwvBRs0JgACSgCKNEtFbhm5UdxGMoPIH0uXwfuxQMO6M4XO
280,280,insert,two_____,____3795,yLv5XnOJZ7lA3ebCAwwQxyFyF2JKMV55bmLh4Co8bjXVdOH4JuZ9jKx6kg9Jce
280,280,insert,one_____,____3796,o5cFdExyvQ21ITWgp25QapaEO4WQRdCOUBhwrchyGsymY4pwS7sZkd6o0
280,280,commit,,,

281,281,insert,one_____,____3797,IBHx8n7IwG9h9HQfg6NzxHAglcvYlSMnYd38QwBDqL7nfVXciCUhr1piEs
281,281,insert,two_____,____3798,JC2tGZ7fLaK8wCLLOVIR6Dydvara7Wznw7kG8N6tg3NUu0SHq9ELP
281,281,insert,three___,____3799,BvN9uc8HPOeUoAAJrKumOFgINvNEJm9eKV77oI39xgZYPXRIHpmHuwdt
281,281,insert,two_____,____3800,YWpaPnm8yoQEcmcqhX6afjnAbKFa188t1F4s
281,281,insert,four____,____3801,QKj7p9qnDPHzxfqWnrD0389IettPObBquMNosrr8l8Umz6QH1JhvYIH4ylP
281,281,insert,three___,____3802,ZZ4EFNiycFobOLvEkN18HhGKEM5j66XGrs
281,281,insert,one_____,____3803,HB5Agdo6WmVDxLZO9dJsWqPBlWdfxh8TGPVg
281,281,insert,three___,____3804,xQz8Vd8XwGhiz0TpZxCfwaKKiHTpq0Dbbgk0s7MNCvk37
281,281,insert,zero____,____3805,PkORhKigVmsv6Wf3GSJptZaSNBz6vz6e0ZlTsWY5AaXmFE
281,281,commit,,,

282,282,insert,zero____,____3806,tqlMMDb5XLEWIfw3He33MDqCfoOWShwhnEOPouk2vTkT3EK5La9GmZ
282,282,insert,one_____,____3807,voiwjsEA1hH3upth1jUN6VUKWBoUGVPEBV9ovLyrvDjWKFaG6Ju
282,282,insert,zero____,____3808,oQZ1b8D17Md9y7CnnH7eDPAy88oUYSRNqyAEuq5Too
282,282,insert,zero____,____3809,l6AmQjG4t8Ut6Ut1kUaqyF3DdGI9wajf8TRQybjFnYhLV7I
282,282,insert,three___,____3810,bN7T0ghvgvmKqpaogXWOGGwXXlyY0lay8RG
282,282,insert,zero____,____3811,KDmFoLIQnWbIYusb9fmVNlZrZMZkJiWX9mM8iwHQtQ3tQ2bto
282,282,insert,one_____,____3812,GgXGejoSH7QpsYuImCi8Rv4YQbrzUuCIpjmQQQsHPYaBcjWnrvvGtsTvjm
282,282,insert,four____,____3813,0Fb8W9G0x21vTah846Om8f2yg533VIuu4pUc5r88DTroqu0jyOnz0TULB
282,282,insert,zero____,____3814,5W4QjG814gJrCZWOqKV2q6Yv0sNqNqSW
282,282,insert,two_____,____3815,X63uAec1gKfLq1BVbbscojLNOpSyDQGAshTLL2ckqq
282,282,commit,,,

283,283,insert,one_____,____3816,KKfircHvFQaaD0qyg7rjGhDl4gCHSvuzI9UIyxWSdp5NQq3SE7bPg
283,283,insert,three___,____3817,MstkpwBPQW8CYWSeZ9FlEUlUYQq6dueNHqb
283,283,insert,three___,____3818,nSXvd5tGWl13mfdrGkAdph0Sf1f0cVb5pn8YpAz9aBM1syzoDZY98aiNr
283,283,insert,three___,____3819,OT4wnvU3q1vfY93BO13Ru0ZXA6Q3qV5GI8OGWuGaWA08yfSSPj
283,283,insert,zero____,____3820,x5oh5bGEownxAx5GZ2k6wIt9BUf7rnuugpXpcTNl90GNmglGGfgeruh
283,283,insert,four____,____3821,6Ob5F85Cq6ahZBV8xhS6iyCkddjLeB0ORtQ0qHv8unneuD
283,283,insert,one_____,____3822,YqeaL8pXtyYO3pD8GelXdL6GwVJWLtFFMJ68O2BR2ngnvL
283,283,insert,four____,____3823,3AQQsWNY9RpXBDfuewN85vMw9h0mPwlYdXHJQvDQynGCTlmevQq5a5n
283,283,insert,one_____,____3824,izpvGvdTcK05whNqQxOXkvIdciokbz1AfSdnmeW1l0
283,283,insert,two_____,____3825,yNj72bZiUhxbMC3RqAYNc3g8V7sONzfsRCoMweOwW
283,283,insert,zero____,____3826,SSDkxMCONXTV9RFmaTVSxBBRyR2hx6Z68JBYAPa3dxH3
283,283,commit,,,

284,284,insert,two_____,____3827,41DoETxa1d1jfD5bsP6309XjycfK5BEXC7Sqpn2GPeMTIEXZLULxf9raFbN
284,284,insert,one_____,____3828,lrwBOgkWsnlfMQlRyb8a88sObseyCrlF
284,284,insert,one_____,____3829,E2nmNsMGT0PNZtJ6Ju2dNXXCdOSL2v0Hs9KFjGjgcE5
284,284,insert,zero____,____3830,rODqfLKPQMG5BBvBCW72F7FtFxNSdUPLsMMqkHgUGBMPp4lUiD
284,284,insert,zero____,____3831,tk9DiatRTVHKv2U0lhxVSFkDvaMQATLcZWTzBtPzKU0k9fc2Buv6pqJk
284,284,insert,four____,____3832,8YEyhtu5RdGc2InVb87V9nieKCFzAqVpsWCT4KEcIAd4iy0YcXw3nI
284,284,insert,four____,____3833,5H1X17dDdRm8tnX2N8iKpmGg4hVzIDKaGoIjZA5febuvWamBrFc9SbV
284,284,insert,four____,____3834,yJQx2DY5ekStZv0x6J941Q0XM5ptdMGpBuUXyO10Z
284,284,insert,two_____,____3835,NEPHn6aLr1OPmc9vVfdD9YpHvNug4gNgQyng1rcpi46KI16V
284,284,insert,one_____,____3836,HWGMNVnbUxniqHRjb3FG7icXG91YEpeQGLYSH42Z0yyCaEAEozWTClCsnN7lH
284,284,commit,,,

285,285,insert,three___,____3837,7mAxNomyuk4H8MGdAtdS3XQlTfVvdq4ZZG
285,285,insert,two_____,____3838,VE1JDup4dYRRKDWJrChqO36tprOrdslWwKKxzDTqDZ6qoLGrdozgo0c34jJwza
285,285,insert,two_____,____3839,iqUMMoJ7Nkw4K6DrNS6kA6L6AcF4dXwH9LCRye2bt2AThJjz8mawbg
285,285,insert,one_____,____3840,5Su4tKlZbIJVZAwKZUHQT1hPRiliEAMCedCn0pysSUyYoYgeUQu7YVJD
285,285,insert,zero____,____3841,ifAikkJQKrEqomFjz2CS8IZuiPw0ltvXLIx5BKkrGd20TvzDmz
285,285,insert,four____,____3842,nTlDjt4OpidObN4F9h4gz7MeZrUpw95huZu0snLSdyk69vOO
285,285,insert,one_____,____3843,2idR0FnnNT3CphgW5lleH6SQmDt5A6AizsZPt6mOvtAygne
285,285,insert,four____,____3844,zDGiN2AgEzpV6m2Q74ApvfS0iPQJIpMjaqgEHvvvVEk5kUIg
285,285,insert,three___,____3845,36IbQWr6ANdhtmnGGJakYS7peMhF9AgfKuBjObYgi3oyMQE5FB4m0J2soN00A2
285,285,insert,two_____,____3846,GBGTVDPQ0K6vc3c8pmdd5T7DIBDEjHbF
285,285,insert,three___,____3847,4QOyiFJmTr2lk1Sj7GacsfelrcyC77ePhBHflT
285,285,commit,,,

286,286,insert,one_____,____3848,uD2J82XUxo6PKCii7yBLgD9MY2leKgzYMYxENF1inTcNxVk05XqXPevPT8Vbl
286,286,insert,zero____,____3849,GPs0pVan2pvMKezG6hdPPTurs5ibLXoiOBZosrTEMk3Iihn
286,286,insert,one_____,____3850,wVYaW3RQpZImYYF1PuthLa79VRRtxDsNMW8MadzLBQeWxGXjdtjTJ9
286,286,insert,zero____,____3851,Sh9VSZ9ETSGprZctYtmFZjT7ddm6ReHF6rl2DXMS1z7YMKyarkEG7
286,286,insert,two_____,____3852,BUDmXG7MShaXfIqvJzgRpmLOQVf4zrNnB2fpvYf
286,286,insert,one_____,____3853,Jve3Nb39Ati7uJYMNmeWQDvVwPf9zPxNhct1tqH
286,286,insert,zero____,____3854,GLKWsv6lKI94wB6n8EJM7DXfBB8jmpbwyIRPVkI9YIJ9X4oDcloHXwEs5Sz
286,286,insert,four____,____3855,3x7NHOCfXXhbTBG4j4dyXoTvSHYq8taDEAh
286,286,insert,one_____,____3856,iHQgd8KrmaNRvFVEJNOqgVoDhoX8SlccEmLObvSV5eHBfrG2zHkxWyaS51Cheja
286,286,insert,four____,____3857,KCTG8m4NcpSaKX92ugPgQ1nvRA22XXNE1V2qehIV3ipCBnwqjaL7Mb3I
286,286,commit,,,

287,287,insert,one_____,____3858,vzKIa76qWKeA11y81VTJKHazY7Mw65QVi1WaN5Uo
287,287,insert,three___,____3859,rxinUVKo2orw3PsVXX4gb27W7UURtEC5jOXmU1UgbN3
287,287,insert,two_____,____3860,i7GjHt907eqT1Ax7XZE1UJr7W9dyAa74G8rP0ux2vmuDSEyw3WfnnA6z8l8zx7tN
287,287,insert,two_____,____3861,JC3bA937ZBDwBCiFo5KSUJRk1cQxOGYMeYMsB9COznibthv9h
287,287,insert,two_____,____3862,0p3AvBvocSKl2TfxbKZATYuJdda1vuL3Jzf8jDud
287,287,insert,four____,____3863,k6Ny91oygLlzoU4VIH1NKhft46Mes8RDhIxlNQu9ten8N0xDMqrIc19mmrfyXVr
287,287,insert,zero____,____3864,pF6cwsxgRHvwV1lNcTuGz7XsEYuAMema8TV6t8sj6LW6Q
287,287,insert,two_____,____3865,v6gXFvRCm6yTsZLlrVuxYNreBGgGH9HxpR1F9NFzre
287,287,insert,two_____,____3866,1M6gDZ5pDMYnO22WQbEpf7z6uLs4M9Vota2Y6hu
287,287,commit,,,

288,288,insert,zero____,____3867,SeXs124kIxP9V9JtvOIJJ5hy1klJ6eJRyklH6
288,288,insert,three___,____3868,w40yUHKVHlPb3g0ZPujvjnYkTyw8OoL2NN
288,288,insert,zero____,____3869,Sgua6GnW3QogNAuiYiElwe9HrNPp6xZtK3z
288,288,insert,one_____,____3870,GcpoIbottoARfLkXyWT0uWwsKHWslpg1kfOyQASitc04g
288,288,insert,three___,____3871,moOO59gOKinBB0nwOXuaVn5btjJIoSnqaUoK
288,288,insert,two_____,____3872,uIQKxeMfJHo5sO2QFMSRQUSUUwdJKA6U7D584ZVx
288,288,insert,two_____,____3873,4dWv70IX60QaQIfGHwQlF2R1ynglbYZTPNNcfCZlHZgPCL
288,288,insert,four____,____3874,XuEgNTFUaQs74AAUa9yQJafUJAR0WddrMPCAQ8nt4RXMg5jUXbg3CnGs
288,288,insert,zero____,____3875,3rJmZatxjrS681cSKqdES4nxleK5pPTB9Hn7xW
288,288,commit,,,

289,289,insert,three___,____3876,NbRMhmMCLuPGBid3tKkeGtLuYlReK074PUtapz4DifPZRrMrQwmMwt5p9niEdus
289,289,insert,two_____,____3877,GGNEZj3Iega17B1OauDWFiWhqG6QGHoTJ0iOrW95Y5BS
289,289,insert,three___,____3878,nyCbeN9GqHeOKgx37qS2zTH2cRMxgjdPiTwGb4AV7j
289,289,insert,three___,____3879,X6DieS0xKv8jAZ0mbHXi6zZp5zTiT3YdY0aImXhdubDUFEv3tICTY1Ir
289,289,insert,four____,____3880,2gyWoTtzrHWhLGfK9PmHfJFAxvamNN8v
289,289,insert,two_____,____3881,qVfMoXnhPjhHTOQ5g9OxjLN0XanLfjf40vp3Q
289,289,insert,two_____,____3882,m8LMY8YobaIbi0WMFtD5CzfNX1mJhyoJ60naJyjxzxlaXcmH47HiVmwJuqP39
289,289,insert,four____,____3883,cPrArEQ8Z1EmBk1S9UyRSSRSjgPxSb1kLtA
289,289,insert,four____,____3884,ctJhbU6J4QByWiE8uqdJBJVHn5g1msBM60hkVHRCr83qfNfX9s
289,289,insert,zero____,____3885,PW0xaJ4Xpc458xEKuKpmuFKEbuCvKLmrFaKVvGJNcttsSpYmYDKwFLVR
289,289,insert,three___,____3886,wDzv2E4AxxAAYOC1B2nnsjEijep0wdwDYg75l6V
289,289,insert,four____,____3887,17ACq53PI75wcT3iaGefTFTFBrcSFPEJul2L4Jbz246IBv17GO8Jk6VPv
289,289,commit,,,

290,290,insert,two_____,____3888,t5NUO6Q40JFwu2FrcNdC3ODlKrnMh43EQ1ARlIkJw8
290,290,insert,one_____,____3889,YfCCkx4oxr0soA7Edqn2sIdNzOlAjbnT35GzPho7A450NubM
290,290,insert,two_____,____3890,uAKqoNlWli6TbFt0Ydgsco2O7LYVGK9oxmv2w2Hs05ANoYvotmLmkLK957eETd
290,290,insert,one_____,____3891,HdGQiRen4CjOlSFbTYLnrtLgwRi9FxpPQkaFFN2bwWn9O1gv5sJyJ
290,290,insert,zero____,____3892,xRuFCEAUYETLyyAGO8b4Y99BH5bdrUOTqVp6JCKssysKFwn7QZUX603
290,290,insert,zero____,____3893,vBWBvGRm5QRkPRpsNklIyqSBYtTColrsNaWfSXfi6ZazxIFbjk
290,290,insert,two_____,____3894,sEzkfmRchv5yG2IpuGeoTwF3VZQDTqnQHUqsui6BD3E5
290,290,insert,three___,____3895,3WYf0cRZZqdcLMSUwaKhoMJ70dGfDHoZ8VJxzp
290,290,insert,four____,____3896,luI3dPtdn9qKjWUkRWMiv8ZOuO7gMBOrGYElXKvb96TBhhsy8TK0
290,290,insert,zero____,____3897,2pom1TNtrvWTtCRREWTxrmuTDwA7hiFsywb2VEZpYZOMlqLSx19
290,290,insert,three___,____3898,th8KS755k2H5zy6WeE1zXFz0H3X83R661XT30NYSckvb8
290,290,commit,,,

291,291,insert,one_____,____3899,qGpZMOO2bzByQzD4yD1IGh3DAhVDtmh8pxSwbVwk2Ehd
291,291,insert,four____,____3900,5f05dwgy06saBHUQKF4L3SfbYLNZVeAQ
291,291,insert,four____,____3901,cNXB5EFjM2wwAvx3rY7itwSLCZvXt8riDdkfG1LfcE9ULEKMIgavh4AiwZV5
291,291,insert,three___,____3902,0qSJxqokn2v0tAI8MF6PBGgw5hAWG3D07CxeQrtBI5o7HVN2a
291,291,insert,four____,____3903,T6xcRqdt4WQLsVTDwANb5beQgMEqaM7Q02cJ89XW7J1qDUvNnuZG4Xq
291,291,insert,two_____,____3904,T07RwYexE7HKzmDNFuIJtselV6LwB1BZ8knOV4zUgf1U
291,291,insert,one_____,____3905,Wli8O1Bqqhi26LPr0aUcxhoSs9j1AWZHr1yzmvqmCzPObo6Nn9hww
291,291,insert,two_____,____3906,MdOz2Ui0LqwFgwqC2ykQFGBfyOTlFTem01sVfLr
291,291,insert,three___,____3907,9P82jRdoiZQOJzcd4lNtG3cSm05JIyDL8qmaY4D0l
291,291,commit,,,

292,292,insert,one_____,____3908,m5DgQkhCmVNo83FoBuYivlR98fsP29YKDLGk
292,292,insert,two_____,____3909,RjUfNbD70yjJB9gubDWbBSPNhZwCC5Sxj1otpvMUPEGQvd7XnzRscaxOB
292,292,insert,three___,____3910,t2FIEgrQoeco8MBSfo2HMXMYnqmT1XTLQDUz
292,292,insert,zero____,____3911,X0iHWjLLHKvi0ERSpCdlDVJiImNQ5Ebyv4ACKgZ9Ho
292,292,insert,four____,____3912,OTGlcyJ40ODj1nqXq6gk2EsQQfGdwhga4RF
292,292,insert,two_____,____3913,5js3ZNYpjDayq8F7ZGfBLF9uDOYnLjdYOa9R
292,292,insert,two_____,____3914,b2Pgpf2qtmmnuCKsbfZveB5s3SSYOANPzaDezq8l3S9xQI9ar
292,292,insert,zero____,____3915,WGDY1zulg1YOrFxXmntiGAEox3EY2Ih4uYV6SrmYdTmO7nX9pQNY10xGJSqZfAzU
292,292,commit,,,

293,293,insert,one_____,____3916,bYdiKoITzDlz5hCYiDjSKEq5UXO2cO1g7RJWiTP0JFtHagAurs4s758
293,293,insert,one_____,____3917,cjEFGFN80FSz679X7dNZoJY7gV8FmeonOPTh2uQnDF2SrvajTKGQORwwVv
293,293,insert,zero____,____3918,SB3PKqizTdezPK4EUOWZh7PtMg5lpIq5xL5GCc45uhHlz1wGWBuDgyJU4
293,293,insert,three___,____3919,Bnr7gJKeCMDF5nvsAHisU2Z0GUkLr4ool2OvNaZ
293,293,insert,three___,____3920,P5qxyy9xhlzfCH8vr6FQAYVOt1cqrFLGHYW8mpxIDK3rRHpmpSiKZq
293,293,insert,two_____,____3921,leWWO1znvMgmCtgahv8i4FUeT8DAr3TFLXxLbjsNrQkv09c
293,293,insert,two_____,____3922,8karlwIWqfuirWiWGXKG2zXX3nvDhCw4z10vsz1rZFZ2T0q7l
293,293,insert,two_____,____3923,7IDTWnBvwfTGM6g8k1vfeK8IcjQkSGiwv1NpD4GgfFawFl9pcJ57o9VJoFH
293,293,insert,one_____,____3924,bLx9Da0SbjSLe4pMXF7fczblKb2tH7G3Rc9qZCohzLZZ1Fg9NB
293,293,insert,two_____,____3925,EyvKXqxh9xHEWBK23EV5XGRbqLy3p0iiLbdlfzej
293,293,insert,four____,____3926,dV7w1AgC1HXeXKCfKgB1YnCV5n0pu2f5P8H
293,293,insert,three___,____3927,0p9Kl2B26HlRZC7Hye0oFWeUxygJs8Hhf
293,293,commit,,,

294,294,insert,four____,____3928,0udhuItnVVAA3GCImIxu9wzN9XtMB1v3mKI7PrPZVdewsy9YbBmqHM65yWRESLC
294,294,insert,zero____,____3929,K4mOJoc86cbFyul9BpvjnCY7NODlAipQKRdv9RaccVHFIMaj
294,294,insert,four____,____3930,GQHSsJqxlfxVZlT9HaUtYZYrEVWA8kmnq
294,294,insert,three___,____3931,BOxwDPBuMgAWd9lXcxXRNeJQ4LnbQV4zo
294,294,insert,four____,____3932,tH5xlFhuCsVdN4I58XHsVzs53CfgGpgiyyW6xhO8ilpc3m9f6YL2mi
294,294,insert,one_____,____3933,vmNUswaE9lCnIrG7NlgcPgbRKtmAChXVSHmmzKxpVaOXIiNSws8fsSvod2oTwWM
294,294,insert,three___,____3934,5K64llXVZQEEEsNn8dnHHIx92pN0TWaK3nQtm0Er8oX
294,294,insert,zero____,____3935,8tNLRAW1oYI8MuWKeOoEpUpBXUOP1HzjE41iZ7kpQQysF2oVC9HZ3QA
294,294,insert,zero____,____3936,Yr11azIKq2yB5xSa5pLPkO4xSmrlb6PkMGkJtm7MnZoabuPW
294,294,insert,four____,____3937,sNm1SeK5EGA2MNTXVUtcBwgKfXuhTgbgfe76knCNYNKuLCsja0r08
294,294,insert,three___,____3938,lnItY1RmF1DEILcrN79eKWgY1upLoQf5KujQHrbDOCyDRmFxUCZk3AWx481rW
294,294,commit,,,

295,295,insert,four____,____3939,JNecNBm6WvYNYREJxAe0Loqy5LdQH3xSIoyGBsnEanRGRz10TZSsywOf6tT
295,295,insert,four____,____3940,6wM3kvNCu88pnBz1NZOQM2hozkTq8NIr2hy7fxXhwAvES
295,295,insert,four____,____3941,iIo7q1bss5kpBg1zChEvY31zRkDfyS9MizX2vXn5wXx1fGHg
295,295,insert,one_____,____3942,neTEqHHqvppmKLdpCbi1T2HSLjQI6q1kbgiIhuJTFp
295,295,insert,one_____,____3943,2lJkbc34ivs1Zf5pipEuTk8Hl2e6RK3owqZ10SGYOlwH1idvyatSCcmae352aSe
295,295,insert,two_____,____3944,vjJTsw0LdmIsB4Vic33Kokr6yib78mBRHj4
295,295,insert,three___,____3945,v4EXQEqpxAnBnJJ3rUHIAyGGgbmWDzyQ
295,295,insert,two_____,____3946,2C3p7KTTtEWsuhoGZK5qKJCjWT2gBGvQTBbxlL
295,295,insert,four____,____3947,QKaqHiYv79c7hY7ZF2NdU3IdCWFhv12cEMZx5wLWBkVS7
295,295,insert,four____,____3948,Cvls94PsASADEEwbBxdUrVt81W1xZz3Wp178mBOsm38
295,295,commit,,,

296,296,insert,three___,____3949,5uFXFqTLv70r06ji9joecPvzB1P4bleaFJLxC2saUVHzpgloHgaqJjkB35yy6g
296,296,insert,one_____,____3950,S81CfWUQCexFOiHubBbvlU1hDfpowphKfQoq9GVH6
296,296,insert,one_____,____3951,PDC8dxytWBQipYpGto4uio832ts2N3mIscgtAGKQE0
296,296,insert,two_____,____3952,dFrv49KoMnFgqPyymUJIBM3Es08YjUzbe4Uuk2yiuMpyDJI6eP
296,296,insert,three___,____3953,osx7vWljADD02w30TfbIbyE9zrlVQZbeMc76MZvAq3ckqTPluHTjp0y
296,296,insert,four____,____3954,6P5SHux4Li3KH9ouU4LgmW7eWZDBokKYzU47
296,296,insert,zero____,____3955,3UNhQFbIWklJA0ZXDHgOqEI4W4b817JTgeSE9MvTtnJrB
296,296,insert,three___,____3956,4XNjgzW2HwW1EQwGRoL6PNg3OxTP4k2Lp84u6n5ZNrEFADkqp1YE9DVvbwSs6aAH
296,296,insert,two_____,____3957,WUud5OhSTVfiDM5RByCY2ExHE2EKkWGBpA574zwkNvZLWQtfJjlFyeUA8
296,296,insert,three___,____3958,lt1Kvv30ymmaPYnuNgJxrJgbvFfjkzngYOr
296,296,insert,three___,____3959,3o16rtqSzS70s55VlKHfApZyOnr7xIskG3yVQi8SFgyKv3W1qR0guJlWA4
296,296,commit,,,

297,297,insert,three___,____3960,lfzZMIt9DP4nN41WWTZgN9euGvHBzx0SDWqLr94gJiyIQidekCV
297,297,insert,three___,____3961,6HSD3CAiaRpfjZtZMVmOzQGbQsKbVHiFfsPvVMqvq
297,297,insert,two_____,____3962,1eXZxLBDLO16rVpFvbSUadB7QyieuBSP
297,297,insert,zero____,____3963,kZ1MSLZwolPQOY4XpD5IUEg3Bj3LLodQzowj3ijzAif82G5zVg
297,297,insert,four____,____3964,9tLYGcnLdubi886afhmDKc9d3ULkWjKaKgPpZ1dz1HA
297,297,insert,one_____,____3965,peuNTnngJXZd8jBgry4WHtKkLAALy1R4lcz1sBy6vSgSpqGbE5
297,297,insert,three___,____3966,R2bH9PsdCf58rksv52GGbm61Uiig8KvWCghCbcoyGxO6PUGANfE3JKFRc
297,297,insert,one_____,____3967,rrgxj6hVqUZ1hdTVA4yHCI5Gd3RMwmMfGTnxA
297,297,insert,zero____,____3968,hpeyAWzAp3rM2Ae2McoGVapRcDCHQngVnf0I4CfIi71RjY
297,297,insert,two_____,____3969,XkPW9fBx9g1Ik5tBdzdPmH5UxCvlzJedz2RNa4n7utY0oP5lSHtwMOA3SEaJ
297,297,commit,,,

298,298,insert,zero____,____3970,EHvzQGzdIfe42Rl9uyyu4ZGvvUIhhXpwjefTOiWgDU5ZIV7Jl3xGi
298,298,insert,one_____,____3971,Xg4DPXsCVPNslSi5EfLC89d9SXgiCTQBzGEDAlJ9FFsg8d7XtCxOBmP9WcOv
298,298,insert,two_____,____3972,YtatSmJNzQyUQ3u6nQoHKezcgtFdIRyJkBEao01wzUDoBnwkyWxGlg
298,298,insert,two_____,____3973,juJhOc4ry0rBQ3xnLwYQqdA6saulGSMcW8lpA4kh2VVQPOZhHGfkniMcJ
298,298,insert,three___,____3974,7BbH9YKs0sBe0qx45HdtCkBGLRLMMZ0DARtunOfcaqxaZqKWhM8oSnJ
298,298,insert,one_____,____3975,Rf1FArsaDEmaq3vjDAU24feIqvdgglpXjROns9nHNh8v9JoN3TiIHoI
298,298,insert,four____,____3976,CLcDy5fiB5GK0HYxcT2uAKdO0TlAqCTRpmq1KYeiZFTzoBHpMGUT
298,298,insert,one_____,____3977,raGb21TjOrbIEV7S9hhX958ihW4yPPL9D67sThddjTyxHB
298,298,insert,three___,____3978,c3Io5lKq5Aqcr8OoFV6kTIW328ZSWKPmdzDpFLh0mDjDMfAvYda2t2SmXWdr
298,298,commit,,,

299,299,insert,one_____,____3979,C7giZfqgwe02wYeGz4tJIwQoQZ9ZRtFaUZmejZpAB7rcKXc2gYgY6j53W8
299,299,insert,two_____,____3980,lvyzwSxIn1hDXuAHlXvIk45RnhUlCFuLDWx9lUc6ovfTjpM
299,299,insert,zero____,____3981,hObBJGgqPpgvpbSwWz7oQsm3SSw0J2YT20STErYMbBlG2Cr
299,299,insert,one_____,____3982,98M2GnTNSwuCj4Wrh0ZOXn66L72E80WTfUL665wtCRFJxg
299,299,insert,three___,____3983,nbLcH2Zb0qeVTRUeHjFU9JU5xV0DlOA37A831g
299,299,insert,four____,____3984,h2tooChYrKj6pSYnyG4lv4udxPPvUH4yTJgtGrc0p4CaXE
299,299,insert,zero____,____3985,Ui3UnhjVwyCiWKit1IGlRm1sDzpByVVRZKFCOKMBzd5S
299,299,insert,four____,____3986,itBHtiDLFB9mkthv83vnxmfgBM3slHugUwm3E0xMuZG7I
299,299,insert,three___,____3987,kOBDIHEw1N0ICt6fSXFVh7gjKVPK97MaFafVi3gQzbXL4gbnXkPWGRmnOj6NhW
299,299,insert,two_____,____3988,ZVgSDY3VmFFgK5oFruCwt8o08NzRqaG3ENNnVrwSVc86qep5l7AlRA9XX7WXSjZS
299,299,commit,,,

300,300,insert,three___,____3989,BpueB1UIHoIa6eCaIrNDSHycxbG2VAXQyEe
300,300,insert,three___,____3990,zGqOMX9fEa8ODcKcHrWKUHnvpTukRdJ7NxfgbB
300,300,insert,zero____,____3991,YDYqkYFufU76j6Ukx9CANKnKZnIGjNEb5CeW7rh0phFf14fC
300,300,insert,three___,____3992,tn7w4aCZBVBOyYOQuPQPsxuFXCLPJyZmeSriymdqTmtKMI69deicIw
300,300,insert,two_____,____3993,9Z0CFS6WgSf9eufXJ4JhOCSLJIjdVm7NYsfYfrFzC3JzRuccyGWhP8DF
300,300,insert,one_____,____3994,E1gFaHtjjpPBueIGzarBllmABtH7szyL3lW
300,300,insert,one_____,____3995,AYT8jggYNvIW3GUejxz7NzOl0xSLhjGxEy1NcMGE6jozwnIBw
300,300,insert,two_____,____3996,GQfNCmP5VlagoZrgC9t9nNWrXSXbHT5LdVNesDm9sWYrme5
300,300,insert,one_____,____3997,x6OIXwR7Mte4JiC6nJ1wjDH16G64kCdUgt1V5iinvEOCjhGFEh5
300,300,insert,zero____,____3998,Bk73th211podTM8Vd3CxrHdNPjTqPPG2Op2J6XiKepa4ULo
300,300,commit,,,

301,301,insert,three___,____3999,kynzHn5KlqnSAVqyGRWTSwx8d2UoMiznR0Gzth1N211kohNubghRQEfZn
301,301,insert,four____,____4000,Yf7PPYq8MOKoDijKQ4dQcO4FAFC1Mrls0ZPnBk36qWvBEQpHAlt7Qsv
301,301,insert,two_____,____4001,EyMv0XgtDZY9FImNdXZols5gX8AiH56VsZuNK2yJgSXbFom
301,301,insert,two_____,____4002,GHZGguxRVBS5kIuQBAHlzbAUvdRlF3GXctymjRBZNuZCtpvcEi6JC1
301,301,insert,four____,____4003,W0z3kdf5tERHvMDj8Rs9KJJLtWcdgRwxYLMQPIWqvdbGydQrv1GGhVvhlbVp
301,301,insert,three___,____4004,N8sLYsgv7Bn32ZDZWvRFFHCzRAxN8mxXIHl
301,301,insert,one_____,____4005,YFSN3a8KQciRtxy04Zjkw731ZzBGILyfbiHx
301,301,insert,one_____,____4006,VwHvdMXV4adYW3pUyQJkqQfH5cQzTchCJYw891rweY
301,301,insert,three___,____4007,Gnz4Tvpmlrmy8mMihuOGhdHUuGWoSUXzKNXuYyi2jTTr8DdMx
301,301,insert,four____,____4008,xQeS0ekjH9dic36jvKMcvwAW1ARDejMDAD8sHOpO04281273l
301,301,insert,three___,____4009,h7DOrZ2ReovXN9XDiaZtNZE990ol8ycSRFyk9kgz5y3PaCab3
301,301,commit,,,

302,302,insert,one_____,____4010,pDhkyK29zTWTp10yUY2ai2h8DSqFH5mtGZp4fVPC1TpEwMWPkL5Ju3LeJXX2
302,302,insert,one_____,____4011,Z7xbSkvZkJ20SkTlHK4bCWrjHBD9FdhtTM3izAubl0nru
302,302,insert,three___,____4012,v5MvP8FEmw2FT3xAM4DD44nO7jKcfaIKWbM317sUw30FWBQ3wlZYvR3tZVt
302,302,insert,zero____,____4013,5cALPtElJLG7vzdmvvDCgxXUG0PMKX9odv9ElQBakWhp9ZhLqVKA4v3AwZip
302,302,insert,three___,____4014,ZnyxFEMZpj3kdaWSpQQlptkrHb3ClctduMvzrhfNFXSAjKSXIsQi6
302,302,insert,three___,____4015,eSzDs7x9kDmduRxwNMPyLzNeX6kqMdk7yYpTXBGoJFvF
302,302,insert,two_____,____4016,enDVja1P4wGcrHvJhvWQuIRewqmvOXC0vtOXBqGX7ad22bZZCRjjl0B
302,302,insert,one_____,____4017,6RhZY5imNDtgfnMzuDmLM1aUiYuQEBJPoxyWGaekBfNgg5QL
302,302,commit,,,

303,303,insert,one_____,____4018,baPZMOmofq2bHUjECwgcb3OjaDS5SnwWJ7OkgcAbWOON20yk8e8N1Ge4
303,303,insert,one_____,____4019,30P3yfQVPF4zqhWTVjsgRO3gZgVPzY6Y
303,303,insert,two_____,____4020,bzAfslxnoGXITBHT5HhnesIzwkiHFOc7KBgMw
303,303,insert,zero____,____4021,Lnuwh0aY1iZwuCkilvYFIzKy7QdJWIuopNfsvBqTC3fK7TW4H5Iygknbcvv
303,303,insert,four____,____4022,4ixD73bTBBAbYd821dDyd75ZKKCyWGoySRCbGPmCRTrfNpk4P23yG48
303,303,insert,zero____,____4023,CF0jJq2gNazsqCX22dCeayD7niiuUZhx56djwHDvuf3Ffj0lh1T
303,303,insert,one_____,____4024,zLKZvfjN5BKfJVVIvEo9rvGqJrBcHN87lcY6EyvdE3g3MLbWlB8kOqJRRR0bT39
303,303,insert,one_____,____4025,xqanwzi23TOzvL8Q1TcVToKOxxapPziDMec90kJnG4TVlQLYhBg35Z
303,303,insert,two_____,____4026,eYqYwfEHuGiE1RzxlmNuW2mgH3mjz3mF5Jqmgkg3TLlUN
303,303,insert,zero____,____4027,yu4omLN6Vvuuii5NaR8qoKqit220rJ7t0ZKE
303,303,insert,three___,____4028,vMZvICjnDmbociWnyQRPH0sHm3YG5T7HdVHeVbYL8qmoWXtsu9youVx
303,303,commit,,,

304,304,insert,four____,____4029,aie4AzLEJ4Ec7r8wwReBuXkBfGOut1CCLd70axrhwKTxKVfHWQkVZtR
304,304,insert,four____,____4030,Z1A0LdHv5jOv3qna5qmudOdlAVw1OTQsEb5i6hItqg
304,304,insert,one_____,____4031,UOOovvTJCZ9EmYdZFGx4rUHn9ahhoHOJB9EEKdygONgPTZ0W7
304,304,insert,two_____,____4032,OUDgyc4sYbo5rDfdsKXIW5J4ia6cBbtO3a5PlidnL78VhcfigMI
304,304,insert,one_____,____4033,ewOaZ3v5uPDlwLFqlmiMOtgTVJcFpoxK1cKxYe42vgw5RK
304,304,insert,one_____,____4034,vtDnjh7Pvn416SJwwAYJlGGu6eXw2aFU
304,304,insert,four____,____4035,D0HMgOKtplc4oV4XfFby5SXGAhHR04x7siU5YkkXgLM2ptk
304,304,insert,two_____,____4036,JRWnk33aYITPAtTB4nPsQ59A8na7RRo5JsWOB1
304,304,insert,four____,____4037,KdRWnpVTql9NQVHp7bOKA8mma4HhcPD9crDfQTv
304,304,commit,,,

305,305,insert,one_____,____4038,dh7vBxNtScdfPDrM5hraZ1SuoUIXrnBiYIbE276LygFOgoCvdTVj
305,305,insert,three___,____4039,dcB872Ei7z7lwcOmdq1GgpOiVYHVIDGEs86VyYONeqf9tEuH
305,305,insert,three___,____4040,bGesOeMbZBV9M3baPHyGeDBbq42jNphHz1Y
305,305,insert,four____,____4041,HYOoLSFlTVSsEK1aL4Yk4rOwxwfFYMJN
305,305,insert,four____,____4042,DZJXniOjFBL1pds1Q9wM9txLXKnfDhGefHvBuP1ig7C0riR
305,305,insert,three___,____4043,CU9FnAdgZEPQnrhwOi2lTMZ4RFCGx7l38Ke7vsbeF2ZIefw0Add3DNQ
305,305,insert,four____,____4044,y2eefhYnnPzNRlduw8YdGhnqRZccUCBou3wyCSd9LUJqJvi5QNMHVfkR
305,305,insert,two_____,____4045,EetRGdWt3mx6Sq8jq0SOsqoa5v5lqs6ddRrzWpaKs81oEzKIljHZOQGg4Nh
305,305,insert,zero____,____4046,0WGcP8eb3TpkwZTAkRRvay9qxBKhZeRNUbT9Z0VOlZM1RljX
305,305,commit,,,

306,306,insert,zero____,____4047,wxbuJW7jtuKt0CVQHJNoiIiDKpAyHe2yenw2MTn
306,306,insert,two_____,____4048,s9sCdnzQkwSlGq2E7iqY3YR8Yw3hguSmH5P5jvgWQV0W5TQk0AQViVY6BF09yN6
306,306,insert,four____,____4049,7UklphYfCJtWC0OWQoLyIpohi0yCAN8WyFpyn0xPKZPb6c6t005MdI3mD
306,306,insert,three___,____4050,wONg3VDGn4AHpkuia30WvuHIDn87GCwLj0SJkoiXngSAirZfernz
306,306,insert,one_____,____4051,9v0kxh1RgF7vpTym1ojX4dSIzDDvI2eyKD1K
306,306,insert,one_____,____4052,cnizoViF3LpQAAhY41PYGrv9tIBL8kaz8hEZ2kIBr2AlnPQMTEyE
306,306,insert,zero____,____4053,Nmn7O8D7W1oa08nxVj2N9LvETowGu7yyZVxPridklKYi6O
306,306,insert,two_____,____4054,1U61MRdqfH96wfO5vHZv9HPF416AC47iRaY7db0zxCIYCMQXecQU
306,306,insert,four____,____4055,FFi9Y2KufLT8LQTOJs0OA3ol8OkQs0feuj2YjqRWzI
306,306,insert,three___,____4056,OxF9QmiNsfm65ZqOGsqPE2Ilwrr0ZYMQZUVbhQjFVZV
306,306,commit,,,

307,307,insert,one_____,____4057,X8UEOmM5Uup8TNg73TCMlm9fnX6LMfLXikVwDbJpatqYR0etqk5
307,307,insert,one_____,____4058,Z2hr1pNmimmX1ckms1rtL8iCQExkdPz3rcXKOaDF58InILu7
307,307,insert,four____,____4059,TiynZiFr1rbKLv4v2wprdYoJhUKWcBcNOW8tZFBfHP8xf
307,307,insert,one_____,____4060,dCHusk2TOKqtIpnLKuFt9vIr8m3vZWNxpvIiGqWRxPe3Z0LXok6ufYRkJE
307,307,insert,zero____,____4061,AEsBUFLn3Ox0Cso69fGuRhm2211R7CM9HuMHqTKjz
307,307,insert,four____,____4062,5zeyknEVQUTC9KBsMTcfM0QlUiW50u0wX
307,307,insert,one_____,____4063,42QbWuuSaa2tJPedrsdhdObbDKJfL8PcNbEfjD1d1Fc
307,307,insert,four____,____4064,sYteuURVpVufiCB1wnIeUfhxnD8qZ0fxfaGeUepF8vC6BwSEPEFSwBwtD8UD
307,307,insert,zero____,____4065,vC8FJJ7KMztvT6AiKWLyzr8k8AGDfzOMNF0RxGmNn
307,307,insert,three___,____4066,sOQCkXQ0Jpd74jkXkj7I2qAv1tTxmnDyr
307,307,commit,,,

308,308,insert,two_____,____4067,BGtoFqOMiFS1OAUJUwqbXHahQyF1FxTBLJYnRf0DomEV
308,308,insert,three___,____4068,TTDTBPKpTx5iV59NRzjUtXZ3uatDceGOqSAAyGnxgxOKb3JgNrFb1
308,308,insert,two_____,____4069,DsIFd79M15zq4Cb80FUcis9f5mYXcVc5ACUf9swJ5eH
308,308,insert,four____,____4070,FdBadC3U1IVx394y3TbgdCiqflwfUkFh9pWtd4tHAoQFxtJ4kNCDmC
308,308,insert,one_____,____4071,CjopMMpUFJ3Ic2iG8lJdVJIh6ZFk0til
308,308,insert,zero____,____4072,vluvMK61sLUcfos5KfSyYhQ8NQAg5uC2b78voZOM1Jmy3imAvjqFl2eSzm1bOO
308,308,insert,two_____,____4073,KjuSeezIKwprCvDfQ68HlVlLoyk4KzetzWm3QSg93xhwiMA3k6
308,308,insert,two_____,____4074,y024PK272fr9Rd8NaOTxmZyMmQmCtJb45jtz8BILi1BIE2QkbMXUZZsXqV2EYFX
308,308,insert,three___,____4075,FgEAy9FwxJzlCzD0759UAauHj2spqPPEoo82QVgNiuPFgSFewBkhkoCU29XM2
308,308,commit,,,

309,309,insert,one_____,____4076,xXl5FXBAyGg1R8Id2dJ7a1NW3BFhvY4I7JTR0ob5tC7wL8iqRFYqz
309,309,insert,zero____,____4077,PLieBYs6YwbOyzZwYfvhwIiyhrPjsIUOxqJ9MCiTJsoQrIZdVKy2BC4UIMg5
309,309,insert,two_____,____4078,WNuPpeNUy9IdPdYTSd2ots2NjqRfrkWusenZH8V5NQGODO6lI
309,309,insert,zero____,____4079,1W1nlnIBaxPytiP9ETaR0zUfEmBlG4THjhRSGIWKSVkRFs7FEOuougIlCioOHt8
309,309,insert,four____,____4080,sv62Jox3k8uBWq7kbZAvXqkH6sXyPpk1xpuBOnqccAx
309,309,insert,zero____,____4081,55JFw9ASOnOsbAgP5ibEESz2uaJa4mJr
309,309,insert,two_____,____4082,z1kAjBg5yr3zscJPt7toE3ivP2PErLJkPwdSEzs5kUOcaJfgb2QqaYBh
309,309,insert,one_____,____4083,mUSIj9JN29nl4xHAeh2nySUBwY3o9k8FVtZ
309,309,commit,,,

310,310,insert,two_____,____4084,BWqeyoPDT2SVb5XtF8PfByJFxQdKCrPcXG8imk11YXQCuarh
310,310,insert,zero____,____4085,oKA5OLMEEvVeGxlJyJltPdj07XeWJenvzOgDzmJMF
310,310,insert,three___,____4086,2aN3v3wYczgY24U5MujYzLSpeBWKdI8uxHQdgN5Qdr7eXb1YTW
310,310,insert,one_____,____4087,4dLWueTLGnZCDqGwo2D86AyoCaqm9ZHc8S7wIvr11RP37K4r
310,310,insert,one_____,____4088,p1WICQUCklJRG6xilkmc5qUuSAeaKGqu
310,310,insert,four____,____4089,eZnLNLTA7TQc2nenxghVe8m2LjEo7jiHGbTVI5Hjp9u9EspuyHqK
310,310,insert,one_____,____4090,08D5Vb4YANk6ZQHz9F2TibVBQow5ub7oHLfiSS0RCRPVJzGsEw
310,310,insert,one_____,____4091,H12zFIfcBIpbImV5ehsmTvKVezdTSq6PK5
310,310,insert,three___,____4092,Go9nfjyFCOQ4eFADrbAstHOz5sxLGkfJFiTVuya5ZUncDoYyUTnJbuzJ52ZTbVi
310,310,insert,zero____,____4093,hr7gUW2trYwzFliZeqAYDJMVWGNop0IN8eoibWeq26X83ap5tug43J8AZU7In
310,310,insert,four____,____4094,U1s7y7wC9E4ZedZPOTYprPivh7XGJ1SV6
310,310,commit,,,

311,311,insert,two_____,____4095,7f0dBpNL83qiSVIiZ71j9MocNR5QlDH1ENIe3p4TCJyflnTnIwyQCmeJmyDbfzk
311,311,insert,one_____,____4096,VQKbeeNtvXAoxUtTNw4ougHqPT765c3QfUoD0BMj3cqtYnjZMTDneAgx0yCvIU
311,311,insert,three___,____4097,miSuOoC4azgKdFaw7bNE1E9qlYNoDXOTfJ6eYIvOk
311,311,insert,three___,____4098,rkvJvmGUgzaFfRERV21CtByRvlYiXfpehddP4J4OB15OrfNu2mOwB8n
311,311,insert,two_____,____4099,zHS8hPfhji2vMurcSOjInjQfPeXa1P6LwPkKMYbin2faG2
311,311,insert,zero____,____4100,w42Ik8Ewj6NgfL2zw3yT9197HlBs41pCf0Iilfd9bqha2z
311,311,insert,three___,____4101,dyDCu4X1DQTm6BONwowNauqmzxv42QgPpo80G
311,311,insert,four____,____4102,43qXjAr0dbnHdFHRBY0HnU0cHmK9ftoAE7R37vupHMKdIPawpH9g
311,311,insert,three___,____4103,0ge865iSdKadiDeNzn6EAo9eNUBW329Ze
311,311,insert,zero____,____4104,Da1nmp6VP30HDZXuJINJHXsR0GCOVolrtb4JMg0RZbAah6tYpZJ3j
311,311,insert,two_____,____4105,4BBif3DSByQG9lKtrrUwRUwMfL1RBitMh
311,311,insert,two_____,____4106,Q14b3QCLuep87ySMKYOUUlOjtlnOnz2e
311,311,commit,,,

312,312,insert,zero____,____4107,8NMUnGdieilawVWzBuAsawLxpABP337TI6dQzdZ7MTVIDRfhTBRR8OSLBM
312,312,insert,three___,____4108,esyM2wlS3HVVfkUqQCyLSwmeszpklSYB
312,312,insert,four____,____4109,A7OoCQcnPBCFjikAgcPgR8t5lw25j6gpiBqYzRP1gtQVKi
312,312,insert,four____,____4110,1CK4aCH0aFfbxXHsocykrC0g1rkO5OWI7eNnuAyDhRod0OISFqXhGJONBqXKrp
312,312,insert,four____,____4111,KNHGKJPd01qTGmC4oDVCGmDQgEW6BD2VR4RBG7z1
312,312,insert,three___,____4112,ibNVeeLeXnO2qfYcBJUhUNZy51ZTr99jrxojoY10JQv8Ew4HxRiyxT
312,312,insert,zero____,____4113,pK0a2XEN0kNn8Wf7qxDeEmWm306FYaHZMzaDlIhTlCOQ
312,312,insert,zero____,____4114,X6t3aE3vjvrJaKh6K8hMCu2ERXYTBWclhtqf13oqpqIVoqJ
312,312,insert,one_____,____4115,6IklX2BJYoRuZkZIg7x1ak1b3tQ8sZuCXjZM2PKsQlGyfceAoRD7k8sWL
312,312,insert,two_____,____4116,6yLTzyRgjOQ9KsAVy4rldlJrtPCtPnuzxNCVE2wpLLBCL9JLuupJsp
312,312,insert,three___,____4117,GSyYwXz7LIgaWYCZHtpdjFTsg0L344iGN9NjfxN
312,312,commit,,,

313,313,insert,one_____,____4118,xv7TtqJhAfPjjE35t76TLlEzorLvgtH1IBed7ccQn
313,313,insert,two_____,____4119,vx24r54cQ5bg9kyORCN1EZzIyWQ4rkwO9OJ865mcCApM7TmyTSRywd7bHZ2
313,313,insert,two_____,____4120,YIIhhQZkvyrMymKLhE39nBnyTwA3COdWjEwGyRhT3S8
313,313,insert,two_____,____4121,xCgcHzfV2a5mWFod2diHzUHP5PIYxD2hDptWmdFbXByRXja0sBUILesehDcSAO
313,313,insert,three___,____4122,MEbsS27EiGuBI1xvxBdNvOClBVGgxl1fr9UPR5h9K0aoLzCRS
313,313,insert,two_____,____4123,z5MtX5B3gGQIRQ1DyQDOoM0sa5t5vjf2Okf
313,313,insert,zero____,____4124,wgXIlRbuQ8mb7FPpp3OIKEj9ucf9ogf7n9XY5
313,313,insert,three___,____4125,IcJbfL0MJRNPcEc6OWylftLmznTHcx22tngn6Oz6cgvD
313,313,insert,three___,____4126,OoPhF6A6sAlcFPvms0N5b0Ejiq05mZHSWK6Q9zubY5SNlWb5T
313,313,commit,,,

314,314,insert,zero____,____4127,JELirSqjEimw2dEohMH3WqTlimsSoSifHDGWoC7uWgd
314,314,insert,two_____,____4128,mBvre55LkEt46sEeeKP0etsJyuNAvmWnupOrpL5faNkakMFUpongTzSNH4e
314,314,insert,three___,____4129,7FCYeReMDBV5hWeIxIFaxdrvKiKdCGoa9xK1LBRdFxYdep9sb0T86r6qMZ
314,314,insert,two_____,____4130,qwvqPXylKVJXvZFfGvR4Zwh9sy02yCiW7k1Ilg8yvR
314,314,insert,three___,____4131,N96Scbqj3QyVLfM2ge5LCQ8aNeRwPOJzstjOq3Qu
314,314,insert,one_____,____4132,kU0MM9FgFL2S7IGExKg1YO9kKURCPFiwELZ2LWglyIMqqiIFPtoOPnGcj6YNd
314,314,insert,one_____,____4133,YD9aC6W7JMTxQxiecbGvZglgjZJpcuQBIlPOF5zERe9BCKAovzhdOHa3Qp9CqEZK
314,314,insert,three___,____4134,5jxCRqG38XYKluMrZG41JoiIaMFBFKPjhrk8IS4
314,314,insert,zero____,____4135,CLaN7ye57BIpkAp6hFV9X6nUVrb3DgoAVqQ5KOgK0TQmu2TG8kJZ
314,314,insert,one_____,____4136,Rd6jFAWgckkgUEetY4yAz57V2v38E2W2mNIJ90MNyVWU2YjqS
314,314,insert,two_____,____4137,w7YgaiXJEBzzIh1ku9W0YI8U82Ldg0TmFzZUTmdwhLm54MVL
314,314,commit,,,

315,315,insert,two_____,____4138,RmTQk58dOW5gJPyjv2qYlyAfiwDm9EwBh39WySxvHc9YspRC
315,315,insert,four____,____4139,DgXVSSxeCvKPmWzumxmP2IspJjbkr1Z1QcJE4Jo8YLEon2G4r
315,315,insert,three___,____4140,G2n7b5vWK4wZNZa2Gm8UIVw4sDKAeXbedftZ3i1116uJU
315,315,insert,three___,____4141,alKuycIm2FdB4wNazJuxB922LxzUe7GwA3kzsr
315,315,insert,zero____,____4142,8X5LjjZJyp7Xd6OqFLqzKJTkUwQACx3xohy1xVVdPj3BNyrSIy8GrS5TPBQGw
315,315,insert,three___,____4143,b2RykL4wMzUOxgMvEzK6XiXonf3RkAipyxDmuu5
315,315,insert,zero____,____4144,O8d0z0S828nD1IpIvlrHP9xxEae0hv1o9HMoN5G6ihlhZPkzhVAubXJ1oTZi
315,315,insert,four____,____4145,ctMlhIVwzIvAgu9zsdoTztxHJfaibg5Q4A5z41NG6GEQR5IPa2klBjqADTurV
315,315,insert,four____,____4146,PETTvYddO1CVw1ScGrR3MFJ6OYq7LcH68o
315,315,insert,one_____,____4147,GDze6zsvb4oRj0U9gWMlWXQ0biPg5zGnZkDTjp1rYSvCnlEeHYsvYACiaN0tUUs
315,315,commit,,,

316,316,insert,one_____,____4148,PREwEq5YE5WpEhVmnBX2jgT9kOgPxf6C47NVhTKhsZk
316,316,insert,three___,____4149,dLmj1osUNCtnDwZp9qrqU8OrpurKeYjPAk
316,316,insert,zero____,____4150,c6nePZfKzFEg6jJ0iSIFffXoxJIAskZuaf0FDhK44vYONw6
316,316,insert,three___,____4151,1vsywmpiPX4kVJf3HITorOSlUXodnCY0UTMCUA4jzW
316,316,insert,two_____,____4152,JqpJnde8aNIFhtYmkeyGs8N84mc10YnYj6IsivBRVcgSqjXgYtQiGwAyysoxd
316,316,insert,zero____,____4153,E2kvCqQwC0Ha424rpOENUaN8DN9Ix3DDZND2
316,316,insert,four____,____4154,jcdfp88hK2Z0UpSYO2qgl1hLI2LKysjby
316,316,insert,zero____,____4155,recBbEohD8b1Imcf0hPKwBqcAzoTWM6FwYV4bbWMM6UoCd4HEzZK2x
316,316,insert,one_____,____4156,avJSfer3L660IDwZYSynCHoXsb9t9IfZDwEcn9zRepfnBleaRMAUxr4Yf0
316,316,commit,,,

317,317,insert,four____,____4157,UVSa7Yjx61yJ3FKi9PJyWXOpEwj4zo4Hu2lm3I99NTV
317,317,insert,two_____,____4158,fGmjHammB7YHuCYRSv6YD7Ad9W3CcQWtGG9LuADEACf5Ow60kz
317,317,insert,one_____,____4159,CqpY2Fg1ajqZ5MoafWlHAPIyzpL2zbrgwoMEQco0xxOCMm3BpDoC1
317,317,insert,three___,____4160,WRq6gmVkM8kDdYEXs4W2ZX7CXK9sN08BeeeQfJit4z0pgvpkER5L7miEMZTxEnfr
317,317,insert,zero____,____4161,GJFhBTwlxmexfrQ3GWQLiJHaPrx8W76HE3iwuQubauh2TuUaQOSqVHk8
317,317,insert,three___,____4162,9B3hmrlmJIoTUKrCTodRDCkxfh0nk4N7cJQv
317,317,insert,two_____,____4163,tymCF5UyS94cRyGTKPqN7NiYaLp82bpeK1ajvbMfkYedKgV3bt1rxe
317,317,insert,four____,____4164,qKqDmZ6b7gWltZD5sVzL2ZPQf8vEofxW2x5p
317,317,insert,two_____,____4165,oteewmWwOFaXE73SS1FfEMBqLG112pxrKr
317,317,insert,two_____,____4166,ybDFegEfH45jcWvN56EKcSFeZ7zePgZcNmzbzU2Svt04kxQwI5XS
317,317,insert,one_____,____4167,1WT7pNz7qXCgex3iJSDSB922PqplIY7ou1CvQRskweEf3fRZ0trwLN
317,317,insert,zero____,____4168,HxrUwLrXgOXFLAEFFW8fsLpElt08TQ3GihYMxyjabMlS4OtskCBYYPpl4
317,317,commit,,,

318,318,insert,zero____,____4169,TAaMgZ6XqNBdvmjMrluG2ySwpSoccjPpoj9rtDpdB0K0
318,318,insert,three___,____4170,XX6GL3PwQfp6TvarQ2owoIZY0XpzW7QPrbSplVS
318,318,insert,one_____,____4171,nfMbJUin4Uo1PmbNO8fBQfGvRYrL0v7d9JHBaklH7
318,318,insert,two_____,____4172,iBiiT6UHnIXlc3JmXRMCBjloVMSIYFgGNiLwu2gncJJzmj4I6TviiSaoWpX3
318,318,insert,zero____,____4173,rhoJHnoENmjX4HxpjIGunqsdUJYTEUaKnDtupbyWuNm
318,318,insert,two_____,____4174,IyRfVfaypqgRHW38PkngWUrDovGRzslO9TJSZmCf
318,318,insert,four____,____4175,NOjXtOdmqRlF9m2FMOZAxlkLvmm3BjElwfqSEtLW
318,318,insert,three___,____4176,ypm90uLYyjaOcVi2mRKw83xdRkkqHWfQgK8lNqwSr0g5NHHNlW
318,318,insert,one_____,____4177,DaARnRkepTd7wOdCTyeSpYiossrDyRiRXel3
318,318,insert,zero____,____4178,Xkn5ovIVb9KROmoFruMYmYgXrdQN9sSuxM5Usyt79W47oingB4lqmExUFh630lpC
318,318,commit,,,

319,319,insert,zero____,____4179,rRSZ0rOiwe2h6dhUbNGrMeP8x2yZZ9wjOXuuRR6kjLju677oJ
319,319,insert,two_____,____4180,lpc7KNtdrlgqoBfbE9kdIBomTv3Y24rcCnk7e9P0y6rhcF3wp7bQqApwMqy2
319,319,insert,one_____,____4181,vS3Xb9AY6CBvoxnAlWlF2pUfxQrMzIMZWc5pmPxBvRMitogFpheoTG
319,319,insert,four____,____4182,TXVPkXylyD00mHbnBZiCWhfkQ4ERtPdSSPIhDcWerW2
319,319,insert,two_____,____4183,nsJ6MzPt2AAQMJDArHxoCjrDKB2uF3c0GL9vJYxchF
319,319,insert,one_____,____4184,xxdxkjP928L8oO36nImWuHckVZLvAeVpNUDvSaEJBe15UNlIg7UIn6V
319,319,insert,two_____,____4185,uFsmFbADge2ASruGXSe1UNYmZFCpPKGoXh7bS3p9
319,319,insert,three___,____4186,JJ162zspoVW0RgSM4odia2owlDmh4lzzVUMZWizq1LF36usD0N01BaRAgg
319,319,insert,two_____,____4187,iNWfz6YtBcKViP1gLJSXCPvdIGD312aZgHsbkqtZOlc1ky
319,319,commit,,,

320,320,insert,three___,____4188,J8WeodFPLjiOJOm0rIgJyQJk05bBgB3VAajoUBUe76FQ8QW8QK3tuECKri
320,320,insert,zero____,____4189,IEYmSAhg01gUlyx6e0gAPFs1fYgqTRBd3lztoOpSnXXNll2ZX1Hp4sXn69gi7
320,320,insert,three___,____4190,uVdFJe2kVsgISSf4sAtWAcdcRt3VI21OJQw3OzY5nm53SOBc9YdmQmJPu
320,320,insert,four____,____4191,dDg3PaU6h2lspBb8zcP6O6POQO0GXgDNZEUQl0IXYERcgE5tk
320,320,insert,three___,____4192,COLJQ9Ac2Qw8UO5pmRX72pPJPK1rSMphiT7pkAl1Q
320,320,insert,four____,____4193,HrOljb2jy5py18AhxRzbmbcG2rfSkJMgVifyr9mosyCZ0Tz
320,320,insert,two_____,____4194,xZQmK9oqHEmsupwD4oybeIbu7EecAw5EsNdprzjWUxaCW41EJLLG
320,320,insert,two_____,____4195,5BJArhRNng3U8zGgHKqb3MWQYPjStDfBfsLHfqZelyjyCDaEazRFaSJM
320,320,commit,,,

321,321,insert,two_____,____4196,9F6z4U0IibonurWPFOrOCvYaV1D8wnqlYJorPNtpc9TshjhvH4Pc4549P56GWYdo
321,321,insert,zero____,____4197,hoBoB0lJVisKuNCHTprPqEJtdCTulFyyfeC0t
321,321,insert,two_____,____4198,3TOlooI8T8tvYzSKJHCWRCh2HcQCsfUkaKKAxXXcoPs3LxOIT9s
321,321,insert,zero____,____4199,D9lARXgMEh0AL6nHTLg0kJ6gpJ5ibOfvn7BJojxiW8reQ5kgGkBInRkIVG0
321,321,insert,two_____,____4200,yaNLxyLhKZBjdURBbYZxOGJSOpLhemU9KsnB4KPtDRSOuidVJySxCA2Imfkx
321,321,insert,two_____,____4201,DtoPigomdLVSedasNvBMZQbehpjZrqlKnpZ
321,321,insert,zero____,____4202,LV5Knc6EWWHmJoglNJ9zO8yMTietnI9wgmWpmpEOlbvMpIrDQR9AHY39sOjJPe
321,321,insert,two_____,____4203,cwKnZeeUqidQwDxyfErsuXl0t12f8NNztcnEWFKJI0ii3AqfEsb4C
321,321,insert,four____,____4204,ZSt8ses1UJegJKvDdLyfZsI2HHrI8AtTcZE6FzhDFDndrG0VO1d
321,321,commit,,,

322,322,insert,three___,____4205,sNaVM6E9Ue8ddFdRyLqK4UyVVVvhnRv4NXk1DAzRdr7R
322,322,insert,zero____,____4206,96KkC7arWMTpXCvMfJeBxmLI2ou4FID3ih524eWHabQb85FH
322,322,insert,three___,____4207,fiJYLjVIaM69iRNMKAG7q7dsMJlaAB2SLJj5xTNXUXzIAjEiNxE8n842hBYaHH4
322,322,insert,zero____,____4208,ambHvGh4LoTgS11lFrWdydeEf8cF349ETC25jOXC
322,322,insert,two_____,____4209,bAEkS0DpumK2pN20etUmmwh7jIDRLuj7q1FcGrIJ
322,322,insert,three___,____4210,0ix2HxqhRJXCXtCo1z8KoVYuXYOFkBqEepbD7lAMpxPEhA4lBs
322,322,insert,four____,____4211,ZKOF6Ypvq6zo3PXvMHIzadKGjUYCIfWDjgJGye6kgfC27rkqj
322,322,insert,three___,____4212,Zd5M0ApZT7CxSlHLhhIb4VolmHdCL4yaHCdqDwBo2hVa4yWSvgXmWg67uoePI
322,322,insert,three___,____4213,wNzb98mnLIKnyOxeQsaWMi6og5YSyBug
322,322,insert,one_____,____4214,9aiJ67X28nVWw6wwMl98ZQmCH1cTt6wyrivUnumwk52oCt6
322,322,insert,three___,____4215,CtCP9IhqUIaWHyRmwVrlDzinwdyYrnu9gLAn4BCshaiwG1
322,322,insert,two_____,____4216,UQYWqABPFivYcOvJR3FPd8KEk2shD7kohGSIINuDTbRlWr9npIynlOVE6
322,322,commit,,,

323,323,insert,four____,____4217,K5aMcWcPMrjyhqG6N1alIM1mxtbzTXBfSv78oLPx8C5K
323,323,insert,four____,____4218,YdEHLPm6PEiPwpF80v6bTFxAzfg28n3Gyo
323,323,insert,three___,____4219,ZFrfwIszV9536B9zQ0FdIAzs1mzCbrFw3fM9
323,323,insert,three___,____4220,91MGpoG7gxMje2ABBFoSP9NHvZwClKcsBdv8NoCkhpVf
323,323,insert,four____,____4221,sQUVLSNIJtaxUOt0gpPUHjMziILn7Hjc2gVmP
323,323,insert,four____,____4222,BC33Oxg5KjfCP6FPy0MLSuWAUpT3b3aRXfG5SDc0Iw4IzQdHf2BMqca6yTCO
323,323,insert,one_____,____4223,y6EdB37txvZQYKi49RJasKwncTqpZLyvpgs4G
323,323,insert,one_____,____4224,ZTB6cp6SHU05KvLnm8EzHin5Nmq2POKKlA0FcatXxqt4dhbVQPJ7j8nJeySqg
323,323,commit,,,

324,324,insert,four____,____4225,uR13jPtjdnKls7Y8xQcYqSdr4IAsjwedJritzUaXvnDK9uzoeInCfdJ2
324,324,insert,two_____,____4226,CTZiqxRbWhjCww0wsee2FbUq6ozHLABTTOpCnMw70Y
324,324,insert,three___,____4227,vGpLKpwOIPuq5dInMh424JYIp9cgSsZenTe2QBKf
324,324,insert,four____,____4228,TjPHFF0anbUVxbsTYeq4Epv0uC8TVyqOT2vJz1Voz7HNNHdJxu
324,324,insert,one_____,____4229,ueeOxoebFwXJMiRqYbHJDw7sI4F2LTPSdyroBHuV3Mf8odmVtLTJMqt8nrwkNx7
324,324,insert,zero____,____4230,5hxA3bv3N8aorPOJRg7daAZnfnidtR4SeIUtwfC8
324,324,insert,three___,____4231,hfjEUh1n3yneTqKMCkFOWBI8OrumXamB1nACoX0NOqT1tgLblwugIY
324,324,insert,one_____,____4232,MewNC0llIyoJig9HApsx85nAcrOtrGgyxtOhg4t5AnMWMKUHiEKzlkaMp
324,324,insert,two_____,____4233,BZaCmnLhFYjDPgYPumiIVSfBNIuwkOK6
324,324,insert,zero____,____4234,mQiJ5bcuWXA4wZGfpfkjFyCrL1gmRFuwgAh
324,324,insert,four____,____4235,iHxVLuYuewyucIakqf0wNUp7cA109CyO8OgrxvbMvxSRNggasj
324,324,insert,two_____,____4236,NP8p222ypCPTyWpBJkxXIvPlNAn4X101G5X
324,324,commit,,,

325,325,insert,three___,____4237,ArRRA32NqcvMw6nPI3a9qPIT48X3ref4wCiPJxYH5l2oNBzhQEY
325,325,insert,four____,____4238,1zUSHWnjII6qnA9Lvmr1LvLn7upWTuAhEHsUQ8B
325,325,insert,three___,____4239,Xnta70iPpNZqTW0cHL181Pedl4UBZciZnYH0tlNiv1yejo
325,325,insert,zero____,____4240,daLpkFhTiwwaWXDgwPVBKVUA6uGSm1bmvTbsRn9FM5Isnz1Ws6AfP4yiX7OY6r
325,325,insert,one_____,____4241,yE8qwMdfBQ2tVWA94SinnPtsUPpMLzszfiGNktOUVoQgo0338Wjo
325,325,insert,two_____,____4242,DwhdHnLvFm7AkYlev85opZ42RBPCMd2rqbgYGskTzf1pBCqUMh9cYGoGPc
325,325,insert,zero____,____4243,IahbjtUSaebd6MOmHhM0ZM8y1926NkkF
325,325,insert,three___,____4244,61fN9i11CrwAAhCkCEbtXs8ZcXPwSfF8VLAXGO5C9g7WL5NMdx3TQ8PQ
325,325,commit,,,

326,326,insert,three___,____4245,GRrbuPOADA9PmkUjkwTHtdHzueuPcxWtDpO8aGtJoElIFn87I0g8P
326,326,insert,three___,____4246,RVR88Y5otQ04E0urxrQmHmGjHnFNSfovLcCKAw9bncrV4gsnM
326,326,insert,two_____,____4247,0vDTWU4Hn37ObnZmF3LO5Tqnhsu1u2GQ5mQJnkSQVu
326,326,insert,two_____,____4248,IyxgtU5FAvEzFPds9gF206pL0tTH2MrTIVK2Enyh5SMXGh24K8UTrb4
326,326,insert,three___,____4249,FkgtvNqPUx5mYolYdrFv06Hb0rlTYe98dFKdph3rXCAVXt4Be3rChc8xWk
326,326,insert,four____,____4250,uExmogDhKIWkM9CqVKAj0Bgsdlo3ZaMcEteJu
326,326,insert,three___,____4251,AXuVctXQOvWh3OA5kaVioqZiPNcuKSl2UGOu
326,326,insert,four____,____4252,YfGc1iL2R4mLvkT9A61caKrFwnzDbcwlXG5eXxsWp
326,326,commit,,,

327,327,insert,zero____,____4253,hT3haYHfwAm4SMqiQNcKp3Ad6jWjaEYyylSq
327,327,insert,zero____,____4254,SayzsKwOnzXtDWuGR9VGGr5H7twjBMunxTLioU1fMTTq31ukfplJinn
327,327,insert,zero____,____4255,InEHLR6RR0whZSOoj5wCvUMR1rDFsVucP5
327,327,insert,three___,____4256,xL6HzMdgz4oZOgWx240ELKXkYFoARzcJhGEbMOrTtB33fAgVD3cj
327,327,insert,one_____,____4257,LrqyYfupxVBGwPCk01c8TKaOJvLNunCCh3GQHt7HF1ugNTpVVrOb3
327,327,insert,zero____,____4258,YAOk0D0iOrkTNmAlRVchAl5dANEx2tVxN9NQnJdqyu5xzhChCW2B
327,327,insert,one_____,____4259,sx4n6UmoS1T8WKO4Jm8lj9EooIprEsAZgp4pbb
327,327,insert,three___,____4260,n1Imt4elvbrPSlqqouKQtBDbh0uVg0vHNpHudlzbw1NNrEA38lW1B8NFwqk
327,327,insert,four____,____4261,Ahe5EO2yed9XWTUB4fsvhsMfmUZ6KCbYK073i1cLHFmeLyFA0
327,327,insert,four____,____4262,I0eekvrXKI7bAZQIovdzETiOUH0CPyf5MhFLXzzc8eIy0ccMfrw9
327,327,insert,four____,____4263,WdRi3jZ6D7zc55qKziTroIjlTTaD3VoBAuKaOLXFLx7vjRdMBzcq
327,327,commit,,,

328,328,insert,four____,____4264,FicWpNwY3lpqPoewLktlRYtS22LbK9k3gdexP
328,328,insert,four____,____4265,f6jEHMLgRTMofOfQUGnGcBM6LyfeVsf1rkN36BEzgr
328,328,insert,three___,____4266,H7Nm31zBIHpCnYFeXbd5FLDFcm2mmpJEuHWaHHB1Wae
328,328,insert,two_____,____4267,9CqXMdgDad80DBIISqJ7Bj52nZ5PcyBqqlkxaY3tNzQjaJPQwtcA3pE0BYxbs
328,328,insert,two_____,____4268,qJMmzIyH6QaUA3ZgT7fU0HRwnDZ5TebSn5crEu99iv6xU4E5DHVGaV2Ll3ssw7
328,328,insert,one_____,____4269,T0cDrxwaGGhBmbtKN1MB6IhZMZIFrkdX9mqbBVJ3QYnNKjGTh1EMOTk
328,328,insert,four____,____4270,vevuzU42giY3to0WtIMtMWd5Fzco8c1EEQr3NYpG
328,328,insert,four____,____4271,NmV6LfGLhcScsBMKbSaOLv98nYrdAS2B773APhfgn3upvkIhCo2iCTjPrxOt
328,328,insert,three___,____4272,KflbhFFZeGwVANNlfogmmgQGgoPFWO6x5RKGIcI7KtYTTLA4q
328,328,insert,one_____,____4273,hLjHGSCPslLhcWkjzmoNCMkH2EOw6LUVQBXs9PF0e
328,328,insert,one_____,____4274,CKmDJAEw4UZG3kyrwTatzAE063OcxwVYxnBz3qpfl8
328,328,insert,one_____,____4275,keS6AS8k4Qpr3QFE8B0AHNg2i9Q41lAftaq52IIJOayGUTLSQjNQAec8BOX847
328,328,commit,,,

329,329,insert,four____,____4276,SUjkhmKl0dVXep0CWo6oAaeqx7HmQaq3LssmsFUUPhIYz3P49Xol0Gim
329,329,insert,one_____,____4277,cNO1EYaXPXqrjcxg2XVi0WZCsiI3iF6kxRvEfvYFEOvxk2xKX
329,329,insert,zero____,____4278,5ESrj5TYUBI4MWEBJZhvZSptss6zPXwJlV7XPyvGvNEf3QpaAz4Je3spLXy9
329,329,insert,two_____,____4279,4sMiudkTpCdsfZoHeuOPa0zPoWTYhTYi9eBbhXZ8Vnu
329,329,insert,one_____,____4280,djAZnkcJrew0PSbCDvmMYm5ok4TqrDahs5
329,329,insert,three___,____4281,TqnezdWT65q1ImZVgjwUpLOBuWtENEGUSGSgXXdk
329,329,insert,one_____,____4282,MmpTAhhezWAq7DqxoGNP8uxBEo8EjO37xyIomPxfP24we5j2p8qJ4F0xIM
329,329,insert,one_____,____4283,HQ8MZMOOgnwDPxHXOl2AJDmBqAyNEBzS
329,329,insert,one_____,____4284,VPpN3Etb64u3qWPd0ks6IvuYG04iJjciDCKwGqi6nWGGe7je
329,329,insert,four____,____4285,cgwrIQ6IdrPmVdm8F1D4jZNuJkVVuplKdIBXPSsYnRUhe
329,329,insert,three___,____4286,oE0Ct67y1X7xRuNy3M4O8KFHOWRcFyfp6NfsgOd
329,329,insert,one_____,____4287,Onokr3PUlX8nT7NOMdE5EZGBW5f4Zha7YrHGyBAOpHlKKimAPB
329,329,commit,,,

330,330,insert,three___,____4288,2rOzI9mjbaHNWmUcwABYnIPNUI41qeZiE00NlCAk40tmD8bp9cUPvI913lx
330,330,insert,zero____,____4289,u7ONinyE6Ljw4nbvbJR0WnzByPTOWPRpumX
330,330,insert,one_____,____4290,Eat7mUD6L7bGh8aR4AXaVwWanag4nU6me6BHhTUZFtr
330,330,insert,zero____,____4291,iogH3V6FSjUpk3JxNgjs8KaDbk2WrzJ2eMUGnoMNQfWTUE1Es5ByJ
330,330,insert,zero____,____4292,uoAtOBKr1eFWCO1YgYsCrMAWXQBdeTkam
330,330,insert,two_____,____4293,Lyvxb3Og5Tb6DtOqbeV9KEyMwUCtTJZM29
330,330,insert,zero____,____4294,korLJKmfW4PZXmItmGiroRUmJKvgaZe6m46jQmnhnd2w
330,330,insert,zero____,____4295,vCNbqQrhW1BwQdsXnAtSoI5LuzRQBSJwPl6ZGB6CmpyZ9zBQ
330,330,commit,,,

331,331,insert,one_____,____4296,ykwCikkuwKP9rJeV93f9OUztvbuGs2M6toYdEd1lWqa7euYbBheqljEjX4WqK
331,331,insert,zero____,____4297,D5MTN3oJcNP3QCHnBYwteV8Cjgq9Df64ovLsOFoESRz
331,331,insert,zero____,____4298,XWO4lV96ihCmM3bbYLRq94kjrHKdh2u8ahPOoNg
331,331,insert,two_____,____4299,59ISdnzxxrDjUXNVGfjs35XYmXCAv8kHaEtZVa01Ms0GISv74
331,331,insert,four____,____4300,yiUqDWjQN7ttVaI5Ho2uw5dKfNh1lfUkV0hbeBvtCC3qPYTaQyY
331,331,insert,four____,____4301,t4Q6msiUzMNmOEIRwrlRVLIvahyXgBFfKemSla2i
331,331,insert,one_____,____4302,fq70JepN9v6y2rS8IPTzOQYsBFsZrvZXqoYFBpWOh80Bfk4X
331,331,insert,one_____,____4303,OdcGduuWp6ftLrhVl1KeyUnotdbmahcH6Zx8FwkqkVen
331,331,insert,one_____,____4304,0aP54n50MQqyT1FtKvLx60NffUyeD6NwW27zFLUYMLQcHb9e
331,331,commit,,,

332,332,insert,one_____,____4305,X5WeNdH6Eco2PvIN1Gr2Z7LKWmdQU7yw
332,332,insert,zero____,____4306,1V9Z2nwNBJeVf5td3VUw1ikYUKw92PyrttfBn24AIGNvWLKKRCLtpwtOADG
332,332,insert,zero____,____4307,kBzjNTGHfGMFZZWIqsza7KM4l00C8ffzTeVmqUK08b5WmTxRz21FzQ2JlWUdsPb
332,332,insert,two_____,____4308,LcgywXQo2AWom28PnmeBZK6bGk31n1IlwIuK4uKCdV407v2SjMI3Q
332,332,insert,zero____,____4309,PKo9fUvypoR1Jv3gA6idGHQBnOitftbjd50Fvey7wB9W4NTPd0hfTf
332,332,insert,three___,____4310,PEvof7i1iUADtiRoFKPWVEzZkiWnjxE6A8EGpvOgB
332,332,insert,zero____,____4311,rpNWupvnhJssyYyVqWeLgdiKKEJLUEdr4SkzTs3
332,332,insert,one_____,____4312,5hWhJUKf6gc5TZIeXLLSmDoHcqm7zUm51vaOb
332,332,insert,one_____,____4313,9eR0my09fWkdPIBGXoHneJTmfHzxuWdYrO5f
332,332,insert,zero____,____4314,LEdYZZ7jwphKBKnAHuCJpCoVN8e3KMFKKVk52xW6eXdkt9pX8NNjF9YUB0R65qOU
332,332,insert,three___,____4315,NDIwOBlw3ppbIYfK3XQEaoBEbLt5JpbMxsjKMTMvrBWaEJKVhe
332,332,commit,,,

333,333,insert,two_____,____4316,vJXCVKi7c7HxF3s3x1sFnuRHUELwuOhJJW2MfI2dtyJn6bOZIt9xvhfJ1c
333,333,insert,four____,____4317,zyM9vHaShyq76HgRnPVLVRWuIXQxjsrZR6z
333,333,insert,one_____,____4318,dCbttds3NNxB4ZwoMLGbkCbRrJeUyBIk4X69dEstjg5Wl0
333,333,insert,zero____,____4319,WuID3XIR6as9OiQ9TT7byXHfGYvy9Rw0ixnTODYXeJWCbH8x5xjwrIzUs4jT
333,333,insert,zero____,____4320,Yb6EGVQsmFPrtrJLBzsQ2TqrWZsWE4PaAzq5
333,333,insert,four____,____4321,SnwAow7m8Hb16hzNMwEXR5mxcHJkTZsjUifaQPCiN4NOhbz6vbbeXCcjI5
333,333,insert,four____,____4322,QAIHpEGZ5MDhXn09XNGe0Yu4iXNFGaIVeBAZSJ6PfNQ8GUUKs66PJV6mk
333,333,insert,one_____,____4323,oDemwGraPenuaUf7QgyCOIDrjdjNbCdAhydUwMOzQOta1hSX7SyFnwVqytdE3qYz
333,333,insert,three___,____4324,Viq1C2fluuBj4GRNFjN4kcQedk3CwXv3El6XHewuO
333,333,insert,zero____,____4325,OvqQPmdkbIvcqD5u4t2CYn5jWhK7W11AX5M5mUt3rhSQO6qLC2BPSeGzeBpc4O
333,333,insert,two_____,____4326,3fQ8vUnnElpjPaTvdq3oyyJ8TnbjxhiPA
333,333,commit,,,

334,334,insert,four____,____4327,SMHGvz16LIk2qHJgZ76ld87IpfkacoB6
334,334,insert,one_____,____4328,Czel4duRfnTalS89VhyRfLIHgg9qw1BrjDnZtZ7wtOHMQepLlHEBR6xZRGE4
334,334,insert,four____,____4329,18TPuD8WOPcf2XpBEEWrsM7YwGOzKgA7wPEmJ57met9AvtmJ00EzOJQ452uG
334,334,insert,one_____,____4330,eSfbppgDWaY5f5FO1Bi384l9XB5FdMXBFGSpixFvj
334,334,insert,two_____,____4331,74V3B9XzZWJ3TwM6rv8ktiQfacPerUqVGGDz8WOnOHMESVbtCCADbDJp
334,334,insert,zero____,____4332,eZ091avoDmrzKev3wbIDraBtYqaiJhPHU0sVFHwlNRp7Pem73T4q
334,334,insert,two_____,____4333,JSa4hD8KIrdIh3lZ8VLFkcMD3Jm51zhJt1ZPK83DbLZbUAEkgIfjQBeU
334,334,insert,zero____,____4334,kqrdiIXN0TTk9RaInYRa8l8IFxxgGaTokYLWp8GFgT9qwOgb8OMg3ybw7LbXs1i2
334,334,insert,four____,____4335,wcP1JWQK8SD2P6FtBa4O1T7C58Dau3voQmcasitjTkJzwrnaQC0uWUfu6nIfhg
334,334,insert,zero____,____4336,m6FfiPkAu4iOd8yWqrh73ZmvluoZbO6AFY8AWyhLiv
334,334,insert,zero____,____4337,5YzkNdnHuVjnLn5RV2kavNqQInbiylP31EH0rhN
334,334,commit,,,

335,335,insert,zero____,____4338,AixnarzZrB6kMqx46DQeUtDML5FQg1mPoTgkB1MTOE7i
335,335,insert,zero____,____4339,tcPglLVDzWs8KNgT8TGyJENDnI3Dr4yjzdNqqNqRCRRmitojmgBr6nr3YJFQm
335,335,insert,zero____,____4340,yTffTdTM0z6F3MpYI5ejfXbayIVom81C2B6GsjxJ
335,335,insert,two_____,____4341,bm943PQDfIZb1d6qdoWEfmGRqjYjvVe8QE6AxtH9Y8JgTZns1kzYCrJzQZ0gYeu
335,335,insert,three___,____4342,3AcoNqBUZtNA6osAzmV4mZGT2Lezj4HHKPrPeJzhk8
335,335,insert,two_____,____4343,e0mVm1p4CWZtkJyhzE9YFCe1KEU1dHuFBlT2KSzkOQYQpH0AcYvTqU
335,335,insert,two_____,____4344,w0kwlsY3nUqBGZZQY6DFJpSNeyJftmgEmBmofB9t
335,335,insert,two_____,____4345,aUzghzOLbjRiksDrrSFLI1kRfMAlyxLKVeGRl7rMVr43hQziVYGylLC
335,335,commit,,,

336,336,insert,one_____,____4346,SNSI0TD6f1xvSfMqQtqcKbCY9xojZX5HvJd1XtSL23MomM7ewK2DD04GtIh1
336,336,insert,two_____,____4347,Ej9K0kxDUxREVz4YxeNVxSG1CivYOik4FU6rLSumJy
336,336,insert,four____,____4348,amvTEspMb4WQ5piX5vK6xVHNhVM5qmDEVFWpoI30ul5kKlxlgBSBnO
336,336,insert,zero____,____4349,5m7Ap1RT7rRJZf0x2E8Oec6nu7gtRjirh5CUjLU7tMMGvauk
336,336,insert,four____,____4350,5B9SbbVksWx2K6wgqJui4T1IzELoF7P42ZtwbU4q1WzZgkmNpB7
336,336,insert,four____,____4351,LQ7BO7tv8TXZRfSd30FDV62OyzBNVHMGBzbF4VCvkGa
336,336,insert,one_____,____4352,X59ShFdwWKT5sNzhztodOMe2b2s5103LqU2NhpxDkCwxpfeNc
336,336,insert,zero____,____4353,FymqLFSblgqFAXEhJ1G4DwItdFO23tstOQWYaepeNoL23vLAayG1OZNeUwrOBrn
336,336,insert,two_____,____4354,tmiEwVVz3a66unmNv7Rhxr8N7RtymVA0dLJxXE8bPuO
336,336,insert,four____,____4355,V5axjXcRXXphYWvqOGTaSm5FJR9Fh2ORGkiNXmYbENasOTz
336,336,insert,two_____,____4356,yRHSbKMWReYM7wHzGyT2PIIlM4ciVtUeX
336,336,insert,four____,____4357,8MDUjOuSzNBe9kAnCObdmFarm2HQPFj62
336,336,commit,,,

337,337,insert,four____,____4358,uCMcfZpuV4geY199KhWOgf5bmYnnHoWcFLKTD9HdJ9lQh9anIDNpUUIaPnPdDpdw
337,337,insert,three___,____4359,jEJp9NQXsIskWG2zSFInl8LjDsZzUYQ4vZfdgRfFCgnE9RDXEeHMk
337,337,insert,zero____,____4360,PgOHoQIHNr6eKBkbzDCjouvq8tPS8rody8xXYPZV
337,337,insert,two_____,____4361,ogdJDQOXuiwv7bpvYqpOtjJvVAgLiTXX4wUj7ERxdFvV5
337,337,insert,zero____,____4362,79Ovyoi2TuZoCONx0KE381ZRi7fjV3FpD
337,337,insert,four____,____4363,WlOHaA2t20UvJFjo8tpHjoWhfE4TTDw8bilYiAbuHGIrBWkBDvYKE
337,337,insert,zero____,____4364,iHpCCcL7mc8YgWNq0dld0Rxs8G4x3OdWgM43tTLKgYubBv4IbNU9d
337,337,insert,one_____,____4365,6hA0fHfpASUuMzijvabJzdylzGHyvQfHalNXlXnSQ2KdA51RiXiW
337,337,insert,two_____,____4366,nAa0CwuPKZAetPWJO7tYXZbCN3qJckenpY7Zx
337,337,commit,,,

338,338,insert,two_____,____4367,NGa682RnmI0pqysLDdhjJoTAUzssIVFPIOVo5op
338,338,insert,four____,____4368,flZEOH4qt4ZiPXOPHCRxzMTpuqoBMQ9ZVjovTrxXk0OjYeQbZAR
338,338,insert,one_____,____4369,sliQQgTJTnxx8Kd4q7PJULYkRgnP1cFlYxYFdJq
338,338,insert,zero____,____4370,iq3B5EQwnBKA9nS7NroWBW8JR50HtiTiYwnER1QL6ZtSRc
338,338,insert,one_____,____4371,Y3y50jBTUWjD9rbhEmaJlkxlFfAqzbMGclUZxwXmM
338,338,insert,three___,____4372,09lL4RMZcjzZ1J4XKrewlTmEZArRq27sLOyo1JCeG07SUsp3vyjRoT
338,338,insert,zero____,____4373,BbCRCvJxoHyRYa11WwWExxCBifioNWq3dJDm7er4XqH84Aei
338,338,insert,zero____,____4374,cBwaEpLB1F1Z5K859mglUuFr4BbpXtZxggoTJWKXBP8YjX3R1C5xOuy
338,338,insert,two_____,____4375,qJZFS40e2Pn3UYWHRuTLMQGVTYmTYKUtoEOdAsDz
338,338,insert,two_____,____4376,X2T8gjxjK5mpFHHbCMuXp68Y1SLZVs6ITCf3Mk5
338,338,insert,three___,____4377,MiRicX7r94STHuEbKhXsyuZGZEKBQP38yYw3HWVlO2QiPkDAHFaA1z2
338,338,commit,,,

339,339,insert,three___,____4378,o9Io3Ds97svulLdh8VrB52YiAmOMXmjegRY8Sq2XcetnxNnT
339,339,insert,three___,____4379,kwGmBgjKxX2pnsSFHqexO9UsLJwhLjEXxgsofXyOnlvnFgrvL
339,339,insert,zero____,____4380,ULlxosmCB2a5fsqEc0r0533p4SQ4hqajGq
339,339,insert,zero____,____4381,tLbX1C0rhnwJLgB2rDXA5Njq8T5UPkATRX34fpi
339,339,insert,one_____,____4382,be1DrjcI5bwgbmlszZBbJJCp91KSxjGINlXeh4EQDfr
339,339,insert,three___,____4383,RImvV7OuJWS9UKCNtetyYQ7mA8usYyho3r8cBE3dTO4AE5UFyYW
339,339,insert,two_____,____4384,WAdMXuPe3HBDezL1BDDLoVcB8pjhsnGqogT7D6o2DsSQxHNlImLT
339,339,insert,zero____,____4385,HDAtd0gDc61hLFhw8rgMwcpjau4f56NxUaa9eQkMxxS
339,339,commit,,,

340,340,insert,one_____,____4386,pJU6M3CoYvU58S9JwhKaXeuoKQUlKSlmHFg2Rv
340,340,insert,one_____,____4387,xUEbvCLL4PXrgDfKCAhRQDngSIaQLlh4YuWmxPZ
340,340,insert,four____,____4388,OQ0oXWhQXnEQn6pyvDlvkM3nudns4WxaPsz3XCuI4jxeF3XWMCWsfIm2f0B4
340,340,insert,two_____,____4389,ockIywrBY6dONm0rsA1RBHBzobGwLAtB8hxMLrOK5dnQ0hp96ZO9
340,340,insert,two_____,____4390,7kYIPwX5Q14zFzVaH9MZ1sMH9w4tT44a4JK4
340,340,insert,two_____,____4391,nmr6kxwuDHzpJpn9t8Z8cjBVvQQFnwYbg8ehqjX1rdZIVYFp1WWzNecxEh
340,340,insert,four____,____4392,ITnctJZWW6gV6QHM5kh82J9xVyyAnKYTvr5T37Brz5XhpSrY9whIOojtcJ9T
340,340,insert,two_____,____4393,oPtcUydbQ1WqZeEvwKYzKx58DG6HUl7tX
340,340,insert,three___,____4394,4LaKFnaiJnOJEn2gO7ht2JEXY82TI7BGVRMzniAWVBgt1xE1
340,340,insert,one_____,____4395,RNy43ty90YddyWz8IYZCYapPLcwZZOeS1Jod07XxxTvSGmDmYKMUT4ZImTUkbL
340,340,insert,one_____,____4396,uGMVcpllaxbq2rqK32zTTKGSCpC893c8Zz1vchvB9gVW
340,340,commit,,,

341,341,insert,two_____,____4397,ccSKzu3PrmRAwEUQjPoEQfy0rlDBJwPgmsJVnRJAqu4sOr
341,341,insert,one_____,____4398,7V6S6GQTbKqQzfP4jwAKBNJGVUnjBf2mWuMnrmpFWL26fhET569IWf
341,341,insert,one_____,____4399,AepjtOB7ICCMSF0D0G32LBf9246iEeKke3o
341,341,insert,four____,____4400,4p9bFrlTRXpOnLFXzO8wVyFmk6kRUqnWi
341,341,insert,one_____,____4401,Wekvm9hjGBv5rJwyjFovIpXyo4eq4CL7H5CkjwQGaeT5BObH1BYLZPAj1z3e
341,341,insert,two_____,____4402,Cy6GBzcSJtqeEYEnVBWWGkCMfIpS82VKPa0g0nlf4QT
341,341,insert,zero____,____4403,NJQ6fXDhb98tT001jNSAtpiQJV303IfBSZB
341,341,insert,two_____,____4404,ob9SEL9O9g0mG5xYPJtl0yloSrPRsOnwPyXr4G1OewpdNIec1eFNAROGm
341,341,insert,three___,____4405,rU2JyafVZFmc5qWKv5hxsl5FkuQqX9Ma1q3eKaOWsyTYBg2hGP1HyeZw5EiHC
341,341,commit,,,

342,342,insert,zero____,____4406,BzhfRzbuyRSZKCJrsLsbddJIzdcCEr7GnY9C49G0i6C9EDYGUJUoD
342,342,insert,four____,____4407,pIDPwu4pX9l3ImGOUSzLcxL3onR158U3S
342,342,insert,one_____,____4408,4wETVLsxdUqXMKOycToArD1p5CdbV83dl15U60cX08HCRsvuRM5mljFbuSZm
342,342,insert,three___,____4409,43iFaqnYHAJnstwcPCL4UI6QLvB15IBMUf6EUNM6Oj
342,342,insert,four____,____4410,DulVWA47iHbYPqpWKG4wfQr7hf9KwuwAoc8rVFYHMRvo
342,342,insert,three___,____4411,2fzgLv6llj3ou18ElUoEaGAfINP9aX3Xn16
342,342,insert,three___,____4412,Q4Lj8GnvtrG4v5Ogzbwszjy2Ys2KRXEBCay8hGL0KqCZZtQNgz2Y9lqR27OEyD7
342,342,insert,one_____,____4413,ojaeuQqrLlRhPVms0WqyOhNfqcAcE9vqXpT1Vd
342,342,commit,,,

343,343,insert,three___,____4414,1BT4rnmf2lESLlEDIB5tD6qD8xEXzfr00U0
343,343,insert,one_____,____4415,X2Gb6Yqp39yK1WsJJITW89K4Cqf3UNDVOZ8yD
343,343,insert,one_____,____4416,AnQ7dKwdBL5Bdbjnh20RSStPWrrz7zoV42enLW23WGZ31zQBgg
343,343,insert,one_____,____4417,V2SAp6bYbgKfyBnOYlPTSY2XYLWfnUJe7lk
343,343,insert,zero____,____4418,iHbJCo12w8GNjCTlBd1NIrlzocaZs9Xg2BWXtVijRSVcK9BXJLJs
343,343,insert,three___,____4419,0epcl6YBYatz6pG22gxIDCOH0tfUsnj3iQ
343,343,insert,three___,____4420,G0TaYEADnvvL3jvYXHZ81QUx1f6jBDdMpeOBYhDkR1uoP7M
343,343,insert,one_____,____4421,tuQX1IKBleYGjljrRdkVM7HHP6bKMY6iMH6MOT2XG23
343,343,insert,zero____,____4422,uNLaW58TWQmN6MIEEY7Osm2p0zyFtZEF9ZPQGhG
343,343,insert,one_____,____4423,AVrD6JEwfaitMvsFY4WlsRvxe51bWhUeH2z
343,343,insert,three___,____4424,YrEu0ZmIqtd84Z4ETz8YvzkeM7yuLfNkync8geHLNuWtJ8lpVn3rHuIzQBy
343,343,commit,,,

344,344,insert,one_____,____4425,fLCE2wyjP2Ojae62v8x7O50Z4k7rnhf9bI0vkzdgu
344,344,insert,four____,____4426,8lqwaTDnEZTzE7wzjTCaXbtrfuXfJoa8YP61hFlPqqSLuTcFjN3kIQy3suwPm2gO
344,344,insert,two_____,____4427,MqYlQ3M8VzqweHRLTobj2mIfDQRJMsQLRYdSsUUR
344,344,insert,three___,____4428,KMA35f2hwnC3nAgnGmM5CTZKjZwz57EvZMlNuhJHgHwlbpOOWBB0MDQZ5QaPBd3
344,344,insert,two_____,____4429,et43nZkJZ2lu8tif70d6zRLTDu35rVFKTthWZxMv3T36xiXenNs
344,344,insert,three___,____4430,1kZ4IjNwAmEJhWGYlLiLftLiQioqHOm695w7g6xauinI
344,344,insert,four____,____4431,RpAZCyH0COQ9Ja7j2dCYcEknsoVM7gDfP729jZeMZQi
344,344,insert,four____,____4432,9q6TIbjuxRav8ZvkDLf8XDSYCOUyvgkhjHQTTy
344,344,commit,,,

345,345,insert,four____,____4433,SdRmLvcfO0cWU1yzTg25vEAsIC5RqQd6P1zAKOdTBdB7NtXgfElpZphPwGE
345,345,insert,four____,____4434,QqLagGvYDw84Cs2ZLwgDDPrLliiaZzpd0Auw4LvEWg
345,345,insert,zero____,____4435,Bifkymsv6tSxXWUFpzKCGAE2vgYTsJojwBdXgFwPgjFukcZVNb
345,345,insert,two_____,____4436,gWy7T3m6g7RQ9vkLXD4WdVTVEVwr4aoqPnWEBaHOfhFOrq7g
345,345,insert,four____,____4437,DwLvM2qHl1zDDEhGk27j4YZOidyNeyFOU4ImpaEXEX3XZ
345,345,insert,three___,____4438,iSN80bKX1fkMgb0GJwSYU9gYlru8K1wOjhOL0j9NwiFGi1tKwdJvSVH3rUkkK8
345,345,insert,three___,____4439,NMNzV9MlbDfSjdPxfCybpg74ggVm2tz2FQ3BvkfTPjTnU2ugIzzmC
345,345,insert,one_____,____4440,MpBMxsff9erv5SyqTIckNTVcT94MCMMrssQAjzaq68
345,345,insert,three___,____4441,9r2jrn8TBmfiMLVgYxo5QXETVCQN3EH9e2ToyXIJyT6pzoO0iV
345,345,commit,,,

346,346,insert,three___,____4442,qt5plbvI5eSzKEIQoY87oRlowl7bVPDonMSe7fHqyBd3Q9uDAyn
346,346,insert,zero____,____4443,duwOzYB7jRFSog0AN1AJ7RHGiEN6dOS89GEvOZDV7N7DSqT4FHAa1xNaBX
346,346,insert,one_____,____4444,d06B120BruuOu6bk7mAqzBItqJGI6WweLhz5X20IW7yPwWYOngGkmGxqPZAIQTW
346,346,insert,zero____,____4445,Sog3kwh9gDwXbKNOxgeb46JTdWDl9KKTCtQgjuFKVRgLWylM7oQEuEO1lcM1ccy
346,346,insert,zero____,____4446,NGHtvmUmNvqyIHwBjYnGmNTdYJPToiAyfWtfRCbONBxItOUG3KRoqPFTswj97
346,346,insert,one_____,____4447,vlbI3FkFI7LYGhd8D09pNVTbDKHGKZw8pTAx4JQq7FHUFcK
346,346,insert,one_____,____4448,qugW18mdKNBG4YNUAee8Nd8THnXEtteJhrz3YjA1AF7PluRpMpYhV8
346,346,insert,four____,____4449,X6paatD3nNFa8WghuEbFuTenuGrxKzQ0
346,346,insert,two_____,____4450,3geWT6GJIvGiA1kVP2aBD6o1MSQPFNKYjViYB892jzYEblMIlIOA
346,346,insert,two_____,____4451,8u4rf3jg3BLlAsbxf4asT5cSSRsE3Y7F
346,346,insert,zero____,____4452,RFVeA2O9k8WLoTj7oORsZ0VfWSNVZZxO7mFym9XxhGKHMn7lJ
346,346,commit,,,

347,347,insert,zero____,____4453,bdimDrNjlBDF9MXnXQZSzdSge52rtUidrYfP2wfdvRwIqVLkeugarnhip
347,347,insert,four____,____4454,Vi9Y0DvvIYqqo66I7e49S8gW4I4GoRXnyq0
347,347,insert,three___,____4455,McBoanay5N4UHD7z12iarvQv9vZ4DgPr4LRclIlO
347,347,insert,one_____,____4456,nc2KJVKYX9z2xM3brTFg0dYIqwnkJxF6VcAQLVGpgX9V9o2lWkuB
347,347,insert,four____,____4457,4vJHMpgaejxCUxld0FQk7YYxZNQCO051k73AGc4U0pNIAcxzWAssyteqMHB00
347,347,insert,zero____,____4458,7ZMRQZyHOuZO0Os7zUIoC0ypGcnHqCdXTkn2r25UBhZdXC
347,347,insert,three___,____4459,IMVVnnfur6PuWYRSPgG0znhDeHcP5ZAUMeIxZLmKXgEscdEmP9Zbklb
347,347,insert,two_____,____4460,YX0EhKO8ny0BkoUJes476mTaTvKSMn4DDXgAV1
347,347,insert,zero____,____4461,ZrS29g6aq6NFoJMnAASM11xY7zBsNwmS7
347,347,insert,one_____,____4462,9bIpb5eEES9UIZuXZZ43j97qcZb8ymaLVl
347,347,commit,,,

348,348,insert,zero____,____4463,PGZfFSXPhKlmbE1WyAsx094nIxwa4j8v
348,348,insert,two_____,____4464,dnDYUeGPiz93ROIXFtdYhyDTxHNCUy0lbMlSsX0UTxm7G8n2Ux5F
348,348,insert,four____,____4465,oL5AYbh0M8GKwEUd1KEIwECQGrBafIgGfupZa3otfiNqph
348,348,insert,three___,____4466,691GhaZL5AxZz62pQ0aDdOeMGXpmrjCndxi2HjuzVEzf9mXtU7X6VpTRd
348,348,insert,three___,____4467,Eaikr90HsXehfMShTa22Lbnyo664MvSyu
348,348,insert,four____,____4468,RiFwyzKZKxdh9hRWwZDNfzm92NmNpxg6kMDzErf
348,348,insert,four____,____4469,2ucEuD8Vv3gqGiu42IqdduRXNcpHhk3SqwkZqpX6XX9iPm
348,348,insert,zero____,____4470,3LkhpO7EdYEqV9gjvrHpxNu0INvKbMLeA
348,348,insert,one_____,____4471,YnNdlGtvNQJzUXJ1JENKlDjevmIfTI91jlC6ZV
348,348,insert,three___,____4472,6qTut66wbjgS1DYXoKVVbO1MA3e2c8YcL7hut5gAMOaMEBY
348,348,insert,three___,____4473,owaS97h1R9zw7r2PlF4vbxLvRnG9xx7VjiZpLVSgzciZUTej8G0IXsJFKL4e
348,348,commit,,,

349,349,insert,one_____,____4474,LM8FUmsF58J185pgPeHgymtQivqwgBDwy
349,349,insert,two_____,____4475,1Gg557Sd6SCCIqk2fq4uC9RfSPM1xZYUydzEOzg
349,349,insert,three___,____4476,6lgnZLs13FoKkkmIJ1NoxMNbzrJevJWI4VBMAMvEK2O88o0gvUQGO2hGncODKAY
349,349,insert,three___,____4477,E2xs8gEOg1xyA6h0tcm5Uubpt7zJBezR41l
349,349,insert,one_____,____4478,VyEuYQAqSgC3ki399tSrMOgr3NI5ehWuq6
349,349,insert,one_____,____4479,VwU5eeKDzdHPK3BXiWPsohwKhhtsP4NjNxv625hhe7gVm
349,349,insert,three___,____4480,pQ9wkBi4yM3T7JJH0cNmlYdhNgFiJzHVF
349,349,insert,zero____,____4481,x0LmlgIFSaOctGbqB4mpEE30pvrrMEfUgvc5S0kN2hGSUnE4GL3BjUxPfIE2
349,349,insert,zero____,____4482,QHKu4n30mOsG76NC0PbisDHZ1a0khCfWgmyFB
349,349,insert,two_____,____4483,jhgRcL6KWxREBeW0RoLsMmSjbSQAhflhHjWPLC1HXF5pcq08oWngi
349,349,insert,zero____,____4484,vgOvA4LJWdNgNDBHZlzeZEjea01SlM27Z9QHB65QVTVKReOKQDtADWMB
349,349,commit,,,

350,350,insert,one_____,____4485,cp8B9yCcVxMsD39uOa3GD72Ck0GkQyiLsJztNbb3BiusXeaitrcj4PX1zkgpu
350,350,insert,zero____,____4486,v0cGREm4IFMC8YBB1pbyI0J3BBZV57murNwJwGi0UeaJD8REqqm4EGB0N0Kg7Iox
350,350,insert,one_____,____4487,pyGbE13pBFMqCV4VGPrNCOHpibeaH5CrNJpBBgTKYBEUjn1u53
350,350,insert,one_____,____4488,YLivxbvUJ239SjRaH6f6ZajlBG9ErkfCz5fR4e6KpfD8d4LLFPcpKWdM
350,350,insert,three___,____4489,jT2AngPlkudIJzlBaAQ0TXxYcU9WKBm9rQ348vsBTkmRNtbXzafCT2mla
350,350,insert,zero____,____4490,fggLUNFlh2jNXWv2QapPtM5kKCFCpxS6CJzLwxxKYm1P
350,350,insert,two_____,____4491,zZbGOz9ETYxi4sXstTAIyLNgWOBWqwjS0cxpKzNZeF5Oo1R2k9bVLaCH
350,350,insert,one_____,____4492,47QxL7JpvEeodBs2UPGl8oLVTkz5Y4aaJLh5vUH04CZGBnk
350,350,insert,three___,____4493,w8fpGfKFR1htAxyqDtZuMz8nCydeBHzAmcSriWz2iG2XnhS8VCtw9XOW
350,350,insert,three___,____4494,ujU2tAxVzm3Etag61ZW12Ns0xRpWq5EgYMTHWMh58
350,350,insert,four____,____4495,eiMCfd4IgKVtRIIZzhJWoDYVMUWWkkQUcY57xvHuLc4mmRaWFQyCH4dLExepHxv
350,350,insert,four____,____4496,rPsDQQu6OXtI7jfTzticCyMl1Ku1eX2QSEzaMVlSa94i5rJTFwYG3lxmet
350,350,commit,,,

351,351,insert,two_____,____4497,VPTXzfr7rqTdgp6q1TRGGFrTOmZ30oIwfSxJqOd7dyTENyAnP4
351,351,insert,one_____,____4498,h1dzGvRuVIZuXXQPfUaBuhBEQ3ELjbbkFNZGT
351,351,insert,three___,____4499,V8Q312KJhsspJ0l46nNdtfrTAIULeW5ms
351,351,insert,two_____,____4500,nlMybxBunTrP8WuFWMjpaE2uTmFCTThg4TaRiuuytwmiNNSodTVAEDzveURz
351,351,insert,four____,____4501,wY5ZMEACXxZEcVvYakBcBCeDgXGMd7PePojUV6u
351,351,insert,two_____,____4502,mwxHVae3y58rTM7nos5KqVLtCoVJDRpioqVdsoZJoVb9Of
351,351,insert,three___,____4503,k0wTWogAkbCaPNEvQg3kneSbWj0SF2mJaBa7gL60oY
351,351,insert,zero____,____4504,fCCSdDfNHOPeiQgkoBd2BTqKXnMg7IldBSYsp1AxDOPWKJvEUKFWjSHG6aDOt
351,351,insert,four____,____4505,Nz7q59KWwWz7dJ60KjkqzaEvu4SPWZqoDiHsmdVOS6aXUGepbU
351,351,insert,four____,____4506,GKmz3JUPeKJGlOLWEHSRCV9Ci4b4JNLSjIS2hl4
351,351,commit,,,

352,352,insert,two_____,____4507,tNgEyRUMWabUGjQIWin6zj6r2SY2aApi6JLZXpFG9
352,352,insert,one_____,____4508,7kHnOOLWnGOVzZqcPkvIxDnL5bnsco9ln5uTq6dfp94
352,352,insert,four____,____4509,UYx5qXRJlaLQysIApVLy7q75UhZFIwPTtQedI
352,352,insert,three___,____4510,TZeMgC0BLmZGHs4EcK0fwzXuL2Tyhos4GiAk2u
352,352,insert,two_____,____4511,PWDLuTimmUM1FbK35GsPLi7erxwmB4QRcH0x2Vr9IKNZq2ZjLUgQh
352,352,insert,two_____,____4512,xxfPGs4R0GNwf8JmEhJpNGjRVPmhGxFb8V2IKlVN
352,352,insert,zero____,____4513,CDUNghzGk7UCv57cjHzN1Ke45DMZD0hDQTDlT59K
352,352,insert,three___,____4514,qu0cr0ZIJ333w0eL6Q6YSRYUMZ70ELfNyHHsDp9zQ1smmda3J2EXFA5tK5XlWv0m
352,352,commit,,,

353,353,insert,zero____,____4515,21yGOyEH6jZIGgUcNcaRowpJh8N1frScdI0MXs6vIXkQr1SFrxq3CcmwnsfS
353,353,insert,three___,____4516,9NnfJV5KtJE02vDacexB6lzeEL091sT1nRK6gEOIY70hK5JByNrhHg
353,353,insert,two_____,____4517,MJqwgclkuhv3AklWoQwo7MRj0wP2ls1xS5wK7ul9FHa0V5F5hbAtOft13VRSEXI
353,353,insert,three___,____4518,33jrabrebvYLspFtlZk6R2HDerKJwcQIVsX0vAct8dY3DJV0Zfv2sA697elQ
353,353,insert,three___,____4519,CvcuBwDc2bkGAydSEEaR9kn3Oxrb8rfObEq3cOmhuKE
353,353,insert,four____,____4520,FzgnMwYqgQFFGO2SVg577wHrUsn9Ue82ntj5QuxedffoQkYZrw4qn
353,353,insert,one_____,____4521,G1Zc67jaUXcM0Y7TLdORu4hKkhUdl38g9vt8IKHKVWHxi
353,353,insert,two_____,____4522,jhGte82UOkcfDVFZRu4Zn3Jg3GxjbejNPerBmyUAhGg
353,353,commit,,,

354,354,insert,two_____,____4523,g1oPIa4qvXwipKgfeWuXWaLzflvV6oI1XwQukUdmZ9R
354,354,insert,four____,____4524,RiiIRkHjROHzTzNGRps9w4KogLTrWVs5B1qTvqaiUH1V
354,354,insert,two_____,____4525,B6jFElsgtFBNdfUh1VuK9ClBSpSrusw08gIqVH72jxH5NpiCqs
354,354,insert,zero____,____4526,mka3MwrTwjQjssJWEckw3PhkKZZEsaHV
354,354,insert,four____,____4527,INmHDUaZni2f2hvalTo5M90llhkz6ZZz1dosnsrls9tIzfzf6irX7gqBgC5xiz
354,354,insert,three___,____4528,jy8LJfrwWc2wr9ISLfzg2k1XVuzvjKE5FvvjsyJv3rHrW
354,354,insert,two_____,____4529,8FBb6raIf7p0EKbtBt9NGnwYovv0FuXtc1
354,354,insert,four____,____4530,NmuBw6jm91OOGoI0WTzBtD6B12EfPzuh77d
354,354,insert,two_____,____4531,iG5sQyJDaa0ZIoNBMJ01iqbTlGlrlqo0jDcwRFzVyADcMc7knDLMeq8
354,354,insert,three___,____4532,8SvhK8yj2trLzCR5D44UtB8muVKl3qGJz9Wf5FiaI
354,354,commit,,,

355,355,insert,two_____,____4533,jzVp7h04HMVlXL3Ok0G6V363Xwat9Nlws0KRSAT2C5
355,355,insert,two_____,____4534,VSgyXWn2IciUn59QOeFHqB6Z23Nk4h0od3qEhR3
355,355,insert,four____,____4535,nQLbLU35SO7tmrJIa9pHWTQR9xaLPCTQ7p61HHU9uJy1
355,355,insert,four____,____4536,b1FE1vbyw8Hxv3DrqfTYTSyTy7HOa5CxjWctR2
355,355,insert,four____,____4537,c3iriDD1u4sTm4wtKErz8eHgcYNxovKXVrxa0vmOTJZWP3
355,355,insert,two_____,____4538,4AHLuzxV7Xu2LriDmtQvDhHSIMaE9bCT
355,355,insert,four____,____4539,spk40KGMXNqEjOQReVBDUeH6mDAb8NpaRtZAhCnOiVfbGmspzU2SUa5EgQPG6
355,355,insert,four____,____4540,DDTJzKpzgP4zmzF5FiIZXQko8hs5VUlnmCJqmgIljs4Lf9X
355,355,insert,four____,____4541,39OfABLuxloB4cAOXOzQmzHCTinRtNFe
355,355,insert,four____,____4542,Bn7uG7d6ShOLw5dhz5BprDcmvbnUyRDUoeVrZ4
355,355,insert,two_____,____4543,ZTsosmj1ol8jWN48nZlaAScLDz58gac4ShAI3Mp0ioW
355,355,commit,,,

356,356,insert,zero____,____4544,RyLGismPjnc9T8nksGXHXZkXypiXqFHTPb8jK0y5FuhJ8Rlg6Yk
356,356,insert,two_____,____4545,RjT8shg2vkRHQHt5wIclOV9ZmehmBJpK4NYlqBnhZkg
356,356,insert,three___,____4546,yoixZy1lCuC5S4yTHQpnsbH1Q4vHGiVJTsOQSE7CQ5KfBGuUPDG744VQ
356,356,insert,four____,____4547,Jrr4TijawmacsQgCkw5Mb4hhdygaB76msC6IokTBEEaBJ
356,356,insert,one_____,____4548,eMCFivq1cokbqKrcU8Ygtb2hCnvNJi37dLk
356,356,insert,zero____,____4549,AMtzHEHVwARAuRa1x3KsogTv2BaHUrJxaxYtqyJTkoy2yMSbV39W
356,356,insert,zero____,____4550,1mgijzjLhfb4muHmURRRQxTRwKHJvmHngicNSTTi
356,356,insert,zero____,____4551,h3DAHihLYHl6muoYm4sZtcHiqcUV9ZmktTXUZ5eceBYstDUFkx2HQ2dy
356,356,insert,two_____,____4552,JODctl4je3fRK9t0bixdwoVil5pMdrprxFb2d
356,356,insert,one_____,____4553,hEOg70mTv65Cabis3nT10q38kwZJj7nAFbwrR2ji6SygEQbBb0hm
356,356,insert,zero____,____4554,3yRV63qnGZk05DWxslMw8sGkZ9ai98CzLMUxtGoI0Sl5
356,356,commit,,,

357,357,insert,four____,____4555,UszFxoCmoWDtN3ldmYEXkcRUmdbTUQelvTdG4OfvU8BNFt9C
357,357,insert,one_____,____4556,qub5DG11HLbhALfDMfRySTSbQyCypao8ZaFwSPxiG
357,357,insert,one_____,____4557,E0DMwu7rXrMjXMiqQBbpgTD1yt3WX4L718n109xvub
357,357,insert,three___,____4558,HZVEovNNOxSbVA0c2eSNFLgQJnpypPBVrwlhd34aryoybLy
357,357,insert,one_____,____4559,YwyH6cSpI6Bb6RazScEX2SOtKxM4ENjRq9ZOrluBN6ODHVW8hvxHIcxp3
357,357,insert,four____,____4560,B5KUFvI9t6cPYe5XNE3G8XHHkPlPbUavrIYu0ZhjbBZmjeFShzZ7yuF
357,357,insert,four____,____4561,xv16T1rQ9KhyAUCBE8poIVrZtWOQXavRmoHHFtarRpvf2gmJK8Rvm7CM0
357,357,insert,one_____,____4562,xEkqc34aZ5IlNX7LULHFS9UE4MxNGAhExbqLEkfUszXCjQUs5QTmvemdG
357,357,insert,zero____,____4563,LwCPPfXolTUtEpo03zzPTc9wZkDk2KJx7qrMVYeIXjmv0kMwzyji
357,357,insert,one_____,____4564,NlPwJdvsrTWAcPqrOVV5Tp8lbg4Tg6cwh1UlAs4oDbEitYbPH3B
357,357,commit,,,

358,358,insert,one_____,____4565,DLgU2N6qFwgH841dXWkpowRXyzBsYUbwNGkYG5kZBKlPqIUHo62
358,358,insert,three___,____4566,K6UREVktEd00Dk1F58QMkrkqynKyYO0rqnXEuX9
358,358,insert,two_____,____4567,sLdjHnXjPDOfKqosWu3vmr9RBbbdA1kg2CnfNqCAuLfjKS6TQSiMIVG
358,358,insert,zero____,____4568,ou288CfqSVc00Q7LL3mfEigkfmrFw9pu0Vg5Rv9bla
358,358,insert,two_____,____4569,eQauCIYhlXcl45FJmrQF3CdKH4eAxW7WhtrEHtlYHd6XzuHJ1
358,358,insert,two_____,____4570,MQbpRjfpnh9IefAB3RafuEs56GlUTvRAqm7Wc9Gn7KPjKtsofwjVHkE9xlP2
358,358,insert,two_____,____4571,VqQlcBo5CSZZxI6FNXprVq5tdSKP474JLFJ5xK06ECoyyviRjGbn
358,358,insert,four____,____4572,2Rg46cSZAMYy5JpkzjQd7WTnlbYb4i3BcOMO4G5ubQwIRzy61jppqUv9rdi
358,358,insert,two_____,____4573,aEmCO7dPmigDL6zyisI21cdZRilD6bTLSOaUb9VvSvoQmFdRJ9POqEt
358,358,insert,three___,____4574,Wv3oxvc378bphnyFw4BpW4fdPZgDZzm6mzlSixgq
358,358,commit,,,

359,359,insert,three___,____4575,02psV4IZ8tEtLg6OJcWFMelGmCacBDEKtISN
359,359,insert,four____,____4576,yt84rFiQx2wu7askrcOd0fjP9qs4gS9KZr8PTz6ZlvQUD0OWuivEzh
359,359,insert,four____,____4577,bl4GFAcrlGKttv8zKN1bmHa7hFkjXuMxh1h6hQwxPKGah3DgWVvY1
359,359,insert,three___,____4578,aFHaZIKhRefIf3tznmpgxGPmsGfkQClN4Ngu1S3wMHbNeqjhnmQ332TJ5
359,359,insert,three___,____4579,G03IAnziAV8zJlRPf7yLgKaX2FAPRJh4VamDc9tnTtRKQ2QHzya
359,359,insert,one_____,____4580,ZTW54jmKPZvWhb1eyAPpshIctu5Tk4AL3QUtIxQt8wrnz7a02FvgiUzbDI
359,359,insert,four____,____4581,2xxOIUiZwc0r82HNk7KL4iAcsqLIu7bg5PuVrqr
359,359,insert,zero____,____4582,WWCKO32V9EeZ9S1SxWkJzrEGrQ1z810Bo77RM6fEemGnVjFgVFnjgFBt6LjHX4gT
359,359,insert,three___,____4583,EYTGOAxA1BDoO5ZXC3rdAVNiVwsMykuRNJ5yU48hG2Tz1S9gqzeSS
359,359,commit,,,

360,360,insert,three___,____4584,gZkH6IOSalrrBCfThHflOFxSKw5z4OSHcSwnCn
360,360,insert,zero____,____4585,8LsX9jdHgP86shH0AL1hnt0tAUb1zkL8DwTLqLxflaeJ6mqZgc1EWOjRB
360,360,insert,four____,____4586,zPHPvTt7ll84zd9PhaidKxvzgLdJkqh6snXPow0bgX
360,360,insert,zero____,____4587,BPRhRH0VUonvwnTrIy6Tx8mQLlLdyyJuIxwnl1I3BX0cSqGh2Pjzbq6xN
360,360,insert,three___,____4588,2ILnntPVBd3UtclWvoTGLpsFFNnps2CUNC2ObV1roWP2I
360,360,insert,two_____,____4589,TMwpWlpKb3NILJWZVdBreTYbVIjE01n1hyNtJncnnog
360,360,insert,three___,____4590,Q3OY9yuc2gL0CwhbnEVQCfAd9xk7tsRHQpneIqEKVaDvGBKrg5VJMH5lOD3JpLdO
360,360,insert,one_____,____4591,mAFknJp0lNd9t4lrFlK6kUItD4ghmcXL6DcQExDGzdLrfmqQId
360,360,insert,two_____,____4592,FMmLqXVNyKZflWOYkCscgZaogiFVcWSaj8ZvvzjJpt3KT0jgP67qQtkQk
360,360,insert,four____,____4593,PmoTY0Yug9ha4nAi9j4ZHNW7A9N1OMpKp0H95FvnX5gmD0m0IBcuw2
360,360,insert,four____,____4594,6gk257yhV2hgX9uZqLWXcQ3cZMEcizdNEn3mH58bdSm6qDua5k
360,360,insert,zero____,____4595,qp8yjj6BP39sJlFnTGm0RQoi1rQ7Woxv941Nevc0gsXChChGEh2WyJKsvp
360,360,commit,,,

361,361,insert,one_____,____4596,boxDxSRt8s5VZcyGvf5bDuueGK1SvXXFsUrcgy4p3ptWI32CAep5RBPeGieMpla
361,361,insert,two_____,____4597,lvwipP84Xq3dj7NbDdJJ8JdxYKzJ1pKEW8bDGnj0IXewyfO
361,361,insert,one_____,____4598,bAfkqpLhkXhYFcqkoMfNU9TW8Jh3Or3r7s6qbfS8f9ISxU9z2q6LJcJ
361,361,insert,zero____,____4599,kIgijHlgmSFo2Uxoib0WuVY9btvlGAt5RY
361,361,insert,three___,____4600,GDYA1g96ttRx89ixa3BNxamu0HGFyzESlsMXpeN0j9u931x5HztSNDG
361,361,insert,two_____,____4601,rGgMWsdcY7wJxQVXWo4kBHIvvemITKjj8n15RIUx9C
361,361,insert,three___,____4602,hEa8DXeEEItrBr0BLbp5dxYBCp4Z5AiH2QlDDilSZG6AW9BPObG0
361,361,insert,two_____,____4603,PMqJMqitb7rOfnXrBBZzVBSpPNa6NUPXGZoSclSNS85suUm
361,361,insert,two_____,____4604,Jcav58jTpELuGIR1MAt5mZDIw52M5Evm1OWOSKPazqtdj
361,361,insert,one_____,____4605,wzxn5E8pVeQqcxR1prZA1gBTaZpjlYsgu2dkpx
361,361,insert,two_____,____4606,BM0W3UHb6AOCBktqNofkpzOf7NyOp3hsFyqvAOoEBka0iUdhwD9kr
361,361,insert,four____,____4607,E4lgdh5AlrorFkSpUWSBCpxLyxqqqyodsN0qxhmt59
361,361,commit,,,

362,362,insert,zero____,____4608,oy9W636ELVctaIXdVAU61VKGlucpH1O9aFr0n26p57
362,362,insert,zero____,____4609,7UBH40g1z3JeKSzckJ7GgRdbKV5sKua61KUCl2GDYxChnBa6LEBfI2v6M
362,362,insert,zero____,____4610,4sLCqTW8n9g3yp66v0fXATUuRosVzm7JkroMJ8sDgO2hRol
362,362,insert,one_____,____4611,pliD3a7jw63dY2USrYW02PD6PxD0bDNmOo3CHTKTkJtjc4aPyz6P
362,362,insert,one_____,____4612,I6feJQrxQqWTj1BvffP9FfcbzCOIzAnVLqg0un
362,362,insert,zero____,____4613,h9hllVodY8jQR4BOuqOjB4TYmHji9Whe0hoJ5faXrX2r7gb2P3ThqcNvR
362,362,insert,three___,____4614,YywaC1g2qsWh6LPqfwiJzPR7trJxxkObX4oKTpVTxbwLDnxleQ
362,362,insert,two_____,____4615,4jj8ZVYQiN3H18SjvVgkSB68pRATHvqXaL7nNJgxP5hN0RVG
362,362,insert,three___,____4616,oRo6kAb40qMQOQeRrZmEnvxXYXzxjRMWXZXzs5OB0E
362,362,commit,,,

363,363,insert,four____,____4617,tPjEbXlB3SjwbUm9Pmd8IayJD1THQwd74rz32CrEZr
363,363,insert,one_____,____4618,Qagbjb4xMZBG51xSra5JoO0ImYaYmaumkkLHFM0dsQgrIlh7fKFoCJ
363,363,insert,four____,____4619,XPIqayA4ZZGMKggLgkcWykMi82NUJLvxenLEAD8PCM5aBT0nuyGNS0W
363,363,insert,one_____,____4620,KJnQMDcSZXfqhJ6RiWyJca1f2sb5llcliS0TnGRtsCvkjEcxTWSDt2pAFp5lSs
363,363,insert,one_____,____4621,vbO1Wmm1umBPVZT4MkW4AjUEUpfw3Ejkv0MtfdcK
363,363,insert,three___,____4622,yZSUg5WUrttohrSl656kUupm4V1IaPjJ0XaTZTo8sZACUr
363,363,insert,three___,____4623,qAvmUuPDaiDpYntTa57xCNPTF8hgPNsV9NS70xa24akMFbK8UYiVhN7q2y
363,363,insert,two_____,____4624,h4jlWpEYMg1LoBlmgzzNaaSJpC2mjTYsK1qnpQ1rkPF7P11uYTiYNC2g
363,363,insert,two_____,____4625,vwCpvvjEWjuAEvKpDQF6U6q6DOYADpLT
363,363,commit,,,

364,364,insert,two_____,____4626,90cxl4PoHAZbra5WcFYyEGTHDSzUnfKWIpPAGh
364,364,insert,four____,____4627,beSaR13tVPfPBSPdrvzoQ5C7J9Ii0BvM5xjK7CmZMhEVach6
364,364,insert,two_____,____4628,mSA7rzGcYL3O1A8UedXSrMBcCPSCC9s54PzZJfekOdxyEuOefhnMMs4nIv
364,364,insert,four____,____4629,bMLtAPHOgJ7Xjv0uhBLdUSWddcN3YM6y7s7KrKWmyu2xyGZEdZeo22MqGToj
364,364,insert,zero____,____4630,yOkJPvUf0n4dywvVf6ORmffbTRhD1UrANnCgNjrTtAdNcT36HrNpNTx
364,364,insert,zero____,____4631,dsPZhSbVZAIR17Onqr9kj7Jm8AMOwyvo2IsMrh7m1UO7EaIusYJhcZd75rC
364,364,insert,zero____,____4632,BhHpdM3MCmmsfiZ4WEsbAUd2xSFSP4Hzjn
364,364,insert,two_____,____4633,6ObTVzGGYU9b2kgAAS9t2P1JDZWOsqWAkAWWnYOdqeR7zkJ5hwIv9
364,364,insert,four____,____4634,NtRVojZKXoc5VDXJKlcmHj06ckTw2ZSbAGYtkdyt8k0ME4TUs9JiscB
364,364,insert,zero____,____4635,mG7BjOGNyI6HKBtOpWDWURzd4ocnebYfN0qOW5SF6rPUcYK4dn7bcGigRb
364,364,commit,,,

365,365,insert,one_____,____4636,cw23zFhXD92wtrRX9jboqBXZDNXPmMfWjnssUWeyu2QIQx
365,365,insert,zero____,____4637,vKQOILN1AOPPhxXEjSzZBoYrwYRQe8KfautT2H67XS8Z
365,365,insert,one_____,____4638,OW0NIech9Aa5PxOxqbDAlv9H5us6HtsFcjttKDNViKxAfcWkCNmZrpaMffqlNVnb
365,365,insert,one_____,____4639,5hCc9aDwX1pjFzxMjYJLYXTdNlVbU8sDkGkgPzeDrhEykCuRvR86y
365,365,insert,three___,____4640,SBJ0HYNmZIymBrpckPNnKToldyBrjOGXk6yyvgvbf
365,365,insert,two_____,____4641,NJpdony6PPJoROXrpVuogwugon1T4YFLsG1rglkXRqHBQ2E
365,365,insert,zero____,____4642,aK7irqaDdhCM7jAdjr90gmfpDq4Wc2rJoc42zfP
365,365,insert,zero____,____4643,9zZpQljF47zob7u4wt5Yt7ryUlx2SeCaWpo8SeJa4Njv4HHTHAQvc
365,365,insert,four____,____4644,6M9BOO4ByT7AWtEHdLmXojR92EyE3Jw3
365,365,commit,,,

366,366,insert,four____,____4645,720YKZwmEGnChL9QplDFZl49AuIK9TlKeOWlF
366,366,insert,two_____,____4646,CfXeXkiCr5qldcjzJ7bBEYGi6q008mhDZU8Ye2uDisZQM7nQYw1gZ6Wr
366,366,insert,two_____,____4647,fYcNy8bsCAzHnake8O9AoKT6ZgHt5K3WXAVCtXiGaQFRXMDzsFiP
366,366,insert,one_____,____4648,RqyOYmoBygzUoBrcK6dgMABwozpK3Phe
366,366,insert,two_____,____4649,mZNtLVDO7ETA6MjgEpOS0jVlG3q3oYIdtT0StRifGi2C85r3jTxQE6bIBh
366,366,insert,three___,____4650,FGarhq9rnW38tjIicHRUHFEdZXyhhjr0wnIJgXGZWutrRax1A2ajzYCGiRp7O
366,366,insert,three___,____4651,fDznTGRWTYa9yrQyWhHssVpx0ehEb6UERvMM6sos641oMFmpTvllpfauU9
366,366,insert,three___,____4652,K7Ix7AG6JlfZnhYPC1SiFDohjKeVll0wVjhm9tlIVLwmldHSuna0
366,366,insert,one_____,____4653,E09BO0vP0YrZvswnAyuZ1h6AgvkhoBd3zAv3aCUfZz6THPF8vcCVj
366,366,insert,two_____,____4654,vJvIzBLYhpZPZvXF9Q2aMhT84OM0bbH8u
366,366,insert,one_____,____4655,MQk8zfsh0goeHR4pOHHxvQ8jqDIFWDgM6qndr
366,366,commit,,,

367,367,insert,three___,____4656,V98ZyPCNXyTOXfbcI4h3JflpifaPXEDXxdXlIO2nabPJ
367,367,insert,three___,____4657,taeZXphag2j2Jrty4fVBscXufQDF6pzyG
367,367,insert,three___,____4658,ZWMQ3c0Lch5EOKKpJa6dECndLLlIOgEkAH8XGw9I6tBkl
367,367,insert,two_____,____4659,OJxQD8dAlc1OklUHSVU6QwPW2pvUCw8tBVEvjXi0fU2eXxsomUNWOnRBFdvN
367,367,insert,three___,____4660,KKX4CB0dt0iX2nPblpGqhRdOMG0Fj9BnyMcBCvhmE
367,367,insert,zero____,____4661,083WXF8oBVNTvr1HHDdIEcfMCLkAZvdPTPF
367,367,insert,one_____,____4662,NYtDyVUt8JAynmsgZYyJhBxHWhsDHDxf2J
367,367,insert,four____,____4663,ROAHz7sjYM37cVcF5R58GHEotX9do2Yf9Ws33iFRCdYEPYyj0yi
367,367,commit,,,

368,368,insert,two_____,____4664,wxR5DliFKGk22oJmNADaY17XHQ7uh5AXsUFydWRt0z8vOrOgHwcfqK22
368,368,insert,three___,____4665,qD2PaEEpwWP1yrRD7x16buw2Al58q31KTxH9Jw
368,368,insert,one_____,____4666,xJrSb91yzNTDjyOdEweKm4PCAnufLAmLRGjCxG4eAjj
368,368,insert,zero____,____4667,zhO07DjczPcRDRK6qJeaJpR9j6X7ydazCh22gkPOxBDlXC1
368,368,insert,three___,____4668,SUrwBZUAcXQ2BfzXLPGmLSk3eGZhX8VVYANpOT8as
368,368,insert,four____,____4669,1qI6SUd2Evt20laH4IbP6UAWhk79xL92BKN2rHKTUCoPS0LRDYRr7v
368,368,insert,zero____,____4670,brPFNagZlQ8VeBaP8l3JxrcPAGKGpBFFoofJEXjxkhK
368,368,insert,three___,____4671,bPKxN6FdksbJu2Ofd8CeQtOn52miUDCWDe
368,368,commit,,,

369,369,insert,four____,____4672,KPfNYEqBGv96Vo9QUUahCUHIIDJWgyXjTN8JhUFZAg1kUfGvbldxPR
369,369,insert,two_____,____4673,98FCrpl8mTnogq0Jh2kptAsDnYY14HoCD4
369,369,insert,three___,____4674,fhExidxav8DcGX9o9jy0HAbxQY4aBbp8Ob
369,369,insert,four____,____4675,9fmcPaLNhGFFA38hQdZt7ZEXNPLqkct3LHr7lqLTKDVT6ORAvSrmm8dAA
369,369,insert,one_____,____4676,y7RQSpmtgAxWOU7sMRmPlYqOdjaOdJnuFbfpR1JH0nKcZsLJH5SlyFEUje4zyH2
369,369,insert,three___,____4677,wHWR0KJ60DNcGuz2ryrXkPPT66pmHU1X9CrXNj2GMAKwSP6vG8z6taAyXJjd
369,369,insert,one_____,____4678,NpWz9rhWOAp1DITCDYn4hRS6E2KQ2KpCE
369,369,insert,one_____,____4679,xjyEYraFV2Z1DksMVbd1qTNLthDeqftw2ldRnjYopk
369,369,insert,three___,____4680,OMoRmSvdqJ94jxuVl5tyvkOaszpXX2vbuTHD2G
369,369,insert,four____,____4681,sRa3scnS764XcJtwzoBCWDjfgV7mnXzdP5k2QwVpQDZD2dh6Sj752jITHNi
369,369,commit,,,

370,370,insert,two_____,____4682,Vtw3Vq2ZarohVeClbbl6zfUDICxqluDvLDI6nWxU1ei6yRvDZWQs9IsmGL0
370,370,insert,zero____,____4683,TcqiNFdk1V2BYks1nUaUcjo5V0t2AeQroUN0cVtZwP
370,370,insert,four____,____4684,gwecyoL2ui6TlEHzF25VI6zoDPshBn6iWnD2B6W98zmLPHl7CKfYHvH
370,370,insert,four____,____4685,TWNdRCHcO9Yls2A0EyhFZrtRYGtEnwloHQVjfzL08ludYwkzbjr6riCh4J8qP18d
370,370,insert,one_____,____4686,8cS64axTHCgQlbjlRN55E7pHBaixz72wMa3
370,370,insert,one_____,____4687,LYhRIhwPkC1nOxOYB2yJ1orcHsa7qeExtuAtFFHM0SGQMrttXvbutLb
370,370,insert,one_____,____4688,3m8VhPiG3rdOhxV54QJamJp8FZ4PJ53vDofUoTRxYWbanpnmsrVcR1
370,370,insert,three___,____4689,vaDfodS4mriakc5bcdxTBGn18mgGyMC1xKP5zjRygjKmkdqatzyW
370,370,insert,two_____,____4690,y8Ov7cHZwJVlPRv8i9j8p9lnxr0jxhzLjrmDikLTgWFHZLpO
370,370,insert,one_____,____4691,qQ3Jcde4R5sgZ9YXEuwaxdWw0KhYnOwvsel7SPF363CgFm2IJf
370,370,insert,three___,____4692,v3GUaGR3OA3AfqKDCFMqaPkizFe5kOBCgiLZojJknrSg94OkSzPqP5XOcE
370,370,commit,,,

371,371,insert,four____,____4693,paR9yNWN4CYYwm3zkRTdinGChDNreUiItW9BcBow4iCmNT824TOSJktLtEBvFL3w
371,371,insert,three___,____4694,646RIv28nhGKcqOt0e79fughBjIr3m1BLFiAeA
371,371,insert,three___,____4695,soBVpbgCQopFnB2IXMY3mkO4WfIcir25rJ8ec3LEq79eKo
371,371,insert,zero____,____4696,1qtZn3rmyP9kpMaaa13S1o40owAU4hkxojU6
371,371,insert,one_____,____4697,Ut3VnvkWznctyG73IZLt8FfAOOsbvBCggz8HU
371,371,insert,zero____,____4698,0Xjs71XAoVhugZEaHXEqRvkgzAjZnsGM6oI35daNTsy0lYsyKEi33UvUJysIeZXO
371,371,insert,one_____,____4699,2osD7A7fa1bwoCCoDBIqZkR4maSCY34UeCgR50JPfLXHrZ05AfhPkcFIRn
371,371,insert,three___,____4700,i5XPstzTOpCZlunw3bxyb67sIgGbzq4FnpSQjcBAK916KAGg
371,371,insert,four____,____4701,6pUeTQ9slLiTVXCYqFlGfycIGEi0CcFQIRLZz0MVoN0TZ7WXdmNB9kuIRLb
371,371,insert,three___,____4702,CCk40HR2rG3qksQUmfnET4RnXIznRGfngKH7QTHMb3dTuhiPQ55U9zKAq
371,371,insert,zero____,____4703,ytqSHtDg4fu1bNpEW7sDaJ4tmN6cbOcjxLkcfY06rC9tPRMzSp30PZtg4EofTe
371,371,commit,,,

372,372,insert,four____,____4704,qjC0xHIUU5RKBYpUfdyYTFvLi6KSdEvLM75HEQGG2Ddd2
372,372,insert,three___,____4705,tzfT0SF6mI6OuFudD1koLRulJ4rwUhYFtvQW82qd3RVI
372,372,insert,three___,____4706,nqdDs9bI5kpA4wAOSQeDitUK1TeGlHIIrAFXyxffzl7ZUhMMlRF
372,372,insert,four____,____4707,RPp6xqR6n46h3T2IdiHTJbSX8VI2wbf7oCWauLVD2O27lxvgOWeMr
372,372,insert,four____,____4708,j6ivGf355yUHlDq1OABkFxWu2V4iuAAQGDkrmQ64gPw5snYvP8
372,372,insert,one_____,____4709,faYwQUsCAhdbL8MEHbdvB1gpU98p6IOptugd3i
372,372,insert,zero____,____4710,SmPCSuIIhdRCYa6l12rjOBUKXUIUj1LoBQjEby0BYnmXc0Tk1s34Z3xD1j9LMil
372,372,insert,three___,____4711,HAfbpxDeYaoISNGXRHzL3tNrBRPB9b13nMbRKUlCi6HMlKL1gOfWk
372,372,insert,two_____,____4712,K5vQEP03FYRczSc1JUTe64ebOCH7tLASYZkHyorWdm
372,372,insert,four____,____4713,F1NcATj9m0lpovbDhcXwDGxUGWCJ7rOBRdTceAC6UYaKqXtUAJ6q7LXa2QSO
372,372,insert,two_____,____4714,8GjAe0J9nbitTyHk9QnfCmqObMJbUS4SQkOQGdzYWQP5G7mQz
372,372,insert,two_____,____4715,t2z4fHGoDaxxdhiJ7ET7mPGTzVJqvUnURgzVGxZAGGMUDUjhsWuYmtMizyNCwTo
372,372,commit,,,

373,373,insert,two_____,____4716,n0HwO2HbH8HDNDUHNYIlkHBmFsVsy5IAOGIyYU2eIIW4WfGZ
373,373,insert,zero____,____4717,dKNZXu7z7Aim2neJTAW8XWYhSgEIV018Xpp9YK5nPQ
373,373,insert,four____,____4718,zgMOqVzB3rNFPGh1RjFN1XeWThaEYRhCEgovTJB9X9GV72jOpQ8nZ4r
373,373,insert,two_____,____4719,azHNOYcn8TFUtYbfYfKoi0gpKnlqy1MSefhcc5SqSJabZc8
373,373,insert,two_____,____4720,r9FwTDhEV1NSGlgP56uBzaZMF234lbycCbQlSujjKix6zTjupcnvWFF3bvcdJyS
373,373,insert,one_____,____4721,6MNTGewXIEqgtru4lDH5ytd0PUi5y0hCW5sK4jHRnwKjofXshg4DOBS
373,373,insert,one_____,____4722,BRX3q9Qu6dtW6lKiruI5N5RsqyhwaXR77LnM9LEUhKmey4qsrVpQxTjD2V93
373,373,insert,one_____,____4723,xBSrk9L3MKcjtl690YXm0Y9DhWLIH3eVdc94
373,373,commit,,,

374,374,insert,two_____,____4724,FdKC6K438GbX0RSzh5YoDpLtV8f3RREiVChSWDnvUj4Yavvqfcb7kb
374,374,insert,zero____,____4725,fgxJCayVZvgChJGBmIHohp8d97GEl7Nmz2jvlwiSzhROf
374,374,insert,zero____,____4726,zV3fyGYEFgUCEsgPfDsMjJVs0FvcgwxWRYIBToox81
374,374,insert,three___,____4727,vv6XD0pYcHeAHe36pLbkQniABRBQy7lnmWEf41rP1OTxdlee
374,374,insert,four____,____4728,IsuNToeRP6PmzjDJqPUSR84G4YQkGuzC0TqZqWBuSPJl8ISwQBZrGdEt5ChNO
374,374,insert,zero____,____4729,yInmq76NFTcDNYM4ywxw3k5gOeXUkB9d0nd6m7x2Hpx7wbNCKf
374,374,insert,zero____,____4730,bo4iAxpeDq7KFSWseQsmDGDVuEfnHA8HDlCf4OLUGLLxwyLfP
374,374,insert,zero____,____4731,CAiIDc9N6ahu0DDvdCyHem55jhQaZpM3K711
374,374,insert,zero____,____4732,84sUt9OVk26mNTcK8mJ12WJTrAwhUzsHKsq1Fo3C0st8KN8u580KWwql1UOvZG
374,374,insert,one_____,____4733,BF032xMY1qVzuourCDUESHRSFxx2eovx7cCvktrZLH
374,374,insert,zero____,____4734,NfQlveW6BF6jhkusakaddFCV5qzZv2xsEUM0pX5XMDxNeyBa45og5oegsqf2YwA
374,374,insert,one_____,____4735,U0V8siAkEmALof2SZU6jxXJDFmY2UoAhnFpNG71iRKmi
374,374,commit,,,

375,375,insert,zero____,____4736,t9K9Xitck4teRIhyHsrB4MVclwlRaZf5BIjnMz1deUIzHMh77EI1Xvj
375,375,insert,two_____,____4737,7ipGEelXWSt9vSB1O9zr9hJqFmHmltHJ3u68ph
375,375,insert,zero____,____4738,d3D2JtXHV83KfvLloRJuHEM4utAy3irLpGqkKefu3G9nk0ut
375,375,insert,three___,____4739,8A0knZW9368ZRCbSheDJIf13PEa79Gds
375,375,insert,zero____,____4740,OjGkQ5nXsnvyG8JLwrj1VdlbA6PJV7KjzlYDC
375,375,insert,two_____,____4741,GMmAhYtrQIV0KwfkN9yrLNV7zqHDxmpUTE4NCY744UoEwqCxQWcxncFJv
375,375,insert,three___,____4742,W92iNSeNjnzMIqQcNUJfK46oYn8xcLefvSYuefO
375,375,insert,zero____,____4743,4Rksmi6uteLd6lmLap16gTvV8CPRfd0FP1
375,375,commit,,,

376,376,insert,four____,____4744,g0H2R3y6Y3ryV12oobncYJqElSEf4juy9dyNqw5dYarL0Qay4z9PGzdDVc3qlxj
376,376,insert,four____,____4745,RsgPUesizol6Txz6FInSRYvP4e5wynfFYM6FCQOPuQJMQ
376,376,insert,two_____,____4746,TF6MoIxm4G73FZRZSMWzphE4g37Zri3nG0tyQ3xf
376,376,insert,zero____,____4747,2bl3AXU5uID2nCM1xyzYNMs1s5ULejePgUQZVGBQZla2ZasdZkcpuS
376,376,insert,two_____,____4748,ZJBOyhcDepLOUv7B1BmEZWEPkZF4ypU8Kgl0gGGhf4h06pHPvNvJQkuvSl
376,376,insert,two_____,____4749,wM4TKdVzTe6ePKiIUXCAYsPyTmJ7QDFtOW9VzOeASSVlwzjpu
376,376,insert,zero____,____4750,Gzd7Tbi0pnD7NFCtn4nesJUCu47J1nvzPtb
376,376,insert,two_____,____4751,K9EL31eIHaYD5BYrLObCSbxLPLnus8KUdhBD9Ak5rXI1F35rXGJ8WuZ
376,376,commit,,,

377,377,insert,four____,____4752,05AtRwVJAGxe1BZHSTj3ShLKtsjEDlohL6xXAs0ZbTR
377,377,insert,zero____,____4753,hcXLX173zHnPWsL0MOSE4C2MgNpczgDc1PNC1D4cR3nbQ24AcyQHTGdSaQr
377,377,insert,one_____,____4754,IRQBbfHCmHX3aneEYvvFg7izFJw5bgCVpMIuzxxjnqP4u0rJGsMaUP
377,377,insert,one_____,____4755,7exQxpfP2LAxjvDAjGJOTnKp0TtCYWf84ZQ9CqMDy81OPzrk1aFXT8nsM
377,377,insert,two_____,____4756,iLmvYzxiUAFmE3lU7nXxlEEiIZNcUPzivbAgmZzNKojrP3cv
377,377,insert,zero____,____4757,o4nmQaWam9IqO5JBJVRbqC8ZEpGpeWyNynEvDkKvPHG
377,377,insert,three___,____4758,8Nq2IliCJO2LhEW61BY1LR5nEml12vQAG3GezZk2dzKvvppOigLjkpQJXWHd
377,377,insert,four____,____4759,hJ9NX6ZAhUBlZhPiTQX19s9O9I0yKg6vRA4Nxne
377,377,insert,zero____,____4760,Hs6pkiGyQOhAcllfZrN218iN2n7hM1eQ6U6iKgl
377,377,insert,three___,____4761,Jgl5HanCcQHoyhOkLJlAuQLm6RRDwKbIuG2PjxlR7ACPn6xTFBhfCpnkdNB
377,377,insert,four____,____4762,a4MTY7vQYluZ8Rpt5cTHg7y8UbrWzTAFVPrU1MkzdBK6l6bEAga4
377,377,insert,four____,____4763,MGM6rl1qDV8LBcjdap3PAD6Ke5Fqy74KfJE6zbxF8kEVwHkeaZaqbS
377,377,commit,,,

378,378,insert,four____,____4764,cGLBuM1GlXwP9LlWYBtKBJYxiimNXNS0dOLWI5D8fA8IKQUJ5VL
378,378,insert,four____,____4765,TXjbtIHJQoy0jVax1PmpLm0mYauiJ4J88x4zThIpeOOpB
378,378,insert,two_____,____4766,f2P5WLMxCbyzhYkhmaNn47OcivqFNaObt2OON2gi7Yr68boqzfXS2bXBJ4DVd
378,378,insert,two_____,____4767,t94yxqfP1RQcWVX4JN97Lq6YlPi4gotTnCSUTcysJ
378,378,insert,one_____,____4768,pXXXvbIPUDBqFSayPQCXAhQMOQZsFHxNfJbB5qJkfpVGI7IVOVN3wv7Od
378,378,insert,two_____,____4769,oYthOzczC2WkGF0bLM28e1a74B9V0rzl7VBd
378,378,insert,one_____,____4770,pEV7aPSYKKtJl1QpQcXU4nDhcL04kDGZnItJ
378,378,insert,four____,____4771,BvQvF43Esx0RqWxaYCdaziQ3gZYX1uzBwvDmhTY
378,378,insert,zero____,____4772,G6KLGf9PJVw7eaGHVwhV3etEpJsxSuFrBBC2OrCXBWngWbSBoyFF7ij8LQ
378,378,insert,zero____,____4773,sgCBFyBQjUtCpaf6h3rnkGqXamqq3oDR7qo4WMikH3pVdqGee930eY
378,378,insert,two_____,____4774,XhfQDsmWFmf3EkhwkSlQRZGbl9Lb98io5hMuIMcAAChbilatXVi2zKK
378,378,insert,zero____,____4775,yF7APpbJCgtqfH2SJXnh5VWuNOIegPFPQWC2buuJ9ujGPoCxdU3
378,378,commit,,,

379,379,insert,three___,____4776,TOwnmnOg4xQg7vCu8gGv2Zvw00FedwEHnMpWfwX
379,379,insert,four____,____4777,SPJIKv61CKVFhiFsmASvSIcoVkcCGU7o
379,379,insert,zero____,____4778,8UEYC705vKva3jT5TjSaVCN7PquCOXSSmqqb
379,379,insert,one_____,____4779,IsAgSUt2Ye1jHZ39EiDdmbF0QgT5SnNcvS1ImdSt2VhoecI7om6iJYB4
379,379,insert,three___,____4780,ZmOPRSi8nLUfJyn1bhnmg7GgoEQT8Oq60uLWAgywb99RN3J
379,379,insert,two_____,____4781,UHE2F10K6eIlkTEIfDwQXRlHlvqtKzfycw
379,379,insert,three___,____4782,Mly88FgXwWhRCB6kFWEmygp9yLXvVxvmK63RWgNc4oRShbZX241pdML2pF2mOqCC
379,379,insert,two_____,____4783,ajsE345ObjBnka4jIo2uKyI6kUiQwOPO8Cqk4qzV5
379,379,commit,,,

380,380,insert,three___,____4784,qBByuA4h92RcrETuVhqkwBUx844M8xx0Wek0wFS8Mv
380,380,insert,three___,____4785,2ur9jtefkdXhUH4kHu0wZROCKnBQh4lfH
380,380,insert,three___,____4786,abKqMl8ITeMVJsZXCdiHdFGVJhhNQSe0VmDfc5KL
380,380,insert,four____,____4787,UPHpqnu1nUcus2GxCxT1cZIGirWIslFJJmGtGCEzYtxuaKKPHD3jGNIQX9C9gfZ
380,380,insert,four____,____4788,fdLxAra6qTNhey7tRsUHAMCvrhHiO3sWvpTmSf
380,380,insert,zero____,____4789,kagwNMb946zJoFdCXSgtFarglIuLFfyIMFxtNp6p8TW26dTR7me3D
380,380,insert,zero____,____4790,9wc6gpBCgPGPuToHygW3B7uc7jGTbJcHqyWF
380,380,insert,four____,____4791,yAEFkuzLuRnbFcIBvZJ32ogIKRqb5BhpMKTHR86H
380,380,insert,three___,____4792,drRBmTdHYEzTwqSlEawqgqdQt7XpAvib70NQQ4ZOcYPle
380,380,insert,three___,____4793,J0HPo6zgijc9NbvDgoCBiOWEC6McMcQtzK1te416
380,380,insert,zero____,____4794,rNqQCT1NpImsZrBG921ibS826XXTIY4XuhJrPl5oNI1QTKu1PJn
380,380,commit,,,

381,381,insert,four____,____4795,OEzKVOcxOauppXyRTyxUT3L5zmffcyWZJ9oK12ctXqwWcfSJvKmpbPGz
381,381,insert,zero____,____4796,b5MPFvPEygbjlPJNHlj8Yv43ijZKfrw8bOCkiIaIiVlkvddDOz
381,381,insert,four____,____4797,yN5wo3WunY1hSLDe042kiWd5uFEfuXiCtFRVpd1DQcxx
381,381,insert,zero____,____4798,qpRk1pxECIhbwwT3QqfcaIVwVI2fyQfnTH7ubvhZnpiC0k2LlFOcrmpU
381,381,insert,zero____,____4799,mnkXv6FTgGM2754EH5KsN9qhtnQ9lDn6LR0QZyOdkpHxgPoegJk
381,381,insert,one_____,____4800,B2IFtxum6DFuCfL6sMuPG9tI48giAdLgj0kVJMCJwX
381,381,insert,one_____,____4801,hb80MJPIM1XhKAZhCko8c5xIeMqAt5K5wN3CorMLWoiRpTGFfpuv1ictkb
381,381,insert,one_____,____4802,luO053G611KWw7fTTDKEGMxZVvVbPERxAc7Y7Rk1yV4SpjQsolof
381,381,insert,three___,____4803,7i5jwJAI8TdoNwjLezNtkFuhy13JlG7QcjzxMbgztZcGed9roJozTDEDk63g
381,381,insert,three___,____4804,wfFtE7KQ2OsqEMgCGne3Dy3vptmKPTWWie30aubRqXNRNEGC0CwlIlg6kM
381,381,insert,two_____,____4805,HnDcK5pL0pbovIeiBC1ApdWQ86SBZ9UIbWQ
381,381,insert,three___,____4806,rPlrxdFQ9x8uqEKLJZDEDGqKgtLbo1mUILR
381,381,commit,,,

382,382,insert,zero____,____4807,v4l6DXtk34EyjW8PO7IlO2EEy18Wd7ygT6aLfo
382,382,insert,two_____,____4808,N8aHaZ8DU2wrUd0wL5yTn7QUKVH5wmkkttLIiYgq37v21ms7vM6
382,382,insert,three___,____4809,EVzCnBurfkzMswX9k0Ew7DeoSEf4Xb646Pj1k8uXKr062N
382,382,insert,zero____,____4810,C4yvrXaEqkCleLm5VwjJDKUDRKGl5ZWU
382,382,insert,four____,____4811,AqA8dRI0ZXI82UY3LySyFl1I9oQ4UgZSOHmTx6iB5ozLJ
382,382,insert,two_____,____4812,s18PyomkTMzC2D8NzOYBoJ6pUzk9PjiW0jwAJh
382,382,insert,zero____,____4813,ZbTokW3H0S9JtWO0RLsl2VqgPFbEQkOsVt28nDQ2OLfQEYPPPhE
382,382,insert,four____,____4814,DXHgMVk8X4sal0MnW8MhlKH40T4d0DlVwyqf4xWtuCKHfIKW0aCS
382,382,insert,three___,____4815,oh9pGtgxN0v3H8v2iGUJpnDI09Gf1cc1HwW8fVL7CKvW7yb485ORS2aaLvABKJY
382,382,insert,three___,____4816,amEMa5wwhV7L89hKbcgR6V2jXs2mrkVkXYxvNw9N75w0DllJvgZXfgimptV
382,382,insert,three___,____4817,Ks4oP3ZPNhDHcZQvoeiEDO0VJS8yLZJu7l7dJvkMNm
382,382,commit,,,

383,383,insert,zero____,____4818,KE6cbzsjQ5PrE7JTMNJDfxjxf4BBQ2f1Ss
383,383,insert,four____,____4819,2jl9Qhv3gIIqaxeH45JGVqQed3CfdaqTYmiXyZmThPeC1f
383,383,insert,four____,____4820,u5ekjNeYBohHB0DWmRofP1eUQ3oFArikBLBIcs
383,383,insert,four____,____4821,CfOzVPyn5bKkwvGm28u216tDYFagywy6q6HrjyNINF
383,383,insert,two_____,____4822,uzld2gU1v1OYxcjN0gd4CBO16v3uCD1qwbjiphkyjRCRY1THnylGtf5KcAA
383,383,insert,one_____,____4823,5khvqs05R1c1y39rKmjzwxX6U4Xu3LGLDtNi5QCPYZDvAiDEGYALklx
383,383,insert,two_____,____4824,qLdirCUKz6SbE1osTmtox6ZlJ8erGkhgzypPtrZW1hwadx
383,383,insert,three___,____4825,pJoDzHjuNtQH5NYwdzO7VP4koGmzUeYmXXT4T4Y
383,383,commit,,,

384,384,insert,one_____,____4826,ZF00UsuF0Qx1ba07ySweWI0VLEiT3JegzuEYJBjZ1ILMBfRgPloz
384,384,insert,four____,____4827,k8hNY1IZLWxD9FV8cie3tJTj0e9KBgLDAEzKB8Hdw
384,384,insert,three___,____4828,EyAWvHaMuD130i4gcRrjxVC2hB3JZc9MQ8HLHY0a5xk2hXvmqJRB4ryushVBD6
384,384,insert,two_____,____4829,HvYnJaNWvFEGKDwT3U20p4edfXc7DwWgImNheYZZab1cKBycUfO52
384,384,insert,four____,____4830,FSXhm4zGx0ACIaurGHi3CJNYnJ5amkHxT
384,384,insert,zero____,____4831,9MRFvdcyzMs9rNJd9pn3yEvFszNC6zMdKuZ
384,384,insert,three___,____4832,ok2TnmKgUv2xYtZn8qA1RvZCfD7K32rvPsvlIg7tkiRKx
384,384,insert,zero____,____4833,ysTI1aq46f2UlQ3C2uZZ4KxmvfrwM0rnhkb
384,384,insert,four____,____4834,cBAjB8O1LMlxgGBbyktAgrvpGkI86ktqzqW1PX7ZSNWmFJ19ZDXQmQJV04
384,384,insert,three___,____4835,27CwUoyfeSmMulgXCs7rsiojLEetUbX465bizkk5zYySaXiAG
384,384,insert,three___,____4836,u8Xqm8CmK2GCiQkPptpcaf41vdrNmMquloe7rih0KZ03IutOGBcejoIxXipg9Nvg
384,384,commit,,,

385,385,insert,four____,____4837,Sy9OswPROulkLpIqeNy8eceFX13MCHKZsB21OP
385,385,insert,three___,____4838,ymWTcZCAEoMKu4mjUGRBF06D767axiz7s3A2ZU8HC7
385,385,insert,four____,____4839,1RfqvvO7ds2g0TlkEWQZ1Iid1WUVTHfgkxxDFInIOqY361NdT8UnvR
385,385,insert,one_____,____4840,sP6pydpQiFUCK9ADOtnEohJWrmJpio35APaka4ukYdfi0XeBY
385,385,insert,two_____,____4841,4qXXFtJ2u69hJrYG7IW82Tf75ptgIhuVMqoiqcp0bc1sVtpiUK9s
385,385,insert,four____,____4842,kp4SswD8KVbNbAoSlike8DjPEvouFUFXxp8S
385,385,insert,zero____,____4843,4yVoBcmIe9KH6nDGqw0Xd2hCXtJOjTat8
385,385,insert,two_____,____4844,s0bylT0AKbB3VDQJoxtOcUP4jo3gC2TiL1Ir0t5qGtX9UETCGDvdDFElJU2jAZ
385,385,insert,three___,____4845,pS29WWCFsbGimYs3mDMiDbbHr9XjrnZcXG
385,385,commit,,,

386,386,insert,zero____,____4846,5TtueUWSZieUiPO9WOFAvQJfF4eygiN2lrpDIVi4Pm18zAdfl0U
386,386,insert,zero____,____4847,vZAx9rU6BvGfyPD8O5p4mCXy9ZU7LAIG
386,386,insert,four____,____4848,oKr2E16U7JJfQOcBZz9GS2EkMRtOeIWvxbqqfbuCS
386,386,insert,four____,____4849,1TooQie5gxZzxi0Iz5N70MqYT51PHqAF93tE1gIZL0sV
386,386,insert,one_____,____4850,hzIVulqcV9fmknP6gB2dSbl6i4zvFLs0kehN6RzfUxwvH3PF
386,386,insert,one_____,____4851,UXcnYtli5FMUBiIfkhHa5SOwMbdSOy5sgd6odLrP4hJ
386,386,insert,one_____,____4852,SRS8JtGNHNwfbda272leIA3hw91lBKUJnG6IJKuqIJYwTeZr1U2zAVR
386,386,insert,four____,____4853,jfGkewUhhbnYSDNY2bh2CM07ppAQqhZYnZUdYDB4q4jJmsaluzKIXIY
386,386,insert,two_____,____4854,eLrn03tAnumvXKUumOxtti3veMbVMrnmQ9IJVWK2uQqJH
386,386,commit,,,

387,387,insert,two_____,____4855,rFygAjDd97dfYIKywW4WnybMuKfsnlJeL6pLIq6hV6tra3wIH
387,387,insert,zero____,____4856,q8kgmiG5NLv9EGc9wQRiWgBcuGhMIXbEujuJXDeGs7
387,387,insert,three___,____4857,KM3Tdnd00pqi9IjkQ4noFXJ30WLwxMzWAd0NjXWepLUX4d65D
387,387,insert,two_____,____4858,F4A2UVhfPARK4NvchgLEWIRQhhDNbnh5y6HLwDFdR3Hggsarli
387,387,insert,three___,____4859,JvNG92ihA9WWiQX4ZXMfjQ6JVWhDTnEgOoWHM3fk3abygac8TJPbYsOd
387,387,insert,one_____,____4860,DR0jm7XSV6PAHpMclSNci2qTxUvENLCIdYAmEnrAqtwN43NpbJfUb5Bd0wO
387,387,insert,two_____,____4861,xpGYUVjEVa3GihK3VSNNL7ofFnQeSCrZ0T1UJcpVqcp8MHYmOLmEfag5buVqvX
387,387,insert,one_____,____4862,5MYZUXAAftwmTCISeFefYkwwiBVH7f5nwboCCNngygPV8poTb1Cdr6D8Fvei1
387,387,insert,one_____,____4863,PX2IYpk9YleqNc8zFvQJKNaON3P0dQxelsQbhLWL4eyonD2YscZphAavvr
387,387,insert,two_____,____4864,Okh1JhxI2YCaqWmmwfJjspuLwvVxuCG1p7BvOeDgfb9T
387,387,commit,,,

388,388,insert,four____,____4865,Ejsdva1sGnPM4iyvFxPJd0rGYgAZFP9zNtpvqmF7FNFJrrXJVZ6R98nb49K
388,388,insert,three___,____4866,rclS3A48n6MyuzeI3qXA0V6qSO8lRpLroYhr7V29WmgTMZw7
388,388,insert,four____,____4867,7MdoUsGxusGVuGFpTMPXKzXhfu9JWTV1a4a3nlZuy67twPzL7GHyvOh
388,388,insert,two_____,____4868,L8qdEAWGgOp4zaosEEZ6bynE4edAyN0CkN
388,388,insert,one_____,____4869,Ck6C97fEWGvXCU7X0cpZAXJ78zJpdKtn1CvUuh
388,388,insert,zero____,____4870,P3OSER6xesz7QACylwuDlkz45wBmludlvNNFbszLFFMIV01IjxrZayZfFU9sbQ5m
388,388,insert,one_____,____4871,Bn8YXoZLSGfW3pU6vTFoLWDkusd0lDMzOBJ1ghq0tmmVH6V10bYLTegn
388,388,insert,four____,____4872,yJvy4ZtnV9NGfZRmcz7K18bmUU90zndwwJuFpbp8y9aXGEeWhe4DvfkjO6IaqGG
388,388,insert,three___,____4873,NGnM3EWqcVKDQHjhkUm2HdeAhN5cOxDU971cb1VbaT4wqGmh1m1X374S0X
388,388,insert,zero____,____4874,TJZdwoFNGVvfJxOb8WjTqzkGq4S3ITwGPOvBjUtLvH
388,388,commit,,,

389,389,insert,four____,____4875,y93pG327rxdKs8oCdhULiSiUAsOVkNfrZe7DG2PZo7X0a1p2nsWL7R9uANo
389,389,insert,three___,____4876,zUvBWE4iPpyLTG4WYRl8feQKq1Vk82GDP6
389,389,insert,one_____,____4877,O3mYyJIAjLW8XUV7CTgXQReC9Tb1AXJq
389,389,insert,zero____,____4878,mLAZfb31SyndrY2QaqKdP0ESdqvhQZJ7biD9bWR94OW5rmmCPbisVixh0vG8
389,389,insert,four____,____4879,9t47cYbmzFkb2pjMDysdkQ2XmyDzhf8APp70PL4tOebNZYWUIAu
389,389,insert,zero____,____4880,BLGFUXtjr1rBCk3uMP3tXzlLRbP5b1IAY9joQvcT1CJk6HqJfnvvK
389,389,insert,zero____,____4881,NSngE3C1l49XTpj8VX8bkJfD8NHaaNYNXjo8DWokIvdYuq
389,389,insert,one_____,____4882,PrRbol8ifATyXvJmu6tpWcHkEY6aM3gI7sTxrNig9NFB2R5g2uZw2zWvhE9LPaoA
389,389,insert,four____,____4883,oi89kJpLmrK2yZXoWVHX2M4qE2hLnUNSPiM2iNQky8dYbvkmzNGJ8C
389,389,insert,two_____,____4884,CETxN9iFqzfpQ7swc5kcj46X2arwuaG5DP
389,389,insert,four____,____4885,JvwJssLOZ0fjfMDSav0qZVtUqij1irNV
389,389,insert,three___,____4886,McaZBxoQSRfoTlkjHCtIvR8YRq98BKKY
389,389,commit,,,

390,390,insert,zero____,____4887,XsN7LFgkXBT7qzb4bFhGtGnJRXeJ5igzG4xTv4sZ4anbGG
390,390,insert,one_____,____4888,txmddxWP1AMQK3V6FX9vTgYgJewdNvKt9A2NoNbrg1CSvu8sD6
390,390,insert,four____,____4889,hPDOLoCLu0XGa5Ejdt9DhjpOGS4dUxBRoSZTjlc
390,390,insert,one_____,____4890,wnlksUQ9OKLWpawchnfX59OYeuubTACH1Je3SgSoyKjnkS5cs2Q3BnQXcBoMnpNX
390,390,insert,three___,____4891,EmqCRV6neVhi5sZ5t9eFETmubETuJKNTYNZN1cC1
390,390,insert,one_____,____4892,yRdkgYNJlykQn8ghpfxSvWC3CF18XThhOsFoAZ8EHAkFKLb4yejMU
390,390,insert,one_____,____4893,Z3Lr2HlvIibbMB6BIOQ4GySMLkbMLEvNhvgTKyFCNKBLD8qsB
390,390,insert,one_____,____4894,am3VhDIb6Kd3j9qJ0dYgMO3nRkeUQhrTinP5cfDizcwgOvRDToQi7EOrocSf
390,390,commit,,,

391,391,insert,zero____,____4895,zfvgnglMhmB0ykmrS3gevaq8Yr4Xh2Afm1KPjYXk87vRsCTxtdU
391,391,insert,zero____,____4896,9v8BTRRc4xrcxnqkAaEkJkAjkx6UQXUbM65h8
391,391,insert,two_____,____4897,flStfucK4rrHRFzU1kUi2Xsb8GGRhaXBYHogVgf0
391,391,insert,three___,____4898,WJwqkLkeyzynPXu41OUmpoyZnEJOxumXwtMRZdRxUXu5ErwvxR6NAyKWX5pjwlB
391,391,insert,zero____,____4899,B3lufXTkj2fveeOvgnMNp02BCmeTTymQDzkOiYSr
391,391,insert,three___,____4900,XEMwU4DPVlVs37GE6UF2EShDg0YoUl6dK5SgJYe4rEpwkmqiQ
391,391,insert,zero____,____4901,tTHoBszyf8jpzNWcpwtxKZYSosXXA6RbL
391,391,insert,two_____,____4902,FzzQEGMCmDUl30EvExA3lEWbGuleoOx3cUsRFhd3iQtKR7lApS
391,391,insert,four____,____4903,FB0MCrCdIcaG3x1qD4LkwTBDeawddvPOU72XX
391,391,insert,one_____,____4904,RdNxPC5huS5M2nCAMe6jMIs5OqAaDtoXxwRhVYjUsfBw8Rb1l6CHkEzpwjUlY
391,391,commit,,,

392,392,insert,four____,____4905,lkiVgGM9WcxXthn4JRX6o0qN4vKXGkyuG0NXPgYZeCcY01PDsk4MwmkV
392,392,insert,two_____,____4906,OUrkcDErjt9UGThdBFDrduUTIPgMcP2p0GuM
392,392,insert,three___,____4907,5xxlnR19Z5kLa2ccG7Qt4VKIxtNwfdFjE9i
392,392,insert,one_____,____4908,54ugdJTZ1pDmTZtLIOtLljWGBpxCXFTV5AjsU6hC
392,392,insert,zero____,____4909,LF4WJYmF54Rf3vMSSzM86V0H0bCtR0TPaBQsrG0ZBHRBTgeKQVh
392,392,insert,three___,____4910,iSgaYNcpbsA2YAzVaqGYK23VHffK8RWGcpZpqsxCm
392,392,insert,one_____,____4911,cFNufFak40eCUv1mra4z1xQjNgyjH7wfQbNY9r0auPv421ckue41vVXyeUiH
392,392,insert,zero____,____4912,MW6S6leR9jXby5LNyRqAsCY4SybZulkHvqMhphepii1EGC8Slht3Kza3bBEsu
392,392,commit,,,

393,393,insert,four____,____4913,8GVqRSnjRKwFhdb8KimMoAa8SNCEnafwpar
393,393,insert,four____,____4914,t0UE07pzPcwZsl8jFS90S1aSpcw2xJPygZUDVu5Pr2UW9jCVz
393,393,insert,one_____,____4915,YdHpay7rFS10D7xvQNPx5RzZWGxQTsingnyXGioz
393,393,insert,four____,____4916,0Yi3179GrQbMAPRlVU3fG9va1T0D3oQwPMAj3RQxGG6dXb0s95
393,393,insert,one_____,____4917,bAlPw7lJO8TGTUQglbhdQyoKNnQzdv269nCg5DrFLG4zPq7mvQO
393,393,insert,four____,____4918,RzKitunZdu8lQMy7ZX128IFpo0HUISYcJM7h9NhEUiV3pQGk9Dcbb
393,393,insert,four____,____4919,al17Cate4SFVF6dIqqxu3SdHKqyZg2F0qM7ntDaedne51AsbmOr
393,393,insert,three___,____4920,ijpTTbUVhgJ17abv9z9q5kz3M9Epm8vujBLw4kwp
393,393,commit,,,

394,394,insert,three___,____4921,IFDzySCRkImtAxHmWXDeRYtimCk0jyuVJDep80Qua8D7oCFjS02ImXU
394,394,insert,zero____,____4922,VFI9Io8UZjkYDOvxGlCzePxrs18lX1x3NtiHvMuKO1qP
394,394,insert,four____,____4923,k0Pgo5jimK5sSq1Anoh8P3qPfapMsaEIKb5B1P6cOj9
394,394,insert,one_____,____4924,FhzgvFLe9dmCtvUafm9xJF7kOutOvPKycSFSnhrH
394,394,insert,three___,____4925,vej0g4IhgALq6RmfGBPgPe7iCRAzsK0KASca69qtXrxCR0eJRm
394,394,insert,two_____,____4926,3VE2QviXSp6TtCoSTw7SsTUrXmcOD4si946TPAqTj8Z7
394,394,insert,one_____,____4927,fCBR8DsUUDEdN3Z5WVURiXxWuJhDNgO1D6kTN4kOXKalrIxCGZUmmoKDLGk
394,394,insert,zero____,____4928,Wbx4CcpYRNCxdMAVUnhc1NEx0JxxFFUTfz7df9gBOjZ
394,394,insert,three___,____4929,c6pOA7t2cxWYqkRTA9o2j3UjDMMkXdjpidVER5EY8xSf5ET
394,394,commit,,,

395,395,insert,three___,____4930,gXh3FrTSMlndIt3tUViFGngJW72r3K4pDwejgkH0qJjCkdg86
395,395,insert,one_____,____4931,dVLj10mRcHmBlj52Hf70d2VL8iLYSji132QU9mbXBLVR5CAJvGtuLJJu6aXzs
395,395,insert,four____,____4932,Pdmw8L7XYWBQNl9hcC5Pwbo8uSYQ18vS2CEVxBXu
395,395,insert,one_____,____4933,4TLn2heyR1pZd1QF7UXsXeHIBv4rUUJDHijU0cfQbyI5QwD0mUZCN4LRkxima
395,395,insert,three___,____4934,fQ14Y7pZw62XaezqXaT576Rwb6nVDcuZJI2N4tdCqJ06zetlj9DRPo3Yhs
395,395,insert,one_____,____4935,KiFpi4UhdH7PStTSQ6E54nllo7NO5xLqOt9EJvTN4YhYrRT7jly4
395,395,insert,three___,____4936,nkK4KKVnk3n9oF3dD1aND7yNb6Tf71MujXgY6kG0r4CtTAaQejsTxKJQ
395,395,insert,two_____,____4937,9eQg1OO2eDj2MTf6AypReQw8jWYuMbofZ8EeTb729ybEQRFbKuFcXXOyVzwsN
395,395,insert,zero____,____4938,jMXj6U9SG2I7MstkLZ11XfxhoSgFRIIg
395,395,commit,,,

396,396,insert,one_____,____4939,iLDHtjn8dS2RHMGrNAXK3SWILgDvOh9nXkfXsJG
396,396,insert,one_____,____4940,HwjBcKz9dVGgota70ppcrq40hQxkUGBWCGClX6vnFWs88w47CaZJncNKDOoK8Kz
396,396,insert,two_____,____4941,11PuwRtlJj0UKCQ08vCcyiASgHsK6FDlslC7s5rI6elz4hnmfXgLZzLy2Km5pAMi
396,396,insert,four____,____4942,9tTZkirqSq4INvYJDMqh9CWDSadCAAEYis
396,396,insert,zero____,____4943,xbIOI1L65r7Kc9cjWI7uhjm4Gh1vXZXdHwGrQBrhQZvCrCgHrS5nryuc8wm
396,396,insert,three___,____4944,AUA761QuIX4KTgrVxVDiNbXhhus7Wxqxyye25AALl
396,396,insert,four____,____4945,TCGUh4T0LolCRmBN09eB2wnf5HIiLuZCSS26rwF5JT
396,396,insert,three___,____4946,velehtV3wwVLOegmfzeSf9NaqS4seWhoeLGIovFum5MGthoBrQu2f8PijjypIRh
396,396,insert,zero____,____4947,I4NIFe5PknPflDBjSBq1ePbKjq5wt2EGHQZGxpEeAJgjYX2fkUS5
396,396,commit,,,

397,397,insert,one_____,____4948,sCek4Ri0rDjrGFHknRqmCmvuE9ih8eoUpIt9Gh1r3YQh
397,397,insert,two_____,____4949,o2ix2TMSfEH2zmXgVJXCRNBYFnJk4mtWimhLvGVmin
397,397,insert,one_____,____4950,NUzeo7aJ0tbhQ58oq4hRLUh131IEDLG9H2y2Cjv3hNAHQmRJ
397,397,insert,two_____,____4951,C8ht906QCKUT2f1Dj9QPdRHFRWbfhG7E9uV
397,397,insert,two_____,____4952,R3GA4NFGfQ8N9dVVZlKFOjBkbZCNGLyaBlMSYBzsGhIKwU3oDDdad5rCYvFHZq1
397,397,insert,two_____,____4953,4MMnDiONW4mptJyjL3nEjK7cVHRxdL1wI6ADNqdRSGcY4DUdhg1In
397,397,insert,three___,____4954,QebkOhG7rb7eSh1dmRH4EVxwx8O80dtRdLBto2rCVU6J9jKu
397,397,insert,two_____,____4955,GJOVP6TX1wbGEf1PgOX14qOhA5tLjTByCbXHITAvSbcyiNY2w
397,397,commit,,,

398,398,insert,two_____,____4956,S607KnMn8ZikVtU2MRSI9rZJt2ACdWsGuVvyEr
398,398,insert,one_____,____4957,1g3apbu3nUiu5kDtgfNuGSL53WTjbemhN9HH27FRWVgzX
398,398,insert,zero____,____4958,ZBICmHLTKNSj3dP9IMDGVCZ1dCjF6HZOTOZ30QCunihWeDnRkEBoFQJnW6ynJdy
398,398,insert,two_____,____4959,oW1p0GnMCGE7OuK51QbETrQX0EKLhOQaBCD2
398,398,insert,one_____,____4960,Al6H3R1mv1ZKvnvDc8zgzi3PUI5x1hQF33QGpYFmid8G16DX1mGt4DLjWb6kVK
398,398,insert,one_____,____4961,YyXPF0euhDtqvpWX5wdfB3vbSiYIWTozZJaZMox
398,398,insert,four____,____4962,gmSA13YmduOfWmIMU5miHzXB5Y36E59h6ZdsZcZIn4Z1LqURSvOjGI
398,398,insert,two_____,____4963,8q5SJUQo5XB7cjiZkWOhZtLaOcpgD55re7xO05nbfs2CIKNn9EUvEReY
398,398,insert,two_____,____4964,BByM1oXEWjhvJMQvpLwakUf6Py4neZxFsFQVklAW0Cxp73I9OSrWz59J1x8
398,398,insert,one_____,____4965,31QTMYtBWfuol8zFpt0MbTGAt3ABmrNjXUYqmpYtVNYJuUN2MlOy0LTTa9Deh
398,398,insert,two_____,____4966,NY3iqA1AdiljeJebVb79b2PgXpaInbV2VI95dxy47h
398,398,commit,,,

399,399,insert,two_____,____4967,TLKz0kNUyNywtuYx9de6rMvWS12KomWWCMukouc3
399,399,insert,two_____,____4968,TLLWE4BViCu3lggF4n0831DlnMOuUIPRsKmltEUhGomJbIIpddw1uL
399,399,insert,four____,____4969,d0tEKEVIVQnWlZHYzxwRg5xxy4kkB63FbcZl5awRZfvHFnu13QvSy
399,399,insert,two_____,____4970,RqK9Wgk6m3WA7U60QVpH5Z0ZdUuZEBxKjjCVOmTBB4K1XRd0fZeGBukogAp3t
399,399,insert,zero____,____4971,CsOx8F61Xznn1T0JIbq5xtFThULNYlatjfTorkg1rhr9nCQ8J
399,399,insert,zero____,____4972,ch0YauPf7Wo1G2au9ZmZtSDktRdsAjYUnVvE
399,399,insert,one_____,____4973,ZFttiKS6z7K7yBqwgIOQvtznAba37OyO2GAIT8QFeTbVbuKX4sB2Hr
399,399,insert,four____,____4974,4lEsRwdvv68nmjqyA9kBZZ829UNbufTnsBBw5EzaPArNAtW5UtHZ1IEBHESk
399,399,insert,one_____,____4975,MzUDdShvI3DkxPxMAF9fjOU9doiqIRfJWP97bZxrZ
399,399,insert,one_____,____4976,OJhxyEJUFUSiLCrrLL5VwC8rWL1krr0RcfyhKkQdRSnHMv4SYv01N6NADM9yppQq
399,399,insert,two_____,____4977,YUv8qxiiZxj5JwMti6kN5kaiudej727V5uktm4XRLuMzJZ
399,399,commit,,,

400,400,insert,zero____,____4978,H6nnjF22p4MPjUwvuzAbyNl7IST8Vh7wbJdWx13yzvkhXvIw8OzXWBAAAmL2wf
400,400,insert,zero____,____4979,eF878sj5J6ney69ZGW2Mkdc7g78joJniczPRT9LohnBmgMltICEGdwTvNMuxMJ
400,400,insert,one_____,____4980,qnvzOladycw0ubP6mwblJKUjkJAlXZUYZbhUa8qeC8waP3Dtqu5s8oGbTfFYO8
400,400,insert,two_____,____4981,P1lG0b4yK35FAMVsuu2L9Q88SN4MNMqWJ3iDMQjPQl6kjyViv
400,400,insert,one_____,____4982,RHJ4gxYUXJ3BHZrf0NuJXg0sj1QCumtWIRwqmjigBgM
400,400,insert,two_____,____4983,nIkUBYxOj8WRQ3GmLSgG0S1u5BMzefM4oN4cMq3un5uuBqRA5vr19u7
400,400,insert,four____,____4984,ulQWBaTqcr5y6cDaRUmIUZGvN77igG4o1BzlkdvBYqkMhBsuCNMW6w
400,400,insert,one_____,____4985,zyTAGES0QfjP2wMiYe4MTbtgwxEhCkPiZYnyx0HhwHpcNM
400,400,insert,four____,____4986,X8Tf9OPUCXzp5TexXZnzLJ3zmW15Z0QaPA1Mc9a
400,400,insert,four____,____4987,RjPdgq7Rr8veYKRbVbiI3MWX9xi3ZoqVXeogXTKNmMW1TyElLPo6Tu8ews36
400,400,commit,,,

401,401,insert,two_____,____4988,3NcWH6OslSgxbdlOaz2i6hf4sM8JTF6GuhLUAkwExZk
401,401,insert,four____,____4989,rkB9RT5GNtJVOhuyVZc1Ao3qeFbJEd1swFYXbRv0iDWs3KTT7VLvY
401,401,insert,two_____,____4990,OfsWVr1XIaTVfd6NvzsyK7m8hxGTNPBY1H
401,401,insert,two_____,____4991,ZbRCUCnszDlCsHPr4NVy56SVoA7mfIv0DGJokx4iubjEyRMuUzSx9PlwQyXbM3Ul
401,401,insert,three___,____4992,0qfcIEeJK3InNcnUaj8sLIEUzdJzD0hwLxzdgN2fyi5WtL85GgWsXfwY
401,401,insert,zero____,____4993,fJbaX8BpjkVFmcmnWsAj55H2TdT9w92UEwbQQ8dU6Yus16UAzvJ7n
401,401,insert,two_____,____4994,DCQLJ5ABPzyw78L34IOYzMHTgW0GP3jzG51qOTOtef
401,401,insert,one_____,____4995,ZtK29p0tbWS1tMb6weLuUAbqhefFRg6cabFLSOAEcRLmQUte3Z3h
401,401,insert,two_____,____4996,J8DGUCTPNoWMnfJrrThBJA7Jg9hlopDmglG6BqT0eXrpmk
401,401,insert,four____,____4997,bZpUKV4o8ZU4y0K270VDO3rhESp3VZinMkjUy4T
401,401,commit,,,

402,402,insert,one_____,____4998,vLKFKdZSs54TkFps9I57b2x6yAVyR4vQK17chzFSZ1UHtaJlW4zSwjLy
402,402,insert,two_____,____4999,0d8rg5WFoN2GtINN0Sj41YIkk2MNrd8ws1ZOCEzLdsVJGz8h6HPuxm
402,402,insert,one_____,____5000,RctEHJj1VkluAVoXHqhfGkw1Ak604C8Rnl4tgkgf
402,402,insert,zero____,____5001,q7G50giT2JThAZkyAixfuXa51B8baAj1U2UzGG1WC8r99BQsBFxmaK1i
402,402,insert,four____,____5002,EsE0Km76KQx9VqYEV0GoeCjX6z57hC7T8oX
402,402,insert,one_____,____5003,h7F3XcdaJjIUlWT5wSosle3TPuheeyPKwIdAkcZzcP7bkEVp7ztZJbuWbd9n1Y
402,402,insert,three___,____5004,X7O392QOu0HGCdTk01MG1xdTDmcfpnfCulKLcXXgtjlom6gpD55Y4Qbg5rQn6z
402,402,insert,one_____,____5005,iBwFB8PgfS74wRnCaa8mp1qTBpcRJ5RAPqBzaxxyiePvlrTk
402,402,insert,two_____,____5006,VaMk5lLwPLXqryjksf3ORvVMLYXVBrgDxKugxsRADstiwlHpbynFBbw35eIBZvW
402,402,insert,three___,____5007,PVWVD9R35yXG0Ot593MpNjYaiIDtNB4YpoFsBTOjbq5zDRUHwXLewHvuyX8F
402,402,insert,one_____,____5008,Y5f86Dv1UvXiEPSPkvvAbsR1j8fYxkMy43aCVxnvK62apXtb
402,402,commit,,,

403,403,insert,two_____,____5009,swYhwmeI9SjOQyn3JC1uSr4Plh6GmwpjXqdg7BDx6sX28CaP
403,403,insert,two_____,____5010,xtaQw49SGPOIBTc0rzbsMCdfmSccUPQGHyVPJRfiPjh
403,403,insert,one_____,____5011,QX5iYJHaMnHksLsQjAYxuySqnZBC6f0oF8OZh2K7dj1UoTUBwRhSi7n1m
403,403,insert,zero____,____5012,NAw7GLIOFY7BQ3gnCmWERdZhsZuwEkjPFuGQzj7kVkFN8ZWzrpvoJ6d6iiCwkf
403,403,insert,zero____,____5013,m2rVc0baPItIy1vdnhuiuzj7lArmHoYcfQKDnVGk
403,403,insert,four____,____5014,KLRlONzofv8c9sAWfr1be77y0TGFqSOUc5s0OKV
403,403,insert,three___,____5015,YmDi5A6BWRozgWLQMGMBqEElkyCqTqib7nMHkoCEW14wTiTl40AKgGrwZFJqr0
403,403,insert,zero____,____5016,SbZ29eiUJVzLFbJmn1KL2A6ZZmeq9A8AgafQI
403,403,insert,one_____,____5017,VIdwn82ZVi19OYke9eTmhfxSDVSTU9ggJ125fZd6JzTsk
403,403,commit,,,

404,404,insert,one_____,____5018,3jkW1WcNEi3qNAn8EhnkgJmjspeVZU7APc35ewUSQR8z9TX9RJsYQ
404,404,insert,zero____,____5019,aHPllBk5QyrPiVEdOuyrt4TZcGncdZ9QWXD
404,404,insert,zero____,____5020,gxWNP3KyIOYYrqCZbH0963MH7It8HPjCAelX58bJmiXG1v3VGx
404,404,insert,zero____,____5021,sYxVRTEgRdciUpnzndeiPqB9hzoRtLklCLDkwa2TrJyXdVnXcMKawn1YEtMvJ
404,404,insert,two_____,____5022,D51VltIeJOARPwhG1Dxw9EoRyxFepNumun
404,404,insert,three___,____5023,8gEDbgZ4Gbah7lNTUYz7exiTIKuUoZ0fFAC9t3HEhbbb3B
404,404,insert,two_____,____5024,yJZbXSaLXxBnQWNsJC4aq7uszUHZncIPZfdEKcc3mVy2gbPr1FGDlWsUoKuAGF
404,404,insert,two_____,____5025,PTGxYZoGNI1Q4qge9pfBFisbEyo8CVoUodS8lysNUAGo
404,404,insert,zero____,____5026,WN8Higz2n7dpOsQsUkWHC4EqjlhXz3PuUHaDcZNDkL6DFo4
404,404,commit,,,

405,405,insert,two_____,____5027,fHOo4o2M4ecqkMsJ7xGZRWZd7Lls6XUaRjlPDnZaPDadQ
405,405,insert,one_____,____5028,fjcnktoxU7Sov2b3iMuTfHdw4flH7CxiRlbSBZv
405,405,insert,three___,____5029,fHzS353b4SpxX9iiZhnQD3NhPSTnBZIYNwY2bLhJ2d7ILvLYrUtBYr8wWxqip
405,405,insert,one_____,____5030,Max2yyxMi1xlPdhW1XGeh1OIenlKlNGEkI2HJqqjDEzFE8kIJGibwQKeuWY7tgcf
405,405,insert,two_____,____5031,pajmYBJDy1jdeHemD6qg51BMiKvPkBbr1kFuchlPa
405,405,insert,four____,____5032,j4ONiy7wXSozCYO2J9qmcsjMRiCMqoZ2uL
405,405,insert,three___,____5033,sgXoNRjB6mWcV6ey921AKMesXvDxv3yEmAuscvcx0JRzuDqDMMuphn0
405,405,insert,three___,____5034,CNAD4hJ7EAUTe9oaamXCmlarQGxK6MmWr
405,405,insert,four____,____5035,VA7NQBlgPD56ZlsqTYrI9oa2msPgexZM18IxozCa57biHMjmUDH43z8IrG
405,405,insert,zero____,____5036,Um3Czu9bSvXUZlHcmMy1OB4HaU7kIYm8Nsq663ccaQC
405,405,insert,two_____,____5037,WraX9DQxYOp1HJmPb3V6eQmuyvvZPCpDqrfDdQjT2HunK
405,405,insert,two_____,____5038,1cGKBFBshEfjExCxBYpI3xInivoZncMbjBpvRh7ni0sW1FAAJ6qrA
405,405,commit,,,

406,406,insert,one_____,____5039,OdQKJL08vt0XNgv7vsRxsmRCwXmLPL2rWvg8c1F5gZDzY3G
406,406,insert,four____,____5040,jgOGFG662gYfQnslV3CshQY48mWi3nbci6s1dzQSYq3f
406,406,insert,two_____,____5041,ziarYUbDiWMaz87Z8CDknIbUKIWt3tbdyB1iHhSVB6VzUPxLe5GlobH8yKslNYZp
406,406,insert,one_____,____5042,0EAqDGFUdztDgFziIutmgsdMCJhpvNmNhToP
406,406,insert,two_____,____5043,enU6tehM6mNAAlBopYypIQam5L3IWSPo966Q023wUIk677tlddDzHFjeKVfP
406,406,insert,two_____,____5044,SwePmezS9RtIDPP8w7Zz34bznhGy7Ewlb8bHqiq
406,406,insert,three___,____5045,XyWrPz4nTjbiDhIbL7MCj0fxTvI2GgF2kXMWWWS53sd7
406,406,insert,one_____,____5046,dn9NMy9qrysReWy97nWYNRNcA0Z6RuYoRqVDsSyzchYoGAE80ah
406,406,insert,four____,____5047,XegilQJ02sWR0UEQGbPI39bdLDlu1ZsaGp
406,406,insert,one_____,____5048,EqbEwUzqJl4EjhbAVNZ0OhpdRfdI07dZKvXVW82HeS8
406,406,insert,three___,____5049,dVGZLsbcqEiEJl8ykQPI6FpkYVlplQCBDO8QOniufssUz
406,406,insert,one_____,____5050,uoIP00AtNcifEaKpdSN3NaTnTsr3Ke8milmlSSWW3YsnwmQQ1vZ9tmHBmG
406,406,commit,,,

407,407,insert,three___,____5051,qyUxYesoPHbtNgBwAtx6HnSl9zia3yn9WhXRT9
407,407,insert,zero____,____5052,znEjBD1wbHuxVLkiXgMj2pwGU7RCmk1o500IvmkcDUXTUT5PEo8egmaVTqtr
407,407,insert,four____,____5053,PGj1nW774yqftFkOsYmQXIE48OesQnhr5gj
407,407,insert,one_____,____5054,5WePn6se28liM2akf8kIXILAf8D7Ormt323qNVJQqD0zNMAj6fcgbPs
407,407,insert,four____,____5055,73cxD1PmcziwQL2RtnhvvuWmRZ9SwT6SQjK7iX9f
407,407,insert,three___,____5056,rK9Rc81rduFYnhAdQGXlpe6pGqTUGN1oTmpPolRy0UpRiicT1
407,407,insert,zero____,____5057,iXT58nIFn0ILSzOBCF7MHqOAIOc7wKwAB0CvPu
407,407,insert,one_____,____5058,oknHGubkYWABcRd61LJlx1UaEwnVQUkWp9hZRRE6BQnG4h3QQlxFrzd0I
407,407,insert,two_____,____5059,2RaodZurKgOJ0E4XsYsOmi1oaHNSd3gc
407,407,insert,three___,____5060,P3od1iyw6RjDOO4toIb7Lytx7cp295fIGM1AE
407,407,insert,three___,____5061,VnH5V4wSzHnLLG06bp5BqKKwH4uxxpXcpzPydYCVe
407,407,insert,one_____,____5062,AruiQ3U4whiLO5Eixm08IQGgQEFTlG03Q27qNkOtjSMwToeDugnF8izpq
407,407,commit,,,

408,408,insert,one_____,____5063,mnqv1dOdDfdgpIHvjglonb5eAPYP5XSwz
408,408,insert,zero____,____5064,lBTmU1BxX7rn55d7JEejMgTHixjlWuyLq2
408,408,insert,three___,____5065,ZhsM57OyQOgPK7CP5hsxL9i46CCXdHPjPmPDz
408,408,insert,zero____,____5066,fMwdMMcEOXNLfPUg939kQa77v4usXh1Bwz49z6em6RxU
408,408,insert,three___,____5067,igHUsLSXQ2l9CmvNl0evJfKNDVO9zIECZE485e2yjrUiGEd
408,408,insert,two_____,____5068,evFpiuWCuKZHozb0UJVzErBmLDe8UTiyo2d4Oxyy4bUsCBJfiYLndNUKADMzS
408,408,insert,zero____,____5069,PFsttcFRz9OD91wt0HjEJ3PcJEG5Pm5GuvOO8JTdiWm1sohhi4MDSHJIRSC
408,408,insert,three___,____5070,22kQYK3BKldTa9kRcKJtsk33J3TtYm0vWWrgoGdx9GdmCwIdxgUFW1I1oB5aFQ
408,408,commit,,,

409,409,insert,three___,____5071,LwoeCPSTPZozD6Ja9dAYK7XrQG2mX10hpz2p9KgzXN2qj06UF0
409,409,insert,four____,____5072,s0W486bxE9PRlmlR75JOSpNLvDAU0mgml8dvBLYqpd9
409,409,insert,four____,____5073,bqfgPicCuucoh0ImPA5p8E4cVRsPE1r9UP9ylfl5YQAyBvPWrA3
409,409,insert,zero____,____5074,obcZ1kgNpihoPBnhm3l7zRrgpCpril12CkMo5jk1bbx0mOTtG9FaNHygMFVWjf
409,409,insert,two_____,____5075,pOoGc44hu6owNGkay28OV6TvwQsvSp7T
409,409,insert,three___,____5076,bZdzifuIh9wdeRKpXKky1IIizBnkfsZs4rWEeK7i6rViTF4oDzsOd1Ee
409,409,insert,two_____,____5077,2WJjh537TDjudLsVonNrnAJRizSDlo6I1efGkVrdm9AZl7nvY90o1
409,409,insert,three___,____5078,awZibErSD2PiiehaW7tWugYYFGOhsNOAW5b
409,409,insert,one_____,____5079,gduncMXzXXxrJpeRNhWw0s5LKmkkK5jD2ISxyqsDzzZbZG
409,409,insert,zero____,____5080,A2dUHtNQldNgbvTl2tt6rS6CznfhHkb9jf
409,409,commit,,,

410,410,insert,two_____,____5081,kdy0vbyVTzt7zjGrcaYUEIv5Qzfl9UOPsQwNRZRehRMGYWUwJe5NSHeAj
410,410,insert,zero____,____5082,4cvMzAb3To7U8bDETmVEmCxIN2Vaw8y8y2ojsqiLjZqb
410,410,insert,one_____,____5083,7LKP490SeWbTOvfnDZSwfCyi8oQIqEhga9Ywuwc9F4x
410,410,insert,zero____,____5084,xGHcaDOMkaFpWi0RFiZtmRSwNbdWxMIqkupvCpTnRX0sWKA8UWPp
410,410,insert,two_____,____5085,xApr9f3H5baDM7bTjtedhz6jHF1JhVla
410,410,insert,two_____,____5086,k5YLCD2KTywOhkrMZUbiizRHsXlsrvLYuoDFKPYoNaOU8a7j
410,410,insert,zero____,____5087,k1odosoM6GfHrlo47P1BId3VfsPqYHQIIIIG
410,410,insert,two_____,____5088,HUSd95YSYoG0fuPjzcoALOPGUiOj9fWEf96353JYG3S5cfF3kNvA
410,410,insert,zero____,____5089,hGlbottjsVuOuBoyiwgR11r788lpYnixlzbWhfXOABtHrXPcD49fBsgKQ5I
410,410,commit,,,

411,411,insert,one_____,____5090,HKe7OIBhjSHqmOP5UnyirhEv6Js7ZkelcJRdWO5hBmhD
411,411,insert,one_____,____5091,dLaDP3r79zxQEoVUhmbw8aS6bmihn9lzSIqNA19iL
411,411,insert,three___,____5092,6te0q3qUyr6S5n9wLyV38YR2bqutQjqhCdS12bZxQpD8aesCCMtzY
411,411,insert,two_____,____5093,EI4BASvmmYBupput66uuf8H3kD0QmB3h6zR11Z7iUFpr
411,411,insert,one_____,____5094,1FJoGZxeDMyIygFFfj0hZIdmmFFM0xdGmddQUiNdL22zhGajt
411,411,insert,two_____,____5095,5jbmI3eSVWg8d4IXrpvDWqelghCBfIoUA2BIDlw50SU1KUNf2j3dlTxj9aX
411,411,insert,one_____,____5096,hhEzQdDcDxUVhLyKhswifgq7UR3Y1s5NumAD4vn
411,411,insert,two_____,____5097,s5xRXqY4DwMCDpbMfe4fmOvkKbq0sAjwvLKD0QRqLdGq2BVO1sIWafCl
411,411,commit,,,

412,412,insert,zero____,____5098,SbzFKUci5JERbp7u5UM21dfL5QtJY2Sf5UsHnkHhJIK
412,412,insert,four____,____5099,i95QsFd3s242O3AkGEKQOVdPQmAXX70QbuuRcIk
412,412,insert,zero____,____5100,sioKtUJjQyCy37Zq4T8MjpYjwY2SXjh0hGQuEl4JSWnhViNRsA
412,412,insert,one_____,____5101,r4Ffjre6QjIq42T4ifBqdPrsgqTSTw6zwlDDSur1u
412,412,insert,three___,____5102,LOyzoIFitDn9lnrGIfuOcVxtvXiqs4yi
412,412,insert,zero____,____5103,lQdknPuuNXhAWs20YTxWLYlioaRAckZivzsouXA1NEB8noSCxLnNdXTBmy
412,412,insert,one_____,____5104,AIzKXv8lfOxOI0k6HiuIaoReaTCYPe8CIrEUbNQp3t
412,412,insert,one_____,____5105,cKY3XEgFIFZYmfMS6ncCS1CY6AsDum5KDlMkpUV
412,412,commit,,,

413,413,insert,zero____,____5106,MN4OMrFU5o8H3lreMUDFMojxEORg68Oglfrn4AC08l
413,413,insert,two_____,____5107,cxJt35q9bYIuG35YuGMRrrgKTz7dE8pP732
413,413,insert,four____,____5108,LV9FsyycombTEz6uNVpnSPquLH5TfIqTvYW3V5xdtDu958J4OBGM5qGpD5cZlNOJ
413,413,insert,one_____,____5109,S9UzGJTCJ9P8f4nOpFr5lKc3hZSLFV8QBBuAmU5YWtSi4MIo
413,413,insert,zero____,____5110,BIahoctQ9EFujpS5z2TkjoTGz6IPSaJ3yAwRfv31xkAVxNnxpka80yL
413,413,insert,two_____,____5111,Bjo1t4SyYcQO6cPEZjDwXwLIwIIk0WynI0aG2RGqhTP
413,413,insert,four____,____5112,t82pjjnLF93ZQljbwK7LZGqWHwfVaKQrwUTeZnWZ
413,413,insert,three___,____5113,HPtfod9tCvhpZx4V4bAIqKmHmQMKMHuhJZsbpImecAOfN
413,413,commit,,,

414,414,insert,four____,____5114,d16cpoDAFVNvxWXi2pEQDJyUoYxAQnwJ7WdvSeEgoWmsKu
414,414,insert,one_____,____5115,T5DBVONFv0MkHO8PXsjAdYcXXh8pAyYIETg3iApt02cFqDPvW0Dyn
414,414,insert,zero____,____5116,1ZK7c2d0gOJN7SftMAihkf61CqxbKGIOHJNwj4csk7wZ
414,414,insert,four____,____5117,afLIqiRtY92KKx5ZjpPh0ojEWQdfYgKXTE1Cdbd
414,414,insert,zero____,____5118,6mGSTMHRz0qmJYJgbSdkLfOBQVnRfNpOLMsZye2mCSnV6QcbdCADT
414,414,insert,four____,____5119,HgUxjFywoWlsgWMPjfS794YI5sUwYcSaTefCBYTqFp60HAPHZRDCgOX8wMilzD
414,414,insert,two_____,____5120,XNj9wouslUbCDZ9e9JWvVMVA16D49OBKaPb20
414,414,insert,four____,____5121,UPln1ZhhcTngtIT6rSr2zfVbN86BLYfI43j2Wiy0
414,414,insert,zero____,____5122,rtwj93mIrmj1ZIlO6rGaxTJq9NQVmsLeCSNqXF7jhz
414,414,commit,,,

415,415,insert,three___,____5123,YzYbeOPdtObR4PwMBn33kkHntc2U4ooZLnX3FkdpfkvGel
415,415,insert,two_____,____5124,TbF4uqEDOO50i5BPa4jGwqNLZa9it8Ny8UOlcwECsQBj0AlzaH1jR9MjUO0Y
415,415,insert,two_____,____5125,ubjBaRXz7Wsy0tggcBazAt3UGoX4Q7rliJ1
415,415,insert,three___,____5126,GuY4UE6jCMe6aSuWbbmGW1aIsy6JGw3hlRBF
415,415,insert,zero____,____5127,DWrF2V3xPvXSJ7uwniNM17aKwDax8j4Xyn4UtDu
415,415,insert,one_____,____5128,5MmYcjTdNtARl6kortmttFT0KhBCQugBUYq9nqwfoygC8y
415,415,insert,two_____,____5129,46FHlQnlCRMsujID0cyPvVTqRYlNgT9mFmHfkTkyscj
415,415,insert,four____,____5130,4JwVttOzzOJunPhwHLAKIIbEhMGpko94zilHuC7JASqCk
415,415,insert,two_____,____5131,fQt6TwPDl7k7twZtzmeMLOLpJHkUOq9d8AA0NF1LZ05OcwrZbzaC3Hc7IQkBxd
415,415,insert,one_____,____5132,3VSSodHQmU5bsRETeT8BOcgN8UElIZdKvR5cgXXDjf
415,415,commit,,,

416,416,insert,zero____,____5133,KvzEkX6RknU17zAmoIOUFYkPdgyhpNRQS8EJcWVWa39Nbvm37yH
416,416,insert,one_____,____5134,TABWpzWOTuaFPjPek1XG5E6FfwPjXTR0k2oxnhzROiMfXiPTvULsKz56
416,416,insert,three___,____5135,jzk4sgmIvje5B8Wba1SMjYyZhQHuRJsqWdyS4d5tGdUR6ZKvo6vIRZHBgVVH9F
416,416,insert,four____,____5136,UKNPcirnSydzvhVDHdiQdOMRcOiv4pqQxykI9Hsv
416,416,insert,three___,____5137,grzP24nDkjdOmVl8s93hfovAgMGaYSulwqpPt
416,416,insert,two_____,____5138,LDfhhbWsaoLNNKNVynU2a9dTpbOrxezm4r
416,416,insert,four____,____5139,OAGUVHySbgeyWCfu5TRVuwbE41kn2EHib
416,416,insert,three___,____5140,dKW8tk4RiC8BOyRKl6cNshqud8FJE2NA
416,416,insert,three___,____5141,69qnunW4FpbYjxvilVVJXSa9HZROfOLW5bzglo83xRFSDUK0aHQyX22aaIIg6en
416,416,insert,zero____,____5142,GsiOQiAlvWlVWtFeFQ6JVXD8TkWXpCpR9KitpGgVzHJ56cRzgfLQ4ldUWP
416,416,commit,,,

417,417,insert,zero____,____5143,EnWlG1g4VaDot5Yt06utxMh9qzA4ElwvRVKZmrJbrQS6uNT7dGzZbBfE
417,417,insert,two_____,____5144,IC7WsO5y2AuTZUO9NL2HLEUDUi5Vnb7EsF8zyfxjJPGRVuvQGM3AH
417,417,insert,three___,____5145,z8oEeBRu2ZQdXaf4MVc3U9MhXWmdOL1Pl
417,417,insert,two_____,____5146,xrJz6zHETncUdEENlQtzVB1RHjok026KP43FfvyFdIr
417,417,insert,three___,____5147,miSnjfmHziwsCYXdRBXWs9j5ifog7xfvNVZNWdSEbMtkfdVAg6xmqfn9TV
417,417,insert,zero____,____5148,y2G5kffPrPwJcSlY8wccESb6hdPcoA3Q8jY
417,417,insert,two_____,____5149,st4TEBsGQWbRtKinFCG1O6uIJEyOFg2SdcSyEpQAuzue8zprn
417,417,insert,four____,____5150,bjM23X9WYsYGA34VpNAN5LzOLF29r4aGXvYS5UBZv6vfqpltsMmDkS2
417,417,insert,one_____,____5151,yp1nMg53w1jWh1r8ANhMt1YoREuJZTgguBzRbIhkFMjf6B7QFLr6I
417,417,insert,zero____,____5152,dJqS2SKZzj6H36gECAvahL3dH372PxoS8xRFJtXQ0gikAbm
417,417,insert,four____,____5153,3AScLyuMbhtrnXW1troxXWq73ijx69ZxUYafqaBbFlqZ
417,417,insert,four____,____5154,ZnPQmYGHmYJEHIhlG0DmU2cVtDvcYtJILAbRCY2vxUrNMcdg0gAWELW7g
417,417,commit,,,

418,418,insert,four____,____5155,aaZVoBvycVYdODNe8TD9uJ34wyQmOSOyLgfYbLUFzlVVqscvmsuuAGAdpFQaB
418,418,insert,zero____,____5156,ufcfnRb2vdLYqxt321BgD4ZRlNwCUH1MUfjOb2cg8SMPmZXbia
418,418,insert,zero____,____5157,kkmxGZ1xW7iPoVby09arL0C2p0WVf4JNOqsZwKQXQotwfjqUidkopBLQY
418,418,insert,three___,____5158,fGTbOziguMldJfuFIa9jl93vHOPB68mr8FR52EdHTo
418,418,insert,three___,____5159,b1Vul4JrVPq3Y8UagPvTUGflM5JcVYD4hamcm67zp
418,418,insert,two_____,____5160,dkMJ5v4i2q2DhP8E7WNdHneSVuRsAEtRBrJBdlnJ7MthSDB9i0Ie
418,418,insert,one_____,____5161,bdQF8lv80kdd6GnfNVmiH4eLRWCKJlxMthoRvn2iHla
418,418,insert,zero____,____5162,b5aAeleGULGdElThvJ3WaWJwzDbCxsQBiOpyca3DTjwtfjxaLoYtNV
418,418,insert,two_____,____5163,axb7ALztafPktQZePnMyO8amKlENcLThCUfqH
418,418,insert,zero____,____5164,ha4SJgCtkYiQznmfokJASMa3pI3V6T43lPInSNVlSFNBLFXSMNJwaPtnSI2qu
418,418,insert,two_____,____5165,Nk5fAEHoiAXpmnOhKcMn0DgJpdkKVqSnnYWfzv83P8WFWcchWWDVrOTr7E00
418,418,insert,three___,____5166,CK84hjrNHV6fJ3rzpksp5tWhy9Ow0EA6zLr
418,418,commit,,,

419,419,insert,one_____,____5167,sS0PvQEFKBV71pI3q8awSWaBgP1rnP4n1sGNy9y0Xb0ecJAT
419,419,insert,four____,____5168,jhNXCJTNKmb8p3cM7nuvNXDkC8w44PS9atVfnZ
419,419,insert,four____,____5169,KFgN69b4GcGduC2jmS4BIah3HggId4Ly8gETYQ
419,419,insert,four____,____5170,bLVTNKA1hJjwjPKeddVzbIcABr5NbbR3OK70oNTrcYj527ku
419,419,insert,one_____,____5171,l4U5WQ5pMdIBcNyTcI2EWpCr4st1gHNNzHSHUUwmD
419,419,insert,two_____,____5172,h5c8HbN3ySzetHwIs7Pauy5TezzZsj9KA3dKIUaD6
419,419,insert,three___,____5173,o71ApEh25v8s2KK88x964fsTgDDwewQDPWTcZpl
419,419,insert,one_____,____5174,vgJOixSydX4Wl6bnsnc8xvYSV8G1JvPM
419,419,insert,two_____,____5175,yh3JiwTc4ogu8v88fOnzP5aTiybViXAIMKADp9MKGgkOdfS4
419,419,insert,four____,____5176,ZWmTIjWnvoLXyjww09bYvRYPGOecMW4pfUrFyM6dJiEy8lWNSDlM065yZ
419,419,insert,zero____,____5177,Wp1hk5A3qp6T22DJwM4ERlz5RAajzQ5mAXHAXR
419,419,insert,two_____,____5178,qpliKMJTtuMkXxWIw8TCEQgqN3294jOcMSDkbVpviiEKodqcgRPwyQxdCn
419,419,commit,,,

420,420,insert,two_____,____5179,r5MZAgaruXuiCflrBpb0LfCrln72YJA0X31zQAbcRdJci41cEf
420,420,insert,zero____,____5180,nyNK0dYB9biHqgPiRLwxiT37z3ktYCmG
420,420,insert,zero____,____5181,BUG0fJAzqX0iLmyMCUM3Y9L9Bx6UADxeyzYDGUwH
420,420,insert,two_____,____5182,gszLqtPTL0pxoiH93VR09zb1Om2zv6AsyhOvzslJlog
420,420,insert,two_____,____5183,F6duALxd6WEpG0Vs1VKFHFyDbIUGb7nhzPLYG95Tx0V2
420,420,insert,three___,____5184,9vIVIvGkdR6H3Q1nDtmCOuwVq2c1voj2O
420,420,insert,four____,____5185,Ho6z0MxercihmTsqDYQ4RqYuPko2krYgA7L1qHy2aie3UE60
420,420,insert,zero____,____5186,UYnrCcB4MEwvInkRdE8buyGhIN0xyqOw9PqKkdhWWEsrV3j4vaEVRYTVpko
420,420,commit,,,

421,421,insert,zero____,____5187,TA7w3RRnCFzkEo0pn3Ok2US3VAh472qibNZqZCTskeEmcScDOflY0rU9eUP
421,421,insert,three___,____5188,dyypLLEhfridVlQPLFyJTRHX8BaTswwPvNb0cPAM0hHbcS5ruHC
421,421,insert,zero____,____5189,YRonlW6wcSt5ASWga7OB0p0YwfjWsufMjEnSpbkkGkRI9R5OpPjPvK9WNsE1
421,421,insert,four____,____5190,9sqAR3QhUxQTuQvCLWf5UR09rAdBakgmUqORtv20A5LO
421,421,insert,zero____,____5191,Ef4PEuqcxlzEWi2ohhjKbS84a6b2eoLxi
421,421,insert,zero____,____5192,GnQrSO8R7lem8vr7ZPui0hJcghx2SdJmLj1Kqn4vO
421,421,insert,two_____,____5193,pnQgS60wqYckPD1fMj00i7OaCglPR3rTOQ0IO4vkP6u5WtRnf3
421,421,insert,four____,____5194,wxD0nJIeOLJ9dENbW3upAOHXpDE3R4HOPU
421,421,insert,zero____,____5195,Gkw98hoim3v8TZkM15p5oLKnTX09YYUHFi
421,421,insert,four____,____5196,MEJfNgYn9YOFXK6YBu12sExYXurjR1UIUESs6qtHXJiaJX54TjAhcUu
421,421,insert,zero____,____5197,UMEg6ISSFjUpRvvjyLe9eds59IM9Mqe8c
421,421,commit,,,

422,422,insert,two_____,____5198,FypOLMcvJwYYcDh8ybo6bYBJopdQslAmUK
422,422,insert,two_____,____5199,U8vQCR58YW58TOKaTDRWVf2KTcHzZHt5ysnIvWlG
422,422,insert,four____,____5200,n09Rm8emLjGQoVZs1uITg908A5ocs3kBvY4taAW0IajVw1L8BKSO
422,422,insert,four____,____5201,figVbM0PthIwNWpWjFWZfonYIS8UbTirBbRgj7ScluVwtlUkjJQSsUTH84Q8
422,422,insert,one_____,____5202,1kHgoePJB5fS3t8864taS1Ne1bivAUwHz
422,422,insert,two_____,____5203,BGI2grPg1jEIzRwpN1Qg0DnxAAy6QszRLU52itB2cq2bi93Qo9UNC7
422,422,insert,three___,____5204,nqAovRBf56CbP5VgEPv8BoBgGBmS6TP1ObqFquHbnej7yTI
422,422,insert,two_____,____5205,URXw74EezXop8SD9hzMec7ZlAiM7pGdG384G77LM3pZF
422,422,commit,,,

423,423,insert,four____,____5206,UcIjnEcicsb9EBvlsCrJWlhhZ0j1YlBAKSEz8zo3Grg
423,423,insert,one_____,____5207,Cw1uQuHEJrUGf3ts4YajOHGYDch6jx7RDSPliS0lVQcfeTH2uhVzz
423,423,insert,one_____,____5208,Is3RwE3ipAkFFmak1iLUQ4I8KS4GyxdTYzgp7LKdQs4P
423,423,insert,three___,____5209,pu6M2US7hSAhCx6Qpe84sd7Ar7kXeVlTtDk3WAPqa
423,423,insert,one_____,____5210,7O7VF6EfEYwdMfFv4p6vQpuBIjuBPW4UrA57PoTAjCYOhVh
423,423,insert,four____,____5211,Vbwcxx0RhfVRFBlS76FAZHKarWPEj5B9hr0IyEFYJFtkxk108GhHIZSbnIP
423,423,insert,zero____,____5212,WVYqaRXRrREf8B1kLOGkzOmPxUd2PqjBzUuBKoS2W
423,423,insert,zero____,____5213,DwrRWd9WwmWcuSRvB3GfYyqhE6kq5NRG1iKiRjT94lzPj9jfdmTKn
423,423,insert,zero____,____5214,WrzZbXvNt8j1OTC91kZL8raWHyXwG43UDwQ6BmC
423,423,insert,two_____,____5215,3GzxIq5UQzhl8jovj4P8XS1sKATu5jCtQKMklrpic0OcOPg5stS96XtgFYJ
423,423,insert,two_____,____5216,SMbAJmiWXMXPtzcnQrmwm4r7bCOI65yMHwjQvlNl
423,423,commit,,,

424,424,insert,three___,____5217,vxJFcaHJrlHt3JNG51byFQFDeDGyexZ0Dot9ARZWK7L8Y1E27gVKifLjODG
424,424,insert,one_____,____5218,nKewjxtfMQcBkeHueLfwErv8GSCk7jTj
424,424,insert,one_____,____5219,M9EuCv316MyNgMnykVGSQAe3bBkI3bT225PdFUYECALC1hYmhXcYK2eiep
424,424,insert,zero____,____5220,KGFrOwEZ6pBDbcuilWqEFlvdHF3YIMmrYCWO4
424,424,insert,four____,____5221,yQ8w3BxZ6ksgdoTs4nEK5oApjgJxlBGN2iiDMgVlKwLVmnELOEA3v2UF9vZ
424,424,insert,three___,____5222,xc5dWH330JiikqG92Bn5RjiIutXsGR6Etz5PQznNx4qi6BPZ
424,424,insert,four____,____5223,EbD7DjzHDHbbrcfmJTo7hdbv3Isq43KBXRqFhzjpIsur2QigqCXPP
424,424,insert,zero____,____5224,JiuXijdEXmM1kWgG3HvJUpVKKPYkBA5xZBGrP5PgKC1Hay6
424,424,insert,two_____,____5225,zkjTERXNtpdB3ViM9mVESlbCGX19hFmDtv6IKKjZyaqsHBgDlLPPFCqzFndXp3U
424,424,commit,,,

425,425,insert,zero____,____5226,skfLlpAdOcSok5Qq1oDOZK5Hzgf9nSWnCqmm03
425,425,insert,one_____,____5227,8eC6GXImkcVEQHDFtZBlLKw5CclWQRAffZUfisKhoCne9DFxJ9aGh0MY9
425,425,insert,three___,____5228,wyfU0XOiLG5mXuLFn59duW7R8Ro5ugedQEZs
425,425,insert,one_____,____5229,kxnBxsgUB2duA2wAgBFTVQIR4abPdPVMSDfDO8FpgJXwjxXWaYsrXvJ0Js
425,425,insert,one_____,____5230,zScAdvaePrvdZgv1jLPAeuKojv998NQP
425,425,insert,four____,____5231,XyDXF0uhBa0Zptm6Ht77gP0H9JpjLvgod6aup6c8mmmcaOFs64ZD
425,425,insert,three___,____5232,iL6nGWKMlavZB374PKCVf5Oycp0DbLFdUHOqPJL
425,425,insert,four____,____5233,QHfCuuKLSSfWyxPjUaf66PZzr8YsSElOZ8mvCsZH5U2mU7rw8pP
425,425,insert,zero____,____5234,MSBSciIgsB1uO2RPrKZTp5vos7RtNfnt7lqrPSYiMWqCmudAvDl
425,425,insert,one_____,____5235,s6tRfM7wzXlrBULXTzvqXyVM6so9Cqm2k1i3fjhIlc6A2NkKW6S2A9EMuYCbdr
425,425,insert,three___,____5236,YRR19xhZMYCrqgzGOta5f7yXY3Pgh26sztSKD9wRuOT15v7uBx6TLNyvUsbChY
425,425,commit,,,

426,426,insert,three___,____5237,f8nBN9qSEVJFfp8AC9o2B0JyyjpBHa8JVdvPmAhgqzhRP7kR
426,426,insert,zero____,____5238,A26qKuGsVAf2T11OHRvgdy75UhGQgzHZeLDxRrh7m
426,426,insert,four____,____5239,HGyyRjp3TxQLxKClFCpQvVF4zQj5bn9dJiIuO4PgkK
426,426,insert,four____,____5240,4DyH82gcmBNPIdBXql0awuFYhd6qROJGLcdEWjfMek
426,426,insert,one_____,____5241,h5jrKiCF4jcubnhYDvJp7sZXvFGZZbKH2tf0osc6p1k3hQr
426,426,insert,zero____,____5242,a7AZNB9RalbrzbmxzN5vboJwk2Nulxz4Niy6Eq84n1gwr
426,426,insert,two_____,____5243,kGd5Nf5GMLPNhLtItBtTERJxBhOVoBCzsrxVn2MuVPJ
426,426,insert,three___,____5244,PUwL7wgSZYVM0lOlKeNbF7tKjnhSITSw7H0qJrHD7i0kjPojKbjwgb9UzQ
426,426,insert,one_____,____5245,9FnnWvO9DiC7iAyCyi38Qw2mfzuK0kdegsdAZVfV
426,426,insert,two_____,____5246,nbMkIQd2hNnH0FWBhh8om8aUUrJW28mRpv8oIBO6sx0baIfNr31mFjp8
426,426,insert,zero____,____5247,6mxWGWFCvlRZXGChjgPsVpNz0qC4aRIhebaie3hWri5f4sdsQVCvmh
426,426,commit,,,

427,427,insert,four____,____5248,emc8brMXfJ5vtHyviwU8ayidxfC0aWv1q0rzRBfFIDidz
427,427,insert,two_____,____5249,Nd6t5UzOFIKRpmz9FxlD7DWNtmRmBRILkZooofHUrQmSHY2ovWHwvGvhraVw0
427,427,insert,three___,____5250,fjihKGeDixNxOhIan0fTa93iucYqt44VGWuED7RdYSeiJvgYror9GZbX9UNnTO
427,427,insert,four____,____5251,evT6JKB9UKXkSzt5toVEpYvB2Q1mfGGimN83f3mBl7p
427,427,insert,three___,____5252,dfZD4PAtbA3kRNHSjJm5WRkoss3LmaAhjTT78Sl56
427,427,insert,two_____,____5253,A7KpqKKEBpno2vwIc1WBfz9ZyWVAnxhp1iKezoWf
427,427,insert,one_____,____5254,H5RYqBimlOeqrMUHTtgeCjKuqzo20au3sNQOm11rBG
427,427,insert,one_____,____5255,jTXupU4jedS74g26c0MwuyOprLOyK1ZKhNm0CJXE1RRt
427,427,insert,two_____,____5256,G1oFaB5b9gr6p2BcTvAjocxlMa6VUfsgKxdwOV5eVQvHKFsfdS
427,427,commit,,,

428,428,insert,four____,____5257,k2ITXkz1pJKjs5eG2yglZlokKxMTiYBZCkErScmF1H90yM7
428,428,insert,two_____,____5258,Th8rZ9Pur7pLHqB00d7UhNUFaYA7hg1mPT8qx8NxOfPgL6DTDtfBHD2C3a
428,428,insert,two_____,____5259,yBzKWS2Mb0WgvF5UOfL4flVY80L9qww8wPjaJDO9HRqpfqyMTTc3TUWW
428,428,insert,four____,____5260,V5rhIWKIBDpDDWNxBUQ3HGVXjWgGSFtV6UFVYcpyghpb
428,428,insert,two_____,____5261,PobzszYGGCW0VmHVfbN4iRISTU8tNJGw6pCM34L
428,428,insert,zero____,____5262,Rfysf920mITquLvZGRexFKYEHBzVmFT2lPjvCWZw4Wi1KXIMa97RQDSjs73CpTW
428,428,insert,one_____,____5263,rQFEdTTpOJKrVGiCU94SGzFg7BST7lLltC5rk
428,428,insert,one_____,____5264,xnsj4Jn3OdPECnOy7alE4VO8aIvWfZ0VUwiU1eLj8Om5Txel4UNWismtuXZK
428,428,insert,two_____,____5265,BrC75HfzlX87Vqk3ox75spBZR7RAOxrynv9qdKDFAtMiJ3yfyn26Sr9n
428,428,insert,two_____,____5266,7Fatk949BRxArSCzF9EQMwVV0DQvM1ZaATzoneTwupZrWY3Y1QWBVpth
428,428,commit,,,

429,429,insert,three___,____5267,zyhf73ynZAAsv205DYcEhX9eoJ0Qg0zbnXci5SD3za8
429,429,insert,four____,____5268,e8s5GXq2PhOLVf27HqULqJLTyHWBU259YIRvHF4kzyDrz3yLE7x1Dlpvmv5
429,429,insert,three___,____5269,N6uXT3uGV0hzbCgXVSr6OxukgMCSbhOphltph2MchbV
429,429,insert,three___,____5270,uFTh4JAcRqBWXGNdrOosOsBZYZKG3E9nXFApCtntUxyDH7TLQxiD
429,429,insert,one_____,____5271,CoSNN5AY4OHwE7WKaxz8lD7JAca8QRARQGQo7JDKhs36j9pdlv8PrXF
429,429,insert,four____,____5272,8Sp14zlTmud1kPhJPbFv9XrGuA7lbdG7
429,429,insert,zero____,____5273,DB4MaBw4nZU1Y1GolHpijuGBZ9zey1WPJMS7Lb6U3Mi6xNM5T5Ou1dauo
429,429,insert,one_____,____5274,yOONbHB2NmsMcGFVK01JToda7pXZTDzjxQ64Rq3zG4j
429,429,insert,one_____,____5275,cVH7CHNam8jroyjXnFSE50ENa8OuYHYwIKJdJZRJFbywKc
429,429,insert,zero____,____5276,l8iE37a6Mk7WpBz4Uz57VjtyalEIHZjhq7yY7qt08rqwPBSBo
429,429,insert,three___,____5277,gfw8hMLWVjlyAvzUBBXfpazqdaf0rqbcTauMXJ
429,429,insert,zero____,____5278,UYRtcnLBFkE8X6X5HEolBLkMAwOiKFmyX2uBWdaUOHQiXdcV
429,429,commit,,,

430,430,insert,one_____,____5279,YnVtCxjM0Jn5wgYdxNqWI4BSGzYrzhJI
430,430,insert,one_____,____5280,fBaNEGBnCZNRKFMI8Celqao8HqTwpzEKchsQNr5Q
430,430,insert,one_____,____5281,5YUaEmpMu6GAmIZ1AdGUKCYxP53ocxpC4ZfDVCR31dCoA9SAoILjOtaVqp4NFmSr
430,430,insert,four____,____5282,hsdlGxHEC6t8UKlj1Wjkl6M32bPgntTWLQwF53Nd445Q
430,430,insert,four____,____5283,uebJgx77vejQGhXH6uN5FzqglYAUqoV4hOKrV7sVt
430,430,insert,three___,____5284,Tww3uQpSbUVghXRbyrdTofC3JN4KkDhAqd95kIeGKbDYvrAWhXyua9G8B
430,430,insert,one_____,____5285,HzdRfy6Pvff97UfL3kyIhfB6lQvN9wYY7JP4hFwNLnesUVqE6
430,430,insert,two_____,____5286,apZOke4eVhbXszjG1kiaqcIhPXg1fUTJakfpwJD65JYp1ZZmi77v6i5Z
430,430,insert,zero____,____5287,mD2ivrx05qKmSwiyuCzGJZtSWJY8wjnevYE6MTo3LaLixAimvRddrl3gpXMcprD
430,430,commit,,,

431,431,insert,three___,____5288,KG9uU0At3eQLKvxzfozhmUBx9a1WxoiC10c
431,431,insert,two_____,____5289,I1Rra72ALSnPY8Nkc9sdDWm5Hb14Oq9xPfj8cv2I4Yw
431,431,insert,zero____,____5290,lmGFvqHtSE7kvt0yMxwyIcMGpxQiamdbH34hN1DpQ
431,431,insert,three___,____5291,wCrhuBtuDxUUd87WaxZJLKDL3DgVVmmKwqcy5ObcTA3GjV
431,431,insert,three___,____5292,LOo0eBfwfhs59hBnlzz8iJNOW31XcVC4LvypvPLh1a8
431,431,insert,three___,____5293,LmAcOC7dPocYADuyKcHQwFMoAM3Z5jgVOZA6zfFPAfACpuLWL3Vvy1nXyey
431,431,insert,two_____,____5294,dg8WchpF3eswt6yihe1EDfY2Jd0P2WkX2HEVqbc3PdLE0BujRT835oU
431,431,insert,four____,____5295,nRjIYrzePc7uUt9psagHaE5T0ibyN1yQUHibVgP1dZOsbPa9jqw
431,431,insert,two_____,____5296,zkNUHaX3DkDkJJPHyNkdAtklWN5goHNR
431,431,insert,one_____,____5297,9OfW5v1Ogv4bRKZ2m3ukRQf0b0l0FIpSaW63czRt4HzzYprNrzP05cc4X
431,431,insert,zero____,____5298,DCbqlbAdyBFByBbvxPaPe69L7sldGiRpiftxHSM6DeKf1SiEUIFE1W
431,431,commit,,,

432,432,insert,two_____,____5299,icvlyFdy9sWx9y3zwAFdPlnUdXSBZgp8
432,432,insert,three___,____5300,bLhGVSpeD1ajNw2tHYxGBiGJByiZ5nkgn7DHRR32n0Ji8BD
432,432,insert,one_____,____5301,jeiD4kKiqTaR1Ho5o1J31HcRP7Mt6UppuD5wfG
432,432,insert,zero____,____5302,OvzFB4viXTthvXb2xbhMDm2TeDnq0um3KBbqsIWpc
432,432,insert,four____,____5303,T3e1mNiCrrhK74aZECztLCwB5Qq8BwJgL9XvfuICBo
432,432,insert,three___,____5304,MvKtkdF4x8RjxZWqeKoyMCygi8coaz1gp
432,432,insert,zero____,____5305,hPRquzYxl3lO8l8oYAcEVgoVDymhz0CxQpHKg04wpd5IeBPpNLk2Xr
432,432,insert,zero____,____5306,hJtd5Ir6aosVL85aq4mVI1QP2ovpHnpgUu0ofQ8rbQMhiJ7lBywGOEQeITJ
432,432,insert,four____,____5307,EFTdL7qDcsJXf0ySPasHddkDpQ2nueL6hNq9lRs80LTI9na948GXARciVz
432,432,insert,three___,____5308,YtfwW5XubNC3OVsZVY1aPVDUEZ3QCk2OGdMb
432,432,insert,zero____,____5309,7Fp9GcmN8udORvdDVH8qaALawS9nJQecg
432,432,commit,,,

433,433,insert,one_____,____5310,kyYx5wUNypAz5xKNSKbzjAoFKZ7VuqA3r5hccHDwpkq
433,433,insert,one_____,____5311,YQeHdpYgvCi9SqscjkcNeAAPgv6iL4Jf1SdQFYJPPU8VoGdfmGgqjBzWC
433,433,insert,two_____,____5312,WGNeYhDRxX78543F4hBSBPEU5ApSPt8n8rfld7ilwJe1
433,433,insert,four____,____5313,ZP4aUL53wRfbmZsuUmBhQL6pI0c2D7OIajqoq0frD8rrLq
433,433,insert,one_____,____5314,FvsImYKtOAQe3smllHfduzNhaRZUzNqExNpPkoHyLS0wR67rsALMjQNt0E
433,433,insert,zero____,____5315,RwcMTPUMJEsxiy4C2CotNVc8akl4w8e5Ddx
433,433,insert,one_____,____5316,c7ZUKDc3rKbDMTFMvDVGo9dZii50BCDZzRmy
433,433,insert,four____,____5317,0XWnmhwh8DeDWU1gF8WQ2kRW5As0aOSJz7oG3rp7G33
433,433,insert,three___,____5318,9BJDIw5cFCjOC4hji08ojcaMAixwKDXd60bPWUZtotQkJ5u
433,433,insert,four____,____5319,P0PlvZDCSbJ5K06ugpsJOwtDXWtLnbEkvZn7pXOAb0tpq9ypfj
433,433,insert,one_____,____5320,X6E3fVYxlzDJPRxzUBf1cltlCmUnmMp5mm8dCE9js6KOqWEnvq
433,433,insert,zero____,____5321,7jG6vRlmlhSApK5ZqD8N8hMs5avpPUOxgeMEkvZF8CSuZt1aaCYoo5
433,433,commit,,,

434,434,insert,one_____,____5322,mudjUbJ3DTD30Wn37EdJjVQfn3dYBAW1yCkHtZmJccHh1wHxQ39zW
434,434,insert,four____,____5323,8kTWNrnN8IlpnNn2i7zNFTIkux03LTLph9YCwyd9aENFh32
434,434,insert,one_____,____5324,dN4DykTjk2Xll4VZ3ytJu3bGaze8Z0wQ4avCg3LN6WWTwAA8iSmpmtxc
434,434,insert,three___,____5325,Qik68JAKGTeJ4jMJtzvueHaQT9v9w5ke3wM13HCd7iS5FE
434,434,insert,four____,____5326,m6csnim5c77xtUprpPsRs5hl96FiI5HrP2J2mQp6uhkrnf8
434,434,insert,zero____,____5327,fKvVVz20dSH3600zVrxT7Qod3OXp7UNBmhW3JXQTnsiQOdQ0lq7x4B
434,434,insert,zero____,____5328,ZmUCJqeJYQhxzFXB0NwvXlGALRIuqSTixlsOXcOMVsDroBb8hphJ
434,434,insert,three___,____5329,wc9Tg8M61VU6rJCWeFHJZhfA8l52YfqCz36eSSCY6H5gmH4PXCqsNGBBHdLhX
434,434,commit,,,

435,435,insert,four____,____5330,mvn5EA0DqcyX2uWiE6zWCT8oafIWl4QOBYfWwBocYsF49k5NBbLQVAl6x6E0
435,435,insert,zero____,____5331,qye13HbzhQHLUT6HHrIps6OViIjHyUdtljOnKO
435,435,insert,zero____,____5332,KRh5WwU9rKGSsMvnMpDjCkWrMjFtj8U2ziNtUEIBxv9k3AjYh26sT
435,435,insert,three___,____5333,782RPIFiLvbwWUxceZDiarcGg35a61KqFQWGyprM1Fo5Sqzc3yfUag42uY
435,435,insert,three___,____5334,D6M3y9kkcrizdsPq3R3Ujabf4yIxyvtgqWa5w1RANWXKm1npOv3N
435,435,insert,three___,____5335,nUWb2hGklYD8MlK7nqp9MoajW7FP97Ep465fYc1j0e
435,435,insert,one_____,____5336,5OufB7A4OXImpz263fAVvyZAf1KyM9JhfOosyPjRmMOpU9wlpOPGH
435,435,insert,four____,____5337,qtQ5MNa0UVSFHlQWl8G0ctB36Iwipad9ljCy
435,435,insert,one_____,____5338,HSZo0HLJ5r4gTfzfM4el9cfngVO7zx3VMDffqMc6vliIJjh5tC3rTKk55h37U7
435,435,commit,,,

436,436,insert,zero____,____5339,RzionweQltqZyQp1dVsJ0Lo9EEQpRbejvyxVgtca5I
436,436,insert,two_____,____5340,3Z6cAsbeoKOVJrKcHKEWu8icPSCuQxZvc5xuGI7uXwm
436,436,insert,three___,____5341,aCgojNwczntq9aTeeUkf66njWj5qG4YvNwL9lveVtL26KYK94fC
436,436,insert,one_____,____5342,6q8LBOkc3AVwuSxpcdO0LXRAIMFoJVbgTqMvB59oJOD85fV83xjJyrp
436,436,insert,three___,____5343,PIBOyBb00XCDQQ6cXdF5vqDN1n7P4fLA3G92GsgYjM1lhgFq7IIgixg
436,436,insert,one_____,____5344,Wz0tAIZ9waAmT6edENGnXQGhvxTH0idoYn22kyBOgtB9lh6tAsP
436,436,insert,four____,____5345,jOmdcJBMofBmGl0AvGRI73z17FK8Md6KeOhMjiAG
436,436,insert,zero____,____5346,ahLXsV9RgUZT29j9UO6MuxYervjBNhms5fqguKJX6pJCogJc9gLRPZ
436,436,insert,three___,____5347,7bY75jhTIoY9IqUMBhafB86FHU6v9sqEtsxWxQ
436,436,commit,,,

437,437,insert,two_____,____5348,4Hi4BumqllYzGQPPe8qMFqKmPFTPJZmZ26glRhrqwSpWJHOBt45FmR
437,437,insert,three___,____5349,01B0M11jBMiddPxcig33s6wkoLvSyKidbJplN8PgQqCNl8xWtR72Vg
437,437,insert,three___,____5350,FEQZPFBgucVmxWxT6d0uFRxLCTOS9WZoAKzZ3Oz
437,437,insert,one_____,____5351,VS3HxQqnr20FYwuNlM0frqnXD7CRWuzbxQcsnnAHULOG3NTLXERwlrE3
437,437,insert,zero____,____5352,IPEmojJdWotSu2RH27wL7Kq6wzUZCm2jQByg62c6dFUw
437,437,insert,four____,____5353,GTHbBEBIKgpKDRbyhcmMkrZBZAkr4n2y9z6FB
437,437,insert,zero____,____5354,MBBwKVwtkUnSDwYAgCVLywzR43XXfhVt4nEzeXxqra53zC7HRgrDpW0Go
437,437,insert,four____,____5355,PeaKvHhrrKydb33IVGO7GNYagVhqMl69FKTx
437,437,insert,three___,____5356,8tX8D39ZYuO7rZEzFwoAToK10pA1cGkuts68ssmxk
437,437,insert,one_____,____5357,IOw5BvRlGs7rqNRTN7jMgQkDPPhefp1BS
437,437,commit,,,

438,438,insert,two_____,____5358,k5Xdc4kZASw8lXtbmE6fvE6Sghc1eJVLzehG6hq2Wm
438,438,insert,four____,____5359,5Iy9EhHaZ7yo4RcWALQXkeikDwRntg6I
438,438,insert,zero____,____5360,QF1cfFwHQJPRGmPB0gaK4x2KnxHVSgvTh
438,438,insert,three___,____5361,vgVHVJxBHOwKZOuVyXIr1cEYAu0PjPXPmT7YGnUdqnDqxdEZZrfOuTGspCNj
438,438,insert,zero____,____5362,VyQkHerwCRVxRWk3wKaZxfly4J6mcpiNbEwOXNtJUJlNF29Vtrj6c8Z8k6f5
438,438,insert,four____,____5363,OSEjBjzttBAwp8ICXPvwKZF9kIeUwfLNALMGtt3iX
438,438,insert,four____,____5364,ENytDq8Jff4XY6Ap4RutzPduUb79uUF2yRy1LUDSmPI
438,438,insert,three___,____5365,vAR36L0Y6Kwq5NGB7f6H7fc2l1dK8LYtHrINYTVxg
438,438,insert,three___,____5366,dkPOec52BppFoZTJOci2EIq94nVh4EjDS8fshl91
438,438,commit,,,

439,439,insert,zero____,____5367,S0nlZA3PxES80yl2Y44kq2vPJ85KxFtfyYo8wWaBa
439,439,insert,two_____,____5368,tQ2n7EIdmtqTOusHNpuGRY6dJejrPUcTxPbto2lyHX
439,439,insert,one_____,____5369,i3R5KwnXRp2blw88Oi58Wgo95cNecbPJ4VSlB1wBA8UCRD72al0Ov2sPD59FACW
439,439,insert,four____,____5370,ah2W384GFIjcBH6ZpAFZ28kECjsIsyHqTDlcBID3Vtv49RMK2HfQ2uBxs
439,439,insert,three___,____5371,Tgr6zUl6DHugpzitz81dBzUBCiK2RaEi5nNiuGFs1CItAOkxUODiTf7BUCySB7
439,439,insert,zero____,____5372,q4rpENgEZWBzT1sQ4PyHAwmVhVupavrBa6PYEe17v7TyEaZ6wRXNPxz
439,439,insert,three___,____5373,zGJRIsJxnQtIi2IQ2IjsHpz6IBodDmiwyYBlFCDp5s4b1ikc7GC78UroN
439,439,insert,one_____,____5374,GvlSFSodpyQM2SXuD4czdtNHS0LpyDnWfI
439,439,insert,four____,____5375,oTg9jjk8ca8fiHiwoxRqikYOlB5tuoY3AIoYelczX195UhPmRyd58zRL5773Hw
439,439,insert,zero____,____5376,GYztxMtLzaZHbsj5x4Q1I8isA6OmoJPIkeaD83J0p5sC
439,439,commit,,,

440,440,insert,four____,____5377,Uw2crX0IMRyhojw3xPb4rV33J5AlpCj9FCoZSxUt6EMIDiOkwizlVOlok8H
440,440,insert,zero____,____5378,AxDAcBvcLhuwLleDR3nPlkfdqChEgiTgsTVyala5htR
440,440,insert,three___,____5379,lYZ4rALZBZd6gFrb5t6GnXoDAim0zzKHrZhyFcG5EdRDKzbG
440,440,insert,three___,____5380,JAosp12pzu7ZcBMBXukoRTeEM9PyiVb3hYRzL
440,440,insert,zero____,____5381,scbVULlRr0m2xOY2n35narzMcKyN8ENT0LD4N0d3mNSgOeCxL9
440,440,insert,two_____,____5382,OYHrsQG6MnQTrzWRU9qTRpmSfJzSEcCfP
440,440,insert,one_____,____5383,miWrYWhNuwxQUkukGjvGCgjHBHAyko23mlq7Wzhwo7Ov2henXcXC2
440,440,insert,two_____,____5384,afTxLqfGYBo5QKORW17P9XXxzZSe7a6tx0
440,440,commit,,,

441,441,insert,three___,____5385,AkdKkzYeWSM4Y1ZM3LsImjcmn9f3AXAm5AiTm7UhAOZ
441,441,insert,zero____,____5386,THJtohKMLetuUHcPpAH7ElNXF2tXTTGvWhNArCr1e
441,441,insert,one_____,____5387,QuTe0xRWeLIGgUEuuZmE1oNVU6pqDmCt4PRLPTk5YUSHHTrtKrr8BWtd6
441,441,insert,one_____,____5388,MBgoKcoFIqQhaTcyvMprahJ2nkzJUK1DVJfJVXiRsk4oDDagm
441,441,insert,three___,____5389,8lPhyulKESGkLM3pVAuVWEpZPFGvgsUdmj330qRs9PbMk
441,441,insert,two_____,____5390,oVItXGxYUxaWdU6mfsB15wMaqdbdM7V0m
441,441,insert,zero____,____5391,fOnB3Hwozr5iswSsgOFiB5Kksq8bd9Li8s3Emg8juzzlIVAxum75U4deA
441,441,insert,two_____,____5392,RQL6gwcWCC5OfdJC22tsWP5fjP2varTdi4U
441,441,commit,,,

442,442,insert,two_____,____5393,7iAn72TqozWhWK3ctGfdH3Gre2Apwg397DYLGp5yNbw2tZcWUqaUkbnkTM7
442,442,insert,zero____,____5394,hUsj7goKDMhfCuJADW3FLYRYmxzK9vL1Cw9kBfnteMyeVrvLOQhxiq
442,442,insert,four____,____5395,zDP2m8Kwi4okvefVHrMXLcTZwEECMLXkMnrBaLo
442,442,insert,four____,____5396,vaS3q4u3zAwZTkw6kPPdaC2Y3bxW5RCvVwUhNs
442,442,insert,zero____,____5397,UnSCKqAoHo9luVtVoEFquIghbOGIZEC7rorDnKffnpTNZ1dlTit3KtxXU8hvUg3K
442,442,insert,zero____,____5398,eS3tvS9n23LBN9NUVlD9jWYEXok9rUMxxZ14BgZsepDRjT17t
442,442,insert,two_____,____5399,tUxZ1VOwDMFqljER9kGjGBGAlvIPSO4wecww776QyUXO2hUZyI
442,442,insert,two_____,____5400,vZ23AdvkdyuesnNgIhj5GXcNZKtT0HsuF8wdCwKa2szZpZjKQh
442,442,insert,zero____,____5401,YaMh1bLoAp0SvtsVNx4LqtTo5OqSkMzogOZ486cM0Vsz2o5xmeAlpqhuM
442,442,insert,three___,____5402,3vds7ofHQ3vxkakR1ZnQ1SvWMgqwNmxM3AVFD
442,442,commit,,,

443,443,insert,two_____,____5403,C6CK0rysBYhgIDaaTPp51Vs5Swtyu1ldwEPkqtRwKPIYsjzelsvlvqLPbf5Ss
443,443,insert,zero____,____5404,0JdTOQ79weR5KvarBkWrIzzLUlIsvQV5k7y
443,443,insert,three___,____5405,jB4MaGQYpHw5nI8g4ZLGpFOd8o8E2H6CVAHBTybJuEd1Zd51m0PQ
443,443,insert,one_____,____5406,Gq7NWSv3Noyx4HsGWuL4iLDky7y4JGodkg2sVUGCs3ribKpK7toz0vDctRcQlgbo
443,443,insert,zero____,____5407,j1msrxtPBMBMWFFepgOZdYBEUw4udaVSMmv
443,443,insert,two_____,____5408,QuNab21KUPaLJA6BJYKcg5MS9uAAMaMsjjtWJqeQlGv95fcuFQr2AJ5v0
443,443,insert,three___,____5409,2Hr9UE3u2LgMuAhPZBIMlTjuiOdie86Zu8RxR9xLTe5ONskAg91MQxfsVgRFtg
443,443,insert,one_____,____5410,IhofpfeUgfIXwbhZDnoDF3dnHalJ0NB9TNNI
443,443,insert,zero____,____5411,yFjtoPqCRBgMnZFH57BWb65WLriCwFK8RBBu6ZgdcFVf4nvWtPSRbS8Dz
443,443,insert,one_____,____5412,BOKFJrDvi9hXFDVOEoHUrVwAY1VFCDGRXzEqX8rG3ZubAbdMyo5tOj0fJv
443,443,insert,zero____,____5413,yoqLISFOVPuL5x79dDmVUCn2lQqPnENdfyAip3CcT3aJWHpu0lxH5
443,443,insert,four____,____5414,WKLm1BPiX84eym4z4ugnN6iUPtAMqgyqe7K6VLgHvlxp
443,443,commit,,,

444,444,insert,three___,____5415,93mCtcSTaZ3DA4mDRHxmsEjuLLhnS4hl9v1n
444,444,insert,one_____,____5416,XOZr4K8QyFyGBA8BrNm7OAsUCDLJukIgRoYMYaMEIeT7iTbx2FtKB
444,444,insert,three___,____5417,mLZ8tFvCVtaqsuUWrCP668EosqIbBfjEEMi42E0XQvSRrBBLGi1S77
444,444,insert,zero____,____5418,gtPRb5GuD1LbbJ06FzAEcGicjS5A2WgQfJ4GVLAEcDSILR6UnKV7ax
444,444,insert,two_____,____5419,5lNJYmR0HZfkCoHPauXaVU7px6MQvVQtI3epjS2CCbCGdPwjicb48PmG
444,444,insert,three___,____5420,APeRZdWx5gnqagcv5aGnggA83X9LkLMxYPywf
444,444,insert,zero____,____5421,kaeuPuko0mpyoodFLg9xxkMKhYaNN9BkMcNJzJo4oR
444,444,insert,four____,____5422,Kl4l3EqldplGZucnVFE42qJzhLcupK3QWE99tVw8RXN9SzfizBg
444,444,insert,four____,____5423,3SZKZ8CJMDjsYiOQrbj8TLAjmri3RFzvX17CRR08NMpEbYZTrMQbc
444,444,commit,,,

445,445,insert,one_____,____5424,ItXgBwJygo3d5MyIe7VyBKphcA5usdziTMWz
445,445,insert,three___,____5425,0hh9iczg6GEt3wloPjzU1ruRKKZKUQheGRBsYoEOpTdCMLG4M7tc9NKM098AMoi
445,445,insert,zero____,____5426,AQ6A3A81ckyOsTTSjiry14XdIdpyFkbmvw7ed44kLeRaC527mwoiRkzXxa
445,445,insert,two_____,____5427,dr7nkM9Ef37NPjiiX064DbiqxOyFor8oCofqlkFF5EBIOT6g6T319
445,445,insert,three___,____5428,nq1WOmgvje8ITUr6UnCGJppNOKiJ0cwCN2pW5HmstXX
445,445,insert,zero____,____5429,2tuYXvpLdME4AbsptKCyfg3PkhthWoTcXwXyrUO0pVru0hitd
445,445,insert,one_____,____5430,6J7bqzoV2FhuLm6wk1kczuzKrtf08g9Gf11l
445,445,insert,two_____,____5431,h0KxGXcomwBsw2lb8ZsodXSMhXZF0h2FyxoBQBg1ZveQ5qI
445,445,insert,two_____,____5432,52DEc6x56bkXa1S3MuBWgnp52eAGRRLpQTfbAB0s
445,445,insert,zero____,____5433,tKpeD5OoZLYjbA6pcGWRAenAK3Y87Fszxh1ZO74
445,445,commit,,,

446,446,insert,zero____,____5434,hnPQdKnRa8FGv8chKpO2RzrSgPPnLRnTjxXOffzubUULW4xTy
446,446,insert,one_____,____5435,gJSnp9zZTLKjhIkdqK1U9PMQahipOhxs82CnrtnHPmfUIPHn
446,446,insert,two_____,____5436,32H6sdhj82FQFekRuv5CpEQN6xLsX3xmH0xUk9PvlR8
446,446,insert,three___,____5437,RNBKW0HDgl1ubQwKgQ1T8TJUquJpuyEZVtmTk4zRWHYA2VVakd3Fl0hmhbH
446,446,insert,one_____,____5438,SvkT11kgmI85wAcdyB6uzPrw1TXPd9T8xxlSeqKKvQnKVCcH10hZ
446,446,insert,four____,____5439,8xGyi9AJ9WsygI5XNEe6oVVkzdFZNRDLjcclXbtyvkdN0xGc0
446,446,insert,zero____,____5440,XUx9s2QNvV50ZUM6S8aDgD5MBzzlzWEULM
446,446,insert,two_____,____5441,FjYDtp2XEyGqOqkHw0f0bpwEovrYge1V
446,446,insert,one_____,____5442,ILzRkWlGNmF657DY0mXpUzSavlVlDpns4dNaAypRi1r5cxxvJVX0l7SJBWXU
446,446,commit,,,

447,447,insert,zero____,____5443,wm2iNEza2Dg5hnWm2rlqzcboAwkYOW93o9UcfZ5NeM74wcGe6IFXFOdEoVm2Go75
447,447,insert,four____,____5444,pOnvWthyC5zMatnUiT2ou7VNb6qn8v3c0ieKqX
447,447,insert,two_____,____5445,SJ19KOOEuh7fHX6QV4NK6YEC3nL0N2tkKF1YfmttR0E7oyM4yh
447,447,insert,one_____,____5446,7qjS81sesOwPSG9OLXComVtLstxoeKbbvNUqg2i7Ap40gWr
447,447,insert,four____,____5447,XD3F6YQpj0esYJmls6k4P1KkBnzpltgBu
447,447,insert,zero____,____5448,oFY1f9JYGdqY9BUj9cCesEIbLpdItHigvAAKBSE5KagfoSX7Gf
447,447,insert,three___,____5449,uy6BoETb7VHEhBVWGzjSjyNzgIYupyAmLFpGxM1H
447,447,insert,four____,____5450,frv7n3NzG5eMMCMvFZdBiPv9glnz8tGmK4pXayqZZTXo8KX1ifQsh3tvn
447,447,insert,one_____,____5451,3Ii0kfZM3sC9YBOcr53E1pRcBJh2nodo3UE4anDUCjL2R0
447,447,insert,four____,____5452,mCbIUoO1lngbCz4J6CqYuIGdXYPXFThbT0bqRWQn8FjdasCiFzN8rnr
447,447,insert,three___,____5453,CdY11TtZL9sZgNLZFdqSNuWcMyojqYHXUDnDOHuxJh
447,447,insert,one_____,____5454,zNX1WbdwclwGeRu4IG38K47uiABvHNGUQW7a79z5c4CkkWKKT
447,447,commit,,,

448,448,insert,two_____,____5455,ugGPdXWMc0eVDYraRmuvJKqYKgFY5UbImcT8GjW23QZOYCTFLCZKNEK
448,448,insert,four____,____5456,9CXCOBSb8jT2RLGUK4KFCmNvpF9PP2NqlV65ztR8J
448,448,insert,four____,____5457,t2eEJdEtQREBANbTp7haBOeMHOLDvWBl2yPKd2RaD3AxedB
448,448,insert,three___,____5458,dBiMoOqrLjeY4IVl0bYH7sJnI5R0zoBrhopKp3nDJMRuFx
448,448,insert,one_____,____5459,kQgEuFZ5ZxAi4r2leSk4CQcyF5PgWJDCu9
448,448,insert,two_____,____5460,EwQ2cxZhd8OKb7nHjb7njdoSUtHkR9FkBwqPo
448,448,insert,one_____,____5461,lvMxsgV6K48pH5f5RqhtyFfhhh6zd9KmCdVkdUFblcnL
448,448,insert,zero____,____5462,UUaL18TqR4JEFDKNxrz5M2ryn96tFyGVvcmWpP44rsOZL5dlbK1
448,448,insert,two_____,____5463,AJE8ehxzCUpZlnzzJzDp6lcsuJ8vA19iZSG
448,448,commit,,,

449,449,insert,zero____,____5464,sXnvSj8yjMgh6w8EVXaxxUsVVDHQI4m83BpxDfny9g
449,449,insert,four____,____5465,rsYEk4Vwlvrf4TjT7FEoaECWBe1vfFLFk0XnU
449,449,insert,zero____,____5466,nowOlNA0hbStPAfrc97kDXA2l5TT7IZBFg
449,449,insert,zero____,____5467,Dod8qZRe1dGE5Pn8kOJzXfYVWA65BTpTmLGSBXtaPPCQ
449,449,insert,three___,____5468,Pa17mm3ZOyOdzjJ28PdFQxIQJVUksgUQsHy1Y5LaqNvJ9mnVZj
449,449,insert,zero____,____5469,r3krAg9WXtMOe5inpxqbW3qiYLKh4pzFe6AYnZ43lR2kspAfi7wN6bRj
449,449,insert,four____,____5470,kgOHYb2imOKC2GRzDQVDR0GkHFvG3MsPjNcI
449,449,insert,zero____,____5471,2fc9yOKu37J16tOnSTj1NEZWmDUX60PpRob2x47m
449,449,insert,two_____,____5472,a4Z174mAs3Ea04dYb5vvdBdoDvjT1qLlDhRlMvS4TEEHWk5UBIsbbWLh
449,449,insert,zero____,____5473,ECbejWF7rlNJQP8P17u59YKpobRBsYCWYYHjdq0CdlF9GNQSwiwqrV11tvf4Ff39
449,449,insert,four____,____5474,8M9KX1eTu4CBsaEX8MsweK5Ey9uNUmjObyC9WKtR
449,449,insert,three___,____5475,e6wBLd9YN3YneQWc12Qjlk0RMtftsWzkf7We2nONNzfdx7mPaam
449,449,commit,,,

450,450,insert,two_____,____5476,TzQmZBWVSV9d7QcMTczq4g0V2m6FUJbSCkVXZSBy5pXHwmfluX
450,450,insert,zero____,____5477,wqPNYnIt6kZpt7mo9Q4xo4qrtIzMvO5ozdWu9ffz9CnPnKD22s1B
450,450,insert,zero____,____5478,oAoREVZtGSBHpNilDVJHKKuGPVX43E2AVqOGDJ4eTUf2zveE5qQPN
450,450,insert,zero____,____5479,9deGIM2hjVFLpCADFlxPhF4zsbR0bQwWbmcCS94BjTmDH95b
450,450,insert,zero____,____5480,L99Rkeg8YToXxDUevGwPkZFHnY3fQGvSk0JbyHuH095dz8yr7CDAoan86
450,450,insert,four____,____5481,aXEFyKSCkUfGZRx1RRNRAbY7MDAbgjRu
450,450,insert,four____,____5482,Akg1KRICm7W37qUHiaRADuRTudj1puLu8cCkXgHo0QEj86nNJtax5qEoPZn4
450,450,insert,three___,____5483,SwuBgIhWLeL2oTZ3EFlqpXLscLw6hOQDqj5aCUuDSVCyVbL67u3EwQIFDc4ak6dY
450,450,insert,one_____,____5484,zk698ViUKzG7SUKJYeshyeMSDg5vticn9DDJ0
450,450,insert,zero____,____5485,jl7yDvqDcMLcY0DjZq9ZVelGboB6QVI66Q7grqVfkPDD1kXoqg6L5Wc58UKXP
450,450,commit,,,

451,451,insert,two_____,____5486,0LVtrv0pQIEkYrgYj3yi50AXw1LujPHi8jVNW03EY861ppshksEzo
451,451,insert,two_____,____5487,suxMAiZIoOCz5rtmNufc1KM0Tte5bZoWWupZMTzvk1OcXtjT6luRqZdmnG
451,451,insert,zero____,____5488,M5cJ9zSIKaAvWxPLwGrabsPvkrVPjId7P3HIep
451,451,insert,three___,____5489,7Iw1Ky4vM0odNuZASnWxnR3H8HkP1zNc6gcZbApu34LL9Ow3VG
451,451,insert,four____,____5490,BVuO5fYTQB01gRiS4AGpxNl3kJz9jyqD0w4a8zgYux7UJv3LAHyQ73t5mT8vj
451,451,insert,three___,____5491,mKaHUSxYbn061HlsS78amEt1maXSQmZ6TN6spJLlUwI50cuPOw6dUko
451,451,insert,zero____,____5492,xx8EZsuKBiVHUWkIpqB6RCBt2SplnJOmYUWWkFBa32soOc
451,451,insert,three___,____5493,qiZXOjPZ2NEAR7Yzg0Hwqh9qUwFiU5KOK
451,451,insert,four____,____5494,v3mpHX3nii8tintC1iX8TYLN3Ro1jWJHknLG5dzXHciSw
451,451,insert,one_____,____5495,dncQsDeCuszGOhjQqJ3tvKq2eKRykI5z7eRkXdKiznQQ
451,451,commit,,,

452,452,insert,one_____,____5496,N3zsK4Q3tjZIul17trBZUTBuBFyl8uPgbxL
452,452,insert,four____,____5497,j0ZlIuRnL2XycSSMaIypEkjv3NwI5wmEhCHVOqVNi5goMYC
452,452,insert,four____,____5498,iGGY5nCGvLbwe8G77U6ZTsepQiASUcyCIXloUD
452,452,insert,two_____,____5499,yjVFVmhtTEQDfI3NQRSYMSKBFqhBsR7DIePDmrCqwKvpD1Hf7xjPOS6byM2i
452,452,insert,zero____,____5500,vnvRAGBGUy9ndeuJAYQE2pOJQ8TLbdEZoH6GG5MdmKtWzmTpSDp
452,452,insert,two_____,____5501,0tsK1Sx0du8cAbc7wmcaIK1OD9sXk4uZ4ceT
452,452,insert,two_____,____5502,NOdVacA4y8OkclhZfzWVcGC9AawTfVPCiARVeCfs9SnQ
452,452,insert,one_____,____5503,RYBpqllnYisgDHxIuMiNzfLQELQtOHPTWDC0a
452,452,insert,four____,____5504,5xFfahApLR9WUWSLALYuiLgPrGcfYT6bP
452,452,insert,zero____,____5505,sKPJQayvVb4iOcRYFt6LvSPjTeHRnZetTcOsaTM3kSW
452,452,commit,,,

453,453,insert,one_____,____5506,Vp9cbPASZnPpsTusDMQALWe2FDKuH866sDjCka
453,453,insert,two_____,____5507,LAzg2Z3hD8LWbwbqLXt2jtVvc8Mj5lA1b7xXXa
453,453,insert,three___,____5508,MGfPlRyh2PBsf0RtkOOPWy7jmn9QhdYPCXEI4M2y3EEe7pXi
453,453,insert,two_____,____5509,8zi1QY5RNaLUWv24UIR441OISBPiviouwx58iFpWKMoPoAoX5Li
453,453,insert,two_____,____5510,I7eAOjr2LLQdMWqDkRqjsdP2igrIZyBRk65Gd3COw5UmZI
453,453,insert,zero____,____5511,xdmC0C5sM01rHD9LSgBGeNcncJGcb1GRIfQ1JuOFlJRZO16Ch7Me3W7OEo8mMd
453,453,insert,zero____,____5512,EDQ7Fs84KtPRLLwKphcb8tbMhTzKJc9cFjdibfs5v9YydlrV
453,453,insert,three___,____5513,9ahFtiGfAiN3RBeSY3kYydogyl6QesTDqI6NgroGzwtdC
453,453,insert,four____,____5514,Yvkr2phc3jiZ0BvHur6erqbNjGONxoau
453,453,insert,one_____,____5515,O3ZVwUqEidHsejR9OftOCIkbqvCxKdTjwa9xqC
453,453,insert,one_____,____5516,nyS0MpYLTfiYypAKic7YMn4aeVNa7g8Ef5mARRqs
453,453,commit,,,

454,454,insert,one_____,____5517,Lf4bNc3B7BxGeEQ2G0IMsQxekG3WQrv5F9M4otA
454,454,insert,four____,____5518,tE7QbaLawl2MGlgZTnzYjSBvQRPDAWDK5Ku7jbcbMa8phjuFhJwlZIikhLLH3wUl
454,454,insert,three___,____5519,SvxopAO3qUP8h0sUGEkOoQ9Ds7I3s4GOJwfi6mQdaQMB93kp3O6emUjMl
454,454,insert,zero____,____5520,21im7vP4wEICdgwEmrF47keMxi400DsPv
454,454,insert,one_____,____5521,9mX7MPScpe2NaBZOltqN1qDWra8yPuC7VWN3PNkdDWTd68MxT02kdjiCxOHa50
454,454,insert,four____,____5522,YD5XqZ8OZZ1NnG87uiAcZyYalBeMsndX9IANWonUo0SmhZsRB6R4l
454,454,insert,two_____,____5523,5RJa7y9WDHlTDRX8JfUlnqKeJ2A9Oq5Mkc3FHIyILivEM
454,454,insert,one_____,____5524,P0W9qtxb5eFiR9NluOaTVUkLR4Xffcq7j3FZBfrDmKMavXEXzxc
454,454,insert,zero____,____5525,KkBAnABf5hUxuxjmttEmyp9CHzsDAfNJXuwDyymsfqqTEXiqpaPNsMlq
454,454,commit,,,

455,455,insert,one_____,____5526,4vxt46sPtiD89lpF2pUg4YHI7vwTqogTMlw32Rgfba7D6jU
455,455,insert,three___,____5527,C9eT6SIc4rCz715AqwYYWsiqYoDo78CSl7pXir21iDiH4hesi07xRg
455,455,insert,zero____,____5528,Wm4cjRXZZalCWhHxaxcOlEQ8E3eUhWUvgIfQubiuYBXAYXh3inAj7BnkW
455,455,insert,three___,____5529,3rKxTiTcGwE5HWsa3506QjcMTU4JCIGFdHoe9WlTCU0OaVj0Z76uK3BwVHsMjZ43
455,455,insert,four____,____5530,Fhs5KTZR38QDy9gHXLwk3peEI5NrnAoZUQAV9nNsY8Knx8zsbJk
455,455,insert,four____,____5531,4PZvnBrY9YaiOhiCUtjRBp5Crv8EY4wB2tn
455,455,insert,one_____,____5532,fKtOsxHbPgza0t9QTHb9UReNwWKOENZeXcq8SF
455,455,insert,zero____,____5533,WzJmyGp1KX6OYINIgTDElXeBQiK1xqAojSRQyQu1s71hxs
455,455,insert,three___,____5534,DF7epc2Z5hWpVCvgi00kBZTI250JsaKRTxG0IrALIfLY6ivSTA1
455,455,insert,two_____,____5535,lwu2THQFkFo5heq0LttL5DIPPAJeyD1GPGv2ipH
455,455,insert,three___,____5536,9b0yXhB5XU8lz9AREfFv0bBD4vVNvThqX4K8kF58yu6ShZ3Ag79Yf4
455,455,commit,,,

456,456,insert,one_____,____5537,OOcOrxkBpCJTrlTWjxkdfFMe3iMf0AcjoVhoJMrndCXGSk3PFXlMYu9
456,456,insert,three___,____5538,YlzDscnyFQvthY8uVsUoa4sl6CHeO5LJekvaBAZHKTyiY4l
456,456,insert,three___,____5539,ugQFJwZeLEeaXHF1OF7ObfdwpOpW2Zo6Ii8dRKBdACkVKmjhDvP2
456,456,insert,three___,____5540,yNSLASmjRiIVQEBzWJf7ridjzeuQHinKUGLSkHZppWr
456,456,insert,four____,____5541,g3BtLsrGSZ1TZCHBfFSvbkEXS4byur45MSSgle3cm7JNmXhtOU2tHWUQul2Oc
456,456,insert,four____,____5542,GiZCEq5RRRpINCQL53S5usoMZPoCYN4oQ3hvqGcszqBshHW7KtSgSE
456,456,insert,zero____,____5543,cvuNQPJXDd6Hhe0ZWpZd9sAlVZwHFXhxWgu
456,456,insert,zero____,____5544,0KacPudXUTvJtcthvGTEodNIPFn7fJAuugh7DQ6EAkB6
456,456,insert,one_____,____5545,qyWCwaAzdAYw5jvsBGqsYjLm36qWCzlHP33rPve370
456,456,insert,two_____,____5546,s6ZPIKBqBUx530AN6EAXk0JqvcxWlRPMFmW5ZkXKVqlqnU8Ul9n5
456,456,insert,two_____,____5547,4Bg7vPX5DREfgEo6Cbf6nDCaqM6KOrzIYqeQlzMy
456,456,insert,three___,____5548,Cr0LKQkJq7FobicEyxm7nn0CNLxI6UyvQh0EuENvyf36oMctZT
456,456,commit,,,

457,457,insert,zero____,____5549,xFD67chRUFLQ8CuXI359ahH2G1tG6KtqBZ4ghVyCrjbWx0Q
457,457,insert,four____,____5550,qAkjuyrUzCg7M0I7UK3gQ0BpZKnT11yS87e
457,457,insert,two_____,____5551,0N1wNYpgHtm6Onu49zomh4WT5AlhoOffdUDBgZKtirVoQLDkTUv6vacu0n
457,457,insert,one_____,____5552,lPZBlW9ZJaLJqMzOrEzjU1KvE3Zm81sZvKeMRs
457,457,insert,three___,____5553,0VBZveoGmBxWVKCh5tAfWbb0rRu264i1iXrox
457,457,insert,zero____,____5554,JFNwCFe6U1yTR9ScaGrzagZ4yq3TrOG4CpgO5wg5xASfZplRsAQcsIc3N4YcZ1
457,457,insert,three___,____5555,14pBFEroouGzn00Mp6A0iHRA5GkWZXMmZC2p7IQXql6rjvOoYg7vrQ6e
457,457,insert,zero____,____5556,1qee2sgltgmM3G5IrLOhw9pyII1cVdc6HVX0kw
457,457,insert,three___,____5557,svnQRBJUVDdOMqj9L8mMkp7adRCZyz5mzFqeEqALFEs
457,457,insert,zero____,____5558,YnVQmF9PNtxiw9qtPnythmCOXVAlBQJftx6s9OOlqR1jrXX9N
457,457,insert,four____,____5559,6hMttdocao3OWKmxiokkypRSZH9VvJJa73tgBvwvppw
457,457,commit,,,

458,458,insert,one_____,____5560,Wuo0fiA1mlpGbDkGkz3AJ6226UOqeB8E7ep
458,458,insert,three___,____5561,6twMvNO4UdfPOMC4RjAR1hJXBU0508X7e064xfolxgJ1ddp2ZbbCOXvNd
458,458,insert,three___,____5562,aPYHcfkUAmT4iBOd1VI076xqthfzvohChSs0a
458,458,insert,three___,____5563,M9R3yafs22oIDkLCGsxhyVu2qJaHIknX9dZ6Nmbqz8tmkVBRpC0
458,458,insert,zero____,____5564,MxRCijse37vnQZIsDXmy4nI2Fgz9DVfhD9cX
458,458,insert,three___,____5565,7ODrCqsN0bRDXx5vSnyEdSFDccC40yxoO
458,458,insert,three___,____5566,LeuPUDNDXJ7VY9iH1gyUg7Qd36XBDJRsXu6kJGAXZy7GnRR2d
458,458,insert,one_____,____5567,KtSHZwMuQpDqXLKGGgnLXviGF5OZsJiov
458,458,insert,zero____,____5568,2ogWoZ7ztZlhxywM6gFihsRGLfSeSL74m3Z6SaQFqWw
458,458,commit,,,

459,459,insert,three___,____5569,TGDu1TGDjkYgC5sFOsPbqKRm7PjlPORcTrRdKlwpAgy6LrCSTNC
459,459,insert,zero____,____5570,57UyipTnnIF2BkyCekkDOvjUfPrAj4jKTZnXwY8uaQ0qQvDesN
459,459,insert,two_____,____5571,4PMkbxx0Zi0oGO5RGNc2ANPmi1C3wc4BvHeW9K9RKvH5VcuD1BkUBvWOD
459,459,insert,three___,____5572,cpOfLkyv6sgW83ppg1s12Km8E0czfyqxA
459,459,insert,one_____,____5573,r7l7nYXdkRjG9WMcHg4Eh2h7jfEwUp8DEz
459,459,insert,four____,____5574,toDbpXC0RP61UlIAwtvw3NWTynsgjA5kHk65MeCjKG0NdhvyE3Zu4rP1bVnRUC
459,459,insert,zero____,____5575,eFG1mVytChMNiefKtlsPLT7YK70ModpEfieEm
459,459,insert,two_____,____5576,HmqIaUGIL1n1wESzDbJEpJNOjuUDostcz1x1A8lvSESrxjMeSsOz
459,459,insert,two_____,____5577,DAgvi9JsvGeOT7yG9SJU7tpzvdIiBjPaEiV
459,459,insert,two_____,____5578,i2m4n5jirml8dcBGZqc1O4nhfZaCY51ROQJQRYc6cmWK
459,459,commit,,,

460,460,insert,one_____,____5579,b7sNrNHftfDnxZ2wJwKm5c4juGddqia1zpcq9iX35dUokRGa4P80B4B3R
460,460,insert,three___,____5580,mcQJxx2zYmv9VhkU06Tv1s0ciLR3c4htzL9VMjOAQVw4Z2CAQNnBW
460,460,insert,four____,____5581,iHVKah3aYHKgnBv14YwAfSMixV13NRVkI
460,460,insert,three___,____5582,uqArNRmJguohtVItdoOQu92QIVwbhDelPv0i6
460,460,insert,zero____,____5583,8Bnu1uGRvBS7J3ijzASj8qKfQRTgv8aI49jFN78RMPV4vQBFc0wD9C
460,460,insert,three___,____5584,MiU89g0RwsidFRbU70b13xdmo9VRzsxf6yH3rjL
460,460,insert,four____,____5585,jvIu416pe4N8zt8jE4vYaKKCcqbtnxRxfN
460,460,insert,one_____,____5586,X32oteQNG7cNlaoHnW5XKSxgiET9tTg8ze5Hr1VIuiHjWAF5KchW7C
460,460,insert,zero____,____5587,8OowTO0lOFLcaoDy4DV3sIP8kLQ8HpD8OHVrplvE268zE5MF436LWXHk
460,460,insert,zero____,____5588,xQvqtmeNHXm56NcPAbgOf5f48QsxCbgUGX5tpqHxGobT6wEMYb5Q
460,460,insert,three___,____5589,ar6sb43IP292APSz2T2KQYGWk9h9ks58oWrxLQvLYB
460,460,insert,zero____,____5590,mOgr72yxZZC5DzI8IdUcGbuOxSAMAdclAalEmndM6j1RdcAQHbjeg2B17slV
460,460,commit,,,

461,461,insert,zero____,____5591,9uXp9GNDcQRZ4yInUMpV0QRpooD6Q5og
461,461,insert,zero____,____5592,U8atPvrcfwaDh95R3UKBWOnJ3P0vjBh9
461,461,insert,two_____,____5593,pwCwNZNGK0D5cSEXg1iZkWhAaim9klAQyjIRoEL0Gdo0NcROpiHLr8e4Zs8P
461,461,insert,four____,____5594,UYtvzJayXTWwc8eC3HOdBX6knyqo2MnguB
461,461,insert,two_____,____5595,S0XcsGj4luyr4uQkJYjzWkSqLeqM09OYU1gP2XedKUj3heFjl7sI
461,461,insert,zero____,____5596,vve2IkMuxsLkNxHx6abQI4Ab3IFmsGr2RTrdGNrAB
461,461,insert,three___,____5597,lFJzTmzpdeVpx153bGZUREjwPefj3NdmUzkournMOvTSmnpqsw2tJX6uS4PyYF
461,461,insert,zero____,____5598,GVpyhyco15T4euV35a56jvrqUywOPqd9pT9PDS48D0jszkjGNA7giH
461,461,insert,zero____,____5599,UXDg4yIDNR2TVFri6TSjPabsztvBoxqDwom0WoTrjXPPBkohJyfWN
461,461,insert,two_____,____5600,xn1T7TqyPg3EXKskZS7ktw3rw9ySmtVGoMKTv2MojkRX1bYT7bd3OdAMJpI
461,461,insert,zero____,____5601,r2EJFbYPso5qsxOuXnRiYSFVz9HDbykZF5kDS2Uq2KrDy5fR2YZc30ge49R
461,461,commit,,,

462,462,insert,two_____,____5602,u439Ur3ox1k7goAdHPPFQiS0dcgFFcyV3jxNwxzQ1ujRUhl
462,462,insert,one_____,____5603,oOqRuDxR4t1eKpQZZODgZaaj91NeI1yWLjY
462,462,insert,two_____,____5604,alZD2Xkym26qw5zdJCDx7Qbnts3piyPsH3p5zNqujT9lc
462,462,insert,one_____,____5605,6KxcIn2s4HTvSdBesLqSKgVyScSqURodW
462,462,insert,four____,____5606,AFMef7SPRq867saKp4eUMmjizCXxstAEf
462,462,insert,three___,____5607,0eARzGBrAvAi1roddMmiHfacZS41PBBUawi9Yp4M4jUJa8wPKKQy3nX
462,462,insert,four____,____5608,A5iYZ0yoipVXAVOfU4oJkoQmPBcaqGxIe9nkMEg
462,462,insert,one_____,____5609,O3Zd6VqxVLE1wxXkfDsDyMbpcVmq6k55h
462,462,insert,one_____,____5610,9ecKCGmhYEZ3DFpki64y50V4IofUE2VSKqbQIQmUBYrS9NmcQ6Cqa0HmJwb
462,462,insert,four____,____5611,tAIFY5zbJZey4sjkAi0TU3hTO5euSetujB38gimvXWdGWQ8W9
462,462,insert,two_____,____5612,wRkAPEvvYlWVt5hiQABDcdscM00fNvtXVoCAJOAxxZ2Krk
462,462,insert,one_____,____5613,jk5KoN7SS8pTpLU36NOkb9IFs2pNzLXGTWTK0QLLYheYo6wlErloZSJqvYs
462,462,commit,,,

463,463,insert,zero____,____5614,l9E7ctYD363DqGbHRwtLGKLMpy7PYFGARlQd0SIALpF4e38aw0SN2i5WxIgBx4
463,463,insert,two_____,____5615,IswbhdnkniREHhGyMg0QXJWuwE5d34e4ifug7OZrmPHPcR3d26Awg
463,463,insert,zero____,____5616,AZDDvtauuxdj5A80d1NP3UJQdIPO58qHdH
463,463,insert,three___,____5617,ZsuP1sLKIZaRkAT6pSkDuhj4EMudNDloP2NDN8xvDsDKgDTthsuh
463,463,insert,one_____,____5618,MFTw1dFdggfAK81mcbJ6r0xiaNhUPYT21HX1J6c5ruJSAfYs3g
463,463,insert,two_____,____5619,zvypX83CNyMcSVFzoKSYdzGlTAXO0Lm2OwCbBxTj1IS7PWIASKazq
463,463,insert,three___,____5620,o742oGzJWJCuFhoACBTu9KiWi0wbr3FteXhEgIzc
463,463,insert,zero____,____5621,6Q6gmwewCNBQVoRyUPiAGVZxJk1gaWy1OpwsD2VfpY
463,463,insert,three___,____5622,rArGcjRQS6KfIddUoGonKqrnXiCRS6QtMTkXoekiIQUK4x2V6bL0
463,463,insert,four____,____5623,5QDFVkiwYDL1vvdc3c64rLtUgkD2cU8W7e6sTWBhtefXX5uGqRors
463,463,insert,four____,____5624,s8iz89tlbg3L3fvKIrtmqUreB4OWSUpDN0TcN5USl4FppXzqNcY4rXi1
463,463,insert,three___,____5625,JqHYLGEn0nZg3VKT6ZeOiMJAUjs1PYxi
463,463,commit,,,

464,464,insert,one_____,____5626,aCqiDqvb4Aa04aEpkAToAA5MzbMN3KI6GGtCobQccGjXFyrq
464,464,insert,two_____,____5627,xJxJ7qkN3cNsDmzK7c5I5hdKI8F3Jwifc7jYHWNZjqcFt90D17GRcSL8W
464,464,insert,three___,____5628,MtJkLWBxv1kaP84rxz50cqIFxEcxXFJm36y3patEb
464,464,insert,zero____,____5629,3LtgP5rotC9nYetWMJN942uQJkDhvF1t1vid368UVSW4fibNIit2
464,464,insert,one_____,____5630,2rpYckBl8ZyFdWU24lRG3PMaRVeGiWUZxsSLo09LMF6z4Ks6wFwp4j
464,464,insert,four____,____5631,WFisgDjKYSS1OJnQXMIoVgefMT9FubomCyPQblZF09p6HMPt
464,464,insert,three___,____5632,091nwbKelHJPHmpDz1AeuFzoFaTacO8V17j3MY85pCd3EfM
464,464,insert,four____,____5633,LVpEwjgUQovXbN3XrECqILasgFv48onWwsCPQoLos27
464,464,insert,four____,____5634,ZlR0ZOlbJnbdCm5ssCFkIlN0lDA6COl1fkBG
464,464,insert,three___,____5635,zvySB0VswRhwi9KhNu32Y3diHTxlpRli1X
464,464,insert,two_____,____5636,0XvVGT5RibtoYmRIkeEBu2VWjvObA9veFiqNjDnjBvd5u2C
464,464,insert,one_____,____5637,R2X8uzrsTNgKpvy62tiKkFPhxAc595fsmTKblf
464,464,commit,,,

465,465,insert,four____,____5638,FreiMCBHBpSgPe5oQ2o1ueOZePOomC7GZd9S6xv9aGTsfkM45pQdQP8y
465,465,insert,two_____,____5639,AKIQnvrZfZaA93nqztge7sszYQmNaYwfo3c5k9AUmQqKvepNlVsR6PnO4
465,465,insert,four____,____5640,YP8rBRcV0A9SY3BUXzTRb447fxnj0TBOtj3XDtWXZ7gF8t9JVD0PYgNkdnonw
465,465,insert,one_____,____5641,sXg3WGJWGiaBVUEnPU4GER62p9SMJ167OaB03J3kJMeu
465,465,insert,three___,____5642,p5OcVc8d7r4C0VJe7FQK6aloJgTxT005MC8gF15khLmRHh6eqVWY75
465,465,insert,three___,____5643,Nz83m2FOrYIDGawpYBLDWxXLU4VFMKkTa0nFhWQwdWTcle35iKOR2
465,465,insert,two_____,____5644,OoUz0FJ681C46V0mHYmW6xhtTiw5qy7WNsbgkuR9X2jcTapHYgiN4iqMVaUWuiH
465,465,insert,two_____,____5645,HvGbd9Kxu1hgxlVk0vVouuaugKQKejL6eYqY9d8HoFQTaZIZWdVjq
465,465,insert,three___,____5646,U3CROwIPLCDR0mlSSGdUQtyVxawQPy0PfkABO6s
465,465,commit,,,

466,466,insert,four____,____5647,XWaHVUQMTvAliPyVXl7SVdreZlJhudO6nyjzQjs1Efsv1wINJXs6pS0pmCkQl
466,466,insert,four____,____5648,hNYrXkPFqFTGgPv6rkPwblIlvBj2Sy4OqWKYGOf7aDVjwk0N6rFo7YVzv43R64v
466,466,insert,one_____,____5649,QpLMlGnhYxLyWxp0JC3nTniay0szxMynZKIQVRPRsih2Ixsj0nGTmb
466,466,insert,zero____,____5650,TikiQWUgPiGwVRvNvXGOEwcs61MwiUWROkh
466,466,insert,four____,____5651,9uvhUUOPPPdAUAxRDwvMldtQ877B8MLUxvBwBxq3V93IXTSt
466,466,insert,two_____,____5652,afsQ9OpW3GL4j6p7lc8C08balvkDR5Hdsa26FsXefc8W
466,466,insert,two_____,____5653,JHUS0ma7jTwIsah9Iyl7UxFNXNTJeFwfHi8m5ZpoHQyrQ5z84cDg
466,466,insert,three___,____5654,kLxjMzQIB2W9Gu3AA9FXDGbQQP8yZzBpbzMmOAcIMnEnM7HJdv
466,466,commit,,,

467,467,insert,two_____,____5655,sxB0LUi1g3YO2Gxim2jMLYklYDZ9KxK9oBmhye8gSqEO5ORs36DMvutzB6BCg
467,467,insert,four____,____5656,zfzZSPYT9v5cXLEaIzJMrap6AgHGgViQDUuusfJmd
467,467,insert,two_____,____5657,4PUcqOOJlynZk4kSNjErtgIpXuRbyZUZuMo1JEpPbiagTTCBrg
467,467,insert,four____,____5658,FvZJuR2C4TqA3TnUZ9mFMSulWt0TziDzvhoQFfHmzo6osn1iqBc0BfSh1tA
467,467,insert,three___,____5659,bdpEAlJ1teW6ULIDJYzyTfwiT2glL8m3QVV304QNhyK52MJPvP7
467,467,insert,three___,____5660,dlVUW3urqwTYVhs75cyIO6OW1OX2kw3Qz0nfsvHeLkNsHPrAq9XvGcG6ZRM
467,467,insert,two_____,____5661,sPSOKdTetBKvjp6PKRmfepPQ89tdofTvCkxDEP9ITFwaZ
467,467,insert,zero____,____5662,20wwYd18KoIgEDQ732zOfOenYBdBijK8eXzHnh5q8k6zaA4hE2UN873BNmuei
467,467,insert,three___,____5663,flWkEGdzNdZtQtIXV4koqqzRpkNAnSYAYbM3BrqIrBQdHY
467,467,commit,,,

468,468,insert,one_____,____5664,TdsrUmaupfxoRkoRqy2goCTfb2CfH6wO
468,468,insert,zero____,____5665,5OnOGwY580R5SzQIXfa7rdmbTUawJmPcwSzYLQzufxi
468,468,insert,zero____,____5666,ODJbaYyvPZgwG7Wgov3ETy2RxgnoK4Xj5LmtM7w
468,468,insert,one_____,____5667,YEyg8rOQPxe1P4NYHkjK4X5Pp1ptHNUeRt5MwyxvGikDnMgCo4MjeonxOeK
468,468,insert,two_____,____5668,XwCricFfCScWH5fHEcMzb69TGYp7pwLhgYPyHaCOPcKujv
468,468,insert,zero____,____5669,u2NvHdSUMgsmGskxhfGqUlwKTkl3Gw8Hy8yyL0CCpUO95iIU2s
468,468,insert,zero____,____5670,uyG5z9ydM29ylCZkaHafjkHzKidzCo63PoPq50zGFbLvRaA8w4Y5
468,468,insert,four____,____5671,TP8Gtqw3twZyAUdFozg0VYKw7RGFmt314Tf72YYkm
468,468,insert,zero____,____5672,lTss0u9lwlxDqf2zX9nb78oZX9rnF4oTslWde6UTtSHZB
468,468,insert,zero____,____5673,1h2XJa5fZ1Q7GMO7QFWr4jujNZDbO3nZRDFgUynGqnbsi4KhNBcU
468,468,commit,,,

469,469,insert,three___,____5674,aqMnpCDVHvEFYfGgFudEN5VHpQsIVJhPwmlM4Fv97WS9sxnKLxLq3qR
469,469,insert,two_____,____5675,XvmTNYVV0ojG0olsj23DT1mRlQjO8rapuzfgOf4G4BRHNrgdH8P
469,469,insert,zero____,____5676,ihKRh7bNfKOCY301HyRxuuTfCoeXSv9LZLAzxWJ
469,469,insert,zero____,____5677,Rg9PzqhzpCX2zKRWpzTJMZe105Zoq2CruxNrtVpK8kh5lFy1
469,469,insert,three___,____5678,b8Q0PtBwiUY3Ni6K4oUnLt7hfKETInnkYpAL8U0b4q6P0QPhli20SiFOL
469,469,insert,three___,____5679,2VQTKsZ7OblEVDibgh1IS6Rs4Z9uPAEN2bbOD9BcLDS6
469,469,insert,three___,____5680,lTUsfiurlRnSuDUFtVv4DxOJ8gMEZw9ogU5Un4mlAuHYez
469,469,insert,zero____,____5681,5WOxfB0B11AfHrv64csmVXaOmsswCzt7UCxOJStt
469,469,insert,zero____,____5682,IEdipJpBG3je4sIH3jUWbkPtFWUvocd8gm6qfFEK
469,469,commit,,,

470,470,insert,four____,____5683,kzkNOWBPiopEViVWSFew1HHyvm66Mim078n
470,470,insert,zero____,____5684,cwhTXXC7WoukKUjB35xviXMRUEI1fqtPjofjeqcAYGndJa4vF1
470,470,insert,zero____,____5685,YtfuYBvx8SdGoquj3hHZntj17eAdBJb4yBxJovmjhQRc2r4
470,470,insert,one_____,____5686,HxlvbkxXUSF9GZZqUDqX65tYFRiVLl46Sb0LpvxWkEVT4Fp6NZav
470,470,insert,four____,____5687,3jagw6ww60WuVKjRm8XP848aAoQEBHAKVSnjxi7SNYiE
470,470,insert,zero____,____5688,nZyMEgGliB8OXp4ZAWEu2EejG0Hw5OHPAmRkxMEV
470,470,insert,four____,____5689,cI5EqyFijzdv6vZsxsuFcbfZ01gPUDWUs
470,470,insert,three___,____5690,cLGAp518H4bfFmPCDzUCry52Exw2unimyu0
470,470,commit,,,

471,471,insert,one_____,____5691,gGISAOcaMB2kkJxzNTgqmCHlqBSzvTrTEF7GBTmt3r1uZJ2ge9LRkB
471,471,insert,two_____,____5692,DVtTb4deVUpReeneUWBDXCzG3xKnxB7B2KlgrQsm2ip57CG1gof8J1
471,471,insert,two_____,____5693,LFba77HpACeDaNqZmToKdxLPLwEtyvoxHjj
471,471,insert,zero____,____5694,qDlasGmNX1h0kWOn7wVU0Ou1pUOvVWxTVruSwJzllSsu2HI
471,471,insert,one_____,____5695,VlcyX9TTo3KyoMCjan8srPKeWJ1vj7UepVBxKaQ8kndmx
471,471,insert,three___,____5696,X5KjC3e9ebNJgCxkJzNNoQOl8zrxZOmLznlI28qdfJYs
471,471,insert,two_____,____5697,zekp55HqpfwsxAUAhQITz9Clw9MVoekgzcCNWhRRPNop
471,471,insert,four____,____5698,dbzEKiUkaCd9w6GoahKnJJFSyzwHha2NBejkMH
471,471,insert,zero____,____5699,j1RfE1MAmx5RNJ2hfjbTSC2Y1kVgp2WMHqZxpfi
471,471,commit,,,

472,472,insert,zero____,____5700,JQquvJHoPLseEQZGUHzyBCc5pKFzfFbDfkQ
472,472,insert,three___,____5701,oGGb4sheLZyZcRCzo243L8evAJhKmXSDIZ
472,472,insert,two_____,____5702,DCcKEe5EDlURHibeDBguNBbk96rG1kaylgSH8rXzPSo3
472,472,insert,two_____,____5703,rqc3fRZJaYjorDAz9YJd8Sz9pAdckP4HxrA
472,472,insert,zero____,____5704,50ggR1x74MNT0sE9aUm3B8EmXbVtDALlXzJlf5ksrBdXYf0y39ScW0Jnn
472,472,insert,one_____,____5705,zyjdYmOSpczJFonnXeEYhToi67khqdHa6mm8Fw
472,472,insert,one_____,____5706,ts42Dyj9XLH0NM126zAFeT6jju1H5a8mhptAbi0P0eNNeh9FWVJnI2EYb
472,472,insert,three___,____5707,KpRVibdBnAr2P8W1WJViOwJ9CyCLh39GD5mOGx4AGbjVZEiy809EdvLt
472,472,insert,four____,____5708,VERUfHE5Rl2AYlF1zmvb3u8DRTsFiCziqlpzmJrCJmnfpG72fXA9JWvtjcHrti
472,472,insert,one_____,____5709,wpLetNAKznZ9kPUrLBv7TxW2jIOFsJ3sfUJBUKn3vyBFnvLOM
472,472,commit,,,

473,473,insert,four____,____5710,0jVnlrQSUFU08nAB859qqftl2qquUcH6ryA789uJePjmMyHWOSvJrStFpXZC
473,473,insert,three___,____5711,lWZJsfMbeZjH3QK2evce9B45KbL2RjBxliasG2tDY9TLX
473,473,insert,four____,____5712,jNWQKLSCrvifxPCs59HlkhP7YrYANYD34TnvQqlGpOUavbaKaqy98E0diafOfuG
473,473,insert,two_____,____5713,KhGQ6c5xpqMZX4UGuqson47BSbbDQ102x6Eg6PYhD6jsqEPy
473,473,insert,two_____,____5714,6dkQyHVjiHGL4ZtZmau2QZ5tDfBUX4blNj9T9AXYEKbbrcUC6UligAZCa1
473,473,insert,three___,____5715,5z22XSMf0IhJ4af0nxLniuqhziViHXjefIeXSp0PR5YXX85l4W4yOP1VmgVV
473,473,insert,four____,____5716,nh4JX2ceCWt4rRrRncUvUUpNstBxEht2dah3JbLINFec9mmvvMRkDM1
473,473,insert,four____,____5717,PXWulMFqADbB5eVFrgMHPJmLcfX8kfcQsr2u9aTuydjs7tBfEr
473,473,commit,,,

474,474,insert,three___,____5718,iCzbEViOZ6EKq9NCdOYSViik173azivZHA3bSA
474,474,insert,four____,____5719,ZISlf2LPwM0D4qe3joVBWjfP8QIFa9HvsoUsBwp1221iJc2yLZx
474,474,insert,three___,____5720,TFVSI7XvSE8lK9Ixxk1y2kzvAtq1BJnw
474,474,insert,three___,____5721,RzrpdYwkYck7VgEweXLp2Bdxrty7EkZ2LrOf17ptk5iDHJ
474,474,insert,two_____,____5722,0pxUgxGnI7ySEgbfGWWMTOuX8lbLyDbQfUo
474,474,insert,two_____,____5723,BdH5lOqpl5647Ff45FrwPE29jIFTLXmlpCYgquWK
474,474,insert,zero____,____5724,MgdhMDMB7q98KjMgzdx6Zb79O4YeEhjGm0BLEhkQu8Np
474,474,insert,zero____,____5725,lmlJ8O8jSly2vGZ6ZbnnWImeoEzEUlYa4YlTmXQV7ry30KTuh
474,474,commit,,,

475,475,insert,one_____,____5726,Z8xBzd12SN5z8cNYjuONAqRUfpNAt1N6O0rGuFo
475,475,insert,one_____,____5727,G1IEgYGiDyjh8Nfaw2AKkBbqKXNiv2NIOk0NJT
475,475,insert,one_____,____5728,nzozNJuULNhzsGpuIC6bZ48UBOzIgw2GrSa
475,475,insert,zero____,____5729,hTdStqrVFKu0WYNldhCFJsSwGE6mXn7VueXLs3VqU3PIGodYTD1AYIL
475,475,insert,one_____,____5730,iXZYYaT1DBmL9g9JZ4L4Elgh2CCRkskcxNniX7oCZI9
475,475,insert,three___,____5731,Vo9mVTv0WZCLwytkXdA3HSW8gW7WshYlB1dnYbQquLDnOq
475,475,insert,zero____,____5732,pXd6aDDiXCiikPcQ6srFtmHmmFNIf3as1H5grob
475,475,insert,two_____,____5733,ynAJxA10Lb9JgbxQSpNn4c1OistCTGnkuVnd0h
475,475,insert,zero____,____5734,1YJmSTAJtjTlJBiheGpB1QTPIMzOsnRBXnM
475,475,insert,three___,____5735,G5htc66PGdv24XkKlaH9In6kiK1UOciGEnZBwp8Re83y
475,475,insert,four____,____5736,gytjjwShawq7rNP7AwTEJxU80E8f4wW1q
475,475,insert,zero____,____5737,pa11ZtjeMUMe2BldTEB0Ra92giGqIXmQX67sr1vjY8XiC6qIkWat8nL3cS
475,475,commit,,,

476,476,insert,zero____,____5738,w1fZmu4i8FqX10G3Y8fbPnVi9s6Cg6pfVxJcJjBJAH2VhclUA
476,476,insert,one_____,____5739,1MnNFv6Wrn1zHDgSqT2lG47L6aIDUVmY8LWe0xCtKdFfTF
476,476,insert,four____,____5740,4DL2F3Pnfa4AkTzWZWar2pS72JWITkyv7oew8PrTCYJVZqCyTOsUV6fZ4NYf
476,476,insert,two_____,____5741,sCHvT0yBT147xl8yUbSITpaTNzWo5ANtA9uyczp1WeGcNsmRa3XX
476,476,insert,three___,____5742,9SqVjjYqpJdxbbVLeRlff0rnCqTB5AL6xxG9XXlUsNd20L
476,476,insert,four____,____5743,tYtuM3LgYmU7ksVYkSE0CazhKGnjWATbqXWvAYsGOiW78JxwzCWwjqjvp
476,476,insert,zero____,____5744,frPA2JaTecKiNZc0niIjlNTXiiMbQGn4lnrG3ct5fkwbIjDEpJEHSySD3S8BmdZw
476,476,insert,three___,____5745,oO5muEIhY0ZpQWMxihn48nERVXaok5S6OTFoQ8qQzMr9T9txs
476,476,insert,four____,____5746,gKrcSZcT1zH5HdDQ1aWmPeRsq8oLXLiXZL7sbIVN0ORZPAfuZI2InLRwo
476,476,insert,two_____,____5747,m1VOPObNjo8UsiJfmGW32C2HZaVrtLoRbMdMk8R0tx5udm18lQVPHzpAFfva5kw
476,476,insert,zero____,____5748,xIGgb0R42sHI68YI0uRuhjQWLbkRspKxGmAMpY07sLmhMpxk11q25zH
476,476,insert,zero____,____5749,iE1V36OapvlEBFabT2My3PqKAsrUlbMJ4BIVWSkxY3j0NlJquNMhzV1TkiPb
476,476,commit,,,

477,477,insert,two_____,____5750,Vul6feKamMZAArvxaRZ9cZUkBgwZOr94bmcaR8A23XgX8cwwZD6z0HZ40ZR
477,477,insert,one_____,____5751,R1bXnFA3IvEVo9l3aKbhSz85txy7qlRPRKyDUoGwSeFSj7Qpv12iA4ZDN
477,477,insert,three___,____5752,m9Ghh8z99rhbnfxYwJ4W5TgkqoCF0uzA6MsJ04odyvK3Yl
477,477,insert,two_____,____5753,SSkKFwHLHIfrZpOiYl0mfbNtBNtaJBU70Ji00gvkMPmTjYfnNfX1RnP7AD
477,477,insert,zero____,____5754,CZLZEXwyGAw9JzqSBFucpHNmBJUv0waR8XsDROIRSEbey0fUEZ
477,477,insert,three___,____5755,V8dGMoIyV5n8QKNh1nTE4RVqLXhfjJ2c
477,477,insert,zero____,____5756,PmivvA6ORItSddV7w7ERtMXZXGg18d9NocSI
477,477,insert,four____,____5757,rKHTlSN8gofZ3jTmogzWFce4uGKNsvfAcBCOZFYxPHC
477,477,insert,zero____,____5758,cmocCz0GMxE8UIfmDtkTySeJTC8uX5oG
477,477,insert,two_____,____5759,sDyD9JsOgU2sExEqEnES7ZiIPN6nTemY8
477,477,insert,four____,____5760,U24XAU9mUK8LkWe4t0aw35iLZM19lBnAldIetglgYgO0ZimoR3
477,477,insert,one_____,____5761,FU1RArunfNgmfIV3IeU2DAMzLcN3kd3XX
477,477,commit,,,

478,478,insert,four____,____5762,hyYe6QT0DEwlJPLH6Xzac1rue9zD2v9DEFeivrTZkoGMZXJjjZ7HSIGAcuLOsH
478,478,insert,four____,____5763,ByoHx23tmV11LOyd2veP44KFoZIhjpwkAKbXgSQhvkNxHMMXm9b
478,478,insert,zero____,____5764,WaLQiS5VILM4KwYsQMctAR1JafGUEumVp4119A0P6a6DnA1xLEFGKak
478,478,insert,four____,____5765,CwdvqTg5Quqm4OpO6CEgw895Eoj1q78zDqPwK5lza
478,478,insert,four____,____5766,0l6Z3R1h1Y4M6Z6E8hpbgf9ZKAk7B5OLSSwJuCeVNFQDpqABC
478,478,insert,one_____,____5767,Uw5GYXJFLNLN1IWt578l45yzJNYQCHBco
478,478,insert,four____,____5768,Xkw8E8sP2ZTRgNiclF0HyrSUfj7Tfd8YBrUpwiGd6VLK2seY1AxBOlsH
478,478,insert,three___,____5769,1Bn0LzW4FCkv64jOqqG4ZUD9ZYbwia07I
478,478,commit,,,

479,479,insert,four____,____5770,2WqpPWzL7erz0m764QfseDRmpkAGxxtYrUSdY4
479,479,insert,one_____,____5771,fR0lEPwykIVBFIacF9m8H1tFtSIZ6hOhcdivdStgTK134NmVEYWSRbYgIfN9l
479,479,insert,zero____,____5772,1ymrQbk5CvvQa0itC4Aewba0CjlMVnDgbgQsUL7QZqPD88pB51GrC
479,479,insert,zero____,____5773,KdTNGuEu4asWEhDMOIXtUaHBiun5cSqANs990bszTlroEZVyStJB28Li5x0zw3
479,479,insert,four____,____5774,FAG4jJsnaMIk7LuNMF41Mdnh3ZBbgUkkgPifQpWR77bH
479,479,insert,one_____,____5775,OxLC2nVtxaMMe96sOjdsU42qTxJZJ9ZkXK5ZsNjna1bfcJW
479,479,insert,one_____,____5776,Jb2SgbsFDh6EFOLfUJCAYdILs045ZEjQwRC
479,479,insert,four____,____5777,nqhoC1ZfwIWjbNWd6mLIxaeHfmswrmyC
479,479,insert,one_____,____5778,A2KOFa2bEU8bJ8DUVEdYW1UFEc54OVdnovvJaLkGdiyhOisubEgdl9IcxB33
479,479,commit,,,

480,480,insert,zero____,____5779,NY6xE3LKNw98cZitV3K1DB3hgqypDBFkeRJ0kFWoLz7lPcTq
480,480,insert,one_____,____5780,3HyDsSOh86nMA88Tro00JqTzGVSuROiHrt
480,480,insert,zero____,____5781,9dq4JvvJwXfWOFoBrlT1AV6KE2YWBsWiQiFO2dGW8cBneLjB
480,480,insert,four____,____5782,Z23DTGB5Ewgmakv8194gh871Wk8kzfRZ3J
480,480,insert,three___,____5783,r4sAjBx2wcnegzqSIXzchJ4Vj8JeRbKICHD8hQslsTum0Oxbh
480,480,insert,one_____,____5784,8T5oXxQ0tfnKcRw7AfBvPy59mLO2icWiTnydLEJ6q56H65CxOAAn5v5bhZZPT
480,480,insert,three___,____5785,JHN55Jm2NIVRcwi6ZUrmE6HHIvs7Fgya
480,480,insert,three___,____5786,W3mnjfAk6fJUcntjvQYLhAzIbIfjcvMZNk4ZSrNIDJrt7Td
480,480,insert,four____,____5787,B6Jmv0L9cTjwKJy8wPMVHoavttWlukqrROpuX
480,480,commit,,,

481,481,insert,zero____,____5788,g4OFMuWsb4bAN9zFVlaqBCxmcS2If6KewZgmbTgUXLLO
481,481,insert,one_____,____5789,LCRtuhkmc6gzvU1WZYeVPmSAq1JYCtjBJ83wht5
481,481,insert,two_____,____5790,7DMjCWgLS8YMT68tRoxHfEHj3Kf65X59BqWMNprY0yqQLUpSKQuz08u7IO6o
481,481,insert,four____,____5791,shW3pPBReGQkMREYf5KiDVxy7IVi5LgEB85sADH2FWFMZmL0HbTH5
481,481,insert,zero____,____5792,nzsAfaZvxUEBm4DkNwKJnzYLRDIK45Tn
481,481,insert,two_____,____5793,JAGAe2UhlvYA3hfCoTFHFKaBnYMA6QAjKkdSG39YlI87YPALwaBjP7vGK3
481,481,insert,zero____,____5794,Oa0e5VqKT6CyrH8Yu0LLF6utOikWiSudPki66
481,481,insert,zero____,____5795,oAd2DxS12OG6QtOFBdmoRfbGCCloeBx0mjSKp1WTsOeuy5AH1oSNqMwy
481,481,insert,three___,____5796,d5v5ZiLKhRfcddDSTQN2HzOoiMrk6gnnGL3QxF9KAIO
481,481,commit,,,

482,482,insert,one_____,____5797,UUAHgW0aR6ME4FHLkBOTsCDJMLEaFS35LoobWwjThi0OkW
482,482,insert,three___,____5798,49uLriECiX5EuNERRIVYRNNOTjoboU6r23H4u
482,482,insert,one_____,____5799,DHHwvwllabM4uEjGDpIUd8ksssjz2oBDfePp3Mrq6p9hCrJ5z6Dsz9z9yBz
482,482,insert,one_____,____5800,bjPGMZvgXHzRPN24qoS709BKAGNhLSzhHnxJJ4EoyNery
482,482,insert,one_____,____5801,nFyZ4a7D2pYgHTyvYLTijzRNVfwGB4DNDkQwyQx06dob
482,482,insert,one_____,____5802,Z5pJKp7q0DNvCwXLExFcsd45MMISugzhx0xSfrjKjflh0SJJN0gH1VHELzkWAZf
482,482,insert,zero____,____5803,8EVRttZNhRP6m57CghgtOVdQ5qqb4uRgHYmbmRQCH0C8MEb2Y5Sc
482,482,insert,two_____,____5804,wESyH8KYColamykIOvVdtMwAyae8pn6FOzp8vFAQq9vR4Qv2oWObRa7Z
482,482,insert,two_____,____5805,0NHcZqlgLTg6J2A7J3tEzj5pAFrBQKBfuH1a8opbptFkhu0E
482,482,commit,,,

483,483,insert,zero____,____5806,3tslfu4MJkPLFK7Z1rpLQUd6bhUEIUBFYPV6uD
483,483,insert,zero____,____5807,fVhghbMIS43bDewijgqcbE7zbrOnnMAXfGBmVSHgEIn730hb1kxOPJwJsN2T
483,483,insert,one_____,____5808,ohFG8bxhSKGQfoRxcnluTlgUouaAnTJr
483,483,insert,two_____,____5809,u5TdzUSqcRHUxdqyUITMuzQG692OptVS3jv28WM4ZOdaZYLZn
483,483,insert,four____,____5810,WB8GobkIetmFH7guG7VrlbMZt9IMIdVo1qPe1fjIFfr00W1t2zjtSB3Vdy71gm
483,483,insert,zero____,____5811,APG4WQnuIIJmHLSGZmW1lIGZproXwi5KED1D
483,483,insert,four____,____5812,KaK5pcxOkayRUhr5Lbw2bEU8Z27resoEITKrEAFzSjwWXYtgBM3vwZepBAD
483,483,insert,zero____,____5813,aglpbI0dTU9lFqeYetBGuc7oDDVrVNCW5LGbZiQX8lZo0p3eyHhVSjFhS
483,483,insert,zero____,____5814,a4fe5nCjEIAeR2yqNA35scXj8F27hlkMW6e3dZnpbmDaU36nF3
483,483,insert,four____,____5815,Qzn5ytysN91myIO4Dk6NUcL8vZmaqdzER4VibuFWFGbDtUbMLK04kjoTvtlqCq8C
483,483,commit,,,

484,484,insert,three___,____5816,VDHTBy0UxfZXgszkpgQSprdQdeG91sGCFCwPfZDpd8yIaIYkItwQfeCY
484,484,insert,zero____,____5817,yrGAEaT9Vjcv81rbFKcIQsH05INH5AhHFo
484,484,insert,four____,____5818,MeXqRwt9YJ3AU6Q50eQCOY4GzyEKDHrGMMlLqFD237MSGN
484,484,insert,one_____,____5819,oE4ejIZvDwpBEFFCGaBxvCSVAF7UnsnKJIHAKPuLQXbzbgIeMRhfaDIC6odW8
484,484,insert,four____,____5820,bJCv7Av72NOPah8Po2UbKDs64mkEqMQh9hZID3BGkghd4a4o3oLUSLAVWomPQ
484,484,insert,four____,____5821,mkCGpuTCyUqHM9MUf6sWQF7xjcozDEOOL1uXhtgDFGizV354Zr7JMfgRyuNIaITC
484,484,insert,two_____,____5822,gGmlv3zggmkbAcfuWZkqs6R8hOslSoZ5Lw3f7nx4QvgohkHDLChTVQV7ro7h
484,484,insert,zero____,____5823,OzNm8KOyhDAXbu4OFOy4IfeSWjO1d1e1uLGY461VvmdWeKNfztY4yfI87AV5t
484,484,insert,zero____,____5824,exzS7PVryV0yWdJ1H6zT60NLIsgY4yZsIbcOhlDuuc7Fikm1Ki0zg94N0TO
484,484,insert,three___,____5825,dhevJvNukPu9If6KmACRxS2czsblK2ZGnUNzKillGUgFuBkyCh
484,484,insert,one_____,____5826,Pxc3k2Tu1nN3DCrVxQ7BJVA6ARt3zHOKm8li0m0Vaauvzh1EKbz
484,484,commit,,,

485,485,insert,three___,____5827,VpLIWfMYiMcPOIarxsFZVxK4G1exj7qN69vs
485,485,insert,zero____,____5828,jPFPBNtMjSFMsVB5wEiUlqyyWcodJXhJKghYTuVbI
485,485,insert,three___,____5829,ST30etr5l7VIAxllqcFvikhdXfruAK2eM4EGvy87lBtsJ21fhXNy
485,485,insert,zero____,____5830,fWvg339dq6VOeWi2weq6Aa0FgTF3Ebh45msDstthNa13fKfFYQIs09lMaX58Ph
485,485,insert,two_____,____5831,GNkizASgzv3jJSClDlGqjUxvmEfQfEAasJgU3wUk7fW
485,485,insert,three___,____5832,j1RxlJVy83XEwqHNq2Vzz6PDFkesrMusPsbNQfNXokkM7Cva2ots
485,485,insert,zero____,____5833,RLPvxLF8BaEiIgBuju3XQFP9r0QkUgdITTsFJP8
485,485,insert,four____,____5834,XlgHIu8c9jXmWNWz56vtPEbRZqo4u9Go9rQUClWL5eYUde9p0xHzS
485,485,insert,zero____,____5835,zCjuIRqj3wUum4MWb4npS8dKFvo7b7ytDaO1fu5V9PmCD
485,485,commit,,,

486,486,insert,two_____,____5836,UdzzC9kbHHKWZwjYZdlkWw6CIWiancDPN9Zyxkr
486,486,insert,three___,____5837,LaX9FALHRDZqXYZ2DY1iQiYA9yoICmJsKR8JxmUpPyT2x9BUNwXOMK02kNxl
486,486,insert,one_____,____5838,SWLl5Z5rJ1sf8bTOJnQCzomJdtMusRyy6VXPw
486,486,insert,four____,____5839,r3cViaqg77peOc8pxynEuWejxYckufzApFT9VUkFjKXs
486,486,insert,three___,____5840,Dc6OvO4U4A29y1nj7Btsc3Vn4EgZC9ZHM6ph2
486,486,insert,zero____,____5841,c4qnSlI2taCmoF2Y3iFvh2eVjL1flPn6j4bIHq7hwyt69D3UiZ
486,486,insert,one_____,____5842,NLCbdxrl8J0R3fGMIUOfaWo8ppBiZj2iq0SQUjw3eWJJtI2
486,486,insert,four____,____5843,8ApPGRX1MbgkUv3A3WolSeNBzO4f9rwyOCClgo4
486,486,insert,zero____,____5844,t04Q9IatMJMLPtxgViyGpcIScnVgMlaQNvi9ehlJYt3MuLTLdP
486,486,insert,one_____,____5845,Hy1F1n1NmgU8C7tRWdlYL5IkL15RfNu6RBMkTuJfbirGfxY2bCUSwIgiWb
486,486,insert,two_____,____5846,LBSyWhaCSfPNmiiTOh42vSd7gpnrKzPDDE7SQELGLtX7dcYMKoL1YX4t
486,486,insert,three___,____5847,OzrpKskWsNcKYDBV0n7ps6HKQ4WKB5cPHQMnUCuYgZIlZu
486,486,commit,,,

487,487,insert,two_____,____5848,HQtfFedmOXoZKWIJRubTY42DLRHZxq6rduVSuyq
487,487,insert,three___,____5849,abvOfaI9qosQnyUmN8wOzHy6shWwaOptUlNqUzOT6Pfggp2z3g
487,487,insert,three___,____5850,gbQ8Mh9mucdFgdTOTTVBGZw81G2JQk7UejW2dRJgJcnq
487,487,insert,zero____,____5851,HgfuSxt2rgbGhHppdwcRba7MycHVAvDxG
487,487,insert,two_____,____5852,bwAJI9hU0JW4PXLaU528IvQnxuYDIHGXyWfdo19gcV9
487,487,insert,two_____,____5853,PhVRSrsehn3j07BYhliigpf7ZfzIQ0focXDJ7OtNNvDHe55zJRahIjufIf
487,487,insert,one_____,____5854,taAvAr6UuDEdkcI4RZtiZFHGzzRuX6kIjUr4RZPTupJ0AJ9XS1CUqM5V
487,487,insert,two_____,____5855,svrHE4A98HyMBvRYKd3kQj2OcJ3GdwlrcQ9SeSaFcLwBUPc8jd
487,487,commit,,,

488,488,insert,four____,____5856,p6zl3CXJ4biujgRjeLgkZFPcRLIQjKhJl
488,488,insert,one_____,____5857,6OQexNViZub4cww03V08cTdVDoNr5RDq
488,488,insert,four____,____5858,zD8qwgaDkQgbdj1LrW3tP31PVy2Rs3kxLLj2N6ZVU3t3hcEHa4eLwvSdRnSz5wzB
488,488,insert,one_____,____5859,QeyWzvRjz4Na2B3zmJWrKqNEAs1rQpYrzsBoSnLw
488,488,insert,one_____,____5860,FTxZ1LLrrgIRVnrk9PGnW4aGhOSFWO7rCgtfV4XWazoD
488,488,insert,zero____,____5861,u4jT7wVmaxWceLJfCmXp5y9NbRmjR01v7LSVdpGE8z1lhTFzkXs8NhED5zb
488,488,insert,three___,____5862,fBTtAQ82BjskeD83W6nUkzhVEJiaGttsgDHFyIepSKgArt5iK3zBcDa85tuW1JJC
488,488,insert,four____,____5863,E6uCPhzgrW8xxegcNhmip0WrYvfMRj39aPkgyIuFbE6X
488,488,insert,one_____,____5864,ocPXrHEotlwTeD9IlXd304yfBBWBWhGwKGa
488,488,insert,one_____,____5865,V5vgALwy0K7ofNPZeCHwhNgq42dIWLMtoTPVRgh0
488,488,commit,,,

489,489,insert,three___,____5866,6WgTzpNYTYryof2ti9rWlhFtqf7wSAactC4gRoMZ36fx8ZwPYrwm
489,489,insert,one_____,____5867,mIrE8CIQMPH8f86T1HHJ6IaMIrR9ZvUWFFVaUgglO
489,489,insert,one_____,____5868,NJrQBFKDihGKOBiWyIHQrlTcYn7QoLsrwNXDEpCl5jmx6Dd1PAMwIT
489,489,insert,three___,____5869,xBRrq26khBBt10RXWv5IsJQPqx7V9RCTWKjQrEWvsleAFbaKK3EmNjXXEuW
489,489,insert,zero____,____5870,rACgLWMMKJV8NpZywpibNZhF16oTsJxIBzY0yd3iyjXbFtthtE6HfiFe
489,489,insert,zero____,____5871,AkmlGlhzEjSMlKI4rQP345wd7mvo4mPkbecp5L4KjxHnZ2daLrgpNmv
489,489,insert,four____,____5872,QpvGj41jxXDmUkNCdXhlfzAdKXvc59rGAKyBHYosTULEvBZ43GVQk0QIGqCA9C
489,489,insert,four____,____5873,nfl82bLTkt8oeQ4G8TfQprIFONTOHaRfGn9U4r34kl4pdrmIqNksGX0
489,489,insert,zero____,____5874,NK4NE5FY5dUI016WaiHOVYeg7Wp0Xy3RYp4
489,489,insert,three___,____5875,S2YeZd5XS5mAxYlZXqjUeGyUX2LAuPXr5RAJsCC12jDl21LefdLb3K
489,489,insert,zero____,____5876,DlptC2LNQ8vozDyGK1BrANQMSGtayXQWdfRcfi80Tft06AZx0OhlUA
489,489,commit,,,

490,490,insert,three___,____5877,WQxPaYVJbCjTV6JvqN2jZn5mivWoqdpAFmb78
490,490,insert,zero____,____5878,sUgk6Es94f2mZ4n8idwtTztMVkEmRYRMt89g2vNnJ7ljLzmbFq8EWsyPDNivPl
490,490,insert,zero____,____5879,tBs9uohHvfTuLaEDiYHP5RgYQm6ccv1wUDh7B1nbKXIWvP6DADBgsTEn
490,490,insert,two_____,____5880,hyGViALm8hov4apopshlzKWEOARaEFKP
490,490,insert,zero____,____5881,PBMKPyNbxKFrAXHV5WpQ04fXheKwIFTUg6e48TtjWMjcnY7fYziKIYptfJQ
490,490,insert,two_____,____5882,PKj5Vp1WIIkekBWccR7v1eQDK6kjUnS8kQzocdwanr7YZ0IryczsG5voyZ
490,490,insert,two_____,____5883,qbSNcrFhpuFbS8fZ8UvsvyHlphqOGiFbaEufMJZ
490,490,insert,three___,____5884,456tN3BgxSxgp2j4aymO1E8vNNibnbdOxLKkE90eIYORi
490,490,insert,four____,____5885,6AUSvFqNdSCFfOoo0jDrZCALme8nm0ciVWwuzzxoCb7vHCH
490,490,commit,,,

491,491,insert,four____,____5886,GuH1HQzqnoeV3WB0DwAFU43qYp6l0SY9vbIi3w3xLuN97cL3NlgirGjUV
491,491,insert,zero____,____5887,fvKYvhar4biLS5s2VmenbnZ5NQTZEJfzmNX
491,491,insert,one_____,____5888,8EA3EONPJF6FfBvghRZaDZLNU1A4oUjh3KKYdb7rbtoW
491,491,insert,two_____,____5889,oEeoydla9apqTK6ovZLBL7nMXSvPjfFbaIhrpKfIyYyJpB9i2pSgegB
491,491,insert,one_____,____5890,FirhyiSfURRIFgdYcFIaaD9EhfrfLxUXoVkNlmePb2ROYGRF6
491,491,insert,four____,____5891,WK8YBF70y9NxeVy0EJnVF9YegaTVXuUEpi
491,491,insert,zero____,____5892,kU5i8twzDT3tSW6HYhIVkwx2y9bp8zupf6vEc8UDGHyNtZKW
491,491,insert,one_____,____5893,QSPRANgaf54Rs683xieGcHWmAi9Nn59eqkclaqCPbnSk7nErCcIhak1T49Zz1
491,491,insert,three___,____5894,3EvPD5OLhmKCsjXoAU3oECeM89mgQMK9v
491,491,insert,one_____,____5895,11RKToJtU5sFuKLqMY3COMO02fPHfKgxwhT2YMTOo133BUIrDfeBEj9bmhXy
491,491,commit,,,

492,492,insert,four____,____5896,Dc2vhR9DkY9tUPgM7lZcEjDiVfbv52bNQxkYTAp
492,492,insert,zero____,____5897,iqvmduzeWrTQyl7cQESyxv7cy3iXtaSxAatphorDOu
492,492,insert,four____,____5898,lPtbP6HHImrcL30eskbigZbVDFtEzkXQdB6FqK
492,492,insert,zero____,____5899,s4zNFrhRn150u3jHA6F9C9NbmRrapRlkjsYCDWk5jw
492,492,insert,one_____,____5900,JAmpLj1m1F9Xbw6CxhsySjtv6BdNSk1ncOL
492,492,insert,four____,____5901,x01H9foK5f4VaYLRqEm6HFS8uP83qvqmcBssAS6GudWYtF5RJjJe4g1hzCpmBLE
492,492,insert,one_____,____5902,d8I2hwTQVcwV3fOzhaSzERMg5IoAnpR5
492,492,insert,four____,____5903,sz7GJkKWoV7KbakpGKqbvsRqrLQmLxrGNH04yAE2J04DnRlpDBItditcwUM8
492,492,insert,four____,____5904,AeHeWd43s7czCWlb56b9EIGjgvFbHAcSzglXN9u92vzOPkODRzh
492,492,commit,,,

493,493,insert,one_____,____5905,Pz2IJKIUFZu33Jchw4Zv364BbbH6qz3JzundYrYlsBQUHVKen7MvCPuXdE9Vc
493,493,insert,four____,____5906,eEmT06CqkH3GrH3CDumIb2z13mFNPjTmVPDbINtmhwYIXhPIBs6GWylNMOChyB
493,493,insert,zero____,____5907,5cOTMW4XCzlxH4AvrnNCXCz6zdE6nVn3au9
493,493,insert,one_____,____5908,j1hCLve9pyrz5s5oNknANLLMPrtSDutbq0Mf7sqNe522x6Ttzb
493,493,insert,three___,____5909,HL3IGjbLESdvYg8JR9khMr9iWP1u4yOMtRaqfB
493,493,insert,four____,____5910,L4TW2rgCra2EDKwNF9bFldyWNIpG1X9T2FHjp05ik3mvWCpc5yU3nHx3iLRcg
493,493,insert,one_____,____5911,wEjhPxJkJTjNwvicO9pDVIYeS44HNcNcmcSwd6AthZJXnHLOttBsw4hV2v8iszQ2
493,493,insert,two_____,____5912,9efu4sfXuVebH2SMVMYoiIlCKxiVWCguapzk4HOUbH37V6I142jW9Y
493,493,insert,zero____,____5913,iHjRckJajKCeib3PZsZYEmTF4Adl66kgi
493,493,insert,one_____,____5914,pvTo2G0V8krfdQxATDhZQsDGoyFiufbW
493,493,commit,,,

494,494,insert,zero____,____5915,XIXgffPOblWJnjQ2RcLNcrjSQkDtQhStgC5EQ5ECxuLqE
494,494,insert,zero____,____5916,osYHlv9N7Ppgq4JmRKfvTS7Bv4qmPQ9vZ3
494,494,insert,two_____,____5917,QBjzjcIfl8T7B7kjI3SK3zTQz6xxToFILmCestPXlf6um
494,494,insert,one_____,____5918,i2Cq7ZPWEeFEU2emlFkcHyWm62VA7TpX10NEUJ3v15AdibbddLfVChGfRCJiM
494,494,insert,four____,____5919,aU98Qa0WRI56wX16ZGjQRZ9Nr6MfJwQvH8keN6MQCPB5cE2n12TfgOf2
494,494,insert,four____,____5920,XeRB1omagEqW10dXlVO4eTAck2zNhTijyl
494,494,insert,three___,____5921,Q66J1MDr2xANbSu8O1CL70UwpbF8WhA4U59Gno
494,494,insert,three___,____5922,UXtthEE3QbxxuKdRIoS1dLC1vrSVzxepjYN2vsWDJk1CbKOETuM2pGtXrscI4Q
494,494,insert,four____,____5923,2HkOiG6T3PEoYjjV1x1Lin7U5u5VFSmDdDYhfxpqqnOctyfsSO9
494,494,insert,three___,____5924,o92iqAyWWAA7NWaKOfMosFqciGoyggwBh1m8pJfYOqMUAOi
494,494,insert,four____,____5925,OoAAH2tB8Bq6BRG1YdYs0HQBqWQvxZEkLGygdCjTA28VOUbzRep34fuKn1dnKeD
494,494,insert,three___,____5926,jeXpD1IzWXpt1KJNLQgUAPioQSDk4A6a99or8SX5VviiUT3y
494,494,commit,,,

495,495,insert,two_____,____5927,rDIJSErvxvv9pKGcLCLyFlw6FMrJ79OnBpHxkanNvwt8HyK5KS50p1u2bT7U
495,495,insert,two_____,____5928,BG39PJe37gbYIVh2hKXQ4iEPSinHGxx4CkzQ5KdiSONhrsbal6nOpkNQeZ6ek
495,495,insert,three___,____5929,Nxw4iNs88ksefTce7d0H8NocIOTYz4DHyYjbH88Tznp22szgxH
495,495,insert,three___,____5930,R2wxlk3fh5k3PhaCV5sonE8TS3USjXvtT
495,495,insert,two_____,____5931,1COsjF3ZcxC8jJKYLMU181nbqp61CaCmMrTOdlEWZFgRN
495,495,insert,three___,____5932,S3Ijz6G9OffQJHDkvExFLBRjJdyZdkRcRM9Hewqe9uP1bx2StSYnKcF33
495,495,insert,four____,____5933,CPAbqr1P1bZZX5KGrwVDMrRnXSe0VnOFtlfn9iqm45edQrSG
495,495,insert,one_____,____5934,zXYAvJeByINbj568265vbCW2vaoAxXpwAl8kRE6MpodeE9nOaI
495,495,insert,one_____,____5935,B1z5fzWbSJGvxUJrw3HW72XwaBjcg55Cp3gb
495,495,insert,four____,____5936,av2swejUKSdV2SgizMTf7Tu6mDXppmA8liDP25FoA
495,495,insert,three___,____5937,0SEY1wypWmTdNpsLw1Q3PQNiqdAHKBUeUNXsdlBo2qmDrCXs7917h
495,495,insert,one_____,____5938,8AzjAVzEpkYYYd1CBMY2DjKblha8O8Zwe6
495,495,commit,,,

496,496,insert,four____,____5939,HtPviq2XBvqNxyrMZ1J4OT8mJH0QPz4T
496,496,insert,one_____,____5940,aXDmKQGRLBzwPq4EHAcWzmOT5lqV0T0DjaHBP1hn7uWr91QqnTkMxVfqC1
496,496,insert,two_____,____5941,p9eawV34tl2Pxhm78sw172NBoCk3fZmsJRtqC
496,496,insert,one_____,____5942,gPgIoS5keEhYY3oMC8RWC3Y6szhc8BFlH3yrgPrz
496,496,insert,three___,____5943,ZHMiP8pU8UEWD53JEgBV6OUotKVUVp0Ye7hgJAEV79MkFG
496,496,insert,one_____,____5944,uS9mhNm9PtQ9cSJ94YSbCgX1iTkbz16SPNPh0lfyYTlmbSu21T7HjY2MYf
496,496,insert,zero____,____5945,hq7PtWg25y6G7QblSxM619R6l20GmY94lN77Od9EaMJj
496,496,insert,zero____,____5946,T5GpxN9FFsCW87r0kDvmhhQVgt0Tnfy2HGmjve373cVyofER4jRf13SrjrxwfxM
496,496,commit,,,

497,497,insert,zero____,____5947,MfYYK3Zg1Dwn3z9bwkRw4eRvfxWtaK1N0kuKFiiIHUFvfuYNi410S6PfDumhgc
497,497,insert,four____,____5948,zsmh2gxqDWbtfWwJjvYtso8oMZWaPmz6D0ApcakdpNYxeQxyxkVUhY
497,497,insert,three___,____5949,64DQH6PRHpHMyMqb972uuBwRmFzSWzDwXjBr3GBgPk0ZZTUs5qbytX4fhJn2D
497,497,insert,four____,____5950,jjbDo6ifKq2bLbEf9d7bUGmSHIvbsbVxNzLiFl4JUV2Uw
497,497,insert,four____,____5951,WcDiZwCViUryDzOEDvtnLdg6Uc1Z7snukKqUUPW
497,497,insert,three___,____5952,iIF8Yf4QbKkEpHsTV2YZnbECL5JsBeTB
497,497,insert,one_____,____5953,w6Ocbl0OoZ9LcHYO3C7yrAIchn6WLACtVPu8cUccOeLG
497,497,insert,four____,____5954,2LqfMcZyYeQbNim9zJ8KooPef6hOnhqi43qh4leIoMicsOO8w7VuM4M
497,497,insert,three___,____5955,eF1W5d6SoVTcIU5iLTUf8qA2kXUtezFBTqKb3cj
497,497,insert,zero____,____5956,Skac2SfcGSvtckMsiy8QovUTbIeV54ZRpEqDH
497,497,insert,three___,____5957,3FVwQkluxzzvUwJQFKigzRdfU6qGPe56TkbGCPNeW43aCzA2aT49xyJJ
497,497,commit,,,

498,498,insert,three___,____5958,aob6NABI0FyfONKIZO17Yj28sPIc4oRlwUYM3u5aOXjqG
498,498,insert,three___,____5959,xxt27jO8gtLLwQXiegfE70tZ1idTa7PUH8h9
498,498,insert,one_____,____5960,lmJ7l3cCBCJTpkRY1qBBuQcmRT1t9zk4AmH5gIlbC4m
498,498,insert,three___,____5961,5f7VJw8MnXfxdlbgXje3VI8wTY3Yd7HWVqhhXacdQZROmYpux0nUPHe
498,498,insert,four____,____5962,8xcp8jPc4gMeYKkp8trC8SDUBEbdrd0LkDMDh5CLlSovxLJS36dCP
498,498,insert,four____,____5963,n89vnQjtfibWoqzMtoKSTd6hPh3pgIxIUBJWlJJ5jllTHj9YGoi
498,498,insert,four____,____5964,2A3EXuuGfDZBgK1P4tao9J0vagcrbqQilhvbWvBPNYwT4q5KjHm2nFN5ze
498,498,insert,four____,____5965,j8NFh4NCwyfvhNmlir5rVsG77epQ1NBOvJcFj4J1iPT3rOqY
498,498,insert,zero____,____5966,Omd9LO9pCmdUnZiHndO2Hu4VLhN4jKGDARribQkMryGW
498,498,commit,,,

499,499,insert,four____,____5967,y7gdS7UnxjXqmdb2y9OTbA7GPSGZuOCnZ3NUAF4elPkuqX3XcjtWJZMZ0AVz26W
499,499,insert,four____,____5968,6H33I01jsrDLOtWKg1uOpiqUJjRmvsDiQzYMgeRxs6
499,499,insert,four____,____5969,uc40pbg7DgDuctf2OO3YG5hfwW5GezXXVtJFFzWs6XwT6YEJZK2EZ5K4VYFOHFv
499,499,insert,three___,____5970,bHxgSncgp2yyGZbF31CiHxjaDmlquuyFpKBTNN8Bzzk9ii1QJChU1E69R1
499,499,insert,zero____,____5971,xsNShr01GWqhCAuQmVMxHQJIYUU4x4lwiqmn2ad
499,499,insert,three___,____5972,cbSjzMLiYjwMvIG6OJoem5exTmLtEBDQiNuoB
499,499,insert,four____,____5973,nYoqkb4GWO2DmQzqjWTGBTI241vz9ZjhzQitWtTmXKP
499,499,insert,three___,____5974,bJLICqdfEYkMJAE2kTgvRoMmsmxeFYc468Mosc9pUdkvLwde9X9CTq4YrBn2G
499,499,insert,zero____,____5975,FrJ81LJYnxg9fOKmstf4XHWT1foJoO3Bn7styPL0Q
499,499,insert,two_____,____5976,We0LB6LcB4Qor76vv4u5p0cNi1MtJKYWkwDXqgBYhU
499,499,commit,,,

500,500,insert,one_____,____5977,XmCrV0h0Q9ZnKFnAusvNw56WYnK2MjDQujOYk
500,500,insert,one_____,____5978,Ewcmr6gc84ELlpsqLIHtXgTGqb91uWsaKiEegDWZgUgRNPagh0efMewmR93itC1i
500,500,insert,one_____,____5979,A96LB7h6akna1wGwdoWTDdsv3eckYkh6DV9bsKfTVA6DdcMFabt4jdXGtmNjQcu
500,500,insert,four____,____5980,V9NRVVrA0UCt9Csst9Ku5ThFhYjqAQloFCKkqeq3zZJdo
500,500,insert,one_____,____5981,YIJaoz8TL0glcsE3WFExEQVWO46PSEfktCURNTA9reeaBphZE1ZW4MW6Qj7s
500,500,insert,two_____,____5982,tHlT6FMUFG50NZIMwKkBEvBuEl9lXYcG3OgkyZp
500,500,insert,two_____,____5983,Zok2QwYgOMrmhhRBl2MFQiTokt6Nev4mlH7vkuV
500,500,insert,zero____,____5984,7FtQVtlPVCc4wbnOTQzMvDtvST4oP373UWTZTfX1EASUXABtm8lw6
500,500,insert,zero____,____5985,OARmPvOKvMugczTBraRLS3giuI0dDFYhgxfDQP
500,500,insert,zero____,____5986,7qoWJrLcZVeLLJHdwlUWO83oywZ8YD9eC3OIuS2vVmf4ZW0g
500,500,insert,three___,____5987,6PIuYfVv2u0IjNmbRDkIbvfCnCMIGdiGy6aKbzlqfXdmCKuDyWgAviBsXhqSq
500,500,commit,,,

501,501,insert,four____,____5988,LO4nXMX83kMgRuqu1jX9HVm2edAXVWOXb
501,501,insert,two_____,____5989,JI8XOpPVW376JsgTCrTkQmo9TlgqGlzBjmuWpsiJhctaVyUltNBx2xl
501,501,insert,zero____,____5990,tWUPGPQwvJjh51CXWwtBSdczAA5hyCML8DT6T4biNCLf
501,501,insert,two_____,____5991,6hjEsszatZSMczP3gfUwlDTPnW778xDHuHkWLw0V
501,501,insert,one_____,____5992,27r2zKBRVRSUHfbOWlrNnWlGoxxcqH9FE4lSXsVPp3t7fj
501,501,insert,one_____,____5993,oeuHDtFTtnKGOSi6efKBHDG5vvD1RLjWwzYRoxKMsYAr4THOR26VHa
501,501,insert,three___,____5994,DTM04DJiWRwOH1e8km33GO6lurEhgjpzgWBp69fkHd3aSgY
501,501,insert,one_____,____5995,V3Et1Fm1jnJb47cV0b2CR3Wy8LlkUk786SX53eE8cl9RH
501,501,commit,,,

502,502,insert,two_____,____5996,FvJMcJ3aEQUNK0PC7I6lTAsUA1zbdcnQS
502,502,insert,four____,____5997,M9wLEGmV4adHR7jWVySws6xpcbA7Tf68rI8onfPrBhLc2Vf5gOaQFCsOBHmNHFxx
502,502,insert,three___,____5998,X2L3XlNyeGCc5BWf5HMvjxka2OaJADFvJXYht0I9P3tLuGicTqq13bTH90P0
502,502,insert,zero____,____5999,LqHHu93hzi340SuVhYGhbtxB34eEHXhQi2Vbtiazj1BT
502,502,insert,three___,____6000,74QFXonZ79JkZbMU4Y9zlgTq2o0OtRUJ81a2nv3TmCegSKNhowwxvX
502,502,insert,three___,____6001,uhcMO3JSFh5Ar9BXn4HxLqD8AMTjOgG50Zpfkdqz4n51s0iTzs7JWuiNeUD58
502,502,insert,zero____,____6002,Bm52cjRkpGPNS56TxAJk6qgM6hsod0GbluYygIyV
502,502,insert,one_____,____6003,XLHJmCfh0yFeIQnPwUaBJ1r2tHb1djiCWeKqw8OMukJ9Mj4YKvjL9bDs3MA
502,502,insert,four____,____6004,ixh5UqCgIAkq2Dh49DWLq0JgRgu19FUFblt
502,502,insert,four____,____6005,t8JHAIBkIX2rUZfW8gGZTqKCSO8E90tM6hDhNO4b4VQdohCo0kzpSyQPN5h
502,502,insert,three___,____6006,pjOXunvODoVPihtGyHFMlsnWicN4I5zjzMI0XtRsdlEzppTZOs73bmVyx2k7Xp4
502,502,commit,,,

503,503,insert,four____,____6007,H2JpB8x8JNAfc7wRyTGEr6BqWc1dI3EyzgBiq90PJl3N0
503,503,insert,zero____,____6008,gxHFBa8XPs3HcP11ZMUyzVmMKfxw7MpNYAZFiFIx
503,503,insert,three___,____6009,NVLLZh28Sm89bVDc0pqe8xq5ULIslvB9A9
503,503,insert,two_____,____6010,WQm5JVbkNh0Z64CLnIZ2VrsPLc6OeqMFrm201BvwEpHzDU
503,503,insert,zero____,____6011,skiSKk3QxYbgkOeIYTujrif8xsiOqVNNgGmVs97CoZGbYzMrTgwycUOsuA
503,503,insert,two_____,____6012,cL8ISBTyvxdO9wvYkimVA0HE45LoLPO9CCv6VP7vUa1j2YTLIjDLrs
503,503,insert,three___,____6013,RZZYyUpvvVBt4EsOwyZfcJCIAU0rlWxjHvi4PW0m
503,503,insert,one_____,____6014,Gmku7gHectJiTGFm87jFESqkhOjKL8ScOBkTRKjmP
503,503,insert,four____,____6015,avkwoxRHQqI5HOOcN7plbyy2L492NLPd6xFBTWSCodZd8g
503,503,insert,two_____,____6016,HtRazcQoX9gywXH7fryrellhov3fGOf8s5kBe5VLtaJHfXvnnyK4xN4FMpNNIr3f
503,503,commit,,,

504,504,insert,one_____,____6017,4fvLGndi5EVyg0KP9v7LmiqtVr74dCk0p4UntZU46MrrywEJvBk
504,504,insert,one_____,____6018,aKvXBqmTsHz2T6CWkC2Ym0S06Mcl83xkyEJlMhgitZzWAls
504,504,insert,zero____,____6019,h4GMR0XOOmBD34tLJIrzexJyPZvEJh2gyKH6pbEqdUdKfe
504,504,insert,zero____,____6020,AyvtHVvykly6OpVDZFojh48Gpztut5FHoAtGWDCkkPg6yafUrCNuTdL5
504,504,insert,four____,____6021,7bV4vqAbRXN4wZddxH25t0KaMClbqiUPU5kaJvlHxFC0Jb4vQwZIotCkyV
504,504,insert,four____,____6022,nPhHmgLfTFrHHUjFs6TwxQFQ6WHEiEOZEiOzXejRes
504,504,insert,four____,____6023,FFXzifPuLi4hSxv6hzprgRNGKpHsOIBZf4XH6CjBq99S9WBv7o
504,504,insert,four____,____6024,rvAfBQfzosZ2J3ydKrQJdF61o1RNN1dOI1vJDRkja
504,504,insert,four____,____6025,wvZeKloojoOuCBP7hzMMFWmINCOh56GE7cbjLaA4TD
504,504,insert,one_____,____6026,QanHpcXYaQco3sd65VNXgHyMxRs87ejxykGiOucprsHpCrL6ewhJw
504,504,insert,one_____,____6027,nnV2G80LKEVUDzKQQ5VhY7L4eXsQ4rx13CMjImnr6h
504,504,commit,,,

505,505,insert,one_____,____6028,36k3ycI9yhVwwqgoPILQXZkLVZAnVSv7vc5ajJmpBKIyrJH7Yb0T
505,505,insert,three___,____6029,xsGYWgO45vIdJBqWNTTA3N5GXFmaZaNN2KwMxIrbRSnlqYi5O2L1aql9wLsno
505,505,insert,four____,____6030,Va5vVwRecSIugifcvWYmZ3Ah7Big8lI50viIRxKVRENhj7KTiHEKrVZ3Z8Ll
505,505,insert,zero____,____6031,1SLrZDRqyYNUSet1kjKf3jjAPc6IhWvSwh9
505,505,insert,four____,____6032,roX4UP3aKn3uYhFJM4SqZ1d8CQXFZ4YwSGT7vaKTxVtvNOLllgwpsffKd2450
505,505,insert,zero____,____6033,ERJqXqGMGjbIRLHHi0zd29hq1tXGkD28eCnKJ4QforTVqh
505,505,insert,two_____,____6034,KLWPbHEFjrNlV2R9zmr4HtCasEne1y9z9YxycQjg7WWapl3r4
505,505,insert,three___,____6035,If1ToO5vXKsn4W4fZGkfv0f9xTA6vdvUTrXhGrENPRlwa
505,505,insert,one_____,____6036,XWPXO01ZgaoFX0eAnMLMyZJ0BEMjMWqzbZlHm7rq
505,505,commit,,,

506,506,insert,zero____,____6037,fx87Hg3qFWzhkXaYyT64Kwj4B2uQ0QQ2
506,506,insert,two_____,____6038,CsBL95I7KZh6n778HobPO1CQwp5vkc1zhWPuqQFs6NimIsHfqxys
506,506,insert,four____,____6039,X7jIGNrZhbTMY46VCvhprahPAEB6vBvbDLQ4pOX2hyfKLYTsxy31Wmx
506,506,insert,one_____,____6040,8vMNyZVxnfgNNrKV8RAQ1ZlBai52hUk7qhLjzes1p2cGJ0KHAExi5m9U80tw
506,506,insert,zero____,____6041,qg6RlASxTo6yPaivHVaOm3GatCyLw1k1MDWqhr66N0
506,506,insert,two_____,____6042,mj8VXBxanwBePGwGEE4ELK3t6GRyrSGue86yBzOWKkT4
506,506,insert,zero____,____6043,FnRBGn64NlyBOrmk5yalnNENxSl9V9xljviS9Qxhp3cf0Iyp3Vaf
506,506,insert,two_____,____6044,CqqQ7BOYB5qhqQCYmdUFsAq1ZsWIUfVl0IZTa6fjq
506,506,commit,,,

507,507,insert,three___,____6045,KTKvKVmEFscAY3aRdIk34xLVANqNTE4Qvn6
507,507,insert,three___,____6046,UXsjbrjxDX7Zc94JldaLakT1oD8ZdEayiSC5yCDhcXXvKdt1KtMIDYAl
507,507,insert,four____,____6047,aO4Q2fvwIDUH4JehhEJDFOn969jXiT3jHOrt
507,507,insert,two_____,____6048,opknzR77R2FIR0teouLbQL9QeO2JclVXldXNhJlWFMGamXdGKPxnZN9ayJnJPr
507,507,insert,one_____,____6049,T6V0gmEQRiLl8Unr4MApDSNhRmYpvgAKc0RFdWtHFYspaW0UhpstY9o0JeQoKi
507,507,insert,four____,____6050,qp4azzLHJg7VjKzkainksXRJCIdIETjGoA
507,507,insert,one_____,____6051,oUY3EJBmhWS5q0Axcg1UW6T2K3rtdTrAVzqNkbVrWaMu0
507,507,insert,four____,____6052,MQJnAKLTyl2XRLVQbQDEe3MNWfQbkaj3ZO8iGha5sg
507,507,insert,one_____,____6053,UakWsbcmiB2u11frKTSmZSV05wujsGGMDgwu8f3NeD4gY7hf
507,507,insert,zero____,____6054,4bCUQhXE6OuOyJxl9AVRLMV8eLVOGgMiWx2orzNCRMaINnNmjabcEmB39
507,507,insert,four____,____6055,MPnR4eIbVHSWjthgyKn4v7OJm7WP8mqlzEIuPuaTjRgH5jy21aOXR0aK3
507,507,insert,one_____,____6056,iir2AhseihxF4uXwOEKmDYB5LAYTcZahsue6yLZNETDg
507,507,commit,,,

508,508,insert,one_____,____6057,30dtjd607DuuuwypKMmpkBQnqSTfjYvAHowvKxvUkUJDi
508,508,insert,three___,____6058,GV9Bd6obSWQXYW4mf6EWdkxxvj7Sp3g37eSpKwk
508,508,insert,one_____,____6059,vnRsIlhnBHnYMDl3jNF1jch03soF2bGaMocAufmZ2sV7koQcYWR2zPtv1fkpn9z
508,508,insert,one_____,____6060,36G0OLSRPO3VEvmoyth9DBKVt7CHPehEowyVC16ugmDAlGf6fnpI7
508,508,insert,three___,____6061,Ohcp9adzIvXzcFluzv2z5G0cUdNVEdrBKnm6tCRI5fINE
508,508,insert,one_____,____6062,8CA9YXMnBgJTaPANNK7X1swQpZaXmtpwf9RfXhIZXy80uZGDB4KMen
508,508,insert,one_____,____6063,kyGjlI9skssOOMBqQZrqmeKkQV6ALoxcl6dOPiJQlsVxCyMOVZ1wjhvXcueXqj1
508,508,insert,one_____,____6064,gpLolRi8SyuXlpqBztw5QWAuhXQxAbu8D2tn0zLiYO20xD2pfOkdgb8dxfBpKl
508,508,insert,zero____,____6065,HO29twW2xF8gdzL7L0mjBz46FVyneSw4UwR5adGpu352Rud1VeBgppiGJj
508,508,commit,,,

509,509,insert,three___,____6066,lzlhchZ9yOyJiizH4dO7rvXAXi4mr1nNvNWH8msGjOuMMqYwkN
509,509,insert,one_____,____6067,zBmLwOeONEwnmOhUiHq2ZOLTKAutuOoYLYMOykpmff034U1zjbo
509,509,insert,two_____,____6068,VDgh3JxqGaUPEmDB38y3iFGruPCYWUpKX1AmFWhzgJnP8
509,509,insert,two_____,____6069,KzwXN7ztq0F9pG4wI3f4kpwkZLHQt9mNN9CXtYKYZO
509,509,insert,zero____,____6070,MB3Hg9x6xrIwKR7E9xIz72c7sO9t1ctMyP
509,509,insert,four____,____6071,CTwiNUsmwiRYUrg6LqUl7kaQGI2HXw7Vi
509,509,insert,four____,____6072,4ev1K5IVgt6tjtjcJrCWSS42Tnd4QgioaQBaCUEHGrSvS
509,509,insert,zero____,____6073,lq4ogvhz6nJJ6ehfzdYQ7NEvoUPJ6Bd0aS156sOuOIfvAax205l
509,509,commit,,,

510,510,insert,one_____,____6074,zr3bEcr0zZE4reoa9bMjWMz2YYe6JdAn1B7epmyo5BVnkRtRTePXvb1h
510,510,insert,two_____,____6075,jvR1ZOrxPfkpPuIrAFm870mLEU6xT5SbxpCzT
510,510,insert,zero____,____6076,3kzWW7eYbwpbrwObozMr2wPM8GLPHn5oZWrc1Ao4YdDZ1MMtpc5JWu
510,510,insert,two_____,____6077,x7qcFx2Vj9EMe4OdDunGA0VhJhoSvaenbbQb0VYNFMjfHnS2quBTxTAX
510,510,insert,four____,____6078,qLvEvktzUItFAFF9BJBQ6DRUWNr6HiP1J8qhZd3ds5MyGS4vjmphmqT9t
510,510,insert,zero____,____6079,vENTLAiO1fl4V4qBlcQraoiUzIvW5qzN5radykPhl
510,510,insert,one_____,____6080,gPMQOPZ5eNR6OYcVTmnGVxoVXTm2Mis8L2GRIlWi0RpgzOAyhR
510,510,insert,four____,____6081,Rh9zyxolmWsI9zpJrBCww7iBrwWiPq2dIKB3MFNYucrHtP89iWr
510,510,insert,three___,____6082,GgkYmoIEvvfHL33oBgQVz39enjTqhvK6Zq
510,510,commit,,,

511,511,insert,three___,____6083,TVxhjlxmwu9ujuz5FqBHPmoTJCKBQdFKccJj6d8L1q4QfLs5jg
511,511,insert,two_____,____6084,EaftOPJUpTfRPuwWUd8YDyeABBIfxvjtu
511,511,insert,zero____,____6085,DuYgHg8QJvZ0YtSu01irmGZAZVKyxtgN1JYItLzi4ocEP0bZkBxKz7BhhyJGM
511,511,insert,two_____,____6086,0r5G0UFa8iAdDML1L8w0WvFMn7rpB9rtzc4g
511,511,insert,four____,____6087,B2Z30m4kqPXKQ1D2sXartYLSsxU2ZVP6MmznE3
511,511,insert,four____,____6088,z41M2IgE4r4ktFNxnrL6St2jtgyCYJ8Fing3
511,511,insert,three___,____6089,9XYTv4mTyZAp3GKu49uuEjXuaNOhg5YiXfq
511,511,insert,one_____,____6090,hKBghSGIwsikvE47cUM5gVdFCS7O7XVJRfzMJMcR6
511,511,insert,zero____,____6091,e5jkarcpwgissekj8C2CCgwTwaTNfkcDAQAIB0m4q6a7mUHlW3eed6j1GlOFk
511,511,commit,,,

512,512,insert,four____,____6092,s34PvfpuxbxGENAkhmun5fzIzcvs2RMKr8EcKIYaQouAK2FPyZgZfzPd2Iz0
512,512,insert,four____,____6093,qvh9OZXpe4z3jqsKyetVn58vqGY3IA2qe4q7qqNzsIk0QMuBQvFTEpbcvJPh4
512,512,insert,one_____,____6094,FxBgBlkTakPvVHXnd2BZeC01JCgaNBeDT4RpsgoG
512,512,insert,three___,____6095,vvTIs5UEyH0FEleXTCoYUcC9B4rlvXkB1XxUa3fofsXZiHlmBngKwnHVnzefiIE
512,512,insert,one_____,____6096,IRjhQmgWsMJvl4Byp61WIzI3BC3flYxOkbQzwBq
512,512,insert,zero____,____6097,SpzBVPrVXGgcoVE5FRgX9QPeI1MkDx5xPdOpVQlYefx3c8dGVq2lslvLijrJgTM
512,512,insert,three___,____6098,Svz6UAI7PjY6BK5DgCZSfrEHsqwaf5EnqYl0ppCsIyHlCme1
512,512,insert,four____,____6099,BLFdAoWavGVfuC0gUAVjgLNT5EUWn6FQhIzNJye9HfgCWRMeK7Me
512,512,insert,one_____,____6100,bmIkfcgVJidpLySXivvAc7sxSBwWh3Nr2W
512,512,insert,one_____,____6101,2jMAZdUrr05NsrYhSuqEOdLkdwz39qowxa2xfFa4cPWpvAiefNUpgTItkykNb
512,512,insert,four____,____6102,ind88kb3DamL9stI05QJG5tzTOBrrxNZ9VOdBMvU1wczimCjSEAHHR0yIBm98u0
512,512,insert,zero____,____6103,OEyQtm4wvuJ8lMdmZuwuMwehXNNrhRzgRZ8TReg9XycdI
512,512,commit,,,

513,513,insert,two_____,____6104,3DmSStUfTxYMseg1SWrCkULL8jOtTrux3mN2hvNpPlem6aJajXACO1O
513,513,insert,one_____,____6105,gRxk5UlwLLIk1bCUKR0tdxtYIJTz2ttJX8EHgT
513,513,insert,one_____,____6106,gc5eQVkrEAZMi0GaNWrJZoKkPOFoeIpDaQ0wJhDD6VinJd7D50BFG1DsbwU
513,513,insert,one_____,____6107,eVLr9rpnaTMUAhL9Tp0ak5cIL0dB62lqKVzf0vTQp6cMNiA4v9J3
513,513,insert,four____,____6108,CsHink6jgx4JNotj3AMf1M4vU6YFCGoVcwurrITn49v95VcKUDhGkaQOa
513,513,insert,four____,____6109,lYR0SJRpn3wa9PpFHnYZeqwdWhnaM5DZgYJ0PqCqUQ8skVmt3Uba0QD
513,513,insert,zero____,____6110,y3F4uTLejR0GYbnP7pB2oENzGcyPi5KpMQACkSf0GYt674zdkvA7khxkFXaEpQR
513,513,insert,one_____,____6111,cBvpKmpcROtC3Uc62R8gmlAFmf2xUR3vF4fdi6X7F7m9
513,513,insert,one_____,____6112,Lu7rHcPSwdrQgRLX7uXEzQJhr6nyttOD9V9GJKSFHcDYPjpF
513,513,insert,one_____,____6113,rzIb1hVKyX3IBxrt0vIYw70hd0P1MUhTGrKuCXbpZOWYNQHCNV1XB5it9u3p2sf
513,513,commit,,,

514,514,insert,zero____,____6114,q1UobiSDCxuKEZ6feBrJY9ueJFP5EOl7u42RhhcO
514,514,insert,zero____,____6115,iKGyJ0ZdSERNDC63H0VgtNcBKFvihxwNqfeHLDFKzIyv3H5vvvXofat1
514,514,insert,one_____,____6116,SvtRW638N4MKoaP2pzoeT9t1dfQK64ffSoZrl1KL7tqDT6Vsk1vnLXEhjQJyL
514,514,insert,two_____,____6117,rRb5O0AtfphjnpSjinLWZ5CtkIKQ6uEa1w2OgCTSsK04Si151MuWY
514,514,insert,four____,____6118,nGLRffHzCiJxyTou458NUVhBqXMRLt0NKI1egfJMxnxZC1
514,514,insert,one_____,____6119,nliwMUq6aXuq9cWPdaeAg9qffKLSc55MWdS2JA08u4FvXtw
514,514,insert,two_____,____6120,7JcfVtmwxX0XJXGLqwh8jsmagm8GAkxzEQCB3djcGXkmLpWrc6AbWpsNHpgCGS
514,514,insert,zero____,____6121,zYaUf4sEwY8aDO74tnMledXnky0GKfhbQw
514,514,insert,four____,____6122,LBtahEIfZtaUTGgx2PWo3ewtdPHyBXna7liM6rFinZSfcl4XZzSPhwxwewvIMD
514,514,insert,one_____,____6123,fiisbh1vS1hKoHOwomqj5WlRVzbmGjBeIpi3K
514,514,insert,zero____,____6124,AMxUDqYQJlIakCM0ZYHmPc8323uEtZpVI7OOMfwODkgdnluJMWJ
514,514,commit,,,

515,515,insert,one_____,____6125,8pbT9z8BMGzRMWQaxFvbyGyLN5DcWIlwkiBY4Wxh0bjieOt0sukcI
515,515,insert,four____,____6126,9F5dJFltpxdLqJeez8I0ZiSLdkGx70q9DLPSRC94aoE8OawJGJ8Va4
515,515,insert,zero____,____6127,SYB6hWVOqWEgrA7lkW5fDJ375AbxmemXu7N9OCfo1AByL1JGcuoHjfHL7K
515,515,insert,three___,____6128,IJXgsc1jXBp8vFrikR9aPjlk2rSv0fR4rV
515,515,insert,three___,____6129,zopnrQuCGZbxLx5zXYzL6wcf9WEdRvhm1lSi22FDCWMEXM0vvilUh
515,515,insert,four____,____6130,GL8qw5fyzcQTgBZp51HNP5yjGtvfzcENzyL5IV9DOAp6iAbzs6
515,515,insert,zero____,____6131,2DXWHjZt4QJSsXo8kHL1nLhlBXd3l2lw5J8CRPUrCbD9A4fayQB5aF0pyX7y
515,515,insert,three___,____6132,tQRk1Tds8ghMkYsvrL1IW1ygS1ZB25XqQLS4XPQfgQai7G8x66dcgk2
515,515,insert,three___,____6133,NKp3OZmB5sciClaDFltmAmhzJ9mTTOt9FlvN0yC
515,515,insert,one_____,____6134,i5fJw5PuxSDwYKu4f41XB7aKjZgcQ7buvOYwV2zFcBfjd3ORspJK
515,515,commit,,,

516,516,insert,zero____,____6135,FTD8Sp2y3M6o86WdcORy0MVMIXUCKmnfw8hrU2Pcw
516,516,insert,three___,____6136,TnCrWIg8VF8MGwG64eWg7SJKUsbxONNueDijRTeoy4hQzGYlsO
516,516,insert,three___,____6137,7Br4CVU9xNuqXH6enDzwL9ZsCaPVMMV9d2Rj6a26XqNcF3hOCBz6G7Xtn
516,516,insert,four____,____6138,CWgdlPTwUDMm1xj7udgdtdUkwm402SKzljj7LyI7wwVGY7fTgvTHiP
516,516,insert,zero____,____6139,0WP0RDbTye0NZ4Mgb4ptxSd22252kxNdwJLW3cmpyHlLVVFEDlHU43Z
516,516,insert,two_____,____6140,7fz5b1rt1yr0O0J1refdFqzDqoO5azOpcXG6xOoJ2QPf6jqBw0VSsQHF
516,516,insert,one_____,____6141,ifzEtCSs3tVGpnHgjYLUqcE0VKryu9MsKvsdDPPsxR1
516,516,insert,four____,____6142,UykEx5rAns2SkBh8GdqF7wyJTp6kyCIO8KREHjjFjXLiwGbtin0UA
516,516,insert,four____,____6143,9h9PGmv2v6GyhmYj4B8lSXV3sCHisc4EOcabzrBrKznFU
516,516,commit,,,

517,517,insert,one_____,____6144,pkvybbid0ScHv0ZDO0CcYlWHonYnGAcYiJIQq9HlDGWFDZ2vuzn9XYigkToyNAxk
517,517,insert,four____,____6145,3F4HTXj3MFIYEiqd22gRu2HMiXjM2Z6YwbVqI5DlQh6Z
517,517,insert,one_____,____6146,MdPfZ9qKM2hYnxpQKLp3NO407TmrlYOuZ
517,517,insert,three___,____6147,MKYORHaOuTUSec22mNow3TtJhQuRvAdyAyU5wJq
517,517,insert,two_____,____6148,57h8PKbMyr6SClpESBi8s2zDUBiHgQyek9el6SRHJJLRz3KTuZMqIk
517,517,insert,four____,____6149,YzYxBcsapnug1fqf4TykJlMcn7fTrku7rRCMwPP3
517,517,insert,three___,____6150,lAHZE3vMGdt65r79AoMvQjiZIJJl5MDKj5uyO1dENAem1fUm9m3fz3jovifSac3
517,517,insert,one_____,____6151,OkW92fX1q0ZjvTNn08JkOy8kps75aOM1i1XQQTfFeL9yiU8BqfLigI
517,517,insert,two_____,____6152,AbJ3n4c3xzp7gNvMigm11eb5LjhDMKQ0C2MSvSMSvRuZkF7XEQe0pEgBfN1tY
517,517,insert,zero____,____6153,ceyAeEEnQDda0NlMOeQPuF4UrBZ3ujD4MvG
517,517,insert,zero____,____6154,WAF2G8hrCDk0pyR0VKfbRifqOtA23IBms6adxPYgBKfkAJJTS8eDrgclHElc
517,517,commit,,,

518,518,insert,two_____,____6155,hBXpymCeXHreIUStW73aUV4ZYMhFZ2g1ctSmvQGkNVD4yqktwruoCJHEY9gFYIbK
518,518,insert,three___,____6156,WfpJkisz2pivHV3rvDTuDqMON9iO4px1V7CGKQ2jQEbXtfzGGF2egbck3aB8
518,518,insert,three___,____6157,hvwraaZWJ4t9KbgsQ0F8EG46qskjABevuFdPyR5hNrhUz
518,518,insert,four____,____6158,ho8mrE7BLzkbteVJZzdLEPz0nDckxHHIjCRm9W3ScmHZyP4zVwsMpZte
518,518,insert,one_____,____6159,UZVoi205AEBaCt2pXtEN98dBNi7bPqn2ksDBtp5
518,518,insert,four____,____6160,uDsucSeHEFxV5T31Wv3PcReyQa0Z6ua5nWltseYeIv1rfy0ui9kvfaMRwPJ13qu
518,518,insert,one_____,____6161,EgoNsoOIJIyBfHohSgLaJ2BhQyJQlULNHiR40boJAqGbeVzaJyKU
518,518,insert,three___,____6162,i2BfFLZBb8UCqY3PbcZjsSCUJtsBN9zSer
518,518,insert,two_____,____6163,farz7XnxECCCTFI0n0RwEgIu2X9rRq47BQYb87wO6mKlol30K5xWpL
518,518,insert,zero____,____6164,61zEVHV21BrNBQI3ujYfZ0xIxWUdkJ01eAGo0r7Uk3Mx2jg
518,518,insert,one_____,____6165,PmtGmv5yLSgBYQg08l4qQW01eNIicFLninkyjV0YpTVX2WuXX
518,518,commit,,,

519,519,insert,three___,____6166,V65wunU3P1alqms8Eb6dGan2C7mxho5fKfHeyaDiz3gRbHu88vVtEq3KM
519,519,insert,three___,____6167,o4aKFB0ZUxi2N9BYrCtDVJA7JTXKtaKK2FH
519,519,insert,one_____,____6168,PnO0w0xTyNoGwjsULW0vtxuYJ7ySfhj5o
519,519,insert,one_____,____6169,u45QcMsFQf46B0fHltN7MUcYJDI6QFMv0TKcItdKCC97sMoMmB
519,519,insert,zero____,____6170,auAoH2csjIqmgylO5OZ1gCdwuOt4xwNaSFcUrwN3aYQYowvpaFjGx
519,519,insert,three___,____6171,Lyt5s2wiLSH4NA1eR7seagkGMKLvpDCO0f0EVYi8TIxwBugvroDly7RnzvRbXR
519,519,insert,three___,____6172,M3ox2nhx3NWpljeWb37QMIZUhRTSUhm2xg0eNQ
519,519,insert,one_____,____6173,cfYo7zbSn78PIbyr3rf1ddwmPNIetyqMSK50jGOY41SxwXlFESO
519,519,insert,four____,____6174,hw6GJs0Cyf98eiMq7sP7zf8WI8h74QiiY
519,519,insert,four____,____6175,ahLdv6xmHKQbco2k3ctOM4o1ajpkLrcY9rC73rTuPI6tDq
519,519,commit,,,

520,520,insert,one_____,____6176,NLbrGKPWUd7U8BIbD3g29IEzXrwMf4H2qL1weL06hg
520,520,insert,four____,____6177,BkOYWbP3CicgeOygFde28VvBUQ4CAEekruEhQP9
520,520,insert,zero____,____6178,BvXjw5BmWmkTNV1SIejh5srGidnZcSjjITchWgTVsmCyWWeAOR1f2trdtPJT4ou
520,520,insert,two_____,____6179,YnOAAxndoE0UDiHKtjBVWJmElwyf9zMfeqeWppEFkoMwIeK8l3ACsyVaiBf9
520,520,insert,two_____,____6180,OEKMNjugXKD8dNJnKlLJl9Bp19npQkwUQyTO5xv8w
520,520,insert,four____,____6181,aofRWtYf8hMvIWChldERUDziKx0YalNM94vlMC12L93G2k8hmPjy
520,520,insert,zero____,____6182,EO48YdgWoON0T4DvYTkDbVnIXS8yBgLI6irW9vr22yP
520,520,insert,two_____,____6183,csjhA4jnm2YNhv6iXVD4m0qlcsn0bsLUonRMyBrn9tCazE2QeRjoRkJK8411hD
520,520,insert,four____,____6184,Z6n8HIppzJY8kEd0TBJD7gbqLkLS3fGl73alm
520,520,insert,one_____,____6185,AZBMcuMi6z2BbQS0ZhMop1xrWYBfMjTFiYXtDgdw9ddzdd
520,520,commit,,,

521,521,insert,one_____,____6186,DjQGChJdXTUXBzt5DbB3FkBt9FIsqSo1SiVwenoSr2DkcK0EOkMxpmnm
521,521,insert,three___,____6187,J6Bbbne2v4MNYcQ5Dcv8JVZp3QXxXZyJq8GQu0yXvGYCqkis7u
521,521,insert,two_____,____6188,VMp6hweca1XEkJYGm8s0WzKBTb2fLoIpohAHfVOBONt7zqaKVaX3OleF4UG
521,521,insert,three___,____6189,WFH97O8IN9y3vted1rb6COeFzb5fhYYJLD
521,521,insert,four____,____6190,aXKqULPLNXGVgwc02iKFb3VU5wChu0cmzs18QNBDY1UoYoa4RgMN66siWcV
521,521,insert,one_____,____6191,gU1UudQQ2VrL1isQ4b3fiqjsDolCHnQHZ
521,521,insert,four____,____6192,zXGIkiK7DmzlrtiGfbyiWupMwnIW40bN8K
521,521,insert,four____,____6193,XN86u77Py3FRb6wrf1djJ3ISiKy9kL28cK
521,521,insert,one_____,____6194,N7cyg67wtk1pahfTFqNWLrmPeyV4MDoXHxzmFVJt
521,521,insert,two_____,____6195,D0PRZNhw8vwa8B3QkWtvcDdP0vigH6WyHpml2HUDlcto2iN3CfCv
521,521,insert,three___,____6196,LLdO4q1Prz5ZKmPDMxujYWUmxIOuYB79oUHT0rnTM0Xf
521,521,insert,four____,____6197,QOOawMFtSwDgDthdmQMUhu8bg4PzKqrb1MuFpDax0iv
521,521,commit,,,

522,522,insert,four____,____6198,t5tlaN4Vbr7q7uSLs1ykgjgJcqkALvaYh0IUkPY1n1FGN
522,522,insert,four____,____6199,16CVNxZQJaZcZCDJ1piZfr7fyigDPUvx1VWEtkgo4I168oRtVfT6m5wutqAIki
522,522,insert,three___,____6200,J0c74CWfbVFmTwhPgtNVXdywH9x4FajqIyfpGvhPejmKT9B4
522,522,insert,three___,____6201,kKqRbiHzpBBNtZ5IsevbIM3HNUJjaQxpJbZQUMkwYgN88KiK7yGUffv
522,522,insert,four____,____6202,d2Fz8frv52WysN91vnuPGgg4IMhYGvQqeY0ASmGou8e
522,522,insert,one_____,____6203,xM5u29fOxT3IFZE3Zjvs8upPGONG0m4GS8US
522,522,insert,four____,____6204,QpeXiuPxrwc5SSDrAQZm1sqnO1F6gBggfnH0xArtrjpvCP
522,522,insert,four____,____6205,iIxUqUczLUMIURF8C5hi4xndObek5LRKsTJRroztahVqHC87puELTy3
522,522,insert,two_____,____6206,uV2RHpnumRS0ma1EPXkMSa2bxRWHlCjNlLngT
522,522,commit,,,

523,523,insert,one_____,____6207,bgdLT58Gz1PKVjK8ZLHftryeGb4I0GVnkvLTFfQM8xEU4InVUTrPNAw
523,523,insert,three___,____6208,CakFPtcvWjILN6agYWl1hgeekbiYgcbrSRdsDEt31r2UKBQx7SEglj7LReH
523,523,insert,zero____,____6209,RYU1LtDB8uA743SZf2An3I8akeLBZIah2ZNh53Ty5Rk8ym5FbzNe8cwZcicJYRk
523,523,insert,four____,____6210,v2euTyDbo7JkTdES2agEcLJ8lZhEktnfBD3b2e4I38A
523,523,insert,four____,____6211,g1X4MRwxjeTfzCUCXF8jysrKqCE5a735w0AkvIbayfdggc3R09etZ5Ly
523,523,insert,four____,____6212,wtU5Ma1UCt6Ckg9Za2ew3jNoamY8bq9WCYE1q7hJMVffUhYuQCRrIucg0QC4hxt0
523,523,insert,zero____,____6213,sXWXdFsUx8UxhefREMzELDir59syDyGnwTzNn80bt2o
523,523,insert,four____,____6214,O3agiy5R4v3Yo6Iv5OgRDx5QkO76ESAixLicXS3lYp3RV60Y7muoSgGyN
523,523,insert,zero____,____6215,FsvbJzQEio2L6nGC76y8Bta8YI0Jjs6VHnhvTOpNAPjYwCbg1w6NvD
523,523,commit,,,

524,524,insert,two_____,____6216,seUz0YQmGPseO5HuPtQfK9Oxobv0sqBQcdxOQ2kJkp136m2PjgiP05v
524,524,insert,zero____,____6217,R7g8TB2WPx7vcWXog3al5KY39u46P7x5OgShXNKbKvedxxA52TuZxWlRbS1uK
524,524,insert,four____,____6218,VyTZTzaNBkCauvrZuusIBdGsIMgHKwU2GqqOt2nrC7Lo2aQNPr2rqMLBWd
524,524,insert,two_____,____6219,79XFfJQrusUGgzX828Nwz6HTlCFrHZIFo3c
524,524,insert,three___,____6220,8i8w9Q6PMr65FWs02tDDnlxzh4WpQxE2oz4uM8v6D2mz617CiQ1
524,524,insert,four____,____6221,SIEOn3ETLvSjasb3D6QX6t6T9wcgyvpBk51lsDWzRAe24gIFoE
524,524,insert,one_____,____6222,v0GVOhJfOj0WUfHI3CkqxsK6DjRb0O8SCX33cvKh
524,524,insert,two_____,____6223,PpMNq27q33YLtq69uAT8qwYUkkKa0GMNA4j
524,524,commit,,,

525,525,insert,three___,____6224,a0aqAmfCPDs0LmbMsIkWRs85238sKu29vc0
525,525,insert,zero____,____6225,FCXD69I8uMKtvL6sM3yOOVw1aTl4xEc0DePwIZCSzatpCXD358
525,525,insert,one_____,____6226,HbIx39VSe65gp0X22VCw0ooZO0mlur00Nf8zug9g4Ts85RwOtm0IOD3Q051fAmOz
525,525,insert,three___,____6227,K7jWuX6cIVDWHLjIgb5H5qJVYxfyoHbOiLb5VtExWlyJvPIfEJEVdGccOglUrG
525,525,insert,zero____,____6228,Hl5lPwnifLBAMS0dAxwe3bcWHuvjx9bBiahdvxNNjsdJA0mRGv6cbH80Np
525,525,insert,four____,____6229,YpUQ2JG6SE024Y5HdnTFLQu53sJ3rzafsGvrlpg6G0Yf
525,525,insert,three___,____6230,2a3d5IhIigsS2cPdHhTyuA6xkabbHW1bSZEqf3zYcf8YVTtjCcIrILD
525,525,insert,three___,____6231,HX9cZgfjKLp1JrjtbjyXLqVwBQKdiTLQbe46qBBTSnRs4so5enGs7FRxjTku
525,525,insert,two_____,____6232,Gg6S63rfew1otpBGFd9FCiBzmvtvjZxSBbAd5Z5Fhs2XRlLOD0iZXieobFKytJ5
525,525,insert,one_____,____6233,x4dHh0qa1j0i1OTkjPMuWs8V4eVzaVTzC5tfg8dllDqbwx0Ctw
525,525,commit,,,

526,526,insert,zero____,____6234,aHIPwXLGSTqN1HnmvzJnTJ1ew4W6iV5ItnqMf1dJCsgj8Gkttc27YOW5GHQE
526,526,insert,one_____,____6235,aXSdu2EUR6vS47pvP6MT9TvdYEtjpJFL
526,526,insert,four____,____6236,CrFa3SC6bnwVDfQvVJbyNEHx8RyyYF1Qgo5FRiVDVCLHAB8MFWDQz
526,526,insert,four____,____6237,biBSfojiG1Z0cxLfJqffeMT7ZEdEgaZHyH2DpY7pJ5X1SUuREschQQJbG
526,526,insert,zero____,____6238,bfRndrX3sv8VBPwPgY1TTM9lghvPbzP4WARy4Tn3OgTTyypAMF
526,526,insert,three___,____6239,jmYZEhUp76v3ZaTlHdoJhiYIwxWVkK7bC1iH2m4uBoozE63OjbuyGEdO7dXJM
526,526,insert,zero____,____6240,zEBGd1XGJMME5lfw3LE1nfOYXbJzaqPPE
526,526,insert,three___,____6241,jyGL2LLtKktGrZJtJ9i7TYy0ko4F9VRVSmKa24yhwVtJbsG1nNmYke0GG7JuHaIR
526,526,insert,one_____,____6242,yBpJIsCYNb1UUk2TffRh3zq5sI0kzeNxxtvospxvN125FNptB46hlB
526,526,commit,,,

527,527,insert,zero____,____6243,gF3BZMuGkFOx628dyQdKgvUWcvLNptg2OHA8YdNoamjv
527,527,insert,two_____,____6244,M2NjrVyNVoi6s0BxgCJ9nrgXQUCFAmei5sDmITqQisOG6jrMbH4LcvtkDC6xaU
527,527,insert,three___,____6245,AbRcABVmxuibkXTo1klwUcjWVwEfWTwB6VTcS9GqK5FZiPH
527,527,insert,three___,____6246,UyGxnmLrNJyd5W7rrc41kj36RIQH6S9D30SuLmW8riqD23Pyz
527,527,insert,one_____,____6247,YzVEK2nrnz7EE3RpGOcjcfCKpIPNYF0zdAcJLav
527,527,insert,two_____,____6248,6ShL89SypnseF8zIvTzDwUF0Xv1N7wJ8jyao7Z
527,527,insert,one_____,____6249,tNf9VMuA1ubus0rK5CkQ23zFgwU5i1553NSsdVRooNOLmC2OlD
527,527,insert,three___,____6250,34EzaZJbYJjlRFq6kPmUbMa0QrHixVIp4nfra6XZr5KxZLckNzzwr9sTk648Vy0
527,527,insert,zero____,____6251,ILmmc84KZqGfzxdsGvyOQQOsMAzBCkdPqCg6DNtRzD
527,527,commit,,,

528,528,insert,one_____,____6252,jfCPcsewxkXV3HW45GoiZOS9k3vKjSJZZS8vUM
528,528,insert,zero____,____6253,b8vnO4uJTvBTLPqnrizxwSYjyTsewBtp2JH3yFdGHs0rnqffnkr1O
528,528,insert,four____,____6254,tUSfLx64H7shXrzantz2TuJ4JLd8ER1EYxUGRSRn9eY9xU
528,528,insert,one_____,____6255,cg6WlOu8wwbTua8y4byI2U88Wrh9Fhg4VN5EHjoxCid0TytwjYUVRl
528,528,insert,two_____,____6256,jSapDcuVPzLQPmLYePVjOJjciQZsQwvhzhzl8dy6O
528,528,insert,one_____,____6257,mASCXIWIQMq2JC6jyGEFD0AqRNKPbofglWqR5N1p
528,528,insert,four____,____6258,uAOFMVzmRMoVYrCNrFmbbLF2mKcJZAiO
528,528,insert,one_____,____6259,TzzZQZKc0Xc2ng2wAdm8IIAtY3RehNp5fbnwxitIyrphV2b5rVtoz
528,528,insert,three___,____6260,x1zC1S5Psbh8ogeynYEMhElC5wqlHlE1ofUQ8pYSy2Xx8ot1s94m9NMmy
528,528,insert,two_____,____6261,GOdXN7PWr95Ugh1PJFrYH4Og5f2AiblLpUWXjWiFb3UBy9ZbOUlpMDXhIH
528,528,commit,,,

529,529,insert,two_____,____6262,tJo8JuXVo0k6qZkuD8xGOdUYALCWJbcw2tHRjsTNPkfnVyFCzTphpb8mmhglBh
529,529,insert,four____,____6263,QGnEBX3SvJzbvhRFTByY3VznPHNtt83TETFgusQRpCIjyDiI1y7
529,529,insert,two_____,____6264,kdPaq7aKHHewXbn2AeBQCrgGsi92AsO2v1Xrt
529,529,insert,four____,____6265,vwIFnm640Ve0OBw1Buo1LtYjX1dEM41G3Wr6OfZC794ZSnTnvmpRqFRUEQLCgg
529,529,insert,four____,____6266,0swWU82Jxx09drMRyM0PBZh72lE9Edrr4lCcG2AEbQHX6
529,529,insert,one_____,____6267,InqiV3ZIJBB3zMquehwF3WJKqwo57Gc8fwthnS0SQp64e4xvj
529,529,insert,one_____,____6268,PFX2idGEXWbnRb42jATNOe28bHYijT25wwsPKQiUIruEaIQNy7N
529,529,insert,two_____,____6269,Z2FuAEAR9lVdzoUFc984jigelabdQuaUuTZX9Vn60gIT9wmcSJsGosAMx1J
529,529,commit,,,

530,530,insert,one_____,____6270,lahu6stLQRwG0HVZyO9Lx8EVpbnpfcWrnywAAsFHjAnHxAb3D
530,530,insert,one_____,____6271,TnlmtzGsVkK65b0018KDQ3WOEj0yJ4vltepON1AWNftDQ
530,530,insert,four____,____6272,WeLZJZZWGGMdgRRfMA0l99DYWLMcnnsPx
530,530,insert,three___,____6273,TackU4jdMat8IW5yWGxpB1aLEAaxK35SlWEsvRSCU8D8sIJCVOq2G
530,530,insert,one_____,____6274,nJsp98aIzImErEeLITuNBdmKWOUZXfE34B
530,530,insert,one_____,____6275,uwksZtE6LD2RIkhKtWm2z1OerTly9wFY
530,530,insert,three___,____6276,jxBBWmtBZVXMXlzgcaIOxG9HPFwANlYa0L0feWQCANlJBeX2AhKH17iaH1
530,530,insert,one_____,____6277,0Xnskj9pVqMOBMJbqPOmdMFY7OgexbTjaB1iyifh2x
530,530,commit,,,

531,531,insert,zero____,____6278,bSepIVE5hPiWGU074LZtKmPJoPbiRODXJdhiggErRTqq018t4
531,531,insert,one_____,____6279,C5FDxylVXg7V2uVo2r3wOZf0hUrU2IhxiWopErWh6dijSPnIlWwHvXKk
531,531,insert,four____,____6280,Vo4hebUWgCUHAPFWDrGI8K9aDrfj2P4taFwv5YPHvSp5NqfGfjOIbc6IZolYj
531,531,insert,four____,____6281,1UXsOktSEjdUtWrJMksytmqDnc5pLoS68cE7xbso
531,531,insert,two_____,____6282,q41pXCD2iNSPqH2BOWumpmvuB0ZLWoaP0QxeWRedCbjUN4CIoqTGG3UoyCxUEzcI
531,531,insert,three___,____6283,dijMFHtPkiWOTElhekhyNApH30KEvVMtr
531,531,insert,three___,____6284,jD6vj7t5RKdKKSmAfKLdVnqlSwvW0gHn1UGhdZ39RtfCFsnNoG83NMKNR2JiTr1V
531,531,insert,zero____,____6285,D4bAQd64PwPhHbfwrz8slbJpDncd5qv6sl8z6uNsdKKFeVG9LMPJtJXpP
531,531,insert,four____,____6286,Nav02jaggNWwG7wuXanAfFKekoBWJjb2DJNrMA51BNVxsH0fI0M1ZIoDHMPj
531,531,insert,four____,____6287,avYQhcG59TQN3kEs6OjFej34InyDLxwZWPiOJReEnGhhNTFr6N8
531,531,insert,two_____,____6288,jlv4dzPXqc2WbS5Hzk9gLPwGcxqX71OKM
531,531,insert,three___,____6289,wKD2zKfgRj5bZNlDtIqIwDCQi6sRPN5YsAY0AxrM1
531,531,commit,,,

532,532,insert,two_____,____6290,bZJfFqxKqfZ316Q3qTuWFq22Wq7yE8hBAlb16W9D4naqIyA6wSPV7Dklm
532,532,insert,one_____,____6291,GdhRdYqU8h7bwrGvvuBlxeO6nanjcKNC0NLYvaebIkoU9Lq5Nn5YmX0Zm
532,532,insert,one_____,____6292,MDLmYYm9RJ3i0PowpbZ5tQmm3j1tGwYBnpjJroAn3
532,532,insert,two_____,____6293,OYMZ5kO2QS1U4HNe9QpjXMdPktl73HD3AJbs
532,532,insert,two_____,____6294,8BpljEnjSylV4tYbmzgWr1A0vlDuzZikGVx7KkW7TkPMXPx5ExiCz2oCvySAgf
532,532,insert,three___,____6295,H3ggKUIgSMvloeCep1vG8WvsZQxhPyLe0dvbTWz1hPvsarpL3nEYHiAEH
532,532,insert,zero____,____6296,YmLIkbmSgH7VPQP1DAN6wUUC9fAnw6XHHp4imwk
532,532,insert,three___,____6297,aEaoBKoLMcVR1bf3yNnficNUf5W7LeNjyHqCo
532,532,insert,three___,____6298,jnOR7CFX1Oq316kcNZQdGUTShZVD9pFwmh1
532,532,insert,two_____,____6299,apC3ZrYijByxAcIhRGItjTwOl0yTWljTLIQQAix
532,532,commit,,,

533,533,insert,zero____,____6300,kNbVNNeEcgtu7jLq7lIKOeFdAD1xNiZht80WUSgLFj
533,533,insert,zero____,____6301,Jw0mrT9LhwsQtKZkGUkDUYxRJitGUxhdJxKAYO746zGVkiVU
533,533,insert,two_____,____6302,s4ydvGP6Fn9jfSRf2UX10rd4hQG2f8x5UODsCd2QEdM
533,533,insert,three___,____6303,te4dabacMKpu0pPFXwTon8nz5B4LZf5TYMgeGRSjXvsp
533,533,insert,four____,____6304,ndIlfyM8D5N05tHHzHzIjEIXPhcq3XM49XizxEsVoUT
533,533,insert,one_____,____6305,XaGOt6AT4KRYa9pm2iu0V0O7Z5jVAdny9x6clusXNmQG
533,533,insert,three___,____6306,Lpxxw1SU7Zw6GlBt7bkdzQPf9IirJbUtRbZt
533,533,insert,zero____,____6307,RwiAzLndO4kjusR6FFKTnjo4LUzmlDoMzJzjbhtNnjbaT5
533,533,commit,,,

534,534,insert,one_____,____6308,VTLg32uX7yor7Q9nfXkWTZj6HFecliUyV4hH1Y81WG7FPcmtu3t9ZVoXo
534,534,insert,three___,____6309,vZ7zcoE8X1EvhvsU2yAk3sOkhAdc5tMH2urYYkOauw0SEC
534,534,insert,two_____,____6310,44w6cSFYzqotK4bjC0VPcN1J8JPJqa6SOVbnj5MR5DAcYTjeaCWHznk1I
534,534,insert,one_____,____6311,JPFMw72HHcGa7EQlYSB3PM4nTPvEST3AoR6Y7s536Aan9kvthXzsLf
534,534,insert,four____,____6312,1C93eylWnK4TZCGM1FHiK02ie0vv9TA5DlrEWF8
534,534,insert,three___,____6313,QpcSS70uJtxdIdbcUpkhnd6JyrnfgfV8YF0fdYk3hwnNase7d5Iw
534,534,insert,four____,____6314,1Wd8lJ0Aaq4bsqnOeZOfZbAQXWvSNghuwsuH9U19JHiKUDn
534,534,insert,three___,____6315,cAqdXZsrtI4EibHUtnQBUR3zq763SYohQw7jXqOUteApl
534,534,insert,one_____,____6316,VNNKzUkomjYvxdeYtrQ1xP35gKGSqBvdg8epmjvAVxz8ChwcC8YdHU
534,534,commit,,,

535,535,insert,three___,____6317,czBIucEUd6opWFDnZc9WhgmORB3hW3Y2B5glmpdhi
535,535,insert,zero____,____6318,g6oSQJpwEeJwpyPlD6SVx90NHk844KvBs0uq2x7Q
535,535,insert,zero____,____6319,8luRfmRn3f4x6Xi6dpXBcMAiq4HFYR1jgyiHh5XpPsoqN8fvGVysWd3G5N
535,535,insert,zero____,____6320,CXyqJ6PcvsD0ERAarrl0L7Vb5zHiHqk2iU4z4
535,535,insert,three___,____6321,sifooMjgjFVADV9U1klQOwCK3hSYAMbGpq71PdEaYxFSOORtSKbqrv
535,535,insert,zero____,____6322,QTYcpQb3q3aoR9aKJH4NpoD3PfD4Euo2J6
535,535,insert,three___,____6323,hTDAvgZxIGhttZRgmC1gKUEnMCE4LiPTWwJRnkpzOyA
535,535,insert,one_____,____6324,0TJGNo68kleqwbk1fMfc8AAC1DtvcHaHkHfMg47IU527YtYM8xcI7O
535,535,insert,three___,____6325,y2bTKH3QiqYAFvrIXoPKIpdNxLXB1j1CAzIpIB4hJdSkC6Gg
535,535,insert,four____,____6326,0MrFhfMhuho5Mdb0MH6ZyTSThRmkRQy5FtrhsPw
535,535,insert,four____,____6327,tLHbfKPGjaWWNLRMxiCVR6Tr1WpFP1gRsLGe1Eecz2525w6HgxJh2hrBGgUZOOh
535,535,commit,,,

536,536,insert,zero____,____6328,S2As1f1ckkQ63eaeZLKkAz4w7yQqvzQOinqwP0N3EiPMQwNgXopg5v
536,536,insert,zero____,____6329,qX9AiWpcNmny5aX7eqswXoSg8tf9dtDdtBKomN8jlcLnp6ivyLAke
536,536,insert,one_____,____6330,lJt1MFDumCWL7dwdgnalrHSgOumJ7hFKywKl97AyT
536,536,insert,three___,____6331,CqJkZ7sq4mkmrpNa6dx5igZYeTXayYvGgoX4864JAqI
536,536,insert,four____,____6332,SDclZvP4fukPlZAiVVv7z4vsJ7ywXcnEW8QTSilo62NMITs0pU7IrGC
536,536,insert,two_____,____6333,pUui5WJFjMuk4R4LCvF47qS6aEHVLdUwNB8
536,536,insert,zero____,____6334,qSfwxouZwqDYHLy58KY6lURneYDD2htrYLKwoSeLOr9FoDRL6S
536,536,insert,one_____,____6335,ZqQR4p744XPxP83oatCHT2XDRGvNji1VH8nlP2vqYt8E9yY0LpEqv
536,536,commit,,,

537,537,insert,three___,____6336,NePQjCK8p6IPyWpt1k5UNGKKfr5CVaaziInYgHcIZwZWQSXF5Urs5F5xKER
537,537,insert,three___,____6337,lOeMre7HOwewbmt5sbr9S5cnzuWBeqOpEpQML8o
537,537,insert,four____,____6338,SYLLjhgx6P03O3iQdCUUGM3ypwmJlWxwOta7qdPhYAhS2R
537,537,insert,one_____,____6339,RhBh5DIaJ44Ym272ux8LOCyBlk24kFeS2XZdSX3yhWYoGWvgArpoWmMDsCpivY
537,537,insert,one_____,____6340,jaifFt1ttXhgvQsLoHyDGUfLQRkXw0f4z5Mzuhem
537,537,insert,one_____,____6341,uEvUE07GJKkvE66dGrtBUI2WA6iZoZSvL2
537,537,insert,zero____,____6342,N9FCaAHCMTvg7icEr0YKH32MJUS7zvZAmWV1Wlpy9ye7HpFjGfU
537,537,insert,zero____,____6343,y7642TMRdhgrePLOCTHShhwJZ22Q5JuLXyhOCaLGKr774HlQcc0Xw05JZaa
537,537,insert,three___,____6344,dYzkJIVpoEdgjrNkIxC9WDTAAreLX0ioOK
537,537,commit,,,

538,538,insert,one_____,____6345,lZE7PKXCUMX6Dn9mBfNA8qCexhuRRwTXK38X4ErEW
538,538,insert,two_____,____6346,k1NMZm2f3vIc92OAfw4FxWe4VnR8mz1i
538,538,insert,four____,____6347,utmhteFIzclBd9t8m3ueQRbx8WSHnyHvswnmRdIkxhiB3EZEus
538,538,insert,zero____,____6348,pXwIaRmqoVpupPapOv7Lzc6SxiOjiRZfBk
538,538,insert,zero____,____6349,nlP60NM7NfHhqDJeOZHsMU4YQvexKtALgz8V
538,538,insert,four____,____6350,wS9yDEBkGNSaf0nmWeT3uhcLlCQ5PQtzBUfQg0NyX586v3AVvrnJNjVSA
538,538,insert,two_____,____6351,ExeuhLTEtqZJVHnxkemFWwkBWACaJxW1kFc
538,538,insert,one_____,____6352,lZKYYLFXO7jDdAV8V8p6WT2khCFGXS9obKD
538,538,insert,two_____,____6353,vX1IcKbFBNAKqEcHPuyRmR3TJl5AKjpv0UcLx4wecGjwnrGAJASs6UgmR
538,538,insert,two_____,____6354,hR90PFWFvtHuD2bYowqtgzYUTRJbtIsvx4Pi6FM
538,538,insert,four____,____6355,uJxnfVFY89yYhoQfBfwLCjOAMjG4O2oAkIk3d
538,538,insert,four____,____6356,tivsImBhZPLjGs4uUR4J57hOwzzSSKgbuUMzZ5zVbrW2vSH2lg
538,538,commit,,,

539,539,insert,zero____,____6357,ggU7ZTSu86O11XlgYJH92Hoqd532vrdxmNGGGbDbv1vb3SqJNiUg2N
539,539,insert,two_____,____6358,GLr8fCLyeCccWu6WIpgDnp0TfArs5Xozt5yTTzQrPRNQ4iPtpoPinNNis3
539,539,insert,one_____,____6359,NkS4IAdQ3dwqt26C4gbkbZ0RKlPYSo0d8e4UfKxXGTHo
539,539,insert,four____,____6360,AI80peDyA0pJsdXRZrdB90mnjLuPFDm7OHubIkOvTIVEq2Fzccrd
539,539,insert,one_____,____6361,lsWupJ6fIZgVPdyoCI1FqZUKbq00PQB3D0lEphaM3uZKLMle7gE
539,539,insert,four____,____6362,10RzmRqnK5kg9geFmL5ggZnTslPrieBmjVI1jbIq73YJZGT7VJghsu
539,539,insert,zero____,____6363,K0Mn2r1ccsd0KrgEZd3lUxEZklbEYK9pejzvZ
539,539,insert,zero____,____6364,nOFOKyvt6jwkAPO5tzvzbvGf8UlVn3WgVnRulrL9bNvMvSGG
539,539,insert,two_____,____6365,fYsrnRawd0L1zZdiqipz6B5SXp4qxExGboHvNX4MNvVyS9EE
539,539,insert,two_____,____6366,zQutdNrHTClpKuY2YNXIF9Kguqn6yZfyM
539,539,commit,,,

540,540,insert,three___,____6367,JH5yV4bsFkkoq2ibpOd5cET3nDk6v4HDscDyHjbNHuWPAf
540,540,insert,two_____,____6368,wJXClGSu75f2eYffXdpgcNzZqTI3u46Ogwu
540,540,insert,three___,____6369,fV1s3i8wmzrSjsHWIscrF4CL6CpqGNzF96CF1uk
540,540,insert,four____,____6370,ftVgUpS90aL1nNSUhIjrA1msyPrQy3CrOoFqy07ioRRbdK
540,540,insert,zero____,____6371,UGjAJxs75Fmx0m07ay4mG3LgIccMl3lTgHFWsjnV5QHx0PhVPoKUJuX3tAAMW1
540,540,insert,one_____,____6372,rxro9TdPJngLbHGsRdm7cOP4QclLfMETOSSty40HA
540,540,insert,four____,____6373,CM8R4BZD0ktDgZwgtaVFaYzIZRJaC4oxcGLyc6WX64hI9Fz5evl5bbF2FjItiYO
540,540,insert,zero____,____6374,Wjvb7zpyjCEXzz0BIo3jXvbeBXKgCs1MVbo
540,540,insert,two_____,____6375,GUrs479NFAd0QZ6Ofun3NdMId1CbdnnVO3mzkX0pqO3vAXF3SJpe
540,540,insert,two_____,____6376,oI2oDmRFXDiCbJl1MhKw0h7x5A8GKPTOJJwls3
540,540,commit,,,

541,541,insert,four____,____6377,ct2skEaGZC1t0Y4gNaSOYINhcyziaG3CXinW7tv64TFKJKbgv6qtHoq
541,541,insert,two_____,____6378,6weUiBhgPmNzd5EKze64aYxf1rb6y9uE1omoR2Lpr2
541,541,insert,one_____,____6379,9t4ti6KkQNw5gS78e4au2wPfKWzoKE2gFV8N9et3i1AD27m3KxcqRyHdGM6qOZD
541,541,insert,three___,____6380,P4YuR3P4K6tUhvOmJjbF4dQqIeAVLScQOv7LrA9eLAzsfQmTzCSjechMbeWsWo
541,541,insert,one_____,____6381,eburQMY1ymJtgexmEUwEdg1RmYxX5ANcQqau1zQ4KZB
541,541,insert,two_____,____6382,XW3Yky0DTYW2I2rpJXhvPGbO2BzN4UXUMmNdnKduIFDgyzsDPso8RU9o
541,541,insert,two_____,____6383,4M0HydNkriIKGHpMqEhwcNJ1PEQz4cPmfdRku6j3xkUCWc
541,541,insert,one_____,____6384,kkGY0YeKGdU7MQhwlGaGKcyFFUWM6ErDI0H6ynXNa4vMjxzbrUrsHNHuL
541,541,insert,four____,____6385,oCntsFkMzOLUOYpCUxKIoVR7b3Tqg7vEjBFn
541,541,commit,,,

542,542,insert,three___,____6386,GIrO1CHIaCLjvIt8naJLscODmkj4mZ1LIeTDhhiPBCLlsTCKP
542,542,insert,two_____,____6387,dsusQyVdP6Z5pCqlvUsKejsr8yQFiYd8DBfPClsGok7Qel
542,542,insert,zero____,____6388,TPNb6nEVWsnTLgiYWu05LPORGKTuXk1zKho
542,542,insert,zero____,____6389,jaRYCHwTro2OvPgElWFKsykW7qXH3eWrzwH6EUAKUUF3kEKeGzxWb00IBOH2R
542,542,insert,zero____,____6390,9845ObsW8eTDxOVhiI8uwYzRuBUrMC28RpvqeXucox
542,542,insert,three___,____6391,IQGNFNQFi3Xi6840B4ECuG6afplQLdOpPingBCLlajiBMTuf67mUy0iTGgyQQoL
542,542,insert,two_____,____6392,ap4NxZ1U1YoOZV2so4onNhx6xV5JfUWACQdaQX2hfYGj
542,542,insert,three___,____6393,dAviswjtHQxpiDO4iDtb7IzfKxx4HCc3UyPwK
542,542,insert,one_____,____6394,p7JAozj2AkYOkFXoLmoiKxuXD0OVEhDrL
542,542,insert,four____,____6395,epdsQJwlRZtTFOJhdofUkflPOzIm1hvSTCVdD9Ay3L1iMB7iHel9oPLRARtcjw1
542,542,insert,two_____,____6396,jhyhhdgEljo1nU0avqRMdyIwswwJlHuJ1YfU1Hib9wt6s4YEzAnU2ll1P0Bas
542,542,commit,,,

543,543,insert,four____,____6397,AhTF1k25f0z0UTfVU3riqgBPKQ56E6KzDsfnd2WZ
543,543,insert,two_____,____6398,vpxQlWFq594SAGcrYUimeZCj2oK97xohlYYmG6M9XU3erGyzuLzDONKiCZOO5Gr
543,543,insert,one_____,____6399,pa5cWK4oOxaXzXiSpLYdfohbHvdcOzIhP6ZPQndw
543,543,insert,one_____,____6400,YxGaocH00vLAlKLn7LgFLcaMTZRicDoSIMlgIEWdjmlnRK2
543,543,insert,three___,____6401,lOBjLpg8Btf0rUxsgUsYCmH0LkBHr58triI8TxCfYGWneRLQ
543,543,insert,three___,____6402,tHKmTPpvVzvFjsZKGp6WnZjXx6tfHvKftq3XLtJgZzXgfM14cZh
543,543,insert,two_____,____6403,BUxp6ATaW7Ai7TWwyzVTQ5SVwHYjSqYuy8EAlVd
543,543,insert,zero____,____6404,dpqOesYsXiYRv0b1tYyvqraQIbvtD1IbyGOGLfBFIWD3QaocKzStR3ZLQ
543,543,insert,two_____,____6405,7XIHTst0QI1rHmnT6VZs9HpUXYN5LWNPZwq
543,543,insert,two_____,____6406,NlfQlrtiaVlbobK9uGccQrlxY8QulD2kmIxuHNa9ydDw0j2
543,543,insert,three___,____6407,3adHbi9J04UgYcCFmWMU7epjwPW7sQzsoMIpVaVB4TyAYUQdq6Ck0KhwziTPTwhR
543,543,insert,one_____,____6408,WunHzEcOpKurBBN5zwlfX4ypaYxYSWKwWwOFT3Df7L7UOUhdO
543,543,commit,,,

544,544,insert,two_____,____6409,m4guWiWrMpsNrfIlZCEu27FJ3lYPqE1nnpPfyjPPVo2Vl7hcfBgLv8L6V2XKy
544,544,insert,zero____,____6410,KHFoYI5UMMHFleVMcwhcERRHXbUYIUmX4TK
544,544,insert,two_____,____6411,zY5GXmU8BMfvaIqYbwdohNUe2LmUZHSbi4Idm44XF6T
544,544,insert,one_____,____6412,RlDebuzSHXZw0y5n3JsHNgPkSGV9Bdk9CzjEnzqAXp52lMMWoZx
544,544,insert,two_____,____6413,dcpNKdYN6Q56ue3ZF9FQqUkqIfTqF4mmYlxWlOEjKq8mZx8RdWIgj
544,544,insert,zero____,____6414,yjSQ5bryYHSlPynoebHT9tahbD04XNHTLmeKDJCWRcYHrNw2e
544,544,insert,four____,____6415,JHUqcMbDfwmT5IO7UrJotIGmG4C2MrJQowR5LS5pvfgnsm4UNtpYjl2Bu77dUDi
544,544,insert,two_____,____6416,hy5zyNTmGRyXvwj2V7PrQDychfsdnNSN5RRcLASDZb2
544,544,insert,one_____,____6417,DdQ025NOV4aEF1Toe8bJNPK2Jopu78sahVN6QBPUOmFh6solaRYyCTDXBjCYRw2
544,544,commit,,,

545,545,insert,one_____,____6418,ABzIwu1wNUG61oxRDCUvy0oiAJN2WpllJeeFy60HirFUQswwf4kTUgExbqKr
545,545,insert,four____,____6419,MeBXvRRosSp38ph9yjEDHdc2Qaiys2Emapgnlpq4XucWPN3Ip6gsYou9vIU
545,545,insert,one_____,____6420,69piN0yC5oOWxYzYunPP0MgFpwtjsolnm8f7idudX
545,545,insert,zero____,____6421,oiCNb2aeYlqAyORG80vsU9suSgVR6zfySASRUFIXNpyCxWPfDVb99yPA
545,545,insert,zero____,____6422,lIoJkQLgqRrwMjj7fxAj1yVn5q6v6WXSicQ07xqmKChpeBmA6Hn6pskKJcJGWw
545,545,insert,four____,____6423,cSgjJWhpJro0NWJG4pylmxPl8mdn9NdI2m2CA8FRVq2pQ6VfwpVdKukE
545,545,insert,two_____,____6424,EZKxAQKYdIrEVYxCRBKS7gwVlYcRFjkUpoGK2HN7q3t6
545,545,insert,four____,____6425,4yWUHZ9bcm7PyGrWJbxdT0B96uEBwsqfpinAceQ1SNBAp7gdW
545,545,insert,one_____,____6426,GiP9kgeIppDXUcYlPP7Se8Me8GVIz93j
545,545,insert,one_____,____6427,EsomBpjcbFv1OXjl6NY6cf6qcdj9fbb01TpV8rpHdGdpbLVA0R9Wq4ZlFVlc
545,545,insert,four____,____6428,eh2K7RXbQTV4CjQ1gEj4HNr5ykCZe8LzHjf73AOXnW7jR
545,545,commit,,,

546,546,insert,two_____,____6429,B1o7vvpwE1hA4x4h85kkmDKRP7yc2f6TjdgH2xICJ6
546,546,insert,three___,____6430,aloJsJAnDLV8Q3oEXu0x1FsPbbcTIgs9hIqJhD6ZhSuicBhfCslvHUoNW399v
546,546,insert,two_____,____6431,EFHabJEifWKYxeiW5pTiXDR7v8XO8Mz6IkjeXToPzkRMhH0CShfYpZCjCXHriw8
546,546,insert,four____,____6432,c1TyJCn6dkrVNGMwmSr5MwpRqSIzuvIuAmMQzvTqhVnwtK1
546,546,insert,four____,____6433,aV1jFPbhmdL9knS2bzJNOBpiDsbgLvbBxePu6We04M4QhG6xdMwpEf
546,546,insert,zero____,____6434,J52mrNrcBKmakcJSZZV9aKBBh0lE1MZ9En8gVLN1HZTgsVPr6flqqNQT9dZp
546,546,insert,four____,____6435,C9N1uMPrvY10iMZ4cjCGIVEHprcKu8nimIgP
546,546,insert,one_____,____6436,tbTtFpvtfS3wUF8JJOMcZb3kfyYD8BRXMpEawUriDfCNXpF29u3HImHSko
546,546,insert,two_____,____6437,PEucP8iCeg07RxLYZFd0cgJ0Kqay0rYQC8c9e2
546,546,commit,,,

547,547,insert,four____,____6438,ETPLvvQTTyV7bmba5Ik1ZNPseOWoyfXSFKa5VhJlBX4YO120cOff3BY2Klg7BXYb
547,547,insert,two_____,____6439,hdbFninTJTmbn9VozEGLhHBI9uui0uv9yb01GfqgEXB1e
547,547,insert,three___,____6440,UqKyQ32CMIW6c1oJ7FeYaIvc32SV3o3rAjolQr5F7N1tKUKIeWyA0KLM
547,547,insert,zero____,____6441,ZFx0NTAAF2h3WeQLOkIyjwKF0JyID1VncLF3zvmZGadKZLUn0
547,547,insert,zero____,____6442,izP72J5gkR6pFZqxqzurF5IEeejJAm9ZeoFyrDswzGhVF6FV9EH1XWXFwCM
547,547,insert,zero____,____6443,NEGzsmI4F1b2UdqkEAPyvnbZltsBkbhF8UKW2SGtUA5ekNhHLr7lmtUdiJ
547,547,insert,four____,____6444,J3NhNLKTZbqYUGfBb7yzCeDcr3hRxVH4VQDLfF4GR6ir9yU8ZFQn540CW2
547,547,insert,one_____,____6445,ca3XDTQFDwDRlp5TsTiciZHdYXLA53yJWyr83WddzVrmh1wyHZi58J
547,547,insert,two_____,____6446,QptV9laTSc7SIhwPJzz36G8K4uYJb4Yrubq150o3E5H
547,547,insert,four____,____6447,5H4jY0bJwmDODlyV1QlmsiXu6HkbHZowwkm4rORLCAeSvE43e35nk0NhU3aFUOwm
547,547,insert,one_____,____6448,esFK1b7vsyQvzKCpaJU4ide3b411mDro6JKb92zVrh8Ec3ZFoJZ7BrKGqxjB6O
547,547,commit,,,

548,548,insert,zero____,____6449,IJAsE7A3WJCSY0k30uWMTIwURARzol7EWC8KjI2G9mg9lIJiuFBLlwVRH
548,548,insert,three___,____6450,VpfuU9c2qb92u9jxykFh0TCAmXqVpb81qEkVAVO2Tjfflzdknx7VT5sSvKvq1u
548,548,insert,zero____,____6451,3wmc8NfzYGPSEi61rWxPFl1z5MzDNi0RJqiqA
548,548,insert,one_____,____6452,d361ySir6IflyCUTBAqkVmeFNJfBPHBWKKVWe7P9jX
548,548,insert,four____,____6453,jP28ROYvDzLH7oJAmqXZkevoX03cX7iPiUM5DXxgvtOD2ZKWrAZ1cuAOmM4T
548,548,insert,one_____,____6454,RMhUn6wseL6jnnWsrtXcQLAQMK37E4kc31fczWvc0usmJ7SIMIFI7ut
548,548,insert,two_____,____6455,rwPBOPFuBBrMLFkMMPd8spXHdwKqTOJXVc5ZEYdGVWMgKrN44cpkqiFqBx64eRhh
548,548,insert,three___,____6456,da4iDBL17cAkn5H18yx6RrdIbE1lG0C6v
548,548,insert,two_____,____6457,SCqcIZCfZDuICsf6ZiaK3NBVWKIthSwjCjjTJCcQRd
548,548,commit,,,

549,549,insert,three___,____6458,jYjbnu1067FbQsz4G8IFc6A2ysDa5pwyxSUbBHvp41tz
549,549,insert,four____,____6459,fdZOMDuCE9QB1zG8u4dKjVTIlGwyMPZZWpOrNbuc7s2Y1Yu2Gjx4noHkGYb1d
549,549,insert,zero____,____6460,e0Gh7fHOg5mKhvPTRr4mrytdCkKQgdS0zSORI
549,549,insert,one_____,____6461,vFsa5PRviAlL3xvdwddN59aA6AwYyIRgkPDYEBuQHjW1MJEsvDuhhuBlrZ
549,549,insert,three___,____6462,yI5txFgJBLR0GLsyaAZBCEbk72Gtn9C1RMjJ3TaO0BmYU215wPw6tWB8Kp
549,549,insert,three___,____6463,glG1syMMGWhS52KL6dL9nB9EKDXQvYIuSCXLf52XxtLrMap9LLMGlkr2Jf6
549,549,insert,three___,____6464,tfPeoX2wouwoeZMNwhHWjZESi0LYjfOjEHwTGuPd62AQ95XY
549,549,insert,one_____,____6465,E8qppfnwzDzh0dvvlNHg1lqes6bXWBBW2OddNNRNd
549,549,insert,zero____,____6466,s8OMS0zkONjEvUtxf4EfavqEeY6AGLuzTMPOyoscF9sFRnU
549,549,insert,zero____,____6467,9GhbcRdsND8hLqBZdsvo1YH3vT8ILH8BdxTkiDl
549,549,insert,three___,____6468,j5VUnfGmCu9RLzxko4r76VNhe8Otx5JLxR
549,549,commit,,,

550,550,insert,four____,____6469,tEIEeQ13EtmqgDBtRyfEf2XlfxDJfJp6H5AjCAzpyJPEx22C1e4ciDCKf2XmX
550,550,insert,zero____,____6470,HBz1so4AJGCTWCUC7xfbZnSyyoYJx1dwpsdAc95ZFO2fXa1DVZ32
550,550,insert,one_____,____6471,tKbhXpdRNPNGKspa4yIx9DEVdmlnIciNdCFHMYgCGASVnv5
550,550,insert,zero____,____6472,trv9Kz4B5tP7IurECVU8GlFfaBrTG5aJDxiM630aBIDZZRtSac
550,550,insert,four____,____6473,guwksnvEkfLKzYEHgyfUDa3qCJMiso5Bx2cHUYWsl
550,550,insert,zero____,____6474,abAPEYkpn80jgsaO8UfdAZaq13lGKIUT0NkUznz30ROKeunQAd71zPdOe2O
550,550,insert,four____,____6475,o62usvLE2z96lme8vdQs1tANavlThgTyrWpwzqgzDCJuhWDuIayuItW2
550,550,insert,zero____,____6476,Cglcdf0USQUh8MArfMYvxMrUbGxQg8zgFCZyZbiDO0WoP
550,550,commit,,,

551,551,insert,four____,____6477,B7QZom5DzNOWZT556xPwV8aO55XdbZNGcNWW
551,551,insert,one_____,____6478,gdOPWNvWu7ZT2jPhNYH8Of1qWmysaYRnRszdL9jU
551,551,insert,one_____,____6479,d6LzIJyMVvSKBCgNKORnpmfucY9NRMEOShPGFuixWEi9lcUAt8ICnGCiI8Tf
551,551,insert,three___,____6480,gNvtmM3DXKhOUmhp7OM5ZMacncnunPXnkJxNfztl5j
551,551,insert,one_____,____6481,LiB0NC6xQs6PDiZX7Vi7iBZbaMhBrGkC6GeFHpQy5
551,551,insert,two_____,____6482,Yh57zBpBVoY2Fz3b8IDShFHFrGchvTd6KVggXBx6NybQvd8L
551,551,insert,three___,____6483,8xobPO2yV3fo2h5NDBMFCWHd4SYtyymaEkcbcJ
551,551,insert,zero____,____6484,Dc3GtrhosY6wDaLGvVYIFRDx3QPCUoP4t60H2
551,551,commit,,,

552,552,insert,four____,____6485,RMjsMbrrmz2hSJHdjscG6P0JFUUn0FuSeLfAIsNdPM
552,552,insert,one_____,____6486,zI9QXq1CktwEicmuCHLK5iY9zzjesxQcRGiwN34cKfqXkqY
552,552,insert,zero____,____6487,Q7pF63UJ5o28QTXsrCNX69aO2K4P6sVAXPVJ
552,552,insert,zero____,____6488,P3a0RlMHqo52gNY9cwXebM41hHk2MTAfDandcn1aBWKIuOyi1Dbp8wAXUN
552,552,insert,four____,____6489,55wORQ5IHMPyMGD2QvwvSUblNh075WXObzAUTOTRdudZPSQvFH3HsgqV4NwO05
552,552,insert,four____,____6490,LLnGHZ7gGvhKnDTKv7SBfHGBFxJhzi0NWK6x1EF6irHQizK
552,552,insert,zero____,____6491,aRpsF3Srw3JnRdF9OZoRzptUZoj4NG5Udj9N6
552,552,insert,one_____,____6492,5ez8V0ywwEEBe2wHTSIZr82mkGDgqRJqajRGFmkj
552,552,insert,two_____,____6493,poOHI8mGOaivkbWqiaVWzaithbnnF5rjxJK943wrAPxLisM8oKXaXlEpmIkaack
552,552,insert,two_____,____6494,a7j36WfzIiiYCqZw0UKDHeOA6bt3fi1SV
552,552,insert,three___,____6495,yXRzbot1cU1oGHKeFOIP1zVruEsAW7vR8x10NKAeM0gULOl4yOVdv60Y6ZyIMM
552,552,insert,three___,____6496,MT9Agw6DWCRh9n22UXpfPIfOlyqt21SEwSbtIgPFw1ZDCZpA4OWHIo
552,552,commit,,,

553,553,insert,zero____,____6497,RydUXF08jayqDas3UiRgdiDtAOcjIK0jSx9rgxHTvkejDEFVtmIlJ9nAV
553,553,insert,zero____,____6498,Ssltx1mqHSrSVgKgR5YzWCAJah6vNOzFZjA4QcE1udtn1P72hI8ZgZzn5t
553,553,insert,four____,____6499,WPRbQcgG1D1rzNpq2cwlbhhqw4Bf9qW4BqsTINL2NzRxeykYF3yCsH
553,553,insert,one_____,____6500,fFAuGIPAHW5QWWq00sBSXLCqUuIbhxSNsioW0BDQWBe8BpzHf2k0FzvOo2EO
553,553,insert,one_____,____6501,xZqE53V3aRj9AJOehn5GUUyPVPmrCtCPAmRaAqyhzDu85OoL17ubNK4id
553,553,insert,two_____,____6502,TU7LjDiOoEMTbxNyU9hqXawTfUvcagEVbRa6pYO47zLyrQWaEPA2Elh58jnbtB
553,553,insert,one_____,____6503,EKxixy1oCYyGnZUl3cBdFnJ7F3OIzJtzLBoWwwpd3GhOxjBC47kOosRqJF7AO
553,553,insert,three___,____6504,bjZVwKvEQufJ5RXFhQbZ4mHnbesgR41OQs8mzWwtwrEIViID48
553,553,commit,,,

554,554,insert,three___,____6505,ZaScpRHQ2sVciJh2oK8UFkRzLJd6GnVFzZaUBLHCaHdd
554,554,insert,four____,____6506,vTiVU05zbSeijr1SGfBe4gme06IJtffLQ0U6FMcvrVraCpqg
554,554,insert,three___,____6507,PtMTlm9I1QGCjewwahIaLSfOJO6JTPDDZL1pr12EQ
554,554,insert,three___,____6508,4xhhgpxiTJkCNgTaouYn8jQ1uh3xei2YV
554,554,insert,one_____,____6509,gjwS6S4UHIGB3zrYplBCRiqZscRgOYZ0vPH9ekHtMDMGKixVFzLxdUiMBt3YYJX
554,554,insert,one_____,____6510,0RtrNfMFfXImSxq96hZcesazQHvvmpTujZ
554,554,insert,four____,____6511,id2iqPkDoj1xGJ8i2cI6r7aul1C8zqlvfPS
554,554,insert,two_____,____6512,yOsVydxBkbUZWXN31clJfPXA6RBmxOuR6Msh
554,554,commit,,,

555,555,insert,four____,____6513,yx9e0W9krhAoLfKlpcIZceTZ1UPUNIB4djKB
555,555,insert,two_____,____6514,z1uLQKm016nzHMx81zv4Pee8k0eo7TQxsIZe
555,555,insert,three___,____6515,fnrwjZJMmAzXTpIDYqhInUwj69J5ng95UiRoqlR0om7KZa3P
555,555,insert,zero____,____6516,CkLqeZyoABcmjAazxXIUHdClmISH39txVYbXsusdyq5M
555,555,insert,four____,____6517,PjWijNHsYvwfycVc5frAvm2DI072w72OtL
555,555,insert,three___,____6518,hUkb1NIs5j4ui2a7GWj2pAplQ7MevYV5AoDFVAezNXtxbceJ3eOsIyXYaC
555,555,insert,one_____,____6519,LGpJAZlcs3yzXXFmS034IfRxDGOoOoAwgHv2UjrbMZHLF7kE
555,555,insert,four____,____6520,2ZEtIdVJCBK94mPhRSYfz80FpOUeY4ZQJ8QdCXTJnct6CuB78
555,555,insert,two_____,____6521,N7nXBmEP3MYQ1pP3n1UdnHFOAfsI06MVjQIeJWctv6NA0rmwDog7ssQ
555,555,commit,,,

556,556,insert,three___,____6522,kx1yZQRFSwUhvjy7IsaABVreMsFkWQQS8uUZJY18qI04fKSWXaiLQDqIlxV6FJE
556,556,insert,four____,____6523,gEcSTNdGefsEfFevIIImKJQdbujp8kZZkTqBz0tE8osxEPct9gLEjARIeCyj
556,556,insert,zero____,____6524,m58UfetZdRBciDcjpSQN5IC5G370oiYTeEwJbk3XHSJ2vziH9h3Dm
556,556,insert,four____,____6525,iF4Lij6mIqFmNAr0hEMAIiwMaFeoPNfqMhJOWNs99BCM6YOnjrdCOpSZg
556,556,insert,one_____,____6526,GvbsV2osHUhfUGnsxRt9htJLhM3z8XFdO7m01XeUGFM7wr
556,556,insert,one_____,____6527,6gMQCShDN8aXcWs4BwbKeRq13Bzg6egr9b2a8qtAQdGKOeap5eF0QyR7XnoFm
556,556,insert,four____,____6528,UyYURDwMBCb4Qsx5xboEDQ3oFGjeXpKVYo8WxMjFCMWpeDdXw
556,556,insert,zero____,____6529,ybIj5iHoE3BSDqG4RkFOYi929egeKjsD
556,556,insert,one_____,____6530,cScUI9WKhBD6ClnA8Hihd8BrdADplykfu1fwpfksEhUhrsn2neorx2
556,556,commit,,,

557,557,insert,two_____,____6531,0DAbUFcHSScYlDDIfZfqH5EPcvTQJmcH2c
557,557,insert,three___,____6532,8r7HIaFT748VoWpkZzJukMUi0rxqQIY0hv
557,557,insert,one_____,____6533,QPRALQeaoxQhyyIYD8BxYbNwrkakI45lZ6jHi6au3AK5Vgk4MgfXoW7SJK
557,557,insert,one_____,____6534,wgG6SmZ6qPqXghi9PALjkrUYpTyq9v0J4q3i1ZuI0zRJT
557,557,insert,two_____,____6535,CYjE0FGPqKenGgBJHK98QmJOpJMD0yHWS82RoG8eJPWxKad3zZjMoJfUuHd
557,557,insert,one_____,____6536,1VgnMbyJJVWK1j5uTC1CfZelKpiJ83xwLlLlpqVgdWx
557,557,insert,two_____,____6537,fD5Slo0lduPeX0CIUkDXbai5GF4ESxy4XRmXDX45T5buvIRp
557,557,insert,two_____,____6538,1MBTzsEX3Kc1dme18K7QRGqybAmjWSJkgVgWrDlVXxfrkG
557,557,commit,,,

558,558,insert,two_____,____6539,c77VlOpMVYSSf0dwjXf0Jg1jt5R045lejjtgv8ZqjikxKhSOmipOH5IDP6Dh5v
558,558,insert,four____,____6540,NAnCWkDX8o8yXk2TdrBmTYBiJL3kliUKPNY
558,558,insert,two_____,____6541,0ZTgIfvjtH93NxdTsS3QtI0d7YfpKt5LOtEWOdMAvdcFybQV
558,558,insert,one_____,____6542,6uzCoiMAaiWLHHMRgsBYRiaKnGKsMGcK1hfvv4stIi3OOt3b6fhPx9
558,558,insert,three___,____6543,vtdLmf6seCehcxajxH7QJ2ehWYqpKsCR82pgSPPYXaqPkx
558,558,insert,two_____,____6544,wYxRWx1p7nGLR1x3IDZPZ3uGrJGA77u89VZytPrLk
558,558,insert,three___,____6545,MyB6CSmCmEY4scuX9qXU1vkzck4jufREfvMwJWKiwVj7t9v
558,558,insert,three___,____6546,ZnjRyTnLyPs4Xmxs49Up7Ju3xtgLS03cCAPz97Bmri0c3fos
558,558,insert,three___,____6547,pLPuUVP8I2z4RyFfiwyCfEd1Py8QrNgrmXGWPjkzV
558,558,commit,,,

559,559,insert,four____,____6548,8ddoRvFaQVw9dMhHVNIp02gwNuGcViNKhBtmrawwX8A3Zbe3KAcXRsZQBuBS
559,559,insert,one_____,____6549,Jrnop0Ngl0vw3EHuS21eZ0mqLXZXOlImgZBO8
559,559,insert,four____,____6550,iUz4JmJsML0WBHPrAEEpSivudiX3eHXYo1l
559,559,insert,zero____,____6551,5o2gHWzuh8tjuafyPwQCGRY9W7crjVlxkLFvlE2x5gAxw1TcwMKnxfIOYze
559,559,insert,two_____,____6552,sF1PvGG4JNIDGYp0g6HbKGJ8i9Gv1NtCwyWRaWCl
559,559,insert,three___,____6553,MxcwQomhmTtN1vDmgZIuiZHdwtTWgV0t
559,559,insert,four____,____6554,6cNrOskfyJTAF8967e49KkCL60hr25bGOSmdRbIg4znDjX
559,559,insert,four____,____6555,xPbx6l9LnEQdMv7zsmMhAuggmC0pjTAsVObSr4
559,559,insert,one_____,____6556,l3pO067jjA1omgg04AG7td4rALmLiwApWQU18tayvIslj84kuFpgeJnN
559,559,insert,one_____,____6557,KC0yN7M7imnaNGBvmlft9x6GaPjefVSTisxTwv72LMzqb7Pa3
559,559,commit,,,

560,560,insert,two_____,____6558,3o3oTDtWiQ2Q6s0GH6GaAYRJGD5jLJA9Q60w7KgQUhMte2S
560,560,insert,zero____,____6559,8fuxHAcpL09OLuOCz9KMSeU70SSifxatXMC3ygoyt7S
560,560,insert,four____,____6560,6soiqv06AtKGz46Ev6gf6C7yyZyLOyZ7SMWzy
560,560,insert,four____,____6561,HkVfHKUpCOxeSjrQGMy5WKAAoXzar4M5BxGSrug8VH1qaF16nXoQ0uB6NQmPOin7
560,560,insert,zero____,____6562,gZ2jpkGV0m4m3DAY45mMGVTyt7KRGiLJK
560,560,insert,four____,____6563,Y5vXgDxfrYRuFcEeMWBXcUdTjmkvTIgH2Zyhybs8LRsuF
560,560,insert,three___,____6564,biJl1zwHITilGnt8E73tVH8gMU6rBskHBUvgcXx4vTNbjE2PwXWg
560,560,insert,zero____,____6565,18HafDBQRERRfCJTi7MDJIhrF2NemcBbv4crdEDHI
560,560,insert,zero____,____6566,kwfVycX2NsXeTq0U8rKBgPJUX01Yxx0f
560,560,insert,four____,____6567,gVozYbq4aq6trVM4rp47yzWH2fhTCF2Gl1vZ9ephsXKeFZriFOGM2sd2NWe
560,560,insert,one_____,____6568,kRgnQg71RNmtEo7nCP0MhwGLy2gQxKO9sCN4yyk5P
560,560,insert,zero____,____6569,vDY0jRZKUmV6h4gHkGa0psy2clbpAquILKIvqLQUKGZejberS2xV
560,560,commit,,,

561,561,insert,three___,____6570,lfCj2YXb6Lp9cD4OMIeA4alH9Qb6YhhMth2WrwMJJdmuNWTu4Z6lQqyBtoa
561,561,insert,zero____,____6571,6SmsIP2mKTao7YYnWWRtNfAoHiddhSDRtrk
561,561,insert,three___,____6572,A8uyJy7XNAq6rVwSZ13SeGGqCPy56yg1kbjQHHANbsEQFL
561,561,insert,zero____,____6573,Okknf0OyHoxW8HyL1gTPpFHqsusrdu53yoqQS1SGLh3jSg50pZHVjT8esYeoUuhJ
561,561,insert,two_____,____6574,ABv4nPQfOpSx7e0ZMQXGFZCoRdzidgncxdgYMc4Eq3y
561,561,insert,one_____,____6575,VpXjvfDDDzm1EF7lTAHJLJi4Z6W67KBnZIjXSSA3zpfYc1LRekVdjDoftgEqfCF
561,561,insert,three___,____6576,bPOlwAaVtXsNsQZYZGJz4YGVKvNm7OP1ObmrF5LlkUovkrz7Mkrl
561,561,insert,two_____,____6577,06ZLSZrH3USVwLbKU3QpxpM1SdbgjQZwR5ISqTc4hA
561,561,commit,,,

562,562,insert,zero____,____6578,j2ERhey8XUv1Pdvd20ldgcQ8uVGFS5IGz88bi0
562,562,insert,four____,____6579,XU6H2vmZarRb1qbxaUXzGgd4Ta6FGT9FB2H7KP3rZn0l0tJbygqbOqnocMxILZI6
562,562,insert,three___,____6580,VCR2IZWztANHJdlSQN90RQJnvKs83PqpjK1PeZgeS74hTtGlNiuVT
562,562,insert,one_____,____6581,Vu2wNO4NuGl6AiGAzkYdyph6eeU72SCCXsaPCZ8CzV3sttmKv7IZgmLfLSqB
562,562,insert,zero____,____6582,OgwqYXukmtZXyTadsTtXCmqEAsjAHoIPHjGD1rzZDKL
562,562,insert,one_____,____6583,Vsq2QanBU3idiJ422jbbTeXblQ77NeraVGO6gXob0g3ahEUYkVOCu8V6TMvPKfX
562,562,insert,two_____,____6584,0plJPr2hCAZDKZhwyODLDxS4MwnucDkxCISjFHSCxDwrh
562,562,insert,zero____,____6585,LU4pYHnN3aP5KHtHyvaXp0U0O9c05dqOBmdug7W2RkNy6IWf1c
562,562,insert,four____,____6586,XmkWDsSwC05rNz5UPxuQXw9q4yqXTFZYRv8QcrI6y81xaADK
562,562,insert,zero____,____6587,CZkicZVXvNs1bT1Iei6KAfCP6pcOcigXIL4Mbh8
562,562,insert,zero____,____6588,yXiqpD8fzQoI7RRyevEciWhDDC2hv9OwVx
562,562,insert,one_____,____6589,yVqyAzit1RI4ONvqA9wmm5HjMC8QzJsdQrdB
562,562,commit,,,

563,563,insert,one_____,____6590,fSFMq53l04PPpCAAkXjRNLhTIvttaKNyGiZE3LvoUacheF
563,563,insert,zero____,____6591,PR0M3cIuhNwnGAtwkYNpNSoiSxclpfuVlD
563,563,insert,zero____,____6592,xb9vfohw8v4Wbt7smzDXbS077AUwyW39eCqqBCMe2Jh6evy2tAcDEbiE9
563,563,insert,three___,____6593,dQDMy2zSieBTWDvHGLOn6mQFQqjSXWSl9spkhmhZK
563,563,insert,one_____,____6594,dKb3M2VWb27CbaGt9TLQWq6OKaoswPQ24nfa
563,563,insert,three___,____6595,E2rf31S7kHTJMYjhMUEHnZzZy8rPwLdf15
563,563,insert,three___,____6596,efSRSPfETUagYRHyKcAoGdVeXSeiBpJL
563,563,insert,three___,____6597,R4rCXGKeYxf7UL8ciy4vXKOt0bukSg2EFYse
563,563,insert,three___,____6598,6GZN1VnRiyAboa6yPwvbTUhdfhS7RkgnlklZV3HVqAgIq9Len5k28io
563,563,commit,,,

564,564,insert,one_____,____6599,wJmXGsksoQIoL6YMRHGT7bkWGhWlYfLzkS4rtRFtylMqXerACU5pWm3Y
564,564,insert,one_____,____6600,ZOoGO904OIrhpeSqoOD46AuqCrvbFSQJo8W77u92WLsui7FxY7omLQwfsF
564,564,insert,zero____,____6601,h1Ou9jOq2A29chFp0GLWj9dwENAsRqDWD2
564,564,insert,zero____,____6602,9UG2AHMsjjTdpEb7Fbe86q3cj2r1IkeflrRDejNGyi11JIgWqx5ai
564,564,insert,three___,____6603,GS8JS90EC1mhaP7yFQDJv7aq4UqCB3wwWQWNLbmIzCP91ztkpFMdEm13BKu7e
564,564,insert,four____,____6604,bU8MfCoe3zmeEnJPhweQOznsAK5PFjujUDtSk25uf
564,564,insert,one_____,____6605,9VEujDVTi8xwR0PicCxn8GM15UhkxCKnRAoVOhfkmTwnz0dvNrlWAHCMi56hcJty
564,564,insert,one_____,____6606,mYK37MkvYc4EDtoJaPgBhCVncwtGoFDemvvFyXVyqUjrMl55
564,564,insert,zero____,____6607,qdoOZdbNHuYvBAPfxHQ0UsUQtnM8dPK2SQ7V
564,564,insert,one_____,____6608,ACJRpccDB6hRksd16QGYXsdajVczJ3zftOC3Rgf6OUFTivfRtb6dCdmjr
564,564,insert,one_____,____6609,bry1nEN9522hLdRJh4MyL0mtvCp9aCggIfE22Uu
564,564,commit,,,

565,565,insert,zero____,____6610,YSTWAWEfI8QHielfdb02fZNMMdzGB6pdjVXnm035tXS4
565,565,insert,zero____,____6611,5pSr8JTGX9n0Czb2gnLNxIWkUYWFXbT1bD0TZi3
565,565,insert,three___,____6612,j0bEKEeC6iXdvSSbySHoB2tiA2A65ZA12HtI9LgjYfSSD1Vo5jDA
565,565,insert,one_____,____6613,VL3TxtcmtD3gWeUxkYcepRbscw898hJQsdB9WMQuNI9iRWsT9
565,565,insert,two_____,____6614,3oIdfkpIIHvZtOjarg1TAgX4uh2Ubn9oScgQ7R1P6WZzcqNhxnTxnoPyW59q
565,565,insert,two_____,____6615,1X3zIinA7yH0F2MLo9Lp8msdTPu6tHQecqCIvAh9E0CFlFk868JPf02Zm6aq13j
565,565,insert,three___,____6616,2W0QFuHGn4efRdMCLeptQ6uaaVyDfRTQygOspOmZ6H
565,565,insert,zero____,____6617,8VBhnT2Iq2zxuRbtWzYfgCRYrgfRyfBHn
565,565,insert,zero____,____6618,LNSb5b7tXBTzKNe4ovLgc3I9TVRo4L4520Nu8VZ0nF4i
565,565,insert,one_____,____6619,kaBE5SEBISmQTcfLd0V0xKaS5ao56evsH0S1aW28GiHv
565,565,insert,two_____,____6620,Nrqp4rmSL43lFGqm0BAi1PLc9eGIpka1deHAXBK6tMGhq9
565,565,insert,zero____,____6621,qnOxxiarqmDp9GrDp7XUmjovRmLEKlO7VXe7bqAU8nYwLH2KupRpPasFE
565,565,commit,,,

566,566,insert,four____,____6622,F3xVwBXhqxAirddroAWcVVdTPTBeLDoFLDwTOKOOYoJ2IcotkkbhUdlby5vJwEKJ
566,566,insert,zero____,____6623,ILfoIHJcXCjwoFOPUtxiM7DzYXBxrnbfBXwuDqTxBSceh6Yi6RfjfSs
566,566,insert,one_____,____6624,Ud16TpmIYERrBmAgEaWOe7MqDiqDAVACwn5unl9V6hBTHk5oD4NGxMSu5F
566,566,insert,zero____,____6625,FHItJue7duO1GjHwl1Z8u87jn9kslTUdVDHPrQTip
566,566,insert,one_____,____6626,65lv40hXs44mV4epz3GHPJ0I8yRrkbYwlpP95iyBQo
566,566,insert,one_____,____6627,yPEwhbhD2zuhR1ZKMWMJsAkrQQ11yzz3yu
566,566,insert,four____,____6628,5AQ7w9qtWfRbj2ulQOVDyxixO8XQyGPdFFW0GQi9El7G
566,566,insert,zero____,____6629,5ONGBX90P9HQOiRjjJfI6Xx7Y3ghN95w4oh85UBT0WJHQ
566,566,insert,two_____,____6630,7vuJN7k8k5IUW71JZ0n5wxaBBI25w7x5y5b7OqdibCKsZou
566,566,commit,,,

567,567,insert,one_____,____6631,v62EEFJforAoVHBrt9N1sGP2PyLYZU8OQc7Y0BxZO3N9J8HlUAooYqf
567,567,insert,three___,____6632,O2BpTXqz7AY25bMb8CpnySWlc3pA3OnCC63sNjoGW
567,567,insert,four____,____6633,PiGNyCVZ3lasFf9YZJYYuojb4jqEi5GXRlQzoNjlKf2pTpZJ2WdC
567,567,insert,zero____,____6634,r69JqmTzymzaK00BYCJuHiBv93ztbRrMHMtmhjrD
567,567,insert,zero____,____6635,FsKosCe2VDFa6f8R6oRMhtUeUZwLknpKU7md3
567,567,insert,zero____,____6636,LicytSipBFsm5wLgm63IX4agTvRNfRiQ
567,567,insert,four____,____6637,rIRZpjbEvjo6qVw54naynOqUfdfWz1XeRhgrqwjdzgZZN3HIii7s
567,567,insert,four____,____6638,nJnXIRItCe6iewebvERuUtCxYNhovZb8V9L
567,567,insert,one_____,____6639,irXlvLIgZIIk2O15YxYaslYOqjn79BipLNEHwowUeKLjipS6jSAC0HQ4YFVeC
567,567,insert,zero____,____6640,oEN65uCkODnQQSjwcci7zUZDeXq6UVAnJS1vB0OaCS1ILwmL0
567,567,insert,one_____,____6641,WNdEDZTyO1xEBX48faKkeDeitBmhuF9UN1Rcmzu3P80m
567,567,commit,,,

568,568,insert,one_____,____6642,gcPPZ4Uk8ftjBONtS0OoKlnYan5h0tn5LbzQXaig2RfUSJzb3LfD0G
568,568,insert,one_____,____6643,RKKeB69ZiWQXJ0qcPsiroxJjxMxNsomZTdZCjN8V1zpTfmV86Cl
568,568,insert,one_____,____6644,w4P2fWTCOKonootAGIbaKIA3CLxxtue3fl85magkQwflrNhXQVmvteiFlh
568,568,insert,one_____,____6645,2IvFYxXRilDjVjge6HPNkuz0A2jxpFcIp7vhgSgHKdz8o8CjrZYGvu2eizx
568,568,insert,zero____,____6646,KYz6KdOaRytXk2wEtT9hIIhy9DxRRyIv7
568,568,insert,four____,____6647,9WsHG8fh8o0SBXGerfo1IKakIxTzQr4wq9UYrQKcJ1isg4HusylGOpBWOUN3bt
568,568,insert,four____,____6648,d5mIzBk1m8ev7EVP0fIs1UD55dcWzrSSfbRWaTMp4sOtiW0kUoX8IsBRHmovS
568,568,insert,two_____,____6649,63T317leXICqfznR7e5VeiQ8zQDqBy5Cg5X4Iwqfccmb4ZewxwOoioUZiRrB
568,568,commit,,,

569,569,insert,zero____,____6650,kvucZP8l8xdyfgx5MZlvTKgP0H9VjzpFEJj
569,569,insert,zero____,____6651,KR6gZAaI5CovPKwSJJCzWN4KJn4kwAl0CsoR4tUMUQxWgVhDusO0TAgTG
569,569,insert,one_____,____6652,hq3IPiNK2DGZ3UTxcCx4DJuPj3WAtg076q6l8AorO06FqxIMgx0t3Nfq9yO2Tt
569,569,insert,one_____,____6653,W5La4FbJNBPDbqXhoaCJJ0gFrqiAmDsL8rftOf6wS8XZP4R2qnjVJy0B471DxR2o
569,569,insert,three___,____6654,N6KZobA0bypPZwjGGHi0iK5vLW1xzijXpsmx
569,569,insert,four____,____6655,grbKFVs6FQplmpvDgrVs3KV2urmMHuL8sVtU8P5mjfvGFTV9DtJjlry
569,569,insert,two_____,____6656,VGqlFQDxsByIPRTVbtWu8roMoT0BnDIHAfVRpI
569,569,insert,one_____,____6657,hCHKmQcrQ3im1kkWgWczk36zyvuSZsZuFF1oCjX45Oxuzs8pQC
569,569,commit,,,

570,570,insert,four____,____6658,9RoSjRcpEMSQ2vfhp2oSdjv2sq23a8WvhjTVwu5C
570,570,insert,one_____,____6659,aT7nivoK5aYd9CW2gNrMGssQtE6ht9pJMmskPUP68kwlRH4zmYBhgREPn3faf
570,570,insert,zero____,____6660,a8IW6f3UwE2sgl2aAiLPWLOV9g2dpoxFBhq
570,570,insert,four____,____6661,2KUgq4qrXZFlKaVP93ShzyWbs92grpr4RcbnnTjU1ucVJdC7LBWop2xST
570,570,insert,three___,____6662,ZgddlaNjnKiGIllQWCoU2q44zJplxE5Gou9w8TzVHOAK2KMxPutDkPHoK0sWqp
570,570,insert,three___,____6663,hzbCLErVn5WWVHWpUSCHT1dEcfSHilF4Ar5xkEGd23
570,570,insert,zero____,____6664,CyaJfHqiGJDxC4SwJg1xAkrc4KofALZMQX8EdNUobWBm0aXEmJfHJx
570,570,insert,three___,____6665,liN53qk8a5RdMsCBKZe92CATtR05mXef3EPYHLqiDZSTQoZ4P
570,570,commit,,,

571,571,insert,two_____,____6666,zouzDfKrMmfB2W99hsgDZ79HuA1kfBslInQMqAn8qrz3usaFDxUlnLBxJstXo3E
571,571,insert,one_____,____6667,WA6Zhm11JASoetxGJhunJJyLegACLamsmAK2JyVHaOl5sFmleAPLlS1NcjBuJD4W
571,571,insert,three___,____6668,nGLoqpkuzG2ibrAGKCiRD05JY963AAQBOGDGAsA1uVBnhKrsdA7
571,571,insert,three___,____6669,xLNpXr9Ch9iD9ZAXdZXyWvmPVAEMVszxvey1kOx2IHKehFVDQ1lPWsBRHHsDXVK
571,571,insert,four____,____6670,spS13CEW1LIlLj8Dlx9TyR9JKvsxH5C4
571,571,insert,four____,____6671,iIota8qJJczgljj5TiukyIB3xo8l1PVVLU7DbkR3yejKI3mxC
571,571,insert,three___,____6672,lwhIZJvXurYWa0OlY5Cr6oZ8RGbio9RNl6rNM2
571,571,insert,zero____,____6673,1iwTJTQJPfgfCEm6NQGESkJyD5m5WtRzM2wKOYOMTKQkzJVvYPIWBv7y2DKF
571,571,insert,one_____,____6674,sTeMYZ5WW6voU5oK5Fe2WaLSdlhOtefU4k2The258F5oahem8niLQwVrr
571,571,insert,one_____,____6675,zCyDiTuQIlWor1VWTWkkHnlDUQtMaAfN2smRBzSPEaAdhbdoV
571,571,insert,four____,____6676,tjcEKQqy4tsDKQv7ld4R2S73IwanE89p
571,571,insert,four____,____6677,6tPG8xN9rRbKhJduKONjESjYtkqcFjlMcRjp
571,571,commit,,,

572,572,insert,one_____,____6678,1blBLndJbGsDFqneNGiaxNDL9V4eUMLYJxYeFVclNOwLw5vT7ztkoQFmMGaeTot
572,572,insert,zero____,____6679,Hx8wMGBQQ1QnPjLmZpwgRFhFF0UsMBk9ysPY1NSckAUxb
572,572,insert,one_____,____6680,16JxFOrQwG2K5R9VZaSseRy3Pyk2NHjc5BKYblcR0UVt0g7qdS6G4Ys
572,572,insert,three___,____6681,FR3S04CV3vyNGmayUgNWHbYydonhdbotlhQLwhJTLtXxAH0VyWiXXRPMi
572,572,insert,zero____,____6682,12hMdofNGNVNoDCdFjuukOKcjqgRuSH7Ya4DjyZneQyvCdOf0YFW
572,572,insert,three___,____6683,nr3I80I36qY2OHPsprv6HA6l7dzhZ23LiimfAoib6ln9UyhGRyzR1CoPd
572,572,insert,four____,____6684,9bK20huOv73AokJP1NSOqdxlNHv7t506c3MiXIMThRIUhtxBVx41QhlNx
572,572,insert,three___,____6685,zyfdTUdewn68koKeJxL95U8kvLJcOO7UrO8yTpT4K4z
572,572,insert,zero____,____6686,7Kyy3BUYy2VGsKANZipLD21GxlaTFImXmLjh7osUpG
572,572,commit,,,

573,573,insert,two_____,____6687,ilNr9kFAA4ew5sPtq1yUjmr7f1YpG4xAlTRCsJ
573,573,insert,zero____,____6688,5xi3jLDNZoFbidswcGoOcpowF9FxPCTteJe58YCOwhlNzOlr6kQzM
573,573,insert,four____,____6689,iYB6DORVNdSR5TxByrXwO34Ny3BeQadB
573,573,insert,zero____,____6690,ro1NnbldDIScnvbgIFl8suFQX8i43MpJlN7FVvjRis9xM0zEGcyU0K
573,573,insert,one_____,____6691,PL1wQCJy8neaBBNvCq7WRhPCgi2Oprh3hKAkfLE8D64rGb6g2I
573,573,insert,one_____,____6692,498carZaYyPsWf0G2xIA6Us2gHU7KP3PWHdb8vfDx35Q4OwxdZiHsGj
573,573,insert,four____,____6693,VGlUv67ifL0K8OTvnkTtQTDKh881LwIYy0OzXjP6
573,573,insert,two_____,____6694,Z50sKp7ijx8f0EWOTRECyM7oo1wUHqNlZLUMWOu
573,573,insert,one_____,____6695,EcAsbqP4RaBm2zEb6aTDHJBLXmO1gfX6gdql1k55
573,573,insert,four____,____6696,y1uy0xlmYr7Fvwrl4NprhzDonhUPj2vrfK3XKuDGCscBfMc75l8D2Phnb7
573,573,commit,,,

574,574,insert,two_____,____6697,vIOZti4Agks8mW5cSjxz0s82cvGyzs7dCIZNn
574,574,insert,four____,____6698,FYcl2tataQxeTCM71c56w70aG2NsjaZpPVQZDdE6irvGzvCMfmuGUDidvps
574,574,insert,one_____,____6699,0sVx8wzpQqXLDfIoI0jVQ3hMFPbrHGKISVoXcacM
574,574,insert,one_____,____6700,GXEoWk60hM2lv7pjzmRCPPaFglsmtE8ozoAUZrMelluqkSKlOyJvK1B
574,574,insert,zero____,____6701,JurIed5bv1H8WsSDtNcE0KVvPwRCamf0wOlA3o
574,574,insert,one_____,____6702,jM2tpcrjy0znCt1OBNB2tcUjvJ8dlvVGm8J6poPDuCMMZoI0mScWUEJecdKOtRH
574,574,insert,one_____,____6703,32hxYTM2myVYo1D9qJr2ae2HJmJVTC1qb
574,574,insert,two_____,____6704,vikYpkE8mn2RKsu0KimQmvDrNAA1GlcCoG1J4SG9Mgb2WKKRmXf1SxlMJAd
574,574,insert,four____,____6705,dLUX7GfBViMGCNjiNwlOCtPwinCzpfxMJdCXYYyQQUryFfSbqHeH1mONlSBv
574,574,commit,,,

575,575,insert,two_____,____6706,EzCgiicmzFkFXOpP4GqNadno8fGikfACKTsIjE
575,575,insert,zero____,____6707,poBoeqhfSxGe7a8ONjvAy6CBkKA5qX7z57dwygVk6IrMkV4MOm
575,575,insert,three___,____6708,MVsdtPVDJS3BG8QikT0PUa1WcH0d4RsfQ5FJnxsXDsZ129XDouzBB25r
575,575,insert,four____,____6709,CpN5Afvu3RqYQans8XZrTaUXYS2MkhQhKhKMWIKoIra
575,575,insert,three___,____6710,CcGSCJOjLSs0AWrCTTJfQbhDfJyeybjvsLJmSzf73ZzDuM78WsaH62Z
575,575,insert,three___,____6711,PwqQSjzEtM22nrprt9nRlVrZKrsW0vW7DPuhQecxRWADr1q7
575,575,insert,one_____,____6712,1dIPZirOYAPDkw1NmDyqiqrnXIokT48JUvWruXzZkQ7MI3iUoAIF
575,575,insert,four____,____6713,6K1cyKmpmazwkN307VwtDICxEY65wDsz4d
575,575,insert,one_____,____6714,Ynjol73qgDmnE6atzQ6s3IE8sJsJfBo1e0uP
575,575,insert,one_____,____6715,Oh3Amo168DYcolAdXTEXnTcYqbYBEHJtMnPPAEKgWBjIYMQ4i3TSexWNxJ5gEewE
575,575,commit,,,

576,576,insert,four____,____6716,bruIqai1WEEphHHK5xVRFG9CPjc1AJo4t7kj52ycGDECS0AvQMquT
576,576,insert,zero____,____6717,xQeZAUicUVXY6TCj7uzIACDTG5if348YOEvvEXC3EMQDy7UPmtgAVl1
576,576,insert,two_____,____6718,SOcDESS1QlsnHsZJd6NIW33NjbVCO3fbCvQj2pd8X
576,576,insert,two_____,____6719,cHrB4EXUh65WR9ltVYyFD8Nu4rO9MAhcdo05z3Er3ve6LgIKumOxH2
576,576,insert,four____,____6720,Sj6GQ3MyBbLuOoxjoAjjt7X5LDealaJDIRPNtcld2RGY8TI5Cm5CSBs0wCTXOx20
576,576,insert,four____,____6721,lTkd4I3LuvXcUkgFjJxQXwhjh8Cf2WfLes
576,576,insert,three___,____6722,1ZHhzI9FhJggzDDUKaKnUdj5H7Jdf7xntJg1v6O6q5bu5BegRw
576,576,insert,four____,____6723,q1KtcgUhr1QPWDsGsAmnOzqShIXrAH1q
576,576,insert,three___,____6724,Rq3jEexUut5SFu6whMrEnlguKOyT740WUsESapnacFuYx
576,576,insert,one_____,____6725,rlSlPxodH7LSL3kuLl12tXYROozbfw5CLFXcB5BjVvpegZmNqqXz6oEEdNrWGUbB
576,576,insert,two_____,____6726,1Tek7H9TSO3UThYYBX7qIv2GhEZscSKAlASj5iCxigwaTViakKE
576,576,insert,zero____,____6727,XODFkJtXyib3jmj4sLmHZ3EuAHX2FODctDSUVIoSrwWoNShmiaJVDU3gp
576,576,commit,,,

577,577,insert,zero____,____6728,fjBVohkTexx9RmUkdwldov5uDs8OBy7Meihv9i9wPXYH8zPRQQqU
577,577,insert,one_____,____6729,FNKLXPkTfZzQlbUGl0ETl3U2Wd4gl20yRLXiFDF8toMfjvOANz7q0EBCB5F
577,577,insert,one_____,____6730,P8XMENRnI3AWBd303zO4sELOm7wdrjoo5z1ovL0PbMKR2Q7jpmh6VOYJXrnQ
577,577,insert,two_____,____6731,O9FR9kXYXcJDm6EXaVs9QjmgvPNBQqEzRUFHxmQw3KfXygveXcqn1ha9
577,577,insert,one_____,____6732,bsSLr9xg9fzDdCNKVymXVQBVUBmXVr8QusNIIy
577,577,insert,two_____,____6733,nuO33om0AZHKUS70GKRFotQpLUzJLTaLUUgsmv3PKGOxmuzA9G8ypx
577,577,insert,two_____,____6734,YB8u0hHWmpZchQRMhpV8Fl7xj3uJbwygHe8SCTJK9c6dIDwncKtiKdBReWMk4I
577,577,insert,zero____,____6735,WA15z3baKph04patmDZPYU9oEGgr8r9BVI2YfI
577,577,insert,four____,____6736,PLG7aKjMAvxS51TEzIjhZxCVK0UMekagBzE90Ppbi1ig3ToOzvQ5JT95LTh9Vr
577,577,insert,two_____,____6737,uf4oQi9YuIv5JNrPwylY58BqmrcXdJmvfSBcgNJUG3Ot3KBkyVR2KXsH2htpAkE
577,577,commit,,,

578,578,insert,four____,____6738,rkU7K6hzsBna7TgzHgeGDQBQ0qwJ0hpgCHzLrcrhj46MO
578,578,insert,two_____,____6739,MHNlgYSqiCNG2UyXAyHmAlJfCiSoPFIArnp
578,578,insert,two_____,____6740,sW5FW4z2UbyO0Y76yZtNeyAEveHB8ULtnVlxP
578,578,insert,one_____,____6741,22YieTfkB4dxkoaSsD7tLj9ybo8b5Cxogg4zTJiMManKoL0FdR
578,578,insert,two_____,____6742,VUNdL5M3pPv9W7MzSotCl31ZwJUs0MsUuWNmp5Cixg0YTOQMa58
578,578,insert,four____,____6743,WcCsJFz0oRJL1WKj7yPY5KQBjkZ3hITsrOLi0guR97NU2izcb
578,578,insert,four____,____6744,gBfp887nJWd5ekKG4KPV5FseEXF5nsMPKcglrlPRAWWlEOaljCr4h6THALTi
578,578,insert,zero____,____6745,meX0Jqb515WSrFJA18OiOCzgETgnXS2RkEAqPg4aXZidn279cl9ZBxQf38
578,578,commit,,,

579,579,insert,zero____,____6746,IwzRP5NJjTz7WWN4p01E2BEKt7mtbta4G3JC2Hm2jcINBR2FnBPZq8Mgh8
579,579,insert,one_____,____6747,eU32NHtn0v2wyfdl04ayQOJBrC5aVu2QnPS0vdE7q3jV0pM62QTJkIySF2m
579,579,insert,zero____,____6748,fa8VehRAhJqTDscaReJRg8TEvVWt19Vkx6h2Sfq9YbpjbdLdXVp3n0
579,579,insert,three___,____6749,s49QPg9Yzu29t1H0cdNM5UBhOxVbCQUNd6AIDQcmGUcnuPnAiepVqalsBTx
579,579,insert,one_____,____6750,sgEKYGhdgKdA61ga5T5ZSc9zu585ndgYVVFDKSyFwizCkpGmhTF
579,579,insert,one_____,____6751,NaiCJzTlrfwlxbv40DZppD5Q3NGVWnBwmc2VMsaGrXPmLdpS0tVWbWRLHyaa9mjC
579,579,insert,two_____,____6752,XVvK0GIzAqNO1VBM5RzJdc5TIx4OodTl
579,579,insert,three___,____6753,969QhRXeDp7RBSuBLoMQclV3Y1T10oGO1uezq8ZS
579,579,insert,three___,____6754,fpDRQfsYJ3JFryUgias7NeNXlNUnv4VMp8cjpL
579,579,commit,,,

580,580,insert,one_____,____6755,yJsfcFFa1QG547P3XFtZ2QEZL0TchE8GNbGt27AT
580,580,insert,one_____,____6756,RZf6FNU6pVMKaxQ4mKE3aqXGpJhSidBo3eqk9B9lCNE1xVoK5k
580,580,insert,one_____,____6757,gccyqxlH9S3XdolULlE4eXJkplsLP2O6tz4Ku5Lgn9yfEYe5KoIOHEGRmTgJKF6
580,580,insert,one_____,____6758,aeAleWZESrEbu3BeVKL7xHFWYgkQRIhx7Y8TuPbK
580,580,insert,one_____,____6759,Cd2Dxb8sZYsGYWvT8v4Oh8BEoB3mGfJB2ejPUULIuZgCIMX4ZRV1
580,580,insert,zero____,____6760,LEIIBN5gx678BQa2AdG8B9c0HkjC74CB0Ybaem2WOrIiz9yn43v
580,580,insert,four____,____6761,9X7PLAqmgwzhiPeL6s2wmyJMi9uUdFT1cUky2uzC
580,580,insert,three___,____6762,j3xBkCYOBoZ8UOu1TxU8hUQUaLYaX34UVfyORD4esHLITCT7
580,580,insert,four____,____6763,CEXOhQ1dGsYP4w1qsBzG27T3wRQCJ9HUQE2
580,580,insert,three___,____6764,fAHBBHTg1u0xZZnTDf2zRgWishO6OktocbmGyDhjz
580,580,commit,,,

581,581,insert,two_____,____6765,MIp6c633Z7CUvcrkhZvtcy2F6l4dXUv7EaF
581,581,insert,one_____,____6766,r74B9v1kd6Lw9tDwe3Hro4aqCkCuj1Ww4rpbLDSDS1VsZTycy1Z
581,581,insert,one_____,____6767,OPMhkZbL8fZOO65tpp3iDvSPYwxL7WUPwXANhHDD5DYm75Vwj32oEO1ST
581,581,insert,one_____,____6768,Ob1LTCFkrolnnj8dnqhtMfDEcvagcLe7mP8ZcZuX1Z6JLJW6cYL19CAEgQgZO
581,581,insert,zero____,____6769,5omGak3aShTQkMRfVmYt2IPbjTVL8lbJrL1qQGARBJT8f2XFe7CdwtVrpy
581,581,insert,two_____,____6770,3WnuEu012khWxFzFS06PtdGvXSrCwSnm8T3x7JYy
581,581,insert,one_____,____6771,Zk7WwO68UcAWvTPmC2xPJ7myQMMnicDRXmx
581,581,insert,zero____,____6772,gsNiH5nhqVUQcM5Xn7uIWUUcvVuAnwZUX8mDVhBb6VvwbCtk
581,581,commit,,,

582,582,insert,zero____,____6773,GtLXOJt0nph1rsBfQ0oijvR9XE8ESvVGpKw7DYv7iaTHspG5jhICay
582,582,insert,three___,____6774,AiyLOaRWRl0JYMNpg2fIFfSN4igIcwHfMSIm4zQeM7qjDGTzagK4Bx0kSITn
582,582,insert,four____,____6775,9JlY4GQ5iNyqsryOt1dN9j23DZR14OAouIZ86kpjKKUviN5v
582,582,insert,three___,____6776,dFvbRPIsMkXac4LtXk9ZqsvnBKuJKYlgCiSxucwsr5jcaGJ85wmYUO0TQ7N1nyKs
582,582,insert,one_____,____6777,ck1GWLd7ZAY1ASJYIxvMgw6dbDGRqxqqdXhQTtLiEQz
582,582,insert,zero____,____6778,mcrWHpMgBG3tJvbHKAw5hRS5dKr7B3zS3aBGmOY0P9vnV5W17zmyNjdBIq
582,582,insert,two_____,____6779,wBgU1JZdt2TlSnXRZstXsCYkzYyNy3PrVDhqoffBsYtaK8uFCdd8wbWVAA42MAlQ
582,582,insert,two_____,____6780,IryJ9R1o560G9fWNVzixFU5czUhZ5ceMXqDff9bwfmRFIcMtGyCWbM4Pq0Vc9
582,582,insert,one_____,____6781,07Geo4rkuy1m287O8ZQGEGHGHRmLc1c8DhkRAeXQtohonR8
582,582,insert,two_____,____6782,c5adMz2ZBjXPj7Mty4zt5Hk7hLYzRWfvyXP7TeGf6U5CWKN5FpLVzecat6
582,582,commit,,,

583,583,insert,four____,____6783,MnyNKPX0Bd86QP3HCJLZ5vGINHawp3w8WzESHt8pH
583,583,insert,one_____,____6784,QnV3XNqFG1oxS7xy642mT9pD0nvcWu4k7z0vy9p45K9
583,583,insert,zero____,____6785,fKlueKIlF7xIIcfYjeBJjahEgkK6oJpO7cp
583,583,insert,four____,____6786,flkebP3J1TvseU4Iw2ZDkCVERuaY50IKaV
583,583,insert,zero____,____6787,0Rg5KnYWLRjg423yBNy6x9hjRiY7NOkxT7vJMZb6XoVc
583,583,insert,four____,____6788,OhRZRTTLqb5WU33JLOi4FM6Rj6hjq3Q8tOEBhmFnCTkeJ8rkyB0W6IewfKWST
583,583,insert,zero____,____6789,i7X0hDk8DW7IRXWZ2VeIiclqiiIXR4IyrPiEQXd9
583,583,insert,one_____,____6790,zHW0kSGYdbaDzQDwAcQ4dLk7n8fRW7FLgpBw
583,583,insert,three___,____6791,xH2fJPRWINX8Je2v4XmxhwhXTpu2yaFqGiCgOYE2gV3AqrcJ1t
583,583,commit,,,

584,584,insert,zero____,____6792,9CgdD7zByfKlabSyCKrcy7VuoHWQFmqtD9KzuXG0IhdaXM5qGFzM
584,584,insert,zero____,____6793,AWYVgg1ydry40RBf7m9ghz1jhT6x7PCzPVFPG6l85m0yMETDdzR6
584,584,insert,zero____,____6794,w6flyAKYqc9wllHmhf7cWxwG32d2jFK1h5p6BeTO0sc
584,584,insert,three___,____6795,BdPk88DCdhUouxgHlOwJWXI68KaSVKBtb
584,584,insert,zero____,____6796,Yod9goXnIJt2tO3BTM8a03ZJi64ULTk1i2C11MMW
584,584,insert,four____,____6797,mqTQTeOoyDR85vcIZRlMTEWxZCtfcOLXJsmYEP33yHmF
584,584,insert,one_____,____6798,Jw8kqJzreSfTxzqwYVtY3SdWZQx25aLusERbBDcYUG1CiF8UjVsz
584,584,insert,zero____,____6799,nHs4qklk6INIAt1M5GSkTrgNHo3veuHKcAdsJvg
584,584,insert,zero____,____6800,J4DULEwiIVeZD1G44q08bB05JewBqqE6GlYKRtc7C0LJfPect7QDA3XJUi
584,584,commit,,,

585,585,insert,four____,____6801,gaghVOggnfdOxvMGjBZyzbTANMZAHiUKGHWZ7xlWxefjyQYg
585,585,insert,two_____,____6802,f3rRFWYjKUyvVSDyLS3UM5NTLA4NPV0njRc
585,585,insert,one_____,____6803,1jcfdwCR1PZqCh6jpUZYzRXRJnYyJb7NQDP
585,585,insert,three___,____6804,fs5SxEFYnZaIEbFRqJwoHhNMXm4JQpG148h91PTCSOWobsvRPbKRVUkaZZMDKE
585,585,insert,one_____,____6805,b7IRogbxDA8YWE72D8laFs3xDMDqx5ndYQiqS
585,585,insert,three___,____6806,BHMgJ5xJw80WhHyPtfu7sbbORQWXwa6DSe
585,585,insert,one_____,____6807,F6K1O9QPHHl4xitSfrJdzrEJTQOYTkoFMJrSjo6aqqey3WFFA70utUDc1Tb76
585,585,insert,zero____,____6808,fy7jz3KmwEyhLP6aQIMZqdHQX8bkil1LpDLxSedWTzT
585,585,commit,,,

586,586,insert,zero____,____6809,g7gJMsAMEaqnYPFfL3CJrJu5fZ1dA97C0eOAcTzIMwBZlpgID04Gm22KpTZp0oU
586,586,insert,zero____,____6810,yZixVmkThFSd5BsVTJlMu7o7sh7lwUZEqBqL95
586,586,insert,one_____,____6811,1N6gvu3JCWjjgbMoTaRELy8OTgizD8JgDlzj
586,586,insert,four____,____6812,2pHYqgPXAhGIgayJfmQrYkJYmYyU0Y0J4zpkn
586,586,insert,two_____,____6813,CWKZrfe2O5OTzbCApEDwi1n3q31H1n6fnSNsM
586,586,insert,zero____,____6814,5IGCZndmigaez1Aw3cVrB2GyHdGRmFOigXU5GsXR1OJEbHXhJ1MNnCmwOE
586,586,insert,one_____,____6815,QvTVSL6GMVYPAgUZYT881Fs7IdmuHDX8r3hWgqXlYZNkNRmiybqf3ja8dFYj3RU
586,586,insert,four____,____6816,3MFR2kw8Anf7cT6M5hHl41Y7bFzr4ZJoZ3MedWKMYakqHuagb3rrGEgcO
586,586,insert,two_____,____6817,gG1iue0o8GQxo8uOg6JwRzV6PLxvNhAvVrfdf
586,586,commit,,,

587,587,insert,two_____,____6818,90hPCVZPtqhiZZHPMBdLQYRR4aw9eXtVG9tPSgomKZwBJujDBy0CcbGa
587,587,insert,one_____,____6819,EROvhUACu79ekzG8OTrtuhIQU6AETgE59XQVgfq
587,587,insert,one_____,____6820,Dj4UAq62T3GCV2JE52MPl5yDLHQbHCmD5BOE54tB96ub7lfqIEHsZ
587,587,insert,zero____,____6821,6KcxVXFjJoXgv7o9JmAclV6B0NsETC4AvmAV5G80daxdjj
587,587,insert,four____,____6822,WZNH7d5nocnsNmDVBwPUrnSuCE3ajjVijMPI0AyK8UhgY
587,587,insert,zero____,____6823,DMTAdD0ZgUZeLRyf39TsOkhebCXp2IGsIsIFoN6kf8jHhMXusnzOUmt
587,587,insert,one_____,____6824,I9kHdML0BX3vBZbVy1ckgsTdBIiAo6YcWl5103TKcp
587,587,insert,one_____,____6825,ollPOQdLPxn7WfZXTLRnD6DORrepOxc2wz2aP0FXiROm6U
587,587,insert,zero____,____6826,0Mi2zoI6i06qTgucgJtm8pc0EWDWp3CMDDEXnf0RVRZSiG30NnQxI766uIco
587,587,insert,two_____,____6827,H4wWnxbOTO2bgC5dCE1eH6ThYqaaIQFrUo4YbUaz5HKWtSk3av73wE1lrl
587,587,insert,four____,____6828,7srDjLsYibFLLkW2XuoAVhyGin3TLTuUebplYB4yrB
587,587,insert,three___,____6829,pAK2R9Y6Veg15phEpLZ2n9qx292ZLfGOKQv9YZx
587,587,commit,,,

588,588,insert,two_____,____6830,LZkE3QSL04vho2mRQj0ERUDOqQedcliaHR35t3I7WYsKiIOXObpFbnqnQhJ
588,588,insert,zero____,____6831,fG02uLKCeRu1qGu1cfUP1Zbg84uqnXKOEsgTy
588,588,insert,three___,____6832,8CTCRdbX3sga3ml4KGCYJYMEXcrUjZEGQJEfTPydvWX4oAjseLlCGrOT48ys5fb
588,588,insert,zero____,____6833,jOOmF1HMDk1J5nYYUZ1f8a6RECp3g4KvoCqhy6xdfqyHYyZ
588,588,insert,one_____,____6834,zGX9Na70lVK40RuUeFUdjgYtEUkvHTJa0obvgUM
588,588,insert,one_____,____6835,OTYJyuSNfwuyv1ZWis5hnqAyRju6Tnzz4wcvsm5UlBS9HgJXxt4eFATwvlUnP8d
588,588,insert,three___,____6836,CiD2YEF2vhZWK6R8ULeAxJ9NQ6yx4TJMAaUeXrFJUOsHV
588,588,insert,three___,____6837,GLxizsGGRH5DFdRGbvNjZa6Lu9hellNUUKTbVl1uzUkWM
588,588,insert,zero____,____6838,mfBq1ZLTXJqnApd2YiCJH1sd9pBnfIN1PW0Y7h3C9
588,588,commit,,,

589,589,insert,one_____,____6839,8R0dJNZPbDnjYHc5zljXfZpfYS37Bh4HKXw7Y2EQtQhkT6S
589,589,insert,three___,____6840,EFqvrBy4GhO0DnRnoxszn7ckLw4OIkjslD36YJwvIMWRiQneDtK931zSk6dq2NI
589,589,insert,zero____,____6841,zF2JJyZ3kp55Gdo6svQKlo6UGuy1lvwVSb7z3Gt1hLAYp7Gnu1D
589,589,insert,one_____,____6842,aAW9Gp9U5tWWTlxxlFirKL1Ogfk65lvMHqMfuZx84Tk7tUuheE0UKf1XT
589,589,insert,one_____,____6843,KWmN8X6TPo7W7tIolzDxHZLyiLM4m1sWspgC2arSmnj8MNABSt
589,589,insert,three___,____6844,cxLE0kuIhCF9W4Rq3zhK9D9Xip8RL9O0galCPRd9tSEAjTo4k98ny
589,589,insert,two_____,____6845,oKN4PeM7nuU9xsjVAqekeG91OgCbC2mnFhBv3d8kxuDqh520dBUtl54uBJ
589,589,insert,two_____,____6846,66D1Lzp91Ps2KAJcl8TRKJ5cL2qlFIWnibtGKFTW1
589,589,commit,,,

590,590,insert,two_____,____6847,oYy2PBH85oFzqC3wmcovAsqCQPuyEKN2fUb8k5hgvJTDyr4ijPXkqifTt
590,590,insert,zero____,____6848,ZpynNRYdxRSKTZsNBxgBzsiKVv1wFU0RONl2
590,590,insert,three___,____6849,FAlZeT3uwuvu3VfsRK8Z0R3v4KJaHYGQtauMCc8Vrte27L3AtgzwB
590,590,insert,three___,____6850,WbcM5lHuGOaP6NncRuTDQxAPup0vuxymNMyaph8mnwq8DSf8ZPDgMAmzjFNqp
590,590,insert,four____,____6851,TJQJAwDizsltiuRzzBAQ5g5dMKlHnoRciqgfMXITSr0m8aWy
590,590,insert,zero____,____6852,x2Jj9bAOo8qKifqev6rEeWTU4MY8rS4Awy
590,590,insert,three___,____6853,VWujONSFlNAqeegOE8pWbazvhXHVLYbhFxnZZlNu
590,590,insert,four____,____6854,uNxMhGlPNn98hUH09ILWPv1W36QMK0Tn5JwhhfLpWWPNy
590,590,insert,four____,____6855,fPUIiWAZHghy4wmXppvyG3DQVfpFtIzHsRCdYtiHth761cPJx5AyIvSY0L
590,590,insert,zero____,____6856,uQcPUgtHURatou92JYa2RBwAKcvMg4nA1Bu5v4RYBzAZtTWzZEsKMteDqrVa9I
590,590,commit,,,

591,591,insert,three___,____6857,tshqg9zdf0onlapGglEc852YXtj6u1tFNowWNOhI
591,591,insert,four____,____6858,8xQlUDcqNOqgmAqROurPcgMi5PUkbzklbHJzCsrLOxBuE2pUvoN2
591,591,insert,one_____,____6859,jHogoDbXEi2b7TXceb2dymFvIn5frSXx8RoxrszItXIIknsVu82lrhnivBaGAWJu
591,591,insert,four____,____6860,FsOctiWAWLO5dwYJHf6LAXwMnYfTqM6fN3C9XnNAsH8Ki0L2nBYDLHUyDu
591,591,insert,four____,____6861,LiLMsqpQFho03fVU6mJLMBrF5GOsDzHarDinWlW5rMGCiEEY
591,591,insert,zero____,____6862,nuPNS086jSoKGAhwaKyOHhPdexj6hyxgaPZXUR3ybS1PFiwyY
591,591,insert,zero____,____6863,IwRpDYoqYK8eI4h7O1PFSUzsRtfZQtNvG5i9xW9Tv2z2Yj4XXrXRxpu
591,591,insert,zero____,____6864,l0IKZiR0okb26YOTLduhI6FGTxaIactZmGwh7gyFpiB3Bk4SeJoTEf
591,591,insert,one_____,____6865,HDDKSpxrGp3Qy1bA6XLSymvxVmo2TdSX
591,591,commit,,,

592,592,insert,zero____,____6866,vo8gT54brm7mT9aiZTfLKAPMfdfRX6sYPtxXVvJ5M2bEEFQ4
592,592,insert,four____,____6867,CFMDzXgpKITJalEXApWtE6tQsQ0Ir6t6PD14BEsfeKRhsNUHrMnOOb2qA
592,592,insert,one_____,____6868,FXUMPhlP2WV4XOWeGEf1WY7yASaCfFdThvkwmL9ucI
592,592,insert,two_____,____6869,aQDJmypyDt3xL6BtRX5TPTsmHN9v5tVsbKG
592,592,insert,four____,____6870,A14Jo3DNiMwBd6OIYuZfNlikQG0LinGXut3HJouHBt2l
592,592,insert,three___,____6871,Gd9YLjx36pm6QkE3lPcGBkCVM7bqGUglGPukY0ft4Vn
592,592,insert,three___,____6872,3F4VTB4Z0fqtjm29TOtbSa7CHWq79CEyTp0oB
592,592,insert,one_____,____6873,fbmiHs5mjka1mLlc88IKOzGx3YWyNqBwmCZLd5UaV7DYRscM5f8Aus2H
592,592,insert,zero____,____6874,tYFFtEXM4d5lukArwehd2Vu6lI7qX8U3hwZp788mu6lldpjRMF
592,592,commit,,,

593,593,insert,zero____,____6875,GcPccXbYzFnucc2Bw7ZRTnmq425rFzOJ
593,593,insert,zero____,____6876,TdbWahUPjMLQHRLM4TGZGQDJUD2wiDsC
593,593,insert,zero____,____6877,ryEJ0gIpYCy8JJMSn10ROOxyuRSE1sA4T629KMiBupuMHaHgjI4pSbR9uUKsPIk
593,593,insert,zero____,____6878,1pWMVW5tSBo3FLGCSSIfXLdOjj0WrjSIYsuiW5BP7xITpLv4AywhWW9
593,593,insert,three___,____6879,IPVpNBBi7p31SyGZhDEo3QZ7IwZxA95Lf6jsAw9JPRyrNzX28ssurOECY
593,593,insert,three___,____6880,y7cLuidCIEK7WU4jkvUXxEvNDfstIi8rK
593,593,insert,three___,____6881,3GNiRKcfyyfRNRCbfVuwNV1Q3If7MCjMSYn
593,593,insert,zero____,____6882,ocv76SRoay8TQBtkQCL4y3hBDjJrEshzIZHB0
593,593,insert,two_____,____6883,RoMzQTSPWmM1ZZbZocJKCW2R75LjcBH1ICcDNUWd
593,593,insert,two_____,____6884,r9FWd3fJyVZ9v3iBiGb3hhExs4k9f8A8ayncT9wYK9HnleW
593,593,commit,,,

594,594,insert,four____,____6885,dp4ZD3ZkEUyojxtytUvlRGWrzPZHCrBlPrP
594,594,insert,three___,____6886,gBypPs0At5Oa4gw6M0RODKU3JyKvdgbBMuXDz5nerQR
594,594,insert,three___,____6887,gLbWnjEwTKwq4QR7GexeOFsC4cSTvpyMk92A94THD9eHF6R0cv9wC1Dt1CCtCQy
594,594,insert,three___,____6888,yMRkrukMQ3Casl5K8wyXNExHzR56hPNjUuS6axYgM
594,594,insert,one_____,____6889,JKDdrok6ba1BnuYor7LKNhUvTub8HmVVORhGOBEZVFhyRsBKC9EaR
594,594,insert,three___,____6890,17ONQflGMxjxfHYfwIQ6DZeljyorjJYg1rQ6uWFw9SJqW1VApmkBB5rq72Aq1oIh
594,594,insert,four____,____6891,dTd7TWwRVxcqgS9XtcOowERh7iyb69PBOAI0vksuIkAmpg2oFEytw9L
594,594,insert,four____,____6892,5qSjR3mCYBV0OlrSpvbhvOEGKZqaVx0nJhRRyLnUoTER89xuZwJCG2UrOlV47am
594,594,insert,two_____,____6893,zmuKn7ifiqzgIWk7r3tUfOzHCGDdCZzp1yxMxDy16bNhOu674d3codGS9S
594,594,insert,two_____,____6894,0c0E4mC8uWG16nZnjSACMv1pZ6W5XBZl
594,594,insert,four____,____6895,gJv62YHb5Cm7aW1gzm97FdtHwupMnCY7OJxphuRp5qtabbt
594,594,insert,zero____,____6896,c93aoqE1N9EdJyCoTMHuLJoZ6HjuARFFrLqjie6jjX2jfLZBwBo8hN
594,594,commit,,,

595,595,insert,two_____,____6897,hUjebjJGqikNyozirV2qb3FZbKJMApJdUEurscEZ9E9n17kY4okpBQacf38hGw
595,595,insert,zero____,____6898,iT0AGNo251SMGCHcUg1St0pUPbXgBnwH6skyomB4dNFiZENY7QrMQl2DgLNU
595,595,insert,three___,____6899,4UTcpvhpzliQUlDqQUdoHbTOuhoOs5uHIgHTMCdPbAvcDpTkJEr8Ln6f3V5SRr
595,595,insert,zero____,____6900,dbjbyYB36crIC0VNQK066f67qNwIxrueSR8JKMmnC7x2Q8fhE
595,595,insert,one_____,____6901,pDNk9iswh3i5lmZdRcPDwXkgX7Y7evJ05wRoYaI5G
595,595,insert,zero____,____6902,0sHMVHd7xCPpZNHdXGP57knPBm5dEiCZKQIfDSQ3MzyBn
595,595,insert,one_____,____6903,awukCCm93m2qL69uNOrYtzbhMO24nWG73XV
595,595,insert,three___,____6904,oj19bQhYhFCbFY7HGZq7k2AKGmLT4jaeUbfh0jjYNvY9VHIb40
595,595,insert,two_____,____6905,1peBFX1igrIUjygvheEHCFFatTOEIu4OOWwc97HOx4yX0REfDLfv12FbNxWae
595,595,insert,one_____,____6906,n4k7XOQCdjwCNboB9sCrGAsemhJ0POQrH19sSNY6XgSga35NG
595,595,insert,two_____,____6907,dEV7JD3ydbPc2ySUzX6xysHEigYu32wT8gcdxfJe777lL
595,595,insert,zero____,____6908,WOPGAyheTpPBdPkKmlZHit9VdQltnQvqHppYrzxNVP4kEaeTe4B1Ri
595,595,commit,,,

596,596,insert,one_____,____6909,CdKkAKcfKDIrDhTv6iYcxQEqUIDiC4YlnjF0sX2
596,596,insert,one_____,____6910,LYI7RzLHpzpbf1Ai5o3BWJKUZllGMXiBIeet4RlA9ha264CUbFG
596,596,insert,four____,____6911,qZTxhRr8YazULBmcV9gIelgMAj4cZRVwyhxpSFPByNaVoInLOz1AHjY
596,596,insert,four____,____6912,qiMTjuHYHpg9TKH7QdEx3Y9hGrd7680CxGAqes8NQGbsYiYt76MYGEvu7P
596,596,insert,one_____,____6913,l8zRKb0yGjkTBME0hPSowuKwD2TfvSFfnxoqw95ng4AO1PSG
596,596,insert,four____,____6914,lLbOhSQMwRSp06h4MO5uToUzU2jpgya79STgolZ0pEIVgOxpZ99
596,596,insert,three___,____6915,InesQA1tvMXEcJQuu8eCbIHv4Wh5cUH2thM
596,596,insert,one_____,____6916,x6h9Co5du99SrBuFas9gbi3RgYCeyer6zE
596,596,insert,zero____,____6917,n35G6YIrtOiQmjQH3z8N7TFllpYEKmJ470tgrTZHEuAzW7
596,596,insert,zero____,____6918,5hBuOfuNdlGJnLfTv1kZSVY2XhjqWJJ1i7JK7AiXrGxqwT90PCU5Q
596,596,insert,zero____,____6919,F9PmDqw8fuHe4ycwcreVXJIT830BbREVnfxfyzw7Sl
596,596,insert,two_____,____6920,D6gKx3olZg7EPgFSbSGeDmPoGVB1zY45fYHg1Sl0kNAiNQv0ihW3oOr
596,596,commit,,,

597,597,insert,four____,____6921,GBMkNdhBxhhUHZLSJV2Dcr1erJiiNMt4vzzXM1ljwUEiWiMp0pLt
597,597,insert,two_____,____6922,8MM3eZ4KjS6xivtUaxid4UNf0xlldX6oXmtDMT30RMreoFeXSJkPtQM1x
597,597,insert,one_____,____6923,z6xR4nCspPAEjTr3UFOjsGO3q3cJDEgzgmeEq4FMk6dehovIilu
597,597,insert,zero____,____6924,PXwa2VD1WzwXPWOnbpS65VqszO2K7MndiM2cwdeSu5JayZah3
597,597,insert,one_____,____6925,WgfKI5TiRrT18sbdKbQHt3UMygomSZYBLXf3
597,597,insert,two_____,____6926,lGGvvVrFwe44hwr78heJDYAFiVjACthyNgiILPjLfzoW7wb8JmTRhE7iBf4
597,597,insert,two_____,____6927,9Kj2hsuJJ1RY5tDZKpxQ0awbK6IqjaDs
597,597,insert,four____,____6928,2WFvkn5rfQnzXh0x7WF1VttytSCUbzIXlTCl
597,597,insert,one_____,____6929,AB4J5Uf7tVgwouFhvRUPimFgNGbChNY2lXXvM2tSUQKHcf6V0Tv5yYEb9BoAk
597,597,commit,,,

598,598,insert,three___,____6930,EhTPItrXNq3PNZpN2uRKL6NlSQHSyp2XAtOQXoAFYoPbI4UFDLGtFnypuZ33FJ
598,598,insert,four____,____6931,JlrXVjKJuOO1H87cGvAOxR0dC750c7X27SbLCzHCo5ftlmTbj3apI2aByhrZ
598,598,insert,four____,____6932,HIc87ydLlzDOtdfcpiso0ckY5OY2sArXzSSnyGxHfTIb4MR6I7ehn
598,598,insert,two_____,____6933,A6yCN4JRb5fSIXOc6wvuY8c5hr1vyJKcdjAByfFn70J
598,598,insert,two_____,____6934,EBO0ywQ5zxkSPjeOREKrvkqB9uYP31HReEo
598,598,insert,three___,____6935,yuIysbIAjU3vXHS4s0j7tR1XxokC8MLaAj8
598,598,insert,two_____,____6936,Fe23WcSgqe4hbvUeOXOBY91ozzHRxzOApTuCX
598,598,insert,zero____,____6937,ehAHke3x4E181AviyxFqg1qyeV2jT9zUXrOIktD9Yda68fXyMjMxC3p3AxOiXp
598,598,insert,four____,____6938,EZtXIajPYx9pxcBcbEs8jluneudGuQ1lFghVMJi2deWC3KvwWc
598,598,insert,one_____,____6939,jnYJKZTxrFOzOffY54QlyBWIrPTmr71n7tgn8F48HHUN3EKS
598,598,insert,one_____,____6940,MUXavJLIwGuVzW7dWsCUuVEyn9npEciQmI4XXYzTY5
598,598,insert,three___,____6941,eCoYV5KDui64UzkHREIFCAVt9lWbAKgR90RmEF6
598,598,commit,,,

599,599,insert,zero____,____6942,0hUmvl3k870G9bx0B1H5mHwIaRN74cUY314CZVNEnpa
599,599,insert,zero____,____6943,I9DFpeCFdwwGCjKdHsftHKcudZ8iSEXOhEaY2M38
599,599,insert,zero____,____6944,Io0Ft1BMMofkzE5lonD5PuTCNbXtEpZy4lu40JhWfEt
599,599,insert,four____,____6945,nAGJoF0Nzj2tplQl5sYwF53Cmv6JDwEHFF0AWSM0G
599,599,insert,two_____,____6946,bjBSGCpNoHyKc9xFdrnOqDE8aVjU1O0A8jCsjbVma0ONe
599,599,insert,one_____,____6947,PSPT0HYyNiuz1NefHpYn0c7JgBw18sKadxKZqt9fxuZ09enRP
599,599,insert,two_____,____6948,ScX3nnqo3Bn0zIGUENtqvH20ynG813NmvcqTovAbxGJ1
599,599,insert,two_____,____6949,tERShIwRKjICtzn2BpYvhjgA5O2Cuy4LXWdaDRV2HG46tSawehyLccDCx
599,599,commit,,,

600,600,insert,four____,____6950,fPfVLVgnzjRZ5rRmKwRcy00mkU5bwAb0QeMHR0C027LYlzNPmQAUbdsc
600,600,insert,two_____,____6951,h5f0D2rcWgWG7Po6QvXdgqX8LOxUbs3uUZictLlSnf2p
600,600,insert,one_____,____6952,uw8w5LQXlk5s4JizxKx9F0eggO9nWiz9HplYZi5XyAJY2S
600,600,insert,three___,____6953,b5aJlWM30IK48iYsDtgNag68niYJObmCEyyRqfEMcX5Kz
600,600,insert,three___,____6954,0Bfb9ecPPbD6DvGMQAbtm8fOzRlnhGcuocedIfC2I2cKn
600,600,insert,three___,____6955,QLYp84pS9uUlvdUUDRSrEPJv6pQEt0fRR0QPNP7UeZLo1IbtYs1B1a7sjsDfXE
600,600,insert,two_____,____6956,rAwKm0miujoaHViRfwDBBnQNgelNCRjQvjcI7fzzNWV84bThz4
600,600,insert,zero____,____6957,RqYwDuqg5pErx2UXUzJqyk0RGAzeeEZU0VseIEFNhEHRDS5inMsK6gIkEsZ
600,600,insert,three___,____6958,ifIGMbOzUuIm0yJ1pxvitoTKTZg6AY13vYHLdL1jVzv93QNQV8KTeDZPSXWHBR
600,600,insert,four____,____6959,gGCOWTpj69ZURE4nAJGnnpmKo6sMSGX8k860ioZ1YK
600,600,insert,three___,____6960,zI4HUYljIxAXijB8RjH1NW2r3EEIhIOdtTYLM4gNBxdSelk0Wu6LeaCQZQXDvT
600,600,insert,four____,____6961,cBrK5AzcIikSInbVJXIDvZINgTv9j5cEVrWCF0hLFPRBfNYOImzPiIivMBOW0J
600,600,commit,,,

601,601,insert,one_____,____6962,CyFKMsoLh0XF1YiidsuCZ4vPwRydjN3rsPV
601,601,insert,one_____,____6963,q7VHqUbo23ncZSxRnwRXcOA9yI04IV6w
601,601,insert,two_____,____6964,MzoIzOOVFh7oK9MvBiV46uOLSCeBUNy3LYEJq
601,601,insert,two_____,____6965,77meDMhNbsK9tvLnEsnNszEtNm48q7vDLFB3d
601,601,insert,two_____,____6966,9Y6quyxIDvzO6ahxoER0e6Vir4Lx62M5CDCA4LeAgpN
601,601,insert,one_____,____6967,NkaBWsviRpjb0AufNoaWThIL4Rkltgr8CvVJftJLi6FV8FcRB96WlJ
601,601,insert,four____,____6968,cLnmlgGGPVznuJxUjfOKaiWl6JtMpfbDgr
601,601,insert,zero____,____6969,WSmt6HDjVjEcDGeHGAtRUlyXbx4kx3pYXCQmPD9BDp0V
601,601,insert,three___,____6970,nv806BgXOf3UONQXJTSON3dNKmhWIkTdXa4QiJlmqtBd3wMTdSRjQuYsGNpWSg
601,601,insert,four____,____6971,FeUNyoYMxEfOb8g9zOGLO6vedWBVfnUSY4JWInT4imdN5QQSyfPT3VZt40
601,601,insert,one_____,____6972,3E1kPJ4En5TdIOCIGTPEqHL8xn5u4oFZNaPNkod
601,601,commit,,,

602,602,insert,three___,____6973,iJM6zWrqF9hxzdYM60sRFHWg3keyzctUeiVBAagPaXXpH5n7H8a10M9g1P
602,602,insert,one_____,____6974,o83aSNQM34cCbrAKeYJrShKm23Z9BWnTgMIIRnlNXLxfEUOZTtQv
602,602,insert,one_____,____6975,TnYzR6x1stNTwuuWjkz9EaQlOJTzNou3KVZBMhnMW3nn7Yt881WD8iRogTRAKiat
602,602,insert,three___,____6976,V2S7bPATcEwFus8J7We2L0YOcrDplVTiq49Z6AWTxZdglezVnF4ShLvgkqH
602,602,insert,one_____,____6977,zrEegzGjru2NacAnbqs2nJkHrN0Zu5y52xzP96uLVWiWdrz2KMVTR4Bp
602,602,insert,two_____,____6978,SnTCZrRxvSp607D4zoNPeXMQbkEy2Y9hvDI61dHjhT
602,602,insert,one_____,____6979,98e366VS9Oia2LkSJ55bNyUpnMlDyQKFD7Su3g3wAjsxsyacgws
602,602,insert,one_____,____6980,A4a77MEwDqU8k2JtVG5PZ196M21z10cQcKw7LfD35v3tMBqwM45VCVjBMLqMkbqD
602,602,insert,four____,____6981,MIGJUTCyYxNiBL8IFypQHqHJcxWkirNM0xAM7OcvG
602,602,insert,one_____,____6982,NS3R9ZxbqP8w8q4NGdJ1qdtDDJmu9HhdzHm6bp7dRARm
602,602,commit,,,

603,603,insert,four____,____6983,fNe5FSWaGikxGK2PIYutGZXE7sW39usjnsS3PePHTdwLD9ICchk4UAytSP
603,603,insert,four____,____6984,b7qjmFvvzpPycHjPJjzCIuWSIQJzGu37MXsAWEuaNnuHZ6bNpsXJKq8B6enh6kD
603,603,insert,four____,____6985,TPMQRi9lLSzQ3nXAPqdS9hANRuGgau4zH
603,603,insert,one_____,____6986,KTcSgN5KWmNn5sc13SLwwsQmgJ4CHIdxTRSmEECaBQpwQmI1
603,603,insert,four____,____6987,5nFpWvSXawS8TW4SwNCAuFfIRQ2GEHXX2pgzigbq0j9tlQpP0ndIwP7c9KDe
603,603,insert,one_____,____6988,fSYVzJGEuJ7WbmYK0fgIA9AISKQrQ6Eh4byJ
603,603,insert,zero____,____6989,16CEpfy1NVon85btDwMGAiSXTO3ROrMI1bOP8w8vVoN53IyAca42vffRxEhGb
603,603,insert,two_____,____6990,D1eSbxzH1dGjMorPEYfhZ5DGnBk3jK5sBy5
603,603,insert,one_____,____6991,Yg8InLEevhngCgBCkuotG0VKEZa7046kerhGwX23SyS2kjEnrnDlOMUvJBReUe9
603,603,insert,four____,____6992,z0XDYeCbW7YbSGb9MTSG7UiwnUBnBP5YtcEj
603,603,insert,two_____,____6993,m0TRDb9ASAmQvuNE6afFQPDaZ2eDFhCnok
603,603,insert,three___,____6994,CKFgrNwdCy0Tg0KsH7UYTl8juGUeZUzxxW
603,603,commit,,,

604,604,insert,four____,____6995,d0RptjJciDeusp2PNQKEZCtyVXL4PLp6hA
604,604,insert,four____,____6996,R6NgRa69SCRY6rM2HsK196pwgLUQCQLqpdIY4rh3cfVE4tIPDjyMdwxnAj69eXk
604,604,insert,two_____,____6997,2KuVqRziUeeHwCaSCbFcrUOdvmG4Ezn861jWupymuSx3
604,604,insert,three___,____6998,3VHsmxN8zwl5XBwqNszBfmhfupNb0YdecUnf9GLlAEMqmV
604,604,insert,one_____,____6999,N6snKaRBgsbbAECbSL7yOl4BkVUHrQagpufqXnqX8Un6DJYmb9M1tyL59aAghxG1
604,604,insert,zero____,____7000,SJivjSSxwSVLf0w81htkwo0154ui1v3kDv1XZRHx0rrviOetw
604,604,insert,two_____,____7001,UjwgvoY75Ir94fWIor2TeCRtHMEBQ1fd
604,604,insert,three___,____7002,qNJ79qZPpkOOSefmlOFuOqMtDHLL0m8uTzE
604,604,insert,three___,____7003,v3rlrF5zkmnvWzursmXsYh7BM6u0lHoWZG6Y7WTMDEvF1dRVZ6AOkm
604,604,insert,zero____,____7004,8RDAMaNvVz40HBkVlREWUqUXLUhBHujuJcI
604,604,commit,,,

605,605,insert,one_____,____7005,R3xgY69CP5YLLyB3AwJJkEXicwYX0T0fDEJzJp22jHIqYjpqkRgEPs
605,605,insert,four____,____7006,30nGIvzgARFe7ExZUSQHrjoHxx4TlrPv5fmLW2QP4IzrLuIif
605,605,insert,zero____,____7007,1NfTeomaOCftSm9ZDHcn2R5Y8pZJvL5flgSVwb1HJ7IRs7K6MZoOauGA
605,605,insert,one_____,____7008,epjcqdwcFEMifqAGAheQshbjFnlWckGKMX8zPlJr
605,605,insert,one_____,____7009,9fUIFIeoZytSNs5URUzTjuJC0qn5sDiKLseY81H7Vh5ViX7pgSqw5ZTK2I
605,605,insert,three___,____7010,66roxAwePiS8wcrIkNenmOTC2HMAxyI94XfR2IttpeQlM
605,605,insert,three___,____7011,wchkKx9nXdl6cgeT8BVQ9wiwmGthaD2YTfVI
605,605,insert,zero____,____7012,oTQw9uObap6tVcwmU60cr1wSkfgrjbXeo8RsYnPkUx4DFcEn2cvvXljYu
605,605,insert,one_____,____7013,VZ1wMdgwHqVvGHxIdGcsUg8JxTWPRd0EeQve59atKB9uKSI
605,605,commit,,,

606,606,insert,two_____,____7014,dAU5ZOcupSE4acvPjVAZ1cBLSuVxlbFhMMvS4ww
606,606,insert,three___,____7015,O7aqHQcI0YMHSXNITTa9OLnQCVnRNEqcaGjYOzIOZI8wVkox
606,606,insert,two_____,____7016,ujVQG8cWS7rm4XhUMDkQS9Jn8XtcAxBEfEeKwbqmDUB5Y36IIaG4PgvH4CO48I
606,606,insert,zero____,____7017,Yugxf21R68Aq19xF84ktWZe1IKMjziW1PZePXjRf0hB4YMCZ4O
606,606,insert,zero____,____7018,AqCPw2uafkgcoZcvMW9cNIA2eWnfHZ3XB9yOVm
606,606,insert,two_____,____7019,BqJpinp73XEd59xXFRSWXmGTp41vMzp4IUiyg
606,606,insert,two_____,____7020,aLklCBdQ2ONHbN3XumvhsHSCsWHiJ8wYHUnRhmx0T19AfIDlvuPEsp4BM0U
606,606,insert,one_____,____7021,7god8PcObu8yPvW2tcK1qNMVZkrhIBHYAKT5w11WRyZTdOiu2az5X
606,606,commit,,,

607,607,insert,zero____,____7022,fs8PaYGv2kx8DQ8X3Q2lZyUV3nyMBsldsRgVw
607,607,insert,one_____,____7023,JWBkIAWReQCrw0UFnV4wLHvLsXbDa5NRxQvTw8QZrA4n4
607,607,insert,two_____,____7024,q6uzY4ADpEUjf3ftM8UxU84KHduFlyDACTDXJ8XceJf
607,607,insert,one_____,____7025,NvHCGTTvEEM2SrFpCu6KVTLn2XjpO8oRfwjGOdWltbFSqxPZ
607,607,insert,one_____,____7026,5xnfrWQ9WaG6iSWjyNEMdigmz9YVKSAjRZdvX4FLQzmJrNFHdUQ
607,607,insert,two_____,____7027,T8BtVHegHPSOep4Rg4gVQCUqPAyLHlJDnYv
607,607,insert,zero____,____7028,YGwPGFVjqvPGtrwq7Da1DichspJ13Zgv
607,607,insert,one_____,____7029,X8k0OUg5aKllCvMgI9zSaHk5rzsuE6wcv7Jf8Ozqop81ZccBKRgYjXwCnIRf
607,607,insert,zero____,____7030,1sEyKE1ls3RpIUBB8L8SJZGSV8wjhY7bfOu
607,607,commit,,,

608,608,insert,zero____,____7031,w9KlqvzdDcmbysPCEXrk6S2FzYQ4ScnWjjRyZmEdG2CkfJWnQitIwTXzhOK61
608,608,insert,one_____,____7032,YqB1GIbs5eG9yt8XP17rNWPa8OvVBtVSQa1y6z02
608,608,insert,three___,____7033,9s1rcP5TTK48senczdb4hwKKx8Wejrtzr8gax
608,608,insert,two_____,____7034,RGJGVadcQm8SAIaI5cTY3M0pxCa6XNXK
608,608,insert,one_____,____7035,kPsC6FhTsk1AT0f0c063CMCAg4bElrGFVlb2UkXYH9J2CVTT8ksF2VltxoQVA8
608,608,insert,two_____,____7036,Vg9xTo7prQWWuj8Xly7ZaiVNcW5NnlNe5C8SzyU
608,608,insert,zero____,____7037,7gDHGEPjE5V43zG0wkKnRz08vanZFhwFGbaHPneLLFud
608,608,insert,three___,____7038,gSLSmx8RoQhwxhR1wVNc16WWJChCF2gFRbXXVAxSj7bFMmw0YNaH8A6gJu
608,608,insert,zero____,____7039,XexFmmuUTDU9kV6YSe7DgtZG1mnNkMSUGRP
608,608,insert,three___,____7040,iIvsQbPfG4bPqWsDD11i7pQpa2IDLgdS7RNor
608,608,commit,,,

609,609,insert,four____,____7041,Xu094roJzZhXyhwe4Xw2wSbaRDXln6un2fPZiAE
609,609,insert,three___,____7042,GK27pwKLE346kWo7n8SvGWLGwNZnm3KoEQodx0H93435
609,609,insert,one_____,____7043,PUjq1QXEnukQI1KDdEjofOWvdJ4yZ52B0AH2W3v0Slowttfg0nDbkPoSNPWQabk
609,609,insert,one_____,____7044,zUnv8pwF8eYrO40UVYMsDvSFrLY1ZtDP2MYm1pWAbhVHyCPhMwDwxU7PSxlkxs
609,609,insert,one_____,____7045,Bn4PLiPOvVCFSg2bPGDb0QCJILPYyDJ8y
609,609,insert,one_____,____7046,qVbNyrUnuyzvBNLnebtQ3uF6jx5d7aB7p0hsJf97dCmDPc3h8dqSSUgum
609,609,insert,zero____,____7047,UWUTgQGhA5n0iJQ9ImyxJmJrZlNYECKkeqwO25SBZuSOES7KKkSEgdVmfIN
609,609,insert,four____,____7048,YrK5UoMhdNuj0VXdrBWhQJxRxyZqXUr4b3
609,609,insert,zero____,____7049,HWa6xeEGRSv679QzTTRgT1EUi2xchhyOTD6qnbqbZecXQJCGM4hcRBl
609,609,commit,,,

610,610,insert,zero____,____7050,fM4RtM80LyILH1vxXsz2ho8OKVpT0SxZGG2FyM3PJRR
610,610,insert,one_____,____7051,x96Mj4PmRQFXTlSst6IiAaiGeFTmIcH1qPvLlPaCq0b9EWJkzOk4D
610,610,insert,two_____,____7052,SFW1kKqmuextOnO237lHD1owYVpGGYXUQwb59JzKkmv0TEqKw6rrPWpX7jWiaR
610,610,insert,three___,____7053,wlebKxtk9YMUKd5mtEgf3m8cjZAxhzF8wTvYHRjueDxeB
610,610,insert,four____,____7054,pBH0aSPYN6flMxKh5pwc9r5eRtrEtQhtqPqtwFrqI
610,610,insert,four____,____7055,SAl4udWHTLHNVFdPa0rEHmMWQHQ20pmlAW
610,610,insert,four____,____7056,PUrK0dxTQkUUPJq8rcaVK3oxtegRvpc0pZtYOSfgIGGSR98nZERqB66CpD
610,610,insert,two_____,____7057,kNRFUIzJyI2MH34kt9cUIsePhLokTHeAM3gHUM01bk2usDhwHgd2t
610,610,commit,,,

611,611,insert,one_____,____7058,M1dQ4R9q3qi49HgdGUf3uev12fwlwPK52gyXarbmjvpOIjQpg4t
611,611,insert,three___,____7059,w7SNo4u8nQMZzPYkqDFrTMnaoBXdkgRccEUVIsOwaYOtHHe3GEGB7ylbjajth1vC
611,611,insert,one_____,____7060,h8m2wVKHw1MVRL4xGAlA3vBo8vYaF5D4
611,611,insert,four____,____7061,Mjh6BtZSMNrflZUcYkrctqQIzZAEMe7NqCBG3CQijDuRikRvN1p
611,611,insert,two_____,____7062,IGB2d0p8JtyCqa52mcljO383O1AvUKJGypR9jOWQI4TbN
611,611,insert,zero____,____7063,lW4IQmviQuzquzYMqt4BviO7EUC4eaWJyeISSzquQDB7Bn
611,611,insert,four____,____7064,rAm2cjIu7jL3E5hYqwHRNRU27gRjGVYxzQdz2g
611,611,insert,one_____,____7065,5rf37u1sSRtu7Oy8CaouBEnpiBBHjEtek2FFB0bXqEtJ
611,611,insert,zero____,____7066,xfT398IhcS8RvPoLuUEEWpOY7EPjppHRM3kiKfyW1N7x7B5DIbpgdk1eLQYyZ
611,611,insert,two_____,____7067,G0Kp6Vm0CV19C3R0mLScogAlYJDmSq5EFhCZUU8wllU9HNWbptg6duAyhTmeYF
611,611,insert,zero____,____7068,ZxSORSjOw8LcaQbshpQv72G46CU5RKQOJtYMeTDN3kay57
611,611,commit,,,

612,612,insert,one_____,____7069,bHKaozN7sQZIms8vBtSoWQLfYKdhQZ9suTNw90DSLRjgEBZ6Ib8OEVUb4a5uOc
612,612,insert,four____,____7070,Fin7DmGhSSZGS9xybsVO6e4SOsCRLeft2yjMVRhh
612,612,insert,two_____,____7071,npTUgmgnuGl6AZfcQttXoWuzb0IQcFlg01kxbmCJy59bBbvxNIZGYSmbhC
612,612,insert,three___,____7072,0E5UhvQFRNpshnAp6orPZO7t3oGGNvzyD8kcgNF8VPnh
612,612,insert,one_____,____7073,gIvc0UidascLUgG2oOyvzPfCurTvjfQt8AMkMqhJ12sk
612,612,insert,three___,____7074,hC2a1pFOZYFdBMaNXdotXlNgODYR7ysMo9cub0MAva4
612,612,insert,three___,____7075,CGuA93LdoXMgtJTqDf6lieXjZnucbKms1VHTL
612,612,insert,three___,____7076,rCyePLFizxuSs9SAA66Syps6wRbpe8QIpQa8
612,612,insert,zero____,____7077,nPH3KxkqZ5tCj1L07IBVfpJf97v76wgHLmSIF0LGbrzq6MzkG3QSl3BOW3ck
612,612,insert,one_____,____7078,W6lig3vSrPimmRxWYcDq4PhJnmesWk4yilwytMw2niV9WgVjLh
612,612,insert,zero____,____7079,4e21Xf6rxZis5TdohOFj6QGCHHhzVSZBTPBVZJGo0JVlxVc
612,612,commit,,,

613,613,insert,three___,____7080,i21n05wlpZJBvPOVHyu681PppSCW8fkR
613,613,insert,zero____,____7081,dNGoeOiQEEg78DKMTJp3giaP6tgodFDrCiRn753QGmtD9zN
613,613,insert,two_____,____7082,XaT5qFZmDjBk0beSC2goJQerEmN7CSP2
613,613,insert,zero____,____7083,JzInYDyDSlsgsebiJ1hpEBVo6fwYZI7tm02RldYN9u4IuJyjEkhB
613,613,insert,two_____,____7084,4z03wf8bGDvd3sILB3B8YFsZegixpNzqlut47yyXTf
613,613,insert,three___,____7085,71hhOnVcSg8IusepPIwb2CeXdcF5kATH9evK7N9gCpIf2K5ReV2V54F
613,613,insert,four____,____7086,ZTeIY6TodKdfHbP4BzPVuuShmqXPjJG6tLW0r0qmV5C6pYgyMV
613,613,insert,one_____,____7087,kfEQHgEMIs8lhpHJJpljwCD17xhxAKaBrZdYzJZP8s7wQoT8XwAkkGqqpx5
613,613,insert,three___,____7088,OEd4O8SY0Zqrexw8CAAcM6DFuT4tBKG5bEM1WiJyTkqdxV6WON
613,613,insert,one_____,____7089,mklXa77HCLwYmDQLHlcBO95pgWeycj4X9GSHipZiRCulZ5oYaXa5ffNz
613,613,insert,one_____,____7090,IIvcdWv00fZx4Zw0WM0pE2XnCG92il0vb1KeVDjzoxaD
613,613,commit,,,

614,614,insert,three___,____7091,TCmmuRaGAkhy9oCy1jxewxEtCU96O8tabxSFoDQk3Jha0SJOprgLLxQHb
614,614,insert,three___,____7092,JucGQ1iHYgC7EN8MXAmKtyh3t8M7Uve5r7x3b
614,614,insert,one_____,____7093,cZKUeYa6xSJk33uPXIE6gnhsSiRpL8ObDzrzhQztUqKnwMKp1hcARDgQxbT
614,614,insert,zero____,____7094,ztvobGJvfZs8wJOFzXZiobh5K4X5VVHbfCnj
614,614,insert,one_____,____7095,VGwFFtePCuDSe6gw6jp77OlVenBkJScVMR9zl
614,614,insert,three___,____7096,f037wO5FBcj2iKUjonQIG0isAjTRhIkEO
614,614,insert,four____,____7097,5YVKBYkzr1unwx3ZTq56u106ujwxjmfYW4XKcWiFBf
614,614,insert,four____,____7098,Tszxf1OPwKOXPb96rmfoOVCrfYGBTk1T7gqV4
614,614,insert,one_____,____7099,Sksqa7M4z2k83CzcY6zaImQz0yGXQdIscPdY0Dg7tiinDd
614,614,insert,four____,____7100,OVsrDVscbfPDFttNd4mST5yaI5M6pKWqoHBVwtFDZbHYEYYeO06ruo5w5WtXiNQ
614,614,insert,one_____,____7101,2iBgyeaxASnPxpwOwWCaYQ5q4SIJopnrK5d7VPvDdlae0Lw
614,614,commit,,,

615,615,insert,two_____,____7102,V8Bf5s7Vrzo3feS35oeIqCUWMVZAPRxi0Nm444T3pGwiXfJjWxiFPItFi
615,615,insert,two_____,____7103,6P9XTcYgfZ7Tv2ULd51TYqXEnoW2tO2EVbNn3HWIamK8MzSDM2TPc
615,615,insert,one_____,____7104,7iVwAvlCvdzqwB5PkhIZOH2SRDEATG7sTvQLzvnzDpW
615,615,insert,two_____,____7105,UAiTswgAEnihToCwFpI51S2E0JbX8soH98lqsj8AVIEfh1rqnWQ8Tln
615,615,insert,one_____,____7106,ILPx91iLpU0CUr6HcOdc6PN57M8cfAUFGj0IAbVI6ba1RjO15GQtrQlatJJf4AQq
615,615,insert,four____,____7107,VsNjUoGk93XTr0OfurrYAAiu4dsiFH4B0NAEHsYQf5yBEWedjqFGjtxJ49yEAbh
615,615,insert,four____,____7108,T1E6oGdWna7WOTMgwaQasl2VKH3hLs2eSKEih
615,615,insert,zero____,____7109,JHNToA4hSDKtSPD2qHGDtPIdsBtLuGGlHlvcWBRgHfWTQrmdoXTWDyHxpJCNsQc7
615,615,insert,four____,____7110,lzR29ZJEf5n2Ces6DYcH4JzN0XTYkWkzObOgSqIB3fRJe18ko8t
615,615,commit,,,

616,616,insert,three___,____7111,yTqaFBcX22WwshXsbVdo1HyDHV2fH0td1RgrvRhX
616,616,insert,one_____,____7112,NMeq1LXBtNKao4lniHmbHD7ehfZMqvVbrKmYQ46nAzTTM7gT4pAV7n0P
616,616,insert,four____,____7113,IeF9Q8SoVJaxJEfOXy0xMv1reLGRfcxP5aV
616,616,insert,three___,____7114,9njzkVqxiP0453FiB7ikmIPkiWPsN6pgq2wtzuiG7DktLczwLLiiI6
616,616,insert,one_____,____7115,uFDl5DFNZ5VdsqLLIlARu9JsIJUu5cHd5iJMy46R4Nt1IWn
616,616,insert,three___,____7116,T4LsS4ClOzf5B4jIxxCVsW9PdP3M7SI8JJOqxK1LFqs2TPOKzCAMa7wTqlJI
616,616,insert,three___,____7117,oMP7R6J0NmoFoFlA7BsvN4KCyxUXozvwRBm3l7aIje698579sqp6rh73A
616,616,insert,two_____,____7118,zs4TUjGG5SeskpXHfbAYhqxj2M1E46Od90wvdrBqHrQ8azpgTtkMgj7
616,616,insert,two_____,____7119,BbwqrwKKZ4CmrPibiWVj6TZWDQyK5ZDO52FGIWSFEfI1yPHcLF5hvm8H
616,616,insert,two_____,____7120,DijyMQaLw5V8D5epkeEj6NK2hXH4tjwvt2CXwPMGF7jXy
616,616,insert,three___,____7121,zQgmDdwqVaWaVWjreIkKDdzdSAhJeOYDF7OTuA0SPNxVJq6S36PlTpct1
616,616,insert,two_____,____7122,s3uBiZaFUIefhAi28YfBrqqh2RXcGB5DizdSoDnJGpMEufO5HL7dslFReiJEnuip
616,616,commit,,,

617,617,insert,three___,____7123,E6M3YviHve2aZnOnqswTCcZmobNo3dwz
617,617,insert,three___,____7124,z31dblVDuYJyJcvaPmY1R3ZPAKkoamrVETfKSjf7Lt
617,617,insert,zero____,____7125,cK0LMqtDSkfZLeXT59o0TH7VuTjkJy9si1YzY4tl
617,617,insert,three___,____7126,uNo0rze283YLAkiimRcqXVsPh30xbFav1AUHS7XPzoJ0LG
617,617,insert,four____,____7127,aSrUevHXwfkZTVqkT5W78Rs8cMqBUHrX9F30rzvlYP
617,617,insert,four____,____7128,1L8dO6hTAszPYXzGOTz9Ohj9h83GXuCnM7HEo9jlQcbDST7HZfRIbNjgD625n
617,617,insert,zero____,____7129,GufheYOxD5uJ23fuoBRCKN8LcrtQo0A5fWhOoqStgXKwV1KA
617,617,insert,zero____,____7130,JEEUoITtJoLwDkGd0fRFgITBLBmoyHg4MWK8VObktQaXVsOuZ9PkhQE4mj5dPA
617,617,insert,zero____,____7131,81w1ORYWx0KlIJ6IVdRYWC5ukrKE1FXOEAtOPxXMoLFWLqF0pqGeot2JgMUG9
617,617,insert,three___,____7132,GuPpsZRkeyJ12KDLY0ETiY1FLXoZdGu8aSAYwIfbxcHYYYuQeG8D0HSPn9gxheSh
617,617,insert,three___,____7133,dTSX1zfWgAtbiMmpGJxDEYP21yQuqjOC9vYDB2rOb
617,617,insert,one_____,____7134,UFIlU9LtqZ8Ax2m0t94T5DGOHGVysdMopAuMWONDzFNVcWJt8CNn
617,617,commit,,,

618,618,insert,one_____,____7135,OvLMilZ26et5Q5ap5MsODndiLnvPYEwilctCMIMUzQRw47E593yQr
618,618,insert,three___,____7136,4qR2CqNELVhnT8NPMmgSqJFFPzorr2ULu9dPmJQLInLBNB
618,618,insert,two_____,____7137,8XB5XstJUGbaJNE8nCRBr33BLadZuT1R27Krp9Fo
618,618,insert,three___,____7138,vYgK7wp20zA75iDV1UD8awAX5BV7Ns5feSn1mUUmH1CJitFs9E9T6EF74XfXcW
618,618,insert,one_____,____7139,PhWFAEik6dTr59kwOjupGN7B0BCdMPI09bKkpi58v4R6muExacd5TWMUntm
618,618,insert,two_____,____7140,j7BWbZM7AbpGXuHpIXDG10G0Vw1MfSTmM8uamw0jnb0mY7D
618,618,insert,one_____,____7141,Hlc17FIc6xBz54CE0EzViGR1KLuLInLT8THAeqX
618,618,insert,two_____,____7142,5yCTjeuyUOvn7mf8sT3zqWvLMJ3zmiYhJi
618,618,insert,three___,____7143,56ev5hQTJhVKQOXyJVdHHuZouoDS5WjGB1gnmPHNOdihYzQHtgI
618,618,insert,one_____,____7144,s3GwibWbDBPlR4RQv3pswJ7sFlvIGvyiTj4yUfJR2uyT
618,618,insert,zero____,____7145,oMJTk4WuML4fDhQTRM9LgwkPXZ7CU8PFuo04M0NqW7TtOlWbAGdlASFUjtv
618,618,commit,,,

619,619,insert,three___,____7146,8VQ0ZGTmMh3GUFVgelbvu5GRBA8bx9IC3kLLyqQDPah7o1DssMaq8usyLg
619,619,insert,two_____,____7147,C32BBJtkqhg2ICHRbyOvN0AbFyyOJyx5I4pkzizxXRGjdoXais2p
619,619,insert,one_____,____7148,Tbnz3zvkoJwsCA1NbLhWOOTTuzFeJM78RYJNz2xH44F11miLeXjSk
619,619,insert,zero____,____7149,AtsBm4sZiG8KVnr5X8xVLiUuldRQAbehz1hqcDAh1XExit6s
619,619,insert,zero____,____7150,fObVdDSAby0JpPxRPaZDbPYgAka3mZJzJhSTZhrlexoVyomQdWfkeZPqeFPf
619,619,insert,four____,____7151,xl9316XRanQRNfTKVH74dbmNoin4owThwCoWlRMF
619,619,insert,four____,____7152,8K7cxe1dpCjmC0O3NOUxCfGzizEjnLmV2
619,619,insert,four____,____7153,fws05rrmjlaOLMLY2Wq15KRa1LCQyuZoo
619,619,insert,one_____,____7154,8zP5f3NufGo3fYc5ru6Cek517LQOJVM1
619,619,commit,,,

620,620,insert,four____,____7155,ybkxod71lcz5telHkRU3nDh79haCtbKiEl5BSqGqLrucKshhInwTz4F6izDkj
620,620,insert,one_____,____7156,j7eMs2CxkHCTwmyw7klYcc5XfrfNa3k99yqrBc7bS5R0kqEp2jN5ZzLCDy
620,620,insert,one_____,____7157,4LGosnWYHB6KqYYhBMFLNT2TSsA5o6J9g1GWbkfuYum50MfukTUukc76OJue92
620,620,insert,two_____,____7158,LBoNeF76CShaMnOkpsk4cIBIaOojKIJhx6VXZi
620,620,insert,four____,____7159,VFardehgDyXSQMMNmy3dQimohIOgyNFJZ
620,620,insert,zero____,____7160,ZukTxMkZHbf4v3sjE32myb7rLyrH5B14z5gjx5yXAh4oUtnHYaAs1UxQoa3fJ
620,620,insert,two_____,____7161,I3pryDn7rfruJyubCXNwd88hXJFguxPCUzHinMx2j4
620,620,insert,four____,____7162,lD1YqwDoehLUQIgBV5hTxRnQCYJnvKx0v
620,620,commit,,,

621,621,insert,zero____,____7163,C7tYBEq0GWOJGncAogMkOsp069XiTQYt85KdyDpCb08sgwbB4
621,621,insert,zero____,____7164,ahZNTfLvgp6CWyAGDNV2F4TxOjbIrILpxQq4ZOCDpK0OGrZRa12h0IBtXSYoWT7
621,621,insert,two_____,____7165,UF6jNF7FGYMyKWooCRYQERoImKHZa572CUkqZl11iflXcZ97KChEVnjTC
621,621,insert,zero____,____7166,k4Wf8qz12LJntL64y3kkLeYwGNs4LIfkngJcx3gqqMXDvGfiod
621,621,insert,zero____,____7167,rtm64KOIK4UE0saZw6GBQPeQLYw2xZOVHql
621,621,insert,two_____,____7168,aEAxkThEwrx6ISwDPn2yjC682uCrr3JgW
621,621,insert,zero____,____7169,XxywDKOiKzYSGrg6x0pS3NLa3Fo2sT4KCsY7
621,621,insert,one_____,____7170,rsmNb8FUGSjnlTrNdln69FYen1iitaku
621,621,insert,two_____,____7171,OHswkL6BvCS7ZgyQksfna4xjq8gsKnHvWp6YIYvfZrTvZdM
621,621,commit,,,

622,622,insert,two_____,____7172,mt2eRPiPkJopgOmcswlrAxI04NeMpYu0CfJOMAfmLN7EXephVbfXMXMl
622,622,insert,zero____,____7173,EEswXzaiVlpnhmz1FUeYFcx88FjrfgcLn
622,622,insert,zero____,____7174,3j3IX2qBK0CRFUX8gKmjxsBtGg5kCrXN3gmqIA1FVRsiLp
622,622,insert,one_____,____7175,kua3flI9DPOkODB74xvTO7DrjDuJXYudqTeMeqtbjq
622,622,insert,one_____,____7176,qOUDEz48l18Lm4Pdcn9dF9V53PlnPnf05SdRfhyoxbUBdw
622,622,insert,one_____,____7177,yP4veZBv0pSaSICdLdw7flRqX9qfGal7
622,622,insert,zero____,____7178,bB4QCfKeHmGxRMbfQLGWSY2gkTPLwqBKupca5iZ
622,622,insert,two_____,____7179,GFEm7OLUNPQOAF9ByMwdsyjFrRyU8HvwLlN
622,622,insert,one_____,____7180,KGJVF07Chg3qHPH1JBKwZvBrqu5kPoUUlevejgRtVtAP5G
622,622,insert,one_____,____7181,0gsdPgN1vgdob289bE21euRkO5m5qDTWDEJ5ER0cU6WE23oG2btPatZOS1JQ
622,622,insert,three___,____7182,gCzBdeRUJFHGdFb5AKjaIBvggWUtEAlhKghiclaQ9XPneBsiRP0XM
622,622,commit,,,

623,623,insert,four____,____7183,qSOfUcIWJG2gNIm6IClUMyx1L4TKZ4QZnu36nxvpy
623,623,insert,zero____,____7184,NlI0OsaiPjmQazIVe8j2S1aCB93XqiPmx0QF1LKF
623,623,insert,one_____,____7185,J7hSk5zp9C34TWk2qUx7gRYnNti7IyYZ9
623,623,insert,one_____,____7186,phUM53Z1QSEzO8r54cH0O1UEAkwLh0nxTmZ1zDF1gF
623,623,insert,one_____,____7187,lkOhVT98ESi5QDBzbaG1MAT8Xu12n7qYkMb
623,623,insert,three___,____7188,WZWVLsKVg393ZHqJaa8FXELqMHcMQ8rg4mDubtnRcEnZnUbOfx
623,623,insert,two_____,____7189,zCTEJmdOlDRCqPKbzR6AAbI2NZX0jQHU6SGdKHfRBzghIALfBgUiq6TvgSA0APEC
623,623,insert,four____,____7190,Gifau5hIU1LGjYI9sN0X1n7ENcOMkw9J4r
623,623,insert,zero____,____7191,W7Gd2Yqw67Kqo2dKSATCjfkUVJ3kgAIc0A8LjNYNcWykaUGjCZjGZepTu
623,623,commit,,,

624,624,insert,four____,____7192,4B1hTfWXxNNauZE3EpkRss4NE31TnBHLRq4ScqD6jkYgBWHJz8XDNDxW4PQKx00x
624,624,insert,zero____,____7193,2up7w3D0ZtxRZ7zJ9kftqo7zeqSNSj6tM
624,624,insert,one_____,____7194,lg8T5sERLgEujtf33l2opZd7ipZwETx4MrGKpBb7Gj2WoqlL32sOjB2Hta
624,624,insert,zero____,____7195,MXhZBODBHebq8pfaQN1vG3rg8QzJG4VF17Aw5
624,624,insert,four____,____7196,nqnU487nE6KePYNuxI7MEvZ2o2wTMzddiN5hWSLJVr3aRssLfFypv8SjQ
624,624,insert,zero____,____7197,iYYTwiiMHGnNdLHfEqa5lBFf2O7mcLpfBN8V69FOShQjddoJMbS2wIN
624,624,insert,one_____,____7198,KRDy6AVgD2aSUgfYF5SawHVXPAjCEASOTrXimBb42YSmxY1hqP
624,624,insert,two_____,____7199,dyOQcMIeykGOB2108k1Sh644Cvu7tkmL7oCHNDwR4EWegI0X6UG
624,624,insert,three___,____7200,uUhUk6ioBIUQNDNBacriutN2JbbVY8CquDtSDKJ3NXHTJJopiwF50BH033T
624,624,insert,one_____,____7201,FOD78yewXD52tC7T2XAm89delT6551TxsJnK
624,624,insert,one_____,____7202,eTGUl1ZpOfiXSl7EEYTRNkddFqPRs1sr07RlvzRXdNsSwxrhIhZFo3jJAAwXr
624,624,insert,four____,____7203,55mx30lJQ4OvrIMkAbRXebQou16q0aPCeRGTSv0Zgpz414EMPd9B70b16u
624,624,commit,,,

625,625,insert,one_____,____7204,c3B0UVi1XE5MUrkTLp9uvW4azpxim9K8HgkM4LD7FXO54LH6Xe50Q9TtRVwWIT
625,625,insert,zero____,____7205,SBmdQLdKSTmKWWd8vopS102ullpLAgMoS4H7b
625,625,insert,one_____,____7206,Aa02WDaxEWKJX3ZNJnx0U6CVWo9x0MeuqRTQCee
625,625,insert,one_____,____7207,yeD1MI3qOq8s6dOCjhHm15eGO8yfurx1XkEgfLDgxcpn
625,625,insert,four____,____7208,fgY7tzCxgdisZpEtIxoj99vAB2aMEUGWoMmv8sj
625,625,insert,zero____,____7209,7qzzQenSmZZRwPV0BTRfi134lC7pfZ7eyjdjPcTuRpVNTzHpBc3J9
625,625,insert,zero____,____7210,sDK0TjBPlQfMj9afttWPJWXlo95CAGISPajU9koEyGq5yAf
625,625,insert,four____,____7211,IcY13RyE5yKIrflfRSiRBwWm0j35pB1FQ5Uvi8ixghfBxJ4ahUUbyZ3xBT8Zq1
625,625,insert,three___,____7212,MA8bxIvJIB1QMVlmkYcm2CTdQgksGvfBuL8x1YKgcvxj9iHNguvV6iuQUCS
625,625,commit,,,

626,626,insert,one_____,____7213,5DR3P7sjjYboAYAZ1SfU7ttA2oQy0A5I0XPFJtu4kB
626,626,insert,four____,____7214,ITzTK9BYaOwMKhJw4zLhoxlU4hRuKyB6VomXgqRaKK522GzfIP
626,626,insert,four____,____7215,eXfBrPNyl2N3K3I0SPScwGfAfkdQbDqwpJDOLk7F
626,626,insert,one_____,____7216,JmyHXcHx6UryjE4ZgMqHylyPzL0VNsGzyaXhOoCx0pkqaGe4ylBV1R5f
626,626,insert,four____,____7217,AihTWtvnvLkMnRpqTwalAb5zUNAmILi9A6FUba9Yb357YDgfhdZ6jWPQd1
626,626,insert,four____,____7218,EceYbHFbRvZ1O5LJKFkRcg9be8Dnit1HH3xFWuSbpqfc4JAPzgomoMXTy
626,626,insert,four____,____7219,7pmvoDAmX5Agc5MSU50RYAVLqlkwfBdqlj14K
626,626,insert,zero____,____7220,BrCTtTNGaghDIuLWzwS98h7OeF2A458qrjwKiwZFQYf
626,626,insert,one_____,____7221,IHqET26belKuoSSOHqmgGhNzNbmNt1kliMISoXz2UVX40gtRHUz9MC7
626,626,insert,three___,____7222,8GMg1vnCvwk31sAmZzFlHosMSbV1P6OXchBoPZlUMN1y1qSauMz4TZod
626,626,insert,three___,____7223,5UYrYQihYgOq4aqDsp25HtFbydrtDENIacXd0fp4r8ShnqSyfL
626,626,commit,,,

627,627,insert,two_____,____7224,kWx0MiJOuC0rJDrkjWzDnf1nIIRH8JLAF8yt1AdtUTF3KJQf5soTf
627,627,insert,two_____,____7225,0ZXFICHO1thflFKgwwTE9dtcrclry5lyQS2J9dXP3zOFJJG1KywO1GHJnv1
627,627,insert,four____,____7226,mGeXummTluPb1kRJu8w0578C8NWtzFrNe88NFpZwMhjiTqtFOCCaxbiUFdq6mfG9
627,627,insert,one_____,____7227,jh0rOPXu2VymJEzpIKaxu9h8yWu6sdBxbnnn9sOmbW1sn5K6h1JUKh4StA
627,627,insert,zero____,____7228,Cp62AmHF6gUfLLsKOaYZvtMfEzXa0tVPC9EWMVo
627,627,insert,zero____,____7229,moyQK1BYz13CvYt7v4NfDqrgOx95cooZOQpcPyhLZFGv7roK8i480s
627,627,insert,one_____,____7230,uMR1ApHDjJyG3OlFzrKsnZBTE0qKPeV34K0
627,627,insert,zero____,____7231,HXYuf3fU2NzVyGoOMNs81bh77tOW90eJjyGba2hZSCM9QEgGst
627,627,insert,zero____,____7232,yY6JS0MdwHxxa83WUt7Kego86VlcsWTGnAw
627,627,insert,zero____,____7233,ytfxJBR4A8FD39dIPbnaxMsInTnp3EDgnSG5l7nw5EuiLy
627,627,insert,one_____,____7234,0lhOryPBG5Gc4tPiilHjn9W73kfOFJt2Kk7WhjQtFRjxp4CQLPple3Xe3b4Wsuf
627,627,insert,zero____,____7235,dVPtq7dtnevdhrsxlg5WPyzAvY62bNGqaragryOTVLSTIOTXfsbOK7
627,627,commit,,,

628,628,insert,zero____,____7236,54BK5axfbrOqiNohSayh35FsjeF8k9JcqM79e2
628,628,insert,three___,____7237,D16mmZeXdDdSj5XpFrOQOhQ5zULb8ztDCoP3nWH6pAXF7IAu8XxNN2DdyOm0tLV
628,628,insert,zero____,____7238,Ahn4qS38h2i8qKwBNqk0emsjSRbnPhzofAREbBkfD56I
628,628,insert,one_____,____7239,qasYV4PdgfvJ1y9HQL0J5J05XfydsEmc6zLuhuY392dWl09uVn6FQSWAM
628,628,insert,two_____,____7240,XHaVsnBo6H8dfcAthfPSXjvqTCgi7s8wEpkuKvJnY8NNqXovxUIPNxm4K
628,628,insert,three___,____7241,SDROTFqNyGtXvf6O64TDXbSI19kCYdZvVQ0qWSpniq75eGl5nDev163fLJ
628,628,insert,one_____,____7242,gWFAePV4iHA3FnwvD51RVa2T7rek4Tja
628,628,insert,three___,____7243,PzhoUhfKCHzSraMmRCNokinTCj4RxZUZBSuoIVfQ4f83uM
628,628,insert,two_____,____7244,S0re048PNYdwVoMpQ9AzvguTzIYTlfyfosXYm5M0HHhgItzYX
628,628,commit,,,

629,629,insert,two_____,____7245,ZlJ3Op3nkvBMgqOVd3rkTJsJ8wt1NW29JCNCwjJQYKIKCjF8are
629,629,insert,one_____,____7246,uW0mB3a0ZwW5xWu6LEryFn6p0pmaqd5JJZSixvuL6
629,629,insert,zero____,____7247,kARg480M4rGSvN7jZ2CAGaNMN740q3iizjjmmuQUep4
629,629,insert,one_____,____7248,ISNbMHAtn0tFRxwmn6J42b7u6FzrVKbHE8av9nvNXo04LnSKRzdFdcWnsn
629,629,insert,zero____,____7249,SOVsp75qMgayDnUJKJR7Zmy9V8CMpTusxQ9sPpv4u
629,629,insert,zero____,____7250,YKezoZMBpK7isF3Dm9ZsgxPoGcFRitI0IojwMJs0R51WN7Xm5D1gh
629,629,insert,one_____,____7251,ht5GUScse1OlU5Auj6RXNh8gZPcWhMyZHiYwwCzhz4
629,629,insert,three___,____7252,ujuHJDyDAzk0UvZzu27PT4hGpk5rnOL2TnJRSI1TD7rp8k5HNbsgBl5qMZKpUp
629,629,insert,two_____,____7253,BaX8C5OFYTYzNhe6C6VwJyxZ6MMb3F5f9xeYZT
629,629,commit,,,

630,630,insert,four____,____7254,xrhGpddHkJOZ6eV9qzeV9lUAbjlGPcaDLD09G9XTbFOMbV8xMkbpMzCPDQ38oW2J
630,630,insert,zero____,____7255,b4a8cXB6r9thAn18yGKiDn8Gq2vVplBsG8Qz3PzyciEhPOLm49GFSo
630,630,insert,two_____,____7256,hiU8gRPgIVEv1uXGfF1yWFJIdITGLDD10kQYt5dnliN9CV5vXF
630,630,insert,four____,____7257,531knwHhzhWrGv3ngw80z1jKiVzb2bisnb3wNrFkemLm
630,630,insert,zero____,____7258,VNijIdbtS6D7dwJk0kyyYpdeSaK0xRkoUUi
630,630,insert,four____,____7259,Nbl4VkUOGTZhZR6o9TToWj8Ajr9a5Yas
630,630,insert,four____,____7260,9xf1sLC9NzsytoONre2rPcXiuMx3R7pcwZAXw7vNg9Z0lXHR7g1qkFN9p
630,630,insert,zero____,____7261,uo971ignzYPVFcCvru3PO0TSEosNK7wN8Sxosn0V9jfaE
630,630,insert,three___,____7262,cXr8TiFftw9XNttXfchfBRQWiBhEnLgMRzUL2cl3XNtm2T0ZrsiI9NWc
630,630,commit,,,

631,631,insert,one_____,____7263,lGeAuch9MmaOQ5HOF2j5Jo9nZTzM4h7cfavHmR
631,631,insert,four____,____7264,TY7NJ8mZAsBHRdf3cRkR3jiJXpGvEJxt54Tm7yE2
631,631,insert,four____,____7265,Pe7fylOJ98xcuPeUxwDFSZdFhF31Osl0RLstDx4pcBeTY1JnH
631,631,insert,two_____,____7266,CEsXLg9DZMvjwbRgjTtcnGGmBqvJUZQ4XyEbdFPZlE
631,631,insert,two_____,____7267,XEpf1yOMWNZbyrGRQK79CyQuzSDZ7y2JNwnpTqTsL48fdWw
631,631,insert,zero____,____7268,WhJhpyI6MQpiBVXLBvrde2m0cCvPckUPEAfR62gpKWJBk
631,631,insert,four____,____7269,48R5lwYQFjkVBYypzMftB2mRk89s25ZzdqposJO
631,631,insert,zero____,____7270,jCSgYDudI9w87w80x1sQiMkM1tFa2TlJLSwLAIlFo
631,631,commit,,,

632,632,insert,two_____,____7271,EeCPxxAbY6cnaIOdSUE5yoV2DQ7Qr4ZbviWkOHeWIIdn3F0el89y9kiNOYO6i
632,632,insert,three___,____7272,IYdIbJ43XN30CDLxFzLCnw7uXHdrRvnfzcYH
632,632,insert,two_____,____7273,Qw1EgdcSg7w9iEvPcociror4hq7YUrmvkJ4
632,632,insert,one_____,____7274,ng9kYUns726t1qbHP2cz4SisKPH3DdubWHWF8nXBMxiQOZRIKCMdiI7FCf
632,632,insert,four____,____7275,fv5Xm9WnRn3UJgbFb9Ui1eprVaLmJiJNsI2QTTdJhpYggHTnpyL1yWoV9I2AyF
632,632,insert,zero____,____7276,irmyBo0akNv5eMyrTNdUVTAJDVPglYDkdtK3w
632,632,insert,zero____,____7277,8tDn7LIfqNSwzq59ujnCNYk1pWvvuYgoMZyiF
632,632,insert,two_____,____7278,w2qddb0dlQiVNKPsSvYXjCofSbRzbdZKkpeiIuLDB
632,632,insert,one_____,____7279,qBrXmj7QO3jOqijmK1VYNTv1qFvSIPDBnYZ84mF1k1wR
632,632,commit,,,

633,633,insert,two_____,____7280,Airb1BNuDtWBSBLLW2gcdmAsi0iOWJ7Cgh07L7nYoa756fQfshlu6WQ8KvIp8Wj
633,633,insert,four____,____7281,LWt771nrbHizg909XukYQtBwT4zQfjpY1ADgibqNHaV5xicIYZRZznge6WD8x2Y
633,633,insert,zero____,____7282,D7fTQW7IodAzE2lsvEklKlVjM3QBQ1FGfGQTG8qWGBA0
633,633,insert,four____,____7283,9rRz7rL6YC8VMBN4EZU5koJNQUY2fyLAjCORLMtBXm4N1EIpLB1MOEo9pstrS
633,633,insert,three___,____7284,xk9pLoDeGYP37McuikchY2UAJrxMzEejosd2CZfLDCtlbKtYb7sWzm
633,633,insert,three___,____7285,9nEoDQwGJGOzXMycDgwniYTKGmInqBlIUJtUG7XVAGwsS
633,633,insert,two_____,____7286,z88P6WVo7Dex5GmcPpxjBafzg8bnImHouZSWmDCSGcK4hz
633,633,insert,zero____,____7287,iKgp7B4hbLfQpFTCh9ymLbplHg6LB1tvc6vsGq5ZG4ntxQPkv4
633,633,commit,,,

634,634,insert,four____,____7288,iJrVvskvYhUdSGz7AieboRACI8apfWjfLiFa
634,634,insert,three___,____7289,Jgv427fbps3NEHmasCM9fiBg6OQ3yXeiDYPi
634,634,insert,one_____,____7290,HGi1Ew8HtMc2wui8jSCfaWW7F5ofZLrt6zRmpeuGSCVoPkDmaR62nS0LH7xIz
634,634,insert,zero____,____7291,5lKFa7UslXvLjjFVeCLjMa2sGvrqx0AUKnjjUkpRTdQ
634,634,insert,three___,____7292,87yxMNKInl5nKb9szOHpAVjzj7yzaBE3yFvRYduOo
634,634,insert,two_____,____7293,h3WQZGTiy6dqMPiRbZEqgmDKOR0Tw13WUu7h102S1VfChzeIn38Mhxzewbs
634,634,insert,three___,____7294,pJOO5gcKvPOwxGkIide6Y05FU4mEM7voo5q
634,634,insert,zero____,____7295,WBcWm5R8yc1fiSXyJG6TGwWdgxsGnjEpZdva8o4I75a
634,634,insert,four____,____7296,vlBGylYnUrUEVv37tpNYt6tCGw0hGS8s
634,634,insert,three___,____7297,s9cZl6IXFDK9JlBZFEtO09LeITBWrLoGdpbYc4j0ug13JKqXRoy7nFbP2ISrVy
634,634,commit,,,

635,635,insert,zero____,____7298,Gh2vDCFPSLOdyM0XsCwYhxDgToWVbXKaYJ
635,635,insert,four____,____7299,jgqWHL4LrvyYlm8xOFRmjeE0gGGWWy1WDZAn
635,635,insert,four____,____7300,PxJ24fbkWHGPevQdfyDLLv2IftC4gV44ooQgplEBvP85SWea318ijL9qI
635,635,insert,three___,____7301,mkZMBaA0gBjtYfyTteOu5xLGtUw2D7qjhI
635,635,insert,three___,____7302,ndq5WeRbX4v2QYKQqSkdgiWMyyNPWnf8LAXUAlZZcGEfekKVa1J
635,635,insert,two_____,____7303,MzlfLb8jGPj4Jb48EWgouzWmZee5XbSguCM7ZaQYiPfAqginaOAEy8gMsLDhfd
635,635,insert,two_____,____7304,eD8tg0fsNNcOoCcBXrDU1p6TRsX0EZ6xXtl3d4xUaFFxq5LdHsCgz6ZdUl
635,635,insert,one_____,____7305,2DTRzdntpYQqQxKglFV3SGJ7PVoGuAeo
635,635,insert,three___,____7306,ZBpnfeNeomkoIMLmbyCy2WoR3SQTt2m54SCaUZ4Nx
635,635,insert,zero____,____7307,F1VQ967YlpuHxBtTRLH0ZUCBviGZenUjY02UvhjObKm82kfWIOVDEdtY7Q9p
635,635,insert,zero____,____7308,GtYOTYHhE1q4IgzfY4tPbdBs3WzjVDsfUzfXII7wOjypMBg8u6
635,635,insert,four____,____7309,8zp7OqZmaXhz4GRi3Ij0dasonVMSMUYf4ZMEkozefjUumy7oItt4Ejg0
635,635,commit,,,

636,636,insert,four____,____7310,MRnO9fx4Vpu2lQpADbavHa9QGB4op17a
636,636,insert,zero____,____7311,6YJrXM2p58iBdNjbGXF3GRmn0Wq24Hh6aMgRk9sDImLfj0xdmVF9UAALAcM1s2
636,636,insert,zero____,____7312,lP25GW5PyrgzUNF1KYZNCHg0Qwyff7X3dmaTO8fkaBQQDbHyoWBHiRFOPf92YEwi
636,636,insert,two_____,____7313,g8B1dScL80C4YrQ4eeuv3vGyXIMgJqJY5spmXEWaemXyxD2KPFfbU1AEjxid6Zl
636,636,insert,zero____,____7314,6xo13t1cT5rvntrpduacCZKqHJaErMm0kSe4AAD
636,636,insert,four____,____7315,eDpFpmZeSLEjhMLX6fPmPtxQrWzGovFPAN3Eg
636,636,insert,two_____,____7316,0WrUzCR38MOTt0KmuDkV1JmF4EnXoFX6BCOtjz
636,636,insert,one_____,____7317,YLawdWBrQCigw995tdayZYBPFVKmOfOvt7F0viVIs9aes9C
636,636,insert,four____,____7318,cHG5EwTRCTJuH8WXJRgFGFCB4ItHIO3DQtesJ3KvvHDOZPE3v6ch6o
636,636,commit,,,

637,637,insert,one_____,____7319,yns7aP9QwPFX1ZqlStuPC0zgYJ2PX9ElSxp
637,637,insert,one_____,____7320,rjhA1yn5ElcGxc4ykId6W4CjtNl4m1GvQz5cEgo39f515SUTFJ5zdkXpZHN
637,637,insert,one_____,____7321,qVSwvu8fVPK6FaEFLeC6KKKtdStfJGa2blS2hFHDb
637,637,insert,one_____,____7322,5wtwulnDO1yM8vlJrKwKR7flOArOdHPR3OnXhkEETTKdolzPV7dv4EQ9NcR
637,637,insert,zero____,____7323,wMBvVZvzH4CvdO1tzF4ESVXwx8wQ0ZQVHO387NeSw
637,637,insert,zero____,____7324,C7aftUkCRawAOctz7irSrDenQuU6ihSUZY19tufkvWNslI9CNbqTUjI
637,637,insert,two_____,____7325,h28zolkKkxHc20WVX4y7RO0fFRoBPUwbfGI4Zlk05i
637,637,insert,three___,____7326,hWyCQ0FSG2UK4HMWNc9vbgPOfVtYW2qdI4wpUap9PcFRdg
637,637,insert,four____,____7327,5vFSGkgjErjD5upvlsDU6yjU7XrIRKORYJeTEyYoK0HR1xw
637,637,insert,two_____,____7328,lt8QKHOqxqJiP6wlwf1KDFul4LAqvgKnbYRDtXedgbMpE7CdkTK9Yi
637,637,commit,,,

638,638,insert,one_____,____7329,DE2bu09RBZBLh7Wn4JRH8wHJolmHdS8cxG5dBSJJ8pW4X
638,638,insert,one_____,____7330,gC80xvVbwMweV7E6x6Zz2kditarGqGuVtjeF8JMV1VCOCk3Y8w5UuG3qVl
638,638,insert,three___,____7331,H4II0t4XTGxtiMA1x2SImqzv9ybsRicGm8q72sUMDUI7YXnK6k4LjhtRgikSA
638,638,insert,one_____,____7332,aCJMknUNnlFaEu5eEKvx7Xe15UtqJVDbJeBlFZ0jJuT1CIqn5mKtQCL
638,638,insert,three___,____7333,HDDnV8xqz78or8NJ6RcyhboEDC4CEd7ippiwy5S
638,638,insert,three___,____7334,nmKPncvYWvVRKpMKB2QPgz2eIXgnDNuv13Wc8UM2OCZNSi
638,638,insert,one_____,____7335,CKuOFbTisndcVzbi5VY5raDZFrQxX7YctHnC0RkHIW0sSEY
638,638,insert,zero____,____7336,RQy3CXdVSu88Sf3Qs53M6fNwPh0YQvkrtphdBC
638,638,insert,three___,____7337,vm2r1JEVOZgsSj8hudpfOQBriPxnVePQgiMLdiXLW0vhVnaZzob062FhKOnlv
638,638,insert,one_____,____7338,qThEJAWgeaKy5OgRlB5vw4sivsLxvTllrQ6xCi
638,638,commit,,,

639,639,insert,two_____,____7339,1Pr21Jti07KsTkGB4gXjEFPa2mlVUnAdGshKFx9w3Zb1FX1ph9rSh
639,639,insert,one_____,____7340,cCKMcv5tNWkA2OnoTb9sUNeYVTzHL2VXhcD56bMbaKpLqU5mo
639,639,insert,zero____,____7341,QNJSb5beTaZGp2EiQDglhzEoXwhuQnJNqVCbFMFgOVkTlUi453uUMfAy
639,639,insert,two_____,____7342,27xMNpvom7UTijxAlMIVY4sS2HQqte0WkmaLNDE5gFOn8gxpNPCXHzv18DVRu
639,639,insert,three___,____7343,WUf0Cnw1AkYjmy1eb4HG4a3biJgzof06yjIOJDUXP
639,639,insert,three___,____7344,3AOyTnfmzIYfIxAVx45v9l1dUVyoY10jIAk7NEEHTQjUuvih
639,639,insert,two_____,____7345,GtL7xHR9i6L9Tq93Z5LFPiv9Gbjm1kwht3AL0avwCfutZQ41RqcSLnavGrIyoin
639,639,insert,one_____,____7346,TKiEOaK8XWWYX0Wpi9kVgTLQoEZJDrg3ZvfXfvqh
639,639,insert,four____,____7347,nSUKnYLR3mcg2U3wlDOfi3VjcF5dBqXNAQJq6b3M59e
639,639,commit,,,

640,640,insert,two_____,____7348,N0Z7Bwax0jmZ5McLnMZHQ8uD8myBl3zHK
640,640,insert,four____,____7349,JEgCgQBi9RC6LLWol3f0zxpwomtXz2DTr5aJjUG4DqYndBFCru
640,640,insert,one_____,____7350,MZMulWds7ffZi7OiNcW8bOMR4HP2bNZ78AFRUtfH
640,640,insert,four____,____7351,tZ7dPEZs6xforNk5x7oclUkhuudScrDeS
640,640,insert,one_____,____7352,4wuSNVFVQajJV11WJac4M91PrGICiET4aoxOW
640,640,insert,three___,____7353,5qIazvcF9f8ttMXaug8uc7quyPTRtw813KG4hM
640,640,insert,four____,____7354,vPd4CqSFeLGxI1QtLtQ2e3H1XSH9CWR81IrvEUE93BLzbL2RDBKf
640,640,insert,two_____,____7355,rkFRTjSCWOjMsQq27jpDIZHoiJTqBZA6kSKmwRvaUvzRJAakSqlWzjUwgXE1Stgd
640,640,insert,four____,____7356,0SSKFGFR5BUeVgcz8snlHARy4nb8meaFOO7h6
640,640,commit,,,

641,641,insert,three___,____7357,dovBck5BOgzIW3dYPaaPISxHzszN1eOS
641,641,insert,four____,____7358,upiOGpBGBvyVfNsnxR9rn0vsIlzdixh2hkkRPW469Pl
641,641,insert,one_____,____7359,Ze7EXnhN8nWE6mgyJUMRSDakrgOXmu081fRr
641,641,insert,three___,____7360,YoVXV9kEURBgk9QoBzMrhWYOYaVE0WPJqxpAD2eNyouG5nMri99oUukq
641,641,insert,four____,____7361,TWn9SHe9mGS13RynI8r1brs0dRMjbgtJMicEW26E7Hpvgf01X3MJXbfSk1Bu
641,641,insert,one_____,____7362,pIGeSeTmA34o1ol8AwZQQNF514h2Zvxg3AVpotXXzxR2b53S
641,641,insert,zero____,____7363,ognv436NeCb8d6H3gZrXG9UVJw2ft4qgNORiykXWROk9uBYFd0q
641,641,insert,one_____,____7364,Y2nLqa2VDa75htA8mBlW0IuaYwXkUhWFwWQwkvwSTHi19U3OydkHUBpK
641,641,insert,zero____,____7365,beTacqRUnrZtPpdO8QeRdZFGXGhObwaURvvhJYjMiSxv
641,641,insert,one_____,____7366,fpUI0w6lIbpQ3g4UvmVbwVccbGZsNxdtUV9sMchr7j66ovLFbC53gSEkE87LMOgh
641,641,commit,,,

642,642,insert,two_____,____7367,8huov8piJIucIfpVYS7R40vUfRzI6F87YpqW3ku3M7ju2JuRqD1YRbN
642,642,insert,two_____,____7368,AFBcVafazbbavNF95TrNkGTcSeJwgjDseJJocc19YZyMX4rINNMqbYJTQ4X
642,642,insert,zero____,____7369,crvLXEDBwGjfNw3ugVIVAMdcMUreXslrMGEMG
642,642,insert,three___,____7370,ML6iU702B0WGLSeaIFU4YH0eA7sOFNL6w7jdUqDUY5J4G5ZBm9x97n2xXSBTG5a1
642,642,insert,three___,____7371,YU6H30SopsVTdBY0v0P4mTC9rJL2kZFp6ZOLJCxUaLFuU17ovq4BD9uE
642,642,insert,zero____,____7372,0cKIWMNgcQziKOsUi5pz4WbgVe4dajLORgVFyqLoDwxPW1eysbajiwFVZiO
642,642,insert,two_____,____7373,sE6iQ9MShc2VFNaRP5wYUve4PC7TM6V6tkYIH4V
642,642,insert,three___,____7374,3J60NAjjpF7KHnyOT45SexgBtIkog8PnQhu0CxOigeZxhEjE0HyOJN1C3kPHTS
642,642,insert,zero____,____7375,ZhojDZwhqfyGtLdlbY8SDjxOLkMeaIULu6LNPm6m9d
642,642,insert,one_____,____7376,WSpLVBOezkYEYqqP3QeWf2c4jR1BZXMz
642,642,insert,one_____,____7377,IzLHMzyQTv4Zc0zOMYxW696ZAU59kZT6KiUTFdh
642,642,commit,,,

643,643,insert,four____,____7378,WRnYkBbwWRH4MLrtsI279odyyS89GPTRryK5erX8A5gNM
643,643,insert,three___,____7379,xnEV39iQNj6f8rBrCPTMpHwLjOmdkLbemLol75qFYGF8tC3
643,643,insert,three___,____7380,rS1dAJ3XqgQEW86Er897joItpGy7PxvoPXJncxXJn9J4mQW
643,643,insert,four____,____7381,posokhtmPFKeavumfE3uEgTFH8kmnD1UtKLokPr
643,643,insert,zero____,____7382,X5zQm904ZDlIzMyoaqF0xfnu0AdT6Hp41hgMZtBcAoz85BmMSNPDpUgK
643,643,insert,zero____,____7383,6rsLDHPDZGGsmIMDQmKAwr11hpgy29dGavnrwv2jMmjsd52mp
643,643,insert,three___,____7384,gFLp8xSBioJJl6cBaKsFGe9pZRrFOMHWXYEpZMHTFWaKwDr4tH8gSu
643,643,insert,one_____,____7385,l2wXIc7BXZ5hrICspJch9DsDkLpBf1ymD2AbTfX
643,643,insert,zero____,____7386,fe0U0U3GtTq5Z93ywx9VE2KDbwODOElJKPlA9bis
643,643,insert,one_____,____7387,3COCvTuCWZyrEiSLhhoQp3wvTIHIP4nVWS
643,643,commit,,,

644,644,insert,zero____,____7388,GfEXIPr3aDSaZ8hV7RtS2iNpwjGcKVZvfpTVP0AbcOizoo
644,644,insert,two_____,____7389,h1rYB4XL4xT2aYasoYl8QSwE5SBE1fo6ezkKmeGc3k8
644,644,insert,four____,____7390,zxiMpzisBEuDHjq7jZZHAB1ND04KvPQsvimrHVrVN00O
644,644,insert,one_____,____7391,mdkc3vSnPTmOLLoMZ0j9sA7YtZRO0Rj6xMbIKTE2n1OYYCk84
644,644,insert,three___,____7392,MnlMPXO06HK9zX5pkbGuI5dcoKyBplWfB9QqUf6R8
644,644,insert,four____,____7393,8ywx9IBeNo6tl66DnJ4EWnCcuaCK2HgoZaK
644,644,insert,zero____,____7394,VemVWSHcXk5xhZjvLBH196kqSLShPsQgZYukAPma0TE89NloJNwB
644,644,insert,two_____,____7395,3mGhsFrcr6gXklNZgicutXxk73rPmHpdc
644,644,commit,,,

645,645,insert,zero____,____7396,LkhfNY4yUjY27FF8uSrzlTLbZmXa7tvfwMd8
645,645,insert,four____,____7397,6QwNcBWNI0KTjVogXR2OrtkWqvOyYhP6XKHvJL
645,645,insert,zero____,____7398,kjNHBwCIUXVOlpUQV2vPAkUjRfj4pPzZEHOV9mtvIdz0QT8F1HW7Cj3
645,645,insert,one_____,____7399,xonGMpIUWalCMPQcow7UuLiTweklSAFZwRfBHSQ9rSJ6jAO9ArdoXn18gMEgocP
645,645,insert,three___,____7400,hSUA3mjblCKxePkhiNLDssYOV0fnxMBzDZ
645,645,insert,zero____,____7401,XT45Q7B8txNK6aVLvkTtVXNbgsHDMoE80
645,645,insert,three___,____7402,NyCL5JjIsMI59RhaWFy4V0OrDSQlWwbdda3hXml2osomzYFogjufYKrOD8
645,645,insert,four____,____7403,BcWmvrFOZErz8nw3Ipgo78kyIWiW6QdRH
645,645,insert,one_____,____7404,hy3QtxuleetchGKVQA1cm1ZXdYAtTQhGlfgDVpxE4yMh3tD2Ij3qvdsEs
645,645,insert,three___,____7405,NlndEKn9i02sX5rQ5kbU8uvtz3IvTVcLyDMR9R0im
645,645,commit,,,

646,646,insert,four____,____7406,D7biFN3wDi8fEBg9TnaJYmXIGyQnTYGvKA08fbn6W1CZ0e5Xa5LIbKEIPR
646,646,insert,one_____,____7407,xrNIzpr2ljNSgouhc5AHJPRuUlDLqnBVSzFhbbCPjhGvmPhiZt4aY
646,646,insert,zero____,____7408,xmAxtWOHKzk3QGXTQOHAq4tf7fPBOCf5uJMqZfRK9Ku0kqlXiyiZKyyj
646,646,insert,zero____,____7409,qfB7BLWJ9zoIxYgsGQciL5A5vuld8lXocaWROwptMDw8XaJwbu
646,646,insert,one_____,____7410,jkk0kgmDppv8v71w0EXeMHt7Tp1BY02uMMHY6bI2f
646,646,insert,four____,____7411,WioafLKdyp2s1TXRpzH7hWG7I5MnKdiwtIG7c8Ib6NL
646,646,insert,three___,____7412,7HDuUmVCHjDt9LfovBmRGPEzqknxihpAXiCTIgnPzxN
646,646,insert,two_____,____7413,ln7pKnlGGd6USg1epRc49YEfOf88Lc6UJ2Gvl
646,646,commit,,,

647,647,insert,zero____,____7414,Vj8AQIYDdWLLc7jOp9ZQOfQK9jViTz45Luz6dVZae
647,647,insert,zero____,____7415,yAdhtMqSgoGzVJ4DrdTNJURCK5QHyjGGMu7TbvbfAjQuxX
647,647,insert,one_____,____7416,Z8xsCJ5NYNIFuewzQALghO6DeZpuFstyR8mw0tUJ6
647,647,insert,three___,____7417,gmYFFUGLZQ85OFyc5PRiYgLa8NJdwQR2NAZFFUtMm20SXyc5glV
647,647,insert,three___,____7418,u5k88lkF3eauwfZz70YDzOrbalcaUfs66ZXKVQrtMhqZDDUjFB
647,647,insert,three___,____7419,ziI9pPKbCXypvW5ROiEbxZBpdXbCa1MWNKbmprqoU3JS8Lv8M3
647,647,insert,one_____,____7420,dsgRLabFfmxhkujp8hzdtAsRf6hNVPyOPySF3F5RimLYHLZWuS9yDJtWmR
647,647,insert,four____,____7421,dBiPVR4lY4ri43JSlO4UTCuCowIqExNLGRWYrAlRxelgCuMuY6y
647,647,insert,four____,____7422,p46VBtLhfYhQx3ExhlzKVbW65fVafIqB5FR2gjkleuLFq
647,647,insert,two_____,____7423,VIFazpjYMLttU8ZJ5CODmFBSRof2BH7Phq6VkNk4LKZpbcqD5mD
647,647,insert,zero____,____7424,txjl6oD2ZLJ96BZo1tsqBNDD4a2WV0KlpvJIHU5hvDYSW
647,647,commit,,,

648,648,insert,four____,____7425,PqVWXDO9AjXYgmDKH2MryK3rGfTqAB9Bbv4h
648,648,insert,two_____,____7426,c6YQUhx6lAp0hng67yPTQ5DfDU0TdeSHetR
648,648,insert,one_____,____7427,MclhZG7RsI1C3hEcm4JoqhabIIKox0LF495M5EazKudZHKBZTq8X70V
648,648,insert,two_____,____7428,qPdDE2V9TwsPp8VCU7oAJayDZcclhVhpam420QCKac
648,648,insert,four____,____7429,C4Bcg0YHYY7j2z0SPDt3t1mqvcojBavp5fI17VLJBoIL8RbCAEih6qj
648,648,insert,four____,____7430,dH7Fz5TmTXezKy05YTuc4537mEng0X2PDefOruqI5y7d4m
648,648,insert,three___,____7431,DBjHKWEsLdQNThMIU7vOQ57jLrWEIwXszJxRWTDGvf74HaYPdhjmtEIy1dJsSx
648,648,insert,three___,____7432,89mL5d09hfCJBClwImvI9nOng7Ydme7pOjCfVMrxL
648,648,insert,two_____,____7433,MTQvCHMOP6RbYyOROxvvgqHhjYVmA4qhpolLVInBBukBuZ5gqXG1ONiP01
648,648,insert,three___,____7434,OJFHRQK5eCrsaxqnVfQrV6XruC62Znb35OGqif8ok
648,648,insert,zero____,____7435,o3ElgTcfemR1N7AI2Xlchtexe7TjUz2zmvl1b7gSKrfUw
648,648,commit,,,

649,649,insert,three___,____7436,wY4XdbkEjLbYZ5CwNyF1eBFPtOxySUjAsOKybfny3
649,649,insert,one_____,____7437,lN6ocSvipfmy2iAVoJRsKIIcuznhLwc6qX8N6zVfOFBVJqfq678Xp9P
649,649,insert,three___,____7438,eDjhvhqTxRBefeVr38hVsKw6Gzz1FZQrHX1emhNYaONGmExAIrWpTvb5lK
649,649,insert,two_____,____7439,oLSvXBNhK7twzKioPjzdcDaD2KA8EGUlzB12
649,649,insert,three___,____7440,ab7Ku2ZXqHFq7vRSF3BcemNnCXjxFyArVpLknwsHx1a4QrqdfGN6TTcQ732g
649,649,insert,two_____,____7441,JDSYf5CckLBGTAUwGxInePqqnzhBgOuq4hihS95AJIKiOcpdYo7d
649,649,insert,zero____,____7442,BImv18Dm85WAg54Dq1CatKAlXrv6C1asJxMKgkXze3VcjvzLEvfGkmt6
649,649,insert,zero____,____7443,R8m6LBBHNZZqWFBbVkpoOlbSDtL0Y7mVNLjg7rTw8HGdJgfqWwQQ4XcSk3fRdC
649,649,insert,one_____,____7444,yaxLtKvdYKO6tPSueuE7xu7MDnu7AqGPdOKab8Kr
649,649,insert,four____,____7445,WehVVGGJD8alFHa2YHMOrW0CzY4fw7aV1hLogxmAEOaSG8TGX6L2hVdNVKE
649,649,insert,three___,____7446,EzgrUNjzNIiCdz25UuLlCp9tmtXrZ4NNQqi7vYwcX6XGkfiutdrGKpL5Sgnn6e
649,649,commit,,,

650,650,insert,three___,____7447,cXdJHHk0Gs3Dpo4eziTO8jmaZUqvCsdaBi4SBUKB6HKrkSs
650,650,insert,zero____,____7448,iKC7rSSPAkM2Crvzcn5hSSQS4ktuTKdj8bji4XVUYJEGUKXIt5R184r
650,650,insert,three___,____7449,t0ZGU3j3im32gbu5dzhSIHs5Mkyp3uHYdGo6X
650,650,insert,four____,____7450,zCBu6oNFJCuK5mUmd2AVSBe15J1Sn6w6wQsAoVg
650,650,insert,four____,____7451,sOHCcWyFbESOeWGG3Wf3GCwQPz7Uvu5Nq
650,650,insert,three___,____7452,JWLVrLsE7QtfuMaXR5HAjZlKIhnrVCjfbb8C8dfwmUXQhESwbFjU
650,650,insert,one_____,____7453,fr5uzl8nMhE6sTI8tqpyVazTsNai3zOivjVSuJdv2rGxygc9gdFt4MA6A8RL4DbV
650,650,insert,two_____,____7454,OdLReWeDlzDeDvJdzuWf50D0QzfjAvsIDQJqwArXpSOvV2gSbb21jf
650,650,insert,three___,____7455,p8c5dw3a6yg9WrOZ1RO0I52sgCPUvMMY1BbD6QV6fzpHAocqo
650,650,commit,,,

651,651,insert,zero____,____7456,uxLviWIgAoDYWG5lt7eJ9pEKhahlFhNxyzY6JJVHxGX
651,651,insert,two_____,____7457,JCWWMYZdpHSuZN2ClSk37qFwK0UA05ie1AOxm
651,651,insert,four____,____7458,8W6hfLRmpDCv6ENvWkghBYqv3GSwL1t8yg2I1XxkOUpfzVaZ4Lzxvwbt1gBl
651,651,insert,four____,____7459,GVZRtCgZ0ZTOKK5whfcDcRFSqugEDwctPKDAP
651,651,insert,two_____,____7460,ctwSaSE2YI4PZ4Epl6qRkaa8LBorZRzavpaSl62Idfo3sQ9jy0mZqBws7NwNF
651,651,insert,two_____,____7461,IrcZmLN3WXHeHLddAPi1P048f0HWAbCrlUoije2H5DkOdHlkahZg9RxbgYdSgx
651,651,insert,four____,____7462,tNfNdefESvXKlf36uFZ5bI8P8VgumyRhwYAWDLJjFm06xAv17jX8au
651,651,insert,four____,____7463,nmCsJoZHSK5K4pcrsYGG7YVSN7bOkvcXRJMaVWCXc9hFy
651,651,commit,,,

652,652,insert,four____,____7464,MRxwqbgBA0J6J5XXjBCchMXkEWUDholy3SALHb5iQ
652,652,insert,four____,____7465,pzyVqnVrRWHDYgCCoaYkG0lLEQDkl8Tt0ZemugoUt5AuE1Cn8c4GJ5g
652,652,insert,four____,____7466,kMI5SwJq3NrzeYsPt5ZGXJPFfIglTu1ZKgAp
652,652,insert,three___,____7467,RfLcOeWSeyxwkwvKcfYarlbECML3oP0BKA4U
652,652,insert,two_____,____7468,bclGrcvjCiV52zsbcAmwaRro4OAupZsgT2BSzxJa2SBrQjmx576ub
652,652,insert,zero____,____7469,yxEvfZdCtxZpBOQZreaiAvXDCHFxKJHbeSF5PlumsTAyL4kI0
652,652,insert,zero____,____7470,5eTMh9wBhVUNOeMsB6fKe0BfIY5jYsJArvjreK3oqTUrspqMwCv28q
652,652,insert,one_____,____7471,kQNrwgiHMHWH5arD1YjkniLh9IwUeGcKTjYSZduXcBd0DOur28ige2fkM
652,652,insert,one_____,____7472,fqxksGfnPicR09EGHjbAlw2MwijhtGBAbkV6uOBSLYRvIWVvfCtj5
652,652,commit,,,

653,653,insert,two_____,____7473,vOPmhbzM8tDiUK2cGk1MRzISjxAcP94qcQqBmrUVUaxr
653,653,insert,three___,____7474,1LGMaEbUMORyot0f7VbTZydd4RY3WGUHT9luAFUSguQyQrH7WGwNSLF
653,653,insert,four____,____7475,r314R8cuG1BenFYcpSzSD0aj3KiUSoTtMPeRisCfaZeUUHcIb1UuJG63j9Zs
653,653,insert,zero____,____7476,iPC3rbYUzu17Rep0FRPKVZpkWWSyoKBMGpLiAamkTXg0z62LFo
653,653,insert,one_____,____7477,9d2fIM8a5qTWXJ1JAg6SUz1tBEFXarA7jRFi230
653,653,insert,one_____,____7478,Is45E396M6AJqDzk6iyxHO4VExCJWzfZ7Lb26Bsw0Eb
653,653,insert,two_____,____7479,ER12XtYSjjoK3P0yKknUZ2GZ3ffaKB1zIY4pnrAll1f19a
653,653,insert,two_____,____7480,662Xpzs52XUEJ4uGyqvhQf9oKzyTYZz9LFVI5q1qWTPQPFpWVmi
653,653,commit,,,

654,654,insert,two_____,____7481,mZ2hmp99qfVHkhBfsubfQIhf23R8EI4RKMtVYZvUiusJo
654,654,insert,one_____,____7482,Mg3y5UJMXYy5hlpjPWGUUSeHAgy3VtUmzaq8ZDxmSClKVt
654,654,insert,two_____,____7483,80oqhyCfkdtycjoTzv8RUDIJpncCSZQYyuswrlbKmd1ot
654,654,insert,two_____,____7484,WJRrpaKuFAn6SwC7sjvXPix4NxsSC7TZyKQfPvwglLp4f1xPvM
654,654,insert,four____,____7485,VgDDWZzNMvRRFUGzoHyqlEhbngvcVTV7eowjau
654,654,insert,four____,____7486,5ktOC3mNw2P3hQUq9FruhtXkoT5V6dX2GGkK8K9R
654,654,insert,one_____,____7487,92Ti61cfVg4oyghaShi4kgPf2aro4aWjBSQq3IPn8ehHEHpsx60A6
654,654,insert,zero____,____7488,U83rvTTQhghUtU0KyvMdkFgHaHwNhjTVQLgVTbZkd9rWEpzNtdEt6sIq
654,654,insert,four____,____7489,4iS0GomofVL5wDxhYy1cQWONRjYG2IWWQvrWMGWEaUY
654,654,commit,,,

655,655,insert,three___,____7490,Ui7RKmNVLr6IV789vD0UiUjQ0gdY954ZN
655,655,insert,two_____,____7491,hoGSmhYcvl7v4hLVqL1Sgx9t4R4wqSrRIbZ9MhYVtJU
655,655,insert,zero____,____7492,J6pYgxfcQOOMNgmo7xfuXOfm3M3PeHbemT
655,655,insert,three___,____7493,jsuDSZAFOCKWPRqThW71ZWDR97aqwGHM1dTDhb5yumyLU5ReK01P
655,655,insert,two_____,____7494,YBCSgG47wmMfi8u7Ps5Ygmmz4WMaz544p8i5Egv2qlmFph
655,655,insert,four____,____7495,aFNL2yddwzYxKAet0M4ocrcBFt7aciJkCyY6IFQMglBiOOuxoeiM2Gtmh
655,655,insert,zero____,____7496,TQpih4ixqOQMFRmFnE6ZPCVYBdSYv3DW7
655,655,insert,one_____,____7497,PcTULQ4n2rWxziI2bTWw75thMbGyq5ZRyD2zSIz3
655,655,commit,,,

656,656,insert,one_____,____7498,8RnOvmZPEaXqKUy1hKZYR5W3QHHdJEhg0q
656,656,insert,two_____,____7499,Iq7wvtNJCpyW5A4dts6o2SQqGofOHRlwyHxq6T4chknuPTy
656,656,insert,one_____,____7500,u2JJsODjaRJMF3pdwlTdhOuUfDnnHvIqMr31D6dJAj
656,656,insert,zero____,____7501,d7S7dFW170AaleX2DCT7HiZksFbhflWZ2UPznnJ
656,656,insert,zero____,____7502,yKlq0DB3JwpKcq1eVhL4bCt74dD0vFyunNj8BDJ
656,656,insert,zero____,____7503,0ylY5b7RwbeoEkX7zh3QY0gb4MWdk78akxVhtSMqWf
656,656,insert,one_____,____7504,nfq385ljgGYJ3cQoWEEy5jmIpxm07xYdI8UNl0A226i39z
656,656,insert,zero____,____7505,yt0KEveRee2qm4HxH3IY8SpSAcFUmry38cn5Boluu23p
656,656,insert,zero____,____7506,NgKzaylU2BUUW225zo7axtsohSBvxiopGijXyEAq2Esri2Xpdbvd1
656,656,commit,,,

657,657,insert,zero____,____7507,VR64Uq2lU0hckC8tkeC51ebjun3CiVmpUanct0l9nSu9nprj1KzKStB5ofiha
657,657,insert,three___,____7508,HJhVkdY2UHkdbIB7FOBchyi6Wx8UrEJctSNKtOnJeTVJgIAUhkzQc
657,657,insert,four____,____7509,xkGYtQZAEmlHRiMLIUD5eavo6dvSf7vfrt1jIec1UHDS
657,657,insert,three___,____7510,z1HF3UH8meenoxVv5bu5Eq0jwgxvgijVzQCQnu1guGz0SL
657,657,insert,three___,____7511,DwrGolkXKPijgFTWumdYgSTGa0EFHC1DfT9EJMbmOs6lPGrs
657,657,insert,one_____,____7512,tSMHpw1jS3UQNsF096I68iam5EDPBMPq8rF3OH
657,657,insert,one_____,____7513,NyHVtGyLUN2wO42bNKQxlYhtJ6OJVUV6BH0iJcZuWUkgHZTJoNt2X6HA8a56760
657,657,insert,three___,____7514,UZS5HiMTXm0rYSiYL4MYpXPnIg7VNSGuWgkJHeHnEtFopbmb4zmy8e1mHsaPAGDM
657,657,insert,three___,____7515,NbfzoaCHPoahErxIKV37k4baqQ7BMOtkYA8fQBz8jpiwi2EGJC
657,657,insert,one_____,____7516,cAkQiFSMKyZWZqWmDpxDjYBCgLisAmvEDXTkkJHG7u6ALnI0TmqICluP
657,657,commit,,,

658,658,insert,zero____,____7517,eqlPgGaLQ7nshJCQYlB3PI4Rh3lnu4qXr
658,658,insert,three___,____7518,SAf7uR5XnRDbGmJFfZnq8VoUWmHcCRPd13VuQXzAEgwFRjfUbCHHXdzaXL
658,658,insert,four____,____7519,cSAP2ZRcUMWoQDrPK9vGpXzG7KzflTDHceNC166uqez7vcg
658,658,insert,zero____,____7520,He6Y0Gjtfw8BZ8daEMuZbUSWunOANdeJwW1v3
658,658,insert,four____,____7521,m1q5h0RcCQr01NEuII2gL2Z5UP3VbgOm9Kbnvydhxyw8KigpKQc
658,658,insert,two_____,____7522,2sJWRW43nWhIrdGgCasx74edCK711lgCAPQ2I
658,658,insert,zero____,____7523,QoSuucBR8Q30xnGYYXph9HJEyvrPnWKwdb5oM1kB3OTfb8
658,658,insert,zero____,____7524,n4qEDRZq6QxLEuX3HUupYPlCWxo0r2ID5j0gu9WylkCzDdQxCVlWWZmYG4
658,658,insert,three___,____7525,RuhApfAq9Tz4qGWlcEfh2EdjyTmCk7lE2q6j6Vo3Cn3ajidb0bPJ3
658,658,commit,,,

659,659,insert,four____,____7526,uKBpNwt4KOlH0qknmyOmHeAkdtaRzMsISF9tuzL8X45F7dIy8CbS6A
659,659,insert,one_____,____7527,TAsaOha0U23AelMFRgPuidONidXJDPqfty1jr2RKBL8CWPcYLr8s4oWKsvL0Vj
659,659,insert,four____,____7528,n92YxxkoJUmkXFgNq8wWypnfUzQLGFR5EwU00WxwWvVWrIGErX6r7PXzgkr
659,659,insert,three___,____7529,HsEC637jiz37zupYMOJt7FmJaOtP0o33zlV
659,659,insert,four____,____7530,0oWoYJfS2g98NA2z3Y2CAfLYcmUFUdtIucEtA5eg87IvSSx5
659,659,insert,three___,____7531,iBP8k3QeccRtNPEeUlcTeOfa86pcCx2RV5
659,659,insert,one_____,____7532,6hQoSxoex55aXurwrstJNYWOPB34MnOumAWo7SoxGHC86V3NhJkTh7Wr
659,659,insert,three___,____7533,vNDnTxne9zsXhlTCh8zoxeGbOOhL1OiumWb3BhwtUF4ppvok7MRg1kM
659,659,insert,one_____,____7534,zbfBBoHq8aRVTJ8YFVACUdPD3ECPBSwPEojZy9yp
659,659,insert,one_____,____7535,ZygbJHaiEWXi0EHWXh2lEr8FGQm0auSPebl5TFaxylZvrD6wkDHXto04p44Kg6
659,659,commit,,,

660,660,insert,three___,____7536,HxZYYSaEwf5MwPYCEynZghtcKOppfztsPkTeVF9pn4Fq9kyl7PGc
660,660,insert,two_____,____7537,6tzFoODsAEOib173hJO5WwsaEPjDSKiaH2gse1X2x5q7He
660,660,insert,three___,____7538,mLC8doOyYKuAtGm43yGCnw1nV4TkbsjZzKoy6X1PhvGCZDVRQGBgVWy0f
660,660,insert,four____,____7539,OUsv8VfTCVSy6AbqnYkt6YDyZl01qNSepeITXOJ6vT7S9diSAs
660,660,insert,two_____,____7540,KesOGK8pdKbXTh1X1EFYRQWfXy2qGipJ6oXZFs1uKVnBSLrv9f
660,660,insert,four____,____7541,Kxa5IPlnoLsDRTDGvHZWCICxGZwYCOIRhcdiNBbx4FaBHWulQ2Kuzsu
660,660,insert,zero____,____7542,ZrET1sgqzhUOb9sCtQF57P6GjNQ7e0ktN0WPoSqMQxKJ5EOsm7E0MpJy3fwCs4R
660,660,insert,two_____,____7543,htUv3rw84D9ddqhnxBVz7ti9IOGm006cvHsYSRFf960xsHKzF15TrIsHD4Y
660,660,insert,three___,____7544,Im4ey84OpI0qKWtrpX1QZ0iqVf6vMy11upU3Hj
660,660,insert,two_____,____7545,pq6v0oEHzBhXOlFeMVWPjfQnRmeBebXmXsdptcbmE
660,660,insert,three___,____7546,clrnRxZxXptujBuu1jTbvRXra7Ll3Q5NibvOILuzF43PL76SxMZc5JvQXGcI
660,660,insert,zero____,____7547,4hIdiopN9DpB2E1OfNvfAcYzyZkJcpJr8p9G
660,660,commit,,,

661,661,insert,two_____,____7548,SMQawL0f4er2g5z4xYmxFutSMpio4Z1SENoHTufgi9uX0Bz
661,661,insert,one_____,____7549,aKcQfsh22gWO8IT0M8Axu9SxAnfFvncXZTYEzAWZBnJ3Zx5StFlrN
661,661,insert,zero____,____7550,j71UblkKf4yiZp0jmAczRKsAOnzPyqHPdm21bZXYAHntwwI0fAdDMbA5zVg
661,661,insert,one_____,____7551,MuoYh1XzXOBRo9jVeFPcUjy4wvFEqScNweijEQ3Rc8pQxlSUocfCLVaR0SJs
661,661,insert,three___,____7552,qONvGDXuZoVeWG8yB8kCKqkCBzbRwhb1ipzBkDniBe3Zf8Af049OzAy
661,661,insert,four____,____7553,YPzq8xz63n8vB5Km5STqaGJa6ErtoY7Z
661,661,insert,two_____,____7554,GFISiqStXx0XN1vZxXjX0ImT2sEf3J98zrY4iDBaU9umwO6lmOgvt1tBcIiXA
661,661,insert,four____,____7555,ARXbYSAL9bytD2ExIKcdjQAK2ce6STFeVlEZ9LhqCfistHAXtnaIg8UUrZFWYslQ
661,661,insert,one_____,____7556,Mpqo7EBFWG5LOddPXCuDcOz9lTYWv8R67gKy93jxqXjmKCNVce
661,661,insert,one_____,____7557,wFgN2zI3yHk7PD1o71zA8vGKq4nVd5O6iZVqRR
661,661,commit,,,

662,662,insert,four____,____7558,Ejmp63v3YWKeMOC5gTclW2ms5MFqv1kCzTlZtgu8eYGYTX
662,662,insert,three___,____7559,duA75sVfSUZkTLcia6PJAN82mv82zm2HOQDYos789v0qCMMovXNrD
662,662,insert,zero____,____7560,UggMK7VfsYri1mR057BKSCbee1AAcONZRmU5hOKBEpCmq
662,662,insert,zero____,____7561,xkjPoIuYcXkUxntWeBpNI5luJbsYAKU3kf
662,662,insert,three___,____7562,c0Uxzx2Ck92K8XAwdNUDwaYDh7yYzHNjjYdzKUOCbUtOHr59CpBqcnuHPkv4TQ
662,662,insert,three___,____7563,FrsXyjQNjFnFUJCEJW1YSHM8c3I2l6tjUor
662,662,insert,zero____,____7564,tjiIBdaXrblnyBdHgjaZUBgUPB3kyRwU8W58L4FuullL
662,662,insert,one_____,____7565,P7WBG5tsgBtM7LjBDu3nhCkwflZGbKOp0RiX8R4TgpOfhvtYMis8v72tIW
662,662,insert,four____,____7566,VinHn2vjTLmoz4h2izqncn7lpKUjZwE4sG3PlZ5u6Uxfn1iq61ykCuToc
662,662,insert,two_____,____7567,6ypCwhbNpS4R3xHyeuNwIswxEO9idB0pMPStMPgA43UG6o355oj0XA4k
662,662,insert,one_____,____7568,lYsOZLmX0PepURwtTJ66zTeZYAvcKPy9p
662,662,commit,,,

663,663,insert,three___,____7569,9efsDyu2DbESqWo5pisrXkJtd0IirWBij0nxN
663,663,insert,four____,____7570,roX02SN7zBttuMWZngPaSWk92GlfFmMA86JxbsTyhHFiCHcjRsBCU
663,663,insert,zero____,____7571,eIur0MQuFvsmrBLtEFjp1ZCEDflM6US1lIK
663,663,insert,three___,____7572,L8MfqIr6fjOQ0menh4YLFctqTIzPxk8JCa8S5
663,663,insert,four____,____7573,TNP0odqVvNmwFx5bP7rLCcmFyfX1RAo2kFns3pM2KRd5vn8lFZdgxvTiSh3lvUnE
663,663,insert,one_____,____7574,l8DIliHVUdOWhxKWiWquPPsul55ZckAccblPjPFvnEPnwV0cKO
663,663,insert,zero____,____7575,86Sjbf98MZOYIuuWREAQxWVM7aHatNwgJbry7ij
663,663,insert,one_____,____7576,AlkHObedOAkyEeGsKKfAoUQ12thOpVm6tbHXu2rXWbdMSAWFbhmicCkaen
663,663,insert,four____,____7577,W26qf8bUVWOW2Wbvb931c7Xb2UTtAoLRHE5NsCHib0V9uIAfNi
663,663,commit,,,

664,664,insert,one_____,____7578,qOu7tTbW82BFWug6G6urwBWludaWNh2G2tCxVeggkgjK0z
664,664,insert,two_____,____7579,5SCT90YFXFID24tr43HP5uk6TAOTpDSt5k4D7QBqpEhOpYQJ
664,664,insert,one_____,____7580,cYGsdbClEvWhpnO8RRAPa4yX8mLRvQDSpiqEAJbBrwazF
664,664,insert,four____,____7581,4Kxs7aixe0ZZkiFPkPt7W1jeNveJ3j6icJxU2BpRbu3ECsX
664,664,insert,three___,____7582,xonqwfj5535ZiTaL1sJDMfRMmyZGuu9Bgpgs
664,664,insert,one_____,____7583,w9SJBj6ddGBldfFWlhMmBF1Xd7h6xFmf
664,664,insert,zero____,____7584,ZZoAGbOVUlVmd1UoMP69oLolm0XoBNzqUKeLJp46aNfVQp7dMHwhbcivVe
664,664,insert,one_____,____7585,vsAxi7LGE9sWyeXAvhiNHJjmFJBDi6y4FRVupH8bniMAVGCVAjRH5LiUvHW
664,664,insert,three___,____7586,63qlBQqJxKE722VWRySzdymtCv6hZwEQI5ruFmPSRNOmL6jblFX3nhDJbd3
664,664,insert,one_____,____7587,aFAhdKqNbweLNIEhqKacrLYlAXlpxVLMny8zEfUAxVdssau3sfu8
664,664,insert,four____,____7588,4fhSXksSQiR376rN4CD177WvjRoDeTDZ4QWNTtXh3eF0CqyVS2NGGaq
664,664,commit,,,

665,665,insert,four____,____7589,LuwsuUfDQ1gnDkmL4KUb656IeaUrDGGP
665,665,insert,three___,____7590,QLT6Y7E2vu9k4Odok0WF16zc6iUgyvZPS0Yj
665,665,insert,three___,____7591,97P0zoKJoJRoCcEULoLzKORDTr8BT9ADgAywjG0sS8z1XuZCxHccPmf07
665,665,insert,zero____,____7592,OpiQoQ7MKsWIqZxv9qLAS1bAmrKPlOo8FMScBHJy
665,665,insert,four____,____7593,ZWmKqfhcQ0M72fCpSRT3S3Znx5mdF8Cr3haig
665,665,insert,one_____,____7594,U3ZV3trTSFLR1iGmjho4DbhZrUKMOpM1Dv2xv3pBkQ4ubDRULJ2XEYMw19
665,665,insert,three___,____7595,oBkMnbBRE8TuEjNPcJJySFDouO4djek3WxnL302NWdc31Y3z5p9c5CEiA6WVL
665,665,insert,four____,____7596,rABG8dpNdUKLly747RTqUWQDUy9VasP5G8veYWivoK93QMp7UeaF3fnGE0SF
665,665,insert,two_____,____7597,fVKofv9oHj1rfeaWoRBBZTHe1cmjIaX2e1DLCR3KNT2Q0YXECnqKc
665,665,insert,one_____,____7598,2w49iEfy0AyyErLJlQMc6jXVD70E8MCYqRKdR
665,665,insert,four____,____7599,odjY1cRgOAFJbXSDPaXOqmV3Ixqhao5d6uXzblGKx3XOrFEIgRNf
665,665,commit,,,

666,666,insert,zero____,____7600,BN612AlJXN6AOf2rarkpMP12PwCDTNva1yp4c1TmynrZ
666,666,insert,one_____,____7601,iWQBhUacNe2aw5KevhtloTR2RESCVNZIrJ
666,666,insert,zero____,____7602,39f4W8aj23GWRqXBjXMPXzOvBUnSfcGoertmyzgq0eIL56fWxLEsl9LVqkSIy
666,666,insert,four____,____7603,iRLNtSzqUiXlR51NC2Kd5hajEaKEpnWqg36nIud6DK0PC2A9IS5bW
666,666,insert,two_____,____7604,WpqMogyvUzC7cg44b7aE25OMHTxaEl9Qj3iX6
666,666,insert,four____,____7605,itEgZTgP5bqsUhdJC5zZPPaivL8InQMt0rovBB7lGdHfGNPIVeKxe2klCUCykGW
666,666,insert,one_____,____7606,UmNr0jHpJXv9KGuf5YAwlDoT7wrCAUYdtCdZq83X
666,666,insert,three___,____7607,MQNHVJGeLYsQ8uyGzOGKqp5xvDPRh95B
666,666,insert,zero____,____7608,xfzaQJwmIOnmWUpN35tzyq4oATVF3YGkj
666,666,insert,two_____,____7609,FZLxHYtJFsbaYcvYVQOzSuAZA7iv0uGJ2cPpKhBseD0M4v4Uism7k
666,666,insert,four____,____7610,Ii1690wgfT96zmEBA7MSCXqMnRIml1Pl7W
666,666,insert,zero____,____7611,KdnL3Ppnc9IZ1vCObucQ9fZ1Ozr76C5M2
666,666,commit,,,

667,667,insert,one_____,____7612,vZTyUU8RQt2q3guLyYXK1FPZCjaxxblMr5eMWCtrTRmALOV1tx8b3Ky
667,667,insert,two_____,____7613,nBDGBdAdAN6eUy7Ymp6Yp0rJsPhawcUzXPx
667,667,insert,two_____,____7614,tcl3dR4qdFY9tIdaoIWPjsS0DiuvTl5znJMyUDhcdMDRcNpzSF9S53i8ZK
667,667,insert,two_____,____7615,fNGlfcUa2eTCnaKm2Vw7z5ZYKlhMlwOOrP8q
667,667,insert,zero____,____7616,OX1tJb3QRGeYr6Hbm5b15FVeYTmBD8WsmhLNdh8HqLQcYPdl6434
667,667,insert,two_____,____7617,3iCfOegozt69Kq31DElokChhxmNEgrqEjFkh3NNZaWbQh8LNvecmcmeFxpKpx2SL
667,667,insert,one_____,____7618,K3PK1RynflrV2vG6huXwHhQ3l1V7FI64lr4zLm2j3Uky7IKOi1EMfpwrPmjFvoOk
667,667,insert,zero____,____7619,ByR1HANLHyJMvwNxOLiCGPZYsNCow56Zf
667,667,insert,two_____,____7620,FnWro0UjR5Za8dz66DAMgDy07pIP3gmE6ynKbreVnqNLwBBnOqnG9K7nluZ2
667,667,insert,zero____,____7621,KDEqhxAyzezzh97QlvIglDRRxQqp1MkwyltQuKFyr6QNIIaR17CKg7
667,667,insert,zero____,____7622,9ZDLT8aArdCM0KsNpN1mGY1EBOU7X5kAUsIiifFpfTcHHt9uRGsNkXS
667,667,insert,one_____,____7623,9Mi2VJqLHs2nB7Thaq1wqrqDubHQlynElfvqAEFiTpmi7UdcjHSmVcn
667,667,commit,,,

668,668,insert,three___,____7624,oM3O6Wtm6ew4Vhm8vp1ynruu0QgBkLuA0ed6nTvALaTfMtFCR2SpUlogP53p
668,668,insert,three___,____7625,DtMgdk2JkEoEhNcYHBja0pVuEEjv1Yx9TISGvKv0p
668,668,insert,one_____,____7626,m3CpuJyJcSzGSnQF5EeQescPsi2FEJ2Loi8Za80
668,668,insert,four____,____7627,wUyGRT0EJzz4wyt9IxKKCc9EgUhevpnqty
668,668,insert,four____,____7628,XTggT4IMFUX6ALttxXxmOfXwbypadXp6mekfqnF6Ktl
668,668,insert,three___,____7629,xqyCL5ARjkxnKvfG0wQ0pTaOJ8a3HFtilRJa
668,668,insert,two_____,____7630,07XYGJCzQZ6i6LOKA2W1QzliiAe4dqukh4B663xpRBQY0oYe5DQHH39ILZpLZL
668,668,insert,zero____,____7631,pxt5zJMxH59ikQGxYgcqLwDD0nFkGKhonLxYHDWMr6
668,668,insert,two_____,____7632,b4PmFXVTECYApmv9bMVAAOjQvaj6eE3mT
668,668,insert,four____,____7633,AGW53AHBIHT6FobIao5N5e7M6NERnDjVHoKcLj8IQb4yZR
668,668,commit,,,

669,669,insert,zero____,____7634,HAYPSSoUCzbAzCm4hOSdrHJad20O3TBwdHG5sTBE8jnSwlU
669,669,insert,two_____,____7635,ZUMDoOzFnAOTEvdBfPZLhhkAx8b6suy15BKAJtxjSB4nDM
669,669,insert,zero____,____7636,VijWSqMD6DoZDbPQZr8m23jkE1kLBiWweoxALIhedn1KUQYvgf7q8d5CcxuZwpsT
669,669,insert,zero____,____7637,sRSazUHrKR3iXCTXzBDZtJxkZYzfG9mU1EuP
669,669,insert,zero____,____7638,SzwGp06FpxEIWyVVm5CvlKYDOt3nuB4P6HtDADy1UflAHpoNTcrHlOUTqovJl
669,669,insert,four____,____7639,o1wDjjus6T1Z4ZbfcbUMMdqRnSPqrPxDBQ11DnOP4L9KXDcqVjV86apG
669,669,insert,one_____,____7640,yQsOfsL6lJBlml3Bnj1vRl6o2hBtiLgCyL
669,669,insert,one_____,____7641,FgEGPbqD37DoJtds2rEEI8iZEYZLTXbDegOfx
669,669,insert,four____,____7642,0Zsm8RYR7vPiKA7t8vRpxIFt6oLoqDP3s5gaO
669,669,insert,zero____,____7643,z4MNyAuIZDpVMPSY1w2WTEGHYUJAOTK0EGO3UuDs7XJB0jMQT8Z
669,669,commit,,,

670,670,insert,zero____,____7644,28aLhdx2CpS05ejRn5ih5wylOOzuSruAwlBaQHs2pQAQyGzB0NcFg4
670,670,insert,one_____,____7645,dVSwJ23ZZhm5eq8oR1LibZ6zCO4KJdKGO
670,670,insert,two_____,____7646,4qUj8Q2E6FWbxBfM5RGIQYqY5EjyzSR6ZpUvRjrF0EXI9RMZ
670,670,insert,four____,____7647,8WqNioAssWKHWOgfrYGiIFZM5XlwDAWDyO
670,670,insert,three___,____7648,Ef5SvropXFJoKQ6QvfF6WRhchkHMemm1P6x4uvZSek
670,670,insert,four____,____7649,BzATLrBIq4SDMGcHlnAB4Rllnb15xzL8Q7RxlgYkivTip1SH8A7EnlaUZmzaI2R
670,670,insert,one_____,____7650,sbDp2CvfqQzhLyptSfanGUNWtfMhSN8ccLtfpA9e
670,670,insert,four____,____7651,fBclvlrV6vylnFTKaPnukk8P74XUSWGzBeuzdXk7N0yyVOa9sD2
670,670,insert,one_____,____7652,kDpOlDjsmABD1BZVJAre4jtAnbwk3Jfyeercs4Dt6AlDXt
670,670,insert,one_____,____7653,c13hR8oUEqa4mpTyokohfk3EnFeFZmmBCsjXTH5s
670,670,insert,four____,____7654,p8bTWAL7KBZKEnSgNsHrbc7hMLymRyScvpcDBGcLRjgjlFLN3FO0ypCuljHdVxp
670,670,insert,zero____,____7655,0lw4AEnE8uNQ6VSRpHQVprIJrAQfAlakcZ2goW
670,670,commit,,,

671,671,insert,three___,____7656,99GFJt13SRmbq2zRHicbQZXu92siWiRziFMvkPBUFE7yshp220DoSU0Zs
671,671,insert,two_____,____7657,ahELynbt1SNf1q5iWfjyAp7UeeiYW3YPN6
671,671,insert,three___,____7658,gr03zAelbX7POwMd6pSDYriYrYIZHykqXaV2C0GYSry5qCaP3TlhAjmOmlVR1V
671,671,insert,three___,____7659,ytcHSGbb2qk0ia8uEPrDJxtFIxImeVxdBeDB8X2
671,671,insert,one_____,____7660,c6pKYws1XsIubEgtT0LqJvWmWfcKEoSI0ifWW
671,671,insert,four____,____7661,T9KYFs9OGkuZFmRXUBLI5TS72hRIIUkybdX
671,671,insert,zero____,____7662,1yLgbLDbaDyk4iPKOaaxMyAtzB4Ckn0y1OX4qE0WTUgkmBAx
671,671,insert,two_____,____7663,fYumbzqwzYCjPtL2PBpCYsZQ3hvllG6v6v8SqJtgwaQx5CdBRhpFyZXp
671,671,insert,three___,____7664,0iwQ7YFEFWf2HaKC0HFvlSJJML4hIplRaQM65YPs7nNE4WnFmek9gqPfudaU
671,671,insert,one_____,____7665,k5yWjQhEx0zzKlUoEHUMUWNBkENL2HGPCiTg
671,671,commit,,,

672,672,insert,four____,____7666,3jeMQ70KZLpXLl8Z7hwzvcuqs6esp89pFAsYiEH8yNFVXZVhIfS
672,672,insert,three___,____7667,AAexCofw3QXldgbGBHPP5pxSyV96ypoiCnGMWyu4NJPulLVZjmOjxKJpkS0
672,672,insert,one_____,____7668,Kk8E4hfoGiOx475Yp3GSScHvwP5jqzIsZ7RWoH
672,672,insert,one_____,____7669,UhPhjw53imrITJjA6nI5Sy1uwoRiOETwYVLRepB46QsiH9ymgn9d28hsSV
672,672,insert,one_____,____7670,1qi8g1j59kVl28UmFewdGVp9MgAYbTi1Cf
672,672,insert,four____,____7671,2ZwgGh8sl7ga9G21oV7d4Qo5neIOOYg7aMcoEyzWMupc3avv3d3z94tXfP3
672,672,insert,four____,____7672,8OIm8cMiYQ3iBuBlrv2jYuLMKGTOSY5sG9vXxu1HCvUHutu2ELFheCdiITz
672,672,insert,two_____,____7673,OAdHhBLGKbJJdtYSGOOqUmEG5axRwDWVUGnM
672,672,insert,zero____,____7674,T4jv7mqZTtFQ2Il8RANon8w1JS2RrJcxI4caRHGayLoYVeOaJ5IxdBcIC
672,672,insert,three___,____7675,7KTFXYxov5U6EBzxwBzyIRrU8ivcplqwSemOqifLZKtuy6EW
672,672,insert,one_____,____7676,WE1Dg5pdppigXYf5opLjnQDFVxMs8ctx
672,672,commit,,,

673,673,insert,zero____,____7677,X5r5EhfqeuuSPp0vYvLmH5pcsttNLjglOPxNG2CkrXANK2S5RklT
673,673,insert,zero____,____7678,qKoDsayqaH3BGKgyuHRMI5ECs3y0o5Z7uqc8g9vL5Z
673,673,insert,four____,____7679,G5vbBu3gjh7VXyHpqduvm2ZtnA0GIdK25
673,673,insert,zero____,____7680,z3VsVlI9dfJCJDDXPB14Y21wbeow2ua7ElAmuvQ3codopRimosQsaPjnvQlLfLbt
673,673,insert,four____,____7681,Q2QThxcnnUONbsKwgcQc9GEwicme5CHHHh
673,673,insert,zero____,____7682,3kGOg2nokE959X5zKTlBob0F1E1o7lGZg
673,673,insert,four____,____7683,JkOklMdA1Q5CM7XuEwZm3csjlod8orvppUt7tc9o
673,673,insert,zero____,____7684,BeCzXE3JprcAi4dQSMz97qxuC4K6og2BYQX28pppHIInxrGtC1PtbU
673,673,insert,four____,____7685,kEw6uLeirsullPwNBop2mVOGATt5CRD9F36Xv
673,673,insert,zero____,____7686,OO7m4ur7FXyYNnlrCqzR8pYQDRH8ezNQF0p9HakjWbsGGqd6X3ZlhdDe2tWy2Wm
673,673,insert,two_____,____7687,I7UEjTcb8MvqSI2yL7JFK19rksObyoFi
673,673,insert,four____,____7688,Kx65zMFkDFHjyv1DIQFnnvlOOmd17T84QIVMdKbhbIgLmU0cUuLEPpYgj4
673,673,commit,,,

674,674,insert,three___,____7689,Lcf5kxz81m74u885sDlmHEkgAuzlxyXQutitOksfaKDe
674,674,insert,zero____,____7690,hteINopEr1BLT95sWHrgZXYFGcOFCLqxsvFYzR0tqKdhGZG3oOP6US5MLPa1Ck
674,674,insert,three___,____7691,4GJc7ZLVzVfiQCfnXerszxbqzw6x0pHktHg5GxluqmtbgxTg
674,674,insert,zero____,____7692,rtSgRSKDSOc1xSOvbjQhYBkfjTvQFUqSbC0Gfx8xunPyaJTwsp
674,674,insert,four____,____7693,Ii2BIyfPgJaaO8sTUSGypgpn0WfjSTslDP
674,674,insert,zero____,____7694,Unr8VJbWHBXJzAetHaCBiL0Bbf5niDjHpj01HVPnZR4m
674,674,insert,four____,____7695,dMKdDIPIlcKxupQqpgZg8OEOgwBJpvknxVLHxh6yIcmqO6Mh0ZuN1L2iw
674,674,insert,two_____,____7696,wTnhpHMI7prVcjx2p79JOvD9NlKyuC15JqPLt
674,674,insert,three___,____7697,Sbn62OAEuMbFbWRhyZnYDAhT63kjTXh42VjkpRw0wqmoQtqO5BhHht
674,674,commit,,,

675,675,insert,four____,____7698,tpra0gBR3FJwpXpL0jN3yObTeanM7Car
675,675,insert,zero____,____7699,w5FqG3Uvg5EFB7iGrF2zWQnRGIiKi8rycflB5hqNeP04J1CrN5n4IRm7VcQaUg
675,675,insert,one_____,____7700,7vmyIZkp0fvzHcDZsreRxO2hocAt7Mj8qbOXNeZFhW6wGI1fWR2KcYxD
675,675,insert,three___,____7701,3jElhoze5ECGjKmH4j90Yv18NLmd5vMIz9aFdLkqB8oSVbMBrXJlY4
675,675,insert,two_____,____7702,MpEVwnStr2wD3uXZVmRR5anrZsyGaLTyj5aFiLR8iYhQr5g6sbax8gedWRWc5H
675,675,insert,four____,____7703,dJykoYwKN3YsXob7GfJlNafY3jVGr0I0Dfg8abWJIcJ5ZAtljG
675,675,insert,one_____,____7704,ToN7ePtv7lTjx9xljj1iVgIUETby8rkvGZpfM3U9xG
675,675,insert,two_____,____7705,N5LLgIhPJNLBC2s5H8nOKfgWov6ntfoh4n5Y3GlbVh
675,675,insert,three___,____7706,RgXwVVFltJk0tDyAFKSC7wqR0fyMwmojqTrYlTYhq4nH0a60dTyW
675,675,insert,two_____,____7707,iQrKMRfmecimybBocvgP0j9HCV6KLfuNpXPrq8FUpvcnd5KPP9LDFKNEERt0KBr
675,675,commit,,,

676,676,insert,zero____,____7708,w4STFB0GxAWMwG3DoyHTR8Qvqk2TrYiRu42
676,676,insert,four____,____7709,nsy27uUolkhryBZivpChZbtauqXL6c4uACKJmiwYPZ6DD3zCBa
676,676,insert,one_____,____7710,j5cZd3Ron8V5fCwu4zfaugKCnjvO9awfGA9YltvDxNFHQKLwwUIsut
676,676,insert,three___,____7711,qs4YmK3yrMfoUQtmHGNI9fUFNl7hvSyB4o9co
676,676,insert,three___,____7712,AUTSDCVZh03GoJ7Za3F9FAdACDTkfdOPiDM2zR27mDAPjHdPelYHu9CkMV7m
676,676,insert,four____,____7713,62kYYpXte3EAqhSu6kOMnXXtou9IbTYeI2uA8YY
676,676,insert,zero____,____7714,7DiSFPXjJe83UgO0zFdX2ZwOTefryKQfCmfAv0JhtnRwqt9tnESB
676,676,insert,zero____,____7715,GGL58CtDn3UzTlwP5JL5zNAylOayP6xsKkaSCoG7iabTawf59z0IeKCuRozcMQ
676,676,insert,two_____,____7716,H76xV9sRdtiS1FSXqKMmgT7oKEW21gDHjLWvOyZSdnssAnChd5tf5UjU
676,676,commit,,,

677,677,insert,three___,____7717,id44y0AISHh06v6x6uJPNlZlakmpMn3U
677,677,insert,one_____,____7718,6HANi9yQv61yjgZQ6BaZsUxtm8lUdliJ
677,677,insert,zero____,____7719,mA8KEwhiWGqHpSMKSTCVnjtrZQF6UkCzRpRrZRrAwokPIjKffX6uOBr5Qde
677,677,insert,three___,____7720,Uat0AllNDRWxp5zWHcjTjkfzSygmqOKOlZMvY
677,677,insert,two_____,____7721,wakf93TJiea3BDgTvp3Jui71o7PWN6xk8GNtbkP9lCXNDn
677,677,insert,three___,____7722,TE2wIJ2QsxDw9yqxzf7obD3a9pl3jSOi1X
677,677,insert,zero____,____7723,1jcKy1PVJUjJokzHcpxqNTHKXev4tMYfHtslNK5v1gE2qOalQaz
677,677,insert,one_____,____7724,tP2qBugpcqvburgUINa8s4s7VO0K9CMxkyo5LUl0fvXRdSQfEYFI
677,677,insert,one_____,____7725,CaY237dvyZRqEy8Ry6xeh3b0gOBgyPSMv6EZa1KACz
677,677,commit,,,

678,678,insert,three___,____7726,HAkJ7rppjY0uSOc1SmV92b8wqgTko3Hag25RpnFjm0mLLcI
678,678,insert,two_____,____7727,O7YsYDP32OV0FvMbgKB3h780lytt0V6x1sBw19GPRgg7f4Tqj1aU2
678,678,insert,zero____,____7728,zCVjPsqwxu0xwRh8qpHtAYRm2VLkaHrQWpivkmOk4Q
678,678,insert,three___,____7729,fEzHdgK3uxFaFXwqK5bZZ4pXh8go6sfo
678,678,insert,one_____,____7730,saDTPMLsLwau0BfboZkYSBroZlmV2uRlL06EVA7FJ1TZbZHK6OZpS7WMFuBUCbqD
678,678,insert,zero____,____7731,BjJAI0l82kgFDIdlNQPTKFzOW05j0ZhxBHh43E9M6cpW9bqMbvlZB
678,678,insert,one_____,____7732,C0Hx5fEw3YZ487lsgcDFCZfMbygMvMOUFhex0ELAP6U4QyCJjIs9Vu
678,678,insert,three___,____7733,nVO5kLQjoIiSFvbAaTVhovetCg4JQ4gDuFtrC7ovNsO9np9Q8BDsm3ykeBges4
678,678,commit,,,

679,679,insert,four____,____7734,iu1Pjp1A5d5bqT5N8vyhDP22mYTU66MnnEvMX9uZJrknul7PZUKiL
679,679,insert,two_____,____7735,iuvtcYmn2eozg4abqSTAWHwx3zCAIXb6yfdS8lP5DD3vvWjZQRIs73h9H
679,679,insert,one_____,____7736,vwQOHUL702OQybnhknV9DrNMnKp7px8tVrny73ifwXGThh77yY1tPBS2g
679,679,insert,two_____,____7737,WemnmwsIqf49ybFyTm4Fngnnbm98vp6oQ3KLXhSfIqs7TutWfsbnX2PXM3w
679,679,insert,three___,____7738,yXZbAvtNoxMA67z7GdlVhIaf4FKXL1HEtSPcAYHB0iZOO9AmcfbfcQt
679,679,insert,three___,____7739,fb5lbEwRl6kMjylrdDoX5if59Ezr944bNF
679,679,insert,zero____,____7740,KBRzDTV877KdonVPeMQdAGIq6GXG5wmrpUjzXxD3
679,679,insert,two_____,____7741,TJNCFc12i486qh2V7UzCufPnaFpZN8Ch4kNDdj28Vhawh992
679,679,commit,,,

680,680,insert,four____,____7742,elp0N9lN7ESdOiWU43kZ9zxv8jRdXUjoey9iENwanLhjmtbcAU7
680,680,insert,four____,____7743,Ru45qSIIpOqQadweAv0ecg5jVwZ0vWxzIR
680,680,insert,two_____,____7744,QWJHz4Hpnw7FGjsAsMJysYJhYcZjr6hzn4tizZdpSHSC18oY00aE
680,680,insert,zero____,____7745,1lPpJVprh40DvDyGQSAdKj5SaUkel71PFBCIXlYbWYyITQSdbgr
680,680,insert,two_____,____7746,cuZRebuIW7TrTz3yqzussIbp17pTVBFJopuucPR4PGz
680,680,insert,three___,____7747,Tv1uPiNPfLJGB7AYXL7yjfZPVVxJUkW0nsWQQBiB5FFCKHCGQzbZ
680,680,insert,four____,____7748,Gzf2trGDjnBl94OA5CWopcqGGA5ZwVjzLqbwKu6eAQgNM
680,680,insert,zero____,____7749,vCS4Recn9WD8G0G5i1H8aj1Klt6tyf5kE
680,680,insert,one_____,____7750,biUc8IWUrF00B0IMqJonsXjqEeYQwBCxFyxFJbZoLsUFli5LxL1xMUhEli5MEIC
680,680,commit,,,

681,681,insert,two_____,____7751,jUy8P5SqVYUs9x0K0sonuH4cQSMCnVC9ZX
681,681,insert,three___,____7752,z6t6wVE8yGBZ2wEE6HQ4UOnzmjhABkf4hD1B9S0eKnSNgNpvgV1Jwh0SaUn9skCl
681,681,insert,two_____,____7753,6wlcDRzOp7s3R7PNwRSERONe8YVeZxKIw3uYt2igUti6Gyl65tJE
681,681,insert,zero____,____7754,n55o2BB8ICMaoVgHS8rgoFD6eGC5I7SnGLQux4k6mZK3INGDW0cFq1VT
681,681,insert,two_____,____7755,NUKlxVo99ZC7jTX1aY8kFi3Wbv1EfYIOzcYjhld3dz5fWuNARfKYYEpC
681,681,insert,four____,____7756,YGQiD94Vkblkm7Y1rEIZgTeeCgphypdXNOrNa0
681,681,insert,one_____,____7757,iDVrfShfHSlkOTkXiRzN8N8lAReQLnJYprqHII3IeV7dDs9mKaipLyfnSKLcd3c
681,681,insert,two_____,____7758,MSzD6Y8ljL5F0PmB9JDXjYUmxoj29woDC1K4fn
681,681,insert,two_____,____7759,j2cwRDagWKOhbmKwlLbNnh0iRXDhCuj4xX6bzdyX9SvzBuYciNA0SMJO
681,681,insert,four____,____7760,fEBYm6OdlPHGGug3k2pYFn7ORNInhlB4S0hY5PHIyqY4LbI8wINARYZzHTs4c8C
681,681,insert,zero____,____7761,A89Yz7HIjN1WteHiYzgvDsQNtfAwLPMHZxR7cEnH7OIMeYLjr7x
681,681,commit,,,

682,682,insert,one_____,____7762,7BkxSqHG1iZpeN2yIEZVbjstz0zUczxR0zIFfalrNGDGKRoVT
682,682,insert,two_____,____7763,XlLNr9gO192BZqn3bBl7z30RfnddKhl4K60aRsT08lOZA
682,682,insert,one_____,____7764,bsGvrDA8KkcLBlJbvngJLjgQAf7y4w7lmWKonS5iU2S8sN1GKSmRzC5
682,682,insert,one_____,____7765,e4x0eLxqzeN6rehwcPUoGM1Mn9Ql5HlgmqXy7GdQy1hOyr1qbqo95Z8WSYcaZ
682,682,insert,two_____,____7766,JlLUHYp4tXAcODvSmqcCSSBAooMd7JQqSmVfXbWxu6X5EE
682,682,insert,zero____,____7767,cCNxDB8UVjyjOiuKnOVZL05Mp5CQD210KkeCrEB
682,682,insert,two_____,____7768,WZZ7SPRxKMCdcZ7TKg3cQ6N4PqDrSuzTV7eAnq4eus0cR53ta2lwSGvBEmq
682,682,insert,three___,____7769,alE2esY5FD6gs1Mn8ljfNK7aGI4Kj7cn6cGn
682,682,insert,one_____,____7770,EwKC12i6SXyJ6LyWhHMRPYUFSfKjxqsQnWiSqIYWnJ5pUeFn
682,682,insert,two_____,____7771,5eFOZfVwP2U1vkH52GFV0qAObNObfetd3epBW763qWPcj4PK010P7FUVveQ
682,682,insert,one_____,____7772,1vCfYNbVW3uCmziAt2PlUpzaCQYTCmsYgWdiSoTQ1ysZin
682,682,insert,three___,____7773,vnx63CemJyXY3ON3ZQHcFBWxXD9gIVNdjcC
682,682,commit,,,

683,683,insert,four____,____7774,T4Ab8JlPouCwhNisUPDdaGpNt2IanFjfo6gOpW2nnoB
683,683,insert,four____,____7775,LpsL1wevIpoiwxU60vPaGvJ865MuVbFrj23AWUcSiof4Is
683,683,insert,four____,____7776,sjwFTT2H7kqMmO4biWKhYxkJtG6uGYSo7xR1n4yCRJ
683,683,insert,four____,____7777,E7XmM8x9obJJCqMXgveoPxAn1cXwXXpCiDv86uvuNITq85K0Xwmo
683,683,insert,one_____,____7778,sbeDm7LFACr3BNNKWiT1G51SoOak7hXfCPBdwynvUpWYyePDBmO65v2CTjg2apx
683,683,insert,zero____,____7779,YCRECdC9KRLyArSx13JueO5sQuCZBe9EQLdcxLm2uzofrsX
683,683,insert,zero____,____7780,hTWNTaSvirQbdNfH8BSk7zZKQL1xfnet
683,683,insert,four____,____7781,oWf195zhJR99b0aJfZobP6aipT0yWYQcM5mlfqRkIyFchr2t2
683,683,insert,one_____,____7782,g27yCmFL7Wb0xWiNvC3NapoHsUr8xCijyhpE04LpIDEWnBtRk6
683,683,insert,four____,____7783,rS0HYmd9LViUz0TjhyYnB8Z6ZizG0j4rtZxB3YrufGvYtiTLTG2cVtaFpFKRG
683,683,insert,four____,____7784,xYTEw1smC9esiynkcNo7p8nQpTpwo6x1Zs0paGi
683,683,insert,four____,____7785,9CWE5akMBPczmnKdsO62PRm5STEh0abCl
683,683,commit,,,

684,684,insert,two_____,____7786,TF0gOvng3rBVKAK7MIJOC6LXcnF2Ym3bNJ0DjgisPJ8hs8lR4MTwoUFXvzGLVv
684,684,insert,zero____,____7787,E5MP0ctDmzusrwmmbwfgTO6CCpZcgfP6fLxnAW
684,684,insert,four____,____7788,9imLbBPhpCUQo0FKrp2H1SzkUUDDrLxkx1dgS86Wzujz5QsLOFrvIs85
684,684,insert,two_____,____7789,3HRH4xJJKxYbRLsHDdLoPQG84pGotkTBSRtbZ
684,684,insert,three___,____7790,E7ABlRtkbrkTbE4foDICUvuLU6clgMVyOYOu7LU
684,684,insert,two_____,____7791,vGeZQD03B8Tmwx0QmuqmWUJVdq1RyQVQlWcLQeQ693IdFlTZTEt
684,684,insert,four____,____7792,zzxwIOWTxKNLyXPxQ23XmocTtqamxDgAemTSfkSX8r5dDZ4uDFGZ2KKKW2
684,684,insert,three___,____7793,64pQCEtTxnj86VhHf7eiXtb9cItuskeuOc8BizqneokPF7VVRPOE3Fx4
684,684,commit,,,

685,685,insert,three___,____7794,d1EKwzRczyd4XYO6UBNp7Bs481OfskiN87hm12XWDl4I3PGm
685,685,insert,four____,____7795,xOkhhMBU0Wmp9GD0Si8itUppJCyOyMxIg0D84ywCg
685,685,insert,one_____,____7796,RWo0jaSXjtJGpg6hbmgbYDxTXc8o1BKqgJTVs81SiqRCb16Mt
685,685,insert,three___,____7797,D68Ntqusw1CWG76MyFrov6GGxf2MH6yr0y0KgvjwZxLSYiK6e
685,685,insert,two_____,____7798,pceGvjsGCT5SDR663eOAE2gthavwSy5H3LiTFIoHzQ
685,685,insert,four____,____7799,0U6qSsB3Dzupww4BhKX7DUhn7c0jlF8YWPAtOuWMXb
685,685,insert,one_____,____7800,SSgRycY5MwsRTlKhfU1H2kTQD5UTJPuJ8NZyzxXt8gjkt1rmxD
685,685,insert,three___,____7801,oFFL27qkdvtIPkFPiVTSFIsipUvUEDo7VHZ4
685,685,commit,,,

686,686,insert,two_____,____7802,V7KOMyHkLlpebdzP8Z3cq6O1db17t1PRsu
686,686,insert,one_____,____7803,Jay4WlFHyoRvVSN9y62lGlsDkzADb4icp60fKQPcI6jI
686,686,insert,zero____,____7804,9CO9eY6Lzmly7LkeRZ5GTPO5elt0MnPKkHS5NXOhYqaWNTsxSwb8ZfvD
686,686,insert,zero____,____7805,AxqsEF1DWY6Cy38Nh0qpQECxAWjEdDe7GIZ
686,686,insert,two_____,____7806,q7TmD5Zxc9ILGb2xDQZxmK2NLqRnCBLWuHq2JbizjI2SioECTZk7MdpKHxM
686,686,insert,one_____,____7807,gtFjCozsiyvrYQUouGnlN2Rs6TyqwUBt
686,686,insert,four____,____7808,0kU5WTCJD2HK8yYq2yzhYqlEUJAU0BooTo
686,686,insert,one_____,____7809,HX3yYI2jx2f8BSXoPhe7dYZw3B8c0EthLwrCYsyq
686,686,insert,three___,____7810,9EsYEAj2mSuyJig1FfEM8R2SS9e7DXTNWmrtrYAP60YgbJlrr3S
686,686,insert,two_____,____7811,crGR1WZfUrFkKnEYcrjjVcKCyrU7f67a8
686,686,commit,,,

687,687,insert,two_____,____7812,kq8n6djAKd53a0rcDqejkxITu3cptrJDGr4s7kzn
687,687,insert,zero____,____7813,vIg30xsFFu64mthGgYSxpyXi6rTVKFVAmFwyS
687,687,insert,zero____,____7814,I1DxyueCXXPtFrkHaOjPPCFwJlKCw2g8EfFSabF7FMvUeLufRs
687,687,insert,two_____,____7815,0yiyrhnHsrc6DDqYdjrRPh6q66J48Qn2U1
687,687,insert,two_____,____7816,EUm2cS9udUvyqHT2r8Gz8Rdmp6YrDI06k6CXEGP24nNPZU3nwsK
687,687,insert,four____,____7817,dtXmglzrEZO0B9lKwFCrLFZHTtbjOHC6NSMt8rJ4gtoisVmcunmIrWfbdmTR0
687,687,insert,three___,____7818,YEEfR0FKhjIU5nE1aJKYf05uV4aX1vPbwnue79AYTJP41kgtx
687,687,insert,zero____,____7819,mRPs0q6f8PLnBk57R0XhrKSluu8WNFEMYx4ajtlsuTMPoDai
687,687,insert,three___,____7820,AO3Lr6pVp5gFF1nHBpXPDYoRMl43KBWvx1cETLxiC4Re5ZkQxiuGwnTr
687,687,commit,,,

688,688,insert,zero____,____7821,T56Wx0rF1Vs0mWU91NzjOBGbokKzPblnq2d28FBktLULqBjrRJcuDd9NOCZqrPj
688,688,insert,four____,____7822,N1p0ZbaPtR0Cl38bLicrz2tSuL6JxqKt3K9f5Lpwh7NSqk9RVdKahzJO84IORksy
688,688,insert,three___,____7823,h6rlIYNAaGLjxuW2PcMvIlhCqWWQAWAntIHB4S6prynW
688,688,insert,four____,____7824,RauOVO1Vloiqv79lt1dylRfd9pj1sAJ3EeqG4puQRWX2Rx8xSdisYVjD9
688,688,insert,zero____,____7825,80SNzefnMksFUYyGEowFVAYJvEChy8fdicc07AY16aG8guupjc4qwlBbMHlIN
688,688,insert,three___,____7826,Rz3s06UzG7YXmtVRcmDvMGP2SBza3awtFu
688,688,insert,four____,____7827,ktk6wgxFeHhqTByuLlo6oGASGGtisWrUq2
688,688,insert,zero____,____7828,uWtx0T2Lm2E9L7EicaWF5wQi46SBKPamD3V2XOGyaQ8OFVrtdzykr
688,688,insert,one_____,____7829,elyyyS1ebVUD8eU1ddrRPvhe5V1omsw5L82uKeCkjfzPUAHE7jFLF1qDFgye4Bd
688,688,insert,one_____,____7830,MYZyOFYq7Z6jKH3lTjjeSbLZy082X1csCppPyCWYdw1z
688,688,insert,two_____,____7831,Ay1lxXsuC7aKmNxNFipGvcOfBqhw3QSy
688,688,commit,,,

689,689,insert,one_____,____7832,VtpnyrBWUuWWANxHjg1fLAny7s86bB9oW8L1OoSxR9GiOXQbm9pwjI6t
689,689,insert,four____,____7833,wSYxllYqu8dAFvOuENS4uN4mMsCU62xHqdNxEg5H7POmBERJdc
689,689,insert,one_____,____7834,7hfGKvSJa5xjZzIzKArBwMXgJjIPw7PvyJ0V40f4T7XnJjk
689,689,insert,zero____,____7835,BaVgQaCPk7HnmWhk3fQ0MdgaQ5AZ6t3Rb0EOZTR2hd70gHfESEp
689,689,insert,zero____,____7836,1yTHePd2DAzYMmqxjsPAOuh2lsThjd1lYSU1g3UkagAOG7N1rNF84urgjFtT
689,689,insert,four____,____7837,d1t3tnf1QPxs2tE02nWBefSKYHixH32vDIwcqjy1lwaw9IBOTxC7yU
689,689,insert,three___,____7838,vju4HFqovaEVyWdR5IsDkN22sNcPk8biY
689,689,insert,three___,____7839,kXLbmujM4kHrTcxNr6z2kNjoJo6RipY45nMQa2fz
689,689,insert,three___,____7840,ciXqPejUmKBBgPjM7yk0CpiQJEEdyjqdsVCkWXI1659weuA9d5
689,689,insert,two_____,____7841,BpVM7io7su9W222Az5ZnpYAy4pbWR1EDKrUbA72eiBTpAH4dpmx0NsTvvIf14y2
689,689,commit,,,

690,690,insert,three___,____7842,ytuyZTECLwYZHOuDxmvwwzzHN2BKQ92gT3hBjokIiGnlM0n6GMm9qkdOzW7rkj
690,690,insert,one_____,____7843,qILxG67iSYAIFhNAQrfX2OxKAZv1iBNSaJ1KREYRk1PmI
690,690,insert,two_____,____7844,ZYcHPaSO2WVOfLV7OSLeHletTLXe0Lg4StACExJGc7G3lCsM3FIQ
690,690,insert,three___,____7845,ic6nFXdP8KmLhWQGMlIZVHArKDV5HAE7YNbfUL3qqiNQlE41iOEOVr6RuMXCkEm8
690,690,insert,two_____,____7846,jK8a81kLhhBdTdmYve3YZH5p3rLtzPXGdEb7IeIkgTD
690,690,insert,two_____,____7847,nNjFi4M4X9fz06Cf137CQV9ZYqsoOrhFgz2EgFPdu24gVIiiJo
690,690,insert,three___,____7848,scZH8wEEkpW7gP9ih1lENRS3Hroc2wototJTAWnElHkCxMGTFDaIInEcWihj
690,690,insert,three___,____7849,cGuYWAJYerHKll1uJwqTNTmNABKTbd38eWkVg8zqmltiqwwc7
690,690,commit,,,

691,691,insert,one_____,____7850,ApaWzKK4oGLu91WTk6uWu9LEg46pzexleOib3QRtaYIH7gLUsGRRn7xn
691,691,insert,one_____,____7851,ycM6NKhsRpwIu5i8Dc0QWJSoalyeeiRr42Sge0Dvi01PLVrkxLOFjIZbN4E
691,691,insert,four____,____7852,YuPBpPEaGXNAgLT0DjrYvkANaQHlfeJ6zqnGY784dNevi26y
691,691,insert,four____,____7853,sEDWwQg14NptD3hSFcEiKaKSTZLxw4Xj2JOJQ5APG92TAl2dk
691,691,insert,zero____,____7854,E9fRJVM0rQZBPPB8XTUus70XAHyZVpKhZFJO
691,691,insert,three___,____7855,RCJV1jUBr8mZqTk3E5uD9j9zYAmDf23wDc
691,691,insert,zero____,____7856,5LOI5Q1UkErkkOuq2xkAP7PhVgT1ivUbetw7f2nrkdHeuG6e4sZEhRxAWoE
691,691,insert,zero____,____7857,ChXJQrKT5lBqceXLh8yCrtzYFuxb2InVfmYxpPp
691,691,commit,,,

692,692,insert,one_____,____7858,dOwFr1JOFit3DBV5vStSFIoF3M9P4SeZ
692,692,insert,four____,____7859,U7MD4sYgJ1lf2G9E05rUETCyGMuqNj7mIm
692,692,insert,one_____,____7860,VWfmmFZlIX1uyZgMfo1fAWu0YJmofIbfTg
692,692,insert,one_____,____7861,g8mzfomxs2EijfZd66RPEtmUS3rQZne4BZl3L5
692,692,insert,two_____,____7862,c1p7CFw29quXn4ay9CjPcfVCDKtOiWQexBKnHebsECrFGq
692,692,insert,three___,____7863,jw4aDt8DyErWW51snpn4ZEs57MDCUqnxPNmiZxp9E1n1c
692,692,insert,two_____,____7864,dcCmYr5B2ib3sx5nw4lrmyibkuY5mOmEv9Zb2wADD6OETGaM37kTgA
692,692,insert,four____,____7865,ytUfOWCJ7FhdS8d1RQUmeaeCYIdp6mUR0g8juG3YP6YXJVWO
692,692,insert,two_____,____7866,fXZRbJN0LE5sBpkhUIy4FeyErxrkeIGFjpgwLHeRHmV8EYUyknWvQHP04J24Teo9
692,692,insert,four____,____7867,nBsVqCQXmkvw8CuKv6NgJ4vYDksJZ1oZn4Xs84AlEE2EkVhy5sjMJb4eJtx9nx
692,692,insert,three___,____7868,IzX0QHNjZ438u1S3K8VT0tl4Y3XKRULvbW
692,692,insert,one_____,____7869,TCbEKYcraY2W4uhmzn89RSUnpLAd4h2sABo3kHGw9o7EqHIR9xPD83ZO
692,692,commit,,,

693,693,insert,three___,____7870,2M89jiFQoVTrtgErQoy4fFAgzSDwCZFQ2DRc3nmAHgPVa
693,693,insert,one_____,____7871,beQ9rjYg7gPlthLlTvfDELPIfAAxmj4A1GKA6S9bQS1UTs2Taoj5x2Qfxrnc
693,693,insert,two_____,____7872,slQ0ZrUK0ygsDaAc28b7fS17X58l9J34jhURStJUFsUx26Y7G
693,693,insert,two_____,____7873,10vQcCKmvxCGx0hqtywPOdQ9eInLKXi2d0b7nZUxeuEHR
693,693,insert,zero____,____7874,cZLWlPjDX8609PLxUSSHlFteDyiWqjVQF8DHl599AaELDPLiGf6eOsJe
693,693,insert,three___,____7875,cZS7LU3oRLme2wWdEhvr4kN2ywfNL4PTdautskR3eZheDRGF
693,693,insert,two_____,____7876,B0zxC2EkKXA6lzypDexpPtjTieKoF64XQwkJDy
693,693,insert,three___,____7877,Oc02N1qObMtQGm7cbws6uxteaHNvT60oLX3aUiglCMaVNJflB6Ohovg
693,693,commit,,,

694,694,insert,four____,____7878,gq66ohiCzGZtNeGVBZHnvweqFJJI96yXrQznpdSfROjPGYjAQq6o
694,694,insert,one_____,____7879,6lTwBvKnbOooGoJ8dPYVQRq8iHBTPRmQ7yGpwIqV8R
694,694,insert,one_____,____7880,z6NEGNLPhHSkzhYY55qOWTF1MnzDL5NeU
694,694,insert,zero____,____7881,DkIwMS3WUIUIt8XgFsfhiRfS7t9KZq1q4OcpxUvdhcRBXb
694,694,insert,four____,____7882,BB3eAl6Cq6U0hXQ4nVvb5GNebWu2PedO9HPrHelelXj
694,694,insert,three___,____7883,4nBsMbDzqyuRbeviQ8tEtLGe7G6uZcX6LlPy8yzLmRPICKElp
694,694,insert,zero____,____7884,cbi29xX5fVmINXqvufHkod89QABziJxocr2Q
694,694,insert,four____,____7885,odboUcLKvbo7lcxrw3y7cPv4cJOQxBQoYfKZUQ
694,694,commit,,,

695,695,insert,four____,____7886,6CrWgXAIvsibqtzfZzVTgHvZaik1oDplXDHBEtvsHaTCa1GWlUsSXk9XZpENYFZ
695,695,insert,one_____,____7887,tKDVBEaixGcNZs9CfDe9XtESwsjh8RcgTqcSjcbzJRj9yJfd8okV7o9Apn
695,695,insert,three___,____7888,bdIoowBd61LMDwzGnDkrLX0EX2rmvKWAsLJXWy
695,695,insert,one_____,____7889,5Mhxmcrzo56GvngPwJcufAl93kT9a8dxemkHzar0giJaNj5o1H1DqhnTN5MH
695,695,insert,two_____,____7890,O3gggTBvBeRyLlzuN81APAAOeNd9zTf9j5wd
695,695,insert,two_____,____7891,ShtD7exvN9CqWZYe7BAGwiSzjxgzzWMwIbuOzL557FgnUvEyRJ
695,695,insert,one_____,____7892,sFsPtW69fSZ4UWOJutH2iyctZAtqxX0n0YV64pK2vtBPIorOF1YAA1
695,695,insert,three___,____7893,x3QZMX7MBqkLoikRnbjjXYZ1d33miZnGC0MKq9hNaZPwerJqHgmiM0qdR
695,695,insert,three___,____7894,aGxXWtuXiXZidMM1qORA4UNEGOUNdCTYQAD8TBsuLYdruT2xJa9dnDSWBEs
695,695,commit,,,

696,696,insert,two_____,____7895,1BaC8KUVRGxSIjjpM90iTe9bLgQU4CKQJY
696,696,insert,three___,____7896,YD3NxAZtli2KhQsDBx3CLjug3cCxgOdoY137ZTcJHJEEyZM0R
696,696,insert,two_____,____7897,Wmj4boh0e7Q3VX4kBR9QZReRr0j02HmxgrzxbEk3uVr5H8t2oFX3j37q
696,696,insert,two_____,____7898,KyUYSY1f2wSkEM4afyUeNLOLivXR2GqGtNaJhTPusC6AgKzInmkgl
696,696,insert,two_____,____7899,q4iNRXoeWfR7jFPHioMiwGbCWaCppSzBw9FK9Bo4vuTgYxY6J5q
696,696,insert,one_____,____7900,naIfx2BfEpbaUMMyNtYpJmdG5BlrryvUe
696,696,insert,four____,____7901,Auf99wUt3CK5kvWUfw1tOFz3HgJI5q3dA3RQxWYpbnC7ENzKyi
696,696,insert,three___,____7902,BI3O93OPggRmjlGEhv4QFHwuuDobdP1W1uIrKGWIzcn9T4HDr
696,696,insert,one_____,____7903,2Ro7PWTPbSqaqrUfDhAoo7NgLjVCrJ0eVQUN2d
696,696,commit,,,

697,697,insert,two_____,____7904,elVCBUWCfRyzZwGomJTiclTBeoBhVaMyRdejmxKCuv2ob3MsxV7
697,697,insert,three___,____7905,X5PNZfXXZUTi4UVnGJg6innYRL1ipLsD13KrJBp3
697,697,insert,zero____,____7906,iiyCaLGeXuEQQN1h3Z7gO2V7TzG10IvXr4X8DxNV0aqHEcLF
697,697,insert,three___,____7907,ajNaWjZWp04DHQPIaF3fnTtza5ZE5qVindhFQONKx2ldEtCi0x
697,697,insert,zero____,____7908,j7BLVAppb3ANslbYiCyAVLXgQ5bqFFqVOWJooJoUWxmJNs1Wi5Pyog9YM8S
697,697,insert,four____,____7909,TwownD20HTO68V9kGvkoeYdxlG5NVEuczgdrqHzaq
697,697,insert,three___,____7910,sP2dsb09qMwldJ3CbC2aiNFuCd1A0DoS
697,697,insert,one_____,____7911,44aF2lW2flTZ32ymNGPR4wL9AyShcwpyVpEgJ5i4fyHgAgtX
697,697,insert,one_____,____7912,9RwhUy11ZjUgpG7vntNKt0D0v90D1ui0VoN66qvywE1xEe
697,697,insert,one_____,____7913,u2sJbZgwJKVBwCRQlpD3woUHeVcrqszvOOsEQ1
697,697,commit,,,

698,698,insert,zero____,____7914,rf3XxRktJma3tz1gffScBcl8QE9i1nQRnDEI9l
698,698,insert,three___,____7915,pxvND64mXX0xNnr7HwmXhexcXZvLZjX3Q89PjnaDvsL58d0cmWR8D9w7NGw8nwiY
698,698,insert,one_____,____7916,ra7qHsdqj2RF9cGWxdD7d5S6e7ddIfYzFiMhQIdJlLj
698,698,insert,one_____,____7917,q3TtbWOJAzIMX4MayBkn1HWwFIrYxp0UzZWA3TfRdHM1upor
698,698,insert,four____,____7918,i906C2wRA6oxNUfg5W7qVJfHgvELJuyPLCL1BgwL5kedksEv5g2CVg
698,698,insert,two_____,____7919,IKyEhzo0zzVzt8iVkI8mq25lXxNIKrVPyKUyVfMFmLI5Vyv7dS0rzo
698,698,insert,four____,____7920,ajUMj4ZtlHxatApBYl1sqJ5nTJQPZNymve1AtuQfCvohta9hTuR
698,698,insert,two_____,____7921,bB6ePsQapjwVfJQYva95znrsMlrY5doJdYDiUtSAtObhcbt
698,698,commit,,,

699,699,insert,three___,____7922,qNt0UovevuVXnuSCvM00K0nEZQPHWrdVbp8LLtpxrXu
699,699,insert,zero____,____7923,KdFrwCwBTchwXapoNCy5AgkGCkOf26QHOyNLTxajygBo
699,699,insert,one_____,____7924,D742ilaRhyTnemKM7XSjDQGyBg3Ai2Hu3pZw7Vgg60wmCSbpYxwh00YLrkFQYpg0
699,699,insert,two_____,____7925,BKKolzQ6ssjhUdx3y57tH6bNjyK424Y9NhQX2E2zC5hDxo4CI0f74A
699,699,insert,zero____,____7926,89RGhfWrF3J48pMnMCBQJCWhVMWqNsJNqdEJURSYF1PRfqO
699,699,insert,three___,____7927,9R4tkogkcsSWH81Os7ROUbTjSZjgCxPTehawDe7G37KEoQxqMWC
699,699,insert,zero____,____7928,1R6EIBWnGxF7xsnKNNOB52v3tHLcNRqtAbP9eRQP9jN91qferdjC
699,699,insert,one_____,____7929,eFp7vDbi7vejH5EfZMb0AQpSIBKyaT0lE8zxd4x1b
699,699,insert,three___,____7930,jhWv76hnxMlqyI6znirE1bxkPXVT05HRumeJsWKhvMedIkUIiDuMTDhtsPeMjJ
699,699,insert,four____,____7931,EeH6MX5FQZwiHPgZANRmCCbCqOPBKCv5W6XhC4g3
699,699,insert,four____,____7932,2VMg0AbUb30I8YZ5BwjEnpKMhj8BzOYAFDBTnW801NNDen7xar
699,699,insert,four____,____7933,aOnC53hZ4WMp32J7N5fmbXX7j00aZO1CO8ht1doiU89GT5ztK05Pm1
699,699,commit,,,

700,700,insert,four____,____7934,G0RUaWq4QWW0eo6k2tygiA8Puo2TR2EwUa
700,700,insert,one_____,____7935,TXXOeAGopSWqROahCkOYMivaNNLTs32wzl5vccTJpb
700,700,insert,zero____,____7936,wFPr4TBFLdiaYiXVYRhYadWwSgO3Tij7gQ3
700,700,insert,one_____,____7937,Rcv6Atx4kkLs5ZNMnAnFLtvc67WfShrsOViQI5phXmeodkfdcYM66R
700,700,insert,three___,____7938,MqOUPOgMkXn74NrZSxpzEnpuFd3WekeVDQTNwg9dwS1EFZ5GmXk7xZ2zJ
700,700,insert,two_____,____7939,NQIIibX29FcwQo564u3LuZOuk9nlU3jZlvcPp
700,700,insert,one_____,____7940,E0EsdRVo8UgbynEkoABka3KYg1HgIxppUgERNSmnMpgBSuFz4w8bwozKiMRDfB
700,700,insert,zero____,____7941,VDAqtszGqv3cwL3Z5iwTBLTq9FdWXNI7q0mFZw0oC39hP1vURJgt5Izp
700,700,insert,one_____,____7942,7johw51Gadq2NVBlypgPzrog6rzt1cLiQpu7EVlWRXt1a7Oyj
700,700,insert,one_____,____7943,Fw2yHWxKfuFoFGrorTutQiUf10fLFhKdkuhJ8iwH7yuweIQIH
700,700,commit,,,

701,701,insert,four____,____7944,IHW6eZblknNeVqWdlosnzbF3Xcy2jj5GtH0517D57GCZ9c9KV5w3WMHr
701,701,insert,two_____,____7945,hyuaF7IF77wcGpkJSV5tz0aiNESC1TVnV
701,701,insert,one_____,____7946,lIBQGM9mlsveCCFd4OZ7Tey8HmzDmpTIXK
701,701,insert,one_____,____7947,aSD2R5Ysmc1vgG97EZRBqNhn72D5R1yt8rYGspl0tQdbeGJOeX
701,701,insert,three___,____7948,gjwv7vRQJRi3Nf4UbgrIDtFG9AsG45R7P2W0hg38Id3ifEBuZUlRaobU
701,701,insert,four____,____7949,6mEPoSefq0e8kng9JMmw9B7KBSDCDAO7kM9ETLqssuiQSuUhGGZJjvhGGTV
701,701,insert,zero____,____7950,T2DSpgGGlvNBDAeM7UJmU9hiSk63MHtP8HsR8THoAnefmKaj
701,701,insert,one_____,____7951,mgewwwuf4LSMgq9mjFuMiGbjoAO1CvAAOdSDndhCw9gZMyq
701,701,commit,,,

702,702,insert,two_____,____7952,FlAxkLz2WqnKutVbyBZiKeRhGMc5zkDlJWS
702,702,insert,zero____,____7953,ZQowSkDuqg2c5xT3GFIG9jHmD2eCQJgkWj
702,702,insert,three___,____7954,5vxAE57GelJdcbvUXltljC6z1PaICZdxf7scAdyGyvyg
702,702,insert,three___,____7955,FCrW9IkbZ0ZMqxexcbGbHeetTGH2yDYx0iPdmwhloWs3MaiuNTP2HTHxAkU
702,702,insert,one_____,____7956,mWpYi9zT3SqdqJqKevpYK60ZRWAHYRvxJJpTJLpmlLyQB16fnqHAtBsfj3xCdr
702,702,insert,two_____,____7957,prNLgxiZpb9mUBGByIPwHnK0MH2ePkeoiZHPDqeBTcczKh
702,702,insert,four____,____7958,naQYKbhobBHrxEC65szPyciTtxdsEGprI0Snc
702,702,insert,zero____,____7959,gvoFyPYkDwVJdfusXw42iLhb7iI1EGEqeTeBhOFhKuPInAFDg8my
702,702,insert,zero____,____7960,DVjRuQCC6L6AyoboPGO0AVoGom4IwRAbFrcel00hQD1Y3vPo
702,702,commit,,,

703,703,insert,one_____,____7961,qJZqHlPOyXdnk2o66z1A9XvCJ7CAetui6OL
703,703,insert,two_____,____7962,DxFF4yTwMsH4IUFhinRMJdLjeOA6XRhoD
703,703,insert,four____,____7963,MyyOX2SLnCsnskEWT4IMt6dHAKTEnuQdfzCDEdmgxu7Cyb45qK7Vbzu9gSsQwt6m
703,703,insert,two_____,____7964,IuPVdkYtKYeN88XzFa57w1wn8fAZU3mhyYI69Q9UU5DWia
703,703,insert,two_____,____7965,vSBHE3xbMqE7FHcjV9MW6wRar7KKQQiYmoCZEilb077KdGKwBX3xCMWEprfR
703,703,insert,two_____,____7966,JKtRzC1906c7LMIKn1caDzYr8llBu4OdQc2ucN
703,703,insert,one_____,____7967,BQQPWzDmpPLle5IHWMRtMPWNaiJ6W9VycCNWMXlMgJJ
703,703,insert,four____,____7968,zAPkKzhuhXLQOohprXJ5tFNqMM7EFaXAytfWPWHEb
703,703,insert,zero____,____7969,vMWaiJmTwCVAjSdoKRjQIVkznreu03RrZ9ASToEFqKFqj
703,703,commit,,,

704,704,insert,two_____,____7970,zBukuukv8WugzH5F9j3OeLvwIUfpa14Whn0sqD47FtNJ
704,704,insert,one_____,____7971,ec9A5D86yM2Dm6CpPAbIFNHkPAum9aPy5ZTziYThcncYTOYICQuyq
704,704,insert,zero____,____7972,PZjI2U41dxkN6adcME8ch3BSIk9TzoObIenGM7vetI
704,704,insert,four____,____7973,QpO4Y5808KVGmXtL3B4qJiwJu8AJsTuej0shdCfCw0VoWYbIH
704,704,insert,four____,____7974,9u3WVxDt6WxWlMeOVKemeQxzV5xQjjANZCbQILWutqVtkg5
704,704,insert,zero____,____7975,6Ex2rIUlarpa2qMyYUgHysmzP0xiRQhBfDGV4tJcKTeH6xB5IePW
704,704,insert,four____,____7976,d9jS4FHTseA58uoDoyW57naB0xWCXYoZCpTe75CLfbWQ4l8SaiuTjvpqV
704,704,insert,one_____,____7977,WMWgbgB49jDwiw8MVpLu0dVpKYDvlDTcuuVInPTMGF5mK
704,704,insert,zero____,____7978,kT0ls1bH8ixPNveCCuQDYTyM8LcYM99ldPbOYmUcK4
704,704,insert,one_____,____7979,RP2YAh2HBulsnNBrfblinns4eBLQXQPnSHrJlzzk
704,704,commit,,,

705,705,insert,zero____,____7980,GHXRwKYbcgUnVFLnb2Vwm0OKvRJoHjdtvBCbqdaIragv13NvDSUcT6PQXsmu
705,705,insert,one_____,____7981,L2i2YIkJWHelyVva7KbiU6iaDMVSYGiyE5Ag6zn0lymkGeCpqT
705,705,insert,three___,____7982,1Y3F97UdOD3I4wvh44dYFZjeSKodKoBLDYMlYAynfnnTxd4gBQRp2fEJCn
705,705,insert,three___,____7983,KnWvv7K7ijb5e1z1ZyVeR9Q3F5MKnnjXDFz0uXqDbHfaiEerC0Ysns
705,705,insert,one_____,____7984,Ou7W4qZ7He6SplDiEd0vspeKWorU7p64uiPvj7h03CC
705,705,insert,four____,____7985,gOwsNPQhCk8GC1e7puR1l8Jr7KLbk7SDqbvTtoDfey2Hg1
705,705,insert,zero____,____7986,WCjxYLgQgPpIxzzjw7cYaUVQs9NHdEJkFZslQiSNnsMYYp6143SdDf
705,705,insert,zero____,____7987,bcib3n28qfzfYpU1N9GZ3o60Lu2W1pKdeDec7j3qB1GeVOuXciKF
705,705,insert,zero____,____7988,ka81nLJF6R5WS19BpDm5JqWqA5PqOwF2f
705,705,insert,zero____,____7989,CDvZZgeWuedshynHe3EuJuC3W9aLii0TM7xwlQuDnG7xHMi1umWFQmnvvcx
705,705,insert,zero____,____7990,SsX1sj4hxSR7PQMPgUpvUKOR2aCd1UPuAApULypLVXwgj1WF9gkg
705,705,commit,,,

706,706,insert,one_____,____7991,DWQqievfzaY7VzL8y57H8co0bpe4UQLsIUMAn52SjkkEUKtmDyS54k8BJ
706,706,insert,three___,____7992,mmVYzg5OjzUxrEycmDMgwxIBCSPsg1hcMFc1
706,706,insert,one_____,____7993,b86Y5qJHuLkb7tlQn03K7unod0mGFWsI
706,706,insert,zero____,____7994,zk64OzeiCcaEq7N1zTxgx0fI90mOT5Y5qWP8GS2IAKKn8a
706,706,insert,one_____,____7995,dFwyAwLwJNjq70kuwKK6n4039eE061yuOOw0vlm9nAppAvqLNIPbCgwZZk
706,706,insert,zero____,____7996,deFEVN005LFloxfApB3SSNOaZ5uJMSmzZbE2acUF6WooDKi
706,706,insert,three___,____7997,TEwwgGKRePlnsZoXWbZqVdbOnqwE4DYX8AzOtBMOkYym1UWcAOK7
706,706,insert,four____,____7998,p1FXXE3FkvHR1ICvzPBhUCzbnhwh4ljd9oOCvEuC4fqzfmvh2wOQ5
706,706,insert,one_____,____7999,N0X4dnKSGIDo2kP1U3QvVSUTm8bqr2kCB3IeAQeF2pGnBycKn
706,706,commit,,,

707,707,insert,four____,____8000,t7TQuoqNm1dMyTASkQTcLFgz0YkxemwvlSJ6MwvLWuKoQHuMFGvsap7
707,707,insert,zero____,____8001,eI91cNSm7xPD0J35MOfjIJljoD9qyhkvGUvfttpRdZJP
707,707,insert,one_____,____8002,SHgG9IwYEwUOJorzJfvICsEiRTBmy0OREwEkl3RbYtGLSE2R0WT0xuvDKT9h6D
707,707,insert,three___,____8003,ideKtX1ZyDZy428klwLmDJTW9Pnp0ESgcI3cOYWNXrnlqqcuPcXB6
707,707,insert,two_____,____8004,wXLNTQgOEsmBuvq9hluqn1FJcN0VqETFoLurDn
707,707,insert,three___,____8005,Z6yxlwJ1nQYZPdrDfELLyOd9Gb85mQBXYUFh35P4ujCQR8jVaa4jOE
707,707,insert,three___,____8006,pCVvntN9VSQ2MZzz6vGEWb5MjaQmF2tHKyHgAHLBFOs
707,707,insert,one_____,____8007,8x6sf4j1vnQEwFFvoseov1zrcbkHUuYOZl52E8MtfsikaP
707,707,insert,four____,____8008,BwIi6cLq3I9bIrBRxAolH3fADML4lF3B89oHcXjjfL61zCol13A9z00n
707,707,insert,two_____,____8009,KQFXklxo5lB8o0Ec0zRxTINojgHlnXZGoAkjDuiNpqoOZfbT8nu6
707,707,insert,four____,____8010,7Z5hqgBvSr1O2Fu4VqCjYMf8PjKqx0Grj7EG6DJYJN
707,707,commit,,,

708,708,insert,zero____,____8011,U7jlJk6zRBBGpCoopUCVbyUuPEuG67sZI8NksfE2
708,708,insert,three___,____8012,8wGrPKoGP6qMIijOoRjC5XhLqElspSWMBQeokHwS9ghj9N
708,708,insert,two_____,____8013,i81yA4buxlOw9u7QcYI8VvrSnyC7ppLPGYY6X8jEslnnjEYPJYjjNxV2BUeqk
708,708,insert,one_____,____8014,lKZX8ylmbvhrNwqCFu62XrJfNpV6NkIs6wGayM9TWoIo3Tu7RbE
708,708,insert,two_____,____8015,GZ91LH4RDSCQTGNqIcPx4xHCyBbei79DvBvpOjH52E
708,708,insert,four____,____8016,pgItFA5L48eFTYkXe4T1sk9ksUgUyR1ZCeok75ZA2CHdISs3tWAAiL5WzwAXQBgY
708,708,insert,one_____,____8017,iORRajLmTfu4FMUttjK5SP32oUoYeTitCEthKaRsEkj6ApZgoIvUc6D3D86Iz8
708,708,insert,zero____,____8018,ppLiq5lJbOL8BSMZtspBuIejR2rmLiWEY9zrfs3uInEAb8CfTxMVxgE7u9EedmcG
708,708,insert,four____,____8019,ce84etDwSzHjTgrAIBSrT5asIjC1Ml6bIeO2cQEeKMNCBLtwjj4sDB2pKEyabTY
708,708,insert,zero____,____8020,50xoBOgFJHFSwzb1WA61YvI9zmp6hnGpDjTWDwVLFnRSVkORQLWF9fJ
708,708,insert,one_____,____8021,oWjIWLvwzrRGqfeVmQtXUPYjXPCR0s5kA7M9INJvqL20PJimvJUAjb
708,708,insert,two_____,____8022,EAdyvHrVbQqwgJaERbAp8CsTQFt8dXsO06xoy6Eoaf1L3lTfOUvR5dY7FN
708,708,commit,,,

709,709,insert,four____,____8023,9sfILhbU030enn8UO2xal99ImmstItO2VuXVnBlRz9
709,709,insert,two_____,____8024,jdUKdMDzpToazNN7TymmIRFncBbBMNXD
709,709,insert,two_____,____8025,6W8ktSm8P2aEYvaK4tojALHUcltRFkyX4WATehH
709,709,insert,zero____,____8026,JlQkaqmRXGVsPZ7OKyy4fglaUbDaDlLy2Fsvyn3XxKdVNrjBcxJU
709,709,insert,one_____,____8027,y5lolZaqsmMX7QCpRQXDxIMeN5t8jbI2eY
709,709,insert,two_____,____8028,4Mj4xZXiWrnxXqbvFwyart6VqIehDxS06zx84EDTx9mUJpOrdeWXTOiRH5p3m
709,709,insert,three___,____8029,FBNG8WTl2NRMXzuaEDQKIyUTyL8CDtSNhksXq
709,709,insert,three___,____8030,CtWwW0rQXADb6yFqR2an0R56IfuNx7AOqja89
709,709,insert,three___,____8031,PkWzOCFT8LNoYfZAHrzNGN2crIl2zH95S3xW3Zx7
709,709,insert,four____,____8032,kZn2UMo3OclYYwMXZKYbSjqaTHaFFy5dM1go3HFVQokCS
709,709,insert,three___,____8033,Sv6COvSilslYYiflicmtHYFhSIdBI4AKYq5dh
709,709,commit,,,

710,710,insert,zero____,____8034,KlnDrscpSzTj4498FkBKuODlOuSw5tmCko0A4QS2CmI
710,710,insert,two_____,____8035,x0yVXvRrHKCFomfUzYXBTrWCGK0ihkS8Eou5xQnrvyzZtQ7WCtHGzuLjsrauCQ
710,710,insert,three___,____8036,fKzALmNXq15cHfPfysb3mKljBJAP7nt0Eyvx2Y7p1xafNTsfeZTPm
710,710,insert,two_____,____8037,MjCYgQo0T2bwYepF5x2taXtwkwPYGQZxkAX6HB55X4yQEkFIDSa
710,710,insert,zero____,____8038,mFB56Ozzy6pPCjRs4ArWnm7OqFLUNb0uUncUf3bFhe3Gl3arfSV
710,710,insert,four____,____8039,lqoBJI0eSNulQnuONKteTyeJPPQPWvB46a4ooOPP2S0Qs
710,710,insert,four____,____8040,tIrMZOBN8F4xEHEUYsz4N3HiVJyEAdE2ldf7WLN5HcJe1I
710,710,insert,one_____,____8041,MvgPl1MdnKZREMQcSTsVO7Sb30m7u7otRman14Hkjxr4JAV7Cq6i1lQipWklY
710,710,commit,,,

711,711,insert,one_____,____8042,26eAjtYmg163p68RwB9vqEevtJ4IlfeG6s9nbkWkoDK9vd2g6t
711,711,insert,one_____,____8043,BdScvNq5QzkETZRDoM5kPu7HmR999alBDymGDt2IwZMKscP1UABe
711,711,insert,one_____,____8044,6FfoGxzpyyKliQHT3vdDiz6n2qdKZx4NpC3n
711,711,insert,two_____,____8045,uAYVkRDuRsX8n4MU8X8sA0fdUWRIlEJ4j1e6y6kN7grFjnDhnRtMJ
711,711,insert,zero____,____8046,QS5zhQJYWiddxltAyZYofpIY9KC5aBKFBxRzT2NwFrRpDxLzr
711,711,insert,two_____,____8047,HIuEfbERRka3FV89vW0eaLfpglgvi9Ta77WCC4q3qT6AyYTn3jPxF21xQTLF
711,711,insert,one_____,____8048,ZhZbJYKhuCSmVPufKqqDtnxLiDoOnlq6rsS4DZ
711,711,insert,one_____,____8049,1HFTr68aiex9rM2Qb4nMXPIl9ZSRudM19axfmt
711,711,insert,one_____,____8050,jrST2wJ8C7of9FoWHvWExgZmvGVzOmS5QTRrmtb9OzHk6Krh9WDXBv1RUSEx
711,711,insert,one_____,____8051,ZowJzJol6Nw9t8VrfLyGEEhXxYD5SSQcMI
711,711,insert,four____,____8052,CCd9zc3iBz1VCcMptXL5lGoQTI7PHgKn7epOeNqsa7aadtwdCF1IPwyQ
711,711,commit,,,

712,712,insert,one_____,____8053,Y6zP6bbGCE967xqfd9mTGzmxYRSy1o1bHfMnQs8
712,712,insert,three___,____8054,4aNX68foPstpr4sqVXhVUtJsZuewFpbhVeCqaDg6och62n9MwoYm8UoLutHGpF
712,712,insert,one_____,____8055,7B9Mq86LmUOAe9adBpD0Hb5bQg6zSCrJhkUTzwLPWvB4veIMiy
712,712,insert,one_____,____8056,lWdRtdG4PLylbvJrwgQWIEmBOTbWp5E4qy4uujYWpbYjxvPjLYiObATTWuLCwfi
712,712,insert,four____,____8057,g0WnLyGqEoQaIhXIv0IB5pRfPn5zbZRT9D6E05OZFYpbjUGb5tx
712,712,insert,three___,____8058,NHYUfnBCm1BpywOQCWWkwkn0bftXiVoe4S6
712,712,insert,three___,____8059,6dmsucLcblOFtJlglXzDYrzBvotiqLeGQ47HudzxsVp
712,712,insert,four____,____8060,8sjGKpwcwJU16WQd0iMiCkRTFS6qqJu4do6CgBMIiOoqCYh6zvuHyZgosvD
712,712,insert,zero____,____8061,TasV3hf1wL2yxABOtlywIT1ZuQblshlw8TwvlU6Wxenex5wHyrw2SfQY5
712,712,insert,one_____,____8062,bPIGtU82puTmjwL4BzAp08I7VM0rid0RQbci
712,712,insert,two_____,____8063,nPfLduoa0xROLFXOkiUFCBmCm2KVMEk2vW7kwVYYZCHq957PqAE6r7g
712,712,insert,zero____,____8064,bNQujFRHKifWwetqkbqWLlN3Eh7S4dBteMwZTr4ssdXkL59E9SwLQn
712,712,commit,,,

713,713,insert,zero____,____8065,KZXkoYVfUm5LRPlK5LWxBTTwyH71wqAAd21KLvdbmhCDK0d
713,713,insert,one_____,____8066,seMMlKFpX22wgaDRB1bWp4oLXAn8Y6qDLJWi2Q5Rny
713,713,insert,zero____,____8067,Gxd9iMVhDJymuJzpsBy6UE9OD6zFsNChGb3dW9gbFDyKvsP0yAKQRVoy1vbm
713,713,insert,two_____,____8068,OndiKs4Ff87KukhpVCNlnCvwIaZgXp3gyNSTdz64HqjSIegMFbo1HquBF9bug
713,713,insert,zero____,____8069,mYlHB7b8LOMbLWZ7zXZu6gSavdfN4EIIlf2wqhCN6qrFjDvtVSyMKc
713,713,insert,one_____,____8070,cvtqXWruWrb18tkG3iSbsM85mX6ikCaetspnkhYpC2FX32Qs2EjwbNEBVqt5oo
713,713,insert,zero____,____8071,pzOBvrbFwIAIk1C6STeQiUB5dGXWwKXeL3ncDOy3qIrVXU
713,713,insert,three___,____8072,Ps0qfbT7wW4CZvMnFQTWSThqyC9c2rzHwXW83YyL47ukfnYQgEsMzaPUgf
713,713,insert,three___,____8073,vPorAQnsDHmryIewavTjypE9JAC9XkatxhuH5eFHYEctAKMf3
713,713,insert,four____,____8074,WwhP2Mhxa98U3o1cKMNNd7WjHt4RUN3LDt4Fk2HKF2D
713,713,insert,one_____,____8075,SBGZsbQyXtkRBwQIP1RobBi7jFn4AfM19TviYd8uusPYpA3Qa
713,713,insert,one_____,____8076,mAbbZIn7IiIU39qdYzK36mvdovQx9Ld0T6Lm0njlVv7t456X3k0UjzT
713,713,commit,,,

714,714,insert,one_____,____8077,YzTbCizEq5YCxBlw4Srs6i3DQEHKaYPGMXlqF0e5653q2D4rvTnx
714,714,insert,three___,____8078,JpUdESwyiZ0qtgSOffRdoUI6ZMG03UDoBQhRfaJjmmbhZTh0ImdZQIyAxCoyV
714,714,insert,three___,____8079,bpYxm1ZTAnujBhZBfT9FDk5XfNQT1RCCM3lPFHLfG4q5lL5
714,714,insert,zero____,____8080,prtvA6zVE7RKva2Ycew2Q1GBox5Xj9Gc47jOjx73lVxaVu3j7wqIXdW4SC9
714,714,insert,zero____,____8081,DammL4wte3ZeeJLb4VmGSIH62se65ULYTsnNsxadvkBwV5kjBYa
714,714,insert,four____,____8082,H4jAyjQFWOrUVxCKXVtBhh2l7Ue0yKnn6wSPc6K66fKpb30yjSXC9Zw
714,714,insert,four____,____8083,ZlyxLTJD7kX3F4BceiO7LviZgCSi0ZGyWEjLJ9XbH
714,714,insert,three___,____8084,OKejYFxSZoHi9TFhf5ftN7rG3JGCHWmeOxE43YMWMVL2WxZNx
714,714,insert,four____,____8085,9Y3YW5SItzN4eFZrBiiLZekBsypwmA2CvyXsUDee48Tt
714,714,insert,four____,____8086,MCmisDMsPRWb7fu1KzVIUAWkCtTLNgkXBhoXcDTlyP
714,714,insert,three___,____8087,nLe4y0mzNcOSUYOeMG4WeCWHCy62BqYYlt6Qa2TZTAO48JAKWlZYSlqqfkbQ0V
714,714,insert,three___,____8088,O5Ch0N0oWfzAWvE6V0vy0zQdd1iknRGvaECSAZgA
714,714,commit,,,

715,715,insert,two_____,____8089,gTSwI4fSKwL3k9Gy6JB7g45qYWaxsbc5MqIp9i8p
715,715,insert,zero____,____8090,j3ANFltJsY5tIDDngm7sXBINpkPLBQFd6JrdYSscKrIN6kjZo
715,715,insert,zero____,____8091,t3XbcwmSSdBovIWvEbG8K5ATHh21UV8cM3jkfAY8yonfz
715,715,insert,three___,____8092,GjcAganTZr1HL5UD85TZwfZp4ocraiMDMngJfvAFQGQ3OCQ8FpPNipKyYtS
715,715,insert,two_____,____8093,GspploSr9iaC4GiROdyZT0RcyHjbuq2G9Tac5CICNAru6EGDsLW7
715,715,insert,three___,____8094,z2Vl78ATh4EmgpglxufSxs7TXAd4qBon8s7aLf7CvPqtvJYscEMtRWbyZzww
715,715,insert,three___,____8095,6XUMY3zc79Z01q7QgdHwNv2jaGSkrgM9ZoR
715,715,insert,one_____,____8096,QszJVH5keSD1gbwhauGUrgtcDJ2UfZ2rojgXRXCqkiXh7h5vJkh7CSHfGqjd0Wa2
715,715,commit,,,

716,716,insert,one_____,____8097,iCrgvCKQ3Gp8qwPhxYtMJc1uKmz2YqDCrAkNbNdC
716,716,insert,two_____,____8098,RAoTubc8Lp0FiTMGrVX9CRZbWVzvxdfW5tosxM
716,716,insert,zero____,____8099,0Mz1mbBX2tXAM4dwGXm8ropDN9AQyvAQU1257LTrWNzqhM
716,716,insert,four____,____8100,8ivV7XNvSNsjFvZFPFiNQiYO2YYS1w7OVXUB3T2eeXxhFaMf9nNUGIR
716,716,insert,two_____,____8101,SGNEGpZZtTpfWDvpe277DyUXnSNmVdlhaLOqTKDvpFUjsJAdOAzq
716,716,insert,four____,____8102,TUzbO6X78ZBuLHr4t5CQDBE1G8nUIJifjt60Zx5
716,716,insert,three___,____8103,z1ZaDwGgSXsV3dxFvRuqnxEvErMahlJUOHV
716,716,insert,one_____,____8104,92eOwhiMbTvyD4j83GWECegb1mDqcahyjiLFo
716,716,commit,,,

717,717,insert,three___,____8105,ESZvMBpNAOFqT2AGmvnLE9gpEUbmUw1N
717,717,insert,three___,____8106,7DtLPSLMyVkHrECJPFIVXisfIUrJJgoqp2EtyL0Wdz4tjyDjDmqzkUDgDzi6
717,717,insert,two_____,____8107,h80fTLKhzwaw9ANDQg3PbKpPAsHVi4QHsvOjgG2JTEh7M
717,717,insert,two_____,____8108,65pJLAnxn8JXTbVWXbjJkHFzIGri6cWzUsh4A
717,717,insert,three___,____8109,XJNikPfRIPFRdPLZOsvcW412yVigtb2I8nsjF1qt0YW
717,717,insert,zero____,____8110,c5khiLb5BjeNiRL5FDSSN6hmoL0UQz3nMGOn5dqp3lLLA1p
717,717,insert,three___,____8111,6QheEHQiOh07rDGxfeDBUUvNcPZAcfqAkuSZJ9V0hf6jg1nX2zfhOJ4uw9wN0m8M
717,717,insert,one_____,____8112,6RVNK9ZCTX97IVQ66j2x2AA8miFR9Hib5dtydJgaFoXYa8tqbt
717,717,insert,four____,____8113,45gfmXYfKxDwbFwNA48VGpj7SHsoBaRwEZ882R5pp0UtRe5o1HMUnBSEF0dd5y
717,717,insert,one_____,____8114,n7LJqxRgbffFjBqdLIKEiKNDeOMo9tfiHH
717,717,insert,one_____,____8115,tE6Um3rALZY24AWxIAoblhlxymbH7jOHgoWQvvHq89IkDVY6kpRaJD8dh7E
717,717,insert,one_____,____8116,zuzDFNXLYpnaPtiCN9ofrfWBKI6ZHUJKQlBF1USxjIXenGVllPYnOJPN
717,717,commit,,,

718,718,insert,one_____,____8117,w8MK3YIUTEPJHZh4f1rMr0xE0bfWGJbLngROF8U4Qx1mnQpjWTv
718,718,insert,four____,____8118,7ra72TSR28TSikWaQ6JYhpftWe9w3inzHvFrSOGR1PSwzbpoNi
718,718,insert,one_____,____8119,mHUKtymUJzr2YhTKaFvIaMUhVwhhoFjltdLB0KgxiY0MRhGlLpbsmbyozi2
718,718,insert,two_____,____8120,rhq8oc4SM98s5t2vzAnoesEiRJMtg8pDM16C9lBb5KLt3T8
718,718,insert,two_____,____8121,YITnYNxBK5ASH1iI08oSqjQKY4h2OIhnkpopzzBnrOfMz6M6G4p9syaWTWVhw
718,718,insert,four____,____8122,jp539FRzo6tjtdmO783BXgKpIIjFoMbdoZzP4EywFFc9UDfxBufNUZP
718,718,insert,two_____,____8123,dLOyCeve2kHdewCbwDHESMZccQxO9sC7LoesdZz85IdymloSBDFtTdhgZIYmp8x5
718,718,insert,zero____,____8124,KjOtbqfs6IfQeK5S7Jd6NKIol4j445iI
718,718,insert,one_____,____8125,mfc9cXqiHvKE7YbBMuWcAONaOav7MnsB3y0nKFJxzF
718,718,insert,three___,____8126,xEKkkEDSpEj6M0o4QJfXy2iK8oqrrCZYjqe
718,718,insert,zero____,____8127,a20O4Aa4ZP5vNAXmgtclcYGvkDVzpPtteVb50cIPJeXHz9OYE2KsNEXZX5
718,718,commit,,,

719,719,insert,zero____,____8128,VsYuosWkgeBP6TYFydhHUYOfqs7bFgCSuZqaeCsQYXSrI9g0klTpi6bncfQRgtyQ
719,719,insert,two_____,____8129,iUgiQmjqBo5bxpLuOIUvTkwEHvVIl4PwIboLsDA4
719,719,insert,zero____,____8130,R7IeYSX2gJXn6WLWpkfIDJLFfpXj7fl7pbMHSQUrLdN2vnbS7
719,719,insert,zero____,____8131,u6Xy19QZXxOTl6FYNa8i6xHPrEwaxRIYd5Vdxf
719,719,insert,three___,____8132,BQ5XeNB8yilmdL0aV4DQMOB8wZKRarTdYvoixsMOfi3PQMIL93ZR
719,719,insert,one_____,____8133,8IBIda75VbLpHvMw1WYzmq36FUpS0l2b08dxXrU15keOVPNPm4k3izrxr0AAgjoQ
719,719,insert,zero____,____8134,SIVKOct4uFNSp6e8reM5yNRNDECDyQorTGHzvuevFFxUpk13gvJXFpVy8f
719,719,insert,three___,____8135,xkRYhP5DwaSq7RmbyeqqATxeKQ44VOXAG7ImGwOTYjCaBkVi9UCw
719,719,insert,four____,____8136,uqoSmVG6YOEovGB2qEOXqdbyrcs0jL6pKy
719,719,commit,,,

720,720,insert,four____,____8137,KDeqRqfjzYhTdfvn3ozODcDydx59ZXAiu06NVgLKKj
720,720,insert,four____,____8138,a7cwPLy9tetZTFtSuuZUzwalavoC9eQZFi1IxPtuj0a1mrWzfnlW
720,720,insert,four____,____8139,GDubxVxdkhr7Qk4oIrfKbkkKFlYZBRrlQUfApvnvxtCGNC8pPxbnY
720,720,insert,one_____,____8140,lLDBehxaVLxmI0ZHqTRWDFxcpoR8HwPmy0PMob
720,720,insert,three___,____8141,9qWYxFU7d0uEdAmxI17WktB5xlw83KgZMNJyzJQIbpp1d7Iuq3UMe
720,720,insert,three___,____8142,82EgNLjleqIDWQGDRQiOzXtumoc246AmJ2V44lTRKnqc3TX
720,720,insert,four____,____8143,liGCMa9sxnlllAWGZnnR0z1CG6aMVjmU1XBcgt81kfG0JiOncjSvC0Qi
720,720,insert,four____,____8144,vLZzDbj6K9OLB9OUssrWXb8TtlD1v3rE5L9qB0NmeC0el8M
720,720,insert,zero____,____8145,GKUQrt9pJKKKxae1P9nY5kWopOeaIPw3VU
720,720,insert,one_____,____8146,kaoCbnfL7eDpien0VE7GZ7jgfbKuW05PkdK93psj8vGmcE5vrqr
720,720,insert,four____,____8147,215XXbAQsQoVXUKPNC1ahV2tBCoAALpnB5npF
720,720,commit,,,

721,721,insert,zero____,____8148,NMU6bz44HazAdxXJRCHGxjjQ9qfN4jDU6JJTrCLcXCmDjCg354CUctp4M
721,721,insert,two_____,____8149,91KH42FXgWcBMkRz5kasXwc6WZVfHOWSIVgzBuqxKnflfEIijBnu3voewkHY
721,721,insert,three___,____8150,kQtm7jISTnifl95nVxWEMLqgNS87DEBORvNINTUxg6RE36DA2
721,721,insert,two_____,____8151,dZ8PgeuLqqHC3BYucRInlKSVI1UxEYx2AmGVRph7bsCEriy
721,721,insert,four____,____8152,2yR93c5Jszuw6kaU2wwwy3RfY9nrK2lZavd4b
721,721,insert,four____,____8153,NaJ11fFDsz6jTZ2DQc8Izr8lXprwWxvGCzeKnFrHz
721,721,insert,one_____,____8154,XiFkYEcBMD71Q8qxxlCLLv7svl0QThaWGIabNRfB3pgdZySgEKTFP3iw
721,721,insert,four____,____8155,UFH8pITo3qNVZbiaUhOZVAJHaXJep55rmzDIupBj4IzzjPEP4bkGFWQVG
721,721,insert,zero____,____8156,xsZHwEUcXzABMD2g1VBwGCBcpFuvB6a2ruvkZcaFKh4oT5fgDr
721,721,insert,four____,____8157,Xv9xea4nR47m8QwV1YMatY7Ar7kT5iod2sLHE9JIExA6zY4acuD3Gx8WZsIPllc
721,721,insert,two_____,____8158,rZF4nZJaSVWgF8lnJBEHyqjEswRXUpRnSzmoTqX8fkEW
721,721,insert,zero____,____8159,tmPROZSteJOfu5V1LRMmRy04RdS0vp9cWNIIweR9OMGkcm26D3pEGSzIj
721,721,commit,,,

722,722,insert,one_____,____8160,Kd3A61DlS7bKORmidAnwjP6qrKMGcZua6eBQr
722,722,insert,one_____,____8161,mg6VKuTIuZtpga5o1mPwKDR0BtzmcMGLpwToHzMc789PgPPU
722,722,insert,three___,____8162,6x4xksJiWrYIoQtc7s7yxXCBzM8qb3VYByDBjuqSdXYhGtSG3PcW8U
722,722,insert,four____,____8163,XsFVCzw8o9u7JLwmDKA9CBxKAIpSIW2KEavsiRlAVSPyMSJwQC43EkwpIhKuUkRd
722,722,insert,four____,____8164,PaOgn3rpwWUgAKy6TAYy8S0BEVtURWSX
722,722,insert,four____,____8165,rDEXy7dnk1YILNDkLAzbFLB5kv2eh3EFzc
722,722,insert,four____,____8166,gyo7OtyZxOU6kzYspqxhnO0ySGqepS3cGB8DO0lQErNepxla
722,722,insert,two_____,____8167,W7GJYv9U5TYyeSSJL9ki8nkeVXUMwCdUqjpaD64aceo2ks
722,722,insert,four____,____8168,bM0qpFbcH16zSscabIDfgeO7BfHVy7IkJkQSNhR23WpJP8HxZWXVhLxSlCd
722,722,insert,three___,____8169,sG10Smjp1Eyn7WfArnWp9j4Gbd7H6Qyv6FdsbDtA05cPm8fwdp6Vis27LJ
722,722,insert,three___,____8170,4vTe9I018YW0b8hjx6gSEhyzhQ4MTRFg
722,722,insert,two_____,____8171,SsbkI2ViNn3JQU4Ozqbeb7Hpz7un3CdrYxL85LTubcW52KUlx
722,722,commit,,,

723,723,insert,two_____,____8172,mIr4LvoQ7qHydS5OtHoRR4W7T2idPfz1hI
723,723,insert,zero____,____8173,HDeS2uUKiSnanXiZWtidCxQKnhhzTD1RssZy1B
723,723,insert,four____,____8174,u6ywUzP111uKtWVzechvMtxATVQdiDJzEaEgSuBFixtJBXxJEQdiCflyvYWE5vv
723,723,insert,zero____,____8175,PQ6RTeYrDXpTfI3vm1TPUcvY3dssDe7eubxwbNwPvIOq
723,723,insert,zero____,____8176,MOHz3eRgpAlRTo3kCqD6J8nVVGctLinitx4u7GxqV47B
723,723,insert,one_____,____8177,Hoydhkps5bUsZQQNBAxb4fgQiianVR2c1ZXa3IWVCprt3DJSc
723,723,insert,zero____,____8178,0HsWN2z19zha0TSz5vjx7AxPe4NXkxMd1
723,723,insert,one_____,____8179,6ksOSN7d7J1T9nq8wDUh24x3Z4QPKWWhzIjX0cV
723,723,insert,four____,____8180,1fEaWYHQw3DSzsHct7dNTvmenv7lsIAZeFy4y25
723,723,insert,four____,____8181,gZtXszEmQaYBjGOmmiDVGyNnGSzb6YjdZbaU2GxBsra0vAgB
723,723,insert,three___,____8182,tqyfJz49AhfwKUKOJFbfDPb1oNi14ni41APRfGMAC0M2qOFWPf4S7KCUiI
723,723,commit,,,

724,724,insert,three___,____8183,AGuFaDwvhcN3o0UO4tV19L7nlItTSyytBAZHJdrMqiyBstNV9L7vkvpYm0l
724,724,insert,three___,____8184,2zL187KGkWyVDXGGoPmAkn9hqsoXY1pj4POGABVKL
724,724,insert,two_____,____8185,EvVSIpCMvv0zxkvAwC05d5rmfuC7uOUYxIXau3qFmlK6cqTId9eA6e
724,724,insert,two_____,____8186,ogleeNZpNstYyPHhA5FjtsPihw1paDaTcGuhdb
724,724,insert,two_____,____8187,STwCNupdS2meyQuwegBs1IZuda91XglGzT8y5Yp9LpEQdGqg2yOgnSh
724,724,insert,one_____,____8188,zj9L8cxp8mkVzDf6LBlQpAH3vBzfKWemqgpf16K8iLmdDvMf30gHJzVZ
724,724,insert,two_____,____8189,otuassVnbIixrN82N8uzuY98SQ2NWlKqQTJLTm1irrTKScjyllwdeQxisd37qN
724,724,insert,zero____,____8190,jaT2JD9jhYQ29IkIjAJ4Y2DLzLnQhlJShnM47b
724,724,insert,zero____,____8191,2QZKYdjcSS4Y4QIGCSFhKZNqG5N3yiOPeXmixNuBqer
724,724,insert,one_____,____8192,hDVkmnpBJI46cK6WBkoNLYpl1dL8SF7JqbkXmeMBIOApqFntCJaaEJF06
724,724,commit,,,

725,725,insert,one_____,____8193,OxRUINTBbVJP2FrRhjbSuXxwRZ413HaJ6I
725,725,insert,four____,____8194,FMfNbKexP7OEiLP8PypDmrD9luQowl3MkdyPax9g
725,725,insert,four____,____8195,mbJFK4qRsJd3WWn4DkzrKsutSwEWaFV8t2mlQRSZ3V1AgZICu4esleODVfFm
725,725,insert,four____,____8196,aV0D154Ufbb5nST3razlYB0b31HAvMDQlultYrgxdyFkhUsL
725,725,insert,two_____,____8197,1whwJI9Dv7YFYCHc9xrz3O2ak6LCrZQnZY4Pe2QeA
725,725,insert,zero____,____8198,iEiJRQyMujmTGh1cKKvoAvn67yMeZHY6AblNmquAjkF
725,725,insert,one_____,____8199,vAWyUzyBNMclp4o82kXEKpQdrUC8AuEP0FaHptpBezfcbBp
725,725,insert,zero____,____8200,iiefTekaerL1JSnPzaf1ABan9fk4YtaNGDO3vgYMiwekSweGaMMjb7zZi
725,725,insert,one_____,____8201,bs7Y7Fdw7ayAiLzuPiv2tTPkWvH4oLONnWpfDwOz6oeVW1QgNQP
725,725,insert,zero____,____8202,HiEdNIAawHaQqOYtgEbxVtnxXblC5tf0
725,725,commit,,,

726,726,insert,two_____,____8203,Wnb3yX0tKqb8iQkihnko1xLmXg4l192BeNY43wip2rWTBpsoGZrohbtbZ82Gj
726,726,insert,three___,____8204,0OyhQuQg8fprT96yc7YYevHv9DdeZM6CWXH0lj8rzC0dKZnsQvY
726,726,insert,zero____,____8205,BZvgTdCOZSqUukiSTVMw7hY7Bbrp4z9DXtfBmwB5UGAVDk
726,726,insert,three___,____8206,22zVNtHdkEq1rS3iKDL3Gufr3ANQQTDiPqNw6g1PHKiqqBhgY6zSanCWk
726,726,insert,zero____,____8207,X0s5VJGpuJTcUnaVS2M8R51xovxxMZvUm90V
726,726,insert,one_____,____8208,gln3iceC54lIUcdPaBSausyqPno4nEmwqobGxkrZARXMIkbTi
726,726,insert,three___,____8209,YRZAyTudauMLPnIlG3Xckj9CgmPaM8gp806Dp2TOZ5
726,726,insert,one_____,____8210,lUuZDH2VYkhAZDKNHaEPJRJ9XmfJf8RKhD2HuUfeag6WPIA
726,726,commit,,,

727,727,insert,three___,____8211,oZIkG2LDrCkcjwsdSTxAAj9u8ey2sUktoWufKlId8Lt2M5RdWWnwJNWdKPMSPdN
727,727,insert,four____,____8212,nA3GUVWLMw2mW6SI23bQKdnZwFUQpRLzA5VTs9k5b7cXzvFR2r0kOCsE4mM64TV
727,727,insert,four____,____8213,McqL78C3GTJLqcnunrnY4bjX3fUstsGI0tk4y6Snwqc1XLIsfRq2
727,727,insert,three___,____8214,0RB1xitcXcwhOEjP0wBA6U7LglgNvSgFPQU2gZYoRuen
727,727,insert,one_____,____8215,shOtlZFeBbLIg8DXvA7VnsH9mvp0xX87Lwp5ID0bWzduB1Bz0sD3IXYWRf
727,727,insert,two_____,____8216,D9mxtUE7pUdUsqO8ioxTjvAPV0XKKlFzREnB2zBP5W
727,727,insert,one_____,____8217,bCIJX204bucOQ0I8zy15XPPdCjtSlUxFDE4L
727,727,insert,zero____,____8218,Sw3tXhjK6T3rPpzGeXlM7zNYCoodLbjVO0iRO4Vyev
727,727,commit,,,

728,728,insert,four____,____8219,Pw7YAx2g1v3GWuE0z0cx8ejzT3M8OtGIidyk61rzmKbYsXKBpPwCafb
728,728,insert,four____,____8220,KK216hVNAgwe3y9k8GKcLnx7CgL7Wxe1
728,728,insert,two_____,____8221,9La7UScNpfQdFLgPLShok9Xx17clH9DrNbTjrnx4ZE70NIA0aNgPTqd9N4qglH
728,728,insert,zero____,____8222,mjIVYReQ7Tnst6VPOKbcK7KzQrP0tUtS6aQIqE0ny
728,728,insert,zero____,____8223,ukCVuWeADY8d4YwYIK4u0ddztHczg4EnFwrvCvANVHSzRA28POB2x2q5FuCXqvP
728,728,insert,one_____,____8224,ZE7mbjx33HKJesvx0A5k1Ghri8yq2jnwHjLqENiUAHxrcgf2K0YBe2QlcJH
728,728,insert,zero____,____8225,g89q2eRArD1JmxGLH6UIyZHSvbMo4yYjb3dsETihas4YxRC3y1tegRdMaQii
728,728,insert,one_____,____8226,vMwhby45mvKiqHeyykLiyWEWWZVUeU5sALrk0J4pRgFPS
728,728,insert,three___,____8227,8BYamr35SvS3FxlKl7xOmxCxTvDOs3aKcNjWP
728,728,commit,,,

729,729,insert,one_____,____8228,OdkTr6jXKRCup5fKP6MicgSW5SvUIVdybSEjLdnY
729,729,insert,one_____,____8229,gCqWUys2abYIQAM7zz6ffSKt6oNgedsMC7oflRy6QialDkAXzM65sahE2oj3
729,729,insert,four____,____8230,pgywjH5TrbCfMpM2LClTf8WyadJ4LpyzLbRbH4FCr1QrKwKSjskVFFDoaICesmr
729,729,insert,zero____,____8231,I4s12PO19IeZvCrogAiLoBYQWEVC3hspykOCZhoO3KMoVlzUG
729,729,insert,one_____,____8232,l30Q8l7iaUyF0sMf5aosf2fjgkZ2l5kVNvmemFnPa0wWuRQlW8eYkuU73XPEFh
729,729,insert,one_____,____8233,twFDfo2R05XiLKHnttTmdKVBF50TveCoxplo5ugLDKWREYDHdEZ5LYFG1d
729,729,insert,zero____,____8234,H44R4mjwRNyKGI6CDbjOESCQRbWCmzBfLkC8xkWLjghH
729,729,insert,zero____,____8235,vq7wzl3fyjaBnUle2K3ybqSaYVkmfVLIjAdl2DW1JugCDHH
729,729,insert,zero____,____8236,aYFSFsUbgMU1j3W6jo4bgGzYZZLTmC7EBnRRBYsz
729,729,insert,one_____,____8237,cVJOdRPrs4Ty4Nl6EvaZIMhJi3g7xyML9Ko7hh2FDrG4dzcNfKYy0w5lfN8D
729,729,commit,,,

730,730,insert,zero____,____8238,7i4S7KNOIdxrKAMPusOesdlqHD4YWcSfWc1fPqlwbD
730,730,insert,two_____,____8239,ycEIuIlguaifcPxtDdrvbj8YTzTMILqzIZuZ
730,730,insert,four____,____8240,WMlxpczfOleuLtXBvGRy1NBpr6jOqjzAfbJQks9ejqM
730,730,insert,one_____,____8241,vThMr1CF5cuaYy8NqHHQ7hb4rVjUT7t9clrj
730,730,insert,one_____,____8242,ap98Okd8sNR6PbcrLZ5UTM3kAyFToSNj94G2
730,730,insert,four____,____8243,nw9JiMoe63nGcHqopWRoEBpOTpsHUM7t4jN54v7lDnTb37
730,730,insert,three___,____8244,8tRZlrMM4ZGL6eFMmNmqxZDlbFyVyuydLBs
730,730,insert,three___,____8245,sG6pAY37xS6K4p8bAIdLvq42UfeDhK2Gcrcv7J5NuYVWcYcxB9ON1E33DB
730,730,commit,,,

731,731,insert,zero____,____8246,VP0su8RxaMvSeEFQy7tjzYYuk0Nioy06RSmiMEQMKFDJUDdqIKxLtL7
731,731,insert,four____,____8247,pcQpWkGEojdOtQRWHjYxXS7soO36ILTnwPcVYTecujlZ7mpJ78DUm6vwjEiLgMK
731,731,insert,zero____,____8248,hJMwq9GqVbs3lALUlviyomgI4THdyCOdI0t6VRf96CpSfrGO5AMKbqD7rj1XqX
731,731,insert,zero____,____8249,7h7fpVcTii0u6VWI6XLgsoa8E1wH4p91JXJUMScFA22ZzBA
731,731,insert,zero____,____8250,fdbUyQHebngLauCH1GrGkPdS7wgj9GrGHw2kuRSDNmKC
731,731,insert,three___,____8251,HpJTkN4o4O9dhTFH5qc9VS5gArp2vMsmsRRggGteqBj
731,731,insert,four____,____8252,4viMwW4mrRYKVEvxno8UTefefTFt9ZoHTK7CuqwInECVKQx
731,731,insert,four____,____8253,2E7bTgXCnv5Rj9393n22ivX907OaC9Z4AqrsinIGaJhYQG708clcV
731,731,insert,four____,____8254,TVyEdKUCoiJ0Q2GkHwbY3hZvQpdU9zCeHiy0kFLyFMcZmtaKX6o9SrbDT2LrM1
731,731,insert,zero____,____8255,VGxGhH4FkNCMIYglnQTrM6kSa55V4Suviw3FxA
731,731,insert,zero____,____8256,6OHOjc68EX4Yk3wj1L1nvyHLcX7mV47PC8a92a8wyiN1v49S
731,731,commit,,,

732,732,insert,four____,____8257,oLRDWKMunzgLZJEpetevs17xmY9onJV8OW22R5qjuJuy7
732,732,insert,three___,____8258,9e3ZbLFCBacf9Vl3gkDBWQf9cJiHX1s2b83xiP8EXe25u0CqRBAN
732,732,insert,four____,____8259,0f2JyL1qo2X08hQX28x1QelVFxRpQfjWX2BHcBd
732,732,insert,two_____,____8260,ubSGlVKUq83thloS5gzOiOHmzIRwcRAYeBZI9v
732,732,insert,one_____,____8261,9eVC8h1HjN437OjhEAwrEaQvf5sKra1xAKGiX
732,732,insert,three___,____8262,hijrUp2qNLtUcawEuFFmPzRDIqatqQt0A2AvYXnacDBXMKwbH
732,732,insert,three___,____8263,pYWNtpBgUmK5xozJG2uBL79FehVMg7j3pV33aZdndVIbM5vdv
732,732,insert,three___,____8264,yT1fMavcL5qGCcFa45GANDwRb4cMhPaaLUiVbxqtAVbWBMSx2pnVyr69YpAWK
732,732,insert,three___,____8265,fhRCCkMAoFfbdR2YZPP6QP7wbQvwgj6raDwi0
732,732,insert,one_____,____8266,5AXlUxmUJEUV5kJOShADS4L1KGikA0GqssTQ7YeKsxR3gxUcxMX0Qjg2uBWTks
732,732,insert,three___,____8267,gK5pOvxrxPAou7W47QhZSOUy9JoGTW5ARm9GIVt
732,732,insert,four____,____8268,Netlkf1D3hq8F5deUfwkGE4Dh69ZmrJ1TXNrvFlIwBA0kC2fwqjAIR8w7Yt
732,732,commit,,,

733,733,insert,three___,____8269,eUWfYVxj1jmh9u2J2dMfTHwIfOyLjQwaiy9qYEyowEvJTdC7VxRbVIAlt51
733,733,insert,three___,____8270,zk9x7fQKZaIB7asCkZiZHhtLTEzVx1FnyM6tTUKJ1NS
733,733,insert,three___,____8271,cvHL7HU5IJsTkZb4GGD4ZGFfPNGE4GDxDNQ9FU9mj0pJnZ0PznxgJ6P
733,733,insert,zero____,____8272,yL3jX29t4n9AnsdTfVymsd5dsyeYjzVlT7dylPERtaxfzs
733,733,insert,zero____,____8273,I6BpMR9Uy1XumiQ3zi4oL5IhGgTLeojBDcJwMKil6N4ZMQ4PpjsOLZSFbIYek8J
733,733,insert,two_____,____8274,Tqz0ROJb3WeJ3VkCBAJCoNE2bkM2UpGCjgHoeEbTdFqNiHzs5A2wxL
733,733,insert,one_____,____8275,7XcKv8Ib7rouN2AaRzKCxg46fBZ6N5ujIgpFFQyRRJ013Xw
733,733,insert,one_____,____8276,ZEZPSl8bwvM8JbYzdfAKtl3d380Zue4oWV2Uxy6Zd0
733,733,insert,zero____,____8277,sMgjP4xj3Sfz9zkQ8lP4BfsfJStwQk4xqfO
733,733,insert,three___,____8278,OrAKJWBB0v3SIHGrsXiG6CgyfTHe0NWBFI
733,733,commit,,,

734,734,insert,zero____,____8279,uYFo8pNtaXQFkXQoRdex9hXdR0vyWcWJxPFPT0gItP6gKg
734,734,insert,two_____,____8280,uKgTtfe411Qwsy3xH2x6os5tXonpK6sQTbpWRGpT6ZIxpRDvSZEGn48Rl9mEt1
734,734,insert,one_____,____8281,IyAPpEBs0GjBYZ7CihBrQpswZCmts3MIElwFykm3vn2NLpJZjFRBO7RwMT8DJS1
734,734,insert,two_____,____8282,ThsWrgHwLWPjX5RSdY11thwbxJvnBg06sa
734,734,insert,zero____,____8283,jjTIMOGESSdt98DmmmWgDt4LPwRGK4SjqJiDc5vNNEMP9MDUe
734,734,insert,three___,____8284,sDG9sbadVwM5E9mDbQEguQWFBcWeayhgx
734,734,insert,one_____,____8285,K0icg5Q14j0ZBwnlaon1mBF239IYbYQPpqNEiYIn01cLH6
734,734,insert,three___,____8286,ZEN8qoGbnIyNGoIKllTErQYOnaGnMIePbBgJN7qc1pNi2xz2aFY
734,734,insert,one_____,____8287,SN2A5PoCa3NV5BHu99Ctq9SnJv6lRDyCYjoRDWjZc01xuY6N
734,734,insert,two_____,____8288,iJSrvXpv8LWQBS5VUff8G9uu5AqF5tqvD
734,734,insert,three___,____8289,5pCAkINMesPcd68MHubR2i03macDNxMNdziWlRDnEXTzJTVH3TdL0ZCU
734,734,commit,,,

735,735,insert,two_____,____8290,Pbzr4fYCmQBnUdrQEI13gBAjwwJogl6K61mrWDwfe
735,735,insert,three___,____8291,CJXcklUIZ3MJd963DJSs83WFRSypbMbdsneEx6f7qkgPhm5q46EFXYG0dd
735,735,insert,four____,____8292,A1ZmTu6ig3TIL4QogMwPitJZ9EqS3EyHs62RJgN1AkUvX
735,735,insert,one_____,____8293,MSRYkdRFKEFY29NvtKtCJO63TC7cb5fARP2TxYDFNgMIvZ
735,735,insert,one_____,____8294,BaAtY8jb1AlDmtVRXdtMUrkK7vCSCSn290lG67jTw9SP
735,735,insert,one_____,____8295,3WSvKMNsirMqze6TiLtCE4eP6zsVhb19n
735,735,insert,zero____,____8296,hhAk2IlVwh5Kjio1lG1facxDV7RnNTFDCXUqdMsE5RNRRbxg
735,735,insert,three___,____8297,zRhGex9T7xHiZIatqFdP6YfkuUyTY3hdZ3bx
735,735,commit,,,

736,736,insert,one_____,____8298,v1JISd7j2SWzhALTMFObaXqrWxyRh6pZfJ2nkdZ
736,736,insert,two_____,____8299,tYCIMoCOILV0jSE2KQrTo2qwP4SoGBcmPNYUvQX8UhG7JaPxKqM0VmP
736,736,insert,three___,____8300,UFq1YYctqH8DjfmDUxW9J3ZfCSJVIcnCyrLyvmmCdSQ7kEWnJjtgVhvEfjA1gbZw
736,736,insert,one_____,____8301,1pyFJzlw5TJhIyGe1P0q09tL5GVaYOfCtGuReTLQWAbJzOcb7
736,736,insert,three___,____8302,E1qjFPhHCH1KL3RhUQpwwXd3gGiBxKKopT45LM
736,736,insert,one_____,____8303,SLtVmTGxchxD7pmYFLsCDUiygMEF4DzmbcGhBHJKKQF
736,736,insert,two_____,____8304,DyD6iNoi0WaOCLYjMD7URNcMcFKAIOT5KKiKm71KQf8ycf
736,736,insert,two_____,____8305,3KKQzhaW3Q8eeWsLPTKmSRBsHsr5xZ7K9dpLuscV4knSbU
736,736,commit,,,

737,737,insert,four____,____8306,bnOjZxAzo25xPIMUd9mlLPZNO139QXWjZkaoXHiueQxKbTXzrKd3I7izqL
737,737,insert,three___,____8307,7YJa150tr9T5NsR7Qg9FiQRnoqTRW9RdDsiKvXTwX6WZ3xXVLK6xWlAQb8u1
737,737,insert,four____,____8308,pFgBv97aqUSxQWw4MT968P2ggEQfBc0vLMhe
737,737,insert,one_____,____8309,EBOtqRFU771Z5RZr90XiM3WCjugkxKzHunNbFeGBBg6m
737,737,insert,three___,____8310,bXLRhQRPqTpk4284oPaGdJM1rHAqPGx7CEkuvxnfy277JJq
737,737,insert,one_____,____8311,if15siy6YXHoYIFYlmN1MAHOGJU3jnJRPfUsg3aIORuCsKHLc
737,737,insert,four____,____8312,T0MEMniksoSbv3fHnc0Bq8HoNtZSA46aD
737,737,insert,zero____,____8313,oEThK6GoV5sjto6xwlookWxpu6p2lbYDI6NMBh0PVaZ
737,737,insert,two_____,____8314,w7SInXr7DgcTD6qJ76twmURyZ2sYvFqvQHn2REM0Rqr0
737,737,insert,zero____,____8315,QeGF6KUFPVpAfKHQMN60hyC3Khtb3Gg3oW
737,737,insert,three___,____8316,NuJgb2UuCs0cOT1LsrFVzDnI1g4Jj1SWnfi7QwmKpdQP2o1olCCasbNoJ0Cv1
737,737,insert,three___,____8317,r7nXJ7XpmMeB2AvZ2zX2QNY76uPboIYCaAUv6D3y7J4zG
737,737,commit,,,

738,738,insert,one_____,____8318,3RWzw7598sT3BewhuF1Vf16QbDu5ToLXBxaBSs46zGajeHfaQr8UleDG5mHPP
738,738,insert,three___,____8319,pz1duD3ZFZ3NcS1rSfBDq02sYxoQoR4iyi1mlIoeO0TNKH8wW251auA0
738,738,insert,four____,____8320,WG9qLVGdGlYATa3vT2rF7s6QLhHxQlhm4FshhRBDBiH1UDzdlz0g4IyK3ZvX
738,738,insert,one_____,____8321,Hpb4G336iEnC8qyligAMJ23Y6csVqtxyVgUtTeUORb
738,738,insert,four____,____8322,4yg4wJIq9r8tvSWaMpVMsEqEzXo2adPvdAbjB2gkB0Wuw4vP7G9rGbe
738,738,insert,two_____,____8323,kqJEWD1jh8kxn9nTulFdQT15cArH1gR8TN0wRfGdQxkEUrR
738,738,insert,one_____,____8324,LrImtBhObne9DvbB4QZs7zUo2XIpN7cQRjSr
738,738,insert,one_____,____8325,KC62VPSA3qKvbLEbi0ohA97QYDXQquuHc1QLQPjST
738,738,insert,two_____,____8326,BsUfvqUOBZF6IDzg4bM3edHRtnUEX4jXhDZfIkiPjyLni87pn3hgFCvkpDr9T
738,738,commit,,,

739,739,insert,three___,____8327,Z6YhN9yEINMpMnLV7CSpxJYtNt2RxxFK86Yr1rztXk
739,739,insert,four____,____8328,MVWRqFGFOmvfXCk2dcTQT3mZ0r5tpFK2Ix0i5w6gD
739,739,insert,zero____,____8329,9rMViT9i5TE1i8kpBr23lqlrSl5rksTqornM
739,739,insert,two_____,____8330,vhLHeDcaSFBwZANk6D1RgUIB7UPo5hVWP7NExUPQBBCnlgs7n9SHpFGN
739,739,insert,two_____,____8331,2jGRMAT3UkrALE1WGINmTe1b56U978W87iTX3sPMNuC6ntwjtNqwsBXq5yr35P4
739,739,insert,four____,____8332,U9BKt3IdP4qyoxwn27y0itkekw8ocgCRZCp8yTqqq8HPgGFe7FHKuCZUOwDcMC
739,739,insert,zero____,____8333,tQIuLDv6I28NTS5tlcXX9hHzDIiqHIIp
739,739,insert,four____,____8334,UKuIdoGOllFU5GvWU9Je1otZefCxxWC78dxFFLYU
739,739,insert,one_____,____8335,bZTnX9PeZVVIKzlJBCeINLZOnuw3dtQFkv2gAMxF0emlZjfVHKX
739,739,insert,zero____,____8336,RQtMFEZoS89tnx59M5mZRNv1HCd9TkUSEFdYQgxxLG9Hx5LOe3IGIfk1UbLnwYP
739,739,insert,zero____,____8337,0sWghozZyQrGQQYpRLvKcsZ7A8y9MU9EqsSeTwGJ
739,739,insert,one_____,____8338,aeGeuGS66AVEN9cnXv4GI681MDPl1Dd4NhqcFfwl5iZCFyZsSj9LMn
739,739,commit,,,

740,740,insert,two_____,____8339,3B5vDW0WmS7bm7hUeNk5u8ndbmDHjB5BLOd
740,740,insert,four____,____8340,HKU9YljkTBRF1WwgVN4tvkImvKdAjLtaV3ZVMX6n0m4kmqZMN
740,740,insert,zero____,____8341,al4uY1y1jzE1QhtXSgnAEuJwwh5vEva5Q0ELSnJ8mikaWLJyAX3k20j
740,740,insert,one_____,____8342,olEN2KxHNBzH8EmQiZABTgImVMjSRaAxN5CyOuSRBWqpzUDhOY
740,740,insert,three___,____8343,soTTRomqtK8jMWmAheSOynlftj9ucFCUaf8OBfQDQghoVejAZQrUBGPej9
740,740,insert,zero____,____8344,O1eAifLTVqdbie5ZMfgn9nlshuWtWledxogPSjkPY544g37ZK2P73ktxfC
740,740,insert,four____,____8345,h1l1ayivi8D7P0grm4XArRXK2zdPJ9mCf
740,740,insert,four____,____8346,g3Gk6PmMRIQoqWB3MNuIoSw0dBFm6YHb1Al8Bw4ik6PDFqV1uDDLh
740,740,insert,one_____,____8347,gXxj6TdBLExFanuqgd79GYd4M3DYRMKMguj97Qn1NZGzeFXszbFujfAKKx
740,740,insert,one_____,____8348,9mAbJ98aufSiACIgyZUoT8fDPBVJrBqAIdbKQB
740,740,insert,four____,____8349,sYENvsvpcpjKx3d5Ats9er4ltOO4YY0wBuM6gt8J5sZCViqxoq6eVyuiwa
740,740,insert,three___,____8350,zegtLvtzbMMD2J8ZUyTKcRcee9nf8WymGmJgtfkBTeLW
740,740,commit,,,

741,741,insert,zero____,____8351,1WPYuLDNrABjLOXGuDzoMQtURtcttQtvNXUZxG09TB90KvzT9jxTPHf
741,741,insert,zero____,____8352,kZuvqc1Azgvdqv8EbAAHIWLV0LxRHeeiP3Ndm8qVXJrOLhTKf
741,741,insert,one_____,____8353,pnmL2Hn0nMa9bOGNaVYKlvr4y0Yd4jrb6dIY7pPOmEk3oxTiPut
741,741,insert,three___,____8354,FO6m5tLC4V8yYQKEYJh7JXBGgtueH17zW
741,741,insert,three___,____8355,khwt3JFfuoYKYMPedGWUv8FgFcoDhz94badfkYO60RFmjpW
741,741,insert,one_____,____8356,PizSI0aZoOi8hBqILn6xDtUbJrp0Ajrd5qzCJ3tPZGBvZi0kTRGEtWWN0U2S
741,741,insert,two_____,____8357,mf1CYhdoNvWQweKDiCLUUg5l0XecZdBsr6nYN2WZ
741,741,insert,two_____,____8358,o5vZCuWL8bFG9ooaUQxJaM5BIiCKu1QFkYNGGm01E8
741,741,insert,three___,____8359,woi7pNNWK8Ddq8qEmneHWpOegQv6bNIRVYMBpjZt02M
741,741,commit,,,

742,742,insert,three___,____8360,4IG6NGwGBI5bWFR3SkdSPVjsRn5BWMpGucS
742,742,insert,four____,____8361,TdRxFHAqtZVI8fvEFYrYVzQkkeFrPdQ7bR
742,742,insert,zero____,____8362,DDnDH2CdxX0qXoX6OR0mjJT1dSS8qkGziSHardxJjt5bF7yB0qQbhV2vEUVu
742,742,insert,three___,____8363,dAatFPOnEzqwEUW5NJb8KUgEQxnanpQv10otxWPLf3EumxhivJc3YpC
742,742,insert,two_____,____8364,0YhXnJpvinTOa2QjldGyq61spwEXsGZLoItJu1wyI2oQGWqcxEYNwIBkiElH
742,742,insert,zero____,____8365,S6LYqrrkXphw93emdnYKQEgkSIeiiLSgds9be0HMJboJxWiuF
742,742,insert,zero____,____8366,q99Kr1MBe2mCxtUzBvmLBiBtMZQ0OBPKC8Y324Jaq6TSShS0VTTJGd0
742,742,insert,one_____,____8367,PUp9NIYTUgYnSEF8yWJBwMUWJx9tlBPUTvFarjYi9BkSPC
742,742,insert,zero____,____8368,8P0CO5CAUFck8kMbp0H7xqFXoGLmclNfav0Qs7oFmNKgEhij
742,742,commit,,,

743,743,insert,one_____,____8369,fmUDj5A9vyOsdEJt0ffvj9IU5DA38oyjNSbUGDDPFEKiJfJ0oIPYewfpr4gjZJ
743,743,insert,two_____,____8370,vYSZotbRgcOG1C337p7Ih3uZ1hObaXdPsPRZtNrok4HJwzFwfzY5zHNp16
743,743,insert,four____,____8371,1xP3oViV0zHcyoWS06KIJXIpkKzijGXa
743,743,insert,two_____,____8372,nG1rW1M6C9keAK8h7JArIzDlxz7aEgHgNPCS
743,743,insert,three___,____8373,qd7wcJhiF7Mkn2lg0ha5MPVy8G1P8aescRjN
743,743,insert,one_____,____8374,XNWE5I7lBMzhqQYYFzxrLFPuFZpSwpOckCj7iNxVlKvJ
743,743,insert,zero____,____8375,K7CIknA3f2tbbSinENPkyACk1uDxWYdGDge7js8oNE2acECqGBG88fGkEDfFI3
743,743,insert,one_____,____8376,14izHgksyOgfIoqcwNdxo1yvGXCiDIQ8nmk0D1rLk6
743,743,commit,,,

744,744,insert,three___,____8377,QytsOJK6uHMzNqQ6eCqsFR2u1Kxyf9q8dbBpyv
744,744,insert,one_____,____8378,SFEVeb9sAzXkNbmxxUXsxvYVmu8RMRZjvK
744,744,insert,three___,____8379,rtsTisrRWennMLnf7qJNcn5UEOh888MD1C
744,744,insert,one_____,____8380,icH8TAxHs1n3i6hDf9ufHt2ZqjTs050d4CaOhgsb0Hz6s6Az8AROp
744,744,insert,four____,____8381,Nm6lt58LNZeKFRwmCMcpj1anJUAGXlimck7ogXF1u
744,744,insert,zero____,____8382,aGn3GApMTTIo5fG0CzApcJUPEk0hRtd0X3c
744,744,insert,four____,____8383,L50TblsyQjRvyGEq6uUJDc0sYoqyl5pD6nEgXx75p2C2fpc7Fj
744,744,insert,one_____,____8384,Ng6bk7ULsMRufuJDqqT3brBbUWDDLfuGp3BWJrV
744,744,insert,one_____,____8385,KyeQY6oJCpOBN7x5tXHJmxEjMqT9d0sMZ0VcyaP4Q6s8yGOEwQWajm8taHp5ZEo
744,744,insert,two_____,____8386,siQPVeX1aNYrSuI3ZjWfbk2o12aguQ2X0Jf4XIqtaCoacA3LJ
744,744,insert,zero____,____8387,zHv77D7PpfR8r6QmleuiqaX9C1i0F0N1euGELxZjk1UWsuMbDta2qPw5vm
744,744,insert,two_____,____8388,MaI4eCkK7dZd6xsvcc9jHn3RVpEKOCqHyj
744,744,commit,,,

745,745,insert,four____,____8389,Xxj8e2OeeVcIFRiODs4xXkyVdUxouVRicdPhchHtwrtRLmZQ
745,745,insert,three___,____8390,f9HJJ1vpzCMRskjpxdBy6aWMXjywJEWxx1tBo0T0Z2YQ5WMLh56VukWQ
745,745,insert,three___,____8391,OVQo98C4GzBdVEqCCVSyx4pdH4QAvScvWRIMA8lDwdPC38xFJmhjy1bi
745,745,insert,four____,____8392,8dLYkEi7yTrnrbxeOvF3ythfx6os7B8K4h7nC2wXeNyOxTXBqwoNG81WCJH
745,745,insert,two_____,____8393,TdLufl9B9tmzPERZOUIW0FKqQQe7r8DrNDuL2xk8k6ugHWIdxM1
745,745,insert,one_____,____8394,uY7aMoyViVU7jjm8A5qzNCRde5905q6WRbtbsvLmckKXZfcFhx0Ayelae8eF
745,745,insert,two_____,____8395,G1vOqsPpQxLdVIfUnouAJXJn3YwM9ZrEBavmFNI9frjt
745,745,insert,two_____,____8396,FtftkrImtF63RU0iSPbru0QHO1H7tQdXmqMaVMp8WTn97I0hGIrS
745,745,insert,four____,____8397,6dYhECVKroyOcToptjVOwlSKboXhJtAvow8iR0tZpyv2FROuy85
745,745,insert,four____,____8398,8pELzukZQ0BLfdrHACZuVyv83FBtbAqoWSvi1OIiS
745,745,insert,two_____,____8399,5NWIhRz47NEuDDSDeBq8gDbzg5q19BjpR5jPrBp5T3AlyWq9s
745,745,commit,,,

746,746,insert,two_____,____8400,tJNnmRfKOjFuDeUzCngCtzxO0O9xP3nZ3CE4o
746,746,insert,zero____,____8401,PoW08uEyTpmVSQIJ7aSzYra11yJnCVz2hTYFUBFwgK2svQ
746,746,insert,two_____,____8402,5Wh6BttbmbCoATJ1H1rzgCYFV9gADEm7xAT5h8w3wMe9wnCz6
746,746,insert,one_____,____8403,HLZY3crT3LmYViNiHUXTeiIAu92ugLE6lVzLJ86
746,746,insert,three___,____8404,7HxQXDUrhv48SBctXYkQH6DiylxHYgq1myURZFkP5upeFce4SmR4wYbZ5Dk7xsV
746,746,insert,zero____,____8405,dFcL5DnrTl0xUYwYwm1JZKdSCOKdcUrfySYhNnIkilSEhVDVDbOsQW
746,746,insert,zero____,____8406,GkAUfZiib8be9zNVQk8PUwypY4jFncbAwCs2LjvVvCzxJv3VPEyu1mKfrIMktzv0
746,746,insert,zero____,____8407,J5ol0FrNZ5jxNEY0aQDpeAmtMBVtrwq0qluzyo7jRmGEIXfSxdmHOn3vCZak
746,746,insert,three___,____8408,7faY88sypdDv2l56R5Nb1yLxfoZ7tJTSOsJJyccXojZZkdnCFUhnrDF0I
746,746,commit,,,

747,747,insert,zero____,____8409,QozkeUumCtl9r2afrseJ8W8Jd1sPqoHttxCcUl6yXg1uTbsrT3emzONVfi
747,747,insert,four____,____8410,0SaVR74ASFg4x82eXIyh1bn5Jz0Aw6id
747,747,insert,one_____,____8411,UHG0MNe83iKXgoKRTdYIBVKFc78kwEl0Kg0fMFHx7V
747,747,insert,zero____,____8412,1k9r2MWTlrwppGlPPMzZpfsrLGCLHU0XyLcJsa9dcBQx
747,747,insert,four____,____8413,z6Yj36qR8CcskWLlc0S6jGHTfEpkc9B7SN9tW0
747,747,insert,one_____,____8414,oqiil320AzN7qjrFvavE0c4eZI1ERD00wmsuGe6imC2I78eZed01NMbLM7BEm8I
747,747,insert,zero____,____8415,7B0yxbJ7AyCiK3IZn0RkjGjv9m1KUwTGlEznDIc5
747,747,insert,three___,____8416,XE61riiIAmiaFy8U70EF7FBI9fs3JhfNJtKNS5UL9ZctIV3dVtz4RISCyQtmvU
747,747,insert,three___,____8417,7r959e4QJHuiLrnJyLsLmTNHeJBvA6CdStw
747,747,insert,zero____,____8418,OklPlcgUpRJDvv3Bf5IGnGNX1kCBn6yUI9
747,747,commit,,,

748,748,insert,three___,____8419,qfhSzRBPgSdgW9fWrtonwbYQpv68ViJEmoBScWELkjKlneqSl9XacNUx9PiEgG54
748,748,insert,four____,____8420,LVFJBqrNUXmbK1r6wnmc8CZdol5e5dO80bSxiTe4EGz3U6
748,748,insert,zero____,____8421,HujOesZMN46a4b5Tq7JjPxT18dbQbXhQ8e5
748,748,insert,one_____,____8422,w5vFaf09pQz1oKEMFJPJ5WX37m68mAc9Io8v
748,748,insert,one_____,____8423,aPKV9tDq2SzvNJbqcWuVIQhvXnp6qzJS
748,748,insert,one_____,____8424,m1NaOyBgIlljuLzsb2YT1gme7lW0wDGYpvepX
748,748,insert,three___,____8425,ZTyooawZm6LseSmXBqQWZpB0o2qPEWF5g4RRsNISrh5yT
748,748,insert,zero____,____8426,OTZNUarX2xVgUo04s7mcemDUQBlJd4nesgVfvfzJEiMS64SGLBNOXBWg7UCO2
748,748,insert,four____,____8427,ksuxAYyf4WFKF53PKpxWOtufqD8ywxgc25I6bNAtxfM
748,748,insert,three___,____8428,Au4lAQ9wDCP7i4qZ69KQsL7oqd0XndRGwug0BRxXLKvL
748,748,insert,zero____,____8429,0hfeVqQ2WEqUXuoVZagrn0oxzgrsndLbOss8Wyj
748,748,commit,,,

749,749,insert,three___,____8430,TliBCiZM1yY16f7JaeC44Zn9D9NTDBQZZpQcHI
749,749,insert,one_____,____8431,l8T7YnNNOLEE03pKOSgx2L8o6JZ6DRyRzd
749,749,insert,zero____,____8432,dSAIHqow09DAoGykMeUBH8Dxd9The4ZmPvbA44cmSgeahuon5
749,749,insert,three___,____8433,GCkc4XZEJ25cisStE3st9AhTSDbxZUg6iUqKhxsWaNuEthWj9
749,749,insert,zero____,____8434,ruM3sbjHebNr1RigbOXr1ugKZYB0jAJXzbENIHoAxnD4pDvcOu3xVPc6lV
749,749,insert,two_____,____8435,TmscT9kO4Mbap2qjBeaAK5s3Hd8ix1cqkuYxoFm1SefiAbegg7lFc55JtTmd1J
749,749,insert,two_____,____8436,7iEQm6bDKZK7cB6Nb6BMkMiYIeLrd8CMFE0N
749,749,insert,four____,____8437,VLTAZJnTobvyoNHfd65D879egbEAwB6tCes8MQaK65SRB9Av4
749,749,insert,four____,____8438,1pfRpngrXzuR7tbuO48mMpZAzXOAI43JWP6cO5cYmJi2TkQ5gqO3D7UvrbQfFvs
749,749,commit,,,

750,750,insert,one_____,____8439,1CSVvGybBiqFN1n8PDJobpdpKDNhltPsp0Br57JucYUGP
750,750,insert,two_____,____8440,pCMSPrALNQwa53lgjNHKTtGv7q7JPbyY8jy6EfQO
750,750,insert,four____,____8441,R4DEwq2y3yLvhiX3oZWJr1x2ocIisNDc05N7FHnUn
750,750,insert,three___,____8442,12NCCuoJdkg8wo814tP7MrrRswWXZ1be0nx
750,750,insert,one_____,____8443,kmIrBlgj3ik8SXCblkv4qO3UZWsdB5h7cfq3CGyolC0Ta
750,750,insert,one_____,____8444,sW216ideVZdSvpSHSjIXXLap8fw5gAy6M
750,750,insert,zero____,____8445,KjoW2mJxljZW2Ay5wjRNwGM5BoCnODf7M
750,750,insert,two_____,____8446,eSpj29NB5x81fjkTimB5J35p1dppAJvY318kAYeV8oOdvaooeKT1oN5FSEg6ihe
750,750,insert,two_____,____8447,CHullOBCIN7MymMo0mpHytImy9EihDyzjMfoJaQxuW
750,750,commit,,,

751,751,insert,four____,____8448,vBme20SeJRgXkgiS2QcJwIvkzCOoyuKlMpazUg2I9HzrpnQhQlUI8wPKma8DcOg
751,751,insert,one_____,____8449,Q9JGuDqhh6K90jeHXe6MaclNwckaGkHTDH7RwpEEQ2jLoBTod
751,751,insert,zero____,____8450,53xhsCRl6v4sLD8z5ZSBOxvenuOlVwB8p9o4ka5NBl9
751,751,insert,four____,____8451,CejN9zQDSZjt8IN4paIjcLTOmKJE5FNVQn3Kl
751,751,insert,three___,____8452,ZB5A8eSJFSP5LKTV2A1mliu7nKgxgU2Ka9m3tKXYQWqCGv72wJ
751,751,insert,two_____,____8453,uXRsz2VTEJlMPesaaeU1ut80aG6rk3Dtkjwev3o94CgE1uoiptU6
751,751,insert,two_____,____8454,MmjarSUTiPeU8447xlLXuYoTBD4GtcsY2HDSf2M
751,751,insert,three___,____8455,1lE7WXRCaD8AITlHEeUxXW26wf6BdruZS04jIR7m6fs9I
751,751,insert,two_____,____8456,egecY1XjdZydudZOqR5okQu6ghshduPOQxaTsPjskfnTQtfmLpb8Ku4G
751,751,insert,one_____,____8457,fvyIKLGv4hPVrEd8AWdqMZywmI4lqAyvKDNfIzpJnr2pGEiYSCPQQ
751,751,insert,zero____,____8458,zuTiEfGsGLnUuEhpBNrt7bzKqRTNhXPLZrdpxZNValbV
751,751,commit,,,

752,752,insert,zero____,____8459,9OIwilN4dOGKovNh0c0AQQjnEeU3DdthvSLWyeeKWCz3K1qLLEwxyCcN8kd
752,752,insert,three___,____8460,L2PZvRFpv5XFHATozZKZUldFqQRmJyzBPcTxsVXG7GXrTyCEhRgZfJJY2SA
752,752,insert,one_____,____8461,ilwy3p7BZD169LIzqJTFyuWA35KnMjFPfwfcW03kO
752,752,insert,four____,____8462,YcHjnRyPgTbKvgc0nGEHuQAbSMFpl7AUqG7HmPGdYExg0N4j7MHfVQT4
752,752,insert,one_____,____8463,bgyeNebHrJyUG5x1Ldl9gM0b5Fe1PWI2bT6fu4nRelZQKgL5FdhMaaH
752,752,insert,four____,____8464,K2WOlxR97N5soQk3G1nKym7LwUZxmtp9MWCW2zSS
752,752,insert,two_____,____8465,8RvhUorJR7NXOz1JF9PkoVXNQDxIsDX4CzfaFBlBaVFZIV
752,752,insert,two_____,____8466,uDvonoX5DtbIvKQzHfmAjSCFhc3j6CKd6jTXqbpKZvPCj5K2RWy4VT
752,752,insert,zero____,____8467,XXqY466ZcIM6yP8p9adVoc0UnDaiENerMF
752,752,commit,,,

753,753,insert,two_____,____8468,cNFbGQ7YLtWMyk2jRzH4SMJ8AnV5pw9K6KPXedq5d
753,753,insert,zero____,____8469,R6fQkqgWHp9mt7tUnkoyyp8nNBzM0LbETBYHtnQOmyhx
753,753,insert,one_____,____8470,qx5NyRm7mrfsAx7anhLwSI58N4fVYSNMiTEuJ6fTtfB1y
753,753,insert,one_____,____8471,6u1n9qVpDEpLMVGMeKgdw3lesZs8fHLgSoe
753,753,insert,one_____,____8472,rCtKTTv5NVSGOSpawrQRglxHWvCXTpml3BkF44VLOin3
753,753,insert,three___,____8473,5ZfZx7sEcY1b35EurAJSLBeqH0yzmEev5rEkWN0FFtv8oqJ6AhqReWe
753,753,insert,zero____,____8474,O5NJe0Iz4IrFCyCeJcPVMiwPx2Rl5ED8nzTO
753,753,insert,zero____,____8475,esDavLD8iOGlj77RGRxTFqNiCA5gNUbrXOKzvbO35D2GoYnF4b5
753,753,insert,one_____,____8476,V13CDuxHPh0SixbGyKVspWl6QPmV4r6BELkefp38cDomTUuPpiZ
753,753,commit,,,

754,754,insert,one_____,____8477,iMnLTBvdDBwfDdCxQ0bZ2Qctk7sVj504ZUi9jJla0lNPsl2cjLVkZm0YWz
754,754,insert,two_____,____8478,EZnMeyLwtwZfaABmPhRRU6fBtYEIx0XBMomurj2n83hN4HkgOqA1oQBVc
754,754,insert,four____,____8479,r4bfBTEsKPwLZMBJsII3ZAm9pTzTtNbnKkmr6RHZQEahupjwebvDfv0
754,754,insert,two_____,____8480,fzFnpTi2bAr85FsOVw4c5Oc5PsIk1Ch4ocpQQExONmS5pJRIv3CCwrjnon5
754,754,insert,four____,____8481,CYuOzzRrRS0PLUwySB3MZ2Zt55BlDZ320O9imsFHsTWS3V
754,754,insert,zero____,____8482,Wv2TqdTN7jql4LRmTrzFEWL2fCVVT1RFPCnZ
754,754,insert,zero____,____8483,Gzcz9rxccDnENPfzDTeA2CZqMcdT1jqVELtbK8mxbFz9qTN49s6SQ9PJrbTLD
754,754,insert,two_____,____8484,w3uYV2KRuGiwAVvJyNO7NbP8BR72ZOcfzACQIgKij8EBu3VjRUHK
754,754,commit,,,

755,755,insert,two_____,____8485,yNwMl5RnECMrBjsKeTBsxuJIGQTWgkSfVO6fInGAAJBEi5Xv1psdH1rbOnIk
755,755,insert,one_____,____8486,OfUyNBCE39AjkPW23TCdwzd7OdrpULT7YyXSfbxviKHyPaVEMv3hJmPE80egQ
755,755,insert,three___,____8487,TefvTHlFYhZ7xab1cTibzCgnc1qAWSPQLt68yRENAqWj9NyyLRmEpBk
755,755,insert,one_____,____8488,rCKGIBh9q1wGwfgf4Upo3R3TczZYtcFp
755,755,insert,four____,____8489,SFC5OFQd6ixxBeIDhNRXMubTZtS6xi1vjGRx
755,755,insert,two_____,____8490,4ZtJMlRlwUnUQo7v94jgX0tAeX9Tyq9tRtWo
755,755,insert,two_____,____8491,Z4lVab03c1xZMEwwgvY1dbrBNRee8zT0tKo3JBh1DCUfa7h4x8EgneSNgMSkRU
755,755,insert,two_____,____8492,JIR57t8TQdddG29z4kDiQEToL5vNwUi0DEAXu0kIOPu61IG4oC3H4RrBIHAoYpUz
755,755,insert,two_____,____8493,tdjAKt0FzrrNrzQYcqDoTerNvxiBqkCy3v7kvLkLwh
755,755,insert,three___,____8494,YS1EmK7NH8oac4Mnyp6hNKuAlWJqBLBnvDr6Bd5
755,755,insert,four____,____8495,Btv6ao9OSqkBD6mBj1ioyBeqwpYITMw9awM
755,755,commit,,,

756,756,insert,three___,____8496,hFrkQgYRIFXu4PpH8dKgGpbVCxevSBCIhymQhpjvocJYFsI5ogabKi5TkejSFDc
756,756,insert,zero____,____8497,8BfYZYvduAddwNSAyqJcbLtJupU5u7YWxiMEQ5ncH4mgRKBcOvLivhhpd
756,756,insert,three___,____8498,aeqcEb7gkJkzWOX5bcgneF8gKBkml1zGFfVfqu2j8BDK
756,756,insert,four____,____8499,mIHSeRHMg2gT6VT05WzPSf34qb313ccWOWw77zy5LzFa
756,756,insert,two_____,____8500,CSU5BNGawoSziKFq0eH8T9kdeqYj3ORHZ
756,756,insert,one_____,____8501,YKyUoqKqgpwdsspwXuiKXmPwVgUFSLjEJnOODkXS9ZiUmAVWyD
756,756,insert,two_____,____8502,E74OQkZ3LzwAYeWevcSQwGP0Xm4RtqLmjGAgww3PzTtfCaboTGmrgvgv5Gj4
756,756,insert,three___,____8503,zW3n2BDUtsCqdgfiJCQiqT717MQHLi2hn
756,756,commit,,,

757,757,insert,three___,____8504,543xZWksJDG5fQelMNAG7SJDRUW9NQ5yxUQOMbyEY9P4k0q1xXgFb5SoxcA6sh
757,757,insert,three___,____8505,eNoxgz5rxmhRPoUVbMpjEiL3ErbcKv8BOyLCmvaVcsjL3fmtJ0
757,757,insert,three___,____8506,0eXJDHZj2oxwl1sUm0E03mIE6O4kBNq25rqZ1Gl7x5riR1Zy1Kjaa3wU
757,757,insert,one_____,____8507,mlOL2x0YkfRryGUiUFz0DzRm199RnLMawoJCmJneG2myivuG3u5
757,757,insert,two_____,____8508,aX4VxXxqwJ4lmSFbL0p4Jv78TVHqyOQY6d1N0stP9NvS
757,757,insert,zero____,____8509,LyYjCAsihoVLOiZGgC5bSQL8A5Kl5ptiDE1Vi
757,757,insert,four____,____8510,yyDao7fCSgCprr7r0f8hubzJkjjAvcbwFfNxO9lWQy3NFq5bg3Q
757,757,insert,three___,____8511,GFADLGB10VLzRhIVIF65tgqPi6tlcedQbwgUmFnWBwEqoJk2gOirND6ifB
757,757,insert,four____,____8512,ucuEx9L4si6ZrAmHV89yw5rNVbPdvOM2M9gFFbmgJ
757,757,commit,,,

758,758,insert,zero____,____8513,aZiWW4IjWS58yfi5hlpjioyTsrgnjOffiaTfsL5kJue3rAEZ
758,758,insert,four____,____8514,CSKjnTB2xmxopU7wG0zTeK8dCrZ8pysZzc5vUAkZI5cLX0sfjoplaFxa
758,758,insert,two_____,____8515,WcCREEl45LTW8QuUvvIXAvV47XKDXa2WT0z9EATytROD
758,758,insert,two_____,____8516,YtVmracYcEyFw22y146bPsYtVzXDnLX03k6ZIDAKLmcrX6cVu3EUAJx6HWOWvC
758,758,insert,four____,____8517,t8U51WxqGDQp0D2pAudgsbDVa0krO9ONLmytf9sIiVgCryVSwjHTqZ0j7
758,758,insert,one_____,____8518,2ee4DdQUoiu3guHpZ1tZsuO1bro4KlPcAUO5COUtFdH0ixFvoi3
758,758,insert,one_____,____8519,tipyic4xwcYU4suf2s8qH59Dh70xqQ8ksNZcd0h9oYPLi9zI8d
758,758,insert,zero____,____8520,itqCEGwlN9tkXzI2rzkhHcZphoHnjP5Wj9eCJf2u0th0KKmSOfNvi22cx2wrj
758,758,insert,four____,____8521,BJP7A0XFl1dHYtwRu3JXMnuxVpIIrNcrSm4262ZKcsIuZMg
758,758,insert,three___,____8522,GTrRd2ali1ZJO0tnQcpZDEr37NDFUyUKXkQ83vWITXRmgVIetmZw
758,758,commit,,,

759,759,insert,four____,____8523,fEgg3VxcPZUKx4eUiI2hDGalEPEGT1QZVxpxg0UA1Ydo1ud
759,759,insert,three___,____8524,efmlRXBtAGZnvFoqzHghWqG7lJuolDE4xRGe8DrZdPFOd8FrmmJ6IMwBpXgcK5Ia
759,759,insert,one_____,____8525,3GJqa8KXLde1sj1NV4X2nU2nv7HT6sQlEv8eY4KQWUMxS4
759,759,insert,four____,____8526,U2B5cSPG5VDkE7wtrCzbeX3ceFH7SE2czjrM
759,759,insert,zero____,____8527,BiBtOp4kOuKI3X9ssfte7iD0cHc1ZutFV4Bt1L
759,759,insert,two_____,____8528,sI45UT5wau0XMYPLTyh6FWyDrFC0MmbGtC2DoFw
759,759,insert,four____,____8529,5pgW6Ws0wsrHoUiTZf1SdK6ENvdm3tFedrKO1E
759,759,insert,four____,____8530,9gobi4MJ7sq23ktlgnauxlt2Ic6huI9Fic0p81boz2iXBr4Lu4F5k2
759,759,insert,one_____,____8531,tUG8bZSw0XvwH0uZPRm7E6Vk4gFsZPaEQQaRUa
759,759,insert,three___,____8532,xISvSk2jfVwdf9iMGVZRNwAFdpHWyCVKgOIcs1UXMfxCXVh0J1b15TZuPMiVz7lk
759,759,insert,four____,____8533,uCd9bTflJGrCAgL1EYH1bwc5MCYDcZskKtm11Y84YXcGPboFAoz3WdWr
759,759,insert,one_____,____8534,ucCq46D0awwS2Rm2p4YDsaRZD8Jg4HMb8A5RNJNjbw
759,759,commit,,,

760,760,insert,zero____,____8535,XiTFAExKyjjy8yoq3XfJvk9FTIKIVSUumTvQbl
760,760,insert,four____,____8536,k2wRbPbDdT91OP5Br0JDBaJM96oxXf2RL9YSF28uahYPIB7aH2
760,760,insert,four____,____8537,4IQF8J5czAbphW88RORrmIWTUhayadhTqCUPJBzFlxk6r1CcSz5
760,760,insert,one_____,____8538,Ry969wVq7dOgwtnwR0H8hSmrv30LAfYk
760,760,insert,two_____,____8539,vroPCB9AE32eJHR9Geqyb1tovF6koQBkv4Gl
760,760,insert,one_____,____8540,Wmno8wHiIfAPacUGbmUH2th3pG2sfwvF202MBKjdLxBRRWzFmwEEa4Q6KXYVb
760,760,insert,one_____,____8541,9QQFx63MhoPw39B87NI6Uv3s0iW4PKDhG40peFCIcP
760,760,insert,zero____,____8542,QCguG8yskUJWV3stkNs7KdM2NERvFbtH3PtafhGm
760,760,insert,three___,____8543,KtdPjY8YnumhsDhFeMaqGWWga6h9JCo8nfNCXMZvYmjINpvgHQytJ
760,760,insert,three___,____8544,eEBemf8K9VAC0AA7a4u6XdBW4yidvsG0Hjy5
760,760,insert,one_____,____8545,NhpfNxY7nC8QSScfJYnKhjPEDstbLVWl9NqzlX5ZmNrzIkZ
760,760,commit,,,

761,761,insert,one_____,____8546,WPSMm0YOEWedeaSLuGZKganfh9q8tPqSk1ckzjhohemJQ1rJxRGFrHl3Aoh
761,761,insert,three___,____8547,Z1IkcNxCmPzNBdKjjx3D3eE5mIn78h5vvOUpsY1EFhNJiX61EVxkgTCsjf9d2
761,761,insert,two_____,____8548,66HSBvZnrQo0cTLTxxjjxt5uyYEgCygkC6xlIE4mgHTxKFGCj0Byo
761,761,insert,four____,____8549,ELSHGwaiAysmB85pv1gc1wevSt3kYVPdBfhxng16HFgaiPiUrpD95man
761,761,insert,three___,____8550,YiPZPBykfsLbEFaWLL1nG7z05Sai0zdLhnx8ibDGmNHJgIYqDxbwZGDur
761,761,insert,one_____,____8551,A0yRmEAezizlTyFJwQDDoZs9NRKSnm2WxPrjLA0LpEbMwSYg77IcOlosKaQbcYe
761,761,insert,three___,____8552,VagKO9sUBJAPbTzwc74BFshjlXUH5c5zJoKiinFDz0rzLny7BGZHL6OCJUrNx0l
761,761,insert,three___,____8553,3ZbEtHx3N9fJJPF5U4oFAECEVy8DmnHEF2obPMX
761,761,insert,three___,____8554,2sCNhgxlOka4QLwlFCsrMpJ7GkRbMSQzWDAF7hzD0gfapJCEzUuKxi
761,761,commit,,,

762,762,insert,three___,____8555,vd3vYu7ZaAXauiMjinS5AZZkRCGftkZziDTIqwreIO
762,762,insert,one_____,____8556,nPL1tmMPMyMzMraApxEVjBAtBpCXI0pyIm0vTgcIL
762,762,insert,one_____,____8557,EU1sXoAVhseyUhMjiA7EFOmzI8XBoiU9Y7cA2C1q2Wa5
762,762,insert,two_____,____8558,0B8FqrlAT4NdiqOSPOwzvFVqVUL1ZronFUWjgl8I8y9fRxxRdZq2XjPNeym5
762,762,insert,four____,____8559,F820jNiNdpP6CLQzTWmERdDKJvpky3FXaBp8NUoX
762,762,insert,zero____,____8560,Ff2JscuZ9nUdx5IMW4QKeNj5g6U3OgskL3vdmJb0L0Y8uCJkN
762,762,insert,one_____,____8561,oE8qlMzATi0KM62G3mjDOn0TKoQkgKzzJmSMpCxcH20ggJ03BSRI9psky8GpE1ML
762,762,insert,two_____,____8562,25o6l9S83Evfn1BndNwR4k82zrhU987HAzKtmRrFCUYS120ONGA
762,762,insert,one_____,____8563,kbulYTWYR3fSH8czYCo9LklCGwbtcAeZT6LTo0IU1SG4IKyvUNsjcW
762,762,insert,zero____,____8564,xnzXpe11eEYvy6wvND1dLk5NrQVrh4B2F5MG3kVAb2ljEadFai2CwcBAIvqyJC
762,762,insert,two_____,____8565,so2ytFMjJ3t6zPFODxw4cF6ssbZPDqNvdANlDNua2Lotq
762,762,commit,,,

763,763,insert,zero____,____8566,Vmj4FQPZAUZpGCEDyK0c7itzpw3Eu8tB
763,763,insert,two_____,____8567,VExfDRcJqsEjO7gcVujMtCAvv3A7dF6Uo8M
763,763,insert,four____,____8568,NWf4C1cmfdhKzbFdH9yTtal6ekQ4Osyjk6j83laXEOGOQ4ooH0YS
763,763,insert,zero____,____8569,jmmyc3ixM1mtLlM8B3vBNDYQEPJrD2JX
763,763,insert,one_____,____8570,7BHNqv41L7VPe36qzcFtWoRYELf5PiyumL2zvbAK7BRohuJBuRoN9VIgki9jpdlv
763,763,insert,one_____,____8571,ehKc7WWMPpo8MVj5O3FhofcW3gNgaKoyL9CfkEdGCWqr8sR6CQoN4aVr7b9C
763,763,insert,four____,____8572,5NkIRshLyHDkjEbRGcQLNqemFPfdj9p7L8WOuEVi6lDE1
763,763,insert,two_____,____8573,vy6sGRGtJxonLotL2IPjYj4iaZygfBB3SexhisDv8jnckG2KWSSa
763,763,insert,four____,____8574,zYH7JuP8A6DxWvc4RlySeuqnuHdZV26k1eRB
763,763,insert,two_____,____8575,7VPcmQht1MSX74bD6vEKmmrO03FaVjyRVisQzbSTokDhihWuht3rR48pRlIz7cA
763,763,commit,,,

764,764,insert,four____,____8576,uA3Auoebg1bjp0VhEa7LXEVBoTlSjkCnTBjiksFQUEmgbzqb
764,764,insert,one_____,____8577,QE0fyNiXOW6zpxUJU9xvGqZgbQk8WVABMdLDJ
764,764,insert,three___,____8578,CXI9wIQXxYYiKa40CTmlCgATXx2TQVAbVKubreGFeUQuirSBN442Oa
764,764,insert,four____,____8579,5V1AUFocieKAwIArpy7bDxO5BzDbgRv3WT7gVUD7sd
764,764,insert,zero____,____8580,YsO8JKeSrtphWqG1QgDSw0TkuBdeq3JLhinSl89U61WizrLZrQ7GPQiPJUDF
764,764,insert,zero____,____8581,e5ESDMCH1QJJEzf2Ysmy01dX9hEd8pXdEXJ
764,764,insert,zero____,____8582,KlIlUS3LU7ltTB8Nv0VwG8PIRJafHCVWlZYl7avbWS1nEUa
764,764,insert,three___,____8583,0zkRXmLQG4KHTQezHCWsIbVnsvdXhG4BP6pjRD6JlshwbF
764,764,insert,two_____,____8584,FHicR7zK4SS0ggyRjsody2QNS3oOMLk1wrN1YNd6YMky4S
764,764,insert,one_____,____8585,hOSbLBQ4EON2iQbn0gfuUhPmpls0VanW
764,764,commit,,,

765,765,insert,one_____,____8586,jtBak3aK2bN2XGD6m4vbIiQei6ELNxdBa9ObEGK8
765,765,insert,three___,____8587,caAk6MvhCqOysj51mVAq3ShtedV5G1zaA39WFqujYVNc
765,765,insert,zero____,____8588,69WRm5Ibo3wbkCUUGi8KEY0l7CfUbYMEoWBqRihiSKUQsU
765,765,insert,three___,____8589,Xx2sWLlX6d4BE54MgJRnvOQHnMzrIfEOUKI7hHsGQAg4lnSLU
765,765,insert,zero____,____8590,p21pGTQ5DIUKf8YfVHgII60lYbRiVVIyRG0s8fjAkMep3WRq68bmu
765,765,insert,two_____,____8591,MiMPMRJrpqDLB2244EPKOjbjVQmnHUmq
765,765,insert,two_____,____8592,qpIxLcgnZK6huppkGQNQDmICS5dXpBbRirQBw18WdivXI61VIIkVWI7Kk6a
765,765,insert,one_____,____8593,Y6QXz2k63nm6G1GaGbAclYlHDILUMW54pC
765,765,insert,three___,____8594,aMLLY4xwIHzYoZJowNraSoJKn7NvrFUIUaBHRtMB3Tzcy6lRqi8p
765,765,insert,two_____,____8595,C5xxXu60qwQB9Qe3UL0A2Gfj4STVceUyttcbfnCe4
765,765,insert,three___,____8596,drJqOTk53rgFo3ppHz1visRHatJdTP4QfGQ5bZGrrRKYmlU06DLD0sWgpDeaq
765,765,insert,one_____,____8597,b9tYmvigGeJgABNddz2XNZgD1gGwxZKqRhZEHo8o3Krot
765,765,commit,,,

766,766,insert,three___,____8598,m6ZfssgjZ3Y76Gt9rkkBt1QWRZyYqP79i8l2GD4SvJ
766,766,insert,one_____,____8599,kM7GifnSm450wzdBk4FyUHui2GAA9eagUomKo6ka8F6Go5aR3vrqeub5l7
766,766,insert,four____,____8600,0w5QUruLZidUENnHripj1EDMFl2BDF8vDhPYWjU7Lcrll0h1MHFrRwa
766,766,insert,four____,____8601,gTMNkNRLzJ7gN3wlmDzon4mVcZ7bhFdcZqd12R8oQNWWSclXxyrEGW1zoxQV
766,766,insert,three___,____8602,bFkagfGZijTWIXRdTlPOJnx9C2Vl1wYH9Dprl4r52zJ0VnBXc8Cr
766,766,insert,zero____,____8603,5S86puQnOF3nMN87e17vqXAV3tCpP5AQTtmfxmHsFVkPFL2KHzzY3
766,766,insert,three___,____8604,3Abm1Oze9YlAKotGfMBltVhGr8wlW3eVaHsqEZeyhOpkQRLYINXB
766,766,insert,one_____,____8605,RAvxIBTM43b7HJEMSOSxEQUB8kdnwkld3vwqnwr5umv
766,766,insert,three___,____8606,xl0szrvVBcZHrXwExrqFj4XP5LzxdZl0yaspsPSJGY
766,766,insert,four____,____8607,MlAAFy0yYfZcL3eWpWdxx3oZ4cHHd1istsRC8ifOuPLdQUatMWNSO8GCbyWh1
766,766,commit,,,

767,767,insert,one_____,____8608,wETGxvhXlqNiBiQOMYyvajTsNdUHx4l3s8t4B8jx
767,767,insert,zero____,____8609,oWhO7eKRSx44J6VXVTTARSnGy7v4sjR5sGfYr1FdNaHv
767,767,insert,one_____,____8610,xHNQ6v9315rrp9Eo1YNkaXhv4rs6qn32pgy0wao9
767,767,insert,three___,____8611,3ZT7Pjj5px3lSC8edZOiOd21RGNWNDjqTbxq01p
767,767,insert,four____,____8612,3Tb7bMa0P5jm7k3wumsCgqeQQTpoEP0DqXgHKpwNq5J
767,767,insert,zero____,____8613,YTA0pWrMpZaivpLNDVTl4k9WiMwIXIJACO43nJnLIVBRCUu34X6mpgM6Eak8hvVk
767,767,insert,zero____,____8614,5B8JEsafyaQZxEhU7wJTeFTQ9OnxvBDPej
767,767,insert,three___,____8615,GQxnbmpziVmBoG9B7Gb6AIL4GK5uPALYDxBojUqjIsoEtgI7ugHQWApxZmxDwPv
767,767,insert,four____,____8616,gZ4K2FpGwsN4P3rGoo9L2ySIsvGqd387RuilIfZEDGIUpm3JZZqUHC1pw
767,767,commit,,,

768,768,insert,three___,____8617,cNRSv4I9iZBXNdqZ2u8zSf62JfWKDVqYMOCpxtSKSx
768,768,insert,three___,____8618,4qqKmEmoHmGv22nLkfMQTfirKsyIo3iOpREXIcpAQ
768,768,insert,one_____,____8619,s2EDWpuG9SJB3IjMDuh1pPPMNjftbW5NpbQDLo8YMHUMypRohsIoSdGQ6PJ3iu8
768,768,insert,three___,____8620,vZZ8bWVJPjwyYTQv3YRE4JcC1fHOPaQaqhbnOp2RB5l
768,768,insert,four____,____8621,IqUrN4cQ9cIXPAb5Dhnaa2ODMJMJp2VqsDivpe4FUtaC0qFQeTdcVbfI191Vr
768,768,insert,two_____,____8622,Yot6rKa2tltCPGAi7y2HJJip6JvpDRGesy
768,768,insert,three___,____8623,nsTlUt8vKHPq1JaqAuinukrVwHPv6gYytBiawHT0ziGvqCvd
768,768,insert,four____,____8624,qjkfFDs47Pi2geSZFtW72oTW6RcH6Twm7bfAWQKwqOqJOkWOAePALqPpk
768,768,insert,four____,____8625,xQ75UobUrJ1nlaFcesf3tzSgqrLqFNhkEg1WeFGWb9b9bFvjdOM
768,768,insert,zero____,____8626,U5S6WfMT6LrhsXR3eTNEef294MykxrnS
768,768,commit,,,

769,769,insert,zero____,____8627,hhnCr12AuNdTiTYTBJ0877ieaYjvQ2Oscbds7opHwP3PPFPnv5EKBxuuxYaQc
769,769,insert,one_____,____8628,GRErJ0MSG18qaV0TtNDwurSha33YOYAO84zcCWXsFFHv7MR74SeQYi3UGXBk
769,769,insert,one_____,____8629,j9Ytxh7hoanLpQXwRMS3wvIqHci4VtYKRNVpQYwWCNwE9kYX
769,769,insert,zero____,____8630,2chAFSMLzCkdrPmzhMZbbcJwRIV5K0qjkfHfUVPX0
769,769,insert,two_____,____8631,UNniovZrS21bsv8sDV3slTyDDygyT53qcwqUvh
769,769,insert,zero____,____8632,udL467KpWPWnuWNKUshweDnohzuwOdXpszo
769,769,insert,one_____,____8633,60j8TFHcCC9uQiOBHW7xeSoO4lwEVP6UtGD0DDB0ZQpCXy1cxnYtoWn
769,769,insert,zero____,____8634,BbHLLkqazsIEQZqPvfMHThgBmjEqCzHdtL
769,769,commit,,,

770,770,insert,zero____,____8635,dOBE8PxkNptLdtcgYgFcbTJcYFAOXpCcdFt6iXs8zjjSiYHcvvFhS8KnRbhqD5mX
770,770,insert,one_____,____8636,QtwUneJsXkGdEZRujsvBULzgWPMtNI4NLuC4tbmyS8Xb9Q
770,770,insert,zero____,____8637,YXfEPXzgNaUR5nzxQvVQObIgnhOhJZu1LdyTFey993OCs
770,770,insert,three___,____8638,rGU1acDkv8KPLMyk6FXJ5Xkv4aTfcM2Gy91PX4nPac9Hi2g6BVxlJ
770,770,insert,four____,____8639,bxgT5jXqEBXrNQKn7ZdhxtwHpgiaVndxjkN2HnHJZFMCM0tvYNVYLrQQVx31
770,770,insert,zero____,____8640,SN7oPHWLudZWnVpcThxLnNFV1X6FsBZ8yZqncjdVe4Frx6nXP09bQ
770,770,insert,four____,____8641,0UME3PgozFsZqFmWmFYiQzOIj1dEu15xD5
770,770,insert,four____,____8642,nXwmTh9hA3kEX4sr98KzaIva9T12S1hK8PaP6
770,770,commit,,,

771,771,insert,zero____,____8643,rFmygKHeoYSC7I1laqDlrK2bbeAlpa94zdJfR6Eo3C7dijVBa9tnyIMNOypSMFRD
771,771,insert,two_____,____8644,6czpBJLHhS04995iWTC6NFr3zmt6zdTwK1uIEaNoBbfVLsd8ZTsIW
771,771,insert,zero____,____8645,2u80cqV9OvH3nxjj41KMjuyKwSnQVXKwncy5f4UBuar9zMNQphXazi
771,771,insert,zero____,____8646,DceeoHnz9SaBqxxN5zoXGKdU6wJdOnlqLEhI7VUxukgIHZAfoOzjLlHB
771,771,insert,four____,____8647,viY92cVaHfELIzKCZafDXfPPb11ML338kv1UAMp
771,771,insert,four____,____8648,3bFET9fs6Em2CFkX309TO1gn5JPndssXVcncvuIM3LhHGizDTpgE
771,771,insert,zero____,____8649,uBJGNlI6A6FXSGNGbJcw2XM0ie2YtC9Czp9pLTP5jKRv
771,771,insert,four____,____8650,LSkI7Bb1eKAcRSIQtRXK6CD1oEh3EyP7Ir5mJg0AJOTTd4GtTcgaSvXvkTaS
771,771,commit,,,

772,772,insert,two_____,____8651,wpwvACSV7lBcAeHJwwo37UvK8B9USD98m5Xvn3lXuOO
772,772,insert,two_____,____8652,NWgQBqgLHx7OtEqYcdubISutCNiLqXBFmfAHeF
772,772,insert,four____,____8653,qcWvXQzNX5ODRIPb3dR2TSDyLZC9U8mb8z5IP
772,772,insert,four____,____8654,Dv8FBnA462wsfMlY0XGWjAFDtzXvYI1F5tS7YfFTq1XtPnMdAcBmPNLN
772,772,insert,three___,____8655,nVyx965VxTlKbHwqX1gpRUrt79suAclyWLoXczGrRT8aXp
772,772,insert,three___,____8656,W9LJC0Mkl1BqnSHW46XEFwrNQiSV9wQzgiV25OcZ2hMQwBS
772,772,insert,one_____,____8657,2CoDz1fzr4s2xwAYzGBrEMqRRj1HE306mE5wkw51ZztCdik5sWsc
772,772,insert,four____,____8658,fSXUEV8SgdS0k8Wdmjo99Xh3seZfkEL7WO
772,772,commit,,,

773,773,insert,one_____,____8659,i4gI45yUzcf9AGRmpfSUEIQDVayMMIrPPSjw47XTBZTNJ2Szm
773,773,insert,zero____,____8660,BzY4gJrbThQ0zYdijAZsB2pMEuTy7Hvuw
773,773,insert,four____,____8661,6EFd9FNKDKt4FwvbX864roeDPfEB8LERPEOKB6qBbHuwd
773,773,insert,four____,____8662,lhUspVvG5wCku0lDwLtXYSbPggn7Rw9vHSbH0ejAbeEeDvfG3otHIS2
773,773,insert,one_____,____8663,DHVnKBP4h21U6PzWhab1P7klsRWNP89vCOThnnwWN0eNafgJrPzrc1
773,773,insert,zero____,____8664,td8vSsqMcuDAer5efdmBJXBkNMp02INDd16sqXvXCH0RSHisRdLb8
773,773,insert,two_____,____8665,1vJmqZ9tV2FCrzhN7mvx1fXDycIPXVLwTwPqebo
773,773,insert,one_____,____8666,GdovGc2t11qq48EFAHutgTnGg5bVimJ0XnpEdD4SqfhpJSJw7VsB
773,773,insert,three___,____8667,nklJM2I2KJW5EzBGDIdHFwEtfP7KmvxGqDJhjLp1eysmeLHsA
773,773,insert,two_____,____8668,q7MYXelnh461TGPSycYhIm3CqE7xb18bR1
773,773,commit,,,

774,774,insert,three___,____8669,z281KesmLRnw1UKSYhzd7UmCCIxMxkxjkXmzttJ1SEK8mXe11IN
774,774,insert,zero____,____8670,AMmNsba6PvbAxZxvnj7Ffzqkn92iAtTYEwO4xIbk2ksxOM
774,774,insert,four____,____8671,KzVne5rLC60gUPccR6kwgutU9fu9ua6Yc2iKCM8s19X8SfodnSLk0r1Yf
774,774,insert,four____,____8672,ARjnudnbAg16GIx3lXPHa1txLWGXiTkZ2fmLM0j1pERRgsWP
774,774,insert,one_____,____8673,CeVGjhctSaK0pZ9Qe4LIqO77hzkF4CS8BQSyq7uazxCNmHGBXeJ
774,774,insert,two_____,____8674,NRj9vLFCnO1x3KzWoa1M9rbvGqJJXUiBtcRiEJDBaEk0Uzd5Wb
774,774,insert,one_____,____8675,DBiY1AmwINJsA0vTQCDz7S1axGC8rEeVlrZUX86kg6AofwWvUY7Ab
774,774,insert,zero____,____8676,1BrLriLRmFAYac6jnK5i18v9rPNZ0wz1wFdIt02I66Gf
774,774,insert,three___,____8677,JT1ofy0KQNyLiGUqdRKWxkEzTKoTaBQNOy7GtgFlNlUNdJ2ga
774,774,insert,zero____,____8678,Or0ThdI5D9Ha1SBfwlKecCGGJNKCKKJYNTtVnOhxAGzpLy
774,774,insert,zero____,____8679,EFMvkR9P88TsFEEeV7mtXuwraktcDo9DJAVuTO79
774,774,insert,four____,____8680,4pdoOp8fqG74W4ZltV6BM9gDUfj6MXDkynS4OghbFRA9Wh0KX1y2AziC5LC
774,774,commit,,,

775,775,insert,zero____,____8681,WZt2uE8qY9W5NCcqKE5vVfZ3NkoKGAQuLnAfFTD7vvIME9WiiAP88kEb3ekMTYmZ
775,775,insert,zero____,____8682,Bnq06kRXM4Kjl4XfnK9Zw9FaPpNv7FLNQZl4jiqvsXpoUAd5
775,775,insert,three___,____8683,wQH91jv3YuSC6g2N0HbvQzdhCzfurgKepy7u5K
775,775,insert,three___,____8684,lxr2VUBswokr5YyqEWR3p0bGk9DEXEstQRn8oW98xtQkHWFHpx0UXfqydbpL
775,775,insert,four____,____8685,uNpOlBBzUXC6UA0gWCT9VdocAje4xEGdnBsHeH7f3Zl6aVjwUhtL5NlUDvHvQ3L
775,775,insert,zero____,____8686,Kssf3BqiFTyEntPwwIr51NceLTWLS7ItRHdecxbEyCb7qGUkw
775,775,insert,one_____,____8687,psqDqYobeVbYVWDUipNKCRscC8P6eyfw5lZfA58fNEPctb9e8YwBIoh
775,775,insert,three___,____8688,yOExEdLnd4g68YvuRqFDS4nOtrug9hbR0NRzxzyM
775,775,insert,three___,____8689,Vwo8hNVcJd12he4ifkZmYSmKADMz95M4tmguO3jO5
775,775,commit,,,

776,776,insert,one_____,____8690,GXSFBsP4ydQblhzqR3SECHmYOMHWjRPZUnp4C
776,776,insert,three___,____8691,mqbrHzKzqQUJ0jNeJ0yN04RNG4mUecBe8VIxbkQm0VhJxGQlsLYm86Bz
776,776,insert,zero____,____8692,JYyNfm1qxQXgjsLG7KQ3gxbicnAJoYIjgNnBRA2i
776,776,insert,four____,____8693,S8QpRCLnpJgw003jgMMXkduYHLViOXHIgTM3gL
776,776,insert,three___,____8694,wuKyxmTnn4A0y01KPuAnN7miPTdokGkA1ENKpmhwYAzu7r2d0ilovrUVvtSndO
776,776,insert,four____,____8695,IBpzYCNqc6EsyACFldCWVHbpNRdrjYZ9Vs8kZB3mCCeuf7sR
776,776,insert,four____,____8696,P2rujWLDbvxvg2yIMl1Lkm8Jb3VvpqbqUDgFqHNOE2S
776,776,insert,four____,____8697,bna5FveEuBHq79sM3xlCRqjKKRSq6jWG8YENtyimzWRfXSHpRs3dyRoQcb
776,776,insert,four____,____8698,PF7GyR9XDwl0uzOeNJIulujN9Mg1mR75UCqI849K5kou6mV7
776,776,commit,,,

777,777,insert,three___,____8699,6n8ogn4UWNH3l3HPQMmjdUrzfCJavZYnpQ6WIbZFOK2cCfcCum4EBa
777,777,insert,three___,____8700,Vbk3iioyd4nmBirDApVfyylZTIaPXQyL1PCJ5G4
777,777,insert,four____,____8701,lSX5tT0oMzJQVSqAiJK7tlP4pKGUKW88aG7U1P9uw8ms7VSa
777,777,insert,three___,____8702,YsrAlqwODvbPfpJBPLCpaSIYXfeqQEwrY57Dd
777,777,insert,two_____,____8703,Ru8lb1EAL3ECEDY8Un5MiWk46VfBbCOCqH1h
777,777,insert,three___,____8704,SNwyXqQkMG7vtv28pke8AQsHAZzFiG0Dz
777,777,insert,one_____,____8705,RWP2qlabbQoWLsBpZ8arTevgONJVwBUqv
777,777,insert,three___,____8706,wTXWh71WEssoWq9cdBjF6q1uSanlGAQDEnhcuH5VGx
777,777,insert,one_____,____8707,ILqX2WdwteqkJNH4Tthf1RGwQ7aVMGEJSIvnf9q
777,777,insert,three___,____8708,ju8ACznRZVizpkSu7qv3Q2UbFt35biDCdlbQHYWheAdAWDb
777,777,insert,four____,____8709,zm3cmx7CZpm7geEWpg9jpKBGik9YuDA7
777,777,commit,,,

778,778,insert,three___,____8710,p7gTAe0VLUlkxqoc4tzF4VXGb8n2KeunnowwKqKH62pJVajHy67Rzh23
778,778,insert,four____,____8711,qs2J6M7OZzNEVG9uNfOWFJY3NEfbyODYUdJk2oMoUNSQuD5PT2xfRRCrjroqp
778,778,insert,one_____,____8712,uq0ln8t6SPrcvgpcgNMPyU5Be39BqJOZacuBFo
778,778,insert,one_____,____8713,4rDTw6YdYvqjOdKTeq25ygmJfh4LGSdJgmywT2kupaKDivaBlC
778,778,insert,one_____,____8714,CnZaUkOQnUCPXDXdTSPvhXsY6vVzy9uFLUeSOeNQ51hItwBCa
778,778,insert,four____,____8715,OpRxsyWZCaSmjbyP0WB9VBc9abJChpNoOdLu
778,778,insert,one_____,____8716,VLwccsLPvK2jryOxTAc8il3Uvc9wko98FY4sLF7P
778,778,insert,zero____,____8717,gdI64oBpTJ5ecXMHHVDC55ZB7aaLQ830MzMJ
778,778,commit,,,

779,779,insert,zero____,____8718,xszimeIxUGaoA62VTdU6rc6DqgTpo12GEr6I9KFEOYZz6w
779,779,insert,three___,____8719,utLMyCFGyDv4UU6ZCYclyQ5UaQn4kA7EQnqSc7wPclCv37NjChukP
779,779,insert,two_____,____8720,8zmAdkOACh0F6td9eB50sA0bSAowMgh5cQNZONtsPk8
779,779,insert,one_____,____8721,QbBRycqPZkcQi8J1dU7ZIHsOK9tMjSO89NTaUVA4zyv
779,779,insert,two_____,____8722,fWtm3WCI4dToMS7XGuLUJ71MXkczl35cwfW
779,779,insert,two_____,____8723,pUVnbsHgvqagdQbdd2be4iuqzqdmihQ2pIVnN6rUxZJ5ux
779,779,insert,three___,____8724,VhyItjipRTTuSt6R9m0iJyY1DKFcVuvi0N6qBRi1RFoF2
779,779,insert,zero____,____8725,9ZwQL2aDTQ4CtdU2f149U18dNWIOLAsRpJm3kAnA
779,779,insert,three___,____8726,MJAC260LaO5lRcmPoAJobebGVZyMH7VFQ6pWldmLGq5SmPVWv6hJbXj
779,779,insert,two_____,____8727,v2X3hMYDqK6ujfShXflbru0GK8bvk19fESh86n2CQaLV8acIGUl8Ilw8cV8L
779,779,insert,one_____,____8728,zZUcXOyRrvmoaPy6Sw0ed26LlomAIeaP6O20O0jegD
779,779,commit,,,

780,780,insert,zero____,____8729,cFBV955YayABA1THjyFFd5MzLCltrskLx7eQq52EzMu1wne0kM6Qm1Ne1ojSDq
780,780,insert,two_____,____8730,azajkwSLNCwWOOmCBMPkk3zYB4YC5znATEnsogDCOOHziQwgT6NdK8
780,780,insert,three___,____8731,9B3V4s7tzp3PfEif6iwMxbXJnk5ighpRqBa
780,780,insert,one_____,____8732,MNImC6Jk7USlmyqk05mNZMCRKaAQwB2Wm3
780,780,insert,four____,____8733,HKdSqYvvCxVeutAZRYHWQ6KWFV168BaE3yDs6yB459VkXtj
780,780,insert,two_____,____8734,6PhOdfNw2R9w3Z2yh2ea7mv0yMolQObsigVG9yqOgNYpJBsJ
780,780,insert,four____,____8735,Apw7ihnbDTXd9kUpn4XGxW5QP5tcUS9SsXKeHNOGDn23dVKcAXWVZR3qJf5G
780,780,insert,zero____,____8736,LNT0abmZPiuvqbDZkFSQETR3w7koNvLCGC1klatlLseyKSRnXKa8eEVedgeS
780,780,insert,three___,____8737,Bh5R3GyQlDbCg9KvcwiJ14uHaKHJLs9l
780,780,insert,three___,____8738,jAyToQPrVmoJJPO4dJrvj6dKxbHTJ3OBX
780,780,commit,,,

781,781,insert,three___,____8739,drz7eVYPVc1A5SqehnyYq7TEAI7VqgMoPlBR8OpfugV0d3ybqzWQMiAw
781,781,insert,two_____,____8740,lROYAaZEOqcAPasrh65WJUasL95AyUsb3L3CS2KeH0fOLVwbfkmp3MNGni5D1nb
781,781,insert,two_____,____8741,hnwpaLh97mCyDOxXuU0RnoPcwR0WDI7XcdMO5f0eWag0yKPjJbcN
781,781,insert,zero____,____8742,kdpQRegIrIKaJJzW5WDM37vq2DpBdvyNk3RXP
781,781,insert,one_____,____8743,HFTgJez8ncVVCe6gvrZIAip5dTdFZvZTeGKN9RaQd06NZV8i9tC62euzGABD6HD9
781,781,insert,two_____,____8744,nHmK4Zu59Atng5Jj6RnqJS2qeWb1E5OrhgAHF0Ta
781,781,insert,three___,____8745,iJHBkOYOJrKab8iyO0RBUELNMcQmHCO6Q2CFS55paCDW
781,781,insert,two_____,____8746,8ABeliZ1IEhjkS8IrD1iiCYn8MVaOScEIYPiJbSEVc0
781,781,insert,two_____,____8747,wbzozrxl5PaesNS55bGA47mgscIF6RDtJVmNvXraVVxVoW1sJ7NxsCzj
781,781,insert,one_____,____8748,ig7BlMablUM3c55OD6ewNIH5nXpQSjVYH
781,781,insert,two_____,____8749,E52ZNKDycyW1v6rMOYbBOUz2BPkkTnFXYAp5SQm3whcoV6LIzbjBKR3Yepo
781,781,insert,zero____,____8750,wSezZ9HbLmxg1uUqvkmQwmdtWq8b4Jg6RKuo9sNQ38
781,781,commit,,,

782,782,insert,one_____,____8751,X0AOJyhi9mkhjiOUWI816oSx9kH5WvbMxa2kxO0gSaZf
782,782,insert,three___,____8752,RZtDRz82fjLebsdI7rwlZoRX8aGE216bOJkWUSwFHQy3D4xmsG6Y7zKy7JWqej
782,782,insert,zero____,____8753,4BKIYvsfSLJAidipvB6WLj9KSQ9eel2lPJW2nV4R8T
782,782,insert,zero____,____8754,FYVCiaZRQJ1IpJhzaS0rX5DfBPDJaHPrM8pqrtUluvu4G97xgHVCymDLSBk5GAb
782,782,insert,zero____,____8755,BOft5GjKOCb26WJeW6UYPAMZL1NNXIQ1S0LOXPKG2znVcb
782,782,insert,two_____,____8756,oRXwPgeyUkpEKGNEgkfLHo0BDMw4gUEmjqaZzoT9weM3l0g3ZhuBVd5Ja8H
782,782,insert,one_____,____8757,apERH4Z9zp72NrqjWbthtMxbu6eK3CvP59uQH
782,782,insert,four____,____8758,FL8HfOU8aqtqXat3oBWXH1TzDBMoo2cl8bpVpz5C
782,782,insert,two_____,____8759,a1nqCMjlyHz27FYbhb8gVkQkVMxmyvvEtnoJos5BEI3QJbli
782,782,insert,four____,____8760,7bZKwTF1c9jzaNrcVe4uyRGuGpRjDEGM4kTG8YWiufjuhVPUYv
782,782,commit,,,

783,783,insert,two_____,____8761,NKzNqvP4c0MVNa3vWmISmDkUgJFGLew5n1Lie2Ybrbtz8A0fG
783,783,insert,three___,____8762,O0Ft2yiUjK6n0lnKiCZKZdoiyVDQrYHrdHlNckyZ1UZP
783,783,insert,zero____,____8763,yZmVxl1HTWBbLUUSoLmKr5RTWoyQP88s8DwmEjH1T52M93XNaWp0ySuYvr
783,783,insert,one_____,____8764,P2PGrbn08tehiQwCCPHm1XnE64ClKqoKi2erFMdqJadcxWt5sd5P4TB
783,783,insert,two_____,____8765,eAviFuw7pUi6njHDR7juNNpFW9o5wqse5ifWoFvy7L25vwkmOzO2Bk3Nbwsd
783,783,insert,zero____,____8766,PHuQHsjGOiqLzOhnmtKPWcchtPPBieThLzKSNXGsc7jhOEppuB4OU9csoqY
783,783,insert,zero____,____8767,VlakI0066Nzh2UevAo5ZO9XIyEJmyyaDxwoSCaReBToc9z8tzNzIVDG
783,783,insert,three___,____8768,jDbZokyXrMFG1Fa1VBLUhjU4rNh2Tf1l1yDp1Rx9i1WsPwhyy0
783,783,commit,,,

784,784,insert,one_____,____8769,QAWKz7epzC4fjLdETn15Hh3WUMG72vW8QAHSqqPZoEq8Nghrv3XQZ9lGUSfQ6jl
784,784,insert,one_____,____8770,KxwEJAKRUyMtHasj62hepKfOKxncxy5uAvFuw0J3h3zBjE0Dpyvzqf4ZUKYNV74
784,784,insert,three___,____8771,mPSGHHwKobbpni4rn0N1lsb85r5BWm3rd4lb2ZCzp
784,784,insert,one_____,____8772,ux5DNTkOZTl9jn1ki9pARKK1bLu5PlLj4MB9XSALqU44VgVpPWAYX
784,784,insert,zero____,____8773,kq8CGObGR2991tYsn3gG8ADAWM7M1dKmVkWkm7nQiVl1KCdeY3VQo7
784,784,insert,three___,____8774,v76cdTYRWZvk3fMHIMdzo0KhY21kmaQ3PnfdnN21Ae9SJvFp1h1cLPM
784,784,insert,four____,____8775,yrEdApQcyHCHhjxwqad39NKMQNM0yyjtPxk8Hg63RT63fRQ9s08DOOgupKy9ZO7B
784,784,insert,two_____,____8776,0SvlltjKXLDS0BHjCXOVatY3BrHaYDRQqdfHnvAtc
784,784,insert,four____,____8777,YlS83CpiPf8rgScQK3URdwpNhmKa60Q8S7c
784,784,commit,,,

785,785,insert,zero____,____8778,FTbpyAr0Ze1W3ZadqjAFbSMNbVP3Oia3i
785,785,insert,zero____,____8779,PFamPJwg9J3GOpTZWrnremn2KxgguP2uXfRwTxJBewvxi
785,785,insert,zero____,____8780,eflNixKPxk3y0llvM4jpxM1oK4iAWIyOzv0
785,785,insert,four____,____8781,3ZtPHw9uKsSj9VkN5DKFqD6sJkWj503vChzdeF
785,785,insert,three___,____8782,7EyFkBJIXhjbTJzfiwwt371eNGVbRJjNpljaPRGh6nmhGEmz8tJ
785,785,insert,zero____,____8783,WbfvToeed53vVTOWO004wVeQ81msv19M35QGbu4er0
785,785,insert,zero____,____8784,qTjJmb12jbBgFJpg924Me04uXn3ZTK9dJ3zFZchEK1LoL6Ae
785,785,insert,zero____,____8785,YQ64ApU15cuchyXu12gcPW9DaRtPpABM5uB3IUGplUPh
785,785,commit,,,

786,786,insert,two_____,____8786,oHP02yIaV2fxboN2xwI2MpoPbhYQhVdfrn3wMQRt9wUVrBRHtfFcrLXPPwc
786,786,insert,three___,____8787,ELHSxspMfo2GScPRAqzaLQiLoBzdCncUknLJAjJyDRFE7Xyya7EzzkttLo
786,786,insert,four____,____8788,kTSsWZqLYOxH7q40VZmpzbYuDnVfhX2AMKtBxuBcRiU
786,786,insert,three___,____8789,hOuaHVR11snh98DOjHOsIwh449J3wrqkrK2BeTmshm6G
786,786,insert,two_____,____8790,2ENG7xC6zChwzasq57ZZkD29hEAPFV5ufSAaaWbTQ9J2Lc5g3vMup
786,786,insert,three___,____8791,ooqmnaNyokXWA9MkOASN3M41um4UXDPjpphRjg3Fai3VSJTnDMkVruhfbFh
786,786,insert,zero____,____8792,yCswfO3KpCqqtFCcFNGmVNCWy2EIbyeVq29ildTMwXDgv3pdUjX8mWLsp5QZLWp
786,786,insert,four____,____8793,CatYYKvMkqm4FyJL1r73MmpltxOVsQ1NL0hpoqvDhshXNxF5fJ4T
786,786,insert,three___,____8794,qhaXEFT2C0KhMSPkKomUXz6gXvwbygj1iReDSGc2av
786,786,insert,two_____,____8795,ZVdE9b8JFqhugDNOwPkPoVc1do8UguIDrKyv4b
786,786,insert,four____,____8796,SiK7Qdv6mKBntX0jYMhdKce90uyMcCQyLDJ2
786,786,commit,,,

787,787,insert,four____,____8797,xDXA8RaiQGdmq7qgmOyuj8xtDZ0K73f53lR2OiL7MZiO6n
787,787,insert,zero____,____8798,23wmHDWWTTBEIAOKDaG90AhV7PrqFRLSTDmYRS9EVlBzF
787,787,insert,three___,____8799,zNThVhF0Bjx0pmFC2MTbiaCsVVxyBlomJB92
787,787,insert,three___,____8800,pZLjpYSyNZhHOBZtKQSRn1Fs6GLgA4cHedigDCtvdDVBq8T475qzlcKXXydqB
787,787,insert,two_____,____8801,C9qeK2YaazRBzA3cKOVzOSRxPg6xWIxJ72zPu9S1pvdhJV6v3OPoiaz4G4KCR
787,787,insert,one_____,____8802,oVDmLB7wKkzDM5GsY7CzX6tYxNKak7NCq5dHd9bpJd9Onw3UU
787,787,insert,zero____,____8803,5AjYiE9gt30yzyKBLzxRFk1Ko5O8EHOFerHmP79ec4GgbropDy1sagRsM8xtZ8
787,787,insert,one_____,____8804,Jh7tSfc712EUCZpHMPjhDkkmUrgc92sd0JiqBgYi
787,787,insert,one_____,____8805,pTozkUlsK6fHgBVzh0mrrQLPPQVbUT3ni
787,787,insert,three___,____8806,1Yblzxp4SPiUxvjd5bvO9xnd61XOnjCGgYTkxlRLSIHUDMeU9OjR2h7fTDXzvh
787,787,commit,,,

788,788,insert,three___,____8807,KoLrXwZmZpVtMgtA8l00esH6JU66uyCK58KcXAcbTYHukO
788,788,insert,zero____,____8808,tohL37Ydjnqbfw3t9CJVC9o0OBvzAy8GZ1fz1iQq06l7GgU
788,788,insert,three___,____8809,D6FnJQHnCCdyU6XskRP2nlzWQF9ir7yt58fc5QuYAqunPxWxn9Nt
788,788,insert,four____,____8810,hIuCeJiPZUC9njOvvRYSdHwqy23CG3G4GLDXjG
788,788,insert,two_____,____8811,sMgKn36keYOizOfbzoteHpQCfWnndAtLCpNbpjknyO2v8WgVwDH6wXI4454w
788,788,insert,one_____,____8812,JyPS4sY578spy9qe1yj8cCxWQGrEZ52e8RkO5
788,788,insert,four____,____8813,WBRaJRNPrCAUidLELp9RkMVrkFYqtO35TOcp26y
788,788,insert,two_____,____8814,9rjjHoXoUJnosj0Pm7dAQkTSDqxgjAadx75iN
788,788,insert,two_____,____8815,kR972fEknlxRuFhtPu5loKIlNtDycZoX02liepJjo1RS
788,788,commit,,,

789,789,insert,three___,____8816,gkwdgFGz8Nycl5THfzvS71YqUN6lTaJ5siYwdHRqzwO
789,789,insert,zero____,____8817,U9jj2z7GObHst8em5TBLfkG7eIendiZmzaAQ51cStxOvlVeNs5
789,789,insert,four____,____8818,3tfjy32NRZQPCWZXnM2VzhS1Y60Q9yrNzNXWtpXVJBLOQOVtgY8FLnI9n4gkd1p
789,789,insert,four____,____8819,emwyUecXQ98h6TB9XKRQ1jscIY0CL7SUEKVeui32xOrhIDtx
789,789,insert,zero____,____8820,6vguVpyMpUo5KtpiZVIetGXXxe1Ja6OvAo4FKs15
789,789,insert,two_____,____8821,5nkIwwsEdgP7BttjpEUIlcPomtZhh7s3awdGLu0YzXPdetN5SJiu3XHlq
789,789,insert,four____,____8822,On8VxE3b2vWBbif7jkuLGS6tENZOyM3hnVFkBV3d0fPXu4
789,789,insert,one_____,____8823,6dsNEIlAPhlIDMarxCfDK7W62FwrWMq1akSBnYNZLjefx0LgWBhFodEsU
789,789,insert,four____,____8824,2NtELaaYaQAjFBORjXNhVoRfXANWZpFvVYMGwvLevH0eEPlA
789,789,commit,,,

790,790,insert,zero____,____8825,MaiGpNHVpR0Zs0FiH0neIhHiWvhBYHI140Oq74D5VZ
790,790,insert,two_____,____8826,cDoxvlR2v6y9tPRLE2TzWEJSbmxwDRO0HuTe1TM
790,790,insert,two_____,____8827,NW7fgrX99KjPjJsAoBJmimGlZqUFejeHEzZj
790,790,insert,two_____,____8828,CkyIINATRBJCPIVLzaHVQygE2PCKzersvPR7KTFsTDvcyB4z
790,790,insert,four____,____8829,P0EnaDszn4BUWFCCk9lndUWhigmoFoEJ9Xdql2y65fCIJM271GESxrEL1NU4uexI
790,790,insert,one_____,____8830,Bpd1au6UwJY87qgzyWHGzuIQeTPsj9LbnRDIpWOi8oc6oYBzEki63uasqxRbugrv
790,790,insert,three___,____8831,deLeVUzJckg9St7nr0dRtq347tzR4GHpEJVAXQ4GiqknzwD8nGCWwmSovz2vVRm
790,790,insert,three___,____8832,jxftfuxIWsDMVemdfgDaZcdGAu0iq2qGzHaQB81ZaHe41FFMEq8rRZ1iyz47ru
790,790,insert,one_____,____8833,IxlFAgiKvu7QebC24o3c4nFzPoC3R1tfRjEmw7WgfmlfM5dzDgKX
790,790,insert,zero____,____8834,rlXSCL18UkOFZO7o8ktQilPmdSNwsM14Q4kUGKCW7ys6kbVujSbTl91Cjb01md
790,790,insert,three___,____8835,GgxR9JVcgiQgaiCzV7hjHFkegwhRu69EdPfypGmEs
790,790,insert,zero____,____8836,wueCNcGUG9nC9j3YCdYNn3HZceQoWlFjncMp7QUJsdNo
790,790,commit,,,

791,791,insert,two_____,____8837,u6t4VbEHUQRc4FzMCpl8nZ2gDy2alN8k4EFEkHX77
791,791,insert,one_____,____8838,DVfP1eUh4E7j27y6WKhBtrwgvvVhmmvAw7AOKFiXGS7PSY3jVgGa9AWnk
791,791,insert,three___,____8839,jFz3xL0DSPaAJtGeSTriJygOFI25Y6Plv6Kkdm3rRM5nREPJloJ6HYRomdCa4kj
791,791,insert,zero____,____8840,pNQGWhPp6WjkkZofQGLKeOkUDG0dgF9H7tq3R
791,791,insert,zero____,____8841,szhO5lku5YKjN2tCVmpkkLF1N1KmQjA3
791,791,insert,one_____,____8842,ef1qbuGOqcPyg2mRw9ui7HOQzjdR04PX1KjzhuR9X
791,791,insert,zero____,____8843,xmFy467q2BteBGRWZdChNDTKcGUCfYa5RpTRdyWP0JNXsd53v6YZ
791,791,insert,four____,____8844,eUQPmIAYFa1N5lZbAb5GyEbQw93MKV32Nv1SpRX6ZKYvNFQhyL3WnRmkMd
791,791,insert,zero____,____8845,8zFcWZhsufkQkZz3h2xZSWXhkcBpzbnfGUk8g7ER06CTYag
791,791,insert,two_____,____8846,EkPEPejPY7LVpqJFXMktyx1x6p2T1F6VlH
791,791,commit,,,

792,792,insert,one_____,____8847,zGRhXYxQgcExyU2Ai3ab678CVCzZkoZuUQ5geA
792,792,insert,four____,____8848,rWWi4ZV33vIOvdyNaKsRMWBPCtih9enkoVtIQ0fynSZ3y8NtrlBDISUC8BWughcJ
792,792,insert,three___,____8849,F2izHRvNIwwk3k2xS1M4a6KGAlNEUpcgc9rLCs0t76dj9IwIzU37
792,792,insert,zero____,____8850,ZJiOcVIFiWddttLjLqhjFAjNJv2F1QSL4Y5Z05GWdggxssX8Fnq2fxYM
792,792,insert,one_____,____8851,hEERKaH5wgZEsOnRxp5H2AKOCvUY3NIg2TwkeSp4md6n36sz
792,792,insert,one_____,____8852,ydNgLeotZA71UN24QDinxNIrFzB8zE0Qwu8
792,792,insert,two_____,____8853,y615CcuOzIaqFtGdjklEkKFxE6maZf1KG0ky1TmKYpaJpcyy6
792,792,insert,one_____,____8854,GQRs8GEUPymtbSS0WR1oSm4iVydemPyJ
792,792,insert,zero____,____8855,h9fRt9KpFGTE6HEPoqn0Ha3kIhZxfxbUjNdNfRGQr8d37XIncN3m
792,792,commit,,,

793,793,insert,zero____,____8856,U4x8P7QgcOIVuC4w7bZIGVpCazw5tvxB
793,793,insert,three___,____8857,lSxbfIixGzwNX0RpHjJY8MGvr7BVTMVszLdts0EEt5iUr
793,793,insert,four____,____8858,DUZsdBA14SwJEhnHzn95sYFijyGLIDUkeY49d
793,793,insert,two_____,____8859,9Ldt1bpR1v3lVLW7hTIdEYz1ckHVZCBBKWTuqhdw6fBcq
793,793,insert,two_____,____8860,30iyxd09QchOEGOc04eLH4mN4T50UO0X6LpZM2NkK2tFzhPmVSzIYP
793,793,insert,one_____,____8861,TjcM7fNsDFb52Du5SSlkSXtxbPcba1nxIZjeCmvXfABnIgxmrMvQE1Q43bln
793,793,insert,zero____,____8862,Lnnl9yFLlTTB3TxD6ZteKwhjiC8qnZWtHtmUHSzik4qQwmARXtbU2j3Oo
793,793,insert,two_____,____8863,jWJ4EP4k9pTI9eohE5WreDttVgCpXy5OrG7GV0VwEDsls82sfQxqfxF
793,793,insert,zero____,____8864,WoHUljvEkgX6bs53SXHdejXyqz8JK9gfx
793,793,insert,four____,____8865,tVneyvkzHVmKYdE6kh1BkroLfUnan4AcutalehfJ7nALd
793,793,commit,,,

794,794,insert,two_____,____8866,YuxPEBO1UwsEqJODmFzrSPfoWRDuBOSZESIjMLcmX4mZEc4ptuQ1v
794,794,insert,four____,____8867,M4EkC3Kx8zF2kFXhYrK4sLmuOifEJlYmvilygrJqb1mc7qO8aUSE
794,794,insert,four____,____8868,SYleiuDfuuwdei4XUuug9IVcPBKSfUh9UT0Dabd
794,794,insert,zero____,____8869,ynO3ZQUezLWp3Cub4NkFkE1veufterjL2mN8PidA4HeWDB7eHJQYdrQ
794,794,insert,four____,____8870,S6oaQqmaaQKl4DdTkHgJbDpbJu6kXLRSH
794,794,insert,one_____,____8871,O1UOaRl4ZdHJ8G0sNLPy8iSit5FzYPVgX8
794,794,insert,zero____,____8872,KGDOQclRaovtBfeqJiO0lVA60km6vcjjP8sCe
794,794,insert,one_____,____8873,piHRCnLZYs9Jt1K9yegiuTfyiQwcNNFnsjfvJ2XkyOpPSVz3sX
794,794,commit,,,

795,795,insert,one_____,____8874,g6IChg8J8HwuN6RIIJZCTLenqrjZDUm3Hc9V
795,795,insert,one_____,____8875,Neosz01ynGyvYoC3YplzY1X0VO18dTbsY5DGk4
795,795,insert,one_____,____8876,sgYODgvWWovTj3Efi7xjqwBdsq2bQztyX4LZ8faTkJFqTr
795,795,insert,three___,____8877,a1W06wsQjQquoGtzPLfnYqRhxAUJJ3fqrZVlrNxDWxmqXN39X9pxcv4GdzZO
795,795,insert,zero____,____8878,qkU5cb22fsGzDsdiQGIlbwYdq3gLHVc7kYXVhuF4sciZqpVQFUuVQAThGBXDOx
795,795,insert,one_____,____8879,9QIP52yPMovehW1Lp0ELirljRxScMGnszCicQmuCJHTRWVv3Xrb7
795,795,insert,three___,____8880,R0hjNn7XyGFkXlj7iXPgTySfe3uFrT9F5cfJtrAjNbdBFxbxQFL
795,795,insert,four____,____8881,1HRYtbFocK4NzLkujwI7J2SojHx3NKYFAOXzPLOslT0t594OWUcTg
795,795,insert,four____,____8882,aQp9QazvgR6uQ0tMJY9Seu9XlWAps5uSXNcSmnwKDGgXOTkMshCh63YxcPfAr3tr
795,795,insert,zero____,____8883,8txtjqvo2SuwDO4b8QWlHfxZNjlf3c36XV96Ad8415gfw3OnPjzzx
795,795,commit,,,

796,796,insert,zero____,____8884,9sVi5ZROKz0ho1FurB3KZATliGZoxKOz9psqxPR1C
796,796,insert,two_____,____8885,cwYAIKIKAsGZCnsuQ8IwfEXXAMZPnTVGKcVls5WE87gV
796,796,insert,one_____,____8886,p6MCK319j3S8817kWszJccNIImqkAANouXPJ7SDO1p8d6JtpMZrLBe
796,796,insert,zero____,____8887,ZEhC1V0LtlkllnWFhJsiNVB7KoBvDpOT58EjTqU4uBi9DnvCnYQK0PkV099GKug
796,796,insert,three___,____8888,2DHNmTHGPGkxQAsFVbUjRgDfMUtsAFjtEusk
796,796,insert,two_____,____8889,HEzomz7JwQalRzYQNxPgwewA0yj7j7HaFD4YcnnQrF2Usr8l7d
796,796,insert,four____,____8890,DwtUJUZ1eGtKKc5PrDD9lK6bIKHCOAxwbRZKFyilYG9w7KdH8w9LMS0BJZK
796,796,insert,zero____,____8891,oiyIzAcHA7gGtr8iPCFTvnyLKUZHzz7mNEJU
796,796,insert,four____,____8892,1rMLy7q9A8TDwazGYryx7AnrZBuimYwt5ldryRusn2gzSQ1wnxu1Gn7hghDi
796,796,insert,zero____,____8893,QzzAAyBMuP3oA1gjvHyIozY39z38rY44ud7W
796,796,insert,two_____,____8894,BV3bGw8ercVrHYipYHC1Kv7cWgxBjqtQgE
796,796,insert,two_____,____8895,Jzwu9IqB9ZZFvA2FmCzW21iLhn4n6GcF0L7ZiPwcHw5uQdk
796,796,commit,,,

797,797,insert,zero____,____8896,Y2m018PGmy71COl2POcGVAVlHff4Of2hDpUa8aeoz0EZf7Vq7Pd1pyc7rn
797,797,insert,zero____,____8897,PE8UxkMTbNTyKwvTE01m7kCnMW5bItJtPY6bttAUGico6Hd5f
797,797,insert,one_____,____8898,NE9RxlMLdef8HPBOy98vqRSvdHfx1VL4EuBkVcdoSgAomS
797,797,insert,one_____,____8899,VUeKQl4xzRkcQpRjM95k4OG2eyK2dzyBpciMFfTdDlK8Xsl5jqN9F
797,797,insert,four____,____8900,PhKFHCm7B47l3PB9W9KslJcPWYuNwgCSZgbzaQiwrQoatJegmysXRhn08c6jkNCK
797,797,insert,one_____,____8901,l8RrSOh5oD9UHxp77eUb2CjohjgQ6XXahr3L5j
797,797,insert,one_____,____8902,8PHafXiUQ9KiMFzwQUGIQw0MUeeoHpLg3vlbhCb84gVxIQv0xCAxKawMMAZ
797,797,insert,one_____,____8903,x82EGlYxBtG1jx2Ucto6WhUZWo3zaVf2nE
797,797,insert,three___,____8904,2icITeTGOJ2gFrlnFIlE4hbGt6RRMccscyKY75IjfwqFRrojqQ388wChg98o
797,797,insert,one_____,____8905,nQvCTGQhNap4sUt7CAOHg4SysY8YCx68DVVW8UOIJeo4grY0L
797,797,commit,,,

798,798,insert,one_____,____8906,XoUjD1FshavKZMhGO3AQf89oLQDENJx79Fp9AWYQQ4TgME8ApMmkl9cTx
798,798,insert,two_____,____8907,sPHleFl2JtJrscLI05bDDxwkSsXiY0NinjgF0uvrAKvNwijSoAcfBvUzOuf
798,798,insert,three___,____8908,qeq3LthGaFGzNoZVnfJKHf16V1b9akge
798,798,insert,zero____,____8909,2zW9pghJ2B2eyKHz88nqBhD4RL747V6XP93RFTiJEsU9
798,798,insert,two_____,____8910,i83Op8pVAvFMy8pBHpPVr5XFcWK2MFe7Rg9XiowDXvefF9dgICCxfga
798,798,insert,zero____,____8911,NNdtkoOCoBppjfKNUySWh5i2rdW2tErSBrV06pS70NYk2H4aABtfkQNZouTE
798,798,insert,zero____,____8912,9Y6H64HxA2faFKClj7VIct5g0tDTEnjlccKwX1knFALuNK82dswbdVCkQmx3
798,798,insert,two_____,____8913,H3DSwhS2TUJxlI4fiY2Biq79gwuY0NhWkMP7V546F22G
798,798,insert,one_____,____8914,Ria62ngESU5z71ItZt92Cu2JZA3IKUvLIqOO1OO85eAXxDT5jmU
798,798,insert,three___,____8915,rsg4uJHM7uS9xG9BIeLbeTVTYhJswsYmNatfCRTGzaZlWjl4Fo
798,798,insert,zero____,____8916,Kk5Kb2IFR4qNJ4YBijvYMvBatbLfM5ji2HEbCYKfKdFS40G9JLU1LHiwE6I
798,798,insert,zero____,____8917,ZElAqWkQsJddiusHbMVVpkS8YEj2k5XgKuDO
798,798,commit,,,

799,799,insert,three___,____8918,21mkIs98ZUQtcmSidWyv5JuhiXDOpUHWSiJ35FggtB
799,799,insert,one_____,____8919,V05lu9Gl4sskOkrvtTfWSWjX9aQETPfdg7H9KNmGFqYjYUz
799,799,insert,two_____,____8920,tbhMYXg8tYaAJcbb2ydo0Cz9yh7SNSMvCwdzmKLu
799,799,insert,four____,____8921,ajZDmLm99jBifCi9RaONcXau4JFdCvroQ8kBItIFzVrh2UOF8
799,799,insert,zero____,____8922,stSguKHQP9z4Nq724X5pZGLzh6HnMWJdbQ9HHaP42vhQy2hkbcYWgt1PwDi9j
799,799,insert,four____,____8923,XlAxuZTAGEMczFCAfHVknRCExVdHUJuNc0sXcx61QIMIkm5iGr9iuOEHQtVYuTm
799,799,insert,three___,____8924,bqZTfnqxMDRrXe828vTPdrSpQtr7wUOrpZe3Oc9
799,799,insert,two_____,____8925,ul2MYThZcOoAnFRZ3TLltrOlpL0PjrLfyKmkiNeOT7BDNKQcxdpRpfpt9HQ
799,799,insert,one_____,____8926,DUzyKQDtEdg2cgdsPptkxv4a2son1QlNMvAkAal
799,799,insert,two_____,____8927,iJRxohxbTb0f4SPTsgfZSahELFPeSYHBL2U2qfJKL9ypDdw9vujCecCpjG
799,799,commit,,,

800,800,insert,one_____,____8928,e6Yt2NzIN5DOaFiAdMgc6ApQfkyYHdl8k
800,800,insert,four____,____8929,KBqvibVzyexKHSVbUTxMSgCogswiZA4LR21g2qG2oXB5v
800,800,insert,three___,____8930,Et0Ve82d3ZJLkoZjhwutNU7ljHRBzuyUfm67XwIvS
800,800,insert,four____,____8931,9cdKX8TUhShUcXCY3XA3wri0pLXsDQg4sP78ffZLXyLk7iWlzPEl
800,800,insert,one_____,____8932,b4X9UmHDyYjlrkbnVcmPg8v2VWB5VpCg1ueV4JhOCfsas0EPGbkqwLvPWF
800,800,insert,four____,____8933,pXZKjFb3HYWL9SDGHg2ZnCTmh7I9sPXJ2iKXiRvCRpSFTKYJ2RLcdRk9SStH9brw
800,800,insert,two_____,____8934,vUJdLRY1NHvdc34bTVaVzCAScVwsAb9sVZX1dSSFLAaCpt
800,800,insert,two_____,____8935,Elz6IlY5rtjMC4Rl6kpUH71UhPvrsuiT9TFLBv6vE9RQfk7tlpLqFAmb4H
800,800,insert,one_____,____8936,rbBPRLAHZ6KlPpeCN62J6kxJfaW2I1yj3NGsT3Wu4oAdfiwlMR37vdBc
800,800,insert,three___,____8937,oB8SkAvcbiGGbRsRKXbtFuXO6hVbHAWL5Oo
800,800,commit,,,

801,801,insert,zero____,____8938,2wB0UTmGdUCkI1cCKywFFX40jMM4N86lIE8OzQ8jwsvk2yP
801,801,insert,two_____,____8939,njPsjNp3P4ULxntnfg5KxEMbU8Up4ScmYo3Rvze8kvKPUM2dw32W1AfyUFw
801,801,insert,one_____,____8940,6bFyxGrNxU8MxULNQlN2K2hOlIkh2gE5mD5oTE0XL9bn9
801,801,insert,one_____,____8941,JVH6NMdPB3s8arNJkKYT0mRexkpIa3NQtBlTrnVva5jxW9LBmjnjhuitYqn3abim
801,801,insert,four____,____8942,fOE539fKC9cHVOjin5bQzP1vMg3tPih7WPgYOudED
801,801,insert,zero____,____8943,pGAM5WDN5RqdxK44QVJZeCOOVHSiG3yGiG4Y
801,801,insert,three___,____8944,XKGSmwpbJc3rkJSpJfoTwq70bf7vgnjQwmhy7DrzgTNJWqE
801,801,insert,two_____,____8945,lxDWw3tPT3x7Lu8DGVgrJlhb6xdaSsDLVR05YVtB
801,801,insert,four____,____8946,xJmqHatZSLgyTk3yANtpvyDTfsauCcRqmAuJkoJHqnGouv1ry36
801,801,insert,two_____,____8947,zztq2Wg7Fy1IbYl3PwBmStr81MytZ4t10uqkH2kR
801,801,insert,three___,____8948,15Vyx51jZMZv3GaXGKYRWnereviXHFH9U8qAHwRGEPLWVJe2cbbZU
801,801,insert,two_____,____8949,SVeZ18XoJN7ODjsu0kwTWCbe4UhADXbyHKbOz1ksD1Z4fnmJ1GrBIXTmVdD
801,801,commit,,,

802,802,insert,zero____,____8950,vtScrG7Bz3BMbDjtI6cJ73jEO8iTJ8rq3ujsWMEwm1JC0FAC3gf
802,802,insert,three___,____8951,kukz7IjSAu8zRP5tlznjFwuEF0SOYXEru38e0rXs
802,802,insert,three___,____8952,bQ6F7EAF3ziC3h5xFDCJuo1FBAoq2xDU
802,802,insert,four____,____8953,tumjPHiZ5PK07XXwpl9DUZMfveTebPWrhz2AImn5smteKnB879rYeN5Fui
802,802,insert,four____,____8954,JdTjD1qRdlzFh5SgwoRz4nZWMifwnnsojeNWBAPGWMH
802,802,insert,three___,____8955,rU6jHvT1t2CJeYGuyZps9zaHhSacedoWRKQG0ifPgiVxhIzqSHfzpzMDcl
802,802,insert,zero____,____8956,JZADbX6qqmIyOuPmrutDYljVC6dx2VuAShBhB15BcOA9f5mEm2ckyy
802,802,insert,four____,____8957,FrP61IrZjEX9bhesnxxIJ8ZnFvbIuVVIHfDxDYUky429
802,802,insert,three___,____8958,USvHSpXD0TrI6axCxBBKzBHFN3vecUs1URV
802,802,insert,two_____,____8959,lf2Q1OFBAaHRqZvBOTrjqojsPPUH3TPgvlQc1TqRFmn6wCjvMl4Nd
802,802,insert,three___,____8960,zxvR7PGBnvyXllAe1vO5RDqKB3ohz078NHE32
802,802,commit,,,

803,803,insert,three___,____8961,6GBRndrE0siWwVeMfbAP9ZWy2lmMHGZRPRw
803,803,insert,three___,____8962,pEezpeWE8aYruuPXPyw0hgb77FczZ7L4V9Syx42ajU9vOBGtX8V5YNj4
803,803,insert,four____,____8963,1tlPxvBPVxhD070EfZT0CjF5rTwM7pptcFacPVdirHFUbO5LtxTVemJAENm2w
803,803,insert,two_____,____8964,mx9QbwkdOWwpFYWp7nRjwSlYJbndbvtazPK7
803,803,insert,four____,____8965,4imOk90VHXG0ERCUnBZe4kOJrjtkETVaoo1KRInT
803,803,insert,four____,____8966,zUQrv8wJNldjsptWjlkibZIcMu7360ww7ammaA75Tpd0A4rnG
803,803,insert,four____,____8967,VpeHrsqn07QxqcltxI1miqQll1GKokZe1XoHKZKx0ncmchb
803,803,insert,one_____,____8968,Cz50tCFD8BB6TdbcAWQFTNeCch5C2GbauWCgQQnAjkoEzW4wn
803,803,insert,zero____,____8969,uRYcHxSwQmVPwKRth3xGNlRD50fIZeRRYf6z8XtQrHKccTxDbI8CRNz
803,803,insert,two_____,____8970,CRG1VqlPiUsLF4fL6HB4M4bOgGUhINOYYcPT6aD
803,803,commit,,,

804,804,insert,zero____,____8971,lQpWhFZDSlP2tLg3y96kzzBKUQeDiafdomOiNqAqZJcECxe
804,804,insert,zero____,____8972,mxMFfEaf7auZcHtOlh4PNOWKvwquIIaBUlw6KspYXxvM6j
804,804,insert,one_____,____8973,074EFHk5mfMmfs1k7922Z8tSFPXJRfasv
804,804,insert,four____,____8974,vlqHUKo3ZctvoYJMTESq0kLmJtQqwCYxctpuuxqEOBtnVi13cQzEOvnDkz
804,804,insert,two_____,____8975,DHxKWBB5IA0XqhcYHzUqXpZWeDmfJ1CF2NjQm5XXEbdt0A
804,804,insert,one_____,____8976,PbrAhgnLAzh1vjTRNuZOpVMZk8m4iGydlBQAxu9vtT9fc
804,804,insert,zero____,____8977,FOwrKkNDkF4HDWtlhbaEnE7H0gSrOsgY
804,804,insert,two_____,____8978,cbyRpCsqgEXbx2VJNuPwNGBnWg5BFRdIaPVCGW3bV1KwRuBD9dta67
804,804,insert,two_____,____8979,u7xqyeuGuALPjDTogbKXgKEP9NYiSAxgnZoeJNkzZvCd1kbWPH2qrEgZ0IpcS
804,804,insert,three___,____8980,cykcNqqsW9k2xgSQ16WqPJb49p036JulkQFncEaig
804,804,insert,two_____,____8981,pgp9W1iaBjnLR6pZZzDOOaKfnfuga8Wmp61tjWsft5fbBQA1JXmIesT2N
804,804,commit,,,

805,805,insert,four____,____8982,n6ohT4lIHC6pyuFMXa9vEQXehorJLuuG
805,805,insert,two_____,____8983,5p8sFilcEQ9v3rHIulI73eDMbaHyRaQri
805,805,insert,one_____,____8984,5Arwelsf182kIAFVgDcwqWRn0KkkaD0Yr8EJPINCpwi8idirzwA5
805,805,insert,three___,____8985,L366ftN57fyRfiZk6Fv4MqkVsHHtHpHUKG9ais4GGCVQow6hXahuwEPg6IC
805,805,insert,four____,____8986,J3CEzRAT4x8xrgiMQamwoAXIS3uL3j23AGUBvchN5G1nqJa4ktLJz
805,805,insert,one_____,____8987,eSo7pZKuKhpRVE2dej4d6nAMVOWC03owxEEWDgu1Pfo
805,805,insert,one_____,____8988,qtMbs38KvKsrMWApc3cLM43AYtfpbxxjlUDYrVOvUs2SL9sfNDC
805,805,insert,four____,____8989,0sr22iG8XKwDqOvYB3N4bW04rQkIFMERpCrQSx
805,805,insert,four____,____8990,Ln1SdQu1VhOqBbZRMew1ySVsbetcTmQK02A895NN75KulUmpHj1KqN5
805,805,insert,two_____,____8991,Ah4RFodEGgIr6HLRhIRpenCt01Z71b4z8op
805,805,insert,one_____,____8992,C9zznV8B66RNhbz5GHEswQvxxwctmK3AxHcyQXUCUIlQ
805,805,insert,three___,____8993,lrSK7YwufYwD1OZFA1zzAgXtVsYANM5j9X2qa1G2ovKTR5ZecZTBosbRKj
805,805,commit,,,

806,806,insert,one_____,____8994,4YopYpEiG6eFCi4s4PAVEsa0WlDFhWADbbbPeEI2p
806,806,insert,zero____,____8995,QTGpuHdnegahIav0sO97uiC9mu5Et9YwtSs2
806,806,insert,zero____,____8996,idTRehmM5P2c8QI3J7HyJ2lFaY0pNExcwlDQOsa
806,806,insert,zero____,____8997,UmEDdroO2q9fzxInxWSTXpo5ZjvYLJMiNY6EJRO954y0Fv7gh3nG0J3pVPAbyId
806,806,insert,three___,____8998,xGBh2Er3LWN39NnIo0Iz6UPzWCcTLFARE6YbYdSUT
806,806,insert,two_____,____8999,vqXk82P2Cpkk89Sn66xkeiJVhnXpllSSS4
806,806,insert,one_____,____9000,kiPnrtE2V8Ih9OrhRy3L2eXYEL6ZNJ7EgTYJWCbaaMWVz9RtcNf
806,806,insert,two_____,____9001,UqulParSzKdhmFuEh0QhNLWAlbG9yUubimWxmk5WH2EQWYirImDzaUzdq
806,806,insert,three___,____9002,XSACm2IY3X49CKYdJMpMJexpV8AfeRTvOmomjGBwDAA03MsBv4X
806,806,insert,three___,____9003,Ub6DLJXAdRFIlYP5fkKf3tQ6bBDzOkPLzoh3V4gtu6FMwgsMbwTF2IKSAw3HQhL
806,806,commit,,,

807,807,insert,two_____,____9004,CgOchcAitUQR82qEtCl97etRrDqpOD1osxkbz4vbGWl
807,807,insert,two_____,____9005,vIejNvGcuOYkcwVNbB0VDN7A8Qi7B2dO
807,807,insert,one_____,____9006,y3SsJaVX73fL5T3YyCCCxaCLkYoFulzar6qGPiw2Mt63xVQxTydcZD1LbQ7Z
807,807,insert,four____,____9007,xGbo0rCR90r2GCcXkoAoPCqGJKxbOqK4CEBnWlHhrDfQ1VihTFvXuN6KP
807,807,insert,four____,____9008,cHFMJAOu1d1u2YRhDLOFndckPxGl8WnKexsbJbOZ
807,807,insert,one_____,____9009,3VYRVb1ZKEpHPaendu7KnYbqnSTpJHSCCM69AugzItHH
807,807,insert,three___,____9010,QCtH5CBvUE4mUdctxusTOlPsLPC73vkQLuki
807,807,insert,zero____,____9011,pSDqUdDw12pXuKleVyx6B8CeL9JnXz1Fna2WGp0oHCFo87wd
807,807,insert,three___,____9012,giL0rJ3ctqYcHvYuV1Dfwd4R2evPvos2VLQBhoqaw1hIQcDY5uRrCKrdZ12LyGz
807,807,commit,,,

808,808,insert,three___,____9013,I5faiMbhY09zPS0vYj1ufymJuPKr04YTv9TNBaM0vuUaHmkWJqNiBHQVkPiMqGT
808,808,insert,three___,____9014,UvqERIC3Vq7NsVC0qPUdPA83ybgSb4glQmON
808,808,insert,one_____,____9015,h2UJRGBl2wTC7nazanXX6IhdMOuqa5QQAIo6yARBuiYhksFXeaZ
808,808,insert,zero____,____9016,Jv1NrxUgPtSady1tZpnVCKr5Oyo9GMG3LoyTsMrQubZNp
808,808,insert,two_____,____9017,orpbhJXltdlOOm4ipUuWeF0gwnjHRaPzM
808,808,insert,zero____,____9018,p9TnzBnkz1TsqPZ2th8U04cTpUSlzI8rwhPqGZF2WF
808,808,insert,two_____,____9019,JdiSDFUh7FY1jZX0LoD6R0ryj5yjO8NSauIARi4P7mDgsRupFMMj
808,808,insert,three___,____9020,dB2JYxxLmXYLGRwDKqIkbpG6TcM7KTG2c5sfPWnvsy8AsBpw1lbgD1jrUNu9
808,808,insert,one_____,____9021,NlRvqQDeTugTh35tAAUSSCaHvCLnAnlEPObeMD4jp
808,808,commit,,,

809,809,insert,two_____,____9022,LbC0CRaxdmPNrTvgdP6JS7xJglhgI5l7XGh
809,809,insert,two_____,____9023,DO2HobZfMuMr8jy7JyoGOkSRD9Dfogn6OOzFhvP
809,809,insert,three___,____9024,ZtX3dhkAQdG8disrDzG73F3FzPzR4AA9xr
809,809,insert,four____,____9025,gCZyFe8YNCD3AfVaCUZVNZosn93BMtYsCmGgKGYoS
809,809,insert,three___,____9026,KdhB812wwaXVJh0ISK6OP5QGP548ElWWQ0sBzhGc5DVCqSm7tK1aVR
809,809,insert,four____,____9027,npYOGU7LSotNAJe4FA0XdnAP9wuYnpFHnCVOv
809,809,insert,three___,____9028,c3vy2eNkDyJZvtsvtPLHKYMobggtm7pTlNNgdBaMDlIfUxhDgOxJhpn7CuR
809,809,insert,four____,____9029,CPptiEkYeEauFJsJVwjGOjhrG1vxdTummJLi15WJPDm7KmIIWTCcLNCzb
809,809,insert,two_____,____9030,qMkODOFfFx5pxVPnavVfpHmz82CJaRbrN4r516wN49r5QFC
809,809,insert,one_____,____9031,LkYGigRolYRgB8bvIg6zaD8pArfAXeszoddteLPL20rWogg
809,809,commit,,,

810,810,insert,one_____,____9032,xasismWzyBcQ1IE9g0wkvIGl6jaTsJrP
810,810,insert,two_____,____9033,J3oOtSMjtVOfXbPoHocHhyiUYapYJ451BpNnBhndRLMxmbC1ehu4zBX
810,810,insert,zero____,____9034,HGT5zbaxriFiZ5YFi39tW5zHmRho3tgCCaYsS5LdrQejLshNE5DI11BNlmdfQ
810,810,insert,zero____,____9035,YL6kUXHAs8fTJGSZ1RRPHkYEtXMnLiRr8JxFJ
810,810,insert,four____,____9036,9raQODEzRTKRojghYsVYzGfhS6RJ5iZ8dJ5ZbnZwBdBqEYGp7ADW5
810,810,insert,zero____,____9037,Z16xS6VLlbn14Z1klTTWGuSMi1jxMir6Q0GpwGBPcygKweKg
810,810,insert,four____,____9038,O1yjsXai2VmvRMT3Z4bhSl0Gtw7KJXQ48VpqpIR2tm
810,810,insert,one_____,____9039,689RiZtA0qLYAlXyUELlzU3aAB7tfDqF1Z4PxQ30FG6TdlYMbGVKHioJW
810,810,commit,,,

811,811,insert,one_____,____9040,KxwiJL05zIJeW0Nr39KJHRkbhUL13aodX0GmJ0NOMHLLx1jF1Tp
811,811,insert,three___,____9041,ULgryKoiYHEkgpbyMhtmOvoNbIEHKybFG7jYjWDRCzgASRguCDe
811,811,insert,one_____,____9042,y6kmOIAWoJ3zPNMW4ePSF0bvAvo9N5WYzeoa2gZcuzpV34FI0V
811,811,insert,two_____,____9043,mcpymLyDwnsUPuxCSKf2nQm1UzQiFiE5pOWEGW8qJcp0SLKiTBmHP
811,811,insert,one_____,____9044,txapsAErMG3GiDElNbZz7QmAKbTQQJDb0gfoKIxOyBC
811,811,insert,zero____,____9045,7IhPaEYg2VY2pHNn77rAslUauJea3CuPF2EhlO9jPwsbJVJ2T5FMHzrdv7q6ZJp
811,811,insert,three___,____9046,f4ukO1irDk6LHbiMrlvRgxL7VA3M5cup8fr8ZE724d
811,811,insert,one_____,____9047,1KPyfa4fy5HKq7xd1CcefvKkHZniR5xO8j0BGrPnlgT96y8sqzhlEiYVU3rC
811,811,insert,three___,____9048,3fxWaxrYk5VD8NDmsPFur0DNHtEMQVsSSaHvx
811,811,insert,three___,____9049,I7SUbAtTrGkeSfELQ8DeBWdRmjNJ78QRq8HlHS7m9eAfg2
811,811,insert,four____,____9050,9EIDarmc8EtbdtG6oIOu4A2dZtcv2asX0habm4XrQ8ZPmFhN
811,811,insert,one_____,____9051,1FKp2BuGhT1diTuHxSJZsAQpU9egaOJSZGloZt1t8NTHcrt7G2qV1you8oJFy
811,811,commit,,,

812,812,insert,four____,____9052,MyNJl0wouykf9d3HvZiStnEovYPPqDCPVh4xtdmcQiqV9NMN0znRR
812,812,insert,three___,____9053,WJOpUwsb7Tv3PJnEZVjE8UXH9LoHb4mqxo8K
812,812,insert,three___,____9054,wA9noU33Iovn25sIAY9QQ9eEnRRS9IzxG9K4EVf
812,812,insert,two_____,____9055,iUkMKYnhkwXLEqCqXZPdcB3ENWDUPb5zDxSH74OJ
812,812,insert,one_____,____9056,K4AtkMde5BUVoPqc5O36oAgWxZXbyKOxrb3uaXzFAaN5F
812,812,insert,three___,____9057,7DgxKCaKcestyEa4X7yckigEUzRnpBnI
812,812,insert,two_____,____9058,iKOtK4HB8d1mbKuDTENbSH6Vh1jwcVTrB8pl4Xan
812,812,insert,zero____,____9059,602kgbhGeo6LU097iFv3fqsvezBlqcSRfCgy1CLH5
812,812,insert,one_____,____9060,KdhkCltyB6EvQmVX2WSjcF7xHi7yVuLO02beL4
812,812,insert,two_____,____9061,ktHwYBb2w8Vz0ZddSlfmRoLGwP1zQNI2DNwBJp6sK0oBYeLpSubNluSPYu7
812,812,insert,one_____,____9062,h4uwULvMgTGpPZeZhriMvIumph0D6Q6lAFZy0
812,812,insert,one_____,____9063,kbLkDzNzwgCMsnujps6vHXQR4ZV5hxbgsK
812,812,commit,,,

813,813,insert,zero____,____9064,RM3lFT1BHy1TIjICy29JqO6xmAUrrldd4nFB1hX
813,813,insert,three___,____9065,iJi4TvthO5gBcgTvzwcStaHtmjUlBl2QX
813,813,insert,two_____,____9066,I2CzaoZNCsYCgOh26D6Oxgf6zzpo490QPohy3peB
813,813,insert,four____,____9067,zO6bBcsKtHEq0Y4SISl4coKYrUtrcB6QUsVbALqULKQKPGXB0RX
813,813,insert,one_____,____9068,SYEhxzWant6tclGYNN8RrnFnePzDeB7cT250Yo8PqThHU27WN49UolrrZahbFQk4
813,813,insert,zero____,____9069,O35hZ1AJpxVLFVSyZXMBOeqHC8Mz33iGn07u
813,813,insert,three___,____9070,37xfwqLCEhqqxJviRWWU7iWVov9BUvtiG6gZXfoayr8bXfSnec
813,813,insert,one_____,____9071,ggTZPHSCOqiEDDqvpZu5U7dPYgtZ9c5qkm6
813,813,insert,four____,____9072,FbunUU0zLlkiwGL69xVgh7xnloLlchWmxAHia5ytYKQeTTNASSh220nT9ig
813,813,commit,,,

814,814,insert,zero____,____9073,wCLwhAMtSIABL2IrQYyt6frwdy0NXM29AtV5s6t0KDnrGi3e
814,814,insert,two_____,____9074,UjPKcjjY5gb6gKVJnSXbdB5GdKkFgX4X8DgUbktUP0Qs
814,814,insert,one_____,____9075,qEXF0SaqwVajuMdZZLLr8AEnqEMDeAjZ003L7YV6VIC5dNDHaDSbNh6hZQEIcA
814,814,insert,one_____,____9076,JW4MboCjBODvcvlvLaf3WWbYnIS6LW0qZX
814,814,insert,zero____,____9077,6C0CM0kF8VK1tmcC5dlD3X6lzkDOXmaB3GF03S
814,814,insert,four____,____9078,Q9IGyggjyc0Gz3uaxrjbN2l6ikBG62bwyZ9DAjDe0bItZXT4bE8Ob8qvdXTJbXA
814,814,insert,four____,____9079,h3WyyZpOyF5ZKRnhH7ywElM0At8jcKvf
814,814,insert,zero____,____9080,OeIdLAeO39y3EMfxHqeh6U0jJx2jhMYXAEKrUZPmgXJRavpGAEiyUk
814,814,insert,four____,____9081,TitO2szCE4vTWuhmSkbIOhn79VqgNDJUgOQo2WL
814,814,commit,,,

815,815,insert,four____,____9082,mycZbfVY5V1jc0IezSQqOMrm1DsHPoUldJCldu
815,815,insert,zero____,____9083,6XN1LnKyIjnE1BZ1yapRPCBcD6NYhcGiRJb1
815,815,insert,one_____,____9084,RrwZg5SBvurHyZrqElDyXuB1wV0brqTmD8JSl1Ti4Vm9j1I
815,815,insert,two_____,____9085,okLnK7XgdZ4P1ICX6Fgt65e4LfxRO4VeLWwh541bLj2tKyeiqCYKDv7M
815,815,insert,two_____,____9086,2KdvVvL6qyJLAx8KExYiCaMJZfK3U2Ob7ccGd7Ziv5mKRBZi3QawIfaZDXa7Wb
815,815,insert,zero____,____9087,MaIsCIdj1J5Dq4VDaXNhYyg8iHvg1MoiHVHL7
815,815,insert,one_____,____9088,ku6Wlw5WQ4C56NspHetbBus3jqigWM5aYIjD56grCEOgYoKn7AXeNM3ajd5
815,815,insert,four____,____9089,PVqOQPoc7T39rcbADcLOj1PkGQ9Fw1NKwbhmLx9H
815,815,insert,one_____,____9090,sa7t8vwEMTtED72pcQPKknOW8XAXPfdnngMPC1eQ2
815,815,insert,four____,____9091,jMhnyOs095oJCU3FbA49AJ6VVEa7Cr404W
815,815,insert,three___,____9092,ma6wlKVPY8Pq8tZA4onREDIYiYgR7vwkeghUbJEfIJrylvLgm
815,815,insert,four____,____9093,I1y18PctY5m6ckEi3MpefFJXDPTxgRWh3sDlbNa1qjMevUajRQ
815,815,commit,,,

816,816,insert,three___,____9094,NGiKyAleNSzitnsKXiEQcLu4ALzQakEvHk0wgrp8KccI1U5HzdAbBym
816,816,insert,three___,____9095,DI6vaZ1pAyarrs93bhpTp6W3of8zRY7Vf5Nll1PM6b89ZjJiBPPPnEiZ0Xrw
816,816,insert,three___,____9096,1YmKwjaSZhdbYRs3Q1jL55fYMwPCT7wSYhOdJbluINyXB3cS6cNnc
816,816,insert,four____,____9097,14EZtH04w3leaEPqssgXlu17DT55FZoDoJg2NX
816,816,insert,zero____,____9098,LDUzMf90NghoQRoIGd0gNOmiYTChebrkHeTSmx2BqOb41SF3a5F
816,816,insert,one_____,____9099,LEMgjR02DEy8QPCVqw3jb4UFhOtC8WlgvQBWebtoJeN
816,816,insert,three___,____9100,AUTwGfx798qO74PstTL3HYeqgvOujt31t
816,816,insert,four____,____9101,z3RFX4lmZPOnBcrxaZ1kSXs0QK0uYKDK9rYufxe7vCK4AQksKJQQ
816,816,insert,four____,____9102,HYxmhhXBlazlKyDyZcUhvwaJhNbc3BydvnIyKVq2wFTMLWe0EKrJB0l268oS4
816,816,commit,,,

817,817,insert,zero____,____9103,jzl1F7GYPf1nEyRrosJzQUC6sFTkoTQAXOaj4y2nh9C
817,817,insert,two_____,____9104,okNbntutZXRCVcmRPL6QPICrEkNETT0D3ZPY122yTjmR9Js02E
817,817,insert,two_____,____9105,qamubvIzBW4UypOmHedQHiwRItQKdizaytcljKA7slqVsztaS
817,817,insert,three___,____9106,zN916H9L7CpteLwWIWIZ2sMjfB3fHOUINa
817,817,insert,three___,____9107,i3OWL90PfBwCgwDReQVvRM4briKaU5U2yKIn6cIx0GkgtvevAMvbkII
817,817,insert,zero____,____9108,i49gj3MlzHpY2kJ7Mpp9DNqz6D09kUqt8UKmPwqATpZqj4X
817,817,insert,zero____,____9109,IVMNzXoB3PIal4tV6BGSuaab2SiT2GCxaVdRzXO4fk
817,817,insert,two_____,____9110,FadvPK5QgZiQH8Mx2ITeQg9lrcVdhFdvC
817,817,insert,one_____,____9111,UQzbtchcnQN8NatgWMaTSIGh5F0qLYPAp9AXGprm
817,817,insert,four____,____9112,8cWihrnmGpxtxRPkmJiESdAK7BeSX7QSIzoZgwRnbqKOe1DRfJ8h9
817,817,insert,four____,____9113,n7inzycMGMOqMXOqmv4zRht5ni9xjYenTlYVOiWiLoE
817,817,commit,,,

818,818,insert,two_____,____9114,NDM5bzeNBLuDimClQKTDFM6JqtfROModk
818,818,insert,three___,____9115,7KXBmYN6YCc0AWS0L3itvvAf9qlbTwLovdiQJnKAQqCKnJv
818,818,insert,zero____,____9116,WTu6Xb7c8gpuwSEESdi973Vn21X6w7sw72tMYyV4ee5vWzOzugm
818,818,insert,zero____,____9117,5pVp9Kks0UhdPSBFMSG3DAAdZqqNA9v43wQV8qSRenGwCCrv4imC5WMSskCU8
818,818,insert,three___,____9118,XK0BBaYt1PBluSMgNX8ardX1JfxYHE4i6yZuZ4jiI6vKmoKqd2Vm3pFF
818,818,insert,three___,____9119,sBkt5jxJWXiHoyH5aW6xvnRrH4DPRq0rRRab4Lvg
818,818,insert,zero____,____9120,mg0ybx9LhKabxKzQduspprTFu8I1FOiRUolztvrcdKi7DvV0nOtkXZMl5Zu
818,818,insert,one_____,____9121,C1TXst8LIEGG81OTBXejZoO9kJgGd3IPf
818,818,insert,one_____,____9122,mvBpkgvAZLl0UrsWeAgTlI3GjsbBOBZfFG
818,818,commit,,,

819,819,insert,zero____,____9123,tFeB2II7KU8KWnB3iIqnCCnr6HxEq01Jy8vBnPd4onI
819,819,insert,three___,____9124,CDfsLjSDqxMcGTl0tEUEiWIWIQhyjsl4MOXB5hdAtPykyw3sv6STRCZa8TCau
819,819,insert,two_____,____9125,go20nU03bxh1N0hC9Zp7IWl7efIxNaLDj4VKpmbFnXP2kJ7ifjmeDbs5ZCP
819,819,insert,four____,____9126,kNEFPKAOV6tZWJwukM0GEQjB9BiO2p8eBOmAduIjZ3vEH
819,819,insert,one_____,____9127,9R1w7ZM4wF3569DBvlBLoO6OrV1E3ZJZlu4nbm
819,819,insert,two_____,____9128,2Us2PeR2BpSFcLqkJrDdroAxIVHMJbZRyCJk1Pa58zO
819,819,insert,three___,____9129,jqQBGup72TtlomtNfpcpphJHXer3vg8auV5xLJ5EemLf4SSmdty9x9Tz
819,819,insert,three___,____9130,6vzrU73IgNFMyNmoAmpgPEvNIxZWuZTjl
819,819,insert,one_____,____9131,sGDEPtosMv2dtgRn5BmHMpGgPUibuUPTDLSDLC7r2WEfAzyfsoHw6gnVm
819,819,insert,three___,____9132,zcb1rXpd7mJpcsPOpFCimsWVHbVzZMsG
819,819,commit,,,

820,820,insert,zero____,____9133,o27glBUITth4YXqz65uw4LSZAJVeDFpaPh9nA7cJ
820,820,insert,zero____,____9134,QiviFK5feHn8pFOpxmVfwdXMXlrI4zNPRkiPn4IgMDKeVF
820,820,insert,two_____,____9135,dTr3IxEEr6BNkrgCBFlHLLSgSEx9bAxgaa3aR5W
820,820,insert,three___,____9136,GZ3UZfY74wjHaQKVxiPVNoFdDmq4QZMSAha9MVErqzA
820,820,insert,zero____,____9137,NDekNsup5YIDBSmVJ7cHedA0722WU6fsmg0f45L0PYxfrLaAl5HBZd
820,820,insert,zero____,____9138,3jcBXN1KCX8YA4oz5hctY3f5U2VmdxLjHlLr956yFSI
820,820,insert,one_____,____9139,dVPlEv29uK5VjARtQvv82Rs3vxj8BkUzAqptHKM
820,820,insert,three___,____9140,1VMmzDHz2JkZM4et5kJwr2ICg39PqAZzkqdjNtR8P2a1X7I
820,820,insert,three___,____9141,503Ei8L11Ont9FFM1KptlIrroIYEh9iVFt
820,820,insert,one_____,____9142,CiEqqqEqDV8Duv98CL0QQ09jX6eHFrg7xZncaXQ5HaQuQzprF7bWHiGXNh1u84R
820,820,insert,three___,____9143,z1jt1VYyJQgan15U2XQvjAkwlUdbvTW7lt4eZ54tLVPcWG4LoLavFB
820,820,insert,zero____,____9144,NxpQ7T3Czf1Nydud3m4Ypy8yZkigGS78nITeZdZ9t3Gun2L
820,820,commit,,,

821,821,insert,two_____,____9145,TLQPVmYU3scmaUXBrhvUvyO8JZRoI1YzGK6lvFhRCibpKY8PP1q
821,821,insert,two_____,____9146,t1CUXsoEoPVDnClZLZsFoxhGyZSMGDe1ADu8AzgYZbVyNurSVAqF
821,821,insert,two_____,____9147,AUX9xQ2vA8LoiqWVSsIfpFYrevDvVVBQbGXXBCtyZZh2u7shRAtVC6GC49Xk3EEQ
821,821,insert,four____,____9148,E6jLzeCjeLdb4R1fAxjDodQokywee3nDguPHVxdbgABiOCd7PbIUH
821,821,insert,one_____,____9149,sjWshJEduTYiNkctsHGEgUwiUvX5EfH5Lj0
821,821,insert,two_____,____9150,PKVjEBndx3z01GMcndltoRFDpF5o9HyxrBQNK2Slhsr100KFoIDAu3H9V7fLJSH
821,821,insert,one_____,____9151,9cTK7lCHx2anVGqYGJNyYfQkg5NCI7s1lm5EFftXh1VYNRIeSK8u9KFosbv
821,821,insert,two_____,____9152,pBc1CH7EaFqE35nvRNGC9Etk2NolJxESg5CaupJCs4W6tXkzofALQkw
821,821,insert,zero____,____9153,hs2YNzIsrp0RYfeLmXONGE19GOYTU74ZV65buUQOnNfIFVXatmCyFTHGOTKCln
821,821,insert,four____,____9154,pM4F2YhJw8VwZo6THAIv3uwHAdyFamUCjbFshp7pBvH477xRc1Qc
821,821,insert,three___,____9155,dw1xLHj9J6gucI51f4u3VtTQbJmLoGLdbDF7gDxEQvtjYNuihTQo
821,821,insert,two_____,____9156,qCiems9rM6W13ZPi7FGAx4QmpYbut7OvI7gC6TbMd4o6s3nW951bWMRtN
821,821,commit,,,

822,822,insert,zero____,____9157,pkqiSCsEX2VMX2HEtk7NbMHOyG9uR7szZgcXGCU
822,822,insert,zero____,____9158,5UHWgKW0q6oic5jgJobdQVkHesGeY0wMmldza2iLl1rms4G3gSAFFb0XDXPk
822,822,insert,one_____,____9159,4mlxoQvRZejKUxMbUrINdGyloZRxdBFd7Zyy6IGiNOG
822,822,insert,four____,____9160,SiawWTfgePun3pEs5DugwFcXCICWTw1ou8nZByhVlMitq8ez
822,822,insert,one_____,____9161,yp6S6Fad44G3IovpinBNAZ0IRI7yO7RM1wM1jdFkUU96WoPLs5g9bZU960QySZ
822,822,insert,one_____,____9162,YqbnSQ3bZYDZN8KCouXUOsxQ4SSG8aRaEV6F6JXsIDgOh70MtWpmJTZ
822,822,insert,three___,____9163,YzIHwnkkoaQgAr8EH8KXEPsFXVjMkRJ3eUh0UC6mdhg7
822,822,insert,zero____,____9164,2378v2So7JxiWTPQhVb7u4paHMrxsst1
822,822,insert,four____,____9165,KitHOd4fOlZrHU6rvQzeLw2rlPYJhvQF9Cwzv3oUKYS3BlOKucH8JE3N3LpsF
822,822,insert,four____,____9166,QilpvqtJVtRrtWcgs2YZMydg1PNSAjdQVLI21EhhKBMyupmNxspKQZ7vDhSNC
822,822,insert,zero____,____9167,7bdkKInluOv9xZ2S4XIhR3yvIJ2jxOH5FBr3i71Vyn91Imfv
822,822,insert,four____,____9168,7XXKryaUiDHsBCkjzQOgdUJvW2pltN5xrSrsVS9LUSYfIM4zMCZE5fNcgKYc1x2
822,822,commit,,,

823,823,insert,two_____,____9169,dH7ndgFpdjmGFlUktcfXKViZJtrRFMgcopra
823,823,insert,zero____,____9170,rec2vl2b1AYOo0FIxbvJ8uLtlQYBXK6M
823,823,insert,four____,____9171,PzSlQxoHu03V94jsk0swDyzktD2E0d2f5a9f2
823,823,insert,two_____,____9172,6qDxigEb4Eq31pKHe6vdZ67MR1WQ5OiPgtN0SzHwc4IZEF
823,823,insert,zero____,____9173,3X7mMrcFXGgp46Irm3OGe5RaYfru3XzY5su0M9WDYpRL
823,823,insert,two_____,____9174,3ul1RcSY5uE6cjgLGDx5SyLuQWYHaRNym3Z7nTPqF48IKw
823,823,insert,four____,____9175,0Mdp0Op9ML1ZizsxpVQNbnU21utEevALMKTg1BKihvZLwlJSXghO7sXPT0jDQd
823,823,insert,two_____,____9176,gDXnD26hKDYhzW9drmDjSYrmtWxaMCNEL0wsLzN
823,823,commit,,,

824,824,insert,two_____,____9177,P8fRbLQuWFkKRHQKClFfeAQszz2pbqtVpTrYydCFOixpXVUh
824,824,insert,two_____,____9178,OJu8xCIXGhFDkc8J0kFuusaQh7vGQIuqtTTu5imKegQwUj4836dD5JnnTBP1bR
824,824,insert,three___,____9179,kbsSdElndZeMvJCIKysAUqsSATADvFzov81TERVDXeQ65OCC1H46Frm
824,824,insert,zero____,____9180,7GGFL4jMQuc4gXP5LuvVT4404mKtbcKn3X
824,824,insert,zero____,____9181,mrkCTvVnXAo83fSzELoK5g05YE920bbJT2AmflOVTON3jVJ
824,824,insert,three___,____9182,d51DRn6QzERPnDbbvWB7TCMR7vHWh69W0gdPURpuENe2
824,824,insert,one_____,____9183,J7Msz95qihK2w44nxNH8V7Dv8wNcsX1W
824,824,insert,zero____,____9184,JnprsC1KxZfK9R1dFYfAyhDeRb4wnREqjFDEpRSouETJd36N0wlEaUnz0
824,824,insert,four____,____9185,PTql7o5Skvw53PPpECkz1xN4p7akOzjmb
824,824,insert,one_____,____9186,fJEk3Gspiqrh8hagdFRM43bdmNyMxVXbb5DCu8cacw09SVXpvo6auG2u4Jlonhbi
824,824,insert,four____,____9187,CI24csvOxBhjwySZUlxgzMwXqKNYhkKlb5MqwS5QOU1g838w9yq
824,824,commit,,,

825,825,insert,three___,____9188,YMOtr2RTEt8rLpCZi9Cz0OXAQdIKa9NDYC
825,825,insert,two_____,____9189,WwAux8qLOAeIIkrkYfxN9S8lkVDqByuBX6LqN49bRJil4kHFD
825,825,insert,zero____,____9190,BE9Kw0FEUrf5Lu0cB7nfaa99Kal4nLXRbkZE1sgaPw9y0Zdu
825,825,insert,two_____,____9191,qDjKvpX8cvWZilja69ihcTauvklEwXagQ9dgTLiITxCtE0r8Jle0yuKTksWJFZCk
825,825,insert,two_____,____9192,ax8IubtTj8WRp6gfS4dMWZgH3KpCfwL6bH2knNI9Pydyb
825,825,insert,four____,____9193,XsVTqUaPFZAWWqclWPOcKYKHZ5D1Vu0UcPUDshh
825,825,insert,zero____,____9194,wcEu2pY2rkplEUCQzTacasr32li4xQPXcuY5PMGh
825,825,insert,two_____,____9195,JYU9RXHl21HP9LdvGya4Os0mHAHBh3lpC3a8zVNvGKRR276pChy95qvSJCbflD
825,825,insert,one_____,____9196,xmnU4buh40bJMFQGpKHVXTbKLt0pj7OjQr1
825,825,insert,one_____,____9197,S3kUavuZNDHRi9LHFzI1tQJLx8cI4fhtgCiXBuhQ
825,825,insert,one_____,____9198,5u5f63XiQk3fX6gR30knTaj57DoKNsTG
825,825,commit,,,

826,826,insert,four____,____9199,iNh2N0rQWUtznDmwfq7fwX3vEmhDWzFXVYqnMwD3xy6okj
826,826,insert,zero____,____9200,c26Bes2YcyCfg7xab31Pf2WxjPjNpydpDBwjH
826,826,insert,three___,____9201,IcOJGv3Lr4k5HAmIzO71G03zA8wvxTO8BmLmqboaUbOgGHcDgg4iNUQ3rJskxTJ
826,826,insert,one_____,____9202,p7B8S8r03MTOM3dnT5uZeDjKOA8NSF0CYJtO
826,826,insert,zero____,____9203,aGumFaEBONPdUosNWRUn9YqB3682SL97ReLq4R2G2Ld
826,826,insert,three___,____9204,EcwgqfzYQXmBKELigsJTHbKG0XsRj6GrpE8lxjGlYEcfue0soqM1d
826,826,insert,three___,____9205,boE7Y0mePvVBWCSffOhQDLUAul7Ely8DEONUlqHDne71nzVEk6c8L0S0LjYj
826,826,insert,four____,____9206,mkWTU0xpFHocfM8ks9TfvXyq70L1hHqPZka6Lkad
826,826,insert,three___,____9207,ZtCsqziG59AtN0pYoFYcDkmzolAa7YUGGcrU7GhDsob8zMj1BuiQYqe
826,826,insert,three___,____9208,OuQXO9NlLSoDkjVNzLCx51vNieNTwJl2KOh1UnD7BOPsRsKOmZaGRCxWte0MCDG
826,826,insert,two_____,____9209,B4UwEaTV0tbXbYtFf37rLc4s79we6SmqyKQWmRJR2aKo0AoBZeJx4R
826,826,insert,zero____,____9210,2TNJqvNUTQUAIb2KGKcGcgKBoDUPXr0RorLrmguHLICqh
826,826,commit,,,

827,827,insert,four____,____9211,pwM9JdRUEtW46cHxNimKTDy82rgM7E48LwiYjsWpwUsUzTCKx9tuXU5ZNtfE7f
827,827,insert,one_____,____9212,8TLr84e2HSvSalddn3utyTZTJhvaP3kn8Z8W56O4cjOeJ3uKEgOao03YEjFcn
827,827,insert,one_____,____9213,VTxv9vTHSTlJpoOsYcTexMSJ510yESKAFzeQ5AwilUUgHd2qFIS
827,827,insert,zero____,____9214,FNm0Y2g6pDlVh9stx487yNO0C4ep9BJ1
827,827,insert,four____,____9215,ffeUCLt9jpPT3ptTRGEcNFYfUBdEfm4qxnq98aSVmWWNjAiq9Uz3gd
827,827,insert,two_____,____9216,Dlx6iTp9zkk2kPUHN5M0Lznt7hbggQgR8kBiHie1buGF5xpQwdl
827,827,insert,zero____,____9217,URYY1BhRGBq0WAO7muAll1itWB4BzkYqjIWACLLn4reFdNHOcqWhF
827,827,insert,four____,____9218,F7cEt4RIJbGO7LL85gd4pJcsCFjC0pfu
827,827,commit,,,

828,828,insert,two_____,____9219,wjWTazoDJxrQ3co8RT8cSN3oc1fVenatFXHYok4yfNhGDDTVwa
828,828,insert,one_____,____9220,wHSBAuT6Spo6QqLjDwJyAUpoi6RKRInyQTY
828,828,insert,three___,____9221,7JgHWRgZfr5i65HDRA4SavFUdATunMwti1qnMvAEkT
828,828,insert,three___,____9222,VpW9Ce1FK1yYf7yWqBUv9DvKz8tcTpzBxQS6GwKgIoLI6aspImI4rGXCgqFTqm
828,828,insert,three___,____9223,OBDcbhdrz8foTSRUapKQQV1p2HyHlAiFVyAv1aMNMFdpLVX0gDqV4OlxKU
828,828,insert,three___,____9224,J8d21pLEvO0b4uQ2qyV4lZ8pBZf5OAl6aY4xGGzvofJD1KdDLUKwJWzjoXa97
828,828,insert,zero____,____9225,NEBpbkGJXoU2jzjWa9ffFzZf6LmhiY0skt0ru0BDC
828,828,insert,two_____,____9226,LwqfLrnw63Bv3a7o0vyMwCXzf8Iwi2MzrqtcH5amwhF33
828,828,insert,three___,____9227,sOgo2uulB8YREEPsZ58x1ZOtTMwoiaWOBU
828,828,insert,four____,____9228,EETFD7772aFJUC0ulFrLBvVlxDHkQF2KXwsyXVKfwVxtxizIM
828,828,insert,one_____,____9229,3iefYwIjY5zrUA11GjfVo5z96dpo0dfFLB4exEA2mMuA48GKMVa
828,828,insert,one_____,____9230,0p3hRbRoeOnVU4Pfua24QWH89Kjw9pt1R0ykmpoEXzMQOU1tnrSlgNONXt
828,828,commit,,,

829,829,insert,zero____,____9231,2TSLMnrZVT8P5X2E2rciKuKtB76OhvyURjcxVzL
829,829,insert,four____,____9232,mkIFQas82cp0XAF1JInYY4N8FcSj6SYj
829,829,insert,three___,____9233,Qgq2VE71XdQMJnFKzHHrbk17xs8b6bLY2i
829,829,insert,zero____,____9234,eAf6KNvcVATWBw3Ift7h6HsAyu7ccYaZZORLDg7dr61G8VEe
829,829,insert,three___,____9235,xU6FnTD3ayZU3oJsyowEDVGqaBsbk7fYg151Xa38Bk6Z1Kv0
829,829,insert,three___,____9236,kSm34YOt4lV1CGWSdh3E3AVqyRTmh1970K2OkVW5KI
829,829,insert,zero____,____9237,Gqx8qIkSjvqWVxeXHYr8TEjgXMVgsPlhI8
829,829,insert,four____,____9238,F7kqsVhe1lcbP13913Uu6TZ8t5wYCTBnyJ4qJuCMqQy20Qv
829,829,commit,,,

830,830,insert,two_____,____9239,XrOuDAbPf1MU06rDAsJrwSbZcMTnA97aRAalZ274k7zfmz
830,830,insert,three___,____9240,2MzQCJbjNjLzdKsiTqyKsEG7MyX5CQ2B4sL
830,830,insert,two_____,____9241,y6aTu9GkCL8hHKtgHKNptNJheoDfCsult2vjussmqu5bwU
830,830,insert,one_____,____9242,KOAvwLJMEa6aoU9lPGXBJisb6xaWLoyvV2SwXEFB8haz46qifAc47a7
830,830,insert,one_____,____9243,N3H3iN1jmYaz5TcxaYw7dMCcNG6d1V38M
830,830,insert,zero____,____9244,7Lm2y7LkUE2IyVbEKyOyZ1Sm4w78cwbp3qQGMm9GoxAZ
830,830,insert,zero____,____9245,3vqVWp751hOmdosDtOJdSyb7G4rNTPep50bCnQdQuSz4Ti6Q
830,830,insert,zero____,____9246,4QdGD4jacqacfK4OEaMZ7CDXlyKldxhwH7puDl5iJNEVosIlxH4cz
830,830,commit,,,

831,831,insert,one_____,____9247,KavPPUigU5pzn5nqqoodEWPibapcQIOs9pzgLdPzbKylqAKtT
831,831,insert,three___,____9248,5ckStlvokoxxKkLJ7MkjZWJKX5rzOkrhe
831,831,insert,zero____,____9249,OnOhcffLu6CDNzEo0wuQHRWuHhESWvy7sKN6TyQjtoCplIuShCFxjzoePGeF
831,831,insert,zero____,____9250,tjOA3JpoOvYB157sP5W6b7BNQTAkbj8bQOiQKR3SRVLFDAYw3864RAbj8yo3W
831,831,insert,zero____,____9251,K2xNbq37BvwMzvOqBfjMoEjVfOE6ulcrw2xzoefLUg0XHAum8bPS3uYyHjBSi
831,831,insert,two_____,____9252,8gV770amiPeqFzSIkPDR8UqUBC2REIBhfmT4Q540ZJm9lYcF6Wz
831,831,insert,two_____,____9253,42hPpOLxLMfYYeSvx9QL0i5ZLbFywMDkx8vzMDeXbc
831,831,insert,four____,____9254,TRGXkaslGB7tjVAxiiddh7wJc2BS1VSuZSLY2kQJodS2H
831,831,insert,zero____,____9255,4AY1CLJHIXdZuHxC1PXJr7abyTBgZr8lBMVawmEow6jwzhC1N6kMmpIL1M
831,831,insert,zero____,____9256,4Ak0GVU0fj1ejySB6BhyyUq2eaQBlnoRMSYukOCFBY0GjyIFQH
831,831,commit,,,

832,832,insert,four____,____9257,SNmI1JYDcW23GS6rKq8Zn2ytwMU0x6ghj7cG0jTgParOcPHlHx5MDTpq
832,832,insert,four____,____9258,gIHoSE5OKJc89azaAwbznpsC7Qt5TKXND
832,832,insert,three___,____9259,9MzpdwgTkgOKfV50twzivyI6sj7LiYguSk9tjKSu21f1PyhU
832,832,insert,one_____,____9260,9zfEDdWDwdXsdEEleqJkJwmidfkJn21EWeCCLajV7q
832,832,insert,three___,____9261,L1heSpCYVlyRFQvDF1ahwkf3xXW6aLsv
832,832,insert,zero____,____9262,SKz8mlKbc5qzOFIXP4fmqJjoy3soSYaoOIVjrQbIt
832,832,insert,zero____,____9263,wnnE8t3Ze4oBwxe0Zqbm3tcDZbBV3aRzuHv9zh4LCFKlCwwJG
832,832,insert,one_____,____9264,SEuPhAca7OLnHb65kYAu83HCPYjMG1OUttC47kuBLyGuou4aCn
832,832,insert,four____,____9265,4LDQTtKWJl7GNzAUFMVUCu9EcfjUIlK5PcMMLN29TI2RhiegW
832,832,insert,two_____,____9266,4vaIK9lmXFg6k7GEyQio4YtBqzLsuf3Kp
832,832,commit,,,

833,833,insert,zero____,____9267,RLgDGkXWvX8mNwxNU9m7UR98HSJW1JKgoSbV5ebD6H
833,833,insert,three___,____9268,iaFr0yoXr36HokicqEhXDzLbQSZeo0HmLysZzLDMLf7kTvIvzT9fJ7Hxr
833,833,insert,two_____,____9269,Eh2GM3lmZmu8zEIGyoCB0V4bM7uJtJRrSmpoLE0jOJUZ0Tgds
833,833,insert,three___,____9270,xxYEu6FxJc7NuAaoW7rgCgw5F3QNC3zJFc9XU
833,833,insert,one_____,____9271,xtNLAq5KfqgPyUKCDqiJkUxY3g2b7v9CSHdCF0yeY67P72nitnwuwY5lKkbDO
833,833,insert,three___,____9272,zcXsEhhxMuEQpcPSDbIcxdjzxcL1tic5K3Jp7pS
833,833,insert,two_____,____9273,ku5EYb4n68eVLiqmguRtXhcrxVn1sWCgURgRHgldYKW9WVOGwkH8IXyCwuC3UV
833,833,insert,zero____,____9274,sEO9cbTCZy8FGieI8U2hLihDKD9IgjrDum1irOTCkqI6jvp0tDTdqOtJaJk0UAd
833,833,insert,one_____,____9275,licwcgDrJ8ciP2fT75hY3js0btcmyf2KjgmwVWg
833,833,insert,three___,____9276,ReDWqZ7nRuVkjQEJD3BV8dPHxdxGM6VbVvRVekbTjqMfIma
833,833,insert,four____,____9277,yq2emmr4GXz3obiq384Lrq7lAPXECxGVMzfLItM9q7ApvWfcU
833,833,commit,,,

834,834,insert,three___,____9278,AvX5nQnlFE8Ac5ljQDtcUTeT0cRyzfJbEp8nD
834,834,insert,one_____,____9279,dePIpMzU8K8Ly5IcpJ4BU5qnsBQ6xDk0PmLt
834,834,insert,one_____,____9280,SehRjLbzzVTKnvqzcwgnCtNWIq2qrcIU6uwQreU8R
834,834,insert,four____,____9281,0romGjJJAsIreJUPBf0DAxx4IRlwBlzmA
834,834,insert,four____,____9282,fvzIddAyldlCap2f3wY8CBbsQ1jbJhEkeSg6SFB1
834,834,insert,four____,____9283,qdMMN3CJ32NyG8E1I5XqXKeZkWRTT8BvLpnpHY65N3lhBCVIkNiprf
834,834,insert,one_____,____9284,YfWWvKgrRZkVtyy0El1ZiAaQMEXuq6NQ0Mq0L
834,834,insert,two_____,____9285,QoN5SbYabU2rG9La1VL7Wp6lsso5fOc4TEcFGfgxZhj0hxZc7mWznB
834,834,commit,,,

835,835,insert,three___,____9286,djdn5XF8gzkpSK0OCCAahjZ9VlWHL8SjRlXcesgYl6b7w2fkN01sXo7
835,835,insert,three___,____9287,QLBNzlQTu23XHZDLBnlLoOJDLbZvQzabLyEQ69iIQsWgki2oyCz0EwEMYopT6
835,835,insert,three___,____9288,weyk6qIHyLWrHSkRpptK4N6rlswJAm91TvS4UgcSNqDdeTgnD2iN
835,835,insert,zero____,____9289,PKjZ6Jw9jKCmDdSiqjkjFpzDZmU2d6n45jXjGtbRGdVgAiyXH9hOcZ5u6o
835,835,insert,four____,____9290,6Napq4VH8pb5bQAnLp6briacJZG5j9rJ4hnrgMGWI9X
835,835,insert,four____,____9291,t2W1v8EU7nGSpziYofZY4UhfuF8fNlrOO4sl2BUebWrfIMsf2
835,835,insert,three___,____9292,dffpMygqj8pfX3p45rst8lLxOXTlD8Fwue7PdwIt4hQ9Hse6rQ9naeFeipB
835,835,insert,four____,____9293,UnzzgwA8iutUk6l7tfN8u9EguPibGg0HV8tN06YSb1ntJf
835,835,commit,,,

836,836,insert,one_____,____9294,nTrVNxil2wMGkU40AU62jm1vhEQjlejcrTpVokSaUignDus99Py7rIR3Xk0NQRu
836,836,insert,zero____,____9295,XWs2yw4fjIp1ZjOMaA3ivNBmd3gwPy7alL
836,836,insert,zero____,____9296,OcLg8v2bMbk95UpGNdmBN16i2LY5SJGP2m
836,836,insert,zero____,____9297,VPBTWp4DjniHsnbjp6mcMwWvWBSUEpmLmAtZhYtSnhUOeTdDL3EO7HGmP5p47yT
836,836,insert,two_____,____9298,WPB87WuIjfzNSANkJGJiHbTeW3uONEKSGRsJIDJ5
836,836,insert,one_____,____9299,fdsx22Qp6uuZAxlO5VG1itNpk5bX3hVRWfb1Xc2bF1rdzp10XqZUk
836,836,insert,two_____,____9300,66W2Z5Z7LfIq1TUIpPxnUfE2WpeGyqieHwi5glQUdVFA2fs6edd
836,836,insert,four____,____9301,sf2CVJe9FWfZtTzpt4132rXahW3wcyBGkP0li0DHe4YkTdD72nTB
836,836,commit,,,

837,837,insert,three___,____9302,Ndj8INOb7dEfyZceSEVp7eqHKHVaBT720g8ZBdbchRCS8xEFwxTKGtPsd
837,837,insert,three___,____9303,ZoeDb88BPrrlXN2V1cHTGy2eKb8mfkk2Uiyp
837,837,insert,four____,____9304,4FDQ3tNHjkM2BNS2ZMOLARfgNaFlantRC5EoQLbFJ5oeEig51AmIfoXbN
837,837,insert,zero____,____9305,FA2mKGE6gtEyvEAjE6eTzgUsDxoP4of5eNgWBKFV
837,837,insert,four____,____9306,JQSNA608IXMkcjD8ils7ppGgznXkirxKhshpDu29sUEHdMerK7esvLZfuJTy
837,837,insert,one_____,____9307,xKgyj6C9Gyh6cZgW2pMUSO2qnB7ivR5Om2vNW2vbjPHlmWlYS
837,837,insert,zero____,____9308,R2Jl5GiO5WBql1fVXTw7N4cKyzbkbJBlSVP
837,837,insert,two_____,____9309,4vKwQX45V24LqLQqbaDkLmA73i38nrL7ZgBmgkFfWnqII0OsIMG
837,837,insert,four____,____9310,Cb5KJNbxhd2EacYtwsYexvVFiDkWkuINRzjJCWaUBv91rpmToo8yn4zhMDO0l6M
837,837,commit,,,

838,838,insert,three___,____9311,XFn2MvxhepLnjEyAtdlds9kgg5ybkRjDZFydlYPOIBuV5m
838,838,insert,one_____,____9312,M5Qykqck52QTwr1rHEWD08tQ0J7HmjGZk7uK58NUj6utFtpsrGGzexB4VMegoW
838,838,insert,two_____,____9313,2G72aDFEoJTSdIy7eBuu66O2ZATk8fg4Vr
838,838,insert,four____,____9314,F2AvGwSSvSATrlmmbv63ICiqUMe4bd5pLtuUAWUz
838,838,insert,two_____,____9315,Hi8JxiVHJvISZtXCdqqC6DAV4wWbt5Lnc6I4P7eKn3jrsi3igWk
838,838,insert,zero____,____9316,a8GOFFgOQMqQ0HzJoCGlrjZ5S2xm2BZX5OSu2h2RskfHgPQUwiipvEuIhD1
838,838,insert,four____,____9317,E3Lj5gKMjZXtEiJxIlvKVpu1JeIsrGVlUYB4AtiWIuScsCVeG1
838,838,insert,one_____,____9318,wbuY26RIFaU6KfKZiGBoE5kk06YjZ83cKHaofaaaf8Ko
838,838,insert,zero____,____9319,HMkRpEKxHhu1HMhnkv2LYLN2ae2EGwMrvVGSECRTLuhnrH8if
838,838,insert,one_____,____9320,UF7uwNMZiK9nI3QRlFD26kbPaIi2Tby3JV2e0jg5lQ4WEqc
838,838,insert,zero____,____9321,tFm4Y2hLSoDA3NQtsiiBxqn5rvIh8wTpBxd3XJRkjnRo
838,838,commit,,,

839,839,insert,three___,____9322,T7R3CuqC2S9p7eIdJFlzdzSDZVn2QZwEoFKNk1gBPgPpvbi61GM0aZoHaIQl4Pd
839,839,insert,two_____,____9323,iYjimnltj8RQBQLeQ7EpA6Ab1VKgUgeVvHtzIbgQF
839,839,insert,one_____,____9324,Lr7ovFAi29sYrrlLrue5iumRKA7I6j47s98UIn5tCH5NKEj8WleJHpB
839,839,insert,four____,____9325,oSYBq1jXZL53PTnzkpesdvx6Vg2svz6uNa
839,839,insert,three___,____9326,HIK0xq5Tcgi2k6JYaBxbwqKWMuoUkRLUJYNDFc
839,839,insert,four____,____9327,1YphcLMzo2VmXDlkScADdkxjYNiSXdOSP5iVcA7QGS
839,839,insert,one_____,____9328,s35UqQ5PdDIDbooXDtK4NZm92coo8kvkCsHe0eeH1JDox9zPfy7m5
839,839,insert,zero____,____9329,ZQi62mZSf7yk1ak1bYEa5jATBH1IdRt5Id0mOuzgS3Y5N9u5V8YsPhJoAye3
839,839,insert,three___,____9330,UJ0yBJhyHdIXYmxpSUWCuiCuNrBzcYFbxlEHIKJlDJW
839,839,insert,four____,____9331,nt3F1Be6hZ3VAcXQWy242G321IJfcY6bzthH9LYEPKDw8lLa
839,839,insert,three___,____9332,0cG3Zzcf1q1ico7M4sq0cMKqQOgY0Uqsmk6FbGLdehqFkbz0d4Dfk36j
839,839,commit,,,

840,840,insert,zero____,____9333,MDCS0MkEPFYkAO57qlh4zFZ78tOokCLcen0
840,840,insert,two_____,____9334,y2SMUCbZEPHybGXbCUL8R3Zl7Bb1tRKrwvWjrc
840,840,insert,one_____,____9335,9dhg7VZVww6HvzewhXNylVdQT4E7i20RXA31tqNiM
840,840,insert,zero____,____9336,DlTiVVdCU66xXbRvfCcglP0ARk2SyVM4rf
840,840,insert,one_____,____9337,ztgCd4FysdzTQNKtM7TBstbrXCY6hs0E8Rc
840,840,insert,two_____,____9338,L0nGoQiRUeqmHC1Wh72ZKIehPHc1myfU1JK7
840,840,insert,one_____,____9339,K2KYEF5BwmcfVuWTr3lJ9Ld6VD3iBrOqaWJ6YAAW8cMS9Zw4Oy
840,840,insert,four____,____9340,UdNEi2T0tES01fsAUJz4yGNOmAlA8col2PsbllvBXU8IyGVu7mV7owX
840,840,insert,three___,____9341,u9nLcBjECZP5ZSK80BlG0PTcOHiEDsZ4C6E9HF4Gij2M
840,840,insert,one_____,____9342,g7H5vHShfzs0kuePaT2lLeh2um3yVZENPYVDohluhNR1JPBo1XPPyYu
840,840,insert,four____,____9343,UrHm07Ofbo9EkVkzWYvybGdSNljiYnHfu1uhwAXTKq9WYXRNEI3CyaLBw
840,840,insert,three___,____9344,BBGBYb7xPLanfmDzFqgzOkxwxInJC3eRmxNXNQYx5dTPgxaze1K7nnlv
840,840,commit,,,

841,841,insert,one_____,____9345,wS7BrehSrYTM5RbNEn7oA20zSuuK775VJffkryt5XizoN9SQHs3ZIyXcrSiRHrfQ
841,841,insert,one_____,____9346,x8f8p9vphtlQ3Zekj6yp0YwPHiUhAEtQn3QGLC
841,841,insert,two_____,____9347,tuJWxq9gGzISZVwWEoZIh7slp463RKsOWPAatKR7jm32c8PyYtPZLTfTPNA
841,841,insert,four____,____9348,rhm47Afp7XUb0cUc0rCYYYCPLDuea4YnEFD0ABnxvQK4QDumT1
841,841,insert,two_____,____9349,n0fADm7yewcbISsBZZuIqpplOvFNwb9SEK3I7sbZcRZmRTSeWiipb3
841,841,insert,three___,____9350,EswbEKpdMau3w47stIzEqCsaRbARhYJO7
841,841,insert,one_____,____9351,H5dkVOuTb3qmORB8ZajnnaEj7d8bC8NTSQjV60rPMYRHue7Em7xCBG7tCfqQ
841,841,insert,two_____,____9352,fTuaAXfKMuTwO5ehVSI2p9uZYUMNe66oACEr680k12uzQ
841,841,insert,two_____,____9353,uCnGpVZ7xNpoDYPkVBperLEJkMWtPcre9Yi6G8x4VK
841,841,insert,zero____,____9354,rOAmrbPeoLpdGxLPRJ4yfi5IniqiXvIv8tOrKuWdcv
841,841,commit,,,

842,842,insert,three___,____9355,5aNWNBuBduyTezxCBIwZ1PutthT8PfZ9qRLT4UbtZE50W8MSSX
842,842,insert,two_____,____9356,ctsSJUnAppYLeWcOQvza4E8fFxd8wQqBDeYmxJ4EGkjuK6
842,842,insert,zero____,____9357,Nd03ObcL5j0MKXqosVyPJR8g4QgqkeD3sWI9VcyLUzFHMXMddccP
842,842,insert,four____,____9358,5Mc0knDtkUErkDb6VfHQyFbRwZvhWpqc0MCYvGBSeyM
842,842,insert,four____,____9359,vWuZx9ljeiVwhQecIhp4oUtZKp6sG3r02Cygg2863lrx
842,842,insert,one_____,____9360,SN2pMdKkI1BpNtMmsXxZJosgePXd4AKYJSW1w4DRDeEkZ22
842,842,insert,three___,____9361,AfjuMqeY33ad7LaUOIaCgCeCqiaH44ogXh7U1L1wwusKstTiJpDtSdpFtC
842,842,insert,two_____,____9362,khO7adlJ9FSeTZdmMp0cozG4732ee8BqjaYM25YgmK
842,842,insert,one_____,____9363,Nf1wLQOWr1hk4LRdgS3fonG9sE3uui1RZPh
842,842,insert,two_____,____9364,74aHUSNqUexXfCn8BFxkkgsOqIHiibMrZTgoCOhoOPG2Ev9
842,842,commit,,,

843,843,insert,three___,____9365,XlEeUjwYgObBpBO7CI9UJSeOBW04p2qzdFy
843,843,insert,four____,____9366,0f5PN4ZCasMPwg6A93QMD1G4nlC76hh8K9
843,843,insert,one_____,____9367,9IgY7JLw2C5qJIXj9nebYUb01RxN5olPKLDM1lOPgP5ua88w0R7Hlil8j
843,843,insert,zero____,____9368,oOnP3gIzaoSiKZJXZa3iOSVd3orTQ3lvOuZeGBjoSxtK28EIsJ
843,843,insert,four____,____9369,2YTViYEsuCP4VylAsZV4WgR57AEuE4XyDWzwgbgAEc6duiOm3jTaKSd3jwXVTmT3
843,843,insert,zero____,____9370,fGN23XsMDPpqbJLKEPA4KJvgI9oUvZhcCKKHMmS2NurgZhLmlchU6JoCZm
843,843,insert,one_____,____9371,G2etVo0lJB6zmZyb3ZZ1WUvbhFncKAeAC0RvzEqUC9pewv12VfVcuIE
843,843,insert,two_____,____9372,NC37qZnawPlzO2WgW0H6N9KK7hEWTaz6ZBlEcKe7giZXYKnkiUImQpoiL3u4
843,843,insert,zero____,____9373,jKn5IiUGY4IyHMAEbG7nO2ZjB9ov9jbnhxO5U
843,843,commit,,,

844,844,insert,zero____,____9374,anokpUgYOAwDt8o0IiWwpzfI9o8HBuUsUDeDLVgbDZ1
844,844,insert,two_____,____9375,nUEDzG9JFeAVXXI9TtV7YxYIjjBSyXgFi0bAfhjp3OdzA
844,844,insert,zero____,____9376,tN10Lugzj1y4Fbkp40eu8QJ1wTj4FbOnYc5EEHgmJH7jCVIQK3tEaKiUgqw41Gg
844,844,insert,three___,____9377,uJGuheUpGWrY3won6BTmJV0DlVzPTVOVSpnCQ06tw
844,844,insert,one_____,____9378,OjVF0aRiiIusRkheWVo2g8CRgBh0Hp5U
844,844,insert,two_____,____9379,65QdFRpNlJT00h4NdbIvxf9azEMOcq9eDVNyE1424ktS7
844,844,insert,one_____,____9380,vPlbJRHaOiL4FTAKYDjrbWM3KDbcPFYKqxCsQLns4sAACfM
844,844,insert,zero____,____9381,rYG5z6cDXvH9qDZOVJ1J5u4hhQlkOMQhd8xZMDQu05375Nj4
844,844,insert,one_____,____9382,12KsjCxyHDS0TlcLZTwm1sUAMB9D1iiZFRXpLgbK2PqxsLRYBcBacHDAZ1
844,844,insert,four____,____9383,7B2Cb3rZuUG6b3DZJ4eL7KbOjeJRCqYiDDbgXM8
844,844,insert,zero____,____9384,WVyyZSJ0HfgZRZu2SRRnUCZWYOkLH1fkYN0C7iLkBhzWjX
844,844,commit,,,

845,845,insert,two_____,____9385,S0pZ0w0OByJoJ8QLY812MOk0O9ShwKj6fVVTm3yp6
845,845,insert,four____,____9386,1FhPGiwXsJJTNsGtQ5SgY93mZXnrw6iPF7l7hfMHXGkztO0rrLFibeFUu74McCv
845,845,insert,one_____,____9387,u7eNBaApRLDUAbxqu4EvVlFc60Wyl8B7nt7u3qn8cGuUdt3
845,845,insert,two_____,____9388,ZCjDDigLSOCJAdkp6qZ6vA9IkbnlO03mSKEvf4q3
845,845,insert,one_____,____9389,d3eZKyhRRwL3lSntWBpoif4sOqGnr0RbzjIs
845,845,insert,four____,____9390,66nji3beP4sFr1ojXvNBcTOTF4aPpdqFRkOBxUlSsIwB0zrVSKLH8
845,845,insert,zero____,____9391,9acHaRDdnjIoTxklm3nbJWL9Y6rVPFCKKLHAUiqxP
845,845,insert,three___,____9392,ExlN9trkTvWGZyJs48Mg6zfxtzgxOcfndQ4qhLzFzNr39EsHL1Tr6PDg9xj
845,845,insert,two_____,____9393,vGJ5iekubx8IAHMoIxabE2iDLy9e99luCsCLtEWBGU2i
845,845,insert,one_____,____9394,06K5UHAqNQF3bJSLJXe9iOGLz7cMVMnlgaMh6QnZQXK74CXUcTonwdYGD
845,845,insert,three___,____9395,XuiO9K6ZofIeXykaxTVz3GHGR6YSNr0lkn5YmAS3e
845,845,commit,,,

846,846,insert,four____,____9396,UjVD1YCXMaNfnb5Kv8Zo3MRXPJr0pvzufz
846,846,insert,two_____,____9397,4OnwG01bWLP67URGagaEoHzvJiYY39Q4z
846,846,insert,three___,____9398,gmbhvbEfgyCHFAjm80nIe7iahBXjdjEJci4GHJ4asHEw8gcB
846,846,insert,three___,____9399,1Yd5lBNFqnZrID2oxOIsoo0UMxTfGNheFQv
846,846,insert,four____,____9400,PHTh40BhOsPx9dx9A5Mzo7G0ucQ9HnELwlrS
846,846,insert,three___,____9401,u1pHEGy8ga1iVQS6Y5GrvlAABUuX8Hez6ZW2KzSE
846,846,insert,two_____,____9402,vF6xcbNrAl9wcsWaghGZZTv7SzATMtp7BuUJPsMesgcGw
846,846,insert,one_____,____9403,x4MYZDiJLaB1bFxYHyCvrpSGRovpasQ0ygP5x0q
846,846,insert,one_____,____9404,VA7w0kYskjJhSVujzIvgAAUmSHPOIsOXumfXBfA1ieJTv
846,846,insert,one_____,____9405,8UGO3UNIWBClJdVlME8E5daroZKVN9Xr1n6b7ZQcxKMJocE
846,846,insert,three___,____9406,7MlsqaGxYaCdiwYpvEPSPPaoOcQRKvlmOcdT8ERl41NoJN
846,846,insert,zero____,____9407,ojDCh5vRaYzU3MNHrM4BnmhPgUbjlNkO2Vuu0mZr1ZKrzq0q3ju
846,846,commit,,,

847,847,insert,two_____,____9408,1KYWQdMno5fLijemhDyufwGDKGeobt4jwdZ9NN
847,847,insert,three___,____9409,9IThcDFbbxAsvfLIwsrEgzosydVqoOjjOsf2I
847,847,insert,two_____,____9410,bTLLak0dV2v6r5Rz3MscNLMzcfphArO2GIX0OQK7frliwfVGLLIfeUI
847,847,insert,four____,____9411,9j3b0shqTdpj5QowNnvgUQhWZvn67MZzvf5P7
847,847,insert,zero____,____9412,QoNyR1fQxQNcnJmigev3b8sjKyfGNOEmri3
847,847,insert,three___,____9413,kwYaJDFCvbhsHtWLIJYyMVCRnZETIWQ1V4ja4eO0yQ9KAaQj2N4xH6
847,847,insert,four____,____9414,UkcMT70og9snsdKtYKpw1qDBKG8X049FvN5PYk8j1soEREGICe5LOkLN0p
847,847,insert,three___,____9415,QaKGhNbBOixxetHfJXm6YBcDmHTE988UqqWyUNrExV6lE3tA
847,847,insert,two_____,____9416,Tr1WFJ1NhqLzP5HSKRQDi3UyJFvL3QsNiK3Ia8FL28z
847,847,insert,one_____,____9417,yK4hoy0WiEPBaPwX1k1lO8vfq9b3Mw8VCZzG2doRE9h3BYRjMUdCNYmSk5IqDTzb
847,847,insert,zero____,____9418,3JwyW8wjxFk1BEC5mqSQ2R2QSFYVkv2ecVAHA216e0dSQJlt
847,847,insert,three___,____9419,TJzgaiIJCUB2EXud4ucPejqDd5nJYXSLx6YdP3ukbZXkdF0zpRP4utMDHOkNHU
847,847,commit,,,

848,848,insert,zero____,____9420,0lcmM5yEvJ9TrhrcDiQh1ShQ7JcgDJXMfSek58zwZJKy
848,848,insert,four____,____9421,dH4FmX8r3UJxOOh9b23YuUKZnCNIJKV2lhwvRX
848,848,insert,two_____,____9422,0p0eHvhD76UroNrPPf5frA9KyO4LudEt3aT2pm0b
848,848,insert,zero____,____9423,on7Toc6S9WiOBNll4Fw50Ie3NnBEMJ1u0b7usl0fqZSVgWR
848,848,insert,three___,____9424,S94GHZ9aQiBAuWA7GS6bF8d1ouJGqoDzKDHz4sOhii
848,848,insert,two_____,____9425,1DO1p54YMyTR5Gxcb4ECmCGApVQZtINYsEqpZAODH0OMuKDc5FxTHQ7kad
848,848,insert,zero____,____9426,Iw0ZFN6cqyCkNa8fO3ZjjJyY8dc7uYR8A9qd5vXIfCGZIbkvb
848,848,insert,one_____,____9427,hCf88q90o1CHPAcLxob06OgcR0Rl6J5Qpa5ByHNQqQJe6y
848,848,insert,three___,____9428,w6tdk4gWQjyYvR8hUbuSPaiI8SUdNfqcJ7BXjAwezPVQJwFkpswaNHaAFvEE
848,848,commit,,,

849,849,insert,four____,____9429,Gjull6s9MvQxO1D79W6lDxQjUZFt81kEGpI37
849,849,insert,four____,____9430,7r4Jx3cAeqQBLQyoTlK5nJziKJx3EyZPfJt9jvBPqaCnNwrhK8Uv8zdQFW
849,849,insert,four____,____9431,bVq1VZ9zLiZl4piShhKY9lD4L9HmwwFHNr4nQS7ppN654UTnLHuvO
849,849,insert,two_____,____9432,wPInnUbyCeJQkZlUd1AE6xOCp5HPJSMT4QQomZ3a6Wn
849,849,insert,zero____,____9433,UjobyvB8YshT1o4RovvasC854FQrBdMBVLYUIwUXF2E7
849,849,insert,four____,____9434,4l8ERNT2weNZiyCBsONaNkd9bZLOOmfCIF7qwaiGhAcB9K8GYiq
849,849,insert,one_____,____9435,vwTPY6pu6xmCOBDT4rFCZjf9K1NMSEt8fyGc4SG
849,849,insert,four____,____9436,48HIFfpFyhl5lMOclkaJHEW3YzHljuyEfAJXG
849,849,commit,,,

850,850,insert,four____,____9437,izlv8Bms6VpdeBR8QnMAtcMYX1MwjbB0maTTKFM
850,850,insert,two_____,____9438,YaHh8w0CKLQs3qNJLwcpVup2UdlRBTmAMqz3mzZ8sO9
850,850,insert,three___,____9439,sxjZ3VXMx5ckL9f4gXpjtO8eDqMIF8Q2q7v
850,850,insert,two_____,____9440,pBxIFo38ocx1eHUECkr0BOOfvb23YaGy7
850,850,insert,four____,____9441,ctQ45ieirSv3V0har7Nm8par0qoHjqmLsmv3FAWtmtHUBe9qGSLoD87QLVpR6Tk6
850,850,insert,one_____,____9442,y62uLssFm9koV5CBKOQzlqgnsFWs3MRqyRXU
850,850,insert,zero____,____9443,gUCKB1SqKgLFf6yqw3pV165r95yxcePP9KQt61PJvz3ZbUjW1abmDjAQGA5G
850,850,insert,zero____,____9444,WtwgmCzk7nGnk7NAhDR8NlRhpdTXgpXbWhzyAWtfMSMCXw6mBbg
850,850,insert,four____,____9445,ksmtsfLmWqYpugeWWKe3mZwiXkL7i8WSmuCIMt
850,850,commit,,,

851,851,insert,zero____,____9446,GL7Q8wAY1QmZeyTeKOtatW37J4Zsbevz5IrxmTVoDsY093wXxXnt
851,851,insert,one_____,____9447,Kz7rFfpm9GQdC5RvtGcncLP0yy7CDxw772p
851,851,insert,four____,____9448,fGV73NRziLDpzyuH7OKdPFOY1DVghsQtUcCVAw0
851,851,insert,three___,____9449,eYAW7dJqdfZiNCceZ72wiWmJK1wHW3N0WP
851,851,insert,one_____,____9450,Ahot7QOeYhDkb55SJ2Gfvp25wO2sFB9pOkPLDOcF4OyYyetyRzHkYAS44RoE8jQL
851,851,insert,one_____,____9451,Mbv0jm35CSiY0vIRbddABI0WyPKc1ILPdFxvllOu5x18hRZURt2G
851,851,insert,four____,____9452,ZQprQzaqalISbPTzbNPUy16uws8xklfiexyLiRdtuQEZDaiwj9YgwXHowkja
851,851,insert,four____,____9453,xuHL7txBEk4EkySXd00kdOGmr8Kqc5KVHAem5g2cw
851,851,insert,four____,____9454,AYIxRe2t3ZmxEskz48vxRt8UXIZdE5Qeca12XkjdYwREn
851,851,commit,,,

852,852,insert,three___,____9455,cBd0Qpi9DPbvzAhMnM5vHRWWzfbXCr0D
852,852,insert,three___,____9456,vTDhyEgZgLuG7AHlOznmIdw9SbpLNL86S5UtFI71Td
852,852,insert,one_____,____9457,ytsb65aXfPMyejaIF4pB509WdgP8kflRHfjIwQPAln2snYT4PytmHkOzhEfFo
852,852,insert,zero____,____9458,rOB5fNNxCwxGVTasQw2yyTT5EgRo3utDC3TXFzQW4a
852,852,insert,two_____,____9459,GQ3JUkov2bM05X9CPpQpzGfOf7lNIBu48ssxYQxZp2UMFvNYEQF5
852,852,insert,zero____,____9460,VST4hIONlg2y70ueHdT4pCL8v9nVYjyN2
852,852,insert,one_____,____9461,jIJ0UjqHZH0RAKShrmgnKHAdO2fCRLt9ZBgXIJ
852,852,insert,two_____,____9462,sRj4JqTrwiXL4oaVW1mfvMQ2eAAdPOWzP6GgJTwBmCC3UfJCu1iWVTlXMX3kf
852,852,insert,three___,____9463,zUytWEILK4sLrtLhOxRVe6ezMcdb1keUuh
852,852,commit,,,

853,853,insert,zero____,____9464,oM1lPUZ27fv1wOeCg8HOh41VUseENC3WveNMFOsL2Io
853,853,insert,zero____,____9465,eMfhuftgVgc8us9jYDfE0ORfyTv9UM50
853,853,insert,four____,____9466,B4UcD9bssMDPwDXZFEvZqXu38LNOiCok2t
853,853,insert,two_____,____9467,00JfntVMYqf9nz8r8IYJnhjBlM3qtp5iSsNnrdxHL2kh28ttOV7NCD
853,853,insert,one_____,____9468,GyUmVLLqa3CPEhHD1J1H4U3JVPYXnxF2qDQbR6zQ8L
853,853,insert,three___,____9469,OPxXsXVEKOuH0PL1xU9Cz8rEl03mUSyJCOynlOMr3mWQJmPvzRZyTuTZgPmj
853,853,insert,three___,____9470,PelK9GH2Ys55GkZlMbGFJV6PvMbcGsyizdDtr
853,853,insert,zero____,____9471,FhAI88M8gQrkB6aoEXdwLFbpaU1wnpIF
853,853,commit,,,

854,854,insert,four____,____9472,iDR3A0lq3pcdiAn97qT4tV1pUp0ipppvVDCRMYdWOpiGvJN
854,854,insert,three___,____9473,cGDAtXbbzKmQ6NnbUbMU6bSR4HdmqPSN9EapCcVxPGqA4wpgIB1AiQicPYA
854,854,insert,one_____,____9474,I4Ewd1Pd9d8yr8uX9unnJzY7m379F4GhTK8vEEXyGwqPGmirF3NgvnDstQzM
854,854,insert,two_____,____9475,p2YN0MddJXG3GgEOz30jlVXg8OOmkFEORN3BiUQkLYGG430iz
854,854,insert,four____,____9476,4KxZSBqCxYTXgACgSqisFy0sAoZXq8iBAvQ530Tkr14y36YvLMxyzu
854,854,insert,one_____,____9477,eVVAMItY8wruAPJT2k4cVlaiiNDxY6h9
854,854,insert,one_____,____9478,uDjWukPKYipm18flVF5ckFKxQG92XW0EoLUSxSq8WS5FAwXFFgpfGFywDtLd3d6
854,854,insert,four____,____9479,BNARBIWR4CTEbzAZPcNehDwStQcu38i1hRybjOnRZuZ
854,854,insert,four____,____9480,J0Po2JlNdJvxbMC4JW0IO3Gvoo46W63vyn5fYc4Ub1q
854,854,insert,zero____,____9481,MtBMrLLO3qjaOI1grZ1lIqVt6BdjG6oEqsZpqT
854,854,insert,zero____,____9482,0fB0uwwsQly4Zcfeq2BGpmV3AaWOKsTXYtVff
854,854,insert,two_____,____9483,lL2aCYQi4KUGYH1RYMq7oEWn8Kd7bOVqd
854,854,commit,,,

855,855,insert,one_____,____9484,ywbifHaE8B6E8o87oxEA3nlKTp1fNs9NaaFPS3
855,855,insert,one_____,____9485,UFfQAEzpBCTXmE42GAIrhEJEexPYQH1rNkeT0NeZRuDgPDOxSx4c7
855,855,insert,four____,____9486,THrvCuF29WjxP5JQp9CwAAfZ1akerXliSleZT3CCXiAu8ihFZYiplVmwek
855,855,insert,zero____,____9487,KE5reccgDlhFhbt4fnxmeUXmNeQ73bKv7L0Hv8FjgoUNgVVz2lszQsjtJgc
855,855,insert,four____,____9488,HFDcENOkPAGx9WrQDXklBnRiLrcvXPbcKTgq1hI8GxPEymGjCwQKIy794
855,855,insert,zero____,____9489,7xbtPhLwWo5vcnWwQcJykqY5ets1L1ULpqPZz
855,855,insert,four____,____9490,yYrKe6nPdsvzXqaZiRU61rLrgiaTovR88wS1hbStgnY1kIcsFmQuTwQjADF8yLc
855,855,insert,zero____,____9491,kGXlcRSWpCRzu0ble0orAvIEzlCGKbg0vNZuXV55LB
855,855,insert,two_____,____9492,zAsHzygZvfdCf2jn9iCAiqXO0b3nLVdX
855,855,insert,one_____,____9493,WbNLFT3KlMd0hRt63wB5lYS7anpVaaKaRwvZhbBDoNJCkoAaqqVFk66BjXL08Dh4
855,855,commit,,,

856,856,insert,four____,____9494,H6Z7wHi3PgPJT19DpE4TUN7zatZuP5CdLGww8gaEYNn
856,856,insert,one_____,____9495,L0tFuI0LjLZYNg6UQ28CGJCHghwI6FSvovo2
856,856,insert,zero____,____9496,TmcJM8HgCpCWAJyoOUuWetalMtSUxomCIStUHL
856,856,insert,three___,____9497,KSBnxTDwqF3k2q7vCZkQeibBc6LY18hpmxkHr
856,856,insert,zero____,____9498,QGcZ7xnfOZCrxK1wPRMDLwA8xcDNWjgXoSc3H7P7J5aBX88LnX1a5l4
856,856,insert,zero____,____9499,QYiMUVAqukZpTNHqezqMpklS85JneVEEemo15kxTfdToZ8EzYK0B4mWDfO
856,856,insert,two_____,____9500,ffMnQvGz8IrKA51Byu9IdpNob0kRSTQ4TBisMfTWbAVxh
856,856,insert,one_____,____9501,esov9BhfqwNzvb7QQwAuT2TQR30bCH6qIj4yaYY3pagPfVFRdIWB1jAG99
856,856,insert,three___,____9502,tHeDaPHiPfHTQ475tiNSd8RmAa9ETjNNNUdxfFW
856,856,commit,,,

857,857,insert,one_____,____9503,zTQtPlRaaUzV9L7JRH1qTNbvhab9d7hQIpux6luVzYhMkU1UopgNzFIw3iDUMPcy
857,857,insert,two_____,____9504,4kw4DocEkuMiQYEA5US2MlPfCp4acAsz45hV
857,857,insert,zero____,____9505,Ch1bO2mxynh5Lr7YfPnupd1RyUl4KsxHSw643wR
857,857,insert,two_____,____9506,2XQyT4ncB565ndTJUF4NG6mw2P0BLjrylxrB0Mp5iHIJhqQGAOm
857,857,insert,one_____,____9507,BZOsRK24n2P1WaXKu35pCbeh5vIDwHxYVnLt6sTHMf5iicHzuFsTRCfH
857,857,insert,zero____,____9508,l0ke9mR84OQfd8z8SuvOI7lDvA9oP0mKm
857,857,insert,two_____,____9509,oi0btTfcD1Zslj32eUcXLCORvvzJKtgvP
857,857,insert,three___,____9510,h753qXbPrH8v0NJknWpn92Y44NJ5xH0LW
857,857,insert,one_____,____9511,GK1XKdOUR38PFeevIy2m3WFB754VFOAUTnguOmZPQkvZcwrYwEH8Hd
857,857,insert,four____,____9512,hvMPUKCHrEL1iKzc7JXBtfU43JPNFthkVr6OOQMSaHNzw22x
857,857,commit,,,

858,858,insert,two_____,____9513,LkY131iueJKFbAPUQKspCpiYSf9K2xe1mc
858,858,insert,four____,____9514,gtcGC3EUnFoJ4w46qULsNqtOzYtxaYr8tpBRMRu7YoBKHbWt
858,858,insert,one_____,____9515,aBDXM82833cg1KKsovjxrj6HT84X19GKQGK5uicC14DHfewIvQ
858,858,insert,two_____,____9516,J4OxlvySmgNGIErTQHdcwZI5yNEnQuD7QMP07ANi5UPuWh8tiscmv
858,858,insert,three___,____9517,rSQbbxHLjQL8uKflnhhn5SQ5X9PunMJf5NKe
858,858,insert,two_____,____9518,jAnTckf9k0eGAFb9xSaaPla9ittZ22A7G
858,858,insert,zero____,____9519,dduoeqNf3Jea7I4mFmsPDI1qjXoJQY6dOZD5mPrxuUu5h0frpH
858,858,insert,zero____,____9520,g451zIv468i5Qc7obfqo4lJsTjs6BDM2fao9aiRUuLHRoeu9n
858,858,insert,three___,____9521,t29MOkGZhgkhUMfdgqBEmSGzf1sQCua0Ck8m40RNZiygVeuj2
858,858,insert,three___,____9522,3XrhEN5cxqLYxewejQ9x89i0Dh2e4194mnJX2KheAoncLLAzZtfStNkLjnx
858,858,insert,one_____,____9523,AApFoKWCqz6YtsdM3YUc6qhbgghNp8OBHjMAwaKHygg9
858,858,insert,three___,____9524,l4BRNXYr2pSMidkvrx82xC6oP4q0d2QUPv0HPGxnPIIpW2xne5ZfbS
858,858,commit,,,

859,859,insert,two_____,____9525,XFNN7oNgPkej8WnboPCuU5DbTe6ohb43xcsJXGR
859,859,insert,two_____,____9526,eqjiUSe4kW1ClMAuEJesP44nF3jcHy8nh7GQOlpTTwN
859,859,insert,one_____,____9527,rYv4xzWGD7dt4zk6kqeZHtZaCmeSTOk7JimJAFPiN8QBjek1y0
859,859,insert,four____,____9528,aqUV2wIoupRI2pOkO9VAKRXasqRVsUCzgXt7z22IBJ8Y
859,859,insert,one_____,____9529,g6F9zQPbacsQxMwMEQcxnV30i1yhNPABJj8pLtU7m5cBLwiltNGDClfbIZsGnh
859,859,insert,three___,____9530,8yAEWT1Rj8MGQrQcGdQWfrSzgneHg9I2o9Xa1FUM
859,859,insert,one_____,____9531,YTyBgjAQt4juGaCo4ehJLAhuBYtdeBiQmw
859,859,insert,zero____,____9532,E7s5WZxCIfHdzlpYTBt8zRbbsH1KSDnz1HWrCSD50mPh8kYQD2TASf
859,859,insert,one_____,____9533,2iJpIxoNP8Cs4X06GIYRNerTIa7ZJuj8hzYPChMBWyYF6sUvQRe
859,859,insert,two_____,____9534,dQfyChIsJsROvc9zi7j59VQYbbhEyH02RxP0
859,859,insert,one_____,____9535,WXIlaDPwhLKc4LLHJbG07pPJJzN9KQbbRLKN4MbqEVb
859,859,commit,,,

860,860,insert,three___,____9536,fon6kR2eCQaZWYVNGBJRBnn8E092e8naZnorUgV
860,860,insert,four____,____9537,c6X6AiQlzDL7jpHqHLQlBMY9epppfxcLcGQlHVqIHgqlNvvQ0
860,860,insert,zero____,____9538,2MAEEoXwjjtUv1zHVfMEpJlb7pzu7WQq7Yp
860,860,insert,one_____,____9539,BfzL7zgSkSPbN1lpqoHEKqfOwHtwLdSWMKlBEaMrhwww8sCyiYCI0o7l
860,860,insert,zero____,____9540,NYwsU38rQ6NczZjuOE4ZSEGWLIpRsaj8JYosnQDh6b
860,860,insert,one_____,____9541,5CHbyFvRbMgM4ybPEO8bcPyiGfH6XeOBdvUKkd6p7xVv9Q
860,860,insert,three___,____9542,JrLC8pQrA2kiOfIFhaC0WLMWSnjUq8Dhcq29H2Tzf8V5o4MfEKHJp7njqElsNro
860,860,insert,one_____,____9543,0jB6URyooyiDAmXfI83Tv4GyFiEFjRwULHjAgjTP
860,860,insert,one_____,____9544,sHJ3EVnycE3mHnC2su2juVbeZvZS3dYMMhYhhD1CqUYqiYvwB
860,860,insert,zero____,____9545,VISLcpbGznAIUKSS3mRhgzbhIemnQ7WbSd1u27VttALuVcHFDVm4W5BrWJTti
860,860,insert,two_____,____9546,CvmwQLtw0Ru0u3RPzVARXCwhwKcuIPZQKbfl3EF6hqEWZut8omNubHB7mJc3
860,860,commit,,,

861,861,insert,zero____,____9547,m1yoNzkuDFvnAlVIQp2Zh7a3RBV0Xnsm43Vg7KpULn
861,861,insert,one_____,____9548,24IU2iFA2EUlp7MrQHCwNmOIsFnam9gSje48onF
861,861,insert,three___,____9549,Nxl2TGK7HlwL2WktDsymxBmEZHQ3tFjHydGTiTuBWPdgrG8e3U
861,861,insert,two_____,____9550,xVvtW9xFnvxDQ0Um7YXqvXFxjDofWMmvmyzFFJSSEPSUZLDKda
861,861,insert,one_____,____9551,w2gi1je7OwuxCkNwPYxi9vQ0dYyRc4XgCP4rBGWXPNjA6QoxgHSj8NFTwmyZ
861,861,insert,four____,____9552,cyR3Wvsuk4WCLAUkFdN3NpAI1AOmlpzk2VhAN6XOMZaDhWd0oSCrtwcQLlQ6Ci1p
861,861,insert,four____,____9553,cyd6yfSBH4iCy0d9a6uoogO5YPkSgQQCz4SxdkiX3zfwVQowFtG7Qndkl
861,861,insert,four____,____9554,tldwO9Z5Brc4pU4F0yXuVUiSvIixMsPHl
861,861,insert,three___,____9555,5RbAtd3Lt9wtzRIwhgpuxIxQ9Ef4Ybb5nE395sIT2s9T
861,861,insert,one_____,____9556,sWKVQoApzPnLOwmIzJ1yfo93bTK4mr8fLbc8zb0RPRRBleSJ
861,861,insert,four____,____9557,TbiLZiZgsCQl3p6YHrQlumvGTpwkeMH33iWgM6fbj1lv0ShYIlIVG9pBHMt
861,861,commit,,,

862,862,insert,zero____,____9558,VEWmNsjztYhVWVnaAcvu9uWqbBIbG2iYI8nwTbiftzb8u39pzUsFr964rfn2
862,862,insert,one_____,____9559,TOa6MVjlsFAmqNROg2dWfDC3ZfW3389vp
862,862,insert,one_____,____9560,llZvDWqd7zgcIsiSzaVYQ5uaC8K6XBJyumt0jngI3yjMeWJej
862,862,insert,four____,____9561,mAAXwedAYLRviQiCVCBat4GKIEL79DizIgb0WT75qLvRxH6YKPLsz8iOIYhuiG
862,862,insert,three___,____9562,XqfyQUl9AYL9Ep7jHGX4LNE1O530yM6ruuQsFfko
862,862,insert,three___,____9563,dqbunMNQOvMTpqayOYi9A9HRxVEwKZqtbuJDKHg1JWQ38dS
862,862,insert,one_____,____9564,EzoJgmXi8hPoJww64ZAWGcD4a09DGAt5s0OEYXM
862,862,insert,four____,____9565,NQvMM8DajzJpPe0KaGBqIyqjAfiRGwgP4WlNGnRz1qYk2GaPcAXwHvI
862,862,insert,zero____,____9566,ClQrazhq5L2jD4Wdq22kHWPJN3LoK4vDhJF
862,862,insert,four____,____9567,U9oxCvNFKBsnGyN6WivnVt9nYvgjmKNwYKaBt7nwVu0gopp01HbMNW5bljYM
862,862,insert,two_____,____9568,rw4PAJ2THuZpE6yBXstyKuqWjvDHyNHWqy5VOUEku
862,862,commit,,,

863,863,insert,one_____,____9569,zaHahzJ1b0VkkJFrgoERHg0QnpLZJ2Vs6R2a1krTBQaFpSlpgy9VRnisnagnD8s
863,863,insert,zero____,____9570,Eu9wm4x8G0crZifOie8Z0y2qW6XmUZhdOPrfFWq4xPHCBG38
863,863,insert,three___,____9571,9FHhufJCIJ2hupBjGnvAWJCiYj31wyIsIhpK0N8OG5awPPS2SacoZT6
863,863,insert,two_____,____9572,eSFJ5IKbIJtvVwxKOcuq4fS3P7wmYEyk9YHH0QPHjX8WIvrjHaK5J
863,863,insert,one_____,____9573,7WvzYZL5ZAsVKOwBYL1s2xPoQL7NPRn3nt4WteUFGxk
863,863,insert,three___,____9574,dQzAMDKyRZuzFwQS28u2VGwtYbnGEgDTlCmy
863,863,insert,zero____,____9575,FgxinmoO3NkGugHT0BWRiT0reAdb1ntyO0WwY2W42zS4
863,863,insert,four____,____9576,8w1XWLMR8UbPk9XjhvVvfcnh4f1nljVilglG7UoA8jw9nkiY6og
863,863,commit,,,

864,864,insert,two_____,____9577,ruXJJX0ASSDRCL5X2bJYX28nLmaRHWZyE35aaqAJuXk
864,864,insert,four____,____9578,yN38Pod6GSlptJ1Rw88xT5aTaqZyAuY4O2C9jrt0PF
864,864,insert,zero____,____9579,VnZNxPMqOs1DCxBtOmyKKbzKPGOCPTnclenekWvOVjfDA138jJHYpZmSU
864,864,insert,two_____,____9580,vFDk7mVLZJ46rI45JjhQznE42MhLv4TB3TBNfYbu0hff2cczd9DMvd3NrkE7w
864,864,insert,zero____,____9581,QqwzfEDomgvJbQVmkwW5Bm2nY8T0VoOXLC7zd4obtG2qwMDgyAS
864,864,insert,four____,____9582,PTT5m7k0Nkdbf6lgVnvZdbt2qAf60hxwrwQQ9BNZ4EnJWmfd6D0Z27UFC25ie
864,864,insert,zero____,____9583,6huxTDFb3VOaoRezlEdC83klh55Gpvm5phEE6NJDOF0UAzB
864,864,insert,zero____,____9584,w9YSrGkzINHJS2vozR9BEX2493KgY4K2j1CfGo4nZ8x1OeiwnjDDXGTu1VLT93kx
864,864,insert,three___,____9585,on8P9ALXLgGwOrsmHey4qAQhsvURfKND1IwsZdl6HisZvNCf5VN9GdS0TnnjpZn
864,864,insert,four____,____9586,73Ucn3k64rhYjES6xmUck7oW0ub7X4O3MSe3L
864,864,insert,two_____,____9587,aaUQADlcqywcetCDm9lvHTmq2tJfzEdy
864,864,commit,,,

865,865,insert,three___,____9588,DfQfFNnPYK2yKlgXy2fUlGDvOReyyiOwHxvkbLnltTETB0Q4HRv2C
865,865,insert,three___,____9589,XmR6CZph4hwP9Kisl1vYQ7tXAnwQ1PNAjtUt3iXuFP4YxrUirdmw2
865,865,insert,three___,____9590,v08DHBho1hNlH0uruULMEmCzl2uONVrHVVCu5ItG44xeSMrQh9BDn4
865,865,insert,zero____,____9591,MwvyZTMz0sNkV1yoqO6957xKDLSEWdyZknvz8BLdavk5FlzQQQgwPKOWDrP0
865,865,insert,two_____,____9592,kK0PJfXMuHoPplipWvLruflf2PtwDDibqm7Qq3TFcNVtllrI
865,865,insert,one_____,____9593,bLsoJ38Cfl9foY8P8BhD9Y8QBT05IxQ3hoSxFFbUuYgqB2WtTgIoj4Db
865,865,insert,one_____,____9594,b67YHZMhCtay75sM18hGgi5AWM5sJ3I6yfj9DbFemiq
865,865,insert,one_____,____9595,2786ovV5MaiQ4PGNmy9XTpYeKwcDuKcVU3kEiw5zxMfROk2iFBHMP
865,865,insert,two_____,____9596,tEM5ZOOwmLru3vQqoOu7q40FXjMZhhzEzPmYflZ
865,865,insert,zero____,____9597,NLKd3XosZLbPSjT3lYKtKzPCe8S5G93JKRiMgTO
865,865,insert,four____,____9598,BHQ7LLsRxbsAbbJbrJx7v1DocOwPdbjTMDUPm6WAekJcBkVsWI5gMp7GvLvJ1M7K
865,865,insert,zero____,____9599,2wOpBZCOUdMgKNZpI5cYA9gXeAeIEzndFuSG04wNbHSn7Ix
865,865,commit,,,

866,866,insert,four____,____9600,rgc8LdxrbijJTx6FUCHmkMWH2efiU7500JaNmlrZmMsv
866,866,insert,zero____,____9601,SRkOxwj93Nj2bcu2qhi6U5ZcPLmXEe7cDKwbGapBmz0GIj2bcF6fZAs56Y5CGCrF
866,866,insert,four____,____9602,fQuYCffZXjckqYl8iMTMCxQoDG0sLhgxBfrI7l1gQZQrivDfxUihZQJQ
866,866,insert,zero____,____9603,1l1TFsK67Xx3EPTccAAqDv8bw5g4pAWdHtbgMHN8ttbpQpVkgvMKcC1K
866,866,insert,zero____,____9604,n309BXFFzOjPtcPVltzHjCgsr9PFKYExZKqxhXLCiNkjkt8YldE
866,866,insert,one_____,____9605,nnadcPuyILJYRLT2IcfoGkRY6nYITeaeHm9Ce
866,866,insert,two_____,____9606,3P9gv0x1jf67VxxEOYox6bE1oVe8gwkq500DzsYSUZGPBEgl8n3z2WBEJ3PYC
866,866,insert,zero____,____9607,onwhcTNZzwnvzNaKY7n5zLUuxbHB3TT2xhH3xow0A0
866,866,insert,three___,____9608,myRCdxHlCUmHWbLGvsEDo65yda829GwMjfWjgd12eDnSZJF96OE4UDlV
866,866,insert,two_____,____9609,WRCZznFXRYxmldFQSPHk7VW5B9T0iFBuxGOZN5FMes
866,866,insert,four____,____9610,IAtmXOI6pyZZSpoH9IoBuBlHxwX040NrsqTVRaFFa8t
866,866,insert,four____,____9611,92qRZzewnpLF74Bj8qrpmq9OAyBxKt8N4RRYzB
866,866,commit,,,

867,867,insert,two_____,____9612,2j0z8Qc4QYqTdVGQd3lk689JED9XYLT4BIpfMDBsyNc6f0BkyRXlz35
867,867,insert,one_____,____9613,0H1LqDL74jYs5mYqhpQ0VPMYBqogqhg7SH
867,867,insert,one_____,____9614,F3NnwBR1dAcBgHD11R6fTBZ6DLqKTRDTAD9YYDJZn0nnuVvsQ5
867,867,insert,four____,____9615,lUpW8oMHlOgt1d1gphuM8FsBFgQC8VOJJiR9IPucAMHCGSRP
867,867,insert,four____,____9616,AdMQ38Qi89vJCNyawiqIvRP3gbFDy7LSIyQEQVPRdvQLOFxpRbE0mtbiV1A
867,867,insert,four____,____9617,jfagnseIwlJ2REL53Wlxv7e17LBgF2ueQHWZNdBhPR6q2rFsIowHwygd1RtVf5g
867,867,insert,two_____,____9618,ux3V819RVABaDYAqLjvxK61KbCyUQiJKnZQ3Pu53jvXAIfWKm313k
867,867,insert,three___,____9619,PpB9pk9hrPN5vg4PhcM9cjRUrOvaj5xDPkbQq
867,867,insert,one_____,____9620,CEko4ZVZg6sbjM4tb0pOYfgg5tpAUg6ddpWD8qac7Z3C3KorEd7w03mjwDqTyL
867,867,insert,four____,____9621,8jCPdly99CyC8jjUSmCYu7hHccfK7YyWFhpHAYBx
867,867,commit,,,

868,868,insert,three___,____9622,aJxQiZPyZ2wfLWwec4cZnRNGsNwhNSe4bKlo4lUTnHHoMr761kaFqWo6BjVnH
868,868,insert,two_____,____9623,BzxvfwBAgFrCqEboT69srxo62G20bl31o2Vs
868,868,insert,three___,____9624,4ZDbkNm5eP3oES7vPsGAKzcxhgWL4scLiDJNsmGPjR8
868,868,insert,two_____,____9625,qYYiy1MpKGEW5Dsz1PP4FhnntimxdmdZ41z7v0ASxqZn2r1FoZj7d8PjVJV5nYzJ
868,868,insert,four____,____9626,zYp3sgV6WCBtumGdi3qkytsRPqG9RqymzRBWhnSk6rJcopCoqwUETCXxq7SOJdaw
868,868,insert,three___,____9627,Nfqllh8mERaD0WpDcInJvuuBxUSkBJ0Fj4
868,868,insert,four____,____9628,TDuGe5KBM3yrSLVkTHUclNxwgkuWCL3VHYZYI5
868,868,insert,three___,____9629,Oza6kjiivvotQ2ksKDFbJZGTB15eTqMYO0UdUnE6wCTVU
868,868,commit,,,

869,869,insert,zero____,____9630,6xeLrvvMi7QBHX4onbGYpn5oE1jG1zgrOcGsYHFnbG3CfBp
869,869,insert,three___,____9631,kiVrVUHR1MWKbEIT66gUDOd0k2V7NSGQEZRQuf
869,869,insert,zero____,____9632,9bHL9KigOLqCtrPdqN0n6pmsHi7es9zzKbBgRCSTgQFy
869,869,insert,zero____,____9633,0PNN79q8k3ib2yBS6dVA9pqfL1ewpxKUW5MyoIRpjjzLzSUR8FI9G2
869,869,insert,zero____,____9634,D5L7ODfLIFVDacahYtNnc425cASgXEaSO3ZfO6ETfoVrMiBWsXZ8Ye
869,869,insert,one_____,____9635,lljP5dPQU9k9FOeCxIBK9sSzHoVS4PziWyZJF
869,869,insert,three___,____9636,ROBF6qL5of02eiXvHpCIFiV2gUIGotxbVtDgfuRDg1O18Q7KSmKTuLbiC
869,869,insert,zero____,____9637,ecFuEAECJfnbz8T9CDnrG3ZM8C21xJQTRGMCzm
869,869,insert,one_____,____9638,hVH2FoehsuSGQ63LTex10B8dkQENfC8OVKRDcQaOx2
869,869,insert,one_____,____9639,95sLyNEruV9RO93XGXLmxJ1iRht3M5IfcVgPPi
869,869,commit,,,

870,870,insert,one_____,____9640,7t9172ffUKFpoRNjCYu1ZIPYnf4XluuJpGVrhaJSV
870,870,insert,three___,____9641,7Y3OhL1msEIV45qbquCsUancnmlcUPEVdld7kAMnZ5XjZL
870,870,insert,three___,____9642,jnRRxAq6buFLA7KhXcQPVofwdiSCgGzd88NsBkMwRwZghBAHWrNI
870,870,insert,one_____,____9643,pWLY0hbifUcDeSnVGxsT3R0BCi1ckKHr2HfxCugdlRgmAPMO
870,870,insert,three___,____9644,LaVtbH03KQk9A7wEAls08INqdPjP5Mm1NRyR
870,870,insert,three___,____9645,pwsGV8Zpm5IYKr8YiyyP2AAv6Vo7yAZqsaQpd4juBAPGOI8lJTnPPt2S8
870,870,insert,zero____,____9646,YdoneGV77GqhYa7rQ5h6pHnmS4913FhA8K6mFNEbd2T4f
870,870,insert,four____,____9647,d4TU2t7KT3kgiMJ192TL6HDUptbv4q0l
870,870,insert,two_____,____9648,KIc3rKPhaI6SIIRBkN3W80DtVZ3IyK4u
870,870,insert,zero____,____9649,Jju6BelXsVawEzNrqO9zuVPBDt56gt3pC2GhHtQk959fvWF2
870,870,commit,,,

871,871,insert,three___,____9650,6uPzZ8b64yy9dlo1En708HJCSUjaCyD3KObFJxdaWKjuRyL
871,871,insert,one_____,____9651,J5DLwAMqxqpoOBsgTNbDvbujbnLssIjTpp6DPlqXx6frvp1NAH
871,871,insert,one_____,____9652,f9GTHb0zwhanbAtAsjps2hZeghzXI5LHqELW1DQfdAK
871,871,insert,three___,____9653,x0aDkH96jHuQNM67BdcfaAi6AGjvpKnjVMjjftKw4xmkxF1hlbH1WYtyxLrLz
871,871,insert,one_____,____9654,MrOnJ1QEaP6yQcxzBm2S8OaGisDD3dVsaTwXoCa0PYjAn1tIk8Xq
871,871,insert,three___,____9655,tTeOJUvVNhVz2zSrqyZlJAeytDMcgTcYRZN2CMB9BGWfgK9Ogq28CI4wjC1m
871,871,insert,zero____,____9656,8HtS6eJrwuzrF3edbBPiRPnDDW4khmSNEUNpuDYi24h
871,871,insert,one_____,____9657,xgeYxiiM8SCLcGFHcD4TDzKM07BfrwVTlFgJshnvXGbcIr
871,871,insert,one_____,____9658,SfulXUVmhJ09YOhunZsbjWc7TRU3P8XHViH3XBFQICU5lAIa7InpqmG2j
871,871,insert,zero____,____9659,FjONJPz7sdQ4psyZ64e8OM2qdkcjOEkYLy7AcFFMIg
871,871,insert,four____,____9660,PBi2JV4xBWRK5Pu2buhkwdZ6YF1acvDohNI88yBw
871,871,commit,,,

872,872,insert,three___,____9661,LadX6T7jPBIZVy22NX09Jz6PkKQ6LszU1PEqw6eRnaRzM7osnNXMqATNUF3Hw
872,872,insert,one_____,____9662,RcVjRXPUKEF5oywGnuoyfoJgqmXJ3nOawIpqbZkn1ugPggZZN
872,872,insert,one_____,____9663,3INmb6jrQkPWzFE8jpsOWC6EQRz4gnBzYY
872,872,insert,three___,____9664,zet4EsYVNeQ5ZdhkTLwd0ugyFyQWRjAzORGsihSNpyKXD9RQyYpYdwN0
872,872,insert,one_____,____9665,sTQqC2JWiM4f6eh58hmxOZDxOLRC46U7Fg
872,872,insert,one_____,____9666,rpyc02x1zgbcT2aNrSzLOMTqNbFqKbE99CuKViHGe296uex4
872,872,insert,four____,____9667,PzDoNh084Co0mfzQJJYeS2IRJOQXsy01sDvNWD
872,872,insert,three___,____9668,HHq81SYjRsQKyYNObanTw7fANf7j0tCUiD5wSabm
872,872,commit,,,

873,873,insert,one_____,____9669,ATAK2nGYwfqe2r5NWZxhMzAyhJXnwGVYp2PvV1hwqnts1V
873,873,insert,four____,____9670,FS4e1p4gGCQMQPF4X6JVk1MLS9ItGobhJsZxBD2NGEvISq92tu0rh6otYWd
873,873,insert,two_____,____9671,apTQtw78w4JTSB3zHOqAZdCkmRpqdwyGV0rpmDhtvywqGfvFMt7kFIzhM
873,873,insert,zero____,____9672,N6Ll91WvBb0SKfQ5Ouk1lBBu00YGXBAe1Ia
873,873,insert,one_____,____9673,fvKmuJjXNc9vg3eKl8vYxXMsCaMCxn1DA3Neuzl3sK6
873,873,insert,zero____,____9674,E0tjCILIujZDybJVT5Qz5SWh3UWwtXQ96d2JhFDfJY
873,873,insert,one_____,____9675,fC4XkjUNGFS8rhq5Waa2p2fGinJf1shN6kFI6VSVr0sPMRT1LmXsgAMl
873,873,insert,two_____,____9676,Az4L1Y5Y3TpuvQMQIUJhf4EZqWZlgtgh4MObdDyKD0jZHnT9iF7nY
873,873,insert,zero____,____9677,QiKeuAMOM1b8b2IOBBmEAD6b1lztJBHHoNgfw2
873,873,insert,one_____,____9678,9SB8oHhS1pJKQt17VrG0qVoRziKPJA4ajL7z
873,873,insert,three___,____9679,oQrwoX4ulIyfCKErZus7Uj8Bz50nmCMT0
873,873,insert,zero____,____9680,wWa3l0y5H02ROsvDZrhYnr7hntU4WRNj2gY
873,873,commit,,,

874,874,insert,three___,____9681,RzgM6Lga1xDBNfusJbcPfMMNezIzDuvhb2S9HwKKc3bPDqJB3sDd
874,874,insert,one_____,____9682,hptG5Ji1lF77ljeG5uMnwscCEtm793PTmM8zzdGiURmjGjw4fCjVYR6AV
874,874,insert,one_____,____9683,o8OhAMen0FKcgzTZH7GPZfrhIdy5vaOByMF
874,874,insert,zero____,____9684,rEguG0jTVPJoFGM03Hy0raHFORJDo6rZedwLDP2EpU
874,874,insert,three___,____9685,kBruo0oDUMhh8M1Kt6G4hD3j0T4cwnBAWea7RZEBC
874,874,insert,three___,____9686,9mvePowge4fwCl8XzW4DUEULM1BXS9X9WS89qFgYNkgGSMdprcq3BeZNYFnjmp
874,874,insert,zero____,____9687,ED5OyEH8gebUsKvjeYB72icY4YiGJKdq1rwoQY2m
874,874,insert,zero____,____9688,F50cO2ZsoqiO7Aj0o7FLRHF7XnBAHFeP
874,874,insert,zero____,____9689,KwZjbEnRWibbx916aAbPeaG7WkNdP6BVvdxtZYmJiyohzuOPJRn
874,874,insert,two_____,____9690,gh2wMVeZvzIBoKQsUzKrpfLLeKxs5joUK1Qg19VKK0
874,874,insert,three___,____9691,3zAs0FZQEGgci4gRtm1hOqH3yQIDzRf2fETYjNu5JfF
874,874,commit,,,

875,875,insert,three___,____9692,kH0GEKH18ogsWRWA1oRjKWveQPV75GAXAbCyhi1SrqIMAtsBKVo75kFARKM54X
875,875,insert,one_____,____9693,NKQHr6PEbFu9c3D7XSgOYZ8veClqgcxAS4xnaejm57MxXyl2yYmDuN1evAH
875,875,insert,one_____,____9694,jlrdNsC9mE60SL9AVVmiAit6zY9fdGcrGyaZylVvJSKwTg
875,875,insert,four____,____9695,erSIzedunLO6bFyl86HWg5kiQH4c0ZRIE9K8F7DqazNF7EfcsQ7N1HGtgRxBQmH
875,875,insert,zero____,____9696,VxgZgRmumIt2jSW0bAKuapT8nAq2sm7DkjyWs
875,875,insert,zero____,____9697,AwenWllhSH9bgXlbmQ9j7qWu8V1JiYIA6QzDjl
875,875,insert,zero____,____9698,ouEljUsMb2AgifOSwCBf4KvzifXr8lsXa1VxbC2v04G1lkjsXhM32cv
875,875,insert,four____,____9699,HKdcZILiKucZTjFvsQsmwt78i0o9MyjUV6ia8AXmECFRuZPzua7AKs4qyviq
875,875,insert,three___,____9700,1gqm2xO2StsF9yjsJ831bQZ1pSbFVXHPb1QFW7JaJ2wvbxQE
875,875,insert,three___,____9701,XSgMXG84KafVyoep0OwQ5SIyZaquRo5D
875,875,commit,,,

876,876,insert,one_____,____9702,EtSYv4FDlYVTI7HfHnWLWclezdL5zzgb7LRXxmVbtcPAxUKRn
876,876,insert,zero____,____9703,vcNAbwkS3DMK882MG9tLugg53U219iismorNDBB3cNgpXobXMXADvAkfeUnAp
876,876,insert,two_____,____9704,xX6gnK1EBrbn1x2Ml5v4IzjMCPWLys2gh
876,876,insert,four____,____9705,nuwT95iCiiHzHWtIDvDSzj4rnSfgSN1tCkUG0PfVK9WlcB7gDTmDW
876,876,insert,four____,____9706,BuMh8fS6SJ97Mf1wooRBTPgNG2S88gNsnjziKR3BsZeO7BuljF
876,876,insert,three___,____9707,GjJdYWGSCMjErnn6HHZDqIj3VeGfzh3tS2oSu3iJwBeWr5TMYd
876,876,insert,zero____,____9708,2M3fbVwRRBOrueX0OKhZxKrI8DZxvoouBPA3ztnYBfVDqJbYpvBFjx
876,876,insert,three___,____9709,4SbIXoXoCH9yW37ORLgaxStg02uAqSYLK1EEQUWzCWowAqmVweuMkeJrz0fL1m
876,876,commit,,,

877,877,insert,four____,____9710,GpCkq7IdPbp3I9ufPmgLhGEI0XsDtyv0ZXAtybJ0fELTYtakTjhVcpkD
877,877,insert,one_____,____9711,bLWtBBwfnsAk6WFypoGNvhnkrz9qqsB2FO0r8WCKlkKdkxzeQuH21b2
877,877,insert,three___,____9712,GvaV2nsXC0mPzQyEaaXIn2iCa2XaWudFbpx61zEv8Mb89XeKejy266XRq
877,877,insert,three___,____9713,wJZQ0FGXp3zl5qvXRrVIrJCk5Auu1n4RXKm4bbK3ZzSkfcoDfcIADpj9i4C1Eb3
877,877,insert,two_____,____9714,BtN6SyNtvoE5Tyt7kBbDkEiSlI1WzHUEe9PQIEQuPOSrN
877,877,insert,two_____,____9715,I56NibnSPmdqIFzwvQGDe4H8F16ozy2QIVGY6afwF1g
877,877,insert,four____,____9716,lIv0dah1lalvMOR7ZomLegNTh6DY6V3AK5FH34
877,877,insert,one_____,____9717,PRbh60e9gbUHcSYGsJxdqBpAtZpRbo9wwticvC6uVjcBbOkVFaH
877,877,insert,zero____,____9718,9BMtNpElFzbgGsUw4NV4bmhdFnVp7o0YfCLuV8DjZKHe3pUax
877,877,insert,four____,____9719,RGmd16r2qdRZt2wGXix8i4qfrlO2qR7qScY6b
877,877,commit,,,

878,878,insert,three___,____9720,CfyDwuPE6eWfvK2BSGK2ZLx4l6Cu9vqH0sfpkRDVwjqPKglNV0DPbLvc
878,878,insert,four____,____9721,vCze51cStGZOGruiuzP7d3IgoGYYMoSBj8fue785F
878,878,insert,zero____,____9722,zHWyn4MCl7kjfwEKCyV1owSCGDm3nLSAA0dn0BUpMHT08XQy
878,878,insert,four____,____9723,Pd8y5xA1FH9q505azn4gO3e2xh9oCPF4dfFCGw4HZDQHSUGaa
878,878,insert,three___,____9724,dVRHF0VegEfA0OS1d0nMbr36FPfRgAaNJg8cvh8zf0RRRlaIDDuKwOlloC
878,878,insert,three___,____9725,aJP2J7xo5ovwEYatTw0Y7wUPaZP2dVtWoWP9UY8iN0qvNivBPoWucSaS2p9
878,878,insert,one_____,____9726,hZ4GVHz3bsEIyd7pRGm9dzkn3EaQx2O6wyOk4pR8uv5YEbGUQk
878,878,insert,four____,____9727,3MRP7OJy80WQ3dDGM46BRitDEusUzqVpLWcwODtXg2
878,878,insert,four____,____9728,ty9dQ9MxgnMLHfGMGhR5yAonb6ppAtLvT9XhVRl3jhI7ZECARROkKLO
878,878,insert,two_____,____9729,wLtIgihDvdWCGxcCDlKvIW5O10QUhZFdKH5CuLKGeKQdx
878,878,commit,,,

879,879,insert,one_____,____9730,xkKfSfjcApdkAZwZkguMYC109QbxdFLilKYl3w6SLrONAf
879,879,insert,zero____,____9731,uizi2BUye0dh7fBB0aYYJaUPKNnd0ZKr5ZiaWochP
879,879,insert,four____,____9732,ZNXSkIFIoZk2vAEV1PiP13RW1fF9ONoclugv6WSgmt05x3KuqZA9QM9n6k
879,879,insert,four____,____9733,9MlkMUOE3Cv11frsR1M3H4Lokgroa1vaYWxY7JaDmSCL9GXvIp4vIylJc3KA5
879,879,insert,three___,____9734,OISkFHXjMQoOE5x0QfyOuMdMwPHpumJI
879,879,insert,zero____,____9735,ASCVXFGuWLCOkMite6uosqzMILIM2HyOYThCAW
879,879,insert,two_____,____9736,SfAuXMxNt3Ie4gnRREal2RSagRtINMWPe3EaYAMwyHRdbkUQatHfTS
879,879,insert,two_____,____9737,PR1J1KMXPjAVUzf2lqqTo0GFRLt2rWjdKh2ZT6zvmFRlbIPKp
879,879,insert,four____,____9738,prITT4qn4Fq4luTMc7zhlvnFtBlA3tLCzq8F8WknrQU9mPDerMoLfsqcUW
879,879,commit,,,

880,880,insert,three___,____9739,ZtMimAm1Eb5N45EsFOvpmar9pbIjR6cS1LzPZ3aB
880,880,insert,one_____,____9740,8etVoFFSdbVe4Xz3LrYPOIfD5N9MK3y5avEV
880,880,insert,one_____,____9741,O4x3fHhYcS9f0cm59zswALwR7LAQVSizvWM9kD59gbOaJj
880,880,insert,three___,____9742,UrUlK4Xp8YkDf8SnLWgOYDGRXp1NkrjZ0rjcIMELzy
880,880,insert,one_____,____9743,quilulHC1TAnd35ymBAaFTwiYUDNA0ldrWq
880,880,insert,one_____,____9744,6yxeicpJJcdbthOiXTxFhzr7XaJqAIMxtxL8FYNs
880,880,insert,zero____,____9745,onJyAFZI8gbAuZhTIy14wp1Uq49jrVgfpKM9IOFzpVjF6dWC3M
880,880,insert,two_____,____9746,vX218PUxcSrw1ujsUbdDvui3OfoG1UqjbZ7zXYP
880,880,insert,two_____,____9747,5PIucm7xQdxCX8VXbtZo1ZIUpqSHFd2hdo93iEMnUCUuMYjxS
880,880,commit,,,

881,881,insert,one_____,____9748,DzRNz8pvFFSHHl2GROeW3XcbJ8Pq5ucyK8LICfcdNWTD43SemWtOo4sTv
881,881,insert,three___,____9749,AJj7gWg5MPr1rKZtYyiTDcK9vkMwsn53hyMwx
881,881,insert,four____,____9750,UFTCOWweGW3r3DDuBIK3hW0XqYsivtsI0KM606T
881,881,insert,two_____,____9751,mXJckqoGtjo18P7lfnS2wXz7eW1eQjubrZDz8aQEuGcvLaDtfWb6UQ
881,881,insert,three___,____9752,1XW5JZKo1tgCDBKGdBeoxgQcrHxAejsMv0nd
881,881,insert,zero____,____9753,iDSTbQstShF8L0nsMbHsxfMsAF5LoV5U3OnMIbpZpXD0g9DkHaDVtmVedESkJ
881,881,insert,four____,____9754,HtpoV5TYx8jVeftzz9RqUEnYR5snYzpyDURKoqqhBiJEzw9ygekOIH0t9QFNXYL
881,881,insert,zero____,____9755,xxR7kG6v4YZzbZqNK7yVRVdLl2BJXdkXPNntxdPahQRlcnbdAaccwV
881,881,insert,zero____,____9756,yspsiexdnjAiLz6mBs4EN3FHG1st95oqfpbGFH6sD8Baav6XRDjqQ2Me
881,881,insert,one_____,____9757,XSHGX66XHLICP0UMUcvyfHPn1vgmXb04kLKYXAyJI
881,881,insert,two_____,____9758,ie1D3Q7iVMBar2XL1M1zcOKP1SjdYAAzgmuA
881,881,insert,four____,____9759,kwXeQBvmMnGeFO17Za0mz7HOPSU9aqWj
881,881,commit,,,

882,882,insert,zero____,____9760,mFTmUTdOZgUFAJCr2MXpW6zlgAyPaXDLrE70ZbX6kym7M0ZIz668N5cDNrCg8s4X
882,882,insert,one_____,____9761,rlDtKXeIkYFMcqDqMxiLZcQK7kqaRKhpHNnGxl1nyDcxAENH6KEd0zXoRVDUT
882,882,insert,four____,____9762,nwOahpyl70iGFzSFDHaCLOI7OTOV2U2P3m5g61
882,882,insert,three___,____9763,3SzyG13uTYpyCO3v1wTo6uh6niNhN2GRA1orKX5Ucjdt6VMD6tRl5dLQh4TxT5
882,882,insert,two_____,____9764,in2OkB2KxOgJTlMro5eLFg8U4puYlvYG4TxvL9tNAeAUn04Lo8vqd3eYxvk
882,882,insert,three___,____9765,BcrNkIPkEVvfHDitgAa28OcbNtBgmvK5k9x59j3nG3HHUwxpq2G45mKDpH3xp
882,882,insert,two_____,____9766,I2au2JjlD8sDNRBxkEcWdZsfSjSYtrFDE2pS
882,882,insert,one_____,____9767,DIwM3VdRedWSXQnvFXtHUvwue3fXpPx1O9a8jAMhVB
882,882,commit,,,

883,883,insert,zero____,____9768,C267945g1yrgwILQJqDMqKXmJIhyzZlj
883,883,insert,three___,____9769,LmgX8txI7fO4JhWpWjWOd5Nq74x2jBGinPybgin9MQ6VL5
883,883,insert,three___,____9770,ABi7rDqdheXNQtC1VkorDUKopGBZfSnJUSGTAUaZNqm40wluILYuSqAVIDIWPp
883,883,insert,two_____,____9771,aqUBG4FIOpVMfXCmbON2ckRnbiAvRtSa
883,883,insert,three___,____9772,mvtLQNXDpF48EdCNTMMV0dIxzfBFfu9GdRwwlJl3agQrHq88OpZTUYh1
883,883,insert,four____,____9773,4DfHiVh4z6CXzA4ZZaj3x3U7UgogSeaPNFSnX2YD
883,883,insert,two_____,____9774,LIEU3vsIXiyJYd1LcvnBWJ9pA0qmG1Ei64hE0uODkr
883,883,insert,four____,____9775,bRHIccepM4hW2HpmEeDRpJcD9nr48pLowFK2an2cmF
883,883,commit,,,

884,884,insert,one_____,____9776,RO2aMNEQY9HEPakF7vhlWyjChRxZhfL9GKiIHzNYSa
884,884,insert,two_____,____9777,9PNcjNh4r9WF9WHVfsxA3gWt9dQrGwri9cKc4kmbafx7wz
884,884,insert,three___,____9778,zyQ3GKOH9tuPWrkoZXHpaI677y7s7CRpSiILFpuWYQlky
884,884,insert,one_____,____9779,vFsMhdX7Bv0GUOW8fYk6NpNjQj4zFrdVoXc6NmIV7pNVZqx7LWdP5w5f
884,884,insert,two_____,____9780,t5BQ7UwlFDs3y52JUnxpTfEjA3s4ubdaZ
884,884,insert,one_____,____9781,dfuxAcEkj0E9x0m6NNHpVd8w3LOjxWEzoSV8RzwJt8NobG
884,884,insert,three___,____9782,RvsCUBwioTIno88juCcB3D5wv0clJ57OiSu3g
884,884,insert,one_____,____9783,51o9pMjU12Ai7qJfoGDNOrMsaEUxaPRt4Br9S1APTyhN6UOW4q2ORW9vnZGv
884,884,insert,one_____,____9784,aoDOhvFIYNSfZDVEcBO9iqABiEdMgJ5JAh
884,884,insert,four____,____9785,6DdBcIVaapib5SzGAUcBzhMLt4VF3tveCC2afL51Pa5akZrlZYD
884,884,insert,four____,____9786,zUGQCRwOvVEhTwilctS0eoVYjw7WeNTRqYh47jOpGLr
884,884,insert,zero____,____9787,oLKO8rtDfjnUiDLhsxIrwYsYBu5HqVpyBf9y0gaEzzE
884,884,commit,,,

885,885,insert,one_____,____9788,ym12v8jTuje18xVJltifx7inWX3zaKDnudpgfJXzqvJr59
885,885,insert,zero____,____9789,J01lvxwiozXMQsrmPfNqy0lfswr1I9Au7
885,885,insert,zero____,____9790,agwh5Z3c0BJ5TR2uMqP9sH9HKE34MUpWiGXrfmbkSqnDl
885,885,insert,two_____,____9791,TzBjDl1pE3ZEVpNFF5fVKMK2xgo6usd9U1zhzQo7su271rkgVH
885,885,insert,one_____,____9792,MxLZAGWK0p9X8k4dz5piqgXYsBYXXCLy
885,885,insert,one_____,____9793,qpEkaUKFZKOi6I4XTtnPGPfX1zoudvYoV
885,885,insert,three___,____9794,8sYHX4d46BEB3XOfjegCfMB65H4tC1Z3zhYsDvDkSVAajJ0sIyKqqFhygqAeyZZ
885,885,insert,three___,____9795,Qy1vAcyp34fHE7P1PTWBaxjfYqC0h5cCSQjW
885,885,insert,two_____,____9796,SnCdu5bhmM5Tny3qAtdRK6aNJGxS3eVuux66P
885,885,insert,four____,____9797,mgPMqCvgmtsJ96LkuZ2algeOlk7EOiAbsNDZ
885,885,insert,two_____,____9798,B8Z6tO5GSpwrp89HEh7mZDGt7Q5OFNzuWJw2hwREwUAdWcHsFer9HUPERkHC6
885,885,commit,,,

886,886,insert,zero____,____9799,NfFDfYVZM6dvjy7UN2Rz5GK0FgTROUQjI7u30hmLYOVmbX5holqQxtP6gyeF
886,886,insert,three___,____9800,1IFTc9K0q1BWEDekAl3Rsn4uhEdUZBj9xDHP6bglza0Qr7IFZ5OHR2AfNz4
886,886,insert,zero____,____9801,Dy1EMJf1zOQNzRdXH4jrzSF10RtplSBr
886,886,insert,four____,____9802,VpKaIFbcEN0NNyUXGlxN6WD25JjtH8ryeKDJ0OfFKrPRKzcBu8m
886,886,insert,two_____,____9803,Tdz4NgOWphrFpGObYg6JIyePm0uXQVkSziRmj06FPxdUMzEa
886,886,insert,four____,____9804,UniUbI41LbHHwwZ58u50gs2JwzFzuqyNC9ZND1Pzs
886,886,insert,zero____,____9805,Q99Hx0zjpit5gjqXeeQm9iaRVutRCCp1YayLSI2wwFkv7Erk9tRvy2vQwsISxodx
886,886,insert,two_____,____9806,OokeNNcIY9z2TALVUVXdurmqguEHsyPye75cn5IUQx8Idx
886,886,insert,four____,____9807,aFxHbPrrAOvCrPLejcWYA8ymM6pYHRt9uVh50cXkYM0DKpluJExFZFKR
886,886,insert,one_____,____9808,blcgcgaVazDjZBfXkVzQBVwjzU4x8KhIpqIBs
886,886,commit,,,

887,887,insert,one_____,____9809,cqQd5Tmex1uvWUo3QsEDwAgiVKnIRgcrAkmAM9tqFzDnuUTsykooX
887,887,insert,one_____,____9810,ld8DyBQmUV3cZfOfzOUo9FbpeLmROSL4VaMN
887,887,insert,two_____,____9811,kzYediPHXrIneI7N5y5AKb43ZXQwlpRsIqrW9Eg2mvYheGDQE19
887,887,insert,zero____,____9812,COnXlqSAk5FdYY7Rm0MNhrbReuJwTIpm1ZOfTHBQqLFjRgsCm
887,887,insert,one_____,____9813,KhtHh9iy9fZqGoMWKPbXwi4rmtAkSYDlBRpIkode77M7bRdX6AVWAiNgR
887,887,insert,zero____,____9814,8EdrKiYEDGRAdXfvxDubSTqIuBouI5ezyi11RWixn2R1sPp5JfSfRUjkxnE
887,887,insert,three___,____9815,Xcfa6UQkCWUSbEjInB2qmBgi5WOy18TGcqzLXxXvy
887,887,insert,two_____,____9816,MkV8mKoUl02t61BtwNr9IhGPDxTLHVZnuJbRmafv1lAMDdL
887,887,insert,zero____,____9817,jpcST3OD7K50Lfa7PJTuLhRnSLIkeHyK0XaaqdcZvH72CWooWnLoN9SxZrtM
887,887,insert,zero____,____9818,V1KUFZWCtXDe2D6iyZa9NI21Ax52xnKwIxYLDeRoODZIV8Z0WEjeeoBEcz7VFs
887,887,commit,,,

888,888,insert,one_____,____9819,7pypJLcgWtENYWyZSlJJg76Qq6djxbkl8TtYbfBtycojBVHwJ8MI
888,888,insert,three___,____9820,1VCt51C2oivpRMoQ30dLWMTmEHaNTLc6nLCfu70YZ7Lt
888,888,insert,zero____,____9821,IKAO4FB4WHVpX2fo0iwemjXiNMPoUZFdit
888,888,insert,three___,____9822,Nn0xOPI66yE64zD9mn24txr0Baekmzhushu2FUicne
888,888,insert,two_____,____9823,VlCpsOI5UXM8tEZPtvFOYMeeaKVqe70xRt2SlDw2janCE3yIy8v1WuF4f6378
888,888,insert,four____,____9824,xg8WhuJxon1QPtEtqsI4HcMapLIQkeLs2hnDHNW
888,888,insert,three___,____9825,slO6ozTt1QvNvshlPZIhVUxm9bzLr2T5ZXQUYsmv87r1LX4uxY
888,888,insert,four____,____9826,W7YYbzm0x9hcnGJtvbuDUnN44mwL7Fi45LTLfHS
888,888,insert,two_____,____9827,223HkLHf9CP32EER6upCJ85Mx3yrrTsaEky4ogvGm48OL6jfs5qm4MrVk48H4I
888,888,insert,four____,____9828,P3qYiRvk95d9V33raY5jsXOQkxD09r3jRgy8I2MX4K
888,888,commit,,,

889,889,insert,three___,____9829,wwLFr1tuqKNaQ8gRLaftRxv2brURckAutDlFO2eogXhysn93olkZJkL9
889,889,insert,three___,____9830,79CqlAC96sZH8HklwsxjheOcC94UL4CrzIFdbPuyflvKBDluwGuQj
889,889,insert,zero____,____9831,9rraimJa7YerTrKKrrUtyJIdkPNNNqrXIoEVB8QMIehZuvp3ById
889,889,insert,one_____,____9832,BfrSgu1yjS3395tDnkZnGwboSqSmkLpHJmiNcwae
889,889,insert,three___,____9833,8d2leaVUCYH3bMCYiBW7mqRikahFRtdm2cB68azhN2ji0arehB6SdOhBnuPPmqB
889,889,insert,one_____,____9834,3zjKYFbhHpvV8zSme11MF2g08QrzrF3FsrBy2XPF0V37wRYUqYXabcTbhqwQ
889,889,insert,four____,____9835,2j3pSMBUeg6A1L3AvGAb4gxYyPOQ1mm9XGbn42d9eWvMQkgoDk
889,889,insert,four____,____9836,MPFn6IErJyjcgxZRRA0wpR1cMNpFewzrTuJKKvXHnDVV6MlLU4KhKpva
889,889,insert,three___,____9837,qYU5PF8prPR2U4PXn0nmtq611gyp8BfpMAWbtVqE
889,889,insert,one_____,____9838,VjIwE7jd4cMePaaPIdryHUb7YNRUvTiRuB4jmbtqRj7qzItw6ip
889,889,commit,,,

890,890,insert,four____,____9839,jnuf4p1LYYSsnuJr70USkD4yx8SJcjmxJB73rCI7fH469YpE1
890,890,insert,two_____,____9840,b1qwst5gMwvExvHy37ff8KKcWB6kegGYnM2RC
890,890,insert,four____,____9841,VOl568MhwxCUZR63I9yn1aIshyWeyAPfgL7kjn5eeaJ
890,890,insert,four____,____9842,iZkqrCF3H6UCH3itLijnTW7E1TRes3IOJQ1MqKWr6KfA9Rex8yCMBBSPQa3SUCKz
890,890,insert,two_____,____9843,FTZ6XoJv5eqYYSJ81ggiSxeR5cGPqlDMTur
890,890,insert,four____,____9844,U1oKfMTE7FFO0sRwkVfC24uP8Kufkvq465v9Ok7s
890,890,insert,three___,____9845,PvQ0mRy4EddLsyVw9AAMZIukC6RC5GRfMjicDtFkTeqtKtEV5wM
890,890,insert,four____,____9846,NzWoO0nXoPyn2dKTLitBtfxAP5aBtW9v1rvfxgjoSUKGeYwFKK
890,890,insert,four____,____9847,m5VKBVhh39hUDE9iAeJFFDGSmYxB5b5TAb
890,890,insert,four____,____9848,yV9pVXGtEYVqmMAoTGEvjyayjd9I6esqMuVvVDfRS9EBZONuyV7q6wRs
890,890,insert,one_____,____9849,CHTaIdnUYSHSjt7OgeO8qjjZZeQ8ZM3zvoZsVKUcNbV4dMesQnC
890,890,insert,one_____,____9850,t9ypqq843EEmdtHDA1XE09RD864aJGq4Q1lbopkg7fFJXsa8FDwlVIUDO
890,890,commit,,,

891,891,insert,two_____,____9851,yP5qROIi9gFSUjh6XZqHEcb1DqdiyFAkgST42OoVygQwKeP4Kx1Fg3q5
891,891,insert,two_____,____9852,ESj70Qz3FGF3pikVFOsR5eQbtIFWUgpyUmpYgZAXy2He9DY1EWf
891,891,insert,three___,____9853,cglp2xzLgmC6YgOv6BnHQQD0oApK5MRITo4PWZ8
891,891,insert,four____,____9854,FVwBDRzJu3kamAgxJqo8tH0gs0pJSGiGbo4GxKeMkCPdzlNNtz
891,891,insert,two_____,____9855,FBnnKhD6ktCQOjiq5gZop20ecwcrkakqu2ceMwcz3k6oe0Kqy7fZhuae5Z0w3
891,891,insert,one_____,____9856,flgAXIK5VJGh3ebCxoKIqx03zGR9WjMzjD67v2He3kS
891,891,insert,three___,____9857,OxmoLTa9tNoMLltDY66Rc76ZzYreqrXmXuYtJH6vU
891,891,insert,three___,____9858,uhi8U1p8Hi6SNvQcWsVJxhnFThglYQkIj8Y4Ars53KU9ncSiBoRtlX4pPTAW2wA0
891,891,commit,,,

892,892,insert,two_____,____9859,RmjUAT8i0WKqpQMBIkcZ3foakW2h0UzaD12dTDGKZz0svlOCF3oUyL3GwxhIV
892,892,insert,one_____,____9860,7YhR5JkdgqMhU0z49hBz9iIKOQxbHGFU4EjdK65g3nHnX4Deoy6kTuCxH
892,892,insert,four____,____9861,vYMaMBUQ5NgcLu4hVGMU1ANzMt1hVPqLRISPwk9fv
892,892,insert,one_____,____9862,i3w8Vcg186Pc1LLYsWpMB14PDUWwW2LRI
892,892,insert,one_____,____9863,bRkSVHJ0DMNYwvKbNKKbFuscKMcbVS5jIIKyo97rlHbjeRKutmW4n
892,892,insert,zero____,____9864,ROg5NVILObCn2qTD7SZ0DVVeqje9ewDDQHlOCbLrxl5TTq
892,892,insert,four____,____9865,Mq0EgwIP6mmamCItiwBkMgU7Ey1glBFh08e9Q7lY0BkbId0nyGgaYWc2
892,892,insert,zero____,____9866,Kz6CgzgaED0ZFfJKbO2efUU5WCklB8V1plryFhY2sOnvNnS
892,892,insert,two_____,____9867,PWdW6jmS1kI3WTu3o1tbpLRXPFEgxINMNh1g9rY0AEg0PT7lfs2nl7s
892,892,commit,,,

893,893,insert,two_____,____9868,acskHahPVfxt0AE5DXb9XuxPXIF5oEY6SX8o3KDri
893,893,insert,four____,____9869,TP3d3OiXJq4N09rZ3n2jgnCfWoZDK1Gz59UyvvC0ZBjwO8Uh
893,893,insert,two_____,____9870,gqpw1w9jVc0Np3s8eRonRe4UhAhIrnoDGhW5wSf10Xn
893,893,insert,four____,____9871,Vi0Jy2oQWwF21gXge9gLxucHbtfoVuOVDK6syoGX30KT0uDDnJi
893,893,insert,one_____,____9872,RU2Xvlbyzo3cAkgMTsFeJbRyWooB8zu3
893,893,insert,zero____,____9873,F406ppWkXqaoFSIp7SSEAEkW4JarGUrsD
893,893,insert,four____,____9874,qT0DitC6hcLdgtJ9qlI1jte2Pwxrur0oSIwsBGUIzag
893,893,insert,four____,____9875,CWI0svtNDI04XlcEHiUsAaa2PiO79ktr9s8Y2gECEEqs5Lc
893,893,insert,four____,____9876,sVlI5pEEXTfwiB08zor8clis4Mt803rFgeiIZ2pI29CMtyN6JAWY90
893,893,commit,,,

894,894,insert,one_____,____9877,TWLxUgCFpvJon88dmgWfvUMlsVkLyZaGvL36IK6an3
894,894,insert,two_____,____9878,cf2YEjLSJ5y5WzvqBqRCZXm5zicmZgg4INmhYn4GqCR
894,894,insert,zero____,____9879,45fKrKAqiCJc12skndnaodGrDh6R2bPEdpO9Vp50pe
894,894,insert,two_____,____9880,NcWZYwQv3mWW08t1ORzqGN15M9hrB2uvV9crQpobAzdHtfzhnsMr
894,894,insert,one_____,____9881,bMIqAN2WiDIzbiF7SVo50oNCBsuevMn2Oy57se
894,894,insert,one_____,____9882,tQ0G0GC19gBLd07V8kBrqiuSjv2LsqTPdbvfu3K48pwC
894,894,insert,two_____,____9883,fRdtmR5vZc5Hm3gOswKMmr56MA2RDlcIPdm3azGhs9ZfmZS0QUfdhMA
894,894,insert,zero____,____9884,s6MH6DwHgwwxUVPsBZGcjV9eDs7frOksUkfGmeCSDiKmoAM3VLkVkOghk
894,894,insert,three___,____9885,xMAsYjaDbgpqs2jA133MZsourZT97JbnoAaAGyztbaQdZh2OeNEj
894,894,insert,one_____,____9886,cWxxmJI8pKGdF58K88XM24THTLLC7HPujSVybjk8fqhS8CchTPDnht
894,894,insert,two_____,____9887,Zz3UTkHEP95PiGiPFIilPQTHBFY0ZVVPnBbyDCfglo4Wu6SxsGn55djBwZJmaGC
894,894,commit,,,

895,895,insert,one_____,____9888,8hww9AxeBHd6Ey6UAKBhvXh9mGoLHZKzmv0vIGuLWj8
895,895,insert,four____,____9889,jCtftZ3DlJqQrw7dmQ21FFGrZJdCyQfIoONHsqeaDwNTPixcO9pC4rsoPagu
895,895,insert,one_____,____9890,lm96Inq0xM6AEplFk8Lu0IryP3rRDpaRJgPyqB9UlcDhUB2YG
895,895,insert,one_____,____9891,v6eaTQVPmJqJBGJ1ZJrcs1AEuFxr2psLRjV
895,895,insert,two_____,____9892,x3uF8ob5pR44cL02GkED0u3BzPpHxRNP5gcKm2Vu5
895,895,insert,zero____,____9893,ZP1vjy0K5F2dimwStVH9oJ70vfgx24ujBk70UarrnJWuyy8
895,895,insert,zero____,____9894,zsDsCB6jnT99HscBbf6o978xhGBnHKEghyYpzdz
895,895,insert,two_____,____9895,KeZEen7vyoeTw8KBgc7q559Sj30jF4hDGDl7FINJa3yIXvGv8KBlqpqJbSU6Zmz
895,895,insert,zero____,____9896,C9pUpJl8zgoOAMqtU1chmWY1rU9pEqfv0FWLxcVI3ulAgzBU0lcflNDT3EFXD3e
895,895,insert,three___,____9897,IoCm4roaFN16RBUEtEccV8br9ZfMSWE4iWYzYuvBHWYtwvgOvUbYauR97cBi
895,895,commit,,,

896,896,insert,zero____,____9898,P03VqomrfWkfFSSqLqbAY5F0Ri5dgxkWCa1lxUl
896,896,insert,two_____,____9899,1fW8breFHAQaNbuR3O8itCj5P9vIX2cUSUGdP7P7dbszpzGpxseR
896,896,insert,one_____,____9900,eek9Szq7pCypiSWjh0YmpUH4Dwp8no6G8IwDXatvhSYD3YwJCIlfXIW
896,896,insert,two_____,____9901,2uUDMDxlbnQL59j4lExSd5FgzpMZwtvTOpPy1i6
896,896,insert,three___,____9902,Fmoz48CFtcqs19ClYo65dNXTrqJkGXywEek1TQlACQSz5MkFUom2q20X
896,896,insert,one_____,____9903,SeOhDL6RLebokXc63IWmkIEthq7hcp6pZz
896,896,insert,one_____,____9904,Gi7TSPMomNJBWA6TGlR4te4ZZ2VLDWQzWEfMFJsNf6ZU6oF7x
896,896,insert,one_____,____9905,7sBbmLIv2GPobLU6PONm5uHvB4D6ekEMt3f0ZeGKywMZiMdRJb2995w7eIH2kk
896,896,insert,four____,____9906,9ewC6JFHRUnZBYPTdC01DulWgGFqBgKPizVTCkAZSv57xF1yv
896,896,commit,,,

897,897,insert,zero____,____9907,0uV1y2eDCH3PGgI6OEdSKrvaffzl1pLGJJOvMAPe
897,897,insert,four____,____9908,rGcxw8UEDV9CURe9WvluXw9nOrlg7WgA54rQippFt52WsBF5IGosJ
897,897,insert,zero____,____9909,BtPD5ky2ERefPQgZ5mAOt9N2HWJv75mpNB6ON1R4UmN5k5ACG4wgiDCEpymT1
897,897,insert,three___,____9910,CUbRv47sn8yk2Xzvh2uGPd3P7fbTwgwbvMV0i7OZXhM2PPTfLbd0n9AzYnPTf
897,897,insert,two_____,____9911,ZoGIG9ndgmH7dMGrEmGi0frNei2ywLf69BVNrAWCk3YsYY
897,897,insert,three___,____9912,2eScXOvsk4z4lqy6L5RcG4mqvg3WzLV73xm3tX2BjnZWps1VkQ
897,897,insert,four____,____9913,nReimJWA85Fkjldz3GFWLfSHS2CVRsbug2NPQfSHi5RzCugYN8hVdhE3J
897,897,insert,zero____,____9914,mjdN0fg2e7lvL14X9nc0Rp7DxX1ktyUAIeebyX2zq98Mq33DBtN1mjCadWJs2r8g
897,897,insert,one_____,____9915,9GkSe7ZtRhyixXxJ9iBnaG3aSi0s9MNCY4j5mr4LZbP0Lnd23
897,897,insert,one_____,____9916,f387fzj4UTgYRvLitQfSu7EPo9X9bEHrWmqomZlik
897,897,commit,,,

898,898,insert,zero____,____9917,Cs3N3BL6CVzzmchCUZqlN9tg1lhTY7dDmiIB4GB6tPrvSbK7
898,898,insert,three___,____9918,2kmF1vXE90BcSQ9BsY0IyXdhqHx0e5icT
898,898,insert,two_____,____9919,Jg3KFHdpl8jjY2ACK6QHsUJquiIk7bwC2to
898,898,insert,two_____,____9920,OfK4iEev9372ekJXM2BCiKuae9iz47C6gT5Dgm6LE6c9j29nZubyI
898,898,insert,two_____,____9921,uPW8MzSPmTRvpFsgYA2B9cYo6e4cMHsXaxz
898,898,insert,four____,____9922,glWUiAbixyNE11z51oZOmlpaXsdo4iH3oEWsKxslC6F8uwxbyMxJ1bkG2bF4
898,898,insert,two_____,____9923,k3d2UXLgcQg2yI1com36UR3KAYkss3aU6JaX7Hmh
898,898,insert,zero____,____9924,8BMWxlrcKdeVGIocaWgl8iAJlH0yLl5SE9dLxDqufey0Ali33n687iIFbhhsTS0o
898,898,insert,zero____,____9925,YxE8NNPjsgpbtbfzL4G4lHTWO2R4eoXFGkNEjjJsw9amogq5yTon
898,898,insert,one_____,____9926,8CGN0cUi7k9snp41rZIb7AzycVXp8wrRe
898,898,insert,two_____,____9927,nS7HYdQvgBmy64zFGF9IhVEoTLC7VuGgPcSiVgHWwxe4si8gK2WUnc01RRmifUb
898,898,commit,,,

899,899,insert,zero____,____9928,gD4NuaeVZjzQJu6mEfMqkA0uFeIaci4gAw4jPk3VszQxFcBED
899,899,insert,one_____,____9929,uxnET5YZobWCtiwLbigYy2xndkeBnHW55co
899,899,insert,three___,____9930,cjqotBOhAb6zQwuTSk8KcPLMYmb4VeTVNBAqa3ZUWh45JLCbknGj5X6LjI
899,899,insert,two_____,____9931,CSVyxKyJINfS9McWkb1GAnEGBaby8j96O
899,899,insert,zero____,____9932,7V57p7P4tGclLXdnoptybFKYGuSdbW4smwuGyZHJMM1ih9vb9
899,899,insert,four____,____9933,e7InOlK7XthE9fzNc6XQWnssrpfDBri5tXbyhUA
899,899,insert,zero____,____9934,v4mewVN5A55931LYVvSoRWBujPmfi9sJqVsh
899,899,insert,three___,____9935,ociTLkCYuDh18Qwi61zTedB81IjrwJ7QhVsb2
899,899,insert,one_____,____9936,SLtGiDvjMk5JgJlsrDGcu1p2P4oQaZ6tCJxW63g4zmIpvcjx4pit3DHxnW
899,899,insert,two_____,____9937,oWVXQQ9UkEwVMhDdM7k8zoFV7SRZkCPZuYXRMVlA3POf
899,899,insert,three___,____9938,LtoB46QJ1DrpmsRojPe63R4dSXGMpAlnr0qRt6hAflo
899,899,commit,,,

900,900,insert,four____,____9939,pv1bdGuQXHQrbz8FbxZotbv2HU9Nk5ILDxDsPZmuh7BFS
900,900,insert,one_____,____9940,Q4tPGN3sCyz2NmZftLNLBORx36YizmtLXszJ7u
900,900,insert,zero____,____9941,S1Ao1CePqtmaKzGWJAwQoy4WkCokOg1Z2qf9E
900,900,insert,one_____,____9942,mVG6B6GUbK2bQ5jRVjzHN9c8qMnjizjcc4mS86BYBu2oaij
900,900,insert,one_____,____9943,fOXvSwHp8hmqlOq2a4jZWoKj39d40PJ25VLI4gDaArd0BR
900,900,insert,zero____,____9944,V9XyzAFFKyTvjpesLvds8DG1a7XLaAe5PYpWfuUkqzpMJbCa9QEl
900,900,insert,two_____,____9945,CuxgWMSP41UruJ7IZHTGG4v6gimk44mVBdWYyZ5DI529pRUoeSjOEMru0jm0wm
900,900,insert,zero____,____9946,LVmAkWqArVLKZnyogjhE6HrVpcclP63FNGrdeKusQvWBTGdrP9YmsuZUoa3Hg2
900,900,commit,,,

901,901,insert,two_____,____9947,o7O3M3cgZTkqjeegDCPVOLhMAT9t5sKsS
901,901,insert,zero____,____9948,GBaOKf47Vg2LLRzL99A36e1xtN0UAFffZAxKcMPIdXkWrMnOIHtJvLwah3WJ80
901,901,insert,zero____,____9949,RwZQpMSHd5DM2mNEUZs0xx4WfeMfETQlBm1yVKB6q
901,901,insert,one_____,____9950,YoFkAlNMennXZPg3BQ0MVo2JB3Pbn1FLk6Cvg3MLM4Wp1bkdK3gyweRTsu
901,901,insert,zero____,____9951,ilMt9bFLCK41l8JplBFMtswo9l28pVJPgE
901,901,insert,one_____,____9952,SroWLkj3eMR2hAcEkuzdwVnIx9TYYCWJgo3w
901,901,insert,three___,____9953,tDCTbQKg0XnMXdpSrnM2aOM4EUqd4nNNyBhM6DdYEalZzK3DTOKtXCEgtl
901,901,insert,three___,____9954,Nxil5iiZFQBCkcVs9ahQrATwmleKFq4HcOfbW
901,901,insert,four____,____9955,8IdlkkPdOgFCFxfp9kTWccgpkIaR91oCrsGvt
901,901,insert,three___,____9956,vTAt080Yi0dLYvxgIVIGSdjeo02uOdWKWbUlmZEBk33EfecD
901,901,insert,one_____,____9957,lH5dfdWaaEbD8zcP2BGRS56XNl5Dx1W3hgw7d
901,901,commit,,,

902,902,insert,one_____,____9958,PzEcVIosvQnUpUXUpq7g9JZhwkdKfv4uEoc3Dghm2m
902,902,insert,two_____,____9959,MFLOkxEb7caM6gvpaT3ONLWO4t6fQYrEXuV8qtHEnjyeQL
902,902,insert,zero____,____9960,auL1RvmVqa9GLQSeLw0tF967QXF0yyARm3
902,902,insert,three___,____9961,5uqiB1KGOnJl9FYqoqJ0IPXilDBMwgcpzLEXbsTy6KAxnwcXA2XSa8xwnMZrr
902,902,insert,four____,____9962,Uuhkv90f3hxNjdllp7W9lE2CBKccTW88pe7M
902,902,insert,three___,____9963,kAvpZUh58zAy6ifj6TRcCD2GefEwKzdXj37cfje6rnuQIH8dwyDb21RWIZ
902,902,insert,two_____,____9964,bi4rX122g5LKnMYqPRFb36UKOhoFldsaNnPgcoBepS
902,902,insert,zero____,____9965,IWHhp5OuKkg8O9T7mcSdjEtXiBSF0FZoZjlNIbr
902,902,commit,,,

903,903,insert,one_____,____9966,wU3T58eSPYqDIxWbNNnuH2K73SJdodDy8MGRE3wd5
903,903,insert,four____,____9967,MT8XB9yn9h1LCdfV7bBXDvk8ETDZlYG5874dWXgQzSCLNkKpU
903,903,insert,zero____,____9968,TdRJkvAl1xW0Z3dcmUrypjndoRXWspg4jVp5fntX9Pwc
903,903,insert,four____,____9969,Ryu5p8FENMziygeQDELJPlF5BKX5TkmiRNR5OhWH5r5AKqOo
903,903,insert,zero____,____9970,52Rt5jS6T3D4oK0sfUslUPQkmfoHFebijdYovMC3a72
903,903,insert,three___,____9971,qftbXAyX6kYiGD8amGiDphVKPKqiamFkYNCrru3vxDkVnBKbXPTptGlf3g
903,903,insert,two_____,____9972,i9pkYeQDVfO2UtlmtTPHL5midH4mk5ooY0mNR8Lx2ISaVd0xnWaTFgY
903,903,insert,one_____,____9973,kMTl3Q3VecV7t0KEhZfjepcgkSuK2sJcLm4DBz539DidWkrMkHlP
903,903,insert,one_____,____9974,GGmRRk56v98hmGnOEKKIfnZx5rborM7IpbEYK95yEnC2hovCc
903,903,insert,three___,____9975,yAO2NC13lScjybCzlWtDz3uMSqpNjvVoa
903,903,commit,,,

904,904,insert,one_____,____9976,TKfy9OAOhE3RND8gZi6jXATxHbdwYcKXKIh0dpWOAErR7R6nkIUGEES08
904,904,insert,four____,____9977,RlmDzs3WwLEytQdESxlXYR4vjbtRs6xykmdrbBniNS4OiyVi4HKmnE5UKAGkuA
904,904,insert,three___,____9978,BNWQDRhgLYkPQx2Ws831ije7kIWB0HAS6rloLaq
904,904,insert,three___,____9979,iwsbUcouclfM5TTG1DrK1DZXQzBtCr2Bl94RS45QSkPspa
904,904,insert,four____,____9980,JhqeM3zSYqyIiaEVx3nziMru3iXEsSiIYNV8TSde135vrE79KYFs
904,904,insert,three___,____9981,o7pcjyVCkLVKDIXThrGU1Z5WmGzOu7xIPhEAAD0Meuho6
904,904,insert,zero____,____9982,dOgeTtQn2sf4E1CbdObqtOHkaRfcZ3E0zp7eyEQmbmtL7KwhxEuVvWmdzcKYQj
904,904,insert,three___,____9983,7NtLMHXLWnKQGaix2PRjVNLm6S75mZ1w1pXh
904,904,commit,,,

905,905,insert,one_____,____9984,nwhCF5NFnh8GLU1fLvijaz4id72vCNWx0mwz3mk4WmSdz0Zt0bExApVlPiZtnDH
905,905,insert,two_____,____9985,2KD7Wl8bOMOOE25lNavYLYl3UQhJTEfjWL17r9DJjLSwxSEX8pVURdlrNR
905,905,insert,three___,____9986,cUhuwfBTp1eCvsxgIkJSc3v7lzyWDS5TY6yFbc1xKcj99IL4OLt8BTA
905,905,insert,one_____,____9987,JHlS6sQRNFzLimmtBLgVsC1AH18eqQGIgfvOyiP
905,905,insert,two_____,____9988,r7fTuZdh488gfTIlsaT5KkY7cYNAVtlZaK1lSxIcSizW8CrHqQFJR4zNqE2U7Od
905,905,insert,four____,____9989,MRbs2ZJ0lLwW1wrpusPoedJ9FNwd2xaSys7sWVOZI5oeOR
905,905,insert,three___,____9990,dpj3pShgnvFjDEEe2WwPFCbz7dknXZ3uPKR7RjzZmxdkCgTwPqU
905,905,insert,two_____,____9991,plAIK2hM0ov6bo5UR8LaNP6KW84mRssT
905,905,insert,one_____,____9992,OcD8Xaq9BdkU4XhywnHwdSRSzzmL9AZ2py1S7667Hc0BQBv3
905,905,insert,two_____,____9993,x7YIZ5yHISvHVxYwypRVaCWIZHQNbUQ4vpONum3h9OaxiIfC7pjvVQQ5sFGbtAX
905,905,insert,one_____,____9994,Eb3cjhsU5I0T1b3hk94T2S4c1Imfdd6lJxlNInoZNNczM
905,905,commit,,,

906,906,insert,one_____,____9995,lbzPCxpqlPQiWeI5ZYseVS0b3L8cbrxpbXPO12qgKet5cqaFgoUdZfnwsff
906,906,insert,three___,____9996,JbQc4Zmv2SAIxJJlGvi6V8t00cqTkYk8ewvZVx3a1vfCJ
906,906,insert,four____,____9997,IfTSHrkbdF4nMJfJqSR1iYCWN56cwb3JD2AFKM21oWW5C5wLHKV
906,906,insert,one_____,____9998,skUSrbRABhLX1HQJseYSSiqd3W7xpHwJgE3iV
906,906,insert,one_____,____9999,lAK4LwShxeO0MofxJeGXIVa8txse4Pgd19qPgucckqHIVtP3BtOnTwG7
906,906,insert,two_____,___10000,UudZdLj4DM7i4eWcYtXmAUWgG5rCSz7S3
906,906,insert,three___,___10001,2ySbncAcNWgVGTlnOUlY2ugh3DCTiCwmG6QiuBvWvaIKkY1nEUq
906,906,insert,two_____,___10002,1stPGF4vsobEpUzRKFmxBJAirvI9v7Rk0UaX273A3UP9H7JGvdMtFT3P3r49AlxN
906,906,insert,two_____,___10003,g7Ay0xAlh5OitaUCuD02wOZnUCSrFITzLb0i8eZRga4rJ
906,906,insert,four____,___10004,bT958bGonzWObnBZ3LIvOgSyPKcHZtGdUR
906,906,insert,three___,___10005,SQY8BjBXhNW8OjuMTuuRnjMuFZSkZy4LOCJZdrtqxQOpbbXPH0sOJ7xng
906,906,insert,zero____,___10006,TTk1zMr8L27xAdvByyjynwy1T9DCy11VWMoGwU1cp2WRbIUsmtnrsg
906,906,commit,,,

907,907,insert,one_____,___10007,XyLS3GS8IsH9vLD4tRuRV0i7BNg8bMO8rQTMpN0iEC
907,907,insert,two_____,___10008,GMU6BymdWl5yVUnj9zak71QUTNHVE7J1CgrjRnBj4jZ
907,907,insert,zero____,___10009,7rt2WBltkK0jeLWaM6eYHbaWmbIDplRqgytQpaG355TzS26zsKI8Znlq
907,907,insert,three___,___10010,S7eMy0dOs2nPwKOrrrppMxakNuGGPRap
907,907,insert,two_____,___10011,08MSY3Jx9U8SO4Cko9v6VDBINKY1AixLv0QKbdq5E2yJe2AKigdCc9pkDL5MC
907,907,insert,zero____,___10012,oi2wCFJZ5xHSOgyxR58lMqv3jHtWA4zOxVTiPRugZdjOWcT
907,907,insert,zero____,___10013,X7wgMcvmdKFB5DzBI6PvQEdYzAfG3Wrc6o8sFDf44SjOap9TTZ1OS8fhpxs4Pn
907,907,insert,zero____,___10014,bgU1ExrwIdnqksLwhit5LJopFBjtYojnyflb0rb1y
907,907,insert,three___,___10015,fCxoy4PV8NiPUO5Nt2QmT1AQTLmQ1EJGzJIxklm3dL
907,907,commit,,,

908,908,insert,four____,___10016,3FXpC3VIA9PnY29tTk9ZO62UoaAWlZvfYZGf5yIqFol0EJjTYmOeZsWugLEl2D
908,908,insert,three___,___10017,xugYauF4TKGxwFyhtjhOGKcDqiiEPPPVpRwyFx
908,908,insert,four____,___10018,BGEs5uea1tLJFUFAQbqCmSxQSg6YPGYAo9UTCubn3UrRu4PTMd
908,908,insert,one_____,___10019,0jULpQaqBgrf2Ib4RAhbFw4RgCMI4oY0FfwXs9IU9AysvjEN4rV
908,908,insert,two_____,___10020,9EZ7AdMKAvkAhQPjiO00kcxDXVwIUo4N0tyKK4j7FZqMpWz8RkT7vgMKVEiE8
908,908,insert,one_____,___10021,dF203mEI86Ql90loBOSMHv1HmKxUrbGlLSQfXYmPOm3MwY6voAxFmNK80ab3no
908,908,insert,three___,___10022,gS3wK9zYx0nCoZBZ1FAK0Ljqi3Y2Y1qx4V0p2REkbQ61X7dt80
908,908,insert,four____,___10023,5pU3QluMDxOtWFwhA9y5FqR7O2tSFkHxilJ3LqOAd
908,908,commit,,,

909,909,insert,three___,___10024,vquWQUad0tMXnhdOikW1mOQt2djrIahSZJMXsXC
909,909,insert,one_____,___10025,IKnviafHyECqgKZ7MIB41hzCaWX8NQ13sR
909,909,insert,four____,___10026,PJbdkSskjlv24ixngZV5ntrdyLFVSzAEazN1PdqglgorR9X1is7wrnuKbly
909,909,insert,one_____,___10027,bHT1SG071TMPeI5FNkPxKVZn8nWarHCHU3wxgSdNe21CkR28
909,909,insert,zero____,___10028,8FjJUv8Sa5oXnymprIXvVW2uNfdCuraLv5NpAKwrG2yU1kyr9dFXEoUovkZ
909,909,insert,four____,___10029,MjmFBhEdcmaBroIwHJMMEZBDnMg7bPDvCHXvxKDSjAp
909,909,insert,three___,___10030,YPvt4rjcciHqMUTSUVZYCn1GH32NOJWSIFbkImjcHOw
909,909,insert,zero____,___10031,st9ap2aP7sNyVXxsyr959efBppudGyQ1dQ5ggE9IcPYL
909,909,insert,zero____,___10032,rMIqQKtfACsCRNjwx8FaR23kgNlDeeVNYO8uW5IExXKvSK54GchE
909,909,insert,two_____,___10033,F01fGbWMTNmoS8X7wVrU7COvdbeP80l3dWkW7LQ8qNCq5h0LgNQsqdhu5
909,909,commit,,,

910,910,insert,one_____,___10034,bqDRCk4owlBYswqohvDYT7xTbilipE3iuKO4AqKXWondEbG1MWM4E1satFlp17U
910,910,insert,four____,___10035,ezYxKnBvMwc7qSJqmzvkPHMb0kTq8q8Gvz1D7B0ASmZIWHw6KbfpjSFCvi3MsX4
910,910,insert,one_____,___10036,PQiSo2iIk8TRTcU8RTFyLDejvOqKIMTExIb4G3zVo2ZdSU6yS5kR7BbOIw
910,910,insert,three___,___10037,LX8aqrdI6xV9eoOQPAIupIvOcUFr06nzp7JmXW7
910,910,insert,zero____,___10038,preVLZKII57NYVpeaWUohQCE7RLBEsWW6TWJ5IdselAPoiAjAFpv1Aag1HTbD
910,910,insert,two_____,___10039,sSd5mDuzxm7pTbPiVhsRUtg9M6C8Xwh5bCBsljonoijrzzzt32
910,910,insert,four____,___10040,wN7ZJifHkZoPIp2V0jYLyON4r2LcipIXQmOBqWlNWCKZVb2IMGVKHk
910,910,insert,one_____,___10041,IR4Dfc6Xj8YGHKulzFicXe6wi6SfQZ4AWviLoD2BJS72hOHbiS6
910,910,commit,,,

911,911,insert,three___,___10042,qFKTxQPTvC5o4x1oGAds8ksbOYob2hQIRrrC1XvF8bSB2XvYvR7Bh
911,911,insert,one_____,___10043,29wKvvQeipZfT4uiZxAoYQABFBYsJtO3PWWuHRCH4uU7IzZQRXRBRmKQYSI5Q8nC
911,911,insert,two_____,___10044,rfiLDlMNzX73XP93EROkpBGpIo3njGfv
911,911,insert,zero____,___10045,xrwqtk253GfVqbablwwFmHJbwqIbbuAAvda22X6oSxQghK8vZL9618U56OumK
911,911,insert,two_____,___10046,yqHJz4BUxUFaFl748Yl17hCeTpGpOiNii5kWHbPrssT0Ioa9aXWW0f7wk
911,911,insert,two_____,___10047,bdtpvgGMgDajyy9vxcv18hplNdFvzDZOhPBxVR4kGKxZeP3Jz
911,911,insert,one_____,___10048,AFFFKEMsaN6Jhg6j2rsEjd9p4O2FyiaufCLttZjiJ5fJUn2CF
911,911,insert,zero____,___10049,ktHNZFeo7qwPVjm1tewtaAj6I7v1oicgDA5K3AZi82YcjrzJPiMuza2AbCPKaxB
911,911,insert,three___,___10050,ZluRKQQwBaDYtIaiZX88JMKf8XgQv4emsgAx8
911,911,insert,four____,___10051,Y32OJyoU0teSvJ3tjmSTHJ7xpmz3ggqYDbb87uevjFjS3a
911,911,insert,three___,___10052,JBq5P5KEdeT1Th8t7k0ByEQQ5ZRoGCsay3nh0scxQJRBPo3GR
911,911,insert,two_____,___10053,JZImcZuzW8pfiOueZZata3ACkrS7QhhMMRr8G
911,911,commit,,,

912,912,insert,zero____,___10054,7SrFDyR5NcjEaRCe2jkgTk98Ovim4SxBNd
912,912,insert,two_____,___10055,MhWc4gTA6m3kCse1L1J0N0SvDl6QHxxMvxXA7UhUH
912,912,insert,four____,___10056,0E4zRwkoLPBmQn11Ik2lvy6DPiwkCtDcUodTHYRJNyiqXMOawiKen
912,912,insert,four____,___10057,unRgI2UbtFXIF3XGb7UnNYu1v0ScXPjqumMWQpoJF0620qViIYQO5kLomxZ
912,912,insert,four____,___10058,fVPIIuxeiW3cfvDQYOttDYIlLsd0UlJqBxuRA7Nu1pBKB8yEBv2ieCOn3huu
912,912,insert,three___,___10059,Uy5QH1FNrB2MtaRpODxmMfZneMqMBeWdOzO5hgERWacEE3QPLFJOwla5NVb6b
912,912,insert,one_____,___10060,7BNPjlNdx9LirxhFJm0KzWTtzGhcOO9wMCwfME0
912,912,insert,one_____,___10061,gJtygMGCvYmvQBIoPFbo5c6FWGgFxdFIn
912,912,insert,three___,___10062,FEXR3esJ0GOmCBsKLWDAIHTlG20rlVa8UUrtqDfDd9BR89Y20GOXlyw5n
912,912,insert,four____,___10063,VnMly9WNETvmOtYw8mu8uQcP70dfdaWj
912,912,insert,four____,___10064,69MjPl11JhHx62AsrKy2cXBgvYWCV63gbIZ
912,912,commit,,,

913,913,insert,two_____,___10065,E1X9XCYsqLnjnMue4kuu52X8gq4xfsogUxjjXTSDCD8UkhNmzjmYO
913,913,insert,zero____,___10066,AJf3VyQJZU7A9LJAffTsBCLvyKM2zAgHa549boAKlfmyzQ9OVIR6m
913,913,insert,zero____,___10067,m7NpTIYkle7V3EwOYAD7GLlqTx8shv7JH7x0if
913,913,insert,four____,___10068,eDwG0bu44IofuIV6LbUpzr4uQ2zqadZ7Kh0r6WUt1laEP6sk0HZvI
913,913,insert,three___,___10069,FTWFgqYAXXUhSUOKCpmMz2Qo0XYZfN5K9CZEKaE52NsnF6GvgU28
913,913,insert,three___,___10070,2ULr0StmZIy6JDD9cGTbJGRzmx0F43ehtL6eL3arfJknIIt
913,913,insert,two_____,___10071,eZ7wmzvWxAD8lujrMkKVRG8NLTSYpx6Ie4H3QZd7BwZoBoLcp8
913,913,insert,zero____,___10072,nH4VHTLobIf7dnM7mioTx36YEDaGkbEZrFMMZ95xfPr1
913,913,commit,,,

914,914,insert,one_____,___10073,hYcJO8U3kt5j0nADHnizdj8sdRNNzr8pC5xhtVBRD6BpXFRwu
914,914,insert,four____,___10074,lZmSHrrOPmNCHkvcNl0TfrJhNTx5mlzQ3dLcwXA0P29M5mgSWGQa
914,914,insert,four____,___10075,0BeKLINRhUlo2Pj1sp18snNMk43CNGMqviPRN3503MpV6FfY07UTi
914,914,insert,one_____,___10076,YqDglpu9l72IuUUgg7oYxCH38JpI5YSaF6U3
914,914,insert,three___,___10077,GUr7oMm1gcjtkPnh0hmfxPTsKgmXnRfSGNj2iEW81egzH2L57AVUoVFh
914,914,insert,zero____,___10078,oAUtNz9H1iEaZTshdJqhgMTrD3wtXk7pJ7VbSFgzBTufhFRaRmue0YmZMt
914,914,insert,zero____,___10079,W30v4AfrevYHix7nJuxGpSA59WNA2mkEqevhGFDMWXTeW
914,914,insert,one_____,___10080,1e2jHDylWacHSNMJu3ngNnYd3zqVqLlPv5UqaGbhT6MyuU8kbKuUZ
914,914,insert,four____,___10081,db17o4rYLM6un5Ie0MvehnaMyoWfbPsoQGoApflSzcRT6RlxP7ZVl0nGC
914,914,insert,one_____,___10082,WvF8fa8IrDECwpRwPHuEWJiHWCIYkckCqmz7bD2QdYKdDQzhXlbFZn
914,914,insert,two_____,___10083,MGeZCAZ1V9pWV8tKhhlfE8s0NHa8VAmQtq32rcT0FBHblI9VBs
914,914,commit,,,

915,915,insert,four____,___10084,uRZp6YcnWzeN5mSzVEL4dpRIILgpWv1IoRR49pdD0kr3zIXw0pRJnIrdMu
915,915,insert,one_____,___10085,0WMCekOf3mQMGLHYE2E3QVTYe1OJuCxqrELSTbHB
915,915,insert,zero____,___10086,cIPMim90DtbnCJwzFJX7rvcdC9OWPOwJEtl6L
915,915,insert,four____,___10087,sY5IrhOlKknqsfwJ1R0kh82iSjI7P1OFF7P6wCkuKnPXgD9
915,915,insert,two_____,___10088,7pRaotQZ7HerPR3Avn67JShOSyCGxZzGOBQjOYCMwaA9bYozTYbc
915,915,insert,four____,___10089,4l8nqXwFnfkXsRbdMrqutPuY8zxjitHWqJonoUTtYzmfoR3eH
915,915,insert,four____,___10090,qAwgS07rmh1VTEfdbGxwBPtkjAcCBGKNj4S4Qfxw0AzMdEcKiE
915,915,insert,zero____,___10091,gqurGEPgfuJFUC27u4ifiIWmUXvqLaVi6YmtUPsWtAU7kUIXoI7ZiJkzlBK
915,915,insert,zero____,___10092,HbYdDKFzltbAbkImNAXzRMBpNZXLYWOQFqrQssE1XTaMmtfjifvAnPOZ
915,915,insert,four____,___10093,dkUz7PZ6u4U0NkHuszGP2brWVy9jxVvkCrXSil5Kyt
915,915,insert,two_____,___10094,pNKVqBKsSi0sNImqPynIVoLK6P7LxotjH8ssF0sImMQHm9aZrXEw
915,915,insert,four____,___10095,7JZ2wGWJff7t2FeSUTWbp5BZlEGS6REEMUHUYD9hanrzZyrNM1
915,915,commit,,,

916,916,insert,four____,___10096,bWBKwtIncnsF8AEO8sQDvXiz74uifkc0DKZyp7vXnq
916,916,insert,three___,___10097,hMN6VaMrqjBweCrZy44U2p63Qr1Lr0I10xVmufEWibdA8HyFIKgp2hwYIXF
916,916,insert,two_____,___10098,Xhx2ebZuoAjLjs7gIazaXRzHtLks6aarGMngc
916,916,insert,zero____,___10099,rtkcLkg7zxBm2KA6vh4UMibJy8mbQo5yQfnvPsYXMRfvQQEoBhDzsUtnn
916,916,insert,four____,___10100,pV71WTvOrl5SRVX3DCXKMXdVlpMPIrZfbpCDw6
916,916,insert,zero____,___10101,D1sThf5bOFbwnRg5RqITldmDNwoMpzBEt8HbMOYI2P0qsvdgltCggNKgqReMey
916,916,insert,one_____,___10102,emiRBVM7ursVdG7fhBY1M3IZfR6sVGZGM1462GiuF8Im3DG
916,916,insert,three___,___10103,g7D7TaxScwIfzjuEixySepjaDGys4vqEMXGv5EZ2n9QOSLqXKxWyXwuEhQUAu6
916,916,insert,four____,___10104,DX4KMQrlKPzeRRoMVtIZ6JHJP6wToQv2JC0
916,916,insert,four____,___10105,2uPxdJUCDMQiCxCHqCXcSaDrsHEFHdaAn2qMAKwlAuhv0ql
916,916,insert,three___,___10106,aqSsFM4dX8rldZA6lpMfxITURXy0IB43AGilEKigB4nfPXVSWVtsr5pRy
916,916,insert,three___,___10107,89c6deD3rJ1hWru1xTFR1TnU5KaF0gzZFOpxLI6eXRbJDBSqWmUkrffW
916,916,commit,,,

917,917,insert,zero____,___10108,omjYuH3D54lpvPbD0RUEzf1ZhYqgN8ZTp9
917,917,insert,zero____,___10109,nKVpMtwk313QJtX8pWNL8NWU9qytY6wqxrSiHKBWUmfzC
917,917,insert,three___,___10110,ynDmFlH1ofpg7vY5sF2vP3fQOyGqDmAdT1X4X
917,917,insert,three___,___10111,4CoMbwQs6suHBhzb99evgZB3m9nLD5muDqxrHdbGpRcp7M4OMNcGeu018Z
917,917,insert,three___,___10112,t2A3nAPGdzl4uz0DfS2fGs7kNa5eQziuqdZz
917,917,insert,zero____,___10113,pD8BYC4mteUNEEa2haWDNMslPEO6SOCBEO8l0nkJmjS
917,917,insert,zero____,___10114,ZkeUBV3sA8q0SM271MapCJxQUVaY7goWDUjzes2uaSfCGxvHH4ki3ct6LfG0WRDd
917,917,insert,three___,___10115,c6n8azL8ezm8Gfpntt33AyTcqMqNoG4K
917,917,insert,one_____,___10116,TeSeJrecRlTXajaqCzfmQn9rh5ojB1txhyGkFUehiUbYrnGa87
917,917,commit,,,

918,918,insert,three___,___10117,JtLa01ZFtQubmwPybMm29HY3ysWbhxPCxY1XqTgfCdofM
918,918,insert,four____,___10118,bIwjeOYJt2MmDehtWJUx49EBnYYupolWxeagSbk7Wej5Qt6m
918,918,insert,three___,___10119,t1MWZpGxTjg4zNewhhnE9G6XOXJXD3JpvSe3s
918,918,insert,three___,___10120,xsH8f67Dp5out1fbgmIyou5kfvpoKzyLXyZiTs1g3k7P9Tn8gVpF3Vkt8APRL
918,918,insert,four____,___10121,iAaoH6zORaYLnuJ5Xm7uC1qiNmRZKUWvwmMGykUo3ryQDx47ZCgWSXIDQ1P70H6N
918,918,insert,two_____,___10122,de5PngigkNjB3nj09TTgtTPVXFISwFPzszwBp8Z
918,918,insert,three___,___10123,26G0R6EfwefWolZNaBzxuGOPA9aNGW1tPCkW9OiVc03wLiomlf5p
918,918,insert,four____,___10124,2N18ozhztaenzHf6dtlsesZypW1XOX9U
918,918,insert,one_____,___10125,MRrLeHP0PftIvqGAQ3T9MHuGkLNg00mZObYNwXfwqCIpJ8nAVge81
918,918,commit,,,

919,919,insert,zero____,___10126,Gw8P45UU7KiXS6VgXOh0LZIz7WRptklNcRCt3jfBsNsl3rbGoeY
919,919,insert,one_____,___10127,WyHDWzJMT81wnTaXQyGl5j94mJzec6X41VUJAVXXOOfJMNLhfTBFLtKlViw5f
919,919,insert,two_____,___10128,3Ddr6lBaY8p7udjG3Dio63yjXAdsan0V1DhgKGCD0vfFf5pZV2l6q
919,919,insert,zero____,___10129,iC0o4uuDwtMk4sl1a9pMI8MXQwwTeLh83PLDVoiC
919,919,insert,four____,___10130,ibh1gbJSsSPetwkZNx1nXqqjEuYvDOgtIpPkd9J
919,919,insert,zero____,___10131,dNIu6YyCj0SywCXqUB5kbhxHSe9K7EZxx2LAuh5IWzGfotabLmeXU9odUA
919,919,insert,three___,___10132,d2nph7yhaAIe83QPIL2eWF6ocwKuq5o0gHzrXVl
919,919,insert,zero____,___10133,ju3xcRT3vTDQFl7XB2GQaCPOMe2hh9M5inRPTz
919,919,insert,two_____,___10134,SbNCpOjVFQRv6aBKI5Ac5kigObWQcXdq
919,919,insert,zero____,___10135,9smolRN6Uj3E3boFymj7rU5CAQEYNCgtYOrCX3lfDV6hA
919,919,commit,,,

920,920,insert,zero____,___10136,nTpQiGiH6o4j5qZna7HyvKBsTNYiI0fypMlpXKzFlbBP
920,920,insert,two_____,___10137,sqxFlL9ozTZoZMAQ7tb8FFbrqNktDnvj8u1gxZ
920,920,insert,two_____,___10138,Io7gTsGzxlxNaWxtHkBtjlMynUzLNqyFpKIZqO7EWrG3Rt7GhZK
920,920,insert,zero____,___10139,0OSCi31o1VEjmpKz5WKlPCMwth6sP4rupOfxl46uPmWyud0qkpeHY
920,920,insert,four____,___10140,p5VNcsy91dd7VdnvZg3wdhsRDNP8sJxNe38w6u4j680u0UoGQSAuLoBCIR
920,920,insert,zero____,___10141,ARTxxB5Xs3OnBN6Ye7HYJmnWmWIx8EZ1XM1uTUzAjRtTsZq
920,920,insert,three___,___10142,xndkZxMIHMoBe5r4duJJCTTfeR9KKhEN0O
920,920,insert,four____,___10143,3CmUKbuFGh5ZFanGQ6NmGqCxfMWcIcHVCBc6H0rZ
920,920,commit,,,

921,921,insert,four____,___10144,POIXnzZZXDq9QEqz6BSUjKRKI5sX5GcFD
921,921,insert,two_____,___10145,BnbetiEo98FhlILrWhU3zOVzNRmrDhZmULxSelLm9LbydF
921,921,insert,zero____,___10146,o3Ern4k7govu39rQRDzm9oP0zZgyQLTY1I0
921,921,insert,zero____,___10147,wjecPmI1M2P7S7x1A0lJ6EYZogQFkIsLJ0k0SMS7FXiiA4AYzBLia5ZK8X
921,921,insert,one_____,___10148,NlGJGaMaiBY38W5MHSQl0Vw4CdCFZ633JQzuL
921,921,insert,three___,___10149,xFdCE6DrkgG5z06u0XHdl81XSykjBJSz0vuRdiCzgZiMn4GiDsPbXtp2
921,921,insert,one_____,___10150,i8EBenRb2w2VNeHd1G5ouEpfdSFeLapqQGPoG2akQhd4IM0YpyuCP5LD
921,921,insert,zero____,___10151,55p0ZFzjoQ6bAbTuAE5cdVNkRrQpb908Lh4uenXzhubplXf81aGvElEdtJpYfi1O
921,921,insert,two_____,___10152,TJs8YvYTCpAI2rLtYbL1AiwIGmC46fHKf26rj4JhIna4aLpvXnbIc5c
921,921,insert,three___,___10153,osSCwp2keH7SLJniuXxuOJaUtSW9mV3kuO3EMdTsyoI7Tw2MEAXOQ7c3
921,921,insert,zero____,___10154,Lfjr37qq52HDbmDgvcfM6IBhByYikV6c4Spg5FKr9e4uVZas5aZ
921,921,commit,,,

922,922,insert,two_____,___10155,jg0yYIDJytpKscldKGIPNqexGclD8cxJ4KLrWLNfIz8NYlH1IMv8HzfsKdG
922,922,insert,zero____,___10156,fc5vv0BkTgaSbvoNP1Zk8SymM141p40J
922,922,insert,zero____,___10157,1BRpPmXySwCovvtWYIGU46Zeum4NktcopmMHWk5PBUfCB
922,922,insert,two_____,___10158,V0YkJVMfT93wfhDsccCgrXusES0X6XthZiqC8JcpRFUNOzuTu
922,922,insert,four____,___10159,C0lZGOl1bxzNjXPxyOPMRtL0Fl8TYAXoch4dBVwR0dH36h7qBq5EnKrggR
922,922,insert,three___,___10160,hIs2oVYpMJ3WTQYvYaooZZ0o5rXEhNMqf7rGE
922,922,insert,four____,___10161,t8iAp5tQQHNkLAoVM9EucSM556ojaYBwH0cch4EtYx8AHrrUm68I0vIYmmQ
922,922,insert,two_____,___10162,PBl5jMUmJrqTjHUXlyu3dbTxNWIEE1ioImYGEWULZrtOL5
922,922,insert,zero____,___10163,oOT2nIhyjsXMcMfZqDXgKA5488JtCmQfxAmsJZ
922,922,insert,three___,___10164,fzwzzSZporjPBiB49JQvfr4YgbMzuPu2xLUpZkZbHV
922,922,insert,three___,___10165,BPODPt56S1GkSMLIdN4mMMuj3u3OLFv7qJa
922,922,insert,one_____,___10166,ONhtSqRPHLcAapqEA7gBROALQv4eHZDVyhKLnrRv8eamEDRagfOiacCT
922,922,commit,,,

923,923,insert,zero____,___10167,FrLspewymawA1gibp0Ot0i70mhaNzlD14kuU6FfM
923,923,insert,three___,___10168,UMo04giqgQ8TyaHlw4u5Xsh8mhWy2NHhEA8SixkfchqaeT2D5bf7
923,923,insert,one_____,___10169,UyWanByLvYFnXs3yeqlX5NW7GnIk1qnTE
923,923,insert,two_____,___10170,c18eTHopcY7MMrjVuJzJo6VoXwnCtbxaueGPo9Sx3LjbNRIufjzmawpDYMbmY
923,923,insert,two_____,___10171,eMstGBaMearw2vRWA25hJOjH5Sig7ykgasuSwovJvv78bfjmg
923,923,insert,three___,___10172,WJNVGKelEO1zVBRfNEUHHZ1OlmXgkJJt5I8D64QctvUGy
923,923,insert,two_____,___10173,cE6gwzpuFRmUvpaUTqkCtOmfYcmSqBReKJ
923,923,insert,four____,___10174,QGtgbpNTj45ldOVL8cXbs89pYWSdyazcskb4bJM2rsnn8eLswCoII8
923,923,insert,zero____,___10175,AuqBMAKIWAcQrBVaMLUmy2oa683KS3q4qYT2JrvOCnHr2bSqWMsc63sSSAeHUG
923,923,insert,four____,___10176,xZSOGwhtMcoj6f5BZ1zM2nNr0gREmc1WOtmGSv52LveWPKfRe
923,923,insert,one_____,___10177,303O5VYuJSCIPmfWmEp4pCm029hPnmp3FPHcYxDLhHm5hTnLC2ota
923,923,insert,two_____,___10178,Ej0MBSv6zYg88x5lzr2NPtnSLbIyHmtea3C09L5mMmF1HJeMQ8V
923,923,commit,,,

924,924,insert,four____,___10179,nLp2eubjYvSIegtNe0egkOpRQgDVdZgA6l
924,924,insert,three___,___10180,VGwfZMUP4b9oMHn7hEXNEOi0OLYiqRq855nqG29CALcKZU
924,924,insert,two_____,___10181,AEF6hxK7wlK6BBHnCDZK6NuYwhxCkR1hhrkg3MuDVujVaa3ELyWpfSjLgSm
924,924,insert,two_____,___10182,TAMSZXlSFFcU8JXYgIE6EkZ2Rxl68M7cvBkLpQqC6xOHVjKvxfLQceeVOXkQYy
924,924,insert,zero____,___10183,2scEBiM5jLxn5Ij54EVzuZhoIO0BHzEJ0PxHE6KXcv3iX5FjiTv
924,924,insert,four____,___10184,0VKci0ckjERedHnlFRc5C5q2n5gBfLfOcvTYlVe2jIQFKNkFs
924,924,insert,four____,___10185,bPGB5UtFrV0H673qXgUYcHzEvt3i5bIR13fzWwuJq
924,924,insert,three___,___10186,017IAFo3vLj7U1Ki9Y9C8b8lrjN1hdwipYpY
924,924,insert,two_____,___10187,KNXOspTr3qdvEvU3t3lF4mesE1ZQUfzB65xl9L1oqwso4xUbC
924,924,commit,,,

925,925,insert,one_____,___10188,46JWXkMkjR9C12sfXDMOlzPxIFSv9ukJ52OyiBoC
925,925,insert,zero____,___10189,9jGiXCAqdJWDvSZ09rQDXtDw1MSpAiEJFGygoMKr5ydHke
925,925,insert,two_____,___10190,0A4mobyrtvNcTLyi5NUqYxBEXWzigvFNJBSvx6
925,925,insert,three___,___10191,RTuQqSUBpSuhw2tnuXwN5FkKxvyB2YQA0zHNpD4dC6hErqQ
925,925,insert,three___,___10192,hueddUZ51t6Sx1BtVks4CPRiX4DRDwZPhqr8A65
925,925,insert,three___,___10193,5MXEBYEEypyIe6v2rbCwdDucWPTgp3lhfE3LKqU9aq1
925,925,insert,two_____,___10194,HIF1oNWhejzrhWMOlXTqOtPSDM8Bo9ogzrcnjg46RbYdrcW
925,925,insert,three___,___10195,N28APZAAwAp65AIoycZ8BOKqdUT4L7xyU45qKM0ZIAgAc38XJi69Y1qwe7pvrli
925,925,insert,four____,___10196,s6fUBJceX1xhD2LHyztZvHDB04CF5PLdu8GPL5oaudsimNYCoJHjX5
925,925,commit,,,

926,926,insert,zero____,___10197,9Ea1Aobn2AAJT6B0zR3HSOTySXvNfEpJs
926,926,insert,one_____,___10198,i6LB6LXXwAerZvhihHnFwkpDNNnoxRKMe0iY02edFYz
926,926,insert,zero____,___10199,Bp5H57TV67kfgd6LGuQKIAtYGEKRvoSvTXpDAY9
926,926,insert,zero____,___10200,DSSTjIPiCC9xBZJfdBAq3JXiXKBBZQCJy9jZWSRTEM1n6CwXJtc4c9
926,926,insert,one_____,___10201,27hQxjcImBAepG3g3b9chjPylJk6KRnvO7VdSj0PvW41Kzg4gJ
926,926,insert,four____,___10202,fkFsZvTUkHvUTksjRxs4FJKbXnN5HlYolLnPN27C4sbMS45zs11
926,926,insert,two_____,___10203,kZ7LgSwyD7KakKHmijnLHQzYjHhJKg65xNTKpv
926,926,insert,four____,___10204,9Q45V1YPUr3JuT03yleRrmlkUpbCNfN1ywJib5Fa6U70gBJoF8E2HUB0s
926,926,commit,,,

927,927,insert,one_____,___10205,N6bHKybYMqnflOhdxZZ0TgmIfNaSduWyBxp8989sEjywjYN
927,927,insert,one_____,___10206,JWDX1I10JyiVYVSxL1BEdK0TFoB6ISLsGmyyzc1fmk8IbTw
927,927,insert,zero____,___10207,xl5QcRmlpCr924cKnwLFsC4Yt5PcKzQAQM
927,927,insert,two_____,___10208,VVqiALA0GSP0n35xxCkHKJ7g04BRffAaV
927,927,insert,zero____,___10209,XXUlfV9iO4Ya9y79lgN28g1f4rkA3NsOaHJ2baWScnjfZgQ8uR848T9
927,927,insert,four____,___10210,fUiWMauqiAsE5OW8Vb9rBMPlhsbTMW953oR
927,927,insert,three___,___10211,jiguy7n8iXFJsyb6aaItR8ycFEXBuCQ6GUiEW0tDr
927,927,insert,three___,___10212,cuihnBrqkXh3wV1dmFOuvZIKnrPedftvcVlofLblUtTAHyUik6p2m
927,927,commit,,,

928,928,insert,three___,___10213,l5fKsKeBb7NC1LUjPXbYMw8a3itJeL9u6OFdkzhpp511yrqVZqcBPwULlCGw
928,928,insert,zero____,___10214,xjLEyVBLWjA2e6LiMfzxOCY5wkHymw1SrKWu9l8fBOJJ3aEzyTW
928,928,insert,one_____,___10215,ak50a9AQhIlxkoOy2IKlIN7NAOxAS4XPXJCsBkcrX
928,928,insert,two_____,___10216,CkVtJuHpEi6MmXEmjCZoMVXNGPclRZ5fsm4J
928,928,insert,three___,___10217,mUWhRwPuivoCNVYUJzkYXqpQhrLSFYeUZ5IDVfyiC4TxrmT5hzk60dp7o
928,928,insert,zero____,___10218,kn81gwsIMfsu4EGP6hlSDwJQXirCjyDRFK
928,928,insert,one_____,___10219,TbKYsj0BC6TLn86GXR7PtHLAHKvsk65ZN
928,928,insert,one_____,___10220,aQ8TeiiFS504HoKNAucZEE2TrV7fA0vPwqY075t5XutWu5
928,928,insert,zero____,___10221,WdjTG7IOhgaHifW8tBeFFb8sCyjvZ4NwV
928,928,insert,two_____,___10222,7nH65VjirdKrmY9jBpIHuyaTjTnuxPGzjG
928,928,commit,,,

929,929,insert,two_____,___10223,dZfHXaVuJqbtyrVLciy2oVHNDdoo9C5u7IYNFHMSdUJWdkREDQN4u6NESAEHm
929,929,insert,two_____,___10224,X55gpNPSsVYa5msbdaxoxCkJaSJxY68K9p9kFo1icigmjgAGuwjL0jhjDTe
929,929,insert,one_____,___10225,h070iGe8hIjICGuVqBbryX2tHppj6L6nAIjGetQDyUZY5lF5WArwsEB21h
929,929,insert,one_____,___10226,xsP6NalPUvUVMbXseyg7kHhSr7yIRjU7fRhbG906porhic9friuz8
929,929,insert,one_____,___10227,3oh6Gz88d76gAAuJtvdSZegnIa2DzRTvveCb4VQCczQt2wD9v5I
929,929,insert,two_____,___10228,838gNBO7d58g6gZg9xVx9DD4ihlpGk2RWaU28etjIEbMce
929,929,insert,three___,___10229,hito0QbGxDU2iBotUqCoi3X8mh63lGFXtzdFDPUv9wLOc2
929,929,insert,three___,___10230,SQ0war0lunc8twQqlqJPE8YAmTE77EfcmFFKGGS2RmhSq
929,929,insert,three___,___10231,amNPSdpzM0g2PqMcpxIYVHwseemoKFPcliON1wTM6imnovZrWQixK7U
929,929,insert,four____,___10232,I5jA0CrF9cbQQovZGQ2oKliaWHqTjwajXdJD6Z5x
929,929,insert,one_____,___10233,Eb3Vn91Ba3CQO08Ols2a84ePKqno03ac
929,929,insert,three___,___10234,4ZApKEtqm2rTDubEaa5u6RonuBlxnUZdNUhFWxdj2PPlcMIagvo
929,929,commit,,,

930,930,insert,three___,___10235,aRTYyq5MAEk7Xn8CaB7bQ7HBJBC5pdSO
930,930,insert,two_____,___10236,wdCre7Z21QhalzrPkos7SvvMfZVUsQg1WcUZMZCKmIUHI
930,930,insert,two_____,___10237,nfAOpwndbjGsiCxed9PKBiA83dyQYL29elNFXuqAmudJY8VLSm3k
930,930,insert,three___,___10238,xNp317tBZ4VEO5jIZO5Glc2jJ73m4eaf
930,930,insert,zero____,___10239,K3PtHV6txfIhN4XjTlMTSCe2rKJm2HSJki
930,930,insert,four____,___10240,vlcQLYLLLQURXIPXTHLROExumMvzDFWV9CwIyXWz3lJzDuVROsl
930,930,insert,four____,___10241,dWqVH0ZNK1equ0wDCxkUxixbp2CbeRo4PdaejmvK7RkpM
930,930,insert,one_____,___10242,YtKSgTNq3sDW5NcQuijay8jeu6t4ZNZl5rb0bcT9IFHnpKJZHqTxLE3SMIXhIa
930,930,commit,,,

931,931,insert,one_____,___10243,fA9kKSuSUxovLIOyy3n5KLVZJLeNg0GBoV5gvg9kOww2x0nlwBm26qQZ102ps8nF
931,931,insert,four____,___10244,ObXZ7K2F0dXmCKEOn46Ls8d1tpZzLiSfh4Ohd
931,931,insert,zero____,___10245,qR4hBwgLBQqxyKw0giXNN7JbODty5Ag6sOWpBoPjUJpBLsQd
931,931,insert,three___,___10246,ffjtJDI2PRBa2V7ujNHpqIXsSaBHAvNexngOBY
931,931,insert,three___,___10247,TAppBIPs8EC0KXDSgmgnyNLuOWw8lP6pwUB
931,931,insert,three___,___10248,TudvGqdsLsH6jeyqzsRLnD3oEtJueq3ROUESqxwUE3nCxRwocRcLu
931,931,insert,zero____,___10249,8G4MgA1BjXBeR3u5tq5ZniPcwQadvBFpgWRo6tjw7XjgL
931,931,insert,four____,___10250,a5MI3cc2PNsySxAJx25mQ7jeADV8scLzSKVXol48XF20
931,931,insert,zero____,___10251,t3AbFL9EIPY8onYABOFZ6kXI2RYfd3Y3FFvULljWVFY0fBc0d46aXM0BFz0YB
931,931,insert,zero____,___10252,FtBX8AVxRgVQwp2v8oHlKUoC4eV01JOI3v9XLGFkvVa9qVXX5iBQ4u
931,931,commit,,,

932,932,insert,one_____,___10253,MKwWMWE7gbi9UGcaGzfJxQLosXl62vYhhbObQV39q7GDtXA4vrS8CeM
932,932,insert,zero____,___10254,x9iiHEOQMc5NHWIKNzkfYYdl2K1jz7RD2Y8QORzKKAPZVpMTMBjoILzmaS22ed
932,932,insert,zero____,___10255,1wT1wnOwEAfcGaTIgu2AQOXhUOuDSUWoSqT
932,932,insert,two_____,___10256,deu7rsrqxmeGUYKm9C5xcgYOWSnf8qufhN5gxDh1MKp
932,932,insert,zero____,___10257,RfFcM2N1SwXtUjBuFbNWoanHH1nDveDN2RhnK0szs4t7epy2AWip2JV5
932,932,insert,one_____,___10258,7Lf1BpnqCcjU9Wr10BKoNeeNHnQ5YNOhqxPdumgZTQyJYEgBc4eQSCHs2g2z
932,932,insert,two_____,___10259,cqK4RbZHblu12r5t1t0vsSrx4xxodyEJDumR
932,932,insert,three___,___10260,urc4TFYK0sgVPN07uwnIS6bZyPByxjk1dSPTS2Uri
932,932,commit,,,

933,933,insert,one_____,___10261,kejcfwk8ixFr3W4lCFeTS8xHXJ2eG62q6UuwaEBpNUwJjaRPtNLL
933,933,insert,one_____,___10262,JaciVHuVQU4GY3crREvcIWw2RTZ7Yp3myxAsz3tk7
933,933,insert,one_____,___10263,hEgAcaeu5P44ubK64ixHJ66NaZhOlPOrt4WQmVhV
933,933,insert,four____,___10264,16HavlgqOFpMHGYHfn8RSKNc1H65lELJZfQzkPB7G7QY
933,933,insert,three___,___10265,bVGQv6U95LcEEUM3dZwvXCjFb9LzDHA8c02JkRTI0qgN
933,933,insert,four____,___10266,wlPJObafgjhUOp8AoHSU2Dt5bDPTMh0bQpS
933,933,insert,zero____,___10267,HwFqf5HDcwssU9KrqCtTENSTawG36qmvDLsaqrjrdgxFIQBgzg1dXm
933,933,insert,three___,___10268,zpLR96f2DAcKXGTnuVaA1K1QjtTEmU9BlnD1LYzv
933,933,insert,three___,___10269,L9aTeRDOUcQFzuQEQPzGLBVndPx8QuZB
933,933,insert,four____,___10270,6C0QDIANpDX2QBfwaOjfx6xc0Ag3WFHieGJwg5m4AHbRxjDeLSFF
933,933,commit,,,

934,934,insert,zero____,___10271,uaoNlJrx6B0sFMiotaEjlhuG8Bn9vWYITZkA5tatL3HOXfSdeyUsjvPp
934,934,insert,one_____,___10272,xjXLaKc9p7p1i5Yv9ONoUP3nGIosJi5uHnETcgtj0lDq8DMdpyr
934,934,insert,zero____,___10273,hrgZitlElvpd64557bP3CyGY54wmFOZxGDCkZwWpgBBS
934,934,insert,two_____,___10274,b3NvgUEqAfgPXZaM2JmzOm0Ibh8HRDAI75zEpD10ualGohsENH5dDKCQxt
934,934,insert,three___,___10275,dpV2S6XpTqhj3H1zHABjQBNKIUmE8ZnQTWA6J
934,934,insert,four____,___10276,K6XW38Njw2Co7MgVJvVlfybbEtH8svhWY2U0VCOZJaZQC4Q1FLPGJMF
934,934,insert,two_____,___10277,WmUG7jKN3CAYbTtpEzrYRg4NUPc5wZXnl4pmQhmmxSqPNckiyI9Xqu9VpF
934,934,insert,three___,___10278,xjxCKOsjmHvkCaIEjwLpoAzEbkGyeL3gX9oFdssSjZBpzi1nKe1GODjs
934,934,commit,,,

935,935,insert,four____,___10279,CR05Y7VtDBSWmQ3JQYDlTpcS268L7ochiRB3467eH8DJL8uruUQk30beUdng
935,935,insert,two_____,___10280,uvgjkN8X2xw9mXddwtuYfOKzNs6gn2UO52nxmLABHOTTk6rgo7d
935,935,insert,four____,___10281,f16qPrkKaXweAshhLbUkK9PeAwJYuorPnh1Agqkvyr5ayt6MN9JXEFICRHDB
935,935,insert,zero____,___10282,LyjkEcyMJSoumlFt8IPqFb0wSSwce9NwGb5Qxu5CzRdZLqMo8arxnEYjeT
935,935,insert,one_____,___10283,FUCDvtyFcoaXEHWWEeR2HFUDlEdFeWto
935,935,insert,three___,___10284,oFT6dYFNJsP6KgMFTpOzOWgUi7aEwUCQlv46RPRKhqCiDwHyxuuUby5fO
935,935,insert,zero____,___10285,0z60pDoAjdfToM8p5FfkFAbiTjrvISH9fjkQV6DSJDgE
935,935,insert,four____,___10286,4A6yXKbeBsVZCKWeyzg0tWQdfhvAOE5NYVKWWHmbkYck5KtP38etZUPd7HbL7gj
935,935,insert,two_____,___10287,aXA65z6yzeRBG7h4fbSUfk2LDmlCQrWg1CQm2FfK2LC
935,935,insert,two_____,___10288,zXJP0gygRMgyxwb8CAiSeYk1sQ9XeSXdEWRwBK38xmpBwHg9A0VvbGKPF
935,935,insert,two_____,___10289,vFgeVPHH9nkviPwoD4kpNmBa23oRw3d4tY7klhamHsRr3bEb
935,935,commit,,,

936,936,insert,three___,___10290,jcwwSIrVy9nlG1aFucYsoAcKL9UnB8fBTV6xSS21jfqdGueclL7zEuzmh
936,936,insert,two_____,___10291,tDKwk18ci06BXvcUeJeb5ZUNV3Y1QTExTj3husB8H
936,936,insert,zero____,___10292,UM9rTyMdHSap0jHb4J5ieuSW1orWYUC7u8jF3kC95aHBQ4NdU
936,936,insert,two_____,___10293,YMo1srCiR8QG8pJV4nUABeI3wUQDXeCIPCH8A2pVbp9Qjn6n4pSuc22V4XgAGL
936,936,insert,zero____,___10294,jie5Zao305Sxv7jRfbpZ31dOYfeqgXrcEHsgygt3z
936,936,insert,three___,___10295,hp4E7oKXyZrHHLpFmG77cWOrTeGUZbv3I6XYwTYQtBYKy4GRYPUtG13RQq
936,936,insert,two_____,___10296,E9ycuPkVcRGENET8myJYJSE3Ve14F17GXLJM2inf
936,936,insert,four____,___10297,qdNquSd97cl6Y341mxzwrnSivR611KzAiD9CAsz2p6rEt
936,936,insert,three___,___10298,dr1w6wOXxOhx6s6PkbOcpZO2z59RxtPnatyuVRFkiMmFbvP3YxcygOTUOM1fg
936,936,insert,three___,___10299,cJIll7Oe6TGWFXhX9esmrx6wAwUVZtsHmk9M
936,936,insert,zero____,___10300,Cdf6qlpPRvWNwroeTRPij1SPGiNRoTTO5N4xAiPhvtVqKrcsIZ1KxTxCGdDZ
936,936,commit,,,

937,937,insert,one_____,___10301,SElWu2vaTZRZQ2MaR0P2r5c9261kXCkKpvUL0uc0u0wzVAmJVdEZ
937,937,insert,zero____,___10302,6oVwRAlHhycf6siKccrsE1fZxixBbnNAIltNMPis7dRn2nwi8FqKJ5uYYVQz4
937,937,insert,three___,___10303,i0coRhg5BO6xBTFw8nmDXDF5kwGSCCTaDsgiGqGkEVmHVEpQfO2huYR4M
937,937,insert,three___,___10304,4yBrfXkfdI4fCo4UvhcPHmZallN9GdDY65vu19T4gi
937,937,insert,four____,___10305,UOK7ZkURQf2l0HBbuke8QLQLAseDvu9JCLneT278YcuNPiK2X
937,937,insert,four____,___10306,Tv7oGiSoEKLvd6qxMSkTLvxW3owqF48Im3ZtE8hNQIHJ5VWQiIcJq2Xls
937,937,insert,four____,___10307,oTYpfmEQHHUU2OjhBQkdEQCLULdUkXmz9JSmqo
937,937,insert,four____,___10308,j4ZnEUEvjK0xwftrYZjedOiI7aXsOyzOoToSUcfTR4btDkTH1GmKRX
937,937,insert,zero____,___10309,wXAU3sQgbsBmGMSbjUV9G7LzE0ZaAdpWajpYQ
937,937,insert,four____,___10310,9ywNGDWIZk4UwDVxAgeK9zx2zhuxjZ84YkwPMpih8EWVtqAj
937,937,insert,one_____,___10311,EpV0WJRg19HF28sjaqehN854JjpzGYBa9DP1ucR
937,937,commit,,,

938,938,insert,four____,___10312,JqAhbZ6onNcpaZUqzQ05T4cbh44gLGelJnZfywcbVotEiwRB6Y5XPHI
938,938,insert,zero____,___10313,FbkgmKGyRs9ltmPB1e3a5AZjQ9UNXJaVNGIkHftz86jcAXYSu54
938,938,insert,two_____,___10314,xfddLvqgbQq0EVkbc58qQ6c7U9hUZ992E3LmA17lFrksXOxzXYpgIMEkLB0ALHW
938,938,insert,zero____,___10315,IZC2GiMCUoAcvjnpZqPSle0Vxl5rx50yrGOKvKiHcqqStanqaIaAG5NvSUkF7wFz
938,938,insert,four____,___10316,u0jDznIdjxDfb3N7Zrc0THXv5Ie8gmW5ShoSpPhHZz72SQnPvMgqKrPK2
938,938,insert,two_____,___10317,fyWJSJ5WKU1nB4WWjOOE2qA7IQqTOJf8CAORqsbJOAvnZtTFFgA93Xr
938,938,insert,zero____,___10318,1xIxueqClUN4eDA2uOrMlAw1GAP6NSAosaIgkzXOVGyyEVSYP11JZBre2
938,938,insert,two_____,___10319,dTMMQKcL1IO54kflyRnPLJnRHMYt7zKje7yjM
938,938,insert,four____,___10320,HTcgcB89lS11ttOauDFL9DSeMiKFKZAEOdiCfbOKvwDzgB
938,938,commit,,,

939,939,insert,one_____,___10321,joMmzAMrtv9qNNY0STLIBHlCoOZLyhO0cmWlf5rEGcewdsdbK
939,939,insert,two_____,___10322,TXoDBjt1Vu9BmnuR2g6KUVmDX5VO8hL5
939,939,insert,four____,___10323,TzuhxeTENz5kvRwa1F4HJ6tHlXflkURNmPH1kjk4MwRnEuoRZp9yD2kI
939,939,insert,four____,___10324,UfOAipMnJiENE9F5Xny8djr2y0QvUb5arA9u2QHGJ724J6mfCr7J6fa1klaEZb
939,939,insert,one_____,___10325,mUAFp9b8vPiFMCPOtiQFzogYrIN7hstp7P76kaFgwUCwKpH
939,939,insert,one_____,___10326,v0W5CWkoebW06MP0YvaCqr6SvHk08Dx4GtNqLbZHJ8m03FqGCQBvhhnbpx6D0CU
939,939,insert,zero____,___10327,D3w6nSyoJrrHpAuOpQUv9OxQB675tg8euHP8xtURn6S7o3
939,939,insert,one_____,___10328,WI0ExtLFZTY3udeegnKuGd2Nuubr1jC9OgKIQ7M
939,939,insert,two_____,___10329,bPEeh57G44LLdEkEC8H52i0t2aD2bgvIvgaoXKDugBun5ml1XdzOGnmGfCMur
939,939,insert,four____,___10330,xUZXUrzA5H07q07l848e9h36axqgtMM0kVflUUC
939,939,insert,four____,___10331,nd6GWzmwgJpOLEmy6ZpGifZ17DCA1YPzIlJhDlpS5AYP5v
939,939,insert,zero____,___10332,0CJTlON2gbB1LpmCwdreHLbEHCgJGEGSFQ2uN7OVE1vYCugww
939,939,commit,,,

940,940,insert,zero____,___10333,GKdcGxG6JmcW5e9CjIuhNJYg3BmZLcvkPEFhTv
940,940,insert,one_____,___10334,Pz7nIwBQNb8hXJGwxsSJYKpNLZAZALWofL7QQKjZTrPe8Ved
940,940,insert,one_____,___10335,veFn4d5jvtOC2UdJz4CJQ6qfnu4j9QzU8a
940,940,insert,zero____,___10336,FiKg7agmTPuLWHiHC4dPbvnDxJo5zFzNbem15PRks
940,940,insert,three___,___10337,S58h4X0KBj6WJtP57r1tG3JjWMAe5ONplsK16u3275wA34BN1qRtoHnh7h
940,940,insert,three___,___10338,OvuMtFXQcpyBqRLtuoyD6M3iKF7vSLDr08wxH
940,940,insert,three___,___10339,0rfOZny0iCB7U0o4m0f3XASOGeGZfPPwj1wjFfhVa2CBxe2ELEcJcwFzedF
940,940,insert,one_____,___10340,mj5M05MqhdaVQst3DkkbKVSslQc92pwj8ZM910BG5N
940,940,insert,one_____,___10341,1lnxiJem7LusXf9QZAjPU4PjBmA9G1YB8MEz3vc9s41Ut7QCerCmNevzpxv3w
940,940,commit,,,

941,941,insert,four____,___10342,MfrHr03iS7BGDIgoKCbEURiP9teJQ4YDW9oBMjHcekE0BEo
941,941,insert,three___,___10343,cY9YmPej5GpZ78h2Us3AzgAjmiKdtyDF1Lr37FL
941,941,insert,zero____,___10344,DXJqGZZSrbX3qvWj3rpjcJN13h2syPwZQ
941,941,insert,zero____,___10345,Cx3ZEkUfyn1nVTZHqdkWxXA3hUtkHaLD8BxkPLGbH8X5cffDAznBkP8HWh7Nq
941,941,insert,four____,___10346,JpQGsNnV5NMwTVu1WUm09rAoNloRlV7dFWxMjKY9l6qeiUoJm5I37yxCX6bkEZ
941,941,insert,four____,___10347,UfdTjQvUzQskqqjnFifGDIBaflPQxN3yoCSGaIiFdx284OQ
941,941,insert,zero____,___10348,IWDqr8YzQhvuR4QGYmbdFBypbBVhZ2SF2ZIwrxznP7XiuQrdVA
941,941,insert,two_____,___10349,rur5pYCnLsAoZX4XsLaxZeUIowhbKgkleg2TyVD6vktWJ5XHq7sHmiGhRSL0sm
941,941,insert,two_____,___10350,pljzWsdRYbQ6dCA6j7qrPKjOjUZruk2Re7lDnijuYdIN4jF
941,941,commit,,,

942,942,insert,two_____,___10351,cLUdu6RGBvREW2JMHlLvvRnQk1ua2ASdEQArmm4LGueBaO
942,942,insert,two_____,___10352,uXcIWdEfsHvzPZ7wKAMpUzGuEUdCxAX20G
942,942,insert,two_____,___10353,pYvY507AYSteUvQLOhHpbcujXMgHdS2lO
942,942,insert,two_____,___10354,doFEZchHABfHKJnQw5QqTzLHl4gFzlv26ORjGL
942,942,insert,three___,___10355,lS6xsxSpaPU5EzItCIrmzX4vjAnbZ5Oocwdpj1sVS1rWBrDwp8pbj
942,942,insert,one_____,___10356,NDGFpDnq8m2uPNIxdzI8PL270SN0vO29dZp9KPa42Ea6ParS15ZD7j
942,942,insert,four____,___10357,tt2PRG2KTXs4SbnCZhhDBXgNNLiRDkP08yphDFEZDHe7RURcrCO
942,942,insert,four____,___10358,Ym0saucqZTW3eAt4wy4bxMseNSs7YgjtJNNIHR3t6Jctf
942,942,insert,zero____,___10359,UxsXakV67x1T9F5jvIFxzi7p5XvWyEI37GfNRAeVvONh3tMXGX1i
942,942,insert,zero____,___10360,TOuoCJ7HwT0Z5FcOalUguf48oXXzc4yDbLWqKGrSul0Y4KC
942,942,commit,,,

943,943,insert,one_____,___10361,EnLbW5jqZg4zraFuOpHYRQPc7RSrk5V4cv8j
943,943,insert,one_____,___10362,l86kuWcnPx6cwg82FYFkvJ4eanuAY3vQqbmsT14FfaTJ2llco5
943,943,insert,three___,___10363,d1EpmJlbqjvTTRHqdttZLEI2k9SlI3cYHQbVLxZ2swetJgLfImzAylkhbQsh2bm
943,943,insert,one_____,___10364,lLNJAHXkDJfcV3BYOBV0wBrQXmnJ86qpwB3FKBnu6Ek
943,943,insert,one_____,___10365,HHbC6vkeNf1nRAV93Sx2LhQ3Do3WZHKJy
943,943,insert,four____,___10366,5UICzYd5W8Y3RxcA2VUTQQRFrjXd6di5CxRjlY0BZZrNTlBNzBZaSNW4
943,943,insert,one_____,___10367,KU2agIiyPBoJRIi0s8za1HFkN13q07uDDrUUetSs0IaGcS
943,943,insert,three___,___10368,e3hXLxNHQCrN61oozyX97cVwGPyGV8VSnGtSi2Nb02dZvk4
943,943,insert,four____,___10369,UJqxxRqpONUJ7ypajHQNgZOPqNrQbvA1
943,943,insert,three___,___10370,17Vge41fnT6tHLJWyxfChdhTS4IWCrFlwBHFBk8qCu
943,943,insert,one_____,___10371,8ukerZ4uth2dYxqfuBCaWnh8LYB1lNCmtZiHbi2ouL1ROmYEA
943,943,insert,four____,___10372,afdZKNehJ3VZw20g6fnNaeFw8hbioOUNIqzkrdLcVPauoD0
943,943,commit,,,

944,944,insert,two_____,___10373,NhoKXmxiVpYts46zdwfbarGCZVHbMvNjBbFQaoSkPX0TRkpm8OY
944,944,insert,four____,___10374,jZ8WoLt6fsnfKP1ALoquX8eEVYyvpiY2bCcJcnPExo2QpK5zd8jGneqdMR
944,944,insert,three___,___10375,qf89JiHhGtHDoxtXQYeEpMh5LurNux9OLS4LIalQF2MLnuiy7g
944,944,insert,three___,___10376,MTczFb9t7GRnrTBWppoV5o4XJCdyfEiEhYRpjrWx3IxAOsxzqjkvMtEa
944,944,insert,four____,___10377,lBDUqcNu5RLXvo8TJ0lJ7gGInGgmAk5QBgxrQg0QNjKWZMckBzxlM6g
944,944,insert,four____,___10378,0J0sCT3YVOm5ejoBj5ezcW6PHlweRlNv58qUhCtisU6
944,944,insert,three___,___10379,9wNctm174txZLUfKMJyZuGSuyrnCnV2Oe7AwFGBEh45TvRaSyPXElxTT
944,944,insert,three___,___10380,8hlLKBNFcObeNQRV1UPbqVE9TCZeTgD9adIkJWNRYsm9rxeXv
944,944,insert,four____,___10381,idOylOjmY8bQjmvTjD4CASUnbVawGAzuRjRwfP7h1uNLDHfEO9u7CDmkhCibY
944,944,insert,one_____,___10382,H2e02XmmZfGnY8y1jpvTlVHzkMr0C6g5ZhE1NqMc
944,944,commit,,,

945,945,insert,four____,___10383,2XMuvNaFv7zMzj7Fe2jeV6DFbn8sFNCat
945,945,insert,zero____,___10384,OVklBD6Ht2RvrzxAsX4OKh71mAMaSx2MxDTQFKr8onhJlhJrrCRKYbKgOs
945,945,insert,zero____,___10385,nBzBm84Wxj4qhkku3iLcEv0mOBxSdHra
945,945,insert,two_____,___10386,WXyrBrgJKHoPzy47O4HbHIvWNxzxvvKa1AkVdqlt14YmoDjJAXsMcT
945,945,insert,one_____,___10387,6o28C7pGqrl0fQwtuqVpKIOyGqozrtdbB
945,945,insert,zero____,___10388,UpByC4hz231qXrmynTYAq19mzASDPShDv08Fl7N2hJTE3kYG8L
945,945,insert,four____,___10389,ddDXMqgeMKUZF1qKTitPLHGfGp51Ps6Y8eEM
945,945,insert,four____,___10390,ReKXeRqOFHjz90aek1A0MXbGN4s1mbDDU2N3DzisMNwSy2p
945,945,insert,zero____,___10391,zC3rPjDCw0uVLdCpwg5hTMXjcAmfDIdF
945,945,insert,four____,___10392,7Z7mBUeEAseJwjP7srVngrJP1sMmHOs3QrqE7WjcW436nscKoucwJK5
945,945,insert,one_____,___10393,6M3IrhWyR7aqNgRcyEhsHdjLMgAvmGYSyZfK8fXh5I2vV8NQHZDYnZKKgEkO
945,945,commit,,,

946,946,insert,three___,___10394,RwnNwOEsvRM10ULX5Dc9a212m5xPbHhjP4cpLPw3NxJE4vX0UvGew
946,946,insert,zero____,___10395,ViXBLYY8P2kjLIZS9mvw65yeo8LECX2yH7M3DZHwQPlxQ2B1CInFefTY
946,946,insert,four____,___10396,zYzCZVIyyfVVzmqfthD9VsYY16so03T3gVu
946,946,insert,two_____,___10397,EyYpzEe1xKut2RvpMdfzKqejHtsmPiumdyWnm0sq2QgMwhsKj2HylOfY85qfF5
946,946,insert,three___,___10398,O1lR6cFqa5OmLlvNlSlLyv4nRN6lyEovzhQeDZwNV
946,946,insert,four____,___10399,0Cv294fQKhWINmB4cTx05r4rpi4DzYp3sn6PwmCB9TrLVlBNq0oOHrUG1Ch
946,946,insert,zero____,___10400,BOdULsRjlyEsBKuBS9mr6zd8MFoVY1mkMEukZqiZ3eHcsB
946,946,insert,one_____,___10401,QkzpWaERulbszm7YV8A7whXl9Kfs2XGHOsWjrA18iVQfnauvltK
946,946,insert,zero____,___10402,I9LYFAf3oRxh8iOOfzFXLVLY2Kp2oHXsST28WuuuuQrbI1vGml
946,946,insert,two_____,___10403,lJGQ7HaPTlnkxhNg4861puHtNfoOV5EToTlZ3F0831EkQovLN
946,946,commit,,,

947,947,insert,three___,___10404,zmKwttuHu9WNMfM9xFdSUQwdIo81Djvwzmtz9hc4yocuFBD
947,947,insert,three___,___10405,cWX1DMqoPHvK8xg3HG978OmXMlKJsz0qg9kLewvvwhRAqYe4M5atvmPpN3gnv
947,947,insert,three___,___10406,0zBtSKRGZH8nrHyvvrUKnxIbMfnbY3lE1YzACk5
947,947,insert,two_____,___10407,lp207HLruWTvaXXMLcI4dX9D92FCZCF927Xui6bqIfDBJM7v
947,947,insert,three___,___10408,KoH3qJrSUS6eNv6tR5pn6bzG9C88sLDAFBY2JzQnUwRvU1DYP0IO
947,947,insert,four____,___10409,3fDBF1ZH7Rz3l8YdDUULy2c5YccurZ0CdM7Qnr8sJK6ZcBTKgje9Bg06c01Gv
947,947,insert,one_____,___10410,xoNV3wMYy6mIHYxTSlRNOE9vNCjgKNCOANtzu0mFS4JvOZGDbLMC
947,947,insert,four____,___10411,xyU5rs2JkPOQc5Gl2scn1zN1UMzgNbrx
947,947,insert,two_____,___10412,qFXY9T7JYFzlmesxMXM1Ae4FCPuHgKzNxVjEn55J476
947,947,insert,zero____,___10413,r4SCYBnr97pXPa272pf8eIPkWRXpob9OUIHeeokpYx1GlPMcWQCqhQ
947,947,commit,,,

948,948,insert,one_____,___10414,wx26wFofWWPnSXqOnmi5gZVmXrqMfggUp0mV
948,948,insert,four____,___10415,t3gpswYRlTySI1K06HUoTFreTrjgPvnB0CPIPyDsJIP6yq01CO
948,948,insert,one_____,___10416,0hY7O7MjwSSFjDWYoLaO5OaROpJS4nRkYmh6dipTzcihrbUjCF8RrhSNDAj
948,948,insert,two_____,___10417,qn59Q9DklEuCaEVGSdq5r0FNXastweMPXDoe
948,948,insert,three___,___10418,dPBeiG2M3akUtpkHbyE2QWiNl6MxPobe8MLeCMZPW
948,948,insert,zero____,___10419,z9unaw3fgEYLJH6B6sE98sX0yquq4xWGuB7ONBmktPH6A6a7VwhBuCqL8JERGNC
948,948,insert,four____,___10420,K9xd9CwQJE9xsWzJQWylACyUlig8g1pvU4cKxLBZ9KMzExMwaeZZb
948,948,insert,two_____,___10421,2d8x0ja1jHfeHN2JRXzn0KL1yDDdUuyY26Qy9xtVL5Mm
948,948,insert,zero____,___10422,OEQlGEXtrlKNcwNrPsrcKEniA6OCjTBhPaQ2t86K7QogSvI2
948,948,insert,zero____,___10423,yZVqschS34PZ2a90p9wwZnXl1dyKRIZjCVDSE
948,948,commit,,,

949,949,insert,four____,___10424,cZM5LeyCKf9LBmEjx8VP1GcizKVZ5K2rUei3C6LEfOLD4a0qcuwo
949,949,insert,two_____,___10425,o29wyNuBOaPu98pPNKh12DPeG8FBKoml4ec600NeEJE10zZXAs0y7SBexu81A
949,949,insert,one_____,___10426,6kafRBEMMxR1iUjSWPKKUPe9SpD96vo7iP78P72CIg
949,949,insert,two_____,___10427,QF7WNi25BxEFIYCVamyjzGFyPl1Etctedyc4
949,949,insert,two_____,___10428,1qHHlSHzbTnpo4Z8toXPL8Z9P4Qo7CMvJkpr4yTBJ7k568VpATeV
949,949,insert,one_____,___10429,loMaf4pXq2sakzmSphAZgS92fMRdQypxOxXRUKFDEbEVVl
949,949,insert,zero____,___10430,CCIF1O4yVLQVi3s1ShR3g1qq1v3LbpBqWGFnPHP4qzHeR7wuQF4G7uqyV
949,949,insert,two_____,___10431,092Kmx8ygLWbnluCJyEsN3zSu2DP0yzzoroRlYWUBCeiNGJMPs0nqhPMTvjV2mhE
949,949,insert,three___,___10432,eSl49pHpBYnD1hkf6dooPWtSrGtmtmSniBoJRZDijVl9yuJbpoX3WhJ6vXSd8A8
949,949,insert,one_____,___10433,lj3FCT9b7Ji2yC46ZbtuBTWDh0u3DKLFW0beRz3
949,949,commit,,,

950,950,insert,two_____,___10434,4Z55L8h0GE1L6UYeuEBXzayEQ2SpjwH34SP
950,950,insert,zero____,___10435,cNtMda16QCNTMoGnA8oKyo6y61wbfvXIOgLRrzwfaJRXdMSMWGsxHQV1Sb
950,950,insert,one_____,___10436,4qPsCzEjAvFI71tmgnDb8oQ7HjRXbybcyyqDkKMOjZVuO
950,950,insert,zero____,___10437,39mYmKf4Z4H4bUcAj75PqMbg5NOtI29qcVFVZAcKv
950,950,insert,zero____,___10438,0ykbp6u3LQeVANbSbjmCRJpuCjJsFughTArYhM1hCsxAP5e5
950,950,insert,three___,___10439,6VzA55bBUHrbVWk5TwxKzlQYDX748x1NPKRObvU46Ec02
950,950,insert,four____,___10440,pn8yROHeN46TVMGDriBqcRMuTCqUXghMcCdrW2sZoI5Dc7xglaagwLC2UD1zCX
950,950,insert,one_____,___10441,JLin6KKr9AhUqvI3AL9kw8pyeJijx9AbVk1rHHBT7gJcW65HuIMh
950,950,insert,two_____,___10442,dWYmdeOcfT7RCa8Oh5autdKGogQ8LSG5JGVF62genE
950,950,insert,two_____,___10443,rzvMAYq0WjqwXplKqv8e5n6yObd56QtUTuoUCd8REbGwjwubgIR2d9ARKhKjk
950,950,commit,,,

951,951,insert,four____,___10444,1dCiixOqUZo3V4ydgIalyCv9V15FViFjkVqKzCK2NnBiPgbrJgTqHJFK
951,951,insert,one_____,___10445,B7eIcXuVQcu5rXrYib7AtWhGvhirqG4KpIuFT1GTnq9lK
951,951,insert,three___,___10446,XVzDVZeCBYyzvrFNF1cGCt3VLMfn1xgOoxm
951,951,insert,four____,___10447,pXzpw8BLIveSQauQGyzwhcSf15orBHzwVizYFU3ZcMekfI97AYVVBl4pXwp
951,951,insert,four____,___10448,iTUFGChl1Hr2flqKC4Al5La344tF5csZtqJmp
951,951,insert,four____,___10449,sCeUTPRnmKOedHgbyU99sPNdvLVFi8X9G2k
951,951,insert,four____,___10450,TlG1hKuQJzaMjk7ywDxDrcEeS9PDrLIj7kez6l
951,951,insert,zero____,___10451,fK43NOFHoMMhTvSkJQh18r8nyCrOEkwlKrMd2z5HPn1nIxmQ
951,951,insert,one_____,___10452,JxMlJhlDWkdytkrXbS949SrDxu7Tlje6
951,951,insert,four____,___10453,MohfW1PzrXjAckimZi7Xb3o1ot80hMXak9ZnXxUb7siivFOfVMxgNE153C2tm5y
951,951,insert,three___,___10454,FjojvPiGtWIKZj635lOlnQywOlvOaFkmicT2RUETiUKEFUjwyxm
951,951,insert,two_____,___10455,WJueqffArfDYA3aKFwP8aQt3DPDYOKdVt5zKITs
951,951,commit,,,

952,952,insert,zero____,___10456,ILiIG2Kvg5ilkMgI7KjftzNmbUQEdDvOrAwqjbxIGhZRGEAXTdPV3qbma3
952,952,insert,three___,___10457,DE0oaXGqqZHBnlxJ8FVF3N3iumnB36aag5CcYctBB6VMlu
952,952,insert,zero____,___10458,KLoFnNPjqs3yoxEYHB3CHtktoFgGUFfG
952,952,insert,four____,___10459,10phuoVT0cmAmxXT6YJhAvdzyWJA1Tig3dkCR89GT5DytqfVed4btcMi6ixM1wH
952,952,insert,two_____,___10460,fLrEcg91eZHeavtZAwF6x2VS9F2RO7IyWq0nwSgmpv0buyPXghH
952,952,insert,four____,___10461,JulZm6comhaCM7M8kVNH3xpWSpT5lyzuvCCsb8iP
952,952,insert,two_____,___10462,VXuNKm5p3i6KcfJTusc4jVsKEkFsIoN9hmWIQZQPg4e1b927uJ
952,952,insert,one_____,___10463,yrn81VOjG1Hw6z3KWwXzovoQZU5KzYhIDkaGQmnbG
952,952,commit,,,

953,953,insert,one_____,___10464,rYI6g0NHMuVN4ULpr9HkLPifdkE2unN34SHUrBecAPxnmgvgToD0
953,953,insert,zero____,___10465,xU3721RxU9g8rss1ssWYUcX9GrReXr15JcqAV35ZZctLZiTl97DvUj6S
953,953,insert,zero____,___10466,4ZEtLro9fvKMRKZ1pfH3A4IML9gajCfnGSwOh1z
953,953,insert,one_____,___10467,e3Yg0ypqtrWT6eMfcpTALt3UFNrFJoUHyHUVr9qHNzLaWq
953,953,insert,two_____,___10468,lpF3rA4X7eCtLDpEvSgsa6NC1UProbJCD7Md5v
953,953,insert,two_____,___10469,FwaXvKu0dg9FhWPrgitykxgeB8N5MllKoj9UU6AwY357vJHPUDg3Ib2s
953,953,insert,three___,___10470,rOlYN6RXrnqnyKur36G7kdETdsFsOhDxMdn8F5w
953,953,insert,three___,___10471,c6LdIZPFPeIRzXwNC2nnOy8LZWKydenmepiy3xs97QBPo2
953,953,insert,three___,___10472,3gZ9RFM16FNhxZ8oBpUvR40Q344GeRktFaiiUjCtMktJz0S8
953,953,insert,four____,___10473,5XYhpRmx15SzxkQX3oyjm2t8KoBmMRMDizKGUYV4RnoTPw
953,953,commit,,,

954,954,insert,one_____,___10474,VNIuUKiDSkPCM0rDpfDX0jbQr4udM9SEX1
954,954,insert,zero____,___10475,vk42OteOzhYpUXyl8GlBXMJaS7jSfD9dNNEIZnLpeMP
954,954,insert,one_____,___10476,fGIJOTImhV7qepTmWwX8tz6wflYzDeuT
954,954,insert,four____,___10477,0c02dJSCkXrUfFwKoRL6ZNagLrQP98N74v06qFNwB9dbiU
954,954,insert,four____,___10478,tI6vLWUdWOV9oA5GrxGNdeVrXsdb9F0aBCNyXc4uFa
954,954,insert,one_____,___10479,NHSO9uURYH0Jg8pJe0Z5PA7TrwDZvTMKCiDRUeh3IfRQLa78U2t
954,954,insert,one_____,___10480,2MPU1jL69Kiog5g89rjh9vzF1lTWLMLrIgfqDsRCnkrDw1gVABGIvu06Q
954,954,insert,zero____,___10481,Gv0iGKAorYNDH7bT7LnuAfHO6wte0EEOiPBhKV8DE9xPaqGMQLqhrNKF
954,954,insert,two_____,___10482,QN39620Ud10JDnUU79DhDbvKS3YcO8HSgWLoXess2O5vJHm
954,954,insert,two_____,___10483,7Hw85w3ydqTPPGJFWIMeixRlxgcjCZ8uKc1Kj64ha6MzOLWmdy
954,954,commit,,,

955,955,insert,four____,___10484,STRIG4kpjWeNzBfkvKKBLL8BR2tkgPbUONXA4tp127ChQS9bYok6
955,955,insert,one_____,___10485,hiQOnVJJb8l8wDXW3zgbttlRQXqw7DT9gS4x2OIN9yi4oBGiJjjTGecYMMw77eMh
955,955,insert,four____,___10486,zrtPgVEDFO3nWIqqqfonMy716KyE78qEReCQuhxjHK
955,955,insert,three___,___10487,UE8D9LVvvDpXyZcZUTzqqYcQHmwa70NT6
955,955,insert,three___,___10488,wMUkmyMRCl5uLjdUCqxwsFUWGJ2mCgK6gevOn9g2aP91d1bp7
955,955,insert,three___,___10489,pwD52fPxtetGKkF1zvYDQy8qgLaCLi0V9APPc6KmosHyCKbOSnl46d8CC0ZIKmj
955,955,insert,three___,___10490,skxE2Z1ggGd8AeAJSmnbkTbpVYKV3SpIsaQ4XEmrvXMCbs8gdmOP8ILDWzYM8b3I
955,955,insert,three___,___10491,67ZdRWl2lry5zO9fjfXtBzC8RwnukGwCykgaDToPWyJAPNhoEIUOJVz3
955,955,insert,zero____,___10492,njrxsjvLY6HswR77GkZrjSMvP3NILgIxPwpok0q8XIltCU5ibSl
955,955,insert,one_____,___10493,Wjc9FOuru2p2TUxWIoMLwqxnE4tjDBXLxweSn1cHt0de
955,955,commit,,,

956,956,insert,one_____,___10494,8MRTbtceTmol9zrSjIo95XE2P5z8Ktoo
956,956,insert,four____,___10495,v1XQePYmVwgnNIvMMpiPBesvXvIVL2GOs9HaFxHrbAgnR
956,956,insert,three___,___10496,z6QQOQBLCIFeu97iGVd9PhZQWlZ9WiLrx0CggnawS4Cj
956,956,insert,four____,___10497,kOQAsfAJOuy7SqhKYl5vlvTZsY4smOqWLPFyKoPIPb8NyNRpb
956,956,insert,two_____,___10498,sSmmpLSyQq24YWD3oDh4iOPMYQg0cnrqS7Bg
956,956,insert,two_____,___10499,Ks6hUTRL5YCH72otNa7VDVLnlSvvZPBreGnrdcFqT
956,956,insert,one_____,___10500,7Pl9qoDdwJChJoFdDCwSvz1lNwxHzJfpQm5ZwmRsEzjf1
956,956,insert,one_____,___10501,yhpaWdVDtAfn1abwMgC081hfBKfNxswZiNsOPNyhZXOBD0jCOAw6OdY5TT
956,956,insert,two_____,___10502,FTuMdw7CtdgA3u4PgZU8BjHxq37GRusmXy2FADqbkcupvFnm
956,956,insert,three___,___10503,B2Aqobi0Eieq2W4IGFzgCkby9YTtDSefmJPrVrF2N0w9fETfUrAhh0
956,956,insert,three___,___10504,cQoGzEoGy6pvGPBwNGJmZZM8dcAqcSonD0q
956,956,insert,one_____,___10505,ibw2Y9fQIKHICYQUjVmu0JHLnOJ4kpdxQU6CxuxDTkme8ZzCOd9X81ARe
956,956,commit,,,

957,957,insert,four____,___10506,HOnQBz4JN94euoblVRWxKQ2ICsY7k3Sw4AE
957,957,insert,four____,___10507,a0r5sG0dURMYu41dgieCZ0B4Lze7XlO98FIRKL92GvKJMgyt8Azt0HXRwsTS
957,957,insert,four____,___10508,5I2zTOHltgdffPTtvNzewK2wh39mwpxeASA
957,957,insert,four____,___10509,I26NbTDNMyr43DWt06Py078T7wRQXnxbfGHobc6HE
957,957,insert,one_____,___10510,1cUEkDzJdLX5uWJTtPtZnw990jTsu6P2AZgQ46S
957,957,insert,four____,___10511,ihCS7v5AGWA4hqP8m60n957iswl32bp9
957,957,insert,zero____,___10512,KO5HCmEIU2WHEI9QV0w5lOENmmdUzPtzwTrTZNrAxKKkmqX2i7k5mT7y
957,957,insert,three___,___10513,2AlqFeuFYrI8qzz0BKlpYVNtbLKpCV1HdRVV
957,957,insert,one_____,___10514,DQB6SlInVTPvhybM1JLvSOqef6nqTCRq0YtdiKrWYS5EvbEV52VWvv
957,957,commit,,,

958,958,insert,three___,___10515,Cg4h7zfYf76Jg51OH1byu6lvQMVUkpXdhqQpZAXf9tfRMrqoLf
958,958,insert,one_____,___10516,oHEhYQ5X7MfPXw5jCFcD8568nYpSongprs2SG7FC0QhXGqD1p
958,958,insert,zero____,___10517,pmli4e12SqwlWhV7LOtRuEnuiSB0IpBydblj2A8eEstWXaq4D5FrIr4ogCPpfA
958,958,insert,two_____,___10518,XeAqO3MzmGrMTcYrC2WwaW7EUf4jLTygjou4RdH2VddModPcmqilZRfXBE
958,958,insert,one_____,___10519,JUj30tTMMdlmtyXDzmixAMYwNkxtEnrHy1vARZriyv12Vub
958,958,insert,two_____,___10520,fNQo1qDMdbdqIFBzQ039mCGIAMW9WI8ecniS
958,958,insert,four____,___10521,mxDwElFrKEisLzVlPLpAKCNAMzk2Wrwz7kFlBfNj8I6zREsV2K1
958,958,insert,three___,___10522,XsG7es7MQAA8NunxYTehaU1Qcg1FZiV1bf233D
958,958,commit,,,

959,959,insert,four____,___10523,rfKrnHQKf8kD3HDFHIwUd2vnAXFO3ruv9Rd6Z1jqy0vspZ9
959,959,insert,four____,___10524,BLG4w0WwyIUeIpajxCe6ltNcZ0WpKj9T0Hrh
959,959,insert,three___,___10525,CmZ1H7unSBZgMNJallCbvqqiyBF6twf33M1u4sQi3ole6GTXzAHk0
959,959,insert,three___,___10526,p1NhhnLr63R4GiSBIlEolgGDqs1G2mQ5XVRGG7
959,959,insert,zero____,___10527,BFKgLRqRPtWMlp5cNWIKG4sfHOmZ1Z33qlcqxuybkm3gy30UNRobk5tE
959,959,insert,two_____,___10528,ug1PcbzKkPbfnZrNTpW0g0mLQ79PO8tU7fxEUlo0yxF81KsBolmWEAwfy
959,959,insert,one_____,___10529,pRnnuCVvoBiUVQS5sox9wvOxxOosn2RceOPSMzZwH0m0lKgzkkM9qQsono55Beu
959,959,insert,two_____,___10530,cVu9n0LeRd3vxVUdUoPmEyzQ2V3BnFsSkRTBR2yYZ2EcBO8YXPm8Ajqi1Ekh
959,959,insert,two_____,___10531,UvjdY9T0rIdtcELF2gmmzcu8cMKUViLyUnAsqd
959,959,commit,,,

960,960,insert,four____,___10532,SniOuj5mtnbLQEfKPazcGGhupq2GXD2XN3ySK
960,960,insert,one_____,___10533,KQi1jBShjpkE0rdgA9rfaWJkmNvmQmgdiqY5l8yaWbbQgLIVAV0wsvkJ
960,960,insert,two_____,___10534,wtQe0nWPuebYCDU40Y8r8k1ggc9HPLwACDD17oOHQtL40rune9
960,960,insert,one_____,___10535,IeswKFqnSDMIBoAJwnxsj2a2QMglG8JOIeQGjAr3iG8KSKSwRRfRl
960,960,insert,zero____,___10536,vFcrqFlUgvPRI0kjQp4yAuKTstj16hqmaXPVH
960,960,insert,two_____,___10537,XJnJ6ncBaahnAq8c3NVWTu5kntAdBZXN8oVRjzVAUinMJ4nGFa2M
960,960,insert,four____,___10538,tyIfxDbG5LNoNcb53fveN28Q5Hikbz459ZBKp56w2P2EsiHsJvFjhZ6JWL
960,960,insert,four____,___10539,vFd8TEoe7iSkdRqISCXPeM54vT7bfCutrzCFUcdZmNUNQn
960,960,insert,three___,___10540,XF8Br3sSZcKVCsXp7C8xaiXBoadO5RM2
960,960,insert,zero____,___10541,TyMq1TNTPV3p1s1BoTegLOMFMpFTST94coQ
960,960,commit,,,

961,961,insert,one_____,___10542,lYvkSC7i0gM4KmCLEKyFdd8xolkbFVGWCxKHL2Ol
961,961,insert,two_____,___10543,4v4BFtLSlm8fv6aV04sfCayBH6AvdZB85l8PoxWRlDrO0KQ8CvHfgp1dPRGG1sK
961,961,insert,one_____,___10544,v4SwGatpotbPgC22jZVUEzY0S1oiViAwXBJzCYbyx1P60ZCg
961,961,insert,two_____,___10545,yhu2Wk1SURNAK8V64qITCjRPx6oQpe23mcUnkB2J0iwRMAGPIHR
961,961,insert,three___,___10546,U8bo8vjOYZo3yiU4f3XfH8phIFjO2o4Kq6yHi2P5Dw8RPvF5dpaZXLuzk9K3Y
961,961,insert,one_____,___10547,ggjcLwn5RV0zAljnS96JADn39hbb0sodeJ4
961,961,insert,zero____,___10548,4RXJswDqDC4m86HQHoy1Jzk0PBIGMOowTv5dv
961,961,insert,one_____,___10549,qRvWNQTWxObcTQWkvgWHTmDfFq7OoSMZ8XFLFNeB5I1
961,961,insert,four____,___10550,3fFf5YGXhzFf0CXjqk57NwBbo2QB25kBN0TRYp8PQ85zP97E3ZLUq5enIuGGyUfT
961,961,insert,three___,___10551,txZsW6cCVCiar4a507OYXy7TFZk5Cu4pX8caVugoNqDP8HaXmdNOEkjVJECg
961,961,commit,,,

962,962,insert,three___,___10552,TlbKGFN0NXfuZH3qRurm8unfkzX55acNHlXdVIea6c58c
962,962,insert,zero____,___10553,JWBTQE5hnQXVk27QMD5gg5VyU3V0ktwi
962,962,insert,four____,___10554,X32SzRFPEcD4CNGY4vc7lRlIbx2FcwHoTLQwe7QX
962,962,insert,zero____,___10555,JWIYvuzJQCqu8uyoX5TMJenYaM39rDBdFKe8L5sA8tRB52NZkGKr
962,962,insert,two_____,___10556,Ku3IykqwECI92uhBzpeHImrTHkf8yeZnZtzrqH
962,962,insert,three___,___10557,71pC1RQNmdehln5Q9WDCN3I4Cn8SjsWzyEI2PgbBmfOW57zAQvingB7twer
962,962,insert,one_____,___10558,GZml95XXAqIECTNmuopfgWdw7lGvcRpwPujVCkNqQf4wj6NHNBIi
962,962,insert,three___,___10559,ERK7MbfUNUAPRIiTyK04W1Vp4h1nF8pg52pVPNV
962,962,insert,zero____,___10560,bE640JoAnECN8EU54MxqnpSg4YH7DiUn3UsyrHfmag3DRCLV5vgtsdqTyanQ7
962,962,insert,zero____,___10561,C9WxGrN4F1tFjpK21N9Eh4P7fVnqFR8c5eEKfOfMLAk2cZ0
962,962,commit,,,

963,963,insert,two_____,___10562,hnyziFLdi0j4xqEhpauOmFZM43KCSh6AB8avPvPVjAgfPwt6g0CYSoAbAdqpSG
963,963,insert,two_____,___10563,I2HwyxXFa1mmoD31o6YKJIXo9nsqcQ9P0jdjdx4P055WLeuePQgQ7Zm28
963,963,insert,zero____,___10564,4YOdzflI4WlKUeyLsbozj0GrFS9Gsw9GTz5eHeH
963,963,insert,zero____,___10565,g4Zn00TISvdLLTERIK39vp65FjB1iHElK2YrOjTo7p3J
963,963,insert,one_____,___10566,DE7bwmxQcAScRHHOol5dTL4M25GqnmrKG6RzfKOLxeHiafFFo4O
963,963,insert,zero____,___10567,QGx7xRsiSSvhLZq8y15EHWHarJhO7otlyX50Cjxb0dtoT1qjgI3tUBV9N2uhqyc
963,963,insert,three___,___10568,ETOwPNJNO8dHHppquEO2NXwCehH9dAUXxTLObVfNcdzXjuuLKTbMqfIv6
963,963,insert,zero____,___10569,YZtnbQjFFqvGuStDFqEsRd9uIGXwQrbc8rTLnR7ZCk3S
963,963,insert,zero____,___10570,FMp1rdzhR251852DXrWcvqEsbKLftL7VQgvS
963,963,insert,four____,___10571,aBJPau1XlNaDURDuSLJN38EwGrPgmhL29rDCzwsfxreuRemF
963,963,insert,zero____,___10572,pSo7ExmCAwRgm0vxwJgcPK5176T3uNJc6Y8APeB6ZN6i9if
963,963,commit,,,

964,964,insert,one_____,___10573,I3czMQBFA7Bp1AFuvt3zA7cn9z0TLRHFgGslsHdzbf
964,964,insert,three___,___10574,WllF4Cf01VkJFPHP0sdLt6psbaqYoHbO7
964,964,insert,two_____,___10575,nwg4Qq1iOyEpWwXkeBAW1YebW8QNbeLhx5gOCcsgvkefbgLHRXPTG2hhZg7MGc
964,964,insert,zero____,___10576,GVcVaYhVeSHjAYBGwuA1XsRXdhIb7sTYDi9YzylMFGVhb
964,964,insert,two_____,___10577,le5LPYM5F14ObxttK81kpaR59XRlsy3zIegZNfkzHCCxOC
964,964,insert,two_____,___10578,sS8izpiKIAbpSMJoAiffTCUiQvLdxObSMawpwlt
964,964,insert,two_____,___10579,kwW9SgJweqI9VFYPcYxmhBA4ujILEIxAnyK
964,964,insert,four____,___10580,hb1LjyHHNpVjZFUqBqTawTkOrwnNl1hC2mFY6PlaVP
964,964,insert,one_____,___10581,W2AfpXi5JQlvtpRbV4mY2zsl1tvsazCMEGZcF0xQ5EJf7RwxxdhUZd8ND
964,964,insert,three___,___10582,1ywWwbHNW9tbQuvmf0IxMIKm2S6pnCcRSxKozsHyvCJuyoIhTfgXz
964,964,insert,two_____,___10583,cmoOHVhg64H6uLUtqVs9VOLJU39x0yZFBU3i8oyYD2fHeEYHeasBynyaBeV7izzv
964,964,commit,,,

965,965,insert,two_____,___10584,VqMgGZh5UXtiZjguZKnDQcp6qlKuNRk8hmICSkKMOR
965,965,insert,one_____,___10585,k99PgJ0tGvg5YJTudIaZ2SOtg17vJ5UAS8Rheupz8QR
965,965,insert,zero____,___10586,lC0oSbF88Izw4NHROSRpxxTbwRJ06LfSpj9FWRUm5FDUZkU8eN5
965,965,insert,one_____,___10587,BYrZmgBSMzqZ3ybSJqSfJZLtkvSCPKKCX
965,965,insert,zero____,___10588,LDg4MOinJxYZfZig59LvRH2eU70UQE1urxyQuPafy44lCIjEuYEw
965,965,insert,two_____,___10589,oP56McL186IF3Mf4dje8SA58DJtz3se8eK0GI3fpunA73wUQFZGBwrncGtKG
965,965,insert,zero____,___10590,nmm6vcdNwHtYwuWXPtZpt1s5srYzvH9EcmycoaFY7CCeLD
965,965,insert,two_____,___10591,rrUh6dV6ix69i1LmtX2McMzs1o1OLnTNaPtHIWBccMJpoLuIDfUYfM2kbqUhVd
965,965,insert,three___,___10592,XB7giy0KNRn6U9bYrllSOZlBZRpmymxSnxAv
965,965,insert,two_____,___10593,75EcikNU2bhIPUMMfY6pmGjub1HoBNuv2
965,965,insert,zero____,___10594,JL8VZxUacKvGtVvDMsLz05RSSnI4yGLmvZIbNBvVvx99H141XOqxhePnxuzOyMe1
965,965,insert,zero____,___10595,1JstW6LjyyrlEBlWv6gPG2W1KcFn46ICf0Yo4UFNZHdW0ksvVRHB88WRknP
965,965,commit,,,

966,966,insert,four____,___10596,yFvJkJhKX7gHzaTZaS5hd2rOH68A7qTbJpSAD5RVe
966,966,insert,zero____,___10597,Mki9KYGee1erASnrPeW3afyPncJ7ittAlz0V7rlgA3hoQT5L6dIT1zGJOgy8ujag
966,966,insert,one_____,___10598,dYa4gneFiKWbFvlt8GsBMHGRLa2a4ukT9zRFFtdUhUjqlQJAwPCY
966,966,insert,one_____,___10599,9qT9DPAyy7e6hNFcPKeBstEOZMqCQ4bAmLo
966,966,insert,zero____,___10600,N0fEac4mwVzqh8LLh7NeIiRWuDLKXFWHsO33cVmg4jcjs2TF76
966,966,insert,zero____,___10601,1dHa1gk7vnPRMq6UM2gcomYNI3vaz4zAeQimrQFqEhuMBpuF8q
966,966,insert,two_____,___10602,UmklcsYP48ZdRBbpQZWrgcVwBMLYBR6JGHnqB41D5cxkrZsImx9qt9CH
966,966,insert,three___,___10603,UGD043jGMjANX1m1AT4ILbUjQCG4H3WMxRm1StbtIid4
966,966,insert,zero____,___10604,V8LyKEnfG04aMHPgtgTzRirQRSUQrrqI16WKhW6Yuk8YO49NorkJQy
966,966,insert,one_____,___10605,5z7jeDeBcajscsABz8ZTj1QwOAClAcJ2C
966,966,commit,,,

967,967,insert,two_____,___10606,7i7HRlM5HfGsWKmpraZSV08Yvin92KR9BqcbK156XSnAV3dmSV0woPuqiXa
967,967,insert,two_____,___10607,9gl0eEPolSHZxmHcpWORqs2MGRFXCPGhDCXTFaYANbPmKGwtZ9uvQNj3b38Jydw9
967,967,insert,four____,___10608,SnxhfQHqDys8qhyoKZ26odgYcPYMg57wxSyeOBOWH5flvPGeBqe7QYi
967,967,insert,two_____,___10609,DftAtzwRjRqUOgGvGRwA0I8gGv7LaKrOuA5KUuqH0Q73fJPIPH
967,967,insert,two_____,___10610,FQIIHJBHCOINdhawOpi6VCVzCa8OSVN4GbYHTHkMvq
967,967,insert,three___,___10611,gMVCNsG31mF72n5yg9OULmY0S8OuoWtnmnukGbN00ancn8fFLaw1ePkVR
967,967,insert,zero____,___10612,y5Y75WSSGigUvNUvQmiIc5P1J0vdl4FuOpXRyZPDT0vxF7BS
967,967,insert,two_____,___10613,nnnPtO0CeMk1sLbripeMxhWRlrZXiicRXYZfGRJfY
967,967,insert,two_____,___10614,0X2iJBzZlBu5id5x59eZjLkUTx0grej5pd8u
967,967,insert,two_____,___10615,QpQu4Dt46jmIdif7arZIkJOsnomNiemej
967,967,commit,,,

968,968,insert,three___,___10616,HI7MhEXHpIw9RZeljp7MTv9MTvJTxgWLCE9IhC1WcNdKaIQeJmiM
968,968,insert,two_____,___10617,5xCnbAw8k4Jbb54F12GpVgV9GxjJyDGrepSP4160n1Xe23sjuWNtPonGB
968,968,insert,two_____,___10618,cEmE74D2IDyj1CY0iEsvZVQFhidgwhryZ
968,968,insert,four____,___10619,rZojMnpS8xfDyca5s3Kl5xJ9QrfRBgNihg
968,968,insert,three___,___10620,T4JtRPgbdkP0KSMHen30L9wDPiFsjeoxhIhy1wz
968,968,insert,four____,___10621,SVXvdZLYGYrDB7pmElrnXkD22YLN9fh9bpfFDARKhI0SaN3eMcLSfVT
968,968,insert,four____,___10622,NWocxk58dBWHqX01AcP0Joi5Vw5YWC8NkiK7wkCiavdCzDSrKsdqQ30gi8jE
968,968,insert,three___,___10623,Be03vlyqwvDP7bohBp9ErThghhvIy0GlUjfEm
968,968,insert,two_____,___10624,6bVBMSEltK1mqnoXES7FyJLox9GziOLFTohEZKGPPvqs5PHRQ
968,968,insert,one_____,___10625,eUzr0BOJnbTsuPsX7MnKifEeDxWLBZp8RY
968,968,insert,zero____,___10626,484RtJLyurUitRaUokSKB2eXmMADgKQdto11hFuqwrn7Ho4GVes0LS
968,968,commit,,,

969,969,insert,four____,___10627,WcxUB66YDGu53sbuk5w0OZoOmQsteckyx8v8pS3b
969,969,insert,one_____,___10628,azPA5VCwXhkIrzp6hVoVzblsNRXY8EO4kMIA3FlrNvuuCtIJCd
969,969,insert,zero____,___10629,Ct0IVjE7VwqXWvKiPbfrALytJZQ4mLG0
969,969,insert,zero____,___10630,bpQEZTUVCAklyAA62LiIbr8nnA7pnz6NkKiHbRRDy83hCoG0sSYCq
969,969,insert,zero____,___10631,WUg8iKcrLOIfYXAsAwDGZq504IdKGRMYNDQ1ArflnRQBVj6236ofnpPP
969,969,insert,three___,___10632,EKnc0Jk1FfaC5prSmpUfJO4oppCEDNPnw79s8yR8sRf4iRY00nwILrBiC2OX
969,969,insert,three___,___10633,pEclu0BWL2RSOGdsnn7ScjrpYYsnKDYngpGeuhgkNjSblD21zclzj
969,969,insert,two_____,___10634,WfapcsELLMhFSDR8KGFna5GC79pixE7FE3svtxJi7fgPJ
969,969,insert,one_____,___10635,IXqPoKQYFNSTnIGfuZ5wfq9yrwzpQpHQtPZA43Q2metVuaDVjA6ANx1sv7
969,969,insert,four____,___10636,9XnO89kC2eK3AES2PQDYwRpvCgHUPDHGRsH1WVdgEYr
969,969,insert,one_____,___10637,JOt6wSRqUIuSYZoYrZiwhAsvNpcGxXrGrDYAldwQPfYy3I4N
969,969,insert,three___,___10638,AT9maCnL0tgGyuXPsCLXfHDgf1AK2Z1mkClDwrd0aZQTtmOP67
969,969,commit,,,

970,970,insert,three___,___10639,LtehSjXKsR92QY8vScuKnbvsBgRGhCnG46r6Aak
970,970,insert,zero____,___10640,pV5GCDYMUQ26Luq2w4JQaxALoSZbTG0vvocIW
970,970,insert,three___,___10641,wJrDqtIciUcZ994xw121Af25Hiz03gbCsR
970,970,insert,one_____,___10642,nl8hd8vIi4fHQecn4sFZHoEVew9zLT2OiqcfPXrj3r2tcB9MK8FGdSfyqt
970,970,insert,one_____,___10643,SEekBl19y7ittD2wM0v0nkbTldTcvB91htW3MECLckrrXOzjm
970,970,insert,two_____,___10644,BEUb6s89PBVLR0wihlu8FtVdfQsgH0dNpiTuY6QFDwk
970,970,insert,one_____,___10645,TNTmOVhYJmcGbmFzGehjCDEfcQp0XAbvJDJxNjxStO94WHgWP
970,970,insert,zero____,___10646,BITXhqH8RsBIx7VvzL7l60FAk86GEcuZ9Goo3BSzCOf36X
970,970,commit,,,

971,971,insert,one_____,___10647,E1xOIY7tSeFDP8bwmkNC3WfSnMCKwKuk2N3p
971,971,insert,three___,___10648,ptso2Pm08EViPM8O9XRU2Lz0ESgB4M5SHIKNqGY9oFV1jtL2r9PYN
971,971,insert,two_____,___10649,wWWzk7TE9Lb2tfeSXqRaWxJVS5GgHpR1WcZtUY2
971,971,insert,four____,___10650,ekj3mxIto4EPiBdjaJATzyxOFoYlyo33r5HeL2S42fI31JjQ2DYFh09kI6cz
971,971,insert,two_____,___10651,nyUxo6XN4h2fE0pSyOI1ZJxnK7jKzlMuJpioAev
971,971,insert,one_____,___10652,klvF7ser2FndvVGNT76ovdHzTlJGjm5xT6gg4jFu2Boi0Gu
971,971,insert,one_____,___10653,P4Z8x0x0qwf98uWNWDGoyJpviLeHNkAiJfhiRRocI5Y9j26MFlV3
971,971,insert,one_____,___10654,U1ju5dYKrJP1iPsEdOIZ6ECUneh11d33y1maSSrpGQLrhjckYcEFE2q4Z
971,971,commit,,,

972,972,insert,two_____,___10655,24FeLuG6TAC8f24RrsqhrgdtjLh80QIIE71
972,972,insert,four____,___10656,AR8Dv2NYxRJrtdmmdY9XhKGH0diHNIZetd8x8
972,972,insert,one_____,___10657,M5FkniFfF5W2ZEP9ezqH5bgD9yGcDgGuu68JDyhvI8YhTQUw1en4AR
972,972,insert,three___,___10658,srWWe2DSU2unKodkyL0aTuGyTTM0ifYRVBp8oD2usT04SwFL5qbWlDZoSF
972,972,insert,zero____,___10659,SZoS67uYNDN2ezfUvISOCIdXgEfAGDG9VGcwsEjHLRtvTuLW
972,972,insert,one_____,___10660,Qe95Uvdyy1qTbtI8IL0Cy2TpiNNLFGOxTRiJS183hIGe3CW8V8WOfVcnJ
972,972,insert,three___,___10661,X28l92WYXX6VeIfkUcDlhajFEdvviTFKRIGVMroZxU
972,972,insert,one_____,___10662,s4Jrv23lKeAxazOfDORGNK1bD56N1wRITOXyALxD
972,972,insert,three___,___10663,jpbdfWeB3PuhCOzY7Hlq0rwCf3fqr2wtjYRbh0HNccWA1zP9w1ju0wGbB
972,972,insert,zero____,___10664,c9cMYoehjfbSsbex9tOLhA26v6B7VTNIPoN6vgeT0
972,972,insert,three___,___10665,oLy9ZFZo3XTrrZmUX2bd3kTQIiDBQbWipFirLP24ohew7WMScZ1uLCkolE
972,972,commit,,,

973,973,insert,three___,___10666,oypLRp7JZeFPBis6N3sPaiDLXAx4FD4fw8Kbm11uPeg90CH9N5zD8gVXg
973,973,insert,two_____,___10667,8oxkX4CxaHlhAYdqsc8uC1ENbv4j9JiPQdNwpIBxumJCAnOKn2ucDjRj
973,973,insert,four____,___10668,7czC4ManFFoAJ5My7sZmaAL18nLbURByDsM1ygat9BPY7oq64XaGLT5iPiIRz4rb
973,973,insert,two_____,___10669,GHzSpRV8FWs6wDMUit3pi6ETbAZrUxUtT3YO1YfJHsVAemy
973,973,insert,three___,___10670,sAsqbAzDTBqWkkO9sHawn6Knrw9k2eMHo2d4IGrZhl5BaXdSPXO6
973,973,insert,one_____,___10671,RInwL442WdP1YUC2ZOvqmW2N3IcgSvBQltDMllCoAy3bQBik5WuELry
973,973,insert,one_____,___10672,Z4aMkV1G9WNIBeNtPRmQKOcbdhqfTl2rwF9PEzbNbPaNvd60RAtND4yFzmDn5fP
973,973,insert,two_____,___10673,0rY4oH2ya1KyJiTOTMduoyX9gcSmkZCt
973,973,insert,zero____,___10674,8NLNK3BXDBxS4fhNzJ9Bef2BgSfNSLIKjBvUbJ
973,973,commit,,,

974,974,insert,four____,___10675,hSC6rUar4GdqHIL2AjEsUKU5vLnlsb6ZA2CTjTCC3zu1A3sfKuej9pd7bMCGX3Sq
974,974,insert,two_____,___10676,PQaWmTNFMEa5JqHv5MWnMg18Z5UwaEkrkFCzn768zfbn4
974,974,insert,one_____,___10677,E9As6FGw8E1V3PPhepqhZqRVauG7Tfdt4fyYeplJpM6sKiNHMJSsbnc4oU298oST
974,974,insert,three___,___10678,czgAQdIDtEUkDeqzuktxO3c3giUPncY11VsNT8dcMq6bVOiI
974,974,insert,zero____,___10679,GbjozWCnrgHBysT26zWOpwnwkO0vN1wakUZ6DtItgAtL9lstMIVfx7HlsH3M
974,974,insert,three___,___10680,buzsDbtRhfQJICfHtzZlrcRN7BW6fJS1AiRYO9
974,974,insert,one_____,___10681,gSAAK3zVcNb1URRWIQISHQD0o2PjjMVv4nVV
974,974,insert,three___,___10682,NcorrjUIJKFSNt3c5yI8GGhNAd8Wnd7ztkvLpv7iD69R3NF
974,974,insert,three___,___10683,7PVnMYXLyqeMMN8AFelOjm6HYEZXdZz5m3a1coufx30ghpt4YZ
974,974,insert,zero____,___10684,QhXJpzwQkpvF75lE2YLeExFeiDduvI56FKU5gSK2SIsgwYMwyCtx03
974,974,commit,,,

975,975,insert,four____,___10685,yxlRmgSs02MxfbzKaPxwMAXxnDvryJsno
975,975,insert,three___,___10686,T4hoT5rynZA06sYibr8E07rIvZueh4ycz8rnCYmhD0d1ZHU85wYei17ODu
975,975,insert,one_____,___10687,zj6KrnwHya0ldCdUwqGZktDRbBt3x4yXCNA4EbnsgcJZ7EZE6RbhwuDpCe
975,975,insert,four____,___10688,Mgd3iuknddA6x8yP5IWZexZCoWkjBraHyFug0c4BSdUQxDzrJ7fNJe1WjN0JLZK2
975,975,insert,one_____,___10689,8LO82xESQOIuS6O4IqvSQZVWcXCq6z3kBF7L15hXvu7vDqqCwxpDYEkRUtnzPT3A
975,975,insert,two_____,___10690,RqvoI0mfTa5fVvnsqxmbhyqXZZUXhsQgYng9F0lKkw424fGbOBPE
975,975,insert,one_____,___10691,cRkN8jDTy15yzMoEoRsSjToepZSg6bD39pNH0wlicwcQNcCdo5YhlkQsvEFvA
975,975,insert,four____,___10692,G8qXeJZQYZFa1wJFmYqESYIuZaUaFEqW8
975,975,insert,four____,___10693,AneO9avN2sqqJjCRg57HOcvX8c3GfyB5wtbHDbYqRQ5XSesxeQ8Wfv3JAxj
975,975,commit,,,

976,976,insert,four____,___10694,YcV7jlpN9fGVlxm2Ex3TCF9j6mnzuVQgByDl1gUEOFjIa70E5pOlI25
976,976,insert,three___,___10695,H1KDdUWfVFr4jRCBirLmpxWo6gR5Tc03wz8IMiAUxlH1aQNJDPQdZZmh
976,976,insert,two_____,___10696,Vi7UxROt6ifkzsFSooUObBHisAudttTMcu6T0MqNPdeZuTLtzxzVpfO6gBib
976,976,insert,zero____,___10697,O63exlCaQW3Q9dV7fIRl4P52oeV2qvQ6zET2ESFAHrQ
976,976,insert,two_____,___10698,kNwBvgHqfwW4Fq0bMZqTwBZfGbHVhgy9y25oPb6WF1
976,976,insert,one_____,___10699,Omkl8JRlEEnX9g711YzuYpXht5q9LWWi0m8Ptasv4R9I06scT44Wl4GTXGtxB
976,976,insert,two_____,___10700,gg9Y9QY9GCuN8pV9aAzJNTqlH4cyZA8maS5hEBM89P7a109FbMCWoiYIa3dC
976,976,insert,two_____,___10701,wat38bCvPFTyXFOZs5wDweh54LVUexxUL66xTsqo7xgY2TPKC0zQu5WldMlt
976,976,insert,zero____,___10702,lzWbJK8zOy96DOA00Tgj3P07BNggCQlmkYYZOJ
976,976,insert,two_____,___10703,3cBQb4VmWwTjDoqyImmt2uUlUa1ZQyGoupdTelqM0IReH5YwDn7E4cJzBIfBc6u
976,976,insert,three___,___10704,siYl6MTiWV6SZYcxIbovWizvOuMYum4rvLk
976,976,insert,two_____,___10705,RZDO3BXkPJiF986UqMqM96qXzDSt7GPrPxC0GGB
976,976,commit,,,

977,977,insert,one_____,___10706,UgmnIiaQJ5qiGwFPilZMlUi21r5nx7z63JP59ltVitGoehb
977,977,insert,zero____,___10707,pzUGoCUEBi6OOSLI86lxYb9ve2z8LH3FEWtxttT
977,977,insert,one_____,___10708,qzYQQnCSvW7RT3idCPg1NPINFnV1h4MSXEococLDnQ5nJsALf
977,977,insert,zero____,___10709,WdnntD88RWsxlt5jUwl8Jjw6KMMsUKLTA4jR8woCjh
977,977,insert,zero____,___10710,qfmB4cSN1yJAbVJLYeAjCl3U9aXNHGyTSYUsODhUj9qW3
977,977,insert,zero____,___10711,q8KlMFbR911Rwh0PPQqZNN3ttfjhaRFU7IUa37lFX
977,977,insert,zero____,___10712,TqVuy2vaF8CBcyMXJlpod1RAoegVzSRWyUHOcTVzqfbIy
977,977,insert,four____,___10713,mZAzxj6EyiRBpXbRLtIajVyp8oXBpldhLTIjPKeaalxBOkHqupHqpPSyoKrz
977,977,commit,,,

978,978,insert,three___,___10714,tGZphjf8w6SEa8ZhCNmehOtIjHr1GiUHcSkHuMWj98MtO99RpQrvWnFCiNx
978,978,insert,four____,___10715,d9Y4Y1CTOUA6brSPsz4o1dDI34jv8j3rWvFXIPIT
978,978,insert,one_____,___10716,tMYDGhjUKM7IWt0H1uj8XgeZuoBkcqYR0FGdcqg97E0AcbJdW9
978,978,insert,three___,___10717,yVpY1cVAcCeDYLLEhxaTG1GeJ7sXbDpF1CNbRopa4BPEmwEQcvi4Hg
978,978,insert,zero____,___10718,Mb2Tcy6AUVQ3CDakam7OGYuMM8XJK7N7Z3AvN0BttiP0qY6dZ9LqFD3KN6fElba
978,978,insert,four____,___10719,qL9Dun0c7EfykcjZVPaFXDjLKubnAbkoa9BjT9V
978,978,insert,four____,___10720,UKLbrzf6ZwNh9j1BbUdDpgNCiQbdVtAl9SlWCDqRqm8Pvs4J
978,978,insert,zero____,___10721,FfKenPWbCt9pxMDsW48s45cLCwTlqYizGIUerjQilRnmkQdgVK9ma197xSPI01
978,978,insert,four____,___10722,KAHw3jQYNWddPr43Kk6zA4XcSFgqqV1Hkv6hF03y4ms
978,978,insert,three___,___10723,081RSNtoY709i84A7qadciNqVJoxoA7ewBN4srggnwT5Vt4zHYujSW
978,978,insert,three___,___10724,iGoiwAAJAPOS8dFPLq31R0E7eFkpee0JddouoX3fzk
978,978,commit,,,

979,979,insert,one_____,___10725,ot8bNgdJFyBDipMQlBDtgfyHLZ5Bd6lHQY
979,979,insert,four____,___10726,JwgZbfL1SbCIe37Ynvp81ZUVwxasY9miS8wt
979,979,insert,zero____,___10727,fXjPeBaXFBU21qbDrUppeHrWkSInevdsx9KBAvZcULtozI62C
979,979,insert,three___,___10728,NGltHszLa1RV747PsfO1rLnARU80Z2GLQ8
979,979,insert,one_____,___10729,MKvtdVdaTNKQt0q9f2Z4W6zg9cEkSXXNqQcMVrBIcI0GzKNaaXbgD
979,979,insert,one_____,___10730,AXwTvLOSw5U176rsquGQnFG6hpXFShRHTsyqc
979,979,insert,four____,___10731,QxJvbk3hQQTYA9Q9gzxFZVmpM3lN8Omaz
979,979,insert,four____,___10732,W4S2uYJ5PavadxMzRZJPXZV1lCejwtdYYPtS6AZOToMKTqDnTH9Jjii3Zq1
979,979,insert,three___,___10733,BF74OP6AHA1Wzj71nczjVaEjfsEePTR2IpElRFq9uZmQj4vbf3clUkSohU
979,979,commit,,,

980,980,insert,four____,___10734,pckbgJADnuAHPNIpyQ47h4yQHXKnX4zJg74rWVP
980,980,insert,one_____,___10735,oB21EmWSKdDfq9S7mNuiH6BVJAH0N5qup3fGM9kT6poOZCCTvndvbNvLr0iupr
980,980,insert,two_____,___10736,cK11ddXY5Jc7MseX152wVlM0V4lyn1mbqbeYWuW8WZj0yOOLwJRKpB
980,980,insert,two_____,___10737,Z6XlAk59wTvVRhDh2vytvqwrLpQFP4ZwKVxXDEEAKJ4wI6gjbLJHkEK3mpX
980,980,insert,two_____,___10738,bfKtK2mLmE4sIqctpIjlHK1LmoxhPJuo7Sox19olLus2VWiaXDktxg
980,980,insert,four____,___10739,l3e1w7KQOoO97TEPkUnbv79xcOnxmOGoPlhrv5K
980,980,insert,two_____,___10740,89siyzyRd2LxMCGf3PzKNxUVYhQUN9xXyMMtGd0vL7jAsB8FA
980,980,insert,one_____,___10741,7AecHmilCTupiqE2E693R5UfH9nReLGPFfGRsF3XID10tfaP3MFO6TNhO
980,980,insert,three___,___10742,DtGIBd2OsMbC18wbjgKDrux7ZFHCWedipG0pODTBAk29DN2sySYcrIl
980,980,insert,one_____,___10743,JCDRagm5QhQH9SQWDYPqoZhsWExA9AsQknNBOEVJI3j4WgzSCtZ9LkIrmF0OW
980,980,commit,,,

981,981,insert,zero____,___10744,jYRKpNCgtV6c59HEtulrHU0Tt8VCebqXw5grIc4GBRQCpNIxnMKsDWDzOnoJFmD
981,981,insert,one_____,___10745,hNcNrdz5hDv6ITzKZTXMaglyq1cFhWbL
981,981,insert,zero____,___10746,HJ2Jhf6TYDVXJQav0B7Df7KsdhFJgLkYGvBw
981,981,insert,one_____,___10747,pW3d2ZmrihTUPRkJeDb7HuZpsagR1ai8SIyrqGo
981,981,insert,zero____,___10748,EObXIEEKyXbptGH9b3V2D1EHiWYgqMbvDa00E7QiZNya1
981,981,insert,four____,___10749,hblc1a6ufwbiMmiHmPXlIHlp4PX9T5QYrzvXtQ095UHPivnAfNIDv2F
981,981,insert,four____,___10750,VxYqwdiiGuXO8elhFaIFsw5VwWPbDoon1S9RJ5NaRGXejuVqIiYbu1yB25
981,981,insert,three___,___10751,OjfygWSWF7kxF25dfDAqPHH50ZeCX47xG
981,981,commit,,,

982,982,insert,zero____,___10752,6EjH5AZrFDSnAfeCDnvJCA14jfFJLQweHSWvffQ3zfJeQ
982,982,insert,two_____,___10753,BNw0EVKQXwO0ae6ej7KRmKZRTUCVs3OT
982,982,insert,three___,___10754,EF30pPxk1YCacgctIwFuvVhjVEApVsgOnBRJBbezK9dGH4nxh3J
982,982,insert,four____,___10755,1gstahbfZMShZeHZEpVlOOnarkbfLvwr72lxqPyyz3SrFxyBx87pKo
982,982,insert,three___,___10756,O0yVQ6HdWrqC2fUy06EvAiwiPHhA9M6bR
982,982,insert,zero____,___10757,7OUwGjMW59hjNwJXojDvL9ClajlcmPscyUCUf1LyIhGuSVMScLtaDpoVLhUKwZfu
982,982,insert,two_____,___10758,xv5XVidhqfqH5THW85FrdxdfImEJFGRA4CtgiArj8ISDeu7AUq
982,982,insert,zero____,___10759,ExoPAQvcmbmzpT6GCx5a4jqStfT0zylgKX
982,982,insert,one_____,___10760,YnEGuxyOIm5KJ7c2CJ4FFK5rXLFnlogToM7UNJ6n1i
982,982,insert,zero____,___10761,7Z5fijnP25cj4BT70yFuQsLW2w5fsL975rXgZFGuH59ae1uFl7ge46a
982,982,commit,,,

983,983,insert,four____,___10762,u7J0gKBDf7JRjcazPsrqLf6gUXIl52OxZMeKWAxonfIm
983,983,insert,three___,___10763,9Dpb2C2gLCqo4KmM79BlqlCtElLpClfifggRhWAt7pY9X0L0vEkuKC
983,983,insert,two_____,___10764,prHGDtAAkzFQ8dhVRyxdkQfVkkpShSPSwYg2VZ0oxA6nNNobVAWpICbCBBYV
983,983,insert,four____,___10765,F64fIJp2XrgwFKTrEfbchfuBXqedx1EDfE4OsvX
983,983,insert,zero____,___10766,34tnANvGARhiPzDfznNcoDfTpaI9t6I1k9b3fzZg72qtkk7UARnSJGGI
983,983,insert,two_____,___10767,ddqrrZR31BjdjjjIpj7cvjvU4tqJXKKBrNWeEJM5su
983,983,insert,one_____,___10768,VqC7kYkHsS401BpCCZp3LjyD0ntRcsLG
983,983,insert,four____,___10769,NTVJ9t6x0ZiPn2bWBkK8Huc1zXMvEGYDp0yHTZm2RNT1EsLT
983,983,insert,four____,___10770,zxWGWvuuZN22zp4eeXtzCVGI6heinWNCbrO096p0rFeM8L2DFXKWQrmBFjd1t
983,983,insert,three___,___10771,yTkI8IGN0gGUYANL4p8QkWk0dQuYkbFEtpR3JtJlKXK3y3tNRcR
983,983,commit,,,

984,984,insert,four____,___10772,KVnsoAA4jge0nXKn1T6q52gcn80oG4NNOSt2lpXNYjd34jhyxZkIo4du
984,984,insert,three___,___10773,ymfUW2dv3WLDkrKMQiZDtd1TJVUHZR7gAiSYd6T
984,984,insert,three___,___10774,7AKcK5gJsg6Xg6FtUMbuTFg6sPAge9aNcOZVELekRHvTHQ3sZSn2
984,984,insert,four____,___10775,hWv7fkyp9o1HslSItRbHNTknEH2yQcJYZBKxqjBll4GY
984,984,insert,three___,___10776,Fu5JQw3kFzhfC33uWxTTv7xAgmRPpGWBJOOeUBoSsgg6eAM0g0wPtmYND
984,984,insert,one_____,___10777,GK4jO6XNeZPVgUMlbf6GBwmGdb1laZXHdH1jfANQ5OQifcZ3eoXTqMvpQHhzbl
984,984,insert,two_____,___10778,zav1ru6vS3VrxnXmFpg9W4tw5QPGxLGAcJW3vnOviJ8thsU
984,984,insert,two_____,___10779,urkqlYwmHQ7TzgH7OOYj7VvliHts20gR4xtsQz
984,984,commit,,,

985,985,insert,zero____,___10780,i9EpPOgvg6PnNDQMI0muzcwONiE54Uas9r309VbeqLRHk
985,985,insert,one_____,___10781,hZsgxG0QkEkd5KcqxGJQBIxPCBYN5lORBHgBC17L7Br6ZtadG9Bz7LF
985,985,insert,four____,___10782,HRYwgEKkf0WpHDVfjmAZC4s3ANfrzQRRFsvmC
985,985,insert,four____,___10783,P2Mgkv7Qkyi0uDmxxfjnSlBqlHIMPTW4XZMNRLLfgBoUg
985,985,insert,zero____,___10784,cUSBWQX6VCqjHRfbsmhStEq7di4lUV8AE4vQo5TRqRPxpiKkXnGn5
985,985,insert,three___,___10785,axrxDUXh2wnplAr70pfgJD7ZrEHTvdqbw9jz2SqU3Y5gbDiIXDgU0jiywZe5B
985,985,insert,zero____,___10786,Tmh9QW3ex62xkbt6FanaDyqqqPtU5FvthPs7bmnwohLyZl6WJRCGdPGzMbMNR
985,985,insert,three___,___10787,UsEj5uku4YREXG6hDUYphNhl1XFCDOUwu4Niujgpi0dlCAjb
985,985,insert,four____,___10788,faCl089fHCd816N27EotnXt5s1BjX1qcQnWWfFxLneX5Zjh
985,985,insert,three___,___10789,vKUNSJJn6BWDAQVz5aHguqEnv6KEqyBhCX9p0KuOL5bhpitikkgV
985,985,insert,one_____,___10790,sHfdwYbqZHgeHhFP10E6QtQ3jWhysHuEptb2ltIhAZA8EDk7eA
985,985,commit,,,

986,986,insert,zero____,___10791,MfHgE96y41YqRTYmB6eNNhMp1qdtIO0HTwiGOI7LFPX27B
986,986,insert,two_____,___10792,kMy9ZON09Nx4kbFcK8Q0OuKW5hHapzCf82RFHY1zKg
986,986,insert,two_____,___10793,9AVkTXPcIdkaw72WRjUAp43LMroZ7M2c30BXX9yJ1dFzfyllbNMpDnicMoEpvP
986,986,insert,three___,___10794,b5guL7X7q2AhSPNE8ZCdjcxx3Q3eqQiCqsMMeq1rE6zrXVy8i8qsBDnXmWpkh3
986,986,insert,zero____,___10795,AFia7K9IpevL9AVfFxuan1Ba10f0KCdVnrSK3DwAFcCHWbYi9TqBtSxGRqLptK
986,986,insert,two_____,___10796,Si3Fgz8dwrYUTMv4FT9cMGez4EeAkg7PRBQPMhIhBgU3VHXSeLao5kzqzvEgR
986,986,insert,four____,___10797,lrlTK9itlGzG8TzEaRb7zS3h8LD1LSjsfC9j
986,986,insert,three___,___10798,0D1gxeI6RxzsR2ad7m1XJL3KXSXkNNjgdyEOFcYJF6jGnwi1L7OQ
986,986,insert,three___,___10799,qoR2rInuygBtqRLsWewdMEdrJbrbaJbtkqek1JWBfiK4UnxmF3dsAr0VOeou
986,986,commit,,,

987,987,insert,three___,___10800,4LaHZW7DpaFouz05pg83iYSFJiZ4lSnt5BAMTrHKVHGspYgZIoRHKrTAow7EZs
987,987,insert,four____,___10801,5rG6qfA5IrrZe4YXbzFATV3r9UEJG0yU3bhJS3LQZEUZO
987,987,insert,three___,___10802,FsdrF0enR09DxShdsO3DByz9PRe7wcAhkYKdz45ZjSUCEVeM2bS
987,987,insert,three___,___10803,s7j1NH5smKetijs6kDIlIxe4IVbbSu5C5MkLW0O2fxQ7s9kz6M5F4j
987,987,insert,zero____,___10804,6zjfRSpuYigmzqUVvTqIuCdRBKg2tIAKDsvvtSPQT8A3q2lYiHZQeVg9ESo42EgI
987,987,insert,three___,___10805,iK18cJgEKWu87LqkGUlXU1wEuXOX4CfQyz0K
987,987,insert,two_____,___10806,W5v0jx5a67R58EvsfNFhai6baQhUh7c09KFYfmZaGbiTyhomrELk9W2g
987,987,insert,four____,___10807,Khx7CVfLlOVvuzByH7rZIwhYvMt0v5GoJnSSUN7LJEgU3OaT4lZU1CTDt61Wx
987,987,insert,two_____,___10808,E9UDTa246p0VpDRJ77kIYJp1VCYTZJ1h3oDp6nuBifXzyTa1hcUAQ
987,987,insert,zero____,___10809,js8IunBwyLvGSNtwQ2KvctkYhEH3bvnQwqE
987,987,insert,one_____,___10810,0zD9gcq9PuYCOBELkKDC1VLBMO9ScUDX8JKMLDpjXCFIvPjRQxHObxQqhxpcj
987,987,commit,,,

988,988,insert,two_____,___10811,xZHnrZl4uIMiPz53M3rZomMclWYaPpaDPDIC6Q0EdgHjerCYq2DbvcX5Kc
988,988,insert,three___,___10812,jM4yPfcbv9V4WqJo7EmCb3urCC9P8FoqVv0ZsKCXo0gISoNsl2IoojNX
988,988,insert,three___,___10813,QbDK5eyKjEADAa0O3vxLnBbNLa3Wz66HM4UnAZ2Z9tcKcvklNSG3wsoH2ZF
988,988,insert,three___,___10814,T2ICnPaOkX2Tp9WLt9iZIvQPYqVRNqOeaVVORJJ711V1mi4in5mS
988,988,insert,one_____,___10815,piVhvVN0THZQno8h4E6OzhZIs426Yr2GHtGYDajjyF8HR2
988,988,insert,one_____,___10816,fOVq5Ntf11k6Nq8SPxmMHTtxqoO4dc7V
988,988,insert,zero____,___10817,ChqncjDPHI4GiquNMpZLiTGnaTdJngaU7Jw5r4y0LgI7F3NECsVn69
988,988,insert,zero____,___10818,QfP3dCo6C0qTCifD3A3NOrRL1FclQeCff
988,988,insert,two_____,___10819,Pcjkoj3EfjD2ru6HH2CX7P23LjlFZBydhDwPlRCVd4n
988,988,insert,four____,___10820,G7aJ7O02DlE6qCgELbOziQ6B6EYuiBT31hwYCKJkLn2uVdPPztPT2nKED
988,988,insert,three___,___10821,S5chvuWf07lGDA0llTLJWutrHFAU0n2hDe3sz7s99BNsyd9L
988,988,commit,,,

989,989,insert,four____,___10822,ETUP75BJIYw64NTTYZ2CmSd1VcXBgk6CLP6DolAwIKXEHmDNMyWMaCKFNz9kx
989,989,insert,one_____,___10823,TxxFNjijRdsLrbeiOg84PguGiluBOnDTq0Tq
989,989,insert,two_____,___10824,hVA9mfLRsCL8N164n1H4QkGZpxGRVPn1eC7V
989,989,insert,one_____,___10825,KMQIcf7YzT68qaw0KOWAUHQ5Xn9DMhVs1C5CFIl3gF6uk39YUnQYvnwhsWd
989,989,insert,one_____,___10826,fEizRtiqIRYI6ovwDfZ9RW5waJ4w5u4t4TYHmUW4E2ucY4Hv9JR
989,989,insert,four____,___10827,45zrSqpgq6zJMOe8TFoPE8KsS7ZvOqI5A3RnL
989,989,insert,one_____,___10828,137lM99pddnYiWI7BDKTlMOyytyCTc9f3nlxEc
989,989,insert,two_____,___10829,aYktHNZWfN4OzZ8DOxBf2hBBc8CMN7Ro
989,989,insert,one_____,___10830,3WdDaWA2ibLL9hHoMvY7iTFWLLHAySg9SUKAxAwNn
989,989,insert,three___,___10831,1qJcZhiUktdw3VnXZ3AwlZ59J11FGRkpBxwmZFrJto30m
989,989,insert,zero____,___10832,E7GjwNyhGmRpwz4BShsOrp3JQFxcrHv43jeeocDHmwwyF5jmMW
989,989,insert,one_____,___10833,wvuoBrEs2YEgUnv2cD1CkMAdfIM2L8NSBVbp9tSHwI2eAOqZyV1Og4w
989,989,commit,,,

990,990,insert,four____,___10834,8KOOQbfOCM2URWpH6uQ0pPLAsjM4XMnEUzp0D
990,990,insert,two_____,___10835,B0VtXgOgRA1w8F65IgEUpDEWBqDNtBDcUsDkrSl
990,990,insert,zero____,___10836,RQjSlUb9YK53Vkf8WqCpEDSXfZy9Gim85xzYcc4ol43rIKY
990,990,insert,zero____,___10837,Kp5ORachwNqNcdRKDfYU3rqimSPZj9WTz0uLNpb9Aq3LxtcG3IEZsYlHnKKqq
990,990,insert,one_____,___10838,F9rIrXPpjB8M1uXkbgsHIszRQaCNOYkhCIru8Ui09dVnS4brUfeg47KIYz
990,990,insert,three___,___10839,mI7j56mvn0Z8oQs7uDyLeIltefsNH5T0IKf1Rlh3DNvKEkkCtCmmiK7X79i
990,990,insert,three___,___10840,YB9sLSkxVcUlMWvQ9g6FjhClGcBEjAqcQRcH4hHNM
990,990,insert,one_____,___10841,z6FCZ1oGFHXnFn9YhjK9AHD0Ot9Pm1Xqsip
990,990,insert,zero____,___10842,2X7GdaMXtuppQnVnIk82jaTyKIIjqOakMhn3tMmBKkOU2JBZ8qf5waPoOH
990,990,insert,two_____,___10843,Hs2i6z2WhbhTnHqJXMERmh3MVLFaSPPa8eYqTRXujnHL
990,990,insert,zero____,___10844,FoGQ82fr6LZYNtTXup28VkWB0FitVDXWuc1Wf7rTboc95R6
990,990,commit,,,

991,991,insert,four____,___10845,K7E2fbNupQ5Fn6RiSyCzAB6mZqNPTz2qZq28tZEdq3j
991,991,insert,three___,___10846,ATOJ0EXyuO9rbhd5DeaMRtdQB0hxhvTnpXkn4IK2CdQZSi7uzgcJHcdiKJ
991,991,insert,three___,___10847,1fnBYrBfVTqbtNs8P2LkAKdh83Ipo88nZjTsHvGG1M3eOQ4z9rr
991,991,insert,zero____,___10848,vBbA24R5Jqbwm3D8u14q12rM183ZBHTtmojkMNBdgYjfmzR1uUcYIYmv83Tx
991,991,insert,zero____,___10849,7FLBYJ6jCGSegqDlVHd9g4VzL78sOSUjeEtvmHSLQfwTN
991,991,insert,three___,___10850,a0rJlyZPYmAWnsPfxwT2cjebywzKFbodDAFHtuM0fx9Do9ozZYix6oYhu
991,991,insert,zero____,___10851,o1eRRebdg98VzwVVHOp54JJaOFONoflmNl0JjmQQra1wGIs
991,991,insert,three___,___10852,G4iVpQuDnH9qiqiqD0PHeusjQa6QNfqk9hRMAdvMh0z9EzwA2iKJLX9cr
991,991,insert,two_____,___10853,4yMCXVCCRuryT2ZtAakVAPgSSC2kOJBKQwrqDe
991,991,commit,,,

992,992,insert,four____,___10854,hhJf3Pfpe8GaHhXhEi6L7lOWQQ6abUnr9qNNWdZNWuQx09BRr3W
992,992,insert,one_____,___10855,Du8NedtYSBrZbwdItFPpcVSKkOX77MkfNJbNw
992,992,insert,four____,___10856,T8EM7A2LbYEzKk8dx2zTjXBMhx0YY14UQBOTRQxnhXdEIdIexqR
992,992,insert,one_____,___10857,m4JDURCPH8JNf2dMMskvw6vKS95zZ0n9msIRaCqHAmN9eKtL
992,992,insert,three___,___10858,fYpYysE5FEZxRpYZvqI8r8sPGkj4Sf79JwiPttDQzbw7E
992,992,insert,three___,___10859,YmlG9l95uE1IjJjUDcwx37xMoMcHygRrfO1XCeEkLVZ8R9uLuf5
992,992,insert,three___,___10860,6zDsmw9MMJlASXZOJucwdUlQCv1Mob7n
992,992,insert,zero____,___10861,XmNBwsAJ0dWls1TQynzSfWgazedjWYxUeLvW2p9XRO6JsVYsNQvnAsxkI1HW8q
992,992,commit,,,

993,993,insert,two_____,___10862,SFbQWLBFkzqtMxvwN1asidBPQUTcPk6g4AVAFO8r5ogg8Gkr7emsPHrmx
993,993,insert,two_____,___10863,MOL056isFYeUsMl3cr16QWSblSt4BIqgnvplfCddgc
993,993,insert,four____,___10864,RMnbtbCnnIvr1mxd9dajpzn6sCFRGatkVnOlktPtZEO6f
993,993,insert,zero____,___10865,D1bi2j0XaWgM14uyuKvZkkEmWGJOUDnoj1sqSs3z2Vy750
993,993,insert,four____,___10866,DRm0UVZtrSC0LbW5ixrZGY1iiNIXEaqHAdINCeKiN2hJCQYCN
993,993,insert,four____,___10867,TAKJ3b5zZzlq15DOo0CylRdF4vM4ndc2CY
993,993,insert,one_____,___10868,pIqu7NNcRrpWkCQLZcQJYyhLHj6z1ACKvTmQGCTMhltArMZba4XkXhQVUt
993,993,insert,zero____,___10869,xpoF91joPiGMBbSyDBWyTCmCrj9DhfwA5u3l4i2f8E
993,993,insert,one_____,___10870,E9bq7TePdKw8LRnKR4kpfyv8qbWgWc8kHwAkCWa7BZ8kCh3
993,993,insert,three___,___10871,WMDc4d4BJsV2ZasNKNHU0feEWM771hKlM5lKulhKJAqZawUw6zzii
993,993,insert,three___,___10872,tsrV37mXWHz73PXIBfUsXtxOkbQxO8wKntb7A1UUQmrTyze3xZ
993,993,insert,three___,___10873,FBCPR5xjzg4Zudmd8fcDEK8NEO4pdVDVXAltzBVZ5yog8m
993,993,commit,,,

994,994,insert,three___,___10874,DvAwKSL6ZCdZRmIjFgRfRBovP6NZkmV0s6H0cHTKyriITX7x2V
994,994,insert,two_____,___10875,KOZWhUK5OMEmuJO4FYN3ebbmBxF2o8FrwcItoCVovCap5Ix
994,994,insert,three___,___10876,5exYby6qECrWYqM8K9S6KLkM35j4iyj4K4zf
994,994,insert,one_____,___10877,x8Z0DhUp3HVgGgTORupkrysnRQKpdMJ3aByMrR45016G5AlY
994,994,insert,zero____,___10878,HYuK6H2buv3DZMiyrwxjxP4TkMPEleLLr7
994,994,insert,four____,___10879,mwkv0gKXjCo43Qztn6FjPnFK7C7OGwoSmUI6yc
994,994,insert,three___,___10880,kj29uytd0OuYvs8p8bpAvDX62uRNWvsh07RKnK2qIuHY8fa0gXeRSQQ
994,994,insert,zero____,___10881,IDAsYJdFoDo3N0k7C9i57z0rT42c8JIL
994,994,insert,two_____,___10882,xPdtEQMdk9xKJtsKj2xBbIljivyXhU9FQXz3CzvIJGpAIBZdN0c5XHfVBY2UdU
994,994,insert,four____,___10883,7svgOEvYeI3kixSI0C05blVzkd1Mn87dVyiJS
994,994,insert,four____,___10884,20q2bw79wjpKV325wORbmLeC4OYHaxZZfyYTxu2
994,994,insert,three___,___10885,3sKfJhCV2CwFYr1RYlKTYo8mwB0Ja4A3N4Th1ciVgU7JlHt6gzyaWI3rUy5qX
994,994,commit,,,

995,995,insert,zero____,___10886,hiXPq71fTHAOMMn16YLXOP4CoapPI3lcy32
995,995,insert,three___,___10887,rwZmN6BvP2MW5WjcYFd6DCkzl9xkuQw1pjZ3NP9cziyWE3l7WHdb
995,995,insert,one_____,___10888,rIxoS9utQLRK7KK0gb7xy7FhAoAz8HyBFh
995,995,insert,three___,___10889,MjPBDpOJwOMWZLfDOhQ68rSPvOT9Krp51UainYfKCcU
995,995,insert,one_____,___10890,kQxiY3IVKRJ5OThvL94F434B8y2cjyfRmuqMmTYtd
995,995,insert,zero____,___10891,I8mexGHWM5pAXM0UEceIn4fM1iBvF1E1CYNZsSHGMJOiSezVgQ
995,995,insert,two_____,___10892,esYLCsfYX8SYK3RAezaibzcu5gvFXbVnp0g
995,995,insert,zero____,___10893,aOPAhYMwwFvcoz9IdMobj1KYErDHPhIqtpbMgVMvgpJzKIR2l1
995,995,insert,four____,___10894,qoeHpJzIOcmrTOkeG6ufZqh9Am1bjjVhRlUjtF7pcfg0fZtl
995,995,commit,,,

996,996,insert,four____,___10895,ki5fwSFQgbH3n0sCtuxCHPh2QmfDfpQNWPfME82Rk0LWGsC7ndDnOFEZXJ
996,996,insert,one_____,___10896,Kmo7QHmy52KIQWI2btPsJKKsdehTrBMm5QuuxFD9sM2CRscwqikeXEr
996,996,insert,one_____,___10897,TmBtjGc0YqANiwT7bav3mNb1CmVE1BaN1wTGDqlUW2H4Nn
996,996,insert,zero____,___10898,BfNXeQ1OQsANDPUP1teqBm9SKSFpeJTv14SaolmEspdRM8eAISVJ72G8Sr8ci
996,996,insert,three___,___10899,2VVQ1Beqoudb5aoRsR2eYdckzqT5q5Tqo2c25BUqaPK7Y
996,996,insert,two_____,___10900,pgC2uY3SWRTYvuMQvgp9KctZdrW7Yh3CE8c1IWZufPK
996,996,insert,three___,___10901,ZvmQkvQSttm7vrsLuOxxQKURSPNVK8JOxW67tFI7CQL7EjG4cXLAIpeTebR
996,996,insert,zero____,___10902,Cj2MPAscnZsHCArO9oNMgLgR0XdHrzCMx4esW3JlHTzZFiv20E
996,996,commit,,,

997,997,insert,four____,___10903,Zvhg92pivG0Oaas61gWMUzvPMRRM4wrSU9YwpYj5GTAjAEXqFIRS
997,997,insert,two_____,___10904,uoYhlW83znABGqcImpEXfCTTSCLJ4Ur5ERLEWiIPmBlIQ3gf
997,997,insert,four____,___10905,Sjf59jmgSV3d0314PjuBbFtBRpXVhYVcKiaIyi3bMCrt5ABwWp5jrNTNEgZ
997,997,insert,one_____,___10906,yOWS3IIdV4WdYvX7QbxZuM6ltOaZKzpI7R66T3gJCqT7
997,997,insert,three___,___10907,sDRZwPqfrgJYftNGglbM47A90uPGg09UhNOZS24
997,997,insert,four____,___10908,pGw9w8UAUzwwQ2BltTC5P25K37U4KxjK
997,997,insert,four____,___10909,fJroPKBa2oK64KxPmHULsaSqUItTy6QBsjvfJG
997,997,insert,three___,___10910,Mfsp21ItY7lqeesdKsGDjzKTuYMaMLdw
997,997,insert,three___,___10911,Ae55n3FGCivFiqKeLq3jqtHUP8FQcuJ6EtvnicQelBf7oNAlaZ8zzZ72Ex8P
997,997,insert,two_____,___10912,4TFdEatYot6UysbiGzq0NbtvsJeeM8QWEDBxaCXN
997,997,insert,three___,___10913,e0bDTHWfXfHHoJMnq9RoqkcuQGYHzZN1FutY0YAG
997,997,insert,three___,___10914,czXD9ZjHJdQv6VwKBblulRjN2GY0J0SxQF76PwnJDT9ZlvqybsyUD63IlA2
997,997,commit,,,

998,998,insert,four____,___10915,hEybYgLijsukT4n82B3d2DiOfEiNPsYL81H1ycrppjdpI9u1IC1ne2e3HHZ1Il
998,998,insert,three___,___10916,IQJp20DZA5cmrveJ3FiHIE15l9NJ1dpx4OIVuenP7A3Et6SI
998,998,insert,zero____,___10917,hnjLd0Rdew5Jjqd7Jz9DPGi2DaOfVKObaSlUMbP4
998,998,insert,two_____,___10918,ffs3fvDLe1LwTbfr2zUhsQS2POzyp5uk9JUCl8
998,998,insert,one_____,___10919,2IubkdT7QXakMIpPVSMkiWggd8mDQc7Twrj
998,998,insert,zero____,___10920,xVwZoOVqDJYPUmTBDcbTnQZjKupbhzZR0oIgyepvylwP0
998,998,insert,one_____,___10921,k3BPRyGUPI2IPH4zTbewKUdIVUSDCFK0r8V79UfJaJbTDcl2g3mGWlaOYT4
998,998,insert,one_____,___10922,Y0RrDzzjUcuhniHDCK4Eb6LbQk8w3RpIl3LZg064JtAmmzggw5FR9t2X9CBv
998,998,insert,two_____,___10923,2lztciuWSugzpIfayH5qars18zBqyLoLo6WZ6
998,998,insert,two_____,___10924,h3tZmhiRz9DboTKqpozqqW1adRa9cL6BwnOnLrvQ9jZ3EO7ff6Mv8vvKqIZMAU
998,998,commit,,,

999,999,insert,three___,___10925,qhxAhoN87ceXFf0A1vSmCoE2drgxLwSimeeZEn6ue1w
999,999,insert,three___,___10926,Pu79nCSDJ55idHn5kbfksrWrudVFg7sOnt7kXBU2NEW5
999,999,insert,four____,___10927,kLjAVubqIS1xqSbziJDkXvSiEY9aHHUugy9pHL0Wi8KLxg
999,999,insert,one_____,___10928,uY9QT155ncix07vAUEqLY2uY6BJJRh6LbMn5PKeEeg1K1Q5WDIclP8KwyE
999,999,insert,one_____,___10929,iVYvey5hOZXPrIi9Iyz6TLWn7JuBvTfZ
999,999,insert,four____,___10930,kjQ9JbLz44nQTqp2zxg1aoBgC6ZHl4Jh0
999,999,insert,three___,___10931,Jsa5LaMSIT5EZ0qFjqm7YSRNMJOyz8i0PQtC92xCMvaIjqL
999,999,insert,one_____,___10932,sls7A8QiqszH4PB80Lbeb0jzIT1pC1SGpDJ8nc9PM3ZR
999,999,insert,four____,___10933,JkwgB3B8NxrGE2hpnLPQB7AMp8XQU30WurENcgn8xmjxwIqDdkt1rh6uJhNY
999,999,insert,zero____,___10934,fAaLtMtgIZy2ndUlduHP1thv40IvEVdoomDS435rtU58AfY1wSJfPQ5DJl
999,999,commit,,,

1000,1000,insert,one_____,___10935,ECUuYb35x1SzQchfuDkXfqIsgBWPVLV4Pg4
1000,1000,insert,four____,___10936,NIffQLjSwhOFBymVszxapeE8kYj9KKUMf0
1000,1000,insert,three___,___10937,ccFGMokkyzRaFKoMboPHfmIKvuibrbAatx6
1000,1000,insert,one_____,___10938,5JNKMgDBWA7WBSPGVhr9IIkbtNYf4vlQr3k3Q2vFxhXJK9uI4ZFN3bNTslnkB1
1000,1000,insert,four____,___10939,DTpuMhdEgDcVFNevquEJGKr19hCKFxeIQ6spr5QMcxv5Bs4Q
1000,1000,insert,two_____,___10940,X9GYe9h6HtximXHPhuJtJmnStuMu1DzcCKgQ
1000,1000,insert,two_____,___10941,LFycbj0318ovPPHFOjVrr57Tw54zlWuU
1000,1000,insert,four____,___10942,lIOKWbHT3Ca0Ogw5MSCb1WnPZrAw3mOLy
1000,1000,insert,zero____,___10943,wpFTXnBRReiy10LrsJ1NmbDXbspffXkhaN
1000,1000,insert,four____,___10944,ERWMJznLaNskj0gFee5b2devKXuMBG0it63sSdca7jBsYbQH
1000,1000,commit,,,

