1,1,get,four____,______55,
1,1,get,one_____,_____393,
1,1,get,zero____,_____360,
1,1,get,one_____,_____491,
1,1,get,zero____,______76,
1,1,get,three___,_____726,
1,1,get,four____,_____955,
1,1,get,one_____,_____870,
1,1,get,two_____,_____126,
1,1,get,two_____,_____622,
1,1,get,one_____,_____179,
1,1,get,four____,_____464,
1,1,commit,,,

2,2,get,two_____,______47,
2,2,get,zero____,_____265,
2,2,get,zero____,_____366,
2,2,get,one_____,_____736,
2,2,get,four____,______91,
2,2,get,three___,_____900,
2,2,get,one_____,_____382,
2,2,get,one_____,_____500,
2,2,get,two_____,______88,
2,2,get,zero____,_____941,
2,2,get,four____,_____597,
2,2,get,four____,_____769,
2,2,commit,,,

3,3,get,zero____,_____592,
3,3,get,two_____,_____816,
3,3,get,four____,_____271,
3,3,get,two_____,_____201,
3,3,get,one_____,_____733,
3,3,get,three___,______46,
3,3,get,three___,_____131,
3,3,get,two_____,_____965,
3,3,get,zero____,_____931,
3,3,get,three___,_____910,
3,3,get,four____,_____824,
3,3,get,four____,_____935,
3,3,commit,,,

4,4,get,three___,_____282,
4,4,get,four____,_____351,
4,4,get,zero____,_____364,
4,4,get,four____,_____172,
4,4,get,four____,_____100,
4,4,get,three___,_____430,
4,4,get,four____,_____553,
4,4,get,one_____,_____956,
4,4,get,two_____,_____164,
4,4,commit,,,

5,5,get,zero____,_____979,
5,5,get,one_____,_____342,
5,5,get,zero____,_____467,
5,5,get,zero____,_____652,
5,5,get,two_____,_____187,
5,5,get,four____,_____904,
5,5,get,one_____,_____295,
5,5,get,zero____,_____448,
5,5,get,zero____,_____487,
5,5,commit,,,

6,6,get,three___,_____860,
6,6,get,three___,_____241,
6,6,get,four____,_____701,
6,6,get,three___,______32,
6,6,get,three___,_____604,
6,6,get,three___,_____515,
6,6,get,four____,_____443,
6,6,get,zero____,_____864,
6,6,get,two_____,_____882,
6,6,get,four____,_____539,
6,6,get,one_____,_____601,
6,6,commit,,,

7,7,get,zero____,_____909,
7,7,get,zero____,_____990,
7,7,get,zero____,_____151,
7,7,get,zero____,_____605,
7,7,get,one_____,_____888,
7,7,get,two_____,_____471,
7,7,get,four____,_____111,
7,7,get,zero____,_____388,
7,7,get,one_____,_____213,
7,7,get,four____,_____724,
7,7,get,three___,_____957,
7,7,get,one_____,______75,
7,7,commit,,,

8,8,get,one_____,_____516,
8,8,get,two_____,_____549,
8,8,get,zero____,______12,
8,8,get,three___,_____679,
8,8,get,four____,_____381,
8,8,get,three___,______69,
8,8,get,two_____,_____523,
8,8,get,one_____,_____590,
8,8,get,two_____,_____140,
8,8,get,zero____,_____893,
8,8,get,three___,_____219,
8,8,commit,,,

9,9,get,three___,_____168,
9,9,get,four____,_____351,
9,9,get,three___,_____269,
9,9,get,one_____,______20,
9,9,get,four____,_____838,
9,9,get,two_____,_____848,
9,9,get,two_____,_____786,
9,9,get,one_____,_____337,
9,9,get,zero____,______44,
9,9,get,three___,_____640,
9,9,get,two_____,_____140,
9,9,get,zero____,_____749,
9,9,commit,,,

10,10,get,zero____,______62,
10,10,get,zero____,_____767,
10,10,get,four____,_____887,
10,10,get,three___,______68,
10,10,get,four____,_____768,
10,10,get,zero____,_____204,
10,10,get,one_____,_____198,
10,10,get,three___,_____874,
10,10,commit,,,

11,11,get,four____,_____629,
11,11,get,zero____,_____579,
11,11,get,three___,_____692,
11,11,get,two_____,_____518,
11,11,get,four____,_____867,
11,11,get,two_____,_____614,
11,11,get,three___,_____784,
11,11,get,three___,_____277,
11,11,get,two_____,_____390,
11,11,get,four____,_____899,
11,11,commit,,,

12,12,get,two_____,_____199,
12,12,get,four____,______92,
12,12,get,one_____,_____402,
12,12,get,four____,_____946,
12,12,get,three___,_____972,
12,12,get,zero____,_____754,
12,12,get,two_____,_____390,
12,12,get,two_____,_____386,
12,12,get,one_____,_____449,
12,12,get,two_____,_____164,
12,12,commit,,,

13,13,get,one_____,_____322,
13,13,get,two_____,_____608,
13,13,get,four____,_____868,
13,13,get,two_____,_____178,
13,13,get,two_____,_____611,
13,13,get,zero____,_____802,
13,13,get,three___,______50,
13,13,get,three___,_____910,
13,13,get,three___,_____560,
13,13,get,one_____,_____590,
13,13,get,two_____,_____650,
13,13,get,one_____,_____479,
13,13,commit,,,

14,14,get,one_____,_____402,
14,14,get,two_____,_____813,
14,14,get,three___,_____811,
14,14,get,four____,_____808,
14,14,get,four____,_____585,
14,14,get,one_____,_____551,
14,14,get,one_____,_____933,
14,14,get,zero____,_____404,
14,14,get,three___,_____910,
14,14,commit,,,

15,15,get,one_____,_____259,
15,15,get,one_____,_____678,
15,15,get,two_____,_____967,
15,15,get,three___,_____836,
15,15,get,zero____,_____360,
15,15,get,four____,_____144,
15,15,get,three___,_____974,
15,15,get,one_____,_____229,
15,15,get,one_____,_____685,
15,15,commit,,,

16,16,get,four____,_____760,
16,16,get,one_____,_____103,
16,16,get,zero____,______63,
16,16,get,four____,_____971,
16,16,get,four____,_____110,
16,16,get,two_____,_____433,
16,16,get,two_____,_____329,
16,16,get,one_____,_____945,
16,16,commit,,,

17,17,get,four____,_____677,
17,17,get,two_____,_____832,
17,17,get,zero____,_____175,
17,17,get,four____,_____584,
17,17,get,four____,_____839,
17,17,get,zero____,_____873,
17,17,get,four____,_____332,
17,17,get,two_____,_____502,
17,17,commit,,,

18,18,get,zero____,______54,
18,18,get,two_____,_____831,
18,18,get,one_____,_____274,
18,18,get,three___,_____311,
18,18,get,two_____,_____954,
18,18,get,four____,_____621,
18,18,get,zero____,_____960,
18,18,get,three___,_____563,
18,18,get,one_____,_____138,
18,18,get,zero____,_____926,
18,18,get,zero____,_____546,
18,18,commit,,,

19,19,get,four____,_____808,
19,19,get,zero____,_____741,
19,19,get,zero____,_____815,
19,19,get,two_____,_____465,
19,19,get,three___,_____359,
19,19,get,one_____,_____722,
19,19,get,four____,_____327,
19,19,get,zero____,_____352,
19,19,get,two_____,_____350,
19,19,get,one_____,_____757,
19,19,get,three___,_____753,
19,19,get,three___,_____319,
19,19,commit,,,

20,20,get,one_____,_____823,
20,20,get,four____,_____154,
20,20,get,zero____,______78,
20,20,get,four____,_______7,
20,20,get,four____,_____839,
20,20,get,one_____,_____968,
20,20,get,four____,______99,
20,20,get,zero____,_____652,
20,20,commit,,,

21,21,get,one_____,_____875,
21,21,get,one_____,_____295,
21,21,get,zero____,_____800,
21,21,get,zero____,_____826,
21,21,get,one_____,_____966,
21,21,get,three___,_____607,
21,21,get,zero____,______56,
21,21,get,two_____,_____689,
21,21,get,three___,_____943,
21,21,get,three___,_____927,
21,21,commit,,,

22,22,get,zero____,_____380,
22,22,get,zero____,_____412,
22,22,get,three___,_____555,
22,22,get,zero____,_____404,
22,22,get,one_____,_____590,
22,22,get,one_____,______53,
22,22,get,one_____,_____656,
22,22,get,one_____,_____850,
22,22,get,four____,______55,
22,22,get,three___,_____776,
22,22,get,two_____,_____719,
22,22,get,zero____,_____520,
22,22,commit,,,

23,23,get,three___,_____451,
23,23,get,four____,_____279,
23,23,get,one_____,_____393,
23,23,get,four____,_____594,
23,23,get,two_____,_____928,
23,23,get,zero____,_____810,
23,23,get,one_____,_____709,
23,23,get,zero____,_____578,
23,23,get,zero____,_____283,
23,23,commit,,,

24,24,get,one_____,_____152,
24,24,get,zero____,_____312,
24,24,get,four____,_____621,
24,24,get,three___,_____623,
24,24,get,four____,_______1,
24,24,get,three___,_____843,
24,24,get,two_____,_____973,
24,24,get,one_____,_____681,
24,24,commit,,,

25,25,get,three___,______69,
25,25,get,three___,_____346,
25,25,get,zero____,_____572,
25,25,get,two_____,_____121,
25,25,get,zero____,_____731,
25,25,get,three___,_____550,
25,25,get,zero____,_____579,
25,25,get,three___,_____692,
25,25,get,two_____,_____963,
25,25,commit,,,

26,26,get,one_____,_____857,
26,26,get,zero____,_____255,
26,26,get,two_____,_____436,
26,26,get,zero____,_____926,
26,26,get,one_____,_____272,
26,26,get,zero____,_____151,
26,26,get,two_____,_____397,
26,26,get,one_____,_____794,
26,26,get,zero____,_____898,
26,26,get,one_____,_____801,
26,26,get,two_____,_____686,
26,26,commit,,,

27,27,get,three___,______27,
27,27,get,four____,_____677,
27,27,get,four____,_____896,
27,27,get,three___,_____107,
27,27,get,four____,_____354,
27,27,get,one_____,_____684,
27,27,get,one_____,______71,
27,27,get,zero____,_____492,
27,27,commit,,,

28,28,get,three___,_____798,
28,28,get,three___,_____753,
28,28,get,two_____,_____901,
28,28,get,three___,_____466,
28,28,get,one_____,_____206,
28,28,get,two_____,_____440,
28,28,get,four____,_____603,
28,28,get,one_____,_____850,
28,28,get,two_____,_____716,
28,28,commit,,,

29,29,get,three___,_____434,
29,29,get,four____,_____370,
29,29,get,three___,_____555,
29,29,get,zero____,_____931,
29,29,get,zero____,_____697,
29,29,get,four____,_____867,
29,29,get,zero____,_____366,
29,29,get,two_____,_____355,
29,29,get,four____,_____526,
29,29,get,two_____,_____538,
29,29,get,one_____,_____881,
29,29,commit,,,

30,30,get,two_____,_____948,
30,30,get,four____,_____896,
30,30,get,four____,_____100,
30,30,get,four____,_____662,
30,30,get,four____,______90,
30,30,get,two_____,______47,
30,30,get,four____,_____576,
30,30,get,one_____,_____809,
30,30,get,one_____,______43,
30,30,commit,,,

31,31,get,three___,_____852,
31,31,get,three___,_____669,
31,31,get,four____,_____531,
31,31,get,three___,______50,
31,31,get,zero____,_____458,
31,31,get,three___,_____854,
31,31,get,two_____,_____859,
31,31,get,two_____,_____331,
31,31,get,zero____,_____470,
31,31,get,three___,_____744,
31,31,get,zero____,______42,
31,31,commit,,,

32,32,get,zero____,_____598,
32,32,get,one_____,_____315,
32,32,get,three___,_____379,
32,32,get,one_____,_____513,
32,32,get,two_____,_____698,
32,32,get,zero____,_____819,
32,32,get,three___,_____532,
32,32,get,zero____,_____856,
32,32,commit,,,

33,33,get,one_____,_____690,
33,33,get,two_____,_____485,
33,33,get,zero____,_____897,
33,33,get,two_____,_____369,
33,33,get,zero____,_____175,
33,33,get,three___,_____974,
33,33,get,zero____,_____482,
33,33,get,one_____,_____881,
33,33,get,four____,______91,
33,33,get,one_____,_____321,
33,33,get,three___,_____798,
33,33,commit,,,

34,34,get,three___,_____362,
34,34,get,four____,_____280,
34,34,get,two_____,_____624,
34,34,get,two_____,_____963,
34,34,get,one_____,_____703,
34,34,get,zero____,_____579,
34,34,get,three___,_____269,
34,34,get,four____,_____687,
34,34,commit,,,

35,35,get,zero____,______76,
35,35,get,two_____,_____967,
35,35,get,four____,_____846,
35,35,get,one_____,_____737,
35,35,get,four____,_____305,
35,35,get,three___,_____943,
35,35,get,two_____,_____954,
35,35,get,four____,_____488,
35,35,get,three___,_____431,
35,35,get,zero____,_____420,
35,35,commit,,,

36,36,get,four____,_____768,
36,36,get,three___,______69,
36,36,get,three___,______15,
36,36,get,one_____,_____479,
36,36,get,four____,_____488,
36,36,get,two_____,_____472,
36,36,get,four____,______49,
36,36,get,one_____,_____125,
36,36,get,three___,_____910,
36,36,get,three___,_____679,
36,36,get,one_____,_____229,
36,36,commit,,,

37,37,get,zero____,_____361,
37,37,get,three___,______74,
37,37,get,one_____,_____206,
37,37,get,zero____,_____663,
37,37,get,one_____,_____297,
37,37,get,four____,_____630,
37,37,get,zero____,_____961,
37,37,get,one_____,_____712,
37,37,commit,,,

38,38,get,four____,_____225,
38,38,get,zero____,_____460,
38,38,get,two_____,_____408,
38,38,get,two_____,_____716,
38,38,get,four____,_____748,
38,38,get,three___,_____854,
38,38,get,zero____,______12,
38,38,get,four____,_____533,
38,38,get,four____,_____464,
38,38,get,three___,_____425,
38,38,commit,,,

39,39,get,three___,_____116,
39,39,get,three___,_____910,
39,39,get,two_____,_____549,
39,39,get,two_____,_____126,
39,39,get,zero____,_____460,
39,39,get,zero____,_____406,
39,39,get,two_____,_____331,
39,39,get,three___,_____483,
39,39,get,four____,_____531,
39,39,commit,,,

40,40,get,zero____,_____467,
40,40,get,two_____,_____713,
40,40,get,three___,_____661,
40,40,get,zero____,_____360,
40,40,get,zero____,_____360,
40,40,get,zero____,_____941,
40,40,get,three___,_____706,
40,40,get,two_____,_____963,
40,40,get,four____,_____890,
40,40,get,two_____,_____742,
40,40,get,one_____,_____823,
40,40,get,zero____,_____587,
40,40,commit,,,

41,41,get,two_____,_____543,
41,41,get,three___,_____524,
41,41,get,zero____,_____767,
41,41,get,four____,_____804,
41,41,get,three___,_____596,
41,41,get,two_____,_____475,
41,41,get,zero____,_____285,
41,41,get,zero____,_____871,
41,41,get,three___,_____101,
41,41,get,one_____,_____665,
41,41,get,three___,______69,
41,41,get,two_____,_____622,
41,41,commit,,,

42,42,get,three___,_____715,
42,42,get,three___,_____803,
42,42,get,three___,_____182,
42,42,get,one_____,______43,
42,42,get,four____,_____184,
42,42,get,four____,_____552,
42,42,get,three___,_____208,
42,42,get,one_____,_____244,
42,42,get,four____,_____248,
42,42,get,one_____,_____347,
42,42,commit,,,

43,43,get,two_____,_____178,
43,43,get,one_____,_____783,
43,43,get,two_____,_____885,
43,43,get,zero____,_____921,
43,43,get,four____,_____217,
43,43,get,one_____,_____714,
43,43,get,two_____,_____848,
43,43,get,four____,_____839,
43,43,commit,,,

44,44,get,four____,_____824,
44,44,get,zero____,______73,
44,44,get,zero____,_____598,
44,44,get,four____,_____370,
44,44,get,one_____,_____267,
44,44,get,three___,_____269,
44,44,get,four____,_____443,
44,44,get,one_____,_____229,
44,44,get,three___,_____189,
44,44,get,two_____,______84,
44,44,commit,,,

45,45,get,four____,_____348,
45,45,get,two_____,_____113,
45,45,get,four____,_____769,
45,45,get,zero____,_____258,
45,45,get,four____,_____919,
45,45,get,one_____,_____999,
45,45,get,zero____,_____871,
45,45,get,zero____,_____873,
45,45,get,three___,_____607,
45,45,get,three___,_____116,
45,45,get,one_____,_____229,
45,45,get,two_____,_____113,
45,45,commit,,,

46,46,get,one_____,_____509,
46,46,get,zero____,_____136,
46,46,get,zero____,_____765,
46,46,get,four____,_____325,
46,46,get,four____,_____659,
46,46,get,one_____,_____450,
46,46,get,two_____,_____187,
46,46,get,three___,_____284,
46,46,commit,,,

47,47,get,two_____,_____143,
47,47,get,one_____,______13,
47,47,get,one_____,_____690,
47,47,get,three___,_____604,
47,47,get,four____,_____939,
47,47,get,four____,______61,
47,47,get,three___,_____379,
47,47,get,one_____,_____134,
47,47,get,four____,______64,
47,47,get,zero____,_____119,
47,47,get,one_____,_____610,
47,47,get,two_____,_____593,
47,47,commit,,,

48,48,get,two_____,_____746,
48,48,get,two_____,_____928,
48,48,get,three___,_____803,
48,48,get,zero____,_____420,
48,48,get,three___,_____515,
48,48,get,three___,______52,
48,48,get,one_____,_____718,
48,48,get,one_____,_____371,
48,48,commit,,,

49,49,get,four____,______18,
49,49,get,one_____,_____870,
49,49,get,zero____,_____592,
49,49,get,one_____,_____762,
49,49,get,one_____,_____681,
49,49,get,three___,_____653,
49,49,get,two_____,_____254,
49,49,get,four____,_____373,
49,49,get,zero____,______62,
49,49,commit,,,

50,50,get,four____,______41,
50,50,get,four____,_____748,
50,50,get,zero____,_____578,
50,50,get,four____,_____748,
50,50,get,four____,_____659,
50,50,get,zero____,_____166,
50,50,get,three___,_____171,
50,50,get,zero____,_____290,
50,50,get,two_____,_____164,
50,50,get,three___,_____711,
50,50,get,zero____,_____720,
50,50,get,one_____,_____876,
50,50,commit,,,

51,51,get,two_____,_____481,
51,51,get,four____,_____345,
51,51,get,two_____,_____816,
51,51,get,two_____,_____885,
51,51,get,two_____,_____369,
51,51,get,two_____,_____548,
51,51,get,zero____,_____166,
51,51,get,one_____,_____684,
51,51,get,two_____,_____967,
51,51,get,zero____,_____871,
51,51,commit,,,

52,52,get,one_____,_____512,
52,52,get,zero____,_____396,
52,52,get,three___,______85,
52,52,get,one_____,_____685,
52,52,get,zero____,_____828,
52,52,get,four____,_____868,
52,52,get,zero____,_____326,
52,52,get,zero____,_____396,
52,52,commit,,,

53,53,get,two_____,_____643,
53,53,get,one_____,_____690,
53,53,get,two_____,_____788,
53,53,get,three___,_____872,
53,53,get,one_____,_____666,
53,53,get,zero____,_____366,
53,53,get,two_____,_____468,
53,53,get,three___,_____661,
53,53,get,four____,_____417,
53,53,get,zero____,_____628,
53,53,commit,,,

54,54,get,zero____,_____414,
54,54,get,one_____,_____444,
54,54,get,two_____,_____162,
54,54,get,two_____,_____433,
54,54,get,four____,_____498,
54,54,get,one_____,_____505,
54,54,get,three___,_____694,
54,54,get,four____,_____688,
54,54,get,three___,_____437,
54,54,get,three___,_____878,
54,54,get,one_____,_____968,
54,54,get,four____,_____899,
54,54,commit,,,

55,55,get,one_____,_____505,
55,55,get,zero____,_____815,
55,55,get,three___,______81,
55,55,get,one_____,_____459,
55,55,get,one_____,_____670,
55,55,get,four____,_____424,
55,55,get,four____,_____385,
55,55,get,two_____,_____143,
55,55,get,zero____,_____210,
55,55,get,three___,_____994,
55,55,get,zero____,_____758,
55,55,get,three___,_____910,
55,55,commit,,,

56,56,get,one_____,_____342,
56,56,get,two_____,_____418,
56,56,get,one_____,_____501,
56,56,get,one_____,_____138,
56,56,get,zero____,_____979,
56,56,get,one_____,_____223,
56,56,get,zero____,_____299,
56,56,get,four____,_____890,
56,56,get,two_____,_____786,
56,56,commit,,,

57,57,get,three___,_____910,
57,57,get,zero____,_____139,
57,57,get,four____,_____411,
57,57,get,two_____,_____869,
57,57,get,one_____,______71,
57,57,get,three___,_____235,
57,57,get,two_____,_____821,
57,57,get,zero____,_____448,
57,57,get,two_____,_____214,
57,57,commit,,,

58,58,get,two_____,_____869,
58,58,get,four____,_____896,
58,58,get,one_____,_____432,
58,58,get,four____,______17,
58,58,get,three___,_____311,
58,58,get,three___,_____747,
58,58,get,zero____,_____587,
58,58,get,zero____,_____710,
58,58,get,four____,_____387,
58,58,get,three___,_____311,
58,58,get,three___,_____640,
58,58,get,three___,_____905,
58,58,commit,,,

59,59,get,three___,_____506,
59,59,get,four____,_____822,
59,59,get,zero____,_____296,
59,59,get,two_____,_____178,
59,59,get,zero____,_____299,
59,59,get,one_____,_____132,
59,59,get,one_____,_____509,
59,59,get,two_____,_____716,
59,59,get,four____,_____570,
59,59,get,two_____,_____439,
59,59,commit,,,

60,60,get,three___,_____863,
60,60,get,four____,______94,
60,60,get,four____,_____846,
60,60,get,four____,_____110,
60,60,get,four____,_____170,
60,60,get,three___,_____269,
60,60,get,three___,______57,
60,60,get,four____,_____441,
60,60,get,zero____,_____197,
60,60,get,two_____,_____885,
60,60,commit,,,

61,61,get,zero____,_____384,
61,61,get,two_____,_____847,
61,61,get,three___,_____638,
61,61,get,zero____,_____578,
61,61,get,zero____,_____290,
61,61,get,zero____,_____909,
61,61,get,three___,_____413,
61,61,get,zero____,_____484,
61,61,commit,,,

62,62,get,four____,______29,
62,62,get,zero____,_____320,
62,62,get,four____,_____356,
62,62,get,three___,_____101,
62,62,get,one_____,_____968,
62,62,get,zero____,______12,
62,62,get,one_____,_____399,
62,62,get,two_____,_____793,
62,62,get,zero____,_____215,
62,62,get,one_____,_____956,
62,62,get,zero____,_____644,
62,62,commit,,,

63,63,get,two_____,_____471,
63,63,get,zero____,_____817,
63,63,get,three___,_____169,
63,63,get,zero____,_____193,
63,63,get,zero____,_____664,
63,63,get,two_____,_____156,
63,63,get,one_____,_____330,
63,63,get,zero____,_____546,
63,63,get,four____,_____818,
63,63,get,four____,_____887,
63,63,get,two_____,_____606,
63,63,commit,,,

64,64,get,zero____,_____952,
64,64,get,three___,_____655,
64,64,get,four____,______17,
64,64,get,four____,______99,
64,64,get,four____,______90,
64,64,get,zero____,_____754,
64,64,get,two_____,_____397,
64,64,get,zero____,_____296,
64,64,get,four____,_____100,
64,64,get,zero____,_____944,
64,64,commit,,,

65,65,get,one_____,_____977,
65,65,get,zero____,_____299,
65,65,get,four____,______91,
65,65,get,three___,______27,
65,65,get,one_____,_____999,
65,65,get,two_____,_____314,
65,65,get,two_____,_____126,
65,65,get,three___,_____294,
65,65,get,three___,_____798,
65,65,get,three___,_____435,
65,65,commit,,,

66,66,get,two_____,_____611,
66,66,get,one_____,_____259,
66,66,get,two_____,_____716,
66,66,get,four____,_____887,
66,66,get,one_____,_____188,
66,66,get,one_____,_____785,
66,66,get,four____,_____424,
66,66,get,three___,_____536,
66,66,get,one_____,_____709,
66,66,commit,,,

67,67,get,three___,_____536,
67,67,get,three___,_____639,
67,67,get,one_____,_____416,
67,67,get,three___,_____451,
67,67,get,three___,______40,
67,67,get,two_____,_____510,
67,67,get,four____,_____305,
67,67,get,one_____,_____888,
67,67,get,four____,_____264,
67,67,get,three___,_____333,
67,67,get,three___,_____639,
67,67,get,two_____,_____369,
67,67,commit,,,

68,68,get,zero____,_____401,
68,68,get,four____,_____558,
68,68,get,three___,_____841,
68,68,get,one_____,_____500,
68,68,get,one_____,_____453,
68,68,get,two_____,_____156,
68,68,get,zero____,_____731,
68,68,get,two_____,_____475,
68,68,get,zero____,_____261,
68,68,get,one_____,_____416,
68,68,get,one_____,______20,
68,68,get,zero____,_____209,
68,68,commit,,,

69,69,get,one_____,_____968,
69,69,get,zero____,_____227,
69,69,get,four____,_____769,
69,69,get,zero____,_____579,
69,69,get,three___,_____854,
69,69,get,three___,_____349,
69,69,get,four____,_____822,
69,69,get,zero____,_____320,
69,69,get,one_____,_____391,
69,69,commit,,,

70,70,get,one_____,_____249,
70,70,get,four____,_____351,
70,70,get,zero____,_____812,
70,70,get,zero____,_____605,
70,70,get,four____,_____899,
70,70,get,zero____,_____572,
70,70,get,two_____,_____268,
70,70,get,two_____,_____331,
70,70,get,zero____,_____487,
70,70,get,zero____,_____826,
70,70,get,two_____,_____788,
70,70,commit,,,

71,71,get,four____,_____760,
71,71,get,two_____,_____165,
71,71,get,two_____,_____589,
71,71,get,three___,_______5,
71,71,get,zero____,_____926,
71,71,get,zero____,_____212,
71,71,get,zero____,_____664,
71,71,get,one_____,_____134,
71,71,get,zero____,_____142,
71,71,get,three___,_____655,
71,71,get,four____,_____899,
71,71,get,four____,______41,
71,71,commit,,,

72,72,get,two_____,_____502,
72,72,get,three___,_______3,
72,72,get,zero____,_____361,
72,72,get,one_____,_____681,
72,72,get,two_____,_____788,
72,72,get,three___,_____116,
72,72,get,one_____,_____347,
72,72,get,four____,_____576,
72,72,get,one_____,_____809,
72,72,commit,,,

73,73,get,one_____,_____601,
73,73,get,zero____,_____258,
73,73,get,one_____,_____945,
73,73,get,two_____,_____756,
73,73,get,one_____,_____186,
73,73,get,two_____,_____816,
73,73,get,four____,_____631,
73,73,get,one_____,_____416,
73,73,get,one_____,_____958,
73,73,get,one_____,_____432,
73,73,get,zero____,______76,
73,73,get,two_____,_____190,
73,73,commit,,,

74,74,get,one_____,_____371,
74,74,get,one_____,_____790,
74,74,get,two_____,_____474,
74,74,get,four____,_____630,
74,74,get,zero____,_____710,
74,74,get,four____,_____422,
74,74,get,three___,_____639,
74,74,get,two_____,_____894,
74,74,get,two_____,______87,
74,74,commit,,,

75,75,get,two_____,_____766,
75,75,get,four____,_____779,
75,75,get,three___,______15,
75,75,get,one_____,_____358,
75,75,get,two_____,_____606,
75,75,get,three___,_____104,
75,75,get,zero____,_____710,
75,75,get,zero____,_____587,
75,75,get,one_____,_____665,
75,75,get,zero____,_____136,
75,75,get,four____,_____597,
75,75,get,three___,_____950,
75,75,commit,,,

76,76,get,three___,_____379,
76,76,get,zero____,_____729,
76,76,get,zero____,_____306,
76,76,get,one_____,_____849,
76,76,get,zero____,_____895,
76,76,get,zero____,_____258,
76,76,get,four____,_____234,
76,76,get,three___,_____293,
76,76,get,three___,_____984,
76,76,get,four____,_____422,
76,76,get,two_____,_____499,
76,76,commit,,,

77,77,get,four____,_____409,
77,77,get,zero____,_____895,
77,77,get,four____,_____486,
77,77,get,four____,_____339,
77,77,get,four____,_____498,
77,77,get,one_____,_____690,
77,77,get,four____,_____597,
77,77,get,zero____,_____200,
77,77,commit,,,

78,78,get,zero____,_____853,
78,78,get,two_____,_____991,
78,78,get,three___,______82,
78,78,get,one_____,_____382,
78,78,get,zero____,_____856,
78,78,get,four____,______86,
78,78,get,four____,_____899,
78,78,get,three___,_____836,
78,78,get,two_____,_____622,
78,78,get,four____,_____137,
78,78,get,one_____,_____231,
78,78,get,four____,_____498,
78,78,commit,,,

79,79,get,two_____,_____250,
79,79,get,three___,_____219,
79,79,get,two_____,_____608,
79,79,get,zero____,_____290,
79,79,get,zero____,_____802,
79,79,get,three___,_____319,
79,79,get,three___,_____837,
79,79,get,two_____,_____549,
79,79,get,zero____,_____504,
79,79,get,zero____,_____741,
79,79,get,four____,_____170,
79,79,get,zero____,_____265,
79,79,commit,,,

80,80,get,three___,_____836,
80,80,get,one_____,_____125,
80,80,get,three___,_____938,
80,80,get,three___,_____667,
80,80,get,zero____,_____644,
80,80,get,four____,_____939,
80,80,get,two_____,_____428,
80,80,get,two_____,_____719,
80,80,get,three___,_____542,
80,80,get,two_____,_____468,
80,80,commit,,,

81,81,get,one_____,_____377,
81,81,get,zero____,______63,
81,81,get,one_____,_____108,
81,81,get,three___,_____753,
81,81,get,two_____,_____885,
81,81,get,four____,_____621,
81,81,get,one_____,_____103,
81,81,get,two_____,_____156,
81,81,get,one_____,_____789,
81,81,get,zero____,_____990,
81,81,get,two_____,______98,
81,81,commit,,,

82,82,get,zero____,_____489,
82,82,get,three___,_____542,
82,82,get,four____,_____617,
82,82,get,one_____,_____989,
82,82,get,three___,_____346,
82,82,get,four____,_____637,
82,82,get,four____,______17,
82,82,get,three___,_____451,
82,82,get,three___,______30,
82,82,commit,,,

83,83,get,four____,______18,
83,83,get,one_____,_____762,
83,83,get,one_____,_____216,
83,83,get,three___,_____648,
83,83,get,two_____,_____894,
83,83,get,one_____,_____612,
83,83,get,two_____,_____220,
83,83,get,two_____,_____143,
83,83,get,two_____,_____481,
83,83,commit,,,

84,84,get,one_____,_____509,
84,84,get,one_____,_____795,
84,84,get,one_____,_____565,
84,84,get,three___,_____604,
84,84,get,one_____,_____103,
84,84,get,one_____,_____402,
84,84,get,three___,_____863,
84,84,get,three___,_____836,
84,84,get,two_____,_____394,
84,84,get,four____,_____942,
84,84,get,zero____,______23,
84,84,commit,,,

85,85,get,three___,_____641,
85,85,get,zero____,_____802,
85,85,get,four____,_____616,
85,85,get,two_____,______84,
85,85,get,zero____,_____517,
85,85,get,one_____,_____129,
85,85,get,zero____,_____467,
85,85,get,three___,_____974,
85,85,get,zero____,_____227,
85,85,commit,,,

86,86,get,two_____,______87,
86,86,get,one_____,_____450,
86,86,get,three___,_____980,
86,86,get,four____,_____422,
86,86,get,four____,_______1,
86,86,get,one_____,_____242,
86,86,get,three___,_____349,
86,86,get,zero____,_____119,
86,86,get,zero____,_____520,
86,86,get,three___,_____726,
86,86,get,four____,_____570,
86,86,get,four____,______55,
86,86,commit,,,

87,87,get,three___,_____375,
87,87,get,four____,_____564,
87,87,get,one_____,_____152,
87,87,get,three___,______24,
87,87,get,four____,_____631,
87,87,get,three___,_____874,
87,87,get,one_____,_____795,
87,87,get,zero____,______78,
87,87,get,three___,_____930,
87,87,get,one_____,_____108,
87,87,get,three___,_____131,
87,87,commit,,,

88,88,get,three___,_____375,
88,88,get,zero____,_____492,
88,88,get,two_____,_____676,
88,88,get,four____,_____911,
88,88,get,three___,_____189,
88,88,get,three___,_____642,
88,88,get,three___,______85,
88,88,get,two_____,_____936,
88,88,get,three___,_____984,
88,88,get,one_____,_____455,
88,88,commit,,,

89,89,get,zero____,_____477,
89,89,get,three___,_____814,
89,89,get,one_____,_____120,
89,89,get,one_____,______20,
89,89,get,four____,_____730,
89,89,get,two_____,_____713,
89,89,get,zero____,_____598,
89,89,get,zero____,_______6,
89,89,get,four____,_____807,
89,89,get,zero____,_____817,
89,89,commit,,,

90,90,get,zero____,_____799,
90,90,get,one_____,_____791,
90,90,get,four____,_____225,
90,90,get,zero____,_____799,
90,90,get,one_____,_____958,
90,90,get,one_____,_____407,
90,90,get,four____,_____531,
90,90,get,zero____,_____880,
90,90,get,zero____,______62,
90,90,get,one_____,_____645,
90,90,get,zero____,_____396,
90,90,commit,,,

91,91,get,one_____,_____875,
91,91,get,four____,_____983,
91,91,get,one_____,_____906,
91,91,get,three___,_____494,
91,91,get,three___,_____715,
91,91,get,three___,_____927,
91,91,get,four____,_____248,
91,91,get,four____,______91,
91,91,commit,,,

92,92,get,one_____,_____203,
92,92,get,four____,_____597,
92,92,get,zero____,______62,
92,92,get,zero____,_____853,
92,92,get,three___,_____375,
92,92,get,one_____,_____509,
92,92,get,one_____,_____771,
92,92,get,one_____,_____503,
92,92,get,four____,_____535,
92,92,commit,,,

93,93,get,one_____,_____712,
93,93,get,four____,_____818,
93,93,get,two_____,_____835,
93,93,get,zero____,_____265,
93,93,get,one_____,_____358,
93,93,get,two_____,_____591,
93,93,get,three___,_____981,
93,93,get,one_____,_____330,
93,93,commit,,,

94,94,get,zero____,_____288,
94,94,get,one_____,_____344,
94,94,get,zero____,_____420,
94,94,get,three___,______30,
94,94,get,two_____,_____820,
94,94,get,three___,______74,
94,94,get,two_____,_____742,
94,94,get,zero____,_____527,
94,94,get,three___,_____276,
94,94,commit,,,

95,95,get,one_____,_____505,
95,95,get,four____,_____838,
95,95,get,four____,_____616,
95,95,get,zero____,_____487,
95,95,get,one_____,_____316,
95,95,get,two_____,_____530,
95,95,get,one_____,_____774,
95,95,get,zero____,_____699,
95,95,get,three___,_____445,
95,95,get,one_____,_____115,
95,95,get,zero____,_____265,
95,95,get,two_____,_____190,
95,95,commit,,,

96,96,get,three___,_____429,
96,96,get,one_____,_____791,
96,96,get,zero____,_____139,
96,96,get,three___,______69,
96,96,get,one_____,_____407,
96,96,get,two_____,_____121,
96,96,get,four____,_____144,
96,96,get,two_____,_____468,
96,96,get,four____,_____824,
96,96,commit,,,

97,97,get,two_____,_____190,
97,97,get,one_____,_____128,
97,97,get,three___,_____413,
97,97,get,one_____,_____684,
97,97,get,two_____,_____201,
97,97,get,zero____,_____285,
97,97,get,one_____,_____138,
97,97,get,four____,_____700,
97,97,get,one_____,_____512,
97,97,get,four____,_____351,
97,97,commit,,,

98,98,get,three___,_____927,
98,98,get,four____,_____441,
98,98,get,four____,_____724,
98,98,get,three___,_____647,
98,98,get,zero____,_____969,
98,98,get,one_____,_____976,
98,98,get,two_____,_____786,
98,98,get,four____,______21,
98,98,get,three___,_____669,
98,98,commit,,,

99,99,get,one_____,_____405,
99,99,get,three___,_____653,
99,99,get,four____,_____345,
99,99,get,two_____,_____408,
99,99,get,one_____,_____456,
99,99,get,two_____,_____392,
99,99,get,one_____,______43,
99,99,get,zero____,_____697,
99,99,get,two_____,_____548,
99,99,get,two_____,_____472,
99,99,get,four____,_____110,
99,99,commit,,,

100,100,get,three___,_____276,
100,100,get,two_____,_____882,
100,100,get,two_____,_____471,
100,100,get,two_____,_____698,
100,100,get,two_____,______77,
100,100,get,four____,_____576,
100,100,get,two_____,_____713,
100,100,get,four____,______18,
100,100,get,two_____,_____845,
100,100,commit,,,

101,101,get,one_____,_____337,
101,101,get,one_____,_____323,
101,101,get,zero____,______12,
101,101,get,two_____,_____894,
101,101,get,two_____,_____538,
101,101,get,four____,_____877,
101,101,get,three___,_____340,
101,101,get,three___,_____194,
101,101,get,four____,_____807,
101,101,get,three___,_____803,
101,101,get,four____,_____942,
101,101,get,zero____,_____482,
101,101,commit,,,

102,102,get,two_____,_____369,
102,102,get,zero____,_____559,
102,102,get,three___,_____803,
102,102,get,zero____,_____699,
102,102,get,four____,_____904,
102,102,get,zero____,_____146,
102,102,get,zero____,_____301,
102,102,get,zero____,_____326,
102,102,get,zero____,_____915,
102,102,get,two_____,_____742,
102,102,get,one_____,_____206,
102,102,get,zero____,_____404,
102,102,commit,,,

103,103,get,zero____,_____802,
103,103,get,three___,_____675,
103,103,get,one_____,_____163,
103,103,get,two_____,_____230,
103,103,get,two_____,_____335,
103,103,get,four____,_____234,
103,103,get,four____,_____735,
103,103,get,one_____,______71,
103,103,get,one_____,_____574,
103,103,get,four____,_____535,
103,103,commit,,,

104,104,get,zero____,_____146,
104,104,get,four____,_____822,
104,104,get,four____,______17,
104,104,get,zero____,______12,
104,104,get,zero____,_____826,
104,104,get,four____,_____253,
104,104,get,zero____,_____114,
104,104,get,zero____,_____559,
104,104,get,two_____,_____481,
104,104,get,three___,______24,
104,104,commit,,,

105,105,get,zero____,_____767,
105,105,get,three___,_____914,
105,105,get,three___,_____346,
105,105,get,one_____,_____102,
105,105,get,two_____,_____518,
105,105,get,one_____,_____690,
105,105,get,three___,_____277,
105,105,get,one_____,_____574,
105,105,commit,,,

106,106,get,two_____,_____233,
106,106,get,zero____,_____161,
106,106,get,zero____,_____448,
106,106,get,zero____,_____628,
106,106,get,four____,_____264,
106,106,get,zero____,_____180,
106,106,get,three___,_____778,
106,106,get,zero____,______44,
106,106,get,one_____,_____120,
106,106,get,zero____,_____446,
106,106,commit,,,

107,107,get,four____,_____768,
107,107,get,three___,______32,
107,107,get,one_____,_____989,
107,107,get,three___,_____950,
107,107,get,four____,_____498,
107,107,get,three___,_____515,
107,107,get,zero____,_______8,
107,107,get,four____,_____531,
107,107,commit,,,

108,108,get,one_____,_____956,
108,108,get,one_____,_____203,
108,108,get,zero____,_____575,
108,108,get,zero____,_____758,
108,108,get,four____,______49,
108,108,get,four____,_____356,
108,108,get,one_____,_____115,
108,108,get,three___,_____660,
108,108,get,zero____,_____931,
108,108,get,one_____,_____371,
108,108,commit,,,

109,109,get,one_____,_____303,
109,109,get,three___,_____694,
109,109,get,four____,_____896,
109,109,get,three___,______69,
109,109,get,two_____,_____236,
109,109,get,zero____,_____352,
109,109,get,zero____,_____290,
109,109,get,four____,_____576,
109,109,get,three___,_____633,
109,109,get,two_____,______84,
109,109,get,zero____,_____265,
109,109,get,two_____,_____738,
109,109,commit,,,

110,110,get,zero____,______44,
110,110,get,four____,_____533,
110,110,get,zero____,_____998,
110,110,get,zero____,______72,
110,110,get,one_____,_____447,
110,110,get,zero____,______72,
110,110,get,three___,______24,
110,110,get,one_____,_____601,
110,110,get,two_____,_____390,
110,110,get,three___,_____241,
110,110,commit,,,

111,111,get,zero____,_____119,
111,111,get,three___,_____104,
111,111,get,one_____,_____712,
111,111,get,four____,______38,
111,111,get,four____,_____867,
111,111,get,three___,_____431,
111,111,get,one_____,_____714,
111,111,get,three___,_____181,
111,111,commit,,,

112,112,get,one_____,_____956,
112,112,get,two_____,_____518,
112,112,get,three___,_____872,
112,112,get,four____,_____769,
112,112,get,zero____,_____527,
112,112,get,zero____,_____209,
112,112,get,three___,_____319,
112,112,get,zero____,_____365,
112,112,get,two_____,_____113,
112,112,get,two_____,_____908,
112,112,commit,,,

113,113,get,four____,_____245,
113,113,get,one_____,_____129,
113,113,get,four____,_____691,
113,113,get,one_____,_____785,
113,113,get,zero____,______59,
113,113,get,two_____,_____858,
113,113,get,four____,_____839,
113,113,get,two_____,_____439,
113,113,get,one_____,_____135,
113,113,get,four____,_____545,
113,113,commit,,,

114,114,get,two_____,_____752,
114,114,get,four____,_____464,
114,114,get,one_____,_____500,
114,114,get,four____,_____693,
114,114,get,three___,______69,
114,114,get,two_____,______35,
114,114,get,zero____,_____139,
114,114,get,two_____,_____461,
114,114,get,zero____,______83,
114,114,get,three___,_____106,
114,114,get,one_____,_____213,
114,114,get,two_____,_____176,
114,114,commit,,,

115,115,get,four____,_____877,
115,115,get,three___,_____669,
115,115,get,one_____,_____132,
115,115,get,three___,_____311,
115,115,get,one_____,_____378,
115,115,get,four____,_____100,
115,115,get,four____,_____417,
115,115,get,two_____,_____408,
115,115,get,one_____,_____223,
115,115,get,four____,_____877,
115,115,get,two_____,_____707,
115,115,commit,,,

116,116,get,three___,______79,
116,116,get,one_____,______14,
116,116,get,two_____,_____928,
116,116,get,zero____,_____412,
116,116,get,two_____,_____991,
116,116,get,one_____,_____875,
116,116,get,one_____,_____658,
116,116,get,two_____,_____331,
116,116,get,four____,_____701,
116,116,get,zero____,_____114,
116,116,commit,,,

117,117,get,one_____,_____956,
117,117,get,three___,_______5,
117,117,get,one_____,_____377,
117,117,get,two_____,_____613,
117,117,get,four____,______95,
117,117,get,one_____,_____291,
117,117,get,one_____,_____725,
117,117,get,three___,_____294,
117,117,get,two_____,_____369,
117,117,commit,,,

118,118,get,three___,_____160,
118,118,get,zero____,_____547,
118,118,get,four____,_____818,
118,118,get,three___,______46,
118,118,get,one_____,_____399,
118,118,get,two_____,_____755,
118,118,get,three___,_____938,
118,118,get,one_____,_____977,
118,118,get,one_____,_____321,
118,118,get,one_____,_____391,
118,118,get,three___,_____639,
118,118,get,zero____,_____739,
118,118,commit,,,

119,119,get,one_____,_____708,
119,119,get,four____,_____827,
119,119,get,four____,_____545,
119,119,get,two_____,_____705,
119,119,get,zero____,_____384,
119,119,get,one_____,_____762,
119,119,get,one_____,_____216,
119,119,get,four____,_____279,
119,119,get,four____,_____827,
119,119,get,two_____,_____543,
119,119,get,zero____,_____388,
119,119,get,two_____,_____766,
119,119,commit,,,

120,120,get,two_____,_____230,
120,120,get,four____,_____625,
120,120,get,three___,_____723,
120,120,get,two_____,_____676,
120,120,get,four____,______86,
120,120,get,zero____,_____261,
120,120,get,four____,_____533,
120,120,get,two_____,_____126,
120,120,commit,,,

121,121,get,four____,_____866,
121,121,get,three___,______69,
121,121,get,two_____,______87,
121,121,get,three___,_____122,
121,121,get,four____,_____339,
121,121,get,zero____,_____507,
121,121,get,four____,_____387,
121,121,get,zero____,_____654,
121,121,get,zero____,_____400,
121,121,get,three___,_____653,
121,121,get,one_____,_____551,
121,121,get,zero____,_____674,
121,121,commit,,,

122,122,get,three___,_____466,
122,122,get,zero____,______36,
122,122,get,two_____,_____538,
122,122,get,three___,_____555,
122,122,get,two_____,_____440,
122,122,get,zero____,_____800,
122,122,get,zero____,_____406,
122,122,get,four____,_____327,
122,122,get,three___,_____840,
122,122,get,three___,______33,
122,122,get,zero____,_____308,
122,122,commit,,,

123,123,get,two_____,_____761,
123,123,get,zero____,_____400,
123,123,get,three___,_____434,
123,123,get,one_____,_____405,
123,123,get,zero____,_____598,
123,123,get,zero____,_____540,
123,123,get,two_____,_____626,
123,123,get,one_____,_____259,
123,123,get,four____,_____264,
123,123,get,two_____,_____143,
123,123,commit,,,

124,124,get,three___,_____692,
124,124,get,two_____,_____140,
124,124,get,one_____,_____272,
124,124,get,three___,_____346,
124,124,get,zero____,_____495,
124,124,get,two_____,______88,
124,124,get,one_____,_____267,
124,124,get,two_____,_____224,
124,124,get,zero____,_____467,
124,124,get,four____,_____621,
124,124,get,three___,_____679,
124,124,get,four____,_____281,
124,124,commit,,,

125,125,get,three___,_____431,
125,125,get,three___,_____150,
125,125,get,one_____,_____272,
125,125,get,three___,______33,
125,125,get,zero____,______73,
125,125,get,four____,_____533,
125,125,get,two_____,_____922,
125,125,get,one_____,_____459,
125,125,get,two_____,_____475,
125,125,get,three___,_____275,
125,125,commit,,,

126,126,get,zero____,_____620,
126,126,get,one_____,_____457,
126,126,get,one_____,_____103,
126,126,get,one_____,_____342,
126,126,get,one_____,_____780,
126,126,get,zero____,_____326,
126,126,get,two_____,_____855,
126,126,get,four____,_____325,
126,126,commit,,,

127,127,get,one_____,_____378,
127,127,get,zero____,_____255,
127,127,get,three___,_____669,
127,127,get,four____,_____533,
127,127,get,zero____,_____215,
127,127,get,three___,_____642,
127,127,get,one_____,_____102,
127,127,get,three___,______30,
127,127,get,zero____,_____288,
127,127,get,four____,_____130,
127,127,commit,,,

128,128,get,two_____,_____845,
128,128,get,two_____,_____428,
128,128,get,one_____,_____541,
128,128,get,three___,_____692,
128,128,get,four____,______90,
128,128,get,two_____,_____698,
128,128,get,zero____,______36,
128,128,get,three___,______32,
128,128,get,three___,_____122,
128,128,get,zero____,_____697,
128,128,commit,,,

129,129,get,one_____,_____862,
129,129,get,one_____,_____368,
129,129,get,two_____,_____847,
129,129,get,one_____,_____128,
129,129,get,one_____,_____757,
129,129,get,two_____,_____613,
129,129,get,zero____,_____209,
129,129,get,one_____,_____574,
129,129,commit,,,

130,130,get,three___,______40,
130,130,get,three___,_____555,
130,130,get,two_____,_____894,
130,130,get,one_____,______11,
130,130,get,four____,_____846,
130,130,get,two_____,_____314,
130,130,get,one_____,_____651,
130,130,get,four____,_____463,
130,130,get,three___,_____660,
130,130,commit,,,

131,131,get,two_____,_____622,
131,131,get,one_____,_____876,
131,131,get,three___,_____972,
131,131,get,three___,_____715,
131,131,get,zero____,_____520,
131,131,get,one_____,_____259,
131,131,get,four____,_____289,
131,131,get,three___,_____150,
131,131,get,three___,_____466,
131,131,get,three___,_____104,
131,131,commit,,,

132,132,get,two_____,_____557,
132,132,get,one_____,_____251,
132,132,get,three___,_____900,
132,132,get,one_____,_____505,
132,132,get,two_____,_____436,
132,132,get,four____,_____730,
132,132,get,one_____,_____774,
132,132,get,zero____,_____915,
132,132,get,two_____,_____992,
132,132,get,four____,_____221,
132,132,get,zero____,_____961,
132,132,commit,,,

133,133,get,four____,_____100,
133,133,get,zero____,_____592,
133,133,get,zero____,_____720,
133,133,get,one_____,_____183,
133,133,get,one_____,_____757,
133,133,get,zero____,_____663,
133,133,get,zero____,_____598,
133,133,get,zero____,______63,
133,133,get,four____,_____463,
133,133,get,four____,_____662,
133,133,commit,,,

134,134,get,three___,_____169,
134,134,get,three___,_____623,
134,134,get,three___,_____814,
134,134,get,two_____,_____121,
134,134,get,three___,_____563,
134,134,get,one_____,_____459,
134,134,get,four____,_____351,
134,134,get,three___,_____953,
134,134,get,two_____,______35,
134,134,get,two_____,_____465,
134,134,commit,,,

135,135,get,three___,_____950,
135,135,get,zero____,_____897,
135,135,get,four____,_____526,
135,135,get,three___,_____490,
135,135,get,zero____,_____883,
135,135,get,one_____,_____152,
135,135,get,three___,_____878,
135,135,get,four____,_____916,
135,135,get,zero____,______93,
135,135,get,two_____,______34,
135,135,get,zero____,_____632,
135,135,get,four____,_____662,
135,135,commit,,,

136,136,get,two_____,_____751,
136,136,get,one_____,_____891,
136,136,get,three___,______79,
136,136,get,three___,_____837,
136,136,get,three___,_____970,
136,136,get,one_____,_____479,
136,136,get,one_____,_____120,
136,136,get,four____,_____170,
136,136,get,three___,_____282,
136,136,get,one_____,_____670,
136,136,get,four____,______80,
136,136,commit,,,

137,137,get,four____,_____724,
137,137,get,four____,_____385,
137,137,get,three___,_____860,
137,137,get,one_____,_____132,
137,137,get,one_____,_____842,
137,137,get,two_____,_____557,
137,137,get,two_____,_____948,
137,137,get,four____,_____325,
137,137,get,two_____,_____468,
137,137,get,four____,_____879,
137,137,get,four____,_____824,
137,137,commit,,,

138,138,get,two_____,_____556,
138,138,get,four____,_____245,
138,138,get,zero____,_____721,
138,138,get,zero____,_____683,
138,138,get,one_____,_____447,
138,138,get,zero____,_____764,
138,138,get,four____,_____553,
138,138,get,two_____,_____851,
138,138,get,two_____,_____821,
138,138,get,one_____,_____102,
138,138,get,four____,_____409,
138,138,get,two_____,_____755,
138,138,commit,,,

139,139,get,one_____,_____789,
139,139,get,zero____,_____527,
139,139,get,three___,_____534,
139,139,get,two_____,_____224,
139,139,get,one_____,_____416,
139,139,get,zero____,_____388,
139,139,get,zero____,_____285,
139,139,get,three___,_____776,
139,139,get,one_____,_____791,
139,139,get,three___,_____346,
139,139,commit,,,

140,140,get,two_____,_____902,
140,140,get,zero____,_____482,
140,140,get,four____,_____325,
140,140,get,one_____,_____771,
140,140,get,four____,_____137,
140,140,get,one_____,______48,
140,140,get,zero____,_____301,
140,140,get,two_____,_____705,
140,140,commit,,,

141,141,get,one_____,______20,
141,141,get,zero____,_____931,
141,141,get,two_____,_____474,
141,141,get,two_____,_____324,
141,141,get,two_____,_____793,
141,141,get,four____,_____279,
141,141,get,two_____,_____468,
141,141,get,one_____,_____399,
141,141,get,three___,______15,
141,141,get,one_____,_____244,
141,141,get,four____,_____947,
141,141,commit,,,

142,142,get,one_____,_____658,
142,142,get,one_____,_____551,
142,142,get,one_____,_____228,
142,142,get,zero____,_____720,
142,142,get,one_____,_____777,
142,142,get,one_____,_____453,
142,142,get,four____,_____779,
142,142,get,three___,_____633,
142,142,get,four____,_____804,
142,142,commit,,,

143,143,get,one_____,_____923,
143,143,get,three___,_____189,
143,143,get,zero____,_____632,
143,143,get,zero____,_____931,
143,143,get,zero____,_____288,
143,143,get,two_____,_____973,
143,143,get,three___,_____419,
143,143,get,two_____,_____178,
143,143,get,three___,_____107,
143,143,get,zero____,_____620,
143,143,get,one_____,_____444,
143,143,get,two_____,_____922,
143,143,commit,,,

144,144,get,two_____,_____965,
144,144,get,four____,_____629,
144,144,get,zero____,_____830,
144,144,get,three___,______68,
144,144,get,two_____,_____471,
144,144,get,zero____,_____990,
144,144,get,four____,_____417,
144,144,get,two_____,_____987,
144,144,get,two_____,_____350,
144,144,get,two_____,_____141,
144,144,commit,,,

145,145,get,two_____,_____230,
145,145,get,one_____,_____796,
145,145,get,one_____,______37,
145,145,get,zero____,_____136,
145,145,get,four____,_____570,
145,145,get,one_____,_____395,
145,145,get,three___,______33,
145,145,get,three___,_____293,
145,145,commit,,,

146,146,get,zero____,_____683,
146,146,get,two_____,_____523,
146,146,get,three___,_____536,
146,146,get,two_____,_____646,
146,146,get,three___,_____775,
146,146,get,four____,_____558,
146,146,get,zero____,_____326,
146,146,get,zero____,_____161,
146,146,get,one_____,_____134,
146,146,get,two_____,_____902,
146,146,get,zero____,_____446,
146,146,commit,,,

147,147,get,four____,_____245,
147,147,get,zero____,_____990,
147,147,get,four____,_____677,
147,147,get,four____,_____942,
147,147,get,zero____,______56,
147,147,get,three___,_____814,
147,147,get,four____,_____552,
147,147,get,two_____,_____324,
147,147,get,two_____,_____178,
147,147,commit,,,

148,148,get,three___,_____633,
148,148,get,four____,_____357,
148,148,get,zero____,_____880,
148,148,get,three___,_____723,
148,148,get,four____,_____535,
148,148,get,three___,_____429,
148,148,get,zero____,_____209,
148,148,get,one_____,_____958,
148,148,get,zero____,_____598,
148,148,get,two_____,_____901,
148,148,commit,,,

149,149,get,three___,_____972,
149,149,get,two_____,_____847,
149,149,get,two_____,_____549,
149,149,get,zero____,______54,
149,149,get,three___,_____975,
149,149,get,four____,_____947,
149,149,get,three___,______57,
149,149,get,zero____,_____898,
149,149,commit,,,

150,150,get,one_____,_____968,
150,150,get,two_____,_____439,
150,150,get,two_____,______34,
150,150,get,three___,_____241,
150,150,get,one_____,_____795,
150,150,get,zero____,_____765,
150,150,get,two_____,_____614,
150,150,get,zero____,_____819,
150,150,get,one_____,_____999,
150,150,get,four____,_____759,
150,150,get,zero____,______83,
150,150,commit,,,

151,151,get,four____,_____916,
151,151,get,four____,_____946,
151,151,get,three___,_____861,
151,151,get,two_____,_____428,
151,151,get,one_____,_____551,
151,151,get,four____,_____423,
151,151,get,one_____,_____956,
151,151,get,one_____,_____966,
151,151,get,two_____,_____773,
151,151,get,zero____,_____467,
151,151,commit,,,

152,152,get,two_____,_____201,
152,152,get,three___,______32,
152,152,get,two_____,_____557,
152,152,get,four____,_______1,
152,152,get,zero____,_____175,
152,152,get,two_____,_____940,
152,152,get,four____,_____426,
152,152,get,one_____,______11,
152,152,commit,,,

153,153,get,two_____,______84,
153,153,get,one_____,_____149,
153,153,get,zero____,_____598,
153,153,get,two_____,_____967,
153,153,get,one_____,_____809,
153,153,get,four____,_____659,
153,153,get,three___,_____772,
153,153,get,one_____,______53,
153,153,get,one_____,_____586,
153,153,get,one_____,_____223,
153,153,commit,,,

154,154,get,zero____,_____458,
154,154,get,one_____,_____551,
154,154,get,one_____,_____120,
154,154,get,two_____,_____165,
154,154,get,zero____,_____412,
154,154,get,two_____,_____689,
154,154,get,four____,_____978,
154,154,get,four____,_____631,
154,154,get,one_____,_____886,
154,154,commit,,,

155,155,get,three___,_____604,
155,155,get,four____,_____804,
155,155,get,one_____,_____342,
155,155,get,one_____,_____862,
155,155,get,four____,_____237,
155,155,get,zero____,_____511,
155,155,get,zero____,_____255,
155,155,get,zero____,_____365,
155,155,get,zero____,_____200,
155,155,commit,,,

156,156,get,zero____,_____296,
156,156,get,four____,_____691,
156,156,get,zero____,_____209,
156,156,get,four____,_____545,
156,156,get,zero____,______25,
156,156,get,three___,_____648,
156,156,get,two_____,_____816,
156,156,get,one_____,_____809,
156,156,get,zero____,_____740,
156,156,commit,,,

157,157,get,four____,_____544,
157,157,get,one_____,______89,
157,157,get,one_____,_____513,
157,157,get,one_____,_____903,
157,157,get,three___,_____667,
157,157,get,zero____,_____592,
157,157,get,zero____,_____829,
157,157,get,three___,_____647,
157,157,get,zero____,_____898,
157,157,get,one_____,_____353,
157,157,get,two_____,_____201,
157,157,commit,,,

158,158,get,zero____,_______6,
158,158,get,four____,_____411,
158,158,get,four____,_______7,
158,158,get,one_____,_____315,
158,158,get,one_____,______75,
158,158,get,two_____,______98,
158,158,get,four____,_____498,
158,158,get,two_____,_____468,
158,158,get,two_____,_____140,
158,158,get,two_____,_____440,
158,158,get,two_____,____1000,
158,158,get,three___,_____900,
158,158,commit,,,

159,159,get,three___,_____506,
159,159,get,one_____,_____393,
159,159,get,four____,_____111,
159,159,get,zero____,_____458,
159,159,get,three___,_____469,
159,159,get,zero____,_______8,
159,159,get,one_____,_____771,
159,159,get,four____,_____599,
159,159,commit,,,

160,160,get,two_____,_____397,
160,160,get,three___,_____219,
160,160,get,one_____,_____684,
160,160,get,three___,_____286,
160,160,get,four____,_____348,
160,160,get,zero____,_____920,
160,160,get,zero____,_____729,
160,160,get,zero____,_____404,
160,160,get,two_____,_____427,
160,160,get,one_____,_____500,
160,160,get,three___,_____532,
160,160,commit,,,

161,161,get,zero____,_____628,
161,161,get,two_____,_____884,
161,161,get,three___,_____648,
161,161,get,two_____,_____991,
161,161,get,three___,_____623,
161,161,get,four____,_____356,
161,161,get,four____,_____946,
161,161,get,four____,_____962,
161,161,get,one_____,_____875,
161,161,commit,,,

162,162,get,four____,_____545,
162,162,get,four____,_____911,
162,162,get,three___,_____131,
162,162,get,four____,_____338,
162,162,get,one_____,_____509,
162,162,get,one_____,_____213,
162,162,get,three___,_____413,
162,162,get,zero____,_____652,
162,162,get,zero____,_____195,
162,162,commit,,,

163,163,get,three___,_____155,
163,163,get,four____,_____701,
163,163,get,one_____,_____891,
163,163,get,three___,_____269,
163,163,get,four____,_____899,
163,163,get,four____,_____724,
163,163,get,one_____,_____149,
163,163,get,two_____,_____773,
163,163,get,one_____,_____795,
163,163,get,zero____,_____799,
163,163,commit,,,

164,164,get,one_____,_____134,
164,164,get,two_____,_____392,
164,164,get,zero____,_____388,
164,164,get,one_____,_____733,
164,164,get,one_____,_____198,
164,164,get,three___,_____536,
164,164,get,three___,_____466,
164,164,get,three___,_____379,
164,164,get,one_____,_____513,
164,164,commit,,,

165,165,get,three___,_______3,
165,165,get,zero____,_____227,
165,165,get,zero____,_____361,
165,165,get,zero____,_____139,
165,165,get,four____,_____911,
165,165,get,three___,_____194,
165,165,get,zero____,_____810,
165,165,get,two_____,_____859,
165,165,commit,,,

166,166,get,three___,_____375,
166,166,get,four____,_____154,
166,166,get,three___,_____438,
166,166,get,three___,_____168,
166,166,get,zero____,______12,
166,166,get,one_____,_____270,
166,166,get,one_____,_____670,
166,166,get,one_____,_____259,
166,166,get,three___,_____528,
166,166,commit,,,

167,167,get,zero____,_____652,
167,167,get,one_____,_____203,
167,167,get,one_____,_____717,
167,167,get,three___,______81,
167,167,get,one_____,_____923,
167,167,get,three___,_____671,
167,167,get,one_____,_____377,
167,167,get,one_____,_____459,
167,167,get,zero____,_____365,
167,167,commit,,,

168,168,get,one_____,_____447,
168,168,get,four____,_______7,
168,168,get,zero____,______42,
168,168,get,three___,_____775,
168,168,get,four____,_____617,
168,168,get,four____,______17,
168,168,get,four____,_____264,
168,168,get,one_____,_____313,
168,168,get,one_____,______43,
168,168,get,four____,_____351,
168,168,get,one_____,_____378,
168,168,commit,,,

169,169,get,one_____,_____999,
169,169,get,zero____,_____517,
169,169,get,two_____,_____885,
169,169,get,zero____,_____454,
169,169,get,zero____,_____366,
169,169,get,zero____,______19,
169,169,get,four____,______95,
169,169,get,two_____,_____190,
169,169,get,three___,_____307,
169,169,commit,,,

170,170,get,two_____,_____698,
170,170,get,zero____,______22,
170,170,get,two_____,_____885,
170,170,get,three___,_______9,
170,170,get,one_____,_____455,
170,170,get,four____,_____381,
170,170,get,one_____,_____105,
170,170,get,zero____,_____909,
170,170,get,one_____,_____601,
170,170,get,zero____,_____764,
170,170,get,four____,______80,
170,170,commit,,,

171,171,get,one_____,_____163,
171,171,get,three___,_____346,
171,171,get,one_____,_____453,
171,171,get,one_____,_____809,
171,171,get,four____,_____544,
171,171,get,one_____,_____163,
171,171,get,four____,_____137,
171,171,get,zero____,_____871,
171,171,commit,,,

172,172,get,three___,_____374,
172,172,get,four____,_____552,
172,172,get,zero____,_____406,
172,172,get,zero____,_____802,
172,172,get,two_____,_____523,
172,172,get,two_____,_____254,
172,172,get,two_____,_____973,
172,172,get,three___,______30,
172,172,get,three___,_____560,
172,172,get,three___,_____434,
172,172,get,three___,_____241,
172,172,get,two_____,_____936,
172,172,commit,,,

173,173,get,two_____,_____858,
173,173,get,three___,_____974,
173,173,get,two_____,_____147,
173,173,get,one_____,_____586,
173,173,get,four____,_____327,
173,173,get,four____,_____305,
173,173,get,three___,_____634,
173,173,get,two_____,_____571,
173,173,get,zero____,_____380,
173,173,get,zero____,_____595,
173,173,commit,,,

174,174,get,one_____,_____737,
174,174,get,zero____,_____802,
174,174,get,one_____,_____262,
174,174,get,zero____,_____578,
174,174,get,three___,_____841,
174,174,get,four____,_____978,
174,174,get,four____,_____109,
174,174,get,two_____,_____965,
174,174,commit,,,

175,175,get,zero____,_____819,
175,175,get,one_____,_____138,
175,175,get,four____,_____325,
175,175,get,three___,_____550,
175,175,get,four____,_____218,
175,175,get,two_____,_____350,
175,175,get,three___,_____910,
175,175,get,three___,______27,
175,175,get,four____,_____939,
175,175,get,zero____,_____255,
175,175,get,one_____,_____862,
175,175,get,two_____,_____643,
175,175,commit,,,

176,176,get,four____,______51,
176,176,get,three___,_____602,
176,176,get,three___,_____410,
176,176,get,three___,_____550,
176,176,get,one_____,_____783,
176,176,get,one_____,_____267,
176,176,get,two_____,_____548,
176,176,get,four____,______49,
176,176,get,one_____,_____295,
176,176,get,three___,_____974,
176,176,get,four____,_____808,
176,176,get,three___,_____252,
176,176,commit,,,

177,177,get,four____,______51,
177,177,get,two_____,_____713,
177,177,get,two_____,_____268,
177,177,get,one_____,_____794,
177,177,get,zero____,______73,
177,177,get,four____,_____911,
177,177,get,four____,_____946,
177,177,get,four____,______90,
177,177,commit,,,

178,178,get,one_____,_____565,
178,178,get,four____,_____225,
178,178,get,four____,_____890,
178,178,get,two_____,_____386,
178,178,get,three___,_____515,
178,178,get,four____,_____424,
178,178,get,one_____,_____573,
178,178,get,two_____,_____199,
178,178,get,four____,_____415,
178,178,get,three___,______46,
178,178,get,four____,______80,
178,178,commit,,,

179,179,get,two_____,_____518,
179,179,get,one_____,_____684,
179,179,get,two_____,_____782,
179,179,get,three___,_____975,
179,179,get,zero____,_____308,
179,179,get,two_____,_____738,
179,179,get,two_____,______87,
179,179,get,one_____,_____260,
179,179,get,zero____,_____802,
179,179,get,two_____,_____392,
179,179,commit,,,

180,180,get,four____,_____357,
180,180,get,four____,_____577,
180,180,get,three___,_____239,
180,180,get,zero____,_____680,
180,180,get,zero____,_____740,
180,180,get,two_____,_____392,
180,180,get,four____,_____748,
180,180,get,two_____,______84,
180,180,get,zero____,______59,
180,180,get,two_____,_____113,
180,180,get,four____,_____804,
180,180,commit,,,

181,181,get,four____,_____594,
181,181,get,two_____,_____521,
181,181,get,two_____,______34,
181,181,get,three___,_____106,
181,181,get,one_____,_____762,
181,181,get,three___,_____841,
181,181,get,zero____,_____764,
181,181,get,zero____,______31,
181,181,get,two_____,_____392,
181,181,get,two_____,_____510,
181,181,get,two_____,______16,
181,181,commit,,,

182,182,get,three___,_____375,
182,182,get,four____,_____544,
182,182,get,zero____,_____740,
182,182,get,one_____,_____456,
182,182,get,two_____,_____894,
182,182,get,three___,_____155,
182,182,get,four____,______99,
182,182,get,three___,_____534,
182,182,get,four____,_______1,
182,182,get,one_____,_____295,
182,182,commit,,,

183,183,get,four____,_____172,
183,183,get,two_____,_____752,
183,183,get,zero____,______72,
183,183,get,one_____,_____138,
183,183,get,three___,_____694,
183,183,get,three___,_____994,
183,183,get,three___,_____452,
183,183,get,one_____,_____449,
183,183,get,one_____,_____262,
183,183,get,three___,_____623,
183,183,get,four____,_____603,
183,183,get,zero____,_____652,
183,183,commit,,,

184,184,get,one_____,_____574,
184,184,get,two_____,_____732,
184,184,get,one_____,_____135,
184,184,get,two_____,_____557,
184,184,get,zero____,_____829,
184,184,get,one_____,_____658,
184,184,get,three___,_____836,
184,184,get,zero____,_____209,
184,184,get,three___,_____107,
184,184,get,two_____,_____788,
184,184,commit,,,

185,185,get,one_____,_____610,
185,185,get,two_____,_____787,
185,185,get,one_____,_____777,
185,185,get,zero____,_____710,
185,185,get,zero____,_____400,
185,185,get,three___,_____634,
185,185,get,four____,_____497,
185,185,get,one_____,_____157,
185,185,get,four____,_____496,
185,185,get,three___,_____131,
185,185,get,two_____,_____165,
185,185,commit,,,

186,186,get,four____,______86,
186,186,get,four____,_____173,
186,186,get,four____,_____916,
186,186,get,three___,_____872,
186,186,get,four____,_____221,
186,186,get,three___,_______4,
186,186,get,three___,______79,
186,186,get,three___,_____490,
186,186,get,two_____,_____992,
186,186,commit,,,

187,187,get,two_____,_____268,
187,187,get,zero____,_____205,
187,187,get,one_____,______75,
187,187,get,three___,_____349,
187,187,get,four____,_____971,
187,187,get,one_____,_____259,
187,187,get,three___,_____638,
187,187,get,one_____,_____231,
187,187,get,four____,______49,
187,187,commit,,,

188,188,get,three___,_____985,
188,188,get,one_____,_____601,
188,188,get,one_____,_____712,
188,188,get,zero____,_____654,
188,188,get,two_____,_____176,
188,188,get,one_____,_____272,
188,188,get,one_____,_____321,
188,188,get,three___,_____970,
188,188,get,two_____,_____571,
188,188,get,zero____,______12,
188,188,commit,,,

189,189,get,zero____,_____238,
189,189,get,four____,_____916,
189,189,get,two_____,_____967,
189,189,get,three___,_____781,
189,189,get,three___,_____997,
189,189,get,zero____,_____792,
189,189,get,three___,_____554,
189,189,get,one_____,_____316,
189,189,get,zero____,_____944,
189,189,commit,,,

190,190,get,two_____,______88,
190,190,get,three___,_____307,
190,190,get,three___,_____524,
190,190,get,three___,_____362,
190,190,get,three___,_____604,
190,190,get,zero____,_____826,
190,190,get,zero____,_____578,
190,190,get,two_____,______87,
190,190,get,two_____,_____996,
190,190,commit,,,

191,191,get,zero____,_____529,
191,191,get,three___,_____101,
191,191,get,one_____,_____976,
191,191,get,zero____,_____592,
191,191,get,two_____,_____608,
191,191,get,four____,______80,
191,191,get,three___,_____410,
191,191,get,four____,______92,
191,191,get,three___,_____367,
191,191,commit,,,

192,192,get,two_____,_____226,
192,192,get,four____,_____387,
192,192,get,three___,_____972,
192,192,get,zero____,_____278,
192,192,get,zero____,_____864,
192,192,get,one_____,_____722,
192,192,get,three___,_____639,
192,192,get,four____,_____890,
192,192,get,one_____,_____274,
192,192,get,one_____,_____260,
192,192,commit,,,

193,193,get,one_____,_____903,
193,193,get,one_____,______53,
193,193,get,four____,_____916,
193,193,get,three___,_____635,
193,193,get,four____,_____947,
193,193,get,one_____,_____500,
193,193,get,one_____,_____108,
193,193,get,two_____,_____987,
193,193,get,four____,_____561,
193,193,commit,,,

194,194,get,two_____,_____485,
194,194,get,four____,_____951,
194,194,get,two_____,_____786,
194,194,get,zero____,_____476,
194,194,get,two_____,_____518,
194,194,get,three___,_____145,
194,194,get,two_____,______39,
194,194,get,zero____,_____398,
194,194,get,three___,_____634,
194,194,get,three___,_____429,
194,194,commit,,,

195,195,get,two_____,_____571,
195,195,get,one_____,______89,
195,195,get,one_____,_____565,
195,195,get,one_____,_____514,
195,195,get,two_____,_____355,
195,195,get,one_____,_____771,
195,195,get,two_____,_____855,
195,195,get,zero____,_____960,
195,195,get,four____,_____558,
195,195,get,two_____,_____436,
195,195,get,one_____,_____207,
195,195,commit,,,

196,196,get,four____,_____804,
196,196,get,four____,_____935,
196,196,get,three___,_____772,
196,196,get,two_____,_____548,
196,196,get,three___,_____639,
196,196,get,two_____,_____475,
196,196,get,three___,_____155,
196,196,get,two_____,_____696,
196,196,commit,,,

197,197,get,one_____,_____501,
197,197,get,four____,_____144,
197,197,get,two_____,_____932,
197,197,get,one_____,_____371,
197,197,get,three___,_____536,
197,197,get,zero____,_____482,
197,197,get,zero____,_____265,
197,197,get,two_____,_____433,
197,197,get,four____,_____545,
197,197,commit,,,

198,198,get,four____,_____564,
198,198,get,zero____,______59,
198,198,get,two_____,_____324,
198,198,get,two_____,_____832,
198,198,get,three___,______15,
198,198,get,one_____,_____537,
198,198,get,one_____,_____906,
198,198,get,zero____,_____320,
198,198,get,two_____,_____214,
198,198,get,three___,_____257,
198,198,get,one_____,_____762,
198,198,commit,,,

199,199,get,four____,______99,
199,199,get,zero____,_____644,
199,199,get,one_____,_____537,
199,199,get,three___,_____235,
199,199,get,four____,_____904,
199,199,get,zero____,_____579,
199,199,get,zero____,_____559,
199,199,get,four____,_____769,
199,199,get,one_____,_____267,
199,199,get,one_____,_____421,
199,199,get,three___,_____542,
199,199,commit,,,

200,200,get,one_____,_____651,
200,200,get,two_____,_____468,
200,200,get,zero____,_____118,
200,200,get,three___,_____550,
200,200,get,zero____,_____812,
200,200,get,two_____,_____591,
200,200,get,three___,_____430,
200,200,get,zero____,_____909,
200,200,commit,,,

201,201,get,one_____,_____968,
201,201,get,three___,_____980,
201,201,get,zero____,_____595,
201,201,get,one_____,_____453,
201,201,get,one_____,______14,
201,201,get,one_____,_____645,
201,201,get,three___,_____905,
201,201,get,one_____,_____129,
201,201,get,three___,______82,
201,201,get,four____,_____253,
201,201,get,three___,_____340,
201,201,commit,,,

202,202,get,one_____,______75,
202,202,get,four____,_____480,
202,202,get,zero____,_____749,
202,202,get,four____,_____325,
202,202,get,three___,_____580,
202,202,get,four____,_____305,
202,202,get,four____,_____962,
202,202,get,zero____,_____925,
202,202,get,three___,_____975,
202,202,get,three___,_____307,
202,202,get,two_____,_____820,
202,202,get,two_____,_____991,
202,202,commit,,,

203,203,get,one_____,______53,
203,203,get,two_____,_____965,
203,203,get,zero____,_____654,
203,203,get,three___,_____653,
203,203,get,zero____,_____366,
203,203,get,four____,_____464,
203,203,get,zero____,_____673,
203,203,get,three___,_____375,
203,203,get,one_____,_____321,
203,203,get,one_____,_____956,
203,203,get,one_____,_____762,
203,203,get,three___,_____657,
203,203,commit,,,

204,204,get,one_____,_____736,
204,204,get,three___,_____957,
204,204,get,zero____,_____697,
204,204,get,one_____,_____228,
204,204,get,zero____,_____587,
204,204,get,two_____,_____530,
204,204,get,one_____,_____959,
204,204,get,four____,_____305,
204,204,get,two_____,_____324,
204,204,get,four____,_____544,
204,204,commit,,,

205,205,get,one_____,_____977,
205,205,get,three___,_____319,
205,205,get,one_____,_____958,
205,205,get,zero____,_____388,
205,205,get,one_____,_____267,
205,205,get,one_____,_____842,
205,205,get,three___,_____872,
205,205,get,four____,_____351,
205,205,get,one_____,_____703,
205,205,commit,,,

206,206,get,two_____,_____738,
206,206,get,one_____,_____850,
206,206,get,two_____,_____696,
206,206,get,four____,______86,
206,206,get,three___,______69,
206,206,get,one_____,_____203,
206,206,get,one_____,_____501,
206,206,get,four____,_____486,
206,206,get,two_____,_____848,
206,206,get,zero____,_____404,
206,206,get,two_____,_____858,
206,206,commit,,,

207,207,get,two_____,_____481,
207,207,get,four____,_____603,
207,207,get,zero____,_____674,
207,207,get,two_____,_____593,
207,207,get,four____,_____522,
207,207,get,one_____,_____120,
207,207,get,zero____,_____388,
207,207,get,zero____,______36,
207,207,get,one_____,_____610,
207,207,get,one_____,_____402,
207,207,commit,,,

208,208,get,four____,_____662,
208,208,get,zero____,_____123,
208,208,get,zero____,_____448,
208,208,get,four____,_____385,
208,208,get,three___,______74,
208,208,get,three___,_____269,
208,208,get,three___,_____692,
208,208,get,four____,_____264,
208,208,get,three___,_____865,
208,208,commit,,,

209,209,get,four____,_____211,
209,209,get,two_____,_____832,
209,209,get,zero____,_____380,
209,209,get,three___,_____840,
209,209,get,one_____,_____186,
209,209,get,one_____,_____892,
209,209,get,one_____,_____242,
209,209,get,four____,_____561,
209,209,get,three___,_____452,
209,209,get,zero____,_____460,
209,209,get,one_____,_____708,
209,209,commit,,,

210,210,get,zero____,_____161,
210,210,get,two_____,_____556,
210,210,get,two_____,_____518,
210,210,get,zero____,______42,
210,210,get,one_____,_____391,
210,210,get,zero____,_____739,
210,210,get,zero____,______44,
210,210,get,zero____,_____931,
210,210,commit,,,

211,211,get,two_____,_____557,
211,211,get,zero____,_____205,
211,211,get,one_____,_____455,
211,211,get,one_____,_____112,
211,211,get,four____,_____768,
211,211,get,one_____,_____525,
211,211,get,one_____,_____149,
211,211,get,zero____,_____792,
211,211,get,three___,_____182,
211,211,get,zero____,_____720,
211,211,get,two_____,_____835,
211,211,get,one_____,_____966,
211,211,commit,,,

212,212,get,one_____,_____888,
212,212,get,one_____,_____708,
212,212,get,zero____,_____336,
212,212,get,four____,_____234,
212,212,get,one_____,_____695,
212,212,get,three___,_____550,
212,212,get,two_____,_____928,
212,212,get,zero____,_____941,
212,212,commit,,,

213,213,get,zero____,_____470,
213,213,get,three___,_____374,
213,213,get,one_____,_____393,
213,213,get,zero____,_____853,
213,213,get,one_____,_____889,
213,213,get,zero____,_____504,
213,213,get,four____,_____387,
213,213,get,three___,_____642,
213,213,get,one_____,_____725,
213,213,get,three___,_____425,
213,213,commit,,,

214,214,get,two_____,_____428,
214,214,get,two_____,_____821,
214,214,get,one_____,_____337,
214,214,get,three___,_____431,
214,214,get,two_____,_____901,
214,214,get,one_____,_____125,
214,214,get,two_____,_____530,
214,214,get,three___,_____445,
214,214,get,three___,_____970,
214,214,get,three___,_____905,
214,214,get,two_____,_____786,
214,214,get,three___,_____636,
214,214,commit,,,

215,215,get,one_____,_____999,
215,215,get,two_____,_____369,
215,215,get,four____,_____154,
215,215,get,one_____,_____612,
215,215,get,zero____,_____412,
215,215,get,zero____,______56,
215,215,get,zero____,_____529,
215,215,get,two_____,_____408,
215,215,get,one_____,_____690,
215,215,commit,,,

216,216,get,zero____,_____255,
216,216,get,three___,_____133,
216,216,get,one_____,_____179,
216,216,get,one_____,_____399,
216,216,get,four____,_____942,
216,216,get,one_____,_____105,
216,216,get,zero____,_____414,
216,216,get,one_____,_____762,
216,216,get,three___,_____528,
216,216,get,two_____,_____707,
216,216,get,three___,_____169,
216,216,commit,,,

217,217,get,four____,_____423,
217,217,get,three___,_____994,
217,217,get,three___,_____367,
217,217,get,four____,_____325,
217,217,get,two_____,_____581,
217,217,get,zero____,_____204,
217,217,get,four____,_____834,
217,217,get,zero____,_______8,
217,217,commit,,,

218,218,get,three___,_____508,
218,218,get,two_____,_____885,
218,218,get,one_____,_____574,
218,218,get,three___,_____997,
218,218,get,two_____,_____530,
218,218,get,zero____,_____238,
218,218,get,zero____,______62,
218,218,get,two_____,_____475,
218,218,get,two_____,_____908,
218,218,get,three___,______32,
218,218,get,one_____,_____774,
218,218,get,one_____,_____242,
218,218,commit,,,

219,219,get,two_____,_____143,
219,219,get,zero____,_____944,
219,219,get,zero____,_____400,
219,219,get,two_____,_____773,
219,219,get,four____,_____846,
219,219,get,three___,_____101,
219,219,get,three___,______65,
219,219,get,one_____,_____849,
219,219,get,three___,______33,
219,219,commit,,,

220,220,get,three___,_____679,
220,220,get,zero____,_____285,
220,220,get,one_____,_____722,
220,220,get,zero____,_____454,
220,220,get,four____,______49,
220,220,get,zero____,_____979,
220,220,get,one_____,______48,
220,220,get,one_____,_____368,
220,220,commit,,,

221,221,get,zero____,_____941,
221,221,get,one_____,_____658,
221,221,get,one_____,_____407,
221,221,get,one_____,______14,
221,221,get,four____,_____947,
221,221,get,three___,_____655,
221,221,get,one_____,_____450,
221,221,get,four____,_____617,
221,221,commit,,,

222,222,get,two_____,_____350,
222,222,get,three___,______65,
222,222,get,one_____,_____108,
222,222,get,three___,_____957,
222,222,get,zero____,_____767,
222,222,get,two_____,_____121,
222,222,get,one_____,______37,
222,222,get,three___,_____825,
222,222,get,two_____,_____882,
222,222,commit,,,

223,223,get,three___,_____600,
223,223,get,zero____,_____114,
223,223,get,one_____,_____794,
223,223,get,two_____,_____418,
223,223,get,one_____,_____886,
223,223,get,one_____,_____135,
223,223,get,one_____,_____685,
223,223,get,four____,_____348,
223,223,commit,,,

224,224,get,zero____,_____652,
224,224,get,one_____,_____179,
224,224,get,zero____,_____520,
224,224,get,one_____,_____244,
224,224,get,zero____,_____136,
224,224,get,zero____,_____572,
224,224,get,one_____,_____912,
224,224,get,zero____,_____454,
224,224,commit,,,

225,225,get,two_____,_____369,
225,225,get,zero____,_______8,
225,225,get,three___,_____825,
225,225,get,one_____,_____128,
225,225,get,three___,_____638,
225,225,get,four____,_____691,
225,225,get,zero____,_____193,
225,225,get,one_____,_____918,
225,225,commit,,,

226,226,get,four____,_____409,
226,226,get,three___,______24,
226,226,get,three___,_____131,
226,226,get,two_____,_____713,
226,226,get,zero____,_____893,
226,226,get,zero____,_____800,
226,226,get,one_____,_____153,
226,226,get,two_____,_____549,
226,226,get,one_____,_____601,
226,226,get,four____,_____217,
226,226,get,four____,_____422,
226,226,get,one_____,_____186,
226,226,commit,,,

227,227,get,zero____,_____326,
227,227,get,one_____,_____601,
227,227,get,four____,_____345,
227,227,get,three___,______57,
227,227,get,two_____,_____329,
227,227,get,two_____,_____538,
227,227,get,four____,_____879,
227,227,get,three___,_____410,
227,227,get,two_____,_____164,
227,227,get,zero____,_____204,
227,227,commit,,,

228,228,get,two_____,_____355,
228,228,get,one_____,_____780,
228,228,get,zero____,_____114,
228,228,get,zero____,_____598,
228,228,get,zero____,_____632,
228,228,get,zero____,_______8,
228,228,get,three___,______15,
228,228,get,three___,_____528,
228,228,commit,,,

229,229,get,one_____,______13,
229,229,get,three___,_____155,
229,229,get,three___,_____913,
229,229,get,zero____,_____412,
229,229,get,four____,_____498,
229,229,get,three___,_____376,
229,229,get,three___,_____642,
229,229,get,zero____,______31,
229,229,get,zero____,_____406,
229,229,commit,,,

230,230,get,one_____,_____512,
230,230,get,zero____,_____674,
230,230,get,three___,_____410,
230,230,get,zero____,_____420,
230,230,get,zero____,_____487,
230,230,get,three___,_____950,
230,230,get,two_____,_____143,
230,230,get,zero____,_____205,
230,230,get,four____,_____387,
230,230,get,zero____,_____931,
230,230,get,one_____,_____658,
230,230,get,three___,_____607,
230,230,commit,,,

231,231,get,two_____,_____650,
231,231,get,two_____,_____686,
231,231,get,zero____,_____941,
231,231,get,one_____,_____270,
231,231,get,zero____,_____674,
231,231,get,four____,_____693,
231,231,get,three___,______33,
231,231,get,four____,_____221,
231,231,get,four____,_____463,
231,231,get,zero____,_____792,
231,231,get,four____,______61,
231,231,commit,,,

232,232,get,one_____,_____267,
232,232,get,three___,_____419,
232,232,get,zero____,_____209,
232,232,get,two_____,_____331,
232,232,get,one_____,_____988,
232,232,get,three___,_____243,
232,232,get,one_____,_____120,
232,232,get,three___,_____914,
232,232,get,zero____,_____819,
232,232,get,one_____,_____260,
232,232,commit,,,

233,233,get,four____,_____839,
233,233,get,two_____,_____521,
233,233,get,three___,_____375,
233,233,get,one_____,_____378,
233,233,get,two_____,_____746,
233,233,get,three___,_____560,
233,233,get,three___,_____437,
233,233,get,one_____,_____774,
233,233,get,zero____,_____731,
233,233,get,one_____,_____875,
233,233,get,four____,_____217,
233,233,commit,,,

234,234,get,three___,_____189,
234,234,get,one_____,_____315,
234,234,get,zero____,_____195,
234,234,get,three___,_____957,
234,234,get,zero____,_____952,
234,234,get,one_____,_____945,
234,234,get,three___,_____776,
234,234,get,zero____,_____527,
234,234,commit,,,

235,235,get,four____,_____759,
235,235,get,four____,_____629,
235,235,get,four____,_____245,
235,235,get,two_____,_____549,
235,235,get,two_____,_____394,
235,235,get,one_____,_____240,
235,235,get,three___,_____104,
235,235,get,three___,_____784,
235,235,get,four____,_____807,
235,235,get,zero____,_____937,
235,235,get,zero____,_____944,
235,235,get,four____,_____804,
235,235,commit,,,

236,236,get,three___,_____803,
236,236,get,three___,_____235,
236,236,get,three___,_____550,
236,236,get,four____,_____348,
236,236,get,two_____,_____440,
236,236,get,zero____,_____212,
236,236,get,two_____,_____626,
236,236,get,zero____,_____652,
236,236,get,zero____,_____944,
236,236,get,one_____,_____186,
236,236,get,two_____,_____433,
236,236,commit,,,

237,237,get,three___,_____972,
237,237,get,zero____,_____406,
237,237,get,one_____,_____273,
237,237,get,two_____,_____471,
237,237,get,three___,_____256,
237,237,get,one_____,_____207,
237,237,get,three___,_____692,
237,237,get,three___,_____419,
237,237,commit,,,

238,238,get,zero____,_____830,
238,238,get,four____,_____415,
238,238,get,zero____,_____909,
238,238,get,one_____,_____801,
238,238,get,three___,_____171,
238,238,get,two_____,_____465,
238,238,get,three___,_____445,
238,238,get,zero____,_____547,
238,238,get,one_____,_____203,
238,238,get,two_____,_____967,
238,238,get,four____,_____700,
238,238,get,zero____,_____204,
238,238,commit,,,

239,239,get,two_____,_____499,
239,239,get,two_____,_____147,
239,239,get,two_____,_____954,
239,239,get,one_____,_____259,
239,239,get,one_____,_____389,
239,239,get,one_____,_____796,
239,239,get,four____,_____356,
239,239,get,zero____,_____800,
239,239,get,four____,_____631,
239,239,get,zero____,_____180,
239,239,get,zero____,_____388,
239,239,get,zero____,______19,
239,239,commit,,,

240,240,get,one_____,_____966,
240,240,get,zero____,_____142,
240,240,get,zero____,_____209,
240,240,get,zero____,_____159,
240,240,get,four____,_____561,
240,240,get,zero____,_____925,
240,240,get,two_____,_____192,
240,240,get,two_____,_____121,
240,240,get,two_____,_____473,
240,240,commit,,,

241,241,get,zero____,_____336,
241,241,get,four____,_____300,
241,241,get,two_____,_____143,
241,241,get,two_____,______35,
241,241,get,one_____,_____153,
241,241,get,four____,_____919,
241,241,get,one_____,_____449,
241,241,get,one_____,_____382,
241,241,commit,,,

242,242,get,one_____,_____405,
242,242,get,four____,_____417,
242,242,get,one_____,_____330,
242,242,get,zero____,______96,
242,242,get,three___,_____872,
242,242,get,one_____,_____796,
242,242,get,four____,_____748,
242,242,get,three___,______15,
242,242,commit,,,

243,243,get,zero____,_____255,
243,243,get,four____,_____100,
243,243,get,one_____,_____330,
243,243,get,one_____,_____695,
243,243,get,two_____,_____236,
243,243,get,zero____,_____193,
243,243,get,two_____,_____363,
243,243,get,one_____,_____206,
243,243,get,three___,_____653,
243,243,get,zero____,_____758,
243,243,get,three___,_____106,
243,243,get,zero____,_____925,
243,243,commit,,,

244,244,get,three___,_____784,
244,244,get,zero____,_____477,
244,244,get,one_____,_____903,
244,244,get,zero____,______54,
244,244,get,zero____,_____797,
244,244,get,two_____,_____471,
244,244,get,four____,_____280,
244,244,get,four____,_____248,
244,244,commit,,,

245,245,get,three___,_____633,
245,245,get,zero____,_____897,
245,245,get,two_____,_____901,
245,245,get,two_____,_____686,
245,245,get,three___,_____536,
245,245,get,four____,_____264,
245,245,get,zero____,_____990,
245,245,get,two_____,_____224,
245,245,get,zero____,______23,
245,245,commit,,,

246,246,get,one_____,_____242,
246,246,get,two_____,____1000,
246,246,get,one_____,_____152,
246,246,get,four____,_____735,
246,246,get,four____,_____890,
246,246,get,one_____,_____399,
246,246,get,one_____,_____695,
246,246,get,four____,_____234,
246,246,get,three___,_____309,
246,246,get,zero____,_____158,
246,246,get,two_____,_____190,
246,246,commit,,,

247,247,get,three___,_____462,
247,247,get,one_____,_____479,
247,247,get,zero____,_____810,
247,247,get,zero____,______28,
247,247,get,three___,_____970,
247,247,get,two_____,_____967,
247,247,get,three___,______85,
247,247,get,four____,_____947,
247,247,get,zero____,_____598,
247,247,commit,,,

248,248,get,three___,_____607,
248,248,get,four____,______21,
248,248,get,two_____,_____608,
248,248,get,one_____,_____273,
248,248,get,one_____,_____842,
248,248,get,one_____,_____259,
248,248,get,four____,_____730,
248,248,get,two_____,____1000,
248,248,get,one_____,_____112,
248,248,get,one_____,_____322,
248,248,commit,,,

249,249,get,zero____,_____200,
249,249,get,one_____,_____216,
249,249,get,two_____,_____543,
249,249,get,zero____,______62,
249,249,get,three___,_____825,
249,249,get,three___,_____437,
249,249,get,one_____,_____244,
249,249,get,four____,______80,
249,249,get,two_____,______35,
249,249,get,four____,_____533,
249,249,get,three___,_____362,
249,249,commit,,,

250,250,get,four____,_____264,
250,250,get,zero____,______83,
250,250,get,zero____,_____764,
250,250,get,three___,_____583,
250,250,get,zero____,_____925,
250,250,get,two_____,_____268,
250,250,get,four____,_____649,
250,250,get,one_____,_____405,
250,250,commit,,,

251,251,get,three___,_____431,
251,251,get,one_____,_____681,
251,251,get,one_____,_____586,
251,251,get,one_____,_____923,
251,251,get,two_____,_____126,
251,251,get,zero____,_____258,
251,251,get,one_____,_____347,
251,251,get,two_____,_____156,
251,251,get,three___,_____852,
251,251,get,zero____,_____365,
251,251,commit,,,

252,252,get,one_____,_____995,
252,252,get,one_____,_____138,
252,252,get,three___,_____235,
252,252,get,zero____,_____909,
252,252,get,one_____,_____516,
252,252,get,one_____,_____862,
252,252,get,zero____,_____672,
252,252,get,zero____,_____320,
252,252,commit,,,

253,253,get,zero____,_____721,
253,253,get,four____,_____904,
253,253,get,zero____,_____741,
253,253,get,two_____,_____567,
253,253,get,two_____,_____474,
253,253,get,four____,_____539,
253,253,get,four____,_____904,
253,253,get,two_____,_____992,
253,253,get,three___,_____524,
253,253,commit,,,

254,254,get,one_____,_____202,
254,254,get,one_____,_______2,
254,254,get,four____,_____463,
254,254,get,three___,_____131,
254,254,get,zero____,_____654,
254,254,get,one_____,_____377,
254,254,get,two_____,_____121,
254,254,get,two_____,______98,
254,254,get,three___,______50,
254,254,get,two_____,______35,
254,254,get,four____,_______1,
254,254,get,three___,_____914,
254,254,commit,,,

255,255,get,zero____,_____484,
255,255,get,three___,_____837,
255,255,get,zero____,_____227,
255,255,get,zero____,_____674,
255,255,get,two_____,_____816,
255,255,get,one_____,_____670,
255,255,get,four____,_____570,
255,255,get,one_____,_____128,
255,255,get,one_____,_____213,
255,255,commit,,,

256,256,get,zero____,_____587,
256,256,get,one_____,_____298,
256,256,get,four____,_____942,
256,256,get,three___,_____469,
256,256,get,zero____,_____365,
256,256,get,one_____,_____228,
256,256,get,one_____,_____191,
256,256,get,four____,_____498,
256,256,get,four____,______18,
256,256,get,three___,_____843,
256,256,commit,,,

257,257,get,four____,_____356,
257,257,get,one_____,_____796,
257,257,get,three___,_____462,
257,257,get,zero____,_____308,
257,257,get,zero____,_____174,
257,257,get,zero____,_____352,
257,257,get,two_____,_____831,
257,257,get,two_____,_____538,
257,257,commit,,,

258,258,get,zero____,_____826,
258,258,get,two_____,______98,
258,258,get,three___,_____150,
258,258,get,zero____,_____644,
258,258,get,one_____,_____750,
258,258,get,one_____,_____500,
258,258,get,zero____,______63,
258,258,get,four____,_____649,
258,258,commit,,,

259,259,get,two_____,_____113,
259,259,get,three___,_____775,
259,259,get,three___,_____148,
259,259,get,four____,_____807,
259,259,get,three___,_____106,
259,259,get,two_____,_____940,
259,259,get,two_____,_____991,
259,259,get,zero____,_____871,
259,259,get,one_____,_____432,
259,259,get,one_____,_____918,
259,259,commit,,,

260,260,get,four____,_____769,
260,260,get,one_____,_____251,
260,260,get,one_____,_____668,
260,260,get,zero____,_____898,
260,260,get,four____,_____234,
260,260,get,four____,_____300,
260,260,get,four____,_____730,
260,260,get,two_____,_____190,
260,260,commit,,,

261,261,get,one_____,_____586,
261,261,get,three___,_____900,
261,261,get,one_____,_____251,
261,261,get,zero____,_____960,
261,261,get,zero____,_____764,
261,261,get,two_____,_____884,
261,261,get,zero____,______31,
261,261,get,three___,_____189,
261,261,get,one_____,_____712,
261,261,get,three___,_____294,
261,261,get,one_____,_____500,
261,261,commit,,,

262,262,get,one_____,_____959,
262,262,get,one_____,_____505,
262,262,get,zero____,_______8,
262,262,get,four____,_____827,
262,262,get,three___,_____555,
262,262,get,three___,_____333,
262,262,get,four____,_____177,
262,262,get,two_____,_____427,
262,262,get,one_____,_____105,
262,262,commit,,,

263,263,get,four____,_____899,
263,263,get,four____,_____422,
263,263,get,four____,______51,
263,263,get,zero____,_____312,
263,263,get,zero____,_____680,
263,263,get,two_____,_____201,
263,263,get,three___,_____985,
263,263,get,one_____,_____115,
263,263,get,one_____,_____923,
263,263,get,one_____,_____569,
263,263,get,one_____,_____432,
263,263,get,zero____,_____166,
263,263,commit,,,

264,264,get,three___,_____854,
264,264,get,two_____,_____793,
264,264,get,three___,_____671,
264,264,get,four____,_____409,
264,264,get,four____,_____348,
264,264,get,two_____,_____696,
264,264,get,zero____,______76,
264,264,get,three___,_____319,
264,264,get,four____,______17,
264,264,get,one_____,_____736,
264,264,get,two_____,_____831,
264,264,get,two_____,_____982,
264,264,commit,,,

265,265,get,one_____,_____774,
265,265,get,one_____,_____977,
265,265,get,four____,_____627,
265,265,get,zero____,_____812,
265,265,get,three___,_____623,
265,265,get,one_____,_____274,
265,265,get,zero____,_____507,
265,265,get,three___,_____860,
265,265,get,three___,_______4,
265,265,get,one_____,_____403,
265,265,get,three___,_____900,
265,265,get,four____,_____351,
265,265,commit,,,

266,266,get,four____,_____271,
266,266,get,three___,_____753,
266,266,get,zero____,_____161,
266,266,get,three___,_____294,
266,266,get,three___,_____550,
266,266,get,three___,_____905,
266,266,get,three___,______57,
266,266,get,three___,_____642,
266,266,get,zero____,_____819,
266,266,get,zero____,_____146,
266,266,commit,,,

267,267,get,one_____,_____525,
267,267,get,one_____,_____712,
267,267,get,four____,_______1,
267,267,get,one_____,_____421,
267,267,get,two_____,_____646,
267,267,get,three___,_____452,
267,267,get,two_____,_____475,
267,267,get,zero____,_____261,
267,267,commit,,,

268,268,get,four____,_____100,
268,268,get,one_____,_____196,
268,268,get,one_____,_____203,
268,268,get,two_____,______84,
268,268,get,one_____,_____918,
268,268,get,one_____,_____274,
268,268,get,three___,_____993,
268,268,get,four____,______80,
268,268,commit,,,

269,269,get,four____,_____662,
269,269,get,three___,_____634,
269,269,get,two_____,______84,
269,269,get,three___,_____437,
269,269,get,two_____,_____832,
269,269,get,four____,_____526,
269,269,get,three___,_____938,
269,269,get,zero____,_____507,
269,269,get,one_____,_____457,
269,269,get,four____,______26,
269,269,commit,,,

270,270,get,four____,_____281,
270,270,get,zero____,______54,
270,270,get,three___,_____596,
270,270,get,four____,_____539,
270,270,get,zero____,______31,
270,270,get,zero____,_____979,
270,270,get,zero____,_____739,
270,270,get,one_____,_____321,
270,270,get,zero____,______63,
270,270,get,four____,_____627,
270,270,get,one_____,______53,
270,270,get,two_____,_____593,
270,270,commit,,,

271,271,get,zero____,_____336,
271,271,get,two_____,_____178,
271,271,get,two_____,_____948,
271,271,get,two_____,_____408,
271,271,get,four____,______17,
271,271,get,two_____,_____439,
271,271,get,two_____,_____787,
271,271,get,four____,_____533,
271,271,get,one_____,_____780,
271,271,get,zero____,______28,
271,271,get,zero____,_____680,
271,271,commit,,,

272,272,get,one_____,_____297,
272,272,get,three___,_____435,
272,272,get,three___,_____243,
272,272,get,three___,_____747,
272,272,get,four____,_____496,
272,272,get,two_____,_____549,
272,272,get,four____,_____280,
272,272,get,zero____,_____710,
272,272,get,four____,_____144,
272,272,get,zero____,_____285,
272,272,commit,,,

273,273,get,four____,______18,
273,273,get,zero____,_____797,
273,273,get,one_____,_____891,
273,273,get,three___,_____981,
273,273,get,three___,_____913,
273,273,get,zero____,_____238,
273,273,get,three___,_____169,
273,273,get,three___,_____772,
273,273,commit,,,

274,274,get,two_____,_____882,
274,274,get,four____,_____409,
274,274,get,zero____,______36,
274,274,get,four____,_____594,
274,274,get,one_____,_____491,
274,274,get,two_____,_____719,
274,274,get,zero____,_____764,
274,274,get,three___,_____811,
274,274,commit,,,

275,275,get,zero____,_____969,
275,275,get,zero____,_____721,
275,275,get,one_____,_____695,
275,275,get,two_____,_____835,
275,275,get,three___,_____600,
275,275,get,one_____,_____191,
275,275,get,three___,_____837,
275,275,get,three___,_____155,
275,275,get,one_____,_____989,
275,275,commit,,,

276,276,get,one_____,_____260,
276,276,get,three___,_____311,
276,276,get,three___,_______4,
276,276,get,zero____,_____448,
276,276,get,two_____,_____954,
276,276,get,zero____,_____893,
276,276,get,zero____,_____360,
276,276,get,one_____,_____750,
276,276,commit,,,

277,277,get,zero____,______59,
277,277,get,two_____,_____162,
277,277,get,one_____,_____722,
277,277,get,two_____,_____113,
277,277,get,four____,_____533,
277,277,get,zero____,______42,
277,277,get,two_____,_____705,
277,277,get,three___,_____861,
277,277,get,four____,_____827,
277,277,get,two_____,_____608,
277,277,get,four____,_____724,
277,277,commit,,,

278,278,get,one_____,_____977,
278,278,get,two_____,_____591,
278,278,get,four____,_____100,
278,278,get,two_____,_____698,
278,278,get,two_____,_____696,
278,278,get,four____,_____232,
278,278,get,one_____,_____260,
278,278,get,zero____,_____420,
278,278,commit,,,

279,279,get,four____,_____263,
279,279,get,one_____,_____449,
279,279,get,four____,_____225,
279,279,get,zero____,_____582,
279,279,get,one_____,_____341,
279,279,get,four____,_____807,
279,279,get,zero____,_____819,
279,279,get,one_____,_____186,
279,279,commit,,,

280,280,get,four____,_____184,
280,280,get,three___,_____182,
280,280,get,two_____,_____646,
280,280,get,three___,_____431,
280,280,get,four____,______64,
280,280,get,three___,_____660,
280,280,get,four____,_____177,
280,280,get,three___,_____563,
280,280,get,three___,_____437,
280,280,get,three___,_____277,
280,280,get,three___,_____375,
280,280,get,three___,______27,
280,280,commit,,,

281,281,get,two_____,_____732,
281,281,get,one_____,_____612,
281,281,get,zero____,_____893,
281,281,get,zero____,_____961,
281,281,get,three___,_____619,
281,281,get,zero____,_____566,
281,281,get,four____,_____804,
281,281,get,two_____,_____329,
281,281,get,two_____,_____335,
281,281,get,one_____,_____228,
281,281,get,three___,_____914,
281,281,get,one_____,_____341,
281,281,commit,,,

282,282,get,one_____,_____244,
282,282,get,two_____,_____335,
282,282,get,four____,_____687,
282,282,get,zero____,______93,
282,282,get,one_____,_____525,
282,282,get,four____,_____545,
282,282,get,one_____,_____393,
282,282,get,four____,_____804,
282,282,get,three___,_____619,
282,282,get,three___,_____837,
282,282,get,zero____,_____749,
282,282,commit,,,

283,283,get,two_____,_____199,
283,283,get,zero____,_____893,
283,283,get,zero____,_____828,
283,283,get,four____,_____570,
283,283,get,zero____,_____520,
283,283,get,one_____,_____207,
283,283,get,one_____,_____216,
283,283,get,three___,_____294,
283,283,commit,,,

284,284,get,two_____,_____756,
284,284,get,zero____,_____898,
284,284,get,three___,_____515,
284,284,get,zero____,_____296,
284,284,get,two_____,______10,
284,284,get,two_____,_____858,
284,284,get,four____,_____700,
284,284,get,three___,_____753,
284,284,get,three___,_____286,
284,284,get,four____,_____217,
284,284,get,four____,_____617,
284,284,commit,,,

285,285,get,three___,_____490,
285,285,get,four____,______38,
285,285,get,zero____,_____998,
285,285,get,zero____,_____470,
285,285,get,four____,_____951,
285,285,get,two_____,_____884,
285,285,get,four____,_____868,
285,285,get,three___,_____430,
285,285,get,two_____,_____782,
285,285,commit,,,

286,286,get,one_____,_____612,
286,286,get,zero____,_____672,
286,286,get,zero____,_____572,
286,286,get,three___,_____602,
286,286,get,four____,_____100,
286,286,get,zero____,______19,
286,286,get,zero____,_____158,
286,286,get,two_____,_____882,
286,286,commit,,,

287,287,get,three___,_____194,
287,287,get,zero____,_____969,
287,287,get,two_____,_____190,
287,287,get,three___,_____706,
287,287,get,two_____,_____608,
287,287,get,zero____,_____960,
287,287,get,zero____,_____467,
287,287,get,two_____,_____847,
287,287,get,four____,_____497,
287,287,commit,,,

288,288,get,one_____,_____977,
288,288,get,one_____,_____138,
288,288,get,zero____,_____520,
288,288,get,three___,_____168,
288,288,get,four____,_____808,
288,288,get,one_____,_____794,
288,288,get,four____,_____544,
288,288,get,zero____,_____864,
288,288,get,two_____,_____147,
288,288,get,one_____,_____968,
288,288,get,three___,_____784,
288,288,commit,,,

289,289,get,three___,_____929,
289,289,get,two_____,_____392,
289,289,get,two_____,_____689,
289,289,get,zero____,_____114,
289,289,get,one_____,______75,
289,289,get,zero____,_______8,
289,289,get,one_____,_____273,
289,289,get,zero____,_____917,
289,289,get,four____,______95,
289,289,get,three___,_____367,
289,289,get,four____,_____253,
289,289,commit,,,

290,290,get,three___,_____189,
290,290,get,four____,_____170,
290,290,get,four____,_____962,
290,290,get,one_____,_____695,
290,290,get,two_____,_____936,
290,290,get,two_____,_____461,
290,290,get,three___,_____825,
290,290,get,zero____,_____856,
290,290,get,four____,_____137,
290,290,get,two_____,_____230,
290,290,commit,,,

291,291,get,one_____,_____956,
291,291,get,one_____,_____389,
291,291,get,zero____,_____632,
291,291,get,two_____,_____613,
291,291,get,four____,______80,
291,291,get,zero____,_____380,
291,291,get,one_____,_____407,
291,291,get,four____,_____899,
291,291,commit,,,

292,292,get,two_____,____1000,
292,292,get,two_____,_____436,
292,292,get,four____,_____768,
292,292,get,four____,_____896,
292,292,get,two_____,_____650,
292,292,get,one_____,_____665,
292,292,get,one_____,_____968,
292,292,get,one_____,_______2,
292,292,get,four____,_____409,
292,292,get,one_____,_____737,
292,292,get,zero____,_____511,
292,292,get,four____,_____264,
292,292,commit,,,

293,293,get,four____,_____463,
293,293,get,four____,_____867,
293,293,get,one_____,_____514,
293,293,get,three___,______50,
293,293,get,two_____,_____521,
293,293,get,two_____,______47,
293,293,get,four____,_____519,
293,293,get,one_____,_____112,
293,293,get,four____,______86,
293,293,get,three___,_____669,
293,293,commit,,,

294,294,get,two_____,_____782,
294,294,get,zero____,______76,
294,294,get,two_____,_____254,
294,294,get,one_____,_____163,
294,294,get,one_____,_____203,
294,294,get,zero____,_____734,
294,294,get,four____,_____544,
294,294,get,zero____,_____566,
294,294,commit,,,

295,295,get,two_____,_____220,
295,295,get,four____,_____748,
295,295,get,one_____,_____134,
295,295,get,zero____,_____582,
295,295,get,zero____,_____114,
295,295,get,two_____,_____386,
295,295,get,four____,_____154,
295,295,get,four____,_____338,
295,295,get,four____,_____911,
295,295,get,four____,_____594,
295,295,get,four____,_____533,
295,295,get,four____,_____827,
295,295,commit,,,

296,296,get,one_____,_____500,
296,296,get,two_____,_____571,
296,296,get,three___,______46,
296,296,get,three___,_____169,
296,296,get,three___,_____872,
296,296,get,four____,_____700,
296,296,get,one_____,_____450,
296,296,get,three___,_____811,
296,296,get,three___,_____506,
296,296,commit,,,

297,297,get,two_____,_____190,
297,297,get,zero____,_____880,
297,297,get,four____,_____866,
297,297,get,zero____,_____741,
297,297,get,four____,_____248,
297,297,get,one_____,_____714,
297,297,get,one_____,_____297,
297,297,get,one_____,_____456,
297,297,get,one_____,______43,
297,297,get,four____,_____271,
297,297,get,zero____,_____880,
297,297,commit,,,

298,298,get,zero____,_____123,
298,298,get,zero____,_____365,
298,298,get,one_____,_____103,
298,298,get,zero____,_____853,
298,298,get,four____,_____561,
298,298,get,four____,_____935,
298,298,get,four____,_____603,
298,298,get,three___,_____434,
298,298,get,one_____,_____262,
298,298,get,one_____,_____342,
298,298,get,three___,_____806,
298,298,get,four____,_____629,
298,298,commit,,,

299,299,get,one_____,_____129,
299,299,get,two_____,_____222,
299,299,get,one_____,_____658,
299,299,get,zero____,_____200,
299,299,get,zero____,_____990,
299,299,get,four____,_____818,
299,299,get,two_____,_____408,
299,299,get,zero____,_____741,
299,299,get,four____,_____184,
299,299,get,three___,_____938,
299,299,commit,,,

300,300,get,two_____,_____428,
300,300,get,one_____,_____134,
300,300,get,zero____,_____998,
300,300,get,zero____,_____817,
300,300,get,four____,_____170,
300,300,get,one_____,______66,
300,300,get,zero____,______76,
300,300,get,two_____,_____147,
300,300,get,zero____,_____215,
300,300,get,three___,_____706,
300,300,get,zero____,_____159,
300,300,get,one_____,_____737,
300,300,commit,,,

301,301,get,one_____,_____259,
301,301,get,three___,_____619,
301,301,get,two_____,_____126,
301,301,get,one_____,_____249,
301,301,get,three___,______65,
301,301,get,two_____,_____355,
301,301,get,four____,_____896,
301,301,get,one_____,_____313,
301,301,get,four____,_____867,
301,301,commit,,,

302,302,get,three___,_____506,
302,302,get,two_____,_____499,
302,302,get,three___,_____778,
302,302,get,three___,_____669,
302,302,get,four____,_____637,
302,302,get,zero____,_____396,
302,302,get,four____,_____693,
302,302,get,four____,_____735,
302,302,get,one_____,______14,
302,302,get,two_____,_____176,
302,302,get,zero____,_____579,
302,302,get,zero____,_____414,
302,302,commit,,,

303,303,get,four____,_____409,
303,303,get,three___,_____550,
303,303,get,one_____,_____850,
303,303,get,two_____,_____472,
303,303,get,three___,_____975,
303,303,get,three___,______15,
303,303,get,two_____,_____936,
303,303,get,three___,_____241,
303,303,get,two_____,_____848,
303,303,get,one_____,_____455,
303,303,get,three___,_____534,
303,303,get,one_____,_____216,
303,303,commit,,,

304,304,get,four____,_____951,
304,304,get,one_____,_____891,
304,304,get,two_____,_____581,
304,304,get,one_____,_____402,
304,304,get,three___,_____536,
304,304,get,zero____,______42,
304,304,get,two_____,_____147,
304,304,get,zero____,_____749,
304,304,get,zero____,_____767,
304,304,commit,,,

305,305,get,three___,_____359,
305,305,get,two_____,_____250,
305,305,get,four____,_____617,
305,305,get,one_____,_____681,
305,305,get,one_____,_____923,
305,305,get,one_____,_____207,
305,305,get,one_____,_____774,
305,305,get,four____,_____234,
305,305,commit,,,

306,306,get,four____,_____597,
306,306,get,zero____,_____931,
306,306,get,two_____,_____408,
306,306,get,two_____,_____813,
306,306,get,three___,_____938,
306,306,get,four____,_____154,
306,306,get,three___,______30,
306,306,get,four____,_____986,
306,306,get,two_____,_____548,
306,306,commit,,,

307,307,get,four____,_____225,
307,307,get,one_____,_____512,
307,307,get,zero____,_____195,
307,307,get,four____,_____211,
307,307,get,zero____,_____396,
307,307,get,three___,_____508,
307,307,get,one_____,_____228,
307,307,get,three___,_____619,
307,307,commit,,,

308,308,get,two_____,_____650,
308,308,get,two_____,_____676,
308,308,get,four____,_____818,
308,308,get,zero____,_______6,
308,308,get,zero____,_____547,
308,308,get,one_____,_____421,
308,308,get,one_____,_____134,
308,308,get,three___,______24,
308,308,get,one_____,_____886,
308,308,get,three___,_____235,
308,308,get,four____,_____264,
308,308,get,one_____,_____298,
308,308,commit,,,

309,309,get,two_____,_____581,
309,309,get,one_____,_____645,
309,309,get,two_____,____1000,
309,309,get,two_____,_____894,
309,309,get,zero____,_____352,
309,309,get,two_____,_____816,
309,309,get,two_____,_____548,
309,309,get,one_____,_____968,
309,309,get,one_____,_____541,
309,309,get,one_____,_____718,
309,309,get,two_____,_____201,
309,309,commit,,,

310,310,get,four____,_____649,
310,310,get,four____,_____730,
310,310,get,four____,______18,
310,310,get,zero____,_____853,
310,310,get,four____,_____253,
310,310,get,one_____,_____368,
310,310,get,one_____,_____389,
310,310,get,two_____,_____428,
310,310,commit,,,

311,311,get,two_____,_____214,
311,311,get,three___,_____528,
311,311,get,four____,_____539,
311,311,get,zero____,_____159,
311,311,get,three___,_____671,
311,311,get,three___,_____836,
311,311,get,zero____,_____764,
311,311,get,three___,_____483,
311,311,commit,,,

312,312,get,four____,_____833,
312,312,get,one_____,_____297,
312,312,get,one_____,_____132,
312,312,get,zero____,_____937,
312,312,get,three___,_____639,
312,312,get,zero____,_____398,
312,312,get,one_____,_____395,
312,312,get,three___,_____671,
312,312,get,three___,_____634,
312,312,commit,,,

313,313,get,two_____,_____473,
313,313,get,three___,_____910,
313,313,get,one_____,_____449,
313,313,get,two_____,_____766,
313,313,get,one_____,_____127,
313,313,get,two_____,_____686,
313,313,get,three___,_____374,
313,313,get,zero____,______44,
313,313,get,three___,_____943,
313,313,get,zero____,_____949,
313,313,commit,,,

314,314,get,two_____,_____386,
314,314,get,four____,_____824,
314,314,get,three___,_____429,
314,314,get,two_____,_____392,
314,314,get,one_____,______37,
314,314,get,one_____,_____216,
314,314,get,zero____,_____883,
314,314,get,two_____,_____236,
314,314,commit,,,

315,315,get,four____,_____577,
315,315,get,zero____,_____517,
315,315,get,three___,_____775,
315,315,get,two_____,_____908,
315,315,get,four____,______21,
315,315,get,three___,_____950,
315,315,get,zero____,______83,
315,315,get,three___,_____836,
315,315,commit,,,

316,316,get,three___,_____841,
316,316,get,one_____,_____432,
316,316,get,four____,_____493,
316,316,get,three___,_____379,
316,316,get,zero____,_____925,
316,316,get,two_____,_____787,
316,316,get,one_____,_____709,
316,316,get,zero____,_____476,
316,316,get,zero____,_____941,
316,316,get,zero____,_____802,
316,316,get,one_____,_____551,
316,316,commit,,,

317,317,get,zero____,_____380,
317,317,get,one_____,_____402,
317,317,get,four____,_____464,
317,317,get,two_____,_____689,
317,317,get,two_____,_____557,
317,317,get,four____,_____868,
317,317,get,four____,_____327,
317,317,get,four____,_______1,
317,317,get,one_____,_____728,
317,317,commit,,,

318,318,get,four____,_____167,
318,318,get,one_____,_____945,
318,318,get,two_____,_____589,
318,318,get,two_____,_____549,
318,318,get,two_____,_____992,
318,318,get,zero____,_____414,
318,318,get,zero____,_____161,
318,318,get,zero____,_____175,
318,318,get,four____,_____899,
318,318,get,one_____,_____153,
318,318,get,three___,_____905,
318,318,get,three___,_____277,
318,318,commit,,,

319,319,get,one_____,_____129,
319,319,get,zero____,_____527,
319,319,get,two_____,_____606,
319,319,get,three___,_____723,
319,319,get,three___,_____972,
319,319,get,four____,_____951,
319,319,get,two_____,_____428,
319,319,get,zero____,_____546,
319,319,commit,,,

320,320,get,one_____,_____912,
320,320,get,four____,_____217,
320,320,get,zero____,_____215,
320,320,get,four____,______92,
320,320,get,four____,_____370,
320,320,get,one_____,_____213,
320,320,get,zero____,_____654,
320,320,get,one_____,_____750,
320,320,commit,,,

321,321,get,one_____,_____573,
321,321,get,three___,_____655,
321,321,get,four____,_____834,
321,321,get,zero____,_____731,
321,321,get,four____,_____263,
321,321,get,two_____,_____719,
321,321,get,three___,_______4,
321,321,get,three___,_____997,
321,321,get,four____,_____868,
321,321,commit,,,

322,322,get,four____,_____373,
322,322,get,two_____,_____738,
322,322,get,one_____,_____945,
322,322,get,three___,_____984,
322,322,get,one_____,_____129,
322,322,get,one_____,_____651,
322,322,get,one_____,_____186,
322,322,get,one_____,_____459,
322,322,get,one_____,_____153,
322,322,get,two_____,_____967,
322,322,commit,,,

323,323,get,zero____,_____372,
323,323,get,three___,_____805,
323,323,get,four____,_____955,
323,323,get,one_____,_____457,
323,323,get,three___,_____660,
323,323,get,two_____,_____521,
323,323,get,two_____,_____713,
323,323,get,four____,_____659,
323,323,get,one_____,_____968,
323,323,get,three___,_____984,
323,323,get,zero____,_____826,
323,323,commit,,,

324,324,get,two_____,_____614,
324,324,get,zero____,_____278,
324,324,get,four____,______60,
324,324,get,three___,______69,
324,324,get,two_____,_____967,
324,324,get,one_____,_____231,
324,324,get,three___,_____950,
324,324,get,one_____,_____330,
324,324,get,one_____,_____933,
324,324,get,four____,_____221,
324,324,get,four____,_____687,
324,324,commit,,,

325,325,get,one_____,_____416,
325,325,get,two_____,______88,
325,325,get,three___,______32,
325,325,get,two_____,_____713,
325,325,get,three___,_____679,
325,325,get,one_____,_____183,
325,325,get,zero____,_____880,
325,325,get,one_____,_____886,
325,325,get,three___,______57,
325,325,get,three___,_____865,
325,325,get,three___,_____641,
325,325,get,four____,_____339,
325,325,commit,,,

326,326,get,two_____,_____589,
326,326,get,one_____,______66,
326,326,get,three___,_____106,
326,326,get,two_____,_____147,
326,326,get,zero____,_____123,
326,326,get,one_____,______75,
326,326,get,zero____,_____921,
326,326,get,one_____,_____457,
326,326,get,three___,_____524,
326,326,get,three___,_____806,
326,326,get,four____,_____137,
326,326,get,one_____,_____959,
326,326,commit,,,

327,327,get,four____,_____496,
327,327,get,zero____,_____582,
327,327,get,zero____,_____897,
327,327,get,one_____,_____966,
327,327,get,zero____,_____136,
327,327,get,four____,_____808,
327,327,get,zero____,_____180,
327,327,get,four____,_____561,
327,327,commit,,,

328,328,get,zero____,_____477,
328,328,get,four____,_____211,
328,328,get,four____,_____173,
328,328,get,four____,_____411,
328,328,get,four____,_____946,
328,328,get,one_____,_____790,
328,328,get,four____,_____868,
328,328,get,zero____,______56,
328,328,get,four____,_____617,
328,328,get,three___,_____840,
328,328,get,zero____,_____195,
328,328,commit,,,

329,329,get,one_____,_____198,
329,329,get,four____,______99,
329,329,get,two_____,_____439,
329,329,get,three___,_____452,
329,329,get,zero____,_____990,
329,329,get,one_____,_____968,
329,329,get,zero____,_____200,
329,329,get,three___,_____675,
329,329,get,three___,_____122,
329,329,get,three___,_____950,
329,329,get,four____,_____986,
329,329,get,zero____,_____266,
329,329,commit,,,

330,330,get,one_____,_____272,
330,330,get,four____,______80,
330,330,get,one_____,_____213,
330,330,get,zero____,_____664,
330,330,get,four____,_____310,
330,330,get,zero____,_____114,
330,330,get,three___,_____623,
330,330,get,four____,_____493,
330,330,commit,,,

331,331,get,four____,_____584,
331,331,get,one_____,_____995,
331,331,get,four____,_____137,
331,331,get,zero____,_____764,
331,331,get,four____,_____971,
331,331,get,three___,_____451,
331,331,get,zero____,_____628,
331,331,get,one_____,_____231,
331,331,get,zero____,_____326,
331,331,commit,,,

332,332,get,zero____,_____812,
332,332,get,zero____,_____540,
332,332,get,three___,_____874,
332,332,get,one_____,_____377,
332,332,get,zero____,______59,
332,332,get,zero____,_______6,
332,332,get,two_____,_____707,
332,332,get,zero____,_____470,
332,332,commit,,,

333,333,get,three___,______46,
333,333,get,one_____,_____500,
333,333,get,zero____,_____205,
333,333,get,four____,______17,
333,333,get,one_____,_____903,
333,333,get,one_____,_____501,
333,333,get,four____,_____339,
333,333,get,three___,______69,
333,333,get,one_____,_____292,
333,333,get,one_____,_____681,
333,333,get,three___,_____863,
333,333,commit,,,

334,334,get,four____,_____411,
334,334,get,three___,_____275,
334,334,get,zero____,_____151,
334,334,get,four____,_____526,
334,334,get,zero____,_____817,
334,334,get,four____,______49,
334,334,get,three___,_____661,
334,334,get,one_____,_____645,
334,334,get,zero____,_____175,
334,334,commit,,,

335,335,get,three___,_____219,
335,335,get,four____,_____338,
335,335,get,two_____,_____156,
335,335,get,four____,_____919,
335,335,get,three___,______24,
335,335,get,zero____,_____764,
335,335,get,zero____,_____205,
335,335,get,three___,_____647,
335,335,commit,,,

336,336,get,four____,_____804,
336,336,get,two_____,_____474,
336,336,get,one_____,_____353,
336,336,get,one_____,_____135,
336,336,get,four____,_____824,
336,336,get,two_____,_____773,
336,336,get,one_____,_____191,
336,336,get,three___,_____554,
336,336,get,four____,_____688,
336,336,get,four____,_____387,
336,336,get,zero____,_____364,
336,336,get,four____,_____890,
336,336,commit,,,

337,337,get,zero____,_____727,
337,337,get,zero____,_____925,
337,337,get,one_____,_____449,
337,337,get,two_____,_____472,
337,337,get,one_____,______58,
337,337,get,four____,_____264,
337,337,get,three___,_____445,
337,337,get,one_____,______71,
337,337,commit,,,

338,338,get,zero____,_____758,
338,338,get,four____,_____896,
338,338,get,one_____,_____551,
338,338,get,one_____,_____525,
338,338,get,one_____,_____391,
338,338,get,one_____,_____447,
338,338,get,one_____,_____774,
338,338,get,zero____,______36,
338,338,get,one_____,_____449,
338,338,get,four____,_____962,
338,338,commit,,,

339,339,get,three___,_____865,
339,339,get,four____,______99,
339,339,get,three___,_____171,
339,339,get,four____,_____264,
339,339,get,four____,_____730,
339,339,get,two_____,_____894,
339,339,get,one_____,_____322,
339,339,get,four____,_____599,
339,339,get,one_____,_______2,
339,339,get,zero____,______54,
339,339,get,two_____,_____390,
339,339,get,four____,_____443,
339,339,commit,,,

340,340,get,one_____,_____737,
340,340,get,three___,_____160,
340,340,get,three___,______68,
340,340,get,zero____,_____446,
340,340,get,four____,_____616,
340,340,get,two_____,_____363,
340,340,get,three___,_____784,
340,340,get,four____,_____627,
340,340,commit,,,

341,341,get,three___,_____667,
341,341,get,zero____,_____388,
341,341,get,one_____,_____876,
341,341,get,four____,_____426,
341,341,get,four____,_____351,
341,341,get,one_____,_____590,
341,341,get,zero____,______45,
341,341,get,three___,_____148,
341,341,get,two_____,_____427,
341,341,get,four____,_____701,
341,341,get,four____,_____137,
341,341,get,zero____,_____579,
341,341,commit,,,

342,342,get,three___,_____784,
342,342,get,two_____,_____224,
342,342,get,three___,_____715,
342,342,get,four____,_____983,
342,342,get,one_____,_____785,
342,342,get,four____,_____904,
342,342,get,four____,_____137,
342,342,get,three___,_____642,
342,342,commit,,,

343,343,get,four____,_____691,
343,343,get,one_____,_____685,
343,343,get,two_____,_____593,
343,343,get,one_____,______37,
343,343,get,zero____,_____487,
343,343,get,one_____,_____907,
343,343,get,one_____,_____516,
343,343,get,three___,_____723,
343,343,get,zero____,______45,
343,343,get,one_____,_____988,
343,343,get,two_____,_____922,
343,343,commit,,,

344,344,get,one_____,_____403,
344,344,get,two_____,_____318,
344,344,get,four____,______49,
344,344,get,two_____,_____162,
344,344,get,three___,_____185,
344,344,get,three___,_____583,
344,344,get,four____,_____822,
344,344,get,one_____,_____223,
344,344,get,one_____,_____789,
344,344,commit,,,

345,345,get,four____,_____649,
345,345,get,two_____,______16,
345,345,get,two_____,_____954,
345,345,get,two_____,_____788,
345,345,get,one_____,_____196,
345,345,get,three___,_____555,
345,345,get,zero____,_____605,
345,345,get,one_____,_____988,
345,345,get,one_____,_____695,
345,345,get,zero____,_____511,
345,345,get,three___,______15,
345,345,get,zero____,_____299,
345,345,commit,,,

346,346,get,one_____,_____670,
346,346,get,two_____,_____363,
346,346,get,four____,_____221,
346,346,get,three___,_____107,
346,346,get,zero____,_____334,
346,346,get,two_____,_____397,
346,346,get,one_____,_____292,
346,346,get,four____,_____911,
346,346,get,three___,_____445,
346,346,get,two_____,_____751,
346,346,get,three___,_____508,
346,346,get,one_____,_____888,
346,346,commit,,,

347,347,get,one_____,_____444,
347,347,get,one_____,_____479,
347,347,get,three___,_____434,
347,347,get,two_____,_____901,
347,347,get,three___,_____974,
347,347,get,zero____,_____301,
347,347,get,three___,_____168,
347,347,get,two_____,_____394,
347,347,get,three___,_____607,
347,347,get,zero____,_____504,
347,347,commit,,,

348,348,get,three___,_____711,
348,348,get,two_____,_____713,
348,348,get,four____,_____370,
348,348,get,three___,_____950,
348,348,get,zero____,______42,
348,348,get,one_____,_____491,
348,348,get,three___,_____284,
348,348,get,two_____,_____165,
348,348,get,one_____,_____344,
348,348,commit,,,

349,349,get,three___,______27,
349,349,get,two_____,_____761,
349,349,get,zero____,_____792,
349,349,get,three___,_____434,
349,349,get,zero____,_____308,
349,349,get,zero____,_____562,
349,349,get,zero____,_____123,
349,349,get,four____,______90,
349,349,get,two_____,_____518,
349,349,get,one_____,_____999,
349,349,get,zero____,______62,
349,349,get,two_____,_____936,
349,349,commit,,,

350,350,get,three___,_____536,
350,350,get,three___,_____642,
350,350,get,three___,_____811,
350,350,get,zero____,_____683,
350,350,get,two_____,_____140,
350,350,get,zero____,_____278,
350,350,get,zero____,_____765,
350,350,get,zero____,_____511,
350,350,commit,,,

351,351,get,zero____,_____308,
351,351,get,four____,_____701,
351,351,get,two_____,_____787,
351,351,get,one_____,_____976,
351,351,get,two_____,_____318,
351,351,get,three___,_____981,
351,351,get,three___,_______9,
351,351,get,three___,_____938,
351,351,commit,,,

352,352,get,three___,_____413,
352,352,get,zero____,_____817,
352,352,get,one_____,_____179,
352,352,get,two_____,_____832,
352,352,get,two_____,_____397,
352,352,get,two_____,_____948,
352,352,get,four____,_____154,
352,352,get,zero____,_____632,
352,352,get,zero____,______62,
352,352,get,zero____,_____926,
352,352,commit,,,

353,353,get,zero____,_____632,
353,353,get,one_____,_____780,
353,353,get,three___,_____726,
353,353,get,zero____,_____819,
353,353,get,two_____,_____705,
353,353,get,one_____,_____923,
353,353,get,zero____,_____495,
353,353,get,two_____,_____746,
353,353,get,three___,_____648,
353,353,commit,,,

354,354,get,one_____,_____291,
354,354,get,one_____,_____651,
354,354,get,three___,______24,
354,354,get,four____,_____246,
354,354,get,one_____,_____665,
354,354,get,zero____,_____366,
354,354,get,four____,_____218,
354,354,get,one_____,_____849,
354,354,get,three___,_____430,
354,354,get,four____,_____603,
354,354,get,one_____,_____132,
354,354,get,two_____,_____591,
354,354,commit,,,

355,355,get,zero____,_____180,
355,355,get,three___,_____435,
355,355,get,zero____,______76,
355,355,get,four____,_____480,
355,355,get,four____,_____899,
355,355,get,zero____,_____898,
355,355,get,four____,_____225,
355,355,get,zero____,_____654,
355,355,get,four____,_____971,
355,355,get,three___,_____150,
355,355,get,four____,_____488,
355,355,get,four____,_____887,
355,355,commit,,,

356,356,get,zero____,_____979,
356,356,get,two_____,_____162,
356,356,get,three___,_____438,
356,356,get,one_____,_____968,
356,356,get,zero____,_____853,
356,356,get,two_____,______10,
356,356,get,four____,_____426,
356,356,get,four____,_____962,
356,356,get,two_____,_____831,
356,356,commit,,,

357,357,get,three___,_____781,
357,357,get,one_____,______13,
357,357,get,one_____,_____795,
357,357,get,one_____,_____923,
357,357,get,one_____,_____891,
357,357,get,zero____,_____312,
357,357,get,two_____,_____440,
357,357,get,zero____,_____680,
357,357,get,zero____,_____920,
357,357,get,three___,_____957,
357,357,commit,,,

358,358,get,zero____,_____587,
358,358,get,two_____,______10,
358,358,get,two_____,_____932,
358,358,get,two_____,_____987,
358,358,get,three___,_____711,
358,358,get,two_____,_____948,
358,358,get,two_____,_____614,
358,358,get,four____,_____759,
358,358,get,one_____,_____453,
358,358,get,three___,_____854,
358,358,get,one_____,______71,
358,358,get,three___,_____596,
358,358,commit,,,

359,359,get,zero____,______54,
359,359,get,four____,_____561,
359,359,get,three___,_____715,
359,359,get,four____,_____381,
359,359,get,four____,_____916,
359,359,get,three___,______15,
359,359,get,one_____,_____491,
359,359,get,two_____,_____224,
359,359,commit,,,

360,360,get,two_____,_____226,
360,360,get,four____,_____496,
360,360,get,three___,_____964,
360,360,get,four____,_____951,
360,360,get,two_____,_____908,
360,360,get,zero____,_____588,
360,360,get,one_____,_____790,
360,360,get,one_____,_____270,
360,360,get,four____,_____345,
360,360,get,one_____,_____891,
360,360,commit,,,

361,361,get,three___,_____723,
361,361,get,three___,_____307,
361,361,get,one_____,_____888,
361,361,get,four____,_____221,
361,361,get,three___,_____798,
361,361,get,two_____,______84,
361,361,get,four____,_____232,
361,361,get,three___,_____957,
361,361,commit,,,

362,362,get,one_____,_____347,
362,362,get,one_____,_____115,
362,362,get,one_____,_____500,
362,362,get,three___,_____811,
362,362,get,one_____,_____341,
362,362,get,three___,_____413,
362,362,get,one_____,_____393,
362,362,get,zero____,_____883,
362,362,get,four____,______60,
362,362,get,three___,_____639,
362,362,get,four____,_____424,
362,362,commit,,,

363,363,get,four____,______90,
363,363,get,two_____,_____745,
363,363,get,two_____,_____571,
363,363,get,four____,_____144,
363,363,get,two_____,_____928,
363,363,get,zero____,______45,
363,363,get,one_____,______14,
363,363,get,one_____,_____505,
363,363,get,two_____,_____745,
363,363,get,four____,_____844,
363,363,get,one_____,______71,
363,363,get,zero____,_____926,
363,363,commit,,,

364,364,get,zero____,_____826,
364,364,get,four____,_____584,
364,364,get,three___,_____596,
364,364,get,zero____,_____826,
364,364,get,four____,_____691,
364,364,get,three___,______33,
364,364,get,zero____,_____595,
364,364,get,zero____,______12,
364,364,get,four____,_____558,
364,364,get,four____,_____630,
364,364,get,zero____,______83,
364,364,commit,,,

365,365,get,four____,_____110,
365,365,get,three___,_____376,
365,365,get,zero____,_____909,
365,365,get,four____,_____558,
365,365,get,three___,_____747,
365,365,get,two_____,_____589,
365,365,get,two_____,_____992,
365,365,get,zero____,_____118,
365,365,commit,,,

366,366,get,three___,_____861,
366,366,get,two_____,______98,
366,366,get,one_____,_____601,
366,366,get,three___,_____438,
366,366,get,two_____,_____392,
366,366,get,one_____,_____500,
366,366,get,one_____,_____395,
366,366,get,two_____,_____164,
366,366,get,two_____,_____894,
366,366,commit,,,

367,367,get,four____,_____594,
367,367,get,zero____,_____812,
367,367,get,zero____,_____364,
367,367,get,four____,_____760,
367,367,get,four____,_____357,
367,367,get,four____,_____234,
367,367,get,three___,_____171,
367,367,get,zero____,_____412,
367,367,get,three___,_____319,
367,367,commit,,,

368,368,get,one_____,_____565,
368,368,get,two_____,____1000,
368,368,get,zero____,_____296,
368,368,get,one_____,_____455,
368,368,get,three___,_____452,
368,368,get,two_____,_____287,
368,368,get,one_____,_____512,
368,368,get,one_____,_____378,
368,368,commit,,,

369,369,get,four____,______80,
369,369,get,one_____,_____988,
369,369,get,one_____,_____774,
369,369,get,two_____,_____982,
369,369,get,four____,_____759,
369,369,get,one_____,_____551,
369,369,get,two_____,_____418,
369,369,get,one_____,_____651,
369,369,get,four____,_____533,
369,369,get,one_____,_____272,
369,369,get,four____,_____603,
369,369,get,one_____,_____762,
369,369,commit,,,

370,370,get,three___,_____852,
370,370,get,four____,_____345,
370,370,get,two_____,_____222,
370,370,get,four____,_____443,
370,370,get,three___,_____938,
370,370,get,zero____,_____743,
370,370,get,one_____,_____402,
370,370,get,zero____,_____238,
370,370,get,four____,_____951,
370,370,get,one_____,_____777,
370,370,commit,,,

371,371,get,zero____,_____937,
371,371,get,one_____,_____223,
371,371,get,zero____,_____114,
371,371,get,four____,_____890,
371,371,get,two_____,_____707,
371,371,get,zero____,_____492,
371,371,get,zero____,_____364,
371,371,get,one_____,_______2,
371,371,get,three___,_____657,
371,371,commit,,,

372,372,get,four____,_____899,
372,372,get,four____,_____232,
372,372,get,zero____,______72,
372,372,get,zero____,_____308,
372,372,get,four____,_____463,
372,372,get,two_____,_____831,
372,372,get,four____,_____531,
372,372,get,three___,_____235,
372,372,get,three___,_____634,
372,372,get,zero____,_____727,
372,372,get,zero____,_____380,
372,372,get,zero____,_____949,
372,372,commit,,,

373,373,get,two_____,_____335,
373,373,get,three___,_____150,
373,373,get,four____,_____779,
373,373,get,two_____,_____543,
373,373,get,zero____,_____283,
373,373,get,four____,_____522,
373,373,get,zero____,______36,
373,373,get,four____,_____327,
373,373,get,four____,_____488,
373,373,get,zero____,_____952,
373,373,commit,,,

374,374,get,zero____,_____588,
374,374,get,three___,_____346,
374,374,get,one_____,_____959,
374,374,get,two_____,_____523,
374,374,get,four____,_____597,
374,374,get,two_____,_____226,
374,374,get,four____,_____356,
374,374,get,zero____,_____562,
374,374,get,three___,_____293,
374,374,get,zero____,_____926,
374,374,get,three___,_____171,
374,374,commit,,,

375,375,get,one_____,_____127,
375,375,get,two_____,_____752,
375,375,get,three___,_____763,
375,375,get,four____,_____951,
375,375,get,one_____,_____708,
375,375,get,three___,_____980,
375,375,get,one_____,_____513,
375,375,get,four____,_____662,
375,375,get,three___,_______4,
375,375,get,two_____,_____954,
375,375,get,three___,_____256,
375,375,commit,,,

376,376,get,two_____,_____523,
376,376,get,four____,_____354,
376,376,get,two_____,_____408,
376,376,get,three___,_____602,
376,376,get,one_____,_____509,
376,376,get,zero____,_____467,
376,376,get,zero____,______96,
376,376,get,two_____,_____331,
376,376,get,three___,_____379,
376,376,get,zero____,_____476,
376,376,get,three___,_____104,
376,376,get,two_____,_____858,
376,376,commit,,,

377,377,get,three___,_____641,
377,377,get,four____,_____827,
377,377,get,one_____,_____157,
377,377,get,zero____,_____802,
377,377,get,one_____,_____260,
377,377,get,one_____,_____383,
377,377,get,zero____,_____492,
377,377,get,one_____,_____391,
377,377,commit,,,

378,378,get,three___,_____435,
378,378,get,four____,_____332,
378,378,get,zero____,_____674,
378,378,get,three___,_____811,
378,378,get,four____,_____824,
378,378,get,two_____,_____474,
378,378,get,two_____,_____329,
378,378,get,two_____,_____902,
378,378,commit,,,

379,379,get,zero____,_____792,
379,379,get,four____,_____693,
379,379,get,four____,_____300,
379,379,get,four____,_____561,
379,379,get,four____,_____144,
379,379,get,two_____,_____474,
379,379,get,two_____,_____567,
379,379,get,three___,_____194,
379,379,get,four____,_____899,
379,379,get,zero____,_____579,
379,379,commit,,,

380,380,get,one_____,______89,
380,380,get,three___,_____106,
380,380,get,four____,_____570,
380,380,get,two_____,_____250,
380,380,get,four____,_____702,
380,380,get,three___,_____623,
380,380,get,one_____,_____449,
380,380,get,four____,______99,
380,380,get,three___,_____814,
380,380,get,one_____,_____857,
380,380,get,two_____,_____567,
380,380,commit,,,

381,381,get,three___,_____160,
381,381,get,one_____,_____163,
381,381,get,one_____,______37,
381,381,get,four____,______38,
381,381,get,zero____,______19,
381,381,get,three___,_____647,
381,381,get,three___,_____107,
381,381,get,zero____,_____740,
381,381,get,three___,_____294,
381,381,commit,,,

382,382,get,zero____,_____398,
382,382,get,zero____,_______8,
382,382,get,zero____,_____829,
382,382,get,two_____,_____676,
382,382,get,four____,_____748,
382,382,get,zero____,_____925,
382,382,get,zero____,_____487,
382,382,get,three___,_____607,
382,382,get,four____,_____769,
382,382,get,four____,_____245,
382,382,commit,,,

383,383,get,zero____,_____527,
383,383,get,four____,_____838,
383,383,get,one_____,_____102,
383,383,get,two_____,_____222,
383,383,get,four____,_____264,
383,383,get,three___,______69,
383,383,get,four____,_____177,
383,383,get,one_____,_____202,
383,383,get,zero____,_____489,
383,383,commit,,,

384,384,get,three___,_____964,
384,384,get,two_____,_____738,
384,384,get,two_____,_____538,
384,384,get,three___,_____532,
384,384,get,one_____,_____612,
384,384,get,two_____,_____556,
384,384,get,three___,_____635,
384,384,get,three___,_____219,
384,384,get,four____,_____616,
384,384,get,one_____,_____678,
384,384,get,three___,_____905,
384,384,get,three___,_____910,
384,384,commit,,,

385,385,get,three___,_____133,
385,385,get,two_____,_____481,
385,385,get,one_____,_____574,
385,385,get,one_____,_____188,
385,385,get,one_____,_____728,
385,385,get,zero____,_____802,
385,385,get,four____,_____177,
385,385,get,three___,_____964,
385,385,get,zero____,_____123,
385,385,get,two_____,_____786,
385,385,get,three___,_____836,
385,385,get,zero____,_____961,
385,385,commit,,,

386,386,get,four____,_____211,
386,386,get,four____,_____700,
386,386,get,two_____,_____199,
386,386,get,zero____,_____883,
386,386,get,three___,_____182,
386,386,get,three___,_____437,
386,386,get,zero____,_____265,
386,386,get,zero____,_____926,
386,386,get,zero____,_____931,
386,386,get,four____,______80,
386,386,get,one_____,_____718,
386,386,get,one_____,_____383,
386,386,commit,,,

387,387,get,zero____,_____883,
387,387,get,one_____,_____444,
387,387,get,four____,_____951,
387,387,get,one_____,_____291,
387,387,get,three___,_____781,
387,387,get,zero____,_____404,
387,387,get,zero____,_____734,
387,387,get,zero____,_____897,
387,387,commit,,,

388,388,get,three___,_____607,
388,388,get,one_____,_____479,
388,388,get,one_____,_____459,
388,388,get,zero____,_____931,
388,388,get,three___,_____825,
388,388,get,two_____,_____523,
388,388,get,zero____,_____517,
388,388,get,one_____,_____933,
388,388,get,four____,______49,
388,388,get,three___,_____814,
388,388,get,two_____,_____751,
388,388,get,four____,_____441,
388,388,commit,,,

389,389,get,one_____,_____242,
389,389,get,one_____,_____612,
389,389,get,zero____,______45,
389,389,get,zero____,_____961,
389,389,get,zero____,_____720,
389,389,get,zero____,_____969,
389,389,get,four____,_____570,
389,389,get,two_____,_____230,
389,389,get,two_____,_____428,
389,389,get,two_____,_____143,
389,389,get,zero____,_____312,
389,389,get,three___,_____811,
389,389,commit,,,

390,390,get,zero____,_____721,
390,390,get,four____,_____688,
390,390,get,two_____,_____751,
390,390,get,one_____,_____762,
390,390,get,three___,_____770,
390,390,get,zero____,_____334,
390,390,get,three___,_____692,
390,390,get,four____,_____370,
390,390,get,one_____,_____796,
390,390,commit,,,

391,391,get,four____,_____834,
391,391,get,zero____,_____764,
391,391,get,one_____,_____714,
391,391,get,two_____,_____820,
391,391,get,three___,_____692,
391,391,get,one_____,_____757,
391,391,get,three___,_____239,
391,391,get,zero____,_____470,
391,391,commit,,,

392,392,get,zero____,_____949,
392,392,get,one_____,_____249,
392,392,get,three___,_____805,
392,392,get,zero____,______76,
392,392,get,one_____,_____105,
392,392,get,three___,_____778,
392,392,get,one_____,_____842,
392,392,get,one_____,_____610,
392,392,get,three___,_____269,
392,392,get,zero____,_____454,
392,392,get,two_____,_____408,
392,392,commit,,,

393,393,get,three___,_____434,
393,393,get,three___,_____930,
393,393,get,two_____,_____611,
393,393,get,three___,_____974,
393,393,get,zero____,_____210,
393,393,get,two_____,_____821,
393,393,get,zero____,_____969,
393,393,get,four____,_____237,
393,393,get,three___,_____726,
393,393,get,two_____,_____485,
393,393,commit,,,

394,394,get,one_____,_____292,
394,394,get,two_____,_____882,
394,394,get,zero____,_____734,
394,394,get,zero____,_____810,
394,394,get,one_____,_____862,
394,394,get,four____,_____599,
394,394,get,zero____,_____582,
394,394,get,zero____,______97,
394,394,get,two_____,_____821,
394,394,get,two_____,_____786,
394,394,get,zero____,______73,
394,394,commit,,,

395,395,get,two_____,_____543,
395,395,get,three___,_____914,
395,395,get,one_____,_____728,
395,395,get,zero____,_____308,
395,395,get,two_____,_____686,
395,395,get,three___,_____985,
395,395,get,zero____,_____296,
395,395,get,one_____,_____244,
395,395,get,zero____,_____161,
395,395,get,one_____,_____601,
395,395,commit,,,

396,396,get,zero____,_____507,
396,396,get,one_____,_____270,
396,396,get,one_____,_____196,
396,396,get,two_____,_____140,
396,396,get,four____,_____533,
396,396,get,zero____,_____810,
396,396,get,three___,_____914,
396,396,get,zero____,_____721,
396,396,get,four____,_____422,
396,396,get,four____,_____111,
396,396,get,zero____,_____380,
396,396,get,zero____,______96,
396,396,commit,,,

397,397,get,one_____,_____382,
397,397,get,four____,_____544,
397,397,get,three___,_____604,
397,397,get,two_____,_____394,
397,397,get,zero____,_____299,
397,397,get,three___,_____747,
397,397,get,two_____,_____932,
397,397,get,three___,_____148,
397,397,get,two_____,_____331,
397,397,get,three___,_____634,
397,397,get,two_____,_____719,
397,397,get,two_____,_____331,
397,397,commit,,,

398,398,get,three___,_____814,
398,398,get,zero____,_____856,
398,398,get,one_____,_____316,
398,398,get,two_____,_____440,
398,398,get,two_____,_____742,
398,398,get,four____,_____539,
398,398,get,four____,______41,
398,398,get,four____,_____899,
398,398,commit,,,

399,399,get,two_____,_____835,
399,399,get,two_____,_____982,
399,399,get,three___,_____798,
399,399,get,two_____,_____471,
399,399,get,zero____,_____566,
399,399,get,one_____,_____405,
399,399,get,three___,_____657,
399,399,get,one_____,_____272,
399,399,get,four____,_____839,
399,399,get,four____,_____827,
399,399,commit,,,

400,400,get,one_____,_____999,
400,400,get,one_____,_____709,
400,400,get,four____,_____533,
400,400,get,three___,_____425,
400,400,get,two_____,_____224,
400,400,get,zero____,_____175,
400,400,get,one_____,_____297,
400,400,get,one_____,_____586,
400,400,get,three___,_____872,
400,400,get,one_____,_____849,
400,400,get,one_____,_____134,
400,400,commit,,,

401,401,get,three___,_____900,
401,401,get,three___,_____784,
401,401,get,one_____,_____213,
401,401,get,zero____,_____489,
401,401,get,one_____,_____690,
401,401,get,three___,_____723,
401,401,get,zero____,______62,
401,401,get,zero____,_____628,
401,401,get,one_____,_____117,
401,401,get,three___,_____160,
401,401,get,three___,_____706,
401,401,commit,,,

402,402,get,zero____,_____547,
402,402,get,three___,_____667,
402,402,get,one_____,______48,
402,402,get,four____,_____279,
402,402,get,one_____,_____708,
402,402,get,three___,_____803,
402,402,get,one_____,_____958,
402,402,get,two_____,_____936,
402,402,get,zero____,_____871,
402,402,commit,,,

403,403,get,two_____,_____571,
403,403,get,four____,_____357,
403,403,get,zero____,_____372,
403,403,get,four____,_____463,
403,403,get,two_____,_____987,
403,403,get,zero____,______54,
403,403,get,one_____,_____402,
403,403,get,two_____,_____851,
403,403,get,zero____,_____749,
403,403,get,four____,_____442,
403,403,commit,,,

404,404,get,zero____,_____266,
404,404,get,four____,_____280,
404,404,get,two_____,_____624,
404,404,get,one_____,_____330,
404,404,get,three___,_____419,
404,404,get,two_____,_____869,
404,404,get,three___,_____814,
404,404,get,two_____,_____187,
404,404,commit,,,

405,405,get,one_____,_____651,
405,405,get,four____,_____919,
405,405,get,zero____,______42,
405,405,get,one_____,_____407,
405,405,get,one_____,_____120,
405,405,get,three___,_____438,
405,405,get,one_____,_____249,
405,405,get,zero____,_____562,
405,405,get,zero____,_____909,
405,405,get,four____,_____558,
405,405,get,four____,______29,
405,405,commit,,,

406,406,get,zero____,_____372,
406,406,get,one_____,_____888,
406,406,get,four____,_____486,
406,406,get,one_____,______53,
406,406,get,two_____,_____732,
406,406,get,zero____,_____925,
406,406,get,three___,_____930,
406,406,get,two_____,_____571,
406,406,commit,,,

407,407,get,one_____,_____850,
407,407,get,two_____,_____766,
407,407,get,four____,_____603,
407,407,get,three___,_____635,
407,407,get,three___,_____580,
407,407,get,two_____,_____556,
407,407,get,zero____,_____210,
407,407,get,three___,_____974,
407,407,get,two_____,_____474,
407,407,get,three___,_____657,
407,407,commit,,,

408,408,get,one_____,_____402,
408,408,get,zero____,_____204,
408,408,get,three___,_____635,
408,408,get,one_____,_____198,
408,408,get,three___,_____934,
408,408,get,three___,_____241,
408,408,get,zero____,_____312,
408,408,get,zero____,_____366,
408,408,get,four____,_____939,
408,408,get,zero____,______56,
408,408,get,two_____,_____250,
408,408,commit,,,

409,409,get,zero____,_____193,
409,409,get,two_____,_____908,
409,409,get,four____,_____237,
409,409,get,zero____,_____598,
409,409,get,one_____,_____267,
409,409,get,one_____,______70,
409,409,get,zero____,_____495,
409,409,get,two_____,_____408,
409,409,get,zero____,_____158,
409,409,get,zero____,_____644,
409,409,commit,,,

410,410,get,four____,_____370,
410,410,get,four____,_____779,
410,410,get,four____,_____317,
410,410,get,four____,_____281,
410,410,get,four____,_____289,
410,410,get,one_____,_____323,
410,410,get,zero____,_____458,
410,410,get,two_____,_____485,
410,410,get,two_____,_____967,
410,410,get,three___,_____694,
410,410,get,one_____,_____223,
410,410,commit,,,

411,411,get,zero____,_____680,
411,411,get,two_____,_____201,
411,411,get,four____,______94,
411,411,get,zero____,_____792,
411,411,get,one_____,_____102,
411,411,get,four____,_____531,
411,411,get,one_____,______66,
411,411,get,four____,_____947,
411,411,get,four____,_____839,
411,411,commit,,,

412,412,get,one_____,_____216,
412,412,get,zero____,_____915,
412,412,get,one_____,_____785,
412,412,get,four____,_____599,
412,412,get,four____,_____217,
412,412,get,zero____,_____575,
412,412,get,one_____,______14,
412,412,get,two_____,_____304,
412,412,commit,,,

413,413,get,two_____,_____820,
413,413,get,one_____,_____202,
413,413,get,two_____,_____643,
413,413,get,three___,_____434,
413,413,get,one_____,_____565,
413,413,get,two_____,______34,
413,413,get,two_____,_____548,
413,413,get,two_____,_____908,
413,413,commit,,,

414,414,get,zero____,_____527,
414,414,get,one_____,_____757,
414,414,get,four____,_____464,
414,414,get,four____,_____184,
414,414,get,four____,______38,
414,414,get,three___,______82,
414,414,get,four____,_____124,
414,414,get,four____,_____971,
414,414,get,zero____,_____118,
414,414,commit,,,

415,415,get,zero____,_____925,
415,415,get,three___,_____235,
415,415,get,one_____,_____407,
415,415,get,one_____,_____183,
415,415,get,four____,_____807,
415,415,get,two_____,_____745,
415,415,get,one_____,_____850,
415,415,get,three___,_____376,
415,415,get,four____,_____498,
415,415,get,one_____,_____403,
415,415,get,three___,_______4,
415,415,get,three___,_____975,
415,415,commit,,,

416,416,get,two_____,_____439,
416,416,get,one_____,_____455,
416,416,get,four____,_____535,
416,416,get,one_____,_____670,
416,416,get,one_____,_____774,
416,416,get,zero____,_____817,
416,416,get,zero____,_____562,
416,416,get,one_____,_____573,
416,416,get,four____,_____866,
416,416,get,three___,_____657,
416,416,get,zero____,_____520,
416,416,commit,,,

417,417,get,zero____,_____193,
417,417,get,one_____,_____656,
417,417,get,three___,_____434,
417,417,get,four____,_____443,
417,417,get,one_____,_____685,
417,417,get,four____,_____486,
417,417,get,zero____,_____810,
417,417,get,zero____,_____454,
417,417,get,three___,_____974,
417,417,get,three___,_____604,
417,417,commit,,,

418,418,get,two_____,_____832,
418,418,get,two_____,_____992,
418,418,get,one_____,_____870,
418,418,get,two_____,_____538,
418,418,get,zero____,_____326,
418,418,get,three___,_____560,
418,418,get,zero____,_____941,
418,418,get,one_____,_____645,
418,418,get,three___,_____528,
418,418,get,two_____,_____461,
418,418,get,zero____,_____582,
418,418,get,three___,_____235,
418,418,commit,,,

419,419,get,one_____,_____322,
419,419,get,one_____,_____573,
419,419,get,one_____,_____728,
419,419,get,zero____,______56,
419,419,get,three___,_____825,
419,419,get,one_____,_____513,
419,419,get,two_____,_____589,
419,419,get,one_____,______71,
419,419,get,two_____,_____992,
419,419,get,two_____,______88,
419,419,get,one_____,_____267,
419,419,commit,,,

420,420,get,one_____,_____988,
420,420,get,two_____,_____394,
420,420,get,four____,_____357,
420,420,get,four____,_____866,
420,420,get,three___,______57,
420,420,get,three___,_____657,
420,420,get,zero____,_____699,
420,420,get,zero____,_____664,
420,420,get,four____,______49,
420,420,commit,,,

421,421,get,zero____,_____412,
421,421,get,three___,_____333,
421,421,get,three___,_____171,
421,421,get,three___,_____843,
421,421,get,one_____,______53,
421,421,get,two_____,_____192,
421,421,get,one_____,_____203,
421,421,get,two_____,_____996,
421,421,get,three___,_____623,
421,421,commit,,,

422,422,get,one_____,_____842,
422,422,get,zero____,_____941,
422,422,get,three___,_____171,
422,422,get,zero____,_____559,
422,422,get,three___,_____560,
422,422,get,two_____,_____571,
422,422,get,four____,_____677,
422,422,get,one_____,_____891,
422,422,get,one_____,_____449,
422,422,get,one_____,_____115,
422,422,get,zero____,______59,
422,422,get,two_____,_____940,
422,422,commit,,,

423,423,get,three___,_____706,
423,423,get,one_____,_____395,
423,423,get,two_____,_____549,
423,423,get,three___,______69,
423,423,get,three___,_____462,
423,423,get,one_____,_____703,
423,423,get,zero____,______44,
423,423,get,one_____,_____371,
423,423,commit,,,

424,424,get,zero____,______56,
424,424,get,three___,______57,
424,424,get,three___,_____269,
424,424,get,four____,_____423,
424,424,get,three___,_____753,
424,424,get,zero____,_____406,
424,424,get,four____,_____677,
424,424,get,two_____,_____696,
424,424,get,zero____,_____826,
424,424,get,three___,_____723,
424,424,get,four____,_____373,
424,424,commit,,,

425,425,get,zero____,_____828,
425,425,get,two_____,_____882,
425,425,get,one_____,_____516,
425,425,get,zero____,_____969,
425,425,get,two_____,_____190,
425,425,get,three___,_____934,
425,425,get,four____,_____245,
425,425,get,one_____,_____347,
425,425,get,four____,_____951,
425,425,get,zero____,_____258,
425,425,get,zero____,_____398,
425,425,get,zero____,_____883,
425,425,commit,,,

426,426,get,two_____,_____199,
426,426,get,three___,_____438,
426,426,get,zero____,_____258,
426,426,get,zero____,_____400,
426,426,get,three___,______30,
426,426,get,four____,_____464,
426,426,get,three___,_____568,
426,426,get,three___,_____811,
426,426,commit,,,

427,427,get,one_____,_____382,
427,427,get,two_____,_____622,
427,427,get,zero____,_____815,
427,427,get,four____,_____217,
427,427,get,two_____,_____530,
427,427,get,three___,_____604,
427,427,get,zero____,_____283,
427,427,get,zero____,_____288,
427,427,get,four____,_____289,
427,427,get,four____,_____356,
427,427,get,two_____,_____567,
427,427,commit,,,

428,428,get,one_____,_____690,
428,428,get,one_____,_____202,
428,428,get,two_____,_____254,
428,428,get,four____,_____804,
428,428,get,zero____,_____265,
428,428,get,zero____,_____960,
428,428,get,one_____,_____105,
428,428,get,three___,_____711,
428,428,get,two_____,_____113,
428,428,commit,,,

429,429,get,one_____,_____353,
429,429,get,two_____,_____982,
429,429,get,zero____,_____119,
429,429,get,one_____,_____297,
429,429,get,two_____,_____732,
429,429,get,two_____,_____162,
429,429,get,four____,_____838,
429,429,get,one_____,_____708,
429,429,commit,,,

430,430,get,four____,_____281,
430,430,get,one_____,_____453,
430,430,get,four____,_____300,
430,430,get,zero____,_____278,
430,430,get,two_____,_____233,
430,430,get,two_____,_____502,
430,430,get,zero____,______83,
430,430,get,two_____,_____650,
430,430,get,four____,______26,
430,430,get,three___,_____256,
430,430,commit,,,

431,431,get,one_____,_____207,
431,431,get,zero____,______78,
431,431,get,zero____,_____817,
431,431,get,zero____,_____673,
431,431,get,zero____,_____151,
431,431,get,four____,______95,
431,431,get,four____,______90,
431,431,get,one_____,_____378,
431,431,get,one_____,_____681,
431,431,commit,,,

432,432,get,three___,_____872,
432,432,get,one_____,_____393,
432,432,get,one_____,_____342,
432,432,get,two_____,_____126,
432,432,get,one_____,_____391,
432,432,get,two_____,_____954,
432,432,get,four____,_____130,
432,432,get,zero____,_____853,
432,432,get,zero____,_____743,
432,432,get,two_____,_____190,
432,432,commit,,,

433,433,get,one_____,_____188,
433,433,get,zero____,______25,
433,433,get,four____,_____919,
433,433,get,four____,_____576,
433,433,get,three___,_____711,
433,433,get,zero____,_____920,
433,433,get,zero____,_____404,
433,433,get,zero____,_____458,
433,433,get,three___,_____294,
433,433,get,four____,_____263,
433,433,get,two_____,_____932,
433,433,get,three___,_____607,
433,433,commit,,,

434,434,get,three___,_____346,
434,434,get,three___,_____872,
434,434,get,four____,_____170,
434,434,get,two_____,_____855,
434,434,get,zero____,_____598,
434,434,get,four____,_____317,
434,434,get,three___,_____837,
434,434,get,four____,_____564,
434,434,commit,,,

435,435,get,zero____,_____517,
435,435,get,four____,_____111,
435,435,get,one_____,_____645,
435,435,get,two_____,_____581,
435,435,get,zero____,_____278,
435,435,get,four____,_____576,
435,435,get,three___,_____655,
435,435,get,four____,_____558,
435,435,get,zero____,_____200,
435,435,get,one_____,_____777,
435,435,get,two_____,_____987,
435,435,get,four____,_____561,
435,435,commit,,,

436,436,get,one_____,_____449,
436,436,get,four____,_____621,
436,436,get,zero____,_____454,
436,436,get,one_____,_____514,
436,436,get,zero____,_____800,
436,436,get,four____,______17,
436,436,get,two_____,______34,
436,436,get,three___,_____333,
436,436,get,one_____,_____999,
436,436,commit,,,

437,437,get,three___,_____483,
437,437,get,three___,______81,
437,437,get,zero____,_____873,
437,437,get,four____,_____838,
437,437,get,one_____,_____586,
437,437,get,zero____,_____161,
437,437,get,zero____,_____743,
437,437,get,three___,_____319,
437,437,get,four____,_____748,
437,437,get,one_____,_____432,
437,437,commit,,,

438,438,get,two_____,_____141,
438,438,get,one_____,_____796,
438,438,get,one_____,_____791,
438,438,get,one_____,_____216,
438,438,get,two_____,_____991,
438,438,get,two_____,______10,
438,438,get,one_____,_____615,
438,438,get,three___,_____640,
438,438,get,one_____,_____105,
438,438,get,four____,_____539,
438,438,commit,,,

439,439,get,one_____,______37,
439,439,get,one_____,_____105,
439,439,get,two_____,_____224,
439,439,get,zero____,_____572,
439,439,get,three___,_____772,
439,439,get,zero____,_____517,
439,439,get,two_____,_____609,
439,439,get,three___,_____181,
439,439,commit,,,

440,440,get,zero____,_____380,
440,440,get,three___,_____641,
440,440,get,two_____,_____392,
440,440,get,three___,_______5,
440,440,get,zero____,______36,
440,440,get,four____,_____971,
440,440,get,three___,_____619,
440,440,get,zero____,_____159,
440,440,get,one_____,_____298,
440,440,get,one_____,_____658,
440,440,get,three___,______52,
440,440,get,zero____,_____926,
440,440,commit,,,

441,441,get,two_____,_____468,
441,441,get,zero____,_____741,
441,441,get,three___,______40,
441,441,get,two_____,______84,
441,441,get,three___,_____425,
441,441,get,one_____,_____216,
441,441,get,four____,_____480,
441,441,get,two_____,_____606,
441,441,get,zero____,_____400,
441,441,get,four____,_____480,
441,441,commit,,,

442,442,get,three___,_____997,
442,442,get,zero____,______83,
442,442,get,three___,_____798,
442,442,get,two_____,_____331,
442,442,get,four____,_____373,
442,442,get,two_____,_____571,
442,442,get,four____,______60,
442,442,get,one_____,_____586,
442,442,get,two_____,_____813,
442,442,get,one_____,_____968,
442,442,get,four____,_____983,
442,442,commit,,,

443,443,get,two_____,_____936,
443,443,get,four____,_____354,
443,443,get,four____,_____370,
443,443,get,zero____,_____312,
443,443,get,one_____,______11,
443,443,get,zero____,_____731,
443,443,get,four____,_____955,
443,443,get,two_____,_____646,
443,443,get,zero____,_____960,
443,443,get,two_____,_____571,
443,443,get,four____,_____846,
443,443,get,three___,_____150,
443,443,commit,,,

444,444,get,three___,______85,
444,444,get,four____,_____154,
444,444,get,zero____,_____588,
444,444,get,four____,_____441,
444,444,get,four____,______38,
444,444,get,zero____,______96,
444,444,get,one_____,_____240,
444,444,get,two_____,_____766,
444,444,get,zero____,_____680,
444,444,get,zero____,_____139,
444,444,get,zero____,_____299,
444,444,get,one_____,_____590,
444,444,commit,,,

445,445,get,one_____,_____736,
445,445,get,three___,_____169,
445,445,get,two_____,_____318,
445,445,get,zero____,______97,
445,445,get,four____,_____173,
445,445,get,zero____,_____482,
445,445,get,two_____,_____343,
445,445,get,zero____,_____175,
445,445,get,four____,_____637,
445,445,get,two_____,_____614,
445,445,get,two_____,_____192,
445,445,commit,,,

446,446,get,zero____,_____727,
446,446,get,zero____,_____159,
446,446,get,three___,_____841,
446,446,get,two_____,_____250,
446,446,get,zero____,_____547,
446,446,get,three___,_____865,
446,446,get,one_____,_____783,
446,446,get,three___,______69,
446,446,commit,,,

447,447,get,one_____,_____903,
447,447,get,three___,_____284,
447,447,get,one_____,_____459,
447,447,get,three___,_____155,
447,447,get,four____,_____807,
447,447,get,four____,_____768,
447,447,get,four____,_____409,
447,447,get,three___,_____641,
447,447,get,zero____,_____119,
447,447,commit,,,

448,448,get,four____,_____769,
448,448,get,four____,_____100,
448,448,get,zero____,_____802,
448,448,get,one_____,_____690,
448,448,get,one_____,_____262,
448,448,get,three___,_____160,
448,448,get,three___,_____953,
448,448,get,four____,_____497,
448,448,get,two_____,_____397,
448,448,get,three___,_______9,
448,448,get,three___,_____171,
448,448,get,three___,_____430,
448,448,commit,,,

449,449,get,four____,_____983,
449,449,get,zero____,_____336,
449,449,get,four____,______86,
449,449,get,one_____,_____313,
449,449,get,two_____,_____247,
449,449,get,zero____,_____312,
449,449,get,zero____,_____856,
449,449,get,one_____,_____153,
449,449,get,one_____,_____541,
449,449,get,two_____,_____156,
449,449,get,two_____,_____646,
449,449,commit,,,

450,450,get,three___,_____929,
450,450,get,zero____,_____396,
450,450,get,three___,_____275,
450,450,get,one_____,_____407,
450,450,get,one_____,_____666,
450,450,get,four____,_____415,
450,450,get,zero____,_____283,
450,450,get,two_____,_____567,
450,450,get,three___,_____239,
450,450,get,zero____,_____372,
450,450,get,two_____,_____394,
450,450,commit,,,

451,451,get,two_____,_____713,
451,451,get,one_____,_____244,
451,451,get,three___,_____122,
451,451,get,three___,_____927,
451,451,get,one_____,_____134,
451,451,get,four____,_____769,
451,451,get,zero____,_____364,
451,451,get,two_____,_____250,
451,451,get,one_____,_____717,
451,451,commit,,,

452,452,get,two_____,______34,
452,452,get,one_____,______11,
452,452,get,zero____,_____401,
452,452,get,four____,_____834,
452,452,get,zero____,_____197,
452,452,get,four____,_____218,
452,452,get,zero____,_____969,
452,452,get,two_____,______35,
452,452,get,three___,_____430,
452,452,get,four____,_____279,
452,452,commit,,,

453,453,get,two_____,_____329,
453,453,get,four____,_____111,
453,453,get,two_____,_____686,
453,453,get,zero____,______59,
453,453,get,three___,_____706,
453,453,get,three___,_____515,
453,453,get,two_____,_____751,
453,453,get,two_____,______35,
453,453,commit,,,

454,454,get,two_____,_____940,
454,454,get,two_____,_____428,
454,454,get,zero____,_____873,
454,454,get,three___,_____434,
454,454,get,two_____,_____855,
454,454,get,zero____,_____308,
454,454,get,four____,_____415,
454,454,get,four____,______64,
454,454,get,one_____,_____551,
454,454,get,zero____,_____871,
454,454,get,two_____,_____222,
454,454,commit,,,

455,455,get,three___,_____284,
455,455,get,two_____,_____614,
455,455,get,four____,_____978,
455,455,get,two_____,_____581,
455,455,get,zero____,_____400,
455,455,get,four____,_____310,
455,455,get,three___,_____602,
455,455,get,four____,_____748,
455,455,get,four____,_____327,
455,455,get,one_____,_____371,
455,455,commit,,,

456,456,get,two_____,_____363,
456,456,get,two_____,_____622,
456,456,get,four____,_____890,
456,456,get,two_____,_____538,
456,456,get,four____,______95,
456,456,get,two_____,_____793,
456,456,get,zero____,_____366,
456,456,get,four____,_____625,
456,456,get,two_____,_____250,
456,456,get,three___,_____293,
456,456,commit,,,

457,457,get,zero____,_____517,
457,457,get,three___,_____150,
457,457,get,zero____,_____266,
457,457,get,three___,_____309,
457,457,get,zero____,_____739,
457,457,get,zero____,_____578,
457,457,get,three___,_____555,
457,457,get,two_____,_____220,
457,457,get,four____,_____351,
457,457,get,four____,_____688,
457,457,get,zero____,_____484,
457,457,get,three___,_____602,
457,457,commit,,,

458,458,get,four____,_____904,
458,458,get,one_____,_____615,
458,458,get,zero____,_____990,
458,458,get,three___,_____319,
458,458,get,three___,_____311,
458,458,get,two_____,_____851,
458,458,get,zero____,_____620,
458,458,get,four____,_____237,
458,458,commit,,,

459,459,get,two_____,_____233,
459,459,get,four____,______51,
459,459,get,four____,______61,
459,459,get,four____,_____899,
459,459,get,three___,______52,
459,459,get,four____,_____217,
459,459,get,three___,_____836,
459,459,get,one_____,_____912,
459,459,get,four____,_____599,
459,459,get,zero____,_____361,
459,459,commit,,,

460,460,get,four____,_____381,
460,460,get,zero____,_____365,
460,460,get,one_____,_____651,
460,460,get,two_____,_____530,
460,460,get,one_____,_____260,
460,460,get,two_____,_____707,
460,460,get,one_____,_____656,
460,460,get,zero____,_____654,
460,460,get,zero____,_____799,
460,460,commit,,,

461,461,get,three___,_____975,
461,461,get,one_____,_____541,
461,461,get,two_____,_____622,
461,461,get,zero____,______31,
461,461,get,four____,_____232,
461,461,get,four____,_____545,
461,461,get,zero____,______72,
461,461,get,zero____,_____949,
461,461,commit,,,

462,462,get,zero____,_____352,
462,462,get,three___,_____639,
462,462,get,three___,_____778,
462,462,get,three___,_____319,
462,462,get,zero____,_____372,
462,462,get,zero____,_____495,
462,462,get,two_____,_____624,
462,462,get,two_____,_____996,
462,462,commit,,,

463,463,get,one_____,_____125,
463,463,get,zero____,______63,
463,463,get,one_____,_____207,
463,463,get,four____,______90,
463,463,get,zero____,_____721,
463,463,get,four____,______17,
463,463,get,three___,_____101,
463,463,get,two_____,_____178,
463,463,commit,,,

464,464,get,three___,_____596,
464,464,get,three___,_____641,
464,464,get,one_____,_____569,
464,464,get,one_____,_____391,
464,464,get,four____,_____498,
464,464,get,four____,_____621,
464,464,get,four____,_____877,
464,464,get,one_____,_____249,
464,464,get,two_____,_____782,
464,464,get,one_____,_____134,
464,464,commit,,,

465,465,get,four____,_____424,
465,465,get,one_____,_____298,
465,465,get,zero____,_____880,
465,465,get,zero____,_____372,
465,465,get,one_____,_____152,
465,465,get,zero____,_____697,
465,465,get,zero____,_____261,
465,465,get,one_____,_____757,
465,465,get,one_____,_____923,
465,465,get,four____,_____939,
465,465,commit,,,

466,466,get,zero____,______23,
466,466,get,one_____,_____610,
466,466,get,four____,_____441,
466,466,get,one_____,_____371,
466,466,get,three___,_____865,
466,466,get,zero____,_____926,
466,466,get,four____,_____808,
466,466,get,zero____,______22,
466,466,commit,,,

467,467,get,four____,_____629,
467,467,get,zero____,_____960,
467,467,get,one_____,______13,
467,467,get,zero____,______19,
467,467,get,two_____,_____427,
467,467,get,three___,_____106,
467,467,get,zero____,_____961,
467,467,get,four____,_____919,
467,467,get,zero____,_____674,
467,467,commit,,,

468,468,get,zero____,_____166,
468,468,get,one_____,_____590,
468,468,get,three___,_____619,
468,468,get,four____,_____553,
468,468,get,four____,_____218,
468,468,get,two_____,_____324,
468,468,get,one_____,_____906,
468,468,get,two_____,_____318,
468,468,get,four____,_____887,
468,468,get,four____,_____769,
468,468,get,one_____,_____525,
468,468,get,one_____,_____399,
468,468,commit,,,

469,469,get,three___,_____275,
469,469,get,one_____,_____795,
469,469,get,three___,_____333,
469,469,get,four____,_____919,
469,469,get,one_____,_____651,
469,469,get,two_____,_____686,
469,469,get,four____,_____585,
469,469,get,three___,_____953,
469,469,commit,,,

470,470,get,zero____,_____767,
470,470,get,three___,_____806,
470,470,get,three___,_____753,
470,470,get,zero____,_____372,
470,470,get,four____,_____834,
470,470,get,four____,_____373,
470,470,get,one_____,_____796,
470,470,get,four____,_____779,
470,470,get,three___,_____865,
470,470,commit,,,

471,471,get,four____,_____760,
471,471,get,three___,_____169,
471,471,get,zero____,_____743,
471,471,get,three___,______85,
471,471,get,zero____,_____266,
471,471,get,three___,______57,
471,471,get,three___,_____950,
471,471,get,one_____,_____757,
471,471,get,two_____,_____141,
471,471,get,zero____,_____582,
471,471,get,zero____,_____454,
471,471,get,zero____,_____566,
471,471,commit,,,

472,472,get,one_____,_____358,
472,472,get,two_____,______39,
472,472,get,four____,_____137,
472,472,get,zero____,_____710,
472,472,get,four____,_____585,
472,472,get,one_____,_____342,
472,472,get,zero____,_____767,
472,472,get,four____,_____962,
472,472,commit,,,

473,473,get,four____,_____544,
473,473,get,one_____,_____179,
473,473,get,zero____,_____209,
473,473,get,three___,_______9,
473,473,get,three___,_____997,
473,473,get,zero____,_____212,
473,473,get,one_____,_____645,
473,473,get,one_____,_____525,
473,473,get,one_____,_____389,
473,473,get,two_____,_____287,
473,473,commit,,,

474,474,get,one_____,______66,
474,474,get,three___,_____490,
474,474,get,zero____,_____420,
474,474,get,zero____,_____204,
474,474,get,four____,_____625,
474,474,get,four____,_____289,
474,474,get,one_____,_____783,
474,474,get,zero____,______59,
474,474,get,four____,_____603,
474,474,commit,,,

475,475,get,four____,_____947,
475,475,get,zero____,_____180,
475,475,get,three___,_____972,
475,475,get,one_____,_____525,
475,475,get,zero____,_____575,
475,475,get,three___,_______5,
475,475,get,four____,_____935,
475,475,get,zero____,_____925,
475,475,get,one_____,_____455,
475,475,get,one_____,_____316,
475,475,commit,,,

476,476,get,one_____,_____881,
476,476,get,one_____,_____842,
476,476,get,zero____,_____197,
476,476,get,one_____,_____188,
476,476,get,four____,_____552,
476,476,get,four____,______21,
476,476,get,four____,_____422,
476,476,get,zero____,_____215,
476,476,get,zero____,_____487,
476,476,get,one_____,_____416,
476,476,get,three___,_____431,
476,476,commit,,,

477,477,get,four____,_____545,
477,477,get,three___,_____993,
477,477,get,four____,_____279,
477,477,get,one_____,_____569,
477,477,get,zero____,_____826,
477,477,get,three___,_____169,
477,477,get,three___,_____469,
477,477,get,three___,_____307,
477,477,get,four____,_____339,
477,477,get,zero____,_____817,
477,477,commit,,,

478,478,get,two_____,_____821,
478,478,get,zero____,_____504,
478,478,get,four____,______95,
478,478,get,four____,_____599,
478,478,get,zero____,_____420,
478,478,get,two_____,_____355,
478,478,get,zero____,_____388,
478,478,get,two_____,_____335,
478,478,get,zero____,_____710,
478,478,commit,,,

479,479,get,one_____,______66,
479,479,get,two_____,_____698,
479,479,get,zero____,_____721,
479,479,get,one_____,_____777,
479,479,get,four____,_____693,
479,479,get,four____,_____339,
479,479,get,four____,_____345,
479,479,get,one_____,_____127,
479,479,get,one_____,_____191,
479,479,get,four____,_____630,
479,479,commit,,,

480,480,get,one_____,_____656,
480,480,get,two_____,_____606,
480,480,get,zero____,_____672,
480,480,get,zero____,_____856,
480,480,get,one_____,_____262,
480,480,get,two_____,_____813,
480,480,get,one_____,_____298,
480,480,get,four____,_____417,
480,480,get,four____,_____822,
480,480,get,two_____,_____499,
480,480,get,four____,_____310,
480,480,get,two_____,_____948,
480,480,commit,,,

481,481,get,one_____,_____393,
481,481,get,four____,_____271,
481,481,get,three___,_____675,
481,481,get,two_____,_____427,
481,481,get,one_____,_____138,
481,481,get,zero____,_____151,
481,481,get,one_____,_____149,
481,481,get,two_____,_____922,
481,481,get,three___,_____534,
481,481,commit,,,

482,482,get,zero____,_____559,
482,482,get,four____,_____225,
482,482,get,four____,_____946,
482,482,get,zero____,_____941,
482,482,get,four____,______92,
482,482,get,four____,_____833,
482,482,get,four____,______29,
482,482,get,zero____,_____921,
482,482,commit,,,

483,483,get,one_____,_____959,
483,483,get,two_____,_____268,
483,483,get,zero____,_____372,
483,483,get,zero____,_____915,
483,483,get,one_____,_____503,
483,483,get,two_____,_____465,
483,483,get,four____,_____768,
483,483,get,two_____,_____287,
483,483,get,three___,_____914,
483,483,commit,,,

484,484,get,zero____,_____802,
484,484,get,zero____,_____258,
484,484,get,one_____,_____933,
484,484,get,three___,_____914,
484,484,get,one_____,_____449,
484,484,get,zero____,______12,
484,484,get,one_____,_____152,
484,484,get,one_____,_____505,
484,484,commit,,,

485,485,get,four____,_____576,
485,485,get,one_____,______58,
485,485,get,three___,_____805,
485,485,get,four____,_____345,
485,485,get,one_____,_____945,
485,485,get,four____,_____687,
485,485,get,four____,_____464,
485,485,get,three___,_____636,
485,485,get,two_____,_____335,
485,485,commit,,,

486,486,get,one_____,_____213,
486,486,get,three___,_____653,
486,486,get,three___,_____307,
486,486,get,zero____,______44,
486,486,get,three___,_____837,
486,486,get,three___,_____840,
486,486,get,one_____,_____796,
486,486,get,two_____,_____820,
486,486,get,two_____,_____611,
486,486,get,zero____,_______8,
486,486,get,three___,_____145,
486,486,commit,,,

487,487,get,three___,_____284,
487,487,get,two_____,_____676,
487,487,get,four____,______41,
487,487,get,one_____,_____416,
487,487,get,one_____,_____762,
487,487,get,one_____,_____714,
487,487,get,two_____,______47,
487,487,get,four____,_____338,
487,487,get,zero____,_____114,
487,487,commit,,,

488,488,get,one_____,_____196,
488,488,get,two_____,_____518,
488,488,get,two_____,_____471,
488,488,get,two_____,_____932,
488,488,get,one_____,_____330,
488,488,get,zero____,_____477,
488,488,get,zero____,_____727,
488,488,get,one_____,_____421,
488,488,get,one_____,_____685,
488,488,get,four____,_____983,
488,488,commit,,,

489,489,get,two_____,_____220,
489,489,get,one_____,_____342,
489,489,get,zero____,_____504,
489,489,get,three___,_____837,
489,489,get,three___,_____914,
489,489,get,four____,_____423,
489,489,get,zero____,_____729,
489,489,get,three___,_____410,
489,489,get,zero____,_____477,
489,489,get,two_____,_____140,
489,489,get,four____,_____730,
489,489,get,three___,_____814,
489,489,commit,,,

490,490,get,three___,_____914,
490,490,get,three___,_____647,
490,490,get,two_____,_____287,
490,490,get,two_____,_____787,
490,490,get,one_____,_____112,
490,490,get,one_____,_____444,
490,490,get,two_____,______87,
490,490,get,three___,_____811,
490,490,get,zero____,_____517,
490,490,get,zero____,_____482,
490,490,commit,,,

491,491,get,three___,_____669,
491,491,get,zero____,_____204,
491,491,get,two_____,_____328,
491,491,get,three___,_____618,
491,491,get,zero____,_____765,
491,491,get,two_____,_____766,
491,491,get,one_____,_____344,
491,491,get,four____,_____325,
491,491,get,zero____,_____727,
491,491,get,one_____,_____959,
491,491,get,three___,_____814,
491,491,commit,,,

492,492,get,four____,_____281,
492,492,get,three___,_____618,
492,492,get,three___,_____913,
492,492,get,zero____,_____853,
492,492,get,three___,_____429,
492,492,get,one_____,_____183,
492,492,get,one_____,_____229,
492,492,get,four____,_____137,
492,492,commit,,,

493,493,get,three___,_____679,
493,493,get,zero____,_____632,
493,493,get,four____,_____553,
493,493,get,three___,_____536,
493,493,get,zero____,_____511,
493,493,get,three___,_____671,
493,493,get,two_____,_____247,
493,493,get,four____,_____225,
493,493,get,three___,_____106,
493,493,get,one_____,______20,
493,493,get,two_____,_____433,
493,493,commit,,,

494,494,get,four____,_____677,
494,494,get,one_____,_____757,
494,494,get,four____,_____289,
494,494,get,four____,_____539,
494,494,get,zero____,_____674,
494,494,get,two_____,_____686,
494,494,get,three___,_____554,
494,494,get,four____,_____971,
494,494,get,four____,_____544,
494,494,get,zero____,_____720,
494,494,commit,,,

495,495,get,three___,_____434,
495,495,get,three___,_____515,
495,495,get,zero____,_____414,
495,495,get,zero____,_____575,
495,495,get,three___,_____843,
495,495,get,four____,_____701,
495,495,get,zero____,______72,
495,495,get,zero____,_____352,
495,495,get,one_____,_____183,
495,495,get,zero____,_______6,
495,495,commit,,,

496,496,get,four____,_____385,
496,496,get,four____,_____748,
496,496,get,one_____,_____132,
496,496,get,one_____,_____780,
496,496,get,one_____,_____292,
496,496,get,three___,_____970,
496,496,get,four____,______95,
496,496,get,zero____,_____320,
496,496,get,two_____,_____613,
496,496,get,two_____,_____428,
496,496,get,zero____,_____944,
496,496,commit,,,

497,497,get,four____,______29,
497,497,get,zero____,_____360,
497,497,get,three___,_____425,
497,497,get,one_____,_____183,
497,497,get,one_____,_____444,
497,497,get,zero____,_____372,
497,497,get,three___,_____993,
497,497,get,four____,_____248,
497,497,commit,,,

498,498,get,four____,_____426,
498,498,get,two_____,_____646,
498,498,get,zero____,_______6,
498,498,get,three___,_____825,
498,498,get,two_____,_____418,
498,498,get,zero____,_____458,
498,498,get,one_____,_____685,
498,498,get,four____,_____211,
498,498,get,zero____,______97,
498,498,get,two_____,_____820,
498,498,get,zero____,_____364,
498,498,commit,,,

499,499,get,zero____,_____720,
499,499,get,two_____,_____201,
499,499,get,one_____,______75,
499,499,get,four____,_____237,
499,499,get,two_____,______16,
499,499,get,one_____,_____198,
499,499,get,four____,_____519,
499,499,get,zero____,_____278,
499,499,get,two_____,_____440,
499,499,commit,,,

500,500,get,four____,_____317,
500,500,get,one_____,_____857,
500,500,get,two_____,_____199,
500,500,get,two_____,_____226,
500,500,get,one_____,_____870,
500,500,get,one_____,_____503,
500,500,get,four____,_____387,
500,500,get,one_____,_____888,
500,500,get,zero____,_____674,
500,500,get,three___,_____367,
500,500,get,three___,______68,
500,500,commit,,,

501,501,get,one_____,_______2,
501,501,get,four____,_____539,
501,501,get,zero____,_____161,
501,501,get,two_____,_____226,
501,501,get,two_____,_____473,
501,501,get,four____,_____338,
501,501,get,three___,_____466,
501,501,get,zero____,_____404,
501,501,get,two_____,_____548,
501,501,get,two_____,_____882,
501,501,get,two_____,_____473,
501,501,get,four____,_____700,
501,501,commit,,,

502,502,get,four____,_____225,
502,502,get,zero____,_____644,
502,502,get,zero____,______42,
502,502,get,four____,_____317,
502,502,get,three___,_____431,
502,502,get,three___,______81,
502,502,get,zero____,_____114,
502,502,get,one_____,_____678,
502,502,get,one_____,_____393,
502,502,commit,,,

503,503,get,three___,_____953,
503,503,get,three___,_____438,
503,503,get,three___,_____309,
503,503,get,one_____,_____685,
503,503,get,four____,______86,
503,503,get,four____,_____868,
503,503,get,two_____,_____548,
503,503,get,three___,_____671,
503,503,get,one_____,_____383,
503,503,get,two_____,_____355,
503,503,commit,,,

504,504,get,zero____,_____388,
504,504,get,three___,_____568,
504,504,get,one_____,______89,
504,504,get,zero____,_____414,
504,504,get,four____,______26,
504,504,get,two_____,_____427,
504,504,get,zero____,_____285,
504,504,get,zero____,_____467,
504,504,get,one_____,_____315,
504,504,get,two_____,_____233,
504,504,get,two_____,______10,
504,504,get,zero____,_____729,
504,504,commit,,,

505,505,get,one_____,_____450,
505,505,get,two_____,_____756,
505,505,get,three___,_____490,
505,505,get,four____,______26,
505,505,get,two_____,_____465,
505,505,get,one_____,_____612,
505,505,get,two_____,______77,
505,505,get,four____,_____280,
505,505,get,two_____,_____331,
505,505,get,one_____,_____179,
505,505,commit,,,

506,506,get,zero____,_____830,
506,506,get,one_____,_____432,
506,506,get,four____,_____983,
506,506,get,zero____,_____727,
506,506,get,zero____,_____467,
506,506,get,two_____,______84,
506,506,get,zero____,_____334,
506,506,get,two_____,_____147,
506,506,commit,,,

507,507,get,one_____,_____912,
507,507,get,zero____,_____829,
507,507,get,zero____,_____266,
507,507,get,one_____,_____153,
507,507,get,one_____,_____736,
507,507,get,one_____,_____842,
507,507,get,one_____,_____228,
507,507,get,three___,_____970,
507,507,get,two_____,_____510,
507,507,get,three___,_____182,
507,507,get,two_____,_____622,
507,507,get,four____,_____585,
507,507,commit,,,

508,508,get,two_____,_____176,
508,508,get,three___,_____235,
508,508,get,two_____,_____254,
508,508,get,four____,______90,
508,508,get,three___,_____182,
508,508,get,four____,_____625,
508,508,get,zero____,_____312,
508,508,get,two_____,_____987,
508,508,commit,,,

509,509,get,four____,_____553,
509,509,get,one_____,_____670,
509,509,get,four____,_____730,
509,509,get,two_____,_____538,
509,509,get,three___,______65,
509,509,get,zero____,_____921,
509,509,get,one_____,_____850,
509,509,get,four____,______21,
509,509,get,two_____,_____141,
509,509,get,one_____,_____666,
509,509,get,one_____,_____801,
509,509,get,four____,_____411,
509,509,commit,,,

510,510,get,one_____,_____708,
510,510,get,three___,_____542,
510,510,get,two_____,_____965,
510,510,get,zero____,_____620,
510,510,get,one_____,_____988,
510,510,get,four____,_____348,
510,510,get,four____,_____526,
510,510,get,four____,_______1,
510,510,commit,,,

511,511,get,zero____,_____458,
511,511,get,three___,______81,
511,511,get,one_____,_____206,
511,511,get,one_____,_____444,
511,511,get,three___,______57,
511,511,get,zero____,_____680,
511,511,get,one_____,_____780,
511,511,get,zero____,_____944,
511,511,commit,,,

512,512,get,two_____,_____788,
512,512,get,three___,_____133,
512,512,get,one_____,_____774,
512,512,get,one_____,_____574,
512,512,get,zero____,______44,
512,512,get,two_____,_____192,
512,512,get,two_____,_____752,
512,512,get,four____,_____553,
512,512,commit,,,

513,513,get,zero____,_____998,
513,513,get,four____,_____553,
513,513,get,zero____,_____680,
513,513,get,zero____,_____460,
513,513,get,four____,_____768,
513,513,get,one_____,_____525,
513,513,get,zero____,_____142,
513,513,get,four____,_____899,
513,513,get,zero____,_____588,
513,513,get,four____,_____558,
513,513,get,one_____,_____323,
513,513,get,three___,_____878,
513,513,commit,,,

514,514,get,three___,_____852,
514,514,get,two_____,_____793,
514,514,get,zero____,_____579,
514,514,get,zero____,______96,
514,514,get,zero____,______83,
514,514,get,four____,_____248,
514,514,get,one_____,______37,
514,514,get,four____,_____808,
514,514,get,four____,______90,
514,514,get,two_____,_____928,
514,514,get,two_____,_____147,
514,514,commit,,,

515,515,get,zero____,______76,
515,515,get,zero____,_____406,
515,515,get,two_____,_____549,
515,515,get,two_____,_____835,
515,515,get,three___,_____419,
515,515,get,one_____,_____886,
515,515,get,two_____,_____418,
515,515,get,one_____,_____959,
515,515,commit,,,

516,516,get,three___,_____763,
516,516,get,one_____,______14,
516,516,get,three___,_____781,
516,516,get,two_____,_____113,
516,516,get,zero____,_____815,
516,516,get,two_____,_____831,
516,516,get,one_____,_____888,
516,516,get,two_____,_____343,
516,516,get,zero____,_____826,
516,516,commit,,,

517,517,get,three___,_____929,
517,517,get,three___,_____950,
517,517,get,three___,_____568,
517,517,get,zero____,_____520,
517,517,get,three___,_____980,
517,517,get,three___,_____379,
517,517,get,three___,_____778,
517,517,get,zero____,_____721,
517,517,get,zero____,_____446,
517,517,get,two_____,_____593,
517,517,get,one_____,_____842,
517,517,get,one_____,_____223,
517,517,commit,,,

518,518,get,two_____,______10,
518,518,get,one_____,_____796,
518,518,get,two_____,_____390,
518,518,get,four____,_____561,
518,518,get,one_____,_____503,
518,518,get,two_____,_____475,
518,518,get,four____,_____946,
518,518,get,zero____,_____195,
518,518,get,four____,_____225,
518,518,get,one_____,_____590,
518,518,get,zero____,_____949,
518,518,get,four____,_____584,
518,518,commit,,,

519,519,get,three___,_____914,
519,519,get,zero____,_____446,
519,519,get,two_____,_____756,
519,519,get,three___,_____451,
519,519,get,two_____,_____991,
519,519,get,four____,_____899,
519,519,get,three___,_____843,
519,519,get,four____,_____879,
519,519,get,two_____,_____314,
519,519,get,one_____,_____888,
519,519,get,zero____,_____301,
519,519,commit,,,

520,520,get,three___,_____145,
520,520,get,four____,_____539,
520,520,get,three___,_____635,
520,520,get,one_____,______37,
520,520,get,one_____,_____615,
520,520,get,one_____,_____216,
520,520,get,two_____,_____328,
520,520,get,four____,______17,
520,520,get,three___,_____635,
520,520,get,four____,_____846,
520,520,get,zero____,_____336,
520,520,get,one_____,_____945,
520,520,commit,,,

521,521,get,four____,_____310,
521,521,get,zero____,_____547,
521,521,get,three___,_____994,
521,521,get,three___,______33,
521,521,get,zero____,_____146,
521,521,get,zero____,_____931,
521,521,get,four____,_____478,
521,521,get,zero____,_____893,
521,521,get,three___,_____532,
521,521,commit,,,

522,522,get,four____,_____531,
522,522,get,one_____,_____500,
522,522,get,three___,_____653,
522,522,get,two_____,_____782,
522,522,get,one_____,_____321,
522,522,get,one_____,_____959,
522,522,get,three___,_____583,
522,522,get,zero____,_____764,
522,522,get,zero____,_____743,
522,522,commit,,,

523,523,get,three___,_____596,
523,523,get,zero____,_____320,
523,523,get,one_____,_____191,
523,523,get,two_____,_____343,
523,523,get,four____,_____442,
523,523,get,four____,_____130,
523,523,get,two_____,_____855,
523,523,get,three___,_____536,
523,523,get,three___,_____419,
523,523,get,zero____,_____582,
523,523,commit,,,

524,524,get,zero____,_____401,
524,524,get,three___,_____524,
524,524,get,four____,_____627,
524,524,get,four____,______60,
524,524,get,zero____,_____470,
524,524,get,three___,_____276,
524,524,get,zero____,_____278,
524,524,get,four____,_____621,
524,524,get,one_____,_____889,
524,524,get,four____,_____730,
524,524,get,two_____,_____164,
524,524,get,zero____,_____458,
524,524,commit,,,

525,525,get,one_____,_____103,
525,525,get,four____,_____325,
525,525,get,one_____,_____988,
525,525,get,four____,_____409,
525,525,get,four____,_____289,
525,525,get,three___,_____825,
525,525,get,one_____,_____244,
525,525,get,one_____,_____358,
525,525,get,four____,_____769,
525,525,get,zero____,_____817,
525,525,commit,,,

526,526,get,two_____,_____538,
526,526,get,three___,_____282,
526,526,get,four____,_____531,
526,526,get,three___,_____550,
526,526,get,two_____,_____793,
526,526,get,one_____,_____903,
526,526,get,zero____,_____897,
526,526,get,one_____,_____516,
526,526,get,zero____,_____365,
526,526,commit,,,

527,527,get,three___,_____208,
527,527,get,four____,_____629,
527,527,get,two_____,_____220,
527,527,get,four____,_____844,
527,527,get,four____,______21,
527,527,get,two_____,_____162,
527,527,get,three___,_____814,
527,527,get,three___,_____307,
527,527,get,two_____,_____606,
527,527,get,one_____,_____703,
527,527,get,three___,_____349,
527,527,commit,,,

528,528,get,zero____,______25,
528,528,get,two_____,_____738,
528,528,get,two_____,_____591,
528,528,get,three___,_____852,
528,528,get,three___,_____784,
528,528,get,one_____,_____771,
528,528,get,four____,_____808,
528,528,get,four____,_____561,
528,528,get,one_____,_____881,
528,528,get,three___,_____604,
528,528,get,zero____,_____380,
528,528,commit,,,

529,529,get,two_____,_____855,
529,529,get,two_____,_____646,
529,529,get,two_____,_____502,
529,529,get,two_____,______77,
529,529,get,four____,_____130,
529,529,get,four____,_____522,
529,529,get,one_____,_____796,
529,529,get,three___,_____655,
529,529,commit,,,

530,530,get,zero____,_____200,
530,530,get,four____,_____838,
530,530,get,zero____,_____915,
530,530,get,four____,_____338,
530,530,get,two_____,_____787,
530,530,get,four____,_____904,
530,530,get,two_____,_____428,
530,530,get,one_____,_____783,
530,530,get,zero____,_____856,
530,530,commit,,,

531,531,get,one_____,_____291,
531,531,get,zero____,_____158,
531,531,get,two_____,_____882,
531,531,get,one_____,_____262,
531,531,get,three___,______30,
531,531,get,one_____,_____678,
531,531,get,three___,_____145,
531,531,get,one_____,_____138,
531,531,commit,,,

532,532,get,four____,_____700,
532,532,get,three___,_____435,
532,532,get,two_____,_____247,
532,532,get,three___,_____168,
532,532,get,two_____,_____199,
532,532,get,three___,_____878,
532,532,get,one_____,_____976,
532,532,get,three___,_____524,
532,532,get,zero____,_____151,
532,532,get,one_____,_____703,
532,532,commit,,,

533,533,get,one_____,_____796,
533,533,get,three___,_____964,
533,533,get,three___,_____311,
533,533,get,one_____,_____977,
533,533,get,one_____,_____138,
533,533,get,zero____,_____729,
533,533,get,three___,_____319,
533,533,get,two_____,_____190,
533,533,commit,,,

534,534,get,one_____,_____316,
534,534,get,two_____,_____335,
534,534,get,three___,_____641,
534,534,get,three___,______68,
534,534,get,four____,_____281,
534,534,get,zero____,_____146,
534,534,get,four____,_____498,
534,534,get,three___,______30,
534,534,get,zero____,_____588,
534,534,get,zero____,______62,
534,534,get,two_____,_____928,
534,534,get,three___,_____770,
534,534,commit,,,

535,535,get,four____,_____899,
535,535,get,four____,______38,
535,535,get,one_____,_____399,
535,535,get,three___,_____641,
535,535,get,two_____,_____190,
535,535,get,one_____,_____405,
535,535,get,three___,_____878,
535,535,get,one_____,_____152,
535,535,commit,,,

536,536,get,four____,_____866,
536,536,get,two_____,_____816,
536,536,get,three___,_____101,
536,536,get,one_____,_____988,
536,536,get,four____,_____373,
536,536,get,zero____,_____308,
536,536,get,two_____,_____766,
536,536,get,three___,_____160,
536,536,get,two_____,_____318,
536,536,get,zero____,_____210,
536,536,get,two_____,_____324,
536,536,get,four____,_____599,
536,536,commit,,,

537,537,get,one_____,_____718,
537,537,get,two_____,_____755,
537,537,get,four____,_____411,
537,537,get,two_____,_____609,
537,537,get,three___,_____534,
537,537,get,four____,_____839,
537,537,get,two_____,_____474,
537,537,get,zero____,_____517,
537,537,get,three___,_____806,
537,537,get,four____,_____211,
537,537,get,two_____,_____390,
537,537,commit,,,

538,538,get,three___,______40,
538,538,get,three___,_____943,
538,538,get,one_____,_____790,
538,538,get,zero____,_____579,
538,538,get,zero____,_____360,
538,538,get,two_____,_____523,
538,538,get,two_____,_____766,
538,538,get,one_____,_____456,
538,538,get,three___,_____843,
538,538,get,four____,______95,
538,538,commit,,,

539,539,get,one_____,_____198,
539,539,get,four____,_____942,
539,539,get,four____,_____899,
539,539,get,three___,_____943,
539,539,get,one_____,______70,
539,539,get,three___,_____275,
539,539,get,two_____,_____821,
539,539,get,one_____,_____223,
539,539,commit,,,

540,540,get,three___,_______4,
540,540,get,zero____,_____540,
540,540,get,two_____,_____350,
540,540,get,zero____,_____729,
540,540,get,four____,_____310,
540,540,get,three___,_____506,
540,540,get,two_____,_____591,
540,540,get,two_____,_____851,
540,540,get,three___,_____943,
540,540,get,two_____,_____408,
540,540,get,one_____,______37,
540,540,get,zero____,_____800,
540,540,commit,,,

541,541,get,one_____,______58,
541,541,get,two_____,_____894,
541,541,get,zero____,_____266,
541,541,get,four____,_____422,
541,541,get,three___,_____653,
541,541,get,zero____,_____682,
541,541,get,zero____,_____285,
541,541,get,two_____,______87,
541,541,get,two_____,_____894,
541,541,get,zero____,_____296,
541,541,get,zero____,_____180,
541,541,get,one_____,_____135,
541,541,commit,,,

542,542,get,three___,_____532,
542,542,get,one_____,_____127,
542,542,get,two_____,_____250,
542,542,get,four____,_____493,
542,542,get,two_____,_____287,
542,542,get,three___,_____252,
542,542,get,two_____,_____314,
542,542,get,zero____,_____258,
542,542,get,one_____,_____450,
542,542,get,one_____,_____750,
542,542,get,two_____,_____738,
542,542,get,one_____,_____906,
542,542,commit,,,

543,543,get,one_____,_____690,
543,543,get,two_____,_____713,
543,543,get,one_____,_____712,
543,543,get,four____,______64,
543,543,get,two_____,_____698,
543,543,get,three___,_____975,
543,543,get,three___,_____241,
543,543,get,zero____,_____336,
543,543,get,four____,_____833,
543,543,get,zero____,_____592,
543,543,get,three___,_____669,
543,543,get,three___,_____655,
543,543,commit,,,

544,544,get,four____,_____170,
544,544,get,zero____,_____588,
544,544,get,two_____,_____713,
544,544,get,two_____,_____732,
544,544,get,three___,_____413,
544,544,get,one_____,_____733,
544,544,get,two_____,_____992,
544,544,get,one_____,_____892,
544,544,get,one_____,_____249,
544,544,commit,,,

545,545,get,one_____,______70,
545,545,get,zero____,_____388,
545,545,get,one_____,_____906,
545,545,get,zero____,_____540,
545,545,get,one_____,_____685,
545,545,get,zero____,______44,
545,545,get,zero____,_____579,
545,545,get,two_____,_____143,
545,545,commit,,,

546,546,get,one_____,_____313,
546,546,get,four____,_____519,
546,546,get,four____,_____544,
546,546,get,three___,_____435,
546,546,get,four____,_____124,
546,546,get,one_____,_____127,
546,546,get,four____,______41,
546,546,get,four____,_____253,
546,546,get,three___,_____340,
546,546,get,three___,_____781,
546,546,get,one_____,_____105,
546,546,get,four____,_____577,
546,546,commit,,,

547,547,get,three___,_____669,
547,547,get,one_____,_____341,
547,547,get,zero____,_____258,
547,547,get,zero____,______22,
547,547,get,four____,_____971,
547,547,get,zero____,_____204,
547,547,get,zero____,_____931,
547,547,get,zero____,_____652,
547,547,commit,,,

548,548,get,four____,_____109,
548,548,get,four____,_____879,
548,548,get,three___,_____452,
548,548,get,four____,_____827,
548,548,get,zero____,_____372,
548,548,get,two_____,_____608,
548,548,get,two_____,_____851,
548,548,get,three___,_____634,
548,548,get,zero____,_____856,
548,548,get,zero____,_____517,
548,548,get,three___,______27,
548,548,get,four____,_____700,
548,548,commit,,,

549,549,get,three___,_____235,
549,549,get,three___,_____910,
549,549,get,three___,_____466,
549,549,get,three___,_____155,
549,549,get,zero____,_____406,
549,549,get,one_____,______89,
549,549,get,zero____,_____380,
549,549,get,zero____,_____767,
549,549,get,three___,_____429,
549,549,get,four____,_____637,
549,549,get,zero____,_____605,
549,549,commit,,,

550,550,get,four____,_____942,
550,550,get,three___,_____425,
550,550,get,zero____,_____301,
550,550,get,zero____,_____142,
550,550,get,two_____,_____855,
550,550,get,three___,_____375,
550,550,get,zero____,______28,
550,550,get,four____,_____834,
550,550,get,four____,______60,
550,550,get,four____,_____338,
550,550,get,zero____,_____830,
550,550,get,one_____,_____823,
550,550,commit,,,

551,551,get,four____,_____617,
551,551,get,two_____,_____224,
551,551,get,two_____,_____164,
551,551,get,one_____,_____722,
551,551,get,zero____,_____944,
551,551,get,four____,_____687,
551,551,get,three___,_____160,
551,551,get,one_____,_____525,
551,551,get,two_____,_____335,
551,551,get,two_____,_____394,
551,551,commit,,,

552,552,get,three___,_____311,
552,552,get,three___,_____618,
552,552,get,zero____,_____454,
552,552,get,zero____,_____326,
552,552,get,two_____,_____440,
552,552,get,two_____,_____816,
552,552,get,zero____,_____826,
552,552,get,three___,_____994,
552,552,get,one_____,_____977,
552,552,get,two_____,_____386,
552,552,get,zero____,_____898,
552,552,get,three___,_____633,
552,552,commit,,,

553,553,get,three___,______30,
553,553,get,two_____,_____408,
553,553,get,three___,_____101,
553,553,get,two_____,_____318,
553,553,get,four____,_____621,
553,553,get,two_____,_____967,
553,553,get,zero____,_____283,
553,553,get,zero____,_____312,
553,553,get,one_____,_____712,
553,553,get,zero____,_____507,
553,553,commit,,,

554,554,get,three___,_____171,
554,554,get,one_____,_____809,
554,554,get,zero____,_____815,
554,554,get,zero____,_____828,
554,554,get,two_____,_____650,
554,554,get,zero____,_____197,
554,554,get,two_____,_____756,
554,554,get,four____,______86,
554,554,get,one_____,_____353,
554,554,get,three___,_____974,
554,554,get,four____,_____544,
554,554,commit,,,

555,555,get,two_____,_____813,
555,555,get,zero____,_____364,
555,555,get,zero____,_____406,
555,555,get,one_____,_____344,
555,555,get,one_____,_____228,
555,555,get,zero____,_____285,
555,555,get,four____,_____724,
555,555,get,two_____,_____201,
555,555,get,three___,_____806,
555,555,get,zero____,_____969,
555,555,get,three___,_____825,
555,555,commit,,,

556,556,get,zero____,______63,
556,556,get,one_____,_____889,
556,556,get,zero____,_____652,
556,556,get,four____,_____983,
556,556,get,three___,_____943,
556,556,get,one_____,_____228,
556,556,get,three___,_____825,
556,556,get,two_____,_____318,
556,556,get,zero____,______23,
556,556,get,one_____,_____678,
556,556,get,four____,_____839,
556,556,get,three___,_____930,
556,556,commit,,,

557,557,get,three___,_____483,
557,557,get,four____,_____305,
557,557,get,four____,______95,
557,557,get,four____,_______1,
557,557,get,one_____,_____450,
557,557,get,one_____,_____999,
557,557,get,three___,_____837,
557,557,get,three___,_____483,
557,557,get,zero____,_____979,
557,557,get,zero____,_____595,
557,557,get,two_____,_____224,
557,557,commit,,,

558,558,get,two_____,_____250,
558,558,get,zero____,_____915,
558,558,get,zero____,_____365,
558,558,get,two_____,_____719,
558,558,get,four____,_____184,
558,558,get,one_____,_____551,
558,558,get,zero____,_____159,
558,558,get,one_____,_____709,
558,558,get,zero____,_____401,
558,558,get,three___,_____506,
558,558,get,three___,_____359,
558,558,get,four____,_____317,
558,558,commit,,,

559,559,get,zero____,_____372,
559,559,get,four____,_____561,
559,559,get,four____,_____373,
559,559,get,three___,_____635,
559,559,get,two_____,_____606,
559,559,get,two_____,_____386,
559,559,get,two_____,_____538,
559,559,get,zero____,______83,
559,559,commit,,,

560,560,get,zero____,_____699,
560,560,get,three___,_____434,
560,560,get,zero____,_____119,
560,560,get,two_____,_____967,
560,560,get,four____,_____496,
560,560,get,three___,_____772,
560,560,get,one_____,_____382,
560,560,get,zero____,_____605,
560,560,get,one_____,______58,
560,560,get,zero____,_____366,
560,560,get,four____,_____769,
560,560,get,two_____,_____468,
560,560,commit,,,

561,561,get,zero____,_____853,
561,561,get,one_____,_____601,
561,561,get,two_____,_____250,
561,561,get,three___,_____772,
561,561,get,one_____,_____610,
561,561,get,three___,_____874,
561,561,get,three___,_____560,
561,561,get,zero____,_____118,
561,561,get,one_____,_____695,
561,561,get,one_____,_____153,
561,561,commit,,,

562,562,get,one_____,_____712,
562,562,get,one_____,_____737,
562,562,get,four____,_____769,
562,562,get,two_____,_____732,
562,562,get,three___,_____985,
562,562,get,zero____,_____193,
562,562,get,one_____,_____512,
562,562,get,two_____,_____705,
562,562,get,one_____,_____272,
562,562,commit,,,

563,563,get,zero____,_____944,
563,563,get,four____,_____759,
563,563,get,one_____,_____103,
563,563,get,four____,_____110,
563,563,get,one_____,_____135,
563,563,get,three___,_____490,
563,563,get,three___,_____560,
563,563,get,four____,_____345,
563,563,get,four____,_____170,
563,563,get,four____,_____868,
563,563,commit,,,

564,564,get,two_____,_____713,
564,564,get,three___,_____532,
564,564,get,zero____,_____578,
564,564,get,two_____,_____521,
564,564,get,zero____,_____815,
564,564,get,four____,_____942,
564,564,get,one_____,_____216,
564,564,get,one_____,_____892,
564,564,get,three___,_____430,
564,564,get,two_____,_____518,
564,564,commit,,,

565,565,get,four____,_____539,
565,565,get,four____,______21,
565,565,get,zero____,_____673,
565,565,get,three___,_____560,
565,565,get,zero____,_____123,
565,565,get,four____,_____896,
565,565,get,one_____,_____513,
565,565,get,one_____,_____823,
565,565,get,two_____,_____548,
565,565,get,zero____,_____458,
565,565,get,one_____,_____999,
565,565,get,zero____,_____575,
565,565,commit,,,

566,566,get,one_____,_____337,
566,566,get,zero____,_____458,
566,566,get,zero____,_____136,
566,566,get,four____,_____351,
566,566,get,two_____,_____335,
566,566,get,four____,______60,
566,566,get,four____,_____986,
566,566,get,four____,_____833,
566,566,commit,,,

567,567,get,two_____,______16,
567,567,get,zero____,_____420,
567,567,get,zero____,_____299,
567,567,get,two_____,_____773,
567,567,get,three___,_____445,
567,567,get,three___,_____359,
567,567,get,three___,_____854,
567,567,get,zero____,_____579,
567,567,get,two_____,______67,
567,567,commit,,,

568,568,get,two_____,_____468,
568,568,get,two_____,_____859,
568,568,get,four____,_____844,
568,568,get,three___,_______5,
568,568,get,one_____,_____612,
568,568,get,zero____,_____227,
568,568,get,two_____,_____626,
568,568,get,four____,_____154,
568,568,get,one_____,_____690,
568,568,get,four____,_____496,
568,568,get,one_____,______13,
568,568,commit,,,

569,569,get,three___,_____929,
569,569,get,four____,______86,
569,569,get,one_____,_____407,
569,569,get,zero____,_____595,
569,569,get,three___,_____437,
569,569,get,two_____,_____510,
569,569,get,zero____,_____484,
569,569,get,four____,_____498,
569,569,get,three___,_____671,
569,569,get,two_____,_____328,
569,569,get,three___,_____208,
569,569,get,three___,_____550,
569,569,commit,,,

570,570,get,one_____,______14,
570,570,get,three___,_____106,
570,570,get,three___,_____445,
570,570,get,two_____,_____530,
570,570,get,two_____,_____473,
570,570,get,three___,_____437,
570,570,get,two_____,_____713,
570,570,get,zero____,_____454,
570,570,get,two_____,_____788,
570,570,commit,,,

571,571,get,two_____,_____475,
571,571,get,zero____,_____540,
571,571,get,three___,_____776,
571,571,get,three___,_____256,
571,571,get,one_____,_____886,
571,571,get,one_____,_____722,
571,571,get,zero____,_____937,
571,571,get,three___,_____374,
571,571,get,four____,_____177,
571,571,get,one_____,_____610,
571,571,commit,,,

572,572,get,one_____,_____737,
572,572,get,three___,_____419,
572,572,get,one_____,_____242,
572,572,get,two_____,_____226,
572,572,get,one_____,_____794,
572,572,get,three___,_____106,
572,572,get,zero____,_____258,
572,572,get,one_____,_____889,
572,572,commit,,,

573,573,get,four____,_____271,
573,573,get,four____,_____173,
573,573,get,three___,_____307,
573,573,get,two_____,_____436,
573,573,get,three___,_____359,
573,573,get,zero____,______78,
573,573,get,three___,_____150,
573,573,get,four____,_____234,
573,573,get,one_____,_____733,
573,573,get,four____,_____818,
573,573,get,four____,_____919,
573,573,get,zero____,_____161,
573,573,commit,,,

574,574,get,zero____,______44,
574,574,get,two_____,_____350,
574,574,get,two_____,_____973,
574,574,get,zero____,_____401,
574,574,get,four____,_____280,
574,574,get,one_____,_____574,
574,574,get,four____,_____310,
574,574,get,one_____,_____681,
574,574,commit,,,

575,575,get,two_____,_____858,
575,575,get,three___,_____438,
575,575,get,one_____,_____658,
575,575,get,four____,_____700,
575,575,get,zero____,_____663,
575,575,get,one_____,_____737,
575,575,get,two_____,_____436,
575,575,get,four____,_____561,
575,575,get,three___,_____550,
575,575,commit,,,

576,576,get,three___,_____981,
576,576,get,zero____,_____792,
576,576,get,three___,_____798,
576,576,get,zero____,_____136,
576,576,get,one_____,_____206,
576,576,get,one_____,_____888,
576,576,get,three___,______50,
576,576,get,zero____,_____400,
576,576,get,zero____,_____278,
576,576,get,two_____,_____230,
576,576,get,two_____,_____698,
576,576,commit,,,

577,577,get,three___,_____367,
577,577,get,three___,_____836,
577,577,get,one_____,_____259,
577,577,get,zero____,_____937,
577,577,get,three___,_____675,
577,577,get,four____,______29,
577,577,get,three___,______68,
577,577,get,four____,_____951,
577,577,get,two_____,_____593,
577,577,commit,,,

578,578,get,three___,_____861,
578,578,get,four____,_____942,
578,578,get,four____,_____983,
578,578,get,one_____,_____105,
578,578,get,three___,_____636,
578,578,get,three___,______24,
578,578,get,four____,_____630,
578,578,get,one_____,_____347,
578,578,get,two_____,_____902,
578,578,get,one_____,_____368,
578,578,commit,,,

579,579,get,two_____,_____314,
579,579,get,two_____,_____287,
579,579,get,one_____,_____421,
579,579,get,one_____,_____573,
579,579,get,one_____,_____610,
579,579,get,three___,_____374,
579,579,get,two_____,_____761,
579,579,get,four____,_____271,
579,579,get,zero____,______72,
579,579,get,two_____,_____787,
579,579,commit,,,

580,580,get,two_____,_____591,
580,580,get,three___,_____953,
580,580,get,three___,_____633,
580,580,get,one_____,______37,
580,580,get,three___,_____319,
580,580,get,zero____,_____336,
580,580,get,four____,_____464,
580,580,get,one_____,_____112,
580,580,get,zero____,_____511,
580,580,get,three___,_____580,
580,580,commit,,,

581,581,get,four____,_____947,
581,581,get,four____,______64,
581,581,get,four____,_____599,
581,581,get,three___,_____671,
581,581,get,zero____,_____592,
581,581,get,two_____,_____397,
581,581,get,zero____,_____897,
581,581,get,three___,_____661,
581,581,get,one_____,_____491,
581,581,commit,,,

582,582,get,one_____,_____681,
582,582,get,zero____,_____588,
582,582,get,one_____,_____670,
582,582,get,three___,_____145,
582,582,get,three___,_____107,
582,582,get,one_____,_____416,
582,582,get,zero____,______22,
582,582,get,one_____,_____188,
582,582,get,zero____,_______6,
582,582,commit,,,

583,583,get,four____,_____866,
583,583,get,three___,______46,
583,583,get,two_____,_____821,
583,583,get,two_____,_____250,
583,583,get,two_____,_____530,
583,583,get,two_____,_____141,
583,583,get,two_____,_____766,
583,583,get,two_____,_____222,
583,583,commit,,,

584,584,get,three___,______74,
584,584,get,zero____,_____990,
584,584,get,zero____,_____734,
584,584,get,zero____,_____664,
584,584,get,zero____,_____400,
584,584,get,three___,_____679,
584,584,get,four____,______61,
584,584,get,zero____,_____296,
584,584,get,one_____,_____703,
584,584,get,two_____,_____581,
584,584,get,two_____,_____433,
584,584,get,four____,_____935,
584,584,commit,,,

585,585,get,four____,_____109,
585,585,get,two_____,_____363,
585,585,get,three___,_____319,
585,585,get,two_____,_____901,
585,585,get,four____,_____879,
585,585,get,one_____,_____666,
585,585,get,zero____,______78,
585,585,get,zero____,_____158,
585,585,get,zero____,_____288,
585,585,get,four____,______26,
585,585,get,three___,_____972,
585,585,commit,,,

586,586,get,zero____,_____166,
586,586,get,two_____,_____530,
586,586,get,two_____,_____126,
586,586,get,three___,_____413,
586,586,get,four____,_____867,
586,586,get,two_____,_____821,
586,586,get,four____,_____441,
586,586,get,zero____,_____979,
586,586,get,three___,_____781,
586,586,get,three___,______74,
586,586,get,three___,_____648,
586,586,get,four____,_____688,
586,586,commit,,,

587,587,get,three___,_____150,
587,587,get,zero____,_____853,
587,587,get,one_____,_____341,
587,587,get,two_____,_____556,
587,587,get,one_____,_____249,
587,587,get,one_____,_____399,
587,587,get,three___,_____437,
587,587,get,one_____,_____456,
587,587,get,four____,_____701,
587,587,get,zero____,_____308,
587,587,get,zero____,_____680,
587,587,get,four____,_____691,
587,587,commit,,,

588,588,get,four____,_____144,
588,588,get,three___,_____671,
588,588,get,four____,_____357,
588,588,get,four____,_____818,
588,588,get,four____,_____217,
588,588,get,zero____,_____504,
588,588,get,four____,______61,
588,588,get,two_____,_____816,
588,588,get,three___,_____943,
588,588,get,zero____,_____487,
588,588,get,zero____,_____767,
588,588,commit,,,

589,589,get,three___,_____155,
589,589,get,four____,_____154,
589,589,get,one_____,_____684,
589,589,get,four____,_____890,
589,589,get,two_____,______47,
589,589,get,zero____,_____883,
589,589,get,two_____,_____589,
589,589,get,zero____,_____308,
589,589,get,zero____,_____265,
589,589,commit,,,

590,590,get,two_____,_____954,
590,590,get,three___,_____145,
590,590,get,four____,_____167,
590,590,get,four____,_____387,
590,590,get,one_____,_____115,
590,590,get,four____,_____246,
590,590,get,zero____,_____925,
590,590,get,zero____,_____944,
590,590,get,two_____,_____766,
590,590,get,zero____,_____420,
590,590,get,four____,_____844,
590,590,commit,,,

591,591,get,two_____,_____755,
591,591,get,zero____,______78,
591,591,get,two_____,_____390,
591,591,get,one_____,_____377,
591,591,get,four____,_____426,
591,591,get,four____,_____603,
591,591,get,four____,_____688,
591,591,get,four____,_____498,
591,591,get,two_____,______88,
591,591,get,two_____,_____928,
591,591,get,two_____,_____821,
591,591,commit,,,

592,592,get,three___,_____106,
592,592,get,two_____,_____707,
592,592,get,one_____,_____886,
592,592,get,one_____,_____573,
592,592,get,one_____,_____500,
592,592,get,three___,_____692,
592,592,get,one_____,_____260,
592,592,get,three___,_____803,
592,592,get,zero____,_____180,
592,592,get,two_____,_____343,
592,592,commit,,,

593,593,get,zero____,_____401,
593,593,get,two_____,_____589,
593,593,get,zero____,_____697,
593,593,get,zero____,_____800,
593,593,get,three___,______30,
593,593,get,four____,_____946,
593,593,get,one_____,_____321,
593,593,get,two_____,______10,
593,593,commit,,,

594,594,get,four____,_____351,
594,594,get,four____,_____942,
594,594,get,zero____,______83,
594,594,get,two_____,_____521,
594,594,get,zero____,_____961,
594,594,get,three___,_____104,
594,594,get,three___,______24,
594,594,get,zero____,_____654,
594,594,get,three___,_____319,
594,594,get,four____,_____381,
594,594,get,three___,_____744,
594,594,get,two_____,_____164,
594,594,commit,,,

595,595,get,zero____,_____819,
595,595,get,four____,_____325,
595,595,get,two_____,_____143,
595,595,get,one_____,_____870,
595,595,get,four____,_____962,
595,595,get,three___,_____964,
595,595,get,three___,______15,
595,595,get,zero____,_____699,
595,595,get,zero____,_____674,
595,595,commit,,,

596,596,get,zero____,_____258,
596,596,get,three___,______82,
596,596,get,three___,_____560,
596,596,get,zero____,_____489,
596,596,get,three___,_____775,
596,596,get,four____,_____338,
596,596,get,one_____,_____718,
596,596,get,one_____,_____809,
596,596,get,two_____,_____549,
596,596,get,four____,_____561,
596,596,commit,,,

597,597,get,three___,______15,
597,597,get,zero____,_____559,
597,597,get,zero____,______93,
597,597,get,three___,_____805,
597,597,get,three___,_____957,
597,597,get,two_____,_____816,
597,597,get,two_____,_____318,
597,597,get,two_____,_____418,
597,597,get,three___,_____929,
597,597,get,three___,_____825,
597,597,get,two_____,_____705,
597,597,commit,,,

598,598,get,three___,_____101,
598,598,get,two_____,_____304,
598,598,get,four____,_____225,
598,598,get,four____,_____577,
598,598,get,one_____,______70,
598,598,get,one_____,_____444,
598,598,get,zero____,_____520,
598,598,get,zero____,_____802,
598,598,get,one_____,_____267,
598,598,get,three___,_____376,
598,598,get,three___,_____726,
598,598,get,one_____,______43,
598,598,commit,,,

599,599,get,four____,_____217,
599,599,get,three___,_____811,
599,599,get,two_____,_____140,
599,599,get,zero____,_____238,
599,599,get,one_____,_____120,
599,599,get,four____,_____807,
599,599,get,three___,______46,
599,599,get,zero____,_____396,
599,599,get,four____,_____846,
599,599,commit,,,

600,600,get,three___,_____872,
600,600,get,three___,______65,
600,600,get,zero____,_____765,
600,600,get,zero____,_____588,
600,600,get,one_____,_____509,
600,600,get,one_____,_____777,
600,600,get,two_____,____1000,
600,600,get,two_____,_____954,
600,600,get,four____,_____246,
600,600,get,zero____,______31,
600,600,get,three___,_____655,
600,600,get,two_____,_____233,
600,600,commit,,,

601,601,get,three___,_____900,
601,601,get,zero____,_____952,
601,601,get,two_____,_____686,
601,601,get,one_____,_____505,
601,601,get,two_____,_____220,
601,601,get,two_____,_____567,
601,601,get,two_____,_____965,
601,601,get,one_____,_____240,
601,601,get,zero____,_____180,
601,601,commit,,,

602,602,get,three___,______27,
602,602,get,three___,_____975,
602,602,get,four____,_____225,
602,602,get,one_____,_____129,
602,602,get,two_____,_____394,
602,602,get,four____,_____759,
602,602,get,four____,_____730,
602,602,get,three___,_____852,
602,602,get,three___,_____122,
602,602,get,four____,_____170,
602,602,get,one_____,_____690,
602,602,commit,,,

603,603,get,four____,______17,
603,603,get,one_____,_____259,
603,603,get,one_____,_____295,
603,603,get,three___,_____953,
603,603,get,three___,_____607,
603,603,get,three___,_____542,
603,603,get,one_____,_____681,
603,603,get,two_____,_____643,
603,603,get,one_____,_____444,
603,603,get,one_____,_____541,
603,603,get,one_____,_____569,
603,603,get,two_____,_____608,
603,603,commit,,,

604,604,get,zero____,______44,
604,604,get,two_____,_____831,
604,604,get,zero____,_____326,
604,604,get,one_____,_____402,
604,604,get,four____,______51,
604,604,get,one_____,______20,
604,604,get,four____,_____585,
604,604,get,four____,_____422,
604,604,get,zero____,_____336,
604,604,get,three___,_____924,
604,604,commit,,,

605,605,get,one_____,_____762,
605,605,get,one_____,_____405,
605,605,get,one_____,_____455,
605,605,get,one_____,_____393,
605,605,get,three___,_____803,
605,605,get,zero____,_____697,
605,605,get,three___,_____726,
605,605,get,one_____,_____491,
605,605,get,three___,_____367,
605,605,get,three___,_____524,
605,605,commit,,,

606,606,get,zero____,_____979,
606,606,get,three___,_____669,
606,606,get,zero____,_____741,
606,606,get,one_____,_____183,
606,606,get,one_____,_____892,
606,606,get,four____,_____844,
606,606,get,two_____,_____390,
606,606,get,four____,______55,
606,606,get,one_____,_____512,
606,606,get,zero____,______56,
606,606,get,four____,_____111,
606,606,commit,,,

607,607,get,zero____,_____484,
607,607,get,zero____,_____448,
607,607,get,four____,_____631,
607,607,get,four____,_____281,
607,607,get,one_____,_____690,
607,607,get,four____,_____576,
607,607,get,three___,_____466,
607,607,get,zero____,_____588,
607,607,get,four____,______55,
607,607,commit,,,

608,608,get,three___,_____657,
608,608,get,three___,_____985,
608,608,get,zero____,_____652,
608,608,get,three___,_______5,
608,608,get,one_____,_____586,
608,608,get,two_____,_____162,
608,608,get,four____,_____348,
608,608,get,two_____,______34,
608,608,get,four____,_____552,
608,608,get,one_____,_____206,
608,608,commit,,,

609,609,get,three___,_____753,
609,609,get,three___,_____189,
609,609,get,two_____,_____324,
609,609,get,four____,______92,
609,609,get,three___,______46,
609,609,get,four____,_____677,
609,609,get,zero____,______73,
609,609,get,four____,______38,
609,609,get,three___,_____275,
609,609,get,two_____,_____820,
609,609,commit,,,

610,610,get,zero____,_____212,
610,610,get,two_____,_____882,
610,610,get,four____,_____480,
610,610,get,four____,______86,
610,610,get,zero____,_____299,
610,610,get,zero____,_____644,
610,610,get,two_____,_____126,
610,610,get,three___,_____189,
610,610,get,zero____,_____937,
610,610,get,three___,_____671,
610,610,get,two_____,_____465,
610,610,get,two_____,_____965,
610,610,commit,,,

611,611,get,one_____,_____291,
611,611,get,four____,_____879,
611,611,get,three___,_____618,
611,611,get,two_____,______77,
611,611,get,two_____,_____793,
611,611,get,zero____,_____320,
611,611,get,two_____,_____475,
611,611,get,three___,______32,
611,611,get,three___,_____679,
611,611,get,zero____,_____812,
611,611,get,four____,_____317,
611,611,commit,,,

612,612,get,one_____,_____323,
612,612,get,three___,_____269,
612,612,get,one_____,_____906,
612,612,get,four____,_____279,
612,612,get,four____,_____877,
612,612,get,three___,______65,
612,612,get,four____,_____558,
612,612,get,zero____,_____915,
612,612,get,three___,_____657,
612,612,commit,,,

613,613,get,one_____,_____933,
613,613,get,two_____,_____386,
613,613,get,three___,_____431,
613,613,get,three___,_____778,
613,613,get,four____,_____911,
613,613,get,three___,_____148,
613,613,get,one_____,_____112,
613,613,get,two_____,_____199,
613,613,get,four____,_____245,
613,613,commit,,,

614,614,get,three___,_____596,
614,614,get,two_____,_____230,
614,614,get,zero____,_____944,
614,614,get,zero____,_____174,
614,614,get,four____,_____986,
614,614,get,zero____,_____454,
614,614,get,zero____,_____672,
614,614,get,two_____,_____502,
614,614,get,zero____,_______8,
614,614,get,three___,_____648,
614,614,get,two_____,______34,
614,614,commit,,,

615,615,get,three___,_____122,
615,615,get,four____,_____422,
615,615,get,two_____,______16,
615,615,get,two_____,_____178,
615,615,get,zero____,_____258,
615,615,get,zero____,_____864,
615,615,get,two_____,_____350,
615,615,get,two_____,_____973,
615,615,get,three___,_____194,
615,615,commit,,,

616,616,get,three___,______24,
616,616,get,one_____,_____615,
616,616,get,zero____,_____159,
616,616,get,one_____,_____733,
616,616,get,one_____,_____303,
616,616,get,three___,_____282,
616,616,get,zero____,_____632,
616,616,get,three___,_____490,
616,616,get,four____,_____387,
616,616,commit,,,

617,617,get,four____,_____544,
617,617,get,four____,_____496,
617,617,get,three___,_____910,
617,617,get,zero____,_____484,
617,617,get,three___,_____536,
617,617,get,four____,_____700,
617,617,get,zero____,_____578,
617,617,get,zero____,_____174,
617,617,commit,,,

618,618,get,three___,_____131,
618,618,get,four____,_____184,
618,618,get,one_____,_____127,
618,618,get,zero____,_____123,
618,618,get,four____,_____519,
618,618,get,three___,_____981,
618,618,get,one_____,_____203,
618,618,get,two_____,_____140,
618,618,get,four____,_____463,
618,618,get,one_____,_____260,
618,618,get,zero____,_____605,
618,618,get,zero____,_____979,
618,618,commit,,,

619,619,get,three___,_____671,
619,619,get,four____,______29,
619,619,get,one_____,_____273,
619,619,get,zero____,_____420,
619,619,get,zero____,______28,
619,619,get,two_____,_____548,
619,619,get,zero____,_____664,
619,619,get,one_____,_____681,
619,619,get,two_____,_____523,
619,619,get,three___,_____985,
619,619,commit,,,

620,620,get,three___,_____934,
620,620,get,four____,_____553,
620,620,get,two_____,_____845,
620,620,get,four____,_____730,
620,620,get,three___,_____981,
620,620,get,three___,_____993,
620,620,get,four____,_____441,
620,620,get,four____,_____844,
620,620,get,zero____,______63,
620,620,get,two_____,______98,
620,620,get,zero____,_____265,
620,620,get,one_____,_____737,
620,620,commit,,,

621,621,get,three___,_______9,
621,621,get,zero____,_____582,
621,621,get,zero____,_____492,
621,621,get,zero____,_____767,
621,621,get,zero____,_____826,
621,621,get,one_____,_____125,
621,621,get,four____,_____935,
621,621,get,three___,_____950,
621,621,get,one_____,_____513,
621,621,get,zero____,_____467,
621,621,get,three___,_____534,
621,621,get,four____,_____570,
621,621,commit,,,

622,622,get,one_____,_____968,
622,622,get,four____,_____824,
622,622,get,two_____,_____543,
622,622,get,four____,_____271,
622,622,get,three___,_____359,
622,622,get,two_____,_____820,
622,622,get,one_____,_____479,
622,622,get,zero____,_____680,
622,622,get,zero____,_____540,
622,622,get,one_____,_____976,
622,622,commit,,,

623,623,get,three___,_____679,
623,623,get,three___,_____924,
623,623,get,one_____,_____117,
623,623,get,one_____,_____586,
623,623,get,three___,______82,
623,623,get,three___,_____803,
623,623,get,one_____,_____886,
623,623,get,four____,_____627,
623,623,get,two_____,_____222,
623,623,get,one_____,_____105,
623,623,get,one_____,_____790,
623,623,commit,,,

624,624,get,two_____,_____390,
624,624,get,two_____,_____954,
624,624,get,zero____,_____540,
624,624,get,four____,_____986,
624,624,get,one_____,_____503,
624,624,get,four____,_____184,
624,624,get,four____,_____373,
624,624,get,four____,______80,
624,624,get,zero____,_____209,
624,624,get,two_____,_____363,
624,624,get,four____,_____700,
624,624,commit,,,

625,625,get,zero____,_____680,
625,625,get,zero____,_____266,
625,625,get,zero____,_____810,
625,625,get,four____,_____916,
625,625,get,four____,______38,
625,625,get,three___,_____711,
625,625,get,two_____,______47,
625,625,get,one_____,_____777,
625,625,commit,,,

626,626,get,one_____,_____645,
626,626,get,four____,_____232,
626,626,get,two_____,_____855,
626,626,get,zero____,_____238,
626,626,get,zero____,_____204,
626,626,get,zero____,______56,
626,626,get,zero____,_____998,
626,626,get,two_____,_____548,
626,626,commit,,,

627,627,get,two_____,_____230,
627,627,get,zero____,_____620,
627,627,get,three___,_____583,
627,627,get,four____,_____325,
627,627,get,zero____,_____864,
627,627,get,four____,_____971,
627,627,get,one_____,_____203,
627,627,get,zero____,_____290,
627,627,get,three___,_____243,
627,627,get,one_____,_____358,
627,627,get,three___,_____957,
627,627,commit,,,

628,628,get,zero____,_____741,
628,628,get,zero____,_____767,
628,628,get,three___,_____984,
628,628,get,two_____,_____813,
628,628,get,four____,_____616,
628,628,get,four____,_____808,
628,628,get,zero____,_____683,
628,628,get,three___,_____284,
628,628,commit,,,

629,629,get,three___,_____910,
629,629,get,three___,_____607,
629,629,get,zero____,______45,
629,629,get,zero____,______42,
629,629,get,two_____,_____793,
629,629,get,zero____,_____880,
629,629,get,three___,_____981,
629,629,get,zero____,_____517,
629,629,get,three___,_____634,
629,629,commit,,,

630,630,get,one_____,_____505,
630,630,get,three___,_____636,
630,630,get,three___,_____715,
630,630,get,one_____,_____120,
630,630,get,one_____,_____115,
630,630,get,four____,_____916,
630,630,get,one_____,_____968,
630,630,get,two_____,_____967,
630,630,get,one_____,_____509,
630,630,commit,,,

631,631,get,three___,_____208,
631,631,get,zero____,_____739,
631,631,get,two_____,_____787,
631,631,get,one_____,_____725,
631,631,get,four____,_____526,
631,631,get,three___,_____878,
631,631,get,three___,_____524,
631,631,get,zero____,______36,
631,631,get,one_____,_____456,
631,631,get,one_____,_____912,
631,631,commit,,,

632,632,get,four____,_____630,
632,632,get,zero____,_____949,
632,632,get,two_____,_____355,
632,632,get,three___,_____763,
632,632,get,one_____,_____968,
632,632,get,two_____,_____589,
632,632,get,one_____,_____292,
632,632,get,four____,_____561,
632,632,get,two_____,_____502,
632,632,commit,,,

633,633,get,two_____,_____220,
633,633,get,three___,_____778,
633,633,get,zero____,_____320,
633,633,get,one_____,_____402,
633,633,get,four____,_____844,
633,633,get,zero____,_____598,
633,633,get,zero____,_____396,
633,633,get,two_____,_____738,
633,633,get,three___,_____410,
633,633,get,three___,_____256,
633,633,get,one_____,_____117,
633,633,commit,,,

634,634,get,three___,_____362,
634,634,get,three___,_____638,
634,634,get,zero____,_____628,
634,634,get,four____,______51,
634,634,get,zero____,_____372,
634,634,get,one_____,_____541,
634,634,get,four____,_____345,
634,634,get,one_____,_____590,
634,634,commit,,,

635,635,get,three___,_____185,
635,635,get,one_____,_____391,
635,635,get,four____,______99,
635,635,get,four____,_____387,
635,635,get,one_____,_____733,
635,635,get,one_____,_____198,
635,635,get,three___,_____554,
635,635,get,one_____,______43,
635,635,get,four____,_______7,
635,635,get,one_____,_____658,
635,635,get,one_____,_____509,
635,635,commit,,,

636,636,get,four____,_____552,
636,636,get,three___,_____604,
636,636,get,three___,_____661,
636,636,get,four____,_____955,
636,636,get,three___,_____778,
636,636,get,zero____,_____680,
636,636,get,three___,_____657,
636,636,get,zero____,_____582,
636,636,get,two_____,_____318,
636,636,commit,,,

637,637,get,one_____,_____989,
637,637,get,three___,_____975,
637,637,get,one_____,_____573,
637,637,get,three___,_____910,
637,637,get,zero____,_____810,
637,637,get,three___,_____984,
637,637,get,four____,_____225,
637,637,get,four____,_____300,
637,637,get,one_____,_____259,
637,637,get,three___,______33,
637,637,get,two_____,_____335,
637,637,commit,,,

638,638,get,two_____,_____773,
638,638,get,four____,______29,
638,638,get,three___,_____311,
638,638,get,one_____,_____889,
638,638,get,zero____,_____285,
638,638,get,zero____,_____828,
638,638,get,one_____,_____728,
638,638,get,three___,_____711,
638,638,get,one_____,_____780,
638,638,get,one_____,_____421,
638,638,commit,,,

639,639,get,three___,_____133,
639,639,get,four____,_____838,
639,639,get,four____,_____480,
639,639,get,one_____,_____977,
639,639,get,zero____,_____937,
639,639,get,zero____,_____529,
639,639,get,one_____,_____249,
639,639,get,zero____,_____741,
639,639,get,two_____,_____363,
639,639,get,two_____,_____788,
639,639,get,two_____,_____268,
639,639,get,two_____,_____220,
639,639,commit,,,

640,640,get,three___,_____679,
640,640,get,zero____,_______8,
640,640,get,two_____,_____902,
640,640,get,two_____,_____164,
640,640,get,three___,_____607,
640,640,get,one_____,_____989,
640,640,get,one_____,_____134,
640,640,get,four____,_____904,
640,640,commit,,,

641,641,get,three___,_____863,
641,641,get,zero____,_____361,
641,641,get,one_____,_____780,
641,641,get,one_____,_____525,
641,641,get,one_____,_____377,
641,641,get,four____,_____834,
641,641,get,one_____,_____569,
641,641,get,two_____,_____392,
641,641,get,two_____,_____831,
641,641,commit,,,

642,642,get,one_____,_____791,
642,642,get,four____,_____834,
642,642,get,zero____,_____308,
642,642,get,two_____,_____363,
642,642,get,three___,_____642,
642,642,get,zero____,_____817,
642,642,get,four____,_____124,
642,642,get,three___,_____413,
642,642,get,zero____,_____915,
642,642,get,zero____,_____380,
642,642,get,one_____,_____322,
642,642,commit,,,

643,643,get,four____,_____497,
643,643,get,three___,_____219,
643,643,get,one_____,_____377,
643,643,get,three___,_____957,
643,643,get,one_____,_____875,
643,643,get,one_____,_____670,
643,643,get,one_____,______37,
643,643,get,two_____,_____745,
643,643,commit,,,

644,644,get,one_____,_____704,
644,644,get,zero____,_____720,
644,644,get,three___,______52,
644,644,get,zero____,______78,
644,644,get,four____,_____154,
644,644,get,one_____,_____670,
644,644,get,one_____,_____262,
644,644,get,four____,_____144,
644,644,get,zero____,_____727,
644,644,get,three___,_____726,
644,644,get,two_____,_____335,
644,644,get,zero____,_____949,
644,644,commit,,,

645,645,get,zero____,_____142,
645,645,get,zero____,_____193,
645,645,get,one_____,_____368,
645,645,get,zero____,_____828,
645,645,get,three___,_____950,
645,645,get,one_____,_____117,
645,645,get,four____,______29,
645,645,get,four____,_____246,
645,645,get,four____,_____576,
645,645,get,zero____,_____826,
645,645,commit,,,

646,646,get,zero____,_____205,
646,646,get,one_____,_____791,
646,646,get,two_____,_____521,
646,646,get,four____,_____818,
646,646,get,one_____,_____383,
646,646,get,zero____,_____815,
646,646,get,one_____,_____658,
646,646,get,zero____,_____663,
646,646,get,three___,_______9,
646,646,get,four____,_____109,
646,646,get,one_____,_____371,
646,646,get,three___,_____563,
646,646,commit,,,

647,647,get,one_____,_____216,
647,647,get,zero____,_____158,
647,647,get,one_____,_____714,
647,647,get,one_____,_____666,
647,647,get,four____,_____983,
647,647,get,two_____,_____314,
647,647,get,zero____,_____212,
647,647,get,zero____,______97,
647,647,get,three___,_____636,
647,647,get,one_____,_____774,
647,647,get,three___,_____494,
647,647,commit,,,

648,648,get,one_____,_____704,
648,648,get,four____,_____808,
648,648,get,four____,_____552,
648,648,get,zero____,_____895,
648,648,get,zero____,_____898,
648,648,get,zero____,_____412,
648,648,get,four____,______95,
648,648,get,four____,_____827,
648,648,get,one_____,_____586,
648,648,get,four____,_____356,
648,648,get,one_____,_____389,
648,648,commit,,,

649,649,get,two_____,_____126,
649,649,get,zero____,_____326,
649,649,get,one_____,_____733,
649,649,get,three___,_____950,
649,649,get,zero____,_____460,
649,649,get,four____,_____173,
649,649,get,three___,_____182,
649,649,get,four____,_____486,
649,649,get,three___,_____770,
649,649,get,one_____,_____344,
649,649,get,two_____,______10,
649,649,commit,,,

650,650,get,two_____,_____521,
650,650,get,zero____,_____663,
650,650,get,three___,_____980,
650,650,get,zero____,_____446,
650,650,get,zero____,_____146,
650,650,get,two_____,_____440,
650,650,get,three___,_____528,
650,650,get,one_____,_____382,
650,650,commit,,,

651,651,get,two_____,_____782,
651,651,get,two_____,_____335,
651,651,get,three___,_____660,
651,651,get,one_____,_____823,
651,651,get,four____,_____289,
651,651,get,four____,_____916,
651,651,get,one_____,_____112,
651,651,get,zero____,_____683,
651,651,get,three___,_____106,
651,651,get,one_____,_____421,
651,651,get,one_____,_____491,
651,651,get,four____,_____584,
651,651,commit,,,

652,652,get,one_____,_____213,
652,652,get,two_____,_____268,
652,652,get,zero____,_____175,
652,652,get,three___,_____534,
652,652,get,four____,_____486,
652,652,get,four____,_____603,
652,652,get,one_____,_____795,
652,652,get,one_____,_____291,
652,652,get,one_____,_____188,
652,652,get,four____,_____531,
652,652,get,three___,_____155,
652,652,commit,,,

653,653,get,three___,_____150,
653,653,get,one_____,______58,
653,653,get,zero____,_____380,
653,653,get,three___,_____647,
653,653,get,three___,______27,
653,653,get,one_____,_____709,
653,653,get,zero____,______63,
653,653,get,four____,_____271,
653,653,commit,,,

654,654,get,three___,_____667,
654,654,get,three___,_____861,
654,654,get,three___,_____798,
654,654,get,one_____,_____870,
654,654,get,four____,_____124,
654,654,get,two_____,_____190,
654,654,get,one_____,_____714,
654,654,get,two_____,_____626,
654,654,get,four____,_____951,
654,654,commit,,,

655,655,get,zero____,_____644,
655,655,get,one_____,_____512,
655,655,get,two_____,_____713,
655,655,get,three___,_____905,
655,655,get,one_____,_____891,
655,655,get,two_____,_____408,
655,655,get,two_____,______39,
655,655,get,two_____,_____331,
655,655,get,four____,_____245,
655,655,get,four____,_____688,
655,655,get,three___,_____927,
655,655,get,zero____,_____495,
655,655,commit,,,

656,656,get,one_____,______70,
656,656,get,three___,_____706,
656,656,get,two_____,_____439,
656,656,get,four____,_____317,
656,656,get,one_____,_____912,
656,656,get,two_____,_____201,
656,656,get,one_____,_____516,
656,656,get,one_____,_____709,
656,656,get,two_____,_____190,
656,656,get,one_____,_____298,
656,656,commit,,,

657,657,get,two_____,_____752,
657,657,get,four____,_____839,
657,657,get,four____,_____978,
657,657,get,zero____,_____212,
657,657,get,zero____,_____758,
657,657,get,one_____,_____405,
657,657,get,zero____,_____288,
657,657,get,one_____,_____407,
657,657,get,one_____,_____513,
657,657,get,two_____,______67,
657,657,get,one_____,_____407,
657,657,get,zero____,_____652,
657,657,commit,,,

658,658,get,one_____,_____886,
658,658,get,one_____,_____188,
658,658,get,two_____,_____473,
658,658,get,zero____,_____572,
658,658,get,one_____,_____295,
658,658,get,three___,_____219,
658,658,get,four____,_____748,
658,658,get,three___,_____636,
658,658,get,one_____,_____728,
658,658,commit,,,

659,659,get,one_____,_____712,
659,659,get,three___,_____349,
659,659,get,three___,_____667,
659,659,get,one_____,_____695,
659,659,get,two_____,_____782,
659,659,get,two_____,_____549,
659,659,get,three___,_____524,
659,659,get,one_____,_____988,
659,659,get,two_____,_____439,
659,659,get,three___,_____116,
659,659,get,one_____,_____270,
659,659,commit,,,

660,660,get,four____,_____533,
660,660,get,two_____,_____222,
660,660,get,four____,_____986,
660,660,get,three___,_____639,
660,660,get,zero____,_____489,
660,660,get,zero____,_____817,
660,660,get,one_____,______48,
660,660,get,three___,_____711,
660,660,get,one_____,_____888,
660,660,get,two_____,_____746,
660,660,commit,,,

661,661,get,three___,_____974,
661,661,get,one_____,_____344,
661,661,get,one_____,_____892,
661,661,get,three___,_____638,
661,661,get,four____,_____951,
661,661,get,two_____,_____461,
661,661,get,zero____,______54,
661,661,get,three___,_____840,
661,661,get,one_____,_____714,
661,661,get,two_____,_____967,
661,661,get,three___,_____374,
661,661,commit,,,

662,662,get,three___,_____438,
662,662,get,one_____,_____886,
662,662,get,one_____,_____303,
662,662,get,two_____,_____901,
662,662,get,two_____,_____199,
662,662,get,zero____,_____961,
662,662,get,three___,_____430,
662,662,get,one_____,______75,
662,662,get,three___,_____536,
662,662,get,two_____,____1000,
662,662,get,four____,_____184,
662,662,commit,,,

663,663,get,four____,_____522,
663,663,get,four____,_____422,
663,663,get,three___,_____275,
663,663,get,zero____,_____261,
663,663,get,zero____,_____296,
663,663,get,one_____,______43,
663,663,get,three___,_____825,
663,663,get,four____,_____221,
663,663,get,one_____,_____989,
663,663,get,zero____,_____227,
663,663,get,two_____,_____214,
663,663,commit,,,

664,664,get,three___,_____430,
664,664,get,three___,_____661,
664,664,get,three___,_____431,
664,664,get,one_____,_____377,
664,664,get,two_____,_____922,
664,664,get,one_____,_____912,
664,664,get,three___,_____219,
664,664,get,two_____,_____176,
664,664,get,zero____,_____727,
664,664,get,zero____,_____895,
664,664,get,zero____,_____489,
664,664,commit,,,

665,665,get,three___,_____528,
665,665,get,four____,_______7,
665,665,get,four____,_____558,
665,665,get,three___,______85,
665,665,get,zero____,_____800,
665,665,get,four____,_____916,
665,665,get,one_____,_____313,
665,665,get,zero____,_____765,
665,665,get,three___,_____803,
665,665,get,three___,_____451,
665,665,get,three___,_____836,
665,665,commit,,,

666,666,get,two_____,_____538,
666,666,get,four____,______49,
666,666,get,three___,_____970,
666,666,get,zero____,______63,
666,666,get,four____,_____100,
666,666,get,zero____,_____504,
666,666,get,two_____,_____696,
666,666,get,four____,_____594,
666,666,get,three___,_____104,
666,666,get,one_____,_____780,
666,666,get,one_____,_____574,
666,666,commit,,,

667,667,get,zero____,_____136,
667,667,get,three___,_____413,
667,667,get,one_____,_____503,
667,667,get,three___,______32,
667,667,get,three___,_____462,
667,667,get,four____,_____310,
667,667,get,three___,_____723,
667,667,get,four____,_____629,
667,667,get,one_____,_____203,
667,667,get,three___,_____241,
667,667,commit,,,

668,668,get,two_____,_____738,
668,668,get,four____,_____701,
668,668,get,two_____,_____928,
668,668,get,zero____,_____652,
668,668,get,two_____,_____963,
668,668,get,two_____,_____992,
668,668,get,zero____,_____749,
668,668,get,one_____,______89,
668,668,get,one_____,_____857,
668,668,get,four____,_____415,
668,668,get,three___,_____550,
668,668,get,three___,_____150,
668,668,commit,,,

669,669,get,four____,_____730,
669,669,get,one_____,_____574,
669,669,get,three___,_____555,
669,669,get,three___,_____634,
669,669,get,four____,_______7,
669,669,get,three___,_____619,
669,669,get,three___,_____490,
669,669,get,three___,_____657,
669,669,get,one_____,_____421,
669,669,get,one_____,_____157,
669,669,get,two_____,______88,
669,669,commit,,,

670,670,get,four____,_____768,
670,670,get,three___,_____706,
670,670,get,zero____,______78,
670,670,get,two_____,_____314,
670,670,get,three___,______50,
670,670,get,two_____,_____473,
670,670,get,one_____,_____656,
670,670,get,two_____,_____328,
670,670,get,zero____,_____710,
670,670,commit,,,

671,671,get,four____,_____218,
671,671,get,zero____,_____810,
671,671,get,zero____,_____961,
671,671,get,zero____,_____710,
671,671,get,four____,_____310,
671,671,get,zero____,_____812,
671,671,get,four____,_____356,
671,671,get,three___,_____429,
671,671,get,two_____,_____518,
671,671,get,one_____,_____129,
671,671,get,two_____,______39,
671,671,get,one_____,_____444,
671,671,commit,,,

672,672,get,two_____,_____589,
672,672,get,zero____,______72,
672,672,get,two_____,_____606,
672,672,get,one_____,_____128,
672,672,get,three___,_____309,
672,672,get,one_____,_____341,
672,672,get,one_____,_____551,
672,672,get,zero____,_____952,
672,672,get,two_____,_____851,
672,672,get,one_____,_______2,
672,672,commit,,,

673,673,get,one_____,_____391,
673,673,get,four____,_____124,
673,673,get,four____,_____577,
673,673,get,four____,_____939,
673,673,get,four____,_____327,
673,673,get,three___,_____984,
673,673,get,three___,_____256,
673,673,get,one_____,_____378,
673,673,commit,,,

674,674,get,zero____,_____215,
674,674,get,two_____,_____233,
674,674,get,four____,_____184,
674,674,get,one_____,_____750,
674,674,get,one_____,_____457,
674,674,get,zero____,_____266,
674,674,get,three___,_____679,
674,674,get,one_____,_____850,
674,674,get,two_____,_____773,
674,674,commit,,,

675,675,get,four____,_____464,
675,675,get,one_____,_____391,
675,675,get,one_____,_____892,
675,675,get,three___,_____776,
675,675,get,one_____,_____849,
675,675,get,one_____,_____259,
675,675,get,three___,_____256,
675,675,get,one_____,_____231,
675,675,get,four____,_____300,
675,675,get,one_____,_____108,
675,675,get,four____,_____951,
675,675,get,four____,_____552,
675,675,commit,,,

676,676,get,two_____,_____963,
676,676,get,zero____,_____398,
676,676,get,four____,_____552,
676,676,get,one_____,_____601,
676,676,get,four____,_____464,
676,676,get,zero____,_____166,
676,676,get,three___,______33,
676,676,get,two_____,_____350,
676,676,get,two_____,_____523,
676,676,get,two_____,_____408,
676,676,get,three___,_____294,
676,676,commit,,,

677,677,get,zero____,_____559,
677,677,get,three___,_____169,
677,677,get,one_____,_____313,
677,677,get,one_____,_____115,
677,677,get,three___,_____532,
677,677,get,one_____,_____295,
677,677,get,three___,_____641,
677,677,get,two_____,_____611,
677,677,get,zero____,_____114,
677,677,get,two_____,_____922,
677,677,get,three___,_____169,
677,677,get,zero____,_____454,
677,677,commit,,,

678,678,get,one_____,_____330,
678,678,get,two_____,_____268,
678,678,get,zero____,_____931,
678,678,get,zero____,_____227,
678,678,get,three___,_____131,
678,678,get,one_____,_____678,
678,678,get,one_____,_____115,
678,678,get,two_____,_____473,
678,678,get,four____,_____818,
678,678,get,four____,_____325,
678,678,commit,,,

679,679,get,four____,_____911,
679,679,get,three___,_____972,
679,679,get,four____,_____839,
679,679,get,two_____,_____433,
679,679,get,four____,_____339,
679,679,get,two_____,_____394,
679,679,get,three___,_____276,
679,679,get,zero____,_____605,
679,679,get,four____,_____916,
679,679,get,two_____,_____713,
679,679,get,three___,_____927,
679,679,commit,,,

680,680,get,two_____,_____418,
680,680,get,three___,_____168,
680,680,get,zero____,_____595,
680,680,get,one_____,_____316,
680,680,get,two_____,_____304,
680,680,get,four____,_____735,
680,680,get,three___,_____679,
680,680,get,three___,_____619,
680,680,get,zero____,_____815,
680,680,commit,,,

681,681,get,zero____,_____758,
681,681,get,three___,_____284,
681,681,get,two_____,______67,
681,681,get,zero____,_____366,
681,681,get,one_____,_____714,
681,681,get,three___,_____636,
681,681,get,three___,_____633,
681,681,get,zero____,_____364,
681,681,get,zero____,_____595,
681,681,get,three___,_____435,
681,681,get,three___,_____340,
681,681,get,zero____,_____195,
681,681,commit,,,

682,682,get,four____,_____109,
682,682,get,one_____,_____322,
682,682,get,zero____,______73,
682,682,get,four____,______95,
682,682,get,one_____,_____108,
682,682,get,zero____,_____401,
682,682,get,four____,_____464,
682,682,get,one_____,_____267,
682,682,get,four____,_____426,
682,682,get,two_____,_____390,
682,682,commit,,,

683,683,get,one_____,_____377,
683,683,get,three___,_____667,
683,683,get,one_____,_____103,
683,683,get,three___,_____619,
683,683,get,three___,_____837,
683,683,get,one_____,_____709,
683,683,get,four____,_____424,
683,683,get,four____,_____111,
683,683,get,three___,_____160,
683,683,get,three___,_____185,
683,683,commit,,,

684,684,get,four____,_____526,
684,684,get,two_____,_____793,
684,684,get,three___,______52,
684,684,get,one_____,_____262,
684,684,get,two_____,_____549,
684,684,get,one_____,_____903,
684,684,get,two_____,______84,
684,684,get,zero____,______76,
684,684,commit,,,

685,685,get,one_____,_____762,
685,685,get,three___,_____133,
685,685,get,two_____,_____821,
685,685,get,three___,______27,
685,685,get,zero____,_____969,
685,685,get,two_____,______88,
685,685,get,one_____,_____999,
685,685,get,one_____,_____153,
685,685,get,one_____,_____791,
685,685,get,three___,_____182,
685,685,get,one_____,_____762,
685,685,get,zero____,______72,
685,685,commit,,,

686,686,get,two_____,_____355,
686,686,get,four____,_____253,
686,686,get,zero____,______45,
686,686,get,one_____,_____202,
686,686,get,zero____,_____917,
686,686,get,three___,_____194,
686,686,get,two_____,_____439,
686,686,get,four____,_____637,
686,686,get,four____,_____264,
686,686,get,two_____,______98,
686,686,get,two_____,_____855,
686,686,get,three___,_____980,
686,686,commit,,,

687,687,get,four____,_____631,
687,687,get,zero____,_____931,
687,687,get,one_____,_____358,
687,687,get,three___,_____772,
687,687,get,two_____,_____698,
687,687,get,one_____,_____213,
687,687,get,two_____,_____141,
687,687,get,four____,_______7,
687,687,get,one_____,_____341,
687,687,commit,,,

688,688,get,one_____,_____976,
688,688,get,four____,_____584,
688,688,get,one_____,_____670,
688,688,get,zero____,_____605,
688,688,get,four____,_____701,
688,688,get,two_____,_____614,
688,688,get,three___,_____425,
688,688,get,one_____,_____777,
688,688,get,one_____,_____382,
688,688,get,three___,_____638,
688,688,get,two_____,_____752,
688,688,commit,,,

689,689,get,one_____,_____323,
689,689,get,four____,_____225,
689,689,get,three___,_____910,
689,689,get,three___,_____655,
689,689,get,zero____,_____504,
689,689,get,two_____,_____859,
689,689,get,three___,_____874,
689,689,get,two_____,_____848,
689,689,get,zero____,______36,
689,689,get,one_____,______13,
689,689,get,four____,_____498,
689,689,commit,,,

690,690,get,four____,_____442,
690,690,get,zero____,______56,
690,690,get,three___,_____970,
690,690,get,two_____,______84,
690,690,get,one_____,_____216,
690,690,get,two_____,_____816,
690,690,get,one_____,_____302,
690,690,get,two_____,_____440,
690,690,get,four____,_____310,
690,690,get,three___,_____865,
690,690,get,one_____,_____501,
690,690,get,zero____,_____810,
690,690,commit,,,

691,691,get,one_____,_____315,
691,691,get,four____,_____768,
691,691,get,two_____,_____696,
691,691,get,three___,_____642,
691,691,get,zero____,_____470,
691,691,get,four____,_____144,
691,691,get,four____,_____919,
691,691,get,zero____,_____288,
691,691,get,zero____,_____489,
691,691,get,zero____,_____204,
691,691,get,zero____,_____880,
691,691,get,one_____,_____666,
691,691,commit,,,

692,692,get,zero____,_____504,
692,692,get,one_____,_____447,
692,692,get,zero____,_____520,
692,692,get,one_____,_____132,
692,692,get,four____,_____351,
692,692,get,four____,______26,
692,692,get,four____,_____217,
692,692,get,four____,_____724,
692,692,get,three___,_____524,
692,692,commit,,,

693,693,get,three___,_____435,
693,693,get,one_____,_____393,
693,693,get,zero____,_____195,
693,693,get,four____,_____962,
693,693,get,three___,______15,
693,693,get,two_____,_____882,
693,693,get,two_____,_____928,
693,693,get,one_____,_____733,
693,693,commit,,,

694,694,get,zero____,______78,
694,694,get,one_____,______11,
694,694,get,four____,_____415,
694,694,get,one_____,_____525,
694,694,get,two_____,_____220,
694,694,get,three___,_____600,
694,694,get,four____,_____442,
694,694,get,zero____,_____880,
694,694,get,zero____,_____826,
694,694,get,three___,_____189,
694,694,get,three___,_____778,
694,694,commit,,,

695,695,get,three___,_____534,
695,695,get,zero____,_____743,
695,695,get,zero____,______93,
695,695,get,two_____,_____698,
695,695,get,two_____,_____436,
695,695,get,four____,_____677,
695,695,get,two_____,_____948,
695,695,get,one_____,_____574,
695,695,get,two_____,_____428,
695,695,get,four____,_____649,
695,695,get,three___,_____974,
695,695,commit,,,

696,696,get,four____,_____919,
696,696,get,four____,_____289,
696,696,get,two_____,_____571,
696,696,get,one_____,______58,
696,696,get,two_____,_____201,
696,696,get,four____,_____759,
696,696,get,zero____,_____527,
696,696,get,three___,_____647,
696,696,get,three___,_____872,
696,696,get,three___,_____122,
696,696,get,zero____,_____572,
696,696,commit,,,

697,697,get,two_____,_____848,
697,697,get,one_____,_____870,
697,697,get,two_____,_____676,
697,697,get,two_____,_____247,
697,697,get,one_____,_____976,
697,697,get,four____,_____526,
697,697,get,three___,______46,
697,697,get,one_____,_____704,
697,697,get,four____,_____834,
697,697,get,zero____,_____215,
697,697,commit,,,

698,698,get,four____,______95,
698,698,get,zero____,_____180,
698,698,get,three___,______27,
698,698,get,four____,_____866,
698,698,get,two_____,_____465,
698,698,get,four____,_____177,
698,698,get,one_____,_____615,
698,698,get,four____,_____911,
698,698,get,three___,______79,
698,698,commit,,,

699,699,get,three___,_____723,
699,699,get,two_____,_____996,
699,699,get,three___,_____256,
699,699,get,zero____,_____743,
699,699,get,zero____,_____139,
699,699,get,one_____,_____259,
699,699,get,one_____,_____959,
699,699,get,one_____,_____541,
699,699,commit,,,

700,700,get,one_____,_____892,
700,700,get,four____,_____488,
700,700,get,one_____,_____728,
700,700,get,three___,_____568,
700,700,get,zero____,______28,
700,700,get,two_____,_____948,
700,700,get,one_____,_____134,
700,700,get,zero____,_____720,
700,700,get,four____,_____232,
700,700,get,one_____,_____382,
700,700,get,one_____,_____794,
700,700,get,one_____,_____270,
700,700,commit,,,

701,701,get,one_____,_____945,
701,701,get,four____,_____385,
701,701,get,four____,______26,
701,701,get,two_____,_____922,
701,701,get,four____,_____899,
701,701,get,zero____,_____925,
701,701,get,one_____,_____302,
701,701,get,one_____,_____503,
701,701,commit,,,

702,702,get,zero____,_____119,
702,702,get,one_____,_____658,
702,702,get,one_____,_____393,
702,702,get,zero____,_____139,
702,702,get,three___,_____309,
702,702,get,three___,_____803,
702,702,get,one_____,_____658,
702,702,get,zero____,_____829,
702,702,commit,,,

703,703,get,two_____,_____220,
703,703,get,one_____,_____870,
703,703,get,four____,_____558,
703,703,get,one_____,_____795,
703,703,get,zero____,______59,
703,703,get,one_____,_____714,
703,703,get,one_____,_____989,
703,703,get,zero____,_____587,
703,703,get,zero____,______28,
703,703,commit,,,

704,704,get,three___,_____781,
704,704,get,three___,_____155,
704,704,get,two_____,_____591,
704,704,get,two_____,_____164,
704,704,get,zero____,_____800,
704,704,get,one_____,_____875,
704,704,get,four____,_____808,
704,704,get,zero____,_____579,
704,704,get,three___,______81,
704,704,get,one_____,_____762,
704,704,get,four____,_____597,
704,704,commit,,,

705,705,get,one_____,_____272,
705,705,get,one_____,_____736,
705,705,get,one_____,_____537,
705,705,get,one_____,_____459,
705,705,get,zero____,_____529,
705,705,get,two_____,_____113,
705,705,get,zero____,_____288,
705,705,get,one_____,_____718,
705,705,get,two_____,_____882,
705,705,get,four____,_____585,
705,705,get,one_____,_____457,
705,705,commit,,,

706,706,get,two_____,_____973,
706,706,get,one_____,_____378,
706,706,get,four____,_____896,
706,706,get,zero____,_____547,
706,706,get,one_____,______11,
706,706,get,three___,_____953,
706,706,get,one_____,_____132,
706,706,get,two_____,_____816,
706,706,get,one_____,_____341,
706,706,commit,,,

707,707,get,one_____,_____645,
707,707,get,one_____,_____791,
707,707,get,zero____,______44,
707,707,get,two_____,_____707,
707,707,get,zero____,_____215,
707,707,get,one_____,_____612,
707,707,get,four____,_____946,
707,707,get,one_____,_____295,
707,707,get,three___,_____602,
707,707,get,zero____,_____470,
707,707,get,two_____,_____948,
707,707,get,three___,_____189,
707,707,commit,,,

708,708,get,three___,_____346,
708,708,get,zero____,_____741,
708,708,get,one_____,_____790,
708,708,get,zero____,______56,
708,708,get,one_____,_____405,
708,708,get,four____,_____844,
708,708,get,one_____,_____196,
708,708,get,zero____,_____384,
708,708,commit,,,

709,709,get,four____,______41,
709,709,get,zero____,_____210,
709,709,get,three___,_____900,
709,709,get,one_____,_____958,
709,709,get,four____,_____480,
709,709,get,four____,_____443,
709,709,get,zero____,_____412,
709,709,get,one_____,_____447,
709,709,get,three___,_____634,
709,709,get,zero____,_____175,
709,709,commit,,,

710,710,get,two_____,_____821,
710,710,get,zero____,_____352,
710,710,get,two_____,_____465,
710,710,get,four____,_____545,
710,710,get,four____,_____172,
710,710,get,two_____,_____987,
710,710,get,one_____,_____685,
710,710,get,two_____,_____523,
710,710,get,two_____,_____650,
710,710,get,one_____,_____405,
710,710,get,zero____,_____815,
710,710,commit,,,

711,711,get,four____,_____939,
711,711,get,one_____,______53,
711,711,get,four____,_____533,
711,711,get,four____,_____866,
711,711,get,zero____,_____492,
711,711,get,two_____,_____766,
711,711,get,two_____,_____178,
711,711,get,zero____,_____620,
711,711,get,four____,_______7,
711,711,commit,,,

712,712,get,one_____,_____115,
712,712,get,zero____,_____952,
712,712,get,zero____,_____578,
712,712,get,zero____,_____380,
712,712,get,four____,_____616,
712,712,get,zero____,_____470,
712,712,get,one_____,_____303,
712,712,get,one_____,_____231,
712,712,get,two_____,_____788,
712,712,get,three___,_____744,
712,712,commit,,,

713,713,get,three___,_____635,
713,713,get,three___,_____282,
713,713,get,three___,_____957,
713,713,get,one_____,_____405,
713,713,get,three___,_____506,
713,713,get,zero____,_____817,
713,713,get,zero____,_____420,
713,713,get,four____,______86,
713,713,get,two_____,_____226,
713,713,get,zero____,_____366,
713,713,get,three___,_____994,
713,713,commit,,,

714,714,get,zero____,_____372,
714,714,get,three___,_____642,
714,714,get,two_____,_____538,
714,714,get,four____,_____531,
714,714,get,three___,_____462,
714,714,get,zero____,_____301,
714,714,get,two_____,_____392,
714,714,get,one_____,_____203,
714,714,get,three___,_____874,
714,714,commit,,,

715,715,get,two_____,______10,
715,715,get,two_____,______84,
715,715,get,three___,_____806,
715,715,get,four____,______86,
715,715,get,four____,_____356,
715,715,get,three___,_____445,
715,715,get,one_____,_____999,
715,715,get,three___,______52,
715,715,get,zero____,_____470,
715,715,get,three___,______69,
715,715,commit,,,

716,716,get,two_____,_____418,
716,716,get,three___,_____905,
716,716,get,two_____,_____821,
716,716,get,three___,_____181,
716,716,get,four____,_____827,
716,716,get,two_____,_____369,
716,716,get,zero____,_____931,
716,716,get,four____,_____271,
716,716,get,one_____,_____512,
716,716,get,one_____,_____249,
716,716,get,one_____,_____377,
716,716,get,one_____,_____903,
716,716,commit,,,

717,717,get,two_____,_____474,
717,717,get,three___,_____639,
717,717,get,two_____,_____510,
717,717,get,three___,_____362,
717,717,get,two_____,______84,
717,717,get,three___,_____865,
717,717,get,zero____,_____174,
717,717,get,four____,_____558,
717,717,get,three___,_____563,
717,717,get,two_____,_____523,
717,717,commit,,,

718,718,get,one_____,_____368,
718,718,get,three___,_____148,
718,718,get,two_____,_____440,
718,718,get,zero____,_____193,
718,718,get,three___,_____235,
718,718,get,four____,_____144,
718,718,get,three___,______33,
718,718,get,three___,_____282,
718,718,get,two_____,_____164,
718,718,get,zero____,_____352,
718,718,commit,,,

719,719,get,zero____,_____200,
719,719,get,three___,_____568,
719,719,get,one_____,_____267,
719,719,get,four____,_____463,
719,719,get,four____,_____354,
719,719,get,one_____,_____457,
719,719,get,one_____,_____875,
719,719,get,one_____,_____202,
719,719,get,zero____,_____360,
719,719,get,one_____,_____501,
719,719,commit,,,

720,720,get,three___,_____150,
720,720,get,three___,_____993,
720,720,get,two_____,_____793,
720,720,get,one_____,_____876,
720,720,get,four____,_____629,
720,720,get,one_____,_____103,
720,720,get,three___,_____379,
720,720,get,three___,_____359,
720,720,get,three___,_____711,
720,720,get,two_____,_____475,
720,720,get,zero____,_____802,
720,720,commit,,,

721,721,get,four____,_____617,
721,721,get,zero____,_____990,
721,721,get,one_____,_____977,
721,721,get,two_____,_____140,
721,721,get,two_____,_____676,
721,721,get,three___,_____692,
721,721,get,one_____,_____777,
721,721,get,two_____,_____686,
721,721,get,zero____,_____898,
721,721,get,one_____,_____389,
721,721,get,three___,_____836,
721,721,get,zero____,_____388,
721,721,commit,,,

722,722,get,two_____,_____820,
722,722,get,four____,_____846,
722,722,get,three___,_____805,
722,722,get,three___,_____811,
722,722,get,one_____,_____416,
722,722,get,two_____,_____369,
722,722,get,one_____,_____783,
722,722,get,two_____,_____567,
722,722,get,two_____,_____314,
722,722,get,two_____,_____746,
722,722,get,two_____,_____643,
722,722,get,two_____,_____499,
722,722,commit,,,

723,723,get,zero____,______19,
723,723,get,four____,_____844,
723,723,get,zero____,_____721,
723,723,get,four____,_____109,
723,723,get,one_____,_____656,
723,723,get,one_____,_____347,
723,723,get,two_____,______98,
723,723,get,three___,_____805,
723,723,get,four____,_____124,
723,723,get,zero____,_____817,
723,723,get,two_____,_____820,
723,723,get,one_____,_____405,
723,723,commit,,,

724,724,get,one_____,_____315,
724,724,get,zero____,_____915,
724,724,get,one_____,_____297,
724,724,get,one_____,_____267,
724,724,get,three___,_____661,
724,724,get,zero____,_____921,
724,724,get,four____,_____545,
724,724,get,zero____,_____949,
724,724,get,zero____,_____797,
724,724,commit,,,

725,725,get,four____,______61,
725,725,get,three___,_____975,
725,725,get,four____,______18,
725,725,get,zero____,_____819,
725,725,get,four____,_____822,
725,725,get,one_____,_____733,
725,725,get,four____,_____839,
725,725,get,one_____,_____989,
725,725,commit,,,

726,726,get,two_____,_____992,
726,726,get,four____,______94,
726,726,get,three___,_____655,
726,726,get,zero____,_____829,
726,726,get,two_____,_____786,
726,726,get,one_____,_____163,
726,726,get,two_____,_____350,
726,726,get,three___,______32,
726,726,get,one_____,_____574,
726,726,get,three___,_____974,
726,726,get,zero____,_____680,
726,726,commit,,,

727,727,get,three___,_____563,
727,727,get,three___,_____131,
727,727,get,four____,_____735,
727,727,get,zero____,_____598,
727,727,get,three___,_____508,
727,727,get,four____,_____942,
727,727,get,two_____,_____882,
727,727,get,two_____,_____176,
727,727,get,one_____,_____186,
727,727,get,one_____,_____762,
727,727,get,four____,______38,
727,727,commit,,,

728,728,get,four____,_____354,
728,728,get,two_____,_____756,
728,728,get,four____,______64,
728,728,get,three___,_____706,
728,728,get,four____,______86,
728,728,get,three___,_____775,
728,728,get,four____,_____585,
728,728,get,three___,_____861,
728,728,get,three___,_____429,
728,728,get,zero____,_____864,
728,728,get,zero____,_____175,
728,728,commit,,,

729,729,get,zero____,_____336,
729,729,get,zero____,_____998,
729,729,get,three___,_____900,
729,729,get,two_____,_____745,
729,729,get,two_____,_____766,
729,729,get,zero____,_____285,
729,729,get,zero____,_____740,
729,729,get,two_____,_____521,
729,729,get,zero____,______54,
729,729,commit,,,

730,730,get,two_____,_____250,
730,730,get,one_____,_____850,
730,730,get,four____,_____834,
730,730,get,zero____,_____388,
730,730,get,four____,_____443,
730,730,get,three___,_____854,
730,730,get,four____,______92,
730,730,get,zero____,______44,
730,730,get,one_____,_____447,
730,730,get,zero____,_____364,
730,730,commit,,,

731,731,get,zero____,______28,
731,731,get,zero____,_____529,
731,731,get,two_____,_____220,
731,731,get,one_____,_____207,
731,731,get,four____,_____688,
731,731,get,three___,_____490,
731,731,get,three___,_____107,
731,731,get,one_____,_____995,
731,731,get,one_____,______53,
731,731,get,four____,_____345,
731,731,get,four____,_____807,
731,731,commit,,,

732,732,get,four____,_____417,
732,732,get,one_____,_____491,
732,732,get,one_____,_____322,
732,732,get,one_____,_____378,
732,732,get,zero____,_____628,
732,732,get,two_____,_____472,
732,732,get,two_____,_____530,
732,732,get,two_____,_____386,
732,732,get,zero____,_____372,
732,732,commit,,,

733,733,get,one_____,_____690,
733,733,get,three___,_____536,
733,733,get,one_____,_____903,
733,733,get,four____,_____946,
733,733,get,four____,_____877,
733,733,get,zero____,_____949,
733,733,get,four____,______38,
733,733,get,two_____,_____650,
733,733,get,four____,_____409,
733,733,commit,,,

734,734,get,three___,_____182,
734,734,get,four____,_____221,
734,734,get,zero____,______45,
734,734,get,four____,_____971,
734,734,get,four____,_____144,
734,734,get,three___,_____349,
734,734,get,two_____,_____686,
734,734,get,two_____,_____287,
734,734,commit,,,

735,735,get,zero____,_____197,
735,735,get,zero____,_____507,
735,735,get,three___,_____169,
735,735,get,zero____,_____920,
735,735,get,one_____,_____213,
735,735,get,one_____,_____251,
735,735,get,two_____,_____143,
735,735,get,four____,_____345,
735,735,get,four____,_____730,
735,735,commit,,,

736,736,get,three___,_____445,
736,736,get,three___,_____145,
736,736,get,one_____,_____670,
736,736,get,two_____,_____689,
736,736,get,one_____,_____791,
736,736,get,three___,_____997,
736,736,get,one_____,_____666,
736,736,get,two_____,_____147,
736,736,get,three___,_____726,
736,736,commit,,,

737,737,get,four____,_____498,
737,737,get,zero____,_____119,
737,737,get,one_____,_____823,
737,737,get,four____,_____808,
737,737,get,four____,_____942,
737,737,get,zero____,_____749,
737,737,get,one_____,_____959,
737,737,get,three___,_____715,
737,737,get,four____,______95,
737,737,get,four____,_____441,
737,737,get,four____,_____946,
737,737,commit,,,

738,738,get,zero____,______97,
738,738,get,two_____,_____948,
738,738,get,three___,_____974,
738,738,get,one_____,_____704,
738,738,get,three___,_____784,
738,738,get,one_____,_____875,
738,738,get,three___,_____275,
738,738,get,four____,_____486,
738,738,commit,,,

739,739,get,one_____,_____551,
739,739,get,two_____,______35,
739,739,get,zero____,_____420,
739,739,get,zero____,_____898,
739,739,get,three___,_____865,
739,739,get,two_____,_____965,
739,739,get,four____,______80,
739,739,get,three___,_____107,
739,739,get,three___,_____840,
739,739,get,two_____,_____141,
739,739,commit,,,

740,740,get,four____,_____177,
740,740,get,one_____,_____447,
740,740,get,two_____,_____613,
740,740,get,two_____,_____624,
740,740,get,two_____,_____113,
740,740,get,zero____,_____721,
740,740,get,four____,______41,
740,740,get,three___,_____160,
740,740,get,one_____,_____347,
740,740,get,two_____,_____465,
740,740,get,zero____,_____547,
740,740,commit,,,

741,741,get,one_____,_____514,
741,741,get,zero____,_____215,
741,741,get,zero____,_____566,
741,741,get,two_____,_____318,
741,741,get,two_____,_____832,
741,741,get,three___,_____635,
741,741,get,three___,_____431,
741,741,get,one_____,_____403,
741,741,get,two_____,_____716,
741,741,get,four____,_____760,
741,741,get,two_____,_____847,
741,741,commit,,,

742,742,get,four____,_____691,
742,742,get,four____,_____415,
742,742,get,four____,_____442,
742,742,get,two_____,____1000,
742,742,get,one_____,_____892,
742,742,get,one_____,_____134,
742,742,get,two_____,_____751,
742,742,get,four____,_____621,
742,742,commit,,,

743,743,get,two_____,______34,
743,743,get,three___,_____872,
743,743,get,one_____,_____976,
743,743,get,zero____,_____731,
743,743,get,two_____,_____363,
743,743,get,zero____,_____741,
743,743,get,one_____,_____316,
743,743,get,zero____,_____898,
743,743,get,one_____,_____117,
743,743,get,two_____,______10,
743,743,get,one_____,_____718,
743,743,commit,,,

744,744,get,zero____,_____797,
744,744,get,one_____,_____322,
744,744,get,one_____,_____389,
744,744,get,four____,_____625,
744,744,get,three___,______33,
744,744,get,one_____,_____959,
744,744,get,two_____,_____820,
744,744,get,one_____,_____371,
744,744,get,zero____,_____990,
744,744,get,three___,_____182,
744,744,get,zero____,_____511,
744,744,commit,,,

745,745,get,one_____,_____794,
745,745,get,two_____,______98,
745,745,get,four____,_____662,
745,745,get,one_____,_____958,
745,745,get,zero____,_____511,
745,745,get,zero____,_____990,
745,745,get,four____,_____867,
745,745,get,zero____,_____937,
745,745,get,two_____,_____557,
745,745,commit,,,

746,746,get,zero____,_____754,
746,746,get,three___,_______3,
746,746,get,four____,_____584,
746,746,get,one_____,_____670,
746,746,get,three___,_____775,
746,746,get,four____,_____332,
746,746,get,four____,_____443,
746,746,get,three___,_____555,
746,746,get,four____,_____899,
746,746,get,four____,_____779,
746,746,commit,,,

747,747,get,one_____,_____912,
747,747,get,four____,_____225,
747,747,get,three___,_____256,
747,747,get,two_____,_____222,
747,747,get,four____,_____305,
747,747,get,three___,_____775,
747,747,get,three___,_____294,
747,747,get,four____,_____779,
747,747,get,one_____,_____128,
747,747,get,one_____,_____270,
747,747,get,zero____,_____296,
747,747,commit,,,

748,748,get,three___,_____837,
748,748,get,one_____,_____270,
748,748,get,one_____,_____722,
748,748,get,zero____,_____527,
748,748,get,zero____,_____118,
748,748,get,two_____,_____392,
748,748,get,one_____,_____405,
748,748,get,three___,_____744,
748,748,commit,,,

749,749,get,one_____,_____958,
749,749,get,three___,_____661,
749,749,get,two_____,_____936,
749,749,get,three___,______24,
749,749,get,zero____,_____255,
749,749,get,two_____,_____523,
749,749,get,zero____,_____926,
749,749,get,one_____,_____407,
749,749,get,four____,_____942,
749,749,get,zero____,_____921,
749,749,get,zero____,_____215,
749,749,get,zero____,_____401,
749,749,commit,,,

750,750,get,zero____,_____758,
750,750,get,three___,_____145,
750,750,get,two_____,_____226,
750,750,get,four____,_____263,
750,750,get,zero____,_____404,
750,750,get,zero____,_____398,
750,750,get,four____,_____687,
750,750,get,three___,_____841,
750,750,get,zero____,_____365,
750,750,get,four____,______26,
750,750,get,zero____,______54,
750,750,commit,,,

751,751,get,one_____,_____918,
751,751,get,zero____,_____582,
751,751,get,four____,______86,
751,751,get,one_____,_____906,
751,751,get,two_____,_____965,
751,751,get,four____,______99,
751,751,get,three___,_____619,
751,751,get,four____,_____237,
751,751,commit,,,

752,752,get,zero____,_____792,
752,752,get,four____,_____621,
752,752,get,three___,_____860,
752,752,get,one_____,_____457,
752,752,get,two_____,_____716,
752,752,get,one_____,_____251,
752,752,get,four____,_____289,
752,752,get,one_____,______48,
752,752,get,four____,______80,
752,752,get,zero____,_____944,
752,752,get,zero____,_____697,
752,752,commit,,,

753,753,get,one_____,______13,
753,753,get,four____,_____498,
753,753,get,one_____,_____903,
753,753,get,three___,_____169,
753,753,get,four____,_____281,
753,753,get,one_____,_____459,
753,753,get,one_____,_____450,
753,753,get,four____,_____659,
753,753,get,four____,_____597,
753,753,get,one_____,_____509,
753,753,get,zero____,_____238,
753,753,commit,,,

754,754,get,one_____,_____512,
754,754,get,zero____,_____215,
754,754,get,four____,_____978,
754,754,get,zero____,_____749,
754,754,get,two_____,_____965,
754,754,get,one_____,______53,
754,754,get,one_____,_____501,
754,754,get,two_____,_____324,
754,754,get,three___,_____806,
754,754,get,two_____,_____355,
754,754,get,four____,_____173,
754,754,commit,,,

755,755,get,one_____,_____989,
755,755,get,two_____,_____855,
755,755,get,one_____,_____229,
755,755,get,two_____,_____788,
755,755,get,two_____,_____676,
755,755,get,two_____,_____756,
755,755,get,two_____,_____156,
755,755,get,three___,_____340,
755,755,get,three___,_____560,
755,755,get,zero____,_____200,
755,755,commit,,,

756,756,get,zero____,______83,
756,756,get,three___,_____208,
756,756,get,four____,_____172,
756,756,get,two_____,_____761,
756,756,get,three___,_____534,
756,756,get,zero____,_____547,
756,756,get,four____,_____818,
756,756,get,four____,_____904,
756,756,get,four____,_____978,
756,756,get,one_____,______70,
756,756,get,one_____,_____188,
756,756,commit,,,

757,757,get,two_____,_____991,
757,757,get,four____,_____570,
757,757,get,two_____,_____439,
757,757,get,two_____,_____626,
757,757,get,zero____,_______8,
757,757,get,three___,_____950,
757,757,get,one_____,_____988,
757,757,get,four____,_____232,
757,757,get,zero____,_____261,
757,757,get,one_____,_____244,
757,757,get,zero____,_____477,
757,757,commit,,,

758,758,get,two_____,_____982,
758,758,get,four____,_____899,
758,758,get,four____,_____599,
758,758,get,four____,_____422,
758,758,get,three___,_____145,
758,758,get,four____,_____218,
758,758,get,three___,_____934,
758,758,get,two_____,_____902,
758,758,get,one_____,_____120,
758,758,get,four____,_____480,
758,758,commit,,,

759,759,get,one_____,_____402,
759,759,get,four____,_____373,
759,759,get,one_____,_____138,
759,759,get,three___,_____451,
759,759,get,one_____,_____780,
759,759,get,one_____,______58,
759,759,get,two_____,_____335,
759,759,get,three___,_____900,
759,759,get,one_____,_____933,
759,759,get,one_____,_____725,
759,759,get,four____,_____423,
759,759,commit,,,

760,760,get,four____,_____409,
760,760,get,zero____,_____195,
760,760,get,one_____,_____447,
760,760,get,zero____,______12,
760,760,get,three___,_____494,
760,760,get,one_____,______71,
760,760,get,one_____,_____722,
760,760,get,zero____,_____119,
760,760,get,two_____,_____113,
760,760,commit,,,

761,761,get,zero____,______42,
761,761,get,zero____,_____595,
761,761,get,two_____,_____613,
761,761,get,two_____,_____869,
761,761,get,zero____,_____527,
761,761,get,zero____,_____215,
761,761,get,two_____,_____538,
761,761,get,four____,_____111,
761,761,get,zero____,_____817,
761,761,get,two_____,_____992,
761,761,get,zero____,_____174,
761,761,commit,,,

762,762,get,three___,_____452,
762,762,get,three___,_____854,
762,762,get,three___,_____852,
762,762,get,zero____,_____412,
762,762,get,zero____,_____720,
762,762,get,zero____,_____741,
762,762,get,four____,______80,
762,762,get,three___,_____451,
762,762,get,two_____,_____882,
762,762,commit,,,

763,763,get,zero____,_____578,
763,763,get,zero____,______44,
763,763,get,zero____,_____699,
763,763,get,three___,_____189,
763,763,get,three___,_____950,
763,763,get,three___,_____554,
763,763,get,four____,_____351,
763,763,get,two_____,_____156,
763,763,get,zero____,_____802,
763,763,commit,,,

764,764,get,one_____,_____295,
764,764,get,zero____,_____578,
764,764,get,two_____,_____745,
764,764,get,three___,______32,
764,764,get,zero____,_____238,
764,764,get,four____,_____576,
764,764,get,three___,______85,
764,764,get,three___,_____508,
764,764,get,one_____,_____457,
764,764,get,four____,_____464,
764,764,commit,,,

765,765,get,two_____,_____820,
765,765,get,zero____,_____180,
765,765,get,two_____,_____523,
765,765,get,three___,_____602,
765,765,get,three___,_____671,
765,765,get,three___,_____534,
765,765,get,zero____,_____961,
765,765,get,two_____,_____521,
765,765,commit,,,

766,766,get,four____,_____373,
766,766,get,three___,_____452,
766,766,get,zero____,_____200,
766,766,get,one_____,_____382,
766,766,get,four____,_____702,
766,766,get,zero____,_____578,
766,766,get,three___,_____104,
766,766,get,one_____,_____512,
766,766,commit,,,

767,767,get,zero____,_____336,
767,767,get,four____,_____561,
767,767,get,two_____,_____141,
767,767,get,zero____,_____952,
767,767,get,two_____,_____499,
767,767,get,four____,_____603,
767,767,get,three___,______57,
767,767,get,zero____,_____682,
767,767,get,three___,_____660,
767,767,get,three___,_____542,
767,767,get,one_____,______70,
767,767,commit,,,

768,768,get,one_____,_____444,
768,768,get,two_____,______87,
768,768,get,two_____,_____643,
768,768,get,four____,_____887,
768,768,get,zero____,_____800,
768,768,get,zero____,_____799,
768,768,get,four____,_____317,
768,768,get,three___,_____993,
768,768,commit,,,

769,769,get,two_____,_____178,
769,769,get,two_____,_____143,
769,769,get,three___,_____276,
769,769,get,two_____,_____355,
769,769,get,zero____,_____754,
769,769,get,four____,_____603,
769,769,get,three___,_____669,
769,769,get,one_____,_____132,
769,769,get,zero____,_____123,
769,769,get,four____,_____370,
769,769,get,two_____,_____226,
769,769,commit,,,

770,770,get,three___,_____993,
770,770,get,four____,_____827,
770,770,get,one_____,_____407,
770,770,get,three___,_____319,
770,770,get,one_____,_____959,
770,770,get,two_____,_____813,
770,770,get,zero____,______76,
770,770,get,three___,_____189,
770,770,get,two_____,_____869,
770,770,get,zero____,_____674,
770,770,get,two_____,_____847,
770,770,get,three___,_____483,
770,770,commit,,,

771,771,get,one_____,_____129,
771,771,get,one_____,_____645,
771,771,get,three___,_____580,
771,771,get,zero____,_____767,
771,771,get,one_____,_____891,
771,771,get,zero____,_____765,
771,771,get,one_____,_____968,
771,771,get,two_____,______98,
771,771,get,one_____,_____216,
771,771,get,two_____,_____932,
771,771,get,four____,______99,
771,771,get,zero____,_____566,
771,771,commit,,,

772,772,get,three___,_____466,
772,772,get,three___,______24,
772,772,get,two_____,_____176,
772,772,get,zero____,_____575,
772,772,get,zero____,_____517,
772,772,get,two_____,_____936,
772,772,get,one_____,_____796,
772,772,get,three___,_____438,
772,772,get,two_____,_____549,
772,772,get,zero____,______73,
772,772,get,three___,_____410,
772,772,commit,,,

773,773,get,one_____,______58,
773,773,get,two_____,______77,
773,773,get,four____,_____496,
773,773,get,three___,_____374,
773,773,get,zero____,_____205,
773,773,get,zero____,_____926,
773,773,get,three___,_____964,
773,773,get,four____,_____137,
773,773,commit,,,

774,774,get,three___,_____239,
774,774,get,four____,_____564,
774,774,get,three___,_____635,
774,774,get,four____,_____868,
774,774,get,three___,_____282,
774,774,get,one_____,_____995,
774,774,get,one_____,_____393,
774,774,get,zero____,_____306,
774,774,get,two_____,_____766,
774,774,get,four____,_____552,
774,774,commit,,,

775,775,get,zero____,_____361,
775,775,get,four____,_____899,
775,775,get,one_____,_____601,
775,775,get,three___,_____694,
775,775,get,two_____,_____589,
775,775,get,zero____,_____960,
775,775,get,two_____,_____932,
775,775,get,zero____,_____174,
775,775,get,two_____,_____549,
775,775,commit,,,

776,776,get,four____,_____338,
776,776,get,zero____,_____477,
776,776,get,three___,_____811,
776,776,get,one_____,_____945,
776,776,get,three___,_____981,
776,776,get,one_____,_____903,
776,776,get,four____,_____688,
776,776,get,zero____,_____680,
776,776,commit,,,

777,777,get,three___,_____657,
777,777,get,three___,_____107,
777,777,get,one_____,_____198,
777,777,get,four____,_____986,
777,777,get,two_____,_____821,
777,777,get,three___,_____772,
777,777,get,three___,_____506,
777,777,get,three___,_____600,
777,777,get,zero____,_____400,
777,777,get,one_____,_____709,
777,777,get,four____,_______1,
777,777,get,two_____,_____436,
777,777,commit,,,

778,778,get,one_____,_____728,
778,778,get,two_____,_____369,
778,778,get,two_____,_____813,
778,778,get,zero____,_____699,
778,778,get,three___,_____194,
778,778,get,zero____,_____909,
778,778,get,three___,_____359,
778,778,get,zero____,______73,
778,778,get,four____,_____426,
778,778,get,two_____,_____967,
778,778,get,four____,_____844,
778,778,commit,,,

779,779,get,four____,_____488,
779,779,get,two_____,_____851,
779,779,get,two_____,_____882,
779,779,get,two_____,_____650,
779,779,get,one_____,_____685,
779,779,get,four____,_____263,
779,779,get,two_____,_____428,
779,779,get,one_____,_____918,
779,779,get,zero____,_____492,
779,779,commit,,,

780,780,get,one_____,_____850,
780,780,get,zero____,______25,
780,780,get,one_____,_____733,
780,780,get,three___,_____340,
780,780,get,three___,_____763,
780,780,get,three___,_____171,
780,780,get,zero____,_____119,
780,780,get,two_____,_____156,
780,780,get,three___,_____506,
780,780,get,three___,_____984,
780,780,get,three___,_____554,
780,780,get,one_____,_____708,
780,780,commit,,,

781,781,get,zero____,_____697,
781,781,get,zero____,_____398,
781,781,get,zero____,_____754,
781,781,get,two_____,_____643,
781,781,get,zero____,______97,
781,781,get,zero____,_____680,
781,781,get,four____,_____354,
781,781,get,four____,______91,
781,781,get,zero____,_____734,
781,781,get,three___,_____974,
781,781,commit,,,

782,782,get,zero____,_____663,
782,782,get,two_____,______34,
782,782,get,one_____,_____491,
782,782,get,four____,_____225,
782,782,get,two_____,_____567,
782,782,get,three___,_____711,
782,782,get,four____,_____497,
782,782,get,four____,_____271,
782,782,get,three___,_____641,
782,782,commit,,,

783,783,get,two_____,_____973,
783,783,get,four____,_____370,
783,783,get,four____,_____526,
783,783,get,two_____,_____707,
783,783,get,three___,_____837,
783,783,get,zero____,_____767,
783,783,get,two_____,_____820,
783,783,get,two_____,_____428,
783,783,get,zero____,_____819,
783,783,get,three___,_____905,
783,783,get,zero____,_____482,
783,783,commit,,,

784,784,get,zero____,_____740,
784,784,get,one_____,_____447,
784,784,get,two_____,_____793,
784,784,get,one_____,_____179,
784,784,get,zero____,_____489,
784,784,get,one_____,_____886,
784,784,get,four____,_____904,
784,784,get,one_____,_____152,
784,784,get,two_____,_____331,
784,784,get,three___,_____359,
784,784,commit,,,

785,785,get,one_____,_____295,
785,785,get,zero____,_____175,
785,785,get,four____,_____594,
785,785,get,two_____,_____676,
785,785,get,one_____,_____717,
785,785,get,three___,______33,
785,785,get,four____,_____585,
785,785,get,four____,_____951,
785,785,get,four____,_____951,
785,785,get,one_____,_____223,
785,785,get,four____,_____109,
785,785,commit,,,

786,786,get,four____,_____423,
786,786,get,two_____,_____571,
786,786,get,three___,_____675,
786,786,get,two_____,_____190,
786,786,get,two_____,_____428,
786,786,get,zero____,_____547,
786,786,get,three___,_____542,
786,786,get,two_____,_____156,
786,786,get,three___,_____840,
786,786,get,two_____,_____178,
786,786,get,one_____,_____976,
786,786,commit,,,

787,787,get,zero____,_____830,
787,787,get,two_____,_____475,
787,787,get,four____,_____700,
787,787,get,two_____,_____126,
787,787,get,two_____,_____329,
787,787,get,four____,_____978,
787,787,get,two_____,______39,
787,787,get,three___,_____194,
787,787,get,three___,_____359,
787,787,commit,,,

788,788,get,zero____,_____595,
788,788,get,two_____,_____518,
788,788,get,one_____,_____966,
788,788,get,three___,_____168,
788,788,get,zero____,_____683,
788,788,get,three___,_____660,
788,788,get,three___,_____861,
788,788,get,three___,_____256,
788,788,get,one_____,_____371,
788,788,commit,,,

789,789,get,three___,_____189,
789,789,get,four____,_____544,
789,789,get,zero____,_____588,
789,789,get,zero____,_____547,
789,789,get,three___,_____294,
789,789,get,four____,_____748,
789,789,get,zero____,_____458,
789,789,get,one_____,_____138,
789,789,get,four____,______21,
789,789,get,three___,_____781,
789,789,commit,,,

790,790,get,one_____,_____590,
790,790,get,three___,_____913,
790,790,get,two_____,_____782,
790,790,get,one_____,_____889,
790,790,get,four____,______86,
790,790,get,three___,_____568,
790,790,get,one_____,_____321,
790,790,get,three___,_____972,
790,790,get,one_____,_____444,
790,790,commit,,,

791,791,get,four____,_____373,
791,791,get,zero____,_____920,
791,791,get,one_____,_____223,
791,791,get,two_____,_____606,
791,791,get,one_____,_____191,
791,791,get,four____,_____824,
791,791,get,three___,______85,
791,791,get,zero____,_____944,
791,791,commit,,,

792,792,get,one_____,_____762,
792,792,get,two_____,_____461,
792,792,get,four____,_____702,
792,792,get,four____,_____533,
792,792,get,one_____,_____505,
792,792,get,one_____,_____228,
792,792,get,four____,_____637,
792,792,get,one_____,_____849,
792,792,get,one_____,_____358,
792,792,get,one_____,_____112,
792,792,get,two_____,_____908,
792,792,commit,,,

793,793,get,zero____,_____195,
793,793,get,three___,_____863,
793,793,get,three___,_____275,
793,793,get,one_____,_____823,
793,793,get,two_____,_____716,
793,793,get,one_____,______53,
793,793,get,two_____,_____465,
793,793,get,two_____,_____901,
793,793,commit,,,

794,794,get,two_____,_____746,
794,794,get,three___,______69,
794,794,get,one_____,_____344,
794,794,get,three___,______52,
794,794,get,four____,_____424,
794,794,get,zero____,_____998,
794,794,get,four____,_____687,
794,794,get,zero____,_____856,
794,794,get,two_____,_____230,
794,794,get,one_____,_____666,
794,794,get,zero____,_____166,
794,794,get,one_____,_____389,
794,794,commit,,,

795,795,get,one_____,_____322,
795,795,get,zero____,_____238,
795,795,get,zero____,_____139,
795,795,get,four____,_____552,
795,795,get,three___,_____671,
795,795,get,one_____,_____447,
795,795,get,four____,_____617,
795,795,get,four____,_____844,
795,795,get,four____,_____464,
795,795,get,three___,_____776,
795,795,commit,,,

796,796,get,zero____,_____285,
796,796,get,four____,_____594,
796,796,get,zero____,_____238,
796,796,get,two_____,_____650,
796,796,get,three___,_____524,
796,796,get,four____,_____955,
796,796,get,zero____,_____898,
796,796,get,three___,_____148,
796,796,get,four____,_____221,
796,796,get,one_____,_____976,
796,796,get,two_____,_____752,
796,796,get,three___,_____101,
796,796,commit,,,

797,797,get,three___,_____744,
797,797,get,three___,_____675,
797,797,get,two_____,_____390,
797,797,get,zero____,_____406,
797,797,get,two_____,_____894,
797,797,get,one_____,_____703,
797,797,get,two_____,_____162,
797,797,get,four____,_____279,
797,797,get,zero____,_____672,
797,797,commit,,,

798,798,get,three___,_____957,
798,798,get,one_____,_____703,
798,798,get,three___,_____723,
798,798,get,two_____,_____591,
798,798,get,zero____,_____961,
798,798,get,two_____,_____408,
798,798,get,three___,_____781,
798,798,get,one_____,_____323,
798,798,get,four____,_____348,
798,798,get,three___,______74,
798,798,get,four____,_____637,
798,798,commit,,,

799,799,get,two_____,_____439,
799,799,get,three___,_____294,
799,799,get,zero____,_____258,
799,799,get,two_____,______10,
799,799,get,one_____,_____316,
799,799,get,one_____,_____968,
799,799,get,two_____,_____190,
799,799,get,two_____,_____538,
799,799,get,two_____,_____121,
799,799,get,one_____,_____678,
799,799,commit,,,

800,800,get,zero____,_____470,
800,800,get,one_____,______66,
800,800,get,two_____,_____848,
800,800,get,four____,______92,
800,800,get,three___,_____528,
800,800,get,four____,_____962,
800,800,get,two_____,_____418,
800,800,get,three___,_____284,
800,800,get,one_____,_____891,
800,800,commit,,,

801,801,get,zero____,_____952,
801,801,get,four____,_____986,
801,801,get,one_____,_____876,
801,801,get,three___,_____145,
801,801,get,four____,_____345,
801,801,get,two_____,_____433,
801,801,get,four____,_____735,
801,801,get,three___,______32,
801,801,get,one_____,_____382,
801,801,get,two_____,_____908,
801,801,get,two_____,_____963,
801,801,commit,,,

802,802,get,three___,_____914,
802,802,get,two_____,_____557,
802,802,get,three___,_____657,
802,802,get,four____,_____629,
802,802,get,three___,_____843,
802,802,get,two_____,_____622,
802,802,get,one_____,_____850,
802,802,get,four____,_____522,
802,802,get,two_____,_____538,
802,802,get,four____,_____373,
802,802,get,zero____,_____799,
802,802,get,two_____,_____698,
802,802,commit,,,

803,803,get,zero____,_____301,
803,803,get,three___,_____309,
803,803,get,two_____,_____940,
803,803,get,three___,_____106,
803,803,get,four____,_____385,
803,803,get,one_____,_____240,
803,803,get,one_____,_____774,
803,803,get,one_____,_____615,
803,803,get,zero____,_____739,
803,803,get,one_____,_____789,
803,803,get,zero____,_____628,
803,803,get,four____,_____488,
803,803,commit,,,

804,804,get,one_____,_____457,
804,804,get,four____,_____100,
804,804,get,four____,_____354,
804,804,get,three___,_____647,
804,804,get,two_____,_____304,
804,804,get,one_____,_____541,
804,804,get,one_____,_____651,
804,804,get,zero____,_____520,
804,804,get,one_____,_____999,
804,804,get,three___,_____375,
804,804,get,zero____,_____802,
804,804,commit,,,

805,805,get,three___,_____243,
805,805,get,three___,_____964,
805,805,get,zero____,_____489,
805,805,get,four____,_____356,
805,805,get,two_____,_____626,
805,805,get,four____,_____760,
805,805,get,zero____,_____620,
805,805,get,three___,_____726,
805,805,get,three___,_____346,
805,805,get,one_____,_____794,
805,805,get,three___,______74,
805,805,get,four____,_____951,
805,805,commit,,,

806,806,get,one_____,_____857,
806,806,get,four____,_____585,
806,806,get,one_____,_____918,
806,806,get,two_____,_____220,
806,806,get,zero____,_____266,
806,806,get,three___,_____994,
806,806,get,one_____,_____857,
806,806,get,two_____,_____156,
806,806,get,two_____,_____343,
806,806,get,one_____,_____297,
806,806,commit,,,

807,807,get,four____,_____354,
807,807,get,zero____,_____446,
807,807,get,four____,_____577,
807,807,get,one_____,_____292,
807,807,get,two_____,_____922,
807,807,get,one_____,_____656,
807,807,get,two_____,_____386,
807,807,get,zero____,_____366,
807,807,commit,,,

808,808,get,two_____,_____268,
808,808,get,zero____,_____114,
808,808,get,one_____,_____876,
808,808,get,four____,_____253,
808,808,get,three___,_____964,
808,808,get,one_____,_____368,
808,808,get,three___,_____852,
808,808,get,three___,_____726,
808,808,get,zero____,_____212,
808,808,get,two_____,_____199,
808,808,get,zero____,_____920,
808,808,commit,,,

809,809,get,three___,______15,
809,809,get,two_____,_____147,
809,809,get,four____,_____677,
809,809,get,one_____,_____229,
809,809,get,three___,_____602,
809,809,get,one_____,_____128,
809,809,get,one_____,_____302,
809,809,get,two_____,_____606,
809,809,get,two_____,_____538,
809,809,get,two_____,_____355,
809,809,get,four____,_____824,
809,809,get,zero____,_____118,
809,809,commit,,,

810,810,get,three___,______65,
810,810,get,three___,_____993,
810,810,get,one_____,_____733,
810,810,get,zero____,______42,
810,810,get,four____,_____338,
810,810,get,four____,_____234,
810,810,get,four____,_____577,
810,810,get,two_____,_____755,
810,810,get,four____,______21,
810,810,get,three___,_____194,
810,810,get,zero____,_____873,
810,810,get,three___,_____185,
810,810,commit,,,

811,811,get,zero____,_____937,
811,811,get,two_____,_____787,
811,811,get,one_____,_____259,
811,811,get,three___,_____235,
811,811,get,four____,_____724,
811,811,get,three___,______24,
811,811,get,zero____,_____628,
811,811,get,four____,_____971,
811,811,get,two_____,_____835,
811,811,get,one_____,_____956,
811,811,get,three___,______50,
811,811,commit,,,

812,812,get,two_____,_____821,
812,812,get,one_____,_____728,
812,812,get,three___,_____155,
812,812,get,one_____,_____231,
812,812,get,zero____,_______6,
812,812,get,two_____,_____848,
812,812,get,one_____,_____267,
812,812,get,one_____,_____959,
812,812,get,four____,______60,
812,812,commit,,,

813,813,get,three___,_____376,
813,813,get,three___,______32,
813,813,get,four____,_____868,
813,813,get,two_____,_____556,
813,813,get,three___,_____860,
813,813,get,four____,_____748,
813,813,get,one_____,_____270,
813,813,get,three___,______30,
813,813,get,three___,_____975,
813,813,get,three___,______15,
813,813,get,four____,_____531,
813,813,get,zero____,_____979,
813,813,commit,,,

814,814,get,one_____,_____183,
814,814,get,one_____,_____685,
814,814,get,two_____,_____468,
814,814,get,zero____,_____326,
814,814,get,four____,_____759,
814,814,get,three___,_____772,
814,814,get,three___,_____375,
814,814,get,zero____,_____366,
814,814,get,two_____,_____766,
814,814,commit,,,

815,815,get,one_____,______53,
815,815,get,three___,_____284,
815,815,get,two_____,_____549,
815,815,get,one_____,_____403,
815,815,get,four____,_______1,
815,815,get,three___,_____648,
815,815,get,three___,_____878,
815,815,get,three___,_____775,
815,815,get,three___,_____602,
815,815,get,one_____,_____501,
815,815,get,four____,_____370,
815,815,commit,,,

816,816,get,zero____,_____592,
816,816,get,two_____,_____418,
816,816,get,four____,_____289,
816,816,get,four____,_____808,
816,816,get,three___,_____284,
816,816,get,zero____,_____683,
816,816,get,zero____,_____308,
816,816,get,three___,_____155,
816,816,commit,,,

817,817,get,three___,_____122,
817,817,get,four____,_____597,
817,817,get,three___,_____619,
817,817,get,three___,_____532,
817,817,get,three___,_____770,
817,817,get,four____,_____911,
817,817,get,four____,_____221,
817,817,get,two_____,_____996,
817,817,get,three___,______68,
817,817,get,three___,______30,
817,817,get,two_____,_____940,
817,817,get,three___,_____282,
817,817,commit,,,

818,818,get,two_____,_____611,
818,818,get,zero____,_____454,
818,818,get,one_____,_____718,
818,818,get,three___,_____927,
818,818,get,two_____,_____626,
818,818,get,four____,_____442,
818,818,get,one_____,_____231,
818,818,get,one_____,_____393,
818,818,get,four____,______26,
818,818,get,four____,______90,
818,818,commit,,,

819,819,get,three___,_____669,
819,819,get,three___,_____494,
819,819,get,one_____,_____514,
819,819,get,three___,_____219,
819,819,get,two_____,_____705,
819,819,get,one_____,_____342,
819,819,get,one_____,_____292,
819,819,get,one_____,_____573,
819,819,get,three___,_____635,
819,819,get,four____,_____983,
819,819,commit,,,

820,820,get,one_____,_____958,
820,820,get,zero____,_____740,
820,820,get,one_____,_____456,
820,820,get,one_____,_____541,
820,820,get,zero____,_____897,
820,820,get,three___,_____837,
820,820,get,one_____,_____179,
820,820,get,one_____,_____321,
820,820,get,three___,_____753,
820,820,get,three___,______74,
820,820,commit,,,

821,821,get,one_____,_____958,
821,821,get,zero____,_____588,
821,821,get,three___,_____431,
821,821,get,three___,_____981,
821,821,get,three___,_____293,
821,821,get,three___,_____235,
821,821,get,zero____,_____476,
821,821,get,one_____,______37,
821,821,get,three___,_____825,
821,821,get,zero____,_____632,
821,821,get,two_____,_____113,
821,821,get,one_____,_____213,
821,821,commit,,,

822,822,get,two_____,_____394,
822,822,get,three___,_____189,
822,822,get,one_____,_____783,
822,822,get,zero____,_____546,
822,822,get,one_____,_____906,
822,822,get,zero____,_____209,
822,822,get,four____,_____584,
822,822,get,three___,_____462,
822,822,get,one_____,______13,
822,822,commit,,,

823,823,get,two_____,_____901,
823,823,get,zero____,_____812,
823,823,get,four____,______38,
823,823,get,two_____,_____954,
823,823,get,two_____,_____226,
823,823,get,two_____,_____165,
823,823,get,zero____,_____817,
823,823,get,two_____,_____614,
823,823,get,three___,_____284,
823,823,commit,,,

824,824,get,zero____,_____944,
824,824,get,two_____,_____518,
824,824,get,four____,_____986,
824,824,get,two_____,____1000,
824,824,get,zero____,_____520,
824,824,get,zero____,_____917,
824,824,get,four____,_____373,
824,824,get,two_____,_____755,
824,824,commit,,,

825,825,get,zero____,_____312,
825,825,get,zero____,_____952,
825,825,get,zero____,_____380,
825,825,get,three___,_____711,
825,825,get,two_____,_____676,
825,825,get,three___,_____145,
825,825,get,four____,_____246,
825,825,get,zero____,_____547,
825,825,get,zero____,______72,
825,825,get,zero____,_____142,
825,825,commit,,,

826,826,get,one_____,_____447,
826,826,get,one_____,_____450,
826,826,get,four____,_____621,
826,826,get,zero____,_____931,
826,826,get,three___,_____805,
826,826,get,three___,_____319,
826,826,get,three___,_____534,
826,826,get,two_____,______39,
826,826,get,three___,_____122,
826,826,get,two_____,_____350,
826,826,get,zero____,_____197,
826,826,get,one_____,_____103,
826,826,commit,,,

827,827,get,three___,_____282,
827,827,get,three___,_____555,
827,827,get,four____,_____338,
827,827,get,one_____,_____128,
827,827,get,one_____,_____918,
827,827,get,two_____,______87,
827,827,get,four____,______21,
827,827,get,three___,_______5,
827,827,get,one_____,_____342,
827,827,commit,,,

828,828,get,four____,_____345,
828,828,get,one_____,_____988,
828,828,get,four____,_____172,
828,828,get,three___,_____148,
828,828,get,two_____,_____608,
828,828,get,one_____,_____958,
828,828,get,three___,_____667,
828,828,get,zero____,_____758,
828,828,get,four____,______99,
828,828,get,four____,_____807,
828,828,commit,,,

829,829,get,two_____,_____901,
829,829,get,one_____,_____322,
829,829,get,two_____,____1000,
829,829,get,three___,______50,
829,829,get,four____,_____100,
829,829,get,two_____,_____936,
829,829,get,zero____,_____401,
829,829,get,one_____,_____514,
829,829,get,four____,_____558,
829,829,get,one_____,_____795,
829,829,get,four____,_____561,
829,829,commit,,,

830,830,get,two_____,_____908,
830,830,get,four____,_____237,
830,830,get,zero____,_____511,
830,830,get,one_____,_____703,
830,830,get,three___,_____825,
830,830,get,one_____,_____127,
830,830,get,two_____,_____408,
830,830,get,two_____,______35,
830,830,get,one_____,_____668,
830,830,get,one_____,_____216,
830,830,commit,,,

831,831,get,four____,_____769,
831,831,get,four____,_____289,
831,831,get,four____,_____890,
831,831,get,zero____,_____743,
831,831,get,three___,_____410,
831,831,get,one_____,_____656,
831,831,get,four____,_____779,
831,831,get,two_____,_____965,
831,831,get,one_____,_____432,
831,831,commit,,,

832,832,get,one_____,_____907,
832,832,get,four____,_____769,
832,832,get,three___,_____861,
832,832,get,three___,_____309,
832,832,get,one_____,_____108,
832,832,get,four____,_____890,
832,832,get,three___,______82,
832,832,get,three___,_____633,
832,832,commit,,,

833,833,get,four____,_____387,
833,833,get,one_____,_____341,
833,833,get,three___,_____563,
833,833,get,zero____,_____193,
833,833,get,one_____,_____875,
833,833,get,three___,______85,
833,833,get,three___,_____101,
833,833,get,two_____,_____884,
833,833,get,three___,_____293,
833,833,get,zero____,______36,
833,833,commit,,,

834,834,get,three___,_____841,
834,834,get,zero____,_____727,
834,834,get,four____,_____735,
834,834,get,three___,_____376,
834,834,get,three___,_____131,
834,834,get,zero____,_____360,
834,834,get,zero____,_____683,
834,834,get,three___,_____770,
834,834,commit,,,

835,835,get,zero____,_____388,
835,835,get,zero____,_____741,
835,835,get,three___,______79,
835,835,get,four____,_____748,
835,835,get,zero____,______93,
835,835,get,two_____,_____954,
835,835,get,four____,_____279,
835,835,get,three___,_____435,
835,835,commit,,,

836,836,get,four____,_____373,
836,836,get,two_____,_____428,
836,836,get,three___,______68,
836,836,get,two_____,_____363,
836,836,get,four____,_____327,
836,836,get,two_____,_____440,
836,836,get,zero____,_____754,
836,836,get,one_____,_____881,
836,836,commit,,,

837,837,get,zero____,_____864,
837,837,get,two_____,_____954,
837,837,get,four____,_____237,
837,837,get,three___,_____181,
837,837,get,zero____,_____895,
837,837,get,three___,_____311,
837,837,get,zero____,_____799,
837,837,get,four____,_____217,
837,837,get,one_____,_____500,
837,837,get,two_____,_____885,
837,837,get,zero____,_____151,
837,837,get,four____,_____877,
837,837,commit,,,

838,838,get,zero____,______93,
838,838,get,zero____,_____361,
838,838,get,two_____,_____773,
838,838,get,one_____,_____610,
838,838,get,three___,_____168,
838,838,get,zero____,______83,
838,838,get,four____,_____544,
838,838,get,one_____,_____725,
838,838,get,zero____,_____758,
838,838,get,zero____,______96,
838,838,commit,,,

839,839,get,zero____,_____414,
839,839,get,four____,_____827,
839,839,get,four____,______29,
839,839,get,four____,_____911,
839,839,get,one_____,_____717,
839,839,get,four____,_____387,
839,839,get,three___,_____950,
839,839,get,zero____,_____559,
839,839,get,zero____,_____920,
839,839,get,three___,_____208,
839,839,commit,,,

840,840,get,four____,_____373,
840,840,get,one_____,_____295,
840,840,get,two_____,_____439,
840,840,get,one_____,_____565,
840,840,get,one_____,_____322,
840,840,get,zero____,_____396,
840,840,get,zero____,_____949,
840,840,get,zero____,_____136,
840,840,get,four____,_____911,
840,840,commit,,,

841,841,get,zero____,_____595,
841,841,get,one_____,_____153,
841,841,get,four____,_____808,
841,841,get,one_____,_____757,
841,841,get,one_____,_____712,
841,841,get,three___,_____583,
841,841,get,three___,_____430,
841,841,get,three___,______33,
841,841,get,four____,_____519,
841,841,get,two_____,_____268,
841,841,commit,,,

842,842,get,three___,_____981,
842,842,get,one_____,_____889,
842,842,get,one_____,_____850,
842,842,get,four____,_____310,
842,842,get,four____,_____217,
842,842,get,zero____,_____579,
842,842,get,zero____,_____697,
842,842,get,two_____,_____816,
842,842,get,two_____,_____987,
842,842,commit,,,

843,843,get,two_____,_____755,
843,843,get,three___,_____852,
843,843,get,one_____,_____809,
843,843,get,one_____,_____666,
843,843,get,three___,_____811,
843,843,get,three___,_____692,
843,843,get,four____,_____659,
843,843,get,three___,_____934,
843,843,get,one_____,_____196,
843,843,get,zero____,_____741,
843,843,get,four____,_____662,
843,843,get,three___,_____798,
843,843,commit,,,

844,844,get,two_____,______67,
844,844,get,four____,______38,
844,844,get,zero____,_____265,
844,844,get,one_____,_____260,
844,844,get,three___,_____596,
844,844,get,three___,_____429,
844,844,get,two_____,_____832,
844,844,get,zero____,_____372,
844,844,get,two_____,_____922,
844,844,commit,,,

845,845,get,four____,_____866,
845,845,get,one_____,_____656,
845,845,get,one_____,_____850,
845,845,get,zero____,_____401,
845,845,get,four____,_____983,
845,845,get,four____,_____947,
845,845,get,four____,_____493,
845,845,get,one_____,_____750,
845,845,commit,,,

846,846,get,three___,______52,
846,846,get,three___,_____284,
846,846,get,zero____,_____146,
846,846,get,four____,_____385,
846,846,get,zero____,_____909,
846,846,get,two_____,_____928,
846,846,get,four____,_____971,
846,846,get,one_____,_____132,
846,846,get,four____,_____144,
846,846,get,four____,_____584,
846,846,get,zero____,_____446,
846,846,commit,,,

847,847,get,one_____,_____347,
847,847,get,four____,_____417,
847,847,get,zero____,_____829,
847,847,get,four____,_____442,
847,847,get,one_____,_____103,
847,847,get,two_____,_____591,
847,847,get,three___,_____929,
847,847,get,zero____,_____487,
847,847,commit,,,

848,848,get,three___,_____437,
848,848,get,three___,_____239,
848,848,get,three___,______33,
848,848,get,zero____,_____146,
848,848,get,four____,_____124,
848,848,get,zero____,_____764,
848,848,get,three___,_____145,
848,848,get,two_____,_____165,
848,848,get,four____,_____951,
848,848,get,three___,_____376,
848,848,get,one_____,_____959,
848,848,commit,,,

849,849,get,three___,_____772,
849,849,get,one_____,_____316,
849,849,get,four____,_____597,
849,849,get,one_____,_____459,
849,849,get,two_____,_____530,
849,849,get,zero____,_____146,
849,849,get,zero____,_____729,
849,849,get,one_____,______20,
849,849,commit,,,

850,850,get,two_____,_____485,
850,850,get,two_____,_____126,
850,850,get,three___,_____430,
850,850,get,four____,_____493,
850,850,get,one_____,_____196,
850,850,get,four____,_____702,
850,850,get,zero____,_____448,
850,850,get,four____,_____370,
850,850,commit,,,

851,851,get,two_____,_____787,
851,851,get,four____,_____348,
851,851,get,four____,_____232,
851,851,get,two_____,_____164,
851,851,get,zero____,_____175,
851,851,get,three___,_____781,
851,851,get,three___,_____618,
851,851,get,four____,_____545,
851,851,commit,,,

852,852,get,one_____,_____737,
852,852,get,one_____,_____789,
852,852,get,zero____,_____944,
852,852,get,one_____,_____737,
852,852,get,four____,_____271,
852,852,get,one_____,______13,
852,852,get,three___,_____905,
852,852,get,one_____,_____569,
852,852,get,zero____,_____215,
852,852,get,two_____,_____140,
852,852,get,one_____,_____273,
852,852,get,three___,______32,
852,852,commit,,,

853,853,get,one_____,_____313,
853,853,get,four____,______49,
853,853,get,three___,_____837,
853,853,get,one_____,_____989,
853,853,get,one_____,_____569,
853,853,get,three___,_____744,
853,853,get,one_____,_____313,
853,853,get,three___,_____781,
853,853,get,zero____,_____754,
853,853,get,three___,_____333,
853,853,get,four____,_____426,
853,853,commit,,,

854,854,get,zero____,_____520,
854,854,get,two_____,_____140,
854,854,get,zero____,______25,
854,854,get,four____,______26,
854,854,get,two_____,_____745,
854,854,get,four____,_____305,
854,854,get,four____,_____896,
854,854,get,three___,_____319,
854,854,get,three___,_____528,
854,854,get,two_____,_____433,
854,854,get,one_____,______37,
854,854,get,one_____,_____198,
854,854,commit,,,

855,855,get,zero____,_____727,
855,855,get,three___,_____131,
855,855,get,four____,_____691,
855,855,get,zero____,_____517,
855,855,get,four____,_____890,
855,855,get,one_____,_____888,
855,855,get,one_____,_____382,
855,855,get,one_____,_____240,
855,855,get,one_____,_____479,
855,855,commit,,,

856,856,get,four____,_____807,
856,856,get,four____,_____939,
856,856,get,zero____,_____739,
856,856,get,zero____,______42,
856,856,get,two_____,______10,
856,856,get,three___,_____560,
856,856,get,three___,_____753,
856,856,get,four____,_____211,
856,856,get,zero____,_____334,
856,856,commit,,,

857,857,get,three___,_____429,
857,857,get,three___,_____375,
857,857,get,four____,______94,
857,857,get,four____,_____519,
857,857,get,two_____,______16,
857,857,get,one_____,_____590,
857,857,get,three___,_____639,
857,857,get,four____,_____332,
857,857,get,two_____,_____591,
857,857,get,four____,_____184,
857,857,get,three___,______30,
857,857,commit,,,

858,858,get,one_____,_____785,
858,858,get,four____,_____919,
858,858,get,one_____,_____128,
858,858,get,four____,_____535,
858,858,get,four____,_____381,
858,858,get,one_____,_____862,
858,858,get,zero____,_____720,
858,858,get,zero____,_____487,
858,858,get,four____,_____526,
858,858,commit,,,

859,859,get,three___,_____171,
859,859,get,zero____,_____487,
859,859,get,two_____,_____821,
859,859,get,four____,_____986,
859,859,get,two_____,_____787,
859,859,get,zero____,_____598,
859,859,get,two_____,______34,
859,859,get,one_____,_____152,
859,859,get,two_____,_____742,
859,859,get,one_____,_____712,
859,859,commit,,,

860,860,get,four____,_____211,
860,860,get,three___,______27,
860,860,get,three___,_____706,
860,860,get,two_____,_____523,
860,860,get,four____,______38,
860,860,get,one_____,______89,
860,860,get,zero____,_____180,
860,860,get,two_____,______47,
860,860,commit,,,

861,861,get,three___,_____284,
861,861,get,three___,_____953,
861,861,get,one_____,_____525,
861,861,get,three___,______50,
861,861,get,four____,_____211,
861,861,get,three___,_____669,
861,861,get,three___,_____910,
861,861,get,zero____,_____476,
861,861,get,three___,_____633,
861,861,commit,,,

862,862,get,one_____,_____231,
862,862,get,three___,_____927,
862,862,get,one_____,_____569,
862,862,get,three___,_____661,
862,862,get,zero____,_____119,
862,862,get,zero____,_____312,
862,862,get,four____,_____317,
862,862,get,four____,_____154,
862,862,get,three___,______33,
862,862,get,three___,_____528,
862,862,get,two_____,_____719,
862,862,get,three___,_____938,
862,862,commit,,,

863,863,get,four____,______86,
863,863,get,zero____,______54,
863,863,get,one_____,_____421,
863,863,get,three___,_____840,
863,863,get,one_____,_____207,
863,863,get,three___,_____981,
863,863,get,zero____,_____209,
863,863,get,two_____,_____816,
863,863,get,three___,_____861,
863,863,get,four____,_____887,
863,863,commit,,,

864,864,get,one_____,_____665,
864,864,get,two_____,_____936,
864,864,get,zero____,_____215,
864,864,get,two_____,_____614,
864,864,get,four____,_____441,
864,864,get,three___,_____252,
864,864,get,two_____,______87,
864,864,get,zero____,_____812,
864,864,get,one_____,_____403,
864,864,get,two_____,_____696,
864,864,get,two_____,_____855,
864,864,commit,,,

865,865,get,four____,_____597,
865,865,get,two_____,_____821,
865,865,get,two_____,_____831,
865,865,get,three___,_____953,
865,865,get,four____,_____544,
865,865,get,one_____,_____198,
865,865,get,four____,_____877,
865,865,get,zero____,_____406,
865,865,get,four____,_____281,
865,865,get,four____,_____570,
865,865,get,three___,_____772,
865,865,commit,,,

866,866,get,zero____,_____139,
866,866,get,three___,_____239,
866,866,get,four____,_____939,
866,866,get,four____,_____916,
866,866,get,three___,_____189,
866,866,get,two_____,_____523,
866,866,get,three___,_____451,
866,866,get,three___,_____425,
866,866,get,four____,_____545,
866,866,get,three___,_____798,
866,866,commit,,,

867,867,get,zero____,_____729,
867,867,get,one_____,_____684,
867,867,get,zero____,_____969,
867,867,get,one_____,_____771,
867,867,get,four____,_____730,
867,867,get,two_____,_____230,
867,867,get,two_____,_____250,
867,867,get,two_____,_____557,
867,867,commit,,,

868,868,get,three___,_____410,
868,868,get,zero____,_____682,
868,868,get,zero____,_____731,
868,868,get,three___,_____131,
868,868,get,four____,_____759,
868,868,get,three___,_______3,
868,868,get,one_____,_____849,
868,868,get,two_____,_____233,
868,868,get,four____,_____890,
868,868,get,three___,_____346,
868,868,get,four____,_____662,
868,868,commit,,,

869,869,get,three___,_____367,
869,869,get,one_____,_____722,
869,869,get,zero____,_____360,
869,869,get,four____,_____339,
869,869,get,four____,_____659,
869,869,get,zero____,_____743,
869,869,get,four____,_____916,
869,869,get,four____,_____627,
869,869,commit,,,

870,870,get,three___,_____623,
870,870,get,two_____,_____831,
870,870,get,zero____,_____710,
870,870,get,zero____,_____306,
870,870,get,three___,_____934,
870,870,get,four____,______17,
870,870,get,one_____,_____179,
870,870,get,two_____,______47,
870,870,commit,,,

871,871,get,three___,_____106,
871,871,get,one_____,_____551,
871,871,get,zero____,_____136,
871,871,get,three___,_____275,
871,871,get,four____,_____877,
871,871,get,three___,_____563,
871,871,get,two_____,_____427,
871,871,get,one_____,_____590,
871,871,commit,,,

872,872,get,two_____,_____608,
872,872,get,four____,_____253,
872,872,get,zero____,_____204,
872,872,get,one_____,_____959,
872,872,get,one_____,_____785,
872,872,get,two_____,_____705,
872,872,get,one_____,_____337,
872,872,get,four____,_____693,
872,872,get,four____,_____585,
872,872,get,three___,_____636,
872,872,commit,,,

873,873,get,three___,_____431,
873,873,get,one_____,_____923,
873,873,get,four____,_____599,
873,873,get,three___,_____367,
873,873,get,one_____,_____505,
873,873,get,one_____,_____933,
873,873,get,two_____,_____471,
873,873,get,one_____,_____849,
873,873,commit,,,

874,874,get,one_____,_____615,
874,874,get,three___,_____466,
874,874,get,one_____,_____128,
874,874,get,zero____,_____139,
874,874,get,four____,______17,
874,874,get,four____,_____700,
874,874,get,four____,_____387,
874,874,get,two_____,_____557,
874,874,get,two_____,_____996,
874,874,get,one_____,_____479,
874,874,commit,,,

875,875,get,two_____,_____992,
875,875,get,four____,_____867,
875,875,get,two_____,_____549,
875,875,get,zero____,_____739,
875,875,get,two_____,_____126,
875,875,get,four____,______21,
875,875,get,one_____,_____703,
875,875,get,one_____,_____612,
875,875,get,one_____,_____500,
875,875,get,two_____,_____331,
875,875,get,two_____,_____440,
875,875,get,zero____,_____731,
875,875,commit,,,

876,876,get,one_____,_____999,
876,876,get,three___,_____185,
876,876,get,one_____,_____717,
876,876,get,three___,_____469,
876,876,get,two_____,_____698,
876,876,get,two_____,_____851,
876,876,get,one_____,_____344,
876,876,get,zero____,_____404,
876,876,get,four____,_____599,
876,876,get,three___,_____171,
876,876,commit,,,

877,877,get,zero____,_____575,
877,877,get,three___,_____555,
877,877,get,one_____,_____525,
877,877,get,zero____,______56,
877,877,get,one_____,_____453,
877,877,get,zero____,_____205,
877,877,get,three___,_____425,
877,877,get,two_____,_____439,
877,877,get,zero____,______54,
877,877,get,three___,_____600,
877,877,get,one_____,_____977,
877,877,commit,,,

878,878,get,three___,_____957,
878,878,get,two_____,_____214,
878,878,get,three___,_____953,
878,878,get,one_____,_____403,
878,878,get,zero____,_____765,
878,878,get,zero____,_____404,
878,878,get,four____,_____693,
878,878,get,three___,_____307,
878,878,get,zero____,______23,
878,878,commit,,,

879,879,get,four____,_______7,
879,879,get,one_____,_____292,
879,879,get,one_____,_____717,
879,879,get,four____,_____486,
879,879,get,two_____,_____756,
879,879,get,four____,_____281,
879,879,get,two_____,_____581,
879,879,get,two_____,_____475,
879,879,commit,,,

880,880,get,three___,______52,
880,880,get,three___,______81,
880,880,get,one_____,_____903,
880,880,get,four____,_____649,
880,880,get,four____,_____237,
880,880,get,four____,_____824,
880,880,get,four____,_____170,
880,880,get,two_____,_____613,
880,880,get,zero____,_____931,
880,880,get,four____,_____264,
880,880,get,four____,_____424,
880,880,commit,,,

881,881,get,zero____,_____898,
881,881,get,one_____,_____206,
881,881,get,four____,_____300,
881,881,get,one_____,_____714,
881,881,get,three___,_____568,
881,881,get,three___,_____359,
881,881,get,zero____,______36,
881,881,get,four____,_____911,
881,881,commit,,,

882,882,get,two_____,_____746,
882,882,get,three___,_____346,
882,882,get,two_____,_____928,
882,882,get,four____,_____217,
882,882,get,two_____,_____847,
882,882,get,zero____,_____990,
882,882,get,two_____,_____884,
882,882,get,four____,_____688,
882,882,get,zero____,_____384,
882,882,get,three___,_____241,
882,882,get,four____,_____844,
882,882,get,one_____,_____516,
882,882,commit,,,

883,883,get,four____,_____248,
883,883,get,four____,_____986,
883,883,get,two_____,_____707,
883,883,get,two_____,_____304,
883,883,get,zero____,_____261,
883,883,get,zero____,_____210,
883,883,get,zero____,______42,
883,883,get,one_____,_____670,
883,883,get,three___,_____805,
883,883,commit,,,

884,884,get,two_____,_____126,
884,884,get,zero____,_____209,
884,884,get,one_____,_____684,
884,884,get,one_____,_____791,
884,884,get,three___,_____346,
884,884,get,two_____,_____589,
884,884,get,four____,_____526,
884,884,get,two_____,______35,
884,884,commit,,,

885,885,get,two_____,_____626,
885,885,get,four____,_____978,
885,885,get,zero____,_____504,
885,885,get,zero____,_____334,
885,885,get,four____,_____693,
885,885,get,zero____,_____238,
885,885,get,three___,_____286,
885,885,get,one_____,_____945,
885,885,get,four____,_____246,
885,885,get,zero____,_____931,
885,885,commit,,,

886,886,get,zero____,_____278,
886,886,get,zero____,_____158,
886,886,get,two_____,_____287,
886,886,get,zero____,_____361,
886,886,get,four____,_____890,
886,886,get,three___,_____618,
886,886,get,zero____,_____467,
886,886,get,zero____,______72,
886,886,get,four____,_____868,
886,886,get,one_____,_____728,
886,886,get,three___,_____116,
886,886,commit,,,

887,887,get,four____,_____263,
887,887,get,four____,_____630,
887,887,get,two_____,_____859,
887,887,get,one_____,_____231,
887,887,get,three___,_____185,
887,887,get,three___,_____770,
887,887,get,zero____,_____578,
887,887,get,two_____,_____428,
887,887,get,zero____,_____308,
887,887,get,one_____,_____135,
887,887,get,four____,_____488,
887,887,get,four____,_____498,
887,887,commit,,,

888,888,get,four____,_____939,
888,888,get,four____,_____597,
888,888,get,one_____,_____191,
888,888,get,zero____,_____326,
888,888,get,four____,_____730,
888,888,get,zero____,_____151,
888,888,get,one_____,_____259,
888,888,get,two_____,______77,
888,888,get,four____,_____493,
888,888,get,zero____,_____404,
888,888,get,one_____,_____371,
888,888,get,one_____,_____870,
888,888,commit,,,

889,889,get,one_____,_____341,
889,889,get,three___,_____878,
889,889,get,three___,_____148,
889,889,get,one_____,_____907,
889,889,get,zero____,_____492,
889,889,get,three___,_____679,
889,889,get,three___,_____836,
889,889,get,three___,_____675,
889,889,get,one_____,_____322,
889,889,commit,,,

890,890,get,zero____,_____540,
890,890,get,zero____,_____680,
890,890,get,four____,_____617,
890,890,get,one_____,_____801,
890,890,get,zero____,_____830,
890,890,get,three___,_____349,
890,890,get,zero____,_____873,
890,890,get,four____,______29,
890,890,commit,,,

891,891,get,three___,_____860,
891,891,get,three___,_____984,
891,891,get,four____,_____700,
891,891,get,zero____,_____792,
891,891,get,four____,_____411,
891,891,get,four____,_____245,
891,891,get,two_____,_____847,
891,891,get,one_____,_______2,
891,891,commit,,,

892,892,get,zero____,_____797,
892,892,get,three___,_____943,
892,892,get,one_____,_____912,
892,892,get,three___,_____972,
892,892,get,two_____,_____766,
892,892,get,four____,_____844,
892,892,get,three___,_____483,
892,892,get,one_____,_____678,
892,892,get,two_____,_____782,
892,892,get,four____,_____411,
892,892,get,three___,_____252,
892,892,commit,,,

893,893,get,one_____,_____690,
893,893,get,three___,_______4,
893,893,get,two_____,_____392,
893,893,get,one_____,_____272,
893,893,get,zero____,_____151,
893,893,get,four____,_____935,
893,893,get,four____,_____109,
893,893,get,two_____,_____397,
893,893,get,three___,_____276,
893,893,get,three___,_____913,
893,893,commit,,,

894,894,get,three___,_____524,
894,894,get,four____,_____415,
894,894,get,zero____,_____767,
894,894,get,zero____,_____628,
894,894,get,two_____,_____468,
894,894,get,four____,_____370,
894,894,get,three___,______81,
894,894,get,two_____,_____226,
894,894,commit,,,

895,895,get,one_____,______58,
895,895,get,two_____,_____611,
895,895,get,three___,_____661,
895,895,get,zero____,_____204,
895,895,get,two_____,_____176,
895,895,get,zero____,_____210,
895,895,get,one_____,_____316,
895,895,get,four____,______92,
895,895,commit,,,

896,896,get,two_____,_____548,
896,896,get,three___,_____252,
896,896,get,three___,______46,
896,896,get,four____,_____526,
896,896,get,one_____,_____906,
896,896,get,one_____,_____249,
896,896,get,three___,_____534,
896,896,get,two_____,_____894,
896,896,get,three___,_____243,
896,896,get,one_____,_____850,
896,896,commit,,,

897,897,get,four____,_____345,
897,897,get,four____,_____919,
897,897,get,two_____,_____614,
897,897,get,two_____,_____250,
897,897,get,three___,_____104,
897,897,get,three___,_____863,
897,897,get,two_____,______77,
897,897,get,four____,_____939,
897,897,get,two_____,_____433,
897,897,get,one_____,_____358,
897,897,get,four____,_____599,
897,897,commit,,,

898,898,get,two_____,_____304,
898,898,get,four____,______21,
898,898,get,three___,_____413,
898,898,get,zero____,______62,
898,898,get,two_____,_____965,
898,898,get,two_____,_____992,
898,898,get,three___,_____671,
898,898,get,zero____,______19,
898,898,get,three___,_____451,
898,898,commit,,,

899,899,get,three___,_____122,
899,899,get,three___,_____840,
899,899,get,two_____,_____859,
899,899,get,three___,_____872,
899,899,get,zero____,_____873,
899,899,get,zero____,_____819,
899,899,get,two_____,______16,
899,899,get,one_____,_____725,
899,899,commit,,,

900,900,get,three___,_____275,
900,900,get,one_____,_____862,
900,900,get,three___,_____349,
900,900,get,one_____,_____783,
900,900,get,two_____,_____936,
900,900,get,two_____,_____224,
900,900,get,two_____,_____475,
900,900,get,zero____,_____205,
900,900,get,three___,_____805,
900,900,commit,,,

901,901,get,two_____,______47,
901,901,get,zero____,_____729,
901,901,get,three___,_____168,
901,901,get,zero____,_____517,
901,901,get,one_____,_____259,
901,901,get,one_____,_____371,
901,901,get,zero____,_____146,
901,901,get,zero____,_____312,
901,901,get,two_____,_____831,
901,901,commit,,,

902,902,get,three___,______65,
902,902,get,four____,_____441,
902,902,get,three___,_____560,
902,902,get,one_____,_____551,
902,902,get,zero____,_____754,
902,902,get,three___,_____636,
902,902,get,one_____,_____395,
902,902,get,two_____,_____433,
902,902,commit,,,

903,903,get,one_____,_____774,
903,903,get,one_____,_____337,
903,903,get,three___,_____239,
903,903,get,one_____,_____342,
903,903,get,three___,_____972,
903,903,get,four____,_____839,
903,903,get,two_____,_____156,
903,903,get,one_____,_____344,
903,903,get,zero____,_____944,
903,903,commit,,,

904,904,get,four____,_____264,
904,904,get,four____,_____305,
904,904,get,three___,_____311,
904,904,get,one_____,_____988,
904,904,get,zero____,_____482,
904,904,get,one_____,_____565,
904,904,get,three___,_____431,
904,904,get,two_____,_____859,
904,904,commit,,,

905,905,get,two_____,_____427,
905,905,get,four____,______80,
905,905,get,four____,_____662,
905,905,get,two_____,_____624,
905,905,get,zero____,_____361,
905,905,get,zero____,_____212,
905,905,get,zero____,_____200,
905,905,get,three___,_____506,
905,905,get,four____,_____498,
905,905,get,three___,_____580,
905,905,commit,,,

906,906,get,one_____,_____347,
906,906,get,three___,_____825,
906,906,get,three___,_____994,
906,906,get,two_____,_____567,
906,906,get,zero____,_____628,
906,906,get,three___,_____309,
906,906,get,two_____,_____318,
906,906,get,four____,_____649,
906,906,get,one_____,_____163,
906,906,get,one_____,_____115,
906,906,commit,,,

907,907,get,one_____,_____135,
907,907,get,four____,_____172,
907,907,get,three___,_____929,
907,907,get,one_____,_____774,
907,907,get,one_____,_____995,
907,907,get,one_____,_____291,
907,907,get,four____,______17,
907,907,get,one_____,_____923,
907,907,get,three___,_____964,
907,907,get,four____,_____409,
907,907,commit,,,

908,908,get,three___,_____133,
908,908,get,one_____,_____407,
908,908,get,four____,_____124,
908,908,get,two_____,_____192,
908,908,get,one_____,______13,
908,908,get,two_____,_____485,
908,908,get,zero____,_____448,
908,908,get,three___,_____239,
908,908,get,zero____,______76,
908,908,commit,,,

909,909,get,zero____,_____664,
909,909,get,two_____,_____523,
909,909,get,two_____,_____928,
909,909,get,three___,_____349,
909,909,get,three___,_____763,
909,909,get,one_____,_____240,
909,909,get,three___,_____837,
909,909,get,one_____,_____322,
909,909,commit,,,

910,910,get,one_____,_____708,
910,910,get,one_____,_____668,
910,910,get,two_____,_____782,
910,910,get,one_____,_____912,
910,910,get,one_____,_____565,
910,910,get,four____,______26,
910,910,get,three___,_____861,
910,910,get,four____,_____124,
910,910,commit,,,

911,911,get,three___,_____319,
911,911,get,zero____,_____559,
911,911,get,zero____,_____727,
911,911,get,four____,_____769,
911,911,get,one_____,_____179,
911,911,get,three___,_____189,
911,911,get,three___,_____379,
911,911,get,zero____,_____283,
911,911,get,two_____,_____859,
911,911,commit,,,

912,912,get,one_____,_____153,
912,912,get,two_____,_____156,
912,912,get,zero____,______96,
912,912,get,three___,______33,
912,912,get,two_____,______35,
912,912,get,zero____,_____136,
912,912,get,four____,_____356,
912,912,get,two_____,_____858,
912,912,get,three___,______24,
912,912,get,one_____,_____684,
912,912,commit,,,

913,913,get,zero____,_____511,
913,913,get,three___,_____555,
913,913,get,zero____,______63,
913,913,get,zero____,_____209,
913,913,get,three___,______30,
913,913,get,one_____,_____382,
913,913,get,four____,_____271,
913,913,get,four____,______92,
913,913,get,zero____,_____285,
913,913,get,one_____,_____789,
913,913,commit,,,

914,914,get,three___,_____563,
914,914,get,one_____,_____342,
914,914,get,one_____,_____203,
914,914,get,two_____,_____468,
914,914,get,two_____,_____773,
914,914,get,zero____,_____644,
914,914,get,three___,_____185,
914,914,get,three___,_____874,
914,914,get,four____,_____211,
914,914,commit,,,

915,915,get,two_____,_____742,
915,915,get,zero____,_____572,
915,915,get,four____,_____759,
915,915,get,one_____,_____509,
915,915,get,three___,_____639,
915,915,get,two_____,_____992,
915,915,get,zero____,_____209,
915,915,get,two_____,_____390,
915,915,get,four____,______51,
915,915,get,zero____,______19,
915,915,commit,,,

916,916,get,one_____,_____450,
916,916,get,one_____,_____780,
916,916,get,four____,______94,
916,916,get,zero____,_____674,
916,916,get,one_____,_____203,
916,916,get,three___,_____508,
916,916,get,three___,______82,
916,916,get,four____,_____971,
916,916,get,two_____,______88,
916,916,commit,,,

917,917,get,three___,_____483,
917,917,get,one_____,_____823,
917,917,get,zero____,_____731,
917,917,get,two_____,_____287,
917,917,get,two_____,_____461,
917,917,get,one_____,_____303,
917,917,get,three___,_____602,
917,917,get,one_____,_____777,
917,917,get,zero____,_____420,
917,917,commit,,,

918,918,get,two_____,_____608,
918,918,get,one_____,_____457,
918,918,get,four____,_____221,
918,918,get,zero____,_____238,
918,918,get,one_____,_____541,
918,918,get,zero____,_____205,
918,918,get,four____,_____539,
918,918,get,four____,_____217,
918,918,get,zero____,_____507,
918,918,get,one_____,_____876,
918,918,get,zero____,_____384,
918,918,commit,,,

919,919,get,two_____,_____481,
919,919,get,zero____,______78,
919,919,get,one_____,_____718,
919,919,get,four____,_____552,
919,919,get,one_____,_____138,
919,919,get,three___,_____913,
919,919,get,two_____,_____156,
919,919,get,two_____,_____928,
919,919,commit,,,

920,920,get,zero____,_____815,
920,920,get,three___,_____374,
920,920,get,zero____,_____864,
920,920,get,four____,_____779,
920,920,get,three___,_____555,
920,920,get,four____,_____833,
920,920,get,one_____,_____206,
920,920,get,four____,_____423,
920,920,get,four____,_____649,
920,920,get,four____,_____564,
920,920,commit,,,

921,921,get,four____,_____464,
921,921,get,three___,_____661,
921,921,get,two_____,_____392,
921,921,get,four____,_____345,
921,921,get,four____,_______1,
921,921,get,two_____,_____932,
921,921,get,two_____,_____474,
921,921,get,one_____,_____453,
921,921,get,one_____,_____223,
921,921,get,one_____,_____712,
921,921,commit,,,

922,922,get,three___,_____619,
922,922,get,two_____,_____143,
922,922,get,four____,_____833,
922,922,get,four____,_____232,
922,922,get,three___,_____508,
922,922,get,two_____,_____742,
922,922,get,four____,_____735,
922,922,get,two_____,_____461,
922,922,get,one_____,_____514,
922,922,get,four____,______55,
922,922,get,zero____,_____467,
922,922,get,two_____,_____751,
922,922,commit,,,

923,923,get,two_____,_____967,
923,923,get,zero____,_____258,
923,923,get,two_____,_____902,
923,923,get,three___,_____861,
923,923,get,zero____,_____721,
923,923,get,one_____,_____128,
923,923,get,two_____,_____392,
923,923,get,three___,_______3,
923,923,get,two_____,______77,
923,923,get,two_____,_____813,
923,923,get,three___,_____679,
923,923,get,one_____,_____783,
923,923,commit,,,

924,924,get,four____,_____947,
924,924,get,two_____,_____176,
924,924,get,two_____,_____176,
924,924,get,zero____,_____566,
924,924,get,zero____,_____828,
924,924,get,zero____,_____360,
924,924,get,three___,_____583,
924,924,get,two_____,______35,
924,924,get,two_____,_____922,
924,924,get,four____,_____264,
924,924,commit,,,

925,925,get,zero____,______31,
925,925,get,four____,_____576,
925,925,get,four____,_____939,
925,925,get,zero____,_____406,
925,925,get,four____,______29,
925,925,get,one_____,_____378,
925,925,get,two_____,_____954,
925,925,get,one_____,_____783,
925,925,get,four____,_____916,
925,925,get,three___,_____863,
925,925,commit,,,

926,926,get,two_____,_____756,
926,926,get,two_____,_____591,
926,926,get,zero____,_____880,
926,926,get,four____,_____137,
926,926,get,zero____,_____326,
926,926,get,four____,_____411,
926,926,get,two_____,_____222,
926,926,get,three___,_____841,
926,926,get,two_____,_____549,
926,926,get,three___,_____914,
926,926,get,two_____,_____220,
926,926,commit,,,

927,927,get,three___,_____604,
927,927,get,one_____,_____857,
927,927,get,four____,______99,
927,927,get,zero____,_____969,
927,927,get,zero____,_____720,
927,927,get,two_____,_____473,
927,927,get,zero____,_____587,
927,927,get,four____,_____497,
927,927,get,zero____,______12,
927,927,get,three___,_____445,
927,927,commit,,,

928,928,get,three___,_____235,
928,928,get,one_____,_____870,
928,928,get,three___,______46,
928,928,get,two_____,_____440,
928,928,get,zero____,_____400,
928,928,get,zero____,_____944,
928,928,get,four____,_____338,
928,928,get,zero____,_____401,
928,928,get,three___,_____814,
928,928,commit,,,

929,929,get,zero____,_____969,
929,929,get,zero____,_____628,
929,929,get,zero____,_____754,
929,929,get,two_____,_____622,
929,929,get,one_____,_____259,
929,929,get,three___,_____375,
929,929,get,four____,_____662,
929,929,get,three___,_____435,
929,929,get,zero____,_____797,
929,929,get,zero____,______83,
929,929,commit,,,

930,930,get,zero____,_____166,
930,930,get,zero____,_____114,
930,930,get,three___,_____930,
930,930,get,zero____,_____767,
930,930,get,zero____,_____492,
930,930,get,zero____,_____960,
930,930,get,one_____,_____722,
930,930,get,one_____,_____695,
930,930,get,three___,_____747,
930,930,commit,,,

931,931,get,three___,_____276,
931,931,get,zero____,_____800,
931,931,get,four____,_______1,
931,931,get,two_____,_____436,
931,931,get,one_____,_____231,
931,931,get,one_____,_____456,
931,931,get,zero____,_____734,
931,931,get,three___,_____185,
931,931,commit,,,

932,932,get,three___,_____805,
932,932,get,zero____,_____792,
932,932,get,three___,_____723,
932,932,get,four____,_____616,
932,932,get,one_____,_____330,
932,932,get,two_____,_____355,
932,932,get,zero____,_____628,
932,932,get,four____,_____577,
932,932,commit,,,

933,933,get,three___,_____723,
933,933,get,two_____,_____591,
933,933,get,four____,_____844,
933,933,get,one_____,_____670,
933,933,get,two_____,_____992,
933,933,get,one_____,_____892,
933,933,get,one_____,_____191,
933,933,get,two_____,_____521,
933,933,commit,,,

934,934,get,three___,_____860,
934,934,get,one_____,______37,
934,934,get,one_____,_____491,
934,934,get,four____,_____426,
934,934,get,two_____,_____436,
934,934,get,two_____,_____963,
934,934,get,one_____,_____444,
934,934,get,one_____,_____322,
934,934,get,three___,_____763,
934,934,commit,,,

935,935,get,two_____,_____126,
935,935,get,three___,_____781,
935,935,get,four____,_____332,
935,935,get,two_____,_____882,
935,935,get,one_____,_____771,
935,935,get,three___,_____636,
935,935,get,three___,_____602,
935,935,get,three___,_____104,
935,935,get,zero____,_____400,
935,935,get,three___,_____555,
935,935,get,one_____,_____313,
935,935,commit,,,

936,936,get,two_____,_____698,
936,936,get,four____,______55,
936,936,get,one_____,_____780,
936,936,get,two_____,_____786,
936,936,get,four____,_____942,
936,936,get,three___,_____660,
936,936,get,three___,_____633,
936,936,get,zero____,_____412,
936,936,get,two_____,_____845,
936,936,get,four____,_____603,
936,936,get,two_____,_____113,
936,936,commit,,,

937,937,get,one_____,_____956,
937,937,get,four____,_____553,
937,937,get,two_____,_____530,
937,937,get,four____,_____625,
937,937,get,zero____,_____559,
937,937,get,three___,_____640,
937,937,get,two_____,_____987,
937,937,get,four____,_____879,
937,937,commit,,,

938,938,get,four____,_____916,
938,938,get,three___,_____943,
938,938,get,four____,_____545,
938,938,get,two_____,_____614,
938,938,get,one_____,_____163,
938,938,get,one_____,_____956,
938,938,get,two_____,_____884,
938,938,get,one_____,_____393,
938,938,get,two_____,_____199,
938,938,get,four____,_____325,
938,938,commit,,,

939,939,get,zero____,______25,
939,939,get,zero____,_____209,
939,939,get,four____,_____983,
939,939,get,one_____,_____337,
939,939,get,two_____,_____214,
939,939,get,four____,_____338,
939,939,get,one_____,______13,
939,939,get,two_____,_____113,
939,939,commit,,,

940,940,get,three___,_____269,
940,940,get,two_____,______98,
940,940,get,one_____,_____120,
940,940,get,zero____,______76,
940,940,get,two_____,_____355,
940,940,get,one_____,_____344,
940,940,get,three___,_____635,
940,940,get,two_____,_____751,
940,940,get,four____,_____232,
940,940,get,zero____,_____308,
940,940,commit,,,

941,941,get,two_____,_____329,
941,941,get,zero____,_____365,
941,941,get,two_____,_____236,
941,941,get,zero____,_____856,
941,941,get,three___,_____490,
941,941,get,zero____,_____283,
941,941,get,four____,_____768,
941,941,get,one_____,_____903,
941,941,get,zero____,_____710,
941,941,commit,,,

942,942,get,zero____,______22,
942,942,get,four____,_____522,
942,942,get,zero____,_____529,
942,942,get,zero____,_____489,
942,942,get,three___,_____927,
942,942,get,three___,_____309,
942,942,get,four____,_____700,
942,942,get,four____,_____846,
942,942,get,zero____,_____118,
942,942,get,four____,_____625,
942,942,get,zero____,_____588,
942,942,commit,,,

943,943,get,four____,______41,
943,943,get,zero____,_____652,
943,943,get,four____,_____338,
943,943,get,four____,_____688,
943,943,get,two_____,_____548,
943,943,get,two_____,______67,
943,943,get,four____,_____677,
943,943,get,three___,_____284,
943,943,commit,,,

944,944,get,one_____,_____393,
944,944,get,one_____,_____777,
944,944,get,two_____,_____427,
944,944,get,four____,_____702,
944,944,get,zero____,_____969,
944,944,get,one_____,_____153,
944,944,get,zero____,_____197,
944,944,get,zero____,_____136,
944,944,get,zero____,_____893,
944,944,get,three___,______33,
944,944,commit,,,

945,945,get,one_____,_____342,
945,945,get,zero____,_____301,
945,945,get,three___,_____282,
945,945,get,three___,_____101,
945,945,get,zero____,_____810,
945,945,get,zero____,______42,
945,945,get,one_____,_____444,
945,945,get,three___,_____435,
945,945,get,four____,______26,
945,945,commit,,,

946,946,get,four____,_____896,
946,946,get,zero____,_____699,
946,946,get,three___,_____900,
946,946,get,one_____,______89,
946,946,get,zero____,_____575,
946,946,get,three___,_____462,
946,946,get,one_____,_____684,
946,946,get,three___,_____660,
946,946,get,two_____,_____831,
946,946,get,zero____,_____767,
946,946,commit,,,

947,947,get,three___,______79,
947,947,get,two_____,_____676,
947,947,get,zero____,_____575,
947,947,get,four____,_____597,
947,947,get,three___,_____508,
947,947,get,zero____,_____799,
947,947,get,one_____,_____757,
947,947,get,three___,______85,
947,947,get,three___,_____964,
947,947,get,four____,_____594,
947,947,get,three___,_____865,
947,947,commit,,,

948,948,get,three___,_____413,
948,948,get,two_____,______67,
948,948,get,three___,_____660,
948,948,get,four____,_____281,
948,948,get,zero____,_____520,
948,948,get,zero____,_____360,
948,948,get,one_____,_____956,
948,948,get,two_____,_____591,
948,948,commit,,,

949,949,get,one_____,_____959,
949,949,get,zero____,_____663,
949,949,get,zero____,_____470,
949,949,get,zero____,_____871,
949,949,get,three___,_____413,
949,949,get,four____,______80,
949,949,get,four____,_____493,
949,949,get,two_____,_____190,
949,949,get,zero____,_____979,
949,949,get,one_____,_____103,
949,949,get,two_____,_____745,
949,949,get,two_____,_____113,
949,949,commit,,,

950,950,get,one_____,_____968,
950,950,get,one_____,_____714,
950,950,get,three___,_______3,
950,950,get,one_____,_____216,
950,950,get,one_____,_____771,
950,950,get,four____,_____289,
950,950,get,four____,_____253,
950,950,get,zero____,_____467,
950,950,get,four____,_____946,
950,950,commit,,,

951,951,get,four____,_____519,
951,951,get,one_____,_____342,
951,951,get,one_____,_____651,
951,951,get,two_____,_____591,
951,951,get,three___,______40,
951,951,get,three___,_____359,
951,951,get,zero____,_____288,
951,951,get,zero____,_____819,
951,951,get,two_____,_____858,
951,951,get,three___,_____803,
951,951,commit,,,

952,952,get,zero____,_____312,
952,952,get,two_____,_____732,
952,952,get,one_____,_____198,
952,952,get,three___,_____596,
952,952,get,four____,______21,
952,952,get,one_____,_____658,
952,952,get,four____,_____693,
952,952,get,three___,_____993,
952,952,get,one_____,_____127,
952,952,get,one_____,_____717,
952,952,get,two_____,_____987,
952,952,commit,,,

953,953,get,zero____,_____699,
953,953,get,four____,_____545,
953,953,get,two_____,_____696,
953,953,get,two_____,______47,
953,953,get,one_____,_____656,
953,953,get,two_____,_____254,
953,953,get,zero____,______73,
953,953,get,one_____,_____907,
953,953,get,three___,_____770,
953,953,get,three___,_____596,
953,953,get,two_____,______16,
953,953,commit,,,

954,954,get,four____,______51,
954,954,get,three___,_____930,
954,954,get,three___,_____284,
954,954,get,three___,_______4,
954,954,get,four____,_____130,
954,954,get,zero____,_____592,
954,954,get,three___,_____374,
954,954,get,one_____,_____718,
954,954,get,one_____,_____108,
954,954,get,three___,_____840,
954,954,get,three___,_____653,
954,954,commit,,,

955,955,get,one_____,_____149,
955,955,get,one_____,_____876,
955,955,get,three___,_____669,
955,955,get,two_____,_____222,
955,955,get,zero____,_____765,
955,955,get,three___,_____419,
955,955,get,one_____,_____525,
955,955,get,three___,_____878,
955,955,commit,,,

956,956,get,zero____,_____352,
956,956,get,three___,_____840,
956,956,get,two_____,_____201,
956,956,get,two_____,_____643,
956,956,get,two_____,_____847,
956,956,get,four____,_____838,
956,956,get,one_____,_____455,
956,956,get,one_____,_____152,
956,956,get,zero____,______56,
956,956,get,four____,_____603,
956,956,get,zero____,_____588,
956,956,get,one_____,_____537,
956,956,commit,,,

957,957,get,three___,_____633,
957,957,get,three___,_____150,
957,957,get,zero____,_____308,
957,957,get,one_____,_____152,
957,957,get,one_____,_____777,
957,957,get,three___,_____655,
957,957,get,three___,_____715,
957,957,get,zero____,_____920,
957,957,get,four____,_____498,
957,957,get,two_____,_____761,
957,957,get,four____,_____702,
957,957,get,zero____,_____470,
957,957,commit,,,

958,958,get,zero____,_____261,
958,958,get,one_____,_____513,
958,958,get,four____,_____464,
958,958,get,two_____,_____859,
958,958,get,zero____,_____699,
958,958,get,two_____,_____732,
958,958,get,zero____,______62,
958,958,get,three___,_____639,
958,958,get,zero____,_____952,
958,958,get,three___,_____256,
958,958,get,zero____,_____663,
958,958,get,zero____,_____740,
958,958,commit,,,

959,959,get,one_____,_____999,
959,959,get,two_____,_____418,
959,959,get,two_____,_____831,
959,959,get,zero____,______97,
959,959,get,one_____,_______2,
959,959,get,four____,______94,
959,959,get,two_____,_____902,
959,959,get,three___,_____836,
959,959,get,one_____,_____391,
959,959,commit,,,

960,960,get,three___,_____803,
960,960,get,one_____,_____459,
960,960,get,three___,______79,
960,960,get,two_____,_____499,
960,960,get,three___,_____878,
960,960,get,zero____,______25,
960,960,get,two_____,_____608,
960,960,get,three___,_____435,
960,960,get,zero____,_____205,
960,960,get,zero____,_____710,
960,960,get,zero____,_____266,
960,960,commit,,,

961,961,get,zero____,_____326,
961,961,get,three___,_____913,
961,961,get,two_____,_____121,
961,961,get,three___,_____462,
961,961,get,one_____,_____298,
961,961,get,two_____,_____705,
961,961,get,one_____,_____881,
961,961,get,zero____,_____810,
961,961,get,one_____,______43,
961,961,get,four____,_____887,
961,961,get,zero____,_____460,
961,961,get,two_____,_____331,
961,961,commit,,,

962,962,get,two_____,_____318,
962,962,get,zero____,_____697,
962,962,get,zero____,_____365,
962,962,get,three___,_____837,
962,962,get,zero____,_____682,
962,962,get,zero____,_____470,
962,962,get,one_____,_____733,
962,962,get,one_____,_____703,
962,962,get,one_____,_____347,
962,962,commit,,,

963,963,get,two_____,_____755,
963,963,get,zero____,______59,
963,963,get,two_____,_____187,
963,963,get,zero____,______62,
963,963,get,zero____,_____575,
963,963,get,four____,_____253,
963,963,get,four____,______60,
963,963,get,four____,_____232,
963,963,commit,,,

964,964,get,one_____,_____503,
964,964,get,zero____,_____529,
964,964,get,zero____,______45,
964,964,get,two_____,_____518,
964,964,get,three___,_____872,
964,964,get,two_____,_____518,
964,964,get,zero____,_____420,
964,964,get,three___,______27,
964,964,commit,,,

965,965,get,two_____,_____140,
965,965,get,three___,_____980,
965,965,get,two_____,_____614,
965,965,get,four____,_____218,
965,965,get,three___,_____803,
965,965,get,three___,_____276,
965,965,get,three___,______15,
965,965,get,one_____,_____516,
965,965,get,four____,_____357,
965,965,commit,,,

966,966,get,three___,_____284,
966,966,get,three___,_____563,
966,966,get,four____,_____232,
966,966,get,four____,_____818,
966,966,get,four____,______51,
966,966,get,three___,_____747,
966,966,get,three___,______85,
966,966,get,one_____,_____678,
966,966,get,three___,_____286,
966,966,get,zero____,_____815,
966,966,get,four____,_____724,
966,966,get,three___,_____840,
966,966,commit,,,

967,967,get,four____,______61,
967,967,get,zero____,______56,
967,967,get,one_____,_____956,
967,967,get,one_____,_____823,
967,967,get,zero____,_____529,
967,967,get,two_____,_____113,
967,967,get,four____,_____154,
967,967,get,one_____,_____796,
967,967,get,zero____,_____710,
967,967,get,zero____,_____941,
967,967,commit,,,

968,968,get,three___,______68,
968,968,get,three___,_____638,
968,968,get,one_____,_____202,
968,968,get,three___,_____116,
968,968,get,two_____,_____392,
968,968,get,three___,_____975,
968,968,get,zero____,_______6,
968,968,get,zero____,_____278,
968,968,get,one_____,_____179,
968,968,get,zero____,_____873,
968,968,get,one_____,_____685,
968,968,get,three___,______79,
968,968,commit,,,

969,969,get,one_____,_____125,
969,969,get,zero____,_____961,
969,969,get,two_____,_____813,
969,969,get,four____,_____221,
969,969,get,one_____,_____728,
969,969,get,two_____,_____499,
969,969,get,two_____,______98,
969,969,get,one_____,_____988,
969,969,get,zero____,_____765,
969,969,get,zero____,_____572,
969,969,commit,,,

970,970,get,four____,_____621,
970,970,get,zero____,_____401,
970,970,get,two_____,_____214,
970,970,get,zero____,_____799,
970,970,get,four____,_____827,
970,970,get,four____,_____124,
970,970,get,three___,_____994,
970,970,get,one_____,_____658,
970,970,get,two_____,_____707,
970,970,get,one_____,_____321,
970,970,commit,,,

971,971,get,two_____,_____481,
971,971,get,two_____,_____236,
971,971,get,one_____,_____272,
971,971,get,two_____,_____499,
971,971,get,zero____,_____582,
971,971,get,four____,_____597,
971,971,get,two_____,_____178,
971,971,get,three___,_____675,
971,971,get,two_____,_____858,
971,971,commit,,,

972,972,get,two_____,_____335,
972,972,get,four____,_____822,
972,972,get,two_____,_____314,
972,972,get,zero____,_____961,
972,972,get,four____,_____768,
972,972,get,three___,_____150,
972,972,get,two_____,_____869,
972,972,get,one_____,_____809,
972,972,get,four____,_____357,
972,972,get,zero____,_____578,
972,972,get,three___,_______5,
972,972,commit,,,

973,973,get,zero____,_____941,
973,973,get,two_____,_____707,
973,973,get,three___,_____243,
973,973,get,zero____,_____517,
973,973,get,four____,_____759,
973,973,get,zero____,_____420,
973,973,get,three___,______15,
973,973,get,four____,_____748,
973,973,get,four____,_____724,
973,973,commit,,,

974,974,get,three___,_____431,
974,974,get,three___,_____744,
974,974,get,two_____,_____884,
974,974,get,zero____,_____476,
974,974,get,one_____,_____272,
974,974,get,four____,_____211,
974,974,get,four____,_____325,
974,974,get,four____,_____570,
974,974,get,zero____,_____458,
974,974,get,three___,_____694,
974,974,get,zero____,_____288,
974,974,commit,,,

975,975,get,three___,_____515,
975,975,get,three___,_____770,
975,975,get,zero____,_____495,
975,975,get,three___,_____148,
975,975,get,three___,_____445,
975,975,get,zero____,______63,
975,975,get,zero____,_____909,
975,975,get,zero____,_____961,
975,975,commit,,,

976,976,get,two_____,_____908,
976,976,get,one_____,_____976,
976,976,get,two_____,_____752,
976,976,get,one_____,_____801,
976,976,get,four____,_____962,
976,976,get,one_____,_____402,
976,976,get,one_____,_____251,
976,976,get,zero____,_____880,
976,976,get,zero____,_____578,
976,976,get,zero____,_____258,
976,976,get,zero____,_______8,
976,976,get,three___,______46,
976,976,commit,,,

977,977,get,zero____,_____944,
977,977,get,four____,_____846,
977,977,get,zero____,_____336,
977,977,get,three___,_____715,
977,977,get,two_____,_____386,
977,977,get,four____,_____424,
977,977,get,zero____,_____320,
977,977,get,three___,_____319,
977,977,get,two_____,_____471,
977,977,get,three___,_____775,
977,977,commit,,,

978,978,get,three___,_____554,
978,978,get,two_____,_____752,
978,978,get,two_____,_____928,
978,978,get,zero____,_____361,
978,978,get,four____,_____804,
978,978,get,two_____,_____335,
978,978,get,one_____,_____610,
978,978,get,three___,_____861,
978,978,get,zero____,_____467,
978,978,get,three___,_____419,
978,978,commit,,,

979,979,get,three___,_____633,
979,979,get,four____,_____877,
979,979,get,four____,______41,
979,979,get,one_____,_____857,
979,979,get,three___,_____181,
979,979,get,one_____,_____976,
979,979,get,one_____,_____444,
979,979,get,three___,_____878,
979,979,commit,,,

980,980,get,three___,_______4,
980,980,get,three___,_____133,
980,980,get,three___,_____116,
980,980,get,two_____,_____397,
980,980,get,zero____,_____529,
980,980,get,zero____,_____197,
980,980,get,three___,_____778,
980,980,get,two_____,_____250,
980,980,get,one_____,_____762,
980,980,get,two_____,_____922,
980,980,get,three___,______50,
980,980,commit,,,

981,981,get,four____,_____281,
981,981,get,zero____,_____406,
981,981,get,zero____,_____797,
981,981,get,two_____,_____314,
981,981,get,zero____,_____495,
981,981,get,four____,______80,
981,981,get,zero____,______19,
981,981,get,three___,_____863,
981,981,get,one_____,______58,
981,981,get,three___,_____825,
981,981,get,zero____,_____828,
981,981,commit,,,

982,982,get,zero____,_____296,
982,982,get,zero____,______22,
982,982,get,two_____,_____556,
982,982,get,two_____,_____589,
982,982,get,three___,_____319,
982,982,get,two_____,_____427,
982,982,get,one_____,_____574,
982,982,get,one_____,_____291,
982,982,get,three___,______40,
982,982,get,four____,_____493,
982,982,commit,,,

983,983,get,three___,_____600,
983,983,get,three___,_____706,
983,983,get,zero____,_____765,
983,983,get,three___,_____155,
983,983,get,three___,_______4,
983,983,get,three___,_____311,
983,983,get,two_____,_____156,
983,983,get,one_____,_____272,
983,983,get,two_____,_____752,
983,983,get,zero____,_____754,
983,983,get,two_____,_____967,
983,983,get,two_____,______16,
983,983,commit,,,

984,984,get,three___,_____208,
984,984,get,three___,_____148,
984,984,get,three___,_____607,
984,984,get,three___,_____692,
984,984,get,four____,_____464,
984,984,get,two_____,_____474,
984,984,get,two_____,_____538,
984,984,get,zero____,_____944,
984,984,get,three___,_____438,
984,984,get,two_____,_____465,
984,984,get,three___,_____878,
984,984,get,four____,_____978,
984,984,commit,,,

985,985,get,two_____,_____199,
985,985,get,three___,_____653,
985,985,get,zero____,_____799,
985,985,get,three___,_____905,
985,985,get,four____,_____951,
985,985,get,two_____,______34,
985,985,get,zero____,_____546,
985,985,get,zero____,_____380,
985,985,get,zero____,_____741,
985,985,commit,,,

986,986,get,three___,_____964,
986,986,get,one_____,_____791,
986,986,get,three___,_____913,
986,986,get,two_____,_____165,
986,986,get,four____,_____280,
986,986,get,zero____,_____238,
986,986,get,zero____,_____740,
986,986,get,one_____,_____500,
986,986,commit,,,

987,987,get,four____,_____356,
987,987,get,zero____,_____800,
987,987,get,four____,_____424,
987,987,get,three___,_____636,
987,987,get,three___,_____340,
987,987,get,one_____,_____923,
987,987,get,two_____,_____713,
987,987,get,zero____,_____697,
987,987,get,two_____,_____745,
987,987,commit,,,

988,988,get,three___,_____878,
988,988,get,four____,_____896,
988,988,get,four____,_____899,
988,988,get,four____,_____769,
988,988,get,three___,_____806,
988,988,get,two_____,_____992,
988,988,get,one_____,_____206,
988,988,get,zero____,_____895,
988,988,commit,,,

989,989,get,one_____,_____645,
989,989,get,one_____,_____302,
989,989,get,one_____,_____416,
989,989,get,one_____,_____358,
989,989,get,one_____,_____153,
989,989,get,one_____,______58,
989,989,get,zero____,_____871,
989,989,get,zero____,_____800,
989,989,get,two_____,_____820,
989,989,commit,,,

990,990,get,two_____,_____178,
990,990,get,four____,______17,
990,990,get,zero____,_____320,
990,990,get,one_____,_____157,
990,990,get,four____,_____808,
990,990,get,three___,_____747,
990,990,get,two_____,______84,
990,990,get,three___,_____194,
990,990,get,three___,_____438,
990,990,commit,,,

991,991,get,one_____,_____393,
991,991,get,one_____,_____138,
991,991,get,three___,_____169,
991,991,get,four____,_____822,
991,991,get,three___,_____307,
991,991,get,zero____,______76,
991,991,get,zero____,______63,
991,991,get,one_____,______48,
991,991,get,four____,_____808,
991,991,get,two_____,_____821,
991,991,commit,,,

992,992,get,zero____,_____941,
992,992,get,zero____,_____720,
992,992,get,three___,_____770,
992,992,get,zero____,_______8,
992,992,get,four____,_____700,
992,992,get,one_____,_____102,
992,992,get,zero____,_____883,
992,992,get,two_____,_____571,
992,992,get,one_____,_____112,
992,992,get,zero____,_____941,
992,992,commit,,,

993,993,get,two_____,_____199,
993,993,get,two_____,_____140,
993,993,get,two_____,_____254,
993,993,get,three___,_____980,
993,993,get,one_____,_____196,
993,993,get,four____,_____464,
993,993,get,one_____,_____453,
993,993,get,two_____,_____885,
993,993,get,two_____,_____622,
993,993,get,four____,_____637,
993,993,get,zero____,_____721,
993,993,get,zero____,______78,
993,993,commit,,,

994,994,get,zero____,______22,
994,994,get,three___,_____964,
994,994,get,three___,_____657,
994,994,get,one_____,_____651,
994,994,get,four____,_____271,
994,994,get,three___,_____980,
994,994,get,three___,_____619,
994,994,get,four____,_____844,
994,994,get,three___,_____293,
994,994,get,three___,_____528,
994,994,get,one_____,_____736,
994,994,get,one_____,_____206,
994,994,commit,,,

995,995,get,four____,_____124,
995,995,get,zero____,______54,
995,995,get,one_____,_____389,
995,995,get,one_____,_____102,
995,995,get,zero____,_______6,
995,995,get,three___,______32,
995,995,get,three___,_____243,
995,995,get,one_____,_____601,
995,995,get,one_____,______13,
995,995,get,one_____,_____163,
995,995,get,zero____,_____765,
995,995,commit,,,

996,996,get,two_____,_____745,
996,996,get,three___,_____269,
996,996,get,three___,_____555,
996,996,get,two_____,_____705,
996,996,get,zero____,_____921,
996,996,get,three___,_____515,
996,996,get,one_____,_____378,
996,996,get,two_____,_____793,
996,996,get,one_____,_____382,
996,996,get,zero____,______54,
996,996,get,zero____,_____470,
996,996,commit,,,

997,997,get,three___,_____462,
997,997,get,two_____,_____987,
997,997,get,two_____,_____147,
997,997,get,one_____,_____656,
997,997,get,one_____,_____316,
997,997,get,one_____,_____903,
997,997,get,three___,______33,
997,997,get,one_____,_____870,
997,997,get,zero____,_____261,
997,997,get,four____,_____356,
997,997,get,three___,_____445,
997,997,commit,,,

998,998,get,four____,_____263,
998,998,get,three___,_____122,
998,998,get,two_____,_____773,
998,998,get,four____,_____760,
998,998,get,three___,_____429,
998,998,get,three___,_____775,
998,998,get,three___,______69,
998,998,get,one_____,______66,
998,998,get,one_____,_____447,
998,998,commit,,,

999,999,get,two_____,______34,
999,999,get,three___,_____985,
999,999,get,four____,_____702,
999,999,get,two_____,_____199,
999,999,get,zero____,_____361,
999,999,get,two_____,______98,
999,999,get,two_____,_____214,
999,999,get,zero____,_____467,
999,999,get,two_____,_____948,
999,999,commit,,,

1000,1000,get,zero____,_____175,
1000,1000,get,two_____,_____162,
1000,1000,get,three___,_____776,
1000,1000,get,one_____,_____344,
1000,1000,get,three___,_____107,
1000,1000,get,zero____,_____504,
1000,1000,get,one_____,_____610,
1000,1000,get,two_____,_____557,
1000,1000,get,four____,_____868,
1000,1000,get,zero____,______78,
1000,1000,commit,,,

