15,15,get,two_____,_____304,
603,603,insert,one_____,____4034,2Vbwct2jN2EI3ZCWJH3ajcFqGMgslanjl99dAJ3He8xxi
749,749,insert,one_____,____4748,ZL0P7mjVVNPnEx1lPy1SxbkAh2QYmCDA3WQwi8sR6KcfkMYYGVU8NgN5EMQ
541,541,get,three___,_____413,
993,993,insert,one_____,____5931,58EkXag1SwM1ypH927Ues0tCRIbg8MwFkuFla5QMHKdGGo3Ifql7ZnmCX2grW
807,807,insert,one_____,____5038,rx8zI3Wyd79Do4K7yUKIYSBel4Jp2DuFCDSpJUEfqjC
7,7,get,one_____,_____183,
731,731,insert,four____,____4668,lWSkxfkLzzjwDjT9CMc6sgZsjkoPfjP7tLEj4vV3nf58hRlgMtR1GxS
407,407,insert,four____,____3041,Fs5IxE7Wtekv0xp9YxufBlgPkxJmcFTy9Efq2AKAU63IT
30,30,get,three___,_____431,
272,272,insert,two_____,____2340,T4YZ7yFqvPSEJBBOCuSQNccSg5d2lIL7bfGqDIiAr39gIZwCUAGW6dD5XbBnG
997,997,insert,zero____,____5946,sS1wQZXPgwQS4vYSovwqZRK3D7j74QA4M
832,832,insert,four____,____5160,pApoALFHL0kTlBJr4zDd6QtSFYGzxRvaZbEukpFes2FMnwzR617
722,722,insert,one_____,____4630,EOtY9IZpnI7JGQHqJIA3iZhRKWZ1M3aUZSznkF00qOxfubh42BVGSxS55mSZ6p
103,103,get,one_____,_____134,
503,503,insert,zero____,____3517,tKJ4ZYfiN3PKrHSFTDarp54E2m5CiRCS5hmQF41ps
194,194,insert,four____,____1958,frh8n37NmNurh8xTvwAfhTMqiCYOILE85m2efIPPuwrzu
797,797,insert,one_____,____4985,RjwjsibjBm9crTUy442j5UZIPiFWg9Dtq43Iv2WvVTxoe7Quydi45U
281,281,insert,zero____,____2394,0xOy7K8un1gpVRcA2uTXajSUB7wxN4r2
44,44,get,three___,_____379,
946,946,insert,one_____,____5698,NJRsUBdbq7CbFwYpOh1qbjVYtVpC50H4HsAoOriRswLIorZG2Nuhba0hV1kFxqE
581,581,insert,four____,____3927,FstTbA7Cjdp0r9VuXwMSqkibcrqBK7IrgHGRp7AJxJo5bzU5Zzwkz8v8ojtFUV
971,971,insert,three___,____5830,E7VtJjm28KwuniD9VngxxXhvUZjhnyj7VGlYwKp
728,728,insert,two_____,____4655,rwVCnpCUA0Dc9uhvd15XhwC06VNlDz0PVRzsQtWm1rp9rjASQOzgkSdMuf
132,132,insert,four____,____1628,LHO1IfINbHJqfD4BGuLbzkzVZNscdm39PtGMMrWU1LoeKQxYXRytfYn55Fk
37,37,insert,one_____,____1191,A5qOBHOKg8nnoRwd6OMQP81WK6Q74UmJ5iyPIvu
751,751,insert,zero____,____4755,GMunkeHVa69C6pR2gRS3qKo588MY8DW90WnoVJvvZV
960,960,insert,zero____,____5774,kQGYrPAtYZD1Tsdeibw0Vc3wtmsHDOrlPjxNuSguNPn
667,667,insert,two_____,____4356,dLDMykhdC7IotWwtcb0919Adsw58LSWyUltN3HTZzr0YnGhoijtaFE
735,735,insert,one_____,____4689,qbZ45RdNrrbkoWjmWfYJy1OqCF9hZKZHzMnAaAUgV725oUlz9
814,814,insert,zero____,____5070,YxJIIkKye6PWgjfUVgWp6qT6RFLSA2ZVjb4FtZt5ejaM
311,311,insert,four____,____2551,DeHSt14yC3RxSnPQgAfO9kys9GChppTBO8N
825,825,insert,zero____,____5127,WsEvdFpIi87dn8MXgZQKIgu72byp7B7N91AJkR8GaLe71Lz88lL
506,506,insert,one_____,____3530,lWPUQXhJJb2OhxcHhmuwscjnGaJO1DgI1ILAw7TJLx9k
512,512,insert,one_____,____3559,VZOcT1JS3QyV1upMM0wzlaB9g3YYDVhOl5qFqI7APw7ec7P4g0hI6xVPZe7zcu
234,234,get,four____,_____263,
121,121,insert,two_____,____1579,jXrtdFVINGC9Z2UqeJCKBOchG3Vv0vkH6oOmpcTIGZEil
133,133,insert,three___,____1633,tCFIlsP1FpiYCqefOn5ZgmNiSFOfiQq0c8PqR2jqZp5mctshLqgbQgW
170,170,insert,one_____,____1825,kdiJOkOJtGwbwycGhO1O4763YYjn20db4YYS8RiFPODZOIF2fWkeyin9fRFJ
79,79,get,zero____,_____979,
392,392,insert,zero____,____2966,2UHmRpCHCqIwzOLtKOPoTcYbT6azXopD5eQpnS71NgoEjJw2IkPFs4mZ
393,393,get,two_____,_____869,
178,178,get,three___,_____294,
118,118,insert,four____,____1560,gR74LAgY290rRFH9wDSuTjkz9Cn2C8xmsH0vQlyyXa9cquM
798,798,insert,three___,____4993,0i3sg8o5B966pcR5JpLMqQMuLAc4SRztmbjjfRlPAUtOkh6o73YIxNX9LsG
299,299,insert,zero____,____2501,2VlAh89Zqg907VYUAh8KdjAHI45MPGB8c1FqAxoCojA
35,35,get,four____,_____184,
1,1,insert,zero____,____1001,uV8a74pW5hYyQot3ibEazAMD13AHqkvYOLpfhMWtLdnaSdmzo9EFcwVrpY
183,183,insert,four____,____1900,6EaWeypykoARTscyTQjERUOOH4uaEivQ2PlhdvTwXv4QIXCsHXoM9eW
817,817,insert,one_____,____5086,EqBioD6wnGb41iSIx97GW2TWLNLTcmGm2KwYiJi7xwY
13,13,insert,four____,____1065,1sktEozoNX0By4zpDot9AYJ9I4L5L0DX1zoCtbzvQqd
95,95,get,three___,______50,
374,374,insert,four____,____2881,q26lsW32MTq6q1pVkceyF29sz3ik9wFZt2KiNTKtZhCXwmkwPRAQYdcDuRrgWuq
162,162,insert,two_____,____1787,TtmRsSY3HqnYd6QYdfxfYagzLreMzzKvoduNWLtPZKSxYyIQW3u0yPkyor
356,356,insert,one_____,____2782,fZNJMXD7ESy9DTNkCR0V4Ra5ws4hoUNeRm5B
872,872,get,one_____,_____103,
747,747,insert,two_____,____4740,s4xkuIpTDBT5CfE8onbpMHjgVMTfTzFIlfzxbWe8E
874,874,insert,two_____,____5344,RWwfRfM6hX8jYjWNglhcz6lwmEpKq8j21hC9k1Mvs
218,218,insert,two_____,____2077,fzm5w3omIwplPHQyPpK0L6u0GnEsq7H5QahX6Me4nFsSFbP5uE70H9cXNN7SOZ1
612,612,insert,one_____,____4084,yhfThv36sZ3VcwA0SPJFxXxzxhYsogMj
976,976,insert,two_____,____5852,SukWbM0kPRK5TU7dJ1k1aVu5qlFD1fnKxlpfmpbzhiKBxbM1TzEkeB
201,201,insert,one_____,____1993,7qw7hWtOZaYxXqOX4Qk8jfRmTjI6lybK2TPhm
811,811,insert,two_____,____5058,W62q7PzhBjUbSX9AUUSMYZiinYOGoBlTspznlC
669,669,insert,four____,____4365,T67XPwdGK00SlOhTJkDhhKWejaDNrg6pPBmRHqAug4lbJL7motZE7oSYyjeF6F
770,770,insert,zero____,____4856,DDvTbST6xxFqoBwtjT5Rew6Uz5W2jdWnvWww9AZLgd52g9aTCui
346,346,insert,four____,____2730,etBi2EvYzv685wEHFccC44e6WfBjfodaQMiNGqmETfpGBByJ
844,844,insert,two_____,____5214,OJspdqLYTgHjQHNwvan9IoUR4iBVHtpDvjv3kfYD0Oi7CMbmgR
285,285,insert,three___,____2415,2aY8xg0jNz0ztOdwEwoI38oknxEaoLkaKgQ3m1isss75Zgw
437,437,insert,two_____,____3196,3u2juQsCQaDuYAtmpLtIPGdpuakppeNQre
239,239,insert,three___,____2179,GBsrr49QgiATWwIqNGuzPsuEycVos9nHnwHB2NenKhlt1
25,25,insert,three___,____1131,58Koi1LvHp6u7IMYEmpQYcamDSLI3HcrE3GaWtNdnGqnVXMftpuGYxkH
814,814,insert,two_____,____5071,MIj0CYxJB3f92RYfP58fRnHZftXcUKa0yD6jHygXko1cgy97GJFw
116,116,insert,zero____,____1552,tQxdRIOpCTK7UJS1nxcHutgoS55s6Gsd8
154,154,insert,zero____,____1745,sljDXPrucViO7t6uT4DJpwQXpt8jBqHyt5pJ8q3xRdttpeUPaT1qwMt7zf
959,959,insert,two_____,____5770,Ezlbv5PvoUc4VHnqOHcntf5DzynMXQlMEcF
131,131,get,one_____,_____102,
8,8,get,two_____,_____756,
516,516,insert,one_____,____3581,6OyJ93fFQ6FByFQBSFRtB9xhIA9cZaT0l
78,78,get,two_____,_____287,
745,745,insert,zero____,____4734,6RxB05JuoFhytnp5U8mgnCdXZT1U1mvqgQL
986,986,insert,three___,____5897,E2onECvQhVrUsclaAgpU5aSiLiKuPROuKk4hgGGtOo8v
543,543,insert,two_____,____3732,rKXc6bMORIgBeg9NZpwAaxgLu7q1s5ENr8kFHHSAeUMZJi
623,623,insert,three___,____4148,nqxPuKH8fL1xMy3E5mVVtvhQKETjjqRWD1nzPyHdZj8linPRtNBzl0cSrm
789,789,insert,one_____,____4944,DGUT1TTitGX0G4qfTDlU5gRfgr7XXpW8aVjdiZGhEVuipjAG37C8haZT14
791,791,insert,four____,____4957,YTuToEX92kcAB8sFZL19LSZQtqkFoexO6UAwhdRXeWDmQlf51HnETO
60,60,insert,three___,____1306,YRxQGcJK5zdV8GS3doSWiIryMhIfjBTgM7qYPnZm8fI4U9njTJ
462,462,insert,four____,____3331,VxM4h4WYjPiGkqBoVGz10dB4u5P3HHnr
922,922,insert,two_____,____5572,j6pzNJqwj2EOr91foxd7IvnRRIRYoNbg
31,31,insert,three___,____1162,vGg68m6Spr3m1SxyeCEG4P7CwosnM2bikzLDU
97,97,insert,one_____,____1467,ib2uW39SDHVWUCiF5gRJYJSmGtXRDdC9XdT3oMqpuXnatIR3
972,972,insert,one_____,____5835,wLcfuWzaNzsiWffBqRTM98rS3Ghwj9XQmgN322DfJSS9ITyhJ1QOP8jyI
74,74,get,three___,_____107,
485,485,insert,three___,____3437,vA2EOzhahEzI7rRVOY0TV3U2qBrxXEJnoAV4Og6O9LACXY9eA
532,532,insert,zero____,____3674,gHFdwHSwDrwq9LLGMWbW9JTuIFHh04DLQGsikejxOsoqbbIn
166,166,insert,zero____,____1804,VMInXdHB73X1dZ9pFB3uYYVriLCFvpNJOBO9OdUHqnIyx
658,658,get,zero____,_____123,
441,441,insert,three___,____3220,zuAb6DIKTbBIv6FJd5NzHSvYW5fdiOkt9zttcmVY2jmHsAAX2NOXCyVt3S
408,408,insert,two_____,____3048,N8mvDOwJ1U9P0crmxNz3GBsdJvV0y7UfgQDgdzNZrRvyRe
157,157,get,three___,_____243,
86,86,insert,one_____,____1421,uyh8MaU2o9Sokfb5FGlZLJH7f6uWNv8l3vWlvw
137,137,insert,two_____,____1656,mFm4cBQeiQ71sAn5K6Wz7OdtLD6fP7HPRL8f7GXuEek1y
775,775,insert,one_____,____4880,kxgNdVjZSClZitIxGpfvKxvOlozEStW3PQjcniLWz
781,781,insert,four____,____4904,eiO9YUOlugJscgzPSraYhEcbJEvfzz4g26wXsNVqGqI
586,586,insert,three___,____3954,MKgSgOdFRGC5aESeDGU1K8R7EewE3oV4ypCYL6K18hNQPn76329qbdG38XrRq
781,781,insert,four____,____4905,ELebhORQd8R9mNT9r7wNdpmHs7XfKKhz19dGS0D25O4ZZSCG0
681,681,insert,four____,____4425,PouAyuYeFvPJ3QflmZJ2zqxa9OKkjkgL2eWxXUEnb0MNqKeOaeFDe9hQ34fCySI
597,597,insert,one_____,____4005,k3V5iDz95mWCQesI3BWM9CmtTEUlflJ3
205,205,insert,four____,____2013,wYCdpad7cUjl5Zqa6K4mcziQYaiXMuJUfmhNW07nD8Rshev
43,43,get,zero____,_____517,
788,788,insert,zero____,____4937,dbuFpmJgbTCWnB4rETYauhPtw9NoDFddE4MAXnkYtK6L5BzMJOs8peIL
929,929,insert,three___,____5608,Dvj0Ln1jJCHUvfLOPRYtKyTM2ZLr9E9vir27pf3Nun4FDLTAhJl3KxKm
998,998,insert,two_____,____5951,75MGyy1TTnsuBOc7DRZWiYe0sA7yBEq2Q0DNaWCwsDhevP9
460,460,insert,three___,____3320,IJvyn3eYM8n8vD5kmzSle72MxNNFm9agJk5zaLRC
834,834,insert,one_____,____5167,8pQNjiMmNivRaEGFmG68ydzsTtqvPgWTPZHjTuagb
147,147,insert,two_____,____1714,Rpd6BetK173GeFgDReTkM7buxYQe857gog9ojnEt12GeNasYTEO1OY
366,366,get,zero____,______12,
600,600,insert,two_____,____4021,WzCukcWSe3qQm4wpDfbtlmXFSMawtI0KnDxYgTYTJzAjzP7KRFqTL
245,245,insert,four____,____2210,5a96veWGOahQHUVUsDyetOTrzQbSMyUu83pwlEjA5JlV73NGle2jBRDhsJI
816,816,insert,three___,____5081,QGm7nqNvFvcxFekLu8H6NtDgRp3nCdxM4QfDJkUc1lKsqh7ThezgK4e
203,203,insert,zero____,____2000,1SL4clzoTCjkhqCq0JaxkkPygVuryMYE7L4YgJ
176,176,get,three___,_____623,
603,603,insert,two_____,____4035,kgpOvvzbfbexy5PsPqrt4vdSbiY09Nvp3rpwsjPKb707R8vdhQf3jEuF
214,214,insert,zero____,____2061,yQlsDbSiv1O3N5FEYyRlqebsaA4aCmvKmx9FLG4Saqr7NnaBG6NNYjkQ
40,40,insert,two_____,____1205,GoT6z6iN451lxCuAXYqOuge8oMOrqQkZoZDyZTKEFrbLTHraScQxSeFa
248,248,insert,three___,____2223,LRz3ENSfm8mQl05yLCgRCXXDEV8G5O877FkcR0KUeB55f9i4ptfNTlX5
485,485,insert,four____,____3438,retjsSsJ9Sl0IPgggEUvWQ3lBUbZTRkMpet
350,350,insert,four____,____2751,QdYOc5CuKP6pei06czaugFfbZKG8YC8lPX
550,550,insert,one_____,____3771,1SNtZrS1KEEf6AawQ9wR4zdAtr0iY060oilmIADve
837,837,insert,two_____,____5177,TZJx9DOvKCnfBmH9x1sPdFHMUenfP5hpr34W2WGeSXpM0NeQBNmsWbPE
777,777,insert,four____,____4889,AP5gvzD7PBFesqh5PgXmIzcliq2G1cCa1ZbzsKRoFJOj5BLiuiTFhLpoqeSx7o
706,706,insert,three___,____4545,uaokIxVzIMqySgUOym0hDlQ9pJaciFa1lXrJQmYdVyKrLvt6diX7j5nCHecbQ
928,928,insert,four____,____5603,MadR02q3cNV7E89EHCAle0PGkFWBnU8x9NvPJaTgzWgNTe9fjiqOig
681,681,insert,two_____,____4426,9YxwyqYdtR0eNQVdYGX70vKpdGFzshi6XJLJQHE
627,627,insert,four____,____4175,vXomT4v2gfaFC59kViwRPZW3pWyu9oEyWAyDOFPiBzumVZFVGj
138,138,insert,zero____,____1665,KJ9ONXdZb12pbmdpY1RlRG9Ks8wA6U0PzRD6zFA8Ayu2Rp1K4BlM9Vzc
811,811,insert,zero____,____5059,N2S69HEuSHgUV896oBrRDOEqmNb9gYYqC4WcCs7O92n6
327,327,insert,four____,____2633,W0WKbr71EpbdqKGumr9dL4igKunbCr6l3oliUfbvJ87kmYrrwBdqe
214,214,get,four____,_____415,
981,981,insert,three___,____5871,JG3kgbjOKHpPP7aGNNN58NSIVl9twnaepQS9XIktlE4QcvfF
992,992,insert,zero____,____5929,JnCEa0U26mgcPe7KlfaIbV7pnUNVlfkMBlmpcn1mlRiQJ0qgRbE5
86,86,insert,four____,____1422,5yH6Sgt4hI76tGXQHnDY14PtjJqTGruhIfvxiyyDkiLDpIHgGU4z
16,16,insert,two_____,____1078,KmaGTzrUZ8ODV9c3Sf2auLNZvQLFnKGp
482,482,insert,one_____,____3424,x6mAEHCTqDM3vKAvHgO39dlriT4FayUASmW2sLY7i7YycFTf1gR57Mv07XN
111,111,get,three___,_____811,
16,16,get,two_____,_____523,
193,193,insert,four____,____1950,RChjJeYp87xCtfRi4w0Q1Z6e066rqHcfDoFcOP86jRGZifWA4W3XbrsHlzSCWc
566,566,insert,four____,____3848,5SOEzcq2OVM5TPlgD9k5UxQ5S27b05oTKYWUA4iJdOFyVeroa61R
45,45,insert,zero____,____1231,mfZ8fxdov2xnwIymldIXDAugP13yIdPOXywweAcGpAkWZ5YVsq1h
134,134,insert,zero____,____1641,mEuFiJNE0uGWUnRYmNY4k9slkM4fi2iieFNsM3BBu6uCHsMKIVq4n
131,131,get,one_____,_____449,
198,198,get,three___,_____865,
207,207,insert,four____,____2027,GoiUe5GqyeaacpJzuY5Wj7pkdPeqlnWQ1qRa
164,164,insert,four____,____1793,So9H385rxewKiW2dyGAobo3ds7AEXGPruLaVotBLUhnQ4NO04HF
492,492,insert,one_____,____3470,4l3rZFykuRJaPzWCqcMuS8Q48TW7P2pgky7BtLIhUdJmr1HqgMH4weX
72,72,get,zero____,_____364,
156,156,insert,zero____,____1755,HEZ0WRziyHeL3y5yem11AdMag1o0cTj4J0hcBcOOFV28oOI
50,50,get,one_____,_____453,
240,240,insert,one_____,____2184,gI5dNT0R7RFXbhCqYuMBkILVYg3iPy1Pj5
77,77,get,two_____,_____331,
104,104,insert,two_____,____1498,YFMURG1kKPcZJppAtRJMu74q13U05QY9B
391,391,insert,zero____,____2958,K5GSPldpfv5vKatAx2y9t9Hfpbtm07uMB01iSu3Vjt6n8mU1K
159,159,insert,four____,____1768,9fVxraQJrtSiHrn94zYyB0c4wxrtmbUoevdOOq96u59uZzh07keO1Jmose7VBKO
504,504,insert,four____,____3519,NqKRKSPNpI79BKrUDf7TwasmVOkBMXvtY8RSxqd5C80G1ki
908,908,insert,three___,____5503,CcekLCpwnP85w2RuKlDqZzoIHZzAjgZyX7dolDYbw1D4JHwL
332,332,insert,one_____,____2657,BetGoSzd5S4Wi1r0nf7o0ffpTf8qFLtK234BV3qHh26YV
644,644,insert,three___,____4260,Fy30A1hBxlw88zY99m9cDIPPRgqKkmlFMTY9Doo1x5kQI9MaCrIoXsZ0U
968,968,insert,zero____,____5815,kYTsd7Yyv8iUcMiAT1vQmbKChLRYOO29fw9LYja4Kor6RznIGZ1yIskizBBhCA
258,258,insert,one_____,____2277,TPzTwKIXnFArOf0sJ0DWKc3ruPBcvdw2yiSkC82pHjMFh
39,39,insert,four____,____1200,s8yMQFLFBijhDgk8c7tGV97WfQMsZOyWxC91nraaFiWi8hBhOa
399,399,insert,two_____,____3002,H2LOQBJRYLi8Wi3AHsfFOk1CvVXnO8nqn50vFBlf6iX8
495,495,insert,one_____,____3487,CBtdRvmqJi2txBEF8WBrwJJyXefg8KYRJIYn6lao0XUv310
280,280,insert,one_____,____2386,039b5kot8tY9wyuzHoGTRXyxDKn6TEVVC
474,474,insert,three___,____3387,fgA9nhQ3A0gabZOC0gJYex4bXhuxzX9Rr208
591,591,insert,four____,____3986,7p05itKMRq61H7Uyggm5T5RlWPnq6NPPX1lAvgjQ8wzdoZokGqA2ci8wq3vNy6y
880,880,insert,zero____,____5373,SlJlCO5SX3DIo0L8z3FFwnFA488Lq8z8C6T
20,20,get,one_____,_____801,
715,715,insert,three___,____4589,gqdBXB3EI3MsPSeN0WBj7gxQ9xdTVxUPbTrfuNfsWZ3IJ5yRFB9rlgf
103,103,insert,one_____,____1495,dMiEZjdAuPrIz0oIVOUZHfyQjRp4mNLgY8nWxTLofTbRDSk5lyOjHRclhs8593pD
754,754,insert,three___,____4772,RNYQTvpUjXFv7iuvr96ivDvGxbSMCLYXx
990,990,insert,two_____,____5919,LOfvsJAUhzPS0CW7aKwTuZh6qA6Z8DlogUtY4TE7Wpdrzwh5Z5G3Doz4kZI3sLz
139,139,get,one_____,_____389,
277,277,insert,three___,____2371,1G95Myjx0xCGapRgG00tAx2rG9Z02wmtyj1yGug
163,163,insert,zero____,____1790,D9xwAkibTPuvczpRgicghVOfgYzYWGuAMAxzimRJbyewUBFBJ
455,455,insert,two_____,____3291,BCmLPVQZYoHzLkR47xadZ5LiIe5284iGfv3odolS77ALhMK
109,109,insert,zero____,____1521,o9fmRXph9hgheu4vPVpdGWjDvLDaR7rtN2p64pdbLSWWRvw
878,878,insert,one_____,____5363,NeGTuhUtTzJcsOMhWX6PVnZMyYcuHce5UOihH8oYfR4gNJ7I903sU
814,814,insert,four____,____5072,yZpButBNpLDhsrHw60EhsSNKXVeYOFyHrs5L6ymDShhRPq0k
934,934,insert,two_____,____5636,Ha6cPSIsn3lIInxwY3IiAW7SPkgxENpCQdrZSFiic0
22,22,insert,zero____,____1110,u4ZCnLV41WoqGBzzMECTiMQK9xQYCAPwugsX5x2OtLoo
954,954,insert,three___,____5742,AsasJJd4KCdK5MzJQG69X6Rs7VKUaajWgGlUAh4K74HxtpomwGuKMOp1MVN9Hb
599,599,insert,three___,____4014,YpdG90nJGfMc2ejUlNATktYNSFPNqzMvahfXp3oVcm1HLGlo2b9cGezp3owIEs9S
599,599,insert,four____,____4015,WbYJ6EFOPLQ1xjPlMb5vnBFRZ1nn81vIlXNxmETXdmfKxduq5eql09
957,957,insert,zero____,____5760,XJ93I73hOCPwNWk2dm21ytaPxNnfnWRCdRVAscmU25y784gp
988,988,insert,three___,____5902,309dlkNYSiEY4F5D8bpnwQoB5JDfbUxdKvL1dSbO
648,648,insert,four____,____4275,0Uz4SmZ65MOSXBR70f3FDMTMc714bWRxx3q4d6qY8rXFXlPDiQhu2CuUf
550,550,insert,three___,____3772,UubHo3L9pn76sf8qbEkYmqttW0Zt1C5YCioi9L8UMebCV8LX077YCuMPa
184,184,insert,zero____,____1905,WSBTggQKkYukuSY4uzjAAsgsQzjNpzVTk29
772,772,insert,four____,____4870,lv6e1fZjEYFuHtbpDRgbowk5bYUkqdjj1DpYSuPv42VIiDSW6X5dctZDc
154,154,insert,one_____,____1746,lRoud9GROBwFuIB1qIVy0VPC3YFu3gq13r5bBJT8XjTek8h3xV
241,241,insert,four____,____2190,knMOPhBBIatA6HqGfCnsCYNpKcHMILPW4fLJLCSTG4jLJ19jU18
210,210,insert,two_____,____2043,R5VqDo2ZsEif96uY75hf3NIQjbDRxxJX1SrAT
395,395,insert,four____,____2979,UZyIC1XOqGJn7UYCMxOnNBamHtwpnRB6zLX
11,11,get,two_____,_____611,
336,336,insert,zero____,____2677,0IlVGUNrTqncHaKMlOHVKHMCN1O8nlVi2trXubCIdSkKJWWUbHZh1Auh8
936,936,insert,three___,____5650,Jx5l9bemfuB3OwYrLhsMQ7AJRKvyX5xrJhK49jrvXkGezPyzN2Dm9DTMW1
471,471,insert,three___,____3376,2EhGHcCot9PiCpLvaO4drEszqWX9UlcIbMaZHQz9hMlp5mvTKsjDUoIqJ4
825,825,insert,two_____,____5128,O4cjZeXbcHaeJj0DKHbzmf1dqBXkYVSBJhqf
662,662,insert,three___,____4335,QalF7KkkklR7DWYGstYW01SjLUGBbteLYoD8Ig
272,272,insert,three___,____2341,HCPqiSyAyyPwfm8xFkn2I2c6tjs12oQv8iZW7Pjkj
216,216,insert,zero____,____2068,8oAO52sMhL4SMUJqKUKhGFG0LGC0vfGm4TkBycaZhtMRdUgW47gWSRHf
373,373,insert,three___,____2876,hNjj0xDqsRy3YlO1LiRmwqnUOV9CNI2EcCtyq
763,763,insert,three___,____4819,5PkqKDt9TdhxangBl4StAZCj3mXgC7cUOhW0ZHTILGhzerc9VG6CYEXUk3joU
859,859,insert,zero____,____5283,atVhBeGWptdC2oGuILwVpMV6d1aWINYGU7UVLP
25,25,get,four____,_____946,
672,672,insert,three___,____4385,r2b4ISuqEXDApCfVj9y8k8x0xL5BAByVhcbw157fIT0
126,126,get,zero____,_____743,
117,117,insert,zero____,____1556,qPyOPuf8PNgUB8f7uukQBeHYHY93QCOjuv7SlcFCzbpiukRsCecUECJXrtQJp
823,823,insert,two_____,____5115,tq2P2USmGDqYWOydVqBzLkDnwFBAmq9inbZjuJCrrMsI9SnfbumBZ
41,41,insert,zero____,____1212,VakjtlQbxxF5m2bei4aBq0U8aIabsGAtMG2xqLPRBG45o9KalGrLGJ7YKcke
562,562,get,three___,_____554,
463,463,insert,zero____,____3336,YTzBtOCh7QxuJYvNFwSopyMzW3asDGmYp4d8H0R0fq47X0
599,599,insert,four____,____4016,sYYNA6UlBiKcRTL29JkFd5jgZtNDk6M6dLwNL15I
436,436,insert,one_____,____3189,lDh0pNtSzc3USl56zh6U0sYQyRXZz5EGqDH2BoiE6SdWjhgtrwJg1l7yv02Oee
45,45,get,one_____,_____112,
15,15,insert,four____,____1074,fPVFgbcSZdCUeo0xuhyQD3oU4VSuCNtd02hG33bxUngCigW0SYO
640,640,insert,two_____,____4244,PdrIUkVb1ztyDPOy7XfWIE3UX0tA8Enfj1bM9qMOYgNgpdPIGQMK0PgdubZ5KL
858,858,insert,three___,____5278,f2uZPsAm3DnNImErlp2dgGIEjimM11vC0jVlvNppCqV96aTJtnZqJT1Gn5fVV
677,677,insert,two_____,____4402,wDFcnRwDv4ifGLIxhQc3toSGr68qNy7e6fkhRig4hjwIy3A4KzgaJplVN5yA
379,379,insert,one_____,____2899,LXHUnNT2G03HOvbOmTTVvuFwht13ZS3exG7Eov4emfbf1p4QazsYU
522,522,insert,zero____,____3618,LIVMWUnYKOaPcXz6O7fWlIG0xVWdfiNXD
918,918,insert,two_____,____5546,NYNx8e2ezkaqcwpsfVUBDSgGCmEwZYC1ip3YHGTbvrvsnu24leWvmdO4tgsRXN
623,623,insert,three___,____4149,h2UzY8NoYNSYd8gW3fYTkjDGgj4BQzrojxHNrJSqYa6BczfoKU45d
186,186,insert,two_____,____1916,Hrh7VpuJgqmPmvWbUlMcWo7i0oVpUpzB7Pcvp6IV5v7gXJC
87,87,insert,zero____,____1427,6JMXadhDu1noKxm2b1crPdUkHufEUsLQcTyIo8qgDxkjXiho2SbGIRSeGH3g2ea
394,394,insert,two_____,____2972,JwM9dxs7s7xfdbH9p0cD7l9yvxWFvSdsk75Kq7fulr3xowo2O9
126,126,insert,three___,____1608,kNsaHUd9crQnE1bxIHR8KVQeWTVAHVU3PuJ2oDnZneE6sfXFNIRq8fqfq
601,601,insert,two_____,____4024,W669srghdTDYGhVytxr0BVnWLkGF9vuwR5Amh16LEa4hIUKBuv
567,567,insert,two_____,____3855,eqxMskB9GGEX5irMCL6XnxYsEEXZsKkOezWdijTmS22Y2TjPS3PLAXD
595,595,insert,zero____,____3998,1Gcy4sOGI5mm5I1EJsPduFhzo5h9CtTHE0E6r37mPU2fx4sW2rBLzj4FBDvwQRao
418,418,insert,three___,____3099,G8XRiur3b61kGuHzWptpiase9OMCh2kJpK1RfbZ84lQ4i4E8X0W
203,203,insert,three___,____2001,sJJdMApB5JzQQfZ7qyLVLEf9obZ9gQvzHGn2siNR1DBrhl3KIaZZ5imx
115,115,insert,four____,____1548,YvA7DRbkRMiTNqjN6QAkdHHXwM7eJL6qga3Z8hoVwHUAeNxr66JbeTG8a
324,324,insert,two_____,____2616,BplBdcQalU5xP9HfiRKNGPJFMiWZKPZJXlmY2O
345,345,insert,three___,____2726,2VFvvUqWSUvFs4Xlp7a5oWqcAJs1ubu7uCVMrXOInrKVQqLZt
592,592,insert,three___,____3989,5Wy0FX26odstbaHq9o6jRCrhJWxpNR3pBivgOS9LUaMOlNM7cvH0vavqF
96,96,insert,zero____,____1464,g89RkNGUUdxXZM7KUURSClQDfAmZ0bJ4KmDN1m0qob75tD
338,338,insert,zero____,____2690,tNZRBTsJa1VU0kWuBCoWmoTdyk7CCEvd2RZ34X5x4braWfCkcCo
695,695,insert,one_____,____4486,XQQH1a6qAn9TiUOAtvKMblI01dWlNvSAd1rNorAdJH8YLyh5VEN2BoJUkVRZ4e
342,342,insert,three___,____2714,zQy4capSWWr8kEsYW4EeGZLuVj2jwGMQIEaf6g0mEssTsBF
937,937,insert,two_____,____5658,EEP8duYzf4VXiWPj0kCKMD7XwmfnxoiK2CI59QOzP1uHxsLht2tTn
69,69,insert,zero____,____1349,Dn0yhrOBrxkFxzwJB8srsUhAFZngfHooR4lgyEATyN80
518,518,insert,one_____,____3591,FMVPhmfzFKwS2m270wHSS1ACqqnkW3339EYGQodSy3Swbaac
95,95,insert,three___,____1460,3BwgMg2VfAm9MxXWtMFF8LQoHY5BmYfh8cZnHk2HWbblYF1cSfvk6DpyLbpBHpe
693,693,insert,zero____,____4475,PPuRwGTUlXML0cTax6ln3rMzi285QSH9fQXtA0S
173,173,get,one_____,_____105,
887,887,insert,zero____,____5408,QOuejRyA2lqPAuDfvbcJyC0q6iCDmW0Jpf6fTa6GhBmAlE
801,801,insert,one_____,____5006,bzG1ww67zqUvoq6h1FRzSimjWc1SfWHBjIuKIQdIH5X7c0pyfZxSGan3CqSuvgI0
442,442,get,three___,_____276,
21,21,get,three___,_____715,
120,120,get,four____,_____701,
139,139,insert,three___,____1669,1cIUCO5E8NgENvpc6xT4p3NuNYf9XeQAaZhnAzooVi27IwlEtGlh
515,515,insert,two_____,____3575,9wLb40koA1bclsj0afQseFEeB52AhOvULZ8mJJUenohK
626,626,insert,three___,____4167,XKgTOGxjYMjHSDgwnv3T3PBSS7WVnrEFFw7zo0OQPUwM15VyADoqFxm6j
3,3,insert,four____,____1015,6ybh5J3itasx6r9GHuTmZoC62HbevS3fXB9
329,329,insert,four____,____2640,JlwuusVrXg7sNClrmTdUu900shUv0aKe
217,217,insert,three___,____2072,pl4QgH2m00vXbG6cHH18ESgQEA7oRm4gWIB1jepCBzP
5,5,insert,one_____,____1025,qjr9gsUTC17oiX9cRNEjB9hh2ivAvl2evaahajtwuwqtzQbjBk0cKpS
56,56,insert,four____,____1285,rrb3032LlE28CeVSnGeBxpSjhwdURojeLPM9JtsvFdxCZDNES0nngOPOTal
860,860,insert,one_____,____5286,Bjd58u378bhKI1R1J2h3ugoFgUwixqwbIRr0s8PRLVXMnGmaywf4F
82,82,insert,three___,____1400,JjX2U9sGuYg5XR9Z9zVjA2bkV33s9S0als8WpeR
69,69,insert,zero____,____1350,eLhREhGDkj183At1xsNcH5ZLU14F9YkH57H03qGK1tfltbjSOzhZzp
422,422,insert,four____,____3118,L1dZarGzAl522VBcSoo7Isr9lV4IGqQrB3qp7RXfOcpxRYVTsOKfrTXA
701,701,insert,one_____,____4519,waMOrQoLXn6TSXTbJP9HktwLHeB8RU6WtbBUrI9REa4cVx2nvySP5qe
119,119,insert,three___,____1567,E0CLc7SNTZupWlP4RyqJoqn7oaMjjztZ9u7trEOYtjU0uJtzaFk7JhUqIY9
430,430,insert,four____,____3158,GBwQhS9cz6TZKjtUqhRsnsRhxNLjUTPnoNRmVt25gTPAYCVh
946,946,insert,zero____,____5699,vNTcwB9YK4YfhuidMDo4vjUFaYVCekBWQRsdAEJsMlJkYGkMKIxHY
293,293,insert,one_____,____2466,ocjirX3xf341jQ8RrkPOrVt72h3eTEopi8FfqNjcGtoCT
861,861,insert,one_____,____5290,3nXjPEc6mz79geFtxgKoa9FqcVIiUBQIhQc6MSgR3ep6KVrqKEFC6sSBxx1yEHRS
354,354,insert,four____,____2772,E3BeleMsjHT479ws5ekCU8iv2awDDszD5e
259,259,insert,zero____,____2283,vXOvoK7pK5m5EV6oiywiiuTSUv9UUOQwqK0MOLnsCY9Awj58AjlNg
748,748,insert,two_____,____4744,u5ATDnkQf4xHpzbXrsSrvRyc6FJwt3T4kL1TGC43ppW8tqGVHhs
168,168,insert,zero____,____1815,DxGDyaZL0ZF40VJCUPy6vwONTTmIj0ck2O9DOtOBwjG2FSTiEVLTqU
183,183,get,two_____,_____318,
800,800,insert,zero____,____5000,y153oFiIxrve9WNwwTzK4tR6wsnrwmP5ntJBywMrSP6C610RToL
251,251,insert,zero____,____2242,BCM1xTtjMF4hbQFhOUGbgJ8MtSQvAZFNdw9Fr1oj0HwL
211,211,get,zero____,_____504,
287,287,insert,four____,____2430,ZzqEuLnbFWiQiKZPFnL0dGSBXiMlImh3z30oS9
440,440,insert,zero____,____3213,iCMcgkLzPPmNrxA9Kwov6ZPNfM4Hg0otTeLE9hVttJwzVbHKqz
70,70,get,four____,_____735,
960,960,insert,three___,____5775,fN4T2X7IWWnCO9BH1PeaM3PGN9CZItMQuJI8uLDsiOcR97dJX0hZaF
937,937,insert,four____,____5659,CnoY436Ba6MbOnclSyPrBmwc4ElsxefLt6y
130,130,insert,zero____,____1620,qSqb4IwioCbrYerHzj2LqJNRuy5yCVpw2FBtY9dh3y2cYV2gynesZlPOYeBwm
509,509,insert,one_____,____3543,azoLh5qRcHHIqXzVfWucIpVYhINt94MkhpO1U4t7FzUTfjC1LZFpZsNL2Hch54
649,649,insert,four____,____4280,9eFl1FVqGBLRwMkXB34XlUvs616AfEeuXA3nDQLc
751,751,insert,four____,____4756,AEAjrW5CvpSnRvtVH2bAoIQVVblJ5IvyLP9UC2SgA6L0nmkTja
822,822,insert,two_____,____5110,MP24p1Zlqltqbc6uBYXnERt9eKNJ9PglBVvH6YTyfHquuT1yJ
612,612,insert,one_____,____4085,Nc38fIBlMIXmgu0X77488dpzD72UDHvKRKbWDIoUWzzj
565,565,insert,zero____,____3845,cNogCj0dufAJ0ywwxiPuBxVFCoazdDidsMFJiqi
30,30,insert,four____,____1156,J0RHuZvPMgwihjJx7aPRMetMYl1ljtVl6srnDuYC4AVpky9T
763,763,insert,two_____,____4820,KLDCXe4klhYcPK7uH4GzQV2IyTCPh07SKOJ6Cb4ddwrZcxDx0IqFMTwPxNI
13,13,get,one_____,_____551,
861,861,insert,four____,____5291,GsDfWiSkNBWRrLbS6Jwva0envGkLd4ozqh0mfeK2L346DajlEWNESHJAa5
363,363,insert,four____,____2822,9oREWHWw3jIjh4XgvGgfNfRNhH3uug0DngZJIatCdrJG
129,129,insert,three___,____1616,NcLtsFMhxHkW11spfNQEbcFYYhmmluQ6xwKnmoRLE0dKGcJcpwkOmDYTV2LAz0d
90,90,get,three___,_____375,
279,279,insert,zero____,____2382,ys6DxhA6HKZia29TbA3b8DFfy4lIXYXAeWVPaZFyu0xaM5y
225,225,insert,zero____,____2111,V3orgBCcKFlIr0DgaPxbSpTruUvr2ZRHxwIqak0XPEWfVMnYEJAnx4lxwxLs7Vpg
695,695,insert,one_____,____4487,wXEpTqopdOlfXIM0gXbOsEGTmpElnjje
710,710,insert,one_____,____4570,52an5IAPBpVU9XeuAJIC13fqJGuyptBQtzi
69,69,get,one_____,_____341,
360,360,insert,three___,____2807,cbnqA9HczstJlXybf8tWcdyQYCRDAVt26z1ImTcWl512hvFtEZFgF
220,220,insert,zero____,____2089,x8AZaaXGyjsNwfwl2tbiszGovlnVz04EX0JB50JuInmpLdB9zjGic
407,407,insert,four____,____3042,eBTQZyB3dP9NtdnZqbKEtuPs8OO3eLSb0hSG
72,72,get,two_____,_____746,
739,739,insert,zero____,____4708,wy8ezEJS49CeYkdW7hyWijMw4pi2FVDqy55IlJS5WI7Gggx
788,788,insert,four____,____4938,h6z66Kc3QtcooThZeJunIMtiIWPhJfqTJUhxVpe5D
518,518,insert,three___,____3592,R1P4ZsFVWe11XWvU0KYTIhowYWOMppsQysgXGPvvmuNh3xv3kYaGZNJKE6baUvp
550,550,insert,two_____,____3773,3iMilA7BSNGqyzKXODqFngiBXzOFnR1idbKEnGRmqFw
355,355,insert,zero____,____2775,xTaQLUaCwDT0EZ2wwhu4n1MiVSaJ4hy7etSQaDP8akJBpQmADJTG6Bt4i8bFMV
922,922,insert,two_____,____5573,81bJ2J8G39eiW2ATCbIqgi8FMybr1vjES8uWcvyEcifdtlvaII9
907,907,insert,four____,____5500,E8asP0IsJGAVZfFW6zRM1M0cx7CT1dVzDLmxYtlDyNqF8XOLhho36LiFv9vx
287,287,insert,three___,____2431,cfDbOoIVGjvAjWqanHvdMiMl9JuI3Zms3l
2,2,insert,zero____,____1007,Bm6ud2FLfTkEf58eNXDvfo7VlOjupj6oUMLVon
254,254,insert,zero____,____2254,ZMNB7PGN4yfAbI2vyUdUVPzJavyl6kMabESFZZS26usgZAW2UttSEgc
378,378,insert,zero____,____2895,CH0P5EFdNRKFtaLpAaPhuVSthBrRzXQ1
182,182,insert,zero____,____1893,5ZvvSEQ0QbTdEb7YFLIlBz0wXUEsl3O9FCPePwY2vPOJHds
803,803,insert,one_____,____5017,aNyWZihB4YdIJBIWjdAVj2MaK82KiJPXUlaaZe7qtnLqwl6
449,449,get,three___,_____374,
395,395,insert,one_____,____2980,dMbx9jR0sSdSy0IuoWEoepKcmaNzYJMiKv5BzulhOTzvHcb5n
541,541,insert,two_____,____3721,nfTxqUecHLTl8C9bKoa16nslKiTMcWyVGzqMM6UEeUG
240,240,insert,two_____,____2185,Wwbwclfn1MeDo4Rdhff4QY2XsakoOHwz1VTU1Lruv12UyGv5b6JG
2,2,get,three___,_____534,
952,952,insert,zero____,____5728,cTP9q6IbtxLsAFW2MSg6eLOsxOU4w9ADqxTeqKh25btzWkKFVjT701OlrW
25,25,insert,four____,____1132,JYfU5db3bCeEfpQB8eHzy9g2rvFpinMStuhSTS53nCrhLU
134,134,insert,four____,____1642,ZYxKcrGVPnB3qw90HNEbFOvvCdAi2tP9DAWlCANn8ai0J
876,876,insert,one_____,____5353,8fRqaezFYcl5JBzvKR2xutwYaG070taCBfLcKVpqzqwGIX94qJxE1I
481,481,get,zero____,_____334,
3,3,get,zero____,_____487,
959,959,insert,three___,____5771,CILMteXhbHSmi1AZQruRqaPF0ICWSCsqjJ3r0kJ6ClQRoQBKvbUM
846,846,insert,zero____,____5220,pcWL1bMxglVcvG0sdoTa9jqhixDJbn5SBQfF2R5TpQ93HtjntTAR
63,63,insert,zero____,____1322,D3shJXI7Q7AxGTojq40XPbvCBi3ktPdATfufAavdfdanOjsSZW7KMJ
242,242,insert,four____,____2195,JLC4SGDDXcH9quYLnpmp2L3vWgDnqXRB
302,302,insert,zero____,____2513,IjfKpisaoyvXo1gBM0Y9s0fHfdloKPIWVI9jUbjOfStprY
123,123,insert,two_____,____1590,8dRuEphgNtVWg1z7ZgTQ6oHqsmknr5asya
493,493,insert,zero____,____3477,2CQin43mM4CpN3LGBX13thFBLVzqETwagsWlDrpGTPjCfmsaXOify
497,497,insert,four____,____3496,Mbe6aIRXKk5P6JrDAyIRMy9vUL3j1YbVbeYK9LqlH760hBvV
880,880,insert,one_____,____5374,epyhqlytBm606571RdlZuMwfGBHJbUOqWizifIhjwGqLRLN
259,259,get,two_____,_____965,
50,50,get,one_____,_____444,
839,839,insert,four____,____5191,mX7shcrEX4s9ZVnpusnoXaUyAC6Bgx7W4ayBYNKEzRInpRejfn6ix4P4YoNQVA6O
709,709,insert,two_____,____4564,hayDLmuC1pGxNQf9PcWPTk92Y0nxfhWdd2nxfz92PjtuGgtxNX
861,861,insert,one_____,____5292,pTnvxW1gFdwCtQ8rEdxtqtQmMcQUqxWaCFs
159,159,get,three___,_____419,
574,574,insert,four____,____3889,V8RdW6OwoKOUR84vTYnPqpZ2rv42vonadwuO
815,815,insert,four____,____5075,t6XzwvqXOic1Eewa428bxCkfRBveAHGBdIX8hEZ3ZwO9DApjrCdg0M34
293,293,insert,one_____,____2467,taabtHYfrJSdos9xctYxpJIVoRgtMWskgCYgnigvPbOqZKMiyUM0omQJN5Hl8
789,789,insert,two_____,____4945,lnH9gKC9HChsl0x4QZPnt8AHauo0DEmqNmVsLvKONJj3EMA0wz4lQ2pZImQ9
553,553,insert,one_____,____3790,riMmB0ELwhPc5O32u3mtbkkdmenZG0HZ5IG6V0Hnpff52MN7lSvfb
137,137,insert,one_____,____1657,xHdZWv98NOFQUCD6q3VqU0YAUMiyFITrhJ58ROLhFUffnxWTHH5mzSL8NpgrfytA
147,147,insert,zero____,____1715,s8bsAMTOVnYS5uvuEweeQsn1eDxwtz6zBvGqKRCFh0uwM43isrXjh0lxrYV
38,38,get,zero____,_____285,
962,962,insert,zero____,____5785,XddDIej6YMDkGZJ5sN7wDbak9SnH2ONcjKncfkCsFxZ
434,434,insert,two_____,____3177,hRPeQNxGeD47AEx2OOk1f8gks4dgaRg2F6W8M2tc0uPtdku
474,474,insert,two_____,____3388,SZ3yEWh9SvoOnG08plXZsOY9T3syI0bKrhGWR
658,658,insert,four____,____4319,cPQKdmLnjgCW8dDbUiIgPcNWQR8q9rzdqEUo
205,205,insert,one_____,____2014,kahL2vcgtaUmDVRZdVtbjApN6z3eE2hXC
139,139,insert,one_____,____1670,VEPwJifIz9IPzVFpM814TBW4Gbh4rCxzMJMcaLCVKoKP7e
858,858,insert,one_____,____5279,Y5jYOXTjbYRC7wfj0qH0TKTSSRcRNMMtc7
70,70,get,zero____,_____673,
919,919,insert,one_____,____5553,LC6llYQGOSy7hGg6zHq6DKmZJpYFj4fpDiKh0EUmhbKaiEo0XVXpuE
261,261,get,one_____,______13,
386,386,insert,one_____,____2935,hfKLGd3Mjqy7iFqDpF5qccBYGBznTxyPP2
677,677,insert,two_____,____4403,Xxy8bIDveEjXuFEGjB2uVFAZMyPcDDEcYbmau2zvp9ZmWM
51,51,get,three___,_____346,
407,407,insert,one_____,____3043,SnmKDJZHsLsR59beZYGQAe66ljMQWsthrQcW05dLV5KvOiUhdBd4q
207,207,get,four____,_____280,
899,899,insert,three___,____5462,6xWVCYN1f369ARUxMxdTM7Po8bEZ7qFRiIH0
764,764,insert,zero____,____4825,0pn2a1LIs3llPbCNoLNxis4QXpLIqeyI1jTw2ygJfeH1g9QZJxEskCpJ
160,160,insert,zero____,____1772,yGihWCNLTFPLWy4aPyCw9VESVdAhf1O8zf1
729,729,insert,one_____,____4661,BgYOU3UC06W9mFS5MEieulBYSXn7310F7wUnPKtDEct3VmTSV
576,576,insert,four____,____3900,LX2zmZRFfnhxUcNCS4m86pMz5BUUguKMjc5JZEHVNW
936,936,insert,two_____,____5651,PNAFjqHiADVJD4Cr4A7mYbdW0KFMxzw5u
877,877,insert,one_____,____5359,wp4PnPangvHrhMusYg2Q4CLl65IC1UYBEkoqAqmiP51PtYOGQL1GqtZ5wJiD80Lw
282,282,insert,one_____,____2397,umYnCnuiFQSahdvOhMdS5FPXZlexOCds9FNVmaX9JUGqHFzZ
584,584,insert,zero____,____3944,b4d32OXvFjVbXRP7iwrA03csqA1EltwQ3Q2E0pdn
944,944,insert,one_____,____5694,lcqHfrKHhtj1zstZha2uXEkpRHxnax3xpj43GXpPGaM0c3621
769,769,get,four____,______21,
770,770,insert,two_____,____4857,XiRG8HknyBBtCySWp5p0ED38leQdZNPnnjz2
316,316,insert,four____,____2575,QyUdPwCWTtm535yZCkuSdNe3NwYZSmD1T41BVqE9IGjkhV7Mprbg3
245,245,insert,two_____,____2211,3N55RrbJTQCAtRHymYjLt1xevaqEq1asI3gZff
528,528,insert,four____,____3654,V5h0hD2nb6yeMmwYe0DudpwMTCM9EPHNA1fawyW2wAduUqexL9gi
570,570,insert,two_____,____3869,6bROYyxUZuz4Jn9xj62kUTE5jH660f659BiCf7YZKiEM1K9
221,221,insert,one_____,____2094,2PJlvvHB4V0e4TkcYiGfy8LdTEWfxL4WShgGxQnunEfO5j7KODN0NCCeW
479,479,insert,four____,____3413,mmMo3h3JxrHKX536eIATTi5sQQsg7Mm1pfpvgiot5qOHSQYEDA5W3ovnjPkl
697,697,insert,two_____,____4497,uQ3YbVlToHkcSlj82kL1VwrC0MM2OlyephdoogFUvO2y21oFV6vnW9aiQ9h7x
430,430,get,three___,_____466,
336,336,insert,one_____,____2678,pS1QrBMxtxBwxhmqhV85dGKMlJglKKlG4XW
185,185,insert,two_____,____1911,sT600kOT2fAeDbFwScHDzM9064xs7wDSxa6BrhxTZtQEdNwcUOr6S
493,493,insert,two_____,____3478,z0vE8jWCaob5bInxQ8WlR91JfaO1MmkHYEbN9fumYgJ
617,617,insert,four____,____4114,JKWSGBwZMDxzqjNluqH3nK0n9u2zHa7S2DPqS4
693,693,insert,one_____,____4476,TEwtklcOMLsRETZikTNacnDmle0WoiMXTyXnXEAptzZ2omK
801,801,insert,three___,____5007,bkRIOm52VvDVHvRPQQZqhydP1TEig0es7sGEgy1Wo
237,237,insert,four____,____2168,USONq46VLzYv1vYrFVFwUSnQqOE6Ds39xqRh3KTOz8HRnYCSnYuP
267,267,insert,one_____,____2317,Kd7AE5pyVU9oROY7h984Z4UKNfQt8sXHz37yn2ypnqXf6
380,380,insert,two_____,____2905,JW5A8kgrWoFT0BEORu1fL8Kdp4Iuk7sZ8ySVQJ
839,839,insert,zero____,____5192,Caa8LRKt4jMopZYsrsqqoXORST0katU7
28,28,get,two_____,_____481,
260,260,insert,three___,____2285,ZRkB0WRNlJS0u7a6FfwZ9AF0pzPYZdk5
226,226,get,zero____,_____683,
111,111,insert,zero____,____1532,4tMMypEESxg3xAGSrqndEQpNUb5zy4kskWasYO3NepoQ2srx
870,870,insert,two_____,____5329,cXvnHcpM7GbdqW8uCQON3xKHnWmZ9RF9RR622DibzETnsjEY7oycIjjuB3Z1YHW
461,461,insert,zero____,____3327,sUM2HnDs5CaWdkssLlpWwG50uOWzk0Ig2tfJYI7yqHKLWe9PrAn1f
949,949,insert,zero____,____5714,aj0tvvjlO71CJSiGuvxmOjNIE5m3SC6PZRLLlGvj
184,184,insert,three___,____1906,UxmVuSA3wmt6tHXxhFDCgpYKVa95K5Zzm5OSCddOFWdHs2gPmPrXfgJkE4
185,185,insert,zero____,____1912,oUJBWFDxh0DpoeJRMcniKVhNlmrVxe5iDrNcShRSZHCxxjttPGu9b7TJ4
908,908,insert,one_____,____5504,oBvAQOOG5n39smBKaF7J9V3S25oCrBCip5VFYmQk3EmOTBn959TsKu
574,574,insert,three___,____3890,grTehlJqoNTCP943mykaqOfMIRb3x9rg8Y
817,817,insert,two_____,____5087,YSgqrpxYxON9TwOUqqCPpVbviQA1KC9ZSrdfDzhELwsq1psOnbUXscWn
186,186,insert,zero____,____1917,9rH1VWg5GB8u7JAxCmfC2o1cIAULJmWwP3
197,197,insert,two_____,____1976,bNJwtvgE804rRuGsyMCghUCTULKyunbR2GX6KMzLAWctXc5ICs
221,221,insert,two_____,____2095,sTZrgdHLeLywRqUxLA8c6d7ssbiikGJwZ
412,412,insert,one_____,____3069,R3Z1NNzaIME1WpVsrxTiV0O7ZC4MiUegjcjziL5FwhbXyOXFpPcdmHcaHDXtPA5T
160,160,insert,three___,____1773,S8xlg6EZjQG71FqPCmRBXFVAiHs8XrNeAUIc
88,88,insert,one_____,____1429,PLl9ptJtOAmYJqmFCr29ihIOEMW2Iwg53tiUfD5va8qLDhufjD1WLBXwXkK
243,243,insert,one_____,____2201,rIQ7wI9JAYUkm5IcPJKr3BMadyZjB2NxpVBpTW9lX04OKx51TvwlMHV78OJLlI
581,581,insert,four____,____3928,dcW5uE6LyMJ1BM4FYiDRKKRDBFO1Y6HhB0lCAoUbYuo6
237,237,insert,four____,____2169,krI61GFDa6QPILfj8qTPF8WXBN5JmEHKn8YhmBSN1Da5sI
599,599,insert,four____,____4017,Awt75RPoAjAakJiVmpNzdLZmEUyHCy24KucSnyL0K
561,561,insert,zero____,____3830,14gYn0p4zEaTYTLadXEK2fIY9FsyxPLfssatQ47vWxiNQ
891,891,insert,zero____,____5426,V8BVFZ9KMKt4J7gExGRu6dFuIoFhDaxVtEFRpY6CvyCFvvU2a7occNFWssD5
980,980,insert,one_____,____5868,N5NWYIbWYyPfmjqKhOYFrpfQ6OKuCYL1UVtT
820,820,insert,zero____,____5100,QTEhuqWeyWCmALFnQKA6lKE19YILeip1TPM0VarBDzdmaVEUja3jMK2CJwCq1
155,155,insert,four____,____1750,QLGOsjtWPExsm9nVsosteKxO1y2VshEs5xdE
521,521,insert,two_____,____3613,9WAPWyTrOAmWkRNTs9Am6NmZ7t34Og3Up1B
226,226,insert,one_____,____2115,8YnJT2Y7pgHLaGr04XYp0NBJw5p95txJt03AXxvpG96mMpp9cybABoRzfQ
412,412,insert,three___,____3070,YtPc7kir0sgU3dnKGSbVeYFjK6xeqZ0iR8NjenJge2zCxwXvCmdXX3O0T
317,317,insert,four____,____2582,qslK7EykxBmL4POtMWd51f8HIJ0BbyZt1M5T26cuIWhTRQjf
669,669,insert,two_____,____4366,UPPOYu0n5HAtOZmL58FaRVyA4ZHuzQB5oMnSgeja1sj
364,364,insert,four____,____2829,LqOGUGKqX8rc0MY8miBLT9wkG1eu5InIskE2koI
184,184,insert,zero____,____1907,oDABPOIhxweYORxmWFmeXv5PbC34o0R53R7naSWHrpCSsxC7IvWhpqIF
677,677,insert,two_____,____4404,ZH593w2M31g3ize1v9GDGJGIdngvQ1nZZl1OAZtKk4
729,729,insert,zero____,____4662,vKrIaOYLtLqthtuhHIkaLuxgROVzsEZPUaVj6Xdh4Y
283,283,insert,four____,____2406,YzY0f8Udyj0TkrzmCBJVDxhDBZK8Ub9Rm6whqRzeUHNf2QtrNaATdmZ8bXQA3JH
106,106,insert,three___,____1506,H1UewtCX3B4kVVEhXrv87HMvpieTTzx8MryqjTOKjQJiapPuy
84,84,get,three___,_____669,
65,65,get,zero____,_____952,
742,742,insert,four____,____4717,WmkFEWS2W5snhRtsoJALHNuN9VH2qln01tJiYdn6dCVyZN
539,539,insert,three___,____3714,KcgwxkXVCwfqcBjLD8Fjk5M3PP1ml9Gilt1SZ
100,100,get,four____,_____111,
302,302,insert,two_____,____2514,y7ierDLYdWu0wY7VEqhDFDpLLhU4vzNYtvHuzXc5vhvyjFea0xRSc3tMe
610,610,insert,zero____,____4071,fvLeS35tX1rwooAIKVqbZSP2irlEnoAU1lregPdUjBoMit3GYaDybbW2ch9
330,330,insert,two_____,____2647,m32TC5PHo2kE7sKE43WaybIW1aAqDivCZVzW2L5
218,218,get,two_____,_____589,
236,236,insert,zero____,____2162,8s5qoe6X57EgKETivIpxSn5Uz11RX9kDMYZYe2m0Z6X6TFxDpp3Mu5d
261,261,insert,four____,____2292,BNQmxT9pa83HXVc6W1Oe1tNZmN0P3L4AAzLE
800,800,insert,four____,____5001,Ysy8JJrOnpm5outTbbnc4MvN6TrKm3l9It4v8sRhehOklIHP96JGKAJ6O
430,430,insert,four____,____3159,8ZCw5oEWVcYyVK3Ul2XWsXi5if44GdUPujejJoCS3s8iWVo6UCCBPYexKJ
437,437,insert,one_____,____3197,0uJIQa3g09pJwAkwYJtjAS6bHCPiXHwEx
504,504,insert,three___,____3520,Ylf5OB9wbvVNPkrCvwHPzDQ4eSWyT9qbo1KXr63vwmD6
258,258,insert,zero____,____2278,E17cn85dvJjjhE3w2zBJp6nKVdjmJwqjhQ15afiDQCGiq
722,722,insert,zero____,____4631,UkSr8SAp4t7S33p1CUloBFwOs8rUQ3mffWJ0XWbcCDSAzNfQX3
137,137,insert,three___,____1658,XHqU1BpjjfogG5KadDBfZF3O56dEhdPucLdMSH7w8Z
364,364,get,one_____,______58,
395,395,insert,two_____,____2981,p9HkFfwCU64aZ198Yn5MCxIHnnaLhKFy03CRalOPZM0Q
601,601,insert,four____,____4025,7q1C6AyRDMZmVVSE7gr7uMhMdC3eCXAcp8MUiNAZWh1x0
207,207,insert,zero____,____2028,sUdwaXQpWhUzPWcWhHhvDhKEhfxkSURqwxC46Ej8EtpBS
344,344,insert,four____,____2722,Uvrlc2s04NmHYY8iPQzth3fTHiLBvqSjGGjCqkA1fHK
646,646,insert,zero____,____4266,PoobT4rxS7HYRzUYsSMviHWB2Ie3Q3sYREh
451,451,insert,four____,____3270,G4BK9MCIcxkHMfNuxZQVw0m2dOARzT2R9hzEBb
516,516,insert,zero____,____3582,fpGRYPZlQeTMe5lLYVznWd09MSBrwDXsgiWgtus7H6
67,67,insert,three___,____1337,yFOQ4zqAjauDq1eZBbHERsIYDSl8imugbRAKM
128,128,insert,three___,____1613,phZDYGBWyPptW9Y3VSpFF2xoxIE15HzweABepdmhSPnbegrIu6HgR
1,1,insert,one_____,____1002,72zqHG6uv8WsLCECDlKBue1ZDyx7CEtfWw0S6P4eTkM9HEe6W
208,208,get,four____,_____846,
12,12,insert,one_____,____1059,Px2LV1npqJm8m5XlivykBeliL1PksicyYA
24,24,get,four____,_____621,
894,894,insert,one_____,____5439,jyrBKOoSghreldlCoX9OLUurnD9t2nXz45tIKty
524,524,insert,one_____,____3632,m4n1G0oi11ZeGVFyBSnul1WdaSo9fUTeAvx
475,475,insert,one_____,____3391,FNIoTSfEHxKuTEMydL5ayWU31SOJ3EjSrLqypNnLH3IcdlfNZzIqtOvjH
67,67,insert,four____,____1338,fn7iKEEppanifVSJiTWuae2ByjKkYdSqTrZalP5gKk
396,396,insert,four____,____2987,VhITprwasHdcalQo4Mm9JixE2BMpcoKx
273,273,get,three___,_____852,
233,233,insert,zero____,____2149,iLXIbxI0n9t02bNy9jwGEKZnxHUUMNhgVIgwMDBaoaAA6S8VoAbc70
734,734,insert,zero____,____4682,6TlhVUXHyCOrgY9JOWkIqsAoyOoIXK11NSM4Rvi6Hm10Ny
293,293,insert,four____,____2468,zxGe2Al9q9jfkspCOcNVDYMWsszHO8tUBS0GaprXXeIw9eHRRIxYZwHXeyVFQ9Fm
736,736,insert,zero____,____4692,PFY9qiKsK1fJBTei0VcaYMnup2re9lN2A
287,287,insert,one_____,____2432,4FPh6j7JP73SyEF7Awxj74QY9o3WpEi3kjDfXGtovyilAFWm6K7cnvcLWLxLZSky
599,599,insert,two_____,____4018,5dVVQ1EjgNCdYDFgLWBEiugQvy9qoiV5Hq9CuceuyRBl5zQNUAiY
577,577,insert,two_____,____3905,iw2Cru6gpW50hRGkpnCyeTuSy8OqNrzrGF1WPimYKWleUscFks1cAL
726,726,insert,one_____,____4647,S4Mry31S3MAr7PymTxu2rzjr9Edfqjpy9uGswiSza1SsZjL
1000,1000,insert,three___,____5962,tux4FnlVdwlzNbYagSsdUe9So1IbjROirJIR7z1S00bEv33ZnA1z
549,549,insert,one_____,____3768,qWUYfwT6VPBNb8Pav3DZZjWLyz854jrU7PRXIn0YIoBxVifuUjNui5O7lDXvvTH
844,844,insert,one_____,____5215,F2u5qxEKJhNOmyCNN1vbkJhLml7mhZr7iUc4ynO9
63,63,get,one_____,_____690,
153,153,insert,four____,____1741,JbhoSWCAVgOJgkpkZKUiYA9G1vLVvU5ZHoz8Jon0egaNfd
476,476,insert,four____,____3398,Yqj9A0sqU7zTHTUNOLHEtGTVkgL5zmurQhMAenk4UnEiPpY6mxqBnzNL1t5W1IMW
386,386,insert,four____,____2936,rE2QwpV5jBSYHAYG69w7asWIls87KGOHqY7wEG8
220,220,get,three___,______74,
139,139,insert,two_____,____1671,jqvgpZiUqri9lxdvlZBVkVYI4YdFlHsAnS6CXOPJtAzpD
21,21,insert,one_____,____1104,6qTO86UQS93mQWYwknc6fMU2lHbQnkJP5RYq3ld5wg8HCn
333,333,insert,two_____,____2662,VFzRNTItF0gA2mcZMbyLiIq71STsxdvuJERyKa9G62gqoMT0
199,199,insert,one_____,____1986,os6dcDK5k114Rpp7cKjw1aN91qKClkZX3RWfebKwcOqIczmseDFT1CUmV
488,488,insert,zero____,____3451,crgPJgjPugksFfqQt3rSirPvQk2VaRWEg
709,709,insert,one_____,____4565,MfL5FKYh2AE0UMmiHbpNbQve6YgTRuo5C7VkG7ifBChJgINFDzr5
4,4,get,three___,_____997,
364,364,insert,one_____,____2830,t6x3pMJc6xB1lnBudDvC55kRSTATz66DNcW0LbOg5nFmbeZNXp5S
636,636,insert,three___,____4222,6qJsemqBS2UcaV4zK2YxDJwMlMmmEMPtt3o589Dp
925,925,insert,three___,____5589,af9sta12k9mkZlq0TEYvUPtTKdl4UfvsdebeoSLdcRHLEI7KOmoZJidvrsXFir
320,320,insert,four____,____2592,Cez8ymg1OMKe5DdwWAV6biJQPk438myK
46,46,get,one_____,_____273,
190,190,insert,one_____,____1933,DNoe0YKrGOoFiDjfl3mrICBAa3F22Ls2U6gGRZa
8,8,get,four____,_____804,
129,129,get,zero____,_____727,
55,55,get,four____,_____834,
43,43,insert,zero____,____1222,e56q09pfy6Z15feQwTbEltfXHepAkS3A2JLmYQ7d0bNddfsiB4kO5Pf8rizq5A4
697,697,insert,three___,____4498,rujLcPsUpvI7x6gguJYIydxbAU1rkoGscCYSk0z6aT
62,62,get,two_____,_____440,
115,115,insert,three___,____1549,kKqvnX01zpMm4qfm0876RzHGa9QK7irO3lIIasMhiDtDsUSGzgE8SYQ
282,282,insert,four____,____2398,N8w5fSqeF2n7awxIrEkuQ0Q2t5oH7FdGXzkj3OUQ
344,344,insert,three___,____2723,sf1DI18qZvSSrKYot3YeGchNtH0VxQZZ
738,738,insert,one_____,____4703,DEFDiBYXdwZZxFcKIzJfa8swoQeOgErfhLhYOx1vTw1rdnKEFUm92
267,267,get,one_____,_____514,
734,734,insert,one_____,____4683,3MT0hdrogUEtQDbw1zDVns1Yzgcz6PVYwwgCwdwxWWkWby8Ntbt5U
518,518,insert,one_____,____3593,0E4I40catgXkH0HYHY3TvFMqAH90GMQNDLM5uW
342,342,insert,zero____,____2715,hiv9wAIxcBvIhMrNAoneqEfjvVRjgFdN2ogCgkJMYcMRpTTvgZaVEmC
178,178,insert,four____,____1868,F5DecP2Nh484hdFgypi6d73hNdLfcoxTac1D
872,872,get,three___,_____438,
863,863,insert,four____,____5300,6buGvNqxYxDizlwyglbNePHtZSQDM8i9PTp2xtkJHF3yzBA
533,533,insert,three___,____3678,ojlF70SLFfECdOEyzaoQZnIiyCRrf9sdCSni2j21
40,40,insert,three___,____1206,XdMqxcO57OyhIUmDNRGpmjPcueoEvNkpFncGuOx8zewLQC38d9
126,126,insert,zero____,____1609,FR0H0WM1BFTLXvc0ol0ZkHApJzJmIIWJM4lqU1SIBFaA34IBkAzVVrUsr7
458,458,insert,zero____,____3308,0FvE248q8Cx5lpgM787UFwOjmiOtDErv42QIgML
212,212,insert,zero____,____2051,A0ZZoOW37J2zENCBUlFQaNO0QZ5Pua0wpmxU4wO2
93,93,insert,one_____,____1451,yvG9PuMSjiVLNaij2XItjeFslaEUrbFLpxHOMnPmtTFRmrjdz
388,388,get,zero____,_____764,
495,495,insert,one_____,____3488,J3oY2Dwx0c6i66PUOADffOprlTqB12tVLVCTi1AKvcfiHQ
270,270,insert,zero____,____2331,rPCDF4C2Xrl1jX7yhoPsYp4U3SUdmK5BI
394,394,get,zero____,______96,
177,177,insert,zero____,____1860,JMHk5itO2XBIKmY3eSEnzFs7pgIb80wIdQfR
567,567,insert,one_____,____3856,JOZ0MSQYu4GD1OswXpzSxr1xVkvpJ7CSrx8eeaB8qku0WiNzHnNOCkQubeyg9
405,405,insert,four____,____3030,s67tpLrc2JN2BTlFbbAwXQMp3Vn54fFEBUK
890,890,insert,one_____,____5422,mMAUSBIahdtcbh9m7PEXcpnnxJY2Y1Pt2wArUMqa9dUB0StyuBSf8t3rl1xqQMsb
182,182,insert,one_____,____1894,M3FcG4u41K5InuZudz7Hr7txgnW4hpFNjAVdhZw1NEzilb2FyxH20BmuYh0EmE
739,739,insert,four____,____4709,faL7yzL8jLnSZuNjITpw74Hn3jSFxzPvGbaGU
618,618,insert,four____,____4121,RPz1cmSu90D23M4P4eH5OuUc6GDFLWkymaIh83ZypWd0lGXjQsCYZm
559,559,insert,zero____,____3818,HbeEv4otQZEahbId9bZhLfNcMZaMfHAhDCzxPWIOrnF5B8XKgStN6Dzxsgh
18,18,insert,four____,____1089,CxPX9Qn3E8tTbqJA8D2PBloQrD9zrGgdIYBMRpBqAPSW6oJAYGq
794,794,insert,zero____,____4969,ugSho1QBJxbMKJTZyME7l06K0UoZAzJUisRX
164,164,get,zero____,_____372,
816,816,insert,one_____,____5082,G49kcL4s9rdhih2WmawZI4aMl7oM00H13
697,697,insert,zero____,____4499,CP34zckSSI9Z0nhGEYnQk3SK58uYv6n3zVpu
29,29,insert,four____,____1151,ttfQzc4dbfV5itraXErKWXpz3Ag1s5AcuRoVzCZ8rPrUzPHU0HVff1
34,34,get,zero____,_____699,
62,62,insert,one_____,____1318,QXwXVqmllyCGfTYRNlHOTerR49oUc5O68czgm1tc5tJ0xxUn3K512A62
736,736,insert,four____,____4693,9ZeZRg9WUuc6tfVQUM0JVHGKy25JHE3Bf66H4jWk4sBFPCMCmU
756,756,insert,zero____,____4780,cg2ZMvpIQh0E50Uk7Km3soAeJmPKHm2PwHF1
636,636,insert,four____,____4223,twanHrkqB0iIGKMaVjHzpSrNSlWgPD2yEhqWVKerS4ZREOatKgJpnHm
67,67,insert,two_____,____1339,7LtVSRocGjbQ9gGBkRlc9U9QDXfKS7u5Mudwufg
69,69,insert,two_____,____1351,LJkhqA7FvPVC1SFB6whitnoSnAyeB5j2RHfle8fT8n5
101,101,insert,one_____,____1485,QGMHRSN8oUWIc5sdzgYN9Il6oMhcyY6cOpbWfxMuv7q
188,188,insert,three___,____1924,wkZJcHwyVcfyQcqBhajVmN4b5Y9IsJ6h3BwspSQdKZpmeW
908,908,insert,two_____,____5505,zeQk0u6pzAfDb9B2jzoT6Fbb3aaQ11vLu0uTL6ZHdXzDh1ai8Ekr
104,104,get,four____,_____526,
37,37,insert,one_____,____1192,tKc8xZ0imdsrducywEn177Q1GBwmCHZgOxry
43,43,get,two_____,_____510,
260,260,insert,two_____,____2286,m1tTirMRBpmHqQog53gg3FFYq3Oh6wkj11foVF1jX9H94iu6U
24,24,insert,three___,____1124,TFyYZ6BOKA8SwxzpYRTrxPEPu5rVZ0FrRSlHJeb
125,125,insert,one_____,____1604,KzaKDvQkJNWWCQzMxq710T9OYs7d5pEpRcIEZxiHJbpOWxcuFf8XnCBPH7SdtI
64,64,insert,two_____,____1325,WAPK0zsvjN3cCcLdxXXjGrpPH0OR0Dcd2REoh5PKeFHoKBd
539,539,insert,four____,____3715,CHhADV7rsxzpCMX3yZKJoPkobQSD83jtS3kUvB
91,91,get,two_____,_____851,
240,240,insert,two_____,____2186,Wdo40KIWJ5GdAeLL5AyMCOnar4PiWp7TmOFj86F2HzVa0HmWKqFFAASFkK
336,336,insert,three___,____2679,9DBg0VxXTpZ0YMCmzArsoq8JzFc2oXS63P1AbE4xoEyWL
514,514,get,one_____,_____259,
33,33,insert,two_____,____1172,tSL2Q0eb63LvXnzBAYAmzGXF6baKRO8FiAzXygWZh4rriZ0e5mnVJxRO7tXzy
584,584,insert,four____,____3945,0RYV1lTkJDL4wEbHK0jq8UQzprzv4XhA3
858,858,insert,zero____,____5280,iarZpLWbrhfUhJ0AfGjwR6sYaiozBetsTH9UI
91,91,get,three___,_____241,
87,87,get,zero____,_____306,
451,451,insert,three___,____3271,FYpwB4BtkoztzQApO17glpB6rzm9zidyECocthLhVpljc5YCOJBo42S3
521,521,insert,one_____,____3614,aM0bBytWsWoPi3SGyHaZ4a6wjqzwiVdwU20
737,737,insert,one_____,____4697,U75eNB7i0dKEcvCIcExL5gxve1ppH2aElbKidnVr8phCuC2xT
550,550,insert,zero____,____3774,XBpnVkaNns3mWnBfpFa2cz2wiedXaarxxuZyCByjY0E1tkDzmARaJEIbbs3fml8
214,214,insert,three___,____2062,MZVMNZuLPNseaztlruuk6JmQ4AccJJPY9vJlollmr31Kc8VBe7W9MTM
312,312,insert,four____,____2555,K3iELgsMK8lM1XX92re01Tqzdn0p8C2hBotIcYzGJMxFtzCf0wRQLQLe7IJ7YFbU
733,733,insert,one_____,____4676,3ZiA5MB93D2r4dqtTYVEGyQkOAbtLsr7RqrHgy8Oyq
34,34,insert,three___,____1175,yFktBsPTMV4ydG8BPXnLaAek1CXAyS65d6SNo6cD2SHE55QcTgOWpS5MF
190,190,insert,four____,____1934,LuNbAudmjE3gWYo8Q9I4shQoLSwlhZLvTluJU
565,565,get,four____,_____919,
476,476,insert,three___,____3399,ubKaJ9uDDJGzWsRHCVh0moEk1r3rAC14aijEyByMZA9bUROg
612,612,insert,one_____,____4086,yTTkivMORNwh6vQMHZpdYHwR8mSZIKvf8oK6K5b825clGx7HNPWPqd
644,644,insert,zero____,____4261,NGsY8mxnpgKwdvR73KHP4vsz3OGwr9XyGr9
800,800,insert,three___,____5002,6LvGPB8QwL2AsNdpTeaSI4F09j3l1qPcjmhomVhtZuJ3j5GZKamq2MN
99,99,insert,four____,____1475,B2ciwGfaPZsXUKEvVKo2OTAOBj56yLhBf6TQ4cRsN
336,336,insert,zero____,____2680,CxWuJqJ5iniKkkeljFC4n9wFo91YPOHuLg12HZ2gT0
136,136,insert,two_____,____1653,qbcz4AarpxdbWomDiFJgfb8h5lnd0N3Gt8jN6z552VzOCsnUp7hxMz5W8Cr
884,884,insert,three___,____5394,0XdUXoGwyn8i2sXVnPEm0zEdc1gIjx5pXqDCTUFVFOu4
22,22,insert,four____,____1111,nr83HCkiAeSflMO22asWK5ehF7ZY4rh2TwokxZGMXx5
78,78,insert,zero____,____1384,KIb0rx1pGDefs4dCdreldlh26KAb4ShJnzRELkhSDlacu0EaeJApgzPkY6IQ
651,651,get,one_____,_____565,
90,90,insert,zero____,____1438,sXzVweKDfSDVBQrKfxHv9IBuEYocwxxhPuUXT6eMh4fav
906,906,insert,two_____,____5494,CidlCHRQmXlfdaxDugig531AMaHZY88xLmReT
807,807,insert,three___,____5039,VEqdi58WOi9sgUaOqUFz3fqf9bZQuaH1M2XFSngHN
786,786,insert,zero____,____4928,K8mLiUlykGjOFpptUdMuHiyvMay9PL2latWMigSJryIvA5N0siNea0JcwN5BW
28,28,insert,zero____,____1147,d3TgrYPLUESacEjgwUgAjoGPDKcdySH97MxnW2oeG9AcK5KuYo
138,138,insert,three___,____1666,zFFREPgRKnrM3MJUBP2uJXjpEYEBseoEcsHl
723,723,insert,three___,____4636,WVnGgmZlJ16KmezXJnLxfLJ8hgjvEyhh8Mf
125,125,insert,zero____,____1605,wS5yNVNo6vOnknlyCQsvjL2gOmQNT8snnxS9cLNIMfKn
7,7,insert,zero____,____1033,2FPlSWfBaQ5i0yF5HbpKu37vqPpeNazGUMzEHm0kJ5tsUbMH2gvRqsvZ
474,474,insert,one_____,____3389,gV80IyGdnyqahKjocdABZHCJnmZoN5GeaOyQnz10DqQouubto
92,92,get,four____,______29,
744,744,insert,one_____,____4729,waxIVzVcSE13ZlmohPzqHDuB2XJdrTLdSu5Xv41fs7gtFHBLb6wjw4
694,694,insert,three___,____4481,EqOUvNeOcKD4Rve9lRL5DBqzGHCpKMEr5ClfLdAMvJM0MkGrSwqdoEPV
568,568,insert,zero____,____3860,Y1h6yH4Q8dMYgNPCjWftOi6Q4OC4GAo6hb
888,888,insert,one_____,____5412,M0KpG5MeivL2Cs1MFl3KdmeQ3CuFWXMwEH9EHV9NdKQzmVTo28ulHxdUNmcDz5RT
568,568,insert,one_____,____3861,3ZkyBZryZ8o6oqluBmDonDVMYiihEKuX6g
869,869,get,one_____,______66,
426,426,insert,zero____,____3140,ZVcmvef1cJyCqgWTnL16ksR3ImQqzHRZ8Nq3oSR1Uffs8RgcaXDk0npACy
42,42,get,one_____,_____757,
946,946,insert,four____,____5700,sqfdOhcdlxTuhg12zMI0RcM6URMn3S84oT16JO55WKyrL2howlxp
185,185,insert,four____,____1913,n0SvbBM7H2E2Ib5IbpcxbMbSQQn0vRPJJRM
43,43,get,zero____,_____400,
33,33,get,four____,_____691,
746,746,insert,one_____,____4737,40rGw2dJfuLBwZoNZIN1XhcpPPzXRA9Lx49Yt5UJUxlx9QS2CaKlhcp
458,458,insert,four____,____3309,YpVExV9HwU8Ww0J2TFP3hIxSla1FmgStrN7eLiyd
977,977,insert,one_____,____5857,C43zdJyYssHrW4kGYFpt2m9fRdfCXE7dG5
2,2,insert,one_____,____1008,mHPFZy1YYX6LdZ8wf3dAzArIs1JnzppmyU46mpfUyZVn
41,41,insert,four____,____1213,qiKYzYKFA7Ul25LIwC1qiDSKFDLqSRaYOJdxAJuuWvvZGku
715,715,insert,one_____,____4590,t54JNFOTA1b9mZGtzy4QTQahjKMjuq9F8dDcWoYwovUoAtyGqFzPWph
537,537,insert,zero____,____3700,P2VmNb603nR8TazoJt2xL1X4cLKJHtF7nLnRUPYDUgBCRhr1zg
36,36,insert,zero____,____1182,trHuKCZVFldMZUvnPachnReDVQ7vv9FzoRHV9a7YrmBjMPXXz1
999,999,insert,two_____,____5956,6ksKKroLTHgah7NmMGajnk0rOb67fmuIFm9PdioSu2xezip3Y9EK2fdK6N4i
408,408,insert,zero____,____3049,60u2SXBl8UD1ll9vFjptPT8Tc4QA3w79welgG3wqVkl
650,650,insert,one_____,____4287,AC2UWwVuDgbWfZ5hEs18iwzFTG8wgMbk
7,7,insert,four____,____1034,Cok5RWVMeKvPFbsCCysHeu7Y6PMzXCw5IO0IhIixig3kBCv
542,542,insert,two_____,____3727,lfSlMUFzGQe7U28gXY3qutKO9RfYryboq6dfU77DFzO9f
445,445,insert,three___,____3242,7SfM8lG2RM8mmvRKK5vjWgWICwzl1WOcG2pPcyi7K7aUEeO015UoE1Tudet4
186,186,insert,three___,____1918,77IF7kNU2Pt5l18zP11nxhphct0SWHvFn
309,309,insert,four____,____2545,508Hu4aVRd2q2BN60XGu0zxAQ92hbLysEmPcxOKY
45,45,insert,three___,____1232,Ng3blfhdeAdD4uCrB2ZoUicxZCYFrbbi55Pou3Qu7RryomFNCCSg03tdBtYirsZL
933,933,insert,four____,____5629,4iZSlLgurp87nOonMJavMDne3UyWssJLe6iLt2kZZkZGknMv0ev63iEv2d92
486,486,insert,four____,____3441,1yMJOWs9LnUgXQgOqs2B4ZwHOQINENyeM5Kv3I8WuNl9Z8UPdk
20,20,insert,one_____,____1099,I6N4sd1Y7F3ImNbxYZCY2cW7zIRMSFIrLUNfv
243,243,insert,zero____,____2202,VSklkLdKAi5xd6RR8AzDHzX4YdVisysP3KmQ5GjSQO0Lh
863,863,insert,two_____,____5301,Jv4ovr7QZKsycyZhWDLDAnE49zewY9XFX14wSQaUX6
127,127,insert,two_____,____1610,0MOjeSxlLPIPNMWhZSzDvbjgzjiBVncz0McDcCU2SQc40fpJZsb
161,161,insert,four____,____1778,MBJqQIKFXCZan3cCRZdCYKumg6XrXLJSmxs7o3UKS8nK5IRdIIPcNpliT6jf
262,262,insert,four____,____2298,2hEIxWgpqJ9VUKxz6EIQgGeoctL6qFSlZVImalat6hqaFZSZl4mFWWM
456,456,insert,three___,____3298,NpNRIp1kUJBJMioCeqC0VzNrSOaNlpxobGphxgNj1
136,136,insert,one_____,____1654,xAucxaWFeYfsqxjzB78xGwSt2EQ3dM3YSArKhZDAp8vNleHDstZ9ezeX
551,551,insert,two_____,____3780,Z0YuDw3Cjrv6RxESeYhkagikFfSsj8Tlb92h2pbSbG3tTQ3XLnsu6cC
771,771,insert,zero____,____4862,RdW2rvton0v8t8ctpoKMknsrSN1ldq6KqyuSnqUqYV9
30,30,get,one_____,_____750,
547,547,insert,zero____,____3751,VQBUuH7trzDykkrjuOKeM4vkSsTFxDazo9nPnoa2yrofsM6m
273,273,insert,two_____,____2347,gAEIAC7NEJ4R1C6FyyTJkUj4FxPK5YDRX
388,388,insert,one_____,____2945,gyLUhmWEUzRCr9nCxz1gU6HN8nAx0324fO9VVKXN6blyutEeZs
164,164,get,zero____,______23,
115,115,get,two_____,_____538,
861,861,insert,one_____,____5293,S9RYyXYs5IyQQhhiKsFF4QBu02SSbyYU7ZQwu2n1HYm9Mj38
516,516,insert,four____,____3583,dmxGWz95RlXXldT79SChjfRdVMmaEYsbxI6OI
275,275,insert,one_____,____2361,CJKk36VOOYHrZs8gJXetbdy4lkmNjfZ0bwStzW302BTig
636,636,insert,zero____,____4224,zaHESWiHEJYnhun6ixfy3S4J2lwC0r7RsOlmaL0BNNaiFK
38,38,get,two_____,_____324,
475,475,insert,four____,____3392,oX38tlKEJplTHZD1j3TkI9SH4trRVBPuF
977,977,insert,four____,____5858,uQh0cqqcwTayZ2IdBoq5fdYUm2LeaXFDQgY4OQilXnFYZ98OH0Z
22,22,insert,zero____,____1112,hYqFVLiYmaBxw266ksjeeocVyg35zkAvbIGlyCFc
742,742,insert,two_____,____4718,Wc2wFGVNzkuidhQMX5fqxFhA8PPzY2EFidmbmU9LKIsBR775O3j
42,42,insert,zero____,____1216,adtk636iTSYTSLFcGORYXWagtLDSpd7JvNVpKGnPfqakCY
49,49,insert,one_____,____1248,pcqTeFZbDs0gr94CWgHwVcPFCmVNvn6cSkIHQlI1jJsBe9ogqc
559,559,insert,zero____,____3819,bdFIwYx05OtOq6vdx9ypdxbi4FaEq0m1z7YvA8YbV8nwJqwWLegryXP4ct2eg39
534,534,insert,zero____,____3681,kpk1xNEke5dxeklUOoOrQ9Dp1yBt9U9Vz1fVBGqXE895puHpXB3Ain970NP7NHJM
829,829,insert,three___,____5144,QFL5WakYOyzuHBxhV7hgcxa6DMoPxgt0ZR1Hlw4gIrwjsTGhCatVYyYVr3m
708,708,insert,one_____,____4557,Bp3c7xSzKFFY3E6TTjvwETYVMWTjVAWQmXF1Oqg0yEvP9Z
295,295,insert,zero____,____2478,YWEVzlaE2qCbaGXjvoFHcEHrszujJoIg
528,528,insert,two_____,____3655,dA5wcVkdrbFUC3qZUCXwKiuJAL8fzdDHwQHi6lQo1N8wOeOfVTszQ9VTSWJbn7C
464,464,insert,two_____,____3338,lnugQyYIDDvDsRbWU6hNTxTKWQiZtxIFs4t2XcokmZVZvpKcCvrp1OX
823,823,insert,zero____,____5116,8lsg0xrtcuMgasoai9qvqC6I8w1590UPVtfDyGpf6orHXsozkauQB3d84en49fw0
261,261,insert,zero____,____2293,C06BsKTbYSdp9qbJXpgpTntUxHUvUwa0uTzKRRsvSGbh
96,96,get,zero____,_____460,
430,430,insert,three___,____3160,z7tmOHkqMVPjpoGl6bacI6wQZqjF1JlFVSkbhZmeNatiDdSH5rCzM
156,156,insert,two_____,____1756,Bak5Qjr2DsI3yZZDv0Lcg8iJB1LNgMuY61LLufFGAkrm6pGy1NmZvwI
67,67,insert,three___,____1340,YPtBctffZrNBKB10ygEtrhAoeLeSnMNyKUS2QV6
59,59,insert,three___,____1300,3EydDSXZdxHHVCjOlD4qGgsgx9DBjmUXtyTrpLQiaao1v252aAp4BMlF6fucyy2C
103,103,get,one_____,_____229,
850,850,insert,one_____,____5240,l6PmvtWSWPsz1yh7fCpE3aLMtdZmSYw3V
334,334,insert,three___,____2665,38D24o7282asxXBYUMPmHSz8TLIDLQwu1mOQ
24,24,insert,one_____,____1125,uKitKk82J4X3ZP652ZK2bE0Fs2dS12poYMi9tI6I
93,93,insert,four____,____1452,gP10aTKys9c0vTfRn8va5ov8WJ1Ei57zS
769,769,get,four____,_____488,
509,509,insert,one_____,____3544,GiXzJUtGirHmuT9ekfu54nRVU1p0d5M3n7KIjiYlr54j
734,734,insert,three___,____4684,5EuSmbwEQ26MUUomTgsL2rBcWteweSYMn5kZqDKZRffgSin
705,705,insert,one_____,____4536,2u431sgeDB6iMpzJjsk5FprLFK8cD4L2CNoIUWJbcnYzjSc9K66
559,559,insert,three___,____3820,lWaaNfiFgt5rELZXWiGBE2tFWbByX0x5UEM
3,3,get,one_____,_____249,
991,991,insert,two_____,____5924,Buq0xTm2ZGHsfmL3YFedjRsrN5OWwV21lriKJRbga4
919,919,insert,one_____,____5554,dollk2ZlGzRYMeK3TYXjeNZGqW4MbxcGebpRITiGi9E3FnUrbc4SBXd
892,892,insert,zero____,____5430,jyPsSnfVSyPgKkXtrIktXMi3lT6O0mbmlCZaTqEZyb6lzQL3CI
677,677,insert,three___,____4405,OY2pYk6NBndvaG8bjzV3xA9r9AvNp6aJORqg0AHklXqh
736,736,insert,one_____,____4694,5PuxuCtJa3DVXzFSDVoO8rjZugfAc5hISOO7lB27vDGTN8s53ygNfE2SwiygMgo
288,288,get,three___,_____311,
379,379,insert,four____,____2900,9ME7NPj509LOm3N9GwX1X2PjiYHDWjuWVZA4pMhP8hWlPc0Mk88msNL2N5M
364,364,insert,four____,____2831,7wSnHffcoEGvumISOQjzKWvO7R0goOwE40hx6sbzlVscew
583,583,insert,zero____,____3939,dO911ZOGPfQFKlyNd7j2wpO5lGUzrSWyUIDN8wuHZ
110,110,insert,one_____,____1526,MKsFhJLCsVcYSnm9VD2TQuhe3fHFWQ5Hi7Mbu5TJuI
935,935,insert,two_____,____5645,rWDJYtJerS3ZCwmGzlNRnKoP9k3avS5Ff9LVlgy
114,114,insert,four____,____1543,FBZaZZZeWOEioc8nCf9D4a6gv1WhPwGHC1vPGQO2hAiU
4,4,get,three___,_____181,
412,412,insert,four____,____3071,SbaLaU5u1ESjuAnp9qp6vX6lND7NHvNvI4AdC
288,288,insert,one_____,____2438,cj9ZVx85xl1ayxssTYg5EHytL9NpuAoaq1a0UWZxzeSbjM
379,379,insert,three___,____2901,gMDMlmvnk59Mfps1O0sqetyMXeTfYJGUw1yDbBI0dUqROPqSYLPQQhghI
1,1,get,three___,______46,
991,991,insert,zero____,____5925,4mOAdIfFlF2TnwcS5GHBBGgrYssryyVvu8CDo5ksosgiutICukSKrnO9
425,425,get,zero____,_____290,
258,258,insert,three___,____2279,oPbCxr2p1Zmd5GJX7GOOkMNT2njcUVaPjz8wUl48l14L5sM5bftprQn
624,624,insert,one_____,____4155,suqrE1n0Rj9VbfUD1FXx7MCsvH084KTXJu1jUZ
116,116,insert,two_____,____1553,aUtbAZwaSOjY8ZIP2HDXH3Es69gBJr0CJRME5zJcu7Ht0G1m
484,484,insert,zero____,____3432,Ola80Oa8Fod5PKpEKyM8wuUio1XO8MSfoIkutD
636,636,insert,zero____,____4225,prU52aDvXRsfFxXhS1E6SfXCfxLTKOaN97W32aEn0iiNdF82WAbBmb
796,796,insert,zero____,____4980,gnnPRcqNywzr5LiMA7AsdhNXt2hghJBTgcTAbiNZXQQ62MwY6Uq077swzWQE1lNI
70,70,insert,four____,____1355,1EZcPJ9Hq7IiTRbzJ7Wh404wAZKqVBUdlrF6hjppukgeqDqPC0Dwmd
1,1,insert,three___,____1003,4Vc2hoJlFYcD1JRwCsRwwTFCCqEY4v2dx6KogfozjFnvM03XTrIJHX6
788,788,insert,two_____,____4939,4YwM67UodpyoiLKug2gueCNK1CMZLqiKEUeijIPgdmrk
53,53,insert,one_____,____1268,XMGchOTaaDBFvkBXzTVWjZEOKytxg4JckBoQfC57ft
127,127,insert,two_____,____1611,XBq9fLsfyZViqR5xIMbOzCLV8UtgDjEKtinSU4zCV7VKJINyZ
420,420,insert,one_____,____3108,WaCDPdh3K8d9ppedXdRqREU8hEeDiGjNur5PrxFA6bDyAiV547fJlwILueFy3
101,101,insert,zero____,____1486,A6EMywvvEmq6y3Z9RKVObF9ONW3xe6IfrkQFfzLPyuPULod0fjU
61,61,get,one_____,_____712,
273,273,insert,three___,____2348,KOHWuHrtn6fYmwoFSXvoX4nV60hLFOQ3Dx0s7dG5fDnxh4nsX10bz4
280,280,insert,two_____,____2387,h2LmE2UUyb9JgI61WVrspWV0Ie8vwuPvX4nPBau4aZzmUvdn1OYbSi1rgQpkOj
3,3,get,four____,_____818,
524,524,insert,three___,____3633,yF99e1E9ME1LvLQf32cLAKJCneZ7qVLx6pe8Sq6psPjee4sFp1ermSw
938,938,insert,one_____,____5665,MqjtUsqsDg3PZHH5fWxhq9pKLZJA0BBz3Yr8IvgDQMcrXZp53bwGfDSCa8M
106,106,insert,two_____,____1507,L1t8ic56eVB2lM2fx9aH7H5ODF252pz5X29Cij61tp2jDjMU3rznIhkBiG
481,481,insert,three___,____3423,bRwsaNAqUlKmnaucmvGquErhaUulr6pdXsdNgIBpaP15vFMatafbZ8sAO
521,521,insert,zero____,____3615,W1HpvOl38glqPFrPDTqB1UgjMPKCYtTJbRpYzJZHX
949,949,insert,one_____,____5715,ENUcQL74D1pfAQdAeUDM41RxwLUyk2WJk07BDe5469PfdBYQ3zpTCO6eKfRlSX
355,355,insert,three___,____2776,RgwF0a6Ft86DhKveEtkoosDS9CPdpxmK6j5
11,11,get,zero____,_____749,
402,402,insert,zero____,____3015,wEz3KIUY6FwlULlTHeDYuJUVHSeJYYsecGYYBbMcFuGftzb8qxA
349,349,insert,two_____,____2742,HcMnVqcBu8dtLR28RMBdQk1BAgxHhd0KhjVjhf
426,426,insert,two_____,____3141,9vWM6fLnVmT0WUTVeNHjqDgJggqAtVnG63dymtp4tswWB
430,430,insert,three___,____3161,4rrtzs0Cm0uN4T3oo9UPw8HXujzYj9Xm
514,514,insert,zero____,____3568,Y4O9uuhBX2x6jV6cOK18rXjpScDg9tvedrbe84yAhD3Yd3n06i
15,15,insert,zero____,____1075,gq8K84W2dALfQRQLODTNDJs6HQDM0v4mHqCSRynQr6PFyYrKlpUt1NaXnB8h91l
977,977,insert,one_____,____5859,qxPqy0UnbLPQKvu2VjwadXvD1uBIgXlUFShUj4
801,801,insert,four____,____5008,6E4EoU6ZcmoROQmC9IZtWT4tVGyslTqHqGf2GpI
859,859,insert,four____,____5284,3jRE2MRtS31hilZSn9ogDyAnfLbHFB84keI
315,315,get,four____,_____217,
73,73,get,four____,_____807,
889,889,insert,zero____,____5417,4KJoaRRjXnf0RJ3WtrhEGc414LTbXKHAmxToGkv7rm1ekFIT
16,16,get,one_____,_____512,
632,632,insert,one_____,____4202,Ge8bLlU0cL9P6zU36MceA3QMDzsKwEOr6jQIAZnB6bCr2LXCZ9og
412,412,insert,zero____,____3072,MGqjc5EzGTTRS1VLsE6lUcLDlFnImA7aaOKfL5
139,139,insert,one_____,____1672,kuV3jS9faFRuUeyFx3SauPiqns5kHxrd9FhIew47M1FSCVjmnaR5pNABogunkJmJ
355,355,get,zero____,_____146,
240,240,insert,four____,____2187,kscnZHvbXOzb0KbfsqpzNnNRbhjUX9K7MmUqeORtMMwQXx900DM2JPwesC
585,585,insert,zero____,____3949,lColitjuZ1b58evurOEtKQ3j0Z55KWkJoFADXeQopon45y
298,298,insert,three___,____2498,VMZ3kaBlx8q0vU60wWD6jrqO0q15PnndEqbsgI4Pm
280,280,insert,one_____,____2388,up4jBYnwEt5NSo0GLPheaKrh7Ng8tN4M4Dj
303,303,insert,zero____,____2521,e9s5NygvZbKxEwWsBI6RIlxDFK1yRk4DYi92458xfrujJ4u
704,704,insert,one_____,____4531,tn2D6bD1KkPos85MNmd40vIMuXh326RjZRVt5dHMxCQeedLZAdeM
98,98,get,two_____,_____329,
217,217,insert,two_____,____2073,KWoXXrYsEMOCtmZDXunfqhi9C7UqdDpbSp97bRWXecGXIbtHNyLvW
748,748,get,one_____,______43,
726,726,insert,four____,____4648,E78q3nFu0p7jfFFJ8nLHFpEKgbdrTZHuVuwd84LFfuGNwQG4n
715,715,insert,four____,____4591,HT0ex8IrqBUh7vgEqYd57oRxHmLHV0150ibe9Ip669XcObutteFcB8
801,801,insert,zero____,____5009,y821v4xmtYuPI7eWdZPcLQ3ml9wkr4IdvhtGQ6qrhmJ5Ofkh00v9A48do
20,20,insert,one_____,____1100,SgruxfyGSlJEpAEOCrT3aPopwn1KQSTlPTRTWpOvr1m
711,711,insert,zero____,____4574,4uGkIgSuobCwWNFQGiwQz7lQAvZlU6vJ
55,55,insert,four____,____1283,6mcBuIikzhJqW6Ads1KnEOFj8xf8MPtqIBDWyhkm
288,288,insert,two_____,____2439,NanQulnkdkMaJuLQ1szQUj9jZh1ZbInOxeT5Q4IcFvJkSGd55Pw07l
197,197,insert,four____,____1977,zmlkD4LwVWWJ7hoHXOkdPwphRiFopdQYCBeXFnUyDLedR8dAO
316,316,insert,three___,____2576,LMrWztYze4qUFb8yzO9oAw9vBRRrYCqajikqskIoF4dx
327,327,insert,one_____,____2634,INXOil9TyNtvmy0NC3iryndFdFdbWybL0h9
32,32,get,four____,_____693,
45,45,insert,four____,____1233,djJAFbGKRIzbZBr1hsAkW9b69dZqXtyGUZneU9hzPaA
742,742,insert,one_____,____4719,1uHJ60GDWlGSwhjT0H5QG1X8mYgM9BAvS09xEjoCfKL1mqVnN2pDF39TTJ1235i
488,488,insert,zero____,____3452,cOccxrKak26WBM0E0qTcdfSFCBbvjmxOZ4O5FdDmaoyf7yHFMeazBuJOAr5uBw
173,173,insert,four____,____1838,nyYPNW10B1CG3nXYNVaCV0B6aDYkHtY0HZZQvJwceI2tHVEXQXwo4KjkBlWJKMmz
583,583,insert,two_____,____3940,7fRZRPazqfET3LjaZVwhplKR7XCmkjweQNctrUIfsiz4xvj1oJNm
698,698,insert,zero____,____4504,mNp8Y5gdmcmqs1SZdUnkIf6o0ArPxaOhA4bJw
946,946,insert,one_____,____5701,6ovfq4YNISzhCwEIU6Xko4s1DsThWjFMGfPouO06ry2YbSbPYiqKH
790,790,insert,three___,____4949,vNx2qvd5DPKkO4AuLsaREWtp26qITS0RdbAwnDr6R0h3DTPd
39,39,insert,three___,____1201,nyh8swtn26DkZn7e8W21tSJAkQATxYVUWPdbdx4zzGwAmEQ6
13,13,insert,one_____,____1066,2nQVYds5QdVEqI1vEcXy7gyZOEh2B2cWgSh8WnbP26uDwE8xegy7aJyH2c6NyjCS
190,190,insert,four____,____1935,5hzHVqhN9B3kW49xtOOHJsyR5GKNY4h7UR
934,934,insert,zero____,____5637,6nnuCV7kG3RGD7exJkL7Sz4UoZhK4agw7iIOp
129,129,insert,three___,____1617,oy1FPxOlDbow6cVmxCHhWJSmvEWF0CWXABPT1yVabPpKxnbyMLnNae1Kb5O1
582,582,insert,zero____,____3932,j9AxtQiUQLCBB4naWBNs3Hmy7pD09sPPPjN1OsWYqjWyu64Ulzv7BKGbeyfD
728,728,insert,one_____,____4656,w2MACExpr8uBxAiWUvLKvS04g3exTpWmm4rFaLIVTD3NLtR65r0fhbOoePV0
473,473,insert,zero____,____3383,ETRr6wsJGWQXXfg2NRhj33NwDbnKPU3oKmBTct7
33,33,get,three___,_____985,
962,962,insert,two_____,____5786,u5mg3lksl2mMpqEp8G3OfBvoeMQoT9rBg1NgIiKh4YkRhKl7BeGiiTEdWxc54o
193,193,insert,two_____,____1951,cGlr4jtwIRqgOBMuorx1mQc78MrNXfJw65U
495,495,get,zero____,_____578,
527,527,insert,one_____,____3646,2WtegayFxIZN9voiuZOZmkteRLz9g4DZ42Au4yj1S39CGWqbinTMz2G
87,87,get,one_____,_____163,
2,2,insert,zero____,____1009,fqnqf8Kt6XI8x67EyieTQs905t456FyK8PPxiCJyzVQ8H2QP
273,273,insert,two_____,____2349,IKJJ6jnWMF5O1bPrRhkA3Ouxbh7tOmlYC9SEst0yTS9AdmT
296,296,insert,three___,____2484,lcBmATaRKMvnhvggbZx2sQ3CkbidErdK3cgtJc3QNqTOZfCyTWk7FufTWqOtkT
631,631,insert,zero____,____4197,rAojHfuWKyMfAUoNXHvTVkhv3BQgZiCnRJ9L12QDHTQYIZLUGrn00
426,426,insert,three___,____3142,bZWakDBhY8kdzi8wF1nZUgbQvcBzjznAXqkjuPuaDp
173,173,insert,one_____,____1839,zkFpxk1YkLTERuhDeYlsjKZKY5wBz3iQN1yHBENwyouAxLP6
297,297,insert,one_____,____2490,NmMWz6piTZpPLwhsLV425lSXXinl2Q6Oemkj111ALk27h09raBCrQ9c7tF
955,955,insert,zero____,____5748,nifkKBfAhBdBiX2tqIErgZgfrPa4XgcTu
297,297,insert,zero____,____2491,ie1gVpDvSoWWGsUaQt2QPLk60LZHA2omp
704,704,insert,two_____,____4532,JjjP7ixndiITPjeIdRBcafIDsfk3H2Um8MpZNdkVjg6rPhEGn7
949,949,insert,one_____,____5716,28bL5djBHOh9cLlFOGlz0vAQVsQUm0Lt6XHLphckxeqjwCb2xCR6DAjB
344,344,insert,one_____,____2724,HQnVW8DSlILg5xdt9OI7V70sakfoDgF3flYCi
120,120,insert,three___,____1571,oEKVZJ2Bkdibfzdtlm3AYOo40WU1hAuAwg6
235,235,insert,four____,____2157,ovXt3Mtp9ah8cH0tuEs69qzJlaWR9jmD47sSw69
812,812,insert,one_____,____5062,sHrBrCP51qbkK5s8SipB9oYt9g4ZfyoBI9BlwoT
867,867,insert,zero____,____5318,vFDTuj6fmLD0kzN1dMFx0F0HiGsc1pr6Fes9C018VzrettUoxd7LgQkUT4Ch
16,16,insert,one_____,____1079,1XGJD8mn7QP60kIpZJVHG2gj8H6knQ0u4W35uohnrpgz28uD0E2XH
329,329,insert,one_____,____2641,jg5u9XjpdbD61z1OcwAPy4HTcyzTtR9OUJIN6BuOVmqNAlFW5gmw3OJCY
504,504,insert,four____,____3521,2eOU74Ihdx8wbCPL7EvWhNqeyVC7ww5cQ356xfFCyYSJfVg6xKm75B
437,437,insert,four____,____3198,PjxJ6TntKc5mYKxaltKYZHt0BI499bAAjquNiMDq1QRoniLhI3F7Fc
142,142,insert,zero____,____1686,fb5ljqhDQwUOHWwSLM1PEKIXAKFV2YcRk
58,58,insert,three___,____1296,T30mzv5V4AiWamJESZbzlzMVwrTVVLf0qDKXavBkGsJQlilfpvQ
70,70,insert,two_____,____1356,ZwuvpELg4hDULZq9w4pvdX5m7coKtKYxStGyWowEXaOy9GaFRpqLZ8e3ZXi6y
324,324,insert,zero____,____2617,5EBTxpjSi9Bq0WfBezQXqmuzsdVsJNAhQA2yF
23,23,insert,two_____,____1117,gu4tbgS1I55p7Mi70dw9mj4f0Ua6757r
635,635,insert,four____,____4217,jxq9kqdS7Tnlx6QX664glFFWxJDnVmELQcKvjEAcmRaRDD7rdNMtSsmVJd6
49,49,insert,four____,____1249,qRbxO0I2iM54jfX1EsxEZDebWYeLWMhm
69,69,get,zero____,_____527,
164,164,insert,two_____,____1794,dnL1NrGFe8I3UagwKu4aCGgrqba69oHjrWc5ypjuql1uWHG6SJ
32,32,insert,four____,____1167,R6UKWbX0aMZ1m2mJTV0qesEZumv71fbtvBLyr6BFCWc2VRGhKMA3wcWA2yj0mHd
770,770,insert,four____,____4858,9Ne86c1npmuxM9e3haWhkzRmcxjcyhWihNmBaHhInlGmZRdmCaRGFIwefr
182,182,insert,one_____,____1895,KeD3MFtLUOcjcpIXddRX6PY0iOByolh6EZrE5hnfTloIc
812,812,insert,one_____,____5063,MPQ3XihcphplFk9X3mJdGgfgCVoUCgIbPqgSh2KSmaI5uuhsuG4LfIu2nvqepn
766,766,insert,one_____,____4836,LBWlCUs3BaCWUGJ8DvAAaX0FsUsgT2R71wJgZ8Eil1SmWh
329,329,insert,two_____,____2642,9aX22HhT4mTP7VtFSKADpvZ1KaifkiCsooDVzlm2zpfM8COY7B6DIjbQJ0HLKS
79,79,insert,zero____,____1388,9JnePjdbSmuL9qbBKfBZik9ZwDCKjNYfRShQHrCcYjitJbWeVt0TI
874,874,insert,one_____,____5345,ieTJjEARMFS6lG2f7HbCVpGfewmRWPbC5nMCz
490,490,insert,three___,____3461,dR6x4UMhQFq7k16aoG5o5NgolcyUP5dTX62MaLL2Nz7gH03uTXzyUFnqBYxV
388,388,insert,four____,____2946,XESlfGc8IznXYBJHPIwTPQ9mnGssbrBYajhrUtEjGS6thUrpS6NK9CxcHXcywn
795,795,insert,three___,____4974,0N2WB5JUOoIIblxoXfWV0NdqDlywjXnwf0i06JtdD
625,625,insert,one_____,____4161,8RQT13u8csUh4X7Lt1CrSLlwVNomPx3jz8t7QAv
101,101,insert,one_____,____1487,yJzRIIOlt526MLMiU6q37ckVWU9GpQL9LwJ2QDWLqZgmclyTjVg5xzcp9flh
296,296,insert,two_____,____2485,yjK9Dp824QtJd3fJJZvnx47ZIv5TESO0lIt
136,136,get,three___,_____104,
69,69,insert,three___,____1352,mnuPVX646QlxhZBDvWZZ39YbUbzsZ1uaZmSeLsbvICOf8nliEO3aC6C
988,988,insert,one_____,____5903,KIxyg2qOODWNamfFRap4fLaEsFjN1KBrRFn4aXJMJxUmYBSH3ifitt6eW3
334,334,insert,four____,____2666,l1hv4qJJT3Ts9KvrJYthvfjGBZ3aZOPaGtdktC7XI09ceGhwpSDEAi9
823,823,insert,two_____,____5117,bui06T2zETcBTRgozvKBOV33KQJfY72NMiwGpt37RivX6qK1bn
695,695,insert,four____,____4488,By8RwTkO5K3HsWF4H8xYstvUSoVCUX26sRhpeVGl3Jiw2GQAGcenV4aoSrqPTI
801,801,insert,four____,____5010,7RRZlwblrmCRamKW4uFa3JvavN3OcBfi9SdVTvD4O
39,39,insert,zero____,____1202,wTNdtQqD1cBf1jeyWHJQrFJMgsFozBZjlZg80mEHMB
656,656,insert,four____,____4309,SQcNLgyyjTxfgXmK6Tpru7TuBBB8G1zs1lKPoNCX8Un
718,718,insert,one_____,____4611,EMJ6ddvkwkAqWwHuLNU7fhNuTHLPYwHGwMMrePQrWIZPHFgAqtxlFDDEUY
109,109,insert,zero____,____1522,g8yHVTQDxIhpzRHutCwGq9sfG4926TQTiwJ0iJ4Elabt2
38,38,insert,two_____,____1197,raR01a6NUfbOuREidwC5gTNPaJ4tryKI3nfRgyW7vlkHSWeZhmgjMAQ984HkjDk
955,955,get,zero____,_____166,
455,455,insert,four____,____3292,xQgzPDegRbd87a4IVWcxeuTxKSDMxMNntTAmL2K2n
562,562,get,zero____,_____949,
49,49,insert,four____,____1250,bfMxRJWZgeJdE4xBkWuINLOjR5nbNHhH9JjqPf64nCwHIGripr4
72,72,get,two_____,_____813,
723,723,insert,three___,____4637,30XQlHTyP82Jp2MTBYlvdqE6a63keZLUUyl5U1vbTIGBpfZv8v9Ith
563,563,insert,four____,____3835,WvdChsd8xI4wbYlObtCoLy1W3PasFZyzk6fB1JeI
113,113,get,zero____,_____159,
934,934,insert,one_____,____5638,AGgAn7vLzosCd4bPUYav86S4PZHERlOaYy2OhiWH
101,101,insert,zero____,____1488,zRqC7Q8fymRIknhhG5aYNORcmJRMFdOx7JSIfEr4NPDiK8VlkUV4VO0O1aDQ4K
275,275,insert,one_____,____2362,UhSiB6qkHnu3RV70AdH2jOikP6UPcxgmhslSnqvXg0r9CBQz2Zzo
329,329,insert,two_____,____2643,8hspMGs4SywmXihErEPkifK4bpF3I1eer5AF6tYSMtWp2C5sNu1fOLSGTZ
527,527,insert,three___,____3647,JkWVzHXYEUeL8yCFgNvboiLHNBvxgmMe6CUDIh
990,990,insert,four____,____5920,xnICdbsEkjClzBkezLS3bcXAAG176I2oMh6z1I060oITc3ORlHe
40,40,insert,four____,____1207,y6snkmSRZFXIA1YJkzZSyz0cQlDS0yotOhrCCxll5Oc2R0Yf5p3SXP
667,667,insert,one_____,____4357,HRFE2P72GiZ3uBCuzUYbRPspZOwB1oKOqvGXVE
709,709,insert,four____,____4566,6b16TewRGDNTrsDNcjBlmGlQKBZGjZYXPQeM3OSAWu5VyczkouXRabY3akXhk6u
519,519,insert,two_____,____3600,UTYwYo7KN0cjwdVPFeZMeGJ9g0ijfwNHXUksRwaQl5g0jitlEHjnMhQltIoQN542
492,492,get,zero____,______31,
87,87,get,one_____,_____501,
559,559,insert,four____,____3821,fMsYwwoUjS1pxJveCTgaTofFSCmrq4drc6POT9vckb
282,282,insert,three___,____2399,vWrrWoyeRWwVC3BQXIw2ZqIky48S5w7mEoJGp8zvdCBuOa
795,795,insert,four____,____4975,ZOFfeSzcDEDXWpG4nVldwTKjmbwEVc115zfvcQcYviYuvAzBZGg2n2Ol5m
437,437,insert,zero____,____3199,mgdj7sX1GN4G2ilVk8Kya61gbphWBs0l
288,288,insert,four____,____2440,5HDv61k44JamYlEVBH6ZHst0c1oF5I9CSCVfRdXmo5JGNFVRCPQWw
469,469,insert,three___,____3369,UXmoRLnbmfV9LHYUMHAzHEmLWk0RVfNftfulZkR8AQzxei2ShkaL
109,109,insert,one_____,____1523,7YrFEUgr5S14XdVIOH0jIrHRzzjtBwh94JnF7rcxewPVAZf
86,86,get,zero____,______25,
948,948,insert,one_____,____5709,xBttln6Opv4pwtMIK9O2WBJChoLK7aeLZG5Gd68aFViLSmkvU9ggcPD8IhjtHT
302,302,insert,two_____,____2515,EKcuMaFkmVKmcL3ZkXAz43ycZS6rRWvBelkVKGdGDbgyH
28,28,get,two_____,_____773,
378,378,insert,two_____,____2896,yH6F5cFOb8IHrEvlUClrR2ShGBeo4AxHE6nwa2wssv1V2
412,412,insert,two_____,____3073,dktO65fQq1nedowLkiivwST1YjL3QfbxCWMJSb8IlgaJBlJUWWzKWJdFmU9UeW
718,718,insert,one_____,____4612,5SxdvwJhMdtUp3rWihUetajVY5Kdi0y4ev1CdQL9QPYQfGQePNjVjwIJudFC
217,217,insert,two_____,____2074,nMbFIGhjAOrd5YEUCpKUPoGr0IuWjMa3mbo2VOppyYUvyX0
49,49,insert,three___,____1251,Y2YEqYfNmnJDoFHvu434NVNcNOp1WPpx1tkR
23,23,insert,two_____,____1118,JjlLr0ZRUzGWGpBdYqj6S6EQvvY48zIE8UwBrIaHEF1N
412,412,insert,four____,____3074,3lXI2KQTFggqyHaB4w2cWigmFgaKIg98GTQ8rv193FZa5YqVdNRzpFF2ce4IK5Y
881,881,insert,four____,____5377,bChSTV6kltVJlcpCfHmHqNtXo6L5VZxGYVZSzeCHegAvdYxjCvjYpvI6mVp3
527,527,insert,zero____,____3648,k8JBKc1dkmEbSURwb4hA6ZePiN4hh6NdT5zcASDQkWZ
677,677,insert,three___,____4406,SWR4SvGecxheBa1MZPNLFHtpHrUuJsWqjp
521,521,insert,three___,____3616,Nay1OgEWqY59XVBnM2XUCa4RBKCcFnr9cVsTHJsKgBi49a2E
465,465,insert,zero____,____3342,VCI6KSqWJLR9xnhy21htPpZgb8nWWmfegY
110,110,insert,two_____,____1527,sOQIRrTWE4ys5ddodN6rxuFS4CQ9BIVKeECNvkJ9LMRpmWzSWEgP
229,229,get,three___,_____528,
626,626,insert,two_____,____4168,OIhXuWzDHXMkUPou8LSsSgJfzqfclqB82uHBA
291,291,insert,four____,____2453,pNYv6vK9uH5bpqYtctUQxZiqBql9409YVX9AHjJ3eLlYZIaEGpPQ5PN1ZOiT
425,425,insert,two_____,____3132,jxQyKTfLZ8dhB7I5EbD3Uhk1RtNh5NDH1Xh
107,107,insert,four____,____1510,PX8Lqk9Ih4FwfdQtwaLKvgGW4VwvEOWeDZ3x9u
267,267,insert,two_____,____2318,0jvybjlMHj2dn5RxmCM3BbB78HGTEG3j5akMd0Pkegm
288,288,insert,three___,____2441,b5GNDEBRt9fTzGHqEynGJNtBrJgnQok8BnUj7Dml
795,795,insert,one_____,____4976,ljfe7Mq8UoY5x5hHU1lOGDGPDYvW0iA9lwYlHQQGQGJvxJPTBgCGiDRY5MEqhg
68,68,get,three___,_____667,
319,319,insert,three___,____2588,1gcqhOLmSbxBHlAOAoxse4fjcnLPpHb3rKPEjv2NTW
715,715,insert,zero____,____4592,k2NfxfpsxCglKVOIIzK4aUtzBkisJfkX
567,567,insert,four____,____3857,t5NC0Sn4qHVXw4hdpQOXzGxoYuL3hNStt7gbdt7bPMRcTvQaS71qk18fajLVO
60,60,insert,four____,____1307,e2EbBbvJKMpLnpoTSyKglVKlicN6nfbz2cBmfj1uPILmC3R83fgY0U
70,70,insert,four____,____1357,inilq9Md6uurz2t1iSLlFsLa1TbrDJxCPQ
39,39,get,two_____,_____165,
205,205,get,one_____,_____722,
260,260,insert,two_____,____2287,9EOFiAfsppkqHsv8uOEkmzpwkII7rz0NywD8XFB72y
87,87,get,one_____,_____274,
12,12,insert,one_____,____1060,m2GFdFJ2Ui2pWwuRZNLkjPFerobvnIkbq6lqO6DJUDUZGNToQ7gw4Ni8Zsx
320,320,insert,two_____,____2593,ceQm8tENZvavfIvheCaZY3IkHDpyve9cMhwoj70vhhq4N
309,309,insert,zero____,____2546,y8PDxUUMqvLek8Lq07dJyduxuwSRD9DizOK0PSY4CIJI7zIiXOUC7L3wp
18,18,insert,two_____,____1090,Z4tgCwVKv9KQkqHD5oAgcZYv6poIxxZoO53XZzyG8714KWXWfJHb
990,990,insert,two_____,____5921,4pXNv7t4AU4sT09Wyunqw2T5QrunKEX9BJxOkFuK1m2Ss
214,214,get,one_____,_____503,
490,490,insert,three___,____3462,b4vpt2UGI361oHkqyjD4NKu4UnxVojHGjD
13,13,get,one_____,_____849,
55,55,get,one_____,_____875,
988,988,insert,four____,____5904,xbEqWnRiLpHCGeaxmAl0cbxryaG0VjrzE6uHrRacFBTkMLxxisSCtOQy0l1p
178,178,insert,zero____,____1869,wRpCRBQqZpiu6SDsX5M5heUWwxF2ObY3j1VVpjpHJmSkO6W6Vy9j
1,1,insert,three___,____1004,P75e6BD0ivK9OztQ63qc5uIcaYyWZ30r
876,876,insert,two_____,____5354,g9rGq2wjs06AVqI4C6WclPu7CIeOclWMBOZJTepwuVUefWRtvdi9o4WS
528,528,insert,three___,____3656,YnZk9LKv80h8Vpqzea1Mzc3tHLgqfxWyVOv
837,837,insert,two_____,____5178,tV3a0pNTGeM3QEPAiyugZyObnnhD3D0GtLfreE
110,110,get,two_____,_____608,
7,7,insert,zero____,____1035,kalRJqmiyvpaB924FVkjCX3X98DYfa67Dgi0KljcTXza
464,464,insert,two_____,____3339,MqbQbnWI0jfbrCJPk7orBxUR3AAE54UN
59,59,insert,one_____,____1301,UmKWY3tVN0hO3r2n5dlvqgLQRazGyysUQJZcMFAWFGgEIyeDv
863,863,insert,three___,____5302,qGjDm53s4qeggowxYl7MQN1hvwY9P36Kqg8irO2ni2AR5EGb8YhDQn6tOkYt8dIh
55,55,get,four____,_____603,
680,680,insert,four____,____4420,c55W6JTo4oVRgAhgdl7RXvExOtZUacjw6IwwL4iaGo6SW
96,96,insert,zero____,____1465,9EoEaGRFvR2v9tvmY1w6EuukxkpoCPe6W2Ce85Eee
195,195,insert,zero____,____1966,5UWF5ba4JpAzfhnvO0YxSVbA4gCygZq837p57dCTZuGCOdJo
12,12,get,one_____,_____432,
669,669,insert,four____,____4367,p3IxDpDmpLf1o3s6cuGaaAuPhknZBVPL33p
20,20,get,four____,_____887,
73,73,get,four____,_____576,
667,667,insert,one_____,____4358,I1bwuEfgDzMTFVChpk6NLJbxLqVK55bNQzxgJ1S6hSXoo4B25z
182,182,insert,four____,____1896,b4fYpeIcNoRYiZWjaWLiURC3vjId2JkkdfDVVhh
762,762,insert,two_____,____4813,zEdcr9KXWgeCSNuPHiat2Tym60xWGVnY
5,5,get,one_____,_____202,
989,989,insert,two_____,____5910,n7YySnFXQ4shfek18NDKarJZcgRuU0bM8l5TDmDY91S8j0LSHTvDl5WKO3ckFTN
111,111,insert,four____,____1533,SmAMKkmCvURnjaaEgi3NiKWWx3U3BlBWhzKMclT5TbVGZmQ4XMY84TGQKXT
574,574,insert,zero____,____3891,1GToPzVSDvn3qFJFpqMMB5BYgegd8exEo7pbgwDn3yHKXCroLkRI9Ci9kbD4S
574,574,insert,zero____,____3892,QnFLACllm7XrNno8tUjdPlD5aVuCIxs1cwI7onGq0Xn26n2vgWwh8oQXPGjkdp0M
297,297,insert,one_____,____2492,qRki3JlnMicCLVTquKu2yq1YHebY1vfGYy4ZeM22zV
55,55,get,one_____,_____402,
396,396,insert,zero____,____2988,YXImkGATKexddKDz8WZ2r7VGa4vZ3YKkvhv0Bx8Dp5NQTOQq9RY4
200,200,insert,zero____,____1990,CoXaEiFw47yWWZtW3qhs68vQP2hlDZotVdJeONUpfDvSnKAhbkQc8Krt
711,711,insert,four____,____4575,VhTEfvC362fXGuwehtvFqIrvIcXA39erltwE3Jogw
338,338,insert,two_____,____2691,okUO8fVuZDGEvNp4K2RLdwzfVT7Jqqt1jC86Ce
783,783,insert,four____,____4916,zodbI8kreDfEftQeXR1BI8SqCW9ArTjdvvma4AFacRtKcg5PzhT1
703,703,insert,zero____,____4525,gc77TGcfeI8zqoKOiSeFTTZHtpcqMXVSvG
5,5,get,one_____,_____244,
894,894,insert,two_____,____5440,EAQZXoQRQNnOdg7qzukivyoiFwzjtXUoh
693,693,insert,one_____,____4477,xYgE9POR14s6XbEa2nrJ1uKejVimbv6zTUBIqKP9k2lXGWBeNP
165,165,insert,zero____,____1797,pAjMtV7evMuW5mWeQHQYHDTTrxXWXxfkGhNIlOrf0hLRrux8sp5PmS6N7MkZ6fV
616,616,insert,zero____,____4106,8NUGXC7jW0d3IrlHbdLu1vlWpo7z98WhpBm8JWMYVQsyToO
120,120,insert,one_____,____1572,FUTEjtoX7p9rQP8mUSbvjmO9xDMgHlL4SMQmqKT4lA5Y
50,50,insert,four____,____1256,Gepj9Otfw0ZkcpEIuxJazBIrDyX3s96gPOKih1WH4AqgzgS10BLg7P9E
469,469,insert,two_____,____3370,gStNSIUuabEkNaCuk7WWfdQJKtEOgz4vUbToXlBoO7bxN
29,29,get,four____,_____354,
25,25,insert,four____,____1133,6SNJKpQwrX0KwKrbHXBmXFBJySWPcnawP8CXuyXOE60msjsnzEODc8wFvQ
267,267,insert,zero____,____2319,X5j5UOCcC5mbeStDWGg99gvhQeCrVWKd52UUkJfvfqp7lPQOBNVDQnae
15,15,insert,one_____,____1076,qrFqHnEDxRdZvsgdRWcVjVtbYBgo2DMfIb3yzMa62wQFvgQPQD
550,550,insert,one_____,____3775,DB4QGJI8vhvP1mveNSAsbcpPJvSBq90w53qod7Ruoikc3jW0DE95LAk4e2kx
236,236,get,zero____,_____579,
425,425,insert,four____,____3133,LnpG5btrvsaSRd5XJZYEePMfdmge1ezgkYHPYDfnVw67ewhtrLDO5jmnIrN0WyRc
194,194,insert,three___,____1959,kDwKgfRUnk2N12Ju20VL0NRum4rmXsIOmC
275,275,insert,zero____,____2363,JNEJdhFohU9HS70KqV2qFCEcwmNPAdz7shvRA5cjh14GfSTH514sFgFTJmcTMjSt
165,165,insert,one_____,____1798,gFFcNKAWkmTnceeGBhxgCkm4mSW6hRd3f15Q6Pc1qotRXFqKjTKCU
11,11,get,one_____,_____188,
329,329,get,two_____,_____502,
75,75,insert,three___,____1369,9bXzm8c1U8mrU3YoheVNcT50GMpaOZ99nxCv7l6BywqBByDxBaHcUhnoSa
176,176,insert,zero____,____1855,KgWsEKlO5DcDOewk2amQOVE9mJOqnAIsUcz343Sjax3ytkimNpsle
12,12,get,one_____,_____586,
26,26,get,two_____,_____622,
243,243,get,zero____,_____470,
8,8,get,two_____,_____156,
103,103,get,three___,_____150,
215,215,insert,four____,____2065,sMK0tF9RKnoLgfQjFgCK55moCbc7QZsOhDjfPytAxafodzcyXZJa8UN9
51,51,get,three___,_____607,
197,197,insert,zero____,____1978,rOtHHsL10s8V4fAy4w6ipJrMj1GtjYyVQzMff2vYcLAOKNM
521,521,insert,zero____,____3617,0g8zqAqnxPcqWZuBL0vjco87taRgHWXFqfoNfWXdAMjCKE7J5mCfTs
275,275,insert,one_____,____2364,dJEoH67OnD7qsOsnPViIs3PuvscTeozdhLSbVsV5q
78,78,insert,zero____,____1385,ZDigsoxVmf0f8YnHNvrDoyhUpOPofLzrHua8N0K4WZK
113,113,get,two_____,_____967,
875,875,insert,four____,____5348,SNWonYtgXBQ1ridVUQzTjsTcG3nZgptowGBw53WQ2Xw
22,22,insert,four____,____1113,1QI8lKLdaJJQCMwI3DYQkUDcntaFHNhyPH967Y0nGvtW8
101,101,get,three___,_____641,
771,771,insert,zero____,____4863,dGhUWvp7hBdbknwfIOBDqIoqEVRkNwucy5rxlLjtXCk85cniQy8Vp0O
21,21,insert,one_____,____1105,Pi7Ukaw5HQyKbVGZDvN5FpT2fiT790OYepRKm
134,134,insert,four____,____1643,lHOJroDDwU52GufTBfFSlkQJOm6h2xzlebSbVSYORShC2gDtlGnQmJ
117,117,insert,three___,____1557,2DEJOV9PvfwTSBmh8nB0Wvyt7L72OhNjJIAhLFfCYKRtvwPgelgiBjjtUkI
693,693,insert,one_____,____4478,2X4BKvHDYoVlzUxKPZSo6Sq8b0MifIsuNgzuojT5thobb3HE
492,492,insert,one_____,____3471,IXE3LYqnHmIrQREuFoyP7zQmhhyPI2gmafsVtkpvSm6HZrys68
770,770,insert,three___,____4859,zvG0MbiCYNJxVQfysGBgcZZvDqt3gKHYpBRm
733,733,insert,two_____,____4677,wAk8snVsN30EJSOmJ6FUrWkXEXZez2cvkZpbezJDR0oU9FQgdkv
435,435,insert,one_____,____3184,d4vsXQOHrgOj7Ed46I99xS81ZCOTFXsfgtjUFMDD9
635,635,insert,three___,____4218,dOFwogySnd5UU3qWn7xh9hSQb5NYHvcde9P86HuRdvQJc9OBWI2SOVmi
36,36,get,one_____,_____777,
777,777,insert,three___,____4890,MFiTrcclqTqkcw9ZOUHHFeZSDiXU0lHlDU0WjC6Hv7N9Nevook
795,795,insert,three___,____4977,ZKwd0UcDuhwMu9eOS2Xyw6D2wGGzeEOY7u1KQvmPCu47PW3r4SNaRaAzTuMJZg
927,927,insert,two_____,____5599,tZA0G7Em7bsj2iu7hEA8wHHcAFuQP0KDTgWdW3Ve8Ab3e3RZIkUIkPrA3
39,39,get,three___,_____319,
22,22,get,three___,_____984,
626,626,insert,zero____,____4169,0MNsJ4UCzNVEKj9fePBofnMZraVUtzrKEBEz4pYyIXennvv
82,82,insert,zero____,____1401,utefLlkwcFqDfihy1NYQZVqccres7l4AYq9ckFT1UEA
562,562,insert,one_____,____3833,2rFH6YqUqDS9UzGJ4DkQDftSGzgGR6xXCgwj6koWH4G1psejcOZgPuxEbNYU9j
837,837,insert,two_____,____5179,S08svq3MszRApJzRPBn5apESjF1cPfhrGg01bOtbrjSYejK8YexTeMag3
220,220,insert,four____,____2090,vkz22aKSKNtcBlME7V2gkUjWgRzG6xsQKuj45
316,316,insert,four____,____2577,L3kHN1Ru0gUm8WG5ZaVpcpOMcGbwDyQ3CTEjWe4kYhDI6IkAec6EURzD1xybCqBF
16,16,insert,three___,____1080,TAFGoePSoGAf2WRiG3UcblIw5OKAsmmDlCChmGJANUzBU2256XKTzAuqjXmm5
113,113,get,one_____,_____416,
104,104,insert,zero____,____1499,LSy0onDQEcRJ3V4VcPlT0u433T62gApR3js8ilfmlCwIwZ0TmD
353,353,insert,four____,____2764,l3eHVbf709QD8Ki2PY5OlR0Pt8x5WljklnOPgLZslKmeJ8XcKFQf
12,12,insert,four____,____1061,VFb7epnZZvI4CLhsiTEyyvOKsdqFuWewLVTSXJ2gDpNw0z89sCJzPVdO
550,550,insert,zero____,____3776,FRU2UZMrwbBd6T6jMGdFQykJ7RIPvuIf1viRfgRKgFBhHq
98,98,insert,four____,____1472,pd4vCF4nWGRKScUASB4GQ8cqcaWiwABFLN275gu6ivqXJfhB
107,107,insert,three___,____1511,VIZ565IjTQ3WmhKmqOEsHPet92Xa6XmjNxb5RH7NsW7vm7JqU2eCo
260,260,insert,two_____,____2288,jb1x2X9UmsfeDwKbxu33ICsl4QPaD8LHD5pBr
338,338,get,one_____,_____610,
430,430,get,zero____,______62,
12,12,insert,three___,____1062,gzUMxyndBgihir08D1qFpCrQKeXL9H563kTvV7yiwtO0U6Bj
2,2,insert,two_____,____1010,fOSdGoa8OwALGKT4Cvnr2cq7vIGEUU0P3Rv7VHn0qFT
455,455,insert,zero____,____3293,CfeGJhRI9nIyou94ZB0iozjcnbP3njHamYYEIxvWc8ZSYDglISsTYsQYMlC9
356,356,insert,three___,____2783,cdzMdu9D44ldoAqA6zC7aekmd5iOsB8o2avNMaHbxoHgw44wV1x
705,705,insert,zero____,____4537,6fY5jlmWJLlNZSiI93EFkzOPvYs0Rm8na5sh5qlbTDxP8qyra
193,193,insert,one_____,____1952,rvrhkCRqrnxzNlqR7Jqt6OeairNvPEmXob1gpVdH5w451X7ZoTpVYgb2PLDqv6j
87,87,insert,four____,____1428,VLa0E08QDUEQ4MhblkdLHkFm4HegBl1jJQImE7krBo35oOfCEPmz
64,64,insert,two_____,____1326,DM277h1jC0DEmjTMTBiQj0SRC1MZ5e3hKdJP3Zrgx0aMAibo14Ys
927,927,insert,three___,____5600,PDkeIlV6hFo2YScrxY4EmVkT6Rg48S3ndcvYU22Mc82vnPeu
258,258,insert,two_____,____2280,Br6GEVq0d0M41oVzgfvJ4vLFP5vS89YKNtzntETrnCZ4fXH9YyNKTa7KbD4
56,56,get,two_____,_____557,
99,99,insert,zero____,____1476,tvLZRuhxesver0NBBmwTPM694wSLNHDPoLUdK7wfUSyHUbAK5ZwO
107,107,insert,two_____,____1512,46DeGhAD8LbBOuYKryJKkB4bXKFR0HyrrWpfM79qBsyyZPJMM5UGA
2,2,get,four____,_____904,
12,12,insert,zero____,____1063,cW2eTXM1LtYRInW7BqGZONW7VcrAfKKpgMr3Jl49y9GXKICNBOk3vWdYSa
527,527,insert,zero____,____3649,3oTeiKqhrto9uVQTqBK3cJCrvXO3ohTGLgivOvCNpnZHQiACEkNSp6sFkJ9kup
65,65,get,one_____,_____270,
221,221,insert,zero____,____2096,CEdlfDmuXHsxv30ghdl73U9Pp0qkZWte9YOR6wDb1jOpRcelRyudW5RKiBPxGT8r
8,8,insert,four____,____1037,7sxbPYcnrwPaKTlUVh9LLDiplbfUC4hsa7RYABjhPisL523SRdJJKoXU
8,8,get,one_____,_____407,
629,629,insert,zero____,____4187,UPmYYZPwyd2ksmg5PNWZXHW9EcTeQhsqOWM
62,62,get,four____,_____839,
78,78,get,zero____,_____404,
550,550,insert,two_____,____3777,PDnixZMhjf2avbIyGsJym6zid85FdnGngjOpnGcDawLBggJBkn2bBKBoMFuJdV
287,287,insert,one_____,____2433,jtPJuEV0qywZ7GizlRhr9OTZmNz4fVleAXDqilcKI
152,152,insert,three___,____1739,w4Ski8c3Nb2HX8tPeDnl92Ak6EHynr85gWjGoTRTaVK5Hh0ZhEAsQrQmk
87,87,get,zero____,_____398,
166,166,insert,three___,____1805,BsPjL9jwdV2fHtoy8VJ6VgUgMIPCNttPWkz3jm41AQiSiiLWRmMhkbiwn3Es
164,164,insert,three___,____1795,xJzkcGFBt4keGbouUJMB5nZZiH6rIneDO7CeS1I3nDwDgDg5IMOxqRg8P
280,280,insert,one_____,____2389,vuAYlWKg9hkvBdLTcimyvMNmYh4kSwWVCozeRWYZhoKVvNfwDhzw3syCRVc
159,159,insert,zero____,____1769,DG0aFW571zlCNxuKa0a0aERJXwlPrK2xNoTKbR
723,723,insert,four____,____4638,VwPdytE6Lu6p7SfRDCfX2G37guNlqOsFzlkbNFm1fJKsdIj4EW1DGjiGjYp6
694,694,insert,zero____,____4482,5S2wz49OhiC1gR27LeTExUULERbRiTmlxBJ0y5lE737LYh
983,983,insert,four____,____5884,Kqr1FRMmhcU0Hqbhm3nqk5wfEauGJaVg2M28Sxt5jEEu93mULB
388,388,insert,four____,____2947,OyKWol5QYMXL48NAVlTNleN0gRmY7PK11rR8G1o8YtFYwWXHhy7w
876,876,insert,two_____,____5355,4oOsKvwa5FMuM0CD6HHizyh2ZdudJfCqfR79CsSA
182,182,insert,three___,____1897,yrrW8vfvbPxMD9CF9bBlu04YPPgz43aUPbw24DhuB
583,583,insert,two_____,____3941,0ypmthOWbByIMN9G3KQtC0JlZ2qPGZUGJ8tos2CFFEy1XG6ukZH
989,989,insert,four____,____5911,heDB38HzqNDPKUWxlwF2NLIsc7Pxxow9FsX9bBe
142,142,insert,one_____,____1687,B96AhJgjQVuPqQHKcN1sG1ReGnjXIUq6haznprdnAQ7kJHvCKHUq5Pq3OMcgshi
943,943,insert,zero____,____5691,2pRwNF3g8lJhT6gSDyEVhzHKkZKzRbA30b07QluI
419,419,insert,zero____,____3103,hnIzIShH0dGOHwBXLQ9SaPACaB2IDi8Ui8HwA4yLHMq8
697,697,insert,four____,____4500,4YhL0sIB2mo8oTdSV80iukC7Nqqgo7ZOA7gYbL2lBR6dsT
435,435,insert,one_____,____3185,q7hSLLHgqYOwrCO9PfIbNILNMJ8aBUYglq75jiRL8fXdnF
574,574,insert,four____,____3893,sCTCKmGOsjqp611XbnyQYMfHmfKY5q0sD0U9y78
55,55,get,three___,_____515,
58,58,insert,one_____,____1297,moEeAPEZ70cZPTUrFnu0LkLbehqo8VodFJOIJxvYeRbZ9pjjmik6h2qk8qF9
885,885,insert,four____,____5399,0GzcMDzYZxVreqch2naM7aLvYhZElTiKtXLKr6P10gO
329,329,insert,four____,____2644,dBfxMr4JReX272kfnIULCshTWNchSj9M4XkKTCLbhnCLYdfhKXGm
134,134,get,four____,_____552,
15,15,insert,one_____,____1077,ZmEixf9OxQIBiYNQke6AUn1Te8HoN3EEG46oLBbKNG9rabtACM1qGz4ULP3ZJa
25,25,get,one_____,_____601,
518,518,insert,three___,____3594,yx0vj0ateEDrkw4nAKESrwayeFO0azIcuW5QgjnKQoKwtUlHi5w
96,96,insert,two_____,____1466,GV81kAez8inhemAl6rmfju19AB96d49CJAMhRQOciGl
121,121,insert,three___,____1580,4auUnO4VrYtozqhNSy5BCFN4pStWiaSoIenJA3wg
87,87,get,four____,_____519,
194,194,insert,two_____,____1960,UbK2AXb7JuqrL0NCtQpmpArZM4A2Kaz6
537,537,insert,four____,____3701,XQJbvOQDVbAKaoy2UCiUaF2j0Ovv5JifSLVHWxfbYPAadzdmbB
309,309,get,four____,_____545,
887,887,insert,two_____,____5409,oYUkThdmsUc1CBpDQ0FFd7SIvyfoTfncTwe5sw
96,96,get,four____,_____173,
28,28,get,four____,_____339,
85,85,insert,one_____,____1415,w89pG92zabm1plYFOsNF69U1PrIbEDqKjf5xYk7g6IbC
260,260,insert,four____,____2289,jaf5Q9gLfWyuyAHy936X1ZwHxrFhdskU6wZhMaIsPNCBNUOw2uqVs0fw
739,739,insert,three___,____4710,gDIMNNUHAxF5ykAWEUckJYHwVFsLNggesulLgCdf9xw2zV5X7UGKOV
534,534,insert,zero____,____3682,5i73BYws63cGNjlXVmg633aMxoyBe49UBpp0ybJNxnY736BaP
524,524,insert,one_____,____3634,rvbRNMTVZPI7rhT2z5qiILnMRUsyctHg7SvjJPFbWJ4TY4G2wfFWqWx
200,200,get,four____,______26,
85,85,insert,three___,____1416,XW4oVQODtGcY5BbjFyVLKErV91oTTyIcyal3xZJJpFPYNFxR
64,64,insert,zero____,____1327,QJY9wycdExxtlYgAuwjnjOktGrre1qiG
221,221,insert,two_____,____2097,HXQfWNdkN0JTxtlfihXUm2ZkT8jdZea6qASyzDkPi2
87,87,commit,,,
3,3,insert,one_____,____1016,Oa0zaXe60weMoKF9WZhR33ayUdtLuANWdLhD02903KKOSHBvGNpI3Vyz5
1,1,get,zero____,_____197,
30,30,insert,zero____,____1157,iLHUdn3dMt0QQ5EGmp42Zc9MMHGBqxSwmkqUJYODnTsomRAxjrpFJAxlHKcK9tHs
254,254,insert,zero____,____2255,UtlVJTSwpRb37ww06HbkUSguXbUcLixJkDgzAlBuDN8MQIi7o0d
88,88,insert,three___,____1430,gO5BYZOh8B32KwGm0fGbLNI56vti904rVota2SSY4T9c8tmHFQ
47,47,insert,three___,____1239,QY8hSqID6hXjWxLenDXbe2Xr5tsJ1cRcjghi4ZVQid4hCRW
46,46,get,four____,______51,
197,197,insert,one_____,____1979,kIqYGRXABpPisLr7H0Vldb7iuyLb9gyXQvqA0EpJ4md0hDWOVLs
7,7,get,one_____,_____516,
881,881,insert,one_____,____5378,e0huCkbn5Iucea9bKKYdLbsd0wMUwTctV7Sdd5fJ1EYITCwe0yxX
46,46,insert,zero____,____1237,uNhBj5vCSIsNVIQr71gQ8gT983KbdqimwsIxanxT0tu4RBhFS0b4cV7YX4mo0Ta
934,934,insert,one_____,____5639,eBAKl8HPfKc0FrLbcx9r7u4Ok1ImmeUnQTN
3,3,insert,zero____,____1017,5Lcws72NJHKM9Rnz6dpC6Tidd9HOn9Bvb4T1kGUFnTZWGDu0ARh
368,368,insert,four____,____2849,rYjUf9VseVEnhj4Yg5FtqXjDqHKQ2G890sFsE9c7vmcroFT7iLlxJP
138,138,get,four____,_____768,
24,24,insert,one_____,____1126,bYHlPjKNfdnyj3g4AXV4eU2DPRpL9nqGUJl8Qay8rUM
48,48,get,three___,_____776,
79,79,insert,one_____,____1389,qSu8fxW00GErRZF9FJcbxbyu2qtDo0i2JcOkYizPAHaTSug4KNc9uDP3gBgw1Zrt
153,153,insert,three___,____1742,E0szOTFn0zwFELUhf5IYC4tkUGlm3HhU0H3jxWCwHVHY
78,78,insert,four____,____1386,afZvib7dS9CCKxTlCblhIsI4aRj0Weru
160,160,insert,zero____,____1774,f0yqzVVoRQv8jFHCpK0L7hJcGYieTRTugM0phcgrnfNy7vqmJaqgbGVQZA6h
25,25,insert,four____,____1134,EiyY9Shg66IMkRVKKpSkMfwwbGQQGq0cyq3wPag5DoFh7UAbKBB69ZolB05
451,451,insert,one_____,____3272,FhAVKdg8vD6GYVxuzQSP6vlHyviKSAKc4JPVl37
164,164,insert,two_____,____1796,ZzjBKFt3Tc0rWIC0R6nVt2RpTcPO412CV57Av5UZpBIKUj0GM
788,788,insert,zero____,____4940,WElpbotszzgt7VFAeFPB3UiukbzU6DLYzvsXXENrJPeoqKkKig0IcxBuCvP6h
302,302,insert,zero____,____2516,ncsfON3iHpMefdFAdRJgy9nO8JxmJspSmeM5gFQqJwgC0IgXagL8znTOL8fl
24,24,insert,four____,____1127,7CVydHJmJMVShnbqu5Q08QgiIkRufVNqV
608,608,insert,zero____,____4060,iAXGa9PXUF5lghlAkL0sxufxygaxRIFQRUlRgb8
69,69,insert,four____,____1353,whi1WhGD6n496UQMKIcrA7xgY2E4VVpKo7l7XPgg
37,37,get,one_____,_____968,
795,795,insert,three___,____4978,d6oz95ZodEfd3D8txape5CVB6IYpPgh5xCCJ0
733,733,insert,four____,____4678,ni843YwD6GJ3VOcb42NLiP0kLMbCtJ2tB98Nh
254,254,insert,four____,____2256,Fd0QT6NJOeZfAmYDEIlew8DA9nLp2J2YZuKaSwk512OtmuOEwwczj0eK
711,711,insert,four____,____4576,rXvWmK5ofIQ3xCpqe8u6kgnOJ51txJ2cAt1osxweQxqK64r8DFCayb6KMO
49,49,get,four____,_______1,
126,126,get,two_____,_____643,
82,82,insert,zero____,____1402,IoM4CtbUSVj0u2wqRxvq1ixf6YHxJaOjyOKag
200,200,insert,two_____,____1991,XRYMUldy2FJSymRq7PYbB8EIq2E0CzZPePT2DSMnYcN2omasLFYsTv
422,422,insert,one_____,____3119,VGFjr6fiUAstNsvKEJdtgdtg9uRrb25ljN5igckHBzP7ZeKoovFA18
7,7,get,two_____,_____716,
705,705,insert,two_____,____4538,KSp0RE2Jw5ZnPVub1cGAC6gjiuX8WVvHvhOIPHXPOJ
49,49,insert,zero____,____1252,Qwkq6QwIbhH6W6iNQnSu1QrQTqeiNfiXwF10BHIxZ7yjp
489,489,insert,four____,____3457,8okwCndspkDPRPtZP472X1R84A9NTz9yQCr5eY8GJuQWeaWAfr9
39,39,insert,two_____,____1203,coTBY6P7LWMnGLEHn2sOIlre2lxoSgSYOlK7GY9jCungQrHBCvKYEedpsbiiOz
200,200,insert,four____,____1992,jNsM5vMpnEDorAMonQGlJTMmLBgkZ07eEA52yiiFol3L7S2GRLOBZx5
356,356,insert,zero____,____2784,mG1yDLpPt5vwGU6U7PVAaUB1h6s2rVpwt8Wnr251fFCMw5l38aHiiajTOhNa
134,134,insert,zero____,____1644,BAyFS4uN590pTFB2DhXwzzzsGZQZ5WdnuXuHFAiDfrpoub
113,113,insert,three___,____1540,3lsXTxlfNoOuvYoWGOfIkIKP0cdV3QWX3P3UymlXyx7G8eJiF2bKuqcQITLVXE3F
128,128,get,zero____,_____800,
550,550,insert,four____,____3778,Q1gm7XNSHxZaxpyytjy4Fqm39MpcZtfDwCUOkV
260,260,insert,two_____,____2290,1YskoYauj8snsxziaoQlr0EwOZZLzy32X5HS5kp
160,160,insert,three___,____1775,UlJAbkB2dhx0327nVTQnPRABFaedLEZ1XvH60vziWLpu87iYwu
148,148,insert,three___,____1720,UQNygHnZ5L0wuCfFaywoA7meXYd98rN547aX4SGL3zSREDZQ
394,394,insert,one_____,____2973,A8CFplbBXVmIBIFEeO9pzCY1KuwH6yk8L03l6zN9rl7d8cKbr3GUfbZKEBUu8
55,55,get,three___,_____694,
142,142,insert,one_____,____1688,587ThTW1QaOJ8xXwD1bHcBFt2CVeHXPe
485,485,insert,one_____,____3439,KwMYiPlIxUtDBKfOCJogK2vMU6boQn7l6x47xieda
9,9,insert,four____,____1040,HxHjBviUQMCvdXlLxUPnmKODVXiEWK79H4JrRKnrlHEWiIUz9oV78r
667,667,insert,four____,____4359,NdWj0B0KhQvootbjs24At2RgBqrZhgfizA2r7yqf3BCVbs
59,59,insert,one_____,____1302,VcccPZqNwhpUWZHrpcYa2dB6zaSgP7DFKLxe6hP2KlA0b7lfjw
236,236,insert,two_____,____2163,toCxvAXVo2YMSqryFxeavVxS0QhoXEbfArYorwULozw
107,107,get,four____,_____779,
254,254,insert,four____,____2257,bBvx2IRo1O3fYXYGQuDoBwaqIqQne9TgYO51QenLF9
368,368,insert,three___,____2850,LcNetqvjCrDS6Q5ZAbL4fa5zN9wXjzDoh16c2NrdNJmsR7oSjnnRd6rjoMHJH
8,8,insert,two_____,____1038,s7HoG6Dj1OxvQ6ekIDALHbz2JtPKSNNrGtQnIusca8hRvUqjp49ajLiS3
837,837,insert,zero____,____5180,rqiRefC3LIlYoB0G225gAZ5daBeJZfloA7dqYt7kQh21xRZ9jxe
15,15,get,three___,_____843,
51,51,insert,one_____,____1259,Gd3SrapNDVYghqhejC8DEgr90a3OYTiJ
15,15,get,two_____,_____882,
582,582,insert,three___,____3933,BSOqDkW8n5HpV7URmSYUSBJBIYYJV8mG5edE
783,783,insert,one_____,____4917,DQJuCx5I0PRjddydY6y4x1338dra3yDZLkp
39,39,insert,four____,____1204,wvI0El91F6GUieflbcnCbMEUGe7QZu2wyEyaqb3qwlaLxacRhgebk3rLcUdPv
723,723,insert,three___,____4639,xMyl2E9dE3lRSa1qe1VNVNwD8xfomyYl
425,425,insert,zero____,____3134,jGxfoLRkej0FZc6W2ABMvdzmhHmqF1FNzSfC6l6mXX7X
11,11,insert,three___,____1053,YO3B0G2colIzs1OEhSxRXXR26AotVq5StHI533pR32m98NSGDd
287,287,insert,one_____,____2434,PAy1tidWiP6b80HM7bbjZhmiQSKgQ8Xmx8aXy4dgrRUuh1L8XSxeF0z
15,15,get,two_____,_____350,
437,437,insert,four____,____3200,5iGRtce3tEy5knTbk2WJyBrgbClHppqgng6Ivg8PiJoiq75xBk11mbTV6F
176,176,insert,four____,____1856,NrKxNUqO3xL4fGa1EzmxyUfWCL8ZYt1vfUqW
324,324,insert,one_____,____2618,Nc47pBvVK98xXU3GIc6xoiuuXfstazPRAwLBf4CR2qNW
33,33,get,four____,_____625,
26,26,insert,four____,____1136,M0u8II3Uf1d0Z1afsxvwRIrkudDaCJSKuqmTryM2T6e
364,364,insert,one_____,____2832,dYJrVAigKHPj9xc3zRTIsnKTIobUwfx1dgIjGX
388,388,insert,zero____,____2948,tzkmh86lgR63CDe5nhYDaUCoIT4ANgh8qrrErySBB3i0NtmYjlfZQrOTOJSAGKX
72,72,insert,one_____,____1362,DqAfUjkz55MSACqXtEGxzOKyGxi8xRvSixVCFf
53,53,insert,two_____,____1269,kDAbtSgJEUETKPAsGvk4QrLsyxjRctwkM3PNcpHS
26,26,insert,two_____,____1137,sb5FBR3f0qRAtU294lFbscPtObJwUvUdfw8HvM49XlMlCJB1LrqcIK
435,435,insert,two_____,____3186,9rO30mQYg5r6kurHGVL7hYE2XhqIolbLYPoHreC73yjjwn0DttEd8sN
78,78,get,zero____,_____139,
144,144,insert,one_____,____1696,NWaPpSWbXQmST44Qrxn85PHSuEAivkEI
303,303,insert,zero____,____2522,UhGLCLoTkjw2OMmcbo1d5113qiz2KmJkE2jof4vDXqbqSyPp4uhqe
69,69,get,three___,_____798,
59,59,insert,two_____,____1303,HkXg0yv90JwvlrWZV7MeTG39LAQtnkpN2dcu
280,280,insert,zero____,____2390,klK8vlnUsFrXV8NLUOHR1OjVg7HPwohzS
120,120,insert,three___,____1573,HH4Cxw14Ku25ZHeiXRcEyGtHsocVZMovdOsoevDY
440,440,insert,three___,____3214,pbVvko5TWcQ4U1ttZu7s9ipKXwgO8FE9k0lpep7wI4QaeLjwIym3dRbBSsO
107,107,insert,zero____,____1513,iUiKxbmEjBYpISIdRj3mfOneTgCm0coY0lYovT
897,897,insert,four____,____5454,0cwfy229z4Lgl8tSQpEvoBCcjA7U5cRfwIgwOauL1
56,56,insert,three___,____1286,k4bi6tL5Z7ovmyJyFamwWXDUoswcwPLiVGcbMnySTgSt484e3cJ
26,26,insert,four____,____1138,EObjgIdTblX0sY2m7Ypk2SrrUer53ey2Dc3OwVIBnuk8ZVDWPZI
518,518,insert,one_____,____3595,JiGQ3dO6CksLd20kifF71MVWJk102G2Qey2xj
148,148,insert,two_____,____1721,5kRap8oVznt73Uds4PjxPCCWH68vty9h9rNh
977,977,insert,three___,____5860,psv4uXHYtrjduYslrQASChQ40S8hWGq9dBR5vtyP0
78,78,insert,three___,____1387,1rfBpwICKrmlKLT2H4PJV5hnVbUTKjV2LPQRHrEn
9,9,get,zero____,_____797,
6,6,get,two_____,_____386,
464,464,insert,one_____,____3340,gZ4HQRqyuN9C3cZ2DIomeC1JPbM0CBvO0lW73JTJugVtnxqM
104,104,insert,one_____,____1500,O9kwRyLv7505R8FIXO4FRmKSSffaJK2aE9W8Urm
748,748,insert,three___,____4745,JL3unHeH2z70e8UHEfRfFlfkTjyhMu6QMDaHrk6n3
30,30,get,zero____,_____420,
783,783,insert,two_____,____4918,JaG2Lc8dgVQsrDGUVuRDz0eMZNGcQpDKLpDcCGMxZnu248EeUnqAZfyDBAkk8z
988,988,insert,one_____,____5905,rAppkFjw7KGNG8Qo2urf7JEZKswJ28GoiJhMzvyv5e
583,583,insert,three___,____3942,p7Nhgyh6SKmvMhiVD6BsBGA45rqjpKp0iwwCGxzOfyamXus
15,15,get,one_____,_____870,
236,236,insert,one_____,____2164,cC1Z4Oj4X1rAnX9ri1AlUWDaaFHDqHeK1bg392iyXgvVBMbYl0WeFuOLL7k
20,20,insert,three___,____1101,kZfpaNm1MfF8GSSnD5uNbKOjnj8YkWqFjKLHkNQ86nQqdpTK6AB
149,149,get,four____,_____879,
455,455,insert,zero____,____3294,BMl9hPTqgrSR2lZWWsKRajgO0LiO6KNk
697,697,insert,four____,____4501,Oggcfp4GlpDZDmx7c1JmeJYRy6l2awEzNzcElhOd3y8hvl8vhpAmkGwpNP
49,49,get,three___,______69,
29,29,insert,one_____,____1152,KHXKwkhjdVbyR4oP1adehzUlrsW7gpLyW9OX5qeP87JwXWpxDY9Yp3ErG6t
205,205,insert,three___,____2015,nZScNvcN30ImSuerRA5OCVs6EbMlaInPn3VFl9EO45cNyaNZqRoiaPaaOO
221,221,insert,four____,____2098,Pf9JQ5of1O1OdiYQDmS90fwLJbfP13n1xTtgnX7DUYB
16,16,insert,zero____,____1081,k4nNtCwNMe2Be7QzQv11KAdy47kuRihMUgP6GeB9ihObsUHweeEsiYFAAc
884,884,insert,one_____,____5395,OXOPoBNJmWabq6JwTe6QQa87lxIIQbySWxPt92H
37,37,insert,one_____,____1193,JJBeVeFydR83m2m9lGYFvxn0nodzC65NdWvC0EChF2PWIk0YHMSlLgquB6E
194,194,insert,four____,____1961,20W4DQBBO9Ju9CAj7IH7TKosMx9BvAKJxn4QcS0EL2jfSO
2,2,insert,two_____,____1011,X34oL6CtVkLMyRqANAzcquARHX6r0f6k3Z6P6v
39,39,get,zero____,_____765,
21,21,get,four____,_____424,
59,59,get,three___,______32,
631,631,insert,zero____,____4198,kTiU1WysPEbNZSRhmezzEFrNQibNyX17urYNP9VrqwDHEDiipYotkGUj
62,62,insert,one_____,____1319,LeBBMXPRis8jkQ45WPRdp0aXpqYP2vKVF7jsyB9L7nhjgsPnf7
205,205,insert,two_____,____2016,MjgT2domwsn76KQmlFhIkb6q3cpzRRnyqOP
56,56,get,one_____,_____262,
236,236,insert,two_____,____2165,Pfe91GvaDpDdLwdB97VxUIqsmpJpUlvYDLceWeh8VRG
37,37,insert,three___,____1194,u9IeJRc4aMKAd4ThZwBV9IXOPpEV1eS2FtGGEa5vcWss3YxTorz0tPUd
24,24,insert,two_____,____1128,M0uyeoZhI99S7xREFyQeuW6Sk7Q4Awsw
437,437,insert,one_____,____3201,w3kCZ39fsmfCd95F8gjY8fgsn3EsGMhunfdsYkBaZJ4LaGs08v7e6TZx1
120,120,insert,zero____,____1574,CLIb51uKyAgTYZBEN2IISY6qz25UmMnw0AfQXigDEvvLQxXM1t2T3Q96uy76EsKf
582,582,insert,one_____,____3934,DSRL0wKXGxcRyVODaJicspCWX4uUxKkiohKkGvogsUCWa8WXQi6jpnYc3sxx
205,205,insert,zero____,____2017,bdab9iaAhEuVaLl695XhrXCGLZuDdVLFGmYdbrNGOaLoNtYcYqsnmq6x7qc
21,21,insert,one_____,____1106,5R3hL4gq5ldetBbs0CLKuzazP6JlTSYbX3F7TKHGjOJWF7xlaF
631,631,insert,two_____,____4199,rBmgfdq1NcTS81xvYQpqSlazJUzMKVChJJSO6NhqlR3svDqyYRyh7Rloz
516,516,insert,zero____,____3584,VRooSSmYxyM5zmZPDEXYE5QVJDlbeUEWsr9tbDDVtwUy73ZUe
934,934,insert,four____,____5640,QbZAxg6ke7QrM3G4qYWLbMLJ2zqWCeFDKrioyNiOpX2hGqB2u8TeEbYd
56,56,get,two_____,_____224,
107,107,insert,one_____,____1514,G2GgVtBB6vKxly7yR6RscflT7fpPral5UWQMmBUkftzBkNGaG
104,104,get,three___,_____837,
435,435,insert,one_____,____3187,sb9rOre71llyYzaFPcRJ7U9C9S0Hc0Tkwi7Fqpqr1lz
205,205,insert,two_____,____2018,qKs9bjQI41dfIgiZpPzZG7mFSs8WQ9sq2NSsjGxv27cjOjzlnAV7AnpLYV
129,129,get,one_____,_____995,
277,277,insert,zero____,____2372,ATNasHjvGrqUpdPAYlnpI4Cl7WOQrkhqmuwNu7ZvaroNCZDlP4
23,23,get,three___,_____604,
524,524,insert,two_____,____3635,PcwgElB3K7Qsz9fKuJn669Bdupab3OhcS7NWFnRdtOd9eO
55,55,get,one_____,_____272,
2,2,insert,four____,____1012,zZtZfyUuSPfDq9FrWaEgkJJBMS4Qq1EsoLOA56mL6jl
964,964,insert,two_____,____5797,UaLfcQ6IlAItlDTLEjmQvMOYtooLM1NAwdIHNIgNvQYWpXifMZBqygv1QFm
39,39,get,four____,_____724,
221,221,get,four____,_____942,
277,277,insert,one_____,____2373,9jExLMMdSiYUUSpPc5OHV69lkepJIqGpeyzdI2Tc7Nc2Gs7NumCLooZ
165,165,insert,three___,____1799,WRRtJFJgw8hl34iHf40xYCsLlJ4lGP0e2cRZ1uKbBgsVEB1B0FCgbSuYRe
69,69,insert,zero____,____1354,hG430W8udZZ8ABkfrxZklEqSru6jfihnGlNCzpprYp
56,56,get,two_____,_____884,
5,5,insert,zero____,____1026,NqN3afx94oeSyrTJk1EESmzsFMxbNXZRfSJjceEDh1tCcmaGicJuX
547,547,insert,four____,____3752,kewwHxcHkM5AP6ufa1QiZllrtn2tLkr7Vqhbb
69,69,commit,,,
3,3,get,one_____,_____857,
15,15,get,zero____,______22,
7,7,get,four____,_____955,
988,988,insert,three___,____5906,BwSODjBbZTMzsEUm12SRACkJrE3V68YDepf9Dx8Snd0EwmSPv0n57DlIq06P
5,5,get,two_____,_____250,
310,310,get,three___,____1352,
178,178,insert,zero____,____1870,IMyvucli9j6SdkvrQx3NxAkRUT7qtHIath5Pab41BD
85,85,insert,three___,____1417,jiejkofaJUOExKgQdwvtoXcVZ9ypXzXEwRJua3hYU
964,964,insert,three___,____5798,aIixqJLVfzxYMiqDA7LpX0Lmj87b7mS8YfoEZCD
205,205,insert,one_____,____2019,8aZ81uA0cKd7vqThkjc5a6ozTgFWAHKuOT48B6Fnpo7NjRqJ2rIodWbpE
104,104,insert,four____,____1501,HJB2FI7sjKCKs2QQLdBHKmfQzboZkJUPe3fkoP2qw6oq2naRReAKam4
59,59,insert,two_____,____1304,30MMA10mMgCHbZ7rig1cSRChKDt3rfCZEkNAp3Uo6m1SGJQJSBr43eyNoJDMPbPb
120,120,insert,four____,____1575,QcAAw9YvnV85tNEhxxiimY9roS4UVHVj
49,49,insert,four____,____1253,TjVCwcGA0weZIScNvCUUYdZC98eqMebcj0XKBXONKTKkimfQrsUSwl
79,79,get,zero____,_____320,
386,386,insert,one_____,____2937,Lb8FFRkPAqcjiVpebsUy3NIeVrL7mfg9Id4ek2N3Lowy4UtTl5WO
881,881,insert,four____,____5379,6GG4xllpuAfFb1ceqkcK2CdjdPCVKjomFx5jkJdEiRFd
6,6,get,three___,_____437,
7,7,insert,zero____,____1036,RcI7YT5EGtJjz5TAI8qYwEatKQwIeL5avDHdY
437,437,insert,one_____,____3202,Qjrlk53Q9EgGUBgEcL5C2I40MZxfU9WDEIvFzrtWJ
205,205,insert,three___,____2020,HnJYEzHEYsOCQgDrjH2nHJQxx7HzMSInZJX
53,53,insert,zero____,____1270,Ti5zp4SRjeg10MdR5R3scHlfeHbK1wb4kgivwbm67Ij
25,25,get,four____,_____409,
431,431,insert,two_____,____3163,TbjwyXplGoqhEb8gJ7vu2AvSwwvgZn3bu7IyPDWI6NI
582,582,insert,four____,____3935,hDGk3XTtGdr6u3qIKJRd9fsvrVWy4Qm1EcOjEzUEiZBU3wsfpzsCEtXYeCmT
364,364,insert,four____,____2833,Bc5TpSkwzFAm0v6AaIHVPGfUVSSISMMBZ4pZXVbeZbA7GcQHwGu
72,72,get,two_____,_____835,
534,534,insert,four____,____3683,ngskc64J3zdL8HKTa3R3IiJcWaXAemGYCX08PUFZI
440,440,insert,one_____,____3215,8rVfDZrOUYN5PF7BB3mSzf1ps6Z6NHhs8TZjWlA2b9Tjna
324,324,insert,two_____,____2619,ioLrxqwKzxlTHrMO50Fwd0tYxh3Il9nLmR3AuZJbQtfCRSCE7MN
142,142,insert,three___,____1689,fZtjlh2skLdNZAebfJdivrgxbbDJt9feW
46,46,get,three___,_____653,
364,364,insert,one_____,____2834,BxUaceOPTYP4aQgPE3u7REJ9D31UQNglJtJalgLREoJvE5Jwd
55,55,get,one_____,_____353,
37,37,insert,zero____,____1195,jUy2T7N3OFZYF6iRbGFe0opDWP7Z6lPXQoharFCNKWtcVC
62,62,get,three___,_____972,
88,88,insert,three___,____1431,qkwvapKqG70UbrZQ1t2eJuf4UUYsTcz7ZdbsiNiCuDqaUjhLUPkyL3
11,11,get,two_____,_____650,
8,8,get,one_____,_____186,
631,631,insert,two_____,____4200,BmjXUQF0Yd293hcKLmDXJM0kS51H0B8irkh0SRJFem
6,6,insert,zero____,____1029,ezFENNLLvD7ZOscpizUeRm4mp0GicRXtpwZNs65TvvbHFu
534,534,insert,four____,____3684,HgnZtCjpZW3v7aRJnz6UngDvvZsh80nBxnvxJ9G1YJbEBlp4bnAVIo4tH
23,23,insert,three___,____1119,kQVlKqqAIMmVnMgjZyOb38FpLHy5Fk7trtFec2XK3sKDHUt9XfTDKLc2b
547,547,insert,four____,____3753,45qR1q10RPYcRXLFwrlZID64Qn0Uw8BDHOyx3seLuEdB3qFJY
37,37,get,three___,_____836,
11,11,insert,zero____,____1054,Rxtmtr0xL4dYwBIIA3Kyjzx2b9L1rxStVn1G4nO6vW7DpvQ84YkeLDZ
488,488,insert,zero____,____3453,ZBUaLojAe64jwuAktQIQAj5LdF6WMq10k
236,236,insert,zero____,____2166,dkLceONbeguuLz4NlA4ZdbGbCvePrQfdBlM
236,236,insert,one_____,____2167,8ylmaEzWTCJZsSlrOdyF41gtCA2Mqc3UbwL006KNtoZHVOqoYv9o4
176,176,get,zero____,_____828,
33,33,insert,four____,____1173,oHeKvkrFJDRQxIPEncu46oxxsMvQkDVWUcT
286,286,insert,three___,____2425,C64KiYPDZ5mV2W22BKNdDhP9C5BZXDbbmgOX2f3npfYj8A6BwceB
16,16,insert,zero____,____1082,pAmnAuoUlN9LGanzBZGuRPl7TLyOIxx5F5sg3sMldhpM4nFLD47mQX
388,388,insert,four____,____2949,hpMJfKArt0bZcMj8oCdbXGjVl4FFrzWjyzswu3KqPLFSQHcXXgR3JE2AGb
16,16,insert,four____,____1083,WOgRABR55Eg9VYw7hWCGa9qrfODaufEkFWe0tPdq17MRs1OuSe
55,55,insert,two_____,____1284,gw6nVtU8NUI1lt08B4vKNBlhzOFppfqWfJm3WZRzak5TBxHE
225,225,insert,two_____,____2112,T0ciiHXi7AfWq2auSZJXuLPiEijVZGjmfAxOi2KJPuDsIMC9djBQkdVJARxgxP
138,138,get,two_____,_____475,
547,547,insert,two_____,____3754,TcPXBSoHT2PH6ppFzQDdcIi6d1Bn0kEBTiNlQQ4eBhCfU21fuQSBKI0KR4
451,451,insert,one_____,____3273,L6SSYTwd2w87lx8QEBrbnInpRSkxEl3egFzbRmRD
37,37,insert,three___,____1196,Fz4xd4uNwJFRatBX9E6W7YG84dqBMEbUrTdMVWj8qBJh
182,182,insert,zero____,____1898,b8s49PyD4Z2srrAca1tax9hNUWPmQQVLOJiDThcf5pVSC7eWDflDNixrxwN4YYYe
276,276,insert,one_____,____2366,ImlO8QyuSp64CVqjAMKOp5pwhfkWyD9Itji9XrQORFh5qd5zCaJhbQ
468,468,insert,zero____,____3360,vV58o8gaUNxrijpJlnqfWK3jfJtP5cUhVs9dfaZ1Rs25G249rujcI
386,386,insert,three___,____2938,cRGuomTYe72igUsmenDi815mPvFAJyck51KlTnMOvXg9en2IiKEA8JZ
9,9,get,three___,_____596,
16,16,insert,three___,____1084,mqpWweWjzT1bhBwQU916xt63sofJm5C8w2EV2ARM
56,56,insert,zero____,____1287,Qd7WyBmBlo9rhz55BBrcHRxVxDbo3G3VXz1aRNSlfD1ZTF
59,59,insert,two_____,____1305,N5qv0ieQQs6sKRrk8pcW0XAa9Fy9He5ZleMBv433yuCXIZab0qRRj7cPBVNYGnC
25,25,get,three___,_____706,
4,4,insert,two_____,____1019,T9sdNKeap6pQqHvgxkcr65pSbuvnJL6WZklGqzFhSc3YpmeEQbEAPu
4,4,insert,four____,____1020,j8exsRs2OfIRYf3FxQ9EAzWTY3Xj31329j1MVniJkTfB9kL9N4p1StlTzyWY39
451,451,insert,four____,____3274,qSZrLxe4XAi3y9POsM5CDZsNDWe3Y2amT975kiJkaaCuT2DAaN
120,120,insert,zero____,____1576,lPaqkrzYJQDHQkZxRczGxvrSgES0WWKwOXcmPH
451,451,insert,one_____,____3275,NOKK4LtxDcypmvGsEpvWewJbdpoVx8SfxeWB99dXk8ZBY9NruQlM
286,286,insert,zero____,____2426,SKboTk7coWTFTpaoNXOaWdfg8Twn0LeFg4l08vVPPBlRNuqcsTuy0czb3Hq
29,29,insert,one_____,____1153,LvgmFndmCZ4f5synTkq2sycl0sya1oLzK0GrZh
221,221,insert,four____,____2099,X5FbG4aefiECgDK1ORj1IiYaOWwhp7ELd3CpqCmk8VB5IV4NpuKXCaEDyZ0NJ
388,388,insert,two_____,____2950,KmaYFeysk3OAnyfcQ4nNbLSgWncKpDePDdDKvKs945d
1,1,insert,one_____,____1005,dFkPLh5x7mc11TE4FD8M6Ja3huInYGGBwyhtMduqpZPuljL5DS1dHmk
488,488,insert,three___,____3454,CVrk0bzpo8uINgUSbarKH7h3SEcnyfUeHjHgEqKnICzBcQuPRW0QMZkuW2eTy4
79,79,get,one_____,_____292,
101,101,get,three___,_____957,
121,121,get,zero____,_____308,
388,388,insert,one_____,____2951,esOPfniCawinuDn20GKIHf5evvv9Xjh3e4pnMdxsh7pi
324,324,insert,three___,____2620,vJvcUwV8xWdXKANZ4Si1PSeyxo1n3NnEAwILPjhHKdFm
705,705,insert,one_____,____4539,2er92ixGvduwmc9SA2yXYerDjeWVprRWIZRyno38V2rYg3UgIiexNsqfYQ
243,243,insert,zero____,____2203,eOX0GdzMrEfhdylZBu0CtbYHJw0pxW9Zmnw93cD36dzWCK4Jr2tlBIG5a
142,142,get,three___,_____309,
468,468,insert,zero____,____3361,o8XycvrwFuZCARetzFJghyaheujECqLfqlj7mRWGDE204c9om
4,4,insert,one_____,____1021,v5hQTVM2KA27401YOExhcXzOZW7NUUNzEgWHO4D0Xun
42,42,get,three___,_____425,
142,142,insert,one_____,____1690,CKHqUkw5U1QhX6zcsr6ApkCQXirkhMXEId4VfC8qruWiaqRa
291,291,insert,three___,____2454,4rx4g82NK8uEdiUY1ELiJacYTsZvUhWUaw9uVDLv77CpeG2bK
624,624,insert,one_____,____4156,BXjAp9JDpUxgMTsvq22ZkSfB8VjG32Q3LSJJJArQyb2sX4PQSMDwk8e
165,165,get,zero____,_____396,
9,9,insert,zero____,____1041,jGAc0MNxsLjR21AKrMTiAf8KULcAA0mdXIrxkMPWAY5HVgwufMHvwWgOPlEiKsJ
488,488,insert,zero____,____3455,WUnR4Pvvh9ZvYSlwGAmiQjYNEWhlQRNuIyyf9J
126,126,get,zero____,______73,
23,23,insert,two_____,____1120,bnx7ojGNIBaMWp0TPg0Rqlz4OHLvmRMCYmC05SJwNkGUJS
16,16,commit,,,
276,276,insert,zero____,____2367,DSXjDYgFM9gwFJYHENlDbGbmgW8lBcrftlk1lLbM3INLCzB
72,72,get,two_____,_____549,
153,153,insert,three___,____1743,apyBYtfQC2xFgU1y7R2Jv0t2tAlVaB7NdssxIarlLo5L9J
225,225,insert,one_____,____2113,GbkKjM5v5NxkOFZwtv0BuAXYMQGEUdv9IrroCsmk1mz
56,56,insert,four____,____1288,yu427t8VR4U1n0X9rKFCdPiSGARe95xtpMyFOAYCjKTCboS8YHh
5,5,get,zero____,_____682,
121,121,insert,zero____,____1581,AadWXZLeSdK3QaD4HX5eeyefAccNBsD0b7NyI4Mw9RBfzr3mN9G2f05eQOQ
88,88,insert,one_____,____1432,iy88EJLAgH3scaFk3DloUDe54vhYKdLnDd2Q
455,455,insert,two_____,____3295,dHHSqnniOSgpEa6YrJNH3u3gvSYdMGPva80h4UqCr
88,88,get,three___,_____950,
544,544,insert,four____,____3739,IPedT9Z3665Lz0fms4k58dqNo7mwNwKWicvNfGaWGcM2c7QhIFu
619,619,insert,two_____,____4128,YXijeLccslJ2rmGS7yWstHkkWpYZPK9YY0ptWw4sxx1t990Ntj4R
23,23,insert,two_____,____1121,2EDY2gQltPk1V6Ds7z7Ilp2bR3bZeFLH8GVM6Tk68D
13,13,insert,three___,____1067,bqQmcMwatUHHd1DdczwPg1cBpJPTvXqTx8yGhcKa7fG04FKtkAny
527,527,insert,two_____,____3650,Uisi5wzuk8mS5FCUmkOaPCmC2jY3f387nevCaX91Jq3M
120,120,insert,one_____,____1577,pz2kYMa4Bsv5oLGRcwUfkx5n96enmHqGrhBGutyEjd02CAJu2tcODgF
9,9,insert,one_____,____1042,fTvmbwMWoXRLRyY8FUcIowM1bWYUNjUxe1YrQrRBS37vnToTh9X1jIcdjfB
897,897,get,one_____,_____903,
144,144,insert,one_____,____1697,cDGZUhxrqkF0zsGgJaZgM7CIRVgyEcVGQGTOC9SXw2x8KpdJx86h
3,3,insert,three___,____1018,JkB1ZgoWe4VX2IZmd2l1F5NY4qse3mDuGtIiGgaEQdnMDhunM
8,8,insert,two_____,____1039,rjiF2v1VvxO01FoQMblczbBvjynZCZ9LugVMXu7WZ8euSi2NzpOC4
992,992,insert,zero____,____5930,VkBidKvXPm1ZqCnF838nBFx82KK5EebmGJwRLixffKLDk7e0g
42,42,get,zero____,_____215,
205,205,insert,zero____,____2021,jL6gdEglx3h9lcsvEFUBAXS1H2zdE5HNygbwR1AwJeWE
13,13,insert,one_____,____1068,eMCXNbKMQY3ZRmdyKnLfSWtKHcD9seXHvwaU22q478YC4Rhi0CiolYdhPLWkiFS
56,56,get,zero____,_____265,
182,182,insert,zero____,____1899,8J9RtYJ19gn5yCabJsFwnZ8BdbFyPVIZoMLfvcjgFflRrhXUOthmt6uiswb
165,165,insert,one_____,____1800,eNXHfvQ31C2KhSbcRkXKIvIoCGnNtqdkrRqBeQqlNgxBq0ROB0M4g3JGs2K
897,897,insert,zero____,____5455,8lHlklZGq2C4iHvwotkPmixHQI5j3ItIQPnAT6es00po4D4QFEa
176,176,get,one_____,_____695,
550,550,insert,zero____,____3779,Gd8mYk5mnA3bES1pnkfIq2CrGvMgt8X9GI
37,37,commit,,,
36,36,get,four____,_____317,
25,25,insert,zero____,____1135,gQPYk6grNd2yEzZfdRilxFggunJs08lyRdGcXf0Y7tJaZ5dhDNDoQi
65,65,get,four____,____1083,
9,9,insert,three___,____1043,GwzkGVmZCxqu81Yn9mSJw5tvZPWQB3R1QZPBlz5T6lgksO
56,56,commit,,,
527,527,insert,three___,____3651,3dW65ZjCmQOaJPGgqnAiwLSATeGmG33jhTlG1BKGbQFl
23,23,insert,one_____,____1122,FgoDRfSpWyQBPvwXDlJTrb7aaxM6yUoLRfrXEdnOwSMExsKNfyrDd2qKn
72,72,insert,three___,____1363,CJIb6VongRAa4j1GO98g2HA96HsKb5yBV7wokJ1FTiwEg3arKZsZ7cfMUXu3Z
138,138,insert,one_____,____1667,1V9YhtoCeoses3KTSLCv6Qz1UnMlBdndhbbsEVTePRCcV4crGRI0As
59,59,get,two_____,______67,
53,53,insert,three___,____1271,Fi27baHD77rptazK4LwEFyDuoDPtL4A4KlvpcTKjRWDIDkW6e2G2ef9Y5hh
276,276,get,two_____,_____940,
15,15,commit,,,
366,366,get,two_____,_____350,
934,934,insert,two_____,____5641,J6RbSADmCbP16YPjQTtSHKWkHWlmUA5xQI8CILVHu7F3YiOMn01MlftV4bSL3
437,437,insert,one_____,____3203,kuYKwJpAt1GLHYHDMn09tuK1d73i1hetrlHHyvtEYcPrLlTtC
79,79,get,zero____,_____476,
129,129,insert,two_____,____1618,E50bvi9SgKyW5rPr5EoKeFKVoVI9gtbvVar9aKF14
431,431,get,one_____,_____968,
65,65,insert,two_____,____1330,NFnROC6rFVQbxVgYcyS6Zm1PIL6878qkH275IACB68QkH4fiVooQHeXWykl
6,6,get,zero____,_____729,
82,82,insert,one_____,____1403,GFWxZo6EIJ99V4enQNDA7YQHRsADevP6
394,394,insert,three___,____2974,Ndztp3ZFAWSrvmcykrJd5ce5KlYkoR2elroUapreWsrCfMEtZUSu2Kr
99,99,insert,one_____,____1477,mVT3Q5EMdZQjai1MTvs6Nl8gIdjTBGTaVaa
2,2,insert,three___,____1013,oAFInUBtJOK4K2cpniKvSZ4SEmSwXThcFlSBAEh
42,42,insert,four____,____1217,4BdbDeVx45mEfwU30hJ84HGWmjtJVwE1M0bpKO4CnjPBFx
276,276,insert,three___,____2368,TiKbhPVgHeALGzvGZHqXLfmEv1hPdzS9FO0G93nHXhXtcnM9ly
324,324,insert,three___,____2621,l3fqRGBxzDzoc6efPxUQYvpdhv2pcztJx89n4
79,79,get,four____,_____443,
70,70,get,zero____,____1081,
99,99,insert,zero____,____1478,QgNjtoLCEMh0lV16IPOY2Ht7YpoAufKgH1zTOt9klANQO4aSLCCF8
291,291,get,two_____,_____530,
276,276,insert,zero____,____2369,jrT70uWR2GyPd74Cq9DQW44XB0utQ5EMH9uUrVlv2h6iQTggLK
104,104,get,zero____,______97,
550,550,commit,,,
120,120,insert,three___,____1578,NOaQyPz3OLALbkHQM0Ma6B9qlqRJoN5Wysd6TML
70,70,get,one_____,_____337,
72,72,get,zero____,_____562,
33,33,get,zero____,_____174,
21,21,insert,zero____,____1107,KhYy6EgITHb3hFRkAym3u3bJMlsIa6wQtxyULkAeZlAfUu0WXwb
534,534,get,zero____,____1354,
74,74,get,three___,_____843,
165,165,insert,two_____,____1801,iKS2pLeGWbNAbWMTYynr5xkaXvbfOxyLhYJ6z6
735,735,insert,three___,____4690,E1p9aKfIbDJHo9stHWCLsHkyMy7SgiKoT3wwJ2ZdvNPGzuvMoAk
8,8,commit,,,
65,65,insert,one_____,____1331,MQ3vDYLlS8VV7WFGF9vOJl70hnR26XGJsLbRSCbMH9qw700fNK
13,13,get,one_____,_____206,
25,25,get,zero____,_____301,
65,65,insert,two_____,____1332,VAT9O9cvpVPa9VO0dGZnHDSCwVUgSWNKj5Lu5yXdOhAO57FAic9VKoVrR
11,11,insert,zero____,____1055,CR68bpc6yxbIxh1rywLsmB6GBOOE2fUTaPglT
939,939,get,zero____,______22,
28,28,insert,two_____,____1148,GjaEdGubhZzoseEK4NFOZ59auuMbwfrAA1GTAyoqvAn3zbUvI
25,25,commit,,,
156,156,get,one_____,_____601,
303,303,insert,one_____,____2523,QX4aFMcIM9E0QdfbBA52VAnL8pyTrQDfdhch
165,165,insert,one_____,____1802,iiqRM01uPHngm0eH2oga8i9d2MTmsXZ1SNbR9Z6it3kaWYjJIusEc
205,205,insert,three___,____2022,7BTDU8zn8xR8mOFGvhf2tsdiVkd899WWdR6teW7qXVtT
697,697,insert,three___,____4502,60PBoa13YSP4cNt1q93ETrRPT0ev6tExtei
129,129,get,one_____,_____862,
36,36,insert,zero____,____1183,w1MOKQ21vbQUHkLRmMVmPbipcPVPXJWRCMqZvzULQPbkATNAAkFPIa1zUjiB
669,669,insert,three___,____4368,JCJuva51mWJcppfhOiP07PsiJrMZSd7NaEmonaNNfwyGogVEsH1
686,686,get,zero____,_____301,
86,86,insert,one_____,____1423,r9urNF2C10bszG3cgv6v5vmv25H9L0OGkW8llRbdtCafMdg8SE0GgCyk7i3
9,9,get,zero____,_____767,
21,21,insert,three___,____1108,QaT8902oob7DXhl1UsetbuyFHkGdw9DR
394,394,insert,four____,____2975,UUc8vWTDP6gEPu5q9YoP7mw9E4rgEAXjEiE2cR2HbUllUK7Dv9Abp
79,79,insert,four____,____1390,k8UuvESGr1LRymQRHVHPTbcNz3zUoWzWfEj0gWQIBzSobr6duJ39S0mb4d6pwv
13,13,get,one_____,_____302,
70,70,insert,three___,____1358,AbUwbJqB4jVghHVTCYKWWYvr5V2Z6HGOtRe4MJ4fZgh1C074AWSElDfm
1,1,insert,zero____,____1006,OTDT5tyrlkpYtw03KS6bbE4lYMwrZkmUt665r9xKBH0moCFj0xXp27JQ
939,939,insert,four____,____5673,YLtefjOeCvUVPCrORcn7FkJ5Z9i4PcFFl5wV6IT3pJpjh
364,364,insert,zero____,____2835,jWzpdzf7tNFCm1Ko7qzFjju0r6m3OxnPm7lD5Lt6EpvsSAmkIcDYKY9ULx5kX
11,11,get,four____,_____124,
86,86,insert,one_____,____1424,yVJ5EhdHLbe8vG8DCsC0zA0LeeXe8mFbzbZ4Ks340CDrqQe
28,28,insert,three___,____1149,d2V8AIzO9yS7v3nhxtbgLPG2fuH04E1UUF7
977,977,insert,zero____,____5861,xG96XxVdYiFkJbSwBIXrct2XhpVmjGWiXTV9OyXWx8wzAu
18,18,get,four____,____1037,
79,79,commit,,,
129,129,get,two_____,_____147,
115,115,get,one_____,_____870,
52,52,get,zero____,____1075,
544,544,insert,zero____,____3740,mKXY4SeyP9ZQn5aoDhuDyQwh96B3nuNoGSADHNwTJ
977,977,insert,four____,____5862,lBGtuR1KYLYJju43WDTdGjM5GYQ2eWylcgqN6P040QMi
29,29,insert,zero____,____1154,anVo2uW4D5VWUGUFJhMx9m4Z4HpwSIFV5Z8pYH8e0ue3LLjRrUDrBssE
3,3,get,three___,_____133,
5,5,get,three___,_____639,
115,115,get,four____,_____522,
156,156,get,two_____,_____233,
4,4,insert,one_____,____1022,MlQhu3PXjwovveXRXu0zh6CCrAhXTeC0fWLoiXbdW2jY7FPtvwSHzQ3ydLS
6,6,insert,four____,____1030,VHhLWEZ5vMLlRIrhkxYSamFYDfdY0AZdGDGpPQ
1,1,commit,,,
624,624,insert,one_____,____4157,2F0kUu5c2NlJvdlBdN1XamG6vEIf4pKPIZq1Ydr51ifrdcxdCMhaTCeKCg01
9,9,insert,four____,____1044,D5XyR9zt3Tjzj0Bxlruo2cakxnYVELn6DJID80eVyb
12,12,get,zero____,____1006,
205,205,commit,,,
544,544,insert,zero____,____3741,Vgcphvh0XMEhVTt7Q0rKUOuVzSjxYb2Vux4xM8
23,23,insert,one_____,____1123,Xmnz14rCAtVHCJ0vSAYVXeOsCRZeiATPEhbCqq
236,236,get,four____,______86,
65,65,get,one_____,_____959,
939,939,get,two_____,_____247,
82,82,insert,two_____,____1404,5D2KLz87Etjud4KNK6rX2pVZ29hxijTnESQiYbi1RJK3nUG85gB
21,21,insert,zero____,____1109,l8wbHUHdmgIeeNe04V1sntx6yQUWrzOqw92s8DH6lkI1wumKjOrFAkyPyIYZqgQ
17,17,get,three___,____1004,
236,236,commit,,,
24,24,insert,zero____,____1129,nVrK95ge9XKjEiavnAOLHAus1r275DLKpwHVDatmNIONMs28Mbg0UTovTRq7KP
200,200,get,zero____,_____197,
70,70,insert,four____,____1359,POJUNUnRBtVWYhxtubCZR4TDk7w6eP8Pjftj
6,6,insert,three___,____1031,0u0RAiFeZbUNz2PsbWXhj12v8dPe6hRoNaQLgpqGbsfLMrWelUUpXsK
200,200,get,four____,______80,
297,297,insert,zero____,____2493,1VTm9kiWsQjB6UP5JF8JeEzlkCfvkY83xlKVRJS2HhkfK3Gy
57,57,get,four____,____1133,
7,7,commit,,,
28,28,get,four____,______38,
82,82,insert,zero____,____1405,nZXBCWuW58aHapdIgHFIQeU3ylqLYy2ZZg4mGELGsT9Ma3hna1xad
24,24,insert,two_____,____1130,6Fhtega5SsFkBCa8Zbd3ZSyLG7taOD0XJT8sQWF8D4FKzzr7FGCD7Te
669,669,insert,four____,____4369,WS0ssZtsC84Uxn2ZoSMpJ9Z8ELNtYWJOxDx3Dz5cNALxHNfntWw68
115,115,insert,three___,____1550,zoIaqkMnd8qiDyuMGhLDkGlNSG6xYKo15JMWL9tKCfHIMhGkcLfqmxD
28,28,insert,three___,____1150,HXnl52zdeEsQ7fHpEiCLJQ5kZqstcJB2cPFpV0BspzHvHkc
2,2,get,one_____,_____393,
525,525,get,zero____,_____579,
2,2,insert,one_____,____1014,bLFeQV6FjxBaxYxYXayohzJcMY4HUoiWafSJOJ0
53,53,get,three___,_____307,
378,378,get,one_____,_____183,
55,55,commit,,,
42,42,get,four____,_____955,
162,162,get,four____,____1285,
9,9,commit,,,
297,297,insert,two_____,____2494,hiWhONa5OpWwNAMgUuxIbzDfAuh8pa7DOFpHuz948GkQwyQ
960,960,get,one_____,_____353,
17,17,get,four____,_____211,
21,21,commit,,,
440,440,insert,zero____,____3216,7dq3rv4XaFDYe22DGekgFSvrEc1KQCdlHCiVQhLkGrKXvMJjsOqauOA8jnm2Ju3
126,126,get,three___,_____715,
26,26,get,one_____,____1106,
6,6,insert,four____,____1032,fMKeVna4JwjUpvQDBmdQNAetqnZTZj28xGCB3JuZptLsadeS90qFC6N
23,23,get,three___,_____185,
6,6,get,four____,_____325,
36,36,insert,one_____,____1184,MKaaa0uFMH9hUt5fWoc0uJF2fcsYnK2MYGNPSmKNcUBXB4z0y1tbaQspm8I2
11,11,insert,one_____,____1056,hE2APbruH2IfrYNqEteIZZ7lLvYSrMjmD3xtWgo05k3WjXVlVKugtNpwqabdw3S
19,19,get,one_____,____1042,
24,24,get,two_____,_____439,
120,120,get,three___,_____711,
162,162,get,three___,_____974,
107,107,get,two_____,____1039,
3,3,commit,,,
5,5,insert,one_____,____1027,XZK6NpVQnunpwUxdRbPtBmpPfvMT8o3Vf7ZHEf2cp9KKqrlCi6wM51I7b6lVbEN
5,5,insert,three___,____1028,ZMmRsKhBZBpFpywAjUY6m1N00wcL9HV9avGbueFbspuiEra
126,126,get,two_____,_____428,
23,23,commit,,,
5,5,commit,,,
17,17,get,three___,_____429,
24,24,commit,,,
28,28,get,three___,_____657,
297,297,insert,four____,____2495,z9huC8srzOYyoURbaSYV9iQMAHJz0TuEVUGA
291,291,insert,zero____,____2455,PDc1iXWVcIwr7388tJNsqt3Yn9flpIocgoD9cO
85,85,get,one_____,____1104,
6,6,get,two_____,_____624,
629,629,get,two_____,____1120,
67,67,get,three___,____1018,
12,12,get,three___,_____469,
28,28,commit,,,
291,291,insert,zero____,____2456,tbCRatE0wdnMDbr4f08yWArK9fFHRi0BUaKIN0mit9VoEet3OQpto9SdF
67,67,insert,four____,____1341,z6yaTrjZCk3JwZV5MK4vC1cMqf5Ounj1MO6y
29,29,insert,one_____,____1155,hqYndqP7PN5In5HmZsyhJtx28Ih79FosngRhTrrFDhj7h
95,95,get,zero____,____1026,
107,107,insert,one_____,____1515,dcCdVuH62ZU8a0dvM9iLDMvOGhxAjVwqXub3G4VbQ
36,36,insert,three___,____1185,IST6Tvr9R5OSICTRhKamsC3Ohu8eNpugQB7NJTme2
11,11,insert,zero____,____1057,NEfmtmR4soiYY4T04z3sHkYQdh0oeuzi3agfhIEOlvy
525,525,insert,four____,____3638,AX4whAtAibzWesXe9CXoRQPPKaWmqbjMW9k5V83yX3jAz9Ud5XhbfK6yAZub
65,65,get,zero____,_____454,
934,934,insert,zero____,____5642,sw2dGsp7c2KNONFcDR4I2fnUtt9PqbNRXgOH1nmKBdk4ZOAdAHBvj
612,612,get,three___,____1124,
38,38,get,three___,____1119,
126,126,get,zero____,_____864,
36,36,insert,one_____,____1186,UtS2nWq7cT0h3lHHHUZYByBRMwz4kJm4ls4sZlOWJOmnXdcvX4diFhowpCCDAMwo
143,143,get,four____,____1015,
19,19,get,two_____,_____788,
629,629,insert,three___,____4188,dJnKcElML0g4PpKEye5qpNzKXC69n8tCYRAmc7IHourHaaPSHWer4mFiMEttfViu
291,291,insert,three___,____2457,AMDj8XlljWwCslWlkS7kkOwa9qobgYYSE2sK
156,156,get,one_____,_____402,
95,95,get,zero____,_____114,
440,440,insert,two_____,____3217,1gpp3nKojHrxfMQdb85pmtZWXTVpA7J5PeZ
291,291,insert,three___,____2458,ahUmKSJ2FHH3qryUH08N2AxQx6d6qmb2ThMDiDbkYpNXivcrlm2IPHcOvHZd
53,53,insert,three___,____1272,uIcGWrEAYIRucVc8xAQ16Qg1C111yCpNBWf1xw0Qe8UR1f4K
60,60,get,one_____,_____272,
156,156,insert,four____,____1757,D18vEuUYfhAmGnOBVd4iNsNLIQ7T6KVPR7GUL8InWchBg6D8we6YS4n8qlyC
44,44,get,three___,____1108,
4,4,get,three___,______46,
115,115,insert,three___,____1551,PUgxgDwyv6IkgpYOOG3cZdQuAL2c5mVDDDFTCwW
41,41,get,two_____,____1118,
126,126,commit,,,
44,44,get,four____,_____248,
120,120,commit,,,
107,107,commit,,,
52,52,insert,zero____,____1264,tbrNrI1iHGz8GVgDv2ABLOgm953KbVfCDT5zHXdZPnEdeH8X4aOyB4nenxb2VbK
2,2,commit,,,
36,36,insert,four____,____1187,DPipGvX09dRdEw6871AlRIhNmO7IVoJWPY
53,53,insert,zero____,____1273,9hClEjsBMHn6WkIWTI1teVmiojaUctrkoA90obmzdZ
156,156,insert,two_____,____1758,w9YrSDyt1QO6u6mnbbGI4nEseq2FeCDDOx9niOP
12,12,get,two_____,_____928,
669,669,insert,two_____,____4370,UCAthGfor0f2x9ufZTuzsYwOey4XcESIdOh9ePbKBXyl4yqaskZstxnSkDeu5a
161,161,get,three___,____1578,
375,375,get,two_____,____1148,
38,38,get,one_____,______70,
156,156,get,zero____,_____529,
227,227,get,three___,____1511,
52,52,insert,one_____,____1265,oxwXxMFFaghA5J5FMPxzb5GqFlUvIlpnJlEU
161,161,insert,two_____,____1779,ldbEolnpONuuIFxo9gra102pYdSIkJRssM
217,217,get,three___,_____639,
115,115,get,four____,_____237,
220,220,get,two_____,_____428,
162,162,get,two_____,_____948,
95,95,insert,three___,____1461,DRCRkiAqXYTSSfeIuLeyAPeHAqsmH4Tl9Mac5iWDVo6geq
629,629,insert,one_____,____4189,gMl2grPxZW5VQVjsCBojthaPvuS1QqUih6VGNza
17,17,insert,one_____,____1085,hkUAsH5D3R1sSLmuvNbArP3EiMuh07DZudJKkh2OS3dq1YsW4Hp
109,109,get,one_____,____1514,
45,45,get,zero____,____1035,
375,375,get,one_____,_____666,
47,47,get,two_____,____1117,
188,188,get,one_____,____1008,
38,38,insert,three___,____1198,hNeluVb1vKr3ImpI2bKv4A5cjcsQYGk3dA02eADXPmQFnSHrIie0IeoDnOK0ae
664,664,get,one_____,____1005,
161,161,insert,one_____,____1780,Htzm6wuXjmBV22lk7NEtnRjxsq68P6bsFIYt6f2EvMIJErDhHO8
603,603,get,zero____,____1574,
227,227,insert,zero____,____2120,n67gUtI7iVPbiYw9opjATmoDd6fOl3dV6iIorDU4eECtLyydHMCAALrxzSgNoLy8
85,85,insert,three___,____1418,NEwiCgckQyqION36K1vNai0wRVOcCMCyJIKW
603,603,insert,two_____,____4036,Z77q2pf5kZ5uqMTaOpgcw6FQIhuLys7winp616ZiXDxIu59elOI17t1hV0Tzmzm
22,22,get,zero____,_____682,
72,72,insert,four____,____1364,ACTIbnGaO8XTtz45VaqG582QOm3wqGoaBa3CBsiMqTG82Di2WrU1G
163,163,get,zero____,____1513,
13,13,get,three___,_____534,
188,188,insert,three___,____1925,2i29LBibAt2cJUX3z7g1gNCmNItJ0CEdVCcHPwXYKC
42,42,get,two_____,_____187,
227,227,insert,two_____,____2121,mLMfkIkXtihQKqJvC0RotobwF9e3Rhxi0pbhOLbk13
52,52,insert,one_____,____1266,nWClDUNOwreBWpE3vxKFkpGdIhkXbXQOcbUIh1S0dEKISYwR8WRGX5u
197,197,get,zero____,____1609,
217,217,get,four____,_____271,
95,95,get,three___,______40,
29,29,get,four____,_____417,
115,115,commit,,,
11,11,insert,zero____,____1058,CevIqZ9Ft9JDgqMKw3wo3Wreh7yWmtzl
603,603,insert,one_____,____4037,4W2hjbSZyGsnsP5J1hpqfWbl0IdyTb8QurlVLICrOy8dDXG
22,22,insert,four____,____1114,Ut8Ty1YVYfl3xSXd75atjV415DXxIaxd6VjFEFvwyzF
220,220,insert,zero____,____2091,nvvwvkjteUGbT83Npwpl147lc1VF8hKQdtV7FYSFJbOzuvos4P
19,19,get,one_____,_____421,
29,29,get,zero____,____1033,
17,17,insert,one_____,____1086,setWljQi06R3bIyA9aPYAKaFX9L9cqGgq
4,4,insert,three___,____1023,USKQWu6rqYk3HAkT6u9jdvu3Zf12mPX07rRMRrbweVqXDYMZ4qP57
217,217,insert,one_____,____2075,BHv62G0rf6S8ysKqMDXpaBUacXkEysvZV5lbtDr2IbnErnaQIRJVCT3qEfSN
6,6,get,four____,_____818,
153,153,get,zero____,____1129,
603,603,insert,four____,____4038,5UoHFxpTT7AvOYuo2cE49SEnvikWcMaXdfE4KLrLKLGoOyXjVHpgp7
47,47,insert,two_____,____1240,XsRyNsIrNhjdVO4dOOhrSjRJr6wgiP45
45,45,insert,four____,____1234,nhBJJj0vMlJMvW5D6oG0PWcVHxQjQ1egqGUSGrRkF8477zR60AK5j1Dzr0RwWUb5
217,217,get,three___,_____878,
45,45,insert,zero____,____1235,mtvy1ODCOCkDf3MuUVuyZyGk27AwBOrJJnZf7aQh2JsKE
220,220,get,three___,_____235,
153,153,get,two_____,_____626,
45,45,insert,two_____,____1236,1dymj0SabqNrCWE4pu0gpRbrkS1ravJhbeNtyMSWoDFqT98CNtFs3Yvw9aEwI5y
22,22,insert,two_____,____1115,bVLnbOsOnkU9A7fIhfjgCSaX5UTLEEG4NmAejxzuX
19,19,insert,three___,____1093,A8yyp089SMtC6KvdqJImv3I8INV5coGgq51MRvUr2fxcLmczCc
109,109,get,one_____,______11,
161,161,insert,one_____,____1781,mqw0fTLCgkVJWHbxLAxIN5B7MX3rGzixcbZnvowLVPK79SkNIH7DYNw6VzgQ9wsp
47,47,insert,four____,____1241,nxbqoWnKpxntqZaggaGTrL5gLmQg0gGEBKZjS
153,153,get,three___,_____367,
13,13,insert,two_____,____1069,TYbcfimpzYHyQfzCCCYLSPOoZ8wCLptgMLS3pf9cZYdWs6qTAtZq8M5d4vQIxF
52,52,get,one_____,_____923,
603,603,get,three___,______24,
11,11,commit,,,
156,156,insert,four____,____1759,H3iAJPXeBOVcWBhT3XFgEQFt5lUVYK7w8CEmqLFA7U978DAqTvA1GQE09osHq
13,13,insert,three___,____1070,OdwIFobh0gBCX1HT3NNoYS0stD2ZJYQCEN31V40r83itFPh
220,220,insert,zero____,____2092,6C31BJZj3okyOxj4zbHVXwXI7Z1f8iphBWqx38gjHnf5IEd
217,217,insert,one_____,____2076,SKCE8hRe1LaAQqm1fLWd3NNDjjsqsrwZb2CgkgRy58bzr1zQbs
232,232,get,two_____,_____611,
17,17,insert,one_____,____1087,qfQ4usC089EGrvr8Ul6EQdAqOZLjFnBSzhmtLlJSibXqwE5pSsXyCnCy80Xt3
12,12,insert,one_____,____1064,CBETMxejYEYwISR8Aagqn83T7fB94QYk8myckg1hfVwThtFfNEoaOrIPO
14,14,get,one_____,____1014,
12,12,commit,,,
77,77,get,zero____,____1057,
38,38,get,zero____,____1063,
161,161,insert,three___,____1782,Y9OtWAjCbmYXU64SfpFvABwTNfCOTtX8AR31AHk8Ayep0Xokgu76WsY
4,4,get,one_____,_____658,
77,77,insert,three___,____1380,0xj3VFNBZrd6nSy5hBMWG970rHKExErcUc
44,44,insert,zero____,____1226,hLD6BM1gL1XNtFwfz9KxqJOEar7eLrXX4lnQ7wWLKEI9qHEVCxfG
45,45,commit,,,
95,95,insert,zero____,____1462,CLfTESNSseZKQpvmT648BZXtsplC2p7vk
14,14,insert,four____,____1071,yeQI6jlNGmNu7VDTzTukZyPQgs4EycVTo8sjLWvoKovBmGzwvkODALMJnTzylb
232,232,insert,four____,____2143,0XvLW2xWybxElSV535XmywJPyNXPAHyASR6qN3QWST5zyElRShiWnWVgiG
77,77,get,two_____,_____141,
40,40,get,one_____,____1025,
109,109,insert,zero____,____1524,2iN6CcGV7gSsRFgkpG3DbdVYZZMBeNQYIwKgNP1kfVdz
44,44,insert,three___,____1227,MOgV8EIfUrWwqnSoGGVRmocx4uAjxBEh6lryw6qP
6,6,commit,,,
14,14,get,four____,_____124,
482,482,get,three___,_____437,
13,13,commit,,,
95,95,get,three___,_____550,
95,95,insert,zero____,____1463,l1nfHPr5VplMu1y1dcSiJcZHjfwBfEOkDypNw51gGuc3CI8
142,142,get,one_____,_____302,
40,40,insert,one_____,____1208,O7hJ3cBUNeBH9I7hnfe3YJU8YWvzgf68VcSII96qb5DzDkAnr2mHGu
106,106,get,three___,_____534,
537,537,get,one_____,_____112,
220,220,insert,four____,____2093,aNkFD79NcV3fsxNeJGqqqYnpuCPQOGrUX6NMgbHaa7ipyweH8IKbXwpZDUn1
22,22,insert,zero____,____1116,zcgGIHwCnd9zME5pRaRjLsD0tbu4RQrFnzOjiQFk5
22,22,commit,,,
142,142,insert,four____,____1691,q5P0CUQvV9o94pa9W0fzABWkVzxODhxvfMxkVb2OeXJ1c9RUTRpGbVuSr59n
77,77,get,zero____,_____799,
161,161,insert,four____,____1783,vyMXaTqpgssK7JSRz9I4rozOZbp9vt7u7ZyEjAcEXDMN3rns4Hb4LnZiNSRGs
36,36,insert,three___,____1188,SIYD05krZsaoJuwHbe6TcykCgVM0MMvGVKRfnGjTHDxiAsAp
63,63,get,two_____,____1069,
165,165,get,two_____,____1115,
17,17,get,zero____,_____142,
31,31,get,zero____,____1029,
36,36,insert,one_____,____1189,TXVTuJWdVuPRSPOlVsbaINfk7y7ZK3kEpPFbAaHvJEEOli5N3ga
161,161,get,four____,_____561,
17,17,insert,zero____,____1088,zX50yAPjKSflPlplWvZbOfdr9X6dhLhQouPUneqx2YEDeGstFf9L
40,40,get,three___,_____563,
19,19,insert,three___,____1094,TwYHNkylyjXoxBKSmeLk0gm0Vztbfefcj9NJyMpzesRqfmXdlvp5K
403,403,get,zero____,____1110,
232,232,insert,three___,____2144,y2JINgJJk0TTd6q4RZffTDWVxXupUAoPl7r0mBNcpT2gpLhhRWINsB8
20,20,get,two_____,_____624,
44,44,insert,four____,____1228,W0OqUrkD2ffFoR5rie1pNcHbITUdQihxCkRopFcWCiNEOUG2M73
74,74,get,one_____,____1066,
19,19,insert,one_____,____1095,dcphsm9565y6aKMVtOOGBtYgaJ2Yq4HtG6
732,732,get,four____,____1113,
19,19,insert,four____,____1096,Lwj9Uu9aZZog45hSRf4DHa1k7NXKsp4ktCgo7
63,63,get,two_____,_____461,
732,732,insert,three___,____4671,8yGhUrTBlOuTvSFwjVJrxQofW5ataFoHurM2k7YG8P
20,20,insert,zero____,____1102,BWRap8sbeaGcSFgqZd1wXQRID33idKY9g72tVzfox9cvKq
200,200,get,four____,____1065,
232,232,get,zero____,_____680,
14,14,get,four____,_____154,
19,19,insert,one_____,____1097,W5ffdYRnSzg4wJ1mzLJK6M0wE5vvXeNGPy7a
161,161,insert,zero____,____1784,FRJM26CJpA0Unf30yX9PWhAcxvBkW5g7KSlK5muGDax4H5Y3rGZF832tDEHM
36,36,insert,three___,____1190,naXzI0jeKyJqR5r13jjRJInrkHOEqC1NrVYZEgn8ff0oP
42,42,get,two_____,_____465,
19,19,get,four____,_____172,
51,51,get,zero____,____1054,
19,19,insert,zero____,____1098,mUpl6nnzAGsy944niPnflteMB9VCPEnyGNKZY5GdeBbS9h
31,31,get,four____,_______7,
4,4,get,one_____,_____120,
161,161,insert,three___,____1785,h231aK1HVRrcd1fJYTB6vrS2KXpTeJNftt3JmXNGS6je9aG9CbDh
95,95,get,three___,_____239,
200,200,get,two_____,_____328,
165,165,insert,zero____,____1803,UZ6ciz2dzodhMc9uEX3AkeqoRdjFFKXAhPosqLGvX
51,51,get,three___,______57,
44,44,insert,three___,____1229,Skw8nWjJFX8x9CzzOhKk8KUjCGKAlKAy3XwAgxpfmnsZoyRJfm03C
4,4,insert,zero____,____1024,dbf1Jvkpmh9GyBLDTOfnsP85ALPkQPERKxlkzTnD8tWeWYLsY9JMywgg3XthBT3D
51,51,get,two_____,____1038,
47,47,get,four____,_____564,
742,742,get,zero____,____1116,
47,47,get,one_____,____1068,
142,142,commit,,,
4,4,commit,,,
44,44,get,four____,____1032,
18,18,get,two_____,____1019,
47,47,insert,one_____,____1242,I69J7XJlvdqLoZNc2Cp0XEvlt7OO0IJrGWYfFjtGm0evcoi5awMyAZRFKuxmZ
31,31,get,three___,_____462,
74,74,get,two_____,______39,
95,95,get,zero____,____1007,
44,44,insert,zero____,____1230,g0ZuveI9ulEPbegsHYRhYVRAzjrhwc1dlcWNdqSd2fnBWEP3OxfPEHBYF
742,742,insert,two_____,____4720,dtlorvLfBE15ZRanxcPwWiVBzmuvBMEVJVY
742,742,insert,three___,____4721,Zc4gIDHnwWBUOPowisCsuS7wsvxEIhIu45I12VuO53ZqGto9D
95,95,commit,,,
10,10,get,one_____,_____658,
750,750,get,zero____,____1463,
10,10,get,two_____,_____485,
47,47,get,two_____,_____156,
14,14,get,four____,_____659,
36,36,commit,,,
215,215,get,zero____,____1182,
109,109,get,zero____,_____114,
44,44,get,three___,_____726,
20,20,insert,two_____,____1103,ZrNKDujdWyoWBuZK9gASc7vn6X7BJhEaF7mqqxg3NpgkdKPby4ClbjGneqwPh
431,431,get,three___,_____309,
63,63,insert,zero____,____1323,3ZDqdHi5oqSjExRK1ZUX6TNv7KbS6Mw5WGrFOHYTuoTK82cmN4JRh4JjMLGE0wRx
200,200,commit,,,
17,17,get,zero____,____1058,
100,100,get,four____,____1020,
19,19,commit,,,
33,33,get,one_____,____1021,
47,47,insert,three___,____1243,X4gTitoKQ2fvaJUUe7XraIP4iGUb1eRGZTPHXVgxmm
165,165,commit,,,
217,217,get,four____,____1065,
63,63,get,three___,_____277,
10,10,insert,three___,____1045,tzSSJ7DrnXUaOoVePX9KOf3fKwEcqWoZbbRKpKbbpLWVUZEp0nF
292,292,get,one_____,____1095,
18,18,get,two_____,_____902,
63,63,get,one_____,_____322,
17,17,get,four____,_____100,
167,167,get,one_____,____1184,
51,51,insert,one_____,____1260,8hNPg5MwMfUwJW3YlB4JVdLtXGHVmyOTodfxK9Q4hgN0n63CVd
18,18,insert,three___,____1091,H0ODB0etOtw1tVUcCj7Yojn7Ma5cjVrQFWXzlUF6mAq4Al6tYu
10,10,insert,four____,____1046,cf18cuR9Wwr2EO4DH8TOWU4F3LyjDe4fYLChYN
217,217,commit,,,
47,47,insert,four____,____1244,1GHV78RDEiE2FqlZbSN238ZEwhUMYjUZTSpjbz
34,34,get,zero____,____1006,
34,34,get,three___,_____648,
109,109,insert,zero____,____1525,odNpBanKTfOWPOZgwBHg1IvBx04phu86QXoxurM2wJPpIBrUhM
219,219,get,two_____,_____788,
270,270,get,four____,_____271,
167,167,insert,four____,____1809,q43chFa5OECTyXqRFRsktrpbuPH80RKOIpefC3fliYf
17,17,get,four____,_____916,
742,742,insert,one_____,____4722,OBTujsEgvZqW7nS6hLxSVu3Z6MGMWE6IUlMR42M6VoaR57kmngmbQ7fxI
348,348,get,three___,____1093,
348,348,get,one_____,_____292,
18,18,get,one_____,_____717,
65,65,get,four____,_____172,
348,348,get,zero____,_____540,
807,807,get,one_____,____2075,
525,525,get,three___,_____639,
44,44,get,four____,_____385,
109,109,get,three___,_____805,
38,38,insert,two_____,____1199,gwvYggTgNpiK7ZhLAJVsA5hqqboG5h81vJqsRIu9i9wr7p0i0
63,63,get,two_____,____1128,
47,47,insert,zero____,____1245,o6EgJgko5ViXC2RajoWE93J8jMlWQS4Koae
18,18,get,three___,_____642,
109,109,commit,,,
197,197,get,one_____,____1514,
100,100,insert,one_____,____1482,6Iwvt8MJWyZAByCBlNwT54RvfShrDGhTplyoQwyxt8
34,34,get,one_____,______20,
928,928,get,zero____,____1521,
65,65,get,zero____,_____830,
270,270,insert,one_____,____2332,wlfryOfDfP1LcbreUYPEQkkTw928BVYfPA1k1Biha
34,34,insert,one_____,____1176,tD3U6yccJFfKtfTBvn0JQ4Xps1WNyNc1txdv9l6
33,33,get,one_____,_____718,
20,20,commit,,,
38,38,commit,,,
10,10,insert,zero____,____1047,HYjke0W6IBXWxnPUdU7V8JS4rN9WjANCtMf4tcAi1YwYll03
18,18,insert,one_____,____1092,nJBxFHONGvaug7xGr6ffvqibXshnkp6tAcljU1xg2aPQG17K
51,51,get,zero____,_____925,
471,471,get,two_____,_____328,
42,42,insert,one_____,____1218,XtbPWrfWfWHyLuH8Vyn1xgW7cWjYeGpdYKe9ESxzLoth4k8
175,175,get,three___,____1119,
167,167,insert,four____,____1810,omLc6Icqh3hGss5Zvqh4Gcj4pj6zZLgfSN2sO6eX8I0qCl1I
219,219,insert,four____,____2083,vB6qYt0acSiKXoxWHJffPfHHJKV0avfVQbLBvz7iiDiowxXEDMFkgTjbOZICybb
14,14,get,one_____,_____849,
197,197,insert,two_____,____1980,AfW9LkJfpZUb8ECPMpnZFmqoRodF6beN7OKoffTLsjqCaU2afkqarR8C
167,167,insert,zero____,____1811,6HepiZoRzVypQJMy4l5Tcdw3yWJiLRqjAMLO9xHq4TbXcMz9VBcCbpoxfgPTWsA
44,44,get,zero____,_____412,
17,17,commit,,,
66,66,get,zero____,____1088,
34,34,get,two_____,_____613,
18,18,get,two_____,_____390,
348,348,insert,four____,____2739,Ghs41Cbb8M2Xl7PanqWhaYgzpjUeqROdJe72aQctw0
415,415,get,zero____,____1524,
26,26,get,zero____,____1058,
27,27,get,one_____,____1086,
197,197,insert,three___,____1981,14zTGESNbD6Xv2zOEV8N77heg8JVElKET7h9x4xWMptPy0p5cfv
51,51,insert,zero____,____1261,l9gv31OrMWxF8lyYojr71dAHwaqkH7ou1hJTxZ278fITkzmBMBmrha1s2sXRYk
31,31,insert,three___,____1163,u97fLl4j1Vb6RhWa4E4IbeXVjEHGJ4uduQpfHD4CKZzclq1QvK8q
33,33,insert,three___,____1174,JiiRdt6JCyAZo0SQ21dfQ8ft6dREEFnsgJv5aXpPqyxjahPJ6
44,44,commit,,,
48,48,get,three___,____1227,
14,14,insert,zero____,____1072,2Egf5a4NAvBPFt54RoZLQUTc5cmnNHrNn6g1jl98ppE0GbCG69
219,219,insert,two_____,____2084,15C7vKHy7Yy3r0LJiampCm0kJ9RxCD5QqnH3h8CcM
125,125,get,three___,____1101,
167,167,get,one_____,_____670,
100,100,insert,two_____,____1483,sm1eqPIWfmuhzjQxY1Lzg5RpRh8ZANkVpXZtQW1HqLEi
133,133,get,zero____,____1183,
968,968,get,four____,_____100,
34,34,insert,three___,____1177,tg3EdX4dQ4jkrf03BTFPVyaWjXAT3Fjxc9qdaPdMm0VTGdP
10,10,insert,one_____,____1048,yh0ALKOo0FJ0yzhZunjpJrwLFGTAvdTuamJ0NRmoThZcNYN9FyG
354,354,get,three___,____1229,
125,125,get,one_____,_____569,
167,167,insert,three___,____1812,6aP1yYn1ud2QZN328RR46pqB95rbgX7kabhqQUnvLiqK4E
928,928,insert,one_____,____5604,u6Tp61dsqOygDtAupjZxsxKXPwx4N3yYvDpdnFaOFVYS
197,197,get,two_____,_____991,
63,63,insert,one_____,____1324,FxRwGhKmcJ0Tb7JD1Sbt6UuA2uYieaOemnjx6PiQzNYt4qXO
26,26,insert,zero____,____1139,L8Y68sZGtOXBZNSR1CMNs8TC4mQkZeUKWbXD8no5H
161,161,insert,two_____,____1786,hKimnuKo9fedbRZLzSP5D5SpywfaQaqohZvceek676bmerHTFTh
26,26,insert,three___,____1140,N1wsSoXtFw0NqP5hEN0D9OniYaiFRdaJF
27,27,insert,one_____,____1142,6xKzfhQ4MEOWDx1YMRf0eVlHFDzVXh65Yu85lDzDZ1q
100,100,get,zero____,____1231,
102,102,get,zero____,____1230,
388,388,get,four____,_____248,
742,742,insert,one_____,____4723,8i5y7qzINVtNthQoNU4EyjOkJFKx2gzDJroaBsNYWjQxWjN
161,161,commit,,,
48,48,get,two_____,_____427,
34,34,commit,,,
48,48,get,one_____,_____295,
35,35,get,four____,_____887,
66,66,insert,three___,____1333,kToDZFTVJJ9WSxN3XAJpgcL21ugSXhUGttbfsKJsugJzDMaTGvB9kktpWNq
35,35,get,one_____,_____298,
27,27,insert,zero____,____1143,i6SIQ39bxPMRGhoIAXrjcH6YGxs5YCjlGgMXbvdS7mLVu
807,807,insert,one_____,____5040,L80C2ywK350iGjd3kWZ85lcFnznDVBDAhMa01kP0mUhn1Vmph7orQQk47Pi8cBb
35,35,get,three___,_____293,
27,27,get,one_____,_____780,
65,65,get,four____,_____834,
133,133,insert,one_____,____1634,0jUhT0gKsqAt5tsd2RaZSHKQaQMzoXmTDLFp9jAFJ5BldZRUzxoL
66,66,insert,one_____,____1334,6tLy9sgM8vJTxC1lgtO9JqjlcINCNPhqlndVIaym1kpx4oE9a
360,360,get,three___,____1198,
18,18,get,four____,_____760,
31,31,insert,four____,____1164,Fkp6KLRnSRyFapgq58oETbMP5KzIkBvYE0ub4gaBseuuKBTpdlSyI
197,197,get,three___,____1150,
136,136,get,four____,_____211,
125,125,insert,one_____,____1606,ADpqzQ8FMb0OGRJdCYsZQClSysVEq8442vTlblT6MhgAZaJjs3ryWRbFcrbF84u
42,42,insert,four____,____1219,eOH84xUP6aJjg6lfAClmY4IsEsSXEXlCFu1
131,131,get,one_____,____1087,
360,360,insert,zero____,____2808,Fn3sBuRcP5xjrzmaU2XjDJvzXPNByPHLfJ7ailL3rT
47,47,commit,,,
247,247,get,two_____,____1786,
348,348,insert,zero____,____2740,7dY3BuK4zNua6ILSAVhdjDOr6msan0JREpQRgxndhCm2YJseXfTrSc
197,197,commit,,,
968,968,insert,two_____,____5816,aonAZGDxVyD23KqrfCFdLv0MWy6S3XmnEDmStXL2BhxxAltttbiFlxGFlUmP
347,347,get,zero____,____1978,
348,348,insert,three___,____2741,aWe2Afqjo8hG7W6fojPJkgcvSkMvn8vOrvCfDpfjy6n2fMG
42,42,insert,two_____,____1220,Kkw5rIrPNDVYGYczhUg3WJbrks6iqjFDeFTXiJsTBbP66cqLP
579,579,get,two_____,_____991,
35,35,get,three___,_____640,
42,42,insert,two_____,____1221,hfVgNpweFYg2asQy6PP1AmlsP2EQLicOavrU9gE2rGNGdPsqj2wXZgKivscUd
130,130,get,four____,____1241,
48,48,get,two_____,_____755,
18,18,commit,,,
579,579,insert,one_____,____3915,mpCAZFOjCWqSDFzYpT7CONeNE0mfdVEkhuxOGkerhcFdBdCyZV4YZaCCq
284,284,get,three___,____1004,
35,35,insert,one_____,____1178,lvgdo4nDHv9WpL5aGB01SwAAKX2pVYGQuGbpcr0HWQnqQGrmZS
26,26,insert,one_____,____1141,cJGhgqkfYY8NpJifNr2HzsuNfZKyauoz325xhpxittpIiNzXPnMmi6sw
347,347,insert,three___,____2734,d42GMjoSxgwVrptEUzWCpeJ7KpakYvIltNsQChCF82BV0H19tU9pG11dO
35,35,get,four____,_____844,
74,74,insert,three___,____1366,2iF6ZvZRbzt55WhZdRIWA6BXCR0dgsCHw7ht5kfAGRjvJ1Z7UMCIQW441e
742,742,insert,one_____,____4724,yo1CuOcce1yZsWNRh1MCWzXpMO5k48tkF8rJjQN8rt2
130,130,insert,four____,____1621,7n4M4611YaCGZcPDaasQlKmkR1EY0qrAsuJK
27,27,insert,zero____,____1144,bRliRcyKHidF7rHgg6ISBAWv1v7GmaFFPwVBCPydWFJlzs9Inh
10,10,insert,four____,____1049,beluLQiDNpIEkoK0mq87F7MFlH7KJJYqL7H0ce5VIepL
300,300,get,three___,____1239,
48,48,get,three___,_____860,
51,51,get,one_____,_____157,
10,10,insert,one_____,____1050,dz1MGGAAYzHfRyupEnunXia7NC0pd3HVqfxbQA
130,130,insert,three___,____1622,YAjrYAfdOaPEcrRqtkm320xPEYCkYRbxq7uPm9irycloI8ijLzTDZlpkFW
48,48,get,four____,_____899,
49,49,get,one_____,____1092,
136,136,get,four____,______90,
53,53,get,two_____,_____390,
63,63,commit,,,
53,53,insert,two_____,____1274,tsyVqgRgXhfWY25U5skh2DrknHpXn19PmXeYYTB5YgGTLhzyU7MfG
74,74,insert,two_____,____1367,fmc3z4pwg2zLwGPmJTRTqpRe8rjwhhvDgmaiHLi9ZfCwABu4jaB2EDARw8ZMyD
133,133,insert,three___,____1635,XH89BMeGJjMjvp5zXEClXKy9DfLvCqk5yh4emMPr
300,300,insert,three___,____2506,8pqCUCgEQpmJvwztNoUcioo07RQXKtdTRbiITspSFREnMVrVFWKZbTaJB
65,65,commit,,,
48,48,insert,three___,____1246,IQ0es4KnNwNafs0CAWL0slvZyk26ej0iM8lsSxm
53,53,insert,one_____,____1275,Vm1FOZ2qNLZOy6yzv1wfwnUDDzvxxYwvysgl4RfVq8SUjl9l1VeYBoG9yu8y
68,68,get,four____,_____760,
127,127,get,two_____,____1128,
136,136,get,four____,_____779,
35,35,insert,three___,____1179,KktSLQCixsjnsIDAvmWrOyfwPBypDw6um3O23F7pFv
48,48,get,zero____,______28,
364,364,get,zero____,_____454,
42,42,commit,,,
130,130,get,one_____,_____459,
720,720,get,zero____,_____952,
68,68,insert,two_____,____1343,IF9elOuM1jJoNsSlYicPpgrdr26oiaI4laIBvuFufk
49,49,insert,two_____,____1254,nw8j3U5MVaAnAtf54yG3VjYiSzF5GB4ha26pIW5SQvmOqNI4MSQSwsxHHLE
133,133,insert,four____,____1636,z3yimlAP1HRRcIkaSEQ6PPd9V7IopjbQeLQcPI2jPZIwI5
31,31,get,four____,_____594,
14,14,insert,one_____,____1073,09j3gIgnJXYDYfIkMw7lpVngvbUubkOMo3C7BzDXRTRxmoLNI0
85,85,get,four____,____1217,
133,133,insert,three___,____1637,rNtMxB5h0FGw1b2SDmLS7adMDC1cOCzbZgXYfbJRTgErXQQ0so
51,51,insert,one_____,____1262,q3J2GWN3uS0poklu9bAv4aGzABcuk3uGdiGOqYwvLgrZrvha
131,131,insert,zero____,____1626,kuVpUXxsnMJ9MS0s7gBkrUwR9c2HBqDJoE
347,347,insert,zero____,____2735,njsa8QWNxVYdWApRfke58ysXHCNzsNq7Ys0iJkEuGdk6NkNZpSlMW9IO
347,347,insert,one_____,____2736,cypsHLah7Ojkmi2CRFIItMyYpJ5lipVRBMFOg1Q2Mgilx1eWoQK7obP1W
131,131,get,four____,_____911,
14,14,get,four____,_____310,
27,27,insert,one_____,____1145,BBCSi03DfV8UcNMnRWB1RQ1J6U0oiQZ3MKvtCNOxqWQfW77BRqbQ9ReB9e8pAm
130,130,insert,three___,____1623,wWEuPF7UsaNFv7O2gPcrmtP18KdNPXFU0Gqohjyvcc3HKQLmPOru4aY9
85,85,get,zero____,_____895,
311,311,get,four____,_____955,
85,85,get,zero____,_____511,
48,48,get,four____,_____387,
265,265,get,four____,____1977,
265,265,insert,four____,____2312,5zvxacOc8LiDBo9mRb3AkOCy33EmuYg0yv1uQKwtFKqGSB7hJeUWcRxK03
27,27,get,three___,_____633,
85,85,get,three___,_____359,
131,131,get,four____,_____630,
85,85,insert,zero____,____1419,1OBQBjTA9Haba74L8Uu97kQs6wSx8SRuTkw6LfXtBun
53,53,commit,,,
77,77,get,two_____,_____390,
388,388,get,one_____,____1275,
51,51,insert,one_____,____1263,VpeQ9nBKoN8rUgGqhnhzXdwLqEpKNQ9yeN8SnHMhAYJaLqnzirq
133,133,insert,one_____,____1638,R3M63syzWV0tVFCcclmmb23AW6pCSd9YTr67QKNoH7k1G8
51,51,commit,,,
35,35,get,two_____,_____847,
130,130,insert,three___,____1624,44Ejj0ihGB2g9lx2cBTqKJ8c872Yy3VqodPzaO4V
76,76,get,zero____,____1323,
49,49,get,one_____,____1056,
85,85,insert,two_____,____1420,O2bDwZOFioK2TyrU0n2OVOq8to1CE7Fq
35,35,insert,three___,____1180,wDgBIuK5ZyVFsV8Ut5NYgrv5O27CM73S11JbOVuGtZO
77,77,insert,zero____,____1381,bS6VAJv7zsENTpfLF6tmkrbuuH4QhRrCdoZxLlI3feaANCCY
31,31,insert,two_____,____1165,afdiDviyXPyt5ehIxcoJqkcfdK6Hlhrit8xM2KETM0Sx
49,49,insert,one_____,____1255,q6WIROcrtjXMnxjF85QBWnMb962Oh1PGPkskOvdmKmR5fE6PDPN7mI
76,76,insert,three___,____1374,i7PT2zC0cuo3iSiI4Xnn3kjUJUA1GNU2nTSejJ1ZaHz
77,77,insert,two_____,____1382,rQ6FAUBGZApRjHhH2hMenremhGVT0GRWCp2SoBZh0D6mvo9Pc7S
138,138,get,three___,____1271,
31,31,insert,one_____,____1166,Wz3UeoJChH0odux0fiGcOoqgUmA3HPKZh3PxJe1KJ
85,85,get,three___,____1062,
49,49,commit,,,
10,10,insert,zero____,____1051,BFb9V7Z3XUb6FLbZXU06ipiZRiBBDz4g5D7pBZkGjFNid0HCVzY
76,76,get,two_____,_____176,
10,10,insert,one_____,____1052,7EYZn2XpuYNJdG7Oi3gUUEUcrqIaFnHX5zuSN8GXiW5UCT5wK1dgbrK1rw
27,27,get,four____,______95,
138,138,get,one_____,_____586,
164,164,get,one_____,____1262,
473,473,get,three___,_____607,
57,57,get,three___,_____307,
27,27,get,four____,_____868,
473,473,insert,zero____,____3384,WYHB7TX7EYQFyburS6Y7TJnpYKJG1UkJdUldryzwqEzhb4
27,27,insert,three___,____1146,CQRUoLHnOZxumsj5WafJfJJeIvscZsltAPCG0n
77,77,get,two_____,_____751,
57,57,insert,zero____,____1289,OFWBgt5APY1NTErooIiB6I89oJVXkMGSHiiov
164,164,get,zero____,_____817,
311,311,get,two_____,______98,
77,77,insert,one_____,____1383,IGlGlSWnC2dXk8ktCrcU0lVYmKByOTRunXTZGThDdN4RYNnB0IW2
10,10,commit,,,
77,77,commit,,,
253,253,get,one_____,____1255,
138,138,insert,three___,____1668,hd6U2bU2CYAslZxUKjCYYPTC6zg9dq99M4JAPawBFn4xZRR4RlsTkAEqt
73,73,get,one_____,____1260,
388,388,commit,,,
133,133,insert,two_____,____1639,fxjJrfUUzHkkAJoi7P6TXse71tx6uV6gagx0cwUDNsAg90p2B4Uzc7M3t4x9x
222,222,get,three___,____1380,
138,138,get,two_____,_____745,
222,222,get,one_____,_____432,
14,14,commit,,,
35,35,insert,two_____,____1181,jMrfovFdgT9cs18BdR1siECN94LnaAvINyEOu33f7FkuNtgbNQ4oBHe8gjR
82,82,get,three___,____1045,
660,660,get,four____,_____310,
90,90,get,two_____,_____141,
541,541,get,four____,_____124,
26,26,commit,,,
92,92,get,one_____,____1050,
311,311,insert,three___,____2552,KaIdzty4vS5XynnfTfa87wx5g2S3cl0xWfVOUA7B9JPEkvDseseO09rkpoC
164,164,commit,,,
73,73,get,four____,_____305,
311,311,insert,one_____,____2553,iwQwET0ykEuAYCAvGgj6NZursLqqWGmxJke6qZ6xiRFgDANnzB3PNp3a
670,670,get,four____,____1793,
62,62,get,four____,____1136,
757,757,get,two_____,_____390,
82,82,get,two_____,_____324,
76,76,insert,one_____,____1375,98n8DZHpbKJbPOLow3CAf1pjHqFfG1L4nWISCsFOr66jnmmogYGfqlNh1a
222,222,get,one_____,_____206,
130,130,insert,zero____,____1625,sUAoChVYdu35dz4ZK7P7AHbYvy9WnpejCvLTGAM8WF7nXTXfiGQ
311,311,insert,four____,____2554,uRK8YpDMRKNQTOduymhqgx2Ij5IE0VMvEB
610,610,get,one_____,____2951,
138,138,commit,,,
473,473,get,two_____,____2950,
473,473,insert,zero____,____3385,9avUdse8ozzE8P2l3h7OJPiu1RrMK8f8lTbGcsYVu8xZj
461,461,get,zero____,_____799,
171,171,get,three___,____1795,
85,85,commit,,,
54,54,get,one_____,____1106,
222,222,insert,zero____,____2100,rjnOLntGuSvanbSM4TQntVy7ncXuABCWsPgNsj2ubtO7gTby41vKgg
985,985,get,two_____,____1274,
227,227,get,zero____,_____511,
62,62,insert,three___,____1320,xmzAmlNIbMoQuBWwVIYfji8CDAcejXpNXJjkXEcY2AtqTJJdQbGKh6jyDIz
68,68,get,two_____,_____485,
35,35,get,four____,_____493,
277,277,get,four____,____1071,
92,92,insert,one_____,____1443,L5txoK7oYf8JSEq27Ke14f2dz5y73jojbhtr4O3CJHtiIjTgUSXuBCV4EUSe3h
541,541,insert,one_____,____3722,1mh6Bwyg1rtVk913c9fUJJRKXA4X48HjnySg1V9WtjE2OYEU5t4zzsgk
253,253,get,three___,_____905,
76,76,get,one_____,_____988,
54,54,insert,two_____,____1276,UDgqOz5wecnl0GgcugAJdNVj4c7YmFspZ9ZhXR45znckuB
133,133,get,zero____,_____592,
82,82,commit,,,
76,76,get,one_____,____1193,
130,130,get,zero____,_____743,
227,227,insert,three___,____2122,QhiM0UUBA4IUd3jhxUJI4jMRi4ydhVQr8mHH7ecuHOzIuxNpV
540,540,get,three___,____1417,
227,227,insert,one_____,____2123,IlW2lxkJZIcSHevpFm0GH8oAu1enDA9jb7Q5oyv1SlchMaiViylKx
90,90,get,one_____,____1189,
54,54,insert,one_____,____1277,R8iYHFhFUqXep8xbYrJppbSlBV2G0SdYYU1V5O
50,50,get,three___,____1140,
133,133,insert,one_____,____1640,2amcPUKXo7XwRz2OLNIyMTk7k96OWJYG1Tcj898kGh5SvAlP0ZciqPs9hE
73,73,get,four____,_____824,
50,50,get,two_____,_____363,
90,90,insert,two_____,____1439,kKqTyEBmPogukuxK7POT4KtcWaQScYMrPZEx9BSsB5zjpQyayHfGKNFnNJZg
610,610,insert,zero____,____4072,lkAEgnq27G5Nw4ejT8Zi9DntshFjAJz5EPJX8BcIyIB
27,27,commit,,,
54,54,get,three___,_____980,
62,62,insert,one_____,____1321,0unHajaSvTEuByFzKK5NBdzd5hSKJl7NxfxtWRkUf715PXpnD3EOyX6W1k
102,102,get,three___,____1045,
31,31,get,three___,_____784,
68,68,insert,zero____,____1344,M7IMgvfb4hJllBFTxhwp7WUEIMyn0Bcj3kVUrapxJVx9QZG
76,76,insert,three___,____1376,T31pKkudfuFcCOhiJ3oDyslshvI1Twsx
102,102,insert,two_____,____1490,vBb4Pvy555ne0kT3K4IPkSwD95H6sCf1Bk8OLxaj7qywQ
90,90,insert,three___,____1440,4JZXU6cnz9OeH7bJ4mHfEda38ZCtM1ai9tkVrWzylG2FNDYpH5vWpyT
836,836,get,four____,_____768,
625,625,get,four____,_____248,
54,54,get,zero____,_____588,
90,90,get,zero____,______54,
102,102,get,one_____,____1059,
102,102,insert,four____,____1491,6bkkPibxF8vRAb2tqNQrJTqZZwjoJOgsHQXmam
136,136,get,three___,____1416,
48,48,insert,zero____,____1247,dI81pErdRPmVDNqZHWgDvjeOxTJ21HoFuJkSlYgco7dFScYJD8Xbpkfp
136,136,get,one_____,____1218,
133,133,commit,,,
48,48,commit,,,
305,305,get,one_____,____1638,
35,35,commit,,,
30,30,get,three___,_____633,
660,660,insert,three___,____4330,SljtvJudFdH0vDj9NdPmiUEc9rz6AWEaCj8KXtnR9coBWq0PC3xI
111,111,get,four____,_____493,
473,473,insert,one_____,____3386,ZZXnNhcN57rT1LU6CEU2RMXz0axWgMGqvYcde47O3a1fPIaklH
30,30,insert,two_____,____1158,INSQtwgAQIvF888fc8ExfjYBKaMyTbuft4X2
102,102,get,zero____,_____595,
193,193,get,four____,_____387,
715,715,get,two_____,____1181,
625,625,insert,three___,____4162,J1ka37EqfPLtug4LSi79AWyKaxBQWuqsSJgBKklJ6p
204,204,get,one_____,____1104,
237,237,get,four____,_____184,
31,31,commit,,,
305,305,get,one_____,_____505,
54,54,insert,two_____,____1278,jLsITmnylIbvAfaw1zFYbIr9kYviHIJvXKyj3DftjswhST4zacFGljfzCEswOtSd
406,406,get,four____,_____868,
68,68,get,four____,_____867,
92,92,insert,two_____,____1444,9EYTxSFm1jnQ9aoLCakYD1V2h1HipzdhrFLIpjQNMU9Ln8t5
102,102,get,four____,____1134,
204,204,insert,three___,____2008,d6bDrwQNFDTYtKkjZvLV2lGvbgVBBVSjqKwIur7IpD
541,541,insert,three___,____3723,TSuQX3zLwRdCLN9O0ufc3LOMHmuDc9lYELozCKFEY
66,66,get,four____,_____594,
89,89,get,one_____,_____780,
54,54,insert,zero____,____1279,6IgcOVXEhQKUIC7grlaUypuCeGA1zNQtPWVxbS0R7ssrA4CEzP7hzB90wNH
102,102,get,two_____,_____481,
237,237,insert,one_____,____2170,X5kDt19bXU7iEdN7dLXBBlIVboYCg82Fs0NgwlAb
62,62,get,one_____,_____875,
29,29,get,zero____,____1143,
279,279,get,four____,____1164,
62,62,commit,,,
187,187,get,three___,____1320,
187,187,insert,four____,____1919,kASj0KxLUxq38abLEyjgfNUpL9SpCX2RQwAlOinLs1pZUmXAJNVL5vaFVee
29,29,commit,,,
187,187,get,zero____,____1247,
89,89,get,one_____,_____615,
89,89,insert,one_____,____1434,vSrgN40biHfNFKa1XteUo3h8VksRjk6B
75,75,get,one_____,____1319,
32,32,get,one_____,____1152,
625,625,insert,two_____,____4163,20gwybzRi2n0afOJukRRaBOzaLK1loKY
625,625,insert,zero____,____4164,9r8ye6xT9YdyzIbKmPsfKbZYBe5mh9597nEoQ0juQkAabQGED6vHfG0
274,274,get,three___,_____972,
474,474,get,zero____,____1051,
90,90,get,zero____,_____960,
60,60,get,four____,_____899,
50,50,insert,four____,____1257,4pKV3nKXPnXtKA6IOVdKN2NUSIc4GdUz5YNJ8gPoVgWvKD9EStAGvUuunZvtXT1
57,57,get,zero____,____1154,
172,172,get,one_____,____1153,
92,92,insert,zero____,____1445,w2DRpr3tEzLSIJ2abuEb6KhfnSWUdEplFnIt8HrxL
32,32,insert,two_____,____1168,ar7hZDLD4V8YzZCZG1NAYbiqLtKK4XgaA3nx5CwOM
113,113,get,three___,_____293,
73,73,get,two_____,_____121,
57,57,get,zero____,_____582,
75,75,insert,three___,____1370,rgDR95mMXYPNpuvZIVE7w6cglzzqYAavu5PU0Ch4Kcz9CY2NQK8w
111,111,insert,zero____,____1534,XOoh7LZS6ul8fURPBAshW4mnxDzPZij99GgjALsCf4Jli6qydvdXr1TPhvuTNFZB
73,73,get,zero____,_____575,
715,715,insert,two_____,____4593,wJwwDmrk0KBf4TM0pa1e9zj8d6KoKosl3pIJeTH
66,66,get,three___,_____252,
111,111,get,two_____,____1038,
89,89,get,two_____,_____222,
90,90,get,three___,_____340,
30,30,get,one_____,_____794,
92,92,insert,two_____,____1446,CMvXjOaNeJcJp8QsUmbxFCxAqHGF4Bw4gpJRhYMVXrBBTmd
32,32,insert,four____,____1169,o7ABuchj3WrtLBFJns8zETkxjluIEeaIDIT
30,30,insert,zero____,____1159,0bX0TA59HYFscPdsMYIptl4S7bhq4DAEPvxzqfL861RWWDR6E
130,130,get,four____,______18,
68,68,insert,three___,____1345,ZOOljXFD8GKHjjD4Igm7pkfx0XMPCyGxthgK6BANPLC78ruZcQ4UnfegLuRwWSSr
57,57,insert,one_____,____1290,qBHouHYNVXEakRz69p0bmm398YvVfdHqXrpQXgf9c
76,76,insert,three___,____1377,IuKJjdsCgYB3yUWjnU8JBJAGDOecGccz9UKwiUurQvOSd6wtiJh5ewGQ9g
660,660,insert,three___,____4331,JwbaPF7DJiqVusngPZOXaUXkNedf08mh9neHsequCWQY2Kphpoz3X
54,54,get,one_____,____1068,
75,75,insert,four____,____1371,P9F1K1t2Nix1WNbnXvHJHLEcLxy864zywwJpfJATq
187,187,insert,zero____,____1920,6eRBVwOpQb9oQVYoVZeoyYi3bbv6iJZxQg2ZSspmT0d4HBKj
136,136,get,four____,_____769,
272,272,get,two_____,_____440,
208,208,get,three___,____1180,
172,172,get,three___,____1418,
136,136,insert,two_____,____1655,amrQ0hQ2JkXoCQJ2GYqHucNZ9AgYbxEjBNUyVRaGiD
50,50,get,two_____,_____126,
237,237,insert,one_____,____2171,G7W8O3dhI6m8QL6SfEHZxb67kYtrYtMBe6TgP10vnubPAZ1sME7t5YPG
208,208,insert,two_____,____2030,hBAhsVW345xNfHaDAKHIx3uMWJCEh2iQ2Kzb1uCs70L8TWxpVdl64zz7tVnqP1Z1
68,68,insert,two_____,____1346,n8hO4ooZRnhBF3pU5LvmslOwEsV8uvo43uSg
130,130,get,zero____,_____448,
111,111,insert,zero____,____1535,mjsPabx2j6Hp2VBuauZhY7AbzhntOfhznk05q4L
474,474,get,zero____,_____312,
715,715,insert,four____,____4594,kWAlG9XowJpR2f7UMeuzdmtPSwLavKE2uu9L0ck
66,66,insert,one_____,____1335,PRdUCoYeSFlf08oUNXfKKJl2CPIGByhs64R0j00VfUdXJX4C49eXKj
279,279,insert,two_____,____2383,T4kaonGt7HFKQV9eM1VAwlFXJ2YMmhWI7Vgt8wrMmwfGbL1MISpIoBCFYdWIIsY6
172,172,get,two_____,_____461,
32,32,get,one_____,_____892,
114,114,get,one_____,____1321,
114,114,insert,one_____,____1544,rvRDpZWoxJXqzAPyeZQTQPsl1YHuE7g1YjNtwXfCLbOXOs8Xp2JqcBz0L
75,75,get,zero____,_____136,
73,73,get,zero____,____1035,
172,172,get,two_____,_____908,
90,90,commit,,,
66,66,get,three___,____1091,
54,54,insert,zero____,____1280,7QZ32Vkni3ZhA2QVD1xflhjEoL4SnwOY09671VNQ9kIs
92,92,insert,zero____,____1447,f2ETi0u4YIbdk9NSZzmdnJHqBVdGBvjowZe5FPJnfVDQAXCk
158,158,get,two_____,____1439,
30,30,insert,one_____,____1160,VW2NGZCsuT3PMlUMBvdSorFkpVV6FxmR9mqOEz3fuJeGHi1TraWxnZV0
221,221,get,zero____,_____960,
75,75,insert,zero____,____1372,wmzPdaOQrAuV6toKPAzJSCPw4e69tv8P6sZeXfVuYDxl0
73,73,insert,three___,____1365,a3Vt8zQ0MkOGeSMpEgFCHHBcm8jraKpuE8Lpp7GyjM3RSLZ7Rf
113,113,get,one_____,_____665,
76,76,insert,one_____,____1378,rXtanH7OJxQqOeGyZbgmlxSdcIRonIrUSX
50,50,insert,one_____,____1258,royNhojBGgaELEo02TswXys49t9GvG3K
73,73,get,zero____,_____721,
76,76,insert,zero____,____1379,D8xmq4L9DLnON0WnHBkjSdpYpDvWLJVi5VU
57,57,insert,zero____,____1291,0QTAoMr5sYYVk3PrtZvmJiTtyMDYVXHmuhb
111,111,get,one_____,_____849,
715,715,insert,one_____,____4595,zxMxWcH9c2DocFXF2KSskuhbRBJCRYRwiQ4ji
121,121,get,three___,_____776,
73,73,commit,,,
113,113,insert,two_____,____1541,3lMJpl1xOSR87KAAA4dZeIA4GgwRRS04wxvutvu3KGewEjMmyL
187,187,get,two_____,_____141,
121,121,insert,zero____,____1582,icKLRKSwLhpxNYH8I4D30fuMgbHLyEMXyCXpGUb9qPL
50,50,get,zero____,_____285,
50,50,get,two_____,_____472,
555,555,get,four____,_____807,
57,57,insert,three___,____1292,tTdkGEWySF0eKt0rZnnBnpT2l9zseS4YlPTMwygnZPHJOh9
30,30,insert,one_____,____1161,slapQsmjBdOIppY4t3sCYRvzzXRaWENI
121,121,get,two_____,____1420,
57,57,insert,one_____,____1293,DxBQf0sxS0e2WK25LK1tCfCJcuZtdu2IIqocOaNGoYOY
114,114,insert,four____,____1545,5fEbuHb7sv5gGpzh8S65pOs1DJUX3Aa52yT9339IfMtbaHKussAPQ9TbKgPW
121,121,get,four____,______49,
111,111,commit,,,
874,874,get,four____,_____824,
356,356,get,zero____,_____721,
30,30,commit,,,
207,207,get,one_____,____1160,
50,50,get,one_____,_____783,
46,46,get,two_____,____1158,
114,114,insert,two_____,____1546,qufhGP5UfZit6jfOIpsBB5I1r04yM3YrC41V0
46,46,get,three___,_____189,
221,221,commit,,,
715,715,get,one_____,____2945,
102,102,insert,four____,____1492,l6Bowo0dxg7RrdhxkDxUfH9oNOK3ZUqG87KepZK78Z6q
76,76,commit,,,
715,715,insert,zero____,____4596,AJyBVrPsCULzqkmGzL1HJFRj9Q9ann0fzg
189,189,get,zero____,_____420,
46,46,insert,zero____,____1238,Kbn0vtrczdqx2K4Z3MMiTswebhGtK4NJ2K4y
32,32,insert,one_____,____1170,DplvnDZtjnmriWUXioaKZD5QJ63onNR5gwgkJ8
172,172,insert,three___,____1834,PAPrD5qQAzxF0v7lSRlqe98ZJzu880s4e625YIJVAOVloDZj5aOjxgtr
66,66,get,three___,_____185,
715,715,insert,four____,____4597,ujyDG2WfXRUqI9ktsK1A4APjC26UsOSb2M6S86
57,57,get,four____,_____370,
66,66,get,zero____,_____559,
121,121,insert,zero____,____1583,MF4IMe4JLxJS248kWh7uApBw2gszDKxk
57,57,insert,four____,____1294,CQn2p3US7A7TBtK4jOwydZNcwIzQyQQnqQ8u7MFm
89,89,insert,three___,____1435,NHok32qJZEHZvgbwaZcmC3hRzZIrvaFS65eL0pPs6Bc11XGO7mr74u
715,715,insert,three___,____4598,XlBNIJBlVCZTUiLDjn9JjBc3UxB1oKLvG0vB8o8tB08xMHJ
715,715,commit,,,
113,113,insert,four____,____1542,nYO4Y9ExC5AJAJ3pRTtVaOY7ySUWv7Kr1esoAWgl
128,128,get,three___,_____431,
114,114,get,zero____,_____495,
32,32,insert,zero____,____1171,tjG3XhPjkGhXn0SanO9Q37TzQzTTyVbQiydNDoQGxOQQJe
830,830,get,zero____,____2096,
33,33,get,one_____,_____750,
32,32,get,four____,_____896,
121,121,commit,,,
830,830,insert,four____,____5150,5tbJw3VPw5xZtVKkQbHO9jb3PK2fgwmoNZ5Dce6lEKIfhWreSnOgb89DIG
190,190,get,three___,_____633,
57,57,insert,three___,____1295,RSWvsg93W0KFxEz9YLs4ghMqWOXgFRyj
180,180,get,zero____,____1581,
116,116,get,zero____,____1438,
392,392,get,four____,_____493,
180,180,insert,one_____,____1880,zOy9Vqy0Pl2Ihz6WXraV6dj3aQT76c1lU6jiQJIhpdMLbC0LY8w0
102,102,insert,one_____,____1493,7ivWKQPbHOe86cJeGN5G9fz6d3ud1SvNTa7pcOiVeR
128,128,get,one_____,____1178,
113,113,commit,,,
89,89,get,three___,______79,
33,33,get,one_____,____1141,
32,32,get,two_____,_____787,
190,190,insert,three___,____1936,FlroQXhjwerHpLsubkqcl71GENFc2X832mi
612,612,get,one_____,____2094,
102,102,insert,two_____,____1494,aLFOgRvNqE5I7Mto8GuDlD1f7Ylvz3K3VVQ0MDYK2E7zmDMRJL6YDO5eAx
46,46,get,two_____,_____521,
311,311,get,zero____,_____159,
445,445,get,three___,_____776,
128,128,insert,two_____,____1614,42InXuTxKo3AuQhnM5ZDfiCG5LoiH462Enx4OJNauD
66,66,get,one_____,_____249,
830,830,insert,four____,____5151,pTtOe2IZ7QyuL9LRn1pRqkZWoeo2oBWyAmpKE64fLvJjeJ6YjBANv
33,33,commit,,,
57,57,commit,,,
231,231,get,three___,____1540,
54,54,get,one_____,____1022,
32,32,get,two_____,_____250,
59,59,get,four____,____1173,
595,595,get,four____,_____625,
46,46,get,four____,_____130,
141,141,get,three___,_____293,
60,60,get,zero____,_____174,
190,190,get,one_____,____1085,
209,209,get,four____,____1294,
46,46,get,three___,_____462,
114,114,get,zero____,____1159,
595,595,insert,one_____,____3999,5Mx91JPm0Wx1zdE8zoxrF3AaRb7wVZ8NyJZfNiTD8E5VtlMmLEAnBaUhTR6tB
128,128,insert,three___,____1615,dccIBnujFC52Hok2R29Uvz9h5AIoWbhmY8yIut9Im4HhZl
209,209,insert,four____,____2038,YWByqLFXsyARSBbbLH51yjixcn6KITquSjmOL52YNXvp
32,32,commit,,,
160,160,get,four____,_____896,
174,174,get,zero____,____1171,
60,60,get,three___,_____863,
114,114,insert,one_____,____1547,KaIkbeHxI2HoF0QGa5Woyf7F3Oxu1MfjXdRN
128,128,get,three___,_____836,
151,151,get,two_____,____1168,
103,103,get,one_____,____1170,
46,46,commit,,,
102,102,commit,,,
128,128,get,three___,_____160,
89,89,get,one_____,_____737,
39,39,get,three___,_____985,
172,172,insert,one_____,____1835,lyf6uOuPFKOlLYXRASb6UZSBaPGQiBMiMzVgbQGieLptEV
173,173,get,zero____,____1237,
151,151,get,three___,_____410,
128,128,get,two_____,_____571,
50,50,commit,,,
212,212,get,four____,______51,
104,104,get,four____,____1256,
145,145,get,zero____,_____582,
54,54,insert,two_____,____1281,Az9ZvswrgWwFEbuYXsyUGo8eLrPZiWU72EsPHaOmPMYxdSt5HD2qpCef
54,54,insert,one_____,____1282,73SFIKhPk0qM0smyFU7pvNBIFnFLUgf1L5Dhe6Ktt3n
59,59,get,one_____,____1100,
103,103,get,zero____,_____547,
114,114,commit,,,
151,151,get,two_____,_____162,
39,39,commit,,,
104,104,insert,four____,____1502,vxShu7OGPuJtuaH7kIK9PXxkz21pGXtPeVqN7E4m
174,174,insert,one_____,____1842,vqCq0lXSjoVL9Okt3pfWpr4KOBdvV5xXOqYX
151,151,insert,three___,____1736,aaVKWBN2WHrH34HUiGnKnRNjL213yr2tQO8I6baSYUH5Zh3BUgv8tS5e
141,141,insert,zero____,____1679,y7KpuHj3dBOd9Rz4TDxrDNWPNj9bzsLZxzNucm7Yp6ki
88,88,get,four____,_____130,
58,58,get,two_____,_____165,
264,264,get,zero____,____1159,
78,78,get,four____,____1204,
91,91,get,three___,_____462,
54,54,commit,,,
40,40,get,zero____,_____765,
59,59,commit,,,
58,58,get,one_____,______53,
89,89,get,three___,_____636,
104,104,get,four____,____1151,
172,172,insert,four____,____1836,qZnt0YNgRPwTBZMXsKIkZ4zx2zSitDKyiIzRQ7znLOsWS4mxyKjb
106,106,get,zero____,____1280,
88,88,get,one_____,____1258,
89,89,insert,zero____,____1436,V7A10Zv4B836yxhsCtW9MPzIyzbijCotub7vlWIDMCOfUW9
88,88,insert,one_____,____1433,4EppCKiGJLppnLx9WzgLiMA0nEMgG5k43ad9y
74,74,get,one_____,____1106,
89,89,get,zero____,_____306,
112,112,get,two_____,_____472,
129,129,get,one_____,____1547,
74,74,get,three___,_____171,
156,156,get,zero____,_____588,
89,89,insert,one_____,____1437,b0A2591Ab0S69znWvhJFhqmnCogrGTGxC8GTvgE5
89,89,get,three___,_____943,
209,209,insert,one_____,____2039,PD7XvIKoQe5846pbj0TcjriYujHLop73pq17YhPdQmpevFQQYE9jnP19gj
88,88,commit,,,
174,174,insert,one_____,____1843,UVYGPOjuOwJspxNhZF33ivPkV35YB01OBM
67,67,get,two_____,____1276,
128,128,get,two_____,_____858,
89,89,commit,,,
74,74,get,two_____,_____996,
96,96,get,one_____,____1429,
67,67,insert,one_____,____1342,BCIavkOo9SvewWjxstX2uXV3OExUQbtNcJDyGuHonqgIvfGXgY8Nbof6D
212,212,get,four____,____1089,
91,91,get,zero____,______78,
212,212,insert,two_____,____2052,rRDNb2nhX85ENTFk0UNhga1sqSxwvCBzzC
52,52,get,one_____,____1141,
322,322,get,three___,____1435,
156,156,commit,,,
160,160,insert,one_____,____1776,YiypT38mfkOK6bYhzlucWB30TlpxIbtsNMPfO9CWU5bnyDtV
58,58,insert,zero____,____1298,TPpqRFlNM23GBWGnQ4PHoOlJF9YXdvDe1pbib9ZdiqR9gUTYurthiWfu9
124,124,get,one_____,____1282,
242,242,get,four____,____1759,
222,222,get,one_____,____1432,
144,144,get,three___,______79,
60,60,insert,one_____,____1308,dqWhkpJa55u6BaPNTVmvOQZ7BnTQRjCE8LXFf3D5ImyIe8crgKqFjb
67,67,commit,,,
129,129,insert,zero____,____1619,bEMa2zDQSDQSlNIgnh7MuDYrR5AvQR5iMW1pnCw9jLA7N8CNU52WDXGUO
60,60,insert,one_____,____1309,95kYFV2caLvLZbUn4UggYbsRF9G59rC7IVuee3pIPYj3yy
173,173,insert,two_____,____1840,AL8t9NXA0XBc0aREvBOQOXKlpD0w48aAO
212,212,get,one_____,_____179,
112,112,get,two_____,_____982,
278,278,get,one_____,____1022,
93,93,get,one_____,____1437,
509,509,get,zero____,_____588,
127,127,get,four____,____1338,
91,91,insert,three___,____1441,QUcBywhVnZkXAU6xhMLhj08jJVKXEskFygAPzYiZwqRnrdzgUrH6Mc0
509,509,insert,three___,____3545,v1SCZB8DXMQ3Bj0ahjXieaG8dqJRkk7kHXA0AbgO5mi3ymq2fe
209,209,get,zero____,_____278,
264,264,insert,one_____,____2307,STITuPtJTe5xy1ypmFOyHEOBiK31m4NmWOrn43h7Tcr8kj
64,64,get,three___,____1300,
192,192,get,one_____,_____615,
141,141,insert,zero____,____1680,MwXxHdEZcYBWLqDkm0iFNqHNw770kqSp7djYJKjR07gFW7kMVgui
74,74,get,four____,______60,
209,209,insert,zero____,____2040,t7WznxFxXnPwf0myOhf9mMWWUKM8a3eLJXQJA9wh4iyZjC1q2VcPGa5Fecr3
129,129,commit,,,
124,124,insert,two_____,____1597,Sc4azmzaOyjcmVWsLVU75jCOx1fH5U3x
97,97,get,two_____,____1339,
209,209,insert,zero____,____2041,O300WFNon84ykV5l30AnZE1ZSUGJuVb06anSXB9c56cAgiuiKbx
509,509,insert,four____,____3546,gmPIDMWo4ou0BrTHLal29Ppk7SHMQZaOl71
225,225,get,three___,____1018,
144,144,insert,two_____,____1698,J3aJSGxyF2iZwhJafoiDzqHpBB94woG0p
471,471,get,two_____,____1758,
97,97,get,four____,_____109,
141,141,insert,two_____,____1681,Ly11CrNo5DWTutqPb897qHevPUf216HQ6XgDWmeaEe4fxXaS
64,64,insert,one_____,____1328,XGdj6EPpgi4HE7XSyNoxuVUvlPJ39ZnvYvaXvWMihHNfsoVn
182,182,get,one_____,____1342,
60,60,insert,zero____,____1310,02x35KouIyDlVSUG146YOPydR8HRVhoiFSg
242,242,get,three___,_____636,
188,188,get,four____,____1757,
124,124,get,one_____,____1375,
145,145,insert,two_____,____1703,R7ov9gzKJ93OWL946N56vkAk9kCXW22THBkTaYeRGhS4vI3p5MeY
106,106,get,one_____,_____708,
141,141,insert,three___,____1682,solVl91MMO4gr6QZsz3qGxoouqyCVLZskdMT0dgHeMrcG0S1f
58,58,get,zero____,_____520,
40,40,get,three___,_____770,
40,40,insert,zero____,____1209,gCO8uahM0Krw9pfndUBxMB1JoY8cQymrVP8cMYoagOs41
144,144,insert,two_____,____1699,yCNHDusZliFMBubVozsqJtRtyXYSP0xKN9dqLGi2QZtD2ZKlG
209,209,insert,zero____,____2042,W5L7pFg2nfxBH6CvkIaAkU1jIvnOM3Ni0e6kuRAqgx3uJrYzWpuoA4okuwoPb
106,106,get,three___,_____275,
64,64,insert,one_____,____1329,QAkBKgrRjVSoGOcB41pRkKGQ4NBS4KKefnDHvO6Hp1jUHsUSX0HShppy
106,106,insert,two_____,____1508,sBEUvCrSJzLq0qieLM0bUoE0MYMu46g9lcLE2jY86WX7A358EDWrFOj4gws
225,225,get,one_____,_____274,
97,97,get,one_____,____1042,
64,64,get,one_____,_____918,
188,188,insert,three___,____1926,mpgJJJIcVkBC366KtLiKwQcqv9w0s0CkTGPBL7WHIH
225,225,insert,one_____,____2114,9QrTePHoR6rQtoSCfthXwuUmkIK33WXo9njahW7MYxpFuce0ScM2
225,225,get,zero____,____1036,
209,209,get,zero____,____1102,
127,127,get,one_____,_____966,
60,60,get,four____,_____631,
103,103,get,three___,____1188,
471,471,get,two_____,____2165,
91,91,get,zero____,____1401,
60,60,insert,one_____,____1311,mFxCnTokDPRvT64Zc91t0wc4b12YMnPqsqloe0m7EXCaugyJJoyDwex3meW53W
52,52,get,four____,____1257,
128,128,commit,,,
322,322,insert,one_____,____2605,JzMrFtVSbguGxx2PvHhycACUmmoZClBtqTDF3VY0DU8mo4BE63sXjoZmB3QW2
134,134,get,one_____,_____862,
96,96,get,one_____,_____456,
425,425,get,three___,_____431,
225,225,get,three___,_____181,
242,242,insert,four____,____2196,vhydZmdEky4vDg34fMN0q1YlOyqDAumuLU5Wf8YWefaTJ6Lcto
295,295,get,three___,_____836,
145,145,insert,two_____,____1704,29F1i2JrCZ1NNdoJidyNKFGYwK3wNxaLAazBqjfinjzH96dpby8l
471,471,insert,zero____,____3377,uVsluVjYJlZkR9kjcqHvqHzRu6JOgEMMn1bvmOCk5iFl2K5gq
64,64,get,one_____,_____342,
278,278,insert,four____,____2377,ZaBeOKiVj4JwyGDYRpZJetaFUPcoOL5KuLMWwn6boT2wPB8c2
91,91,insert,two_____,____1442,aZBmeexzyykdP4oW4LJ0ToqQx7MJMqyRtPheSr7
91,91,get,three___,_____953,
145,145,insert,three___,____1705,Epj9UbIjeEqPCeUxd7UY6c43jkD0ZKJ0yHf2EcQ8p8aoDM90clWSMeFL6SH
104,104,commit,,,
64,64,commit,,,
155,155,get,three___,_____985,
124,124,get,one_____,_____907,
103,103,insert,two_____,____1496,XiJLkpLOjkFITuLwMUMiohnayFmfs1pjqFgpqrbr4rcRHqdbV5
130,130,get,two_____,_____363,
93,93,insert,three___,____1453,vqsAQuGMZPTiEnPb4Rc2YTxewzyi3EYbf
278,278,insert,two_____,____2378,A1yQBSlcBYxA1eT9dXNjxgcSIbabcEdhPnTFuv
127,127,get,three___,_____781,
295,295,insert,zero____,____2479,kv1pjMY0JmDkqONNvf8VTeC8oG1lIgnKzCxf4Ha2mO19WuoQDMKJKSJxegssH1D
93,93,get,two_____,_____230,
91,91,commit,,,
295,295,insert,one_____,____2480,Np48LzuGLejKwxIdkN5L7AbWhIu1f3rU2gsLR
116,116,get,zero____,____1327,
52,52,get,two_____,_____963,
60,60,get,four____,______99,
52,52,insert,zero____,____1267,IYs9aXjHYsZnQB6JHXIT7Yx7jH12zfZEhiVKp9
92,92,get,two_____,____1442,
186,186,get,two_____,_____851,
58,58,get,two_____,_____787,
96,96,get,four____,_____576,
186,186,get,three___,_____640,
188,188,insert,zero____,____1927,8SJLfkM5BBtDvjvJsfD09mh21oq2QF0MwiczFmPivmd
134,134,get,three___,____1243,
144,144,get,one_____,_____316,
93,93,get,three___,____1377,
471,471,get,three___,____1149,
250,250,get,three___,_____160,
116,116,get,zero____,_____285,
58,58,insert,zero____,____1299,g32m5aTdd4u0yb5gDcutUO7RbnugDCJbOK1tx9IO
106,106,get,zero____,_____261,
188,188,get,one_____,____1052,
141,141,get,zero____,_____492,
144,144,get,one_____,____1125,
92,92,insert,four____,____1448,KvjBPCWMTCSv1KjqPh5qrWZTqlYadSzpkhgU5aCtwrkdfxBs079D
170,170,get,three___,____1337,
188,188,insert,three___,____1928,KtFm1oMVUl8pK6iaMpBKBaXRUyLUKhC2OftAZ5
52,52,commit,,,
509,509,insert,one_____,____3547,2LkLQ9nUwewwppO4nygtlGS71AGM1q7Fj2
192,192,insert,zero____,____1946,K9LTAIBykj8hfI9O8YHpdHmHaHDzzza6gx2GhiJvT5Y8O7iq6lK0bgU16n1
155,155,insert,two_____,____1751,YD19D0rzylUdvpzanW2kcyytosAkfq9ZBDyVT
106,106,insert,zero____,____1509,S2eCTixpoEcOzwO3pldKvFMdVp1sgcjAODNMOTvB4MCP
163,163,get,zero____,_____529,
186,186,get,one_____,_____918,
78,78,get,four____,____1257,
170,170,insert,three___,____1826,QRfrJY8mpZ2YR6E8irn9tWDda231N5fK2qCBtAWc0EyKQ0OKtuVKnN
103,103,insert,zero____,____1497,HQ6jUjQy95SqtEi7RfQFsmU1WcjcWS2KWY5IQIAOEM3E68hEs8v6au3EiQzOkrv
182,182,commit,,,
106,106,get,zero____,_____873,
127,127,insert,one_____,____1612,1bfh3F7ENE45irfpE8pESkhL1Ou8TKdFHi9u7EjOfy9
66,66,get,zero____,____1075,
256,256,get,one_____,____1894,
425,425,get,two_____,_____820,
149,149,get,three___,____1616,
256,256,insert,one_____,____2265,FPBFkB6nSVgzjIUOy5koR7VFhcGxn3i12YH
93,93,get,two_____,_____773,
141,141,insert,three___,____1683,wcg79LikrQ8pEK7zPROcGiBq3UwI6RooPcqA9bI2eQmte
92,92,insert,one_____,____1449,rfXdXFNnrNlWkIW4QxlhcoqHxEDEhGeZEEZcMt41Y
149,149,get,two_____,_____902,
144,144,get,three___,_____778,
163,163,get,zero____,____1238,
103,103,commit,,,
343,343,get,three___,____1441,
242,242,insert,two_____,____2197,xkAggdW1XLTUJ58w7UEyq59uDqgU8n5DXXDKHbY
425,425,insert,three___,____3135,ICFpo91uwYxpThpSKmJYT2Yt4ReCxyp1fZnYKQXPw4hD
58,58,get,two_____,_____922,
94,94,get,two_____,_____963,
96,96,commit,,,
132,132,get,three___,_____150,
296,296,get,four____,_____576,
106,106,get,one_____,____1152,
145,145,insert,zero____,____1706,GefG5zMm4CqFNe7YGbteXlmTNhX5Ybb8skE
209,209,commit,,,
94,94,get,four____,_____351,
425,425,insert,one_____,____3136,4IvuRYbE71FP6dy4AVWbi3zX3aqokgc4OhNw5
92,92,insert,three___,____1450,JUsDqFP78phD0l1uvBPm0HmfVwuKW4Jga2LPNDE
509,509,insert,two_____,____3548,pBvbagSCBMA3XvxqHQf9LQXMVL3lckqUgXsIuX5nCHKMw5zHc8rSxxWDkxeTSb
295,295,get,one_____,_____684,
617,617,get,one_____,____1342,
74,74,insert,two_____,____1368,6qQPUoUoMgTX4ZsHvKDtqrUHgmn1DI2uTL7UCwEtc
127,127,get,three___,_____542,
134,134,insert,zero____,____1645,hPjxUDCyQafjXYIHAbZobEfSg8Tq6X0dKAcymYhdPRQPWXzhff
192,192,insert,four____,____1947,rw3D8IbQcjr14BWPNFqdyBqVPZjuHgRreCAT4yDCrVAQOoTaSRqeVdw
78,78,commit,,,
242,242,insert,four____,____2198,cD1bT5d6K6mChKMHUXOIYmwiIeMP4CSvznx
94,94,insert,one_____,____1454,BdYNGvier3NeKBhN9s9uEKxS9sZJDac9xNT
163,163,insert,zero____,____1791,7dvpfAxBbToBzW5xdgLdvZdzF3CumqsawQ3eJLB08baYmH4l5Ur
264,264,insert,three___,____2308,RLuJxDQNpucePnp1KfbXo27US5BclYGB9AKwPjDAYPughrRC38x
100,100,get,four____,____1204,
242,242,get,four____,____1545,
264,264,get,one_____,____1667,
163,163,get,one_____,______71,
66,66,insert,two_____,____1336,hrcnu0RaPDDrMVXoP5XOWtm6uV7xt3WPQdIbRaZQ4fUsu8B
60,60,commit,,,
92,92,commit,,,
94,94,insert,one_____,____1455,1pWdVx6T0vB3gOe1AVa7o346ozoDLB4DCrvc0lNu9KkzkobkQedhKOIL
295,295,insert,three___,____2481,cc16A1dJ3a6KYfdVFCbUgQYTKibZl22OjAkGgOGhLxshFb
472,472,get,four____,____1448,
193,193,get,zero____,____1898,
127,127,commit,,,
134,134,insert,one_____,____1646,UHUYUlvMjs95YodjsI1LoMjGq4vPmyB4lOSTsq0r2DkTDUBMS
72,72,get,one_____,____1311,
472,472,insert,two_____,____3378,GKrPS4hweIjpy7lwOljFwCGCgqYqOhBjwpdUYeV8qh
496,496,get,zero____,_____404,
767,767,get,two_____,____1444,
93,93,get,one_____,_____958,
94,94,insert,four____,____1456,0ZP4wG8eCWNdQ2MGrf1qd2r9xR1byDQH9d6eTw2CHIpYqToLOA
472,472,insert,three___,____3379,9MNkdKzz1qukRNuCaFgX0ZtulgCpU4HWQnfQGnMMifuyVOa2fFkGSvGw
149,149,get,zero____,_____151,
178,178,get,four____,_____899,
116,116,insert,zero____,____1554,HXZASoV3NRR0AU2RwN21enmGfLaIVzE9BPXHkr4
320,320,get,four____,____1307,
134,134,get,two_____,_____335,
145,145,insert,one_____,____1707,BCXvITZKSjYjShDluxjM8FeUNgw8gQsDTXmkGs4GG335bts7V
420,420,get,two_____,____1611,
66,66,commit,,,
94,94,insert,four____,____1457,W3hvGemsoxTD6ZeCmibP4QN3xi89K6NWOfW9xk58z41UhNDHo95FQNFJu4C3CM
106,106,commit,,,
110,110,get,two_____,____1442,
155,155,insert,two_____,____1752,4QMwEK5Q4yD7Di274MSDoQTUbFe5Dxh9VY17xf6CQMVIhKe429HXxONiJ
178,178,insert,four____,____1871,VMLlsAmRiZwbSxt7xGCMAiF1q7faUr0Fb39eTBD4fEoRz4erZyAVs6
885,885,get,zero____,_____559,
641,641,get,one_____,____1612,
186,186,get,zero____,____1154,
540,540,get,three___,____1091,
134,134,get,three___,_____657,
224,224,get,one_____,____1050,
144,144,insert,zero____,____1700,PGaXXTsxPVhLludVRCGufMe7zwb6KPEnbQyoUph9h3shq4DoHlZ5
94,94,insert,zero____,____1458,H3MZoTxuBdp6AzcWgpJDm5BCeaaeSJ4uo9Y0lyKxbj4jJ8oJD
110,110,insert,one_____,____1528,tmREPMga8a9jqBi6dMgLE6BLYjXkpS6Rju5Jip3fc0e
130,130,commit,,,
420,420,get,four____,_____577,
286,286,get,one_____,_____249,
40,40,insert,two_____,____1210,shD2wpMm8YUnGkwBErEqLTDcjAjoCpx1TrlddK0p88bxvZPmK1nIbvLuS940
58,58,get,two_____,_____143,
131,131,get,one_____,_____966,
40,40,insert,two_____,____1211,FMrWdkZtSpLnDGJUSRPVQNXUrfKT3gEb
110,110,insert,four____,____1529,9q92G3LI4IEnnjejeeHYEXVw76rtQft5jkkQSzVZYdtd7mP
357,357,get,four____,______29,
40,40,get,three___,_____208,
40,40,commit,,,
43,43,get,three___,_____770,
224,224,insert,four____,____2107,BeWDlJmQF7IqUocE6tyxpgCCklbd1ImKfVjgAqo7
41,41,get,one_____,____1025,
413,413,get,zero____,_____448,
110,110,get,one_____,____1079,
131,131,insert,three___,____1627,z54oBYaR0S8AJs03dXML7VvFA5R4TsiirhysbdrN4HoRUNvNx3XYG9m
145,145,get,one_____,____1152,
119,119,get,three___,____1306,
74,74,commit,,,
108,108,get,three___,____1506,
43,43,insert,three___,____1223,Wh7UpMSJNPBRFIsQMNoHhHopOHSr2GBWCh382obsbGFR
413,413,insert,zero____,____3075,09ZAuIP6ATAlzdY6wxXpLULiXbMuv35jpiFyIimW4
834,834,get,three___,_____171,
144,144,insert,two_____,____1701,Ai73NaQYpMMRO3LTqJxGAK01FXEqeX2Vh
93,93,get,three___,_____803,
94,94,get,two_____,____1446,
93,93,commit,,,
144,144,insert,three___,____1702,SXkNMm94OI5I7BIyhX3zVdzUMPgYkt9p0PcJnUcuSAvmUJ6Yyuhh9xa5
124,124,get,one_____,____1437,
155,155,insert,zero____,____1753,LzdibowZWW8ziBweIJzZsoDUkkPC5GBo5ocgaBN0WwLnW8aFx70
250,250,insert,one_____,____2235,xmmS5CFTN7R67T52WdH5d3lz5gw9hrWKQb4E1a94pwziWFjUHXi
131,131,get,three___,____1146,
320,320,insert,zero____,____2594,ZoNnvkL9cZjSgY26NdYShxL1pCFqPoUNKVY74dYwjt2Cqsv7SHnCJzqzr9k8eO3m
425,425,insert,zero____,____3137,uXlHruKY3sKKt8T9Iily7vLejMoB7yVeBQrzlnePddn9NYyQczuQoRWSDAQO
834,834,insert,two_____,____5168,34LwMJP3dqoJG0GsLoE3Mz4dNDwRYemdvnrEMCcVe
386,386,get,two_____,____1367,
41,41,get,zero____,_____175,
190,190,get,one_____,____1495,
767,767,insert,four____,____4840,o5uPkoLRW6IhGgLldVFGVK9x5SaD31aWOKWRhWuzhWZgrJiaPxEC
224,224,insert,three___,____2108,6YD6hTbH8Xo28H3HIpGsv0c56NPLegoUNoIKsKl2ztb7dvg
767,767,insert,zero____,____4841,056WVeM2AH2ffcxo4a6W5ZHHMUhZKOWLit
163,163,get,two_____,____1325,
149,149,insert,zero____,____1726,KD978dQF6xIiu6SMnCLObPDgK1T6lgWWJqBcw9yBJkoB2PzpEEEHF2Univ
320,320,insert,one_____,____2595,Sxf1EpUdV9YMKBrbR8aSI5Rnfu4hpaJpnFQbT854NHZaWFVfvd
144,144,commit,,,
320,320,insert,four____,____2596,sDkjLpTYUevfqEQ2s4Q3tQuYd7VArCU1uStRrHbXn
72,72,get,three___,_____910,
94,94,insert,zero____,____1459,3vlaJwJhTPDfJC3kjR5ltdA1tYK3HtfrkCi2b3p7Zhg7DziW
160,160,get,one_____,____1697,
72,72,get,one_____,_____857,
134,134,commit,,,
86,86,get,three___,_____563,
413,413,insert,three___,____3076,4I0FDaLKv86jogisSh7jpQ6z4hQRSd8IBuhmv3xusss6TvDttV5q
124,124,insert,three___,____1598,gKqQob1bdp7Ym59k6HQk8tk5kpKAhcEFbuoBK
245,245,get,one_____,____1334,
41,41,insert,one_____,____1214,H4V48aPTTxdtToASHPbsWbXRHEyufn5hJOaNNNKDurCfpd1t5kuWN
43,43,insert,one_____,____1224,zdbnxqdSO3x95rOklv0ArHwfDSYXAtOh2iA9fYrlu5EtVEmuJIC1EfcLr
767,767,insert,three___,____4842,6lHKro3PZw4HO99Wrm2rVl88zPWCamR3ZQgSHQDVdBhHyIUFkWjBgYsje
41,41,get,zero____,______59,
86,86,insert,four____,____1425,smYEHKitRgGCwQETyglV1tWcty2Rm1lj9
72,72,commit,,,
320,320,get,four____,_____281,
767,767,insert,zero____,____4843,1TfQBUYsJf93e6rOjOSfH7TZtJKDnLgVxBnQG3s63raJvRGPMctIxizqpmdzWwhg
250,250,insert,zero____,____2236,GZ17tN8U7Sqf24QHbb2OEleo0EVGuU4WQhUkUzUpzl3v0c4Gr9CSbEd
224,224,get,zero____,_____720,
501,501,get,one_____,____1311,
199,199,get,zero____,____1645,
472,472,insert,three___,____3380,IHO3BEEVNVARAvcnPmQOScM0drjBYByNdoueb37QKbpSnB0VN4wtazaNI4khwR
392,392,get,one_____,____1362,
357,357,get,one_____,____1123,
199,199,insert,zero____,____1987,JeACfW9m5Uui3LfguDQiOesf1Xj5J68aDTCHjwEo0TfskksKrfK
689,689,get,one_____,_____862,
413,413,insert,three___,____3077,uFbBlwQq5FYXieSd4gHdIe8C7rRlT7ydbtMAaDSbBLdnQse5GTc
245,245,insert,one_____,____2212,5aydWDqzAM5zseTjhMJqBaS6quHoh77jR4ROyuDWaQOKQiG
86,86,get,zero____,_____883,
131,131,get,zero____,____1583,
245,245,get,two_____,____1210,
689,689,insert,one_____,____4457,DUOx8zlzBvbfVZaTmrt2T0GC7N5smGc033tGb5QZxbTBlaNqY8imcI24vgT4o3
250,250,insert,three___,____2237,jlFJLEePFBURKVyyUCjMGdhcK3ZfKtflC6tcvOdq98Uxg7lpbzmBe0ft7ZQEX
250,250,insert,four____,____2238,yODTvrMUgOYt8ATOR150MOugwZ8at80O6FUTR
43,43,insert,four____,____1225,ismfxx2dg8SyS6OSiwyvpynuK7D17VpC7nCqiPKKcNmfPJsH4ULvLQjEU7ZV
689,689,insert,one_____,____4458,RPaEeRGqfXW91PbhKFukNlIV44HFObjLrVy1UKHBnL8HyKa6KII9SJAW
119,119,insert,four____,____1568,vOdkrx0JPQJ8LKSN00IK4WkKv346KjwEnYazPbEruodCfEKkjfLLpVHAEqFumy3A
149,149,insert,four____,____1727,BpzxsAARrTLcNcA193CaTLPmDMkTE7Tm6Vfk5nWb
80,80,get,zero____,_____364,
413,413,insert,one_____,____3078,78xoRkbZtwtSTPVCEF4GpB3gOxTihpmFBwx03wUx25r
356,356,get,four____,______18,
94,94,commit,,,
145,145,get,four____,_____110,
282,282,get,four____,_____351,
145,145,get,four____,____1288,
110,110,get,three___,____1272,
108,108,insert,three___,____1516,DzHi8lzCAPPV1dBRXnPmRXpr2k1rJkRZcmPHV3GQKpdoVkVjVl8h189ZzK8Y
582,582,get,one_____,____1454,
110,110,insert,zero____,____1530,ayMNY6M1YpsO7AwDb5yHkx7echixPiOqxekTu4dd9fGYnUBvMt2w6J7Y4wGYT
356,356,insert,four____,____2785,8cPDDMSASrFjxX6KzXaLVMCPaRN71yN4LQaUs
317,317,get,zero____,____1644,
80,80,insert,zero____,____1391,XlyqoXwFjsxEtXZH9u2aeyuo2KItXd6rVybXF70cwi6
226,226,get,three___,_____657,
43,43,commit,,,
176,176,get,one_____,_____857,
190,190,get,zero____,____1402,
632,632,get,zero____,_____517,
145,145,get,two_____,____1211,
230,230,get,zero____,____1088,
226,226,insert,four____,____2116,NrCmNVEhCYCfV2LPrPdc6CDROOpWY77ce7sGeAGbT81Hjp9vZtKxWZplLJpVOz
230,230,get,three___,_____469,
124,124,insert,two_____,____1599,z5Gt0duAYQ248HiCvC1iryWZTxYx8gDGRjGJmt3DQupUiSUOKFvdYEYoL
501,501,get,three___,_____924,
41,41,insert,two_____,____1215,IePa1iHsNQTNaMoeKGsYa4cIvawWVRtsOtf6ewYJDf94Wt7EgKUfNjj
41,41,get,two_____,_____786,
230,230,insert,one_____,____2133,AewvyqpcOQ72655PVFeyJHMkOKRSLBnlYammIkg
226,226,insert,one_____,____2117,Jb3jkOCpheSYEHu80BsFDlS0IEe8NLEY0PJaRCyDyLpvzUXfoSHkFjCPQ4QTKw
86,86,insert,two_____,____1426,U48F8RdV7ZL8kDP5xx8IjHQGfjYTr77tnFgovWt
582,582,insert,four____,____3936,Dmho2Eh0MolY2JORwuv4pWguOUm83WoS4S8xL0sEvoMYFpvjgC6N
119,119,insert,three___,____1569,jEQZT3vjO3ZisvhczyAYdGcu3fCmos3u5vE9KTn
689,689,insert,one_____,____4459,2EQlb5Pt7uWX8Qjg2Yi3ydOnjnO0YpkuseZ
131,131,get,four____,_____759,
193,193,insert,one_____,____1953,8h4z82J8dmcZrqELsXHpI0rMJ2HyUNJ9gXFpEPGpsXv9rZl0XLqVBxH1ntu
124,124,insert,four____,____1600,5f9RKQYzL1rEUAQEtyXo4OXSI7p0lzIwWfhWuJOJLTMuz41dnio6MzUkLoIlkMvA
230,230,insert,one_____,____2134,3qPRMzJMhX4phK13K3t2JScCKskqNieXigx
689,689,insert,one_____,____4460,aofonzyp0823GQiRByHf9X0jW1hznJHdgLvuZxEh
108,108,insert,three___,____1517,H1uksjimZkL0IUDWGBHsldaIC6iLLJpQx
230,230,get,three___,_____655,
215,215,get,three___,_____778,
124,124,insert,three___,____1601,k6x8Zyg2Q6kGDXTZGQlkLZznTLVHncC3vuDjSvYof9oJQXLyjgqkadpCZZ
131,131,commit,,,
290,290,get,four____,____1457,
301,301,get,one_____,____1087,
193,193,insert,two_____,____1954,yQOkrKthVAKMUefIFZFppKAlLCh5kLflcbKBcfLrhxd4ZDeYPGiTNslSDDm2
41,41,commit,,,
290,290,insert,one_____,____2450,rcTj0d5kIYn2V1gape4ehvIPqSngoAUKD7NaQRMJCiB3Knf2wTrvkCOy
99,99,get,one_____,____1025,
767,767,insert,three___,____4844,Ggwj6cdJKqj2nWlpxiCE6WjjTF4ZdYbhDE7If0Yo
86,86,commit,,,
150,150,get,two_____,____1118,
230,230,insert,zero____,____2135,kgMVkc4kg4WF4O6EA6UKVKCGDV3QuQpthRCk1pZTS3bD76VWDcvhBk1LdU577UB
589,589,get,one_____,____1208,
70,70,get,two_____,_____786,
99,99,insert,four____,____1479,h31fm8Bv0zh1nb5Tqzbbb9yOEQOZ2yXhwHbUc4VoMdSuPzMbzGLITn
137,137,get,four____,_____911,
119,119,get,one_____,_____757,
230,230,insert,one_____,____2136,2nBAg7bZDGZoBfJidoYtkHhMBkLCn1NqP4n3rk03VtVxHA
101,101,get,four____,____1422,
150,150,get,two_____,____1304,
190,190,get,zero____,_____372,
301,301,get,three___,_____490,
119,119,get,zero____,_____853,
68,68,get,zero____,____1212,
124,124,insert,zero____,____1602,y2NEgng4yAp3TrnaZghRaeyI1HLBBcuMBK
70,70,commit,,,
150,150,insert,three___,____1731,NisjRyqUKF6gGfYYygpYUB9KYULoGZjNjdYaKbYnQKmLp2ezjfo8CkK8wwzQuwHO
124,124,get,zero____,_____360,
226,226,insert,three___,____2118,j7WmSpRvRcF8kE5U9bah3o2C3X1PWsLNQTQf62oAtFIjr4ORyisn7KWltwQ
58,58,commit,,,
61,61,get,zero____,____1299,
301,301,insert,zero____,____2511,vzlES5mvkB9rkbf1QJWY9kB9cTHS8X9qwpAyoOJB2o1XirkoFZFyuD1w
71,71,get,two_____,_____165,
589,589,insert,four____,____3974,2NGeeuCUpFKlmudfrcysa4HhuHdQzpfOkcuMMYEwoGMZOicQ
145,145,insert,zero____,____1708,DcbreeAwjNKvGbYExQO8257X3iyIjmRQESoAo7Bx3CPTLtMl7yOui2
193,193,insert,one_____,____1955,2xHjmRaT1p6lmPyncxiGfjXFA0ZUrlspbOSBWE4mAWn6V9ZX4NgiwKrfds3
61,61,insert,one_____,____1312,kIB508pQsz7rJ2dZdAYNdpmk6ne3Oq6UuSHltUkjbPu221Q1GtLfMCjsrQndOp
193,193,get,four____,____1046,
230,230,insert,one_____,____2137,jd1OPKLDpNRaPM4OgkIJOAy0WRTBGomBgcpjr8uJPV0COp6e0yFB4s
98,98,get,four____,____1425,
375,375,get,two_____,_____786,
282,282,insert,zero____,____2400,3DLLFrlQ3rLfFjBDrEauyABCDfLP4WHXspFP
98,98,get,one_____,_____291,
119,119,get,one_____,_____976,
226,226,insert,four____,____2119,hiMWSAJE6TmBnsFtepjiBnfNAy1bLKEPTSdtq9pUf8U9eUU
572,572,get,zero____,____1298,
230,230,get,zero____,____1700,
61,61,insert,one_____,____1313,4V1W1wZSZ3GaI3LYz6knt6RKCAKFi8Xfzrlvg1FJPf8xpWGzS699x
226,226,get,two_____,_____752,
119,119,get,four____,_____218,
230,230,get,three___,_____825,
301,301,insert,zero____,____2512,b2yPjXCzR2B061x7g6y1ezkyTeJT4ZJl78mesTJ
99,99,get,two_____,_____901,
61,61,insert,one_____,____1314,xdFHMs6w2P1AllMWurQ2iwUiFDv03YZJoV7gNGiHSBIrwGz6olPC4juhAxHw
101,101,insert,one_____,____1489,9VR7i8w4K6Qx0nvwC7Ez3LosUk8OEBRl3M
101,101,get,one_____,____1048,
124,124,insert,one_____,____1603,BVEDeTJkCfYuGGfkF7G5P5wuFwbGcNXevBpySpzJpxy1n5aGAxsbS0hOSWPYQ
98,98,get,one_____,_____453,
145,145,insert,four____,____1709,3uYWulCi2pElNjqFKVmZFISBBtD9dw7nTCxckF597NrsZueAMAeOjgd
71,71,get,one_____,_____783,
99,99,insert,two_____,____1480,JmJSzNNzAYrsfwkGhd8OwguC6spJvgGLaFs90LLBLO3d
98,98,insert,zero____,____1473,L30UhRxVKWy6CtgMU4T4tyjjRx0zm0ABmXvUSFqfeu8lEoX1gqw0GOr
145,145,commit,,,
226,226,commit,,,
649,649,get,one_____,____2117,
80,80,get,four____,______17,
193,193,insert,four____,____1956,RwG3XGvDMMB9uNNKmEj00nWwUJc7g3wGvK1yPTT
215,215,insert,zero____,____2066,KeQRMrF13eDA9rL6tvCaYLGRwVz9uL1VcHZvpey
489,489,get,four____,____1709,
215,215,get,zero____,____1063,
71,71,get,one_____,_____403,
99,99,get,four____,_____424,
80,80,get,four____,_____373,
152,152,get,two_____,_____143,
119,119,get,zero____,_____767,
299,299,get,three___,____2118,
305,305,get,one_____,____2115,
774,774,get,two_____,____1703,
589,589,insert,two_____,____3975,8YWQ7J7yakc4opTc1H2prwSV5poNOHGTXeIWtq5uGwZHa6xeMtjTTzRjhC
98,98,get,two_____,_____201,
137,137,insert,one_____,____1659,TW3mQHczx06UwPuoDYU52rIih9h6iRJNbqkm6CKLDAIvEQHORB55mpx
137,137,insert,two_____,____1660,MiT5US40JSQYxt7lIuGldBRelFqZYraj3AvC2GtqwaJ
124,124,commit,,,
305,305,get,two_____,_____707,
489,489,insert,three___,____3458,Tvws4TjLiUC3dRerMtHZAfmzUjjZsFrzVJ
329,329,get,zero____,_____582,
119,119,insert,zero____,____1570,lptvPgU0rl9G8wBr1ldjUGonq8vIu0zt
99,99,insert,zero____,____1481,AxoxUMupNskaBtEvrgCCsNq1O63bSpgv7hNMYPh1N0ktLnAqXzsHN4
68,68,get,three___,____1190,
99,99,get,one_____,_____774,
80,80,insert,one_____,____1392,kAaJ1sigrQFSvmwynJIZ6xs0ggAMEVnvY7Zk8qBF9Nd7C2bjSJnQE
61,61,insert,four____,____1315,I4Rg880oPyHfD7MRr63D7o9xg5nRV6befalKvfce6E6GkQcV
119,119,get,one_____,_____876,
397,397,get,zero____,____1602,
397,397,insert,three___,____2994,yq9ZgP4GzuKUNea51D19ulmWVAqld02B1MDy
397,397,insert,zero____,____2995,EjcRKMlw6bkRpD8SexehVWeBKWVWmMzqViFnvJUr7TkcvkbbrNS3
176,176,get,one_____,____1375,
167,167,get,one_____,____1282,
188,188,get,three___,____1598,
80,80,insert,three___,____1393,mhXhddU0ldcOBN2yZZ8HtSjK9Lt3tc5wgUO6IK
68,68,insert,three___,____1347,k7Wjw6NedJtuCzZeKwmdMa9I5kGyyl264HM76tE7jkC39MpAhb
174,174,get,three___,____1601,
190,190,insert,two_____,____1937,45Q4i8xSfFWXCpkw0EgppREMNeCT49xGjEQ84R
80,80,get,one_____,_____444,
174,174,get,one_____,_____416,
649,649,insert,zero____,____4281,uYKA7NPRi3EmRYCtrjvHbaZihODJwOdcbiYtBhFwof
305,305,insert,one_____,____2532,AmOj6oXbd3pWeNAnH0v3ZXPd3GS9SINYiGfqteDD2ConQ9JSrkv5eNndb
137,137,insert,three___,____1661,t2EMwaGwfJhZkQvp5cK5djqFVzMTiyGC
68,68,insert,three___,____1348,HxWWsx1nJNFTRR2N2ir5jxuCZJIYr39ez
61,61,get,four____,_____279,
101,101,get,two_____,____1368,
267,267,get,four____,____1288,
190,190,get,two_____,_____606,
188,188,insert,one_____,____1929,BIaXhv6tcSAKfycWPAaTMNxTp0G4f3Zu77ARp
80,80,get,four____,____1359,
80,80,get,four____,_____553,
267,267,insert,zero____,____2320,5VCWk90wARVtHP49GOYOzPiZtUL5jRbfm4DyijKNToTKmKttBlIvqK
99,99,get,zero____,_____476,
589,589,insert,one_____,____3976,zu0euFnANgr1mGJrdI8CHPqcx3QqHKDicqhrhrOGfLDOJCdO8iePh
137,137,get,one_____,_____186,
167,167,insert,two_____,____1813,9c4hNkKDCvVGGNpepKDs8qTlX3aXRQpvKTvXfWAnJJ7AS9NHUpRi6PfAiKXbXcN
174,174,insert,three___,____1844,FgNUT1DmY2WjO508SI0UjjDuRqmgfkZ5jyN
190,190,commit,,,
61,61,insert,two_____,____1316,GuJNuzAR7JC05DVaEhceO0gcvCDGhxpCa7Zd06QPqNCFtpoHrG7vXo
452,452,get,zero____,____1402,
589,589,insert,one_____,____3977,s2EhTQocmBuv3aWZXn724WQH1GKMvR9sr
174,174,get,zero____,_____495,
267,267,insert,three___,____2321,tCRnP4D3Xcy4bMjSMX2ppZpCKRM13b6zw
174,174,insert,two_____,____1845,nftlMwNiXZfGn5IZHyWVQcOKw4wcsaglFx7K3JSDQGcbbJmV
176,176,get,two_____,_____761,
80,80,get,three___,_______3,
137,137,insert,three___,____1662,SX2k8P1nJCrwfgnXqHOfYEiZBveZfy1bE1pezcEQXXr
80,80,get,one_____,______53,
98,98,get,zero____,____1273,
204,204,get,four____,____1935,
101,101,get,three___,____1080,
188,188,commit,,,
61,61,get,three___,____1108,
193,193,get,two_____,____1496,
68,68,commit,,,
589,589,insert,zero____,____3978,3O0DgCeZSxBAyeYzsFuJ7Imw262UHk4jsVHzvGjx2zvdMoe7QlwfkT6Jyx9ib
61,61,get,zero____,_____258,
119,119,commit,,,
137,137,insert,one_____,____1663,De2TXEPaYwLiBcPVy4gKZYmNdioxhXzTfEY5SvQ3zD
239,239,get,four____,____1757,
80,80,commit,,,
167,167,insert,three___,____1814,40MSbfflXRqdI2MhqhDb9I9Z82rYVBYgLAJJkByu
98,98,insert,one_____,____1474,1exxH9oYn1QAdPw4WnoH73vMXMaxP34PgIE5iXvimw1m60x6t45Uu
167,167,commit,,,
157,157,get,two_____,____1343,
61,61,insert,three___,____1317,5iQe2Nb1tscKO3vijcYwtiDmUcLPOJoO7EEJGZ0LwxcFtshs
148,148,get,three___,____1306,
246,246,get,four____,____1809,
238,238,get,one_____,____1008,
83,83,get,three___,____1190,
83,83,get,one_____,____1290,
351,351,get,zero____,____1570,
452,452,get,three___,_____122,
170,170,get,four____,_____553,
158,158,get,one_____,_____876,
246,246,get,two_____,____1117,
204,204,insert,one_____,____2009,q45OPKOTxNU37xqM703nAVMNVGTL8AIvJVjU4300oagFwUNCZf7ECUtftZ7V
83,83,get,one_____,_____681,
193,193,insert,four____,____1957,U2CPjLcDcV4HUwh87V5RkiaclYhpout9KHHTBQBrGDKq
75,75,get,zero____,____1344,
246,246,insert,four____,____2216,sfrnQVt2jZ5aQJhqogN1ceRKhNwBJqTD8hH58m6AW8ub1ODc
549,549,get,four____,____1810,
101,101,get,one_____,____1415,
152,152,get,three___,_____568,
101,101,commit,,,
158,158,insert,four____,____1763,myITFqXZWydLwH40nDKlj5zvJck7XcWjzrP2D25EFdrySTVqHHrV0R
99,99,commit,,,
230,230,get,one_____,____1085,
176,176,insert,four____,____1857,21aGSOa3NQtsNOtckc1qaxXoVbBbzSHGdyB0
83,83,insert,one_____,____1406,YLRH73t0q5dmEfDrbYtM3s3fAaNv3q7Q2zbM
98,98,get,two_____,_____567,
246,246,insert,zero____,____2217,3eD29XXUlkwcIstJF0FblqBCJ7NgZEeVw
196,196,get,four____,____1422,
147,147,get,one_____,____1048,
137,137,insert,two_____,____1664,LjA9hx3mvxlJg20O1sDxgYmGMszt0l28rX6S
137,137,get,zero____,_____925,
83,83,insert,zero____,____1407,jHJ9wZIhUHx7Ig0mP4Sniccy9surJvI1VsFVFJhMNtQ0KVNeVG
472,472,get,three___,____1080,
157,157,insert,two_____,____1760,N3U8IOYa5Tx3aEGjLVqyzU7ZGa9fwf57F3Ive4lkGruMQW
196,196,insert,one_____,____1972,GSVP3BpgOXAOR2iPRmmjAUEJeEz1pdjCgAZSCT6ntUcTml02QmKVl2qPwrNE
149,149,get,three___,_____641,
176,176,insert,three___,____1858,3Lf1TjSieNyAlgnSBJMu5Oi7BjaMLZdZ
193,193,commit,,,
174,174,insert,two_____,____1846,XqyDZhuHGgqcqksLQNnb8RY7BNTsPwu8kEPs79WLZ7okXTyRt4hvE4wqPCh
648,648,get,three___,____1347,
207,207,get,four____,____1956,
158,158,get,one_____,_____129,
282,282,insert,zero____,____2401,ItP2XL6rd8l1crE4QpdsAo4tuiLcKLimO
174,174,insert,one_____,____1847,4jDU1x4ef8FYMtXoDSCw8VIN0qMxxjURfnqWCoKf8wPkrLMFrbbWc3dKTVSMaR
207,207,get,three___,_______9,
137,137,commit,,,
83,83,get,one_____,_____977,
648,648,insert,zero____,____4276,LkLNTKfNX1EsD6H1hzxhLDGKxdROJk4iHT3coPDSbTNnTyJ7LuBlLL
249,249,get,one_____,_____186,
174,174,insert,one_____,____1848,TdIbpQjJEQ4Zzpn6MPxsQuixqYzYT0YyPr1bxXMra1X0QJDN26RnlQlu
176,176,insert,three___,____1859,BjhbbNQEb4xmlyFo93EdE6a7lM7vXGAO5ZDDxL
158,158,get,three___,_____101,
61,61,get,three___,_____775,
150,150,get,three___,____1662,
147,147,insert,one_____,____1716,K424tzOFwqb4aWOoMJo5Q7xwC8v2lAI0kUGtWGhf81YvojkvOgEZqM7nc
282,282,insert,three___,____2402,KYmZqToYYghcuaXKOJp7th8QuyHeGzz2vTUiUt6nShaxS0P5ySCiaqFePPtqNqY
305,305,get,one_____,____1953,
257,257,get,one_____,____1955,
147,147,get,one_____,______14,
71,71,get,three___,____1300,
98,98,commit,,,
61,61,commit,,,
282,282,get,four____,______99,
472,472,insert,four____,____3381,rM1ua0AO36vbAZtLLFmL4oY70uyKfDBHv
152,152,get,one_____,____1324,
147,147,get,two_____,_____773,
689,689,get,four____,____1425,
282,282,insert,four____,____2403,YhekNlE7GclZU0GoVpTj6RWRTfGD4aukvqXcuj61Zy
238,238,insert,zero____,____2173,EuAaOexPX1XF8PwTTxctBdgN3Svx3VMRZqaktPiDTdOySa3uM7Jf2BN
238,238,get,two_____,____1215,
305,305,insert,two_____,____2533,OO1dpYTs5prxRpZqJyyRQLoyG9JL2drts4bVpvIxxW2ZfmxiIwQP3MIoqL6QkE4
150,150,insert,three___,____1732,YVV7C1vjsoswk9Q2CRdpqxeSutZZcFaAcJp0f0OhC
157,157,get,three___,______27,
147,147,insert,three___,____1717,loKLy7zTNHaDKmGB6U7VDOae7XKcLzjcwGzZP94Q7wHkg39Xy
196,196,get,two_____,____1446,
462,462,get,one_____,____1659,
176,176,commit,,,
110,110,get,four____,____1315,
264,264,get,two_____,____1954,
162,162,get,one_____,_____712,
624,624,get,four____,____1857,
157,157,get,three___,_____182,
158,158,get,three___,_____425,
83,83,insert,zero____,____1408,LQ5aNHAZ09LfIBXUxb23ItMzex9MiytmR9jfSE8F9YNVYu0sMaF2sF
947,947,get,three___,____1859,
147,147,insert,three___,____1718,xQnMrKumWuLVJGV1wrXQP9hHpQasYxNvnz6JNWDapx89UhYv
319,319,get,one_____,____1312,
237,237,get,one_____,____1474,
170,170,insert,one_____,____1827,9S7MM6H2vEZJsxWTTmb2CEKqg4m7dGWVtNHUuXZQZBJoEIY
947,947,insert,three___,____5705,m6q9RufCeRbZArDnZBdjd1iLcUZLjeG8MrxYB1zInkbXDUgRYdu
264,264,get,two_____,____1356,
196,196,get,one_____,_____789,
462,462,get,one_____,_____785,
204,204,insert,zero____,____2010,7XIs0llclOzlf5FwVuptA86x0wBNs4HZEqGSys
149,149,get,zero____,____1147,
170,170,get,four____,_____345,
170,170,get,four____,____1134,
149,149,insert,one_____,____1728,cYxpzsbtxHJpx8T7J78XUvKOLszLZmMvik30cEkZMEiwXJNl
947,947,insert,one_____,____5706,V995ZcHwAG2UDXorq1A6GUtdmLO3io3GcHktLVC5
264,264,insert,zero____,____2309,JgFFB10oX87Z0gAV8WgJeOH7H78lMermYartOJR2PsE0
71,71,get,one_____,_____959,
947,947,insert,zero____,____5707,ZAXeNdmo8ZYWeimIfvtOQW2mgakfYpvYHTnZlJRij8ejLaPhaBNj9SvVWSsPFLG
196,196,insert,zero____,____1973,AlYAbkQTh1zt3bJbInSUA7R2sCAUbQ4aY1qIaWXWzg0jrxeOR7
264,264,insert,four____,____2310,lUrWn0xQbOGcALQ3YWimVv5QRET9PiIVHqR70Fd9uYUIGXkLHUWNI8ghz3zqWv
720,720,get,one_____,____1375,
452,452,insert,two_____,____3277,BWqajbYTIG3IsutHoyGpJiQvhJZOeDdq9es
83,83,get,four____,_____533,
151,151,get,zero____,____1299,
351,351,insert,four____,____2756,de5W4ZkHxFGW3ji5BUWrttVvGHslxffW0SsUC2
183,183,get,three___,____1317,
319,319,insert,two_____,____2589,rufxlTZBhg9uXY6TgUpSs8nXpTZEOoCQ3Y0BeO8ilwPenQOEHgmm
689,689,insert,two_____,____4461,1PdajvLFtIopuJPF32D7x5CG7aGf8wnytg6oYs88qbNXIWqmiMK
288,288,get,three___,_____957,
452,452,insert,zero____,____3278,dPhGXYR6AL9KMg4RAepASRypmw4wBAWdCMaN
152,152,get,two_____,_____268,
587,587,get,one_____,____1415,
174,174,insert,three___,____1849,6h0OtsSh3Bf5SyWbGtlWQYrQG4mpXhI5KaGNdidoRDeluGbY
157,157,insert,one_____,____1761,NY7BQzMnpUbuiozUSjDeTnlNCOXwPMtR9HNNUSERXa5E2mtdyMLewYoTH5J1
204,204,get,three___,____1936,
83,83,commit,,,
97,97,get,one_____,_____977,
264,264,insert,one_____,____2311,Ukyg0LZQp4kSvadMbjoikic8R09iSa0rO2WSUyenc9L2ttHkg
158,158,insert,two_____,____1764,cUN6aNMX7H4Tnvm9OYZD1hrd0K4gISgDIVCqJ
837,837,get,one_____,____1290,
624,624,insert,zero____,____4158,mzb45T60eK3myqw4BzJXpEHdmgDP57rv7cjS6JrBcfZJd0GiUymEHQ
147,147,insert,zero____,____1719,7zzgERZ2ObjsM7ozPIZOnVnljdndylntgKgWRkhiOHU6h5XsWMbGs7DD3vpH8
151,151,get,four____,____1225,
170,170,get,two_____,_____199,
152,152,get,one_____,____1335,
301,301,get,zero____,____1407,
150,150,get,two_____,____1278,
110,110,insert,four____,____1531,eo0txf1TXDoamkv15c8zEP8Z2qrwQVxrWA07Ksn68ZqsY35vY
257,257,insert,three___,____2271,gDYht8hjYSqgG7Q2CUwposGUgOXYQPXBqbwh2grH
947,947,insert,four____,____5708,mRJsyaIAhhtsayMGLW0h3XupXeac33JN8M5KgejL87hd9nfqbJ07yaD2Xaepq2J
170,170,get,four____,_____730,
305,305,insert,zero____,____2534,Y2j0NdO9NtOI4sf4CQSv5dv1soQbkJEhEaP3iOrR7oyZ9
264,264,commit,,,
815,815,get,one_____,____2307,
506,506,get,zero____,____1408,
71,71,insert,one_____,____1360,gCdpBba2kEXyrpVW2bgOY8w7Jfow70YSX
183,183,insert,four____,____1901,d8wMDJpnKbWv4zdAbOL8fQUYtO9g6akH8PpiA6IHYCtacwbjQkhN3ZV
204,204,insert,zero____,____2011,QI1NycPYOhtxFE3HjHBkykxKyY4EvjCmtPOsJmsBP1Yu
257,257,insert,four____,____2272,NRO8Cw8n5iZiE5jAeZTlMPtvrGJXBDfCGnGjVGdOVZqH39
152,152,insert,zero____,____1740,nB0b8jtqPcpiALZqKwgHwPOhqJyTqCItHtqY8GHAaKYPqj1UmMYfhGkYY8i6i
301,301,get,zero____,____1481,
204,204,insert,four____,____2012,bhcRodE0IHoSZfUtrR1NX0G4qGLhCgmgN8IYhBsOyF
75,75,insert,two_____,____1373,aitg0NQYkC1VV4wvw1TWb6mckx8qrmfeu0XwkuB1TAyINFCX
624,624,insert,four____,____4159,MncCEbi7RZToegESdX4yQL5hxrKXttTjMNx1DanPjOAEgMESefgkDYs9cZ
282,282,insert,three___,____2404,mzWiCYtRIzBp7kIWmlGzPh12APokkORQ8DtljhYY
351,351,get,zero____,____1075,
815,815,insert,three___,____5076,Qd762KU84sOWp9iAjdiO4Ge2V8Jbdv15tvGO5IBl771MoIE4t9jjaNexm5R
149,149,get,four____,____1353,
204,204,commit,,,
123,123,get,one_____,____1406,
157,157,insert,zero____,____1762,CeUlqmD6gPmqaVDvNt4z4qhyfWNXYrd4b7Kcf9QibiJN1e9O
157,157,get,one_____,_____795,
123,123,insert,zero____,____1591,CW6hqbDO02yhnTmAvuQHiInkjdp4MNiUa6fUfD2xmu9R
97,97,insert,four____,____1468,UEO1tM5qsj7cyPrJQjSFrSDosiMExPoOhOHknpiArhbxhu7ftaHP
147,147,commit,,,
319,319,insert,four____,____2590,xHNyLPk5ulUf6OF688JXHNl7pSpwxBI0AYE3TTYXWL7xPB8UQju
319,319,insert,three___,____2591,QAttlVByAUQovpJxxFaTsO36Ro7QcIshp4jfMz6jO
183,183,get,four____,____1061,
97,97,get,three___,____1177,
272,272,get,three___,____1718,
815,815,insert,three___,____5077,DpQR1d8yVUok6H13zmetXWmCpymQqabQtyL2vwyTR9jobTkOjo9NiemJKY
462,462,insert,one_____,____3332,PFNWjXQ259csUiI3QywncNlWa1CVhaohLRoUULikGPeR
122,122,get,four____,_____533,
301,301,get,one_____,____1515,
368,368,get,zero____,____2010,
368,368,insert,two_____,____2851,FA3kF1QrkH9l6S42TFhA0a1RAoVTjwZR
170,170,get,four____,_____962,
122,122,insert,one_____,____1584,ZWQqtnJZSbwMRSpDA7PUYgDb42FgoFgfvii2pF4HTGSjbfB6Fyp3
122,122,get,one_____,_____525,
149,149,insert,four____,____1729,dSpJ0TsCDXlMGoBjUnHuC90AzcdcPESNSHtU2dG
71,71,insert,two_____,____1361,XLVxDnxay5brj6tnBHuM7warvyz0DZkDjcNSqIsv46QE
75,75,get,one_____,_____272,
348,348,get,two_____,____1714,
123,123,insert,two_____,____1592,QJlqaag0jkErauK3XzWHwQgcShd7c2UdP6NlEeOwMNH3fjpIbUJt01Kgw61vM
282,282,insert,three___,____2405,5tFxC0QTZbfg8xtRu2TLNI3XNYOA42yVqH7IjfR
346,346,get,four____,____2012,
97,97,insert,zero____,____1469,jYJqoW7l16oGyCHQ0aqnSLZw6mGTudI9LvEcrKGqzcs45hdUnXwhZN83IlDjF
162,162,insert,zero____,____1788,KGlAILjGpQBDyDtTLvzX21XIBcUSWQ60SO9qNPilfPYez0sqhy6v
346,346,get,two_____,_____885,
97,97,get,three___,_____950,
149,149,insert,three___,____1730,GCPCuH5kCul8sAwi2j6ag6MBmSH0m83K
815,815,insert,one_____,____5078,IFv6ktfUiPXDccQ18JK2jn92tWvjjTuBO21kkwyjf4dagbUVkL7
462,462,insert,one_____,____3333,c4Dg1oC4GlSs451ORCR3cpYziG75twFiOZ9
162,162,insert,one_____,____1789,BH6sn1roC7l2t5pfagkBUUvIhMccjnfH8rfMQx0HS4xov7T6M0aYqE9BuAUziQXl
815,815,insert,zero____,____5079,RjYcQTgE0xlcivqv2NRmrRLMaB949W6Eob
624,624,insert,three___,____4160,QQaLXT1LIh6x7G47VZGhk8PUfjSHUc1PDG5ZN7OLTFCBWs1j9e3aEf4nSbgHQO
174,174,commit,,,
815,815,insert,four____,____5080,7E17q7lymebr2ORhRYpMSLSRcdXDtwEf6wjg8kb4KPW
183,183,insert,two_____,____1902,PtEj4baazIzOVO65QFsJU6rfPatv7LT77H2ToEOBoDECVqCj
368,368,insert,three___,____2852,gz8eoFrVt5BRzobRNImJ1uUEpYVHMqp3mg4wS1PUp
123,123,insert,two_____,____1593,8O3OhU5PqSWHzNYraFvtSg4psaWiGNGbXTjzIfcfly64KXobsY9wUyq
152,152,get,zero____,____1001,
149,149,commit,,,
440,440,get,zero____,____1715,
110,110,get,zero____,____1144,
319,319,get,one_____,____1843,
122,122,get,three___,_____349,
75,75,get,four____,_____818,
122,122,insert,one_____,____1585,dmDj1k1NLCVp3SVAjRVy78pUSZmKqsNCjaKkN
441,441,get,one_____,____1847,
71,71,get,four____,_____887,
354,354,get,one_____,____1716,
71,71,commit,,,
148,148,get,four____,_____423,
354,354,insert,three___,____2773,05kr2J0VG7yutMpPXjjw2sNMmFHu4VrSBUdtu9
441,441,insert,zero____,____3221,VpA5dcTuahBGJWUEbg8DXf5SdUYZKXWBgZbkhbt4Ja2zPS1rg9l3A5rYJ
282,282,commit,,,
462,462,insert,three___,____3334,4VcXYGKtLsfxlRhBek8oXW20zfHuwe3JB22YJyv0E
534,534,get,three___,____2404,
75,75,commit,,,
84,84,get,three___,____1369,
84,84,insert,one_____,____1409,O2aBunD8AohDDcUCINWErYzGjFuOVTUMCxW5WJejeJPRDqPsNI3GwXm0SCdGd
170,170,insert,one_____,____1828,95B0ZsFn5wsdWr7Q05o9fVIhkSMY86xs8rc1jyAU0Gt
148,148,insert,one_____,____1722,LgN2GVE0IBR7rL7riRP1JnSVJVYXAzH2b
166,166,get,three___,____1300,
348,348,get,one_____,_____322,
122,122,get,two_____,_____548,
166,166,get,three___,____1374,
162,162,get,three___,____1551,
160,160,get,two_____,_____201,
100,100,get,one_____,____1360,
157,157,commit,,,
415,415,get,zero____,____2400,
229,229,get,three___,______27,
441,441,insert,four____,____3222,QLjaQyed5B9I9h8MpaAgOTVLQv2GtiMMHdfIL1Gz1atixvtXrq
348,348,commit,,,
415,415,insert,zero____,____3085,WKysEi9cjcNXEt1j5u6TRWevpTSIhC5ww5dmtivwUUB31mCPrjed
100,100,insert,one_____,____1484,Fxk3J28TVxwv0dsA5IR8sYmv5eUbiosIXtzo
758,758,get,one_____,______14,
180,180,get,two_____,____1845,
100,100,commit,,,
545,545,get,three___,____2402,
148,148,get,three___,_____239,
332,332,get,two_____,____1343,
122,122,get,three___,____1174,
825,825,get,one_____,_____795,
825,825,insert,four____,____5129,BHFgliOFyakJRqvLP4cpc4frQeAmF2o9A5vOQV
825,825,insert,one_____,____5130,jH7jZ5msrHbaOPJxk9Xd0yOLtd8Gt59B
825,825,get,zero____,_____139,
476,476,get,one_____,____2397,
170,170,get,zero____,____1252,
163,163,get,zero____,____1372,
153,153,get,one_____,____1484,
117,117,get,four____,_____111,
148,148,insert,four____,____1723,3oUUIzQHTLnnY7EfCUtqFRSwiTnEvXy4piJVjJ24c
180,180,insert,two_____,____1881,KMEPwgmnBrt8a66TBTW6gRWe0CcdzYYs9biUO60B8bd
229,229,get,four____,____1213,
758,758,get,zero____,____1098,
108,108,get,four____,____1020,
560,560,get,three___,____2399,
229,229,insert,three___,____2130,1XWLJ635A8NeKiHFLYKFuu4nffyi5lEYhuV3fe
160,160,insert,three___,____1777,vGoNZ5Y6VLO6V0szkskDoCoqzCQohFlyz6K6HxredeUo6VnRuum2iX
441,441,insert,three___,____3223,95hib6hpBcK83vgFj7ji2mcaT2opP5sawGWDzcWuMeAm6N2riwj0YFM5ccY
97,97,insert,one_____,____1470,yBh9rF8UfFgOrhk9I5ZkW0IWgiDl8SHBW8R2doEVHoqcBo5vQozRcUiShB4d
110,110,commit,,,
81,81,get,zero____,_____136,
148,148,get,three___,____1668,
116,116,get,zero____,____1231,
122,122,insert,zero____,____1586,W3bXvm75NZp4sN7eqFcXLLBIi753Iw0qQSGgv3nIZ5fhyJ1yDB
143,143,get,two_____,____1442,
898,898,get,four____,____1531,
108,108,get,one_____,_____315,
160,160,commit,,,
163,163,get,one_____,____1214,
132,132,get,four____,____1529,
163,163,get,three___,_____994,
116,116,get,zero____,_____562,
758,758,insert,three___,____4788,mbaoWcMwDW1l9d2MdXk6m9EsW9CTOEYjh
229,229,insert,three___,____2131,ht95v32pkN3BLIcYAF19hkEOB7hhAwLV
143,143,get,three___,_____679,
180,180,insert,zero____,____1882,LpbcJ531geJR0slvJxke5xZJaobd0MkUEG8EGEHQiQzxMNcVNYNe5LQtEXnL
206,206,get,two_____,____1527,
116,116,insert,one_____,____1555,yU6qpZpiG7ivrLpZK0jVDuJMl9I3YCvP3
143,143,insert,one_____,____1692,iEsu5Tj2rJDCAbBGwd8wxc7yKRpnJSnoCg3jC7w
84,84,insert,one_____,____1410,wwZubm3vMD8ZVoE7ugqaEjycBumTEkqmByAypvgiMfBj9PRiOEhQCtKJgiifPP
108,108,insert,four____,____1518,yAbl9kurvakOThcP0tv1DZHqszi3N1cbj41Bte9Z2Po
166,166,insert,two_____,____1806,68Qqolk6Lj6prvPNF5wFhUXEkYMS28dXPnrOz
97,97,insert,four____,____1471,jvXOEPLAYnY3K0xQPxo3U71CmKfDhCpkV5xLZkC7ZTD7m5qF4uw2cDbBttZdR
170,170,commit,,,
163,163,insert,three___,____1792,MsFASlcTmJbM1vILGWm0VutRB13M0uHe30eKYq8AexkB2jh9LV7U6wUoxNSR
122,122,insert,three___,____1587,63SnFvlRPW2WDwbwoMvMFM9a3z7UEJ0h3ZUG8fdFiTls
108,108,insert,zero____,____1519,mfuZHWDZwYLSOfgF5z5im76id4bql8FxZ7r6HYFuCdoBF6wnkFLreZhWg
116,116,commit,,,
231,231,get,zero____,____1552,
180,180,insert,three___,____1883,jxEFQloRMpizbpuov9LV0gYHOZgjD3um5E5VmjvoDsHLarxIQUQLlhqN6qF8sx6
143,143,insert,one_____,____1693,zypPETnt6ol988Y6GoePyyAF3PH0hJ4wJNV3wHbzJEvi0hOXNnuvNuWV6vMjy
163,163,get,one_____,_____270,
84,84,insert,four____,____1411,lpf1QR57N3rhRePP218IOGrDiYt4kGQrCZA7clRvsPfy8Gfr
166,166,insert,zero____,____1807,3XAlVDYXKkxBdbPVU4YCAIzEKNTNt3ce3UmW
231,231,insert,two_____,____2138,zSzxy2o7fxYOkLEBcSCLj5usgrX3X53Nl9djIzP0l2Zyf5Npkq35seRI6GOrS
180,180,insert,one_____,____1884,c1nDlnLuoo2q86tZ0E69VX31baq6FLDNdUf5Y4k4AJN0BVJIdwlSRS9qCaeZ7q
252,252,get,zero____,_____285,
132,132,get,three___,_____970,
81,81,get,three___,_____661,
177,177,get,one_____,____1828,
143,143,get,three___,____1363,
122,122,insert,two_____,____1588,xo7PlJXXF5AZTPYO7sZOWG8XGov3KdiYN2dyglXqAi13Nw
97,97,commit,,,
132,132,insert,three___,____1629,OTwhU99wqgJn37cay2xpavc82fLFlgs8
171,171,get,one_____,____1697,
108,108,insert,one_____,____1520,6jCMs8c1EIBEmlttZiK2gubzrSL9LNyEA1UUJp946yDzn0li0db1qZnv3f
163,163,commit,,,
169,169,get,zero____,____1238,
252,252,get,two_____,____2073,
143,143,insert,one_____,____1694,QXh7lTifr4dRXYpfffDaSArDXPaxlaXVgYUApEAIooYL1S3H2I
222,222,get,four____,_____962,
143,143,get,four____,______64,
273,273,get,zero____,____1513,
177,177,insert,two_____,____1861,Mtjyfd6Ujcgc97AiD4YQqetZtlpTmGxMkO0vO5s43houy
231,231,get,four____,____1452,
243,243,get,three___,____1337,
223,223,get,one_____,____1467,
105,105,get,zero____,____1469,
168,168,get,zero____,____1231,
169,169,insert,zero____,____1820,GertYpmOmAmyWEfZ3zQkhbUGyHUnRtWt0HJ
81,81,insert,zero____,____1394,YLi8UIh7uxDQGZ0dryvqFGwPojX7xNR7FyXp30gNPhe6JkTISLVv5W
206,206,insert,four____,____2023,DdBiwmqMRRh49DMSBeJL1ajVFrcOpUQgby
758,758,insert,two_____,____4789,HDCTlNo4Tuy8hNH6y9K7nxAAZkWWt6jzA626l
481,481,get,zero____,____1790,
273,273,insert,four____,____2350,a9AkdpsESOozXFy9X7LrP7Byr8tiFaQuTX
148,148,insert,four____,____1724,uvGxekFxTRquIrNYwgWiptxmrcbU1zvRHNWlpLL8yarawnFj43Zw1en
841,841,get,four____,____1468,
143,143,get,zero____,______36,
81,81,insert,zero____,____1395,djbaZ7LabjI4Gft9ueO7AL14VLrXt93KYpvpP7UuLdK0ZZtiKKftN8f8v5j
105,105,get,one_____,_____456,
108,108,get,zero____,______45,
81,81,get,two_____,_____549,
206,206,insert,one_____,____2024,TPlRORW7hD6jWv6t7JNlANyVdxYpEonGSrOPKNY
123,123,get,three___,____1177,
841,841,insert,four____,____5199,Cs6nDdm0L6JqU6EOXoQRzLJwlDaNjeGgyuoUlUPX8yoIGVlidm
243,243,insert,three___,____2204,iNiwgPLzxzsbMkirk57He18pJG9ZrXpTiPD0G
273,273,get,one_____,____1282,
240,240,get,one_____,____1042,
148,148,insert,four____,____1725,n2R8kUAQ9TUByhebqSnKJw7x6JLeHrNMzYLQ0
168,168,insert,one_____,____1816,mXJQM8DU3novXgLmFM09NcP3O2R3u4AggORihRxCsFgpX7yd
122,122,insert,three___,____1589,c4kV7f70k85PEc7qi5dUroNIM50dFEli1TSvWFXYKL9A8DbsvV9pMXEhf
306,306,get,two_____,_____199,
222,222,insert,one_____,____2101,3b2n77BMXwo7OzdCsKSG5Qg4odExnsXdzJq
177,177,insert,one_____,____1862,0MIT3cIZKLQpPBxesdyPC5Dd2YTNwb5LMrlwtaRa
122,122,commit,,,
177,177,insert,four____,____1863,0O0OvOaFtLGflGtNNw4i0dvllKgQXjE5sHJVu0CzWU66
166,166,insert,three___,____1808,r2Z5kDLYlxMMT8dabCaogqDOo18PGpXMTBYfCLCG0yDde8
168,168,get,three___,_____913,
108,108,commit,,,
153,153,get,two_____,_____304,
252,252,get,four____,_____339,
105,105,get,two_____,_____474,
177,177,insert,four____,____1864,En2V67ya0fzdYeLxa5fPKaTYnnnYuuO8KjxUqU8s
222,222,insert,zero____,____2102,vVDWVxSvP77t1g5xpHFRhEVSuNYy2GgLK4
153,153,get,three___,______52,
141,141,get,three___,____1516,
81,81,get,three___,_____219,
180,180,insert,four____,____1885,dOWaX482NCbzkXIj7xvyG6DPtUwQVN2d7916x0fW
132,132,get,one_____,_____323,
222,222,get,zero____,____1057,
168,168,insert,two_____,____1817,veG2RhcZc5dijnbfLoNfxw6BXVEKE4xsQSnXLS6Mte7Ei4FJBgiPmE052ItPbH
243,243,get,one_____,____1224,
365,365,get,one_____,____1584,
194,194,get,one_____,____1585,
132,132,insert,one_____,____1630,Fa8gWG1UnG9QE4FJzg3e8pPq33vhv5ufrbCsGBekEwgxK50QfPk8Ow8Ofr
141,141,insert,one_____,____1684,Fz7ldYCdIkcqlGdQesZEScSgKm3MiIVdtwxRvBEAVZeX5JUTjk0Z5Nck6BxFGWR
273,273,insert,zero____,____2351,pQg64ULVhbxIqmgspH18f7UZHB98cO432y5vxuMg4v
105,105,get,one_____,_____656,
173,173,get,four____,_____533,
84,84,get,one_____,_____794,
243,243,insert,three___,____2205,0IRJN8Owd3BMrGversJFCsRER14lPw0bjBiO
194,194,insert,one_____,____1962,BKaMi0ZxYZxgvLgVphK8eD3gEKUH5lM2fSlXN
243,243,commit,,,
171,171,insert,two_____,____1829,pM4ZnQFdcPiKkL407k2Woth2R4lYZPdKhcmXeo
153,153,insert,four____,____1744,H5ZM8lC7ZSTk8JrRaPEHT8R5MsJl6pW2hRL4M1os06OSOT3lb5YzHAFWGSq
258,258,get,three___,____2205,
240,240,get,zero____,____1436,
365,365,insert,one_____,____2836,nH5Zvudv94ihu83A4FnNF68d3NmodzheYIFbySpiuzeGDrVSnn8dW
132,132,get,one_____,____1482,
891,891,get,one_____,____2201,
169,169,insert,zero____,____1821,ere3gwZdIJcBch4Pjdaj9AxEtsI1HRIaCGHF4auUiK2V66xrbaH
171,171,insert,three___,____1830,6iyTs2FxzVryWKSo5St5KEIGFAB2sO3V7tB75qmMJHR5FHpLmxTBI3YmoEYkgUUg
132,132,insert,zero____,____1631,cDLARY5P6R5jTgnjw8dK3yHXcoS67LkoOjnsFqT7xWZMV533CxXmn
177,177,insert,four____,____1865,2Erq72i4Myp5vuENEFt5uzg8UMq8q0cyUCEy
81,81,insert,two_____,____1396,6AvLBdtKbUOirHPHvscdXy93QUBH59FU1gCmiaxM7Y1R
143,143,insert,zero____,____1695,GP8ehSxFpXx0bdaJXoRTi4DHPIopGbnhQhp5aePw
105,105,get,one_____,_____717,
123,123,insert,zero____,____1594,GOS0HHL7nVWiHiFPLoxqimf3JdSgstu0AMBd8bqY7Vcml6E68
148,148,get,three___,____1070,
141,141,get,four____,_____748,
148,148,commit,,,
84,84,insert,four____,____1412,5MxmQWCa8lT5GJ3uEzygQGKTNevEnjDEEB4ZEQTZ2dlVpPfgI
140,140,get,three___,____1517,
171,171,insert,one_____,____1831,x52AOr7EWm8qeCtX0McmpfAv5DHHFFwul
123,123,insert,three___,____1595,2J07NgeBmUrhXzC5MYdygMx0XmQHSp6HXGfHJrYM2tsFMtj
285,285,get,three___,____2204,
203,203,get,three___,____1668,
203,203,insert,two_____,____2002,UuZjrrgTUEc3VUTbjRBASpwqbnhU8kY1VCSxMI2mQ
153,153,get,one_____,_____725,
177,177,insert,four____,____1866,z7lXQXpg7wDtfNDkcrJucxIgrpzX8qXdNFWYZpd3S6i3fZ5lOge0M1
285,285,insert,four____,____2416,W8L35mQQMydPj8qhTRbr9mV7UPz21cuWxzp511H8be9zKO
250,250,get,zero____,____2203,
132,132,insert,two_____,____1632,2sPHpDt12iKtEQRnUncXjRsGLjF2pkHkrd9
285,285,insert,three___,____2417,2G8S6Gm6OCYFUjVMJGXzcyhDG0Oecd5o2Lf
203,203,get,zero____,_____336,
132,132,get,three___,_____560,
180,180,insert,four____,____1886,i9MnsW1UTOnFAgxJZs2EtQmgIVZkvlMnCpIDe
146,146,get,four____,____1020,
250,250,insert,zero____,____2239,KBIcg0kNZUxtLmYh755ZXoqM937VVZ9aCN8WcCy2L2W4QVheBM3k
141,141,insert,four____,____1685,uEi4lCjVRiByROpzkdYaIK5drHDapGpib
146,146,insert,two_____,____1710,FNLYoeHigwXlmJ3zrNxdTUe2DZL9ysedSLAvfSgZTVOA00R4jqRXL
168,168,insert,three___,____1818,50gBtuxGbWZJT9bGOmWYdGhhwPTdhvmgS6oFd6YaSZ8enIfJl
123,123,insert,zero____,____1596,31BV5dBJEDDcmWeKN9wbccIYR7q6oZpYddXHqvZkcRo
143,143,commit,,,
132,132,get,two_____,____1382,
141,141,commit,,,
285,285,insert,three___,____2418,Yvtt5ZyHuJVhm9ORONIkOxZrEbMSEdvuOdabeyF7MMDvhXcob8KEvX4cFUbygw
203,203,get,two_____,____1137,
180,180,commit,,,
81,81,get,four____,_____370,
81,81,insert,zero____,____1397,mD1mrq5ah441eQY6WqMkwVZcSK4J4MUmx5MqpzbKC2zmN73Na2ihIYf
173,173,get,three___,____1185,
173,173,get,three___,____1450,
531,531,get,three___,____1720,
173,173,get,four____,_____234,
169,169,get,two_____,____1796,
194,194,insert,three___,____1963,95sDVoMa0WdsIYPW3HfYw9UN2HYveTIUv23YRjkIWrSQKl73dyce
153,153,commit,,,
194,194,insert,three___,____1964,Q5uk0SOUiojsTwIsTUa3S1rK7WJXanvkLWHIMth4tGJVTFx4X0uWPJT
84,84,insert,one_____,____1413,bbfmsfTRsv8RNNa0VCQFZR2oGwYUCXiTjHhCbruUlS74IbgJYFGLOm1s9xkS
270,270,get,three___,____1743,
941,941,get,three___,____1683,
285,285,insert,four____,____2419,CNflk8L8RVkn4oLUZq2al7ypggR1TqGzccHoIk
247,247,get,one_____,_____725,
907,907,get,zero____,____1882,
81,81,insert,two_____,____1398,dK9e7ASWOLnR3MAyhg6W8Mpb8rE5NnIigzblH5c98c1ttw5w0NlCSpVmnTJX1a
168,168,insert,one_____,____1819,DUWgWGmVUJunjww1YK7gJrOxpkwmppEhZILz3ocDg1NJoN1jHemIwea
285,285,insert,three___,____2420,Ad1Bf4P9NpyZuqENCCBW01KPKt3vYSJleIeuQt2Il
183,183,get,two_____,____1721,
617,617,get,four____,______64,
171,171,get,four____,____1542,
270,270,insert,zero____,____2333,mapRveS20ybZ9cvDkMcNGNKerZRqaLVjq9b2tbYKLh2qfVSFNUz2y
194,194,insert,two_____,____1965,5CBMZrTouyYJdNUSnXzN4YYRXlkqWtp1R
81,81,insert,four____,____1399,3gEcSS1UXywQFjL8DqHCSiutxxheWq0F8emEkAyowbi55vlauCQr
154,154,get,three___,____1742,
270,270,insert,one_____,____2334,uoHYxe6uA8FSDthIvdtYWy8VTM5Do3tRLjrlprJtbW4qnzbM7M9r
270,270,get,two_____,_____608,
203,203,insert,zero____,____2003,62sMdLPLftuTjtV0FPMjjhDMy4syXiX2VADnGvLoUskWQixPO6rwfLQxmJ5UL
105,105,insert,one_____,____1503,OkmG1QM5XZU0Hv4z8hFE9csDHr6ldx6SE2Wtw5cMNLp2O
194,194,get,three___,_____148,
531,531,insert,four____,____3669,MUqGIymC4nC0IN76zRByGTPb1dHJ9TXJbTGYS7m1ppxiAvWBqiejgiUFQmJ
154,154,get,four____,_____130,
203,203,insert,one_____,____2004,FyeyolIY5FM3Wv63vGX4ma0WCWDH9WlMPqCDvXxHW0Go4WUMOa5Fea1u
203,203,get,zero____,_____672,
177,177,get,one_____,_____127,
177,177,insert,one_____,____1867,wWKV8TY71AtuJGeuageW5YIeTTGPgWocv0etcqiPY30HE
154,154,get,four____,_____617,
154,154,insert,one_____,____1747,Z6yB4QJgGbjteUCOnjNnbuQJufqQXPzTuRoAYKBpFAeP3
203,203,insert,two_____,____2005,KaUmYgxXDvXGhNRczX1qaMxjMvE6HeEw0ByOdmkllGuVFAqr
146,146,insert,one_____,____1711,acejXfV6HPkYLo7lQUmSVRbxoZlyMn1AXGH77LnnXvZr54T1
84,84,insert,one_____,____1414,aYODNIlI5Rez0CiEz3tgdHpHd5i0dSD2FZFyFlXiG3
270,270,get,zero____,____1665,
168,168,get,three___,____1295,
84,84,get,zero____,____1157,
84,84,commit,,,
270,270,insert,four____,____2335,ur57OBHBPrH6wHvdvq708Y2o3btBMj5RQlci6OxFlBHlZ0CRjXIYoqVcQz4M4
135,135,get,four____,____1411,
146,146,get,zero____,_____990,
270,270,get,one_____,_____551,
81,81,commit,,,
168,168,get,one_____,_____115,
189,189,get,three___,_____367,
521,521,get,zero____,____1157,
154,154,insert,four____,____1748,PXZbkTR2qc0P2Nisxg7ruvkqMW5aQK3Xtuv28J5
146,146,get,one_____,_____500,
211,211,get,one_____,____1410,
211,211,insert,zero____,____2047,ypwJMx4WUMDLIxQ537CtUNfiYHsachkDHaIawg2txgeNSGes
105,105,insert,three___,____1504,B4l9cis8dlNooazArC2m2pdm5Ekgfcp7O0
191,191,get,two_____,____1396,
169,169,get,two_____,_____468,
135,135,insert,one_____,____1647,YuM8x7dTdZ4jRmwxE5UC8TgmhU02XPr7W9NbP8
191,191,get,zero____,_____592,
183,183,insert,two_____,____1903,6a1hXFeWI9uEyIEwiT340iQ4fIv2zb3RZtzPBe1sL98wkKhosoLw7X3yU
125,125,get,zero____,____1395,
117,117,get,three___,_____669,
420,420,get,zero____,____1397,
112,112,get,three___,____1369,
168,168,get,three___,____1306,
171,171,insert,zero____,____1832,kKve6AQGzLeVtFOgchl9ueUSDqLZqIVBRAceC9117C0ARQ
189,189,insert,three___,____1930,uARZM3Iap1IxKsmbzhh9EXQzQfYcwPirM88xqivYJqBBoBAHKO0XzDmd75My1G
169,169,insert,three___,____1822,p4NIFJOn87g7ugszzgtOuBoC6D6XOXjmU1epqBkSPKQaPoEm6n9xMdcGtwoigNn
139,139,get,zero____,_____136,
191,191,insert,zero____,____1938,UbNnA58VHkaW5w9SBf58DMA3plnXchYW1BF
250,250,insert,one_____,____2240,2LL4MjthTTQGQRUUgluXYzVjUlqBzxGzVz4aShZIZkrs4B9765EQiNlHRe2L
154,154,insert,one_____,____1749,0tcJViQwj3jAmvG1zSGeOjpqfKgCL3xRSj5oZrrGjsZQ8U
150,150,get,three___,_____239,
117,117,insert,one_____,____1558,k4YXBLdTKelxnjdSShlfcrpXFOELbD7Mo0ScnB
203,203,insert,three___,____2006,g2hxHVkcJpPvRBGDNKgreIQNJvCOeKBjfouvoYSZwdvbY2Y1GMl91V1s9lwqj
132,132,commit,,,
273,273,get,one_____,____1630,
168,168,get,zero____,____1774,
250,250,get,zero____,____1082,
123,123,commit,,,
117,117,insert,two_____,____1559,Taw1P843LIZEppWpEcjLcZWOeM35hKUA1fO2UYw3NQpJ0Oc9t
242,242,get,three___,____1595,
362,362,get,one_____,_____323,
105,105,get,zero____,____1107,
451,451,get,one_____,____1406,
379,379,get,three___,_____150,
154,154,commit,,,
242,242,insert,three___,____2199,wdlXsgOkJc4kCuFESaePGV1MJWP5JJpLvXnZ2cz
177,177,get,zero____,_____118,
362,362,get,four____,_____911,
191,191,insert,three___,____1939,Nzq7pKiNL8qiuVX05mkGtUJwZU8yylL4x4gmonLnWg2uSVgVOj0n
117,117,get,zero____,______28,
201,201,get,four____,____1628,
201,201,get,four____,____1934,
112,112,get,four____,____1040,
168,168,commit,,,
117,117,get,zero____,_____595,
554,554,get,four____,_____617,
451,451,insert,three___,____3276,S90qKAOciq5pH9tMFsR8SOv48FtwK87lTBY70wLi8bDfqd2EiSz
169,169,get,three___,_____806,
214,214,get,two_____,____1382,
185,185,get,four____,_____130,
169,169,insert,four____,____1823,qnaJe0jRO5e3qJRnyCmCuUrHTtgg4bA18NwytUrj614AqfN4DPT
112,112,insert,zero____,____1536,1hpniHLThAanc9DsxvEbzljLFTlJl0DoDQDHxPL
169,169,get,zero____,_____817,
139,139,insert,three___,____1673,Wm8VLoxtpbYuqwCc1L2Mlg548lR5RccpC2uMLN
318,318,get,one_____,____1746,
201,201,get,one_____,_____750,
171,171,get,one_____,______70,
211,211,insert,four____,____2048,YVw6Kw9qakSrxlfUMrJwen33mTD8PH3u
203,203,insert,three___,____2007,ewFbGT71oUrSvhKLGLaRjtX2t2QZRZeC87
105,105,insert,two_____,____1505,R15IEYex67RMj5Jrza3GKTeZhP9DXfuAkVuUN54oI5
135,135,get,four____,____1456,
169,169,insert,three___,____1824,cOns8BFSJMWhhu4tLaFHVBalX215twj4t
285,285,insert,three___,____2421,7VcuAb1mxVfTDn99RjukOV3tuUqXUTLbtpB6uUcHJp63IFyc1jRXw
135,135,get,zero____,____1576,
189,189,get,four____,_____951,
191,191,insert,zero____,____1940,OF4jgeEr3FjUnIY8JZD3MIvObzvFGh26O5eIxf6eM
273,273,insert,four____,____2352,0kCEyDmFJk5Sc28K2domwhSg6kYodoVsd7plQzEmWPbAWB3zAKZN1h
112,112,insert,four____,____1537,ElxWQqN3Y5dpe2SLkBQfHCjjyqoCS126Muy22DPjAjEMMHvXm0gutyO4jahjtH
194,194,commit,,,
177,177,commit,,,
117,117,commit,,,
208,208,get,one_____,____1962,
185,185,get,zero____,____1129,
198,198,get,three___,____1964,
125,125,get,one_____,_____223,
191,191,insert,two_____,____1941,aSUeAmse0LSJgIZMkn7Flo0kaTzRTuFtQQZsVNCfm7PvIdThv4
362,362,insert,one_____,____2818,DkXCZ9MQ3lXQRQvNAsfF57DYtxo4hdePGMYPzLl
185,185,get,zero____,_____212,
183,183,get,four____,____1502,
112,112,insert,zero____,____1538,w0S2vgpqXV52UwCqCU78LzLTGFyLwlKwrIs
584,584,get,four____,____1865,
310,310,get,three___,_____148,
135,135,insert,three___,____1648,GgE4f1xnQBf3BBXslYo0YGjDgjdM8F67FUdRvZyebDjDMNpiyRD3l9fx2nx
242,242,insert,three___,____2200,pmbBLMVzwEaFAnQH7vypgRjc6v9pnZXXK5qR
379,379,insert,two_____,____2902,rfIwUeB6MTu7GclNnEb1gvUVQQPaWQz4iVZaAIk1
318,318,insert,one_____,____2585,8rtFLRodwePGWsigPW1T0UZy8PmN6JiiqccChxcUDyNDuBwrDgLtyN7q
169,169,commit,,,
208,208,insert,one_____,____2031,A3ZuQAVHP8pkpDWfHXMtVhee85ffw8ToNlTKXBRuUTajl7pEckfrTw8mCdKg
208,208,insert,two_____,____2032,oVcR9wMdpfgTa7RzcFAjminfQqP1JnHY4PfPgHA2GojoRhTtQifrIKS6rnT
381,381,get,four____,____1958,
310,310,insert,zero____,____2548,Voqu3oekqqwFLZxd2QRCLvwPtbAWwVHvV9YP97Gndcpc5jypvo7sq3zm197IC7P3
211,211,get,one_____,_____444,
171,171,insert,three___,____1833,0pr9kOKNZF9IzpRu24ymtJORy34wwG6rqP5fp8UHOSE66acB32kVcG1JFbtn
207,207,get,three___,____1824,
118,118,get,two_____,____1559,
451,451,commit,,,
125,125,insert,two_____,____1607,tjLS0EhpEyKPcDRRU8chYtGWfmVUFhxgd5IQbalr8taI18yP7
185,185,get,zero____,_____265,
444,444,get,zero____,____1815,
146,146,insert,two_____,____1712,XJndaBfddaBGCq9xnQKFxjUlKJMQVv4dKEtm3IbraGBaYNyDbAyMAOCia69HAy53
381,381,insert,three___,____2909,Po5nBUkTiiZ8RBcFnYQIMWUaIKcCFzdXtL4WsjMXNRuufivE3JqnJat6fM8QnK3w
214,214,insert,three___,____2063,pjTwOn3KcXS5gKSxrnuwpxipDVkTsgxCgOWl1KKGOexCWFhHlf
125,125,get,four____,_____834,
185,185,insert,two_____,____1914,lpLzZNIlJuqqJ7F9EYTN3EHuXzoIBAl19VElBksFaWU
198,198,insert,zero____,____1982,qd58lgmvFWzwvn1Kdoybj2TfanhgvMGQMWFEza4
203,203,commit,,,
418,418,get,two_____,____2002,
175,175,get,zero____,____1238,
139,139,get,two_____,____1614,
273,273,insert,four____,____2353,ve7CLu9TVvLP8izBO8Ufrw3rNKm5EvkM28dNLC
105,105,commit,,,
285,285,insert,two_____,____2422,HR4qx4twWGFqQwVMs88njvyLjjwFnYMZsZC
418,418,insert,three___,____3100,vgIxfd3hzEM90y41NlyEzZOyrNQsb7TJJLqa3d5AIGWVA4DZowz8FL6al
379,379,insert,three___,____2903,b4AGHeLrEfbeCP1qB2EJNZc7OyHXEMz7r9e
136,136,get,two_____,____1505,
198,198,get,four____,_____463,
270,270,commit,,,
171,171,commit,,,
472,472,get,one_____,____1831,
513,513,get,three___,____1504,
150,150,insert,one_____,____1733,kTDQxX7YKyJAsxuNVmFEntDfsLmp0RcGdA
263,263,get,zero____,_____672,
150,150,insert,one_____,____1734,O89MP3hWcEWU5hE59FQXESiMz5t3SQ8bqe8CaugynJlwyr
196,196,get,two_____,____1960,
196,196,insert,zero____,____1974,66LB2tamvdATu15iTbZqIi61BymWwgDbUZShsCMmA
192,192,get,one_____,_____456,
208,208,insert,four____,____2033,lJ13XrBJ7Ao3h72tRSMRKAnQHe9mEbmoLk6yLy666Kp8qBJk7lGKRAco
192,192,get,zero____,____1478,
233,233,get,two_____,_____474,
112,112,get,three___,_____131,
139,139,commit,,,
351,351,get,zero____,____1665,
125,125,get,three___,_____930,
548,548,get,four____,____3270,
201,201,insert,two_____,____1994,l2972bXFVVi6ueI8H5J08Pdmp3lmIzvltXrnZfHdmXnWxbn6Ney
135,135,get,three___,____1617,
198,198,get,one_____,_____127,
186,186,get,one_____,____1697,
201,201,get,four____,____1217,
185,185,insert,two_____,____1915,YdRIkEaG3kJ8DdcKNif5HAA9WSI8hB4ZYe
118,118,insert,four____,____1561,vYyUnn8NG2LPqYqaWYMROm1q6i1xFzSqztLwIZQ3E5Bpq
265,265,get,three___,____2006,
175,175,insert,zero____,____1850,ciKePDwofsrKHEHod1NAe1tmvShb4nvbNKFskFhUe26BFLvpFj1ZM6d4rzfO
310,310,get,one_____,_____651,
285,285,get,one_____,____1690,
418,418,insert,two_____,____3101,Bmz6i6XNK9xRT3EX6ZqB1JlH7Togbvad9i03UFhR
211,211,insert,one_____,____2049,KJDpUraIlUIfc0qyx8PBcFjQJRnyEHfLYAtf
509,509,get,zero____,_____136,
183,183,get,one_____,_____959,
185,185,commit,,,
990,990,get,two_____,____2005,
242,242,commit,,,
220,220,get,three___,____1795,
191,191,get,four____,____1913,
187,187,get,two_____,____1671,
472,472,get,zero____,____1625,
245,245,get,three___,____2199,
285,285,insert,zero____,____2423,BIGeWMXSViacdXD0tOhdNBN3PDqOpQfa
230,230,get,zero____,____1912,
186,186,commit,,,
112,112,insert,zero____,____1539,wBsVeRPCbjVdI1uKRpSXhEhpIFPB4bS3tdhrfuXHLyZuG9IdxGCm
472,472,insert,one_____,____3382,uDfnU42jZ3THmDQg25qLoOx1dhhBcN0ceMWOoT9
152,152,get,three___,____1669,
136,136,commit,,,
244,244,get,two_____,____1915,
230,230,commit,,,
584,584,insert,two_____,____3946,dAlS8n0kBozLDM05cYnWXxxnFaLEReKNT0NcoSkZlEITnVPql
509,509,insert,zero____,____3549,PMSBB0OySrKnzZVBIFjsdmOYLt1vQ8qjOEN
285,285,insert,two_____,____2424,0gHlISE3tM8fq1mzBfk34tD64LEwVG4Q6gbT4XIC28akS60DZAfCr2Fh
211,211,get,zero____,_____893,
112,112,commit,,,
172,172,get,four____,_____211,
273,273,insert,zero____,____2354,Da8VrMSxj07RSUDhlQAsfVihRZY4rw178sa9w2wQ5yZ2X42nneW3fw
135,135,insert,two_____,____1649,ELGcnH99r31cuPOxnnDHVmUgyxkkukt0NOG7vxib3jwrHKeC8emHkfdoA6Kt8
125,125,get,zero____,____1465,
196,196,insert,two_____,____1975,yN91IfnjBJyFUkQCC64pmNusjTy0qJUCIz8ml40cdG
595,595,get,one_____,____2133,
196,196,get,four____,____1643,
207,207,insert,four____,____2029,quwjJ4SRX9fowkdjzxvwSQTrqWOBv3Pn2AgbJY1R
211,211,get,three___,____1251,
179,179,get,zero____,______28,
276,276,get,one_____,_____918,
140,140,get,one_____,____1218,
371,371,get,four____,____2198,
179,179,insert,zero____,____1873,KlvpvXqGHjC2eQJmigMLq6cAGunnW5R7Z1JwB89pjLrVzulsOoht77mtRVDU6
263,263,insert,zero____,____2304,JSZs9nbqipwcaQLfJQtl1VE6HiA6G06Y097EM8tan
207,207,get,two_____,_____859,
140,140,get,three___,_____194,
125,125,get,three___,_____494,
125,125,commit,,,
875,875,get,three___,____2200,
310,310,get,zero____,____1534,
285,285,commit,,,
211,211,insert,three___,____2050,fjkEBnG06qwSKcisPCrSAaWtLaCufOvgogiqeWEV3Bsti5
118,118,get,one_____,____1266,
620,620,get,four____,____2419,
310,310,insert,one_____,____2549,84bSpfuptHm9ve1iM2rJK8wL8TOtJC34vvB7FbRnm6ia9
146,146,get,one_____,____1555,
265,265,insert,three___,____2313,Swttn73vGpcXQwtweAIidNvf6of2k7ZGpWNiFHAsc4SnajmUBBUQw
265,265,get,two_____,____1199,
291,291,get,three___,_____655,
189,189,get,two_____,_____314,
276,276,insert,one_____,____2370,hr7JGWmZwworDlUTYbhAutV34KC8yRTSZGUO15pBhJ
211,211,get,one_____,____1761,
198,198,get,two_____,_____932,
273,273,commit,,,
622,622,get,three___,____2001,
191,191,get,two_____,_____386,
381,381,insert,four____,____2910,O6XAluKHOXCCyfugGDllKzTJ1bOAcP4via2ciXG3BxOAuO98yoGuVIjg0NLzq
118,118,insert,four____,____1562,EXqDTc1D8JGRIt0ZMif6yprGn9tJ16YsunRg58i9BfZvUf
211,211,commit,,,
291,291,insert,zero____,____2459,KzqagM9Kjd7vXJqhFIHrV4c06fzuPXB3YCkquM9dhlKyS7ml8qNputNVDK
875,875,insert,four____,____5349,ldgA0x7eoZaEAN064C7ChAk272ntuuYf2QcC0WGsLtZHPJuJ9ujSAy
553,553,get,three___,____2417,
263,263,insert,one_____,____2305,wtjeGfvp6wci1VhaK1DWhmzQO4uEIQZgos6YBMTIjC8hgMfK1yShmFOkU0pvY0Wq
432,432,get,zero____,____2351,
291,291,insert,one_____,____2460,Nj334I4VKAaPvKLidSCLVi7bNwtkhHXNC
291,291,get,two_____,_____982,
622,622,insert,zero____,____4143,avWMo0zTd9YC04IHqzk74MZznCpXOU5q
175,175,insert,one_____,____1851,lX4AOHxpAL0wIKhV5v3V1cW7SKrBoxyO9oXJHxNWeJUssuhAbUvfbSWoBL5
875,875,insert,zero____,____5350,Uqzj6UvgvYL9zOAROiQeiybBdQKMRQN22BYTHPYqQDRT
622,622,insert,two_____,____4144,JwQ1mE0bJG0Tc342zqZbhKGuOj6TKLM141I5T4SflQ9l
400,400,get,four____,____2350,
208,208,insert,two_____,____2034,c4wC7PEMXPrRQ2jXP5A5Q8Sj3OeWgnhswWNdOEgIAcUpxe08qYClvO3k3bKkup8e
290,290,get,zero____,_____893,
220,220,commit,,,
233,233,get,one_____,____1122,
244,244,get,two_____,_____548,
875,875,insert,zero____,____5351,utibPvPjrHBsygjDMAicAMQY5v1rpNHxWrFOfYo
191,191,insert,four____,____1942,Yv8famSn5PkxIdIgnsh5PaByeVSvy9NgOpscga5w
365,365,get,zero____,____1088,
344,344,get,one_____,____1282,
233,233,insert,one_____,____2150,rYoH29632VUMAegyfUfDgJJ4CFHjMLCxgmLwIyP
953,953,get,zero____,____2091,
152,152,get,one_____,____1500,
118,118,get,one_____,_____875,
509,509,commit,,,
344,344,insert,one_____,____2725,GXfiXyUgYXapGisL5te1ivoF4W94iNQtGl4TNkrzV
244,244,get,four____,_____221,
265,265,get,three___,_____293,
371,371,get,zero____,_____212,
608,608,get,zero____,____3549,
187,187,get,four____,_____691,
298,298,get,one_____,____1630,
548,548,insert,three___,____3760,WErnHpWrlihjGGEvUv15R0J46BqDkFA5FSeJkqzsLW
183,183,insert,three___,____1904,9DeSX2SOGH5VQg59AMBCb5AxSXVemx9mGz09R
179,179,get,one_____,____1073,
263,263,get,one_____,_____213,
175,175,get,two_____,_____304,
608,608,insert,four____,____4061,L0EDEit4ZH4owylRAMFjxQskK9i1OJ9ckCdCGvHIsO
208,208,insert,one_____,____2035,SUFUiLFL9h8FJEruTczc3eewmr9sBcMKgFoZjP2
152,152,commit,,,
189,189,get,four____,_____629,
300,300,get,four____,____2353,
179,179,insert,three___,____1874,TZBqfVXJjpNEcutxd5XAC8IxMkeqhYzQMiP2y
179,179,insert,zero____,____1875,MDYypEz7Pe8F1FSbhZJ7hGlFN3Yaq5h1q5CZ3PVaaSuRKgp
172,172,insert,three___,____1837,CsPA0wGCN30erQfr9KY7Aczz5JEozn18fVMl5Wr8YMHyZPokJDbc
166,166,get,one_____,____1500,
192,192,insert,one_____,____1948,817By0848odsO3b1SxacaX3pPQC3YRcNh7nYpD9fK4M3hztC3OY4h
298,298,get,two_____,______16,
675,675,get,zero____,____2423,
553,553,insert,zero____,____3791,MXaNVuXTxV2mvatWRHaTpA33BSHhM8pgKHUlHlSLZke4cwcE4n
207,207,commit,,,
858,858,get,three___,______74,
256,256,get,three___,____1824,
291,291,commit,,,
187,187,get,zero____,____1538,
412,412,get,four____,____2029,
298,298,get,two_____,_____499,
175,175,insert,four____,____1852,wbMpWCY7iY9UnoH2OowZDVffZEXJaa4QW5zciVzcQbGqZB9Z0fMXu
333,333,get,zero____,____2028,
189,189,get,three___,____1232,
675,675,insert,two_____,____4395,o3K2FvI7zwqqgHVJe5Pvw9Vm0sUOswsSv
309,309,get,four____,____1956,
553,553,insert,one_____,____3792,ECgplZiWIMnyIV0c73BL7BqSNR3q7EFz9EJ
557,557,get,zero____,____1740,
233,233,get,one_____,_____149,
192,192,get,two_____,_____816,
391,391,get,one_____,____1160,
150,150,get,four____,_____144,
432,432,insert,one_____,____3167,e5ji0f91bEAwnf5ESPnoAvD7jO8tsRONh9eIaa6YuuW
276,276,get,four____,____1046,
140,140,insert,zero____,____1674,usLVQo47oru2HhUb5OQJ7EuFWtxlGSBAOM3qM4CiBSOshdXYb2
172,172,get,four____,_____464,
155,155,get,two_____,_____143,
189,189,insert,three___,____1931,fSKwWA5ADsUw6QB7n69M748l33IhtNrgOOHrrFAt1V1369
432,432,insert,two_____,____3168,HWV4EinkvqwbhiR6c58op5Ws3iHk8ayWo7jtqixWNkoN
187,187,insert,one_____,____1921,F73jeLJPu1f1eJVXoEoIcX4fx88E0mUBuF4SSBWqmCHttEslqfgWi
189,189,insert,three___,____1932,rV9DJhmwJ1ZTaN6kvPICQWZnk0NHojn9mF6zcg7rzc09TuAfelwT0zXypivPmA7
166,166,get,zero____,____1202,
432,432,get,zero____,____1102,
140,140,insert,three___,____1675,oPjeUffneTsvY7oHKWFo2Y69c7Enm337qsIf4s07ebTy3
333,333,insert,four____,____2663,7VkqyHcRQbZuYl4TvFr2TjPH3838BttqzKKrNhq0IJihrIDQi03KUSHQeiAoEg
155,155,get,zero____,_____740,
179,179,insert,zero____,____1876,U38KU8qNSmBzZmPgHOEO30zrPmrChsKtOlCFPdmfGEZkhNhMMDoB4SFGK3ivJ47
150,150,get,four____,____1151,
381,381,insert,three___,____2911,tpYdRureakZpKcXXq6J6x7OQOo0KTc2WA3331WQUW7hn7oBgMFOHFBoeRMViv5vH
381,381,insert,zero____,____2912,YCnaf8Rc5Rv0Ewb6DBF2GeVlxvPiyEBT44m7ZtwklwcCaxuEk
233,233,insert,three___,____2151,jnqsULjMnmjoccKCCTclcWxMLaNMf6r4VHubZ7J0LcSWwdYhKqaoBkBJ7v7gEV
381,381,insert,zero____,____2913,TK3cS25YKaGTejNCAOITa1k06d6HsYTQavAULiCB0hTZUbW90P1CA1s9dUwed
381,381,insert,two_____,____2914,6BT6X1VJrc6gXfkxEsCdbCuIuNkAuwP8gSQRA0jfbpHNC
140,140,get,one_____,_____391,
208,208,insert,zero____,____2036,pXTQUq1WbWCT2YP4ghsgy6smdweWo4zSxzwTuTrWAHfp2ekvNF1ogNJ9K4dFL
150,150,insert,two_____,____1735,ML8lmVTVUbFS40rDf82DFfvgHBr8y2SMUKsdQdCNTjUL31Vr
146,146,insert,one_____,____1713,9fHEqA1owzRFaFTJnnWRwIT1A0f0oDQlB
175,175,insert,zero____,____1853,Cm6R9A1ZN6KGmXomMJZSsk9Vt8Gpz9lNdxVYpsV8CfBgsEB2XkC
263,263,get,one_____,____1125,
381,381,get,zero____,_____540,
175,175,get,zero____,_____161,
445,445,get,zero____,____2455,
391,391,insert,one_____,____2959,7312lKz18BQrKBvtRmAvu02NSLfBc2BYodDQzDTSe2aSvPrFUVnxoJ
256,256,insert,four____,____2266,uYxkHSJR9Gg0Bc85hqJt0UesoTp7mrugGqNYBvYFCfMf7fLlRjyZixjVTzK
381,381,insert,two_____,____2915,NFKFa3yMjMPYRjUcwgpfjbiG5AIJugSuoBCcyyIViioblgVelSpBb
445,445,get,zero____,____1230,
675,675,insert,three___,____4396,ubCKE2vnNZiAzZV5UWc735lKI76irSjD2wIP6pc
263,263,insert,zero____,____2306,ljLx5XHHhOxl3GVG3rmyNvsqsFXHceqdkQlDp9p9
201,201,get,one_____,____1258,
391,391,insert,four____,____2960,J3u4scJLEpOgoe4bE4fpu5o3mfoqwaw7CHHlUSj1MAa3HAwuJ6DsCgH4O
201,201,insert,zero____,____1995,S7KW1DGLFbiHTPsktaonesAIoPMG6W2sVsxhegf0sFmuJZhGKxxcsl1j5EwerbrN
233,233,insert,one_____,____2152,Mu5ONGJ9aMtuQgZwNws3RQzsCEgfqufiiGOUYn
179,179,insert,zero____,____1877,XKVdOskI0jj3uGnoIs5V4G1thZpOv8nWM5KIxBR5diEjwmwowWvCra3zwBAImW
135,135,insert,zero____,____1650,U7fC1zHhSwFywYN4NFP8qYrCVfHC1vvbiLR6kDq3ESM1GASs5fHwOM
179,179,insert,one_____,____1878,t6xEpyK3k0ajzbnT2GE1ptt6WJ8WV40h4yA
172,172,commit,,,
155,155,get,four____,_____519,
445,445,insert,two_____,____3243,ZnCCwS1BH9PjpmhHa6cch3rr1N69jxIn
300,300,insert,three___,____2507,OR8sOANIa3CSGsPtBWT5omdMOg1lwR3Mm9Oq87sF2kxK05IhgJKvqZ10F9f
300,300,get,zero____,______44,
175,175,get,three___,____1682,
866,866,get,one_____,____1335,
651,651,get,two_____,____1653,
256,256,get,zero____,_____727,
244,244,insert,one_____,____2206,VE24i4MTmwOX4gax3bf42XiqKti0gYYCHgZmrwk41JRc2
146,146,commit,,,
150,150,commit,,,
391,391,get,zero____,_____944,
267,267,get,four____,______90,
576,576,get,three___,____1731,
233,233,insert,two_____,____2153,ZE3e6uUvuBd1RwScBfi6VhMGwiq5CocRpyp97tkx
608,608,insert,four____,____4062,m5wT8kf2bAdXdjmvqntWCMroEFM5c3tFCTn
263,263,get,three___,____1296,
263,263,get,two_____,_____250,
263,263,commit,,,
276,276,commit,,,
183,183,get,two_____,_____510,
175,175,get,one_____,____1259,
183,183,commit,,,
262,262,get,one_____,____1711,
256,256,insert,zero____,____2267,MwDRhF43BjDpXwGukVrVd1SWmLKhuAGli5MJBX0N42p2hJMI
376,376,get,three___,____1662,
140,140,insert,one_____,____1676,Gkl1vvDMVOD7fxasat5FhBomi0LpQp2QTWqpGBNaeZpML2RPsHVo9COJH5fbbE3
381,381,commit,,,
155,155,get,one_____,_____341,
651,651,insert,three___,____4292,PiPZLKPMk1hAVC7KlAevCXxRn7HstW9yml2nmqcKK7DyFFVEjbHcm
344,344,get,four____,_____345,
189,189,get,four____,_____424,
135,135,insert,four____,____1651,ZDSMFPBqTycOFoLTDiP5YC3GLoiUcg038MGZMy6T
435,435,get,four____,____1958,
192,192,get,two_____,____1710,
118,118,get,zero____,____1267,
135,135,insert,one_____,____1652,HLTI7bWevFWygrqXRVnyyLbVAFmV4r1HZHAlzlpuXbsvq5M
202,202,get,three___,____1418,
262,262,insert,three___,____2299,27yNVWrM1zpfP4Cb3ZRkDstvYgeYPU3YZWd26oq8ww5F
906,906,get,four____,____2910,
267,267,insert,three___,____2322,mriBQJpxYq1MArNxdzk5bgKZVleoFVirS0fpLtGW1qscSMJVrxJXsfXifm1DF9g8
175,175,insert,two_____,____1854,FlkCqRB7J8KNEX7RHJpVQRgTkdK22f8c4LfPm1HxB
191,191,insert,one_____,____1943,LKaKaxZyaloxpIGUyLvxNgeo0KCZAczRZxp3ILAprNMnrKHfhbExnOErswzplh
151,151,get,three___,_____239,
262,262,insert,one_____,____2300,u59xaa9nnCpkMaCnXDsHjnnOd9ZUEzym6MMc4rJ44RA73J9UgTlX
256,256,insert,two_____,____2268,aUs2vLqi92p8KMrvlpWK3Pve1wwXLcHcr7QK33RRL6gZL7Pc7lUsu3
191,191,insert,four____,____1944,9B3JMdoI81zWSG35kRfFKCiJu9ABtruNgfS0dyv
118,118,insert,two_____,____1563,EeA1G6x9Qir6AIl8uraTycecYeuXOm7pANg454bv2H9hH2zVMET8mD5nAIGmw9xS
201,201,get,four____,_____822,
256,256,insert,one_____,____2269,WqCkuIHqiNbMgzBlvtxRjh6aANheJTAUIZWzIt
191,191,insert,zero____,____1945,La65CUkxRVtO7yCqEZNvbx6kPQEdQIwheQyvqpZA2rlTcwV
151,151,insert,one_____,____1737,PdXWoTFjJkzpcLwrJWZN1ksA5hmqcdibFFOYO6flnAgSwQAURhWC9dR
267,267,get,three___,____1272,
376,376,insert,zero____,____2887,EWZe0MW7xXgMtrFDUBKxEOmQ6N3zf42KHArGkiTgZAHnWrxzZ5NAsQdym9wOwTug
576,576,get,one_____,____1016,
155,155,insert,one_____,____1754,sBzPjLKcLo3VaZQifAS5POjOoc5hYAWzb
713,713,get,one_____,____1734,
155,155,commit,,,
713,713,insert,zero____,____4583,YCeug63hUeVTbsiYjDiSrEmP11rYM0ixfkqUdqWQ4CY7mqfkNCsh
296,296,get,one_____,____1754,
267,267,insert,three___,____2323,0JEjfM0UNIb1qHNjW2TXFUAPKmmVsBxMVSGa
175,175,commit,,,
151,151,get,two_____,_____224,
309,309,insert,four____,____2547,HRCRrQwaw6iWCsSax76BZCSnckkBnCnRkVmmXSIlWtFRLlDffy8nKbIs
608,608,insert,one_____,____4063,X2ohNmlYdMmvYvEWi4pTip53tJPNPjvz3x63Yuj5Mohht
202,202,insert,one_____,____1997,h99iBfLMG5WxQniEX3bbgRwijmYeHTw86TgxSmtTkRcZqrZLs9NYVKwz0yRXPp7M
265,265,get,one_____,____2305,
244,244,get,two_____,____1090,
233,233,get,zero____,______45,
202,202,get,zero____,____1322,
118,118,get,zero____,_____193,
140,140,get,three___,_____106,
445,445,get,four____,____1249,
553,553,get,zero____,____1522,
576,576,insert,four____,____3901,3qQymojo2kgKJeVuBgGKAyrkYLNS5w5oG95950zrhxD6aSxIv1Lm5ulij
713,713,insert,two_____,____4584,U0QTLis1r2YOo4b79edixmfucAsk0poDkZubEMMY6ItHPKkovoJqaZe8fl9X
391,391,insert,one_____,____2961,YlHaYTYXwI3xNBUjbkxpNJIGki8lpq0DR
256,256,insert,one_____,____2270,FH62xrsi5RjdXBYyp6x3FuIBBNu3H1ng8pMKvAh9mPgMYltwPZzhPpW08o
244,244,insert,one_____,____2207,bvKTuoamGPKBRkMGmJ44DyGYBm2bsHEWOxGlYaJBqt6FOaoSTRoFE9Ms4lV
267,267,commit,,,
262,262,insert,zero____,____2301,iNAA2KKLz3xznJri0nsUQfEOR2OdQ74su544ou5hBIKZhRl
396,396,get,zero____,____2369,
151,151,insert,two_____,____1738,k1gbP2vLw6YWiKSYo6byDXKfWQRMyWg3PiqurGgjQb6yR4eCPS
208,208,insert,four____,____2037,oogAUTDdg3iPZxnE2NlxVtp5bN6wsEUAvh0wguhM1BCcSJPQPUkhExCtM
202,202,get,one_____,____1487,
539,539,get,zero____,____1853,
445,445,insert,one_____,____3244,HasUNyucRKeJLJjw3w02iZZxflA3RTZQTTHE62dHg6
713,713,insert,four____,____4585,rrDPJjYUqK5WsNvAIDTweMdkGvizqCivAG9etTspP
189,189,get,one_____,_____402,
265,265,insert,two_____,____2314,JALX3mHYikxDxO12zGEsjBRzu4CkVy9b
309,309,get,one_____,_____977,
181,181,get,two_____,_____304,
189,189,commit,,,
656,656,get,two_____,____1712,
135,135,commit,,,
208,208,commit,,,
430,430,get,four____,____1046,
181,181,insert,zero____,____1887,II9C3rJH31t2mH5RbEaxkPjxcTXx5b5HI4lj1uRC
265,265,commit,,,
636,636,get,zero____,____2036,
241,241,get,four____,____1502,
201,201,insert,three___,____1996,bAxd0xaz7v50P0wPM2wnAm79HRgUQiGwA2Lz04euUsFlZB23mVP3
192,192,get,two_____,_____314,
198,198,get,three___,_____367,
391,391,insert,two_____,____2962,BaEIx4qA6SYyPaDkvbf99Plcy6Hrn8jKRMwMBlD7FKglFffL
151,151,commit,,,
199,199,get,one_____,_____402,
391,391,insert,two_____,____2963,kRo1Ap2tQrZ2TjfUAFPuanW9OCipIqRAQ11WomCbkc
244,244,get,zero____,_____388,
196,196,get,one_____,____1737,
256,256,commit,,,
396,396,get,zero____,_____909,
222,222,get,four____,____1411,
611,611,get,two_____,____2268,
244,244,insert,zero____,____2208,sIjd0G5VSlO7PwxWGnxbZeReCBVi909RaVvImSi62z4OqpX77svsapVslm
656,656,insert,zero____,____4310,3MS3Avv37At9v9QcUNtxIg1boBlBsHjZjOzpt315bgbzOnQaS8lnYlPwh
232,232,get,three___,_____239,
299,299,get,two_____,____1649,
329,329,get,zero____,____1299,
198,198,get,one_____,_____344,
232,232,insert,three___,____2145,NIK9dh1FLyT3jwjrUJITK3Ez8yo4WVOHcI722t0m6nEqAFhKFwmwSy6vRIKqxQb
191,191,commit,,,
415,415,get,zero____,____1650,
391,391,insert,one_____,____2964,ID35HPsRE6HVmMq4qRJuIghLCj2Ligjj44419RgnchoyjfFBGpIqrdcrwmUtsR
656,656,insert,three___,____4311,Xd5t8F2VGvWMy7tLpu4tL3pYMTHdRONEU6SPl3
201,201,commit,,,
309,309,get,four____,____1621,
158,158,get,three___,_____410,
539,539,insert,four____,____3716,wNlK82sadYtEoqiiKVuCUktLCN0El5t1ZRokZeLW
202,202,get,two_____,_____418,
202,202,insert,one_____,____1998,OR4nKCtYFW7c14sGmvu3PFTEtrgvM7PjFJXedtBs5yi9rlZSTprrAb1hoT
251,251,get,one_____,____1851,
518,518,get,one_____,____1647,
856,856,get,two_____,_____386,
210,210,get,one_____,____2035,
656,656,get,one_____,_____912,
181,181,insert,one_____,____1888,IQWWpKmDYAwszwuW5XtQG7dgvdlp3jEjXEy9O5Jwm531uDCxV
856,856,insert,three___,____5267,tsUV5gVIMPdXmgRzOP1wz4KCgsdlQWvMpK4tSyfDkrtKSOyXH8Jo3WJARKy80t
309,309,get,zero____,_____856,
232,232,insert,four____,____2146,WI4y7N3jQ9fAM51b49uyh5wgggwbql8G44dJW
244,244,insert,one_____,____2209,jcSq8lk5p0EoBfQRljpTt4xfcCIio3w6Xc3zsZ
611,611,insert,one_____,____4076,AgWPRSUC29FIA8JDl05yerBRvpQH5yDKb6fXduOaqf
251,251,insert,zero____,____2243,wTXVZhsWwhF2UlczvDsyvCIBzwyYrd9DYKuhhgphQIdlsLbP
415,415,insert,two_____,____3086,2QrdlrNfPZsL8GTcHv7RMjIwZKwnPZ5bUR6d2kTwuppaBlCpaonQmJjWG
376,376,get,one_____,____1884,
140,140,insert,three___,____1677,ZdwEzU641uY8C15OPRa5yrRfZFHph1Acc1VnVNJa6kHrvCR
611,611,insert,two_____,____4077,cxrjBWmxn9NxToe2ireKAYFyqOp5YlRHeqiU6
430,430,get,three___,____1963,
854,854,get,three___,____1939,
347,347,get,zero____,_____420,
158,158,insert,two_____,____1765,ZgzIx3v2s0Io3ep9E5sUKNxPV13CW0D0kfedNKcoslBEVxWl9
376,376,insert,one_____,____2888,3gTaOQW0mAcFPA5gXvdnzubfC1JP7rOssEit9o34
118,118,insert,three___,____1564,y6z56c2EX8wZfGaijTObejn7jEB5RMVADzsgAeZcn4mSzGgcNahmO
140,140,insert,one_____,____1678,4cOE5PL5Dc6WeRzLtDhvLgmidcRhnsDejJVQ3bEhFKex
289,289,get,four____,____1942,
329,329,insert,zero____,____2645,y92t9tKQimflOuwkv8s6A9ZFO5mbFKeXH
232,232,insert,three___,____2147,nfB5Ffwhs64NY0LWadDL7MasNwTfJgBDmuMQdGWBu
628,628,get,four____,_____519,
199,199,insert,zero____,____1988,BTIE8KGWM4JJl9KZ9nBpizdp50K1r3f0MQhgUrejx8kXgM1JzJweuEv9cfVM
232,232,get,three___,____1119,
118,118,insert,three___,____1565,pTgGEjlWu6ccyjRfE2AdwbUljCwLOCic7nhFt9iinxe5
231,231,get,one_____,____1962,
222,222,insert,zero____,____2103,2s2vHGOJuMO1dEBqe39zpDgFjdgd4iZGfQErNWvkH1L3nyjBb
196,196,commit,,,
295,295,get,two_____,____1941,
249,249,get,zero____,____1973,
473,473,get,zero____,____1938,
433,433,get,one_____,_____789,
251,251,get,three___,______85,
539,539,insert,one_____,____3717,tpDVDsi5uVym8zP2Osz4QhJP6HXABwEyTPE27HuM3G1mfKj6XzXyc
262,262,insert,zero____,____2302,91sRQype753RehvtBDOtaBo9BwjE3PRAQqCoM1SNe7PgAkiBhidpe
140,140,get,one_____,____1248,
329,329,insert,zero____,____2646,AleX6xoYxJRuwMYxu9D11u9xnsYZJr6nIMmC2bW
192,192,insert,four____,____1949,VnmO3jkAmt4EwaX6grks73L2LPwF968eVO55toSWDDhu0mJ
433,433,insert,three___,____3171,Ax9eBknjWfaWKR0SaPaYxRDbZ2eorZnaXtUX5C0BjGPMREsub
329,329,commit,,,
251,251,get,zero____,____1832,
202,202,insert,one_____,____1999,EqsrSCT6yrx55XUTpZDa1i42temI6CAVDo7Ff21uAh
636,636,insert,four____,____4226,P42RANC5KkNOIDDZ2HPlGixuAPV4HWfe
424,424,get,zero____,____2912,
249,249,get,four____,____1049,
809,809,get,two_____,____2034,
212,212,get,four____,____1628,
166,166,get,three___,____1648,
546,546,get,two_____,____1199,
518,518,insert,one_____,____3596,LgxWghvmHpaBUGDkb29Cjs6m2MGKQkOAphTtcG4WCvTL19QYGW
289,289,insert,four____,____2444,I8sIl7xC7yUTaCGr5Y3XQs4C0wl029jAtVvxgdaaY8k1vMLXd2Sc
140,140,commit,,,
222,222,get,two_____,_____201,
372,372,get,two_____,____2643,
295,295,insert,one_____,____2482,Hyojol5IypLa8x37qHdyhCgylPMXwzIg4ZgPPLbDgdBbz2U2j4Cl7r45lHI74K
181,181,insert,four____,____1889,ImRz4UvywBudggoyW4XmkcDZbkaNTpBdQO1Zy
212,212,insert,two_____,____2053,UR9y4GvdKmFKb64Lt5PJUljAY6XEaP0fNVyesdIuvk9cKWvNIvcMxLwxreFVjj
232,232,insert,three___,____2148,yOP1mdQHMESN47zCM0T3MJ7Jl79ybn2ncHjIofTrzQIRoreJ00I
424,424,insert,two_____,____3127,sOngF0ANqkWcmaaPXywRDSt2Cs5xCg9s
244,244,commit,,,
232,232,commit,,,
611,611,get,three___,____3545,
257,257,get,two_____,____2032,
518,518,insert,four____,____3597,9Xbs8UpDRJdESk9VjTPjZq7G7mNKfQDsc96eJdW863jaZUDWRFJ8J2vZy2X
311,311,get,four____,____1913,
249,249,insert,two_____,____2230,3H04Mhs7e3crQToHxzUL8P5a63yfpBE3h3Ar5SGjrEQ1uk2zSS5g2dJ
376,376,insert,three___,____2889,uqLlf2NONQjeVFudzqu3Cr1NSdz2ZaljWEGs
198,198,insert,two_____,____1983,F98Al37aOpRNGf63VIEgOfnfq9eyKiGi9LSnSdkeP
289,289,insert,two_____,____2445,ybOeJk53JRP5hZp0EoakZynP2e21P0Uff7IFPyt4HE8klRn
376,376,get,four____,_____935,
187,187,insert,one_____,____1922,VH3xDNX5SQOoENveaJ5IopM8weEAavGVqbk
159,159,get,three___,____1517,
435,435,insert,one_____,____3188,o3RMp3tzbyiJ2LsvaJIULZjK78CSXE0SUoz9
445,445,get,three___,_____252,
187,187,insert,zero____,____1923,jyxsWwNosB3E5FcNo8CXaCb8cxGkXhLkkJ94dfKblEjFV6EgTMUbTZ
187,187,commit,,,
372,372,insert,one_____,____2870,wCX5LEaQbgExcLwDQrKnVXx0yg2Med1F1MNiCcQUJi2W0eO
257,257,insert,one_____,____2273,S9rDphhQ5L8Jp2vtQj9JEaMVt2r8xkQXSi3sHz
231,231,insert,four____,____2139,NMIDnMydKGrSj0qEKaT8fG5K2C0QLHiQ9cZGOwOab2
234,234,get,one_____,____1737,
234,234,insert,two_____,____2154,GURXUFo9mG8Vz8XS6is0kKjq8y3gkBlRCohjiXoyE8WVU5nap2xQibnOWY4VLoFB
611,611,insert,two_____,____4078,LaD4GdkrB1sOgWY1MuMdLwCur8C6WKYL9uP
272,272,get,zero____,____1674,
372,372,get,two_____,_____622,
202,202,get,zero____,_____605,
262,262,insert,zero____,____2303,nvVxO0kSyVWbww7cnJui9TKq5N0ZCXJx7pVgoovPwKQ0UseYhGECfq6Si
430,430,insert,three___,____3162,S85EwICWnbfp3dpa9cxviQHGzu6AbchiNTmG
192,192,get,four____,_____866,
376,376,insert,two_____,____2890,Kpj0kUS8D01qIBcsfqLM9as5vV5KMGQv6BgCxxzg3ARicHvJ3
311,311,commit,,,
430,430,commit,,,
794,794,get,two_____,_____141,
473,473,get,four____,____2352,
299,299,insert,four____,____2502,u3TuEkH7MFqj8x1fbaGHzeF3XkL7HO7x
272,272,insert,zero____,____2342,MR5YMzYoJofvVOyLHCr8eaztLDVQynrUi
262,262,get,zero____,_____372,
158,158,insert,four____,____1766,1jaZn6XiBO3EZvXlkMC0n1g86C5n1QLUCNT2BYVoCF4MYhOx1SZfCroyz
372,372,get,zero____,_____288,
184,184,get,one_____,_____391,
202,202,commit,,,
400,400,get,one_____,____1676,
159,159,get,two_____,____1128,
118,118,insert,one_____,____1566,aIZavIdx3lTYs2sRJECjlNolq6RNi0M4bYUAfYkCLQRtDSHFCalWObNMYcTxM0Lj
295,295,insert,zero____,____2483,UBziz6MUUQSxXppU6B1qh7vjv4MRkbmfjeMf1mbDAi1iH1yZx
372,372,get,four____,____1412,
380,380,get,four____,____1913,
360,360,get,one_____,____1487,
466,466,get,zero____,____1247,
254,254,get,one_____,____1999,
173,173,get,one_____,____1218,
391,391,insert,zero____,____2965,RVKyAl7aamS0MB01Z5Q8nW3Q2h6N2IkpdJJSXlWF12c2
181,181,insert,two_____,____1890,7Xrl4mYVuLw4pyyS8S83ov96SEoKTMx1PYw
611,611,insert,three___,____4079,v94V2u87gvSwif27JACX6mQ0ba6rh879fXeqBo0Um
249,249,get,one_____,____1933,
222,222,commit,,,
166,166,commit,,,
181,181,insert,four____,____1891,FhduBYj2jdp1o59jiHhJrOVMhPNMOVQCFxZQlcFvNVdMywUjcgCbI2
546,546,insert,three___,____3747,jPmF2i9O53trDgOyqA3mwYkzLLdC2UADfDFLnLv1l
248,248,get,zero____,____2103,
537,537,get,zero____,____1923,
198,198,insert,three___,____1984,V9S4Ojn6GzRTEqfOZKhXZ5Cmb62gNFQoMImPHoW7f7WxeFmTcJ0KNpWsc
295,295,commit,,,
518,518,insert,two_____,____3598,I1WHBE7fR8ZkNUmsjkWZQuJpgPR85oqdP6ZrV7I7fvnMG0JpPM1jB8Y
212,212,insert,one_____,____2054,tCxt6TlX5LdaxACjokhRwzohWkIs6NIanNBJYMe2oLXC2ijIkUln9FHucIHeyl0h
231,231,insert,two_____,____2140,zSvW9FxQWiDa1ToNHGKTzSZ9V4cil4qecSgY255HsDWZKrA
289,289,insert,one_____,____2446,QazngXpbbIMzxR4u594Zea5606YZX8kK89M7xb3twn
199,199,insert,one_____,____1989,TaW17mPEbc0PsSYzoSnEd2QdKJGGbGSuq
266,266,get,one_____,____1500,
118,118,commit,,,
794,794,insert,three___,____4970,uHvutjTqeIdskw8kQSxUuw4qRHlTnetGRb4Q7E1d
925,925,get,four____,____2146,
463,463,get,one_____,____2101,
617,617,get,zero____,____1202,
159,159,insert,three___,____1770,kz8Wx78k7ETwLok8wYlMeNDTT3w33eyUejBcAat1W7giwpm
246,246,get,three___,____2144,
210,210,insert,two_____,____2044,awPedxYIGA4T08YG32nO7NRfSYd1CwkvdQTf
433,433,get,three___,_____532,
391,391,commit,,,
537,537,insert,four____,____3702,bqUwHcMrnnclyrsTnnNPIqBrTkizu5jo05bPk
440,440,get,four____,____2266,
254,254,get,four____,____1204,
466,466,insert,two_____,____3349,zR6n79AtGdNAdj02IrplCE3mljRdaSOwudz7Fhs
854,854,insert,four____,____5259,200nZOHCkGeUuhuA9e7uNLCp0seOpMkkISraUCTUx5ylF2LaFZZR9Zfi2AGsV
173,173,insert,zero____,____1841,1JIZrijCeg7N1NOh4ZydJPGf91pPpiXTMAZ836ZURDmNXEnr1F8
159,159,insert,zero____,____1771,nUwxzzU0xpsAugO4bBnEgc0HeOIa7dQB6MeDNZrLjxAz0mNped6RnJ
181,181,get,zero____,____1047,
518,518,insert,one_____,____3599,YM23ICsBW8uVdCU1CbsB8P8qM9QHy3OC
272,272,insert,three___,____2343,HwfbbEQLuUk8JBrThWCcjcAPMg8JH1A9kiLVQHW76Uc1gG6S5a
178,178,get,four____,____1561,
159,159,get,zero____,_____487,
178,178,get,zero____,_____299,
549,549,get,three___,____1677,
158,158,get,three___,_____863,
484,484,get,two_____,____1559,
440,440,insert,two_____,____3218,6oXg1mM39UBcumfIqhlzvW2Ye0oBfQLNN4LHqASjRwruMGy59l
926,926,get,zero____,____2479,
173,173,commit,,,
617,617,insert,three___,____4115,ATIkm06JJyUsHBvcqCvfFHmJdVoWYBOIR3pSmHkHpEFdgyr
158,158,insert,zero____,____1767,UQUpFkRdqB2VRw2CY9nG0Qioj1B0SKqbEYb0S
248,248,insert,two_____,____2224,4cfFgH9LBOx1lQdLZC4jES2mGFKb3n8f6GPv9p
251,251,insert,three___,____2244,2yIZUw1Z52sag0Re6634r9RAIY41mXNWsBOwH2ucId
234,234,insert,two_____,____2155,MnvZuJ33pzorpJL4a4pHzZ7mzvyZDR4eh8ljgw3hXXte5
463,463,get,four____,____3158,
275,275,get,zero____,____1322,
283,283,get,four____,____1838,
433,433,get,one_____,_____120,
159,159,commit,,,
254,254,insert,two_____,____2258,1lblHNehD99MOhGYwuaotLm5e4XMj4T3jmfpWVI2wBpf2ppaHdYypMz9tg2H
258,258,get,two_____,____1840,
283,283,get,two_____,_____471,
262,262,commit,,,
372,372,insert,two_____,____2871,r5mZZXz76kD77MZeSpDDuX60KBRG4pTGwxyXnjaOXGOoXip7UDeZ076uFPW1DXd
518,518,commit,,,
466,466,insert,two_____,____3350,lm0ViGqotynjlN78dsODkBmbzMiIKJMOg3JTnvThnvireQrSowJ3YwVxywsW
360,360,insert,one_____,____2809,20rEqtcJTxzoPlRS38es2xsUiVEGZvBqA6Chi7smHDJg24hnbWtUl7vk5JnKlBO
206,206,get,zero____,____1267,
347,347,get,two_____,_____465,
178,178,insert,four____,____1872,aDKtmxE8oZB5mCcZhgX5sCZ8mQubC9dvI4eJbizmIMmKLRRfgjf2hu
580,580,get,four____,____1768,
737,737,get,three___,____3592,
580,580,get,two_____,____1361,
433,433,insert,three___,____3172,iAE0fm1oajECWWaRZ0g8F1Ifn8rmJtWiqBjoxCwZZN2Nybe20fjnaGTMKbPBlap
662,662,get,one_____,____1647,
199,199,get,two_____,____1000,
717,717,get,one_____,____2964,
380,380,get,two_____,____1915,
466,466,get,four____,_____584,
248,248,insert,three___,____2225,1mGVc2Ta5ORPqLFAyCAB6Yrti6nvnemHlpNlzKci7a
400,400,get,one_____,____1097,
249,249,insert,four____,____2231,gbzrS7LhOTY1td5HatHCOPn0hElYXcaBdKi
249,249,insert,zero____,____2232,Sw5DmjbAODBKrrPhip3gyGWKdApt1ZLyHiVbxAGyFPrcQZrXYAf5
206,206,insert,four____,____2025,lxBZZskOxfVUpc3eDzY56PcCNQ35DW1goOnZy4gPVgif7tWdxj
178,178,get,four____,____1518,
246,246,insert,zero____,____2218,dIRQWtM3nlPhwIlsEA6N7hBTjKaYbpzZ8QUZ30n3UU
717,717,insert,three___,____4605,xunEMBwKeinU4uQHcJtMlM2DDNutTIgTrgaqsny6HTDeS336mAiF
617,617,insert,zero____,____4116,wZE32a2HRlBSuoBDpGp7yL25MSs17AcBKn5qIWSH6lZDDs0INyaddjg5jnzjUx
184,184,insert,zero____,____1908,FYZ4MtWBP0Djzq8L0x1qONj7TdqwFgsYUgoqqM2lw0C
537,537,insert,four____,____3703,SiKQoE8R4qBHzJaeH10F1q8hHhiOLAorXMImNfzDQ9UKYUkOUX62l426Cj
199,199,get,four____,____1225,
178,178,commit,,,
246,246,get,one_____,_____138,
206,206,get,three___,_____434,
537,537,get,one_____,____1160,
210,210,insert,two_____,____2045,ftHjDhHXa2OQk1la2Dbz5QLuCGrGDmdjEuoCvoUq0fT8ncr
372,372,insert,zero____,____2872,ivBq7b028KoQbb5iA0pB557aNUIAa8mUOhCjEqvVU2Zxr1tBOLNwHZ2veFkyGh
737,737,insert,four____,____4698,Xz78NoIypG0HUQUtCjAPqbnoCPi8vKGc1rBVNrBalC
181,181,get,zero____,_____743,
257,257,insert,three___,____2274,6mXV6rpdPSU1KB8VwCBwVfplTYoaGqIG9VX3XZfvZlNlrg0
199,199,get,zero____,____1350,
210,210,get,zero____,_____366,
234,234,get,zero____,_____810,
234,234,get,one_____,______48,
219,219,get,one_____,____1218,
206,206,get,one_____,____1378,
257,257,get,three___,_____349,
362,362,get,one_____,____1839,
656,656,insert,one_____,____4312,Iay5h0iAbEC2nJzngX2qLXgfnzlmyxFOIf0dFmhHS2dJvwsEbSZ
433,433,get,three___,____1963,
158,158,commit,,,
300,300,get,four____,_____234,
372,372,insert,four____,____2873,qqO5jUpPdAqp3RjNjYTkfRUFlLU9pRCCbtozYc6aj5uRwRddYC9mvTOsT0ZYDorN
214,214,get,two_____,____1765,
249,249,insert,zero____,____2233,ox7WWgh0qGVpBPjH0BKvtbpPSm9KJZP61h2pIBPyNr39ALGyeABap5hnmkcVdzDO
254,254,get,one_____,_____959,
234,234,get,two_____,____1398,
278,278,get,four____,____1872,
737,737,insert,one_____,____4699,4Bkb49mQrKTYGowbe2iAsVpblRVMWfLPpo
198,198,get,two_____,_____646,
400,400,insert,three___,____3006,VpmCuvK4ZhlFPojuAe7L9CAsJmsAf9pbBswpLOHrfAnLmJhEqLl1Jt3vJiW5EE8
219,219,get,four____,____1096,
214,214,insert,one_____,____2064,aTYc7LferMS8BcqPoVNli2UGUwXQtbBZ6A146Cpt9thGLfmlepdHVn84C2x
275,275,insert,one_____,____2365,xkIXdgbDwpyhCtgJ3ornEq07hjklq965xJTWfyJlU3QhUgK
212,212,insert,four____,____2055,zJYpWA7W1Xy6XauKA5zsc294RdUKYz5PTdc
214,214,get,one_____,_____645,
248,248,get,two_____,_____461,
184,184,insert,three___,____1909,dHCEUe3DVvQDIpjTzo0pTvK2giHMHhrIwrh5dbv2OajjLeK2yEjhrpDVXWGNuP
372,372,insert,four____,____2874,7Z1c6UJ5DLCBPlhnRmwAR4VnMIrkmua0q0QyLDUDr7zF8yb1YWsMEm8NHTV
257,257,get,zero____,_____527,
299,299,get,two_____,_____510,
537,537,insert,zero____,____3704,yBYCBpZRmT9kr6gOcB3S4wOCM27LqUS784uEDsCSt8GkPWt7fh7
181,181,get,four____,_____167,
537,537,commit,,,
272,272,insert,two_____,____2344,CvlumK97DFCQWcRGvMSPzt3gdAmHvQGic9F1409J5cWMO
580,580,insert,two_____,____3921,rfcvix8mfU5C30PAYWYawSaAu57tkMIx8kmt0DgiPtykcw7rtC7zLYuo
277,277,get,zero____,_____605,
214,214,commit,,,
210,210,get,one_____,____1566,
251,251,insert,zero____,____2245,UuzUvJqsm9RR3pp3evozSRTFqrUqTQUE8fmNVsa
212,212,get,two_____,_____355,
549,549,get,zero____,_____819,
466,466,insert,one_____,____3351,nKUgknkbzWSeD4IqjoHxZinVeRhWRwKJB7Y
219,219,insert,zero____,____2085,Wa8uaQrzv19V50jGQqG6cg4CPLut1idprRnXNrKs79Ilt2nizmBMz0K
617,617,insert,two_____,____4117,g5N7ttIbOiVkIflXBLwNfzgEVMfPAYNg2qraAlhpej
611,611,insert,zero____,____4080,h4oAPFemEQtOsRpiNahADjw9thgVA7Zw3WsgrlPIGxHpNKif2jvaAIfohV
300,300,insert,four____,____2508,EnzWnThEW6N7qtNHAuSD3cIdyBgjGd8T3crkvIiFBsjYr
372,372,insert,four____,____2875,Y1563sBG1TdOBM3ezqDLV0uVhzk82cjneheGU70Pws4JXwwZjV
504,504,get,four____,____1919,
580,580,insert,zero____,____3922,85WQgO6S7kChFCBP8GF3H5Z8tihZrBgEVfGjQJsDkR3mlZLJFvP53hHZ45iQK
400,400,insert,one_____,____3007,irkb7AJYGCNaFphwAovK2t45bNvOoMB1
248,248,get,one_____,____1409,
206,206,get,one_____,____1728,
347,347,insert,one_____,____2737,YV6T3f2rU8bskfm8ZhVDiOUMORNOOIUuwGLC
272,272,insert,three___,____2345,RtueUiALeXgRCQ8qw6V9KsZDHNeC7xjCAycTIoDI8HTgxhM
198,198,insert,one_____,____1985,kTMvX0X152g02NqDGcfc0EJWInv7IiGO6Xv67KFFGqfKFHj2
277,277,get,zero____,_____470,
466,466,insert,zero____,____3352,Q6SHNvJ4s59Nlh0IQ3UAYPiAEap4085lx9lpzAUCQ9Mm8qR3DSy0SM
466,466,insert,zero____,____3353,SIoguKYfW5KaSYK3a12lM3sYXuHTlpiCy4sbR2xlfGVSHWypW
362,362,insert,zero____,____2819,naMlcIgCUtdqXdeE96CFefr39hykBNseneiN3NxdUvYyhWKcDiNZWsHUgmVo
299,299,insert,two_____,____2503,bMHjwGuPn8EHiX6Mt2mqPUcGuMidEeSQ4DJFtTNpWjqi1XPH5rBXj1
347,347,insert,one_____,____2738,f5v9EYjtjKNrvXNsruFntGCltHusQ8essOnRQKRHYKc
275,275,get,one_____,____1265,
802,802,get,three___,_____863,
953,953,get,four____,____3701,
249,249,get,three___,____1799,
617,617,insert,three___,____4118,aLRvEEFRE83DrvY2bM5IG4mIe8NkuscUD3IzbIJTrGjzC5grTUXZajT1QS8T2kHY
249,249,get,zero____,_____174,
219,219,get,two_____,____1121,
198,198,commit,,,
297,297,get,three___,____2062,
181,181,insert,zero____,____1892,EowzsJzm68WGrnxxGHufzvy1ggGtiI8tikG3SB3Avzcl
231,231,get,four____,_____289,
162,162,get,one_____,_____876,
424,424,get,one_____,____2064,
234,234,get,zero____,_______6,
526,526,get,four____,_____962,
237,237,get,zero____,____1769,
210,210,get,four____,______38,
258,258,get,four____,_____357,
275,275,get,three___,____1028,
347,347,get,one_____,_____207,
794,794,insert,three___,____4971,6I4TrIWgwCINZEBsAaiel5XVtD5W9k1fdVFH0VLDAwWh6yCHP
206,206,insert,four____,____2026,KZVA5IAffp7Rse3qhar99QVmocoN4ZLVhtknECLepZvsh8rikPR
758,758,get,three___,_____865,
526,526,insert,one_____,____3640,9DHKctueiPyfcIpVGUrzInWypW9PpHWbqarTsSpfEe8
347,347,get,four____,____1501,
611,611,insert,one_____,____4081,xJVyuHMMOvSMqC4C6lslXTeebN5xoN31cceggoZaBZUO0hjarasaG
212,212,insert,one_____,____2056,tHMkcyPSmLYYHKw13Bkr3QKrx4Z53KoT1BcPf8
251,251,get,four____,____1783,
272,272,get,three___,____1243,
953,953,insert,zero____,____5736,WG4rjiqN8JS8xrCea4ZR3jUufMhbGm137ye8qtkUkhH0bbMLIUI2UYdAbZiY
275,275,commit,,,
212,212,commit,,,
345,345,get,zero____,____2301,
433,433,insert,one_____,____3173,Lt7kD2X0ryufg2YjXvB5WIrKb7aLKT7VsaOgWffcoR8hfQqzPY2E
249,249,insert,two_____,____2234,LAs3xx36B7tDEc67EPFQqK4WbDGFdjwKyNNODiZhIAYzO5sDNY
406,406,get,zero____,____2303,
283,283,insert,two_____,____2407,ONIFuqv4WsKS8Kn7lrcS2ras2KSCVVaYE0
513,513,get,three___,____1028,
299,299,get,zero____,_______8,
345,345,get,three___,____2552,
380,380,insert,zero____,____2906,afXKjvJZqqUbLOQqRch2O4G0JjFmmJj4u5lgiPJssQ5wIDzZxxiUU
360,360,insert,two_____,____2810,Ns2rPmr90n9lR0itJPXAO3JcShGlzTuTIED147
277,277,get,zero____,_____734,
231,231,insert,three___,____2141,ZpZNWVE3qjebUszrelGIarlcnKW0ojuHFtt
239,239,get,four____,_____415,
822,822,get,four____,____1628,
210,210,get,four____,____1037,
297,297,insert,four____,____2496,PxJmZeEoWUeLJA8iSyMC7cr6VyO04X8hsdsGo3
181,181,commit,,,
223,223,get,one_____,_____127,
219,219,insert,two_____,____2086,GBjzAOFKwHkRZlL8phC3shfQX7MXqYmjyfohmR4uYmbcyEzTUVGHVA
231,231,insert,three___,____2142,hRbF6YUODvujVb3vFWcl4Xfb3Fwl0YcEc9SLMSUunSLryFX
254,254,get,one_____,____1413,
249,249,commit,,,
300,300,insert,three___,____2509,b6mvmrKA6hwOwgJPLvzq1GIThK9VCInyvpl0RidaDNVNWPSNZwQz2psGVJ
300,300,insert,three___,____2510,TuXqb9OgWzlTdLlAPTeEVAZYciCYk4VhTFCGeKLBN
429,429,get,zero____,____1887,
283,283,insert,one_____,____2408,Q6cryqV91SWtqEj44mcQFJhWfwcfGkXiF
248,248,get,two_____,____1019,
239,239,insert,two_____,____2180,bHHDiAQuRPXSLqtx6aO2hyN9wzcG5F7Dmym3ggIcczefWdYQox8llB0xyO
953,953,insert,zero____,____5737,80H6OER1lXgDZOQ3ycS8OC16fXztLKtDXmFR207Q
162,162,commit,,,
541,541,get,three___,____1799,
526,526,insert,four____,____3641,N7JLsHdQOGXnW4FBeBC160BvDNrtuUE40tKg9PzOH3pMGD4OU43Qz
271,271,get,three___,____1551,
268,268,get,one_____,____1789,
372,372,commit,,,
552,552,get,zero____,____2233,
283,283,insert,zero____,____2409,uFRnroPBiOjtUVoH0GQxiD8Wn0DiDCa7AI2IIMdnGcCUZSxu
838,838,get,zero____,____1973,
250,250,get,two_____,____1439,
475,475,get,two_____,____2053,
327,327,get,zero____,____2363,
179,179,get,three___,____1450,
199,199,get,one_____,_____771,
327,327,get,one_____,____1258,
223,223,get,three___,____1146,
327,327,get,one_____,_____244,
277,277,get,four____,_____822,
184,184,get,four____,____1479,
758,758,insert,zero____,____4790,9hon4aIkILNRKfZNiNaRV7DB7Xbgx96Ht8bfKEwSN
424,424,get,zero____,____2456,
184,184,get,four____,_____245,
257,257,insert,one_____,____2275,K1eaUBm5gmrw0ieH6iJV3weveaKN15HbWnU9fPRbP5b31vBLXYSN7rQZU8w68sh
223,223,get,one_____,____1309,
526,526,insert,two_____,____3642,e1mfvdOnLrVvd3cA0Z3CNp1rmeml82fgumf2LK8wXE8j
571,571,get,four____,____1412,
552,552,insert,two_____,____3787,zAhHN0pFfLnCrMzk7g6OvGo55qYnMNzFhxwKkF2
192,192,get,zero____,_____299,
218,218,get,four____,____1889,
838,838,insert,four____,____5183,yPQY2mPeIDOg2RHgIpfviOILhD0KgbAQOev8bQ7m2702UW0
199,199,commit,,,
240,240,get,zero____,____2051,
360,360,get,one_____,____1224,
268,268,insert,three___,____2324,ZdeWQwYv03mCExvaxdo8yLNqbDBMgSmEmqhak8g
192,192,commit,,,
283,283,get,three___,____1400,
210,210,get,one_____,____1423,
258,258,insert,zero____,____2281,HBbJ4FONbH2lunshUVjwyjmgYWjX3vL2LXnyjT8U5a5YYEedRu2NZoznTINXut
254,254,insert,one_____,____2259,owhE4xrXe8c5g9XvMmiwidghcN0sb580Ic
545,545,get,three___,_____974,
283,283,insert,two_____,____2410,mlSZ1JLlHOXAlr1oEnakheshUruUaCroX2x8ZdrFd5jS6oh1EExBxH14TEAfda
347,347,get,three___,_____997,
184,184,insert,four____,____1910,h4U5ZV7xs0ydGxZ6tpezeRgVgs9O7jqpiwatfjhpQLUfSHjPWD
250,250,insert,four____,____2241,NiKv9wROgUwRrHmHKo4WoSmDUwMzMaOf0I
216,216,get,one_____,____1986,
300,300,get,two_____,_____593,
350,350,get,two_____,_____816,
206,206,get,two_____,_____698,
429,429,get,four____,____1561,
218,218,insert,two_____,____2078,2gKpH1lnUVSYjLdljMwYYPez6mQR3yUAzCNRmJjBCAuQf
283,283,get,one_____,____1260,
475,475,insert,zero____,____3393,cAGZUnGKU9BI8ro1FKcTkzJRpZ9xoS3rRqGLyJ3XgI
421,421,get,zero____,____2102,
327,327,insert,three___,____2635,rXEa5cKZiTrj3GDhSvq9euI36XN7npLWK9tmALmvQYgRTRpxQF0OBcWgR3Qbmnky
219,219,insert,one_____,____2087,zGTEJILZPB9TlviqNWySXyekujjoDn5iLYmuU1Dwca75pWaXE
277,277,get,two_____,_____581,
308,308,get,zero____,____1645,
360,360,insert,two_____,____2811,h3lzimWmf26mM4yM1KANLwLqWwARZQqFA9qHzf6ddBsd72MCBuJPrBQ4Hhmxz
219,219,insert,four____,____2088,iWJVKtCZ7dAdaI5jWLtBn5VZEQRScE6ztj6C
300,300,get,three___,____1549,
218,218,get,four____,______41,
268,268,get,four____,____1868,
277,277,insert,four____,____2374,tUtHSBjgNUTHQhARYYhRQZxhB7x4NcHLiNNPdR4
254,254,get,zero____,_____476,
545,545,insert,four____,____3742,yN5UXWHNqc4ijaqKekfuWLHSjfqe2WDJwgZmqlIIcYxHtpvr5D1AUyDJCO
239,239,insert,one_____,____2181,1AcEbYGqnkbeXFeprsC3NS9ehqOlfYs8BS3f4hl5AU7YXeQh4R1u9xr77
231,231,commit,,,
768,768,get,two_____,____1000,
210,210,insert,one_____,____2046,O6zrc2qNGnlLCzky3bgEOqOngGThVM00wntaHqeU0y
558,558,get,four____,____1891,
466,466,get,four____,____2298,
223,223,insert,zero____,____2104,Juh3vNlTuEgDRxPkCoWez6E2qK3bcMtoI2GyIo
869,869,get,four____,____1089,
571,571,get,three___,____2481,
268,268,insert,four____,____2325,poAy7fagNLXCAokgEuTjXOSbh8yFdkjnebgSY0is2gHdDBWg4Tf5iiSxY
347,347,commit,,,
277,277,insert,one_____,____2375,AgPFNR22cTPPdDbKTDznI2f1IDUMaef56HOngSnhrDwurjWydZ3BkjM2mISVev
541,541,insert,one_____,____3724,ax45dunUavAnsjQDCJEqtJ0JpFN5VH33jxgl5W1PC
223,223,get,two_____,_____318,
314,314,get,three___,____2141,
219,219,commit,,,
308,308,get,zero____,_____644,
552,552,insert,three___,____3788,ufjxqCLidcm8znTYWCQPWRxrBEDs6Q3dviZhOVFW3V
297,297,get,one_____,____1048,
300,300,get,one_____,_____453,
914,914,get,zero____,_____288,
475,475,insert,two_____,____3394,cYMDlqXiau6NPCoF4EzjuVna2e0qX4kMxkMbl00dsRF8JgjJzsf
250,250,get,four____,_____986,
195,195,get,zero____,_____743,
179,179,get,three___,_____555,
513,513,get,one_____,____2870,
300,300,commit,,,
380,380,get,one_____,_____783,
250,250,commit,,,
218,218,insert,zero____,____2079,AnSeWITIg0XLbeKJAE384RGY0uWsz7UJIfNlfC
206,206,commit,,,
421,421,insert,four____,____3111,Kd3HsFyOw0tKfrt6pcDCnA2qbmh8SUvE
215,215,get,four____,____1947,
297,297,insert,three___,____2497,52mGkqdb67OgVjsLnEBAE8cXpVHOnFZH6u3OS5bertKayF44
184,184,get,two_____,____1490,
541,541,insert,two_____,____3725,fkXnoi3TzejhD0OOXh2G6phTjHA6ii3blz7rfi39B9zkEyuEfn84TKAXnv
493,493,get,two_____,_____698,
215,215,get,three___,____1363,
350,350,get,three___,____1834,
227,227,get,two_____,____2084,
360,360,insert,zero____,____2812,24BwyriE7BU0sLXeLdB09kbg9rCDO4aLWNHYMWqHk0CTWY0rIWlbHA70uGC
627,627,get,two_____,____1121,
210,210,commit,,,
433,433,insert,one_____,____3174,cFuKbVIcv1gtY9mKPGbUISoa4duHD3nBay372Tl0SyD8GVkoEKaUL
545,545,get,zero____,_____731,
526,526,insert,four____,____3643,PsTK6QVlizeBJN89lsbvO7vC38eqz3jayvt3U2YPVeZQkhEsh
305,305,get,four____,_____986,
548,548,get,four____,_____167,
216,216,get,zero____,_____193,
736,736,get,zero____,______44,
552,552,get,four____,_____351,
227,227,insert,one_____,____2124,DDxEe5L56hqEwv8CnJHJ5Cqpq4AkLSWvRLEeEWNsyy5gOMaOrEeBfMHPjB
758,758,insert,one_____,____4791,XqNHoGdErGyXLRWAfpCrJuOIDv5RsqO6ckjUNVmZm9Pz
332,332,get,three___,____2507,
548,548,insert,three___,____3761,L0EIUNOTkWdBKWjKAsfQUEhVFLjyjyAcebmgS4m8whjRnwnbrhK6DXDJiPyayKhH
571,571,insert,four____,____3875,XlNeJ3JcwZlfb7e2zxxRGYB7FViEcivyhmCfUfhbbLJchjOe
308,308,insert,four____,____2543,DdimG00roKQmsNqON56SROZ8b25u9o9acH7PAdPrwles6AilWFRhQiWSy
240,240,get,one_____,____2035,
184,184,commit,,,
195,195,insert,two_____,____1967,wr32prKFOtd5WVDL884KSe3niwfYFACrVpffWbnxwkB
227,227,commit,,,
218,218,insert,one_____,____2080,Bn7p7y7ZWhk92VNN3hcGZwWtwTUWERM2oyceUSMBnNdwIS1DzV3y3kI6wh6
548,548,insert,one_____,____3762,akavZzZ63rkYerpSLP8SePSybDcZgzcCbpi2kZoe9l7V17HsmMT8zjYy8xeeLhE
736,736,insert,two_____,____4695,H1pg1uhbfBjRhO959LGKPyTuvy0g73JK6aeOHs9
277,277,insert,one_____,____2376,JgA75t7kXpWRPCN5EClHDAzZEWlHB3f7Ph
571,571,insert,one_____,____3876,AvweeMC48uE1vyWKP65TtBSY7keDRyANWiJkkVUYiBD5ebzu8
233,233,get,two_____,____1527,
319,319,get,zero____,____1350,
546,546,get,three___,____1906,
424,424,insert,four____,____3128,KlEiLz1HWFKlAnzzK0LaEobikVQ9mBNFLk5R4ByAnuNvr8Yz3JG
268,268,insert,one_____,____2326,HqUx4gMQCgBgBzMDRgPDpp1H7VWNQm7OOgXDqWP0Y381yAMCGC3sTBL8A7
195,195,get,one_____,_____403,
475,475,get,zero____,_____749,
869,869,insert,four____,____5325,GuAehIACiTJ2tHHkUd1MiLD1b0hRr9NCFxRpkdngcmItJgFHxd
258,258,insert,four____,____2282,f0IwNrOuhcLCnoyRTv8bNda2doBacCBWviSmIVVgy
277,277,commit,,,
268,268,get,one_____,____1495,
627,627,insert,four____,____4176,y0xGXBdNNpQ5UOGZKfgWsORd8engMlU1lq6sfqg2SRcf7QwqcAf7yl1bcOZN
421,421,get,one_____,_____857,
235,235,get,zero____,_____366,
319,319,get,four____,____1253,
475,475,insert,three___,____3395,YPRwfaKDshtXdG61m0UOYX0H4QIAqzhTpZ
215,215,get,one_____,_____407,
258,258,commit,,,
271,271,get,four____,_____356,
240,240,get,four____,______86,
466,466,commit,,,
546,546,insert,three___,____3748,DkZ2nFX3nm18XYGuT9uztgvXFrtw9KcLMZuN4KD0U5
254,254,commit,,,
261,261,get,zero____,____2203,
696,696,get,three___,____2205,
424,424,insert,zero____,____3129,Ho3zffZ2U13EmjayIhdKZFxf8an2p6FyYzC42SQvmufs2ZMX10SMtQ9MP9yRcF
345,345,get,one_____,_____959,
218,218,insert,one_____,____2081,5zcNXM905AHUbJU4cOGhrXzBeIps2EKSFHT88q2YPlT
526,526,get,one_____,____1654,
195,195,insert,one_____,____1968,btslii3spbd20E93CiUBNRFHJPv0FFVokPYsx
296,296,get,zero____,____2278,
473,473,get,zero____,____3352,
240,240,insert,two_____,____2188,jAk6X8OQ1W1qCe3l6g6E5uOUsaVdDdyjX1HrS41
271,271,insert,two_____,____2336,M1HqOYTYYgPLoGjp2TvnjLCkDOuf8YDAFNSIuhssuV5SWWc94QfeQeqM2XlDL0
319,319,commit,,,
314,314,get,one_____,_____695,
627,627,insert,zero____,____4177,NSQELyIFDZuhkMRhrtyyqaPHw83oFXdWWqqTV5AFa5l
491,491,get,zero____,____1978,
253,253,get,two_____,____2138,
239,239,get,four____,_____730,
332,332,get,two_____,____1221,
320,320,get,two_____,____2589,
195,195,get,four____,_____442,
433,433,insert,three___,____3175,rIdnWK2wjhHI2LGQQCXWDlR0fqb9VwrP01xyLgvQtfhGNrbjM5yAB
380,380,insert,one_____,____2907,MINHr8KQHTSLZIFostHHW9f4SifLumjWkgNQ
223,223,get,three___,____1918,
310,310,get,one_____,____2235,
225,225,get,four____,____2026,
306,306,get,three___,____1511,
223,223,insert,one_____,____2105,0TGXx6I0QZXszwZC5oNa0Yo6e8ruKBfMoZerEZl2v
658,658,get,three___,____2371,
724,724,get,four____,_____822,
415,415,get,one_____,____2259,
310,310,get,one_____,____1603,
696,696,insert,two_____,____4489,7crbiZm0FeKwcTdE1nzTiMt7sEydoiekRB5zVHFi3sxNSPl8iOuMlyFQ
229,229,get,zero____,_____511,
298,298,get,one_____,____2046,
216,216,insert,three___,____2069,6e0uwi14Sgmuiec2fzHwEPrDORSu2Ab85cXRg0N4GV1PWT0C
179,179,insert,one_____,____1879,1FhXnoDiYqMN3BYiwJNuswrSKLGVBrl7KPK9arnSr8cFQ9
298,298,insert,two_____,____2499,lLs9U1VchW7ZoUzbggVF1yi2Emu9GqZzsdHnj
354,354,get,three___,____2279,
314,314,get,zero____,____1209,
228,228,get,one_____,_____179,
380,380,get,three___,____1393,
233,233,commit,,,
195,195,insert,three___,____1969,jb0aIr69xPKlDzG1xwjK8OuVKJCATr2rqSLMq7HOA7UvTAYb9
658,658,get,two_____,_____793,
266,266,get,zero____,____2254,
283,283,insert,four____,____2411,2dz69wm5CN8bURycLHUSLRNtxhSrPxvfDvg
213,213,get,zero____,____1907,
213,213,insert,zero____,____2057,EWprHFlpOO2oXbVDHLMgzharX8Re3QX49taOZ
271,271,insert,one_____,____2337,0UP4hP8mgcp7P3YUOadN8gHAuo4OTPIPZUnTD7Hch118Ku3
310,310,insert,three___,____2550,e3ysYgoTJkM6vyyWpN3Nf94lkpQFsv3YvXyTEMMcEZIrWzIeIFs3PMb
266,266,get,three___,_____900,
350,350,get,zero____,_____492,
218,218,get,three___,_____618,
310,310,commit,,,
298,298,get,zero____,____1893,
240,240,insert,three___,____2189,54yalPC8YWw9NqSqKCrknECmoYH8zTkmUl4zFMXLO
360,360,commit,,,
223,223,get,zero____,_____587,
473,473,commit,,,
245,245,get,four____,____2088,
415,415,insert,two_____,____3087,MH92aDBrjSyJdEfs5uQcR4LOtYUAHFxM00KXH0Jep3vEK4fhctiiDLug2IhKju
218,218,get,one_____,_____303,
350,350,insert,three___,____2752,YI8uuXwliAuZ9XKhPpfbQmxTuWLDtohfzbCKwmQBh
215,215,insert,one_____,____2067,Lz0dp0Ai4T58oXMyTW91Jsr0z4A5BKhB3manLT8KHSbx3fssN
261,261,get,one_____,____2049,
403,403,get,one_____,____1413,
938,938,get,one_____,____2150,
308,308,get,two_____,_____614,
213,213,insert,two_____,____2058,87agSfDJOcxgHZTuNIyaogQoLNew2iDevpk2IU
271,271,get,four____,_____558,
260,260,get,zero____,____2239,
298,298,get,two_____,_____369,
354,354,get,two_____,_____543,
229,229,get,three___,_____169,
913,913,get,two_____,____2153,
223,223,get,two_____,_____992,
415,415,get,three___,_____840,
354,354,get,four____,____1138,
306,306,get,one_____,_____891,
213,213,insert,two_____,____2059,MormHsjzLt1Oq3vsjBuXWmilu5SaOCVoTpVe0HV
403,403,insert,four____,____3019,2V0Np16weYdwZraSazy6GtN8r8q86srssFHRECKN
938,938,insert,one_____,____5666,wTCksOvBZjZqGLTaghUlMN565pN0XWBUxCJ8nK2tHiQqeKp2WlLnPkV298p
215,215,commit,,,
403,403,insert,zero____,____3020,59H5NYiPXxLsENfxcdrqo8wNqZ9Wl5EMJX4JaKqUApBDkbf6hYmr5hBUoF4W18Py
530,530,get,three___,____1352,
415,415,commit,,,
225,225,commit,,,
305,305,get,two_____,____2533,
241,241,get,two_____,____2140,
426,426,get,two_____,_____581,
195,195,get,three___,____1669,
195,195,insert,two_____,____1970,UFjZeZknSIhbbuN8SAqwEjkXJhoomIXDymxV8n37mSV6V5KBSIoTl9HKzJR
241,241,get,one_____,____1100,
350,350,insert,three___,____2753,aVNOP5lmIflVCMYxwK8t6O9Mnqt4oblDuFbF4PyiWU6QkExDEKqH
223,223,insert,two_____,____2106,5623GiOFCuOgfVvSJ4P2jKqiYaZxpHdCImUTqr
253,253,get,one_____,_____708,
268,268,insert,three___,____2327,SYcME7SflK4VehTZqdaZoakilqAmdpDQaZ6Ojzxu4bYBbn65
179,179,commit,,,
297,297,get,four____,_____621,
240,240,commit,,,
314,314,insert,zero____,____2568,1Sf4zayPqhdnjxCug4KQiXdbQzpgNnKZ88svhtcS7t5wRu3LDVBXXGZxLIyky3
253,253,get,three___,____1981,
228,228,insert,two_____,____2125,rwDgzb1qXnGZ5G5WkycnciemYTBIj5P5L
268,268,get,one_____,____1421,
308,308,insert,zero____,____2544,0XI2gmwm4xW5n0n2UpeSEdiVZO8bIbIH2KJ5FBA6FFTzG
298,298,insert,two_____,____2500,5O6wBVbkxzbqMl7qF2ouFkVZoxHbXBdYUJZcGqiQCrvZQsbyU0674q6MQk
955,955,get,zero____,______45,
268,268,get,three___,____1163,
548,548,insert,three___,____3763,LM6itZAXT3WROT5tp0OBcMGAyT0pG7buvmnbunS4a2yDZ8MqcpSYzTCt
955,955,insert,one_____,____5749,oT4WC4499Le5EAhXVMZaGS0UDCqWwzThOSET7U2jvdTWnm
530,530,insert,zero____,____3664,ts9XxKOq5YH0CeRYQer0LYyajjhIBwW80Xdt
493,493,insert,zero____,____3479,aL7EUwlBTCdNqjlBnct7HNLRqqAQdNwaxTTb9Lfldi73Sk
218,218,get,one_____,____1544,
337,337,get,four____,____2187,
566,566,get,zero____,____2111,
261,261,insert,zero____,____2294,Ne2D1vh56G0WQV7dAjbJIr6IdVHvmrJ9XmjAZoMollKXVITCe1b7G
296,296,insert,two_____,____2486,wdwZsIqI89v0iUXXVFyNGtTSk3M5gjZqHTEj1l0jDewpqe8MprCTjXdyyo5
332,332,insert,zero____,____2658,HG4mnQIMdcXKtIYecfmrWFOU0hXq3znUC5Tcw
380,380,get,three___,_____836,
216,216,insert,zero____,____2070,xYSbw4vrjEC7Klz8qrVBisUYFtQoteU1dZPad4fiXGmaL5obD4sug9YGmo9rGpp
591,591,get,one_____,____2376,
631,631,get,one_____,____2235,
303,303,get,four____,____1037,
260,260,insert,four____,____2291,pLQZqQ3wT0W5WxCmXJcYQ24S8f3CZfZDItniZx41bTL33Vu7lMjx95rTlA
325,325,get,zero____,____1436,
442,442,get,three___,____1450,
938,938,insert,four____,____5667,MCPnhYTc5AfqGpi2havZbl3MrMAOouxKox9v6pmGgOLG
493,493,insert,one_____,____3480,TrbgoYnQpEZGEH75iyinEc3yfjVTJ7j7mp2oMr64DPBlxFPQf5Nx
261,261,insert,two_____,____2295,3MLRq6yjl9bBug8haaIz9ahYrXsCfBqa9EhR4o10UZDbNZItPHtZFBBKpB
303,303,get,one_____,____1125,
239,239,get,two_____,____1316,
303,303,insert,one_____,____2524,sXOUpq92JOmnbP98LA7suLXipviDSSIgRISQvKfMJIglFMWZp
403,403,get,one_____,_____728,
218,218,insert,zero____,____2082,XtEXggw6maM40BiMdLGwu4BDdB1XArcu3llUEcytzUfHzELB7BnxWBS0
303,303,get,two_____,_____571,
271,271,insert,zero____,____2338,0ujl5mLaef4Giv0kjHkU18oljuXN9MuJZUrOE3
491,491,insert,three___,____3466,SOlTZrVBtEqkN6emAOx2dF9U4KFZvmrXffwD1rOjA
308,308,get,four____,____2090,
213,213,insert,two_____,____2060,ivTwj0cww03i5fH665LNvK1nHWmPQX3C3Scu46CZFHb3d7sVnGr93Pq
266,266,get,zero____,____1195,
239,239,insert,one_____,____2182,igfh6pX0nuBvZwQvDtSV8SLvpt4gJkWXkQjntQUtYRfY5EFYcgpDrVTg6nB
223,223,commit,,,
332,332,get,two_____,____1796,
955,955,insert,two_____,____5750,odmNYMBWaHbFi8tBBLB2OettDhK1q2Aw0eSUMJEcGu4CSh0E9c
455,455,get,one_____,____1467,
442,442,insert,two_____,____3226,RPEbdvKPZhQzzVe6AKED5fb4q8D1u9WyMDJNbx0HnrHJtS
195,195,insert,one_____,____1971,ESinKt2dSiPL3XkUc3pTMm6OomBsIhJrTHvs
938,938,insert,four____,____5668,sfq2a1NI4HrFrbmSS0gETY84iQ0kxbclMlSwAOqQ7I6iRz9
380,380,insert,four____,____2908,8vVwC5hYr2SKrKHFm1TYiyMMAIl75DIwc8
239,239,insert,four____,____2183,BKvIRFbAufOjAj237ynMfeKmfxesj4NKxK5OW
252,252,get,four____,____2026,
213,213,get,three___,_____604,
216,216,get,two_____,____1681,
241,241,insert,one_____,____2191,TOK4NH0LGnTi19AWE3FkfYswXjZtrNoQI4do7gk9t9BQQ
296,296,get,one_____,____1747,
631,631,get,one_____,____1697,
976,976,get,zero____,____3352,
245,245,get,three___,____2151,
548,548,insert,three___,____3764,MKNUKbfK7dXoPs3jVQwrGRg6BC5mi9VZqJzVZoCv6U0foF
283,283,commit,,,
213,213,get,two_____,____1426,
305,305,commit,,,
421,421,insert,two_____,____3112,VYwP44l72bxK9HMcbOijaiIkTAUemYwDDCJgqjP8rn5myIx54aqCaeegKzw3bKW
268,268,commit,,,
239,239,get,three___,_____536,
421,421,insert,one_____,____3113,u77cHNmxNgmeWKLUk1jfFQbCKT3nmrUITgDhakDWGw3quVA6ZB
354,354,insert,zero____,____2774,syZPVrVwLEvdODBCaTIIspXqGdAjJ6kVNoHMi51UNhKD9NwSl3fx
296,296,get,four____,____2416,
325,325,get,three___,____1223,
253,253,insert,zero____,____2251,wjTVj14VDdPkL1T2n9d7ebVt5sRMHX5cR3nFH
824,824,get,one_____,____2115,
298,298,get,zero____,_____195,
252,252,insert,one_____,____2249,Np50qjvAorcVUj97Ex1W6NUtiDZZPLAuht7sHMxrbmglxVb
403,403,insert,one_____,____3021,yVrIiYbE3kHTIQuPDygGiRBoWgB3R46c2K2Y1LzSUDO
271,271,get,four____,_____597,
260,260,commit,,,
229,229,insert,zero____,____2132,IngZDu5DwAOIKhQAKE7HkVEo1EYK2CJdfmKbzqG6A8qFu7ihnGfAQzHPaBE7wBGt
302,302,get,four____,____2325,
566,566,insert,one_____,____3849,BpVytoAvTlkXU4X7xB2ptyqlnb0JRFyKA
253,253,insert,zero____,____2252,ZpxcwcMo0fNHkJskwJwdkEcZS9Upaeslf9E
296,296,insert,four____,____2487,LTj0Womow0SL98w0oTDXFSMPE7lAl8IFmdja4Z3sJlNFc
403,403,get,zero____,____1488,
418,418,get,four____,____2289,
317,317,get,two_____,____2185,
442,442,insert,four____,____3227,lvW7wRG9ckVcWgcfBukvL7KM1qF8Lr8KqI6XMxb8eSGI
216,216,get,zero____,_____800,
296,296,insert,four____,____2488,sH0WmNMB2H7hlAXtL9Kcb3T12Nxw2ZbFrASmDl9Gm6pW8Du
213,213,get,one_____,_____291,
234,234,get,two_____,____2044,
239,239,commit,,,
442,442,insert,three___,____3228,n0AVHjZu7Jugy0vEcmmXUywRVAFbuhaIAHH6p5apdM1t
296,296,insert,three___,____2489,NE4iGbaABvKFs0NzdxYtx7rld52018RVJ9plVXM4M9FNMrvwEUvB9KtI
241,241,get,one_____,____1297,
354,354,commit,,,
216,216,get,zero____,_____664,
297,297,commit,,,
299,299,get,one_____,____2181,
266,266,get,zero____,____1554,
252,252,insert,zero____,____2250,vQQpJ7XauwMDt8WjW3SUCU3aRcjY7mXkEvQ1
337,337,get,three___,____2072,
213,213,commit,,,
350,350,insert,four____,____2754,kZ2XFI4LMrXUr4gadMbwxUVhKyBLMVWBt1HTE1OALu
314,314,insert,one_____,____2569,twnGRbqRGDqsx1dVZtWezuMtrTbqvwFe0iW4qFeQPz0q7kt3EYex
306,306,insert,two_____,____2535,DNYXLMDjxICNv1KiM8S4o1S1IqjG57zrn
668,668,get,one_____,____1495,
548,548,insert,one_____,____3765,NxQ8fS1F8059QHqpeQ4imb5hsCrQGfBiN42HRRKh5f5mhQgX0udciPRMHgs
229,229,get,two_____,_____766,
748,748,get,four____,_____415,
955,955,insert,four____,____5751,hLceFvWhI6geRpaMVqgacsum3NPKP98P
296,296,get,three___,____1624,
350,350,insert,zero____,____2755,xHiYl6Njv1NuNRAr7PVxkh8J9zbMzzaO5
320,320,get,two_____,____2288,
364,364,get,four____,_____866,
403,403,insert,two_____,____3022,b9c1ivFI9bCM78uRwcd8gPnD2995vimkV8A5HEMaJPLmxeV7uQlKN45qM14SqDez
350,350,get,four____,_____497,
269,269,get,three___,_____604,
824,824,get,zero____,____1459,
298,298,commit,,,
844,844,get,three___,_____607,
364,364,get,one_____,_____850,
266,266,get,three___,____1661,
364,364,commit,,,
631,631,insert,zero____,____4201,41tll9MB5LdLpNS3qZswFwDf9Wa7SJQapa
631,631,get,one_____,_____449,
280,280,get,zero____,____1907,
317,317,insert,one_____,____2583,I0y4lIfUy8jVMNUFyPiPyG33dYhPzJSkIpTVfZGbz7Qz
228,228,get,zero____,____1596,
824,824,insert,two_____,____5122,XRrXjf2vOnBL0sVeLhh6Vhxin7aKCovSQx6QfaZJZ8TLoHDKVR6Kxwxpz8
252,252,get,three___,____1374,
228,228,insert,four____,____2126,KGY8nvXZKn50VwdbCcRUAsLKIEl07XbbAM0rnGOHk3aKfgfT1sjKqFC4Ei1hmW
418,418,get,three___,_____275,
350,350,get,four____,_____769,
418,418,get,four____,_____245,
280,280,get,three___,____2147,
216,216,get,zero____,____1391,
421,421,get,two_____,____1090,
754,754,get,zero____,____2493,
241,241,get,zero____,____1438,
955,955,insert,zero____,____5752,PD1OMprHWTN3zxbCUvg9bclxs9jyNMlfYnZfhKTl1wuX9lrKNmemUCO8eVf
403,403,get,three___,____1909,
380,380,get,one_____,____1848,
296,296,commit,,,
418,418,get,three___,_____671,
573,573,get,one_____,____1630,
216,216,insert,three___,____2071,jkBN9uMwHCy55dNRFPbIM3bi8BX1VCxYCdxz
245,245,insert,two_____,____2213,NlRBoy2FpKzEvvJdxk66WyiSy1mvRaGKlM59ziKP5WvH5YHv4
394,394,get,three___,____1918,
241,241,insert,four____,____2192,lySkrpC4sUdUDcFSYGmDz7RyF62PkBo374hSYT5hPvY3yUP
639,639,get,four____,____2488,
367,367,get,one_____,____2830,
573,573,get,four____,____1046,
337,337,get,zero____,____1876,
403,403,insert,one_____,____3023,8AFlmLtMQFIQXppuT0DJE2EHykiwMyPog32wWmppcQb3YzXAJlOqmCmD
229,229,commit,,,
241,241,insert,zero____,____2193,lqmfu6Ewwy6nbsQOwf1vKB9Loh9BHGoF12AnGw6VqnOvaIOEY0WIfJR
477,477,get,one_____,_____127,
433,433,get,four____,____2416,
404,404,get,three___,____1146,
325,325,get,two_____,_____954,
314,314,get,one_____,_____501,
367,367,insert,four____,____2841,t1UfmkR4BthLrFpm8O8viwRVfdbEiEFNxt37ofQgegNRW99hG
312,312,get,two_____,_____499,
350,350,commit,,,
252,252,get,zero____,____1344,
235,235,insert,one_____,____2158,IN4gxcj1gbv5hwRGpkLcGxye2NR4qwgV1cpKdrxsM0VjTskaJyW3l4AuKWum
312,312,get,three___,____2148,
418,418,get,one_____,____2206,
216,216,get,three___,_____168,
925,925,get,zero____,_____511,
228,228,insert,two_____,____2127,6HuzKoc0kGcTZEyMG59ENJRgwpCDj6r6vnQP1G13i2x
370,370,get,zero____,____2534,
218,218,commit,,,
370,370,insert,one_____,____2861,buFDQRNkZHVAkiO9szdlZ7ieM1kCnTqYsqlR9mlMPx0JSX0vvXAqpELqWb
241,241,insert,one_____,____2194,muB4cethTFfr8Wbd19DQEBhOPbR545Q4BHGtNfO
261,261,get,one_____,_____395,
566,566,insert,three___,____3850,Tnqio08tbZ471gswxOeKIwAvVvCcq45rZvmzxit
228,228,insert,four____,____2128,GuhGurgFgdI9n43K51q8d9SJgwsxTCJ1oLfMiY4FPGC4UJzK
367,367,insert,three___,____2842,veaV3MwVPjU7vxy7Fi7YEk1Oe5vFXgaYsmgllp
266,266,insert,zero____,____2315,hrM0VIavWzlEPHXuEF6mUEGK78fJKUBU3vwOAUZjLYI
286,286,get,one_____,____1544,
566,566,insert,four____,____3851,VeqNOGQkFVFrouqvSVY3uSKJkY9yO2bJZ2bVXRAJzvTalLeOhE8o
308,308,get,three___,____1461,
368,368,get,zero____,_____454,
234,234,insert,zero____,____2156,B16jLGucbFBkrYu96EirMkFIKkrNOTt3AjylntXbtuwtcMExvkjIEo6G7g
433,433,insert,zero____,____3176,dXUyrVcaGQgJvm4MEzWGzqALRx1xvRbKmGmCwGvOHIl1lffbfMW
548,548,insert,one_____,____3766,gDSDouIoAhLvgaxkpOpxO1VKQLdR80qOB1qzC7sn9WCwFXHNf05UglTXjqXuSvt
404,404,insert,four____,____3024,iZ1oZAmSagyUibqSaHe4uEVe8j0NIwVTYRRjuX1DG7UIxrPWXNrmtt9UUazOtEp8
237,237,get,three___,_____181,
566,566,get,one_____,____1176,
308,308,get,one_____,____2269,
548,548,get,zero____,____1753,
306,306,get,four____,_____978,
418,418,insert,two_____,____3102,pHbpcyEFJQecUCAmhTcelclJtwIRevHt5QfNJpUF5qGh
433,433,commit,,,
337,337,insert,four____,____2686,xQqBR5dfSlz8CA2Cu9LNucVwOfRpN5Zs67YyziUSb2LRIIa
403,403,commit,,,
216,216,commit,,,
308,308,get,one_____,_____681,
497,497,get,one_____,____1413,
312,312,insert,four____,____2556,TttdkdljL4A4rSGb6kmIilKdezJyl7qUyt2h1tNEbpVNc7xHPCccOUzs
272,272,get,four____,______41,
368,368,insert,four____,____2853,accXgfCVpt5RGqXUPJsEvbzEtoMgZDhwzWP2hdtAP
463,463,get,four____,____2833,
419,419,get,zero____,____2082,
442,442,insert,one_____,____3229,IvD0zOqg1kkRmrXenB2OozhFg7Zgr09T55a
271,271,get,three___,____1844,
548,548,insert,two_____,____3767,h1jB8Y3pEBKhx1o2gUDHPs5eDkEHxuNkJRy0E7LeU21Xodccq3FbH
252,252,commit,,,
754,754,insert,one_____,____4773,vyidtTzcGyNaTvmPlCAyV14TVAsO3FGVp2m1CNf7Bzf0f8anqI1uOcqcwFK5ozL
394,394,insert,zero____,____2976,D8Y2NsSgOfVWCY6EJtmullbT2bTQNP3yTQ95D77to
271,271,get,three___,____1569,
332,332,insert,zero____,____2659,M32Z4jppHQTu0pIiIttmROgX05hZ2zh2bDdQgUek
368,368,insert,three___,____2854,Is7WgFLhdGzLl9Yw8Sm5xaVvdOxfblpgyqbIEPb02PZ27Fx6Zbt1
241,241,get,zero____,_____460,
325,325,insert,two_____,____2623,XWovCSbAxmHcb2WPivxH5sG8Ir5V7muFDxGUAqcNEhEWVbZMjMhUtpc3NmQ65jB8
541,541,get,three___,____1374,
332,332,get,four____,_____730,
338,338,get,three___,____2069,
442,442,insert,one_____,____3230,IWJP4N6Hw4Qn808i7XLlZamDAuxNACqMfi0fpi2PHsJBa2v7CAAJMvEe1q
224,224,get,three___,____2071,
418,418,commit,,,
272,272,insert,two_____,____2346,KZM0cOTy9IauKGXY9UWiJHYQloX5XeevWJLxOP74M
314,314,insert,four____,____2570,7zFhNqUMB45RI4SBaCbSYYWwRJ1LUaMKFqC0cYlJAtftN4cE
241,241,get,one_____,______70,
904,904,get,one_____,_____303,
269,269,get,four____,____2013,
425,425,get,four____,____2487,
245,245,insert,one_____,____2214,g5OeoBfGbeQx8rim9Y1OidQhQVNxXHPeUSd9jr6Mj4o6hIuHo7TBKJ6Oh6EuuLrU
955,955,insert,four____,____5753,UrHrrTsROFTuel0epOH72y7Vve07P9KUJ3rQ5GoQDk5qrdeecMTyTDaL4BOja
299,299,get,zero____,____1171,
477,477,insert,two_____,____3402,AFhY5wKSrXhpsZd7oAGS9p4YVf8CI5InwqK3DWz5vsSgHYidrr0aSad9yQqwDhL9
325,325,insert,four____,____2624,SU1UgYz2ebIgplOYgxHWOXbKLPeaNMQtQ1JC8cuqUy
234,234,commit,,,
477,477,get,zero____,____1488,
463,463,insert,two_____,____3337,JbZKMFdwSu5ajXlnN0Qiz8DNJGNURFzgiKOfDXPONNez20HK2OGvv6M5U
400,400,get,three___,____1624,
195,195,commit,,,
320,320,insert,one_____,____2597,01AGNg0cpaDomwYIkkycxL5TrBKtnoC7o3hmVa8hUlWow3WINLtrL
299,299,insert,zero____,____2504,pMDcKKQxHOtCCwtcc5XEW0OZyqZb38jnLEPxZcKRgEZauGE6q0HG3j3ZGhM
302,302,insert,two_____,____2517,Y6H435Zb1E76tBmpXp7KZVsP4TQBVKkMG8isfqeZ4LWp2VML8maFuOoKuh
312,312,insert,one_____,____2557,iJ3J9syQngItQH9u4ZIrR4fvIE5RtXG6EQHjhjXtfRukhzD3kF
326,326,get,three___,____2484,
332,332,insert,zero____,____2660,cHDcL5w9fEoPYTw69F1PETHvJ2UYv9hunY1Yufz3W4qtvqkHNfr1aqfTpBSQ
251,251,get,four____,_____263,
639,639,insert,four____,____4239,v8R2XaaQ3BWgKwCBmaT2yzLuFYf3gjdxYVIOFUlK1sJF2vc1iG
337,337,get,one_____,____1827,
269,269,get,two_____,_____716,
317,317,get,three___,____1616,
690,690,get,one_____,____1747,
690,690,insert,two_____,____4463,CIHpcmyGysRsDX2LGxryptptWlA9VTPB
299,299,insert,three___,____2505,Sp71E2JxpWNh3CTD1MHnyIzZVFnw4Mg3GPmrHEP
744,744,get,one_____,____3021,
400,400,insert,one_____,____3008,1HPNNzV4BPw4fmZwupuV3doF4RS0DQ1XTEjCpRF4rEYZOOQp3
235,235,get,zero____,_____969,
332,332,insert,two_____,____2661,hsC7MTK4LZDSos0SA2GFGMftDRmXXxHDPMQRf
269,269,insert,three___,____2328,k3jEyF9KC4GrtO0rkAGXXojBoPV3kOMiKwevZMIx7WfvKLJeMcT
480,480,get,one_____,____1737,
404,404,get,two_____,____1038,
442,442,insert,zero____,____3231,xOaMdp1p4mxnsaFdvVtm4MUdAo00lpE4YiRpb7rptm2emYdzP
224,224,get,zero____,____1626,
274,274,get,one_____,____2080,
272,272,commit,,,
463,463,get,three___,____1380,
744,744,insert,three___,____4730,Ae8OXmQExNj3SqXigYadhXbgu6pKUyQumu
274,274,get,four____,____1364,
639,639,insert,three___,____4240,SqEsPsDEHRDImb3AQljjpp39pz52vRuvVN
400,400,insert,one_____,____3009,iGXjN7qYI0ItOhX1iy41yQk01qbLlpWppEaW2fX
312,312,get,three___,_____811,
259,259,get,three___,_____618,
541,541,insert,three___,____3726,oOlT2orqS1H0zwIVaMMQQ2uQIoHHF8vsZZi99TT3bV0K02
237,237,get,four____,_____603,
338,338,get,four____,____2644,
975,975,get,zero____,____1110,
541,541,commit,,,
326,326,insert,two_____,____2628,It97D8NzykbEfREsWCZD2FpDvOPMhzUCnQe0ltBp
253,253,insert,four____,____2253,LeOzRy0j6ajpiqCBilI0SYJLIbtRizmz2cOnqWAjySHcK2RyTUO
303,303,insert,four____,____2525,ncVDPrJZYrTSu8h6wfZCuxssaiS91B4YVKvyOatuaIqW8mAT0BDNs7mM
224,224,get,three___,____1926,
245,245,insert,one_____,____2215,ODjoXEF4MltZM97dw45KQ9kYTiaO2ZQuXsgNyqN1tmbzwPy8QwN8YjBYrQb0x9Gq
619,619,get,two_____,_____440,
337,337,get,zero____,____2491,
308,308,commit,,,
701,701,get,one_____,____2206,
261,261,insert,three___,____2296,S3L5qU7kvNOy1W0aQILOsnFdGfP4eUKaNtc
744,744,get,one_____,____1145,
428,428,get,two_____,____2346,
245,245,commit,,,
235,235,insert,zero____,____2159,mAfDYgcZzE4A5kkWsBToHXfkcBdS2CTbSu1u63NBV7VGE3h
235,235,insert,two_____,____2160,nnkcHhBPm0j3rPiNiObYFmRgLiChpRGeUWhyPwte6
235,235,insert,two_____,____2161,wPRDJMYv0nZ6d77xQE5y9lKMPrV3XbElYsggzPdBc6cSoU
337,337,get,zero____,_____917,
480,480,get,two_____,_____622,
463,463,get,one_____,____1265,
747,747,get,two_____,____2213,
274,274,insert,four____,____2355,8RHItAGNaNwL7zpdnq4W9hcVA4SFkWeX
280,280,insert,two_____,____2391,CK4ChiThZ4AfIA023U8irpNM0syOeLCniGtiv5sYMDNI
237,237,insert,four____,____2172,Z9LacPYBcWESzKjMEsF5JmumX6tvYs4LgSeFYHmwdPLfV72Wyldnf6qePu
251,251,insert,zero____,____2246,Fn4yohVt0W38tyeQDcQzav8xH8Du4p52AUJumcu8FA3
320,320,insert,one_____,____2598,PsxWq9VhmaSmQwIURqPlXFETMLrvkuJlZo6x6Bm6gT9y7J
465,465,get,zero____,____2835,
312,312,insert,two_____,____2558,XvZHrwVgClqOYcTGmWsriZaQyYg1Q1yXAxbHHvDZoxQ
228,228,insert,three___,____2129,eZSFHJyBCgYHLRHJH58bmeiZK1yet1CXOzxjybwPqcESmSstPPN3
404,404,insert,three___,____3025,d5DZ7VRx9apS4l3KfVxRi2YkM2W3suIDEpFZosfC
476,476,get,one_____,____2212,
636,636,get,three___,____2151,
261,261,get,zero____,____2079,
955,955,insert,two_____,____5754,AMaGqKzLoSy1r1EZ8lChTsVmYfo5iexy
299,299,commit,,,
548,548,commit,,,
619,619,get,three___,____1003,
274,274,get,four____,______61,
284,284,get,two_____,____2211,
425,425,insert,three___,____3138,uUrBVdaMaDmkHTAyOHF0zYQvKCkBTb7HiReFvuF7i4r
394,394,insert,four____,____2977,e9sdEwV3dUFJ2LqDA6C270YiAU95GJ7azQjWjcjg
246,246,get,two_____,____1970,
251,251,insert,one_____,____2247,LNf40j5aJfPMtnm1McMvy5U3ppQw8ERoJomoTwznXmaVL4KMO4DcshDAhe
326,326,insert,zero____,____2629,zPeB2D2THU5hP7A83GjrbhWugh76q1nDizhdpqQWvwYut6jHDTtOik
292,292,get,four____,____2026,
241,241,commit,,,
292,292,get,three___,____1932,
317,317,get,zero____,_____644,
253,253,get,three___,_____160,
428,428,get,one_____,_____892,
995,995,get,four____,____2416,
332,332,commit,,,
477,477,get,four____,_____702,
428,428,insert,one_____,____3149,BgUWBYMZEKnK3JZPCH0w2JKuBa1ZDF3KOjKWaAtLuJjh9BDhRHL
317,317,insert,two_____,____2584,m0TXDnaMhjKETk6jjkW8EFIQwk5cpxa1dQmbJwvnVs8xlXjQGVmH
326,326,get,four____,____1600,
367,367,insert,four____,____2843,8ddR1q7RVVmFnEVxjB2GKvXrNghbQOZg9Si6PvTUqlS4qgf7
281,281,get,one_____,____1100,
302,302,get,three___,_____953,
573,573,insert,one_____,____3883,GqoMoY58S5gUPYoc80qpHwRT7cMeKHL7hlVGgYW
251,251,insert,two_____,____2248,RHpl7oie1ReM9SHLh4WryXNvFqxAn2B3q5MspaoYFcEvfzAp
476,476,get,two_____,____2002,
431,431,get,two_____,____2140,
337,337,insert,two_____,____2687,sIBAwEFC4Zhid2kKNz7CwDzL5PHkbqcyaaSxPWME
235,235,get,zero____,____1899,
425,425,insert,one_____,____3139,w1YKfupQdoR3WJX8hvctAQKeUhirJ2g75Ob7hLGHgti
320,320,get,one_____,____1690,
320,320,commit,,,
251,251,commit,,,
280,280,insert,one_____,____2392,ixmYlTusL4olDGm0E34e9U9Zv0InhTZUjsER4iMuA63wgkeG8kQAKVe6l2C6EJjU
463,463,get,two_____,____1983,
394,394,insert,one_____,____2978,ae7YPYmvsTHZzq9hyl2BarhFdy3D0VBxZBzKSWfm49aqd2JHTV5DQkgn0xqSdLq8
269,269,get,two_____,____1890,
583,583,get,three___,____3764,
404,404,insert,two_____,____3026,GEcKfXHgaqHk6n9RBhTFOJ6SbZx0BSxcPRUEGG4690OlpY6cT63P0aWwofL
428,428,insert,four____,____3150,6bKp0GTLel484RAjeotueP5sMpSXXUx7GPbH5NvRaIEx1jD2D4PGq4NMonSBMiHf
477,477,get,two_____,____1710,
583,583,insert,three___,____3943,M8qQXafG5JuuSKCIKT4N6fkYubyOMjMEyyoGErrT5sV7HDBs4
253,253,get,zero____,____1539,
536,536,get,four____,_____339,
765,765,get,three___,____3761,
338,338,get,two_____,_____523,
463,463,commit,,,
303,303,commit,,,
266,266,insert,zero____,____2316,fSU4Psyg6NPbzcFoU3IBnJ0B6cdAudhvKNpaMy5Gcod
836,836,get,one_____,____1334,
266,266,commit,,,
271,271,get,zero____,____1072,
465,465,insert,three___,____3343,tEwS3RBNLDWnr3e7glS8iZgkMNexg2TZn
417,417,get,two_____,____1796,
476,476,get,two_____,_____428,
337,337,insert,four____,____2688,SksvjIJbwVAzXZBrs6fsAl2uiOOHWOajgf3Mk21jwxhSuXFoLLy6F3A
331,331,get,four____,____1502,
284,284,get,three___,_____781,
404,404,insert,two_____,____3027,G4qOZcn2TbSQqB0ECwgJcTvLS2jjG0UOBJxzs3DISlrqSW5ISBiZ
485,485,get,two_____,____2288,
417,417,insert,four____,____3094,XoJn6g9eBwzM7yBrTakL8mrPuRLN5jOXxGaQyv53TBVvERCh
228,228,get,zero____,_____546,
269,269,get,three___,_____660,
261,261,insert,three___,____2297,u781PTGWl5LbAewdVumy7E1rCeIftEaIWe7PPS3Hel06
228,228,get,zero____,_____871,
559,559,get,four____,____3158,
367,367,insert,zero____,____2844,d6CyHx5ZmBOk8AGpLqpCFGfs0qb0lSGLOL25op
536,536,insert,four____,____3693,N1OuUJMSP2EfiRkTCFeloqasjZapUEf5BdndmP5xQwN7Yky8mu
224,224,insert,two_____,____2109,2pWby2ewkz93L5DWmATrsAW6RbNWbJ6U
582,582,get,zero____,____1832,
224,224,get,zero____,_____308,
428,428,insert,two_____,____3151,JwtDrLWoWPKsjYqiGXubKfoXhfm1rZrS
312,312,insert,four____,____2559,aRpZLYq763tcz2PM8feU2HomksgCDACdwrms3wjEm1xEGPZ6KEFKgLEtnSvPN
302,302,insert,three___,____2518,UCbdZwtxSVV4wwP6oVQbOdcL54uuyahrKlcn56MWAAJLRq11x2hkYZbgPf0
882,882,get,zero____,____3336,
367,367,insert,two_____,____2845,5Ph2He1W6t8rs2K0qtiU4is69Fg9fBiWBofs3vERtvGigY
341,341,get,one_____,____2597,
302,302,get,four____,_____838,
341,341,insert,zero____,____2708,5ICJxhz0d7VmQZi7kO70NLKVkQP99VQus
882,882,get,zero____,_____492,
280,280,get,zero____,____1784,
598,598,get,four____,____2596,
995,995,insert,one_____,____5939,MlSujZaZ364J4iNbZPhIuB9UJYmusvq9qg8Xlf469BeDIQqe4
292,292,insert,one_____,____2461,UvqOtN7xjwmlOKStRayTXVR9prOv37l3Q2PhJNYCmKHdAdqzRv4li15XgCK6
419,419,insert,three___,____3104,HDMRbaKTJNPhnWkuq5aafWmhOwT8AThcpPhzuef
284,284,get,one_____,______70,
427,427,get,zero____,____2522,
582,582,insert,four____,____3937,hwlJRPXUuh2bof5fbgYossQnhqbTsTDygNVrjCTWt7RLxW7OSCouZ7F1
331,331,get,two_____,______87,
274,274,insert,two_____,____2356,8YwWbpROXFj5hn5T5VO4qIp68sljHM5sH5IqT6JeiJ5ZI5ZTGg1HWZ
292,292,insert,two_____,____2462,m51T0coZ7iYBlk3paPVkMU5yBZ4CSf85dBMfg6SN0pxrEvuY
331,331,insert,four____,____2651,27QGjMcMm9UmGFGJxz8V7BljT3Xi8IF8
248,248,get,zero____,____2193,
367,367,insert,zero____,____2846,CN3tDyk6EyzNa63cnyx1U9AnzTNY0y2rzpyYs5
624,624,get,zero____,____2242,
744,744,insert,two_____,____4731,wxhmTDw0swjNWV8AOe7Ddnhx03hpNtQwTXp7FoE00RuH6jZPiobpNETVH
224,224,insert,three___,____2110,jqnkK6gaSw900JdjBIrDluUuLv8lZNMoBcYwPQgmVSHaBwov6YaYzpBztS6tj
235,235,commit,,,
331,331,insert,one_____,____2652,pUH6keGV5wdoJOvzlSlqwJrwF6G07CGXrJ3WrDb
248,248,insert,two_____,____2226,vNJh8rhyvh477fX2khlmuYYE7LgAeBnx05HCEov6krib3Qwd
397,397,get,three___,______85,
368,368,insert,four____,____2855,ITzxh0oGLHZ0QDDqk4lLmG7EvZI120RCMlTiWsjK3ERS2XdK6
341,341,insert,zero____,____2709,YSlfDvtKfSshsI52ddqvfhkINCD8yt9UrNv68Kv0JFCw82lqqOcCXekP04
955,955,insert,one_____,____5755,DvrI6QVTG0Jrj3nxI3w2qo86VyyBueBcaU2nZOUK
337,337,get,one_____,____1566,
419,419,insert,one_____,____3105,6gPsBjEfwgQewuVrjCPDRB3sPaEoGvtdX2
238,238,get,two_____,____2161,
246,246,get,one_____,_____503,
284,284,insert,three___,____2412,ZSCbE9osV0K0DRQ0xhCgn6u79e8UUa88UCNEURb6QApWC4Vm
248,248,insert,two_____,____2227,2GPoGW7noiaKDLazlhMk4m4zaj2IrBhWDq
281,281,get,two_____,_____855,
253,253,get,one_____,_____771,
337,337,insert,three___,____2689,9oVuQGqIlPJFxpmXQg78zpKI6W98V3f2nFNMxpbvsQ7NFJz
312,312,insert,four____,____2560,yMM2XAgB4jLIeeuHnrkDUpAYVNwDFVmFfk6lNrY
791,791,get,zero____,____2342,
284,284,get,four____,_____877,
312,312,insert,three___,____2561,SGgc5f4gSwx1nZhgozaLwosueYTd3qcxeYgbtgncGfrDsD
255,255,get,four____,____1783,
331,331,insert,zero____,____2653,MKEZdlfJ5ZYqmrqOXzqdwNmkAz3ETcpuOtMYImto6rOgz3JJFWyFDyI4E
573,573,insert,zero____,____3884,x5AdCBk4EzDUTNL0HuDqqhVYkzPGHxvAWNiOh91xzeDHl
331,331,insert,four____,____2654,NPTCAxpv2ouAjIYJBqjPCTGFGTNNeV1emB
425,425,commit,,,
255,255,insert,two_____,____2260,xxh2oUauuUI66Ng4pJmeOun0Whq9OGYlyxRKg
248,248,insert,one_____,____2228,bnjfrXJmgEh6cDwcergGNWL44vXjNqunyPvc8
322,322,get,three___,_____900,
302,302,get,zero____,____1143,
284,284,get,zero____,_____406,
248,248,insert,three___,____2229,LqwkakYkZsoYAQguke97f9wktnADzmqP97cT2QnEa8L4C
302,302,insert,one_____,____2519,Lbaw6aTdVvQC5ACKJRCqrAEZddC7zZaGUSBh
292,292,insert,three___,____2463,O9lWWenaZkYmuOzXi4vgDSoIB6GHQQoa
694,694,get,three___,____3138,
694,694,insert,one_____,____4483,y3AfmPiheAH698ToAOaUtJCOTPgmFqJS1fKPqJA11TUpXL4MfrLSFznbGHrkbCr
338,338,insert,four____,____2692,21pD0k0a0j0lGswfK7j7hrtY6Fl8f0B4lgKJ4JPkvzU25gO
338,338,get,two_____,_____192,
428,428,insert,three___,____3152,nXILdBNY5rLhTxV20QNQIoJsiGe3kBGdDRPH9LOPqSgA94Rvd5f3J6
248,248,commit,,,
292,292,insert,four____,____2464,HOy2iYxjD68o9KhY1JB8G3TI9G50pSDDbwjVQyIUlguojpJB9BKBEExfnh6IkHUM
338,338,insert,four____,____2693,uzoAUYJYnwLcnBKC72CIl6lbHQGKdVe6zX6BRaGgrVfa1nYigIPxnBf
326,326,get,one_____,_____906,
368,368,get,three___,____1743,
341,341,insert,three___,____2710,wENGvt968lVNBzgYGk0YgU4w7F6VXAQy0Ea0WQAFrArGyyJoR
261,261,commit,,,
331,331,insert,four____,____2655,0oQA6g4kifc4r3d41EsT1OCGVS7z0sRMRtSoyeNlJmZe6U1vQMqy
368,368,insert,zero____,____2856,a61uF6a8LxhMNR1ERBDwOZmfRQUVUCVjdd3l1Za6RBHuulLsKya4lcg
439,439,get,four____,____3133,
284,284,insert,four____,____2413,62MRtfQpBWRoXGdqQ5puo8tU0eUyzmjjJRYxRKqldGAc91ba8mIXjs
421,421,get,two_____,____1019,
464,464,get,two_____,_____461,
338,338,insert,four____,____2694,8RG2Ygx7bIz9qb6IN7A5f969PXQu2lPYbcAkQSeV1cg0HkVocQTHQKann
421,421,insert,zero____,____3114,JuEq4UYSIdc40oFZoFRPkeB3ymsuT10wmjSDejGbwUCDIjzggeQ
246,246,commit,,,
292,292,get,three___,____1232,
237,237,commit,,,
573,573,insert,one_____,____3885,kGcjwBSKOIbcRlcXMcSxhBpKCDBskSUXzsyk2bDy9iDNDf1QyzV5E
281,281,get,four____,_____464,
280,280,get,one_____,____1878,
280,280,insert,one_____,____2393,HtxE8r0W9X1rRcKUHmkUvynQzyOUPKkL5Vogsn2Wr7H3hJTKCa5Qo1tA
302,302,insert,one_____,____2520,GjaHjgTrcyrtrEQwBpTtKiP0PWML8694MFtoxAMMxk5SlArHAsqj
791,791,get,four____,_____271,
419,419,insert,two_____,____3106,BDcTDimUPXqV6MIlEjg6ASx7sNkt4Dnlz3yNuPMckA0iA1jw64f8Is7
421,421,insert,four____,____3115,TUHnet2rIOfD8iQm4NhhN9gIoI9h1f28d
238,238,insert,two_____,____2174,x0c2ZZFNqzsh3Ij73kfDC7NpUSpGVYgOn66cVN
694,694,get,two_____,____1420,
255,255,insert,one_____,____2261,GV2Sg909hg2dJ97MKpA8d7BfjUGX8MCTxX6HDjhctWjWpF
271,271,insert,two_____,____2339,OE5g9yPfBFgIWVxlVj1fhOL8A2OeZcJm
452,452,get,one_____,____2170,
304,304,get,one_____,____2171,
791,791,get,zero____,____1465,
485,485,insert,zero____,____3440,Ufz4zj0z8pFqFccbrswy3KG0yKUpRZ4VwhrZeDdDeibTMMqkH5
326,326,insert,four____,____2630,dvpsvbaDnejaivzDXQAM02nYmlIi49I6jRfG6rl3AFhquUgI
280,280,commit,,,
421,421,insert,two_____,____3116,tFOV9HEnWokRqpL4piQeY7GUHEHP2bsJbnT0au3
536,536,insert,three___,____3694,ljCYwwAcNQLSnJ4NfuLrkdkEiY9CdYAEtZ8LNd
452,452,insert,two_____,____3279,AjVxcADAZUkjYfvRmJFUjPZalGx0AxFETFdAyU1HG6GokprgPGj2Gposu7RS3
306,306,get,one_____,____2049,
323,323,get,three___,_____181,
331,331,insert,one_____,____2656,sYBdaQFq64sXSBdUnat3Dzszan31zc0xDhEtrQikNx3l0eWdIokeg2KhS0
346,346,get,four____,_____603,
536,536,insert,two_____,____3695,k0vJC6JoiaD0Fs33rDndFMnRFZ8gO6wmReANF4S1FzgS5G5h69Je
654,654,get,four____,____2487,
744,744,insert,one_____,____4732,7MCJSv5YxrT4kmvBguBZRTUJSeYeZi4yPax8A7fPSprVraD0i44srJ
358,358,get,one_____,______13,
514,514,get,zero____,____2203,
703,703,get,two_____,____2227,
694,694,get,three___,_____619,
765,765,insert,one_____,____4833,sKsLoranLOTcGAzVzXTSv3JXpfwhZsN7ECKAubeI
968,968,get,zero____,____2315,
224,224,commit,,,
694,694,insert,two_____,____4484,SDHfRV6qTaNkAjAN9KGtaisk813I2N6zoK5C9yctRIy86lNg8efEFt1
427,427,get,one_____,____1971,
358,358,insert,zero____,____2794,RLQ2nGO0NSRFa8zZMmP0LQ8gstbd92BZBOk1NGp1ylQ1iVgVqlPVckDmy
304,304,insert,one_____,____2526,Tjb6q0lNctBEpka04l2xgHLIjjAtNVZG0aKe5ArchsP4xSOGB1snl4rky76Pu
281,281,get,one_____,______71,
419,419,get,one_____,____1060,
367,367,insert,four____,____2847,GY0oMSKUyipLmanDQulNH4b1SB3GTecRJy3jgHU8
338,338,get,two_____,_____343,
368,368,get,two_____,_____318,
238,238,get,zero____,_____587,
346,346,insert,four____,____2731,xW8SYCZnIl7C2Aqbsov1kn0L4jYCmlZomxCitE3DZkW5AqeM6z
322,322,get,zero____,____1287,
741,741,get,zero____,____1784,
582,582,insert,one_____,____3938,Ubzq1xV30C9WDZBR37newtzN5IveGe8zn
325,325,insert,four____,____2625,HT6wEL1jSZLMpUFlCwVKqzchump0tfwGxlD
754,754,get,two_____,____1970,
253,253,get,four____,____1452,
367,367,get,three___,____1849,
322,322,get,one_____,_____737,
325,325,insert,one_____,____2626,HGUlofq9qFRAYEZSWdM103T4gYHxcsIsDWJcNS
292,292,insert,two_____,____2465,jarsghCzKE5rPgM14iXSTC2S1lukWCqSBeyfwT9
553,553,get,zero____,____1626,
346,346,insert,three___,____2732,tv2Fdq0pmXqGt7cQFyW5wH5JmO3PW7kEcgNFHTgsCi8Ccy4tGt
257,257,get,three___,____2225,
452,452,insert,zero____,____3280,QzRxv9lsocKTDy6wyE3XCEcvSJm0jr2M
306,306,insert,three___,____2536,N5UrLhg7vORF98S4B9o0eoNm2PUUWaJOlcSc0MJQ4KGL
255,255,insert,two_____,____2262,if2ygWuSAdcigSG6iqal4xxstR5yGM8jP9YYaSgqBjG5dN5nssWawlhVOCqYANgB
725,725,get,one_____,____1297,
302,302,commit,,,
968,968,insert,three___,____5817,iBO09EZ6nnvaDcPeiY8d73ckCAxw37HcHLQx
536,536,insert,one_____,____3696,tPQnsFmxraeRLF6c4BvlHX8AE7tSb1mBUVif6VNSkgs9XwqjbYZs4BLVD
331,331,get,zero____,____1774,
255,255,get,one_____,____2081,
274,274,insert,zero____,____2357,R5vkbiW1iD6PwYTIrPvr7PJcCY4Wbw9QypqODfmJ
274,274,insert,two_____,____2358,agADfFNYiCHcfwT4WbzNTBuOcTB8xuRSoBNqksipjz7M2g1PO
306,306,insert,zero____,____2537,1zpGPHD4tNnNbxS6EqILmQ3STifDT83r96lYl6SbsrN97PzTH25
331,331,commit,,,
452,452,insert,four____,____3281,ecm8K57t51IXBnGnGr02bOC3wOiNv2opqrSBZ7Eubj4pF9bEcBzOovB
271,271,commit,,,
257,257,insert,three___,____2276,sq5D5Y643Jz0o8waVBs8JucfNpqZLe4d
292,292,get,one_____,_____129,
304,304,get,zero____,_____285,
238,238,get,one_____,_____202,
338,338,insert,one_____,____2695,rHLc5tdqlw5EFu5Y9i0B0BEhfhvoN2GD7JvzPppK2GcKhKha42
582,582,commit,,,
255,255,insert,four____,____2263,eAuwCszBSwK1G8jx4uWUFft3KycdW8EiX2
561,561,get,four____,____2655,
253,253,commit,,,
421,421,insert,two_____,____3117,ZLV0oD0hOPpyihgFiP4zZOCz5jHMen5xMRBRfHkUSSyd6xk
765,765,get,one_____,____1329,
304,304,insert,zero____,____2527,NVkSQZIFj6piqNJhF361cmu6tTIZ4oj9m2CV8dYdBlUBZ
437,437,get,four____,_____558,
238,238,get,one_____,_____432,
452,452,insert,three___,____3282,pL8QT8QLIgOTE7ujC7R8xy91u7HmS9k9ne
346,346,get,three___,____1131,
255,255,insert,four____,____2264,xR63rFxLM1nAT9AsPHla2tPnoAHearsPZAKF5DmKCL3JqGENPAk2Ax4
274,274,insert,three___,____2359,pb8pVtNW3laOcDOAmalDubhwIn7QwTzRV
325,325,get,one_____,_____995,
410,410,get,two_____,____2339,
536,536,get,zero____,_____937,
754,754,get,zero____,____1753,
606,606,get,one_____,____3938,
765,765,insert,three___,____4834,DSUeCzFkX0xzJujwTjxBYq1aJAwZJTExpeitTIuIeA9S1qKKfASaU
452,452,commit,,,
304,304,insert,zero____,____2528,TdQDQ1PdxtPRtxhVWsFJjhYAcphr9qgTzSGtWHT6k1XvHAr4eYS0J6P
309,309,get,three___,____2110,
421,421,commit,,,
620,620,get,four____,____2216,
290,290,get,zero____,_____308,
292,292,commit,,,
238,238,insert,two_____,____2175,FkctudMARYDlHbQjrnvsGrzdUFYkKx5UhRIuxGlVPh0
401,401,get,three___,____1932,
536,536,insert,one_____,____3697,k3zVccD0t6di0PLh1KE20DN7uL4ovaGHvjobiKBRexQHXqbMAkSYG
453,453,get,two_____,____3117,
401,401,get,four____,____2312,
459,459,get,one_____,____2656,
427,427,get,four____,_____422,
306,306,get,three___,____1551,
257,257,commit,,,
368,368,commit,,,
536,536,insert,zero____,____3698,ZrIkl6XO2ub8q2n4ZxCLa7ZKNoEf2pqS
324,324,get,one_____,____2461,
755,755,get,three___,_____905,
384,384,get,zero____,____2856,
346,346,insert,zero____,____2733,EoejIvRNUXlU1lv8YvvwtNGox0kwXczMedQ5iuCjUCzCW4DDCkvS
419,419,get,zero____,_____734,
322,322,insert,three___,____2606,mOMY8hG9WQoHbPgI3vAZuLdbio5rnB62CizumVS4HJb7fWtdqs
247,247,get,three___,____2144,
367,367,get,one_____,____2269,
703,703,insert,one_____,____4526,91y0ohYTlC4cSlnzNMFnJGKJF0KchEwryALqmDItK7PfpA99po06Yg
423,423,get,four____,____2651,
323,323,insert,two_____,____2610,Kjw1AYNO9lBg5MWng25EqmrjwAXk3gdBJTdrcN1CVQCYb1niQ0ZGeecOC
916,916,get,two_____,____3279,
323,323,get,three___,____1070,
423,423,get,two_____,____1765,
410,410,insert,two_____,____3059,PPoQj33p9cUGa66ivzMvA2H1jve3ITV8HTcY7k
410,410,insert,one_____,____3060,CrL2G6wduW4SW3KRqcuKxu99x0Fwuk0W9OGskhhIonRYuaXIvC
370,370,get,four____,_____356,
341,341,get,one_____,____1955,
344,344,get,three___,____1844,
916,916,insert,two_____,____5538,mqLxgzxNsAS3eHs14DDs38vnLekWZaPIhERYae0fMQvvaATbq202Fr676SbL4
322,322,get,zero____,____1905,
323,323,insert,three___,____2611,GG3fgtrQRGAJyNHLFUPdzmnpI5bfE45dvqafF6zoRvzVjx1DLsCzbFL
561,561,get,zero____,____2293,
606,606,insert,two_____,____4052,LRll7l4Za2NRy41yY7cucOEa9We5T3oV
306,306,get,two_____,____2095,
338,338,commit,,,
561,561,insert,zero____,____3831,ypmHeY5pqmrLu9zWCS5nahXANyopv3nceky
238,238,insert,four____,____2176,1d8hAcltiWML1HJaEfQhX1SEoVS3GGSp6XGWXGyX4Fc5G3h
337,337,commit,,,
324,324,insert,one_____,____2622,tYpYpsgUN1UIvOOmVjqL2MVoFM2khFC8tiSPOmx5zZFn4cwhPWi
459,459,insert,three___,____3314,4aikwrytZWjncllQgdO13lg9An3aj6s0BmowKLSL9JNJB23QVwUv4svu9nHte
755,755,insert,four____,____4776,qWmwThoUCqmecSY3G2IdaQPBb7kOURtDLJTLhbQoEMXeF5Uca
323,323,insert,zero____,____2612,gPOAqlQcJ3KUAUXIjr20bBDUlYyaQPTQI0vstlahUq0Yg7H9ga5qgHk
573,573,insert,one_____,____3886,N63MoiehakXTllVh9lZjiGrUArKisQ63EOwk
401,401,insert,four____,____3011,7EY5j2TKIQ4H3qNTSYIlRTViBDr3Er4l3QwpW0wxIf9qjDc2e8
620,620,insert,three___,____4132,LMebWRhoi5Twbs8BmsvGe93XbGqvHmc5RH5
238,238,insert,zero____,____2177,szA1mOjBfEweztNqEipgb8p0vYpW2vYVfBZAAHwVwmu1jS6nAgOSKbC2hkjMhe65
566,566,get,two_____,____3112,
349,349,get,two_____,____2691,
566,566,get,one_____,_______2,
309,309,commit,,,
341,341,insert,four____,____2711,XgqA7ZpAdH4sZ7QfQBwmhpVjbb5BFFAXDYXnz1BL
536,536,get,zero____,_____396,
566,566,insert,two_____,____3852,ObGuKZtdNaL0esXV8tq8Lqw0EVe2wjuLY0acD5nSdgUv0P
290,290,get,three___,____1416,
301,301,get,three___,____2276,
401,401,insert,one_____,____3012,lOzZCzT1s3Tvgcca1hfrkPOyobandICp0Gcj5e2nIBATw9U3dUkgdQ
744,744,get,two_____,____2465,
247,247,get,one_____,____1073,
703,703,insert,one_____,____4527,i6Q44x3Xt2DyeI8Yft7ey7ZI7xn0AptdSdj4XSfJT
281,281,get,one_____,_____186,
336,336,get,four____,____2547,
344,344,get,three___,____2131,
324,324,get,three___,_____235,
536,536,get,three___,_____555,
567,567,get,four____,____2692,
306,306,insert,four____,____2538,u0vPkSzduvUxBkIW1KAJvN1ZpOlrNoXl93m3cY1aOwEFa3qzAl3ymS0xT
410,410,insert,one_____,____3061,PEeGFgggW5QmvftJqr5dq8ZjQ4T7dDzvtwYygdD
293,293,get,three___,____1569,
419,419,get,zero____,____2202,
238,238,insert,one_____,____2178,pu8oXt1TD5sErIV599o4NJ7UO7zvYtLScoHU3aTJMC34
238,238,commit,,,
341,341,insert,zero____,____2712,fMW1lSksh6d3OCNvppTOdVb9xEe5EcCpVNRalvGKIXUwdoYRFImxA0wD7ub
228,228,commit,,,
536,536,insert,four____,____3699,sRjN0oY1QZSTTv5Pl2rsBTYoCilyyhqWMl8CnT4FtFsGS0x
325,325,get,three___,____1623,
346,346,commit,,,
290,290,insert,three___,____2451,26Sp4WlePrNwGJUkyC4qQSHKXB2gdZ4x6ThEiWKf6UwNv3ODNHPnR9
515,515,get,two_____,____2175,
427,427,get,zero____,______54,
427,427,insert,zero____,____3145,vbxxxnBlaeRnqgzjmIpDDIxEKZKCV9uKEh28yZSh2XG
333,333,get,zero____,_____546,
623,623,get,three___,____3282,
561,561,insert,four____,____3832,SE4EafyoO3CKciCpjP6IBPxRoqkQIJBM2i5zGqeIi2hUT5KsdhtbbEK
322,322,get,three___,_____104,
620,620,insert,three___,____4133,5HgZTZiLncm92xEpwBICn9hVE4rQFnP0
553,553,insert,four____,____3793,KcRXD3ZakUWyCvyTxawcUdfodMi4lXp09Qaa1KPiEJBv
324,324,commit,,,
384,384,get,one_____,____2024,
497,497,get,zero____,____1769,
349,349,insert,three___,____2743,uljWyNieRj8YoXbZqsIXt8njD5KKKG0lMg5dfRUnKqBUMcdQtI5v
423,423,insert,one_____,____3124,DcRIg9Gb741EpArXb0wF68x7BdUnIbfEgGdWY1ce7
401,401,insert,four____,____3013,WHjTDDvkMlf1XAgnURZCbYCGhFy24M5OHCu
367,367,insert,two_____,____2848,TWkeVIlUSydA4lJ7YYN71MdnqwMnevVI0ZDSKV6JbWr7A1O0orIq
524,524,get,one_____,____2618,
419,419,insert,one_____,____3107,2F6R5zr4HQj4sAl1b7Q8SGgqPTUzUqkNVYO
322,322,insert,two_____,____2607,HIuLQ31BRZUdDRu2hxkbhw7FRXPIGQUiKseRvp37wAP
427,427,insert,four____,____3146,mpWLSUinB64gKPVGYXxFqY1CENZj6yiZn5JJWpMSEOtXxPiJdkJwyoQZKa
301,301,get,one_____,____1929,
247,247,insert,three___,____2219,Ulaymhft3mzLeWa73HxHsYrKYVlLpirlOTB
566,566,insert,zero____,____3853,HcQxUHabCLf94vdNC8OoNOB6oPlx1oCBQzpQB
573,573,insert,three___,____3887,8yb0vVvq1Zeb8O9PVGVemt9vmJkvcj8QHoDaYkfRbAw4uP
384,384,insert,three___,____2928,yMbYtbjMOMvKDO0rwHQdT8hVRL1AVUpmjFoEjTtHplM2MsXJHuAB0JSk7U
553,553,insert,one_____,____3794,lhwL4ZUEWmhG4WBmXOSGAF5wubRZ1wDTTaYPtEIYlJOzcvM2pVEVJsEc4h2a2Q
895,895,get,zero____,_____454,
566,566,insert,two_____,____3854,5wZjTV3rMufPueusSHQPXrBTdFeG8GX0898LhRpo9ddcB2gsuVzjBMdae5Z7SpC
255,255,get,one_____,_____342,
460,460,get,four____,____2176,
290,290,get,three___,_____985,
304,304,insert,one_____,____2529,pET7Sg1EwUI4Ajuj9QjObPPqYkOTIQwuqKLTBuStkrmRlfg8pBWN4OapwNsFG
301,301,commit,,,
293,293,insert,one_____,____2469,FWeB47xBmJVl9tp9lVkUaVOPPJUkxXVyhdB
274,274,insert,two_____,____2360,9R7A7OPIdux807SlHhWctRDcogNgumkmvUgZ1CeGLfiRy0JyicU3X
306,306,commit,,,
307,307,get,one_____,____1008,
307,307,insert,one_____,____2539,D2KL3j0j56lul9WdPEJKuZkBa6RQxMi1dIgw8oXype6bZvEq
278,278,get,one_____,____1255,
322,322,insert,one_____,____2608,SVcSCe3UpOjcLKts89pZWWvneC0Ew0Nqr
247,247,get,four____,____1642,
327,327,get,two_____,____2174,
274,274,commit,,,
419,419,commit,,,
336,336,insert,two_____,____2681,QQlH3Suiwh0LfxXUYcjZ9UGCmCFcgIWqrfp
341,341,insert,one_____,____2713,GUu4KGlvAfvwFjcVjAfFO1NlHUCOwEWWLINLAbwszuz6VZnxTDpoMjyQ
410,410,insert,three___,____3062,25SaPwHpOZQrMS7Uki2J786dmLtYplZBYn8bqgzQq7fPlhxu0sfuaR
384,384,get,one_____,____1099,
394,394,get,one_____,_____129,
524,524,insert,two_____,____3636,J8Qg2L8wZcahdUqaIRx9zrxkdIryVsEDJfF04koWP1UcBq
336,336,insert,three___,____2682,G52qaeS8cojdYg4wMtuBPEF7OLY5Ti3tp3oTOw7w0S1M
367,367,commit,,,
349,349,insert,three___,____2744,mNpXd7QFfsA6AzP1b3ME1VFfRtbUaubR6HjqA98e8w6jaNSGwVDcQQhXfTHvL7
427,427,insert,two_____,____3147,atfS9SoOUB9M1zEWlM0ynBnnUZGAhCH9lWnQmAhq1KAM
304,304,get,three___,____2324,
304,304,insert,four____,____2530,NeFxkmp1TtAyBYIDFQ6exdx532Ya95O3vJDAIa
327,327,get,four____,____2168,
499,499,get,two_____,____2360,
553,553,commit,,,
410,410,insert,two_____,____3063,c2D3IRYsSXB2bOipifPvlSmElIz9Lnsb9J6k3sDP0F
566,566,commit,,,
322,322,insert,two_____,____2609,AryHhXBxjuA3Y0S3y0HaEAYPYF8p9Xbvl444s1RRrdIe
427,427,insert,one_____,____3148,b59aacrTppjadMQT0jhoB7oXoIbDCtan9PKfHhzi0AIioF9rj90QxCd
620,620,insert,three___,____4134,SPpN3i0ujTGFOgB8tOaGAqX9lZgd7o8e0dkWS3dUh0990ttuYzVuVz7H
453,453,insert,three___,____3283,hkpxnUgfOxuVBpBOwmUHI8Cu2EnMENIzPeYPrqP
459,459,get,zero____,_____261,
334,334,get,four____,____2355,
864,864,get,zero____,____2733,
247,247,insert,three___,____2220,IHiPyBnL330WI9t4I3HnSnvMr8ZMCYTMw3S1uELF
546,546,get,three___,____1551,
453,453,insert,three___,____3284,Mhq35RdYI8yvWfOpbQilmyEK6YU4PiiMJft
427,427,commit,,,
405,405,get,three___,____2842,
349,349,insert,one_____,____2745,wYVBwRXyZs8P3or6yUasuUM1wC6pWCH7W2sX6ghJ9AJZYbtIXprcEVswUJ
322,322,commit,,,
341,341,commit,,,
343,343,get,zero____,____2537,
410,410,insert,three___,____3064,KCUUbPVT22ENKbh8qOskNKp0f4qg91GCCAfzPreNqHwDA4Y3h90CbfEdCFHaaq4
793,793,get,three___,____1435,
494,494,get,one_____,_____179,
615,615,get,four____,____2711,
967,967,get,one_____,____2080,
247,247,insert,four____,____2221,ueYT8xqSB458TvCCEZvvBmKSoQNXQJq369ZR9iYqz
755,755,get,zero____,_____680,
304,304,get,one_____,____1293,
474,474,get,four____,____2843,
864,864,insert,zero____,____5307,sAKrCrUTHd2ZGwP6Is8ixKu3b9FKHMX05E8tmN1732
920,920,get,zero____,____2846,
325,325,get,zero____,____1344,
479,479,get,one_____,____2713,
247,247,get,zero____,_____897,
499,499,get,two_____,_____936,
281,281,get,four____,____2038,
394,394,get,two_____,_____548,
343,343,insert,zero____,____2718,Qcrcd52zNfasjoFzMgXlNqJKRLA7s1JQ9zbIe4EqjdyvMrs
499,499,insert,two_____,____3501,SuYAYZkXCW7iQFjmiFtXrXDWYU7wnobBZZI
290,290,get,three___,____1023,
325,325,insert,three___,____2627,5Ju15mWWGQ9fBGqzgwXzEY6a2H9OqI947z7cymB0
335,335,get,three___,____2276,
287,287,get,four____,______61,
762,762,get,zero____,____2708,
323,323,insert,two_____,____2613,NW664RJRKWdBeGxxP58g5Ftc5pEgUx5rHmcxo3kTtexEiI3QA
920,920,insert,zero____,____5558,dKAWj3BtwrqcZsRMKHs65Pi6a7ySP2PtmWk0rfqDz5ScDSUe8
384,384,insert,four____,____2929,rHY0wZTIMQ4QAplJ89uFZySwLda6E3rfJ
405,405,insert,two_____,____3031,Eq9sDIqP0OWduNdQj9SMCcdw8eOkROqRjCHjYucoPJQXBFhdH9ajwf0RXaooCI
344,344,commit,,,
459,459,insert,two_____,____3315,mRnRzpKErWCsyfB3o5BYfOq17kgxUQuWwy0lH
400,400,get,one_____,____2597,
323,323,get,one_____,____1092,
465,465,get,three___,____2723,
325,325,commit,,,
385,385,get,one_____,_____995,
278,278,get,two_____,_____214,
362,362,get,three___,____2627,
471,471,get,one_____,_____737,
290,290,get,two_____,_____355,
494,494,get,zero____,____1222,
255,255,get,four____,____1836,
465,465,insert,four____,____3344,XtgJAGAcB4qnGtQyS8MVO734KI1XLYrtdUIfZ1U4u7RXdwZsEUGTC7M
734,734,get,two_____,____2609,
323,323,get,four____,____2538,
362,362,get,three___,____2741,
290,290,insert,two_____,____2452,SrMvZOgg70BCCBT8JBPnREQxFmFm9OAVPLJ4cvUFIB0dfSnRC
290,290,get,three___,_______9,
307,307,get,one_____,____1646,
287,287,insert,one_____,____2435,tdhg1hNWRMVFuqoMInoldlZSmfFrW1kEADlJJiQJz5
323,323,insert,two_____,____2614,uKpjQFZiiAXk8ZWMbGPdotWMs6lSBls4gmZGBCxDs
494,494,insert,two_____,____3482,3Md4SApwKDzizxbckGTnKy0SsPjevHRQtVT
362,362,get,four____,______86,
361,361,get,one_____,____2626,
494,494,insert,zero____,____3483,ahoWed17swBjPm6e1PmKDvWmjVTLRlPxSMpz
370,370,insert,four____,____2862,tEYSEuK1EkNn2Qb8LxkcayNu86WKhKKk3KaG2jSPAT2L9GZ
460,460,insert,four____,____3321,nFG2ue29cXrUe1MGIACK31gvZnasuCFAL4e9Oxah
336,336,insert,three___,____2683,ieklmS6YQbt9vYI3BdUIUs9MEi8allVicdXcyGWCnJqffwjknuN9KK
494,494,insert,zero____,____3484,4xEqkFzNlmTOJyOZaUVYqg879fBK5pzgP0qd9ozWg9myV2T65gk
410,410,get,four____,____1472,
401,401,get,four____,_____497,
672,672,get,zero____,____3145,
349,349,insert,three___,____2746,ri6A1kvM5oztu3pu0oXIefKkOZqXqeAWu01iOqh4OS2QaQ
465,465,insert,zero____,____3345,xMD21yd0OjZpB4X1kKCp2tzfBdDN4s8Cg4oB9eQwaWKCG5UVKi0XeQZ
659,659,get,zero____,____1522,
494,494,insert,two_____,____3485,xpMYbu4CYGo6XXlVd7bPM5z5gUVesFbbANeZeQ1axhDYASIL0lc
782,782,get,zero____,____1436,
362,362,get,three___,____2550,
314,314,get,three___,____2129,
494,494,insert,one_____,____3486,4jnIFrF7zU146EwyxePrQrEYjAyEruGw0TfYpk27VriRSDn4S6azzphXB1
334,334,get,zero____,____1554,
864,864,insert,four____,____5308,uFayiQfg7Qmb8HVKkomy4TK0QkPNvuDv6JuexT
278,278,insert,two_____,____2379,GCfLhOa9v0oRvWVIHC51sUbm9GOdLCtDQBuDT3pvfA
349,349,insert,four____,____2747,rLV2SjLA7pELUKwFiYSJEX3ePkRgaXJxihaqafyZijqEynzV7
281,281,insert,zero____,____2395,cmWZ7cavfC20E3TwiNE86NoNsOjqp1XJTaweVZ7hK6A8IAI3tNduX
334,334,insert,three___,____2667,VnoORd3IHI6eekAowcYFBqGQq0KfKsqbPgHlIpol6bjdQiXe2aVhXVEXjMV3R
967,967,insert,zero____,____5810,AL4vFyOzVEbeqQyHP8CuQYZizczEnNYdstqC3jMQeGW3XhrSeK5ndJWwDUuT
793,793,insert,zero____,____4965,Ox5M65E2fdLhEu7RzDLBrxXajBrlXQx6cPiEZC66M6X7W78ynlRGQJJj
405,405,insert,three___,____3032,pMNAlhRVZRhTZBr33Xmbml9otb3eBLkNlm597RALMCrEQWmatz1ClsF
982,982,get,zero____,____2712,
290,290,commit,,,
390,390,get,two_____,____2623,
361,361,get,four____,____1685,
453,453,get,four____,_____971,
453,453,insert,three___,____3285,C7YCpTVBdbhuXFXXA26sC0IcREFWJxygnMl44D9Bg6WVjIeGN5
453,453,insert,zero____,____3286,3wSfvuwZqjsiBrKT1CfPTMAw5u2QKM96gqe7savNGFu4
734,734,insert,zero____,____4685,hjGswMo873ouKujNRDo2QnD7EPwQpTk6YBy
479,479,get,one_____,____2595,
281,281,get,three___,_____964,
453,453,insert,one_____,____3287,HohmkNAXJWr65hPyu4MglE2u4TnYuulVoMht4dIgali3hjGvJmvThJk
304,304,insert,four____,____2531,VEpGvEDriIlSBBRr1O7sOAapsATaBvru0QfU9k7l
287,287,get,one_____,_____138,
323,323,insert,one_____,____2615,7roYierrGmUqyk54ileZ59Eog6LvXEurytCVnPee2RiyKGEEZ7P5ddaxCJirxc2
304,304,commit,,,
370,370,get,three___,_____293,
465,465,insert,three___,____3346,OI9eqbl8EPeJtACYI6eiJ64tBQzpWW3oHoQNpJ1JSMObTEHP9dU8D
426,426,get,zero____,____2082,
362,362,insert,two_____,____2820,MJ2RvPL6mMmmlKkNRN4zaEdm9dXU9a74ysDp3uyvhviNGSpe3qKCqK
361,361,insert,four____,____2813,KjUITifydz5z67EsDcNYDJ4e6lYcSbuBC9WLR
459,459,insert,one_____,____3316,UUrFkIR9G2orNKdOagMdlzlzmfN8IFyqzPIo0edG1
247,247,get,four____,____1167,
864,864,insert,three___,____5309,cCBkpmgqxXEfkpQ4yZErey8QQop1YQ3EZJGkr6dPioKRfHgA54amZKGQARbg
327,327,commit,,,
361,361,get,three___,____1119,
659,659,insert,three___,____4325,WmPCTS50eXH0jagi89EH1NXNuOiVdgu2xzJcfjuQii
333,333,insert,zero____,____2664,l2hCZombOQu4Z3oUVkH45xqZvg1qJVRENas8p1Oxpf
479,479,insert,two_____,____3414,tvbBOBDlAWPtiwxYT98z4J5o7WzVySdJqC5nqcleTra21
335,335,insert,one_____,____2671,AnAnsfOLFs4JDNiP6vWyT90g7uOBphmT91Mwx9rwO2zZd7B
335,335,get,two_____,____2127,
287,287,insert,three___,____2436,En89ZVz5N42ZDegh22CjsNg0oHaTWlT0utyQWAoduHP1CSZmteIqAtGT7rZiS
335,335,insert,three___,____2672,w5mFBcNmfvj7qVFNc4XqARKDWjLzfSJTYcRocnqM1i6gnrqttbFcnWwE9Alf
394,394,commit,,,
763,763,get,two_____,_____548,
361,361,insert,three___,____2814,aUFpqUXMFffoBxu0f7ivS7j1sIltmZvUTYk5P
459,459,insert,four____,____3317,QOOWCzDiPLSvbYWNuqgXyTEhqBznzvvxBEraYKyYsX2BuS
881,881,get,four____,____2531,
499,499,get,zero____,____2357,
323,323,commit,,,
362,362,insert,one_____,____2821,TKhrY89W1jPSqfAqlIi3lWvSgg8OGiacGDu
335,335,insert,one_____,____2673,DAxIMFzfuRWX1QohxvyOIvNiX1lxLFurh0y2Q4Apr
390,390,get,three___,_______3,
522,522,get,one_____,____2973,
460,460,insert,three___,____3322,bKdqn1aP9LGOMBlV31PopmHfui4fWqKQ0sETcr
255,255,commit,,,
499,499,get,one_____,_____690,
336,336,get,four____,____1353,
278,278,insert,zero____,____2380,fTClkPXicyyaJf1MIs1XHSJafTNV3XyjQhc9KTyxAL
247,247,insert,three___,____2222,H8jzNz2oZraeRAMjO77llBLoI3GIIYehgOv9f6YOSHecSGS
335,335,insert,three___,____2674,fJvp6NZQFsj5zXiz2tWMOwNIEjv9Uz44hEqltYZE1F0FDHTJYu
400,400,insert,zero____,____3010,R50KFlj4Y81EcH3wNGwNvcGrWAW7q0IfQuVrILyDHPCsXoYTUJ3GE6qgEMn
334,334,insert,two_____,____2668,IDzqaDiodoMClLvaoosrPhAc3A8QLQDP4RmZaqjjMDXGEFkSuQyvHoTaVSE
755,755,insert,one_____,____4777,9JSeYrCt1T3ohBIZcItmLmtlFtfunwUivPR4LEnZF6URh2fwhFf2FfeD
287,287,insert,one_____,____2437,fjUlcqVMjZnXRGEOqWMvvW1GLH41dJj91n586CyfIeQksoL3j2e5ownIVV
247,247,commit,,,
522,522,insert,one_____,____3619,H4sb35V9qSLTAvICv06qT27zXbnE3eI9IMihYOpdxITIGs
334,334,get,zero____,_____476,
314,314,get,two_____,____2112,
287,287,commit,,,
336,336,get,two_____,_____773,
281,281,insert,zero____,____2396,41TrFYH4RDEvT5bTPYk4uknd5OWMd0F5nD6GNhCPxqr8MLi7sZkThnMN
314,314,insert,zero____,____2571,PJnsQkvbzXPxvIvn5AFLgTxteQPcrCXhKStSBHTlCZeKRIKzCiHOJerBfZzAvSW
259,259,get,three___,____2220,
479,479,get,two_____,_____884,
363,363,get,four____,____1642,
494,494,get,zero____,____2252,
881,881,insert,three___,____5380,iorDd1NTEAXI0MHDLq6ayOn2dFLDpHOaMlawlqfmEOUc4GtC
701,701,get,four____,____1364,
334,334,insert,four____,____2669,hOEEJlk0h6OFXXoW8k3QmeJwRgEFrGCUg
314,314,get,zero____,_____326,
363,363,insert,three___,____2823,CdzQVCt8NUNDhfWyGkSx5dYb1O5E3x0z
366,366,get,four____,______61,
499,499,get,one_____,____1514,
307,307,get,two_____,____1269,
400,400,commit,,,
401,401,insert,two_____,____3014,8A1zRjZSWff3cFGxhqslpt3eEoZYQhyXnbMj2RMEdySxsrGXZkWcmN
281,281,commit,,,
460,460,get,two_____,_____932,
445,445,get,one_____,____1676,
524,524,insert,three___,____3637,MH8oEn3z7So3I3dg8wjedrDBpEYa7RBhE60j5jup
401,401,get,zero____,____1372,
361,361,insert,three___,____2815,fp3K0O9fvT4roGCxJrIjCY0n0l6DXIqynbXLuvmUISqseIgNUi1hpr
363,363,get,three___,____1286,
404,404,get,one_____,_____138,
410,410,insert,two_____,____3065,RIqVCsaPds4NA5ewujfZc9n48DHJK81bJBjLxVOAd30F1uto6uTtR8Pquoh4i
445,445,get,three___,____2436,
661,661,get,four____,____2221,
390,390,get,three___,____1629,
362,362,commit,,,
259,259,get,zero____,____1280,
460,460,insert,two_____,____3323,kAzrWPP0PTu0YGNDnWQYrI3s3f5mTkpLZZrwLvuHuDj
321,321,get,one_____,____2529,
551,551,get,zero____,____2819,
353,353,get,one_____,____1073,
333,333,get,two_____,_____178,
335,335,get,one_____,_____651,
353,353,insert,zero____,____2765,CFrasfsHAzZLTuZdL45El4CEHB0AgOXcI7VDoet8Yil6PUoNSsCKskA5NmraGeZ
410,410,commit,,,
734,734,insert,two_____,____4686,gXjuYkGzDu0izvS9Gq3Ni6HTRqWG713p4aX
460,460,get,four____,____2289,
375,375,get,four____,_____464,
432,432,get,zero____,____3010,
746,746,get,one_____,____3061,
335,335,get,one_____,____2553,
370,370,insert,one_____,____2863,SvKPjfUb19gdVY7z7v5hCvRnYVZfkH8olQboAKA4q9qrc5X4bSCXNSD01De
314,314,get,three___,_____980,
459,459,get,one_____,____2209,
293,293,get,four____,____1167,
908,908,get,three___,____1023,
366,366,insert,two_____,____2838,IYuSojmtgMloyxs1aE3z1u2hZ0hDy99p77JUt245LE
546,546,insert,zero____,____3749,G9ZNHil4foeTzNHEQ0kNMLeco1BgB6Xtzuktl02RvrbYXLe1miJtN9
494,494,commit,,,
404,404,insert,zero____,____3028,Z8B1b6Ix6D8OIAom8mRBICdgz7Ygcn4NU5e
278,278,insert,two_____,____2381,QSiOMI7v9vruYZjsjNzpdfoIuGdbxyC7tWpAEVZG8QzaY6CbNekPhLNnk4qK1
390,390,insert,zero____,____2956,MVjIvhqiSgiR51dc1uBuxuHTknoBg232cvlcNSVrBBBqvExGyGpUewgbPnCRN
307,307,get,two_____,_____556,
445,445,get,zero____,____1791,
901,901,get,four____,______86,
460,460,insert,two_____,____3324,sjboqdjGDyq4ssaB6eEbqs0FfOqtm6SmJidLFlPvtxFY8ZEhUqgDFp
632,632,get,one_____,____2081,
278,278,get,four____,_____289,
632,632,get,three___,____2536,
918,918,get,two_____,____3059,
739,739,get,one_____,____1097,
606,606,get,three___,____3006,
920,920,insert,three___,____5559,rVenPsfMAV2pIxSWJKcdVfhEDSWND3aZRBNY7PBddDOgaDi
353,353,insert,three___,____2766,5i743B84NSw9BaCSlcyifx5CNAahDviwXTnD7qB3TPyhGE6mYRmcynC
314,314,commit,,,
349,349,insert,two_____,____2748,BjRiPusehhfHEVoJjRYX5STmxSZ3J1GlhFwGVZUDvKRn
321,321,insert,four____,____2599,Bu8s9tuUh6LbwkDdSELpYprzPeySRzex
361,361,insert,three___,____2816,4WfbJBlAMHTcWWjU85jQ7WDRzbzYEagbYW
575,575,get,two_____,____2613,
522,522,get,one_____,____2959,
531,531,get,one_____,____2569,
361,361,get,three___,_____711,
307,307,insert,one_____,____2540,kUuxDB5nbf3xTBqhHkl8XalJZfFBeMPDFNBGmgEx1jGoXwGFUPoMAHStwOrsXFka
307,307,get,one_____,____1027,
459,459,insert,two_____,____3318,lM1uRZCixkQiXVkbGkO0hhu7lzGhDLrJ8bELLhnFuKka
286,286,get,two_____,____1786,
286,286,insert,three___,____2427,BT3tUf81NlrFeFHXeEx3tfrC4DohTZDxM2aXuqvKnBcJxYOamVRGaw7
444,444,get,zero____,____1209,
534,534,get,one_____,_____501,
763,763,get,one_____,_____322,
259,259,get,zero____,____1708,
390,390,get,four____,_____253,
404,404,get,two_____,____1404,
445,445,insert,one_____,____3245,AU2IRXGCMP6saBFIWPYgOnSHw139UO3igBnvdb6IGhMIVcLkxrvXCED
857,857,get,one_____,____3486,
849,849,get,two_____,____2260,
734,734,insert,two_____,____4687,bB0GGQUJwb5MA1CxYGne2kKjagkUYtV551YwlQi0lEUtd7ZFRi5j5mloKdGmBg
259,259,insert,four____,____2284,4sFiACY6UsSyYWoK18Oeg3HUidl2bmKTUu3UHcETVSfr1z8KYqxwY
444,444,insert,zero____,____3237,x0HqGIapJ6Mf8FPL7kThdTdyqrHyCbZea4KhNCJkbFT9OPXUT
918,918,insert,two_____,____5547,IZCOIrSxGqqRz927zNs08SDibVjVXaXcUrqA5Ajs
375,375,insert,zero____,____2883,0unXdluIkqAffoUAohUe40h0wo3JFk5Rh6U2MPBfozDTp
659,659,get,zero____,____2040,
575,575,get,zero____,_____720,
363,363,insert,one_____,____2824,UjXRdzKRPg4lu7nYwgi0iDGDduLzyzYqzpV0
259,259,get,one_____,____2054,
534,534,get,three___,_____542,
361,361,get,one_____,_____750,
445,445,commit,,,
405,405,insert,zero____,____3033,8hkQyDdCmrXmTCHYUkxMPuNr4UvsegO3gop4T4P4I4aFAQ69j4y
606,606,insert,four____,____4053,0mAWv0RGF9pCSLDFvrpDLULi5C80LblAlYva9picXQH
336,336,insert,zero____,____2684,FIw9nh2KDSwpocHH2AwP79P44CWWjAv2EL2SmLGcCslZSHPclhTDkaRVd
370,370,insert,two_____,____2864,CbJ2NpH4BnbR7XG8bvmeKzn1sSVEVFCvfUdHTtb854Hj1O
705,705,get,three___,_____776,
370,370,insert,three___,____2865,wtmAOgzKUwg1b92yK9bCxKdvgEwf3Ozn2FTjrp5YcCMmIpvi9qxizW
490,490,get,one_____,____3245,
335,335,insert,four____,____2675,YTD42Ui45Y8xU1VBELGMjBrbMLm8W5oXCdoOyEqkior
695,695,get,zero____,____3484,
363,363,get,one_____,_____989,
527,527,get,two_____,____3243,
459,459,insert,four____,____3319,EFpUY9K0HeWLR5hz3gpFtAF6h5OluDzSvG7eS0OdNe5t8B9V1cZy8A4f
459,459,get,zero____,_____520,
891,891,get,two_____,____2112,
333,333,get,four____,____2654,
569,569,get,zero____,____1791,
375,375,insert,three___,____2884,gzYLyOYz9nCYeXbiCfTiVqDeiSj2MCsw4CHpp3xCs
286,286,get,three___,____2244,
405,405,get,zero____,_____740,
259,259,commit,,,
404,404,insert,one_____,____3029,1te0Ls08Oee6XbwzZ5FIIZtE7THlEY6D8Bz0rH0lSE7BIqfdLzOvLGI
335,335,insert,four____,____2676,lHw26sOYfcbStsqZeriZbkps0yIwLDgFlhqUeoll3wFpgs
632,632,insert,four____,____4203,PedYtBwWjgp27SqN0BwtJIfh5CZAjsUw4dc47AjRnmaD6rb74HiOOT
891,891,insert,zero____,____5427,L60wKJLawAJXSbeJYk9vMvYhj5ssn626j3obQTzbgGkkazFq
278,278,commit,,,
401,401,get,four____,____1037,
363,363,insert,three___,____2825,TFambO1m9hc5s8rLMGnfnKX5NVXeMNzx8xJ
460,460,insert,three___,____3325,ws6KJtoAbi08lLqaq4MUEFDYKI5RH0DsdVBfrrZMLdfxxbpWuX33Z
467,467,get,zero____,____2394,
345,345,get,two_____,____2378,
534,534,get,zero____,____1222,
345,345,insert,four____,____2727,a2cujUpDWlRWbDBIlGy2eDQNFCCaLqjIJ17lfGPWEH8YnTWH
401,401,commit,,,
551,551,insert,zero____,____3781,ZIeq350fw1oV5JtELoyqu1bQ3Sazfm7pfHePmeMTkpkH
333,333,get,zero____,____2250,
361,361,insert,two_____,____2817,CWQpfaLXTLk3FD9IipPkJOCOXFlChpAUiO88sACAYgmXW6ZeKb74qgnuZZTLue
522,522,insert,two_____,____3620,R1cYxgOUpWb6H3IZeqHPfuE19W6PQpZVvByRMThwUeRa4
606,606,insert,two_____,____4054,88tFuMf5ixBRWxL2a5ZUgJ4AI0oKtexKV2bnqTTZ0Qm7Nnn1dV
375,375,insert,four____,____2885,k3g5vNr1etvIU0A1X3hizx7Wcqt3roDAXI
307,307,get,one_____,____1170,
438,438,get,zero____,____2395,
551,551,insert,zero____,____3782,zDErYJQCVP7QOPeip7esh4o8jiuJvzqU06nwGCKXpv4SLtlXBCNSiPuzcKBhl
307,307,insert,zero____,____2541,8550uBGs3CoXb8Ihw18jzYorFUKu2GE1vY3sWNcg4S7ssRgvx5L1gDpqVHC2b
370,370,insert,one_____,____2866,1ODtYpWgTLsaFUlsn1q0at9PyP0edX4L5jBSwWsy7zd0H
333,333,get,two_____,_____468,
459,459,get,zero____,_____380,
404,404,get,one_____,____1922,
534,534,insert,zero____,____3685,mdouAKUYHGEYofE5YWOCPYX1k1BksrN862PpQ8cb7ythZTCF5plmAhz1
496,496,get,four____,____2264,
375,375,get,two_____,____1276,
454,454,get,two_____,____2381,
460,460,get,one_____,____1424,
849,849,insert,four____,____5234,HQxCpOhnCV7ARVTlt0CBDKBvftII93r7AX40mAM85oYlYhU8L
321,321,get,two_____,____1137,
366,366,insert,three___,____2839,oOqanWr7D4s2I6NmzSCkVXZTakyuxbfY91dfPQmJvHcLm7wZ4DKz
405,405,insert,one_____,____3034,xbllWjjkwH52yxfpISbOdhZ45a9qWPJWUnJb0p4HYfjvcb6jfeqe8GklN2Oh
527,527,get,two_____,_____140,
405,405,get,zero____,____2068,
313,313,get,one_____,____2054,
467,467,insert,zero____,____3354,78A2sPrpVBjV8GlwYkhrWO2IxRJKcYy1AE5DdO
365,365,get,three___,____2129,
370,370,get,one_____,______58,
527,527,insert,one_____,____3652,EUQjNROebA4lZtpqNQ1nVxou0NkUqhGoHgmQtHae5G0U
531,531,insert,zero____,____3670,SmT5K0j24bURjGvxEvTlLEzlVca9xJioOt6VazGwwA2XwBE
361,361,commit,,,
606,606,insert,two_____,____4055,Y30g7XhSwHgGqg4ydNk0gCkO2siQGsQW2qGVdq7
333,333,get,zero____,____1940,
370,370,commit,,,
569,569,insert,three___,____3864,fJcpjfh4QzWmtPplVVIBY1bpIAK5gfhadwZVsq3Y
345,345,get,zero____,____1009,
527,527,get,one_____,____1993,
606,606,get,one_____,_____794,
376,376,get,three___,____2865,
345,345,get,four____,____1422,
365,365,get,zero____,____1322,
557,557,get,one_____,______58,
404,404,commit,,,
313,313,insert,one_____,____2562,aS62PFCtZuJL86aLzWxWaiBY2nBMBf9waMRgMNjE
453,453,insert,one_____,____3288,VVNf0YNgC7MhoQghUDb7sLPdYt5YWlFGyLBA37JDg5wd
317,317,get,zero____,____2283,
444,444,insert,one_____,____3238,3F7tLexc2oyxQeltM2uj3QVGfMmh8JppkQLyvjmBVGL
705,705,get,three___,____1844,
444,444,insert,one_____,____3239,hh6J7RnMN2XmSv4eshCitlxjRu6PKAd93UP4KBHgMb
499,499,insert,three___,____3502,s9cbzuKjNBmmuo1EQQY6L9tvgJiubX2NYOzQoEdXTcxNG
279,279,get,four____,____2284,
335,335,commit,,,
317,317,get,zero____,_____114,
918,918,insert,two_____,____5548,Y8RezMMvx8ImjRanIRY9qT0hiZL3mbdOTWAE5nGIIRr2kRda
321,321,get,three___,____1822,
405,405,insert,zero____,____3035,xis0bUcTYIIGUBuiCXrfK5W029mUz8ygGOv
527,527,insert,two_____,____3653,HpVhIayr1uUXrhvGqDw5HNeGnHPej3NX026qKOTwu3OXjh9E9Bv7EiC9e5
438,438,insert,one_____,____3204,ZTouGQFlWIPQEo2VN6WdYamBNZlSNLpEDMFBx1JXcgZFtTYyBvhSuj0dCyVT6
569,569,insert,zero____,____3865,UQASjq8MIksyHpw3Oe3IkKrAkx7GgCXWWbtOgO
460,460,insert,two_____,____3326,xcA3lwa70drxZLWBaNSvzyJDBWP0J4OIcqNpA3gjYCBBLVUFE2O7cm2q19Vjpi
363,363,insert,two_____,____2826,V06lzLJQxqdQjZX01R9QXCBzE2mBgbELlOYQnUaQQaEZkqtC2
336,336,insert,zero____,____2685,GKBLcVTT65x7P8zyTKP2gn3uWZWzaOhSMWLONw2
551,551,get,one_____,______71,
269,269,get,three___,____2220,
363,363,get,two_____,____2500,
286,286,get,one_____,____1414,
499,499,insert,one_____,____3503,jDEHPgsgCeNIXT549YMtTXVas73GB62w2H
366,366,insert,zero____,____2840,8XCt0hje5pFi0FE4usAV23ZWQP6HhUo5T1GKYmpTMg4jAz7ZhN0CgmCWipv
569,569,insert,two_____,____3866,dtjW4HDKvwXG1Jak5zhazZLNFqaYB7cxa
522,522,insert,four____,____3621,NEpuvoUySyRJuFx0p1pL0fWucDAB7ZweaQyB7f0D6i9n3mMbSi70kt3
307,307,insert,four____,____2542,Gffsyh2eW6AHxDDsuDble6HFAbQfSQ7ujiHN8Z3qz6J1qg
390,390,get,four____,____1744,
365,365,get,two_____,____2180,
321,321,insert,three___,____2600,yMJ3ZdgSh0kJF5NgUXzCvYT2MDsiZeCs57tRoYXfHVLvXcqB9Qe
279,279,get,three___,_____618,
496,496,get,two_____,____1597,
286,286,insert,zero____,____2428,5g1tTNWOB5nkrNUiIajCBGy4xuUk6AWB
269,269,insert,three___,____2329,K8nrJH9Bh9s9OEFZA4R8xBrSPhDC4ZW5JcLlf
340,340,get,four____,____2675,
279,279,get,one_____,____1851,
378,378,get,one_____,____2553,
460,460,commit,,,
365,365,insert,four____,____2837,s1cHeOOn377WwjjZBVh6ru0RlKSD6fMY2lc0qmx1gH5yfkOU8
575,575,insert,three___,____3897,J7F9Bgrt7PbG3Rfw9fuu9ojmDQ9NVrOLYLIost5S0sA4UBgGR1HQZVI
366,366,get,one_____,_____115,
390,390,get,four____,____2090,
438,438,get,one_____,_____681,
366,366,get,two_____,____1512,
531,531,insert,one_____,____3671,zUD9RLrrqY31MIQuut5AO8RH1GUXpaECB31vTNTltwmLWR
453,453,commit,,,
557,557,get,one_____,____1260,
918,918,insert,two_____,____5549,x6U5OhOQpVElEpqcr0xcKtljOwgGVYj34mDEVhYzcqfI8yWEnQwMKU
366,366,commit,,,
467,467,get,zero____,_____495,
447,447,get,zero____,____2455,
516,516,get,one_____,____2626,
336,336,commit,,,
343,343,get,three___,____2682,
340,340,get,three___,____2672,
389,389,get,two_____,____2864,
340,340,get,two_____,____2517,
378,378,insert,one_____,____2897,2Zu6TUAiT4ZILOyAUj4rV5kx9LXrQ3WmpgdKK3ER5HVBEQW
516,516,insert,four____,____3585,wvyQwVTGaFfLwKbN74S0pjr3LraHqHx70b1SIGZYkBL8CmH
321,321,insert,three___,____2601,wTjsERtySLW0DurZfbnsSFlxGUFOqNqIS5TF9yOgxTurR3Tlg
557,557,insert,two_____,____3807,NQ3MxLeOKqtWec6Dl6ZcJgsbaFhqXURKjVEGMi
352,352,get,zero____,____2685,
535,535,get,two_____,_____773,
531,531,insert,one_____,____3672,urqLD6G89lCeJqblgT6wl03bJu6ccdp8Bqi6xMS2
286,286,get,two_____,_____549,
629,629,get,three___,____3285,
583,583,get,one_____,_____115,
557,557,insert,zero____,____3808,jeN7120EMlxxFfq8OgMaZwMMhvpyWO5I
313,313,get,two_____,____1236,
307,307,get,one_____,____1077,
269,269,insert,one_____,____2330,EBBtGWtLzrdv6765TmMHNrm2C8nNzmD6TMbpwtHUCT9vsBvUNIh
279,279,get,three___,_____534,
438,438,get,three___,____1201,
705,705,insert,zero____,____4540,onqVo9xxuVVxg5MlaSwLZNpkrCtyE24XNoel
333,333,get,four____,____2545,
286,286,insert,one_____,____2429,VGt9m9GubIBhMoJny6bjExyU4Rl7pzWFnTKS7eoY3f5TRaQau9MpkHvDrsIQ8x3
438,438,insert,four____,____3205,dkg78cU5MCa3R8TgcgsqylE3NuCV5fzMdLaqbnf4twb0palO
680,680,get,two_____,____3326,
307,307,commit,,,
705,705,insert,four____,____4541,Ljv9tzHSdieusyCC2MfuHxplJYwgpLfcXyjRnvdLL2vhcrvhf2GQK
575,575,insert,one_____,____3898,LQrD2bA8GQfQoEH5EshRSQcElMPSpy7kBdLieKDIys83CwfpkJf
313,313,insert,one_____,____2563,zA5YIj0w52XTxiwJQPHeGoZfmrVKJyWbgY
629,629,get,three___,_____375,
405,405,insert,two_____,____3036,ddLReE2iGRUsWEoI9sar7zJWTHPzvQzmGuRXwwggG14nVvv0MQPnfkp8rnacZ
467,467,insert,one_____,____3355,AV0Wh2QnVD7iZ6vxFtzAeKiD0EmXQM3bhVrL7grt0aHMWOQo604hwss
444,444,get,one_____,____1929,
522,522,insert,three___,____3622,xaMgTH11y6rXiCX4SxcD6ypFkDjTkR4Xfw9afm1GHeY1d
459,459,commit,,,
315,315,get,one_____,____2539,
321,321,insert,one_____,____2602,sAKYDEstytt3uKqZL0eAgYc3XG0drLkMwVRImD79Ir6sq2r9IDMwIVDLM
629,629,insert,one_____,____4190,IlRQSLW2QLt1fLdeGycwBK4nC0RvCkostbZ7dRqaT
315,315,get,two_____,_____363,
434,434,get,four____,______61,
340,340,get,three___,______69,
496,496,insert,one_____,____3491,Chqu2TMyL6hHrpGQNHXXVFl4tl616b8rXq9T
365,365,get,four____,____1866,
375,375,insert,three___,____2886,txJe60bHGPdCaLqYwAOLV7kKsHa3DQfljpGcWYamW9Oj9McGKzCWkYF
671,671,get,zero____,_____380,
438,438,insert,three___,____3206,NOtCDSvPvFcn5AJU9mP6exLQFeoEvkOKKvzBStiqhJXxqJZpXzaQkgbWVTLc
557,557,insert,one_____,____3809,5sQCnUXHeThmbb1rl27DB1em4lGKOtLBbtKixJDstPSXxnjl3uhV6
279,279,insert,one_____,____2384,FHYSb6T3zIgoWY1lTIpTVxD89B09kM0OgVvuJ28LmhDFqnP
583,583,get,two_____,____1115,
317,317,get,three___,_____994,
467,467,get,two_____,____2503,
447,447,insert,zero____,____3250,yAkS69xTuPfa6D9iJF0BUj0IlNU9QsZk1WJRIcRV1Y
315,315,get,four____,_____211,
499,499,insert,two_____,____3504,GtzouLzQyWIy64I21VpoW2gtdi43CoDzPVY
650,650,get,four____,____2542,
918,918,insert,three___,____5550,moNXsHxk7dEPX257QV2RGetSYLaLXSiAEuu1ReY9BN4IzGlW9qp
531,531,insert,zero____,____3673,24up4FWxtaQOGlnXIUkjexhTjtN5K0UxZj7lp581Lns8tQZ
499,499,get,two_____,____2452,
345,345,get,zero____,____1047,
705,705,get,one_____,_____656,
365,365,commit,,,
363,363,insert,one_____,____2827,w0ObZGaAfAVjStaQwacjE2STlF28Z9g1gbKRywgP31J332varvowpDbhSYMTZf
467,467,insert,one_____,____3356,608Z61LibuMfh3ukomuUDAwBOC4OPMaxjLQI6LGZgHi6HQpH7P9p1zFiESkq4JBi
549,549,get,one_____,____2836,
671,671,insert,three___,____4379,ejEZwaqin2Glm1AyvY6uHI0jpAY83U62EfPsXHk3UQhXEcQSztxaaB81d3b
557,557,insert,three___,____3810,Axt7yu5hfckOnuIVaP3ENsA6IPeKEaStPKhN503F1SBp8zLKWMUWaunmQMGDTz
352,352,get,one_____,____1678,
534,534,commit,,,
438,438,insert,three___,____3207,GZKIRIiDfBk5UFkBryfLm0yKB4VyOys6kLoow8iU2fgMfn55R48W
629,629,insert,zero____,____4191,iQ0o8cwcxkxFU7TUhYzx8k93Nu7eipyaLcBD
535,535,insert,two_____,____3686,Dts7rogA1UtzdpmEUsLbXSpHaDweOw58zvbAJIXqea8umsfFjn502
363,363,insert,zero____,____2828,65i3nnTpF8wRWbz0AfWdL46MiwKv9h0qYHX61gQn5Q5NiF4kCjMo4HI7SxjVjE1v
496,496,get,two_____,_____164,
345,345,insert,zero____,____2728,BgcxIhxS6JLqjAYbEqB5cQ7AEciv6gFYea2EIOXEC9jtXwCP3X8VIJF
549,549,insert,zero____,____3769,MRc8al4t7epCsbBGbltR9rv9RXFPfKfJUcDFGS6LGCVe3hyfbvcNNL
583,583,commit,,,
680,680,insert,zero____,____4421,Wd24VD7g5vnaXvZN5J6eb4BN35hb2BNEjvXJQBE9XgB7NWGvY0aMPUVJx2U5qN
333,333,commit,,,
447,447,insert,four____,____3251,QVA6T8cPUGaquShP9ketkTm1VMAj5wdS
269,269,commit,,,
671,671,get,four____,_____839,
434,434,insert,one_____,____3178,WMK9jQwWADcflECn6BIK4llfXgPW1zaafeKFkbpkd7i56dopcHCHWJ24uEQy
527,527,get,two_____,_____468,
946,946,get,three___,____3943,
349,349,get,four____,____2663,
549,549,insert,one_____,____3770,UqxX7OAUoAxCuaXomTzGMyjG08akwBJNTcfGh3NhcJvPcCRovLDa
800,800,get,three___,____2220,
293,293,get,three___,____2328,
390,390,insert,two_____,____2957,FGlvS5nFE0L97e1lwKLaq3HAYyDaBKS7t6Jhw
516,516,get,zero____,_____654,
318,318,get,two_____,_____556,
800,800,insert,three___,____5003,8O8J747IPnQFgV2E8tx3oHAVgFI9SmmpOXKFogpTu7DQuNF9511FmpwuV
946,946,insert,four____,____5702,s19QwBF7hvmFCWnhETD3zHqFz4IDFF0Hgj0vg1FZbqIEzyETagN8d
279,279,get,one_____,_____450,
680,680,insert,one_____,____4422,nLgtQLBZZ0EtMAdMj26cNUbpkR5mGSeaxFsmShF
730,730,get,two_____,____3941,
629,629,insert,zero____,____4192,PT95HvyiqLATCWctYNLdo3poqPiCrYBmf3P1lfq9QR6wKkGAxMaM0
527,527,commit,,,
677,677,get,two_____,____3940,
352,352,insert,zero____,____2760,6fCkbE3hXqMeOIZ4zXhqktYzvFrOHmhZrb4bacE3W9bBjKdTNV0fl242DKWdM1Ro
363,363,commit,,,
429,429,get,zero____,____2250,
535,535,insert,four____,____3687,icSqhWm7KH3MMBM6K6PaugrVcqv96rVq1ICYAZSmW5mOeNpCmatl40cmEK6rbm
671,671,insert,three___,____4380,inc8rwltVBTdwbuc5FSqtOKnDcKGikq4Ig1XUDRZgTE4T2
629,629,get,two_____,____3277,
535,535,insert,one_____,____3688,vSjyA8i3ZGnBVkyJguivI1hfwOZcAKeOt9or75Z7eIPsjmuj2a6kC0
670,670,get,three___,____3651,
467,467,insert,zero____,____3357,A4WPM7hAA52Q1Hc0PH6sR2CloslgJhIn8
343,343,get,two_____,_____343,
376,376,get,zero____,_____477,
429,429,insert,two_____,____3154,zi5zXiR77koqp8z3wXBgFSm6MjoGWksoyL7DH0Dkc2NHgnSR8gYPS
671,671,get,three___,____2142,
671,671,insert,four____,____4381,xyP191BIpQPkmjps02ZhQDQ2V8uaAD7BYUx
816,816,get,three___,_____542,
352,352,get,zero____,_____758,
378,378,get,two_____,____1941,
376,376,commit,,,
730,730,insert,one_____,____4663,Wbih8ypZKPLZoERaKubfTrPZzW5eFAQTTg
705,705,insert,two_____,____4542,0HiEgeR83fpwkjLo7yhy4Ds1c6EQlxUicu294SYHacJrOSWyQCFqn6iq0u
535,535,insert,zero____,____3689,So8UkAmJQmwolS2YKVGEGmbHVyd0U3Vu8TStFj7IyRY9HAvnVOseGw7wITD
389,389,get,zero____,_____529,
293,293,get,zero____,____2042,
467,467,insert,zero____,____3358,ky2PQeOJI009xPapzbAR6N26YDU0i5PN7KIqo2y4KbNLREfgeA
629,629,commit,,,
650,650,insert,two_____,____4288,uePgDFmtqdw6fyrsclXZK5ryHUjZdNqqw27u9Qcn
549,549,get,two_____,____1205,
315,315,insert,zero____,____2572,4gPWhBYZarOoESsaHeTLSeFTUHFLfmrz0ECv2ssOIlqdfRkK80K
317,317,commit,,,
345,345,insert,three___,____2729,y6YC00hbMIIj1VJcI00ci36WGwv5OeseFD
549,549,commit,,,
429,429,get,one_____,____1696,
575,575,get,four____,_____496,
375,375,commit,,,
389,389,get,three___,____1227,
429,429,get,three___,_____640,
434,434,insert,three___,____3179,rfWTUm1YJM7qW7oXaGv3zeQfaFXGQon74uE3LD
535,535,insert,one_____,____3690,saNjAbFWx2wqgJFOzmcO8mUdO11QeWwsD7orM93Wg2kllOjVrn24s
671,671,insert,two_____,____4382,oKeHTOC8Aj00hCcVRHo0uxCqeaFkq3mHjwDzGpoqa
471,471,get,two_____,_____178,
650,650,insert,three___,____4289,N5enA5TqRa6DdtmwE5G7hMkaS4nS0PD7fGC2YBDwbOvh
444,444,get,zero____,_____299,
680,680,insert,zero____,____4423,E0Vc6S2X3M36x7HEgQKf91AGEckr0auMrM9EtOx
390,390,commit,,,
435,435,get,three___,____2825,
516,516,insert,two_____,____3586,EdZLbhdn7EUeX57jpBs78V6AuMMBruZJWMwBGQnnHDTnVQiob0G7MRdax
345,345,commit,,,
318,318,get,four____,____2374,
389,389,insert,zero____,____2952,QyLImguaexPX9t3bUPK1Dj3woDSQ2As6Znak0s87yeJqQQRtdSA
436,436,get,three___,_______3,
653,653,get,four____,_____253,
575,575,get,two_____,_____433,
705,705,insert,four____,____4543,HkzJDwFcPkHyHUnxujav91obXEhnPrNlPmtpo
937,937,get,three___,____2726,
397,397,get,two_____,____2378,
313,313,get,two_____,______35,
653,653,insert,one_____,____4300,lFNZix504R9J97eB4lGCx8BBGQ4O6K6qXj2T3mhuTucD
742,742,get,four____,____1422,
653,653,get,one_____,_____573,
379,379,get,three___,____2865,
908,908,get,three___,____1629,
467,467,get,zero____,_____944,
378,378,insert,three___,____2898,eeqsh7WIBrmdXZU6cZFpE8m1Dl6gFB4FF2KZ0hV
429,429,insert,one_____,____3155,IVWPOmEaSMjiicJOIm3NXjNdU5aYNTgFRTc1Eug6a9KeBZ
622,622,get,four____,____1810,
557,557,insert,three___,____3811,wNDbwVy7qi5S2ULQnARexbXPuTF9xvpoKQJQtrPVZg9Ggm
352,352,insert,zero____,____2761,xnpVMc1XnXjxQJHKMdOCB6ldZNSVJl2SefNXZEqM9b8nMcnsU9D
444,444,get,four____,_____263,
816,816,insert,one_____,____5083,H3yQWXrluhcKzOX6KiKo1cLIgAeqFU4wdcaPEplXLGYoP8vOc7dTtzmyvNk65
709,709,get,three___,____3025,
429,429,insert,four____,____3156,lXNfR9YMGs6OVnrzXI09dX451YYNSziDgDsG1UO1
800,800,get,three___,_____778,
293,293,insert,four____,____2470,FqV9XAa7LtY0OuZGW5v7ecCbf1jitkTdFidUvgojOnjhP7QoFlRtRBsd8
279,279,get,four____,____1204,
800,800,insert,zero____,____5004,Bpztrevvgj6QddndIntVBbsSsLQAlbZNPVbSA6qz01L3SY
313,313,get,four____,____1956,
286,286,commit,,,
444,444,get,two_____,____1994,
294,294,get,three___,____2425,
349,349,insert,zero____,____2749,XhKlAWBsDn6i2R5CMYvl5jFjLaoOz3F6RnULVtKRQO
737,737,get,three___,____2244,
944,944,get,zero____,____4192,
352,352,insert,three___,____2762,OhcTBQWayVdUQEKzTPpPrdCsM7dglcYZLDWwVFRlHVXqeRvw4
467,467,insert,zero____,____3359,B83WQsRPHgfqRl58CRNhN4gLmq8QITZHrwMhBI7FW38TvvGy
293,293,get,zero____,____2218,
447,447,insert,four____,____3252,QpQvk9u0W035tCfGo1iUwOoMQ1HZT4chUbDqIct4NjZn1btJ7M1ctlgHhU
531,531,get,one_____,____1802,
622,622,insert,three___,____4145,HmqWvjLnZCkM2cJi1beJHa0ZZYRLuja91B
467,467,get,four____,____2977,
858,858,get,three___,____1616,
748,748,get,three___,____2889,
709,709,insert,three___,____4567,GgIRNb1bTqikJACEYY1juYZFqywqDQ4NzSmmeJLCthx
429,429,get,three___,____1662,
471,471,get,two_____,____1649,
748,748,insert,one_____,____4746,wKogumPNxHxRtqOBdpuMsXuvMeDDsGfYcgbC
653,653,get,zero____,____1619,
800,800,insert,one_____,____5005,NgnIqCSOFvRdeHx0w16QsmoPTzrLvhbniprZirNs6EO3
551,551,get,three___,____1084,
705,705,insert,three___,____4544,t93CVtVCjae8i6f52GcgwiIhrxs6WU3dweot
680,680,insert,four____,____4424,gc9B4d4FqZLFndmAPHbdCvw8s1nIjnoz66e
412,412,get,zero____,____2664,
429,429,get,three___,____2627,
349,349,insert,four____,____2750,ZR2jZfX6fDLZjKvs8KlWyhyzVVtb33WeL0NTnaafhFmYrocNag451DSKpJ6YJiN
467,467,commit,,,
288,288,get,two_____,_____549,
858,858,insert,zero____,____5281,3hVzyF3k2x8AhQBtEqPyh9bM1NbxHlNTrtJ09SscEtin2Zebe6G9gpL3zEK7Pv
535,535,get,three___,____2752,
551,551,insert,three___,____3783,2k1ei0Q42U98g5OP4LXxx8ZiqB4rNpo1hfDQY
340,340,insert,one_____,____2703,xwBIkRVyzinzInfwWR2hZ1aqj0PUpvVcA
737,737,insert,three___,____4700,Xr93vdmajkPDmai8EiogRSuy2GOpPGXHJRmxsN5szQwsYJAxtSszwR
429,429,insert,four____,____3157,sDrRXWNBUZv7ckeRBGMfIUbMjrydCL94y
712,712,get,zero____,____2301,
389,389,get,one_____,_____718,
429,429,commit,,,
438,438,insert,two_____,____3208,9tRJ4Rn4SBjNo1m59y0IVNMBw6eQ7A85fDjTR4kLcioY9vMzwa9ft5Qa3
447,447,get,zero____,____1594,
465,465,get,one_____,____1414,
315,315,get,two_____,____1269,
535,535,insert,three___,____3691,CB3C1e83UjkaXSq106P3GDhN5J56iyVXqqARKf1DJo3K1PAyGYj
379,379,get,three___,____2345,
712,712,insert,four____,____4580,N4Au2ja08gEGAIa66OKqzV4l4PpGgJEAjqiGyfTDhC3ixexoUF3raUPS5BZ
516,516,insert,two_____,____3587,3C7tKRct6unUq6FsN10bOialJvdKbbuFsuTu4k9g0i87DqS3oez7jJ3X7syIQ1gh
315,315,insert,three___,____2573,dIg5S26HMPIQq1Xzi7PEfWr8Ikywa2rNWJ3rqa2hjFF5KUo7N28nG8zolQd9B
447,447,get,one_____,____2737,
318,318,insert,four____,____2586,dbpRZ8vUPbxCAZp7PMwrVoTTh5Nqj1uuopNq
435,435,get,one_____,____1547,
705,705,commit,,,
318,318,insert,zero____,____2587,T0KNqqgY0u04tVRps4Pfdr8WzzW69R16RdW0ei5FIkD5vovJS9f1jetdF6U
444,444,insert,three___,____3240,majizjbcPaK0Q5KKQmeuw4oJTcV1vHZZ6qULFBuJ54ePaLfCoyI267k8WKu
871,871,get,four____,____2090,
279,279,insert,zero____,____2385,sgDprJxjlH0Rkmr5Zsl8jVmxZVyfTelCJrESDpoUHoiWE
499,499,get,two_____,____3504,
406,406,get,one_____,____2888,
293,293,get,zero____,____2021,
438,438,get,one_____,____2178,
397,397,insert,two_____,____2996,BwGrlXxBDcVvy7jQaNgwmkp1imOaoCqNBplwN1Twb
499,499,insert,two_____,____3505,uOV8qDdPXRlzaG9KSvECEWlxpqPV5Ven311JF4xmmT9JR2BY3Uw8QIwajwo
389,389,insert,one_____,____2953,nJbYX1kz8YDg9FMNq647E1SBDOF10EtEMih5SzGFQ
464,464,get,three___,____2552,
871,871,insert,four____,____5332,npwtmch9ykHVORR4VUoqKxE6Zq7kxI2n
349,349,commit,,,
378,378,get,four____,____2772,
465,465,insert,zero____,____3347,y2g9Gz6vFiozJvtiiBQzmBNUs66UGbc2anGfQEeejHcAtf1PNVIU3Ux
799,799,get,two_____,____4538,
464,464,insert,three___,____3341,BLoBjVypc9bo85vR2m5RKxO99AeCCabhkagnMR8BQjgKamVaeUfUWDBpDiw
683,683,get,two_____,____1786,
937,937,insert,one_____,____5660,OEGx3CMfvrfpB9v9GOsWtECAhV5HakkD6latSkO8iKijyekQekKknJngJQ
516,516,commit,,,
469,469,get,one_____,____1696,
406,406,insert,three___,____3037,Dc7zjcbfDcaAa0bbxbb8aCqIG1UBtiYgSbrZU8A
435,435,commit,,,
389,389,get,three___,_____284,
670,670,insert,four____,____4374,TfEeBDRgJG9MwnoANOWq64w0JgzYjAp0EtpSuCDxhVEPiY186
412,412,commit,,,
444,444,get,three___,____3160,
653,653,get,four____,_____616,
712,712,get,one_____,_____717,
469,469,get,three___,____2072,
800,800,get,two_____,_____948,
683,683,insert,one_____,____4434,LbUCtrw0YNTtXdIOGUcJz00lmNujoJVd13rJO2r5vzCQMKvstwBTC8ve
279,279,commit,,,
380,380,get,four____,____2750,
469,469,insert,two_____,____3371,OY87Dm8zySdtgJoE5RpFzECzRDF8Tws2FSJ35JXjjTcwdRDCTOcq7vZGBl
434,434,insert,one_____,____3180,aEAOJlBmnRid6mYzJzac8ua3uAva2JkbRftCYnUeCB2vY
294,294,insert,one_____,____2472,2rhYh9oEdjpi0G6CiAy6AR1ecyTvP9l0MWkIYbJrFBOJCN2nixzyFrKp1
315,315,insert,two_____,____2574,lFoT1TJ4PQmxUwPY8K84CXBUCEdAgVsErGyP2MvjbN3jXA2rpqr
712,712,insert,four____,____4581,8zZjIZ8i88QkKhHcxGqsNc4YVmO2SR3FtXJCuWw04cgm1xzMEAu2Yuc
469,469,insert,three___,____3372,lbDZK1pgqz6IY13ffAw0CqsX6UjQUHsMUBk7OPiluN7RmFXGNUPos2o969Lkm
683,683,insert,three___,____4435,Xgr3U0EJWB7uZnpCUiSlByTg4CPkREmRYhJM2IKCKr
469,469,get,three___,____3135,
294,294,insert,one_____,____2473,qqB58XTocjc4MCMRX0qY7eDw3p0eCHXwQAdMru7K6mXwhe1vcCE
313,313,insert,four____,____2564,y5ZaS3fsE2fqJLyKyblDVZeiKtiki6E46IoYnn9OSoRmkip2aTk9V
800,800,commit,,,
465,465,insert,four____,____3348,uHwLVLbAlC2SgfsVBZByDwfPidLatygNPs1lnkYYmora2v1MPFxkR1ZVHVTf4ae
937,937,insert,three___,____5661,r2qJxTggdNPYoxN79xoGO06w6GzEBrLfe8rHHBloBgHZten
670,670,insert,three___,____4375,SjPS0uDR5pWL8FFCmwyQKWd4gAR8SCEsHbYe693sbgr9P45MvRxD9DuqhvT1C
434,434,insert,four____,____3181,YkUhHS02PSkvvzCNwYgMPwzMyW3fOYrOAH3gxN3TQKlg2L
288,288,get,three___,_____277,
356,356,get,one_____,____2583,
313,313,insert,two_____,____2565,2ntQfigLWjQdSRMC4DnXYgIHeyzDy6Te587xrpMnJfclOD8pD8Vasz0uJg
424,424,get,zero____,____2749,
465,465,commit,,,
653,653,insert,one_____,____4301,AstNEm8u0q05duRqEjafZv5eWQwGQkiKLrTCTf1KJ3M30xUChGrAZ5QtZYI
284,284,get,three___,_____534,
380,380,commit,,,
693,693,get,three___,____1393,
352,352,get,four____,_____225,
340,340,get,two_____,____1197,
680,680,get,four____,____1872,
447,447,get,zero____,____2319,
318,318,get,three___,_____910,
288,288,insert,three___,____2442,2FP9I3ry93pOmIE8iAP8yFv5FYDH1IVVFNvvbR1q
284,284,insert,three___,____2414,Yw3uhJJQ1vrQ4P3RiJE3xlzPmogWtMa6kr3Lv9utIQYLGhhBZ
622,622,insert,three___,____4146,eo6XPYiVDAYzhqSwWKl1zefZq9ra6XZEFoSIxz1sP
634,634,get,zero____,____2385,
352,352,insert,three___,____2763,75EBRgX3WPyUJC6lcQuPDJ7FgCVaMQSesj4E0Dw6kPBtWgOKWXTd7qvjMQ5f
397,397,insert,zero____,____2997,IzxmcftgIsauvtUEt0Uwy2KILR3EVtKW
293,293,insert,zero____,____2471,k3YWwyx9VQ0vEAHyTbSVgB0M0xIsaVPVrc4sQevG0r
438,438,commit,,,
389,389,insert,three___,____2954,qCAi868Gj4WdykZbocPivRVxeJN9MW4TLpuXwPl8snVuCnXma4EfMF2tPSNca
382,382,get,four____,____2908,
625,625,get,one_____,____1851,
531,531,commit,,,
318,318,get,one_____,_____791,
454,454,get,zero____,____2906,
542,542,get,four____,____3669,
382,382,insert,two_____,____2916,nTLT0Hj9P98tnYvp2wCTJvADyXJStuVhWXQhTPOySFPkhZbs
293,293,commit,,,
469,469,insert,zero____,____3373,Oe8jho0K0M0xeSH9Q0DgLmWcxJJe2LhNTV5IHvSVijF0i9v6OSo9lNCCI
318,318,get,three___,____1648,
434,434,get,four____,____1866,
343,343,get,zero____,____2021,
521,521,get,one_____,____2466,
358,358,get,zero____,____2042,
937,937,insert,three___,____5662,8T7Padb80aH52kT8qTNJacKwZdhA6540n6pMP4x0ROlceKMFm
284,284,commit,,,
288,288,insert,one_____,____2443,rWz8vo5i7hIuFI5zGFGXXQ7X3JuzzrGyD8a1oYaTpiu62crW
670,670,insert,one_____,____4376,9E1auO4uFUd6Du4r40K8D7YOEXO6kZitSjdAk3AohRTX2gzIJ3F
499,499,commit,,,
551,551,get,one_____,_____870,
321,321,get,one_____,____2467,
469,469,commit,,,
742,742,get,one_____,____2549,
693,693,insert,four____,____4479,Ars9y3horSfLc6WfE3ipAK1A3kDhwduwq4gD3ktTV2Gst4a3OpCC
313,313,insert,four____,____2566,6LwjFWmm4oleztux0pMQrE3KaNQdhnrXVfawaNydGbVccZyILLEiAfAK6qsV69
343,343,get,three___,____1925,
318,318,get,four____,_____478,
358,358,insert,two_____,____2795,xlEpEajUiTF16wnhzBZypJxkD1k6nff5mHSa9OIJKGzZPnViH
605,605,get,three___,_____618,
424,424,get,three___,_____494,
742,742,commit,,,
294,294,get,three___,_____256,
730,730,get,zero____,____1109,
353,353,get,three___,_____781,
424,424,insert,two_____,____3130,a2DICCIrVktItG1lnqJ3hBO9vcoVRVhtzCpKo1xHNLj
378,378,commit,,,
353,353,get,four____,_____184,
663,663,get,zero____,____2250,
343,343,insert,zero____,____2719,1Ej90OKQkPc5gTbuHKo12Aal8nnLxebJwxUe46f8vdmsN
358,358,get,three___,____1770,
406,406,get,one_____,____1383,
700,700,get,zero____,_____406,
356,356,insert,two_____,____2786,SM3n53UqHVSvnhLuFOcGRrSc1JIJQn540Ikcx2KvzSmNT
321,321,get,one_____,____1968,
318,318,commit,,,
436,436,insert,four____,____3190,tP2Xq8P5FaajvKKd4fvjtZMLnmS6ClqRZkky6fgAkzffZeK4il60wTwRA
352,352,get,four____,____2586,
289,289,get,one_____,_____450,
603,603,get,zero____,____2664,
663,663,insert,three___,____4339,TcqQpJ0yHUrjDUY4gvvpyjRQhGCDiLGijfv79AyrTYnXySFSvGJ85tLHb1vKV
700,700,get,two_____,____1446,
455,455,get,four____,____2772,
417,417,get,three___,____1004,
340,340,insert,three___,____2704,JFuoYzyGShIRmh3RSAZSsYOKAukuodPL2uZXtiT2obphgKDMjS1HppMpIY8
790,790,get,four____,____2977,
358,358,insert,three___,____2796,fy7lSpz26TvymhIkNhQg9peoODpOrgt1SpwAJLLBz3K7c7ve4TM5cvU
340,340,get,zero____,____1860,
820,820,get,two_____,____3504,
321,321,insert,four____,____2603,rPDvrmYM6dYrzZ70ObZaLk1FsqFSAx5EImFl
455,455,insert,four____,____3296,qcgVOvMLrhPibJ6ablzONorUsgVkykGpsimTmDdtyZNv
909,909,get,two_____,____3505,
417,417,get,two_____,_____705,
356,356,get,two_____,____2045,
455,455,insert,one_____,____3297,JYhl5nnx12dclgwFEhT0Fy7ADuqleuTVNDkuTe0kWY
424,424,get,four____,____1568,
653,653,insert,three___,____4302,mYLxHwmEoxhOPXJeSzos8wfiIsZZUe2OmUcFEKuC1cOdFBTNBpLOyi8dR9o
724,724,get,two_____,____2360,
434,434,get,zero____,____2690,
353,353,insert,four____,____2767,YxC6XZ8AjNiJfaFxQ5NGYEMGzFkkd09I9yBSCs9hMkmv
542,542,insert,zero____,____3728,RPhhlr6ahaIpYHkM4Cu5NChsetppo8qItsUCw
644,644,get,two_____,____1941,
437,437,get,four____,_____478,
288,288,commit,,,
542,542,get,four____,____2633,
294,294,get,one_____,_____771,
700,700,insert,two_____,____4514,tYUzsOoHPKMGspX3c6Lxl9oqhJYANRVWineNZ9pVMGt6NeqM0Qt8yBx6
671,671,insert,four____,____4383,6RckpVrdwyUH9KD9HRAort5moL6HkKRmo4x6wXl3Gz2mHUD79NPcSQj6w7z
670,670,insert,two_____,____4377,wRHbIvLiRvQwM9nDSHcsLNBMkgKBPlqyz1GDUqsKe9lRULU57
671,671,insert,four____,____4384,paDEGTxnzqhKlI26WGUkEMfeeJVVVF2VZU5w1zXiaVBr7uaUpT4SIEFkC
551,551,insert,one_____,____3784,AjCSxHZ7DGotFylP3I5syPHalNHxiC2ZxeLDPwQgNKACRO3IWgwRDC2F
447,447,insert,zero____,____3253,dfSF6fA3xgb7uX4rA9HIvB3jaHFXLBxf2YV7bMeJGTP2kqGUpsZquO
454,454,get,zero____,____1445,
434,434,get,one_____,_____244,
671,671,get,one_____,_____684,
294,294,insert,four____,____2474,BeurCsP3PsIElbiG84LASVlgZlTmGpHkntKymwWmojNb8u
440,440,get,one_____,____2585,
434,434,insert,four____,____3182,St4mQ3Z4gwBAg62caoOdwDjP3Bx9Gtp344
358,358,get,four____,____2282,
312,312,get,four____,____2440,
315,315,commit,,,
353,353,insert,two_____,____2768,lRtQTat8MfFqPe67IY6M5lmVMfyQRNI8rwg9wYXgoAGZ9
289,289,insert,three___,____2447,HzRXSMKCF8ugunTj25KCsUnXAlZ8lekHYCOPvHAr5ApnH4KjfPrkxHpLjgLocdW
653,653,get,zero____,____3853,
340,340,get,four____,____2545,
406,406,insert,four____,____3038,yYt4B3J5Vl0eqc97sY7NT2nGfn9mk3dnCjTMeFf0j0RQGky5lZz4Yb3aMQ
440,440,insert,three___,____3219,s6nzWRu2hhSIQdLa1uxbwFxTZOluCRr4TGzHTXa
663,663,insert,three___,____4340,ieMpqv19Eg5pZA6wr0HTKjzb0T6iRHOhAj9ImD5fRPTlVFuQVUHCPQ
330,330,get,four____,_____211,
342,342,get,two_____,_____556,
340,340,insert,four____,____2705,d9rptdLyEtIXhQXcKJUnuHhUF2On6X5afubEi7ioFooI
724,724,get,three___,____3284,
444,444,insert,three___,____3241,wWGDY4em9hXTylwdNfLbBwz7ZU7rzE6DjQEiQIsFeW3yDifNI76SFTCYEbwLO2r
382,382,insert,three___,____2917,JIz5ugd3t5eCXyzeLcfzcC7GNv5oCDeIqtSrESrCRkBI58Xm76BViTPbV
417,417,get,three___,_____669,
406,406,insert,three___,____3039,AJayAPX8rJFxsdoNfth0fjyjdNGBd3a3RITwGAqnFvGbAPYmrDmeWTgKXzK
444,444,commit,,,
542,542,get,one_____,____3288,
662,662,get,two_____,____1994,
321,321,insert,three___,____2604,CNYQIWulrg59AQfzC0WLXc7NVSu675CdoHLEjpSuz9SHmzodCcd
653,653,get,one_____,_____907,
289,289,get,four____,____2128,
909,909,insert,two_____,____5507,iW3PX1Ro13SeEbMnySeP0IrsALaJRvNUNgMFDnOTxHOrcxQW8ZpSO9m9bPT
353,353,insert,one_____,____2769,Muu8IsffTCKT1SFQ4IaOohMrVdeqsTbEOsO1HiBp
330,330,get,one_____,____1733,
343,343,insert,four____,____2720,sngqg7xacedUp3U0sNLgExML4XbUrReOwtPhZ1FO
436,436,get,one_____,____3136,
330,330,insert,three___,____2648,czm2iVyDmlAboizdKeazz1Ny6TOrtY4rAKIQF8ZsIDVJJ9aWoWU2Yu3w7UH1W
542,542,get,zero____,_____547,
289,289,insert,four____,____2448,5LOcKJPpVliKF1AgGmClSWrCjDiODNusm
434,434,insert,one_____,____3183,LwWmeABSHa2EeA4PaQziPqSrbqL5JUJ44g54
343,343,insert,two_____,____2721,aCfkHcJKU7dBWA2OlJxKxIzjLcMXV2scTRAEWI
353,353,insert,three___,____2770,Qcy6GLaCfXSpbaGeWxRBJMrIOrMglR2Na6FO3xuqFFpfnG7G5p7
436,436,insert,zero____,____3191,fad1aUEMVdvqyn2orHxotk9dd2vSShmQL5ptjuEqP
662,662,get,zero____,____2612,
605,605,insert,zero____,____4044,85RYiZIeiGdyNYB8Zg48vwSAD3yIZrm8fVdOO2y0kwstZBdNMm
447,447,insert,one_____,____3254,OmUtWfVoF6o9smHRTkG78uHD1LRsStF0J7t8r2P34TTXXSrFi6j
653,653,get,zero____,_____562,
644,644,insert,four____,____4262,uTl73H642CZxdpqYRpr70ddho7aYT6VE4OBRKJ1zcB1KVVw
662,662,insert,four____,____4336,D5AVVuXuSbW34m1PpbfUVOPjnxd9HAQ6MSX
342,342,get,three___,______33,
353,353,insert,zero____,____2771,3dhsjgC8Fs5gHr9Ev32LqLylIOyanDVipXp
312,312,get,four____,____1957,
399,399,get,one_____,____2539,
790,790,insert,zero____,____4950,4kdPzztCOJSLe7lV71mALvLF2W4CHHmjUdvlmMaWBZNNkkJc4sDu
546,546,get,zero____,_____299,
605,605,insert,four____,____4045,zGJUSS08otisYtwHX88RkzvFIEw2hdgXxfM5Jh5ROBhAzEva6qCmVjmIWCVp1pSR
766,766,get,four____,____1167,
316,316,get,two_____,____2211,
321,321,commit,,,
313,313,insert,one_____,____2567,G42ZZLV3VONAk4VQ19v4eaJdLXDbKmVaFWTjKyHZnInWfoLDjsKk
382,382,get,three___,____1926,
724,724,insert,one_____,____4641,1CgHdHSNTWuFMHcVJmqKiSGRB04Jft92VvW
848,848,get,two_____,____1137,
414,414,get,two_____,____2905,
436,436,insert,two_____,____3192,CYMBiWkNbcrTVUFXhRxq849JUdV5YMCBOcSDocwKU0zRgI77pUT17YK5gzo
385,385,get,three___,____2600,
411,411,get,three___,____1286,
294,294,insert,four____,____2475,StA1SgMbB8Mi0FCNw3uQd2WvUccpxok6nK2QK0b5m
411,411,insert,four____,____3066,FnQNsCz8uK8bymmNu02WW8KuzsWCa0DL59bZr96FN3OzF72BPjwNUV7f
605,605,insert,one_____,____4046,oUdGFtAyBWM76Zj9Jq8PRrg39Ka8fQArABvKwyFqQqW9m0GGdDsCYj05
670,670,get,three___,____3242,
406,406,insert,three___,____3040,jHbj3gcS4MCzS84Q4MY8MLSpcChfwOvEqilIDNElSZdF
353,353,get,four____,_____561,
848,848,insert,two_____,____5230,rOXFaAnZaNItMnWyPxAL0ieSJiqxsLpI
358,358,insert,four____,____2797,dXx5t1OKmewQAirNGZEvTiy0OvCIibbh2C681S3LWVeYD
352,352,get,one_____,____1141,
316,316,insert,zero____,____2578,SeNaWVBCinBwEEbxYdOyN9a5rCwt06GHZeIs2kiH83ILL2KuBice1nueVu
981,981,get,four____,____2603,
437,437,commit,,,
358,358,insert,one_____,____2798,p6fLGstSaWb25EZEfkaOIqG4YZjnVmXC3e8cIswigPomI630lX
340,340,insert,two_____,____2706,BhsLDVKeS5M6lF80DHTfmM48cWF0MK0dN1N0XzP
386,386,get,three___,_____311,
848,848,get,four____,____1428,
434,434,commit,,,
343,343,commit,,,
342,342,insert,three___,____2716,5imCO3YloQ7yCiJ3Hwdfu0QbwmAI88xhla2qYYxrq6kFIobD72gTAGnO5Uhtq
352,352,commit,,,
455,455,commit,,,
289,289,insert,zero____,____2449,FrOr9rm5MGouyUIFqTYzMkZbWh5SKeByvz3qDyC
909,909,insert,one_____,____5508,98jxDqfQpR8wREOIponjO98DERe9OFeU
316,316,insert,zero____,____2579,7Bag7uO9VjsR7NCjB5nd2r8SKPTN6nysh8V
447,447,commit,,,
546,546,insert,one_____,____3750,UDZDeTARPWsoa3QHiqzmqkxqBrHTs9Iban13S
385,385,insert,one_____,____2932,5mLCILrn3J3sXRrVMvTagstwZhzZbE96hNpAGl7WQGy
485,485,get,four____,____3296,
464,464,get,four____,____3200,
312,312,commit,,,
464,464,get,two_____,____1983,
909,909,insert,one_____,____5509,7kkrMqt3iYPhA2DtocglVUbIdItdLeaxPgPilt2GpIqbBgq0QIWq4
662,662,get,one_____,____2827,
483,483,get,four____,_____558,
407,407,get,three___,____2561,
724,724,get,zero____,____1771,
417,417,insert,one_____,____3095,JoEzwtxq54rEoHwBneQaASvlFCP7mvVR31NHfCA1x472VB1d
724,724,insert,one_____,____4642,DKDiaZtfjXLVy4FLCURaEFKicRiHkKmD79OfvsZTheol2y1LRL2c
507,507,get,two_____,____2558,
353,353,commit,,,
644,644,get,zero____,_____458,
870,870,get,four____,_____184,
407,407,insert,three___,____3044,1FNd9oQcZa2eWvd9FamiMFYNWAW7zMaDy
680,680,get,four____,______91,
790,790,insert,zero____,____4951,k6K9Hk93QzlIlmMK9LsUvVaJTFS3GlB0mYqwLI6GWcxBN1WRlKexW6cDHuiJX
294,294,insert,one_____,____2476,TAkhExQ5SjoYOy057ROcIHDpvYSjx7eU8G
655,655,get,three___,_____781,
887,887,get,three___,____2763,
655,655,insert,zero____,____4307,tZIDhzPHF5RK53PWVdiYeYH2AIv8SJFyIayrwzoG9W5o
485,485,get,two_____,_____832,
356,356,insert,zero____,____2787,0Nh6oXg6MzSXAmvUFHgZWnGeFFPk5iSyhaE
464,464,commit,,,
316,316,get,two_____,_____940,
316,316,insert,three___,____2580,ld9aZVrheWGAaaSXICHQfamIowe37M9Xn9rcFAOe8DbwFVjY
680,680,commit,,,
824,824,get,three___,____3341,
628,628,get,three___,____2552,
672,672,get,one_____,____3202,
485,485,get,three___,____2741,
359,359,get,zero____,____2765,
813,813,get,four____,____1872,
584,584,get,four____,____2772,
605,605,insert,zero____,____4047,wkip1lwpgC81aytlOwoMml0hTy0xJsGNJGy8YDtKOHx
813,813,insert,zero____,____5067,DZOoEByWfdYA7zS2X7RNFXDIFul8AyXWAx2yK2WFILjfpO1Jvf5xJl5J71h2mNZx
676,676,get,four____,____3251,
483,483,get,four____,____1729,
384,384,get,four____,____2440,
436,436,insert,zero____,____3193,b6RtPQM2hClxGMHdYub8ANrCdfcldPRX5WK6t0u0jJ98wR4Qo0nQeVzJb
557,557,get,zero____,____3253,
356,356,commit,,,
371,371,get,zero____,____2537,
542,542,insert,one_____,____3729,7CZEdOk2oy9U3lMTzeBuyBtDpo2MSMcf9lgONmC3JWRLr7PxVHAqrHS94
551,551,insert,two_____,____3785,WHglfdPe79XQelllsjUlGKB0CsOjq5rzg9uhecTie6F
371,371,insert,three___,____2867,MdtvtbBKSNfTviO0Gbr0sWETMaTzKhp3fVckQ676XfLzfSKRtDhsf
411,411,get,two_____,_____606,
981,981,insert,three___,____5872,stst7RjgQKRnlpH3WQs5NoY4MvD1VKc6IpDUMsXbTtm
622,622,insert,zero____,____4147,8t3vrVaudiQRzArtfs2lqPKi8gFj8w0Zj14CMQkodX1Dx2m8jKlTb094VbEfaQ4
424,424,insert,one_____,____3131,T2CTPpCSnLLnlsCOK2sMxKIHSYhROPzUF0h526
752,752,get,one_____,____3180,
655,655,get,three___,____2147,
584,584,insert,one_____,____3947,G9nCAiGKYOSF6ljhxgBrECXv8WAFCLul7w0ASZiIVhpWvlA
414,414,get,one_____,_____117,
384,384,insert,zero____,____2930,7sL0SbV9sjryTOEDrAODuFEJ6IlM0IQfD8q5QieiHuIE03
340,340,insert,zero____,____2707,zxAl8Iu2gAqpoR9biXUMsr8CvwrrtDztN9fmVbj
790,790,insert,two_____,____4952,yFb9jiH42713CeCSuIPqk3yGR7P0k7TTLb0j4NZ2xcNpfNf4bpqU
551,551,insert,two_____,____3786,3syYPlu8FWBYX2Y6DEzaMxxqISkXcTv3K3laKz9YiehXwgz1yy
440,440,commit,,,
542,542,get,three___,____2222,
359,359,insert,two_____,____2799,TGvYfhsD58KiBWUhphDIUZQ4omKAyhUaU6rrJdyHTIKvDGDdkG6XQk56jpCdj
457,457,get,zero____,____2021,
887,887,get,one_____,____2524,
382,382,insert,one_____,____2918,lW2yCOI8WOQc3veuUm3Bzei4ZxaOywnD9j0nTMvHl6ZLSqqRszKlHZno7heAU56H
330,330,get,four____,____1156,
289,289,get,three___,____1826,
330,330,insert,two_____,____2649,lX2cZkHYF3PdHylWqKfuAxPqy47CMCUUruZGmuwTaiE7qPMlRq2D2Qo8
542,542,insert,zero____,____3730,YqhOooqza1Xj74ratADRYpgjGb7qNTAaarNaMWnmlk6oScBkPq7hI25vV8Nh7
790,790,insert,two_____,____4953,CAmuA1zZFx0TMfDdXJ5A2rCSeLiYvHvrlqvmm
887,887,get,three___,_____515,
546,546,commit,,,
663,663,insert,four____,____4341,74ZnYekjWE2AhS70cgz2F1XGyXUZMxWOOPZrVSYAg7wdNwYCnh
436,436,insert,one_____,____3194,EaCekqk0h7BW7FgrUTh3FCKESWKKCU73rswhNw3280aShtPps8Xl5y7M768yiGo
605,605,insert,zero____,____4048,K5i9PsixyWntP5UKkiXUUbj5hJrfPRF6ICI8zLvm
551,551,commit,,,
485,485,commit,,,
417,417,get,three___,____2550,
417,417,insert,one_____,____3096,Uk02PBxQrHbQ6tRYyzAJX7LZ9MNe1tlDvYz1R9J
436,436,get,one_____,____1318,
384,384,insert,zero____,____2931,agPgVHLDAzDaH1OhikYfCCABmO5zph8ykE9nugkOzqwDpZzqkjcBVCml94W
384,384,commit,,,
507,507,insert,four____,____3533,IT1aqsEnm73mn6GoMxWKv6e9uEeZjVEgG3mko7Uo5Sl0yC5jULtPdHPUpEqJ
676,676,insert,two_____,____4400,rzT9U4sB9dN8xzHwmhKIUgLePNmm8BlCd2qm5ycoIKv6vrjnMac7
359,359,insert,two_____,____2800,ki4PBhPyhWQep15Q3hD6cR6iybszxYe6y
532,532,get,one_____,____3340,
598,598,get,three___,____3179,
407,407,get,three___,_____524,
389,389,get,four____,______18,
610,610,get,three___,____1084,
881,881,get,three___,____2783,
386,386,insert,two_____,____2939,6kvqFVAN3cHzaDMumaHEYuuscn32OVvmmeZXtquMG5GsgimBIpFwXBgGAN2G
417,417,insert,zero____,____3097,VJAftd0o6ttv5uj8o442mOfuibD44wLjbIJCV86XXKyiQr6qtYd
699,699,get,one_____,____3784,
754,754,get,zero____,____3749,
540,540,get,four____,____2929,
457,457,insert,two_____,____3302,Fw6NFKJF8u1T3R11RWrm6g5nRsWvkTOsrhJyDK8RLV5bDe0ZkCwAHY
581,581,get,zero____,____3440,
754,754,insert,two_____,____4774,syfSUBz62Ck4jTA9DnjLqNl7JijD2VuWeW6iS22XrUn4qDyGHgUWnlhriyj
399,399,insert,two_____,____3003,GjKlGxvvliuwgdTmvx3abCMDGE0nVWBwO8fF3agGKynQP2
507,507,insert,two_____,____3534,XnEeTBfo1YwvJRcCU6gg66LC6WHXX8q7bQrkH9Po8OxkkyOhmgUscRb
406,406,get,three___,_____148,
540,540,get,three___,____2108,
622,622,get,three___,____1516,
389,389,insert,zero____,____2955,i9L3NeL6szG23zPiThwEZiZQwsuDh5jIbHCFdx6d1Ax8
676,676,get,three___,____1669,
685,685,get,four____,____2785,
848,848,insert,three___,____5231,7Ze5WGvvAADqiZOPCcFg1FdtL4Fktu8reWuKI27s8tgWGVITm7NjH7TCOxbS
581,581,get,three___,____1580,
462,462,get,three___,____1925,
515,515,get,two_____,____3217,
432,432,get,one_____,____1678,
359,359,insert,two_____,____2801,hD52rwn2UZfJ2AwoHttyBBsBG8PLCbnO
653,653,get,one_____,____1141,
424,424,get,zero____,____2409,
662,662,insert,three___,____4337,jLoWVYFDyTnjGXbsiFqwpEB83ZzdBMaLSB6hKeYyF
676,676,get,two_____,____3767,
313,313,get,four____,____2325,
515,515,insert,three___,____3576,XKPiqu4N67IERFEgQSSSJnOvzWnTsR3mnyv1STF
340,340,commit,,,
622,622,get,three___,____1822,
411,411,insert,one_____,____3067,YRMJF3Zk0bNvrFqd4SYwVsiXC8Rr0EoJuxMT0nrUBPsjUi5D5
835,835,get,zero____,____2931,
474,474,get,four____,____2586,
369,369,get,four____,____2764,
515,515,insert,two_____,____3577,VBWmBlau6cM8jDvuFBoY9ibOpd73gTrQBKm2eB1JYOtTd1epzgEN
581,581,insert,one_____,____3929,P5gqhrLsO92OIx08spr5VWXpCxG3bi9SPuUptA
359,359,get,two_____,____1607,
610,610,insert,two_____,____4073,53YOsVv9cgzIhgEen1K5O7uTbMtUk9xNdumqHmU
943,943,get,four____,_____225,
605,605,get,two_____,_____855,
542,542,insert,two_____,____3731,Nl8AAKa3zxGtD3NDjBoEm3NIajySyfkhWRmfNYNUenxQNg
605,605,insert,one_____,____4049,hR3aZxX92jbkuIn0miZ4jqbXK69JwUB8mh1sWXMebTKb
407,407,get,three___,____1730,
607,607,get,zero____,____2787,
359,359,insert,two_____,____2802,YyYUKHRCwF3VSgUaeRtEBEIhs6uj5qL1Cgb7fGKvvQZkLfAXcq6LkIFtYAICZ0JQ
536,536,get,zero____,____2690,
655,655,get,one_____,____2004,
407,407,insert,zero____,____3045,BPmvpuJEkllgYZYGh0Zea7y6zYk5DGXchohrujD76ZZH4UR5Da6q3AIVT37e3C
386,386,get,one_____,____1161,
777,777,get,zero____,____3216,
407,407,insert,one_____,____3046,X42xh0gLfBoCvEpeZTfZmbdph6HEujvBUSSSXd8sNK7wEiFr3KejbHmlnLwOy
456,456,get,two_____,____2706,
351,351,get,zero____,____2572,
542,542,commit,,,
351,351,insert,zero____,____2757,IPRpoLkIOuFC37faM57iNlrVOsi4mdqUmjoPABc3fdPzFlW5
316,316,get,zero____,____1481,
663,663,insert,four____,____4342,bQVP07TcLf3N4A60CRv2MDWmCgFiKXcYUU1q69J1YVH8w5SLCH
330,330,get,two_____,_____761,
389,389,commit,,,
289,289,commit,,,
724,724,insert,one_____,____4643,cGzKhudrOF8GGtGtxt4MSeVj2DrXzXpWch6CDyj46zBs9Zojkm
559,559,get,zero____,_____547,
432,432,insert,zero____,____3169,uZ8z3nNvJ7yyv1RypyypOiqUPgCUhfYR0
351,351,get,four____,____2592,
382,382,get,three___,_____107,
752,752,insert,two_____,____4760,73pYjCQr1qeRaD66oJuaR5prxnF8XEXlHvylI06nQqBqh
373,373,get,three___,____2704,
351,351,get,four____,____2705,
456,456,insert,two_____,____3299,u4fkLLM2gqK8V5AsEVgUdAdBliNq7gtn2HpAx1W9
535,535,get,two_____,____2288,
406,406,commit,,,
330,330,insert,zero____,____2650,gOkbwNs1c5uNlUYUqXZSj00R1CysdsHHdxOb9NF2ZaAmb
790,790,insert,three___,____4954,TlXRfs0wh6g0Hy0RNRbtB2LFwQHuVcYm2S9cgIoRooUz16Y
474,474,insert,zero____,____3390,qlW3dykZmmWdaK95azCJ0o1tmLoh1eGfR
457,457,insert,three___,____3303,tTv9r52EDyDdcsEAox5K7KLbV94Z1Wzyure6O8Oq9hW
580,580,get,three___,____2954,
339,339,get,three___,____2447,
653,653,insert,three___,____4303,MFyAZqWoK99GlndndWHUigqEeUm66vUjQ
610,610,insert,three___,____4074,O8wkX0uapZ3jzgQm6AIRqCelVxf5uTBDNxdKU10wrIismJVgJuaKniKRtq5ATw
931,931,get,zero____,____2319,
536,536,commit,,,
369,369,get,one_____,____2134,
407,407,get,one_____,____2087,
790,790,get,three___,____1188,
339,339,get,one_____,____2067,
462,462,insert,one_____,____3335,IAZU3OBXfFgF4RkbQylqoRhVUjgbOl7pMov3fiPDZMFtSWa4kf2QVqYG
806,806,get,two_____,____3786,
395,395,get,three___,____1826,
432,432,get,one_____,____2056,
432,432,get,zero____,_____961,
580,580,insert,four____,____3923,CgKKBmNy0plUJx5vpLkBznJHbV2X8aTeq
599,599,get,zero____,____2707,
580,580,get,two_____,_____719,
382,382,insert,three___,____2919,G8YF96QjocsIMpMkEG84mKgQqNGvlmLZULcR1jlOv4HFBld
395,395,insert,two_____,____2982,mb3WvQDd2pX9VzyHUz9SAycwnBR3QgUM71Fctc0GKswi1uX8pbx4qKYIYZ1si
655,655,get,zero____,____1583,
436,436,insert,one_____,____3195,6ktgJgQiqeEaEekboZGcnOiAMqUqQrOZMN2nuf2SpT61n6BfCAgu2DYd
436,436,commit,,,
608,608,get,one_____,____3697,
608,608,get,four____,____2119,
515,515,get,zero____,_____897,
358,358,commit,,,
339,339,insert,zero____,____2696,VLG4uZhNWvhlNupkiyAp2RyIgLwXtjebjPQaxcA
943,943,get,three___,____1018,
507,507,insert,three___,____3535,be1epGwlMqQ4jTFJkoSL5DjvVT99QaoGU2RuNQysc4Tagx0XXMQiQo20
417,417,insert,three___,____3098,Y3vBuFPKJPSvXsnB3r5DOEt87UitX9xhJSqrq53rkuFDbaqxc
662,662,insert,three___,____4338,j9YTHVbt2ys8jBIEbSjzSrw4CbVxE2DEpIv7ov36oGy6PZUF7g
931,931,insert,zero____,____5617,G37LrCq2fxzbxGGUc7qVUS0W3Jpb7PH4RqroFeWs
515,515,insert,four____,____3578,8Q22Ote1cozR0fTSbu2vxPeWssH0W1ccFVd1QgNvJa0y5HT9GRdatFsdEckPQmPz
515,515,insert,two_____,____3579,l34m42kpPzOQ5cYtmQvg9OZBb503h1CTBaZuY1bd4TZwgSE1
614,614,get,zero____,_____396,
608,608,insert,two_____,____4064,0zI2KZqIfJPvo60feClCZL2HaHp6dUmVMNLAWkIHLN
608,608,insert,three___,____4065,ghrDRCytEWdZr3Knaue92YOAr2FXjmf3PuQdSdWO1KKGsnCMQ6WXCMe
558,558,get,one_____,____3195,
558,558,get,one_____,____1776,
351,351,insert,three___,____2758,Z5vP0o1CvpbafPWV0p1CPlrINXL5kAcHIVCItPRg6fgr6j58xjzuoX2xzNcF2Di
560,560,get,four____,______18,
655,655,get,one_____,____3771,
442,442,get,one_____,____2888,
881,881,insert,three___,____5381,xT8CDVl5CV7wQ1HUYalptLXDzMtRwB6v1FAF
580,580,insert,two_____,____3924,Nof8C5fWL0Lv2xbAwrZw6SAHUky9NMFISnElZ5jvdgFkUwUoaGAP1rKW4PPFsH
557,557,get,three___,____2505,
351,351,insert,two_____,____2759,yISRDvZjFRULxDH6DWFLrFwGHTfaZZ1o9NIuTpw
790,790,insert,two_____,____4955,LTpWyqxfaARzqtaHJqPdJhi0aEYufHNnx6jN7
663,663,get,four____,____2440,
316,316,get,zero____,_____118,
557,557,commit,,,
607,607,insert,four____,____4056,6CUto9TawE0XzvEpM38KmO6vvw7bLl2FBk
752,752,insert,two_____,____4761,ojvQW76IALZVo33Y5cKs7mpn5dgNbfFuPCFjROg
881,881,insert,two_____,____5382,elpr3ir8yG7Bj0JJcyovp7i9BJctNOE969ctyJLqt88kZLQDVnl
432,432,insert,one_____,____3170,THipuzgryKFP9RXQgb707aOtXhmq0A7toRnahvm1ktdQmud
752,752,insert,three___,____4762,hxcGrS4oW1OMY8eGTJn5zEZ8LMWndf7C9TAOJBUYfMSxAFRVDCPHOm30
424,424,commit,,,
385,385,insert,one_____,____2933,jApjWo1AWc8f2fDTbLIE1kfzLE2PlOpuCXzSNVHdJP9gnlCOi
351,351,get,two_____,____1681,
351,351,get,one_____,____1688,
532,532,insert,three___,____3675,e1JapKT6eAq2jmwV3pSwwjGeip49rTQW6f45Kx4heqzzXKlPfRP9IvamugxL
411,411,get,one_____,____2364,
313,313,get,four____,______26,
628,628,insert,zero____,____4181,5rfTndB7d5ma1Uk3tNIBMXzkPk5kjlSu8pWk
507,507,get,four____,____1548,
439,439,get,four____,____2797,
395,395,get,two_____,____1813,
580,580,insert,two_____,____3925,bQ6EROrFXpkpZNyBkXjgRuVoJvebpaL5scYQ1
382,382,insert,four____,____2920,YZYyTj9DZLekgf4JBm6pLuh6sqqTaXxifEURjuEPdPEPsC7NI3bFSowE
754,754,get,two_____,____3102,
313,313,commit,,,
432,432,commit,,,
628,628,insert,zero____,____4182,9ZruyQyZzXXN9blGo7FLJ6MnVQIn8aYrYyCepxpbEvktUXhQFFjbCsm
512,512,get,four____,______26,
608,608,insert,three___,____4066,gjAVnPo63LaL4NMAccYMiiKrXBJFGKWx3l4WUrd23pHzyGzh09TQA1HwR4O6hG
351,351,commit,,,
342,342,get,three___,______65,
462,462,commit,,,
456,456,get,four____,_____808,
399,399,get,one_____,_____678,
442,442,get,four____,____2241,
379,379,get,one_____,______13,
631,631,get,two_____,____3695,
456,456,get,two_____,_____518,
507,507,get,two_____,______67,
535,535,insert,three___,____3692,ChIQ9QlPF4HXPQcnzsqpp1MZrdDAO2NEb2hL6lxeHPKX8IelRlMXVfO72Z
411,411,get,four____,____2654,
663,663,insert,one_____,____4343,QvQGrxCfhs7hMxkArSC2FsJZf3L1MBAgp0cyA3nkrR8e5ttgpUUC2zMuxgO
457,457,insert,three___,____3304,DRzby53SDWIcVZU2egVvaED5LQbujlb2RLn3B7Kt38UXP2GKBDAsGa7PKyZy50TO
559,559,insert,four____,____3822,AiEcw1zAY7qaqNeHQW2M5xgQvnsikalt7zSrfTZezhU
790,790,insert,one_____,____4956,5LGc5Db5oDP0X8bPJURfJsyl8yL2gIhr7Aj37ZrHKC7XreBobcPaPkGNAMdWns
359,359,insert,two_____,____2803,1SDVk725E41pHKqoDOTtIiHIZk2LJLEY
339,339,insert,zero____,____2697,ntXXrdQT3XhSapXn6NaCSc7N8fSRhm2xQOvv7668
790,790,commit,,,
558,558,get,two_____,_____928,
407,407,insert,two_____,____3047,GOj0UDZcMwfdw2Q4xZfWDSavy17FjjrhvWJSlDR1zNr5CR
439,439,insert,two_____,____3209,TMFQHbvweZgzmqwbNEuzqMZBjwUQJI457sKZ6
474,474,get,three___,_____798,
411,411,insert,three___,____3068,e24febGEmZrCdqLW31XXwBgdcZcVIu2HWxj5QG
339,339,insert,zero____,____2698,e5fmN6XSAhFZmtgiSBnB5Zx9eCm5YRbZbO1qYazgIeoiT4aDJBD7VIj0gREy
377,377,get,two_____,____1236,
653,653,commit,,,
407,407,commit,,,
507,507,insert,three___,____3536,eh3Md8VlOTYXsZlzp8iKyOqigvVcI2FGebYOL7CsFZbxEhKifkGXhn
507,507,insert,two_____,____3537,GsFGm67w8fYb1YrY40sMdmWHUFTxsPZg9ykSDXP0ddN1G06K4Wy7sAibohxoXpJ
357,357,get,four____,____2325,
377,377,insert,four____,____2891,hKJl81rtBXZUo6Gz4yK5lawr0sqLcRzK0iXT5mmI0XsWVUV9
696,696,get,two_____,____2565,
806,806,insert,one_____,____5032,0Gq29PUkOKZCJOJ8grN13SvUi9KFAapxK5U3mlRkxJN
622,622,commit,,,
386,386,commit,,,
493,493,get,one_____,____2953,
859,859,get,three___,____3044,
895,895,get,one_____,____4956,
535,535,get,two_____,_____113,
895,895,insert,three___,____5444,86OWPNRl3yV7AHMCZh3uciknRniqX5kuZXEILTDkUh
507,507,commit,,,
457,457,insert,zero____,____3305,3GoJ4L3QqOe6iDtNGxtrqWeUo8NUbzMvtFeggwXqkPjtDAcXngxPMcZSueZa
512,512,get,one_____,____1064,
492,492,get,one_____,____1161,
442,442,commit,,,
316,316,insert,three___,____2581,PQEACp5hiMO0x9ZV6GmJ5qcnEuf0hORQe5x1HPOjXvW3AlJ
369,369,get,two_____,_____485,
696,696,insert,four____,____4490,S4Btnx3KXMb7zOtfq0DJD8jbLvBbtrjUdNyfy1ROQXGKxoJmL0
663,663,get,four____,____2266,
387,387,get,one_____,____2562,
628,628,insert,one_____,____4183,q7TBj0mnk26yzlgydeOcOew1TzY73MM4XBrOyX5V0Wubwo5Jf8Y4KfLPmQL
887,887,get,four____,____1759,
532,532,get,two_____,____2972,
524,524,get,four____,____3227,
931,931,insert,two_____,____5618,mwyOLWBULqhNmsBq0uSfTNrEZCvP1Ueedo
395,395,insert,one_____,____2983,uFGZKwefssZp47zYBziHucNPTm0AtNTiV9mnFc48dT3x87exM9jZyz4we
355,355,get,two_____,____2517,
533,533,get,one_____,____2888,
631,631,get,zero____,_____800,
599,599,get,two_____,____3022,
662,662,commit,,,
605,605,get,four____,_____730,
580,580,get,zero____,____2177,
385,385,get,three___,____2329,
810,810,get,one_____,____3229,
387,387,insert,zero____,____2940,JuSk39QOIf4bIRaPv7B6kvzNA3D3gLZ8nBKx6rXu91
512,512,get,three___,____2322,
895,895,insert,four____,____5445,h09gIPB9xlrI78LmPOiqI1uRuZrlHFWV62EvQ70K7FHLo9HeBhXL56CtFsUmMp
533,533,insert,four____,____3679,p46CewVV6dXhJIrGfF5cj8say3sZ4q1s7TbxpO
859,859,get,one_____,____3595,
379,379,insert,two_____,____2904,TF1epIgkCAxbMb77qfmp4KeuErJZe0XLYRgFP47Dt9Z8fW9B
891,891,get,zero____,____3191,
373,373,get,one_____,____2583,
607,607,insert,zero____,____4057,uhzsXatA0f6QJlBKJN9lKw0WMJwNsZyxQgLfJuptSWow
373,373,insert,one_____,____2877,89RGGvBj98qssOllP1impKQpEWD49EghFufDY9EQs42g8y601QX
382,382,insert,zero____,____2921,xTMzWcPLliKlvtTlFbpuGXd4TsU9nQkYROAdPdS9gbltow
382,382,get,three___,_____445,
984,984,get,three___,____3334,
605,605,insert,three___,____4050,SWFfbfKgzhhCzmlFjB6cdQvBMV8qanTNHqTABy9AYBf7iccmWLS7qJz8SUINoIuO
377,377,get,four____,____1492,
650,650,get,four____,____2282,
439,439,insert,one_____,____3210,zrO5FJlMNQoeSX5su1eMMwlQ24OvWWygXVdp
359,359,insert,three___,____2804,OmkeK3jAxmBUipRMxabnQTSBzJU3vuvqvtrwXOUl
608,608,get,one_____,____1878,
357,357,insert,two_____,____2788,R3f6SnVDio1rwdHVaH4KntKfAByCfWidggOze
614,614,insert,four____,____4096,8VT3X9QtLLqdvJC7y7JER3yQo2hOFJnEmPI78UPQ0qMquw
663,663,insert,four____,____4344,C1SnXgYGPpIoYdXfTwYXlnyPL9Sa3oW6UxJFYnBPiW
316,316,get,one_____,____2046,
532,532,get,three___,____1223,
887,887,insert,zero____,____5410,GNg4HxPkTvEQHJSZLfCDYqMBrBY9J6Zx8E1KzUBykQ25BzlF
339,339,get,two_____,____1496,
357,357,insert,one_____,____2789,lBQ2BUD9HXuerCu833oOJ8jewPUTRPz73j
895,895,insert,three___,____5446,gvvCHByeAo9P9GuaAWI28jUWbiFpqIJVFTW
357,357,insert,zero____,____2790,xpWWa5kTcWMnQ8nb6accGn4MFFmgxHhCjk
294,294,insert,zero____,____2477,WLYwGL52T96awPkeWLsR0zYUNLGLrH8063culZdKn
414,414,insert,two_____,____3080,tunbnGV2AJXi8RdNl1tZRZC4xfpySMaq5hgEQ4AJ5t
676,676,get,four____,____1757,
385,385,get,one_____,____1314,
457,457,get,three___,______69,
663,663,get,four____,_____877,
614,614,get,one_____,_____733,
369,369,get,zero____,______59,
512,512,get,zero____,_____266,
439,439,insert,three___,____3211,TTN7ivex6pJVJHkC1UVquwA75XWFf2vB7rxq3cdvO7
512,512,insert,four____,____3560,vJAgLc6201puQboQ6YPj58oruGKIKpTi
650,650,insert,three___,____4290,H57ZxjagnrpNQzfUzXAyPllWUxRZwxjodAfLAJhuArVRQn
342,342,get,one_____,_____966,
810,810,insert,one_____,____5052,TYvlINByaZiZ4XxrNZMBu6YMRquGSXkgjzxPZv1Yi5NCMB1R0
373,373,insert,two_____,____2878,Y2VbSnKbVrLk374S8pgIzOlWnskNoUIC1vJJ209wWWwmdPl
650,650,insert,four____,____4291,L9NhjCeA9XcZwZKOBxGEdohrHdb3TsiTgIjWbih0p
810,810,insert,four____,____5053,YxjeOQgHOxO0QCSbZ1RYpQXvNB9g9w5l5x8GWGFZ6tjxJHBSymXCpJ
377,377,get,one_____,____2181,
369,369,insert,two_____,____2857,JoKqzro0dG8rfuBUGo7WTWmaSS4w0aEJVRBda61R47t84
605,605,get,four____,____1359,
605,605,insert,four____,____4051,Nmc1lijwPR893TcwmPB17cRva5BOCpSUsH2p
599,599,insert,three___,____4019,JRvMq7ddpFjgO5PHR8gmwbkSHkCVGCFYz86NNiCuwY0fhvjNpKfMSnTIs1hrL
650,650,get,one_____,____1493,
379,379,commit,,,
895,895,insert,two_____,____5447,EiIfGvNtvZqgM4BxbeHVDAyKeXy6TQYAgrTqHgvFlo7an
887,887,insert,zero____,____5411,AzebbI8ST4hWS1UiCAtOvKcg45uurbTQ7dzaUBF6
355,355,insert,one_____,____2777,Iw9hLK3knZYmnJixeoYCgRR5hauAVnjPfBssKUFmusegmeZDMKbJ12Vr4
810,810,insert,three___,____5054,lAIbidWv2jhioP0THHitV5pPXUFfZaMu7URAO8lEqL
795,795,get,three___,____2903,
559,559,get,three___,____1589,
512,512,insert,three___,____3561,80caTMrKzPBPHgmVcuGweATCjxdWELGIoZGzvGw7tM
614,614,insert,zero____,____4097,W43dPsb8573ItPfachhQXPw5uPARxcsDwG6MDlN0v2iWbP9jSbnmW2UiFv
931,931,insert,three___,____5619,50wx7YVEX3br8p8nU7KQdMGRhdVwSZaBkDbA48wMtUQwvEyYvNn2XIcSqW9Pf2
859,859,get,three___,____1565,
599,599,get,two_____,_____475,
533,533,insert,four____,____3680,tXP7BjwdzDdjqyKIuDLbFoVRL5zExey3WfJum4j8KO5qwd9wNe
795,795,insert,two_____,____4979,hygRFd0TPvXlTlbF1Vf06AxvclmHXcBhTZlysOhFZ
795,795,get,one_____,____3008,
456,456,insert,four____,____3300,i5WpRqLQAbGmtLFkGqWa9mObygJcuJ7keeiWOR
382,382,get,two_____,____2340,
377,377,get,zero____,____1772,
650,650,get,one_____,____1263,
316,316,commit,,,
558,558,insert,four____,____3812,vyhvfMt73lEonKqR7wCLqlwyFAeVlsCK6jbAYcsuEN
328,328,get,zero____,_____118,
781,781,get,two_____,____2904,
810,810,insert,four____,____5055,XyRd0CFfTtSFSkt2YiucEIW9q4N5Fg96plSoA2aTcEbfuEPy6LsmjUoYZyaW
359,359,insert,four____,____2805,K7oFt7AqxMLAoMxeaZaFLGcZIXMfR41HNQTfZqs6Rr4Yuo
373,373,get,two_____,_____314,
824,824,insert,two_____,____5123,oVvMOWkE6RpH71kFlxMSvLzyobEb3IhYf6
558,558,insert,zero____,____3813,YMqCHTgRxmLnEMSAzsQDiHVIqyP6BIZseQMc1zVk8CXTvcDlOUkZJA6eiQdZ
369,369,get,three___,____2580,
608,608,commit,,,
359,359,get,three___,_____980,
532,532,insert,two_____,____3676,97fq9DfIkPQOgAmlLOZMHN8RloLxD7nUC
678,678,get,zero____,____3853,
887,887,commit,,,
377,377,insert,three___,____2892,oD3p6I5FjwBu01U2RvL5LGunZ8RtojFd
533,533,get,four____,____2256,
891,891,insert,three___,____5428,Pv1sIZYMu6JxIdIpKt8OocwJSgSRGkIoM8YJT1Nx011JQ
382,382,commit,,,
533,533,get,four____,_____356,
294,294,commit,,,
901,901,get,zero____,____5411,
371,371,get,two_____,____1498,
931,931,get,two_____,____3534,
859,859,insert,three___,____5285,P92yc4dFc5Bqht1kplpkyiVVlQ7DliqaWOeLOkq5W5AjWd1GpA0fzhGExvfbqkaC
411,411,get,zero____,____1473,
533,533,get,three___,____3104,
369,369,get,two_____,_____220,
387,387,get,one_____,____1268,
395,395,insert,zero____,____2984,MHjnaCzSSDcvguHePyegDn0OFoY68tlARtJdRikw8hL
339,339,insert,four____,____2699,QI7pL2vWM0dqGQZl6OlgZBJeUgYbJJWKYTIUXdo0XMPFAADRfiRqyBlSE2sgbpv
984,984,insert,two_____,____5887,YGjAXv4yfe4I7rY3cSCvDW6poMnEeCMPJOGArp6b71Cj9WoZkHl51U
373,373,get,one_____,____1652,
439,439,insert,three___,____3212,62nO7vcipG9MCGiKisYoE5VWeIQLuTZBOtaOIchot72Qk6KC4SF3F33C8TF1aC
493,493,insert,zero____,____3481,sP8WyzVuzaFei71vCSQXDRlil96uh6ZL0
577,577,get,zero____,____2477,
339,339,insert,four____,____2700,hLiQ1IxZbQpW0r8DEkFhYHXZ0vGA0UOd
411,411,commit,,,
771,771,get,two_____,____2558,
413,413,get,three___,____2345,
342,342,get,three___,____1675,
558,558,get,three___,____1981,
385,385,get,zero____,____1261,
511,511,get,one_____,____2473,
512,512,insert,four____,____3562,dW8wxMl0kwsZOv2RoPcvzE8vSfwkFMra8aP
720,720,get,three___,____2917,
387,387,insert,three___,____2941,Ix3FX871Jhtx7jqjP7ypE1y0KhSmcOiiz
359,359,get,zero____,____2401,
371,371,get,three___,____1633,
493,493,get,four____,____2566,
334,334,get,four____,____2474,
580,580,insert,three___,____3926,t6aPPNIFwKpdklO8DPSZmusIrKfZ25OGMjv1xPDVGrqf
492,492,insert,four____,____3472,lDLfzlX3lW7zudrrfif1e4oH24YxWzdzGbFWmv7VaJmYd5FXL
984,984,insert,zero____,____5888,0CG4hH7Uxw38VvDZlrUDUQ7PhR0IbVgPhEdvrcgr4Z
512,512,insert,one_____,____3563,5Z3xQ1wuErNm9rUx2dLkmXrIiwX4Peiu1
342,342,get,three___,_____333,
596,596,get,zero____,____3045,
371,371,insert,three___,____2868,6lTHeyEw0b1HlZr3jN6c36SqSExSKLzRqAJjGXR1Nk6TvpLOZtg5GCBXCaK
456,456,insert,three___,____3301,2lrQ6HqIt52jvZeE5DE8B5ZJ6yJTGmQW3bOZ4iBcytDIVxhj6YNQJpCj
483,483,get,two_____,____2340,
511,511,insert,one_____,____3553,pnHIFjNYBXRuFNaI5gTrkttqGxiyDzE7Qv9xml
596,596,get,four____,____1049,
754,754,insert,four____,____4775,IUKZLojWVVvZyOrsIGrzxc6Ib69xu66BeJTDA06Y3NBvBEkQbLveUIF
511,511,insert,one_____,____3554,C60T1p8VfpKmPbn0MZenrzwdg0BGLwxk3LFC5gsggpQpE2bSGO
720,720,get,two_____,____1890,
484,484,get,four____,____2920,
357,357,insert,zero____,____2791,zBYH8ZPQ3K7OTD0QLylXkh67aWyZVkczFw0Jol4NIGkq8DU
754,754,commit,,,
385,385,insert,two_____,____2934,FayXA51VTpmb916xbm49oVoshlAjS88MtxmVRNwGsi60wDtIf4Rbulg2
596,596,get,three___,____1551,
895,895,insert,two_____,____5448,S0COqheV6IS6nv5Y5qW6e77hZ6qTocozwgXtn8eAM0hvYf
687,687,get,three___,____1286,
511,511,insert,one_____,____3555,EOEYudubY1Qht7YbJQwgRlh3U5Qbuxe2I9djy9e
371,371,insert,zero____,____2869,m9NwDJKjfjeEKKxZ2myPwkim3ZuiTqjvQXKD89yp8ot8VCmuc2rK9F
493,493,commit,,,
596,596,insert,three___,____4001,YBRp6mGSpL2h8wZFfKabWhiiWwqq7qbJPcJ5tbJ6PnLKbjG33G2bG0iQZoh6
696,696,insert,zero____,____4491,7wsnetSXygqr6D3yO7w7LmHLDqkRuJSyXR8yGzqSLnrL74eQy2QQhYXp
387,387,insert,four____,____2942,lz0CdInPtWCY0bp5w5NsANenPFlhKa4B
395,395,insert,zero____,____2985,M3Zh1ThjuUQPTI1GLRufvxEyrtOmAeKjcglRrTzdLNKO636DPI
720,720,insert,two_____,____4622,OFolN3U49inGlpT1FyyiisBCbznLv5PIQn5aqQduvUPtyBTLfdNECC
479,479,get,zero____,____2579,
599,599,insert,two_____,____4020,yMQrDo37iEJUYCxKGQbbE0G9R4O9rROCibiGz0Tu1DjUxbqkU9EV4QIP3gZ
479,479,insert,three___,____3415,lVX5GfQLYoZ3HPNFm6H8swZIPAn4rw9b3mFUvGX5DqBFvSm
339,339,insert,three___,____2701,JWGszbE6J1TWiOBI0YpOb1iB5OipNKvYLd
359,359,insert,two_____,____2806,8osV42K642zkJI8mOmVd887ai8p3OrTsrf15qo8POE6jdpyu8HWuUrA
962,962,get,three___,____4772,
377,377,insert,zero____,____2893,to2XmvT71kAgUslROBNE8jrXixc5mv1vcdLUiUChbKEvOVmqYUU6l6KGVhgyE4uF
456,456,get,one_____,____1277,
339,339,insert,zero____,____2702,ObWhVbCQZNm6MjTQ4Nt4LGj3OlNgKLFlzgnXKidg9H2h1LynMMZ34M
512,512,get,zero____,____2011,
369,369,insert,three___,____2858,G5u6vjsWF8V6BXkto1tCfOVTqvLO1sjpHdtUE8XwujnP1HxoDY
355,355,insert,two_____,____2778,FoWwOB6lQ2sEvDdmHuHDzMGGh6UPxPt2Mf
385,385,get,three___,____1416,
479,479,insert,two_____,____3416,sPQLNrFPSdbsq6ctnpYJt4bGJ9ofJX7iVaxSqqaaDmqsZ9ziMfseHAXNme7ejFA5
373,373,get,one_____,____2136,
771,771,insert,zero____,____4864,qmVqwfhElKdYCUr87XM5WYMNqqwS7U12WOGbMIZucNCbhJKbJoWaVMT
614,614,insert,one_____,____4098,lICU5bjOM55oZRZpETR09P4lUbtHegAfwUUmsXs5DwbCU0jmmXcCEf6YtqLgy1kS
580,580,commit,,,
795,795,commit,,,
439,439,get,zero____,____2092,
492,492,get,three___,____2327,
328,328,get,two_____,_____121,
696,696,insert,zero____,____4492,FqTLu0HiF75aPx4g8z7HVmdFEIxAyW6T3Cp
479,479,get,two_____,____3106,
599,599,commit,,,
385,385,get,three___,____2911,
892,892,get,two_____,____3102,
962,962,insert,one_____,____5787,Cm0gpo4ddi5TtMBR97r3Szxe2hlBx33QyOjpSTfQzFbWUNMVnkS
395,395,insert,four____,____2986,XnkksGfKraqZyVKUqnrIVXJvKGf68Ubp267k1kgCPlGsPgtsJDWku9U6GZ9H
962,962,insert,two_____,____5788,IefxCY6CQ5RtLics26tJnsM7xRbHiWuYKIu8fUxh
355,355,insert,two_____,____2779,QVDUCtamskOjHJnIU72C6qVnbrvBNeuYJyZmnLsE7BYFTqZ
720,720,insert,three___,____4623,hMWKHIGDer1Et2ShjMz9kYHVCNyEjNzVBG9zgDc
334,334,get,three___,_____814,
359,359,commit,,,
605,605,commit,,,
414,414,insert,four____,____3081,GVZWwf89YzbgEjuMiuTPJiOaUzaZJv8bHIOijTTgUL1YGM8
342,342,insert,one_____,____2717,FCaE2jy9ThfcroaWpX1Ygd8Po655VW5eijmy0h3u7yRloQ
614,614,get,two_____,____2016,
696,696,get,one_____,____1191,
342,342,commit,,,
512,512,commit,,,
891,891,insert,one_____,____5429,IRqepoy2ePIwGvk8oFdyZ0C0PvYCfK2IBKxv54InrJbYh
918,918,get,four____,______26,
413,413,get,zero____,_____920,
457,457,get,one_____,____2557,
771,771,insert,four____,____4865,sn6fhXpTsxFdaGVhoYxWvy0pq7WtEcoX3Eifj1BFuOmyujpeJZW1GPVPanQtz
891,891,get,two_____,____4542,
615,615,get,three___,_____333,
596,596,insert,three___,____4002,d5vstTlYFQJryYO73F0DtCqJiZea7W6OZyKjGXWI
355,355,get,zero____,____1287,
722,722,get,three___,_____980,
439,439,get,one_____,____1979,
416,416,get,three___,____2716,
891,891,get,zero____,____1252,
696,696,insert,four____,____4493,WuaefYhcOqKrlUFLHfsrEHzyqkOPmNd0EDE2Xnx40oaR
449,449,get,two_____,_____556,
371,371,commit,,,
326,326,get,one_____,____2046,
385,385,get,one_____,____1066,
355,355,insert,four____,____2780,4YTtlaNFcN2fyoG267ufLIpP3Dx7VzIXA4RjS2hT5ILyeJRxYzie
915,915,get,three___,____4978,
457,457,insert,zero____,____3306,UDFfBwvpDpjMBJ4eWgIiJ12UXMJW0VX88l
449,449,get,two_____,_____250,
409,409,get,two_____,____2802,
700,700,get,three___,_____618,
614,614,get,zero____,____2104,
781,781,insert,three___,____4906,OTh3SnIV6E7oahOOPxeZZuENmGSbAD3kjTywsdg5
636,636,get,two_____,____4020,
533,533,get,four____,____1315,
511,511,insert,one_____,____3556,hVWc7OxU2FMtEzA4UdpQGAQMxbCjYvRFd
685,685,get,zero____,____2401,
392,392,get,three___,____2714,
700,700,get,one_____,____3012,
409,409,insert,four____,____3053,sbZF6Zu1x3ETOkLcF1nx5i5ItbcI6x3w5YJ3PtBvkm6e0x95KVsW6Te
355,355,insert,three___,____2781,vhuEr4rpkCXY94Eo0SZYLr8zUgvVwmirvIML9dPYE
392,392,insert,zero____,____2967,OssbprqVfCLezhLlxFYWXKVd2608QrA2G4xgvwbKPMZiMRZOrGFf
369,369,insert,zero____,____2859,25VoH09hhQQJxciX4RqlW45uDyBaWe2BqmQfCUOojGoAeFvbNlWQidcr
449,449,insert,four____,____3261,d5Y3Rbuk1ZRcZzPnicgAvRoO6L7oe4LE9Dsa
457,457,insert,two_____,____3307,YAU6PbZtzYbsZu32hVAHmZgvAagiZr9D02s
636,636,insert,three___,____4227,hDsoliWKWI9SMZkILypJz6qdP2f0nqeuF21XCKNgXkoDQFoOTMSvAkfS4
439,439,commit,,,
395,395,get,zero____,____1946,
700,700,insert,zero____,____4515,Ia3O1NIfwQhdztXfhZ4lUNQfPtrMlGOtdkP
326,326,insert,three___,____2631,bpruE5pR2CCkbWHmFpUetFJCkrTFEgPHE80m8Km7GA69szFKpukil1oN68Z
804,804,get,three___,____4019,
529,529,get,two_____,____2801,
479,479,insert,zero____,____3417,0jrUftMFlkKHOaVJ5bBq1l0p8qmO4zwx9s4auPLlQu0Pl
414,414,insert,two_____,____3082,xgka8n0S7dbHBwutN0s2q3Wim0A3qNMlKlqJbFklbZz2r8z8a8
771,771,get,one_____,____2101,
395,395,commit,,,
511,511,get,four____,_____867,
891,891,commit,,,
484,484,get,two_____,____1614,
326,326,insert,zero____,____2632,mAL1IsHbpqNsHGK92x2qqCoPiAQENuF3TshKWge3q
884,884,get,two_____,____2806,
700,700,insert,zero____,____4516,rIJOYPeHuaEwuxmfga3JySAbruTYZ1FKBPcUFNKs7Bhq27xi4yU6RkZuDvr6A0J
636,636,get,zero____,____1381,
457,457,commit,,,
479,479,insert,one_____,____3418,nRkckWcFHV233Gh6xPO7jaRlKrpBC0WGq9jdFUmfoYb
449,449,insert,three___,____3262,llsDtDg5RUJEkcBw3xgV8jGqHt2U99xOkYwkjIpGGpsvigSet
328,328,get,zero____,_____197,
611,611,get,four____,____4045,
696,696,insert,zero____,____4494,0EDnPrMQs0BBm8xnuN6o9truw1sClI7dKn4m4fiydCpf
385,385,commit,,,
357,357,get,two_____,_____882,
328,328,insert,one_____,____2636,W8DSsF1w1LtRH3WFndDz4wlMnBT4iWnaAAr
414,414,insert,one_____,____3083,Kd6l1EucK7upfJGXrqrfutDlDEpoiLR0MB1tHX0EzpFSDZyjfNlskCdtgMwx
355,355,get,one_____,_____153,
511,511,get,three___,____1578,
913,913,get,two_____,____2803,
409,409,insert,two_____,____3054,e0TktCyx8dJal06kwt7ChKaH6nOb8xJShg5mTiYg5PTf
492,492,insert,three___,____3473,Efu7AzWlKyYh0mT7wJbASdhMLEhShIGie1WCILNpTA9oDP
392,392,get,zero____,____1279,
409,409,insert,zero____,____3055,GF07VVwkYKA8Jxil1cPHPi0RACL2Zo2iCHJrzpTiEQx29ejLo3cTcIJwVId
913,913,insert,two_____,____5525,oM0WYfPGntVFQ17EGCB1dVQtYhpuFGLvgSn3APwmXjevhYUiQ9y8QAVdrLdgA
611,611,insert,four____,____4082,FsagIGPifHDVyiB6Ie3GYZXT7v4f56229
946,946,get,one_____,____2201,
479,479,commit,,,
767,767,get,two_____,____2981,
614,614,insert,zero____,____4099,9FJC3mfG3wRopkpQPs4eoCaKH9QdCWbLcypLZ0DsrVwyC6AdZcNNRm
517,517,get,two_____,____3209,
416,416,get,three___,____1675,
767,767,insert,two_____,____4845,EwUrfsuSbSpVUzJ674rAwvNKgCqzFcklcl
339,339,commit,,,
413,413,insert,four____,____3079,4pv5KKChjkx2RyFAXPHgWIwZ9PaU9ta9MAxxewHV0vtYZ38spUZRz8jRk71W
369,369,insert,three___,____2860,22GdYm94qNN8YOkWVIohCDgGJeG74b0mCk
413,413,commit,,,
357,357,get,one_____,_____291,
565,565,get,two_____,____1607,
623,623,get,two_____,____3924,
577,577,get,one_____,____2713,
674,674,get,three___,____1826,
918,918,get,two_____,____5409,
577,577,insert,zero____,____3906,1H7JuvvlJ4ee6nyw5w1u9dbASEGJACwxNPRrNf67D3p6
409,409,insert,three___,____3056,OZtXrys4dCIkXNUe07NQ9d02nkWq8T338k
369,369,commit,,,
526,526,get,zero____,____2859,
334,334,get,two_____,_____331,
810,810,insert,three___,____5056,cuxIS0tJTTcCeDpagkJ6L8r7ROUcfeh74M6ZNR2ieWJ
758,758,get,one_____,_____966,
780,780,get,four____,____2764,
422,422,get,three___,____3076,
491,491,get,three___,____2701,
577,577,insert,four____,____3907,ImIcNJR0C2OvVMDdMGTurpmzyFphaI8EO4h0LsEfOidGBzD2b9IbO96BwqsF
722,722,insert,four____,____4632,7csqunckpaxOeC5jmtWsZfxsMg8dD6CuTS70ySP9woTTpJ
326,326,get,four____,____1992,
514,514,get,four____,____3079,
503,503,get,zero____,_____448,
422,422,insert,zero____,____3120,Nmq5RcjtdRBDyiNbWObdtNg3yYqKb6COfHI63
755,755,get,two_____,____1496,
449,449,insert,three___,____3263,DRNq5xFALnHyze95yHW7IYzVijbE3Yozcf
334,334,insert,zero____,____2670,Drd2JTueipQDw6cz0RxhMVKDt15HMsNog
328,328,get,one_____,____2019,
771,771,insert,four____,____4866,R6T3S1WZj0rtUjlWjx7OUp5wAZt8CBTpaqPD5J
700,700,get,zero____,____3779,
611,611,insert,four____,____4083,Axqlm00eKCVn7qD5q7PTqVs689FmcdgAoUqo7Uh6
517,517,get,four____,_____332,
915,915,insert,one_____,____5531,GJ48G51rbvvZInd7nbj7q9eNBsc44QicF968qjbNZx3djFsJIIpFZ4pNwSJoH
918,918,insert,zero____,____5551,Hi6JYaZ2a6uvpJZFxoM0Wl9uqcK9tBfoFA1en7jc01ZSW8ONrdy63zkoLM7R
721,721,get,one_____,____2980,
696,696,insert,three___,____4495,4qzdPDMIuoP22hNjuHF9ZE3fRqafNTsFqwJiOx5Y7lH6GM
501,501,get,three___,____3304,
758,758,insert,three___,____4792,LOpF5hlSfiSaiwCaKQyUZJfi9pOQZZivFhfZmlndY09N0
501,501,get,two_____,____2109,
423,423,get,zero____,____3075,
696,696,insert,one_____,____4496,hGn3LZJSW8h0bb0DZGo4In6mYFgjOTSzhRf82
526,526,get,two_____,_____254,
503,503,get,three___,____2674,
722,722,get,two_____,____2262,
423,423,get,four____,_____631,
565,565,get,zero____,_____654,
780,780,get,one_____,____2953,
334,334,commit,,,
423,423,insert,three___,____3125,f4gqB1902dlMo4Qt3OGj1xI3T5tdQ94ISiyo2ThFG2ojIGnIiH2IfLeOr91
357,357,insert,zero____,____2792,6UDpz20iOsMfBmoDbllguehZZvtmsak0QdkToo1ezslbXtwgCfXF0AWXNdN
484,484,insert,one_____,____3433,lTW2MGpFzQ32nmA8qinqzrnrE5GJIrPYxvzdkdwZ
409,409,get,four____,____2592,
780,780,insert,one_____,____4902,mQHmIQW9W4nYFQZc1Z4gXR6Zn4FbBUWAoUoeq328zZAmnz5Wb
492,492,get,four____,____1037,
423,423,get,zero____,_____767,
414,414,insert,one_____,____3084,ExTXOP18NIENm9VtgScJQPgsTuG4J0O6XhEQtFD3SMk
565,565,insert,one_____,____3846,DLwRWjH5Xt8SpWS95h8E60cyd38KtI1QZ298ydnuyI571UngKDnD1pfCrKgGHtmV
491,491,get,three___,____3271,
615,615,insert,zero____,____4100,a865ygoCmCx72Mzyu4VWvKSBpKPxcjEh2xIiMt
414,414,get,zero____,_____699,
484,484,insert,two_____,____3434,tka6BAhbYIZ3m1urffsajYLYGiNQ4f6evJzJNn1gGJ4W2
684,684,get,one_____,____1066,
409,409,get,one_____,_____105,
423,423,get,zero____,_____215,
491,491,insert,zero____,____3467,uK6bGeGgy9Lngad2fR30XuizoOJV9RjtDO4ybm
517,517,insert,zero____,____3588,atOYbkkMKkQ8SIkpl3BpMmGMspYW2r6xGdM4t8pUuGlkIiVMYzS0Rzvc
501,501,insert,one_____,____3512,0smll770nPw1IEVcPNBR4OvxQvD1XlWIP
696,696,get,one_____,_____516,
526,526,insert,four____,____3644,lUjFrzWSje2Mvh0n4CHHplW0bSTBhjnatoGGhDRDDFrB7d2H
767,767,insert,four____,____4846,ZTr9p9Xy3d43NJ8veoHO8C1xMtsjCzU6FG9e0rxWDhgiiCKXg0vrQBQ
672,672,get,one_____,____1979,
781,781,insert,two_____,____4907,9ai4RF4YWfMSXoQG3ga8zdvC0Wl5f2BWi48ki98QocIt4FWuvG4rrHqdPCcoz5JZ
484,484,insert,zero____,____3435,Fj725ViIxf7DaGZmvJ3omdwWcbKxSg8fGN97YuYZUQm6XshBsNmAXQgaMC
484,484,insert,two_____,____3436,Bpjbt5arFPjpV8aAzbJJHCaRelLrkavPT1RslDtiDVTNSQL1er
780,780,get,zero____,_____529,
501,501,get,two_____,_____787,
672,672,get,three___,____4302,
771,771,get,one_____,_____569,
416,416,insert,four____,____3088,gaFUEjVYvAVrsmJLczQpDoDjotZIdARgmx4Vax32ummb
377,377,insert,two_____,____2894,CG0Fk7ZtGVQelnytUfDwXr7YXt7TfF8SG0JfYdZRRA30JWCmkghg91q77w
804,804,insert,one_____,____5022,qDN0UPCiN8VSNkQGgEVjgXEVnNK7awtXdaleuZiOant9D03Umnex41QDVx68RQ
423,423,insert,three___,____3126,qfkyyV38aYwG9NDQDaVGAogM04OGGSJl0Lqcy3
449,449,insert,four____,____3264,Zuur3PwcqDTrmFPM24wZgSOBt2p5dtf5txr1jCDzLsz
409,409,insert,one_____,____3057,iyzvYAkP976tKh0pL4TesJ9EPcYwDMG4CsmRw0U1nk4y8
501,501,get,two_____,____2662,
511,511,insert,zero____,____3557,2Hq7N6a7gROyq9U6fS7OUnE0WqI1Np8K4auvfrhDKQ5d6f4ar4twrIEb
915,915,insert,two_____,____5532,a2ruxaBBy5mUEveu6P9ZwIDS7mWJtgKm03
918,918,get,two_____,____5549,
526,526,insert,three___,____3645,aZI3bkeiYWU1hO70YKlDcMxbeqf9Rbt3ZG3a537VKHfbxiXlLmYYBr21LcA
511,511,insert,zero____,____3558,blFWBVJaSNFAppOoF2KPdh2DJmXmibplCsHBqK3Qzd74JkJ1D
511,511,get,three___,____2807,
373,373,insert,two_____,____2879,hXsN9ShLDgcMsdWeeNQvPfDJ7UmKxqEamNjVMIfoDzrZBXvP9tdaAWvUk9ruJjof
810,810,get,four____,_____662,
810,810,insert,zero____,____5057,FXlW7ZQ6Xhaya5240yEBjvHXmWLRI2Di9
810,810,get,three___,____1564,
326,326,commit,,,
414,414,get,one_____,_____945,
511,511,get,three___,_____469,
357,357,get,two_____,_____650,
414,414,commit,,,
398,398,get,three___,____2665,
398,398,insert,zero____,____2998,8tKjCtmRZd8fdingOA8w9ExQbsQjy3nmTZqfWspinZje
456,456,get,four____,____2666,
915,915,get,four____,____1545,
722,722,get,one_____,____2532,
615,615,get,zero____,____4048,
722,722,insert,one_____,____4633,lj9Jrz7j4rcpHjlk3Y4EZGtplMydzcqW1SnQ6ksCen4eXqW65QXGX
684,684,insert,three___,____4438,3GwXHgRd3ufj9UIvjcB0JG86h5RcPwWKHf38
611,611,commit,,,
684,684,get,zero____,_____546,
480,480,get,two_____,____2799,
355,355,commit,,,
478,478,get,one_____,_____906,
870,870,get,four____,____4045,
615,615,insert,zero____,____4101,lrQ55DapNaNRgU4oVFjfftVSK0VbeyeDUteKcb
511,511,get,three___,____2296,
387,387,get,four____,____2780,
932,932,get,two_____,____4078,
387,387,get,four____,_____246,
554,554,get,zero____,____1287,
441,441,get,four____,____2669,
523,523,get,three___,____2631,
373,373,insert,two_____,____2880,DGwqoqpCwMgKlTO5PLqQ592iyKBqWWUJlopERTgkMkjYo17m
484,484,get,two_____,____2957,
449,449,insert,two_____,____3265,LDnAt4OeC7rfgPFjSjGo85mi5QRXRJVpR3y2hxx587NjWbwXyGddwFzPuZzON
918,918,insert,zero____,____5552,nKLTzbmoPHMVk3ECcvIf2JYmXGdl3KCf9F0JMSQVQLqn743O0qJqEgWCDi
474,474,get,one_____,____2777,
771,771,insert,two_____,____4867,Vez787pA5qTPrc6ONvRCspxiO3xFylYrcS
328,328,insert,one_____,____2637,tddzMBguW1b3jJdYxgWTZfxRQTPYrYC0LH4PVNl67XwXEKIc
478,478,get,three___,______65,
810,810,commit,,,
416,416,get,one_____,____2332,
767,767,insert,two_____,____4847,mJmP9cL9LX8OvSwCE56BtCvM9ImBXEopfi
328,328,insert,one_____,____2638,QRdTRrpAfz5Q2k8vaQCtM9BIVP2F6xCibnQRVvo
423,423,get,zero____,_____595,
328,328,get,one_____,____2373,
758,758,commit,,,
696,696,commit,,,
916,916,get,three___,____4495,
377,377,commit,,,
491,491,insert,four____,____3468,VvRDsLP6CyXcy8j7Ezr8gFpL1j0PBVAYx6V8mx4xFCtgohBW9qKGu4Lg2cp
373,373,commit,,,
458,458,get,four____,____2891,
771,771,insert,one_____,____4868,HhZY4jrZB96ptH7cPSUNS0fzpeoZF6zYLUUYSnzAvBpJxxaPOROFOd69Hx5fyY
523,523,insert,zero____,____3625,wzDdVIR3I2zJyigDEi8XGbsgiTvp5Q9lLO2pgeecl5l8v7gaTBJaWyZ
357,357,insert,zero____,____2793,AxVlASMYJZj0yBMDgThjrN1Lm4SDjA4ynlFWKOMSyOiP5m6Nwg
441,441,get,zero____,____1237,
517,517,get,one_____,____1781,
416,416,insert,three___,____3089,kyHeDuT5gpoT6IwI3SEmt1bHSExkOkVT
456,456,get,four____,_____955,
771,771,get,zero____,____2571,
387,387,insert,two_____,____2943,uBSCOupyltmoQ09P3EDKTFajzrKRJioicGYA9TsTDJVw8Dw7FbJnX5mfw2CuKb
755,755,get,one_____,____2136,
492,492,insert,one_____,____3474,OQMBbxV5R9DtweGF4ZGfuSLoJf5ZVhpYDypLWQC1J4t
484,484,get,three___,____2816,
523,523,get,zero____,______28,
506,506,get,two_____,____2628,
506,506,insert,three___,____3531,YKfhCHwyQUJEJFWSaaHDmspjjGTSryqfj
581,581,get,zero____,____2632,
387,387,insert,four____,____2944,Iuy63vvJHZboKvUxzDSwu3565IXvxCSwANdPW6z4wv3dVUXr5nJ0wcvA
449,449,insert,four____,____3266,piN2ELDtMyJiKvTuxhSNVwygZucXDyr1NTwBRRZ
398,398,insert,zero____,____2999,ncKBFRIAKNyeyr24O0ER1EQAN8dxrrLGAGAfVkhx16BMTnc9wR
506,506,insert,three___,____3532,89SW7pIdhbtDsFLMPMhCYfzlIuiZGkb5rnVTSIr2ntxV04O0s7W
409,409,insert,four____,____3058,mXYxmmlspWu8p7cySdRXCbmRAtyboduaY4j
517,517,get,four____,_____838,
474,474,commit,,,
387,387,commit,,,
717,717,get,three___,____2205,
398,398,insert,zero____,____3000,cIQiDmjrQyhQrgenPdoBm5ZPgaFcY7Trjujnw3FzOT
722,722,insert,one_____,____4634,yBKHuaU91V6vM3R3La5wzLb7p813sQjrev8Ot2sGL24y62z6tIHPLGlSajza4
533,533,commit,,,
492,492,get,zero____,____1323,
399,399,get,four____,____1600,
478,478,insert,zero____,____3408,BwKZkgwpMS0HmzKpNKrI3ZHj8469jMgXwMVwsBiMfs2Kxaiq3l9Sf4
456,456,commit,,,
804,804,get,four____,____4061,
357,357,commit,,,
398,398,get,two_____,____1172,
484,484,commit,,,
471,471,get,four____,______29,
514,514,insert,two_____,____3569,2hlyLZ8pvmLe8FmZeM5A6X45zB5f0MhB668jLT
441,441,insert,three___,____3224,0EBRbXNgQMXTu0rKrMmyjhxgHeVaM8mju9LpvzUyr9uS5WrDUhDyPhYiWYp
619,619,get,two_____,____2706,
449,449,get,four____,____1456,
722,722,get,one_____,_____670,
526,526,get,zero____,____2956,
946,946,insert,three___,____5703,PwaAt35EbuAbUqBur1Il97IFyyjS3zQU5REzF
916,916,insert,zero____,____5539,34wCWjz9VoTp3RcaT8K9E27ezoIIwLm1PDuM796sbC46EQwsA55
511,511,commit,,,
470,470,get,one_____,_____117,
717,717,get,three___,____1296,
374,374,get,two_____,_____220,
963,963,get,zero____,____4494,
487,487,get,zero____,____3390,
717,717,get,two_____,____3082,
399,399,get,three___,_____744,
916,916,insert,one_____,____5540,JYsb0A1qEilo45zm5dOj1jqSYCltavJ9ur0b
535,535,get,two_____,____1559,
480,480,insert,four____,____3419,HwNUzoGyayZO1LRqrUNLH1jZz8grDJnpN582UOF7agh10QLI1dKf0QjbEQJx
449,449,commit,,,
471,471,commit,,,
524,524,get,four____,____1456,
513,513,get,one_____,____3389,
619,619,get,four____,______49,
804,804,get,two_____,____3350,
918,918,commit,,,
487,487,insert,one_____,____3445,Hna7MFqK2bqFgj9Jo7pC2kRjb2AQioqSiWB1GWIR1COUeza
398,398,insert,four____,____3001,to1feTyVVmiomBLICtPIraeHGSBOlLkHhWQg4bob
713,713,get,four____,____2942,
946,946,insert,zero____,____5704,NcsgELBeTs9QXsoAouM9ojUtiyGNe9tVtxx1JzNKOv6n8
767,767,insert,two_____,____4848,nOQxfzKajcVYbtJ6C0siS5o2xhpCUocTgVal7yTJTDRvM
573,573,get,one_____,____3555,
489,489,get,zero____,____3377,
513,513,insert,two_____,____3564,Gxa0QMneuV3xVecBDJvu8pRgpJ1Oie5hosvMtszjrFz
506,506,get,three___,_____638,
535,535,commit,,,
915,915,insert,two_____,____5533,mLEP2D2PEckw2S9iQr03NNRIJJUsjMoLVxU8heRdR3Piox
601,601,get,zero____,_____146,
470,470,get,one_____,_____391,
492,492,insert,three___,____3475,hmj4pO7Lt4zdy1CID2NFjpMZFA0C7M0Ie8B8
967,967,get,four____,____3680,
672,672,get,zero____,____1147,
946,946,commit,,,
856,856,get,one_____,____3553,
590,590,get,one_____,____1652,
480,480,insert,one_____,____3420,yVOQGTDVMlq9CW6Wyzq9HM3UTjMgR7ngvaEx7QHieBijOii6A
590,590,get,two_____,____3047,
399,399,insert,zero____,____3004,c7E4j3K1TLU3GmMPQiSAQ0bVcd4c6Boex02XlRCMIGQNHqjtIH
399,399,insert,four____,____3005,CQaZb33RymOsx5aypCYLRN8ZFPc9PPz3GUQ
717,717,insert,four____,____4606,peWkIxgqmiZ89Pl7APemNjQOoMwXYHADe7LAcBupiUZfkL
497,497,get,two_____,_____650,
963,963,insert,zero____,____5791,KqUNEpwAMBTYa6jpAcE03KU8CUotbTtnmeBPXPba9yvqQ
671,671,get,four____,_____808,
458,458,get,one_____,____1277,
601,601,insert,four____,____4026,VvdYsTgfb6udD4X71TDNrgFdK5qKzc5VTAKPnULNxNHUKHGFIA0VsdOUsAm
492,492,insert,three___,____3476,A1R4V6EwkM3HzER12gmKKLcwlxl9qxjmqN4
721,721,get,two_____,_____250,
487,487,get,zero____,_____366,
575,575,get,one_____,____2473,
478,478,insert,four____,____3409,Dqm3lgnB4W1SPZynraIam97nlZK6NAPDA8a0EVigUA54iyjIjTmFgAyCYoIxWw
423,423,commit,,,
575,575,insert,zero____,____3899,76qANnPYA87n8Fz5JgzQc8KXfQurLoJC98Ed1lKeeh9inFKaM1
523,523,get,two_____,____1579,
397,397,get,four____,____2325,
975,975,get,two_____,_____113,
523,523,insert,three___,____3626,dPElxcE34Xd0WwC9feJpbkX1uuZH8DZYxhDA1d1n
482,482,get,one_____,____3084,
523,523,insert,four____,____3627,ctQAzr1rmNREVRuvtQBlD2F7Zrq6QnB9FPUKsptibtPS
441,441,insert,zero____,____3225,TxfsDsyjLmli7KIKRffrXumKq7wW5jwYQZNstv4AvGhUPkPamrR
458,458,insert,zero____,____3310,3YbCE79RrKqEthGlZ3z9MHuEityJrr80hltrSXaGPd019fsPOGzCD3EZmal4q
517,517,get,one_____,____1962,
967,967,insert,one_____,____5811,f6twxfQmhZnJZ2RNx1272qdAdHWKwm1Q553e7IExD2d9J79lodQC6Kn
915,915,get,three___,____1773,
607,607,get,three___,____3692,
409,409,commit,,,
506,506,get,three___,____2285,
480,480,insert,one_____,____3421,hXaZug9Zf1XAgT1cAPzo8p6jE2Pw8R1UCUqGknTBEXb9Atjhms
601,601,insert,two_____,____4027,lcInlB4aDdShL61WyVh2531GTvGZsuJQQhhgrSD3soHpjQwKUnmDtWzefM
450,450,get,one_____,____3124,
480,480,get,three___,____2458,
482,482,insert,two_____,____3425,8nNnOHEnaVEdqjmma7rCE2OsJbjSJoALw1bYqzKSsFOsH8igog2yLGW4eQrybwYx
383,383,get,one_____,____2181,
601,601,insert,one_____,____4028,jy1atV8PeEOSJLFSxCUuDXjoygiRKrAZjMUmrjkA45MJ
963,963,get,three___,____1637,
767,767,insert,one_____,____4849,CB3yUHwt2jFGRVsLyWz02DYosAY3yKioOxOJkW1oxADv
589,589,get,zero____,____1051,
482,482,insert,zero____,____3426,UOg2LLfHBSMmqLnyVJ8C3c1nXv4gcHqO6Wn
513,513,get,three___,____1093,
441,441,commit,,,
756,756,get,two_____,_____518,
478,478,insert,four____,____3410,zSrfAbciVwDlSaYWQjYZy7Hmy2acVGe4O2InTTaYmV937wvaBOdP4zI0SAnY0Ea
603,603,get,four____,____2666,
416,416,insert,two_____,____3090,dNqPkMHKh6PrSJOZ43CtYPkncJpVSlYcf9ChU
458,458,get,four____,______99,
492,492,commit,,,
491,491,insert,one_____,____3469,Khs29nndreVwlrZJLFIQhQRxWRDmZ4SbXgEZq8GJFTP2N83N6fx7OSXYnpsPMY3
523,523,insert,three___,____3628,7vdRsaSPrxj9QfhBumA6ypACU6RI6guqiXUge3v7JWI9sXmltDcbL7qIiz
475,475,get,one_____,_____105,
717,717,insert,two_____,____4607,BvBQCBGnlPVacHHqSGfFyiGPe3TyUYSQuhaM9rOOTSD1O20
908,908,get,three___,____2296,
416,416,insert,three___,____3091,p73wxRyML8PqNe9I1tOva1SJuCGhcWPKxdxABr8IUYCodj9532nBKQvjUNNH23
804,804,insert,one_____,____5023,pJIqOzY7OwyC7YmautxVWxk4N42WBn7PVCuDyRzeCKacSsF4huQOGAOKH
915,915,insert,one_____,____5534,NMIPuYvmAla7OWKTdes7Fc9vZ5bDc46D70pDtj24Un0Ekbx2BPKvsNjLL
506,506,get,two_____,____2018,
513,513,insert,three___,____3565,wRhgYBse8lwtzip9watdqG4uH15mSD53
517,517,insert,four____,____3589,v08Qaqk7MI0esCBiPwL7b06bI6Lempj9cF1
846,846,get,three___,____3473,
771,771,insert,two_____,____4869,cay7QH4wbJI8UPEIjRce7rQn9lDqqQl0uTz
573,573,insert,four____,____3888,wVNnbFICHIrdIeqJnll2yjHKDVvRYj9wo6LDcPfVUg
330,330,get,zero____,____2629,
526,526,commit,,,
482,482,get,one_____,_____525,
554,554,get,four____,____2566,
399,399,get,zero____,_____926,
771,771,commit,,,
513,513,insert,three___,____3566,NxYB6whK9GqKXLYxR48GlfKMNwu8jt3eyNVB0sVAFwQZRkbYsr4mLxPr
567,567,get,three___,____3224,
398,398,get,three___,____1622,
916,916,insert,one_____,____5541,uLVvxHCUqHoXfMksoDWyMk4o288V2KNBPznb4klMh8j
967,967,get,one_____,____1676,
489,489,insert,zero____,____3459,YANaxilZA1qKAjYXNzNfMvdWjiNz6S80AElqMadtlcrxOu
482,482,get,zero____,_____364,
575,575,commit,,,
967,967,insert,four____,____5812,NqVIlxw8k4bPUkyJwLGdPnuNaECU3bkbspUMA6bjnjAfi
589,589,insert,one_____,____3979,YYfR5GpNPNcUxSH7nOOpc2xJ4XzzX4ZLtfHYh
573,573,get,one_____,______20,
480,480,get,three___,____2022,
480,480,get,four____,_____759,
470,470,insert,zero____,____3374,nvEAKacjTXW6vE2SiYLiDwLUInoU7hrYD5xTMqC3a0DR08TXQS
590,590,get,three___,____3070,
398,398,get,zero____,____2844,
487,487,insert,one_____,____3446,M2t8WRmCYaYvqZGAT1JVNx2Z5fdqTviwFUroQmrhzZVZx22woPdG
520,520,get,zero____,_____595,
330,330,commit,,,
416,416,insert,zero____,____3092,11iV953RA9hMlg0cSvQWqYl9qy0bKrzkdDxlheyF4vqpaJ5QenXU6OY
601,601,get,three___,____2505,
482,482,insert,two_____,____3427,G4mTN7obK2ByNDDKBQdOd0EV1IxcEErAp
328,328,get,four____,____2413,
567,567,get,zero____,_____361,
520,520,insert,four____,____3606,ZOrUutQhmxRauTbTWmmQKAJY6HjhfSH6R40HzYQgz
503,503,get,zero____,____3483,
478,478,get,four____,____1472,
450,450,get,three___,_____452,
670,670,get,four____,____1037,
615,615,insert,zero____,____4102,Vc9ZMPYAjysfiJuxXfh8BI2HsMAY9a1KLY0FyU5HarLwIlDi6ZZRQ6FU3RAfW
475,475,get,zero____,_____979,
602,602,get,four____,_____496,
328,328,get,one_____,____1670,
383,383,insert,zero____,____2922,fEUmaHimlhdDskuunzp614s0jQkM6DronYm9n5l5ury3Clop8FbP58bzc
503,503,get,three___,____2199,
520,520,insert,three___,____3607,OcZENaivP1NpADAklqfazuBZYeFltSoIYImCI5F
722,722,insert,zero____,____4635,yFCNH2nCGsjulTKjDcSesj2IbHq8HOBMKLqnfs1aBD6EA
767,767,commit,,,
590,590,get,zero____,____1581,
517,517,insert,one_____,____3590,LTlckWfiqtra9XH1qBXsPmdMNtzu8jXJHgn3D1tCZOkOiGGgIhwMBZv7Id
489,489,insert,one_____,____3460,vMMqj0jSkusVMsUL9c1E7DeSArmQR2KtudiqF
398,398,commit,,,
717,717,insert,one_____,____4608,iVvZid5OOVsm25JRX9oiL0MrljSn3aackFfxpK
417,417,get,four____,____3001,
478,478,insert,zero____,____3411,aHQP5OZSIj7coLcVM2EdYS2GACnazkErlv1TKd7jN7ay6yCy9Iq0kAhldN17c
722,722,commit,,,
618,618,get,two_____,____1172,
458,458,get,one_____,____2265,
991,991,get,two_____,____2262,
910,910,get,two_____,_____433,
491,491,get,zero____,____1082,
916,916,insert,two_____,____5542,Ft9HShzP0fDMmEo76vmCIh36MBLUDap2wO0VKclkg7Ax
489,489,get,two_____,_____908,
328,328,insert,zero____,____2639,0XhExbjiluMAJewsxyYJE7bsCREhqqIjvDZZYvrKs5Wh1iITOXLovgALJYOUqDX
458,458,insert,three___,____3311,l8XkpdDf2Xb5ptM1ryzqgZdRdyDi4PRSZI
458,458,insert,three___,____3312,2YFHE0zwtlmteJ6RJCWXxMIbtrC2XaDMGGNI1ERB3oNf7bHOJkhiokftZ
450,450,insert,three___,____3267,zy0pM87zNcfUD6phNTvd3RTqOtuADE0yTSnsipdSDPUq
417,417,commit,,,
397,397,commit,,,
470,470,get,three___,____1295,
450,450,get,one_____,_____505,
478,478,insert,one_____,____3412,phJ5ARc1jh6x2USczn2AyW3Q0Hf1AuVuY4Ng6pH6v3GZmKMkIYLILciMqV
514,514,get,two_____,____1236,
539,539,get,zero____,____2997,
383,383,insert,three___,____2923,LVHDnAqmDkX748PYCBd9rt999YxdLV9V9N9j
783,783,get,two_____,____4869,
756,756,get,one_____,____2392,
503,503,get,three___,_____430,
618,618,get,two_____,_____314,
713,713,get,zero____,____2527,
554,554,get,two_____,______47,
450,450,get,two_____,____1494,
915,915,insert,zero____,____5535,NqwaYQ2MM6y0psVmWWA3Vz8Tk8q8xpRIloHjVNcAU4gQzk0rfuvCob2
539,539,insert,one_____,____3718,LWbOIZLjaDlDxg20T6JPkjOWY5LA1GX3ggZu7Yn
374,374,insert,zero____,____2882,gonLL0s9hCQUqCjc4ZUxGoRaH2fSF788m
480,480,insert,three___,____3422,Vr0rgWQxK3cwz0k02K7hAqg88Gn9MYGW25
374,374,get,three___,____1549,
554,554,insert,four____,____3795,S4MyI3T18YgrMxrjYSw8i2oC8kU8BGD43bI
374,374,get,four____,____2855,
539,539,get,one_____,____1126,
804,804,insert,one_____,____5024,TlRnqdZeFDnnHKrFidSiDpfAGIeJ7yBmlznTLRcS0wYViHHGKWyJs13lw601Bm
567,567,get,one_____,____1318,
528,528,get,three___,____3098,
846,846,insert,zero____,____5221,qsCFRADSIxYRuiUsOchELB2RWv7YN8SeedH3sx7IW
538,538,get,zero____,____1602,
490,490,get,three___,______85,
480,480,commit,,,
528,528,insert,two_____,____3657,qeEayw9bzAfwi8ajmfeazU6wNYS6tD9ckCw97Zjijse89d4znSthSLLcaidHItpx
804,804,get,zero____,____1538,
702,702,get,three___,____3475,
670,670,insert,one_____,____4378,oQqHh3roxqsNGkgnbbJDbou5LhQKHmMFo6tNiZ6dKv
475,475,insert,one_____,____3396,bOVlPUnblyp1V6zej3k6aLliGSSDLtKQEn6
670,670,commit,,,
503,503,get,three___,____2679,
538,538,insert,four____,____3705,w3yzcTiym37eFRXkmexfrLVELuExoZ4MzfHyYivahdIfpv2Y67JGUeFh0
513,513,get,two_____,_____143,
497,497,insert,zero____,____3497,QlW6vCqt92ugfWMAhzuDNyyeFyFILDnWRUodTm9G4kqg
827,827,get,four____,____4374,
454,454,get,three___,____2994,
827,827,get,three___,____2441,
517,517,get,zero____,____1987,
991,991,insert,four____,____5926,8FmK7DKu49OLkyHWK1oIOf4wPMVqE0CLu7nBPGmIAAnWKwc8m6AqUGqQJU
478,478,commit,,,
514,514,insert,four____,____3570,x5CiZw2Z9FZN6ZFSPfaPjQuFcHBaO7qLWg2uqQ2q6OQp
399,399,get,zero____,____1035,
497,497,get,four____,____3472,
538,538,insert,one_____,____3706,GTnI4knsAKKQ383qOokawfngNvxK9bJ8
416,416,insert,three___,____3093,dmic8ZHlSK54kAfwTEqkw0buNCSpCpoHYp
514,514,insert,four____,____3571,gQqKCBxepGtoF82WQdKJHu5UfdUOTvreqTlvKnsv
827,827,insert,three___,____5135,OK49BPyElFMh8zjGTIwpqa00c2wvyGRcUPYW8SuRlweRa2gPkeXF3g
968,968,get,two_____,____2799,
912,912,get,zero____,____3055,
606,606,get,one_____,____3095,
482,482,insert,four____,____3428,z3HdiNgHhzGcryWdR6mhxGHWjjStycpRNg6QYge7kFRYp7
991,991,insert,three___,____5927,G0j5Otu4q9kBHiCb4tiufQVQtZy8pmIBl53XwjLU0X4ow0jAJy2toUi
554,554,insert,two_____,____3796,V9hM0h2rDdAeCzEnIedlpZPuUfvdrCkqT6YQ5lLz0h
514,514,get,one_____,______89,
967,967,get,zero____,____1576,
470,470,get,zero____,____1154,
523,523,insert,one_____,____3629,SioLVg4sYGXLgUR2y8lRWLSJMCel69Bu572isq7kwTItejlVoT284l5RPH
756,756,get,four____,____1012,
567,567,insert,zero____,____3858,QJJqLsuAnauJkJkp3kwhGPCLaVpMcQ02LMot5jdKdQUA35wpAViwJTLZFhh
458,458,insert,zero____,____3313,F6pMl6KNAHv22X6brtO1gjVblIsN112g9koXYCZ0CfqYU
721,721,get,three___,_____431,
756,756,insert,three___,____4781,dOj2OACZvCxoH9cxLgIIF3Bt3GUbRB5h4U82nA33r0vPX3hVDjjB
618,618,insert,two_____,____4122,jpb7Rx3MLcNhl2lcYAE5gA6fLmxwdVQzWsCmq3sLhEllibYCbtBzyenw3SOGax
328,328,commit,,,
416,416,get,zero____,_____388,
399,399,get,one_____,_____586,
517,517,get,three___,_____169,
520,520,insert,three___,____3608,OJ6uLBBQttgUpNaKU19XMCwMpx5ZvuGpePjo
538,538,insert,three___,____3707,EWaa737vLY7rBMX655sZ8OLcR3kGHfLLAHP0BFXB9CZ
416,416,commit,,,
399,399,get,three___,____1918,
458,458,commit,,,
487,487,insert,two_____,____3447,Ih9XH3CdxxLDqPnr2Tu6YySHlVMh67m50c2GLnovGdPCDhHWchvEIs23QI
567,567,insert,zero____,____3859,EHZLMxmYfpRAGgGUhlhS9A5kMB450eunuEBtI2qnoCV
491,491,commit,,,
498,498,get,zero____,____3408,
567,567,get,four____,____1357,
517,517,commit,,,
482,482,get,three___,____1926,
968,968,insert,two_____,____5818,Ly2vJKKbkaF5R03ctTsxx18zpvaIZeYO9P3YUvWO5HvSNaBjgWiz2UV4RqI4LfHi
658,658,get,four____,_____211,
756,756,insert,one_____,____4782,3Op3UEZeVV7TMmsXN3v2Qby2YDRXqG624IZdCwhnES
396,396,get,zero____,____2639,
450,450,get,one_____,_____358,
756,756,insert,zero____,____4783,b8ZLlWn7kTIA85Y6DeXUbmN5bxxpXNKrpCthUFhIm6cii0HnyPKWFhgJM4
573,573,get,one_____,____3770,
788,788,get,two_____,____3090,
393,393,get,one_____,____2638,
498,498,get,zero____,____1473,
606,606,get,three___,____1633,
475,475,get,two_____,_____369,
967,967,insert,four____,____5813,BbeS7wUaSJyHYVpnJzwhqZffoDHtKRNyG
482,482,insert,three___,____3429,DP6k6vP3VWimKxWWugGiwMVPV16QmxUD1R7X4ZKEwHRDIxOfOhe5NkNQ
405,405,get,one_____,____1733,
587,587,get,one_____,____2373,
454,454,insert,zero____,____3289,Z7ulrHYlEzMoBTkEpNHVXD2Xmq2kgx0B8pmzeOwvH94l94YXSUFMPd9
393,393,get,three___,_____953,
567,567,commit,,,
721,721,get,one_____,____1487,
794,794,get,three___,____1675,
968,968,insert,zero____,____5819,u2JV4EGnVXuLleBx46fGgN23zhQR0WfJfyOiM6arCBH
374,374,get,four____,_____887,
405,405,commit,,,
915,915,insert,two_____,____5536,y77jMOklY8VzZywUWN07NkrNDU69Fc8W3BW0kx806U56d16MJJmW9eROIGiO9o
912,912,insert,two_____,____5522,zvvLBNIBcc4FL6XiaJJsEkidwiTeDYXB
610,610,get,one_____,____3034,
721,721,get,zero____,____4143,
450,450,insert,zero____,____3268,YCXViB9jTF4hwqujTWskpnPOoJcfkok7iZTGEHjR6RW6GAXAQJHxIVCtKbV
968,968,insert,four____,____5820,tIdnYxBJeiccu4zJ1ZLsMtN813sGnCE4yRlsGw4ryUbkrkK2Ll2w2UNMGOsV5WVR
804,804,insert,two_____,____5025,kaDKvEb6SGnMkRXdoHrEMCSb89I3YN5v
468,468,get,two_____,____3036,
794,794,insert,three___,____4972,YW9oOk3cGqT3P7ufYaAdMas02x7iWNka3TDUgeReAyf3Lwn
721,721,get,zero____,_____118,
606,606,commit,,,
713,713,insert,four____,____4586,4Y6pDSWTT53Qwc9wPh8k9tEHngHHRT7u6g3x9sG
396,396,insert,zero____,____2989,abutNZRLd611LD5PHVGiSpEWCUvPR8jpv
827,827,insert,two_____,____5136,S4UAErRWQmMKsJo9Rb9MpHZGsjE8Wri10xeIw
520,520,insert,two_____,____3609,S4yGqcTZnpSL1HEXjad88bTukXdcGzrFUyk7bDhgCVw5DWdkXEnKQHNY
539,539,get,two_____,____1019,
772,772,get,one_____,____3095,
420,420,get,zero____,____3097,
910,910,insert,three___,____5511,l3vj4sxMvfoWpJscUuBzXXcDn9qlymLB9N1ohQKF2ySLF
393,393,get,four____,____1723,
396,396,insert,four____,____2990,r7AHtVxRqTkxM61vojAoscAvQGvqoS4sVNnETcV
468,468,insert,four____,____3362,mVyj909lS5bmuPoOjsu2cehfIvbV0rt7F
554,554,insert,two_____,____3797,oQXkWVyItQx2ASGQMSc8re7Z86WYHCvUVPfbgeZtoVhtvIR3HX1OpRAavewZ
514,514,insert,four____,____3572,ApDeTFwtAxDOr4Hfa6BnG68jXYN7sfjEOA2XEFDy
968,968,get,one_____,_____457,
967,967,get,zero____,____2041,
497,497,get,four____,____2183,
602,602,insert,one_____,____4029,L6IVT3HTfxjA2cflXvJFYvJh5cClbueawXwMJAYAoZaeAjNJSYW0ubpo35
514,514,insert,zero____,____3573,du1SrJcb9ZFutBaPz52D6WPLWsmDxOnWrqDHmiTzXrwSJ36WvOy5Inu4Oo3LqvPt
538,538,insert,one_____,____3708,zMCefsgFrmpI9CvGwmsNDHMgyMij6ibqivzMgm
827,827,get,one_____,____1654,
804,804,insert,one_____,____5026,s2JiFQ8ww9GS7QXUDus3L5Zo1KVdIII1kFSdgAyHeYVzxKU49
450,450,get,zero____,____2940,
497,497,get,three___,____1730,
573,573,commit,,,
659,659,get,two_____,____4052,
554,554,get,one_____,____1392,
716,716,get,three___,____3224,
761,761,get,one_____,____1630,
702,702,insert,two_____,____4521,lGovhh1A8d45k0o7zUDt4ap4o2b3AjfVVAFSp0siCT2wF3SrJzLXvDtczeAffd
940,940,get,zero____,____1978,
851,851,get,three___,____2842,
846,846,get,one_____,____1603,
523,523,get,one_____,____1489,
794,794,get,three___,____3032,
490,490,insert,four____,____3463,YF5SUfE4XcpBIf8tysYeez7GhohDWOnarh6DjGAOIu
565,565,get,one_____,____3471,
804,804,commit,,,
490,490,get,zero____,____1247,
610,610,insert,four____,____4075,hInkmSf7aTUXbwb0fpcITs0eLyUp79DDbGCHxBMF
513,513,insert,zero____,____3567,5EAeFGb2wB22y9Nv5jhdqCsHgeYpPZafRi5oWeQPyAmQ9TmnEtQz7Q8UgUd1E
520,520,insert,two_____,____3610,y1mTjhgGpqgfirkDoicrBqoHMw2NIwWF2lyA0N8nPGGL7sLb4ZtTXmqUpj
468,468,insert,four____,____3363,Eao3Zd34Z6idWPQ7hrfxtWWzAgulLWpz6JNjBtUQdEMLKkRbcq
846,846,get,four____,_____844,
532,532,get,zero____,____1987,
393,393,insert,one_____,____2969,XXBql3mInpwz6EnA16NMmvEG9HvLxsDvhzpVlgfj9dOtIhctCaJ7gMrkgTB
454,454,get,zero____,____2208,
991,991,get,two_____,____1303,
468,468,insert,zero____,____3364,yNq07BlC3FoXINv0iXqueZwwhWGowee9Ef0fdWlNjrZplB7p
539,539,commit,,,
538,538,get,three___,____1119,
475,475,insert,zero____,____3397,NM7TMWodSBtdIsyXxLdEsCzqmLtpqnnlm1zr1FrBz
716,716,insert,three___,____4599,z8t4YyrG44tKxgYe89kgEu6HOjtWw0FFyuoV4sWX0pPhk6UThtge0VfoiVibHI
659,659,insert,two_____,____4326,XitW1CpCAq47wcEIMhQ6eP97aUPZHxZSVkdLYghagMirXpxx
450,450,get,four____,____1030,
718,718,get,three___,____3312,
905,905,get,one_____,____5022,
940,940,insert,zero____,____5679,bYvVhVN1WsH1O6BTGNMcZ0zYnopi2XRi0UcRpCVATtG7SGet4t7T
652,652,get,four____,____3716,
602,602,get,four____,____2029,
610,610,commit,,,
910,910,insert,two_____,____5512,9zYoPHnN4gDP2WWk3e48tPhzOK2tTXyg8700Pwj5Bh99JfEDA
519,519,get,zero____,_____388,
475,475,commit,,,
523,523,insert,three___,____3630,gq4yT9AJ6NpTUAI4mbTryWke35jWxkiZSa7KJgknlPXyfws0DN5oYkPrYhEz
595,595,get,one_____,____3391,
523,523,insert,one_____,____3631,A8mMDN8AR40E86pAqkcR0oqpqL7R1Ru4c1sUzpDHq3vjuwdtGNbcF
721,721,insert,four____,____4627,jnWiREFgNffIXkcikL41bxwPyO1w67HJl3lQz497gItemaf3WvIlAy2Ea0FIX
772,772,get,two_____,____1490,
905,905,get,two_____,_____474,
572,572,get,zero____,____3393,
468,468,insert,zero____,____3365,SsPzOLgbO6vJC4fuZDVm6gRt3BKs3c2VHmOnml
618,618,insert,four____,____4123,tzcQd8pNYwh53aGGtqLv7SI7C5JQY3hiAvU0NMCOK4XdLoPk76x4D1KJ
935,935,get,four____,_____759,
772,772,insert,three___,____4871,paz9MJBZyeUmSfonVI5jYUkTyLrHvfgFEJcxNWBMKloJ9uEJJGW0s9p
396,396,get,two_____,____2125,
487,487,get,two_____,____1197,
374,374,get,three___,_____667,
503,503,get,zero____,____2812,
476,476,get,one_____,_____105,
915,915,insert,one_____,____5537,GRXzPdwnw3yKZJeXlCFoIhmkeI3WWvZejVN85f8aqx6FC6eJ2rOwpIuZforc
602,602,insert,one_____,____4030,god6dG9M2ZzUPlszJgpdBiXxhsZtAFGFn5G9KeGtgKi9IJJWC
396,396,insert,four____,____2991,NA3us8IErWC2auNkmMkBleSKUWnCGuTqQBGPr1YQc
470,470,insert,three___,____3375,ZAiCbS307J3zW8h6b8ybbZEqdfGdLVGjQVfSQwaAlyEl3S6FrUoWNLYjeh
399,399,commit,,,
420,420,get,zero____,____2715,
572,572,get,two_____,____1168,
393,393,get,one_____,____2562,
761,761,insert,zero____,____4809,vak7kCEF5tVu8OoZsEPKo1hqDHGjQaW6cjLklxF8PQMM3jr8XkvQY
846,846,get,three___,_____914,
658,658,insert,three___,____4320,7GQTntIVZgfikAbZwcQ7nUfeYI2DeuzGPu0yYme
658,658,insert,two_____,____4321,N4J1r5PfjJCDD7XNaVLeSVMnNn3EUvLObiB6B8jcik8NWju5xxmk
627,627,get,three___,____3395,
658,658,insert,four____,____4322,LHsxxdk72Cod5yCojtpEOFNrc2mq30JdE2
506,506,get,two_____,____2053,
788,788,insert,zero____,____4941,9GzqAmf6Hvqk2Y4gUpKKkakUlT5vuPXoNvAEruWA5Kfsxe
591,591,get,one_____,____3770,
488,488,get,one_____,_____678,
554,554,get,one_____,_____188,
940,940,insert,two_____,____5680,NLeaSz3DYxl9DMmRCUoDWCDPGjHM75QHmihh5RuqYMMwsZqeM
827,827,insert,zero____,____5137,pnw6NjfQsfOwRXT7IrrHJ2qLYN5qiCpyd3wsLYGPWcIpdb2nC
915,915,get,one_____,_____163,
755,755,get,zero____,____3310,
420,420,get,one_____,____1634,
488,488,insert,zero____,____3456,jljZNL8E2UT12N9DPJ85tWxqef218HAIjWbsPKRP
846,846,insert,zero____,____5222,kCqo3JQFX2JJf4Zf7v4R5aY0yBXWPv7RL3dq6nflBiNvwDPY5qKs
520,520,insert,zero____,____3611,aV9cfdYpvES07rSSzZMLPQadcqtTnWlDEoLBIH9YycZe
490,490,insert,three___,____3464,IUTnuPTF3dMhpjABgualz5rgrFXCJXo6xmDf6NA
476,476,insert,three___,____3400,4kp3QGKR6Vr5y4OpooloslGPPLRXzSoD1mukGbGtqpbqUbPF
487,487,insert,one_____,____3448,1R4P6dmsMPB8m7CRlj0gdRtDSzmxYgLP6wiI
520,520,get,two_____,____2224,
851,851,insert,four____,____5245,0Hlx30PrnC48041I9NQKSKz1vRbH5iVBwZMC0hg7BM6pW5N9YtAE3UM
488,488,get,zero____,_____159,
374,374,get,zero____,____2808,
487,487,insert,one_____,____3449,JMc9QHGFeScVMk8IawwYeKpmZIrHjCsFGE5V8y954XWrKyoyumKpxx
497,497,insert,four____,____3498,GjyzI5YvcDdpJ4esThPAkjdOUb5Xaj8RMdsZOF1oOGLNabl7
618,618,insert,one_____,____4124,EmmNtSPlVIds3bJc5szp9wcnxqrHcUBMd8CDE3ltAGnz3twZAKl
718,718,get,three___,_____985,
846,846,insert,zero____,____5223,v7ufeQBOT0GXJCPKGddWmoVxlwzqYkZKMeT4Gu
476,476,get,two_____,_____821,
532,532,insert,three___,____3677,c5lNW1EVOznYqRiGbFTdQoRKZYCh6NHsJ6OFVqP8gn6yY0
554,554,get,one_____,_____737,
520,520,insert,four____,____3612,SWL6tsnX7GfeYaLfLcr4dbDFS4KN60EzCmAbsFIJJ1mRhUv8qpcWby66t
702,702,insert,two_____,____4522,gH6esIIF4ELsnqMy72xRHvn48rXxkbKov
520,520,get,two_____,____1158,
618,618,get,two_____,____1332,
532,532,get,three___,____1909,
468,468,insert,two_____,____3366,DTEcsXS1XQMYgoaKg0hwAdLR4qkLrZvZ3TsxnQ1RFN00HxWhWQ
851,851,get,zero____,____1917,
393,393,get,zero____,____2680,
514,514,insert,zero____,____3574,n1W22zf8Z8AIHNNXUI5cOyQyS97m4OJ7ktodCIO3zk0lkMC6sR2tX3
383,383,get,four____,____2403,
490,490,get,zero____,____2239,
523,523,get,one_____,____2049,
658,658,get,zero____,____3000,
755,755,insert,two_____,____4778,v87xGbgIkXPeMaL9kFJtrLSrqt6MPCPk6ysqu
506,506,commit,,,
540,540,get,four____,____3005,
716,716,insert,one_____,____4600,lgYFHTU5N0Yo1y9SB42IiSc0LLHWRag7U2JQ0kY0xorZ31BIe3C
468,468,insert,one_____,____3367,dmzpP7rgUiHwxKcCFiyrghyLG5kc2w6f3
538,538,insert,three___,____3709,5w5lxKQQ6hzGHGPE6faJtZz5k9LccYptf43mk2F0N3LcQkIQRcdRYkY3I7ZL8
487,487,insert,four____,____3450,8pIBW58pJxEW5PnSUMC9yqfze9tptxoo07naVcLtIv4B4S8PtI1YnoAh
514,514,commit,,,
721,721,get,one_____,____2888,
713,713,get,zero____,____3481,
794,794,get,two_____,____2514,
564,564,get,one_____,____1781,
503,503,insert,zero____,____3518,4iMcpWMkgBN2Q0fe7e5WkptcdWhgNXJR8plRsBzEWQhyx2K3GXh4IV60
383,383,insert,zero____,____2924,5thD6ksEZpxz5RrXPWbDWboYYwPUn1azVE
450,450,get,zero____,_____200,
450,450,insert,four____,____3269,R3I7qosjKmRKBF1nicAYIt3svbnn4y5UG77SYQjLLlU4On
772,772,get,three___,____3089,
591,591,get,one_____,_____906,
528,528,insert,four____,____3658,9SZEDEHgnW1NG5RDAuXFNSKLCWiW7aoFkI1ZPjvrCUYpcTB4uodVx
587,587,insert,four____,____3963,zwxQTF8BZbsAXXGJZk2BJ1IdKErQ9KF2fb9CQCUUPBRtcpK
659,659,insert,four____,____4327,OdqzpHi73Z1oprTYBv5jGEVdSs5VLVovC2Ej2iPmlJo2GBbbaj0MFauR5JLtWO4
718,718,insert,four____,____4613,sLhv3pD5A65NeqvOcpDFCRdQjWdUB3Gnxia37WQMmxDYzGqOjEKlizXFMVwCWoW
408,408,get,three___,_____744,
572,572,get,three___,____3325,
468,468,insert,one_____,____3368,JjAqjhyqYHjHvhtOkCl0Stn7U6q7CQUVxJf4ixy8qXwIoG47KWxG
659,659,get,zero____,_____484,
470,470,get,one_____,____3333,
618,618,insert,zero____,____4125,FQjGlU2cYNJrI9aBucNplLDHVfEM9hBi
721,721,insert,three___,____4628,C3XombOhecKTXRHyxnJ6VYvJIwjZYO5Qqyzw2wqAcZTD3ysO
490,490,insert,three___,____3465,EolCBfKKPXfPPXR75I94tiJ0nup3BLWUC2dt49woaU5SbTJjUHkUaqCUpvO
659,659,insert,four____,____4328,iwRsQl7iKxvuRRAU2Oefq9Wi4MlBcd5ll3m
528,528,get,one_____,____3590,
374,374,get,two_____,_____510,
393,393,insert,three___,____2970,JTPqqYfx0MDDvhzPCo1aih5376H2y4tFUPjSJC2QG309J7olZYfD98g6DVvHH
591,591,insert,one_____,____3987,eGQlDz5ZGYOoQZYJ5FK25SB3UNkvP5SnkIfCbDnUNmjXIzWuwV
497,497,commit,,,
476,476,insert,three___,____3401,ysV0MByu6ADU1JD7b1cv2yXp18lhCzHxnn0hPrB58Y4Fo4CwYt6
794,794,insert,three___,____4973,l2Wpka9k1ExXJPXfrIbn6FNg5QOQS5qnG
718,718,insert,four____,____4614,bZWCESn5FDqSccf81gxplGw5mOZdzfstSBORWokOEGY5IxZfxu
559,559,get,zero____,____3574,
420,420,insert,zero____,____3109,CJhZS6Z3KJMS1wMTnQxhbQkGO4Y96HQ8JFGqTxzq40E7ioJqh0hfM8jO2vpmeWdY
591,591,get,one_____,____1839,
448,448,get,one_____,____2539,
528,528,get,three___,____2050,
559,559,insert,one_____,____3823,ji2ikECsRDougbCLX7td1DcwPBOfXXH7SSiDzXKcT4soCUNmkQEe
523,523,commit,,,
513,513,commit,,,
658,658,insert,zero____,____4323,VmqQhlhLPg2jJPns4RLVkYm1hFyKoIsOq0ab8COgOw8kdO07W9RNUuqUp86kqR
755,755,get,one_____,____1663,
846,846,insert,four____,____5224,evvRDZHglbiS1hYlt8Z2Gryy7bfgpImc3TWVtG8xSbsxsw
468,468,get,three___,____2510,
602,602,insert,zero____,____4031,eDNFVgvsG1toDvohneTihsY1wk4fxTbUqojWAqwQjivmV
556,556,get,one_____,______89,
560,560,get,one_____,____1413,
503,503,commit,,,
618,618,get,three___,____1198,
450,450,get,four____,____2350,
560,560,get,one_____,____2673,
540,540,insert,two_____,____3719,PASqKekVBjFX90dWfuqeiKh4xvVUes1YlyzW9
374,374,commit,,,
487,487,commit,,,
591,591,get,four____,_____629,
560,560,insert,one_____,____3825,r9YbGaPOItja5kbyf9RTcskBGuB6SsYFMUktlF3xGKsh0e2QpHQz
560,560,insert,zero____,____3826,HVyK4DtvIyo5DbpNdAFMDsX67L2jK32po8vCxo1WzyRuxvxTDviAPCfl
495,495,get,three___,_____667,
846,846,get,three___,_____633,
520,520,commit,,,
510,510,get,two_____,_____650,
470,470,get,zero____,____1850,
592,592,get,zero____,____3483,
713,713,commit,,,
685,685,get,three___,____3630,
543,543,get,one_____,____3446,
591,591,insert,one_____,____3988,l8qtvYhRwJOyWrETXkgnPVPTgbDbIm7V8dnGZIX0trQuGWU5JdjAl7
528,528,get,three___,____2796,
587,587,insert,one_____,____3964,gwOM9yEE2IbGmtJKDplk1RP3XEoE2ewMI2dWdJ3hZN3jjCrZ
450,450,commit,,,
718,718,insert,two_____,____4615,sZpTT87XkfkBPnAjsVy9kOymssQnbmNzy7h7bQsikp4UCP
755,755,insert,three___,____4779,8xXv1RoKOqIHIvsryk8Fr8ZzqWPJWb7olm
801,801,get,four____,____3572,
658,658,insert,four____,____4324,wvM4w9RxeMWBNa5ErGRvbVRqNOUwGbP37VEMocbHq4XL2
709,709,get,three___,_____452,
853,853,get,four____,____3269,
448,448,insert,one_____,____3255,wCSnRwamzla6HmiCooNopXtOv9LLnTQmMR1RRJTJMGCuOiF
408,408,insert,one_____,____3050,JeH8QsN5BhzmUE2R8STpJFygFwVWfYmrFkxk8L3zDtbX3MljSl3prZF
824,824,get,zero____,____3268,
532,532,commit,,,
448,448,get,zero____,____2629,
718,718,insert,three___,____4616,hZXR8PiNoxlY6LadYpGdkyljCP3gilsYtqyEifMe0xOwc8sv4cBn
718,718,get,one_____,____2736,
482,482,get,one_____,____1242,
508,508,get,two_____,_____510,
972,972,get,one_____,____1734,
383,383,get,zero____,____1945,
558,558,get,zero____,____3573,
659,659,insert,one_____,____4329,tARHri2qmLt5vH3HUyghV7uCux1J1Yj4CMdRV4sPo6fgAkM9dT2VrDEFRnNA
495,495,insert,three___,____3489,Y8AtJrGx06K1kzf60jnwPlPcfcnXiQwz5XePXzn
591,591,get,two_____,____1442,
408,408,get,two_____,____1148,
716,716,insert,three___,____4601,qTm9kp81aRpzh3UxJZtZLlDa0k4ETMo16bVhQ7I1ht
595,595,get,one_____,_____315,
383,383,insert,three___,____2925,3zbinQW1rfohKD40eMKAwSsw4pnsPdWEhd3qPKTOW0LXZ0pYijGoWrN
709,709,insert,three___,____4568,diDfsHZVTYMBLuIjcTmSefrtuv7J54plZe0Tq4QVa5HKVKS2wBMc7rtH
408,408,get,one_____,____1076,
801,801,get,four____,_____167,
528,528,insert,four____,____3659,FvOsYAoxlRHEpmY13AzAIMvbAbA6HNvIetIqllAjGytYCgZ3lV9URifLiFsX
396,396,insert,one_____,____2992,zTjInXC610H6yRB98ZbpINPEbWyFXu0FqLd
468,468,commit,,,
393,393,get,one_____,____2602,
558,558,insert,zero____,____3814,53eA3hRpn27a1y30xuPes6tRNdqcuxl3FFFvqJRtG
556,556,get,zero____,____3004,
543,543,insert,one_____,____3733,UmOod47T73xF7bRig79wjtLr0FR5E06fmyXxZ0NP6y8fasDt5Z4f6hLCtMHIN
383,383,insert,two_____,____2926,vul81TZilAfWCk1edGv3g6BvmlT5idT1n6VOyBO3o8KbOt6sNsPSpP2SoS4YRB
482,482,commit,,,
543,543,get,four____,____2669,
896,896,get,three___,_____638,
652,652,insert,two_____,____4295,NYA9jcN76Wnjsjy3jbantu5b69wJ9hPzg77KA
519,519,get,three___,____3429,
496,496,get,three___,____1549,
719,719,get,four____,____3612,
393,393,get,one_____,____2738,
652,652,insert,three___,____4296,W1bvsr6bZXVd2nLg4uyd4uwPx0DAC0lkbbPI9QG
572,572,get,three___,_____711,
652,652,insert,two_____,____4297,V8uFAGFJwbTqMB7Dus2eclruyMdmOOWGmYjLfjWss97DJ9tKvTx05ycXxYMip
528,528,commit,,,
490,490,commit,,,
476,476,get,four____,____2374,
749,749,get,four____,____4585,
572,572,insert,three___,____3879,okoGJnDB87tDF8ttrVgSBsv9A9CBJpFTamgt9Kcp0120lfy
972,972,insert,one_____,____5836,nI9im3u8zmBpzsWDNdCHlDWEBMsrFt2iPUObJeaBc2Uz4OEikfZkuy
510,510,insert,zero____,____3550,uE4iDPKYCM4iJszfeV0J07Blz6PhGZmnK6dOegXSQQv1pTOrLroz
538,538,insert,four____,____3710,ZK03thjjlbwlmA4jMT1TQgfYCxCvPktzHtbZiY5GaZ8EKf7QKkQzU6O03
510,510,get,two_____,_____224,
658,658,commit,,,
564,564,insert,one_____,____3840,vfLM62S3UrG0o97fYw5Ogf4dB0Oo20XAexv7d
476,476,commit,,,
626,626,get,three___,____3400,
383,383,insert,three___,____2927,cKYa6jwYeG5A5WJHDYJY7nLTVD5wlDYvxN4fpDZC66RBtNgSZPqltHEDpNKAcOjc
508,508,insert,zero____,____3538,bZBV0xhP2wfsNfEx6xNC2G8Ot0EDxmZ3Wsvs3C5O9VGqCWctbepv6N9
693,693,get,two_____,____2002,
591,591,get,four____,____2829,
510,510,insert,two_____,____3551,JMCx1D6qbkrgaOJ5WccWmKpIfEjFljMcWllRYu7jWsw1HauYryLJ7CyxGEeTNdU
719,719,get,one_____,____2049,
693,693,insert,one_____,____4480,2W6vTnSpERnnZuBAX1uwIUHJV9em3NOWMFAeDJGEw5HLEvtb8Kutxqzd
664,664,get,one_____,_____105,
652,652,get,one_____,____2014,
678,678,get,two_____,____3655,
510,510,insert,three___,____3552,sQhjW7CijusDNFqWtmxAxqxEbmwtA5u2MTZilWCLazF24rCx
626,626,get,zero____,____1231,
811,811,get,four____,____3363,
844,844,get,zero____,____3518,
752,752,get,four____,____3627,
540,540,insert,four____,____3720,p5FITNDM0FWMdQujmiMK8GfCzlbzkblGvcUStOSLwqPypojP3
844,844,get,one_____,____2482,
393,393,insert,two_____,____2971,uPysRd9R4GbSc3Qs2awEdhoztdm70oqWAZIVz4g696uUvCWW
393,393,get,three___,_____462,
659,659,get,zero____,____1222,
543,543,get,one_____,_____231,
811,811,get,two_____,____2802,
543,543,insert,four____,____3734,5FL4AgLlDAlLvNzdRVZcMu2VN5sdiQYllX205XNl36uRfdQRsn3u
824,824,get,four____,______80,
678,678,insert,zero____,____4408,2Now0GHDn9tHz3OKXh2gN4yVusgbw4absBIGR2hPA5Pevs
470,470,commit,,,
448,448,insert,one_____,____3256,oDNcmswGexxrR38O1PoyFjCFu3qKayO2RwRTzd
707,707,get,three___,____3098,
556,556,get,three___,_____276,
652,652,get,three___,____1430,
448,448,insert,four____,____3257,aSVY8JrapbEfQ7o4PjoAU9BUT7BCCEytfZBaEaXpBInLgyPCUmKvl
896,896,get,one_____,_____958,
408,408,insert,two_____,____3051,Fllj0SIpCfK661u1R1cvG1vtgQIgMuUCuWnKlBd
587,587,insert,one_____,____3965,75DTtYdi0Q8cDiHSsup5Pnb8DmhgDC3PetQ
393,393,commit,,,
718,718,insert,zero____,____4617,bOcAkJ5Yy7pjdiVvR0xyp66qtVlaxgPCcNCaUcf5
652,652,get,zero____,____2940,
655,655,get,three___,____3462,
844,844,get,one_____,_____714,
693,693,commit,,,
396,396,insert,one_____,____2993,7KEpAec64jXztzN20VkwePtREdpkJPNBTMEJSv4BrxUSAEeThpejyQvZ5NuKWY
558,558,insert,four____,____3815,hFyHhbBYZMuJUFuKFLP3klaOgMmoiUnDLL2YYsV
846,846,commit,,,
844,844,get,three___,____4145,
755,755,get,two_____,____2800,
626,626,insert,one_____,____4170,OJyAwiVI9y5MHEembW7b5osGY9IOgE9bp5q09zKlLNxa9pTZLEOFlKb
718,718,commit,,,
755,755,commit,,,
652,652,insert,one_____,____4298,ioONYGkBdzZezLFTfyPL6d7KuygmXWtc0
472,472,get,one_____,____2969,
519,519,insert,one_____,____3601,SkoZ5rOfOAuBnAinef4NBE9w1SMWDlW8tOBkDdZTnOOdkXJKTDv0yB
508,508,insert,four____,____3539,6Aknno6ztAvAQ0zyRIYKDLeDgrPDKMXl7K7C0nZ0y
824,824,insert,four____,____5124,tAyjBaniLTvGVrSviXyXHu8RXzaW9jVus3ixA70SAV9
896,896,insert,one_____,____5449,p9HeFFgwcT3h0OKoMROfgSAJxjZUzfAZVgWQiOLHXlabw1
626,626,insert,three___,____4171,7v89hQxNtbmVKhdt3quyXQC7ySNuJQXwSxsSmnNE
529,529,get,three___,____1295,
664,664,get,zero____,____1107,
962,962,get,two_____,____1496,
615,615,get,zero____,____1247,
556,556,get,zero____,____3649,
472,472,commit,,,
486,486,get,three___,____1080,
508,508,get,three___,_____841,
558,558,insert,zero____,____3816,6cJH5WHQuDKcY8XxiCU7IlAEMrWGbUELvPTM8X8DN4Csov12IKuwZLR2Abb
652,652,insert,zero____,____4299,T20n332wvxObApXXaaqVficnPiDAAfXaE
543,543,insert,three___,____3735,UTyPxkbkACHYpIZakG1Rl5vILEetX6kq4tURhn1g179UkQcYNl1
721,721,insert,two_____,____4629,MhugoqZs1WX4vqLD8saXRXlT7ZTEcrWZC1ujOQDUvFBlanC7NzFGFFLNDPedW4
495,495,get,two_____,_____707,
868,868,get,three___,_____985,
831,831,get,three___,_____905,
448,448,insert,one_____,____3258,8QXmv893iQL5qNz2ouiH2HuvxGgnTln8CkQ2p3Zd4beleK6AKzlIoKaIOD5
519,519,insert,zero____,____3602,D82jqkNpOhqVUZdVBYGdhEAncNhMHOSxqu86LyYznqZjGOLiKhi
821,821,get,one_____,____2969,
508,508,insert,zero____,____3540,NnU7a6GEMLKatIASi0zkQEozC726ov45qct6c4kLZ
685,685,get,four____,____1448,
540,540,get,zero____,_____741,
558,558,insert,four____,____3817,7FyCuTAtWDUAoM4RdCzoZPnt81WY4xypVBjDw6KadvFn0bdFNrRFv
990,990,get,one_____,_____391,
556,556,insert,three___,____3802,X82zu4tsp97gkzdk5pVcokW7U3DiusDOOaorDYZcZ58TmYGryO
844,844,get,one_____,____1477,
560,560,insert,one_____,____3827,2TO68nLcBsriMgIARHpZU36wNuZHhnehHS9qrBVCk5ymGZMLr2ywjRA
716,716,get,one_____,____3173,
868,868,insert,three___,____5323,63NSamMRrrwsg6oPvBRgsG0pqJRD9wqOXAg
626,626,insert,four____,____4172,0vvbJUIUy5W7EpTuGa3hgGvHZgTSgr6FnLQleqtt7TZHcipJzWqZHQzIYsW
719,719,get,zero____,____1591,
486,486,insert,two_____,____3442,xmNbQpo6IGVPu6jei6ebtw8V3SsZIjQMDblFv4EghxxnbXOIiSgeWQLUz446qLQ
448,448,get,three___,____2854,
618,618,get,one_____,_____202,
595,595,insert,one_____,____4000,uQBr3qCxeNNvDWpjH8K6HIPstQWGI7vAtHidxnp
564,564,get,zero____,____1047,
508,508,get,four____,_____498,
564,564,insert,zero____,____3841,ZsQNU1zDnEmYTTMLE51UrNW9d1vaI6GKAAIzhP
721,721,commit,,,
615,615,insert,four____,____4103,9M0AC8aCTbdhInjlLWtYho2AwdZm5KZEUtS1
558,558,commit,,,
709,709,insert,two_____,____4569,iV8QTJasdTS8dWq7sfHWMmLkwDUg7xbhJEmcd4jKvseGqxuwr6o9CSdOQD
726,726,get,four____,____3815,
543,543,insert,zero____,____3736,8jlZgBUAvcMBQ82fSI3PPOcTtmiJtIgAhlbLihNQrNVKSefKBKXKe1MO3se3ZI
685,685,insert,zero____,____4441,fnOr4ZhOAOrd3CMFdKS2nxkQ7nD2Z4d5M5cvtwXa7
529,529,insert,one_____,____3660,7lT7pP8KMUMH0xV7n1vPClAXJ1iZl7u5gv0ZnrFPHnkXF8VbTotCb
683,683,get,three___,____3464,
383,383,commit,,,
652,652,commit,,,
543,543,insert,one_____,____3737,AchzjwDTZUNPRAuPrLek5SSgkIaKoHwDsXcVQKoTs0
824,824,insert,three___,____5125,YlOWXKSpVWwoxWIJAFShmAL6X39uxGJVlAHrvn5ZEBeaNC9M1AQv
443,443,get,three___,____2970,
615,615,insert,one_____,____4104,I9B61cizGguc2HK7hJgCXWHfpu8c0owbXPllgHxyS9KD
529,529,insert,two_____,____3661,R9fwYuiFvgy5X2FpZOqeZnAVD5triOQndugGihXjJsVKlXA
529,529,get,two_____,____2838,
538,538,insert,one_____,____3711,AN0L5K9IdqHqsX2dVUjScfIeoc3GJEHubAmjDmvHnu3Hz1
563,563,get,one_____,____3195,
443,443,insert,four____,____3232,WOKugqvA2XY5gyoHunhQrtZP85lOiBTan0RyN4fCWwX6434M27fFwnRp
683,683,insert,zero____,____4436,5wrTh2U8NwOyaR3KyEW5DLN9uf4sfzXCx9XAc46Rz20DgfI
709,709,commit,,,
587,587,insert,three___,____3966,oHWijzvkLmqjTbzhAGxguhg9d1N1d2UjWrBmXCWfmZE1M
799,799,get,four____,____1891,
563,563,insert,two_____,____3836,EnKMtJGjQW4MeEGKhMC9Fe4i5r68KqbOhhi7YC9DaJcdY8xyPJGi7V
623,623,get,three___,_____953,
519,519,insert,two_____,____3603,ewk6qmKTxxFvCXKLgNKb69ArM2q4WsBDqyCYep
540,540,get,four____,____1562,
811,811,get,three___,____4335,
896,896,insert,one_____,____5450,pQs74UkVwCho5MFRpKnzKEiAxU439pCKHKQjlekEDiQCwhqdCBg0
623,623,get,two_____,_____745,
678,678,insert,four____,____4409,0YBDoAcQc6QndV7hi1b18XBpkA445tu1M39y398EWWMaYmIEovU
752,752,insert,four____,____4763,e7baG7OHyZn4PfGJqRI0rsmxm6a6bcOP81zmFbicFjyPBUsjxJdB
443,443,insert,one_____,____3233,0VsJAn0YwUItE8UTHxWTJ6bwyoQG6lfEcm
519,519,insert,one_____,____3604,iC8xIGSBTrXZvtEUA5ptKLqmD7ssrOi0K3MdXAmAVp7jbx3cpvV
564,564,insert,one_____,____3842,V6hlxgHEKfQkDxLSxS46tHsyYVG29CigkG4zgS2n9UtAMXn76oPjPlqqAendh2
685,685,insert,three___,____4442,KpRf98t9QAqnpoTcQ6fl2iApxiLpJ4ULhin7DnRuStSOZHPYU60lq98x8TQQI9
543,543,get,three___,____1926,
683,683,get,zero____,____2351,
707,707,insert,two_____,____4549,Y7Tn94zFYEofdE58CuZbrvE1JTG4bsefHYEi4cPE5v
392,392,get,one_____,____2181,
683,683,get,three___,____2050,
595,595,get,three___,____1770,
587,587,insert,two_____,____3967,DVbyL4SVMtGUArHJ9sOVKLsApN3zh91B
799,799,get,three___,_____726,
538,538,insert,three___,____3712,rY4UrbJsnX1HHtAb7yQOPbmvILrZXXnjce01CsrgoH9B
623,623,insert,three___,____4150,Lg09AIsaYLW5yfR0Nyl2l00Bba9Ky9MQDWd6dRKyxBptX
461,461,get,zero____,____2924,
716,716,get,two_____,____2890,
540,540,commit,,,
595,595,commit,,,
443,443,get,four____,____2468,
408,408,insert,two_____,____3052,NgQa10UlJncfWoRfJv6OdQ3rd0hUcEA8bV0Sv
495,495,get,four____,_____942,
618,618,insert,three___,____4126,kGbjIHbXWOluld3LMddsRP0SS2iCyCKPjfaFOBqqgEZ410mZGB
623,623,insert,one_____,____4151,svX3zNYptjOK41Hsm3aQtRgQDcfY6ymWtoNNaDGLuOoikRD6JWV
615,615,insert,three___,____4105,lmjQGAVNF5PJGAFtiEUS40i87eVxL9W2Jf1XjIV5wXzh
615,615,commit,,,
719,719,get,one_____,____1929,
519,519,insert,one_____,____3605,mwqLTK5maU5CD5yfHcEvLLC9M2SuFLcAb
799,799,get,zero____,_____765,
510,510,get,one_____,____1161,
510,510,get,two_____,____2515,
618,618,insert,zero____,____4127,NPK8wd7uii0mMZW3SoUvKLaDZvuEdwWHZ3YotMIdeHWSE7
461,461,insert,zero____,____3328,8apDBYcd18xfegF4EWxk6pYUNyoy6pO9I2qEUh35haBFRoy33CwhtXNC
461,461,insert,three___,____3329,DmgYWI04qS0du920XKLyM3GWphtON6gOQ2jOWDX5IxJdc4cqb6oW5kygLLR
587,587,insert,four____,____3968,aEtFj0Hwrx8bvXjkVanBQDQBW2vBI7iY1fxlAHPME5JD9cuy3ergLk2L6rE
811,811,insert,two_____,____5060,23XOXb3w1LoQuVYBVMy0TkjPkq3bXzENaQs48yfhh1wZvCxE6EDep8AYEh8
486,486,insert,one_____,____3443,JTYQLd9LiHx9wJLm1EERhiL3JiyedFuvdTIFobZ7hCwOQyEEEMK07hRgY7DQ
868,868,get,one_____,_____789,
831,831,insert,zero____,____5155,4BfqHN9c4l9jAXW6lMbtUsjWEkqxHhQgJ
752,752,get,one_____,____1099,
702,702,get,four____,____4103,
678,678,insert,three___,____4410,JfpAe8wu7fLUqg9bKY8AXG4hXe5DYSA3WTYPqFWP21CGE9fvid5W5Rz
655,655,insert,four____,____4308,eTPXeTGO8jeWr2Te2W2jfjLXIR5GGwXna1KnZTjRiKzWE3AGmqOAQab6U
396,396,commit,,,
543,543,insert,zero____,____3738,8U9BVWqVR5xdSPjxFNPMiE1rh3xHhCqiHszJc
677,677,get,three___,____4105,
626,626,insert,three___,____4173,QhHoREn1VrYpnM3ug6A7xuz8tarHJdxeqJekyQHcBY
764,764,get,one_____,____1776,
587,587,insert,three___,____3969,Hv8GYOGVtGhkmxt5DObSu3xYVIKEOE2VKAoD6cuwBKioZbrhcRwdyQGVc0oDT2N
420,420,get,four____,____2987,
392,392,insert,three___,____2968,xBdO2wQpcIE7OW4UhpXCoQQrqoXWth8SP5OGAXikNQD6D
538,538,insert,one_____,____3713,aFgUHkrIV1yfRFMfAAyYL9c4b2v4c1J9DoQ2jEvrl2Dl7FCTX
543,543,commit,,,
634,634,get,one_____,____2992,
564,564,get,three___,____1550,
821,821,insert,four____,____5104,qEAbHx9e3dQMyDCUNFj2x1cMHBmdLJaV0KEuSxfsNXKneNjFreMMPTLSpGX
496,496,insert,three___,____3492,sT7aCxl55Cnd2aS2nyxCaSSq4PWg2fKcnAmbmMLlq9GlYVhG9o
530,530,get,two_____,____2125,
702,702,insert,zero____,____4523,4Nyofrgo5mwgpVGpV8wD4Z8V77ZVbDq8ajNMFWlJ
508,508,insert,one_____,____3541,9x7lBQ1irL8GBSrUru5ErAAC6OTNrg3U5c18UXE
560,560,insert,zero____,____3828,zZXqQBNpW8qcAMsdFbHjCqm7l1sACoOwZnMLMA
563,563,get,zero____,____1372,
446,446,get,zero____,____1945,
752,752,get,two_____,____2052,
495,495,insert,three___,____3490,x9ewipd7ajDUew920jA9ukhgofRYbiF3qko6EcbV59YGcS
811,811,get,one_____,____4724,
587,587,insert,zero____,____3970,alXNZOzKg5DCyJPJrOcHTvGCPSODtUCfri2FFHJhgfc7q7
446,446,insert,zero____,____3246,G7fQZPHSrI2SpTa3sZClKLhq5rYhuCIyUsJi9fIwswKOaYKE4NtuYvi9hF
392,392,get,zero____,_____743,
962,962,insert,three___,____5789,0j6bJGMbB7dojSJRg0Ye4dLHkoCO7kOhYlrBl
626,626,insert,four____,____4174,ll5Z2Y9R7v8G2BIij28IiAuOHzcCqDzA6aKClADiyrgOzjoTF
443,443,get,zero____,____1478,
623,623,insert,zero____,____4152,G1u1i3NhJf0zweevTJDZ4fuLOqPCSSEqFCIDwwgF8oa9iBAgp9E2
618,618,commit,,,
626,626,get,zero____,____2617,
677,677,get,two_____,____3154,
623,623,insert,zero____,____4153,ZalxEfEdV65f0jUwKDLAQyTPVYQ8ixVLFjcDJh2Eh02b7mocTufJiBUz3xM
811,811,insert,two_____,____5061,EDMsxyYY811Tvh0zxEo8ji0tEZPNeGU082Efh52obmGdQD
508,508,insert,three___,____3542,IyQ1IvNhs40AcQQEUWswHJrhYLqhtVQun1aCf1Ig3T9XdOOJAHB3pImAySD0220S
716,716,insert,three___,____4602,rKRZBLfjYwKdImKYjRE0NACNqdXj0MSr
678,678,insert,zero____,____4411,fg2TtZO0pwbqdwwzqmqdzFN0IgePxetnWeJeIaIgj
677,677,insert,zero____,____4407,CZ6lR7ZER7DfwOrw40NgLeIWCjguSovOKswNsidv2JuYUOmV7DtZSTqAGMn2iV
752,752,insert,two_____,____4764,eGtrOpz6dJk5AjIsXSAKb2K8l9qemRNVCasqo8XFCFpbpcLvweFR
519,519,get,zero____,____2057,
625,625,get,one_____,____4104,
849,849,get,zero____,____5223,
683,683,insert,one_____,____4437,qTvdkvQl9nMFpV6CBu48OkEUwOEklMMIm99DiyVf96XX5tSICzVfkdp1mpISc1I
719,719,insert,four____,____4618,E6gIMgQLlEpG2hF8ctqJfCeBK2imJBB6nONrjyGBsrOqz8eJk
496,496,get,four____,____1537,
789,789,get,two_____,____1172,
849,849,insert,one_____,____5235,AQhXr6NULRtOHWfaUZd5JgFQT8JATEdwOCi9b5Sz2s9AjCEneVi35T
868,868,get,one_____,_____223,
587,587,insert,zero____,____3971,zDLuObzrQmyJIwCbwLS3cpQS74GAncUMHqgm7vd6y0zVS8t5Y7ph2vksWvh2OkfQ
634,634,get,zero____,____1539,
392,392,get,three___,______52,
446,446,insert,four____,____3247,EaMjTlSya4eavShrEQ818yqyRzMG2qDT7lpbVwjhqlTVO5LLTS5WUgwM6umnTjcg
420,420,get,three___,_____694,
510,510,get,three___,____1969,
486,486,get,two_____,____2439,
716,716,get,two_____,_____465,
496,496,get,three___,____1742,
625,625,insert,three___,____4165,OVGxiViIvLgdmwnzR5YtDRBnZzbIeFETVybrKZARchN
392,392,commit,,,
655,655,commit,,,
859,859,get,three___,______52,
859,859,get,one_____,____3355,
770,770,get,four____,____4308,
811,811,get,zero____,_____598,
935,935,get,three___,____2968,
868,868,get,four____,____1600,
926,926,get,three___,_____781,
702,702,get,four____,____3716,
519,519,commit,,,
619,619,get,zero____,____3602,
926,926,insert,two_____,____5594,24pTlTfx3UtjLVWo2vyfr4y2jqaShfPLX247
642,642,get,three___,____2927,
623,623,insert,two_____,____4154,4dlmPuwnkQIl0VNNgi20wKABw6II8KB3qyzuQlzZywxTUBimXuIHUb
448,448,get,one_____,____2769,
820,820,get,three___,____1926,
420,420,insert,four____,____3110,ziVoErhXGBN893O0cEnWGQNUyXi4sdTjTeUtd5
564,564,get,zero____,_____306,
529,529,get,three___,____2714,
529,529,get,two_____,_____355,
495,495,get,one_____,____1224,
634,634,insert,zero____,____4212,gypvoRW8DWDtwFeiuSbtXETVImexH3oCZlCirJQb9
545,545,get,zero____,____2057,
448,448,insert,one_____,____3259,cv5ud8fqZ6mNANS952VUvqcsowLeLtKoAHWugJvO69hw2OK
508,508,get,four____,____3252,
625,625,get,three___,____1587,
564,564,insert,three___,____3843,O3mqkIzkD6lbH1vE9he8TcA9rSheW6wj94CR
529,529,get,zero____,_____193,
831,831,insert,three___,____5156,yn5sxaplN4RKXYC0CEhKGxxlo9U5ThiO1A031eag2qA4HBwu
420,420,get,four____,____2055,
935,935,get,one_____,____3229,
530,530,get,four____,_____497,
776,776,get,three___,____3462,
529,529,insert,three___,____3662,zsjVwQy6siaIOMiqmcSpbuQM3RXg5tUwsY8JIbZoS0JK9i4txJ8t8hkstod3kvf
486,486,get,zero____,____3358,
634,634,get,one_____,____1184,
510,510,get,zero____,____2357,
824,824,insert,four____,____5126,SxnlgjpyCmF36zZBsipz0moXHiAp29aku3TCWiwlAeUL7Y2DMF0fVZdDbN
530,530,get,zero____,____2135,
496,496,insert,one_____,____3493,zfgOOClAiqucvquhig2J0sdqP2YqVSY2zZXbKgnnXBFwmaz1uFs5tV
545,545,insert,two_____,____3743,YIu3mG4CvdEMhFjYzY447TTQ05LX1tvCKyWTAPE
420,420,commit,,,
408,408,get,four____,____1114,
824,824,commit,,,
587,587,get,zero____,____3970,
719,719,insert,zero____,____4619,wtuEJY72SxiJxvNoCN3EEyfBxRW9zuxDGVklUoAy2aSvJBDhf
726,726,insert,one_____,____4649,gDDjhp4iMFFcrr9qpo7OcRX6kiKn2f7XHv
935,935,get,four____,____1283,
495,495,commit,,,
545,545,get,one_____,____3108,
560,560,insert,one_____,____3829,DQxJxz61uZ1GL1lyEEwySmWuY2fqEm9x320y1VpXM5P26qrdifaL7cR
564,564,insert,one_____,____3844,N51oGJeGbbkcpguSC8D8lE63NywnsYUi0Bl54Fdr7dImiOO
623,623,get,zero____,____2491,
422,422,get,four____,____3110,
623,623,commit,,,
564,564,commit,,,
496,496,insert,two_____,____3494,JRhw1WYwPGjVl1MiyRSYfYM1xc8s8e0Bd2DIJ5CEY6s841O4OomPkl8Fq4KZx
831,831,insert,zero____,____5157,FcnLeyMXNrWGZjeynX8i2pssJOUYZMDU
560,560,commit,,,
619,619,insert,two_____,____4129,ZQ28IA7bOrgQfA6iPV4DIEzo9Ay34kvdAxF9xn
545,545,insert,one_____,____3744,kTFWxyhWdmy3iACr7sjBGJ7pn6NKyKQHH
789,789,insert,one_____,____4946,sMNfB4Sf36jbPw3bIZ66WqsEcEVKhK7TsX9u00FbLJ
820,820,insert,one_____,____5101,qBSPFMwCMrsqyOLJskSrIedxGBYkgC7w8l
634,634,insert,three___,____4213,3mxfHUGefgCU6uZEJ4zS52E2sjpCnO279pevHZx
426,426,get,one_____,____1634,
586,586,get,zero____,____1047,
864,864,get,three___,____1550,
935,935,insert,zero____,____5646,dtzbKI4nOvadKI6RNuo48YYoAj0zlVqQfsiwI9BAB9d9Q
626,626,commit,,,
926,926,get,zero____,_____960,
926,926,get,one_____,_____615,
510,510,get,three___,_____763,
496,496,insert,one_____,____3495,tvVKPtfp3HxDwznDiIQ6WrzODsCPFbp1XPLEa0iK3Ot
586,586,insert,three___,____3955,tKQ50wfYkInDY5hcgtaY3PepXat9iGRb6W3XwIvG3zQQo4VD41ATPvVSmgjJe7W
625,625,insert,three___,____4166,WOtXSPJt0SwpysJaVDXTj2GbQ79SV7IXF9F3qy0JjPN4GqSu8nBBmNqIWivHc
866,866,get,two_____,____3924,
508,508,commit,,,
926,926,insert,two_____,____5595,NK139he4BC6HRGLz03zWS5SV29FOsZebiTdrUXA6W5XXkeZZZRH
968,968,get,three___,____4150,
776,776,insert,one_____,____4886,JhZt25CplAoHF7oVZ9NB88Y0ufY8NY3Hsby6chZWnp
864,864,get,zero____,____2369,
831,831,insert,zero____,____5158,5hAuWKE5qM2nrNQbAnJNpM98xOBwWKdPQT6TvfnetyhFjeor
496,496,commit,,,
849,849,insert,zero____,____5236,7LkHRXdpE45EmEG7EQuw9tS54NMrPrEZK9mBjn8J2wkBsuTjyK1zWNQ
935,935,insert,zero____,____5647,SuV7ExcIbPOP96BWNVHvxtltFYqAoAFaNGKaxmLp3bORqWWxY
849,849,insert,three___,____5237,BI3eFbB9DbK1VV3PUbgwJDu1HBXqHVmopYy8fGp5WfOeVdm9QML5wMF
461,461,get,one_____,_____138,
545,545,insert,zero____,____3745,va9zCX8kivYZ4OStZypx8oAC7hRdLygeTtgP489K
895,895,get,zero____,____1231,
825,825,get,one_____,____2115,
849,849,insert,two_____,____5238,VhpTCA7hej3J2tuphQ54Vd45B8dcU9kHGpthuqmQHpp1Crow95dll
770,770,insert,zero____,____4860,tUpU9uiEhXrH7WZiJRlsSH8Km2MGGv1cgL0xP6LFkakFr5f5PcptplxSX
538,538,commit,,,
634,634,insert,two_____,____4214,o6d4SPJBe0dPRSESCd12jF2IWIWb4I8QDgdLRfhuwm9gfJYSQuVbPvIDzmrU
486,486,get,one_____,____2134,
905,905,get,zero____,____3828,
634,634,insert,three___,____4215,FHqc0UUN3UKvG0xFvD59hd54BGn8LdXEY8I6FjhZcjvQy863Fmrp
604,604,get,zero____,_____404,
408,408,commit,,,
510,510,commit,,,
619,619,get,three___,____1232,
739,739,get,zero____,____3097,
529,529,insert,three___,____3663,JVnc5amNSjaP7wO8HM2QDAZiLKnQSMIkuZDqqt
935,935,insert,four____,____5648,EfSFbQgKQ06Et86qPdBO7InSKYtiCxLpWd3MeA
443,443,insert,four____,____3234,FFTOHYQaxgD95PkLRnR9zkC14oZHaniVWLNGsdpiyL1jZ0G9MV5cMz1
905,905,insert,zero____,____5490,hHOKn7FvkU0zeoryo2SABPzTavaGTLQrEGImmAagEVwTa
586,586,insert,one_____,____3956,fwcQrhTUGZKDz9584XJNJoW1HgJRNi3sXjHAy6jPXSN6TL4ixK4A8J95Dhh3
882,882,get,one_____,____3493,
677,677,commit,,,
461,461,get,four____,_____170,
604,604,insert,three___,____4039,Sf2VONhNp23WZtRcz5tFzyQbzq9WdSCahvrUFk
501,501,get,two_____,____1597,
787,787,get,four____,____4174,
882,882,get,two_____,_____973,
547,547,get,one_____,____3713,
581,581,get,zero____,____3049,
926,926,insert,two_____,____5596,q9ZEPAT3iMJkCRijxS8ogGH9PVbhOiYwISnH2hYbsCzTpa3xupQ6xTr
481,481,get,two_____,____3048,
604,604,insert,zero____,____4040,bpNga9tWBhFE2PJeTNvKS5wpo4hMrj2FS5HmKDac2FmXV0Tgx3fUkju0cFD
866,866,get,one_____,____3733,
743,743,get,three___,____3489,
446,446,get,two_____,____2748,
634,634,insert,one_____,____4216,AcW3qxufzeVjlJklF6l8rd1vMxrdKk5jbjRC0LUMD2
619,619,insert,one_____,____4130,EsFQ5omPtAs447vTj4gVxZyfreCO2URc77YQy
849,849,insert,four____,____5239,9sYIAkMNRMiMw14nOuloHGAt7xe0rFWrkpysz6h7aDcsF
981,981,get,three___,____4149,
739,739,insert,zero____,____4711,z4NhwbsBu37MIzKnVxyA9Cuzws52tg6ab0bY8QeC4CmyncfT7Xad
935,935,insert,three___,____5649,HjApNcgUzA3xmq2BA9acdDOmUWfPk4xqqcy9ndRybW8JxeQLWy9whEI
935,935,commit,,,
530,530,insert,one_____,____3665,uNzabl69TOy2GYID0QTFnoVxDZwbzC4XnUSqdIhKQJ1DModF9Dh
789,789,insert,four____,____4947,g616kwsZijOFjVUm0eb5ZC3D7XXMGirvrwxac6nbB38RShPHYwjeHh3ruB34DLcX
849,849,get,one_____,____1432,
501,501,get,one_____,____1027,
461,461,get,zero____,____2070,
529,529,get,one_____,______53,
426,426,insert,three___,____3143,bWJ8mg4yhm0olOYGQlUbOlIN9baqinCQHL7WYnX
642,642,insert,zero____,____4253,3eP7BonXyRuR0hve83TZMfdJrW0wtf6XqdTJNDQP8F7PbSGDip1O
547,547,get,zero____,____1908,
501,501,commit,,,
500,500,get,one_____,____3488,
831,831,get,four____,____1471,
981,981,insert,zero____,____5873,aZmEEYml8J1d0tU0WlpgkkZyyauThhCKs8PQO
562,562,get,three___,____3304,
981,981,insert,three___,____5874,xfqGUGKl7iY5bVuvgho3AHtd4RFJf2rfYQF0SQiRTDe
500,500,insert,three___,____3506,72ZQ34HWXXOfpD69mopnWCYviGOhWRpG6bTifMA366oIC3ffh3
529,529,get,three___,_____155,
529,529,commit,,,
422,422,insert,two_____,____3121,5Np9v7R1cYNE8HqUbbp4poAd7ILsn4ts6puf8
547,547,insert,two_____,____3755,bfiJQrqCtDGHq6UozaWvj6feOFOVZ93Dwpm35jMmE8IFkxEQ7x
461,461,get,four____,____1479,
849,849,commit,,,
685,685,insert,one_____,____4443,c0I6y0ifTYdPYjWiiBbfyhJ7acAbTm0ARiAZAXLA31x
486,486,insert,one_____,____3444,mr9hVZkOZCE2Ma6WReVCoNuYLMToAaEYoeamHRsaDX9ac27QutnHu4m4st9n
876,876,get,three___,_____924,
789,789,get,zero____,____3278,
746,746,get,one_____,______53,
789,789,insert,two_____,____4948,24rQnld4tQ44vdAyNgGgtxUOOn3LfxZN21KXj1miaIP18qd7QG6Smr
486,486,commit,,,
448,448,insert,zero____,____3260,HZlgLc7BrGX8kJMlf3yuEn09N6mG1WWTvtThmAHXUn5t36ytJ
547,547,insert,zero____,____3756,FJXsG9yf0OzV7UBGbtVvsagEauDwMiqdErAprHqFCllDYq1xk9U8LBQe
888,888,get,three___,____2714,
743,743,get,three___,_____131,
545,545,insert,one_____,____3746,loyXLZ9YM6ybCif4RumcL572BejWaoSjEEb9yAfW8ZzSTA
993,993,get,three___,_____744,
604,604,insert,one_____,____4041,iaHukHz4i7iJUbngJjyS9xxp4xNuBtLj7
586,586,insert,one_____,____3957,TnTd2NliW26E8Nd0Va0ksJLifHfjOkpUuSati
685,685,insert,three___,____4444,mrgKRptkRdl27fHlF64YVjpAejg6Mi6cgs3rSnL1996VBNupBc3sfyLhSFvLRHsk
951,951,get,three___,____1549,
882,882,insert,one_____,____5384,T8xlfaVRvNwgEdZn5Vzh91ByyWo3M5FM3FCwYp2mh6sBB1PgZcdUfXLyFE
461,461,get,one_____,____2171,
443,443,insert,four____,____3235,lmYkdVrgwr2P8hEzYaiMsGqO1jDtuCQHmfiYb8
426,426,get,three___,____1196,
866,866,get,three___,____2710,
648,648,get,zero____,____3538,
708,708,get,zero____,____3358,
443,443,get,one_____,_____206,
530,530,get,zero____,____2521,
547,547,insert,four____,____3757,F0P7L80JzbcxjaQhMpvT5uBoXRYaSPhvRaK1Pnb5Kuyd2oxeGDAkVElMj63
642,642,get,four____,_____693,
630,630,get,three___,_____155,
685,685,commit,,,
993,993,insert,two_____,____5932,h3P6rbbxQ6hMVlc4xxKH4NvGK2DnOm3YyFrs23H6NqK30ia
581,581,get,four____,____1475,
500,500,get,one_____,____1657,
642,642,get,three___,____1996,
746,746,get,one_____,____2384,
981,981,insert,three___,____5875,MyUgMiy8P95MXdsC35B9dHn77a5UR6xFQEdkoe2
547,547,insert,zero____,____3758,i7XT1kVlc9QRvvc4EMLaaEP9S6DIXhpXWSopUF2S2mJ6C9a8LnvJ
968,968,commit,,,
882,882,insert,one_____,____5385,3oXaJ1QYAQLZxGR4S4tpi8ZI2lyLr7Ov9kSAKQmGcYxrQTwKefRSMDTMPQ
530,530,insert,one_____,____3666,kSnvAn04sn1AGYfQq1PjUl5WUVDY5TIQXTcrUdOAR
587,587,commit,,,
630,630,get,three___,_____841,
500,500,insert,three___,____3507,ygfDJkiGD7u8lWgnenzFrbZz4i0pJmflr0DWjtbl3R8iMgt8TY
426,426,get,one_____,____1986,
746,746,insert,one_____,____4738,RBNh3xy0vOsBCaV9NiqiUSf1Rl757W4ZJqWMG2KOWEm7KsufS7rzEnoAu2glTlyQ
866,866,insert,zero____,____5315,3vm0We0m6mPKHPktStKBpZxBRqgDtx403OpD831cICa
530,530,insert,one_____,____3667,kGL3xPNFWUw4JNJ6clwLxkBVme7RLXfuKqmNa8z68gwoGcHMSOIz3B
448,448,commit,,,
586,586,get,two_____,____3610,
793,793,get,one_____,____2769,
951,951,insert,three___,____5722,Cqo3H0Kxg14oPHGntNNpZoHz55AMGtgSNuxf4rK0s1
500,500,insert,one_____,____3508,iTYQunTPlEwfN1PXhImh3S4M6MYSGbEmAUi4
500,500,insert,four____,____3509,BDHV5FvEKBfToo8doqkgIKfQxIepIroJnhn865Ym7i
617,617,get,zero____,____3970,
422,422,insert,four____,____3122,8IDn6A6juwXYXWlUHSOhOkZlmnI5JQ2bfXl9c3upUDx8hZOUJcako
545,545,commit,,,
617,617,insert,one_____,____4119,7bczpwuffYwLVdBAbzv3E4bCoEWWwBPOEE0uFfpNPx9RR9xWH8vmCsUY
586,586,insert,zero____,____3958,f4BuOvayAoPmMXpgZISnZ3swxPUYokyP7Wrk8v1wsmXzgsVGRQHmV1S
642,642,get,zero____,____3397,
555,555,get,two_____,_____224,
402,402,get,zero____,____2966,
642,642,insert,zero____,____4254,0Bvdoq4d2iWY6pm6U2JbbogbDGED94eSKNeu8YZEf
793,793,insert,zero____,____4966,u453iShdo8zfZf6fN5WyY2y92N48mJyxxX88jrt5pVQtGXw4QPu09eIkSgnWa
547,547,insert,one_____,____3759,JPlMXGo19Nz5vciUFbpAQ0ZKa9JbPjMEf1q9Fm1UOSnIGmgOM8b
426,426,get,zero____,____2698,
547,547,get,four____,____2797,
882,882,insert,three___,____5386,htDqME07MxNeDXx6vPdAhv9eI47hi8YAos2F
454,454,get,four____,____3257,
648,648,get,three___,____3077,
708,708,insert,one_____,____4558,WJbjDazOQ000dJ5by2nLFGBWsKjmtjLtkWIO9cgjUSup6DH3MANkI
746,746,get,two_____,____3940,
876,876,insert,four____,____5356,s148nJNgJ7nwcgSQFOrRyTj85mKUxb0WKIs9
659,659,get,three___,____3490,
951,951,insert,one_____,____5723,VfhyJe2X3mXDNj2uAKsw2Y6P583Vzd53Zmch6HyFwzx
604,604,get,three___,____2825,
426,426,insert,one_____,____3144,Yh0t6tHLuHc6ylZL44S74TDec0XsRKHZWRsOgmBQ4kQpEmcGS9ERIdX50j
659,659,commit,,,
857,857,get,three___,____4325,
857,857,insert,one_____,____5272,WIGaU0ckKvF4Kze1sC0eiy1LU0JPE3mS7hRuaPMkd1e
422,422,insert,four____,____3123,2UwTGr9rAz2sGjT7DQaZhqtN65GQtbhhrX7M44N14I2D8DR2TZN3Fkn4Z4RYgvTC
969,969,get,three___,____3630,
882,882,get,one_____,____1603,
981,981,insert,three___,____5876,D4JWvfnlqZg3ELo7qTfzUXYNNbkVNAkYX5Dy
422,422,get,four____,____2979,
586,586,insert,four____,____3959,CTasLjLWRvdhBKOYCQD1QmY6IGx9fn7N5xMQ8d
530,530,insert,two_____,____3668,OQt4bbrsATPlI2GiWYmNYrcOCwaTlzhprTknRaU5sVuozJqSGG8PJbBx
981,981,insert,one_____,____5877,nIVSV5ZTvKMft4Ty8uALuPdwDw9YxMLL1nmEw0qpzPVch2ODlL3v
461,461,insert,two_____,____3330,Z7dqn7L8ofQjV6RG5crn9ANcn90aESxRdd9NA4aAICCHZFH9RnsBMNGzLP4
617,617,get,zero____,_____175,
882,882,insert,zero____,____5387,9FpCJnzpeNRF3I5i9Il4WFmpJif7TnVuLYSWYPAiph5BeGwG
554,554,get,two_____,____3743,
882,882,insert,four____,____5388,fQ6Kc5lbL0J3TSVgXLjOYM4lFHsreabU8D8odVbkH9dFKlJ2
993,993,get,zero____,____1938,
619,619,get,one_____,_____128,
876,876,insert,one_____,____5357,bnUGiT6XA32zOFXjroOgDUUpb7p4Q7UjbBmZt68BthGRtP9K
505,505,get,one_____,____3259,
825,825,get,four____,_____387,
555,555,get,four____,____1561,
552,552,get,two_____,____2109,
554,554,commit,,,
746,746,get,two_____,____2786,
530,530,commit,,,
619,619,insert,one_____,____4131,JPkE6lLJRN2JI6ZsRNjmdCqLs9gwsdYpQo
446,446,get,zero____,____1499,
561,561,get,one_____,____3667,
954,954,get,one_____,____1027,
993,993,insert,two_____,____5933,lFpv1zRHJOEyg06BLUcZQkMC9qpYPSgkz5PcHAaDLIjAAJBiUlF8uMoQUvdQKY
426,426,get,four____,_____576,
888,888,get,two_____,____2125,
617,617,insert,zero____,____4120,BY0T9Z0tDdHOdxX7BdxMVlYRj2ww9EKF
604,604,insert,four____,____4042,OKH5C4nR3qhEGnKPLNsr2R9JiyBgtwRxIPq9jE8k60sxmewi
642,642,insert,four____,____4255,C9suVdXPF0qQXz8PXhuQ6h5z3tPkFN935OUJ69TUvMr7QUI0jkNOZtA
803,803,get,four____,____4328,
426,426,commit,,,
882,882,insert,two_____,____5389,KBeXv9CgA3kIsd5KV9CU5mhHRH87laAZRzxq
732,732,get,two_____,____3967,
739,739,get,two_____,_____521,
602,602,get,zero____,____3140,
645,645,get,one_____,____3144,
525,525,get,three___,____3143,
933,933,get,zero____,____2082,
602,602,insert,zero____,____4032,3K9iVBow3Tx00sqFEaOIjs4BqarJd7c5AoikTHYAxyZMJZfOIQ05cO
954,954,insert,four____,____5743,eA2zVDH4F3ljGrQXAp0H0UOh5hje3UNnqUP6UC1TYR82YXX
645,645,get,one_____,____2583,
667,667,get,three___,____1196,
933,933,insert,three___,____5630,MKwix2LFcKs1XJwcI5E3fgR6oP2fTFjJ1I76GAoT7TQZsLi
504,504,get,three___,____3142,
619,619,get,four____,____3438,
602,602,get,one_____,_____809,
746,746,insert,zero____,____4739,fNNzaGT7siMW84B5eRKcsMbZNffshIqZ2ioXkovLfSR8rnkk44
642,642,insert,one_____,____4256,x5WDuNmR2bDDFsK6xifywHsNr3oCvBgLlpRGfG8BtBGZPU
954,954,get,one_____,____3469,
701,701,get,two_____,____3141,
648,648,insert,zero____,____4277,KtUUMbp503hqyjnle7GlsKRyhpGiNU7n9TU4p
621,621,get,two_____,____3668,
831,831,insert,one_____,____5159,mIUqsNrTSR26PYnybBApZbMV3nosbzFElZ9dtsWeJ4vc
504,504,insert,three___,____3522,GcHsDqNxHV7fXIwsZcTTUnnTmT5LT6uDpQyuAmgupYjrgBokjZy3XjMDXF0Z3
746,746,commit,,,
678,678,get,four____,_____576,
547,547,commit,,,
565,565,get,zero____,____3745,
594,594,get,two_____,____3754,
831,831,get,two_____,____1343,
552,552,get,one_____,_____183,
619,619,commit,,,
504,504,get,zero____,____1519,
665,665,get,zero____,_____484,
594,594,get,one_____,_____513,
604,604,insert,zero____,____4043,GDIAuOcKa1U9Baa71HXGJJ8i0FG1jL4asDKcdLXLNjoUNY4MPCqYCZ13ZGtIrsa7
594,594,get,zero____,____2528,
888,888,get,three___,____2898,
461,461,commit,,,
645,645,get,one_____,_____198,
565,565,insert,zero____,____3847,g7Qy5InkxhCLR4TWz9bpzYE8mAHU8iSEfLKd5K8
789,789,get,two_____,____3755,
888,888,insert,zero____,____5413,euPKrijTHJZos9XljGwb6PJe35PrhRYz8
515,515,get,zero____,____3327,
505,505,get,four____,____1083,
579,579,get,four____,____3752,
591,591,commit,,,
743,743,insert,one_____,____4725,1AkIDqHLak8sIDpV6sH9ovUorvLnEL3pxldVKozn
617,617,commit,,,
504,504,get,zero____,____3373,
621,621,get,zero____,____1289,
581,581,insert,zero____,____3930,juWmExqTSgvH4DKgrJtFFS7ajpRi01OrVl9zDmOypms
422,422,commit,,,
581,581,insert,three___,____3931,ytzciPkQgrhH4xIbU03OezDhz2PYHFAFw7l4vlWT
642,642,get,two_____,_____716,
500,500,insert,zero____,____3510,lmR3AK9PyGE3Fdekz81bCtLidWybPqtkdnItZMoKVNxuPOrY
590,590,get,zero____,____2924,
661,661,get,four____,_____629,
857,857,get,one_____,_____989,
888,888,insert,two_____,____5414,jkHtedLYIZbAxxIS1X83ggd71PDgYUpsWZyqfCk4wPqYU
667,667,insert,three___,____4360,nr8VgRmbWZ63hb268vc3DjDucapaQVdhQsx62LZc5s
951,951,get,one_____,____4477,
446,446,insert,four____,____3248,zSqnRps8CpfxgRVb9sGsbmEcslCWedN6qdAagqHJxntebqKgfiPaERP8EW8GE
443,443,insert,zero____,____3236,6mpAdiwt4flxhjcDivPmiW38jChReb8X0WBjFil
515,515,get,three___,_____667,
515,515,insert,four____,____3580,FJaZaw4UGaSCTPudUEO2LlTd7Oqy71VirDGE4QJMLhHV45
732,732,get,one_____,____1952,
621,621,get,three___,_____872,
993,993,insert,four____,____5934,6CrBwdLbaip2jO8VftlmUBbbnp2vAtJxLjZYJOB
665,665,get,three___,____1004,
728,728,get,one_____,____3119,
621,621,get,one_____,_____728,
594,594,insert,one_____,____3995,kuEZZusOFMWXHiJAjW0IOIYmDXh0BmvpVPgKBUR8JMzqN
561,561,get,four____,____2413,
825,825,get,zero____,____3213,
428,428,get,two_____,____3121,
676,676,get,four____,____3110,
586,586,insert,zero____,____3960,QRJK75IU7kFKx96aPWkuUQr4oGWNQZg0b5Hn
402,402,insert,three___,____3016,GuZpOG5kRPI4EMlLKXcHqaMgnFSItr4Bjfq365CkXXnCMpX7CRwPvof
661,661,insert,zero____,____4334,2baeCLHiFhfRqJFzfTQgKQsPnz9ebjQKXBfnnN1lYNsTeqSOZWg47rInt1Q6QPv
638,638,get,one_____,____3713,
801,801,get,two_____,____2786,
500,500,get,one_____,____1073,
661,661,get,two_____,_____773,
552,552,insert,zero____,____3789,Hb7CZJ17OQoWwhrhw5FNr2HXwA2ZTa9S3VduQDWD
661,661,get,four____,_____170,
504,504,get,two_____,____1148,
579,579,insert,two_____,____3916,h6KWOuof95SDeSz5cS5Xd5OBqI7JZ9iP1hAUq4hrQYQa4UgmftR
857,857,insert,one_____,____5273,jKxQjPFVQlxvhyLFhWyXZsbL0t9ZsXGS
640,640,get,three___,____1232,
443,443,get,one_____,____2207,
515,515,commit,,,
504,504,commit,,,
555,555,get,zero____,____1855,
586,586,insert,three___,____3961,JPmnbegfERXcDjc4g6N9i2QEqdM7ikpCz
789,789,commit,,,
590,590,insert,two_____,____3981,MTA5fDpELMjn54k8RvZ2DsK2qxgprgtjWQn7QV7loRqgFJy
555,555,insert,one_____,____3798,CO7MEx6Ng85fVLOIwHDx2PAopxUYQ0lj1nfVRShq
579,579,insert,four____,____3917,0erI8X6blgQLnylVdsqA1c4nZhoNLWloqYPQsoYsHDzBbqkwn32avpIffgcljpq
931,931,get,two_____,____4948,
739,739,get,one_____,_____262,
748,748,get,one_____,_____906,
931,931,insert,two_____,____5620,x4TExNeBI3YRwtdvTrkUC7KKZUbiSHNqj02eb5SMi8yrBU6BY
676,676,insert,four____,____4401,bbeT4FGe599PEpMvUsZ4z0wasoySwaZqgbtQgYo6ibmfD868lsG6O8tVl
665,665,insert,zero____,____4349,OqHPCfS9juntHTPa4jBfyUkN1UHz1BLWN00eOcMFaQi7XXZmvjaHP0wa7bXxe
578,578,get,two_____,____1148,
993,993,get,two_____,____2721,
642,642,get,two_____,_____581,
525,525,get,three___,____3241,
594,594,insert,one_____,____3996,VEv5zOGQwjIwxuN4d60qG9kQTYjajw5thEqTZ4Xrfgm5roD
581,581,get,four____,_____441,
602,602,insert,zero____,____4033,MmCtzfef2sD2oLBVXi1oy0HlA829gr6vYcficHGVYUhsw1TrA
602,602,commit,,,
446,446,insert,four____,____3249,u4hK8187wEONf1fqVxdWc5Yxv43rw3hJ9wEL27wJNrH2
525,525,get,two_____,____2610,
676,676,get,three___,_____243,
638,638,get,four____,____2538,
701,701,get,two_____,____2410,
565,565,get,zero____,____2650,
638,638,insert,two_____,____4233,Z1O4nFHOtyhHj0op2MYRTM7xOngy9MzYX
661,661,get,zero____,____3140,
590,590,insert,zero____,____3982,WuBBIq8BWFRyomJz0mKon5blz8LSrcbsVxWOMAmUM0yHHjjwQUKT
645,645,get,three___,____2611,
774,774,get,four____,_____496,
678,678,insert,three___,____4412,7iLNZUBjTnuKZRb9M3RXg1Z6nGZDwLMUh0WVpO7ghp
561,561,get,zero____,____1875,
581,581,commit,,,
525,525,insert,four____,____3639,7EA7MAisI0ozHNrROSVZriXPnbHSciAAAUDQqwsWKOGdGCW6PFOUTM5Ikg7Vq39m
801,801,insert,three___,____5011,JkeajHjKjhuoMGJFMJBuxdDdFQR7R29P1lwSD06UPhJd
728,728,get,four____,______90,
667,667,insert,zero____,____4361,3Ek9Um8OdM5NtBBIsIrvyjc3qnZUMEi8Pe9
896,896,get,one_____,____3759,
739,739,commit,,,
678,678,get,one_____,____3046,
443,443,commit,,,
428,428,get,four____,____2411,
594,594,get,zero____,____1270,
748,748,insert,two_____,____4747,30A2oDZpS637M5D4usTapT3vyVOOltjQLSVtKcme5m8ZN3OP
748,748,get,three___,____2839,
552,552,get,two_____,_____201,
625,625,get,four____,____3232,
931,931,get,three___,____3379,
565,565,commit,,,
428,428,insert,zero____,____3153,RjqS0SI7htXdpUhheBEL4DVg9kh6BHjT8fDh41cdvI
638,638,insert,four____,____4234,f0yZ2jzOlottw5leOFcVPBAqtHQWP9jUp0Rnrowf2ueMp5
665,665,insert,one_____,____4350,P2ZnbUovNQx37GKV7Svr1DQpbRleo1zLofNrDVFzUl2jvO9hWb6yvspge
638,638,insert,one_____,____4235,4AfXDl6fBCKZi1ykE6Sav3WVQchQ2ReYzxHgP2wjQ0Ec3u
857,857,insert,four____,____5274,3kQnX3zZa9pjEsBB2wwL9SqYHIYKfgFIbHQfJuKLWoMNnNlDoTWkXbrtEy
667,667,get,two_____,____2668,
586,586,insert,three___,____3962,QpwCVmUfh7LFK1Fk4nCyvrm4GPW386nl
446,446,get,two_____,______87,
857,857,insert,one_____,____5275,Bt2C7Ddb3K4BMbXuDTUAfVWItlIgAuUrqNciS9fmsX2YQhPi4berKDs5
428,428,commit,,,
647,647,get,three___,____3152,
648,648,insert,two_____,____4278,G6w0Ozbm4vjdkDIeGc9bgP4TbLDQsRwhM88GvuLXDuz
578,578,get,one_____,____1722,
801,801,commit,,,
585,585,get,four____,____3234,
402,402,insert,two_____,____3017,f1o7AEE3z9WLPaOnScn6wZitqnlXMGLW
594,594,get,zero____,____3782,
763,763,get,four____,____2029,
679,679,get,one_____,____3471,
500,500,insert,two_____,____3511,OBaaXuOX14fdt63k0lEEXlfzIJR7oH6q2XG2jsnurr
647,647,insert,three___,____4270,txJG7vFvIRH8j8oVP0ZcgYiJwt5FeYBak1Rb5gzegSlp4TBPHYICDG8uLROnrxlP
563,563,get,four____,____2797,
774,774,insert,four____,____4877,VhY9PaDr7e4F08B0jJf34V97Ih4zfew9oDW0CeVzC0cGdUM29ggvBy2hj
594,594,insert,one_____,____3997,QOECVxsdxNmo2bdYcjphFMILK4LE4UR5LJ7SR73HY
552,552,commit,,,
521,521,get,four____,____3118,
402,402,get,one_____,____1754,
590,590,get,two_____,____2996,
454,454,get,zero____,____2952,
578,578,get,four____,_____493,
500,500,get,three___,____2723,
563,563,get,three___,_____413,
728,728,insert,one_____,____4657,3x2ByxUhKZt4klJnqet9jFY6JDIKydDAwj0webqFP5PlP
732,732,get,four____,____1030,
562,562,get,four____,_____351,
732,732,insert,zero____,____4672,EnESoB3rHV8UVWI616qR1aVMJIaoBsWbzFjbWinOMRXFavPb1aKAxb
645,645,get,three___,____3712,
692,692,get,one_____,____3770,
454,454,insert,zero____,____3290,m4pSfCZRxmtsRPwOCAW6iBJ6eNYxZpDU41CspcrXXDAqw3fC
868,868,get,three___,____4710,
993,993,get,two_____,_____201,
855,855,get,four____,____1919,
857,857,insert,zero____,____5276,vhjxsihJlFoDxtZWqTge6b4rmerL7dquvI9xfXE
454,454,get,zero____,_____632,
765,765,get,two_____,____1607,
578,578,insert,one_____,____3911,IVohsaQl3C4SzMTMsBvfwGyuUiM8Yu9ggEuQ3QwVW8LUlAXQwkxr47
638,638,insert,two_____,____4236,my1vngyMUEJ7QDuk8enIPj1IrXync1KrAwebpgiKrfDvQGpSesAg
868,868,get,zero____,____2998,
585,585,get,one_____,_____321,
665,665,get,two_____,_____335,
676,676,commit,,,
645,645,insert,four____,____4264,Vd82bChGZy3R6Iih8EUO2Ush8BzOcKxdnU70TN5wLdgz8Jph8ISb
647,647,get,four____,____3968,
525,525,get,four____,_____779,
855,855,get,zero____,____1438,
590,590,get,two_____,_____954,
446,446,commit,,,
621,621,insert,four____,____4140,bqh6bEUHoIZFU7F5oI1CGfMwu9j75wLutHIfgJUis
454,454,get,zero____,____2645,
638,638,insert,zero____,____4237,KhBpOEjSp6Ly7QxcUxFnlfXgY6D677QVPo1n34jrwRPkjk
728,728,get,one_____,____3846,
650,650,get,zero____,____3049,
710,710,get,zero____,_____654,
969,969,get,four____,____3110,
679,679,insert,three___,____4415,ytqMrA6DbhTRrz5N8m6VOEt4O6KNCukQKGErg1sPgSjkQ
692,692,get,zero____,____1499,
645,645,get,three___,____3461,
642,642,get,two_____,____1817,
647,647,get,one_____,____3083,
544,544,get,four____,____3248,
402,402,get,three___,____1557,
770,770,get,two_____,____3787,
645,645,get,zero____,____1912,
691,691,get,two_____,______87,
522,522,get,four____,____3249,
544,544,get,one_____,_____330,
857,857,insert,two_____,____5277,D1B7AOIkpoJUThCqw88yi9iT0lBtr0W3oyJGt
500,500,get,three___,____3465,
732,732,insert,two_____,____4673,AmXBKgUMJLMhfelWiWPQUvAvaeEzdVy6ChKSsYqmq
585,585,insert,zero____,____3950,tLz3MeXsb03u874GjTAofOj2KapqIPWBal
454,454,commit,,,
525,525,get,zero____,____2697,
648,648,insert,zero____,____4279,cBHahHrBuXs0ZKu8TVY4V6qsKtdBT3LxqjvdziKCQHXygn
765,765,insert,one_____,____4835,TOMAe8NRG5EVIAgyHZsFlxFgwbTarSQ1KjPzeeezudNysvjYozayoJnanMQEHsq
502,502,get,zero____,____3290,
993,993,get,two_____,____3577,
770,770,insert,two_____,____4861,31GlkcoNOScI66HeYHjsXNdQPzDiM7T4XUi5GgxOZi69SuRO3LLXeZ43RvAvin
667,667,commit,,,
868,868,insert,one_____,____5324,7BF5mgWzOtxumnXHO1w9efd1eNsgEgshlilnvdPjbc3h0QeeadSZe
993,993,commit,,,
525,525,get,three___,____3219,
402,402,get,two_____,____2584,
621,621,get,four____,____2847,
402,402,get,four____,____2700,
562,562,get,one_____,____3187,
522,522,insert,four____,____3623,rT6PEfJGsSiAyOISb9uFUy96wRA0Nw3rS
791,791,get,one_____,____4358,
594,594,commit,,,
691,691,insert,two_____,____4465,ZKZTmynyqKW48MWssgWHJ3fhEJDAM7IALPq4MAeCc8bHJzTeaaRcO8hrL
579,579,get,one_____,_____402,
732,732,insert,two_____,____4674,p1MRsBrYNXAkl1iPiXd7zAtThupo4qKWDxO8lDB
857,857,commit,,,
621,621,get,two_____,____2452,
728,728,get,four____,____3793,
791,791,insert,one_____,____4958,7JdV97SoKK1SCwjOO395nkoGR7SJwl9CvB6fKxKNzLNeVtHqPGLJYCTp23Uf2Va
699,699,get,one_____,____3996,
402,402,get,three___,____2576,
402,402,insert,zero____,____3018,anUJGxUA93WXdVIjGusu563ePObMbTX0C6126t
868,868,get,one_____,____1604,
561,561,commit,,,
868,868,commit,,,
710,710,insert,three___,____4571,Tb8X2Q2bwIM2yw18WGhZOTGcvnNeq7AJrSkw4wGzxITHjphOVLIVY
679,679,get,one_____,____1392,
759,759,get,two_____,____2668,
522,522,get,one_____,____1943,
723,723,get,four____,____2655,
692,692,insert,three___,____4472,yzGmuoBaWLIxCnHEUjuhUEjoAzGhg3vJin1G30
723,723,get,three___,____2823,
477,477,get,four____,____3257,
544,544,get,one_____,____1843,
431,431,get,zero____,____3153,
525,525,get,three___,____2909,
692,692,insert,zero____,____4473,UbVzMZWU7PLOhuO1cAftuPkK0I4jPUa3n7sWmpW9KHV6pH4dgv
402,402,get,two_____,_____126,
477,477,get,one_____,____1526,
477,477,insert,one_____,____3403,SHZCfbRCnKNbMMkIpUqGL5pAO6xwekbSS
896,896,insert,zero____,____5451,3sb51H6iK1NS6uP0ttMHBhG4VplyMCEDzuZsqBanA5ZzKfrx9ARDRd7Cv1
692,692,insert,zero____,____4474,ZMoYtUzSxAn4dSJ8qtsJrim6bVgvi0ACJrYa78PGYu77jANwFdKemORLvE4CGHS
648,648,get,zero____,____3308,
621,621,get,two_____,____3780,
777,777,get,one_____,_____513,
402,402,commit,,,
489,489,get,three___,____2576,
579,579,insert,two_____,____3918,qgaORNBWY6BWt0x6sIXlGTs2Yhmw1kBt6oR8
647,647,insert,one_____,____4271,TRhgRvtBqreLlgitNgWBkWZkEMBlsn3FGFpI8LxBISGilGAZbjlo3sjwb
699,699,insert,two_____,____4509,pSmqSQFQ6vmbWUPqEXKIXjgYT22fOiLK5
691,691,insert,one_____,____4466,UvDHldYCyiNMhyLYZKuZvn4x4nFbJQzj5Ujgak053D450z1I
969,969,get,two_____,_____187,
903,903,get,zero____,____3831,
647,647,get,zero____,____2380,
647,647,insert,two_____,____4272,1IvlsINuctbas4SOpeWkR8MHXkzSKR5Nx
694,694,get,four____,____2700,
544,544,get,two_____,____1236,
590,590,insert,three___,____3983,ZRRv89cy4eI9WrhLMzd8rCbxN7ffyB9YPixdZKrwCM7dXg9qcicQJYtErsVZk
563,563,insert,three___,____3837,ENlBzBhl1bX9U2jLU3GHTPLGRgylMILggC2kXY0rUwWUhvbhz9c3n1F201
759,759,insert,one_____,____4793,hPlVjK3DSHOrwK0u3lMSv92rGhJA9dGSioWEadH
477,477,insert,three___,____3404,JTyCMcoSqitQY9erFyQm77R4e4rSa6RkIiPWEnD2mbHMWXt3NO74FRz
642,642,get,two_____,_____608,
723,723,get,four____,____1750,
505,505,insert,zero____,____3523,KkB0HXTQBhKG6cDKhEJn4YfO0i2TwaPtFsSbrj4e8bBLYor4Et80
563,563,insert,two_____,____3838,fN4mrKLl0JY7SGDIKKi2Mx5nIYYthM06zQNjag98WmF74
489,489,get,three___,______57,
774,774,get,three___,_____293,
896,896,insert,three___,____5452,NXlmARVlI2e73uCxSe8ipjlYmN1v1hIJRyYAWcqqgx6K8
774,774,insert,zero____,____4878,4DYutzjA6xuRsGlvBKv9yGY3tb0JSlrclcH9
609,609,get,one_____,____1754,
759,759,insert,three___,____4794,X46xAt42TeZCCTBCc5Ln1IEy65ANm87ZjZ10Zhz11KaA82CLu2oSmKTlZ
505,505,insert,one_____,____3524,HsBmC1Ga3oAC5snzCoQcQTGIlzmlJc8FEhOKKb6CnlmGWa
502,502,get,zero____,____1033,
525,525,get,two_____,____2494,
642,642,commit,,,
679,679,get,one_____,____3386,
521,521,get,one_____,____2214,
578,578,insert,three___,____3912,Mlgnj6k7jwmRj43t80CTgiihz2VRX7GM3XWWpDgbVVjn7Zq1x
896,896,insert,three___,____5453,rcaZyjsfcEc13A7kjgTNB8ZMoz9Vjwypk6vxNlPRCYZ6bbEh
544,544,get,one_____,____3197,
522,522,insert,four____,____3624,rdZ2wWmXyynDGxDKYMD4rDgEbEBF5UoeCCT05fQUUsf
525,525,commit,,,
679,679,get,two_____,____3349,
590,590,insert,four____,____3984,vbGDpENllu4wy34utRkJoMnFxSiJCakVwii
431,431,get,three___,_____997,
544,544,get,four____,____2444,
431,431,insert,three___,____3164,KoUtr80701wuR5uXXXJc9FSts1TuDbUrM0
562,562,get,four____,____1315,
694,694,get,two_____,____2662,
521,521,commit,,,
590,590,insert,one_____,____3985,Wr8MT3jAUYVMtS1AujuTax9XCaHD14HIWNDFYSTkM1OhvYOQNlZ
555,555,insert,one_____,____3799,aqjxMVmjb3Uf3dz0MgMkxcSr31qZ5zd923spuMjQhO4QFvr4X6AvCwOpgxGFu
896,896,commit,,,
431,431,get,two_____,____2127,
477,477,insert,one_____,____3405,Wa6FwJyBXAgQdU5ZCD2GLF70oOTBFoF1Xu4Kp6r1uezCpabrfISYOuX5oWYY2s
638,638,insert,two_____,____4238,5VgkZdEYqZKFZQ7XgidZmxun426Pp1lLFBhGFFV
647,647,insert,two_____,____4273,DVpq4x7Wo81EYBxp6gwAsbtCLaRX03DsrfOfzTfhG9xdg6DeiksXFaPt
579,579,get,two_____,_____928,
969,969,insert,three___,____5821,SWvEiwuk2U4NW0CoBGG8GdTcJ7A895CwDwYK5tjziINCvUJ6fn1HlzBw
728,728,insert,three___,____4658,wQqsKkLYHP9ECZJZha8tvP1FUsNrUwH9TcG6Lnw3Ngk99bb0ZhsqQDj
477,477,insert,three___,____3406,j7CLqUiruuxAQ8nPvuqCuGHK4zYhGJhRu9svl
579,579,insert,zero____,____3919,iikcRMfANHOugFfROj8yUVbqyBH2gcA0pbhDSjg1IgoxRq
489,489,commit,,,
723,723,insert,zero____,____4640,ZqQaPT6dJZnkf7ISctPZYuod56SUybOtd4acIeA7XYHBCmd0q1RJuH3q0qD3Oqm
590,590,commit,,,
568,568,get,zero____,____3615,
522,522,commit,,,
577,577,get,two_____,____3017,
774,774,insert,two_____,____4879,n7efeTjIVjZRKFxLHLtbjGq2h0rleiEW0l9Bo
498,498,get,three___,____3458,
723,723,commit,,,
645,645,get,one_____,____2959,
656,656,get,four____,____3984,
505,505,insert,one_____,____3525,KMeHEt1hjJy4XuCtN7h7yXRCasuk2KUBNRd17aDN9axTvIk5P
710,710,get,three___,____2704,
651,651,get,four____,____3638,
555,555,get,zero____,____2718,
645,645,insert,four____,____4265,5DBx2PUsOYMCulCb1eyICnsITD3qzQIGWUmAIqNlsVgYAcv3qRmIY0TQ
777,777,insert,three___,____4891,ma9XPAPhxVlh0ecsvkIHvKYKq4UrClGRWSimUnpzFk
694,694,insert,four____,____4485,BQu1zYVB8n9DNUSEruVGnpIGiNB24POGnIGYHLwNN7H4rrM8
502,502,insert,three___,____3513,TyP9Y7RiArfTFhbHXS4ykXfkk0hm9q0znngsZac3QnkQE244VKvCC5OorlOoEO
647,647,get,one_____,____2519,
505,505,insert,one_____,____3526,2Zhgh7rk1hBUK3AC1kc5qLCeTwkzj9hxWoIRS0jywZW1Fx5ObDqwwfpmzmiGwr
544,544,commit,,,
732,732,get,three___,_____506,
813,813,get,one_____,____3460,
774,774,get,three___,____1108,
555,555,get,three___,______40,
502,502,get,one_____,_____337,
498,498,insert,one_____,____3499,8kZEkXuBlOfhC82yTVstdoa7liPaMuXtFdrDySbUdkWZgYVg2
524,524,get,two_____,____3620,
903,903,insert,three___,____5479,apktGHepj1VWg9BpHi6JssCObojjPsKeAcSRJ
759,759,get,three___,____1969,
694,694,commit,,,
524,524,get,one_____,____3139,
903,903,get,three___,____1615,
656,656,insert,zero____,____4313,Y8OvQcAjmEFSKuEP7HcPoWbXwI4Dy3lDAmSO0b
714,714,get,two_____,____1420,
502,502,get,four____,____2183,
502,502,get,zero____,____2354,
578,578,insert,two_____,____3913,pSQ1eeUjdn0Fp5Y4njypr7z1j9ojNvCBYmHGd9cPw1XFIks
732,732,insert,three___,____4675,njDokVclCRwSlKFCzWUtLWfqiRPkjxRJZN5smdn1gVW747PFXjQHhFmJcKeYEv
939,939,get,two_____,____4484,
903,903,insert,two_____,____5480,ol15dmAbDrie0SX7A3FqtcRLugTaOEU9n5z4
673,673,get,one_____,_____330,
577,577,insert,three___,____3908,sjMIjVuWnBdkfDX7wtM8m5lOjd2YVoqZZEDvNVGdOkbFz
648,648,get,zero____,____1462,
813,813,get,one_____,_____505,
556,556,get,four____,____3248,
649,649,get,three___,_____639,
728,728,insert,two_____,____4659,eFqi5DrkQIyszH0D4XhYirU4Vaqq7PwDy1YSF
649,649,insert,zero____,____4282,WwtqsrUhYEx1pojxTCVfGE6m3oJ9YpJgqfuy7Sbde7gHhgsqh4dvw5zjVkx
759,759,get,one_____,____4737,
699,699,get,four____,_____497,
777,777,insert,three___,____4892,xkrqMVimgzhaUwoweeh4fRaHmrh8qHpSGrRD6ubFCeLosAjT2vedqQEm
562,562,insert,three___,____3834,Mo7ePk4IJZWERzcwzuNNTQ5QqE1NOg5xAHaIqv6kXDgPlYX8xaLCnjRk9DAf
502,502,get,four____,____2676,
791,791,insert,one_____,____4959,BwZdSKgHUF1QSbIZg8MlHiGA0QYyj5w8FAIRDUcuUaX
780,780,get,zero____,____1157,
651,651,insert,three___,____4293,8flHfBkqPfMbuFdKpGan35W49cHDgrvpWCpJ34
903,903,insert,one_____,____5481,B47goyCifqfzaSJlayJ4yQxD0NVEk6vnhqyROkwQXDCXsOTimtGA3nFlSVH
500,500,commit,,,
505,505,insert,three___,____3527,SR84rf99bOgcdJtv1YlIXCflkJ1Qk79lRXSupeDfe8dafANOCpJexrGFF
780,780,insert,one_____,____4903,DZN901yoAobRK1qnEuTHVqrF8eqUPActWmHRjSgNcG8ujkNgJV
747,747,get,three___,____3138,
524,524,commit,,,
802,802,get,one_____,____1652,
699,699,get,one_____,____3711,
728,728,get,one_____,____1248,
835,835,get,four____,____3118,
645,645,get,three___,____2938,
673,673,get,one_____,____2184,
747,747,get,two_____,_____932,
649,649,get,three___,_____913,
638,638,get,one_____,____1275,
802,802,insert,zero____,____5012,4JzrvANlBcoUecc78ecSf1xspN94oXiLOqtpLC3iWt9avK81Pd5p3MfR1z
710,710,get,zero____,____2988,
505,505,get,four____,_____110,
699,699,insert,zero____,____4510,07atCSZzBvADYIGxXneaLovACLVXaOCHyb9Vjp4glXUwfD1vq8bDrqnOMDHCf
747,747,insert,three___,____4741,hRmTflT6dTqiLUgNJOD1m2DYWDCaYbLCOoX8z3a4B
988,988,get,two_____,____2610,
856,856,get,three___,____3241,
609,609,get,three___,____2854,
759,759,insert,two_____,____4795,m42ThEgrvcMSsF3RlyBAiApirEolDtAxyMUDBrvAlQ6aR62Ml1Y4DB
728,728,insert,two_____,____4660,12Cly84RLvZZV9EJvPIVcGy7bOeHUnXUSeAfHWnbLwoZIXunhAf2yOCA30g1j0
628,628,get,one_____,____3139,
555,555,get,three___,____2417,
957,957,get,one_____,____1943,
648,648,commit,,,
728,728,commit,,,
691,691,insert,zero____,____4467,qLLHPqSG9Z8RKquCy6EZn5cVX6bP8T7eZz2rr
987,987,get,one_____,____3488,
649,649,insert,three___,____4283,jhF53uSxdcBbVQnfDZhzfthhamdRZaQNVWG8Ej73LR2eXegXZ5JhR8tl6Ofx92
621,621,get,one_____,_____537,
593,593,get,four____,____3457,
660,660,get,four____,____3227,
556,556,insert,four____,____3803,GihaZCkvFhgRtz87zUSMZ020Jy4TYEv1G
555,555,insert,four____,____3800,VFK0Kt2WKjbt9IDXrobS5aY3vRX893ptMTtxFeIogSpf4oJA0oJX
505,505,insert,three___,____3528,G7fzQ0dSFmSUx5ZT1zZzXYYbwsbUbKuvapbPOILi9R0zcXvuakjsMU2vrE
505,505,insert,one_____,____3529,wsCOK4p2v5P0ySrOSR70eqcX0inhLEhgN4gPrVzn
647,647,insert,one_____,____4274,TXW7mHes6CfCnrvJPyKosfWUqV5CR7NJ3LYIhy61D40hvfDMqZZRllN3pn8
710,710,insert,three___,____4572,7ab8rfHcfDzJnSb2ALsPVYm0tyDwS7rcgfnvINPd8iS6CmjBuRQQExc0aaGfF5
777,777,insert,three___,____4893,5G1WnONqawqPHhzYx0NBwCSfjAW5j8QaTkAJFNDp
656,656,commit,,,
679,679,get,three___,_____657,
987,987,insert,one_____,____5900,qFk0pE3bbbhU4ojGfrCcQtMctRPLd0efcWiNg6
787,787,get,four____,____3984,
714,714,get,four____,____2942,
957,957,insert,two_____,____5761,MZkXQGpptIuQtSqPaRe1Lglpl6aam9lE5qQBcUevGabJPBqpH7ZinoSHPEBg3
647,647,commit,,,
988,988,insert,four____,____5907,YKfPUeMRaJCSoij3XTSiSitYrWKIKGerMsjyjtH
578,578,get,two_____,____1396,
732,732,get,four____,____2088,
972,972,get,four____,____2444,
872,872,get,zero____,____2380,
593,593,insert,zero____,____3992,ZHLB7VYt8ITkuDpBgd14oOqc7r5XqEDfzrnDQPKU3IuXaY6ilYd3sY6r0vJG
787,787,insert,two_____,____4933,icV3KiZ4ftdnyM7JoIMOPdj5lWAzi36ZqlAH8eww62cUAPIR
609,609,get,one_____,____1558,
813,813,get,three___,____4148,
505,505,commit,,,
562,562,commit,,,
988,988,insert,two_____,____5908,HijHwTSgs7bKT8U6LujdsSbVhXxPoa6gWBQjosGOGZCUMQYCNOEkz7EFPQyHypNE
692,692,get,four____,_____351,
563,563,insert,two_____,____3839,scwPRWHFC3zAgGF2oudgWTOs0NPFNMNRQElJ89b7KW
714,714,get,one_____,____3239,
638,638,commit,,,
777,777,insert,one_____,____4894,t5OgFPSgHDtfxLHudJoqytbEoCbsBRyy2eMLHX
710,710,get,four____,_____955,
987,987,get,two_____,____3434,
835,835,get,four____,____4424,
555,555,insert,four____,____3801,KtvBZHxhhT07ILL1dRQz9xYrtSFtL8u1hXq3a8hLhPSP1wKZxT8zU7PZil4SY
556,556,get,zero____,____3103,
679,679,insert,zero____,____4416,n7Qo5MwNEOjDv4cno9oW5UPkcPIJrMfIseZX5
802,802,get,four____,______55,
660,660,get,two_____,_____611,
819,819,get,one_____,____3846,
835,835,insert,four____,____5171,ZbLpIdxlHk2rHzM21KMPhvFIZA1JK2iD6hqenIdwyiKRdfcYj1v5OrIEKNnfAd8E
732,732,commit,,,
568,568,get,zero____,____3260,
651,651,insert,zero____,____4294,ZSUFwWH8l176RobiInlVDRaVNZ8I9Rv9cw6nnZYORbE3M
579,579,insert,four____,____3920,BG0pIEeNbdezZkuO8WL1MCwGmN7ZKZxPOeDsBtUOlT6R6c
692,692,get,one_____,____3487,
957,957,insert,two_____,____5762,NtdbSoeHfd4eH8TmvM1co91SZlUlnmoncbk
777,777,get,two_____,____1332,
802,802,insert,zero____,____5013,fxRH9BHGYLBJUtFfJIJAMIo4O4RjkUXQgSqKrYeR1dZexYVMn6ylGS5Gji
710,710,insert,two_____,____4573,9SZSbRWbo9F4qfBz76QT5vMGwMu6XcjbPVEJf8VvcqcyygThzuJ6BgCEMAr
856,856,get,one_____,____4791,
431,431,get,one_____,____1684,
747,747,insert,four____,____4742,zCMWlAZb87YMMIf1LddXeYSF7oYbYDRa3WyojEY7rP6ss3UWchxr
832,832,get,three___,____4671,
498,498,get,one_____,_____541,
555,555,commit,,,
747,747,get,one_____,____2678,
556,556,insert,zero____,____3804,VwD9nKqxHSxSYyJTthyoO5TF6gxg6IvQNFmzkCgHiUE9lL5WnGkCn1HM
976,976,get,one_____,____1952,
577,577,get,four____,_____345,
756,756,get,zero____,____2718,
976,976,insert,two_____,____5853,EqRUBHStardorRDsmThuEfLivLNlZhfEVr9SOKBy7KpbT4mizQP01cRP
813,813,get,one_____,____2113,
568,568,get,one_____,____1079,
860,860,get,one_____,____3526,
679,679,insert,four____,____4417,iGUKl5bzm19uLLLYiQTNCbptsOFxdKyjarmbB
939,939,insert,three___,____5674,sVdGBdl16zWdhdwG70Hh9MI3Ajjqu7C4wxXaUtmW4mXMS9k5jYtxX
747,747,get,one_____,_____207,
791,791,get,zero____,_____931,
787,787,get,three___,_____367,
976,976,insert,three___,____5854,YTTIwoaa3LprE7wUZw3o3CPakez3wr1x2lOD9Vikwvtx
699,699,insert,two_____,____4511,Q6KOWbxobVESEs0uVd5Sh6458KtUL0u1yZOA46tvaBhleQAkFbZWMVcFBbaZTedR
563,563,get,four____,____2464,
938,938,get,two_____,____4674,
577,577,insert,one_____,____3909,cqhjT1Nu40oSCOuz3a09EYDwvDk5BFJPIBHz6yX8
864,864,get,three___,____3528,
502,502,insert,two_____,____3514,bve9uwBUkFDvKcx7zfaF4L4cVOZ2zA1SA
856,856,insert,two_____,____5268,gLlkJpuEhiMkzTSsmi0uRQzJp7gqPpO5uXm4U6X
568,568,get,four____,____2551,
556,556,insert,two_____,____3805,6LxQITEBEmZF9BC5lJfrSjtjdUUki8baDK
649,649,insert,one_____,____4284,YuO2C1pXg9OQ7VxHZBLDGYukVXODqj04nVX8wi0JqgC94JZYelzc
730,730,get,four____,_____807,
777,777,commit,,,
649,649,insert,one_____,____4285,RHLOAsj7SYyRxh18RHkAhmysA5kCIO8fG
628,628,get,three___,____3465,
578,578,get,four____,_____887,
649,649,insert,four____,____4286,0LkBWnNGB6OWh7y4SRFrCfY1wa4DuXTR1VDsUfZ51Vx
856,856,insert,two_____,____5269,HbHTsZEOpNpG5QPax8tZ1CUFdIe9lBPFd0EnM8SnpS5uB4
666,666,get,three___,____3304,
802,802,get,two_____,____1980,
621,621,insert,zero____,____4141,yySg8bBmdZGBkPL6J583b2jBn4ARzClJOfF
577,577,insert,two_____,____3910,5Gs9yFDVFwIJ2pEa0rhFHK5sAaTVJ4IJxJlxtDYOX7
710,710,commit,,,
835,835,get,two_____,____3676,
835,835,insert,four____,____5172,knOGKBtTWwewz75Ymukj27eaUVAahVhRLEMZXCd8U1ZgZ6r2TUlUszYMQ
628,628,insert,three___,____4184,IqJHzPOpMABHjMDENNB6RCeq54AL6wG2cH9AjO5YlP
577,577,get,zero____,____1279,
714,714,get,one_____,____3418,
938,938,insert,one_____,____5669,U4Zbs7WKIyun4wFuxivgxp9YrozPhcCm7QXsIw8znMCmiRFz87eG
477,477,insert,zero____,____3407,AqkPnxsPKgVLsphJWN6LV3RaDU2QP9PfsPaE4s8BDKHt3kWUPYZV9MednIG
864,864,get,two_____,____2864,
649,649,commit,,,
834,834,get,three___,____4893,
747,747,get,two_____,_____331,
692,692,get,four____,____2065,
477,477,commit,,,
944,944,get,three___,____1347,
431,431,get,zero____,____2331,
864,864,get,zero____,____4843,
663,663,get,one_____,____4285,
834,834,insert,two_____,____5169,Lrig7vryS0LodMXxxBukMS9BX7AwA06skPI1rfwTVTSglQQAYOmiA55Rf3No8uu9
563,563,get,zero____,____1807,
431,431,insert,three___,____3165,wSAr0V76tRac3nKYRfzUH0JN3LfcbTGXCt29
912,912,get,zero____,____3216,
678,678,get,one_____,____3405,
628,628,insert,one_____,____4185,gak2dOOV6EbNpggKFkkHwfrZQd1s1kzDcddkSoDqm8GDXp
780,780,get,four____,____1766,
692,692,get,two_____,____4054,
950,950,get,two_____,____1332,
756,756,get,two_____,____2226,
577,577,get,two_____,____2485,
939,939,insert,three___,____5675,4Sipy98chfRiOcc4APP6wqrvSREc43fiX5WgO51TrWX1OlcHf6AmbkejI4BcrU5
692,692,commit,,,
578,578,insert,three___,____3914,hlDFm20ZKschcIa4cUrA0qYSs1zjc9HQGVZFxizse41C
714,714,get,four____,____3702,
957,957,get,zero____,_____142,
714,714,insert,four____,____4587,srcjuO7wRnaHyhg7luATAh4tIbfILOWkiP2JE3lsFIuX2xL7
699,699,get,one_____,____3148,
864,864,insert,zero____,____5310,fwAjAoLP2dauiVOmKDr8UG31oun7FZgAOoQqYfDWKEuLUh2wq3YRftfOAFuDA
609,609,insert,three___,____4067,9NWqvmGPyOgXTCxe8CITeDQ6vBfeqHJMI0FscCHri3wSby32SZMVi
431,431,insert,zero____,____3166,9ooknFA0CBm69XEGb0w7Osr62ocKndxk1uJf
730,730,get,one_____,____3149,
950,950,insert,one_____,____5719,d0ufSXUjhrSdvIpcgyhJZuiiLruPudQm
579,579,commit,,,
912,912,get,three___,____2147,
660,660,get,zero____,____1797,
498,498,get,four____,____2352,
651,651,get,four____,_____942,
864,864,insert,zero____,____5311,4Sd7eexij107fHjcvqMXRB8MIugQPzAeZePkNwuAHg
699,699,insert,zero____,____4512,d3gJB3NhR6J8NvNAZ9O6bQtsKofqmDgJtI1Xd5kZjqNiVkEoCHj90MzZtGB
802,802,insert,one_____,____5014,ueRJgMh2NiDLuys2byAcflXIMXFrroz2VL4aLa2tU4rR4NPcCV8ZK
835,835,get,three___,_____943,
621,621,insert,one_____,____4142,KpSu5kWS7te35N6DOdQ9y64ixRwQimw3AgI99Dm4xWwSs2ZdBGqBjKssfO
586,586,get,one_____,____1526,
578,578,get,one_____,_____709,
498,498,insert,three___,____3500,cpRE5B8L7rk7t7gbAffPbSi4FTjfrIL2ppbC14VnL7wUSUIoBk8n6
787,787,get,four____,____4016,
976,976,insert,two_____,____5855,rT2eTDnb3LWyQ1YrbzDNj2gVXlkrcgPEzT0TYenU222PG
678,678,insert,one_____,____4413,jmcTz24z0bxZqfJtMkhPWu9XkCmSqhefc
628,628,get,three___,____2279,
730,730,insert,one_____,____4664,iCLthGczz6u73rPLNdfd1i3YIzkoFA6MQPX96
678,678,insert,two_____,____4414,mrnzLn0XMyWV87rE5f6u3t5v1TqSE7aTsR0lQg2nH375FO5IUkpPfSZA3Nxcv7
577,577,commit,,,
730,730,get,zero____,____1237,
678,678,commit,,,
673,673,insert,three___,____4387,WTfefEVRv5sTlKUTbPfReH2CUdmedHHTKYa7VH9f8FP
431,431,commit,,,
714,714,get,one_____,____1880,
571,571,get,three___,____3404,
834,834,insert,zero____,____5170,IRDGkJHUAjefKirNzb4wAsbBz1c1zltw8Ybli6BmxY50f5jJWbe
729,729,get,four____,____2065,
894,894,get,four____,_____351,
588,588,get,two_____,____3910,
788,788,get,zero____,____3853,
834,834,get,two_____,______77,
663,663,commit,,,
502,502,insert,three___,____3515,K6mJB7Q6OzRuwitmuD3nmR0NwH4ngRxBk56UgJlxGENirr9GxCej6Al
938,938,insert,four____,____5670,ItZIbO1is85Zftu7NCyZD7Rusxx4NoUcr0eYZBD1xyljMovbLiPYqGjL6
729,729,get,four____,____2987,
957,957,insert,one_____,____5763,1c7aoAOmAUqDxNmnG6gTQYjc2RDo88BuP4GJ7IjuoQzG
748,748,get,three___,____4572,
788,788,get,one_____,____2443,
864,864,get,two_____,____1278,
757,757,get,four____,____4342,
950,950,get,one_____,____1186,
645,645,get,two_____,____3905,
588,588,get,four____,_____417,
802,802,insert,two_____,____5015,x1H6FdnBqkLq4c9MbBGgGQ0e64inuITGq
673,673,get,zero____,____3497,
571,571,get,two_____,____1681,
572,572,get,three___,_____309,
944,944,get,one_____,____3631,
699,699,insert,one_____,____4513,8vpYlhBgjQFDk0bS9UDp8ODUQJn2zMFLicesYghM2fZ6piX
791,791,get,one_____,____1189,
563,563,get,two_____,_____589,
729,729,get,zero____,____1609,
563,563,commit,,,
609,609,insert,one_____,____4068,I2tXw2IKPt6Bao9FkbwGfuov63CRQzkvWex2ZxOHjQFNI6D4j40viS4HMyQV5wo5
992,992,get,three___,_____413,
730,730,get,four____,____1651,
763,763,get,four____,____2088,
757,757,get,three___,____3271,
578,578,commit,,,
864,864,commit,,,
597,597,get,two_____,____3017,
568,568,get,three___,____1799,
729,729,get,three___,____1067,
703,703,get,one_____,____3195,
756,756,insert,three___,____4784,OE5WHY3PxTuuJ5owSZErQhsjyf1Odc4FI9ML3aMv795PzWTFXE
502,502,get,three___,____2131,
645,645,commit,,,
912,912,get,one_____,____4773,
703,703,get,two_____,____1240,
894,894,insert,three___,____5441,Cn2mPxL3lG6JDUKvrekgnBBaqvrcrBzPMEGC5iFGdCf1KqSFKvbrq
950,950,get,one_____,____1789,
699,699,get,four____,____1020,
679,679,insert,one_____,____4418,QhGxx07Zrzt4ydVv4sYPtw6ky5PiSebEY
703,703,insert,zero____,____4528,8wXPfewxdwHHdLiDVXO4CD3ykKORtl2LVhrji
481,481,get,three___,_____997,
481,481,get,one_____,_____665,
699,699,get,three___,____3561,
481,481,get,zero____,____3353,
1000,1000,get,two_____,____2140,
651,651,get,three___,____1272,
666,666,get,one_____,____1087,
863,863,get,one_____,____3911,
787,787,get,two_____,____3905,
747,747,get,two_____,____4321,
644,644,get,three___,____3406,
727,727,get,zero____,____1372,
799,799,get,one_____,____3046,
699,699,commit,,,
748,748,commit,,,
799,799,get,four____,_____625,
799,799,insert,three___,____4997,2u3Nr932iPnXsXE81SAGVsWXK4E4jqUKcqFX1gJHXa9k9xLS2FWXMue
597,597,get,zero____,____1063,
502,502,insert,four____,____3516,zacNTpBvvIsJuTWXmbXqYygboXC9lLz8hgNs
673,673,get,zero____,______56,
938,938,insert,four____,____5671,lTlWtdcP1dVCE2eTf05FESEtp0HBjdz2HiaT7f8Ye7XKrE1tq08XaBjNLn
939,939,insert,one_____,____5676,FhnDWpVKNtMC2fzb18TpSNWPzkFYBulFFPWbr5j6uyvZjDhpBjLMf
894,894,insert,three___,____5442,9ClpI3yqBLf4JlDcCv67G2NV1CfjdjWXUCljL2it0qa23l03w8yFjei
502,502,get,one_____,_____108,
788,788,insert,zero____,____4942,ccUdfWT8l7r7eN0F7BJ6occHDFg2fujkpd3
756,756,commit,,,
787,787,get,two_____,____1019,
644,644,get,three___,____1345,
660,660,insert,four____,____4332,7TejFj7syAlIEffN2OzfrYnhZdPc1IcIIGlfRO31z52NWLrFVU6UwOccTLa
679,679,get,one_____,____1014,
729,729,get,three___,_____653,
556,556,get,one_____,____2450,
894,894,get,three___,____1897,
763,763,get,one_____,____1933,
651,651,get,zero____,____2707,
727,727,get,zero____,____1075,
572,572,insert,three___,____3880,9nmlaEc0cdVdByVzTs43W09JGbgfCe9LV1E5hJovumf3BLWqgsc
747,747,get,three___,_____669,
960,960,get,one_____,____3915,
498,498,get,four____,_____597,
802,802,insert,two_____,____5016,SaC7g12yjfLEiLnfpLyJvLhAsBs9jEcryNbcfl7YMUji
730,730,insert,four____,____4665,kiWQnIbWaPfN6m0lZZr5zV8NmOAL0JesMeowrkXiDak
679,679,insert,one_____,____4419,lmZQHc4e9U830EqjiS37P9B1LhK6hbyXeBAwx8F6Kij5YXYuiPMr2fTcNNQErC3N
747,747,insert,four____,____4743,IevKihVm6pKpiOeVFEKmYKocCBKuVfKh3D0nYmPTq22Ia
788,788,get,zero____,____1700,
851,851,get,four____,____4264,
788,788,insert,zero____,____4943,uZdrEa2qJRBsfoKDhucUu4dNHdXvwMPYv1TiOL
972,972,get,two_____,_____518,
992,992,get,one_____,____1021,
791,791,commit,,,
588,588,get,two_____,____1588,
764,764,get,one_____,____4413,
912,912,insert,one_____,____5523,9vGcD3o2lo6oXFV4TnjC2Vo3XGC7hA6ds1qY0eUzWusqB
660,660,get,two_____,____1639,
621,621,commit,,,
609,609,insert,two_____,____4069,mu2mEdcczHNZ1Z9gvIbdZcx1k9LuQaIeGz1qDuT8ev9CMHg
976,976,insert,zero____,____5856,Ivl1A7rTZYu8mbcYHL7ZYGKxBcGul0t88VkRWWyBsal9cyaZ
568,568,insert,three___,____3862,wB6iGh2nmCymyZgMfrzKDHCrspzEYus4yQ
597,597,get,one_____,____1523,
802,802,commit,,,
759,759,insert,three___,____4796,x8k9hc1oN6GeN0HjOUGPNXZ6ORsC2hqU46WpHFIj9BtwBr6y8xrA4YcUC84GL7h
572,572,get,four____,____2979,
628,628,insert,four____,____4186,J1jB9w4EYUp78PULWsyNdnL2SlqpTXOtsOcWSA3BkAxmWk3e9miFhtebT
967,967,get,four____,____2266,
609,609,get,two_____,____2613,
799,799,get,zero____,____4153,
483,483,get,one_____,_____968,
498,498,get,zero____,_____161,
733,733,get,four____,____4140,
950,950,get,four____,_____411,
679,679,get,one_____,____1255,
764,764,get,three___,____1720,
867,867,get,three___,____3561,
982,982,get,one_____,____1189,
556,556,insert,zero____,____3806,htfSFecqNsZAv0J8T8QKM9xjrbWNM39AMXhPiLKElk2ltEXagfW4bW1QRpp1e44
912,912,get,zero____,____1116,
912,912,insert,zero____,____5524,LsGy5z7SQhaUGAPnxaSfUXn1Jwr8AKY5t87Uqfl
950,950,get,two_____,____1845,
628,628,commit,,,
938,938,insert,four____,____5672,ukl4sV2jJRxBJtj5xzbgtBPhdsJZx1VP0ikhQ4GSl
671,671,get,zero____,____2250,
757,757,get,zero____,____1226,
983,983,get,one_____,____1652,
719,719,get,one_____,____3909,
643,643,get,four____,____2464,
859,859,get,one_____,____4358,
568,568,get,two_____,____3427,
867,867,insert,one_____,____5319,QJSEm3hgM22Cmd2izyIU3JOkd3oIxsE6alFbU
912,912,get,three___,_____692,
730,730,insert,four____,____4666,r0eekAUVQsP5h6pCW8HiXI5Hw8DujAoElyOm0XS1Oda3J6ateB
597,597,insert,zero____,____4006,6Ajkyhs4KkKZervCvXoQLEBcsQtSqAgxIl984HZOyiGPDwc8
972,972,insert,zero____,____5837,P9ZrCGJrfAZ8FDSCUUjuO4MK9TuWv2Pn2nQiFjclKkWurQb
612,612,get,three___,____3837,
568,568,get,zero____,____3557,
679,679,commit,,,
586,586,commit,,,
747,747,commit,,,
827,827,get,four____,____4742,
768,768,get,three___,____3954,
568,568,insert,four____,____3863,uUnnsySKaUYMNj8ZJIwp7dGZnyKa7ch1gpzN2YVzR4y3
498,498,commit,,,
636,636,get,three___,____3912,
788,788,commit,,,
939,939,insert,three___,____5677,7dvxzLNklI4luhY0zB4PSgrTFYeO4cAAvDafb5CrnlyGETsv6lehMRf6FGc
734,734,get,three___,____3955,
733,733,insert,one_____,____4679,iblawsOVhP5FQprwKkJCNpCFMwNgXTZ8K74gn5JRO2s7uLjqvN9NcAuPmrrEqzV
920,920,get,four____,____4743,
867,867,insert,two_____,____5320,Cl10LfBKsBnBjbhUzZbdJoyD7M98CB0AtVmPV8a
660,660,insert,three___,____4333,fAwn7pnOhoE0CecyjcIiv0G6vQyMYqqIswNE6
481,481,get,three___,____1441,
912,912,commit,,,
938,938,commit,,,
851,851,get,zero____,____1354,
571,571,get,four____,____1856,
502,502,commit,,,
768,768,insert,two_____,____4850,v1vtMepDlZyVnqsFrIvR7PB4fLYr7eow2M34D6pg83FZdvtJn8lslLEC7
772,772,get,one_____,____4185,
730,730,get,one_____,____4170,
572,572,insert,three___,____3881,7lEZdLZrgOrRNh5nZP91215X7mEbFRSe1M8rk2HBNIIhg5Qk3dQqeH9HjhSaPa
799,799,insert,four____,____4998,sm9NB2NkH9Vfx7vODwfGuSoMmzLJrhJptfTsrKxYP1GxwynX64bshzY
643,643,insert,one_____,____4257,APkKRK1oCLexCqtNtVq8geNn22oGMIDZPZ9OP35mljfKD5NtuMsOyrX8
640,640,get,zero____,____3290,
651,651,commit,,,
691,691,get,one_____,____3144,
691,691,get,one_____,____2738,
691,691,insert,one_____,____4468,vnnVSgO0f2NYhyIe3wCMnktZCEv8iEtFwHBLK8BDd8nHFVO1
772,772,get,three___,_____445,
672,672,get,zero____,____1033,
827,827,get,four____,____2841,
660,660,get,four____,_____866,
609,609,insert,zero____,____4070,6PBBXOUhgIZYyvtSpfkGAs60UvxfhQfz3Wlb7NshEl9YkGHQjht
730,730,insert,zero____,____4667,4dvx9evre1qioCJmmLgF1n33VE1yHyzqXg68k5F
666,666,insert,two_____,____4352,0jq6hOXaQxBJc7sgnakA4sYGZL2Ek3ls
734,734,insert,one_____,____4688,DR9IlqvCKJA2Df0MCn3ijdXlFLKUvZqubyghgbIuXaCb4S2
734,734,commit,,,
691,691,get,two_____,____1765,
597,597,get,four____,____2756,
572,572,insert,four____,____3882,U8dF0HYn0vJxK0pgw5I77rfRE2b700kE1
827,827,commit,,,
836,836,get,one_____,____4688,
640,640,insert,two_____,____4245,6Zn2PpMPYplqjrHjCKXM2janfMS9574pb7Nx5TNlGKBR4c1TiYceFjnzeVMlRQt
571,571,get,three___,_____466,
703,703,get,four____,____2727,
691,691,insert,two_____,____4469,cKLFw1SNmcHW95iubXcDxUeiBIhtvDQ5rQg2AYESDQuje4TVhusxoB
568,568,commit,,,
972,972,insert,zero____,____5838,0hQcKSqiWYTxK0J3XrPrkEMnGRbqx1M4nMDaZxDGZvXW0X3IvmXAPuSuUBXzJk
972,972,get,one_____,_____750,
633,633,get,two_____,____3514,
763,763,insert,zero____,____4821,y5Wb6ko8I2d6uJyqTSn1fgM4CkrpxPu2N1Yn80LZZH11dfNWs5p
571,571,insert,four____,____3877,Mos2N17OzxOXGKs8rx2DPcYLSJdmCVYgAiJtwz9stx
666,666,get,three___,____1377,
481,481,commit,,,
764,764,insert,one_____,____4826,LcmgcZDGLgk5yBBVmvqXV962AxHOnj9wU8M7b
636,636,commit,,,
920,920,insert,three___,____5560,j8PXx2pqEPUka1nORfhn2lf8tKpe1tI60iKppFXjDeUKRTsdx8DlN
982,982,insert,three___,____5879,NimJv0KPM1SnqZnxy6qkuqQfa8eBnoxSNPY8J7NlS1OT
870,870,get,three___,_____997,
672,672,get,zero____,____1384,
572,572,commit,,,
643,643,insert,zero____,____4258,2MQkHOLxLAuVSQjBq7wBeW9BoQVfSuScaPpHF6hTAzLqCR5iW
671,671,commit,,,
666,666,get,zero____,____3477,
556,556,commit,,,
813,813,get,four____,____4938,
967,967,insert,zero____,____5814,6O2kSRggagWBLoafSQiGzU7fPPZNjAoZrYk7Y3zcgEDRI9CXNT
939,939,insert,two_____,____5678,GyUNjBSGsNPSPTUK2TAZrDrXzirxE9bEBiVHXtF96rQQdvKlx0RDInz6sHO3HC
950,950,insert,four____,____5720,sFgFSXW5kvTmhY8ekmlG6xCZ7ycnVQv8Eq6V8vPOUH7DqKnWxzWAjBtr0
950,950,insert,two_____,____5721,a5UAcHDYdbc6iBRG64KWYDKv0rLV0Bsfor3mCOJtV4bC7l73dMe9XR9w6KhMTWg
672,672,get,four____,_____263,
592,592,get,one_____,____2450,
704,704,get,zero____,____4225,
643,643,insert,one_____,____4259,wurNbsflkkpcMYAkwoRf91AEJsbhMEC3EfzhpCyWPu5ZKRkZYNf
733,733,insert,zero____,____4680,XlMp02pldVEldm5pQBS0AJGqB7EMeJXtQbfQHrxG09p
813,813,insert,one_____,____5068,fjHSW920n4bOHzUcjZ2V9cTcpMgJhg9djTbaKNNMmLKi7NL5Ram7EU
939,939,commit,,,
768,768,get,three___,_____284,
706,706,get,zero____,_____161,
743,743,get,four____,____4226,
759,759,insert,four____,____4797,hd9oTuFoMyDaQRQaCk9EBhAy1MLSo8wjT1jOy7QJJ8C
592,592,insert,four____,____3990,NBr416VKhO9xuClBy4lkzdrurGjPnYlCfCNtbIzfU0W7
870,870,get,one_____,____2605,
895,895,get,one_____,_____108,
967,967,commit,,,
609,609,get,one_____,_____125,
729,729,get,three___,_____776,
867,867,get,one_____,_____537,
686,686,get,zero____,_____380,
772,772,insert,one_____,____4872,YV98f354Lp2XWyjTx3ed3hSooXf1AXOKwcueHr341926vbH3M5GRCi
706,706,insert,one_____,____4546,AP24wHkgazAVgOHlEfhfwCHMBFcK9hnL1ae7r
859,859,get,four____,____1642,
871,871,get,three___,____4380,
704,704,insert,three___,____4533,Ekm3BIzlU2aASjugHNaiPPROGriuloIfS3M0rczYz103ryJe8hfcUnc0
944,944,get,zero____,____1898,
813,813,insert,two_____,____5069,ScKENdEL4JqbnIxprtmSuINGo1dpZG3o9
571,571,get,zero____,_____306,
668,668,get,three___,____1441,
776,776,get,three___,____3881,
706,706,get,two_____,____2795,
686,686,insert,two_____,____4445,xqt30t3cc0tVBF4WiNkuPCU859DpephU0mYT5pxEpOytbdvBxPvWyGsu
668,668,insert,four____,____4362,NC5RJKpN1v47OYau9aWgWKUEq7mBm47SdyFkH
607,607,get,four____,_____597,
643,643,get,four____,____3498,
609,609,commit,,,
632,632,get,four____,____3882,
576,576,get,zero____,____1298,
936,936,get,one_____,____4683,
865,865,get,zero____,____2036,
570,570,get,two_____,____3805,
633,633,insert,three___,____4207,dc2hPWZq3HLZroLvpDDwmut38k0Y0idFdo31Xl2RkhbE78PKRJX8FPuDjS
592,592,insert,two_____,____3991,La19XPQGoGUblIl4cLiXuNVaaWo4xReliSC0hN
867,867,insert,three___,____5321,4gX5N8xjkJK9l6cd7r3rCkTl0iIDX44yFTatSrE
865,865,insert,four____,____5312,OOkxKWMlULJ9vDhl3l1VA8lW5RxObRRgADsEuh9g5ENeBgPnDRm
780,780,get,zero____,____1476,
763,763,insert,three___,____4822,gsSf8e3di91j1McvEm5ZB6flrQIJkUu4urkaZC
706,706,get,four____,_____422,
813,813,commit,,,
592,592,get,two_____,_____686,
780,780,commit,,,
1000,1000,insert,four____,____5963,SyeYH8HmSL2BgAAreIW8dFmxtJHWcVx8vQ
969,969,get,zero____,____1157,
607,607,insert,zero____,____4058,hmZsABlvkBPpfJJ2sGtrD3lxk0yOekTtckglTJWhesYRyvZpIA
607,607,get,three___,_____648,
571,571,insert,one_____,____3878,zc0Se4uU5zGBGqWTQ8bqAgnTi2wMl9UdA
607,607,get,three___,______15,
691,691,insert,three___,____4470,uyUG7ye2xjmvLKzp7PqTk0b6sWZW3ELlc681J3oresSqjgFpnySjS0qr0tLfN
703,703,insert,four____,____4529,G8sdK3RJ8zIO5xmj8WPRURPkq1b2wV9awfcoov10zSkxYsuGG0
691,691,insert,three___,____4471,wzvKT0uxTz6nTAyJ4VKaU0bGOXrPXkksYshRsMmqGo1ijd4QfC1z
672,672,get,one_____,____2373,
597,597,insert,four____,____4007,RgxHIE2JeSTWdWsjxMgKFiGKEp2rjX3lETsb4ALePdmP5
895,895,get,three___,____2454,
483,483,get,four____,____1234,
787,787,get,zero____,____2501,
969,969,insert,one_____,____5822,g2x0hu2p57j81X0I79GJF6cku9Yf4d3bwwwernJRFfa32ceyvvE54Aw8KbwmSA
763,763,insert,four____,____4823,3RMjsETDyBtdrXuWpdCiNQB15zeDBbo7MCs0Mw1RYGspcMz1miweV1R3ZiSCU
978,978,get,two_____,____5522,
836,836,get,one_____,_____395,
924,924,get,one_____,_____505,
483,483,insert,one_____,____3430,l6MSpruWIc82AOpHMpgP5esjGXHBt9R8Y
703,703,get,zero____,____3246,
483,483,get,zero____,_____320,
703,703,get,three___,____1830,
640,640,get,three___,____3093,
776,776,get,four____,____2592,
607,607,get,two_____,____2845,
730,730,commit,,,
569,569,get,three___,_____276,
691,691,commit,,,
570,570,insert,three___,____3870,5EM4aMQJAbKF7dj067adrZ2r3argF27NDbDq
971,971,get,zero____,____4667,
569,569,get,four____,____1133,
569,569,get,one_____,____1953,
483,483,insert,four____,____3431,byZubFM8RcDkeB6dPAWHHI4vqjetEecjmU0heYaNSF6YW6
764,764,insert,one_____,____4827,K9dKQbeRzqdohYtrcf6sYxq31BhXat7QO8BBK4DLF8hncz1UhADTvCgXW0
870,870,insert,two_____,____5330,LBeJP19HriI1GrnuievmvfCiumhIBMju
672,672,get,two_____,____3610,
895,895,get,two_____,____1284,
706,706,get,one_____,____3794,
570,570,get,three___,______50,
632,632,insert,three___,____4204,aaXaF8nA8G6Tfq4y2Ug908jK9UpcJJwMrVILdUKrN7M
783,783,get,four____,____1766,
625,625,get,three___,____4067,
607,607,get,two_____,____2407,
706,706,get,four____,____2813,
483,483,get,zero____,_____620,
706,706,get,zero____,____3137,
759,759,insert,zero____,____4798,1ZIXMATVsQ7dHZ0VVFhMvV5emja2Dhhe0HwUEuV22z0F0EG
632,632,insert,one_____,____4205,1fShuJoYO9AeG06wTbjwTEb8QHHLg3zNdR0kXyHki
570,570,insert,one_____,____3871,5abstMVTcfbK24H7nxmFiUhWUskG7QOPTz0NIs3o6ZaX4XTKGdCH
704,704,insert,two_____,____4534,f3dTRt4lylDeL8L7VnOV7XAcvwvweTUXVph
763,763,insert,two_____,____4824,0S6doWqeRRK8HVK53TtX0JOICgDZ2wOmQejs1NzfTXtctB
836,836,insert,one_____,____5174,spVXHCXGK1Pf0jDV3DiTqKG6rgC425uRsi7IKXNGC
640,640,insert,one_____,____4246,UT4xbSc3d33caVVmwPCPIQg1QW5YuL5p
836,836,insert,one_____,____5175,jbwAx4alZH2oleDAf7JCKfRb5cUkJOo8uIitUF4iT95L6fv3
781,781,get,one_____,____1558,
576,576,insert,one_____,____3902,2HChdzQPqY5F1lloSKoNSN3vCytDNVq3
763,763,commit,,,
781,781,get,two_____,____1165,
982,982,insert,zero____,____5880,xUdj0s9noXnKPYIEOsVMkrVLQDQ7MjR63esD00s
640,640,insert,zero____,____4247,6mBNbRLeZQgAbWJCsSXjaIIWuct2k9V72Nsgl4MnzNK
633,633,get,three___,____3531,
569,569,get,three___,_____874,
576,576,insert,three___,____3903,zu8CcdeNXZDcuGWHvTLZzswCKYTXQxi78VlIrLfi2DJwbHk2wwO1G2gDK
625,625,commit,,,
982,982,insert,three___,____5881,cff5uDCzb5ICeBerUEkzmJFFQJwF9mEQMV5KfCC0XyGgebSr
668,668,insert,zero____,____4363,XhDDVqjmr7KyZ4pF5xAZStkiIiXLOMXi6HYNY7PgwD8ttPehLeYvFAbhZs3FF4j9
727,727,get,three___,____4165,
703,703,insert,one_____,____4530,yDO1hAFo8rLNTuMpMLhMARoQ1ckD3POqU8g3zePsqf8wMQP4oBIJhhSgVbnf
576,576,insert,zero____,____3904,LCDw9UCr9xNaFcqK5QDPnagCHfknIG21t9L
867,867,insert,two_____,____5322,0WQfc0V7o1RtLzu4KgZgf2GZZnGcYEIXCajhOgLWrjs4ypFFp3
672,672,insert,three___,____4386,zOCJvTvZP56yWKUa77YTqVOPvS1gdAb4GAnxjVDO2phIlG
982,982,get,three___,____3645,
627,627,get,two_____,____4163,
944,944,get,four____,____2556,
992,992,get,zero____,____1473,
706,706,insert,three___,____4547,PcPdkGRQO1omqKMk2Stl1lWFZQP4U5HSwtQ5MM
660,660,commit,,,
783,783,get,three___,____2550,
627,627,get,one_____,____1948,
895,895,commit,,,
836,836,get,zero____,_____697,
640,640,get,one_____,____1835,
483,483,commit,,,
640,640,insert,one_____,____4248,qZ408Q6zYLixUaOu0jxfigdeL5fXuSVHMPNfpAHfVVt3o78D
832,832,get,four____,____4332,
737,737,get,four____,____4666,
640,640,get,one_____,____2437,
724,724,get,one_____,______89,
571,571,commit,,,
944,944,insert,one_____,____5695,wHlWsrAGbJincwoB6iqiMdi2PclTgd8FJLSSXSjNM01LUVpNP1Bs7P99mh7me
592,592,get,one_____,_____407,
706,706,insert,three___,____4548,uUMtHO2lM4431XQGGSPnJDzY68f2ObWucI2KfYSDEkk6BVbBb
633,633,insert,two_____,____4208,RyxGF08PIbsPrs0gkPnflJ4U11Q2lqaS3TxSkoENT4eXi880
704,704,get,zero____,____1644,
836,836,get,zero____,____2409,
924,924,get,three___,____2498,
971,971,get,one_____,_____323,
559,559,get,zero____,_____620,
764,764,get,two_____,____1752,
768,768,get,zero____,____3970,
712,712,get,three___,_____466,
842,842,get,three___,____4166,
737,737,insert,two_____,____4701,xUyeGxbmceAOQeuzNqMRJVNrtUMXOfQIyu0qh0Ay7G
614,614,get,four____,____3877,
686,686,insert,two_____,____4446,N4mgmZNGOAnCD0MWzxWKbIfzxyftxyo0nHWxnOkrAqAfhjwfDW45
704,704,get,four____,____2545,
576,576,commit,,,
592,592,get,three___,____3228,
712,712,get,two_____,_____523,
759,759,insert,zero____,____4799,RoIDPoOFzfjBf7hAFldmHMfClUbgr29lROOhRGX9ww8eC9buC8
733,733,insert,one_____,____4681,nWdrd6n9PtASxhzI8frMbdagwhYh7cQr8IxhOVK8aTaBCCxwVCcV0WnAOhi
712,712,get,four____,____2570,
737,737,insert,four____,____4702,cCyTa5vcHYnY70Zc2c2KtwiwmiUP0FUDDwPqauLQixiZF7S4m5
836,836,insert,two_____,____5176,qXHqZAwVu2VT2rDfdT2Suw3RmRrsabLCx
627,627,insert,two_____,____4178,7uae6AHJLUlKMxKwJw7IDCQ6nbfz8LfYhbV5TXbBWbH
559,559,insert,zero____,____3824,qbcPmLZiuFCDwOZELDAgqb4wtK6n81cx0vVqkqL2c3slCDLlQr4ldkq
704,704,get,zero____,____1582,
737,737,commit,,,
733,733,get,three___,____1858,
704,704,insert,two_____,____4535,cMpCc6l41VvUNrgyoFKQCIiqMysRBtsq0JVVPEY5Ly3lynqrBzhhxPO
759,759,insert,four____,____4800,b7e9tJwwd1vjaAHKmxhtKYs5mtveOyvrjN08Dt4YzX4TcLhJ
759,759,commit,,,
831,831,get,three___,____1969,
978,978,get,two_____,____2347,
867,867,get,three___,____2404,
764,764,insert,three___,____4828,QleIVkC5mZyVDIJlPnVkXjRsN9LeKRDGD1FbyxxO8G6w1fMGXgTWtWWf6OJWBvF
592,592,commit,,,
632,632,insert,four____,____4206,KeFz943mVKhAZpUfY7E4rlXCfp12OMzo7HBZUKn0
569,569,get,zero____,____3085,
570,570,insert,four____,____3872,EaMmVv5oZ2pT6jVXfDEQr5xpHcECOJHHwG8aqdeS5F
724,724,commit,,,
672,672,commit,,,
768,768,get,two_____,_____609,
654,654,get,four____,____1729,
924,924,insert,two_____,____5584,grZ03ditfuX1qUVytnbekzj4E88BeufR95tkH1upIigQylVxtD1Ye
559,559,commit,,,
978,978,get,zero____,____1870,
574,574,get,four____,____3821,
904,904,get,zero____,____3483,
999,999,get,one_____,____3823,
665,665,get,two_____,____3991,
488,488,get,zero____,_____320,
488,488,get,zero____,____2835,
768,768,get,one_____,____2207,
871,871,get,zero____,____1384,
870,870,insert,one_____,____5331,qXXpYcxWKJRZdwV3TErPignMyli03ffAhXt1MSFY7LcJFmX24kPz
614,614,commit,,,
686,686,get,three___,____1227,
488,488,get,zero____,____2967,
787,787,insert,two_____,____4934,YF8fi4vaGUNFttsiOVTPq2AahYYNzVRkPpBPSrNyBMw2ITIZERte1m
835,835,get,three___,____1589,
607,607,get,one_____,_____737,
781,781,get,three___,____3912,
904,904,get,four____,_____899,
764,764,insert,zero____,____4829,B1yEH0bI2jjay4EJsngxpOK4FCJk8LEK9qjkEkIjkO5lSfDwC5VZNyeo4
781,781,get,four____,____1944,
706,706,commit,,,
867,867,get,zero____,____3860,
871,871,insert,one_____,____5333,x3MfRXRGzjLhnxllCP43CeCSDrGnyJnAEyMxgGAe3Al
704,704,commit,,,
933,933,get,zero____,____1771,
733,733,commit,,,
569,569,insert,four____,____3867,8HyYsRlhMZenidW6JgcoijiJIVre9WxTUSQob8FO6W
668,668,insert,two_____,____4364,TxYNBKSXVVCPajxVhpv7pZo7M7EusO4s6GEE
665,665,get,one_____,____3957,
703,703,commit,,,
488,488,commit,,,
570,570,get,four____,_____986,
978,978,get,four____,____1151,
570,570,get,three___,____2679,
720,720,get,zero____,____4097,
999,999,insert,four____,____5957,91lfb1TUgfmJReoGtoeibbCmYOo76PYMJvLXMifFL8MqpwfKDpCVT
781,781,get,zero____,____2728,
712,712,insert,two_____,____4582,TBxBdsCIY65pmeL2Xn56nLI6JaYVbcoGDTS
588,588,get,zero____,____3904,
597,597,get,one_____,____3614,
654,654,get,four____,____2475,
978,978,get,three___,____2069,
978,978,insert,one_____,____5864,Bt5kIBGps1vjYYJOaQYDMyTSzWCt2j3Wv9zvrj9PIa9sT1HGDTbL
633,633,get,four____,____3252,
781,781,insert,one_____,____4908,Vk5rj4fYQUpKa0SgnbVBT5fSTowluxfHQsjZZvpr0alARgyum
937,937,get,one_____,____4527,
712,712,get,three___,____2729,
999,999,insert,four____,____5958,qw7LDEb5nvUuMNfrOEDs3EfLx60HpOCCHyjX20GwSBH
842,842,get,one_____,____3174,
607,607,insert,two_____,____4059,LGFwPGFWPY3x2rMyp2ekwPRgBjM4qAtwiDrDS
654,654,insert,zero____,____4304,KJdWKIq3JyhlkZihiZxsh4yEVKegQnJfYJlcH4f
719,719,get,two_____,_____686,
588,588,insert,three___,____3972,nvbcnvPCJFkCk0nSAadP7zcYNz8u2RS29KLar
719,719,get,three___,____2734,
785,785,get,two_____,____2360,
870,870,get,zero____,____1586,
719,719,insert,zero____,____4620,jhFW0yh6vpbEwXKJninfcZgvvz2N4lSXleok9
607,607,commit,,,
569,569,insert,four____,____3868,clQE9lyggOFtXoEKPSJGZgySAJeCTM2RxJYKsFZPNWP
584,584,get,four____,____3822,
686,686,get,three___,____2001,
584,584,get,zero____,____1762,
809,809,get,four____,____4666,
809,809,get,two_____,_____233,
627,627,get,four____,_____280,
632,632,get,three___,____2850,
584,584,get,two_____,____2078,
764,764,insert,two_____,____4830,R3YyeHBOKq0dRfKRGLTmBsaMab7lnwT0Pnztc
816,816,get,four____,_____263,
574,574,insert,four____,____3894,4idZDgHYH1lCcJzc0IKd0o1TLZqJmGBJvnAt5swKhADE2gpXuE
695,695,get,zero____,____3806,
831,831,commit,,,
569,569,commit,,,
807,807,get,four____,____2813,
712,712,commit,,,
719,719,insert,one_____,____4621,3UaceHBY0Erp28FujzF3lroN157CckVz1fmius4
627,627,get,three___,____1131,
910,910,get,zero____,____4057,
917,917,get,three___,____5156,
799,799,get,zero____,____3455,
719,719,get,two_____,____4154,
773,773,get,four____,____2570,
632,632,get,three___,____3322,
917,917,get,four____,____1934,
574,574,insert,zero____,____3895,w9zK0WbjctniZmLESsMQnkMTUduFu7a78xNZL5PLKx7l
720,720,insert,two_____,____4624,tZn5BFhHFTSNrXKeaXWDj9wzFKRriDwMheIWB5oN1djbn
574,574,insert,one_____,____3896,jhJaQGb2YjOsTlRTXSXCaLUyyy2vVy2KuEW3drB6n97
773,773,get,three___,____3214,
613,613,get,two_____,____3866,
910,910,get,one_____,____1312,
781,781,commit,,,
632,632,get,zero____,_____628,
990,990,get,four____,____4904,
871,871,insert,three___,____5334,9hwwgSV6BQxDYVgcboLoS7GNscmQLGaFsNO
719,719,commit,,,
752,752,get,four____,____4581,
720,720,insert,two_____,____4625,pLyNgv6yGH7y51lwLTm1gvYKWy6g0Y9pNJhvdGVppDLbq6IR
632,632,commit,,,
640,640,insert,four____,____4249,O6ZXB8sSqoZ5MzYkO5BvMNS8sFvH7Q9wV12Zaqcci4TN
837,837,get,three___,____3454,
978,978,get,three___,_____706,
916,916,get,four____,____4096,
867,867,commit,,,
585,585,get,zero____,____3451,
917,917,get,two_____,____1760,
588,588,get,zero____,____3906,
773,773,get,three___,____3663,
584,584,get,one_____,_____780,
936,936,get,two_____,____5322,
585,585,get,four____,____1127,
585,585,get,one_____,____1293,
596,596,get,one_____,_____407,
584,584,insert,four____,____3948,RTQYtRdzg8wyLS6uRYAMR59K30IykDOBbsOqD0hTHtm1hVpwIznLSrxlyTM
597,597,insert,three___,____4008,8JXaEA5MkkhQZINRwT0yycNCa1WXhCD9TXY
816,816,get,zero____,____2202,
597,597,insert,four____,____4009,zf0H75TLk3y8rfcN4xN1VkKfulZL30fAhBU5rc29mUYFOLQalXSlfw
665,665,insert,two_____,____4351,4KsBbirhdaRqP8WGZd5RYvv3yGWuDCQzBjcyw8dNmT8ao6
654,654,insert,zero____,____4305,7Tlyqf1HomPs5OBzDtZJFDofDKWn4zTLa0AJYC
925,925,get,two_____,_____523,
816,816,get,zero____,____4058,
749,749,get,two_____,____2845,
835,835,insert,one_____,____5173,auuYQJetzZrB9cbn6pY2yiUWnyK4mfbz5f9EyyCfNLi6eu3uUFmcUC4y
910,910,insert,one_____,____5513,2Nsn0ZdxyG5LMZjgFxhTx1AJuJynhneyaPPGWMymjYDgP
809,809,get,four____,____2377,
910,910,get,two_____,____1660,
633,633,get,zero____,_____320,
650,650,get,one_____,____2081,
836,836,get,three___,____4204,
650,650,get,two_____,_____650,
925,925,insert,zero____,____5590,DwfV6IFup3subSUpZCxIJisT5So5P5YjwJENchkYO2iO5rjbsFurRCmVJk
585,585,insert,four____,____3951,knmYXKVF86goxB3D3MG33xvj72fzcXHk8HGtnTm4aGy
640,640,insert,four____,____4250,thCNjmdrqGmD6ka5qoBK1kLy0ISPUf3Yr
772,772,get,four____,____4618,
787,787,insert,three___,____4935,Q8C6VsJkjIw2SA0qpxbktt4x9atT5BLnNTbdgfFKuz7b3r2tCCobnd94DJ
588,588,get,one_____,____2526,
809,809,get,three___,____1062,
584,584,get,four____,____1228,
627,627,insert,zero____,____4179,YrzbyyceHTEuwylVZtOUdzOm4we9AWXB2QG3YpHmdq9Eh79nw65IJ
613,613,get,zero____,____1524,
686,686,insert,two_____,____4447,DAn67a6PBNPsJt0IpI5Kfj3BGtPIqnrxAug0B2PBhUkEdRebLbnstJsm6JQW
768,768,insert,two_____,____4851,U4afVoHgSUtBCx20xAJardoonbEHa0n1zO3qcJzHFJcUcd1eq
574,574,get,three___,____2689,
990,990,insert,four____,____5922,MKDmKwhcOezIi2yd2XPLKk0WRbmF4a7YA6rMUHw6Z59RXiyd1TYEuK
574,574,commit,,,
637,637,get,four____,____4206,
816,816,get,zero____,____1873,
902,902,get,three___,____3692,
835,835,get,one_____,____1342,
837,837,insert,four____,____5181,8xtZjCHauaJ7tG3gh1zNuW9mg1gOrnhSsELymIom
584,584,commit,,,
871,871,get,one_____,____1265,
633,633,get,zero____,____1987,
816,816,insert,four____,____5084,8gVAo9AsKsRvT9XBhHKZbKCfbzshXh3TMTayrWx8XX1H1cbncc7dTd
917,917,get,zero____,____2394,
835,835,commit,,,
916,916,insert,one_____,____5543,84rGh9YcK278R68BqWTI7EAbIQszc0ah8gpr0dciA0bWezq0kWu7co6rB
640,640,commit,,,
673,673,get,four____,____2772,
686,686,insert,two_____,____4448,vv6AnUNpQHVTs3g8oNBfLWMNLdiW2njGj84hfFG865SRmHAKW
627,627,insert,four____,____4180,n35JK653M8O6r8EG7IDWwUis09wT13lnv78
725,725,get,four____,____3948,
990,990,insert,three___,____5923,sWuc8sEmhKDlGOCkEVEFx0sv0rVWRNHNE7vBv71V4
773,773,insert,two_____,____4874,UEyDMrqSaUuTR5grqGcq2xUYJusAlg7xQ5eeignWUeyVRrFykr7RyIZH
665,665,get,three___,_____277,
837,837,insert,three___,____5182,X5rCLXG3NxMmJKevunfBiORZ1nSBIpJEPZqbvBlXhIkJj0uYivCgU
807,807,insert,one_____,____5041,cc6DoICeXhtJ3KCa1oks35bbH0tHA3UUXH9KmcLqdzDr5STzrN8
836,836,commit,,,
570,570,insert,three___,____3873,0RdNUtffpZ2zcTNBVEDGPjZoCtyArJDYuVLvOXqaa4XLErQLo3cmorvkXRj6
585,585,insert,two_____,____3952,Z1URiYO9XZkmSHaR4meqks82m5va6TDjHvM3OXg
637,637,get,three___,____2573,
725,725,insert,zero____,____4644,jeD6U2ZO3UHnND7UuB9KAhvWaZ3e2GDNsGqxZ
799,799,get,zero____,____3567,
593,593,get,zero____,____3891,
787,787,insert,four____,____4936,npSyInIoSuQxB3shYHX4Pz1XP0MMl0XRhk6P6
725,725,insert,three___,____4645,avQcXkfgxAwn9Q7cRsmSTIB8GCZot4mwYrc4eJUEBbaU9XLN
957,957,get,zero____,____2728,
985,985,get,zero____,____5158,
596,596,get,four____,______29,
637,637,insert,two_____,____4228,mx7D1TpzWmwo22vIVwyUcGdrEDSjDGVAxFd38WurVyUWbheZ3SvspTN0XYHyZ6
708,708,get,one_____,_____780,
853,853,get,one_____,____2049,
799,799,insert,zero____,____4999,VXhbKoTJVM7K04RGfQGurwZb8GQXyLEJvOsVtnjVacL2klahNUs
596,596,insert,two_____,____4003,vKs4bLVtKT3tKA1dA88hsUCbf3ME1Bais1uliL
917,917,insert,zero____,____5544,y4qkP6nRPBLmXcIfr9dDxF1uz3Luvr8llGHdNFsug
917,917,get,two_____,_____982,
764,764,insert,four____,____4831,FhtW6r7jHdx0iuFjPQGUDKAU6cIdLbRtoo7ObrVURJdssQ7UIBXJzhvKqLxtdoI3
807,807,get,zero____,____4187,
637,637,get,one_____,____1064,
816,816,insert,four____,____5085,3HDOUV4ivk5BNN2QCEb5QwrnDR79NmJpSlKwiWEeAHecFrnz6k8hRxoQHXkktP6D
764,764,insert,one_____,____4832,Eab1weeRfWTfXMr4Sa3na0AlxHQpg58wVaYK8gNBlXDHUGIV64gy
631,631,get,four____,____3822,
657,657,get,four____,____3821,
853,853,insert,three___,____5256,44240Rk34bU1QU01XtL3oFtDb1MYDf81dOl3
772,772,get,one_____,____2980,
936,936,insert,zero____,____5652,lfT2B8xp1JMQP9gOFUPII7JgMs73LinVNR7RJxAHbJP3Tn54
917,917,insert,one_____,____5545,0FUoVnpGD1SoyGGvQTil1f055VmFvvW29
871,871,get,three___,____3037,
787,787,commit,,,
593,593,get,one_____,____3554,
686,686,get,zero____,____2459,
650,650,commit,,,
775,775,get,three___,____1858,
773,773,insert,zero____,____4875,0HHWyCa7orujHVZvTsatm8JXZCEa8e8bM840hMLpQwW
913,913,get,zero____,____3944,
654,654,get,four____,_____946,
990,990,get,three___,____3006,
613,613,get,three___,_____723,
613,613,insert,zero____,____4089,ftO5L7uJ7COqQ9fOyqkRQU1F2jiTzyouNT9dgp
917,917,get,one_____,____3430,
869,869,get,three___,____4290,
957,957,insert,two_____,____5764,OWHKkTwCpZ5E66Audqx9Z3AsoxaGBkRz4
725,725,insert,four____,____4646,lcgRLQCoum8LDS7ZwZnFUk4fg8A9hNUEX6VEOfpRQRtFKALoo2
593,593,get,two_____,____2074,
925,925,insert,two_____,____5591,WYjAhLg0VlhsiNO9lKzh5eqDqzh0uaGiSTcxK3GQ
985,985,insert,three___,____5894,HluFpKTduSvpBtXeHuANM5BgzQis0hn4eniHJlU
990,990,commit,,,
869,869,insert,one_____,____5326,ObBJ0ACRO9B30SI6cq219JbsYgJMYfhr
597,597,commit,,,
686,686,insert,two_____,____4449,JfMklY0QhEyZugDiRGbP0eTPfM57X8CUQF9QcIibD
720,720,get,zero____,____2690,
603,603,get,four____,____4007,
837,837,get,zero____,____5157,
807,807,insert,zero____,____5042,x01aphDmloQcNbBqB5ASo7yxc32ZIKG7MzzM3O7jqIkJfCNnk
772,772,get,three___,____2892,
925,925,insert,two_____,____5592,z04LmIRtfwM5vrlo3Afq30opu1TAFqmFmaYjKfj71oTlEmwaxVon
593,593,insert,two_____,____3993,IEGeWSGpLoHKvzEEeT6hKkKpAq0u7YAD3tshTaZ389Ssg413zWC5
936,936,insert,zero____,____5653,4XHya5OUBltk453of5FZWYckO1q3ZC36a5STiDeE
603,603,commit,,,
799,799,commit,,,
853,853,insert,three___,____5257,8Lb42CYPQmGLTysd7EcnIKcLmV9K6G5xo3XObX44Dxd
817,817,get,zero____,____4006,
627,627,commit,,,
869,869,insert,three___,____5327,5ZALjaD9abTyHGXHhUbRB8hKsCsB3YW6kzij4W74eCG5iWpqJFE8
635,635,get,four____,____4007,
766,766,get,three___,______24,
690,690,get,four____,____2282,
673,673,get,two_____,____4018,
901,901,get,four____,____4175,
637,637,insert,zero____,____4229,PqIeJ3xSz4ZBGZ3TFfVp6kFQgGLDOcPPth6ZT2CIoFoI3pc0VfLKhs1
978,978,get,one_____,_____658,
817,817,get,zero____,____2650,
668,668,get,zero____,____3035,
637,637,insert,one_____,____4230,5jIQBMzkWejcaHYkwdn2VZ7irE5ARyMnK4yxHjIeTs
749,749,insert,four____,____4749,newOxXcQNovtoaIhNiO2DMy8XmYUc0nNeopFKSeOTCN
593,593,get,four____,____3519,
690,690,get,two_____,_____192,
766,766,get,three___,____2418,
585,585,insert,four____,____3953,4l3JnQ35UGGDaFzZ53DtIhhsBvgGb7oqNCHXy51jaEwpXy0p3JG0jBJ
686,686,insert,three___,____4450,sb645GvBBOW7T9ZCbqYM6umiWYYDXiMBROHz
913,913,get,two_____,____1508,
631,631,commit,,,
888,888,get,four____,____2666,
871,871,insert,zero____,____5335,uBJZ1lux2JGaJwHwRwuEPwwP9Bo1qYw5OM4yv4GgQaAHQ78iQY872rg8jjAxEVg
917,917,commit,,,
596,596,insert,one_____,____4004,0gaRzVDg9iNj1RrCNkF9Ss9f1vB6MtYAWvkzuZMJjCaNDGm9uzHlHfZZDTiDrW
668,668,get,one_____,____1100,
673,673,get,one_____,____2539,
910,910,insert,four____,____5514,Y5pCMOLFIAIA9F3NZ8Zn2fKJgjBmcLYPjggFlo0JopOKM65Nbf4
764,764,commit,,,
817,817,insert,three___,____5088,dmeCRjJGoXamVgaHU94kzu6aZ0GId0uQa63DbeNURkk
814,814,get,one_____,____4413,
871,871,get,zero____,____2718,
585,585,commit,,,
588,588,insert,four____,____3973,QC80VvDnNNSTb8LGuOu10pLJNFO7PGNcPtrjoasb8
837,837,get,one_____,____1258,
673,673,get,one_____,_____125,
637,637,insert,one_____,____4231,dGU13znkB3V7xqBMaVPBpQiIj0lrdjCkZTEBvy3AqDSp
690,690,get,four____,____3122,
637,637,get,one_____,_____718,
588,588,commit,,,
690,690,get,one_____,____4205,
773,773,get,three___,____2884,
773,773,get,zero____,____1605,
613,613,insert,three___,____4090,lSfBXtstBlWtBpmZPXrm9Wdn6jjuyhpHw9bSotvz
654,654,get,one_____,____3255,
686,686,get,two_____,____3635,
913,913,get,four____,______49,
570,570,insert,two_____,____3874,O0CQS8ceWvHiSJGYpU5FAu5BbdrMdNnrmuaOiKQl5EphWJ4Kq0D3PDE6we
773,773,get,zero____,____2011,
853,853,get,zero____,_____592,
768,768,insert,one_____,____4852,1vqNX6coHDYGS4QFIJV7HAFMTlIZ035imuWhvPxcS
593,593,get,two_____,_____121,
695,695,get,zero____,____3397,
589,589,get,zero____,____3904,
853,853,get,zero____,____2534,
601,601,get,zero____,____3892,
923,923,get,three___,____3972,
589,589,insert,one_____,____3980,1RcmHH47MT91JWNrnwVxTlu5JG95HeDY
772,772,insert,three___,____4873,afy4WNuR7wTm4Wq6TFML9oGr463DxgL9vYvFMupSvH
775,775,get,two_____,____1115,
807,807,insert,one_____,____5043,opLWaDotcdmWSAHrQygbyWzGSgsceplU
888,888,insert,zero____,____5415,t9U4j1J3Ew5RwM5m0Tg1ZEE1VH1IjXtM80
772,772,commit,,,
589,589,get,two_____,____3551,
817,817,insert,zero____,____5089,ffa37myxlhqc3IGoX5fgvgYNIgugwB9omS5AbIB
853,853,get,four____,____1863,
927,927,get,three___,____4871,
902,902,get,zero____,_____210,
814,814,get,zero____,____2512,
686,686,commit,,,
848,848,get,zero____,____3455,
816,816,get,zero____,____4512,
910,910,insert,one_____,____5515,2gdsv2LG4IvLtvraNX7OuKxfOpWwVWniYFQADNkqidxRYACpfVS
817,817,insert,one_____,____5090,oUZ3Ua2Uf26Li2gcGanvRuf4iOUkNj1CuXQhv2bydzZI7GS4o39jIP
637,637,insert,one_____,____4232,uIjZUI5FD6pOMnk4gKJdsqUZEAppgpZBhdVDRBHNfA0c
657,657,insert,one_____,____4314,0BKn3KSeoYRICTBOaX89Nr9MnvDORiGfm8IDQckygrLI0qS4VCP5fhSlIKUuZk
668,668,get,two_____,____3121,
570,570,commit,,,
978,978,commit,,,
837,837,get,four____,____1030,
807,807,get,two_____,____3657,
613,613,insert,three___,____4091,ufydNcAPrmU4GVl7DTHWLW3lO7mhFrF3nxyffq7
633,633,get,three___,____1369,
817,817,insert,three___,____5091,SVasWSsfojKwkDqQyaANeJ1WaJ2Hu1yHdPWSmWq85ejYc
773,773,insert,three___,____4876,WVCr2U3IrE0Km7Hz9TVYFx9E0Hj3B4WUn91U8mOGl0IiPZe5hJoUz0V
708,708,insert,three___,____4559,jWobicAxVailE0Vc96NLVcuSMELf2NSoCRGsO5IfezUA9rq
589,589,get,two_____,_____967,
894,894,get,one_____,____4185,
673,673,commit,,,
904,904,insert,zero____,____5486,ccboAwWYyk1FOTv9I22IVBSgTfXt1GOz8QFxac8rCTOUjKnIMdj
635,635,insert,three___,____4219,fKqQDPtgtIMtEtzBRmzQ8f90nSEItoHOSikovFe8Lmg8URltUUIg1DFPCU81A9
749,749,get,two_____,____1764,
689,689,get,four____,_____417,
657,657,insert,one_____,____4315,VLCSnJZSha4Ubj9F7UCU1kWfKVG08RHME3IVvsO54NBKo1aFP7vTF8NSgphsX7s
635,635,get,three___,____3735,
768,768,commit,,,
817,817,insert,one_____,____5092,emMK7L1Cabhuhw99E25oXchxltLWMPZOBq1LyvzBctTJL3F8rRdpTuhb
774,774,get,zero____,____3970,
708,708,insert,three___,____4560,J5ghioebpIBAkiRkMLET1snwN10fXhtadbsI5xodeGrW11T7pOFCnK
690,690,insert,two_____,____4464,sEkQ5kZRQcOkW98yghOXnvmYIx3YwLvnVVCHa1RyvKslRB
814,814,get,four____,_____585,
888,888,insert,three___,____5416,RfWfHXvCRqEmWFtaXaRY3a0wkL47vQBCqx03J7Awt4pGSKgXS7MzN7oZ4loDjFD
689,689,get,zero____,____1641,
871,871,insert,four____,____5336,M28lANu9Den0gveQOpBpRk2ZV2cZKyN3lwTwqoOYoOrIVBCYZ6HeQL
775,775,get,four____,____1836,
654,654,insert,two_____,____4306,rC5goLqjlXrj1SnwHUuTjFzG4IdiFTbLcG
695,695,get,four____,____2256,
925,925,insert,zero____,____5593,214yBBRICcSm4Kn7O9seMfBnz5sNIFjxn4axa9lE19aqoRhuf14kPp
593,593,insert,three___,____3994,fym2pOgMlNVZrmzh9CKIlCldO0SDQt50Z
775,775,insert,two_____,____4881,MV6ogpHT4SbE2fUgWCgDKg3sC1iWvO0pBnlDHakihfJRiDx2GAGIoaUtlw
633,633,insert,three___,____4209,gjMacA4kufFb3BS1emKNP44XgtN5p0zE
635,635,insert,two_____,____4220,EMRgesE39ef54IazxCktQyynH3rpF0N13Z4Ke4eRtZdNAqjtLiGfgU7OpgsRtg5i
869,869,insert,one_____,____5328,RZv7JDGbQbhaJ6bXubOMPX8L0gFF3vcU3oUs
711,711,get,two_____,____4446,
708,708,get,three___,____3908,
637,637,commit,,,
923,923,insert,zero____,____5580,IyhbT2aWeGVziQ2Um3NtW5iZrFFWYYPKRq3mMYgl8vCES8
598,598,get,two_____,____3869,
774,774,get,zero____,_____749,
701,701,get,zero____,____3451,
904,904,insert,zero____,____5487,0cj9yV0piyp9aSPf6eSrHwEdLwI5A94GihzDl
749,749,get,zero____,____1945,
613,613,get,two_____,_____689,
774,774,get,zero____,____3549,
668,668,commit,,,
601,601,commit,,,
635,635,get,four____,_____443,
829,829,get,two_____,____4850,
814,814,insert,two_____,____5073,ge5S1BG0wGxL7f6Ltwk7KfnPToD27WENG95iNvnsJxN
817,817,insert,zero____,____5093,ewRjfOdrkKbOhb1I0VoazMiyooIfbFL8fjnRnysFM7611NRHTSM1OW
589,589,commit,,,
837,837,commit,,,
858,858,get,zero____,____2409,
817,817,insert,three___,____5094,Cr5kHmHYMwCAv9xMmub6niZNzAw12L4IgMJWIT4jndF99SaywEcQS
871,871,commit,,,
613,613,insert,three___,____4092,28teOfeuWc7WpCA8kdWoGRTTq4pfNLfdXFhp
779,779,get,three___,____4387,
848,848,get,one_____,____4170,
923,923,insert,one_____,____5581,cv1cm01i0IF3ka4sq3vclXwA45oLGW7ftwfJv8nMpR7VC2
612,612,get,two_____,____3805,
779,779,get,zero____,____2363,
598,598,get,zero____,_____285,
711,711,get,four____,_____838,
633,633,insert,three___,____4210,o43FkEve8VjJSwL6P0ZXi9fnP2EL3DWjx
613,613,insert,three___,____4093,whxaPrl3Egp1jYtNVGUH5mgNSbfZnPFZsvR5PeKR1NewuU
736,736,get,one_____,____2184,
923,923,get,two_____,____3754,
858,858,insert,one_____,____5282,V1iEinpn81u72J6PKuCtAUPASUWRW3KcuiOoDUhlI1cNCL55
848,848,insert,one_____,____5232,MN1VNCfLjVcsNA4bDbFYO1V8pe88lb5TgSGHxIy
654,654,commit,,,
814,814,get,one_____,____1802,
902,902,insert,three___,____5473,9YCA9NXFoFQWLGJRw9t6EQR7LbEL6ANscW7AISqKuG0
894,894,insert,zero____,____5443,ifkX7kr5lq04nGUx6b0BfpOsWsEVt2AvgpZq3cyiPtCmIhKsegsbier1Abt4cYw
904,904,get,zero____,____3453,
749,749,insert,four____,____4750,8lFigfqjeU3nD5VEnREmM6uly7oZxwBG3oPRx5byYkhsoXG9GzuwkBS3yIFg
894,894,get,one_____,____1962,
701,701,get,three___,_____508,
702,702,get,one_____,_____718,
972,972,get,one_____,____1208,
635,635,get,one_____,____3765,
775,775,insert,four____,____4882,UBxRHM2BzUoy7mfne3Eg9tnPsouMWiG51M9ngFacGr3oItzI5Kv3I
701,701,get,four____,____3088,
736,736,get,one_____,____1843,
612,612,insert,three___,____4087,NmCa8xh5faGkEi9ZctKC3LH95Y7JnoD3migA8ZANM83hcY
894,894,commit,,,
774,774,commit,,,
701,701,insert,three___,____4520,R9TROjMKUAieAdPkfQw5RSlwRA4V9peyqxL4C
910,910,insert,four____,____5516,cFqhQmSCp0sH6ydBUyr3cRTptX4nRvQdvyrZj2lv8yx9EPmQjwJuvijFXpu3
596,596,commit,,,
807,807,get,zero____,____2400,
630,630,get,three___,____1551,
695,695,get,three___,_____189,
775,775,insert,zero____,____4883,yOTWk7zs4aKjZsITmHItnV0lotrXejkXugCezvjaW2iN9czYbIuUYsA5dxCu
689,689,get,one_____,____1277,
816,816,commit,,,
910,910,commit,,,
711,711,get,four____,____2172,
736,736,insert,zero____,____4696,yRiQjidMqYnMQ0OroFutlgGUPUnic0uL4rQZtPT
613,613,insert,three___,____4094,FJd32BNQTrtzQ0nbLs3MzyAb8Vprtvg806kn7zTyScZlZChr0NCdLlE63F
616,616,get,two_____,____3975,
635,635,insert,two_____,____4221,NwXQDwe1zOGO10TmGSQpyUyQpAsL67RhLJkP3pOeIe1C
630,630,get,one_____,____1659,
600,600,get,two_____,_____967,
814,814,get,zero____,____2761,
807,807,insert,two_____,____5044,cfvXnssVftX8evdgCoGamJsIbQUlMAR1uB6tjQVg8a676w4
779,779,get,zero____,_____495,
600,600,get,three___,____3276,
593,593,get,three___,____3062,
720,720,insert,three___,____4626,JDyAkIxrsi4AohhSYo4KGFlxOymbDLhYDNQJHVbmrY2ADXrkj3QcPIe
613,613,insert,two_____,____4095,iBJFSKR08p2dOYsBOANy72ZhLh4WSG8c8dm
858,858,get,one_____,____1258,
669,669,get,one_____,____4028,
855,855,get,two_____,____4018,
829,829,insert,two_____,____5145,AHaUkK9DEuuD12YbyvQPiXy0EmI7wlXBMUVwel40iusLgaikcoRcchsI4MiYg5sg
635,635,get,zero____,____1129,
855,855,insert,zero____,____5263,pFACUHiogZVF5wOqkOuyVbIih81YFEhyUxPv2mNJcw3f
923,923,get,zero____,____4407,
708,708,insert,zero____,____4561,Mruznkybj5HLybsCwiicsevA3CTbXqF56ljOVFq4EKr2RWWHt
855,855,insert,one_____,____5264,60ycEkbhiEgxL3ZqCHQcblVMLfVg6IY5JkhFGvjgrhVOJGxQ0wW
689,689,insert,three___,____4462,Im6nXhRSu8WiOoLO6pRGVnatmEDYIPBBNsTL6fPiwN91SCsfLaqzz
639,639,get,two_____,____4027,
669,669,insert,two_____,____4371,ITa17J3tt7rW5wx7vl0lLrk9qCD4fYVMIrRX6gggPbZT0GKZDGfHe69BCW7HOLbi
657,657,insert,three___,____4316,72Rk7Get2Wpu0E79oGB1LGHp8TcbmgyySWmqINPNFv0v
749,749,insert,one_____,____4751,zeBBVwtpJX5RhN8wFDJLMvq10wpMdRvIEx
708,708,insert,three___,____4562,Bkj7giY4etXLgexwrxCcFhvvs84TcKOXzMfN7vL0Vn2kQq3j9iV
877,877,get,four____,_____263,
665,665,commit,,,
936,936,insert,zero____,____5654,tEcuxjdWKEC3acXiO313UliNWxUAmmNC2IFtk70LZIf38yinhZlPn
701,701,commit,,,
720,720,commit,,,
814,814,insert,two_____,____5074,wQjd8ClAA4oorJoJabP8tfatiMeHseBp2JPgtHz
853,853,get,two_____,____2410,
635,635,get,three___,____2928,
639,639,get,four____,____3234,
829,829,insert,zero____,____5146,6K8TPxi9Vzf51zuyF6wksCsux01t7BS5klg7tVAKYo5aTUTHDjlrsunn
936,936,insert,zero____,____5655,rlGJNVrz8ePu0299U3yhg0g4Fd3FojjpK9U9WmocFvy71ia7c3jZW
688,688,get,four____,____4026,
936,936,get,zero____,_____917,
855,855,get,one_____,____3878,
613,613,commit,,,
695,695,commit,,,
604,604,get,four____,____1049,
814,814,get,two_____,____3416,
620,620,get,two_____,____3866,
630,630,insert,zero____,____4193,xrObbW2272P3w1nMcWsJn85UZstmWD3JOkQH8uH7WhltmSA
775,775,insert,zero____,____4884,8FMqanpLOw9nrFh4fsDXNBMenXkjcxe1OE
751,751,get,one_____,____3957,
630,630,get,one_____,_____771,
604,604,get,three___,____3415,
688,688,insert,two_____,____4454,52mH9caEGeA34T6DUZwmpXYG8IeoMXT8kH68Z062QsE0R8lCmBDC8xDaW
657,657,get,three___,____4002,
711,711,insert,one_____,____4577,6nIOL4dLixX1wki34bqPSt4WqPqV8YudIhzLiJLYLb6Nm9uT5SwHs2DD3hz
708,708,insert,one_____,____4563,dSntf2u0IsAaWZaczsypG7zVctVYlYfBx7MaUCUZlOKr2XJmvX8
639,639,get,one_____,_____206,
711,711,get,zero____,____4179,
794,794,get,one_____,____2207,
749,749,get,three___,____2271,
829,829,insert,one_____,____5147,ZI4eGNvTKA1N5U1VDY6LZqZ8r5DToIXyw98th2jRNmF
885,885,get,zero____,____4089,
593,593,commit,,,
669,669,insert,four____,____4372,Ejf5Calc2MY99P2tNQoH51Gx9e022HXeWYuzaNnNpBrBgXIm2Ct
877,877,get,four____,______18,
972,972,insert,four____,____5839,r2yfkY1JEQ96HPDwYWLjEuxZUnteaWMdv04OTN6LreO8S2C8iQ7e6Ge9vhi
751,751,get,one_____,_____733,
858,858,get,three___,____3311,
900,900,get,two_____,_____335,
770,770,get,three___,____3994,
616,616,insert,zero____,____4107,3sG5hEkmqIErXklqPWW2RVbdwDGCdrw6aQenAgv0EMQA6pCw4e
633,633,get,four____,____1187,
972,972,insert,two_____,____5840,SLZEJ05XI7jN6mm5upMeeQyJ9SY0k4KnmPoAAM4HO25EmynB97CwG
853,853,get,four____,____1422,
641,641,get,four____,____3519,
657,657,get,one_____,____3605,
600,600,get,four____,____1529,
858,858,get,one_____,____2365,
669,669,get,one_____,_____725,
688,688,get,one_____,____2240,
598,598,insert,two_____,____4010,M3a8j85d7rSTOcrmFvuF5TX1YP5IEqYB8NjRd9OTa0xQ2LrFGZecBXFY
612,612,insert,zero____,____4088,DqJDLSiL4Yrs2HpGcrYPBfsjq8013dfoHMY8ft
674,674,get,three___,____4094,
641,641,insert,zero____,____4251,zN5qBBtVF2wUbd1YZ7faLgsCupGKMb1s9l83
644,644,get,zero____,____1524,
858,858,get,two_____,____3668,
682,682,get,zero____,____3992,
902,902,insert,zero____,____5474,j1Z4UgsxBVIn0QaKVsOfwM5K6XcZTR96M
702,702,insert,two_____,____4524,ZbxiMGXnvIROraw7xN8QMaMR1cbEpK5IUvGEXqy6oDqzowY4Z2fSOj90gH938
604,604,get,three___,____2925,
616,616,insert,zero____,____4108,BmNPNk2vhi7PfhptWYKusU3IzU8SnbIYmKDH
669,669,get,zero____,_____200,
688,688,get,zero____,_____283,
749,749,commit,,,
682,682,insert,two_____,____4429,xmDS5QTHSylvXYN0VduQD4gnrHdDRXj3VOpO8deOW
674,674,insert,four____,____4388,vDz6HoqWcS48HY5tHUcIuYaY86tXPnFIdCTjCaKMH7DNToMslmfNeZLDadSx
902,902,insert,three___,____5475,JsSmzB7ifLs0OWixt0cmV6xxDxqsNqJO1JuM9EQm4udLyiWxdZreDahagZ0qkH
600,600,insert,two_____,____4022,zmzcFl9aA7YWILmzYylVZnIqK2q31IMIXoRHqMfTuC6EvpP3RCo1oeYhPO9lM3
630,630,insert,one_____,____4194,hDj1vpIbEhoz0FMJVKCvGuSuBxw6TowWrjvu17FtYL5r
916,916,get,four____,____2475,
600,600,insert,zero____,____4023,GXUnlnLPaAZcLAeT7W6A0py89JeFTx5PaOgm6oUETAW4aS222Rl
794,794,commit,,,
644,644,insert,four____,____4263,zDLmqgZifhV5N0vZ7w6cwUZU8NFs56sqt1mdGZ25HOUwA
888,888,commit,,,
848,848,insert,one_____,____5233,rfSVVHQFnhPZctXTLT4lVeuM72OVtbJb9ApO9D68l
819,819,get,two_____,_____121,
885,885,insert,four____,____5400,No922KGx1VFPGbHXgm7XuuwIRvhwjYcy1ViODWy2ODo3NPEZKq3GOylE5vKIDe
600,600,get,two_____,____3620,
877,877,insert,four____,____5360,9qULNcVkZdJKP08R2E5DxUsBbV0AfG30Auptxwb5pfET1x
688,688,get,zero____,____3004,
877,877,insert,one_____,____5361,8xh4IsaPsNaO1eexYiSNiu7vtExZdkUaAimuwPhidMxj
897,897,get,two_____,____4095,
807,807,commit,,,
817,817,commit,,,
818,818,get,zero____,____2650,
635,635,commit,,,
897,897,get,three___,_____374,
600,600,get,three___,____3372,
964,964,get,zero____,____5042,
814,814,commit,,,
711,711,insert,three___,____4578,C5mJY3w1h0JZfTp182HlOH93IkLIRtzZnIBvLs1F9GDI
856,856,get,three___,____4973,
641,641,get,zero____,____1982,
825,825,get,three___,____3735,
897,897,insert,one_____,____5456,HBO82ELYHJ5jOssM1V54eNBEKjU8fHyQVX1Lqqc0DnGlWwlY8
818,818,get,three___,____2006,
900,900,get,two_____,____3014,
964,964,insert,four____,____5799,iO1IM1b8N0mtAv6ywJaAn8cPp9sy6sd6jNfci2d
823,823,get,two_____,____3416,
644,644,get,one_____,____1086,
902,902,insert,zero____,____5476,99uKuPxNsKLlj1LA8YL82VDzutrXCU2PJ8OBrvOTT3fspsJuxu7xVvKmJLzQ4L
855,855,insert,two_____,____5265,NHLrWg9DJ9mcSAqc5McS7WQ97rls9xkltHuVAb
657,657,insert,zero____,____4317,ew023BU8JQTnWuryPNjCZ7PGwMi8OxZ5PPYUTeLeT060UN9Pa
821,821,get,one_____,____2207,
819,819,insert,zero____,____5098,3TlHZXFRNSYxjZLuHTjQw52O8hEWAOQcbaCTqHo
821,821,insert,four____,____5105,oS1skT5bAd5MnypTAO7O8fUL0QS8sIJFHJonQz3RK
630,630,insert,one_____,____4195,zOGEWU8GTTsoDqq7uqXJVx2D1CJW4fslq1a
823,823,get,two_____,____3350,
971,971,get,three___,_____508,
902,902,get,four____,____1548,
711,711,get,zero____,____2102,
657,657,insert,two_____,____4318,SeqIA0kYxfMLms9vumBS3cFEWyiB6N5iFwSPuV82DH
853,853,get,zero____,____2660,
853,853,get,one_____,____2476,
825,825,insert,two_____,____5131,7FeGYtR2A7mr1qLHBrwCp3OiXSRQrx293zjixXk6oZ07wFQLH7PWz2kU6c
657,657,commit,,,
644,644,get,one_____,____2265,
689,689,commit,,,
897,897,insert,two_____,____5457,lehwe4scRIjub2pfz6YBWraQdw5jj3MkZNntuD
820,820,get,four____,_____443,
688,688,insert,two_____,____4455,5FqYX3d2SId33KFx7G8v5GXK5oCAarGU17j
604,604,commit,,,
869,869,get,three___,____3032,
971,971,get,three___,_____307,
876,876,get,one_____,____4413,
616,616,insert,one_____,____4109,dcDjA3HhMutpwBnxyTbkiygkwk4YqVn9ePpwMz
616,616,insert,zero____,____4110,iiKVFkR4r7eDlB9Zu71z7020ypSYQqMtX39d
821,821,insert,one_____,____5106,slKhJb1E5f9wfgFQvT6eN6oKwugzfX9Z
855,855,get,zero____,_____255,
634,634,get,zero____,____4043,
848,848,get,zero____,____2740,
825,825,commit,,,
708,708,commit,,,
751,751,get,zero____,____3481,
773,773,get,three___,____3415,
634,634,get,one_____,____4046,
674,674,insert,four____,____4389,v9ZmvSsHbI4UFymrcA0UTX68e46YNdr1J90SklnNl2FFoV5fNB
711,711,insert,three___,____4579,8AeTloI2AVwYiyATz9rd3lte5E2tAlsOvbOVHrKjO7zhmmCA0lMuHU2f2t
972,972,commit,,,
845,845,get,three___,____5091,
600,600,commit,,,
818,818,get,one_____,____1831,
751,751,get,zero____,____4592,
639,639,get,one_____,____1985,
773,773,get,zero____,_____720,
909,909,get,three___,____4316,
682,682,insert,zero____,____4430,xz6w3w37fmXlRGBxvrHprOaOlPNEF299zZ1e8KPS93Ryvdwo0q
736,736,get,four____,____4286,
964,964,insert,one_____,____5800,oonnyaTFP0pI7DKWSwbcXoCdJH8BcIfKfbIJPSDBVVG1YEj1D
751,751,insert,four____,____4757,mFMtw3v2oomII6V1bsebs6IOY8r8H1iXw82aMoW38yUXqL9AdYh2MAs3m
865,865,get,zero____,_____139,
643,643,get,two_____,____3551,
876,876,insert,two_____,____5358,SfE4SYB2RwLU54oUKdOTULP5ReUeFSfS8G9eWtQm8qPSu
702,702,commit,,,
909,909,insert,four____,____5510,Obn5Loe3ZtbcZBiFoBiDzTbUTKmLkkw5VQCkxtrZHB
916,916,get,four____,_____110,
865,865,insert,two_____,____5313,XjYb9Yqq7EMrnjQh281n7N5b5Utn8cm1YCzWa
664,664,get,four____,____1049,
711,711,commit,,,
897,897,get,two_____,____3036,
669,669,insert,one_____,____4373,OseMyJIY3AeoXv4V2oJdP5KpBFMo9ceH0e
778,778,get,four____,____4576,
750,750,get,three___,____3475,
683,683,get,four____,____1529,
820,820,get,two_____,____2155,
616,616,insert,three___,____4111,fHp214erEM3edaclAeYMnPSpkRjMfCeoa
819,819,get,three___,_____106,
902,902,insert,four____,____5477,kIL4ETbnfUN9w7JrUqrRU7uzuOGCJ16CDA30B
624,624,get,three___,____3372,
690,690,get,zero____,_____673,
620,620,insert,one_____,____4135,31GJI1pWlIQP2DYHr09LEC8iqPeKndDJBBZtQUIDZoknrVd7gdgey9tGfo3VnS
669,669,commit,,,
633,633,insert,one_____,____4211,ZO4VccUoh4yTnxHk2FIXrUVD28cSaahNEc2C2qi9axHB
773,773,commit,,,
858,858,commit,,,
641,641,get,two_____,____1714,
639,639,insert,one_____,____4241,imUdQCr6w0ij6xAe89YezICcAiOAjOfkvPMtMHgobuPsr
916,916,commit,,,
962,962,get,four____,____4365,
664,664,get,zero____,_____710,
876,876,commit,,,
598,598,get,zero____,____2984,
877,877,get,four____,____3572,
641,641,get,one_____,____1321,
743,743,get,two_____,____4521,
750,750,get,zero____,____3932,
761,761,get,four____,____4372,
674,674,get,one_____,____1968,
698,698,get,zero____,_____200,
853,853,insert,three___,____5258,zxbsiCEulafGfldHHShepON82LrWOFHUG9wjk
909,909,get,one_____,____2738,
751,751,get,two_____,____2268,
821,821,insert,four____,____5107,zlSD1R0ZQY4uF3JZwTP74HJdZ1r18CklnU5FN18PuPX64
819,819,insert,two_____,____5099,kalFp30TwygBczBknsTvHGcoGHjVuTwAT65LIcG
823,823,insert,one_____,____5118,R5mtJyzsiPUm5EQMtUDvKGW0FfVwvPtU00h2nHd2bT7JxwT93XmLG
598,598,get,one_____,____1106,
616,616,insert,one_____,____4112,oyjiMIkNjoG7iI3ntXDxrf4ZD4OAEIrjQENnhGZZECCwOUHc
726,726,get,four____,____3716,
819,819,get,two_____,____3721,
664,664,insert,three___,____4345,RTIrWc7gCC71KPvEvsqaaAYv5jbon9BZHytRPo5QK3A2B6FGVNaU
821,821,get,two_____,_____732,
641,641,get,two_____,____1916,
971,971,insert,one_____,____5831,TozrVihruKHJNX41vVlnO5m4fLmZaktgj2cT1hsJFN8xLn9jixrjbZA5LN
819,819,get,three___,____2244,
820,820,insert,two_____,____5102,bXs45BW5OnSkjnn1rmnEGBOEHwzEDNRVwbFcwmYDjyjhmECdp3ReVEEKWglynCW
829,829,insert,one_____,____5148,MzxcaPlImgyyOGYYt1aRRkdhY2mRzuXexLj0a7i
818,818,insert,one_____,____5095,mhiirdNU8FiW0Xhx4cGqOtDnUNYkggA6
902,902,get,three___,____1732,
931,931,get,one_____,____4460,
698,698,insert,four____,____4505,fCvB7Qj1GyOWjejJ0WQQlFdPLo1GMZapqKRmrzTnhNzNGHmJ8YmeXkePW5DDxI5
598,598,get,one_____,____2608,
633,633,commit,,,
683,683,commit,,,
856,856,insert,zero____,____5270,Neg0QMTslZrSXkoLeW0XKcchBqd4NlfrRTaxbSht4HTBYTyxdcUfwc65wh9
644,644,get,four____,_____545,
823,823,insert,two_____,____5119,QOdOMhUUB0ekfSRkMf2ZuZQHD9r1Zuccnpyl7d1wxW2t9ECh19h6
819,819,get,zero____,____2100,
909,909,get,one_____,____4098,
856,856,get,four____,____2187,
877,877,get,four____,____4638,
634,634,commit,,,
818,818,get,zero____,____3949,
819,819,get,two_____,____3436,
736,736,get,two_____,____1960,
760,760,get,three___,____4210,
823,823,insert,three___,____5120,AT6ItcZH8lxXUz7P3TSjCazwEtf0jxhzTSlR4zILyxuRv4UOm27gR0OX
760,760,insert,four____,____4801,IrqNVaX7srZTEVWFCYeSyjuEKyI5cR1cfMIql3FhAf8A2wIIba7wKdb3
865,865,insert,three___,____5314,FrK2gP3anorOvhZ0FuQt8pOqtxOEBzoTRp5tHQDhXtGStSB
736,736,get,three___,____3966,
698,698,get,three___,____3763,
674,674,insert,four____,____4390,IHf2hXGaF2PT9eLb1kljOmqez09ztsio7zJpAfXGfALMHYHkJ7HV
964,964,insert,four____,____5801,yR0V800ixRy3fpBRR8XyUSqiu7MhS5sos3
612,612,commit,,,
926,926,get,zero____,____4023,
818,818,insert,zero____,____5096,ggx9DZvwdRCSw07x5LsbXnJjrp1G6Rfd2p9x
778,778,get,one_____,____4663,
931,931,insert,zero____,____5621,WN3V7vMaUeo1TOxiul4m26eoKn0RuNi4
865,865,get,two_____,_____816,
885,885,insert,one_____,____5401,BpQdsM6ScTfpKLwXEpbzTGAABeieJrt7ttBacZ3hv2ukgOvikADZB
971,971,insert,zero____,____5832,WtzKssqiqETYwiM7RRZwtlyWnKKhdYRTffReToXggO4K583U
897,897,commit,,,
641,641,get,zero____,____1631,
639,639,insert,one_____,____4242,Ob7EBPMTFmhGTyHAYlVJ0GxOEnDztpBkJ7JDQyCMKEQ8eBsVzrRmDtaFjHM
643,643,get,three___,____2674,
859,859,get,two_____,____5074,
743,743,insert,one_____,____4726,oGKIQBmjXp6j9ekKsWNh56GQqbgozyI90EOzuonIqcRNnhLpLMr7mr
853,853,commit,,,
820,820,insert,four____,____5103,LQHqMsGAIwYkH9u5XoUB7ZNEOEHJIZM9OtX
986,986,get,three___,____5258,
644,644,commit,,,
620,620,insert,zero____,____4136,wwf6zLQcIfKRGU2ItExXHomCLidqX4IJYpHCCw
674,674,get,zero____,____1287,
661,661,get,one_____,____4046,
674,674,insert,two_____,____4391,mBuxw0hBj3sL7EVSJKTk3bSRMALITRDEeq81NSeeS6Wc4eJa8yMN0FTA
760,760,get,zero____,____1990,
877,877,insert,two_____,____5362,n0Uy1E1GwVuqCNhNWUFlJX859wFMP65ckVURXz1sS0tF7TZMJglm
770,770,get,zero____,______96,
639,639,insert,zero____,____4243,SFzK7E1zpKwqcYL1NHQJ8crDntmSrevAJB
690,690,get,four____,____3835,
630,630,get,three___,____2901,
736,736,get,zero____,____3922,
770,770,commit,,,
861,861,get,three___,____4213,
661,661,get,zero____,____1349,
784,784,get,one_____,____4373,
885,885,get,four____,____4702,
630,630,insert,four____,____4196,qbQzqY30xxbENzURJRgfa4KJyI7jIdKIk4DPTw6TRcuxOZYdbpmwiP8t6dPqd
905,905,get,zero____,____4856,
819,819,get,one_____,____4005,
666,666,get,three___,____3406,
624,624,commit,,,
885,885,get,two_____,____3323,
803,803,get,zero____,____2242,
688,688,insert,three___,____4456,XevonNv2ftGgUywA2Aqyw09dWX0WXVO3elZ8VYmvHB1zQvvbbgS2EtdRot
819,819,commit,,,
859,859,commit,,,
793,793,get,one_____,____4156,
975,975,get,four____,____4262,
856,856,insert,one_____,____5271,wgLtvJyUSlErtgbINmysbhqjYq6GQ9WxxHtVT9ol7YQq5iHD
854,854,get,zero____,____1539,
778,778,get,zero____,____3978,
818,818,get,four____,____1872,
620,620,insert,one_____,____4137,7pIibYw0kIRQx2yYJ7dFcKbGxLDqL9DBWwz91pKP
714,714,get,three___,____4207,
855,855,get,one_____,____3746,
931,931,commit,,,
674,674,insert,four____,____4392,XGNAzwDWJDpQ5c0ySmH125OI9fjlAJpGrW6XrLM8DttUx8X8Bs9hCw8HKaBk
731,731,get,four____,____1187,
666,666,insert,one_____,____4353,s1cVy06Tw0YxFN0bYIeHUUQ1CrDYS5lF7xqEvRWKBR0KB0
885,885,insert,zero____,____5402,oeytM83VSWL4ciro1JBAccqK7AYluHdBuVmdsU8Vj2hCQP1gqegk
877,877,commit,,,
643,643,get,four____,____3232,
761,761,insert,three___,____4810,lqwYGnXNlqdIzq1EgeznUP8Pim9JeBRsDSKxluXAwTO2KoZ9l
664,664,insert,two_____,____4346,leUKVDRhoT5iiDzEpVRUNR2BYppBEPGBmWieDAopHmRWfR
909,909,commit,,,
900,900,insert,three___,____5467,6cwXRQnXq18kFFc1R6vU8zn5iAwYsbIRlF1aVemnfRzfDoDpXQ
793,793,insert,one_____,____4967,uUqlDhme7SxN5I85uL9ULbEEQRGBBtCb6ifKGpMaD
630,630,commit,,,
803,803,insert,zero____,____5018,DujDNwSlaJIWyxPdSiUTDgtw2VQoAsHIq20hvFBetjNDgsiKsT56
761,761,get,one_____,____4189,
725,725,get,zero____,____4193,
861,861,get,four____,____3974,
598,598,insert,three___,____4011,I8CUiO2UGQdi20IXaoPMp4wjGVMhmGTym4Va2yvrVpzyDj65iwUvvwW
750,750,get,four____,____2640,
900,900,get,four____,____2143,
664,664,insert,two_____,____4347,7DcmGkma59bb0TOsHckvmKDdikr7Yn66fDnUijbiMWZcoYMUKIlpkPpBZOFnMeTO
783,783,get,one_____,____4086,
784,784,insert,one_____,____4921,LAp3I2OeIsiPcp7CrdqfFoaGqPeEEQxrz5i3QZ1bRC8Ob9Q9hrOZwbkp20o
783,783,get,two_____,____1165,
885,885,get,two_____,____3047,
731,731,insert,one_____,____4669,2xrXY7u8hMq08aC4KUoaq3RoJEzysacfYyVdyZmkKvzpFV0TKOq0N50Ou8
646,646,get,zero____,____4088,
869,869,get,three___,____3837,
661,661,commit,,,
698,698,insert,four____,____4506,yKBkXtHo0RKMnba5BGtMPDqfwDtkCe9YAhL5pgyAatgbOZSSLvG6EDe
664,664,get,zero____,____3884,
979,979,get,three___,_____106,
643,643,commit,,,
731,731,get,two_____,_____329,
821,821,insert,one_____,____5108,VSAVomV1jygl2sbbMwnH7FyUYnKX0wYbUCbU6utIo933
975,975,insert,zero____,____5848,kwYl1NEkJlAcKHTqIb77HfXxwdPHuo1iNkwx0fwt8sFTRYFF
962,962,get,three___,_____840,
848,848,commit,,,
820,820,commit,,,
731,731,get,three___,_____981,
684,684,get,zero____,____4158,
902,902,get,zero____,____3648,
861,861,get,zero____,_____380,
803,803,insert,three___,____5019,23hPbp6PZxkunQXwUcl36pJ8uQCCZtRQVqMr5AAIP7LubysPgrpWHB5xi
783,783,get,three___,____1963,
690,690,commit,,,
869,869,get,one_____,____1800,
821,821,get,three___,____2611,
681,681,get,four____,____4263,
682,682,insert,four____,____4431,U4Gtq50yKHkQDB4EVEPy86gBTp7Ng5uJp4fn4zX
698,698,insert,three___,____4507,adVe9GZlr4RNvinLPMyILGv0oRZNaSbKnjVGADXeCOMOlveVj7u1sNtvkfB
616,616,insert,two_____,____4113,pl6UrFnTnnNcc9cWOhLvMbRRPbqZekrUGhTy0XC8HPx3SHZOs2Z7yHDaHiUEJw
674,674,insert,two_____,____4393,7c72vzIWmtsLCXEIqetc6e9vm5wC1TgeXPyqxNbT11bTTjBPtQ7Nkfwj4D
639,639,commit,,,
598,598,insert,one_____,____4012,sO5sf9EpwmbIYmThzsLNQIZhUAF7GzACtpLIgxJ58WnWFTuKputmqu16JwRk
783,783,insert,three___,____4919,J3dcvJjr8O0GE139Az5FNQhJ02vQmyvOnV
646,646,insert,four____,____4267,pLad8qH62jwl5crw5UkZ5KCs08aTAjstXQ7Xb4l92BrFiKk0lFxpWCeoKaFq3
899,899,get,two_____,____4464,
641,641,get,zero____,____2304,
854,854,get,two_____,_____164,
641,641,insert,four____,____4252,UZRUp4HhGacDeSDdRn06jgOaaMiryLy3tB57VVO03Tx3TaPPdriGbw4D0u
902,902,insert,four____,____5478,rfQuEs9WbeAFSy2W1KTbiHLEmfg17OYT
726,726,insert,one_____,____4650,JQNiu83Y6Cu0ggUcI0mRNBFdHe7avTXxeilJ9j44Q6D5MHaoc98C
861,861,insert,three___,____5294,qk0MTT785En784QW4DDwUPuqCjrPObMl9rzztdvUvLN
861,861,commit,,,
666,666,insert,one_____,____4354,u5iySwjSSpMEFb9VIuz4qNDIVhbvFFxYRJbQwMvDhAKkhbRk4nvj
725,725,get,one_____,____3827,
646,646,insert,two_____,____4268,8xDebI2aRYdSdpwIv1Bs9XX5lWO9vqACX1MLzpnCFcbJZA
726,726,get,zero____,____4305,
783,783,insert,four____,____4920,4xSw8vxjmIuBtY3DNuuuEYvMzgz9DajrsJyLhRxD6AJnqkJoTMQ4V1kVt7
900,900,insert,one_____,____5468,6L5OOzZzhbofhLHIFqa7jcQ5VMI7ZCrhY9qXAsRTsvAYSQk7os0SBTD48Rzby3j
986,986,insert,two_____,____5898,SiJJoWbMoNF7t64DWp3Wd5ihkyjsXQUJ1KrGRx82ftI6xnCRbZs6HPBRvlXd
778,778,insert,two_____,____4895,Jx5VoYyrdSUErNdaGIDgk2g2RKWTcHVX0rzivUiug4cVQMyp8mEy
862,862,get,four____,____4196,
714,714,insert,zero____,____4588,31UMj41Kz6769Zv5uiq3A6ETwsfcpcxdT
869,869,commit,,,
962,962,insert,one_____,____5790,YOIRQyPZeMii4JJUolszQvp4RfGn4wPeoEnursxVbrI
646,646,get,one_____,_____127,
979,979,get,four____,____3472,
905,905,get,three___,_____634,
902,902,commit,,,
616,616,get,one_____,_____341,
688,688,get,one_____,____2273,
832,832,get,four____,____2221,
971,971,get,three___,____1932,
971,971,get,three___,____3502,
698,698,insert,three___,____4508,oyE3omWR1iORDNWFFqvYELp8777olXvEuoxhpwWHBxIyRtIMUl4mZVHfxQm
950,950,get,three___,____5327,
926,926,insert,three___,____5597,aCVmePUvLGqULdAVGAzb21nZYgcNKQu8GjByRDory8uQo3JgpBGoRiBC
885,885,insert,zero____,____5403,Rc4sHRwg3kdH8zYUtcEZ0CvpIi66fmUh
818,818,get,three___,____1441,
736,736,commit,,,
750,750,insert,one_____,____4752,ifIiHWfRKDZmDoU9tJHEYL25GouxppbIq2YQB9ws37SwYTVJ
684,684,get,one_____,____4235,
707,707,get,zero____,____3140,
726,726,get,one_____,____1754,
950,950,commit,,,
989,989,get,four____,____4693,
646,646,get,three___,____3747,
832,832,get,four____,____3041,
900,900,insert,one_____,____5469,mSOv78uDcioA89pCbE2orAjuXZYp5yk9d1bpLPyVOe00XUXz36hD
885,885,insert,zero____,____5404,5J4fSOOfZKDpvAlCpjKkeeUuEVzdjR8ng6ry3kLgevSswn7Eij
971,971,insert,three___,____5833,N02pePje1zNo1kE4z83I1KeIbBlqgYpA7wnT90uEaQcNs17CTEPEMiMnG
687,687,get,four____,____3234,
731,731,get,two_____,____2896,
885,885,get,one_____,____3105,
854,854,insert,three___,____5260,QOtBrsxviDXHs4GdcCYUgxD31ZayrnL2ISYtyo
616,616,commit,,,
821,821,get,zero____,_____920,
852,852,get,one_____,____2184,
697,697,get,two_____,____3975,
885,885,commit,,,
598,598,insert,zero____,____4013,yDV6AvtOzD99boPqIdo1TI4FFROmOvjo7wBVn
726,726,insert,one_____,____4651,jpRaPsUaykVNkOsbPoKRpT1jjo95qSoDdOwGpLs1Xxb8beSiAXKv8p2Vt
984,984,get,one_____,____4112,
620,620,insert,three___,____4138,K7YbiEnU2FKOV3JAUuByFp18bVtBffFrrzvX93O4Ns7tO0
684,684,insert,four____,____4439,0SUrnSappzBdYT1yy5zKFe2Orv8HVGfvQkCRCNG88yeEN
854,854,insert,four____,____5261,vSFYn7APbAAhZxq7cOCwjYG9rXUCdBE0pxjQM9JvtUrYXVUf0j0lsd
971,971,insert,two_____,____5834,up6URI7PMC1MeCiKcTzaV12bpf5sra2uKXn8v9gRXdCdO8bDqeOODMF94KBU
986,986,get,three___,____3422,
778,778,get,one_____,____3646,
832,832,insert,zero____,____5161,moJfp8ByGgCAknFxKSJ51cGF3ZsTh2hUzMaCUciJe0LuMZSOZfwWUGp3S3lIsHW
955,955,get,zero____,____4108,
725,725,get,zero____,____1212,
698,698,get,two_____,____1592,
855,855,get,three___,____3616,
852,852,get,two_____,____2452,
962,962,get,four____,_____955,
979,979,insert,one_____,____5865,B2QyRjEdoDK0YrAUFKPojYIbBQk6fmm9
681,681,get,zero____,____2357,
620,620,insert,two_____,____4139,mzz6DWBgbVNucYTAsPl03euJ3dbVUikZCkbVMq
899,899,insert,zero____,____5463,kjn38MJjKWN6P46tEkrDn8aU4bpl0K417Ckmg5
751,751,get,two_____,____4695,
687,687,get,three___,____2008,
821,821,get,three___,____2148,
986,986,get,zero____,_____396,
620,620,commit,,,
984,984,get,four____,____5478,
975,975,insert,zero____,____5849,4XVa3YlN0fcuFeU5zLaTjcot2eQYT41U7Kmbn1Fx8R2VUJC77yvQP
782,782,get,two_____,____4139,
803,803,insert,three___,____5020,Gm1x3fYuTAoPpWNt0RulbnsYzYfdG7B3lDP3OC
903,903,get,one_____,____2265,
865,865,get,one_____,____4170,
687,687,get,three___,_____675,
684,684,get,four____,_____172,
675,675,get,three___,____4132,
641,641,commit,,,
984,984,insert,two_____,____5889,t5j7GKjw0dhHwbqB3dbu5XgjqMih8bM7N9QnZc4kQ
731,731,get,one_____,____3724,
962,962,get,two_____,____1937,
984,984,insert,three___,____5890,hV6ypAAuMGPmQB3VPcWoOhIlh1Baf4tqDyXFizG
962,962,commit,,,
707,707,get,four____,____3362,
698,698,commit,,,
717,717,get,four____,____3519,
979,979,get,two_____,____3414,
905,905,insert,three___,____5491,zhczwjA8gKwq1cyB7hA3kgcWnS1JvpHjc20BV
784,784,insert,three___,____4922,3UIFM9bCV1oUZyPKACSPDwOTkY8i3e6ndYkBsAi3
803,803,insert,zero____,____5021,MgUAjTPDp6mmJrM3yKmP04Q4cC9X8zSUBYyjAOXkZ2V
646,646,get,two_____,____1199,
855,855,insert,two_____,____5266,OrAKATCJmf4J6sX9D6hmsTWKsW4Jr9bS10Biga
803,803,get,one_____,_____389,
740,740,get,three___,____4134,
881,881,get,zero____,_____200,
829,829,get,zero____,____4107,
793,793,get,one_____,____3139,
900,900,insert,three___,____5470,SrBmDR9yMmjSVhK4gTgdnLDVBIrrvDyuVXwoiAqNcipna
865,865,get,one_____,____3195,
731,731,get,two_____,_____689,
682,682,get,two_____,____1801,
903,903,get,zero____,____4561,
852,852,insert,zero____,____5250,80nDaNcqWBlwxGA2cogYRNLrE2SR2w6X9OWnm
903,903,insert,one_____,____5482,pk7HOYydE4rR4b4jMBqzUBlxVPlL2ttrZWRfB1nGLoTZdg
684,684,insert,two_____,____4440,WQw3yA5o9MiAIhEw5EWa3jhnZP1sR0DeF26
784,784,get,two_____,_____220,
782,782,insert,three___,____4909,2AvLsAVVeMmckvk8QkDYJS9PkFObD8XPxMh6ajfBP7tqT31hWmVeRUlpNrSzrf5u
984,984,insert,one_____,____5891,3Q8cn19DZOUb0Sw52zIDLCDOYcNLgMsifThjE4jbNzu7
765,765,get,one_____,____1612,
818,818,insert,one_____,____5097,ZSJbVDomOCYFMxalchCCEtAGtWMoFITBwyX8
778,778,insert,one_____,____4896,0ISJ5unt9thIhJf8W3GfOio2Megt5P1qQVq3ef0
738,738,get,four____,_____629,
986,986,get,zero____,____5100,
921,921,get,two_____,____1960,
955,955,commit,,,
829,829,get,two_____,____4382,
979,979,get,three___,_____431,
646,646,insert,three___,____4269,GTDPU1RmbzVbO7UiFOZ6BoU1Zt2AbRw6pHVW7WczMTgCbCgdA18uFNkhd8
731,731,insert,one_____,____4670,fL77d5HpcBFKhysOqq5VlAyXjqng8YdJw1YurxeN
725,725,commit,,,
783,783,get,zero____,_______8,
865,865,get,zero____,____3758,
989,989,insert,three___,____5912,WZnHBPC8yGJYVDupFQT5L3nIEemaR4CrRL8DsEkJedy2
821,821,insert,zero____,____5109,fRp1ESxhTUBpPOyh8NxYbE0LPltEI2Uxn8CA1jEqHivzlaptAID
855,855,commit,,,
852,852,insert,two_____,____5251,mypdmhO5KC09AjWa6jx6wUiTGH7UUAadujgKNbDas5cw
688,688,commit,,,
740,740,get,four____,____3001,
982,982,get,four____,____4239,
646,646,commit,,,
666,666,insert,one_____,____4355,HdrR8VFo84Hr7LoLq2LXzoBzEjAmGIJmTZ1bwkuAU7JzFitdy3EKPT5r1D
765,765,get,three___,____2588,
832,832,get,two_____,____2982,
740,740,insert,zero____,____4712,bjoLjYJxKzCnB2emxzIcb2q9YeiLwflngVtBpO
926,926,insert,two_____,____5598,PENoRyveaOQfpiDOlv3pHR3Es9fAIE1eGJjYZmbYcj3pUrwbIy9PONJes8DM
681,681,get,three___,_____235,
664,664,insert,three___,____4348,Y8fksYXDFvWhgzTNThDMWZ3O77ZewgOLSVdsZdMglB3ga3qQbONS4yHz88MVRzT
751,751,insert,four____,____4758,IWKLZkfh8l4FbqyO7EevBu7dcYpuQVBR8UrjKmw4R6XaBtZzdTb9L5NkVnCyIG2
974,974,get,zero____,____4089,
697,697,insert,zero____,____4503,X7cix1xcyLDYLuCfsxjTGFmIVVTJ7AmZ
675,675,get,four____,____3309,
989,989,insert,three___,____5913,Jy6xVyGTy98JhdPz4F6ep5JyPMbVfJA1gEA0kjLQznEnPiIDU
821,821,commit,,,
598,598,commit,,,
905,905,insert,four____,____5492,5LtS6g7EH1eZvswQDHpLz9yJZx1f2qRf2CcC3zbi4bILrAzGr08eQjJVJ
731,731,get,one_____,____2539,
903,903,get,three___,____5094,
854,854,insert,four____,____5262,DGd8BuGzBO5rVS7gIjGosyFySUkbkfxZ7F9AMZL
854,854,get,two_____,____5136,
881,881,get,two_____,____1758,
974,974,insert,four____,____5844,EJYWhaPtx0INje4iMaKPXZ63aCpXdT7BgiNacR3JX6eQ3iRQnAiRzceXuBbXp
745,745,get,one_____,____1106,
675,675,get,one_____,_____273,
818,818,get,two_____,_____788,
982,982,get,one_____,____1313,
717,717,insert,one_____,____4609,7OY2OFlH4IrN54DNLjPlpF1CLXq2RlUJM8EQhsE10YSPes0l7A3OGrzQmdvG
735,735,get,two_____,____1199,
745,745,insert,zero____,____4735,yvwY3nRUe62hDaLY31lp27yaMzV4z40glFyqabVkmKe7IDJOdCgpfAddjQ9Eo
832,832,get,four____,____2183,
982,982,insert,three___,____5882,WYGrwVzBvx3KStdVeFXoTkgMmxzLZe0agIvzXFyVM2FT9z6pZatBGnq5THlEUC
751,751,insert,one_____,____4759,RGdd0woXcZBXnGuxTOdCaEYn0s5ZyNEV
681,681,insert,four____,____4427,Fm7DxlUCwBs8BYkFg7PCL0KyHhtAFdiFvfcfQ
745,745,get,three___,____2436,
838,838,get,three___,____3763,
982,982,insert,three___,____5883,TjbjDd3nWwQWDNIPfcz6PHQUPWgufSn6nzQZBJpbqQ3aolG6qD
865,865,get,zero____,_____296,
684,684,get,four____,_____603,
765,765,commit,,,
865,865,get,zero____,____3971,
793,793,get,zero____,____4423,
782,782,insert,four____,____4910,QOoWQjVcnW3eiGy47tWylsGXqYJIKNUXmDvN5LLJaMd8DebIgovJ1GUp1QnL
838,838,insert,three___,____5184,fEAymysTheooHBk0YPwH1Cfa3c5pJe0RIRpbvz2IRVhKR9i
974,974,get,zero____,____1458,
687,687,get,two_____,_____936,
743,743,get,three___,____3179,
803,803,get,zero____,_____990,
903,903,insert,zero____,____5483,fz9VR5F9iXAdFSTMflkQ1hTe2UZ6YprKdhtHwxeEylGrrIL47fiYTS
745,745,insert,zero____,____4736,JKxKuXQO7F9kmK2fsDyTB9gWnvTwbQp2mHta1ZQQ84KjfONKEWcCjem
829,829,insert,two_____,____5149,L1iZEmZX116BqBgXeGUDPpSBzBjySsNE28Ndm6
745,745,get,four____,_____327,
832,832,insert,zero____,____5162,gTSNi7kT3nl6b3hRsgJ5kPziLWfk0LoZbzXVpJGlAM9nSn
664,664,get,one_____,____1414,
945,945,get,two_____,____4010,
731,731,commit,,,
881,881,insert,three___,____5383,q8bgKmrPmu0zLdJIdAAHQT6Svuz8f6zUQ9CNpG
782,782,insert,three___,____4911,Nuzg3MWWNl5Hu8kF7t0Ikaj4X9vbhSYGIiegcQSBXbwyG0B9I
726,726,commit,,,
697,697,get,three___,____2359,
865,865,get,four____,____2841,
903,903,insert,two_____,____5484,ZWNnPsEfeGQGTk6MNXtzypYEKINc87iijXlc5Goij7zYvgphCO
838,838,insert,zero____,____5185,kJoVsfiPVTufVp0TRu3q7aqeLhDjpvsxMJJnHK818DY2RsZSyW55b8dxVd
989,989,insert,three___,____5914,paYkbOigCE9JyCcUH5c8YWAeXHh2NK70it1MyYoGQwy
815,815,get,zero____,____4193,
675,675,insert,three___,____4397,p3CcxjF5FnFedvLsBJv5KW3VMhiiuBq7kozrZJax5lW67
778,778,insert,one_____,____4897,mFQ1GRJWjMiRF8DPYZVNlohuU8iJThartawANVMdR8TGYCu
751,751,commit,,,
760,760,insert,zero____,____4802,IZe71d6RsM49PAh21nayEzmqqK8RVbprgsc3rgU
971,971,get,two_____,____3721,
700,700,get,zero____,____3004,
982,982,commit,,,
697,697,commit,,,
926,926,get,two_____,____4593,
760,760,get,three___,____3492,
743,743,insert,one_____,____4727,U1knh87IGGUxkJDgc8mcyDg24p6cxP1KmrQ4gB
984,984,insert,one_____,____5892,nj250uzv96dAPvhpitvcc762FN197Do1Ru08tSP2EWo
892,892,get,one_____,____2608,
664,664,commit,,,
743,743,insert,one_____,____4728,TTBljTTvnxB5I1j3anl6Sxyqdj0dZ74K7H9YdLkpycldG2yvfsdi
854,854,get,one_____,_____722,
666,666,get,four____,____2027,
798,798,get,four____,____4758,
979,979,get,zero____,____4491,
979,979,get,two_____,____3575,
750,750,insert,three___,____4753,vscGUqqDrLMe18HvT3iMLucgZTSoNvqdTrslh1MeVm3Gy4mmsqrIpl80
700,700,insert,one_____,____4517,qIkskdljyF3xKdUVhvVMSd0D3H6OYxITAo23je5k7hh6XU876iconjl09f
865,865,commit,,,
979,979,insert,two_____,____5866,2Hxrc3LZ04Ws6LG1qAerwwjac5KIa0TLhgPYOzdydRNuZaG
752,752,get,zero____,____1107,
945,945,get,two_____,____3307,
803,803,commit,,,
984,984,insert,four____,____5893,tnUfEtTwDVA2GYBvLzjBuryKw279oMvGcCPXLIkoIPGOSlx
674,674,insert,zero____,____4394,oJH91J3xkGWftxYMyUoEEL1jsJpIjr3rLJ
752,752,insert,two_____,____4765,8qmKPZHsYchmJwJ4rcy7TaZ0hSKhDFe4VuKMAiUpNCkamzoJis4OvXOIJiuPfI
707,707,insert,three___,____4550,lqDg3pLbGEBolmWhhOerDddJL4PQB1MgyTk
745,745,get,three___,______30,
957,957,get,zero____,____2242,
714,714,get,four____,____3973,
738,738,insert,zero____,____4704,ROzS9jVSPC2yS1hTeET8Syqi3jgidzKIiQvUbKoH2gM5lie5
881,881,get,one_____,_____203,
903,903,insert,zero____,____5485,6P3HCvJb4ctnw7OW2ldvAx09Udym8XdzrESVXk4yg4YCYRv2w8Fs1ozF
778,778,get,two_____,____4455,
852,852,insert,two_____,____5252,5xD3G4mztBpUxZAng1sM2MOvcQHHl23aEUk
974,974,get,two_____,____4687,
915,915,get,two_____,____3975,
921,921,insert,two_____,____5565,z8RKTr2ZKrI6ETCAQ67vf30ZkDtByS7lCE4CPXETRnsnN8raCVitJG
818,818,commit,,,
687,687,insert,zero____,____4451,jgVgfBhjiHGHUiVdLtWjmYNEy1dsTw6Gyk4lybUgUMd
838,838,insert,two_____,____5186,hvHcPz7dScJWR2UMijUXu7yee8sjMjFavBNihiPSTXTwQqsItvYaxtj5
744,744,get,four____,____3815,
798,798,get,four____,____1900,
892,892,get,three___,____1070,
932,932,get,three___,____5314,
886,886,get,four____,____2841,
881,881,commit,,,
793,793,get,one_____,____1406,
782,782,get,one_____,____3999,
903,903,commit,,,
745,745,get,one_____,____4232,
921,921,insert,one_____,____5566,tLAcTvCgIeORNecJx95xgPGRpS0NeioMlIXfFPo5KbjrhwyVXtkMNGl69HZ5C6
942,942,get,zero____,____5485,
760,760,insert,one_____,____4803,8FrqeBhPI2J4ujMI1EzgLcpafAuQI6UzQEGSaRmZdUtFrS
687,687,insert,three___,____4452,OaZg0YSUMSfEAxesCSaO9F4tZkWaENUDPtlczmdKuUf0PfQUiL
984,984,commit,,,
752,752,commit,,,
829,829,get,four____,____5129,
793,793,insert,three___,____4968,K7TnWAeFbSz3V7KP4yNAJP332PnW2Wv8RSP5APR9DaJIRgJsIvVXErWsQdbSqf
932,932,insert,three___,____5622,pXPzI6cWXSvsjRePVBGxZKuuPil83ayzSAXkOHnMznJUBdkoxmo8dLriTwQAnv89
745,745,commit,,,
854,854,commit,,,
674,674,get,three___,____2022,
744,744,get,zero____,____3033,
682,682,get,zero____,_____320,
838,838,insert,two_____,____5187,v7Uc4zAdteUQ1zF1hfwlqqML7XalzBjS
782,782,insert,zero____,____4912,Z829lJr2v4lkDK7CkqsJDRUm4KkMkpweb07XUgZDr1lplO5k6nlMay
707,707,insert,one_____,____4551,bXqAxBFnHBtSVS5PYsO9CBbb3jD8Aq3lO3ofbACNr1R
926,926,get,four____,____1472,
687,687,insert,one_____,____4453,J12wAoyXdhamsmOz3redGC3fWupQVHGHyymoIyEP
979,979,insert,one_____,____5867,RvCJvu962xau5xZoni9yF5gave89OUkww5TcY1L4OInX
862,862,insert,two_____,____5295,yiH5MqBRtHFpAYVqirhchS0jZ20wg13fC
743,743,commit,,,
872,872,get,four____,_____327,
974,974,get,three___,____2734,
717,717,insert,one_____,____4610,2fiITo6L6bBqwMB32ejpRxq0ReK4ccgNdPzEJ7Qq4WEknZaFWcOl3w
815,815,commit,,,
729,729,get,four____,____4501,
852,852,insert,zero____,____5253,MnOict435nOTYI7frY1P6O1s33apmMUN0q9Jl3I7Ze8gUi1nP47JF
832,832,get,three___,____4762,
707,707,get,two_____,____1103,
762,762,get,four____,____4267,
942,942,insert,four____,____5685,iQpwVbFgdrARgRCn2N21rE3UIbmQtqhw2m8vST
986,986,get,four____,____3822,
872,872,get,zero____,____2217,
852,852,insert,three___,____5254,9TwvcvEFaplkfj8N7DPd6U1QBB7BhtoVWLi5Nidt3CUZHc8lJxk
681,681,insert,zero____,____4428,Zi5IFxAwYlmpqKPNPnt5cHhS5RdcT6a5Neh7M7oyJPfpJImAO
729,729,commit,,,
942,942,insert,four____,____5686,KzvWYLpzYCu7fQsavrErjJMeWZcGDOC1rsolMf7R4tMrnvt8rSQfuJRmjj
776,776,get,one_____,____3180,
851,851,get,two_____,____4765,
852,852,get,zero____,____4528,
957,957,insert,four____,____5765,sx7goQIG74plKsOvf23CPqMErX8JDDVNIY9B2wwhj
793,793,get,two_____,_____461,
778,778,get,two_____,____2593,
945,945,get,three___,______68,
971,971,commit,,,
681,681,get,three___,____1369,
838,838,get,four____,____2440,
782,782,insert,three___,____4913,KBLlaAXV75YfJnVvgK47yflsV4vnmbtk7JOgVwJx1vMdKFx69KLo6Lpwia
793,793,commit,,,
717,717,commit,,,
778,778,insert,two_____,____4898,Pf8EtW2BcobO4rj1Q7uvpZzWzwjVjHCaHta0yDtbjQZqwJiLWuwg4
832,832,commit,,,
829,829,get,three___,____2606,
974,974,insert,one_____,____5845,qoWVzwhE49MVAuXaMyL1Psa9Filxtsjg86yH
783,783,commit,,,
714,714,get,zero____,____2958,
987,987,get,two_____,_____689,
862,862,insert,four____,____5296,oW8Zc7RxLwUMQl0aR4cNptDtUyzwmxAszLEM2TYDwRmhYLwA
989,989,get,three___,____1271,
808,808,get,four____,____1766,
942,942,insert,one_____,____5687,6AgNxpv3FO7hrDO5IBxylBnrU1xVDEiK15KcTL0OHm5aBy
666,666,get,zero____,____2579,
707,707,insert,four____,____4552,OTNX03WYAWjLjoZ5JX0sU50G1UrljuWLda
926,926,commit,,,
735,735,get,zero____,____1841,
808,808,insert,one_____,____5045,HdlwRSE7yEEHojpX4NxQiJ9SIwfvioMMSYPXAPKlvFGHhwnhUxBNz82zwXBwtg0T
927,927,get,three___,____1435,
957,957,insert,zero____,____5766,ZVF8f6DnQyB4fS4vAG7XMafr5OAIDEXoU4ochWJ6DCbYRoX7ksM
782,782,get,three___,____2420,
798,798,get,four____,____3264,
838,838,insert,three___,____5188,Svyo4dCv2QAqQtqpirCWcJ1ylYaZzpcKEfDfJYB9DypHl
942,942,insert,one_____,____5688,l5lNTkQdSHvr9RookKiZG4SDtVw6g8jWY3XC7CbnfkT7NHdv5vqiIVYGbWIG3
954,954,get,two_____,____4607,
974,974,insert,zero____,____5846,5MZx37yIlPQmWiH0goqDHKkOvct1PA0MuegRf4Iklx
932,932,insert,three___,____5623,U2As3Ef3lBEXrPK7nlvDCzyfccE63aB5dRAEt0t5U0kFRWM9DVOoDrmwGD
921,921,insert,zero____,____5567,golQi05D2mr2PtyIwm9LmEG6MPLP0v1kvb3ZhSDi2fpTMLAhcCwKscrZ
870,870,get,four____,____3041,
682,682,insert,two_____,____4432,U4YN2wX7JNyL2gvV0rpvdWbO99w12yaruyN2GSjoO
682,682,get,three___,____1573,
975,975,get,two_____,____5598,
714,714,commit,,,
735,735,insert,two_____,____4691,XKMWv0TJCXWQKubEXCdhjrmsCAkx2OZT8nx4JWSas4BeRPfMedAho9WmHbJQD
915,915,commit,,,
838,838,insert,three___,____5189,fcbdWLbKETXFRFUuzjpvXOeYxyHShWswAtkFuVimMtcMgvzvqWLlQ2cSX
954,954,insert,zero____,____5744,4ixucaYOZB2bMa7ThL2nsBKsYW41nV8D
975,975,insert,two_____,____5850,thVH1ZbD7lOC6pElVNDeWpdq4G6VYFsskTAZSOnqjNRxBI5VDsfpP2GsZo1xVuCC
700,700,get,two_____,____2053,
899,899,get,zero____,____5021,
989,989,insert,one_____,____5915,1Ou4c7WnjOKJbS8myUQXOZnb29R0KUs42IGvui5GKXanOoMiI7W3X413dEu0L
727,727,get,one_____,____4608,
963,963,get,four____,____4226,
974,974,get,one_____,_____968,
927,927,get,three___,____1589,
828,828,get,two_____,____2052,
687,687,get,one_____,____2370,
700,700,insert,one_____,____4518,gaYBqcu7CawJQ0n1Dkhhy9wQ2wHOZ0hmycN4Wh2
872,872,get,four____,_____332,
735,735,get,zero____,____1006,
760,760,get,zero____,____2697,
829,829,commit,,,
942,942,get,two_____,____1137,
870,870,get,one_____,____3980,
886,886,get,three___,____1243,
886,886,insert,four____,____5405,e14ZpSXspTgwRRG1P16SHOmeW7wDFVel
954,954,get,two_____,____2295,
675,675,insert,zero____,____4398,TdaDZ7ehLFa2Hu61spgfUFUpMcRp2mVAhqiqwRTVvo6CQeYp39R0t2Fx7
760,760,insert,three___,____4804,qvkS0kguzmDSMQU4TKIeHXKrJmMsC2hpl6V4
744,744,get,one_____,_____823,
707,707,insert,two_____,____4553,zZUyOYK6ZFOOkG1ZSi5CDkI2rmhO49lU55irOh17tiFHKd
735,735,get,two_____,_____940,
838,838,insert,two_____,____5190,GiKSPIBr8VLM4OjfXAX3PraPmzsLE4ALxkoO0qeQfv9FUXNLPi
798,798,insert,three___,____4994,mM5Fh5pYjQ9By2X0KS3GVo81497XLl1OWINTkQhX
778,778,insert,two_____,____4899,AuypUs8uiQvLaX91pozlFLDsoCjjqxOnm5l7MX3mkwW5QSb1cMSAT7q
927,927,insert,zero____,____5601,yVj5rvH5Sg4CyOkBE7YwF6s4tewp316y3WGOk57cFKiwg
975,975,insert,one_____,____5851,a3Q7pSm1jeBogn6JsyUIpA5peupK1GK4cZOGnVxPsiJIPx5LNuhR
826,826,get,two_____,____4521,
761,761,get,three___,_____653,
954,954,insert,three___,____5745,oy1yRyuUMAW4NtE8Zp8Quhf3mk1yoJzP
892,892,insert,two_____,____5431,YyRdwUKhW9ncpeOiZ2pz0cq5ffAXYDEktx6UR4F
681,681,commit,,,
979,979,get,two_____,_____556,
687,687,get,two_____,____1205,
682,682,insert,two_____,____4433,oNurWOO4zwChzGOK7h0iR4gFIfwopQBVIoZBl08Il1E
741,741,get,zero____,____2958,
727,727,insert,one_____,____4652,KN2LbAUgaBqwuoEjehb7AJDFwAkCuXUBnQ6TsumRVcyN8e8uuk9hZr7
979,979,get,one_____,_____322,
727,727,get,two_____,____1269,
826,826,get,four____,____3190,
986,986,insert,two_____,____5899,ICGjleUu3tLG9JWLZaGf4SPibNN0IxLEjpfSqgIf5Qt2
741,741,get,two_____,____4035,
942,942,get,three___,____2732,
761,761,insert,zero____,____4811,3ZhVT9pir9xz6q1LpYc3vpY21HvIfHC4vYVq5EEld9KrLWsvK323p63E
957,957,get,one_____,_____403,
921,921,get,two_____,____5533,
674,674,commit,,,
989,989,insert,two_____,____5916,cKmn5tvxquvJuZB1jJt8tVK9TQ1ZdF1MpqngNfUCudBd0tS
870,870,get,three___,____1608,
761,761,get,zero____,_____799,
921,921,insert,one_____,____5568,DXHAxSKkg6XczDgRZa777ryqOTjb3nEiUVm8i6l
957,957,commit,,,
682,682,get,three___,______46,
872,872,get,zero____,____3459,
963,963,get,zero____,____2455,
684,684,get,three___,____1369,
974,974,insert,three___,____5847,AuH4bk0OVt53HppZFy88E1Y1j0x10HIhTo6HD1tKfhG4wDVbTWE
727,727,insert,zero____,____4653,pDzIA4Pw1tPWDFTiDLCuXTcqqChRAe8CF6s83Nqlik
979,979,commit,,,
870,870,commit,,,
760,760,insert,one_____,____4805,nfx6jACSb1f9gih1Z5vSeCENxS7Qt33eLXnBHjCm3ktqjcOXdsIwpJpQSzLa2z
735,735,get,zero____,____1026,
762,762,insert,four____,____4814,rw65SQcvS9suu6lR0tYKQTJu5pgzazcUubnEXSbCK7m3842X4NHY6ajZ
778,778,commit,,,
740,740,get,three___,____4094,
884,884,get,two_____,____4895,
838,838,get,one_____,____3556,
963,963,insert,zero____,____5792,jwVnaqZHNH7VSXrF9AaFujePB0r2NoJXheSvouJQ321mrBFvcmGTxL6dBzcT
830,830,get,zero____,____4107,
684,684,get,zero____,____1860,
826,826,get,one_____,____4908,
838,838,commit,,,
830,830,insert,four____,____5152,0WqfQwxMZcvT3gJYZlgTgPT8N1Xf6VsIKzZi2MszIdqGjnIdJOQtTwOiBWaYaDN0
675,675,get,one_____,____2540,
875,875,get,one_____,____4896,
716,716,get,two_____,____4391,
892,892,get,three___,____3068,
862,862,get,two_____,____4400,
687,687,get,three___,____3802,
762,762,insert,two_____,____4815,IZdIiNknttJqONtnOgIQlRvl4tCUkUIJMq5LJhPrAQ0
892,892,insert,three___,____5432,dWWc6EYhJI9n0LLWf93n3qpJx73WxT0KQOdVNtmm7
716,716,insert,zero____,____4603,flbENIyXjip2LqE4QyfN2o1KzKLlOHBvLcRx4tXbPAhesQXFuaFBVmi6
884,884,get,two_____,____2628,
798,798,insert,one_____,____4995,7GPintq7ZaHQpezH1EN0bZApq89QZOtw81xqg8KXL0
760,760,insert,two_____,____4806,MkVdkMKxCv7Gf8hTvTCM1JcfrqMwrVcN6W2cDRMMqus23woEgTaSglzPko
830,830,get,four____,_____271,
826,826,insert,two_____,____5132,RwxJwuJcIOsuyDLOuO1JEyIDc3mWz0C38m17tbGa
932,932,get,one_____,____3043,
738,738,get,zero____,____3736,
666,666,get,four____,____3058,
666,666,commit,,,
735,735,get,three___,____1300,
830,830,insert,one_____,____5153,LuIELAqjHL8BqYG0hlaqg9VnlAPzYjrAWgEexr9
716,716,get,zero____,____1139,
927,927,get,one_____,____2520,
963,963,insert,two_____,____5793,heiGmgO9S04VigkZxbyCtmqDSDRDb70UlqBzwycam4y1r8GTjAgj08V4
684,684,get,two_____,____1090,
735,735,commit,,,
986,986,commit,,,
792,792,get,four____,____2027,
892,892,get,three___,____4209,
942,942,get,two_____,____3636,
744,744,insert,two_____,____4733,aoSkikoK19zF8830EomVGPIkAQx3eRYo
843,843,get,one_____,____3646,
757,757,get,three___,____4690,
757,757,insert,four____,____4785,PCvcQ5BqhkHFDLuE6GcTE2sYVfGDhiZKDWyOIAGC9s3PsnpYOI8Ghkxs1vvV
892,892,get,zero____,____2702,
741,741,get,three___,____2447,
684,684,commit,,,
942,942,insert,zero____,____5689,ExdOe1eoA7K6NzgPUPjZ1Ab09CghSZzA1
826,826,insert,zero____,____5133,S4ceMtgeffdkkaY8Tqdw6xDHLAkGeFxYpdRCNZvZ
852,852,get,four____,____4439,
830,830,get,four____,____2644,
921,921,insert,four____,____5569,Qp4gF9KvjJr0ImXY6oPIQcaQpg5kwsxj5NVXTbbDq
760,760,insert,zero____,____4807,V6nqoH6czWvRKEaVbjsLoGoBDHaeHqD2C2Vv1nuKT0fqtJJDdIMR58XkyE3XzGHL
727,727,get,one_____,____2137,
760,760,insert,three___,____4808,L098msFUyB00pwYV6RZ12NAbyCMmVOGszZK
805,805,get,zero____,____1860,
762,762,get,one_____,____3396,
700,700,commit,,,
977,977,get,two_____,____4869,
687,687,commit,,,
675,675,get,three___,____3283,
757,757,insert,three___,____4786,ZfZs0bbRhqdA3vTgGazLyh8PsA2Wgnvzxz2RK5R42N6YkQqRvbc71E
727,727,get,two_____,____3127,
727,727,get,zero____,____3517,
785,785,get,three___,____3406,
809,809,get,one_____,____4354,
750,750,get,two_____,____1090,
766,766,get,zero____,_____406,
852,852,get,zero____,____1264,
798,798,get,zero____,_____764,
964,964,get,one_____,____5331,
761,761,get,zero____,____1395,
762,762,insert,one_____,____4816,R3RV7vuPSw7eVS7Fm23iFEoNjyVhVCbkugI6bg
805,805,insert,zero____,____5027,lHypwwExSOYb0eVuNlEDxhLdQKoQBFGRNMMVDhGdR8MNgrveDQDB6L
716,716,insert,three___,____4604,OD4dAMGdCJmS3eeOPBV2sGwgP5aEgdjIrxA0RIBtGGRWU7hO
892,892,insert,four____,____5433,5WOiufttlzuJzNMc7aR9TS2PBhCLtqjvLfT
750,750,insert,zero____,____4754,j1JK1KAYYNWk5DxHQ0aevJAuU140Qs19KZoKOEyx5pX7aVfOn
744,744,commit,,,
792,792,insert,three___,____4960,bGuwJGUosKfiqoPVTRcS47zrfHMyNk7hHKwm1r86eETBeqkwwkvwYQcNJXeW
776,776,get,two_____,____2356,
741,741,insert,three___,____4716,A65KRaeeDjGHCrYjbyUOjvqJS63KCVoLsIyhDItqMliHZMSjHZEJYnSYlNuXQfU
792,792,get,one_____,____3275,
856,856,get,one_____,____4235,
766,766,get,two_____,____1078,
963,963,get,four____,____4280,
707,707,insert,two_____,____4554,YpJO0MM3bKqaWavpPrmIm14r9O8ikMq88LmJWlzAs0T45XmfAb4lE5V4IeV8
809,809,get,one_____,____2745,
762,762,get,two_____,____4208,
766,766,insert,one_____,____4837,r5naDsj0XUEaUkX3yMeIgOomwSbCwBTpmgxNMNfqjuKC1MzxOwhjYkR2Zf96e
989,989,insert,three___,____5917,1Mn4idn8I84hJBTlBd88fIWOHNiIzp5ifF
828,828,insert,zero____,____5138,vKphubBt5aDQyzqSnVSma7x9dWOBas94NrLI9hI2gxdIAukaXPNZQvEHB2
932,932,insert,two_____,____5624,JaYW3bprmb5ph7WEl70xN6zJd6wa3gEjzzCnZMlOSj6Y
989,989,insert,three___,____5918,CI6w0gjrdgVPPIfFEUZLRXfmf2gQdJjklseRV4QR7AmJ3Nr1VUf5Xp
753,753,get,two_____,____4731,
843,843,get,zero____,____2251,
727,727,insert,zero____,____4654,CUSD5CkxSTG3c98q7D9v37Hjc67ET02zZIWR4M3P1BeHFOIieDfU
892,892,insert,zero____,____5434,hXIqEjeBIXnGZVEdzfALqsbhAc3PiDLpOjxBm0Cx3r3q1aMEnQWWxSFX
963,963,insert,three___,____5794,w0qqAdx7AHGW8eTcN5QTwYhg193BLmbjzyH9uz8fcXihiH
973,973,get,four____,____5183,
856,856,commit,,,
830,830,get,four____,____3570,
843,843,insert,one_____,____5209,5FdrosHfmj0OeFpRrU4hd80BF5cMTpyAlFMvhjNlE8Td3s4R6vWztedf
830,830,insert,three___,____5154,4Jt7epTe7pWqpFpTZnEoAeowHZg1LARCtRMIDv4DbCMQIgnM
809,809,get,zero____,____2501,
862,862,get,three___,____5231,
675,675,get,four____,_____305,
830,830,commit,,,
792,792,insert,zero____,____4961,SApC2beDcj5ob2e8Tbj3ZTwyCMhaKkYiOtrqpXoTzSEW3nHwgHJ2
757,757,insert,three___,____4787,ZWrlxCbkU5Hjt12jyPMj9bUI1YWIitJdIkjgmEtvoDdBs88Z
826,826,insert,two_____,____5134,RN1EFiIjtirAXjZOw1AUBT84MIfe8GK9Ar0tXwWKHRNA9Sktpk
932,932,insert,two_____,____5625,tJY2oXkUEL8c2y8l6NZiJh24MJVg5NG2ABknGE92d2PI5eNQRdaQ1
738,738,insert,two_____,____4705,M34g72JOgcpMcCKWTRoDvUuvbXiNTRG6GnPO0oCKPs1V1JKGgUKhezZJJw3aUfj
952,952,get,one_____,____3021,
884,884,insert,zero____,____5396,J9PmBnhSYpKI1ajLJfMbHZRHT6fV2vYz3o4CWK86sU81Rezo
785,785,get,four____,_____558,
963,963,insert,zero____,____5795,1FNZUl8L5T8Q650qH0QJQKohLGq5JRSy7EeY3h7Dnvs61OLbbgOeo6VYcvrkY3jg
675,675,insert,two_____,____4399,Jvbe7vlRRzW3l6xPfJ9okxgob9IFPWyVAudgys32D
828,828,insert,two_____,____5139,IBEwDE32hX1uPAwmweDewZhYh763V3dYmvPKFLTS4amJPZtUkwPJa
932,932,get,two_____,____4018,
826,826,get,three___,____1229,
727,727,commit,,,
940,940,get,one_____,____4235,
973,973,get,three___,____4325,
932,932,insert,two_____,____5626,Gry5IxjbXBgvbv7xksXUyoEqztL9x1ykWYDTDSPdBNuiaLd
808,808,get,three___,_____618,
682,682,get,three___,____4296,
757,757,get,one_____,____3690,
762,762,insert,three___,____4817,Y0LBxGL1PdWkmmsrkxQXCcMJjDy1WSHfHaJRlKHln8DK
776,776,get,two_____,____1011,
963,963,insert,three___,____5796,TMY9CXOnVjo8ukpEegsRIGJ6opAaB6kxbsCotVq77mN3K
973,973,get,zero____,____1706,
964,964,get,four____,____5129,
716,716,commit,,,
942,942,get,four____,_____877,
964,964,commit,,,
757,757,get,one_____,____1022,
843,843,insert,three___,____5210,HpUEbbOd396YNpPBn2bBTuidIsyXogCthEuX0KW7YUk41G5E9iMP2
792,792,get,four____,____1111,
798,798,get,three___,_____635,
682,682,commit,,,
852,852,get,one_____,______75,
952,952,insert,three___,____5729,IJTv6iRC37Eha1pRaW8gC8W6zoBaoufSSUTHx0MIO9vPYHoVxuQ
741,741,get,zero____,____2709,
937,937,get,one_____,____4729,
937,937,insert,three___,____5663,SoafCRpxwNbh5wpzOaIkmMkvOJiLMGbblCNFUx
809,809,commit,,,
805,805,get,zero____,____2913,
753,753,get,zero____,____2765,
762,762,get,three___,____2118,
875,875,insert,four____,____5352,hkV3qpMAaEGvlCYKLZUrUX4Rks80i7gGMIZZlu
812,812,get,zero____,____1139,
886,886,insert,four____,____5406,D44bLgPU3Hkz5RYt8pt46Mw9lrW5tBJtLXEUrkbpnAJXCVlGIxK
762,762,insert,three___,____4818,zFPbSvmgBNotOKTXPbpJwHbjvDBHNOAFQtHvbIuzTkLIPIWY7Yr
919,919,get,four____,____4431,
925,925,get,two_____,____5269,
925,925,commit,,,
956,956,get,three___,____4601,
921,921,insert,three___,____5570,Cr7iH7yw7AymmFq3Uh5y6SBERyAyk2TFeEO
886,886,insert,zero____,____5407,7SpN3KtjgPN1BHwodeEYsT4Kt4MikeglTz3
784,784,get,zero____,____3992,
741,741,get,one_____,____3096,
989,989,commit,,,
675,675,commit,,,
927,927,get,three___,____3566,
911,911,get,zero____,____1075,
828,828,get,three___,_____863,
852,852,insert,two_____,____5255,PLdnVI0ci3s81h1JwWvxO9FlQjHyX9LMARsGNKyrE3c0A66
952,952,insert,one_____,____5730,PDS4UqDGs3K93jNgCLAcQ13hMZJB2apeqYmYAEJwA8E1CLhOck0st
740,740,insert,three___,____4713,WEmUPIPUNI6wrIcjziS8ZtieXGq2joSQH3BaqCBvcPb8IzbWfF8NV9i1
757,757,commit,,,
740,740,insert,zero____,____4714,2NuvW34OrnWxWYNTdB2xscBcdKAP901srkS00tfPHKwA9dlM
808,808,get,three___,____2405,
932,932,get,one_____,____1059,
937,937,get,zero____,____3841,
940,940,get,zero____,____4243,
886,886,get,four____,____3974,
784,784,get,four____,_____280,
738,738,insert,zero____,____4706,ttXlwgbQyWMN41a2uGssZs8pgTSAUeiQI9j7WLTGq1yt5
762,762,get,zero____,____4033,
911,911,insert,four____,____5517,dhM4ZozMvHz82xH5RqHdX8NtrnvHWRLpIRa8XMRL51UjoRrKEK
961,961,get,zero____,____2423,
805,805,insert,two_____,____5028,Z26N4BLJUMNwFDrNaNvaGz4j21bkHGEYBDB3
852,852,commit,,,
919,919,insert,three___,____5555,fByV64MUylqf3WHUNTS6acXdgaKDd7enwGH1WVhnr8aEBoobEfDL5nK
932,932,insert,two_____,____5627,PCoH0gZzpzWZDqWnZIsbo4WxOnAE3N7lFIGs6zPUL2A39T0FHRR
945,945,get,one_____,____3095,
707,707,insert,zero____,____4555,8TSF6P7UrBwB7WlNjZ34oUEfSiGCJRpaXvSGIgoXKCtOK8uiQfo
707,707,insert,four____,____4556,qIjPFrJT8Cax03YQ67X5lhWzgLX0C8FCyFhvz
784,784,insert,three___,____4923,MwZib2bZsUl5Yq0HpVeDcew1MDhtekAxc20JKGOcInIEN
945,945,insert,zero____,____5697,g9ipC8lAN5jZrYY5XHL0XvSiKxlIBKKRY
761,761,insert,four____,____4812,VNEMDlaigWvm6TKamaBAsMj6jabtmiFF
862,862,insert,one_____,____5297,CP8HKv8YrK84O5VT2IM882z0cicESFatmwQI01j252ZV7
862,862,insert,one_____,____5298,0E3Qiq5t74ajuLloL2N18pxLk0mThgKmGZ2bnj
738,738,get,two_____,____2584,
775,775,get,four____,____4785,
963,963,commit,,,
786,786,get,one_____,____3690,
973,973,get,zero____,_____952,
942,942,insert,one_____,____5690,H5cZ1HnQfvaUMKzDLjsBrPa3OTxH6CApCnp
785,785,get,three___,____1792,
805,805,insert,one_____,____5029,PjUTCcSiL2pj8LgxioJbBL9pFPPc6WrQBEBEg8eEepcRRMD
961,961,insert,zero____,____5777,bqc3G40im04RkjscF1X8OY66yOmPzKNVvFCTJMRk6yyp
961,961,insert,one_____,____5778,J2eZcvD48N5t24zMd1gXysFtppGfasgEUZ2IBhv3rvrjL
932,932,insert,two_____,____5628,TMAjRszs7Fx5px0VN7Y0u1XUv5uGJCLzDCJEe50BysoLVyJSQaZVuF2TCoDgcr
750,750,get,three___,____2576,
927,927,insert,zero____,____5602,kmFtSZr1zzjFvTDfJdww7ANNmswb9LNjZsUW
921,921,insert,one_____,____5571,fmeNNj2nXTdmBnGZPhvVGm7nXn5eV1O0Y6B8PVovf
786,786,insert,two_____,____4929,UZ6uN5lYtV9wbYoFLBYS1vrRZcMT1VMa28FulH7eDPHkx33L9ejHOW1vG2eF31
843,843,get,two_____,____2030,
952,952,get,zero____,____2924,
784,784,insert,zero____,____4924,Qq89fp8z3htOU8HaZyNu3wbdQAQim3x1KXDE7zNlK6sdLru4nccYmK
932,932,commit,,,
792,792,insert,two_____,____4962,UPG9LJbsB3ltzhy4qY20SsnAd9CFvCzT540niWp3FZHWHpAA
839,839,get,four____,____5152,
911,911,get,two_____,____3051,
812,812,get,three___,____4781,
911,911,insert,two_____,____5518,cMTY1HRlwAU8ehXrzSTk5VSViwtHKcGAzzlQiCooxg6lW9qr2NiWGG2KF
766,766,get,two_____,____2589,
753,753,get,three___,____2179,
973,973,insert,zero____,____5841,hcnF1vwK73QYvaP2jzLdSjZgLRSS66qDdUf
973,973,get,four____,____3589,
954,954,insert,one_____,____5746,0oPQMsig7HTPdBhwqvQlaMmvPEVhKKJpr
812,812,get,three___,____1340,
808,808,insert,one_____,____5046,81IXi4OPPYeAflN7hJd8dwBgZhZVKtKeaTtY6giDVSfrhv
843,843,insert,three___,____5211,1tDup0DMyNX8ZN9B5hzXZxNGVOgXRNcBsDzBOyYuGCweobD7
766,766,insert,three___,____4838,gQbVAxLTYPZ0GZWbsVjrU85sO7Pjx0QBq6qm
792,792,get,one_____,____3119,
775,775,insert,two_____,____4885,WdnzEXiHzAHGDIDbbKdg3Fw0u44LTZOr5tSdCXKUYrZEBJDjMQS6ZFbg4d7F3
776,776,get,two_____,____2230,
785,785,insert,two_____,____4925,okueFltKZrVS7VEU7LTenQ19JMTeJDU8kjsVHLmtTsFsAgELXp1W2CA0WD
839,839,get,two_____,____3731,
956,956,get,one_____,____1657,
812,812,get,zero____,_____285,
956,956,insert,three___,____5756,Zd4fojcFykQ0zI7I5T1zfpQeqVGb7UpC6ybeBCUS4vDlQ3F1p
762,762,commit,,,
961,961,insert,zero____,____5779,N3JHwOHtVNFlqx9jvrdwwIcWZiKfGQBPuQcpFtcP9eKvO52rCNA
893,893,get,two_____,____4208,
886,886,get,one_____,____4301,
782,782,get,one_____,____2557,
973,973,insert,three___,____5842,k2pBhWQbRNjEopTEvG4y6WjpgXHPfTYkyDFGbFnxh5Yd50Nvvdb
760,760,commit,,,
761,761,commit,,,
740,740,insert,one_____,____4715,HZiEOug5XuozUfP3jKuZuzFRT2sw6tNBFQdbXXggq4KRivRuBxLQiId
798,798,insert,one_____,____4996,GMM6R1t8pGrRNaeXXTRFtFoncSFdvhtaQGwrEG
785,785,insert,three___,____4926,mVfMutQGDnMvjmhEUmnr1Jk7Z7hjC68Ih2KVLoqAyPlEFbVH
769,769,get,zero____,_____799,
792,792,get,two_____,____4433,
738,738,insert,zero____,____4707,7LQzImFAzQYYK3irzqO5SRrC7F1nfEcp
740,740,get,two_____,____3482,
707,707,commit,,,
792,792,insert,two_____,____4963,qKgLwU9nlBAYEVjBexaFcEwFnm53pp4K2aKrFiGRlc
921,921,commit,,,
949,949,get,three___,____5622,
944,944,get,two_____,____5533,
776,776,insert,two_____,____4887,kpN64VsyAdH0oWwx5erXjTlYyDTWmfrES5TyGJKNcEkI4Ux0MhhSEn
776,776,insert,four____,____4888,nzL5FuBmZsNDGY9FEYlUdumV2Rg0cFFMNTzm
792,792,insert,four____,____4964,CP1VTkZW6l5B1eYvDvQ6MoUvdU2aEWlpnQ1oCGdPaOPXcKbUIwAA
798,798,get,zero____,____3749,
839,839,get,two_____,_____719,
949,949,insert,three___,____5717,UQm6P2wtgUIQDT7s8uVR33PPUBuI0IgDslDPi963pxm
741,741,get,one_____,_____115,
741,741,commit,,,
945,945,get,one_____,____3495,
911,911,get,one_____,____4422,
792,792,commit,,,
875,875,get,one_____,____1503,
949,949,get,one_____,____4565,
893,893,get,one_____,____4826,
775,775,commit,,,
994,994,get,zero____,____4884,
956,956,get,zero____,_____941,
786,786,get,one_____,____4738,
949,949,get,one_____,____2408,
784,784,commit,,,
928,928,get,zero____,____2697,
875,875,get,three___,____3437,
862,862,insert,zero____,____5299,8or4H0FmdX3ZEk7JLyq3Fk7PmAP0tqUEpzvsbBbnGZamFmOIFdsKkuzvRBeWh7q
753,753,get,zero____,____2382,
994,994,insert,four____,____5935,wCuaq2Y98u4uYVOX3sIz7aphRyfROrleU2Gmxwl2IrGP87zTaqoS7r9shOJ
843,843,insert,two_____,____5212,I8FHAUYTBeX7WpYxrQCXkqkzx6HHZia6dIiX3H2BnjPK1cpREiV
769,769,get,one_____,____4257,
956,956,insert,three___,____5757,EEgud25krPVzgcSLwUWOxSujTfB14TbFDgInF150tWcDyKKw513SVUNe1j9
769,769,get,two_____,____1656,
828,828,get,four____,____1207,
785,785,get,four____,____2560,
886,886,get,three___,____2741,
898,898,get,one_____,____1630,
907,907,get,zero____,____4528,
893,893,insert,two_____,____5435,2Q1gsJq0LkzevLAKJtdRVKLmhAK7g3pNxWHwKaAKrQ4m
839,839,insert,four____,____5193,F4OrvBgQR787PRRgsf0T3NV8IipXv4EYeBbEMCyU7qGYfaCuvbBMUUJcRyS
911,911,insert,four____,____5519,hRO9wY1YWvrXDgM5YzwiqPlzxNezHV6S1l7XG9otb4
927,927,get,zero____,____3625,
954,954,get,zero____,____2715,
907,907,get,one_____,_____207,
898,898,insert,three___,____5458,p4FjFSkRNZkEku1Pb7jJoheHX5H4ktfqHeM3ialDfwAZanK0FawtAOgESQQR7X
740,740,commit,,,
937,937,get,zero____,______63,
942,942,get,three___,____4118,
930,930,get,three___,____4960,
828,828,insert,one_____,____5140,zSlbubXQUa7lTFxXj6ozv79UM06aDDbCHUl258Wdd6bKryqGZ
952,952,insert,four____,____5731,4wtNuSHyQIbD0INC5V9dt0ejNOEyntmFhTxhvSndF200DBb
898,898,get,one_____,____2567,
766,766,get,two_____,_____858,
973,973,get,three___,_____648,
898,898,insert,zero____,____5459,jd6608fx1YjKs72GbLOdEedR6UzajKeTi4SLtjdCPXFMGLo2ZSf6Zy60vFcsH
805,805,insert,two_____,____5030,AxNJr9n2q0v68WItgZBeBLtaWusK3qgTd51xb6p6nEfW5oQNce
945,945,get,zero____,_____448,
952,952,insert,four____,____5732,E08kwPZOJhPohoMgP5Bn9iW9fOzYtTyDqGlG
907,907,get,four____,____2891,
930,930,insert,one_____,____5613,zS2k1UrqLsAGYWoQR0y0sNCdb9NMVLHZtWpm2CJLm
907,907,insert,three___,____5501,zj59OfQeLQ5Syl9X8sXrRCOPCYb5mDaNT263DHBHDqSa7sql218n
805,805,insert,zero____,____5031,2VxC4qMVHR3TlVnXoWUsy5Zzwa6iClnUxgEfDFgidTCDmmiDgcVrsayG
949,949,insert,two_____,____5718,FWWMlC0LGTBPaBbAv7XUHXQ1JqIoMozZOiAQF96hoYTzdg32dPktJ
898,898,insert,one_____,____5460,uGfN4rJfxjDSiThYfgQfjhEn0bi3jExgBpMRFEK7e3Z2yhR3as1zGiQEK7ESCVv
750,750,get,three___,____1511,
945,945,get,one_____,_____216,
840,840,get,zero____,____4712,
766,766,get,three___,____1627,
750,750,commit,,,
977,977,insert,three___,____5863,bc4IFfhbjVophzaFH95x63nggqu1mVGurmAng0
828,828,insert,one_____,____5141,tp86HaXkeX6FnH9VtImZjRPRrrsgrOxDD1yBw8MK7s0yly0CEEvV9KGVmPiHlD
944,944,get,three___,_____462,
977,977,commit,,,
994,994,insert,zero____,____5936,wiTOEcCE6KCGB6vo1ZrqpEUuOxgBvdS9
766,766,insert,zero____,____4839,hMpvBdQJugtKAS3npAgPJa0uUl0auDIdVeEcrktj8CeFM5wDhggQjvS8oCMzi0w
937,937,insert,two_____,____5664,4fYQmKhh3vSf3ley44DrEaljXuyCgnMHYHeHdED9Z1Pa8tCQogNEtg
956,956,insert,three___,____5758,IF6neKpUeNxEcb7hbYpLYWpgq08MDDvWYqHNxqc
956,956,insert,one_____,____5759,eGASSJCuLrfhE1ZuWDmhNnhR0fKQZlKHCGwZLafYy7MdqZb5bZ9bEPWTIp2AobS
823,823,get,four____,____4785,
776,776,commit,,,
911,911,get,one_____,____1214,
753,753,get,zero____,____2698,
860,860,get,four____,____4888,
785,785,get,four____,____2470,
886,886,get,zero____,____3550,
843,843,insert,one_____,____5213,I66pLj70wWMLh0PyU6CKJypKnLiXRxdfFJcNjYWq6arugMM
928,928,get,zero____,____1674,
898,898,get,three___,_____430,
956,956,get,three___,____5323,
798,798,get,one_____,_____794,
952,952,insert,two_____,____5733,mZpnTb5hGz0zowUY8aEbnixpkqGF5ZVvkAoBgpquYK7UiJQunVHURd
766,766,commit,,,
945,945,commit,,,
862,862,get,four____,_____748,
828,828,insert,one_____,____5142,4RCFRkdugiRMwAvLxtifuo1ApJUypHl0SNPURrm4gl36wbH3FcyBL9r0L3xVAZQp
796,796,get,three___,____4838,
956,956,get,zero____,_____123,
786,786,get,four____,_____545,
786,786,insert,four____,____4930,GS4qyOVkSR5lfsFzOIxTp1fknckQ4H8DnOb
907,907,get,zero____,____4048,
798,798,commit,,,
797,797,get,one_____,____3180,
952,952,insert,zero____,____5734,SXqYhunita3QjobU1zV1yFr3lZvAuiT6T4UHS2XzlcckkF4U4v5TjymojM
929,929,get,zero____,_____406,
808,808,insert,one_____,____5047,SFvtidSwyWPx9zBvUOpvvcixFEL9BmLhXWypfHniAw742fljBjJxfEoncA
812,812,insert,four____,____5064,MavWwzGtQiE1lXStk3g2TAXVjDIMCSZxl9iOKTVgpqI
839,839,get,four____,____3248,
866,866,get,two_____,____2589,
949,949,commit,,,
927,927,get,four____,____3392,
862,862,get,two_____,____2759,
843,843,get,four____,____3088,
843,843,commit,,,
942,942,commit,,,
933,933,get,three___,____3462,
785,785,get,zero____,____4474,
805,805,get,zero____,____2338,
985,985,get,three___,______68,
886,886,commit,,,
769,769,insert,two_____,____4853,qnN1lfwoDdCBpOpHnz7EGiSbPEzFoZX8BghhZp2YceUToSzIg
994,994,get,two_____,____3854,
782,782,insert,four____,____4914,iWck23Hd6jsoHrlx13iG7mE7LDub6Q556uS3p2YbVbzCKrO34BlIbvRo
944,944,insert,one_____,____5696,BjYmLPSIWQdxrJOhXGaHq2dhYgxTYq8lvrcGEyEzp4sx9N9kbvn3Zq5geAoVs9
933,933,insert,three___,____5631,WCZMAdPR1AQdfeqDs12NqTxctHx5yl7hdKlHFna8WKzBkMfKG9Hjl9cFcQg
875,875,get,zero____,____2042,
954,954,insert,zero____,____5747,ojrkryePwsrK7afz94eKGipt9Nqth3XM5NVHYUJ
928,928,get,zero____,____1391,
785,785,get,one_____,____1087,
929,929,get,one_____,______14,
840,840,insert,two_____,____5194,5fYKe63OEwQS0IRsh68PPD6FRfiVpUUgrU7c9CbenZLSgZlN
985,985,get,three___,____4133,
753,753,get,zero____,____1940,
828,828,insert,three___,____5143,lcToH0YFdy9flSdRf7KlA4ywFpF1gl6hbbSZZakB61yzngOwR2WPNz
782,782,insert,three___,____4915,0Afj6NtVVfYj5J2tSLSV9eVtTPfWJBlgpaUyVRhsW6JnJBugFkRISIhSr7u
927,927,commit,,,
928,928,insert,one_____,____5605,8IxVnu7vy1yW8VnmEayHTp3yrMLLM9RrTWB
785,785,get,one_____,____4131,
840,840,get,four____,____4709,
808,808,insert,three___,____5048,2a7fAg6TyfcB6HAeeMWihQsnra81FVuqIhCHj8kmkjwlY3JqXJ5S5C
769,769,get,zero____,____2527,
956,956,commit,,,
928,928,insert,one_____,____5606,MQki1OnAv2LRYgmi66cmBeRLqpi7GODHPD5Zl0Affiu9
985,985,insert,one_____,____5895,Uyqr7yn4jvyUAhhiUKkzmKPDK7vxFRhPfZ8sVoGv61pi
862,862,get,four____,____3901,
753,753,insert,zero____,____4766,HQ7RrqDd7ID17echuRuWTQdAVFP5UxWhmrfDEbNyD
911,911,insert,two_____,____5520,uXPydAJnvNDj4Rgb4uJJkTMNMHQoZgFASqLfs35XmDAYoMgFjxk
840,840,get,four____,____1575,
983,983,get,two_____,____4869,
898,898,insert,one_____,____5461,WmOomQCt91bxTaXWAPbztF2NaLkzysakkywB9ru6C1Ze51QG7wJ0S3MJ4
823,823,get,one_____,____3708,
933,933,insert,four____,____5632,bYb2gHN24buBiNWz28DPYZRGG7MMvFdzn77e4W3MmaLKkz1V2yVgQysjXBu
769,769,insert,one_____,____4854,QdFq84nKRpO9ZcPdh2Za93UL4sLkM1dGO5E1wsjLiUdYhFq12JCNVlswWTKe
753,753,insert,four____,____4767,ERxcvG82fHOdiaQXn31mYVpfconmUJpzjiVBb8KZGNo9X8wIa
753,753,insert,zero____,____4768,HCCs65z7LaXJZiuO480xOqibxZ6lWzNMoOJecwp25HKFYwljVYBt2Y1XFH5
893,893,insert,zero____,____5436,fH0OVB8moxQrYewrtR8x0ObwirNySRdwXqL4QLWzD1zieZ4H5o7RO
786,786,insert,zero____,____4931,lhS8U272ZYoIDkkFmpgqoIa1QTUixc2XJ7t
785,785,insert,zero____,____4927,GgCamJzfQrfRaEV9cSKTsEGKzASGrtmcspzWlSwdQ5UZCXCtgEBKvT8
840,840,get,zero____,_____336,
960,960,get,one_____,____3646,
985,985,get,three___,____3489,
860,860,insert,three___,____5287,SJEHUvOZE5lWTNVPhVWgF6cIH3zf8zTy
933,933,insert,four____,____5633,pq7f3JFT3Bk63VR6fZUmaY3jOsajzWKVYxtkRl
862,862,commit,,,
839,839,get,three___,____4810,
928,928,get,one_____,____4142,
786,786,insert,three___,____4932,wN2A8FEUuV6MTsmk5pfmLDx1btDoCnHXLmbrkAEXD4NWkSSYtB7rg2UWd
930,930,insert,three___,____5614,MRDHnJ2EBla4BTcIsO2bNCi62qQLBYycpeoa9z
769,769,insert,one_____,____4855,dsmDPzbR0Hq8GvHD3Fbb0KdGcE5KBZY6nXgcnUtCmdzlXY
958,958,get,three___,____5756,
907,907,get,one_____,____1558,
954,954,commit,,,
898,898,get,zero____,_____810,
779,779,get,four____,____1167,
893,893,get,three___,____1140,
933,933,insert,zero____,____5634,G5BDNvHcH7yDToS31WtBL557akqUO2nr306E
738,738,get,zero____,____1481,
805,805,commit,,,
839,839,commit,,,
960,960,insert,zero____,____5776,Q3nuPpmd4VeLBmpPygTdqjaiaGHjUpaWll4vH9U2CJPt5CvjJSUZ9752u3dCa
875,875,get,three___,____2892,
738,738,commit,,,
994,994,get,two_____,____4021,
823,823,get,three___,_____257,
840,840,insert,zero____,____5195,ASYyR3rOM5dGgz1HUHlK7DiX28smWueUKMaccmSiMFah7q
840,840,insert,four____,____5196,RMR6bfPPscsOznhLuXseW9zYAfZvKCa5TcnTfQh
769,769,get,four____,____3222,
785,785,commit,,,
933,933,get,zero____,____4672,
860,860,insert,four____,____5288,fdubruJGBvb4JeD2KnGTPvLhCKviKsmBgGzMPJ0lhVAO7z6AV
985,985,insert,one_____,____5896,VbVqqdxhEeeUBWZWyM1vJQsBTdKXGGtuSaJvVV6Lgz7GgRgcnjf
994,994,insert,one_____,____5937,YPrjyhjQWdqbGR7GjocmJNhQUJuin4O9HRU3jVLUWdXCbvi9fnGM29Io2hkA5sZs
985,985,get,zero____,____3774,
911,911,get,zero____,____3814,
786,786,commit,,,
866,866,insert,zero____,____5316,w2TvgwY0xjibMxn2bzk0RlN1H0NAsMTieC6rZQOf17Kl2RS3mokkhdO6tPy
769,769,get,four____,_____221,
769,769,get,one_____,_____378,
796,796,get,three___,____3962,
875,875,get,three___,____4891,
937,937,commit,,,
850,850,get,one_____,____5213,
928,928,get,one_____,____2918,
911,911,insert,four____,____5521,yqyACrc90H4VIMyNTTJLecpOc54Cf7Wq2klFKafYyS7oetZ9mOwDrw4z
808,808,get,zero____,____4225,
860,860,get,zero____,____3390,
769,769,commit,,,
985,985,commit,,,
860,860,insert,one_____,____5289,Pm80tZrkRhK4kAa6p5A26N4XBSjh8qJDgCG00WpjZZZJQWa83QRJ1
983,983,get,three___,______27,
898,898,commit,,,
811,811,get,two_____,____1656,
812,812,insert,one_____,____5065,4bedk1ogprCb3WnNmVQfVc8ahTxOr8WfF2PW05
808,808,get,zero____,_____797,
908,908,get,three___,____1792,
823,823,insert,zero____,____5121,p062bWMPjqbweJixdpbInPfCfJzgooahqmBIA
823,823,commit,,,
933,933,insert,three___,____5635,m3tHlHZV16iJKWkd4ixIcYfKzFzoXtqiXJ37Vw63rLTb
960,960,get,two_____,____2095,
822,822,get,two_____,____4853,
753,753,insert,three___,____4769,a0vBp50ZyI4BzOip2PU7w6VJkOWVmcB72PDAvm
782,782,commit,,,
908,908,insert,one_____,____5506,OjYhmDxRxbWnI68IPn12wMyf9Ag8DZ3VURz6
928,928,get,zero____,____5098,
875,875,commit,,,
826,826,get,one_____,_____378,
974,974,get,zero____,____5116,
797,797,get,four____,____4775,
812,812,get,four____,_____415,
850,850,get,zero____,____2111,
995,995,get,two_____,____2584,
860,860,get,four____,____4252,
851,851,get,zero____,____1436,
969,969,get,four____,_____221,
933,933,commit,,,
826,826,commit,,,
822,822,insert,three___,____5111,YCzB2dvcrXS8koO9B6RAx2AQGt2t7uGrwxR8oID4YnaM3xUXGXZJZLI313tL25
866,866,get,two_____,____4820,
934,934,get,three___,____5120,
969,969,insert,zero____,____5823,Ul2gHboldtUqWusOrEPfybRDHDBUJKe5Bv0NQ6QgAm2sp1PtZqMy5cu5
779,779,get,one_____,____3244,
983,983,get,four____,____1838,
960,960,get,three___,____1627,
841,841,get,one_____,____2557,
960,960,commit,,,
966,966,get,zero____,____2042,
958,958,get,four____,____3190,
995,995,get,two_____,____3447,
907,907,insert,one_____,____5502,kDt1E7mHN9CvkagMIKvtXX9bupDNxda1
822,822,insert,three___,____5112,9qQiTVhoOs1Md0UPRuVqG0FQ1nM3W1SgZXm1eDhRP4o
970,970,get,one_____,____4908,
973,973,get,four____,____5152,
808,808,insert,zero____,____5049,fQWFiQSmVG4nn5RqVeYkPAAgtZXxcOGvmZIgc5xucFB
842,842,get,four____,_____558,
974,974,get,zero____,____3306,
994,994,get,four____,____4327,
929,929,insert,zero____,____5609,uP0kQCQReqN3De53OeQmULY3xuFY4OSbAyknIMW11RIDLOS2jfInzrhddLaCt1JA
811,811,get,one_____,____3083,
753,753,insert,four____,____4770,6nVD2818XUZDmJOscwuzjPVk8ula3ybJhWiBdPY50yOZQXf
893,893,get,one_____,____3078,
969,969,commit,,,
893,893,insert,one_____,____5437,mZ73DDdf1hXbnfWVSdIJf028IxaSqoU39lZtStVb9yd
828,828,get,two_____,____4448,
866,866,get,three___,____4415,
796,796,insert,three___,____4981,ZIc2kQdUT2b7W98TrLkcxNoqJmRoWs2uUdO8TG
934,934,insert,one_____,____5643,0FCfyPC4V1Hq9JC1Cr3hXxZ53giWjNm8
878,878,get,zero____,____5350,
851,851,insert,one_____,____5246,TKG3Z5huRKGJZnEVrcchiWAOUAdEZiKp26RzIGzeD1tix
929,929,insert,four____,____5610,l8Uz2IbMTBuWYtQtQrX5THG3uNopEe5m5JpQaY4s85ycC
850,850,insert,two_____,____5241,ICY8h9jmZiOGIslouEVJuR9FwOJ3S2JkmYVHbSr8T53f
806,806,get,three___,____2420,
860,860,commit,,,
796,796,get,one_____,____2269,
808,808,insert,zero____,____5050,4iqJW2ILyj9jln8Amh5bf1IzTBuF0cJRlXhqwf4WIFGaIdiKVSu
812,812,insert,two_____,____5066,a1f1hxXvg2UhNSJDSBViPJanyd9LawIpPW
828,828,commit,,,
811,811,commit,,,
893,893,insert,one_____,____5438,o40OEiiNHaP78nvayVzSkAByzI6RA8aJRAoLMVAo
779,779,get,three___,____2418,
889,889,get,three___,____5287,
796,796,insert,one_____,____4982,eV2Mo4MNT2CWMMUbwbN4HoaIYsYUCGdqiDvVeXUUmwozKz5xYHhQaUV
753,753,insert,two_____,____4771,eShKEk8RVB27Bb2oQ3ol4MLRghwgar8B89sjxkbHQOMd
822,822,get,zero____,_____299,
994,994,get,four____,____1083,
840,840,insert,zero____,____5197,2kSx509rNK7rRFkKhqBgade2rrFmGBWes2XKii2DI
842,842,insert,four____,____5204,IyWeBT7EnLWo4p1GvyXLMBqTqYN9wO7HHGaoSYy
812,812,get,zero____,____3342,
893,893,get,one_____,____1979,
983,983,get,three___,_____647,
889,889,insert,four____,____5418,LhsipcZL03QDzcmXZBSV8fFu5ebALaoIkymAUIfphwX
940,940,get,two_____,____5115,
995,995,get,one_____,____4531,
812,812,commit,,,
934,934,get,two_____,_____782,
948,948,get,one_____,____5142,
970,970,get,four____,____3907,
880,880,get,one_____,____4854,
901,901,get,two_____,____5060,
928,928,insert,zero____,____5607,pKoQP7kg2psI0kuR5FHJ80tQd1ZINCn5GHkYg
973,973,get,zero____,____1381,
841,841,insert,three___,____5200,BNyiqqbvpiKjivlaYDhAGEoJOVJuN0Q3p0Gz4KcDfJ7mjvDyKN9gkk5d9
966,966,insert,zero____,____5804,5Fu7Zk8PKRPwpfxMxJSaJVChZY8rcu6ewdYlmmj4Okr0W
908,908,commit,,,
973,973,insert,four____,____5843,Ac77uc9YZIEvi5xL4wLyOfHk24P7l5SbfROTYe
995,995,get,three___,____4974,
847,847,get,four____,____1207,
928,928,commit,,,
842,842,insert,three___,____5205,4lNHYzdmxwuWnt7yBQTsW6h2H2A1rO31IsUkbpbIoTpEWyGNkTVEaqvLxys
753,753,commit,,,
844,844,get,one_____,____5141,
847,847,insert,three___,____5225,FbBFO7unbJB77Ix84FMXucLHJoXPm9WGQ3HzzHzWFHO0h3rp3ZxiLCjrX09kM
974,974,commit,,,
851,851,insert,two_____,____5247,9FvjAxo5hsMa8YMVWwU5KGybMpt3qCNKspzD
893,893,commit,,,
878,878,get,three___,____1067,
951,951,get,one_____,____2918,
840,840,insert,one_____,____5198,SR4JYGqZRTAa69gv7WMqZ12nDlnhEOyQUbBYSfCHGmVo7Pqa
929,929,get,four____,____4015,
995,995,insert,one_____,____5940,m3YNOxr7eeGDkG1Qhji0pXlkLtC8jOFZCeN7U
966,966,insert,one_____,____5805,VrB7AcjtQ7GKC12EjOGKP5Q1ZmtrCZvOzVfTtnwnkj2pNqOHrWX75ysy84Cf2Sm
973,973,get,one_____,____2370,
995,995,get,zero____,_____400,
797,797,get,four____,____2705,
866,866,insert,zero____,____5317,yYhgBfp6Qu0ZsTGvZ8gKDmRQPYU1lFMDBTt2hy9Je6gsgdCOy3k1cb6WIVlgzv7J
850,850,get,three___,____5125,
958,958,get,two_____,____2486,
889,889,insert,three___,____5419,WXM3qsMURwB5wtitDkgb5FsH5VB6armCtVi8WlLHDjiE
850,850,get,zero____,____1869,
890,890,get,one_____,____5118,
951,951,get,one_____,____4085,
779,779,insert,zero____,____4900,j7yrjOPPcTvKFEu9xawHmbk2wlMD3W9P6x6UrF9pEOmcIH8mYs6XaUp96DYW
966,966,insert,four____,____5806,I9NyNBENXBD1fZ8ZknFAkwO5XDcRSkwhBGUtlnC1prS96oAf
929,929,get,zero____,_____810,
944,944,get,three___,____5143,
943,943,get,three___,____2296,
842,842,insert,two_____,____5206,fqMZEqTg0avwz6wBXhM40NN2QjXR3y1Aecndc9Y13NIsl
878,878,get,three___,____2889,
847,847,get,three___,____3104,
844,844,commit,,,
822,822,insert,one_____,____5113,9GJGOLwLJvF7oNOQGLOULsWiQrkc0fXdMGlzbsla3B9dRJf
951,951,insert,two_____,____5724,KFSvQku6SZROs0SwLByFmrGWGJLA05pbMkj89ltK0pwvqJbd0B0r
866,866,commit,,,
889,889,get,three___,____4548,
851,851,insert,one_____,____5248,RfElHbb6ADQ7l4P4toZ7J8Opbs1cPeo9
929,929,get,two_____,____1813,
994,994,insert,zero____,____5938,5Lsl1qRdSXZ7bii4MIKPu8cKlCrPyerua
779,779,insert,zero____,____4901,OQwV8xux45IrAQhZ5mYEazju4kBqkpzsucajHDqOu
922,922,get,two_____,____4820,
842,842,get,two_____,_____141,
994,994,commit,,,
983,983,insert,two_____,____5885,ybIR76KUzJb5Vx5UCGXml2WVysi3wariMGrjyIZSbNqdRDqmv8YOH
779,779,commit,,,
841,841,get,one_____,____3842,
996,996,get,three___,____4415,
934,934,insert,three___,____5644,AV2ZUhxcIfe3eRrOeTUAfIFL7KhLUyTtZ
959,959,get,zero____,____3518,
822,822,get,three___,____4292,
966,966,insert,two_____,____5807,CKMulkLpr7TdCXHRsBBcRtLQ9VNIKTlY9Q5sKuvJQWVOmMx2wGSg7RxIK8pjH
841,841,insert,zero____,____5201,vavf2JbFdrqyJJxjAbkAeWk4BJFPY7FMcoMYumyoeqkmobtpMUyj1QGgtD9V6ne
797,797,insert,two_____,____4986,BOe5rrVRXL9cgRxN9N0DYM270EMuyZaCVEMC9Zx5xTf
922,922,get,four____,_____381,
965,965,get,three___,____1140,
995,995,get,two_____,____4582,
851,851,insert,three___,____5249,QzKHeXrGSsJxM8HbAkOccGJvLyoLBbPwaYRZjPBcEK53eQIR3synxXF
847,847,get,two_____,____3003,
965,965,get,three___,____2648,
841,841,get,three___,_____367,
951,951,get,two_____,____5447,
806,806,insert,two_____,____5033,Ch4nH19QoOav85fCks7LHnjT8SZxFsR7OSQafguDECINiD
983,983,get,two_____,____4377,
841,841,insert,zero____,____5202,XQpYb0dqrU0babR2XiqQoOSU2rUCDPI7Vx8AnEU1XSCdGsWgEieTBVxbs
959,959,get,two_____,____3727,
889,889,insert,zero____,____5420,6vtOpdzzDoUhCWclF2OPJ1bIRtxYHelaw4xuozoQlmtJmOEZ9WxI5oaYX
840,840,get,one_____,____1095,
884,884,get,zero____,____2363,
958,958,get,zero____,____3806,
958,958,insert,three___,____5767,MH4GWugvTlqwkXXS6FWYOyJ3vjckl6syWOgML0
850,850,insert,zero____,____5242,XXha6UjzhD0a9LjQ3vfVhp4ZkJgCWC5coXvACtuO5iBEAlJmvTylwrW
806,806,get,three___,____2348,
970,970,get,zero____,_____142,
943,943,get,one_____,____1170,
797,797,insert,two_____,____4987,ULEm8C4ZYDd8JkYV0lWa6JhbckaJeqCj4ZX
973,973,commit,,,
880,880,insert,zero____,____5375,IBrj5HODCliMchfgy5rcPEOOwcsrp5EzkxqLI7JwT2D
880,880,get,two_____,____4221,
983,983,get,one_____,_____565,
878,878,insert,one_____,____5364,Kw6SL7QmlBia7wsK6yCqNlwDcaFaa1hTKzQqwky7QOoolMryGeH4hbSDvu5Ly
884,884,insert,two_____,____5397,LlDJKOPGAO2ydJwXkgYMea6Usl29SJDrjnKrpe
880,880,get,two_____,____3318,
808,808,insert,zero____,____5051,pay2PLgQNrJOdy0Oc6ErbUPY7yht5pXa
940,940,get,two_____,_____738,
943,943,get,three___,____3100,
922,922,insert,zero____,____5574,UdiRJMlbblQp4FmarJstFb6ynrYr6mMJoRmVZIgcwHXnRkmSioRmDnYmf2xbi
958,958,insert,one_____,____5768,Hfp2MmXW1yuDtVlFWWZgKlbDZfG28v5qnrv0
796,796,insert,zero____,____4983,7Ig7CubqSDlBr6y7P1nCP7fe7qC1tQvO
808,808,commit,,,
889,889,get,zero____,____1586,
965,965,get,three___,____5321,
797,797,insert,three___,____4988,VDSrSW294haFbJvVnTjCaoqPVJMP4jVHgHOkeiiQ8Ljw4FbRnMZrL
889,889,get,three___,____2441,
841,841,insert,three___,____5203,4Jc0BrkmemqiTViukXX6sNcc8lgjOicZtaimWs7qAlg1cjPaT0tU6tbG
878,878,get,one_____,____1328,
966,966,get,one_____,____1606,
797,797,insert,two_____,____4989,Qn0liffpPra3NtoEK2FD0pERUCV49MEIleidLZcZ3szgQsMPjgxHUctvXcODmFKb
878,878,get,two_____,____3339,
884,884,insert,four____,____5398,bzbNreTa2OKYVG84nTV7AOXl7CJNofhddEEVNzp7K
851,851,get,three___,____3912,
940,940,get,one_____,____1971,
943,943,get,three___,____1616,
880,880,get,four____,_____827,
958,958,get,four____,____4964,
907,907,commit,,,
913,913,get,three___,____2405,
996,996,insert,three___,____5941,c7grk19Q7W9WF3D0gEiz9m28BhZMWGwWv4zxsqh0OI2sQfi5B4WM
841,841,commit,,,
966,966,insert,zero____,____5808,NgybxLikXiv9ReZeJ2r5skpkzAgBt0ymwJjnmhsgFtxjtZLfnmzQwGKYtY
965,965,get,zero____,____5121,
965,965,get,two_____,_____932,
796,796,get,one_____,_____393,
948,948,insert,one_____,____5710,4QNbkl0nesLvMhXXnmLTdkUzhOmqK0T4jfujcYhiRsXHkE2lFEA
796,796,insert,three___,____4984,7RzJPkrzK8rDx5pm3IzkMOJYyYZSJ1QK6SvytJrEFU7ZJm6Wif3LCw6JGTuZf
822,822,get,four____,_____807,
842,842,insert,one_____,____5207,wQlSihaeA8ni9VZYoVFmjnFbJWTaYbrAtalEG3Z6oAgC4pHUWvD133k
863,863,get,four____,____1468,
822,822,get,three___,____3760,
796,796,get,zero____,____1237,
884,884,commit,,,
892,892,get,three___,_____367,
996,996,insert,four____,____5942,351nlS8Q2WG54LQ6nObSF8PTio50TcF0a32k2C7zvGHXISbzR86GFIq31ox9
929,929,get,one_____,____4119,
929,929,insert,three___,____5611,0sWAzqH9gbuBRWFygUoJ24zRgJamfB04KLWZ514b8uu8uExKsPe0YB6XC
892,892,commit,,,
842,842,insert,four____,____5208,mXlOVqI6VX8TWIkBhRdASoGZe37sZlmwMgc7xStA
851,851,commit,,,
983,983,get,three___,____4165,
953,953,get,two_____,____4895,
944,944,commit,,,
934,934,commit,,,
940,940,insert,three___,____5681,1XlSyD05852KOkHbZjuEdt6PpMKyovgeJwCuJ4olU0l
797,797,insert,two_____,____4990,XAvLuPf0jNm0Zx5Bn8R0kEUGk2g3YFdWWPRBz0nI2QBZGwfCDsQ0q
965,965,insert,one_____,____5802,qPlYeSD96TNQMc7XM9MXtfs8dmJg8Usrlo
923,923,get,three___,____1070,
872,872,get,zero____,____1917,
948,948,insert,zero____,____5711,Wz3qWz7O7toTFwD8cgUeyDrdO9aaUawHk9f538IyHeLAFsbmTSvaL
850,850,insert,one_____,____5243,YyQ4H1cdt2KJCOuLr4gbmTbvps6qVuZtR2u1Xq4AA1cFA0fI3HMXgwbYmQ
961,961,get,zero____,____1354,
951,951,insert,four____,____5725,AS0eLCTTZzlmbbq44OYWcm1PmPjKraRDlhpFmx75RFAq7YSlYgUhT6btqhi1X
863,863,get,three___,____2867,
878,878,insert,three___,____5365,jYvsvdM2cRphn7DSIdcYkibbipo7pV7O3ZUewrbFNOwXus2zcrtUD7mrK
890,890,get,zero____,____4864,
850,850,get,zero____,____4799,
797,797,insert,one_____,____4991,OX9ZvtdN16CjCcPJ7bK8m4L4qVQddQV83JTokgXLHyotDDeKC
943,943,get,three___,____1904,
872,872,insert,one_____,____5337,NFVzaKAx0xQOqih1z3ilbvarRV2cCSML1MJjlS3cZWXP4UWfZKHeavjgGGZmK
966,966,get,four____,____4556,
847,847,insert,zero____,____5226,yvc1UEAs6ACK6YIu01yGWU7Qgo9te2I1fFFKOPYSX6rMNKSNxFz2
850,850,get,three___,______24,
943,943,get,four____,____5668,
965,965,insert,four____,____5803,DUiWglHDKitqLcoXaUjGAjBsKflsNW6Ovlu0uyuDsV31
965,965,get,four____,____2272,
959,959,get,zero____,____1966,
970,970,insert,two_____,____5824,Y19AHfNrSrfKFOppN3NnslsOeiL2mw2MuOESFhtB14nTAiqwT8iOWHw
996,996,insert,four____,____5943,HM0SDmr5dnFoj3LWi5q6jJJ8CX3F4GepKU
797,797,insert,one_____,____4992,ND9xJMNOANDioJgfYgLQUgjqw5e34iUxCmozmrdD
806,806,get,two_____,____3838,
913,913,insert,one_____,____5526,mFau6P2nKCFR97nNHrGw1ZWJv7U2rTtwCV0NcT72wcoHStQVh
947,947,get,one_____,____5248,
996,996,insert,three___,____5944,yiCIH5bw62mMXbk63ESGojzhBMraoHVNu
966,966,get,four____,_____263,
965,965,get,two_____,____5269,
822,822,get,one_____,____4539,
873,873,get,one_____,____3842,
850,850,insert,three___,____5244,P3FMtY98wZkaMB8zzXu5AOgUnQozc9gi1UxvNkrpVs016fwOf6UlKpQlNzWnJG
947,947,get,three___,____2588,
922,922,insert,two_____,____5575,DtAFVSyZHyZSTtGTrW7i9o6RZXJgtSltLmoPe9Kxngp4vU
965,965,get,three___,____3214,
913,913,insert,three___,____5527,tez5JFS66hnk9nMV7kvRT0GMljngzTYa
930,930,get,zero____,____2702,
822,822,insert,one_____,____5114,CyeCazlEJVIrLosD8q36YTXVZHeVGpzU6G2vznmpQs1hGWQ3UC54
806,806,insert,two_____,____5034,hwaTkLjY0hlcEVxNvuUVq1SO1OCSZ7uyvyph1ewIvwMz07H39EG
796,796,get,two_____,____4952,
796,796,commit,,,
929,929,get,zero____,____3360,
970,970,insert,two_____,____5825,i76M8eMrPwGSKAViPOEW3ghHosXTCMw1qA1a0WKsTjj8
863,863,insert,zero____,____5303,uHyVcfLLVXhNyxjwrEKDU1WbjkzsSTnAavAzW0wOR
961,961,insert,two_____,____5780,L2OlU7mbJhfyvr5BoA8GpQk1lQTlfnYf3aVR3fIYslza
948,948,get,zero____,____5436,
873,873,insert,one_____,____5338,jH2H4tluNwqWPBotzLXtybNBxBmzo5oIrJsSlb7Vmt938I0L
996,996,get,zero____,____2278,
983,983,insert,one_____,____5886,TIp2YiQJGkSAa34qKmCV8QorG90jHM8KL04DdPK9Wmk0gEsl6tPTxWR
873,873,get,three___,_____726,
872,872,commit,,,
878,878,insert,zero____,____5366,v4ikpTvNhJbsFjQDrROR5wAASCHbIlZ0IktvBTWShXyOhVC4ypXpkXb4V
991,991,get,three___,____5143,
991,991,insert,three___,____5928,UegVNloGJGxA31wvuQ4rmcBkewPlKRrSCi7Vv
943,943,insert,one_____,____5692,eFgWsXxtV5R4d2XFmKhhi1F4MOwStJGq1EmGFkXoQNVhJqhjQ7blQj
948,948,insert,one_____,____5712,SvvcdI7wGwCppfyXRNly22Xh9Z6SqlU2RYTcADh4GI4DsASSCrqrNFv5Xj
913,913,get,two_____,____5187,
890,890,insert,three___,____5423,62vV1ly42xgH7vCYibsHX9RqmCnK9b5QVDckIMHBEdPIvErf
797,797,get,zero____,____4467,
847,847,insert,three___,____5227,LgtwVrWVDcQZuHS8l4IH1Pv0xw1vRGrsYeDtIOZ3wS4Pq3WI9ZTWkNHAw
847,847,insert,two_____,____5228,gvgBcFqjNefQX3o0NAJDN8uaCLaxk5X6804nPwdR8fNZGxuGx
965,965,get,three___,____1805,
966,966,insert,one_____,____5809,twa5OjcZ5orTsEA7MrFHglKlf1CTSlWHM7VCDqJpPGYHZatGFG
959,959,get,one_____,____5643,
970,970,insert,one_____,____5826,wjnhq8rOAVzTKnjqXRoxcXWISmpEZebZGJ
970,970,insert,two_____,____5827,SYt5YQxhsuDKtBlYz8q24kXoiyQbqxPMC2MA
873,873,insert,three___,____5339,aX1pK1mzA1qaNqOpESSLPfpGJQsaNCh3SaDYlFI
874,874,get,three___,____4981,
913,913,get,one_____,____3985,
842,842,get,three___,____4330,
874,874,get,three___,_____580,
842,842,get,two_____,_____485,
991,991,commit,,,
878,878,insert,four____,____5367,AKqo4flQXoJvU7sm3aJ3E5McrB9rKGsoCORTqRMJ2q
970,970,insert,one_____,____5828,8NMmaTWdZbdmX0uYkwMCsKL9b3Y7r15JcVRMEXYDREW5Yt8dOIfSfUnqrGKqWJ
961,961,insert,two_____,____5781,4WwKrvREYdbQ6Tjsh95YLcsWipbkc4a3dPDX
878,878,get,zero____,____1923,
847,847,insert,two_____,____5229,0SjjlLgBThpt7esvIOE8aGygMJXaxDIwpoEydVYOIkPQiej5oUhZaA8GZRw7
951,951,insert,zero____,____5726,cGXr5JpP4Hoy5FOqpwmdKD0fwWBveeM2WxvwtgjOu
930,930,get,four____,____2216,
840,840,commit,,,
797,797,commit,,,
983,983,commit,,,
940,940,commit,,,
873,873,insert,one_____,____5340,lwnMmX1PBCZZDykAkJVu5LNYHiVcRYwYioNBTtCbWO1Ryy9AkWKGr
863,863,insert,three___,____5304,Xmxq2dldm3TjZg0ZhyB7y5QcNmJbVe0q
874,874,get,zero____,____1570,
913,913,commit,,,
923,923,insert,four____,____5582,WeOA2Ev1ZdJR3jnWHDGefwbiS2ZvRlm9pvfM4Elu7zrm1
961,961,get,one_____,____5108,
847,847,commit,,,
952,952,get,two_____,____5187,
996,996,get,one_____,____1153,
948,948,get,three___,____5211,
959,959,insert,zero____,____5772,LK8z4m93rBXg8CIgZpeqKjtzWFn7NAnJ08Pr8xJi4o
970,970,insert,one_____,____5829,fWrW7WQIClprtLBQEPgQrBjK7sp6IDgm2vfrEk
947,947,get,three___,____4819,
863,863,insert,two_____,____5305,jYvPcEoMvn1MZ0K21XizKivsHuxaJkqrK9e3V7v9BloDyeORjK1YWVmq5
889,889,insert,three___,____5421,o6qdR5Fedx4aCUqiaEGocx2mecZtxShZVDlnNnO7u0T7oQtRNZor4
948,948,insert,two_____,____5713,D4StmqAL4jvljpsPEPzyhqqpkmhS5cWkCDuBJohLJMc3BDosbf0pXrfWlB4xMiiC
890,890,get,zero____,____5335,
878,878,commit,,,
929,929,insert,one_____,____5612,I69Lh6MFar7yxut0DgqjDbAhGfzqUBgCQnyKeW6WzMnN9Vn6o
952,952,insert,zero____,____5735,KYiEapkNO94Gyc4CwOiitcGNbDgbKGoRVspSvo6KAcL45LKavqfU
863,863,insert,three___,____5306,jloilxaTfX4lzGW0JSgrYvtunsLDls4l778zEXqF
961,961,insert,four____,____5782,j8YvjnQKbK4VQrW9W4NUFX1aOwidJVDp9G8yIrKj
948,948,commit,,,
941,941,get,one_____,____5363,
996,996,insert,two_____,____5945,sWHfxOblftzUm6BK6zAtYXhH5DHQyOKFW2FBCn31P0I2vqFdjxHDawm2
966,966,commit,,,
901,901,get,three___,____3039,
930,930,insert,one_____,____5615,tQamtKBqIOfZxaGWAl3VayXYKRRjg0CmPHHFLTCa7HNAbShdzXLOPyNveYF5bc0n
959,959,get,two_____,____3054,
951,951,insert,one_____,____5727,egIracanEQBNh136jY0AuvuqOm1ULg8wnMOEVNT
943,943,insert,one_____,____5693,YGgtzbhkvhEGDUMDTw8xcRC7BZ9y8IEOegwiwfFrK
850,850,get,one_____,____4982,
822,822,commit,,,
965,965,commit,,,
806,806,get,zero____,____2579,
952,952,commit,,,
930,930,get,four____,____3410,
889,889,commit,,,
901,901,get,zero____,_____802,
845,845,get,two_____,____4853,
833,833,get,three___,____5112,
850,850,commit,,,
890,890,get,three___,____2359,
833,833,get,one_____,____4611,
996,996,commit,,,
863,863,commit,,,
834,834,get,two_____,____4989,
924,924,get,one_____,____5240,
995,995,get,four____,____5732,
833,833,get,two_____,____4139,
970,970,get,three___,____4571,
890,890,get,zero____,_____672,
922,922,insert,four____,____5576,62QQJinfWk51vkqqweDvt3D2oMyDv2LHBSa
833,833,insert,three___,____5163,5051WGUq7RFxezSWZk0pyBMu6BYOnlHX0feHz1PfPsyzE
970,970,get,one_____,_____610,
904,904,get,three___,____5302,
943,943,commit,,,
842,842,get,four____,____2577,
899,899,get,zero____,____5350,
970,970,get,zero____,____3738,
806,806,insert,four____,____5035,7fyvpyHHF3w3EtLAcdbspUVXoE0PHMCY2G8KHV6ju1xb
1000,1000,get,four____,____1468,
845,845,insert,three___,____5216,R1bKwZ6gMrK0GfEyPTFBQ50ZtkAYlwPLL6AEAHf
929,929,commit,,,
976,976,get,zero____,____2924,
970,970,commit,,,
873,873,get,three___,____2550,
904,904,get,four____,_____493,
842,842,commit,,,
880,880,insert,zero____,____5376,AMcJ06UE31qcOsKcub4OGV2dOAapAIR2M0VD8tfwDejNB8siygmJj0
879,879,get,two_____,____5241,
995,995,get,one_____,_____313,
901,901,insert,one_____,____5471,JEXnzmw6G53CyGdAu6U4G5qIWpYkaEFNs9c4p5Y2OiaIgv3vUHk8w
901,901,get,two_____,______87,
961,961,insert,four____,____5783,FEgW4OK72dhMWnDLjocPph1501oC5ol6CqLbUlRCQq7
922,922,insert,four____,____5577,9gMa7ALBGVYdi1EpS2v5mACaJcF5EoiaRv7wMniQl57iKoF82ggYx3iSX4MoKEgv
930,930,insert,three___,____5616,A45T9SbhDMxVBE8B0AlF1a3otW4XPsWHLX
951,951,commit,,,
995,995,commit,,,
890,890,insert,four____,____5424,gtr1UEHYO9Nw8NyOPGnqEQ8Ak8CnK76WTwtGcZ5gokUdoyYsX
879,879,get,one_____,____5106,
901,901,insert,two_____,____5472,ehy0EBpMGNf1pPjWnlw8WEwh5u8JwSd2O0cTLiOEbmb8jygEdeByD
947,947,get,one_____,____3368,
899,899,insert,two_____,____5464,a0EsVb8ScuXQEdiOGLAqVHJWTFSm0yX5rzTM4T
890,890,get,four____,____2325,
924,924,insert,zero____,____5585,dz5ursSdyPiACsU9xPFfUIuGKK2xmsuw1isoFGFPpPSRUIrM5sLhwfky
961,961,get,zero____,____5590,
901,901,get,zero____,_____588,
976,976,commit,,,
999,999,get,zero____,_____406,
899,899,get,four____,____3122,
834,834,commit,,,
845,845,get,zero____,____1245,
806,806,get,three___,____4240,
806,806,insert,one_____,____5036,yUy6cGSsF0IkY9dCFnJZpnyeeQs74t443VTuOZUxeZDHNhwQE7wSxVVPr83zq
1000,1000,get,zero____,____2449,
890,890,insert,four____,____5425,E0AHauTsUXuBoK5sXknOmEVpUEkua5IodG2UJ0zUY2FgHhWMc
833,833,insert,three___,____5164,0uMLuTFl2H77la5GUeNYf3fNpOxvl4MTm016HwYfyZk7TCQ5e
882,882,get,two_____,_____141,
904,904,insert,four____,____5488,HhM7rfZbj1kFCKDREixGNqjbPIiNoDUk9z56gT3cR4ivgFljqia9GLcIADkT
845,845,insert,two_____,____5217,YIppbSFSGqs5rxLq3dWbKOnibFm7mk9UjKyNx
904,904,get,two_____,____1980,
890,890,commit,,,
874,874,get,four____,____4618,
924,924,insert,zero____,____5586,DKNGN4WHoHLKRW7bFfVAeVpf2VimHWaN0d7LQsKTEschdBBXWXf0cdWJIeNNoF
874,874,insert,zero____,____5346,P14UHAxJWiWmIOetRxOP7XFK88s3QIRFgwe5geIosyWOzP6vw5DqGuPEs
806,806,insert,zero____,____5037,oGPsCg3etGAVmlHvkoi5okuEDhzWoJBvQj
879,879,insert,zero____,____5368,dYraU04Bg6bTmVmlmHPSAQOxkU8KkfdE0gm2ktVlU9WwGuCzUDJuTLmyc0I5QA
899,899,insert,one_____,____5465,LSX6vcaEG8qCZEcCkCsXeMWYfOMTLz4mk2jOqR0
1000,1000,insert,four____,____5964,sydfUoMnZPnwx05lewHcH2kVA9BUMEt22nlFz7jWSPoe0qKMI8CW6hQL8WIotVq
833,833,insert,three___,____5165,LHPOyYiKxfNAgDFJdl0XPncEb39dI3J64TyfrxRSzTbCJ4QlIf6cz
1000,1000,get,one_____,____3420,
833,833,get,four____,_____866,
833,833,get,zero____,_____743,
845,845,get,zero____,____2930,
880,880,commit,,,
904,904,insert,two_____,____5489,yBLJslB1hQ8cy3N77IdZVklyNXkhvCySLN1rv0tPz7QLCrVGx5pr
924,924,insert,one_____,____5587,xYAT6ltDCePVyCZWiSsulIO3PZISQvrf3kA21
900,900,get,zero____,____1869,
924,924,get,three___,____4207,
879,879,insert,one_____,____5369,ZHwbs3SsEY6W77aloc1fkkFWdy0DXJ4ovjPAZPgKvowbiqy6Z8RF0WDE3AWCXc
980,980,get,two_____,____3318,
900,900,commit,,,
930,930,get,three___,____2131,
997,997,get,one_____,____5207,
924,924,insert,three___,____5588,7p5BUvn32jM9FTq5UPXj6nHl8nVd038xsRhVw4vVvd7OEW9GykbDqPe3s5
923,923,get,one_____,____1800,
879,879,insert,three___,____5370,Fv34OBP3R1qfKdeJeLM6FmvamsBUwa6BYTJcXrX4UcP6LRjAXR6yfEmUMNBNt0h
882,882,commit,,,
959,959,insert,three___,____5773,dhNJINCV6PCy7k1go7ERJAsnyIP07EVMYv6HI11vSXBYAnxedsy2
899,899,insert,two_____,____5466,CyLvUWGiMOCPjOGJIfCj9vFTw3kOiYzA
961,961,insert,zero____,____5784,qCsEdgTTyf5QUOeoUaomAog2D2tZ9d57HFw1fZwvqdQNu
999,999,insert,two_____,____5959,arq44ttG7zvlJSh65SUrfeh3B8sDfx9qVFdFXLkj01HGVZniBUhFp4T
980,980,get,zero____,_____800,
961,961,commit,,,
1000,1000,insert,four____,____5965,AoMhChAIBMovdSgFJgjM6gujenEmwm57ROXdt9nsE85uUKBHO6xZA
959,959,commit,,,
1000,1000,insert,zero____,____5966,DZLsuNr8BFtKD90K1fAfOfqx7TKRgT09I8RUyMQr2YnomUZB19l3cF
941,941,get,one_____,____3474,
924,924,commit,,,
941,941,get,three___,____2313,
833,833,insert,four____,____5166,BQZOpGcPB9JXlHYnV94YCObbn3amHIZrl11AC2qa88PeEG61hBQI
901,901,get,zero____,____4931,
899,899,get,two_____,____3780,
874,874,insert,two_____,____5347,zprQhAo6wYjseWszXA9Bm55oGs9O474q1ZMUWsC
899,899,commit,,,
947,947,commit,,,
958,958,get,two_____,____5464,
958,958,insert,one_____,____5769,GhMQONsZ6W3fymq17fRKy8lGXPeFE034HoBrBFNKeEcl6peK
914,914,get,two_____,____5389,
999,999,get,two_____,_____848,
1000,1000,get,four____,____4775,
981,981,get,two_____,____3054,
930,930,commit,,,
806,806,commit,,,
1000,1000,get,four____,____5782,
905,905,get,one_____,____5465,
833,833,commit,,,
997,997,get,two_____,____5816,
941,941,insert,three___,____5682,3IglYB45myHQE46TcZF9A1QXs186wcCBjELFOUqR1
958,958,get,one_____,____3210,
845,845,get,four____,____3182,
879,879,insert,zero____,____5371,7624dAXeOCRWOMobpIwfdSGxfTY9PLEwGf11i3Rv0tjVYOl7vn
845,845,insert,two_____,____5218,dwFQ25wgLi3YSCNMxRRTFiPlyyK0BXo6ijeTzCwaT4xnvYkIYa0WGN7IJSPI
1000,1000,commit,,,
914,914,get,zero____,____2254,
922,922,insert,two_____,____5578,NbBgONsYgOgrfje7F3r2jJI7n1UVajigmD8h22OVVtsF1QFg9zta2uzs
988,988,get,three___,____5164,
873,873,insert,zero____,____5341,C9Fgq1whvVfxJua5xMb7A6xGtObO73N91fbLmdTB9JRpOhfANLnsZPXrTK6W8pUp
923,923,get,three___,____1824,
999,999,insert,one_____,____5960,qWujiZQ1BOr7WxoKPXUPj0uG2NHOxuVdECk7UDJdy1w7yzhhJHN6q5YAT
923,923,insert,one_____,____5583,NgEWjhauaGCU1D4zEmRVjYg4axH2EtCnZR4N8VlU7UR
914,914,insert,two_____,____5528,pcnLevbW6ZdR4tfyGBi1GxSxhtWAz2xeweVqYLlUPi6gLjcaDTHK
958,958,get,two_____,____3003,
923,923,get,one_____,____2482,
901,901,commit,,,
845,845,insert,three___,____5219,MjNz4REXKxPT7Esyg55xoh3MVL5pJQMNll4DZIJBbmwCSGIkULp0ewOgTWX
845,845,get,four____,____2624,
914,914,get,three___,____1777,
981,981,insert,one_____,____5878,6qSf7DQdu7b0hc5B3VauUDbWxUnntnLvquzcw467njSZCcsen9G0EY
958,958,get,three___,____4215,
980,980,get,zero____,____1394,
906,906,get,three___,____5165,
981,981,commit,,,
845,845,commit,,,
923,923,commit,,,
992,992,get,two_____,____4853,
911,911,get,zero____,_____588,
914,914,insert,zero____,____5529,3zZ2uQWt0o8ShiD4rhf3Nf5SgPZ9jYk4Fy8mzml7yajfyRYZPcA2
905,905,insert,zero____,____5493,mD40AzcVa7mpMAw1ZpBnbx4wANLMuYSASWLAEDIY0vDCANs3mTRM9tM
873,873,insert,four____,____5342,866k3fTXRQvFPiGQ0uo9xpyiAOPpGh3X71mfLcLRPH
874,874,get,three___,____1453,
975,975,get,three___,____4819,
904,904,commit,,,
999,999,get,four____,_____317,
922,922,get,four____,____5224,
998,998,get,one_____,____1800,
998,998,get,two_____,____4898,
936,936,get,three___,____5302,
873,873,get,zero____,____2718,
941,941,insert,one_____,____5683,Ixz9mIDdNXzn94nX8qQFzvmDndljSev0VheikRaIaQmLsoVxnb92J8mrI
941,941,get,four____,____3583,
873,873,get,one_____,____3332,
936,936,insert,three___,____5656,rYtOJl6Z8B6fkdRyCFQnYcsxDfKxxgFgTTOtWcDnsybJ9gxMUX
997,997,get,three___,_____715,
997,997,insert,one_____,____5947,wA1OXux80KoRqBdcP5mUKvJv0UX6o4NqN3BwlAirg
998,998,insert,four____,____5952,VLtoTLErq8vn9P6DelWvO748dW0pqRKhlxa3Zm1YKQHHBW
874,874,commit,,,
997,997,insert,four____,____5948,xMaLY1NJj1M1al8i6hXIg2vgwUZzStOgpi
980,980,insert,one_____,____5869,tVSs3XTVm4Uzr2o24Xuk81shTIfSrD3uO0i2
873,873,insert,zero____,____5343,ESSCBCkyHWtl20OO68TsAsDkgBlkKvvlO8NzpchX7d0NbG
980,980,get,one_____,____3034,
905,905,get,three___,____3429,
992,992,get,three___,____2674,
975,975,get,two_____,____5721,
988,988,get,zero____,____3250,
997,997,insert,two_____,____5949,rVuTAF0oPlaWy7ym3l7xV1Efi7ftFsXg0GnTivvYritHxv1
911,911,commit,,,
879,879,insert,two_____,____5372,MUWXOnfDA7dEjAttfhVQO3Ue6soNQyXfKXDRatrfZlOaQ
905,905,commit,,,
958,958,commit,,,
936,936,insert,three___,____5657,z2MTBSl333XmekgjtDSFyLJNKkXYM8d2bXy1TER8gkJSHYHbjCUMaYSBPWP
988,988,insert,one_____,____5909,vYwDCllI9EQGoHDHZvK0HY2K0nQWoVLfeQ
883,883,get,four____,____4618,
914,914,get,two_____,____4027,
975,975,get,two_____,____2043,
922,922,insert,zero____,____5579,COBwrrWEUaYcYaude08sXEpNOQu3HT5BGogu8Q3PnsX9U5H
922,922,commit,,,
914,914,get,four____,____1956,
936,936,commit,,,
998,998,get,one_____,_____449,
906,906,insert,four____,____5495,zaovyh7oSf5yMq96ysv1Do4jolcfVcDZbPwrv5OMECJI2VrDbZ
914,914,get,zero____,____1405,
879,879,get,four____,____4344,
873,873,commit,,,
998,998,get,four____,____2325,
914,914,get,one_____,____5357,
999,999,get,zero____,____5617,
919,919,get,four____,____5517,
906,906,insert,one_____,____5496,iFwHDmDZ6Vg7XBDcD5Rs3mJDqc3ptxk4tFBSnOHVeEyWSO3DZp8
980,980,get,two_____,____5217,
920,920,get,zero____,____5343,
980,980,get,zero____,____5000,
883,883,insert,three___,____5390,u9UeSReDjYZhLIQ4fc1PRhz0gdw59NuK3zom1rDKR3cp8KUgLsal3UMhjieuN
941,941,insert,zero____,____5684,nF1fahjxnISebuLbPBJwesThHbwoYqrwAl1mEw9KgmrLjbkoUqgd8ndoxRLEZ
997,997,insert,zero____,____5950,Ccm5XB3TOBhcXn18zRRI7Z8eJgtKml3G
914,914,insert,zero____,____5530,xXWdfcfo2FiKU9WzR12ZGx8OOKZDGONG51ehel
920,920,insert,zero____,____5561,7adAkm5jUz5iyhNa2xpfoIjtiCVbnDugJJwx
906,906,insert,four____,____5497,gK661zFIZpMuWPWZ5Fy2VYEy5TTcVwSg8MprSdLpzKWS3G0vk
883,883,insert,two_____,____5391,cGamYvcbF5Qo1RrvEIp2zP2PCjfUcUeWa
975,975,commit,,,
980,980,insert,four____,____5870,iKfWSxKwwtfpUSsg5t8a0rrV2RLkytLwpHI5DZfpisEDPsh0GVnGi
883,883,get,four____,____4172,
998,998,insert,four____,____5953,cKF9txpOTEnweWo5BEiqeuTPxQqDwRhNFNUEsPJwhZc640lm
998,998,insert,zero____,____5954,z0RJkoUnvHQ3pXy8MPNBGQg6ZRwIOZ8nG2oQ4BFR7P6QdRWgvk
914,914,get,one_____,____3856,
906,906,insert,three___,____5498,YvWYpmrdZL4hzbrbJWHJZyJArQIlHLiIWQyCkhdWEcuLERAwf3A7tsnm4sfZs
914,914,commit,,,
997,997,commit,,,
980,980,commit,,,
987,987,get,zero____,____1394,
883,883,get,three___,_______3,
920,920,insert,zero____,____5562,3lqaHrpCjUPKdRehAWivGitidc3Q4QNHiirBAA1jdRYOcSQ
920,920,insert,one_____,____5563,dYskIPizvjPKns9mtaG5jKU5WbJqk97KNvZwoRduuypx2qqElbObInkXSkIgQ6
906,906,get,one_____,____3512,
999,999,insert,three___,____5961,mf6n000RrqWiDpzNJsKCbW9IN8gd07ypxt7Q9xcTjTq
941,941,commit,,,
906,906,get,zero____,____5027,
883,883,get,four____,____2187,
919,919,insert,four____,____5556,3vDvVxKSTVkeBrAurBtz3tKhyZySeD8pG2oOmAtdsMpKk3KqXXr5bA2CvmimMo24
988,988,get,three___,____1777,
906,906,insert,two_____,____5499,kKG9WcBQ7OgEZW6UI8OwzTxVbp5FYQf6UYZxT
879,879,commit,,,
883,883,get,three___,____4690,
883,883,get,four____,_____325,
906,906,commit,,,
987,987,get,zero____,____1006,
992,992,get,two_____,____5494,
920,920,insert,zero____,____5564,9B8hD4eoR7RjEmXqmVDvq7QzdoftMcBamC7HOJ0hgMCjgSWvff
883,883,insert,three___,____5392,p20RKxoBYpkbflDwRnjfFLSsuuOFu2qNsrBBgHS0Eidw
920,920,commit,,,
999,999,commit,,,
992,992,commit,,,
883,883,insert,one_____,____5393,V71lduua3HFozC0MmI3frZvt4T4xXBCw6Da4J6mbGOMn8hk
883,883,commit,,,
987,987,get,zero____,_____336,
987,987,get,zero____,____2316,
987,987,insert,three___,____5901,366nDZdhgLU32xZWVfKnEaKZ7jrSzniU2dTPGLlK33lREueowjQ
953,953,get,four____,____4618,
919,919,get,zero____,____4164,
987,987,commit,,,
919,919,get,three___,_____602,
998,998,get,two_____,____4629,
988,988,commit,,,
953,953,get,three___,____2441,
998,998,insert,four____,____5955,RjvhjLiuYRQdt1Gnr9yBTJFejilYTd0QjzRV86tH3
998,998,get,four____,____1425,
919,919,get,four____,____5517,
998,998,commit,,,
919,919,insert,two_____,____5557,LsEhUR9XECSVoA1hzFMTFJeMGIercpffrjuNR84J4sKDMypwCFLOXn4K
919,919,commit,,,
953,953,insert,four____,____5738,fFmALW1DL4W0psbfJRDKQWPQIr3tog622ytCE7r96rteIMaVUWtdfiuQ
953,953,insert,zero____,____5739,DJ0q3EJValPnzI6soVER8OJNfROSzqD4iTLqwdHB4fnOMG0LhvTtS9uUNfw9U9Tf
953,953,insert,zero____,____5740,c9I0BvWp0X0LbPcHgbufgRv7NO0mRAIVkZbvIsmcGkK2DYJTfetEw
953,953,insert,four____,____5741,WB5gAkrtivRbrq8lWGbeLP3iGqUhb6Y5dDs
953,953,get,zero____,____5031,
953,953,commit,,,
