0,36,four____,_______1,omaSj8Kh68e1MmismeOP0lrWnbPT7DoNMLHgefytL30sC82U9tqxpFKmH4PJRWo
36,37,four____,_______1,WeAUBdtIR128tIjr3AwFafkBbP8GIHfaM7BtbNkvJqQI07Lo
37,53,four____,_______1,fv4tgV396iP7WGnBmMVF1vGY5aNx69EwwyubsFbpSbIyxSqcjiK
53,99,four____,_______1,Zo1bGIcnjA3fs6N0LQ1dfVxLx6KKl91k3rjofDpFSFCh9q
99,247,four____,_______1,SM1ToybcfE3xvVM5uS4uwldTPPCkvw1gOdxKAY
247,277,four____,_______1,hhvUP9rYUyFifHwESrzVdLqG8RxMWOoUqMKPog
277,362,four____,_______1,gFcrUAiZ6VIr2TP76Kw4NIe8pg0BUnDZxY6QMcY4bJGNF11CJQT3fOmrS0uO
362,396,four____,_______1,KTOoR1pfUYqIjEPRFnwWQePlk3QPMX23zydCEluUqYs2FJ2mPlNiVkac5LpYI
396,401,four____,_______1,ehvMRl8jpkifytvTuQcErj2Rj6MncrF3FkRrya4
401,643,four____,_______1,5lfqrKPmWqt77EfwDU0QDI3e9KPWw3eTVpBUEnW1rmalxc7m9l445VTA
643,675,four____,_______1,dBtHOdK2Y3isWEBd5mf4iH7GONkbyPGvTfzu
675,728,four____,_______1,SeFnJiJj9ObPHaXkI3cTU5j6ylrsYqjXFJyavnf2IxLULR3J
728,734,four____,_______1,kJ454t7BX6N9rc9GpkHLiPHcM252zWoiVBbVGS1
734,742,four____,_______1,OSLNTqjgeR7PJwnVxK7IvNFpb9BqZGTBvS8cc6Ld
742,779,four____,_______1,EpJOg0dEmhoVpS8nsMxGUHbwLsS2Zq5FJK1hhpbm
0,35,one_____,_______2,lFTiDR58aqFJw4R9yNJ7IdhkeiH19zd9FOSh8dbcS6oNT891sj0sQ55L1n
35,147,one_____,_______2,qUMxkYl2JlzpcKUOofXXB1Jq5kVqEeq9K8lzAtPjFAn2gXvePQcrRBPcCuXooA2o
147,206,one_____,_______2,NzAMrrvlXnRcjWgtB4ARa7FjYiFAoNo5E5UQLlXJZIhrDofh6R4mfLH2sdPsc3
206,415,one_____,_______2,WQ7A0zri6dNDXMzGMxa8J5b9k8y85Lvm
415,462,one_____,_______2,tDoou3953wZkw3wGDWDHWSygXZ2YvCNjiBnK5w7VdMg
462,504,one_____,_______2,PvPEFPtDCr4TrKyP2SlmaesPqyW6lZ9eP5I
504,838,one_____,_______2,UcDoPXXkWC3l5yNFizdrU3xuI7d5h3LORSnhAQwNoEwV0beHyWIKz
838,897,one_____,_______2,1L8Co5oIoKxm7X29PFZjxJKWCeosug9JjeCQ8uH
0,256,three___,_______3,O8fVgTuFUcNjs50z4Un9JfKO0DGwuguPeD75amSuis
256,429,three___,_______3,dyQzvHgBzU6tfgX0fgLl6ci1TN9DNgTl
429,584,three___,_______3,tufJ5ep75Uj1kZETPO32q9GdU3G1mFGHwcPum44LxOLq0JiGWmLDx8NLJq
584,777,three___,_______3,ZkjsWEI9UFVCPQt8K9UTEX8jHgd8E3q3
777,902,three___,_______3,YAs8XqRPZzNTlej0TeXmYO2OIeN7TxYjLNPxKvieDlkyLsdGm7eVObks5T
0,104,three___,_______4,z9LUB5yCRxZ0ruCIRbjTbx4n3ulWPRj7E6dt5XGfL5Efrx
104,151,three___,_______4,dDZ8w3VAn1KTkRqfMBIUArUoFU3R4YRw236aArMNyNO4PCKXdjQh8qFAatU0u
151,151,three___,_______4,shjyRiPMI4rcTeU5HNoxcC8M1ZaxIKo6
151,214,three___,_______4,6k9BuC6G46lglUdLOJB51GYbli9Fz9xFrLtoUMjKQL1qp
214,363,three___,_______4,UG0kfMHQajDlXq2sAv5yy5aXq4Y266FJJzNYRRz5aHVI2Os0NuZ
363,498,three___,_______4,S0NAgW04RPcBgJh8pEK53tkV0lz9LyJOI92aHJ4TdmqtctsJtwGTzm3m
498,501,three___,_______4,q8ULWd0BWZarEZQYrZRSImMhzI6aJql4z029kwUwrY1Xt2M17ghp7DN6T9Vlz
501,635,three___,_______4,uGfi3OCIEqfc2fofvnTxNtwO3e6eC8lvgTJWjj
635,715,three___,_______4,tt8il4aPEmNOo6fzs5Z45zUj0OH7yyyQ6s0TV1KN5gkA1k
715,887,three___,_______4,JN0X4dnHXBa46lyt7gj345axFqFzKgFmJhGM
0,20,three___,_______5,uyO5KphkVy5HUgSpFMocIcENeHFBmKjx0MwpLXiQzLBhn9C2av0ocg
20,157,three___,_______5,EX89zhTB1JwpgeeodA2U57veFl5ZggJgMMvXe
157,538,three___,_______5,7daiRYR24TeuZchkRilirMy2fsIaLZyVMKhp70ymVygJEdyNfP0HTMZU51cAiq
538,545,three___,_______5,LM8L88oEpFrZXkAZiK2u0njroqWi8G2g15radtx5mf4VgKol43
545,731,three___,_______5,JSEKM3OM8olq7iFXOiNuKTyh0z8Vu8yUyyFC4gCiLICBjLm7WmFK3dxbJ
731,768,three___,_______5,NpuOydHB79NGU3E9jmpYMlQGqz7ZamL6lRauumD
768,796,three___,_______5,dYfItRfnmEQZxac4Fm2QzgiF5EJnoOyJRXLDGhO96DqM
796,878,three___,_______5,6UKfVquQptmAp7HHgIW6A489i4MLxNYTYL57RYfWrv
878,999,three___,_______5,ttiko5Dx3YOZmRj7nNIA9EXuJOqNSHtTF7f4Idl14Gt1Oj3OmTyCHXtWzC
0,68,zero____,_______6,Ne1gckys90hhMRUJZ2IvXGLW1ns94vfyhKKH
68,120,zero____,_______6,c34hkRd8LJoziqDJo6wsoXyJMlqcXgMQBbKdybKLZRWHbNpMmB
120,284,zero____,_______6,2XdJU40dNODqovdf1v4wJ2tFMRSek0r2nzO5FPle1f0UtrUiDa6S7Ge
284,333,zero____,_______6,YAFQaVei61SMXdvy0NOBIeXmI0GKrB7gyxRkKDh0cZ81a5ItKA0kwozlzxnS
333,368,zero____,_______6,MSeqWxvwCztkjOAA6ldSm2aRnlrP5RVEOiO5g2Y0
368,417,zero____,_______6,1r1XMrijdFoOmuoGxrCR0CW0bmNDNzfdVMQ
417,484,zero____,_______6,PhcwjQp6Q2PRqoRotm4Ux5D32oBqPajrROfMMY5ufKqu6zIWrYtmo2YBOPmc
484,553,zero____,_______6,1Jyfv1AQbXYC1sPGriCljy2vh5BTeSd2mQ74JFqmJTmh0DJESYGU3P
553,844,zero____,_______6,kPZi7CTQs0eQ2TP3n7eQ47YTfXNxJogizclpqy8FquW3XQ6gmUZyi
844,869,zero____,_______6,jw1CFXhEb6bnk0OMxvOndcKuodUTbbb3yjD4
0,36,four____,_______7,g5Lw3eO2zUJi7xhfbvCnchgEyfduevXeUg5bHuBQHRSizksxh4jOtxsi2
36,218,four____,_______7,bzI7uhUznQPk7JgCiKs1ABMTTbo0yGyRizI5thCj
218,266,four____,_______7,hbpP6474srbecxvsnHXEGFfg0ihbwBvnHLsjIT7YLKxtCEaB73vIjS
266,386,four____,_______7,xo2myP6Ye7ht1XK8moKWhP0t07zRyhuwzmFEd
386,489,four____,_______7,9tAch0iIOnMuHYV9hnDhAcwoKh00UEiusByvmt1Olvrsk
489,539,four____,_______7,QlbXFSU3ZXdIqOaQ7mZGpQXxKf7dO6PA9vHf7SxX8wtm
539,817,four____,_______7,xzokB7SIDmNql3u1jWeQLKuuaCcLPPB8TjAeBNQoizL8J2UN5mFVLolxq9aB3P
817,894,four____,_______7,Oy3qeg3zh8Hwl6XKoNQwXYiSgyyyCccxs3SQBBbO1L4vXOilYwMRyw5
0,716,zero____,_______8,cGABtclqbnwmizNInyJR72wMQLbVZsw1rLUvLzIIwb83Cun
716,738,zero____,_______8,I5sJg7B0RtIPTNvJ2pM1jxWGv4NlZCxYTDsgTz2pGNK5R9nGy0VeVcAKBgXhJ
738,867,zero____,_______8,9bk1DFeXvWSDtkfLgm3q4yOV9WRxzjwG5ILQ71J
867,884,zero____,_______8,cnGI4FtD4jfauTEaNJCh0AmeGjgPPOqLuzwLVeQjt4VEMT2nFq
884,901,zero____,_______8,hVTCves3A5njbBa1GU75tHDv5Y1acqfbHjdyqQN4BJOS
0,2,three___,_______9,VeLcDHLXXoDTvlTcFI1QziAyUElMpEdSHOcksh8ZetW0ECNR3jVkl6Tdcz9do
2,170,three___,_______9,kDwBxTK33Y1Z1cWaUxiDb9SYP70aaZd6h
170,426,three___,_______9,YlaRMK3A2GnyePX2DHFRQ0yr5yvXwiizNWLbIjIBxoYreAA
426,446,three___,_______9,l2HRjTROHVC3N9YbJHtM1BHegAR7hiTjyDGueaeeYJkHIm2Nfthf0r6o2G
446,526,three___,_______9,nLbV6UxdeKbkHTeQCYa1UkgLcNhjgc6Ms5uGgZesoEKahKzgGe0KP
526,579,three___,_______9,Vs71LBJIlhB2RU9xr7qvig5cQUyAVq6coefozSVCL2
579,657,three___,_______9,mbF5RBTcmq2P65ETkLUlZINrECp44VjP2WF9zuKPwCXGS1acS8LoESwNrVe
657,827,three___,_______9,MSavvxFNjC7BswYzcGfsw32zBGNiOeNhA
0,38,two_____,______10,OnOD9iB0cv0ghCGzEKfXWXgDjDG3WWvBRXVvTLWiqmnAVv
38,233,two_____,______10,F3jKmygANv3t6aRk08IrVqtDXTBBEMNWCoQonfQR3WNWntGsSHoU3wo
233,239,two_____,______10,5xD9lZhTcucrq7vz9wBR9ZjhipBI7Mknf5he6Hu
239,239,two_____,______10,yTWeaM6Ul8J9q8JHRohS0ykEdKXeig2HAs5WPv2T2887zDcbyVgj
239,257,two_____,______10,E6WzCu1ORikvLN0Jv3okRa9mmalRFs30bHOnyfeX51h
257,273,two_____,______10,mzOiddnxwlNywNupMtAobtKiuF78OqYVpT3ao1
273,473,two_____,______10,gm8Ps9ds4cm09UBtBJENlcrcbzpZF3cZwYOsex51cv3M3Ki1FOLZrM
473,568,two_____,______10,YcQHOoBxbA7eldxMeXM2l2UyjFenazgF6302Chi
568,699,two_____,______10,SDyiyRxG3V4aUq1vNUnxDxCS1fyogNek8gZjxq2feH
699,863,two_____,______10,AroMJ8FwB5Rp7suvlStgyR8w3yRJ0U1KSVEIzlNK679PUYn
0,10,one_____,______11,YYKRhCCaa6msUZYHVz3c4PSBw8E9M1TGoRszPeOS7NhJDIUqpmPEr
10,66,one_____,______11,ZOB0jxZxMUTlkQmb8GKd2ys9H5mO1U7rao0JgNIkUP
66,71,one_____,______11,DoV0luJmStf68hl30NCyPHqoIWTBFSQMD7LkxmaW9CrMFRahavZOWfWEKQgf8
71,74,one_____,______11,3fFIKdDvXqOUXCreGu67HR8pohg5xkeSFF1dzaACOnrGv17gL
74,192,one_____,______11,ZhR37eJ9fS5ZXEoKULZ2yu8kLqazEqRTl0RzgxTyGB7fCXg39
192,337,one_____,______11,b8Tp8KfwnGfPxOUyjilpqruNtvTzeOtZ5CnITNCP7A0n
337,370,one_____,______11,FXnpYLVeKd67WFnVZf6oqpemGmvIAecFmKfVzRCTb9RR4JOA6bYVutftKcgmJcn
370,424,one_____,______11,NkXBGJIJUEgKNloL0bBbHMcW3c5QvV68VvUOKOSmgqi3P7o9UPR8XwuC9U
424,434,one_____,______11,91qOihpgHc8jqp9ixApS0mikKgENHdko7UNWBOufh01V
434,526,one_____,______11,jbCacT9W45CHTfmLqDHBVh9ObJuKPQLQ
526,646,one_____,______11,xSscjsvgU8yDM7RM9yf48MNiVNOIowYHWnMI3xgxz3kiK4lKOkFcl
646,760,one_____,______11,MQAG6r1l5ffbgMq91fCfL7vMBXRp99u030jor95kEuJ
760,889,one_____,______11,EyBfJpRmpWfYGJO1DNgu7xo6n42yq7V9asaX1eAig0p6ekQt
889,944,one_____,______11,vMCamNPxoQEijQHqVKfXoU5m8KknzsyaezCQkM94Ux9iiANbUheYUk
944,946,one_____,______11,D6pG9k7BDO3hMWylYjNyNJne8LJs8RJgJsz
946,983,one_____,______11,moX12acy0XPB64PRcByexDiGwghE2ePp7y0HIESY3OXaz
0,44,zero____,______12,RNei4wLpy1D6HOos5RZl6N7a5WGwGBpwldUveIjF
44,98,zero____,______12,0YUOj7Ka5K3h67k6hfO5566PttKgWKIzsCy4tpROvNDVysA
98,120,zero____,______12,cwkY4Ob2ubkgZaVI0wu7fnz9rOlIjCXY0UC4JZD0lQ
120,149,zero____,______12,DZ1bbZpJf29p0mn9glD4oO3nIy77Dl0rFRRl3oCzs51YH68VW4z4qh
149,177,zero____,______12,JsROcxSknynEC5gee1RSRxi0BLxRtxC6w7G1MRiwaMbRzG5578iD
177,203,zero____,______12,E3CiP2qySji0jMZ1NvUFQnJY9j3xKC65TYc
203,362,zero____,______12,GIMlmBfSXLamYAF2czQcKeEM4dcoPLSOm1EmZd7EoQK17C01xA0daJmTrisKV
362,426,zero____,______12,Zo7iaV2bA6WrPrhHIkLngisPgXyywlXJrEBhywd
426,548,zero____,______12,e0RzavAv9QsbVkxchQmhHK86ZPDp9TYTdEWbVKeh1hAWgfBhUmbEprx2k0d9
548,674,zero____,______12,pHkO5q9kJb35jmQUUiXRMkCaNdA1IcMTg7DwJHXlOeYoURfLTE
674,756,zero____,______12,mv7IgNm4mAFzMrIwdj7GujRcN62lXPkCIJAFiECymRmu844S2HRh9JYbPNNS9lzT
756,845,zero____,______12,xNNr9Qp3cjxqBwH2hS1EFwJCKf5uGiXKAy
845,864,zero____,______12,SGKeWerywOWwtgIR9J8XtGJLTu3ZQj2dRQskut4jWZUHWHueH
864,864,zero____,______12,wIROYdf0wmHEHym7wJJp5B5fwoCM5janKOa1hAY8zz
864,915,zero____,______12,YX6udWzcSitql4UVdkXJ8nXMbB2dnCpHYPvl7Mxepj
915,925,zero____,______12,EWa9CODzbT3YB2jVp8cK3goKRu5NVUajd2
0,73,one_____,______13,Faj8WhImiCafE57djMYCzmAgbyk6vNZqs0xF2jjCT
73,200,one_____,______13,0A57e0i2R4RXDOcdVasFs2mmrVb20Qpqr0fD443j
200,239,one_____,______13,YXWywKeUbhOFumiwCUYo8rugZiliJvlcjvakE0gmUrwqvRCNpfrt2ld3U15R9boT
239,393,one_____,______13,CfO60lNiRXLwxDFwCakaxwYRTmkLxl1JYsAi1GMupqvHzgx6I4jhJ5XAg
393,574,one_____,______13,QPqAzwLrPcBVR6YoxZ3KGmS56LnrLAjhLomt7TsrqWaedj35TF
574,783,one_____,______13,uX78mmX3VP1JzeJtmpYhUCWMxDSuMde3OOqI4inmHPlG09HvAO1CPsKanJ2GCsE
783,787,one_____,______13,r33zV8ui8gnnSo64ije6pruFkWSroZ0lI7Fh
787,799,one_____,______13,x4upmexTg7tr9ECDTOFsMnrlsOtX9re82BqBbxW
799,871,one_____,______13,hFGcFHkFrd27zwsY40553gJz9EvjdVGiz6x
871,937,one_____,______13,WcBFhuulRHy9YpFH836KKeEGNG1Aziy6n7VfYHLLp6k1v
937,983,one_____,______13,nSptBERGCjIvNAyapo6u1UYJIk7ZjuFU4g6L4Oe7FAIuT005
0,28,one_____,______14,YzRvEqwaXBCXC85sqxt1B8odZ19fdLmaF4pmZcrpoXzvIMuV
28,158,one_____,______14,ruYYVincjRvc9ElKd9LlN7muUvZ3SW5a
158,249,one_____,______14,mPUQGUH3Ir2q4zXaZIrTPGsrL4R9HPoPIIAHrB1IP2fFjd9SpAOxWF
249,335,one_____,______14,Cmndyspf0Of0Pr2qSkTKG6enhEUAuBbhKR0pn7ab
335,610,one_____,______14,7g0tRRU9ldLU5LjGIiBHyEIRl9iIvvhPof6KXlcARW4Aj7e
610,744,one_____,______14,yEaRcfTYNohFk11N4PkfH4i3nqmMBiBICWArPhHisu9GuDzJMPZwUwAauJ7F
0,126,three___,______15,Ow0W2IIpY03iXl9k5pqveiNWGhkQDRtHfHWPR4YQnwpgSMxWuV3uQk
126,167,three___,______15,adC4hO6MQNo8rgnPgXgg0BQUYrBonpmfRYbEJbwhEVnJzlnAVkJNN
167,195,three___,______15,Zu8AYxM5MHbkVI3mn9Trf6Gmd6y2BvLXU
195,294,three___,______15,qWnWEWg9i9YDoCubhWAeWlCmjnuJ4A9yLPo
294,329,three___,______15,x54oB6RgjaRIarSP8uzyUDMFZq6gU8xmlpfvKvMYAwC4J8TfIkxZvsUr6Cgs
329,464,three___,______15,fHFVR0wezkepQGD7TbP4MVwCNBy8l42Lkik
464,568,three___,______15,07Y3R8b0rmlMkcU8kvVfUYIIyCSnTevr5FipSdRpttToVXXw6Ppten0u9Lp
568,647,three___,______15,LPnfGargc7wejjg82L0M556OQk00CsHwNBOCjTHmpf0EgXOuhIB
647,693,three___,______15,10BDWTgn9StbUjyFoh4wsHpSZGl5IKHYmpBjI
693,700,three___,______15,ObHoCKWOhAKJL63IxofrAzntMdHOs2aCxyMu3kysmvr5tEZ2v
700,742,three___,______15,8axiLFTJac4bN1w1l1CHpwtLGEs81Z5ER40WfsG0wFKDmfNy3rtn02XFs13
742,746,three___,______15,OjcbFCcmqqBjlH0VE69eaC7NWSpRQnleUm69ybLwM8A8xm4eBlpJQr48QmEbk
746,786,three___,______15,FC2DapXu3Qak8xpnjpribfz7jhQ4cV8ySk60oHpWGGSroL669x1
786,935,three___,______15,KkVJt4iTIyWOh4FaEQo6tnOgilWQh6aoYy29LfqV
0,34,two_____,______16,hNGROvLxtYpZ4FlS9HeZ8BQjPEJQq08BjppTouRAonYOWkI0mx8lKOFjwYcZ
34,78,two_____,______16,InpjtXjBzbnmdam5TKKbsgaJNeIMQAaP1IvBxebVmzzddq5hRuISMFk8On7
78,94,two_____,______16,vlBBltF9K83jJ5PmvGbrPS1KlUFRkeUVJY1o5Hk7
94,402,two_____,______16,Xyjnb95wQ6aV5ocVdXDJZNyfr46zQPsK2yYND50WJpmcSlwoYlB2Q6GUmKs0q
402,404,two_____,______16,5AjRZQ2Iq6wcGiBG6Q7TZocvnhmT6U7SB5MdsTLnx7AjvK
404,499,two_____,______16,2xF3XIABjG8xfjNI8SAhgKEMygkMfaeBskfh5aggZl
499,533,two_____,______16,sGpd1tBwqSiAoDHfrXkpVDllAO0TzuLX
533,624,two_____,______16,1BBLhAiweObiKpgk4B5ylUmA265YNSFyk
624,751,two_____,______16,r4gNdlBDTE0s1U7yLxh2cvXiIL3iSaqbqmtvo0l8P69lWFwHDwLmj8EKLwqlbi
751,770,two_____,______16,jCO7si7HLQUUTiQhvwP7dtfVR2fL5fzmAYqUJWe3XMFr
770,838,two_____,______16,61SZt0X6Bhvet2c1vfnoBteVV0koAQlknaowQ7FlYuTrEPuWdOTP9rI
838,935,two_____,______16,WFersLU9Hkhjq2GbLIvIkivzGkqneYoUUouHNgkvMNmnoNVDGT5jnBVytflnkk
935,954,two_____,______16,o2cxkD3lleSmeQyvhuakotPWHEp7vpwH8JAls0SIPahLfzwT3Hy
0,7,four____,______17,sD7rL8a66GpY7sDZEE40FNIOu3shKpFmHM7XpykMBE4YnBcHNr9
7,412,four____,______17,3yzIz9eS7n7Abr7WLJEYKfkz3GiuUFcRi7f8JZ2IBIxCf3cV0R69YybOyK
412,416,four____,______17,DxsukK84MlFzaS2zzK3lYa5cSAelGwJ06z3L1HW3JxtknsH6QTBOoxxE
416,575,four____,______17,0qLUlkbKHRc0zlNHn4aqY9A5ZmTLCfEnT2mEAFP406c5akJTs5g
575,686,four____,______17,AsKYJXoOSRdNx0VMEjUNptYlJEzEfyDdKaHYBc9JoNjzNKdY1ORao4n87yGfGm
686,712,four____,______17,0Kmv8zmTk6dY3wPFgoxJvGt2Gg2kdMYZRPu
712,795,four____,______17,GsKg0rWO5Fp3jSTTnigTqLNtfsDXVo21ATZe34tI0GTm4f6
795,805,four____,______17,P2M5xc6CeUg2CzBT74SBkZtjeVmRjKoolQK2yesO5gU0mG4oFa5OTvrN4O
805,879,four____,______17,uTv8oMVDQnrdzNuKQJkwwZffhsgkgihfh2KSyN2QsRnUWrLXW
0,136,four____,______18,upOkrYvcnjcLSbRCQClBT69VMfmTEflAYW
136,150,four____,______18,juneN1Zs1skyd4Pvm0RzHgyAGnYhkIXaGrUcicBv
150,155,four____,______18,rujEFdTVrlccRbItuwVy4iEXGeTTzn2njMPCYV5B
155,180,four____,______18,cTWlVH1fvovPpWefx4tfDp901Inng1jJjBiUiihrlLzUbn
180,274,four____,______18,fEdkwGaj6pTPpYxtHd64wgNnXatxomnM2VY2WqEeTr1vcuurECbPKpaxmo
274,494,four____,______18,EqvfUWIJ2hl0PEOBviGRAfCB19cr2WtWv6MzhCVwgdimc0LGYrywAhk2IxN
494,694,four____,______18,ONuwAul5iyvulvUEM2gpRer2hgDFnJwuRl0qKeYJi9S7kJn
694,905,four____,______18,F6NOkPPmkBsctRml9tpwojMFr9wOzdcz4B02PVgLqKWxHlmxjEz84Am6
0,18,zero____,______19,5bT5x1RCeUbch7FFOebtkLkcB5vAYQMacDt75xqgF
18,258,zero____,______19,dNNMy4qYwmG1TIysi7gbpb5dMQySf2vgvDi
258,350,zero____,______19,NND96C0qXDIT4IeTJjyjhjnIpi2tfj7uTkivw1e2IrzLyBd7Ry3EOimpUk
350,380,zero____,______19,IvDcS0YThpzjBGDj06NTXVHTo8082hWy88eeDZ6IRAOemnHMguOwC8Lur4XnYS
380,430,zero____,______19,9h3qJ9AcSm1Wz97dMvkjuRBI9Z4NkxcU0
430,509,zero____,______19,YEEeAOslSFmhinTRLP7mx0pIDVyUouEZ63Fzwa41XnWXsfpVrhR62D60QFrk
509,600,zero____,______19,4g3emikcSd6AToE1goWoQdnCKOFMTzGoVwp6O7ZckWUt8RiRQwRLihFcJ7Vy
600,671,zero____,______19,hyrmuOJ555NXeXQ1KU9ghLVRy90CE111xfDDq
671,922,zero____,______19,em4rpOXvavazsLMAfWvQxE0OEDcGjMyAGijoQnFhAmbNCJ7QIJk8F8ukQgKl
922,984,zero____,______19,A9LnrABYEQi0BauVIAxmFLGtsnw53e6qxt135DCBftixf973gfXIsW
0,16,one_____,______20,l3StcfULZT3Mm273YjBPO3RlZ0kQCZPRpi4qGz4va7lBN
16,60,one_____,______20,vdFIlddmYd29IBcvjN2twsWllMrThzQWLmn7EbyFqQ91qjjcRqKsLBqpLBT0K
60,87,one_____,______20,8Gz041gmtlagbPjF3dTBE7klghJXMYH1uTn45
87,182,one_____,______20,MD6WwL9yEReQckGdDeyk128xWkfBOPZLtl6Kv
182,324,one_____,______20,Z39FXhNBvmglnUXAqDi63HDUnsFKjENRmL2olHaS8KDuvG2ev7R0
324,416,one_____,______20,sEL2LdIMnzq2AcyBeGZqtJAjpw4xcNzRDYD3qy0dbdMWwmiEpyaeFHvOaMbIbf5k
416,510,one_____,______20,8uFwZnCK50cs0ZpXroNJoRYe8vipAIburLfmsviR8JKEBtRVUNIoFLhjU0R
510,547,one_____,______20,mSa9VgUW3SaX9pCLzPYaIhRlTyqwX65DEh22yIXm7KzDBW1Cah
547,897,one_____,______20,l6WqKdjQ1UXgVjzNu0tdXSsrffaylLuNNhnbP0bwnlELBkU
897,930,one_____,______20,BFzsAZwFXTz9K10UG19iWcXVGiFs4MhkL55Nqgx8b
930,970,one_____,______20,wrCUwNKnAQ4NnR0Vcv1NODAMdCIz7JKeDNoXf2SKXyz5xoQrOik949Mo
970,978,one_____,______20,m5WeF1zmELlgpgRYl1YZtglNBZwPNH9ZVuooabXLUP2zk
0,45,four____,______21,WxbOaolMl00G8i5SXEhc5UJqTAcpf5ayZVUN
45,103,four____,______21,tPSYCJxPBHUeqH93snuyV9GEkq44z2tqY1KpCHQJT7NyyqMaYX
103,291,four____,______21,moSmp5kuJaqK2mNzuJkcJqDSQkboj3QzCYifd8OPIp6wX5aKPBh6o1r7uOvr8OM
291,520,four____,______21,pW931IeGjuX1W3d2bD7e8foPoC9NzwdlCOBgZ6u
520,551,four____,______21,m7ljQe8sIfO2XJhFknS89oOb7hLu4bhG0SE0dfgpzedRUz5WkaUPL7
551,622,four____,______21,op4lojEUfSYPU6uJIRw4yThOAcjPZV77wuIneWQIEWVIxbGN5i
622,629,four____,______21,7EeB6lWs3xJVKidbh81NxEOGudxoxDKyzm2L16
629,719,four____,______21,AUaBOrn0jKD6ZpbhfI8f5VdIyY6UZKSeXIun1wDasDkVEoN4EZKnAkdOhJHLUc6
719,765,four____,______21,U5UT9X4HnLFGsqerT93LUMz2hEhezkBBPMde1omyj7CWER5qnRm92LI
765,838,four____,______21,0ISBmCl7NahgkLMvZ7EJkR8RIOohG3cTwUaRcx
838,854,four____,______21,bkhgxnKaDhyJJ9OKLdaGLufGEddUXZFdzFbulY6lh2
0,68,zero____,______22,BThNdJH0jBvw9gvdHubIFWZLVBK7Z4bXKzSbgJ3
68,115,zero____,______22,eRZEPex0PvLDOzxkWAUiwYNhw0c6hLK9ip5IRwjxSN
115,139,zero____,______22,WXkNHqGjN6okPd10995ybJeaUKTqTKtqfGMUG2exRY0T
139,283,zero____,______22,4aJ0LbXCuoAb23H5NSm08Lg5mFYD30uIk
283,366,zero____,______22,h381pEVZ8ipQzvjFMugdomjDn4BIOlweSxdHJ1zabzlwd
366,429,zero____,______22,HUDpm26s55ZcEmtO2trARshEcuUgJ24buyLd
429,530,zero____,______22,BZsg26VIVCBFsghEJH5x6nREB9YJjOlOg
530,604,zero____,______22,2wOV1doeHEkhPIPTIKECEkHjDhQyzgJGYQTGCLnbyH
604,617,zero____,______22,5OtAbJRQCKqWH3TOVCLxMYGP3UR7PYDgaHm6tjhIfNLWvSX6Z6pzTM8HuuQYItsr
617,690,zero____,______22,QpXBdRJpNudKzEZT4rqEREXThxNtKKSWdkj
690,761,zero____,______22,HRiLLLtP1R7EkC6WpBnTJ2svuRxPWjok2NOCWT
761,976,zero____,______22,u21T7Iyy30bJ6pkq6UBaR38l9ElCN2zLPgRi
0,20,zero____,______23,IAkzy4fDgktHKs9ElW98mg4QVh8YJ4kX0FRQlwC33gMz7UixHWTHr
20,52,zero____,______23,WCd8uApeJaljEKmhcvBlebrXuCj7ENrVFp1mvBl1CyM1J66jCofhoE4BL7UF
52,171,zero____,______23,Wqk5NiUA7JjuLmvHPnhIkvXr9TdOuuOB24r0pR
171,204,zero____,______23,uzPt9Pr2Q8WHXN5Z6FMeNRNdmfvhiXm1M0tHGAHl28KmeQnfcBacV
204,255,zero____,______23,BqZmkhLdKW3r3n6A0enEnzSVSEgqQ8ChLLaUyUomBycYQ2Wb2kmZ
255,512,zero____,______23,cbrDVpLif0Bn4jdkKVCFYOao9opoSiq7ReyOFDIOThrKlrWpTqUDvUL77BBp
512,532,zero____,______23,2Byr4VPNH0sDK0Kv0WphVPSgDVKI2YgBdZN9txvCri1Tc
532,628,zero____,______23,i2iZdTAQsIlIkxOiSbvlZt78BrkLTkEJmWgYJbUNUt28zca
628,671,zero____,______23,DYpqUavR3eQLINsjxNP8Bc4r6A1Fi2QuTL12dkJx
671,707,zero____,______23,0i4V9KjjD3xi67RgsCInsH0elN2YiBgLPZn46iFtreBOhH8ERiDcUgNlMzXK
707,734,zero____,______23,SiLEQlgHdJCpCS1cQnJoweyGuZEolINGzf
0,49,three___,______24,8iYpnJ4Gr2xT6cDWp7aFw6bj9kxctTGCsAY6YQsgJcKkIR
49,82,three___,______24,klr0vvRvRkk1OPBwANXvNf4pYCiLNqb838ElWh
82,244,three___,______24,XKrNHkewJGn2o9P5QKQqmQRZzwe6PLw0XbUzDeZVUCf
244,436,three___,______24,z05Dix2QWPzcl3CuyfVu76ehZrfaSkPYtW10AW
436,575,three___,______24,ru4EfxA8GCfSkJo0idUwUS6V8rHk6LRZIx
575,591,three___,______24,ikSVXBrYtifvWciQ2jFpZhAS0Me4aeiEJiZ59KTAVYqlFSwsOWNSQRwziJJfCkfl
591,659,three___,______24,UDHEWmnOy8mxhpfaSXM4Ntcx3iefTe8fJNkWXHY3MLud33
659,667,three___,______24,bdLZNhawglT9AY8yUrKDJf8dcMVsYpnl
667,703,three___,______24,lUbv4VDogK0931UfnZL33AZcyQy7TGKJEzCNFKU5CicuoZpkSgDnrYR
703,708,three___,______24,4396rkAyEWcMBPcqY8XMR5KtR9a7IadWp
708,838,three___,______24,BmnKk4yYALefQ8vpymuGl5Z95DzXiR0X5mzx18UTueijCs2OcTedadJH7d
838,937,three___,______24,lpwaduwSqpVxGHCLfViMyNR4XPv5mTinyGPw3Xcqtjh02QWvbAFEbNfHBZlgAeqA
937,962,three___,______24,buECJLlOBuagu1k5yCHBseaoOMjCqLCydC
0,323,zero____,______25,ShQ6ak3YHcRbV4vG3Wk8wAlTRymSQVzXto5BSevgWsOU
323,524,zero____,______25,Oc6eAr7ERWEVDxgU2JnNI9dHcZGWQ6dUjgOyN179X11CoEhsJGyDx
524,539,zero____,______25,TTkSCwfpicx3JJge6ILUczifzVLVYpGpcxZqU2qitGI7taWYvZDkS
539,638,zero____,______25,vuQUnvtpvykTOM9YfDnAxpmV1kojunJjU865mt59XqoIe1im4s725yfzBYyQKq
638,666,zero____,______25,lJgvJjKm2SAd8vGsiSdIas0DUBlMWhjVLnrRGSMp9XoRd1F
666,733,zero____,______25,QrIq3NQ0Y5eOOyIsI9txMdZ5uzYpC8RjskbAAic
733,811,zero____,______25,ATX95yICPYIIQ6gFZTTpLwLQP2Ba36uUBhkD
811,925,zero____,______25,WrtykAhrMcAxEat5EE4OvKaHHauw3yB1D3TsS8IRtWp66mtuBb1moP6r
925,968,zero____,______25,zRq9KlRQXzVVE1GZWMJbc1PPyjSSMsCRjMyr7HIzf
0,5,four____,______26,strGPVT1Aw9TLlORwi1FYnJqSjbpIxpyQ9zEsLFzPSyQSM69LwR
5,302,four____,______26,VA2CWTdnvUACVYQSX5XkojVDHvq4TcgPNJEnDGEy3Dbf2Eqy6aEbCGOWVc47g
302,456,four____,______26,FGOZdLurM8CVDgUxNikv6okAjEezDPuJ
456,465,four____,______26,74ZCphTKz3c4uYw2SXKzh8xQeOEzGIIr72GHq8viyyF
465,535,four____,______26,wce8zvw1TD39OD5FUkgmIx2FcZ93VtMcrfRsrihuuPEEqumtl
535,565,four____,______26,WYD3DrM7r43zV0bOqiBzwdOmvn1yfVH6XQR6wmeGYoaTzI2
565,580,four____,______26,aDuk54gUWwnS8Ua3m1PmrS0qGG6e0C1JrJ6Ylz4zj
580,601,four____,______26,0eJrdFgRk4no93Kwc7juDlrD9eCGssKA6SctYF6lmYbXrXuMrcwEEQ
601,730,four____,______26,HH9U9aLCFwQm57t9UZ5TM2tLbjvjh5AaIYLcZfeomF9cUoPdKROrwEMSBF2Quoc
730,770,four____,______26,TkXsW1L9qjIOwTU3D4ZQHPvUD4S17S5P1TTstcHOtFGc9xL1
770,884,four____,______26,YyQjxcnvqMa9POwpYfkpQr8sNgHFukodASmU
0,10,three___,______27,lPx2rDrxQTSirA5nsFxNHXzszv0gbcXQclTJgcLYUKgRFDo
10,124,three___,______27,2GQjWSpDDnAlVBiMrKQlMSq4wkCXh9vKFxTUdOEUzL9wVcfRoQgLgbJRNqlYLX
124,157,three___,______27,1tJ4P3sgTkEp30FEkGwByyRhIswDxyd2dydddOKQD
157,221,three___,______27,4FUDi0Eq69yOdTe3R6S3gQimGJzSZ4N2a2H5VR
221,399,three___,______27,ccVy1z9tonZeSVZKrX625oCFLypPUQbgtgr
399,439,three___,______27,JgeNI02nq6iaK5w7nTifWH0wGhkwC7Mpny0fnecg5Hln
439,463,three___,______27,qbmeWj3BKArL7b8Suacj8uU5kgZ8BIXWG575ijeHcJTtZgs
463,635,three___,______27,j01Yaita5IdSU7mhWWJp8ZvZXc5VZrIs4nXo7syzbEueFLrrVat
635,645,three___,______27,XFCY06l5vzpgkaIV6v18qJPaKKTmmTeyboN8hd6ShXwB5ivYGKywxkSjmC4
645,966,three___,______27,IMtb2XByAESSjfDAbYw4GXfjkJBZ2AcibC9NPLyhtWDPf3QVbOmtmykDI1V
966,998,three___,______27,OGAi4YWHUwIfeKVcNCF781UmXGvVCTSMhAT6gAOtQ6nyzfqRBcJ0u7JQQY2BK0
0,24,zero____,______28,uE0wsCBFhWp0MoI22CjhKGWx7qY0ibrlH3PKlE010M0jQxKdPWGts3tj5eZ8
24,43,zero____,______28,YYhB8CIsMLMfjPuutbcwnmA64PF3Kx0InLPfMUxJHhhKmszjQDtXDs7gtYLX1
43,475,zero____,______28,tnkzfNzAR91gQ6i9UJXVLTbXaqFbEnLOMZ7yT
475,502,zero____,______28,Ub3IiYWbXs2q83gilbKnrkKZxP4FOhp71
502,695,zero____,______28,LaABgAev4Ieynco0UXci2U0FmexI6XZkXDrS6elR
695,800,zero____,______28,Tbi3YQbBrzKEUSOBXvoC5pqFb2uIr0iBjoRBCsULAYFuYE9TYPhaO
800,871,zero____,______28,qRODgpUVyAgXIMrppDppme41rFXFcOBx3wLzZKIbqlyMTv
871,968,zero____,______28,lhbfnkLvoIfnAsS181L039Yee4fYE3PtxUg
0,62,four____,______29,z5vkP3uFmJASeXApfh2peFqkVAhjkg5myw0XkXrZEJqNZiH6RBJuOAQpa9illWF
62,74,four____,______29,Z25l34WV7oYhCeBXiOpxmhePN46w1L2WvAWp1naHgsIJMopXDWekNxadEATfg1
74,83,four____,______29,gCP7dir3tzvfaLVlgdzpvZpuT7YN4p8IcfQPfObB83DmkhBAXfL1P8JT3i11
83,283,four____,______29,fvaSVJGhhvtDz290qsvhwqk9Au9RcXcj2vfRsiTFBRxH2On
283,345,four____,______29,6hXLG2yGwIi0GsJYSvSP1ct6R2KYcRAZCMUfZb78Dc6lJo6o1cH
345,373,four____,______29,NMeSmv6A5wdwjFO54ao5BFBWjQLnGVfCI3BtkF7zPEN8qZwCawidXw
373,478,four____,______29,gpKDlxp9uPyCMBRdZdAWGe9cU6jTItQogJJLHeTNgqGx6qRY9rvgu9D43XZ
478,608,four____,______29,FDi9CEl46WYU8PHhaB5HiAIanmQ3Ac30xNtIoNAk5VDFa
608,652,four____,______29,O6eKNiDjEnh72QjvqhCbqETVFYuZlSs0brSi2a5IHD9OPy1E8RCcvx0NsEzEr
652,734,four____,______29,FnXKgzS512ADmBiRIXuHAmkGKu9otjUNR7WqoXl7BqB3omk
734,858,four____,______29,1dPqqboiuNZIoqZ2F8FxhKJLIEjGsJmI69PvAr9
858,911,four____,______29,BA4f8M3U1weMEAs01ZU8OGTLfaomNydiTcrAZlCMDuyu7joc4z1kOZSbQM
911,934,four____,______29,LPS2pnfc2IgEEOAvx12J5rurqPT8JWQ3vLGTGT4
0,39,three___,______30,AoloKJPjX85jG9c9ge40xWugJdBC7Q9PUVTNqcTPzVPwMIiaG5lui
39,251,three___,______30,FrUzouM3K7kvOsvasQgpyaEbRxFclMt9UdHHclEtN61eZih12usuw
251,301,three___,______30,vYeFrShzveE5XAHaP5oHcVgb3l5kZgQFoykNFmEC
301,316,three___,______30,CPppZV7mbRJODb57dAarCmYmvrM356Vy0iiH0S804ADsjETJj1Kv70UD
316,381,three___,______30,CPtt2Rw8oFs5DE0v8JtSkBruEpxsc5OKqEbcQGfgG4GFPubqzC
381,677,three___,______30,HXLwVWfVroViP8WJDbHd4ql0bUXY7b0AC5
677,687,three___,______30,Ds7W0IZbjUv1Kwo09DcuKbLbaHrEMPy8g
687,697,three___,______30,mvKQ2NI1frpvJiJjjMLmesm0Z7lf5glmo6ntLkBIxPQ1f75QjPpgFYaZiGL1rf7I
697,785,three___,______30,NgMlacREODK2lrEgi1D2J8gIkLFjVOmlDjsfVe
0,15,zero____,______31,93kMQj62Yd52hicDOhQwC7ohiBCNzz0tlCLlN410ZfvXjJpj
15,233,zero____,______31,h9euEFF830DXOm0VvVWZm958tYwLxmEY59Kgym2PhIulmHGuMP8DwckUXkBeVC
233,297,zero____,______31,nVpLfxSYrEdB251N6IuhdomlNB77fuk8fmIw0qVT80nI3BEmMhzkmmSM
297,322,zero____,______31,ClLEDX9mcuNRHk5DlKxoUt0DBbv5c7YR3Xwe36JM6
322,382,zero____,______31,BpCOEd45HTb2OHdmsQ3Xnr0Ak1lwd6FGqd
382,539,zero____,______31,IIWVQVxhGNyxQoxFguVYyqfQ6iDRpTBLKsI5Bd
539,619,zero____,______31,w12syuBKlUUvreqsfNAefKitMwoXlz0I6G194JcPkvlxDhRt89sPXEXV
619,646,zero____,______31,ncskppPV6ZlnYSdRkcUaNfOKpBLINv8T8aCBF4EbL66WUuMWNjAzDqjUdOevRzk
646,650,zero____,______31,ZhHosz2Pr8bUj1fm7maWWBp0ZgBtpHGKIYhlxA6P5kVTHgNJWALAB0PrFaQsM7
650,660,zero____,______31,QhtrKh9c6kGLheUPL0l4s90dKKcqMBEecAFjShTAvdM0bIFfHnHEkJKSgx2Lm
660,737,zero____,______31,xnXH0C4AYMdP3Ih7lT7hizjksfdOAdrBXQI2QWN0F065v3Cfb6VjQ
737,757,zero____,______31,sRg6UCoppDpfhox07LWJC1EPEDhD21qty1pXXBBMIYzeBIq698D1TA1lg
757,944,zero____,______31,4xdX3vtHSI7lLJFgColNjw7Eni9DQPprUY08RaQojlqt7yRC
0,34,three___,______32,QAmxWThcoqXgrqsQ4hNJ8EGf0FM9pjsDP1XQpCcquIQL3eNNnxs3kh2X
34,89,three___,______32,JB3AmLh8oaJcyBpNXm8R78XURSSAmr1D3Iza1YIXFaZyW1orgRxU7tGGkXCK
89,197,three___,______32,OLl2sq7qwR3kIezeAw5DDjrjFDt3vNtNKHS2xQdH
197,229,three___,______32,L7yzra9yu1wf8nZjv1bDSBIRXtyuV1HV
229,276,three___,______32,rXJ9N4EdagSpSVvcu3PzeHdw1qsV8nfNbWtrHDKQ4AYSDhD8JIwDkXUMk9Q
276,384,three___,______32,fsOp8miugysBGtWJcuO1ZXOcHupNqzcbxUaLXmd4S4Fwor1t2AHAsAhUQNOJsl6Y
384,399,three___,______32,XHxU2UzO6zTqZQOJceSTId9v2YIADwdxDTINlNSBUaCISBpx5kvLgkHpw93D3C9
399,453,three___,______32,3Z97iA5It7GSlE4Cm77yoH6bwtWIILqk9RX4uMLDl8YXuSY2jwW
453,559,three___,______32,dgAViOqePEeN4wK4AHQNqunxSuzs0OOahHo5gum59eHZ6JbDPx6vQCoQKp4R
559,726,three___,______32,Z3Ue56cEagxI160OqHCkapWCNR7ehaZ5x5XGQT8IZnURClCht4GUdWuu
726,748,three___,______32,vVs9f8Gc3OkcFzvGsjQOHZAF2BVdiAshsAzGg49VNdWBIJQwj0sk3oG
748,771,three___,______32,sLSZ33CKAraBvxz6nTURCYg44tXO1CxvCCzgmTJ
771,877,three___,______32,GUQ6AZ8KUYyvyIhEHzcjSiGvFTDTNc5TmrJ3FuPk9w
877,914,three___,______32,4HMzyO1y460rv3gTMPbSW2HjDst7XsVN0BthkWKh8cg6ZxaROj
0,104,three___,______33,b4JqOWhAWjKOVqVoD7klk3PU7z8qFV2EoqkdehCdGPt0yHPEwjA0Hk4ibEmBA
104,124,three___,______33,7t9CaRQnoil9lpyC8vCgAimQM5828X1YqEfsR8dtEaM0aMmdtShgqfXc0SRKcD
124,263,three___,______33,NtXFwc0zbf3M25h6JVzYcBTbQbXbx6OGN9evOaK8sTvPlCsJ4r8EFa5X
263,273,three___,______33,TRDX4D6oATCWQUe9WvkVbKDMFoMaq2f1W1gfVmPKp2kgXOssdny8Sb9V4
273,331,three___,______33,65UQgHNfBajnosn260Wsw7O7X0o8jnomd18VJgpUbMdvDmyhZOIgmZTk4
331,412,three___,______33,6jxwqDwYLcnZPdFCx7begoZVWmXuCfB1H5rurWUtgnViB8WgKElW
412,493,three___,______33,eKahw0lo8AQruizyY9Ns32aynU7jkWoolMYYIPlL8SSZkzq91ENrx6nMb2eK3M
493,495,three___,______33,XB9Kt3mwCvcHOULeq270WM0OMhl6mWW1DWmf82EFbyRKKrjP52q
495,530,three___,______33,XKd8I83MHGlPaif1TUsmDBmybMdB3oWw9mcubFFE0ZQ0YVaJHYTox
530,712,three___,______33,Qs4tNjCfgiwPLiqXW6VD5yrXZSJuAIckAaBimM5Q2ahV
712,845,three___,______33,KS2tBO43D3REjweIsePcI2CqaZTV83tJ0Ygb2ver
0,3,two_____,______34,pBYL8mAodFSSHcKczW7rDT1odDT2hir5AOccOf
3,247,two_____,______34,KNjjpijcsFlQfi0F5xi3cZDraYaswMRwEfdtghQZoTbhBmaVL5inNPLR2p96
247,303,two_____,______34,BiGnjXvrHHcRqis0Xagl2j1jRAkAk9UOr95aPnC3TXqXfSAeXRHyC61XDS2B07IA
303,488,two_____,______34,KX7faKG0Br9kL0vPIwVsQmIhpQcWt27M8VaFlga7CAskA3hkO0tZFPHtgtBhJN3
488,577,two_____,______34,SCYehM9LkigIaP91xElg6HEPYgdXjj1shFcPOKxJeXizToO8aAYTmHIogBLuitNN
577,673,two_____,______34,pG01xg8gTm19jqTvgDGPUp07daziFtn7
673,750,two_____,______34,wV6Jeg3AY5gLxWPkKemJCAiousgCjkXSyBNF1e1NuOwQjGMprXj8g3q6VV
750,868,two_____,______34,RAQoby0mZ9AstTK6RBju1hh2JG3I8DP4qrxvSgFya1Q1jAm
868,954,two_____,______34,ZMsJo6wM6abPfoP6TVZ5ilgRm0PcYbnJQnkD9oTBVofmSDJUy35X5lCvNjDe
0,97,two_____,______35,ExhxYhIRvfL5hLLp79K7yM1T89h1DBhgp5OjX
97,123,two_____,______35,jyX5k0D85KrYNnBAcGKyvN6aQqK5cXl5AD4KQJLO
123,188,two_____,______35,vRMyjh4vm4Sbpx6AJN1L7uCv8PHUfu3sjWAiZS
188,211,two_____,______35,JPsmmTqR8UxpzoDUXJQZeWlgSltjDJadXQp7YrF5ipYkseiT6
211,253,two_____,______35,ApkwKXOKbqjYIDOIByNGjaqQE5s49BMEoPbWEj2Y7gcHDWSRbbzO6szhK4n
253,298,two_____,______35,E5kP84PeqGB4Qv0BKzZRLDLuiQ4bcdXV4Sc1qq4jI4QwsoFYx1hAkwkYak
298,312,two_____,______35,qT5T6BZDhIx5VRFGn5BURoQ4fkINaDWzQ5zXXYZKGxZBMm3HvpAdPbzbZUE
312,391,two_____,______35,6x2SgWsInVUasYTdiyC65vJVPujMQC9rnJG
391,455,two_____,______35,wuTuecOqmfEPdV7MAzRfdK1G3u5V6Lxl5inPuYGUCoIrNwoFIZ6saVqrF
455,500,two_____,______35,BnDb3vnWTNOKYnpsKiIH9DIIzk2AZGZ1sJV5AjWWKUzHS5jQWY9AI
500,630,two_____,______35,TGSK6lkC02hGs3cHqVbaZ4EC671aWlxyNO
630,847,two_____,______35,8IPDqhZUsxbAuE4gToIORwoAHovuTK2JmNU3
847,858,two_____,______35,yQis07dLI1hB8o4upKEM2j8whYBPIYnm9Vwlz
858,861,two_____,______35,nLzBnXh0jfmiAgNee891xslRCdgd91qmdgjKBFS592XIkK0q0LjP
861,996,two_____,______35,CA2dd1GBhz2sT2ioVAD3AhtY0Vh25Elaf
0,155,zero____,______36,i6ok2A15VYT91F1mwQYQ5C28FAmt2vmr5FwB5qmBU2kGa4l35ejgII
155,210,zero____,______36,Zo064xdu8ITKV3kQUUumOljOMlFXT8PSMnqZHXeslkoNMrlnMbyRztvJLXl8BtO
210,228,zero____,______36,JCgq9AigDxmWqQwmufj8FQuuzWhsyFOI69Y
228,254,zero____,______36,aggw0cMVnrFOeF1oDZXQYDaBqVUooKNoYNwQ
254,320,zero____,______36,rjwYY2xFyqlSjrrZw32eNszZgk9TVv1NtgYmCywnCLpUI3
320,405,zero____,______36,ionGKEMx3kTS7Evx3Vd6R9EliYGmySa1XsTiyUO5njEkurdKXAhG
405,479,zero____,______36,ZDcpnb21e279ZUV3rwmKmElzct23wUWTA3JPgJf
479,511,zero____,______36,fujbk7TJR5qsU6N62rateIeTmTeuSzRyHzZvDzRcLe9k0RpwKJ2gDmqc
511,512,zero____,______36,aBCoUd9EpSYqMZU8dwK7ihMoqjumaT6vhcEUOrU0fN2jfqkP2DscAGb
512,518,zero____,______36,1VkxONj2CA6PvGt6JJbOyQ0SXl5gBtoMEzQqqTQ9Q4KKXM
518,566,zero____,______36,hmr09hkZM4f5Zg4KZGJAwlxVTMy630Gj2sawQtzFMZnUdOg14zllCcC3mx7g3
566,671,zero____,______36,4CJEUc38JlxqdJHGY3kPOQBL33ZCauwTTp3UR
671,793,zero____,______36,619duGT9mezHSNHa9wZS4LruUGPOWGt6Ehq
793,910,zero____,______36,vuJvGDumchn89ws5frQm8jdB0CMmifDMljUzMzo8fHq7K1N3FTw82Uf
0,2,one_____,______37,4t9pFoiwlBiDXgy1zi1I5VeFN0885T3IieMcr5kSW1tI1Ed9pjHnokM36Xz
2,132,one_____,______37,cr5bYuXuFbk9eBDXgQdpWrxR9dkYNLUQPdph9Pu2mtCOyuwlmSk9
132,187,one_____,______37,Y07d9Kq9GuU1vdQXWlubEVXJjncNdxQ6VYAWI
187,192,one_____,______37,RnuLYk34r5bL4PMGhYjyGwP2oNVc77k73d4
192,251,one_____,______37,B1hNDEjO2CHYhIwxbbq7VHDnuZyAlcXk06wb
251,299,one_____,______37,IpMFECDwZgt9xKQX7aKAPTb0mU3B019iIi36kGox6lj
299,386,one_____,______37,0Mq5BsVGNWMNaBhITV4JBPEarnBfnM2I2sQVyHc3f3Ba6We
386,547,one_____,______37,xHF4n129IF6Qv3XR4M42mck8xdZ7edjRmad4I1oldK4VL92Cb5L7r
547,594,one_____,______37,PdP4czwgDND4DQ0pw6mE5baQ37LDybWCKyD8zCcK
594,885,one_____,______37,9WukKfCgbjV4MzFwR9c5WZ9p9VfXvL2hQbr2P
885,912,one_____,______37,jQ8NbB11iRlfvXQhlPeKtkWx3VEOeNZ4KmyjCs6
912,950,one_____,______37,VoO19JALhr9wo6YiF3OlrQH0GUYsPYE6a5wfJFdEczQ4Wq3AeORYRDA
950,965,one_____,______37,rYiIhdGh1yMquEZwargExswNeKAjndXb1BluQ887a42Qa
0,66,four____,______38,yO3en8w9eC9QeSYfUI0xjkrWiu4Vfm0EVQxVrW6bLVpoG1PmwuzsoOa8i
66,151,four____,______38,wGmUFWQhFQuYevTZc4EOCLbcAndwZWrR4a18BJkOg
151,269,four____,______38,3wwffHHVyIA1iTya3r5aunGnlUFdVZTK0iM98wBo4k5L
269,512,four____,______38,KWUbZIu28lghLIqulDsgVp6C9tsWXAtWz4YkJ9Cx1JAldelMgG4RDtKcS1u
512,519,four____,______38,4TuIuluz7SqHMUkuyGEdFeHA9DlUmne89yBKgcHasCslUGaLS3MljUt41
519,561,four____,______38,RorUPLUVuaPr4vcSL2O0pmbqJ8sO5sf3vzQst1Cxg4QcobhmpayrJw3t
561,623,four____,______38,v5wxDE0b1xiTJhpsROi6L8kHfJC0kU3rEzFo09SlLwgT8XxLVQ
623,841,four____,______38,gPHtoPKepcr1XI2o54KLxA5ybbSaRD8VYX5jlvaM72l8dPO8SGqp
841,856,four____,______38,t62OCMVPMTsczIzqWxxt9seUmyyklcVwN1V24zBAxm80iFy5
856,877,four____,______38,VMpo9AV3yuucweexURKISCmh7yiqSzO87f6HN4K8XkPuSVoBjlgL2ThIyDPQRQS
0,65,two_____,______39,rBIyx3PMwv8RnDgB1yBVJyvEwYqCtc049S4oZH
65,97,two_____,______39,IV93nxtTmb4VmcF0Uet39nZI97X3crapNec3sjArMCBP6bAsOiISy
97,134,two_____,______39,ZidpCDY5gNcsXHOvd9zrYfV4KGw1XZq0ICWX1q9
134,214,two_____,______39,SwBNuNhBWDwEAovq5WXgcSX29N1H0f2heEm4jVKzhG04voqdMObkPEJs9Lb7i2
214,393,two_____,______39,Q4nfsESAnUkOMMcId4B0jd5Z33zwppwReN0ilBhzAtZbIJZL
393,652,two_____,______39,Dsog1ePCxCOP43gPUbzFpt7v9L2KxcmU8rIeL4Dhoc3Pmw0th9It2
652,659,two_____,______39,6St8xWF0sAz0CZm2MbsK7bTOLcbyVSvimpyDBJgel8bMC0
659,857,two_____,______39,oXt4B0NiS0RE0mJOU0Rb171fysdtAqHH9xJl9E2dqfKyvtaTmmRqbR91
857,998,two_____,______39,N3ppg3nc2yW5YDTVJpjQifJD3gYFestniNCnSqPoijBu9c4C1Pm2
0,90,three___,______40,Docy28yYYxObkRFCTsZJKr87ncibFlBsdNwbJgrwFB8JzNJW
90,111,three___,______40,Mc79VJJKP01bj3Y1Nh6ZOkStjsXw5gxUV8PbWtxoC7EabIYRGbgDBo53c
111,257,three___,______40,wg0Xshday0sckuR3fEXmY7JFArILPou3ZdiZqdC2IRgJnFnsVENCcpIM
257,543,three___,______40,JzLiBpTJWxOLHXZlsYPg1L7DI7tN0chMtFcT1z7L
543,566,three___,______40,ibnmkRp6PTHinqs0prXyzP2bzI83qXGw9FObWBs7jKUCd
566,780,three___,______40,vdVYQk8zAx3KvJCkmZhB2iuHLjPWJoHsZj58hwpQczQoXugcrjnpi2sd4FO3px
0,224,four____,______41,CnzzCjxvl1X5VnMgpT7D59Mj2W1VHirjgN6fH
224,249,four____,______41,PHNY3lrAuNm1dPKvNvR19pe7crRlZ2ihia5vx2yWutPprtvRg1wspTRzQKOuV
249,432,four____,______41,2E6arQVD2Nik6BR2VQlswOrDk4X1XKIDJXeAqbCIJtDyupMLs
432,455,four____,______41,nRsrWVduRutiX8fgkge9gEyaDnBOuoipeFVv3mG9cPsalalkjqq54Vm
455,529,four____,______41,tNIMIsO7qDtTIVKd8Ue5QzuA2V5IYU4QaB5o4QM7HdKsbG650b85dwf2xPu
529,541,four____,______41,WjPgsY9462Y4dRvRdPFdozLyePj3bRhRXzinayAOE4x
541,809,four____,______41,r96VIzNwYwsAE3vqpdCkE6WABa18uo4ZObWuno
809,885,four____,______41,ZQorPUFiijv9LaX2qpgzvlDhkQn8yyk7saqwyZH4LU
885,995,four____,______41,R6iqdVO4d2wwvDoKVe5ELPb88kyhgwUm
0,131,zero____,______42,NngnwyWD7BaWVmK9VZdA01C0UmEYFcr4KQP2YL06wUhI0uux3jFdLK
131,436,zero____,______42,aoPGGkppGxCGBTqmU1jXf5L0sLPh1F1sr4Xw7LmoliFtdSTLjzHqqwP8mEuG
436,550,zero____,______42,tDXSbIYKfKKmptLHtg3x6XWGvTG4t18FH61TQDjA1IchqtXBGH
550,661,zero____,______42,YbeAeMjgR0rCC1SFdVQwXmU1TR7Sk2BJ
0,251,one_____,______43,5goolD1fwwThuaE9ajvyJ6m6nmWeagWyK
251,479,one_____,______43,9llwNxUWty66dpZZhIZnXD4ZfqyurGWT7ukmtn4
479,507,one_____,______43,JsL7EUqvoegfWnjxnMUKjrYWW2jlcG16Liqg
507,553,one_____,______43,JJOiBYfGfB1lhoMtEivUuTERRnE0YsK3tgDNGAh5vubuSN
553,621,one_____,______43,l4JWFxlFIyvHFKeff13CL5LyFvvksAg4JnRzvT
621,971,one_____,______43,6Pw8Zg3jefSLL4ucdSuuuJRlZswrIuFQ0jjbyDAEoiPU4G
0,111,zero____,______44,TTychn7HYvjeWGo1w2DACLcsyQR7umFYLKFOCWLUB4qU
111,399,zero____,______44,lq79jbV8Q0U39qJCtz7RhXn6zN1d69UuzogsPziZIdtfB0Yo
399,480,zero____,______44,VnKgi5L66IApy1LMoLGrr0lva3HgBCY2mW9q2Xzf95tjcWv
480,484,zero____,______44,oAGirQX97rnfygMyXVIm7ytqyvuTINXF7A
484,514,zero____,______44,lPp8f5XpHfBORNMw9L7WKB7XL4fhEoJ4ix9p2YuEaHiqOi
514,537,zero____,______44,26bvh4jHXsSMOUgGiaimsu2XHp4NXyojdi2ikKqAgGYM7KDZ3y1yb0rel
537,553,zero____,______44,tGxvNqLqSP5WgZnvr7ZZdHEebTSqmiW7sP1lQUqAli9ycxyNYSYUY
553,620,zero____,______44,XjlzEmeoMPh4nNdh297Duzxr1LyawHNxyHjPz92z1bhaAazH3FN
620,704,zero____,______44,jgt3okXtqCPMYOqtwPi6PiJnnyGErVPNJSb9o06F1OpKa
704,792,zero____,______44,RQG5WfxA4K1hySCYUUmmtrX67T6I4lsPAA1
0,13,zero____,______45,uLR2921i8n8ze6JeFkBk6T9fRREinQefxcLdt
13,22,zero____,______45,84rWno2PBmibdfEbfc1DVs5UMM8sNmuzK
22,103,zero____,______45,4L2eUbkJcjhs6vRZbdXqq2x5ZEJ5ex0CkQqGe93tBkK9kglqfzHHQ0xnVWtscRdB
103,253,zero____,______45,AiXgwNjZi5uOfosRjolztv3bGKJSYmhRxLhtoka3qjDNf1pP2b
253,316,zero____,______45,1OoOeI1aHgpjuVmbJ8vISttZO8nh0o3AqT4hA7wCQTqdMR7caKhevjV7Y73
316,494,zero____,______45,LnkYhF6SLhUR3RFVwaIe2kJhoKqENdcYZcEFoM07guN7irQw6iABVXq
494,665,zero____,______45,5KHwG20yVc080rSCuzyix7QVYxuw0bXUxv8
665,804,zero____,______45,OZUUjRTXio9hKscdHbvKYu0vHIvjElvZagN
0,38,three___,______46,0lQI0shTCA6rWtwNUdOWEq74tmE1WWaDEtVDTObS7J9FonbJKvIJw6pgrf7pSMz
38,106,three___,______46,b2hzUrbBT6dVJWNr1OTheyBqo4TDKD6xj
106,189,three___,______46,Tbg4dyK10KJ5w7uLe9ciDf7owg8cvibkBYmcF9ZVps6XJcZe2eDc81w
189,317,three___,______46,WvsRxuVcEQzIKaA4XDj2RID0EpZyLvnFUNU1eV1t1jkKzpnTzX7zXPsUb8nD
317,371,three___,______46,TbqSAc4f9WyZDC4D9VHDLFycjtj6or6vN5n8MWwuU5quzMNFdtWu8yDn7dh
371,584,three___,______46,vQeVGDVZJUZUNUIukjRTnuuOpOqOs3tGRJtOztgkHAcdftUt05Mlz
584,774,three___,______46,PrzAlH3DDw9x6YFAbPZgNn6L4CI8ckQkrQEOpUeHyDbfC0xnR3VNZf9mp7ZNqvA
774,977,three___,______46,LLKi1qTqW2elCaXL2OpSnjVhsrEFfkIK
977,983,three___,______46,S8BDDARZFrv2OCcfEtVlx7JzTT3b5UzD6YFp4TOcHAuftN7dd4mE1z9yxoPeMIz
0,120,two_____,______47,qL8APmF3VlGSzbXh2r0EpAGxGZD862pD9JuaHMTrHWQFqKecPkwslo
120,145,two_____,______47,LGr07RS8qXp1ulBMIdiVmRxa2gJ4GTqooGSGfCYTDwmj
145,233,two_____,______47,US3xJRPOaqoVpmLON4rmJVdrPpokrzmBZRRVMAy4plX8Y1uRYnecX26Byz
233,290,two_____,______47,cvbhs4cMJUyUU1O2aiJNFltHuyKafIBnGzdJhWc3ymscfOgoe7FvcT4C3Ni
290,387,two_____,______47,aYMGSYbpKGsyqJkQz3TvYmJu7AzKDhLwkTNKNVY8zsnfYd
387,489,two_____,______47,ou9v1QzhiKEAacpFj6vsBlqDp462h1AyBc6zrhlXhqkxXeLWyLRPwKHs
489,574,two_____,______47,93gmjmkjRTJViv1yUmZpf8mTD4ryIfXFulFXfEeLdUYTjmZZU22vq6K2A1WoE
574,633,two_____,______47,6dWbaOqW3Uka4oG9AaMNUtYLRad3CagP
633,642,two_____,______47,dFi2LoLVCslwVsu9cn6HSOWAAoTKCcT6BnnHOXXq0vd1h0n7tzzqZ
642,867,two_____,______47,BYAfvy7sJ7H3Ih3WNjNYP9Ml0ec3ipp2wPdpfKg
867,905,two_____,______47,hfaBrbyUh3RhCsGcEUbQa0cpMmWSogvWM5TcbT7rX80BL0hHd0t2t
905,982,two_____,______47,Wy5NyXlwIR6p4h8hoiFKWGAyYUylYtOdqRBFV54B7mcUScb22CkfNMTEEZrxe
982,989,two_____,______47,ZHcSAxNh1GmtbWary8ECiHbriAetEk3Mas
0,259,one_____,______48,HNp4ymS8lcuAcSGyXbClTXdDXRNRIHx54XkqVzH5z9fsvInjM42fYVMNLZF7XsXR
259,428,one_____,______48,eX3XtMuDeOWvkoXUqtHQHVU2zcHXik5Q3HU3k
428,433,one_____,______48,ArwBhjnKO80Gnz87YIVcA27asXwGk0CCPKDrXprhnAuLGJTgH9WbrwwdR7b
433,960,one_____,______48,4Kp5kHXGPEbOVjgj4Gt4ZVD0OaLSRmthLPfPMNc2ANd4AiejK
0,120,four____,______49,TmNz2wQpDU2RbEkVprxcfHJDeqPTNbj0tdu4m
120,296,four____,______49,G6VbpixoH3agrOMqJE7MmVJVTwI7o1fZHHwWr
296,443,four____,______49,tJo6GqxJs7VStjfJ95TwqlbAKOfVfMa8mg6jNFWyWlKneBgO
443,530,four____,______49,JYUkqDW0wnBDicgtKJtXfsy9HcnhZruhiIHUnaQuKtKwiADOE
530,781,four____,______49,b6Ck4B2fYKlaREF6j9lMVKdpZkf3VEKV
781,797,four____,______49,GpdjWyh3n94oDRJzrOZuzmZEB9ysKIMeapbnY
797,798,four____,______49,biGUWDg7PbY40nj82zoZ9YRmFGnscG1RAZl1fCBU9ICOj984JxHFI
798,836,four____,______49,Q5qmPEMKiwqh84bORI4e019lRXKtg1guIk6AlrxIPuMRjBRGKhm8UIbZiFOlFnO
836,853,four____,______49,5Vt4JaN2coOWemETbOf65hNfiAb5PfrIsuRvvrA9d4oAJzFQgo0J7esd
0,51,three___,______50,wYyJFBctKsYPGV5UI6zVlbTq2a6gwvxb
51,89,three___,______50,E4fchoN7YUcs8C0O24o9SbRffXVeqEjBjhOYHV2KQsQL5JNWJ
89,200,three___,______50,p23spfO8WcuVzQulMT89RJ5qpnxs9cfeVdsoy8pvr3TKkNCAJoeELx8mFhJ0Wz
200,542,three___,______50,eXt1abKA34mTgQXqeV7lHqRZHGlHoLqkgIg0PyJtk
542,579,three___,______50,mgzoUMf1Tkv1zNmhc1hz4AnL8LZgWXb7AQKGg0qIZDpgy2nFzY41VJwmkURQk
579,701,three___,______50,Nk6rsfyzaZa8DgtafNjx5YfWguzET96pZLIOnxAxbNq
701,737,three___,______50,iNyO9k8XBpgJlXHJdDfvuf2lITdFZr3BIkoK5281tCK5HvapJEi3W1
737,747,three___,______50,b65WTHUqy8scN9Mf172c9qpZk125EGm31u87nQpy
0,13,four____,______51,Pm3CisxyERr5PZBLYWTXrFbOI4Do4bPDHG6xxurp
13,175,four____,______51,sqSOTnpuY3dJBn7SXQ3A0yRXTamdKpgTv3TR5cNSDqMtGlfiwtusDnk6IF4
175,210,four____,______51,d5ezOeME2Mq4uesX2FVbOklZ0rCRXLNtkUzjMr9sC1dryI6Rtqk5
210,301,four____,______51,96YDwTE9naAQKjtS7JAwJ8rh6XsJbyB4TgeUZ
301,313,four____,______51,D1noq3IonQmscLKRSkxZ3Sp330xWxmlBhpk2
313,322,four____,______51,lZYmTYwmCe8rIQLxOiYTElmrLhZPbgyDJhCVwj67B
322,335,four____,______51,uHL1WdaHHSur5Pbz9yoWr7sOiGZ3RX5CzNrlUI26S8De
335,381,four____,______51,SoxVowBNCD4ibdsiE4xMynwit6aQfCRfRR7PJ
381,714,four____,______51,AKOdh9Z8eapjp4b8il7fgLMD1ctOVlW0sqcZVTRCCvk85BbNzlsbHPN30rCgS22
714,787,four____,______51,Tw1J0RSPSRBu8TabDJmbVMV7YJ4mFtPFbG2LUiR1LqwzfGdBfRFw
787,941,four____,______51,hj4tzWEenPWXkkSsOYQmqlLvhDTHIRM2U1cQ0V34mF1RiP
0,84,three___,______52,ImfieqohDDlryHxS1K48KpKChD6n9KLgrLHqEleA9etlseAFFzeONoPdYbUzT
84,96,three___,______52,RNYrkaCA49amGqy4WP6XTDimEplxFzfpRbN3Ex5ADwVNEmoYtIkIvka
96,220,three___,______52,o9bRYeTXb00zWSRIW9qXhFdDjFzuniGS6yfxHEc56NFORS3LevqvRWrIg2rilt
220,317,three___,______52,tTWKcsWKoTnlHVzCSE2ZRqfi7X3yu4Wy3oLNnsrP
317,323,three___,______52,BO6wpSyb9NiPeuhuBb8wQfkBxbdsop8tJOO3esXbhfNA292HeXAFmLF
323,403,three___,______52,je5AtludCQNcWUctJykk1haVaS1STEoik
403,510,three___,______52,DyizgqS8wvs3uCOYjmOTenmUDMUYwegSKrM1N7lw4JiCflfCSuymzBVORIT
510,538,three___,______52,qd2hxHh05uYURInVzjNdHXUOpaaaqGiolK6bMOaseYd4dbN6y7ka6F7WqoDk1vHY
538,541,three___,______52,DukwUPY5rbd3wr8dpnnxwr7ijBSevvVBblxK9y0
541,618,three___,______52,PrHRUAyvpFtcmyyH7fvFh9WjvnJQgYdJsyFZzeBIGD4OBYg3VhaV
618,658,three___,______52,IO9P2GOVlP3Cdan2hNCuvWOks2jgReC5AemCqNLaezrYez2kC5j
658,710,three___,______52,czU7VhD40VNIBerYKzt3c0W93LGIkLyDj6vwXoSbvGPEIJZQJPW3W8D5q9J3Jxks
710,728,three___,______52,NB6M5EJKUkd3U913NHO12i2X9WPcLeJOMb7PWJmOrYeTUxQUT8AIJ8HCJGnY2
728,736,three___,______52,0GgkSkerOJfDZujocV9uIjcxabapzL0rMQqd5d0QAOOV3B2yDj5XzW9
736,821,three___,______52,NlM6NYL5eNxGZiuOSeYICTifN0hpz95SQlGFISM2
0,113,one_____,______53,DvY0k5xyaRJJM0E1boCdNxYNPzliRvTbbHNL3YgyZ9D50jp
113,138,one_____,______53,B4HZmCQkjgycH3TRehO0eL1YsQnrKssou2i
138,188,one_____,______53,ZJP9XCFfQK3EQq4fd0gvMjVjbHtfV3Z6J3qQJC4Dbj
188,226,one_____,______53,TAnU7M6wKQJtIN4cewv0Lw3DjWPsmUBp5pAjX0pGztm
226,424,one_____,______53,ceh5hwXtR41GpAukNtFNBFRNCEiOJkfbq7iydtkhDH5L3oCkXNGv6Y
424,614,one_____,______53,0Y5NHvpdH5JRHwHgi4kBCrnmzaKJFnDjt2kaB188Bp60rw0ESVUGLJiZgbVlmwed
614,643,one_____,______53,CveOYgkEmAxwGhMMH6oUTdKkM7rMvHrDqCPgvKc3q
643,935,one_____,______53,qRP9ccRoeW7sPoifj4fVJVfiVo6cLbOOKWdvu7zEgnfvBL8g
0,22,zero____,______54,3Yn5ogDkHFXbqy4wnVuOlX4SGzkjYKi2Cl
22,33,zero____,______54,GTh2Q0BOx8oyCVKbgvluwOxzlpFqacSg
33,134,zero____,______54,XIp6VD1Cvh3P4V1hjEBvhk7HFfTGc3NJ
134,204,zero____,______54,mQYzG7THkS61vb89ShCe8AsBosOkwkwF5el9Um4f19h1qNjBgQzs
204,333,zero____,______54,PyWPOZMxW7N5oc1srqXg1qAEZKrpNeEzSe4q7taMu4HuscGTg84QmlA2MRg3A5Sd
333,485,zero____,______54,822EWZr4TnxWlhNUaT0H2BXKFEezuoXhmNA2M5gubZRMVAHTTqgQ
485,616,zero____,______54,Vhzv1ffEUtOzOtRsYHvdzUe5ybv6LSSc
616,747,zero____,______54,injS0G8bN3DUld82NdZS1naLcuqNnzB0UqmZhY7YkrVMbLUfQzs
747,846,zero____,______54,KDXZjDi5GIR7MpeYa2SRGj2LvReC9mnSx6Ynml68OJG3z8S99
846,996,zero____,______54,tGAtw7oW6X0fMIKT5j0JguGOQSBl8s33omHMQmwV32UlRZFt1qKO5JFz3uf
0,41,four____,______55,4vSPYW1gUv4PG7wR0rXalMJimtXmVstzHlobgZkLZIq0ciazWg
41,49,four____,______55,W96pLscFaMgocOWPQ0dhRVHFQZ3E2ptrtQj
49,158,four____,______55,0YhfPzxe6Os931XgxYczB19Xun2TJBEY9ZW3SfqEuv6eyPzAm61
158,234,four____,______55,pKIZMpAUk73L4J46xmN1BA2OWd8P5IKPmEbrXdSmLWlJ7xr
234,696,four____,______55,MFtUfo8WBthydqtmE5W9YoFEKS8cGZ5waJYsqW3PSx4
696,850,four____,______55,GCRCkV02fQKdzXzWWONmp7dYquNEvtb7Y6FpCRCDYSEoQk62zIBgv
850,871,four____,______55,1zg8A4LSJaifV3YRkzME2EcBb5IuD6Gg6C2vqRB3U9HXUS
0,137,zero____,______56,Go7o2KM334KAO7CP0uLA16IVZct1kXMS
137,178,zero____,______56,NS2odyUZYDcfnBJUztIz13hrPWo2byLPJpaUUwXa
178,488,zero____,______56,226mv8TDpy2TwSMNnMm6FVXvjI4wHk88z6I0daNllNHsuzFr5MiKpxI
488,523,zero____,______56,JoM5RvGXyjG90OnAPdvg9RxQmwTXchDgDJoZet
523,581,zero____,______56,mIGr55ORGxMAfdFwuuiDWCbMZmK6H1CCkBfefszCCG
581,607,zero____,______56,8dpRT9WhfmcnuDlhTlurS2HIDGXHUt77
607,675,zero____,______56,RHANbvrdE5AkJxg1WvGBcZEizItcSY9N3D8S8Li
675,698,zero____,______56,9ixFzYeP71wDnbObY0RK3zyCGzfRymgYaqTlwa
698,711,zero____,______56,hfcTyLh4t1kIaJm3pBaHkJ4mw8jvLFF1z1DCRpEYjoEed2CITZfc0jSQi
711,727,zero____,______56,H8PJEpNeChpOQJVxe5LAXNvzCvLHT3gRd9m7UvwOfMePrpJfaaGJMZkgFDM1
0,60,three___,______57,WgNHrgucFhOZFYH41MxcZuc0iAfILeJ9Ldr
60,247,three___,______57,o7QK6npieYZtmoTeXqlo9vXVTSiyca7hPZxzPm7SVqg
247,321,three___,______57,fELODNsosA8wVSXPKbE49yI3FQPnW3Du
321,326,three___,______57,T6YoZbpxpqH1G2ZFvS7dBUWcheHnR3S3YgmU
326,355,three___,______57,RG7f1WJM8MRexyWtcCBR0wrMkJ5v6kkL1S58RWYEsTNFb9L8KbaQyNA
355,407,three___,______57,K5Ps6X41RmyZRgEHuV6wULoknDChYSIVU3Cc
407,469,three___,______57,8nCpm6A4iwSb3vx9xI9vJDUIwFcoodqXtfRB8L0XHuLKX
469,856,three___,______57,j0H0lp3Rhd06gjN9ABfVuUFQ7P7LAmGuc6va9Z5rEnzu11WlZ4N
856,957,three___,______57,9gy2In1jGftGz8RWgnHXLN2A4GxvU5qdPxEwSD2U0evlWl7Z
0,37,one_____,______58,sUNc5TzaOGTGn732VqnnS3tqjKd2XQzBI
37,56,one_____,______58,unIsbHKNqpHVt3uhudGS9x3XjFa0xq3FsVExgDBFdfOqj5EHmjZyUAimh
56,74,one_____,______58,vcrRZYGlEs9OpNOE9InOSSQKbMXDwkrSUp5APd7TFFzPGRh3Za4qInu3
74,109,one_____,______58,WRMyEUjcyAuChxoM7Uvkv6fDqIK0qvZKxynALg9TvhDUCqf
109,201,one_____,______58,rPzQuPaI5QtAMm9gjJOPnD542twad6z4pRISfWiNUNHaTY0cpm7jizhORcuoLCMO
201,235,one_____,______58,MNAVwDfvZU9R8hhV879ljhVf8KvckxfhOmbrpA
235,293,one_____,______58,yN7Os5vM4zPtbEX45XHC6bcZnObiWGfrNd8YJK9NbYRO1DYzaB5n7TSeetn
293,394,one_____,______58,8UYfdKFdZq0g2idwFzbESzACW78NRwzdkuim8axNNsyvFULe
394,395,one_____,______58,RvdxA9vFcQ5USrCiOqDFyh6GwhSNgsGRodFGzPzE1OsZ
395,406,one_____,______58,X4X4XN5oZc0ZFGcstzvBrLJyNhK20ElwbgJgXbfMEd2
406,424,one_____,______58,DFzsubuR8QiviZOqPCvmsLlgr3OmClBD9aWwVvYTnN
424,487,one_____,______58,ep5aECaaT8J67YFlHeXFp25z5cwoRvhGASh1Eq
487,829,one_____,______58,QpQ1aTEhenCYwYVXeNNJI9DniaWF68FMsBFZeenKAZKbpZt
829,909,one_____,______58,hDLoKk7liZKR6y8J7AARBf7XErFndy3ynEMS4mobHIQ
909,957,one_____,______58,NDqiDQLOos5tjvpmVC1R5DleaV9opWSsGATOPtn
0,135,zero____,______59,ZYksydBq2uK9cx7dymyOFt0MZynDfhOKmlnrTe1jGedImnrD
135,183,zero____,______59,8f3ESgbCic9kknrspNGI8lhFzpgy7kOK6E
183,515,zero____,______59,HthCAMDEhKlUJlCETDEVDACTsmpTkFcUG0rmYkCTc7iMyGYvznczVxirToTO
515,704,zero____,______59,1Xz1USeR2IrULOURjnByqtQkd5J4sXu0Y
704,932,zero____,______59,1Art7S7hfyL20U3elpqgnOQTzIP7dE2bb6CCpqYYE
0,47,four____,______60,Q3qP7h2COuZCkYWlKoA5QwrmUchSYtKZzCmWNl90GwnmTL4ppEKf5O
47,84,four____,______60,MumV5LNCVE2XiCP7bCll4wT6KZ7DtQj3PAYck3kA93yoIVxwttfQ
84,196,four____,______60,Pd7i35zbKNilCbus9FT6TAupWUllmv1ELdvettPYOzGPMV53kqQp2xIH
196,237,four____,______60,VZbcyF1TpDObYCVVmnzQT6k9aYLCOJ3U1
237,245,four____,______60,rEHKww0KlYfRtqigt12LivaZK1hV0bLq85fnoFEH6UV
245,525,four____,______60,Oq2wmhNrhjiSBuX5Jee72e1CyGXx2xIBoX2bgex2vn3yP
525,887,four____,______60,rqYceSvE1DCcl17gGPX97qbOoAPhzl5qzsQq
887,931,four____,______60,aas5OL3hWw3CP3ktpNZFmnqJ4dEsjm06jK7DV8B
931,992,four____,______60,QFJLYPCydUPnwkhWmNWvtQ2YZ0SMaB1D54JzuA07bftWvECO68V4I3MosJADPJ1
0,46,four____,______61,D8aczJUUFedcUd0OgrJBBnKs055zETRDu7Gb
46,52,four____,______61,yM1DizDR5RG0QIWQZSY7g8A76HjIBOyyVUltmgZBi
52,141,four____,______61,wX3ODqBtmnufip1mlXREQcKT3vs0ZxvnoVZzJnbkp9WfN8AJTUM9
141,270,four____,______61,UjpV2yjFnKjjx1sYXyMokMfmUCSzpfWFTBZynY1JJpdOgiquG9UJbA3oZ2vV1t
270,284,four____,______61,ciUHrgpBKgM4HXHL2d5rLyGmCvGG1MoF48nA1j0qUlxA
284,344,four____,______61,bUrne4AVMMqI1GHFj5Ie49mpc6MzC7OvHDqTgM85GgKOLo9
344,536,four____,______61,KsApaEYZaC4VYcT3NrAlaXnkg6K2rFR7vdPv5q4fcqg
536,547,four____,______61,FXPZPR6Qahjc1EI06GNIs6kNIKeL8ijFAICsxm9bcjL
547,643,four____,______61,UGuN0Gj9brO6PJFGC1MzHzP6QtDoHkMgburQBtAigRHr5QFL
643,730,four____,______61,qJMocx0nt0JCb3tSPnbqei44PDeNT264cGEf3hpQR00OjninMBHi2ufC
730,783,four____,______61,q3MeOxcpha5sgE49E1Uqygtfa7uWEc3zIi6zToU2
783,927,four____,______61,Uh0yTWTOYf5NZMMwTMUWyaLaNwFoKTNYVurvN2cvQ1lNKwScafJobWzaD3g
0,479,zero____,______62,csTsRT1PAfw1aV2DgKeisoNZ4ueqvlCp3wdua8i6iICJDa8bQByOzGift4zXt
479,555,zero____,______62,9liqchk6Yw1UD57q5sCjy9B1rbAxBIHQCxX18ecw4bwPDeKxRC1qsxUMVKDV9ZVV
555,629,zero____,______62,3X5fKX1NKVhRyijio0cJJ1LEL4dPfQVC0LSknADTOsq9cE82o5qQAEcl24OCx
629,641,zero____,______62,WVu4ALEVGIFtTibYKPETuKXObhzL1SeOjKcatyofr2f5lyL1ibSbNKZq8XKI
641,739,zero____,______62,CNDm9kmF01zK3k73vm6Qx13eqZzYRWNNM73ZWBQtpRjgYts
739,741,zero____,______62,J1fqlZUfjwGqMSHGjJ4AzJIn8yjiQDM4nFRBG8hnAuH
741,879,zero____,______62,REgewGTirXReX2yBAMO8nQRkRmQJMcP7ItELGJY50
879,990,zero____,______62,X8wDgLgeme8clDIigk4KC1USWjcPhZ67xGeIpgY3fsMFzSpRfMc6SaOBOOljmmu
0,1,zero____,______63,mz97hgmJMgR6Lrme8cqQWiB3vaWYmEJGKE2K6L30jW7WLxoTN6CCMuZ2RFQFN
1,91,zero____,______63,CDf7JDAvgBRw9vqp7BCxd13tJh7CSlH4DnLybJM6B50nt8c8vbDaMeKfzPPopY
91,253,zero____,______63,C5BNdfAaYSIG0b0DiTqrgbIsGhBMpZpvvCyQC
253,263,zero____,______63,gwekUb42vhp9JiQkAtX0g3ivtV4REArJQNWps9Yf
263,296,zero____,______63,SgMbA5f8Fmfp2M0wYvKvp90QX8zWv0hzpWgANHRYHvv7PkMeRdj9yn9auals3
296,419,zero____,______63,N9KdrgWtVqupTqRfKjsik5FHJaSXSIRimmQlLKUCdg1IkffHiWD8jDGZGM30dj
419,475,zero____,______63,9EgDsrl9ViC25bPamUszhXbqT3ISiG4RAFcHR
475,509,zero____,______63,GgSPjalsh5xMx5nDSardvjXXY5dRLXXwWkTnWmCEchz4vY4BiTMpoSo1C
509,518,zero____,______63,AsF6VEnBNQRSZZVFxh3iWHMC01GsKCIYcxcaipL0n76Jh0ODg1SKeDp79huqFKqT
518,536,zero____,______63,dqJ7nRVhYoqQe7yjbYvtdDHJArmoxaCPsTccADfgudxWLyFmoUHp3vVMM7Yah9
536,597,zero____,______63,EdxJgCgEyY0xjQk1teYt5uL3PzZ10XnZOMcaWOI1f99J
597,620,zero____,______63,RFJ0dngfEJEPSC30uBpNLzFW5ZVLdxmo9QLo27BQivMrQX6
620,806,zero____,______63,imNt5JevsjfIGyLH6gbNcmLYd61S9oijO0zDmwGPdkS
0,77,four____,______64,SZhq3NlMOh39AVs4VKFy9JKVtj1En2J1DZtuwxMvRnofFcdw
77,433,four____,______64,RiFGPQ6xBAcFW1iqyDhKPVUaqTHyo0IaX7mrrReE9FmEw8xwIa
433,605,four____,______64,8cpaJzi0a5e58yamng9Bj1CulFbWYmahh84Fs
605,652,four____,______64,kKoSbDZw8nrTO5QPih8oDkaHllvfVRfy1ITzc571Rw567Ss6zk
652,781,four____,______64,4Cri5BtyyOICiEpKP9BQ8csr6AfiGg6Q6VEEsWBg77aF2Y60
0,60,three___,______65,MGMTkdmheO5Z6ZfYZTF28d1JUQn4Ueoz4hWtRZwWTsdVVCNb9ohUO7
60,67,three___,______65,X93T5fw1445eoU5h2amyupMQTQKNyZFfmpB3gdNRuus
67,88,three___,______65,oDxPhqUXYAGsXa301v3y9oDF6KK7MmZ0jIzwmJJD4krSaB4B5gP
88,98,three___,______65,owxnHXSvA1owISfDBFQ0yvs5cgUxjGSybdXtCY4XZ8cOn08PAvxmSW
98,128,three___,______65,YsbZBG059ehRFZAfcMef7iBO8nBTcduMdYLqNBTisKazeCrvVS16fDqPDiILYZk
128,276,three___,______65,QTHLBByPChzKONdbOJmXY2KIcajtO5d81D8nrjMWM6jwFSdEpjn
276,336,three___,______65,OStEvH0OBKEhFMrPwXvhVVCO7FTKmmDXZe56jeSDd2R
336,337,three___,______65,ZCwuAenenjxCPue5hpLb5cAC8enJrZD9wZspXavAqk9mijYQ1SiCHcDING2WON
337,475,three___,______65,mIRoAGT74y1RaTfA5WqiPvLaRoY9WnUVWG7cJ6E
475,535,three___,______65,WOaVTS7sZwEOzxO77mbAQspFnNiKgfIdLuOI4hjvYD0pN2O4W3
535,990,three___,______65,vNlysu4He0jmiTyTOJES8bTDfNhQZM7Ava8xJV8gNk3C7BcmQDhAA9
0,148,one_____,______66,Yr72WnVrnOFz7e1O90bILM4x2XDP0r8m1Dq
148,168,one_____,______66,KpT8lZNpgV3dghjOfpL0ZocYuIhCgUW6ucaUQbk4bAHdx
168,255,one_____,______66,c6xAXyrTUxvs9XS5Fh0ykZUlOqoW0GAUsQf3LXsm74aW09w6Z4aBIexuf
255,279,one_____,______66,sHe4FrEI3MfN9rbnaBO4g07H9JtByPIBVIPURzfT7rotbMW1AZrkY0HZmEMu
279,279,one_____,______66,ZvunAoqvZrdplt4sxTq56pnbB2En7Uvy1aISTJ4Mdziy
279,536,one_____,______66,v5B6O9QXXDzBWqIjnupsffltjORQau42uXgBZPN9eABv1We
536,638,one_____,______66,oeVOtmM8uxXbhPka5EtDwTi10RdWjIxL3
638,732,one_____,______66,XykFVeoKAv5bSuyC5d4vyB73yKjaF5ZT9iH
732,769,one_____,______66,SvSlgiulPrlOFTTdASsxKhYSdPybOn9NxsQh
769,952,one_____,______66,nYCTDMhF6TANdv7EqO4JdPAsDVVQk9f8Vbq6xIqwjQd0Boz5C4LnANxnfrl4xRe
0,34,two_____,______67,q17qp5sBUAFIAe29BVzcM3fYEHhjTIWTR5J1VO08
34,156,two_____,______67,AHNu0lOGFK6oq54WjebT0baL75XpyAIoANGl442NUd
156,340,two_____,______67,0r8ACiVpA9thLs7GlSRhvzJaqbnho6eaNpQSxsaGRR2v
340,453,two_____,______67,TdDqVW406dFRNHyZMSgNXw15pYqrzKBnwBzVSgHZeKJXCU4EC8d5W
453,565,two_____,______67,Q89KZS4EAtj9algCPSw5o7dHWrzQWfr9JwQb
565,655,two_____,______67,RXOFdWo82AhFSHxAjbWmgZZ8lvjuXCjhKpmhO8
655,660,two_____,______67,CrS6VMEjogMtIrUFUYbF1boRx8WXVRzaVotZt
660,778,two_____,______67,Lddi97K1d27tmeZvfC4bAAKNHbQW9YOntpf2nOQL2eTOPtv2R9LG81ovZAyz
778,830,two_____,______67,nPWFNuK403yg6OUY9NJgTHQI0yIEXVdq3RR2NN8LYU3tn1Oqb8doGqmGXD
830,849,two_____,______67,02wizLcOoqfcvAcPStqSSGWEKqge3HCOTC3S5Pp3fqQW8bU7N0Ss9jBrPUU3rt9
849,898,two_____,______67,8j8IIoHyP5o8quFIggdUKqZCfqFl9j2itxhqb68gfrxGc0UCZ5o4T
0,173,three___,______68,gUxSTU3DKRGfGqpSQjEemlYafkYIDlP09qGVBqhlZabaEgODLbqwyf
173,225,three___,______68,luzoOaWO1skY6RUhilY1SO2hUHmvHEevqAbHil1te6QY2Ecsx6RH
225,288,three___,______68,rX09CILHN9B01JJz76o2kumzOQfPLAwrzs00EXpIC5Y4YGCH7RAsQhRcnfsnE
288,314,three___,______68,LTFuIWqiJF43nglzGTE2uDCv6p5Lnm4sHILRBxxm2gVRrZn03aChW3ho1j
314,322,three___,______68,8JfFHCgX4XhnZKSJ3IKXDKaqb9FI2j8MYRVIuVSVoJ
322,719,three___,______68,hzaz7WqctzdPjJFHTpBxaQufY5XDHVquKjgSqDTUTZ6vYuSPuFvz59GYj
719,826,three___,______68,BZlChp1f4G0YMdMFLuNUxdGAkz6UnAUOOXMWkNOn2lGCUP3hV
826,976,three___,______68,sRdp0VnfjbJFNZsJepLBXLc9aRBS1gUTgkHlojcubhW6tgdUS1pDT
0,67,three___,______69,IogcfJwAQPoMwUSI99SPGZEdrcDUYNgPuWvB58Awhwo8TBn
67,75,three___,______69,fL5sp3S8WStiyTb36iRepf3BGa7nkGC2ZiLfrwoRqX7X
75,94,three___,______69,e2Kwx97XgXwmeqOdOMAY3Wbvpf9VwqYB7Tt4H1fmnLc
94,114,three___,______69,WiLTj7iVaHyBQk6ZFReuZyoq6VuDScQxV93zMt6jUidNMyIKO2q8b1vnZOast
114,151,three___,______69,kDSfpitnHsQys9ublGWKSb02nPh7OxJCjShBIrs
151,155,three___,______69,dmTt4pEjKT824tXnSO2t6CBkYnRVmz4Wzl3WE8EvTsdA
155,612,three___,______69,eDPaIa73l0eWKIhuTBw6u5IKCOHwyLtZtbZSl3LR7SBBXAlQ63K5ICNIKR6M966L
0,32,one_____,______70,QHQmA5NAxB9npqVHom0a8vVG5vDukrG1bRf7DbyHO5462BI54
32,132,one_____,______70,PN7HFAlD0PPDoFSEmB6QHRm2R52AuBPl4jbgkIm84ApOLGuVrbULyi2w3EH4oKk8
132,145,one_____,______70,uV4DKb5BGDPWr3phqgDGOigVTTESsSCQuGHoGDL2csBDKaStnK9GNq5VVsv4PyG
145,253,one_____,______70,NELglMvZLnsx9ROxKKHoCFzh8rig4KN7mhU9w8IX
253,342,one_____,______70,wmYWp1uSAS9VOUdEmmudvLvYRypRLLqXW0O
342,352,one_____,______70,9Ud4q15IG8CYeTVDKfpHYsDHJz2cirVLgiMKvsLK
352,411,one_____,______70,ixdZCVUu7urwsXD4pObXC3aHVzubC8kq
411,531,one_____,______70,xq0vHM1fzC9DJbC20HpEep6FkRzxBwdH
531,647,one_____,______70,Y9BIaO2ZxsoFnz7pJZHukzt8hpVPDR9QjMWvSWiWCSz8XsjUE6ovX
647,817,one_____,______70,b59l8Sy0eDRt9G48YjiUjNyRmIr1F3Goz1
817,835,one_____,______70,C6g43XidZLKlSUMyu9As7Tj2ATQh6FQcWLNmosDaKvx0aWpNKzUKf6RwHKY
835,922,one_____,______70,piXkDNFhewh5Guw4YpxlRo5QUdVMLF76jjtUEl99GTDmFZSeKOJtun
922,936,one_____,______70,MRZ1p3FgVHjJ72tJyWjg6sIOT19bIEOuyO8U2V3iUS2eZVCtwLvDZ0EGk
0,82,one_____,______71,p1hFCA4jHO2eo7G7EI5A4qekDP2cZQeO9X9CkR
82,158,one_____,______71,zwrwfo2SFRhgOjF8htUTIGXIojY98Isnpxmxbkh4q9VAkSTxfm2T4qwA7Aleh
158,738,one_____,______71,C3au5CNVkC8xQMPeoeF9K4ndZgiVXKApqxR3ntMVjw3dsVFnbzoudlkNZZV
738,755,one_____,______71,0C8A6QtwXfM8m4sYW8ZbUWyykEKgoKvnokT
755,797,one_____,______71,hoGvvHDwmVuyHwzvuMUsOFYIv2AO3NTWck8KGY
797,927,one_____,______71,58fdc8WomYVS3jcEG41AZJK9WbZUSRxR
0,490,zero____,______72,UeA3em6Scl6EJOPtzwAekG9N533ckjS89
490,605,zero____,______72,6BqzIQywTZorZNFI42ARCqRo06HljNoTY9n321y67lvru0AEcmivf
605,636,zero____,______72,8sQhzTSi4B6fvT5qV9cwzXYpuPBzDFaYG689mZVt56PkImWDaLQJNkYgs8C
636,691,zero____,______72,JsJPVH1PXeP3ur47nidFrtkqs2gntOYXHB8DuGZccV7hG7zWkOzOwweuph2o
691,720,zero____,______72,jdTWdQq7yztEQeShTGRt9D6l8uGCxxRVbc1639Ykac7L
720,848,zero____,______72,MF2AQ4atmn7BtZA0VXK33FeMyGc59nSDfDfoGus7Y1F0MexP3nm1YTnHW
848,906,zero____,______72,jWlRHyC8Y91ybtbJpAxEJhehLnbtGkapgojBTdi8Kl7o2rEQrHc7A3t
906,912,zero____,______72,roA375UvdBHV1jCNRY9fC4EDN72UzS3O5eq8u05H7aoOkrYR3WaIfcT
912,915,zero____,______72,CYe77nzgbur534GN38CfyUUjaP271CnNUm9AkFYASI0aMHnAiYU62Y1Tf3Kncls
915,922,zero____,______72,fhUI6aaG322ZjAD84pxRhPlPf144AvDtAYsDFqG5zujcjTZhqqhNVSuFBNa
922,964,zero____,______72,K9F4JSR6eDXrncVZJrzUfW7JubCp09MYGQzbN9ya9CSgDPes0G
0,65,zero____,______73,OpMCDy1OBAnHt4NFS9YXrpbhhk5bgyEcJNCKWrxjgdAiu7L63
65,119,zero____,______73,7MAMgX3hy4MjbnaUSLgJuGF5GzXcOzGArI7m
119,201,zero____,______73,X5TqciHspqqohbQtjH58fOewhtgc6QZI9ikeZaWEKe
201,257,zero____,______73,stIT3xDOJfKSQ9mNnGKQqnVrhaK3xPi23rEqt52S4c9vuVyvIN6TDcj
257,283,zero____,______73,ju58z2lxqbmKaDSZmgnME0AGvyjtCNUVn1ARRAKI
283,336,zero____,______73,kHmKuKCAC7z0Fq5tWtfC5RMtubC9RP7HGP7
336,352,zero____,______73,oxZpsW3XWiMqUr8auqChg0M9zElAgDM3cbasKMNRObLjDcp3Ku
352,364,zero____,______73,Wl1TmbwU5hDcMxDt8oU0f9YSCiM217bpGg2h7cXAr6zccA1peoqT1FVMlAjqRzb
364,393,zero____,______73,koximxjxtE5lfdVsBJICsK84dHoulZYPfckjJdQduZ0vNQX
393,417,zero____,______73,iexO7mYsIkFUV6zph0WHzxTe1lC0A10sFOSj1UvrKaPSU1rTIG0V3LGpr
417,525,zero____,______73,V3xODXx85wuB2Ivnp6ZRqZaJQvqZlcq9fytJW
525,539,zero____,______73,yoa47P8CY6YnPvDPnKouyxMxTwQrJ9FBW
539,653,zero____,______73,Jex6WDk1HKhKD2ondVTffLmqbcVVRz6ALYEeG34wAhPlbrhaFCQnn69
653,702,zero____,______73,ZnQrKuNKbQEipF6lql2Q1MuL519rgdo1efPQ
702,772,zero____,______73,TK9Hykbcj1TFi8hlD7yIuijNfRBLHGRQWHs
772,869,zero____,______73,ymfEk0pQBTx4UvpITyLCeimnxoT2PQLumnfANwnwOmmsiZK9Nd1POO
869,950,zero____,______73,4xxNASJ7vgCscmFodRRkRJnYDLQ45mxgsfoLaEBI
0,77,three___,______74,QpSPmMPMQwnSW363RLJfuHaivvZ2AuvPi6KWiM7dnNCj6swJh
77,138,three___,______74,VTC6D6i0t1gJSxuvENdMPrCpGRDYmW1Q11T
138,229,three___,______74,6s8DgX15Ssa8byH8sPMW43anKv2i55Zw2KgaJ58C
229,257,three___,______74,sI4wLIeRRPb3elHp8PxHy7iliRqxAJPoCUu0jRe4k
257,345,three___,______74,LfBjlw41XpKOHs2aVhJwFbvNIdzpoOm2DB9h9Av1AuNf3pzLbl
345,429,three___,______74,CV3RsikOiLcfvUYnfBo4PtLq3JH05enKT3sBf4W6qrtUqnpNokzRgb9
429,431,three___,______74,8RI35KZgBi5MN3uwlNyKWPPmzsf0nmF6VxChI
431,523,three___,______74,n1xLDZq25NckXpcWpaRRv8THGwueMcWOy3DvZ
523,665,three___,______74,TeCJ3DasNMKeE27FETKKYw3msqb27QVY0WFJDfJbJaOF85pE1rIhPMVeUFKAC0
665,684,three___,______74,3AKgKYIa9KQ62Y52L5g6mMwPwdQSsCVfNC1VjgQTl90ZxnjsaaCcjvnZ2yEi1
684,815,three___,______74,M1ilRdw3kJYIIqE4h6MmZk05fKRGUge9zf1AbnJLVxQG07A
815,850,three___,______74,Bsk7D0O6Seeq4DNp7hhbVKjlYLhraUHf77GzXvbPGsaZSYzOeaSzAAFkQ6bxHAk
850,867,three___,______74,q4JfYoZMnC5ktCoW7Hmgolq9tdjnJ62DcZn6KcEXanOfxYliqMxNguy
0,67,one_____,______75,LKAvrfe8sFTcvPadgfAp2daSeZ2OLiXve7krWdD7uc0qnsNWULK
67,147,one_____,______75,C8vJJ5Ml5yqQqYBn7WxVx6rAoRkvbQA4s4xpTi0uqKFT90x41j
147,280,one_____,______75,UimsF9kzJ8Kn2hJMLmBAhhRujlF67Ga1blTA61HmdUtIigk19YE1Dr5wZhmd
280,382,one_____,______75,9fgnyzDK51Jxmn18JaX4EhtK1tCxJ8Slb
382,390,one_____,______75,ZXPtALiznTomRMIQIc9dOKQFbzqh3cCgsDf3AjeIcPJs4mdTSTDzLLPNsxom
390,429,one_____,______75,pLHNDf06d7lJzTBYn7Fe2mauxkGqa9T98LMVLu6KzcAduzINUijG
429,451,one_____,______75,lfLqBzAgQOTELG04LaTJa2B5FjRvZX7rngGNfM3JOt34NOs4ETy02DjSy476
451,473,one_____,______75,Qb2ySToHxd3jpV7ZFEWUPCXznnNDFv3y9NKlB4YOwhAMcDEOUWn72Q
473,650,one_____,______75,TBEd0a8WmVc4pWltNm3wckvTUGRP8lhDU9ChadAJfrP
650,717,one_____,______75,knsgsYUH83GeoODyXnAZT2unficQdu2DAuEva61t4xpxxVrR7gbuSbJ83d6L9
717,734,one_____,______75,L2QaSplyOnyB09bCeWdaHiNEtbqhxnLEC3ttw8Uu7ElC
734,784,one_____,______75,mho7nAXa3YFMvzmniC3uhOJgJQMnmMdJZ1R7SjMmd
784,802,one_____,______75,yDYlvZZWgLzIGuF5MXmheoo9UNwph4GbVozmoRLrP8XNR9pZsVmznhzkDetWSkH
802,812,one_____,______75,zFTxzLmtV3EZ6nEUrnZxtPuzUx0wNtunBnCHoGwt2z7cuNoyYWrFBWQI
812,862,one_____,______75,bnuxqmlZg6z53DBRLBK8ICSNVUYL1Ki0mA5cZ3ymqyiZV2cuhliWm6Ls2ls5T
0,32,zero____,______76,ySNA0Hks8NwI0GpSIc6MGq7l8JXj09scPPHO2eRuU2O7CmGql331o
32,113,zero____,______76,Fz2rgYRJqtVd1Mo44ikI40SpW7r4MMLMtqquaQhqEWhunt5MA4
113,140,zero____,______76,Nbplj3OlaQNF3YRL3wfIzsF9TJeRNv2k9G8R563J540BCN64LHTnSSKp
140,350,zero____,______76,kbFcCWV4ADh36lFR1UBnZSvnLswsjJIkmoJjnF4rOf
350,488,zero____,______76,JtNCSFSkI7lWggUXoED6Ldqp0mwlUWo7K
488,527,zero____,______76,a6qAiUMWOBBNKCzGWJUuKMiv80zYSvdSOLbgKswQwXTnPkmfInM8l3Ku
527,622,zero____,______76,u1Fc6KzuqDVmtdIL0GHtXPLGSz9iR2JOSetjsDw4ey
622,915,zero____,______76,Gwb4L8ErOT46D2MIzHfgW4IDgFAsD31V9c1P9JBjpapHXI90gOXLMUz
915,928,zero____,______76,QZXNBqZkuQQgpdSJ7iWxKkUeUlM5jJRUUD1iGuFN21iaLyt
928,987,zero____,______76,cuFe9AApUYkQCLjmJEJfNal5tSlVa4fKLfNc4RVbyDso8Vc4Sc
0,254,two_____,______77,njMqk8MxlkvMrpsr8GLhCfApBO657RRbPDepDeAivmTW0ib4avzi9QTDKJ87X3
254,322,two_____,______77,NTmpo853DTdR8EeoiwEVjc1WIxj7N9P4EGMz3cO89jgmjuHTJHP4
322,405,two_____,______77,80YqhBOcRwtG8bvQNILoM8tNuy4m5Zc9GgdIJRAs96wwSkGPUT0Bxpto63fJOWEc
405,412,two_____,______77,MnKO8hPh6X22G2VtpwfD1vzgjXX7upewdkopZ0S41UVvw
412,423,two_____,______77,xGjdhaZYuUEn3hvfoG9369JRzyt5EbRSQGCFvhj
423,427,two_____,______77,PoEomzSjf3Ywi19IhdIc0HyePS7KPB350BuxFTGjrj0BKEVfT6hiLge0P7BV
427,629,two_____,______77,YbHybQJ0ThIn56turZY8kQprD0gd8JLr4SAyXUhQI7KwIercSRPxB1sHaL2
629,890,two_____,______77,GT4COQ2Y3gN0PYS0BXg4ZyYjEEFBMD8SLkLrHAgDhI5Gqu7uAOq3ERPSj
0,193,zero____,______78,xqSqLbgZxKGRFvj3dvHTPEH47tBiaNDXZIuL9yrOewcWKdBlU0z8
193,222,zero____,______78,jhmGxs0KvaMddCpIhxO03ZiqjQ9pAcWhemFnmzRdTzH9
222,343,zero____,______78,2jMJj9wQuoMnWprE7asDW1mvK48Jbub2wdnm0hT7uXwLG4JXAj8rT2XSREmDGKYN
343,395,zero____,______78,uue9FcRrRpDOlY18c2PoWrtQmWO1GUbvl6P5jNE2GecMmAhw0enF23mSus6VqO9
395,399,zero____,______78,7FMd9EsKCuOFHHKIJ5viGDZuqdbcDKNxioxxvjOJqEfIKnXjTu2B5XzmMQsnD2i
399,457,zero____,______78,YMBeSA2MqRzvLHKztm0gYZm3SiEVkE3UerLjntn
457,467,zero____,______78,OVYsCX3QjqxW8hrASZwSJkTT5HTxDGCrysOEqwQwHd6W7fdxHJjSCvy
467,544,zero____,______78,4PCtwVvYvWR87ZtveLooNcTd1ZqJ9XLC5aSbmOXbGa3GqduT1f0U3GFzwMUX
544,558,zero____,______78,uVmQ0S1YXkmSBnjpAC74YzgtYAzfFnB61hXdZhXC5OllCRhybapa
558,562,zero____,______78,8KBxdjC8lXBo8a9LkTiLjMzGZ4ycoQO0s
562,730,zero____,______78,mKRtrjB1UJY5r7fHS6zP4vf9kv3KQvqmAyVHDBGARKe4R
730,733,zero____,______78,hED291NWmTW8ohHUCqcb5d3yG9pyX0xw1
733,832,zero____,______78,IFtho6uOodB4oOW88gESLMCXH8i3CBnGikN679kndah3Lppf2EQcBk6R6MXd
832,944,zero____,______78,FGO07fd2PUW3sD4kMOb2HplWFG6fNhr1TvUGDUD6sWn2xNBw5DQ8BqggNa
944,981,zero____,______78,1VZk8JRqInY38fZOANKLFUBZjjadW3xos1LRdbLrjoRU
981,982,zero____,______78,PfDZ6k6sLuM05NNIe3pbrFuoERaH0I8a2NBYuDd9wbpEDKmmbSe
0,360,three___,______79,U5nHJzzcmUNNgBHpp9EzXztgNZWh8s9xdebEERBm
360,508,three___,______79,6CEO5FQKaqpbHeqAOKS1bgnPfOA5WHWfpFxlBdKLG6Cv
508,555,three___,______79,Xziv4sIUlp2f2LJNQjAUgRwWPUgkGpSh2YyvE0K7sHnulYJ
555,700,three___,______79,53aO3r6dO0IEZWO4g2kRI4PLeguv2c6jJmPYpaccnFAT
700,917,three___,______79,dKmboTGpGRcu5PnfXyqzlXAWcu7eG102830sgyoT1tMS8DNISGdWLD
0,117,four____,______80,xGPnDcAqccALt6TEry36gOUt9FDsMbLo1XvmsddQNVpJtJcr
117,163,four____,______80,TTbtZGT4eAD0lq3Rym5TOGRFwkWagmoRX
163,243,four____,______80,uyVxtpglLx2vNt3wtlu8bG4Glw4L06I0iM9vAkmlHOAPQ
243,537,four____,______80,FgL9TpDHmF0GpMbr55iKycV9fRGXbCMmaq6JtymxKp5XdfGbIrNfY4g1eHB
537,607,four____,______80,GBwOn1dQTDURliOHYDRGVz0FlzRzsWoy6JnVeKQXGLHGIXd0hdyzL2nOy7
607,689,four____,______80,6emHFgvfoGFSqtcXNnw6PuFvnsNgVKQkhytPS
689,730,four____,______80,dywOWRjh6MsTXUiCnbfdaS1HojDzFOvm2
730,797,four____,______80,682p1uKPwRbYsweyacV8m8u9XDSPOfqYCWrfBdTCz0
797,921,four____,______80,1TbPMRyVEYGri0UknSsSNoT6ZOwb158DIdjUbKDii4BuqWOlhwzqgTQnFfpUCdZ
921,930,four____,______80,dI2a9aO70lpfRbeUcI3xHLpwDZup1asohUp
0,100,three___,______81,pYoYefw4wWoKFJvm3lVCqFpm4XMI0WQ2RJd
100,159,three___,______81,lPRrjrO8sxnIRbCy0Yv7OiG1X2UqftQvFF7NwOvM3PlAREaPnH9vemd
159,204,three___,______81,U9Dx5JWpgviudFr393JqxFMl4ChEbR1VZ6iyA6ITAg
204,394,three___,______81,as66chNkq9V5aipFGuSS6HqJBOmi4heNHvrVfJnNg9urE0UIzEp4TnG
394,397,three___,______81,z5PMIh3xabBJiG6yPOyN3CwMXD4Uvbjf
397,696,three___,______81,NnRn786RRaAZBdQZ07xaF7Voi9Xuwg5u6MSZy5yqfB
696,790,three___,______81,LgSGwpmHloPt5Hrpep3Ab9wWmQ6UqNBY
0,196,three___,______82,XCfOjCeLkxNg9REkaN7NrtB2V0OkeVeb5hwrfI7J3ljzj
196,551,three___,______82,yID9Kya1XlJsqwx7Hk2gABAhC8moZccr1zyY7LeE8
551,598,three___,______82,2sHyQatMT25J8suPVQTvNEbGc0oQilA83Zmfp7VZGrnu5H8S9Ptx5wONHJuq
598,617,three___,______82,Wx7EblTpusW6wAJ8jdQxoFa35O4PoiF9Zmf5VF6VQWAJ8np
617,693,three___,______82,6H9ZfrlKaGx38XMZp0f20z5TVc1l9p1VPZc5RFbSJ
693,808,three___,______82,gtxSWdS28zR1An1K9bQTSJSl4m8eVes0QwepB
808,864,three___,______82,geCDKchtruG05bYQ5UgJwkBy7fSOy04Ahx8ZlErC4wGTVfe3sNBN9EkET0d7sfqi
864,991,three___,______82,wFGhgRnj9Auez0q9X0tqewnTFngPm5etcS
0,83,zero____,______83,Wah1LKFItC9l87bJ4WPgBTCB1wBuV8si
83,141,zero____,______83,oOeVwlHq25lu2MFFBDukQZg5lf9rIs4pIplXkE6YKDvc9j6XRh
141,158,zero____,______83,kJtJldoEuvXsnNPzdK23P3k2giQ0N5NzDbr2Tx2TPsUoB3Kt6
158,181,zero____,______83,zvlXLxSagP8o0YqES9IayUtVXAPlrpe4WZ3bsQF3W3
181,223,zero____,______83,YwDvqD86U0ht7m5T2ahX9vma3bljCeQW
223,264,zero____,______83,mTbW4L0Sc9sJdDiwlDoaBZ4RVhA0HrdW0y6r9o0zXT
264,595,zero____,______83,iDHdxeI8VCJqs4n61O2K1ObcYmuix1rLkSN0YHrtKdwHg
595,674,zero____,______83,a27bGLuW1ZIveF0NgXXU9VMTiLtZ5hOqTuls4ejX
674,829,zero____,______83,7VTC6mU8LxYVaqZUL0UG4lSDCsuOuGSXm
0,108,two_____,______84,WKYkTsWye8FhNzOTByaML82TJ1y0tfcIrjpEKC
108,121,two_____,______84,QJc9cTX9ypAFCk51d3c8exy1RBznEYMFZYRRdz
121,215,two_____,______84,UnfafJt2MDJ1ETBfRSQefvTPL0AIR5klIXyZ4f4Fd1K1k4GuvQ8oa87tXUkqhW4K
215,697,two_____,______84,TncIjKpIoz4gy7HAiDakKOzRYOeI5GK5HcLtSqlyVLlrcp5hRo1Y7b
0,104,three___,______85,EBBmrYrZ7bSAyOJvS0BFrbQs0MOvfy1C
104,209,three___,______85,SbXFMM1zdDGw469c43NakBrYfF1PPvDGTuuVymkyv8ZSqcy2
209,634,three___,______85,6Dn1XxaLBTQtSU8b3WwNEBSoqIljlTNXYRoKtDGyXi7t22ydQWpn84tfau6zdyN
634,672,three___,______85,huCaPOWLcJWul2iO2pAgSmllt8bjkTdJjTSYsJSn5W07FRK
672,721,three___,______85,6wNTxfITipeg1aPUDqErcBdM3mXP917k0W1u2lT3XhDqe5K
721,737,three___,______85,hwyUd1FY2k1WdTqU4CGo5wl0z2RPEKB2gY5Jhd8iEKgmh8
0,201,four____,______86,PvLjgw3WwHPMrnQmFHg11iQEHNcATmA1IHiWyu
201,237,four____,______86,DjAkN7yyn7W2qHfsMxFlyAmJqyDLvCcmZORopYTDuD3DFXAndHAXR
237,309,four____,______86,3Ry5iNNjiGCiKXZ6aXWWpQgAqYKz8wR0iiuDmzcVESVfiAi8rlrMIF9Gorqdwm46
309,336,four____,______86,YdL6BNyMC7IjFkzOg3odxlInBcQuWeDnDlTL
336,531,four____,______86,Pn17O31a5HHgwywgjrRmvtyayZNiIlrm3pYEswBZXoassGm2rmVT5XPZh4hD
531,596,four____,______86,u2fJOLdWq6iqTD2NdMvIryGbAeDCygEuKtCjlVgYOcgySwHO4EkWH6pVZK6pQs7
596,720,four____,______86,MjrH4B1Q1oBCTO7KhGptx86NSTkXGQ2npCQBAcs1FHAXlJYH0foW4EenEwzK8Z
720,807,four____,______86,EF11iQDZrtuZblIhGskpMwwn08SUyMgRLgC
807,861,four____,______86,7PjBSJ4cQpd8LGjc5l17WzY16z934gozMjvzkcONjA79Q1yttVTo2rDAaL
861,864,four____,______86,pyWpFeANjSrqli05pCPvUgFOBEtGsCcv1wVsXWNHe6E3OopVyNt242tL
0,43,two_____,______87,lQdKQ2F2RpyeOOS4DJpaUOxVl9y4Jc77
43,115,two_____,______87,qoO5vMAcPN1KeWA2ZPUwtzYdNjQI5GmZdPwTScgup
115,148,two_____,______87,jejfqFvtIVcCVeTU0skunaoXbpganfiPznHCX8VFfH7glbAmhrfsgrhdiNjWtI
148,272,two_____,______87,4QozQQsY3KQTgolxXPMKW18GRBzLhYyo05E8yZtJfME9XfhqUt
272,382,two_____,______87,0dOyDuLQJpMmurd4AUTqPyxgzilMIYxt3H5486v2Sx8m4hpAHcLhGSezfsozQA
382,627,two_____,______87,EtsjdEmtoRjUlAgvXkCxF9MiSIskoGGZcxyyKL6jOPTD3xFagi
627,688,two_____,______87,nVBjA3TFCCetY1Lx3nBnPAaCBmgB3CIffFZRWGSwM9pQhU
688,849,two_____,______87,6rBVJ5hMSMCeb8MwA3zbQz2gtxSci9NkZBd4
849,863,two_____,______87,pvynvrd0hE3Vb9Iwe5Cq14Zvkm17qGjO9116wVOhhc1MEOdXtCYMh4oYw
0,6,two_____,______88,RJAQlbOJGCnpRP9MGXKodmIXY5u6NoZrwgLmDM3TbtnY
6,40,two_____,______88,f9IXUkPPVM3jhYrYrFmJo9x4Q33UeqIAFuIikr9ptBw7h10kOHKzugTq9guqq
40,347,two_____,______88,NBeMgdyNTSuK3UXdb8Ks6TGxleAeUg8oE7oIf0FMQ1g6woAUGIf2Xk7N
347,668,two_____,______88,yjczsjtucFrSxVDXK80VlS6pjWJfC1Am7cRZC3A2ZiCKvLsYUNT93iECcx3P
668,702,two_____,______88,zzs9mLVMYe4VdlgHATv7hgOVqyPVp8BFDXt
702,955,two_____,______88,IKolxLLL5AZwYVzOrJXX1LqCDM3SGzm9lwV6Bjpu8KiinwOH0M5h0TJzl
0,43,one_____,______89,hysqGfnHUP9MdO4Bsl9p0uF3rIivpxvHxNXtX4JnZn
43,142,one_____,______89,EVvvyDC24Ht6F3atKpczM2KgGUyYEeeDj1GHrtZYiLA
142,303,one_____,______89,UXce69dKCivX1067zuyyw8K2Q1VcG8eguqyXtTeCWFCjKKYZ
303,575,one_____,______89,uSXKqMAW4daK0ekGK6LoERUXq1lV2EdLDJCWQomr4bSyqjgkTBznv
575,924,one_____,______89,QNRK2O7H22g1OeBdhIUcC15XX6tts665GtwnQ9xU6gRFz2nnnyoG0C4X9LStp5z
924,978,one_____,______89,Tz3561r6lxv2N4zxZREmU7nsJR8SKAt3mCFXvCI30DOV2bHbH
978,979,one_____,______89,30qvtGgW9hl108TEvp7VOjEdM5sMH215Y8wNlrxIiWIYMZ6FG4fcjf
0,29,four____,______90,FfXoW4vU8sCvGydSN4ZN77B5rGeigSKgsaB3pOxeM7LWgDvjxZDahQN1Ttx
29,101,four____,______90,iIjziCN3AeffR4R1XvfV6xNAP1rXcqmpnUsx6WgCawCmi2mrnayGau
101,104,four____,______90,A2hKrMYrelzyVYryuc3wMVJYCx4gruLKVsIdd67Cwg9iikPlIKlr7jQrLyl
104,343,four____,______90,TwAOSXBKLN2JrxjlF6pa79QK7egSt4g9tGEe24kbOxuUPHdw1X
343,347,four____,______90,OtjRb6pTFRN0VYqUEPp1bj3Q57IigkLg9
347,362,four____,______90,kmN97WPqmGZRHSEq1zA8H5SQoNOiSdeVCrL2jVv8OzFuiYF45ScCMMxUH5CqnT
362,396,four____,______90,YbxUfAZH73I0N0kshoSzDxRV2oY6TlMYq
396,423,four____,______90,nuDLlv5MMTxzdZ1JK2JouMHZggTVbwYRaJywZBbrR8L
423,621,four____,______90,lxP0m7vbenzCwVtlQaEzsjZNbkXlVNr6l
621,738,four____,______90,t2Z2Rzi6xBBpszcvBSUf0jN25DM5ja04Q4qcLAMR6onmjWHPDcad0v
0,26,four____,______91,0Ih1DVGGoS8luMGjgjNAtamBNenSSj8I3Kc5eeGvO3pxLKpX4NnKE2sMJLwCJxIy
26,211,four____,______91,7lG0e0ed0GYzXIQaQ6YV0dQA6ktEBSKKIbMH32ZlpJ0UAidA2jb7tFwpvN7512
211,262,four____,______91,4DvcpaZaZ1BHQ6ocBanL6mKHsMQOpx3OrnoUncrhAkgchBlKM4tpZKHUsn3kZ3f
262,604,four____,______91,bihvrv4XRA9LfiNn5isASCG5l4GBZRV00DafKWxtKdRj2N7KeflwEdtHik2PG
604,677,four____,______91,QL8JnTQJ0IE4obd0DELC2OY9Fs7FNoRV2wJpt
677,704,four____,______91,Q4oPuOss0mwDreWmmRc3wjq4cdZHaIccsxF0qY
704,817,four____,______91,pZpYOk3jUeIE4oScdbNLBQ9JvaXtjKOt9MuX
817,873,four____,______91,eeZrqOiK7pQqjt358zpauJEiisy6qc0T3t5x
873,880,four____,______91,XerisFS0ISbDAUVqhVr2DYDRBRZmz9ojQ7wBA
880,947,four____,______91,TdvAiUUg0kSLBx8v1T6zyrVHQu1qsG0RmkNBY9zDIhqXonThkHe1
0,51,four____,______92,jS1zjBKqww9biqmUQymTKkHvDhBQqLsYt26M28jtwcVnwc2Ga
51,59,four____,______92,LaNGEMIkrauo4XY3mgdvsBAaClb5Lvr8y5yayEb4xcsDwAHnt9KEQu9Ea
59,172,four____,______92,LqvVqch7dQqd49gSdQSYAvqorxyUmG7olPzF2
172,214,four____,______92,4gpzRGdXrrOSOlTSwPqLefprYGQKyt9Oh0tCTGg80wQJ2YVEuwFkR9qnvUa2Iu
214,239,four____,______92,2JeTzzCqGzLfSDvR5pHmcg5dA8TGpxTQmWvYba4nLzZ9iBbTK9LKdQD5PUul
239,342,four____,______92,zpTvBQVYnM9c1sRJASw6bjw07Ur2XiAqn4
342,491,four____,______92,Uzr4TvFRaNorhIkI1SV2FR8qHsQIDCe58wTdYAyz0MaZebG
491,547,four____,______92,LYyjw4Np89azNlpDVrgGqoPNZBHYJPVH63r5QZV
547,748,four____,______92,L8nwCHmQ1zE4TVviBBJoaur9p9BPDIhKB
748,761,four____,______92,kP6TObQrSizqrVoLpS0qyCkdefVinp4pFU8MwzJrXxZ
761,817,four____,______92,Vt4deBTmXVVB9LiIzgAFNFTx0riAr73QnkjneCcdBVS1g3ZwYcHb
817,932,four____,______92,z6zFiEp1xtU3dknJfb2F62bESRXhvAVCtVn0JkWf56lajji7fspoGA
0,15,zero____,______93,lJXLeA7pWEcXhiYEyY3aT48I7ViURuYLAtmLeEbNQEmTCUPdXZ
15,71,zero____,______93,6dzt7OJoiZrgIDr4zBuFeJz1Tu3hqYrYZxppQvIsb8q
71,171,zero____,______93,gJDrJbFgn7sPC3ba1W4AVC7JHjfriOUUnGqQaQF1k
171,450,zero____,______93,l0Qslv4B4xq6UOQsRCY08oUikiJLYfyho3w
450,573,zero____,______93,a3aabqjhnhoJSY5F7LNt5R5aocMRZ24kCUGxSk3muSS9EFubV6kvg
573,774,zero____,______93,QvODwOiDTj2WjPxbN39dJEhfsdwDcxskt6PpovyxL
774,803,zero____,______93,wutIDL0ph9VmcT7MxOJPHNVGE9nSOVu5CbfIAKZAVepcl01RoY
803,810,zero____,______93,LERuMWeY42FkEd52roEY6v4jnUtYdyrUk3
0,119,four____,______94,gCab0QWdt6zJRJZySDIv78tOEY6dJNluQv
119,339,four____,______94,EL8nW4tfe9SzgaRGgJxqhQyfHmXcgujK9Y8Nq1Pc7Tlhd3IJ
339,524,four____,______94,fgSJZv69JiRhMn14dDztg3U7ANyAd5cI1Jn1
524,584,four____,______94,PyCa99hyD2zZAhqmV4bEK7hm3JCqrqlpxkOqvFdTNHdCDQydhdly
584,833,four____,______94,OPoAmXMVmoMSkxXMolVZxMrdcTcwmFt1MHrq2Pu2L
833,873,four____,______94,YGNX7iS6xgC8wuzy8JBufHUuyGMHyk1fwhUlshmn
873,918,four____,______94,fPbiaTyvtpFsigEnGNIz8kk4aNgJjKsJ2Thoy
918,955,four____,______94,NEBjJLUFPX4pYgGYlEOsUt592Gur6F0UPQGQs9amm
955,962,four____,______94,uUgAFFirYd0HS8I2VUKZHJnZfsO28dAJfobieRC6IHcpY9Dt
0,79,four____,______95,ldHS0lQfqkD1u7M6I1xTHsVq4OldykkYdkbf6I923OxoujvxOsic9F2pbQylr7Bd
79,105,four____,______95,LZJDGlmCtxZeIkh3WkUoHL5DrVtKkPyUV
105,135,four____,______95,UD8lKEckZlOEqoDkUujdbypzQRNsJU6mu7K
135,226,four____,______95,JKFpeoG8G9DIGSWLHzgXWw5eUYFt3YqP6HbTM7bnqOLLRJgTWkQB
226,249,four____,______95,4IbSj40Swv0iB48h62pFyFu8ztXkcfO73pZIau3zSJwY3H5K6qnE
249,477,four____,______95,ER2Lj0VcWuVzOjxcaXsQRzeJAbWEpUpDubAN7n6VPx9zQwX5VSWs
477,583,four____,______95,x4beLfJ3gDRwmYu5bGzByv0raySoH3CsqD6fQodXJlws2beNqzP
583,625,four____,______95,m9FXRDsw0MaMJkTanoIKb1NNUDyHnU1x6Km6tfd5VzhGni7RAuXQyr
625,633,four____,______95,NiT8QzQE6l2RjauaUqlLYCYbRBQV7eghva7lzJfn6j4Oa
633,855,four____,______95,K86QXEKEF8fgO3YaXAvOrI6oQ2y6LJfjjZW8kHWAheP
855,932,four____,______95,Mb6epakzWeHMLEL8GVH9c9dCQkXoOlGOF9S6alQ
932,951,four____,______95,UtMFhFrbWL4RrQ2oH5rWSQtpYJlN2pZMFuW0CFcadH
0,62,zero____,______96,g3sLf0xPQlErPwPzfLCmK5g8LUfwD6dQgVVP4HQuCMgiUekkAGlpMuttx
62,289,zero____,______96,Y9DFECiubHlmoDVAzXl7Dq9RPdqWTPwvIkYzx2xBw9EzZJPY1DA
289,304,zero____,______96,WFLGlxDBXtEZ1Z2doVeYLy5vI9jfLYPN360WRobFtFnZZPC5MpsWVEktNqYhBh0C
304,334,zero____,______96,d2tmezy0oyXEjL6L57O85bAZUvBJrBrbGCPo03g3G
334,484,zero____,______96,Mc8zPKShxEI5W2VL4VTNvJPlCtbR7uokuALnt
484,777,zero____,______96,6RxoFvZcZAI68OUCPAs5HJCchtXsIyEobXPW7Qudiqko
0,97,zero____,______97,hQ15MdZnF7e33mo3w1Qfl1o7J7ODKoxAfN4xVecwHrFdsi8Of6TVeQDiGwS02XqU
97,103,zero____,______97,Dzok084rNLe7p8DNkKtrJ1HWioCOLbOdzSlfaWV
103,104,zero____,______97,00MJvU29yRyF8BFNQJQgQCPrUdT3nDYboJytriY8X
104,218,zero____,______97,RpmGz2KSlZ1bzs1bCvNUE1p1pXaxFzEzU2V
218,354,zero____,______97,kjffO6YMrDztvnJkj4h06ZmhoioSrEMpudvYdcVko8lomwXIN
354,415,zero____,______97,B2vE5p5AuVLGiVp5w7mXzSOICNxtxH8n7Tax8Woeujub
415,423,zero____,______97,UfCJY2DOuP21m8j8oeRpgOXLa9eWQr9B
423,475,zero____,______97,RsZXK14OwjqMiEj5kAg3sELaWXyJy8ZzjApECZ2r5ZVbYYTr4AcnUKl6UpWJGj
475,490,zero____,______97,BYB29P7316oC2VdvqmtyCcIjf3f4VoH1NdZfivmEMfLGgc
490,499,zero____,______97,Nl8l3tKoHohAO5AWYJiGhf4owEoA8TdRaMOJs1azEbkTGPA7lPeVGFgY9Ro
499,558,zero____,______97,6cQGBf87IykDThQ3BKherkPw0ldcL3EonNgmJiu
558,591,zero____,______97,AR3kFH9GVs6LvkVRPoPrk91dIMQQrX1PqFEh
591,595,zero____,______97,0PlMZaaSY3HGHjXFx0uq5VJlJl5IhZykkOHaFx90XLGagxkWQYcSQ2Xv8EgTZ3t
595,597,zero____,______97,z3uprQqa2cxsUdyVI5m2qhy9VLoz88U9NYrsuonzbwYMboGwktm711393Vi
597,662,zero____,______97,M0MZloPLiFohgLRoRYpTMpti6VOe9zpJbCxd5rovm0GHU88rhO9a82T7js9
662,697,zero____,______97,NzIcPJbFI6K5lf8GoUUVgPHxUsE9Kyp9ZoinXx3
697,884,zero____,______97,oXvXZTxuRw8uDStUnJoTaWlXGg3JKVqELoNG4gfXbcj9ucbFpX7WjrP8eQ8
0,38,two_____,______98,mxfcbY0ow8lTJNw1qeCsMxkvGNQXyb0GFhjJi6SPoG7OFLF9twU
38,108,two_____,______98,DnGoZE6S7IW6JCCoRJXefZk0fp6vaDpYMSjU0gkqbMSOVdsMAchF62
108,265,two_____,______98,v2jyhFFzMwl0nmmGpIpJ4Oi6HcTnaqd5X59r5NjzWFp
265,370,two_____,______98,2196akS5xkXGJucLTdMFvKVqOnhyZif6LKBQRxdW7
370,454,two_____,______98,cZst5I4XQI1BKLFGrAfgb7AAu9SLTu5GoSfUQnoFQ5BKNt0EvPw9sJZ
454,459,two_____,______98,6FwUSfUxXLB1SRYFtDna8QvdfaSJEE0mty4SrbA0
459,498,two_____,______98,bqcSRy127SmPwAwPrlsTmQo4hc7y719C2OZetFaV41WMq7NjylYpKZJK
498,612,two_____,______98,Jj1qcf150qeddKOAFQQSaVwsfI0Ul3WXAP58NlqfE6mpJy8Gja8
612,661,two_____,______98,dpfnJPIfNO8vVQbrMmouKjA9tKGjB8oqrHWQVZmTJcUKpYu7YYlt7ZvsI
661,758,two_____,______98,nBUT7FiUMW8ZwpcjIpcsPe3zft9ekRH2otmHStbg56pSqfnqvnaNPQ1
758,792,two_____,______98,Fb5bZKjY2kN27npvkmjTWwBhytnM2mTjdfI1oK9MWLkogEvFHotWQgbPywaU
792,893,two_____,______98,ftTqLzgJwsh1JWdIUoyogZx1u88Fk8hiqqJAB3IoTfRA766NlLiuGdPNJl
0,18,four____,______99,v45jU8g1hb9SB244eesLIsBhqLQNdLrLxcnlmeu6akjNnyo
18,61,four____,______99,U3FAGzqrVn0bFSIZcCXeZSPoEAXEGJkX50siBFFDk9ZY5f52VvYLkEipI
61,259,four____,______99,uYee2bIJWTbEON2s009B0ITrKwHj3XHhTTzpsFx
259,309,four____,______99,vhkzu2mD4A8Fy7dTRlpdUZeHdSSbDOMoImDivU8jt6qR5doyj2P1nHvnewuR6
309,393,four____,______99,K5jO2LsikXymiS9zOO5AQ3bhAN125bgJJGUTahtAijah7hjGa
393,434,four____,______99,H1HMESiixFCYwuW5OGBIABRvo6oqNFmZrfnbc6mJLwgoIX2GvCQOBM7GT3J0oe2
434,478,four____,______99,BhDKCAwt9XIGYdvLkzPcY6f1gMUrDJEUqsU64ya1XQIE
478,722,four____,______99,NhaP3MkGCiEB5kMcB6kRsk9Fcpa6ATomzyKrLxN
0,50,four____,_____100,bqFIcWQbY2d5aW1YickbwIZgMgcGhVP3oOofcXxYW4VDSEJ
50,370,four____,_____100,jT280Og3J2YiIoEAKtC4hmp8mGeSUYs9RtEgX9yFQ2ss404
370,409,four____,_____100,N8VMt9M2sgnifaeEBTikN6aIlXbMOuhHHUdWDd
409,441,four____,_____100,Utm54XcYWs6V6VYD4vkdcgySAXCavonFKbXkaoOx
441,546,four____,_____100,sXbmWlihGtskWjPHXBXC1ylgoeUdUmCiBkxfWBTPKz3VQ9eL
546,555,four____,_____100,tG7BIn6ScB4tfllzjKtw2YnkS61BvBOIgPXiL7CeXp0FCjCJkZ12lNQIH
555,740,four____,_____100,ZVD2HJLFVPPnZ7V2UA2JArSXIM9SB2TxafGKjZdy45wyCiiG2qFRl3hddK
740,886,four____,_____100,aIddimj22l7HVnDMQMnxKIAwF0WDve50HIm7DJzvElV8CdGoqR8BP2U0IEDwLM
886,928,four____,_____100,oHfahELwRmrg2SBujkDYklvWiWzM6p1EZfn3YcSHrnRO2lAKA4bwzSn9WzsY
0,46,three___,_____101,xA34lc8OD7TY7QCDfxpIxISuV8G0QhUxti6k0kfMgqdOe
46,143,three___,_____101,43KCb653R8eAjaDbSNn5FZItVpoj1AFVnI9t1wNJjzfBy2r3FhAXWihUoTuC
143,207,three___,_____101,hBqp1zsM891LwfHkR7GjFDiMDpG7sxM6vkA0LUBazlZr
207,221,three___,_____101,B18h8QBMbt6nKEmhKK3FI2bx9K3hXZFGoSYLfiUo04KYQJ
221,350,three___,_____101,BErHno41mEvMitJGOPcRgh6zUoqrqoMVpqPvwhcjcqYey
350,369,three___,_____101,b4orZrvB0RpEydNGV72lrCw2AheWjtwaACz1WUk1BUPCVo
369,560,three___,_____101,BUCfmoZV78UW1XFuoFwV2vh8UONYcoKOR1pnQ86G
560,585,three___,_____101,mKkujI1tffZQcsA1fI7roYWfWGHeBw02pRgdNJMVckwsGXrntTHY
585,655,three___,_____101,7IUo256JReZXD9EjPeE7YUicx7NFzJ7M2gETsfJkdiG676e3d3MxMKh8
655,725,three___,_____101,Rsl3E25Sy8zWbvMZQAYzMYpGb1ft5TBgp1FPyDLtaqHci9bSsw7XpBnbK
725,779,three___,_____101,8h7OAi0BUUMqRcIbVxuKAme5690ygbdNfLgFZLK7GbY
779,848,three___,_____101,v7DsDkaCi4LrfJhTUxfxsLyqIi1U1RJ9bbLnX1p9iVNC7TMXArvemi
848,851,three___,_____101,zYOLSwnLavT0nm1AUN9p8tXfA3litb0MoxtsQCIiMpikdAOJGh3Wy5JcZR0Cs7
851,872,three___,_____101,8WIdHf0wwxuDCotJ6iz7D5wF2CeLsEcbZqPkIEHUh
872,907,three___,_____101,mMUuxmsdLTX8t1pO6nFxR4rSpAYoMrm8WT2WwGL9KejXdzG7wgKfxvgxz8t64
0,24,one_____,_____102,aBZDLhwfMPUSMgBooPYONEs2XqOB7nlqVSj3Aj
24,239,one_____,_____102,IQEKnTeqWp1OxBdZtwr05SDij55YFogg6J8
239,367,one_____,_____102,e1dMTDYeRzNegwTP2bbzkC44kXxyerJ5rr57PSFqXXYa7H1J3aCqXvYjICo
367,384,one_____,_____102,D04Y1EyawEa8FthLYE6DaRvTsxkLyip3cYc
384,632,one_____,_____102,Shsd1ycQnse1IXys9VkL52Wt8p26JyUu3CcBxzxBqZglBIbMEFwM9
632,842,one_____,_____102,AKfeuQbDKEiCgyblqUiEHSYyNRXSpdPP2RzFFamjYbZf1SeZLsJm5r9UIp
842,876,one_____,_____102,mQ6W4C2hSheMUPcZmZS7LTJPeR2XGfm7i4BXUHS
0,16,one_____,_____103,wBTbdZGEF0WGRALiwk5azQFDQDL8BeAJVU5MTeVtWaj6TdewQci
16,249,one_____,_____103,UanqU5RYTUhRc68Azg98cDqe5vCLLlTLeagNHUzRa9bKceuuC6KrJjiKl6
249,252,one_____,_____103,DaO6VJIUxtIfrMZzCVfzvBBCAvir3I6PZBqfj4RVMg4lbywII
252,264,one_____,_____103,BEKi9fWGHnWwkpWX5cd7YxlsO8fiyPO6XdJMT7M
264,271,one_____,_____103,6WHUNJ9guSRl70hWJRcZwh1Lxm3VAjjfZOxZl8KP6RvLXdHR0
271,337,one_____,_____103,ufO8bH4sWhCxldFmI1D6nt16U3FoArvm9Z0iE0
337,426,one_____,_____103,iCqwTdkZVt0E8oz7Ydrnd3zxUe375Rtfg2Jk
426,485,one_____,_____103,vd8lngK4PeMnkGHFhX1EGJtXRbjxD4hHWFYEn9PTtt1UKtYZserYJl
485,544,one_____,_____103,XgR2B75Vwx8jibuxAbppzlvyohcjhgrZLpXQq2hzpf
544,613,one_____,_____103,scTPF9J5mINXD70bhRAZHj1kkYmA184bZ8AoOkpstNTnSyWlr7FvUjkZ
613,669,one_____,_____103,WB3DcvmCYgm8TrINB9EtQ4hUMGK4p3DXEZhbpeP2zes8riX7zIO
669,759,one_____,_____103,QfTWSQ2XqVKYRZyq9G4aiDqQDswyV90NXlgetLjF9BSETTQQ8
759,771,one_____,_____103,S09VTQVVcS9Gise0n8TgXaMLeD4pKYIOah8ZT4
771,802,one_____,_____103,OdCw5nmQUs27z4kviXC0NcrK4MxrKqrod56Kl1nn7DpHlpBpSiISzv14UvgBhf
802,816,one_____,_____103,VMmtSVMFIBmuPTgaYRSUrl2dim0zmereViLIqBt3EzDg7yInHEQJRP094VU
816,893,one_____,_____103,5x8VzFPmkLhbKOgKFxblMPQJOWVKvNEkiJPpJbLBBsJObM5ux4NQnl79sct
893,990,one_____,_____103,1ZosJACrHzJdmIvDGCDTq70wDInuhcZjp73cww8Un4dZQm0bsfp0ViKnuWT1ePc
0,6,three___,_____104,2mwZktX06GaaA4vBSelJ2tRr4PvQ748iII1sGa6nAZ
6,73,three___,_____104,yLpgo8rYOxJNfIjhAMH6ZGSgZNrNMcxT
73,222,three___,_____104,Vz0fzUGoDXKHHl6cXEAVBJSNAzG4n0dq3Td
222,519,three___,_____104,clbjCTXNBpImdM5BNEw4QLddhKCk4cONeX8xSXYeGp6KAoqqsipd4kGr
519,611,three___,_____104,kniaOBmP19rksWrx6RryFonYNTBC1PTp8hUIuGYi62ql
611,756,three___,_____104,JXKMKnLeqGKPwnTxex4Hm1PuXpgLt9wsax6U
756,830,three___,_____104,vW8vo35ONanbEZgzCR5sNiSjTmrwULKCVlGDALojJZdrjVJUjs8dkddJQ
0,296,one_____,_____105,oEXHIdogc1DZg3ZKt28gqTCLtjWFkOfma3UMbeZZri
296,297,one_____,_____105,ENkQq3R0y0sEwKX0sWNg8aGD68KcPPcZrBulH4PsRnJVA6Fs
297,306,one_____,_____105,qpvnETQWWWLmvYZrVnaf2KDTP3eKSJsOPfla5V0SnHymxoMg
306,425,one_____,_____105,an5EaQ1peZrNMqglPpAUlA5K0DEbO0foGn
425,580,one_____,_____105,B1nyW1bBNfMo3XE3ytS6Xwe6N4dZwGyqc
580,601,one_____,_____105,nBO2V4qI5sr8VeToLDvrwRAsHzFPAu8fhoNFrueE
601,658,one_____,_____105,gJgne3jrA1gBAaU0MAUQ0bHkAIgwd8q2GsE
658,729,one_____,_____105,F2hiaTSkmsgVjDz44pzzboLS8nPZarg5sqvl
729,770,one_____,_____105,d1Ywk137KcxbtaEgqQxFMdLs6whheLL5y1DXEvtdd9DRk702fRS1w
770,813,one_____,_____105,EcXWgO0oSIwRPtbP8tHYjfS5BVq6K5RQ8Gf8aQdyH0CkJQV6fIWiExiSLQi3
813,868,one_____,_____105,mif6CkU5f3VUO4XjhqXa9m9zy0joOAwafjS
0,425,three___,_____106,gPk0llnFescNL6J1pllTjSHKfwSrgUc17WjR
425,570,three___,_____106,LeUKvkTnloxCJaUMigwZB4k8qKWQ1EifakBxNL2On0JHIwJ8Y9SGD
570,696,three___,_____106,ojLiXaGWzdwPWSOjevfhdiwYHNA5guVdt1TwiHYS0IVn7r
696,736,three___,_____106,u5LSpFGcO0fNGbCLGrFpcW83JYCf7xF0h1bkFWiv6tNyl6gLvBLJo08RG
736,816,three___,_____106,B6DjxAWT59Rm0DgcutTFwAAh81Lm51YqOrUGTCfKuvTilMcTHqK30TkDrmA7L
816,922,three___,_____106,MyWNkYBznhf476JMF0tOquhEt2nq6djf
0,37,three___,_____107,aXOFtjcfdonE9XzCbbH3Kp0oJFPMSQNm1zEG9Bv
37,278,three___,_____107,j0TSoJvSdpOzuyCIjluINPIQKPy5Vf8ih
278,664,three___,_____107,ju4HUjD109W912LxeY8Ixsfal0R32Zm48rSM6QgUXmNeUW
664,673,three___,_____107,uzAB2j39hSXjClCoOIEuWFadIYa7aRxzY
673,674,three___,_____107,sdJdRKKvXanNiZxsrA6dYTsxsu7T2muSclgaNPGV0fYuJImH6XBl85
674,697,three___,_____107,KchJqkg307MwHHNAU3i889tUHpjarD6fGh7up5A7VGTeuuulxT
697,723,three___,_____107,WUaCvofJkPmWc098LUxGG4XXegJawxFZCgd4gcMW4xUctBNEauaAlxrXVVuRG
723,753,three___,_____107,yjWzqa87TjaFEDCdrOwuMCagIRKSvHdfWPp9ZYcLLCH0zDE8LK26VRedWY8WqV
753,769,three___,_____107,st9xK9ONR3iRgbikasTHEV29IpSTTdo2BfZ2SHgLQX989E1iISUb2RMRo0
769,824,three___,_____107,Ls1QUjrB3nJ87Y6gcYOnQIdiPYyoVsWPIeuzD2YYcKmQMNJaDx9IIenyhT42
824,922,three___,_____107,YY1IpbYggTye4QDrEoT7ZMSKhIKovuSxM5rGkeFPKRRetQ24S8x663l
922,936,three___,_____107,bBiX4lALUEBW2E61f3M156tF7BYVxDmRRoF4PK
936,976,three___,_____107,LCk8uXez5pYbXegBo2HhPfGGG4Obaeby8x6oGnhojXsBONzYisuMz2oJxx3Hd2e
0,86,one_____,_____108,fV8kTEEx2sUSzB3Kl17upRuQVXaeXmPHt1EPysvlkkoC1tMhSM
86,389,one_____,_____108,1vvg4qppGCukXfT4I7TYcLGIZTRPI0FMPCUPbE3lClqzekE
389,468,one_____,_____108,a3pbpaT49gbcLISUHEQULMMeIWxa26wmGvFmcDgWo
468,580,one_____,_____108,FLpqQXLElAOLAPZf1PzZbDMUNx1FuJV2f7quZyexHs0oXnLl1cyw4X
580,753,one_____,_____108,ntroqMPnLcXthsuaw6nFdD5KvcMOccQ1ZWzlxHeCfBNbATlp
753,837,one_____,_____108,A4eEv13ygXHoMdKhbOP6Bn8OrrHHucI9csD4K6
0,185,four____,_____109,UkCq7UQMLbSFM5NBbwuQzeHhtPzFlARp43ecd
185,224,four____,_____109,yi4uWNsIlRrcH8WVHj3gI7ySlds6QCnVtt8ju2LRuFnIglBURMXbpTZxLcS95oS
224,287,four____,_____109,YXUaiFGaLvPNtaRDqRIsdzI6nVOv8IhjD0CUUvrzCDgSrEI
287,388,four____,_____109,QRg05qtUDltJl7c1eoGE41Uaf3Xi4bleDCBan
388,400,four____,_____109,kOwvWB3cddqL7mW5jKfJxGjwPMbEehek8Oh0F7
400,412,four____,_____109,poJtCLisqf91LTxfZx8yTyvA8XuA2wcLWSb0uw
412,442,four____,_____109,9o8PVMqCHIKSLuE59N8iuZgh0eBmVm2zZ4HN2E
442,443,four____,_____109,syZVCLCHsDZbtU5BcKjVKi2695LQ6q0jp7B0eZcw
443,580,four____,_____109,hCX3BVMpBsvKyqMnHeFlDAdGG75Z1qwjYUk4jBTqofrqVJ6
580,637,four____,_____109,PG6PPbh6u4LUJkhYkRoZPdGNnw3WgYynUHcYt0
637,644,four____,_____109,IzEiRUqUjkSp66YWTQYCyaeDSJcZlwlYcUxFqUYShI5NOIB
644,662,four____,_____109,HJJbn6Q7eqnBbE0fQMojURXlsNU7kRtrfFP39IzDdKgNoORXy3KR3bn
662,820,four____,_____109,2pMvWvn1SGVCqVFwU8z4Ysp2ayY4rNL6MH1yvT6mCsbgB3YYczE7qbfDW463bPfV
820,883,four____,_____109,2KnekA1IOGoGH9soTfKT54XrYdQdp36xSrOk7zKZ51oA1ijH
883,940,four____,_____109,2nbGK5BvHY6WuEXqoR3HbXB2fegQrGvubrI9PlAK
0,90,four____,_____110,whwu9eqSmlC32ERBFVZbQo1fgFZoBl71FfnmLvTCo1R6
90,168,four____,_____110,v0D3MKizZRkcepaO4hKGDhFilxYRX1lXJTM5Rlg7EINt4KIQZkAwoF
168,170,four____,_____110,wqgeP08b2Ny5s6qE4CJiDjIKQzcjhXB3vGfqQejKjYglwUdj2iIcsrrUDMWj8T
170,310,four____,_____110,tQsFxsNRDBbkp7ipo9XrOri6VnIZaFUJhLNFMtXr18dP0g
310,406,four____,_____110,iG0YaQhHICTFRI0CCErz1VbqUeVqVImFUjOmDYHTv0AW0azQb53GN9
406,578,four____,_____110,dU5wH6GcbCiU7zdxeE0CwiILI52Vzw3EDi
578,637,four____,_____110,YbiVG1JtrMsBW4WZLzqVTKMdg3ResCd6Bd2q33ssD24Mfw4skWhD
637,691,four____,_____110,wW3cy2iVPC2FqqyhppJfM2DxUSJEUv0If193NYcxGvGCT2uwODYIHIv9npTX
691,747,four____,_____110,qkX2SS9vA20fOmOK3lUk6vSYq3kZHiQi2yTPpCVhnlTPmu
747,816,four____,_____110,kvG08NqZAhNasg8aAG9EZug6auYRrs8jKoC
816,834,four____,_____110,TfvtdqN9gvDdOZtKdKugPtvXOnBrcltZ0gURrDYBF
834,998,four____,_____110,I2GJ5Ee243zQWRkeJMUrkyvFElB1qJKmWlxwmSE6ctskKCxCpFe
0,13,four____,_____111,rpeLt0eJTOqMFklpEhh3kKyyPnx8QuPMYOd3xp8FeMWJLBu1R
13,225,four____,_____111,AA7yKIsnMBEE779VcfIwvJAvCUxCiFTYARN78Jqmy8FF6rG4tPNYoF
225,257,four____,_____111,alRz5Fj9VbGs7zXjKDb8BMwalm79ExqaDxTsG3VLcs3lBvz
257,387,four____,_____111,FfKQqcgGLQIrUHMC7T1HBQ33Feh50v9cVQ9IyE8jMIc
387,646,four____,_____111,PmNwIvmgtrlGMsUpL6nYa8HQD7flNFmjUr27uxY
646,677,four____,_____111,72Q572XHGMpLRaMLChtgGc5ulrDdxmX2M
677,723,four____,_____111,YqckTY9bg4X4qgl7xqMrGlUClFEQeRxPYsPPN
723,752,four____,_____111,wktSiWKa0eKHm2dQVwqSOLqC3iaKSb97AUFhLKA3B
752,813,four____,_____111,edY1KyUuaWYKkO0Lji5oxCGrohm62J92Mk3fgdGWhAXO4pl9209MF7Kdz2
813,873,four____,_____111,Dnxqq7bquskOz4mzVy3aOThrfcUIbkVMzN7TrNbOrJc
873,904,four____,_____111,qZvI8xXIVjMvRy7DOhrLEvX8xDgXae6BFYj3rGpXJvLwAF4IpVpt9cwpZYW9aSG
904,908,four____,_____111,nBssvdGt4HDmMm2gJBqf4vuu7WBjoBwXGESXkhWExzLy9JEizK
908,984,four____,_____111,61DA1aVH1W44bIDjF4dTTDL0J0wzLM0wf4GuF1F
0,271,one_____,_____112,4v0aleqTHGuWSKDzrsW1Fv5qm1mzEL77siTlTheok
271,443,one_____,_____112,SlMW3vu0qYAtJVz2YhSlBDjKMYwHa3KyDvV2SPzOzGUMhnE3UUvtdzjjsH951r6
443,457,one_____,_____112,sWJ5VG2Kh0HbMZn7anQ30TVtUnQDdIHsJmFOe7Q0w
457,470,one_____,_____112,t3GfRbLDMrXhnevDPbKwG61grepylU8lZ0kHUmgeWCD9iaE12UM7004pDl
470,487,one_____,_____112,U32L4ImyK5ADVtcQ9Ds5qMOzH5A1tguTckFbJSNSonEuaSHh2Hb4R3baO
487,602,one_____,_____112,7ZSA77wgUEBjwUtRlzjwOOd5BnELDH0h
602,621,one_____,_____112,e8H7lTJvPZp8gwPDKuzAq9LL8UwHoeN6ARNB1iCB4wagYnKt51tibYE
621,785,one_____,_____112,LlL5wtlyhBBLLJzzxyRMKGUWxxjM82W44lwkbL4qoJPqC7yCF6bW0ibydmTeXZ
785,817,one_____,_____112,MnvwziZGkJcmKYVhS6joNOl5qa4yCh6wQIkR9L8TJa1CWzX
817,891,one_____,_____112,0YKc0ovnpkVDF2L1DVlz6zAU1ATdvALUCGhR0yCY6hAEyf1V
891,908,one_____,_____112,IoLLj8WEb7Z26WdQGNY5ZjjnbRpxevMonWfzNtAgCa4n
908,917,one_____,_____112,jDRCxUE0Bj4bL7aAZFskNJK2kddesdIGfEkv6fD8iFPrb2kTT2auizGiG
917,974,one_____,_____112,25pzXsV4ykNrqR9ruSgDRFCEUnLuIxaClHNXH66tNqYKTVQ9m3w
0,3,two_____,_____113,cqUmYysnNUbK6mPorfZs1ED03Dm7bmQkTTyp6HWJyVjOkFvVdhfxrwuUQ
3,21,two_____,_____113,3rtVqGaahyxpAjzzFgdbHLs5Tha8gfBVIDcTE2X5IdsouLcKGZ
21,390,two_____,_____113,n1Vi8cBI8Q7Eg4bMVelpv2PmiGS5yIGu9ga5riBb21VOWypbl466W9
390,455,two_____,_____113,kxXZlO9KG2wZcMuUzObjiu8G2t4KGpza
455,456,two_____,_____113,Bn2lHXTqTsPtmKufAoCScr2isoLEzqzwQMtzNnJqZGeGWSV2Yo0P89ZXLEsLo
456,503,two_____,_____113,I62ZJ6rC7qdckqRhjTecrF9gMmwu3vdQa7
503,552,two_____,_____113,MYifJDnVkQGlbmU8LZAu91Tfdks4URSVFPjv1wLkUi7xC6I67S6Ddoxplpv
552,789,two_____,_____113,3udmMlV7CaFLPgenUaElabaNPAoMR8pGed2s5NJznHpcUZf
789,824,two_____,_____113,6br3WC0oi24GUH6FTpUJT6IlpDLDMTiR6Pb9mFVOVGzJ6jEDBHhQK
824,918,two_____,_____113,wKfKwwH0TeNfn7KQGdfvdOXWuNOurgCy0mRYLuJH8uqg
918,929,two_____,_____113,TfBNWDseEXIvjBSAsbk9zFrKerHB980gI0cWUpnUtYo
929,979,two_____,_____113,2L3mejAnIgEFAcG6fYDluQU0zhfsjYZdhK2Y2SMzE2Q5GfZZwd0tDY
0,92,zero____,_____114,MtmEudyHjejNsdIe72cA4nq5RL9BHVpt
92,136,zero____,_____114,zLNyb1hiI02sU5AzOQE0vffHdZp9X9MlDTwAegElIMulyySJI5VY14wWsbu1Gnm
136,138,zero____,_____114,MyC5J24AIvtd6ccx92SokUL61ImsNeXwmxrvIwNwGct9F
138,162,zero____,_____114,QIdKgBtSIPyWnlnEE3A410o3gGEHfrZdhA
162,220,zero____,_____114,6bdvHiEhPfvXnx6JSWIAIbybD3uvyAOr8uLfg
220,244,zero____,_____114,svnXj1VezjwnD7EB8lovRymnSVsy2tTSPDiam6GXq7pE
244,722,zero____,_____114,R0gwUCrxHCkpg46ozpMhk0CRcNb0tPy5CawJ42og3GZt8XGUXThQo
722,736,zero____,_____114,H4dFlL5UtJ5kMZLGVR4PYzEYlVYbECy34CFGqfIlcZWZEBFru20nhNypiCIMS2E
736,977,zero____,_____114,VLbF10e7biNaGE5SdcoQmRXjZ36xKJSjx426iddnDUJnLm2oTf4pgIRGIM1dPa8i
0,216,one_____,_____115,oinPSVCvJOUjweGwxKYOnnBZXcsgBrd8B9AntI2bZdLWXzVZy
216,256,one_____,_____115,y9YxHCAag4lsGYJYZcELRa2kGSMRQM9quMEYM72NlrzAe4ekjVXHZZbDybiJIJcc
256,299,one_____,_____115,tI8yA6NMGflumQALLzUS2mLgJLsKKaidr914hRO9xFYizmu
299,341,one_____,_____115,7qRUocNuFJVgPZpXZoRPXJDaK6LsoLwxLK5pTyXP
341,509,one_____,_____115,oxZcka8YjYTfk0J9uUO4hvZrhFKHXUC4841dSMpaMJhoYAiU8
509,882,one_____,_____115,5fJMN0pZ0LMFmoW1eQ7yxlD7CpXAxwPvpxW2cdQ5
0,79,three___,_____116,R8aZycNG6dCO4GI6I97iiUtRHkKN5bTiRN87SlU8AR9HeZ48VSq5NaIT8UpD7clR
79,196,three___,_____116,aDo207g967erUeZ7oYAhAGFSmkXL5DI5G9HTGUVTPQU
196,290,three___,_____116,xON0LkhdocUdby7XZZHVem6q9AUbgvNpw3KmauGgb1ufDjuYWqMMJaHp
290,492,three___,_____116,gCGrdGyLwsjSlC0gCMlWkm74VMLNhybCs8HW7Bb3nUZ7szfwMKyVk69pDJKZooI
492,576,three___,_____116,W8i2xNE0IfZv3jNLmL2bdbMLRtSGTYI9lciIk0sOF3RrZuP300pZF1U8SQA
576,636,three___,_____116,IzNskh2KMg3emFVZ720WoCeMRp49uAt60t6i
636,686,three___,_____116,fIyX816OOvDgpzlpcrdW9RCmuwAnbAYF0v783LGvK4Zy33MflcHle
686,808,three___,_____116,1zjEHeODob36gKOgJ8Tu7JQbfe17Rzqh
808,886,three___,_____116,lxB57wQag1jTN1WwbzMmXQt2m2K2hythY6EzPG85MA6izizF9lUwXAbP4
886,940,three___,_____116,m2n6ZdSMNpCQpAenFzbd03i7iIxFJaqYQir7pqTcZ
0,95,one_____,_____117,8M5leEl06moW9mlcPQ0looLYACRGLiuB
95,183,one_____,_____117,4lk8c9Z3ZvjkTYPjMRABJpb24ixx48ssTuzOtX26S0aUBWV
183,698,one_____,_____117,KZ7tSCPPDuKK5DoTS4GwBHR0RmKtQrIigu8kXc
698,884,one_____,_____117,ZoMxe1KyuBxxnZeRGH2xZ1vBigvaSIbGLaT8okTl8pM1
884,902,one_____,_____117,uUCRGuRvS1J593rVCthXC44ZyrvQ24GkOEMnqnkPAJPqzCxIr497HDpe3Eybnu
902,928,one_____,_____117,UZXQ9WJJav6qgLLSnwQOPyrlKcOgrv5uycj63JrhjVMAqeQZA1BogIQB
928,987,one_____,_____117,yaQ1SKNQn1x5jXACLE4pNHLc2e2hiBrqvt7DDbanvd1o2CxABEfLueuV4o
0,56,zero____,_____118,VezL6afPr79RR7SR2gfqUy9OxLi4k5K4qKEHJFEEoxKEIOqi
56,461,zero____,_____118,cLNFyia3fuLLin4JfzSEklOVIzwRM5xFvAM7oot1fekK9WQqAR24w8I9B
461,520,zero____,_____118,AyPR1rcZVDlBVqcMar7iqJQ1LkvmruZEr1Va3tV3JbwkccY0lJbVQ
520,541,zero____,_____118,cNf52yCqLWus0BCxLyMS2GIh8k2PBGa7MRTT8op
541,772,zero____,_____118,nBiLb3UPP70NzfpyJZ03STyhxI0iQwTS63SuyNb8OLlE53Eu358FgAN
0,89,zero____,_____119,NCq3nB2XJUa8DSEq0TaSE19f1OpUCouFuAaKwA
89,143,zero____,_____119,5DTT0mihnZtsPlVaWgdnLtLYLFHMr7K87nd4CuccpANeOd1rcc8LJCjTUfF
143,242,zero____,_____119,KuKX1mZtoVfdk0kt1lkrdHRjsuBvmDIEAMDCPozKy1gwMizm8aOYa
242,345,zero____,_____119,k1KkF3OiCYC7C9XVXeNmUjy3ZYbSaMLN4sPI
345,352,zero____,_____119,ap6QswXr4KQAWeGxvai0fUuPJOtPH5tmIVHCYf32C
352,491,zero____,_____119,szyNJduNllIVNgoOm7FCBOuZ0VJGO2B1flqHH6tgBGr39vF4Ajj
491,525,zero____,_____119,07SEEhE71VhzrXW0Tq6QXRz5aGUIsD50G5tBS9tyJF
525,550,zero____,_____119,amznyJKytxPvNWoBkNNC9XiTeNsIDuLln3lbgcPuxjRdkgJZL1ujZ
550,575,zero____,_____119,JmO3JdexdVQqU8woi1Z43Czf1nhUyMMDHjhsMKZjhvbBkCBU
575,614,zero____,_____119,FjzsK9f3sayEOY8hPEFnNylcuI1JfBMlDyFiMeaUwkqGgBGiGzH0Ot9GyDt7n
614,899,zero____,_____119,ma2ePxVV2eDOEwr5bkEijJhhai0az4bN60RIJVNQ1XnXg8qtygE5lRXMAR
899,911,zero____,_____119,3AJJ7oJEXNYJwPFCmxOghbDvZeYbt88DTvKenV6XIGSw73SqtvhUk92pfyM
911,918,zero____,_____119,xoyAD46BVTSyaIqajUyiwjMv4zy3WYDvURvXagztO5YS0
918,999,zero____,_____119,s5PqzJgDV1j4IVox3ujE04imcxHfXBwvl0MzBPF2Fr5C
0,11,one_____,_____120,ROnWoloEO0Vb5i0awrOk7RPcTarwgSsoe9gxdnLwx2LTPByvxUu4f1SfmTKvm
11,11,one_____,_____120,A25FJcxMkJk1l29TMiZuMV8cCZ7Lk2yv8NT84kAkrCyl5ucz
11,164,one_____,_____120,XKLn1n2ONjCEZ4kqQgLEH04v7knlO2zHWHBKjcE8bRCTxu0oYD3
164,167,one_____,_____120,ZjO3p0QcMIEa8HHlY5A2aWNW1bncXEKOwYAgLjJM4SXDY90uCH0ADRhk1Cm
167,252,one_____,_____120,IE2HeFO2aCAJ5t8EQ2fwZ2BRgCHYL6LgRH2nw
252,653,one_____,_____120,UEt0aRvLX78taB6LbM4d4IQK0u53BZRFmjM3pbWKx1nPA6MHa
653,655,one_____,_____120,hZLmY4x7DbjGzjUKW02tTg9SHa6SgJ4e0lLWYdZ
655,822,one_____,_____120,6KurrZxyH1Amyzh8PYsyhPDJ9CzTnPcBo9PtOmwMvTpJu
822,974,one_____,_____120,S8yNSidKw3u88CUKIRCUIhYBvKqfratLPWvurFv0GN
0,53,two_____,_____121,nHH3gg52WV8g6JY7o5SsifKfw0bWOO9GwiHruMFnXxWNDTEa8wm8YrpFL
53,131,two_____,_____121,GkQmgCAKv1qaeePsig2qwwBF0vz5SNvoF3RNNHDEAS
131,154,two_____,_____121,1Q7QZcMpdRmDCZ9psWMVe1L4c0lYTeBncKDfPvs
154,156,two_____,_____121,s93sPoAgtH1lL8AnOiCsuOjQjm96lqTIFN4F46EzyUTOR6depsSJFjadc
156,506,two_____,_____121,Hs36PQizBGb0jiYfAskseh3DDfLNN7fIHd1Q0PsfTQG
506,670,two_____,_____121,TyfSO3IDDFsAvY6jnM0HuzKElvmFT0UtG
670,679,two_____,_____121,IDJYnccBOsg3nNPLTwOq26WXWiV57jOXyJZfacRJlPaOrFeIyRV
679,708,two_____,_____121,D0j4UZG5aVuOoQZ3ayHdJIYGMrJzOicd817IMJPxf4YsPGO7rOX2HO
708,972,two_____,_____121,HTqkxeJSRleAHC3FuogzcbnZSJthd7MBvYaR4
0,115,three___,_____122,I4rm6NLJzVyhS07LkbMxBkicayixHXXOkOXuXp
115,312,three___,_____122,gIzGIVMCMtbXkoSqneIdkvoVbJSaJndouWL
312,332,three___,_____122,bXB1GTdgUDIFO825mQsbIoNinnGC3JFPBMRKjCL672erLaTAiLyylK7KXKnh
332,480,three___,_____122,g3JmOU2tvnvc506LmVEn2YGeU7Ce5MloLx9Sjb6TxJMnEGjhN2
480,501,three___,_____122,FTKfxeprpId7InGMaFPERYiBmdcud2GPITy62aiSDuSuwgZdd4Mz
501,547,three___,_____122,AyaRfVvDzmLiTYNKUafa7FvrY9YMzBDJFcjlMDfXmaNkTscbXaig0EjV8RHltvq
547,593,three___,_____122,Ljz8VVMvpdU8apzXiZNAnlFYSBdhOgJQb5TQ
593,613,three___,_____122,0bHbQ0K4we9baj7FRfWNBf7ppFCseLopeALO7Y1n6aXlFrtwzDXoZ7jNitil
613,664,three___,_____122,eY5P6FWUA3cDbnA4VZdjaq6VtyBUOwruYIe4YyWHeJub9XuNDg9zsNJ9CizeOk
664,743,three___,_____122,BoxgJIzFaE5biO8CzFA6hIJG4osAiRdLtAoJ12aPctVv9ZAamIJVFU8R8
743,853,three___,_____122,0ArghoYIWgJufpzkz4hB7MlBgYlpMyCDSmU8BWdW7xbjc
853,934,three___,_____122,4i2NDT9c3C8sajowKRS2imeWICHvndB3RRO0c
934,944,three___,_____122,Y5wl6AZuLd61o6R5JIRyRcoVgraxlmWxF
0,35,zero____,_____123,G5JxUTkjbT1B5kmaLg5oGLTgdV75kHygDyHKV2KTao1Wzx8EZUBj64BvmQ
35,123,zero____,_____123,qaWgBUfa5571Y300CkQtyD6MSjRE0olOJVcCVOzhvz
123,185,zero____,_____123,YyRabIRn0KuXqcEfGqQoOV6Vto4PvW23UhpyVvx8cPW5ZFQLQvGYw5ogly
185,286,zero____,_____123,5XJvjbt1FKGDTeuYWfX1fW1cMuwR6yF6MpBbqSrlDNbTs9
286,300,zero____,_____123,hyfxP4QTvRmoGJPhIYIKhn4sVGRnUllvTxpeAKOtPNH4OvTNvqOFQ7AgzSRt
300,351,zero____,_____123,92j1lZlEV5X9wShrAFCvliHB4KfM8s8Ru1fYZqm1RGC
351,398,zero____,_____123,GVyPlnJLCHkSZl5mM05nOekUJWjwX3JIy4HrR1COl8QYijefjmiXvrIjli
398,403,zero____,_____123,4oyIHuzlyChqnZu5klGt6nIFVI0H6JxCQdZCu4pBMZpyuiENf
403,412,zero____,_____123,D4eJwc3Pu6vbTYBE1TW9BEjkgSOd1OGFap35PCBmB5XnJTX0Tz
412,535,zero____,_____123,oMfRVjYxC5feFSj4oVjFykNGXPupFEH4ylGzwPrmWkXqoJXjWqGMntL
535,563,zero____,_____123,piZ4Po1ORfC3KBub5mYjOxpOWBtpV3yh2G3jukxmA5o4cnLo
563,623,zero____,_____123,pjUG8cYhRvmHGR7ILkkaN0oxdi7sktoJTD1
623,788,zero____,_____123,Ohoyb45NFUEw7u97WWrYjCmmmEUhdi6CwWYNYRxI52
0,132,four____,_____124,k3gQryK9516dAuLej3lnnQSlUlbNkqML9hezecmO5pSrtUYwRefX6AK
132,210,four____,_____124,uRQsQbiqJn6wUDzJKnQXsP1fBr2W2tlpzEtUkCZ1zhThBYN3lYaV
210,411,four____,_____124,L8e8oGEavUdIzYaiqPrjIhx5cE02OBolBeoSVNPsG0M5IPhyqG9Le
411,483,four____,_____124,xo4gEY0HiYwBBc92dLqtcOVpiAOlS146sJgUZ9BE2CDX
483,634,four____,_____124,6wUznG4qR8aVaHF51pzdiV5MYxvK6Bn4uuY0ZGQ4
634,660,four____,_____124,Uf2XIGKt4QUYnv6nlN8xgEi0Az9XoHiO8zt
660,666,four____,_____124,IMYVhwk2teAbysBc5SHKTHHNZql1etrJUHEqeGPsth
666,881,four____,_____124,lejRfElrYH2VjE9nv2LKHxgu7XTid5nhVKR2OTMuW6cYjRZwzlsonLx
881,996,four____,_____124,WnoZHdReFigMO9D9Vrc8WrKb1thDpcgG2cHHTMBVGzKCNlzUdjOnliqHc3D
0,136,one_____,_____125,2jrdSSk1cWz32f4dZQC1KRirNoS8oviKsfChBv8QStPucK57JfZE7sdz8d
136,159,one_____,_____125,ja9XYaNtndVvn4jkpjke5eZPb3u6Tf7bAD1WlxHhxk3ODIqFGYBfeleDEAmn
159,267,one_____,_____125,qFshd2h7jvWIUiNg06FSg9Kud0SlOwNeAfnPgOfto6NkseUKccdrOs1
267,655,one_____,_____125,uBSSHE2G7veRy58kb5GsDVuFHZDvwxGLDldu44
655,686,one_____,_____125,bjU5wnVZ3KjCi9p3Pjc80pgcXf27taeE38nNriUVp
686,704,one_____,_____125,9ytCVTwi9LVzIyHCh5kfbehm0RjOfdeiroW201sk
704,807,one_____,_____125,Yo6UpCyS0OvuvV94ikgzHjA8naTcjHNgNj4CFxMSmso
807,813,one_____,_____125,OmFxnKHmij4px85C5OftvyUNHUWoujxKMFQmG0lAp8Q7RO7
0,98,two_____,_____126,peNqQJq2c4dgZqrHPdNe6KeaTmwcPBOOnCaf
98,149,two_____,_____126,MFGZ0rZteAvHPZ95XLbnzB0TlGAUY4PTZFxLktjMuq9sJYOAGeys8
149,153,two_____,_____126,wp7UYd9QURFCuSEhEoQgEEg1tY8C5JH4Y2jyNGoeHNZcNi60jYZJ
153,220,two_____,_____126,ijsaHY6UYsjmvxS903IgKnZ3DqlfVlmqOCAQxZWplLJQ
220,240,two_____,_____126,5jm1anETpdcKTfaBZXkuhUNB7pgdrbBS8v7bpzD3CG8dFTS37G16LdxbDIK04PjE
240,331,two_____,_____126,JJEykaQ43rZ98fj8UQomnXInv4JXUGQV3D6s9jpU
331,377,two_____,_____126,MQhkgZO3fpR1bg9E7PNKCFKMgA1wUD3jzZNgaumY5j5Qlws1
377,503,two_____,_____126,K5i2OAosHtw2I890Ris2zXJla1J6XnIwTh88L4nV3fjzsQZmz64
503,513,two_____,_____126,HS43ZLHTNY0JHdLP0Ly8nIYUs301Lo4ptiC5oGOgDwouENf
513,524,two_____,_____126,LSFTLZePP2gOeRxjzNesFEE2vZ2NNzwDVue0M3ygtD
524,717,two_____,_____126,QzYpyNliB1z6MNr0Bm8ZJB0EyTZILvZQ7O6vnpwGoO
717,961,two_____,_____126,Gged4i1jwFeyHCleQr40g3wwU1o3c93LblSj3
0,14,one_____,_____127,u3LoOBnnwOIaoUj15KpCBItApHH0tW7FzcwgFNNj
14,95,one_____,_____127,FBUPC9xIQHwIuG3CkRlKrnEh1y4dGu3OjqksM9tdXOF
95,120,one_____,_____127,dtf1oQaCWjOhGmLZSpU0RiZyylMa6lS17TcgDXWCpjOBtbgNG
120,177,one_____,_____127,YEP6afvUCE2bEsWK3HszcGTjONldQscSJ8yna8OQqco1QXag
177,245,one_____,_____127,W3BXRoAH7gQIw6azTHBjrxe8i7L61DrznAvW
245,246,one_____,_____127,6pphxx3HeKBg4BHmzkuNHh93PmLeyK5gLaa7rjPDby1mmlozgt29pOxxK0k9Zvp
246,251,one_____,_____127,ZfBIgC0DeAgNdAP3M8PFIupehLiogXpZwQqwD3LLtcwWxhuiHJk
251,363,one_____,_____127,t9bq2eymrRkKtv8QLBY9nvbOaCypjpgTspcnKU5GC0kM
363,543,one_____,_____127,3LyjuUzhMPFpyw3dHOwUxnEd1kh3Z91zyfxmcvSgVvvQ7Tvl2bISW9OZ
543,668,one_____,_____127,YjHenWGRuGeqJA3tZ1lsLMiaeaCdUDLk2mwGjZL9WLF48ARZo352jJ58n98n99IQ
668,700,one_____,_____127,TTgMHyJigohSRo0urkJUf7O29njSOYk8D21cb3kPRSCRdTLBw
700,854,one_____,_____127,7vxqlGEvjFo6Gu0Kw9YNq0dl7lbaVTj9moQP4gomiSrOtKmGeU45
854,948,one_____,_____127,HVsK8jf6NjJwLkrFhk9li8OjvTzPeV4iX3GqrOjNhCdKTScTie01iZFDXU2EH1J
948,952,one_____,_____127,eGh6Uk3MnF0BbSNjafOjRusAQN9Bmp8ZrvZuxi
0,10,one_____,_____128,VlrPi9iJcsSeLui2x8GVjTz2gJ8Ft2xgUANgBKM
10,147,one_____,_____128,S4mspmKSK5uVUdnZa3D1QPvF3mXFTgi21ZG0AON07of06LJMURTJgxQtNx5d
147,297,one_____,_____128,TA0EmhhkO7X6fnL52p3RpUQTrrD5EFSWvlPpV1oIL98d8rS
297,379,one_____,_____128,433qKAMjT7Z87lbiC59wA5StrUB5HueyvpxvUNt1CYBVqZgN97HxB8
379,397,one_____,_____128,HMFx8WI7HdZ4G0804EXgkt4M92BViz992DE5nQuoQnO
397,497,one_____,_____128,kribnie21vYplvprrTeC8bhuan0yIL3e5m0mXy9FPcLh6
497,666,one_____,_____128,DmcTBq1b1XKDU1sJeN3FLP72ImczYjSJiqWvYPG1BYq
666,816,one_____,_____128,maWQffvelEL4dELMsRRLr7P9NEaWoFc8iKaxj9D5oMJRzioAb
816,982,one_____,_____128,vwXTr3iRHAx0Rl63JhpdPrG1tX51hsMaWIWIDETNpT1AsQzJTCL3ZaR
0,144,one_____,_____129,uKqXNweM9OhbHqVV7KVYJXBaDBbGSu47OtrwE
144,243,one_____,_____129,0UqpvLq5AceI1srCOdCdfumQAEVWMaQQuCkHm3JADunexs7XPhpTPgrP7
243,333,one_____,_____129,idUhrGr38rsJRHH7XIJdvWZfxFmjw0Mnn5XupN
333,370,one_____,_____129,rfFX8uNNREfpvi1NUWRRR2rpNBPmigo5stwqrkPLRquEagn
370,371,one_____,_____129,D0nXTikJ5S2GhZrnICeJzinlgCKtD5oLHlgWakUSneAovPUdYRLFFz9
371,991,one_____,_____129,Iw015E4ucnWlGXh0gOoFtjoDVtuVfWZZNY0
0,15,four____,_____130,z9h5M23OwgVmGpbOIZAd4Ku27laHf3FpobdChd
15,52,four____,_____130,suuzGQEAFeVEdzbhBHGU38qe7G4vP6iIxx5rhowGEiUj2EJFnv7hbN
52,71,four____,_____130,rwCh75UpGqoRGgtvIm1oGuqFt57SQbB20tu85YDDPbOHc6W8xdmPSB46K05JINp
71,174,four____,_____130,zGKQVj9uYa9LPuXZEAp0IxC1CH34XkY7JtMW4KqOkXzX6uAyj7S5koZtanFg
174,194,four____,_____130,mM4B6WCaPsAEFhCXu7IP8UzHAsK3BpJ1q0fo3DTSldNzAcM1VMFT2rpqxkijG
194,246,four____,_____130,0vVzf5K0jVcByAvcsueqFRdlZW2MFvkj7677NFpJ9r
246,307,four____,_____130,hzQulslCs5PWmHG01QU3172LszjYJ4aI8MLuH7hqpVku
307,328,four____,_____130,53kb3xvrir0kLhgvHGIIT3XSGOw068hIUqtZ
328,406,four____,_____130,BfDOp8WFOESmNzDHzGPGs9idcwdBtskBgzxUk9fPVj2WYdmfo
406,438,four____,_____130,4tzIw2zgo28Wtlq1o2eGk4BwaQq8z21rNccNGDY6mkSIcWaX
438,499,four____,_____130,WgMOOjCAbhmWoQwaoYuGbWm4O4QQH6rXawoEKPIzREj33kFl5
499,789,four____,_____130,RTuYRmLmWLjqehB1hdfme48ZzJnc9hR13wGwdauTNp1Io
789,799,four____,_____130,mt0Vh4UO4LWIYtebKQ5adNbMM3vkmRlBKENykEZw1WZfdDAw7nQ9IzngsGK
0,63,three___,_____131,uXVLP1rOrv9xSiFUcmitpXmWWMGQ2UzYkpKpYVUtvcgNygF7K
63,106,three___,_____131,zrxfV0pqEBqXKgFDjp6Avs2t7vjGVeHInI7hPK12yHMUe5awvpAzXbCu
106,106,three___,_____131,eAgrtl2ss7IAclKSvOkXKANhS7lspasGQrZ8Gg2NUTtuerObIb7R7h7SVyGG1czH
106,170,three___,_____131,Djt70qEpXN1sqRVtsYIQLgPFADyHIjNO66L9cOYrm7UxNJa66m
170,218,three___,_____131,2q2uRAjottuyDjanRpfdgLcyogGXhDqSGc0z0sVMbn6htNnmCv
218,928,three___,_____131,rlH3WPVWDmzHBhujvAJJyj1esKJe4ZMpLbkZuQAzAI
928,935,three___,_____131,AbJ9dRzMKXWqrl1TqTfmP88Hjf9p4H4XKGGw4OnLuy7Fp8p
935,968,three___,_____131,1lMilrodNMH8g85EgzJBU0cs32lY4qYyqW4YpBP2iYlJ
0,240,one_____,_____132,54ILnlaYUSlGGUS1bX68sI2qooeX68RMrocjhVA1udG
240,548,one_____,_____132,3kr2KSV6kBLx72w3pPRAIwTesPIE9vfeYcif2F9EVSEAsix
548,621,one_____,_____132,X6pZp41VNXJgSw3DSF3tjmIlMHNZPvxsMuF5t1fZ
621,665,one_____,_____132,kJDX80oeYpTwcHixWl4iYH0bTHmcEOtTYvRJIBNikJvZvDDDT
665,692,one_____,_____132,CIX0oKDvVfTGPHxGpCmMd9v06vDqrMBtHPkZ7H
692,700,one_____,_____132,3flAkSAJuax04E2vt9pkikLum7o5xvnqlRZkavMyX6G
700,756,one_____,_____132,n3skkXAQfaMo57vGaUrkZkINXFD8vIUET1ZnWBnl4R
756,774,one_____,_____132,pPLjCZSZzlIqqmyuw1Sh3EkoOZ1GFP6JW6bVelyAsJHGeqbJ4EecQCxkNbJPL
774,793,one_____,_____132,91VXlUyceF7cyuALJ9Nu1CBSmFhQATAh
793,984,one_____,_____132,vTtJwYeGXEfmxUhZ62j9TxJuYlpWOpvWHIuT2aBR9VZwDKpstgE9mpA8U0
984,990,one_____,_____132,tQTACTq9SzEvk3ZNyZBu6lhhgPtWzjqDCtskYileON
0,179,three___,_____133,DfNTy5yNqoP78syOq4QoGmTCbveKvclzL00meuxqTFOvRtcq8MyPerTPbwyJiG
179,253,three___,_____133,GpwX6sX229lP3fBSZkcHNyYIb7j92hsFj4pmPWUCkQ3AuJd2of
253,436,three___,_____133,KCCyzbquMRhArIl0woltRMlGnRhILwSb6nSZ4QoeV5Q2ga937
436,448,three___,_____133,C4R6kM2puPYwf8NJa1wYr1Y7IxSTsSjCpLe13MbZeXAvdX
448,464,three___,_____133,5yguBLd1xobaos7lWiJ6CE0Svw7OPfPzVXwXLXysf9Tjd8c7798rHAA4
464,953,three___,_____133,qrQ7qRQUGnK5ztFiv6O5L82jcAwyXIVTTxDX4oQX1kZ3TUkv6Spf1zrL3UL22E
0,7,one_____,_____134,BhKelrxKXkXHZBgrs8E47H4HQMAmvereY9Jhkt1
7,71,one_____,_____134,VJqudWNpa9Z2wvrnMN8QcNmkMoaZW0MWN49zcGQooDWGvMSBWyHSjYzYow52P28P
71,83,one_____,_____134,Qdwc0fCAT3YxKJmKHsR5U5pPLRb8jEni
83,170,one_____,_____134,IyIa1ejXQKZs0YGaPrqxLolz9nZIn8ErRZUZx0dHqeWAHGW57U1bR2RiBo
170,184,one_____,_____134,kWrpAcavvngzcXZ4UjvnW145pKndYkpNyYK
184,305,one_____,_____134,DToGq0XPKkAgkBe1cyUCGGvUABAYEk0Mf4gc2unalMxzDzs
305,383,one_____,_____134,k4jm6g2BujdXB0uZPKWTtYCSdAJziL0QozZLR7oL
383,400,one_____,_____134,dnxZHPJtkukRuf6eErNRQWYmJT32sxOlPina9Kl2liuJnZsnKqDZrQ9
400,423,one_____,_____134,I0tT4rXdQZ7J9208bfO4g4nW7DiLFKov77fW7kROClWUNnUG4NHL98
423,509,one_____,_____134,kATySPWSm96BZxMPb7wyaZykPWjN2dE1UlZ69VV51FYSn8j5YiRqUWAEdlvbh
509,624,one_____,_____134,7m9TVEjfcSEGtogX1HAqXlfVSYEEc6K8TEzhou
624,736,one_____,_____134,5somW3s8mXyNhx1IPgVktqWtSCepA80ioE9BFuPTUU64iENQRP4Thz5Mr
736,848,one_____,_____134,rs8vj9w5SsuXbRriweqx7sIsqYdaHGlLZ5Fa7EivK2ePn
848,964,one_____,_____134,VWiagfjGYrJV6TVOCOzFYuvUvmjm24LeiUoONU2UyPmj3dtUfRZ4f6sDm
964,977,one_____,_____134,e4jBviX0O2uB3jAqcVRfjD2ggn8jqRiulGd4rUNR
0,64,one_____,_____135,YdDaW4hVEQpTk7UwmEmC5ko8dedWv1cVzlvqmfz4ny1p2c63
64,281,one_____,_____135,Z4NPNlPm4Sn8AScWHXH9yumLGHrHKovGuf6duUY5FiaiC1sKDPYJRq6545SrGrkI
281,379,one_____,_____135,I6D05nHkuUbeG6VpCrNaAoRnGOXTLwBFA4KFanyqh3vHsuZIJ8
379,482,one_____,_____135,U5qW6QtoY2QpSzzmb4hg3VqwDHOs1DCDjV1U0N
482,562,one_____,_____135,kBNkFabsFZy2uzPqWRhWyhJNdxEHUADfUMaXFznVTDf0
562,595,one_____,_____135,6f9yYvCs3pt0NhBNTf28KPJDATBMCEvWffp
595,649,one_____,_____135,v8Ed9PRdTh9d5ItzEWd66aksfrGgziYwT87y7PJRAmgk
649,656,one_____,_____135,YZWbRTvfDAuliX0YkDmV5R2I2ijgzVwNq9y5boobauJCV7ACEKLrolZUoSBr
656,739,one_____,_____135,gQyHlhL96p4Vys0hpqj3va40vlNMfrVJVtdh
739,795,one_____,_____135,zIKUT04ij1dXpuZjhJAJs57pLOFFCVnVRlWLE3vYjnUJg
795,831,one_____,_____135,foHr2ZlAqmUykyiEeoaReAHiyaCfMHU1tJ0wZZObuGv5RuizID6EwMSZ32x
831,929,one_____,_____135,Q0o4MvNjy7Ikz09oFQCgf4fczvvtCqQw3j2TE8PB9tjQYK
0,24,zero____,_____136,8KkXXEHwIcrrPrNaY3BWCz572e0KRMQpBG38Lqxghq
24,288,zero____,_____136,yVTWrABsHf4IIeS5sC0bQHSmNbc6SamwHp7AvB9
288,563,zero____,_____136,Lp6V7pmBts9xmrRjsEMelCuSU7lotHJNI9A06dyyCAFWpKarTXN9qofsIJ7c2aGc
563,756,zero____,_____136,LboEtluuVvww0j0WfSl8rWBcOFbFz5Z2Dl0bx7r09pWZBJg5FBqDogNzQkL
756,857,zero____,_____136,AmJxW6mADATUpdd71zmDvLjzDrNHen7RahUuBuISdTZNT10gOQK
857,880,zero____,_____136,dQdWM7IxHOelnq12HBi6Gs7kijsjbvtXZ
880,909,zero____,_____136,bjiPcIsLgLt1qyU1QZ8yDHxoB6AkK97xSS9DZQAdz8jDwnPP
909,918,zero____,_____136,YBfP5KLmobGR2pTEFMbkH9miwC9yFnNgc9OLccPUrcV9kxi
0,115,four____,_____137,B7gWobmrqiOgZuQmCsgGHceh1dVVVVqaVxnM8wBGptA48tgAWTc2sJhvNq
115,152,four____,_____137,9bYptrFo4iW0pPvY9o8lsXgr7TfVLd2vdz
152,152,four____,_____137,46pPR9vUxU204Lf6HdlTc56pUls73J3nhxAMz9GKFuN
152,242,four____,_____137,iCVjPMsWiyNLoZT8Ukb4107kuwKKAUZx0tZ8oEFB5u6ujV2yG
242,316,four____,_____137,LiKGfO4drtCsqHERtuldZj2QD5mYPikiD6WaXJUqhDQ30
316,336,four____,_____137,dM6gvyfSmET29Yo62p644M7GKVPJPlYIZfjuFRsM9HdapGTB
336,419,four____,_____137,LqcAsL6YVMP1iibxAbZo5uC1hP3QsY9FRvgSnBJq3wB3K02XIyO9tII
419,439,four____,_____137,wxlkDqIvQKUdWD7onPSntZYcdsjIjG8fb0jeoJroX2DzWXsy7WztXnyoFdME
439,465,four____,_____137,4KFIFp6FiEflCWNXtvJqXbRDDvbDuo2AduJa9
465,485,four____,_____137,a2nF82ujG4v9lIuCwEBcfVdYehLKw5lOEWYOo6bDp0v31C6Exvaj
485,625,four____,_____137,xpkwmxRvW89875JV58jT3vvhps8rPe8267XQCLShArOT4qokSFjufQbRL
625,682,four____,_____137,7azaKSG9wOcuogXfgNcPCr27N6elT7Mn79eSevPbEm12BwQRHyYmFadtTy7nhsqW
682,774,four____,_____137,xT73vThdlK7GtcODDAOD6eXo5Q2HKMegoLyfCE8IYM2YgzBeflP7OAIUjhaIUu
774,781,four____,_____137,SJRuyCR7E8JWdVv4jvT6kRfaJEZsXNNw3dGVtATByiBSIbQzr
781,878,four____,_____137,jTEXW8BDq4NpI2sKpVqFXh395IqgoVDw8gQjyYz6hvQ
878,967,four____,_____137,n0ErOHpzY9Lf2vCfSmYfLOdSL8irhRdxbPfqYQ2InRzXVQAL7
0,213,one_____,_____138,kgPym4jFBFQoTh849Z5XqlWIuLBpFdt8x8qCileGO42VugiNMWjAX4s
213,240,one_____,_____138,B5884vMDlH9GmTzSRRU2neu0lNDgNgGbFdMExAcP4IHZOpQHDI8WwrvymYBko
240,308,one_____,_____138,tJY9Nysu83efEIBcPh0BFNu4L9ZoVlwYJ2G
308,535,one_____,_____138,OAwykS4v0DTFQK2SmOpVuCuSVqZZZTj4F
535,595,one_____,_____138,tN5ci9qY5kAPZiPASzCacIw3YmGqEfeg17oZwhJXZ7
595,675,one_____,_____138,79x1k4t5LhHY3Qq1UbK5kO7pBBv27d5NXyrUIfmKw1cIIXuop
675,738,one_____,_____138,AXfDnnpku3Dw84lFXA3dlV3cq1rJjudMafjTfIaeA1QjDE53W3hn7
0,1,zero____,_____139,JBSigxYBjUI5eA4BoBJtBRUu8AdyZQvqof
1,248,zero____,_____139,3JxcLvrh9uSPmaKjKhUWtAblZNVGd6pzGU7ktWtX6Oqygt2tWeMBaLf6
248,260,zero____,_____139,vXGFTN27QhpyhyWcQrn8PGc3fshIXEgn6lJPPDOb7TYwPHe8Oq8p6X
260,303,zero____,_____139,RGt3zUAoATaa41qgto1sbYbBj1VEyaMCTgFyWovQvJ3b9maKAdTGY
303,304,zero____,_____139,And8eAN2GCR57zJSijAixzkESV8ia0EKT54M4NT
304,365,zero____,_____139,x4dQR8pG7azhjSPgtCJHslvm1MErCFE82HKY2LRz9Fcto47qKA1f5Mq
365,377,zero____,_____139,KGyii0dcL5NzdbHr6q5eeLFZ9uLtbgEXjEFQDRe68uI823JbQ5fgZB0y6A
377,431,zero____,_____139,HBxwKsDx5B9Kou7cHpvOUl7WYUuP8CLVT9xBzs0
431,475,zero____,_____139,bd7mMGlN6HwCxKqTQdLYqaw7G3vZK5YiKaPOSfucp94BBmF0
475,477,zero____,_____139,SF2mvr0p2wOYCUYpFEL7BcxRfpJ668RsUVuRQAJg
477,484,zero____,_____139,zLTdzkQqeKRbVWepUQ6P6apmSd5sRJRaSDujr6Q6q
484,505,zero____,_____139,xQyeQdRzDWpRuVu8lv8XMrNqvF8hKqMiZlVKXPU2xBFPuFsv8iWuvf
505,587,zero____,_____139,JL6ZZABEngouqQucg8qIjUggTk0WpPm20x5sP4G1KyLK
587,670,zero____,_____139,FzmPEb8lvpEqUsYzGT3lvSgjkL8UyRq9zdohnK6AD8Me5
670,695,zero____,_____139,P0oKzK0PxKr165fGs6jT8SZS0wV9MrxXlHgFIWbxH3rznwvjxHS4udEYHKOmy8z
695,850,zero____,_____139,TNOigb9z2qVIXdN5VEF6auCKNnuc7b15T4hA8uukP6
850,962,zero____,_____139,Z0oIM5wLHnYrT7e0yabMa3olagUtP2IRbBdCJobZXxWuPmD45kODqqMG
962,984,zero____,_____139,UJzOXACHJ7irf0dHRZnKgXT2b3tIf2WoaGcBTNt3snp2K9BHLLzLb
0,45,two_____,_____140,mGljnuQnGXtJ0WdHKSeuDozPqJS6y33E5nBmY
45,70,two_____,_____140,cb8PSggX3Yud9u9ANpIYveKdmsDF3N3XWtxN5pnJJzRvJ
70,374,two_____,_____140,9M2zyYcGHbauej85DM1zbZE10J5pqyHLIAwur1bnesLO953xb
374,447,two_____,_____140,z1rxMYSJGM74e1m1VE6CM9ywCm61HFCvVz3VClQmXCzkBGgqOYf2K9XPSLbZfX0
447,474,two_____,_____140,xBUN4cn8MT43dRZcvMdtOA9aMhaOug9cjSzzE87cbl9xI
474,529,two_____,_____140,BDPRjuYy6a5vdtYlTdlBMDNMEWWu0KulQbfje4a4lrwsor
529,549,two_____,_____140,lAccyT8LS2Us1EUpLqnpi7MHli4PsTpbPozzOT5VVQXG6lOjpjfwDsSl
549,788,two_____,_____140,0zOmLdou5odUncWRiBKxikOQR4dVEROGF58RyQJeLVK
788,878,two_____,_____140,sArlM9Nf9Kpo2QDa0bO3AUmZbm1OO6hxKEu8LZyi7F3ehPqO1UtvSDBjRp
878,950,two_____,_____140,2i7hiDN38mGA0z4YThDgRMkuLSxWjVHd22W1Vu7JTtzGngAdzizoNY8Cy0
950,957,two_____,_____140,xSH8q8on3hVKKaQZAsRZpEWU3jhLL9RCgJjonsNeHc8kvd8kKuq8p0pxKulSq
957,987,two_____,_____140,ML186B5rmmOw8MtUlil7GrkvMguDI7NJuoACWnyI6M9mUYA
0,33,two_____,_____141,CXHWDvQXi2MBFoSwBvo95kyGHNEAkI4hJXyA7
33,130,two_____,_____141,IzqzyyrcXMliHd1m6wessM0BBvFnnau9OFpZPNTH3iXaN9Q2Oe5qWaRs
130,172,two_____,_____141,dLYa77b1FnugFiWF4h3eD68DepmYBBi5m8Myzn0PJ
172,207,two_____,_____141,8K1K8CWwtWKqXLGM21b9SIZGvaQ15KM9QB3BMjMWUePzs0qz6rkz
207,380,two_____,_____141,w4ZdkNdPG7MHfu0xEz1m9suN7TiSJkcrKlKDQP
380,385,two_____,_____141,8fenz7EfGvWsPWLoNQQN7AH8NwOXkSvQF
385,396,two_____,_____141,aBk1P8f4U7LD9x9z6xGAh01LzpFPHfmeWPrZh0qiHRbIzKrmMQVMDG
396,451,two_____,_____141,18shmLfaiAO3Xw4glSwZx85lgGOZs39CosYNhCkE7GcJTEyLiFwhHA5
451,515,two_____,_____141,O4HmF5IjBreYwBaFpHyM8BsEqwpkMwPd64R0khkblePTIQ3TXCcnf30L3cxGpx
515,675,two_____,_____141,6XIGiaY18YBtSgiIu3q4HnYti0GtHn4GFPgExjLoFT2Gf7fcs16ziE
675,780,two_____,_____141,JROYAhjhBHfxHTKrw5xbktKn74yI0ITtYT4PK
780,875,two_____,_____141,oeUD1YWc38sFsYeX8sF0vZN3ejRHoV1D1b8pQlhOLITvzKlpHBllPcXrpsXlt
875,898,two_____,_____141,1dQHYqYjZvmMg2SGJUx8cVRUJm0dQtcEAIuoQ6FsTiNfcC8zIha94S6aNSeHX
0,200,zero____,_____142,x3aqnPtS3xW1d0SpnM0DjnTuJRSOJKHfKdHjcnImB2jnh68dVfch5
200,282,zero____,_____142,v9Hb5YmV1a21d3qfSqAFsPCz3A7P7Kh5lflDFa4kQBK3mGYFfjGMiGnlFlmgD
282,502,zero____,_____142,dZP5NWdVZSsH7FH14WWxaWclxH80rB20aKlywu1s1a6UTSX4mwaA3r
502,569,zero____,_____142,APeecRXxzrgyfpc1XVwW13fkc3FL1OuXMHVOufLoORFmU
569,583,zero____,_____142,kBuIkwv3cYGgaIFWTgw8LwZ70qhmpMhyCC1fyht2Y
583,972,zero____,_____142,ube227hol1ptSurwCxhgH0kX8brDhasgEbIW0E
0,64,two_____,_____143,42bh9KcorCzs5j7VJIGzYpoLjYU0uZe83sy0ZSjKDouoNBKbIchhUEn3ZCPD4I7p
64,116,two_____,_____143,s0HKxt97Ov2Yiz7teZRWu87jdwOB7y0B6MMhBG1kMrLsVUF4YD
116,268,two_____,_____143,cawxEIB1EtmeBt5yUkcQqzqTuV9UJaw8LYvfYKSerZZ04EKI
268,409,two_____,_____143,SvkaY8i9GWitgCLx8GQSk69J1JqkTZp9PcrcEiOEC
409,446,two_____,_____143,4yOT66NjTPt4eXY0HGsggObtR3x0n55hH4K4ebzIgwr
446,483,two_____,_____143,9fTijT72L1PYh0ccOgq7Vp6wOOpR6rY8ADLIb0KV
483,501,two_____,_____143,wW4I0dylhMRE450SbQPqk1b0OvZnzqNZkros71khoVFPygPHiURjThqKJ
501,626,two_____,_____143,viEWayniu3gYTGyMFmiEpTzs8fBBE9jRWGfaxS4QLPIC26U6R
626,763,two_____,_____143,nIthG3fCtvFE9Nc5CzPeHVE7lLj677uCFpQMFfjRQnJYOw5ZAmzt
763,813,two_____,_____143,JLTMlt15bGG5Tcok8EWlDrS9agHj5FcsCWB8hOdNVwENYGttOE
813,818,two_____,_____143,B1bZe5PGJ9WD5vTdXOOjMVLLP2bjzixwAila7BfBY9cPXpqIfjzd26D1Fy9v6
818,957,two_____,_____143,Qm0hotsdXLetn2OdFupjMsMnFTDqJFcwQNl
0,5,four____,_____144,Lh3PKznbHYDV9BFjTNcRd3BnorydfvVcMbrXfF35KLUR0s37q2SY0hfkJO6xk
5,32,four____,_____144,oAAsehRVnsQmFE6ZgKciQVGyYaBNZpGOsn
32,74,four____,_____144,d19l8l8meBu15QPcWRWXnq6QinVpLTxCmib7xQUMU5sWAoiq59O2gWHr90bKkQl
74,130,four____,_____144,qOtfZTS8mAbVhunfQJIYUNRgwT3hJe5PqE1l
130,226,four____,_____144,jvXmVLisRr5ITGOelNKBkiCbd4m4pIIc48IU2YaHKO04W
226,335,four____,_____144,mSdcWMbmROIvSVsGFksteII9AvB4XJQJ47lJ309zR1DuD92fdBoP9g5egJwTyjOh
335,476,four____,_____144,KRKfXvHKq30Mw5TqWN9BnXpv33TNA8wroKQVnSCPTsWrBKX
476,607,four____,_____144,kP6Q1N6Fz5kdDIeaTuvKdroyXWsmIWokQcEwRViuSHHAU7O
607,672,four____,_____144,kvFDjQRfzspW0gC5F3EVg6wJSnvmodRTc6qqNTwEPmfe
672,723,four____,_____144,8OMCw52ySBLX6LLnYVT9RgEtsKWrR4FmurNhG2aEWgpU
723,727,four____,_____144,NrvPYb8lK4yegwO99cMdPaHaDwgZqJIvFh0P54PqteiE
727,833,four____,_____144,6hyzmcSLKALNfcYTCJILq6cNkbKREnqZh6E9nn16sztrvahTXVhh
0,42,three___,_____145,281rArJpIlsXOFvFtjpSR7Nj2kGZNW42lPTlxQKfFDrShtheE9JCG
42,42,three___,_____145,00aM487mJ3tSfTYPuRK2zLYmPEowXpDFH9207i5m3AWX9skkgRdYFJJCjF
42,92,three___,_____145,gb03kHFSwEedUAk3NWVLtHWD2TaSaU89npViPZwjwuiHfpCRY8vjOKIQt6
92,123,three___,_____145,iXiua5qpk6j7cgES5nLpbetFYBvAY8UMD40Y
123,263,three___,_____145,5ChL93H08ZVoNqq1FIR5tqzqsnIswmKle5QLTa2Y7JHk8qyXr7B3nU
263,335,three___,_____145,hf8YF2xbd8U3llkCtio9kJ1qMA6ZQKTSjsQuF0I9lv2fRdNVfk5IpC
335,444,three___,_____145,Y5r1G3SKsPTwWWzeptkkdim7BnW3dqjKWh
444,451,three___,_____145,kSwKz01VA5D5x2snn4UPht5Obrmh5NZJufo8CPf3ro
451,480,three___,_____145,EGBfcKqBP0qNHwPrTauaCBdlu3RsxpaxHsxOxaSDz3N
480,735,three___,_____145,nXLqUcFsh6cghIY5K2cPDDpwx6RHV2rFcHrx710jlloThw84w
735,752,three___,_____145,s7uesbrXIPEw1iVzYYxtlnLQvkY0yETYMdlkOWGci0Js1oXF
752,797,three___,_____145,SBZ2QaxyrG8wGHe2CsJaaF411DVpM4LCiMD6B
797,808,three___,_____145,J7TTdMShm5dLdBlER3IkqXoQykzPHsu50eNIVtLPmWx1IUYhT875D9
808,956,three___,_____145,cXiBIjCyebDeCRoYzwrJ50XOtUF2Wu3LnjHSCAb
0,150,zero____,_____146,8XWsNJMu3VucJziOkUesNjosp3rvS3qJQsVxK7YDFsOj8XPTHIPJ3XkEI5q
150,355,zero____,_____146,PIMZHRZMLLB5vOXB50SlvGkBqyF4OwKwmul
355,465,zero____,_____146,60oz4P2xDzLTvxIJDdRhuSjpSlfEo1zwYid8A24zxRE6fmtNQ
465,601,zero____,_____146,zhDmth9PtkF5wZmn7GQ715hfkoVrDWF1MepOhyzm26oJIncgog65LaP72hs
601,637,zero____,_____146,Dv1AMsp7xa66oJjxxIGIwG7Vk28BozZlZ
637,643,zero____,_____146,gb3iyeoUbxF5kGxvGoCc7oaMlbik3nnpkzVGlEh8SLPVt
643,718,zero____,_____146,92lSClmnhtNByFlTX96hLa8eesiMLrIfkgox0n
718,983,zero____,_____146,VhOmf38eZEDPLDg5xM0oEigBgByIloaUQPqs4hTyEgrKhJk1g
0,141,two_____,_____147,CCXHFxv7QJvkDPkTJqvQK4lMp9PUby78i3mifCw2OKH3NFmB09Fo8T6rCkhk
141,675,two_____,_____147,bUaU9uFA5HRv2SGadqtov23sYDR7ujjGTzYCxZMVZ7dN8mZtLVhtYWU4vb
675,710,two_____,_____147,5SQrS4JxnqOzzUY3IyhzEUWh4iJIm2PSQzHQWkODqCiPcQ
710,790,two_____,_____147,BGOACRV2l9D3PtCaHQ8dJDRrajyMoXzd8wRsi7J9MTuFQWIreK47Wl
790,809,two_____,_____147,pAfNlwwmBw0fdlYdCnAALqE8qGgYbYVgj67iZX9CBXJikcv
809,835,two_____,_____147,LHXtDCePmRjZikQLxFZCmYdKKATWYZE87fV2dFzaDdINA
835,860,two_____,_____147,o1R1hrRzqRMVXqs9LH2rbF7FVi8pcBHRsZirzw17ckpcTErE
860,871,two_____,_____147,tpJSbqZHaFZ4zL56bAPmcT0hJyNi2MFq411zwS98XSxMJ0B3P5f
0,178,three___,_____148,z9pxzL0iljN6zhqZoUeTmA2LS8vBnk1XDU3yR4kW1jNQilm1v1kO
178,180,three___,_____148,MAH44tY3qbail6HhMOkeHQTS9FawVzbwIxYDxm3sIVCfby4lUxEV
180,214,three___,_____148,kUsb9O4K5thpWFaAW1e4KxlteOzzDbw8wSQ2ZWcQdwqB7Oi1zVELBd7
214,455,three___,_____148,XbYoBb09HOJbNyQe6o6szOMHVitePdynUKaue1Iup7MHUeHx59TS34g1rwhCuOB8
455,572,three___,_____148,EMM2cy3ki73OOXceJgW2kSFIVJh0pkznc9KkDQiw7lpaGo6Qb26RlUq
572,624,three___,_____148,0S3TzaTRfEcf7r1sNNyZAt2X6KkYBixgTk0VZDMeqoxt
624,789,three___,_____148,l4ynLoeKz2I1SWWKk3891QPkUIacxC70t3RMgBbTD7LxhwoBYOiD
789,827,three___,_____148,ONWJxDMae8vGw1wWxB35GmgFgSOR4n9zsJZ9TnFKGBmmvz9CU
827,835,three___,_____148,I1ROptOEDJ0dbYPcx0gvSr5kiASLEP2YiJO7dd7HkdgHaX
835,894,three___,_____148,yFGF31m221maRrTklfLhOnnrhTBaRCDNyTolsZpjlRk8Rf9jFlnv
0,28,one_____,_____149,TSruClLSZ5tY9dOxMi5oj2fzULb4POyBi6eX9choyPqpwfWXBdBk6xowNXYTsrFK
28,681,one_____,_____149,cFogDKvrj1fuAhtpOkW2Sk2iTLyLjaXbXkD6PkE6CPjwts9I2imj
681,700,one_____,_____149,Uf9paJwKbpJaG2hQiQr3qMcbgBK09aiv3sWxlKxL3UCIVyWKiHXVDnH4upW9PT
700,753,one_____,_____149,TOjEQ9PSf9FzvDVgrbk41wtMmAIqL1zOO7vMMGCyUYv395M
753,808,one_____,_____149,YPfUuME0roLxd0qtmIkIbrkyyJYdHaFCEVZrL1KhwFFH0zTWBRaR2W
0,37,three___,_____150,hewt0g3v6pbnCqtVWKtDeou89mlicJVZ1K1ybJ
37,97,three___,_____150,mTUrwSjLvYbCWAi0d5QirRGi5vDxvk4D3x9egHYY1kUJcZcxpTuWexDAMVJ
97,227,three___,_____150,d5W9V3Ayupa2bXTXiMV3NY2tQT5Y5avP4OKDH15xXGqPUgcaAwrkH7W156tfR
227,318,three___,_____150,bZCLMwmWLhq95LwJK3YvNuEDpSBtJlGyXm7vklhjPEyXAkTAYh1h4laYHxN9OIn
318,468,three___,_____150,PPs2DQQILBvaBy4kwdTeBKYK2MF1xnFlLGkoy7qA1vNjo9ixxJ2
468,564,three___,_____150,7Eaw3xwTUzRseKxv1ecwjsNWzqGz6PFLKGZi3Q5WxeS
564,598,three___,_____150,3nCYsVxxn6wd7YdGdAtGqgvlsjO8V1ooeLGY7wZpcvGJLmGDb
598,628,three___,_____150,5T84P2uLhM4jOS9vGz40LHV1fRqrLA6TJN
628,842,three___,_____150,0gcHWBAIdhVI1KYvGTwXSLTVr00pRC6nJ9BOfbAGZcLLT
0,93,zero____,_____151,0zq9DEUwWdtsyOGYsDoecR5M7wDZDhk8QHJpdC7loHiorruS7
93,96,zero____,_____151,9vbkrKp606BamtZmuAkLIoKo9grnlA5Aes
96,223,zero____,_____151,iPZXCqUvXR81OpQm86Eru3VuRl48vgZ58
223,305,zero____,_____151,No9FEOoK2xXDSGZVySNeW7YyTRize2vLEbgGi0YHuJbjEehf6XOfxJ9ViidH
305,369,zero____,_____151,wdzdYXkG9Zhs5wqBNrCnU3GL5Jo39lxkL1tOf
369,469,zero____,_____151,q64msEWPImUbC2fGLsJ9i3yuio75q4hfX
469,503,zero____,_____151,nuf4brgGRx2cMTb7odwzrXVteEvM01TNDVnr1sZUcT
503,551,zero____,_____151,XjEYYfjDW526ue9DrxCGVZ3zplHYH0DT4hT
551,661,zero____,_____151,VJ7a8q3bcrWEGF9V8H1IkrIr8pvczV6gF3oLcBJWf
661,681,zero____,_____151,LkCyLGhTmQf4Kv5KxejzuMAdgp6AS8kHFEa1Kl3lMcQ7GYA6hFqoYZSz
681,879,zero____,_____151,EGY6PwweqJNHNzcHxIpy7Cl43NlFosGAlAb7OriQ
879,929,zero____,_____151,zdddEFsMWFxXWnEchw26nDZL26RgEDkm17yQTs5ReyNBENd7PyBb61Iq3
929,985,zero____,_____151,RVBqdnPCi19Q9JfnpUNByyDKYYZaGoTS7cPGHPkkMjIB
0,112,one_____,_____152,Dx42wNtkjtuUJnVFXZ05XY3FtMnOFnpJF
112,186,one_____,_____152,YuonYjWG9JjToRuw2eDeShsZGSpEDeuwzGv9lcobAIU97MLVj
186,360,one_____,_____152,SNtyESK2cxYS7grM9uEY6JEEd8XeXOhBVkbg7ChrksHRaWm5ouxQ61
360,458,one_____,_____152,OT5l1fkgzW6uXxKktY3KCNj8VhwJH99PvtCRStVFh6
458,466,one_____,_____152,oJmav8Nb25YI3zEh0anHg57GXQZTnCzrhY4DeyN
466,466,one_____,_____152,ezuRqA4TdkZaVzeP7Xbo7uxjqWzgnliPLzYcl4tOVrwdD1V
466,478,one_____,_____152,YTgWJmAqnHM4hS4fKtuLnBH6N962Bd8jBBCxv2Y
478,510,one_____,_____152,3UooKIBNjIpvziyivyepx7MNl431sJkwxxeeDKKcdpXWTiw6GcVxuDQOOqHopx8
510,589,one_____,_____152,gxwWMocaGyMjMA6bvnTkuL1Gcxll2O77XMdSgGC4kbhBUeFe3gQ3G
589,747,one_____,_____152,6gnsouuU2hZR2nNhOzHyK7p3r9kpnh6mTivbiLjtbkvGw5Zp3jfyPs
747,783,one_____,_____152,ldUx3qCk8EgB2nQzX6IJbNCNd1EEM0Xuhbacjqeh7UYqOi02oW7Rf5
783,862,one_____,_____152,QjJiQAGzJwYfkyjHgTv36PJMnWgIn12kQeQRF1qNLrSTvz5txyds
0,4,one_____,_____153,yUx1S7Ve6nw1FwAq5oD03bhCiEn0LTtultmkRw3RG1ALB6ZYRMdnWFcrp
4,84,one_____,_____153,eKx8Ri4qgGvJF3ABLTYlUMpo3GuUBSmInFI6XcajoBg2YxJxCRocgflV
84,181,one_____,_____153,DhjwYrS9KW0Vxoikz1uP6UYjpvvwjt8Bs
181,349,one_____,_____153,2wZiHmBHytBpT7r9Wu94wiK3nu628l3zM
349,421,one_____,_____153,kupU67RM12bAnpo3sjKxW24gY6grk6hgYwWHp4g0DQaJSvXBv2b
421,441,one_____,_____153,zE1YN01ItHwpR3PtXyqS9dhZhBNckYWJaH9jcKGIz
441,541,one_____,_____153,KctpTo0oVRHhi5bf9wRTCk37r02IZpL6
541,653,one_____,_____153,jnCGHUEJsXwbVB9DtFf1zyabaZ5y70vGQcZyO8WHzDAB44w0iH
653,681,one_____,_____153,3z2jJd6QRQ6D511juesLmT8kYB0MPzsX2EM
681,759,one_____,_____153,rWIp5oKOMzUrePADOT0kUaz8t5QG4Uycr55HQAXMWzb0RKsWDKkjYHj9nMZY9ZgY
759,841,one_____,_____153,LVs5H7CGMbzH9s1qLjyQkXi2WOWJpl9iLQgBHAv
841,882,one_____,_____153,ERehMlP5BnxCyeRcC2Y4va9NHZ7xB4kAPhuFEM21GDYywJFNj1k1C1QbvGl2b
882,962,one_____,_____153,q5hLvdeu0naxAMPZUJXg5Iwa7ledZZuXICJ78YAEGE05sjX4egomGwwS
0,18,four____,_____154,nEBMIZib7l9Mn45J7CcBsvqWEycDNfdPwHiCFEa3Ir7tCQ9Z3fLcAukI2
18,98,four____,_____154,m168fYvFBFUdzc94JmvoerIUUy8sTkNdtrNlX9iF3knRB2jB25A5As
98,101,four____,_____154,ZmWbN9i6XComcXJDQ7CFRUAXhIhM0vSuxwKI
101,131,four____,_____154,LHHMnQdU1qLNKwbcNnJd3ruAbLkgELArnBUUtLC8GNb7muDUC5ML5
131,246,four____,_____154,Ua7l4mWI6JBIAMcLg0P1E0gEOe39uyn8hl1H8Qm0wJ5jiOjtFcP6svMFw
246,575,four____,_____154,hK1nmmFNCULlsJRwbBMwAns6usplDBUp7QaRU8YqWtwO3
575,794,four____,_____154,0OOdu4bGFILfZLE6hWjL1BF5cowFo5CPq2msmBSvPyn1dj
794,813,four____,_____154,Pz1OfzWToXPv2ZJikZeFXllbBCx2B8eZnDWPsx88uJDw2S0
0,12,three___,_____155,dU7hkWfEDA6CKGcc2AvyyTQhLcDBVYBx
12,13,three___,_____155,Uei2idgUmzchhC2kfvyu4ejd9ffIw5uAgaJQ
13,88,three___,_____155,Xe6V4L2J7CXN6pKeXguS75CJ87Ef52Ay6C2gDzTbR0pBuOH4
88,214,three___,_____155,eLp0dbx5t4mGS98ilJ0quVRKPGIWbCM8xBC7bQqYGP
214,236,three___,_____155,mtdtfjmTwXbpffFG6HYYX4zpDSZzQ6hCs1A0xUzBWnyve00WHjDMK
236,350,three___,_____155,rbIn97NquDOmjFEIPrN5fh3psy46OdJraODkXp9phn7JGY6OjIN50bOoedl
350,458,three___,_____155,0ekvsL2fK4wZJ0XZRh6z4umREWsHbxBfGSDxM7x6emKWPGsuLMy
458,576,three___,_____155,aYB0lsDfDJSANxexfszOay3q5w5lpBDbwwRG5iwuGv
576,587,three___,_____155,bfFSVnID0zwyLRjv7ritdWvJhvugbTX1QCCYvk61jLcLr2
587,701,three___,_____155,QD9OQrKpA5qRZYQVDsBY4Qnomqew2b8HSvQLoaWvY2jriFasqmZAG
701,808,three___,_____155,QrRwnrQwCTqux8dh6HzCgFTue6ANMZTKIr
808,822,three___,_____155,SVsjhKdxKxdb2FsmxFBnIoeL28BaMLeFGPD9CoZfsBo0kLp
822,910,three___,_____155,izNf4838zEMQ2ytpyXfENQkxIO5aNoMqyxRvwEb
0,27,two_____,_____156,VaHVXBjfPc16pW67coJiXdkGXdNg8uen84
27,164,two_____,_____156,uB0UG8ddtDuLy6OGafSAy8woa4eNGR6NmGB08tnIx1XGkBclrk2rP
164,364,two_____,_____156,DQ2vb4EcNYNtJEtD5VhRco5ixXXSaf0v21em7XBbMeSvzUElBKly
364,785,two_____,_____156,KacmV6JkCl8hE05nhd3tNbalilUHcaeZid0iEiq7DBODt
785,831,two_____,_____156,9oTOwEs3ipVGbGACYfvJvw7gWn6sDE3Pi0uNWAskrQOM6zjZz5g8OOq1Li6vfu
831,841,two_____,_____156,bJDeBfKGvdbkQenD6gw3iZaeMa4cEiPeKsy7m38CGf4BZbp
841,921,two_____,_____156,7e2rVnpvYwWWfuMeSmudNx3QTdejjdPVdvl
0,15,one_____,_____157,xGDX4HfHSi7Je0NEygFaHQl0MpqhC9dBusLW
15,150,one_____,_____157,PlZN840GihGe9pAObfXjjPI5lVmcUhrJ
150,156,one_____,_____157,MKECPxFBIOBRu8ZcLAixRdLgG1RE0W6d
156,355,one_____,_____157,HtrXkhHQmS4e3zi55ZIAznm7eJP2qWcwuZupH4LvV8Yo
355,454,one_____,_____157,8cfVCehk61WwVZd4yr2n497j0mfW2IEQVMzor9VeWMQt
454,463,one_____,_____157,6pX5iRRmeNLsZG3CR15WTpO059GNO59iwpP7A5rJv16UtZNLON6y2uoBx
463,467,one_____,_____157,CbQBiMwa1NglCDsB2RIsQt3rPw0Nv1fH1iDTzGcrZH3T9TAmgAy6YTlIZEjubZZ
467,594,one_____,_____157,ev8Fwwk67dqF16KKN4XFfw3UGobj90BtdVcqwAw79Xhi9gE5i1
594,707,one_____,_____157,FTJIcszvfgf5qZdI1hAAGoy5LIPUkYFVAkZgSGFWgjAE5hpQD4MOf1MP
707,805,one_____,_____157,74WcrqZKXaafFWAa3MwoDtG3kwtMepPn6cgPghr
805,816,one_____,_____157,aNIRNOK6g4SMPpT6BKFQSd3qtdbuwTpYfr
816,986,one_____,_____157,J2LDCIdvZ6yxKOgoXF6cIU8epQXLKnLDU7x6P3lhw26eLPb4MWdKN6c8Gw17RW75
0,158,zero____,_____158,qBKgCyj946LbNqB2ATim4TkA1hkRrvagtppM8iyc
158,340,zero____,_____158,Ssl5sTOlIP1V2GkqEbIHzRMRujDkWojPWK559pnuqUP
340,552,zero____,_____158,jkqim7CFcgBAxUPp6sRN2muFFcVcQFiKeqLL9zMlzEGsYOPpbDQgI7j
552,599,zero____,_____158,usNvZY2TTt7wDoojNRXkScRSRzd59loLXCjsVURge4RzKfDL
599,708,zero____,_____158,fF12njctpmqeZcJRFNi8Uo9ANbVFpllej26B
708,775,zero____,_____158,DpP70Rmac5fFrV7cqM5Ln93sUZWzdkg0QiU8N
775,792,zero____,_____158,q60tDyqIgOho7ETADI2xEOXGvAszgEWI9Cf
792,899,zero____,_____158,iLKhLIYOgtQKIMxZOgmK72Kg9bgkQCIUtrGAjNU
899,991,zero____,_____158,12lYrsB58BoDKaJ6PjGLdwAHjDV8GHzwX059LdK3CyMW921vn78Y
0,9,zero____,_____159,XPeuO20XEOlehGIyHVaRHfX2kQBZgT1anfKUl
9,41,zero____,_____159,4FtcRbVo3hhLBVUhTQUnnfiwNCEbgNEnXj2B8ZjFRYkQiQJNa
41,58,zero____,_____159,IXMICwndkwood3W6VWAuChrD0sotcbpzvj7zClE7BmvPnbWh0
58,304,zero____,_____159,ywRlQgno6G1elwfbWar1rZrUurjQdX8V5klFehND3w6tph734i39hUZFFif
304,325,zero____,_____159,Ts7dsfTqPHM0sMQayGLVHwBpUuZJCal6
325,640,zero____,_____159,B3PKTQNCqDzCCHYtWCgQIOTxQKaoSvQB9yKFpSC1TADgh5o6yrH
640,745,zero____,_____159,AmqR0ql53YKlJwMDtyoFhUkYKhbmJC8wDvOVKWhst2A
745,984,zero____,_____159,VJmktHZ5v6c9Z70k4YVZ6SfRQPYXmhgFO634SIWwheO99BF0aV8Qf
0,85,three___,_____160,0IHooJmtAWiLM4Uparr5FEslpHzymTbA1ZYXUyQuzEdb5jpbbfdgugYjU7GFxb
85,134,three___,_____160,KWLuXPkLMbGzJkbqgAyLi3dMghfcGkbUvB5fkz
134,265,three___,_____160,qa1Q0rmbsqWT3gFbltzZNnVU8WoAFHjGq
265,583,three___,_____160,YbH5IXgAFdvlVCJaOESffERgxpAMk2tv791jYqznwr5Vw
583,636,three___,_____160,38vmVV7JW398TagpYg72aJUs0gj4I7jk
636,708,three___,_____160,hm3PDBoNJlKdG8XDE3p8lpZQcXIcVwXQrDRgEFhQOvmbTdN
708,893,three___,_____160,kcqmL5kNqwMvxPeS1lRmCmCHakT1KGnS2TIeyB8aKfSx7OnTupQ42LTs2OYWz
893,995,three___,_____160,w06yDJBOmk2xoJALxbBFephqdLsrXyPeUfyD5InIrTyQrqsI
0,113,zero____,_____161,jwvFE4lPlTST2UyiXt4cpkg3GvsW6Bk8wN
113,179,zero____,_____161,kfIDf4m2kmXbCwK8CbXetnXrXploWOHa0PKZHyW5Ub8KaEt7IObhRxkcdq
179,243,zero____,_____161,fheDrkkrOPcNjS8OtkzxjWEpsyxX0jDv
243,279,zero____,_____161,Cba0X9dj3GMg6TqOxMH0lF2HCfZYkB6JT4GOTRJV8mTbImh0N
279,546,zero____,_____161,9aKVfIgdQojevtwfI3FswfFrT4MwBcyPs0OXkSrfYHounv7W
546,687,zero____,_____161,qIeBFmsfn2kbAyQky87Al36Aa5cPdyxkCZFAoRQYe9ShfWjz6HO8dsHGTWlc8G
687,716,zero____,_____161,qjlRkuDDKeVJDwdOW1sNAQGYd688k8sagOl0
716,781,zero____,_____161,BHdl65Nc5PhuWNcKXADj8qbUiNok0KDKCPKx9n2qdGmhqGx2TLRSScomLRhNDEP
781,849,zero____,_____161,73lluNpyXFZXBlGeDMN3qa8OMIS2C7Sjb4fxeGZHOgbVK6H6a4LnjN5UAq
849,890,zero____,_____161,8lQ5j3YAFtibXAU846hitJGKFF1T66uDpMBIrMpTyqvRGDRX91JZX5ftU7B
890,916,zero____,_____161,SbfuHS2cfDgrN8yHDQWNnJscPdlwV0sc4Roq3GEHPoR52JCZ9D3ap8bMT2
0,4,two_____,_____162,VLAOpyduN0owxxLu9VDtUBzjMSnfSYQy
4,298,two_____,_____162,uQVmRp4gYVlsUynQjuhmTlQUqY678wLDoEpr1GCv
298,427,two_____,_____162,vXbCenMmV3M4oqFQzhTBjgWOsDPQNoWEghnWvF
427,458,two_____,_____162,aaAazLZylIDPXaljmWSJxUpAV1AC5YuOKakJo9JbaHoAa
458,508,two_____,_____162,zGNDOF5Anb9p8hXvcTHy5nt0AAM7ZUQodEa
508,520,two_____,_____162,svwMniMEpLWq4T9i5CJiifZuvhnxNo8nJoy36Qz4ewB1KYPC1eyyYZa
520,623,two_____,_____162,SPcPhnIZYtWDwaOFikG2RTEerfm2phkepAQ2UuQ5eZZ
623,854,two_____,_____162,9J5PcZsB8TwlhcTPDSyUoiRgmGnu5mFHCICtcnYkAbZUVs5wWjb7fdFz6z
0,27,one_____,_____163,LSvDxD3FHbSrJb2annpQ8raJT8P9D74q2
27,95,one_____,_____163,3HwnhjKhLGrO4jh0IzGu6zp9l4f45Zic6cU6IgOd0o
95,351,one_____,_____163,418B97wRcJ2Nu6oPMTyjtf5ZMq6MAjHIikKDhrNzIVa
351,373,one_____,_____163,hZK28oJxYiTeeIEkDT9DgYIAst2v2CQVYVM
373,399,one_____,_____163,vWf2C8eDrFQNAoFTDISPIG0XOepfl2NI8g2KsN
399,433,one_____,_____163,4Lfzn0GoOi59CdEeh13qP3uxwHhem1WBmf0ELSS8Djsafhui5En
433,629,one_____,_____163,zxOCZggamdOLOaB898ygpDwvuAVDHA9Zkc6IsIpIxRzAokXirg64F6
629,702,one_____,_____163,uvZxLnM2SvTtsNihAACxpIiCuy0dezXmD8WM9NkgAb0N0r6MfLBSH03cXVx
702,879,one_____,_____163,fT10wGdxCjQxopGMNeHu1l0iHtAYEGH63VYfIo
879,942,one_____,_____163,n5aIwNI15YFdJlcOlDwinREttR778jVMTCfc53hBFnhxJTAL
942,981,one_____,_____163,7Kd8vqCz8eZuxmSq354PPanJ6wuneuLwZKDQj6JfBnChzye3paw3EepQ8VM
0,24,two_____,_____164,PfvDUsPSl3BGD7e2uksNWXd96UONTFq6oUJnhvk5Z0NX6McNDi
24,33,two_____,_____164,L7UD1MWNkkojA6s3UyOz1VFf7F3ssuxOXR3MVedc
33,60,two_____,_____164,d6WIf7mDxaOsVCeCGw0bQHcCLlvu8dz4
60,70,two_____,_____164,tfUg1Z4T4Ayw9xSu8dqdoulT2ohhTR6VAplXfZl00MPgOpo
70,124,two_____,_____164,ase0BvzJDqognjhgn1y8tGl8EgG2bleftZMYA6sycm
124,189,two_____,_____164,lYYbBBaoCwvy3I7a03i9DfpKGvejtYzhuASAH5e8wnikJNyc5
189,221,two_____,_____164,OnsKhMysphUtaWiNqoKEGoq8mdjk2IWaOq2R0pYCCmiGLhkCYgYgF
221,254,two_____,_____164,XoEglhg4Ktl2I0i7qkwjqqmzcUafX0XLQZyySKUMf
254,307,two_____,_____164,Z9On6CtvQqZWUz1HLnqH7m7XiKeBYuGFVFOxb6
307,336,two_____,_____164,jhOUfTBHviohGPSabzArwOqQWoTaM1QTw3GaifoW8
336,940,two_____,_____164,FNBatNcqIyhsGS08KCGL3ZWuPCt7wMOi5yJIOTio3PcDN
940,993,two_____,_____164,D7zUiXoUCBZPXyHlZ0Acn615OxXoV41NkMQKyiA5StuxtYI5KeiYsFeMlhNuzSGu
993,997,two_____,_____164,9NC144Dofa9zf9R6rJH21QZHM7KukiRoZekwgRx2YYJq0nRKFm1PKxhUqeod
0,66,two_____,_____165,ORWFMRqi9UTm2nmN3WWAJMHyNIqyQfHh
66,254,two_____,_____165,gDxmjD0FCaMXZVMYOALq6igI4NsUt25qy
254,564,two_____,_____165,cr4MCz6GXk0gyrtSTTTBQo2wibQbl23lttNfPZOCQ3zwH
564,629,two_____,_____165,LwFeWlbNfiiYmInr2qiGXFIHUPdruYlNjcrTvDlAAOUmseaNCdRq
629,638,two_____,_____165,mYA13Es2dzkKcy9rQhy2YroM7cYkrXTZTAc5SgyDEcfoChMNJ
638,794,two_____,_____165,wqyQSiAQbSf4lcWzC5dtOjwZPuP5ICk7omvAA14
794,838,two_____,_____165,aUX0Blp0eZyy4OCXHqJdD0nZvY8BeyZ3QDO4HNH
838,904,two_____,_____165,O5qyii5QeV55xLVrirveX7JYUJcKko213ujXzsYQtYTrVUFb8DhCHAoEP9ngKX
904,986,two_____,_____165,0KigTsmYpXeXiCn9V5VrN935zjg8uAFb6a4VUK2dYTv308lXKUTAEgbzgrR
0,209,zero____,_____166,KYhC6O6rSCJg3tFmugzD7GQI6goO6sw1Uv9zj
209,265,zero____,_____166,bTiNyi1LX2D52J1UcNPQc6ihxxXu6o85cg2BVGOJvG5M
265,269,zero____,_____166,rQYktDCoa8mH5n2IonmW63toweVMH6p8d
269,278,zero____,_____166,c3VPbJVcSlStKuyteXbJexHC1CntokQFtb40FQymcMiFvh870I4OTzqKcbFVAOP
278,291,zero____,_____166,Br1Gfn8CDtjDZ3l08XrELutsw6NvLHynjR5
291,320,zero____,_____166,mrqes54TaACDnkrDfCch5304TjZMgiJdehkeJiJIYqGpvzlWcgoq1
320,351,zero____,_____166,7FcRvrLsyybOHwmaqLzboQoiG0b465OdppnvBSP
351,357,zero____,_____166,9vjit66QzoI6f1cO27G0ZH7OQTANdfbvkHPqzHOAzaw
357,383,zero____,_____166,KeDsD0MQzAtKeB7OWA6n7yvxTQLvTDAVYCUaeOWCuSKazO4irBWCjH
383,501,zero____,_____166,O4pTbYiLhQD911gRUUqwOcJnQ7EXg3JfujSGGiT8p9HYRMnpU5DnYdZFboCfmC74
501,597,zero____,_____166,yrhKmjjwlol2kqWETfNv6twTmCyhJmAAMo7acQW048ywPsbbHQRc77SXXY
597,661,zero____,_____166,x7MHvGxS2eI0dtV3lhPoKC7V4KAeWsVzsOXmzQwdFnVeckm3Yd9ZuJp9qi3rX
661,794,zero____,_____166,TW185mO7se8dGxhaU3hbVCIuxmEGaoPY5MVEpZzHKPPy7qpBMnSwLLo2j4qTu
794,796,zero____,_____166,NlDCORIAAiP7S9POxVP4vB5RakpZgpxlM2qt2ZoMpdWxnHbFyjEFBljpxMmS
796,865,zero____,_____166,nby9uHpQ1HHDNPx1xMF0RXqeTqiBLMtZpxJEPZpGBhR
0,107,four____,_____167,tm6DrHe1aiV7UFMJ7rsTDB1QT1N7Hz4xFiixrimzypQM5SpppKSyn
107,128,four____,_____167,aKMZtVy6SZCtl6SU4Jq5qTcK6WrK23DSTbEzpHlhRnKZmeSEE0T9QhkZyxKrv
128,236,four____,_____167,bODm8O8GjU6lcaFqutbCHz8ew8Zu7kpvwj
236,416,four____,_____167,NCDRsxeTkAGOAmlhuCr8usFgDq1zhlTf6qO
416,660,four____,_____167,r2wnYj79X6I3DClVrjB3CY9GIuHeyrex9owpzzi4W
660,668,four____,_____167,HUUaycjY5OtMdew6tpMyEuhfUMzclJj8E245s6Qawdh79u2G6wvRYi7s62wI9EzY
668,995,four____,_____167,FfK6YkJ9NPGa695AHnv9VJG5jIDenzy0hUimf24bNBaqeBJidjmbQ0Zk9C9
0,115,three___,_____168,bc0QMFv2KshysPu7TQpzziXXBF4NYWXlx53U70UhNHzKKSAUVpeyupkj
115,153,three___,_____168,B4TWc9ad3F5GDgj3Hb1c9AkAXAfsbGiEF2hKZd5yCa5Tlvyk
153,293,three___,_____168,GMvkDqM8F4Jreou6xJzSnm6mxiOSnxiiV
293,327,three___,_____168,r8xDSN0iyBEZkaiYhhMiQHpIdjMqyDwfiEYh2mPnz59aHpvcC9uk1b2uICGg85e
327,391,three___,_____168,Hva7nX4af1oZJKWsekoCjrLFWzbJWSR86qUpKEYkxpc5Lx5mVmD
391,493,three___,_____168,O2gZlHUFoaC4QBGIFKTaN5dembB73yLAIyXRtZHO8Q
493,619,three___,_____168,BjaH2gUnQhgTyYnbaP63h8TwfwGoZ7WR0UV50590Jq5d3xDumY
619,852,three___,_____168,iUwDHzgaatafWONUIv0bAZV0X7T2JwFH1hMpxfUGZ14JblwmIbTYxaQH5W
852,930,three___,_____168,GPyLZ5as7MwvOzwhDHHtPW0SxbGfpqUZgn4Kr7hDH5XKLD7Q4QqHaS717R4VZmB
0,334,three___,_____169,7tzCsmvQUWVw9Xvd75LfXIguYbEX66o3t052n4XpOX0adgYXb8FQtK5E
334,389,three___,_____169,w8EMbOAKPrRbNzXE48fzO5P5XiKsXQk7Ck4o1iSLRw2C
389,591,three___,_____169,lXNNwjkbdbWEtE63zUnSdkhbQR1BmWQU97Nu9rPIGO7oifRULlFpWSIzX9wC0
591,622,three___,_____169,24zoT7r2rHlKTAkdyWbniYPXi4e4maXdR9Nof6G3IwZeFw9K
622,781,three___,_____169,qKAf5ySFprM4EZZ9wwfnBYpHXKXpu8xyFkIM0jRxKH
781,874,three___,_____169,YSUpdXYatdk2cWDRcWGYj63f32BCjYhHVzA
874,906,three___,_____169,F13EdUPg7H97TrMAM7ntkecQp7clLInwxt1nGaBCyOj9VNSqWBmf31K
906,996,three___,_____169,dJh2QtOchMcwWYt0Kc8DiuhTXB7brkOEq7bjUEQlFFyh9d3fODQLzGZxqw
0,45,four____,_____170,IW1t5R8MX7gj9YlgdQwF8JAgQ5wS8mHSM9sB5Qd466mTDymil
45,239,four____,_____170,VVYaGvdL6h8pa0xPXbySVq9rC8leSwVxxQPqs3u
239,379,four____,_____170,LCXXAS0kde98Iz6l9t4gYnskdw94kZNncPv6KTTvwqADK1mROFkCxmmyGyXT
379,418,four____,_____170,JhJ4wnUCtrFXZknDieB2UwQmzRC0j8vUt6m
418,721,four____,_____170,owZS6KapBVxS8dqI52639jxQEXXCnmeQjtMWArALvynkvQtTQJ23A3PA
721,854,four____,_____170,xQ24RbDKKIMUL2qd8SeiqsKs9I4OJNmGOdZ5207dX6CrnDnM4
854,946,four____,_____170,xju8o4CwrgoZaIYqy6sK5ywjqy6I5X0Vmm1utpaZeJSj0IUvOArXKRg
946,959,four____,_____170,7EfI05sKsoo75EnXm8YrsB2O5pzFEm6q8PaLrJc1tbAsITftxEMwc87oRHZYxVj
959,968,four____,_____170,B3mQ6CvrIzMjCtyETIDeZ8ZnMI2TJwSzsmuDsoNW2rXUlr6u
0,168,three___,_____171,wxcsIX5RUt0arVYRP5BskzFfQv4ehsA8Sf7m12V9L8kEI
168,462,three___,_____171,hGWwsJtaFnXWXZ6PQgUrYtqPopxZbLdMKlX8d9DOSjDNI8jlhq1NZFcuby
462,510,three___,_____171,WzmOmDnIF7FfXYboWIgWkO3O6wx35AwjKRJMJVS5MuK8mda3cdNQbVEtGGsUD78
510,581,three___,_____171,nLEga4qK2VQlz8wRVXlE0Sajlyg9vKUFJL8Ypqin6Ctd7dY
0,138,four____,_____172,Z78K8EVvTvOraoMLm7At2pZSSZORYd0Ou0SFHAE0SR3AK3GnMXi
138,164,four____,_____172,VgV4iFgRe5WdKzhKY0Rhr3PfTgsHaMUKGuXiE7TJ2465xlLCGZbejx
164,224,four____,_____172,PhWszD0sZCtK6tLB9tup2lrUkjuL4DyDK3OgcIY5zA
224,353,four____,_____172,qt7DuGYhgzuXCKUvlG2vSwjuJQJyFzmkqgJuiAZR2UpUXr
353,504,four____,_____172,KyObiaFCnbRM0J4hTXl2mji52eZiR2SqnHD8BYQHxsQ
504,611,four____,_____172,J89Anckx4OUCJao6gBraOds6tOEQFL4oq
611,852,four____,_____172,bHCZyABWjytKYYYedr2ZUJqehZuJB6wFEowbp0s9
852,889,four____,_____172,vprZpnE9rS2rKW8tBE6qKnvRjwCKfW8h2U09ImQefcQivLF4ohECdX
0,19,four____,_____173,MSrzourMciNqnZIkIbBBkmnELEMuMYi47NODdFtDvaaeby3TZUeOpWhn2cW4z
19,348,four____,_____173,9vC6HkkyxBiSJtJpvzVl5dsYOodg8ajd6DXe9U45C8aFUF
348,446,four____,_____173,fRvQKkium4uBpd93AdQKioAR18Pjy1KyYp639ra
446,627,four____,_____173,ygsIkSDpLGZj3RYJ42B9zfriAeTgGG4FhhpWimuiHzBRIgKlvgQWub47GKiz1m
627,782,four____,_____173,sWu6PgZ3esBL3H3mFmBwZzGlhUe8T4II
782,809,four____,_____173,0ujNC5xG1SepbKkJljwDVFTsYVHEwn1Pku2y1uIHeP7vsIL60FBeATQltnXmo
809,853,four____,_____173,q7CpDN2JtVLC9LP26itMyedSHnQ9JEZHm2RZZFWOdnZvkCmzHS27X9
853,973,four____,_____173,0t00GzlW76b001YTFP6pV4LaGv8pXvlePe8CVqYpVM6Nphiswo2fLp11sB
973,976,four____,_____173,Rab3XOlpOGLTdlurbEYxFaaYVf55nWL99r8FrnSfLnaEbpvcJvUcgxtQAUCihx
0,54,zero____,_____174,uZRSmQedL0O0oW8Lb1nwbSsjHvHI6nDUnfESkUvv1Mdeogylj3U
54,175,zero____,_____174,4L9lZbqGLTsqOxAZsyKmN5pjmGEtonPgm31PrGIPLycdcVEC72IXW1o4tIxp
175,557,zero____,_____174,n5ZwPau8vZQa67VWie8oGcdVl8f6kgwbz3tAa4h2cNO
557,776,zero____,_____174,AfHa3ZAMyI6gOlh7HPBYHEqpxOZxMHcZ8tLp6qlO
776,917,zero____,_____174,C9pi1hB6H51V2YY6SMNG2KXhzVm2It7N3qak
917,999,zero____,_____174,XKksTAh961x6He0JdelyEIEIpIQiiUgZjgo7u3sgvezTqpOP4yxpH
0,267,zero____,_____175,d2vwYskACVgtg6xUb3EyNkRVbMumICu3rSsu6XPnPmSQ5JZMb6OPsQVw9vt2
267,343,zero____,_____175,UM7AEQ4BsLVHzCDRtRLFRYgohKVl90mhI7YWXmwD2
343,425,zero____,_____175,NWy5IRqhpZ0fv43uYxgZ7TVCQfAAix9VT7THTkyD1xIP3qOTfWyO3UD
425,446,zero____,_____175,Crgpu8NXq5wfV9Nm5I0nVKTmCjeyzIzYcCTpOVSsJgUb4BGFejZ0MNdm
446,487,zero____,_____175,0uFm1fAFMIld5LzIO3dEDOiUZgLTIO5PWapt5y1q3gLWQCfeHCLm
487,499,zero____,_____175,UAS0xFojkX9nowCwZH58jUcZyplWuJm4XiwyxdrVff6QlZqmUskg7D2V2KvmRuG
499,607,zero____,_____175,Tjj0mSlbUbf0WtuwRnVYqKsa5j8BFeBm5Ki6KA4fIh
607,680,zero____,_____175,A0bP2DObFPCQJOhFx2vMjlEIm205TTfAThK2
680,703,zero____,_____175,sgAoSBqcUPTj4wqQcTD54CctNEOgL4AEvN
703,736,zero____,_____175,WsN5yd7uPxUNrRj6JNouDj7EoWOTSg7PbBLXMYkx2yQ
736,853,zero____,_____175,HBBDQR87Vm0Kg6fi07J1t1R8LoBvTjUe
853,885,zero____,_____175,sb4Ue6gZjgC6sFdaL3W2xmTKbzPGqwSmDTwHFOFBIGRbgGv8QbwMSAGVjY
885,938,zero____,_____175,x9cyO2b97J3GNKkrfWUdFywQR3O0sm5iP34kDiZ4bg
0,25,two_____,_____176,S8lkXZSOxNuJNTdjSfsUWmsls9zvmq2YcK629iPtfiFLlJT3YACr9r2q
25,116,two_____,_____176,6yQZo9wVlEAltiziyCpsYVSpe3zXgvYrun
116,414,two_____,_____176,7XKHCOFpd1oiuQ4vKw0FX4e7azm8D6kyZKEWqtx8AW0nrv7ZEmYG7f70BQO4
414,428,two_____,_____176,PJHDeGbDg595urP4Tuzw4xGcU6t1jy5WwlHHqyOaGHJdudT41ULqZyZYy6rjjr
428,450,two_____,_____176,Rq5d8dpYRheoLyFl9yUiPh5SpOIMXvmvUXKeJjW43N94hdHKm
450,635,two_____,_____176,PbPvIkYy3dllFxjpi6OA7OK6rlmwbOzF8MJfJC8C3OfP4MN
0,489,four____,_____177,gxkNEJyCtWrqgm6hctgkM5ejG59pkPPqXaM61gZVDkCtvAF4CeA4hzyYq
489,609,four____,_____177,jL7LsUmOkD115NPlyAZn8v5egP906Ynm
609,741,four____,_____177,HI8gtuXA42ee7OHwp0AszGqDd96UGtTeB0BbxS7OQFGNPCWuLDpp7KCw4LXW
741,824,four____,_____177,cKUTWUbxaHw3zqfEmJoebCAwAMm3LhmthBIoGYf2wts52lFNPkpXIsQU9
0,29,two_____,_____178,Ic0QTgyjofViOF0JFpE6iT9u7l1gALHK8wmv1Bqdcm4
29,258,two_____,_____178,NqwXHh9cOQp7ViuiuxGBCE0jAkjQWFFARQhKojL
258,261,two_____,_____178,kL7bMZRuXOqSxBplKJxa6ssPrSWJ6FLA
261,271,two_____,_____178,XGPYeBnMaQ670DPvF3GuYdBaakBvNcCLDZSIfq4mFEN
271,393,two_____,_____178,5M42YmfSRCPJjiA9tEvPwL6HIn0utHFy9wZBloxG7skq6vt
393,595,two_____,_____178,xAyYsayp3BEAqPab4X8HzVG194HK8H61vWvH43MHsWnXC1PTo5pevML8f
595,693,two_____,_____178,SLLBIGNEtvNRZwY4VLHyTYMA8cbFYW4Gdo0pbZkrMeT20
693,716,two_____,_____178,zrXus6pgeEraEpxDXsrr4QISj74mGeU72wWrSWyZwHfWgut8DVKNzgFe07kHbUq
716,795,two_____,_____178,4pJTznusy8zeRJFN8QM6LpRfnfycIzDyW82AtM9FIdMVb0Tiy0p87NLveI65H6QL
795,825,two_____,_____178,cdoG6fesgDQjnf1VMd86k4HMypeelfkGJy6jiFy0EwPaXGcKyrayR
825,827,two_____,_____178,AdWaWxQpCN3nHQusgYTIyk01ywM4jwbpRqXMk4ZpD363KEYkxznQG
827,866,two_____,_____178,8ZbHTHCj4LK110fRbHVC40VhmgspFCmZXJ
866,908,two_____,_____178,fcikqVdoBXRmyyEny0u17Ssdv8cnruKWlaig946Jy8zoyn
908,999,two_____,_____178,yZ5LKoRNEtruUsS4JPuTx4Fd1donClDDjVeY6ZS8qdCiXGsczRASKtQeqebk6SoF
0,46,one_____,_____179,vmTdzvgMOYX2BjuAesnyoRp6Ftei02qEzXZbgqeu7ZFnI6UzzgaEg
46,67,one_____,_____179,0SgMqyGqWnjFyNGxq7yHfsojgV636aadJtKStbdW
67,239,one_____,_____179,HqSBsYvEsXIPCVWOMI7W1k6ngBLKJbPHzl4Lqn4zPm0oXeYfUQM
239,250,one_____,_____179,baAv57FRtXAY3TqzFqbJMpGpTHP9pp9QIgKYmIaVf2mqv6EcWx7t34rTb
250,285,one_____,_____179,wqJQYVoCIL27rgKo48O4l2hNaERO8nWuJGDw7wXqJZbxWu9A
285,430,one_____,_____179,ePnblYfcOl69rGPBEocD4DZkktKtSOzC2wLcyom7Lyze7RvLtmZCXc
430,540,one_____,_____179,LKb2l21QO02hbseWL200LaOG38qqfsqerq7ziDmwKcTkFWmFjBljVjjLe0g
540,576,one_____,_____179,YuYfFvezn0E2BnZnuVB32JogoKd20zNcRMlPaJNSO0RpLtFAp6kq5Y
576,638,one_____,_____179,ml6z5AvCe8gUhXn5YPo5AqED9gPvplYq6EE6KWJuEd46cRLp0ms8KnkO6u1
638,903,one_____,_____179,0hT4cwLJXwDVyPmZS9s8zIeifXNgnn3UlZxutrEIxNZ7
903,936,one_____,_____179,f3rZvwbYxfTtafbjWMANoOCarcx3RRs1Y5c7cx34NB9KkpCz6pVnjegsf3WR
0,56,zero____,_____180,TiO0HRGLiCdpWIhIqSqAmq2H3agAShk1u9T6gEIQ0y
56,296,zero____,_____180,aagkeI1qadlemkqodw16B5lyUn2tB8f5ro
296,302,zero____,_____180,YMxxI64EATHFvyKFaFdoRp4r3sFaCZJDHeHqFCcUjTjN
302,517,zero____,_____180,B2psQwNNhzqHcV3yClYIEGEouaP0q8JmZxoNEaJGUga9
517,518,zero____,_____180,JibRkciPZrHM9gC73VFCyxh2KLFmeRBpKZmzpOnpdInMhIxud8Ko
518,550,zero____,_____180,9RyfXGiFcfN4DVgIvOzk5Nw4c1zUu4CYyxzFLPY8zpbzjcXRJSDZjYScB5H2yZ
550,656,zero____,_____180,uXVzDRVSM0uLPqucHRktzRvCKpSm0vYlIGOlkbesCxESsFENMQciDyU7Yx
656,664,zero____,_____180,MUXpCzzal6q69OxLuGKKlrEYIA1t5nW3km3mxErIlTsGmsv0bU
664,690,zero____,_____180,HfBR4toTZ2YTnvZHrjc8dkehBmh9VK7VoseQjhzfh1i012uXLBkXaxgDHWfRP
0,73,three___,_____181,Q29jJZ1nOCze5W1NOWUfWkR0d61ROVuUm1GXNOkoY0
73,75,three___,_____181,QYfeMSecuw6XSIvt8rk10zPMUyDt71gF2yNQLf
75,475,three___,_____181,dNMKMzjgoDWUqdficknmiwP7zG5RZjofcM4dLVfDh
475,547,three___,_____181,w8cPgaC2FxqZbw5Rdfgb4ZWiA7FO6J0wdZReo6iMnZhs9CSW0Z3xKaUp3d2FOrZI
547,633,three___,_____181,rnPAnht1w1eWrnIf4idfGct5dAO0snnTFCMHhst
633,665,three___,_____181,1WV3YwvOrbRzbGkuF6nf6DM9C9fhtLGG
665,754,three___,_____181,fV4RAx8kD56s5zW3gbzTMGn7jQEzclBdKtgI5DbKz0UsRE
754,888,three___,_____181,Hcvyp6137Glu4ixA5aMVUXXqTCKRHRYULDfG3TlXabEaQ3N
888,920,three___,_____181,FQxOjd6ruHmzNEOZIeniCB4sxRQSoFPaHBTtMdW7QV
0,356,three___,_____182,m05HjQyBqx2ffQyRMcrgKPGFp19IxROtZ1lVba
356,470,three___,_____182,2sABH3qM54KsafRac0eObG64uEl9EM1R
470,478,three___,_____182,rG8MJPexL1Z7zOqV1Tdc8IsPVId2XtRP22UZdwRRPIDUzH9tQweF2eRj4G3Z4PTQ
478,544,three___,_____182,1TgN39MTMUWEdYhHzG6ZmzRBI9v1AuvTCXeFN8PjHjRe33egwt9cQ
544,563,three___,_____182,e0cELAQm6VWd14UPJMX4yIKtiqVnpcFoapv5Z5n
563,577,three___,_____182,AWsmukKtkNtehWtdvAqvwEkjgGR5yV7Hrhfx2I1SjWk2gOinYf
577,595,three___,_____182,3hegAQEBD6epoHv6N0p6MHgYIHJDO2hN1vdRDhMCo3AABS
595,725,three___,_____182,XIiGbZlvIxYR2qNMC0OG03BJh05CX0LmsCgIIAyAKFPoW6d1l00NYyCIr0O
725,773,three___,_____182,ZZaDAFkYKFor9GJdPLTPx1yDFu7Tvai3aCGl0Q2ZoNSvc6rldFOk3RuadGiAdN
773,789,three___,_____182,vs5AOO8cChV5mj49n091wRmTUuFgtMsJovCWTWA18obOBKfJqhKmMUQ
789,944,three___,_____182,4xAU5lsHZiOBbCH3CMf3xxUL7gOVIvcfZNSaJVXwm
944,958,three___,_____182,NAGI77d8Os4yEsIz7rCEkcDhoQfLT9itm512HxUJKy8IKpGAFWst4npkTGWar6X
0,90,one_____,_____183,eu3si1gIzV3RgtFrGBMTWOjtPOgAlEejrKTW9UyOoimptRaoh
90,125,one_____,_____183,Rss9XNmo8HLUwsoJZaPsPFBJUasuU94JUjGnhbLeRW7Iw
125,148,one_____,_____183,USg875u0wIuczRSlkFXcvyFMl6hJQmS4Io9EGJ4
148,170,one_____,_____183,8Miopeyb9JzrIndTgKKY6PX0yJcjYZkocAherioGk9ZQ0dWR1R8YA
170,256,one_____,_____183,ZmqbHD4HMSBjwnNJvSYNAVp1uYr5dsbOQGC
256,270,one_____,_____183,YqooLoYYZ09AzdboV068MnWWfzJlKNQdq2BwINp
270,337,one_____,_____183,m3GmGuac2vZi06pl2AfXlgydXRtxyeeOKsG2eTGoiRq1J
337,499,one_____,_____183,HOzUSEbClhjtn9aswvQ9Px9fabWUJ8XbV
499,651,one_____,_____183,8mrm4OduW59rEO2lBlNhFt7LJhqAt2iRoopE4h53XjCVJbw80foJ7RPk
651,752,one_____,_____183,QjZShgs9POcH81hDRwt2BPb9SmKRXjQyuET4N8cbLIbU0JwvxyM4
752,889,one_____,_____183,qs5seW242GdR62iYSOLAs0fZL9lTcfCOP51aojUw
889,988,one_____,_____183,XEHg349NvzXszwO9EGq3YaCPNxGT7qbXN9Hm
0,86,four____,_____184,z0R696xmroGgniwAX2zs0V4Wcef2glyTCenqN1BoXB3hAVdD1xeKn
86,188,four____,_____184,CekRjo6dGJtmyUhjL4oPcpNFzTJ93TF3AqGBch7VeqOe
188,191,four____,_____184,kmR6JCZgHbguBPSVMZuBIazvyBMNhI7zMhVRpqjDJcyWrOmXBkW
191,280,four____,_____184,VI77c6Nri2v5HVbDoLnH6ra2Yf84EWkmPQ0TyANa7Mvlpw4MyiKs2b3zbiWh6jN
280,355,four____,_____184,CTJmfxIo6BQKR1nR5zVoSuleVQa2PlXl
355,545,four____,_____184,YfPkLXJkiqSK059m55I1eWdumyBeZgrLxl1VG1xGJRntrqs2sQ
545,578,four____,_____184,mCuTUOinNWuN8wVA6qRLaZEaSh9eo8Dsqxf4nUSpPmc
578,657,four____,_____184,FCMBV57qW2Y3ABsFv7ou2BjzcFJtBaxjRkcR7lacTiDTi5SVA8
657,863,four____,_____184,lQNk4sIksxWyJwTo0ssVOSEAJzQp9jZZz54ePW2M1hIelwKX4eqWkH39q
863,872,four____,_____184,bklWjx747lnn7EUOX58lB2AMtqbZ6OA2ypdnKsV3sW6JPN8Nlg6xuKMykjXqBKdP
872,907,four____,_____184,RZzSJlXttXl8bYVeJ0WCFlDY2OitmWT5lHmdqZuaKfyb9eOPNJ41vmTSqi1OnJ
0,187,three___,_____185,8LahUE3vQPYmRkYoYIkXHjfvaoTa7giS39b641uHEilQCQPt6uxBlS7x
187,202,three___,_____185,cftXKry4Nv2PiIIAlDPqHmqt4hATyLajx5rAi
202,279,three___,_____185,H1nMvuoN5gSMB7xFDzeRqjN7WRDJ8jldLBgQ8OVUbYJBufrf
279,521,three___,_____185,nv1V1qn95LPg43xD24bYa9VCd58dRWxjtL3YHoE5qOAgHznfkAr6ax
521,571,three___,_____185,UNIOD3zlgG3KSbrx8NX8SCoe2RDecIp9PPYvQMKTSrj
571,608,three___,_____185,lJmrDKD8bpTVQxZexyk8Lctcg09RZlx9j3FtOI
608,622,three___,_____185,Y66TkY5KzDcS4GZCoRmLgvloCPv8CGGIj37YZYqeUiKlx8Xx4P2YCCiZSER
622,628,three___,_____185,vkFjpIOdLEJGvMzVSPyCGWK5q15yQTcAZyGBWLWn0bn3rA
628,714,three___,_____185,Llx3M5gfu3pv1zzyulWIkWH5zcF4R0eJAQZajjKGdZtG
714,729,three___,_____185,B777Y3AO7CzysdRgBvvoASvHmMa0dr5LpYaLF
729,740,three___,_____185,lMgdgVeQ27IS4Wj8zPk8JHuASFZTN45LB2xXeCUMfFYXvv0p
740,846,three___,_____185,gAnWKEUSgRRZCZFhIGu9KhcXVoP7tKEMeJ6pBLUgVie
846,898,three___,_____185,2070MnySVaOCbp6UbXux1AaeMbpAW3JbDvSizD7YI
898,919,three___,_____185,ARXSBpqe0zuQp8gdFGI3eob216sHXcVcNBA8NWTX1xeRWgDPFlpnL
919,969,three___,_____185,2Ea88STRl0sBrpbdlmZe8JD6h8LpDkMrrensd88S4NUh2jK
969,984,three___,_____185,ZAsr46tGpfIGfcLNHSYDkr5Jgjh3ej1A6SRblotxSR6fkxxcBY
0,19,one_____,_____186,wDp6QWm4W65oaCsINlewunK0ACFPRRC8SOUYDZyJQL10fMCnvV7xq2uDebDA
19,22,one_____,_____186,xXxpUqHarKwOSbBp2TtoiC0j8VxCQc5ts9Xdx
22,163,one_____,_____186,UxFmYrRTqLBzHn4s7bNLsk7kd1Z46JF1gBPOs99BDRoOfNFkB49aFZUXLAwBoRFO
163,385,one_____,_____186,xKCa1cRMTzhdwIxDL5RIthn0WmXpvRhUZS90VRQV3NgrIYo7GreT0F
385,614,one_____,_____186,TMevSo09z9V3BCii5LdVTIq6CG0nzDrmA6EIdT
614,984,one_____,_____186,EYep81b1QYzKvVIb9GPfzHhi8nca3YEMQ7l3IYrpWTzWjF7Q3OEc4A
0,165,two_____,_____187,DWAYRaWnAOTLYecjETvNQbT08tFVzJZkepIc44jQ9mpZ4gG2a9excMb3vLHAsLl3
165,280,two_____,_____187,MhUBL8duhvhuDvUW4ODstvtGVvsWd8cMOEabbCbaY82lhdw
280,340,two_____,_____187,yqbIBH5OLKAieFZYWGgTXtVp4tkjsjJAlYNTBD
340,359,two_____,_____187,rZpgBLvrS1K06mGcPG1S9oma24bEC72qQgPAlqVWxn7
359,435,two_____,_____187,pzGqOUp9Gdo5MM6QEyBVDeTQIvAZFlZgxYvaRvs9eG1DDUwAj41jL0Uql6fAS5v
435,442,two_____,_____187,tHqNOvX4Bts9slXSHOm2G51hpM3fYhBHUsIpov00u6pOWH
442,613,two_____,_____187,uwsWZQFWo7WuEkNGFsiTwu72eHSConVxh7vteePCDOBFhkgf53o
613,764,two_____,_____187,QKgQqIgFFrMJ4RrwVHUILvXLemSbRHwWl2BULAdlFGHGiBJ9FH6n
764,955,two_____,_____187,40YcFcUCLYSk4jg1X3uzlazV1EP6aptqGp6G8KT2boK0QPOqnM1rSo
955,992,two_____,_____187,veKbWkdzEOx2DIJ9MqD3m5pFani4gi2xmvLKaS9jXMaRSCx
0,238,one_____,_____188,67sPDOPvaVbcnV7eWH9C3oTTOhxBvkXRezkv72HF8SBIelb8tumWMOoeGYXWmTy
238,240,one_____,_____188,70o0RFZ6AFuGVg6f3JolJguB6mkabAkXrp8CTX0Yub3hqTq3ODDhZU
240,331,one_____,_____188,kw8bUOCtpYpGfhJ7zoTL6cMmQzCQ2ex0tv2PgIMbXc
331,408,one_____,_____188,bok7vQGOXIE6qxLpHIQRRVViyfv0NRq0J6cnrwEzC6kZvpjAD7TXYaT
408,416,one_____,_____188,hVV5EsnXDlBBnwUxCB2iXqa9GpjoQ4lKAiYKrl5GvvW5ZYr
416,436,one_____,_____188,J0y1Rk3HVbBwocEMCj93PZF0Q9w3kbdmxtrXvguJXEUxoaLrgXGe4XC
436,511,one_____,_____188,X6tz8oGAJdxNEotXQd2j9jcu7QeciPX2r7XFtjDCRm0YRYIm7impEY9fRWn
511,643,one_____,_____188,hoR7sWNoLfVJngME6QRgDc0lOyFtDhTComv4X3Rpd4uTXKJNYmJK5L
643,743,one_____,_____188,Ww4FQwWr3GIVuZ1MiueItMkmsrlgc5qWknvAC
743,793,one_____,_____188,D8pTEcQaia5NFGIFmoSluo6gtitmTelLciiWvWhfyFkrupPkG5DPvvkK
793,850,one_____,_____188,3z94gpT3wMh4JEAPMMCcwwWs2P2Rq5SO5Lo0fjp
850,851,one_____,_____188,0dEzL7SX3r13l2qBX5YVWBXD5gX9I3qCD9I49
0,121,three___,_____189,rlVrBukmWdVJWcF8n8OLmG4cnn3M9Njtw9jZljfAW4wjCHawc4
121,133,three___,_____189,S57qz8QCbYy9mOJDkE5gcbcSK7MFvDwdcVzvqbcR
133,186,three___,_____189,WHLmpEly31U6q5DFJE5ORpbTgWtzHZ34SKf6Ic2Q0uU1lNZRYXYKd3B4HwTVZc
186,219,three___,_____189,8UhpxE9o9WZD5qhTkRerZJ8vhSa1MjYWlkID3e
219,250,three___,_____189,9eIRpIV0aoHSB2CSiVHNqNNAWN5lCl5isRb8P6Z
250,283,three___,_____189,LEBVrzLp2C4ORiM2idOlRu1td87zCuT1jA4ZmjceodIWfXjN7pMzC
283,407,three___,_____189,7mvqSEPLU1i0466Vh4A06Ai9oBigam7DGTXgwKKqK2raqP44
407,421,three___,_____189,PKHxZYoiImmSnf8PgPCfxXvSC9RcEytFvB7Mkqrf38k219FrJ6Hi
421,446,three___,_____189,NfF9FXlmb7lxYAPkSayJWaPDVruCFupZQfZREI270hKkxw5
446,512,three___,_____189,arCcNd4gMLuvh1i4qIYjOHKNr50p5ZycW2BWK1IQxZAt0n5ef8YMd
512,549,three___,_____189,MZFZDkPzGEh6UBfPA8YP6WJ9Gt0kWllEK9M6Z55Xt
549,666,three___,_____189,0FdcR0tSviWffu9OuwBTC3THmBuEjbVVqWRRDE19lkOK9rYE
666,698,three___,_____189,ckMZfTgORTBAY4Qjv9cY6XfX9biUDrChMLfXCDUfeXR2eOP
698,745,three___,_____189,hCD4RcnxGsfI0XKPo8Unv4KkkEclChevgJ6l9NLaO84ABBDKYkk9cXLsVx1IM9
745,818,three___,_____189,HfxJkGh9IX5FGKmXvDqDASuH4mbl8yEsMQXUIF4WP8HW
818,895,three___,_____189,GfNNNJbpYMWOrABDM9sShMS08CZHOfwom2aVlRLDWvnG8Xconk23LPOJKrZf
895,973,three___,_____189,dfsXwkJVxglSyFHoSJVyyIU9mBmW6BaMCc2LL0lkvTK
973,986,three___,_____189,z3X1xTVd7xEbWd1KJUeAhuKpuH5Ok8y8RCUGXaC1PufwwRzo72uT
0,47,two_____,_____190,WlCnVAbK4cQBVTIyok2VymZAqJkvoIE3Vo
47,61,two_____,_____190,7t64qIjp4CqgH60eZ9utFUNEHg9InPikJW6Yr6ohr7I65bgCLnQHF1tIWAwFsd
61,80,two_____,_____190,yUscXwonE4dGT1UiKz336DmrGiEAFQpL
80,310,two_____,_____190,Hg6qlaL4hoSJcjEVyJINysaH45Fx6sIMmUoC50Hn
310,479,two_____,_____190,uhqP3F22OrkNYCPzIjSReMbjStzjLbqMr2EJynrLsHGBz4sc
479,487,two_____,_____190,nmHqBkrBeNx92sS2SoP3sUdn3VndUsWXy3Uv9WRw5JMZagc8cKy7sMWshIvWSk
487,510,two_____,_____190,onGImDlWDDIjKbyXCoIxbuIGTH97ecYFHTH3cEsx
510,857,two_____,_____190,LYf2CIRHVSjcJ3hpCYclnNzIbBwxqYhCwjB3oURMmpirgFMkIPt
0,37,one_____,_____191,Dtay8FX0vpJxFxT6m0BsG31ubD3PL3BwfcJwByNmCHjfz3mja
37,99,one_____,_____191,iictHdg3LL4SrHQKl8Roz86vE2AoLBAelcOVK1
99,158,one_____,_____191,a6HWmuhpAYXxeN0jWmPtcWSPezc7hESrSOhk3yV9RWt3X6hJ2N9u2Cvxc
158,267,one_____,_____191,PMeG5dO3FTT1M593Ua5Q4q0No5lb46JpUQeSALI239
267,297,one_____,_____191,0lII10qfYEyRUxcyTgnTNU29UTP9Mq8iu9avPKFoclFTGu4J
297,456,one_____,_____191,NRVqRwNBvGyuf5QoKUNX9BuFA6N47S6fj4XC0P4d
456,874,one_____,_____191,Qan3hnpgmFkBbjFQwK2phdErbdFUTkEo5ThWPnFtOE92cy
874,877,one_____,_____191,j4LgFO85vaexqr0Kffvc2CWeJGMJsbwTsly3R6uLSfhSyB1FBo4IDAacS9uifd
877,912,one_____,_____191,KvmzB2V4jV0xPOZdOne8LMovGRpng9xXxA
0,40,two_____,_____192,CxrGtDglJtCBlAlXHBJErE13mluwQLlxs3hPiuHNodt
40,305,two_____,_____192,0z4uPhRSi1LT01P2NaS7ScuBZ4ThNIxs5tiKS8X6s4Qk8oYFX9gLD3
305,321,two_____,_____192,XrLbdsdffd7UxalffbUe6FjNOOMF6YmcQN9IRmRcvv8bTV4VYzLJ8i2
321,405,two_____,_____192,Z5Bhpq8g840b833MnExGqkKyBI7PpCXJcK2xmnOllDgv23TCDtCoECvTBySRhmDq
405,545,two_____,_____192,hOlFHfZ9E9yagkDmisTnTbIcBC6XrFS0RW0r4943aC6wT4f6H7yw6iTYgyCp
545,791,two_____,_____192,Bw4CfK1nozLBF9mA3qRTvkIxzEjuV4oD
791,803,two_____,_____192,COGnjrUtUa6FLb8Bu06u4YLxH4FxuNi77t8E1a
803,975,two_____,_____192,uP9mOmqu83SpKtVpZlHQ6YNonNxEvrdOBp
0,25,zero____,_____193,pqVeaVsAvn92efucQt8A0LlGzI0icwpyaID7XnYI19JueIvTzsKm1k
25,83,zero____,_____193,fU2dr7Gz4ndKTV6MhfBj4peT9nJQIiIyiBhsJvJicaH3uMAJRcpwoEhQ8eAJXyiO
83,227,zero____,_____193,bad3Zej5zX93O1ceiV1ugku7uTY427TqC
227,575,zero____,_____193,TPNRL2A63zNz8jNVEMNQ6WVjZspd663Hz3GJJ4pqzFVAIw
575,661,zero____,_____193,qUUtQ1zL77HCU0w5kMn2s2gw97GPPNWJEkKon6f1OjuWYAcmRiy2aTnIod9E9
661,811,zero____,_____193,AF6Oaq9dgjNMddlQmFkfWlhJeXmOlVkOCCRoLy
811,846,zero____,_____193,jdFrcoz9wqzadKQ5jbGWyV0cQNE0xWnvGa1AW11rCsyrmmasHeBa7
846,861,zero____,_____193,pTyp9dB6zAmZ3qEIBG5PjDQXfo9aFcTZWUKvlfUgw28KMxjLPrTMS4O9tuwxs
861,894,zero____,_____193,kyssWOCBJBL5QHzNn5n12GmeX6QGWntIbebPgZOvDI
0,476,three___,_____194,LFNssFQpLnT9IwW7cyPv0xo4VJWtNJ5XDTswRhoppZEr6bQqzE1Up
476,615,three___,_____194,h6kDmB8aoiKLQZOwZQlYgelUKZIQyruVzFp7ZdK06GNOxwW
615,647,three___,_____194,oYCf8zDbAQFWvWLyOPXlbqCef5KlAd4jNgMrUsQl64sGfYk
647,694,three___,_____194,awQip13jdZnFAYrUKZd3VAd9hdVLKZ97MdDQkoKFARuZ
694,694,three___,_____194,XG92IMroUdkXJj31hzOqtvwF0zCHs0tXRj
694,810,three___,_____194,sxmhQ2KbaYQRAqEbdEG0uxpvMUmrirtPO0zkdBPS5W51qcOWMB1HC1AlXUt
810,936,three___,_____194,YRGENK8zTYOD3K0YDZpc44DxbSh0jWe4xnvHZ0MQNaLnSiSzT
0,174,zero____,_____195,DWvo63u4BHmK8GH7s453fhTAbB4gxNL722KJabg8JSc8w
174,234,zero____,_____195,aaQNiFpXUjOeFPm4Ix78tsajE2aTIVUhBKQT
234,290,zero____,_____195,YLgfA5jAhNn7kHBlr4zEk3a90A1TiRhCvyfYG8qDjh8GqxYymrxO3Vvl
290,304,zero____,_____195,q0jNDJTd0jogkYj38MsNZLcMQOVAau5YPzrF2J
304,338,zero____,_____195,5vltWPDJbyPxitY1x5Ikz0EUCRK37qHtlspRpJfR7NgQSmFAn3WKnVvLusb
338,389,zero____,_____195,w47P53M99xQnCuSAMc7x8mIS6RvHSLJ0XSZ5
389,449,zero____,_____195,PZ0zyb6n8LkmBlIRdZ6LYYn4R44S1MVcq6xDczuBv53gSmEv7blBzLTzMIuKS
449,520,zero____,_____195,5VQAQDSvp4Ytlyr2Av7afXi633yCZXLHwfMHM0lZRk5c
520,783,zero____,_____195,S179JIpZij2ZDR9q3kmyDFS4DCz09k17y1cApMqmFirhluqb6y8qX
783,867,zero____,_____195,EqFDruMtO9q5IspPugTNhT1C1hIzh1I4umx571s8XE18DCm
0,59,one_____,_____196,H6Y4nLJLIsVyrHgcJW1Uq4jwC3Z2Xfv1uDLG
59,106,one_____,_____196,Du2eMs363qqdkGduihkkOg6jAGcg9PzD8NcDBmc6hJECOoHVk4vg2LkjkYnne
106,289,one_____,_____196,0vajW9hsxnZlovSYLCMC0ECGvzBvfH3u8zPKc5FPaiagNfVm6KCBUnAsqYPn
289,388,one_____,_____196,6W2OKQFVT1oaly7VIw4zdxCdihT7WeWBEmIMbjG08B
388,440,one_____,_____196,OIUldfOUAHmDUVin3BehVTeVsUets8aY5n4zqDiIKHrLB1N3ke
440,489,one_____,_____196,7dDudEqcQu1N9cIKWVVS9tchYPsA2YaGrLHtsswMNR4OP
489,612,one_____,_____196,W4FxXuBt9ilpwtrWM9Sc8DXJj59zR6a0sGC68yMDWmlmijuW68OFmESc
612,721,one_____,_____196,nqom40Wxpk1GKMlZYmCbATDWTBCFUDZheBdaEZs6DyzWRcz70iGbGV
721,831,one_____,_____196,QkvfWplfmeHZXVOScARt0vt9AxQs9mXzuT2oOCgPs
0,157,zero____,_____197,6sSALVke5WrsRTIBFesEgSVz3UbfyS6QfUZVzIMwMJn6ndAnSrjb3emwV
157,298,zero____,_____197,eEH02vUxVVFGqrfmRYLbKIQMoJ3lRRvogkH4r3LNFb6orFUJdhF7oO8qL
298,319,zero____,_____197,x6gxOgDCdZITkiKz24HxvWgm4pb4nHFmCFEanlfDeYC5O6K3DwrBn
319,333,zero____,_____197,XOwp4tjyZfcwEHbHGOxRusD8l1t5Wk5xREHSzxB7cJSfNHRwqPIXjWZfQdX7H
333,367,zero____,_____197,mR7lCzam36qEWvF2EiIDWHZ499q0ELqtsEEMUDUrteYLiSxS
367,445,zero____,_____197,iHccDkfi3Eqy5JUGHzJB3M47fLfmhwVgVvkbBmx9bhKFF8U
445,476,zero____,_____197,fLW2fJKnywtCf8CgkzR5NqXcRkTA22IuKB
476,680,zero____,_____197,2dXrmTOo8VQJjQbLvGz12nJOvHz3qUBi7uqVGV3Rf0lGzQPA
680,799,zero____,_____197,VKgaeE8Nk0AO6aR8BOfCIbGUR8V4Q9DcvRIKUeXR8vzmmqwM9DzJ
0,161,one_____,_____198,tNDi7yUvuydCoUb4bglCNEOHD7HE7BYhhGyACEyWwgQPJLB31z7nGj3JL
161,203,one_____,_____198,8s1f5uENkeqEp2DcxdZlR2l0NSaAEyG5
203,407,one_____,_____198,DDGGRdhxlXlg6Wnv4mUrnh2uM5hysFBJ4EccYvTKufJsgxHi5xk58UlsnXRL9Bi
407,513,one_____,_____198,1vQjfKEyeulvk9wJQELU5p1hmXSpSDDLmbWGVrkLTYZqYckW14RF0h8iGQ
513,602,one_____,_____198,8N682NNGPx35ajuZd8NGKRMm4WtjUMGH1sj
602,663,one_____,_____198,O2NaeX9jwpcAjkBUY7vTotkuMemJNGLPyEnAPw0kfIitBbrJz2g9jNFLjGlAi3K
663,698,one_____,_____198,AfDiFoSUrpmp9gwcx6ro4fXTuKlOjgzsM7KDAACX4LjeTCHDnrRbIj3O
698,825,one_____,_____198,Wdw4AfFXaXnkUqoQZaK5HKRmJ47GDbiVQypKSo4kbTiOVSGODQE4ZC
825,914,one_____,_____198,xNBwenQMqAZQJ5ENcfCwl8DavjXhylQJxsUhCWiZ5HcFTD2c1IXsOZfHgxbK
0,91,two_____,_____199,wt9dMS29hv4PRI1r7JTt1eiF07W1bzOVPxYh
91,93,two_____,_____199,oyTfQjuTkSGOb03yftOE6kFMpUe6TP9iOq4XaX
93,99,two_____,_____199,2cXGYoJXkxyg0vV9BV309YolreDX3SH9n8aMJ5IIgCFp
99,113,two_____,_____199,hH2qnnBVpsM7mZa7pyAtrNno3cQOTd9ZQhMNaAZE
113,411,two_____,_____199,rhreB0fOGpMNINfXPZVpJjYlZ1YJgS1DCpmSs5KOnzHS
411,490,two_____,_____199,Uwq0VZl1tHVHfVnhdb5vdHrF1zPaoouz6ZHIE6bkaTm
490,492,two_____,_____199,SJiHfNk62CEalUK32cHHx6MO7L5raDmOJj4NTPcorbqRM
492,576,two_____,_____199,rX6FiHuzyXTnzCGLHWncECjqd1vXFcGA9fqCLBHK3SLhIJ
576,715,two_____,_____199,y1n1tRL3pMIAdMCjhyzTb3Suy0jvo47bLhQDECSgpFerlMhrCers
715,739,two_____,_____199,z3rTzASqZ3MqKrjDQFU0dxZM4BA46t0Dc2XaWxB6kdiR
739,793,two_____,_____199,orIhBQRuHfOlFbxQ66ezGMQByBGi0FFcz7pp4uVumd0cG3lv14YTugRCiY
793,835,two_____,_____199,VBuix8UZvR4sbdpspg73B4zHVF0td1SRUa87LyQT5L5gvg
835,870,two_____,_____199,T1h4WAJwRHrggRsV5PzNmeh8MBsA3Jm2Qnx
870,923,two_____,_____199,9Jejsmbtmq5U6D9Leqeo4bOOun8AjCtDCtk7s
923,941,two_____,_____199,ECAcvjs99Ql0tiei9NVqQxjZcujgMZwiFMtHNYaEx2zBGeAmdr8
941,988,two_____,_____199,jcBR5JJN6YTU5zSmxGJJWgZ858DcJwmWgmweBVFTn7sFeF
0,38,zero____,_____200,KIlCdF3c36Q9dCoPWL3laqSnKOGQj16xZjkrV9I
38,75,zero____,_____200,Yeb34mhT0mrzQNpKVFQPC93Ptt9fi4WUbYXuLWGV9UVZ
75,78,zero____,_____200,jR2H75o7pjEvMCQ9MIHvYIIJ6WZoVD1G6wADsXkrn6SGHXF9VWqcfbKpYwNhF4M3
78,375,zero____,_____200,m9CJOT77mYlHTlEWpesv8XSt32cubVaC7USuuiTI8TuN0wnuf9Nh
375,381,zero____,_____200,pPt0YZjqhM4vej350EToOPMbfZkFxXrhaQ5hT1PVavp4x5IK
381,488,zero____,_____200,HtmZ1nxLJVLcO8AHhe7sA9uRMQOOI0AAFbJABSLIf32XuwCh5RaPFyij6
488,638,zero____,_____200,dq4QlxLO74NhHWPko6P8nmlolLBnXEEmut6RcXF4zhXLoO68a
638,669,zero____,_____200,Xi6iGIaIhEJvCEn7T4j6htE1zBSt9SMKCjtAOsI9Gymh8
669,784,zero____,_____200,VybVnv9FzUU4cWthP5kHkksKmzmw5ThYKmJ4kg
784,797,zero____,_____200,k8o8KmIZgR8kVE7vu9u8OVge9ABVaHNjZ4rVfrP5nd
797,840,zero____,_____200,A9oR44kHOAHao4HzNX2YlhkCpzcbNdR1YbC3gwY7rm6
840,906,zero____,_____200,FNvp8ZyVXSFdzj9dTS84Wu4K9wXgFNQW6EZiCMLTfbS
906,938,zero____,_____200,fKMV4UZxne2QYIM2zlQXtMMtPhU3cBPh28fvuomVO6PcrZgoAttoyRgGeG7H
0,225,two_____,_____201,1esQIl84qMxM7732szUW4BXJFBWyz1zdxrCVYs2Oq23HVj5lkr4h
225,318,two_____,_____201,1Eg8dMTge7CAD5agCzfX6fxfKyTKep5C5rpAznvzFBm6ys
318,574,two_____,_____201,D2zlMmygZX17UN3ByAkaWo4bruGOTCwgRyMoCDtm6RssSQTbz75I
574,683,two_____,_____201,aZkdJMVUUw1unLobl4K7Ubq8vTz6I6nTedMvIUU393N8dNaCWbhbAH
683,754,two_____,_____201,qQkm1XCGlvNYOkU4Xbb6WfWA9sOEF3y22ZbV
754,793,two_____,_____201,DXqjoowBeCjgMTe9cj9dhIM6NsePRHaXtDOFH0gla0N0hw
793,852,two_____,_____201,06hgkif7ICO2BctyhBBGMYHeBr9Dr0CgyK2TpyZd
0,86,one_____,_____202,bbMqZYLcSpn040YSP3TR45WhGDqsN6Xjhvas6aekobcSwivUMoOMb1GtfWN
86,122,one_____,_____202,OkGsh8L9uX9lQ2mmiSVdeaFxh8E1Q46DbZVwK
122,170,one_____,_____202,BFVmDv7WCGuk72okp31j0ZkXPh0EAOe8IVQq
170,256,one_____,_____202,GcNhmKq2dofv5nv7dm0RQLd1u13iaU2fCYQYuaqYi4ncMahw0QlKd
256,343,one_____,_____202,feUTpporPPJ9xFJRetCov6jhSywscfmmJkKDAVc89iZzW32Ol
343,425,one_____,_____202,f0z21fzPNJM58p0CjOSDLMSCUQdO70PkM
425,478,one_____,_____202,boTeGFZ3PvGolMW7w8SXeZBT98mwCvfOb9lhr
478,507,one_____,_____202,C0cVEaVCjHWzUJ8p6TlC4TNOfGhj9NeJuSUJce
507,627,one_____,_____202,4eiHyGuh0ulHYWpkCMSotBYpmXZvY9Gylv3m7j4X26weslG1uBK2AZhgrho
627,713,one_____,_____202,dF7uSufLHuS6mm0G9Il3k8ux4RtzfMbTahw9EoeMTZ90ckGY3FWR7jeq8lP
713,855,one_____,_____202,cEA6whgTnjN4Qx1IHMm0colHRUAIC7BFiupZ3TMZaZhH086jvl4ILa
855,921,one_____,_____202,YQyxcx5e2ZD1uWRY0elwZh6cUn2qKelmgaH1kbepZdlxB0Hu
0,55,one_____,_____203,hhLFmdxj23Zs6vQudxBFuxwIfOoKR6xkzjyvahXVykt0YAGgHz92NIGKlQ
55,106,one_____,_____203,6ewIwOJQdkITYwphV3IGFtQ6yOU14o3ktnQ92qqEeV4eg
106,130,one_____,_____203,QgzDLKIlneY0wFJHXN7nzHPumHxWmuIKxNQ9JFs8u3DoMeEhPExFvNu
130,177,one_____,_____203,53PK78SAdCrhvxj6Svd5ajx7pS0sULGdu1YWOCw12nJUJpxGGFz3wIxehPPCLAg
177,214,one_____,_____203,oBHbixvaLIlTOeu3verNgmRYdMOFNiDDvauzXTHy55IDmXACxrPrnynQ0Qw1
214,376,one_____,_____203,L29ZzN4mBYJmd0jCH9n1JYBLFEi5V7Dn3F3nGCFtpuw
376,453,one_____,_____203,Ss0nDmzPCQyN8AP2XanA0Tafe2MU5IOJwlDL311CHnmuZ6TNMQx
453,477,one_____,_____203,oVtwXjn7BA78aF5qC25uJFU6qbQJ6Z7w8UqPxy0Ufj5pGny8UMsuLzE4Hf
477,487,one_____,_____203,9f7HCWSgLmdbswqYDH9uKAjoNSo6pvPyvZkN5iPhB1GegeHilvkaKQUwpF
487,540,one_____,_____203,sWoeQle3tjBXW7PP9qeuyQJx4cW7LSl5B1XJQzauBkVD7WoYSp222ACsxcJHUc
540,651,one_____,_____203,GQ8JQG4x0jHDstJkOwObMcuTk2bYqIBYlNBIp3c3OthTmVYeLwW
651,720,one_____,_____203,FJ6f4rXhq5boc2t8lA1xVI4Y9sLNxlDNR4PuACphYt5H8WKv8TRR
720,783,one_____,_____203,UWntGY3u2jIyEuovar9L3h7JsXrvJ7fRjEOLYQ0ryDb
783,874,one_____,_____203,vlTDzs2f6N0kS0TL3FwhwG2FYlSY2UYoFN
874,928,one_____,_____203,QFbQGQEfCA3sg9YfAL3sijV6rxrN2Q9wj69ppUEM3RJRB9vp1VKkrdJRilVPd3
0,590,zero____,_____204,A5PqKTFcaAtEMUbL7ZFW3cmJheV2FVSojR5OyFGx1E3ecnw
590,649,zero____,_____204,15eKZjBT5hKc1uOKvMZwzNabuQRAmBmM3XQ78HHqhlMFLCrF6RZbHtLJZOhnN
649,700,zero____,_____204,CbMLvKiwLA0pvCg3jk5eOoBWotW0ErDNSOjckARm48AfcGrHmWeuR
700,788,zero____,_____204,7uIaYncZjXKky9LZUvI5HgpF5GTPBZb4KWm0kSt6
788,825,zero____,_____204,KBVAHKMkm8Dx19BczEoEXe2KxZ6khCxjh5A3Bv70SKiC3Q
825,871,zero____,_____204,sYZnxZ4xq6lnQLkpcsko1BQAkeChnUd1p7Vu2U4RXIM9w2odwEl7m
0,1,zero____,_____205,8SYd6Gj87hqxTxd5La87xJoNF7IXWyBPHo
1,26,zero____,_____205,H9t4KioN22aF23SX6RMSJaoZEBlQLem5U9VaK3dm9dIO3SjyPAqehdis8nM9Yyvh
26,53,zero____,_____205,zfJpLWCAwQCoM1dDrVnj9q36Vm4NtUlHtuDBqJQ
53,186,zero____,_____205,BbipmmIKdBliquUeumbkzigtsaY7TO6xHblTk74gP0vA2GAn032OiiZaoMUO0R
186,369,zero____,_____205,NPxlUxFbPgqDhvkDdCV6cmelWPzUVpLIqMtKX2tfqK6ZJ
369,421,zero____,_____205,f6j9vTH4H3DLGwjRmNs4QT6HOC4CkIDxgI2vkv52LfYXDVzPW5A
421,443,zero____,_____205,Wr8GtkVP2LxKJOpFobP1GLAPVIpjj1a7OCkxWBFARjZCfXRlUe40q0Bz
443,469,zero____,_____205,dG8iuIhOEUjFCKNvWGBQNrnYtB7bPe1r1h3X8GZgWLkvV0NRNFgE5U4eBmSBmUvL
469,589,zero____,_____205,j4TvbuzIFVvfTzcH6SjZtIuafNP7t6NwB2qvF3Po
589,896,zero____,_____205,TmxZAU2e1wUcjO6IHk4612vl3KZtJ5aL2DC4iEnj1lboFjt34
896,976,zero____,_____205,q2PHRGomIJfSVcV8xotFarp3tAfh2vVCeC25oeMSLVTNQwZDLQP1D8bX62zR
976,985,zero____,_____205,kxhkgvekg6tYM5Tfn135O9wfH7BV9w90GoEUtwIJPiZDReTbTw8z
0,13,one_____,_____206,4cUnTZ2Q4aDNaRgY4MdBWJox1eLOc892kUlE8GafyoyruJW4gCyJZfcdDvNGR9Yd
13,23,one_____,_____206,qNwhhfpFqSuHI7Kw3g7TudxCCOXxA5WZhL0abpm60uczS7eBCGahID3
23,35,one_____,_____206,2GlSjtCbIXOU2zEszcItGawpnJebgMOeeDC3BgBnE
35,38,one_____,_____206,ZAT2cvD0rvMlr19fIJeX9uRsL8c6HQkE1OLJ7b2E
38,68,one_____,_____206,QeuJ0udmJKIutd2Y9ezv9oxOJ7rXq9ceqTYKJD5E7ra350ZChNoP8P9
68,73,one_____,_____206,4D5QRhZliTacUrz5iXWgRejpkgoSTkCGbYlez2OmS39dh2t
73,108,one_____,_____206,BB1fkrCgiFx42wxzm8CrwYbKR4OYkK22EROBIPIfaYwxnm
108,151,one_____,_____206,c846W1MbtAq6msaJ0UxA4JLf5S9ktkpneC
151,176,one_____,_____206,FVmvnM5z8EA8yYDkqkZPkBiTeJIUef8rifYEb5pvvrZdAf7X8aIwGlYQ
176,347,one_____,_____206,QY5reC8gLUSHTrCX2RHVNr3TloaNhxY8EghzQj5rEhZUNUH
347,558,one_____,_____206,ERDVAbFgs71vuN7RIt3u1iDNSvFJWztm542AzBCAJe
558,763,one_____,_____206,WlOFfPyb0cO4nAMlejOc2SYE0AKbYSuiuioKYrGDdDVXj2qI3ehdRcx
763,943,one_____,_____206,T4cxABUoN2UoxNejx0RxcQTtJ7zWCQmkjxgA3NRR8iCiiNGETC9YF9YPeP
943,952,one_____,_____206,uDjq2xMNSsAGdIAKEOklJPPQPYL8JLq9IzdHz5UDcuGq1ZYhZf5jC1rTNfqLD
952,980,one_____,_____206,OAeLi7aiFDWjmeAF8MP6SGNPVIZ0WGHbihC3I6WITjQeMvUfx0w7pAjU
0,2,one_____,_____207,0AxJFICXB9KzZee3K50207U2rPrKnoXc7tmSjsN9hMjhL5AauFHvh
2,143,one_____,_____207,P0NNDaAnsVmX2iIZPXrU1u72kJ6q3tS7akMpGpvVpqD2xqrJxtfZ2DbbDG5p2p
143,294,one_____,_____207,01af0BpBjwYt4dWeSdMT3dKT4KMXEbOopO8Tx4p2pRrgTgKFRi9EAC6clk8cF7
294,447,one_____,_____207,M426li8AXGo3uuNFGUfxL7Hyc0FBeTTi
447,473,one_____,_____207,ChXQFPg7qerPs1LfjfNgC0JfI50ldCGbKjqc
473,474,one_____,_____207,bDW1HONE09HFJtXsHSCeqMBobZDfp2KbiT
474,649,one_____,_____207,3diGY9i7XgLku5TGKjxX2RKa41q4VHFxk7KYVjLOa8rwwuf9REGp6I7c0OfsKsr
649,659,one_____,_____207,16LThgFEo13gGPittC941D5DxQm5g1Ssnskh9X0ukvxkDaM0X
659,703,one_____,_____207,a31pSijlT2J6KE8zWPzD7jVxMoY7LO4ua1
703,847,one_____,_____207,3IvDoZrmwIKSxAq6ehQSOHg2z3kwfWJsUVu4nRG3Hs
847,895,one_____,_____207,vLJR4zj5arzsJNGmAOCEsEakZjIhCfP5WlNxwn81eglNZYTw8ZI
895,917,one_____,_____207,13SrL8pM865UOv0xv7VXecZj20hcZ8LZLy7iiaaQgtAElQgYg
0,4,three___,_____208,aXMCN3d1DRd4nHzwyfx98k6N7dcYsbAV4h6RuXth4B7O3YJWup
4,451,three___,_____208,2PUQpitsKbKGjxAmbyLhIKqIt0BlhKfJu8xWYXODMjRzznp2pGT3D9f4
451,457,three___,_____208,mvFeFsE2IGdKOBiBGnFgsFExqfjStsVvsltP2LV
457,612,three___,_____208,A0TDKZ6JZXbZ5GtrIKOJq9jSdOOBIk2LO4BBR3w5PHQWAH
612,662,three___,_____208,HWJ80zRtskeJtBBJODDmjZzyDpXZLul8J8obXx
662,785,three___,_____208,crSLlqhUwkd3f7MbEiIa1YlGi36uVqZKL9XGQgFuWfK73nljGOiN1NEyIZB
785,852,three___,_____208,VMDRflzFJuyLcR8JEW0qkkVHz0ykjd0iQYkLVoIfmhDG2wEd3xVNg
852,945,three___,_____208,QkYIydWIFbMFFzkKmycXZFMxS4D7Dqv7HU9KSu8lFP2kcVaho
945,966,three___,_____208,iKAoo5iAOBxTvq3eICLLCiDPc18gusUuAZDVbTBbRYcYQpJP0Kaqkjq0Q
0,173,zero____,_____209,3DdwzmslVG7uJYCinqoF7C9PmzTx9S0gXsn4Wcrj5mpJwMBF
173,329,zero____,_____209,23aaT8JL8UzU5MTngZBYDZJSHVZXkc8ucaGvd3FS7bJJefxaXZdK7MXXXC7
329,340,zero____,_____209,l634PIrZoJi5Bk1AZBKHTbq6dYCiDTGKu4kvzMnbPvsMTwGwQu0h8S7h
340,348,zero____,_____209,NsoCs5sYMXsZZ6G9qpzlnmFFybO6aUgk
348,410,zero____,_____209,uHWl80ukYiITqgzjkgUO3CWT607xUM2xYBZuOhILz7aJSgLg995e4UHJQ
410,456,zero____,_____209,Gbsuc3FWysajAYMbRJIxG2iavBPNHUFEmxNIdL
456,458,zero____,_____209,WbsowiPZfN1CjdKZxtbJIkaR1jmuxVbFZ
458,463,zero____,_____209,bdjjFeY1DJ3JyFVxAZt9FT8ka1HR44WJu23H
463,577,zero____,_____209,QXzEY1XdBI7d1vAtYbihxjrxDWcTJTk5SP3n7UY5ANazE7WFM
577,763,zero____,_____209,2TJt4nRREbeeNcwS2CYNm6bN5qouQY4Ct0wf28J
763,811,zero____,_____209,e8vcUqQ2JXjM8EyqbXjsPuoNStVY7j1PuLbt2oYyJFeOoB20Qn2ujbL149gt
811,856,zero____,_____209,plTAS4kI4wgiz1n1gzBNjFg4KEMCd9o6vwioLTUupkEKCX
856,963,zero____,_____209,azx7uAGI1YcEIHU3XXmvqHwoxyJhZmUj2vJ78oRoYQ92ysberCfoLiP689T
0,88,zero____,_____210,w0KPty5EJJh0gqNNrxE6H0iyCHSanS1Uv9uw3tuyX2dvbjr7j30DM
88,124,zero____,_____210,Izvg62ju3gyL3kW0x0n0uXotI3Is4NJ2H3BGvU2ld6kGs
124,170,zero____,_____210,RO3YyryZythWAZjcDdHRpnY6zTOJJmXuDfmE8IPfod4xxx
170,256,zero____,_____210,BRVLOji7SUeFDqwr2g1LZjxZFtonSQKs3cS9Zc85T4U3WEV1213W4YKnKxVU
256,342,zero____,_____210,NA3yqLMSB9PSt5UEPTlSJf74j3Oe4PDyESMzVSdJRPiE9wVR
342,400,zero____,_____210,Jkm8EnNVAo26tVxrfIUJ3w90PClaGFJwhOkKAXntOAg25f
400,421,zero____,_____210,4iDUgDDsao4LDfHoAXC1Dm2kv9MS0XG7QhxotajSHHTmKzIAlBqXQmoaYO15N
421,767,zero____,_____210,kHNqNX4fOcEIZzXLG1mHvGwZT10Ocd62fIwt
767,927,zero____,_____210,gKYszCe9pvJPJ8Pl6hI3FENUma1exPr13MHaepiGOeCnbGezR7jRbL
927,933,zero____,_____210,qDAP7lDdHkGvBKTRmgw5NIz1XlmeHaiK5dec1XkfMxBxZDTG3I93em
0,116,four____,_____211,7gvkhQPHeHLV7b22QRgmv8R8uJgfcXa5JQ0
116,182,four____,_____211,X9P5OwNaD6M210DcBDAaX2kgH6oBpvhHoCIqnbKtOYRhIOoybyBFY
182,301,four____,_____211,cdiS1kfAwwGxa15YR4DmlNrhYwwZ9hPcsROED9YsRRH
301,358,four____,_____211,a5vmD3ozMAhZcxr8i7td5t5V5GvJkHkWgRouMGRwYvAknXLmZwoui
358,868,four____,_____211,HzDXl0qk4VemVRcHledVvfsH6dGJarIU
0,28,zero____,_____212,2MSEt2SWDZHUGTasqIm6cEJJDEfu6lHgRtGgXdPrdv2h8XtbApAoMbAh4
28,96,zero____,_____212,cK7jWWatXWuXvLN1SxZhjYlWOoYlkZTRXdz7Za9w5oj3RsFVV0
96,124,zero____,_____212,Ukef855BIwFCLX5Bnz3wvAepdDKnoGtJOGQZN02jADIuyT2ljA0W6NIP0H
124,206,zero____,_____212,ee0MDBqOdbOE3Jg386ZDvY9ae2rUHnzfZ7hgmaTTYBxibhAM
206,264,zero____,_____212,gW3uwd6nuuSU6dx8lgW2UVxLoHQxcv7YDtJ
264,325,zero____,_____212,Hm0BNBcwEDcFflCdKAAe8NH0yJnwGGFYx9chDRgQhmX
325,538,zero____,_____212,tu8RbV970qKUloNTt3ExF6npRF2qSSETz
538,643,zero____,_____212,sQQsNUHli9LuHsSaF2oAoNz3p6NIWc7g8CMi2vk9mZjmaZuYSu
643,668,zero____,_____212,FtZCb5n50QYtBsO4m7rqoreiyruGkwyy7ZGP
668,684,zero____,_____212,asj0TkJMlrXxmCAC7ip3IA0A1V1v9dNN8wlMfMXwde8mfi
684,720,zero____,_____212,UvLsfi7C2HTHMBKqwD2zbzj7ogs0IvmPU4cnOdj6YCVH
720,762,zero____,_____212,Ma5khlGGsN5QoHMaTKd7PSeOGnbUmEWPW6apnzVRAsx
0,2,one_____,_____213,ItLLcW9XOps4bxdbwTBQZAoOAfBVpimcefZ9DC4R
2,91,one_____,_____213,mQgtHzrweGpm9i6mbp9rD0j9Hlh2IBl1FteQhJEqykUvB6yZP2xbUd41GUk
91,119,one_____,_____213,eMl8JPadl7LjIIzwVZFJvzFpTxq2FExWZorX18Lzl0IOdSsTl1Vo49hv2O
119,386,one_____,_____213,rldJYv92TpzBouciK613WZIJhyup7kmjZPPvA6f4Pc79Yg
386,511,one_____,_____213,C8H2jvmZEV66n2GPYZUk4PSeygzcG7jsBeYeMHngpNciB
511,516,one_____,_____213,c54XwRkqgbFpZ2T7Nozoj7K9og1qXjp1c6z9slcm6aT5VENC
516,527,one_____,_____213,xB4XdythInEbiNqZ0NVWuflYkSn4k1PtYjVCdm02k
527,748,one_____,_____213,sSlA8hoWgKMGsWr3faMGzXOIbiCnTau8PUJAOvxPpBmblCUUUGepgNaND
748,764,one_____,_____213,345xEBLX1yNYmIL27FzjdRaX30cG1t0GfTMaHMYgptjzulF6
764,830,one_____,_____213,2f4xaWwJhBrHevct1UvxYYBTUyI4LoeJApQi38KUKhU6k78BAc7g9gvGkypMfkJ
0,18,two_____,_____214,whQjaWjitIeSqQpKM5b7jJOPL51QmRzFRNSA2
18,85,two_____,_____214,aGks2cUZM0JGXK7USayDq4NN5QedIMRXmaLa5W1czgIE8fi
85,272,two_____,_____214,Fy6iZyvUmAksuvWKhj5EpvC7IebjHTrgT1I73
272,340,two_____,_____214,rnReNNriaTy0avQMxJt7kZhKz5XwkSQOYZqFp9AgbV1q3O9k3zVHBTGptnmWDb
340,491,two_____,_____214,BdfInXtkDTn1pPFyJNwblkDuykV98kwcJfDaZsa3e6C
491,603,two_____,_____214,Dk0i648kpXD361udpYYAOpyH9TRZ4AKUJiHygB
603,627,two_____,_____214,ttPC2FWpD9yIQLbzFh48foaTEMlD59XvP88tdk4wIpM4lKqGEJXhfQnr
627,870,two_____,_____214,uxqMlUVS7s7PgqUWkNnuNKHqVle7GAuamfOWVEBl7mCaLN3ZJZbOvo7UwKI
0,9,zero____,_____215,aFIYcCQWVVGtnQx7REJWVpuNSkczGeU0q0dbiTPEj2FANoWFTZQPUMY7u1D
9,14,zero____,_____215,6CNHt8ieiqM8Tu8lSEdH7SjAvbjwVU6txFAA8a
14,16,zero____,_____215,OHTrq3H3yR1f6Cj5KVPR3aseTNiF7pLl6jMesmubSEi
16,120,zero____,_____215,PyVs7ivBWAquizF9SPTSkxcKVJN6eUg3mB9Uey4GgMbyug
120,125,zero____,_____215,Hknl1B9H7DmUcF1IfeepIAu7rdyNEYyYXy3NMnWyBQOvur4UTz7mEXIxvO9
125,342,zero____,_____215,PjiFrvVMy4yUJ17Sf7VMv8lRM5AntA5QAAEqOomFRks3Npyex0N
342,383,zero____,_____215,9gBrsVo2EhP4a9FyZOxlOT3cI52Abq4Kw7Y6oMbBmGbaD46
383,385,zero____,_____215,OQozt4PeJJdzfZzV2giRhlD0TbOtWtEHA1LzNYZLsIGtMMHG1mlwS
385,404,zero____,_____215,5zszsk4Wb19NQzQw0kdgGSzRnskvmaPWVRoO
404,458,zero____,_____215,vX22VPJBiWdT3rqhBz2FRhDgvOmfx7zz9MuQYTJJkpPA0QYf
458,471,zero____,_____215,utt3ii2Iq0MgxrQjvmNfvwghv5ufQGfJkro6SX06Y6Kg6O2tpXZs
471,496,zero____,_____215,374KQlx2bZkrE4Jo0OTINwmhg6lTXyS9cwvoAaC9CBPmPRS9nuMGfSzeje90IZ
496,577,zero____,_____215,NxN4AyAgFOU5hyCEFrZ7NUHwkywG5N8VpJpMHDB0ipsWOUbb6I1XPhKjhBm6
577,598,zero____,_____215,rR8jVcrV9NmuvJy2YTsiaPjoBFUP9UCV6XOzm8Fx009d95A
598,618,zero____,_____215,IJR92NXv3TlNEPjA8DLAJlVr6CJjwff5nTjPb2Zo7
618,679,zero____,_____215,GiSKy2QvhzlZq5w2WV8rXLHihBirLFLxFMj39Zv
679,866,zero____,_____215,TmUpPwADFnpzAJPdmt6gjrWzUL2GVDR0qBZxx
0,69,one_____,_____216,Sq1wx2gZmh9q7ue6gPZ14M9NqKagfss3fqYkgWY8WW7S8Cd5AbepagD0
69,73,one_____,_____216,zI4GVPhCefpUf0j0LXN8YM1xWnx49NZm6A
73,128,one_____,_____216,TwVAgSKrod3zo4ttR7ARFvNZtPCeDtEYGxfQzcBhK
128,149,one_____,_____216,JfqXHCV2Es5ybNHRj9buTTwBOixcPyhOU9oBnfsIcfRnW849U
149,235,one_____,_____216,z2vz47RELsG6uKaW0orSR2GIUzhE5inr
235,479,one_____,_____216,IfehLsHXx32jujEdkwimqBegSjFOFGV6ePGzMKztwjMDAwIGS
479,485,one_____,_____216,UPOfPuOxZwSS1m7XNOxH6OyV4Yrb3AtD7hEKPeKhQxALwD
485,682,one_____,_____216,B6vTqkUV5r3uyidikmJy3zT60IYEDF7ybBe0ScBbaoAgWea6rXGQQ4z0GeuIp17M
682,768,one_____,_____216,UPphzFRJpuTTf39TJLmkIjRaCg1O5HLXBMlkw3f7pVns4sScq8b
768,963,one_____,_____216,BMrAqkvj0QSYmKctLPN0VX9g3AnXcO4oqrMZ3ApGLLE5QGkGhPj
0,23,four____,_____217,0U9FYaeWwtltndqUKBMq1ySyShjYU6XqxFXHnW
23,215,four____,_____217,c4Nu34aZ2bC6f9xeIGXCO4mCib8VLUtJxUkyjK0fLAXmuEFtWAG
215,359,four____,_____217,RQr50hKgB0Nbx1gTnU853N1T6Y6COULF3aYTAEpXU4a8N5zBFfc6nnu6s3tKIB
359,360,four____,_____217,6vKCJXjuOcHjbVHeeA4EJarQnvSezLdiYb7JM0Zu5Y3mEm3FxzNwRWQYC
360,470,four____,_____217,mvXBbE0Ha1mSy7QSXrNDkepgzx8eTTiLLYL6j0M
470,544,four____,_____217,4Itpk8tUmn9kN7NnMqlfkvUryRlpy3iFGYqbn9mMjCg98L6hIFe
544,558,four____,_____217,ladjuCvmNwyLOuGBpt5zV0aIdlLadigSDit53MP9190V
558,728,four____,_____217,efnFgGMmWLOu5RvZN27qStuKJ63Q7Z8dsdUKz
728,818,four____,_____217,Z2XW5hyZTmuv3pS1ZASnyKf4UCrJwaaMCjMbSRnGVa
818,848,four____,_____217,Sm3KsogeXxOocqdtBk0g86K5bHXay6NlXITzHBQ
848,1000,four____,_____217,OsixkKYFfL8YRIlL6eq8myPbluNQUD2wzhiK6zQOMqeZ0YujD
0,4,four____,_____218,7oljzJc4lkDREtWxdCaVaRPcoPpMdLFVe1GJMgUXqLli86
4,217,four____,_____218,tVa5rM909mEITAosgz4hL3HC7NG5TmHcQSP5rp8LrdcJIBNDc7V382tWgo8
217,222,four____,_____218,P8iHeCHbwkZA2XqDKNZCfkfpkZ1AYmUA8k105VmaWZ
222,360,four____,_____218,06IJ5B1LhX4xeRoVEuKXw8iWWO0X2hVBJk4QNnnklERB
360,367,four____,_____218,0vyDNYHsEBMb9H1kDbfgFDqPNaHiGsvRJH3eLqwkbreSqD6Oea
367,378,four____,_____218,PJEkwnliVvw2hryddoREL6eUDIiUeFYxgMn8icC50
378,515,four____,_____218,ZVJN2vVkuWXc6Il5Lk12Sa5exQRtjb1jV04rbZYADFKIlf2gRMyOgNpKA1
515,551,four____,_____218,RqvoPLJ62eqCEN1PVCzpwnsH4ZpyqOulLj0Mjs
551,583,four____,_____218,LM4DNv3k85PTzaWMk4qM1h4Yens5QLst4IIsP5cnqOAqHWemiT
583,707,four____,_____218,aEJxuGm5ZtVeuMAwu8YR08erux0qxy9TjyJgcgA4bdDVuJZNf7klkily
707,746,four____,_____218,iPcqLJHTXELlzM6lVUJtpTSpVReRzc4dBXJuvD6cePWsqiDjgE
746,784,four____,_____218,6OFlenSJzmTGor6iywCy5to38qPK6Iiqdi4Gc6Q
784,804,four____,_____218,LVCWZdoDIj92ZW4rcJeTsf52NpLWE1LYAgc4ErK
804,804,four____,_____218,D2YmwOC1TKoauGfI77lUKypJkKUMiZ0s5
804,865,four____,_____218,qUg76Yo8EwXlaLmc6OLvPHYcF1MujHRM
0,405,three___,_____219,MHGdUa1tVsXniPsIwI4rKFwbZ6ihUKmLgUbCj4a
405,551,three___,_____219,nJNpNsa4wNYuHKpZWToyZxRual4OOMemwDVIA
551,566,three___,_____219,Yz9yjPj3iEP4LIsPK9FUnNvIvizpTeyZfZdngChFoRFWoS3yulFK
566,601,three___,_____219,tcxaR2Iuz7Gs0g6AypnpF3e3mNUVZVcZmmfHUR27ZpBGQwBBgPFU
601,695,three___,_____219,lUIP1SIEIjcSm46wfKO68AiJ3BO0oLtlzeD2qHUwKwqzw94ESAIMbfF
695,947,three___,_____219,JYzfyymoatAlK2cw965L0KoDwikjTOvWF3y5cSoXhmfKPHbMS
947,958,three___,_____219,X9MSZTkLV91h4C3oQl6ZvzQIpMJZJXJsdBm
0,55,two_____,_____220,zcj3f03ZBXRBar01j1ViUF0TD89BZzdZSg9Q41
55,109,two_____,_____220,kzTiAitb3rarw7mURQHkHKY2rqhWONgb3
109,180,two_____,_____220,pmGo6kpce0ADLy8xvfYgn2wkQkmaSwEoSSmOLQYsbtRp5CxmZlTprglya
180,184,two_____,_____220,3EbBLl3PKG8ntMbqpaBb8vXJxc5mmC3jVL38IVj4CAsvld0T4zORwxiYxadPZbE6
184,307,two_____,_____220,syyFXp45LqQcZIVkOMd5hcm12tvDyFKXZKxjqDjC0pq5MdJHZkJ9W
307,358,two_____,_____220,Yc3O6Jm1XOMeICo4q7Us4nr9MykJ1EXkCRI4jW8qvLNlHLbPOpNOssef0uYm1xR1
358,486,two_____,_____220,sDQZWNwf3VGY98ApC34pCTcZN2e79RopaqPkoAfQfXaJe
486,512,two_____,_____220,UQ51D5CFSc37FDfwU2PvnxSFQvOidj6oNwhpD1VINGYFYRNyLWOzzh7Eehu
512,704,two_____,_____220,CKsfFd7LmR6m0CYHc5FIcChZkl7xrhKeQ97pctPQ1gf7TLpMgp3
704,787,two_____,_____220,Y0LeAYOe8BEqyXpepBoyl8XtEMnCPkEfnLymP1f4boCfyZGqqkT63EoyHATQZ
787,812,two_____,_____220,qntYd6PYOXZE8vJ8goVTnOYbE5jr3VCy6nGwld8r
812,994,two_____,_____220,Un0tVR3xO0aO6RutALLH83QvwYv3Khpwt3YgJaE
0,83,four____,_____221,bR5R287KUGs1TdoWncqcW5rwE7ZK68GphFn
83,99,four____,_____221,AzS0BowEEnn2WE3rmUPTPu2PW7dNhncZMy6CzzxMtNiM3sVxx
99,180,four____,_____221,7GNVEPoNrfJlmC6h1nVmc72usG3UE69sFflaj0B4M5EB3ra85KGZMX4UL2
180,210,four____,_____221,EiwiQyySZzRcyGzz9w6U3WsaUQAUvzO6BfrQNMvT3WEW36c0EUI3d2FKNfW
210,338,four____,_____221,1VmwtO9Fbw3GWLEsfz09Xkfsw8MjFkxzpqYxM6NHffeAkPCR3dgq1K2c5HX
338,513,four____,_____221,6U0KuqFV8CXQZiQZKobuqdcWGfSJ0Y8nJbs
513,572,four____,_____221,F5t3Grevvn6GlHvXdbgTqLcRatIDFwkfGkaimIA
572,631,four____,_____221,nkt5HQIRbaLKq5ytpIgmeNbkc09URafLmjgQxW
631,763,four____,_____221,SPZVOP25ZG8aEcS9KiTrTvgDXjVnM3Y4QY83Ws
763,796,four____,_____221,o91Cv3nKbDEcpSnGdsICHtVQQW9gk3ZA
796,810,four____,_____221,Jqw2zN24rw7nZAEov4DkdBFHFsn0Vz3ih3uLqvRFm7QRQnI1vQEYNZ2wReAIOFQ
0,37,two_____,_____222,rnMwbNvxxoxsluah7CGu2vatgtAuMBgLo7Ppo05dDhkdfrXGXE9j9Z1Zgf
37,59,two_____,_____222,fJ7p1cozaZtuRttmyLGIl1405SZmiBe7vt2fDqpUAncQmFkNs1JrVK64Q6Dl
59,81,two_____,_____222,tEjU00OUrCvepBSp2WEv3cBRyPlGaqLy6k
81,317,two_____,_____222,diFd14tBuKV2LH8PRCYriel1z9zQ94w3gOZqLKy7FgXWEPmjPEhx1sh0bEsS8G
317,363,two_____,_____222,Mo6FizCSx954pjXYtbIVCU0gCx9xurTw8R8ozcSoPFv3DVDfTq7570dKJPsOdAtZ
363,366,two_____,_____222,nBm5sWYqUyr0xjfmmRFKeY86tj2CMZ7evxPldv65pomeuB1hZ7UNVqKyjUBLy
366,545,two_____,_____222,P8XjOW15TzqR3XbgGl2GRjNRvc3SVZ3qDEuD
545,627,two_____,_____222,ZATM43Cr75wSFLyTMojO5LiS2LquttTX
627,881,two_____,_____222,zrmLpPewf0qOHlSW4Dr5sW8Rg204rVpsHxoP
881,925,two_____,_____222,ACQsoKBsBpT8axCDOyBkOGBA8eG7CLmcxSFZ968ROlvg
0,46,one_____,_____223,XHIAoFBKhtSoaWzXCBoy8SPIuAImCo7Cixk8v
46,71,one_____,_____223,9S669ABATSXpEdQcCVMQXiOv0QmYlg6Ok3u9EpI714iYkk
71,93,one_____,_____223,NnPDdEBnQqSiueMKFiIvIegbyFG7fKyyQPBATaiTJNZkyNOblsfgm
93,105,one_____,_____223,O7eZTtRcaZMO9ZAfCnm4hdiCryFuJsleYSa6jiOuyR83UJWP6sMqi7oWF
105,192,one_____,_____223,fMli0EDdST5XkrCC2MUW5psIv0zvvrohZBpFcy
192,390,one_____,_____223,quRNoNjSnvnXAtFTBjECtbCNTfU4YkybF9LRzFUuSWiFfA3ede7jlA
390,462,one_____,_____223,iSyzCaR1CfA0lIE6121RRbPMafSAOBzmOEZXvaO4NFH1FIprdec397Uu1wQVZNf
462,490,one_____,_____223,dZtHMdhx8YCYpDNYAFCMD9JkQNbGevn141ErvdsoCeLW16JhUD2FG
490,522,one_____,_____223,iDaFmdF95nTIIZVE30dJMjM6RLpgcGCVqIUQsnuh04Rwkzm19mHd6Gi3Q5x
522,647,one_____,_____223,5AfTejd5M4uMYTTJcZs4zxyw2kMAnvVB7Y2YhuZoWX
647,753,one_____,_____223,spoEnDWJPZPqxXG6JVtuZYAWVPEYPTCCX8ktkD1RWZtuem2aOKlYFAFx
753,756,one_____,_____223,3q6mbUMwxI7JfK77RL3hRkb5T4nL0szNKVtkW7TCPvoG0OdJQqiYrzRdYIamgNu
756,808,one_____,_____223,IunnDIIQUq2tSLgIDBvGv26QRkMJagheghH0rIIU2pixKuy
808,870,one_____,_____223,9jEyX7SLvuyUHIXWKMtci7w9iSrZIgFpkmBlYE
870,926,one_____,_____223,2qs95qpKfGU0CYFGFReul8rjCSWTi9EsPTrtyzWlEBBHjvcpMkt2mMxaaW
0,26,two_____,_____224,hbOWMt8BeMlhgAswcBSWpGLNvNWS6L25LZx
26,48,two_____,_____224,kz6zNwkQcftUN3unGRKXRZNF8wC07lxd
48,260,two_____,_____224,NE6QMvAm8wuLZtpOySP2o49V3uVH3fp7DiP
260,272,two_____,_____224,wFNHJL2UcrKFFErkWEo1oZ4XD3rKsS8JlRxNommGpLV7Hpfz7tD6Svu6dnq2OE
272,291,two_____,_____224,rp7gRLJcD98jHdvKK5thBv6yHfohvIrBQNSMPYkm6VSlhB4
291,342,two_____,_____224,QN2EzPDNOi6By0KwqtXrLNeHwB752HpEjqAZhw9Kp
342,531,two_____,_____224,xlFrstsoBQrx09V3ReblHpLVku5obDTS6oFoDpm
531,671,two_____,_____224,5vHwCOJgS4xrr7xOvgiTRYcFuVLrCk46ax5x0NDnDUcoybr
671,691,two_____,_____224,SGS7SOmYy7RHoJ8ihPHBSofmaDYzKbP9de7WEzrqmNL
691,946,two_____,_____224,3EOS3LZJtMx35dTJMLWL2LasE0DXvl4MOgq1egHiVbYqd10oLUZjIbRJ9wlz8
946,956,two_____,_____224,0GPGtX57s3vIZB2QfFDfTF4drb16mmctoiJlHKtuzO8nA
956,986,two_____,_____224,EK2EjpG27hwGiFqN42Bnyze8mRfj9DU7vI0UfS32pHLMDCAASYYiIJmMMVF
0,106,four____,_____225,gnqVIO7SySUeH5Vd9zwRWB59okrFAgfvTs6cGU
106,347,four____,_____225,QUktMyFNTZdVQhAjas8hoITazotMGK2C6ol
347,455,four____,_____225,BUIxzt0sUfCPehfuP3kfy43Qm4N9f2QzWGhPmtAthy8z
455,534,four____,_____225,EhAPPSqw0On8x8KPY5OjvETLIRvh3pkZEhydOBKQ6Y8RUJefTihHxJ7k2wxI
534,558,four____,_____225,DxSfDECUR93nDgTgIJVkLIBYik8MDbAZayBAhyE3Tp9mNIfr2wN4g
558,561,four____,_____225,FTvn4PoShTSRSfKg1TrEwupM3Q20gDewwJW
561,642,four____,_____225,RqJmnyFjKYpsJ95jsgzeGsA5s1hUPyYIDqXfimTYcUtph1mGDRuT43a9J3aWF7
642,668,four____,_____225,BtRjXj85H2PYDJEChGG5CGBB4m8BF45nT8NQKELsrYjk2shajhJivlHt9Hv
668,672,four____,_____225,P89wqgK263jxO9L7ng6JchIhxMzihnupQhQVr51DTGpADc6pVqkh1mZEF
672,833,four____,_____225,qBSjGpCabPE3lg5QtI3NpsFGRijjr02rkxJT1H2fLcQi9Epigr9xt6rDWd8
833,878,four____,_____225,M4nWchvzI30JIXRESjdwpWUa9ZT8EQK7r0vF0VRN
878,923,four____,_____225,SGB6t06UaqioIvZgVhLeOTddc7oBkMg07CupeNzP
0,127,two_____,_____226,fGfeICPimXI9Mv1b4AbPaHga3nL6PiMh6U
127,138,two_____,_____226,EbL15Aiyh6oPt0srSdB1AxacekSoV06n5vjFVhXE2an
138,139,two_____,_____226,JHnRjkLFlVfYx82FgidxzsKJS9wV6briNe
139,292,two_____,_____226,TA2XEh9FtWHQVDD4YVnwUtYzTwbiQGiwTgkaahHbxJ61eaMuql
292,373,two_____,_____226,3UEcMFCFdu0vPr0GOLTFB5NB7AEIdDJB4jXzB86O2GwXKB
373,442,two_____,_____226,2dpKiXboFplAF76hcWNPiRJ6peoisFZmh64pyTPFIzCYhvFOjLFFy7xibqw
442,473,two_____,_____226,DsFv60AeNaLtjhYeb09Vcx0FHfhlqZ7zgvrvd
473,591,two_____,_____226,hfsEi7Ime9UqJNAUddRjUuHH0NdjRFC41OemS4TxDTNMX3r3rLz
591,633,two_____,_____226,uUKPnw0LyOB8RaDzx7F7h3xXhnMsRXG82VgLP8a4zc3aWAhqqdAAfEcATs
633,894,two_____,_____226,h3mPrXOEryhhkB7ZzE2tcU90bpRgJyIJDl9qbXwUjJMlcN951mICQNmuXb
894,965,two_____,_____226,KoLPpvl47lOKipf9t0Ca1SGVFjmd4R9UAPEvR
965,976,two_____,_____226,xRrzNi25ep76Z44Q897hiJ4R9U8lvVJ5NUN3QX9quLR4SEW9JNURdohT
0,119,zero____,_____227,mzT6O6DF8fcpt261jzVDzpmYIEDRNaKzqwECQKJPBA
119,403,zero____,_____227,COB0SkTb8qz5u0YCPjVlMWiqad7Qav7j7bJSpzGWU
403,561,zero____,_____227,8vYseTo9GDusmews5rYsLpethlf091j5YxXrXmQRQYMCvFK
561,585,zero____,_____227,kOyVJOeNbgvK4F5uQkeaTATOraEd6Lyn1mqkl2vQu95K79P552D
585,596,zero____,_____227,cvrJvkhNOJHwdjltw7ZHHOUMQOniP21C
596,920,zero____,_____227,G0vlXCKgFo0aPh5BTbvut4l9y8ZSqqPt8buE9bX1On2GT9BsDd1tXCiXEm
0,21,one_____,_____228,cTuZIZO6gidejGxGzR7X0CZFAw0X0GPVjEL
21,102,one_____,_____228,Y0ZyL1R9WHWMy9YSylSI0UYPqRhxSBh7An1a6zTEqTvGZskS8c5LYvVlGI7p
102,138,one_____,_____228,0mwU2qjbrDrSQmFS2KOFfnJxGEpOoJ0NKSFf4NGCKMUhQLqcVaw
138,267,one_____,_____228,r37G31LkuQXi04Yn7ZVPW6jGPeDpXY5Mu10obtl8rsnllV
267,598,one_____,_____228,ciJ4st3wEYboCY7cwYpXpT1muzMz7T9n
598,809,one_____,_____228,olVml9fsl5QaxYukeKEuvykhhuTI4atFrRovA52
809,810,one_____,_____228,SEiWXXgnZqt2isaGz9vb6rRhQh0rLhuPci45Z2WbSeSq75B0BiKs
810,850,one_____,_____228,wloIpKs1OowYWuEiJJc2YVqp4JQdqQ52m
850,877,one_____,_____228,JXbqycG85EWLMf7WExLUVi0CQcomJfL7OliIGgsqn2swHoyugAx0ivvG8pWhc8I
877,884,one_____,_____228,QCU117y0BSojS9USd9SD7BSfeHBhxroagqR0xL9EYlU
884,973,one_____,_____228,IkuAYcGLycdJOmXhLTfdOoQNBbOEq9YWk0nUO1xg98qgCwVAAiZHZK4DB1pMwZ
0,33,one_____,_____229,RJREq3IPeSyeruAATRhj7W5YLDwuRGdjXA40fCZG5l
33,134,one_____,_____229,bGX2BdOUXyz7dQl3ZKZd1Pz9P4o8XxbsD2YpSxdAeA7Lqam
134,282,one_____,_____229,4jQl0j0l0DzwJY64fEJpLzQ0Dfy2NFrmrBeSo1vG2s6LO0l9F
282,291,one_____,_____229,puXpnVXIBq867mECmrvs4rauBYHD9kZlPPQN6RPWcGb
291,377,one_____,_____229,WeJoK6kq5kiEyKs1RRHz3FCFNAGil3WRHcFjLDss
377,593,one_____,_____229,WvTqlqDaHzYduvZqsXQD6JalW4L6XiJpaiKecfKvJWhsQDtYVjASos0tosXg9DT
593,762,one_____,_____229,S5eoPAC2ZxP04RiJFsHjNi6pBILxREUwdO7vb2fVMsIU
762,774,one_____,_____229,fekFrjjkRZX03epVw3zgntj2j3bpJb2Ajxv
774,948,one_____,_____229,E5hggvgIaGGvF5djmIC5wiP5c3x1FutO
0,43,two_____,_____230,AuEa66Q7r3QJj0cBs55KxNGhee79KSa65TFGe6oO4fA483h2nmexZx2nex
43,217,two_____,_____230,GyPH8qcpBlfr2nmT7apxUuUGTG4mLU9nGLWcSJHMQNVdHgJtJ37VV5Xgc87Phu
217,221,two_____,_____230,WBWfdLsGW6T9ypaMB6JssIaj51rr0VZnLCTlpTgYm5glqwQaJB67WUqrWSz
221,231,two_____,_____230,MH5E3mzRkhmDDcgytedVqxMkxGX2k7wVXNbS3CZx1Er8
231,477,two_____,_____230,7Vw6N3Zf4PWN3k1mJIz880iTjCJqIOJn6LJ4myMn92OMMjT8hROSuSnF2p
477,484,two_____,_____230,W7TmcNEwMvWzWo8AWTZNH01mOyC044IvLsDdudUbKwmcFJeFBfaCtZexRe
484,554,two_____,_____230,yv8DebxEyp2WrpGDuEg0ZjbF0mhXC57KWM4GKNNkfqJNdasGe2Ru0
554,676,two_____,_____230,H9bpkI8O2XbhbN1WLfnMKaPMXXdCBpDFgOHLNKpLIqsxjcCqggkkM8wRf60Uag
676,754,two_____,_____230,SUaVhap7hWEVksnrvnYbdS8S5fMc9m7dMrs
754,841,two_____,_____230,OubXqgcyLoScMJnMiXlEZzx5p5qRwiOOwPjEjZFV
841,857,two_____,_____230,PGzQq2cVj7oiNihvV9ISQaldN9BcdmBJ5vS
857,914,two_____,_____230,F4xSaOKI7VGGyxsA3N1inOKmxTNSdXGt2l1Pzxd7NKhe
914,914,two_____,_____230,3PsApOlncCoGCjk2ut0Ore9waNYtJ9nyyHtym4JisIex3TQllUgqEE4Qtq
914,998,two_____,_____230,1exeeReFDsAxKUICSge7m4SP0vlAt63xGcRXfF74bRVOaEyqvxJvcNol4Bv
0,10,one_____,_____231,q3kvfMCDutDpwVF9oKpK61owdyL1dXoxof1tKwcmLKv2tG8RGqZ1PVKJFud
10,154,one_____,_____231,4j7Ke7xFL0XWUfDYJ8zw3rW1ZAgfLjebHgIj2RqN9MNa0oy7lFjukuSr1qcyu4
154,181,one_____,_____231,eH9D513mWU5oEvgHTPWrKG9xGkwwlhAMz6RcP1Vc2hirqTuFJk
181,269,one_____,_____231,4wWZLAVnnBu8x3iLJ9imBkoQ7QgA0DAZ9KR7Dg
269,295,one_____,_____231,htElCIPhwT07YnJME7Zdy63wPo6oWLCoJhkzqBbs6II9QzQkxzcisb9
295,300,one_____,_____231,CnkoH2eToGXqsjj1EsmfmSGVFNX1hYUodoNt0bf0XJeJEAaoRcG
300,305,one_____,_____231,P2sc9bSEhCRpL6wEAg0ZeqFAIEXLsQPXxdX30QNhtI8j0XV
305,308,one_____,_____231,jrDG3fnupEIezaAY2yTsUCYnfmqql192SM0FoCXxTkKID0oZ86r
308,367,one_____,_____231,awd2FNZ3cxKaEFsX5ixw6iF7ge7yh81bHZYLnsa5Ai
367,573,one_____,_____231,8OHpTACccxaourn8R6ffugQUbnllNupEHZLoJocElVI
573,592,one_____,_____231,w6LeyxBZdvJk9RH3tXayoS117FqvWxfpcX1rba7R1wa
592,599,one_____,_____231,O3qWp1tzaIo5wgrTWiyw8EDYN3OzIzjsVieumRrOuFAz1Ax40TxBc
599,675,one_____,_____231,fbiIqFufVlBKZ8Ub9S4ZdouYb34pLBu5SpQJntT1ZDmNJzYgkYuZQq97
675,793,one_____,_____231,lxzXhGQhfjmJiCHRdAoX74OCgvyrAB07Ow0PJuFQ3
793,923,one_____,_____231,kAPLn1gNcQY8M4JkS6MbORAP9EfdZnVWlBSyffEDn9Y3MKdX0EnOq7SB
0,7,four____,_____232,T8GUQGJV5Mf09xVLxpcXyzwmp4BXNC2o8l3rzbZ9SDn4vkcuUwKwqllGATRTj4aH
7,110,four____,_____232,GgtyoOHyGGUfHw2IyqJPsthNTeAfYbMOPr2IVxpo8rekuNWzz03y
110,209,four____,_____232,MCCzKF7Ng3r4JYQHvAnEpWVViewlRhS5gtUYQAP6p9
209,217,four____,_____232,eF2dBuayzYLIw5d33Q37VcDlxqAl0SXdDFYCMPBM
217,266,four____,_____232,ic8b7bEEARDpg1qAT2ikwOJC6m5TVSCTMAWMi3untIp0tm7JLMYa
266,609,four____,_____232,8TlCcDkuYIebXPBBfjliRgol9PevqUpDS7Ln7AMI6Ku2636
609,646,four____,_____232,tgu6PRb7SmyApu2C0pBMRFqzjkrijfI25
646,706,four____,_____232,qyv4hFCKrcWRGH2Pe3VJXR1w1i5yR94buf
706,798,four____,_____232,sH9zLezlvelCNLhqgROnpe7nEYErvPsnjiOe65JgCbR73NHjGj4iiGybOp
798,946,four____,_____232,fckOp0bZisDbxNdNxElLp1R39Zo7Vwk4gIN9v
0,11,two_____,_____233,MjgT9i5ic0WrsbPjPwJ3m99Ip6PyquWzekEsxO9rP3JsdqXULHKYKH7Zql17c
11,259,two_____,_____233,wRoUwWJWS1Btq4RaFSIAE10PtTSc6Y88q5zxzIbZbnQOWJ6M
259,334,two_____,_____233,GJSTvkpOIby8Tldj86k2ex5TMN6Y7j3k3GEk8oCKPUGeJcMHKsTCvLTyx5S
334,422,two_____,_____233,jgxstHJ90XQsWbJOzbxBngecluda6q2h1DMzAjIMV2s1
422,433,two_____,_____233,2oa9H7ABHf21DhWdQbyrJpHml8SNHf980UaUt3
433,847,two_____,_____233,Yj9x2bKut48mro3BetiCUzYDwZsM9lYeD1H8zmfHP
847,855,two_____,_____233,BsuZI8F67UGzsOjzn0xXNJWfUWkNLADX0ZwFRWcwD4MxV7G
0,41,four____,_____234,WvmpGM5o2qdFUbart0n4xyLExYE7Tl2rZe5VHe240NycyZnTt7
41,132,four____,_____234,5NzMJnKVXMkH1EnFT7ZZzwNUgBkrZb9g43uUcjQcYK5
132,157,four____,_____234,ye1NCt69FczcvTChQSyiaA1jbPlwOXaeER
157,202,four____,_____234,xOO9CdgV1hYlQXn3DYLIzriQjSgTszUoatAOW345sBWxOfja4kv26WxUoj7
202,449,four____,_____234,UJKxVrkp64cT3grzniFOXcuxqhffmUzqS0E18P6UM1Q4yFNADaRVU
449,611,four____,_____234,MqtYZyRz2aSaxsY5wHHM4oJWvvuBCzQwrsJVu5K0j9kuwpwplXXbZ5yaCCSp3
611,662,four____,_____234,zOGOV1MEy5LJTJ3yZLzroyh3PBy3Ef8eGuIv7qzhDHM9wTTQpInn9I0WM9F9
662,764,four____,_____234,uQfp64OIOmUJ9n9vEeXzYlbdtO2KyVsIUzM98JY
764,788,four____,_____234,ZJanXeVFeEQnUQ94zYo3NulDg8zdBwVctQ87aZ
788,820,four____,_____234,CQgReOiqQb6mvlCmzNDcO5XLdtq92P02LcrrphrTzaYVcYyAYIUqKKPuTOW21
0,36,three___,_____235,a6bNNw8P2ZaQh9Uzs44AnugWiovSt1PpLEURE2prNl6lJI8ueXAm0XsTOqew
36,117,three___,_____235,7UkiYMaSuw7znaVXzo3MtH9NIYusvICumq8oI5ekMRxj
117,146,three___,_____235,Wt99aiZnRJWaehc3hkx20IaZYRfEpcc17RW8p
146,150,three___,_____235,2koewRiXFIfzo1RKLIIKybWwRN1lrXPE7EocwiBdgwtTW2TkfENq
150,215,three___,_____235,gCRoCXKtddNk0R9QDVm8Q7KFL1Iljgt31rETqPFWM1t6O1vP
215,323,three___,_____235,wyu94T4a7ucycjPefMJtuiz1SAOvrrwgt6emFoZJKJZ9HhSROI5
323,470,three___,_____235,M4X6DqfKcoYrWQ4jvdRpPFvdEkUhOzH7M5dKKR0pGYwqOVX7TvglrjFeC
470,676,three___,_____235,bNKBAB65XyA7LmhLOtf8gornNqxIUZhLeOP
676,803,three___,_____235,qqOABCOy2qY09g1nPEFsE8DT338ydoRPpLHZoi
803,908,three___,_____235,webDDbkno92UlUINPFAO1FsywbBvwwUZg78XIKZsaCuI
0,79,two_____,_____236,ynrMaznIt5NYond2JlGLhA0CbnGQ7SiT5SyxWDF5XDM3
79,159,two_____,_____236,c0EkzIBpsvzaSNLv55WWxELGsBdDkJwc
159,164,two_____,_____236,aRv2C5gFwfMFgR2s4ik8v5THxFB7vf0IY8zdlLppu3t8Ug
164,180,two_____,_____236,qzFCVKipPtEwIku3dbyqjGKf30JrzD1JIxHR0I2nWULSEWDYGYtvY22SX0pELKWt
180,182,two_____,_____236,QYKruOWMTBIkUkUWQdujk7tmGU5lHZ9fSyIlIkHtwTZJ0hWtPvGaLk6s
182,184,two_____,_____236,RNSbJUy9c01duEAnyEKCpAGCATwlrcTiuh09KXYcnzGQGwy8UT5UwEMdPXFN8r4
184,392,two_____,_____236,KD2T4MDExPhdoJkMZzqNl4Ki8EyyI1dF
392,397,two_____,_____236,0fsvwo6qbXdgzfSzghodRuO7kybnMs5XhATeRfzatb9v7TLcX
397,404,two_____,_____236,063St72f2pX3bjI0RS7vgIELNjLSWYjWvJ8A87
404,587,two_____,_____236,Rre3dodtgHkLVnknbVStqYKWiTSLGk0e
587,719,two_____,_____236,z2LgTXO1QUPWzuwiJw3IOGv43Kla3oh0IdGkWNAzDP7Nc3QqfDnhUcobrxfSD9H
719,728,two_____,_____236,2QN5gdPTfQEjILPqGEz0657YnMfcytz1xjHqkCMs
728,859,two_____,_____236,Hmemj0Ma3pDd54cfcJj000xfK8gaJaORxLFQaZnCjxsS65dnqEt97YDYpZmuqRPk
859,900,two_____,_____236,9LYv1d1HLZhEM0XnlN2Ne9764cIUgT81nNn9PoV9wIR
0,39,four____,_____237,6w9uM2L9sNhL6a4ZE8paDofjJULRqbkWLHGaMZ3w
39,107,four____,_____237,CqxUWDRKz1yIcS9FK63wl0I9DTuabbx7SGlSUR
107,116,four____,_____237,KmHGf0PqxpAMfhuZDNx2MKnYciJeBzJ9JnbyEozV
116,397,four____,_____237,wz73lWUD4WDzV2Wungz9BokGHweXRCAKhWAzKh5yHSxqQuV8ctKPRDI
397,578,four____,_____237,Sf3fNCEufkK2kMrLrgosUPiPJxE6FhY6YCJEntbdYYDuXidG
578,743,four____,_____237,M4LiRAJrn2Yo4VsZ8NK7lwuMKv6Sl15Pm5tkL8PcbJrQXOS6uO7CdxpUqhF0
743,928,four____,_____237,1x38kIHQVrAbN3leVEqdLiOWa8kBmap2nokwDTS6vNpD9HlRGelTBGSA9
0,228,zero____,_____238,iyOTvW0NLLEmGTagto4TzJrWcz85J6J4
228,293,zero____,_____238,Mxop8bfBIiBdCGCZk2zwjtlUvpQK8JjxiTj9u6tg1ZjqtPBjQrYP2uOiBu3dW
293,353,zero____,_____238,Q2TAnNgCQprHiTRy7VTfW7JtCNzK1eC1WFy0rzA
353,408,zero____,_____238,qg4FNbsakACCFM7U0azhIgLU9UxGP49kCRQVspSpRZ5OSSNXEWw3ME5hBgt
408,444,zero____,_____238,dsKwCnbyS29eThdNWiywauaohNEKabayrbp3L1OgeTWnw
444,527,zero____,_____238,6mD0Qe55kHHr2fO17aHikd9jO1GlTYkeNx917iH7hrIggQJu
527,548,zero____,_____238,HQ6qdL4IdrJXKSg1GOM3cEEMPQsSfb4AnQYJikzIfXtHxD5OqQioknxS
548,609,zero____,_____238,vgCsd96fTNtnUYxWQ0sFBJ8270MeGJQY6B08AVJPqIa9frQiHYJlhznx
609,641,zero____,_____238,0hsOOaqngX5cFMuj8mNtxXM2hiD24Kpk3FC1NiDDM0lBw
641,707,zero____,_____238,36GGUmdgScaePxlyK9In32A0urKCWHdMd7GXYWJCvxF
707,900,zero____,_____238,oN4kyWWmRAMKQIeqCY64FRy8akejl7qNV5hxTZq8BHtUR80IHQdQapgzgD2w
900,987,zero____,_____238,fWGCwSv1Vuh5VQjOTRBdLqMKNS7SY4wJzY8jipsUsB3qBIHU
0,13,three___,_____239,0iBH7o5X5ZsyLDUdczkrFgCzu6WVEgE9FXv1doLldlQ
13,105,three___,_____239,BoFBvuWfmVad8biS31g0ydSWnhG9SPth3uUgHrex4Apcu
105,200,three___,_____239,uNFSswepoFpzpWQ3AFWWsoWGbP2t3VuHSNjJni
200,237,three___,_____239,J4uirBLRjmgJZixLXDqKBoFBHKNXhYKm2HqJXtWiA
237,264,three___,_____239,31mVT8yiNrtT7FykEridwPLOCSZRzCYIqCJpkGrLPCKLbNhZIxQZmtmg
264,281,three___,_____239,rw2D0D5bNOvcg1RURIDkUcBC03uk3jlWoAy5ByB71f96ZLYQt
281,296,three___,_____239,VJF9Ujbx06gT5YPX4LHbjoKs7diOjlfNvXuK6kgBCRtZ8Sh56eKCA6pDwjAb
296,358,three___,_____239,QHZMTMcGQKGY5711lFMZlWTCxphljWiuu3XNxW5YG37LNm5o8XjZ1NhSP0gpI9QY
358,363,three___,_____239,1DIPbdRbLNseeKH2YVw6gHgDThbJmTqIal5iO7A6qx9H0geJ13uvLeHRQ
363,405,three___,_____239,9tFtGqkWQFPNKEYVXBjkILRDP1xnm8gxrIEuaY9RNHpciaAUMn3k3rgk3XbbSR
405,608,three___,_____239,ixXxa7U8jgNx3FjRz7RyUWf9tIEHXZ6TAoLD3h556p40Q
608,706,three___,_____239,JK2EH7WQJ7njQXP0FIfxtl1JJnA66JqNp3UEeJ40zh4rkfJ
706,757,three___,_____239,XCsahfolwMZvUQqp0sx15s5Zye6MQGeNCfQOku11hnchT
757,770,three___,_____239,JgqKm3TDOULYflcQBvOGfSVMcOmRjPZMVJZpp55oPOLvbaE
0,51,one_____,_____240,jJqEWKEQ76xlXDBNSZtCluwGakn9T8zRoCzIEwkZNB6dwYyOfjOZNJhNE4QrcDSp
51,553,one_____,_____240,N6KriCT8u1nA74f0V6voJ1LaKGPwzzwjwfNWjlhUi7ZO1dqsYcypssldnRVy
553,765,one_____,_____240,ixrXqyHO3AZNKfDsdaIMKqDtsGHh7q5XORoH1LR68nxQUPNrvGf0eMVi4wzIJ8Ry
0,44,three___,_____241,LkUf7d9si1g6Jtr1BY0sN0y75PKhQHedm0ZQofp0ge0MHX
44,208,three___,_____241,MMqlhQ7KbD7IdmgG8WSHP82UTzvIwr4fN44dnHv
208,236,three___,_____241,oWhsSWzPhbIyOWhFmSx82GjFwzBmmYqFEHEQ6DDYl9YWLqHmmZqMCBdP
236,242,three___,_____241,SPamhxjvUNuUTT7j8iZSWlnJdYQ09fvqq90ZWE
242,307,three___,_____241,XmMtRC34oU7fdTvZRrajbL2MWbCKLo9wwmvD832b
307,397,three___,_____241,tjp6ncmDN1L0i6yoRephuUachrXfjZ5rYTSKECWrwccI30b
397,400,three___,_____241,d0olr3tmIgmNwK176PZW4vlIe0Nfv7PTDSU1PQ
400,471,three___,_____241,WNj8Xh9owJJ2ma928mYSZTEjTadWRTdKlcFs2xtRjMT16E7mp7op
471,715,three___,_____241,xgNmV0L3NnJsMl8l4KsC5kqBZtUNm6iDTnJtNhv98VM0LFJei2NoYlB2H
715,741,three___,_____241,BDJaXvFcYnFQ6jf3yxtcjdbLJp19tOeEARrhedkp8PXco0QIwGVoQmp
741,799,three___,_____241,7uTmuGC7YeVbuViEYcKg8IuC36ZZfLC3wtLZdjIWyW
799,842,three___,_____241,JYjWHHotMhIkBt0ov8Q2DzQiIRDyTfiMcFkRk
842,863,three___,_____241,CHLvmVVCNbDlxCcTjoycpydz9AU9FmQiX5n
863,931,three___,_____241,oTYcbkJMTxymEpIKsRraT7PjILRjzT2FQ0BdXrXIM4a4isqhMQ1p65lerNq32I
931,958,three___,_____241,NjdSIoEK1RgyMpMmoXi43cPuPuy6LzSBqmeucKef1FKUMpUo7N
958,969,three___,_____241,zG1oB38YYhb8KX5Ici9mLjA7HNxUxUi3UeyJc6x5Oot5unD9BekW5F1ct3D
969,986,three___,_____241,Jl7HLvhytjfmKiB2iT8HrA82d0WX2q5UsJ23i9U
0,39,one_____,_____242,H7VM6y8fswPNkjUg5LXGgnlVJqgNse5lVhOTC48GtmPBIUbM9T3eLg
39,40,one_____,_____242,4er8QK1quYnSud6zdR1GZkhWiTWgI3mUu2nluYD7GhnELWdgMxNIIgud1kt
40,55,one_____,_____242,gXqkvovqYWVUWGaOnT7fJAfISl1vPduZ0Hr0ZNPf5V6nSPpbse
55,164,one_____,_____242,nX9gks47imQgUpJKknDlSorjHPaZIygK7qJHFUVQmdVuv54K0CsfPKB3VBsINTdH
164,275,one_____,_____242,oIuAJFxUhGe2KugwPkYehYuR6MjZfeKF7fSxorqdleOJgFlsz
275,282,one_____,_____242,yqUNF6BrU2c8GbqEGKowh9q69cW7kzZmSQhYYDvpWdb
282,368,one_____,_____242,GiiKf4sItICDAPYN1Nl3IVKJDunxUUjcSmTI3
368,648,one_____,_____242,GhQqZm59uLVl6MlIdgl88o7tX3eitdbVehnr6iD3JfjGu5wf7YsiaiVwJ
648,663,one_____,_____242,HKNAWilO5PLi28eXdpctM83dk6L67yXydoyPULzL
663,715,one_____,_____242,zh8Ql49dPhX4CwlIG00UBoANbYu6yGv8t8kHpN4fLHCXuXXdou5Pi7Irf
715,791,one_____,_____242,5UIUTjzTMAEJpyEGNPciEthJTDxAzjAByTgFJ
791,953,one_____,_____242,hQkYLXcR1SKmFSDFgezmpHXzSxeKbctJnQflcE
953,971,one_____,_____242,50I1a5KTkRP1N2So3wwibxeGC5j338XCY1gXXx3q66bAE1KR2KPg
0,22,three___,_____243,Hr9xWptHHAFewX0AIt2EXxm6FBUXsULs5n7I7S1dCOvuRvOGE4SRjiPgK2puoxj
22,109,three___,_____243,qHFUBrp319abMMVIp8MKIbfo3PWc7ouNtbMB0MNkD3Am3hykd31OFf60mI6
109,348,three___,_____243,PduFbFGoHffwVsdRqxFxhvJa6V1FE3jhtp8OPvC6HJp
348,413,three___,_____243,NSl6OhtlvNmyoxwQOShoIyzLOstGmyPMcJPdlkuZk
413,544,three___,_____243,ZLRdkBsSUoXZtWD9YNkoaX8tEiewmNOwM2LT3lNUOOHq4EfaoPeEmwQLAqEqnHp
544,555,three___,_____243,R8sjJLdnVPtrWcyYgGUhJVrYQrPDEyPRv9
555,589,three___,_____243,2uN6OYaIUlm5LLYjFc0Hz1qs9NaU8X6lWk4aSq1n80j7vv0XJFIxRmI08MsUtP
589,632,three___,_____243,A1nYsu3hN8YFexVpKUtHGQhlmAwP0JP6Lf
632,639,three___,_____243,mnXoc1M0hY8KnwvvabfCBTIyK4GoAEI5I5yI3fdJK9cnmubsfmwTmkLjC
639,664,three___,_____243,AZ399Sa1h3YqkLc7I6EXYRpXx5On23Oajhgz4FpdOrdS6uE00TfWbSIJv
664,869,three___,_____243,WX4tpu4ixeXi2eebBGcHz7za2cr2yKQG7OmptG3OTntj2qONdVQ
0,15,one_____,_____244,Ly0srjsV1WyfpX3q094PX3xP0FcaXg48UMI0IMoSP
15,113,one_____,_____244,v5AvAAUnDppHzR2DIPuGUp2EuklGeq2ER4Hs4edIPUVLuTMNH1DyjmM0ARaHU9v
113,127,one_____,_____244,ZBwVUTIGLGU8AqB8EStW8jOs5O0vCg48qgTTpG2VxG
127,163,one_____,_____244,c5y11zSqylU6BaHo4l7kpSjVKtnPGBsgi7buUmlKrQiC
163,213,one_____,_____244,hxl8a2nQqt1LEA7egkMPzKYvqMGNKIA9aB1JImg2AWQVAzhgx4Nw8vIG
213,339,one_____,_____244,Men27QpI60XJqqEcSf849zY4XrCowS0yfccn0RsfhylUcUCO8Sq6ABSUBq64Ri
339,407,one_____,_____244,5ey3kYOvgFvjF7yJOpfiTtdHDXJalwG70tt8BodobVrOp56Mj8yyvPaOJXsFVra
407,423,one_____,_____244,1EDq3bkb7IVnkEpbt0XcWjl6hTAJSkuG3SzLDpmx0u2zRkif0
423,605,one_____,_____244,1ZtA9FTX50myHdK1kbNHBoDi345W4Acpajv04gJcH7tKT2nQhdlTmZn3yKYJHJo7
605,693,one_____,_____244,LgjtMB1XS4Ch8BG0RJj1TlF9KfKcfN7yJYMU3pIvoCUbvKxEyVWlacT0Iiljq
693,945,one_____,_____244,0dcNxwfjXRDPpXhnBdjqnqHED1fu1hWVAIgHL4hKAFFVmKi9bj
0,113,four____,_____245,68fxjByVpC12uXbjHxzdtifgSZrCkbg9HukM7dxhJTJHfgWfn
113,346,four____,_____245,OtJP0DQwmIL32R1FPASMk9ty9hqZMUGWZ0hgXhIBM9t
346,487,four____,_____245,KMKbJtVrTPZjiVMruHmrB7DnkA0UvkS3z4axQ
487,575,four____,_____245,LrfjrxcBUAF6ouFg4FPIyQJZimjQka57LrhdpJaOqjgd5uRVmm0bZWS
575,774,four____,_____245,RSigqrqb9UeNDDZd2xXHbgN1R06ESkz7
774,802,four____,_____245,Cs0hpOaeLRNqMBhZB8T2CNUcxrsfHaNf7TE4WCvDa6Tg6YuszYThmHlk3a
802,927,four____,_____245,wDsWZgmhCj5gxbGmGqfFvzU69ga0xD3EV1xyeCVEy2q8s592lyBK
927,934,four____,_____245,uScIdR8P3dSc5dhebO43zw5KGK4NJTWzlU72Ou3AFG1XecLy63AYWp7gJCw1a9
0,104,four____,_____246,DV2HIYLJU7m4rmHfpHtw1Hz489PpJ6oCGkkGm9355rfgrkOX7R9
104,117,four____,_____246,FxPM2uTG1VsOra5W6NwNG2eND1e8D6vB4k5kQka9p
117,312,four____,_____246,M5rwUakjBq6BFAzjHpjgRVxIb8rdUWokv
312,334,four____,_____246,G6tCRAafjYeP846rTb5wtxmyCoOr05wG
334,348,four____,_____246,smnJpBcod7FvxxomNeYqvxDAN11AnUVVpbeVtccPZFl4Sxc84f8Xygy
348,357,four____,_____246,CbGmSQwLjS9ZupEKOYr6SVMOHDOLso3LNfA6cd
357,357,four____,_____246,noJkH1Jki4wCqd11RhpEPHfhMxONmIid2I1o2ErC
357,362,four____,_____246,ZCzvA4PjbO5QvtVkS5m1kgNMAql7y2VqJmjjzd4BnoU
362,373,four____,_____246,Nxqb33xdRuIj8BT1nvhlsuXqnItwDjZ8Z833HjWMoxWeo6zPUCUw
373,374,four____,_____246,gjowUy1J5eOZGVrWmgc9ltz8zucwACFkJRzJtv8YNMyy6o9OXxf
374,491,four____,_____246,TI0kqzv10z8MiqVrGU0FdnVccH96GzHokWT08RPwCr71z4jBzx
491,577,four____,_____246,nl5f9Fqz1unrKwyFuzP42spDfQMQXM4Vf2gxvwXY4q43tCwHP9z
577,607,four____,_____246,BXDE4siEJUuue8wlqOgRvFAYaaVZXolHpxu001yzMMYvLVW1G2fJiArt
607,721,four____,_____246,Ly7lFaHcsiZ5q3FhFEbwMled9vM14bWcPMqtmHXd4kuSZoRvycA
721,926,four____,_____246,1gwk8iqt8Hi7aXK6zFF2SZz69GVlTJfNZm7g
0,2,two_____,_____247,SaNrQntsQXbgXrMiA0ww36cTYsomFYDzPGq6UgYjz8lYM6BjcywDpLr3V
2,235,two_____,_____247,NguW2WC2AB4Ei2N3bRApMefAZvMVgBc8K
235,250,two_____,_____247,9iW2pQZyG64v7nOubltmi7kFYjSYxQHuLcdChotlQ
250,260,two_____,_____247,EMJilmn24gch7oCnx1RlWl3j4Qjmkoe8drLJE7EljcCQ3QGN3ymlFyZw
260,694,two_____,_____247,CizbpN3cTZ1JrSGGTFc4tfvPbGzc8ndRRmCChZifG9PhdJFSEF7zwcLWzIMcUfw
694,713,two_____,_____247,RpKa5JWitJR2G3rNLqILE06yoa09IdmoKYsg
713,782,two_____,_____247,ZXO5p0qIon4b0TbgsRKlD0QfrU10eVJgrX61M6XjYmxRouFLalfU4U4B
0,65,four____,_____248,z63QHfQ0RieDVbbVvgOGvUQO4PM1jq0VrZPVdEnS2O8ts0KSEyZz7y3qwp9Y
65,151,four____,_____248,DGiTbLgI5LwFfjyCju2ToKshhIEEu8hxY9wuuUjJuwPbT4zoq9ARe8
151,223,four____,_____248,fxjVq27fE6CflMzOebqeC2Eo3yu1vFMmXRf
223,226,four____,_____248,OBIQHFJRpLexbyRyFAMG3XmZfWDr27nZyllOqSlztMIFp7
226,242,four____,_____248,rurTaLebquSsv0WozNsnMTOYFg0Ns7ePbJWNaFNs3ZVQ0bwYiA2UlgAT6iRsWa
242,460,four____,_____248,ps9Weh3zGwfnsyAG0ugAnVaRiihvjx2Fwc0YBhcRgTTFcuyj6vbIcVK3nJhQ
460,724,four____,_____248,QwVHjvjgBciTvW9xzAnYcx4TJPt7vqLyyJK3Hcsl0IoIGiVYrxql6ZL4MKsQ
724,769,four____,_____248,n6EcVWssQSiAllEdydKvnyNKZqzs2p7d4
769,820,four____,_____248,3y5FeTFBLHPQVnEjTF6p1S4pEwQh5mOlwp90wFcSKbm4PJQvp8QXH6rK7
0,21,one_____,_____249,Ei1mfGANj81YF49RiG4XXg1AWObCBoD8hUQZfsbua5NZlsKYs16FkNGr
21,82,one_____,_____249,OtJrKv1S1oXwxkD5zihK1mmFE7lOFGIybnfHmE2vZV5Ba7zJcn3EiE
82,144,one_____,_____249,Pydi5SSdUUOcth7lAtbfCOOCqRD8r0qPDQqwuU2
144,347,one_____,_____249,OwtAVswX3Plgxwmty8TeZBJsIJqyG1OB4TxoIrHDur
347,652,one_____,_____249,hqgE5JLjPyACu9kMWAIbx1Ojjmvpqhukn9gTG
652,887,one_____,_____249,XAxmkmHuNHl73h0ouRn0QJnE2U7ypcNq6SWcALiW5A3glf0aBCI
0,22,two_____,_____250,bUYCSkvVJVns9kL4Nsjo5Qxotq3og6XAATFsfaWB9akfu3CA9lhH
22,66,two_____,_____250,Bfx5fw8PpeTZAd8b6TG9auf6Ho6orwBF4J
66,125,two_____,_____250,qKsciZm59y79PHUgBVtaQSbNFCFmgFOh8rwEY6uYkE7r1r
125,199,two_____,_____250,pXgHG6SY4SkA1SXpO5i8Z416zcAS1ridRM2M5mhkjfYglEhkL
199,238,two_____,_____250,fZNdwTQmOAZMNVNRfl43S9d1vyvY6l4LZJclIVkj5U6
238,306,two_____,_____250,JX6K0qb9bKOfPSk6qA5W4rI9eDKRqdBmv9fpu0ua2r3UWCxbkqXhpxDnlVt
306,334,two_____,_____250,gHMEtRntkAbWUmumXfSFKQyHM4stDSBzfHy72dZbcRslM015vGFiDX
334,420,two_____,_____250,xi8R95Pm55K7HnRFPzFKTb6F3y0GeZFS
420,453,two_____,_____250,KsU5HCYtHcojBtrTxW4jHI9eRfc3FApf27iI9
453,559,two_____,_____250,7GgdlWeWodpg520FF4vaBaB66F0FM32g602vW
559,567,two_____,_____250,BddJAJsncUdI9XRLrtIAfUWgKzfnGd31qwVfTYSxtjZuAickbOo
567,572,two_____,_____250,xVFz88Solp24qKdoADI6ItPRsX1veBhF7CcetJ
572,595,two_____,_____250,z1pmYZIdwE5a38eDozKSAw3KfMJsUzdloo5t4wimTCjciFi2raXZ1Qeg0
595,750,two_____,_____250,nkxfwILNuVHqr6R4m0K7ZTI8AGID5U3yKr6cmwXcWLUiyxTxEiQRRq7l
750,760,two_____,_____250,gJRWWo4DP8Tr5WFEyEzdbtK9h54tjDutY4koUDdz2b
760,814,two_____,_____250,jBpwQP6flZTZXQ88LY1wN5jkxzKk8JnGXpaWceew9AJ5BKRig0Oueu16dJzcebUe
814,820,two_____,_____250,tiu86UCrv9ez3KlrWLdedItWUSvNYyNIMqxSk4Q0
820,823,two_____,_____250,D3w8fiRVE5Nsrfvrcjncsw1cN1b6Fd10hbtKSdlDv1OdTrqhzGOD6lanjPh558H
823,928,two_____,_____250,fnLJDCP9BQIENsBttnuFfCLMKUXwJ03LTUPc11F02K03vQg8flqP9gzRuX4h3r
928,933,two_____,_____250,w7XwvBfqcqlvR6pEyiJa8LGZemeixxWlXr3WYxKf
933,978,two_____,_____250,yjF1DNi1aTinYj1exXFlGK0b6ggc3SsuDKlaKPHgicvZsT3UZvIHi0XZlYms
0,111,one_____,_____251,ZN91QcMQeVLBeYliG6c1EHd7u73EwnseEGmz0UCtb
111,221,one_____,_____251,DCYmSzQo1UX847ZyrXkYuLmoAqmcFEznrdwAsxh1R5kFBhqsIWJriS1xFMVsxL
221,259,one_____,_____251,olChMoWnzT8NBAmVwreiVpIeO5SnR3o6eMZK7eDo5yVpbtn
259,290,one_____,_____251,0QYcKTmNxZu5VbK765InDgJxv1JpPUP5aqJmacp8swanYTepe3r
290,290,one_____,_____251,II3DBqG6yByfCT13XhpzudyOpQ02sPKalrO
290,316,one_____,_____251,TWHjmj0VGj3mRug7rHLIfYZU94WwnWEWMVFCJOlAYgX4Dvcyj92
316,498,one_____,_____251,tnp05lFiYOReWDBnqRTudJ4YQoJF6qMa7Jlx39vnp6lmLlBIs0xwj5KHvm
498,539,one_____,_____251,M390ZLO1HjrX5DfMIHiYMq2j0M0A0K6Tvb9ac2RF
539,648,one_____,_____251,CAPiZK4x1M0lk5iPb6G3GRf1NS0RBBr44R5So5Lf4f1zxSVOTwU3kTfoR
648,719,one_____,_____251,TTobLkD2JWFDvtmuSaYUY0StAxjvujlHMsMuxzvlNpNL0XEXfnbEtRB962p
719,791,one_____,_____251,BHfQdiSQobyQALhyMJ5myc0fqn0WrPbaQEq7b5xpyBlRFYA07iO364vYQBP9LqtK
791,795,one_____,_____251,wwzs2RLevHlalw3jPEkHHDOhTXzJzeMwduRjrlgYx
795,953,one_____,_____251,MbYShzPzPfpgFaURhNHAq4xYdRsOATjhYAoN0aWLQndjqw5LFSIL6nOty
953,972,one_____,_____251,ZZQ5tBucnyuEeYaXiQsOYaTd7FWKRZJEdfjoHYcgXsLf6vcogsI3i8g8qu
972,980,one_____,_____251,WjePbHvJMIBGlrtVsLojr3LvhnF7eMXjtUug7BMjygzVyK9X4lvSzOvinKYxHf4
0,95,three___,_____252,owzA3NPt6TYURg9EPb5Unehq62uGZAX9
95,145,three___,_____252,73H1wnYstSz2KiCFHKqYswDVVD6rVu6cfZxg6eNi9s6KcQc
145,154,three___,_____252,1RYhPNRoBz6LFpO3GiV85tzlAjWpPEnf4VU74WmP5amo7MbS66dMII
154,319,three___,_____252,nEXXCqxFAttTXeqFKTf1NyYBitldUhfMLjCt5k6IsRFXteY91bNq5IgNkFcePOP
319,320,three___,_____252,JHBNg928WKaJ9ayuwa6mGxGIwFTSgieOr
320,376,three___,_____252,dkHqExU6ht3xikB6zMGGGm4qaLAK6PkQtwnjwHioOFrUBiY8NszNwFN
376,523,three___,_____252,RCkRpfAQwG4pBm6VLNUiF5DbMaYrmt7TzPI1
523,587,three___,_____252,ECh9gdX4zIP7CBRkVqv6Zo1OgI2hHdFhIZK0
587,750,three___,_____252,Buguqj6VSASEoCZm24ZkcKqqVDRCIlaTN
750,785,three___,_____252,qQKVUsYbAkimiJjocrhbXCHB2hs5AbFX3Is1x3fCa1
785,791,three___,_____252,dX0ONnpEt07DQ3RPesSHziK2MNFrcUjmxsgOZOt
791,863,three___,_____252,H0pq824cf0JbsEL6MeBOv7955oFXZ1pdOgtggRqEO
863,949,three___,_____252,gn32Ek2IKfJMkNc9Xzn0GrZpsWj0ZEyi1Agx7
949,990,three___,_____252,kLpQhmwl9uPa04xR6lOuOaJTf9ob0ydBIVFdEs9eIr2SSdyVfwjyrGre23EVBplU
0,28,four____,_____253,tJAnITXrsqY6TYyAfO83sjpVdLeR4OGliMlAhdQuwzLp8yi9d8aeChcYw
28,92,four____,_____253,rR4bwT1cLnX402TRRI3Q4NTlLVvipEw4Lf8q3
92,140,four____,_____253,bVRqI8PiMiDUe2Yx71zB6eXou6zSHGNENpga3YQskrJgc8jyVIBPhu
140,318,four____,_____253,KgCeqSJ0YHuwOA9t6Kw4GSuutmEZDt9OmFAITac3OX
318,428,four____,_____253,C5pGyyDtx5oAVOoVdabAzuCsKkNluaEZLDvBM6ugyxlM
428,515,four____,_____253,eOQbO9OWJwxXYR12829ipQlVmFZU1gT2DBgZzAwX8EHeOMQ
515,842,four____,_____253,gcLe1P1NsFAEnfyEtfZq4j7Mpp47N6UoOx
842,855,four____,_____253,RD9WlcMMTVaUBbhJUqI8ZXTo0rENckhWsjzElrMCnGwe0LhxYWTePTNi
855,916,four____,_____253,DGHbmEeKAKI6wpsqHEJ41adVPzeMb1oNn9TolKy9yZr4NnbxfKSompu9bNyf1
0,14,two_____,_____254,X26EpL4WOJE4J4cpy2VMGK0982wlb807AUcWdh4Yn4tgtjnvG0OnxEI5ceDSY0P
14,248,two_____,_____254,uz6d1doz7D7ObHlebJuIIqrVVl2bkkOdz2dmVeYNc0FbjF1PEHpbk0vQXVIr3
248,317,two_____,_____254,VPAge1odK1vmLILcspq976R3w4MDbPCHvo2FxWjAESLWeypn
317,347,two_____,_____254,fUdAGBndUR7BIjHOznihcePtCzg33miqiMBJ6mvpgPFXbhhxFbJ
347,824,two_____,_____254,dCgC56i6f1xBnXR9EtgXjPNDjpBRmdn7rHSfID1nM1MsEAG9L
824,866,two_____,_____254,tYB51D0jrR3keFRSpCxAICdPyiuadJHZXX7Fzpx
866,882,two_____,_____254,pr0jfvpsjg0LxzbfgF0DJd2CSZmclzzxUEGx2OkuEGZw2sw
882,892,two_____,_____254,jvyVmjQ61pdSVaWAH7Qfoj2Z3ZyDSAZIy1t1jTo
892,897,two_____,_____254,bvNb75qthwtvXidG003v6AuXNuQdqySgd6tvYb
897,943,two_____,_____254,19nsd7NvosbaVvmhHAc82Xaymqxh965SUWWz
0,20,zero____,_____255,9WXOpmX99fTVcIcB5EUAbdeXoWiRgOAu
20,30,zero____,_____255,Lw7j8XJVHNqz6Y2fGiKRfC7oCPFuDURWxKBBkmIjCSoUAw1x
30,46,zero____,_____255,TBmwKI9YI26wlXn1xXyP5I7OJJ1XBZTBBeHxLG1
46,105,zero____,_____255,EOx5vk1Lbr23lskCHjPcnFJlzKPnZNCNnMZ2fhIHPKW3nyrndEJ2rFVoe0YiCTX
105,137,zero____,_____255,arJIEU5blpAYTJhVuCo6nW01zFsTIpU4klWl1
137,147,zero____,_____255,e9TyhtKpKjIoQiInvY0irPcaXQSI6k8RsnvWph49
147,225,zero____,_____255,ooRkfDWo03sVCAX0yLp6EqQQ9SOG9AGxvVQ52b7gZmYATrV6ykqn7wuUu
225,355,zero____,_____255,Zw9r5dzjgrSJCeGVLDBolCeKvuEY28aRgQzT8JKysG0uvE92qdlIixcuXVfigI
355,474,zero____,_____255,8Umd9JEgtGvIwGEyaAOTVlpbuaZDMRzPVA6TdGVYrin9d
474,491,zero____,_____255,AZUdfiHOKnmKSXHc2ndgaVIDRWGoiap06X3pGVSEtRxHXR8JATQZM6mSXC
491,590,zero____,_____255,PdrRPy3RLuynfHze9h8cQ89o3dPTVu373fHjx5Frka
590,597,zero____,_____255,79nVtdJr3njG84GeSUBsqS1gXhBn07oX
597,602,zero____,_____255,86GN74gPrhvMTmDbtYQGgCQFHG0V6o06q1q69wsmgE5DO
602,678,zero____,_____255,TJJzlkvn6KfrPIgR413h14lLiwdBbG5BJtDosaFf4s4PLH05YOh
678,693,zero____,_____255,dUfHyvUgVTotTP1FNi3AibGaJWWzeaQQHlRxIejB25iGcMUDCzsrfYD63yo8
693,696,zero____,_____255,AsIFcNaqkzFiyvA6PhRlrQLQDkuXwsIUSHsSMwUP
696,735,zero____,_____255,4LS7jz3BNO8biHwuf4c8eh6xlrQJQZXxhjp5jaaX9mjRdJUFRHhXxN
735,754,zero____,_____255,3WThNbHHtYAPpM2caAAumEeZB3Vecjy8dGDmuyW5NLpZa4KviIUWBXgFd
0,115,three___,_____256,YHPmicwAvUkeTdpCPozD0TJJ0GQAz6zno1
115,116,three___,_____256,5zinAxUpMqCHLib3En8du5NZlv0Qj7uGo7M7d1AS
116,230,three___,_____256,X8C9Lt2YYdCKPdTaIHgRw1tdCIQM9BpKQ0tAXGO
230,232,three___,_____256,Rpt0fUIaSAZfKzmTdGe0RmJyoQ3ruPMmSEfWhV1Uv6G5vs3
232,254,three___,_____256,BotUxM34mYu2wjOHhDCQsWSV04fZkiajv6HMEOKX3nmf0Ncg2p4
254,332,three___,_____256,RKILZOBJpsSbl7ubXEGTX64tnEMcO7KffgblB48iRs2t
332,337,three___,_____256,SE4CSaREifWV7EVYO8wI0IZMbDJDuy20V8XFJQT6QwF0UkeYC
337,341,three___,_____256,0ntwYSvdXolxooXrVZ29mM9gcJVDDPbYni95YIRJ4b5OaYyMvuIuBkWA
341,345,three___,_____256,672HxRfbDi6WWYB2cQlSyselqc3BfHAENqa
345,350,three___,_____256,j6keXmtkeswyPx3vtFFK8mvbggeDnZDlTuEhIPbF00
350,522,three___,_____256,QDnb6GPrReZL2H2yJ1PX71t6z2btXRDzUpKaNcnGLPuxyNg3bHc
522,644,three___,_____256,Bfhw9rEGd9WdHUts7YN1QlOdLDUxLVRkN
644,667,three___,_____256,WpD9j6b7x0RgpMxxkfoqHHhPgNgNKkQ9YBi9KQ37S5h8dXtyMv9a
667,949,three___,_____256,t6lAbDUQdnYHNc2Q4usS2Hr7Qafdmn2uP
0,119,three___,_____257,OReQR7R24Ps83MP9ZuwDXgB8Vtm8vQTytbGF
119,199,three___,_____257,hT9pm3QwsKtOlgw21C6JuXbQh9AA7u2297O
199,301,three___,_____257,BbBneM1HlUUsic1dCPGQM5PyTZxeceHp5yogoYprv0KzKoK
301,318,three___,_____257,3dizZk7zeVNLvKx30E3N3GkWJpvXLZqicL4jW3pOhkSO0sgf6427kW2M1OQsYD
318,405,three___,_____257,voQ7P1JzToIKlu1LAl2WmUPGgZda8zuIFw0qShtjkG0i
405,478,three___,_____257,Piu0xyoAruaiusNR2RVbxo6xJYZROIQi
478,586,three___,_____257,2kW07vnKE1Mr8QLS7oNsfWaNNY7RaFkOeZEbJHYsYL
586,769,three___,_____257,kDA3pCHkVoGgR2VYR8A3xfZA6GGc9XAX4Y4rAI06gZzpaITq
769,795,three___,_____257,DJrfFj0MbPEGIVWleM1Lqz0mzQVu7N5B7jtv
795,959,three___,_____257,16CvQR9UTBa1TNzXBZHS1wriz1UYxoS0nVG2kw
959,961,three___,_____257,int6uTZ1PjN5DOky0HzyHX6LoGjhaJ0wW3oBe6NqWouGCTLKhpgW5GaA5yk0IS
0,121,zero____,_____258,gCZfk43L8O4Dw0m9xBdGlrxhgsxfjQmwJhyNNgoyTe
121,357,zero____,_____258,NfVbL0GVcpgQe1Domejj2tZSdzxdg16jS7vZQLT6X73jncfZOGFe
357,480,zero____,_____258,xgiAu1rQBut8WrHmB9eowzSgKe6COptd5Z6Wr3rCAeCllRNQZUIt8jWFdzQua3
480,486,zero____,_____258,i6WLjwUZLMmddWD4VOtUw5wkFsPGJ52mMSPvuH3kZXh16zlNwL
486,843,zero____,_____258,w78i5OWT5lNhUvB1GKuR7J4LmfXhRG0eGEP4DF8kE1SLV63EHolDN0nvkJVLhk
843,865,zero____,_____258,qv7fYY7VvGDg9XltAHKwKasttTnbug7A
865,887,zero____,_____258,Qa0lPviwqIe5bkoKi7lc6QlCvsI3nmTk7iZ8cIffrxeCQdR7N
0,45,one_____,_____259,kiQSWzluea0wILVPwXTLoiZiLrCnrczWiwGLZhXse8L
45,75,one_____,_____259,up0OuugYgjilraLs8jx4gxJMiVtqfpgX6dmEaVhe8IlLj3NmfBRwZvFk6Z9QvZAs
75,177,one_____,_____259,l3JIxV7V5doTaeMIcdCu00AGRGhSrcfNHCwDpCyX3dMsuPSaipKLmtZ3VMedJ6S
177,268,one_____,_____259,6JMnYJrNYVZXsZJR75RREunHnCwIQituB6g
268,319,one_____,_____259,dXtmCegwCXt6J6aH4nho13eZHBrBJL2gH
319,461,one_____,_____259,GuCVBidFRo5GbSvF4AgjOv41RBDKsEp52bUqLyuWL8lGRMI5c1myFr
461,656,one_____,_____259,izzkj1gdY97FTDlBCSNaVmM61Ph8mW4HMM1uf9c5qNFBV7juc72VOx6
0,3,one_____,_____260,7lNYVPrWUEu3fneIFvT6SJoxljdPlJhoo6PBrKMIeE1AjCeHSaPyxb
3,102,one_____,_____260,f8r8uKFEiLVr1EURVxON1LSoUp4rDGc8Vah7CFm9oCSEoTWj4KPyJs3nSw
102,130,one_____,_____260,0VUF8sCuhXZvXe3aaQJNNLsSfxonKDsVA4fiyL49Y0jQ2
130,176,one_____,_____260,HPd9Pb0HAHpMArIMMFtyogrSWKq6w3MJlS15BL99f3Zr5Ry
176,308,one_____,_____260,jeoSE43XArqtQjkdtA8Pl8Qou5S2k5u2MkeRqvWUZ
308,467,one_____,_____260,1FParHKK4gACiLYVQ2ecd36O7Nw9CYD13mnCETMB5bl
467,502,one_____,_____260,ziNwTVt2Y6qq9MXCjHge9Ek8d2uN0nRSAZzNUJyjTk151S7dYsGtZNbtbli
502,592,one_____,_____260,Q9UMHumnBR9r5WsyzN8eJInWtBzlPwjxJQfYjLwx3P93YFf
592,671,one_____,_____260,Op5EMKzuLrfsaGYAmnkVxCyc7AczeMU7zBvon
671,764,one_____,_____260,RcRE77TUHh4wdTbUqiHpsf7Qz6Vn8rPdxmbyc4d3ynU4iLV
764,771,one_____,_____260,mwQxQKmwxvHJYnaPfEGcsagvSJCiQolCRMVZUbHW0HiyF3ZGU4WaZynhaCW3OI
771,900,one_____,_____260,2oyJbMZi6Ps4PtlLoOWWHgGdOrNmfhwmg9lOwhDBPh1eZTXC59
900,964,one_____,_____260,pwR4mDpt1JZ9DIdxRv1jmZvIkTx7kYpJ41k99nbSZkc9RBSjdjVAWbAWTHFFapW
0,182,zero____,_____261,B1qgT2030SFPby6kUiJz5t0J9dM83VkWMvacFun
182,403,zero____,_____261,nVEuJh0EVTr3Cscp4bw2b1xKh13GRNhdweiEX
403,633,zero____,_____261,FBSir6ht0ncp5gdiW4XR04fyKt8Ly3k0zedWgAszW6kzS
633,816,zero____,_____261,YeRpqFnnzrBCDW3snwDrxgMtepJS26UIzqs3KRQFPkcAgxjoqdY7k0IooC3xNd
816,866,zero____,_____261,VeDljJbcTNbycvNRrqbMlsUlUGWjc7pMQtmfj3wh8iF
866,997,zero____,_____261,Y5HsBDJbx5vMG6JJIGxf5aXOV1A2eUO3Y
997,999,zero____,_____261,2P989SLsTnFZAM0wpaQtpo158qznkNLYnqv3YxspfBEjeY
999,1000,zero____,_____261,7SlAlXgflBrxUbM0Kzcqp37sdRw7Y7poFb2goKXa
0,34,one_____,_____262,RGkpKcsiR4LlAkJpdyzRcYG5g85awDXFTyTePoyG9bp67d
34,69,one_____,_____262,FxWgvaXLVFwb8xENlBNc1mWNShPnqpGmWcdCM00Q
69,166,one_____,_____262,K8xTkVKKdX6Z7G0dqAB5ZzW9DoLqsnXEpSq
166,373,one_____,_____262,8PAdzaBtOUFuAWODPxD2owbBUuyWUX9F2xNTEPyF
373,436,one_____,_____262,2aUWRwRYAmjINozmtNQXBsZmuPsw22WThvarrXTl
436,504,one_____,_____262,WrQrCacuibAGNJlSMOlcSZwGuGOCnOxfOQvCE7g3Vg9z4f7N48FhAiyzL
0,63,four____,_____263,FhX2rUlCCqyY3d9unKs1PfVHdvwrRI6swz7hFtEzop
63,185,four____,_____263,ox2MWrY6C4a3OLoUtc0147VNgVcnjZuoiOchgPDPG5g8gbh9rGfCtK
185,233,four____,_____263,Di3zRU2R5OtZpnfq6EviLPcxyMs9a9tm5OZKPP2RyZ3b8pSd262
233,343,four____,_____263,QqNViX0RjGfr24MclRM7lfGEppFtv9H35UhKbMBMKohrPgrc1T5IjY
343,344,four____,_____263,NWmvDiTGRPPUlgxzadGp2coTNs1VpMBtYg5gDObCjS9cpDZOncc
344,381,four____,_____263,rFuYPae6WJgH1o9gP9lH0Q2kCXCIEVMzckHLE99
381,407,four____,_____263,SghcNaZdR0lACBJL2sHUun1HYu7UlP2NOHchsfgJeMf1uCYEs
407,442,four____,_____263,4Yty6sXiORzOr3Slkwf7GKXpA1XlcaMsrupx7O7xe2mYd6m0vOQEgF
442,619,four____,_____263,QDG8kfG04ieihNK4afZJK89sxymtKDFGXmKrJh4GeWraLU7R4vdvUnJcJzM66mB
619,650,four____,_____263,7S0nbDe5PHtGqoT6VXext4eWRgCRgyejSdjwU7cBq5FcCqcizYblC0sJ7NhTf
650,737,four____,_____263,QwHGqxS0deYSzj2LRFYDa3XwooL07xsNBqNTzSrQx8Z
737,787,four____,_____263,oTSAvUHKQQPTWMluYNjpjUREKd19aawjCDsKewNmdNh
787,836,four____,_____263,DndeJ4Rzo8WVEzmVqvPbXqK3Ts8N3d65INOaK6N6sJR
836,871,four____,_____263,m7kBlbxWDM6SR6MAVUk02LDVInd9bryp3SbKEEKJBJ3Unt30fxb
871,892,four____,_____263,1q3oJUGMv07CkCtEVkkaEkdqccYjE1im
892,931,four____,_____263,Vgst8iCKKb72JArK8u2grlOj0llYEC9mFv8DkJNMBm48Vh9Z1DiQb
931,983,four____,_____263,viVFz7wMo4wqPsMB0LsOTmRLfptCtdPsK04bm
0,14,four____,_____264,ZY8shq5J3GzoDpToejNFEHcj4fUkrJG5LWoCjfB11ZEUDUhAI1m
14,155,four____,_____264,mLdAZsRTwx4Rb5R5R6vWSHBMMFCVIAFxKRAVkFMihNbeQ5f3ACHkiAptR2U
155,183,four____,_____264,n8PzxLUKaYfMcW54Pp2SIvdOkOuItPz4JJlxC0jiOCOuBicPhQp
183,241,four____,_____264,CXVGDmncebC8ys7hAlGXApvyrKAZq7VCsZAfSauyQf4qHPeUdMjgpcG
241,306,four____,_____264,GDmqCQb4DWh0cEE0SFTgQCSfW0TaRf9mYmxNA9Cx6DRtB6lkunT5lk
306,516,four____,_____264,VJHV3tcGNSWVltQQiuiy3ndkZKDLxKQlxJnmi4j4qqSOVGq0d
516,614,four____,_____264,HtxRlKyn7qYZpvNIOXqpFPRycYkS86zJRPO8MuYdu4LvhEdWRKmncc7x0WN6
614,793,four____,_____264,CtojTG3Nr5oi6YYH0VfQAh1noulVbEyDmXNur
793,802,four____,_____264,Z3reWRZYuE5NQqGV6Tr5nZqUnXPUidLZk15EuFrbC
802,832,four____,_____264,1tRlXN4cqBXai7ml1oEJTkHRGMN79hgc9uYP9FP7mHRoeTPvZ7phidiVdV
832,877,four____,_____264,a7PLYa0xZHJ2IwkJeoz9uvNL6mJzAxetqUUomTYrD1i
877,950,four____,_____264,LQm0LOm6gdsG06g7VGepCH9CSr4ECZAzWFJkAJ0pDJA4LdpGsSwKHRb4aY2VCUR
0,111,zero____,_____265,It7F3MKWUQSms5gsA4dxdcJ1CiIxZwMUelRzav5qkQtnGV
111,131,zero____,_____265,H41AJLBNTxlYUzfBXfSEn7LnD0zcdBccGn5Mxink6aWdmaM1
131,133,zero____,_____265,dtAxweToPM0hLzgY9XTFAnVgZvhemd5TxUyXZDvmDXeN
133,250,zero____,_____265,bNMX3ToVOAnCYv7UfYehSBFn8mR6Y2fhfEH6Lkv1b56N6e4AdNEOgBnuU7jHAin
250,262,zero____,_____265,7i1Li5U5i4YZ2HGZYx7EqWeXdbxcsfztdnsIk
262,385,zero____,_____265,CYE85UjXx5MafWVsR0Ea4b5VJoNY7jJqsX93
385,436,zero____,_____265,XEOuANRb2fSL7Tvj7LcPIzCl5RiybdhjGvj
436,626,zero____,_____265,0D818W9HinqOFGIk00NjScjeeC2Q6RltuaSLoYGl
626,671,zero____,_____265,mAq73IikSacS1mVPxgB8ZEggSVJe50eQGAHIkhkI2yzbCKvOzTuyczOL
671,787,zero____,_____265,DYgKnF1T6hp6ztpuMRWpwV6CkLEK9HJROgrrJRZFBWk8ZRYHOZpz
787,796,zero____,_____265,VoiIpjSzmZJuACcAwYlvYTli6J13Gb0WQK9B4tXa2HwLmenuPUR
796,901,zero____,_____265,9sci6feUjiv2va2qpB8BkAzoW5Reyph7yQfsHmRhhrDek2NN6CVHer4r
0,2,zero____,_____266,Jn6G56TtsnwNxdGCAEdWUUtVsZz5rQ0QNwTMipjjIxkIp5QF5
2,90,zero____,_____266,AHGji1XOy3Eze4bvbqxxeV5WKCuGbgEXbT3ZsAFB4mJnWBQdRjKiAt6
90,126,zero____,_____266,YVW3VV3lOuWwpjj4LwwjyaAMfgvTLrpGndqoJv3XwU1yZdp5sc0h0FKsDmPCz
126,354,zero____,_____266,m330Am3NL2mZFOBTBFcjYj1kzcfLXtpD9HMuD
354,561,zero____,_____266,TqLohS2zuM9WbRVsQHJ1l8Ckq6TSkE5pvsiFNgaQLEUuwmHsZWKfovP5sr5P
561,662,zero____,_____266,puVZylGVB62ug8SAfTam4vAFqqNiT4StpJ1eiQk7qGSnaKfRTxuhDoHRFda
662,764,zero____,_____266,ggf8ekMucLuJd4arhn2K9qgFtlXnHreFtGU3gCzRRD9eh
764,909,zero____,_____266,X3YfoXVe5guFW7bfeUES9Rs3vxt9zR62iMxWl0wZJCngp6PK9
0,17,one_____,_____267,xVwIRDzW1yDIbWNbcuORqu9ai0QW7LuAqfwRKK9vxjtMUfWn8
17,37,one_____,_____267,yk5c9Kj6UtJgeM05LSuyL3MQsV2IPVQs3mVCAXzTb1vakQD8lvrZSI9
37,113,one_____,_____267,CAWDjwn8M9iSxwkxXBCYgYxTxAYmmWsokUM3oZAz0VgmFmi6Rf3JF0OGK
113,146,one_____,_____267,Hea5PRlKQ2mHwFzCzbHqVxzZAba5BzhMlZ
146,155,one_____,_____267,9k9APSTwF9G1ksWWGYRmiN66XBnvmY4CQ5gjFJIgYQ1MFxs
155,260,one_____,_____267,r8Jy5TuuebYZdZmznLARrgWHeaT2PnsY1CP
260,326,one_____,_____267,cFzUjr02eIK23U7EeyEURBVRzJo24Fveo7
326,332,one_____,_____267,dmtJmglU3FldsydHYBEYEoIbphOKqWizPMolYum6sa4EOcr3ZiWUy4TN6qsmIAN
332,399,one_____,_____267,OxHwtaP2jafM9Tfg5ezDyw6xIg3yPXGg7jOdR9nCCcVHUWuaiFh1RoI0mUa
399,486,one_____,_____267,cwInmzF1gfg2spFfMOPXrxJWqHnTLuh0EGnX3GUvtMRv
486,677,one_____,_____267,lvzGf8TyF2RseI9EgbJjgxyr2AwZF9tcmgpTskt3
677,740,one_____,_____267,3j3m9zTpUfVQQLcgTNJGgGqlueZGeJfUSwshvHNP0oaKtFGrqwwp1L1HB4
740,954,one_____,_____267,vOSvImRN9gP8KMV0vbTgAfQsTMveXnDuRqv5HrpQPos1D6RcH8dy
954,963,one_____,_____267,ptGEhP7ZVFGEP0lx6Qbeoc2JmMevJPdSHT5djbOyFVumen
0,425,two_____,_____268,qKhAwzpeVSzB9RbNkCtS7RGqaaqL9SI3od4X
425,443,two_____,_____268,DM7kASuAo7SpUSDbrzYF1kOvwrIhMTBe3aDernMOEbiH9ZhOQIvyNTjuUKElkVv
443,522,two_____,_____268,Bpw6ajLwd1qORWfzoyzOFazbDkL4LD0QndZMZcglBRnnM3yqcZWFv8
522,552,two_____,_____268,P1ocuBSCFAyQbVtJxkveSoazBX0hDXwCle4R37JkyfS0RGZeXjb9esI
552,648,two_____,_____268,dwn5nJVxJbTilhOWXJ8WanEglau7JD7oLc
648,790,two_____,_____268,Vjo3TSoXJnmtlfZ5xnLENEfzhy2FRTj2BkeygYE
0,206,three___,_____269,uj2AOX6Lj4Pya4Fqgg06UbGHt6Rc9a91eeeg6XWziDQsTvxA4zd
206,300,three___,_____269,OQESFsfFLXvA3kcGHJKXFRqqeKESPATCTPk7j5OU48GW7TfRhNElcQT2
300,939,three___,_____269,yb9VcqeiufejPUMb689j1XdX7rzV4X9Ou
939,997,three___,_____269,hyUMNLgbFPr6UsDMa4b1TCDqXybEHLUx6gh7vnFeUfn
0,56,one_____,_____270,7QJRnQd1Z29SVj0pAJGEYML3UMJZjbxklwfGsC9l03ijetZu
56,126,one_____,_____270,EQjg3HtJqB5NWFkBjYaZP1CbfWEKlmyxdFB7cdgh3JCgv50Ao
126,142,one_____,_____270,fVU5eXmOXDK5lorQOz27lAJ0O0S99mZIJCmAIbqx88z9QyTRPaC2PAS5g6qoCZWr
142,191,one_____,_____270,r9bV6Z9hiDDpUCCKS4m8VyU77Wan4O2vg06L
191,222,one_____,_____270,E3gFnYrNzka6aIDlVf27REhu9xEvH5osFEordSsN
222,308,one_____,_____270,fjZzBjKnbZq6EmpatxLaKS3H3NLC3ArhkuLGdT8uHDAo
308,330,one_____,_____270,X9JsqNWmajqvgHyBY62uOGy0kZXitDeXjstLqXuNQrZ2bXKdL
330,440,one_____,_____270,5ihNJcTVnVajm3INloVfyR5oP6cog4BXH
440,528,one_____,_____270,y5SJBVwZmvQA9ISFW2FZSbBmirLMDcCjBMayJkfWTDgmoBTxbAk9stRaF6vutwP
528,616,one_____,_____270,SGlW0rBdHnCipbF84V3WkHnEiHhq2BtIHEmr7SRgwVvWdaIwG
616,930,one_____,_____270,PjKm7BUxcXQrbMYPJC5KjAyFUEzqzTVyPPT5BJher
930,965,one_____,_____270,7reTICETwddIW3zVUZhrwIanP6yEZtwMBP6YK1nNgaOWAtBBQzRrhZ2JiJoju
0,68,four____,_____271,35cfAQ2dNFAPXrm3SbrRoJZvxZppsqRHMKI6qoms8MSqG4puw5cxyr6ucRQ
68,250,four____,_____271,1gzOSKLuBnilIWTl0TXA7peTd314xBMZyOQsdhxRC4741SDyqqOWd
250,266,four____,_____271,OyhUlVKmKZAGbUlkBOJhrTD9bxWWHXzmrLROBaGFzewwCWB4UKvp
266,289,four____,_____271,Nbr03I4q9o2RJDWptLC6eaWH1ZZyyLDtaVzlhY
289,472,four____,_____271,W9N8a5giUurSW6zgR4escUU0l3sAhvGvM4A64Z2rPz61ZevlJbm3s
472,486,four____,_____271,qSmYkCpmTs6v5TRaXgY1VVdBxnkwyrxcARsh6CuZRw9
486,516,four____,_____271,IBmIqIWCkTJYlVI9xcrDPVNRRmQWafhWkDTnIaONj
516,671,four____,_____271,kyTugLLQKmw4mxnLnG9lJ8nXR14zdUv9egBVI1wQTZr4CRe70s7
671,715,four____,_____271,ewrLHHfCyA0DXWJMg66rwxCb2NZwT93Ah
715,727,four____,_____271,P60IkRIQipRYrDIuirxd1fmpwyXfplJ4bfEfYvN4D4gg5e1bgk
727,783,four____,_____271,rGr2TrQOhZcz1mSifoWodqJSqs97hYDODTUtU8K87iKmkltxnj8
783,858,four____,_____271,g5wTGsMdc8EpYj0yWD8SwiroAb5I4UyUJhGhO
858,894,four____,_____271,2PLrKS7138XshhszxOa5hxEuadjGvyFLGNTis3v0slJ4couiRlCj8oWXwgqBpMx
894,936,four____,_____271,Q0DY72lNqUdqCR4IAbAOX0vSxiQBmYR0VK
0,86,one_____,_____272,3I98RbK3nBXq3hhw9IYzvgntvshuRwhFKcmZrtZiYCj4I6R
86,179,one_____,_____272,2oBdU8rKAb5vQ0MA5V88UfOjauLrjl2mqJHz9TLxRIsxq
179,227,one_____,_____272,UOabVoOsIBzOTEIQTGrtVYS5vq6zSeJxDb3lEJOJeRZw8RY51P
227,298,one_____,_____272,l73TtsjVGGwXfJmGNyNXnsTfgLoI4Q0OxYIBwglxZNEzdY3
298,340,one_____,_____272,5hTPfdzFf4M06lgMPl5ZDHjc9mQDKyjvRS
340,524,one_____,_____272,nLQxPuZ2R40bKQCM7bSiws51ynYrdIglYGy
524,620,one_____,_____272,JhvL6dK3nEjffXfeNo5ZfXFrbt3EYNUbHYAK8h
620,739,one_____,_____272,yISjJ2v53GWDMLKcOtHS0kR7rDEJg8My61pWNwrvSmXRlJW
739,905,one_____,_____272,MiBG3u4NBBDth8Y99aT162AGbnRW3nYKPDlY5cP48JBlDTX
0,14,one_____,_____273,7P5HIH7FMuQriof4NTWQpbx1J4HMpWYzkYejGsI4
14,75,one_____,_____273,0JI8uK4PjQbhbNhoPXvwpJ4RATjFoe948vkAUi7CBp
75,208,one_____,_____273,0RYyinRok68538E5MgcjLkrvoQ1oJf7lTpstKsIzyKSBeSn
208,388,one_____,_____273,6vNJVuiuHgg59tgI9AAZWAzCc4omz4FZAe2LI2FvuNK9z3x6
388,454,one_____,_____273,qqjzry4m032jJ7yqLx4H3E6zYDnVjgXdFXaeKsGaY6mSzuvwK0LIY
454,515,one_____,_____273,FkbUuIdhxudJV5Lj437GV7pywCZUQTV9DgL
515,570,one_____,_____273,IszKRCGqZNk2r4rFpXnfCufj8Gp9xAitcIBIr6CP08IkiT9jvwEQ2JISZj8
570,654,one_____,_____273,PLU0LAHi5mzISmRTejKCX5VoSbQCGxNxaZVAvm4FFhsu27tjP31f
654,732,one_____,_____273,nxMBRSpkByS5hqRB8tHvH9JxZbPz0Dg3jde4RMdiGO2qeu5Q46y6PxzstEZncFnM
0,54,one_____,_____274,vtkQSs4TNuZ4YA3dLgY1XEE91n6ByYOswPL1P
54,177,one_____,_____274,PjDsk5Yz99M2r6Umx1BKG9aLO50X8Mqdwnv3ym7oC0jHR9oGupP
177,288,one_____,_____274,EV6REbj5rJVlZDN6uFbQ7OjAKgTfbkP1UzKjY2W3iT7NPUfclzyjS
288,335,one_____,_____274,V9C3A2zuRN1T89svEJl7tMr7LqeZ6pWqrvkhBigIUVi2xtXfiA2iH
335,586,one_____,_____274,qzL6GELmYO1vzPBSQCkRRlkUlypzE4nja4Gxca
586,656,one_____,_____274,uQsDsPzNVp63RmRuuTChVV415QloAzPQyBTmve3LcyF8
656,700,one_____,_____274,uAT0whce1tOxHVzXYRW8ENrJA1gJOTZwV2MIs1bcjJi4reN0IscsEkpR6sPJLIF
0,62,three___,_____275,kkhiNDVFGSziviDDngHj23qLzwhh9dEEFYSo9
62,127,three___,_____275,Z7xQLj4Plj0aiPYj901rBgGhJv4Se1OSEooahfvNUiduWn6p7j2fgtoqc2FQvs4K
127,198,three___,_____275,3kJF5KO1Awnep6msaV3sZ9xj2f9kOuhTqgdVB1UUP78yXzkwZOm3lPgoVolHCjI
198,252,three___,_____275,lYnERQfYXtZO3sT4ruNA4yhJi7OWzKn35M3lN
252,659,three___,_____275,gg2ZfVDbgveVQNRutfbOVZTwUYpGHsXMOXsTEIiNvtKAISHEw2IZmjIo2Fczjc
659,750,three___,_____275,rsUQLuxyDvABoxx9bzCtHKjZkiMyM6Hk
750,784,three___,_____275,LxuyikxubM8xLredZu1dz5XELlSaudZLNKEX5As
784,929,three___,_____275,5dDwobRokbpMiom8BizZciP1GHg10OqyFDuo95PPSohD8szPxPg1J
929,956,three___,_____275,Of8xGSOovFztDNkEFOytaIPhEyZyUwhFu5C8ISaK1C0rqIzmz8qnGzCdBVgsI
0,184,three___,_____276,MJwAOnr5s9aMxuiUJtc7IevfcEfzHaeDWSVovA8Qy
184,335,three___,_____276,zyy98yhgfQ4QJgZgDFLKewl4Kc3k7LoVC5Ffp
335,439,three___,_____276,7j54xuBx5yInWc79HefEfteol7TBsGlQDHfOpieuRyBJlaQfhMYiPv6PoxmP
439,488,three___,_____276,8mvTcgzZMRJj69xiTckmzLHJ9GfbdJfCl03
488,493,three___,_____276,MBAPNQ1WaW9R1deJFizGEuqxiE4drdfcm571nBIrHP81RWVE5Z3sKM3S1
493,528,three___,_____276,lHFGHUGNI86zxooTAOdJhCQacWjEf6bnvAy9ihi5jGW7jCyy69
528,552,three___,_____276,UHMO25LMGjY9Zd450TDl76OlszDgpyOH6C9VG9hlg9qAms4Y31zevUBDhd8WJ
552,607,three___,_____276,6qwhnEqKdYtnAeZkZFDOhyIB3XZFDgMMN1jtNviWh1K
607,884,three___,_____276,Yb2RpS5REuwDfRbNYq7lNOydeOPiMPRvHg9iriO31un2Jhp
0,22,three___,_____277,4edNo5ZuLUQ947aIe5I38Qsx9QQzia03U8vZl6it52GbEAEx6mSe7
22,110,three___,_____277,kEVBujlrmseAROEMSYnlo26WgueLJ9VX0MAEEdWwCggKcaG
110,141,three___,_____277,dxRPQy1B2KHtI03b65k6DlgYHW90x9R2jlq39NMexS1tzBzCvfo
141,160,three___,_____277,ieqrynbC3AeWo23Avyh70gXYB8fyS7IkzkaqsK78QvPaB8
160,191,three___,_____277,NtU74vS3CzZCRFuMVrjswZh8MqpK5iRm4MwkUfqn
191,493,three___,_____277,3trWK2ZWlgjDMJwPTgtVpM8KMJ1SWXTCvr3rNy0Tt
493,651,three___,_____277,qPUR60YxxrBxSgdB383pmP8WX24kiH9VTRebkfk9bXNSZ
651,873,three___,_____277,a1WAAu3AcVk9odsKzYOyH85AENGPR04BC47WRh5ysxSu8CHJOTOKVSR
873,897,three___,_____277,J7u3jdgUwFw7UmZPKqu9Tfz4CUVSkRnsHIp2KOnhmSy0cQpka0Y2
897,899,three___,_____277,udrt5bUESGSLM7gLF5NQeq3AZaLYhouAUaYkk
899,912,three___,_____277,NrYm9L7YBsWry7ptzr2Mvd2bOxYOmwYD1u6oZRkAplIxsw10eAPOGCDfAlQt
0,196,zero____,_____278,8gkdcTd2kQMgDT2W65aHkjOHu33tx8nTwJ9isBhpjTZ1
196,201,zero____,_____278,Sw43Tdk7mcADNXdHy5XwA972bbGXET4Y7MwNSrESFharsz8eciOY1qlRWV6i
201,277,zero____,_____278,e4HaTx6bxAHIhgoAd3a67WYhlGdwzkFZL46iGu7mryCO9
277,450,zero____,_____278,lqUHFroaLMzTgkwlkDjjU5Kkjg6idgbdZPF27foMZXLhCr1UKJS5I8VY1fGL2pW
450,628,zero____,_____278,fehupRoZ1rpID3snxrbgrKg5CSqmS8mKnceHnmu
628,651,zero____,_____278,0NclTtiUpthPLBYta8XIO83efBTPOP2pi2xVcdRrAqOvjRtSnD7JVG0v7Q
651,755,zero____,_____278,5RG2dQYxMVNnMlqDBBmnqp6NvWEL7Doq80oO2ZThtEtTIfns4UwRLdPOmoU6Z
755,769,zero____,_____278,n99FXjd2HGsXe0xnOdlXTZXtKVvpXsDpxoj
769,807,zero____,_____278,Uy11USJzS5ztASoWLqXijn9EqACxLMZZ08mNis3
807,992,zero____,_____278,bGbm1hkfjzylSQJ9Q1zsBGywT4Mu4owmcM
0,58,four____,_____279,yTcTtWQCPSvgVOMvXfnbT7Ny2YaT9vpbb
58,140,four____,_____279,wcLsiGMSHRLpGHCDKpYOvh78ABwC1mnCFpJLcip4MZdRRmRAXPH052ObI7mK
140,175,four____,_____279,TxXI3KC00orH1xbOnRWKmqfKpN8A6LvRGlJaC5rZOEk5cYQDhPhMK
175,251,four____,_____279,fRUQ7NstOOkgtKoRYfdaPOkDZwi9C1iA2eu3bDd7H8g0DMXXAxL853o
251,280,four____,_____279,nbbfLfk9HbbKmS6CxzgdpvOrpcP2TROircf2n3vXjEFue5yL48mdy
280,294,four____,_____279,SPy5TZwwpojcq3MAKNEMIn4UVP0I5Ol97Nu9YhNYidl74zAG7eV1Lr
294,306,four____,_____279,xPrxWDi8aHLdSv3TqosJnISJfyPARqc5DJ8T5Q9hHOHbPCv3BcNsL1JgxlcEUPgR
306,432,four____,_____279,16GdhPhnS7UpdTQbNSicwSirZBcgem7GY5OJzyNaf0dLl8dbGHaDWCxmOyGA
432,486,four____,_____279,pZQoNkgmT5nnN5qHCHKYt5wmJXG53BognrBsWGrGRCYCAGc9
486,497,four____,_____279,oD19s1CtShypD05SBXZ9JrrzMQrYOsC7Qd9dxaAd9NpQweI1ZLdQr
497,533,four____,_____279,qqaYUCubYpohhApjwo3dGqovkXJHpXfjDcW10Jg3MWqAVc3a5Nv7
533,659,four____,_____279,B9Odzhy5skJuUP1yIdCTzuOYGIxanABSVfNMM6SUgAwHTYyZB5T1s9P2x1p
659,773,four____,_____279,Ro3TPSSZu216Eph0nT0x5YYWm0hLap6AZKumNCbqW5aMW6ooYvFny8uJQlzKJod
773,893,four____,_____279,jkVd3R0Db8Xgjr55YnvvPgukxIGkjxj9T0xPle5hD7fVAWLpBwCwgq4Uy0
0,212,four____,_____280,oTnPJc6aa70ljk4OFIfZnwTFeQB1cPuew8La81
212,261,four____,_____280,Mtl4JHwzGDfojL1yybquE7O3uk0StR5TW5SC0XtCVepy6TIdxDNM3jEKioQ9
261,314,four____,_____280,Nx8s0xNHxXGJ3R10THthdsScdKYDfGtpDkYlJHDl1sUg1jePPrlK2SOD0HqCg
314,478,four____,_____280,Bepx90Ap5jJtykxN8gQMdAa3easSQCXuArAP8M1G3cLAsw
478,516,four____,_____280,ryxQiyozwGPwA1LhpVnsznfiqE5hmp5WAwIAC2cp7efdS
516,552,four____,_____280,agrTgHMOKAehXvAaaPF2IoaGapcyjBzXCrLschzeByAnFsLsxO5QR6
552,555,four____,_____280,AhJvZoBdimCjzRmZw73OPCJlO0an5IrF
555,594,four____,_____280,oVQayhPCm8ZttDOakjwoMrIkVJpC6A7hY6ZG0BjylUzcMz93
594,604,four____,_____280,b5oHkgGOnn7EMrVntGkJ1VK87bwFNJJdnWl0fAgV7L4G47VnIQhvEqFiLfi
604,680,four____,_____280,DsCcbXwpoND5H6t5Xk5GANHpad5eejUSHImSP1C8c7cD8YQhWzqGlai8rgUoX
680,911,four____,_____280,Qpnp879VjtoGrulk01HPDzNxNJTb6NlX
911,950,four____,_____280,iKGjANGSV3uCMH8jawAo6VipPb33voma2nbbB4Uhb1DgzGhUbMf
950,969,four____,_____280,kTGYKeb19yPvPgVRnA4dAKEZPnrMvtfvTN
0,419,four____,_____281,87jUIG83swTVqFWi7yXgrOw4u9bBCK6HlooalYBSBsR7ShNSW2T0x
419,475,four____,_____281,5RCzp8mFbUJ2qWINF8DEI8UJ82DyyVS9ilbLoToGhcuU
475,495,four____,_____281,b6tQNAQo4gMUOmpSAwNTvZbeXX7kpgiGJNNCivnq9Mv26VGzqKAk0JiROBnDA
495,511,four____,_____281,cjflOj1RWXvMxEfAvQX7pbMXmjoVwPt5M0DJiBAdyKvoMt2j5CN5K4aR
511,512,four____,_____281,54Q1yGpXpvQtpFDnEomgTF2tG3Rtqki2REodPktDGENUPbSvq1WlRDrHpn7
512,685,four____,_____281,CoY7v7uKZy1PJ3vKENWiFs1eFc9C6E2DWACvk9O0zLaFKfT5L
685,951,four____,_____281,hWxd79AMcxlrAlPzD9YijaS8kyksEkvvJiAz
951,998,four____,_____281,fXIGkBWPrA33lNsP4Y0Xga08xm7EfzTpXSyuy5WS0QrMr8iQ
0,17,three___,_____282,UmOPlJb6i5KJHuXx691LPJ5f5ZlQnRwH6jCCr
17,157,three___,_____282,2kSYiFNIKkdYM1AgXrTPPimlo4jZx2YPsXkd9HakFfE
157,218,three___,_____282,QUtjN3bVkJtkoUfcWwg7MTF6z8NoFs0g
218,230,three___,_____282,XSewx8zZKHO70lZ94L4AfuXjBqudJmYtzH77ayYgRE28jjHiY406hOMapACl
230,372,three___,_____282,MW7UsHABpcnIfSoyqcYCumZOCATlnep7P02WruvaRL879UcUCIgU20
372,375,three___,_____282,eWpkCNGQM3Kk135bCghgnaC8lvvoUqzHWj
375,380,three___,_____282,36PDiwq6WnZrQuyrjAjtU4DgtYLkdQKMrxUMy
380,453,three___,_____282,3Uio0bpL2zN6mwYdGO07jwDQNq3UuG3oh
453,551,three___,_____282,qtacNhaLYYICtEUnTvrzBDBblrwRRRp3y8LZWISdhkp
551,637,three___,_____282,RJx2CyV2a8kNE8OnyXhPgBH6OHrJeoCFiA2TYmzFzDv2LAwV4K4B
637,768,three___,_____282,avO8w4n18AS1stM6rXuZBIK7va72fGPWTJ0eOyAVly9CU754yqkmd1w
768,794,three___,_____282,CJ4O9ohyiSdAX1AVvXrKN4XIejrki3oS6B8Aoiapvis05QVMsMdPtCdpU
794,803,three___,_____282,g4gmeI2KAM2UWP1tNbi7jw0kHqoBaIJy63Gud8zo0DmbsXGyaKHafQ0wny
0,37,zero____,_____283,La2aQpZl5EV7ncBzGK8Q3NhumuM7x7tkh
37,80,zero____,_____283,Zw4goB5E1sWjYkxsXUEpSYdDIVYEu9FuaIJFJ2GF3ZoNVxyWvp
80,376,zero____,_____283,RUbOPT8gxHvBgTT9pTNiRddQ8U2OJRH93mQAUbGMfmAG2XTzu
376,424,zero____,_____283,8RSDsNzT1us5qlRhtVfqkDlv1emuV0JP
424,644,zero____,_____283,3MK8kbBRLE9T5W5bV1mYJSMExpbE2ZL7v47YvA
644,923,zero____,_____283,mfvoLURm2qW0oHBfZ1I4bq0lCTh6mG6NHzaSnKG8xw4yCl0Z
923,974,zero____,_____283,C1lH4iZFsYkPP2gXohljfzcnhDOb4xMVvQ1yoVyRoL6Egb
0,277,three___,_____284,0fmhxFXKI40ok1miviMJ4mquog4wsceq1x2FhYMejqOZTXqwZ2wJY1kxgH
277,392,three___,_____284,j39yLvPktNdptpJm4fY2tqFA7rZndDrgvSULLClFijtZNtK9fAr2zcNniRLwR5
392,402,three___,_____284,k6JWaZbY6W6kUppE9vrkC8pjQY5XftwnGgw82HG2Rfez7IPLSPjJnA6nk1vKLa
402,456,three___,_____284,dPadazMuCbJ8lNlWa2C1Fk43QqYBlBZzBTyAnkY7
456,506,three___,_____284,z3metHDcuiA7MTLhQrwEOktK8gdha0KehG6MTnUbi8xjiI1
506,556,three___,_____284,tVXEwRVrFSilstnbP07a3LNbRHsg9twJ4P3A8k0DxbgqrHeN78xZY1MyC
556,630,three___,_____284,sdg4lSYF6NMkzWQzUskFWwjeoaybrcRrbMTJACA2CygvDM6Ei
630,654,three___,_____284,GcAlgo8AeixfPR5VL44wqsUbVEWNLeSncBeeIxjYTl
654,723,three___,_____284,obUwRw2U2Fvm969qv4phVwRQJVW8TFKPkXpFS
723,802,three___,_____284,xfJ11Yj2VRZ5e5LRLTqbtevbfLdr9yYWTV6HrfHcqdVwNI905maYVb
802,862,three___,_____284,CSYTA83F10B9TuP5d5HyrZuM7xS5iPGGoveZbNZkCJogUlp3jElHMkSXP
862,900,three___,_____284,g5H5voYQwATyZThJJC1SdIHZ0nLcBhPNUszLgLD05RdA71T7m6eBnu9
0,140,zero____,_____285,XsNup9hakKlsp662WV9q2Be4M6D7WhG1e37hhBcxKiuXdJ
140,322,zero____,_____285,Ubo5vJ2rh3sgviv56Vw80wOISzXnTUpfRO76hdmKe9NwrZB6jf
322,348,zero____,_____285,5eIuAD1kaoFHrwPLuDFUUqaUgVQ4kuDKqG
348,472,zero____,_____285,8xB1TA17tXbH9Obi4qBKIF3MI3c2fzjYaVPLMpF33SrZ
472,529,zero____,_____285,el3D8SMCA5CFCjw3GsWPLxa6VWbbUuxRvKO90ayZo7zuqnKDqA7aPO1
529,556,zero____,_____285,lgwFJh5kdzP0VXhgHHRXba4zHQuISnPQ
556,596,zero____,_____285,3jveWVK4789VyyXuKrVesuPQF1pnkJskJPFSiO6bnxHLaBkjOnjm
596,687,zero____,_____285,NySHEpTvWPd2Uk8unxMSXYrd8Vjho6C3yVml2ymFmjRfcOAUgffBfbSrbN
687,768,zero____,_____285,vUxtiIPMpf0ULde8FPLmpo0mT7LH8IuilWq
768,847,zero____,_____285,j75ckyGLvzl3e2RQn3F01RJLIH4NrVfmZnU
0,185,three___,_____286,MvvOhJUso95oGhtI31ZQtJQvlCXsn2hZgYcOuqvkuvgprOOrRW
185,361,three___,_____286,edSA8Zk9PHCEOaqvBU4Yi6xSDAmaiVhH1oBt5hoduNbvj
361,385,three___,_____286,vMODCt7zlnrQR7fq41baVcULUnupvge06fTXfL
385,447,three___,_____286,pKzhSSyoJ5U0LVwf9kPTKwJMdwkvJSjFwQdGHHQJ03cOCuBwpR
447,451,three___,_____286,ZLD1eN97BaXqQrWCarZGlgUtUf3rDvPL1SP6xVgD2fFF
451,499,three___,_____286,KIKoQSbPiO6x8fPD8ZubtJdYlGqPTm6KZxD
499,517,three___,_____286,P2y1nLH31Z6dyiamqBB6ssrYZJ0ckgcMxoDNBpckPqxKeRnctcLMtbmLWloiCr
517,611,three___,_____286,GhMW16OmKGLRz7U6g2envaQ6Mng6RlhtPTNTPlTG1j4gf
611,707,three___,_____286,z4QwlO7ZrK4Fv3k1dc9wWxKn00w6piMDB6b3NKd9FjVAahaDmxMZWMtlNcprctsi
707,802,three___,_____286,zfFgHGYbG6hfKfdQu65EVxMI3dGHjlNsJqfUU0yni69STvXI
802,990,three___,_____286,jFyud7bVN2VM7Nb1TIIcAfmwLWh0c6hmRxllbp2E1nj4hJ76owQxF
0,234,two_____,_____287,lj8ryQdnUFv23wkBZxMz1Squ0ZJwWwrV
234,258,two_____,_____287,t27h3gVtYmHBPhZnM0yChtlXp8c7PMt7zme9a
258,295,two_____,_____287,fH4DNyPpikc7dxKxqnt8dHIs4Deq6mPjupsfuj6jIyH
295,694,two_____,_____287,fwDaGSQdDmFLzgB24DbhLVsFYYzzbxQ1DedsJ5YF3lSqmErvC8k6o9ipiiT
694,847,two_____,_____287,1vy8mMBnmudmzGmNGfn2cmR64Jje0y8vD9i9oDZthJYMDpQTM
847,901,two_____,_____287,riUHvZKfwdaoNxnqXiSJTDwHG9f1QayUUNFn4
901,918,two_____,_____287,itrSXbX5xdWoR0ogUGwJL6j8MqzsjFGh3xu7Jeqt4tVw
918,942,two_____,_____287,ZLawiT8FGAloBQOwmIgfJSvyHZFDtpYkJSOr15DC2QTwEQ84i6PuuoXn
0,77,zero____,_____288,vuoXFgn16KArTFt0rbCiHWylj3P6lacVZUY7p9rfHj2yjDbc41pWID
77,203,zero____,_____288,fyypsE5lZybObK6BorvU1ssyXhO3joFNHg4w9mwL
203,235,zero____,_____288,05YNcKn12wPu2XTft0EQVHlc4IOiihCxjHA28MTLPPLVgp3EF
235,241,zero____,_____288,kbO1LeT5dim4gcLYzFLSNfiyCMt5Ygzbpeb
241,545,zero____,_____288,2OOwnf6AGLSTGtiUxovpqqskRwG0VBREPWc0DikIU8g7ePnnFKTP
545,856,zero____,_____288,sWIr63ezvzXOKdQK1zBVmDzMwL0ckGin6KtpA2iA7NlAZXbOmS3ELfhCtaD
856,909,zero____,_____288,YD3v61CWPYtCQeMKhAp4yzUUqBuXv3Jn2dyhzZ6sLnwBZL852XoozXVuY4Dq9IZ6
909,946,zero____,_____288,WtpBsnvMi0mcogoauv4iOELJEURpuvOnFlb1ovfgiWRe8R0ALRxy89BX
946,971,zero____,_____288,faB4k5qZWkqxCbFDyxJpzSetuetpj8pseBmizSzJtmPgsRJeJt6l2QKSsMRI7d
0,17,four____,_____289,6qndrbPKv6Cudbb0wEOHdLudfZFZjxvfRBVOsaz9WnMScm5WHc4AJjH
17,237,four____,_____289,ORKYLm3OHa19Z4ShWCpRpAMF9kItvGmbVoNz9WR6CIR6
237,383,four____,_____289,paW3AQdwfe9j3gRbzqXWJhzIozDBS2nd4IuibQTE40XvpI1A4FQR1ZOmqcI
383,521,four____,_____289,pMyIZhXgyOWpg1ippzRpPsfJ3RR6W8jCbSsVUTpP8qJyPBvfHcBIFWfMgT
521,607,four____,_____289,OvcucHH3zrSwKRH5BYUoG1OrHzSFvIZOB5Z7hfNQGpVSgK
607,698,four____,_____289,HZW8qelhrFHXMk3Q9DHMTFE3isx1PIaRR52IjLMPc9CI
0,158,zero____,_____290,dRDN2POu1PnsAZdVSa3CmnFiXaqNqlHB6FIqGJ1D
158,218,zero____,_____290,aTLJIARXF6raj7x8Sr7BTPk3rdn5AA3uZ6f
218,248,zero____,_____290,NcVSot0uSLuG3SKYnxTto4qkE9ty4qI65nPPBbwDfhLloKGgQxo
248,444,zero____,_____290,heQWHnDvhCA3eC2txftbUJgKyyA6ZXQt4lyPv3I2C8ywDhdxJr
444,610,zero____,_____290,gfPMkaV8lVNl5wl8csCQv9pfOCdPcDstEnmkmcFms3LW7Dgy5dRwUfvm
610,664,zero____,_____290,7mGtE0RA1H0yIdqIgRvxDF7IdIReYfzgyVVPRr
664,667,zero____,_____290,Z77cQAhqvk9ArztUmAc8V1pT4CoRbPGFoxRI5UI6h
667,694,zero____,_____290,LxIQWuWGAN4BKStvd4bqWa3dfRsxT00IYOWQe8eJrzUWchRERR0M
694,696,zero____,_____290,7mSYdsBJWbwOkDrSO6Zth5pR1xrjCBzOc
696,705,zero____,_____290,aQ1IY1AY78Er9D3ahzPPnSN5EZOcSe9bB8zut6
705,712,zero____,_____290,1NDLoHMrnFJZ6mxGWevFVao4vMe1vQJFJf5q9J7sODtCOzYdOcADn
712,748,zero____,_____290,X1fGJuCCQiwXqTLmViFZV5vpfUyvZFXKJUEuwRLQQwFI13FeldgbwIrrPsmg
748,821,zero____,_____290,qgt8U0dm9kR5JNzyGiwAaPrYcbr2RiKCZhLFxihvD5E6qHu0cSHgoZPPny7Slaw
821,985,zero____,_____290,1fV7V9DhbvDKiZVcHCdphqo6gl5sU5w3HJiNP8hHl4zxuzE5QebG4ib1xs3shLxZ
985,991,zero____,_____290,4cn8o8jBLiCe3B56odAfLs4lbm1J0JHfSp5U
0,6,one_____,_____291,CqNAJgRaTyEpfUqQj1FuFxjA6ybleDIFA
6,33,one_____,_____291,jshlMVv31TItO1Ju11JSNTBXk8HFFoXAUzh03NMsBluHKPmUOEcmyO
33,114,one_____,_____291,i87tS3ue0BvAgBCsri1zWW6s6s4w0GfJUsbvO2VYDcQiRv3elDVu6deibg6OG8
114,169,one_____,_____291,i0ypjRvoMwZLC8mptsfsjOd8G7dL3KIIHph
169,280,one_____,_____291,EKjUh4SBf1UGfXjFl2GwPTY1y8QJCyifCE7vCALN2r4F8HOVmbFFQgrWl
280,311,one_____,_____291,XCaKdhp39ehVQhpIPsNOAVtatgrIpCeaDhZZza9w7YNj9Lv
311,345,one_____,_____291,GjyeZUFuHmJsmDWwXrf17Rx8CToXfwe0fpzQIKj8goXRjPD5tvqdLqd7
345,347,one_____,_____291,mPBJemCumQ6oGRstRe1mkgU5hDaSLPJx
347,593,one_____,_____291,I0pFmlcYjuaOLqRoeFLHR34lp6wbceXm0hkM6el1Wd0wG5eDWStm
593,766,one_____,_____291,8rHrTAx7b1lKb8RTdQdmLshYmxvDn2rxxRYIKZp5n
766,840,one_____,_____291,YhV5g2H6jGzADi2NImcV8FDbOHUVx7iauNh6wAzrVBs
840,890,one_____,_____291,KwtCtqUYl4jTpjxzHXUaQpdS3y7x0fYGcesoiCiH2djQAJ7KXj
0,87,one_____,_____292,A3fkspSnqlCviRNsTGaEEkFndkFDsvwlHGIf9BvW2wiNvcUuqE
87,161,one_____,_____292,FCIB3HhBFgWgFq8fLNxdDvUr6mLWvYTtPJI8ia
161,306,one_____,_____292,i3DXq3npVTcTElRknUrWuqyN9atQj9HfXRrazrO5dajJjxYmE
306,375,one_____,_____292,7gtDSTfbsUtuvz1E31tmHTTV2sYbe8ohTplvfyZEFTIjS9bhM9
375,393,one_____,_____292,kJze6uHRpSh9KD4GT7hns0J1IK8n0nC2kImI5Jk75fuX
393,437,one_____,_____292,YXT97NeAG42JuekZET30OpdEttZ0vqCbY6JBSYP6Io1MNzxgTWCMc82V
437,474,one_____,_____292,PrjH2sv6LMvIFjOBAzPFg06VPrE7TeMPOoo
474,747,one_____,_____292,AmNFeUrBHLRUIpdV2mHMUayr27CTKAt9S1uRbnr0yVK4k5FulWSWTfG
747,758,one_____,_____292,CbBfBOfaJEVnJNYDtWRvXqBI50WfqcCA3uM
758,766,one_____,_____292,C9QrUb12buU8mIPK5VApJsk3Rt2z9NJ6B9imjXOyDELiE3mrANYsmi2Fi1XlBWm2
766,818,one_____,_____292,w8mZWr6k17NWpyAMvRqyvolBj4T4vH6waRoivq5
818,870,one_____,_____292,hRbECApsYZtqVDulcEirNwAw6Y6g3EwNFIbf8iLIjK
870,992,one_____,_____292,FPsXCNZXZb4LTQGqBk7oL2K0skpjuRx0ZPbrFpMLHObRsvi4u
0,21,three___,_____293,hJkZ9iRv8XDcYxnAwPjPYg6Q3NGkS7YKoj2V7al3sFKB0jVK6Fh542FkpuG16v8
21,51,three___,_____293,51WqUCyqHDJkrVDqrERdA2RbM4CdLkzJ6NjdS6SR
51,362,three___,_____293,OCrob0t5uykjpFxV4mBuCmMZcmDFDnRJInKCz
362,529,three___,_____293,WwVzw0Mk61sIm7mGoRXNH9on4MapEiSes3GY7ePQXXEFlQSkzqCzwYh7pYZa35U
529,657,three___,_____293,6cNdz4T9WOoCpInqbnid5UFVP64wLH2FSHFwXASbjOsj5pjsq7c
657,758,three___,_____293,JpOp8hB11vknGpM8qdvoRrUmZ5pOQRp96uSafNhPv4n5m9ixCFnK3FeJEI0
0,169,three___,_____294,SUK0l9gIxvVbXRsO1DQ5ZLfMb8z9yywfTt3N
169,176,three___,_____294,h9jcNLclhC1XuCHyxR80HCcyQt5mAmpTHvTESsLYk0g0BvkfJ0
176,328,three___,_____294,HT9zOyUgcd3I2Xj0ULLIx15Tx5FC78KPfgCX6uUHEZnYN6nA5
328,334,three___,_____294,NzYltXDPvx1mKw7TNfuRh3VRxp8TVbpq
334,337,three___,_____294,R6q7gjvnMrc3DRNF3e5cAcxxhl3K9IKJLEejvfmrMoRgrL0YX3Mx
337,394,three___,_____294,cZxxDNEytTnKpZ3s4dHtGuMK1zCaWAunX5kUzTaZVMXgLz4wvpXssxgliey
394,419,three___,_____294,pr6lOyWP1Sn2bpEnyaTc75uWRjeBDaSaYzomhBwhWrgsdU9HWE8
419,575,three___,_____294,gBwWN3zfQCfSGqS7BXYuSfjP1Y9j2U5ZtNaltf1pMYo6vIIEAimD
575,626,three___,_____294,DGlGKcx3w03iv0nFPgmcDvKrrPhKCIkQQFv13DRgQ0Li60Atwkdv9tErC
626,695,three___,_____294,6K62fcmi08SopnmPBz7uZ8AmZaLl8cjqmOHJu7txIEL6sC9i
695,711,three___,_____294,3hLPLeEhjMzIYhFtbkJbRSwPgOBAGRw2d7NQJLXyQZPVWc4GZtzGIm88js
711,950,three___,_____294,PdIKoS8x7BOypHPeqo31b3I37KDa10XAm6eFDQzhH1o
0,23,one_____,_____295,bz6hdcrX7ZGLlkWYcr0fCmTZCoKU4CeXywZUB
23,130,one_____,_____295,nbz0557taTPN1bIKf4JJvG8T4VDRNRUrCU8gbVb
130,233,one_____,_____295,u1gQCqz9dlv4VhCafZoJhX1ird8WzLl3GGwjXEWyEcQVLHu52PNOiM6dwHOm
233,252,one_____,_____295,26hmVvadpS3eF9fprKSw9OqxGcYazLxpSIPdt3sxLdvYMoWmSSWMJ3z3
252,303,one_____,_____295,PitKzQ0sYPyxYTPmfwXkSu585HeN9PSELJuEebBK6kUFjzpMg6Ge
303,401,one_____,_____295,3Q8rUQLetNCtN33O1nx8Y75GyfYLe7gKoc
401,409,one_____,_____295,tjRb62FfL6JH8z3Bs1rmQjL5McIQgjBU5QVy
409,493,one_____,_____295,Cgt0wqkwLJ9Vw4YFsGxJeWAfvd6B1sv75qu14OFKvyIipZB
493,629,one_____,_____295,Znz4zWfLP9ykF7oj1XpXZ844ebyO7AgrLd17ds2GyIaYhWaGJqI92fTn0b7kV
629,655,one_____,_____295,Ora9JQkftHrcRwVnn2RNYjNVPYXEwHm71NafObKXPj
655,658,one_____,_____295,zo1xq0WaMBXtjEXF94iijpwGQprgGBMug8rErmAb
658,855,one_____,_____295,prCUp3Wwd0uYcNHLgLZqG3uJFFf6Y4taCB5nuocVnOzaR8UI9X4
855,938,one_____,_____295,WCxG1W9xzyCWwrdQe0BzZVtwVJHiGisnDSWC8j8UULFb0AhxloZ4e75
0,30,zero____,_____296,19CBBsBxP2XiOTjpYgSmSy3nSGNwQd07iWvmAhxZiGStbAM5st1uJAYB8mFurn
30,39,zero____,_____296,4jwBh7AjNmTOuO0stCnqtlVh12V7IeTZABfwJptmRnRnrq87L15q
39,58,zero____,_____296,QG5DXVMw6eJyF2YnwbjNstY3Q9NSGDEJg3sNIADPVg728v6rSCv4Ec5hFPIy
58,107,zero____,_____296,9QkDRlFa8np8FWKl6ojLWwMDCZ4sMTdk7pu
107,498,zero____,_____296,CIDBRU5DSipkGfy3V6UfQNI6j1y7Z8PZdT3SPmV8yfzWDgcw
498,934,zero____,_____296,u0TXuv2r2PJfUPjDKxoWZCBYAkn0hTNz2Z2YXPZRpk1Ss9gLZL2uV0w
934,946,zero____,_____296,dpxEzmI3SMvk1UrNByKPsT94cZKqPQjQ
946,982,zero____,_____296,sPNGcZNjcuvTI8RxBIttiIQbEmfuoNsjgvo2saULVw
982,987,zero____,_____296,i48ZA6QCr7fC6N90jRS2maC58JbEQNcQrhF3u9IhIYILYkVcN001Jqmk78EA4
0,45,one_____,_____297,8eP9eDA6RsWhs38QWBq4voqhkC2IUpO2vGUj3tF1w07
45,48,one_____,_____297,wjQqRpTR0ryNUdvhxHcZABKjdeqpzJvroG5RDXvKPjpW
48,153,one_____,_____297,GAHpFvmMwnwu3tFgzWelJUurh3mfUzWVd9wItC7Yp3xCqWv
153,208,one_____,_____297,ELi3KybsOqWVD66VmFgCyqK01qdyjs4AI1tiNTYynuoiazMjiL9pMGlelPMdv
208,247,one_____,_____297,OnZAGxdt7WMyTXKQMygrNaeb89h8SfWMdqwYL0dYr2s8IKJev
247,310,one_____,_____297,6w9nD5XAGVDtBO5tkBQdVXiENuMbH3UIbV7dsQv
310,325,one_____,_____297,evumGuqOkHqubmSoebcX7E8fWk3vZ6Gy57E8rW7NBQKZsYlBuBD00ONwRA1MnGi
325,517,one_____,_____297,UWzqtBAHBFW5I3d0VUXsjtx1KOZLy0H5y6FYZAs5Tbq9caIHOCwZF
517,517,one_____,_____297,ITozqzh0RVje9SjxnozQlQ0MnvnIONIsAxZTLuZuzz
517,855,one_____,_____297,p6Nn2JlGYi2RZPxbMYTfy4LQySQN9ajKNYkeiXQBC3z3PqXu2LvOuMGH0
855,867,one_____,_____297,sF3aX09UbzMUipBgD4Fqhnf781xWZ2rKpmKtQMMRhMcQZRxVQl0H8R7YjCD
867,980,one_____,_____297,EDWkkmMGY8wpV1Ne2coRKGm2PN8P6AoKsF
0,392,one_____,_____298,Zv3PbZ4uqNMXoPMPEANX4bzCwqsL5mMEQJC
392,414,one_____,_____298,b0TZoy2GZl0yQl2xsjOvcKLAnA8hG84HrIAr8u
414,438,one_____,_____298,DRizFvPJ8cispGRwtkKpMMb9cHouuKddPSq5U1jkDgGIr
438,459,one_____,_____298,yXHB265NqNv6LLNisLW7Gcq7VTWHUvIN5WOgr
459,694,one_____,_____298,NUW6zkDOZDZAuNnc8YIu6SVtrnmpyd9aJpkR16KyfOJb4QdnDMUdxx8
694,721,one_____,_____298,YZbQijJLiniBgButKsLSqQG4HfohOxap02NouyTImh
721,749,one_____,_____298,BOLOXQzjOFzASs3QNLoSKuGoeheyBGvtnPx6u4yHxHj0UJX7zs
749,800,one_____,_____298,VftHH4aXMbKmbktcxae9xVHZE9GbY7QFlS8KVi5k7WbR52Hu9IKfhXT
800,816,one_____,_____298,B3OU5i9HsYlN20Ms97OBhXaPmJhPjyxjE
0,31,zero____,_____299,lo7T1rufmhY87EW78Z22iiLtKqFOzjWEKWC1n08sseUWubNNUWG
31,171,zero____,_____299,JP27poSTTNjrKPvXKpPAt85I94ifYGZKyeQkfqHJyPrpVIMqX58kX304weUlf
171,176,zero____,_____299,YdU0MsAuLAUo9e4Nd777ttk4eF1matjehVeGKohMDlwTfIvAlqDAAGAl
176,208,zero____,_____299,X4HRejkCUThdo4ccQt74FsM860RxwFyq7XAPHll1wJYXSD
208,411,zero____,_____299,usappoYGlYK5AFv4fr3rDZRMnCtYea00Xu
411,647,zero____,_____299,DTpQmbkUWm270LvuBAvZ1y2iK2GvrClOGbZHlNh8zzfUwFU9ym8vXRNBUSvA8Bza
647,799,zero____,_____299,zOLXXOPGDbNbx0HDmsIEy5AJxo9uWgbMet
799,872,zero____,_____299,yD9BsACjEisBvZnHwoaihQ9bhyCtCLpx5c5WueU4e
872,913,zero____,_____299,NbZgIhk6CYnGhWlg4RkvumDvfezLl676dUU3iXoUQ89o2mpdBEkaTzfYDlo
913,934,zero____,_____299,fwFT2zefDOErxYNeK3ENhizKrCVI50bf4havtv6wHnf9
0,166,four____,_____300,sHRBvDh1zcd8cJJu6JGBjCnSjtRneVeOzkKrhKgNxkbjmCWdX9sgHBpKTQQKc5pQ
166,258,four____,_____300,0TXolfEGpwz4yiGo6FFB2m1mqnKszmCTVAnP2
258,326,four____,_____300,bZtvd7X6JpWoN2skiaLNy4rKec47prLqxnD
326,386,four____,_____300,0NlbEHJwc4v0OAqCcCNrBuhIkCXfuDPCC
386,391,four____,_____300,qNYBhBgfAHhQK9DvBnA3wCTwJJiq6Z3yNzYZ48K
391,463,four____,_____300,VqUEX3I7tSBmlJnW6WoaebCq919mn5LSnuTr54HXSMpuiAL7ZOCJXPiuuKmD1
463,498,four____,_____300,ZcGepRtiVY75tYszChGmj2HhDALGvUnTO7XUlQNwPFzXXKOAk9PY
498,551,four____,_____300,nhZk9jHNKFUQ55m8L0vt42qDjqov87kXM5WcXX5qUNjh0X3KEAvMEof2wHHUhE
551,803,four____,_____300,kkpXvqrT5tVNqqDwpAwOjH5A6gLW5fXOOvmlSUOVMptb9sFrY
803,920,four____,_____300,DtKl2tWGazAwSbabBvDN4sAkqqGGXiHZYwr4uDYEnYClmsLom196XX5EY
920,962,four____,_____300,J2MpfhdMFEP5u1QE3N4rbvFjpvzfm3CIt9O
0,8,zero____,_____301,1qLd6T8DNpZyXTJslASFN26BQeIxu4W2
8,22,zero____,_____301,SbrzSYVhVl6AyHP2yDri94js379WWsNEsqaETF1fNtWLQyBLDzH8sbDhWkrCRd
22,88,zero____,_____301,y0IfR30p1iwZioERcsFluTs7mKoDqnz13eONbe05f5BC5TEb
88,156,zero____,_____301,F2IDm6LuMM5SS92bfF0yLFojqk92zxelr0lI968MKX9Uc4
156,223,zero____,_____301,p9GWSXNhcn7S7QgPfNTYWfLxI3B4hwzR1Me
223,810,zero____,_____301,8voVZ8tMuyJksUvIcoVB4tpai0zQhMlDcZgRaYSiqUySqp
810,946,zero____,_____301,rxXGbjEHxofJ9w5uI9jUDPN2jTGHTQWveCDmrNkI65b5X42WWXJ91w9
946,951,zero____,_____301,8YsRN2Ubr7r7psSCvqWqIUj0jOcFXcPq
0,550,one_____,_____302,ZxnDvlwwkbrwhGjxYVnfcGlXR9R215yGI7oXV174zG1wB9W2ylUgs
550,588,one_____,_____302,wjShQuBMWQ4tM6igSaFajdPNYDH7SMQfv1fzj5y1ZRRoVWchtZ5RdCzmo4g
588,841,one_____,_____302,gCh0wE7YUxaU0yM66GzHxz3K6LzR3vHkwFDvpQIf
841,980,one_____,_____302,NXRnr6lljVxYcLoGnLqCqalTZecCXgUbk
0,123,one_____,_____303,CFPVKJnC81d8OgiRzbj9ut7E27by45fNsO82TBsl
123,169,one_____,_____303,DZNPUz7fJxontfZ98cPxyMTbzLJcYoTMJEHZ6zYxh9zn4
169,431,one_____,_____303,AOqRTeqyNW6G8J6dtnWDB8FfMA8gPqhjrM
431,514,one_____,_____303,jjlpHopeV6fEcq3xi63ExPBvzVdAfRhIxeJX8bBP6
514,587,one_____,_____303,fgeqd5QSKx54d5mFjhBZoJtfHV8JmdEP4tN0
587,670,one_____,_____303,AsKeeSAdnzvVcL8EhCamV14PSP8nF31lXmpoYMgB56OxiEYHjfOCwtZshidDYjnU
670,740,one_____,_____303,JDSmLJUiTLiPzftlZpEp74B0vtS3JASKFnAbcQ62V28HxkNzNdZ
740,746,one_____,_____303,A7OAPTVTBGMkEcV4DheQtmGX6Y3yNhQuRMbcoY
746,751,one_____,_____303,58VdkvSwYoEKdXwuCTlkGV7erpnJZhlMsqapjRPFO7YHyXJEQVrHhlr1
0,71,two_____,_____304,liqfUBvGBaTt3CL1h515VHpG2e4ODkCIUx845o1uPZVJyX9NA
71,185,two_____,_____304,zi2awKwo2TXnwvpeHNHMvji16tFGQVVsDEhS9t4BTtX37TMeRpYPoJVOUaG0g
185,232,two_____,_____304,AmPbjTikrpOS2RMu85rvTAnIav5jjbi8i3GKMpm7
232,244,two_____,_____304,4sNZvBKTJNTN0MOzJMTuqjAauHwXJsm9On1dys5gG2XgmSKa
244,286,two_____,_____304,XkmveseSLpljT2rc73rPGtmFXfhJTM8ZkwNVyVXvlP9fgEZnvu0ECAWvDfwlW
286,511,two_____,_____304,cLLFBia4UlB5aljOCTTyBcOYWTLk2X2MRSV
511,734,two_____,_____304,BCbCU0zC2e7fB2RvFTP1YT3r4MpyEpoBUw
734,764,two_____,_____304,vmsX9F2QGs3s3nlKOl4GKlwLMqdreL4Xn4iUq6FWWGKbFrX
764,768,two_____,_____304,hl351L22tp9e8Z0TOPhmq7tF2yxgwuRSAjkX6lBU7x7uX63DMoXm6F
768,776,two_____,_____304,T507ktoRmKgKFB6iWCvfdQfRIL84mBuL4WbYfFPTPp86yjAQ8nn4nvXqx6Cs
776,801,two_____,_____304,eudR35YHaFgx0hV3RAICCgcvEUr5TVieECCBHy7SXWsPJXn45
801,831,two_____,_____304,hGXAlKOAfW3EssYXHCmhhsP4bDE81Slsn05nP1NBWgscJ9577mvobL
831,839,two_____,_____304,InDndFGjd7hL1rMhYKsMlHYMEV07zehxlYOPYJBsmOUbdO6wNOnQ1gu9nRw5R
0,428,four____,_____305,kichN801ujUyOFgrgMkHU9Rx5s6BBnev3VqOkZ
428,437,four____,_____305,xuQvhN58lIJTdvhvlx79bZ9LMMXqCftx7jy0LkfdJ74bnd1AGJnYzhGOqzvc0Aec
437,562,four____,_____305,Kone1wmRfTMCOcWnM9lIvGtAriKPqJjzGuc4Oo
562,681,four____,_____305,y5q71IjKOmjkEgZS00Qv9DsFFwhT4FRX
681,723,four____,_____305,A2MNN8usNU3C1wD1aXaZQdC2rlP1z13aX
723,868,four____,_____305,6MWljX8tURlYTBwlC9TyARFhxi5ObO8etw
868,901,four____,_____305,WxmMkC5iG0mGiYyZGRTEusYAtY1Fd9MidVoKr4IK8AUxlZ7GXi
901,961,four____,_____305,LfsCTalJxYPQm7Hiozl9LBEX5VN6xxEC
961,965,four____,_____305,FGRTDo6RQVntATGMRoSBjrSmbpVDTtxwOpw
0,60,zero____,_____306,K2GPjlAbv9paLNlFN9j9Ebm3PynHUNSvr1253kj8T
60,214,zero____,_____306,kKCBic7skRzShdumGIelRIcbWuuWCp50yvDOtP6rZFmbIVn3fGcPvE
214,361,zero____,_____306,rRntbZwdwnOh8HHCXfeLUXYUH5YkGfwxWe7Q9W1ehUKJVdpFJ35tNMi3TKuwD
361,415,zero____,_____306,YQayMrqAJPp5icOPtJjEvrGxGeL460nTfNNic0ysygzF1P0TgPD1S0i9gzxt
415,428,zero____,_____306,x5LcH2TFC5UlnXyff66q5jkNxGS70x43Ww0kaD08juA
428,487,zero____,_____306,aCeqg02pEkARsc9TBqTrKeRj1bjp39Bc1
487,571,zero____,_____306,BgCjxJbUEkgkt9Aa8jR7sqoY9hw8mnvO95Dqn
571,588,zero____,_____306,YiPkeGXXVpaTBe06L3bk8qlfAzqZSt6gfHVgkRkwE07ebol5U
588,636,zero____,_____306,kKc6NCa64G6lGPSgzXWa8xTMvUWV1tQJKaqR4y
636,658,zero____,_____306,S5tPYk0FUPzcXss2KNSdIuedzi9XDb4hOPa
658,673,zero____,_____306,lTV9BuDzMLMyFn55Ce9LpdWw0kuKq5nknz75mrP4a9FOYJtTMbe2
673,853,zero____,_____306,ETpXCGqNLwpdS2NtAS8Do6cUD2xjOMkcHYRuiCB5PEQ
853,860,zero____,_____306,b6kpGZuxJdrrFLJPyXoL5pNACk2D9yqnG0Zrwrr
860,967,zero____,_____306,3SG2ho3GbM33X7ifdEtasxhpWabLHz8T1wTYMfWsLrUDMCXAvA9NbD0uUPvBBHF
0,81,three___,_____307,DRAEL3m4eg6QM0FgvG3vKS1tj53uVk9w70RJiItJsuVB
81,240,three___,_____307,HZtFwZ9Tnh9RUWgQsSx1EeSSoCf1U1oA0uJkIEyMruCPf3P2HPkupdHz
240,452,three___,_____307,BJGmOVKE97ZgxjxzTNuOaJ8FlVqT9z49nVNQKuZ0rkBFtJraFmM
452,665,three___,_____307,lqE9DdHDOjORQJo8DgEcJwcfEPBdQTuZAwRqyDmWUq0ntG0ys6WXOwMB4Gi
665,681,three___,_____307,udYP8TEmHKR0yk7tdxk6qAAkyF0UrxcvgiD6vF83y
681,768,three___,_____307,LVef0cjXw4EFlVJ7Y4VWoAdT7SkVUB1t2cnzF78x9SY5qkG
768,949,three___,_____307,cID6nObM4HPxCnGQ9mLOrMy5x9nzFNFh
0,6,zero____,_____308,7shSpKOs2iX1VpQGoRsalvW9tTaBiF18GkAx3KFxi
6,87,zero____,_____308,E87fFUllwnwKiT3T04DD2q1wEvrgdFQmHh62SVD1TpKzu
87,192,zero____,_____308,ngiM796MnTChYGoMmjs4uniQl7Xtge1wJDfaiuY8TemSe04K
192,415,zero____,_____308,PBFxd2VRdRJ4n41V7c3isHHyUZm9zVkenJ1euDMf5v2riapTSS
415,538,zero____,_____308,i1OSBbkzka8GhR3NfWSRxvZDLjKJd4bsaKMJ4hrlpKDO0Xrp
538,558,zero____,_____308,RrMhZD5vgIN1Wpehycsamjqiz6zS24pDGfrzzbvxNIA0KvMjh0WSyyXQsxpttC
558,634,zero____,_____308,B224rsGOQhXhdMeyy8DNyBEmhUES1TQB1gKgs3Mxa9CcMio
634,645,zero____,_____308,st03StXXCoVwIqCrldrI9KN35l5bBIbYkjrAXaHtICSaSuW7
645,745,zero____,_____308,UcElgfFmwnUs1pYsFygI3woi0gbCbCmPbbZoKaeqbtWyeu0Ip66sFsTQQBQcB
745,810,zero____,_____308,71spXYBtRp4LmRW1RtedT7EdffQ2hNnT5Lavrcw38mnc5JvQ2W
810,814,zero____,_____308,4QXsowymzd9MU8AEYWcFFOSmERG7td9D9A0VyKR5ugouPT0jSxddU
814,837,zero____,_____308,wfi6m8MZyMOqloOZYRl7QmnrYlFXrPVHrXr1jQ1MiDTdLretqu3rvcmKps8s
837,971,zero____,_____308,LuEI2a6jiN0pdRsQheYF4KzL4ux3Ce3B1PTOIYo3OQSS3udWqRvaXt
0,248,three___,_____309,KpCPUX9aNgVjCDD2hjyQNIVFYlDgrmC3RIsBsZ
248,396,three___,_____309,j9VvheT32a5AMfV2FDfBfudoJe2mNEbJrxAtQbuZwgtrRm
396,513,three___,_____309,fa1PHl1r7xeTXs3KKGhpFJojrNpWtgM8lhkbJHV37HX9IsUO7tSyfLP6iXHbt
513,567,three___,_____309,USsTQ1qzu6XYX5Hx7XlcxZN5mLZbdz2aKR6ZvHxLKjMUfGUysXoltqiXC
567,640,three___,_____309,fHNMgFxb5XIiXJI4rQYqzTCF5lwLlhfAGvMrO
640,798,three___,_____309,lafwwXN89sqRUTx9rVYJhoOFHgcpr1ENdexh735kFqkl
798,864,three___,_____309,DIC1pn3puKbQp7GgfkdFZm2tihibbViXKsSdHC2yq4B048dp6PA
864,908,three___,_____309,JKDKCKRIkmw2xQJODi47N479XnDauBPoAemmO2nNmKi6r6Mmo1SsE8wNiTsPO
0,25,four____,_____310,xoYgQxE7HE2Qak4RmJzkLXA6Ry1mU2HLvt6QdcXiEMyaBz4bChJm
25,160,four____,_____310,iP9khwEfScVg0fPiBLVOtbu4pQXSabEe43n6q07bHqMkWMCZI5e7hbo
160,240,four____,_____310,blnfvPzAu1Sc8IsPDLzdt6IiROYYfCiEdbcBJKiTync
240,315,four____,_____310,qJhYLAq7XWObRKIie3AgA6YlvGR8cXRwWWg4yRxtEe4KOb1RZX1rFxLDv2902U60
315,366,four____,_____310,U24xWZAB1Z44VByhK2Ia2cuki0zNZZAsWgKsTjHpivomZQYGSzNxyL2d78Uk
366,599,four____,_____310,3rg7lEvEpD2VG4JhKWVTSsTxEKzWe8eY8DV80gRyYZk3MbUW3L
599,604,four____,_____310,4CZxgm01g5OE5UPlxJ1r0sCAfTLwnkPndzrmlgg0II1iKU95Y403aZd
604,686,four____,_____310,5fNk03RGSDYkLasKwvrjwlCjqpdTOAvcrhU41NW18T5bSK
686,709,four____,_____310,8S14zBgWAAUBXFVW8TRpFDi6hVbWSvcwS13pLnNtI
709,749,four____,_____310,3hAP5sUjoivaPYive2dtPfwBl2sbQvAJnjNK62vavfz0L3EUPQSk2akDU
749,809,four____,_____310,qayLJ7mpM9DBY1vn6rQETPk6erdGyomK3PUfiVWGaDu5WBlth
809,972,four____,_____310,yYYUo7jb1EEdGgBkT28RS4smHwfrrOoDOy6a5OyAwVq0vo69xY7DM5JPMl
972,977,four____,_____310,LOs0zWVQQEzj0xZOzbheetTmchCLsDJixf
0,74,three___,_____311,IaCJMr7x5KvGjRjLdrC2D57jW7i1ksW9Yf
74,182,three___,_____311,kPvAWUqlDr1aEJB7rWBSUKHft15d487EYdDhMgNYsAh8B3URCfS21D
182,238,three___,_____311,1IitThpnukJAMBiq8SQGe3uuVbuCXjRsnJU68cc42glKiZSKz88RJ6v86
238,341,three___,_____311,EShJgdcVwgkj5U342pg0SDoJldP5GD75mUvVaJkabRpJ9CWLJey8lEG8qipWfq
341,590,three___,_____311,TNLbjglirGJjf5HKsjgo3Pnke6mJcuIB
590,684,three___,_____311,7JyBsr2bLDKXhYfoYJSS8UXR8jGTG3CvKqrP8vcaDu9dlPcK8amk
684,743,three___,_____311,jc9ATJloA8htVpGMhPzQ9obxdNzgbxTEgSqViepaA
743,750,three___,_____311,LI2Xn6YGmYoAekJZbGrBXmIccW83wMG9zD
750,912,three___,_____311,HFpQNtkNTSpWNidZO9Eq3RaBJvLFj9vvobSsBCQQafMeJ3
0,20,zero____,_____312,2Aw1b8eo3WGZ32wBVPWFuBPfOYZNIPqqA6UrUajzyKtT1llNZgsp01g
20,28,zero____,_____312,IrgDZep3DTFOsMzGtXnPttPwEw7ZICudl9rgktCF4oexcenJ
28,40,zero____,_____312,eQJUb0w4rixiGC6d1J8dA2KeALROjHsyiZqNrU85us46kRSJ4dJLNCdMhk
40,113,zero____,_____312,83lOUD4XJjCXjFSduelPKPgdDgHbvl9AF
113,248,zero____,_____312,cfGHCc72L8d6WACVSLAJSeOSkJ4PgxdxV8ffFvLjnS9qaeK8c89cQm
248,265,zero____,_____312,b1OkuopvNYl8DRrG1gYnBiYwxv8wbUfIG8xIFYaZ
265,419,zero____,_____312,G0eOByzby1UA1x2yr7UYu5Ng8TcY0poq84xtS6dggFxKvD3
419,511,zero____,_____312,JlHLIGU9BkcZNxgC7bNUme0jBENzIX5N8yfDbNSOTFgRCbTg6yel1l3w2cD
511,558,zero____,_____312,GgWC76HePMUHgWCWRWJ7ZFtVzTR1oNQ6Hbzt
558,584,zero____,_____312,8PAnDOzd1ok9BJQZRlfzTDB2dr0LoPJiv
584,612,zero____,_____312,NK1qSnqRAsh7GaC4cQUvvfjTPHkDsRRjG2QzIwN9eYsUdItPdRHGCP8OhH
612,692,zero____,_____312,trbsOguS2mpmEBA9CGNVjfZOPOOIf6EH0hr2RRAFV3pP
692,750,zero____,_____312,xtGE97fJ1dz9tJFA6ukvg3WHbQAR6ZxpUvfGzV0LH1EEpzhhcYAbrwCoPAEW4q
750,942,zero____,_____312,73Gp7YVt8z2fCQfKW9FRXvbnnucmBOYcwgRlkY3UWrE5BkbG
942,948,zero____,_____312,MrfWT8JSR7ks84lJ5hFBL4vyDJryXYBg6bQcW6Vrtfx7gD4UI3TIk6gpyA11
948,960,zero____,_____312,KHCdJJPprN5deEbjcXEMb2SRiIIolrJVzE1kYa3OeK5Fq1o1a9N74VgFHfYnMQ
0,171,one_____,_____313,h8TAiFRaax2pXc8Vkf2hZ3Crtp5jN6HpUs1ovQjJanZwtfbGbYGUEO
171,203,one_____,_____313,vxewrWT7DDmLbHWq9ANP5qVo3E9BtgJeZmfG28O4YRmNKjXG4W6d
203,404,one_____,_____313,pBXAD0LZkigZdJNgvio9njDTOPJLdcue39
404,760,one_____,_____313,Fg60quLPhRDYjsa2U1ZeMayiTJD0IbvchTXcCDN0j7vbqtnp8bO3skSom5U3
760,802,one_____,_____313,K2Y7noOr1aryVl8v0oARqbdkkpDaJM3cjHO2
802,883,one_____,_____313,skM5viFW2W6jXNjlG43EuPM4llqMmJKOTfqgjYuk
883,921,one_____,_____313,soR10T0DpHcAviS34nBgALhyUpb9j9Int
0,162,two_____,_____314,jZL7xjPp3N25oqJpot77RYsFcRUO6gBlymOnVIVWZwOel99i7C1CSWcH
162,180,two_____,_____314,ThPPdNtcmj6zBYDnfLI3JvikGhJYzc08xAGAA4cZhksAHkwkb6KFtEwbj6
180,202,two_____,_____314,0omHdgZQf6hm6oNAtCJpGCYcpWvEP6p9LEX4jFyGECu6gnLR6n
202,289,two_____,_____314,LrtI4qnri0a9yaX8PvsqiHaUPEQr5TsRr
289,338,two_____,_____314,VVquEaAmTlJZqULJAqX01csLibGhRrdOz3KCT
338,348,two_____,_____314,XOnpjADQ8pAf7Xj7dqRf8T5kSGKx66MFD3GGwJX
348,448,two_____,_____314,lPynVGi8kLBhhgWjplQNYIvX4JGc1VP0V
448,467,two_____,_____314,VSEvdiX0zMHX90VzE3B3FZqR0DP1cFnx3kiKc7YP7F4FjuznS
467,612,two_____,_____314,fGa8gMOwgK9mmBob6KcwOjNXFbMyah1oqL
612,744,two_____,_____314,xYixelUt40HTpuYnnJT2sJ8rrHNxigV1Vk4A
744,975,two_____,_____314,Nph0NTFL0ifWjhFJYkG706FO6IebWTs20buT
0,79,one_____,_____315,ydCmF7Y1pjw8BKuFXjIpwynPwqLVFOb4HLP8oSInHQGFfU
79,91,one_____,_____315,dgLqYnpk7AVui2E5Ub42Lclsd1u4aLrhvDG3Zw
91,93,one_____,_____315,cUo8D3HX9UqVV33pU5XRG4rHRZiiNBcGx32W
93,169,one_____,_____315,8UaSxLaIVQWt7hwyTEHJiuVfUjgYIT7NKhzsvleq3POwWlxj
169,281,one_____,_____315,mjLp2MbSt2uUySxGnxhkCDrcnQY1hQPx
281,306,one_____,_____315,MXHWuFyyt9U9OJK3KSF69sEiNJxUjU0OraUIDW
306,321,one_____,_____315,fNFgqivLzrOdUgIFXNYoUfilORz5cjhkWW1YQAEzgrEG6UmGohpqy
321,446,one_____,_____315,2T4vvS4o58TPxBEUzNpxq0SEtyNKIuaNUoPskloHp9r2IJ
446,810,one_____,_____315,xKiKEeWoDGNFpy8YQZvmKzR9P7Y6nC0hC3HcLlBcEktR0KTZLpqM5
0,23,one_____,_____316,vAWiAzH40AtwfIrmUNAOnMSyHZCqG4MscDXbuWHbfxnFMXnYKH
23,41,one_____,_____316,o7PVYbqGwRrYMcJ1yuwgVFE5yAdtYfPAewdxu2Eta0349IGulKUmNcS8jHIT1Mf
41,104,one_____,_____316,czyLnHdql6nC4FNaDxgYCluKTawn8Vpv4ScgxfqjD5ux
104,108,one_____,_____316,5Fbm4XGq4ycE4bzOSGrIebhSNWqmGj3awcFrYosuw7iZAsJLR
108,198,one_____,_____316,2oVffKyvqO7HxIIvbObh1U054oZllXhyCnn
198,212,one_____,_____316,ePaZjKOlF2E8XZIyTBJw9CD5XoQkYUAGlSbqbNODA9H1HcTtjoWmjqglPvSQSY99
212,223,one_____,_____316,vzt4omK8WJ9ioQWLNOjH0dm0uDkF7OvK4FZ6h6d1v
223,359,one_____,_____316,SS56OqFqJhZT7VcnMhFJ8wQI0PdC44qDiroLOO7o1mqR4CjiVZI2fn7i
359,391,one_____,_____316,QC6J98SkdghixHMRsjVe4FlqBnh8MjX4L8cZsBlRhXAol8J3Pq2sB
391,569,one_____,_____316,Y8gMftrdlGCncsX2xS6EkdyepsNQyCkN668TabqtjCefgO0kSDoCCvs1QCSM
569,878,one_____,_____316,zNfaUCcD06TFdEEp2SnLt6SgGxc4CeJgFjBovQmlbK2QyTO4y1qSgKbofB
878,967,one_____,_____316,iLUzCXptaHltLiwfNPdrrg9mkhY7SmbYzPVn24jurTpyRgklYSReOC4V6Q
0,55,four____,_____317,gXWplK8IuFgnKkPAufOuethQeJRoXpH86XK35lvPfH
55,68,four____,_____317,bSD9vqpzvuKFr2yOr7fPONYs7sUT0kzgg5aPyiXfNLzMW9j0k7WcPAo
68,161,four____,_____317,OFvKdVX7ZkYkoJ2HWsbWivAd5f4GQq8NWW09LM
161,192,four____,_____317,aleajDuS5kQ9Z3p0VdNW8g4PilzrJcrMmeKdh8
192,246,four____,_____317,sbKUiUfrJpDdhjMPNFcbvG5C3vMH1tUS3U51LSCQO9wekYQrRNnmM0O
246,284,four____,_____317,LXJWT72RxbpIAzpj9DbnJDNOUwTtqfIXvaQcYgd4TmzAe
284,304,four____,_____317,LQzDHNFfGfPivg295z6VwBsXXdiRfrJX5Itr5Oapa8CPVC6M9JwLqpoQqgHrkVe
304,316,four____,_____317,HjD1YqSFP8vjuwlUXEYhGn3qhgu0iUQOSDajlepxSwQ1j
316,346,four____,_____317,L3AnaA8pSA9DCz9ACEpsbMMwSruyBqSIY0xT8Foryiet0u0hOAlu7p8GQyzaG
346,480,four____,_____317,aS5wxPJFxf8P4nw2rlz1eTZisZYDH5dOd1HjI02dVZh
480,741,four____,_____317,vex6n8j7gyqf086061NKHhVQXP0evG1VvDogEH6wvo5FHPtNvp
741,782,four____,_____317,ZJqYmokSTKmVVrLB4ctGLeoyHoASj2CMOBQUb15fuA
0,14,two_____,_____318,Wie4nQeUhotJ7MXrLynRAqILMHkjpxFy41x38pDw5qWxXez
14,230,two_____,_____318,UKk7vOjFAFfg7mGfw2SL5FkeQlV0e3yVmhrNmMUjn4jWMpZF
230,281,two_____,_____318,tC22cRJxOfiueAx0uNafMriDjPRcFwMyuMqTeVLlO5BuNx8lv8G42MVkOl6l
281,339,two_____,_____318,w68azDcPOUuXINvjBs0N2kNOy6acrt1oEwrTi6ZY8cUeLlxH6gzQ28ZX8
339,439,two_____,_____318,lFuoMC1btWnzuaXletv0n40mpQ2ds5l9oL40k4Qo
439,540,two_____,_____318,E1CUviZoQyTyIVnQjUR3p49DkJ9z2EAgUr20F
540,549,two_____,_____318,fW6djFcQaZFItlJK2YCgwfGxll03LJvV9seRi2lQEFGBtdLkQwz0z1Wn7pLtp
549,645,two_____,_____318,dS8qlYOOACdOSnk9XytIK3hG5LJlSGAM
645,811,two_____,_____318,GyJAZKjjHbrZ3Z4ewpPsbzkojSigX2r1xaZjhjE677ZST5TzPNZWoSwNWZbJbIE
811,844,two_____,_____318,D3doW2fKhHoNAsDXwa5YyaI5UKD9kdwAHQv8yBwCX3H1G3IXO8r8Xi
844,986,two_____,_____318,8vz81hBPTp5sUOJgv5fuQfJ7p6Oq65KHbDkPuPcnSo9svNWE7ECegqkjOj9
0,204,three___,_____319,vsiofS7wTQcIe4JobtGJhxolsLNifxgymSKL25hGh7UMjmVQ1wDJH6
204,303,three___,_____319,3LgEN3sL0wqHiesnPuAwI4svh8bbvY6tLkzXz0Md8
303,349,three___,_____319,2kcvICI0GdnECBJy4qKn9sgluCqZBGagHDpU6CIUzXHv7XbzMmyOpD
349,387,three___,_____319,UNaXPiq0g3sD3YezWJZeAXnWLkjVv1xkbKUMcVJDCWjFHYdegr4Fq5e5
387,683,three___,_____319,g2TC7V3OdT6t8zeDbPx0RlvvvBYPrfgWj0
683,817,three___,_____319,v0ye2l73jftYhZZ3pL4jtASbafJOLXNAnlnlNTisGSL14dN797fSkd3rh1vpmi
817,851,three___,_____319,Tp0DftIjtSHQXeBpKSyWhXcL1mIdTPz5vvDjlNoMlQRslME6cUhNA
0,186,zero____,_____320,BmDqgB8Bgi7ekm0o5HOCjikgPoGqUXLQ6wtyp8vgMjHiTPqVZFJ5Wg1R4Xat
186,254,zero____,_____320,y9z5gij0FaOmgDGK7cK3EcjBMlSiYYlmmjU2FLMgy5e1RdebM
254,257,zero____,_____320,bIDBCg1pJQXeIgPoBr0Q2b7xCB7Cqs3dqJ8hyS9V7QV7Lm
257,658,zero____,_____320,ZQpuJUJcm1njYtSIVycUK1ssRjULFZPtpH5GJJBb
658,858,zero____,_____320,ceCUuvbXmRZytwSXS8MAqrGDxLXDmBNee4
0,247,one_____,_____321,ZbxnwMlLqXOMo1Hsq1WcBlV0uK0l4X7LJcN7lXEBpGf04jdo0wOxQ
247,265,one_____,_____321,rAfxPgH8tLUrfEZRhua7TjAs8QHi9IhOHKnd
265,330,one_____,_____321,mHKRC4VJYb6IBty8SasiBOCXS5GvCchvVZxnnKx9xeF6PuwZbbaam53
330,331,one_____,_____321,qFm5Zbp8lpZdzyPeS9ADCZUbIne2DqGah
331,490,one_____,_____321,hLoBAbQimiSJgyleRdlU9PnImf1Qt2rY6oKJ8UM2ahiA9gBIUwjL0
490,519,one_____,_____321,qlnZkbbd5fYIc7DbRybmO0JRdL9RIRALr153DQdXHh1HaU
519,790,one_____,_____321,qjhu7mVfuBGkUOq65uyqU1vKBg4lLPxg1oLarBvNGlnCVhMR
790,806,one_____,_____321,iYqCTF4UuxmyMGm6Z6FOfL9o65WWD6LMa
0,99,one_____,_____322,PUZh0hS2v95r5PCbqd8fQZMczWSsTrN5exIQY2AYU4WYxkDmP22wM
99,186,one_____,_____322,0w2nUBrZvXl2SUo3hnPMGrvSUD9FCEy6OJnxxttwPfvhSOcAtZ9IFYHTK5
186,780,one_____,_____322,8ayI0kltIbjQEt9tjER1Zx0Kbhdb7xgVNlCu0NcKqgorFrCfMkouriMElpj0sBJ4
0,58,one_____,_____323,sdcmj2T2qmAflRo28U4FM6YiJi42hfkJT4uc8OIiOQCRfg8fcdgQfc337zqbjRdE
58,248,one_____,_____323,sBCi88mEgC5qmwZVx8bzNyDnazlx0y7iH
248,308,one_____,_____323,yMUFWtQaHRMNoeDHCYb5DDUGmmDPJjyMM8FOapxgfKIgOj5HUZB0ZwC4IwWY
308,329,one_____,_____323,p8dw2BkSNKR62VPHRKFU1DrlNqeYC0Lhisjv1ctaeYPa9WziDu
329,363,one_____,_____323,Oc73sq1wc1sYFcNEEtTbYTy3Mh3OwXBe2Vy
363,374,one_____,_____323,0GrmXeD7z9T8kj3WJBKNFvyJBpjLXw6a4BcEO
374,449,one_____,_____323,8cVOEFYITs9HUrWQvI1AHZSoT6tBq6Waa1kziy2K94DyIKIWzMcAz4cL7Tj3
449,454,one_____,_____323,sJfia20SwzlfcqbNOXPtSwQUSMicSqArcXatnaITW1Mw
454,508,one_____,_____323,gP6CDWSiOVY1hKoq5mNeZx1CVd6awR0Iyp
508,546,one_____,_____323,yLkm3v1BPhW50zFesA3zBsGuVeBtCytRKrg7d
546,645,one_____,_____323,TIKdZwlx2KdaWCwrPVZUBlArN035qVo3IWubyMe
645,799,one_____,_____323,NxL8ZCQ0yCWqQy6IJXy5Lr8aBkGOJE10wWujktYi22uc
0,38,two_____,_____324,uQsBltySvUu1kHlXMMg0jwgYaGcca2kZyVytzpOQqllmo8hNDP
38,57,two_____,_____324,S57wUzEvXXLqkorDSvEwpA5su1eaqHBsYk9T
57,131,two_____,_____324,ixhoXagj5XWqi0bPATYJbKtIQhVBxym3LOlZaMbzWtbg4AQh
131,162,two_____,_____324,gxdnUCsFCnz5kwoMAIG9DYBbF9k5pXd9KAtFFwWRudKZH5Q12xpeespX
162,216,two_____,_____324,yxRIT1Iw18w37VCOE4NUPD1u0o4f1tcHiTRzVERoweNYvWBgePBtxARZPsdr
216,319,two_____,_____324,SF246aGDK5WZ2eNNoUnEduDw5EMxIMmcmIG9EKV4qpYbxdmfYKZO
319,451,two_____,_____324,XWzXr7d9x0OTgIWcBL7dOhTnG2dpMoq7bMuMOUS6sHdHFhj1i6gu1Gqq9
451,524,two_____,_____324,ggDCp7s54tlfcKMO0socgIsy3VCfuLeYnrwSEVt4mapyfWriRfhTcDXnY9
524,540,two_____,_____324,wMsjij1VwOAtEkggSAPuDrat0Cv375aSVVGqR
540,550,two_____,_____324,VlKLzl04dufNQDpnlFR8Y11doA4cKT15gBq7YmgJpU4ATnd4
550,682,two_____,_____324,ZgBlUWdGNy3u1UcJZgBmtMTDYckHygc4QcW0ByGpD
682,688,two_____,_____324,bBc3GQ9u17r5UtsYOFTIN6QXusimxk3SEOzUVd4lGxcI9iIdhiDNak6lX7KMgRY
688,794,two_____,_____324,D5gMOocD58sojp0dwSPnE0ZuSDSE2lcNx
794,841,two_____,_____324,9TgY5zDfAx0nhpSf1s3VyaezLEAwit2YIbi1J3Z9ObiOGGrAEscf
841,881,two_____,_____324,M8dRlETePmpjG64M5UryI2apWNKyxzAqU3eiVk1hxfX9bw9bQigpGKgaLi4U1
0,29,four____,_____325,Ctd7WBG5bloE2WVDFhLGUcVyvvHFxos2gZp45wFYT4W5FDaG1jHor
29,254,four____,_____325,dHebNXNQcCgcZSgrc21XkikynfNF2RK5GTOXJTzWuMXEokHuVR4dmU9n1HYATVwS
254,404,four____,_____325,bdvkrXc5rMHO8YjPYTsIVV1HDvYIlg6ciLAKwAfZ0uH4bS91O5CaEJtR7dOvQg
404,539,four____,_____325,2tCLqGUjYiJW03BsrxZOeWyl1pJ2wbbTekCb2GDPWkj6K3jiyJcAiNimxInzrj8N
539,558,four____,_____325,OxrzwugDBSKkxRTtrd5Vzu1OgJWGxpBUqdLgCdWBgqRALJ
558,724,four____,_____325,uQjpfNEoGDwk8PMrnBmUIjDYRRB7XEPvtf0v9UhJiqDiqad66ycfWTanuLcW
724,780,four____,_____325,VDUjaiyFm8014qGpTRtrj67BnYhPkXVtMDC8ssLZRCH2RNlI
780,815,four____,_____325,GCrYwEfK8tsOkzeH978JWQtfBILfQpqwZn0TIHtm7TJ4wMmZqXc2A
815,853,four____,_____325,Tjf6QGN2E4kIHmM6pjdlW95CjNtRVtph2qcJ5SJbM7ZXebcufJEcE
853,882,four____,_____325,szIjaeEA2gUKOi39BbIhJ1tIi3dv2jBHFLr3OzqfsJobdtMe0pzi6xutgZ
882,924,four____,_____325,Pfcwd7AC5dAyxTeagB8RySBggnviwi3DZ8j8IkIpgfH5QlP5kyhXsE79T
924,948,four____,_____325,MbSg8tJVa1ORYiLlsmYvpvlLJGxZfZIvVk2TgqvO9L8f
948,969,four____,_____325,WAnumskFdJlEvVeqWTA7GKs4rMJ83pIqM
969,994,four____,_____325,MRaAYLYhEW457MzP0pYeejwLHJTpzkbPwvb9D7ndd6KFGlAUXt8DrsXV8DSsf
0,76,zero____,_____326,QivQExnx8uhqewKPjZ1atx8iQEAFL2mT8hvV1yFCaCoq7s
76,100,zero____,_____326,rCffP3pTS2keWO1znrwCo9TYqTw5i5CosOisP6ZjFQ1Bs7GHHqSmC
100,106,zero____,_____326,dTLgWoGkddeThg5XfumkdInmdWdDgnytRdI
106,136,zero____,_____326,HrrocIMPoT04dMn1endet5nKHhj5PXYfhkezgRt
136,293,zero____,_____326,E3ZX8ZaxRuQ9fAmQe3TifDdYT95fXQW3NVN9Q5bGKJ5GH51wNaP9THVYB7qyy
293,408,zero____,_____326,34PddAYsm2nmWGGK6lLVNznTgKBV7xBt5s5pt
408,448,zero____,_____326,SGZ1tUMLPQVL2M2283yEPiAFgo0Vj27QumoGAeZio
448,714,zero____,_____326,bu1Ze26so1kDc76qtHf3SikCUJGUxhtc
714,740,zero____,_____326,pEqGTqMaBK9oexJqiAtwEZGdAOfEqkRtZQYgDuLoOhCLRtPA4TkehP3z7gEcOb
740,861,zero____,_____326,D7zSNlZlYRPd0UcmaaemXdBV1E9vkBzuaWpgygAN7AlTC8TRxvB8p
0,27,four____,_____327,ahYMiv1jUxzDOmEgLFIWp01XDIUm7u25PuiBPZh0fEeoGUaBQFakYey0Bm9Fez
27,272,four____,_____327,prZUxyERWY3D1Xb0P8x2tH3cFxByKal57vpkBTeUGyeJKZc9
272,279,four____,_____327,BM2sBjfGkAbpB7p8xRIVpUW1reUtcddfadDFaweSZjxugiZwLnTNbgJkHNqp
279,459,four____,_____327,g0qk5LgLT5YFszeSGEjHcNPwRy06JA0c8mnuHd7WerzkEu
459,554,four____,_____327,En8QIwODW1D2lqoEeFjBsZrOoW15z9sd3yjdS
554,567,four____,_____327,XiCJ3sQ7nvQNwzvUNx2D6ainUYmCoEyt83MaMnyP5g7pIk
567,658,four____,_____327,0vQgq1U0fQC7HxuJpVBUWnXUoeGkPf4r8ZmqUFZ10KDXqNnpkSvoSC1W7RIUr8mr
658,947,four____,_____327,hzA2wNevaBqqBhI1x2UMs1MLVTcXw8eymPAWtrsSRo2VFlNT7qRxkk3Hrc3a
947,963,four____,_____327,RbHROk4ViRARmVlVW5EnjM7OeJv8HdpjFwq0GxlVWiDSlqhbuQ
0,337,two_____,_____328,7vnOjsQYf35Npg6woL8j6UhuKh5PvmzsNPtLAO
337,379,two_____,_____328,k2ZrYekjkgrwdoURSX91mkK2k3RmUlym60B8caiZoxSzimUzlsWeFfZhqZU0UNJJ
379,427,two_____,_____328,LsjdYUclPqbWytH0LtNNMpHNcrroCgDAIrivlCLcTGFZiIEf3dG0t
427,593,two_____,_____328,QVlaHbOcqYpU5GsNz8qD0SRKWcgSiz26Q6yhUT
593,868,two_____,_____328,QQyyY4lALMN2mhJHTwAoVp0fLwtrUEu4gtG2z0HBjbPo7ucZva7D
868,945,two_____,_____328,HS3Tpx12ODPffhlyKxcCxJXTFDEC4IZMvDT1Rg8EbqFTr1jV
945,969,two_____,_____328,PwFzZaLzpKkt54QAhig9qQcMFWj2vqrPf
969,999,two_____,_____328,avwZzLGcu4xfMQKmpHWdqUtBfZEui0475X6fG
0,211,two_____,_____329,Z0gS8a0Gkk3KcYTr40J8V4dWrILkqc7uRHuVK8mfcpq6vfcxgF
211,289,two_____,_____329,kHXQlLWgm5tLmr1gA4rwwn1D4Tza6m0tHfhDyxwC8onx2Ern5krH77yQy5
289,315,two_____,_____329,TXW4KiqevcXzT6VT5ZvDGaVzCqMZITiX6fwHqO9KJUPDgLAvnV8qXdFg
315,449,two_____,_____329,3Z19M9Myz5UufrhioRJRBKz56r2FZhWy1cW0cOd7juWdjcn
449,465,two_____,_____329,QMQRp6UEkivAJzQUTwcsxbKzlB5bzSO9xQ9H
465,519,two_____,_____329,cgO3GYxQiCLHUvCvAqtU7fs84IgVa3Bb
519,534,two_____,_____329,JeBLKn1kZSUx8hRnehnTMb2MDsfu9JsuwlX
534,645,two_____,_____329,sYoBnRArgtdsU1PxlumHwBbOvF6SVqQDYAIR2Cvc
645,955,two_____,_____329,cjozufu1dYYEZ9ycsScoWh4jguFEXr87ZQQn
955,965,two_____,_____329,Tgz1IjNVR7X1WnwLLAkWMpkvZzpgmjCR4Y4lLJeI6
0,300,one_____,_____330,V6ldqYkTMiY47aBNsey35s7S2TBPw2VtfCAl
300,346,one_____,_____330,Z7ded2QVSdRXxdnaySKZIWWj9LxyuywjI7gponhl7C4FbwxsP5iEEIjKGZ
346,417,one_____,_____330,PY6RUDxbrUQWAhnK5qfwJzsw3IL5gHnptZQ
417,462,one_____,_____330,ChHEcLY9EiGvxWVhoiiefAemssdZodeuoiYaYdoUoVQv8
462,606,one_____,_____330,FQUucYFV0cJjweHtG3BCgQ6AGkUjISGKKo25JqqKgVk1muCzbLBUkQ2zZL4vRG
606,665,one_____,_____330,5AC3zFm591ZWOqvp48Yc9KMAhmWvfQ1vX31rBzvd
665,783,one_____,_____330,HIkuGxeHLBxV9Kw0I9ITj0JAi55AI3cHXT7TtnH0sd20
0,216,two_____,_____331,vxpIs7DAkdbcgfT0KVuD9WXYssGsDU7d8wJ6G3Ou4d5cp6xRdCjKD57okHM
216,305,two_____,_____331,JWrZDwkRZ9wwt5iSFOccfSlNOqNYBVXQrBRCZh8
305,309,two_____,_____331,qBpc7W6yw3jm2053BWn2XooJsI34oy3cLkBomardCMI
309,449,two_____,_____331,GbI7e3MB6tprvycrB57AVpOJJpIPfuJLMSBWsPURCV24Hnxp9hNz6n
449,598,two_____,_____331,CSEGcfdSpxhgTJCA3DH34S6gaOKbtvpGwdVtLqylzwZdn3ktg6
0,116,four____,_____332,8fxgBZuE6llZNhrNh2I21viNsdPG8qxAwi5fKslquPNo3ghP5ZrDcc7XhS
116,140,four____,_____332,VnB6GH6xyuD96p0Ayqrj6dFXQ2Q5wIhbid2sy
140,231,four____,_____332,7ZnRqauyMR153Ew6e8vRgTLKc39obYCi9JI5mUBuSOvb
231,441,four____,_____332,ysCLiFeI4Ve9VcIU6X6tCa0SUy2576JZ8K6COkQP9dG8lu8xOiVrPjkxE
441,585,four____,_____332,3quUgbbNnOvsBldNEmcSLIHpHsi03QsuGfsETvdnqNt
585,639,four____,_____332,izjjPXruq53RfYHrWv0GPCTV6hVWXtB4mnzWLkCfggbcWYOWooh
639,754,four____,_____332,nmokJr95q2b0ORnFuQzVi8hNEOJnOjBKzc
754,817,four____,_____332,HayMI5fatatr47nCSm10CUKZ2e7eynIzK0w1cfyOWLD5cYqG3h0Q
817,827,four____,_____332,Ga4RAoemFCsN6a21aM8gA0oA6XFXXkhcNu2mh2fM78
827,913,four____,_____332,Q7srL9qz0ESjT7vCO5weAhY9cMRRVQoq
913,988,four____,_____332,Jn8dUYBw1e403vqNi60ZdzWnkbXsFp6SO59SywIxct5JXk1EClkRAAgC2t
0,43,three___,_____333,bZGp4fWnj46jBLUixrVRR0FEvr7MVM3eTeZI16ieIle
43,43,three___,_____333,R4HCUFvG7z6XwtK3k16MDistJFAMWhR1QC1KQBPwRp2Mx38kQYBGWHdsF
43,71,three___,_____333,aHVyBaKZ7DyI80N6SDzQNtaOVRqrvI4N7MvieJi2
71,290,three___,_____333,SdhmqAXGXB6z2Tnvufb5o7nEncooW9BMDeWGnS6TL2
290,355,three___,_____333,E1U1owtU91q2kgfBPW5OiluCE6QqXXeQJaJ1Adf4lVUpjTcC3mVx
355,509,three___,_____333,MOXGrKJtInUViNwfduyTO51k7Ko4hRU7tzfA79UpuOLTYbUhXuDQnLnRo11G
509,617,three___,_____333,tRnFRekft2qu92Mo5mhGadbNWy71gzHsWSYgp
617,694,three___,_____333,EGhdneuAJ9viMrJnhX7cJ0WxFsqdTx2j4d9Xyg5VmTxHs1u9QKZd9ICusa
694,718,three___,_____333,CwSV8tvEyyah7vhMuSkJWqDzQ4R02L2flPMhFMwFzeR2
718,749,three___,_____333,fZyt2cPqE5Rdzs7e2LXsdPUPI0C6pMpXmoPrqnLSAmSAXB0XQX8bxE5qCF0Ju
749,866,three___,_____333,pUi27TwJEdYyosGqRgtwDTJV13wgtTdKzZz58
0,126,zero____,_____334,vr2Fh6kcq6iyXu9nKvGHgiQCqKfExVoN2FZOrNCvRgm
126,268,zero____,_____334,C38XvImsIktGBodQMLpRlecVoJCp0gstI5TQ
268,303,zero____,_____334,DjczlaWc8Pd5cfqMFEAMYZLanoQfLpdlQOYhJZEhTpW4k2ph
303,308,zero____,_____334,3nDQLlPQcRBzKkkXSJWYD9ILD59H67wdNLajNHRyTEK8gnvR
308,345,zero____,_____334,QtofCRbRjyHsADmxKmOAOlvlQ8ySZavuHRRhTOG5jSxBk5FuUHwVnJe
345,535,zero____,_____334,CiryjqmMBY3ogHr1cnwy0TFJzvWlPaupaqEZL8u0XwZCEPHsQYbKTdsYT
535,558,zero____,_____334,F7rT9nCZN1tKDdFZpI5i7jLZAyIRmg7pWV284XNXaH1GE1B
558,564,zero____,_____334,VR1zOojP3MlHDBfCDDOZfBli9iGSpT6frdSl2FhQRdGXM5XZP
564,903,zero____,_____334,zti2ouyvENVKz3PjZb5oeAHjpJAmOPyoHivYVhFqFhRObTof4Lb
903,923,zero____,_____334,s5lPMCImfDYL1zJT2xXnBCc24WOhls4a3DqcPBEsYFhHt87Fz
0,7,two_____,_____335,wq0zV6NFhDiXbqOCDr63VdlvSrkaerIDrupvGSjGlQErrCR57UiSC
7,14,two_____,_____335,ufG4Kt61RJ3gGCVOwi8OEgm03grtCcyVIy9wHfJrCZeHkpsjt
14,106,two_____,_____335,p5Wwz31foRcrdUG5kT4mLQLHfhvYI7bbgTzEW5hHBhuyeoWDzrLXBy
106,277,two_____,_____335,EQXrRlPVvWHuivZ1jo5CDaVOQZlvXxKY7os18xgGWOVwatW
277,395,two_____,_____335,kOqVxLttmrBxlu30uDaXNAdHXDkYPyChrNnzfTlQ14doIZHUv8kNF2h0fxSskssQ
395,633,two_____,_____335,KUyaEJ8jarX6ZJIMEKiiJTlpVtgBpRxWYoh5r7E4iZHskhaA8tOpkFOW8afr
633,715,two_____,_____335,zQY3W78PMC9WvjEGWC1kgo7qtM8I2LP1qe6OrkPLpJRAJQezXlFP
715,728,two_____,_____335,5oXvPCUJcrnXOU3jiG3KnYmaE8ObRVRbNIlnv4myjIVmOs6rojv92vVLtlmQdma
728,798,two_____,_____335,w31byyrHZuqvrsd3oiv0DHScJMAcphyzvTucfKqMj
798,913,two_____,_____335,QeqW0JUI2hw6pWkNLi4SRtPU2NPGE3XqL3mHIfULa4yiQpCyYtZPgA
0,29,zero____,_____336,bMKfTsgOBPgKojb3rFuK9hxJeso8pnbVLnKwESs7QyHcqFb3RKiVyXjY4896voQN
29,101,zero____,_____336,W4dEAurA6cDb1OkBNoyDePUoMCr94m6fcv7DHwoGfqwoRJCPKv6ia6VvvLedpqoG
101,255,zero____,_____336,541h06pQMOVR78WIB01vnM8A182m7oegp0gbu0MZxGsEz2Q80
255,295,zero____,_____336,xfNWwWUkQdv8xVlIusF238HKVkiq42trIe7PUQ981j
295,404,zero____,_____336,aHyhKm16gKNexulaACCF3VF3MyMhzdWk
404,464,zero____,_____336,ASLdT2tiqsG6b5E57cNcxtK0J4gOGgbjtaIiBULe05w1kOxsn4aEjQTUzsEo
464,477,zero____,_____336,gZlG729DUrlTyESBuLPSqLpFv3NmDKC1fbuAZRnJLMHufG8tcYt50lFZnI25meAe
477,491,zero____,_____336,kHFPPdgIp8hg7mvToo0BWoFTdNqDIFXx1AaGKuGVbKotl51i
491,506,zero____,_____336,xfTQ6bjX3kbcQ9MmhBAlB0nYf2S5fuYE0wWgP3Z8WakTwxr
506,606,zero____,_____336,is8WaOVvkNDO7wlS5J9PpRNBY1kwCSsaVLji5DvslyvRT4nOjDUNsW3UNwh40OcC
0,13,one_____,_____337,v9rsXYqySJggd5PEMn5vI1OtgpgMcTJ0dle1pgEbCGUmfGRKOyYBRppWHHm
13,54,one_____,_____337,svjMHoIUCI1tVwGNLaO4iAYMe3C59o5r4rfenF6gmLr6HU8ukJ6r1W0lXS
54,537,one_____,_____337,4s81qWFQ2zd8l4WSWhC7Rzug4dK9INPYCgQ
537,572,one_____,_____337,SAAHXoFePSteIo1uAyYHtWjRxZqZePlt5r2Csq
572,593,one_____,_____337,FKQwQOquWEzFucMbpQQeidLuB8j9dhPgaaHT5r49H33ZAprswPhNk3El
0,6,four____,_____338,RFg51gXrzsNZLBc7C4xjaZHjHbgY2513ZmaW9Q9CEQXpB3emr
6,157,four____,_____338,AK1R2bcJ9qqZjvBsLlSO2g6iPyXcU9MY3qpATqdLhG8VhEwfNCCjs3zW
157,173,four____,_____338,1nfD4u72CZKKgd2LEhowe9GFVFKwRe9I3CWSTv326dq2ajgzdBwG
173,269,four____,_____338,SA1FItbozrJng4AAPsDlQN0DwY3nhE7RYxmilfWmoVplCvDWo
269,461,four____,_____338,GOYIkRVfeZgswA6KA0vjgRtJuoxOrB1rbK2PhRFKoaCohSNcZ83M
461,475,four____,_____338,tV1pTsxOBApJF2cqwQ8E6koVW6y5cM1FWdKouUTNHwrf1m1FFffamCWAZ6
475,492,four____,_____338,oeMpUreUf17sUJZfNjYKuj9Fejf75dyEOQIJEACbZjQivL2D95
492,578,four____,_____338,4I9O25WrXzTbwG3p0ENdPFr3UhHctbaZ
578,600,four____,_____338,O1roCQGRi0EoSi0dXUmUY2YXvaxl9YA0a6n4vMpCmu9ETu1t
600,760,four____,_____338,CgOWgeTVsr8sFZytXt0zz7RYcKFSFztumjUcBllDE0qa7C
0,2,four____,_____339,ABMswwbaKLQlnL4qDuViBNI4aqLZPd1Jzs2sFIgHmk3YUcXU9K1Q
2,42,four____,_____339,XIhJItvuGCWqLKGC7vsNfBvacZJBIHE55QdMpMtbWMu6qbii3O8gir
42,262,four____,_____339,moDjcmAbL2mkEsbmvTtUotrac8GNZWJn2Zmshy3FBaYU2O38CsShzI
262,397,four____,_____339,TE1hZ6kkgps4iqcKRicpuROVrUmW7ygpF9c94veaWrF2tZAtA9cXK
397,482,four____,_____339,ZbNbJUQ1TdJwu8qpnNF1Fs55LNBwDRUsHJgKS4Q2OsqwtCKuCNT
482,550,four____,_____339,quiT4apy4NPegQoF6MPvY6KQbW4uiCAtdL0pI3gefmfrjylSmifQ1s2N0zgu
550,588,four____,_____339,IpvERCOiF45MfGT02dgsrqfKCu3VVVunIeF
588,667,four____,_____339,H757vCnBRJe7Xsow6Zp44smKfZQJw1F8YVBbnthatsodRjqLLVP
667,782,four____,_____339,2goCcf7JW6dadgDUzAaBnLU9YzGXVN0hlCg4JZQpJN3kSpBbFTHQ
782,927,four____,_____339,vdjfGHMDGCrQ7lNf9Y79PUuE5xbsavdd9s00OGl4soUr3
927,971,four____,_____339,dUUA5jNqC7xfNZ3xIRyJEX39ggK87qFo
0,111,three___,_____340,VfZ54la5o7gCoJY04gTzIpf8GTKW4xD7t2eMFnaFWWSVYQSnWoMdHj
111,203,three___,_____340,pQdG8DYGcGzGwFQTektngBvmILnbYbP2M2QuB2JN2V
203,346,three___,_____340,MxS0A9e0fKqe8ZMVdGVsfQeeX4tVVNv12A
346,392,three___,_____340,psvP4pP6QadL1tcjtM8KnfYYPWVX9a7d7CqynQ1qyLBIi3XWhS4pecHV1L
392,424,three___,_____340,9uHoiEaYsurJQiHUTR3KO4EimEsDR5ceeO7AuDCH98ElH79CDhxZGWl6N24IV
424,488,three___,_____340,oKVEDZf4IUYaze7eLB88fkQBwTGmPbhaFmXF4NulDTIf
488,766,three___,_____340,mIa5y7mf59tNyRErpT137S0vIXKB7umLXx
766,953,three___,_____340,x5OLGqpjDpNmWit510UDxcPndFqjy2sUYajWr
953,972,three___,_____340,VWVBpIGSXRGtfP1SE3vAuPdxtQGFPcLY9tS
0,10,one_____,_____341,oWy5eZObSY9bnRCnj0wVZmw4zqlpuLhfVCF7c5I7dlmdAyTQqDkpkAMGWo
10,120,one_____,_____341,vBK7gt7YNf9MdgMglQeHyJ29xSb60eci4aSV
120,247,one_____,_____341,XXrtYIfx51Upme6sBhYCNyc1TOGvuA2jzF
247,349,one_____,_____341,y3bBMNMSRWEQFpyr86fvLbVQ6RfJZ478
349,358,one_____,_____341,7RYyzy57tMIMjSVoD5M79Fzc8AkrPFsSzz95LRcn55C7QkOwC7eKlmG
358,418,one_____,_____341,WFMyMjM1ssphfuiD5cYI8lpqwTMelDOums1E
418,679,one_____,_____341,oLsBD2YHewT6lYMJmvXeRPbkKsVwWLojjDF
679,688,one_____,_____341,BWCOywjjDOpXjkcV56jh5fNL98hRGMg1MYhCiry8gbW6Kqsq0CI2vKQz
688,770,one_____,_____341,HevpVY5vc13x6AhRdEW0ncmBbwMKk6bjnN24A
0,74,one_____,_____342,CC8SAqPonGCQ8xJBeEpSUjv8T4TVmGJFR2a7nBS9X2Qctb
74,94,one_____,_____342,Wni2kMBJ7CGTDcexAczF4lGbxzKEdeOojElEaIGYfTL9TkgQACTPISSOi8
94,429,one_____,_____342,G8kJEePWwM8hZIgk40mV4GnMkpHohJwLfKtqGIYv
429,586,one_____,_____342,RnGQsXDhuC0AiMqgT8FREw1eQx1GOVlGyyyZHSl0
586,783,one_____,_____342,lkNfFkkFtMTqqVLTB0EGjvVrkYNnfZM7hNk
783,806,one_____,_____342,STVsAew38rDnrpY69urnY3KEJPkGLFutu8eVhyb6WvX7Xg9gAH1xOlEo53lH
0,64,two_____,_____343,18s0BBQ5dsS3D1eMBvt2FI7urJdgY3LChq1trqkJjNmhGcZNXvM8xr9PfqQ4NF
64,165,two_____,_____343,uQE1pTiCpZQDE5CwcLuxH09qFmsSFMkS0b5LXuSO1BSbzxGD3D8
165,268,two_____,_____343,3QxS3O4EsFLRXBpZVcNOjv1Tc3K4JjcGiOB1NmsFQoAIVET1
268,383,two_____,_____343,3E2I213gkt1OtoBsu1kdVqpDJxwFY6tSP8PEuLcjSVr0fT2ghhOiXeY
383,464,two_____,_____343,dNx8JHzY1j3ElnO4nwQzBSSFav60XBGZAXr43kDP0Xe3RlTYmNTwAcsfVC
464,494,two_____,_____343,mfo6gQiLkkG1m9zoDOwkg2mWjcMARJxroOop4pA83Hbxv0B
494,650,two_____,_____343,KPtqrFQOfCY9tomPofakyJWCkPtsaKTGf9oYnCFgpHgkbGRhjnrywA0N
650,652,two_____,_____343,TwiHhpdpsn0eIK5tkYZ38K3kKPFfyVkK5axTmdxyCr1mI4Dd8YJPvPn
652,783,two_____,_____343,VTDXYSqqeL7du7BTljfDk7nN03grpfJwZD5IHeK
783,790,two_____,_____343,W5tsyUN961KXHsGIrjX6Ch78x9nDz1TWfStftZxQig1gotmw7G
790,932,two_____,_____343,osrSmX3X2UNZebr7xXqxLBGJFCiMIRCpr33IqxmFSqYhJHlPm5fKg5vDz8OX1
0,12,one_____,_____344,5HIKxnwPlGJXNlwyday1jQ8yLWWZKdYhsiPDKfUpcp
12,36,one_____,_____344,pTEEl2H1BajL4PCc3DrkKQuLAtn58iY1aUM7BcBDAQYSN
36,234,one_____,_____344,FuD89e5ApDi6To43wezAeyQgVDA08KFwRSmjoR7qM3jnxGuK7R3AOd4V8iK
234,505,one_____,_____344,8kL6SjmaxdPddMVuAIAJbBmwiKUZwQJ9k233KaDaZC
505,542,one_____,_____344,iFiJl1LPzeiiddtxME2h9oW7TBEEx2OM8JUIjY
542,572,one_____,_____344,E9a0iHxugkLGS3vsrcDWcdKTGT47TwE3Zaa7EeCgwkOW3bKqWRW4T8c
572,574,one_____,_____344,AgYdaCIvRjc443Ssp6fai2WUrrNnthoWEK1QwWPhSuYYfGq
574,757,one_____,_____344,yRsNVGiKGSIm84b91WkB4TRX2GWIdb0muEbifo2LZIPoA58
757,885,one_____,_____344,uX1I72D2KCGZx5OPd2dZOpCbIOhetXUXFCHiUNzOl6vAizlnZMQuspIJ
885,964,one_____,_____344,vDzgeGLKuydCtMTUPgNjII88XjnbKcL0riQwMHaLBpTEYC3zfF
964,994,one_____,_____344,aUIf1fIZZcJRTlFvicldKqpSpd38TCPNWr1tS5TDZYAoplUrPe5FCzS6z0
0,47,four____,_____345,cHYxUrnTgjTw132vCjGcPwyuyyVOKsTZIX0tCledjPSpa7zK5gP
47,200,four____,_____345,F72lxY6hfnlQjs6kG3ZLPq2tOvkdq2O0LM0IlJzrzAyACYkd7MLD
200,311,four____,_____345,h70gN64Nzhewt3PMm6zyFevbzZ9v6ayubuk6zOXIjKHlscM3DyX5aTfnW4zFE0
311,394,four____,_____345,saGGjpM6UFscfNCdZvll5ruW4v27xL0Nehqv8QxS
394,568,four____,_____345,AXJjpcWiNoipd2GCfqxT2T5URgPFLieWsQVEL0gfS
568,614,four____,_____345,l8cKn1zA7WcQLgRfNT6I6Ofjm32P2VNotBH2ycnAadyaArXi9ThwVh4
614,708,four____,_____345,APmDdnz7WXXEwF2i7Dpq5zbQvC7OuMaU4PH68Ch2G6jSLEA0QxLPVttncV
708,750,four____,_____345,AJBoZnu3MvHLDf5SOJIl13w2xQWJn9gpkkpBRoRMX5Ib3JLT2s8Z7XXJSDmL
750,921,four____,_____345,udpNehrWOP8aesbESrCdmvWpCHVCtr741wFshqPiGyPZn2ueO5qx4Izpg
0,47,three___,_____346,V8JAhuXMNfRI0QiQdq1OAsBobws2AG6gqdOesDXABufF4N9nievsya1PEM0hZ
47,67,three___,_____346,enkYIsY53GEAUzxeoQiDFNdZsuaa55MfLvf3cb
67,171,three___,_____346,VEjjPQG7grl7qShKtQzDK31BSmXMtHXWyb24fe1LpcgnjoPOv
171,182,three___,_____346,h2jwFOb5kSGC7rDBOGqXzcK00AAAjgtNxS2U4Ge7fJ1TTHxJmH2ctv
182,230,three___,_____346,NsS7O21nE6vRKPO9Q7Dwc4m91wy5gZ1xt0OKb2eruySaUKgtk4KHJFJCwYKFZ
230,278,three___,_____346,R0X3zwxaKQIylyQ5GE6hhhLgbS4kF1YEN7rcKPZ
278,600,three___,_____346,ryjCOkzqY5QBk08nKYvvJxRT54MW70QJAahEJUvUIQ0
600,611,three___,_____346,3ncNjsh2xFtWYcWGZYKRVgqLTgGb3b6MoX6LaevhZfRyfB6hU7hxqWR8nzUuLt6w
611,640,three___,_____346,YFuLM9iY1wufoZARrHBqpMrrlKox7tP5ZLO23VTviPwVns
640,653,three___,_____346,QfGRXwsy8jHLMeBqVlujZAcwwL4YOUkDD12jaLPqfz
653,721,three___,_____346,pz69ibLJn8raPsRnWKZZHLN2uedDfxuebnbtmBnn5KFBaSm5gIHKfNS
721,772,three___,_____346,PO76QYrAV33gQuER2rynPVFTtcMikrl29I6aKS73jTWx
0,272,one_____,_____347,YiNmCQryJmzye1xcnHrPaj1ka2cj15BbUpWlo2IdPIgYidx2GiXll6JVE
272,309,one_____,_____347,rkHV8CXsOsQtND34g9YExduI8wcalPt3d7U00F9mjZj
309,354,one_____,_____347,rXxfMW02DXSCosg5MoRKL6QUKpWAh5ruzA6Ie5fRg2dz74TwtIU5YJnHw
354,403,one_____,_____347,FGnyJ2PoPD6rPMzmSWzzFMevGwE4AWBxISaXFJRA
403,439,one_____,_____347,TlPVhop6l2QUrm3ZHrds8bGg8eO1UAnheQT92J
439,534,one_____,_____347,uEjv79UUfzSCiTA7nwDvWlHBan1iBuVueOq09ki7kLkG0J
534,537,one_____,_____347,PdxmPZndPR4zUOGCtyD4KzX081hVHbUFCp8Kde0LoTnec9lCmBAOmzU
537,590,one_____,_____347,j3WCGkPBr9CRiq3B4q7vFLH0bMSQ6NE5J5hr98yQG966ffJ
590,620,one_____,_____347,r3CnY1WAlmLnlEfgmChKtzKwAOg8FIFdgt7IZmqcChLXAX
620,689,one_____,_____347,Rzr2lUJMIva3pVfreKIxGLa0de89j5bCWzIl
689,718,one_____,_____347,RxZRmvvdcZxGsT1oYKwsK0hJ77ul0M4tMG
718,751,one_____,_____347,a3ReVDcA8clsvcRHzQQZ1yEDbphCVjd7
751,847,one_____,_____347,it5GXFc3nfFDjgPe1IUwMp732BnjTH1R
0,61,four____,_____348,ofdCgICwDSiBXWWBuUZMPLQpfwyXMKHmceM8Wl
61,250,four____,_____348,55u0m6b0zu1Cr9ND6FvLMiax98MiLQ2IR5eLVOZgpHk03SFrw0CzbTITj
250,265,four____,_____348,O1E2P53pNd9pveQRfcaUYeSZrkFJ4Sve5Ho
265,281,four____,_____348,CUDIXBZkz76rkONrROuzcQYHcZVwpL4M9fQ7KerHN
281,333,four____,_____348,d1IdFfDaZklbEUR991jHvIkd9BwkM9H1vZiPrvPkgQGfYnk
333,406,four____,_____348,zA1Zgg6D7g2nK7XKQxqGZCkgHlT9j609WAc
406,558,four____,_____348,q0d84xJfxk6zraQQfuOFjpKw1xJNyLwL0mInY6sXGme7COFAR3C9Og
0,15,three___,_____349,JkWdo2JZXmUwJY5iCtBAKyzALgVmIGGhuK5ZBsCXsV
15,162,three___,_____349,SC4J094W5LO035H38E6ORzDihX0SUDfHPtrNKanq
162,166,three___,_____349,7ooqumVCQafrJ1q0I8vjWkMQoQzYLwa8q3R
166,168,three___,_____349,TMYfhHyiS6dYNeSgCgyRjEEKsZJZDGDFEHA
168,188,three___,_____349,hncTVatWtF6AEwvf5mydwogfcbfsserjiq3uDzYZi2
188,232,three___,_____349,pB8XjuDru87tVbKld3Nf5xH5seUs0BEB2qITqAOlLlag5NrLYc
232,259,three___,_____349,88QgOROy3vwGZoYB1LxUmCFbnJ86gedunN0wZSqxJFd
259,358,three___,_____349,FXQ0vo8TNnapj0MtNMmKM78kdrEUMM20oA7xqdHQdFCpiy3H2XH3gKnt7R
358,619,three___,_____349,ceGx8IcQWTy6JCMicznSNBcp6xj40RQsEoNle8sxQwISdjdcy3
619,939,three___,_____349,HzhRMq2RK6J9gqKNLJlIkDJlWk9VbuvPeVT4BK7BmDIs
0,12,two_____,_____350,Jf1gyL9tFYmrZJWAn4SYxTVjLIMSXXD8Zd5vLlZ3q4St
12,34,two_____,_____350,D52Nkh3leTpeZvZfMM6TOR1XTHzOi53std3ZQEnpYVKdGyyYkYgUUn
34,128,two_____,_____350,NyMZPA6Bs5SRH16Kwn8Yha8I9zjXfJB4Kbn25dJLEzmlpFnWNnllonCau
128,270,two_____,_____350,SSKJUSsW1oRUvFUeT80zEGIqHXmthMK0dD8wyA82aIWJC2fjtzUJpx4CjKdJD
270,343,two_____,_____350,FZ6I36Oa3f8YRc7x7vroUg3fFjYNO60B2086juE6r8nf
343,349,two_____,_____350,LRxUaAL0DnxG7ZHTp3Gnoj9UFETUvzXPQVNYoOP
349,645,two_____,_____350,zLPSTRBrkPP1nt5CQX1QzCYt28ildmsq0VcioEbaNaWU9NejFibtA7PdcJNRS
645,712,two_____,_____350,IEK6evEG8ob4YPrVcOWkWwsHNS2tYChmxb3fdaIrbBkObtiFMN9d
712,919,two_____,_____350,JBt3CHA9u1PqcwjmTAG7x97oBQixwO2Pt23N
919,943,two_____,_____350,jjvKKvOy7MQNFMazZCA52xf2UPOjBciiv9WZ2U8lWtdBxwFE9EctzuXKN
0,81,four____,_____351,YQc6vOKpXN3DpuUbPfIIZQaWKov9N9yhPGnswZp
81,104,four____,_____351,5VRyCeDAtnA7jDjX1W6l7PyPVpGZxp0F8gOgz4
104,146,four____,_____351,OwR5jyRxbuSXPks3W8dCJgIDlVHZhwCCNKUqpoI
146,156,four____,_____351,1Mcp6tkjRCxJ1VjfsZvEa5NMnSCFplERlgR2lro8fpylM70
156,232,four____,_____351,GSoH8LcL9DnUy99T0sBysoTHzp0DGaulVH76nZ7y035nRlXCTZxqhYQXBvgmgi6
232,273,four____,_____351,Idh4N0AHrDWv19Ryx4vi6LmL8AZvRa4Zj
273,332,four____,_____351,0rtzq2xsDZfWdEiTlQdnXNZPakP3Nw2NIj3l2h6kCRYtCSMiy70VOqhqmJA8U
332,519,four____,_____351,4rIORwRKz1upWOeH1irwZQhGvsJ368k74jtb44
519,575,four____,_____351,hsDfWJkW2v0ZuVUSG27jPs5HeAzMAaIFa5v8IdssaDaW6gsDtw
575,733,four____,_____351,4M3tEyC8vHtIZKFWwXbB3yX04eA2lsqZG3ddFX
733,823,four____,_____351,hQrrEuyi8BTSUX09hPAwlBzHmQ1hW3oyN8xVdSlAXybKvTITsj2ABPU
823,857,four____,_____351,SSNfiZYKRWb0TWcD1mHAIsyjMrxfnLY5biNv
857,858,four____,_____351,C6rS79pFxeG9PNkgEOgIwTY1Puqlcol0
858,902,four____,_____351,zXgsDG1vNukwif32uciqJb5qjZEpKWwVZaKYATc8lHfp38RPbWAP
0,10,zero____,_____352,It3pKyYbPWvQC2TAc74vB2s0OapViVZFn1JsUJGSyoGepyAkkL
10,48,zero____,_____352,VNaMem7imSC1xezKUR7ZJvVqnir35z6wTA2y
48,78,zero____,_____352,Bba4yGGOIE2drbBamV5Gj0aSEOylnAy1aaVHdeiBRngpm
78,142,zero____,_____352,3wqInfs1lRJ2QgwVkdfgEppmPU7EsbsVCVosgFzg
142,192,zero____,_____352,khVtdyF3dQ0s5a7ioiTLtxwn8k1Skdx2FJw2mzC7PiLOloULiCW4
192,549,zero____,_____352,NuXvhKxbLbg6A6KvG68wUWJMO7Fg75Job
549,689,zero____,_____352,brb8pGeyn9u5xaNzw80nsb9B7VKLWbhluLKi9qviHJe3f8ZSMsf811Q6rIw6uekV
689,834,zero____,_____352,a6ncfeQrT0QVO2KrSFnu2ARWLKp4nZ08EHjgZ7jJ
834,862,zero____,_____352,EMZK5qOC5M3JqZCiWkzC000fg3dzb5YYtZsNLqMOGZsNLmmG
862,916,zero____,_____352,BxGFK40ayKgNnU7tsovOFCUj1F5FYpYLRWQMU4wPLxcK9DkcVEfF7JdX
916,972,zero____,_____352,jDg8RaaOmIeStDQhBS8lQ7QpT9LZswYk
972,985,zero____,_____352,epVl4OwmbMRskccfvlq1KXRYxZE6BAjBwtboxuOhQV211ZlPozuf0CKAju
0,205,one_____,_____353,xoK6isuVGrHuCDc7zbUsGOEPdMLdMbMZJsvmAgU889
205,387,one_____,_____353,e4EGNjbgAMrVehAOtU90GF9Jg4youPMyCt0mW1vQS
387,434,one_____,_____353,jqhTw8fCCQ0itHMSGmkXvfU6rITszl2A2
434,717,one_____,_____353,IQDIwzBtIre9gCU1yUaBbKJmclqSCi020KoUoYTT1syCP7CfYG
717,755,one_____,_____353,b2JLR7G2WABVFcNls3Ufd9VM5tgiiPWR
755,834,one_____,_____353,K8qGqdKOF5rYJ6XvksbEzLTb3YrYGIgRepWYd
834,886,one_____,_____353,VheXg4pMX1ncqFnauvT9lg6aFV6qfwTis2sgu8EhtXBxVajdLE8wOmKK
886,966,one_____,_____353,Fe0vihPgaoL4F8mjLy5PWtedGUhVtHaI3KPN8HeirYpxS7jyQdIafWGIo34IPKS0
0,196,four____,_____354,6d9tzzTYKOUf1tgHcrXPS6p9TtqIstnZDkiZTfds1w8
196,477,four____,_____354,nIR2JMknapV7Fnqpi7DNRV7vFVNbWXua
477,643,four____,_____354,QIhmeEgand4Ww2sqJvxUPffX1NRPqAvN3e1DXnmm3QMeKbQ
643,687,four____,_____354,kgtemYxR6576v7libMEKy6zVl6nA0WPlBNg0o
687,840,four____,_____354,DdEtwsacLrnNTRJP9bSHs8pGkqKdTDe7
840,968,four____,_____354,uhQFuiolReK4oC6O8iFe0qmE5xzx1V5gzIiqZvWSUX1ldvOC
968,992,four____,_____354,1G68fVD3vjdqj23liXsmtTS0H26vaLagmJGuPA0AHUg0rnSIDm7b
0,33,two_____,_____355,V0pD7GB7V1k8aF9tWtsGc5po1jaF736iXZ7x
33,186,two_____,_____355,hJX0F7bkqDc9J6VaR6CnjG1rACQJAAZnhoqVQgBbw14q
186,393,two_____,_____355,KUl57vxvU2iR0p2v8yFlCTs93TUZq8b5xo3m
393,500,two_____,_____355,zNM1G3DYlVxokBvs1n8e5XYCR6rLRwCaOqZgFfVqhEUfrM3RC
500,507,two_____,_____355,5OkYXGc54dzR1kJ3AZqdDF3x37U5x9yUDiQ4K9gZ8Ttyr8aZqbEHEsFMd9
507,508,two_____,_____355,perv7bIPLAXSlLzHM2ZQZYCwYL7DI2c09LxZZ67NBPEglpj8CGOaOsnOl
508,835,two_____,_____355,r6hf1Ajs5YrAgjhpUkE8cHhubhCeE12weSns2Li7d7P
835,932,two_____,_____355,XV66EWYgWi5IAfOrbn96SYg9dXGqWbdWn
0,354,four____,_____356,fMK1arSSY9p2G1Tolmu9XpFfvoxuW4e6FDuM3if5znzbL2E9iqXnjm
354,412,four____,_____356,vd7O0NWoVpPXdumVr2nzBLD7reJHObiin9jHVzhKc7ZjI2uXw
412,455,four____,_____356,ZGLKoCk2ua7HvXsCl5rsbZgyp7dsWSmiPBuO
455,477,four____,_____356,jOQwExotDDiY1mXpVbvYBqOvH0u7RygYyOCIUBPWlyJ0gOenB9X
477,519,four____,_____356,Fmxpw6YtAqw6ZxJOetu3yreYubOqX1VQbvHDLE9Mq4FBnM
519,546,four____,_____356,DlxywQGmpcGdvcPMg8FtFDSUgVfV1XjNkBEZtRLP57hojBKhGKw3q
546,612,four____,_____356,PHfEfGrYN5EFuYaGX1Hm5kVgwAiPEBoyuKBpZbg
612,632,four____,_____356,N4QlG9M4BHbZL4yqTtiTOmauRMSyySsFFZgPP7mZNcdMoUYMfY6k
632,935,four____,_____356,xO9Ijkv8kDskGhKjBv9tSSFs26sGGyQKx
0,427,four____,_____357,w8X9A3XeClJFZLbF1z7rxfHCa0MfYQO8EF2aMnVqSF89aXpB2
427,516,four____,_____357,dvebkoCm9iqTY7IWcjWXWMy4LayG61nIT5Nwb2Tlo1giMH
516,651,four____,_____357,WffnXQVDAdg1x3VbPPzb6WVOVPbQ7bLDdhRENF1hDMPIC
651,768,four____,_____357,zTr7cG2FzhUSEGrQLhmcDUkrFZkwKQsJAMefZ5lh7oilVkJmFBH9JL4n6ycrTt
768,823,four____,_____357,SY2qjvvf6uUjmteRtismrhns7B7IE6HrnU0r5RUq7QwmH
823,842,four____,_____357,M1YSYSq0dske0KrAQuq8lzXJ2bcqLZ8dUaWlq0P1Y5bteOViD03i
842,891,four____,_____357,Uysl6OiNjhbjyP1incYfC9lpylhP5x7X
0,100,one_____,_____358,Xdnx3KKTEas6XweUSrmM2whkGwgsklzH9btTfJtJmV6D
100,219,one_____,_____358,yTkNF9P0nFW12lQjeO8moUh69M3HXA5aQyQmeI6O
219,220,one_____,_____358,Na1N9r1K6vODH7q70zVYfU4YieFZOt8rOJdb3D4StYT8cymAmvYjY
220,275,one_____,_____358,L0pRJ61kF0pKR0dH7xoMdvCR3wuAeITFv6MVqwPOSyONaIH
275,299,one_____,_____358,BccsMZgKc85enoJ0jJDNFvh6dfWtbJMSddTw0J5gAkPGyR4
299,425,one_____,_____358,wx6rw6gPIyEuByIDvHu5gDNGJ9dtsqSRXzahcgTZZb29NWrt4
425,531,one_____,_____358,qkWE8X16jtICbxeS45HlrZoW7JSqWzAJ6Joo5qXM7solLHr
531,626,one_____,_____358,IiNxsgWD34XdgQcEculaguuR61Mm5f9b3HWVoxkjIvWuNGn7vcVN01oSmFnT
626,828,one_____,_____358,nuyuCab65x1LhJBKComQUDWgIrQK6VUe3hZopJbXVIAlh7KrVm6wsGh2sK3o8J
828,902,one_____,_____358,aMq3Tnmi72D2j361L5iXGY3p8ByexeGa6MHRPtROvfnFvioXDIAydQYgYc
0,196,three___,_____359,8KJJlgDlxdmPcnXhof7RMk3woqgJixYZX5epp
196,196,three___,_____359,RLygxzynbfilHkBxeCc8uy8R2b9aktz4lN
196,224,three___,_____359,YGTURfZBPjKTMkZDHGRNv18HLzv8po2oKu0Ex3Dg9n1IfogCnra9
224,299,three___,_____359,o1Ts2PmWOlSkUyvAjKC9VN5NSRWUpDFSwvubiPNPHy11J1f0gQsNH
299,322,three___,_____359,HYmkRFZWw9PBVfymPfkRddfe9hyqigfRLfc33L3
322,344,three___,_____359,8CLDD3IDrnrrQKJlUoI865YHO4Wy6gx3MK
344,397,three___,_____359,EeVBL7PCOXl6LlRz7OQTBjNzmNkzhKO7Aud1FUr7xNRT9TYh
397,522,three___,_____359,2k71EhA3jJqN4hzlRngEBqKXCRVTBLvdbAJa7ZxG0m3YvQCxGmLlk07M3Xw1
522,535,three___,_____359,llI8zphrx7h9kGECAIOVgQidjePyqHVORA9xMs
535,668,three___,_____359,O3yUTJgdqGbJx4H2vx3ImC1m0CxdX7hZhc18KLQULWZxUEIil8IKMm7kcm
668,670,three___,_____359,iP36N1V1fl4muNj9PuxdHLZurZvNZpn0iPHp8rkKcj5P
670,675,three___,_____359,N4CqdX8JAU2okggyBDacw2aRyEaQ6X40LYV8mV5f1iKEw4EG0LToo
675,832,three___,_____359,0mGhnN9loC6Bl7W04frBAejCCubGCRqWCjbnDLWxNpFaC9e1vmfkqTe
832,888,three___,_____359,U2jdZbntBAmGqaJC2z6w2H9HGb8483PRtLxRuTwVugM2HtDHhMxoP
888,975,three___,_____359,gQSS4GUxypEUkCAadGstEDrJe12uoHmeLQ0cwrS6BZPtZUVRWlC8xsZy
0,19,zero____,_____360,nH2H7cMSew5FtNtINfvYI1xCOH2IlC2AsuO3z9yonQdqNgL5gsdgWHTnuBwO
19,155,zero____,_____360,tGukojn43w1rtj0KDYS8lwyKUl1LKQLd
155,217,zero____,_____360,aMAL9Zbi5aOXz70chNNhqSpl4KCwnCEUZS97
217,242,zero____,_____360,09ZqGMS17EQjB8vd6rKABLNIluqOczrJ8hb7zoprWQr0LwqJ
242,249,zero____,_____360,ioNj9gaH6QxLf2hXeu7isssAbfiXo6016BR
249,331,zero____,_____360,AzwekcWjPQd6GKffLRDBCHgzdBow7QLAhAJNBAsNUzHvbimY
331,388,zero____,_____360,gkMdThy9IdimW6eiGeIqE0XkM7xGnaZA2iG70elk1MXZTFGs
388,489,zero____,_____360,xv0lAS2dSq3OfUPB5JVLNOU838pNI2oDw4dbEGD2GFu8u4TSlQKGl9XL1pMZi
489,628,zero____,_____360,DWKxRMQcByqVf2URH5Plpyp5a5foT5PHzMq7ufRp0NNkT8mECzCTStbkb8g9mcR
628,801,zero____,_____360,js04ASQPnNtnkQ2fCtKNu8LFeb3Y0oh690dzeS5isIEA
801,940,zero____,_____360,miilKk0sHGv0FZ5iQsKGODAbVfgDTGMcEbwIgX9d9u
0,95,zero____,_____361,TgsQ3cjQJoReZfK0tEF64rT2Hg6z86uueJEL1pEw4i90ny7qM0
95,185,zero____,_____361,GSLeDtujyGRvK0Cpes4zGtz6zwlRAH1VrQ5ZLBKzGSuagZ
185,363,zero____,_____361,v5G33fU5A843dbQnoFHCB5iEoSPT9yIoInbhiU3UrXmHKqFk30uIfLkUMrACqvB
363,414,zero____,_____361,QtDsTkSVyDPQMFnCvfNrt2VfxWtusLvykDlCIfsWIYEQGQMU
414,674,zero____,_____361,kTSBSxYaVMr4WEjDSSTSLz0NQexU8HoRU
674,865,zero____,_____361,45omu5W7FnwEvNW3IfzqYhpVacADKjmxqWMA
865,905,zero____,_____361,5Utbls7WjUbsR30D2S3i1c0DbU5HAUtLp8C
905,955,zero____,_____361,dTi1IfJkFEfkzGbwVLLd2UE6nY94NuLsr58n4IwpeHRn78KhJZ
0,49,three___,_____362,lWLzG2QqFfHerNqBtiPUMXY6WTm6jieH1jYDRo8thFWZLNtD9NPnjO
49,87,three___,_____362,YdCjozJC7XIEgnszPE85fjV5NjKnYN6hzMFVh3OlQPUYzXk8ltxi3Se
87,124,three___,_____362,3YoKf3dsq368lrIJOP8jytyR8kv3rKIvEMhrTTklOqbTqasKlrE
124,385,three___,_____362,DDiyaPvOTaNxhctMngv1x8tbJeAeHbq45OxE
385,440,three___,_____362,uPur11QWHb4KaKoDLLsVBDD3jagSQu1KPUBmVi38hEkH5J
440,476,three___,_____362,7ATwX2hLWwGy6zN74kGEGHFIZxd49Ux5iUwE1ugZoEOVueb1f65CRr
476,631,three___,_____362,r4gzLvIJYeyJHY21hytr7LEYk12dL2U4AewRNdRq
631,694,three___,_____362,urhVlRPbLdoNoS0AJnzLb35ZIZBfTkVKI6zDxMuXR42qHlnV
694,745,three___,_____362,tER67iYycmfFjskfrTKP6MBm0wx0X2MOJN4pWPgEL6ZmmDvBKQG
745,755,three___,_____362,dFoKA8FJsCrZM8nFq7nIBY31sjT9VJCfexUnFQpe3cxpgI2g7q6GEDw6eA
755,815,three___,_____362,XO6HeKbtHDHMLq5tdzzE0HyA7MZRwFTItIv24TNuyc1rifzgbkRxTwa14lQs
815,891,three___,_____362,AyB2rkJrx9SlNffjMuZAZQHF3V7kDh1O5WpnXlb8w1HFRZYdJDOQ
891,915,three___,_____362,HL1unqIeAePYM3VA83CdiI7YEtKs6OnxKH3i52gbXO
915,978,three___,_____362,rSuU98XyqHZCMgnqzVIpUwnYDgUUilr5AA0LyciNRI6BeQjfthrHnV0otq
0,85,two_____,_____363,RaWJ0s28VtryP45oSonb9F3QQGwOY0vkA8f50G6D
85,292,two_____,_____363,WMnrvhz8q9YRLTWdcIkAMCHgVVEN8jSlsG0cQCWaX2b6Bs
292,572,two_____,_____363,OB35znTtWdCBTeJeqFyRR5z0zVJt3XRpBhdmSadHFN3irizMT
572,582,two_____,_____363,hKB3NzuKHzwd1LK0SiO2YgoIgedmaElyDKUQYeIQIED
582,602,two_____,_____363,hYsSt59AE5kZSqu89G6DXuPXQVYW97APOQo0vOeqi2OyDHQoMHmYR3uamSucL
602,719,two_____,_____363,PGOXprZfkaUcqI6xEAi3ZFkImjfvDWogjOMT2l4lAC562hW7IRlQaQNBKKhLt
719,726,two_____,_____363,e4irRiV6FZfLPzqgQ3M6oBkRA8wILPcgnPE6yC8wA
726,751,two_____,_____363,ARbShRB7ar9AqOK8xQq3vFUHrOWupKlqFLHlf1Z
751,852,two_____,_____363,GDvBEzJ5nM6nsRiYCOwwGwsDZJC4g7nREJMmyy86h9iSw7UNRyjEbNq4T7bI
852,894,two_____,_____363,DZ6KXYh3aOEtCKtyi8dr8SMSsNb3W3GKeHhiDprqJdXHMSSZI
0,162,zero____,_____364,bnP8XVMnVqv2RSAl1CbHzO1wXiMwJ1kRKZ
162,331,zero____,_____364,PcNFUf5HOVGO1r6Wg76bZvalUz21tdNUc5WZLe7nEH2KJtQgmSGB5TQXjRC
331,341,zero____,_____364,AxchJNUPxPa6jb9r1EL2uIuJDkf805hhZzo1e
341,347,zero____,_____364,fft8c5VXkDj8OMJEP0xCerUKFoJu01xgz2
347,400,zero____,_____364,YYQL3cNukbsP2U8W7k15BE53wM3r6CxhHhU
400,509,zero____,_____364,Iaw8r4AVslJcHBIFtXEQvEZaB2ACQgq1LuFh1QD3eSBe
509,738,zero____,_____364,sLI0ne895Ani6yP5HWJ9zQZjX8d9WmqCH9kysVZtgTkhGNqCEaPh4
738,742,zero____,_____364,PA4o4d4HbPEMnX4cz4vAZKBBB8XjT4MiqHUxqe6
742,787,zero____,_____364,Hq2iQTLdVTA3i9neW5BX2FCfRn7KP47adJi6d9uT3jMTQSmzA19Gven5Vv
787,943,zero____,_____364,vjFVCfj8Q9AQRgJpV1VWtBvmfTxujuS9J
943,946,zero____,_____364,4SgiLEb0wVpX1Wu53R2KV8cdrAAMejTM1y4CR0Sq66jGQV9a2
0,3,zero____,_____365,Qmg8lG9qMW9XYgnFh744IYxEOtspwBrxhPbB7zhzF
3,96,zero____,_____365,rknvrRhOaJ90hZCWprR78JlUSZjHZV5qrUYLRW6SgD1Ozl
96,117,zero____,_____365,Hwun4aObqiC92NbOMUW0PvwPP5wKkN01W2RXy5nNBNGJlzot6cZd
117,129,zero____,_____365,xoge9i2FzgHL92NFoObIt2Ec0UBK2Tqt49FoivUujSxm5xIAJSVBzkTAcDWI
129,438,zero____,_____365,9Ydry6WwO82QkLTrJ2p0FKdPwXtKXDAMRNlo1bSzBsiSK9xCCmIidxgMTDhNf9v
438,465,zero____,_____365,ABAHZqgRN8T2w5oiQ5Mcb98t1PjoPDTlyOfcxKHPjLjjYJjjoYKU
465,585,zero____,_____365,T3d0Ss7SZhBOncD9XhseHWcQnGkLlvOLcK61x824pHpoV
585,674,zero____,_____365,UFvpLzxNC839UiiuWByw6EKFDeZXoEsY6i9Tb2RJ2jsd
674,732,zero____,_____365,oESdzvUn6FuufAKz5scaNKHGu8IMlYLpA3Nw7E5
732,851,zero____,_____365,GJaQZDj8px365L5xYnxPSD41I7lEGGxUoGVwxlm7v7PanZSueUfGFgY97CXtS
851,911,zero____,_____365,3BJvgm7wlaqMA56BxtLufqphGH9FY5f1GEV8KRN57UiVfIwMMwA
0,331,zero____,_____366,FYGkBduHSnDF8nMc3oSJkQwaFTkcX0w0
331,338,zero____,_____366,LdsN6nBrMZqCqQCOraLRbA1vRozU9vCt2ZVRtXGFg
338,420,zero____,_____366,5ZptoNS4gNMwREP9o0insGXVuycWbHeHg235IEQTCyFJhZLqFGBb3
420,469,zero____,_____366,UyXrSVCi5bdvqbe7aw7xVwKPToIJlGCSsu64plOCC1oW2Y6mOlTVwrCx33Td
469,550,zero____,_____366,L5aYH3RZz7ERpbfrmFj9SYNr7ejrP0NSPue2PxOZKBibB5hxHzRo7rSCsZA
550,657,zero____,_____366,P85qLa2jRXhLr6QzNS1wc3UkZ8UGtwmnAiYO3Ec0ec9HWVcjJv9F1PnVLWPF9H49
657,700,zero____,_____366,3I43hNYKbesaFjgLGSc7MoQCAMPZ06zdIhevGVFwGF4DbHVzYVCpKg9T
700,776,zero____,_____366,biRaI3BGf7z3tAUhljHXQaSgU9tW4dVyG1akgZ3CqrD
776,789,zero____,_____366,lYUjxhpmkU72ZERIGQy25QOfpZ6NXXIt0JUm
0,125,three___,_____367,3D1Mqh5QLxv2rBPEOoX3PYv6NFTffg5glGGIsTo
125,294,three___,_____367,5Xjivjq6UdsV2jo09DEimXFhBeSicSkDoTrXvisIaRAFpCHx4jhQZi
294,346,three___,_____367,A6tjGnSrxQ11o8ZmpiN6mF3ev5F3yheDCK9zdh6CQ
346,424,three___,_____367,PZG5spaiN5ukzG4fAjfyzwdAg0QGdo1gr8fLsNo7wxxHZYP
424,468,three___,_____367,TlpNrZzoqWQCoPkbZa6cJOFYH369ubp4iF9Qtwog4
468,706,three___,_____367,2xjDKv44G6jKuS8qP8Zn7V8Ca3W2t1Vhq1GlbRwE0nwpaT
706,718,three___,_____367,7ugF1hiN0e8ju6Ehj8hbIizWXJfQLUDzSEfS2EwqZlsfR
718,886,three___,_____367,v4fHYyKAJaUdWCOVPt5tevABMVcrxI4zQ19k
0,87,one_____,_____368,Rg6JIcv68Angcoqzn23x6iyMqcKffrFILu8oJn8ADDLj202N
87,213,one_____,_____368,jegWBruZpBhFCOfxvPFtrChPzbaSZZetKaSofsAob1vWW4LR
213,290,one_____,_____368,6tA6O1CQSQVt4m5cYgc1l3lzNPG90c7c9wCO3mnP
290,520,one_____,_____368,0ZRpA30LvZAN3NTDAMNBVhT7oKmjzcMv6fqZ
520,601,one_____,_____368,xBEECS8zewr1GBOwLsXIzs3prGW3LA0qZjp
601,648,one_____,_____368,ikhpGXod2KnB9xWmgFeQHVpCqhYdnJayEDO0yAyQcuxSdD9fWgkgL9
648,721,one_____,_____368,WDmufbvfHdOQg8e0iOzUIGSM5zyFXOFoi9nlt
721,775,one_____,_____368,yyGsjDlITbHrj5Z59EbfJjw0YKXmb03ExbOHO
775,787,one_____,_____368,dxuclKOb0s9ZeAQo3oqrRJVvma3vSasD9YyNbCqYfTuVi4GUxc4wfGyfG
787,828,one_____,_____368,T5R9yQ90p0ImUW8w8DqKNjghaOTgVULWxlazWm7kr0h4h6BpNYG5YSA16IXPd
828,930,one_____,_____368,KcAbE7T3fzDP19bsQ6sUbURCum9epn5SpKDq3UeqK8
0,193,two_____,_____369,Jx9jkyKclJPXOi26KfhUcgyj8agc0RYWsVjfFwUWgf6Apu
193,204,two_____,_____369,LRxUnnaSXJmCaM3mSjYmVrxnwa6AYF0XBh1YhqaA9pJk
204,244,two_____,_____369,DLWaIp9inXkSIP0igMt6lsUvTrTUKg37W0SbPrtvQDQCFV8CBjA1KU
244,676,two_____,_____369,VdxyuMXJWlM6JrEdupoTCTaWwgRlJ3Y059qMOUuadtiBu7F3fFbcxeOs8
676,789,two_____,_____369,steawc9kycDe28RAvw7yjEKxdag2vK8vThuM4T1KipsLNKPl
0,11,four____,_____370,xOTk9Xbc1ZsZhrh0VlGK0AKpq9okWS4AhIsTiFDPibFvesRSuarKV
11,25,four____,_____370,DkXHuC7rSeyN4AHnr19kzxlJvd3WSn5yHqFCgMp0VOzl
25,205,four____,_____370,8dw1VjCS8MAp4fGdBOgduaCMXQdnYdQXud5U67vGXaPjj16KwluBK4X
205,323,four____,_____370,8Pnwr4W7ZDiUHZ0iUYueNdKZ5QF3pJhN
323,409,four____,_____370,8BIzNYBOl6TnQ4UfdHMcsSB8y34RW6hKZPnqzrOLR47wYSoBQNBRRxOtlv539Dz
409,424,four____,_____370,BSKqkEULekopltxPx9T6EVRfk1K9nc9yqbPNJf0
424,472,four____,_____370,EqqjwZbsWVwoMG4mqcKvAsyR719u3nsdf9RWFrU3tYFRlN705daWi
472,673,four____,_____370,bMFOvc5ol3HQfMMQlLl602UsvDZlvLxc7rR0QjYukDR4qBNKa
673,825,four____,_____370,ci1aNW1VgQx2HrToPuh0Pl7NkCJXGFoFhww
825,982,four____,_____370,wWjotHIKQUi5BwQi4krf08Zjx8NVXqKIFkBcvMB6I5ASxxV8ZS0ZiGQ6cf
0,44,one_____,_____371,9QqVRO3Y4Krf9yUszjCQVXMqVY6GmwoVdU49TLUYHYIK5mp
44,104,one_____,_____371,bOdWGOePweBKuWfSuqGJnSGTUwwMnobc2qdF6aWx
104,117,one_____,_____371,o70IAra1ipVKBYB0lPL2YSc42BHDO2wtCpxzU6Uc
117,206,one_____,_____371,Q1FtFRMNb3J9S9hsTLTCgfbwiBxgcTBGmkiWY66ucZniWempqq
206,388,one_____,_____371,EdVre6kfz92cnbEZcMoMBqEk3jhdCrmjB
388,586,one_____,_____371,aRR7bJUIjlZ8ddX9Rgi4rWrxgFn8VJxHym67CqUd4H
586,713,one_____,_____371,XABrPcj9jSVhMFMTVCmAfIQJGjENETvHS
713,714,one_____,_____371,3UGsSQLQFkc3IKYY8PLLBH9gEO6FoZBV
714,765,one_____,_____371,UDrNf9XhGyQTD3Sq09UqiOVkFRg5DGogEHaXeYpr597w39LFJR2E8gw
0,141,zero____,_____372,8DYQTj0jkmghR4AKqkFkYJvt5ysllmTWpKacvrCy1Yxuv
141,197,zero____,_____372,8MMZP138UfjWL9gnX1BixvvZA0uAfBifdppToB9C766R8hwMUmSimNIHhTZnq9fg
197,437,zero____,_____372,nhVakaPIOXLGzJbaC9TDjcrDEQlkCctq409A2815LudzZAnmRd7vxhhxyBtZ6es
437,568,zero____,_____372,2W8mPEzQUuSIgrgpMnRYeMXU4P0AtvPhudtne9YbdbeA5
568,617,zero____,_____372,ePn0IqftsmwU7DUZaJbaLCHZi7e4K0R81ChLoO2fV
617,775,zero____,_____372,Hl4jb62AGeZ7wd5zo7u0gjwuSjZEGSHyrIEpP7yIpUsXyFd6
775,861,zero____,_____372,EU1qBSxGzfpgU5A3w7usnI3OP9bBmEBe
861,998,zero____,_____372,sSe0o1NzmeOkzlDvABo0SfXUxgyodnenOz1i6FIOuPiPlOSIgDE09R0wef9eiRq
0,126,four____,_____373,mQEARVayUSr1Rv35e2rRVaqmsjWrseIiDmzLk74Zy6KpW72sWomR4lMm
126,222,four____,_____373,v9KfR7bwoZPigGNzVxmwrKghcveHeMeHJCDMVUlUfVvztcj0aZX77HX5eV
222,290,four____,_____373,XfjKVMCogahnORCD9qy52nfdt4Eobu6kElD3t9
290,844,four____,_____373,9rl5ounJWbmIedxAkPoGRJ0QBTSClUP4ipNZOHjxDHHnZ
844,865,four____,_____373,oz7u8PAyCq3r81yPxxoEUcH0yCsLllVkN4tZRq1RcuuKX
865,886,four____,_____373,y6Q65xh7vO7tuOVALQWa6UrAIGdxqkeVHW4duKdOMCYMKjuBHkZjcPgEyheJKPnw
0,57,three___,_____374,sisjII0AwrgnwnxptDXumMixhnflbcUKsGZrel1Bb4I8XFiPSy9V9Pu8ihT1QE
57,82,three___,_____374,AvmZvJV3sqDKYsv4znkzoAEUaDbjNT9ttUg3rB3TdzxlnvADMiztD6dz
82,91,three___,_____374,YQnHw4VQ16XH41svIhUwKRjEWJD6WzhH4
91,189,three___,_____374,ovHjUXoLDLHIpvSuVw6iSXAwyjczIXA1ce8eE
189,202,three___,_____374,Ptbm4FGhCvUzAJfOqmqt3tP5YoQvhyvB2
202,396,three___,_____374,dVPfqvjuFIPaauGwh19SzRLuALbkq6661fctcLRlybu44avF56h2MFqng0
396,489,three___,_____374,ZpWWqmt7s0Wuw6VmGyPixFxJztNYZOgThrWMcle
489,786,three___,_____374,TCuCofSvqDPjvQdP23EIGd34z9yBMzZGn8g7XGGxj
786,971,three___,_____374,5wuaeMOJnFqyN44eFRjEe31rSxo3MfBL8obQen8Z6VxN9HeHEUZB4nxiC6ef
0,20,three___,_____375,sE7QHdHxRMh2zK3WxGBgMzwELQwzPITE
20,54,three___,_____375,GHGncsouZTuOS7USQRgmHY8zxwrDgTe5MfD1A4trxXEIYMZY3uh
54,116,three___,_____375,cwpLWRjb7RxdtP0EoNRAzlsXXG53LrbewPbPbElhzi8A8vjukEdiiFFIPhl
116,173,three___,_____375,pewzQ3s9bpg7jx0xyBJyV6WMv0RpnNj3XVNJE2Yt97Ng56NOXkuaM7FKy
173,349,three___,_____375,AotJgxslmImWCFKM5H7l4xLIyDCzfqIVoF
349,413,three___,_____375,38Ix6KRYQ4siheMdQPHmZL8JPS2k2XsvUdsotsmuqOYAnm
413,566,three___,_____375,N4VFS8ENnlAIND3M0TcbC54VWLAhosrM9wU088SNUc2Jx
566,573,three___,_____375,int3yzYonm5VoI9OyvBDN0xXKUuRnyEJiI7JL9
573,642,three___,_____375,gquyQsRNeckj9uQ3rY2F9V7uGThWMXwxoRlqhMs08P0PjZaApqySoXRJ
642,646,three___,_____375,Di2GXeF5AvhIO0fSqN0A64CGsARUcbuKLFnEbzm7BGWsVqP9JV
646,782,three___,_____375,nXsx9cvwNxRMK3kuKsZeGbd5As9zMH61hVKScDDHw1fCjKmIDetxTX
782,804,three___,_____375,NEeMbE5CA6Ddsb2HRc6ujlb3FfyuSLuh7RycCAcdMl5BiKTqdf6S47b1pYL8
804,894,three___,_____375,IeuQf1cmrUpNKrsRC5djpelQE9tojaxudVUUxofO
0,57,three___,_____376,ctl0Ukc658vCM7UJjD15PZX3BP6CAOfBmzA
57,129,three___,_____376,kJgpzhkbNHXxKcre0B10ywL99iLqc4dUTHErNr
129,174,three___,_____376,cdIvASPcNEKU3xPjl7SmaF5fYh9iw2G7ADBCLGmCtri1UI2Y
174,372,three___,_____376,2vGk6C2yzVJIOZRABbiYYOqojK9HFkayMXabmo2ATvrxYxwKq6JE0tbEsVG
372,518,three___,_____376,pAcDw4etTaBZZYj3yBLzSjrAkIn4R4MEcDxYumM3CGn49p
518,681,three___,_____376,TJJnsTHXoWV4Kh8GvNCUfooG2niyXMtVCy0t
681,709,three___,_____376,SYs0ogl9cWC21xjMVw63LyiCKzgh2SFyUxBQh0Rld
709,821,three___,_____376,OvbajvutSax4EMnAT5QZ1Ohqg3EvHTMK8P8u2hkaA5xqFnQJoXzSN
821,828,three___,_____376,L2fTbi3rTbM4rG0d7dN0j529SunQJHe5a9lDVFQoC2D7V
828,851,three___,_____376,ClX9lWZ4kEcvMsYScRKctJUAweykBbxU5tfCOxDWipSmOkLMYr2nd
851,873,three___,_____376,ElcKqWo1SVJ3SjJNPmHnvSfYy9Ef8vV6eBFnoWKISe
873,904,three___,_____376,yw229XbZySl7qVIN4ytZ71QblKFWgIFgYyQAcwZ3omJyl
0,11,one_____,_____377,iBb1ueru6NtdV2005TXrn9RQJpDpiw728Sr2CbzI2MEM4xmejS6ugjdHdh9F
11,128,one_____,_____377,x3yv7euNGHRRyG1Ia2OqkQ4KwW1HAaJz
128,173,one_____,_____377,23KKNwntHfRrkSZZhyZ3IuJXtt67drlhx
173,291,one_____,_____377,KmitW0uOEjiYm4eWX7lH9LLBlVrGYFOdGY
291,579,one_____,_____377,eQvWuWadWpLE6tUR4YZJjTo1yP5O2xW8ohI9wqmIrwn0GUu0Eve
579,741,one_____,_____377,rEZqshkpXvCW5e7GCSxCmlQI8JIWIza9v2ZTUAjYVCopMtlSen
741,876,one_____,_____377,tx0BtFa7NdQgRLcG2G43PrrKFy0WnZkTVQfyCK4KcQNMRIp
876,894,one_____,_____377,epb7Q9YpzV3fFlmSEBMNtzgEvUdBLbOMyDy9WpiP4Ax1Z38I
0,183,one_____,_____378,cRMIGzZ7Z3DZoUW22x7CTX68KQE1OFdRPuJirqgN60AWC4ec1dA7DGbS
183,322,one_____,_____378,4hTZ16o7oWEzPO9Umc8FnZrDRpzuqkd12zK5Zb2c0jIVssjSoO1LbYENdPlT37
322,388,one_____,_____378,u9xbiCmpkMJrSGzwBe4cC7i9oDbQhZe1z39yxp0oiLY5VdM1uUU7Q4rxI
388,410,one_____,_____378,Csgj9R9Yc7JLudJpJuC2Adil2Vuy0VMXB
410,545,one_____,_____378,ULxLtZjLM0zUbrmanBtmNacvhDOEoBplOqrIq3Gpl1tsyL9frtxkQo0CIXpt7sxa
545,581,one_____,_____378,lb6pJhTtrSYTPDgbh5XgaGfIWO11sqt45qHeNvMeWjWJYYtghuP0F46KsnfcJv
581,842,one_____,_____378,Xy4fIEI5mI0muMi2eatNXxEpPEAPxslQY93E1KBEyN2iiLit
0,252,three___,_____379,JCrCDmKGsEfU9yep6W1OqjXEly4CQiqTLmbC3z06ohzTbw
252,538,three___,_____379,dmTvvq4ObHgI2dBJHGm5UR3O48cnA3VWQkftm1T1knJG
538,890,three___,_____379,AlCbgnZPiYrscuw1eWmLVHl2VzpKGaqCypOQuD46rviBAJ5X6anuj
890,960,three___,_____379,MqmD5r3q7SbsS9h5845IxpmNpdKasqkX5ZAop00FUuqDFSl
0,46,zero____,_____380,fRo5q1g8ci6G4kOtJdwsCDlb9ztM9f68Mm
46,48,zero____,_____380,ocwrY0e532EfL27nimQspt7Z8onciish3m4LvE6CkWIAUVKGcyX9yIHWjo
48,50,zero____,_____380,hkUPIYSTwRzpGR70kOkAiCEPRFoNe1DC
50,109,zero____,_____380,4hGEuZYqPBo4ORYxMsMnm8QbDoa1pRLK1eZlHB4eQ0ACHjJPykxUVn
109,149,zero____,_____380,5bsJ1WsXS34aXwjGgAHNBVJFRBYH7a46XnCNCbDpdPSRKYpY7IryvDz4qzi5e
149,289,zero____,_____380,1KJCOQvS98TTUGM5CCWAqTJFgiNbea1L4DeM
289,329,zero____,_____380,NdNFT0ImV3kjZD4KfmZ3co5gMCcOB3BiVbTxZDe7TUef8eEutsArO9l
329,387,zero____,_____380,bac1comuMQWvihaF1afwR9Pngk4LOZW4ObamQAfzVooldlC70YehRe5pkQdZzx
387,423,zero____,_____380,bHfHnE7pGSUGTLoCtxH2WYvOSjYeVIDpem1LAu3EBp0sT2i5bJCSVgD78JkFYoh
423,430,zero____,_____380,S0piIPhXLvumvPQxuZNOXdRRC5kA9olJH2suyccP7dYwr3
430,476,zero____,_____380,iA3DXgdT13jSE7a0i6h24106yYCXQmrfcqqzlrFPH5lsrmTaELSTsmiD83oA9meB
476,493,zero____,_____380,RhbYCUrtRBIYU3Mrknzn8LcADAAwBTFQCsM5p31VZYYs9
493,506,zero____,_____380,KkxeoZwAoLkpoennwGOKuLMkbOxuDxUyMQAXSCEClVN7LwqiJ69LNO3lT
506,557,zero____,_____380,rd0ODgNZ0OxTIUfJcUj0umYm3J6mGbUklDBvmDNnaP9S25evYfBkbBlfOGj
557,573,zero____,_____380,7dgbHaMjqgYpGoCpkdVMs7Hj6urxeqSl8061TZCKV7MxWD
573,729,zero____,_____380,sBpVvMTLUqQ5eQhQPuNxIdHc9hL8OK413aTEiAuTBMYG5LXELOS9zoeHOX3
729,732,zero____,_____380,7neR6bLq658YuB6ohH4nWJo2srDE6mL5sI
732,781,zero____,_____380,uV6HHTk2lckvIfF7ygek7Gma5RVJiCrSkUYiR
781,861,zero____,_____380,NcgmdTlq0Mrf4d5AVZq73xMsckPmhV2z3tCA4zfnNJ8KDzDDgJdmik9MGR
861,876,zero____,_____380,vYZDh3JFCQ28Um57ElaDE4mBoatLfuxNIq1P5n5a89yRiXHvx1yXGnaOA
0,14,four____,_____381,1ZTOaeiPw47zxJmowau0VD7WJIOUG02TfCXGSOYbI9rxqqvu
14,65,four____,_____381,aAxURX6SEs19qwSJSStZML8vCRnpcBK1reLuiBDzj4X3WFG
65,84,four____,_____381,YJmRE5yKqnynZ5m3k5e02In2bOxcXUyNQKEZMcaf
84,94,four____,_____381,ff6rMjsRv0DWtkpNWDsjsD5Hrjqq4kiKqc
94,161,four____,_____381,HkwEcXoJ7D8XKWlsuLJj4Yea6cAo1qHFNNANjYAwIkh09Mf
161,338,four____,_____381,vNlLdsLAHb1YdDbXepDRIRf6cjqLBqCwPOHSsCQAoprdktrd8ERNSzC3
338,442,four____,_____381,2T9hPzZxKqircvJQRq8jjzZ6ZusQzmRStT5emDqRdhlm3FC
442,688,four____,_____381,11dBlJiTadvjy9CB66mOsJRntTHGOKig4Amk7wPrTsDMGyn2lVvvV
688,1000,four____,_____381,i7oOupeXS3d8b6b7oDFQ64wrEFF9Lm2VL3MxV6izNbv5Xq9dWEX6V8fKDr7qR
0,6,one_____,_____382,M0x39JGsw0CnMct331KBgNJUMrzgqwCGEXAhLbzALXgyJmLuEMID6uzxF
6,25,one_____,_____382,zCJrz36LoUG88jSdZAn7xRRoyLtITFo1RxNpNRIN7
25,75,one_____,_____382,SdLdeT0j8yDEIBRj72g11aHWAh3L7bYJMRtpSK4Bvosj2qIhUo8biJBDM5s
75,255,one_____,_____382,0rK0Lkt77ZK3QWIJCsBqW9a09gwQKYCu7GljGqBcOHbs
255,286,one_____,_____382,WRGB73FjABss5SCNscXvrR1T7b6FPI0NQqgrtEkEI3mlR1f66YNzVD8T0Sbtx
286,301,one_____,_____382,CbrBTwjxwDNj44bxyiBMeMqRzjvzZHISnwrLqcgqyyPqmHscYm
301,535,one_____,_____382,IjVWq4eXCIWQlxjyoGno3SmRdIpobTXcuBMy1K0bSpCLBIUxx87A9HJ70aT
535,951,one_____,_____382,2vljkMopVBfvNdsT9F3CnLzekmiPVKPnVKfSr92k9CtyBK26QSw
951,968,one_____,_____382,CF6Dc5Q4xRRjYSXHvHsraIjVoRl4AKqs6Cf1nzYZUfy9KLbDY9aQoUcG4
0,59,one_____,_____383,hwvaesQYgy45iFQRJpU45fVEtsHKHtLT
59,377,one_____,_____383,YzSBGRAl9Nnfh8zi4qPhDpfCa7UCexDUXSTa5QwgVdsVWrDA7ddIqf
377,378,one_____,_____383,PP6f2Jp8Iy0vklhSrULPr3eZT49FN7vLdq1KN937f9
378,401,one_____,_____383,lfjiGMgGTqWqpJUvq2r1paVjqBEA5D7fDsc
401,448,one_____,_____383,0JFbeXO31GXoCZq4lcBfZ8YUHWDVwdbK6uPIlTkCYq3Pt1DrK7S8
448,655,one_____,_____383,EooMTtMNjfhsNGRjGNa1CBG2qLCrNDG8oluq2iLx3zqJ43cyTP
655,702,one_____,_____383,inZ3KwJ6syJajq3fSbKuIFds2PluVF99jpevCb8zGWatG42WOnKJcQOc9Hmvk
702,730,one_____,_____383,1xRttzUXQG9ILcABlRDMuzYEIKcJopIaJ7KQgKTc2sqf
730,804,one_____,_____383,GFU1g1NIyQDTUE1r9j0Or0MS5aTx5rnyZXeUPHfXI1Y0EeQvxA6c4
804,836,one_____,_____383,RBcthffGi69AJAOrKmivFpTKaAmsfxF99k2rr
0,118,zero____,_____384,Sih3ftwPZky6zn3UBsSZyd0rEREFKvDo01CmvBD
118,210,zero____,_____384,CEMQhumLcKWletiddl2WYcPDB318o9yE
210,245,zero____,_____384,RAMkGq6KcPIQ1v4N3ngkrlt2nHX4nayglTdqTcPGLRCzCoadHL72wbRK6aD
245,370,zero____,_____384,DEEjSPhfUCtrWfx7t6zzmGctOkQSAKZopYNXOtpPLg3yb9EFRVCPbmAAkILaCJP
370,426,zero____,_____384,aurQLaHpWceUDd84GRHNkXgaEjEumDekya37
426,624,zero____,_____384,xx1QFdnPS1W7zPX0zkLGtJhIH95NYpx4AUZzTi2HPc
624,739,zero____,_____384,w7bD6UtmEwkz7zCdxcVN9TyNIDjIsUV3LcQvawBFDi4xl7f0mrttJAdgHEwD04r
739,750,zero____,_____384,Xj9ahYLnaEK52YUbRiXzLQEVh6m6ViIUBPKa
750,830,zero____,_____384,gzPBG0jwwt4pp0lziihDzAHgI1oJ0TireV1sW3af3w3SgTtVjIRAquR
830,866,zero____,_____384,Rov8QPeYqVKK0OwpRBAdfC8fMOyUTThuFllvCWI
866,896,zero____,_____384,k6qSzt1f1xBHcPf0GDKTVS2039ugfu2tWFZOhGweivOMAR7tL9L7QuDS5di
896,944,zero____,_____384,GTh9ffVflzpUQmHvqqTZQ9mrLA8ci1Ik96rNdbhz2i
0,73,four____,_____385,PHI7Ll39t6qYOivSErDs63YAEQAFxCaiTmAuuLiZx7igkLTGmPZ
73,197,four____,_____385,rVzvOkFD24vz1zpYsuu4wDPmXCFTJW8r5XJyJL3IXPVpKY7vQz72
197,244,four____,_____385,oNXmvG3nHYZh3YLsB5Uz14jOxgIqvKDYTtb90UMokpn4q1GvFy
244,427,four____,_____385,7uI9DDCzfrh9ClD7IkfEzCp47d75yYSla1hhcatdzBhc0ZM1sJ
427,460,four____,_____385,gYZepCs2dLxQ31yWy9ZzWapjKPChOkvr1OkSQwpWWrzQ7
460,591,four____,_____385,wdnyk32a3rQZ8f49B8fYObS9wRuLmbtDtrJEi96cCAOUhBjLupn2JBSYvvJ4WdLq
591,787,four____,_____385,TzpYqZkRlyWFibsk5qGNeTufuaOma5HgcuINj7lDYdH4e
787,801,four____,_____385,PVlay2Mw8lQGr5HE9elrMQ4T081CK4d2
801,839,four____,_____385,Rywyaae7mYeiVqSS5qYya24SPjDD9yWQ3kbcYil
839,906,four____,_____385,MQGyKwZaDSsWyNP8UpyMRMoeiaJcURTspJa1sG17v
906,921,four____,_____385,iBoWGI1R3catrmkcOIEheeW3PqIbxeSvcxpQZH1vwQ
0,67,two_____,_____386,5MJY4R8PNHbIVEWytuwGkNtu3ugNhqn1zGDqtqSk2Spjjy
67,109,two_____,_____386,ilVN2daDSOqh0JufqZosJ6x22OzUaxXIX5zeHbDa1ZJDF1buBQcr0Xe276
109,174,two_____,_____386,VDN6khd1gWvYhq3T0vOPcLYx8w4PkyJjdhgkqZTh
174,216,two_____,_____386,GJuoP5ZLB8JF1AqwliZyfUvIZ6NZC5edg2J
216,234,two_____,_____386,9HJQ5PzFf7EmQgMXAmezz4jzxYWnE9H4QLzfOA
234,263,two_____,_____386,8MRBBjfvFkq0hxAmBzyw5iyWceihSyRRM3u5NHIDQpQS7oDjip
263,371,two_____,_____386,LXwLYXpYj952GFBKa6olMD0jVgxSDGCwRpAUFtr22H
371,389,two_____,_____386,PG5BmlcX4IRSkwwaQZxzc7tXlMgqHlQ5IJuEnvjOE3Gw011MRo8
389,561,two_____,_____386,hmNkheBZxlGLxLPObr0TMTL9WTdW2gTp
561,626,two_____,_____386,9G6NAkwrdAHFQOSNMG8RXNuiMMCF3aZC8MbroawcTNaXTd
626,637,two_____,_____386,7zQ8ffIKZIYCpZWnMImZMaOVTN9j5jh8yCNVS1WS0IL5A0dHolw722VZ9N
0,353,four____,_____387,dlOpmzc6VA3lf5cp7OuqkGzMeDMN3ZyxWWwP0ILoSDSHDsOi4mOwpOMawtWY33p
353,432,four____,_____387,171tOvGW03ogmOZw5Ml727qUcgwbXUTyOdio9zbAa2qYzhqKKFi
432,586,four____,_____387,GGNQvLoN8xcF3H64PGgwnVTUHuEwhRw2LUH6QUj
586,706,four____,_____387,Trtdj1ApjqXlntyFEcPtZx4Nx7RNpRkA5ZxJIhmtPV2fiGOv
0,60,zero____,_____388,Keq3cp8Azlh1QdPNzF1W3rznW0jp5VTN
60,311,zero____,_____388,ST9fWUICXzu6JuOkVjUJmIR9rf7VfHdyOUhntLptIPRebYjcvkh24ibsX1
311,328,zero____,_____388,wJ9sFrTJJmhvLu6gKrYUK6WDWQJ8ZSTurjrmc
328,578,zero____,_____388,Geqb1gAsr6UwAnv9NQr9pGwhIk3rCu6YuQjFDJxe43jbCGi9r
578,872,zero____,_____388,f7Xa8FvTqMcM990JIf4PCOhOCuDAofvQS3ueLdlUzV3GY19Usb
872,965,zero____,_____388,4qLL5bVY4CXB2iaKC1Qf4erxI3w7wLN2ItmQ5SYtnU
0,120,one_____,_____389,VoTk6YHXU9ZjGa4PsWDBzI8a8nFymiG1qf6J9giQtV2
120,210,one_____,_____389,R3glM8kzolg3SPRLJTKjC8Bj4NX4J4oedjIDnI59onfDh8jcQDnYxL
210,287,one_____,_____389,VR9WOTuIKohmbWVVmxEGzZ8jfc5Rkpnoli
287,323,one_____,_____389,4MNJGpXJFuwdLUzn6VrZzmdyqRr0k7VY2Jk3T
323,324,one_____,_____389,daO1ozqrDowF4Vg7ICK3ebENSDrTUEMBa
324,353,one_____,_____389,LpEmK22VgMIjQhoqKKkVEXgfATiGhHL0Msg3cSzuUX5zVqp
353,408,one_____,_____389,HfUU9n9PeIHypMZCm9h5PXOXA34cAdFhuiD5E1peA4cyOmgVVTffinv8HEunLA
408,719,one_____,_____389,FDGJr0rvbqrSUk1PJVF0r3oMRUTfS9Ko9VdU2p46tMieB44geMpf
719,767,one_____,_____389,DosZ0RQvY8iKBTKn86P6TUbatfQiEFiPNsC
767,863,one_____,_____389,l0wHOVluBO7IKw2DShQ77aKYSdUixOXJcfW8qDggoZTf
863,904,one_____,_____389,tjwWhOijsauDIueHUfYqekp7HfUZAfNjM0R7L8
904,921,one_____,_____389,XkrLoBr1zNVofo1mj8Z0GqUfQdsAr1aubyTeFxltqu6UJXE
921,932,one_____,_____389,9whj0nQN26t7etACJzMUZ9HLyqTXC7uk9Kk
0,87,two_____,_____390,SryU3rYdzpkNZeyFc83r7EwSOU91fZJtGsmZYRy9imaEFp
87,353,two_____,_____390,8VFSG84rCM74k35nmJAsqfgxNWayzLK4tli5gxXq
353,543,two_____,_____390,8ARm2fJgpma7trepmZ09qbpNLE56ojw0EpMUn
543,903,two_____,_____390,hERDPLNpWW9Y0kiw46sppWXb82Bf5as6hYrOaa1DvKwUjMgonEu
903,953,two_____,_____390,jN9yU8STQJyyhdv8jmRk1GHBLsU1m0Hr0Nky70
0,20,one_____,_____391,w7OJpRdlL9qExNhgxz4L7kpJwvnVGonNnIXAbrEKrv9d2kDLCzPoqYK7e
20,30,one_____,_____391,S09hGjGVPsYkYYrH3GnmoUpXqzwc7thoqdyid6MPMIqVf
30,180,one_____,_____391,FPX9Zz6jciOmfNq05x4DEJpVahr3OUtB7Z7XoT7
180,472,one_____,_____391,bewbFlyT35JzPFFKu99rInHbszB5FrDgpPHgt6
472,485,one_____,_____391,U7PoIeJ5GwK44mb0OrdejSAozM7rIlxuOxd8lAEzx
485,497,one_____,_____391,8kIZ3Ngwsig0K6c83HdwYZXpRhwn0YNctftfM74HtXIS26iEGWunRF7Je
497,592,one_____,_____391,VEKxjQoTmwtmjrKS2vzyVe3imQcrI8e6rRcTBI6wDXInLrVSZLRdeK8Y0VfCji4s
592,716,one_____,_____391,YWo972gaqdFIY3dBJhmbHrFixVZLRiNN8i
716,728,one_____,_____391,1T5rVZET8aGKnLoKC80ZdPW53meVMNtnn0QEEuRrF9TN6FrDRe
728,749,one_____,_____391,gDnKL5m2wqgg875pKShYfJ1Kfy0KgMaWx394QU84eNgDvtpptViw
749,767,one_____,_____391,DyWEBpF04ibgJlWRNMR5SNGe0PnvbyoItLKOy59cUECjmKJpl9WZiboqHVLdleS
767,851,one_____,_____391,UuzoHabaR4G6kgdDrXc2Y0w1vkRmIH20ugvVMd1Qak3kjwUTF7uZbNqBX
851,925,one_____,_____391,0vdo38p5kutOzXdeWsUeu41XqgAnWVmvXIOohnb
0,100,two_____,_____392,qt3D3yCAwYY3DDNbWjjNK7jUv2mIlKGa2UvSwBOCB
100,292,two_____,_____392,PbRPhfqRM8xXbbDHZL9TwREiMMHadKJBA
292,521,two_____,_____392,wePsMx9fSiayvmH4Nz9rBHb44Frr8uAYy5E62vANrKc4FOijcMVhNWj0xx
521,662,two_____,_____392,c9RXlnad1o1SASulgr9dmP3i71t5hjxupkMgbowN13pTtTq6YMOeP9QbznOlm
662,710,two_____,_____392,tKN3OZsqXZpU8uABHmhggfwc7Uhlw9fbybS46775ylQME
710,753,two_____,_____392,9DvArCt3rWnfsQbbRIvc4sdBhjxN6y16eubhotWJlzGtdFZZLQYrBeZ22c5zmysi
753,785,two_____,_____392,mKo34DZpmFEKhjfKgKKABr2i0gn6hEAfKD2c80gOMC1nB0zpOAsQyo1a
785,976,two_____,_____392,FNwAH0jmhUQbEBnRlMGQ93hCAkjuedrDvSRE11kn
0,49,one_____,_____393,K10TQlmAYD5Iw1x5CFmlcmIDKEkXA9dJm7l3buU5E
49,396,one_____,_____393,gUhs9pvY7LZm5psOap3ZIhB8YXqaKWdKFTVa7LBX94eaVEyqUknHItzsuWMdfur
396,514,one_____,_____393,EEY1lsXY30dYRBE0NKxx97acxm9qYQBZG1cq1UBfuhE7sHo294UTozA3D0
514,764,one_____,_____393,Wp40zs3QKdFstO4EJiBc6L0pTdtor3mCos4X35JezZZG
764,775,one_____,_____393,YBw3kU3VBLNEB3zj0I5OpfKEopGQrESfKW0F8R9jDvNtyxax2VP
775,795,one_____,_____393,ZYGoQesaSQXbeiEh36RqbQlYYtfV9Sok5d4hQ0BQVyFGCgCAvwlmjCe31qEE
795,806,one_____,_____393,3cToqU9Ec0P0GOcVb9WRCYAP6rZWs1mrAfthc9EBKfnzGyvHP8w0Re4fc1eeA9
806,829,one_____,_____393,xXlWO1ZFl7ssXVvbfQfkWdkUxO9pxUUdeLLkr
829,834,one_____,_____393,HyNtk2GCoy8u1mUHn6iIz7KBvPz6prSKfnnyp9LQ4GiAajcMH6RCbEGWUtmgWOwP
834,970,one_____,_____393,BWl0y3TJSesMrenUY26kpa4JDrAsPLATY0DlCWssJ
0,11,two_____,_____394,CrVhCKuQTLml5y27vB0zLiykkXhPWibQo2qWn4m7aDmocNh2HWpqg7wyu9a78GEJ
11,348,two_____,_____394,yWdiXdCYzUrN4kWbB6MiZJRAbnAqPQAh1hiPyGTyhkTTyP1elwAwphOOD7Z
348,413,two_____,_____394,5FYWAbC5eLQyxqSs5C3y2htL9ZcTcVdmMbgT71KzxqwpUKf2LbY
413,430,two_____,_____394,mcZ3wbcB6wpI1gfdJR6o0b4azuoKOqIsFsTIyd05ycrmJP9hgCO
430,466,two_____,_____394,sZQ6sCetpNy9IycKQw7nz4zWinWINYVzvVKxOz1XoDYafmG8ss73Yjh08id4
466,571,two_____,_____394,05mVXKDJhcjxTObA7DmvJR30XOapFXaRgamxyjx
571,701,two_____,_____394,et4FesaDCxPwTwTj0i6Jj8K5TTqZlEQaFtRQrGC7
701,792,two_____,_____394,v15NHxLCWM0Sl3uUxCvnGYHJqiYgFrLOfCFfVsCbVCIoSiLSl4i37bNqZqnhX
792,814,two_____,_____394,N0NNMQOD7xrAAdC1DponzlXzNPSPnLHKv36BBJdReFNPaLpLENr5M8D
814,871,two_____,_____394,YwQVGcsSVqihKPGI52U8lNaeT0GaIROKLEQh0
871,882,two_____,_____394,4SA4CuR9SOCQmUSxXpmAEAFkoea0AEbDJSj9psl9EUtTuiNV3vGC
0,43,one_____,_____395,pzPIuqsWDWqWeljie5K7ZnBAFO9FiB7z6QOm6NAlwcHl6x4roxOtNgoktKAPs0Z
43,50,one_____,_____395,9XyoRJUwzlX2Uuuyn92yzU7a3Q05ZullpQkWxVqnpG4Gxk4sMnAb5En7
50,69,one_____,_____395,fIvKCm8TKrWHRca8lkCcO32d7ZPh7NpbNhMFaJGOPXid5OMvPVYmezfOSdnD
69,85,one_____,_____395,o3ymcACgH1hLgto7z8ag7ObhAhu6XEfF5mfK22Wt6D2ncwJOmR8PByALIC
85,150,one_____,_____395,XwdDssDjVg8fgvafP0sLhmubovRj4lwndD8GHm1FwmBAoexGCS
150,250,one_____,_____395,0aYsXrUfoqdWWRyIerpAl4Oc0hGipO5oaMLWXceOn1T
250,304,one_____,_____395,ICuQpGFQaJLWbWtci6TZDeGIr9OPKfnBWqnLzDsgRGWEgOwPYnM2w9ok
304,304,one_____,_____395,nEKBFhp7SZSPtPUOc77J7C2T52wgI3YnA4Oe2GdIEux
304,554,one_____,_____395,MNn6d2zf0BM7rb51u4EvtlLLQSWVFNt8NgBiq
554,597,one_____,_____395,zmc2mM7yUSrXWcaq61AsJlKr5O7SQB9Ds
597,744,one_____,_____395,7lQB2bGDn4LayCR1Q3rsN4FNLY7A3fQ4jPE3jfWMANAIYxGM5wcuStWjnQRw
0,99,zero____,_____396,QSfsoN29WyOE3VHuDhh1vT2jrT8EOLeELy6EWdtzz0O
99,231,zero____,_____396,DtV3OpBIXN1GM16yCWfVEQL6lzlk1pnhrr4TZxxl
231,559,zero____,_____396,9n2Vc37g4R9dWHBN6L3bJMuMAfFZsIAZ0LHd2qjewks
559,584,zero____,_____396,ZwSjR4lKTyOOL1REcGHNnt1YThP3ouoorP
584,674,zero____,_____396,aTc7tWajIvJOA7EyC4aDNQoHWhq67vOdOUVSGMqm
674,680,zero____,_____396,tJzPablt9fxKnY8johPKPJbVG8FOpohkzY6wBD3JKcOTR5
680,713,zero____,_____396,XJCMwrVIVpi8kIyupuCQwdwXWL8BFsRTIR4lXXRcEaal5NOm
713,733,zero____,_____396,Cr0nOQ8ISZmg1N1Ed91L5oCXfm8OfATsc7hVMws
733,791,zero____,_____396,t8HjMGVxlNAi8is1SjlFu1Qmk9MWRlCmAa8KiWF7rwTH
791,920,zero____,_____396,u7myRkjUBKBRL56kAHhvwdPaHtvPTdpwNmPQtHXtTNICPkWc6
920,940,zero____,_____396,cp4njXNTxD9N3hs3DeZAFSb5G7Zm0I2ZdJIVxr8BPNk9
0,16,two_____,_____397,76nJLufSyyriO24K5s76qDkVajYR7IdbEzi7kQyYUy0N7x0JAZViNtrvgTMv
16,34,two_____,_____397,dfT8RQdxsz0Fc6xgUaMSEzgRvbWzXJIBt72KVIitt
34,54,two_____,_____397,1bONSXGUBIsSIvE6o64dLgeUIG6wu9rhh987kMCVNwy5xqihY2NhG
54,74,two_____,_____397,n8WxUXMD8NlKi6h7XwXHWhEVjmcCATr4jIq4OicmdPK3n
74,126,two_____,_____397,fXpOmAFHhwyzzSv2BavKRnjq3tcAJCzKuL
126,185,two_____,_____397,olyFgfmJN4cm1vyou0TKg3fC4InO9GCcNU51
185,247,two_____,_____397,pUxdr2c7kWr6ilJgCjZkWgkShH8kq237FifMuo
247,261,two_____,_____397,WMrUFMkpoqmFsf9FBU5Nelyb9MgKgKg5nLwteQ2JXCl1VmTMhfxUOrv99xOEZN9M
261,565,two_____,_____397,2udCrcma6FPLgF2AyLaKtoqqkh3JZ9oXRt
565,730,two_____,_____397,7SjH2TCFzIVtPb8cT7THTHWvx6baZ8aB71JltMLstlRTx951PI
0,80,zero____,_____398,7JSFQdPwFJy9WLAc5o9slck05RbUQ0nbqPt
80,99,zero____,_____398,SreFNLLHW8pqo1AAn47WRMDwLeKCVa4txBgP3WspOuueWB29BoSQmpmNB5
99,154,zero____,_____398,b5yEDOWMzHlqGzlWXDxcgUMWJFTh7RWfJE32
154,215,zero____,_____398,iYsztTLTb8fMPqVm5DyqJ81lCT8soyFGYaM2CmcEznm
215,223,zero____,_____398,x3OxO1gZ47UdSSH6AXObeahpc52KjvC2U
223,361,zero____,_____398,T7wpOv92R0O0EA2ANny725F0SXkyh9wY2vOQFLbMaTEtJduka7pBEpy7e
361,770,zero____,_____398,2ipzy50d8gPsak2vFmEjbSXA24cGE20RHKE9VMRtoIUmsJ8Trr
770,858,zero____,_____398,rEQBfvXqkxLBP9wm30ECaRpXXi6OxhuJftgfPHWb
0,366,one_____,_____399,Kz7YgXblZMiWEDO9RMBdWMIAkMkZR7ZxTEEai32B
366,478,one_____,_____399,hd0PHX66By5BzH29osfW9rdF0wLLa9YK5dLDCgIX1p90BPtXq
478,494,one_____,_____399,RJp9WKaovcGJWeoDSb5UJMxigTAN5xIOdJNbeMfttngHANxbWxQ9LkTvgW2AfJ2
494,624,one_____,_____399,Gs7thqDxCkRd9isQKbYh7vts2xlDM0PsVdw5WYIbHW8Gqtnbi3h
624,756,one_____,_____399,OEfsemVsQ48IreJKBBGmAM1MfykRIexMStgk38M46LpUjOUtFq0WWiJEp3Zg
756,763,one_____,_____399,DEvcW8QEVmhWnp79O1Jyqo30Og9EjDCUBM
763,947,one_____,_____399,GI5U6HneaMwNJQ6t5m1X61akKuD6aveevl34xKBuCq0eGM3QxvZ77Af3UR9
947,998,one_____,_____399,PYti1MKUuNJojGNcfz3atDhLg6d3lF6xDdVwn06y8OamEsLCguGb0
0,436,zero____,_____400,YxvQ5yCMeKlNwu05wYyLAYyESxpOjAbd9oOmQ04l4e
436,445,zero____,_____400,L8nMcl8njtaD5Yrrygkq4fqFNSwl3N7ZY4DqWI2pqIVwtzrEGe
445,522,zero____,_____400,k5RLcnbKbWkBd6VXRn7n5hmfVhBWbmqCZ5wdOzDI
522,637,zero____,_____400,jjetkMQDPLKOQV7ySJ5C2Ie6Si5VnCrE4nYn6r18if2yh2axYqS4pmQdYzV0r3
637,658,zero____,_____400,ZZOQIBOeWMmAftW2YwHyERS60126hBZ0SueZQi2WqiNuhEXC2Tb42WY9iGjWM73
658,708,zero____,_____400,g6kJtqCSs4G4MYMz4S81XeBluWON152eGoz1Y2ijIymQC
708,807,zero____,_____400,ICdRoHSDiDs5oqYi0CBN9ovklAJzEvhcas5ku1XyYFj2YK0lKciVUSBxvKK
807,862,zero____,_____400,pY7HBGUSiOaiYMBY2t4vYsXDHV5vvzbyHPjX
0,204,zero____,_____401,pCOjye8oxMuOVGfm9vDCr2ZZcBndJNfXlbyLU6OT0pAx2NiYEg0IaT3jk
204,229,zero____,_____401,7vHnzneoddH7nBRMoS8EyGO3c6N5ybxp39sJjuRUrv
229,523,zero____,_____401,DvzHCNPoKyVzAUiCCeiaYS9WlhzxRzIFdSHnF
523,619,zero____,_____401,ljZfzg7JYgje7l3l7UtdJD2HFnqHjqeZhUByXIpMy30uxPo9LebPwS28jrVtfPF5
619,891,zero____,_____401,9IcTxkTuwh3LsTrj8JgDbW2iXFt8SYM3JfwX2AHEofdUeN9w
0,46,one_____,_____402,OvweVizPakR8603EEPlCZv1HU6Oqscq6NtqwEt
46,67,one_____,_____402,ruJ4SmFPRXFy9uV7NBvbnkATD6VygvTlSY2h8R
67,121,one_____,_____402,R4d5EAeBPeGdx4Wvx2rLEhhPnh9FcDBBlYW5QWrsRfQV7j25P
121,207,one_____,_____402,dhlVTzeBySXXGse3sAqIKV99AVk3Y6ePV4TR6Dp
207,335,one_____,_____402,AwCkwLApauccmpIaYV8NZbtgbGdm0vnaRVSVHM3tdtNC6LSF233RxsIiB7KHVxy
335,426,one_____,_____402,3px86p3RptVghzlt4hExykU0PRFx9NeADR3YJR7mUOO
426,439,one_____,_____402,zfnM50IVJi89CtCpf4hmdUx0G3nRcQI8M929Y
439,521,one_____,_____402,A0yadFv5UcXoUhs908yww7pMlSXgWInupFJXejjLSOis1LZTGE4yF3Wt0oxH759
521,690,one_____,_____402,4OPhO8H59RUafxKHgGA1fqG5LuRxRVOcJ2cligaFwPNDPVIOeK3WAbvkch
690,814,one_____,_____402,AEjRJtwuceikkBRCWm2uVbpIKNRCpPIVX8
814,867,one_____,_____402,kqDBodJDtIhbMxdUhy59y45WTfU1NjRCNUHCdnoZEuM23J3uYaT
867,882,one_____,_____402,vvUCf0pqXXpOjm1TZhFhz79eylQxHMgg0TuARVZpqL2RUgBT2QS2PhaEW
882,883,one_____,_____402,7Pb7Quls4GSOKrvGOpZaQPwXN2wJ2C77Q3SC0As2TCcah5BG5us8Fe4x
883,919,one_____,_____402,5Vc0QtzQx4HQXC4BDMArd4wn0QjV9SZDqTveBPv8aOyaG6jJ7mbaHH1xS
919,971,one_____,_____402,yQ27Pna3kanNen9CwuVRj3Nr1W6HgUIKOzhODoWrmgz1XUoHTNFqxNPtJyJwfEw
0,130,one_____,_____403,hX991iGjk8PAEAViQUVJcBQryr59EvOW6qzQTvzXMYAvPWD
130,207,one_____,_____403,e07EmQQGnb9DtETm7zZmEwOoE7TaEb3RzoCREoJhHLn4dnS
207,286,one_____,_____403,yG8oCsjujvF6UNWky2vEeuk3TzjRqrj9si
286,590,one_____,_____403,0c7bUQjHYlBgpKHR8g6LwiuaE8DcW032guM7OaYha1D20n2wR
590,718,one_____,_____403,NUiGXeK2tPcy27KzWEdDmsdcrR2n8jVPRaJ2c3tGWgEBkIc7zVcEKp5r
718,871,one_____,_____403,D8AWVcGpqDfFwZY7oCpVNufteZZdWtyYKd1fgmuxwdR1
871,903,one_____,_____403,cqraYfpmGKNV2ttsQCkgseZJ9U0Wtw1kcU1rBuGH7Y9CFICxIpl8pOuSQYH3
903,973,one_____,_____403,yOscnh8M5i2rQWyCAqqEuHsIGHfXCvS7drK70gRclPwzuULhtHo7W2uV
0,52,zero____,_____404,Ngdl7CmewO94SmfgogEK1JsJCsJ8Ok6vkm0nKVD2tjVGXXG
52,364,zero____,_____404,9h1BSPMJVw4Uur3zzLrg39iS0T5pISLuiuiQTiBJtWI53vsjKi6IaniiIzzbD
364,390,zero____,_____404,0OTRRKoUf7wuijhOz2cHOJN8sVMUiQoSgawzSFlUnTLSgG3wZqcEA
390,524,zero____,_____404,AXaAxqMnTKufVy0SFlRyuvLxT1kJf6cP9Bq9ViuaDj53QvZ74v
524,578,zero____,_____404,WCZC1xpBUmBC0qXkSN3MlDAWBAxLIDT3pgrbDMqRK2TL8UG
578,582,zero____,_____404,Ln7l8DuNKkLaE2SUUQXUlkIOw2zr5nhXoizNfdFZmSTcb5Jp2
582,743,zero____,_____404,X3J54qGJNdNbKj480UUp5uCsgjbmd77HmiFBdlDik4JtaKdNUdn
743,854,zero____,_____404,1yMaPSFepFeniCSCkPqe6dzL0ITgO8KohHQjrfEUeufoQcF6zkCR
0,35,one_____,_____405,QfolgJk9D9FTyqh1HikufLlMfIvB80vuUMfilTxmxj6RUWN
35,150,one_____,_____405,0ulRYHeNbho5YM9qKDFNkKIjWd68bkIOUYpJ4Dak
150,191,one_____,_____405,Nqcs43hRLKPsySwtLYDlJpvWEqKv2WysOToAfwm80FhckJ4qdSE
191,192,one_____,_____405,xFrTLshTuemBYXQPlxr9eDmUJ6ejbPqfnkg
192,266,one_____,_____405,0hmgc1YxZjlU12VGrHxF7XOX79v6OJM5nBVynGMOVVLKZoqBw3E2uScI
266,328,one_____,_____405,1nOcVCKfU4XXkIBnkkcM5uFZ7rQfvvLePo7ykqooXBY4gtkdYZuvHFJt1R6Jp
328,416,one_____,_____405,arVFCdhojBULgRrcE5BjjCpE1ceYoDy41lxfpH
416,504,one_____,_____405,BXMfntCj2aiTFelyuUKzjLVneHdv1YlofSAA4rno4skPkrP
504,586,one_____,_____405,rAZ1mb0mRe2Fh0qMZICO6YJR6CLdfUeYHs1gkb27haqeEa
586,690,one_____,_____405,huCksVuU7H5TEDncGpV39WMYtHx7sxVOcz4Cppgm5OTLCdu8wx0lT94Y
690,697,one_____,_____405,liV23JfGDlVyStlEq3xcfdBGugJz8OSINgWir12cTSghG
697,722,one_____,_____405,9zzKuwnlYDspfY46IMO2tgFJmwa2avmAUxh5BfSER6vXYBMH
0,74,zero____,_____406,hjHdCmmtWeR8fMJu6fRZDUR5TdhxEXXMtoV9LShG
74,388,zero____,_____406,LMs9r48ULnrbSwFZex6XZTLOC14SQNV0c8r811SqJ3yP4c57th56
388,839,zero____,_____406,2qZDZPj4gJAc5Tgi37e9PuKWGrb1ReUgLpDfgXxeWCQ459DGklB
0,49,one_____,_____407,x32xbnkR4GDbXEyr2cWeveYaaT3q6rJkQPsWFCk51Sp2
49,78,one_____,_____407,NggQVmSFBfzcVY9RA7CSQovoPCEbkV8jj2RRN6GWYkaU7uFYyycc
78,127,one_____,_____407,yiX6gqVtdjyVk49An12Br1lvnecG8myaY8RKMgvzp2AZub3CKJYl6
127,220,one_____,_____407,s1Ilzn2rg68MFwdTEuK1Gh2a5pImtCO7ZVZrFdoC8Ptat24hUVQ2W75RPkt
220,224,one_____,_____407,J57uXch9PfiBHO97ty5VGmZTKbRsemMxJPKWqJDWhDinjx
224,281,one_____,_____407,TI3w4x0UoiLCgzhAcKDLwc2J6oO7nsApjPgkjLSCdj1IfVF0s4R05
281,334,one_____,_____407,78oiWmtFS7yjXdhMDd2gaUP7KOVMsqVooEJm5jCGarPnpOMSSUfvwBIBZKhA
334,468,one_____,_____407,Sbv914vxTvC582cHSFdMLJFO5JgYSwDZctSpcGplpR
468,473,one_____,_____407,PKZOkvodPqQmo4xSDuFtj30ehZhzko7kOpKKnL3G9Uh3J0I7zRSN
473,628,one_____,_____407,POiDmcVlgZSWG4XKY5HyaXlmw8KsLliSqkeAnirsNdh
628,683,one_____,_____407,7uk6PjRXqFREETuWuEVtJYsxy4MpkLPyVJVvagurHoPm7BJt
683,923,one_____,_____407,QUn2qYqYIvXLzuoGuTkOGvR407d2dA7PIqtK8YZnnbXkmPZ2eFRbeU8lwhhZgsCa
923,970,one_____,_____407,v15ESV294hghTvDrMrqp2IjyGjZq1SRoTKQNpEuUQK9NhmdaX0J53StgxuihmJ
0,169,two_____,_____408,VXN1XvSTvOUeCyQ8HToLTuXW8i3SPnRUlz9FQTBC0fk00hojHJySimS
169,344,two_____,_____408,0pUPk6MLLUzcA2wUxQRZkwLVR0lJBK1uPQuzndFhFgtctM1gd0jN
344,395,two_____,_____408,1rGPk709mxZxNUIRrcv6PmklyozvdOaCGkj1KAsxNPCKyo4q
395,612,two_____,_____408,Ba2khYnaiDJL1st7ETYMtknHaSUGv1lBTFW
612,623,two_____,_____408,fZwztar1sFeRO9ltvzCC41fpe5mqLGw7Lh
623,742,two_____,_____408,VAPUQ2iOv05ZlhxlYcntH1P36B5SUkXP0D
742,970,two_____,_____408,xS5nWmJArDVLGhJkQJRIKk1pwsvnr8BekhtsxftYF2ekQ5iNizzHlwY6
0,49,four____,_____409,TzruT9sd4pInPmuxWnSqCsk4m64xL5CbmCoNV7zElL6Go91YwafOOeyxqpoqLhf
49,85,four____,_____409,5kiVdhabjUihhyjldc3tLyXezmXcyxGA1gZppBLUkBCUUbaWZizf5w2iy
85,98,four____,_____409,O7fdZMxdsZZHyWJXvtfbyAYiK0TW1YBM9bd
98,160,four____,_____409,nykohaKxSDg2d5fWdCXMEXjq7ysMTrmmm6J3jgsYO90u6nZF
160,187,four____,_____409,EUqcYX1KxAQ1a9F8iRmDZ46s9sdzy87sfT6DmHF
187,200,four____,_____409,as2YF6jSUbPdszHi3VYGtqg1Z0joKtFNfyFCpS7qIurOLugVq
200,492,four____,_____409,SB0o6SsyiKgvEwE0JkdrUhoEjfYB43ow
492,913,four____,_____409,cqTKpSv1XAxsIkNYekOjLCbUVQMmPgt8EnodtG0Q3kM4mAzWXKDsSuQBEk
913,989,four____,_____409,SWSvjCJwzwJtliUXfxf1M8MuonAOOVs68xguLIESJRvKvvcXJId0LJvrlf3ra0B
0,86,three___,_____410,7Oaq7Z6oFpih71HLV9cajgud3Wc5eNj9kxEThRhwC76OJYzCtF4ETJXU
86,122,three___,_____410,exy1tbdTxW6n7CJ0YdvaAJiw3Pls7NUWARAwSqYWhZ9p
122,162,three___,_____410,XXwa7Nqh4rbRwNpZXBEij5YvK0YaI6iSaTLYST4dHu
162,290,three___,_____410,vsDITxvfwQ8ewiZJKitn7GJzU8OrYB6YRJdxWPfF3q
290,307,three___,_____410,ZkLpG2yNYsDQTUtlKMezZ2q10KzZnDyjpXUFWCE7WZnyJQ
307,333,three___,_____410,boRgI7JLdnbzjbuhGAPdv7uF4AvHW5EYOazGCbZ9LSj7z4CO1Dcjn4pSGb7OO
333,500,three___,_____410,JVv4ZQVuSTO78Fo8cUm1OoO3RBXxa4vUniAK6c1FHqf7YqBazm
500,757,three___,_____410,d4t7MI3jkivE43okwasCb5Gyblo6Xv8m3vbQ1uX8JKmDs284dj3zgY8MUJx0
757,866,three___,_____410,WMLK7RhocG7NWpXalDYjq2piXmKDFJkqmLRXdBCDuTq3XsfDupe
866,947,three___,_____410,oKh6u0SncxWhxNAumrVFe9Vwg7ZlA4gpBjpZwD3VFpi4G
0,25,four____,_____411,glj1Jw3sSTX6YSuKH0N2ipNj5SblcAf2GLEa3d4AapCw6
25,130,four____,_____411,b4y6IeGirOfEgvLCWgokiTKtFtQqa0cUK7CA
130,203,four____,_____411,vGIj3W6pRNoahQsmgURQf6RuUs1XmevsJuSFZER
203,313,four____,_____411,bYnlirWdXquHwhgcPxs1ry9TQUELBLTxjF253iV2xEHY8qQfx7oVh
313,316,four____,_____411,I6LTkvK7HMPzFgVGxAtPFbSmj3F73YtcqWWbefYVDDntVsr2Wat
316,320,four____,_____411,phdel7ohqnZadnCaj7gSrCSdSygYyvn4svV6kL
320,488,four____,_____411,fBykpzbdFHSovwryWWR1Du1DdqPOP9YwZBWmHu4
488,504,four____,_____411,V40eOrPOjecDK1vQcXlOWfFgjmQlrqNjNH
504,598,four____,_____411,396udh3SUwgsiFPY8J9htmvqX1qLV19zhA47Z6aQZtacJr7VMziC
598,665,four____,_____411,jq5MEJdG3C7Uy0jMF0sa1GtAG2SjbBYOADD8Ty
665,986,four____,_____411,KJOO0RdHHyCUgc3oxZHuV7yyNjy7guM6
0,129,zero____,_____412,UvrsKWnT2xi2iuM0bfA9tYP6Rq3gGsBx1Z7CsaQjzDsBV0tTSzdZVLomo
129,168,zero____,_____412,UQeZoQb1Z7DDoeC0D8QyhQXOJgWjUyAmM
168,483,zero____,_____412,1S4TExF8oibY2YEoYCIjpJlxbjxDv0o17Ldw
483,523,zero____,_____412,KUETWQPWsORyMl7ZkNkBmae7VSyEfLAR
523,559,zero____,_____412,1TGjIDsfddBpFmFMK2A0n0jBrtwoWPm6P7jkA1P4NhyHu79wzVFsQp52e
559,634,zero____,_____412,bAgdV3k4JWXsNXRphWmKmHg1039oX14ogkUU8Ng27U8KNnlGpWNZwDhGyb
634,828,zero____,_____412,VGBMXd1ydZIvuEG9gFadnFxLimxI4fyIf9rNvko76omU6qzwBJ422
0,8,three___,_____413,184SKFrpSBf4dbBB7oSbm4uodVtHhCoFz4Tqb8K4eKji
8,40,three___,_____413,uPl2IgXWsyKVDQZNvDIRPeqBBeaGVaKkULCdzWDsH081PWroL4mXd
40,60,three___,_____413,spaZf5jbt4d0MegOpUzqcQikAeRAFR66hLwFZ4r6UCE
60,133,three___,_____413,NjY9bo20yByYYkO8kXXJKcazQHUxNCn96Gpcc9ml3C2pRc62w
133,543,three___,_____413,LkRwOurld8cDM8zDw3iLiy81wjhe9CxyRRHr3m80BK
543,635,three___,_____413,5gYvUDmZhVP8gvIabz8wkON53sHrqADbeVadajmq7M7s1jptABFhyOlODk31Jx
635,749,three___,_____413,6ymNhhocrU6OXJGjs1UTGZqNC1geQAIzedv
749,848,three___,_____413,gvsEd3Bvp8SSdearjUvFptKuXbbxY5SLy4
848,887,three___,_____413,SjRmpdtYyk5hxKc4pYy1UwFJHzzZeOfCrEK4jgwpQIpUGFkbX
887,889,three___,_____413,tgaESCbu16VOpBHzndBYLxcq3XvoW24RkJxqXBVGu22HIDwOS0uvwIU6Nj
889,920,three___,_____413,40hn34Ede4tCpGcd2RU5PTuv0rOmy6UGMME2TqyuuHHp46srnG2NtLIl0eh
0,26,zero____,_____414,FEU3ZYR2wtpEP108u3DOyaM5s1b0uTH9Xr7jjAMktAMQU
26,109,zero____,_____414,lMCZncAB7uQIVfcdhX6szZU6XOJz8fdQoQGPM1o
109,145,zero____,_____414,Qk3AozPKKBEemdQsvyskrKYjX0Nfv36nf
145,193,zero____,_____414,JUTdqeBzA87OJGrzlsSiSr7DGsKKPa1xGmbXgd1fCd
193,300,zero____,_____414,4wtLFRxn91o68hQtzqUqyIts0OWYvvVfjBCp3oNaPMf
300,321,zero____,_____414,1pMBQ5WIBH8qVzFMcJmxMb7DlUuV8ua9jPvDb6QSZIyE2wgb1
321,323,zero____,_____414,PqeeRg1hd7Vc57Nm9KsMkAlmo9C6FZk9RkGerwN1NzbP6fsCpooW7Jqensz6yqoy
323,335,zero____,_____414,pq61QPU8muufa0XQsZ6zJNCMQ4xPyQ9okkHVEclnZ6PmzlM3BqvatNmTR3C
335,351,zero____,_____414,RacUnRiErWCRHhNd50e96coEudnfJsFXGX1wAPV5vCXbitLchYj800v4
351,502,zero____,_____414,ZGDWgypGO96Q5cMeJQDDZRZ2OiRM9dAhM1wocMS5qk
502,583,zero____,_____414,PhzoXigy2eaRCFc3ppFyn58HUPYTGOkecqqJZUrU1dOvuGe11oosOqWt4LW
583,915,zero____,_____414,pzf3puwe3F89QqvuXNZgdGtuGm3SxNvwIq1
0,193,four____,_____415,1MitoLy59c7krqXPJNtJlUVm9alpSPHKDJFy07f2ePamp8fIWcqR
193,201,four____,_____415,Tr00wxIu7hSfCSv7zhC7NbsoRGA5lcxMwsvNF8
201,758,four____,_____415,BeovLSanvRvYJAj6u7ri5DdzxnEg1BsXIWzzfSTUIER5ng8U
758,837,four____,_____415,hbzQ4rISZILW38LOxiuR5tZlSzrCHVX1yAajT5YrqKFscYAuB8QGYTuiz
837,914,four____,_____415,ozYNKEOf7D5e95YTSRQ2rfkoOexMNRZUNHUGhgHL9Ajp7
0,24,one_____,_____416,ZiDWSJ7lrhfbh57bTMjiJyWtamvmXDu9KEFq
24,171,one_____,_____416,0x1H7ynuPXh3kOCYs0P2j2G4bs8K15X3G4rXYLCI2vJD9
171,248,one_____,_____416,nf8Wmvd9ZSVXajvUV1kePEiFFwWLPVnnmZJqJOQpdL4tk5
248,468,one_____,_____416,OXdLrhB5KmoM2EDztkXD2GjL0D6yn18MOk5IeTvxHTYb5Hhlls1zfR
468,610,one_____,_____416,HehHikqLfalY4FMYSLc840HgxutULkDNZ5ESV5MJZDIac
610,620,one_____,_____416,hV8dtjXO4sF8mC6o4W7jCwhakHzDInpfhajKV
620,692,one_____,_____416,8P9DfCW6mHoEgeh1BkumLCV1Njv88dAI1d3OM3mzudaOQqMQR3Ug3MN
692,901,one_____,_____416,abo39QFWYNWeGdx9Ystbkq2a3LNgbdCQYPeSRWvsUFVUKwJuRAa5Dgjtpg50
901,928,one_____,_____416,DwDgQyxCYadxbeTkaNXoD9XVjU6ouBvm1ejJx1OT6Pn7nC6PQv74z3jruS29
928,945,one_____,_____416,kRQjmdI5E6MCrVyTruaioaW8fnsfLyLfJ89KVKLzWygAhiS0
945,983,one_____,_____416,IZioTe6YPgk4P77YK9Yu5j4yuM50kF03T6L
0,8,four____,_____417,mvBTGhGScwAbhCM7fFY3WS8aqpG9zsuBF4
8,384,four____,_____417,HFBXeulpJPjdV4cG3GpaNLiyujotgC6tgZltq4jy7i9w0ZpuYHPWDtfa0B
384,601,four____,_____417,WHpY4ghyaRILh76CHTK9o05sKUqvi1sypuueVyJFGSatUPvxy2XNmyGAd1dRhUm
601,622,four____,_____417,c7eOjJnnf3OmhUVnaOruJz9xsvCkcbppGXIZAbNqmssotBxvU
622,724,four____,_____417,jgDyDvwe7efNDGUxwNjdJsduDXVVpBwYJ1MMIu3
724,1000,four____,_____417,qJfZVYt51faMQIhhinU3TtkGEf9ABHuOdTM2aLPVNnJkTRVyi5p8BLwPYQq
0,1,two_____,_____418,VixiVbVrqBqTPxSzOyz5tm5Y93vdry8RtI2sWTaI5DJ7qQMF3
1,123,two_____,_____418,fRYgyobmSFd3nMDNuixRF5Vv3tba44U0ZIRgBUCGxI2XwMQudWuk6S89bxLtCW0
123,386,two_____,_____418,sGdhHBS4rDGcdXzrl05nAkTXLLZtOiXFdXlsIeqqdUM
386,421,two_____,_____418,S3jNiyWLEsjA1yBFCOv7D1YGsHGUy7k0zGpPy8nJIzDGQK4aNWt
421,469,two_____,_____418,K2ISqVqIYC6yBra4CopVmTYlQaD6w0wsirvRBVQObyVA9NXrJJL3dL7cYlbaU
469,501,two_____,_____418,cG3HvsGF3DNJZP99Xt2L3AXmOyOW4O5hC
501,621,two_____,_____418,h5i53gpug6REmdDEFwrA4MjL68cdUpni9lAJp4633K3Eu
621,660,two_____,_____418,iWDr6zJmh8c1ezabrYPPMq2HVfFgvAYfhFwybpyiG0PBVJD
660,804,two_____,_____418,CU81Vtk9adDrCGjylO5fhfNtg7IKfwFd3k7nJmwVvP2l4CK86FGil4ECKDs3Okb
804,988,two_____,_____418,yxn6ja3A6qec84hyK7nVuxKIVTiOZE8SInsluBHFi57bRNajvrwpQqCxYVU
988,989,two_____,_____418,XESDqgBRdgD5Wk2ousS5rRzlqp2h2alrEQOnSK80H0Juyjtt52aX6vcglIhOo
0,3,three___,_____419,HNOzvkC34uBmBYVAyLZdJYSX9MAgUr6yxTgdpQl
3,27,three___,_____419,ACZhZgni8lSynq0VH8TB81NajSPOHSl1iLelsxDbEvDnfDH0KQDyh
27,403,three___,_____419,w1UhAK3RLfre1JC1J8lErLeJkGAIQS84fWGoudEax4KN
403,634,three___,_____419,oyGX307l0NVyLC6DFuqN5qdO8fIz3IaPGdZE4J82DvQsz4NnLgJfoKhFh
634,652,three___,_____419,WXVT9ZSvG41UuhPAY3zaIavko5rxwstewaU1xMB3aAgAVmKH
652,661,three___,_____419,jOz1DwzX8r2i0rI88NLQoAHuYXyLxJpF7j9dkXqc
661,779,three___,_____419,isuvwJjdVeBhJsyXyCC1mZfHNP4DJtWo8PkTAQK2HWdbsp7ce
779,939,three___,_____419,eBMMQ039EYzoUoKT7MzvYB78XtYPfz1cuN0
939,979,three___,_____419,5taaIlS9XxFmPAXalkeqfRxEsFw3WdG63JzRRAsE
0,48,zero____,_____420,RQx618JpUp3Vd9vvZlSIUNHrsg0oMlfCmeL
48,110,zero____,_____420,lP0S0i3c8e4ohWilGqydTCsSJPdCE6r8CR1GKq
110,209,zero____,_____420,egWGtzKsniD1xWZnXumXBwhStQN5to61r3qL4FwX09MUtNBwu6rM
209,274,zero____,_____420,seqkxz86tPl48qyDxfowojT7OBltE1GdAh8ChNPsk
274,417,zero____,_____420,qNo8JJwAE42y4ESt4jLTptSpGFK25I2w33Lu4aCHJoLVR3iyyVpHbK9H
417,491,zero____,_____420,4bqRKEsp5pphgLGdLYAG43cCyGygpurpWfRLKN1Evor
491,523,zero____,_____420,0XGWzNCe9shv7Piaxp4ccYdD7GpMpEyyuvmYfZNtDFyMFnCcD1PQulJxyjgW
523,536,zero____,_____420,Y6uuUvWN7IfbYzgMeYn4Q57lYj9UqLQkXLB
536,539,zero____,_____420,gNpUIbV0lJ23Bomgj2ByDmPt5yTmWSkSIfIsWVOdGzA94pE2AYL2nDT
539,550,zero____,_____420,81ggU1i7Rxx6gbbICsYKxipO7PTV3GU34xKAw04U9hgGy2Hhh3XBuQYmdcTs2yH1
550,646,zero____,_____420,aGFhmN8XcRwOfvoGvV8YxLtbnN6y3Oku6LSFBTf7Md3jG0iKcfKi7l9O
646,669,zero____,_____420,OAij7b1sjvRvUpnwkSxm0fGqXuXEBx2Nh7o2quFeakfRlkCjMhWJwGLbCtoH
669,733,zero____,_____420,PvA9TGuay9qJb9ZXilrZtjM88J9CGyavfns4w7cQm
733,786,zero____,_____420,ouo7ngW4tM2kWOkVCU02SgJUjz91ZmCyOUTtkcXaCQ7PCfbq4mtifmfcik
786,815,zero____,_____420,EklNtBYYDj0GJZNL0xyYXq16iRfdk385zY6Y01CrIC4mZuyJqc116hJo
815,955,zero____,_____420,MtXPTYrUOHZHCyK4sFFVLa92ArKUVkJlIZkmClctgc4Td
955,996,zero____,_____420,CNkH8wPrJVFjOZonMNnSFSn2Pvr3L4ZQxB6m7jqKn1XTe27dnvjy
0,89,one_____,_____421,NcXjpeNlWwcWyqTCSsJc5WgdyIB21oIFe4QL9IY0djZn
89,114,one_____,_____421,BZpUNEKdzGeYyz7Sd2X96COysb0noBddENJ9fJspUuGnevZ5p4mi1T5lZ
114,173,one_____,_____421,utDhUVLtKLuspA37CU0ApSufag6kWejvALgTcFdiBECCLFXSg88cPLEn8uB
173,204,one_____,_____421,u2RkQDv7NSY8TkrR9zMJG3kuN1HbG3sw7NcdOTTf
204,214,one_____,_____421,MuVKXSnaX3h4QrkgKtn0Z0xmetc8ALx2HSHCs0v2voKzFPByofFl
214,435,one_____,_____421,o2rZmbiEiAf4Tp23dkEYJEfud3EwutMEQzGVoPYbujdMO
435,656,one_____,_____421,r5bf6x6F4oaPjs1l9BjN6HHBcunqYsdvZPLFEtk39b1l7kw7mS
656,772,one_____,_____421,ijyqfDlbwI1fbr3h90iIdxPnhheXpolA4CgujwC5MthAThhLtY
772,841,one_____,_____421,S5R5CpJTDY829sUxRNfyhpaUEqFJE70q2hmspsrpaF1zUVqSgQaLpNeZIv1O
0,23,four____,_____422,FNZuYBCcxzpy0NZoWfKcvcHTgb8y3mfK3l0s1m
23,138,four____,_____422,ma7t1GUrSIdedycnoiqVIQXpFl02EmhpRSTPagoiZxQHb30
138,279,four____,_____422,yFUwzvO5A38T8yjgOlrB4lJ2bK4VMe85NCF6Hzkp3VZ6VHXju
279,556,four____,_____422,tWysPBQyNSdzBmzdHJ9Rnl0bY7EL50aFG1lEFApOow0OYUXSyPsU7aBzJG3XQfg6
556,630,four____,_____422,tiTwa8pz7CPXaUPW9TAJpGKurPW3kgzHFbOILdc4OgENLRFklKgBSkF5LKEC3
630,684,four____,_____422,tE8E1ktU0YyVXSufmxqn9n3KQPPSiMnplFv2qeB891t4bzJfApET
684,715,four____,_____422,vXfNiVcw89aeeSOFslDwFH3g6yKlCjFzMX
715,767,four____,_____422,fRpLXaKD0zyvJqvjE7gsxat9uPjc06HCAmIqTl34ChlItAAC1JGR
0,50,four____,_____423,uzkZEuhvxEOJpk9Et3YYoddAcSm5c88d7jV2JBl2qCoZ
50,111,four____,_____423,W5ByIf7pdr791R3rskNUkP5UlkhyH0w78orPk3sLreBw3
111,321,four____,_____423,p2lndWKsY7Cx8UuieH554ESavseYbSzVYjYcKv1C31fcDUXtpb5PhQPIilgJ
321,330,four____,_____423,G3PliEaMWzifOs0ePRXnMhpiRoVTtvdAI9isQdF9gMeFe9Z
330,379,four____,_____423,bj227aCWEqfFSnV3TcfTCHdOwvhSds057VSkZVxGQaqKVTprhRQbut7QW
379,538,four____,_____423,2ykMhaMKRLsiyLLIwmhYoQfxhGjWyLSQyxd7LCjA
538,583,four____,_____423,qzHnzoUuOwlqOvpnMGFEihQo5HeQZW16mLw2a9dioB2SoS8ozOBZuK
583,733,four____,_____423,UVVfwcjhJUNQiw9NwonlUpfarg05Da98CMJfbggMmuMKScjIwyS2o04QedBf9m
733,739,four____,_____423,kJAJNaU4GJbV0VCp8XACLj85e4tF9rSB1p93KiMap9dG
739,791,four____,_____423,UuVHGZlLzoqGG6uFiVuMTgazVI8otaR6
791,921,four____,_____423,6Roe6qFcq7NpBILMWgoaBWP6gQbUoS76aOjrmW
921,924,four____,_____423,2hkrDce4R3yaedyfP0O5Jr5FRTK5v9mJqxKCT
0,280,four____,_____424,2tCv3YRlruNd9cGpJvu80KWRVU0Ic8QGPPxJLZLwdJNwIn9ceoQFlCRzWm
280,339,four____,_____424,ZbAiH6v8saqnNISckspnfN7QD3GdcAP5enpf71QAEASwsX
339,346,four____,_____424,0HQpnOshSAn0pFmQP6PGykX2cGGLg4ewmgSpSVK3XSnfYC0c8Ozko
346,505,four____,_____424,eydhnejYB5rUc0agjcS9uIkMZ3ZWwYi4cjDJz9yO8FsYu3t9soN
505,505,four____,_____424,2BTrtcA2sGqudcopysXDas4jfaPUwJlY7gbrymk2
505,569,four____,_____424,7U7gYgBHcZO8yrPesAG18oBPjAaMia2jAHzrweImzRCZCqE3P0cE7
569,735,four____,_____424,bYooNm8EY9rNt2hO7UfxNEfcjylvWtP09W
735,827,four____,_____424,5xo884N4sMM134hElwT0kicDmIlxkNkVnLHHIkY
827,927,four____,_____424,9oqwr78Q21V5MMDJsyMqgraRic1qtaDNBLq9UFbqND
927,945,four____,_____424,3OOs1c1Ne78yGZADBm7P38rSPi6VCOIXK0oLU9E5dcq4YVLXYzMYDp6
0,93,three___,_____425,vidHIJ13cAIBLiFKWRLODMQAVCqxjzrxO9gNuYg4k7FTyCHiwistRtJ
93,152,three___,_____425,Fi3KtGsmcxiwmZOIJSNb6oiLatJPdgQx37yoBcA3epp1exh7tY7FOU
152,206,three___,_____425,iDNUStJpIKjOMbtADFrFC4szgTN14wLE4uiordxsy
206,431,three___,_____425,UEQrQSKyB0Iy1gSchaa2NJDUs2j3UCmriRoOYG
431,481,three___,_____425,PzW893TcxG8iQj2OJNzMN6OrN94hEWobLggylIZY3V1l
481,642,three___,_____425,sZQZMy6nebJF6AkJZC7zf17ChI72qoCP3plbqOliiMP2mDbjULg0qKgyda
642,743,three___,_____425,fKMK1u3mlciiL4df7JIEtjIrjy3DItSJP
743,766,three___,_____425,voRM8fFEt1FzgYDqTYIxRanDB2HH31alD1WORPo
766,775,three___,_____425,4KAqbUomYaV5ySXJaHkANI9HNpLT6doa
775,875,three___,_____425,jnFPEs41qcFacypbudEyqMIWpTEYoAk0373EFkeTFRBwclSu4cn
875,908,three___,_____425,ro7JgDXEmVqTONBYNHXvFeO7jYl25BrHUeAgFyw1u
908,931,three___,_____425,Pv2xKXjOfYrb49mco8zRgzSWvoT3ohRI
0,35,four____,_____426,oPMjseiS1VA9wBycOxgVa05aEfmaKjENO7lGyEX7hzBsEANuoNWbTAp0BBU
35,75,four____,_____426,QUmtsDPdc3asku4LnPljaMlLDWml4l12qOi42IrRe8fJqioBAzhynP5EMZj8sliU
75,96,four____,_____426,pR0TRuf8soGhVEIpj3HSolu2faYvolJkB0M4bqGWeCd3KrdjRnCebildTRtzmJ
96,145,four____,_____426,clsHtsTwAPU3qyAaxvtMDAaIrE1Jyc8Tk1rReZcWPwqhIsa93u9zAd1SJKk
145,198,four____,_____426,CVZawCFPtfpM3Innbdu5wOqyaM85VHegVPFOCPNzKBfYpTb2O2k
198,272,four____,_____426,OaU6kMQjQJPpDh01EKrVcSYZgLtnBEUDBnlBQ8X4JbhqbVLG5F4Cd3zh
272,320,four____,_____426,8cTjzDBLMiHlyU5r8dyxpaIsvgktms7tMTp8cQZrWN0f
320,390,four____,_____426,MUYFTzyK5ULr9sJbZilLiRdKACgeGUqiXQ3GKbvD5un7JROtxl1VdoD
390,452,four____,_____426,ZkO5IDN9BHhyRZHhUBVX5Qe7V6BiafnO
452,540,four____,_____426,osR4u5L0p3LQWtxAHQ542lFmiyio82EGaxTpmuqJXBCUKLhAIBv
540,826,four____,_____426,E01Nalu3mOU749S2JKH81BGXvrU8yBYyvlW5yzQgHVbSGZMtI3UQCq
826,868,four____,_____426,QC5UVzlpUa36DDBKWMgga70jCOo4oNKDATAAHk409y672lDT
868,935,four____,_____426,MKneDlxTxZ6N9ZMZSHIPCjmIojJ8gaUJNGLczH9k3pa
0,100,two_____,_____427,Hv4mVoe0GDwu2yyJec6Sc8JnuEYQkONJwBc1bkIs23MgJpEn4VYymnX2
100,116,two_____,_____427,6JM0krxL6MD93XoYj3Hu8DSCDMYA06LKamy5xFr
116,160,two_____,_____427,ryFsoVYLSDAciMBzSWviIIJpwsUPiyEWg90WoOsyYf3
160,175,two_____,_____427,Jq4lBkPsUmbcZzdgiBiALVXqldHyWc2X6l9fbaCsWFTSy7Eg7Plv
175,213,two_____,_____427,r4PRyAUcjiLj5SbY3IB9vKnCUupBzfsJf48W8zK7Nf6b
213,225,two_____,_____427,NUD3ufQ1gAwcDFrDAZrATV6QNtH8jMd9iLZLwvEAiUHYvGteQeT
225,332,two_____,_____427,W6Zx1cw45sfSMtFKbBoKo90yZsLLI17e9lXe1bafSQ6v
332,369,two_____,_____427,IbOUSHquY4CLkc1V9TjO0TShR1FUUfdcyJbtlohqMDcqsgIe3
369,438,two_____,_____427,FaOiTaV2vNuFnS0fSPmM548NTjiaq2xgrxMoPScfy0
438,510,two_____,_____427,mC7xQy1cZj0r3K0gBAI9j1iDova532IkG8qP6uRyI255lFbkJJcH7BM
510,539,two_____,_____427,GZPkC65KT4YJoGGa6e90A1PQcD0FiX2dk8YHpPOZvEIcYozjM9wze15Od
539,643,two_____,_____427,jX7Z8qG2BH0dAh3BrDLWz3eKlF3JijKpopkPoeXDjfCbVwIE2ENKM
643,942,two_____,_____427,VOoKwTp1cybcylqSSd79yhRnDSM3mfo63kUnQ0zpWMaTYDs1apl39OXJ7qY
942,959,two_____,_____427,n96U19zUfkuVL7QHyCjSLRvk1enFnpY2X72NswUIUpivPvYTp9EM3r3ek7T2xC
0,36,two_____,_____428,DrKITBV2i5IvDGTziCFGda7UW5JQMgK9f6a33U0WgazGj
36,36,two_____,_____428,yrx2gMLy93y3ZZfV37u9emTjG93RCYmuLW6mL1
36,50,two_____,_____428,HaT83JNZBQY4Iog2Rbw58MrBoeUL2Bb5XGdKutST2SFNfNay42Motly
50,82,two_____,_____428,SbwA6rB7oTsLXZQmsv0yYEDnqtmppF278DgmRRs0OFrK64K36
82,96,two_____,_____428,qozW6i1XyCoYQ6vsAC1pTsxdsZZQRTwEffqdWCG7m0uF6hCKE7WkJYEP6vR6Hv4P
96,488,two_____,_____428,CBBVkRiFy2xIu3CIphcfw8Q1mKqoNaDK0aBPsgOYo3ve68Om
488,775,two_____,_____428,lInH9KYeJqpATac0YUxAhhCO4um1koJmu1JNp7o1jJPhz7
775,824,two_____,_____428,VRhxqzWG1BXfStsEp52WcXqGclBIRIT7dn6N75gHsgk
824,843,two_____,_____428,iphTIi33A5UyiZTkHs51Bi9nOIeWvcRWpyM7OeH29KRdinQWw5c3VaKDJUuo2ieW
843,879,two_____,_____428,XW22rHDdVKJI6vK89zwfbfRSvLaKdsQ6KgzpCeog7MwVCmTowItJ
879,984,two_____,_____428,f2PWnswp2B2nC8L8eVcC27PedLuunFmPyUoy
0,263,three___,_____429,eGzPgmh4LuRJ0HlrgQ8Eibe06DcK0SxulFxZ
263,279,three___,_____429,CO5LQSqTdgRjtQncix33axkAxSpxyePnbNx9Y3hjpulIpdk504muGJ2Bb92JB1xP
279,423,three___,_____429,sB6oaA3dgdiYibftpYGwM2ziLBuEYPLWamOzH55SyGmZVsuWaw3sM
423,580,three___,_____429,ZwNJt9EG8FpMgoAKodye4cypxesxZhKXomQuxx3YpmdQrpemf2TCXkPPxoJY5bw8
580,598,three___,_____429,p6CcaA5KE3NXJvQ6t9d29vAEK2zWpmR7Yn6JAiV1v
598,945,three___,_____429,zPdT8g7WiiV7TOfWnLk9RMw6wE7UXfVE4DUqCxzh6b2Lf1iCAiiL22r
0,139,three___,_____430,vBZKkugB451gSIHux5zutJN6akV80eNL7dmOaEnPbc4M0
139,174,three___,_____430,my0VRAmmQz1pvKto3WecGQqfN47bahxN
174,258,three___,_____430,loCk8EttlXv3MScWu4UUD6mM0KWtgTXI
258,351,three___,_____430,KXFwjjJtXZh8he3tMG3qZ8397OyysjyH3
351,375,three___,_____430,DLrwama5BLplK0Uw1CYaoZtixrYhxSqAm9tMXLagS5SitoLefY3Z
375,458,three___,_____430,S5jtS6iqiqVp4InHnglILHpztXSgdjdr7teRd4is5eqxoaYLlJfz1iBtFdRE0E
458,497,three___,_____430,fZc952yfV4OOccjtVctfpdUOOx3xiWt25CK4nPJ
497,533,three___,_____430,StUYI5j4jrqOZ10yhbLB56fuFzgfCrbYsRE4iJ6u04
533,628,three___,_____430,pCcPeE55lvlV2srPTUb6GQHfeJY8Z1fs5wob3UwxS
628,678,three___,_____430,sJcnq7OB1ifxyMbSYXnZ3j0NAbtvCzCPard2ka6OkcyDohEmmnQ5C5o89xJ2lkL
678,679,three___,_____430,uw254bmfnvsHT6bp3egjfJbwDW9APmjNSyv6c1BP5R3l819LzObpABeU
679,759,three___,_____430,omCvxwVhSHKEaGUcLuCBVX0BK342foRx7fhaRk0Cof7LtOdtkDhMSh19WaB
0,27,three___,_____431,CM2b6TuO1fCnU1ZY98RKS4GPD2SNDhWCacdtzJXUEi6K7pi
27,196,three___,_____431,HseTuVL40fIIjfzDW3gOXGbDcDwi6SOlYXii
196,400,three___,_____431,HoP14NbhduDQkeJVbLzrPZxLvJ01ecqd39Jz4pesjy3Haq7bn
400,760,three___,_____431,LpclYaucpR0lwbTSifJO1GL75aLvLm3H6XETzVf8TVrAYOLGyvllpmORB2B4R
760,877,three___,_____431,DFmHtJDWjX21Br3H7A9VpWhTuMhwRYBzsQW3El3qhkgH38raq4oiuN
877,995,three___,_____431,xesA1kB5nVCs5UQuHcwwyHeNPUQfl8SelRTQJ
0,35,one_____,_____432,BE34MKjhGnooli376bVckFme180nfGrYKhKBtKGxXd0HR9VRlrapR
35,153,one_____,_____432,KP1EifNg6IEYpZSdKfky36cUJZLpSwaQtniNNLmUao
153,230,one_____,_____432,wwhOwLofUrlJaPJDKH2ONiD5r9hR4GPhMCUArj1mnbDDgTdTaZem5Bu
230,236,one_____,_____432,bBZH45A5vzExQD2YqBQMqujCMxnsMHflozcqSPbWKtWWKIKY6L
236,441,one_____,_____432,TEKzIDruqicyD5OvpZVLZdrR40myNm6FKnvEM8UPNzVG0niTIebJS
441,610,one_____,_____432,joNNNhEV7ooA8qkPnmcIYlY5GZnDXj4vYCjbWd9jo3
610,638,one_____,_____432,klc7zYK8TkFWPOPCxnNlQbZMjvJlcE9qw7Q8eP1kKjtN4eM
638,723,one_____,_____432,VMsMT41IntI2ZtiAMNoSCxFHWofLsIRN98B5w36eVraWAdyC
0,23,two_____,_____433,9dA5YnXYKTBfT4WtgAIgIspxHl5VB6Cxird4v53TmHwkj2F2JoFMGGasvPs5Ls
23,240,two_____,_____433,2aKuW7hVctzjOaTQumqWlzfPSGOubT0871PJpKyaeze9D
240,328,two_____,_____433,f8pPAGxDQglQvRrqNNSBzdIndsKpmbja1as8bEIysCszStgJgwH37KgSlS5vbHn
328,432,two_____,_____433,C25tkN5zZJjLG4HC7cWFuTcWuDHnpj7ohQyw1avRelo9SG7FJHteibWZ18YM
432,437,two_____,_____433,XqOoVd1wNJAdYlYbx0IIsypbghSbwaJSNaI4AhoezPvx0wduBy4rLz8SmXco
437,548,two_____,_____433,EQziUCWTb0NV8j6vCabMND36ME5DebiHLG2rEIF26uuk5V0dcdjdqH3WjkCImPz
548,613,two_____,_____433,2D8IESly7nxqgH3hp1uZXwDtpYPuDJyWcPcMhzJgT
613,716,two_____,_____433,z94a1eHF3CZ3NwdNfLLuUYdFUNKPqjtu3PIbu8JYCztch7unPiSiNS48LQ6
716,960,two_____,_____433,NpBmjT9ihlDjYKTrbTHyKZtU0B9vkwhv
960,996,two_____,_____433,HwZrD7WfKHw2pBLVibcTM1Gw1Kb9vgpE9EibUS63Z15UvRCJ
0,90,three___,_____434,WFF99pYZAlBZLL1s7OmVy3FB6m5Fyl1GvsdHWwDyYq5HMeHF2K
90,132,three___,_____434,JoZUW6jaBzGXxaIBCHOVILkU41dDT9CLopVBDeTgEMNY
132,165,three___,_____434,t3i5ePmL3g4KNu0JSVDc7XtBxHSrG6lvjPimU0mU7ds3dvfzeKtVVxG6Gfua63
165,205,three___,_____434,o85FOtKaouSWSg2cd6mC0iQFzZ1jjl1QqbbiwrjBw6iFzn5PDZWlCmeR
205,242,three___,_____434,6WH8u73yfJ0hIehVf093Y91bJ0fCM8s5
242,294,three___,_____434,CfbiAQCU2NqACqwVapOf5a7g582gWDRpdECDFGFIrQnGT
294,353,three___,_____434,xi1VRf8C6GNYKs2FWMcBCSM9E4syoXRvdpVOqybpPCm7U7SS
353,561,three___,_____434,BHHftZWi3kO9tPgG5x0yb7j90eAdihV3FrsDWjVlOu0o
561,581,three___,_____434,x9unUnGNYFkOMtwpNvo6D33XXZYRwQK6kD8JcfgyifSt9PlHX
581,600,three___,_____434,njdPLmDAZ6yfIFyoE5tpKgGw2XBhhtLM
600,625,three___,_____434,EvZv3ar89c8tjF1yr62rXYgBqFD5x2qmh1crl0zQLWClvWAFCFnM6U8fw
625,662,three___,_____434,9OukMrWBNLwtbcVTKCMON9Qb19bmuw3aN
662,671,three___,_____434,uCghX93kLjfKB5DyUYXYYhhr1BhdsWATg122FFfiEATpfkLzP8UZ
671,829,three___,_____434,MVJxXhERrZNWrJD0wYrEIvax7JPlfHq2T
829,893,three___,_____434,7JrBUcR3hM80gqp1aKqHEvZJeeyUGvSCpU9Qlsdsyn1rSygrCWtyt7L5PU
0,30,three___,_____435,aDXDGTNdhoinPaLJkSjA2Cbwqy1AtdXgcrWNjeFl5KVbvQ28N9ldVQir04SdnTV
30,101,three___,_____435,ArMx52UrzW6EIh3lNObmj1lrVmjAZRjmXG5
101,114,three___,_____435,elRyIRKQyvLNKfElWjuyhSn80fdoLJY9gwi4NRlVGRT1300h6anuo8CeKBietP0Z
114,207,three___,_____435,4VyRib7lJxA4URvGV5yeE8Q5CsHc8w6qjDyKVVAhtSHxVZ
207,297,three___,_____435,vKY6YHc0WrnYW7tNJjQ98ADT7MQbbbc8QP3anTWqWS7TU4ctM7IjA7OOAS9Mrl
297,554,three___,_____435,CUYjTrK4WjDYUxfBYGjSrR4ou03l0CYCtmmg9BBMJtOlTzYPZyQX8GaM
554,586,three___,_____435,yRt9Kvb45ymSb4s9S4LV33X91GlqxoUPc0Wf0PDjv7lX85B9c
586,622,three___,_____435,EBjlnfzBghErE9WJWhwKnPmpJMyZ1xocpaSfdHJ8lQi8I3fSKx0RMGRw1F
622,632,three___,_____435,fyRpIHuYJktSzGNNuaZm7806obwG51ZaHvf0iaWwQW2VD
0,111,two_____,_____436,k3akOCS7UHCA3HbnoM5WaCZHNvyQ1GPyvy3cI1ctZN8OTwIro5H3iFo
111,124,two_____,_____436,VpBeb3RtuR1kw81V2BtH1WoPu99qe9U9hbYgyPDOOQpt9rSBqkSEWk
124,124,two_____,_____436,3xzYzdxb7E8qhMNBHh0TawbU1QUQLtOuaSBxyhm4OHlL16zmh
124,139,two_____,_____436,DO3kzDOaKrkjpCIpR4hCyoNLEhJYZOFW8JwZMBLqhGpduDri9NB3DWmcnpxn
139,166,two_____,_____436,p8Ke2F2292m4xGFRWllw2q8lSwsTdBONfs0cbp1jJkftE5zZSm
166,256,two_____,_____436,63Ijgn4oUkvG3kOCkU2Wiy0NSmwFuv4XxBGc
256,281,two_____,_____436,ueUBl7EK1Tv6RJhJhmmFl8Zx0sanoDzXmd
281,307,two_____,_____436,winRv6j2We2jDvA2iI82sdz4DQdXGgu7uoknkRXE4olQxrtlbPRXx6ImD
307,371,two_____,_____436,L42Lm1hIKyNB5MBkFkZwZYcD0YLj740Y9rhd0idrXSZIT0UkvvKfF7LlzygV
371,531,two_____,_____436,O6lCLG5Wyf3KKvzdSOumfOJmrVdiEVNLjNnxBDp3NMImwWSh7T
531,562,two_____,_____436,tD6Ibd9UtBI7JbGQytWc68un98GWFgKZWTm5dI
562,648,two_____,_____436,mSMptyP2h9bIVEPbZMk1dcxBjZCig2rNKE3g4ts348IZjhhYqzs
648,964,two_____,_____436,4CQ7bp38ox4Gk7WMAK9XiTtzxys8zSK8gRPuRfBK94I
0,357,three___,_____437,c3QskXR24ASS6r71viNW7QrCyTa3XCm0zVP5ybYAAkwzlsVY9f7OUW1RcC8pNA
357,362,three___,_____437,5dJxUQFG32fuOuFENlVgUjagM0jSpa0O1rmOn
362,475,three___,_____437,EFyg7IXH5bVMHGulOJlNuhzXlCzrcOva
475,566,three___,_____437,ypIqD8ZJqOuzVrdtThTPrUysRUAGultemCfQ
566,617,three___,_____437,FCzspCDYNEJzcqs6hp3j4ljzAy9APtuliJydeFD1LIWuhKAMipddX
617,628,three___,_____437,3OjcbZdukAdL7R4HWaUKm1JdwPRYFSQXvAFWCXFCbtKznvF6tOGk
628,791,three___,_____437,r1YdIB3or6JDBNku6o9w3PqUc3rvbZc6otyN8BORMya4
791,930,three___,_____437,mZZqRPhnxuB3lbHg6Zazw6gEd8IF8dSYveSQbH13xpAprq
930,951,three___,_____437,XVMlz0eU0psuiipiBVBDmWkV2QRdNMtd9ObcHNKGY
951,960,three___,_____437,GeRtkqRYZdBlvwCT9TIV0vSWbzd1LwuQ3lCb
0,49,three___,_____438,FBGb1pRxxYL93Jhn0gIAzjUlOUrHbdrJbWmIbwbtHX9SnvqBA1Ys1tZKIM
49,61,three___,_____438,lAIZKs62D8YVne7mNQZLV8TeQi1XV2gUg7GnhHJVm5ijix6CPCsFG
61,165,three___,_____438,7FCM8gSZ4Fawxctsiu7enfAq4VTswGEGdmE68pj
165,205,three___,_____438,wWFiY2Ek2zgzh16Lxk2w08VG0QUKtJDw
205,502,three___,_____438,44RsdXRsxK48YMq3txQPEQcwcnZ324D0oLBsISR
502,510,three___,_____438,34uKaJ0gpVu4gqn2M4c9ZwFHzn3ddbDOhsKmoJXXY2XUadHJsj8
510,525,three___,_____438,pnwpqV8EFPN13pH76ZnAceSlIeqTfnaGt6PoiYbteMRYTowtiwrZB602Q
525,730,three___,_____438,IDNIxF7GNtsyf59FOkNRuseZdilVVwgwIqp7Oz
0,11,two_____,_____439,qDohz7QWSuA4SGW3bOoqReR2qDTxHcVjg7oT
11,42,two_____,_____439,CfVmwyoHWxL5mJo3KLykn1wTAPJjh47LMNco0EVdV8cuXNb9REJFb1GhnShRV
42,93,two_____,_____439,hO3t2nvvXGPMZPBx7qYKVaWQg6ngMJilb
93,202,two_____,_____439,FPLggtWFV5Tu5ZRTf95c4h62Ph3WxkOFOQAgEjWe
202,258,two_____,_____439,ckEqUrSvP7N8b2rqfIsrVmfqEvSSRitRkYlroGQr0N7exFQv3
258,259,two_____,_____439,YvgqjQwFysYAan7MHVizh4moJgkXlY5p3BITN2Jl7g4xlSWlVCX
259,286,two_____,_____439,9cq3yiWB5L1xAMo1qEPm7XO754l5I1DFx8qwQD2
286,541,two_____,_____439,XDWlpq5ILd7SK0U1MgDaUDOhVDJ1d9mluDRiKT6KH
541,566,two_____,_____439,Gd0G2IBqowsHskM0GATOLJitY8NADfhQiFK1N7sezQuXigklgTTsU
566,568,two_____,_____439,Cq1hdYG1kA4hpLCzTfh67mbhu4LO4xD2UYk3uG5z0zlFIzT
568,628,two_____,_____439,INKOBvAaegstGQ73DjWBBbGHVD8msb23ayK1EsQ6Tjm7UGt4ICQzFyd
628,865,two_____,_____439,T9JjQo67Na4nPI9zscNAfwwx6MwUpBwJBIf2VvafIadJu88OM
865,872,two_____,_____439,55LAqDbtUBUFpNhEjPf53X7Lcv2rXjVnq
872,939,two_____,_____439,q857W6VBmxpAtyS4T6fiMpDKH9P4GDsiz98ludtPbtsuuDztUGk4LENmN7w
939,943,two_____,_____439,iZvdIpG9gNZmEvLADoVwbrQXGXk0s3tV2frocfflrhnEDV6RJ1ibr77Vig0
0,135,two_____,_____440,Z1HKHJaigNFQng6hhJ0A4cTNalvjcNh4mMXy7CWxOenjoSMK6kjDBBun2tOpnCci
135,282,two_____,_____440,k5c81ru1VF2Awajiio0YOW1YHLzrXMV63CwOK4mrPX1lydSKRuIheL6NBwkwm
282,356,two_____,_____440,47QL7zAdAV0IC1bDuo8NBoAErerlB8IxhMcl6inUjqqH
356,482,two_____,_____440,xMqJ6lMC4qDrXTBtgopg3fF9inb66CGwb2xC
482,496,two_____,_____440,GeoKcwdF8HZqIyFuGn1SMxledqCQMKbi45EFjH4ojDoV
496,607,two_____,_____440,a0TIqdzcqOZIsqFAXIIqf4ubCgR2ID6EWsJ
607,706,two_____,_____440,SgfwnuTOf7ip7iOiqooi2IfCQoq9mbvm5z2VnN2Bx2Fr3iMr
706,799,two_____,_____440,n9taC4lDsk8QZJkKCZ3ESeOoHyySqQ8RR41
799,888,two_____,_____440,aNShG1ccgKVkd3Yc7BVZHXSaCdWGdfS4hwRd22C8REyknamoOsTv
888,969,two_____,_____440,DFqMRydmk8dLTQCC6NfBCaictY33pUNj9iDM42KRZsU3MfD5tvcxyOYxR
0,122,four____,_____441,jYOIloEA9D1PcxnDveR6g5t6m0Ta9phgFrktE
0,6,four____,_____442,xBXcCYITJghQyk3xlz5vSO7uvbOIzfqnwLCSTiDUEovnqiXkrA0FZ
6,140,four____,_____442,00sDjHOt2gCuRcWbP4fdN76QDNd4Vc7amb90Bw4ZpC3os2a5ZgWKPznf803
140,164,four____,_____442,pVGDgTlGEdxlAu6LdmjI9lw26712J5SojNoiJ4gDKdoJfrJWX9ZLgXylEvvWZd
164,406,four____,_____442,Rnw0sgWPo2ylrmTbmF4xT0Wy74hyz2C0nN
406,610,four____,_____442,3TLLpc3pnj2ooEUCfkGyf7Cgf29qRgePkVltJPv1NgoM5S
610,774,four____,_____442,dzkwgFJnmcWW6rmh0XtmY9YhQFvWr9H82sAl3sp5BRgqnRW
774,788,four____,_____442,hzLiuZJa1cLqcJ0tZast4qVSI4GrilnWTyOAdbRVkxsb37G1kjvjQO
788,827,four____,_____442,FEoDyxKvuilD1Usut1KeWHdjRrh1HWzTOxjPGtQg2oryFeoTDbf8so3
827,828,four____,_____442,Ew166gsCeVXLoCrFjWwaDgeO0kkg7Jx0u
828,910,four____,_____442,b2h9q6BNth6HGaHOipWUxu2bE1kwDi2lPedoTe70a
910,927,four____,_____442,AUYJz76Js2zuEcRHj779SFwOp1IJccqEORlSn0CyQs4RbGWah00gY
0,264,four____,_____443,OCQVnHjLtWzmzYwAuBKvDb5ienuHM7iLnGc5l8n
264,463,four____,_____443,cURMe8uHju8dVplhGuUsviEZdzTnnVLnAyacKJCSlLajLBYgbgN5hvJxFuMd
463,509,four____,_____443,p2LRKT1QHL8s0OzXDMAs21DHBD02CGmFMEHZKbjvRwdIzeac
509,552,four____,_____443,y8DPfnAIsgM9o7IwbL7lkGrSK6Tn5x79
552,868,four____,_____443,lX24wkqcy3FYGdrEZf8eCkFNWOaFyI6gEHOXW9HpYMv0N
868,965,four____,_____443,shBqSBGhvtX83cXObd69VGy6oyraMuwHeHFa9ppJpsfihrA
0,81,one_____,_____444,img3TIDDgYRBL88IiAbVURlKbltnHL35rl8w10HulDE09xoIoPW1DP4YGf
81,148,one_____,_____444,F0UF8GlhNeLNMtLWj5IZzbgK8USsxaUyQm7WLIQ9ygsGulFJBA8n
148,214,one_____,_____444,XjlVPkyZNm5ga61R0abl7heYYQJQ3tP8wFu9D95ypFN8gO0XiOfuTr
214,331,one_____,_____444,A3L3tjDhZPP5TGFbizSspohT2eKCyzQadCVb4xZEehJIsdnqN
331,365,one_____,_____444,VGwx2OFp0jGCOCHdeweVcco865TTPwfO7
365,447,one_____,_____444,i0fHe6ShrRcutMcRthai3YB5VhhKr4PkXtkZ8S0U6urNjJ8FiV5HwshYxaWByR
447,505,one_____,_____444,DrpRcXZGvoiwZIYp6tXMKxXHrx07J1M2U0cipyjuhxhYvdLuexVJVV9kTKGs
505,647,one_____,_____444,Sq0OQyGuh5Dou0l0SkM6KsielHVucFt3c8pwzxZnhfSq7PS
647,673,one_____,_____444,3PC2Ct9aSYzcJ2mgGFoSJ9kieWre2tMno74qRhpiaxa
673,751,one_____,_____444,xW4bbOzBtvcpLFUgBuFQUItb0tqhLzdo
751,773,one_____,_____444,jCrtmDib743zoHb8Sf9gekNgkuqnVrVKZw
773,793,one_____,_____444,cLXRCoM9L0av5xYFjllTI6STPulascrf51SdCEwb1pLfrUHU
793,818,one_____,_____444,j8oOPZQ6rJkOEu0JfuSrquHjjSqGUnqFG0a7f
818,850,one_____,_____444,14loJ0iYfHEPdMmPkVYpyQgCzcmaa5NeCndY08lW
0,265,three___,_____445,XdSjda0Dlv2XKMMqw6sqQ4ZmkWoNTqVChkeWHsePqv
265,346,three___,_____445,MZOuw5gVWO6sl4ypEVca8uhe4IFkjZok4FaU8DescbUCD765mw
346,350,three___,_____445,B6FCTsb0N8YKuc4i8PHKkpjedfrE3L2TRcFQ6mGAeewEZeiS3gryrZU09
350,413,three___,_____445,vsCdwGrgjvpQR6aGkTr0U6DWRGo4amBZRnsKLsbwYgRWawIilTer
413,442,three___,_____445,vyfSMEl5LsInzIQR0aFNjvzr6TgSuUkvazTfx
442,633,three___,_____445,9SHUdLjoI8JkQ0m4bNlGpCOdarOLtznWJFwITAgEki
633,823,three___,_____445,KX53L1eA2Tjq1iTOb8tndP6RBvmzmCsCZBG1fQxVNdjfd
823,912,three___,_____445,KbwVEHNYvlCuDdjRZnIT8XTbhGKcXG2lMaxs3aArOcRjm78dqaJAjGcubEYT
0,31,zero____,_____446,TRCi6VNaGfGesSqSFvt9HUFzJl3v5ZM29HA1ACq6lgTbWngmOqsYIoe
31,49,zero____,_____446,kGlmqU6e7ilureAMs4BHVJxW9QogODbx2M2prRuF3PPhALUfEg1O6PWt1JU
49,215,zero____,_____446,jIkxDZN8Z6AmMvXkVvuv9nIbZv3AWB0zTKaLGz2AHwNZUTh3BP
215,368,zero____,_____446,1dggJRf6aY9BaTni9irKT9eIJMSFuAztk0LLIcD6MYnmK9iZY4G
368,391,zero____,_____446,yZEjQlPEKj879b3bxO1c1wBT3g1FJGSi8Pfw55A
391,533,zero____,_____446,zR0OzikL2NYSVrd7qZ7kpkkkTisYoujj8CfEjapHuEnBCVUuB82B70qQWDlcNM
533,837,zero____,_____446,75gPLE6iGG0ifpNp9ml4qQrfsGKRGIfNbVHuMrfvpZ591xkwjB7R
837,874,zero____,_____446,gssZMkhejvdTrhm3TGSJvuGvQqjkRdZUmyaQQF9YoS5hpFy1ng8
874,928,zero____,_____446,oSQq7l2XNV75KBjJfCA1SZIsDfnMWf7cQksMUGh
0,81,one_____,_____447,eyI592MfZtl4tparuBHsp8eiYXcYQyD8cGfkFE4Zt8GZk3wP10Ib
81,234,one_____,_____447,f3wjMBCx7d9qSlRNp30GdF4ZOTeqFo6JV811eIo2dqwXHR
234,291,one_____,_____447,ucP1TeQju9NLwhGnrL3JAwUIQbDTtJKq8cy
291,464,one_____,_____447,RPOfZ5BLka77TYEIbvkf2MwnBdmcIcd0weE
464,575,one_____,_____447,Hypspt4mNq8ROL1rWg7htdCTA7WeLtP9VgI3dUFl8i9khH
575,641,one_____,_____447,tXTgqnxVXwH2iXT7lLzAGJpPkwPR8oIXu5TGjeQmaVQWmvJ8buRGxeIlAL
641,717,one_____,_____447,i6XL6KhhUru4s1QeWtqDXum9HSI5KvxjuvNIhIi7pm2T6wVQEHkAPlrZ40Q7KJA7
0,25,zero____,_____448,qUgVD1Giwsuhfu6qP6dOk8FIKDLblM0oCXzdVo
25,59,zero____,_____448,fRTXnabCbAx3VxExBb4u19mSYj6UuXci
59,190,zero____,_____448,6fKErHlE2M1c1zmunlcmbMEosCsAkmNTikWBHaDg9G4VWw1w
190,260,zero____,_____448,lPgPYb3NtOPsJjQlllPhkfveLcl9CVYUzWlols4aG2cUbXMXj9
260,606,zero____,_____448,CPC1c20pmaIEOJ5jP8UE6AfteBnQ7Oo1kYcVkZ
606,678,zero____,_____448,GMETdRr3776o8WRKTm0ng4ZZNfwdeH1aPD604bV8bKqf35C
678,749,zero____,_____448,gobwYc9u6Bw2sXMmrki0EHfXAoQD9LOEy7oLV9dTJDOerFpDPk7KkrsQiYhjx
749,845,zero____,_____448,OHQYkqOJUQ5z3LuZIJCaWv6AMcVKaG5R2TRGnmAAfgsB
845,931,zero____,_____448,1iJzHBLnPv75fcOzx2Ym9jqCJJCylzRpX8CTAYMhnmY41N28vf6c5RN
931,967,zero____,_____448,ko0rMsFrZgwUo02zCGBbTcT34KoprraKzIMfQN
0,454,one_____,_____449,vZR1ISmY3avcrTGhMnfhK80fiGbCQgGzmbFqnuarq
454,519,one_____,_____449,ygRLY7swWHp25RwYIpotxWD7WkFuVF30
519,560,one_____,_____449,Y369FaXz0OSuLdKBaRxPgTwpxyY5KSf7P872EMcSXIUSi4
560,580,one_____,_____449,hajSbxFuiod9VXFOMCZh3RgQdBvKX7DredZnQ1qW9VIsGCb
0,42,one_____,_____450,CRADHQMUaKCjJIrGCvRq6fwOuZ5kVpS0EuKfn
42,106,one_____,_____450,HslRxeG000fu8xwLIZGWECNn1zHVRKmZoex8vSIKY
106,212,one_____,_____450,UAYtsTNs4dmJVhYPWJEvtLEU0nCoLZd7TLdhqGzQgIHlGMRMgY19PfuM5T0Qnm
212,339,one_____,_____450,SpMNaG2VNu2F14vvina7ZqrT9xwujy7T4adRI7eOFgK6B2Dc
339,385,one_____,_____450,djEyCBvafr8mlLt0RWNgRsCbtu73U8oFJM
385,651,one_____,_____450,z2mWjOHW1kufB57plycb7t3RU9zagXTvCZb7pDMuwzdNdU2LQW5oyKDLCkdKq2RH
651,685,one_____,_____450,tJrBM1tW5ALEaIPB9rHnYYCfrBSYrAR4i2CM73OyGgdMn4HTtNoNh97aJDGtIEAb
685,748,one_____,_____450,pPOvWorHOwf48qAbzdfRBZ3W3Khkr1XBO4Ft4lDz
748,796,one_____,_____450,H6VuowpiXXyCZwXJ9qjPP0L2aaHMiEp8Tq3n
796,800,one_____,_____450,tAQTtzXZ2WDClc4UNfdlJF5hwkgojx7eyOLB02OebptHNfywduc4jzuS
800,818,one_____,_____450,sww3hakoZKEIFZEyONRX0tPrty7GsaGk2n6a3x5Wd3f3LnFEYUDO90oD71cN
818,849,one_____,_____450,L8YbMLpOS0b2ssC6DRhR1tNqim1zsSKsTWSwYKQVYJp5
849,982,one_____,_____450,udgSR5hwSW98EVWouHNlP9NJNFkzehuOCG
0,127,three___,_____451,G2FcDLeYxPluzsaSF7jeucZ3irdCHsCWC8UdPFK7uVsgyQ7v23lmzgLkWm9uekfO
127,461,three___,_____451,TWWIae3rGMiBF1tTCo7lc0N8sw5dVPJnCcE
461,652,three___,_____451,Dzs0qnDBw8rBu9hI9gb5HXJtuRr5l03wgevAefr2aqfKYQDsSwbQ6tWruHDGtd
652,786,three___,_____451,kyNRtQorO6YTJYcvOMnHh1KO9qRLGPHJmAEN4YnK7aKBpgRNrJtOHyzjO6gAg
786,814,three___,_____451,eRxp7bzTTw3nc66uHy8jcf2nTqhxOoUVsGoMgbsBpSL0OQU0Zu
814,917,three___,_____451,dV9l4bVS9MkzJoY15ZG0ADat9mjtvBXLYWqe4gc056c7gdmIpvNNGw
0,226,three___,_____452,GETYhGVogqzxoPiIy0KnrHc0VuRZiSaGt4eZf34
226,290,three___,_____452,JhYrDPk42qifwcod3I6CBxTn4s3dXM11zrOWc
290,500,three___,_____452,A6xCvzEnloaQ4QgfUlO5TzI9CEskdlgxWUN1E
500,509,three___,_____452,Pa4EqgeseW891uAcARVE3oFPIBzkk8lrmx8T8mkxkygB
509,698,three___,_____452,ZyMjdlyPPSaue6s3B2gkSLfFCb8iFp0KI6gQtdAtH8FNlEBBH2yn
698,751,three___,_____452,bJhkTko8khZ3lDRQ5va7HMeSMpEj8yahmWqJ7OUHcmffX6SlT2qSAfm
751,761,three___,_____452,qLRK7eVgu4nyoRWjQKxgv3OvQMX2hKChErUKpP6Eje7M
761,761,three___,_____452,aOufe3YENfU5tJu3yHbzUcMK9pr4lFLhx7VHyy
761,974,three___,_____452,40tRYqcFLoQ5WD9lBYpXtVihuihBd1twuuniJIJ
0,201,one_____,_____453,ooDiYNy9BAwhJFS2BKa66bxcKtyPlkxtgBrZc
201,208,one_____,_____453,jrdIiQGvtk01TRBx1R6eXX3dzEjpBgRr3tjIRDKeA14RHo
208,357,one_____,_____453,HDlelmirQF8xCY35EJZSJUdQCdn6oD8dGXv20tiX8UW
357,512,one_____,_____453,unwOLrFkgQczNPh4h5qRZOuO19srXnD3cJ24SGHCK2g5bWDMJ
512,559,one_____,_____453,sbgmVJC5fIW8SYdEMSG0awEIKayN4gm1iUWgVC1l8p9C0ZrnhyuvOImb44b1
559,767,one_____,_____453,53E7FLrET68CMfDnU744NpDc9VmdiagOq57kspXD1IzuiEblF5JrivKoJVkjEk
767,814,one_____,_____453,ntimqKxOngO3tcfQOpkE698IBeZ5McMB8kvTwC2hALrS56gmyGM4AP5gWV02dbm
814,858,one_____,_____453,7wF4rnzNCN43ug7ZDN1riNknoxYyz95kkiCwczKPkxwvgWWC4Nn
0,189,zero____,_____454,mv3NpWjE7pjvzlVTwNHGkg6aApTpeFtnC8j1
189,295,zero____,_____454,z72NEKxqLXYgWzGVGIjgahxy9Fr0yOzjngES9Bd2WpwHfcV82jS3LMhp7W
295,439,zero____,_____454,w1iVLfcohVMp4aft8GFrcmStWhoa2enNFBL
439,469,zero____,_____454,D0WP8dL6V2KKGXCXNGEFoQeeMozjQTquLi6kVDG
469,557,zero____,_____454,5cHATEiwJLOL4P7Ax8EXcwma96MrAWpTLdn0dGFzthksuiiwzY8PgGPPYIPfGC
557,672,zero____,_____454,QbzOx1IWgsaSt8531hHWFJ4Sxz3637CQ
672,683,zero____,_____454,a4qV8w3j1f03BLKXTAwazbhza7QtJiV3y5oEtJml7w19q0yv
683,705,zero____,_____454,HErqHWEFL8oRoRdzvlhi0COkZMkAwlf6yjzzD3xuT
705,780,zero____,_____454,6yp5LD77YGvDkInvMGkegWRSM12gKxIisKTaP
0,8,one_____,_____455,0cKHR91XHBNH0yOkYF3iLjWZc4sA0UMVcw1D9Y24pPr6JIOq7
8,139,one_____,_____455,cIL7K8Fp70eE8EkmA91ml4XbnwpaRy0Wc6nOI1gSgX4K9ahC7mf9rSRF
139,164,one_____,_____455,EKvDH5uzLOhbEJcseYbCrx9wx5yTUp3qmGXClsCUvE
164,288,one_____,_____455,OXXpqnh2gRPVzVGsrD4S2b53gsZT2yrAeR76wU5rwDAkreUL9EGbK6amr8VC6LGF
288,370,one_____,_____455,tzA2a86LpPVWib3tuHKKsdK53xExeDOYPI6k
370,797,one_____,_____455,1DAEke6KPqltUGUvW7udihlWFu3cqyUXyQtiq9JrVZ91IV6XdD4ZGSj4dfl8
797,830,one_____,_____455,YeA8yy7yqTDIztoCo2yP1qJTJBYWhoZeow07VxJVDA6z8cVTcZVlsLtWayWkxCA
830,906,one_____,_____455,kizrOibQkvDv7dlczSX54s5pGyc2iSYm1uPVngDH74Vt5rsG8rPNRfi019okxF
906,945,one_____,_____455,H0lX2FP5Q2uWDALmThvnT3yJPLPDOIzKQCLatyJ
945,975,one_____,_____455,GgWOXQS0GfStnurywfZNMisqgf53IkofY3pW9V
0,89,one_____,_____456,th2hC9LjhcwWbNWkEhS8Q3dy0w7u0dxqPek8RAuc0nBI2d2wcFWVBWb8v
89,270,one_____,_____456,pROtmTS1Oi5mhPJsIBsQZSsKgWPgOuIOrP0iBwGKCYrFGWjvu0REEz
270,305,one_____,_____456,FrPl6masNYC8XMZBIuu3nJJr8xsQ9hBRs8kmmJLU5aMjYn2Ms7aMNkmgV9
305,307,one_____,_____456,pl8339X2iXtgE6qLwZ9GcEhhT01VrAsEhqNl1vmrO
307,324,one_____,_____456,JCjBrAGQZnmIILpCXrSJm53QTUZe8jdtrgX
324,372,one_____,_____456,VxisVbORvekAdShEexZZdJk4q3nsepTIYO
372,435,one_____,_____456,IZ4TlHp5odg7g7nafw7EwvWht7dWpDO9ktIg2XIiA9r9dNOcRz1HotvE7Xnfzgu
435,683,one_____,_____456,sIKZoQK7veFuYzODoHlLJGFgLUdYXnVFZlbkN
683,718,one_____,_____456,4awxIP38V7oWqBrXmaaM8Kjm0LRL4bBXvreaZjvQ2CgqDXaMgC71DlQj9j
718,849,one_____,_____456,GIha7lZD5meBEfo2EuSEbwv0uJgNCZDB
849,914,one_____,_____456,ZRvg8agTlQO8eASC9JOjewlMV2Ql3hAU2fsvpyKCT43POxXU2DwnZfaW26
914,941,one_____,_____456,AqUM4kCwf2K6NyLp6cjo5oIT3md4KhGl6oJODWHIoMq7KL
941,954,one_____,_____456,5XtcerOhjGijnj1e5vUU9xaWGZdw6LaiyaXKcNtrR
954,979,one_____,_____456,WdKYR8z3wqAvLsochjF4artP1lFnC8zgOCKge7LRFE49BPjG56xuR8jH3yXz
0,114,one_____,_____457,juxLp78b4EPAFDn4ogWJH2av70QLXjojs9vVZGksVUVrlpX
114,154,one_____,_____457,OQUUaD4e5rMhJgFq4wBnnCmQ5HgwAhU5OOHdPnkHOt89rqARIunzagaC9Ux6qw5u
154,161,one_____,_____457,h91hOutmj3YZgTwW1acBqv1wwit7zGcZr8IrzpxZB
161,241,one_____,_____457,xKXno70ms3cjnWUP0D1e48WnsAv9cr5pY34MCaCqJlOigB9MmV
241,266,one_____,_____457,1kFJ2PqzaHgtezp9batA3rr2rLEvSeCzZmtwwSBUe9qBv5kT24O
266,489,one_____,_____457,EmHWfYA7cGC1LQt0rUc9DeQZ76q29COcTlocmdrYkWk5CAmXqFI
489,567,one_____,_____457,N2vnxfN8ZYyA6yoQ3ZdJKCX6f7SDi3suoAdvFJJ7qgZloz5UPqPMr
567,604,one_____,_____457,ykLudKaimL5ZWB1IGIQ9aR5MQLiEXJvsjohqhlU4DiUv1bD5Za2Rt02kNJvRE
604,609,one_____,_____457,YC8jx4UakA9yBkfF3no2IzuU2YwgQdVoZgh
609,665,one_____,_____457,56GBJdBVxSxK4uJihiehW1NpBxYYSw7GD
665,770,one_____,_____457,Okf17LYNhKOxuZH1HpvPFNdxTUx7GJJmcKB3bfKo72ZgvHSwF8
770,997,one_____,_____457,N4WuAj5D3p1FSJmvfBYa73zkjRqoCSXrD6iPAsMyrxuZIi9Ch
0,37,zero____,_____458,objEKxCvFT6ki2MaqAuP2cpu53BYMZUJxZb2vToRCLtikXPVoCgp
37,122,zero____,_____458,zaq94D7Te9cXlQ7h7wNUl070u3kFuXKOGz5
122,132,zero____,_____458,wkqhEWOvylLmK0DEglZp5hGLdnXkr5CYRUeSpSX8PxMWoqehYNDU
132,253,zero____,_____458,RcM0tBvVh6OO2m5X09YEBvSgwrM9bHChtmHFUlW3XF8XwF
253,284,zero____,_____458,pUi9OG68OprEkJVpMk1txnhaeCnPIPHRdhjNjrtJlnbszwGKB9aLS
284,304,zero____,_____458,Nws3enYCQOa5LI7BiRPQe5Jwh5Qn6W83n06Wst7IdiMaubmsInu5P45PJun
304,495,zero____,_____458,nW0ynUeAjYRNky8RY0Ua6myCUDzWHWvw3uiH5FC
495,572,zero____,_____458,XiPLuwfBQ4tYgMiFlB4kB4cezHLWEY2drzxHdTN19lMZXqc1gLyv
572,826,zero____,_____458,DavlAIjxmAl0WIRr0Y4SM3wYICGSIhpKSFDXSwNwXRxDg
826,886,zero____,_____458,pJyI9ZEzMOHWQH0hxbhCfE6roAW98BE33Tvs3042TZoyFnc
886,996,zero____,_____458,ccsdW1YIoEMYrtMTADIvlu68jqgdcN94
0,62,one_____,_____459,QgFySe6o15GZQ7QgdNl1jcrUxVgsSOdQ
62,137,one_____,_____459,rAz550ke3x7ShamJFVjEI9zKzLSzTupNFxvoGn6JPZFviNpAATweh
137,142,one_____,_____459,w6qmKFLO7GfbT3OUaFRSku1BzZJD8ZpEfdIy11oUz5YIfWQp3yYz2LM
142,309,one_____,_____459,MMx9Gi5fcBFJ3n8hytbUjlxihe5rLL4TgjmX3NfKpEmkH
309,527,one_____,_____459,f93pPsbyewilT3CYHXeIxtJJS76YhpNaKuM2tniwsgn4tnCB215
527,535,one_____,_____459,9Ag2kOYr866GwDcCt74omRUwKBtjN3g2l1BaAkAS0JwRrJ
535,657,one_____,_____459,EA31NTevdCi9Iz63EcPGSTXEUk2i9VRHYTApRzDTDGua9lUAwjS
657,709,one_____,_____459,j22trGcYzi5AzpnjHJxyaEcJZFSIbo9ET9k1kanfdvYuCAbCna98lHNe
709,729,one_____,_____459,eOkaYn44erkp24zHHkdsqXenQbN1rXREwXP4wLh0ri7Bhpe5hRyyazPOtvwqkqnp
729,791,one_____,_____459,5dtga0t5NIrlXQn4kJMGPHj4dpfNuGQfOHzOVntVQTFCltODxv
791,844,one_____,_____459,IT02o90FCjZtsvvFJuRVtB079atFL4KZnJPFvwgTOpBHBTVVp1h
844,900,one_____,_____459,2yG9ExZ4LuvK8LbT1MRq6DeXtsOItA6dmdJKU8eGoUHWeCaKvB2k4aaqc4u
0,84,zero____,_____460,ZNxUu6BrnueKNzsdjgwOovkfOEPVvT3yO7a83PA
84,267,zero____,_____460,rBCvYHIUTWlrfoj1eyYqmoUOxe6lAy3778ay6wbNLzUN
267,332,zero____,_____460,L9rp7YYt9jaCQjkeWTcN26GtwdmeAMPkaJ3zxPTIPJp
332,348,zero____,_____460,UQRWNtvYq25Lju9xU7DNgx5sB9sMZqN4cAshzrx5L
348,416,zero____,_____460,TSAMGmbTdPZEi8ca12eK7XL2ZhW5vcDvnJbGwP2mvi31qCJjYwkceHd75X
416,607,zero____,_____460,Y0DksShErW4wPSK4obxiGDVIYDVDd1JdxhqCHN9OP4vdjIJkAAF
607,614,zero____,_____460,42cdjUlhdkMYnYMbW0xd3jdnnH9C39ueL3kNIDYeeYFAr7Y3ARC
614,633,zero____,_____460,QrxB1MYGjrqAvDvH1TuHjpa9nMP1tZYUz8Ts1dTNqIUG4KNf5G
633,807,zero____,_____460,shVz163P3BsfpMG2FwACs8N6iSV0HGBt3G
0,70,two_____,_____461,WsMAoz8vo0yWLPN9eX1CRczivNdAyYen
70,299,two_____,_____461,NKJMnSLA3sqAj59KSTOEBIcCxD6GJPdSmf8dGATmvo0URJmyV9m
299,427,two_____,_____461,N055fEhIV8WTBthJzIa20ObGx2EZfCPsTo4CFcs7RrCjQKafQM3mvDZcCe
427,473,two_____,_____461,c949SxeV0ZVX6VnZadBDF4RUxwObOsLjSyOO8Jzoa7D6xc4NLZ9Qa5
473,506,two_____,_____461,DglCuxR1N9rBuIy0xJkrXB6YsRVN8dxuK9hhv1GjwqN0OIp
506,526,two_____,_____461,pJBt9EI3Oijb0Y6f6EcWNFHTTn5xGeyJp5D5eD9ZhO21y2URsTl
526,666,two_____,_____461,EUU5Ol5dRXzfj99pmjB1daodMUozwsL8faDcfyBdwdR9giCzxhtkRPaJ6KJfN8e
666,759,two_____,_____461,NwuzcNTBVtYRSEG3xHlLyaRNsrWqRBfiV3CmSX
0,113,three___,_____462,e1wDwYoHZl1AXsBeBwPamQWmaZLsYQJvW9UhKF
113,228,three___,_____462,n7lnzM9zp5sO3cRH1jOqbHd58RI8KgyKBTU5wgNHODnlrE
228,243,three___,_____462,S9n7tjy1BSc6cWn16Ei6QZTwt1HWX68FLjH6JalmJJNkKPVzzXD2XDATS5FtJB2V
243,282,three___,_____462,rpVZEqNw1EVO6UO5a6bCuwDCf8VHFMlygVvF5GdvAH7mx5HvCyB
282,522,three___,_____462,DBTRuui9MOnjlkYtXnAj44OByvIpC2ZalcAVqlCyWwiDIf1SPMAVg1n
522,534,three___,_____462,ofbirraMdbWoRIEukpZF0tRXTVEAROBq1ghCkyGdfIdgoI
534,598,three___,_____462,1BrN7gCVd4mSrsKgvIqwE0UwELPh8SANF
598,799,three___,_____462,w03ZT7eKSMhN7ZA2VRieI0P0Lh2WZOukPixSsqwNeILF
799,977,three___,_____462,ot58NHAzQderEi7iXPsEAWi3Z6TPFWQDyWYSRRnFbKb1cEaE1IeOswUFDy7fW4
0,82,four____,_____463,IwdOURFZyWDjgeyXVjjlFN9nU8B7KITRgM98xvnC1
82,457,four____,_____463,hpxkxs93taWyP9QL9UO1ldLwyPikb9X653
457,506,four____,_____463,7cM883PZXJVsHhhcPEuS3rWRnU2r7nbfOnwhMVI2LLWoYud7O
506,507,four____,_____463,THjLK9ffhMwB955ndgy2aGgHfgnkSkQ1dJipk4xrwRowz3c0BdQusHeDrxku
507,683,four____,_____463,qgn9b9Zfs8M2ai9q7MeW2WtZ1IlAaun0Yw9GobvJRMYbczxxAXk1MFA
683,727,four____,_____463,bdy6ZJBTsixmKFGQQEKn7PeuqrwSAOue3f0CU4qxhfpsYZLmJyz8
727,801,four____,_____463,m20utkeo2yC0DeXR7bUQvuP2E3V0BZkW6Z1MiNuqKz
801,967,four____,_____463,cisYltO8sfmVF1YTbuG7u1UdijncNHuAQBfZKDnvVr7MreDIfr4wpGus7juK2
967,994,four____,_____463,i65lYzraVpyAs5tp5odP3eShMZilx7JuNvupHqHmTu4fJmsUIKsx2lTGMzEx
0,2,four____,_____464,sXEau5i3zy0KVXGy1QGoDa8Kmf1rYPPgxMmnsvIcZoC
2,22,four____,_____464,btSEzuuOwzItqBQ36JVBwOJPNLXPLsaCFhyb4HQeNKbLqeS5ji
22,70,four____,_____464,ewuuP1cMzknfVpFcY76TTg5Mvk2dQnLo8kIatxwTnG
70,213,four____,_____464,ISW6P7lZy6g6na4YYcFz2ivUAx36iiZiEMZIsxFOiltT
213,328,four____,_____464,gUd6oiF76q8NXoRVgrQkGZtT8h9WhI42IDZ
328,434,four____,_____464,IDiSNmGPuRZfStbmA84ls2zkQigFHkFacRn9ZetMDhL7fgdGBLNOrLASuMy
434,531,four____,_____464,nhAEowKyqUW7yqtBIJujd7rJxJUS6yNrqBefJVkd7lPgkVmUddN9If4Op4ls
531,605,four____,_____464,6M2pG9pfAyIv1G6Y0cT6KfGTwqqHCot5FxaEmBrbAHW8ePze6kd
605,808,four____,_____464,qFPqPqMDBZiDyVBTOdeJDWbcpOV2lF6bI9f9m
808,878,four____,_____464,6HT31MIkRnh9rzOOA5BThvxD9e4NoPYSijIESxqKrV7lTe
878,879,four____,_____464,rBJcZL08vnrCn3HeIqFQE0XnHA7IF7nmHBJYrpIGf6e1k7GZGzPUtjH
879,887,four____,_____464,L2xgM9auzexxdEwaWYl28Kt1uvr5DiuImsUqMgwj
887,888,four____,_____464,CITJ0Mpt0XhAoNdRb0Sz5j2ARw7JNDcPhNJGnVmoKPRN
888,937,four____,_____464,dJdjrlvv7ZFqx3zG3fAvJXKjKnLZ2NKrhCiTm
0,13,two_____,_____465,iZ89iJzQpeVw3TOAWUyHFh6SlwgrxmZOttYrELs62gd
13,140,two_____,_____465,3O3PbRe3EbsEJ1w6Jt4vewRo6xy1kzjPOIUuX8IMfsQcI
140,421,two_____,_____465,v2Nxz3KbkbNbRUHSPnDS0n5EBrOZ50it
421,553,two_____,_____465,J6kvZp0BeN10E9XRgH9QK527WQ9Sli94U508MXzb8nPIIlf
553,890,two_____,_____465,t1y3hzv1de9Hbxm2iGjtSavizLOxqHwNXq0XucZcAdqD5lTs7S
890,926,two_____,_____465,GIT7jCWauTc3JEOisBTvKJl78KK0x8Kwp5
926,938,two_____,_____465,hIgtcG4LOPM1qjWdvhSjQJmWgX2Pmk2iJc5e4sUsi8AWLOn
938,977,two_____,_____465,PyriD2PwwuMVMeVODsnKp3rRHxR4W7YToPXAZibeMt0hxOz
977,991,two_____,_____465,7LfGZ57PrxeNruLTcrG4KHHKlHQIAYm0aJpc0Gsd8QAUsIlyfvmmaMBR
0,112,three___,_____466,CfnAFoaMjPSK00eBaeTZ3e8Rafsr29l7nfK
112,197,three___,_____466,JBiuLqmATk25kdqPA0q8YwQSq88TgmMI
197,356,three___,_____466,L5vBs9cLrOGUheLlXv7TBiUwH4B1EI7jenKFBlSw7boZRfn
356,503,three___,_____466,RzKv3VxCCCD6viXuXq8M1mRKLtQoPjfvigMs4O1GhpNxK1rw4uyHMH8CWQvRhQ1Z
503,530,three___,_____466,lBEIFZEyCYExgPYYGyj2ZAFcwnUYSpfrUCepMECnSlzD20xcMXnySUP7Z
530,594,three___,_____466,RU3DxlSoTdfgWNTCXj4LiU1QmUxY9i4YRcBlWOWJzGTXyYWnX7r6JZqWmSIlC
594,599,three___,_____466,hKQcuwQWPznm7aEGnwTvaOjMOOTOpgN36tONrcZvYFLSCYDH
599,615,three___,_____466,3hVetMkfqagi7Kc3H5HtP9CtEduHWW88suyR87CvaTA43fOYZg56s
615,674,three___,_____466,eZqlVhjAbPvcoHxdUl58DBdEhGUo1Qof
674,724,three___,_____466,Ays4Gr5VsGU2pkB8uIEyLWGvo0Ac7sUgesf1sGPsA7rN2oQGv5
724,725,three___,_____466,Ns4xYTzqR2tS5TrbyU2LK7p9GSRVjub3bQhYri
725,797,three___,_____466,116nACfRcvMNrU0Kp3RYr1pjRgTbgaffuPIZ2vrbrz72A51CbNFGDVN1nk01
797,869,three___,_____466,VgruKJZteIlsadY6pYoQ7sYqurPbeNIN
869,877,three___,_____466,dQcY1hcUqB03qRlrNyeVD1MFn2U2Vvkas5LQEt1
0,148,zero____,_____467,SyT01fTKr4UmwTv18FFM7ediR0WAz9nnsvOPo27yq9qpntecOnOLXJlyY
148,489,zero____,_____467,fBl8C1hhzLf5zXwMjUfaZYJtEGKy9Mmv
489,567,zero____,_____467,TdwrHjJttlvPO5sXCSbCyj3MhPLtb2yr6AB5Ont4iIB7lOlOKPymaKrWqv
567,584,zero____,_____467,FpvWzxk3mJOsJUBmOgiHGkiftJD5X01BF9ZlgZmaxe4GJcfAhxe5LFq1MhLcPo
584,886,zero____,_____467,6ed2r0XLnfVbbFtiHK2iDKZOt5VruUil18JLEtTs69jslprxNAQ3ZTvy
886,906,zero____,_____467,7RsRl4Jz7YnmFg1nmYDCZI0VwIKdRSRvoHHRKH7abLHh5ypb7h
906,909,zero____,_____467,TtZiEjH1n7hDqL9GDNj0tkpQT8vDWHFKsKk7b0rcVzrE7TBVm5dLkV5ejWtz
909,967,zero____,_____467,muY3qT2MIFq9T4flepO0mlBdA7ONgMc4CKqlP3aix93OaSKxTiYIuNnVHXiin
0,51,two_____,_____468,EV9NMXNsCidcp0YE8KMI8bvQCQ2lC00zi1HoGI
51,133,two_____,_____468,GTxV144io8cbUeiuix9P7QE3tzkRtWEfyAZbA3Qw
133,152,two_____,_____468,dKzAWagunAL2ZV4iSSgs8QPS7JnN3C6di5fO
152,182,two_____,_____468,r5vPJ5dHebIIsLTL0QSXUY6pUxnbClYdk6OvP
182,206,two_____,_____468,2u2hkUAJpRuJHiDoTxH07i1RPv5n3hoeZ3YaYxKdOEBRx
206,274,two_____,_____468,gFqa69Hbny3TQmZckrUk5yny8MSext3vP66cHc4ea
274,415,two_____,_____468,r2kgiVQbIEcObMRKIH4n0h2uVLmr4yHuKAUdbB741tPDOY7N1kHfxNSPUChYFT
415,672,two_____,_____468,fRRl3pdaC6iqaiGtyH27U4HL3jqhowqJpyS86rN6sks0jhD77RU
672,751,two_____,_____468,7DPHWEqNeAtxvUOERmnCAH5j5FMSmruhB
751,764,two_____,_____468,wwCnLLzYEoeoxHr4AW9j9S3di3sSMMSGfNNkRUjxS7k5UI1y69H
764,858,two_____,_____468,kkqS8UWA8LPGHYANbPYBBYAw9bUlBQNhx2d1Ebp1snKq1ZjE
858,972,two_____,_____468,C07n4CY4xGy8ndfu4zYzVRkiAtHoBHQJv84XOObUpBrmKzV6CcbExA40wL
972,988,two_____,_____468,iT4jzw2XmoXYkrA6hVZCSRm1BVU3SWrhOQ7
0,45,three___,_____469,v75YbX2KGFi3l7LRvKFxnm54ERi2hpnSZY8mWw
45,85,three___,_____469,j9OP87gv96t5En6aWZVPVSLajaUjpdyAQMGIOuK4Y
85,98,three___,_____469,pTd0YutOGLhlhaOdaOU4CssXzdvVyVVLGei4ai
98,108,three___,_____469,hBLMMA9hhXetRDX2kCEee7vZRWa2URwANTMaR5q
108,367,three___,_____469,vbJgvASrIZV0tzGiaDwr8abCoK7f1LU1Mo06uMymtOLDdC2OvjINVU9zUZk
367,388,three___,_____469,OdlrgSyeh6hx0cWBxwImCsx4Vc9TGXmT2gEul4G0MjHi3HBLHqg19ZB5UFJ
388,400,three___,_____469,lmehKIxYAfWUCpnJ5EhI5AlWoTuzdlopvGIF1FDrG7One7lDi9Do7hVi4ZnaVGKL
400,465,three___,_____469,MAJuViQqnbcgXZdRvr9IgmXAQ1U9FO9CTIfM9Iu
465,501,three___,_____469,wmT4O6xJVgaJ83rMUlcHC9JodTwTWZabPVR7T9uJNk2G45Yrqss1vDcq
501,582,three___,_____469,BdmgQlArxqNtdWshx9VZuevAIsdYyxJxHGeCH5q6QMY
582,640,three___,_____469,Yz65bynFj9gLBAsgtKiKnQ1dir43I7B1ouWQXXZXDt1fu2uRKHYBgJsM
640,757,three___,_____469,wNg3mcNQKPaVqyc5Y09LUJvG7jWyl4rkLo5GYJL
757,764,three___,_____469,1wsLaSdIA7suty451xSBJKDr28cx3s3ZM4yfefprPA
764,790,three___,_____469,SiJQB8itVf9wwpgLdmEBHGqTCVQWeIo7isv3ncTMoG2V2EzB
790,882,three___,_____469,ZXAVT0YRmRFgg1TaIR9jMrrKCkSM6ITRXFGYr9SR1Dt2Y04Vu1ZEpy
882,976,three___,_____469,z0yYq3Wt3IaGhjJ46OALT9kX40O2E7O8OKf
976,995,three___,_____469,lxgmE6INvmxTZo46SQ155EpjHfyC5nnKxev
0,26,zero____,_____470,Yi6DWAlA4QfyAKauQhpCtLUlFS28D1J4y
26,53,zero____,_____470,7trGVrQ4iufwKtRO7rybQ7TSFFUqBw2hTxTNF1ngE
53,128,zero____,_____470,tpFTfdAHspMRP8iwcxYx94Htex3oTshQNrBULUGGM1nmOeilc1lW267XO38z
128,163,zero____,_____470,uoKBvVyqjto1OhBysMQWMRhf0Z70LlH3GqNuZsGccTMVBaGN6837UObWf8Ekqi
163,213,zero____,_____470,mMggOWaKGmxX8LjVag97ikfCeGaL11pMKbiUoN2cwT
213,279,zero____,_____470,iVvDNjF8sadXR4kTRDTOwCLl1LGF5qYK8cpT5iiBht
279,388,zero____,_____470,8nsJhIew3cEZd0JveRsFwuGCTdcUcunejTkBMdlVr9aOQV4TOMCeS4l
388,445,zero____,_____470,1kYFBloGLVZHpnamnauVCBk7RH3cYViLXttm2L5vj82IutO8ia
445,479,zero____,_____470,NKlEvDTIuWlHZSJYgWr7OSxLmSCOkXsLD52D2r
479,532,zero____,_____470,kOeRhlcp9lbLBhyLwDvA1K0UExNOud1pSr4C8unEV4vI
532,705,zero____,_____470,9VIiFjQHs8MIaXJmDSJsqWiOshzGDxeBYTz4Fmfx1FSGg8rwqrUN
705,726,zero____,_____470,Q9LbbqNLXjzgzcyLGR4nXt4xmc8ymlEOiYiiFFNYA2Ke1Xz73
726,862,zero____,_____470,LuIOC50f0QAJzuvoCnY3xjcfNQBrzTuZ3Pw7u04MwOy
0,105,two_____,_____471,CfJvBMzxTkO5apokzki7zd9CdS8QCtcPx5jrj3j0PZNZQhbD6X2RA2fGPa5qnkQ
105,119,two_____,_____471,wZAcpDN7P8PdbWlzgMP7dOVq3Es9Ucr43QW3seZq14D26HtcvqTHOEOGACS
119,353,two_____,_____471,AwryU2rf1wLKkaq7yOoZHWhu5gYEoT7HeJnp4PJ2VSM35wH7Yk7aRJquxqqlbMQ3
353,358,two_____,_____471,Jt0UMUmgHFAtYr8QqyZraogCSW96ZTmoll2xrDdnoDwy
358,384,two_____,_____471,E6Jf3vqSxMLrOpMiQ4BMOHg5aBrRa7pPEYnoQI
384,403,two_____,_____471,cOPCM0q6TXAhhkb3ZPmelhhz9qVpWHXDPu8I78wwtBDfdzmhrk0eLxlV
403,606,two_____,_____471,kVcAhEx8FXhztKWPYBuPQvHCQcA9nCkMXKL1GdlD4Agso5yGWkEsnRQue
606,612,two_____,_____471,Oitqk70VT9MYI1SXYBHCoTgCCFijtBPY4QEor5D9AUDIg5rlnjVhTjL7c8758xA
612,686,two_____,_____471,ib9Znqu62l0qYgfd6O9ncsdamHFYNItdh5W0
686,826,two_____,_____471,gkrb1N4o2FvcfczX7kUtBFnhCSDLjbi9qyBLLCcDDk0iR0cb
826,840,two_____,_____471,3Q59skrUzV8XQhBkl1elTzZzojMZoKSjvVxQmzaHzmFbbzQC8NtE8ZjWRUOQGCg
840,851,two_____,_____471,UGvVYgWRfs8FQC249TSCq9MiPPCqEM0jp86gz4hq7569D6opXpLBu
0,34,two_____,_____472,rEQBPqSxF6vkmgQUAq3v9o2eH9U9uJysd5g
34,183,two_____,_____472,6Y21Z8XxMrik8L3XhyIXyECOMMoMlpitpB3dcR
183,328,two_____,_____472,p4iZam1BKHrx9mkuopUvwwYLpqfSah2a50mwW
328,421,two_____,_____472,oZaiP32CAZFd5JZwkIxpM094GpUkwwjCejpep
421,448,two_____,_____472,bh70KJ2owHWDdtcBLzAouqMGtZ24RnaB91L2Y
448,602,two_____,_____472,WKfSBXPMVu0TXGTFSZ3m6DI67eu8Gosoi4bKz1i
602,663,two_____,_____472,02oUhzOQfo7njMi0NRW96pghGMu3nw3e0dVw1YBlk9XNJv3QMz6
663,755,two_____,_____472,KRN9ca0kHcRG5bH1OhIpvEPLV1UFWd8wk8dnrj2UmYraryNnRgiSZ5
755,762,two_____,_____472,NYwJp7uUBr87uz12cpgNCRZePXJTvfHzFPJwjZQdn09zaa
762,792,two_____,_____472,KfjmS24aCCXA55hbvzVfCMK9wWY0GmthwjiLjuX75aJsi0MaWEIJwQEAWTbO
0,23,two_____,_____473,rp6yQug3VlNHiiuHlvu3AfPNG8rxNiFZaZJ
23,99,two_____,_____473,FiP9FMEtBdiyVj7wkRqaK2GxF9ApB4BDYIqmDU0dhhtT73vPcpcpO
99,245,two_____,_____473,mfQYqP9ai5PQyi8endXUEzmkyUFYVAXRz
245,298,two_____,_____473,dWAhzGcy6jfwpbVY9hTKFYS04kewWQE1fZJnr9s0ijGKPPv0mHObgtdi9pVhNq
298,399,two_____,_____473,xDdcCvo4QKdSGhE4btg7u8wHN2caCTxUufbIsu3vNFESVKlaZ
399,532,two_____,_____473,qNry1YHf63ndWaH2OokFZmiEle3a0pl95VZZiUY
532,618,two_____,_____473,DwtfwacG0sxpu7Ixw1k2p2UeKP84aym40PJR4ap
618,729,two_____,_____473,juB7PLx2j4MLuM2uaCsDNCDeMaYWr5mrucY3C
729,953,two_____,_____473,99lahhaoWaWI3py05w96llYFtBwcXUaFByYkQVADkLn6cClOgpRoLrXM
0,32,two_____,_____474,i54epAh9XYoKou42pLAJxQ0oeAtiSdcSmQsIEUgeTG
32,282,two_____,_____474,CI8Ux7LiYWmnjP6xxbZ3njbHEbtDMmlZUgWu2
282,316,two_____,_____474,j1qeQJtAzKyoVeE07ZZB5KBIT0h85UJuh6XeGLUSzAGQheD14ITR6wGf
316,336,two_____,_____474,ZqyjJZorgBMRD5bxqHjPhJfQwIsx6UMgGsC9txg5Dk5kXYTRPncqvjmQ9HYH
336,353,two_____,_____474,JYDGG1AC4vfM2jr1yNZbYg1851tBJJ647ZCF8GD86Jd5swXIbgQDDJPna
353,586,two_____,_____474,q4kNhZ2ijR5x8euFO5iErl9Luq2HLpyG2V2SrcAQ2vI3bxKsmcDVAvpRjAws7DM
586,647,two_____,_____474,B80Mttw8pblHN5UyQPmVDbLcUVfLiKTNX
647,715,two_____,_____474,r4Q8zf6SWfkjcVcwBNVIjzmYier0tCACxXWDuKYgymDBuatGxt96
715,802,two_____,_____474,ZqhD545EdrtlHHzcgtVxbF0rQzKL61x3eFBWHG
802,821,two_____,_____474,fM3PqVs26SjMgwZ3MINLrWyZSJnYkLkrEtlYyuSdnsGn5v8zvkwnERkTExAeYan9
821,826,two_____,_____474,J5L8muQgoMwEcTPkoipDY6z9pQlXFpCjfauCRwA
826,948,two_____,_____474,MvAyuo7e2G3kgQNTfur52BqCV0TTTvxzzgre6GcL5Gfet1r1R
948,998,two_____,_____474,pbEpqHF80BTid6aMf9wPR395MfB1tDGJbN1YsCY7DiTWIh8n2ExaO8TvFY
0,317,two_____,_____475,CqeOMm4cbpsqBgfoJNIoHFBN4r820eCdCWFlDaqbLup8Af
317,592,two_____,_____475,bIE0M7MFwBPZ7AOnVv5tWKZg5EE6F5boaFvlnSP
592,601,two_____,_____475,Feh3YzCfIq0rcQaJ1qZyNYPV3QD0GpdOz2zsAFW9PBLw4T
601,925,two_____,_____475,Kd69JPNM0DpwpOhg59VGm3kditxr7pKAdEYo
925,974,two_____,_____475,48jfu2YyJPeTfptnqKyITzIEY6GNbm7N1yvQdETy
0,246,zero____,_____476,Or6rlVhieC6ABCyS53Hjhf92Somx07enfDceUIyHYxI01QXOwY
246,247,zero____,_____476,jowptsjcXZ7LJxGpgPMcxn7HeBOXiIkBvBetTnHhXOHDTJAruibJ4OtoPGybgc1z
247,385,zero____,_____476,Nmn4XGUzL316BnTfzK9opw1s9W4Db8AHA
385,527,zero____,_____476,WnPRs5s4x2RG3zJizeMR9qnwrqkZdWWCFBoPeDjt6
527,667,zero____,_____476,qXga9lNCLicf43bxpahqtNa9ioZu7zu6O6Jtt0ZeRrao72ZG
667,891,zero____,_____476,4C3cmxzfnC3ixM0s8Vy9TXqbQWxCnJ9r5wD5B1k3ZN86VEd
891,961,zero____,_____476,MtgwwnmMzhL045kuNQOpfmN5Ud1xzAOEUz
961,996,zero____,_____476,HSBMLPN87Og1c16YPuAyPxGEM3aMfmAUVmyogyJbF8PlPzUHRw6zetXsFvN8xxCd
0,1,zero____,_____477,FT47jDAA98xKoY2t5Prg7JZPfMptyEiYjrNJ6q4LSODwQeMsPgnncX
1,65,zero____,_____477,wtrYpslwpJdF2RkXOgriQF5Gudt75BNp6MpWy33WNYBPjb8FbCZwefjy
65,76,zero____,_____477,7UV1M3Xa8SODYvnpTqeyMgs82CG6hEhHWrzz
76,323,zero____,_____477,JQhkFZZLTdvKFQw5ux1NuqwjzRneMzj8z
323,724,zero____,_____477,78qYni9wtHlslt8SqqfSd3jfZqMa6LvuhG6nFb6ExhZOqRuFMbrfEWKKJi7D1Vc
724,875,zero____,_____477,tEjXXdf4PqPuqOpBd05HM1aAHFGZpudHIF
0,54,four____,_____478,8MYk4iKJg7v1iltFOayaDu87CcSJZDXPBRtWBC5pDlg
54,68,four____,_____478,H6rZjuSjbm0haNCn1fbY2OubdcyInUcpQP1vthb6ni82Ia3ubONhK0hXYjv
68,101,four____,_____478,x2WY8jCLyaorypnpfMqyt1i8wiLJbTrOjiZ9MG9ZOKSZ6L7yBAqiom
101,118,four____,_____478,9eXRsusS41DEsixdxxu95OrQVocR6vkbrvBy5VgOLsKAjkKlqQjvzYl
118,160,four____,_____478,hRH18S4UXpNO8JAXCsLkyWstgKc1Awu7GmAnrWM1irfVXxMHVECiDiSfT4qJVtf
160,224,four____,_____478,5hW3fMfLmB2lPoZEbRhLgoKgRDuTWR2LA1uOaX
224,408,four____,_____478,3LAwPjR35scpbw7Cyav0c6WctK3u5Vr7uG46IjrK3mGG
408,480,four____,_____478,rp1GjVE9KMkCs3xh5QTTUd6IU1QpCt6S4rmgMaLcCF7Nn1RCtFZS
480,620,four____,_____478,ht28A403sEidvA5EXppVb52EBNsydFtiqmExQyEg7HCvqSacRwYZaDANFfAlmxct
620,794,four____,_____478,MuVcY7l0P4ZEwWhiwSWMK2ZfK7XoYmOFox2H9CbJvRJPLpa
794,833,four____,_____478,C3UvJy5lPnEpxEAZs3B3xqrXbzlDkXK8MXWLCHPZT1YV
833,999,four____,_____478,oqs2BNjTviKgArXq8HJNw7OlGBrzO95dBHJBIvwFa2DoG77yIDHXr
0,17,one_____,_____479,MzkNgGXyuR3oS5MIBHFcqQvIh1pXD1IRmvHETfF
17,45,one_____,_____479,dW8R4YICDVEvBOPF8FIK1qNzTEAzueSEcEZMILyhQN
45,140,one_____,_____479,e7tslBSsWjbBGLwvFsWaENUfnpiVYm7BP32Sh0agEf5K
140,189,one_____,_____479,2E6bYCrmaF0Fj0Ly0FtZqjkvhQrWkn4k2rizJMGZCa1VX7xJUECWdvwsKaDG7LV7
189,199,one_____,_____479,Pj8n5Uo9I24F0xOR2dT8ANhbnUjgvYlsBM1rYj0GXinr
199,259,one_____,_____479,131mro6AA21G95pt5Y2tTKAHkG3NTm3Rj4agXfzPegfSRhrsF3w
259,317,one_____,_____479,fMQtvOvIazbRAW0e9Wj3kL0mxrpAS8cVjyuI
317,366,one_____,_____479,HTHqZ6XytRMjykWaCrXIfRsWpiTv4rP457imqqqTohXkSxxvUI7IlSDjW
366,422,one_____,_____479,PhslLGvdNdM2b1YxLW2K7Qe9ea2q9iVnTv6kq10LoW5
0,282,four____,_____480,Mdm0E9d2AfZhT7fXBbQDyZlVlieIperVfddItLfuPgvOFX8
282,476,four____,_____480,kgknApZFf932pjpe3nrb5aNYYc9DrKwmO4gutcUYWasm
476,597,four____,_____480,0cHfB1OzcZ5b58yz3l6zHRWI43DsXOdaS
597,614,four____,_____480,VjzmnfBDPQmMBlkwca3Qnt52Ca5V2oT9qV7TEGtDvdU7rgt2tj0jpN1G
614,615,four____,_____480,hjMIBb2t9cjyAGWSXyevrmR8sno1k1wGkFe0VBw
615,800,four____,_____480,VzOySZPmIiHOOl4u8cXsiJem3MHP6mJibC3LhMkWCWG9D5F2ZBImf
800,896,four____,_____480,9UfvplvJ3XT5DgESUcAUwPd4BUDfrW72kAiGJblN12UjsxLWlsXS
0,49,two_____,_____481,mhxcaDUhu81FY0LDIXqlK178d0AaCB52kHjCxhbxfYBaPT3YphyyNAIx4JVq4i3
49,54,two_____,_____481,O69PTXBJOfAeSr2swTReaDj1ywWo6D2VgAZ2YLvE
54,66,two_____,_____481,GkmxbnjU9mryiwgRKdZ2OehjyYg7I1iM8RdyXKAoXYFH7
66,123,two_____,_____481,jmtnOpu6z0qpKDzhcVIz9mtmrVasIBZ2mEe9Bj37XyHbtDojYYgSPIESnTOI0R7W
123,360,two_____,_____481,9U5QTNj5f1x7OD9c5NpPrpXf1BBu0c9RVG47BWXDY
360,381,two_____,_____481,IeQSOUuaqCR1G2fS3K6KHw59escpOCg9ylxTS3cUCxP3C24Xc2d
381,393,two_____,_____481,V5bQlHoUUS5ztwWhenVN6jJBw9L5KFiOWmeNHI1zUhSKUh4fxJ
393,507,two_____,_____481,RrY6hgCLJpGnNmF5wV1bd17d17b96kuKwWZxaJuKKg0HodgVo
507,529,two_____,_____481,WTGnkL7dP8sQ0RpGXsIce7nA0npMwUpuIL
529,717,two_____,_____481,t5Onir8uM7p2tk12OA6CjabLDf0uOlkJD8N73fPJjCycQUf8C8kaqFnxrzD
717,816,two_____,_____481,hyRog7qseRYaBmkxdpWqWbKhn8UAeGu5nrC0fk7XXa
816,888,two_____,_____481,2qUlegw1kogMHfQTQjVZ6IC0CE0uL1W5vd6nP8iPJm7jV
888,932,two_____,_____481,pzfQhZd4JT2JhUviIgPqWXCjif9kagGHHeNWK9sUbJ7PNca636
0,28,zero____,_____482,ghXrfT4BKmPQTrc1so3pmVH1B0HV6J31CCYPr2zXGxrIXXhIUV2WNRHXotRb7Hm
28,191,zero____,_____482,rvSvqC3ZyNvUf2cuObuDDPhyr8jhjZsDImk
191,307,zero____,_____482,sawaLP5TBoJByIGMTg3FIf7BjR4lIdGasRqYxw8e4uROVu6Q
307,398,zero____,_____482,ktwO1lh3B4vGXCMEBdURjDuPzUbsUmfyEwdsaywGbyr0L
398,476,zero____,_____482,W25MgXbHqHJPfocTyVZW5SA7Ka1MAkO8L4N1
476,514,zero____,_____482,dxmNBtYlKFRS26mlExBzZpjbItCOPerPJdhxnnoBkz2xkP2ne
514,584,zero____,_____482,VYnIo1s6ABD9NimY4AM2a9uZlUEHNj0e0e0yeGY5VW3VEYBNkJK3rN80ZD
584,784,zero____,_____482,WzbPwTGE3XwiLB5vpsSPB0IDC2zYsq6O1BeW62hmdo
784,870,zero____,_____482,J3q5LUICYZ3xiDlYsjWY33YbnUlK5Cj0yOKyzNPssRPgBZCrra0
870,884,zero____,_____482,Q7j0zsDVb7eHvvxFdOJGTvWgYnaQwNHtW9IXyte
0,410,three___,_____483,lWBDiNJrkEPbTA13US7hQPcLN0q22VXQY3
410,447,three___,_____483,mnTjpcamUheM12q77NInfBJtF8504guy58ubvOpZwzpXcD2zmjmOvP7PmqB
447,751,three___,_____483,zcEN27kCis6MObVP8o478ICgUP2jQA7hTOeoipGpE4W7UNSbyG6EBR1Bz7NT
751,799,three___,_____483,Apo07J0exQuh7xRhEduu9F8ucge19wkGZXBaYSMWNiqH0EbNxcf
799,899,three___,_____483,MllRniEDM2IbeSo6jGt2VV3m3yshEakAxKCB5u9E
0,310,zero____,_____484,0UZTVBQhxH8wTjatmAZGQsfaHSf4kbhHHWhuhVpd2wMPYB
310,407,zero____,_____484,PpqALzAILMjSh9UsSPIzLKVWZauSuk801OpqULbqPfs
407,587,zero____,_____484,YNMAWqBLbYykh3nDTChMun9Da1ghpy5Sk0qDClbLa7ld05z
587,724,zero____,_____484,F8g1iy0BrEJpEYzP0i6O7QJcfXymsHPTbTPr2o
724,748,zero____,_____484,e9UKUs8Y83sXTrJ6Aytw4wQPDhDJ5h7ZuVDZo4cka4KPCCp4UctRN
748,761,zero____,_____484,kEt23qDMYT8qAE0y7ZWwo90Wd2yJNBEKTeo0zODBdohz967Nla7ra1XIn
0,74,two_____,_____485,DKxAEE887nRtCtuSSA2wDvOFGllEgoGjPyMemhScHavWoCD12LoQAPknWBA6
74,155,two_____,_____485,xy7NtghynwUg5BGfCp2HyfKfQO04a6arWSHVEegY56Pt
155,178,two_____,_____485,B9I40fvzTf4AEataqzTjxhOWGR0PwTHHtgYacpvoM
178,186,two_____,_____485,1Jr092MQECrpaxC5g0kmJVD01Nwu9JiHkm5xPT4376pPh5NNUquvtox4wunpGwMk
186,526,two_____,_____485,mtarUW16W7qiRSUhMQKxbAIVILkhsLVmJYZ
526,644,two_____,_____485,dwEvYK1NbtwwgPsmnV2X302Qatw2RbSw
644,664,two_____,_____485,SKK34ngin0bCj7nyTilW46up328ZjyUzVJiplkk4UWA
664,813,two_____,_____485,G5RST0AxtY0BJMPRtJi1BtDIkuNeR8J8301jRgQ8R9CkmI
813,824,two_____,_____485,YPoIZhPlMJfBLKetwYNlCGo6kzFvIvIX1eG
0,1,four____,_____486,rlROUaceo7cqN02a2PWX6iyeFrWSQIU8hgp3VdjitiDgS
1,107,four____,_____486,k24RUCeOJ4NK3z6ksrKiLHMH8TRlQvLSeg8iaMfPq
107,139,four____,_____486,GgmCIVfvXxiue1Qu9F6wo3zUjplv1L6nupB8GbiD7U412DU
139,142,four____,_____486,bqwXIMlz6EditktSJFBAGZOi8wJfDdjeg9UYbyugo9aJ3kxqb0byH
142,162,four____,_____486,1nLl27VeIMpUmqJLDjNbLZWZnfZM7RheMPfT2BFKknU1482cv8U1e2FObLT
162,231,four____,_____486,mqMMwgFndsD53BIic6ntK9UoyRsN2E1AkDUIy14dzSavX7NtVQ1IGDLJ
231,298,four____,_____486,nYFqZCPfDq34l1U0iRVfvjoziXcsLg8A2oFX14QaZ1NS2shYURIsYPXYXc
298,522,four____,_____486,zK4FsMRwlLQ6qbKnDAqQevX4dB1Y2vaqxCu3QbNiWQ1jfzWdtos0Rc8qybJyHrn
522,538,four____,_____486,AEHRJXkvdgsV3s5afhmKrsFpkpZwLfM4B
538,577,four____,_____486,OzTnjj8Ko15eWkQWthZXNs4LK376MUzXT5uCI3eVGRmi2fCKCN7E2EsnJPg
577,603,four____,_____486,FJmDCF2oXhYd6jmhf0ZZ9ZgpZGTpQeCS7GDq3379c
603,652,four____,_____486,kWHeF01lV4zughV3P2dmTAo4IFgrgOGA1MLKRGiNknDtX44Jc
652,808,four____,_____486,QejNlvDKgORMs44nrDjowT0gPrKIdTquTGvFv
808,904,four____,_____486,XzZNEUHtIijjgX7VZbq02q5kMjq0b8Gtk7XZLsXRVS3PNMD
904,920,four____,_____486,Gb8Md0ef9ByAoQxuVe2ZfhnWiAX9896MOZ4owqX2vUMQHkqhrVn
0,75,zero____,_____487,hnQFVzt4PPcPtWTn8N7JreoZN8OVKElbNk3wW4tuu0xK7FzQLt8sLITNyA0fl
75,167,zero____,_____487,xmOXq6PpVrvk25ALIY6Jds96HXVLxY40pxLEPi2FBBwDQM9tBtpLIc
167,278,zero____,_____487,dDpUs6buId813FxhYcz4BuPgQf3k3SmE996lrENgxwgHzyL
278,516,zero____,_____487,bNujf8BJGc6ohemrjvdMIafRrQpucoaILpx5ZHgSfw2l
516,738,zero____,_____487,JT5NciS19isYpEtmjvjper3PC1cJrOhHwTVz3eIE07sbMYBzzGZg84f23nTU6
738,846,zero____,_____487,cRYy1K6hBGflHNatWXWfJngFh0qxe26q
846,919,zero____,_____487,PzstL56Hx25AzYio9axSgGIXqIsRrwbYYAw8T5WmuTF7eu2WkXbou6T6iLB8389A
919,987,zero____,_____487,Kvv72iBl9zJK1GIQSxPFgpxt8M6dAyoGqHWRQe2QElWuMPysBOZseI
0,4,four____,_____488,cHrzgbgGPt1ujW715nwIj25O7ONSKrer7TFARhlACGqpx7jxhL
4,5,four____,_____488,e3Hcuklh5pQqhmojzky527U9gH3JN8uYGJBMLwpzp8VbIm
5,17,four____,_____488,usFTZHvfyV0PTL0GLPMxNAbX9bs42yaIIXzfu8qI9kSpQNo
17,79,four____,_____488,vdCvUReEcVsfrHCNd6EVGFmVRDiQlqxY7NMRms9CUj59QNm3DEUlqMo5QFezhz
79,200,four____,_____488,9qP7t6N7dnHLeZNZPGjrVFIROEKpEOBXP7if9iOwt2fBNex4sK8hpwGYpR1Qazq
200,286,four____,_____488,4jKvhWwarv7YYJEkZHQZ63vPRDfsmB9gJ5MttOmxUk0YYpQ98DpJiBlHVM
286,378,four____,_____488,LZ19JgYewQXzQ0JEPvmO4abHUumVAInhwsO3ZFW
378,400,four____,_____488,jCCRLK0OzVvjcLiAFG7W4LjXk4vXAznh
400,546,four____,_____488,sj2X3cBUtjp4tGioFbfKhXXBBFI4Sp296Vtk0sb03z8U9
546,589,four____,_____488,WYnLB7GBAURyIfsJVO4kl81q05szlmOEkOrmccjD2t09n
589,627,four____,_____488,ibUeitJ6sRAENYFJfRr590mi5JZZ2CxPIoCjuAKiHiU2BHDHh6NBjGbia1YQ0
627,865,four____,_____488,2holGUG80OSHdjBgQqs4ULUwD4EGmWeQjhrqukzvCfUHa7bXjrk
0,34,zero____,_____489,KmI2pwpq9nb3sl86IwjXc44zAaepyHT5kDPmwk6tKhnUia9GP
34,190,zero____,_____489,pvm9dwVKqURHM0B4UrBao5vECpnI0KN9uW7
190,200,zero____,_____489,DVeNYXWsp7Wd48Zb2AJJBzNX1y7OMcjUDX4rjOpD8cvheJGlRYKHiVQUW
200,324,zero____,_____489,LNB6BOwHsVCnmcO7NzHmCsasJLX35pFAbfeRQc5VNSKba3
324,685,zero____,_____489,oMsr5Fn93Fe9yOvDB8aEVNxLSf3FHuSFvCDv926zXwTpHHUQVibOTlEeNc
685,689,zero____,_____489,B7ZO1i4T3VX80gFxmPRCftSu2ZVXjiC5nul9J7FC8KxxSDDW0Ap
689,777,zero____,_____489,w3YrJ9ayd0mtPcq7CMAvvL2AOBQJhLVE
777,779,zero____,_____489,TXLXZiABcVi0AvLn1jvXZTARuQAwXYh7ghKht21
779,816,zero____,_____489,8Co8bnf1S7NhoR91gFuQpgkgODEeJIp6WaFBDS
816,884,zero____,_____489,kvmYXi9z5aHsKxepVH5dLOEd6f0CsjVPMVGVzeW0lJg0BKeMwrREOpxsvtvwn8wy
0,40,three___,_____490,pQl7T2idFnp2s1bybYT5n8o2WhOaDhi0HcqlNP
40,94,three___,_____490,Jp3SzjjN8qu0BC96LgJhO760atZp9uj1pBvZmdiGTN3d381wwrKe
94,113,three___,_____490,nejVLQwZgiGg5sq6uLEjoIMVSZs6vDJJBj4
113,210,three___,_____490,y5vAZ7QeXlHNXezUlR6jpH84Cjk77Q0wjQ8gAaSmSy5va34wjzhhw
210,240,three___,_____490,rSUBOoNhSLnEccD61px3YIxGIyoHt1Ceu3wlKt1K24
240,255,three___,_____490,TEGpGcw2huyZmb0oJgrNVWt7cZZXEqtbCN6leQkaw
255,277,three___,_____490,S4duV3RCEqB4SArvgyHtHR7420dp3mKwycumxnWfI
277,310,three___,_____490,tF3Ye3joqSplgdluiX4dO0BMEmhobI8UCeeWvG2Q7xzCj0IIGyjej36lx43XxGW5
310,339,three___,_____490,JfGAXINRvtzkNvqqIKWISNO2St94PeM0Xbsn
339,344,three___,_____490,2kMaeqfpuskgDHxF6A78WHjAXWxftykpBHEITWpVOlnJYkURB2nrDdcU2ekhO0I
344,441,three___,_____490,zzvc4LP6JpqUKMK0BXBOVC0pyhJFbsGMbxF94MdnD
441,464,three___,_____490,768Hk7moOUZns3U1SjqrlscBtO3RcsNF
464,525,three___,_____490,Tkyv8iJZF8gD8wgCsxcCkBnzK0YnJZPIDmn5sLPUuh
525,583,three___,_____490,hL563IWqqWCx5AuD1Jcda3jE3PSB5Kj6
583,624,three___,_____490,QOBd1957GgWfcDXFIRQcje9x8V5RLTJmcuNnAToGw2C5a
624,685,three___,_____490,rYWy1SnUxXmftyAuJrWKz43xqlGYWjEOIGTDweY9v1SCMWJEfOa
685,765,three___,_____490,qs3G92tbKrqleLzRPzHhekwppcGQN35b4jYiBjodWbKx1mxabkujZsl3BWJw4
765,846,three___,_____490,6oL2ToNbL1VgmGeIJotR3jFoZAMYIrsOCMGJnCPyMeiQ2
846,903,three___,_____490,ctmGTjQH6752lS945OWlnTKDmf4byzV6
903,933,three___,_____490,vMqCO1TlS7qKRC9pWaMlSXOlu53KvTqaf5Kj0Cf7rlghN8kDF3eSw7y2
933,939,three___,_____490,dk33iYI0SdPX0oOmkSs2uFMNmccjJNwEfRsTYBTvdC
939,987,three___,_____490,uv7WmGupFusJdvqJbyXpkB7pR5eirU00fJfl0CO4PIAFXIQAql7iOiKQCxVlkbx
0,63,one_____,_____491,owby43ZAlMJXBXj6CZ7jQHFFViqfKouyU8xIawa3LV91SaTNExJ
63,109,one_____,_____491,dnK5sfWlkV2FaIR4GGurwf6Jeyo0b87EVKokfchtE9ooVD
109,119,one_____,_____491,zWd2SeI4e5LectJuF1O2F9EWz7bjeOyYft4xcKf5XWD24BjN
119,344,one_____,_____491,GhAS5LC69Lt91qvco0B8bueEeiPpjtMG9hqNTLkwz0jRJJM0oxm2zq5Pt8N
344,371,one_____,_____491,NtjGGwAB8xkBWFJ45ZM5qcz6RLKCKUhP6RSFlFSrwBlGSHLGSGnabLP
371,593,one_____,_____491,aeqaT63cTeaAZKZtrD4enIewzbGIsYAcuGSh0SesEkKX6k0opf1eBph
593,743,one_____,_____491,hZgtE7fNyjeLTJ77RpdLLW7vqnM3p1SXlsnUt2xArzweR2Lu60J2wa
743,759,one_____,_____491,zdoYvmBfbwmbbnfd3RqGHPy2NshFrCAhQ8RgAXXxU6AlDW
759,814,one_____,_____491,pVyUh5M4atVwvXx3XgPsxTUFf5NWRKKYuTg3sb1Q5HJGzOI9abpO
0,225,zero____,_____492,L5wbYy9YfWOj9PAzYCHS3kSk1GhE3uFrw659kBl
225,433,zero____,_____492,uvNOIUcivbgFDFReSqSWoB2DWgCes2kOe4
433,482,zero____,_____492,XABKvsmSWW8kzvLsaYgTXM7lxraFqxQsw1TyJ5Lxo7IkBkjv7
482,571,zero____,_____492,Yjqci64DPPNhsEUVYEgqUWuGB0suldeQztQzova0MMiC66m5M
571,753,zero____,_____492,jNfF7MsTWo7T4iczxCYIbyIm1UXvEMI9AS2Zop1SWYQhkHAtBfOGDRMxipu
753,757,zero____,_____492,pT9jJqH0yR4BcPkflDKXFYODLNnt3BQAtn8N4KKKBhQqt44vtrsOjOui9up4
757,765,zero____,_____492,rH1HYNbSHmmK2rQYVYYUPgsrdzG9bYU7JAKlMSlc0NnW1MF36Uzw
765,768,zero____,_____492,x8abgeVZfG5sVE7kIbWewExWLUF31j9ee
768,794,zero____,_____492,hlwl0M3Wtc8ZIsc6EWXqubFI7TgluRiB73fhro2F4TU
794,816,zero____,_____492,G3lwiHmARqKqUgZVSbnybemGsFr6ScWUe6ZQG
816,897,zero____,_____492,EyilvRMT0tLRLKtG8ZZTrIFrGdYlXbsvdKVhM8nlheHXXCeFhNoeZmmcF5Sr092
897,933,zero____,_____492,2Ks273qenSqJKsG7yrEImTunhFXtnoCtDzaV5CKy
0,7,four____,_____493,ZDjvqOsytcZw1hg7OPkyZf2QWDoGtqOE7geOqSbFlrQ
7,26,four____,_____493,eRpw1StCFHA3exCWCfITkM6OBciCTKoEvG8sHKT6Tm
26,203,four____,_____493,qWNERJQhOCQMiIQ0xX0zadtgzYpHbijFJFhIG5nn12F1wJftcMmltebwm
203,304,four____,_____493,XJMDqRoqvwUHRCmgjTCaNGPHOolLoeeI0
304,370,four____,_____493,S9j8v6bKWStAw0MqGqaV9563EMMeVK3CxlOyVsT61rImRFAKZ
370,433,four____,_____493,imFI1R4XerG43IiekAlkXTDS0SweOegAWawloWBrh88cPHR9
433,579,four____,_____493,eG2ImqC2DQRUlpObDaWITkrlSNO026iq591EKTLxicE
579,675,four____,_____493,TkeflM7bVe72fIZu7SQ3VCK7Fi6o0lslrEYO
675,685,four____,_____493,3TyHvAiiGyr26ki72qHAwaoIlvaMQeQTTC6isYb0PS97f18DiyBOab827k3n1xL4
685,696,four____,_____493,l9hq886juNwlek5Uq9vdslqKs6yLfRVtx8H8UgpZzP
696,713,four____,_____493,3bQ0r5dKdPwjc6GgyffbzCAPD4MDM5rLzXHV2kO9ZunJMVu0v
0,209,three___,_____494,WwO1jXCZK6SfUDksVmqUJ17Zk8YCSWpgr2jPZFAgAyjT
209,220,three___,_____494,gEtAoSdsZcRJKKE1LS0n8zdUgYBobfcXfeMgQcuOaXuLEDPDBAJ3y18S
220,270,three___,_____494,zy4AiwJTKVhzgiy0glabTOY0Zr9tsgAaf
270,278,three___,_____494,eUizNZVOo0pyWbzQMOpu40WXTiHgVO8UUEIrPMkt2kDyUwEofSxGPOr0WDCNJ
278,301,three___,_____494,faOq6Z8i5hAnBwAkfXneirLq6s38xAc1MNGyknNXLv
301,369,three___,_____494,7FKj0zwigW8t3puj4Xlpu55IbDEVwWrFgPMuDzPqSjBFhg8
369,418,three___,_____494,QNPLn2XOHrEYQDCwQslrUx7f9ytgnVCNYQDdKMd10P9
418,452,three___,_____494,L4Y5lOcKPyAYXJ7qQBzYRyD86YFZQ7UzdVqup75A
452,454,three___,_____494,HaqGA6FHTzJnU0GvQeKh782Xofev2HvQHVW7RtIdI
454,573,three___,_____494,YtcTH5QDLNz83RCIokHBltbvGjlFdzsweNVF961SnI
573,621,three___,_____494,iKggH7j6v1T2XzJrIO8jJv95rezOUGbuMb3q6yrfpX8X3Zt8LplDZmgQ9mMet
621,654,three___,_____494,EGJN6MzRsAIDKPNgMQGRwaUfwtt7IS3BENOgtoZX
654,668,three___,_____494,oRdezoXI9Q70vk8wL2UUc6a4NOkKVgidIAeopCojaD1LbSWfKhP6J57oVgQmR
668,715,three___,_____494,8kPuYtLmIIH7BA5URgvXxoPcBUD0rmU8vFXYMwlmJWgiftbqogS8jV7onWWsY
715,749,three___,_____494,gijlVlLBwBzBpV4cOerBTDRzx9AtfW8Aeeq
749,788,three___,_____494,K72ELNJs2gQFYAhq0C9slWui4y1i2v7v0IE36lYq5HbZGgXpt78o
788,794,three___,_____494,oIDSgrmkKnsyzaf7phyJ5wNwqk3mNoeoc3RxeIvwavR1NOHLzwbg
794,814,three___,_____494,80yg8apD4LBczEQDorUHBCE5pVGEbhzuldPq3RSebZjz9gBDgYxU62F80w0vYk
814,895,three___,_____494,SpC9zShCsaRUxX1FLyvnUI0GKKOFWB753skgKnJdzm7cU942Uibiuf
895,920,three___,_____494,8PGzuEaBy4gT0wmrivylSOrnTbwcElLQ0tNhcTDCmOvkwg0ms5EUSMrgi
0,40,zero____,_____495,4ShmHbYqLoegjrTcoeeZktPt57sl0Zul999N6cpsmBap6m8kAv9iaiwJaPOtn
40,144,zero____,_____495,pebUyKHWNcQH9WeNNauqm84PjnDG3ccoUuIuGOjn9b
144,172,zero____,_____495,HfPLXZ6bgfp8cpF9svM3MGjEhyFLlHnE6a
172,190,zero____,_____495,yLAJYaHLhAMp97iiQATE9cJKmiQzD3CrpuYAo3eFGMd
190,202,zero____,_____495,7wT9j5sFscOwPxHk0PJwJcwPSY0Ho1Lisao2gWF
202,372,zero____,_____495,JZPoUKCRBL40e9j8vT2lq09JJ3XojjZBFDshHkzOaGEfKLm
372,388,zero____,_____495,bHDZTZ1Zw1zANCCNx2QwEWdYg9hp0roN7Lb7CR9IT5L5tNkPa944UobjQeQ
388,401,zero____,_____495,pBLrtjPQcfidiCx9jiJO7UBkp9Nx2N77LvSCpfrtOcrZZe3JJ
401,510,zero____,_____495,90pD9u4JhX3MRNtGYM5JZhnjiOvXi3Tf7UQrDD18Bj1u1g8cdvEqMZPtSYDyXND
510,529,zero____,_____495,XwsvwKI2uRg4LImGiXug9JKV9BUrpqZmZQkKqqXX6s224P0xn
529,537,zero____,_____495,Ui4rw2dqdKiTfO9TfB7FcmMaGdMvDBGdWdGn
537,572,zero____,_____495,cWeO8fudn8U5cu0HaWGYYBrb8zPz4lQrddHsImH568yKogkAdAM
572,666,zero____,_____495,EwLifi1NkPbYlkAr4Puq5ufQBoRpse4OX5rdO
666,696,zero____,_____495,6xJgACaXYHjafVBMPfHiYGkXBvVaVDfXL0GV7iptuZbavmFfq5yv
696,709,zero____,_____495,drJZiErxYRJ5lRsrJz8thYd5CVaTREkflReVlRcEI6Q
0,162,four____,_____496,oFUkPzCntV0mGuZ8YkwbhV0Ss2cJyXYcWB8mM5xFlvDQcmJ0cB24oZnF
162,176,four____,_____496,T9svv9ETyABIUIY8fyuxjhoICC0zBDowb3skAxL7IIeGg3nOvciuGGM
176,214,four____,_____496,vy56ewcHS1j9PwKvn061YdaGZGUUUNCBSd0hkhKm
214,300,four____,_____496,xGl0GxH4nWfDKMr1jzNXtRsxquRqFuW9mIMKMMeR26JmprhGt
300,678,four____,_____496,9aJAe6deYDRBFNt6O9iCcIqiYFUVrYJhGBVP40VwUAU
678,714,four____,_____496,ORRCN8zILJxILAd3QKbVo6USMTmabGMxGqt0
714,834,four____,_____496,ahM9y3xUuVWLTA7BaRkCblt9IGVllXYlFQZfaPwo
834,925,four____,_____496,CNZG7kFURQnIv5HTnThKhXBoF49ghfI7w7lEhMkmkoHSfZWyosfu
0,198,four____,_____497,wkg0NuZeczotPqZpZP9SSnGjnsIpi5361RJog0sBBrtTrgzkmwOWyBDb
198,334,four____,_____497,PqAc4nYPxfBSJSBx5N9B0uLti4s2wVyOy9B0SKfR2XJpFvibM
334,415,four____,_____497,ZICrbIu9kWYzz65RzmTD3sXyUB4xgXBgXX5H
415,438,four____,_____497,Z6hNsLlEG4HFCvlnWV9oelLmggEd3cENgQeM9KVcGoM2LiCYlfNjm9QqHoJ
438,915,four____,_____497,7NaKy2YxuZZF6LnWun8UoMV1vaSorOrOuUrYr8CyZEHcHAF
915,968,four____,_____497,cQ1ae1samo0PmR1zvWKN4HEDHJExJdjh5vYYRY9ySE1N4L3bMWzAqFVJkKz4
0,63,four____,_____498,ytdjeKv8O8Yu3MbupG3ljUc6M0LGQV8ZcWf07mAZdtPINwiLl7
63,195,four____,_____498,y7fdi0eGDNNQ1yVivwd208EmZYZ2MNz0eEzDqYJCdyymj3SB0PDXkCfmeXl4t
195,260,four____,_____498,2GwJxPpwttenPHgOmqCyJhqVpvHiGsNX26VNtwarmYNm9pz1sMEk9
260,295,four____,_____498,sRV07jKNfsgwKE0v9Ua7EDj3Lux3vCAMPn
295,346,four____,_____498,Ar7qbgLhpqch9PVN3MN23C0oaK9KxUUzaklnzEwEO5WpqzHpgM81A
346,456,four____,_____498,gX6SSTdUp4WvRbv2Gbps5sbOnSyIUnB4HjQ8jNOFmQU
456,559,four____,_____498,dWlldiRsizXtdXdED0Z94MPFUbAPX8fuF3Q4Cq7dA
559,640,four____,_____498,CI1ToXkJRxAwBhkdu1EofNF9y4w96bLICYFpJbxuauuL6Gf0QGD9SwgmFUeK0M
640,685,four____,_____498,FLV40BiRZ5GoP4YOsy6YVjgu4bd4tueFHstBIUZyI8avtj
685,739,four____,_____498,043EW13eo1tsaBXtGj1zUEDOWWitTlU1NXAccVd6
739,754,four____,_____498,rq6WIDMXNyAJ1IPcTIkOkvpUpgz07gETqSsr0DdJA53Idha4OegRzDXnODMEe
754,948,four____,_____498,OXmI2hx1c2p5gCAOyjboPJsQIk3Wve7ntwGrFlO4nPDGZuN4
948,994,four____,_____498,bXpxIe7owU250rSA3VyzZp7EbcwifVnc
0,33,two_____,_____499,6bb90kH86gkbBctdKLp1oZZ86IDr4PfYxqIHr
33,66,two_____,_____499,pGsxjMBUsoLFWtpPkwTQTaPh1lItD2qEUHCCnLbAaUlHlZXhIUggOwdXzq
66,90,two_____,_____499,gHb88rqBkIFSd8AUrzCPv5LB6LzsGYLqo9R1DofxrkS5be4mh6cyD6gJ
90,234,two_____,_____499,cOzsdLwTycCwW0NZtHNzaS4yU2o4QVzvXQTG25
234,418,two_____,_____499,jbdjUzWelSQ1EvyNlvEcosJDGdqpUH3IvNcwnJbHqxiAJ42vQcPENAE5JriA
418,480,two_____,_____499,sUqnQsWCrKPOYJt8MrCPR0gPRjm3rHnGffSf31F1oaPAMVLMOIfUgdY
480,560,two_____,_____499,4vVGDZUGqs6mLoYHLf1RU1YbXoLbKyHRU
560,684,two_____,_____499,3n6LQgVQagMiwpgh9p28GeIdzPzgiHFCrJKXRFf7kx
684,697,two_____,_____499,7NGeGUTBYLdTcfOBdxrEc5ILYBMiXervEgTZ6kgNF3dS6hiW1gRqWca1gorT
697,836,two_____,_____499,2lDTt4UraOgraf4Fv0kEbdM5c7WHt1YK9hHKveTC9Li3BlHwYuRS9DP4BAvv
836,988,two_____,_____499,wczRlF3V1S2YOK2OkJmoXTOtxK06pENdLPCKNOpQzBl5QE1W6QaRC57x
988,988,two_____,_____499,pqR8qoffkmOof2TqdDp5zBsoorh9IhxkXo6p
0,72,one_____,_____500,vhml6nLUgAH5ntyrKUrlQGM9IjjqcySFM91DsLNk
72,122,one_____,_____500,OAFkG1CbwbwkCeG4v8EB41oJto6gAQcsYhAmZfkY2FeXx
122,142,one_____,_____500,uhl8buZSRYl9zXQ5Nt0j4oSdxVUougEEH7HruylxaK
142,189,one_____,_____500,wDlykgpOXIlsvTWW8N2zZj9h0ORQnGbirJ7hsXYIRkF82jsTbF
189,300,one_____,_____500,sKibs63bABCsCDSEmaAFyXBmiQiJ9FMBR6dST67LuKyRafqXGv
300,313,one_____,_____500,M2yMb0HmiwH3RgXXafLxTArjuQ58VhOOiUSSxvNRzhgvzIwDalt
313,386,one_____,_____500,hPM8Qtv22oi57NTlpXDgWeGbT9X6rpQur6poDUp4eS3V3Q847Pjb3F6El
386,389,one_____,_____500,7ypfrqiIuUKAmYdin2RoAIVK76SYsbuhOLQMquNXbtXBd5hWQD
389,424,one_____,_____500,RLw0bVuxPVm7JWbJA1RjiLJ2PX1620vk1sjfoASrdxPz6P47Yog9lRagIva
424,776,one_____,_____500,QDn4Y3mRYjBpoHWYkYVchM2Kyjs4Mkqou9RVqkj
776,871,one_____,_____500,zHtdLSV0g63SnE9V1uGkbc1bNhVx2C7GgpUAusA7jAkX5j
871,899,one_____,_____500,sDqmHsnYpyc770Sk5THWgdkaq9SAJigcxuJSSnHBJ4AyRmpfQll
899,932,one_____,_____500,2rI3cqOnhW70Gho8gGKReNrGwcH3DqaKwXxiuIruSeFI0yBCQpcdKUNrvMjzMxZ
932,980,one_____,_____500,17d0K3G5zAhlEnbjlliT0zdhNoYBesgClcQpM3fXQpVWin8n
0,35,one_____,_____501,MJL3FWqfkqzMczufe8jzJPf4hLjoufrkqk
35,70,one_____,_____501,IJdaKCmnl2S2nHGUxZKgW7JcsE3HsSNmm63758NUQ81RG3yaUkA
70,116,one_____,_____501,STzE8E0z9tJePgh24rrxBllKO8t1pfRjgBEu2
116,143,one_____,_____501,nU32qP1Oq3VnYHCff3S3Faerk7fbSZYK6kYhSOL4FmZo64zuO3uKjufcBdNR
143,176,one_____,_____501,oFsr6OxWe4oIUPT54B5xFFn5OtL9ZrkjnELHS236J2PQEUi2WpLcjV
176,236,one_____,_____501,daxcV70wWo0Zwsw8RPGHLa13pj6TYUXP2ugmlp
236,236,one_____,_____501,tH82vyBUAes89nvFiLDZUmmhTLKStchE3Yq7u3h45lRUlBnXKcDLCE4
236,390,one_____,_____501,Gx66mEpRDDIVNx06WKkOpFkeLXDJwM2vM8BGdO7Uj0rN9qP
390,461,one_____,_____501,kcmDPirHoRdzkgPphqRQJxDfKWifrw59
461,473,one_____,_____501,tWvxQTmCs8yd6srgNQT1j7d8OAgQeb6EUWzjz98PB2X
473,528,one_____,_____501,6KlvvNJjMbUWcoFsEYv97E36HzspLKtMWpUrQXR4QXr
528,669,one_____,_____501,ZpWA6S95PzhhUs3nNrgulluL5QTEN0GLqK6zGYJxr9A
669,696,one_____,_____501,oh6vLm7lLWP9JxfkIekFuKcbcmKzMmw2nl
696,792,one_____,_____501,HdDf2DI6FpvElmF6DOdkOIDYZNYJyvhrAvUJfQvUNK3k3UoG8eM
792,829,one_____,_____501,ynLOq9y1gPksVtGLGejxOv9oCJHNzQnEBVjcTFqabtRCplAOD
829,858,one_____,_____501,1tzGclwS8GSGdIJRR0ti7pNqsNMsRP626DAmrZaE4QibvkfXlPoNGSyLFjoXRXaf
858,872,one_____,_____501,YjZNFbQSY2LQAlfpuQutX96sfmbfZLeDaFA6pgDik
872,920,one_____,_____501,MNbCIi9vw4cQ04BLys8W5e7VFMCw8yTTHrU6HjxZSowsFTu8
0,24,two_____,_____502,z3rZhzwEf78B6XYQbTBQBo659sKi0kRcPEnEy
24,54,two_____,_____502,K1Ra86q4l2kLBrsCy4TPEhAvTFwNNJNTrzQZzJ77UwvVkH
54,151,two_____,_____502,ZbXRu40XJkDqoMCgLzWOgxIwdutMNEQBybQy73xcoV
151,194,two_____,_____502,tnfKuDeFmlPDO5n97wx72rUTwXcIuYjk1KfVvdWHfGJ9W6tX
194,197,two_____,_____502,l710j5Qtm6AwUV4EBJcbtilNVPDoICkpGmiqOIsOpX23JQFqZ2jN6QQu9
197,198,two_____,_____502,FsCsOHsEUCwrSei4SbFqwg98d3MkUiNaAZ3
198,338,two_____,_____502,EaPKArC8cbLnLOlApwVCH3nOb2C4rSSjYsq5VtDP1F
338,954,two_____,_____502,mnezGgCgRdi3ouEk6jZ9yYu0rAOYigrUi9atubbIL7lyuoLl9Qyt2Ges4
954,979,two_____,_____502,MHqB7sIstLybI1JifUOAI8ztVyrIcslmgTDdPwhKrZVTDZrbdp7w2hUdFibKgrXC
0,102,one_____,_____503,bLDY7kDni8g11i1Q0XsuO8z3BnpuJVzBERlnjNFiyFH0xWG7SxHITT
102,115,one_____,_____503,sf8DulxKTSvApmv4zjrQyuuXsyYQmJQkfSr9DhWgPn622zXGOCld
115,117,one_____,_____503,1pKwsEotONDzlY0el64rNiI07akzLmRH5IZe4XjpeYiTnffIiE5DfyVebKd59iBS
117,410,one_____,_____503,jQc28uEsAY5nVXocG4xIDlVlMJlU0mzPsCXDg4QfpHqgrKizoDmOHdXR
0,13,zero____,_____504,EkWQ3f8ePujGNJfP5ndqk0GJTAz4VInMHmv2I2K9yWDDY
13,29,zero____,_____504,kzJ0M2bmEy5ixDeHJ0gaaLIPwtNtEl6ep2CQ21HroGxYLEUa7DJQyaUROealL
29,146,zero____,_____504,AXc8zquATNm16xc9pgr6dCvfL9y7FHve8RV7
146,244,zero____,_____504,iVC75cAog1UTE9BlOEXBQsVCKg2wOSUpV
244,312,zero____,_____504,Q7l0aL5C8MWkCbIzVTk4D9bJD5AyxLwy21uCuiLqlXfEgpi7P7pewotq
312,315,zero____,_____504,XuJYerOjvUD1UVasS0MzGLG8UuawgO7pPIQqfFRILv
315,319,zero____,_____504,iORy9q36acOhYU1AiBcIsYg2Yu51g4u82ETW3mVAIOF3zEODZfAltHYrTcoslOo
319,357,zero____,_____504,u8a4VKk40lOM4ctvE9CIVAVVROblOcropdj
357,547,zero____,_____504,BBkMYgnRAW9I9TJS39yC7eJmZfwEvB3gsPGgU3k
547,572,zero____,_____504,GM8TweXtjVVduOZsQtiA0GmaJip9zZTGk6Sf0BlUcZwiAVLR59ck09CiQy
572,651,zero____,_____504,nkyKjECrb9LRVyj8BwpjNYZFb0XdIr92a
651,796,zero____,_____504,UT7youi5RNsH0ORjcUB4fdVFtpBxhLNVDfqK
796,840,zero____,_____504,Ox0lg6J3WxxboDWVZS5SXaH5SvxzVDN8M
0,94,one_____,_____505,52Ndout3CAFY4hW3zqZO69wYSfjiL2iYq9Kt8fgBooM7tpw4SP
94,129,one_____,_____505,JUe00rMgsJhnT2Rc8NsioA9EUbzV074DiMc6N
129,225,one_____,_____505,FrwYZz997K89FVv2IzCxwg8gGLBsF7VuYuIJ6CWDduqNtRz
225,370,one_____,_____505,abSGrnTAsa9v89r8Mv9XgYjFr68VhMXbok19Su3
370,438,one_____,_____505,oPv3jK3c48I0FtEn6m3KY574GBjYAIQKFY2DFjwGSgGzY76BWJsd
438,448,one_____,_____505,b4NmclWCvnavyoYwPIcBYMOR7AFHGOTzV9KtIDD9FkaA24KsQdDMma3kf
448,624,one_____,_____505,nqv4d25paddZEVdG6WEyIHPNYyagQlz1Bv74mQ
624,633,one_____,_____505,GBZvDR9hBGUuuIDL6CgdwtsRy2aXrlEMpNDptDeJmwAeUNW9Z7KA
633,927,one_____,_____505,iLZqoOlQwp1SklPlmQH3iBYNaeNAR8KwlnEDQVLxsSyoiN2x9Ro5LOf
0,20,three___,_____506,wSQ8MxB0Vc2nAN1Y833Ea0Zffq0ph7csntLyApb5aKy5ONuqkKd
20,38,three___,_____506,ECE5PIbiVref1S3ZCKzCRJexD2KrFJOyXolUjTV3Do5IHOQUxouMaJ
38,73,three___,_____506,NEZDSYi7e4mrUc9cYIo04DMvMtfqlWQZo90bxR5gLXp8YLy6jJft1d6oi2aVqjIp
73,351,three___,_____506,1fxfg7LdxXAehZ5GhSl3VSibUBp76RMFN5m4xY51sY7P84WS
351,509,three___,_____506,HCawpccMsFrBUXRGXxcwzUmmAZKlpG9O3QKHKqL5kaqKg4ZOidNvh32OP
509,572,three___,_____506,DrJayDp1Zk71tyYQu9TwYkUu0IHypahSjq9Vfdc77600VyDcm8XBaBsKd0HR
572,607,three___,_____506,UO9hK77vCsuRcvADC4rwC2DCSPRCvpWCn9WM
607,643,three___,_____506,aq6W54sRoKFQAvZC9COi2wdGd12rj3ySv6tyP5c3zyGMOTZrMVfvbRq0cMccZKf
643,817,three___,_____506,tqXLEkHF4337FH8HIZJbgGod6x00c1KQ1TGxF0mvx7IUdViIA
817,919,three___,_____506,keChw9mkvhrNSFjB7o58AG6RUhTVxiCzEMgmVvizkNGceXppLBuP1sY
0,226,zero____,_____507,Q0e2qyeqERloC5HvpSkEjeiLsAGV1QaMun4SDMhtDbnljd1p5
226,460,zero____,_____507,Q0ObQL2JLYdXo4htH4v1NP5NvPq6ktbDPmMXu
460,547,zero____,_____507,UWMLlnmutMeK6sFzcoGzxUFeiLcSS4XIPUjARhfEGxTVMYUxDjzpBLdFO
547,623,zero____,_____507,vEegIfm8WQEnM3BDxlF4eKKRWQOFiWP7Zf9uzrufKGRJCh
623,629,zero____,_____507,SWK3UetyOU9qekv8Vp2Rj6MyWCkVaINYrQ902enGC
629,680,zero____,_____507,dQyz6GORBxHslzzJOV8yAV1HMHYH3NJtbl7VYto3MnINo3EF
680,717,zero____,_____507,BM5TUfvNS45lndL7ZLW7c9G3soyRNxLYZqovXhL7
717,746,zero____,_____507,yldxb1npIU5jdHfLajpIReTVT78S3zC9RRW2UHNTPO2h2q5zkLXV
746,828,zero____,_____507,Xl0EI0W5K7VjYcQdoW3TYeeJaNK1JAYRlG6ZddcygYMO59x7vXly60nVPyZPad6
0,26,three___,_____508,jSWW1SJKzc5NzNl70192Hz0J4SlOD4AHViJCyudyS0Hei4xf8A9XoH
26,95,three___,_____508,tizIdvMkzLQ2ZYoH3E7hHELfewmsNnKadIo5HhVL
95,351,three___,_____508,lY6Bf8947BRMryBUC3dyNJhlWCtGQcQ6bMort2TCQEROGwI3w4W1JMBW
351,438,three___,_____508,FTjojlKSbEAYaNkTzmAZhJQVPVJx1gyWIkTNlnmQH7w1Dmo2JHOATbs
438,451,three___,_____508,5SUXPldVsT7sneltq612V7P9oZwoHQNZ7Rt22DLBWmu
451,581,three___,_____508,LIvVouD4Ix8iW5obt32CfI8ItDQZk4VHJeDPk8BroRNkwsp
581,697,three___,_____508,iCKTOWCXUedtr7SZF2Ctgp7Sk5vHrXwEWyuxOW2e689Kbx4qZBF
697,709,three___,_____508,xexFqDlM3jiRxjtZtGmaP2rfw9j6RTzeh0SFITTQ1HC6iA0sGa
709,785,three___,_____508,M2506J7Puvbq7xiFB2BrdAXc6wqqtcUlwidC2iSiOPK
785,864,three___,_____508,eR13oR04FEeOVaIyuoGwA1Y03vAadkVNmBzMrV3yxnU31jwRBJIxf74sypt51pM
864,871,three___,_____508,rgsmheggAcpbbbQYf61XnmMOnMOZQ4AEQMT3C2NlysmgUBoRj
871,899,three___,_____508,AraZlATja8lvej4L8q8zdVcuq6tOVvg98SPhktNLnRwdz7wm5Zucv7qU92TfmgPT
0,6,one_____,_____509,gKo3koqdrkWq39kVZm1LnMEV2Mg1e2v6
6,103,one_____,_____509,MusTFG318ptOXvTDpr3QaTzPNhS3nXNZ3C8ZYnA7WPV
103,148,one_____,_____509,BzBNUSVRKYa0WCEhAXaWrUp0bsMkVx2RbYZrp2LNYc0fSayw9P1RATV
148,339,one_____,_____509,byKKfbCxdUyYXsAtEBxFTZIEm52Vtxap8lN4GqxI2GqqVNVC
339,377,one_____,_____509,PppG4vKWmbMcSkNnulL9G8GbP9POAOGqwNJ1cuZfpLI3fegEqE5uw9T
377,648,one_____,_____509,cTF8GwH4EsuJkpxpelOEPxR1W0qC2iOHovml0jRKlDUIgoZ9cxlsSbg3aRS
648,769,one_____,_____509,ZFFLdBYczYansFNdv56mpAJBqOgvlnfmK2VKqfOV
769,804,one_____,_____509,5L8j8FmpgVKfNh6CvKqjANaRQdecYNrbXV
0,120,two_____,_____510,59DGgSsF6GfndpYaJrjcIRJpXFix4hBIKDb839yvND8tYa6iaGN
120,218,two_____,_____510,1GvBCRmMcEfsh9GBAtVOXWyosmBT19S9kCQTNso59pUTGdkUci
218,243,two_____,_____510,rj361FbWvQhCNzZ2GtGtuI1sZOODXsWmTUENZls75vwxD7B
243,258,two_____,_____510,xBSR0LLsB91WAZFqmu2K8f9zKKC1T1RKFKwgzp3boHq18KOGau20B8i25P
258,263,two_____,_____510,lNpfalxGJiFxyh6mmhT5sBtEszXlKJV5ytTeWRlcQaL5VNIRkD9uh660cGSPzYGt
263,322,two_____,_____510,YvfQNPZf6opf1bua0GqoAKVDe599H19qL7Y4XzCOvj3ijY9T2OQhhs97Kp6m
322,379,two_____,_____510,pkm9FjDw8UiW9lWlRCbENVkFmob2M1GqozrAL3mC8xiV8WM
379,926,two_____,_____510,GB2aw1faPeXzxqaUG54n53UY7B5zLSgT
0,100,zero____,_____511,xhK1duloSoY8gjoVuHJ8j0DQzEtlpnAuGuxjRyPXfMhSH6FOtCwwM
100,107,zero____,_____511,Pbbps6Z6W5xuaZXAUR2yQsDleoy7J7bs1P8myprP29GhVegNkkVC2lq
107,109,zero____,_____511,QMQIWEBPTgFtvmPIVPhe1bc9haeYG53AdsJ8P74zIX5QgUFVNhx47fuSY
109,110,zero____,_____511,4Nv6XY6GoAGtjwy48lAm4I8YpR9xHhVYlWapOD7yD0ryVqXJe1ux
110,198,zero____,_____511,qjtHhS9TNY4sczXXo3Wx6BAeFPNoq2yTRN1rOfm7ZSq6V9n
198,303,zero____,_____511,xggtmYvD1CxFDsHdp8RpRC1W66007cBsHExF9MOJqzj9Ybn8AnnoCv
303,370,zero____,_____511,6EEqKH23QickQhaUIJz9Y95EPlIMrzzH8vOtn1dDWzO3InVz2lR
370,392,zero____,_____511,7Lb4MnKbQmckRwIEwA9uDEoNgJv6o1R5e6
392,686,zero____,_____511,zPqe2mF2YppNxwX12FLIH2qh9QOda1QpYinmB8i
686,802,zero____,_____511,9O0QXKYfAuPr9PFRmmuFnIVWuSrEm6HoKMel67xbcF8gm0w6n2
802,942,zero____,_____511,KaFGk3OJAqVocsAhpLwe3NVOQgK6Zhh9KPzTPvje41rKFEuQqpfM5
0,9,one_____,_____512,43Ud27XCH24h0KzqXdi1bNhkqi0zsdEyGfnDvhUKvRAHa
9,45,one_____,_____512,ARtCCt1Ey5zRYJEn3sONwKLe9yuTfKXC8scnzbqiGB9xE1lzeCFkUj8TxB4vQKX
45,88,one_____,_____512,2ZZp2mf3Qfi59jchorK37GKtp66dG5LluDN44b
88,180,one_____,_____512,godYS8X7BZchsep9OByRNT3CdSfnXbDOyQSoZrFxJJ6dGC
180,242,one_____,_____512,x9y9aFFHHzukoZyGQnhTKAeuGzox8Gf6WGQ
242,357,one_____,_____512,YY2meOwgKQwp8PPVz4pbqTh2bs58F27bWbOvWZZ4TdlpaeU
357,532,one_____,_____512,Q2TLG5VxXNLapDqnmm8hYiQzd97rdkbX8t8ndz7qwf55Wdh7dYRxPVhEeRQc
532,590,one_____,_____512,8n69OuS4riRcO39RhHLPGb1gAU5CfveRpZTZNmmE8yGHcy
590,664,one_____,_____512,L1caPhkvf6iXpJzYCAdPkQnbMKRMAlLYtZ
664,942,one_____,_____512,zRL9X6mRJBtb0IswAZMsKc2DCQosUiHKBdxAKHyI9NKhvmngA4UKmMaVm5Ekj7ZK
0,25,one_____,_____513,HpIDZ6phKwZRBrN9l58SjBsaWXttI73CRJkxQNCknSwTKRqiTBBjhQ5QZBT3kqk
25,309,one_____,_____513,cuwDBrDp3hOYQskhmTCEDAXrdJF446cAkqSjoxrrT8nr64YPC1
309,314,one_____,_____513,JmU0eqFPTmSuut3sg7kIWI85dTmmmqRvW
314,421,one_____,_____513,BRj27M3A8VnQYKSY2QJYqIM2noiwCCfpcNvD4t2zb95xqph9YpWUnrCkBV
421,457,one_____,_____513,CO6wXdUIo1NYRfhXMgU91dwNehG5UAjyh4y5O9RpMTDAsNWoUHqyQdlvijbO84
457,521,one_____,_____513,GC1dIV5OJ0LvNjg8odg3npF3IeUOE3tOAtdT72WUbIwJGSmr
521,654,one_____,_____513,M3eex3lyjzgt1mOYuAAEBWpOK7uVUZbfWNQL3AzZI1PP
654,727,one_____,_____513,P9ywqhtTdN9ifjFZkqsPgP54lKoAomkc
727,737,one_____,_____513,0gATlTTCoIYIfWG8m0YushdjKL6b3M8jytqLJKVCrmU6Xf5c9eMzT5BL9UPFy3Ua
737,741,one_____,_____513,fgSUhoSZ2aVKtoLoshhGkMwNVD9UxqCsNGNbmAEIMJE8m4O7M
741,976,one_____,_____513,vBpYSOB4tegCaDlI9pW8p1kNV2ACf8E2
976,981,one_____,_____513,AOB6aPk8TiTVrR8oU01omHwNh0FG0dnY0eY9Y1Lcjem5ZI4pwGqjcoP
0,49,one_____,_____514,oVRtDh4oqlWXSsQ2pDkDYsaH62oiHpTL7S
49,120,one_____,_____514,Dbf7k2s0WIMlIYhk2Mr0xtIRtiHO7o1ixCgLZbprzrxxZNVW0R2dH16pai
120,191,one_____,_____514,wI1ezHzFR1Xxo3502ASsouNbOxNrPOUF3JDX1DcMri6hHEGVS83tEErMERCH
191,203,one_____,_____514,EJLK5O8jlHVTXz4Ng51BHHMFMbQpnAi2AkdXZsjiECl7jdfIqsptbl4y2U8
203,356,one_____,_____514,2yXJdwCkoh45TePKyXQk5Z4l897vYlUkDKys
356,540,one_____,_____514,gl5Y9KpZAIg4xnNGEoGx7EDQenbemjhCseFv9SYGoQHRHla
540,543,one_____,_____514,UWId7LpAM7WaNvLn9l3qSnP5qfO1PgogxSCDFpaqUua6lqj9
543,569,one_____,_____514,P1X9CE0sOK5hCLET1EsYhBQ7PEVabHVuFqjU9YJB0CoWAAOFMOJ
569,710,one_____,_____514,C9qcP0LBlhObbfUonAcOZ1DMRvdRP56EWfo
710,745,one_____,_____514,BMNQRRWnPf1QYHOe9NuE1Yul8pfk65YXQEecGxAmzh9RLMVkw8CvCXIjuE
745,930,one_____,_____514,cfCHjGyaz0jlFvzsErQiGRGBaPGHTGDAqfWzQ0
0,52,three___,_____515,ErFXzKl2hgIYqs6KlGDWQ8dxA7dPwrvjnC1ev4CjS2YCu3io9gy4X1Ay4eC
52,76,three___,_____515,RxQZV4qqWEJ0dwrv16esJputFyKhrNulxugBGFajkGgwYksdBfRkLUHM0gjOvOn
76,147,three___,_____515,APHY7Fjzehs3Ur6mhasJ2FZWgBs7r6kwiqRbWqYGWcuFZdDSFk12QdLnPt
147,279,three___,_____515,sSrQwbH5Y6znn62BYWHnETICpvC79ngNW
279,372,three___,_____515,QoHnWCnws5ge2AaBPJIU2PQ3rw81TxZhsG2KX
372,408,three___,_____515,EwoG6m3zAaXlqp6XqPMcOCX4KuzjlChmeEVDOnUN7kJyAaouKk
408,492,three___,_____515,r3MveLUlVtDgB1d26zpHyxRVQLy5dgsjwW61dnZo9rakcMJce2aUi9IrkaR
492,514,three___,_____515,nu55maofxwFQVIWc4Nr3dTl6uRQPjoKeiPWiVE
514,580,three___,_____515,bEIy8Ok5XAWTQX6Ei5OPlH3FA7xUO1YpsdNAccD1SHT9JON1BZaxqM9SqR5
580,877,three___,_____515,3i1xycf2MFxXa1apqhuVGYxf0YnohtqQZCWQWyuyuGGkpEQQgMfVBfX8ZoQ
877,903,three___,_____515,QZBtL420UhAstzEt5reg4zJ9EcSmZhi36
903,910,three___,_____515,ahKstfQFQx2H8lLF4rLzMwcp2xusGM1zfJgthZtqYzLf9QdI0W4wk9hxASj
0,149,one_____,_____516,jnmOU427Vek3gxgKv3FZ1QmWSt8XeQ1VzsL32FjASn77fXhUUwcElv2HLSosuDa
149,171,one_____,_____516,HyH8dIzdIo2HR58e68oPG0E8xM85gr3wnYEyqXSznGDPiBt3aCw8eMXDw
171,211,one_____,_____516,oQFH1WvUwgQBFnqpIKd2tnhU4UzHDcVXLgaTGnxV7mM2Gx6
211,270,one_____,_____516,r5CnWMHYd2DmfxJqoGBDBTzASTeK7v8hMnSPeuQ34AMbXZL
270,594,one_____,_____516,GKKeJXazUjrDnneN4x44bsRKRGKmPa7TFU0uzGp7vdSU
594,713,one_____,_____516,U5x3EriVkQOPUlb4XQmAcyxnKxoit1eSXRLIy6
713,848,one_____,_____516,xxiYrqCLXm1dt2yi1p0LratTZ7HJpjjiKNRrcx
848,952,one_____,_____516,S0zuMBo3dbSXr7qBYOWHJrSpm9SjhtXmRCbgAMjW
0,210,zero____,_____517,cgqkG5qg3Ub82s7y4Vns5wpmyHFtjUfEeULdV
210,287,zero____,_____517,qNiqX6Lji79UE757zS4mSoHHMQOf16tGUQL1Fz7L7RuPT
287,384,zero____,_____517,amRKJoQdTlcFlg0z5qTYJVNJH3MUrHdsTdLPpAeY5gXBew40r8BKQ1LkfxZTET
384,450,zero____,_____517,ZDV3R0JXzN6r5ssxrystGrt1HR11Mod7Mjme7YF8EHD0Sq0s
450,632,zero____,_____517,CFisOdik1QI9McpGFim2Gq7Y9MYrw5bwRsxvjcNK9wUUBc
632,649,zero____,_____517,gzepnXWvK0ph3jutqPcQq9pdIRzIhYiKjiKZQVPVaS47H3hn48MvoWCEZJBY
649,676,zero____,_____517,v14uQKOoeG5dGox0QSmvDe1zFwLuM0gApubnGjwjlBkWT8Cv
676,703,zero____,_____517,5zzawd1uQzOjj3KoFMCMLImWH5hZNCRLiEgp3eW0NZwIKnAHILMLCoL
703,818,zero____,_____517,81ai8MgpjMfzHAbBJn6UnNCMFZb8bJFfIZFZYpBDcN2G3BjLltI5iKhVrTLsxP
818,915,zero____,_____517,w7Y8vbEPMGManc5m45QAU9mlY2maBSZVu0OqQRYChClRenqxWG
915,937,zero____,_____517,A93EAayzmEVov6wWsYFsv5ffLypNGyP3m8rHOqvhe8BZnKFH8GN6ADoUk8id
0,89,two_____,_____518,1h6sMiGRvELnim6OMGqNXRCLSEkcphBvwuynonSmNw
89,229,two_____,_____518,WWaJOpKSyZeg9rcL50T32gjXpo8AVH1yDFSjo1ae37ek
229,237,two_____,_____518,wPhhjNBGOFhOBNIpayqGFfZhUy0B6ZurPtlMwLD
237,292,two_____,_____518,pKHD6MNLW2j3ueEkJxcOVSKSWrb3Fvmmwu3r3itJZhws
292,397,two_____,_____518,FmtcTsQfNyk331pMFgJLi4AUZx000rcPSavpnbvylF
397,426,two_____,_____518,JzE40H39Pq2lJBEeCG4p3SXlrs2fHGIHBHxDD329gqNIhTy4Vi
426,580,two_____,_____518,qrJnxfJDqGYsBzWQ6OgSKf8km79Yz1mCzpvbN6tfE4
580,659,two_____,_____518,ogmWfW1MXgThPIIGyZAX9n2JeP7IunZdmbuiohqmh8OIXR5NqzEZqjFXC
659,697,two_____,_____518,aruHDrSzmGKb8NjLh5EyLB3iADfr6alC3sAKS974G
697,803,two_____,_____518,XYb1F9ytMW4NjjsC9StrVQ6VWHmb9oB9ks5BDw7QAPPc2t4ZPWKvUav
803,821,two_____,_____518,IK2Guzb2D5r1F03fecn1Lgh00LNer2nnFocQor8Xo3xjtU8
821,901,two_____,_____518,9D8RiaCKyav4OexyBHgwjUgQUe2GoRhI8B3acB6GPCvHWv6MInsaSuF81
901,970,two_____,_____518,Ij4Cr7ewcD8IsCHvFWOw9srIjra7ZCkRe4kWD6OPoodFKPMeo9lDF1yU
970,971,two_____,_____518,oQIgmRtlV0SBLvzQZwgPl8BLYhMiCJpobXswMKUVjW
971,983,two_____,_____518,HDIp91pAoSfi30Vb4qRIaTnvCEXXYSBnwIj52eL9HPbLcBG11sCGNqE
0,85,four____,_____519,pqlqDn3i482BRkTlmm0wTW9itj0dsZRD
85,88,four____,_____519,K2VzJrqI4LYG15yYyVr6ZbANJDTswf91S6iYETtRJt1fb26MfDo4l4QLOVFFvl
88,178,four____,_____519,Nc7cmx7zEMXasLovBLB4VNgs75PTDVjvTlB1Cgk9dyI7EJ6f5DBl
178,288,four____,_____519,TgQtkz0cttP3iZ9ouDUhkh6Ap91kyKnaimNgCjzyoHJU8pq
288,293,four____,_____519,aAz2r4PLcs2pQNw5StK2CyFezrRvEzb43zKQFZVd4qJ
293,692,four____,_____519,V4KYztpkVMd7X6bWWd48S5T3B14DQWEWWRW1EH6IODSEjIMRRfIBmnMrr7gQam
692,697,four____,_____519,kPtBxKd8FbEHPhRThy45vThVENf8f8zU
697,707,four____,_____519,MC65A85aNzcVZKfmqeKppWQpB7Yt0fbysxnFykrdPiH
707,860,four____,_____519,WlfLwYh0CNhpP0wjszLbyAfvJ7NPazQmmv2EppxkQVP6SVKwbxLA9t
860,960,four____,_____519,KMQap7jMA0JfSkFjePP9b7EehGk0xLIJOhNWoobx5oJYQGYkEj
0,199,zero____,_____520,ZmnQpmbIBaWg1FDoKTY4aj6DatAYKAgdOjxJTl
199,300,zero____,_____520,HkecjRuqH3kXn3ijHo9GE7NDLxkuhVw0OYtVz3kCMOqMl8x7YY4x
300,409,zero____,_____520,6c61Do3JXH5ifnsaDXrrO6hgu69AR1l6opCXFIUxkIgCjhvryVqczRK9E
409,683,zero____,_____520,PYYcSuugM9QUZMp9GDlFOvUUF6s9oIKx1BJVoXjMl1o7ObuuT
683,873,zero____,_____520,pAhrwdO2z5ZV02Hbt56voq8wNyJSKI9DSDZFD4Fr6GQ0bLi5Q8MqJIJ1
873,964,zero____,_____520,Cl3n8qD0QqjAezuB0rKg77Ka5fDt8CU3qq5ldG2RCoz4Nqn8KdNBD5Y
964,977,zero____,_____520,t7TD8dTVlsvKAzgn07N4IW9QEACQfm05CpDbTaRyxNPVOiWRSa6NScAVJSu
0,97,two_____,_____521,EVpjmnh29Mw1ic40tv9ZZ6Sf8zdmNPyCuI
97,123,two_____,_____521,CgRc8ejZwNLeaTbnAorkl29jAf6j2rFodsP18Swt
123,274,two_____,_____521,oP33MWjkzqS0XV0OT0CkpD4okftnWLERCljNmYUdPY3uEXtKDv9pbiN
274,344,two_____,_____521,sQMPaU2CzmUVMtRx88ezt9Wh3fzOsCNvawraA
344,406,two_____,_____521,YzlvZZcmIM1VgI1YnLmpEdCL0Dzh5h7lEzZEhybr
406,493,two_____,_____521,Yz4o5SQF4p1l6sJZG66Gg1UUGhbUcJTPzLgtgC5KbOKqqybn0Fgr
493,494,two_____,_____521,4MKl6X0a9OLd8s1F8MQHkGAgzW2uPR1krXg8unUcs7gtcGXc
494,621,two_____,_____521,UCOn1DcSqa7ImcxrlHKq4xgeviqvQbkcfB8sy5ic6np35GFy
621,763,two_____,_____521,qaVg5KhuXBThPuyBXkvVZfJ448stCGPPGKSRHZ
763,935,two_____,_____521,g2NdAyfcXNdgQvQksmLiPQ5flleLvKOiIhdQ
0,286,four____,_____522,vY5fKPf94puUmbIqCxNfsOJFipZ5LEHo6uXh69PWzFL2fyGxCq17XO7r8Le09
286,386,four____,_____522,o9kHnXx0SMhfYEHjqrmSNO447luBGWGJr9bT
386,493,four____,_____522,ti6OdauJAjviR4US5r170JO5clAZ0uolIBy9SxwREFZo4EBU4wCCr3qqsb
493,685,four____,_____522,MIAwdr4lM4PkhK4nreDPyZP4bw9uUfaG3wI2iufwMndvE8W5
685,769,four____,_____522,34PnCTEiE6MLLw3RlREolHMvrZZtJXkRUJaHoluUvuJgZRq0Sce
769,869,four____,_____522,TRfZaRb0suyF3OBSMTk1Jx6tmLqw9GwRlF43f6b5BqDP1X24351VP0iJ459H
869,883,four____,_____522,PHLYbxLi8EgEPUrOvVnM7BEhKOtTnQLRd133fzJaTERsO1
0,45,two_____,_____523,Fht0UGtZTzS2oH7BgoKh4w0drCAGZup7c4nm2ixf0sm8g5Ps
45,84,two_____,_____523,8OJxHb2JDl3hwiRbimdrvKUG9LdijI0cwnW6vK
84,115,two_____,_____523,eg6QGVH9j4UUwxVVMf5BmotD3El8X6TETZz7kTXbhsSTLGrTh5ZfxRE3QHamvy
115,226,two_____,_____523,TaaIbkweklFS6Pboz1K6WLfJ4SE0tBcOoiJFdin8gQSwz4sT7JX9D2RAD
226,293,two_____,_____523,LbdcOjBaPQ4l9sxA3vnKwaikQfqAoo0o7k0dF6zAdLZFdMwzypbNN
293,383,two_____,_____523,mqwUoGjrpZ4RQM4DV40icz1WAJePAKp1kI5PI6ExY
383,617,two_____,_____523,6btGLVpJiaQRl8aqrEp2YCnADxK6HEtQ2WkPDib
617,822,two_____,_____523,uC92zTlYkQwf2jzZkJ9uLxLBBo7nrQ17Hxptmrugig2NxscWQgY6vk45cQkT
822,885,two_____,_____523,7rE438ycQrR7VohDi4aoN8udFPCFlMMqWIrD9gOuwxOr34bvSmY
885,926,two_____,_____523,WJ8DnARC3N9WKyvQiVDs50a6pJ3IDzPJBIeLUmfYr92
926,938,two_____,_____523,XFcfKujMpgOKkkDeQtyGnBjqi2Sp3WSd60hK1Y0f0
938,941,two_____,_____523,CkxhcJxZyxv5WNuK6Nrwo3U07FdowdRgZ9ayy6AOpXLkOg
941,983,two_____,_____523,vDNYt1HekK2Pkhm64K4vOtmydYGeqML3OHWS3ilzncSOEiBYxo7NbOYCzb7
0,22,three___,_____524,GsSffdweA6np8nJpyGG0njVSFptmpOopUEXmskFDhIATcjq
22,159,three___,_____524,BfYg2XhfDkLWnPq475flVP5CMRwUd7SE
159,254,three___,_____524,I9NcjikLgIbPjBSmqzsHdhuk4I9ehupsyhwt96g9teST9U3zSCA77mgWlAv
254,516,three___,_____524,PXi9umYEaXfOFrq32s6LFCScfdUOzO48xTK6L1prsDVZqyjhkjQWEQHq
516,576,three___,_____524,NwNeh93Ro2iAuoUsbL5CSxj6YbU8IyxXHPMlxnzqeLRnrEgnQVoSrg0Pf3
576,649,three___,_____524,reb93shbaaGv07cjsaPjJTk870KavS9ceydlnws1oeKFXYJWcwXg
649,726,three___,_____524,uDnDRjN32ZsYWBzpASBmOXihISL0k98ZVmi9QsxOm
726,875,three___,_____524,QZinWZGfgDqj2bSv5YoJAhe88dQQVbueslCdt7nHvUwWCxpGyq
875,883,three___,_____524,AIeIZDePKRDQSTONlAhg17GSozPAVV2yXRwGqzOtk2rvR01nzL1gWlxnC
883,969,three___,_____524,EtkcdgGg6GYSAfv7WIlgEyHL1H2a4w5RcdT
969,992,three___,_____524,aYXRhQNA28gpAN0Mw8cV6U3CrwizkWUiys6ojagaZgB
0,176,one_____,_____525,YHjuodi3Ez4tbPs2LwWEoHvyrY6uPd2mqW7DyEVRd2r6XeU
176,436,one_____,_____525,4SXCp605cqdhL3SV17qhOjh2rbjhsWQ60bu517C9oe
436,639,one_____,_____525,gaAgcIl2ZcyntE6KoG7QeKQ9j2nVMeJ4YjNURXQGmgjxbnuGPrjkzQJMnM
639,671,one_____,_____525,3o1gYkBAbRiWA0wLuivpcucwlSO6EXj8uOyoS35ZC2i4N2SZV
671,899,one_____,_____525,2gAX3QjSXPoYkQH7RpLIw7FUp594yfgR3qC6see1Mfc9R6z4
899,949,one_____,_____525,WHjlWwiTrvcec5tufNM37D23NxNg3w6R78vpyu7dJfq3
0,47,four____,_____526,CUsn7SqBFNOdAXd1PVMWUl4m5cEth2iU7jWo
47,482,four____,_____526,WjUwrfU8h8AtblZfsRVa8mkVfTY8wVadb
482,489,four____,_____526,KhIiblgzxL1lKp7PmQHkTK5c7WHIdRoeDbHwD5MBwI
489,556,four____,_____526,nJpxRCCAxFNInb1ZbViG6hn8h7eJ0JJbG
556,631,four____,_____526,rQ8JFWuI5bH6diEnK7QVft8no9SgucWuC
631,650,four____,_____526,Fa6R1XJw5xlOWwu9aXSHsEcjn2mjtb3WnhDQUWnIsIqWGwrguPK
650,902,four____,_____526,O4zx1vThuBeKcbxZNxmxbqpRoVA7JmcgX
902,908,four____,_____526,UhFZEFFtKkITwEuOpBD0OxnZf6dK5bXdSXLsAlRVeLEcZp
0,28,zero____,_____527,4G8lqlpvFR1eMdeKBk87jAdk0IVf1lLkBXsW50TBs5gTil6Y5zuK8loLq
28,80,zero____,_____527,xWoESLZ3PjU725bR6jTNwuqtlmgd0MeBAuTBzIbPRJ
80,140,zero____,_____527,EaC5w3sW7A3pfsv4vhKjn4Yvt8R8tX0sYiyedNUCk5cMO97OoBJ
140,173,zero____,_____527,FtItK3KKHvzfHvdn6ksF0ovISQytntGEEUNtbD25nthda
173,228,zero____,_____527,bTPXtBS9pXQPiT5G54YOzxuGAoxKOCqKA35
228,652,zero____,_____527,pf45HJOVvd97c7Oxls4YezL0f6Ma0xvbLx8RAQC
652,693,zero____,_____527,MbSwLEHKcTOnNtdROsWxuSFEAN3J6KC9Enf485j
693,747,zero____,_____527,Rqk5Ffs4XOBFRYnIFMAf9Iwn2NIjVMWwArm8PCLiu0vHPK9bGl2sreK
747,778,zero____,_____527,BCXTfS3CceLBjHnnJwGPACihfuVy6haBl9sJ24FY83awBDjyXXWY0rPPSudswEg
778,833,zero____,_____527,xoA0tWiZIYvls7UxLJbhtQRpP0yBnMrcjD8OSQ
833,881,zero____,_____527,mu2zhd9j6zctXpLvt4WEKrt72lg7ldM4jjt4hMcsu8ReSd2SKFhKD4WlExFvgDlZ
881,912,zero____,_____527,pd83jwK3EXX9rBqr9rty2TtsEHYGxvLWsNkLUVsYjFj0u9mxSRY
912,964,zero____,_____527,SZOAyU0clhitzF4xC4iRBNERd72Mukgei
0,8,three___,_____528,8hPd7r8CF2HWoA8KH5cnUXuBAF1rY5IC
8,9,three___,_____528,WWY7Ha7qtX4U7qLZey7rjjgctP7uql5pN3zkMaYBrC7b7ZYXN4LDoVL3Lq304HOK
9,223,three___,_____528,1cSv7ZUPrtNs3KQAxB9vAQhLyOjhpyLyGzIonLwmJ
223,249,three___,_____528,UpYn7MNRTIpEl9lOIkqs08oGjq86iQuXB3ZxEbo
249,341,three___,_____528,R5Mh5AbIusu5SagDPanb1GzUdo9BuzFSBqeHWlDhnvyppgz
341,452,three___,_____528,ZMbBRn6wsPvxzHCfA2lZauVXZJwlVxjFYO0o
452,646,three___,_____528,fOuG76zUWIxS5YlNkx6GRKe24ZabNy86V9
646,675,three___,_____528,3bntW8AuMIJK2YfqjWn3Xr8OwWl8cv8KnCl
675,752,three___,_____528,6ml9xGAGC1OphIEWETMZ4LDw8Lezo1I5R7hWg170LG8MyUSd8zlzD962qlKZVsP
752,761,three___,_____528,OVgKGwU8H7n5SyLR4as2awdF0uTZttu8
0,15,zero____,_____529,U6KaJJ1ONZibVNFfN2StpeG8YCfrwHzqv30sP
15,116,zero____,_____529,Vu3KwWz2LFWq6sqZFNKCnHSc52f7MDigsGUBrvVwUNYyCk8nx0ZBqihWZ
116,279,zero____,_____529,0L3nEZEZMXa9uhw54nyTcax7K41cxTU4LdKWHvDX64Ld1J63Bz
279,415,zero____,_____529,RAZ9ZsFtJLQajzDnoX5tlJg9LaHurCXsK12VDS2WV0g308a4
415,418,zero____,_____529,F979reYZiKOUhT4iXWU7yF64GfQjEvWw
418,478,zero____,_____529,ozqXFG50lxFL2pchEObfUy3SOCLGd08YbreDjVPw8iWAC
478,512,zero____,_____529,iWB3veLt9k1KzJuqG2hsPkxB4lkUyWNe
512,544,zero____,_____529,LCOvjGYBT3PASDktKgDfmhGkvD7BfDw6c
544,545,zero____,_____529,v7APXgKLXICSua9pprg94MUylwnsbpa7h3nQZqEvUvZ0URmYtw9S27w83V1wK
545,925,zero____,_____529,wn2fZOvCn5vcTqp7lUlTxRuCVkIk01bbB61R5U009YA5KzFWiL7Q
0,58,two_____,_____530,FAAqQIh49jLMVER9jkQM8LqCQzd5V0iap0rcW2xd
58,105,two_____,_____530,IqsT47pImL6xmlEdT2ISJKXYdEPEa90JqLNZvT71ykdi
105,177,two_____,_____530,f7mi77rS1WCeaXjHROeoura5Fv0jYECZ
177,194,two_____,_____530,WuT9dbmbmZimqpIQ4TBKbT9ssr9RNYvP3Pq
194,227,two_____,_____530,3SxGI25L9ogllX5BxefZhwG2YaMZDbbTygPWP8RBCUK
227,230,two_____,_____530,HaaYHYSUbgsxn85I1aJdKOK0ay8GqXb0cRHxcfLzVy
230,275,two_____,_____530,6PUiySHfFNrIv5OPHccdMo2gbN2QWg42ONjXC9Yjpw
275,281,two_____,_____530,tSyEcRfucjf6toJFM6ypYrXhKA5uFwQ2N8GVbsJot9cDvlWTQtsK4cU3za
281,329,two_____,_____530,yXsTX1XSRWJJtjB8Xpud2tVB3yGtbTp1J04Ys5GXK6wdmodQgwHLlX5F1sLO9
329,414,two_____,_____530,BpdjgbBfDAYEQoZyrjU5gCgM1qrzjkPHvNZpm
414,471,two_____,_____530,K6rxgtwhrDgUoghmEtHRGXxqLCqVLOCvdGL7vxuMIow0iUX8BV
471,637,two_____,_____530,zxJtYoiCAMWD50Vdjw0P5NXr9YQ8UFxr68FYU
637,655,two_____,_____530,tUlJQyJXkmbS0ia2QVxeHGj47YnVXh2P3gY
655,810,two_____,_____530,eSXgX4Q8SAXnBhOSFf2thbwWUFzaKRrWVkPE0gKesB
810,934,two_____,_____530,VULI6cOIBzr8GUQCGKNfUBe4PVD3AUmn
0,69,four____,_____531,DWNb3wb5UjHvl5dyNHyx4CpsROspSO12mVgzUrFR7U9
69,325,four____,_____531,8DiMDwjCYMPIwSJLt4P047BEGewgXnNy9LyhuHB
325,487,four____,_____531,d0JrsCoBCij810PJMK5DYxdZJ6vx8NA7CtAF8e8Ht7kQocHQM30Wo
487,489,four____,_____531,xxRgat2VWTjhy8j2PHuR3kQHhyl5xH2AbfCt3vtOLGioQpMkPw3tGY
489,545,four____,_____531,wuTa5MdCiWAUSPULVcQVvDixoR4A9CewamTf9yoWixMCxgv0hB4P0dK8Li
545,738,four____,_____531,fhWKEqmZIGumWazcubuuujD1Ekn8JgcJqIvwqdeKmoO3kjBoYWkQbaCHH4ZfN
738,755,four____,_____531,F7sWQbbUOsh5odauGtkgaqSoqeEirZmiMIuMioTBnKvNFjVyg5dgGGaGOLgEdWS
755,824,four____,_____531,ZPZBIsuI2WxLFiG6ZlJdcYAkMDR4FSjx83dsjidWBvxal4IEBSZt8KaoBHLizu
0,161,three___,_____532,s65u1I5oT4CNpc4Dugc3hvvTFVAUsSozNQRHCxu
161,704,three___,_____532,Zgd1m8BOeM5k0CiU0H9Ygrrm0SNSDOxhmzmwmbh0
704,743,three___,_____532,L3JDuqXKlNeMEN7CWKVHVudA8lUxsKM9JaXKQliusnnFqCfZ5Yd
0,3,four____,_____533,VBPohUAzWxrS74xXMJ1d0ONHDCVAo8BWUDRO1dgM
3,41,four____,_____533,HDkp4ouMzli2iOZcKbvuTguzgXD5v6QNHsFnVLwjMmiieLTv
41,44,four____,_____533,rSP8NPuMOJYxUl5bc31n6GvGFbSS1Skh0G0khZXb0fhi6
44,223,four____,_____533,5Cpgov4l1w8NlFkaHlH8iH6YBSMulKXVu7SEpsxDkF
223,360,four____,_____533,o2yc3xju5oOEsvhHBF0nAETaKX02fP46LsiGrZWMEwH4qlgVtmQqCC6Wq
360,369,four____,_____533,weRSSpsq4zu3qafy29zjztSp2LqP2LDm4Ci7BFSE7hKd
369,513,four____,_____533,Bfi07XjdzibEfFxnHfZh4xtuiizmzzPawQuBc26cDcsVtIsmPDW5O3Tk75L
513,574,four____,_____533,5vkbGZAxx62sc5iOzsHZtsDjYdyOJf47QU1Wwnk
574,682,four____,_____533,A51wSheIdTStZdd6j7YID6kTs1W6COQRu41h992cqV4D8FCJRM0rbVta6
682,917,four____,_____533,r3rtw4AfyFXXmcIjWAyiuaIMScdGbN9gX9oV9VI4OQ
0,77,three___,_____534,peqBqP8RJpRI3cswtxTrbdSb7GW3qQtqwB3NA
77,248,three___,_____534,qZQGIJ20M0Co7bmIH0sw1xeOO9Tfpwg2DkWe
248,276,three___,_____534,lGlhWFppaL5LMnJ3HYizdoEjhxUydjsUzRKN0oVPjAVAHgjsJzNzv4x
276,371,three___,_____534,KwbuM1leScA5iWbLZCYyCCipKhIEAs2WcaoVZO7GjextjvoG6mMAerO1
371,518,three___,_____534,btP27lg2nn6Loey4YUPZZ48QkQjMT1QpfCqTuC2bNP1CTP
518,687,three___,_____534,zjD3RMur8dymYR5kZVkWa3gGKdb1l1gS
687,757,three___,_____534,zGEhBsYhsT1f9MJp4ShkozDR4apPtRUBV0wy4
757,800,three___,_____534,j1Ukpz8eo8aD8Ox5twszaa2Pby2VJ2NADXCUZVGJpM
800,911,three___,_____534,U2UTLQX9FW8qjYy3Y0875NtPvW2FBT6BXRi1cd4hjCudhHH407I
0,19,four____,_____535,KOFUDbMHmXRwkzGUfK6gYj9Kth8264PzKX9t
19,61,four____,_____535,VfJSyNNFh5NqylNDHKoqlqBxGe9CYqQYi1Suak3pVlW
61,139,four____,_____535,DU2ol8SFiwTndFPUGrb19xrJK0WGG3AsN8VMnB
139,192,four____,_____535,2FHLaXfxxge8lyIjgGgOyyQWWFd1DgSA
192,380,four____,_____535,tlDuNsWgWVSXiD13dXXfGKgHruEuOGwdSM3J0XBnB1tVM
380,394,four____,_____535,YMJ273r5sp6jmY7Bej4nlqresrILr3zQGBACtqsJcra8Cm8hAillBYMKsBLKxd
394,526,four____,_____535,K3w50x1OHcLyAKa409lmKb5YYZa2C39cGwc9ggW
526,573,four____,_____535,eODnuqWzjPxQKriXOZZRrYHLCDrm8L18pPL0K77qCvxFDxyIabDMMq0kf
573,758,four____,_____535,MH73WsVc0Z6ZuKF6qf2Jqo80HSSlnJqHujoWSxsGdpBzc74
758,761,four____,_____535,IeyqxMSsulY4g5AQqWaw4Q9sTLMstI6ihvBp8L5ToiB2N77W3guJOPpF19rTH
761,865,four____,_____535,cbxI4GA1k4okhyaBPGdhMjWbwad3PFuoFJmvKpCCdtwgpE8b
865,925,four____,_____535,zQ6ZDCJd7nuKff7F9fF3tgaqF0D17t9fRLhEFtoU0ZTjAigScRO2bI
0,29,three___,_____536,uUeukhwBYMc8LQ38B4Fs3bSRfi3gjR2qzIhGvEdcKq0nqXNbklbJeDrHd8v
29,339,three___,_____536,HIQXxWJ4EiYPJwvH2zz0vBDkERcAo1XxS0vqSSrPV
339,382,three___,_____536,fz7UzTjmRLWRGg8KoeCH3hPg0iFGcMv1CIPJC
382,411,three___,_____536,sBiHF6ipSFpFnj35TqIqRla1sQRfHSJE1hCViMD
411,458,three___,_____536,3veCm0WKQkRwjUdNVcLBkpZU5z9VMzaT9H8CdxL36doBO9q5
458,808,three___,_____536,DLxRpdd9lBFBZw4P9LRwqXHtAEqiIPhToupXqJDdjDjtTdat9EJjFemo9QyV
808,855,three___,_____536,VYAeY23AyQ1fAOF7oUIGO0bauvSNOQneJ4TYA0QHfte33yxpRakFG1
855,929,three___,_____536,G53zm5mwUZnQaaLffmxxz2XvEKPKX8QvTkqvxBtC
0,64,one_____,_____537,XASUreUjdkZHBl0PnmsvGkdOBQ4egWlq
64,97,one_____,_____537,kRH72L3sZ3znDaTUCZlQZ04SpOrfV0hVM7ZBImCXiTVctTTvCPgO02zVBqs
97,195,one_____,_____537,YVXxLxHWzEt42P7YOQovcJo36pLh40CAUYa56Vg4Z38ZdvbylaJhmnBAT8T9dzu
195,207,one_____,_____537,8VgXZ2L6xm7JnfBjMAsM59MOcG7JiEoCPFzzM9liyeUfvGzdK9T3y
207,208,one_____,_____537,JAqEZYS78DkW6hsPTixvzes9znfYosuk7fjV6ZWkrPEW5cGWeP40NgA2JTdclN
208,399,one_____,_____537,u4YRk2iiwmGEyPBPGcUaizFFtDq79ducMSpZHlzxpECRs3YfczVI3a
399,432,one_____,_____537,byH0dzkiwcfoQPF25SjknFF2Rvka4PVk4PaP5x0QMZOG52UifuIjJ97Rav08Pz
432,570,one_____,_____537,t6tXcdlqiQg7LLdoVvge7wJ4cpHhGk6zufnCGIuU8SaT4lw
570,669,one_____,_____537,sRJhOufbi2nPORPPiPp0WOmF3C7S9xoUkANvULdN
669,765,one_____,_____537,2A0G7CmdtPVDKwGI7zwErJj9ixk7lAoa
765,993,one_____,_____537,JmrKGYwSEHiOcvpB5h5vQrhshQiWP7tNLW4A31VaUwDQ6XMCFWfI61KaCK
0,7,two_____,_____538,8uMJQsAkzxpiSksGMWEy45VJxCLhYAStqXWIkpFd3vCmr4h524zrefslAIp
7,422,two_____,_____538,YECt8pDOsuTkRC1qEVE7OmAwUbgmlUH0sxP8E
422,431,two_____,_____538,Eke8ZEtC7G6zvg0U96OubcwF9b4MisjoKUq1ZaacARAC
431,545,two_____,_____538,OJ9a3m2xsXJTwJFPMW43MFnik6fs9zl5aJBj90cTLCPpbu6U5ft
545,582,two_____,_____538,Xwg1xMz3o0zNT1NfF4G6IEe4kEc7coSO7ZK7cJm5anVVIpmuCuTqO2Nn9PJP
582,585,two_____,_____538,jo8XCUcrwAj8bLIJoqyZEyQdnbZRxhbcWnCOT3WJF0PWrOGk
585,627,two_____,_____538,IhuVJsBAzIfdXhSJHYl8SCHq0VgOYtPWE2rim8gMkf35HDE0V
627,801,two_____,_____538,A58gXKBH7XNS3HGaodF7l2dhqRCER9lLhBfhPKbZZ1W36
801,894,two_____,_____538,9rPunZhlCed1g29YDzBR2YT5AALDVpYTphfUvLlFy0YUnY6sOMeoB1ClyMmgaqbr
894,919,two_____,_____538,bjJa7Qr03lwGhssEgE47K1F7oTaxPh81KrP8hQz1EBgrn8FKqdyxd2M
919,920,two_____,_____538,zJaKGCt7ojX3J7ukYDO0RTXlblanJtqFfhQYcsJMpYKvBnjNWTL
920,981,two_____,_____538,KUKcNXeVq73m2tpCw56gdT0eg95iHzzwaAj03LeCs6ykbh1X7j2c5r0UczufvYc4
0,319,four____,_____539,fMkEcSjIUT5CCHlh91NkV6jd7L1f3Zcu1cNAk8Du5g
319,382,four____,_____539,zpLeFuWFR4heac6uzSNKMXRCOJ14DN8mCngUqq3PbFGVktHWavRXv3nk9oE
382,720,four____,_____539,RxPEaI9l3Qkudc2LuuA5ZHyPMENRMFPHQm5V4wtZqYN2jVm25IZCCza
0,83,zero____,_____540,WWy4cQiIUCnKXorrhF5zV78Hm51quh7uipxDble
83,143,zero____,_____540,iJyqSU7tG4rMGqpwojehnPuwSAwJTciqigL0ZtAQ
143,441,zero____,_____540,F4AvkOSG6sTCJc7Y6sHmi3Whcbs82ng7884KfEsXgx6G3QO9J24Ocakop1EwY
441,560,zero____,_____540,Yj6RywBPux19HdLd9WWuGGlL7tB08UPd9ysg4lqzAYgoAUy3OAxDB2mB6LXG
560,651,zero____,_____540,fQymhhLPIW5JIEFVNhGqQjwSyCneQeZlAZSm0OrIwyW3Og9tnzsj
651,763,zero____,_____540,8OuMoRZWjHCt41JdkbU9gTONTZZVY9a66TYMM
763,773,zero____,_____540,atweKyhIqVItlLRnY9KRiQWsAeRtpPUPUhDycCkhHgbngvpRf8MdcnSF95t
773,852,zero____,_____540,IrXJpmrg2o0EqOqCz8pKPrxiezokFf903q5iPPwhrVbxNcez6
852,995,zero____,_____540,Mb9zThXQTGWn6hJXfYZhQNbqz03hpzkTQ2Wv3xxuBKH
0,137,one_____,_____541,hd3g4ry0tFzaffzo8QLoOltGb2nnyG0VqDrge9NoN8zbD0zKI2BE8ds
137,355,one_____,_____541,iuVyHbgGfQogOspU0TljtVFRIwj9MB63yWX6yABUtxLQRVMTOp90TOYUop
355,432,one_____,_____541,UtHbog5cZW9yu0hhhVVxwwvnxd9wNYTgQa
432,523,one_____,_____541,n1ZFhcs3Gx5X98hmTM1kQwFFr1kr0r7K0L6veMCNpW
523,537,one_____,_____541,j5ZqBqj32DvKrixOaVsvuSAlN5msYPfiFLpeQeNSLM
537,631,one_____,_____541,psL6LfZD13NP0roMF8FeYsBkkjEogrbA
631,738,one_____,_____541,xT3V756vY6KHvD1TK3S8Dx2ezhyOAjUCksJNalb0XAvz8Hh0
738,805,one_____,_____541,lqDkJVExrlfXqLjMCStvdw0upDGXYLxBFeLjgLNlphA0U
805,896,one_____,_____541,LjlRGrikCERyCW8nqo1bMS7DXSWPYnYMW6PAqg
896,913,one_____,_____541,c3A6K9TWrovrGjQf3nWnMbV8kB916eArJz18pVa
0,21,three___,_____542,4QJdb03JlPjHAIBRoRF8m1HV6XOOjUkDl95o59AYBYq3YaX8bi
21,64,three___,_____542,sTT6VzPjDB0XLvBVUIUpAA92atgvdK4sO0s2B0c
64,114,three___,_____542,gFlJrvR1HOGGriGQiIqKaS79eQP2PreLeByioXtdoH609dv66cCQPgTl
114,392,three___,_____542,w9yeJpun3E6Vi4d7RybFQMChDod2WeXYDtMiwZ36frMtRY35SpnxyVcDEabKc
392,445,three___,_____542,ctPfDtjq8v1W70Q90ahyN8UZAbLdSMPWbY6IMVXs36Fi
445,590,three___,_____542,AcJUhJOgy2F3TRbVfk7RMjw6Ol0jspfiUb0
590,761,three___,_____542,D6T0YfnF7ws4l575eF3IEcKWcMGUYWV3LIsKN0o8
761,781,three___,_____542,XeBo7SSivnpEL2O2pFeAQ9WqoTKJ4m8ug
781,842,three___,_____542,XswH5cHMcTtVDbzCbgXHAVrug5XNxpZHJ4ZdhGWzVQoK
842,849,three___,_____542,C967opRH3WYoIJjFLRdczA5AC8twKuxf0L0dS
0,321,two_____,_____543,OLvaclI0UlNaFInWretZp2i4CHjzEnytoDv
321,417,two_____,_____543,nB7TQ6HqGdwH2Vha449yzzXP4u3NrClNz2l25b3fho7d0Cui
417,445,two_____,_____543,U4s6G7qhXrf26sTpUbmH4eaXS8UMwl6Ab0ljwESAW7IdzQi
445,496,two_____,_____543,PLCIPCaDbOzzTqmRk8bKOwv2iEiQ0NHutwivpPorIpPTAD
496,551,two_____,_____543,C5ImPmrI27rEXy0CvXVe5UTrOGlvnJ7Chxyhn9FQRRHyvDSM
551,709,two_____,_____543,qXguQEzWG5aTwqSCzASjZX0ftgv1Pdm0pIdFJZpdD
709,717,two_____,_____543,bf6Domm1u664qOUwSlEaOUhRw2zle8VolKcqi7RIQ8XXBq7ksDTZ9qXtH
717,748,two_____,_____543,FooAwQENxyqNu9IHMIaze8OL5XPhofLxVAeX
748,797,two_____,_____543,7i7d7no0MGU53wT3qMk0mY9JmL3sWup9GsX5PQ6ik
797,852,two_____,_____543,MEUYjXcOS9YG8GAQZ1GGOxCvwJks5ssQ
852,885,two_____,_____543,CAZtuFbPqefkSxwys0qtMKlnX5509xnaivXUcN9BMJI6adcqQiO
0,36,four____,_____544,rPxyZ2o5v3EY1JOEg47lhAOHU6zWWU2YL
36,141,four____,_____544,5kZItaPvfok8lZSLP39pW1P6RUv5WB7o7Z413ExdEqRzFlP
141,155,four____,_____544,lfOPnTB1upMq7QrbXZwEpedm3xt6t6XvWiJQj0aZD611coHZqOJEvdG8F
155,199,four____,_____544,zDRuJcitDnkGt8idxFSXg6f3BjPmFnoEw8q1XCkP6
199,565,four____,_____544,d2SIjg53AFbW6t6483mMiKXoXZMPv3Itaz
565,678,four____,_____544,tlPmPRlz6Uw6yNXyT3XwFtZe6Nv95YVs3v3R5xvP74r4329dxrt6c5n9
678,683,four____,_____544,pCfdqUIVb2M3g8A6R9VmE4F4SKWXDOaamq2lgprzxajqsup2qbzRfiGBFH62edkd
683,707,four____,_____544,xbHc8vAb9Q3c2sOGTdthuiv7y6AmHS3wjq98XpJfia7UzQEsb2X4IUqVy
707,849,four____,_____544,2MEDvoDhUx5cmD4hx9kuyxntnzJkRPBfx0v3h1ZHiFfBjh5StjpKy
849,948,four____,_____544,931UuS4nLJTo4I8wUSbjM6SUJjTAp9pYfUKseNsv9eipx0NqQ8Br2i
948,956,four____,_____544,goJzEcRe3D64AYSoASsnOAtPDJYN92uQmSgE6dcKPlczYl
956,987,four____,_____544,GFJYiwwO2XEp39clFFGpNPDbUyzBqMN20CPY
987,994,four____,_____544,YfZUnmsrCnqR7NALG0zr8PapnRYhe9nEpTVY3dV4A1vi439
0,16,four____,_____545,pX8ikYwU3pl4ZzrL4XrpcZ09VAu1xOOHk
16,129,four____,_____545,9JeO1GG14XtRAIjIhAUIbx03ZiVPwFRR0ei6zGVTjUZrdSFz6w6Dqp6
129,148,four____,_____545,vMZOSqx4Qz3HmjDzNybRTo0H2yv0UcYmlFejxlWjYM1FRcoamaai
148,218,four____,_____545,puBt7XDCirCNmv4OttzfLskkNEmnyusI7PgyaALapB7p5F
218,371,four____,_____545,cGIXljbrCD8k32SNkJ96FCUfUP8xbKYbO
371,413,four____,_____545,PG3vhBO6Wa5enjEUpVtibCQ0AZtlgEAs9i3uZVOt14OhCLl
413,435,four____,_____545,l3OiK5D1lKjeVtMvYJky0TOcckYGGvgia95Tuoej
435,615,four____,_____545,kSxvKxaMwqcIdhuUDiQgOEgYTQr1tCqKTVS
615,772,four____,_____545,MpZTTiYocCxQ4jHuj7XPslIZcWra4M9GwnF4
772,861,four____,_____545,03AULivaOeE0vhOAGegm2KYZNQ5J47VL
861,864,four____,_____545,zKmakVR02pZoNsth0RuzBwkAyc4ZahQedjjld1H6T6BMP5hjxpa0lPPCx
864,996,four____,_____545,I4tSULpK6KM699u5VcIHGJVo988vJY29WEYb9Gn2IBXc2320fl4gFdbF6JI
0,65,zero____,_____546,50x3yiX7XynnKQU2HrqGRUxwMkF0tyLC
65,144,zero____,_____546,gXktwB4e2qPNUNxxEsr4BAPKe7iY62rOyQEoO74ZGLqQ
144,220,zero____,_____546,o87ZPo3wSgWQSrM1tvB8ohqLPpdSbuMdiA
220,221,zero____,_____546,OLKwRxig0yUjyBMJjVChMKpIg99qUHqKu
221,327,zero____,_____546,MLjtGTc7dUDCrcztVjyk08nwQjEqDtyyM2PH6V
327,381,zero____,_____546,hhOCCNdlyjDbZi9viwdjMdnbpqLoornDspdB1P
381,696,zero____,_____546,ZWCcQrvrjBf2hgg4Ftxz374HFoGa4xDSvBb0FK
696,702,zero____,_____546,USYfAuwOOSFj92epHF5UQjOqzLMu5NrXmO85obM99VKOoLa0usZhXn33ysNd
702,771,zero____,_____546,WnQn8Mb3EH5UjKiJnHGbnukK1XwpSTGXX42OTVhIiqzZXKy0KSCM13N5DNWYBZF
771,843,zero____,_____546,upbKHnj0l4DdeFnbnorXTgWrVRKwgkr9H0YJ0Fop
843,943,zero____,_____546,8SsuTLJJTpL5HllYrRGEJQq1z6VySDnpTLlp
0,13,zero____,_____547,PuCLH8WTGUxcWecj74GOOS1nrqPocU1YF3bHEIIUps2F2HLzo8RMjScNOYwmXAGX
13,89,zero____,_____547,qCR86yzQntq2lVsiggDFGXoEHjASGJsaokTC90nlEnmWOPaMGab8oZfxjFsy
89,166,zero____,_____547,iTrxbbsJuvsIJJk32VGJhXJtjffoewjsb
166,205,zero____,_____547,b3Y9DbovNF0E6J9Qu1VlLY3XM4Xur1i26yJfYE
205,398,zero____,_____547,uUzIyn782stk3rn9UWZJDUBW2rmmIhDikwz
398,508,zero____,_____547,5aN2Zf5DtU6HrD80Yk5j7VGa1zjecymtRAiRfrzx
508,835,zero____,_____547,9EKZU8UxMrD0MVQ6VIxUMnU7V1tzaETLan6RdnW
0,31,two_____,_____548,bp0fygrNNscR2jF9WsXrtP3T6eOoWQJSXBbtQCMJv0TyWIZrFgpZ7WOmN
31,80,two_____,_____548,glUcFAf5CsZh7UJSmBtJfFgMutbyFMDghTY8LBwlRjMMP7Ee
80,130,two_____,_____548,JYJF69GvtpVmaNbF7m41pu8aBT7nRcaMuCU5zcWKJdhlu67Amv6zL48
130,171,two_____,_____548,aA0W5g2mfYc5ghRkr3XG7DqoEHQaQzowfNDNCyZ3shyugbXWcPJMkSRZV8qJM
171,221,two_____,_____548,uwi0TpHppouWVPBUImjVNKh5L3qH9XG60YmaBXL2cuMiYX1U1K6toF5ksHSw
221,374,two_____,_____548,82FSSxZNz63NJ4XVZWCPZuF8bXYGMc8pwBIuWXifJBV4jQAgKDYv
374,581,two_____,_____548,0D4mCpcMyHGru4HLLxhdD5FOhe9RHOQDHTTyXoJQH73q32g182TVpoAxEbziujlc
581,603,two_____,_____548,JNZmYeveTy1nkgpkN2KY7KlBeVCJ7udtY
603,623,two_____,_____548,O3hMJOEgWWhQqjtjrhBkN4rwsPsc1351944tB7U1FiggejNDd2i64UcxNReOBEw
623,957,two_____,_____548,3tBAciWVNdeYGcGWC23cMzzApd3aIAppu2ShX0dPZQ6HctXHLMFVefC
0,14,two_____,_____549,UobtKgorgvxrGrP6msDL37UNPSn5vuCI25Uq9QHWeuw4w
14,28,two_____,_____549,1GsBurxuVdaCYsPsOdsdscV7cWBVr2VNs10p6rkxkfQBX7K9ZEc
28,88,two_____,_____549,Lduj9kHPMv3bKDmabHux6GSDiVXdw1LAgvWSnU8b8516trbY7VKw
88,112,two_____,_____549,mPgSsDpfw4YX9pcalNbOj1Tsa6DRwhRH9jG5G4O1
112,166,two_____,_____549,xrpz9T4XjiAadd0yeCke7ZuGGYDLZC48Z5phZH4ohAPdFcKATZc49RNbCZAi
166,169,two_____,_____549,dUhP9m0iozgamGjuKRiXlwL0KP6JyHBipyChPgPH
169,506,two_____,_____549,WxGfL0lXLyp9JUwXqUaJ4RPBlmIdH0mQwW9HZ2x
506,537,two_____,_____549,6aRbBrNzO0wfP5AlBWP6k0UQ1jjDtEQk6yz8hMUpU86Ee4LhRcM6
537,666,two_____,_____549,Imia56UST0Abqltyz2mjOfxoI3P6jHV0wlGQrmjhDdXEBytrmTF6G083Ypf04Od3
666,776,two_____,_____549,jUERXA1FuLdyTeS4QOt7X4IBWIgDmH0nUId5Qzdz7kXQIjXd
776,861,two_____,_____549,ILTJMDCiAcam9zc0vUCt8geEKlHnTwrF7AIJCbMWeptXT7VGC7yN64m3kQyxvgc
0,30,three___,_____550,JiwL7AXLAosdsxWRxU4puHZat3ZKHUQlfgXirLPXexLPXOOcIMyAlGvQzb9seeO
30,42,three___,_____550,OcOAy83TN0uAGFjTxxbsjX2A4qlGnjQmj1XjwaKTLd
42,87,three___,_____550,40tNec7bmzi1sdlqyTbenXCNMSbAMruyUsXgI5Q
87,193,three___,_____550,F9Z0Gmdix1j1mi3WxPSWYXt5dK0MFw343uPrNXgiLqDZVtJ2F6
193,283,three___,_____550,wMPnXA6ruSAcwai2yFgpIONlz2irejD385HZ
283,284,three___,_____550,wvL0Skh7m38RcMNBkxddA6IKDWKvBf2FhmjRiZ4ISRUvJKfbylZCnJPt9K
284,290,three___,_____550,iTat1JiXTeuSiNt2inLJdUYzJn18MfWJMVzKWWnU1RRbWZHJxyjmLc3mv55oG
290,662,three___,_____550,Z7FrF8s3odPS07POuvyBryIsBX0RMWNikzybD2iFmyz3oIrxowIXuQnH1tFv
662,728,three___,_____550,MKUjBuAThpB8lHEzrDXGp7BsAabfEFM5Bk8I77mXnB3Xj57pp4OxOe
728,750,three___,_____550,lcLEB3zCUTsQsHRCZHyz6jrZMTre9nTll01Byc
750,777,three___,_____550,TuKuQMRCuLTVWeXlIaTNHXBxIkkboHxEmv2aY2
777,944,three___,_____550,HDB2LI8MCynVP55OhYwl8dthf618Q657SbCMuDF7yTbq7VEMhdEfc3fB
944,985,three___,_____550,mLbm8tcpVCMtKuWfk4XeEa7UuM6vZ2AZ7xvSiqfrt
0,29,one_____,_____551,0TfQA2fmpwGhaSKkrae7ZhE4UDCRzRtRsqB
29,123,one_____,_____551,jVLfMGMuiBjUOyQQKITr180h1TqYchCn3mARi
123,336,one_____,_____551,D1ZZpWYvX4veDmhg0uF4wyb9NSomeg0hzpqPBNlhOm2jTERsVDotm
336,470,one_____,_____551,ISxS9vzdteY3CO1G48hNXcefTWgoSlYGsXcMIsHdiH2AMwBQUlhPlGYjsD
470,542,one_____,_____551,ILwWRkPte42OIgjuEnJJNORMmvJUbkEeYZLQpWX7xx3JROlTyLNdJ
542,565,one_____,_____551,Tw8VV3koMQmzMoDSsahRQ7AMgiMmRcEFjesz1WGb
565,575,one_____,_____551,roimoTWV5sCOl4eJKy2gQfc990NIFDEWMD
575,631,one_____,_____551,ZkjmSPw3GaozMd05Wg6XvKzvI05gzGzPY55riyuF6nPyLDRKAnR
631,646,one_____,_____551,rPc7678tc4ynXqEMJVR5ECrj3WwVl62n6MsYu2
646,731,one_____,_____551,ByPEzXKbGXdpTXmn69lrtnVjx8xetbyRc
731,778,one_____,_____551,UIjrCmKhFDm7DsdbrabOg9uKIwofWGesunn
778,876,one_____,_____551,IvOJ2n1UJvkwWHuKTWKJ0vBo7b2yzt0X
876,879,one_____,_____551,qqM1VkpbkOAKiuXGxZeMwbSzAJWQO2ar8F2XxfRi9ebel9Wyaq
0,52,four____,_____552,6UM1WEI56cN3cy59DX4SoTsR9HDe6g1uooGTT0uAQrB6CQqrK9W5x4aI3B1ivi9
52,58,four____,_____552,czdcIh5JGk1JfCWcuMm6XQ3QaANFzNojoNU4norX1huWEJFyr3f4xqFI
58,64,four____,_____552,82AyjCTqHbBlgZzdxWhO5OZiuB49aL6NDTiRj5D67e1FDA8j4npCQyflfbKjJkK
64,146,four____,_____552,WbK8QT6YJbGF6NLmkAxWNNrotpAznhwC82FTHYZyq5fuOU5hEjEgxV0s7cdG4ay
146,212,four____,_____552,AjmirBZ3p6JxjZIWyVc8Fo3q0NTC3wDo2uhMCbUyoI5u4z
212,230,four____,_____552,ABzV6PiYYkOjX5URF1mJT5zTfnNBu2xCqmmBpE
230,330,four____,_____552,V1QsGgRtZNPW7ATLbrZzL0x82dJnRvEmGzgdCCsBUHgo
330,450,four____,_____552,rComV2KH7s7prWT9VFWYbr4Fw72BWME4mdwb3Lt9MlrhWqUTLGh4iPDKhvo
450,550,four____,_____552,dtv8Awh1r93GzBOtrlY0j2qo8qWYQFmdRbD3pezYE9jZq
550,594,four____,_____552,9JlZx0EjAMPImikj1VL3oIzqIY0azuddwU1ueDMyEAzYOnI962Xi
594,663,four____,_____552,Xd7VAhP4s3M3DdmZEzyndTqYxaZeLY6TvR6wn5FHPkBE
663,678,four____,_____552,nFVYcwy2khfDmuvSBfF95TQSVHp8yALgl3NvthzmqlzEMoiNVLM6W248IY5IO
678,922,four____,_____552,8DRdmKZllCXIk8RJJGZLf7Z0yBUsZUCqEuWCoPGBnrvidx
0,100,four____,_____553,nHcXVx76q2EysB53F9oGzGVLxjQ0AFFq5BATqVg5xLEdrvhNr7Qfi1IKB
100,112,four____,_____553,0tRTPrz4kmMm1LGEYSAjMewLBVuHJG0hgsJlrR4JgkvSLbSQLFfuf
112,371,four____,_____553,7D8Qf37u7khbNfHM6phCplWtyEpVHufnC86OJR2FheA7v1Ff9f5vRr9
371,452,four____,_____553,wmJOuno6D4HOQX2XhIXZui7jX2mkLEabK
452,948,four____,_____553,uGcmgOWLJKYXy2YbTWdUq2m4oJUIz8HEKypv
948,962,four____,_____553,BKu0D00nEP6UqyTqVTZCCr2akXbhVClO1FmCDQ
0,52,three___,_____554,2zJfZr1K110XV0SuGaNn6W8DgubDwONFoIz7e4Lvf79KmF4veh03jSBS8nw8ru1
52,69,three___,_____554,a0VkDWG2nXuTpIOngJZfPiHnA7dxsWNa3
69,97,three___,_____554,XBGUcsmXxNDkzwFZv4xfrDVkIowItgfmsgHp2OlOBs1gxTe8lUOuyfrH3k
97,147,three___,_____554,C39zaUYuJz6tklcWqIzXfJNfIJf64uHOItO
147,278,three___,_____554,yBpDqBNpO6bb1uIIgfvrAmFA4j6AT4ieJ4c73I7pheZ
278,296,three___,_____554,mR8X2ofuq9R9QmhMs7U3lTQbr5VJRM7CMUmcxVMebZ4Q7bdsfjtHFaHPF
296,404,three___,_____554,5JVwhr2MODqOMgdecnWFzyrHOP53hkEWl3
404,443,three___,_____554,5vd2UGAeiHfcKWt0wQ66j7meD11vnKu6J54sltmxGgU1MgeezZHJyvpLhRz4t1N
443,730,three___,_____554,Fznsgr475raVNWfBL3q1tCbWGcKf9u6byeHasYw5cxP8lYlyAgTVnrCtIreOGY1
730,818,three___,_____554,5QmabFGwlPcZ2gu7gJvtcCza5nT0MLQk
818,940,three___,_____554,GogxbOJ18sNoSkujh3lyCk0ZNlMjI5Tm188EIvL9PjU1
0,194,three___,_____555,SGjBudf0fZb5oHphV9tBgcyT2xeajKP5K7y0DqrJ88a7fZ31ZbE
194,268,three___,_____555,Cd7gqYJ5G6jIu7XrfZrRXdah27sk6e8Uba7uuJ7eS1Lxj8
268,316,three___,_____555,MgWeDpLhM9XX9Mz1BO6TS9b7ZhoAUoMJ
316,463,three___,_____555,43yppidqNcprzPCIXvAqAI2H7u54V6qhWsGMvyIFdzO2rWfR4UKY
463,540,three___,_____555,u4OCJxSE1W04Pd83W0mGV161UQFrv2p7YnDE
540,562,three___,_____555,mYWHTKiCDkGPpZycBb02atcXTxH1urnaRMVN8qElSMFNVDfgBfIvhV
562,585,three___,_____555,Gq9XGbl0JGvx553kq6A2plpybZApbqKwxLB8MgKE9KJKNo
585,636,three___,_____555,eA8SvxVj3gBIA99T1oC3gBqZ4EobSrBB2kH5jdLEjCDY13qHpTlmoQsWLAQfWcjV
636,693,three___,_____555,dL4f6ljOnRD8wemSjoFX1W9Q8Pr8xEoZpUWqCG4TvQE
693,703,three___,_____555,wg5FTUN9tuJEbaclUz6qlzM4EKr1ECY18o51rKQ
703,787,three___,_____555,EEpooHgX2Jvhxn9x6uA7RpttdS1VFJYuuClHTPbVGc0mZnXYqKStPtIwWA
0,120,two_____,_____556,IXErDsjjhjpT9k61vJKkSmOf9TZmjyyU5ko6vF2r1
120,143,two_____,_____556,r7TTiV5fGxE85bqmW8WAo3fqQcjr2sjn8DflSqFG
143,256,two_____,_____556,q7sAxmxZCl7oxLxk3B5bJLAKyhRYrOBKKnqAt1QLkLkympEpBKDG0t7eNEj4B
256,472,two_____,_____556,azGr8eBzWMo6XCjdb4Zi1JyxvCFES7u7cnjuxB8gqe
472,481,two_____,_____556,fXfJuKWXRdDvjE1PZq9JP8VZ8xrItkgkTMty8RY9WcvWnoGOOlSLmkaCwWVs4fF
481,599,two_____,_____556,NcbUeheGI4oQB9BrjNJy3UWKMACNMoRiU6btrBmRIUEgRQPcgNzwhkphx
599,639,two_____,_____556,gmzIbEBQVB2QVulvTHG8KibRLtoW4NNPfDAwAJfdMZpFOt7y4Nha
639,798,two_____,_____556,gFJibsL0txYdwQsek5n3IHdAA48uHLOGX8A73UXAqWZNQR5yXKhkpWU
798,836,two_____,_____556,tXR2x0Mt3D00sTVhx359F61VNfOyfTk6O8dolePWZjsmA4NXhPA8voAI
836,896,two_____,_____556,tKmCkmrisdeoxfNgBxrjTgEn3CdXejKY2QD0LSI4GJhnFq
896,915,two_____,_____556,sNQNnPwu4gZrBgog6r0Fhrqq59OnQ2G22
0,178,two_____,_____557,lpWtrn4XqQjSNQvlegiUr2fMPxsipC9ZZoGiPh
178,250,two_____,_____557,uiDtgg02LMPTSbrO8IugUZrqPi1q3khF4vJrYmNdqnPNdQPOpTs
250,314,two_____,_____557,md2PITYdbMJXBasAK3893sqOSGBz8HKY1rMuPUO
314,419,two_____,_____557,9gyRR6EEEPM7TaXUJwEDtXheSNwUQGRBzr2UHQEYrRvTBZBpcEJ3sPgPhm
419,448,two_____,_____557,s7U9zZfCoxQsOAEJBi85C5vkO3OHZTEaRGD
448,562,two_____,_____557,Jhau9pRi37eqXA7BBnjvKkGM7kzsX2SspevMqY0
562,621,two_____,_____557,roHUTsaEc0KkrRfpFwcZyISjmYgUDfq4ON
621,882,two_____,_____557,x9f1NJJTbUIAI7Aq1WIaLoQznmxx3waM5aU8ufXwTzjiy
882,891,two_____,_____557,Zy35Wl7C3fw8NmKH3B9KlVDsX8XxRoC9H9kBPReT7toTJ403loNJiRI
891,907,two_____,_____557,gNsuqzf1TyQPdB4wy4vn0CROl2TS4iI5TNqjwnjKI3AAdQ0a9ZR7JlP13Blip
0,90,four____,_____558,iNjqXx9D4aD3KsVnFPga3kxa0CNcZFZyj46ojpcgiY34Uy
90,406,four____,_____558,5YXvxfJVJrHhZShcftjDhKqgJ70MDb8VK5
406,462,four____,_____558,hdgmmS9h5IF921MOxNN0XecWvVWzb9uk42vJzFjBufGnnCMgsBO3hppH1
462,910,four____,_____558,L2WpwNxS1MtZtQChQr7zEyQ6UdnManIf1KyblzjlF
910,911,four____,_____558,4FaBWCFyFigmcMSOntuiYxoh6DmITf7P7kTsf6aA9snu8JkG5
0,161,zero____,_____559,qBFoYUIurlIQQxyH03HVXjln7cjuHTo2KT3qzRAGRnZoq8xzD6yHEycjB3l2Xkbc
161,227,zero____,_____559,DYlsi0jvCZCqhaZEinzcnOiuTYfs700uVFzrIusqEpp6cDIB93sY077MZI
227,241,zero____,_____559,VCWGAyg0l0he7SmetoThQ857SUyvJWmR0d0laQvk7Nd8EaHhVfPl
241,439,zero____,_____559,Cf1nvRsZHJlQzWHp1PbVQiNcuSAAXFTmuZn5WQfWjn
439,658,zero____,_____559,kD2GCinhTPWNPayVD34JOS7t8QUl4Gmtw
658,746,zero____,_____559,Lgahb0uQGwo6V3kQkwOFgxkVpL3ZgfmpczhXzjbARicAV2GHNcMHD2VMGz
0,9,three___,_____560,lDOLNyvrkFtXHTRx4vIbydMrNOuHcWpZxzjnCcjID8FqnJ1r6pvQTPw7
9,52,three___,_____560,qn9xfY84qSfEQyAxB003v3TRBN9uDf00qw8eiEB9dVgaIuJgQupbMq
52,171,three___,_____560,OEmWkHuQMsyTYHXVih7AJsvcpRKsWZm3nlucukGMLKiHH04MeSsyBo9w
171,297,three___,_____560,UodArKukzUNwmr68Ui5mLR6BYxIBtJXRLPoP9lLp9flSAS3Dc
297,401,three___,_____560,R87rnLcUeLh1DSG3VPlknKi1OX15kUqHmECTXPMGXjsveFSDIz
401,422,three___,_____560,wHdz9sjDnCv7bOI9JTxec8NZCB5FpNC6OX7Z2deVUoQWYL51
422,501,three___,_____560,cuc2DfAK1mqZpD7kg3x1TcqayBNFC8Wb8GKy00A
501,504,three___,_____560,7HFPhZj4v3EzMyPV8ieBmPLE5wtfT1ZhTQWXnqnO1V
504,559,three___,_____560,zuUWRPY5sX1O4sTDLxwKp4qKjOYmhpj27Ph49P4ioHwx5fUfM
559,901,three___,_____560,0U9ehoUJhdMZisQx2FHLxdxL6LODSXqF
0,51,four____,_____561,gdIO3GxwavrM198fVxiMWjYp37WqYBcRV0pKMw5LdJi0Di
51,57,four____,_____561,UcTj26hbDLxsDw1CGHURp8dIm8xkoXUfhGJwBj9B4uDrNFotxjJ
57,77,four____,_____561,UlbPB0RIavJt5Ho7xOKFYXtmj5v30MyxG9d8n
77,132,four____,_____561,CsB24lPW9H9I4Udp0GSBGHIx2T01ON6NdBS87DYmiJUDMYJhlVgA9
132,178,four____,_____561,dtVf3Az0YFbJhkXm6G5tduruYCcYOIIdamR3y0kjkVkDJrdC2VWtuhhkHcK
178,338,four____,_____561,t5dQRIp1ZYR4rwc00frK2SR45JCrSH2AXLcl
338,472,four____,_____561,iqjeFlwZqp1tbMedNOP4uQIMIib3N12CkYviT603WTrrhZUDvIlceb0BgyjL
472,521,four____,_____561,0LqWoILKRRfxHDRDDqYPVdIRzoOrBYHWsN9H8fwGIToHRJVHsua
521,704,four____,_____561,bnUmwJGFtWg6nyyWPOGKYNjJiaG3A5rBrHXVYKTxCkoVr1XTyddB6H3Y0
704,784,four____,_____561,Fj8dSVX0VyyuHDMLDATLTSNU44tKg4NcZ6dbecbH3tKI
784,933,four____,_____561,5icZA7ZxoM8CzPAsXBQYmkuhBfiIIQwrlO6HAVFmGKQLGKGtmzBIdq58uTHfek
933,973,four____,_____561,FLY9Z6Uf9gqi79ZxiAEeU3JhlY1PfkeElv98DZpd0eXGgVBg7FSxMoILtuL
0,15,zero____,_____562,CcmOmmc3D7f6rsOZpH6vBOzpmz8aoCDhAGGWxaxz
15,230,zero____,_____562,U5mzY85HfP9LMSUSXd0iJBPSPp0Ov9EAQ42
230,241,zero____,_____562,EkUlvOFgYiGY7flwHPa8hb3LT78NT6NuNjS3FZFfYHcTG95e6O2EALpDmR2JoT
241,280,zero____,_____562,OSXZtC1mXxfzJdu5M5Sxs04IhyQAwsJu5t3BPgGCAUMCL
280,494,zero____,_____562,Mi14EjmWtu7p6q50Ox2lPpAmY9s0VrBBho
494,626,zero____,_____562,FRoUZIFznJbVT1O3VIpyfl6L1GwzJg1VtHZdjdmqAVlOwr
626,638,zero____,_____562,9jHbdV5i0syrlWwN4aq9TErevdQF8mE7ZdG63T2l24l
638,849,zero____,_____562,yI4yYG0Vycy1IsbTphptn3D7oD90oPcNpbidFakQLG
849,859,zero____,_____562,XyA8KhXzOtUnDKePAA1Xb6V3jHx2syvT90Pq
859,868,zero____,_____562,Cmw9CvT1tF2brTJBlTiVTExquYL614jjEOQaLAiT
868,942,zero____,_____562,0VJbCfrJrPRRQy7wJFaVuTRjJnI8LkqfYkPR1rL5RW9p7FrSTv1p3ST0ql3mQXl
0,148,three___,_____563,EEwHlL6Z8sNZPyxTjGJLFfFoXEKqfiCJwPlIS0dP6
148,235,three___,_____563,AKJuhCmcmrEU1I1HZ9QyMiGotlBVyOnUPMBglwv4ki4u6iZes
235,376,three___,_____563,D2IqIShc5baTgA9viwYEpJjCrWuobnet8vgeuRMKkJI
376,413,three___,_____563,iGBwgIntNW3QgTeJVXH5exvlQ8gjX2hH7RyrU8u4
413,491,three___,_____563,PCCynC33LHfwMFY9y24CkmaLxffo3bnQEO9df4wEBCemvetAAZGwjGnWRg
491,521,three___,_____563,ns2U2uoCkwU6bn8YjOuYMyOGfYHzk86EpTE
521,523,three___,_____563,F4i8togHLC6UqcOm14wsCDFD1IWM4lUCZch1bg7qtZKHlDLC5uqmAmXI
523,665,three___,_____563,KBjm0vIiGISkUQE2bEbMMXpoyKB26kanipPeZxTDOqqdS2XfC
665,829,three___,_____563,CHYZ1AgsMLMOwESiR53PUieimuiAjezMb5iIL0ROd4H9Oc
829,841,three___,_____563,smrZ22g0N2RDjSMf0tclbM4ln1Otljiou9nbUQ2kFf5Zd30R4qhVk
841,984,three___,_____563,HER5wtsXejfcErEoE8m4llQ1I7KYllTZVOYaxx1
0,44,four____,_____564,bAchhZ4J74jkoNbplnieKVYj2YpfxP5AO7MOtIYW4ilNUkWNPEGzV8RR
44,91,four____,_____564,bCOfluvYzn1W9GrCaAkjz85heLM9ERAU3ZE8u4LvsPujjq75TsKpf6xKwf3ZQBtM
91,91,four____,_____564,talq7jeQNdtSgDO5eFISLbLDevYNbZWz
91,271,four____,_____564,vTA0T97acLOwAkVNhQzynakdbOYHQqPGCOIy
271,337,four____,_____564,U7T6HwtLpH0wS1FHqBjjkg6EyR73MzBkBCFSv8cxgqYqFprwU
337,380,four____,_____564,7nPB6F21PshZsyKQY5CGkFMbrLvS06VLvI2R3
380,383,four____,_____564,iCWJGoOXunud0WJjnBkQuoPOIx2SLakOqgcc9DfPS7jF4MwD
383,521,four____,_____564,nLCNSQ1vQf7D2UdfZfqMx3lqYKf5ZFJGHUeRlNRxkEBk8tEsGFAodGyV
521,690,four____,_____564,guky4S08gd1PuSWvPTnVvO8HgvatIiJciDKr1sIldrGpgxD7fCYzHj5ygn
690,938,four____,_____564,NhgvZJ1Rb1ErJXmaCfrJoc7XSOyeLgoENNilUJEAjzW
938,1000,four____,_____564,8yneYyTJ5mMok3ADfCGuZiQHgU8mgL6mcMBYCu1cd
0,78,one_____,_____565,tzpEbSokqFNdFjbSZ20GvNi3kpJphjrmVEw2v8LSir
78,150,one_____,_____565,3AuUpXlpVneUXW1bkHtHCOtGg1diDwr1fWZBp5
150,308,one_____,_____565,lFBt62ge8cNrFiMVvVHy8Akc2meRXddYDblDK0x9FHmixliNtafDuqEq6Wy2TIU8
308,319,one_____,_____565,oIMyAGTI5uiUZyzXBoptARpeLAL1KJOzJaZYahGrt8qqoEpG
319,335,one_____,_____565,vwoM2vLPBkt0d1zDatDI8HotnODbOXXQNncB5K9RLwgyy
335,350,one_____,_____565,kzTk7LrAmUSPuN3iTiodp7ICIiEgD0RJIdZMST5wv
350,400,one_____,_____565,BnImmCnPe8DEmq1FVgK5ydBidvhSMa25pejbvjXPWitD5Yk
400,403,one_____,_____565,pViqTtQC5rg2S4wNGn4HIZjNtxQG5kzzXo6hkzLh1ueQxyhCU2a
403,465,one_____,_____565,QQ7ro911GNJhSyTPBKgbZrUBkC0j5FmfwC7UETxJD7260O
465,646,one_____,_____565,uP2oBgoPcKuEUS4oWNseG5pKIiXj5ADoHglsOP
646,760,one_____,_____565,1JtYRzC1gQi17cd4fjciAADoIRyqgwgfOpM9WctcdOGlhJ0hAtxFKTy546kJ9h2v
760,859,one_____,_____565,SVir0A0C4B17WsHr2BzjLsDZP7ExvvejmXmYuloiFfxh0oh63Mz
0,8,zero____,_____566,jum0wcuCVIGJ4fIPrsOb52AnboldS09UDNLO3pA
8,82,zero____,_____566,P1r84oCbcDBehK7i6AwpnSeRGPkX8XPDy8n9el
82,121,zero____,_____566,EN4MDEGAdNRchFCzpGpPeAVo3tge0PgLd5XKGXAqQ0koHy59wHWLAtsyYzM4E
121,205,zero____,_____566,1r8OMLM4SFPfBBDWW295IdlzZLL0mrdliw9pRBe60e0BITolITZPogIVjnT3u
205,225,zero____,_____566,AQXvs2F1ROF0rrd6jRzikS78KYIHVjBHzpBTKkE7FMfVmAjeZT
225,382,zero____,_____566,OdGi4ffz92vOsOAPgIzuwkf0Kxz1BDMGPlPTw5Ubv2fXd3uHcw4O2WjxXn
382,412,zero____,_____566,wKZkGDGhAGIWwPmwnrENOi0mSSqS1QHAwDcoAnm6F47bHzE6Xe8JZp6B
0,100,two_____,_____567,CYe8rwr0Qhdznf6yYQa1jHC2S9hnHEdkqJMSZ5opkkZCKC8xi6L8Yk1IBeK3s
100,197,two_____,_____567,QNhFjsWIz300FtmMBVqq5gT29HAL8zY6ZLEzNFMrIgzMQwZWfOZz9HM
197,530,two_____,_____567,I1pCM6b4smekaOop8yriYd0JH99WEQfI4DDpuyzO5JUel7bTKMPdAjAmlvJ5Qp
530,536,two_____,_____567,7FbMMl7X3Huk1pGbuCjUXRRC1lsuzfb1EqOfNgAcCBeUZkdFYZTE1m
536,645,two_____,_____567,iMRPsdg1PLPWnGJgVBpEBfxQKKHpg57DnHZG2Kx
645,700,two_____,_____567,WVmaKKlMVkbTwS6IRRGdOHW1nqNiONygODKdGkHVLpXQJR7FSEey5DhNa1Ttf7E
700,720,two_____,_____567,Soc93ci2nWIRo4rquCiDa7hvUq8GUcQVUXqNXG894TJKgqE9mVL
720,725,two_____,_____567,nRsM3hJYcOB1Aaf7AgwtpiVWwcD78bN8zRKrnrZXYHSRfnOOIfzW
725,814,two_____,_____567,SWKNumWVDd4jsmzbtz6kSjgP6dwAzllED1nd0KVVisjKt
0,25,three___,_____568,5R9lpIzrTJhbDcgdzKITWUb5SJm5bV6BvcDT3fUnWhsTj
25,70,three___,_____568,vRP9dG2IiVqDlMwuNP4yiozpXIuIgL3dF8ct
70,147,three___,_____568,OdO77gQR16OlWuQwWbQakaWaxBwD1vinOrirQhdDUdoSfIs8YxrRbqG
147,277,three___,_____568,p1AWhKNHWV6aiPsC3CztuHpqz1ugzmSXLF
277,401,three___,_____568,c1kpFjlSNcr4RZ8AawYf3OjL97VDLveE
401,467,three___,_____568,IqHfuAkZnbzNnSidtYfwevABchHHTiCSSZx10IW
467,491,three___,_____568,tfoXMr1PDEhSMnq57DUYr6v9ZT7FtOPq98C3sxq
491,542,three___,_____568,8d4645E54jhSbOHixstnsfVlFGFKSExnK4s74cBXbFrYgTYhrJVT8lA
542,717,three___,_____568,dm4k9uDVvDEP7pDjG9cx84wRyBY5jM5P
717,807,three___,_____568,WsnDiwchiLPJa5si7Mb7jjd9hMuDPRehHoDl2JSk
807,910,three___,_____568,2dXEG8SOGfO6lVw9HPxB60MOeT6IxLNCqhbRpHyj9thCdOBovpEI3xIxl2s
0,61,one_____,_____569,3hspUaT8ErQrTR4i48P2hz30XfBkeyusdxrLlvEMJBe2eoBzRBOdH0FTtK1
61,72,one_____,_____569,9732rRilwXX0RP47kE7XfivaVRAynNgXdkaYVwVdHGOZ6u5
72,79,one_____,_____569,4Lu1pwctK7SV8T5x8RvfvlTXsgd3iKdI8VP0Cxpd
79,86,one_____,_____569,b6AugE08HWj14ymtUxAoJRWQPF3ntr0Y7gHB8sna5HXN
86,166,one_____,_____569,Zj3KbRYIyjHIxSFta7teIou1Oafg7ZULUCh
166,219,one_____,_____569,cJItv9GSYZfaIRf5s55zhNqBxRi518gsJ90
219,266,one_____,_____569,M1nZT1cPHxr2mmNGKGh4xkVOoVEmog9tMySt5Gnj4AY28O7GXByY3UEWrIDc0CYw
266,320,one_____,_____569,wdGiYDsrHuRWsVzv379zPw5vK3zBT2TN80D6Z6ZRUvJ5OWd
320,407,one_____,_____569,5iJeKsJhikcJsfnVOrO1Pu1ujN0JMMsIBbdOLGjS
407,424,one_____,_____569,XN2byPes0dGkFdJQtquo4K02QXlc1ap6z
424,437,one_____,_____569,gUWWGXR46fhJpcyLGqrrfiBhH9HPE5DCqz6IN52ztAFzNt7
437,474,one_____,_____569,hgRENPmQvGIRER05cPODlzAzhlFRezR1P2nMvN9vtxBpX0TGNWnwMxLmqG
474,588,one_____,_____569,rCQgebes1EwwByPTvR8hZiGpWEHT9vuxabbJyV
588,748,one_____,_____569,uKSALaWPiYJNhplymfNijxNUictunCyEXPHH7rCuw8810dgdm8nypf
748,819,one_____,_____569,vN0yRBjx24Wjz0tlIu9GDV4hoLc2CUKUyZ
819,892,one_____,_____569,MGZN5W8TZLlNOCN5fcGsziuxzwr5l94KYinHwOEMYT5xswQNMnbpGeHGkvG
0,260,four____,_____570,1dbxIlpa4Q1OZ4GAva4MJGA67MICmSOJzUKP1
260,386,four____,_____570,7fOSjQG1OOKbtzoCXeUcYMmNuAO2dYUTnU9FBzNjDuAIHrHipUTHT7vP2s
386,404,four____,_____570,9YXkrKHGJ3ty9C7DfZVWkykohkXhElre4
404,518,four____,_____570,mXAC2FZQYU541JXZFP0XjWeqJaQT8wg51he33yUOAivUbN4mseYVz
518,555,four____,_____570,3XgFYjcwjyQdGLdJsbVLWEU7YhxOXoZKJH
555,695,four____,_____570,kMZdi5hhv6mJnidG3umzOPkjrKn0dznqQVNwmB0xpEG9UHVrdRVKchkN5ypUKp
695,763,four____,_____570,V6QwtMUStod61rIRwOWiIDITsBApNyXcEzpLU7gGKUDD3psXC5QA54KN
763,912,four____,_____570,vWgKXJ8uWbaeiAM4c3kv6ErHL5QLrL7xMBTFFrL6BZdHiBs7IwEcCIaL1MasZJ
0,121,two_____,_____571,WnHbsCuRAl5kkPTle0193Tl5lH22PpcxHoULR3RxLitW
121,166,two_____,_____571,NF3yopfw3FAckkeWBxWnsjws83ZPmg6WYrQbYHedgxbktJHsXRuRqb1bRL4
166,208,two_____,_____571,4yiG6DsT1AaN4NbuycfRHifhgrGUguEUV0XudxiywykcPfFM5vDBfUZ
208,334,two_____,_____571,7YrFi9AAqcafnjzAhflqoWyHI2K9tY8QAQ80IREiemDQmBwvbQo
334,343,two_____,_____571,BCGNFlJsssVDGol9vTpK9aUWxXlNd4Ii5eBRbMr7CHDLpqCbbd
343,372,two_____,_____571,zBfpaSLl6spxlJKgeov0pHntDmocNg9gZE9K1ioO
372,924,two_____,_____571,UhS1xjyUD6o3bVMwan3gur1SRcvwySr4gcC2JOZQmlNJizm
0,5,zero____,_____572,8CCdMfYp3dRAaVrbO54cfHpD2zThbzuMwur3ngUA7Xd
5,172,zero____,_____572,1Ijn1NF3Sm74FdqEeBvef6jMRJrNRPHx5X88J8sjeCywmgyii0jf
172,187,zero____,_____572,UL2LMpRzW1rUy25jcwag2p5aUsN8AazutlW9Qn3PYw5hoUq0Gil
187,188,zero____,_____572,y9ma6PrIdTM6YypzEsvn3IU15xdZaeQ3
188,300,zero____,_____572,NUyPfWbiWFzwkfMOh5REPYqCGclvuLNSU9qc8NS
300,302,zero____,_____572,jR7jXv8uEDaRVGiu2eur32unMzwqwRLFLblERjSTRGoobbuE1LwJCcSGY
302,302,zero____,_____572,7CBURQul7RDlmR14yqKS8TqTzjdUKu7XQUKUD
302,351,zero____,_____572,n3siaHxbmrMKiRM9VNHS3wpWijwhnUgWwpdScmJFYHYBhFkeXSMnSEPHhQUL
351,365,zero____,_____572,8lSH4mhVjqx7bCFhupKKbGYZJJkFZM9O1AHHts64xnP3pVOCUO42i16vUOQaoFo
365,426,zero____,_____572,G4QkRqX60GZZHjyjn2WVrujsLiLoQgowoRuUMoN
426,442,zero____,_____572,DsjhDJSPSzpBLKVdTqyA84IaOl3zFILA4yTpxRwsP
442,557,zero____,_____572,B1ubVbki1uDmKdNP75rhBfNFfGmAtk9UpbICZyAsu88L5IjwoiWwFe
557,843,zero____,_____572,boTjNn6dzEdRHQ2KwYXpDecrb8GY0Gqrw5AKiP4P6
0,58,one_____,_____573,2UfxNb1DBerLhqbokdH9CwLcmqV4i2mD76APpVB
58,191,one_____,_____573,GJM1CPU4cqXejINDwOFl8UqYLlgRYarXjqLa6Q
191,197,one_____,_____573,soFK8bjYoaelEAU6GZ1LRg4BO9rQFu2R
197,207,one_____,_____573,dqU8oCZ9JRwSEAFwyOHsuFAA0thyHdOZGNrYzcS7KcTjlTdExCRLtil2BrU9V
207,258,one_____,_____573,rkDetC2TsDeWFAS3aAGRg4oJZ01qz0AjWczjDULvTx
258,313,one_____,_____573,hZ429SYuy3eX76pexnmqZz46l3iO2HwrQrq3DZ4QLLDkkT6QV7F
313,344,one_____,_____573,5V88Gg3xQM9zw5xMdlgpauzGYdM5bKXiWk0M4nr3mJdS4Q72Tm
344,588,one_____,_____573,B8Mfj0U4aHhu9rfsXLLggWA9B9o8AHDfkSOLlOx
588,641,one_____,_____573,lw9MJdlQNH4aQCBWFF38bqgm2CK6XLKR2Qc8SWuKdoYmB75SwAErP78mKUnGVZ8
0,60,one_____,_____574,tSriJ916gFJ8UQTWREoUjoO3AiuQTvCzE9w8lljNQnHy0
60,269,one_____,_____574,O2IY5jYrCW2TKZE6LlnPatvN1L3VKgJakft9POGpEP3BFVYDX64z719s
269,346,one_____,_____574,XKpN35qIwcVLtEZfU1qg7PPrSS6wNol8BYfSB1oUqA8AE0c9hfKI
346,718,one_____,_____574,7r2N0H5ckWdYlWSIKyJOgDvSoodzvGhoW8LVsB4SGlHuzNSeooEOrHDJF4
718,780,one_____,_____574,xjcKsOcWU5Eqj9srxVNdtAoeuMdD0TomO5mqK
780,866,one_____,_____574,9EG1wUJSpqAjMZRCVq7cwLDzxT0UgEvQC1BGWZ5GUbXYCEyyIypy02IHi
866,884,one_____,_____574,zv1CKpyotuz8I2jwCkfafm8vDuexmhglVKQ0E727PljSO2Y
0,62,zero____,_____575,0D0P5Gg9BrsDxsDiHXbNFvYwBiUnIqyHaC
62,112,zero____,_____575,yVmhzIMAwv73oeDIa0EgLvtyJKXf5alX2Ic3eQRDOOO2KI
112,267,zero____,_____575,WBUpbQq9X6f7IwZe8EZDA71wwTH8f3E8XQQpZLiZQYl2
267,278,zero____,_____575,QhKNSMwsQuGh3XYdIfryeFh95iNGsEQH1UPCuxHvSxzh9b
278,293,zero____,_____575,1KfrCHPJETN6DDigKnrTyj3FvmgYCMMBJnLly
293,309,zero____,_____575,hqCggXpD2uIODyOPWguyBmF48LKP9h789lttJwJLYamhdtTPtU
309,412,zero____,_____575,iRT8AO5v3IjlVdk03USWfCymf4m0yfUyDdmqtPij3I9AwkZ07SGWREUXGrGe
412,427,zero____,_____575,uKvjlnY3AlasZcA6OGyI9BnRHIQnAx5jF6Yq
427,640,zero____,_____575,PVjNNHkfqAjWhZ1Cng5lBRK5oELlcM1sajCGR8dFzhzLt0fne7D6UwnWIsN0sRi2
640,675,zero____,_____575,yo1EkeGXachPu09bHpEyZv6WIinhsjWhIDb229iznawz8uFCFk4q34N5ry9eZwH1
0,358,four____,_____576,7tf7iKCZadorpPKyIzP0TDabybgKsTAOTvK7XXskEA1
358,754,four____,_____576,VEzVJYzybCZulbxVwbhF55NwN4NmiXlbp
754,779,four____,_____576,XR779ZFPE5pf8mO0f2NfIB4dYanMld5FWf7u
0,162,four____,_____577,f3MA1pxH0dhNW86kB0xopX7yipC9Zon6wQtAijHX8d
162,168,four____,_____577,eDfXUxWDXZCOgKR6TjmzepartiJxXbBipt2UyPez5IQJdDXiowsdk4rZ
168,213,four____,_____577,WAkRuhiwtcUbyYII4E7dmwVMcbgwjbgiq0KJmNnR124g42gyymeEOYVoI9t100
213,275,four____,_____577,y5rmtLszmLRAmtfGN1qIQdkXBrhnSbxQsdpqOIherXk31E
275,315,four____,_____577,yYy6q3D16a3t3VuEqCexItQHVwz1IcaKgc2eikQ2mUc3tqq0LbqbV4
315,383,four____,_____577,iKsYKG5e1pEvz1LGTMPnl1AzCK2Fea45F72a6rc84Icllc4usnu4nU9Q2SL
383,466,four____,_____577,CBl5QUS3MSYjAKtKe0uRFiUdbB1bGALxrpni
466,562,four____,_____577,wGc2TBeuZV7evIaZQQPADAiWhr9b6KnZZMLdFkXpELkx
562,610,four____,_____577,oNxPJadjxfpM8oQkTdqtUlwblXylRsYFidA9yIS0WnesZh
610,816,four____,_____577,NPet6PI5onGSKLZQaSqZ3pi9CIPhp4cqljBKs
816,870,four____,_____577,Ttn1XHtmOmyvrfbQH91bnRXI6TH0c7XUeza27mIrbULz7zJkDkNd
870,904,four____,_____577,gwJs5Ak57OvNY6ei2051rnl8Icc178M7jB6E4d7RLi228wKcYwJ7pkHMpKuT
0,97,zero____,_____578,dUWb7tdqjhxiZb6DEOyY1GFDW1AC9GgvOSr5mPndjhAlD3WdG2iE559KvutVk
97,119,zero____,_____578,dv9XrPF2efHsV69N4wODUxPJDqdoBKVZP
119,167,zero____,_____578,5MXrggb8nKKR7H8uF73S7xN1OaNYpCiQm5qH24cSklmqocmHfQ8LwP5c20sAJ
167,201,zero____,_____578,1gwtAvAHC49pFIhLp3nPnQgx5IuxENbOQRpDjS0S
201,270,zero____,_____578,OC6hQmAUe8CessYiPYz1tSisPQxnmYC4tvax0VGY8d32Uw5X7uhvoRL
270,402,zero____,_____578,7DJ9krYzgv5dUb7QDN8FB5b2rA5SKO9sQWW0MoOeDZuRbWkooR
402,405,zero____,_____578,iROIX1y0lXxUkHA26KLbSTPZUYjiR8NlFWWtbd0HbZd8YqC
405,489,zero____,_____578,hIhqa9VKbBQMbCKHXW8miZXB0QINjg7E
489,644,zero____,_____578,ZVX3q6HymnTsIrkJ5RoSG9ckDTqPpSB3ITa
644,667,zero____,_____578,hv7mKFv4ZTDe7RCJVXZFyBSftQuAwRGb
667,735,zero____,_____578,pumyMYHrF8MXjCCJrJ3bWh1Bsi35SjU6micaj4UUP
735,799,zero____,_____578,ZTlzzhxEH9odPrK3mMgWTpla6CHRNY0q9dhW
799,804,zero____,_____578,qgqxMhwcHMxp9cg9jA5tLMBWy27TEpi05M6qNBAZDCV56qveaSr7
804,822,zero____,_____578,STQsPYRZlleBBvE0ZhE6FQV8CZU1PO7iVqM9CZU6xWRXAQUtduo
822,824,zero____,_____578,cI6NNexjQWmsU1W01NPNQfvHs5DssRQZUxkyNj2ZLAOkLMGydgHK39sTE2Z
0,29,zero____,_____579,isTChvm6flLblygZAxuJgOWOe7KAPZnOtb
29,243,zero____,_____579,n8Ugz0hat4wfJaJeMBr1VzI3TboIASSzgVCklKb91PVg4Hw
243,372,zero____,_____579,hDHjNQl7W1XWXn872GACBL2DUW7ZkYOYDoF6BJQA24so5ev41KwxCehAplyG44
372,444,zero____,_____579,cVlGHvdEzB7JZIp9hz0MmeIaaS9SIt86e8SY8oMc7fq
444,524,zero____,_____579,KVUweWStKZaYUyFEPbqbwSeiPhBBdHMGMgzuqahBxWJmV79Ir
524,591,zero____,_____579,mPbQX0DKzKWRT9zUAvXRggErTUAKNSZU1fXkfseOWU0sjQh2O2AkAEJPW
591,648,zero____,_____579,9pPdI8d5lXMdrRcFQWhqYOHjhllCuvKqSomsL596LpnHTTkjLo60Y8xGQ19z00s
648,975,zero____,_____579,eHmDRk5nmxriTBs2x0wVTDdnATabkPtSQrtAgwGdxBTEfc
0,18,three___,_____580,BtfwN0VmzVIppk2YAPaj5dG3tHtlsFpoF4QX4S32DDMNjcoRsqgs
18,35,three___,_____580,LjGpVjJYR6MeYN160IWg6OcoQ4RjTyonklERCK6bNETLcQelLAQHt3U1DKrh
35,115,three___,_____580,HGzcaXVE5uG09PYMhmBFUjzj05LP4hfbmsSwXKoYH
115,167,three___,_____580,FvRWd3NNiC2XDoiyRgJsY6nmZ2aqA18IvCuPnLKdNrH26LmGIPJN0
167,376,three___,_____580,w58NJcU2P0Mfv1WcegUnj1k7wDKmRfPNNKPhjr
376,377,three___,_____580,xTvkV6ivBZszRH96b2byW6vyifhm8VylJtPn4mkRkD1JoGchIfAIDRD
377,383,three___,_____580,XNJHkHnMgeJFWMj8hmJQ6YJmoXIyJsD2FMeJRQklYxT8BQAsYgVVeZ8g
383,420,three___,_____580,mRY4h72TrDHH7xCMLW3VTKpBRtS8YLTz2iqhjZnyxb7IloktnKCo
420,606,three___,_____580,QQjWAy966lVFWsKc2x0Q3AU4r8dKvgpoFtwWVqZPqVkDaTrYjHZO
606,616,three___,_____580,lVFLeszc6LUt9WgzsJ6UJHrBkMwEiSvZofgWYkpYnF48QDKKU0
616,703,three___,_____580,pOSHZA3fF8TqG7braFaxV145jfh7q9n5
703,747,three___,_____580,vXBHZHhhyhgCWDceGNGw8xDa0d49DlE0nGVCIgrdfhIfZHE77en6
747,935,three___,_____580,ny7uxtXLombU0vMXOcgQro6Vy2oMfr4vNlxJH9QPA0pTC
0,101,two_____,_____581,YKKTK5YuSbfDMtv3GKXakwQcLtbii6mLJkt3mJSmG0UCQritlWQrt
101,114,two_____,_____581,gyXhdKHdcM8yKBpKAGY1kDoO8Ok3WMnDOR0D4gMzcoYaPWZxUB3C7ctKud
114,204,two_____,_____581,DWBggNFPB1rAAqXPZ0uEgFabnSfy6bWCKvyc7EDoQwQ42pquqfi7
204,256,two_____,_____581,YChqfll7p0ywHVzN4fNKln0YdbXCbJwCdBW
256,302,two_____,_____581,Ce3wnBvRe2rGkcUcplhgNvqXdP0JUvZILYyHnawepkmjjuD13Vzg5rL2pyiuq9JF
302,338,two_____,_____581,MwiI05G4JtlZ3W4kb8QkDIPZhszVRUgFb5tw3nayfWScpvFB41dY8Y0YSersl
338,484,two_____,_____581,A38PT1dneCDDfSi3QsXDUCfTnIcxpsnPXuimM
484,920,two_____,_____581,MudUyhwpkfrun1lHGDQsrOv2bVmepsnqZv9hi1r
0,463,zero____,_____582,2BZKikKLhisPgmQVx5dnCb3ZPMvIJYBL8fTsTj8YZObF0hq
463,599,zero____,_____582,P9Q4Ma51xE0m5idTiLngCFfGxDVZmL5G0p0H4GOrbG6Zw7Zv3t1YbwG
599,740,zero____,_____582,8WmYtAbdlAjJP6SwC099ABljmhbYZS1T65fyWQlEX7yyr
740,916,zero____,_____582,nSrpYpjCYYscXztXOTPlz27B2VBay0JmY0ku5w14V5rr98iPzUeHTv
916,992,zero____,_____582,Qzj6hKFG467Gv2hBcFdKkCTwdZLs15Lg7Al
992,1000,zero____,_____582,5aSs0G2lhld157yfr32q6ppt7Ao7H7QtoX6w2l6d0jp2h4wI0OgBOIuR7Qn
0,280,three___,_____583,kR3Zv6OWIMJHVoAjq6zmQCIKdRMzYkaAxoWUyQrboyUfy
280,323,three___,_____583,pZOJgfkPgj6YgLcVemaRMmuoH45EqaBgisZH30w
323,417,three___,_____583,Y8rewm2FVkiqYBoj6OIVATp5liQGAXvreD0p0TZj1DmgQ55t
417,506,three___,_____583,NDhqfyE0C9HZzBh4eNPbDNj3XMNewDaE9Bd1a1vabjRvP6cOK1gM0jT77N
506,611,three___,_____583,q8ZjPLR5AGtJqSl5cztH3oT0VwuBl6EpZ2qzFppMNW
611,657,three___,_____583,PUoKm0M2UE2UDKFJ0DsKBNUebdNjtGsOYew0xLdr9F1vTA2eejv767LbGYMhIH
657,702,three___,_____583,44hVnkSQRhmj5DL7hHQ8qHufMCGyB9JBKwVCtVXdfLlPYXAgclAjHpZcdT
702,985,three___,_____583,ZPKw0NBN0IQ7vrG0lPsjS8VyEnBrm49pSiAdoGsywCk1QNfcbSd
0,58,four____,_____584,FNT2AJTkzrVUL2KSNvK9gQP43Wpm4rFMaXmB8xiwR5qlUprcyofXA48YAKY
58,531,four____,_____584,eyJNZiFzAMolgFXvWtK90g3qiaj0kRvob7TYJispr2eQoVfthnKNgUuL08HEVRR
531,691,four____,_____584,Ko5DD6sled4JedA9r2feg4ppEHTxXQgUAqgKgjt0pdIWe
691,698,four____,_____584,UI6YOHkkBC8MMm12dOLwFlOV4MHy7QRICx3S8oFtdoxnTiuNzn41xXTIZfvRb5
698,781,four____,_____584,h3Wk2Co9675moCKVAIuYUu02MeYumrhfm
781,796,four____,_____584,sm28GesGnGDZThvX3PubBhTjsgoIjVLxkBFR2
796,992,four____,_____584,oTdyAqSDcBxnEFT4WwGtjGoJIGkThQrbApxuo3lUL
0,24,four____,_____585,QeZQa8VEniu9kI7id98UZfKetLedhpT6Ll8g5vItsdcl913yc0iiH
24,179,four____,_____585,64peHG4JOKWGpbVzSq2Mz097DHSvwqCtGfuUEDWlFOZVCNH
179,235,four____,_____585,0lHOLLaoZyKSulPoazklHU98LpwCAEswjOrlP7aw6fPW2Bb5h4Mh1DCTDIS
235,354,four____,_____585,rPrpZ5JwCdpXWXghrv66JOUkCWjvUNFUmUbGPoJmNKsweMKIdiaOu
354,638,four____,_____585,nUEPxsVQknoikI99xW90ToXiQDtg2HXPYVL
0,81,one_____,_____586,CvwsybarWwwwum6fQ5uHtsQlszuvDRlWulYCY
81,135,one_____,_____586,Q9rI49WJbUnc10IvQCZiMrrTnWE1xckbIBYVTkAgHEbs8fad
135,350,one_____,_____586,RDoacWgaJGe7idBCdCKgNFlJfubMESNwZyiseHUV4F3Nk
350,497,one_____,_____586,NJtzHwcUDWJE7DxIDn6uWoDogZZ8JmMHVc4jy4tQt
497,523,one_____,_____586,MfZQ3Vh6C8MXoVBFUj19JJDQzd8H8wu8WOOZ37xRNq9v
523,548,one_____,_____586,70dctIQTulndK9tcTvOUgfthYVdwfoABXwVHxdL9euZpKcMaR2k1RAhotgtqRdAH
548,724,one_____,_____586,a8NnajpmvmgWqCBuI5KOsQ0vCKfD2XZueFBJVSJ8nBqx
724,809,one_____,_____586,4ALUbqAkPLQ8niYiIWjwO49Kz5wZsDlmimz
809,897,one_____,_____586,8JDlBNvZqpLz6KOeVGcfMczK8KsPyVyVvrY2NmCTKA3eJROrZPNISXS1rck
0,73,zero____,_____587,96w5t36Pt9MbqQLD98KJREwkdnTQrABtn
73,222,zero____,_____587,mD6auud302ETcMNqH3itYhCwbTTwd2D4TAkOSikPsb
222,385,zero____,_____587,szvc35mmrjEVqkE25iItLq21l8T7ps1h8QfLOdiSsTSW3CrxkbEHpNIiwYFQYta
385,512,zero____,_____587,tYiuFo1dHXslO4T3VkYeL1NFIsHkt4ven13Y1QxaB0gNDNkkmkQ
512,516,zero____,_____587,SeIrOpmS083sedHaT96GIJJyEcULXeWPjOWhHrY1sGr73oOzEb1Bh9ttmWRs6
516,553,zero____,_____587,vcQWWl2RpkMf4HEtjXZFXKU68u5DGRdgponps9zTVosJ2YIWUmJBFsRXjxYJGR
553,709,zero____,_____587,XNy5JcA5s3IWaUUZKKayx42XUyl60dwkoVj7D8RPLcy42AxbjGh8psgT1GW1UgtC
709,768,zero____,_____587,pqrJYpUzBLiRUgNGdhIVdxQSMveJ7xBrvrcZUJG8YHUc4HOh
768,875,zero____,_____587,HPBNR0iHAz7Kb9N3fK6abbXmBUtZ0nD2agh
875,899,zero____,_____587,O1PtdBOBszgITJ7HyfLFLnyf0y1wDyAG3TVO
899,913,zero____,_____587,NVbhydgdYio1x8UDsxFuDHGLe8lzgJ5egYEAyE9Is1fJEonXkQfXhDK17WdwlXJ9
0,50,zero____,_____588,0Gvvt9LC6vJuvloqtPBucS7UzSpM1HAZWIy8bNBzkPLxaWZIe5N
50,59,zero____,_____588,Lu7DpCh2er5jKTmXmunpXq6BUq7NT8oVSexseqYQeAWsDICJnoqISaYW9PzZSs
59,70,zero____,_____588,evADT0cicYKnEliUH2Eb9S3rPViwa6tP11kGRMlcdLbbreCdOwwDmjqRuSExb
70,92,zero____,_____588,La6DoMNB7cY81P8mXxcAB5W6Leg3fnnftfyzuGvwNiWcs
92,105,zero____,_____588,pbBSO4MQBYCirH2OIGOZeiCyYoJuOw7UxlBQw6NA
105,207,zero____,_____588,2ODz6Kwr3t0uWdo2C6vaBYU4zshotzMHDIIAbkzF10yRCfkuHoxha
207,252,zero____,_____588,2iW2D6es9MMaiMnJ0gtAJq9iyvdFStlKfChUdzSFkhhMM
252,329,zero____,_____588,EdFA6KVTfTGh5m7uQMnR4I3QXnUXomkjIMiRHp4eb3PgsoUiSl4HzbZPupX
329,374,zero____,_____588,9FVVDOxRSl4i450ghYehjl7TWPQobkjqFCOBjmWZY53h9HIyXU4oVWakYZFbbb
374,414,zero____,_____588,1NDmiBigmNli3EmFjzxuCsV3T4RuMEjirj9
414,430,zero____,_____588,jCMEVnVVBorLiVS0hUrpAdXfvP1xn3wZniy3LsPOybz89srHvbich
430,611,zero____,_____588,TFemEaBSzXg7w5jV4BAa65N9VxPoRBbs0ciuKcYAaXzlbN6YdQS0
611,641,zero____,_____588,OHJ2SdXpicmothrQLifR0dE3Tifb1qtC6rfJP
641,749,zero____,_____588,SAnyV8hqXxEz04fQNCRSbFc75WjcsfAoyDjMAvrBPovAm2BkuxfXUIc8i1e6l9p
0,11,two_____,_____589,A2OMKAF3sPYU69PKBrQmkXYcTcxdomQhYRJCT
11,90,two_____,_____589,b3EGjxdIdNVV50G47WZZ1M8mzK1a6CtcrjDXQw
90,113,two_____,_____589,3rHUuFVaL0CAUjv1IHBhMD1MCmvmduucmOtUxWnGSwRvZQRAAFPcecuRDYU8gZSo
113,115,two_____,_____589,9NQ816dmKih2PcMH1llC3ev0UA4Rlmkd94X2wSDWtrRp
115,231,two_____,_____589,AOaG5OUMNyykunqS2ExQDHTozDax2ZHYSy0ATjt0yVZxFm7r3yj1HCEf4
231,253,two_____,_____589,LgZBQFNaTnEi4h2P2KexkSE0J0KenldTJHmEsEcNIce43cl1EZ4NqjI7o5pRxPt
253,295,two_____,_____589,w7DCo2bSQLrrxAl811tDJQEh8w5h5Zg8H54EtDMFtGKIxwuVwTC
295,506,two_____,_____589,HlNzmnx0x8OsqsCpBXqWUIAtdlKrhg2fyqj0Ei9btNyanvCMgl
506,521,two_____,_____589,u7AqJFIKM5RMuRyIXN3KQfWh84z5e0yk8nA1PN3AtnbUfrfLfbfiRX
521,543,two_____,_____589,W88ahU0BVrAIybOPzhVbnpEQHlJRi5GQPq1
543,574,two_____,_____589,iBdhun5Sz6NCH4ZPSSQnOSOyCv560tEAUA5
574,732,two_____,_____589,ZDx5jBmaF70uT2CVgsyoQ9XsPV94TYB9osaYBK
732,771,two_____,_____589,882gB7vqiEAv4QfTArnNesDWSejF8RV1179ZzdhBX
771,810,two_____,_____589,8izI48G8uFi7GxV3XCWN4GtGiwd3dnQFSF8stcEchCCJ7TmPKxbtlLpyPeC3lGtW
810,839,two_____,_____589,P5Mxvmwuj56Md4XlmVlah6FASoBYNRPBneRkAzE2p5
839,911,two_____,_____589,OPjxIsEDxMV4J19eehnsh4sIN75x4p9jiHDpj
0,2,one_____,_____590,TFi9FtMDXYuBxsf3GkwRZz0EwoqdkWhGRf7Wd7
2,41,one_____,_____590,KBeJJJrbIGr3NhY9bbsKT9jGuV8hMbFi26tKnHhkAFzTqo0YNbnPLd
41,184,one_____,_____590,S8bHUuC9f0f9DUOS1k7q9EHNa7dxfbak75r2
184,277,one_____,_____590,2eearYRgYfii8tkfM2goirJ3rvHmsFzYhdnPM1oT
277,496,one_____,_____590,CTezCXpIBMjjMpx7s5kwA6SEgOBMxjTzsZK9SkVWBNJ
496,617,one_____,_____590,z2sPmyWSiA36dzEJvv7U38xkGmXwHVgZrYtDawcnvFEjdQioPIkDyt12X
617,918,one_____,_____590,QiFSoOFO9QdllrhRCxaLraWgw2dVJGmYBiiPuYfU5HZ
918,926,one_____,_____590,6hBA4LrmItv7GoDjq6nT4ADFENIVyvxec
926,952,one_____,_____590,JDhZFWMppqrz6XavLAnZuoWDN2uq2k0fKj7o
0,76,two_____,_____591,fPSyHLKsS0tpMW6ES4wryOqbRlXJpA7uLYdPHyAEM4k7FmpCZIHYEU4KHY06glg
76,145,two_____,_____591,rzq2FffeAdTtG6KDiMLSCDrV4xyXWeIFGcpSzmDsgE0M
145,318,two_____,_____591,yvaBZzS5DhnmuMy7zWZRwjlFOA85V3C3KLHcTequbTN
318,555,two_____,_____591,c8UYTM8oQxPkcoFgf45ubUBjGNOWk6Q5YEXpQZw3aNfbPyzY
555,703,two_____,_____591,20ViHaGLNm928OohjogD5PmbLTGAnv41c3tJDvz71coQ0cZ6ARX3IYqEbfi5
703,745,two_____,_____591,FQPWiLCNmEbWDL4tEJT12PGCsBnKL80J1qcxrUCz9p17Apvk6
745,893,two_____,_____591,aUzwsbf88acarYkQDm7uiDIUrTM2muivB5PGBI1
893,911,two_____,_____591,eDlpOAOsFM0D5ENfoh7jqIjG3BI2NHyBdJfu
0,275,zero____,_____592,NU2O6ig7TIKNFTBMJ1fmXYCDufPEJERB1OBN7gDo3ubwT72jpbJ
275,540,zero____,_____592,gOV0uHCjpGe58WKYJqjJt1vG2Egbq6L1Fw7wStXAHfrlffFw029pLoDe
540,564,zero____,_____592,Z9cHnKG9EeH5SP8jRtcjm4P8JJsYY6gPeYqn
564,573,zero____,_____592,reYF12Q5FQFR3PMJEegqG59gG4vL3gZ7iDFA
573,654,zero____,_____592,86gkQ42WsqCiJh0WlA0246KF8sO00OtECnYZcDk6SqgOZBjpg7dRF4OYvZ
654,870,zero____,_____592,vnexjYjYLJKUCUsyQP8a7yhw551xnQj2E3myJ7
870,932,zero____,_____592,g2DtarPvSIx11Cru8a99O28VDzxK5loXdjiDUSYdILP5o2xKavvcQLdFo
0,82,two_____,_____593,PSQ6j7A09q6zHxZHP4ojPuYxV2e13zhQvR5KohGmTW5AvO
82,136,two_____,_____593,0GZ7FuHucCa7ttzVso6jLQJUpUCYP7Sb1xyK6GcITWoZDl2weMZS9
136,249,two_____,_____593,dE3w7vfn6jeumxZMxEuKFlIHu0ImlsSfV
249,434,two_____,_____593,LhVbkabeqrfuDXSSPq5VpZL4Pz2G6nnc4hhHlPIDeHOVp0fDcRZdyGPw
434,509,two_____,_____593,e7akeTcQpeJVsmWTiHMzwhib5f8ZCQCAn9x9x
509,510,two_____,_____593,iujOwlGBuVPNonnjmMpNSEoXYxVVrDVBC9YmOYBnBe5xAUNwSye7Yo
510,690,two_____,_____593,xJIjN0lPZp73KX5kG8GIewppv5D6FJwxy2fFpcZVVMHi20q
690,822,two_____,_____593,yByOgqLTlEjZYIX0jpSTyJK0k5sZ8rHzp9BOJ
822,929,two_____,_____593,NXrL4JUTYPuCzYpnzXPu1Iu0TcXwlUi9hXcOqI8GiJYt
0,30,four____,_____594,T6J4pbjqVZWs8acbT539PL6A6VPxN89g0NaJbPKLSM8Z8
30,112,four____,_____594,8uTFMQVrQQ0rd5gb9Q9rB13Jjy044elPpVOc0FnIIvmNfZ
112,141,four____,_____594,ydVDOTMhU8CvBWfFzrx9BeQN2cgbEiOzxGqPbbpG8
141,166,four____,_____594,xNtssR5w44PrIRH1RIsy78OSb05PPI0THmZZihFsMpxas8uZAgODUx1zoToJc
166,283,four____,_____594,6KWKiOmdWh4ZMbN26ojfekqlMxmOSvM7CphSZE1wVSuZsQ9el
283,367,four____,_____594,9HXUZ35mkCJUwtpIFLgzevFyDpehxKGfZFKY
367,585,four____,_____594,iVQ8GrNhNSatU4fLwFkR3G2bspVJms6uhrGli
585,879,four____,_____594,yErPVaZoyNVipDy0ifboRw18q1TKpoN31UtJnXArCqP2jwAb8RbBtRRpn
879,984,four____,_____594,amhmdTZYZps0iJjkhGoiimuLhznISk17
0,12,zero____,_____595,O2hvzvM2Xf4EgYFPtNCVtB2WalaZHWhw7weUrxPHDGXA0KuvyBD9AB3VD7RFzG4
12,20,zero____,_____595,n88KRyPNWqxvYFMpqCiXdJiCzSCvpz7DDp8cEnWBt6Zo6Dv7e
20,318,zero____,_____595,TzMKJoIixQcz9RnfUJOAVJX9P3SkMeD6Y8MGijx9jCSuFShHTqT
318,396,zero____,_____595,rG0JCry2vWhjBo4BEPD5qrGVm5QaiTLdcXb1cr1tzmSwCJRIH3YaEl
396,537,zero____,_____595,FMC45CxGr3MSl802cJfgVQaBC8pF7gT6NrEP8JXnlc9UqDZfyYKmbedAyi
537,578,zero____,_____595,pLhndZPlN50efnMC6AbsLXg7dlLDMoGRbrXiwQA00juOc
578,631,zero____,_____595,xDbLhJmMxuuwFukywMSmImjcYRyhVIk4k2hK7qjARc3blNLwt
631,648,zero____,_____595,5IGcjmqyeK8fmxvW4OXFF2oOuOQ7RSfKXNfHHT18KlRqMkD1i
648,652,zero____,_____595,sAqneYyKtnQpZTQriquP0u6auVpBUTC64EUWF349GJD5EQoYL5g
652,784,zero____,_____595,XlwxZe3pjqws73hHGSW2i9qGcGVQooIQniIC12DYZCuLKPmBQ6X
784,865,zero____,_____595,wVnlcQmZobNAShxSKQjxuniWYl0TeRamL8a8b
0,4,three___,_____596,J43PPT5XAwPNcSuteHLrGugjaUFH0GGOJkp9S
4,60,three___,_____596,lyZIPE4KCm2jS4xZ92QqPPBfVbMb04U5m7rSaKyofF
60,181,three___,_____596,zt1TOd8qdyptD9CShymikEfuXdFRUC8nO2Cwb9pYzfrv68sduzG0zkTmJEwjj1a
181,182,three___,_____596,OWebzS6bVEuwA8h1bALtgZobfphByxMy4aS4
182,231,three___,_____596,HESPHQFDNLvYHXrmVwSEb7Zfpnrjx3plZDgSLMKCX0nIlcuAVxJ0
231,306,three___,_____596,b5HMWu2Qa1ottyIyAWEPkxSPfyYNh4DwDbqAW840uZTSGFAcKg
306,384,three___,_____596,v4ktJ1nhXrBNwvr1CCTvuJ654T1fs7CNmsIJ8
384,488,three___,_____596,j4qxj15IRXInSweeHw8ps7rIke2ZKCbmfk
488,590,three___,_____596,xUFmV0QamEnwH7YVNQMhT6fTnYSfJ4uUSw
590,600,three___,_____596,q13z7WJY0kwDY0XUnLWdb5fjQpjWwNMOzMNRKbzUi3T
600,655,three___,_____596,vKHHyuBMzsvlrkNwroc01HWYjXqIb0RZli8YqYqB9bKWCi4CI4A
655,703,three___,_____596,fO5YlHPER82z28KY6TlbcnLxMPiOUqbF1DXcyeuKJOpGQSbcYKnyx
703,735,three___,_____596,Snu17k6xpAcldMG4b8f4p49aTDbCTbRzeny3f9nee0
735,906,three___,_____596,A0uQyvLgPbV7jBOJAqeufwupyUCEsXXjzxj
0,176,four____,_____597,ZeYSYrdg2hL6sXL2YFRfUsoCOwlHMTHtKr
176,193,four____,_____597,UPvps1q4Q7P2ewbLTGh0oahtyIMfLgq61CF4u5VW
193,225,four____,_____597,Ktpdr9h0L84sBzFzC2aiUHZqy3lLnUs8
225,312,four____,_____597,8gfbboxVHXo8eS9eJLzMmTEt83Uq0YTOyaZlMmcASx3l0L
312,486,four____,_____597,0GkoFdjufIJfk1UoeiVpPIqGtO6U0XiOaCiZKjhTu
486,911,four____,_____597,5LDq8EovZDV9DCtWmP0Wi3vxt4jI1olLEilBdRZSFC9V083WhTVm0iiMGi7Ayuk
911,922,four____,_____597,IsL7nTHBuX0PUh9gfghR68jGtk8ZgZGHlCiMdGH91sC9oqXwUtmo4
0,73,zero____,_____598,pxyNzNnDoMbUdM7RVOOD0NAHbBzYKqwoqBAUMkEW6poOeWC5I
73,118,zero____,_____598,CllSRYbm4TAZ47LrB1PULwzYQWsq2NLQgISOQwxh
118,134,zero____,_____598,mLxNm5zc4vX2wYvBDsHHsdkOwU0DOJJYS0ABanC
134,218,zero____,_____598,4VudHwi39SnlATkvUKuYYocs0tojMl9OUe88Qxs9xqiu
218,249,zero____,_____598,W4RMURE2un5QxevU9EG0ug70PGwq4Z9vgOmH416
249,274,zero____,_____598,5GDfFEPVxnXHzkcAIiRf1GO4DOTMNcMN5mMFrFdgnR43V4o9YnJs
274,410,zero____,_____598,SdGiC4WyZaYatYkOSGRQIdfcm6vn1vlriQv8veShmfJggaSKKnuoOBZf4lsCmWm
410,557,zero____,_____598,90IhcsR2D4m6utZvQZgCWPRWZbcIWOOLlothGSpWHo6CNpKOUEjatFjXbNJhe73
557,746,zero____,_____598,P8wSjv38T2m44IfAnrq6GsXi3cZJ35ay0F
746,798,zero____,_____598,v4XQD6mSzc7OXujSQk4BvU2bcqo2ugegkBfKamhrH4OLXFwAmrW2o
798,895,zero____,_____598,0SQkoXzmgGzzhSDR6rDF8rrQgsC4asdGHAZKWhyx
0,30,four____,_____599,ZfakXBM85DICXhZKRV1BJaow60OaBWzXJ
30,52,four____,_____599,5yekWUYTWiHC1Tb0gL7gvSKuk0xLplcgK1NFBcAB
52,79,four____,_____599,4LFDxYZOTdgKxDktbXByhaUycKAXlMJ8r3m4Xgd3AAaykSf6d9xMPV
79,375,four____,_____599,Bz8vbKxFobbf4BV9CIxq1jV6mNqpXn6M
375,625,four____,_____599,NpjLa70dHIiC6NSy3UWjpbcWF7v2U0GXNd7yGK
625,646,four____,_____599,1wIUSloVbOfQRtC9KoVw1c6WtGWmvxkaKyERbpxOy1u3dhH
646,711,four____,_____599,BIdL4MozkFATXz0Xrk6yGoklANcY60WJhW2hTI1xg
711,729,four____,_____599,rJrSfoMf2UFKyKos1i8bobJVfFRgDRhnssVX4JsVJV2IpNAzkJvgQK7oxiTwCeSg
729,733,four____,_____599,a9vVNE21EnA515ztADxLvBnuYjGP74kmbhPSzr9IN7rZGY
733,983,four____,_____599,cI9f4yt3QtKwX5FtkK8iCKIz5tWW2TV7R5fgv9A3gumt
0,49,three___,_____600,Xv53xFjFg0X5HFsMG4FfaYvDZUei4ix6NaFtu6ss
49,163,three___,_____600,LvT4ZnZCRxH1l8lTPF6aZE2Y2yZiJqE1kDeDqUMxrAWm9kSTB
163,460,three___,_____600,BRcM6Bh0gx9yI4phGiLLANfceaD67DEaKgq8Qeiaxm
460,492,three___,_____600,GpFbQKbjgptLC8KC8SgNJczXuUgDZMWlDgXgkFhKshe5dDrOYUK6idPlS9UkD0lA
492,593,three___,_____600,jOluWXQPQh6pan0147PdKzeh2q2uRQDSLBlojsHhMThyv0UxDTl9za
593,648,three___,_____600,6FcaLTVB0K5o2md3M0HD7bPzTL4p3AIY7JOvvWbig2Q7c
648,659,three___,_____600,PNKVtbtHF9faR4kikyAg2jqNK4VsF6HzgXxiH9DMmJqm423Qd9VgskYJvtaT
659,892,three___,_____600,vwE5dAoK1SnkrgV4hxd2GAddW0Hec9YENHQipSMxAjbDSIDofA82Rbc
892,940,three___,_____600,zG4oYjIPssfHYKzQtYytf6tKmz2xUEGEqYZ
940,969,three___,_____600,zZtwmi5wkPLzULIeATtRAkOQ4ZRNj0E2EUYrayKSNLYW
0,73,one_____,_____601,ISJ6qybDlbtBNC3XhItw5HYFo9IXmqaC5TvioSRvPPcFwtVCPHTR2UcNd78liy
73,87,one_____,_____601,uog6Mq404Nw4aRCkf8KrGAuD7krsZGnAcnS3s4KHVdp
87,98,one_____,_____601,dwyajkciimERcrGRyGt9ZFHN5KO5YWLoz7zSZ1
98,152,one_____,_____601,g4ifivvg2rZZn33WwK19CjeZTl0RAhfzynFrf63h
152,262,one_____,_____601,gZVKWShxEeg50cqbvsKRJQ20NiEWymnTBnGgwJqxPlgbBxU7PYir50PANBEHX5p6
262,475,one_____,_____601,iETScOsMM6ohcRu02hSQgBxxiCQqxbkhLnJNhEn1fRt7gqT6qVOOWQD72aNNMFu
475,531,one_____,_____601,wGjCqpb5diiC84QdIk4kijvLqIxWdaW4JCy2FWPMuuAdNWx9
531,562,one_____,_____601,PgjBlKzZ4xCJWkwUF5X1IAIIrwF3hg84EB
562,567,one_____,_____601,lAQOa3TUe1QsTWOzL5Qp71Fg2qVb1b22oEPYKa5l0LOaGM3u
567,588,one_____,_____601,Q7tQcCtMwuydNKGmYrwhy1KlQKQtrsT4eDdB1f3a2R26rG9EGFa4X09LKqPXm
588,648,one_____,_____601,JQ0M7VOBRwkEJTsqPJCQLztLX0vlhfR1DcI0B4VEns8ZVgbC2h7Cd3RSkkU
648,701,one_____,_____601,ppfQnejBM7g2LFcKesjrDDNMk62bYmkApAGgsGT9pOXClScs5TUGD
701,713,one_____,_____601,j8rCK470APONBQ2nEkj46R4VtwF00Pcz14vtm1xx1HmwbnrOieP
713,791,one_____,_____601,0gmDXQKfiLzZYV7VPdsMsGau0Slt8QP4DCvHuOV8X6XjJ4
791,817,one_____,_____601,psPD6Girfek2HsgjEvmJPdO2SnDIBxb71U9rWJ8pydy1Lw
817,846,one_____,_____601,1zyMxieEjThAXecbmNlDTgmObd8PLMzv6j4YAS5v2GZYfXi2
0,88,three___,_____602,bKkvLvuNTFXOGJiH8eRTTmS30OKtfU6A4Zwwfo8AHNSeOP
88,138,three___,_____602,4QnmtW8FMhUZWciHtalxzkpZcVI5EGBdJmRcRNTSDqOzZgxYD21XDsjV75yCQciP
138,343,three___,_____602,c5Q8qT8pS8fBaAoEkgTiSckiFV8V4CZ0N
343,788,three___,_____602,ynCS1XTDxbIFuyshbLpLV4W6feN9uof4XLKbXxSH
788,897,three___,_____602,Wz37jbpAu44rJ0ZPFmee1DbRNJ5nBptu3jccdb6T
897,974,three___,_____602,QKbb613pHuAdfQhSfOvUE5UqzuogI3RY4n8dAn4szC6AMeEczNIE8zo5jC4l
0,39,four____,_____603,tp7ouh3O0IYZDHHe2oiT9oVuRka5d7yKUEFThCQl8EMyp7dsfuP5tbpT
39,395,four____,_____603,ses0G1ZTZRfs5Z3QvNIGEi381f7HRK2rhKcTNMdFfqAShkc5
395,403,four____,_____603,nqz59lBOQZBq8Me7do2mXwhoKniVqyKZDYqPH1WVtMD1TxcZBzAm
403,405,four____,_____603,z3owIYhfuhldBBas530zRxuKCseR0QYnMgQbpEcTXTOFNQTnOALBjtE3IS6BgyB
405,668,four____,_____603,aR7ujFVOfKwn3BaIqMrPVXLcbxFrU0cNiYY2tYfWh6k13Q
668,684,four____,_____603,AdlBMBrp60mmaT9tmAeL8qH7bMdGyH5LA5IP
684,734,four____,_____603,WJgZA6c58ccgiKQ7GARRoNXVRxt78VPJt9qmenrS6wg10RQDO0ja53qfVzZJyD
734,812,four____,_____603,i9vyd1lqwbnkeBGRkOlPKrui0Azzomxj3zq9HZiCVKWMmkVFvil2Ro4bsfN
812,982,four____,_____603,3cvhYVwkNroqdmxoQMQpI6e28tnyQmlzEsAvmcHcWj8f4o
0,8,three___,_____604,dA4xoF0APhmPTlnkPE39iX4n6nhM7Y1EKp0HW6rlydTyGcmnncA7IhKk3w
8,48,three___,_____604,9SHN1t1smc5isw2yJaiUWomZRubJfPBmacTtzyaqFxGi5sl048U3kZJ3LryI
48,376,three___,_____604,PZaw3yvVsQj5ewhU17msVUE4umRc1KaHgwDG8g22phBPpKPMWpGjaBUFk6xrH8
376,533,three___,_____604,QOvY8JYze8n90TGTfdor3BZtlOxZrAn1oncgLJ4
533,674,three___,_____604,80cSCHZrXP1GR3Oo63EVuS1ZMZp0bBnMAUo4tG2AFaedX
674,854,three___,_____604,sMCaNL9sEBz9uh3yP23j2JIZOvm6a3BBvgrm
854,930,three___,_____604,c9tqwUGKL4in97jVjIJr5aZkUw3Dt8PWLGNDxuf1ROZwm
0,44,zero____,_____605,0jJ7fgccYRZYJEAmV09tTuoEAe2EkxijrYfl2
44,92,zero____,_____605,IJQLKe9JioikLgaWoZPH8NdLkxdV9pFoHuMCGZbKDoP
92,156,zero____,_____605,QhFSAH8K7mTubK3zmGwAkctTxcx0XwW6T6tbIFChjuPKhJ7QWXFcLuHpCvpV
156,248,zero____,_____605,kFllyHDokcwSYDu8zuSl6B162FUMWtEHOpDFOdaG6v1IP4JpGVEA3Tv9
248,291,zero____,_____605,t2H2S8mqo4DIAG6XNNgSs2xe1QuAXVTJptiC802z5F4HRS9sY1AdH7TyH
291,292,zero____,_____605,OK4WQVhaSRWRnMsL4Nhr2ACmKMZqZXaMHhNasYBbN
292,338,zero____,_____605,vLbJWAgVW0JtYGgA1NdKI2SlwIQNwevaZvqVm9A
338,408,zero____,_____605,UQoNSgovnqoCckG5nusgmCGS1ZBLeodgbxtPIJ63DZGTLSThD675WL2lSKdAbNbS
408,593,zero____,_____605,ZDcGvFTQzLnqZzoKM34Klat7i4Yzd85ueiCmrPFvibfMST
593,714,zero____,_____605,LtjGi2BFAvomJw7owI0iLv2kFdrFqfkDR4PGdNpET2rMtvsI
714,895,zero____,_____605,arkRwhPheALPUHnulVCoMlURaaLyfapcszRAa7RjprkQj4PNAnmSI4ZnqmVOkwo
895,932,zero____,_____605,h7agfNYqXe12eAbFlxDNVvxHf1duEZO1A0mPFhLHw0GI5P1awmWOwM9B
932,946,zero____,_____605,ipJdNCLP4l3oobarupQSCrabazuaZgRvHzA2anb
946,972,zero____,_____605,uwhFwa65nFzso9tTUn5nICkXkfBCR4T1L3SKw6jUSeL
0,176,two_____,_____606,KwIIUDzfuuonPModteBg5qinANjUfajbZVgJvCeR6IAN
176,212,two_____,_____606,blTvvFPcgKChDNVTvCLL7gilgOtXkAE0OIyu9gwivKpvp9UMGxiqLtkj1YxjIhrF
212,601,two_____,_____606,cTg9e4eOA7YGz8Q4j4VR6SsNXLii9uS4qVGjjyOQv0GYqlhr
601,651,two_____,_____606,aBjUdNjFln04R5csjmwr1F39WQnZWiTHtutWhgzx1cRnf7Kkm88HW
651,824,two_____,_____606,YHYExbumeEgrMGrJnVc9ucAqqnVDb5LuX1rgg
0,117,three___,_____607,he2GH796qmPIVlyuqzCH2aUDsMpuUJMHJvnZlP3KzPXlXysULj30aAI07Gh0
117,126,three___,_____607,F4p8NRyKDaFdZ4Ow96Sih7fRjY0Lqm5G5dByPtjl6LT7UU9k
126,161,three___,_____607,Yq5uymnsxlf6XLePWAUCFbxV8c6Fcw4V8G7I6eqO40me0S7BwCvh5cqhJf8evI
161,197,three___,_____607,vWhDCogSSmbMYeTkjYOXQI7qpOcNw5GYcKOSCG9mWiOpFLG8
197,245,three___,_____607,glbDEo6zEgnl50cdPlPHV0vXZyIUM31z5B4U6Fw1hfLxA3Xef27TfMPez7T
245,302,three___,_____607,C6Ge2PNDuYwqc6I7W1CnuSDDst3nKq2YDQ
302,417,three___,_____607,8fFcrDPc1XlzSPXA7AhxsMBwGGANsUcB
417,426,three___,_____607,C0O1zj4sh7B4pUdY3nsc0ujMOqyFFrtspQxc9P
426,496,three___,_____607,XXQiV3o9Nkx1epDMN3TTEJ4y15rMRVfkBBDt5plxVuY0OUGnJNM65
496,665,three___,_____607,RqkgsX8Nr0QKmYhbPTBlT57R3jYLOhYb
665,733,three___,_____607,i898TYVZ5dk7DL1z2lCP115fz2aRhyOQCk0LtGqBk
733,832,three___,_____607,wtHv9ZlpozL9aTItpnox2e7ylp0twscX4GkyUzKNjczmHWYvuHOV
0,75,two_____,_____608,MWPtV7RRtChcbG2sOUcWxJEjnwFqZQ3ye
75,141,two_____,_____608,AChjLvIVzqEgP3IXfMwfKYNMuxCz9JSQ3yMfUOh
141,321,two_____,_____608,vaCUjhjBhxsj4ewSJjNnFf5grBBNERZm
321,358,two_____,_____608,PYXR6x7O4rO4UI3mtdQuscsbaCllJ7LaNptX03xLrycej
358,412,two_____,_____608,JgrZzTAmd2kU1YD9513pJnr41FUByD0o57Al0CECkz3cjGlfh56XI8MrW
412,510,two_____,_____608,PMOw93PoibF4mrjagcbTMbCZ0HJQxch3XoFXFn6icR
510,589,two_____,_____608,CGLeI3eDgYPrCqcTjR5mOLGECcj14yrB9LgnQKhLT8ruiNBot86gNA7GhYqslN
589,662,two_____,_____608,5bdoS7Hker4OTvJ68f8RPYT2Y5YaKkuW2nF
662,916,two_____,_____608,azjcAxb8TfP0M10AzV4SeW7Kt0u2QHlLXO58n
916,935,two_____,_____608,5v27M4NJoyUiGamivviDrPntUGpbEbQHYJmdGOzV523wjFSCghC6Fc4d
0,251,two_____,_____609,UqBqBHatveF2kdcFFNYsaFg3G7qeIl0ep0dgsVUWjxR4phOhufTtJ3S
251,372,two_____,_____609,Zztm7R1JfBPqrsN9lIDRFhDk8hIzU8dFl
372,382,two_____,_____609,Jf9P34fpNROc5WKVJXobS5gYF1cGlGTTvqkzLtCtj
382,499,two_____,_____609,2NIO6Wc0D2TvIFCzO9UCOXVOD6Nwuu5ijQC2Awvo3kT4C5mdzn4wF3qoomUI
499,617,two_____,_____609,d93N8QEjLTVe0LdcLzPKx4gbIMmONGHdpeY7SsSc45QCy7Fv1B4QOCwM4ZFVRe3
617,644,two_____,_____609,EDBhhbEcSxfsQXfxVoOJUwvZpDfs0BK0VyyPB2NHyFPvJ
0,153,one_____,_____610,q4A8G9HfGIpc4x8M9eFVz2N3DaBbswoqKjI0i
153,762,one_____,_____610,shEuAx0TZvMxg4vBvYG4khWhOTjOCwnO
762,791,one_____,_____610,hVUSIjVVny0tvARWSzwXxNl2EJj6tzQ4zKtBWYjjQDdIGDvOlVXR9GqO2QnE0T
791,936,one_____,_____610,st9lfa9NAm7bqHB4jVv76i06UShQeBfDLepB91YiOnsqOjcb1JuX
0,16,two_____,_____611,QKtSXVcC6U5BnCCelO8EbfCginTgY4zwx698hacrdV
16,51,two_____,_____611,rmQ64FM65CpjZOlNrS4GDLljUf9bg82LcDs9iYSZZT4zX8B
51,68,two_____,_____611,VQWL99GjYhpVnZEeKHdg3m1RgZw8CyCWKfaKDDBIUymJ
68,240,two_____,_____611,0T5okKYRAiPxY1mcyrRSTPjoRATMVJvdTpumDJXdiZrjvLEuIMAYwWpMU661C
240,248,two_____,_____611,5xNOhhb3itzKqe3NjI1ID0DsH0XoDbAodf59hdP
248,467,two_____,_____611,jjRgDxayT0OT426bpqGqCbtb14LgifRVcazO9u
467,587,two_____,_____611,tRHufJvM64hokBDbOcl21EA51K4OqgRVCvR4ef4JU4psreztwaSSeOE
587,602,two_____,_____611,aZl0ueGytNNgc2AHIJo4SkppYMlssyen3JLXe8Sg7RpEsSro56TN
602,672,two_____,_____611,UCNwZu47y7MbIHGk6mQxNOaw4idG5JCR0NeCIssc7Mb1sOGtM9MJFylrgDJmA
672,737,two_____,_____611,k0rXt2LlVekhVWcEu5TqzErXblvKqTq2YAKU77wNLwjJrhRIuXpUakoYW
737,859,two_____,_____611,5Hcmhmpc65P0JWWYtqnM4KOLL9gBeftJT5WoRITIqZ6nhuWD17826YAycjFda
859,979,two_____,_____611,ts409JagWEyEK7eKWEQqmXeIh69pXXPNQbosmn3GUoBE6MQkWKtxucR
0,217,one_____,_____612,aTieaNBLc9HNLVibSrDn8tZIHQ4OQJCRrDqrC
217,270,one_____,_____612,QVOWZ6yGE14ha7LVbIzHTZVdXZ9KfTjjobQrsem0CBPzI4XeDjw
270,302,one_____,_____612,hZGKgiR8VQhcEttXl7DWJ19VgtB3cBpk8Ew7JtAZvhYU2V9Dr
302,451,one_____,_____612,HNvmrCjOqvazF2IbG3C3hXVPXgljJDJRAK8gDR8segAgTRU9dMJPDM63YFY
451,545,one_____,_____612,b4JTW9xMfqKozyvnFs1CdGOc2CGl3nlBazBE8mIQ
545,566,one_____,_____612,G5NVdoaewTbtJCN3RFuTfhcJDIFZUmgSkDElEscke
566,688,one_____,_____612,zsPK3JgscundXvXbS8nDEmHDL774wE7vHRajHEg5wAawA
688,841,one_____,_____612,AoY7pmEA3ZPGghOcikEogNEKbJ9dUHpRll6zEo9uDDzMmJ28KKSBlkQdlW
841,908,one_____,_____612,8biCEuiTzwG2ISVtzsppfHm0VBS70mdyr
908,947,one_____,_____612,DM6j7T9ucSA5hfQzQv2VFWyN3m5XKRXYfBx
0,135,two_____,_____613,cLs8iMr1ii06lBBfM7GbY5LbwqBNMzjBHuPePWyqdEgV1ktu1wfUKA8
135,162,two_____,_____613,OBfUVSO4uuzuEE9UG45bwRo2QR0LJqdwJFUUUa4P3eOpf5FoEMf
162,277,two_____,_____613,H9yCG5KjoD5E9wnAFSINUu5WZM9PPPjdKbZASmNiUEWss
277,336,two_____,_____613,kpAoNoia9GTc0Xsh4sxWnHw21E4QfX66eekKp08xYQJR4r2kOOIoc3AGZZx8dL
336,447,two_____,_____613,Z6iLBMbh4E3oSMy2yNuiOAAIF6I3ZDuxcf4aBnnxbQQirAegHM6OOtUuiju4e
447,766,two_____,_____613,OUwvZIcY5RRvRSabbkeVRJodhDYmscUhEUZRWJ265Db1ZLcxBQ0W039c7wqQbvKY
766,772,two_____,_____613,O5m5uWwkrOMy8fEvLOG3AzC8DeecCbbtbwr3VgDyL7xBvDh
772,801,two_____,_____613,UMIeB0grxSOiyzug6XS49Lq1xmbBSFyC04ZUY6qgiecQDgfiNdA75unHKsCl6Lyt
801,978,two_____,_____613,kNQFiozYYV7FQWK1RrI8mG3Z1nE1DXJ8g5IcuKE0nkfckE6sD
0,105,two_____,_____614,MePrvlqBfJTrEoJcMEvL4qAAZObNmU1IPQtEJQ1M9S8GtlMoW
105,440,two_____,_____614,seyA3w5diJ3oyYJceMeOZc7AuJY0YSWuNPR2gtWk4BT9vT4uIS1E74n
440,499,two_____,_____614,ATrbF5DIGcIerBij5E233QTcnV6ymj5yb3dppA1X5Wa0VWH
499,755,two_____,_____614,5zKAxvgToPunitwZUv6zC07QFXEZHMsqZYUPQ16Rv6zfSHcDvlYzqdxC81
755,792,two_____,_____614,4oi1FVGrUWjdYyh8bQMrhPldcJhQs39N8jDeHYYnGE4FiWLGAlTMl
792,893,two_____,_____614,mmLORiMMTM7ic3zLt2yBxMntQjKIOk6pk6fWtSxkjH44J43ufV8wxpr2y
893,969,two_____,_____614,rOCU98HPgRdREYYYLJdGm8kMA6XEWIa4AQBDng8s8tcqbJ6Fa
969,995,two_____,_____614,Lcn9VcJXGjZFNP9t6yQYodhgOmviKCdfRETA4jnwvKx
995,1000,two_____,_____614,V2vhcjp9C3LNfgVlFqqApf3XUKP83Pmd5SiXuyJOEhw9N8
0,613,one_____,_____615,IuAccmpqle33STC31TbIkvIKUj0BIN2vc2JtlanawT4
613,901,one_____,_____615,6Mp0OLLiwcYx2sCGk7Ry2TYn84QcT3x8Dtgj0T1fwxRuJbpiqWGI5ZL7N2M1WFdi
901,935,one_____,_____615,jWZ7L1RYikUMkooouAKn02KO6r2aXwjiDdYkYHWelij08
0,154,four____,_____616,cmBZPRliLzoV4BmGfDK4ZYGuheiPpnPgQonWYZuRreKIU
154,190,four____,_____616,cwN2DvfcbkVzii6N61ecK11PJoTKRguCnFgHDWTdgMDXpDYtHPMZuUtSleX
190,199,four____,_____616,1CrjXDy7Q74L8em7WxbnoXTHGAVstBmsds0CUFNkVr44h
199,224,four____,_____616,qU31qN5K6R26kXL3R0OWmgKalfyHyIajkRRdfYS1bsLG6FKwRhbrHopUcikk
224,292,four____,_____616,B01PVuNHyYQibWC9s3hQNbgCJnwAX9wwbR7z9Nca3F5tAxIw5dK
292,458,four____,_____616,o3kCaAn1NyEgOI5rb5AOLIvVuSeutbK5ozhmrGa35KoXzf
458,539,four____,_____616,l4CqyJIXSPi0UiHq2dhnXAL17c3MwiyvNGpeK95f1ppE6uBUUJQD
539,594,four____,_____616,gkyCMkA0WwDXcCP3rm33W8E6UZdBy7Sng7hX
594,701,four____,_____616,en7hUpIVUHqhCs1ziALBdQhHcyN8j6cb1NfsPxAhQrpwqwx58Lw3BvxF
701,727,four____,_____616,Ef0SsnQ2WxOYF0Zt39RmB2yVKYoSzwkcNYCcmtPrPf
727,981,four____,_____616,q9mDdaHZipt61eo7JbIyvWPevTVEGuvU1rY8T5SP
0,43,four____,_____617,oImVAgBPDXUyNhbyjK2Gjc9GBVzExqYi3nQRFWFq
43,132,four____,_____617,qGjiAADfWEW44GNTfqI4UNxICLoDnKNTc0CO396zdnDYDPieGYcyWV
132,137,four____,_____617,Z85G7euzJaHHnQYcO0zrePPAw2TRIDs0vg
137,164,four____,_____617,IS0LBJqi9HhNNy1f9h01mdNw3JlbQRYi5ADPYfVLu5OyzWRcuAWEUeBV5oxSX7p
164,239,four____,_____617,Qs2yBn3oPlFyBK84gTQYe46j12mK1YtaR4F8EtZk3Hjhh1J5LJnYu8Fx9
239,412,four____,_____617,GJim9czETldyTzHDu3ETzFkuBTfEdDpyBNiDBfyS
412,486,four____,_____617,6qu19qE5im1trOw4UYoPNbr6bufewgKpZXo3jQeAgj1LTvSAsLf
486,496,four____,_____617,EtITJUplhaWmNcRL2AmmHMqzjXp4pAKHl4ZdkKYC3eshBZ3G7y3lOEL
496,803,four____,_____617,tDcAXA0HfUvhFSN4nPZaUumbonrqUSNT1ooMjkKnduWSyunt
803,859,four____,_____617,F4uPiR5dvea6ZnJFpXiDjfEjlS6HdKxF1IgGwqWJhCTyY
0,91,three___,_____618,N7mlzuEsVBaOoXI4RMGbXk4PxYptLYHU
91,150,three___,_____618,2nkzLW1riqQvoKamDprEUq7RiIFnAF0gBirNHo16zE7jZmYbayhpIKhF
150,157,three___,_____618,Zm971vKTfO6nKdwGBTMn3Wdk1518kCIcL0huHQkCBWO1Tyop8E1EJi
157,238,three___,_____618,SXySrIXRgEgX8awtUgvHTnNn0KIYgazlMicmjCsm2kR
238,288,three___,_____618,5qkrwYxbpah8h5v3FQADkTFTGLfkavSXKqbDURFX
288,414,three___,_____618,UIMApOsMdAWzjuDwIV52reE89gPDVNM76vCVfUa53jj6eiJQkhi1DJyHjGabyL8
414,470,three___,_____618,8lpBGDqzsg56gZFafgknw1MfX6L0O7RLC1eJJHSPe548gDJwT2st0yCpb5Ye7u6O
470,598,three___,_____618,FITfC2vJs8Pi4gpOovcn1RD98p2C6oNpXglR8sFtY90Ipdp7PFY
598,603,three___,_____618,Z6ZuQqeXwYET80NehcTlciNxDzBhwxNGL63nkmsli2BZOSxmyxLumpZ2v7en
603,664,three___,_____618,gWRSGnl4aXqXTE1RAEujbh7TB7GHCYA5YudXuCovaR9u
664,974,three___,_____618,Pr0sgtVjGmq6fBChh1EKjEtwYHvkEKTi2FyPVQ2DwUZbjGnTRnE
974,993,three___,_____618,aWUAv9nI9R2vlKnHC1A0A5cmCpdGq4IHT1KdIXkD3LVi
0,59,three___,_____619,zFngZLLjhhkq1nA2VjRUe4OZCsfh6SI5mvRDG
59,229,three___,_____619,a55SODNRT1mWe1QP0e7a95rRTxGTJZCsDtgKqOdCs3SkEdeHCuEQg
229,281,three___,_____619,B0009k0aavHwkWrDPu0EGJspjs7DJFrr2bckQvhquoOIjai3
281,284,three___,_____619,lBaqQrREPA3AOSQWK43e8yoZiaVvk9HBcDTCjxxe7AbysJ3gdwm2YTd1z
284,412,three___,_____619,5S4NkjKAXW4pl85LD0BPZph0gmUP8fpqLNlBrztq1SnTxV4wqggph8wG
412,558,three___,_____619,hctjsUoZ3lmOaPos36K4dNA2jaWJY0t7DlHSMyf1foQr
558,595,three___,_____619,3k6oh38DtVnQx6QhFKSZSkoUYOwWwtIn4Ik845fDj63NUnOoPp6VJUR3yP
595,898,three___,_____619,rTI5cwQuISvyn5oo5kRKREDQImnrOnEqiXMgETax4hJkkjtCuBLALw190
898,925,three___,_____619,NosfswUXQfTb22okKcCtWNkmBdWiHY2xWwReQKwI0zGa3CKCdp
0,30,zero____,_____620,cSlx0ZFUUEGPWZwCFHcpy9kONW8wNZM1ra9UNkNSbmnN5UQjyKW3ueso3zd26
30,110,zero____,_____620,GnVO2EWOA6F0Uh3gbzEsPna517OjsTv2rhgas3DPVOI06T
110,256,zero____,_____620,deZHgKnW7eh8gAanNbFzdJkV2CZmCBrG0dkzJ3oPaawiO8INYUuhJa2Ier1l5
256,268,zero____,_____620,JksJR681JDFp73uIcQnzGsFk7tKJxu7WE61ulK2AjEDUPvGmTELn4QDbjq6Sqfm
268,318,zero____,_____620,IcQKyXxFxqceFUCLfjvI84Dfg8qRWlbgCjWLUQ
318,375,zero____,_____620,pb3gFlSYYK3hDiD8vdvmM98hZqSqbQ07ZYqBDcJwWsOGYm1C9iiTc
375,402,zero____,_____620,waEyvXjleq9sAB93Qhwk8AXVs85NYxGqZm7A
402,418,zero____,_____620,zTX6By7hnsYnJVgSuXv5SyNbqTYiSQeGOX73US7aMbxrcU727YU
418,634,zero____,_____620,FNSeonQkDjGDoO2iUVCy5odnyjj5lfFUulxaTyC
634,651,zero____,_____620,KlktbR8pHexAEgQBSgXV4dQKLgKfwqQACNEtRA
651,686,zero____,_____620,RClIDFMbO1wJ5T9O9LfOydevk911J9DNEQiJCpY
0,50,four____,_____621,kaMHBPwYH3rbU7aug1vY15RYVJCFUQSvNvDNlfkJRXWtWi6Uh
50,95,four____,_____621,CjhSDsvchAi2reEmzjdzd9iOC9KeM458v0spBrJ4JUIzFCun5UX
95,179,four____,_____621,CdJMr6B1jsaQ3TVV21H3UZjoa3rAIFOfvRZpUIi5TOwNksmADRJ6s6ZxvegN4
179,217,four____,_____621,5FCbyiXeh3mr5N5JngfXvpK22IYWjg2y
217,280,four____,_____621,h4XKujR05uHY3KyByGqSwTM5sNmN4iKDU
280,371,four____,_____621,3jVeh1VjE1MbiEF8GfFADRFPzdMPOnm1uyI1BTZWDY
371,662,four____,_____621,M7KakitPaZXHWiP1HC62Q2pRv388VTOZujM
662,691,four____,_____621,Mn1VhJWB0XnJ1I5JF2BNgnXCt0RH8L5vljphcUfj1I2JD8WwEoUNIkGwrjwd
691,707,four____,_____621,vkO6w0c2jp3Ospyho3VIwuqW1eDljS61r4
707,867,four____,_____621,FWDFSyuskvEPVOo9N0hkNxtndhotBAbwDYQKd9j3UmN5J2KFa81T4lKvrF0J6qfU
0,283,two_____,_____622,gFgefhGFNihnMv4bpz4g265OdnyYRhwcVrSoyzAE
283,399,two_____,_____622,CDpLdBYvXHk0mu4YWr4bCGWam2yO3D8JKjYQ1ddf98gBHzRhRXW6
399,532,two_____,_____622,pMavXctGjgGPapBNOMCYMPgPaHL0ddWBWQEM
532,595,two_____,_____622,D81e10kt5JyHfG55lvI7hPPVfQoaQmzXk66O26LsDcKA8HNH5V91XwUbw5x
595,655,two_____,_____622,YGvDWxi3yD1f88I8sxsZ84wmxySheNWHSsX70xnUiPWw6ElPvrHf
655,779,two_____,_____622,zouwqRJKrrBqwoEq3DsSSMGSqrAUG0lOCtlGDJuEaIvXkiZgXvt5c
779,833,two_____,_____622,ZFcvLvPpY95UPkKaiiMy7dW7TmUlxM5a3jmjBVXZg2PFmKpevSnnNYV4krcCnLk
833,865,two_____,_____622,aq9rlAfktlBNYOudE8n9t90uXa5zY3oQeEW0PmckXx6K82rsj8msY
865,895,two_____,_____622,ZiaD78SBqO6EbZhprqTH5hyK3EEZzisZh5QdV7GAHAXDKTf9LDRObx1MSHgYf5I
895,995,two_____,_____622,GaZeyLc0Ce8rGvotBGbgwu8PLxTGl6Dy5
0,54,three___,_____623,2UhyXfzHrkKHKkceCf2KaMdQf2uC5K5IMpMyG9AL
54,71,three___,_____623,jvHpRKPjvj1k972F6VvUiNgxx1GNIboCauabiOix4
71,168,three___,_____623,vE9BPN9h9gPs1nR8So2iISphRRxRDWoreuFjZ8QZGPUyL2OXucu
168,227,three___,_____623,NoCgHtAslLOCcRIhh32QMPKTbRhtEL01AcwQK4nkXQRJ0sKr6MXec
227,307,three___,_____623,ecLu6Y3FTzqHen4yvYP8MWQ63m6xRUbipeNVh
307,430,three___,_____623,0AeDzIaWUlfkJgSfK29eRQAQDnSPWpKejNRJCZok2F
430,530,three___,_____623,BZ2cv7MVSQxrOT7oz63Jy9739QEylmyEfzZ4
530,543,three___,_____623,LHbtrZntcfPS2GgNMKZcwkH1xYXdzZlDcxUwmQ6Jii9KHrJr1mtiab8v8hkC
543,548,three___,_____623,D6NokL9U1ROeVaeIpwHfB8QiokOcRG19ayeOgKI73BvSDdePjjMLOPp
548,640,three___,_____623,c0ziKPMcNDn3Io7cvL9t6UEOJTmCOYGiMTiDIo2SZPhdgbM1TB0IMPyxEA0OlW
640,873,three___,_____623,IjWaYDeEc9oTrnWlcj8KFFs5pF9DFk3er8D1D7y64j7Bb
873,887,three___,_____623,cj0ncKSjgO4BYakREEAU907Rrwd7d5ZzmrtY099JdKDz
887,943,three___,_____623,fQsJfVmSV23wDzcB2SxSdNe18BsPy08U1gVTEPrgcRdLSRUnARsISo
943,958,three___,_____623,PV1ZaBQVpLGE8EfEizEHR22w58oTfJ52AZ9AXb2mCdQ1EEB8Fpfve
958,979,three___,_____623,Amcrp0bNr4ywcFSLEU6sUmo7wtPWbEmcXYCQKsILUe
0,249,two_____,_____624,g00Tl0GFKDT2AUz1rQz5NLvWnVDUfldaizCX
249,626,two_____,_____624,kRo7PyKmf0Qg8RCshDxJhIb2U8U2XhTN9xh7iWhSBqMEqFYZetGN40
626,642,two_____,_____624,eDHvnpH8QJ2mjyUFXci2PAzIyhe5RBj5xaoKJHL9Ccuy6TtCowzK
642,692,two_____,_____624,6OLUnBCy3Hez4Pv1Owh6q1WmfZnOp8lyRf4t5kYHaHFG4wJ8Q1MU2cXYOcaPSn
692,704,two_____,_____624,njrgAP2kUjgNiYl1niynv5LqCxE9FrEW8cOhEokhHrMgbDQKQLHkiM4
704,788,two_____,_____624,bIJ5eLdz1g0qamEjt3i1hL2z7zed4JFNiKccRqCICSLdiO7
788,811,two_____,_____624,4uXWeAOyboq2HbuKb6LkyfxxavofprUyajxV
811,835,two_____,_____624,n8fM1v49ea4Czm7kWRH5nthBBrNjgrtvbj7Om
835,929,two_____,_____624,WCUthFxIk1xeKgq4J3h0GxrgXMl0zS3REyL2BqrvOjJ5QrBTzP29wq
0,17,four____,_____625,HnWH8uTX7oSw7A3U0UInxMmdtWDKgx9uuCuBad02sVkDZNL
17,112,four____,_____625,sVVD48M9WL3fLLRMWdmEsgI35Sgph13pxpIl00hzrbRzQptaoPBGFzkoT
112,188,four____,_____625,DnpKIDzqX6ldjMCscmLc7CAlxyQmgBOVpOlyVf8vT7D0Pd7eyexeV
188,231,four____,_____625,tTN0T8KCk0D8FWZOkQ0HxApoCLa4KI8597t6epwjtI1zvjLe6uALPUCCe6Zhp
231,252,four____,_____625,vq4AyLRcactGV3dVDGfYjt6sJhNLRCgMs6HugfDZnN9WZzXm
252,396,four____,_____625,hMLwZ9xu3uRAR6o1CklJTpQptw0EIRtQsOL7Kx6KT3YoS9CF
396,438,four____,_____625,sz9DIjXPUOqjULbQJB18PTun3TyAek7g9I2Z50tFS1YRVU3YlKBB
438,541,four____,_____625,TtNSyAplkADGXF4vgtoBbOrbVyZT7xr1yKNDl4J2oycXQFQLt3l
541,594,four____,_____625,EqbQPqe8f99mmlgCtpQXVox2va7wXWBdvFFrgmxRPT3UvGjwIMnzWdGWV
594,614,four____,_____625,bu9lIR12UTlSSUqRf0F4nRmWrxoghEbsdpvJUEjP9u6FhyasTQ2omPpKoxS
614,691,four____,_____625,CIbFPiOFlwIUNhTj9esrQ4mFozRtnfKJexVtHzHTnK4pk9eh
0,165,two_____,_____626,t3llPmcIpEbJJzNwuDHObmIJokBlaaFhC2
165,178,two_____,_____626,MULTC7cn0lrJchwSoD3bmGYuAr3THXYb1zkSiCf0Mjo7LmO3IYz
178,255,two_____,_____626,B373fZCCyFxK0khN1XvmWuR2BhDcVWID1Wt5C0k3fsXs
255,313,two_____,_____626,VoWcvT5Ndcw5IQFF9ID66RKXjzIgu03MAopNVNyEkOmLg2q
313,824,two_____,_____626,z7csxyQG3tpk1lAaBdDjOs9jgwuMB1Ed5USwL4aWVZptatOlLc
824,903,two_____,_____626,ObQHugQJukztAYiloExCkrf0zvrMPNAnMfyhOxvnHnli9aMJt3yN03Uw892aQXO
0,111,four____,_____627,R8uaZxch34XTDEHO29YMmtqdSUDka90hzsqR28cgvkFMl9BPivVs
111,530,four____,_____627,QSAQOSxqvJTQM86I3m2lSPFCnePKJo8cB
530,665,four____,_____627,XIht4oR0mnjBeqdps7LrFQqj1mjP9ROhlsh
0,41,zero____,_____628,Zz8gstoSRsNctGoB5tjFfm9yj6idJCJo
41,87,zero____,_____628,XexknR7z636mOxTG8SGKVn22Z6YNKJeWGca3wIJioIEpPR
87,113,zero____,_____628,lREQQBUIE4VPEeZ2B1fyYXqv5KBHmlddVv5m0TqfYUfo5whuJNA
113,131,zero____,_____628,mqpUME9dFznpm8a3a0uawfavMETwiZhAP2HR
131,165,zero____,_____628,T017bpXUppQjuWjuk2jmpbfz32LBXnjaLkWod6jTT
165,246,zero____,_____628,lI0tm9AHEvgdhvGkTLuhTpG1bb00dOrWjjKwlGAE41pMff
246,374,zero____,_____628,RnUiFnptvHdg18bCdbcQE5K2tOVMcq18M2mmi6jx6RW0YiKhrWJ0bBwduYF
374,438,zero____,_____628,zRLGixEcBKSV9zXzQlRB0Ly0Ckonsq5UUJG5jRBbq3sCikX7V3BVg5NfEPF
438,460,zero____,_____628,FTBrv9J4IJxNcX0F1mzJ1oBLT2SgzwPvC0t6IMiH
460,488,zero____,_____628,38KRfWEV0GFZ6fO8srfYBbhzh2uf4se80BMeuFIFTtPjgRFTUDQQew8w3
488,501,zero____,_____628,WPKlkANiB8Wzu2WI9SeglT6DAXh9FvyGtVXCTbo2Ur
501,525,zero____,_____628,csq3oHG1vNzHXwTTaOoRd3DUK9lVKrEvIFkpsZ90wHzbHUHuaj6
525,556,zero____,_____628,A0CeqAjGtCeBiWmIZLIiMpxhef0YD9DAaSOh02HsG0LBJ
556,589,zero____,_____628,S7pHpDI42wGJdm7Lwx9aKjagDg4C9TgTNTf4W7XOLAMrLNmQIJnIjCOamln532xl
589,623,zero____,_____628,mcpPOjLB4fpUP5LBpfX5Kp4JyruDv8qLrDU0S0EM1uBYgtrfsNCe9VeEho41p
623,682,zero____,_____628,qMgRkrqQ1WNMEYjE9J28J8Y13MzLhmynS
682,839,zero____,_____628,zsznFPNF4qC6FA7YCPelA6aIiwc1KelBfoyi5PsdLdG3w1C1HULYW71JvNHNOH
839,843,zero____,_____628,OYjulSE1FPszFZqV0yl6Eg71dxXwBCvgTZB4C
0,58,four____,_____629,tbPdgZ3OZobvpWyWD8UHDIhngwXW6mWncaTZ
58,327,four____,_____629,cVlFL4fiGjHztfncRszDJ8fXnTjmZT22P5WPj8zT2Lr5tNLvUFRIIwJOk
327,355,four____,_____629,tR4IJ2EqMb8keKQIeVlzqkyKDDsaYVtqWqZ3EgZklr4BoSzRnogD7hh
355,373,four____,_____629,Rxz3VvrVCcVXsM0x9YuCfRa8vOD6rWLpzm57EHv746lYyIkhF30sshr1Rcgl
373,381,four____,_____629,uQoah0xkHBIjPdu8AVPseTIAr7A2nDJ8nINAxjQprULinbogyO
381,449,four____,_____629,qqQ19H7OAUu3GmNNpTtK3CVVwkvhQKsMQOhTzgfFv4vSRVI2NgAiEkul9
449,588,four____,_____629,cXvTrvc1yhSKvVCFxroMYfChAPJMdEdDJFn
588,592,four____,_____629,E13RwNBxwBw9hQZpnTAU84xXDV325ORrMfpBxCaCGYFRg3d1DlNPVNtBzmpxiC
592,881,four____,_____629,OMYuRRuYqxPLiupFPOrCkWzrapweAyoOpngFPy8YQ6aUzE2LYU
0,256,four____,_____630,useBVX2FVAqGjZfPnfsmaHcE5gDY7KO6M37M9vQaWuGL0kCCMK
256,278,four____,_____630,ovS518O83obuNJcDcrT1YcmU57kIvJjqVsYZfxfWxm9e
278,353,four____,_____630,gg15twZ9QWIi5KbmAyoScNNENYCDMtzWsAsgxBjHBEyZA7IV9nHJASW02nl
353,429,four____,_____630,aXJU10JvYLIgpvxPzOsHRmnwOawS7wKX87843wQBb
429,496,four____,_____630,slgWugfzVhOcWkHEy7VP8ANoS9tiudAOO3nXkYiwq
496,949,four____,_____630,kYlzP0W3y4W6DWMYjXPZqdKGnis1ZdHNc3wahHapTcGeda4jviZpIpmr0b
0,306,four____,_____631,nfVORvlmVPsDsBfYwXsTlrE9lIm7qvLtGivwHgEv57n
306,411,four____,_____631,tBXBuUkwcDZiE6YTCdYSsfgD38jMQ1nSpBUWOG
411,452,four____,_____631,zyPBcHutT7TeZawxCEZUZ51w2UzeENJVf4M9lpBKJGydCHlZ0Wa3i4VP2DAbd7w
452,561,four____,_____631,KMg4RB3YSm4zb2NkHbPqWWJBJbukQx4t2fwpmkjzFSQlySsrhpZ1aSEim2
561,615,four____,_____631,5CVfhZWt9fzBOwPYy51vBR9mwBD5KxMhav9nPLvBoB
615,778,four____,_____631,tdkujgMlkqLOuFisszsjyrXSXvuYOV26NrMXrAKs
778,933,four____,_____631,8IfB2uiftB6esz0R5fmJJNaVesN4NpYO
0,209,zero____,_____632,UtLcguRf4kG6bYDty2kM4zt3uhv8iAztSjjwoOSC1fwxED3EOG5PhVRxicWFVJf
209,366,zero____,_____632,fw6NY3zoaTv3BRnChRwulCsmYeQyBf1XbaUhm3sDZbh9Fc6WjDBkVbiztV1nh
366,377,zero____,_____632,NBdFx4EkBYgPDq7oABnjYxtgRLYR4EuzLwf4e3W9zycWg
377,414,zero____,_____632,QTku4YxanXPYdzPv76yqXPkF6ClUq1c6K1fBgRHuZkOBLpH4rBhHZbofmw
414,455,zero____,_____632,mfFOrJCElBVumoqu5kRx55KgAu7QiVhSOmybQYbsPcpTS8GDXTMC9V2Ra
455,560,zero____,_____632,vi7NCe5qrZ2ol2hZAfiNSijHDCjlzKlkvArPyqXzB7v8U
560,683,zero____,_____632,xt5qhaTtRUkPv2kc5zTGlM5pCYhbajRvlX
683,826,zero____,_____632,xlMvuVmZidl7KlN2QCSnchy1wZZLzhtltXnwEZlJas6
826,906,zero____,_____632,wLtntcJZraiFcFM48XNxGG09mUtnc0W0sdnGTcfRxgt
906,920,zero____,_____632,EqavyAoi5T6tIIP0TvFy55EbGe8EF1p6kCxTB1j0Pa
920,958,zero____,_____632,3BVbBq732OXWtJ0tmEjl2cKN7uGph0L0RqeqjhpzipV6
0,60,three___,_____633,jNI93PxmNXTm1hvdJi6gVIZS05aQY6h8Y9XoWrSh22o7aYu70K5EuG
60,154,three___,_____633,RvqasmXNrzsiOHmrPWrdOXUG71iT8r5bXsCAd8tKtGwMBCZ6KifAgrjj4UZY
154,315,three___,_____633,Lt441aAv0POIZGFdf3kfLZKiGSHonXvCGtXBTFLXVnvn
315,341,three___,_____633,2p4zf2HdwssGVweEOulCB5io5RvWGRSgxxMzly7dNnhLlSi5iavs
341,429,three___,_____633,unRGKjhfDIOc392ysLaVTdb21AsTeuA2Ner6F26Y8DVBPyDlZCpmdTo
429,473,three___,_____633,qHHUglcMUM6jD08cPELBbY63lJlG2AFkwzJmd1VtYnDZ2qvapfJVI51gxh
473,564,three___,_____633,fkVzsUv2d5uj01fn2WvjyuRoqNEC6snytSzGv3qjNKsj1Egw9ZKB
564,571,three___,_____633,O6d8hgzKAYT77OxMsDeM74tJlnjwd8Mtky8c5T
571,644,three___,_____633,PwkDRWwGHfMnUFUDRZnllMIzrVfjQ6zrnqF3MdCu
644,732,three___,_____633,0fjgNEe0ItVcFjucF73B4DsTEjEWY0B8zM8QXW
732,828,three___,_____633,DjFuNPKijlDXop7HGK0R3t6Vp02CqAvx7b7ehSkA4
828,936,three___,_____633,l5OVHZ8PzyflwpCfoKzWJheGeFIE8e6L24MXXQuz3VPuBOFjRDJ9c
0,71,three___,_____634,dGE7h2JHUC3OrJbGxDYVrQ1N9DsvG2XsCZAP6apn8M9yyLfOJpq82Flg
71,308,three___,_____634,61mMLfyueu08xWIEhRJ2Xphp4MUZaEzzEt7T16X3dRnA0YNjN
308,528,three___,_____634,Q4YLMlqYdmMQ1GFOgPuVZw0ICg4TW2rZLyJe70L0AES
528,563,three___,_____634,hupdVXyWxTOjhe0yrAsSgs5VthS3g91EGOwn2HHexiO2OcGMZEhGIVeXhkE
563,613,three___,_____634,jooKe2qgT5VadoGqfnb2SJKjCwI7ZhYWeu19o0MRDl
613,680,three___,_____634,6HzoV8yXQEovsCOCWDwluFC7wCfOv3oZQBft6IoKadSnorVymCz2pN2ge
680,746,three___,_____634,5gcq9iC8r6Anp1MDu8oEbTxr2cPrybvv7DsCS1EKSJ4tdTdA0cN72WoPN
746,749,three___,_____634,ss1tFS6WMdcN1efIiCeCdVfvK1vKKMZA
749,879,three___,_____634,AhxSgrhRSnvhCHXa7vIr40HiINCl38atRbxV
879,931,three___,_____634,azbKFLic6W4WIUnqQ6vRssvHADYpczmsf6kjnF4
0,11,three___,_____635,wsMnfypAoMFxbCY5AgfCQYVHwviWpABZOVjuUIweI9iMkGS9gv3n0QjljY
11,170,three___,_____635,fykmfieQzfkQtoCmadoeYjSHAjYVsvDzI4mNF6CC
170,271,three___,_____635,X5nS1k9BEtOdddXwQfqozJWdFYJD2isdqbguvNOBm
271,378,three___,_____635,tcuKALWZ6OOdRaZMfhs3f6PZTpj0oWUDLYhCXrlOt
378,435,three___,_____635,YgKybVrnxoCJ5mtQamP2tqMybGPK8dHyewV5rAy
435,440,three___,_____635,k2FuQMcaS4ynI7iOPu9ymhLLX0KBsBZBRjP9ii1z7s3IjhbzzBHV2der
440,441,three___,_____635,3FlW2g8v8zRmxajVZKNLKlpSmnUCbWK2O2wBTN6hFm6V
441,472,three___,_____635,hy2SrNTcsDK2rfyRTdppEkyOYfjTA6pfreovRcOxuFXxRiXwSv8JmQ
472,502,three___,_____635,tfwmK5eIvUIER0YMiGFn0pHLQvQAOurI3Ct37cm6UJQLo
502,560,three___,_____635,YEMmLahE8VaBJex6j2ZKpZMcFeVdVstr6jZObL
560,580,three___,_____635,DL3oVMjA8Vjq4opwPaaYgxvtok3ZhKbINifPtkKtvmOE0FMC3LVZH4N7cCkhaI
580,654,three___,_____635,NOzIrNLDEshMynA5CA7kml3OhMO0tyHBkIQyAtKzo
654,722,three___,_____635,EkbhUzvuLEewuc4WDUZnV0SpPk8GjtCgLBEY
722,798,three___,_____635,8sAD18a0yhhTTZ3DeNovPuSqP7jrDHZfUisZbD00ztBTr8E
798,813,three___,_____635,ZgHI30SwRKrOHeLe2ZPKUqvgeU69KqIbTixnqiKdvuThVUnXhW5fGix
813,950,three___,_____635,utYYGDUgMDY06FNNlfTCoPPUv6HH2xsB
0,19,three___,_____636,OvS8qS1dmD9dc8252U52aMMd97lEA2uZOTRLnTDkxpG5SUbYDxNI5FBa0Bj9PZ5e
19,255,three___,_____636,578eMf67xtllD7uptuNp7ATrU9WLQydXjZWUAFBl8i
255,364,three___,_____636,tmQOT5QI1JFh0nVIY0l59LZyftpjElGe2awWsm7gL5tdikQCXIZJh6
364,377,three___,_____636,pSZ3ELFtk03PZAjKNiLiPOSNgxL0f7MLS928nLCTOBhoigJB0t
377,434,three___,_____636,oNys76ZWurNCrFhBL42Bk3wM7VhiENKVA3x5AT54yMGetkf7FDzGefwg
434,435,three___,_____636,yhmBWue3FmlvinrLHfXsHFFonOfhgTNuusocWSl11
435,474,three___,_____636,pEJwbu4nJCsyt9GEp9qhguJAaCfyOtpXUToCM2NiXBy8icdDhgZf2vdOLWdmWc3V
474,560,three___,_____636,R6VG4B7qjnV3JSMCI2top7NHezE02CHe4J5zZyIxb2oxsxh
560,577,three___,_____636,l02mrM4Ava1vwnIEBo2LyKzsmqiqw5hB2HlzP2vfqw3
577,673,three___,_____636,9PbS6j0fADYR3140gI47lfmAQPITjwl99CFUyAwvU05UptOaDtdHWmj8P
673,717,three___,_____636,v3efAlDxsiD1DGaADDjdW7em0YMILVlTwuilM9gclh7uY4J2CIjP11qXhTqW
717,910,three___,_____636,ed2v2JWarIUpUHBFJMM5n47O8G6JUgJ9pK35UgkpGUgFclXV4maIFKWx32LmUB
0,385,four____,_____637,B376rGCRgVoW00f2KV6QxwJEBRwKnch5hyAlHT1oRUX61wLJuxtWeh
385,411,four____,_____637,N2OVM66P6IxoCUZBZHjqu1OqVHzkXA4dXNoVvYsySIDH4ZqH
411,581,four____,_____637,8DH3bJ8z8tmO3borpILfWFmQjJq6dbVzkpaSD
581,861,four____,_____637,hKnQhx32Q9SmEjaWhmp4DwFJqy0K9z9KxRAe2q40gfFFy3IcLtosYRamhepeLWtx
861,946,four____,_____637,FbUzEdaFBZ68ub7aqm6oMdb8u8eSy809s
946,967,four____,_____637,AYfoPpjscGp51nS3ZqQL3YruMWX1PSgibrgO3urbipO
0,67,three___,_____638,ICEhiiBfwdoIoTVlUpHd1lJ7kiKwTnVJeNMc8LCSYaQE4OJtRW6mN4yjGsF7
67,70,three___,_____638,V2OIKGlKlV9FV6aXTc9Zqy92kNI9FfJJodR3cNdNXCwLep3Ggbivs6AopQRRn
70,130,three___,_____638,KqEbD5zUOrqpIvlnxNdQ7kpDfq1nmMsiCFKb26DW4KDHu1M6dwM3GiXmM
130,181,three___,_____638,w9paCmLDt5qz2y9E3vz7pQ2srPbOSF1lFCeEGkGjSK0QL7Tn
181,335,three___,_____638,acUjWR1ZScsSmTlyfPqoE7swruunYLEtNHm5iNzvKsSvks66kxQr6ko92
335,402,three___,_____638,ReZbOuLg2ckXbNfm0dWe7HAESC9CudNwICsy8zAG9yBA9hxJ
402,504,three___,_____638,M2kXUVm7Tc7uW9nz139Tp69hJ3p0uT5Ea3
504,598,three___,_____638,Hz66MZnLnsHlKRk8a4aCKxSmoTitGV2m8AJ9N2QXSnKOgV
598,625,three___,_____638,cyMu7wcPHIJLrBaHJthikgVm5yOSsUYWMHl2LqunXZRd8gLejgOrUGc6b
0,14,three___,_____639,oQybBghwnECqImiBJ5pJ33ZZgkhzUexyN9u0Qzw4sjhkI
14,106,three___,_____639,rTwyq7nS8PntKwgMQPJKzufVa2sJWSfbzJqL1td8GloUUDot3hvy
106,205,three___,_____639,1SBQY1R5JQWeUrNExOlGwhHEe95DUu84kkYTQq7TjQjOLwLCb4RHK6Nb
205,518,three___,_____639,D9gYcKgq8Ytx4vXWVZ2AAz9wBSIPMX99hIMZXX3042jok
518,549,three___,_____639,1DWQFiVojO6cvNtgsCdkHYgEp7Uk5fnb5VDko10GeleEHpCxKZq3UocOyMagx
549,579,three___,_____639,D4wNw6BgP69B7hWLmlZSVsAPUc96f9uC6n
579,678,three___,_____639,Xng5kZw2ducqlv6tmUNHQYt7w8i1TtHgBioJts0lnIkUTJV5EykQ
678,754,three___,_____639,n72GTa1JFRIRw9DWGjcQH74d77fZ3sE3kwmk
754,856,three___,_____639,4lLWO3NzXSKitDH4ik8tvafnNKia6vj9MWE8bGhkfztgbnyc2Ub
0,69,three___,_____640,zSTQ0juxmrVHbhCtcAJPijMlyaKHRdRL
69,162,three___,_____640,kdkSkVT0bbfe9k19paOTSmMpks4brjNabn7Uxfr72fmqivAWS3rZZgkrc
162,212,three___,_____640,cgFw2oSL2FqZCY9cQqtP9EQuTnAC1MHVTYamF6KOcMf1xgNPJS0Hg
212,234,three___,_____640,Ku3yY21nlcTWPdXTautXZVeSApFM5lp2hdwg1Bi3BHiUffAobTd
234,237,three___,_____640,9UNAFEug55TQGFeSOQwBZAPTYnWPhRBAAiHN4f
237,358,three___,_____640,FsRWx1j5hPWJXmC3JihYUIVUyTEVo46savrQTAY9Sn2e5WRUPLI3t
358,463,three___,_____640,0d9EEKZDqy3wpkqPBjXWQD3hEd1F86zKgn4RDXa6EHKyD8IiMjUoekvH2TkCBRE1
463,483,three___,_____640,EOm2vbGhm7s8RsSQvhAYXTJJyobxbMi5PWJSxI2aufn95c4U0nQhtPT6N2mNUzg
483,514,three___,_____640,jVakEVsigK7ZTOU4dRNnBpmcYhvGvjFtQ2FIJavHL4q4ADXKsHSWVYavuEl8
514,570,three___,_____640,oOdK77VXZbj1POF5w1iC0OxVm36P9REgPy4tAmixP3GufQc4
570,705,three___,_____640,kiKENlgN0AVL9ZgtxgRa1BZrzTfAjTM0v
705,863,three___,_____640,HNK2p7UxVpRP7QDeLjoxGOYtoT8Sj2FcQSWccum14v4UoTu43gwRNSNRas3
863,939,three___,_____640,QBcdMTGmD9k5Gx2XzUjX4ExZRSOewlTT
0,41,three___,_____641,CnRROYaMafREMyBpWhLVWhsnCer1n8zTUbso24i
41,181,three___,_____641,JGUbneDg5MBIDxeaOyEHrRRLYmMzCLJsYEC
181,268,three___,_____641,9nVp6RKsVruiJpRk4QS21RKOjTZLG1PLCER9gNFf5G
268,304,three___,_____641,R2ezE5HS1tLe9j1yBhg9FlaPQSuZkSwat9ew2rBjVYYdcGk
304,517,three___,_____641,La3obflRPO4SWSSIRY3W9Y9A13rjmVM1GgA1z1d1iN6U49HDjmOeJVW2
517,547,three___,_____641,hAKNshqBNsG4rCKL8dLwrcb7JgFeNiCbWNs
547,556,three___,_____641,q1dK3oohJFc2OIT3EWHpKuiEN0N7T1WErsnIVq0Q36eJv7xptHcAE6ilDrJFP
556,577,three___,_____641,VKuWsUcSEuYr2aqTFdUWweCk7uE9NGvdRtTNzkGUHNtjB
577,606,three___,_____641,r4DtelaMIl4n5rU0u8f6k3OHDVSwSGBRpcEXjY0nmx9VzftmIjgSeG6mKKz
606,619,three___,_____641,coA2lEcfpFyESBEgcHdvrVOPq3AlwLKyR3i8i6yRjvu1eYZ
619,622,three___,_____641,vbTxVkvavdMYv2s9kl6e3W0uzw2T4tmvEojDYulVK2ZdA36Y0FTSnJ
622,752,three___,_____641,z4yWZDh7zPqK1hxw75pUieUIS2PmfK0CboULj0EkkbxRnq3xc0z
752,793,three___,_____641,zYCdyqFwznReJWflHPiedRYWQ6G2FGwJJ98
793,805,three___,_____641,XeBnarZd2H0WiwZE7I9Gur1EzkBLiN6oM
805,836,three___,_____641,LGGMSXRtp0EHesGKYuzPYynj0pIOuEjgHBKkLGmlRREWrMkEdxx
836,870,three___,_____641,6BZHk7WKQPWbqFNUlp2QWJPdFIXis6oe2InjTF8ycgAJsbX9DZZO6S
870,938,three___,_____641,cBAGb2vjZ0DaiwSJpnZ4IG0NEcGswRoNla7JTq3vBjzNv2cmYpsx
938,967,three___,_____641,0PQ1jjRemsOKN3siMEvSFw3Dh1ptekqX2FNQbS7ujYqjKkQjek
0,55,three___,_____642,ZFvsWv9x3rJ27PO1DXLQmnY5uD5T5QCy
55,67,three___,_____642,b7AugbEP6Y6ZBvfnUDswZtpAnTTVh4Bf
67,188,three___,_____642,Ixyt14rFfsG6pYZdzosDTypv2OveDBaUvdm7sctRkABTJ
188,519,three___,_____642,SxV74c98YKbLFYxnnAbP4zUnsXVISOrPGVrj
519,528,three___,_____642,7zHNjXuDIeUkmXKyPxKXhtOzdFvlkdU9XLXBGfngONg
528,555,three___,_____642,cKsgicbNpHil05f5RxX2tH2ivhByOFTj4N1Gk3uQq1e6DCEBcnP7htxfD1
555,994,three___,_____642,A1EGwNYFo2ne96lWFpnoovC6SI0RLelQQuxLT1bzGcS
0,42,two_____,_____643,3d9L5zmvAcc40VC7ihi4sSGfzwFGVuNJMivqxnXJO67lgmw9Ga
42,82,two_____,_____643,bNUE8tXgoFxLp0ZkIPAleYp4Twk3Y0MgYQt
82,209,two_____,_____643,DgJVOSYvr2Ar55taBhRqXM24N0vuYohhA9ixYeknSTv294o12z29UfmgdIC
209,265,two_____,_____643,NJM9FtE49exu2WiyziUokoAvq419FrIEq483UArQaXo
265,282,two_____,_____643,QOpU6cjnBmAzc3Q4Qo8B3Lf60DXRDkZxVT4LOFF5xcfqkBFY
282,359,two_____,_____643,emU0eu711wDe1ehS9i0At9QDbO4HSDCGX2cnwnLl2
359,445,two_____,_____643,Hoocw9WZsxnDjZIkIsLt0rcewqj9fFVLSXLZHFjIQ0UQD2l71I
445,767,two_____,_____643,tovrrJBWb26ckCR6Y0bHCih04lJfuKPeJvQBwfqh4TnCiYgxB
767,892,two_____,_____643,AkPzojRCVFWGHSzDuSMMbiumoTMKLcF6xuoWgLXx
0,57,zero____,_____644,eUk5IoVymV2oMyHWJiOGuY9AccC6yeSyL4UwPTJLeOGSf4WopnyWVr4rMTDVtfUY
57,78,zero____,_____644,SyDtVkHJZ2Q3BphDQ4cWqJ1z5ruD9W3xoqCafWG6JjbOU1In0vf9v3la
78,448,zero____,_____644,CCOOPIEmpII1VY16pL1eU8yOWNnInVKIIJSZnRJck9fRzcNJJsIFooYL8aYotPqI
448,570,zero____,_____644,ZgtupFOe3kY9ADN4aN8n4Av7P0CCAEh5jcDFK
570,639,zero____,_____644,Gjo8EH548kBHruVmvIIXZvo0ReztNf2SBPaqmW0cy85uOo
639,650,zero____,_____644,6XBbTAVmxjlj81u3ITrJxPmJe8Kblgrx7pHL3lygYMCwRmm5FqfyXOVbu4zfc
650,708,zero____,_____644,ah2FkgLMEuFQQVs7qbW8dVuvLCN0NKxxS6b7s2WvtmV3N
708,714,zero____,_____644,itcLwi8rFvftcnukZjuoA7WtBzQO6WNCfmwQ8A8YLo8zEabNuQG4beCzRi9AoaS
714,768,zero____,_____644,z4cQWVAnWMCHMHPC36iJ29HjS5HyGehNKSzIr5IbFcqUm68f
768,784,zero____,_____644,fUIRpSMBXb1IUIMx6hvaLCI7k2Hz5MpKPSHo42HAr2D6LeMEh
784,946,zero____,_____644,7x5iJjiyUmf5izYSyrThKNwzLdgpQgMQ8wdJ1cerxwo
946,973,zero____,_____644,ez1G6mPJSP6DxVJk3TBF9i3CepoQ7T4xh2ejvV6
973,997,zero____,_____644,83T4c2APvRJ7jHr2J4D5mCP5rX3FBIGGHtuVrcpgzLV9l3
0,45,one_____,_____645,PQjyT8tS0LwZP48uQ2Y4nKPahisvabXICoVczwJB6jTR
45,56,one_____,_____645,VHpMvWpeFXzAuqUgkYtfAgQOJuPnx1YQhHspvZPLX6tElsL
56,84,one_____,_____645,gaFic5cj6LowLkMILEvg57aOt3WiUXY1
84,104,one_____,_____645,NNYthfFU2emJNShWwNcaZz6hEqFimUPB
104,121,one_____,_____645,edHJMe2sdG9KLpO1JOXToh30OfulklcuINdQKVrw1IrCHvD6wmwWWUcmU7HLxYZ
121,234,one_____,_____645,YoBxvcVENWhRXnOVjP7Moefj5HzZy4SlFuYHyb9KKmg7PeGEq3BCF
234,249,one_____,_____645,aaCh6zMWeh1cdxOvy70X1PM1mrVpLtOenjaZDXYvc4mNDMDaqg
249,372,one_____,_____645,5Iit7xzDfDNmVloJTuSWmGS0npXtJ6UJK1tD1lq1ZSBL6b74vg24dhVqoe
372,616,one_____,_____645,EmNP0MTGMDKp2MBRKTllfknD4Tlf0FK6G1Y1WJjswnK6ZuOvAZtx0fKJ
616,639,one_____,_____645,APexIqqEINP6Zom2irtapkxFayebi8kWLHrne0D8eVlYLxJLBm1Qm
639,685,one_____,_____645,K8U8A44A8Ymk5B8dLeVbfbrzHjtyB1cMX6MOB53eR
685,755,one_____,_____645,kVS1N00dOk9U5zUEeQD3sCPVnhpAx2aTauP8VE2zmbRth3Iiu
755,772,one_____,_____645,eljFo3gpTvSGcnNrEEYUsO5CI9xspYSbw5fB
772,778,one_____,_____645,ESU2X6aIFNU2eUoCmjP6PCK1UcYpfriHwT2WJNHzHoVw
778,991,one_____,_____645,uYCXcLUFqyuhbniBbmh2VabD5othukwpnIkIJwT6kUY4xXxmPUTK
0,12,two_____,_____646,tVwsg57CJnbw0XkOiWwqlnbJQYQbaNOTYFZsz6pLiCFq9nxIVkTnTCazdCS6
12,14,two_____,_____646,Te3ICadG0h9bMvUYjPJ7IoPZjCNsKLXm3ng6r
14,63,two_____,_____646,yZp92HGpssAVcnmYVG0E8YFD5bFbvGsqh4M7lezgebV9d7aaDA3zPYq
63,70,two_____,_____646,eKEArX36dLlf15K1qdRHKu3nhLpSnC5nO9b3sTj
70,180,two_____,_____646,toyUIAoY14lSOhdEBTVVDqXKjOHjqlA5yIaPq6RCPZnpvF93Q
180,395,two_____,_____646,YsMqy6oOFyg0MFaPwL93v2jArSHRvfbLALuw2CciJ24
395,426,two_____,_____646,YbYAL2ZRrfZJBaFUAEzEai7OerLSXqJ7Wuui1qc85Pmy1pzrWIp7m
426,460,two_____,_____646,tnLWVEt4EEXjV3uCvGk4xUZX5kTdz12TgQH6QusN
460,576,two_____,_____646,uVuBQY5cZMcWVKQWWYDCcvEcPOuYIjZjUBycbhueOgH
576,688,two_____,_____646,naAZIahLuBGXLHt0gYTJ56Lmr4mn2cu6nH
0,53,three___,_____647,Jui9LdrgJqxs5UdDD55brQ3ssxDYhK0dVKanvv1b0aMP1oLlFtdSF5X
53,134,three___,_____647,eCekwcoA13tRA48L39p4u9AjyE630r8QDEUWSTFVNaQgYHg5ekRWD
134,171,three___,_____647,DsQqkxFzWROdEnaprf3ODdBPsjmVFSru6kb7z91uTnTLS4ZhKqQ1sisPOV6smx
171,179,three___,_____647,eNI3kVpcz8zYYVdYPLQr4kR6yd9ISKnTLN
179,198,three___,_____647,mr6sAdGcKYrKg56mR6wc6acelGSjOLFZuJvf
198,374,three___,_____647,itwhjcwkgLHC6CkjcGzxXnPLfrGUhOQNswGcoyv065p64UiwuBqgRPacXoS6Sko
374,398,three___,_____647,Qw0gUz0uvOqtAeW707WeyOoSRC2BA1EVETeFmt3CyHi
398,436,three___,_____647,aeGIn4HXs4c0LAYmQpX6JPQdMRNMVpgtUZ6
436,490,three___,_____647,aiaIv4fdmG3fgcRyw4bjALyOTnWpuKl8X5Lkv57sQWNPOU
490,515,three___,_____647,Xjsvzsyw2rVGMM1gDeiT1rfm8hYBvXqhZW
515,530,three___,_____647,pVENO6FIGhpRbkAdZJb75DV6a88kqQ2LViEgZgTZ
530,588,three___,_____647,N5meuRvutefY7Kc7AHE5IsdKXgPQtqgkrB25Ts2JygTn0vyDA4rzAGjxrx5IcI
588,647,three___,_____647,kSjuCRkUi8Vmjv9ZzNrlutQxI5kXJxwfCO7v0bf3xH0p6aWTZ9gk6YakQqJwuft
647,675,three___,_____647,KxhbPYXlbIcjWAdkQEJ9NibiywhjPSlfFzyRSfcVQ1a7vavj49DvTg
675,686,three___,_____647,kCWpDwqB68MlY3NXSiAXLBTBENvdajl3dhrbNtQq2sNW4LJJkRUugPvUoO4m
686,826,three___,_____647,gpkX4yxPBPBJKalRzGj4Z9iYXg068HwEXVIe
826,919,three___,_____647,xT7yNWesuBOyRaHY8uqH9qlezcQJAlYJv
0,59,three___,_____648,Nv8reyfGIwK9d0wpzOePENaaB1ChLOLNE8n5n5N1jyB8DOXo8WSs8K6lPRO
59,125,three___,_____648,7luloMy0WXjveFayLMsMN9M3S9ZEfR3ZZaJttp2FOa1Yux5rFVJSLLagvGEJ3kTt
125,193,three___,_____648,Fa4QSfNGtZDJ9zlIRHkjjsFhxMqpRKBqAbiKo54C5M
193,287,three___,_____648,V11liGKa1OJS7oOLYcA0Bw3NRsIE6ab3u8lUq77CRh7G7csQAqPUj
287,292,three___,_____648,6Jutvd8dBbgiNzOusmzAUVFgxr5QwM1wUKUY
292,345,three___,_____648,CXdhIbqB2KmUmbBGNo9FvNhRagC1kAVtb68oOo
345,526,three___,_____648,ygTiGgRTK2liQ5hcRH42cjvAQmBeY5dzZ0lnZ9UJe5YvVpsPiti
526,542,three___,_____648,0tylFhfulQjSFpq05h3dW0oCHDnx41Jtg
542,668,three___,_____648,wj6r3oP8w6G0PEkwa5HtrgiovKXZCc1E2Q2iVnBrJRNjDSZ
668,753,three___,_____648,HDeBLcnwTM6N62MzDQqOM9ZnWo4giEftaC
0,15,four____,_____649,r4khZqb2xW3hurEWnggOrdUJe0d6KnhXYiyVRkzLQ77piLqcydoU
15,125,four____,_____649,PlmDwI0nes8hCjucoPNpYyqS8G1maGn5oxJ0y76XeE2bDdkuq06YGIuUEdDjjOAy
125,147,four____,_____649,eMlNTXaEUA5NXcWjBtspV7LtbEmEFARkEo
147,187,four____,_____649,lnasRPNwHfyCf4ymlTRA9dEYInRywWUw9ts7
187,227,four____,_____649,QJWCnt5uxGpA2MpldUAMu73xbJIO2VxSp02lcigBKAG6nzU4Vhm3sl2Z4
227,437,four____,_____649,t20X2nR8A6h2zrhYcTRLt4jWW3sPBkHyrvzmAqZRdux2djhX
437,522,four____,_____649,r8ipbVcA6bdnNH9vN7Ck18WaPQgUAjdkwKFFyJiv2koyfH8
522,609,four____,_____649,LGHSgu8uVu5eaFoCpQ4g1NQL3qfztUvFBpwTSmXH2iBMpQgrW
609,700,four____,_____649,6YU6TSFoKrq5NOBqiA1YwRYIuYmip9TVudLUn
700,823,four____,_____649,iEkGVqa7uzE5XMrJof20g7BKDClPnuKHVnBiA80UY3jDmfNQHernCNwCFYhRgxF
823,831,four____,_____649,uFE8fSf4nGML1B1xDukh2oX8yOFkQ2kPQERKWqg
831,907,four____,_____649,ze9SNzbLb1YSBvLWkHmwj868AkVu4MjBd
907,912,four____,_____649,kSXutkhMzuvuUHaZ1qS3pkT4OPc5oCfEhL46f8Lev4AzHEsYIx5io
912,993,four____,_____649,WzlhOxliEoobkvJouXlZC2DwgMmY6eD2JEMFHrDzm8mblrLM
0,93,two_____,_____650,sG69JjSSZd3VKhRSu2kyUX3xNw27Y8nxEZNW8ofYeV5M1dXHtLPgoRIf2qLfjV
93,101,two_____,_____650,QgWsGTiljAHjkplYLU5MpyMiw1haCpdsOGN5VH75EFdpPfofaIOPZCWYs3iKct
101,170,two_____,_____650,DjgiAlrnC8iOHkMlwmMMe0v9eFoX1nxWmNoIv
170,202,two_____,_____650,RfVJfl9tmcdZx7mwVQ5r9x9exEkx0212sfsrUpDGjmSJ36cfdu4pWt3olJD8
202,238,two_____,_____650,nZGtzixVvQkL1G8aqBHLkS4bPjxi4gMzRH
238,255,two_____,_____650,oioAEPQhXsUtd3Y8mthhjETCWVt3ISDnA58S7jqD26RYmdrtzqCtfljpUaTjZLE
255,299,two_____,_____650,LZ72VDAQjyYnKVutrXpcjAsDjIVBTWp08RCRchUZwGXdV6YHs
299,456,two_____,_____650,j36CBcDBc86jPml9mWuzRgGQIZLPqul9p0dKxXJr
456,478,two_____,_____650,6TEnbBGorFzJID5uTL5AWTPI1Pfv45kNZaA
478,548,two_____,_____650,4Fs9aGaQhupnT9OVkPtzEAhEWTpPpnCI
548,549,two_____,_____650,IrBUQr4K7JIr0F59m5FL4xLqq4QiyzxaWefVU2nSqIN7fF5McHQhq8FK
549,619,two_____,_____650,wfrsphsbtisstccxL6bt30AgZYNMh7BDcZSm
619,654,two_____,_____650,sOddwgvk6TVYaoprfFaHJ9VAZ6pSOCxljTrDqmLfTBuP8G1nZaMuDR
654,885,two_____,_____650,n9bhWXqaIFwBMsdT3DA3gLzLgq1Odwf1LYFMU
885,900,two_____,_____650,6MyNIDOVBstbMZi2fQMT8UTNCOVieRVfFrdj
900,907,two_____,_____650,pz9rGi1UZ0rRjulU8HMcWzgkj0odrg7I4gcnzmsiF5VYbc6Ex21J50E
907,957,two_____,_____650,dyJ2tXBkOZD1cKAGkOshm9baPWWz18HKS1H9z9FsM0jPbSL3RfDi2BknAoJC20Pr
0,190,one_____,_____651,SKMwH7vrckPSQa5XieSAo9ZcKJI6I3mipnwy321STKJ5YUE
190,208,one_____,_____651,k0PrJ4QFYrotB27JJZgaCEejuWgw1MHoWJjNwpG0H49WChiCt5vKk67W5ba
208,255,one_____,_____651,6r7U8jkUMYTawhWWhyj89jwtgvf3h5Y4OmycM9XMoePTUEg5wA4R0g3XmE
255,316,one_____,_____651,iRncFGNK0Q2fqpaEJiqB1boVcI3Ws908NY0vjcJb3xzydFpRo3NWhkroW
316,615,one_____,_____651,Ck1kqNbNeOHYruMTpwdN9SYmm2sb7B2jzuYC
615,646,one_____,_____651,rFFH9ZObgs72DNLe9T6N4mTDRWZxoOIYFXlHH0wKKXNnNu6LXRNyV
646,665,one_____,_____651,3Pv9JXHsDy8SSCS526Ajx0TkvWArf3OFzlKWrw
665,699,one_____,_____651,ZEVRkyYfFMAGPgaTm6EDOf31D7YsiDivkAgyRvo1s2fMa5CoDDJNz35Cpe3Mp
699,838,one_____,_____651,N3Dys9GWOwe4gjRqLtEexEli7MOk9JIhFWcBdutY0Ws2d
838,933,one_____,_____651,zj3xlKmzWqk0liLQmvkfVAvstosjPjyk41JSKvBRsqyljd9nsdgi9F0OcKbTZShH
933,934,one_____,_____651,3dKd5Z5xXVizdypQKha0JgeC8eMfNw1HD3LU6irCWzdjtciVuv3
0,16,zero____,_____652,302yZ1R6h8L9UMalg6ervGvv7JN7tOA4sB3
16,107,zero____,_____652,jxPhWfW2CqyLNWETUWAeIrXMncrCR2APpsxhyG9MBavrK8b85gJEhKsuh
107,486,zero____,_____652,xfEBRk1ul3U37GGE63eUh9lHS0XPkdhlZjFI
486,629,zero____,_____652,9wsbU7cO8op4GerJedTIaK2Kh92WHDjuUXCvS0IKxsLqBWcn5W9k
0,87,three___,_____653,9KNl066BeKL5exeM6pOVANyfSjlnCfIzdLnyVJS7VYEd
87,108,three___,_____653,RSu6MNzyNt3EM4a334VBi8c1bYo4sE1lzQ6vaK2FuK5IEdrEz
108,136,three___,_____653,uNvaiLENmWFXdZLuR32R0owj5WtlGomFp4
136,180,three___,_____653,yHHem1cdePTGf81PgggS7VkMaqtOXfUlClwW9Nz6EokvOFgILk
180,366,three___,_____653,Ooct579bkLokg7VO2p7IGiSc3mlYCCgnF17x9mleFsAgnoKbfdYzlbnLA726P1
366,380,three___,_____653,zo8Fw6OugDdDypjlIwGNderaxCQTA8O8IE8rYcwxotVjP
380,687,three___,_____653,1Hp9cROvf5zhg2Tu4TysP2WQuu1N11j5t3iwnUcq4VwgViVarNiMdrjWlxaSj
687,698,three___,_____653,tWEYw3fth5dPALlcL3fUcsMiwZ9NEw3WTgMANbWb2x0gsOYPfuUyr0kUz1mdIef
698,712,three___,_____653,kAJC14mSBptqRHIrFZ76MxrKP7uBISqzjsJ5w2
712,766,three___,_____653,tJllh7EsLpPBd6dJkn6b7fGZspwdvfw7jlvsU2SMb2mnYNpe4m84lk4l
766,773,three___,_____653,T58h6S5xi8zeLSpKP1ZOWaqQMx9JKTPexPuj5TB4bgATP
773,792,three___,_____653,PAVhcAe7XmUwmxJWTtzbTPIroXvnJMSXPmFk22rW0VbFDxF5gr1cgyB
0,239,zero____,_____654,ElD0sTo1B2R0y5aBsNjrVSmpgsLF3BAj7qG9oP7mg1JzB7ymeMGrHoRKu7
239,304,zero____,_____654,xPkicI9uLyUnc0oADkUkLbPEAg7nLWQKuorvkmsWXDH9C
304,395,zero____,_____654,G9TeClJjgZ6eYXdtc06tAoRZWWoU03a2did7hwnPc4IbGODkSYkypp0Uwu
395,690,zero____,_____654,MfFt1kjX3nm5rmnuSPB5PO9f3EVECOPlzDzxaYwf3AMgxb
690,692,zero____,_____654,klkGOIvEZTEQaAWBrybh0oPwgIEdqBawrb5msz2gJ
0,13,three___,_____655,YO2imLFQCWHWOW7Lt6buBTrMNIwl6uvexHsvGzEil2dFALzjMl45gIeP
13,53,three___,_____655,zx3slzQEyOlUz7IS1ve89aSUqOuD2gvd7d3ttC9z33IU
53,204,three___,_____655,mlh2zoQNusc55Zp4Y6CtSu3hv1KTk1bOJpLhDZWRnUsD3DD7UnGXqCpe6Id9s20N
204,258,three___,_____655,f979WXr6cQGipNwjS6vvH75UxIaYIM2MEUi9WSKYzg5EwlW3jfz
258,425,three___,_____655,mNGQIL3YfrBlDU2rF7cYazf1gsGtQoFROEL6CNzUGsVypn3Ob
425,462,three___,_____655,9OApaCTip0yb3afc3ZNRhqfoPMremN7x
462,567,three___,_____655,OkcjrEbtHVVNFkfqsOjQxFeG9uYqorH0QZghZfYZGVTLrufoIUpPAp
567,903,three___,_____655,g1jOHKCEfCyw4WYLh0qeHMul6ZukN8EaHO4GXyW8
903,947,three___,_____655,s5MKzqzVTp6cmgDzMQZauaQVS77dnKGSrRKz1
947,986,three___,_____655,z9Oqx45YQGz7n1oTbmbTXJWxh1CQfOyCbqAEw
0,195,one_____,_____656,v3aIWlizPb2BVHLhvZMpvpmYx7P7WgxmyxQ2
195,215,one_____,_____656,WPukp8slwKtZ1l6MJA0k8yaVQWt4Dfeduk5mpPeaBvHCL1MqWiTYTAR8SusGYjDr
215,395,one_____,_____656,J5Uwil0Tl5dCRSO0LQdEdZZBV4XheDC5HfUpY2G8DQ5kMccTGQ9xw
395,793,one_____,_____656,sZxCfQDQCpghlnuBsNmARo1UGJWDQbSyHG
0,85,three___,_____657,zYuJwkbWDV0KsNk7yFr3ecCVoAjUSrAiGSJfC0gDVRaX3yb6dHn0aVu
85,159,three___,_____657,ROGkGZYSBSc1PjihKVGNzML6ObrNCEf60DcPWeO11hWsoBdDyCa3Fdv
159,411,three___,_____657,zYiV3n4cHAr1Xge9sFRNBYJh96feqlVg1BUybprwunmSoRW5Gw
411,487,three___,_____657,DX278dmYiBlDwk36JQBBA4cY2dneGJ78SwmrqrrWiEMN
487,723,three___,_____657,FwJBeYtsdAsKK4E4uOnc2UuCO0Da6WVWkb4zkPhAQmMOhPZ1IAyxEo
723,766,three___,_____657,lJLoEKlJGOzJc9l5BAlWb8pdp80FoUC2EiQunS55KTlViqhVjYXOY0wQ7VH
766,809,three___,_____657,eXkHISZUsxSSGxdrlC1Ltlv9jms1vHe8eWDw36PNkAs5qn2
809,834,three___,_____657,lz5d0LHGE9xaCTRC7XoDK6R1grOyIryuuTcOvynZM7OmZIGvWL3y6lmBf4a
834,852,three___,_____657,juNm9b48CCBYoyg0pR93srgXVujlERSiPw3tVwzELrotg1tTHc56maByrpAzuW
852,960,three___,_____657,uXiQ2x825F235BPCdArM4ltOg8ax7UOEGfyhkoJ4
960,961,three___,_____657,gO9FKjrkJMXhz2KpocUqejowJrvBwztQCBg
961,966,three___,_____657,Zx7kUnvQAl3z5LJqB7tZ8qwMtChHONgd3sOEw8aH
0,103,one_____,_____658,v5vmo69aAUBdg0Resg3xzqScZIQqciE3FRxSMVtILeleRCa
103,146,one_____,_____658,l1J7jIw93VFnAJcOmMClwUiGMhi7jfsFcbYb3vkqhfSbjRWf6u
146,246,one_____,_____658,E0TMsw7piPlY6QPMthK4i7Ntmbm5ch5DRJgZBC7zUgIUsdsdecyD5y0u
246,256,one_____,_____658,AB3K5qoeO1AyIxw1HuDNvDU7n6whefJ9copdc1ftdIRoz
256,307,one_____,_____658,StgoDTB3QgTCPPIg1BcjNI6We11ZVRm5XDzX7PWOd8apyJ
307,959,one_____,_____658,J4AjDqOlQ93ccdcq3qUrUGtnZMT3T7ySHyq
959,963,one_____,_____658,02S1DaPLlq8c2RFC0nkneGHZpiAfCofKi7
0,366,four____,_____659,LZE5ZkCQ8WMHdt47aaY3WSNz1AU95JAH3uxP6iTHN0h3wyuI
366,394,four____,_____659,qZJDQ9naet996AmldsSN5AivZ4GtzFDKbrCK27XcmhWd9bUiA7S657F
394,612,four____,_____659,2UJTWg66fNKZtl2WHSaja5GP9ukfOqwX5
612,724,four____,_____659,vjG9XqXoX9v1OlFvKWC8Gvt3QPRIgfT5HgHJUEGX6ZrjP
724,761,four____,_____659,tY0R0DJwlvLesETmI6WWaMmKFV0RF3pJs5oJhTHeewLSe70JqgDtONCoXfVgW
761,767,four____,_____659,FB4lzjUfKv8PEQyAJxtoOIm3lGMRcuXwA4VefjMCkvU2x
767,782,four____,_____659,Wmbi98kI4P9HAUeX4uIDMtodKk9yVD3FjDfaS6cJ84sfddyO6ZaHIlPxsjm4Nq8O
782,835,four____,_____659,TFtott3twXVmRYnSojKcb79KLiDkIjMfMHIO4SyILRIqzGwt5lIN
835,936,four____,_____659,spJVaEYeCEnjmCQgmXQO6Q16Sgl9Xx1ivTG
936,965,four____,_____659,0gJkBobZ6w2Pwc1a7BQ4kPHvtVk0uLsZ36DFNFnlhbHp4I5d1Y1G
0,181,three___,_____660,wwz6sMzVqggmy0sVlUxG0oB00FZ4Tl13QVCA
181,234,three___,_____660,Xd26YZJTFtrrscV1rVhGn6TY0Ac5ATJ8yRzxTiaW25Xlyhf
234,234,three___,_____660,edrhegopeY8dF0yI56nc0CR7nwZawtA8kwBjZogGm
234,287,three___,_____660,dXkFRkwzG4EO852tfq5rmoOIoKBXuElmaHBOPpfot
287,371,three___,_____660,RAPuqBuQU4oM4hMn55I608Llso7WvbR2Ri6PjMiwW9H9
371,434,three___,_____660,Z02ec0TrH6566Gd5tGbPSg4ja3RRPX8C9JNnnWgqLmk8ZXg1OVRDeF
434,448,three___,_____660,pGQcUVDhMefpB276SK2RFzR4tW85eB8GRYKIlgjyzqd9OO5VJE5TVMZR
448,500,three___,_____660,T1eE1kn8z7KVmWMc9sUpCm6zWFxXOiPvd3xchKhPEQ9X
500,608,three___,_____660,JJ0SB2jKlsKbZf5In6m9EBjVWplOlBUrsYk0c4xywqXxYEhIzoq0MjCWJ3P
608,641,three___,_____660,SN0zP1CSEcxeMLYbzBNy4NMMnbJKdVKe2yMbjoIniHNQNdq
641,735,three___,_____660,pWd0Pok4CJnV7t75EDrjfCYmugXCPig3ec6nxLd9U6Wb0AynP
735,833,three___,_____660,osbk41dJtJ0oeVpo7r4OqOVNBAYwVhaEfuSdP7vdKYYHc
0,76,three___,_____661,CR4UBqL61guNJjEpQDa9jEX1wRyZfO45DNdtZ403d7QNSraPnDJxjAe5kKrTpM
76,173,three___,_____661,GXgFGqhcy23Fp0Kp0akYzgOzOiymwgmtN8p9
173,241,three___,_____661,reze9CDqDtPEpkJkkh90ZpJ8M9kzyXEllBKqgUuibBWzxhJtz6SL1H
241,398,three___,_____661,Kdv6V4kfCBJpmXSJpj31rYbR2NSJQvn4rs8C8JynplR
398,440,three___,_____661,Hfxh2QwijW5tmJNIA2rTU9EYZGEk7OEQ1dNH2Wv4kRXT5dea94SlAE5e
440,494,three___,_____661,mxRc6rLRWCIaURypr0kCzro1Ry8nPbr8mxwBf3
494,517,three___,_____661,e0O4oFSnDx400e2OocZ6TQXbO7gbujEO
517,529,three___,_____661,vizmZU6H38GLOacqn4c9AFtA8Dl3fbXOPgmhTkttQIUNh4
529,586,three___,_____661,Bx71bK806bXqLkAKx74KRqQZ1OVx01NlCwWQ
586,634,three___,_____661,Ort9VRjLj7xkKIeY03yKJa79A1mkl9cS6QgDOzNS2cBBVsi
634,718,three___,_____661,GKBpABICYrLFIZusIsrfQplcjFZiC5CiAbTnQprnZmg9KGlAD38KYkRHJyAak
718,733,three___,_____661,bsV1CpD4jrOVCWlkgHHMQq4zwKJUP2uvAwDOdyD1fpOzE72
0,159,four____,_____662,GTbLmi7vFVH11sX8Nuq2bS5W1cmwanuPSz4uVkkkVCdru507eZBESv8bEc43Qc
159,188,four____,_____662,vbT15jWSlokjkFcBkIXIv7tMaQpYeLiH2RFAKn8CcG1Ht4PxRlMiRJURW6IJ
188,195,four____,_____662,jf7inoCqkvIdVQImXPIROcu8cIl2aC4pI5yYJR3iYs3pv9fGZ
195,197,four____,_____662,R308ry2WSvgrb5bHxYBVdTQImh4kbe8y
197,238,four____,_____662,g7wZAbr664UARO0dvBMeahtq61qh2ySbU4
238,442,four____,_____662,5JlTbRRpFFvBnheFt1doSZ7AR0YvZmuzOgt0qX4uLjCjHEd2N72auwbLeNbeUnRy
442,618,four____,_____662,cpyod632VoyZnkzPOVNjEkaw3yx2KDiJgukSjANy7U
618,658,four____,_____662,DzO91HBuK6qHDkaDzLC8dM4lf2AfxQK4ihGgTq8LnXx4SZZipnuPewmNmBH
658,761,four____,_____662,qxeSUyHx4Kiw8r61x0j12HFakRRkTHNIm5BAgSgI8fJeVg7BRxvFJuGIpqdQY4l
761,885,four____,_____662,LxCOlC4QOytWxsF7LvhyZYryiRDyYnmObyKwSY3E49EZnRk0XzJyqdewl0
885,913,four____,_____662,KDtbtQ8gtbkgDkqjnYi4Cs4ZVbieeghR0ZVdkL2ovVS1mw6LrB
913,915,four____,_____662,8zmacKLsnB9OZGyIHwubpbOo2BtY1WcdrWKszdN5
0,77,zero____,_____663,bb9WCYX7MVnviW05ag4TJKrfx3sbLRMkDOu5twmcqp8z4
77,262,zero____,_____663,8oLLdM1Fr1yDvv3E39W0LK8aIVJIpCqIYMlzMAyPBRXdVGn9CdFaLihUp3hngK
262,287,zero____,_____663,XGEVb7kLctUHIL1gkutn3X6CSSGIxXaU8boxxJj1mBABeDQFA8w84P0R3xeg7DfD
287,351,zero____,_____663,lqIyvKEn0SDAiwq78qTFUfJKjb7c6I6R
351,376,zero____,_____663,bWSpnqnCNOtCwDZWpbd0Z9fmrpvzFAIX0Tz5i
376,460,zero____,_____663,8Nw1HfLZc9Z5manBrGmx4whPyf1M41O6IHaP1qGG9b95TdwLGSTYqZCxkujXYSyu
460,540,zero____,_____663,3llVDR4xIjTj78O5iPDigzI1hmYkByqGw2QhD0U2QlTMTJSmgV
540,869,zero____,_____663,rIMDDIirSxgQGxnbROx23aM1azuSKa2Kf1U6DtlyuTAXeKrfoDvUoYmDt
869,979,zero____,_____663,aKXpqS9dql2anYYQ1aQS86FDApX0iCfvWgbcwSrEE0uJFCrd8jzRKwM2jw
0,163,zero____,_____664,51Bx0oW7ZySNGM71NledWyMyVVrlaIm5HT9nM
163,176,zero____,_____664,6wkexy3JGkZAPLS33M1AmaJUWGGvAzCJMze0wDThFogdvZ722kdD39PJjy8
176,354,zero____,_____664,zQhS8U5T2frrRlzgll6Y26rhvH6oEstzq9FG95HxA
354,591,zero____,_____664,iRgWNuO2O7S4C4nMzSuX2S82QLmsEdybBJMoDIAHeF8K
591,785,zero____,_____664,3BCkL7tcXm0EHVgYTfQuwUYA6N8uvEr3
785,786,zero____,_____664,GPagH1aM1c1mre2DJa0x1Eh050MGTqFtKjpkoIbkwwzTU7uLrjQNzF
786,812,zero____,_____664,0BMXfEVe5FKs7VdRNDaaJVvPGWzfMewvYem9aNzWOCpbvO81OeZI
812,895,zero____,_____664,zk6LS5dYGz5tYxzdiFksOUhBfCFRYu5tgIXz0GgYeyoz4yGcRDDT
895,916,zero____,_____664,jjNnmM1AoL66VCuYrVdQcuR19wT2Jh3GVYqWh9XnMDX7repjMMr1km
916,995,zero____,_____664,d5gMt5kzHC1bifVMifHqY551HRQQMebKRLjPZ1M6nqfHT10SVWmYAlDQmIcd
0,231,one_____,_____665,b2rwo5s4vL82rDsAhKDzAJ9DUBddV2I0FzWtG
231,450,one_____,_____665,zytFWWNXMfLhuoU5ljlXLmdH7ZoDAf3ycqQ5c
450,716,one_____,_____665,LZz5dEEBgkcPiqQ37NIQWtAGWtWcMGxFrgiVc1Te13KYTHmVYFWv38VSZ9WfiReA
716,725,one_____,_____665,8krtJrvLDJJZ1T6GEBQhHsCAiD42uSCjP2
725,880,one_____,_____665,abQekT4J3muKvcRIM8acBXEw8Drald4QoPnf6yQ3qn3
0,76,one_____,_____666,3FDHFFDOB3C5IIl9Kr8isYRjPwcFeTIuT8rOt
76,156,one_____,_____666,n1bNVaQouC5jT0HkbgzYjG26QsJYadFtyrMgzMk5GDwsG2oTagT
156,177,one_____,_____666,zHuHKKOg4XGgTfOw5dzHwdFIJ53DtO3tCUOucOPjwTDduH5pL8hTKx
177,245,one_____,_____666,xp2ymLwLCVmR0mDlizgXi0oTp3RIPXu8t4GxzseKcdnRSMtOi
245,522,one_____,_____666,YbWoPhf6aNRSeCcaxCWnUYLVH2Iz0ddEBdM480Dobr4amwrIvxb9w
522,618,one_____,_____666,ostG1DPIxDP1jJ1zvnA4MqJrZzKq6SpBmiNv618C9
618,710,one_____,_____666,6oT4x7vNlMxPdTY0Z5Zkf9Hc10zjaC3a
710,979,one_____,_____666,2zEiJpGl3NUmb64UbDm9Fcdzvimz2LA0z471WWJjMfYI
0,262,three___,_____667,01Zjk2RKVoUHDFZTeO0EhOFtKfpXiLly1eDiNaO9gNeZDPeMj3npljcnc1J
262,313,three___,_____667,fzvNRRiceqF8bNgoQFHa0R2CWRJdISmIBECEZQo
313,317,three___,_____667,SYG7BpX9nEPvc7Xggc1Z9GWbNU1DZZWYLITcVTC8eVBFoSCmz2
317,362,three___,_____667,2C27th5s7hXVCfHnWvyhEUMoPsKFTCjX3Te1rFN37kmT35Bfl97HWEX
0,19,one_____,_____668,WRpIC9rrW9QVd1iS8uX55ucdl1yABirbq
19,119,one_____,_____668,s2O5viq6xCAZPxczyOFC4L2jX6Nv0sEZwzY7W6y9ufq2Ml
119,136,one_____,_____668,9MtOiYVC0AGxO1xMHIAm1zH4U0RN0FktdXsZik1kCo60xxsqCXltSUYlrl844E
136,326,one_____,_____668,dlp90U2dsGoliHIuBxnAWuslx1rdYT0FaPjTZ5
326,354,one_____,_____668,cEkZ1ApMjX1VoYkwMO5Ma0Q3AadHpip8jhgv3zwgTgLDaSSxL71HiKti9J
354,591,one_____,_____668,mKvWxCmTHMIAy5RM0PXqf5f13jX0Dndli6WfmIFcqzHKjC7RaAdAvtT0bI1pcE
591,872,one_____,_____668,4PYbkdRjsBDGhCpEoUj0tTC9kKMmygrAPX
872,917,one_____,_____668,r1UiPEL6n5a3WZHtXeYvZgyl6gmATTp92B75eko3c1nNns
0,121,three___,_____669,BFt8kuV9tqfvw0mJGJWJ8VFOcU7rSj1ZkPzkFuYH4z2KrA
121,306,three___,_____669,zL3iOr5nNPjTfupFAhdfvx9sDNYsj63hCtCZEeRiyQrjXCa4TNY
306,313,three___,_____669,c3fNG1MCU1L3VIL4dCIi2WT9mrHCCSOAZlzrXnxCdSTqMH2
313,361,three___,_____669,wS7EnNbB1D2MWE1buM8Cql1jEU4BO45cDfrBZlLGDbCKeq85jDJ75A04NGe0
361,563,three___,_____669,6l2lx2W3dpfP6pJfiyvyIoPjFMLyy58u00vbugwbxjX
563,660,three___,_____669,RlnjjvYBEcExPUsWVUzWbty5RS20zcdW9yG0olC
660,772,three___,_____669,u8KZ0TuQDNEkqmk4N47jd5h7l30jPwBaN
772,792,three___,_____669,bdSCDeSygNfavWZc6AgE7KCOW7UbnUmQYynQU
0,48,one_____,_____670,R7yOACyw1h9ouVmHftJj3urY0abpNatMkh51MX9ltyjbGne9BAcgi2fy7zj
48,99,one_____,_____670,P7Wu3etojh9knIyeDuZYtD58uGFRTxbpy7ZQjUMfSDZQJzMt0uPp
99,105,one_____,_____670,KlrI1EvGB1wrl1Z9r3lgruuCF6o51W6M2uKi8TG4NbSg
105,203,one_____,_____670,dPtadL8Yz7ufQYui5b31KOQ9yt5MhxwZInzfkmFriTzF5WZj4EMmBt79tj8Cqx
203,375,one_____,_____670,63SfLFxpOkQMWq18M44nmnsnYX8FiBlcSH0EPfwen1YF8avt9diVhM
375,425,one_____,_____670,O6HlUhc1OxPrdOq48VKmWC9dzZKhA7ilSfJwYUBJWGaG8KuPLeWhtdFM8CQiP
425,531,one_____,_____670,jZ4oqDf87PtJHYCeP0Nn9Ax0Ub0U8czLm3QoAafr
531,549,one_____,_____670,RdHYhkmiO7RqQEklN2DtQtuCY6l2mGKV45uOURVIil8Kd2bUZSTxNbDlypeSz
549,559,one_____,_____670,uSjOvx72W5HJh0KybnXXWop9tQxxXJwvek1i2ctRyPQwNMZtAtli7SPi1
559,704,one_____,_____670,QlAKVccfSmlWNphoFNHPmjb7xH5cRJXnNrq47q
704,848,one_____,_____670,ayoN685H7pwSvkNzHD0o1XSUTQEgrq9Ecp5aqW43YouNmP3R7Cb
848,911,one_____,_____670,d7OcvGGfeO7D0L9Pm9jlfC6XSsfcYnHsbzR
0,171,three___,_____671,FvU8NzHEwVoxh5PGboaiFjovx171RZxAss2rzmX9nU4epo0QJn
171,387,three___,_____671,vZuujAEB6WNnGTy1ePDBNRiV9dUeB7D5xxXsK
387,516,three___,_____671,4peU2LavlPaEhhP015xILu4zSz8xqTVVDZzD5tZr274E28ND
516,579,three___,_____671,y77iossGEeiPYP7szFV7eftInI1TrnnrZIiX9ojBlABrl6aul
579,581,three___,_____671,1rEoFpHWx236qiUp4sLFBjnionzBYg3fiBpdIhspcJeZj4ElSPO3wG9C263
581,822,three___,_____671,ZGgSZSp0uv1NLPViKR4TPsj6LeephJscXINhHLlly0Yes8EEjfgPjZTn967Q6
822,970,three___,_____671,rV8W4jYvScaVZUPIrpkMIEQ3xxX89IPd
0,111,zero____,_____672,Tuko9fyId9eTdfankwCBYgiVcrg4CzmeYU8Vthn
111,129,zero____,_____672,h4Dqy7eJq14161FpHPCWFJ5OWHx1QdI6
129,164,zero____,_____672,TcYXkueNmoMHsiGzd0fugmXH8ya5sj5IpNYb0iPtkfI8PLAjfUiFWrydWFny
164,213,zero____,_____672,3bJYpDyjYmQBICUq52lIQezKLwDObbBHUW4PpyTEt0hYyHivlNN
213,284,zero____,_____672,fWcNSKuHbsi2hp9JGFMmPybpFG2vrYBIataBbZmVoRLceHw4sw8Yd2H8J
284,339,zero____,_____672,WGtpHsoOxfl3Xys4RwItcXCCdIclbT7vOBQmbhiytdwFCbg2z3W9UN8sUZ81
339,478,zero____,_____672,UmFs0qHQCjewazlUZmTX0wA6q4xcI0LY09X2HPFij3zRo5qw
478,704,zero____,_____672,l7UsM7QK2zEXp9KfdiJSPHhLCwlmUPQBaD5hJUAfTs3j9Ihrep
704,781,zero____,_____672,5giMwwrYW5tYkaUqCbMRQjsWmMlZx0m1TQ5nLvqyuKp5HrcQoH1uO5YZR4Wp5
781,959,zero____,_____672,jMq8n5vKW4p2d0AxwPUJUjkYFHRhTgdtq9i
959,994,zero____,_____672,7O2psFOX8laKmrrBonsedzWLCFQz5bM1aS8zERnUWL6RGKE79J1NYkbz
0,199,zero____,_____673,C9TYKeC0BVEA9myDQpdpB4oaCMc9yX3kLKZrX97rS
199,498,zero____,_____673,5FfPbkbk4noBqjLplEPvQK3PxWRFxRYokOKvmAJLajB83GVPNzy
498,504,zero____,_____673,pnkA1uW3mvvxXtHqeX7SSZloPYn5A8BhdjcS84KzvzvlTR8g7w8FvyIakpnh5tmx
504,581,zero____,_____673,UI94j183c5GoisxYZ79hFTNxOtGSVgskc2M9KRNYfStsZED1tMMhuDuIot
581,628,zero____,_____673,rfsZ9nU7WFqj8SXpaHcgDR5vML0sKs8ikt3H
628,855,zero____,_____673,uLemCWA1YtfJuTyaYpvD1IJ3485NcimaCpySLMjyLVNNKf
855,891,zero____,_____673,sIk6llnP87M8yyQwbh9uhNSlSh8dVkuU80jAiXKHr1VTnQCxz8jKaboJHeL6g
891,959,zero____,_____673,woxM9haBzUehRCNX8cdFTJgEe8WvyES1uRon43Qzt8qrORLMFHmfh1Ch5
959,991,zero____,_____673,W6Hb0uZYNTZ4i6pb5seSZAXc5GcCaMcMcB3UYUXH1UZ6KXoCR4eW8RDd8Skq
0,10,zero____,_____674,uL6MxsvP98ZMkoEbIUaD4AfhVk08JHrVpG2KCFg9m
10,243,zero____,_____674,dc553RpuKyJZfKe3DksulufPsMuAKtsEDxT0BrHKfdQxG8wzs896zowdhAo
243,402,zero____,_____674,TUbOuTXr0ODZ61OTq2RpxUFjeSs83S36JTLe4ikXiTWujHmB5WUj371IcWd
402,482,zero____,_____674,E2W6XDg4ZJlxn1Ppitb9EcMQKgZPQMhqyWT
482,561,zero____,_____674,Bj3XS35YDGk6raI5sQFMjIQ89pphZxGaGAm82bQcCjSIoIXJ79PlMWLtoE2Pwg
561,575,zero____,_____674,rRk7pnKENCmxN2BUJYc8UHvq6tztWJCJ8NT3OFH4KVrxtmLV
575,649,zero____,_____674,WLv7HQATmK2SnohjtfkNu0JaDtmFsi3HRDjuiLgleudBZdl
649,656,zero____,_____674,r3pk6trScbDSWxNYMnGkzd6m1DkDMKLhZmHHVmvAq5mhX
656,718,zero____,_____674,ItITNrKMW1eWo698PF7t7jL4ezOAP4KYKEDdJsrltAxZFQkcl
718,762,zero____,_____674,0nv8sCPeni5Mk4wpymAjIVNYDgeIhfXzNFczqEoI40xmLa8iV
762,854,zero____,_____674,2vE6wo4k0nWQqN4fC8vbL3gNbnIU6l9iXbK8fh1frSpcmNwy5QjwxG
0,208,three___,_____675,ZcpDaQaVkPGxDomhEBpjCJELc9aRAlrPn5CHRoUVdMJg
208,225,three___,_____675,Ad6SEdey4NftKKuz6g4KFvkZqhVl9XCFnrRsnGOumjonIWNECxUI
225,362,three___,_____675,Myx0S9Rak3U6eu3uPTR2f49zTjgiWYpyBnAXSjfKDO8Ck5
362,392,three___,_____675,LZ9xKjJkevibLFm3qJFbqeM3pgEOryzmpdlcodQgx1dKNWlgd9RD
392,396,three___,_____675,7Dy8VgKqkXtnCBk4LFBZWmOymSlIpPq443Fln6cpoeSU7RDK4
396,492,three___,_____675,EpL3hayvtEYsORyafBtC7LRwXiarFW8FE2JWeDzvCysw4cp
492,499,three___,_____675,NWsI4ZzPK7oFmwVXewZwDisjiZINOtnVouagtXjayeXIL2uarGRSDUTtKyCV6u
499,691,three___,_____675,FNGX8bpPbHlb2Fh9J40ptzuOMKbN2hEvZ
691,731,three___,_____675,OBFuhGDNz7j5bGHO8lv7h0e2mgSy1PCIk78u8tNV6wNpoCj
731,812,three___,_____675,9pP2yjQ8R6sjRiXI9pD0tdLiPh3Hnie66kgG6BhoZ3JbV7lU1bpPk4
812,862,three___,_____675,WVRrbPEIlgFQSe9c4PzH1tGGqjaO7c7FjgmqvqPIdhCVQtseRw
862,881,three___,_____675,Ob3eL79RPa6cAqTSEwgzEkxMDuAwhwFsl8
881,969,three___,_____675,g0p4DkLRWXBHkXcFcatgx5tm394n8XyQPP
0,99,two_____,_____676,fFGx67SiwLYD4hMGUCMTIG0OyYoWLHOoogpzqBRQ2XWUOdB1aH0VW7
99,101,two_____,_____676,q4eyR6vtbhyBJMQ0rjqVXIusnnnQv7EmPQETB3MobhY2YLu6U1U
101,107,two_____,_____676,xRkemawL66fzYPkB4MSSG3jivrx6jFR310ucqUiuZlDrOMxyMa
107,203,two_____,_____676,siJfOxk5aByFr99rI1QxuiyBlh3r83D3SA7fexMGlN
203,243,two_____,_____676,pgpdy5Fc0PSRlryxCsZ9AFqY9EkErO9RYDhHW8e6kajS4zD96h
243,282,two_____,_____676,VJDDZQX0UHjBJkUTSZMmvhYBspZY8yfHNaeuxLy00BZrVDrntF2PKib7U
282,378,two_____,_____676,eDyRNbPfg9D1X0JKqQXICVOSCVO5WvoDIHuTg
378,408,two_____,_____676,xwCjpub0c1pbjgwAYiZDULkTbC88nxeMj1b2ODSgu9oMZpdfTXFw09XzFQDUv8
408,529,two_____,_____676,D3e0RFHOTwNYvLEVUjV1LR5Sf3pQJDVLfrcZUPMWhLyjia
529,681,two_____,_____676,U3WPNb14p4OJ8IR1P1VFNKMBnoHz92hAGdqRXuZ4ap
681,790,two_____,_____676,6ZgKpptmOl6Ut5sTG3gcG2kxxPJESUWQD3clNhmmP1R
0,210,four____,_____677,JvEzzyY0WcbGuIzLCyGEBX6Bwsdt6Xzcp23Lj89oJad81CpURtFN
210,295,four____,_____677,KKd6ERk9Mm3EhkzU2uW4mglnyfVSq51W8c65KOeTauPS
295,456,four____,_____677,46uZDq1iEfXe7X63SvqngveQXYEfgVoy5srYpUjBy
456,468,four____,_____677,IxZXUNjvhdG3zXEt0wTXK0KULxMMUK7KXYBFKTKpVdVEJ6zGXYdw8dgVCLjZZx
468,612,four____,_____677,QlVznOHhaM3y9cEofwYZLdi7hlf6D5RPHxmjURdyuVi
612,759,four____,_____677,HxuvkDqf2WPrWSEhmTV74oGYeR6FL6TQLj9b2dUWavIA1oRcH
0,172,one_____,_____678,fYmTv6JJAtDLOSfnDNEfPms571opaA0HWcX6zuWpX6AhHt8awvK0d
172,273,one_____,_____678,tHRV5ua4mD8kRz01zoS7CxWqwwsopmJ7MApIm2rWOSaCb31S104
273,275,one_____,_____678,dHNkcT1reZM1EpywBMYKXe4wD8DmTY0sPsGty
275,475,one_____,_____678,l9Cw9QHjxgvdrRT02LCo67m7OxgGnNhdJJ0vOdplUzJnueq8PQlg3Fc0wMIrZlL
475,500,one_____,_____678,XwKrvyFFXnofVJA4uE6l3XbEJv0xm5SEnr
500,508,one_____,_____678,piS4qSodoH2XdnVWSnoe5WQsFjtBBopIdaIWOCemgL47dkT9
508,590,one_____,_____678,betcg9roHUjDtvpYVXbJ19FD0aePVP0HS23NTAMRa9agTfqdgQmxuV3NHbsvXcBS
590,608,one_____,_____678,FwyXlvuPVTXLGIKEslWubTBrC8miceDi83OwkGVOmVhtQPijpE2SI
608,631,one_____,_____678,x6edzCpJfNJIXDWQzf55GRvsToO9NO8UJPKOQYwaDimjAvw4Mxd4x1xZCvRH5jF
631,708,one_____,_____678,3K1xKxNhxtMystXMsx1ogPE3od9mCrXHCe3TmaXfQGn4BX
708,710,one_____,_____678,eEax6atsi2DO8NoYJ9lIX1eJPo0GJhGId045GtesWux4FrlQKRKIG861kvwiB
710,883,one_____,_____678,tieCWxLRU3JzFTECKBY8Bjh8fGZIQmg9Nu5XmKmFv
883,1000,one_____,_____678,JG3hOMPvvMasZ4OyWOVpcS01joJJx75AeNXJnusQF7WGLLyn3vdtyvb5NXO98
0,101,three___,_____679,qwN6TVeitJqBx7YkRBDeZcGtqj6RVxAhCmKzh2XG2sbhyC
101,106,three___,_____679,XgOGpDjqOCfVxh89biFG3aJUCW88DCHOrSWnrLpTq2wwrlMgGhcfAZojFW
106,117,three___,_____679,gasxBq2Bko3bd5OyyNAZKWMWERVCkY7sWp
117,695,three___,_____679,4YCn1hWMVELbrqaaIlULaFq2Bu8zHJvN0O08odC0KOIgKWCNQe6yYfhqyv2f
695,740,three___,_____679,C8m2wjcU0P3R3QEglMN6Tlk7S1gjIHpoI4i4GSb9X7d
740,881,three___,_____679,wtI4Uph2vuxAMvuC1nwkxxXa0uYz9haO1sj2sQ04njmfQizFSWylh2cD5Kr8xJB
881,905,three___,_____679,nYCgscZ29wL4qIkjClNX2M29nlbdGgjvJuBUal2jVylMMtiPN4Y
905,928,three___,_____679,3cjHn3iuJboummCRtmjg21q1a61bXhWqY3DAjXcbdClqaGOOVQVphiaT
0,7,zero____,_____680,avmSbD2PvxruVOj5uYvhOLJnfnh1yWGZMJc
7,250,zero____,_____680,glxZdMXWVm4scbuLpGwa0YC9xttl0tuR3dKdmbA
250,542,zero____,_____680,rKdXNypIw9dBbMMcKmFfBWc9rL1YVC6pHo77iIPMrHI2Sk64
542,773,zero____,_____680,IbCDx294VGZVRzVvc6QeGqAkClokdrDT7EbnwBeFt
773,829,zero____,_____680,5kYMEUWQDlh9MwLL74uuuInmB9iCc22FzDRvZiwqstBdkXSzOPu5RBoJprq6cnC
829,878,zero____,_____680,pUTAX3GnZ3zyZ722Z7YLmeItJ04EiNUC0iMdTHnO2bEs
878,904,zero____,_____680,vDlD8W8tGvnsW7AeYPZNtCrObiJP1RW52dtBtruavVqW7qWUaefqWlMKJ
0,294,one_____,_____681,BCBgN3t6sF7DMgOy0zPgVH1UjsLhakLgofuDmXoC6lX9mh4XDVluOc
294,355,one_____,_____681,Z3bfQ48BwajnN91fBTsjLIEwDzhrn7rZJPCh7fyeDVuiSNZ7sw00blT
355,359,one_____,_____681,vYwjRbldqhHm5GXzaHzAJCnovQe5lJirhk5AVo
359,444,one_____,_____681,OWNDv11yysAiP5APFXm4fJRq8LmhQFgmlF
444,591,one_____,_____681,wVosuU8XnAv3HEgshJMt4CCEGNeyzdtlYf
591,771,one_____,_____681,x8pmrCKKkvAZfD1nBElyIlK4sZ31XRB2AbUPJt7ggUOUzt
771,812,one_____,_____681,NMbLZVQxZIwsiSIcdDBYv3rbHfVkRRZjeym580cg2TfNrnpEsr
0,103,zero____,_____682,WqNaRnSxbFMKmyK8P5ozCJ3Llq0xQ1Qdlipag6liKdjV9YaDaRlGRY3NDT
103,427,zero____,_____682,xoE4cHUaiQSnZLVPuCAaHtzXIEJBHsb7JXo526zTscUMqdlST
427,466,zero____,_____682,HKkwGL1hgsqqBhFTZL2GvsA0TMkli0IVZMErbM8xaukOI08qXJsOHgUQ
466,467,zero____,_____682,AJWzNoTihxvd7ihcfwiwOgRJdFFqeOQcKmCiUi
467,739,zero____,_____682,EVPDu0MfsxwE8AqgNSIKmmisIC2xAo6jQ
739,757,zero____,_____682,T1bjZLcTYL1dsFANjcp6XI0u72qsXnGSppSSmWFOHzXcEEG7LDl5K
757,881,zero____,_____682,RpUjZEO0yPGeZ3uoGlXqkiCl7alt04AGZmXvkXZdv0hfnpPY
881,891,zero____,_____682,sIV4txaw2zNopB0a2TmE3kiXKZhvL1BxNbxVDEpmph5Jc0hCRMyPflyMi
891,971,zero____,_____682,L3T2mkh3HjP6umevCgft2XnyJ5MBQOjxzKdSkdGAAdfrJI1R
0,24,zero____,_____683,cahxYJDpkAXBlmLlPReCmRtLjfhpydLzhUVKVB1YHeGuQi
24,257,zero____,_____683,FHpG9GqJ9sd0WtLIAeQ3Dl1Blmmnd6FXvY
257,285,zero____,_____683,ZcitipKWwmeZCsHE1Ay6R3gYoaVC0rmua
285,287,zero____,_____683,mqKp1vL87kCDCjBmDOEb9cO08XiA3U6dWpeTTnxT9xLLIQwrr
287,325,zero____,_____683,CqMrgLjdboSj9xkuuxnqT9dFi6HS9EYfobtyXn44GZ8z748t1wzHkxuxtqYc
325,349,zero____,_____683,oKYuTvVe5Sid5Rs74LCEueBFy01Vwalsp4
349,368,zero____,_____683,Zok9QQCc5hhGIPeatGBMsD0iRqIXF7mZFSqJtv9xKGEy
368,396,zero____,_____683,QJk1ZVoMu9nJkdDh8oulrPplPX3LbnF3jwPSN9CI2WRQvLBN
396,507,zero____,_____683,1ZWFj6HvecgfGFhXSRGQLbDYXHx2LSb4xYckAwSbvFDrtHrmFLJUi6HgZt8G
507,551,zero____,_____683,3k7m028mdzHvmJm4JMYJgRJ039V9ViKEj8HOaYYgcsCzY7RHqpouqf6wIOfxR6
551,908,zero____,_____683,UXfY5Q1xmC5GlvGGzjTHbZfcTFXEryLn1hH0uZ5AEQ3GASBgar3oJI9i0VHwdV3
0,219,one_____,_____684,UytBn6YhR3X372MCj8aqZ6PMTZbLtTpPjBn50WnQiCVeN6ylS
219,230,one_____,_____684,R0WC7M3fw7pt7Ocb8MbB1wTlC1XXfBkuace
230,514,one_____,_____684,cWhLEBL9JRc1KBrmiA0ugauaNJk9uXAfwzMoTJkO
514,569,one_____,_____684,TP8LySqK2CiKWsgIUKe7WdVklOFXzoqq8B731qC3I3GXi0
569,574,one_____,_____684,LpjCoBCtjkjBCS544Xh1y7Cz4uWf8OaTWhCvmnJ8mjdQBKPYh6qFr27L
574,947,one_____,_____684,rlDGlVX5LdA6tB1zoYZRXsVglJS7BcNDPZwzuXurRPhxDqnFC8
0,117,one_____,_____685,3jrmtWZ2LPQYqyZs1WpVp1y9PnE8LPsvNGtHwGyGLQ1A7qfL28FBEEDP
117,255,one_____,_____685,yv7qATQpecQbGsK1GaayAcMrAapIbsjo2WjIDQfFCINB4sQLbqCRKfxk7lk
255,290,one_____,_____685,RdyVkDbwdHYsaW0E81O1hFk0CibUBrCzMSPeeD2ZYHYcyWN3erBGLtEl8bCwqC1
290,464,one_____,_____685,1WROqt2fdYN7k3eDlgLQfrSdEuY5PfZO9xvieWkeRuML59bx
464,474,one_____,_____685,Cy6aVlwHajppR3bIJ8qKW1hACTEYRXJUO
474,495,one_____,_____685,2Msbz9NjkQik0ilqXiPsrSwFmYQKsLjSMx1alYWqJ2etCzVvvMm4kiD4knt
495,715,one_____,_____685,5xJJ7HFc1ys6bs6fFIJXxp7bU7oocJ09KBAQ7ML4ZWTp8dwgaPIwnypBz
715,731,one_____,_____685,ceWgUUL2ls5YIN2BKoW5GQyYGEaIHledbDeyM2oIAcsmCz
731,745,one_____,_____685,Nm0eNwXckJRTNPnNbK3P36RpG1BnuCfMAKV62yDhF6qzjGsFxwPZv
745,839,one_____,_____685,wo2YQaIce1dBXaIVeJDKQ1rNcUt8FWA1q1xcGUbfAJlD6nMhTk4B
839,887,one_____,_____685,yDup4IWgDsbXKFSBW0wlMVOmEGey8LMulFVBxk6bfOOSUMf7t16xCFXAe
887,907,one_____,_____685,DOrCC9zEYTYfew3TKZR3CiI4R6PNzyfdiu14mRQhMT0lKwjGO7TgDg8vvadZZ
907,944,one_____,_____685,dpOOolQld9lVvYaFlQ3eCExA0eE2t9V6M2r5dgHUQdR4PSdn
0,25,two_____,_____686,BfM9JdGT359FjY5PSecfUfRyLJ9KheeJL
25,31,two_____,_____686,5t6RB93mE7CijmDKXSBmATimCQc3NpriIAlolSyqugeLmtY8vSFdDtfBZurC
31,143,two_____,_____686,0n6nzWKQCAsU7Y7S6yQGUM4yVpmsy5qbky
143,159,two_____,_____686,MBLhd8B04inihfBtG0Pphd6yc5TsNKIe0U0zTjtjClk
159,169,two_____,_____686,HelAjo79o18iTB6phF0WnrUL8Zy1bduu6xVsOwDH43afGSJlJa
169,314,two_____,_____686,Qdmv0puCHsIeiXWWrlO8AjweFuzRLngGCGYzFKbetUEwajhKuID5InNOAZ0Mp
314,325,two_____,_____686,3CDuJzu0i5t9QvasEDA5XDFJSqi1glOBzqwqGCpDCBVMGlsQxxsGRDIaeBeGcL
325,351,two_____,_____686,U8vj0C9WpAnHRYtm1d4FwOAwfrHUdK7xmEJaCQOwjZrds
351,641,two_____,_____686,f6fO7XpjYM15yGqnWBucnkWDedg7L1D0q
641,692,two_____,_____686,oc3hQvIqRAtWhB8bVAPQQY9SAy0IfFn9ZZM7hlcfv4F7f
692,832,two_____,_____686,3r5UWgWIIxyUg8dbmwD9QyL3cSzcjeL6rwVYswvt
832,941,two_____,_____686,bg3QNQKaAZ7dQ4e97W0vaDtQgJ7ErfnH0F7Wau7KCukdJvfBRD3qVwwCesra
0,341,four____,_____687,3TD7vMNPJzPijUBymsGsTIuP8GwozMssHwUxFNm
341,348,four____,_____687,goQhePCnvYH9aAwZMPKEWK6sZGnagz565UT5ZqHeHQNGFG7ipEltnx5TFdIwoY
348,355,four____,_____687,euXB2K3YEtPTTBNYhNGk89qV5ad4bigPqsTr9jquSB7lPjHUJyqughvY
355,381,four____,_____687,6QWm3I2GmGWch5QPWLnupk2ly5H7kLnucYFioznwE5g87aPU7mGuSkOA3uA1FLNW
381,483,four____,_____687,wX3A8537Xp6jufCbmDJS0boKepbR1Yr3xF
483,644,four____,_____687,46gAlOiW41Ux7PZ4HK7xVWlkEn7ulQim5
644,660,four____,_____687,wCjuMud9uRODjMdRewmkTf7lrk4heIi3DOYNFg8
660,680,four____,_____687,Ompcrr3vvfpdVAuxBHNlB8nQ9gy65dGvD8l1yQBpKPUO9eE83EkGL4q5MMr
680,849,four____,_____687,bqmIxZwSFn7poJ7d4vXCTDHuYdequDvH
849,902,four____,_____687,W0sP1n9mxbJI65e9SnZKFpAIefnJUaU6b9V6COhn1d26edwBxC
0,31,four____,_____688,h2umZg1GvshOGrIyqb7hBawQfNnnxCDB1D
31,62,four____,_____688,EFyZY50gvIC2NBUSF1WUcAsZWxVhWvx8A2p5M60MCQ
62,461,four____,_____688,qJG7MAB5gULHSWbfcb0lI6cEHGseHkJLEy5wqv5BpRukkM70dGr9V
461,686,four____,_____688,oFtp97eJ5T9PfuILUA2DoVPsEvrun8KFBWwb9knHRX87P52gd8cKCPOfw8u5KBEs
686,887,four____,_____688,Udm8eFkX3vWCgz7lnpBGH2wrJV5hjiMZS5YuuGGobqtx0A1eK1p
887,931,four____,_____688,lUoA22qhesVKR1XHZIWr2cONbjaP0Rcsgux9JaI4Wd3b24omgflUdxJcx9
0,251,two_____,_____689,3QH2OArvhnNf2bMESgFr4pjNV10zSUDaXO
251,327,two_____,_____689,XDnVMeQ8IT5UWbXmzyxv6nfJ1AZJlQa97E9o2jd
327,345,two_____,_____689,rjo3MsAlfCFvHJ6nm4p7Y0aryN9VWKjwP9VQ
345,390,two_____,_____689,FQN4nPQBbbdCZl9jO4sLuFDzM2c5gho9hmsX8JUqlLcdBD8ULoAWGuQJG
390,468,two_____,_____689,s8R1J71W23NmLQLfUDKoeRC2TKBeDYlCNePfPCCDdMsoVJdo3NAE10tTc8s
468,533,two_____,_____689,COVOs8KJ57gM22e6ncmwNatwk3ULXNk1CboybXJz84SaM
533,602,two_____,_____689,vXqYpiTfHqwj7thFB8hCAWVmb1hm51wsf9V
602,856,two_____,_____689,8KCilREcMzUR3jhvQuyILqD6NITHYToiHtdGsav8wQJq1M5AYBBNx53zRzc
856,953,two_____,_____689,lJvGfumN6u70xhrMTdmjpan6Rf0kZZ1doQUBRah6luqVOEkAIAi
0,20,one_____,_____690,6dbDeBz4EUaU3FgOhGhrYnOv0NygI0dvblAVNXqyJEwDQghfehpwqAY
20,21,one_____,_____690,RZZIZfVXhgnH2QTWIlpkRqqLAwkNFEAmWbuDiI
21,95,one_____,_____690,qfVSL6nan3EIbLpeQK3NZdk1Kc3RhSf1rY62oy
95,131,one_____,_____690,mhDt44N2gkGPDpCx0sCq1RQVnx7noDWLd3iBX9PnttsgwLGXBO4DEOErTaoa
131,156,one_____,_____690,BQe6N4urHQPX1V5O7TSPprI1G5CqtfmCghxGrgrAAqo0EKXbJ2RG
156,212,one_____,_____690,A9sacICdid4GFI3vahDO7C1QYLBQxu58Xd1pU2VM8k62Xr0hvdGsTPo6
212,241,one_____,_____690,v1iStn2vx89It1nHFqww1A7L1cHln4EYDSNTTcDAiuVw38sV1O
241,265,one_____,_____690,w7qA6w3s2cr5YiZJvP6AtdUVzX9uGB1L
265,356,one_____,_____690,d4dlgRTlC1tmCyDJdVbImnKe0Hz6OhLGxCZss
356,390,one_____,_____690,5sGLa3KFpGguoGJZ8UuQIqi9xYk46pu6wTL
390,464,one_____,_____690,4pV5OopKWnlyRbGazghCrUqXIrEVHgZVHQoTftfdxtgtozkfsJAHl3c3ffWbUr1
464,484,one_____,_____690,30IwzgY6h4XLqR3qWNAK6P6EAvBFOhMgs
484,493,one_____,_____690,cxOrDGwgX9EwrtFXjy3df7rkW7GYpNuMX7lzgO4PUhv
493,713,one_____,_____690,ZIFAQhLAIOyGt70HimdBlqWNbAiiaLfdQUKEOohLWVVD6FINXoITfWC
713,753,one_____,_____690,kKiSirxUihFHwAHnNRVhpBwgkGEgcRn5TTXy8blvqoP2INPrs
753,759,one_____,_____690,9hVdi3DvolKgylM7rt3rUDb5h56aPqyfQr9s0W
759,858,one_____,_____690,qdY3CNAi5k1mFHgdtcK1DxopZ0S1EGSt87OM
858,924,one_____,_____690,H0WKR7BSRgo78z2Qq6DmZvEQDofSSGimaAnZWzCBERmg3zK6tbV26TdfY
924,926,one_____,_____690,mQNAi6AC1IdH8sYAPt3d1LD16gMTigWouqhUOAOh4CWqvSnoYvAzG3
0,21,four____,_____691,vKFvqWYzW8mN60I8YglWUk0jXE1LpmK0X0ggt9zfizttDehG8PxM51atDg6PCkTj
21,223,four____,_____691,M7vuLWPtvZ0ThRLIoFhoShV2IhJsnNyyOLrF1ewA9qLdfm
223,401,four____,_____691,S5uZPgMwgUqItro9ZiFhfyVhDZJ4XWNNVN2EHagUaPe7Ds25
401,507,four____,_____691,ONOlz3PVVk5huv7iBhHr6SZJSuOEaf3ISkmhqLZegwZUDl6rbC
507,548,four____,_____691,ATojguviQnfNCI2DdpC73IPqgCXXYfR2jMDmoyMC410oStr
548,713,four____,_____691,xmHeeGLrxZKBCsMbnRd1u2g3znUHFZY5sIwsAglUOGoa866RAUZara23RYW5y
713,883,four____,_____691,aBGIDJx4rJVZSgKEiM8i5QmbnQlfwsLvY3M
0,3,three___,_____692,elDSFS5HqvWbgJinwTLAE9ht3fArjPkFlLv7DWSPl5
3,207,three___,_____692,tvEkWPlARD1GXbEiSQHw5jQNZmssZ6vccOyk
207,352,three___,_____692,DbREb8rhMWu9E8y25kkXanH2eyqbRcYjuvddvswIw
352,492,three___,_____692,bbYMgYOJz8OndC6F39NWAzQ6mDoKAdvGnqH1NK3BYjqGMpzelshvWqw
492,673,three___,_____692,WzN0KnxKMSAWZlcVqGiMicwJmnRosuwY7k6QkpkZUzqhOtOGciZPx0Y
673,728,three___,_____692,ffgikZQP4pzKEyxsb8CcYx3VQEzmaBWRyHd3clNU2TK
728,816,three___,_____692,t5eIrVgqOY9tdkMCld8vYWTpPUpjw6biDAK43y
816,940,three___,_____692,ngYnEtwsV2LvG9w4yIsIc4uF2vmr3z3h6hAS6F6UV4gc1cjhVWT6
0,117,four____,_____693,LMNGTZpPUdxhVYiEk8YhiquAXLF3ziJRAuwrxZOGelKVui6t
117,216,four____,_____693,ASdxDeOfTrGJtpTgtpzsnkel1mb2atxtsFIm0gWGdneKynCfcfLa3
216,712,four____,_____693,Woo6ouc8XZRHK3589Xl1UI6UfjbMRCATQbISkU7thpUFzGx
712,829,four____,_____693,3CQvwDgCoCuo404wArVjTvYWjRGIMIGJxVj6xycyceNgsX1BSrBNyDPAlx
829,862,four____,_____693,sdF5aCBSy36GAUJ4jK4ttuJWoD6UilSYSAsrWYhnqtFaOWhE3Hw5kFj1iDY
862,993,four____,_____693,sVQaDfwtSqduVaLYoAXGfNRBL0epZ2W1xKKa
0,61,three___,_____694,2a5xjxGcvUymrQrRLEUX6v5OcNjgZir7XHFRj8FkvAlZW
61,75,three___,_____694,qnA13fy1hEF1gSttZf4zmS8k2y0OB0BAYYYyBxHxS
75,82,three___,_____694,SNzWPMvRiC8b3j7JRm9u33DB9FVnRavu2cQJ6CJEUSP1QR1h2wp
82,103,three___,_____694,pYvrdyawkGh3TlFWXgYNzJlN5Vk2JvXZyOTerpmFuWosSzCX8mWnWxl6
103,134,three___,_____694,KcTgVZNRPjTvnGXeJQf4Iwr4dnKSu6tsNBQtZNbLpQN
134,279,three___,_____694,JQPG5GfPimqLAYhREmfmdAcJ1mljc2L3QhIDL2Qb2wHplKkuB9zURaAXOjJjyVOo
279,411,three___,_____694,BCtk21vh36yTuCCoUQjnuEFovSkGwr7bitCGg8liBEujnFKUPqp7SJvL
411,448,three___,_____694,tJMmEcNyEJHe3wnuYb2VGueLxl28wucGWAdJW8u9pvT7F68SVCI3duS
448,476,three___,_____694,yhvb2hXSkO0tT6Tqu1PL4vEP9M9gLsfHEly0caogTehCqvdB1sLrnOfKeiDOa10C
476,710,three___,_____694,T9xFdQ6eQtmaxcDzOVib0ZrAHmVeaEVA
0,118,one_____,_____695,6tYCfhxZrZvvPc6KVvuHwZuKAiO7yL8zovyUsN5VLyHoq0B37g9FJa5FN
118,169,one_____,_____695,66ytRlley2etc34NtiA0Ipbp780ajWMYCvBVR0SUu5xbb7UaVN0EU68
169,192,one_____,_____695,XUMksobbWgH8SxQkKYZsBiMPr30CXbaSG0w8fcEp6F5PIHGJjnlTKsvKRZ3sMFqZ
192,368,one_____,_____695,rQVR8POOw0Xfck0pmYFcqYqc1365yzFAvksH32VljKHobDud8TmWvmaLj95R6K
368,796,one_____,_____695,VOIvahKKRKCF2eLmpgfyQ2MnPlIW32tpvwB2g2eY96sf0SSWoVgQXFjgUl
796,809,one_____,_____695,Rev4ZbK1r7Y9NRjg36LYtgZXphFA56gM0SQfLCPYJo
809,812,one_____,_____695,kj929Qj27IwK2SO6ctbwdT7oPn0Xy9zWLNMs7pDJ8AQjQgL4ET0NngBV
812,895,one_____,_____695,BpNCsaqT95OonfzVcSiUmwLZ8vb7G7YCHUFQ2y1GAtyM3MGLWPs3YOlwjHx
895,919,one_____,_____695,nMKcnuZo1xcbq85Yo5ZVw8SYGLbSnMf5jUaIp
0,128,two_____,_____696,HXPGWlpKIZncudWPmMmR0TmfnXpj7MNqWiMS
128,237,two_____,_____696,7xgDHEztscjWbh3yrpDVXOVGOGFn7fHgPq4A2lZz4mMIRhNfvCkkP6Oti
237,237,two_____,_____696,TEInK9OwtfTW24RPfBdSMAQtIxIDqxKNPLXdSAN4glGTD
237,288,two_____,_____696,Rn2pByj0WBAJ4a0lS01mdMoy0MQqFilsCaHPAZgUUB7OCS
288,469,two_____,_____696,bOHaXBpXdBUjt2k73JMH141BRrSgGoLgjKvFgPfYI
469,495,two_____,_____696,FZNKbMHyIgaJbkmSMivCozbn5HkUbn17zLq9sAFeC9jA0b1mPa5v
495,506,two_____,_____696,JWBYIa7CtkhCrOpwDZjRLrECvgfaRcKdZ
506,699,two_____,_____696,gq1rzqvkYWt9HRzaD7H6CPraDtoOsHNyBBDXVe8
699,751,two_____,_____696,WhysJXinH58XxLFJZlOYFUQPkSz8UABTvHCPmi9C4JelQ13xWtVGHaH
751,828,two_____,_____696,DKdqWRFEACv5XR6qn92MfIkEEGIHIFOBz
828,966,two_____,_____696,9RzUl9FcFVvn9pQc4SjOLsglLAaHxrgwhAPx
966,996,two_____,_____696,xYfhxK5IAZQBbBojuH2s8x848yeaKdEaNY8xdG3ZKhknKjrf0mOiB7RGf
0,11,zero____,_____697,tiZHHkkkZFMCTwaQwTp9wuhiav7SX2e4lPi9ZFR
11,44,zero____,_____697,xCFdkkWj2CfO0aIAizSE5hiSqXznBe26W5
44,112,zero____,_____697,Q4j9CgT4zPzfKkj0qIQjDbiV3TYDQKBKf
112,265,zero____,_____697,YYv0HadzHDZtbHxy5MetTC5NjvQRRaaU0nDCw
265,299,zero____,_____697,DosQDGoXetqFudzkQR0CnGDXv3exbXHcodcgSjjNiC0srzrWsEjTBzXA3z4
299,305,zero____,_____697,VPYin0T58nlDKHzkgdkwXpBSCbLTBtnd
305,410,zero____,_____697,cdbEeEm9WrxUMAYeqntyxWhBoF3kyXIamEMfrz
410,508,zero____,_____697,JZkJE9EbwAzOgY9ZzplW2YHOSEZnNXzNuoUHOZOaUWTnIc8GO78YTzR3dsw
508,627,zero____,_____697,RLA9Wc58hczqesPD5U4mP4VB3F1PgrRv8UklOELojr2MSreLlIcx0UkiaVm5
627,656,zero____,_____697,IW5avFxDrWmCbJetGqXH5GuBqowSIe3LTgIcHbZJ29Byj4fDbM
656,759,zero____,_____697,XqAD4k8bDiBAG3IKsR7BnNmQCcan1iEGljr7VN21lx5sHCrscrapVKvuDJ6
759,903,zero____,_____697,vug4fzXM8C5RU366JeghCVmnYVtu4SY8I
903,975,zero____,_____697,PxKz0GWZnIV8OpHcPh8ogFfgDfy0GAkbGMYLPT9hNZSBOnu
0,167,two_____,_____698,fuuNrYpEq9Gd3TNtVjj4ecNBU0Jtuc1qe
167,388,two_____,_____698,lBTkZ3jSWNQx2SytGNRVAXutETssrhAEgbKH5CT
388,405,two_____,_____698,hDuCqBfxWUEGZ4TlwTmRrB4kUvwYtbju9NiI9f9Iq8rfhKqO
405,646,two_____,_____698,k876XDOvKXNMkAhArUNp6k1aiL9ebyujRoeX1P
646,668,two_____,_____698,3Zkd5WSbfgBdapc42nEXFYvBs1SEbk1SNwAi
668,780,two_____,_____698,ILEYDb5eK6WCeHY0cE8O8witGOiGd5x2YM0t2pbK6pIb7EXFo8j416Ufpz4
780,839,two_____,_____698,txCgAJ4ZjWYvEyrH1l6gVW6Ti9o3L8u6or5LrOElB
839,849,two_____,_____698,RFCus2G7ilFePjtG5BPYNvbqmTasvJmGCXqMvV960K8koSz8itp
849,919,two_____,_____698,L10JfKnGOjR2zTV510gCygGJSh13PS8stp5cjtws
919,938,two_____,_____698,VukwdZNdxsxZ9HCbcAER0BJTBiuZpR76t
938,973,two_____,_____698,k4OnmCxT6gFzYiUBRZv259WXskZJ0jwrROHXF29egRMj4rTfZsDE7h0uq8
0,83,zero____,_____699,nxolRLTNrFreOYMxGZLSO8NPmB96MFma1ZYHymx
83,183,zero____,_____699,cFoi1xn318cgsX8KOdTpzRblL7wc171Id9E
183,346,zero____,_____699,OJyQI6Lds4yEuZHCBviYQIxukBqwSmst3OUfYizes2eLsH6Er9Rk29CJ7J1Jxz0O
346,441,zero____,_____699,fYKgrSgsaQTbY5SreZoXnIUbZFcE5SfmuIiJRhWZIz5qgh8q6pCpVACbpE
441,442,zero____,_____699,NpSbOF0wULHs86w9JleX2RPrwCquGXWYPFrKpCaFakvXcsd3mJj
442,447,zero____,_____699,1eKrVaTWmQ1HJguwtbTTxFUOdZNDdsSsL086buQd8WXfbhvCZwSjVBFB5Qjk
447,495,zero____,_____699,IsHzaKqinALcy2GW83mAOKqIg6JZsJqZqI
495,912,zero____,_____699,XKAYNDAzifan0rIcwlSZ1BdkMoFQsnPDOe3QH1HZvpDjxhz
0,10,four____,_____700,5Oi33tPafvn4qyxcVCtGJUTSYfi9o5r8VTM7O4J1Ba61S9iH1b
10,41,four____,_____700,BCNX5xmSlRNJuziv300UOCeEPenbXpLhzJKwrTcIO7KoztErcX
41,91,four____,_____700,GvtympGcR1Sk1ACXpO90E7zw1cidxy7kXHX6VeDH9IemXjaf2aB7rdx1I
91,175,four____,_____700,9Za63iRjspa36s1HIDp4Qm13NF0SDZDK
175,200,four____,_____700,Nt8BdCvpyevl1fRDgtCt99IpH3yubsXrNrz7MtisR7Obexl
200,274,four____,_____700,344NAf84JecFIDXh8sIXu4vUSVpeMHSm3L5hb
274,310,four____,_____700,yvJ99Qtze18tfRCZE6orxKPSjCvPT7aBg0q2R54xZ
310,369,four____,_____700,EGawxIUvKFgwJl8g4gRfkLJUJXGp9ujxzcMRBOEBw9TafNJcUM9l3bdRuOL55K7
369,497,four____,_____700,Hzf1J6fg3BvMUXrIYEcXSlv7GS8VBsKBtMW8La5Ev7b5EV9qV2a
497,522,four____,_____700,5738XKS14nzHUUznCIa246tmhrknjCtglpXOfYboDsUjJzRkHV02z8IF99D5Li1H
522,745,four____,_____700,OsLUxJTCeHh1mP6p6IuRclaFsNfQMAemO4xcDRQxOAAeWD8xZd5IQnALzlBob
745,754,four____,_____700,cvmAaaIM4ivnHvNq4tSmfjw8GpbyQvsdPt3qXHXn7
754,788,four____,_____700,nRzq6jyIhiJMT1Fy13HUjLMRjKGboQkpkY8wJxcVGpLnS80
0,36,four____,_____701,LCUZy5Gj6R9VW3FEU1lAdzgdOdgmxXbkGxkwdVmVHX8wgsi
36,50,four____,_____701,DJPRUMN2MqyZg6wenmoOIK13WZPZQJw6znEAoAbqPWzQIVwRl80pPF
50,273,four____,_____701,SMOuhiVp1ShgnrhmsT4987CcEmIGqkJ3iNwL9jZ6qssmkKkmyxPL
273,330,four____,_____701,XBy8ZB94eAzR9yfM47Yya4cCjpJZVBymUnoMKE0Wj
330,387,four____,_____701,4oWoY55HrQg7VGXXgH3WFW79x0VdI8hU
387,406,four____,_____701,ctyy6jDpqkrPzIsyeo300BIzfANL2qKrGKnzyrzQwRb
406,492,four____,_____701,MkhbWxMmKs1PUq6GxiltiLzZtkf8jpTGagJUe
492,602,four____,_____701,AKKlWGPOeO8Anj4okQ2vU6w18tNUELFAL
602,756,four____,_____701,fZzvqHTbKUrjM21QJWI6zaAUsopF5swWKPGL4qWS2XfePbVzoTEeTJDcD7jtTX6T
756,796,four____,_____701,L1xd6J7evQkdHxTtDIZ2UitZS4BxW3Yi5DaUtQo5F
796,948,four____,_____701,GD2YKqr4w1e4g5pJw5JaHYcuCOO3bnDTXf
0,170,four____,_____702,Zqq7gnOX4ohBcecGN1jIR5DquDgVTK1AailWYLAZEzW0kvRISm1kh4oktYmAQ1Df
170,208,four____,_____702,hJc2nAe2oM2L1U8M2iirvYfnDs051VOBtVsw9wxeeCcqMGUifeJ3EQDOR
208,259,four____,_____702,iSqf6QsXWOh5foSpPJuJ2vcRDFyQCx4VLyVg
259,345,four____,_____702,k4NEBzs0BkV6qNBhzVtuANkpMbw0rLwGXJJVLN8blIGYuc95ApBZ
345,366,four____,_____702,f7HKpCH2vu5Zmf6tqwsjKqElYyvbXw4FGvuSqv60xF74Uo
366,386,four____,_____702,aH0fWTlXN02RR0faYVwfkWT7SAHoRmEowGl
386,410,four____,_____702,MZCT3uNJ64GbCOzYr6BEIvyEUISzZgAOaH1Tx0Q6T0NZryg8cyDl0x7SC
410,485,four____,_____702,YatBcbLNBgiWUYNZptv6Rose0z3iLWEPtvNmDB052v4EhF8jan1MFlz9gDN
485,524,four____,_____702,7kQdjHlOT1KnCR0H5B043D7R5hvb0gaAT3Sl3
524,578,four____,_____702,23HtK2R03A8AnQjueKsluJ0BgIyhc8Sw6CmdT0pDzF3KKp
578,613,four____,_____702,XZirI4UyzjINOvbadDzhQR1XTSB5aF6btC93bIMB
613,621,four____,_____702,NV2qAeaDcuCSCe5iTIi2Ogx9Ip2yI71GoVKEALj3bkFcaJvmaA
621,659,four____,_____702,P9fE6eA1K8lg4HUc2DIhpqYKiRwsw9Tox1dA4K3g4tNzK8Dbr6UJZJS29w0
659,671,four____,_____702,6UsxOqcqtEkVO1MahgsDPacm5HoM96UmCjB1O9eN5ZAk0gMDNCCPaHhzDpt
671,701,four____,_____702,toHeCV3gZ4opIFNfY14G69CCIcR9ODVKqmU2Ob
701,710,four____,_____702,b4Bo8dA3n0IcieF78ONBecKOGcKkGfVaoqhpNleCZgK1
0,147,one_____,_____703,1TsdTA4TReK64cBddgKPiPNgljqgIN3pE
147,330,one_____,_____703,ZZAZ4QXAGOB9GySPnlfZMVZBl0oUZDMl5EFQya1svpbSN5Nnq
330,861,one_____,_____703,M8glBB4FHvhvDEdW3kmo9OuVLK70pycZj6gbS2vwc6
861,924,one_____,_____703,mhx6AIaVcDFrrqMnQ4NNMZXDqiH6umPp2YhAl5ugddvDxSYnDrhZy2g6tx3v7
924,947,one_____,_____703,ssXtUqk3UBzrnNisyzcl7XyNWtadnn3SyI0XwXAreV4pd27
947,956,one_____,_____703,LPSG7Z3QwgF8dYQL7HggcEsJYaMv8Xmszu5H7
956,990,one_____,_____703,381XKxcF0YxJHEWcXHxoofAoa441EjlJMLBzLDVa
0,178,one_____,_____704,ucu2fctHk2GCJeI1IgT784QvCZHXOffGZGS3CBHx346abMVUMvSyJ
178,188,one_____,_____704,7lY3PNNxm71Gw8pmDW7dhCA6UrjLVyrgrRgkfNXn1FzVhTJtuD6LpIKuOLN
188,291,one_____,_____704,IC93pVJsvEwKvrYYw3roeBDKKY1xrY1gdHPmR74TB
291,360,one_____,_____704,FAo8OKC2TUWdJGPBPo2jX5VVdWysGI3SdEo
360,379,one_____,_____704,cdSsnqwMTYRz6BEUFJhtOLeYQcBVmpgYB9HdktJtHP6reQ6HaUN01Cm
379,647,one_____,_____704,MUlO0mJa2LEeN8pRc0050SgppO5SgUTXTTVNTWOohhZw3L9k4lvsDdUYR5K
647,694,one_____,_____704,oKJCqJ5duusk2dIj1U91KML3ZjGufzEarxyiaJb
694,731,one_____,_____704,aycWylG4YTt6AAjOiQLn4lddwtKzG9tErGTOOrIgnM0XrhoSChCY8i3yT5yEA
731,851,one_____,_____704,642K2TLs1HkNj738DQBxbE98YteakKABUz3D
851,964,one_____,_____704,bxYTo6AZROeEx0NsRQcjdSEQfHSsXGoEqpU
0,62,two_____,_____705,kjblLThCIKCTiLKPtMcHfhsHboVtAUuTV71lVfm
62,107,two_____,_____705,TqvaD0lGVb9aAgVOXya4pVrLtNcZWPQERaLJlXo3CrlCqD5w7
107,402,two_____,_____705,vBavLPIyCDxlbD40eEV4M53ytIqMFfc79AuIahHjigEjwgiEWufYzC05
402,553,two_____,_____705,xD9C2b6u1VSudCw6xivPGRNHo6ysV5pebRGf9HZNTWe2E2MXrIeN
553,610,two_____,_____705,MHrw39mwDQV1Ui4ijDlK8taCLJcRslJtD6ISJvqESeyhRiTLEJjq
610,793,two_____,_____705,u9WrrywU0koNZd2w9Ur6gdTKgHYqHG5tUqXQ5UuiFZWNjK
793,880,two_____,_____705,naEBJuhQe9n30b2BGzT64a5utyI4WwytmMoCGVYfRcH19uTWXs
0,249,three___,_____706,rckG6V96dHLKIQKKqhQcWlFq0hneC2V4Yr0gOxAjd9NczCTpqkxIOyn5UTH39AOe
249,276,three___,_____706,QktvMgrjrBx8KRlNO2FyfWeYZXRqSf2uA
276,301,three___,_____706,95NcLYCZmiGJkZc0tJi3Z2Of3iBEfzIza
301,357,three___,_____706,9ZQxuTAnBlHXhWXhQPiycC6DJHab52oRRufL
357,416,three___,_____706,sFBy0OrfMVNEjiOrcwMmrG5az2H6uyQtB6EY2Lw5WdXLw5SYKv34TSydRgyIfcv
416,439,three___,_____706,UNbUofJaMhVT8MoB7kObJ8TGXegF8lUnZhGezxbZsTSQB1trUPXY0ZmxXAz
439,528,three___,_____706,PMHhjE1Ad6NUCXaO0dxck6L7QoK2SwMjzaucs1hjurHZy0FLybsuUT87x
528,548,three___,_____706,nct0juJtsxYknLSjM2MLo0f0xBzbBZACrIDNsqzu1sczTQoJ9
548,616,three___,_____706,eDNDQqVg7WfP89zboobMs9srOEzDl05aX3
616,741,three___,_____706,uXln6Ko57nIaKWMnuor3VT2QufLyHSOWnuGI2UazSpRlMETCe
741,744,three___,_____706,aHyWuTirnfU0jHLdE5d2wDBzqgGVMA2SJOl
744,762,three___,_____706,gC2hYSlPL8wYaTFeERPEfuqACjEMIuuFLBiwCmLspO0NA3fvn
762,975,three___,_____706,xqGMCrRnuhbhwdNBNtQUGxsrtSSSw22kngbOJqg82zZH3KRF
975,985,three___,_____706,KAY1tAOWyPUZQ7vMlsAhDlPPzrgmF0aFF9
0,40,two_____,_____707,6ETgOv8fFffZK9nL7qliBAbj9Fx0z7G8lA4WNpXMuNKAh4p0J
40,78,two_____,_____707,6ySdnf94XrOS3fKModAHFtAoHa8Hj3zvwi7FIOb8ipbYFuKNs
78,301,two_____,_____707,rJbtzhil4hfqvvZOsV0SIwXvEDGi8A385Ccni1GnRL4D2Q
301,389,two_____,_____707,MRlHR0cwgScVtoTs2B9ZEkIRJxMo5OTeFfjkRgB6koJBMmFZjqzJmkXzWIRGXxK1
389,653,two_____,_____707,Vpw8mtVuiuJV8DU7oHc0LEGKhYsV2IhT7dFfSVX1EGp
653,908,two_____,_____707,Cki5emDMT0mgDc1C2UdMcL0GG2scwPxx3m
0,57,one_____,_____708,VA3EGe139PytgornHNgaFZULXHZP4WxiR2JsXq0Kunp2Na
57,341,one_____,_____708,oy5bSWWrVsZYCdbifx21vILIdN4HKoT04zovdlEPIwXnF59NYPyaceU360W
341,448,one_____,_____708,ytur33ktFc07raW87sfE30a0OKkZoHPjg
448,724,one_____,_____708,RFwm3F0Vmg2Cm6Ey1CX4PK44rfD8pu6h2ZK6yU42etH
724,831,one_____,_____708,jPjVsHCPyWacABDQvFDzgudAYV5EPCUJ
831,962,one_____,_____708,u4ChhsGE45Xx3NTmjWsM6cqH6JDqk2bqm51AURB8HWQ9M
0,165,one_____,_____709,5oCqhVoBsvw4acYq0bVMA5E4ED1Cmkvqe1VV4xwFzm8waNptMvRxHxVrgt0Bxi
165,220,one_____,_____709,wYNj9e0Vt7cpCpf41Nli68WlPV4ff6HFQzYU725EVWoNRawP5fbd7jgv
220,535,one_____,_____709,imsjiaAQJK0dUzcvZzC8bRH7DQSStLoFISgANiozQ0u4S
535,587,one_____,_____709,PjYfEKzKvGerthAWNbfueuAsPvKhyQPzWbt1ZhEVJrSom
587,626,one_____,_____709,LXXhRRjbIu673ODVMTas8MMRxafUhUxqh4z60KQmAi1nQ1Fespufl2QlVh
626,682,one_____,_____709,owte4flgKcxaGM3SQJ3tuYaoalKrMULt9JYx5tAs9hd69yZp8NimjjQlST3C
682,776,one_____,_____709,qAEo2BFSUKI509cbBtsAq4Y0f09MR9jRxFGRbcBml2RRtlSywOjDoI4MLlRmb
776,819,one_____,_____709,HAHW1sYSYvmzQAdjLOGg2gO91FDbldC0PS4RdMRHdomLRC9w88VGkFY
819,827,one_____,_____709,OVW9wmhG3kDUCmXoScCVO1rrh4Qtd7GZzWWAeXHcEKw4LzuK0EBdPC3
827,934,one_____,_____709,tIJFpsKogUbfAk0kjtjZt1Xk7aMBIOdd0aP3HRDZ
934,974,one_____,_____709,RS4n5DAVuiFgpXinlhBxHYSqefi4SJmAumU69iPdp4s6ngOpIiUVw7ffWVsX
0,260,zero____,_____710,YYmEXjgOEbnG0kGvtOIfOAv5ZnPrTRQkQJY5v7O78oQoqM61GYyfunEp3aZl
260,419,zero____,_____710,7hCBy0vDVeOwX6XDrND2J81LU2m14uJuFdZZWLTcbiLYfoa
419,439,zero____,_____710,pDZSzRZeH1DU9jQ0f8B1JyevKUmtaFXogZq6sYjUZLnCW1hWmFKaOHBBESYCG2e
439,536,zero____,_____710,Gm8Bb2EuF48Gd3EInMM3Leq0IIjRHwsAn3TLTHiYIzrjHqVQyxsYARxtdA
536,564,zero____,_____710,OKriLEL1IIPjHgNIpO1CO3EqXYKZOJTBxHl67plEkz5TyHaK
564,608,zero____,_____710,RnxH7C8ZdbWHOozoRl3HUcOSuxaASHsW3DfRRXGWf7ckEFNrF2xpWSWt
608,636,zero____,_____710,1XOnd5Ud0dWxKPrjwGx04IsTzoaEpy88vIXd77bgt7RZg4bf
636,688,zero____,_____710,ftKXYcO2gU7FDHiV4gxeVNMsqY0IJbTqpouT5DqY9J
688,693,zero____,_____710,LOmiYv2g5pEqzjRLSsjqeH8PCPHiDPGAJs4jEnt9ocuZis
693,724,zero____,_____710,Cbjx6B7mBmxMtah7mMRnGcYhKPCWl07y3ZGyubdyesf6Xa6Y3Js0w4W1vTpcu4D
724,874,zero____,_____710,IrzQySorZPwmo9Eg5NPkElxMxMVpZUTD7fRRneBncafCH0xa
0,18,three___,_____711,Y0SDDrOLqcI69FzFNMyrcrGB8AUUdyp0fnwuDkzVaW1n
18,213,three___,_____711,bJuvML31Fh2VccmTaeKaWhkDf7kpGL6hXyIoUWx
213,215,three___,_____711,AZyf36iVXGVFwBlr2GjgK3uLNF2FxhOpiejAZ9oGG28FnB
215,401,three___,_____711,JY4Mzir2CiI06JEQd8YX80vvmDnnPjp3lbrNFQV
401,502,three___,_____711,vU6aZk8D7514DVVUeE7PiM68HeZkMZaArzL1
502,546,three___,_____711,zpUizM69tkYPYFe079PJ07fR4hzm0majCr2KyUfX27UpIEUxJHpBmg
546,596,three___,_____711,zXR1tNELZJuYA7pzbECIotsSbMbB7YuYzKvEgW46v
596,617,three___,_____711,9B5grsQqlSuwAuhg77KBTMEpfqCrcSWYkB6htk
617,670,three___,_____711,34CxFoE7s6IIIJAgy7jbM3zjM5cGrsjlRF4kFA6uyxiJE
670,984,three___,_____711,eY110I8ZpnG0ldZRo0RdUnzvVf0HPTr5iWZUfU4wNV
0,314,one_____,_____712,JSCbst2yV9dor7CS174nE9Zu3fZsFXHfMuFG029tFpi5pJ5HkJUOisx2jUR5B
314,414,one_____,_____712,TUuLYsXMfEo1LqXkXzNcqb9uIkbU2wZiVBtEhMxeIivVVNwv7pulepaef2Le
414,415,one_____,_____712,1s9uYMtL4v8fGxcMbL70FY6wFiQ86zdnZzryDVBMaMd3
415,674,one_____,_____712,uEV4Apxs9m01BwAwTqBYuKm0U0FxmclapnmWllDj0PEiFP77gXgYNTX2xBwZ
674,714,one_____,_____712,3uHVc09huJCAegAnyQq2jiKotnd6Xu3TG7N4MnELmeooGx416IMPrztEMAWnypO
714,765,one_____,_____712,IgqMtqHOsrn2VYI9SfZIqZw7iV9SIb7LetTKOZ
765,887,one_____,_____712,JvbZTBCqZhJokhbZXzywsB10VvwHgMOpzPzuk6TZOjJsucD36oN5eVzm
887,930,one_____,_____712,I8blnkkdprqvwj65sAwHFXrsrFdXUBOamB8veylLFkmR5NW3mHwYoSNS7XyJNUUm
0,5,two_____,_____713,Bj4LATeWduEYY18MRkaDs4zcijaY9l2wvVJsUEemwsdPH6Fb6
5,13,two_____,_____713,jpa2v4ObgYFr70qMnloai6Mk68OXhgIWRt3W8pkhBtVFoiHI
13,88,two_____,_____713,xHUk7p94ecOoX1V1NjUZyTp72nF45xSUku
88,94,two_____,_____713,sKRpteJueFo8FTTQhkQJNsV5OlVVhHZREFER4z346wfVLFvmy3eEVgfr
94,373,two_____,_____713,JL9kUNU89bvsTwAB8TTvjI5weRBPuA8Y
373,403,two_____,_____713,Nimo6VuAva4i9FLZcMd6lD40SSj8wAvINBGDGlHvajXjfD5verQTPJ6EV
403,527,two_____,_____713,6hNYRidAJGpclbThBJzpnQZn8EkLstmrjgVTFW7JHXNe8jKYSYQGHyIuZ
527,753,two_____,_____713,u6jZe9aZwtfODPKwX1nC3CkjawFoJM2BbzBi2mWFZNsgGCcGbbIC
753,780,two_____,_____713,IYlx6b2yue4N5dypxpyG48wsLXfjOtM7quX3cP4gfjDDEqSb6eIyctsGwNsxZ3n
780,876,two_____,_____713,wFp7G03WoCgSkHEb9Lpy6AJqn6dOQGbz4KWM
876,933,two_____,_____713,zVnwqZIhcChfFu1rUh1W7Fc0cJsF2oBxFoCwx1
933,966,two_____,_____713,ElRvP28AQZpB5Qe1sitS5xyRO2mnz1YPRTIR
0,199,one_____,_____714,h5bi4nDNnopC9OONkKES14t0WKGGE9OW3gto6DmT5z56XOSIfh8qd
199,386,one_____,_____714,u6Gy2HNvcm73kUM4iTFrNrCyMZw57tSbDU
386,390,one_____,_____714,40c05Fd0DDborPkwhYASCFpgWLtdBMlLDAAkfHPAg0UBc4Dnq3hw24ddzhB0EwV
390,462,one_____,_____714,tjMbyOO2k1aH6pYyv2ko7abSg0Tmx1LX
462,536,one_____,_____714,baR3oSr04gq8bM57VoDT8d89GnegsW4sy58dzItkATXadHDY32lk
536,700,one_____,_____714,Ne2vi55QEqBROEQpJR3cZo1ZFBPUNFmOFEE6c8uF
700,737,one_____,_____714,9PwtvN0gsitWUJsuZ59Og3bsZSizypTlmxMSOvWDhzzxAYJeta6yYCAlJiU2TIw
737,767,one_____,_____714,RFxOqElkk1la3zOaPDhNdN9HjGewTeykhsXeQaY42T
767,804,one_____,_____714,EYY3ngI0tEGJaSY8lP4TRsCsrEPdK77GM
0,112,three___,_____715,1YMydfmbtKDtzZSqBgSiTnSYZ3HRNdRC29VETrg7oEX47xZx1GprQZI3onamVqz
112,150,three___,_____715,5PFCCl6aqBH1oMVIJWWbBH2T3AUU1hWOr
150,192,three___,_____715,kD7VJ6IchF5BJsTcA73aK6gbHv0GYFGuJse3PhXiDTGRrTVdCgTvC
192,355,three___,_____715,DsRxrxZg0rCFnQYPPBBtHVwOAR8xmh7U
355,458,three___,_____715,g4okj8awbiiGjZ8YDN0splHziCU67sYLv443dtR796w
458,533,three___,_____715,rZnbYg81ZiM7Pde75nUZRc56uguV3FTD02bMBU5airEIHz
533,650,three___,_____715,R3YFCAIRFGqQd7ftvIwwmtlN1Ll5ADbsva25pcwrsleCFK9QOcqveTL3pxcrOfx
650,764,three___,_____715,nBJjvGpRY8UmkGraWr0hzcoXdvlieENtfCbNeSOWDdXXqZP
764,846,three___,_____715,a5LB0VZ9ElmtPDkJpWleCWqVbrnBniea6l83Ei1vfFV92PM2iNtEZ53Y2mtZYC78
846,847,three___,_____715,yfGD8eEy0P75B22mtyDvUM28x6RroF7WjoUSiyZH
0,63,two_____,_____716,aw7k8uuQa1ZvPUptPpHdhEPVWFSGwa82C0V5
63,324,two_____,_____716,sE9Ne9m7bi3jwgtQGk6NalhiF5dJneo1LxuJ
324,415,two_____,_____716,xGRUXj9OUYich6ujDym1vc9Tgy95NnCqkDW
415,441,two_____,_____716,769DqT0sewJcVulE0qb0Ym4uepbAXRGSW
441,903,two_____,_____716,kPjrZ2n0gengmSHRCvtdYhbkuIMG5H8G6mq6KXQ4HFzxi4H2m6VaGlof
903,929,two_____,_____716,MNYBZLDp8WA9dVEJpQKIbBoJpI1ZbRYYFvaHV5J
929,951,two_____,_____716,5ij0CBYfvcYFYpphXsTLgseyPDbdRnsEPTLZ7vRseKyNJvMgxLREaX9k37eYhca
951,954,two_____,_____716,4wJ7uRQu6i1IFnp6TcIuo2uAmhjjq4Ni
954,990,two_____,_____716,uMza1LXdVhFmXvo1aqDtSRIzPeHMq5Q6q9ChjZNWeGaX0GpN7cGxNrnci
0,12,one_____,_____717,tMio6tCilNzRTqNWbWgdDDVFzd2KKaGmx6tRA
12,202,one_____,_____717,8qsWlcT5oO4kWLRiXypLMRkeQTljvirDMwc8Ncq1AVhQWX3Dwe
202,263,one_____,_____717,GhSJqyVHukUMWnfllWEwLIUYaTIhrbmswWhpCcEwDTReT1hcqqEA
263,429,one_____,_____717,K2oCdm6dwAXb4NHwWUA9enOQfv3P9LpP4CkffgMdslHo
429,453,one_____,_____717,vtfC6L6Irp4kDxFXcEH2zdP6kMsyTfgZ6cLQTFK3xuHGYGQfmURRyx
453,459,one_____,_____717,Gk1xpWT6fdk7zwwdkSm6IWr88pWDvyhwFStz6L5zuTNbO
459,482,one_____,_____717,GupH6CahnRxH5Fras3PtumVEqn0M21IUaDWEyQmvRWg1hk
482,784,one_____,_____717,Dc1v9O9ysr910BDx5Jx4fohay6VgOAh0o6R4ULNtIkwnnyfQ2PAG1
784,839,one_____,_____717,mFoPA65mZRhtgfJiuKcRQB6QcFIzGnsmE4c3aOblPoK5xePbCoWTz
0,21,one_____,_____718,tnl9l0IF0gfvNaYn0NlviFcoJdPZeIUZ
21,97,one_____,_____718,8Gt0DAR5UzEjznlAfCoLH26rUA1tjJXrThHSp1XPhFDcUDrJ8
97,172,one_____,_____718,3ADtnK1ua8hy1TVn5emj3G1H8nhFnjZQU1X7cR8QHErfYfSf5DydY
172,235,one_____,_____718,MzmuDwjGHWs4w2MF9amNNx8pbvDH2sW3MoR7c5v
235,308,one_____,_____718,DFdVCJTCGdK5fPtaDiuImRSY0qk3aXX5q2h8H
308,405,one_____,_____718,KJtlgiMS4E5YT5SGKWUzgVsa3SxlOv8cjUpQvCLNbl49cdsJAhdcdtt4o3hiNcIz
405,446,one_____,_____718,v1ZaFV1dIXWDpWfvkdUfyBG06P3pue7UJFmUqti3BjRE4dLyt6iDOkeiIik0
446,681,one_____,_____718,bnTM99mc9V3qApZ2IQa9IkmkeEz8yj4ai7Qx69CSCOXaQNGHSpMf3NDEYPCp3SH
681,736,one_____,_____718,sT9NSLayfyvLrDduMN2UzOKJbVRDu2wyN6jCt
736,999,one_____,_____718,mFf9y8ecNL8E6EVdAIsCZnJM3f2ikrLOocte9U
0,100,two_____,_____719,RM2RV3uMdQW45I9W3S7DjXL301Oyp2y4mY2wld8RFolU7H395sMp3Ak
100,187,two_____,_____719,EdhPhzf9yzanRWuvU0WvdnFrVsljLzEgOH7ewJ9QPDS0BRxgR5897z8nrw
187,474,two_____,_____719,ipBAphHIWec7LWzxCledqq1rUXE9UlKd3opWEgWGnCAoTKmnUuHSSQ
474,515,two_____,_____719,1yU524rTDjLrhNKqhjsM7RWGOkcQ6GEZPJ48gySjwcIf2rO74ezYA4qdmP82bG
515,564,two_____,_____719,v10dzsPpdhCvG17VWy5PqpLcqnm1hX9bj3iRuMXx1PEqOtIDxo
564,627,two_____,_____719,9VJ3GYHUzEBnPykL602gnq8jQ1jbKYP1GdkZGbKws
627,649,two_____,_____719,vQImA3ffH2jNuqsTiElgt5O8q8RRZxWLi4EcbqWtgU0b2hnhfcZqsKz
649,720,two_____,_____719,khQMLabnFILn3YC9SyVad34YNTfIWu7P
720,837,two_____,_____719,BbwMlqKyJiwzRUWvbboAc730Df4cSHfR43g6tO5SzlMBuE47hSBpvh2bKDKLK7KN
837,921,two_____,_____719,DROY5NMNn8Lm9escVha9dYBQylXzloV7mckpmTmgpbOBbwlFGFnu46
921,922,two_____,_____719,5TXP0cAzq0F9SvoWrcSVoCTJ2vxn3O9oudQ1S1tMgytyfu0P6zP1VV
0,2,zero____,_____720,JGMolgvCVN6DAWanm2vGRaQp3AlYrvwtxxva4dw2MIzZ4mQeCYk7FOr3Bl2Cswf
2,112,zero____,_____720,w2MhoiHIJ3sbnyH4rzp5ZlV4qJBt7Pa22nA7G734K0nGKzKE
112,139,zero____,_____720,PG1fnRPzXghMVLGTBJEOJ8YkcRpcDUnX1Y
139,157,zero____,_____720,JLaw5UYIPJluZn1rgHttVogwo22d63CJ4
157,169,zero____,_____720,glYM5xtv20zEGattkSk8A3P717dgVPZSYYVJDFtByLRcQsyyKjX6F7fZkMeeA
169,353,zero____,_____720,ZJrk79jKdZvrQmkCFNfEQ1hBGurliIe9tKmrCWKzkQHvJYlxzkKzpJvRBRtHws
353,415,zero____,_____720,SSwFHJJkJL68VEXzZInXpPgIbdzaXz6wsstD3ljH5DOQR5myUYSI
415,600,zero____,_____720,AKFScgECJqMiUVT8NKkHaanI5XWGzZAEQ6ZcFzjC12rX9S
600,611,zero____,_____720,i43AkBUgvnZIAhVIqPeG6t9wv9GC84uFqZkkGSVbVip5PrnD
611,615,zero____,_____720,AQ84UcABrWPhkskSWfdTXfnaVdcBmEpwmiE2OdxChAJgvy1sOwhNg
615,746,zero____,_____720,iIEHBcLSmXJdnOGt1VFvHPhsTxgw5WY8jUpOiDTaHYaqZC
746,848,zero____,_____720,pGLbdw0OfTmYIiVlPpGWijI8RBkKEbWHGeisGdn09JTf8rE3rkcl5DP0KnGPJH69
848,959,zero____,_____720,rIB8AhGSZ48URnuZW1z4hvpUgaKPZZGIZPGVXhC6b2NdZFY26
959,964,zero____,_____720,pZw0Df4Pukoys0NrDiNJednwFQwm0Lf3Ozf7MonWdrbh14AKKlRMF
0,121,zero____,_____721,MBEpzf9dZSXW5w6h0pNQACStxU9nERqY3QTkK0AjdJobMT0E
121,153,zero____,_____721,KflMfyAxTnNTAArg43G1XzKeJ0pGmHOIRrA
153,159,zero____,_____721,c0SKATupjRqup3GgWzuWVQR9Y2qiE2BRYIYMWFpKrn4awjR9oJUwI2aJbDKC9k
159,228,zero____,_____721,7scSaLTOE7byu6kEzj1Ic8aUnSinaGGHWMKeUYcjLhtm
228,431,zero____,_____721,7FxmUcV6HBIXAM71AWlVDt61r1QjNEkDKTld4v7jsFBnmyosUaJRx3YO4MBrfH
431,556,zero____,_____721,vPwU6U4y4i92CR417tAvqHeSi5O8ZrKcm
556,659,zero____,_____721,h2uxiZKm2UJ5SKKsECnifxu4DpTrkg1qHlfcpeo
659,702,zero____,_____721,K90VsJBql9di46Ph20OvUmY2wW5UPOGTEorvFq3QPol98SbAmOPWNeOhmmr7dMO
702,782,zero____,_____721,4fu9FgNeRAiXBUeFouF9EyCqjsrlPJtaHRwC5eN
782,955,zero____,_____721,feetVm5QT1pdSkitvazoWWJJXR2hlyUPL9CtcMsYW2vADs
955,958,zero____,_____721,6t6yvrEyzhjlsAZ1torYuLvh9ZBujAzqewC0gWhPyG1BM7CwoP
958,979,zero____,_____721,z4qFJWd7BaeCWcatIWwD0OIIaCLeNEYgnjcx9L1i4Cp0JoExzOFA
979,994,zero____,_____721,JWOqlU5f6BELJtqvoFohPc3EgeEPoErXpRzW0X1Ch3GmpBnf8vN0Jd
0,344,one_____,_____722,jzLQuJmzLl5X3y5BB3K8W5tw8b2dy7iQMLp6qpgxMTS
344,389,one_____,_____722,8T3R6PhlrU1dV0ligx7YZHcuFBHq3jVU0MjRFnw6zCQH0BvlaHL2Jw9yX1ao
389,431,one_____,_____722,8CFScn99XTFpc9k3sWLadroO2qLWW01CrfcDKtHlxpFzqa3gWI4FBz3w
431,519,one_____,_____722,8qXQ39fKZKCqE0OamEa1eiPeIDrNsZlJLvSSTf0sarrILsljF
519,652,one_____,_____722,KJe8buqTHiRkHELylhrCOHz8zDKde4bc
652,730,one_____,_____722,ac3MGJxFkBQ4En7RECCjRDkktXZYYVlovkJHk0gNkVqdNRQxprSN2ZunfMOJYed
0,95,three___,_____723,JqFWuBPBgjIeYk5Pa4hTi0ZsW9qBYdP36PI0B8k7LgxG
95,136,three___,_____723,bGi4lhgVIU5dVLQlSYFI7bXtGd2WGiy4TihtV77
136,216,three___,_____723,B6RfWzBP6OIOsA5FxXidywZAo0uSYpikAwYA
216,305,three___,_____723,F8A1dVWZDEyT7N8Z9Rwxf9RSiq6uSyRxVixj0HBx
305,315,three___,_____723,9C3SWOGuDe9j8jTKr8XWHRTtThOGLDmva4vjtv7UFIHSDMKWBHv62Ei0920M
315,429,three___,_____723,SVcuog5xjqknZbsXh6bknJVTgR9nuIbgyE7XB
429,561,three___,_____723,pJlEjqs3KsYhUlpt5TN8xPBb6nb5bleP4DsJmdvUm3lZsCSZmTTk90bp3kaMGPRk
561,594,three___,_____723,weo95C7Bmnw8vVcjOZQqLR8m01Al0UlOKddKnvDXwsLIlYxvEIL43vmC5t0WrELq
594,652,three___,_____723,kNiopGeJeDjlvu2nasLSVNDddh59hwTv1
652,723,three___,_____723,U1pCTFA5SGpHpNqQ7xwB8N4bp44XvrJKCz08
723,734,three___,_____723,hDXCqMvVxdZiEA0kc0fxJkBlfz9IAv2Rx3Va856UHUXny26BBWUZNLJrk
734,844,three___,_____723,PgsR5m9nBCsUtcAXu3nFyy9YAojrPKHvpr
844,852,three___,_____723,tB6CScumAIfq0ivKjdzJKt2mO7mbGqKyrmxpngLNC855s
852,867,three___,_____723,nbKVoA3N3PTWaKbLvPXjOhH6At4pz9dwOXYizmaDyHyKuyO0NWCDeW
867,963,three___,_____723,X97zyEfvU1QeHZ3dh5YqCulRg7rCv5wjux4tgB70Nu8oRE
0,1,four____,_____724,wFL1HY6B7FzqrIhuKsnZv4kugFJfWxg8mF0nHhQSyi
1,24,four____,_____724,Q1IOVrgp07DjG29nt9MfQELNxhWEyB4RW5KZDiTdjN1CYCxh91DvbFeptb9da8
24,238,four____,_____724,1hbKBy56F8PO3M1MakifxGWgW29GZryZjTinDNf1LpJ38pu60I
238,351,four____,_____724,fzVYJEkqaWg3zZCjpFoyXyJNvtx9BmwzGYkwf
351,420,four____,_____724,8QMlXLGJopv3S99RNMwu0gMz7kS6Cdq4ChK200NnTuJs11EnppF
420,437,four____,_____724,yZj6WcSFi96hITuJxm1vABC60lSoaLAEBUfHTsw31dCuuiRe8vZUJo7z2e
437,565,four____,_____724,Ftb2VU58KwtH1nCaFpAQ16uJwoSIwLy8TrNu0xOYKAEumpOgi1YT4dr1M8
565,650,four____,_____724,nL8qm16nybRJPzoEC2dmfE5LJrj36sOhbSPVnhClx
650,680,four____,_____724,NUobUXKTHkw9ml0NVl0At96KhmfBpk70yi1xquu
680,687,four____,_____724,e9GNqeoARQ14UUU18yvUddZ1S2vIBsFlshLt1yxxscykBOau6TDEZAw
687,792,four____,_____724,Xa6QneUxUirpAsZs2gjoRtOhDyAXp9lPSwS0LCri90BkxhbatxVELv
792,796,four____,_____724,KRuTYyfnzODaKDsPS5BxpZUVrTfojpSIiXB4OUgFAMhmMILwwur7
796,977,four____,_____724,NoEPg9fFlN6UUCHEkhWTfSUt8Pbf60VxO27w
0,5,one_____,_____725,O8WEfeb6q2IqCq5TIFsqq9uA0DqJhZPl4VVUifURzTmJ
5,53,one_____,_____725,9xg390pRV6Bytwd3l5Ph9CQGODgWVViBagbIbf2yGW4
53,73,one_____,_____725,4OXEUf7tb0z2YbCVWLmYxmxcKB7MGyYwwMZaAyMPdv3W
73,251,one_____,_____725,truMTnfq2RAQKVXg3Sr9XdXkeYHCsLuzdoLTy
251,289,one_____,_____725,L562PZs8fOEJucWmVGy5YY5EanzNoWguPB38oXjGgjiEy7pCmAbwlGEkOFKh
289,309,one_____,_____725,tfr7FkBLzvy8943ZoISCn9eKzGlypQgp
309,391,one_____,_____725,RD3k9Vwpd5J9lokeYpdtEl7eqVKCpWR0arW1J
391,595,one_____,_____725,rNo3WNyF8wUzhAL238B3yHx4feLAmeC31JKDXODjMAz
595,666,one_____,_____725,7OleGihuKoshBaotXe7h9t8beff0oDZraPY
666,716,one_____,_____725,uU3UCA23a6XMx3cV0lj11HWdnw9e7sspl4QXzZEHJPjPBLcRFu
716,842,one_____,_____725,hRQcC1pwPl0PPS6I723jnUcd96CasRaGToiH1bQwtE5vLXBnO
842,873,one_____,_____725,vSJ9C1nrc7v1BYIm6OIE3VGK6aC4ajsJRG71wbI2
873,991,one_____,_____725,G8QZnHRk8SI5sKoXjkrlKc81nlSvJ5KfB5cl2YxhwBaxtIRfkUZOWdS8v6qu
0,94,three___,_____726,3IAo4uXnXTsHGu7967X4LA44OBdlifrNNyyQRdQbK8c0EBLFjgJzV07O3C3D
94,242,three___,_____726,BkP0jnM9GOINYLEXOHqFXPB2bCaPfcx1Kzn4xJpt7xW1yU2fHBYMWJUdHC
242,387,three___,_____726,AZ5M7vuYvvdfTZhXa0kqyWiV8mIe4pTllFOj7w
387,610,three___,_____726,NsC0G7e5w1OPXPtpxAMfVpW1hoe7USgCZad7x1
610,657,three___,_____726,iMEGgFcIsh87shhW2w74x7ePtQ3tPVkgy8C16iEiQ80N92iTLDCtM
657,853,three___,_____726,swtdQ1K8q4eKlF7lBKCRL655LNzmUxB5Mz0S
853,857,three___,_____726,LbRmP854OYVoaaz2o6dgleiOpFm6akH8tSZrjkI8DsQVaBorIpfqvXQn42
0,144,zero____,_____727,XR93vBVCrkkkWTD4Xf2zX34A6UYBHNO6TcFpoYc7VMXdh6jbfLSW99Gb
144,377,zero____,_____727,XtnGIx0B1JINIIpO29pnbvtEOxSw8RUN012FS0zx9doWM
377,394,zero____,_____727,GL5yVjGKOjDBqQW2xpR973BZUvmuNOz0eJGd
394,534,zero____,_____727,i7B2Fsj5RgQ272DGDdjZsS5M9aM5osvKWn9qngyznYjLZ1u2BKBlvc
534,537,zero____,_____727,FH0gZj7fpTAhAgltnTGxgYldfWy00lG9ZWPASYHsmmg
537,744,zero____,_____727,olQtWEDttNlZwHQMCdt2xvvXUNDKoF7tKkj3Q44
744,788,zero____,_____727,91Yc1xqJbtyEKlAFee8ls9brUcibHwREj9WotEFwiw3vSmFlVS0QxjKVSazaK8
788,840,zero____,_____727,wBc0MSav3CPYROVmbRtb4at9HLDoGUqvCcUMZQTjdm3PhKZzlZXEmTC5QTvA
840,935,zero____,_____727,9jGzD9EdvZhmU2kDMkDgSntgEYXK3a5ktvgWk51
935,950,zero____,_____727,bwdgdYRYYmwNyZDOa2IgRKgQWIES2Ca8HJ7BqxCPl
950,953,zero____,_____727,yTpDWNyAkjmCSY4mxYI0Y9jXR1rMg1ffTHEqglS6pYYVhSDYjw
0,66,one_____,_____728,WKepvU9k2D4laPYc4rb8neZO5I9UHASm5dMbkPSXzJfpExAS4kpRKpOCZvuVbc
66,581,one_____,_____728,9PXdjfSZ7gXrbxLHlDYDWKmgP0IPfQjELTv0ESgLNcuK5hJbDXYCCz
581,603,one_____,_____728,glpoNxwB89x35hotjvKpVcqMKnFlmZs6mN9yi7Pg9N
603,640,one_____,_____728,y6fVD4jPmOyZsEmE48blZetH9WAPcL1aApyh6h
640,784,one_____,_____728,HFiaMupwj4ZIAeyBU35VZwDpg5ru9B21qO8To213Z
784,887,one_____,_____728,Sve0e9sZSSP2HqQF6FkE4hRKXwRG6IV9lt3R2iJJV34ZCkYcLgaKviOTZA7Aal
0,264,zero____,_____729,IRiZsuYlKIxXMkZhNBnMxFFMKiUpMOVNvm9x7PBd4kk3p
264,285,zero____,_____729,vn2Vxz2exbtdlKroamtUl4hqAImKDcHxjzlUwnY999HX576NSTpnveS48I3Z9
285,324,zero____,_____729,7vwJuuRujOW32YxkCbklbKfzDTjZmw61gj4ch7VXDfmQmRtwWnZ6Vhi8
324,393,zero____,_____729,CUMNhKVuSGldMVBE8MRbJHfXpeuDHXdRaB1Ee0c
393,731,zero____,_____729,1Y7IdYrGAcGjed5n5ezh5SitqToA0q1TUmLAOB
731,736,zero____,_____729,8jJsP2XQOBEpzWJ5TZLBomG8d9Bt5V5bMhz24FUN7CO3ZcOEYInFHKCr
736,811,zero____,_____729,TNBwvPgIzLKqBxD7jMU7WymdGKPLUZDNUkojhI06JaxRN
811,859,zero____,_____729,lfkFITlOmyGgbCivLANhq3nf90DFEzZSPCw
859,860,zero____,_____729,oefDh1IszRHhpYvvbC98JBbdKRcRe6w2D8qB0eWNMWCmhNyddDhMMNYKXz
860,907,zero____,_____729,JQN46UmDewvqtHajbe1EBin1Eqles05APVnQDqQClInKDIb0duia5
907,907,zero____,_____729,XoMgHeI9uPBAWv14s5GBIqcOMkiyR4pGKs3q
907,957,zero____,_____729,yjoPksC7lRSv1SZw2Fsm1b8dn1XvMaPo7c767dtdFwb4njUuzURA
0,11,four____,_____730,WeiyalZLt4gTgHhMTc8YDLYTWqzEkXEYJQ4RoSPxeUvthSwA2JbyddABJfzBVLc6
11,62,four____,_____730,JmRlDia3c0px0KaEDSo5ZAwJ02oqNNgfoXA
62,133,four____,_____730,2yipHWDKQXxUgOaT0z4lgOmxm24RsJnGeSbBdH94W23nwNxPpACFINdDsW
133,137,four____,_____730,bZmKkNCKdVg4DA7lSyJqa7WbZxRAKOlCAen4atCXbBihF71vk
137,138,four____,_____730,nD6xK3TRH6AzZtIrrQjcCwocosl08Ga7SqsgJWHAOrRIi
138,232,four____,_____730,VgGdX3hjnoMaAE2Zh0HDYhtQclJZdfAsKEplFhDHiTLLZ4bv
232,268,four____,_____730,cRGKaglxauz9JS9tf973WcGhzbn8BiFg
268,432,four____,_____730,u5Vkq0T8PVcktJ2AFNpJ6jn10BQbuIaUVFPgPale3ybBOtBJfgou9jf2Cd
432,442,four____,_____730,AlG34J1awokqx16Rz0vN4GQxjP7p66a2j68paClZIAdE67BtUwx2Kwm
442,512,four____,_____730,Mt1HYI5z8QIjPlPxosupQrwZb8Ju40ZaB4iUZf9ksfbQK
512,553,four____,_____730,3G2O2wjsF4uad8XLPbsSKBvgqmykbAELT38tBBtS5
553,568,four____,_____730,vGTUBrbKLfS4p5gkCfJNX0jI0RulReRMM6d702ccqhToUNUbmj3z
568,605,four____,_____730,qKOCFZ4alaPbwpXQfatpDSbubvpMJHqYDYm
605,686,four____,_____730,ihbbETZHcLPLq8MeXGtTAz5tLmA6qAsX9cPgmvY4eom
686,813,four____,_____730,UnryKoguLBoQxef0hDJEIczJlw56E7E3v7Nj4VvRMeOmJTw
813,821,four____,_____730,r6zBQCCbZd2c8Uutk18Tzlvwbnik84CQwg8BlwSmgEd
0,271,zero____,_____731,0K1dkd236ceOd3qZmahpgDk8boISudgm67pJjvXsfO5VTJ7b
271,292,zero____,_____731,F4BlAaJjmv6nuI40WdJy8hc9DLWG6zVHQLjUNptIR3VjduQcie
292,893,zero____,_____731,TOklLcogvWd6ctjkKUvu0IKC4jw8YFSYbbCdxqalvAfBinxUsdHik6m
893,927,zero____,_____731,tepOlPq3GW5171Ny4nYRknDtv3SjWQESL
927,968,zero____,_____731,sURlRdt4U6A7TietD2NIxIOxZdcVPCkWyktZ7F17yGKziuljQXU4
968,989,zero____,_____731,CrOCo7xfjqUKAVsAOWwaDvqiGrfyBXkfzYyYSSUFnDsj1RNouydbw
0,30,two_____,_____732,yTHw220DG3VhlG4Itt0hdZorTW8q83skW675YkwVC7J3Lw6Ir9FFcHRkyD
30,33,two_____,_____732,YpZ15NG38BCVXgBpLWuTNAAaTXQQBq8oTCe1eGkwt4s7r3saQq9DVe
33,203,two_____,_____732,OK7C0k3iV7L8Gs5lzci8SwCLFZh1CPkaCHKqfn3GF5D
203,327,two_____,_____732,aNAzyzMucmQPi8zLu8Gz2zOvuwbC7JpZSJ0Q
327,355,two_____,_____732,cZDfm6gY631weGarOYFHdEGCFJjAgPViYKIed27jJRi54vMa0VtdEZh
355,414,two_____,_____732,z3kp9O0jDPZgd5NvAIE8uQGrtoQQt78l6kqd4WHxFbTtyDvZwDp
414,494,two_____,_____732,i8k83T0XL1nhLlqDIlhiXN6npqFsux35IEhuTGFFpQNoznofYrv
494,562,two_____,_____732,ScoRAzpTi7DDbTyK0uHJ7aYZEAaRwhI34u
562,770,two_____,_____732,gErRNRuzT2y94yhQwCOP6nYlIlJ58owu8fmncd7H
770,810,two_____,_____732,ZiA6THS9k4BSLLXw3IpTCnhuqTaq3xuVPJLWbTSDzkl
810,834,two_____,_____732,IAJ6F5rcRfLBE5SxpyT69Th5Y7pHlC7cb0B4uOo0dnPvUx
834,939,two_____,_____732,6KpFcEoR6aOyT2RDmgBOdnHfFuuO9LSb
0,81,one_____,_____733,Oibfju3EILRsp9VJ52YN73340BWf2zXNJIE6ucqkRyOmm02kwvIdmHUjAt
81,268,one_____,_____733,Fn3ysFQbLpTkPXaYGmTLA5ycUQwU1DdLHX4P92fKrFjPExf
268,348,one_____,_____733,ES3WCv8eoFA7JoG9sDuSMMCou7iONUJsI6T9kS
348,435,one_____,_____733,BnvOb2p4syYq8iVofXdBthsy7nGWZ3QL
435,914,one_____,_____733,Kt7V986n5ay2Q99yeubP6JwRN0Uzw4N2GcJ3B
914,979,one_____,_____733,o3CinXpYFOduQSPgLKQfoUTsvvsREkJ71xXopFFzYEk2
0,42,zero____,_____734,623BD9LAHehax1o66DSgnt5ZUz3pBsE3
42,174,zero____,_____734,CutqOln8o0Ky1A8mjbPd6vA69Soksjts63qdB
174,275,zero____,_____734,Yoadu45siG44uBYgE5WKyWZvEvMv4nkJTIOcwcRl7aAyroMb5aC7a2fRCmOFC5
275,328,zero____,_____734,s9iY7yRXZdPhrY3CKtlDwoxTA73RwR63Twn5phbPM2pBuyJGWhfmK0uNNhEpShV
328,636,zero____,_____734,NwPaXqQDjUCVAeZ8yOcT9I0XBwq8nT9ueE8zEzaOOCCgqFWgIKE
636,727,zero____,_____734,lnYMHJ6S87MqjuAUkyvlBTxmR1HjEb434
727,832,zero____,_____734,AJ0jwDu9nE3cIThK3G0i4BCobm0G3uG3pOw0syR0MFN1OGN00xxKaaSy8Rg2oO
832,978,zero____,_____734,Af3REvgxg05liddPoln1jYv1XJjfjcLtO1n1oEni5RNvyzZitAj
0,85,four____,_____735,5YsbkbbZocB5K9u9JhPy2VWQc7ZjDoP0qvKxWyJFO
85,268,four____,_____735,LDOwEC4c0PxxSf50OnHcrNUOoHvPK5M9gkimnVfLnVBIByB4JiPSu8WnP2ErqISl
268,293,four____,_____735,C0YjGHceTO9GKDganqR7vOdtf44wD5DkVfeaR50eUxonTM2IXk
293,556,four____,_____735,ZnnPI6iV0dsmJEuQTWcPdYEGTjKOok8obG4s2BrM9GnqQC2KyrMITbBOfC
556,592,four____,_____735,Nkatwa2Kf9Bqmzvz2EMqcA4TzMDKXGVu0H04yH
592,618,four____,_____735,eBZkcXs728kWPiNXWe9FMUU84i2dFLqudSpiIgg7McW2VcWZAtDkC5R
618,634,four____,_____735,pWGNnWyPdWE8xMwlGAhIsmao30OKvM7eAqmR6RvYWORd0rDfwO1NvGye0ThiTO
634,639,four____,_____735,MGDjDa6EC7H6wLJKOAsQj4GKwgOEXeeJqeFxBbOy8dRT2BlWfeDMdSHAD0eV
639,733,four____,_____735,vBYolHCSAayx77d1vfTcWdRXIOGikJsIePWHIL31iwAV6PTk8C7KodheWRWjuB7
733,806,four____,_____735,42Ot4eYvIbXyT72YKABXvnv1DjIxYCGZLywR9
806,830,four____,_____735,lPLR1D9VhgGW4cHwXN24VgX4cOY332JXp0AOif8qQ3qjQYm2
830,873,four____,_____735,pDynu1I6U1XxRoue0ffpumCpBuJjN3dGtd8Y6JLvizRJ8a8F9X4Hf0R1no9UCpq5
0,211,one_____,_____736,cBisXPf0Ug6zH77trGq5WUFIX9OdrTo0vs
211,495,one_____,_____736,XZRAkEcrdmMMOIwCRo8RgjXQW7NNH0Bdwpvf7vG1uJaUlpcg1HU
495,607,one_____,_____736,VCMjtG4tdlwVRlaM4PASUsd5xpjc5tCJaTg6y6X3XTfvZUmPFt8kmCig4CKzoq8
607,669,one_____,_____736,w9gyNuKAorKfMjwWPIEFSoOBL1JElRzwSvW1nefwYTAUyK2Y1TCduKv3
669,751,one_____,_____736,Ze2zlodmCBaJUqzT3ksgWpXHexy9adtMnSUckuriEBlqDhKPJe
751,752,one_____,_____736,PHgfxBCUHT7sPetX49QlnNTPSCTxwvpFws3L1Xp
752,762,one_____,_____736,vlrY6XnzAAdeGOCprPJk3IcFeLrgOG4kDeaqmkOnbv73yaLdRJXWkVUaiVDN
762,846,one_____,_____736,4maPebcsZXe1Ht2Ba71Zf7spyQYSqtwK51iyyk2U8FGTpPP0z
846,893,one_____,_____736,oMwgEHY97B6VVEBvs4X3IKZExKH5Egi8w6XbAli0gNs7YPh
0,7,one_____,_____737,X9264XRSxFPANDHWiVtYsmBD0dB4006csk
7,31,one_____,_____737,MlAry4o9snyWOCSEh55mTuxlxeJdcX2VinCvDyqEW
31,134,one_____,_____737,yqelnVrsDvGsAEjFV5vJgVkPeOBi5L4yuJjH
134,324,one_____,_____737,K4fSdMvs6JnNk1Yc0inDFjvud8NOLJF0EX4WareAhgKZ9duiCX7ZtxURwao3yMp
324,433,one_____,_____737,1xqCux54ItUKhNugXONU3VcBVw8HxIYQ9SpLQvTUNXyLTZO9HNC
433,448,one_____,_____737,op3IkBkxp8IpUjvktPYUNIMRHtqhYaJ3mO27n8GckH0BUdrSk99rgESKfx6
448,514,one_____,_____737,TTZLMwWKOir7o3Kay0NIaZyS7UmXnaeLO1
514,583,one_____,_____737,wpZXS4QTaAN5QH2RSmEmW9LJAmo02T7EGZQ1Fx9MEcv3GBFG
0,443,two_____,_____738,FHrfOuUAnVfxCzbfYkJzj5FZXtvDSMA7kC35w4KOp648nJGgMMIEO9j3tzCmZ7
443,496,two_____,_____738,enTL09Irtb3HJ11XeaPUhghE7Kn7WAdJEU0Gy8cbB
496,578,two_____,_____738,XM3GJ5yxrnBQaWNd7vFcrHen3LeJhlhKj8vtlSyMhCGCSqKg8j3Cpj9pT
578,591,two_____,_____738,GwRD5dnro4lWU5FTL0HrlY53ZMGLVZCZawiWTvgMA9Hg6
591,993,two_____,_____738,AYpCGbf4hMZiX8h6bzNDAxwPCNdppGGf0EzWSGotfeldK
0,59,zero____,_____739,W7AGQxxApq4o6SPYlJMgEoMBXv2hukpCwgDbu2IFdL6lnIi3EIM0lL9c4
59,272,zero____,_____739,4CWMcXfL9dogObTaPwdeuni0rQMOo45CZ3du2aLg1qFJEXxAR
272,387,zero____,_____739,R95CZVPiTnw65yNW2UwoGcV81w3tD495OCasfNZ5TCACNxZh51OL8UGtLfDh4pyf
387,496,zero____,_____739,acEMojERvRsCaQxXsGztpcX3GVLmKwg4jisnbUm1EXytTU
496,579,zero____,_____739,Kv2ojrsQVKndOTVSybaFLjywT0YOJqtyubI6SKr3HAJVYuh5835ciX6oI
579,734,zero____,_____739,WlVWvg1Yu5luwnrynmTRfVcncuE0pjT4FYMh
734,822,zero____,_____739,wjM7d2wBMNrkDyo8FkPwvButcxi8oq0gbdY7IGH1xH6CwjD69c4aYHIJCq3wo
822,940,zero____,_____739,8qmNZ9q7EzFbRkjRkuUe8WM3NzHJcGumwqdDzHUE
0,32,zero____,_____740,ZSQxFRiGbZ8oU5kssUg5Pshg6Eh5vERg2b622PDSYiffFZebIzT1
32,46,zero____,_____740,xEi6kIPWrxpnuqxnAG5HWzm2EQsFjdML8H1S1I082GVITOuZY
46,62,zero____,_____740,COwjHuMQ2U9K8SjO4r9onfQP13Kqe6kLPRP5yzD8
62,65,zero____,_____740,IwzD3HKWOHY8A15kxhx0G1nQ4o217eTcQCzAPzMrfJMdAK
65,68,zero____,_____740,CQTn9zEQBzlfPbjXfNROyvWoE5D7La99cqlMOfedMLtJRxABqd5vh
68,119,zero____,_____740,B2AVdFYS9EIMnpDMNSbC5bh1ecZncOlW3j
119,134,zero____,_____740,iGA5SQjX6rou3bNGd68wHMeJ7W4CklxIfF59
134,143,zero____,_____740,Zw3Ucgf9oXyi0LhcEXZWOYPnQhU9pSJ7BsDP6Zi1nzdA7L9l
143,298,zero____,_____740,n6mNQP6eDVXLo9p8OyDqs1K41wpd1xzb00WlfmsqLfmlboanBjAr3oTFQzpk
298,305,zero____,_____740,W2IpqxbAhv8XEe7YZ5mQvHY6qxUpyhTLwTzggccM1WWIXKNNNWPrQK16wwK
305,326,zero____,_____740,I6HlQ7ZKZp1sgE5qkZQou1mvaEkOffaosNkfWx5ZehhbKBTs7H1BVF7Htg0k
326,373,zero____,_____740,Mhf3QXsX8olzaUrQbBmGopKEIBkIFWxE4ujmDJ3mpNT3L
373,492,zero____,_____740,zqilxRaEjEgPhIQRqq2PskrxDuUGd4jTeLe
492,630,zero____,_____740,IHdKONFJw3YvEZicpxfrtimg1juxlXjx398zXo5k
630,726,zero____,_____740,cYJlzy6WjvgMZowAOCEP0SbznhCxdzrhkBRqaW0C
726,811,zero____,_____740,i9px8fr9ZXFSt8cyfcatIodf4JDDQtnR5kiTZG1WPpjMLWQoEsF2rP7f
811,895,zero____,_____740,AIHIxB9LiU5t4jmO37cLxK2Lcn9L4abBB7lOTnkYdW
895,906,zero____,_____740,5HQSl4wYHPYPEVLeRGzjoMl1zyiphjt9biR5
0,17,zero____,_____741,nWaRKfwh0i40JSB78f4hrGWJZh2fcJZhIzPHwgULb0TG1BiI8NXbm5zklJ
17,285,zero____,_____741,02DFomqItl0FGV2rfm5FLnWwXVd5OsZZfPkGhwBhUuFBzX0fKWjHSlcX7ofW5
285,499,zero____,_____741,eZX2ejorTExeciylbkiNQptmp0Sw1yP1pOKhibXkk6UVEk703
499,521,zero____,_____741,0sWuo7NqITV1vVXUt6L5hnYkVraFWr8lp0V8Yn8XR
521,570,zero____,_____741,pRaSLNoxULiqzs9hCsWzItBqjL4Pg8bNnytYG66sddy0SKLkl516bxgDOE
570,636,zero____,_____741,5GgXwTiovEshBeflHNIXu6n0d6DD55TAPo7nvr4lj1
636,742,zero____,_____741,fzQRUEpFf9RCjNP2s6zBgMifC4B4SkDrLu0y7gtFZnQPDJDbrfYBBdYLpzyvtw
742,808,zero____,_____741,or6tDC1dGl7aSusxQsOwxFuUL1qD0ZgRS9Zcc7AWKFkUTvMiQK7j74Di
808,823,zero____,_____741,hwpCOv6sJnzuBHonvgb4w49NbBP4T8qydx8maVST
823,844,zero____,_____741,in8jtCZLVhEtUF5gYK2BdaW8OrLSxLqo4NpZlkRrfz6zCqTC
844,903,zero____,_____741,lmHw75L9KPFKFv94a0FLHiZqsfYNlZqyC3YsJhPTwzFF7o8AUg
903,966,zero____,_____741,snNCOVnOPdz4NvqD671rKr6bBMZmrUqBKFtZp
966,987,zero____,_____741,IiAkDC8TleHRN29kBXJ12EcGEgxWt3Q2pGguUyS5fleho9Eya2NwegIVOpr7
0,32,two_____,_____742,yIhdbgbc4z6AQb8DQPuPtd1deKTleVhje9gmZfqin4O2PC5R4r7
32,136,two_____,_____742,PHduxHgvX3i4mPYAtIit92Hirpv3ucreu4g3ZuXs4Lxx40znbn7WVDBpa6s3Nn
136,139,two_____,_____742,zHGFUQxdK0NsZNJRyJdxRNSMwFVKr2kz
139,145,two_____,_____742,5fNs9Ys3fIFb8Tw3C041J8sBHeiSX7zSdB0faIhl2qumH1Tk
145,456,two_____,_____742,Hly29Lflok2z6Q5frbjTTtOB6DdB3nCYtcH3KUeMya5993uJoJAmN8pzeriRaEF
456,713,two_____,_____742,t3hvCUsuSvedUTv1kRvxju86MKNiAPCLVYs5qUj2ZKXiArV5axoTZumy1Q
713,913,two_____,_____742,fRLnUir1oESKfvcMYUZfaocCDxfreEG6GqoxqOKB0ePb1JDppWmMqTEdZ
0,311,zero____,_____743,ipJxSiu0x2IXIibGASyhuxHcM3xVrcpH6LvZPoeFG
311,514,zero____,_____743,icyxwM9wZUfDKKpQ8yAFptDRRw6WXqZk1qPTx7nsFgFDViDxXbg7xQWnKYqf
514,653,zero____,_____743,55RNiJQyMllsthyVUsbjr6oqNAwDEMJlf1qNygH
653,891,zero____,_____743,hmqe4MJdXov5OyORCzmsHvvitJB3GEmwJlJ7Umx6QjH2F73MRqVm1QU9Bc7DCHC
891,933,zero____,_____743,ua4kMunr6StwpEShqVcF8TCV9PuXXHKKxB4
933,945,zero____,_____743,XpXkGbHoIsoXj38vK9Db8AaWhCc4yUAux0OGuwtOGGLgv6qoprv4XkniYdWuh
0,53,three___,_____744,iLHR4sur8ZyPGVztQTpCnQV8tYMwm2QnM2y7coXoS6PrpkaTXvOjtOSy
53,70,three___,_____744,mS3WT0Vu9IxJ6FAzUOMeu15NWmCUL5Z4vTjdTStxJVgXQE4WhxYNtlssXp5u
70,198,three___,_____744,2IIlmBdCfkJRxukIBIYOBX7eMlERBoGC0622XzCNEQ
198,203,three___,_____744,FY7A96nyzyXu9r3rxqbk4gcp6AAm7O5GEWZuJ6BZCjGmoUbBJc
203,420,three___,_____744,L1oRxijpkxVcTEgcK0NKQR2CdLMJdvnlS63lq6r3
420,444,three___,_____744,0AGFfrYzNDWCFgCDDklmgSKMcc9cocqGrHgws
444,845,three___,_____744,PUi9F8belqHDWp06to9qiajqChedEtjljKionVlyl6HfAfni8JM
845,860,three___,_____744,KTFPCHfNkJA5mKt3q0DfCppZU0pTEngGQ2MU
0,285,two_____,_____745,YKHTnx3cPoA9If9nUheL9ghMBsFPlWW4BDsrIZ4Q2wqo13sJH6Ak
285,347,two_____,_____745,jLBiEdoDHT5gqKmevhvTW1biEfCW92f1bgGxVrX0isjW6MhK2
347,571,two_____,_____745,wEBBKvNmmCRHhjJYjJubinWAIcJB4SC8lPduKKkTYinJvUgeP
571,649,two_____,_____745,3Jss96JcATsHwhSCJnAXGubjhAi3XDt9AkLAr7wV67SFnQ8
649,709,two_____,_____745,oAGpNo7xHcmXK9rX8IUVUJsXtXndCu7JLI04cxb7Ofg8fJIHw
709,772,two_____,_____745,KzxPsxtqajfVqGWPoUMparnPkLlZ3c1DbNsOEpmVXU6
772,843,two_____,_____745,51fD75DEvhhEt3NmUdJUBzlPpGBrrMCG1GW7WNKxgMoPKMNik
0,323,two_____,_____746,OcQq1nttGiGxBxMe5ZY85PtnUDYM7iKlceBNGLkIuHAxdPjljn5sZ1X5
323,582,two_____,_____746,IwwKIaMe1bqC3RfrEr6w1J1HntLMHBcJlhmcZkMiC
582,826,two_____,_____746,j5cqeVLAczI2VhggWcu4ZEAwiWjRymTGJfi60IPJuZzROsQ5nm0C6ZYVv7
826,853,two_____,_____746,Fnk5f7oD8xKLQeiNJOQx0WSttpknBO8bl3GNWJLlmJMYochZSxN0k40pYDt
853,962,two_____,_____746,5fD4Gv8SOwhjuainfxqIGFzlY7mGQJpCDoEcA
962,981,two_____,_____746,RRgCran4Ku0XugRJ3RYfoVCQ5hqcA31eFVtiyAAArW9WJvzdlYKKzsPK
0,136,three___,_____747,AhItLOhnVXMq7dxl5e5KXCihXA8iyNxmsoCjG1Yfo
136,228,three___,_____747,Lnk7VaTt9uq6fttZBYiDZryyBQHwha9ESIRPkHaS9XMcXq1PH1EW
228,481,three___,_____747,h3PHFvdFGFfbfZC0A7iRFA14mvm8MKspaF9Dr4QkFp10Ko
481,548,three___,_____747,Z0hNFXOAVjRHbyf0ALPqCMalKrENZFY0Fe4rW2wkRp4eujb0Nmn
548,737,three___,_____747,Ck70Wjy2I4A58K4yVUFCwKSV2H7NvAML5yvIXj6Kyg1OzD
737,941,three___,_____747,UsUG8Drye6cBJ7EEJsVGHEqQ3jux5wgkcxvvb6kvz
941,951,three___,_____747,qqdjmcsIKccElDszTjoxyZ8e0shhTlrL7Pl
951,980,three___,_____747,7FbyDxgMB4E3BCWwo2omXB3c89er5eZUpiGwS
0,44,four____,_____748,VNjtSWonjdF0q7TpSUi9mB5yeAQU49RRTbyDb6E
44,317,four____,_____748,IzjHD0lWfkMNIV7wvzUYEtQnIOUMqfnJ7fGpliVDX9XJXxpwvaHWhoRMBLe0F
317,324,four____,_____748,6iEKu3BxoOO8jQFBUaaEagOIKR4qm7u12m
324,325,four____,_____748,8HV3mPtRqIUKjslqpAtzIz7iC3Q3p3LoVXqixv77X8AwmP
325,343,four____,_____748,l2yx1jjYTjgExUkSJoJ39D6VKuc1OlpyD6EZW5eNEpB
343,428,four____,_____748,93ppDy3NbkOklIknl5U5FMG1ShOYFei6MsrCKgzDxCta7E
428,445,four____,_____748,MpqIY5QF3k3f5XDNLtWeJb8P8KH7xJVpdxatwrpzpS
445,516,four____,_____748,kPcg6ipYVggDXxykLIXCLShS4iML6nJyKHVl2iNWFT
516,589,four____,_____748,4QDVBAS15w6457aIxLEHNCJvV1DLyvTjjbYbFoQpT6yFWX59fkZZaX0x
589,667,four____,_____748,jX834QAz7LIPdwIJcFiqwxJh5Fbv5nLt8ZCxxC
667,771,four____,_____748,BOd6TTInG0hyX2PENMjaFZkjJmM48hQKrklV
771,939,four____,_____748,bGryPHiNIy2sm8UMjj0Oge66vUU5YlV3CrajTaS62lu9X4wpQ
0,399,zero____,_____749,aJrPxK9WuxB6pRpJ260Mi9MdOttJCkOodQzSyRYaBMh47a6l3Q6EDCL
399,425,zero____,_____749,TCXy52iD8EPk5y0Pd9cp0SGjoWa09ZjZDTA8w40fVghVqzc6fdjdp
425,463,zero____,_____749,JHc7gaPQm9ed56xyl1UvUY7Pj257V8frx7Frcqp3OwBTAdY5EOMmiUg5VH72hLxe
463,495,zero____,_____749,bxtVi7Lbl0UKierBLLctQDV2hEmbKcm0F
495,697,zero____,_____749,K2o0ENNi65oBB2GSA0k33qIUmjZWlvA5yuqFZLeMlSBKROIRe96M9A3Sk6M
697,831,zero____,_____749,HN65mM8GJAkc12OvHy4vtQKvpvfpffjYmS6o6KGUGCwKvwgdmM8mT
0,28,one_____,_____750,fyz7LzZVOZRNoXptCYHfoOVF6yDYwjemeggHcDvsRFS90W6m
28,47,one_____,_____750,c7vkoyW5x8ZqOdkBsTKdQMt4rCRUHF5a1uidl13ERB6DK4LIKOlcr73S
47,71,one_____,_____750,7CkOvD5kqjgj4iuVdDtSXuGFArdie8jLFvQWXUF2RKJf7pbWYbW1NzF8Kan
71,142,one_____,_____750,XOr22tqGOFqx5EeFaNdluD5Gdq1qU6UqFVwjR1zhvUkIpOlAmOJ4et
142,269,one_____,_____750,AdOR8nAGD5OH2V3PudgJtJH61lP0O93aBuOmeVJjmTaP2ES1TyV9UG
269,293,one_____,_____750,bJfCE7saD9gBFNN3heYv5ue6ZnLqjxcvv8ydMrXQoaPveS5AOmJjGg5SJzX
293,327,one_____,_____750,yjNmWvwIwh1sIRFDXYdp4L8uYYIbwAqlWh1qyECOIsUz6
327,432,one_____,_____750,VIeS68KMkUU1xt8m328IXXB0rVFeo15n5UjYiXdv9Ex2dESXOg
432,465,one_____,_____750,OC4HtXngW0J8EDDUbpU5YbIf9E7JATUwKqXD0Cr
465,494,one_____,_____750,qChHS8JLP9Ndo9VQaI6BltO329EYB0azg8wpZUeIUSEpuRTBX
494,716,one_____,_____750,XShe4c9gyYs6yigyfBdp8oBb6UK7qT5D26QMy3zvz4VLh
716,783,one_____,_____750,ofoJvpsnOYF7tjPB3PPdY3ijKOAvmp8jvYXVGQ3HLJDEdmVMADtnGybysDoyv
783,827,one_____,_____750,PjaT5uPBTnWx3u2wbzinH19iE1NtzR6JmF9nbM89HSfkvN9
827,891,one_____,_____750,KB0DWAbdpgc53fb0kiODoQ7jcPacqfv9XA
891,957,one_____,_____750,jCPltF7TATNatHVzMd7Fv983bQG2I57bfoHz2Qpl9t
0,3,two_____,_____751,5PqTArFwyt6xrV5DLpONLvNnXYioRpse
3,26,two_____,_____751,tJdpYfbhHVOMrFYDtFWFb8Y71A2DVGakH3EuVDTGstALlPnVGvNtysdSe7
26,81,two_____,_____751,D2IpLbWigsNRLYRRVM5UduahincT8upyhFIz0ddA3TS4BlLAswnHwcZAE
81,106,two_____,_____751,pSW8T0K8Rn4ISUX8qKUUGTHVlUU5oU3HVSPRShsGypeiflNaYVWffq9
106,155,two_____,_____751,Kay8oliSIe61v0ZYhOgUNRZEYdCUoFlDeuF5BKqF6qIOIZE
155,216,two_____,_____751,I4rza1OxR7Hc3vhazEgTylmqgf7uelCit50BpAHiSolcCJkAmOeXBQ71yxopzU
216,293,two_____,_____751,an214s5G2zoTsci4Ricqz0JBZq7dZjUFJGMYpNwuoMSG
293,330,two_____,_____751,fpRwaiEwhRo1ZaP64bOQzHslrAa37Mz8JV
330,425,two_____,_____751,OxfTVk8pGPhB1909NrehGwumAaW38LqQohmm3IBfs2v3N6B0m8
425,483,two_____,_____751,XQpUNfDhUXyE0tlG6GBYsVn9Gv1cor2kQHs6e1NE1Fbp32ZG9v3w8I9Tsw4uDY
483,990,two_____,_____751,0jh0RLRm68CERJps1Xd39MF21KHtFBH7HCcZr15C
0,97,two_____,_____752,GH5XPQe0TiJETwhOmt867ArvzgS4N4TBAyok9nIFmslACrWGkcGL
97,225,two_____,_____752,Q0tUSrHqQPnWdc6eMTDjJNlWLm3PZTaSAv7
225,287,two_____,_____752,QlcpNCLzNlDlLb5nwlmcUlU52eLzqrmPmeOXtMKiuq9OjT
287,348,two_____,_____752,zMOCpPZi7cPQ8bYEMUy76DhYsjn4t88nmb8WrT5D86Z6TJSN7qy
348,360,two_____,_____752,a4jXnrXXYOPKMv8TQbQIoX6IISR60seWCRtfRcbgAyQoabcfLN9IfmlZb1RS
360,373,two_____,_____752,GuwuuiXuQwWJJW4eyl9pOUj7EUNEun5WzLjNxwv9sEqrE
373,441,two_____,_____752,4Xk0yzf5Q9aLMeKjXere9zXXehe2GzkGFK
441,459,two_____,_____752,uzlcpS8L8gCvP8i11CL5c1gUD25xWFjZheKGfjHFDnZlv0GOvr1kj66QsjIc
459,579,two_____,_____752,coHDkDThmnB7B6ZL9gQoGwBgiGpxNALAb2rZWFl6wXAw12OFytIEI5C2eidAv
579,641,two_____,_____752,DrEKjw8P98CNCAhosGjT6GzMLnacS6h4
641,760,two_____,_____752,aAtonwvu7NNaxJYWNistjrxw11h674eHuvbaizMIIKslTwBhx5lN
760,777,two_____,_____752,FgUBfdgRjhQRSRA45gPzkzvhUZ1qJGrmCz5f9zH2eAI9NYKu3vCjCKuIwwp1
777,810,two_____,_____752,eLDNGlJUWkdqdIw4LgzySKyoi48DPhDPORyrsuW
810,825,two_____,_____752,f2qtMNT5cw3dZbn8clHBXnrHtrfxSuz691SnPQEkZoi
825,929,two_____,_____752,pz8tFvOXljI1WJjuVhI3wGJ5N1nbN8t5uEaz6K2jYvWPMni2kUXXhQn79mip3RQR
0,141,three___,_____753,3wTHifQo1noIHOjunpLtgx593nEe4sS8CaJw2KsLpVmXPs80AOMtLxnWmA
141,352,three___,_____753,gbwwBztPuvyg47ZPHrbSCZbUJpdvZyrilNf25P5WyukKmQ3W
352,375,three___,_____753,bgBOeQ30DHZGC0MQMSk0TQarGUxKLSDcu4MCIRCUQwUqHUIYGvLpQpHqC
375,435,three___,_____753,kCxupnnDviPxeN387dc1CqECED70OWgpiXfqFlRLxeS
435,437,three___,_____753,APZV7uAngkPk1Uu63T7g3E13muzQNKUWZXasKjFSuHj1sYU1AGYv9egqKR
437,454,three___,_____753,UwytQk6EYVeI4gY9HFvO7hCOYYzogfS87F00pPrWYfT8AdyaIKrob702YhHqrADT
454,501,three___,_____753,V1yhVwgfBJi4MP4eVXsk6TlT4FMzqouaW
501,890,three___,_____753,GyNVzOc796bB52WdJ49JzAyb1M3aWR1unkSft6W93LABie
890,968,three___,_____753,xYOi8tAqbd4f0g7oNhMi6pQCjeQUu7Eq8tCrERnr4v1jLZkxFGR8CEvHa
0,35,zero____,_____754,fwHCpl0ypcDjzpeCv9Sy8nM0G2DPd92cnZzqY9xaWN0FPzx3IvVBZIu4idoz
35,108,zero____,_____754,HuCArsMXkVEQCOkwT8GDm3nkvUFCV1GJUBNU
108,213,zero____,_____754,MoJ7qD4BL23ujEzQIU4xO4PNZ7ILfsUtlpiyR5USB1kv9DxeEpvI
213,255,zero____,_____754,DmNlEEk331VWyqrEA8wH5C0uYFtTcatp8tVgwD33k1nzAMwJRsmAr
255,376,zero____,_____754,0rGhjaVeh35XYHmHdIhMhiSAtasMnXkBpkenn4N6sFPnPW0FX
376,584,zero____,_____754,d2ZTe3e08SdLnXaC11jVdwXT31bCBvzX
584,649,zero____,_____754,KAQKBXubilEfomyorqQxKj8IaclFdQhHwN7SNTp6yh27VkQRm9VA8qYKEP
649,729,zero____,_____754,tBV2aAOquZByz2WkycrDDbYhC6Mk1CbM8nB6hZ738UCoe2FKhpVoWFME
729,825,zero____,_____754,YTca0j6qSBCBhsGwM5uCb7nLA0Hk2vE6F2oiH2KfS5TRA5N1a719hlxqcoJR0
0,18,two_____,_____755,jUiLtHgNUaVf3T5hW5i9FLZ6zoC2mIuVXq3lKtTbJqdDtldMo54isFuVW
18,36,two_____,_____755,Inx0WPMCPrCwsRJyxxvvfbY4A2tpKxmJn
36,110,two_____,_____755,8QkjZApo7IYccjGl0WaTjBMakcM1Nyiy5jvlgsX8gh51ibYaHZ
110,370,two_____,_____755,y8MOh0xeTcIyZelgK8Ji9xlV7ID4cwyqn80FKoWmIjhJgHR97PdvPApA0BS3fGM
370,472,two_____,_____755,oOFHLPZuSNXhlbkuDETQNpKSS39TxIZF5yMqweZFJ
472,515,two_____,_____755,p8HbbzGwi0a0XK2oKVMmxD63W5XoZAXuTW4jfzNnuZG5E2gEq0XDQZf
515,699,two_____,_____755,cQLHSG61GtX9DndFindJec4roZ2xdt2pXf
699,706,two_____,_____755,TTnH1yiiwfFw5PiICVPnDfz4y1E4Sdglnt
706,789,two_____,_____755,Gt5l5pFp3tlhg7zuAyR8vAO28q3O9EuNqVnEm54j4Lc5RaV9qq
789,840,two_____,_____755,w9ZroZItA6Tifhh84UJnvFbTO30KvtziEnxiDkRrSy2
0,125,two_____,_____756,K0dlATun7xOA9imUJrjP2VxI5u1BYgsPQkMFWK46TkboyN5EmTi
125,189,two_____,_____756,N43UEsp54AcKAJwQb1k3yjnAAUb2HbAucvAWiM8iQq18VtySds9vSh99szN
189,198,two_____,_____756,hBTTXOddLSauZAkbhnuMEzM4DH8gG37n2HGuG
198,307,two_____,_____756,iOXdoFwWDZCN5bJ8MmYFZcUcS9DKTtIIOWn1YI9kZY3iptUJB4b6FH4ML1VFfM
307,379,two_____,_____756,22gQDgcbQwO9Llhk4mdTl7sqqTenlqsNU6mxGqGQ3rYEVuq
379,569,two_____,_____756,5Ok9XjYgi1AwM7ti5Y11xJUbGmODjJQwQNno80RkQO2Alh
569,631,two_____,_____756,qwoJTK2MdSpI3w4O9RCEWdCaPIonIyJzxSdPVwClT6vpb58cYhoybXA230zi
631,805,two_____,_____756,qysRQ1Er6ldbYZRhICDly4MsW9CNun2cz2rLZhNu9Zt6Pc9qpVC
805,856,two_____,_____756,hnivbNkfsDQbfbmxzZocgfgRMvSIrawu0rA7HOYEW3myEbmAg
856,998,two_____,_____756,ylgjAWSjra64xpXFeRNkR8d7RX47NBqInoC
0,104,one_____,_____757,wHmDqdIyDBx5xYE6jymL3DithXPEAxM4cBqtZtznL2EjbbM2a026VtfDlEmT01X
104,174,one_____,_____757,5LYVSQP51Yohqt9IJLBNY3EbHQuTilDAF0FYYOjXDxZp6NKAfn0
174,185,one_____,_____757,4AVNrnIGpuEKPkx15HkVVvsTK43yeU7cc9IncLYl9wM
185,205,one_____,_____757,rKdpDGU9E7UMFRWZIF0PQLx3j1Qe2dlQOAaD1lMF735e8PVnWSCz
205,406,one_____,_____757,8lQaNnghkK256Eb3KB5FJ4lGKGBdGzIg9AxnTzMJ5uUxuADY5cXuZaTN6D4boxd
406,428,one_____,_____757,mr08rJpdco6uP94EC1cN01wKREApWFiS
428,573,one_____,_____757,YMVs0qaqbroWVJgFUWKiDSJSKNJx1aY6a5Dcd2p8pX
573,668,one_____,_____757,d2dQHdfZyTcfp9zMn7ikxRUzYBPxi3S1Bof2SZw0ZEzu
668,670,one_____,_____757,vLXS8IiywBqVx9zwUQRsHKw4EEITzumspaURMOOpGZVTNCP4UUgDNdZyD3GWV
670,858,one_____,_____757,AlOmsKqtG4gRsgaGdp13s49q4eaOOmLLltq
858,886,one_____,_____757,sZ8MoPvI1BRqGB5S1BzQ8LXdRvkCyDkg
886,907,one_____,_____757,I7cLoqZ6eWxQNT99zwRljSbdhMCIsvIC7FESYTIoy83O5P1kOoo1HsAZyp
907,978,one_____,_____757,UT8ABvOO72umSJRNwlqRM8SPox8ItD0HKc4qGl2jSj72OMlav0VgTgTDll
978,996,one_____,_____757,aUk7eQDMYd2HAdebKFY4oAvntKhkuiaqcB3eWkj9IO
0,27,zero____,_____758,6QpSI4cE6RazCwMpKAJkVF6sUCMMg4Gq45DhTxltmCP00h7oZJZ4FJVbrx1DvUeJ
27,34,zero____,_____758,c0BWXiaooOmP4njhMOdqRUoEc7rj5nZzyyA2XHsPFZar6kmWZO
34,394,zero____,_____758,1rVn6uN4GwO7qs7vfS5scGbcZ8zgZSRhwruVWJXODMsSdCIUQGVtnTLSQVZn9
394,581,zero____,_____758,bAqsII9tTwd8dy1gfint4NtNAApDQBYRtNAHy0SSPtZDr13QICZHe8hCS
581,597,zero____,_____758,8JjjJ95OcTJa6lPYnQ9zcz1PyKj2eVW2R8OJrfQ9Il7TdNqDMtS4
597,916,zero____,_____758,xzUFGWkhkDQIeUrFgQWwhqF8YewPtOpXfJVHLi
0,118,four____,_____759,jKUn6LWLt0lX86RHE5sVVCeq41eQMBmm7yBAhuMffu59oUOb1prkEaZZf2GHD
118,276,four____,_____759,CgG3lg1WkM7TDghADTbnBZvRD0dcHwZhYCAEvs3rcVCfYq0gctCCh
276,372,four____,_____759,kBFmyusCDtAoMDJGMOj5iT4BrHXFP8vqzfD18jX4d8sV1n8tLwiaEk54oLysvXX
372,427,four____,_____759,lhv06yH3YXEeTvnfZf36NzI52lzJZHyFOclmTaaMKqYQ1nvxOIDqiWtepxoF9ul
427,447,four____,_____759,diDUC3mGWo9tObbUcKeEigUh2p6HDas1zP97845
447,613,four____,_____759,VPZy0I1OWCDrklC0ZaL1720tW9jYEn5XSW4ouoVyU58QCSvVrpTQQnZxr3sLf3M
613,778,four____,_____759,ikUIXypEhs7iv8kwuT2UpjmOgQZh6TIlxVpVl9VnI9jjJG2EaEh7xKGth9
0,102,four____,_____760,hncKMjn1DTpJOOvtn3R45R4HgqmUmRcoDmEhe80ErvLa06RtU
102,108,four____,_____760,Yl2etEuvjFWDc1G3pcZ1bGUBXvxuUQaobvf3QTwoP6
108,206,four____,_____760,eqx543rQI9lQWyjXbmxxtq9PQ61iOieqLbhZNC
206,383,four____,_____760,vQkrrh49OkkUsrkaCuIlGxFPGohEeulQMGVKpxaP4XVmOCVq5k04m
383,389,four____,_____760,uTioP14eyDhCnT2F2MFBupsauTYirmrDeokKHaxc
389,477,four____,_____760,W7HuuKfPce9QAwMcnHRxUUPvGYSunppAAxTC2iRcfCPfAvVaf
477,479,four____,_____760,eOb6ZKwNFay5Gl3C043NrisL8QUj7botxgTLX
479,498,four____,_____760,2Mw20q6585nqBR6hi5aTbZ4dWyI6AEL2NSLXaP8RgmBfPVUAFhMktL
498,503,four____,_____760,KndeHSpvKc3SCU125Wrir9sC8dMcxre2bFk7fjsEuKwo58
503,620,four____,_____760,XytEMxjgldTjK2G6r4B6hWmDtjaIRyc8qlqwYI6IXieJMu6KnraM
620,685,four____,_____760,dhEV6TL49gmcYU0RJwmFXPQBWM9Mzx0rf9KApJa6V67PZGsu7KWlJkYab0Fxp
685,863,four____,_____760,bJUdfoY3EfVnXc7ygpq5s07CfHQ9VLuy3FmUHVxCxowya95zeWKa
863,890,four____,_____760,tqF8mm7kMqHe3tOfN5lLrsaKg2PlG8Q76KQ2tig76fpHT54Glknki7PVFf48eG
890,898,four____,_____760,M1DUZPpfkdkryEnqDWTAHHFhUXqHqRnAyIcc6VOXoS0drrZOn6
0,40,two_____,_____761,MQraecb5V88paV0gwBDbVTBPX2uwmqU8v4WpJA70o4OayDYL2Jxtbmda
40,78,two_____,_____761,OysS1559lqJizNYvdgvFcoLvUiYUVsffOPuvUnh9OtYdM2m99S1vhY
78,142,two_____,_____761,ACaA6W8GeZDKJkOGCssvXlMqm2m0CleV7YWlu2cqhN3UG
142,267,two_____,_____761,m4ECkrMCgG2uGlZFtYyAcOO6GVwwDuo6HFqUaANGUXbA4FP4DMdFoCIAYoTwEut
267,569,two_____,_____761,RygeRtE4acfKwadnHyQsavqSUfdy74LvP04SuwAbVpTM6LsglE
569,890,two_____,_____761,5aKW0I9iWqtiYRrcUpKgehjkXwOebUUW2JiAHH5
890,930,two_____,_____761,lVnp36DUAbjtX2BZEXzACyxmaUjTTZtgHxHMM6PKhqPfPnWd
930,934,two_____,_____761,SJhcFWTgV0Hcwh85TiNBMASa7b2uZaYYUWnIHei
934,950,two_____,_____761,6ZxBCvmleFKrwMk6dCwXRquImimwAOPELwY6wd
950,994,two_____,_____761,ujSQ44jkABOX3vyA4CEabcWw0dcSh7SSJv4Mi83QsdxiE7Y8v
0,24,one_____,_____762,cORzi2RNAN007NvMKwA2hSAge3Z2z7UfcoNhfSsniUxyw5wW17t4VqLnj
24,59,one_____,_____762,3K4SmfMlRjrpsk69hgzWiyPJzlTZNYT7
59,283,one_____,_____762,1o2DHKJ8btt1jF7vCHqWZhThD8XTjVEXUbwUSq48IYMYQGFYUVl17s0cwpMqfZm4
283,285,one_____,_____762,s4VxJfrqwxZ0epLeNAeljWFdjtzg2b7HfaR8Ty6qDvAGJdRlN9TFdJTP30Bk
285,359,one_____,_____762,dJU51XbgEMf6ehMbDrI2LONSfOUTMCc6H61FTY2ZYPNqrHg1
359,420,one_____,_____762,RQCSAQV0NuairpK6qVoXPjuVguL4dQ5wULTB90srSRs1uO0l46Ad
420,529,one_____,_____762,e5jhWjQZeoQ970Fiopj1bnWObCKxEK4oW1JA23ooXDkdpOrR3aG
529,611,one_____,_____762,31JNLWUX8j55M2gxONQRFpwM7jlFyA4wuMOzc9ML94
611,669,one_____,_____762,JWjMhFtInjegmHbWsjH454k6YG2ByTasudP1vrOIumhN6qIM
669,761,one_____,_____762,VcSLAUgccpDlIFVtyx6M0rWn7wHrtwhF5Xv71UDa2MaHLZlI4
761,815,one_____,_____762,X72cfc3dCFhNz8z95649m625SFrJU70j2J6gnOHGtwjQF56TuICXeHQbCj7Cn9
0,217,three___,_____763,bJm8M65hpcGCQk9xNUqOqHkN2hKrtzJxSbW9R1z668CzeVEd
217,242,three___,_____763,9Ei28aZxsw0AjSu1LRl5d4QyzqjSF0GvT4X7wIdb08Oli9dCSP6kDNHhBjL7
242,289,three___,_____763,CNPKhBKDfXmDLy9s50weZrFugc417evhIsaxTo26ZEVNiA7kbugJxvtsmzwdXp
289,397,three___,_____763,oxFP6auq05O5g7jKyFKbaq1HQqbiPfHM2Zac2G8krXvlhV
397,413,three___,_____763,EpnwfswyFUIWiHFvQTaKR698espWPn2qvbczkS
413,474,three___,_____763,hGZZnYjJ4B0tllmQwzMXYFduEQJkAHQko8huPmqQI9uDOnGfKKuCda6wh
474,519,three___,_____763,HBKkFlEL3li5eILiviZhDgyZoFvh2qJm2bpLxjCETf9jSrGeWKgKJ
519,851,three___,_____763,qVNv3ai6MbKiDykfCySffryYVx4aKKEfM6MAwodomwP9eNb0
851,918,three___,_____763,OQUQKjRCdjvzCeqrrGE7PAcTRbfAO1Hs
0,28,zero____,_____764,n5J6GYYqIFOeeFPyFo5t62yJSYdEqzV3nVc6pFZkt4jVtf4NQno
28,75,zero____,_____764,usnFajYe3gCS9tNosc7cd4ToeraKsKEL1sCGE8J9PJSDn
75,99,zero____,_____764,65CrI1n1xIttqWQh0qryTPATg0My1vikxNA78BqR
99,180,zero____,_____764,ATx7g4leBvrw6ST28RdQbLgJKhZWk0TsDNGNWaWw8JbbY2doiOQnO
180,195,zero____,_____764,ClzmTc8gICegnlxuvBO8LeOimqtRUjXw0L1bQ4znYeQFl7Ig7RazE6It
195,233,zero____,_____764,nV9zOP7YC5lB2mYQVsNvi4oceQZFgoLV3FjSzG
233,300,zero____,_____764,ANlGhelnE8uRZIeYaSWIIvzA357g75Ir3S7B9yzUcCQAFw58RAl9
300,361,zero____,_____764,LKUYUBKNZoIDCrko4Em8zJoePfF4diOL2LtyWp
361,552,zero____,_____764,tWuAbdVCkBvGvmPiCaIZxiz3rqYqahujPWTEFsZiSYiymCzX0fvyim
552,642,zero____,_____764,OW1J406Gqe6QIycoPQ0lvXWeytpggxZpd2CZw8Ftsn4weSV5SYkEf3LuvZ9Mogxz
642,712,zero____,_____764,lINv59YsZVbJpG0k2BW0rSc4l8o9kbEiNWM60vBzNqVKoP5TMB
712,726,zero____,_____764,HTIpYHXA9Dj5mlqeq1HlNxQyZKwJpyAhVPSGK7dlOH
726,861,zero____,_____764,o4BOLwWXAL0FtbCeGydUyuLHlBs7FvHGI8Zm71fKvQ9OKAphEB
861,934,zero____,_____764,oSuOiV5ecaj8zzMbGmYX0CWa8GzmjI2y8VGJWI4fmImIvSVkUGuSIRNqo
934,965,zero____,_____764,5Bk0QB8FTI3vvJuGpRUQG5QiIaecJgFwd1KSyasa5rhrhegXirVqU86lXBdd
0,100,zero____,_____765,A47Evhw5vSQU6kcOkovoOghhjwfDIrqsURO2Y7bwA2
100,235,zero____,_____765,KATrR34z36haR5qxmzq2W5p0R0vXdA03vYc
235,266,zero____,_____765,FBVMVjd5RpMTxwPRWc0XF3P60kFyzBJQJ0gZDePQRvncyuCTid9O
266,422,zero____,_____765,h5sxHLB9NNJxPgldpooXEnDOq5kWsRfykbhBfrsHlGL
422,666,zero____,_____765,Wbt6PfNUZKwXrVdcWvk9lc2qJVKjEvt6sVHKZb3i7g5h
666,790,zero____,_____765,oqV3u8IB3cZzTJr2DaJCX7eMJ8t6erhdzggNXEPa5dJ72ssQoklU
790,849,zero____,_____765,xQpa7ji28PtDz1y6KiWM1e1JGzqkUcjLq1iwVP9MSQ37Erl5hDN4
849,885,zero____,_____765,o8WysiyEjOnzMjxQ4u1molxQSVc7DQILyZ6y6
885,911,zero____,_____765,mQsdBQlRe356XA9bhjnlshEokdhcFBcWBaYTB9vkQOhYvaxHDtw3ObPfcK
911,975,zero____,_____765,NkrLkOm8frYH25q4bSslo9cUKSalbgX7MRIGyhq16X6qlD0QUUpTrO2VsXttp
0,51,two_____,_____766,Cv9ZGwV6bsD6Uk2zOxSjkblF5X0ZHIudRsdNzjnDHVS8ge6otSvRj4TrJsPz
51,118,two_____,_____766,OM5fMh7tzk7MXfA4MN8kz8izWaeCQ93jxPHBwXaVragZF8uqRDbYc2DzU
118,246,two_____,_____766,3Bh31UE4MPaYo5xlQc6WLR4VkissDSGA8iEevxkqcjRM0cVI1aQPHIkMpbY
246,287,two_____,_____766,WtIyeh64FyNKEWKMljCBL2C635Usm3wPIKfvfmlUjJZnr6t7vHoY9QxmzyM0h
287,292,two_____,_____766,ggSjvi81VAJj2S0JSkEko8pLOBLh9mSNM4HxyyHaH5nMe8fUJHHqIuA0oTJ
292,365,two_____,_____766,KwV4ec6OQz0BeRfU433Blv0YXIBtAKvwxs
365,401,two_____,_____766,csvzseiY1p8lpmS0nruBlPkwlOZaccDJaG8f7W85FYXXPmVChMgnEqYrt3hxJg
401,430,two_____,_____766,agAwPE16qxzyL2h5WnKInawJNxAbp0iZ9V3OlMGlbuyGzwKwzrfHvGR4vLanq
430,431,two_____,_____766,2Ryz84vtwiHbThVVPF8FQPDr6emmSn4hjbkbVbt
431,454,two_____,_____766,L84EzDFn08jRBiONzL32MlNcZ8jWJlygiUrAC
454,730,two_____,_____766,D82WVCesZRNXc9UcKdVeh6tO19fZzx1fSbI5ZTyPwlD8hfwHyYODt
730,734,two_____,_____766,q3hTxnoOdnpiKBaZXKlqJNWqmlLVSoIumnmZBWFL7lR2WYiX
734,740,two_____,_____766,vnyuywBL9J7yS2NR8vDss3Aqp4AH3f8xzlE0r5x
740,819,two_____,_____766,Lgz4OewG47iMahX6igPMot3h8RCJptXhdkAi0nIHGGW0M
819,836,two_____,_____766,vrt8FgdS0SOAFSsSDXfklq6UvKOsoBFGauC
836,944,two_____,_____766,u023xMA3yxvyQ6VWCcDyUH5ZsrV7upxw8Zk866tSvCf8qasUJzJnckX7cTOa
0,193,zero____,_____767,J0jq6qVH9COro8k4dnKXz2mvYN4J6sDm9bEUzKptTn
193,230,zero____,_____767,47GI5oIZyfHYPKjProOUJ5DmeDQ0mhz8YP
230,530,zero____,_____767,NiOA53jgY2yIB8KcU86Bz8XspTTNbKLAJ4nRG2V8PPqe0KPYnJEyjHzJUohSLS
530,567,zero____,_____767,K1IPwOkbdoy9TbJ4gS6VmXyf7sN6ZjhTMDHNplo0zeZ2ZyY
567,661,zero____,_____767,fOJbEHfKbvTBJtIoIBGVTxfVWzZkihKeguVVUzDNkYprUEURFa
661,762,zero____,_____767,o3Qmzrq6lnjXSzdeOiwPVZwsf3Y0gHP0LfxYwmEtd4iWHnlUUKYyi4H
762,788,zero____,_____767,hnG6kzzPuU9jTnQL2s0A4WSIYlKPmS98BswsNWaIMj8JweYU83
788,915,zero____,_____767,Sdf4wU22XLkGyi5p1DpQsPcppoZDdXSLcDYtpRJ9r1uOOx5EtxOi3EFSSUNn
0,75,four____,_____768,ePkVyR9bAax5iqHJyM23R5YIQbHhsmfCa95vI9KZuRwEisf9
75,133,four____,_____768,okIjlIe7aWCdvabJnQhZy6P4lgFgZcUHuNaHQvSrbOSwEsIQdNSH7JIBzPwaM
133,163,four____,_____768,t4OyMKIEtJv4njoFrc6NOVh4X81uKrck9mfHAPdeSIXbaOYfxXRpj
163,270,four____,_____768,OMnapZqAc1uK95a4MthHdMJTcNCQXwBoNE0mAJ8KOWT1aH6DUdqZ3p
270,341,four____,_____768,ydBBcRixAzFHXZ5MSxc3kkFudBV8QXa4WTHYjnN3UMrlmA
341,344,four____,_____768,0GHAQYPM7HW4jg7aHY1oEgwYwkPjRbOWrIG6XdtlsNf1uN
344,361,four____,_____768,noSivDeqfRPwAB4p1iXRhg2F7tuTIUWNYwdJhwpdY16V
361,403,four____,_____768,sUhZt8kGaawm0SC8ew2SIOqglrpmiOuVEv431nn7Xm
403,457,four____,_____768,OeSaFjXbZLk9GSiGtk5x5jBnKHnr2JoqMh07GbqrhnhJi
457,470,four____,_____768,iJWSnKOy1p6BZZ6hwGdFnba5BsSJirbdhGKvgszx1oFBguDbEh87lP78FsQHMOuL
470,768,four____,_____768,dq6fO4Vgh7pTrCqUVQNg15HgpRAnwl0UTxU0FfoP
768,815,four____,_____768,A018Th5PEgLhnfybkJM6iQY3X7ukCMKx72U2jquY4h4I69niaRD
815,825,four____,_____768,QeCKwpjISPkRMKdbZmTYoLEAX5GnyCjnM2I4nWs3swxXvfM7G5s8Fk9uJ94Zasm6
0,238,four____,_____769,Oep1KO96jQBwIq0ouvgZSVLIsrR0TwJUC7I6mF9XQwt6tsXD1Tk6YMqFvHDcsTr
238,283,four____,_____769,1MptrMFH7GryszeougmqEc8ftWClpDG28pfycvmMSPFrzgt
283,520,four____,_____769,ZU7pRITSTbXW0AhpYZvaZLZWHKEqhBPQcuMqeSdzukbCL59zCHynyY3DJodNnQ
520,543,four____,_____769,VCGUmGhnmXRfTvf31pGoo1P16NuMYccaep2zheC0h1q1yONLalRwsQ
543,577,four____,_____769,TSvYJiEFywse5CeyYzaEwRNKuxehpk2J1dMxZX8KHF1nN2GVbSo0Ke
577,596,four____,_____769,Alpcv78QWTeBtggmQ6vKF4WU8pj1qUVOdfY4f5nTHTSfnq
596,671,four____,_____769,OJYZgcsw4pjSvucp7PQI9INogxaNUQkkn46ZTZGCxBn8XNDJDZ8wtl8UcAKyqz
671,750,four____,_____769,xgdcyvtsI1JwKsyawdYnpJjUx8e9DMfxPJTkbMdgrAp1AurQD
750,752,four____,_____769,h0FvfFds3WyTQQVJAsFJm7cvjA1z7lsvx6mf0Yue
752,795,four____,_____769,vr2KnBuL3fRM8tkkPS2sXarNN6YFcnzaZFX31xWK7RxcqsJA6FXZG6
795,922,four____,_____769,NLDUJvKN5uVYkKAK529wPddHWZRlDA4INEJABL8zz8Eev0aW
922,976,four____,_____769,coNgBfsWC5UJW9CxU0iqA7eOyH8ZvqtZy6xoRi9HPB26b
0,276,three___,_____770,rSMNdiZCNRRQSeZUvKC6adFtX5usp0GQ8c0UR0
276,444,three___,_____770,aL6RopngGt0BBwxIYPpTTYoH1m0tOJ3IwSDSR2pYmS29ADfZPXxQL
444,471,three___,_____770,R9OJ8vhKxb3fQfOgCEVHW3gq5LNDQ8CAN2wgGLXCKJdwuQf6
471,926,three___,_____770,aDpdNQcaowZgowPgxp9qbEIbCNd1NKJw5hPDJ8Ao0DA0kZsg2N
0,25,one_____,_____771,tcUCuqIVQer3RiW0znAMf4UzX4joMpIGskostYtnLZt6ifxC7b9CI2uJ3W6OyC91
25,91,one_____,_____771,DQ7YeFfQWozAboT49WC0Ku7C8GEPAWP8ukKZKN53SmkxiYc
91,131,one_____,_____771,eafoMYDyaGRIReBM5DE5I09sK3K3Xg80MJ678mv7meqeJoVSX
131,189,one_____,_____771,lMNd3GQ5FpYaaWU5vjdgcqZCnUq8GoiJJ1t56WyygAwBc
189,394,one_____,_____771,NBw6rkmSU27TxNyHnD7VNbNxZu0kRzVycVfrDRc0ipboUKCPnhN81IDEk
394,427,one_____,_____771,p7xvwitCNLRrCaThkXhCH8wrvfp7aQJ9UnuVDnWwFClCi8302wHowTB69r
427,562,one_____,_____771,rbvGnwX23nhfMnAl5MV08TKlmAn7WnwNJHXsY8c
562,679,one_____,_____771,MtR0hXE2Qdjdm1nX1bT14HyuEkmtY7FrXe3
0,109,three___,_____772,58aujdXImFui6EAGEsN5ZKySmDzUoXqNwdNUYjsrTaOyYlF5VOWSbOKiPhcZI
109,266,three___,_____772,rEy3AVLcCtcAmmBQl6MOsxrypfzYJsBsoc7rDqr
266,303,three___,_____772,bSgKD3Xumi0prZscXw8IcD2lRYxsMt46H
303,434,three___,_____772,aQm7eeMn9y3v62KaxiTmlD9oTCHp9nCQRLfOQkPuCdF
434,584,three___,_____772,I7AbG2AcTfRX3wfgznwpx54VuMkhrmArzdJWwvwkM48We
584,729,three___,_____772,ZMpWSLSRgBBODm9EK4cIWWcLsdxSMKqU0XtvA
729,746,three___,_____772,iQHTaDXNvw0FgLDdDlgm5bCDv09a68fF5qyV48IAmHjrvfvbewLp
746,986,three___,_____772,2GBz15gGwUNzK8le8Hvwn4UIbQt9NBwnD
0,66,two_____,_____773,zt3HqDAJ7B1ZHUT0zst3ytCQRgdu3oK0pmeFeNmgOxmRls
66,122,two_____,_____773,CH57631s4qB6WhkD3e6o5NMglZBIYNSj
122,209,two_____,_____773,NuM6sSR48SbFtcdGVvPQIuC83lyECrzW8GKsfZkxnbv8DFrvHrY1j
209,221,two_____,_____773,SLB7qcBnI9hDxgRX70yDfQHNSHdNzr9GS9XiYaT4ieNdPIcGIBEgPXXweClo
221,264,two_____,_____773,bI5EQwpqNnndIlny0y7up0cpWotJzGHk13JTGpWG3ARcdKlTT2zvfg
264,339,two_____,_____773,fJuVrftwwEZ7c61BEpIZgst0DKMjCdS0ktjswuyUezc7
339,449,two_____,_____773,v7y47VZ78GvFJJWkb54ZHd5vmZIAY4WqLQBEfVoWJLc5iR9l9A
449,499,two_____,_____773,u06LJX0MnLQflidOdIiUDX9E9PnK6YG1NLg
499,703,two_____,_____773,DAKj8IEs6xDgX3DFN5r1AZ280K6mnTcxmwnGSXNGWqG
703,703,two_____,_____773,ujVH9oN1C3rbZh0zq9eUcuISjarSi7j6gL4Y8dFEN2L
703,706,two_____,_____773,o0silHMCeOP7Kg6c6HhPsjXnuxY1fiS0j0ouwKWK94RiJmn
706,742,two_____,_____773,Vs6xapZ4p2avT4MdurqihmqoczTPISBI5XYiYO3SpUOKbdM8liSDdLvXf
742,998,two_____,_____773,SEolp1RSTHnQP07ss9hEC24FJmKBBQE0dHyKAOWof77FqhmPqsJaxxFPMhcTZPJ3
0,244,one_____,_____774,pIsAKdAeDIOk2y0F6AwKFAPokL0jxFpXA7yfHMJtxytB9gHn
244,279,one_____,_____774,8ZXFa8MZqyrhBPwTDyaj777o2nr9JceurTMd3pFL
279,411,one_____,_____774,iZMBMYUWkw57KjfM2hJ4xdLMLv0oNopEeA7xGuflmFYl27oeLG1
411,453,one_____,_____774,4b1sWCChyKCTFTrT8mvIYPMwydXaD5JSXl0Sy6HTM6xV
453,722,one_____,_____774,WAOpVy3loRnc2zC6gNL1iU3j868KKZBpac8D7TFXcsIGVJJ8CiI8V7HpoYtDcjv
722,991,one_____,_____774,igUi2BaPpgsBEjEpD700t1eIWmu3j0atH9nFnxOM9mw5cCSAorUzo30X
0,31,three___,_____775,QYuuoNYmpxUH0WMNkvxUkOK4IQTMuOTNX
31,125,three___,_____775,AqDNHKMWIoxUjircsIWiBUh99lZz8BRZaMvyKmJB6RzSY6X9m4x0OSgwr2lI
125,127,three___,_____775,zEvbPTa1v1ZwSPkNF2GtOTP68U4t2qpacV0mBpFG4cyGxde0xKGikdY
127,283,three___,_____775,LsBIioIqGCW6dQSl95K7JCpOwwkFizHZS06yRo3kKnVCx
283,402,three___,_____775,KTiHh6A3gngtgbjv3weZxMTpFUsGoBN6fIC
402,475,three___,_____775,u8svW5xs62HX747h2djncxiJWVU8t50GWBwCYA1CEIgeqTWWl
475,501,three___,_____775,AxGG8aFoQuIaEp0gnQ7ZMDcZqnmQ67Xe5
501,608,three___,_____775,AGWD1W7zDMTfDsO2tIPccWhViY0QiReSBxT8ztJveABdKEdyEXmWLz
608,626,three___,_____775,UwiJhhDUvMaKJuGXnVgIeepgMR2MGIY6XPdJBoHFBNJrdZJL3PSDSdD56XeEW
626,778,three___,_____775,QgGPmaCkkwbbYZl2hDGKExNyAFhKCj9N1HU2ki0zQfWq1vr0TRf
778,829,three___,_____775,hbH7fJna48DtjOlBGlxk6q2JyGIZ7y3l5jxsy3y5yTB0ptWs6dDNF6v
829,837,three___,_____775,AB97A3W7aONFKPS5twEt00UQXmCYUlrcSH
837,891,three___,_____775,nVjIbe3Wh3igOkE3MJjZ5ZptYyP4Bt6kLfrItfMC
891,962,three___,_____775,dd6ZRg2enho9CxC4zv8bEf16ygVth6lmaMjs
962,988,three___,_____775,qSNeKdow6WafrVhkKy0Z1HCP4AN8Mzskud5G
0,47,three___,_____776,j1NrCNvmslF7c54FhZCnMtMBBgBPfXFIXfZkhTy05CIAoGjUvg3VDb7NEwTGa56
47,209,three___,_____776,02SE6tpfxn8I5nFRIkdjn0QgZ837on55tBZOIjp8
209,312,three___,_____776,nyh0iKW4lRQAyNE2ZQg4wk0gVQFTj0bM38y
312,329,three___,_____776,woK6DLXYfSKbHIml49cBWErD5mEN035QuilI8clE7TSEJGHaRW
329,394,three___,_____776,Q6O5AXAbu1bsXBvF2kOOm5pq8jIzqqsaIb
394,727,three___,_____776,BpOjXHRpLMEKzj9543Izi741FacEdzWH7lOKS0jPY0fLjgUD
727,811,three___,_____776,cKzkTK4BSJWeXhFG8I0KDVMvDZbV3QDbthH51dUmdd01j
811,843,three___,_____776,RbXids4lgWSa4ZWNGnMyywFSyBpkY85f8L2wy9ryeM
843,847,three___,_____776,1iyQHEXWHwqierq1O0wSFjJckGFhgPGyBn1SFO5OkS
847,876,three___,_____776,GSCFdhCCoiuu5BJjUIEErMy8mwLV4cfcdW7l8cFhFbmJRBdnUMkFI550a
0,261,one_____,_____777,0Sqyhq45MEVrzfUb8bfjA1ofQhToPMNPqnwizWc4s3dQolbRAnSEInkdDHQzSV
261,297,one_____,_____777,vGLKZJnEoTrfVEFVcw86GXUbpRxS8cQdF6OkalbZl
297,424,one_____,_____777,S8CmsrImlUKbjkpW2R97rrwbgAziyAGwDTqG1YJ8wpKIKgeAEvZZ
424,540,one_____,_____777,qJ1tFi1hxYyfLFksXETZa72uhiTdN1MiYQ
540,550,one_____,_____777,5e6jKVTTI1893QKP7e3a9okc5fnD2po9BLTMmgonbh
550,669,one_____,_____777,HOsEMyi8yD6jM5Z0ktpJIcEdyNS1QAUbfnuGCGf4EI8WyIfTCztXRyo
669,672,one_____,_____777,BWCucd3Oon48M2ZgVmUWxiRerL6OHpz3JwqkAM48ed8el
672,681,one_____,_____777,DVaaDF5Mh6VIDP81qS7TYjg6wqxc3O6KY2mTexmDJHL4ZIwkr3gleu
681,859,one_____,_____777,SivJZEl4N85WTorB2lt9z7JgWR8RnKY85T3WM4I17Z8BLMdP5ArVi4n0k3hgHFw
859,909,one_____,_____777,GComECiW0VWRxMgdEGAyjgxIxbSqtpQTyDK9vyCgBNqwqdRF
909,964,one_____,_____777,J2AlTbj6XuAr3HbWwyyA2sF3RfwlZi4LyeyH34oMg50biYKfCZEBvj8GjLb53jz
964,967,one_____,_____777,Hm6hOLbeM2mTBmmDBS7Umu96AG2lCe1hkGUPgsrf9eUh2
0,38,three___,_____778,Hz7uFGp8I8Y9liVHR3Fxi6pWDYchh5W9
38,149,three___,_____778,qGnnjCcagsT3HfbxmOdJIyEDYbwqikkzbAl
149,312,three___,_____778,QgnuIYN7hNb2nm6VpncZiqzCODEJ6QWDewyXBs9Bc8v4E1D8vaA5JOOx
312,513,three___,_____778,NVD4msnpac6rDD97uUQl31Cc6dqIHEmJzxEbxHHexajSmlEy
513,519,three___,_____778,7tB1iepFsJVHnVT9FYajYuA7TTjGUDYDkev
519,528,three___,_____778,TKZoVPZtr7Ys4tMaOuY2SZlXzJ9TwBikixeHEaa4UyOEu9oMf2KcoT733A
528,591,three___,_____778,AXKoujYnhkbDSCLADyw8tGfdBmcVl1iVLH1Rz3ao
591,604,three___,_____778,vjvblaEi39yDbAlvvqe46w9Jcubkkf4ikTn7eHwEUCZSP6GdKWrY6j
604,663,three___,_____778,zzGgjoethsZwZTR4va8DUGq7Vz60opYqC1CAggiLkSV4JFHRJ1hvmh0gQLKEdEhQ
663,910,three___,_____778,oZNJaMql61NFIC82UK9enx59HOMhY8OYTi6
910,948,three___,_____778,e44ZonHs8zAEtlP74qgkaGG842kfwhiUQXUDdChOYSSiVJ
0,62,four____,_____779,YKPzJ7XlUuHyCBRHFE8SAS48Z8uAryCnGIK2w7xMivQh
62,216,four____,_____779,aZLGmE4cRGW16U1XLQPyuF0OK7u4vQRWoqYDRmLrg7eksu
216,326,four____,_____779,tX7WyumG32XaBr5i4TFXuwU1GAGkFugbHd
326,387,four____,_____779,Ccwpsfq97KQQptcBLHwdCeESpb2lq8JxcXF
387,635,four____,_____779,ZHUa3vY55UnbIOfGKEpxmpd8FRg3Mk73elY9xGdQwSf4kUWfeW8u
635,702,four____,_____779,eRxWQkkFmtwRNSvReohIVl1qr9y6h11Ysazd
702,892,four____,_____779,OESBaQRTATW2cHv9BaUkGXKo4yVGwY4bdeZEOrgJ
892,895,four____,_____779,rp4pvWD8AszMfxzlIJbpwWbAOzOou5MnboPgjcgW3iIpXkNWwlbByBtx
895,956,four____,_____779,nNF2NWVrwYiTCq6ijPaQ2YRb3PeA13BoXeyCAaKHJw9EE27KyNaFQ1eGSed0YDu
0,22,one_____,_____780,p73h0LNUwCSWJ5PpkOGoD6lTJHD2WQ3GogaBrAF0L4qTfwxIDEy5kdR2zoPNkdK
22,67,one_____,_____780,jlI9suXTRCo02Hkkfs1wQZGqs5TNcsxgayJ2Z3m4DhDktdY2hyd0JnftXAm
67,125,one_____,_____780,TFVRikOg56UuDSg0FayyEKaTg6gudN5ahjb9N
125,175,one_____,_____780,d9OqzNM8Dt8ddExZtMxFS8y4D2d9nBzl5LV0HWpz4vmlYpjkt9gSN8EYtvJl
175,196,one_____,_____780,gH2SW6fYD5u5Qp4epRO9m438LY4q8UyqqDT3equg3rwjXn4VXPw1ZC
196,253,one_____,_____780,I9gxlLMjIK9g5n9Q90CMoBnQhcyq0rMf0z
253,287,one_____,_____780,05ObJ3PfPlPVnBsyo5aYy2fyFaCJDXSAsx8
287,346,one_____,_____780,4QR5iy8t1HdqXhYZpTJCFbUyBBPK8Y9Fme73NlT0UfG
346,366,one_____,_____780,HLmfdotOmiuGAB1MLp2wrjQXUz25XvYOt6pmcfqGsOSH6jrmGsSRyOwc8bxQC2G
366,377,one_____,_____780,NPDMoAiskJjrLjxDSpXEYmTwELmHDP9N3csPfqaZViZvn
377,381,one_____,_____780,gXZ3WNJHGEi9kIMkamsoXapCe7hEFvWOwSLYOnxhR1AMqE
381,517,one_____,_____780,piLKxNpmG5EddfH4RaFKJYhk8kKa1lxRkawcSWP561GTtw8
517,545,one_____,_____780,4aShtZjTayJM9LvGv89Y4vz7qivLVMGOJ
545,894,one_____,_____780,dnbmtmMQlrBwZYeSddHizSOhHh8IIiyBJmP
894,963,one_____,_____780,ZBAms1y6pfZGjCdiZRpC0YhMLvAQl0d5BfxnFpsHq4ts0I74sYYsWiWGoL
963,987,one_____,_____780,XFBLSZWRoKBcNuPOoiB4Bk8bJpFUSWv0kwW51KpP3fLcOihStJhYWkd0cqK61m
0,154,three___,_____781,MxpB5Q62DYWuIuaxzOyJJlMhNd2jMASpKWoiT
154,358,three___,_____781,YJmyBJIIHXnGSRISpHiG7v4VboxTYpYDBib3ydkgPw26yurOTVrWvd
358,420,three___,_____781,5RJJ8QVrAjpJelQB39ibnJCXX2ERWJicyOQ1H
420,455,three___,_____781,spFaR4ZaBjL9QsSeTu1TiWRJZOW4aNLILXbkuoBzzdWwqGJOM0J
455,530,three___,_____781,9fPI9RAOHo6ceKxRAUGpO13Xa4vVxdzUWDjTnInQcMkpeaon
530,554,three___,_____781,lvOU491waJ1BmT9eleejzn4Oxz328UGCB9Ge7aCt3
554,683,three___,_____781,JEHmm2JJnIXpJaN81IW0CysPLYZ9Z6jcYqB4vC8fmTEVOAhTYhDGwH8W32XaJN
683,699,three___,_____781,SAep6u7ciyx822mTy64Ah7XUOd1YMxWE8DOR7nMBngIIsUjd
699,744,three___,_____781,T3UHrsJ6bzmq1q75TnpDPOFra4DPbG3QZ0jyr81sO8ITvxJ
744,807,three___,_____781,icCSSPFdCCjxIwXk4rUqMKcpJPzRMsS7MVqJRTPqPzSOaIOBNA2Vd
0,1,two_____,_____782,dRk7lSsCRy9Rmy6NOgvT4hCG623VsZS9c1c6RBn7sN3
1,95,two_____,_____782,sgdXUqoCDRKG7uXAS4W7zQILM6YvlTPS6aPcdHpw1oaL
95,177,two_____,_____782,VFWZTfgDoLigp6062OZGK8IxPf5lRtmInCw0mrxCp5GPVH
177,376,two_____,_____782,5YDARUFgfKGJxIBAp8AkPypqeQP2Qc9kTG
376,450,two_____,_____782,gSs0z7krx7kPOjzdL33iueS1pmwGPnw3j
450,644,two_____,_____782,s0gxYrV7IBEwgk3r0AWUF40BlYstjz3cWUciFg44QtnzWyCOoSoI0
644,650,two_____,_____782,QfQ1tXLgvPSG2sr5U92Vu0SNgmsKTnvqud8LYS4FpwLzmmZJ0vCqeJU
650,687,two_____,_____782,cKZueFledWXhcrUlHxJ0rjZRNtW4D1CTfFM5Fl3GTsCAYFU7Sw8DdH18SpD
687,692,two_____,_____782,3vOCInAHcNEiPIp6iffej51P2tHpsYDFSZh7VjrH0oi7LG8ZJwYQ9B5rVV2pY
692,800,two_____,_____782,D4FWtDgb2xHfj4UOvRpfwFlZGFnXMgXNMnGXIUebec4zkASO9lU9XCPoYfp
800,806,two_____,_____782,FOU8mXAWOj7DjAvhE2OdDH0xLXWf6IiW8WLcVPMlLDRN9LDYQ7ZTIe9SY
806,923,two_____,_____782,xKR1BiJbA6SoyEOzEBbvBwtnfIRWRFHA8C8gF4ysY
0,19,one_____,_____783,5NHCFZTFdDE9Wzn5R8F4gGrmMbze9wDh3UbBMZQvhZhoP
19,43,one_____,_____783,4vQp46P28LV7pvUj5kBJrwMj4gj0wJPF16uw
43,223,one_____,_____783,MuUOm2HqUPugLlu3TrzmA3ch1EpWVpX61u
223,301,one_____,_____783,MNj37wQWKYRLDHoOvpNmW9DokciXUDS04xPSZXCSpYIdxrXfsncOBj4k
301,371,one_____,_____783,6kmMXzD8QAnOIzHpk5St2YWhXvIsGmv6wnJW
371,464,one_____,_____783,VuUoNb3X1nMfmLuMp4Iuvm7dOHcLhqJDj4Au99WVALj4Pcfmg
464,571,one_____,_____783,izQ5lLJbORoUuotqm9d2hh80JZbRGrVgGuWFnVwQuxg8MLEWuWwiiQG2OVXVDMe
571,681,one_____,_____783,tJxae9WT9TcOdfwFsrjIjeVbzP2eH8Xl7skRccIxFY38eZXEJCyr6nYJc7ByTu
681,682,one_____,_____783,y3IwtGBcwlIC3vLUBUX4cnFabaQzdP5izN04FIn6rCbpLqz
682,746,one_____,_____783,LHZ9Lesvyy9ZtOVhgXYxFjoJ2WtTA6WDE6Whb8AT6FrH
746,814,one_____,_____783,J8z12XAgdI11A9U0lxgAbeqKEJQP1bjnrT672UyxebTKxk5VVpGcr4djTTvjbw
814,847,one_____,_____783,nYRsQaX3TWiqZiL6xT4tcMZ3K8PsOh7wxuU2Sn8Q6Zt
847,989,one_____,_____783,s5OiRncBKaVqRpoGqhFVvJiss6chyzcCPg2rttoaX6PwHBZma
0,45,three___,_____784,E5qacsnk5JTctE78KAZvU6E82oasXxgh
45,273,three___,_____784,7GgrE2oRmVZ4x7V40sCXv2y4gYRvrWtJltsju5BNz
273,354,three___,_____784,n8WHuCTpsk0ug6yDH4L4Q8mzS7TTDV3lJaREj3VTy
354,381,three___,_____784,qY6lpDejavCmvvmdFg2050d3eoctwyHy58XHjaAmZMvx
381,411,three___,_____784,nNVqIOaCN7vCE3wcTi7H7e4ZHziG8ClwVIW0NnqPJvI2GhAurhrSs6kjM
411,619,three___,_____784,eA1T859SrZjl9plMnKAfRHKBwuV6lpnC5Ezv21CIr6h3ZCmCZlMJAq5emckKcwu
619,694,three___,_____784,fHVsx0IjGWnkO3sweurV8niUmKUVl2XqFlQ9ITDqH
694,723,three___,_____784,8inC0yfNaKqNvJbUfOEoJmlBvZFqXfxVKd7EtBVYrW7xy
723,725,three___,_____784,IlVQgNkAc5d11WZ5Ni7dUNS2SZ8KalVdFKy5fglCPCNUT9iAIKxY
725,747,three___,_____784,KpHZp8W7cnQYlQ98YRCK4owuZwgEhE1NKR9A8KrHfBZ9
747,870,three___,_____784,kVnT3rOcl1lZDKxGjDi1JtB5k8egwCwTL7ONXO
0,1,one_____,_____785,TPm9toBqwKsgwKVL5ueVD7lh1JQaDHjLUnJuL37kXHu85SbshtwaO2f8cZR2G2qk
1,152,one_____,_____785,7VfyFKvuJLy8IJD12KesgO0GfdI9F2eJYguC
152,321,one_____,_____785,Gy63Y3S0FTbwWoBX6vokhAR4TBu6UYnDNDJM4dTohjLfmaYRieEsH9d899tnMehu
321,612,one_____,_____785,AYrkG77e2oZ2HkQMsa4KDZRMmVoilHeZ
612,761,one_____,_____785,AhF3HkLhWsMkgYyekGQjJ1EhcPqZx5d4OBIT
761,801,one_____,_____785,wahaFuHnNRdEAC9gLErYEcMTHp0j2hJxYRpJJ
801,827,one_____,_____785,CTDtC3Bl9Vk7SDQj3LttjIjaPgfh4O4poyhHe
827,857,one_____,_____785,fsHFHutOG0iE5ws9k0RkPztgD8XV0dwTtn0Ad
857,888,one_____,_____785,WdE12qroXOAcyMGzpCTvG4DPHT0mnMIuDIOo8I2px9Fs8u
888,965,one_____,_____785,bbcZerhXXFLmK1I0DbZKXagewUpTPaz6YKiCXhIKXiyNpUDOX8v
0,9,two_____,_____786,kV5XTonhrYFNoi0ArqrsJT9DGE7Og4qPxdLjHOcjBEQ179h7se
9,163,two_____,_____786,Z0Kb3SJiuDZY9pzbJkEVHz9voLYJHwQcrpmzAiJMErYSFl3EoeWT
163,352,two_____,_____786,9BP5I7Lrye5q8EnzIBa7dEPbFq9eisAG0Cn7Iq0faQTugGueFjO8O04gJqbL9BL
352,435,two_____,_____786,oh2werADzvz4QohM0iYBkRmw6Z3HEGYesR9S
435,495,two_____,_____786,jTrGfsUFjQI6c9i3yO52qAAbXDzfVUagr9OFHachkzO4exV7iEZJPGjurwpB
495,529,two_____,_____786,W9zN9mnjtwCS2Ff8vhURU9jsCNV4DUdEm0wwqHoCETWIA1hfhcxAXuNMiW
529,539,two_____,_____786,PRevPzuPBtuSh3N2bd6p8rSefgf9oUkJfSYS6A
539,656,two_____,_____786,yS61cPDHiZq18bAi6mhwTmW6Rf3k7Z4m8KY5ouhLuq0qjgJIAJy7koXe8cRipY
656,832,two_____,_____786,36lHAXGVTSAzI3ZJfpPDao3CsMlJBZVPPqTlT
832,971,two_____,_____786,lacEgy0oOdgbhuP1fO58ZHcq7lhqtNSy
0,287,two_____,_____787,kQjeTEDxra2oLdVHXzPUAvAprl9kGFfZbE
287,486,two_____,_____787,NlyB143QXvq4SGXduxpoc1gUqUYZBNoJozfLDBrZGXoKI4P8ilK8SZuq
486,699,two_____,_____787,mvsQaGThuhO8bINPGObe0ACdfKAv29H3yHXixGdsabzygOZYhr
699,735,two_____,_____787,USHm7fVeoLDuYaG520C9Lg1TUkBDO39pnSllqzRIDXGdH
735,868,two_____,_____787,lJCjyU1s3pJLTZi5OzyVAURabC8FsJuD3Q2VplXQ0u0ktBexXR930t64ndzFUt
868,876,two_____,_____787,T3DhAXddeazkvQt9vkmlimSR359txH3PF6t
876,931,two_____,_____787,NsR1XEgzLyfxWMBo0sPxRQ7aA8fcsR3zJK3vUjU1acoCP3akTBQ8e3XltXwb
0,156,two_____,_____788,gIB4FYj2eq5yJuWUWoCxfij8aTdKXuGMvvATzyTWTPpILMUd
156,181,two_____,_____788,DfB4WqU5ikfxmkeAv3ZiTvElTIk5fkiEJC
181,598,two_____,_____788,MeaXEe9For9sQTye1PoBccierF4Cdgd0EsY
598,653,two_____,_____788,Abtac4D4equEeNqpLePFMZtqXPLjSsyeVqNjEBRHDu7A8
653,684,two_____,_____788,cG5WWrEF5IT7hwhZ8vH6LHIbh9Of7Zaluub66tKGKoyV2ZAQx
684,739,two_____,_____788,bIr31DsW0qU9ODpDVyhNvNXasgeZEJDhyzKpCmTLN1784MdNsBc
739,836,two_____,_____788,MN8RnFFQe1SYcsjVdFttMsQjjFiImABp8xAzUW3oqHQTW37LKPAQiyLwA
0,229,one_____,_____789,dnLCVhxQs5eR1BsROp7d89XtlR67l88L
229,235,one_____,_____789,abF31dQVHig1ujOCEcdzjSbMSGhktALuFPoiK86
235,342,one_____,_____789,jYJZeg2uAtHXTCYBc7m1SXTiq0OzhMEveEMrappSU0ans4l02BayE2
342,765,one_____,_____789,MSAGyXBKlB9CujKzxO8gEl7MipNYNaBHHHfBJVKyw5nkHdhHvbaLcawIwPC
765,778,one_____,_____789,9nPRKHiSzcq6Dkw581uDU49EyKKmmvOrStg4oDhmACk51A99Fcw0xGTkC
778,785,one_____,_____789,QICzfGPKlkj9rwYezdHMcdItFVhZ5E2921v0cNb6h0gYS8ixtLXG5L2g1Ekl
785,814,one_____,_____789,TGlvo6a9OfC3IZNguWy8qWYSsy3OXkRanP
814,818,one_____,_____789,GlgSPkOJ3G4tFCe7O84laHtf40NHMXjncVTzIGI0ezlKF
818,888,one_____,_____789,mfzjYvKY4D3IPLjTDHG9mlEYmOLwQEQrt0ouA4sP1r4ETpy3h6IdzKiY
888,889,one_____,_____789,i3AkuFoU2EGnnThqHbhACF5TRtPCqWIsMaUDfl3lEF8vG7XUXiO09gwrD
889,942,one_____,_____789,Ty54uhmHwqAsCg7838K4ErGog5XVYNzjRSLMerjxTBieKNo7tvBG4RvZdFZnJD7
942,976,one_____,_____789,VheCtmCFHoxkn3EwEOYnQGo1WLGHAQ0ct9HbgZIrxM44HTAy01Glh9RTI7fsVi
0,55,one_____,_____790,cf6Kq1ISaNSRSackHB0EtP593RPBQGPS41DxbcSq8DOD4CywEmPcYQYBBCJ5oCo3
55,589,one_____,_____790,Z7ANQgPO2iTT9ylPo4sRIlz4quEIVTiEhEa1k5daF2dCyWYocWeee5QMm
589,592,one_____,_____790,qiugzCp6KW6KLkvuKdwXYmh48SY3r700lRZfArAryzikHVYkCi9wcw2YNaxzP
592,648,one_____,_____790,eJUCJ3Q7Nrt3aNbIV0YKA3v3lYesoDxBoTsC
648,734,one_____,_____790,idnkmCwxPJe2tmNfEOhkDbb5x1pp2H26sKrVPNQT1drVTEcNsw4ckafNj7SQEjLI
734,789,one_____,_____790,78uyaS01m2wQ5h6K6VzQjmPtnNKHXGyomt
789,888,one_____,_____790,Fy7f3wvsxznuAKGdKpZSfLXWHmwa7Oo0LxfTMUYDK96aIty9xe058ASHwhp4fQyE
888,897,one_____,_____790,1PhSqfqKC7Gy7CdiSyTWnfQ2a2Y6X8dbG8r3JrEuELoE3J61z10Xx4O2Bec0ehr
897,984,one_____,_____790,YhgAH1a81k2Jo7MrmyYyWGifWvUlol51
0,5,one_____,_____791,iYnvIzjdMzhHC5lqSgklfJDy4ivNYskJRaSOxMxqxJbFtivrUDwpI
5,48,one_____,_____791,bq6vTyLSwcHd70XEhFqk2vwwxKwUnSTUP
48,69,one_____,_____791,b2e964v16JhXi0tMRMfgLRVEZwn3UXhfbiRdRTTRdG06U0zguTQ
69,301,one_____,_____791,77nX3C94hqHhEaHmCwiZDAmUPgzn76dBe9GxXjBTyPGgOG89V5etz92r
301,429,one_____,_____791,DJTFj8BV1iqJMWYjOv8Kze6jeQ2oeodDr7DCyMx57U6VxpR8g
429,518,one_____,_____791,tNkiyGCqqmbAET3pR48tQPYE2JDA3iParGqPaX00lskjlCiy7iYppAVz3ePgTy
518,557,one_____,_____791,ETJFuMwFwYWSTef4wZXywsi3MOHA58GwUBYqc08V6X7nWosNwJpSqQRAVrksWRS
557,663,one_____,_____791,ltIIYSflb2QAzRSh3SwZMJ6MJWJEr0WYysMW9711wc8ZFnAYIzNsmvJVj
663,811,one_____,_____791,aA2FLCQacG8dIKxCq5jpr29Kqd4TDcUWvsEfaPNlN1m8ofLAcpa
811,840,one_____,_____791,wcoATcNe4bPy5PHH5D8lf3EZQ2KO3FyGI1rmdllWQc9tQgiR8XgjzWAsYbr
840,983,one_____,_____791,EpXVHeUnm6m3BMaMFYSUVQV7iEYJMWDhV9uwd8aKWgLBfQ1NOChr7iqF
0,167,zero____,_____792,SlqSJb7S05GNxdNPCnRmpEzP4u32x1VaIoaC1QgwHcMejp0Z4Vaxb2ZkwV
167,243,zero____,_____792,8ZxoxfRkcIUoheu1WT0SsvpfRaAOs2pvXeAP3YfDG3WDv1meQo1
243,525,zero____,_____792,T1zRfsILv3zn8bycMFY8s9ayvIiJUKcXChyV2NqXkwB5NZV
525,560,zero____,_____792,fVruBDaEdvJPIyIPU7DDcALCsIhuoPDfas1Chsvo6nQ6kbL56eT3sJFUNv0qAH0
560,609,zero____,_____792,SvyxCLfdZe5XmYOaKZVNBE9bvtiqURplV
609,624,zero____,_____792,YToADiP1b6LmrJvKx1i0NmzARqLc0f50RYVI
624,657,zero____,_____792,ictktZZAlWlSkbi3b2ODeBpV8FLJpZgjsPaGXf2zYxrLo35Jopwnd23M
657,773,zero____,_____792,sqltvqm3M89gO36EbRRVXQbmqDeXl0Om3Mu1sfxSFruPDdEzmjx9rPx
773,958,zero____,_____792,cQSplJBhdoICJ122XjZD5HcC8ko087oeFv4slzonRXzWRTI2uk
0,51,two_____,_____793,kTiO5tKUzFbuA07FkhJuotsMy62iCWFViusisD9PDkZKk3p8jjF2UKo7
51,148,two_____,_____793,Pk2QrPiRyrsBS2dC4kruQQNHDdd4QXZMMViDPz8iEUPdRbQg
148,149,two_____,_____793,LwQcf1ahlPT5K1czZ5RTobL4PlLY0xsR
149,169,two_____,_____793,rudXamQuEHVEGZI14KL7jH5FjsUGpazEtFp71sB
169,367,two_____,_____793,jF3Ok6obEqQ566piAsVd076Nce3xf9JFDW
367,440,two_____,_____793,1XMRdkrVnndIyFAwBgYmo5Ws7icHDmeJiOUHFfweOWCC
440,599,two_____,_____793,dMDhJwqgZkWsE4NqpZR86R4b9wSYqE2E4XqmiIRtohKxsH
599,609,two_____,_____793,TuVj4VhlZpuEiGQiCS703F0Pzp93S1t1Mk
609,679,two_____,_____793,3bws5tKGm3MG94kQLa0KMIAycsQ5retZyv6A3InmXxfYiMN
679,695,two_____,_____793,aQTdaOvLym4JsjJPKn8kF99ZTJwPeJAtSn9x596sh8nHToMyld
695,728,two_____,_____793,h92ZT73PfNb9tWNz78OHnh8KZuvLgbphl4UT8wrHI
728,883,two_____,_____793,CVOQocwhpzhx47UFAkRkLRXdwTleKg69NkGRvMHEM8rPULBq7tqKRH01
883,971,two_____,_____793,CYHGjsQnY10JL3QsHvu8RyNHAwmm2oNmbzLNrAVIoaapL3ksVEyLT3
0,72,one_____,_____794,STzhZ8kAOEDFPpwHK6FsMTJrexZg90jwjHhY
72,294,one_____,_____794,30TMnduqCIPaaRUvHhs4dN29bkt2MatrwvOz7uW0l8d
294,302,one_____,_____794,S5SVO4Os9R6sKzQTDk9MEuAHdkw0rLar45EgXiWFy2mdw
302,385,one_____,_____794,ySafq7ijg5m6O4P1x89JK737szJHu0wTFfv5aZ3D4x7qO3M1I061Qvdf8bwSc
385,444,one_____,_____794,dwcty3ilRjWk332OIzRJcKlGFvzbR52lrAGhhuon
444,462,one_____,_____794,HOSXdT91IZulTCoqdVC8smM2EiHgqlIQjTlZq8JRAMlpvtO4jsdf
462,511,one_____,_____794,TmrkPgMIn2ZYP5HLl32n3FsumsHQFA84K7HCCr6o6XMrQszYyoWmJe06PCNDjOJV
511,533,one_____,_____794,DM5isrT3xQ7VuSUF0v8VRI5c9TpHr2B1f8PBuotea2aOrH6jIz
533,584,one_____,_____794,97h7cN6Mn0hBltuC9HOfYrY7dGwI8tGZXRG242Pgyxnz92AgF0CE3fNNF0YrR
584,845,one_____,_____794,O72knZ6zZhmSU69GqQtTTB3C5I5gfIAmTE7XU58YiLJjAy9m
845,909,one_____,_____794,IvYIt0EzCIFIgSYBVE8RCt7dOQKDl1wtSWp329UyFcYg025jkjmOF7i
909,967,one_____,_____794,58GMFcaQFJ1yzSGhrQsOMwEjUfH4DdG91IvZ6uHEwirKnY2C70TAPC3R
967,989,one_____,_____794,Q6b34PHJGUM7Iq4hwvecXL8bh8iI0myBmOdhXyCNxte50X1X5qh9TgG
0,116,one_____,_____795,jGyMTBfO88n9gQVVs1ZWhxDMJZWAull4JX3NS5geb2Rv3bsVw1UYsELMmM5bW
116,127,one_____,_____795,721eiLrIlWUevuvt9V01BQrYMc7ea6T9FcbEBzuGENKJxVeSQa0QfrG5T6JgHZ
127,161,one_____,_____795,OL6USJbKKCFKc0V8SrwHfdjtkSKSmmdkCSxOsSnhagGR4r
161,211,one_____,_____795,v6ta0p52ucDXbIwzpPeGdCq1Vs4RXkx8SGNeJ75LhUP4C
211,232,one_____,_____795,eo35wE5gnwwLoJuf1iQXI8teexXwrLIBY6ZjNHRQVtU
232,365,one_____,_____795,xX9qod3bXXzFkvL5b0sZ62bBKcSzeswIjyHQF6
365,578,one_____,_____795,AtsYXMwPf9ZbEApRwwcH9olBXIAddfqpBODbFnQiLVtMV
578,660,one_____,_____795,t9mA2ZfoJti1UHJ6qTFQtfjS2nWTeaUaipcFLdZYgcYtbrp3M0sU
660,703,one_____,_____795,FEUUtMiaONHkgxiW3TJqdnNWK8cVrrUtwmJG
703,754,one_____,_____795,RRBcWReXhVT1QwpBzRs2qN7O7k97DFYm4c64fcfz3yFA4UsjIBFhzFgd
754,912,one_____,_____795,gwNYGYVWBmwKM1lHtSdVYBVrQI0s68kgb36HhzQjSZKvgjRRZNjDpR8J1D8H4
0,273,one_____,_____796,MQLjyJZsOyt6fq79HqFtxLGBGaQHW118NJO42KBTdhFbK
273,308,one_____,_____796,SCdpABoIaF7qST1PK5A9sTdCEVrgvBNZD3kMBqAc6REn4uB0T1xl
308,605,one_____,_____796,XLPrEZOC3KCvE5oKTHXZIC5PtT9OxoBSfZIwDMmYG02XFebU
605,748,one_____,_____796,qqhh40RgrXHLVRne7nS4Zf3HzApff8LUChiZV0ca7zMEWkLA0JxqhoeKtuNMC
748,802,one_____,_____796,Q18w9DIoBvJbEHNd5vOyPocIiRN7OfWrHDbFQDMYqjYXfFMeCgglH
802,877,one_____,_____796,Zo1BuBvXT5g2VazB5eQwrVpFAJvX5UOJKWKMrTAh0Nym5aUFQlyif3T
877,897,one_____,_____796,Xww2Fd9lycodcVHAxNZrBanscxBjHlCrsUXqeru0r0HvCW1uDQHqngL9diGOxKS
0,52,zero____,_____797,KjdyLOtAui5c52DW6qJAAu0Lzspy2uatbTom11DarCb8HigmiLri
52,151,zero____,_____797,k6D2ZREhPHNvxtPP6to5VH3zJwIagQUSwTt
151,152,zero____,_____797,CZ1fhXZU4jujPJ6rFltak4virk4aAXez6qwxfvYlYk1xEYB2F4g0xXUX
152,460,zero____,_____797,JS7Z3rlCgX1PxDxvoLBqI8YVMPSzIe9Ng7o
460,523,zero____,_____797,EgBLCvtpeShU5NbRekdAgmawoJlkRExUuDVe2UQ4lM
523,818,zero____,_____797,YQ86IuZFOqJUDciig1V1mDticki1QI6w99Q1twnJxXOUE8IjhG
818,850,zero____,_____797,yj59j4U1dOMkPXSpgPla5Kbms5ZPdIaAJgKoG8OTPhP2wEBFy3KplGWbFZMzl
850,905,zero____,_____797,4975QL9CJGKNvOrhSwbStV9vs2OeRw2FJT1Xfa6w4
905,957,zero____,_____797,oV30iruyzh5DNf7rO3fbTocnZtYfjmbSbAfoTravLZyTG47
0,10,three___,_____798,L8GTZAo9P2DzTtV9jNUsKE7OjJQS8oL1Ws9rzQb9wOD5ANp1
10,60,three___,_____798,q4S3uXvs1j3AvrH1GXUb5O04NbflPkLTcs0A16I
60,83,three___,_____798,mLTOi2ILkpqsKtUiVOaui3pmhgjERzeRqD4MmHVBHvIdT6CB
83,121,three___,_____798,xOQU5Y1wMMDIizV0dRk9dazYrHGjs1kHU2wp
121,178,three___,_____798,U6gNbf2h5ypvZoiuYTWMkvi1DhBVJSeAxe9cgLavESPyMAsnJPUX7fQmeBKhqcJ
178,182,three___,_____798,0dceZHIXyJkjOq0J9mmpwiEtBHyss5O7LuwpXSMXoEWaaYX8FbUNe
182,230,three___,_____798,HQ0llLOasBI4xQdgqW7PJ5JqFScehZ5Ox79NeBXb699liu
230,362,three___,_____798,g2Dy9lXfZIWL0SaZ4QWP9ovxybqiarDL9
362,465,three___,_____798,szNiYXh6l5XpQ7T127UXgNnO0qTgDvzoYWf1RtrDMNN
465,857,three___,_____798,dFU1MjFqyCIwz0NE9k79yeaPmKWuxGcYjk
857,883,three___,_____798,vW7vEXNccqQmivpd2pm0Nl158v1pqw3shiG3
883,975,three___,_____798,AdtXs1BTRdUs6YaMRSzhoUeHEFRJG6quNb0aM6eN8HPdUoaD
0,44,zero____,_____799,LrNFs8n4McSsVPZW8Vy8hKXG1Tj4udQLDKHWPzw79M2T6Kyeo
44,68,zero____,_____799,RWP6jB4ZcGsRiX8V1YElVH7u86s0dwAXLJ1OUp0swokbIFB2tXJ
68,150,zero____,_____799,Ef6e5xSp8g4fVtxtd8828tiYXlx31ZkyKF9o
150,241,zero____,_____799,QkmiLlxs1YMgHmFDs4eBuVcrrx6yQ7FEGZFL6J37H
241,339,zero____,_____799,tCW8RPVA4EPxiZSvz2N8NxcV6eYGcyyGop1oMOysRtDpda2GKWQ8aRKZ2F3f
339,608,zero____,_____799,1vyLJaRX3H6xW9bZplPLFJ4THl4Ijjmqm2WD5phSruf8Im
608,683,zero____,_____799,xds9R7fkjJmP82s7uKqqCYGrYbupuWyygvVczuvg3fPzT
683,693,zero____,_____799,hh5GcHPW34f6tLWxaOblybcKtAxpY9CKkn6c8IxOwcW9Sx8EF
693,807,zero____,_____799,8XZ6v8qvP5oy8Gz7R3oypWfOuM0iaIZiznni63fT94sgIbk
807,876,zero____,_____799,SXZlqpvnhJn6NSUtOHai3UNFOS4Cq0IOZMXfVmB2WtCtep
876,969,zero____,_____799,4eCNJYy41Xo2EFem2zYLz8wMVd24XlHFaEbxn
0,19,zero____,_____800,CXpLOsnYvzEWfPfx6QLovwbCTqJ6fIw7u
19,372,zero____,_____800,ry6AV74Yak29A0sOl9xvKW9gTD9R6z0cg87Rak9NEFMKnrl
372,394,zero____,_____800,iyDcjI6o28YGJxBU3YSbAqGZOqQ1UE23xW
394,554,zero____,_____800,5M21WLhkTsnzlJ9JqeFEgQ8Y0NPEwsxTbKz0xrH
554,645,zero____,_____800,l4QRCLV9sxLVTyCgoztBNpyOMJNyMoGej2F6qmp15
645,684,zero____,_____800,yEI3Uk7zaBAQOnmoP11798ULggfZ4LELGabynN
684,999,zero____,_____800,MXWo27W0Olm54ajCPuJvBTMkI4Kx0QiYrYEhB0JE
0,189,one_____,_____801,oLxrl4VQf3ukYz6JEjaKPeX1eAQePzkI5Qm7Kc
189,253,one_____,_____801,Cnm2TEm1zu9nEsw0CMWLEOZnJQ98zx1cCUk1R71lSxs4Zl4LU
253,393,one_____,_____801,1Ahvpp2DsrU2OvxGfNUQwscSzz5o1Amgnz42Bos5EvaVAt
393,510,one_____,_____801,Rgibt2FdNpIgs6LjcCEW1KuZpJAnJ8tGp5HMSMzyQUP7o
510,685,one_____,_____801,9a4SiIsoggeZfcPlkRLOlDn9JPtxkTEUmlrbIMMqhRt66ofvWcgS8mm
685,808,one_____,_____801,LhnaZl3aBSAzbGbTTJcrAdJvP2V2uv8lMtQkEpRaGkdkhpDmy6mc
808,898,one_____,_____801,nQGCmyuIXjkpmOC5hBK2MrGTOsWYFkrXvAw0WsfUnMFP1ig1Pvp5
898,951,one_____,_____801,eHz0M7oUT2LgZ4ZqiEirmKh67clB8UldH88V2auAB11WLGnrC27lPkv4ucS
951,957,one_____,_____801,dix67Xu6iw55oooIcKj90iAZ0GxMyyqdeBt5XHJw5bnBPDtYq2qth7IY2Dt3NsWc
957,992,one_____,_____801,mXDlYjd8V89t1De5oAlSObS1S0rhcm1j2ezCmk3GwPoeAEnc7mqyVMu4gAm59
0,91,zero____,_____802,yhI1L1V7jxOl5F27vBIShKfw6cr4m1sveOjS
91,118,zero____,_____802,W3u6NJSSYVgxZsZbnWDlR8M22G97fEBI4BMYaYupS2SiCDpcOiSZrKH7xs8
118,122,zero____,_____802,Sj6nSKdDXMJCe4iPbZyo6FmpMRTI27LiYUm
122,153,zero____,_____802,caCKyaKPIzDEGH5XIy15FYjEmcZo5wvFFJVjO0Tqot
153,165,zero____,_____802,SDqsHn7NgFjYirsfbcJtFdsXCxs3wjT7Pt
165,463,zero____,_____802,CnsJhq2mE0LZq8g6tvS4mo30gEBwAFTtKIotaMhJlVRMsMkh1B0MNi
463,483,zero____,_____802,0OgRFnDCylfw9okflGUVQGJz4owAMug2V3eKDRPMwwDemWP0nRuDp
483,582,zero____,_____802,uFN1DBCmUO4q0c8I1HVexYylsv7mdKuSy
582,757,zero____,_____802,2FlxUKyPSY6ZMzJVeRTdX5Ms9kmAjZSd4bEmAeCEa
757,890,zero____,_____802,K92BSdzQTxJm5Pmtd78iVFrP9S5pAhD5lkPwfUSphD
0,3,three___,_____803,8Yjb2lJJQKjbmFqebdDriZrKjOTLonjUSmHEg3PWviDP1c7LNaPBYpgfyUS
3,77,three___,_____803,asKJCaOvHRT15gqXq4vuAQY1WfUvcVJmIFYxelcMBk
77,144,three___,_____803,l0QlKuD1m0nNUWkkBe0OvBd2BimR9XdWCTQYOO5CWd0NYKjco
144,324,three___,_____803,vZpEeeaENMRFykXh9v265pyulgxbtw2VjcseLxvST
324,536,three___,_____803,AvFJIJiogoPxGn6kFmGqfr7teESXhck1ErY2Rv
536,552,three___,_____803,sDNA2EMCBXYxlrB2bPloySKGqyZGqL38tDvto8OuXoqPTOIx7U3mf7JDDyuHZrb
552,554,three___,_____803,KtclDNciOSBI5E9TGjJ87MlUuU7qG8Z4j0yseKbaXMi5m3
554,674,three___,_____803,Roi2BCThj0WZEyK8bOCjFmIgEimeZgFYlKOxqTXIcciwN8rgmFlWGE
674,738,three___,_____803,PTh4qYOWpuKvji2KyuLCpss6d8giDBtwKmEkfVkuc3jxfAjSeoZiMFtGai3Zj
738,981,three___,_____803,SSjx6PeattChbCwH41APpE0bxE1KgJzb39O
981,993,three___,_____803,uaX0KqQoPPElnHZ6dE3jpCmFoTBEOHWjMjfmKRDVTPcaro3oGbS8rc
0,127,four____,_____804,7qHnLjRCXG39Cb3WiHIBhwjABrdHpeE3XcbSLg0KQb
127,202,four____,_____804,DHGx5EIMjSpEzrQi2UDCtbnZ3TohbR5GHoClqnLy
202,464,four____,_____804,yhIKNponhndO23A5FWTy1QFmZItMfo0vh1n6QKGxNPcNNM0BqC1jgKv
464,538,four____,_____804,ZdORHWHA6ESqjINvh4VfhpBQY57Stg7b
538,541,four____,_____804,0I1nRvE5vlBZFE3pCHrQIL5YFkfUdnfIcPjdzhTdA43VXUKKVRN
541,630,four____,_____804,IpRBFAbY7H5miKpK2T4JhuHJrvlCHI6XFyyL27RQke3HBbUDARyl8QZ5ChP9WcFl
630,685,four____,_____804,r13E81e3LaQzsRJ3x5IyBadACecKoZ4OU59VYQBzfx1Ty5RA49Q
685,726,four____,_____804,xn9er5C0v2GRBBp7TsLyEwwkdrufKi2NX0dp22NvxQT1sIP
726,967,four____,_____804,L38SBwaaHQO1h8YpqSshnwcyfJrFLS85gkev1k1buVv93hlXutAKdtlNWJrQFbRr
0,22,three___,_____805,9q8lQr4BzjSuizWAMcjMxP8uBDoYT2o9aAruV68Du8wb1Aeu3Klh2jQuZHL0c
22,31,three___,_____805,fKKk9bP3xIpI5Tc3FXhxwp3rPukYt9MnQZ0J
31,131,three___,_____805,ddTaPHQcDa5Z0iebbIn32Hk8gCAKCNdG2dZwsKhy1wUaJw1m5ab1f6N4WpzoUL
131,166,three___,_____805,0XloK9tQQLV4wgmoCjWRL2Cy9rCcNCZJzJMdtqThqVoQmNXtqZmCgGsMdiSe
166,194,three___,_____805,TCz8IbvJEXCMSsebEZGwpukDTZHXyk7cJGZp8vLRqoKGpXC
194,340,three___,_____805,4Xri7I7WjTN0gxqmbQk8zUB61j2VHwIKtS5fqASHDkP
340,697,three___,_____805,92amUtORwHHApQ1zVtuiuIV88Ws0Och9sdKYPEx8dCY80PZNqn53
697,722,three___,_____805,R0lYlc9U4LXy3oC8AyjK5TtPOfdMlUREwbT50JE5v6LRdIdQONkUT1qb97Tp
722,917,three___,_____805,4DF1di20RfAoK7r5049tzNLi3ZJqfeADUQwJHVj19Oq5Q5RyN2yqlST0uyZg2
0,179,three___,_____806,y9rv1AU348qc908FPDk3yy2TMBuImoA3sITjQzmBpieGG0WfPvmsjEVWxPpc
179,262,three___,_____806,HhfAmRlFWsdS1Ry3LQZucR6cc51FcmC0MPiUcI
262,266,three___,_____806,FeUQxxdkvJuKj1WorscbWlG64AV0genRzgM2lQOytiFGyuUhWvKEuYq
266,405,three___,_____806,Bk7GOnFxd5bYYpLxrRGh1uvxUjxk3HTIx6xqoIeWsxoiaYciAb
405,462,three___,_____806,ZWY1amcqj485qx9PRuyhkFW8gKNLs9p0QUUfi
462,466,three___,_____806,xjiWAhNYoG6CN16PHzujB12M9FH4jQRK9HbLS9kvLTbOeercFvgEZlEzOLRd
466,585,three___,_____806,4m2Oy8QM5XBLTE6ttkyWz9PDXzQHJG2xVTAVEfydn1CV
585,713,three___,_____806,kU2RIYSy46Lp90ZZwpkxCorzN3mlwJLpdEqcNw8Z
713,776,three___,_____806,glgwLDkah7xbIJXHoEWg76ceZI5Q3vRa47AoMn74js
776,867,three___,_____806,iHuHFCsd2HRtjBQZSwSHMom9s1H5zGBKjNFzl
0,6,four____,_____807,lFdBfTjm4Ccj6KguK2sFNg2khaoUGvYwTbU20fqfKxUvjFYqJu0StY
6,43,four____,_____807,oUAdKEB50B0VAtaSab6LV8fWEyXg4djuAoVO
43,84,four____,_____807,4wMWNdEIuab4GJWGvoLGjgPD0g1bXqQX0GHvgNRyLkE5bzlueJLWku7LGdF5l
84,94,four____,_____807,Hs0UDCVA1QVoe0gCzCx049R6Xio0OMbyhOa03nQq4k
94,150,four____,_____807,ZgvEkrsC6EATonPT9VvnfGKcfjoqmzZ2DLNswGB2tSjXZqH3cAU9
150,176,four____,_____807,IkKAnFJtnFHavZlftzoDdtX4eev2ApOrJDKhuIVHB4sU1M9k
176,215,four____,_____807,33ORp5lghat4g0lFmq0DZHpLRfhFSIqwzubDV3ZSeo6
215,247,four____,_____807,YAdGr7TIT83obXCbP7YKkvvZ70JPGHEx3yEQjlTQaVajJa5Vhh4SqKqVpCv
247,313,four____,_____807,4XgHgrXU2GxOFe6VF50yQJYlBImyuh292gonmA9EX
313,601,four____,_____807,FBuT2ICZ2rBl4AuUiQUldHbaJYRAy7MNb7JkDvw
601,726,four____,_____807,kHXqrRGCzddghJBtzjzGdFETKDHGv9Ftv9VOZitdye
726,769,four____,_____807,XpOR55Tq3sHZ0b8191pbkAQ5HnxDWx0o2IgpZDBISot2j1aCCik4Ek
769,875,four____,_____807,Ze39SNWxCcuXpaWumwp8oBnPUVYsCpBjZRTkCeNG70Li
0,156,four____,_____808,qD5O431E5OLGdu57EgwjNNkwNvKEYI09
156,208,four____,_____808,W1uWq6FqebH9wSctjlkpVwO2sDPHTVp84F8Btco9
208,233,four____,_____808,Sx6XPr64nqLthapOjEStx6DaCROk8hX7sh8y6nczYlJF4jLNrsN
233,602,four____,_____808,K1gbPm8PZv0z6RibmQFPLqleySxpgCGzj0z9nKwSvDx8J0cbFz1bXKHN
602,630,four____,_____808,8CdWNqoWgUwEAdbwSyfO9NovgpOAluDvc5yjYCDcP7xvWMPTA8k3gAIcnzue
630,687,four____,_____808,wYT4J8MIMbuH8t70Wl13umNfcy6C0C7RNC
687,707,four____,_____808,LvIV64Uk5lA8dvWnj0gRparGbire02rC
707,945,four____,_____808,jcsd9RqGInDnyw3tSZKbpSKC9CNOM8MMK0Jlw6O0jpVQ1lA9jdghX4DUnhLy
0,8,one_____,_____809,5xZzTVjcGGQZNt1oqWqGaz4ehbjc7KZGsh0EBanzKI89v0AH8vkjEUybhJcDqKhL
8,103,one_____,_____809,YfwDEFPXA8aSL3qt9V95IcgRpaFwOWKHWLXcmTTRspH4ghTysLAQQ7WhS0dJpE
103,193,one_____,_____809,gu3O6vEFVrEepwfYZJ8kYnLUR1qam4SWNKgfZWZKhbKlk9CBS8GgKEe3jW
193,247,one_____,_____809,rRKkdFH2tJF8YSItigXVtHjxHuH9shKTgNLFKGHG25QbONNfPvB2QRjYQhaZPn
247,255,one_____,_____809,qMlLbVNKG0YGdrqiVdbVdaQ8GUZSNHOBAuSa
255,314,one_____,_____809,Uc4norStmcVZWeskohvPV6XGiTyWbggQfjCTfEjJf8yjOAgXDYRQdI1btJkD
314,397,one_____,_____809,64vFYzhGQS5k9PkU9UowATPFpuczt8b7p7dobnK94IZ3jCwF36
397,407,one_____,_____809,mcuDNkG1kyJ65xoAuF5RxVSsB7wynQw5LA8Rx2fw
407,471,one_____,_____809,63DNwyGa06mn72PzO9C82DknA5sGWiqxym5ug0V
471,647,one_____,_____809,5BHW8sSVgr4m6X2rr2mVQjSV23DwHskrjRFcbGcW9l42vqCnHjVQ4LGIqTi
647,691,one_____,_____809,SjNVZYpBk9uwFQINcIIg3HDQnkb6tCkfAXecA2GZDBgLFqhKRlbSMkFcA0uP6jt
691,718,one_____,_____809,dg45YqDJ8lcLaFWWJIj7TozqSI5rQqXXZRmFXPOon3Ug5
718,779,one_____,_____809,Ry539vOzLmuwKheoOqAeobfQjLZ1MD6M0n8AUE7fyoWJV1CnnefksY9pEbr0H
779,937,one_____,_____809,wGRfZU0KshHBhe4OJmt24ECwaAfH0n53dp3fMO2KVUr3
0,11,zero____,_____810,JxVfCUmROZrITHATyPZY31dKWKoNB657F
11,88,zero____,_____810,WlanNnX8LDoqpzDnWd8PiG13kaYNn7xXOmnFcQgKmSfOTlftC4zdwDjKBpYl3
88,187,zero____,_____810,0HZayfZvXSFjMQIJk9rISsjlJXr5cGZeDxo6yIp2JrOCfC6AyxWceUE3N
187,298,zero____,_____810,nJSjrERpWRpejL1JZJBxCzPQ05SirDEn5
298,358,zero____,_____810,ZYIsOOHilrfs15raXAmiLwJFEc5cgVOoEqcYW
358,455,zero____,_____810,C8ItfA1snllKLYarHoAZOLsNefJkDpoatC
455,461,zero____,_____810,qLPEnx8u4OPe7yF91ydZvuP5fcLndOE8M6er699V
461,531,zero____,_____810,8GNet5Pr1pGRszqlNK9S6AZ67V2BhE90mjjSdfszLAxD8beyC2USg0
531,637,zero____,_____810,LHjPQGmHfwCe6tA4OGVhfEQFoyBdlSjWPg0Si
637,681,zero____,_____810,BSkAbrzwnVhic02pJqPyjUKlTlm01YAXCeoEd
681,712,zero____,_____810,e4NBgrG8Z9H3FMq4x0tZ2Ob0rTkw3OVCvTJq7vLsnfYhGYg3g247yFWojB
712,731,zero____,_____810,a0qmsRyrG15KFGX2L2BWkVvw4Fa8puxr792qeb6yoQzNqQkPNyjZlHkUOvM
731,742,zero____,_____810,GkzYlwcZXnszyzBCPh9LqOz1aScPH2MbE6qk78R088
742,882,zero____,_____810,Blal1qMdYA2nAEDBNnw4FkuUr6IXs1eQO0B0n7ICSlQalNgYuEW
0,47,three___,_____811,V7qbhep0H9fK332ezdF5K5shIKtKgGwoL0dweemhKH7ckoLMAk0pskkk
47,124,three___,_____811,Pzq8k5AuOuyVZ7z7PNj7MqxfNryOIvWzXinzLETuCcrVPua
124,477,three___,_____811,vnXLYvkc5Pybgn70fqnXgBMmi5chhNedtUIEqNuIvBy8PGV6voH2j
477,484,three___,_____811,WW4zZb9hyVQPRstaL5GHvX0bCW5mdZfvEZ
484,508,three___,_____811,LJRY72wtSExKljxgSCasz7EJz3LK3aPS978GDnjag6dDA4R
508,611,three___,_____811,6qE0Hkr6Ma59LXtJ0WuAa2dbHfP2sNKCk6MfB5XbHJ3AaHOhr
611,615,three___,_____811,nFjVrCCDqCZKbmUVbmjbONlsOyCPtNbCMI7uvYFUJ7U0xwyfLhPM
615,702,three___,_____811,Jdx3nbpQnnKgSh7FPlQXzfBmUQhfbRspjA
702,722,three___,_____811,z61mtOUDIQ6LSbGlPVXe0vF3Clxv2aMe4rMmVPfq7Z1vtNC9QsE6xUYUITkty
722,756,three___,_____811,iyqgm8F4tjfshuuShW4YOFnbl5ulS0YqzYNBP2oyEtITTZUxUKLt4RPn243sjSh
756,869,three___,_____811,LbllxAm6EH4bVtROMk0Nz8mWChePowNcAxV8hke5R4PqudtEi
869,901,three___,_____811,0KA5yK1MLoseFkXse6asCb2fMDKmT4FODqJo7ACvjhZdU0bmTqiOvv6wgfSXQX
901,904,three___,_____811,llW2QTvoIwnkZRl4c3JMdUpmmmlsARK8MqxmvcNp
0,157,zero____,_____812,hVnP1zTMJcEHdYLSslQSmZDozxQYGq0E27v
157,227,zero____,_____812,IkGIPtmC6bAbAL4hBE81kAspEdgOTuYiJZcjA83mZSVkC
227,314,zero____,_____812,yVswjSNqG2mR8mwbtDe5jEy2n6QkEffPqsAuMq
314,661,zero____,_____812,klgsa8Mt66L6Kfeh6DCyraLYzyuy5EXaRM0Y13SoasUHZ
661,792,zero____,_____812,6CPmtobHTuua9uDNsEqvQVzsxu1Zxg8V25v0zcktsTvfQl3DTr3p3
792,874,zero____,_____812,b8iPAmusQQYODkyAxd3c7OyEU4FpIOGRg1i4Ldu9vwPGtHhMJO55ow
874,964,zero____,_____812,NKKW5ypL7mEhvP1N4dXqJqhJi7cosHF5aZqj0XAfvgeE8bWFZh
0,42,two_____,_____813,IhkOgGEDJlDKVN98G5ejVyMBlGokN0no
42,83,two_____,_____813,ZX3uceV7U45j70QKuFJjHOzHaLG2SMXTcEe1ryvYCCY7BPAHG1jWO8vJE77
83,209,two_____,_____813,HoOuXJ2qC42b0RmHVY03Iksk18rl4Mt4S1b9pAdq2I8qwYJdpJ
209,333,two_____,_____813,uBg5JLNkEh979O2C4pAzgsQ1TFRa9pCGCtQBFtUCEvHxpRGhRf9XVfC6
333,363,two_____,_____813,GV70nQyHU9Yum1QO17owKkZJ8Ry794hhKmGNp
363,542,two_____,_____813,LHahwkH0HlZNESXkRUo7OmJX31drGLSHcs6zVDHszh9zhST8Cd2ivigCANiN
542,560,two_____,_____813,LjohhYMprKC3yJzFozEocSrFnKv3UdKK
560,645,two_____,_____813,IDRMcNHGZ4Iw467l8jfLwIFX5Wiyg7mmdBK8UJwu5A6
645,843,two_____,_____813,dlvUwWiWRQTPh0v19rEe97saB4jAwftr
843,864,two_____,_____813,ZpV6WMWsgXV6weUC4nEDjlILu6by2cUywZg5uArRolvTrdHgpUhCQvioZ1pS
864,889,two_____,_____813,HEnmLMdg0iBBBulARdl4Sq6ALpsXnqocjo2YtZ4KnNFT2jP0h8s
0,39,three___,_____814,6KxnE5crZha4855nYprVW94UeXuStyRxrHk8yw0h8vsjPdcSt8fi2mMSchX7
39,135,three___,_____814,9gBgj3SuMhlzjzpTNtWqr1hJeA6X7Eq96KRd6nogLqcxJarjIiZhR24K18jt
135,278,three___,_____814,szEPTGAJXrlKBk4I0iJHKK0wrWja9YWcjFsJ4kmCH4zLiN3XCd
278,339,three___,_____814,yu1sZzkw7BlNyy8ASpfd20ECKS2HY2ubA7N0TRpzdRJja
339,436,three___,_____814,CKA0554qJldUGJosDruOIT96x1P9DCBcX3hVFb6xAnm1
436,496,three___,_____814,9wmSIBlCNX50PbEvVvdl3u7zMvxiAke7cIedjTZK4tiE8TttCPzajh3dKOL
496,570,three___,_____814,jyKwjjJPjgxHvq7KEKF0FBWhNVP7lHl2OTqyP3cGwCFVbfYYdH0sll
570,622,three___,_____814,Fm3GVbOrhZFqUVAnAtPw6sVf3ijly6mwdW3E0ZD3HJAK7t4EGuhzo
622,642,three___,_____814,Hy9VfkaDNhxnud1YELt78i4ROExyVg3pASC9OmujE2sHZcbv6oA7WdzWpIKjgi
642,799,three___,_____814,MjAqSGmjacovHYyByuOgRr54zAVZbXoPiamKLvFRDFaJTHF
799,970,three___,_____814,qle6NfYq7hQYrKI31dBk802v2Lwc7deG2xonVRORknKHOFGikGiR9U0xToLV
0,258,zero____,_____815,SX47ofudnhSp4YV4gX3NUxNM2pWEmFiN6dP
258,301,zero____,_____815,pofY8zUuDqaqNetGJQ4rvLirSqZflU9MXhoQ
301,608,zero____,_____815,s7SRklz9wCeHZwUsYxyAqN15xyKZKqfumKHy48eIqB55axDKn3Uhuye4DzJ8O
608,640,zero____,_____815,wga7KXZ8qOCffMkP3VOpa59C36MXi9bJmbCBNYWfdiyhy2ocFjydrWym
640,649,zero____,_____815,mGYtnMQV5SbSZne7TRCz5QGHGPlJ4IXkkJPOltdtSxsaJlyIrzqNKo
649,649,zero____,_____815,pvBmACbpzgZIgjfUSFLcP2IceqcCqycalspvXc11heIAOlreSZOaJm
649,662,zero____,_____815,7qe6RG4Wck1cd8iris1O6NDlEUY3y0wnKZun0ibjalOlDR
662,861,zero____,_____815,KcsOrav2hZM29pePiKiI69IYauxqLIOsd64X4WUNNcRbPBB
861,888,zero____,_____815,TbYYgeVFRbXOSsr80pOv0rxB8Tagr5MKhu3ta5IQ
0,179,two_____,_____816,lmbGPdd0TiYeJITWcXD6C2PexpQsTrdYEYw5lYowUmgAAHtaDGOV3x
179,194,two_____,_____816,luJpcYYlhFUO3cxoTs2pSV2oAtQmVZJUQe4iIhzwMdsXUgdlt88H
194,276,two_____,_____816,6BDbS1jUgdQRzlYufA1AwFAtPYhudShXMu4r9
276,350,two_____,_____816,XliBs4t1lqIh8D4P94nWPWuGcDn9AcS9MxbIisKPwuS
350,376,two_____,_____816,VbTmIrPsgPzE3LAggZyHJLTF203bgfZ2t2QVCo8U7x2J3fusE9m68Gk
376,469,two_____,_____816,GOluHIq2DDoO09y6Ss5H1Dvz5vPPxi3QCgruC4yuCXEWogylZbS2NA4cmK7jg
469,711,two_____,_____816,OJCJX5MaSB5FFJwPxcySifjIaURZgB0Vs71dQygVbWtDQPI7c4hLEG6vIk
711,820,two_____,_____816,hCWvKmP87GvKsmduh4iXKqxITMJntb5ZfYzikKsv0R9ofZZxSqx
820,925,two_____,_____816,77CVadyWR5TRo5tvQUBoLqYFPpHxEKXDb74BK9AEUgPnrsmrDc
925,973,two_____,_____816,zPhXCnCmHVLLpza3sEpCxDYKUCVP6CyJQBYu4QHB8SY9aiW09suDwtR
0,96,zero____,_____817,SpSKtk2QLjioZL663W3yDeof7rCULCYoIUdz
96,114,zero____,_____817,YXXrKbj7iulm6PYWJwl6y6i54kni4gHtzMRvZ1kckXkAxXWHGdXd4
114,490,zero____,_____817,LX46PeqnjGOHBtfXh0RavUBtXQQMrBu67pJdQrM6cIZen1TOAs5b82W
490,691,zero____,_____817,XdPSidJ2Vcp90ovfEjeDDuJxD6DcD8EZ6jo5fYO
691,918,zero____,_____817,jprnwyJHmmXchQfRtm55fnGIamG3opx9t4188XeqEKmYKQ
918,963,zero____,_____817,XOs3PWiyxQmCdOspJwHPerYzXnkYAa3jnxyoBZ53GOcPE8
0,173,four____,_____818,2vU7aID6jSX777MTHwef1jHNkW0UQN6Lqtn0uCre1vCeW92CAyYuQUaGoKJ5b
173,295,four____,_____818,KFuUWitzRXfbL5isg5adQBzjEgAqMAdUWi
295,396,four____,_____818,feGW3XVdapKmkiPlwXOp5aZ3rfTTUs2d4wnsKZpkmhgFYSwafxjKfJs7K
396,464,four____,_____818,sm6i4aCEoMZSnZR1Tr4LL4z0TgZV97NDzra9WmRStBf5HNhg7nM1vz9Vp490wiV
464,537,four____,_____818,KW1Mk8wKNe3Dq8DJ1GwYrFhiPZaj2Sdy85Z0ZuZy7x9p0tkUDOC1dEGVj
537,556,four____,_____818,mpK8CkmKTQzP3OKWzZBv3Zqhp6OXSrV4yw1u1WEauRS7qfo
556,767,four____,_____818,rtY3zGcb9ZvrAxaqhUoUkd5Mx8N72fd0Qd7vizciPHfpse12wmiUFJ78
767,869,four____,_____818,DROY92Yrxx0NgdVI6BY1xHh8uTNo5PcYhaALtAH65cjUixfPIfHryKUOeyZLd
869,924,four____,_____818,csUKw2M9WB2j3ZyJwots288BpTdS9joIVfIfuNebtWe1awnoNkJNFpvCqW
0,273,zero____,_____819,Jn2wUQ2sdI9ahxDdoIH5Tt9QNDKbgKVPKWjQ0ZnpoX1itQyimBQM8eEGJ9DBwnT
273,277,zero____,_____819,EmfAmuTdUSlgDkHEzzrtMtaommpybaXlSMXvYEtpazvGwdEcLNvobP2oX5Vm4Ay
277,380,zero____,_____819,9US9u3a8qxaocTESsttZF7uukkcuP6mdR29hhZsLVwhi9W5
380,433,zero____,_____819,WESr7tgpFgR6v5AvZUpczFwCY3Pfu6vArlVpx3IUmxwCcxPdIw01kVtYAd
433,470,zero____,_____819,oJlINmpC4XrJim7JUr9T3WrI80VXt4IJI
470,534,zero____,_____819,AzUcBDetDGtKHkxEJn4dIf54NfWZtpOm5QzD7r63kzKbfKFjyyDFxoO0
534,634,zero____,_____819,G5j5JoHrjERbpcHex9pq6Zrqf8oSiOMB51ZiXcQqSUdVTE
634,672,zero____,_____819,1hn53lLr1xSh1F6Uifvh6z9Rilg1mB3nTSrymb4Ss0QMEvw5HgvAYtDdy4Sqso
672,748,zero____,_____819,6rq8LkeqUoUUGPJilriuAkvZifXwlEkoBDSYfUKz8k5fjihWqKpBWFp3MvYGn0Of
748,773,zero____,_____819,8MMOxHGOZ4FnMC82dM6zHSJcT9GYq4qAqVBalfkdREISaTvbU1F2Sbj2VRBaj4
773,837,zero____,_____819,Hw112DImfsNg8Cqtzbliyd2HP6rCxBTnTKdB2ajlq
837,844,zero____,_____819,Ox0c46s4xINxIdja1gzLACCBD2bLiIdj9gyKxUMzFrZ9vijQsqmfql5iBZmM0
844,988,zero____,_____819,PGfmHZAJrLu4NVkY5MSwyqb2JLRBVmuls1oyKUs05kzU2EYqHgLbg6nTX3
0,9,two_____,_____820,acemuxTrVJypVYukQ01sj8oNL0fYKXvrAABmcd6GlSABGbi
9,38,two_____,_____820,XCAqUyCEIqi0awMmDkOmocqSxNMcUWwf
38,181,two_____,_____820,8wrYKl9Al1B6L9bmH7awxddYTGpRklBXOtoND4tQWARxN3RdiM
181,235,two_____,_____820,3Ybxifj0csdzphF8rLnlgnXxcu7icFUGTO8NjcWV0slDqtm7W
235,236,two_____,_____820,dpGApUkgtWR2Ic0h38CXVSB35KzcYqMG0pp
236,349,two_____,_____820,cUQxX7urAFK80M7zFYqAuOgb2PIgi2HjYyUkRppiX
349,418,two_____,_____820,a05tVkVOpuDW4gKZ7u4iEnL83hzsTDWU9Nnj6C9OQpPGkZ9eNaTUZ9t3QzYuLE9S
418,444,two_____,_____820,uyT3IECgvZBbC6ij1VbNl1SLVxgUUfsAhpR6hqiU3wI2hRD5cX1kKjCnIKGJPzbx
444,446,two_____,_____820,FDtUKVoVYSkGeGjtVoVkRhQYM2FYPZ2bxdUIbmfpHnpPqHTKDUhky1UIcdpjtBJv
446,486,two_____,_____820,xFJ2yj2K6uwDy6XwXJDBtJseuyZV6JdsLRZ0VRvB
486,595,two_____,_____820,Q62M5dvTqdue8EJsya0laV6yZgHHa7ACj3KSOKmVizK4jvOD
595,709,two_____,_____820,T8v8pAWNhhnVbgbRYINLJ6hVqJubk5bjDd0D7
709,741,two_____,_____820,mwsE06JV1pemRw3URLHjm3HShM8vTVp3dhndGUYtWVA
741,747,two_____,_____820,3xF6nG7tRmF8W9kB7kSwi7TGHK0UaT9vOfTg3FQJ0UsRqNsDTNshEwYKfqeHcTfd
747,867,two_____,_____820,b0i37sznWjW6NqoHtwDV0tB53vdSPr39MQocCW9dHveGL2GdZQYtHZoIu0J
867,878,two_____,_____820,FrAgU5fRANsmq2mfRRcSwrqtDVpU9fqJHZ
0,161,two_____,_____821,kp2a0AEhkfXhKW1nEX3OXUkRyZtRO0QNOB1LvhR0eCAzo
161,440,two_____,_____821,tR6TUUkj1poOxbJOSQ2LXgodbOu7prftKipfH2LdzT4tRlH6Q
440,656,two_____,_____821,RzF0rmTVJjRFRRlXEqXyd7cc7QraVzsUQ16J1CeQImMyIbhMJNCsQNwLj
656,661,two_____,_____821,uaaEF6SUFbmgOUXEf07PvTqrUoJGBg6aCBLDvhbGxTM20LlpfecTdl
661,663,two_____,_____821,t4yNoLaISwCJq9dyXNG4gvjBsxhi4X2Muqw
663,757,two_____,_____821,IiHYMKzSdcHoJn6mNNeN7G9eow9Jnfgm4e9AbsOCyEi8gEzwjDGvHtE6Rvq
757,859,two_____,_____821,jVD8H95cExMd5pbGUuiH5RjixK8vsxR4rLnV1bFoJ8zzAkB1tx
859,875,two_____,_____821,BiAkTa3UCzcXNqcqxn4wti4EEaTgju8tW6X6vHzekwnm9BlFZUKXt
875,980,two_____,_____821,xzJYZIf0mNucGPmR3imreYbwtq4oQIjsyWPVO3R
0,15,four____,_____822,cJc92sPeKxDwHjGrbxL3dgyiLFhEXWsNoWtF
15,86,four____,_____822,nOMCUv7TeizWcqi1uTiur942g5B2eZG2GbIyboGc6BCwE7iMD8S5v2LZLU5wzAU
86,329,four____,_____822,O1mlsveL8wcqIuZaW5eS7wgJlsD8V8sCNcDr55VAMlpcm
329,336,four____,_____822,pzCuLJLN9dpVBGBi9rKYdz5tRbGKsMjE
336,357,four____,_____822,wU44J1Nt86deWq1gx88k0DQuXqFfqeQwgkDiRJcw9twDLMCsjwhAtDLyvIVlbct
357,406,four____,_____822,YsnejZCGxDBzbHscgtkcFNyrwGX8l2s9B6WGWqNPFKMj6qO
406,446,four____,_____822,Ug1gtPtNs0WaLOHFDE60Rd8OIRjGZwIP51JWrAVl
446,689,four____,_____822,mEu9tqCDg51CYIbWcWdr3yhKvbAuyZJGemMTpk
689,806,four____,_____822,CDptgnJqPza5kl2842Az87RU2EY7241jT8fe6DITs7I0o4hgnHYZfkT
0,157,one_____,_____823,ggjbGN04Pf9nfr0wZh5YiqBJa2ghSAgs4BmGQkrEo2ph9I7t7QG
157,812,one_____,_____823,FuXJpnvaAq0zrcXWylWpU89bfIaoh0zkkRcmpYd
0,33,four____,_____824,ADS0wWcKgbJ9awF4BL0X5ke3w7M5zs5tnaRwHHufXzHNwogNewedaVK
33,135,four____,_____824,iygzOkVgsk0cq4c2Lq6IBzAjU3H5Ge9x
135,140,four____,_____824,foyBHhWlnxMwkEUxbbIzKpyOyqXbRK4isBgT4FHIgexbfyVra54gHVvMvnL4n
140,241,four____,_____824,SVdvawgYsfhVMO9ZMbEJ517lNdCWmek1yfthP97UI8wjW1rsb4fCK4vWj
241,363,four____,_____824,WMS5Llcnv8dv0Cii4I8q6GzVI7GcoLacCp
363,405,four____,_____824,TGicOEpiJdRaKBZkOcbPY2lkYLUYNm1yBYW8FDoIKIkFspl8xa7VfxATqghA
405,473,four____,_____824,fiAdMPifbv2iGrAZkAi1QbWvrGJMEvvY
473,505,four____,_____824,zpIvEHDVuJIf6HXh74xFQsojNV2t0F3RzEMA0Jh562XtI
505,553,four____,_____824,Yziwf7I6cDQZVrfvfwsrmuDvRGxjfyRUxoDNVyCEneaG1
553,758,four____,_____824,x94HowpAbrittSSQyCZnPq5AQUeFdy4K4hJdeYPtfMq52
758,823,four____,_____824,kfxaMII3iQL7Egh8u9D1oZCeRxgo3wgx
0,56,three___,_____825,U4a6oGbXeNlklWfcT4O9dhFHeGeCGQtbLQQa
56,147,three___,_____825,4bTiNQ06IGlD9iWJnOgicPM1B7fFAy0cvbMk6p
147,453,three___,_____825,dHtra01xfw4CKSYEOsYBTvpGrcwvEwJdMQblv
453,586,three___,_____825,4R30OheEokbWMTCHW36NWIrDEajuJAyZgvYYldUQzR0TXp2GF8adS3X
586,588,three___,_____825,xpYwImVNWSe1XXTvhrCpQLtfg2MKNaGLSGLWA1o6wc
588,752,three___,_____825,tEKBEn1OoiKruC56Kh27qdjs0OLpBk7b0dP5JcAf9eBWLtJnn
752,780,three___,_____825,uIOVWXUCEFD07ofPqKVcPkPg1DwhDDLr1LPNn
780,801,three___,_____825,gOf5mhVcVTmyabaXGOUzjdDA3Si8kg2ElZF9VuPYbDmcBXnvi
801,819,three___,_____825,tS3JRvby5UCtGnZSWLqwkJj947qGGYJXiTIsB8jA1hvZuY
819,849,three___,_____825,cROEII2A66mYYFUZr9mcvfkt8EWbMVKsSGgxH2aw
849,903,three___,_____825,6cX04jcxM66TEVk4x2W3furJuQ8ivPs8Xf841WAPjc5LYDJmXzTT78jQSBta
0,34,zero____,_____826,ffs9AQPBrDsKfY045ovxp9dtLXkxl29jPURX7LeaIg4Uc
34,52,zero____,_____826,NJLDktHi4EanqtKzzEm91oIhPUDJTbMem
52,94,zero____,_____826,yX3u0c1F5Yzz09GRVAd3lRfrQEJJLwldHyH
94,152,zero____,_____826,cWD5S3jThFkxAwJ2VCOFisqgM3bPVbYLwPKsaewcpMZ
152,262,zero____,_____826,3dWVyqO6OZlf5NJsRou2a1XGydVKMxuI1PPVj6xHycvsuM0LMJkh2IH6AR
262,280,zero____,_____826,U1WTsfQtQ2uSl1MpWdZSMImH2EEMCNDsrYyAtK1w6DOxAqcQAPe
280,440,zero____,_____826,s0dXlO2H1TZoKzbkAhvp1nOB96r8BPvW
440,469,zero____,_____826,KxJ4rMm4Gp7dAQvsO5WKRxR2Tm39d7oJ5rgDJRP6j6rqPadooeph8qB9RkO
469,628,zero____,_____826,G8ymrnldzRZxi7ZguLhwFmi7Q9Z3vfWyNVA
628,731,zero____,_____826,fqxvsqB7o1Io2x2Yi8kDHfowYmfMhn4ihmRpxYQYdCedftf
731,756,zero____,_____826,GV06Cjjsj64d4gTwnhV1qR0GziSaRTQMqajywf7dRub9WLj0y2jEUr
756,813,zero____,_____826,px1LXHc4jCuJmVKMorusiWU3QonbYcObWKOUP5m9UoSE6OrU0DNvub
813,900,zero____,_____826,kYM3upCPr6fsA1dNzqyqvNqpRNhXza5Rt2jr9D
0,64,four____,_____827,mjIc689jyz5rY2ZrzL12FD5yID8aFbVVFyMzrpafOBYBxCSF6FFNNDJKhT6Q
64,114,four____,_____827,ehq1VUYCDkdjQ78JNF8Ho7dDnfJs8aoW
114,153,four____,_____827,LZZ6BibiUtceiw3S8nx7i6OAub9NpgsVY2TLOW2eXUxedYKQQ6mtC
153,165,four____,_____827,d5elME80eZpSDL748THxVOnKcp3q103g5
165,229,four____,_____827,vueOQEJDIs4SNGgtX8WmYu01jVW2FjoL9OY9WdjDuIswQ4cdCBx
229,311,four____,_____827,6WplaIweyUG5Zx38OWcvH0m7mFHtkKtu2qGn6ttpgg
311,410,four____,_____827,KBXAbXSzip2kHMr2fCHEkiTO9YE47BcNo8w3pIVhv
410,426,four____,_____827,QbLj65L7Sx5oZ7ORDwcOKMA4WhafTMMNWYaQOtJfRwfqbcFh6WVnSU8x1HBQPTzw
426,512,four____,_____827,a28nHEo5x439AEzMtMVGSnSZAqwRPqz9678Z35anJ
512,784,four____,_____827,JZmPLP89bLkBSrviIu2sRv7YKg2y1k3fO42hv
784,869,four____,_____827,1E3XIju1gMtEKYBUgAD6auWsrOeL7fQkRTpBf4Tlzu6RW0R
869,872,four____,_____827,0lhRwgRsnfqvE7xLzy8TC5Os1fm7PzI0K9sZYcdE2aEjF9hLVg8VogWbUt5F8
872,941,four____,_____827,UrXHB7ot9wQ1DBZ97pZY5zj3MiMlimpTO6pqYgOQCsLEPKmJcDiR7
941,985,four____,_____827,WVPt1mEdXzubq6KPfOAJKecbVOzMz49zc6UvyouRv5hRtts6E3
985,988,four____,_____827,klIhInhD4tBcmxd0sLiYruPlN69bfFWq2PSk8jVc6ZSyBWOWvQrkk8g
0,266,zero____,_____828,tUmEZaDmTq4ikSMU1aYvxvMsb3vYs6sVXfZU0JF2VLpqRHESl3tPJJpmJ0kZ5S
266,280,zero____,_____828,qMSbN8szHIMAqDRWizRcNh3mEgBjZcVrgxtP0UW8Lan0yq
280,334,zero____,_____828,EkbbIl8sE6UHScx6DFRfjNKiaGVKWT61s5t6lDN4O3KXJSv7elwo55DxCGCxgzL
334,485,zero____,_____828,PgYUvDiBkOalQlywN32cPaY0IN5uXnBCaED2k46z3NfE4C7MwWSyvbJc3IPJ3q
485,525,zero____,_____828,dGZ3RVaXwYFlm8zNnLN4yUXQQGdadcV8jvjGn2VX3O4G1QVqM
525,676,zero____,_____828,zsCXKnTIaMLlyBuBBdjpdIFECUpnTPWi7dxd5EWMo1p6pNdw
676,686,zero____,_____828,yasqafF3vmEb1gkj7vyafvO5J8fgvCKou6oNOUUUfDeuEo1QU
686,687,zero____,_____828,l6XhTp2oAr39RRGeFO9s4qBeScNaPPVXMuDrdDCjgZ
687,731,zero____,_____828,v6zXzqVA0rdL3IngeVjveqtKTYxQS6eBS2kwzFnvVrrokobKHGWTBxAWeJSvVtL
731,806,zero____,_____828,6wCbhP6KjgEome16E4NZakERRTO4wN2b
806,831,zero____,_____828,kDRrWvkIYDNFSFLcFBxsdWYpfjzgU7krAyNUAHOvZFMeQa3gKarbZOWGW9TJ0TRZ
831,978,zero____,_____828,UUzAJmMWAy6ehrGUHBSLICfL9oR77eGjDqdoRV
978,989,zero____,_____828,dx9tDSL7oDD5DPwtDIT3FnPUnuEf0LqfNV7MXs3W4QDwC
0,15,zero____,_____829,htwe0U2fN64wq3wzNGVV91dERswt2JBYDCqxFN81R3xQ4RjHaPy1U4WXYT
15,325,zero____,_____829,6Hm3wCnfZFDoKqWJTsTd8B9Oqd2BA02W1xFEaXbYezk4yys2
325,516,zero____,_____829,zpx0DgIoMoGE6OCQUuZhGJJsjm1H5gWELL4hRWAyvyP3yL9Argg
516,616,zero____,_____829,UwLwonQhEdGyDioYVoeDESGZ9UR6zL7QlPN61
616,625,zero____,_____829,PZrggS41DuxOfOaA6IH19WVnbyH9E1GcKFZ2
625,740,zero____,_____829,ZI1CD6CERCrMmZem8Jcxjxl7NfiJiZ3MpSt0bj2nU
740,769,zero____,_____829,H8gFWTZf57d0C0ZbseYOwDHdavfY2McZKjEzBy61S0jO0h
769,850,zero____,_____829,6DHoWeIFcm1vDxqXI3OHDlHbe4nwSpMUioUViYqqZUyuzgFX8n2nNxD7CJZu
850,899,zero____,_____829,dYck1eSDebEDtdgMNmgKV8SDe3zH4AkCfNVzRYkrnIF
899,905,zero____,_____829,kRuY8YpOoTbdBuhAAr4gGNzTHEwhYvgxQ1NmV5av8U
905,909,zero____,_____829,PwziDO8q7cweky9ITJzYrETyZeBAprfnSUaQLQMs3w8n9Nv
909,980,zero____,_____829,4aZrpHSvp3p6xfFx1FvU2E1xOFnbAf5I9vubhaKfvse
0,153,zero____,_____830,4DpOGrt2kNJNnDUNAKuPLxfsY2Z1unDDNY
153,435,zero____,_____830,gRGI3qzb9eLcBQodwhCtDfHbdvI3J20coiXV5PvpkmUizXp
435,610,zero____,_____830,dR4YFqFEVi1pB58ID9lxLcHWvQz28Bhq1h9Yq1aJOjVErhFlBjKi2oOq
610,710,zero____,_____830,LwARnhwxLiV7feEQamftmYEIZvozPAiq13ZBCyGt8Oly8enG1jQLY9
710,831,zero____,_____830,N314wfwRXfNknjKr0TeOD46m7c7sJl23g9G
831,846,zero____,_____830,qC5BmNI57ahBu5PwdLwUEDcnSmpWKc6IUuAkBkL2CM2bPj
846,848,zero____,_____830,Df67tX2WpqcUU6McK70isN5DcYGv8e5pGLk9yH6bqtaId6i5TwB7nUe3QCd
848,937,zero____,_____830,ULIOllELRJu4zDMAOuwZSb2JjjAN2Y4D4o4uE9pjb2fZDZtRE
0,108,two_____,_____831,mQqCidYnIRgGkGg36jO4aSY2WTZBNlANvJ3yYQdpVthbVSJcpZP03AiqHPWVu
108,110,two_____,_____831,OU40BwtS1XHZllmOAXa1aLZ1g1hji87LGegQ6Sn
110,400,two_____,_____831,RhLKsdWDhDckooOUh4H1MwHzO39Ah4z8bDmmuTyMdr4kyBK7ALMUqNKv7Ukuu
400,417,two_____,_____831,Wb3Ja1TJO3bWPFTRs01otFTc8Wq6LQcQMyTn7OIW72r
417,532,two_____,_____831,CDHSl7QWsTiq965b4Jp8hydQQueFEVJdo95Zher7x7DPOqC4DpQNzk
532,592,two_____,_____831,QBrKErIJi6816CTF38Nu5n6dg4iCcGyY4OVt
592,664,two_____,_____831,mKHjT4an2COSvb4nstE2wxXno3t6dW3fC
664,680,two_____,_____831,T1UMRn827A9Ci7vzA24jReK801NX8hgv
680,712,two_____,_____831,jLTfN8Qlya8PyoJy3CFpz9gQoyU2WI33PsGUU75Lio
712,812,two_____,_____831,UWTkCep7aO9FkWtJidyL9BC5iVIZEutUochZ6nctEdhQLH
812,952,two_____,_____831,vOsiqgOoXSx06Zczk9dDl1TBIjIC8q59h
0,92,two_____,_____832,tswBaPV6LfxpNwmuI5kiE3n3OSg6nbUuEqvFz1
92,205,two_____,_____832,vcGeUmHASe8sz8DnE1cqveZI6XI7ynYuUGHng2ePdCtZ2mFdLZ
205,549,two_____,_____832,FQrE7ganFrXYTChOJYWuSvZCQf7yqDtyoFiL6RPxR9G
549,845,two_____,_____832,3mcZ6e9wsvBUNtgi3Dub4QkTCDwLRkFVphg7uH6OH
845,855,two_____,_____832,jc7ziVRlnTNoPiGCqYc3DiAKFTy5PDEdtgdJAQ
855,863,two_____,_____832,6EkEJe4aLSYyan9Mfm1SWKWA7PIcpEvZ65
0,87,four____,_____833,WwJGYk7U55USYG8avNCYSYyJpFuChGRGCv1auguG1XTutbGfSHInF8bxMW
87,384,four____,_____833,pjrkLmXAifFwUI9Fd1PWRfTC3hpCvw9uygUlUS865QRCm3mjg2t789VUd6VaesL
384,625,four____,_____833,PoCT3uRYJ5AQccJ7wQPXXZSYWsAAtaCNHCCBKNXHeqg3iO2F10TJOoF5yDHvqx3
625,767,four____,_____833,vnDdhbrhmJ1vxneinH6fz6GB3ccaxnE6NzHYEM7f4edIylj
767,799,four____,_____833,m1WbKXTuhX23DwTfdcHAD5aUQvaGXPyC1nVyXsKVcMvigyc1m74HhZCRJmN
799,847,four____,_____833,oVhcZPBUOLpTR25Cy4f2XYeoGFxeLlLF1lwehzTuTWJkCkeh2iuP95g
847,946,four____,_____833,ezSI6gDH5crN46XXmYLJJgqbiHJaZZt0QoXIa6DVGlkzPkxuJKtL8y
0,46,four____,_____834,e15YMPVI32jIquO4Pbo16RzCIV9P6RQHbae31PMalTXosArMDdC7TPfQu6g
46,161,four____,_____834,744OPdSSJXWq3GxLaoIim2TKeryfYvamY
161,194,four____,_____834,u9ZILZd9cSecONtIe4MT1H3uCDov6DNMLCGFSpgeXzrVVoJx7u
194,278,four____,_____834,IEV4juhMlKBZ6t2s4lvuEBwmcvp1UUn9wWcRr09
278,305,four____,_____834,HsuphvBkIpsX90wyeNQH869IIle1dBlhBay
305,345,four____,_____834,rMftvhGn2FdZ77oQQtF7MWEkVBHcUVTdyG9tA
345,396,four____,_____834,i2M2WFJtzTa18KvBtPGxZJttFodWGN9ozcNOXzYMdXMHzXPZPS0ykEvWUfTFc8
396,431,four____,_____834,rdIx8LQr08W4BeCq6q6nyyRypWN2i9ib920fNEpN18DDRafwXV
431,760,four____,_____834,vppK7Kqv2vUnRyV5ziYDE3RcmqnTM3okKWVO1
760,787,four____,_____834,FjucxbFwODdK2dwp6MLXuRQgH4LyuYDCPb
787,789,four____,_____834,ODMebda1LxZs7WFlHU5LYuHGe41OiY3Pw4V6EWHZ6qlWERGEFWW
789,791,four____,_____834,noKWgNI4y67QezqLc9BJzs66HgUJhtYgBlcsb8oqiH3Ca
791,817,four____,_____834,QtvKeHTTWXleEn3abLn1xL4MNkV2Og68gKUxb6QIYfwqLPi5olFAGYDgYP
817,919,four____,_____834,ycpgTVk3qiVT1DO2P6kGm9HHB4XZGCxeZr25lzMRm
919,931,four____,_____834,wBhtg6P4WCGC5NOfyBOkaSDpw2QO2W54G
0,61,two_____,_____835,uOtvQIfNRQAw9vLcry781HbDsgIkBBHoD54JFO
61,102,two_____,_____835,lhXvSfWA4IpvSjALCzyLWpHjaOxLx321Nm1zkBp1oCCTut7VA
102,145,two_____,_____835,Z5YynDzjSA34DcTAtHrLPd5pnyEHHCr5mjsp9pyfVh8yXoCqvpiDH
145,256,two_____,_____835,yjnjemfixWVVxchJKqFZK1PGAjNDTCQt1FnPK430He8JXYKYvblrIMQjHJiZ
256,314,two_____,_____835,nWlQyaIcKlJdzb8qUxAMcyt5EA2lUwOoKDOBLULVRt2YVfMzaRkI
314,334,two_____,_____835,OX8fb98ddR1Bz27rXHBGQECF5Nk2fSUR
334,524,two_____,_____835,IOkWZr73JGljtzS1vVCzq065sbKanJ00F6rNn1d50Bh6WSYGQBtmsVVqHc
524,600,two_____,_____835,5ivTojpYIcOWsg0HOb76U4Nj6piPfKph
600,680,two_____,_____835,Pfgupbl5umOgHvFmFI8EAMiGQzZdOgzk6A3qooAtLP
680,733,two_____,_____835,C2awO5Eie6RCcAN0mBCwBTZ9bioHrC2dc9BuIYT7DcDgmxdUKu0Iw7jIp
733,767,two_____,_____835,tj1LcVaRGznZwdJouETMCPW7H1sYkg3NUm5zqulhlOxxkyEdPE7
767,879,two_____,_____835,hlxtCOAAVcQdUbcJzvQRXIYM3jb6nXnqwbt0XARqAXmdFNp7cWX
0,78,three___,_____836,sRHMO56JYvxhEfamLPgrr3jbIy0BaeDlDeFsTlTj239oyKylkRqLkCrPQ
78,174,three___,_____836,AnACrxtyygzc2PBZ9JDEpXjyczIuwHbMarsitaqYy
174,250,three___,_____836,sB6Nu73R7ZtOsseM0h8WMZMy9WeBkqHSFiJItVy
250,296,three___,_____836,yKlfVDLClUezGMxwYSEsop3vHVckRA5Z50Xp2Op3yXdaNyZgbp0IYmVN00P0
296,603,three___,_____836,oAkYrNryxfRum3f0bef4cTuRt1plAkZX83HUbIRnMKiuYg
603,614,three___,_____836,FN4YrZcNKzmvmQywcO45JZkx0oR7QNjJg9aCTv5
614,673,three___,_____836,AJUJDiBZTmE8dYos9En8Izv6PherndzOr5Hr0GFo3vbfwk
673,705,three___,_____836,sFwGThjtVm85BYI8JM3PNLzHerjTvjd6mdNoTlzeqBU9damjZj7AY
705,811,three___,_____836,0mMQADfKS391vcLKrAJ3kt2dkmEW46EUIrV9c75fxP3XEM5
811,887,three___,_____836,4DkzOnBLRlRBhJOSpVJNjYieStC4emXctuLSrKvLCVdkKsmuf46YWUy8JLWtsS
887,956,three___,_____836,1d7leSgN77gvCsEge39msmWtXwMFBpT5Ea31qPKXsDtKnIE8etv7B4aRKd
956,964,three___,_____836,Buc15ou11mPvg5ASSq9CGZJNtkmBzVVZMJC4TfePa4sS
0,175,three___,_____837,KajZ455raIWn68mG23a04wjAG1CYxdSLfyF
175,181,three___,_____837,ECpFHTIXKgm4TpgyArUhfvGzRhDCqS4xqrTGgXhb0MpRglHr0BQbCK
181,382,three___,_____837,p1TAGzhic5vUVs2rvzj0QVLQMr8bs6UvCkSPacXRivFLQD0qy3g1ihl
382,418,three___,_____837,XLbHTpw15n7SQFrFPsBQFqhAnsI8yzPZb8iVlaqwgz0
418,604,three___,_____837,YM6iuieFoDI8dgkvbpmrhVika1IZvK0SNSDPOlL2q
604,681,three___,_____837,Q2JWI4jYQCn2Vf9VuhtjYAjqwHAcAKC5t
681,807,three___,_____837,JECHDzHTzbahAVqAHwAnigXDYgCvtEWFwa0JyIYuaF0HRu
807,914,three___,_____837,0o6foqaloTGwKz8N4wUt8yTVqIGAuBOKz
0,43,four____,_____838,9mvNRQ5Eo7EwQaye8sVi3p3gZzfQebMGKJlH
43,63,four____,_____838,Gi228C8S9sv618AuW0jIU2klsEcoJEayqjPY1ZUxzLFPXT3SeL7sDTTHKoI
63,72,four____,_____838,aOu7xfL5W7yVyb8NChfG8Lgva4yyFEb1HB7fw
72,103,four____,_____838,S509R6vnq9m4NWbozDO33cy6W6zPVPM5xKa63Fmli1LBfRKrv17MpaCqWrkzI6
103,239,four____,_____838,AnDSq777mremQGe0jr1fm4z98h1I1XmR3sIUJI34ZVRnR8EwTNH1m50i
239,324,four____,_____838,wuokIpGXaosUVZUZ9JnkdYisZgJ1MbS60FIRC8W3vaDOUkBP8R
324,352,four____,_____838,P8rll6JPQ624u4hPxFJYXfMq817OJHqlsaVPqnEaXGI7ELZTDwgcDxynZCCCZ4
352,383,four____,_____838,qCYfxc9kyILrOXVa3IPWEX08nGpmDSeqQ6jTBTeDJ7UL3sCF7
383,481,four____,_____838,tGDWzyeqgIwt2nIYqinJoxem73Ak6ZbpMzBycLpsMAhDn6fqYrGMnC40lwIR
481,613,four____,_____838,mtWrI26cJ8U3qqlKYLysjUrmpYi8czAOePfgYktRIl
613,786,four____,_____838,yS2pCHzIYjKuhmva057S5yDy9TNFatTlWnLQjoLy
786,826,four____,_____838,TM2lq9PA9h5BWi7unfY099YMBhEFmw57SoR8KrCghnm36WikDfhlGszzvhyeJAH
826,947,four____,_____838,ZHtl5ExIf4VbNXxuWrQUu6W9jsfe5fw4hVzujy8i2qOF1DytzzGZJy
947,969,four____,_____838,Hyuc8gk1d0OYqv32ghByxYDMzF7SChaq
0,109,four____,_____839,CfQbqQAI6ayXuwln1x9A7GU2M4UamiVpfNFcEAWUn1gvz59pDWsPkNlOrVq
109,187,four____,_____839,HdJ55acSOWbEXj5rtnyA0ol5yoEGbUduChwaveW9JoeEqAMCCOgYp1y7Pbn4y
187,219,four____,_____839,k3lJOv1wwm9LEGAWYGAXAYanC5Z28sQ2ybAc0lLV4QZuRCYYASEhbh1exYSgZ
219,283,four____,_____839,IBj8STO2Cxt1OOCokm9rLr2hion60iZEdWJC5ryIqt2X55JAxyJDsbxNFjV
283,563,four____,_____839,VhooUwOLxX0mpD1urimjn96qkgYkU0Zobi6DeviaXxCMVXoZbRuk8QGijpt0B6tJ
563,626,four____,_____839,flq0YUWXCMWnDRQRdMt3Oi0GGfhTONzvqI2Tsnin
626,633,four____,_____839,lmuYq32yv8KSAocB5YyXDMuLAeH3xiY9mXVL57qi
633,682,four____,_____839,u8h678nV4Delgqk0sBX1uapHYDLK5ckgwWyNHqiCRWmzGHqIfwLt
682,754,four____,_____839,j0aP4HizkaOGU2936V4aJw04fzaEc53Pvca5bWa
754,820,four____,_____839,uCaai6ZnAZMubQvHO85HC4CzX6hyfz8efsXQUNI
820,829,four____,_____839,yQncGWVGyDTIt9elXFXHg0cReLEjbyJYeySBFA294JpuqQrNAnwMHPRF9vA
829,830,four____,_____839,4uVILm51e2EJVi10l6T3veu37lbHCMSCNDgy61hSBVzcHBKkkGKkPNP
0,51,three___,_____840,dnOELByvE8UIQpHieCQ2aDbkGm0FXVGLIeXd6pR8iKr
51,135,three___,_____840,A7GrI5nSwi9M4xSLa9HAs4zZn2Hc5jg0MgDKZ3SJX6JxO
135,464,three___,_____840,IYI4VHD8vvd0B3j98n9cxQL28lo1x3t7bpBmdJVsKDqu4AS9AGObjAO
464,510,three___,_____840,NnFw5LTwFn7eI7CDaKKqmgODzJ4mcvEQgea9mPmknDN
510,551,three___,_____840,9vyIU46Uvvf63gSqyMoe0XSzbehkAi3JyKZa4HKERzXUYSiXyKwZfS
551,982,three___,_____840,rYUpbtUz1IjNZuCYtRUBv28zRqZ85YzddHdFpcgykL6wtiP4ss
0,20,three___,_____841,204k6JhW5GU1dHpkTObLIGpgucG22jUeJXB7eAnJbhreYJMlFCFmRIcmC
20,79,three___,_____841,wJiuxtIVkRFUnEwOhMrqmStMTrmq79k4cUZaQN5qxdE3sYrCMsAtUCAjzH
79,240,three___,_____841,aQlEsODZnre96RuVWPTWXrjYPLiim1WD1O5SRrtU2rPDPeg
240,471,three___,_____841,szMyk6HEiT5Lw1Gld5y4fRAlylMHerFViS1prhW1VXvYzly19x4Qol
471,494,three___,_____841,Mrn7EKf3zdQ5eIl8ckcRgJosDcILgRM69ike3NJ7id
494,556,three___,_____841,2NMvA8n0UF6w96ZsLJhsXbUyMEIxZVD0bExF5JTcZO6RUH
556,594,three___,_____841,bjE6vKGVsfEvu3HH0SNbWsQi9IXmZeYPPVMus7GonCg86mQwxMOmczKVf
594,675,three___,_____841,atYZyUFpvu54uRsoGHYlLC60nyl3kO4UlmDn8606VbW3d
675,689,three___,_____841,798AP1XxS6cBiNfzhSqfL9KvDuBprTu52nnfn98wJgT6GAorqBPqZ4Rvc
689,821,three___,_____841,hfqNH5r41sxmOKhqlHZZjcPXI7ZwD5NlZJ7U
821,864,three___,_____841,vkIfU7w0RccPSshcxm1tbYzMesfbTQNKCEh944SmliN2vmcNWySCBbS6m
0,29,one_____,_____842,Rm4Hy8b6chAYNQPBGGKU8VXyoXJPe7v1y3UzLxA
29,212,one_____,_____842,duytWBi3b0UALpQ3YSUdnhGjtT2fbljyv94IKwc3Wm3T
212,277,one_____,_____842,eYLZc1Z0qq1d16oqfSB8wzY5HhMe3H6O2XDSHRjMUsYM
277,326,one_____,_____842,ENJMvxoIGHwXFHI8fMTMOvWVWp55cnM7CfloW
326,414,one_____,_____842,y8jJEN8GaPz2q3PzmdfiRbBTjyYokCwVqa618vgn2s7p9sBh8rKxHxKUybz0Vmfo
414,439,one_____,_____842,MQe5cWUU8M84b741PjuUTQYvQMuQZ3ZQ9USoZENNNtfn4R15tGuS9mr4LZR
439,784,one_____,_____842,qMSvHb0fs1sncoV1pp2cuoQt4OnOLRJiyvqBHOc87dDxIJxVhJ
784,857,one_____,_____842,yVehWaDNV2duMb8SvtCViWwMQQzvBzOxopa6KZkhEXhyJC
857,875,one_____,_____842,gnodIg9Mr9N2cIooD75TWCKID1k97f3XE6Yw
0,34,three___,_____843,EAqHzo1vWkcTXnAIL7lgstJCjJFmjpjo
34,174,three___,_____843,uAIFE4ChB9tOp5G20HM7Cd8Lz9CzbJBvJqFIphWyyCEfn0FpyZG7bTi0
174,185,three___,_____843,4BTshS6U2nOLDfPXlDpk4b3BzqCDLab6vSxBzXEscy2uKy420Eue3ny
185,199,three___,_____843,ojF3rd5OltxeXKEfW3wtMT2kXmUpTL0GhKibt3Zcn8daE7x9TEYJS
199,320,three___,_____843,nITvus9Erg67wvdzIkk1aOH7Ar6Ijt5A6UJMVwBqsmVTVyAPDaJe34h0bR
320,431,three___,_____843,y1FKvstJnLbKxXla03OgUyW1okZuOp73
431,547,three___,_____843,lC3eiTobkZjwkaqJOYK8In3c3X1VIzM1
547,718,three___,_____843,j1blaGH8eQDkAdxQZFC6ExEogO1OYDcMfmzT9LaOPygm
0,27,four____,_____844,hj2j9UiyEPvoW3ncmDwLoB7OVwOTfh5VxCz82srCNFdmXzbHAoIKDwC
27,158,four____,_____844,J1VgqJTFp2ribUTOuDtBI8TfoVgTleUlFYUgB
158,359,four____,_____844,K9Bt6GMy6gBV2IKV8SB5CLKczW6r4YPV6R6JcswtfTg
359,471,four____,_____844,D63mNt6ahhyvwq24oF5nI0Xx8Hh4NdFS1M
471,478,four____,_____844,T1505ffHR2wVMizPnT9XIfoKPCmDsqeuJkfnndtNQbIDXYV91DWIJF5B
478,676,four____,_____844,Hn8awLUPYTXCGe0qi3eFkY4rcR1olSMnUeZQ37HEDbhCsqHWD9NUuPvEdV4tV
676,760,four____,_____844,Q24JcoYGUphtVDhvUzECm9TYeuG2xSqf4vbW5VrhDlQ5
760,833,four____,_____844,t739DlWmrhV9CIeUAIVtpTqEIHgllLTQxjkYQKVlo3
833,889,four____,_____844,cXpZEpQDUOlKndPckwVUyhm2WRPCMitivXqAFgAY19Kzy
889,914,four____,_____844,SsIQ3mK6wJBeW31aQOqIuX7rz65YsZwenacWGFBVI3BeizrdIemOgfqwJy2gy
914,914,four____,_____844,qF6d36npe3pKHtUydhQuyRCfvZWxQc4YJr2pLcVZ7TMSxmTlSdsF0JfRr
0,1,two_____,_____845,8cItkX4bBIL5ofVzbBHfrgkCU0NkHDs1WRjkjQW
1,112,two_____,_____845,S2WXJxDWaeW0BlCX6YXLTROwHmEhJbZ860OdXByf9UwsVsHy1dqtRunt90
112,285,two_____,_____845,PLJSXvi2PJGPAaj3PgrS9cZQN7cDmYBHH
285,294,two_____,_____845,PwyzfgB8ynlDOnLsPjZBpsx0knroOvmAd1Td8DQLavA8G5
294,359,two_____,_____845,hWjXic9YailpaPjxfIKvFIg5YVQW1Gy8ezpu4dF4fcpqlGpeZZblIry6Dy0TcJ
359,615,two_____,_____845,ISUIAOYuqOyqBSLkAHhvXE8A8ZVT9mT6Q6vBl7FxYPXexF6GyK1n3ND38
615,800,two_____,_____845,iqQThJn5JMLHIJtuUXpQD1hqPf1Vk76FIKQsmEVSCNHC63cxesRQUUwcBo
800,801,two_____,_____845,71HjAuUbvHQHmY0jZvLkCorvAiEkEcUuOabnSuUFmd
801,885,two_____,_____845,NXefPwj2RG9IYI0NTIbJTYGN49DPipwdtEp
885,892,two_____,_____845,5Ypc6GYGytdvBIfBU0uJ9H6ExDK8sr5G6mqTvbnW9vJvAsIoXojNl
892,975,two_____,_____845,gwXZqE5IpwIUeoFMvNjr7NqPbYJ9UxRxJl1j8jAyX9dgY8KEXa8wC7L88G
975,985,two_____,_____845,O5lABvkAJDVTzZ7nYbHBJpc6hqJon7fXbIdqNojlGymNDaurrv7cQuYhbZmzl1
0,31,four____,_____846,vs2RUY71MmYMYt4vwpPwto7czAm7ybUOZqngajbBQd8YXDHgqLEGOEq5bBhXDYl
31,47,four____,_____846,lqYAxgvTZG1FeGh2BsFgMH7IKi1yOsQ1ca
47,135,four____,_____846,8C1Wrjivss0ZZuiUoj1MbLCjnp0PtkZuyJv3QWW
135,349,four____,_____846,M5G7uAZ26bWo0202HKrUCe3PmiAj0yOpYI4Y1xqHuw
349,361,four____,_____846,6dpJoiNSHTzvAEpajp1wNfoqD1FcUlgRy340woBYE3pNKMkqaT9cilYA1
361,363,four____,_____846,UoYka1nLD8tkGv8QSy9OtNfhF0aNi96kJRHfOLuRV8Zqi9uEUaqzD2kn7
363,431,four____,_____846,YtD0oZJ8iXxpSZ3yP6Qv46vN0SIB9ZLo6iMuNc8WbJrlGzVzYr
431,606,four____,_____846,XTH0TFymWzdVcX0aENihhcL8qEjoMVXCkq6r3J3QLCeonBVJZshNPtqF8P
606,631,four____,_____846,1AiNdSPIgW4bMifGke3KyQxnxurW4YBprFlMu
631,769,four____,_____846,0LlIpHMbq561z3YZsQQkNClCbzactRECt78nrindMQdOnyXT
769,999,four____,_____846,qK1TLB95EKZiKeJr3pNFkH1lbsZxms0f7CdBILIQDelpxVVYW
0,63,two_____,_____847,UKILyLvTsTi0bnKrIyIuAuPW5vexdAv1U6YjqYTSRzw
63,98,two_____,_____847,qe9vH6IjHE2Epk5GXEeVJMR8JagnhvPJmH6qPLQfCCeqhK2yF33IzvkD9KU
98,123,two_____,_____847,4ruBbHJ9ToYJ3nQCdnhRol2NJuYbufXT
123,155,two_____,_____847,5fdqiUTJO4vq9p3RA4l8CzUMT7lvaAh6npNw3GNUlgm6gzze
155,414,two_____,_____847,gKGkncz4iJhiS8NOEGEtMcJndhUbl7KsSKhUlfn7yFyS6re8fZzpXhhlEhon
414,422,two_____,_____847,wSzMkQnnV9x6XrnEnvevh0wMjKpGFOW9QgoTGe13SWt1FA
422,457,two_____,_____847,CKFO3uPHYGyINqh5rS6eIpDsctQju7eC04TABKZ5nFEw2PYgjEjYyvyfFBcoqS1
457,543,two_____,_____847,1DSK8WPLais9gJkPU3IApsebBFYYD2PQ6P16jmn
543,605,two_____,_____847,Cktg5bIyuIRE2Cep9qORG76lKqyAkOgoCCR1OIUwW
605,786,two_____,_____847,oY3zJwXXjetSSv19F9KIL6gYQtPpArrYCtJJraXRKCnITrk08
786,856,two_____,_____847,9v6u75w8Chi8mCmTJVYAGkUxBQoEAQMnFbq0Ju6mfqu7MuxuQpk0kmfhDtHzwY
856,867,two_____,_____847,4gWZSjNoZEVYyLCTGK5T8D4SUZJwqbcy
867,997,two_____,_____847,2sP42jE62l875hBUCYGtb1nac7RRBr7bsQVupoApD8wmceKDGs2u
0,51,two_____,_____848,PVpXlk9Uz6uxGH08EcOfTWkiWOP57yW7yJnqI9zx
51,191,two_____,_____848,5MqIMHzEAUj9gd7A0OjyRqrJSQ2lnxMd0jsIkCmL7yCKRfbRUlvJzQCPis
191,201,two_____,_____848,2XZMp3jGL3wVeFcefqyHdPNxArBZWa1WNXkdrdsW4g
201,268,two_____,_____848,YAmIrhbV5wc3AfCL1a4AaLzWifWRuG9opy
268,393,two_____,_____848,bjNiNy9BLK7GMWAdj6M7UO33bhPFZ5Yqfc7Y2E5MoK1F0kWysbwXM3
393,469,two_____,_____848,mpIARWolFTjEBr6Sez8qo3n6prvw5cy9imAnz8vzO7G1VUn8xN
469,511,two_____,_____848,SqKFhpSk16lcg94N4kX8aRD6cAzL7ihaYAQI6zP4XLToLr8IKPhxpVyKF6js2w9
511,630,two_____,_____848,HzFv2E20JlSfIud1LYm5y6lk6AhgOG0BoQeZPjyQoey5jF93ydI66oNERdFDpXB
630,806,two_____,_____848,WUWsTvJJU1rWo6yek8mFS83VFaHHm7xGsJEZtqi36oD1aHsJUvkqzcB
806,833,two_____,_____848,5sKus4M74vZbGGTTD9dOsu36GaU124tJ2dF6ph4e5Hu8cWwlTlEtx3G8
833,868,two_____,_____848,YTQVvqjcgbpQKVwRzzKANa1xYTC2yQBZjFlWnpavyH555Fj
868,949,two_____,_____848,tpZZHNQrxEDKiCICpXoGveqt5bH8xIEdGO0yW3HWwaTEBTyicniw0
949,952,two_____,_____848,roxJtELEMGv5aI425UFG3WsiKH27wLa4rVUIprnQwk1Dzf9B6mAJ17Vr
0,8,one_____,_____849,1gDos0FXWwpnxzSDc93VAWykNzeKI74pt6kIhvxnQzTCNKJajqrzrq
8,73,one_____,_____849,fffW4z2WtkKC4nCsZ091a7XaFOQlEXYTHGgbESPEYpfD261XcDphn3ijtaO
73,222,one_____,_____849,PIKC5RyMcRV5BZQnCARgG1kGbYhNNSLSJkw8mjDlQ
222,271,one_____,_____849,YFSgzS5gaR87K0yXjJZh77rITf4VBhu9XUZQ3TzqtWwEM
271,326,one_____,_____849,YBLTMW1Ez4ITdGWTV8Tg5dsqQkTZhKpfUp
326,398,one_____,_____849,r8z8GfSd6grXGbJp6bLxi5HIYmI4hgoIL1B6xzOSL
398,641,one_____,_____849,MV3fIgsjmkjGQnAOPOStpEuNPktB8Ydtm9
641,759,one_____,_____849,FUwRVOBC6E7rpUH2IFEk7Y9sFPD9TR1qzcvzrgw0xHOQ8oQJr8b9FfFKGD4
759,795,one_____,_____849,4LLjRXiDYr6ecWBsspW4Ybmj1vUGU8y1qIJg1ca1IFLDuVAZ2BFtzwGr
795,891,one_____,_____849,qr8Zi0VC4XuRATlFVG0WS2DyTKWwv4jY3lqMyR4fuGaG2CXCUC6JVl5WhTGpRIt5
891,937,one_____,_____849,scr96DPlGroSxB9DgepadRb3lGqvfek7ax9dMfw3B23mxWX3Q4TGzr65
0,8,one_____,_____850,vOxGXtXtuZQJaSj0pjPDP9pEsZOJepPcGopiR7A67YjTWyaua1XBEhy
8,140,one_____,_____850,udFvsMzkrOqovjyEfKRbIhep2AJcTqUGvLsTGWaZIGn6tg
140,211,one_____,_____850,W5g5Nyh9pjaZOW7kZZrWoipoy1QqDwvQlEjfuDwzeYjfQmL
211,282,one_____,_____850,bBZf76MNA7n1HErAUSZISUnitV0Lcj9H5aDQ7czEdX4xLn5EOVMxN2G
282,367,one_____,_____850,jDQIYkUDKQdumvwIe0omxBQoGrglC7yj9yl2kOk
367,367,one_____,_____850,DwnXuM3MNUzxm6IrUp5cNNzwDFPlV4cKrmgTmAF65eNrUXQY
367,379,one_____,_____850,QiEzbya90Cf7cffViMb0HwYqy4nYlXIG6GTN0J7nqcE
379,420,one_____,_____850,deGRxQxHiQLzBUQypQOaJ7FrESrlAg46ODkUAFhSsMcX1TtXpRKziAI7qpWB
420,481,one_____,_____850,akV1WXeoBYrsMJVFQowrtDpMy14zO33B
481,763,one_____,_____850,ZxdZijIHsbtLnZ4BQ5kixScMR4mOxAJhuDMxdozw08xFdvaXaOUoAb0dYw6
763,966,one_____,_____850,qlkY8hSrffOoyYIJAfWwpVC8FDn4q50X4F3t2uWMi9FokPyOZ
0,12,two_____,_____851,FcZWo4JSj7hXrXjklmUinL5BXS0uLYbUCSwoBgQ6
12,59,two_____,_____851,Ft5bXjWpXjHK6QU0TCOXSg8fQkMBIL8LIgr0ZcjK2No8fV1c2HXGb
59,158,two_____,_____851,I5IZiGjsXC9J9E0DCFP3NmQHy3TYvlMe6cIQVMfpoFBOuRRXw5VlflxClC
158,183,two_____,_____851,UICdvfBzmcpVbdKwpx50LdM4lAtmGSw6q3Jhktyk8AJdLEG5
183,254,two_____,_____851,fVyNvipIU0rorpkH4xvZ5Ax9jnhSclUaPRsnROU0q5JomTwQGZdo3BUWA
254,422,two_____,_____851,R7ZpkOyGa5f2sZgP4kdG3kEUwMuEaEHi3zZVzeHT0MPSWTBUSNS6g0SKxjFNJ7fj
422,811,two_____,_____851,aqoVnFScZHo9PNmKvzTIfHDrHMU0V1mgNyK6RLjrtmybG3QyEcSnNAz
0,24,three___,_____852,nUSEhjzWW6BRNwO44XWtHbYF1jEGDUlD
24,70,three___,_____852,mD2qhr0dCKnDZMCuDBYLqzGZg6CXUVDnEHlhy4OlIppOiCo27nRaMvgaIRTIr7tX
70,102,three___,_____852,OG9U0uw03MJUKXDdqYbwSIC6fVdHXUYA0DuXKWWeEG1K3HdfCJLY
102,127,three___,_____852,4QCH8Uf04X2ck4g2TZuclMs7uGIhfzA5El5lJdMvXb4m2FJvzhmGHr82T0
127,135,three___,_____852,B2qKfeohZ2NkSaUqp1eaqVVYKiyiwsHPVKfWyvNP02yNviVUde
135,149,three___,_____852,WpG760kBHmwxCiwg3QTQlbMzHWeRoqGlbx8y60Q5cIAyKgEtVIpoajWEEzB
149,223,three___,_____852,vqIEVsrhppRx8ChooYasrNRiLApsPgaK60CPyCdA
223,452,three___,_____852,20PFWy11goBcdKfRhtjNE3UnRJbhBSBKlo3ZgHM
452,466,three___,_____852,NiP0s4p6RimKFCsK9GR7jGfxWUaXSb0tFIPreTerBO
466,497,three___,_____852,r3o17S4pq41Ihl7dmIdf71yR6ehlkop2w9nAaK73qthWy27riOGT
497,667,three___,_____852,0V1vzY8QacqMeiWMQY5CCPyi0YFKHRIOId03lKdZCY7xfcC
667,722,three___,_____852,VZHM2I79pBW3692a8qSKtUVbDnrIKGcve
722,775,three___,_____852,9jRNacF14AeSRYJ5FiLjplz6PsHAnGW240BiPrRTs5VXOVIjZlrFSgYgLlT
775,876,three___,_____852,U9DsDuPUVgBqUxeIvkRDuGpJJb3Q0fiI5v3bSOs0C6ggLTilEjhaEA5BuJ3QqI
876,931,three___,_____852,fvBTFqSK7BiJumSJ7CaNC9EPUkUsOw4slBn7D7abz0lrVnGnH3lNCD4PCQULG
931,963,three___,_____852,nD6qM1bQ7sdKSTlUcen13f4prCP9xme5o37gHDM2wKtRU
0,110,zero____,_____853,ou7Oe7UvLvDRKD1eYPTB87tqtSWXRJDgdlOWbpendmVB5SDYeh1F
110,172,zero____,_____853,YL3mB91P2a4inRDMjIB40KHEuWBSYjyYut
172,181,zero____,_____853,bwl22GxrEXFiQsPOjRWCb0vSXjX7xPgZmSO
181,197,zero____,_____853,NIxVsfVfKG5AhHR5e6Uy3Erl49oUwg4eQwS4zLyjaGMS
197,344,zero____,_____853,nHchQH8VwE2kXixbwnMF672486t9yRul1W4V3EW
344,373,zero____,_____853,nbWlRBWX1jqhXxE0jjrCxeWCbkW1OTHwdYU6fvXAJoSSJdSJgV9E0E3ho
373,707,zero____,_____853,3W1gtzbE31z9Y1EelyRt1EvFaqBCN8p3OMnefnvo3xRrq4Fv5
707,742,zero____,_____853,ZURO5195aLVoRIr9p6WfzZsnP2YfZtWkd9ISbaTl3r6dhVB3hzayRjfuIq8
742,781,zero____,_____853,u7ijtG5d14QPSZ91oYmwT32JxTWBWEaFk8HgDGB9ALJPINUMfjl2C
781,793,zero____,_____853,r2ovk5srQw4SXLcRfzBGlhzJsI5giW7XD8OXvBo
793,841,zero____,_____853,rVKyOONwbasUuoyANypognehvVUVq8bnz2IY7fh
841,843,zero____,_____853,NntUYZ3KM0jIfYpNrEGVyltZFJZCVc0l3SWhXrs
843,846,zero____,_____853,7dR2Va4kBhGBhxMs8BpWcOQVSAO5xedTfEF3ytGuAx
0,64,three___,_____854,W8boKh3DulHPSAK5dpfxA7JHmDJOfHsaTrEkezd66a8DxlIy
64,314,three___,_____854,2AiYvubgsiH5SdEmeDpDheBfK6Lo2P8n6Yg3h17Q4KkggoPnBwObme4v6Vmj
314,370,three___,_____854,3JhLjPgWFgDE29P7RSETT0YDYgzHjvWAwFMHnQYwjOUC2ggjIypZI0dK5TNCO
370,407,three___,_____854,7XY9W3m7ceQjaTxWmCzFBrC0LXBqQSxKFR21i4ewZd75lvj
407,618,three___,_____854,4vtlpM66q9cGFV5DodCFLANgLU2Z8aCRQfk8PumZXFY
618,618,three___,_____854,SjiKPj0k8JcjLeFgcOd2EPTB5J455GuO
618,644,three___,_____854,cMKSbHpncefbmIAoj2uxfx91sk4OEAKrJP0CLZhoYpXXU1y7TQf4DY5z
644,669,three___,_____854,NrqUCBThsBqe6NkIVdw98vqeN5hZd50PLUlfVZPrYkPX9Gu74ICk8QgCQ0u9aZ
669,825,three___,_____854,sQLNdgPqiPdi3qTDBdhFp9EnDpV2SfBfH9AVGS
825,920,three___,_____854,RkTPxzQxenHIZPME7YxNKBw96TEn0aZQiLlDfQ5T
920,972,three___,_____854,pEMPxZZvabEGDv1tbdznQlRjh182hWGJSc8tnGdPAiL3TWoAKoGnPf
0,17,two_____,_____855,yWW4zd9hswGdn6SqKF9RkpytyhxFcoXXSWMR4pveC5EHnGFKSXT7Yf
17,121,two_____,_____855,iqymKptrSwjM0QlL7nCxQCIa0rbSjmRiF7qLtsElHa28WeD
121,219,two_____,_____855,ce6K4Te61CcRQSZqutLVnw1JtwYUGD841fEaN4q3LFFHEo
219,251,two_____,_____855,AX51Ib82hFGuVCY1EpQUnC13ejGjJT3NHw7qp3Cmfrlyik4eu9XblDbpT
251,271,two_____,_____855,dyDU8nOID90svlUn0G4fN36A5PAa5GfjDLREWMq
271,304,two_____,_____855,axeYrktCNcdRlSW5IaTFnMlhAVAHdaqVV6UXJKDFYMhM873mWNWplSqNe
304,477,two_____,_____855,HVaoeo19VQnIkjutrKS00YVuLBEQLQNs3I92K1nXX0axr
477,493,two_____,_____855,7hyKmUGxXFHN3YRzKBbtnXLUWVInfpTQiZPFkyy
493,605,two_____,_____855,tMWL4SBly0rI6N7IqsBT2i2fFZAkoU5g7eo
605,637,two_____,_____855,KjQP7Bt7jbmKtbWcMUioSBjVTM8sg0aW41GIcXJKyQvYrA
637,660,two_____,_____855,RDT0rahMUlNgy1HDlAxOLczKpCH3cSpSp
660,961,two_____,_____855,8G1BSyGzRYTJcRDTQ4P5ZEjg42MFupm7dA67Um4Leg4BiNY9lix3
961,965,two_____,_____855,IrY6h7jaQd38diodMamjHYXt9ATWdQlmq9IXMUTNmnG0Mq5
0,4,zero____,_____856,JrKS8TaXqNz9oj6LfQyKcmMpkZ8Bo1WF36ZtKgCrpSEwN9yqajfKo6BPTo
4,56,zero____,_____856,Y8rZ3LlyBIT3r7Jx3ilnP985iPOgZG6Bw83jMgYqZKIzYeK6XP4NHRBFjh
56,135,zero____,_____856,lGPsscpuD947jgxxj8nuWuLWIUsmN9RBBav7VKmyq3nmo4GzYDbskN2syBkN
135,420,zero____,_____856,P7uW3qYxY9gMeED1uzQd0jm0QCOhAad5dal84AH
420,437,zero____,_____856,qIseatHadtf4f1Igzq9Mz74zC2zO0dPLjqzBdqFFTNI3NFed
437,527,zero____,_____856,QnjkAl0q3cAKt8uvDinXIK9YrtWFejfNlgJ62MyxYIVPrthdt
527,548,zero____,_____856,SH5VBVbOxCGlHaPDOKtZFLlzIrzttrkelFa
548,568,zero____,_____856,zkZj0AQRE03UP6nXQ62NXVAJCbaNwYiTVwBPtFWY
568,781,zero____,_____856,JSAi5L7K7WIZuf2Azt3imGrRUBdFkkaWk
781,789,zero____,_____856,TOqpwMzwxYmY7KcVNN2jN6YTbJ7eTBEq2UMzO6tmAfaRb1w
789,993,zero____,_____856,Q4pPd5I3ZsdrpEJEPhGbFz0ThprYRJSxCEN6qobicx
0,146,one_____,_____857,U7UG7pbLaNnvN7MqxzKVxrPVZo9XBdP2W9B
146,154,one_____,_____857,X866I7SnyIpi3QwFF8SmxqpDrnTibrwCxX1
154,361,one_____,_____857,WvXxjbi2kczPlT3MsEYy9CPpeBljuYh6IUmHYprxdQogyfly4X47elE7if
361,406,one_____,_____857,Uh3RlY9mfztJxoYB239Bx7VavR19PUg6fwGYUeMaDO5eL0cRCcdu3iveM2e4Yta
406,567,one_____,_____857,P0rRMyZgSndH1vKQIBTVLmHlpI7N1UdtNDj6zr6z2zHDfQgCna9ioPkjt
567,585,one_____,_____857,fZu7t5IhzTATOpCvRGnJG29hLJ3gopvOY7q4
585,600,one_____,_____857,rs36KIjLNfnBRJuVKWNSzjKxxluv7abeBetGIuvePzPDiR1Nq
600,620,one_____,_____857,88X1cO5KrtQWAIS396zAv4rJC8Uf7AZA54yApP5TIN0qnDEqFxqVt8pNMgAgLj
620,663,one_____,_____857,kH8DyhqvSj1yVkYIfmPh5N5qLYZMq0pLGWww5oRNCfvr2E4
663,698,one_____,_____857,njrdrxM0dOvn5VzZZdSxeSgS3vzvfFE50qsNtDVHp
698,746,one_____,_____857,uUBXOnQ1OtgnFjJh78ahVYf8XHz7J3GhbJ
746,872,one_____,_____857,pvCJ1ujVJnYMuWhCwkZFlPvbZ2zy3uKy1bcNobIQhPhAKrp4AZZ
872,945,one_____,_____857,tXp4muLjWuvpoinvN7hRF6dZR444COP18RVa
945,967,one_____,_____857,Fo3pdvEJB2CRh8gJf5vreMlfIfzQ9Oos6IYTcDpLcfJ
0,144,two_____,_____858,4X8ICAYwZ9VsVgaMoV7hm54kUBL6QpRgaeHjbXl6Xj4QxMCpOdq
144,189,two_____,_____858,hvo3mwgbZV1rnlYG4DhXtkjqd09SkqLllBUevKMqnVCuCX4yPmsgqsNiS4
189,604,two_____,_____858,WPu5mC5zec5O9XogVGbpAVjWZgOXKNyz9IBcPT3kgH0bk3IZwJV2V5C0
604,616,two_____,_____858,r4qEkhcXMikmNuzySnP8PuM7GsPpL3k5KWeC60hZj1u8RnAeSaepUwuiUhCja
616,628,two_____,_____858,5BcyihdyR4GITiQIbTj08bQkUWUpyWFetIIfDtq5jR4KitZkz1F31wczRXwO
628,728,two_____,_____858,HCMA5uv6v73TE2vbNiiLWbBtLyDMrNRz
728,758,two_____,_____858,CfpUSGjumg1dbeIrT8qFYg714gnmw0o0IAVbi
758,796,two_____,_____858,YR6SrfRfrp5x41jtSBEscGusQa8wjLS9jULogOvZGS56RM8
796,860,two_____,_____858,K7hZKPdTuQYn45vGgWrg8hhvbj3oywUc
860,894,two_____,_____858,m1QXoaAYzOCb7K2dnq0rKMG7p9zKb6sRdWuUOwa1dHyOoNS1nMQmfCUDzl3zU
0,57,two_____,_____859,1lm8oomjy8VWg0le8LFFonS55jlVQXSTj
57,96,two_____,_____859,5JNAoMjOOCPqGicUfGOUhZUiOAn7YztwxlZalf
96,101,two_____,_____859,A5pnWjyVHqM77ziYw8UhNI2urBqFQIfvKrJCD0ZsaiE
101,142,two_____,_____859,ogVHYzlVK1wGihiIEpGm9hW3U3xePX6Pn8naH2DxK3wyGorqeKyWAgVP28YUXxw
142,301,two_____,_____859,oAdRTqZjfS6S2C5dmETE6bSwdqRmybF4PanvNUjkTbJ4CcvemMyc0sIpVxuKVhCw
301,474,two_____,_____859,kCodhjJHCXkdx1OJhOf5QVW6QnkBJCJJJGZOI8NLZFfYw7wlEMuVZU3RZ3d
474,655,two_____,_____859,Woq1R4YRW3g616cnYrDhVUyoikuhDAH4qUtzpuF6esn8NeT3EE9Ypl9qACB
0,19,three___,_____860,rxcvKoN6yHnw1WvaW2SHL4X4davmsQxbCTzvhpQqTgbKYQ
19,21,three___,_____860,AofvfgWkC9hTViADeKPZNVnJ0LsopgkKKQ554gr9Txv3NGaNQX30CvQf4
21,54,three___,_____860,XrYnstN3RBUQAfNlXiXVzZMXoLCXUKCJqH9M0SZ8aReuFHDqKrHPCw2
54,212,three___,_____860,PUoHEwe3RXXXL3sDYJkxbkeexOKgFCjVkK52szw3YQ
212,303,three___,_____860,29ILEgkRe3jgiv5zy5UAL6YM5ij1pv3j749WjxWpQTkHaq
303,313,three___,_____860,tGKfLoOm79iC9uhy5fqZICbrJatkck1QyeWEPEaOAL65YI0W5wbUnAo0vLw8
313,320,three___,_____860,xCQKOHJfVmB7qDTmhXOcPdloqZkBc2jpn4LkKhZz8PO1lQ0GC9oy
320,357,three___,_____860,BCd1gxYtQKM3n2rtGMdgSo1pgR1PyOCZs7aB
357,552,three___,_____860,n6ldFXvC1QqLOkekDfmBImI05HXjryZkz
552,645,three___,_____860,KlvoPFZkwP7qQ45isLzjQ2xTcjQASrWp
645,672,three___,_____860,lGFQ4P4gJmPPE3os0Xha5dxgKUQRr1yNZRE78ojMK1c
672,744,three___,_____860,BwWqOvp664kcBP4lWaV4gYZC6JUMzXC1CCvBN52pU
744,798,three___,_____860,yqEIhzqanbLfi1oL6IsEdn4fDvrOD9Wr4jtkn332SgCKGUEi9xPnKnVF2Ot
798,884,three___,_____860,GIBO3grp3oKBRbPj6BS5hlEorZSozvyB1sU7D2BrAgjOsE9mPG3WbN
0,28,three___,_____861,MLo1cjn0y1lYJa4fb2Jz0LPFfQ3TD8lAyazbMPzPJNLoriL1YiK
28,231,three___,_____861,5vJVa0gWF25bJoGTEWFiJQsK07p6vzK33yMS
231,289,three___,_____861,XVD1hPokoTvycAqq6ZqpRXlQxjIaT52kixVt
289,461,three___,_____861,B4RtOiRsBUu5wdNtXAb0aLDZYRrWSKGAfiZG2id8dX566IbT2
461,561,three___,_____861,jaM1mcaWAvQtVClBPoTFbT0dzJmsLCtptg65rus2JIRxTw0O3gH0RiT3
561,677,three___,_____861,lt1rBUu2DdtB6VslDRidsxM0g5Xru6M0P2hAyrhSi96lQz3QSBUE
677,747,three___,_____861,xBcLSddBangkjN4v2BYTgyGL9PyznDa7cRaymrjbvBXo
747,866,three___,_____861,5Q8YBdAmr6ib7kluZpB57rlAUouBcXf10fLM7OZqsITq96XljQUuLC09mUIU
866,899,three___,_____861,4fiTaDXQXikijao52fX1zvhHxwjDV7Vx2wj9HS7NVdKP37DCHP9O6OaHBVT
899,906,three___,_____861,HAyoJ4WZqmSOXZiSV4W2pURKsRUduYjBx31wYVfH
0,63,one_____,_____862,pI0NVP9uSpQHvPNKOSg3E5HCBA8iwp4h4anhKKQM0z2Ycyf5AVbv9FQsjdg7
63,149,one_____,_____862,1fENNx8uhbtTthzha8qaAHFCbgWmCB3slhKzLR5pJcdJ06940Z
149,168,one_____,_____862,R94aOJM51EFwgMcPUrcrTzMnPosNwFwToawhR8ldPVOTq
168,231,one_____,_____862,5IldX7CD1E2Pf5flrx35cyLu5wHTbGi7xAQG9BW4gmqs6nhjd4UxNegKYZ7btXiw
231,286,one_____,_____862,PushwZfSH0lnTjhDSN7kmwk0NqDyQwyvVQeEvnqrjXp
286,585,one_____,_____862,sAyVIRUxHNsAK1bQkXzQ9KDH2s4omI7ua6Pf6jmyS6UAMNGGqdZGAeuLCEvsk
585,803,one_____,_____862,CUAEjHsmvXTXCU62ap6zSnEeb9gqdegd5b0YYRin0K1RCwu
803,833,one_____,_____862,P7tqgTvuLgrd84fDUmAnZaBAYcipiIGZ
833,839,one_____,_____862,wN9Ypf08ka7KuGx4JL3HNC3giz2UxqlnceKAyy3yz
839,896,one_____,_____862,wSIZXjXyPoPDngqdgvXLtku6ppJXIUadUObLo8wAIyZoizvRWFts6VJOiICw2cO
0,259,three___,_____863,GHIG8SGkKzzUOHwReTXKmbtKapBojzec9V5qCpDoFeJn
259,381,three___,_____863,pAvSdjxwYFXnPpeJ3dSqTn9bBBa4jKZYzbI1y
381,425,three___,_____863,AaWo2lOVTMLxcv8hdvs7SGcvlbA4qt5Uqx3LNHvCcNWH4qGPKKP5hYVp93Uaa
425,708,three___,_____863,LoSjJHM1aFSGwH3gncweaNrJSi6EyhKeepLznAspg2X08tuy7wfyhxVtSgQR
708,794,three___,_____863,ExEnDA1p8XvmV8uFQttcSPEktq3xv0D1OGC94MSX
794,806,three___,_____863,0jcFP88bupYgoHLuSpdQv6wNKpJYnRACwsyvcwnEuQoh8xzeY9
806,937,three___,_____863,T4NDXYv4MsPcivDvIADLjtC83x634jqrRo3yiMWuJkUx
937,938,three___,_____863,olfaNahPx7G4Wim0J9HPRqa4iFunX2edinx1FC586k2jgQpFuH8izqYGlAT
0,12,zero____,_____864,zJ5q7ls4O7tk5HmZrnDLMBnoWYr3pT3MLP4JOywNebaTu9RPXIZc2r
12,12,zero____,_____864,dqNHJ4tE5BTH0z3mcEUZHTcO5zetQUc33nLljYzTlc4Ox9dHkw9S
12,36,zero____,_____864,Y1SmKklBo35kbfHFzVY04wJif7rcfUCZqP9P
36,273,zero____,_____864,1UeF2lpjXj4MlfmsVSg6bzPgjr9jHRsK8kTZftWJvIxqT
273,310,zero____,_____864,wsv7B4AYarRGEf2Svaq5Io7pDuQhd0bQXPgQCv5Z5TeZZvq86Gu6ml4W
310,385,zero____,_____864,eq6VcBTks6a0FFix85Vu6zrI2OibBY8mY112F9
385,409,zero____,_____864,LH7NStHihjsKDT8xxoyQoG5yCpg3SNgM6jtNQB6CyVAwqCEnafVBOGmoI
409,446,zero____,_____864,V6gcwa9998kiiAfKO3qX8mZpaHdH0rZNR1wKaJCy6rzwV5anNVn6wRHjzN2AHHfS
446,503,zero____,_____864,sPpjpDKQV0T98to9oQVSnnjoZvSUFjeBMORYfYKWqc2Pd0sNIho1saWTuLPm7a
503,621,zero____,_____864,jJJgCoW62QQpnowUcsBGOpUzx9TvPJwkFFJL58ODNgsFS3dv0u8jH2ku
621,884,zero____,_____864,j4bEaoPZQXivAYYEcGekkjr6VOXWRqU2j
884,923,zero____,_____864,G3XPhS1BeKP3C0WD8gOIMZsWHdOwPSWe6OU7K1xp1jcSiKaP
923,952,zero____,_____864,9epGpdlvVZggsgXYufvp2QtInCBe0vY0y2otD
952,952,zero____,_____864,KC9kbaKlvfGH6504mMln69MNLJdaxP3AuNPYeVt2xRXWmn3Df1vDMh0lTx
0,65,three___,_____865,jWTFIjHy1mKfRwF9whABrUDfADC3xcEqFGBCe7ip7AHu1Ke9jx
65,96,three___,_____865,5lDe7q7Vu0FaS5Sj3BMqzpqSUNMw2TYU2MdF8s0gK1OlXJle
96,119,three___,_____865,EB2b3HmcsWMUsudnucfZ9qGlUYXUpArxunoj08tmz1
119,143,three___,_____865,hDfHnQjT9YZGb0ZowkdlLWDX9s7DdWEXSjY1Pbhi
143,545,three___,_____865,c4fHQodDfNfaCpBQe2dLZCjTdYJ2rlnUXOVgcAQ4T46pE8
545,554,three___,_____865,kIAOciLrT3ULTBtFsBAbCQXV957iHeaidRcoLU57tCQVDGEizsgO
554,680,three___,_____865,JUeiWvIvhpnAErUOO0ArzGH1L8pSgMoxahzP1R0lo7K8Hfn
680,844,three___,_____865,ZwPInd1UVr3bJTnfhzgBXSeLCKjkcuiPlV
844,972,three___,_____865,3sVbXKaQ3LdqF8hB0u04sJmMR0Tc4SD2rM8Sf5AC8noYwgK
0,26,four____,_____866,FYCs3l4ESiHVLg8g3WzLPC97bxvv0sGsPaqRWi3fh9wETZJRyQcvneAReU0x
26,49,four____,_____866,2rq3ZLXJTvdmxv6KWfXPqSNEezJaxhuvrKHGGU34YZvdULi2tXAkMypV
49,457,four____,_____866,K1DduBzoNJVQ2nAqnj8ATtfTmAEJrKiwAQA6axXcDsxvT1gMRlGAk
457,488,four____,_____866,fKWFjdMHnlerPrllAzrPzhZ7uQfbJtsSEoX
488,542,four____,_____866,KpGtNIvRC46DwIbrKaqrLHLXDjTkp1flVUH79Z
542,664,four____,_____866,EbkIH3hkFNNgb8DuZE2u9eX38tgljEhBjPTBLk2eybSt
664,699,four____,_____866,albszPxUwcxkhisZw9XHpGwCl1zb49A5E
699,858,four____,_____866,vOIh6hyl0ej6FtMJuEXUqqJfBqeUnAh3EIYGs5jx3pgtdi59im3xT
0,160,four____,_____867,oMcbNzu06oj9VkzYYhtl8Gd9DWYqr8637wfrMA8CSyVfMKWpUL0ZIAmx4UqGi
160,226,four____,_____867,kLZdn44n2lFiKugqLazhILiRtzfWedLjXLQQPh0QOo6mfu5T
226,323,four____,_____867,rWrotib9NqwX8beF2xx76aF6ZiIRZAqbEIl3M4Go61vih
323,540,four____,_____867,y6rAmcIqYddqrdLyXgYTU1oCwQY03niZZCXbFDy7NrQ
540,550,four____,_____867,f8FEXg88A6ksZRudAvZHwcUOdeumwCAjA7sJLC0jZTiCtpJBlHaxfwbCdkx
550,573,four____,_____867,FJblaiY5XLIWpAxy8f8swyAGhobtF0xzzdWay
573,597,four____,_____867,UMSJofo9IIVU5wCMKOKWw2fL3zCCWsG3qBX1O
597,602,four____,_____867,oIOiEt6cvXuA5dmR2KVow1yjFSlRdJexfaECQ
602,843,four____,_____867,QkokK4Nxg28jAtWC2mFDy7R4YgTxiD9dbcg7pHD6R60OUNT7
843,881,four____,_____867,lZKr2Cq42vQW6AgwI8eW56wc1UPdXWctzgsBhJZ13Puj18iPT90i
881,886,four____,_____867,4586lbe4fYVRyaDk6TMwOkxCOduBaITeSPV6wYLeap6Ycvmleh7
0,47,four____,_____868,6sjdouO0X5ZpjZ6dQr1Ci2tiZJmbQJUNo5QJwy8WifsD4Hm7Z6yK5LYul
47,51,four____,_____868,fYYXq54C55h9lH9KO4AtgSGmPaIOQ9o4P6LPXBwXvizCtXVoLu1X
51,64,four____,_____868,OjbVU9AaCP3Nn0kqGpEthbjEGHv2ghQPnED7N8uyLZhoBGi
64,131,four____,_____868,KZAAR2MWzg7O3z9YXSCMlnaYqvpQRtP27
131,318,four____,_____868,jtPlSFIZaYQCJ7vFXklhTg8UfOb1iM5kU4RTfzwf5X5ijwguDs
318,349,four____,_____868,cRpIkI1vHkyP55I6y5Kxd5GSCUa2cQwGysYOQ
349,534,four____,_____868,w53SiTSDjMfHnZouBmt7baQVMVTtIFwK7XRf3CWTZrYWk3NhaKoQ0J
534,613,four____,_____868,MXNXUvKYV9REgWPajHjAvujrBvpNQY9zR5FhuU1oTUzfS2jOd7V
613,688,four____,_____868,fw1XPEHgKA0Jc1RO8aOPH6WLLCUdC25KZyZVAUXxO2XGIPSri2q0
688,711,four____,_____868,2NqiwVjft6KfvKupbcitj6VKLgibnIGQmX9kHERPUALrq4aGhMeC
0,103,two_____,_____869,cRHrfzAOFlBxQzITCFM5JWDYfDXCfGaq2
103,129,two_____,_____869,hPAMuPeN4CcM7r1JFFarb2E69lndLtDOe
129,187,two_____,_____869,9DSozgVNcIcUZWSXRo1UE98HO1mSwyDIxKsJJj9qaVf1WKKrK6vVULtz1FU9euLu
187,327,two_____,_____869,u7SYeJfEK5uFPqYDsVrwP5lt7vV7oRv4YLpaDWiY
327,363,two_____,_____869,KEDtpWcMQySu7OrZ50z4cDlQ0l5Nd9GDSMqdd3arVsjoBSp
363,367,two_____,_____869,38SVI1VbwOz6WXFLyQmRk79x9Qkf4arpP5mOZRU9wOsS0nqwtSj0IBqy
367,395,two_____,_____869,BScOECZhb2MPwIXBRazCjuCAKscSNDFbJmNPlXvfQ8qgzlvxlTsQMeencThkqw5b
395,440,two_____,_____869,GTx58QbfX3rqioDBEvD8m9ybJYugk91YFDtcFIMnMjPgF2wqiNwu56cyL6aP
440,466,two_____,_____869,Bg1WOVIaunhDrN7klyjsoGD2x6zxr7R16nabaMx
466,621,two_____,_____869,x88STzUuazhrnWKMwU5wZtvqs3wU3og4ZFewLuMHGgbDqlC6YH
621,645,two_____,_____869,naJFqPVYE5rKa1xNahqAfxa58cc1uwPRfgOuqENcYQLmixT6nb7b
645,747,two_____,_____869,GVmYNkq4CaUxyQCu4ZHPnt9J1r4jA4O3q9xXKvaj7jk71hwvoBDC6A6Fdv04YU
747,880,two_____,_____869,xx2l7rbBMfFSNVIcHzByDln5nleCGxHMEO9q
880,910,two_____,_____869,N2kK52tHdLrclaX0TLlULLHOfAOYKhOcxu4lMgr6x5f6zFU1ECbDmI
0,27,one_____,_____870,hXLIXjc5SwIK0r0QZBi9wUzZMoE1CawqGcJspEJH0sQG2SgZ4C6Vada
27,79,one_____,_____870,Etel1CCrgQ2DbpVUubloDujBnAxmJMyhBV
79,154,one_____,_____870,IC37Ku0pZ5ZkcJYYxQaalSWQJPrAK68EjVyV2TPN2PCgESnzl76czJ
154,190,one_____,_____870,el9bJvmDKgWq4uaE3c99OJx3vm3FSY4oYAfz5KpVneIaM1k2lEzZyQf3AvgBfw7
190,191,one_____,_____870,xSLHuh6yb7bWPqQv5UFt42af3fgqXTrkbH5p791lti
191,241,one_____,_____870,jUknCPzXtTKapQ04gs71Fi4e0YGGfcRKnrNWgBHSPtXLMgNNwHFo1UtMIODne
241,261,one_____,_____870,WEJjMZBjiRHnep0YJgFwMwMENZwEGGdp6T8XpsS
261,298,one_____,_____870,DLLRrnAFEopZsHT0EK4JpxPqVbLUkyOdCJuxPt36Lcw7zV
298,536,one_____,_____870,ImxGa78dO5k7UoGAao1znvZOFfeHvkw0WqmPSNLeN8l6Fh21GSkPWXPLjLBgIZ6O
536,601,one_____,_____870,K2YJTrjP4CHjsUGIYcfGrXBSr0EAeKBQVERHWn
601,627,one_____,_____870,XNs2uALNbsaLXGZt5QQnn4MIzPoRVGGNply64ic6w8A9SN5GPlNYylR
627,701,one_____,_____870,ofR7lzTKiX46jWP3izqF8cegJafvjv2SxXDJjfjc3JogGP9Xe
701,943,one_____,_____870,BanjfZv4rlEvvXXpcABuTSt6pyt34HPH0SjYci
943,952,one_____,_____870,tF2Us4ahDgt7xdaRdQpMcZDas3a8tVaN77CHSsueYyMyZjgwI
0,98,zero____,_____871,LtmV96hDKmfLY01r4Rktw557hJzGTSNmYJDOm6xtyKzjuZAGZkb7N
98,245,zero____,_____871,chTDAlvCnEMpwSUmkLLFzwvowosz4y7I
245,357,zero____,_____871,VAkMk5cPS1ZGBwVLwzd0Rt20ikHUbDjphl0s
357,421,zero____,_____871,Owk2gboM6eMTg8dJwvHwDn2GPJk27UnzOvXyLpPY7tOewDVIj2pPc
421,529,zero____,_____871,21B96NmxltZJLGD3c0xqbMM6bX8XJAMvWYOj8ovn1sNRELjOmvvL
529,542,zero____,_____871,Y23QLXBgpz4fmWsdDGhGo26R7kAKPrGpjsLLON
542,597,zero____,_____871,bWsGQuINeU5oMfj5fiLEZMMlgmdGyKFd8K
597,625,zero____,_____871,aNMsu4w4HT5MxFQ7sfEQalXAQlkJO3Kk3xMxCS
625,951,zero____,_____871,BgczAbwEtq8ttknEwuLIUEIxlwizOqmcqygqQlR
951,952,zero____,_____871,Rw5agKWV98k551LOSFkfKaijVgcMWQm7vCEoJOWp
0,83,three___,_____872,gdpqHTvo83oPhtdvj20YFltbVscNFNAPrNBO3PxwuyrnLcmTmkKWUZG
83,95,three___,_____872,NvEkVgyGs0p0A6so9tIl5VRnwKJ1AKVgfOONdbdyu1mlwicSfsZXyCEWmHbbE5w4
95,140,three___,_____872,3Y5HsHCMWYwpnBP3cs6OXhA0vVR4Fn3oczpELcacP37DWs
140,157,three___,_____872,K7Rswcjj2Si3J39pRXT1JxV3KsZnR1xBhcFpEzpsz6
157,207,three___,_____872,DrplGTojd9Rl4n5dJBnXypb1KeWYsVuSBZXeKnDMO9XjmtBXuviOZSpwREQK
207,254,three___,_____872,9oeaK8qRL6HGhgC4LCJugkq9pWqOcKUyyzRc2SyJYCXXr9K13yBfsCgVekN
254,270,three___,_____872,UzxGnpQ195SFVWoc0vmtJ6dfdrNAToU2G6zLWIAyHmxLWbSpKQb1w
270,460,three___,_____872,sNVSpQOKTYDTmAgloTF0QwXL8ss3mlcaFkWVmqsBLLn
460,517,three___,_____872,Ljp7h5yOgzeq0rAoZME2xFcyNIA6kpCyN5TNVHujUudluHvOPp8H7Bd1yO1gpgQ
517,520,three___,_____872,OgJhuoiARBiB0u6d4rNVnO8xfuJsCY4pyMy6a1HUsRmW1Ga
520,534,three___,_____872,9lHmB4FG2cxL7BjQgiUXZhj7ZQovwBdAL
534,926,three___,_____872,XrXqo1kIRHxRJQW3xqoNQUQLMh6d88TPZUtp9Vk1Ln9x0ZbAUeItyRv7GUL5c
926,982,three___,_____872,DMYjS8LYPl3BwI9Dl9HHfN3JKDuNEzglPehVKivU
0,76,zero____,_____873,7Ad8a9eT9vHoBDMkBhNsaW8xX2cX9iOhuAHS6pYHPI7
76,194,zero____,_____873,kd6bwO0URXZZ28q09pgDz00B52IJbQW8Tcsp9lxlUM1
194,319,zero____,_____873,AMr6RcyiNPj00BPzOVysoRHSpOg0gRCs
319,428,zero____,_____873,O45QHtOAPA03L3qtzyKQQDmKUeueKa3X7iC8AjIScCRfGsWDB6rA6lPRml
428,500,zero____,_____873,jx6hknjFp918vtbBl4byT4k87Oyskj8Oj2EZhxvdIx2KRo34vHut1iFch9lKxsJ
500,538,zero____,_____873,LQHHOEGdUUakIhgUlWGwNYxLJmKUPm1HaXtia88Q4Fp
538,572,zero____,_____873,wqyEK85qTNmiH1anlAKDGeEOw7cEbNCkoQgjsk1YXGRRizljIoKnnhjZx2suu
572,710,zero____,_____873,BaAlRDSvwxBfxPBYk4ko0QwBD7cakusPMxr4coFmpp1gAuTPqtgZ8hNX7OFssnX
710,711,zero____,_____873,VGqT38PSfEEayj2fkFBfLBewPkb1VsFBEUnASPXs43nV1WzJRDDKmGbC
711,711,zero____,_____873,lk2m2agTwjLhlEmNUqYLQ4G65cWjDzBXU6Tsejd2cs2IGYjZEG4NcaC8
711,795,zero____,_____873,JEeuHtjaBDUW5nJw1O4pN6NVFIoK5sjXVN
795,798,zero____,_____873,lhrk5kykjXLZuvGvfvRpGjCmVvwVzymgw
798,876,zero____,_____873,59jucbKugmyQzyWBL6PzT3WRgQ3PjAGAA0pJNax1r
0,91,three___,_____874,Gu3nOh4vA8ce9Ref9ssI8Xvo9i9u3sfejF
91,173,three___,_____874,TNl6PbOV3KIh4X4m2l5RWSQ8T4KONmlv9wk
173,184,three___,_____874,aoXA8lj71zp1dc6A7F3bX6H1j9vheYnR
184,294,three___,_____874,zzwgpw3Og5NycqaO5GHKBRGZ6Vgakmuqk2Xf2JpGkal2KANA0
294,454,three___,_____874,vNkcb87Qbe0qbcEH6QeAMC3kQmjidm9YEskx128t4zJjwokRLgbeHQiRSvRw
454,500,three___,_____874,DRzgihloQNzH4KBkbCuwT2PKKFENs6V2WNa
500,560,three___,_____874,G6ehMjAN54Us7Ki2yg9Z3QRiKf0I7HiGbkEa8J2apzLygAhNj7S11ey
560,564,three___,_____874,H4fHCwZAAtIxP1hLz9vpAY18IWRzJK9mFmQZE7zR2MorbLm4qqXQcUdHI
564,922,three___,_____874,5H9crisT5SVbllf5fZxVn7DQHvLlJW1f9m7YSjA
922,1000,three___,_____874,ZbirRjThyhmezt5NROj0OqxEOkjNljeyJ9QtB7LTTzBNeytQn92xvx3
0,219,one_____,_____875,Q9YzNQOKrfF1c6zQnSPeS8w8IlpCM80uPoiXy3O0tI28Yd
219,259,one_____,_____875,4BRINIUC07JBE4tnxKLlhSnB2E2xMFb4fx1kHh6AKFRnTYEIk1
259,755,one_____,_____875,3Gm30FgiagLXBZ4ybEZ0tXXPVZA8nW09hHV0z0QeqxQemZbtZrEk8Woro3
755,900,one_____,_____875,Codt1Nw0xW40tOjCKICGZ6DpT5e5b0FUJk
900,907,one_____,_____875,kB4fZkIheHiB5MwWm5I9AMYUqRLetqV4FcvsPADkvjZi9TWz37Z
907,909,one_____,_____875,n09okqJVQ0zaBwJlOz27Ilw5wtIyd9mR
0,251,one_____,_____876,aQtPU4BixuSAxfeB3CnNVHjSmKWzwcLe
251,261,one_____,_____876,cgzUwSCNlEXvmKAMrbEwUdrDRtkWTbjizUg5
261,390,one_____,_____876,3V1nVeFOnq0O2cMRSuO9idF45UidOubD1czwF88dfsQXDQzrNZTJ
390,422,one_____,_____876,4B1DQKHcguxCI0apbsbqKVOHy9OghRMjmjkZgUNmBt2lpq4nE40vGYptvDK585
422,678,one_____,_____876,cIizm9eszNZySJRacgzsstGybTxRu5VQ
678,695,one_____,_____876,s47QZwAEZTXx3LzT34vdwFqe7SX2ymehqUYLc5YDQzjRbij6
695,697,one_____,_____876,UVsLSJNJ0hJzDkNvLK3Y6Rhikqpg85gCK55lcPWsGha7NtYRVf
697,767,one_____,_____876,pedrpeYCtEDj5zQSgyYSlmHBDVQMEXbXc8tVZshwJUJeu97FrcQPsrFIB
767,968,one_____,_____876,asIaQb4h0Xjsw4YkwK2bmzXGg1APG7Pwaz9a4BjKf
0,599,four____,_____877,f7KpWzdePDnZqrxm8bcD2AgPHhPmymlBjBvRKXQrZvUTDyhDQWwjJhx
599,630,four____,_____877,pKcXL7oQyRvnbFclA2NA01Xx1pNW8IRz
630,690,four____,_____877,nqDA1gyy8tArZuE3B8uUNLZyHTIWoohlFJcP5z8bWlf4sNIoe
690,787,four____,_____877,6brtG7JXWQLt0hilexFMzdynPAVNqcQu0d
787,843,four____,_____877,Q1vKVSc8k1cCSilvpMqEV8cANNUntkunrAusk0NpaS0etvIQsFtUNp
843,878,four____,_____877,3rnVjFOe9YXa3uppKVVAuUSOH7NjXCygkqlCcpHANj1HsP1c4huHGhU2S
0,10,three___,_____878,LgWOzbZCy3GOkphCiLAKG616SB6xcz8jAM10K92fmVgekebpXNbxl0wj5krC
10,157,three___,_____878,DyocIDIWzd94obyE7ilSE24cFFqIhgVOB1iZUvtYVetuG2X
157,315,three___,_____878,XG0APDmQ7VZ46iUIXznmkEVhkrMHGkWDr
315,398,three___,_____878,zdgTc1L5KXgCzre1UHw7yFyoGOqMnWdiJN6KhTRyDc6uXU8dmOn
398,503,three___,_____878,tn1Ssey6KSeaGVCCTFhf5U3AKs1UJWcnvgr
503,533,three___,_____878,7Agiu2zv9ZYjH5jNtktXsiu0PR14vgVy12zWb8Z
533,986,three___,_____878,gwcOqgw7Gkbof5uIlc862CekUrlrxTcfqBxjv2V0EsgVU
0,1,four____,_____879,RskI54YW4G5uUJH9fCScyUv8AczxoqnuOmTMAQ9Nr64SehvOTak7ExeCg0ZPqDk
1,72,four____,_____879,jwg7aHwbDCdsUyXQd4Ra0brGSJtwUsWFPXcGQt0ep1T2Ma
72,134,four____,_____879,f7DWUTgXf2hcHkuasvbEuL7IXmh7BVRnzQoTFF2kiKCqHMGwJM6TDQ
134,139,four____,_____879,GoN6BJWYfy3CBpDDSwVdtEHSPxzUYrQ7tl2EvwPnlSO
139,148,four____,_____879,ujElKS5NVpOQw4BY1PEcUvYyiRlXLUKxtR3jvoAO7k36n6yaYyoYqRm27R8CUr
148,202,four____,_____879,K6PPhH5pmUUmgeN9j8MEUTSJFnmhntRwWcebPUDB
202,299,four____,_____879,U4yZ2l2fgexFzKAtUvVRG63pyIPzS0eV
299,696,four____,_____879,0YLAu8DvtFZfxIv36xvtu0SyGXqev0vvTzC2oB7U6XYbYrbcj
696,754,four____,_____879,kLepuK8bXv8kulgtMb7LSEzy82RL5gCGBTWmzdELnkNilwVUt8t5yfs
754,896,four____,_____879,k5Q7dcQoEkc7ydnxfQjsyPjoTHL7V4aEqADT80uqh
0,25,zero____,_____880,AR5uFwRHodXTWjsYN0cVjiJG8jVLew9kl83Q4wuo0hrpio4JxmYY
25,29,zero____,_____880,5veu9xeMU9oJgtf2MpunN5NcvO9ncozEsuQpEUex3jcA4SVsy8v3pkSLSsu8
29,168,zero____,_____880,NF0u857E3fMsV0TaXgPS2KXuWGwE6gH1jmR
168,311,zero____,_____880,hOJ9T56TUb86tFvfxTuZgF4oQu5gGfLylM8uNouUvFh1H7aHYAL49uMgXQY4aYy
311,350,zero____,_____880,J9MNfTzXo9EQa6oGUyZTJ9O4kKEh6zlCuN5hMioQqLLoEZxVy7SpCbzcnKH
350,395,zero____,_____880,7A6aikTCxJQLXEzxqULOH9RVJbPd1GxW0mdir
395,537,zero____,_____880,IUhBlTA1KbT1faTjjmxn0v1fsVcgLe0Z6P7B4x1CLRxz7
537,551,zero____,_____880,7isH5R08jjs4vGliuzXS4s1R2pNExFgkQn1M
551,632,zero____,_____880,MxmQGtGnyk6Bwlfo3qvxuXdekPylC3gp
632,813,zero____,_____880,3gKxfFz2ZUaoFWLlc4sbLalVRouyV9KXsTVpMV9fr4Ny9BZ
813,857,zero____,_____880,k2u2PgGhBDyxnt03P97Bp54r0mCDeJA7zXeU5F9sr6iKGd
857,869,zero____,_____880,DTrvqjx5SARTbaRtutZ9L5YbaGG0qeUGmHIo8igdroYuWElZu74E7UAqlKWtxkdA
0,319,one_____,_____881,aIDRn7tlwdF3G9OrQ57cDwkWHyFnY9a8gNoMe8EoMavWPab8gxQSc
319,625,one_____,_____881,Ebw255bB6ni2hKQX8wIBeiTnlb0tKftfbVE6mIWtMYJJWJOoMOIyuH
625,954,one_____,_____881,MXuu2sh5WPycw2jqq0uKBqNYLORa407LTKxuYmMn8XV2GvZ
0,101,two_____,_____882,lJMIHNJB6QnzzXatQdO7lkGc1bxmKWYUWSqZCp7TkHu1eBkVz5V31s1Xv
101,188,two_____,_____882,uKTexa8IOCkWwvFuIX7DHnEq1g6A2nssHCHSAod6CtFOOoXL2NfUbCyFAA
188,276,two_____,_____882,KYeghFjouKDqilUv9J3OUX9rSBa5aj2wwF1rzg
276,381,two_____,_____882,i6uHHyW6IkdRvy7xzawpiLdMEOziU50kTKDbLqqoyEOS
381,432,two_____,_____882,AjMSiQb1G3fpXLHloRxuUx26TpJ78FSXWwFN5uEs376ekd4M7dG
432,440,two_____,_____882,K7eSSclCVt1W6i3NvqBOHgPvttIMQls4pmv2MqGgfidHkf
440,458,two_____,_____882,vqgtbDRfmdwpv1R50uRmAM2vb45Gga7GnRlgqjlowBIQw96OCtGzS9ijIFiJ5lX
458,465,two_____,_____882,Ih0CUQpzhS8mD8zqsKHEiFeOcrPEorskbMnR8xCrE
465,537,two_____,_____882,XG8FDQblj8ylkpTMGgFxosC5BDi46nZIj50Wrfj3k2JB47LwPM358240vwqbUR
537,875,two_____,_____882,obf4NnhUKlyH4mwQuK04VMbR3A8it30yZHKboyq
0,18,zero____,_____883,IDvFNQHDMuoJCL1GJNPHVTLCHhitOvPPKKo8Ihqq4W4C4av4O
18,315,zero____,_____883,oiTLUwLf0w2EPhJSgwfE9u7HsbfeBGh3SWp2EnN2JbKt17q4Yi35n5Ebm
315,382,zero____,_____883,4SgIcbP7opyWctCJiLvDg6vIxaPQq9OOuSYkQR0Ws301BeQEHJvhq
382,408,zero____,_____883,WUrDzRbFnL573O94si9IEqtR5PhmfRnOceu7IP7kgbI8SPvsiuMf7
408,483,zero____,_____883,3MKogzDQCxKjRKvQPx8sllj3PJDpJ4BWcgm
483,509,zero____,_____883,TGyZ2us8EOg5gVRXpIzUK77zPTxBolDY9NC00TnOwxYp0YLPU0YF
509,527,zero____,_____883,vvULHhuXToKSoQaB7qYPBdkN6nfcponr5pHtyzgm6295pPWC
527,966,zero____,_____883,eXs1M5EgvIDVaXlBo0IuP3yiuOz2ObMD2Kw6k
0,92,two_____,_____884,B44HOzeMcvdfFi1FbIOnQzwS41WWzi6iKKH0iNJlTUHnKr5yzpW4
92,111,two_____,_____884,LBPo3ZWg3D00pvXjfXJiRpqmmjJnnPl76U8kIrF6WG3
111,150,two_____,_____884,XdiVdjk7SKWEf6lKDiAJ45Z8Oyz7QOxPC
150,172,two_____,_____884,ZQgzMO6O920omQ0vEq3pjMi3X44Ty0fJ1qkukbYaY
172,261,two_____,_____884,cVB1UwsA0NUcuqH9zUylaZbUSbEAEDACCZjzwjOU7cHWZGYQZFnpSkzVA5U
261,394,two_____,_____884,kIxXkwILGVlIHP4Sq328YwYOuQkR2x6YeXP0azu
394,482,two_____,_____884,Y4zBt7bisGrQvehTERQV9q8UqAeP5CtCNSqQvln0sg
482,565,two_____,_____884,GBuKrNDR1TIrF2iFsU0TvHGRJYxsuCZAG7
565,630,two_____,_____884,MyEc083birv8PCZrKbwsseS6ELhgDfdnzW08Xk5EgmOrhXH
630,659,two_____,_____884,qw8K5ZqTRNPWmtAasqnAOJ9RNu5Gd8Wp8xYZXjGs7NNDo0nBpHNvDF5
659,818,two_____,_____884,fQrg1EsK59GsD3nYXDLFyQrEJQvGvKlC2Cy60DAcVPL8tyfJCKS2SyFsdwtV8
818,819,two_____,_____884,wcvBpHXhCLjcMhKogaJVNqqVpqLXKudMPmjLIvRXtppfF0l
819,921,two_____,_____884,eTJblw9bskRVHI7bEN9AlBQGUOzzV2F21QGVIGvljLmNQR3Xl1ySLx
921,949,two_____,_____884,tegnwhz4QEPr3a0F7Bum54RPl5Ke8GSTnHBLoSsBf8zf
949,958,two_____,_____884,UTk6eV0Q90LrfsVnJB8c1e6ecKij8zPC
0,81,two_____,_____885,BHabi7KrDaHLEP8dTXJf2hYNYmOvpmfIjvpUp1L36aNlxWdu
81,105,two_____,_____885,4FpZz8IXA2eHsVJfpNCrVYx2T4mfrkenyKWD4d8
105,137,two_____,_____885,FAmy6ItGvfRzwC1Aa6XlGBZBpkKcYya5kukn2zs
137,190,two_____,_____885,dwkPrezlBKrAAjoebJXkjbyCjPmTg0d1GKk78Xn7Rt
190,246,two_____,_____885,fkoj4p6g0nGBDaXc3hXZfYD1eq5tdssuBu1ef1lbA4EfKH9bVHJ
246,288,two_____,_____885,6w23b7EwUPbc27WiVbI9OyBvSuy5112BMLGSz8Jy05Xy1ytRNIDTO
288,316,two_____,_____885,gcvYVi5Idt3mUvx7VclppQvZsAAmXsC51XkwD
316,526,two_____,_____885,CiT9U9ovAXHgtPW2hfJqhKmN5HfeDPD2SJncgDG3u8JmnUJF03yEYIKGNCTmV
526,539,two_____,_____885,K9vxktyxT4husWHJSBDTxNALIOVx5lC3RWb5NptCdN6aXAbHOkp7X9n1t
539,590,two_____,_____885,sdmaJxccKwPnkYs0P0lTom307HafRSpAjYeQicdBuHHM4WBEbyX4eWdvD
590,855,two_____,_____885,dLMk3lQkHQp9QxZXKOkn9IgEJ61Db8D1f8qcVr0NkTvh1EavFweAo
855,898,two_____,_____885,rmPMClMkRftsoSpOvcNKJFdMKpAzfVJTg23clS00mEO5
0,243,one_____,_____886,0ZxXTuQ1pWtFxs4qwzvnQwZAovqnuRDgnqSMhbH
243,314,one_____,_____886,lbUcoBaEYlcZb5rAZSbs3ZLJPnvNtuYhb9tYhROi9D923
314,320,one_____,_____886,BIxXOf8kluTivgHLaExYBdDDbunJC6hGJyfBEbNEzcCYY0obbJOYy1mqX
320,327,one_____,_____886,96bQMc1aIa7kK5bpIUwNyZwjDmPtC5xtYqbbdrTKJg1sDAkt20qcdNq
327,337,one_____,_____886,lX1KhA5nDfpQNBs2traOcClyluC3ogDtSY
337,428,one_____,_____886,GTFV57x6jeLVZH6Gl9EXw45yiAqe3oBGueCNoE6
428,505,one_____,_____886,E9f9YfxTDX5Rg7vz5pJwBlUr38Ad3KejNFA
505,619,one_____,_____886,HjDb284h26uOyAP4h0TsTWDc48LSbSkWfwMqzOzW8AFDolm4QJSbd376XI4
619,774,one_____,_____886,vpRirCHrleUmvixmUWLcLbN6UCXwyz9o3C2B62FuE39zfG6Xehz4HGWugHIOM
774,959,one_____,_____886,ZfSMxRwO7yYh0fz0gxNGJU3ndB4fDwwBCfFee7AUloiOas8f
0,5,four____,_____887,z3YSEwpe6nrGu5TmNRlW4NQQFconU3AiY1MwkzT8YpAtHc2yTRA4DNVcL1JFLae
5,130,four____,_____887,pGIxwSP8tQuY73a5ljdjZiesfVdEOkeyGTl6xRrS
130,159,four____,_____887,RNDJbszgzUnbMIgRA4iB7Kh0RacCY8JcMbg3v1J
159,214,four____,_____887,U9qILHo7FOYtJ5sC6pxZ2I4Uf953Vo17M9YnYxrfm1ZDIX55RcgReIu
214,257,four____,_____887,CWFcWzNKrfKEKhL7TSRrpvl7FYLXZO9ejl36
257,438,four____,_____887,DDUzQ1QUhLioV8KGx7xv0mRuVg3uLndt5uzEoNuUt
438,471,four____,_____887,tFXtpNiFzcIukm3vKFdIKRUoy5MIGzboBc9F
471,472,four____,_____887,CkHG9OD0t8DNXFP6bK49cC6tmnfM79gwwYxm9diWrxwpyd7MKc
472,495,four____,_____887,zm0mmOBeoptDs3pIIDq8PT5UhsLhw3Lk
495,503,four____,_____887,yofaaDpyJLdSIaRPLnRpjy3ov7rq0Y4wrzccH541mKfIGnvDM
503,531,four____,_____887,vtOLgWzeLzIlNHgElq44c70b7pAlxvKxAAHoSuoL6Bh
531,667,four____,_____887,wLjTxQwZqQjSDcTbFBLUfSVlunJm5Jm4jfQ6I
667,680,four____,_____887,IbtTIYLbPUjVwUDEUBv7FwjRvQB8yMtValjyNAmIcqF3WaVTHnPjSbc
680,691,four____,_____887,yKcN8VQ9RrTLaYcVKzvZnQD4Bw8ZlrGjdF4Ljp
691,752,four____,_____887,JIBE2VxRbnatsHXrD3SrYIJSDRdkHJrdfiRuY5jWs6TjGjyV
752,817,four____,_____887,usxdWxdM2kgxlYJtnxkArxuFr0Ia9N3C1IchWMXg38UmTihBkfI0KfHM9eF
817,826,four____,_____887,gmTnag2ToyHTZ2bsT0Ygpo29Bi4eBe08rFQgDVnSXcNTFvdaolcA0nvNav1rM
826,951,four____,_____887,udfY1oLiOyAoYfdqFiGT3np2IcHkliEVVGSq6CdXzmc
0,16,one_____,_____888,AM5WqLgEXGs6nfsfQM8vtg4iElBweOtWI197x
16,224,one_____,_____888,sT2fymAY3INzDVzmzqwX5KSBk1sBGtgTWeAjoBDKjl3fRLgCOJ4CaqP8
224,231,one_____,_____888,nMLiyZxr7B6TCoVhaJbiW77S47xqQhEmswDucM4
231,234,one_____,_____888,YE3ghqkYxuuRjVIx0dCEoFsrKpBqvT0P5i3EMce7C83x41nYl2MsYBtKYIGQr8
234,296,one_____,_____888,9wJw5rXDFdDbMS0GgOmrfbJ4xw11b1SGEzho7fAA2SrVa3YZpXUz
296,546,one_____,_____888,sW9hguLTLMmQbmKZB1cLr4gqha821aR1iFt9caaw0
546,557,one_____,_____888,GNN9wMKa1xRB6ph89dEw5o4ZYVEpqtHGnb46nC
557,631,one_____,_____888,4FXqU3AeJFdkUvHwTA2QMh1OioQ3hb5vv2tlq
631,720,one_____,_____888,JVT0sv2A32BdLNxYv6UbdJznqRQSfcEArFqfMAptg7ggv1OVNhYC
720,857,one_____,_____888,7N7vWjkWV2upcPmHdfDgqIGfv3YxQo8XyY5jF4nIubSxxS5s76uQkHE
857,926,one_____,_____888,9S37uWff4nEDDc27W2ZkumB3ezCTK30KEYPsKTv
0,300,one_____,_____889,4LyXwuU3jnyJcoJPLcaqmDxNxVY21EhsdwB3TDu9WMmcuB
300,451,one_____,_____889,QKWXmhpRVZ61GUiXUeT5aJOFnmaPuyibVrgIUkFlIXqZXPjNCvWUPltnK0okZ4
451,514,one_____,_____889,pYsesyeMngZ9QHeQect00m88tmq7oahCVeQwqVuRx8FsofrBSiahFtvVAqlZKUen
514,625,one_____,_____889,4EobssS68iU7Kyz3XCvlj0DecBxtR17NlRfdS0hN3GE
625,639,one_____,_____889,Xegptr5O95N5M31WuawFORSr0JC4N2QrTBar9ojGMR1Joo4Mut0vn2
639,679,one_____,_____889,TdjrRpYqZnTUCBXdDFqmUEN2x9MWNnoN6BSh3Xg84tZT14ohpHTz8ijOdJOe4Xbs
679,870,one_____,_____889,K8hVFYhilEcMVeE5r9InjtM29U5LJm2RLD9BNoC
870,904,one_____,_____889,QCHQfBJrDB3GKjSiLZF0y5EHtFF0X3PKQRZ03
904,962,one_____,_____889,lxgBcyMjawnSc6do6PsNFpoYSOhWXGF7yuS00sQ8Y5KWiymo5IdT2e34kFCYM
0,6,four____,_____890,Buf5HN6AC1vvczsRKKskM3ej6N0KUzzhYnpZ1un3lPUO
6,32,four____,_____890,Djs3x2IzDM9F9U8OS86sEm93jsETJb25UNiPW4QzNvKyQwlaXoOLamKz9AK
32,33,four____,_____890,fiZ1aFXg2fBmioyrjkSIyuTZg5h4ZQnfEoQfQSWWSlYN3TeI38vLw2KsnJg
33,63,four____,_____890,HGKWeCPjysX5XHPezl6bdfFanqM8PhzOoFwQ
63,76,four____,_____890,BRGmUrNDr49fBbVsJ9RQLOd22HG6fbN8OkbhU54BaTzYCL7lG8z3Kch05gk
76,187,four____,_____890,e6NKz4PkIwBQ8agGXsnYuE7LtLfxTAjuQsallv3VsyGeXtWz0r
187,238,four____,_____890,YLTrz7EYJSNGPH1XDsl7wBWtOA4trtK2bIZLP2QBcV
238,323,four____,_____890,KYk9gvhARXvRv29EzhtWNXwYD5UqA0Hd6073cNsaEYkqC
323,422,four____,_____890,QewQ4tvy3QSwxZ3QvnNLJ7w3TbeWjBqRDS88g5E7KCnScFkKWtSx0P6L82qW0A
422,532,four____,_____890,fXbGbzERVyRy8ocvTGdejz6Td3UQC4YLNJokHUmexwdwELln
532,679,four____,_____890,s2ghHKFHeDYwRsAfqtZKkstDzzd4LqbF7PIq1K7kQN7xhpkIGOhP8iFZU
679,690,four____,_____890,qX9I8CNhNxBoNfvp49PXZLWsVPi4FNehzc
690,775,four____,_____890,HNPnWI3XuBElPGIOK8lCDcOiQoaWHgAxYR4YTmOiYRexpMif3pKIPWF
775,875,four____,_____890,IdinMckmhpBlyJISxOg29ma13x4GfxNzE1j
875,890,four____,_____890,wxezPIQ7nINoTJJE9ZRPp7echX0MS68ieNeL76q7KnqkPlhGfW
0,137,one_____,_____891,delgqaVNinZar1zhVetEspb5NQvEOmGnhVi31L0hhLY2v6
137,226,one_____,_____891,HMLLR6mM2pjPKLNH3NljGhP3RWWHlZxI6Feb9pQ9ZTDJHInNPo
226,310,one_____,_____891,KwebcsEkW2xCRpHVUyN5dJq9ID36CL8AFViUX0tze3YJu4H2kSrX
310,374,one_____,_____891,qNgodZVs4GxaI1RnCrYJhoiCQ6o6I3SG4TnwGnwQ5fEEU
374,436,one_____,_____891,8XvnmtRVIE2vaTklvZ4xhJqk3GnB1s1lJq3Z3S5n
436,471,one_____,_____891,hy8sJgfwULvxGFVPo0gjlJodahsM3c30
471,520,one_____,_____891,u0Shr89Dj8hbN0Ywr0Mwfrw1J67fM6AriZq53kCl3Xbclp1x
520,616,one_____,_____891,j5Ny5SI7c6RcF1zy8fOeVg1UVHEtRVG9ThTG6
616,617,one_____,_____891,jS90AAdlxp3ipllavUByn8QndqUwOZS77LOH6nLgo2WFjaWIQ2lot
617,622,one_____,_____891,pINws1LoFveFtGTEzJySbNIzgIZPHIEVNUTee58orzXemlys7yK
622,671,one_____,_____891,v763qK0eo0zHEdef9tWBeNBhvVV6juWtJYUTXtmhYa
671,720,one_____,_____891,kPnW1mv7g9HRAzl0jGRCXT2xbfKGi1UjX
720,821,one_____,_____891,K8MPE31369AycTKVRlMRjT6TqXUqqDoGHRkdFmo7F
821,831,one_____,_____891,eyWesSf4noZB5RrmdtWnPR0zyElq0cfTkxusy
0,46,one_____,_____892,qlZLZ6P5HqsKa1jn66lm5Wybox5l7NN5N4sWigj8hyTLsb352psZyuh9jXWjB
46,120,one_____,_____892,xpicqGmBu5QPcrx5k0jwC954jwEt9hmLH4YK7rzy
120,206,one_____,_____892,kL6J5LxiVo9NVHLbPJ8OiABnxbnOGP5Au7
206,324,one_____,_____892,Q58jT0ynjr3c8Srb79OePk8xvLNsec9Zo
324,392,one_____,_____892,naD3h7BkRRctagIeJQymZd31FwsJ3ZQViTigq7q4
392,805,one_____,_____892,SzGskWCX2o83H37i2Tgjvlz1HVXXz7HVQQyJiQeGc56
805,966,one_____,_____892,LIsARyjljWkQu4vtV88sbAnFEtJHedhQBNg1ZBrHqu8QHN8e2rJebHW78ZQI
0,4,zero____,_____893,FQteBym3bqeLo8OgOyIZimiQ3AWDnyKY4Yc38trqPp7bITlblGCed
4,165,zero____,_____893,FyHZgsp5qE9ZwZJ3GqT6FNKPqtkkDppxKLZzrb
165,322,zero____,_____893,X3iVO49Z2peStsANsvwAY3OuQ5FYDYrZM
322,377,zero____,_____893,UD5DwSWWtOnp5OW2aIzAKptSGreqIAG3mG9zJsWIUdp
377,436,zero____,_____893,WCd36L2FzMSCasgVo9pGMnEtVwrPkVIlDXBKXOeAHAOZQsi8g84CV4GS4VGL
436,452,zero____,_____893,7pGaTjvPhAlEFhdGo6BRRAZPOZcoVOhg762fqtepsEbVcUNDc1Vd9SqkEncD0j
452,571,zero____,_____893,9oTlbpRdFs9QvyAeC6NJ1Wlj5tK8eoXSAjckH526NKuqAH1OJI5GCeEpYZ8wz0z
571,640,zero____,_____893,lHLPNhVPPf2qC9RnDXLDNSKBxkee4N914iBIaXfhRzT6jsr
640,677,zero____,_____893,YW1hIMeWOvs11Rdrltv90Biy9RvrugD0
677,701,zero____,_____893,2CuUSQhahXtYL7h5FgubOjLdypBEQxnZq4v9LcXu2o9lOVX855VCYz
701,769,zero____,_____893,3nHeZGmb8Gq8lBTVBGgHElTyExvAng18amDgyB9GWemaeCJGi
769,943,zero____,_____893,eQIRevbfBaN2MIxb7GBsaqNtqi2CYnpdkIOjnSaHZfIbtXSMAxyHTljcBoiIG
0,17,two_____,_____894,1K66jFHe8wYUCWxJNuE0P9QZsEXeJyQe8Dewx
17,116,two_____,_____894,5WlVv6t4vnIkDW8Ga8MetkuVZepeiMZXw0hws
116,197,two_____,_____894,SqvaO5zjKnP1RAkQThBz7c731VOGthNwi4EuYkRyW8uqDelxC8QbINJ1yJ2AX2W6
197,250,two_____,_____894,kRG3Si7MhfJvTaRPYHTLw0bDk9MQOckozgno
250,281,two_____,_____894,pOO1gwWmoWYmHQZYHi2sP1lLtkyNefr0U
281,438,two_____,_____894,6rWr86cNBf5s2SKHKLUBP21fyWXAPHhaVLbWcpIF1
438,483,two_____,_____894,FBa2Q28GC5Jwvkr8p5gL9IgMfSMEvLMCJHJ43slC
483,611,two_____,_____894,CIXJP1wZJPNOJgq6CneSoOYCWLYetQvcu9343XMgwf
611,629,two_____,_____894,4RmmVGTe1yMNjHKVI8BvHhqH21YMEOVpQPpnKXXKpGLexZ
629,732,two_____,_____894,RQXMjTVOHagmcQDeVuQpvR1iY70mz7IquZ9nP8KGCLSJUvzqR5NjXgWH
0,185,zero____,_____895,7uUtuHyH7AD4Qqz4uhvvO8x41h2GpvRWKPjCdE9IXbvrHmS5HaKDqZ4
185,263,zero____,_____895,zXhDnk7gCpmD96lhvJdpHtJidZYjLsFNe
263,368,zero____,_____895,w3DXJDQ8rFUBHmoOhbVolYSJVlwKJkh30MxpGocZOe
368,445,zero____,_____895,ECED5tuvGCFsjMLA3bnSUnkzckHY8dq5MU
445,549,zero____,_____895,XKkNsuVWdBr8sdglPi8TeVixwVtbCb6snZWv2V
549,576,zero____,_____895,LjqUcXsfD30HNnwCxBZjPYTUX09HIKCTA85TNi9YNJQtwLZPWcusN
576,651,zero____,_____895,0bia2vuNfkKuzIwN2wgd5bdGFHCRottvdzrnl2EEMb
651,696,zero____,_____895,7AzXvUmw71JQTvF0arCEeaHPwYnUqZ9grnwNgA
696,947,zero____,_____895,APWJnz1NmXcObZoW7ifqe2SFI1FlPLpsvqqHzE
947,987,zero____,_____895,6HCw7MZB72POzNgyBpxcFUGOWQ6BIjZQN2MIAlOfuu4fw1O9V8z
987,994,zero____,_____895,UBCbhj26kPz8As1sKjEwnzm8XnCdEAqJEW9
0,165,four____,_____896,TThhbAVedlJaCx84R5qW54F4bwYsNwqrPYnE1UzaBLBWNFRdYPBiQ
165,245,four____,_____896,WFebVT6NmaBKEUryNvvCgcdEEnLRhEYVSdHoqxhvnly
245,252,four____,_____896,0HRzxV59mhFgfLpeuZKZw27QyPahqo8EVOVfh
252,369,four____,_____896,gxueF6oMth5YnrgYE3S1Pqtmku5Mw0RZI8ysn0FFe
369,511,four____,_____896,XyP1R0ZGWxpKtqEm9ZQ95h3VgTRwcqzJR6AoaomfkHTnXtbIYHP5
511,546,four____,_____896,YC3uoWC77jSDIVREjUZSUQgLgcP4c9q8E85OjLLt0nEk7pGqmZOyb5Hp71oynE
546,959,four____,_____896,jBeZfYBiVubq8eNL607EW8ldnMsSDCAt9eY9W3pPqYDJx98oOYaVrJWFq24o
0,50,zero____,_____897,pTacTDu9PGQzav7Y4kk44zH0Wl3uatNT4Yg2z
50,129,zero____,_____897,uwC4IlpmGxImfvWVeP39ASU0ydIEStBP9FewqumIfNJ2QN
129,215,zero____,_____897,vAAMiE9nPSr3pY5j8284R8JLjs7rk8FlyN9a6TNuUT9W
215,244,zero____,_____897,QcmVbhvCFu3Jv25fbIKc0RjkWDTu00uUVEKFQwbU6BEV2w
244,424,zero____,_____897,v7TeLDYBKexvGFlvfroI3JDAUiMqSwxEwG2OBHdeHXKCy0BjfWKTtgBVHcVb8xl3
424,565,zero____,_____897,mJqhFVOOKH2IPbv5NKXmUNTMhgA0CiVXnq1gCJvcxfrVzo
565,722,zero____,_____897,1MP2iHou8sAJuA1ciHKJCOEPfAbHyySSOBszTysiDKJa5CY74yxu4AdMYD9bi5
722,845,zero____,_____897,giQ0PUUOCHzMWkSsXlrQzXoHTvqZq3fewwATr1Lp0oi0ja5y5ibHWIshzG
845,940,zero____,_____897,EOmMmy6bCdcjzDLv1A6sOvtwR7QHKx1lLOg
0,16,zero____,_____898,bs1D87lVe45tZlPSLxn3sap5xDK97dB8sZ1dOpe1MdJsfW
16,219,zero____,_____898,GwMWgkcMScKEUU48q2lWE9Am8IUiYdGJSX0svKLrfQqR1I55EfYziHE8Zm1
219,274,zero____,_____898,PSs8fEX6K75UWQiXOdng5DT8ENfK0cpCMUgsIs3OmIEFywob01nhZUVP34FFNOJ
274,391,zero____,_____898,D1jXLPJf05R8KJzg4qZzgZwlYKWD72eMHuSPe
391,479,zero____,_____898,c78p5Sp2MwnqyYP16emkOYOCOVdyUKZllEWJ0utr6DowANBHpewzAlShqUViqxE
479,481,zero____,_____898,R84Qupt54NQyXv9IUUi4TpasTar5nTqzADO6mwD4kwzH6xNd
481,497,zero____,_____898,AqSts2csjtHI79dhM6K97uEi9mGAQ47J82fuMsEU7EtQhCLV7EwgktZ57Ioab
497,503,zero____,_____898,rpldYa8PALwykHuBjZfrLm5QWVgbMDu6WHR072ic9hK
503,532,zero____,_____898,Pb1hbvWSPFzmNbMksoQ8T4Kt35Bry7X5eTOxkdY0abWOtlLXqlLUoTF1CM1C
532,564,zero____,_____898,6VYfizYgGHhFxEKVTQC35QVBiX8e2BQ9WFkep3riuH
564,572,zero____,_____898,yKb6yHAWjW885zYFbXiiMRyUg1AxPbUZitiDLu8WYqndFi5kEQ
572,869,zero____,_____898,Q63yy3qIYXM2OIH9N09qBU8uAvzJK3uFNh3MUQzwD4POc50Cps59uk76Z
869,950,zero____,_____898,lgQeZUHhQO5bJ0NVovHGR7ebUKTsml3pBtBYBCMf9LIOLFOQHBnQ3tJrgD
0,29,four____,_____899,GaCYzMHD4CZ2hDv5wABC4SkDgCzOU9pQ37ZYvYguQ1Boj9GUVWXw1szv7q
29,79,four____,_____899,IKFH5vRFDt9DzvtkF5OQRIyIs2E7WNVGFHe2d75o7SBN8g
79,97,four____,_____899,Gwj4qTgtameZi5vqMSLjENOd4VTceAAQN3VONq654
97,131,four____,_____899,2un0h0a0PTaSKy4cuIquJgeDKKAiIMGiIWJFCphKpKfnRYC4p1G
131,192,four____,_____899,S8qRoBQZaZpIcqZp6yrTLguf27zJnqBEEqi5OibkzNCUJKb3yuXO52P6voBi
192,262,four____,_____899,SvYKf0Aaz1c2FHRtvNSeHqWz5YQXC469LJq4GHDyPs6wbHvaZVcK15dfnQT
262,341,four____,_____899,6KPEhBun3vYaJwbe0su1kDIolRSV6J4BM1fKB5goUUSjdytHFu7BPuTTomQUclw
341,365,four____,_____899,JsPoaXritDSXQVyRYW4Ec4BQxB7snnmXkUf6
365,410,four____,_____899,IMfTCBSifwEhZ9Z4DjwNhn5gEaGGx8DpTKQFBwW7H3Be5Rf8oMKfdYMfqZip
410,811,four____,_____899,7JBnaGMQwnOKybe3zXoXVEjrSt0LtcR8T3Guo9KKpzOanWaKFc7a9bMRtoaFS
811,827,four____,_____899,GMnZA6o1C0Zg8aF2mgWp87ZbgmrLigE5kzTP3vL1BlhEfaoWjvwxCINlJ2kwNrt
827,873,four____,_____899,YWsldrccjKyDsyOU2UlK2uSu9U1V2WRsXothRAp9IfJwsL
0,42,three___,_____900,ix2FDrwRy3pOChkC2MQuCpm8Zz0Mm85BXGuq32zgrQ
42,53,three___,_____900,1tM2N4bs0v7x89SoK5Pj1Y4AUqNej8Ps5IMH67R
53,144,three___,_____900,MsxmVbzQVSDgNYxwgfris1df5Cp99G07jiEq9Is
144,184,three___,_____900,pe1524WYzQjEJMaTArOLlT6IBbeXpaVkdJmVsPvQVW1
184,430,three___,_____900,yiFNWDtdNGDYwvVZCSjyO0cTPGq8Agnxi9mxT1TicmjmP1ExOyQ
430,460,three___,_____900,C69aVzUMjdkgHvXYOihfZj8q4Mf9lOONBtMDcW5xsUP6J
460,741,three___,_____900,l5TDfKUz2Zr6GBy2ZzQFItNYQbq7w33S9vpkFvEBgJWSkOcvfHYCwzRq1OfXhu
741,824,three___,_____900,8jIcq4DcsO02tiojtUGfAsrpkoUQlzpwaLAWgoBJJqVixuyu
824,993,three___,_____900,GZeJMYr1BQoixvdiCVklYqL68BErnwM0RDvz5uzsNZV1SZRqyilJX
0,3,two_____,_____901,wDcZGnFgbp5VjQL9lUQiKKMpGODbIEuj2LLGNUTLElkO0bc7v
3,148,two_____,_____901,ZlAGG3SRTV9kzyVQwTRIJoAdzqBuL3i92qPZTMmJT8UMv
148,174,two_____,_____901,98V5pBV6uBAU5Rfn4VC1qO5evYP93fzEvqfqSaeu2i
174,186,two_____,_____901,8Ro0RlSz1gikSVY6rGiWPjFJo6thfGHSz5GpM
186,262,two_____,_____901,ovIuLwreDLvy0nOGOkkEf1UsbuL1M50MHDY76ITXqHa0uAexOODsbkCt7YTZa
262,352,two_____,_____901,DKqc2oIe8oVR91y4sswGSy8QRB9gFN2wrwy2z
352,365,two_____,_____901,2upfK2U697phPCBf0CBGnNTbEpEdL7uaMe9FT3UoE7GqYtuX4OjimOe5w6h
0,79,two_____,_____902,1PmnrKQ5JFV2w0HrHz1Y9GQzrt5HtG5QN9ILG
79,96,two_____,_____902,MrB4hYF4mffvs5ZKHxlr76tEcJaP6oZja5a4Vjs
96,246,two_____,_____902,7IyLBDBlEIt2KBSYejhJ7CveVOjbH7J9RIsiwEnI4U0vSIB7n2TgYjwl3k87lcL
246,429,two_____,_____902,Z8hjO9ewuh3tydZg4IdCALvG0QGot7WnI1S14WEpZFLCktyQn2ad4AGf
429,470,two_____,_____902,2Wpu2mVhziivdMuecZ368AzH4WtJ5kIN0W8MPsf1JzAT43bmw
470,690,two_____,_____902,OKVwiPgHmjkqFfGBS2yBPhiDgzwswtxxPQogagXUcO4vlV5MdIklLDBMqC2
690,738,two_____,_____902,GgczzUWwD6D9KHA6J356e7EYFk2bbcSK
738,830,two_____,_____902,zRplofIfdfy51u65vZEsPHtcKhhBtmKb
830,975,two_____,_____902,dqlj6Pqq9h8OzEMqxOvdXsenzmOFU5BrSH7qwtn6kDF
0,33,one_____,_____903,sPf59R6m3m9A0MQrGlE1EmdNIH1pOSFYOmbFJzleEuEyEwOO1HapumjRcU7T
33,238,one_____,_____903,Wc0uNX77ARNw0ceFTAEUDfSnwMAW9JeuKyJvwaF5s51kpjiRXni3HOEmRj7
238,289,one_____,_____903,3b67jofVWm5lCo4M8NzPho8MfHQ6m2sGayESyWLQ
289,379,one_____,_____903,XRxMbMe3jLSyvTZP3ZL2uIEftmeDCeTY
379,433,one_____,_____903,H5ieNmzLfTEGjalpw0AdIjA5tqXq7sXJHuYEKpwTLA9OO
433,548,one_____,_____903,n9DszsWwEmR9HuRUxqHPiBiMwB3Vawrln
548,631,one_____,_____903,B31YfA9rHVHA5Q6mia5nO3N4krDa5VXP1x4FLRiF0YQeu
631,670,one_____,_____903,mjmdHXd1td0aF35RvnEevDxtnAD3zzY1IVljYo6aWKlXzOif
670,796,one_____,_____903,eL9nuHzJ8aOPfA92HWLKiU3tiJ2ZNfsRpN
796,893,one_____,_____903,dqVUoMmuakKoMMF3q4XUkjmQz1rnoDOaynq8c1bSiXeKhEI0lyRCjEqvHhIut9Kl
0,226,four____,_____904,IzSiieBbxpEXmEj9UrwpgKHBZK9Q0dcnxY
226,247,four____,_____904,fOylsASGuVqhfNeuZRBvGAH0NqJ7OwGzzKc1ty2w9N
247,481,four____,_____904,BR5BfrQuPhjSRrzR8fBx2Fjr7Ic4TSblmNPhjUof1hjtoQBqsVw12Rjc6fmDp
481,534,four____,_____904,8p6FFDoIQvg35RkBI5O2LPE3TtKCum0s9LhFaA1F
534,709,four____,_____904,KbO6ehhoDHHN7eDunjDBZVAIjsQ287biteFfSQFzd7B1
0,9,three___,_____905,4VI3lAfo0ABUSPjPAgv8ONTzSo1gvPOIszUz7NbYIoGTj7TI4Z9PyyiOhQT
9,183,three___,_____905,4PiB8VE4m0TbJk4cLkaNfwoc3Ydny14eydVO
183,239,three___,_____905,v8E5cggOnXe9nDVQPfXkEyPptmAO2KATfSCOq
239,248,three___,_____905,PrPFyQReDTbT3SmUKMQwP3ZiOUJGuYloJWtMtWrfYUkAYalaYlQKN5K
248,284,three___,_____905,f2WRKTQEgbyBKcOyjGXGoRqNUiedBF4cktSmVG21rQHpWVkhN6DbrL9s
284,329,three___,_____905,PxyBTUnLTVl1u46Wt4odiZbl4zn1jUSWvkr
329,561,three___,_____905,COPOltcLyMw182YUiYDeGFgnUYjjjb9OmBsgj03OYCu2VccQ2Cr15G5lGM
561,876,three___,_____905,w84JcVlZtDTF647EweKvJWDuQOLgGnT1FCLfsbxdKH
876,906,three___,_____905,AlA6VSz6MMRaklrLlbNpGwPzVtyEfeNXfOLYkqMw4c2Cob7Nq6O1Egwg8
906,927,three___,_____905,X4s1emyOpBRqq0g3Jzc89LwhAqj0VNe2cIuV0xYj8K7r3hjekXYR4InAW
0,90,one_____,_____906,e46qE8dszf4YxGWT6lmevPDHClvktpwZGXyzvIu8JN
90,167,one_____,_____906,mMNkp6P5QppMvnB5bOtDmuDhIkpMI3hB
167,195,one_____,_____906,N6Kh5ZN0AM8mndOKbxlulfNftHUOLTndpJGA7giniUM1Nnc
195,271,one_____,_____906,JhjuMFs31zhm7Pf8OyYdqPIxKTmCgQp6KLBa
271,368,one_____,_____906,kBviDmgzfwV4mqbbi9KIX0J2dDQo4lcrnzHS5
368,382,one_____,_____906,EJnfPguNgOIRPGZc81ZfRukvgCwBlPIBK7dAROvG
382,442,one_____,_____906,jHh7ZujQZZ8VVL0Jd589buFPcSbAnHi1vFd74X64BcxQ9BBq7Zkgv
442,608,one_____,_____906,4IsF3VrRzYUVGDSXmCWbx27HyYapKfMbhVEvsTRycc1PT9PpBlRN1g
608,773,one_____,_____906,8JePLmz6DKrwpMbbwbfZC1s5UFJQBSzXr5NiD1OBXszZ0zJ1n0oAuvffenlNmKgA
773,939,one_____,_____906,GoBorAQwngjG9mjApEWnOgT5I1Umg8GRg
0,9,one_____,_____907,SE5VPlm29QlTAREogpjHrfpNE46vF8o112601j3tUhWk4A94kPYjxckOPTR0G
9,139,one_____,_____907,Y5H8S9Hq2otxrc2jqKwnv40trD7o4kmwTf97u6hksNVeBED9a
139,233,one_____,_____907,mhwkPN41oVWON1XkOQyZvRdyRj7IE9a4kn5qzr9jqi5pVCepJLXkE5E2SNk9db
233,415,one_____,_____907,bMrEZf4L3SnTBoePcppZu9SbtyxFDF4KmSRgfIlffktYNJvK95mJVJJ
415,563,one_____,_____907,4qxonReJi3A5nCQkh2iqRqBdV0DkthwI8DoFOqd23gCxvJlz7o
563,573,one_____,_____907,8vtxuQAvEm0pCU14otZQ4ezyjIGR9qtmSYtjnPyrnn7bPe4lg1A
573,888,one_____,_____907,J5QudbvUpxKcMmsjpUEjXtVk3qt0jh0qy62Gf0dI9silIPpnDjmA5Xmp4z
0,96,two_____,_____908,5A0I6XaeJhSgcADkefrQQrFHM2LeEo54r
96,174,two_____,_____908,OYJBWx0s16Uwug1Ti8WJuN4j8XkiVIwEbIarzbPS8grjCDIQLYQPy7KftXlz19PS
174,285,two_____,_____908,9pUvQgrXRbIbm8qOUSAUd60kuPdAIRxxoKi1YARNGuAFhwSdUlANxwN7C
285,306,two_____,_____908,dfaClZhQOz8KRc582cDE70V7ztPX6krV1dNTSeMoBceQsKpCaULNNP5x
306,576,two_____,_____908,htZuKto7SlGnbGhzj5Sv349zQgE2uGuuld4jlRofN4hWHlcltIRJ4elVYgWIRqYp
576,600,two_____,_____908,cPbXuuS4JRT0jr6PWCZKya0URNqkT54qlzAv3Oyyg3jg
600,635,two_____,_____908,PXwi1VYLnv7C7YC9hUX8X9GftVDbpFcaUe1U33aZpjWqAjyrRauYozveAB
635,655,two_____,_____908,MzA0xIcpmqK5yAIi8XWBttffBCKyiSCIxaTcOLLO
655,719,two_____,_____908,3RuYSWoG2L7pK8I45790v8w46JyDWzM1lqAI0kympabJrz9vNhSBlVxnLnPy
719,722,two_____,_____908,VCgrgCHS1kq8z8j9K8cbmRKEry5pcSYRdT7Cir09W98VXzhADIGehDst
722,779,two_____,_____908,RnvibrxPCRK7A5Ks98nnxaAEVUpsIKK4M0O5Ex
779,906,two_____,_____908,PeOYSofBPAxRi0Aj5q7Ox93AkeDO5byvjVssnyc8F1EhThiaD0YvjQ1KDIkeUSBh
906,955,two_____,_____908,Wnb8K4cVHYJOjFmbhM3baDEits8lqckGSWxta4vZwQq1CT76r0JHj
0,136,zero____,_____909,nxmpZZWVIdZhIAKzBksWoDSjN8k6RdaVVz6QkR2JHKBbyQfBFsWYBrQu
136,480,zero____,_____909,h4FpdOEFBigGCJQeaeqDgU1KCv3udTykY
480,587,zero____,_____909,zhmDhCxlt6W83mH1fcW1gWiOjxrVDOp5UiKeLtN2Qj7lDRAQP48EriJnRfE
587,773,zero____,_____909,aaFlLrFO8RdDyf0WZE1ZE1YjtFZbcXgKPsARxxlqNRGbWQZLxAB1jDKH
0,16,three___,_____910,dSkV7oMw57a3CqXqA6fm60bNiyM02TlO8C4I7wTCa3Zx
16,133,three___,_____910,kHlnmKfHmwgaKXwkRqerjghIEdKDGGkGVvrdZeGWx8Wdv5NZyNpX3XtIBRVM
133,497,three___,_____910,KcbSilshRSVBdk55VD4BKG1Ch6eQYsWQEe1ukvNq7iVmTaKQEQg7jUTd48diHYj
497,670,three___,_____910,70SqxWks06z5vSl0yWc0YmoDi24CCVlo6FoBTKeq2c7Ed
670,701,three___,_____910,6xzWclrygFhu5BW21qSg7O2WsPFGtQdynK5e5INY9t3nhrIaXkGH9t8
701,800,three___,_____910,ySVktRoHrN4Q99mBqrAjEtDVVPhofDBQhRKX1lxhsnKKThXejDspQ3lotNc3
800,819,three___,_____910,W1kn23Quu6V08JeYVm3ZEI2VpZjjJ2Rck2PnJcL2ptnrIWxq1SKLHlzpNw8H
819,889,three___,_____910,Nujw5Z1K1n2QGqV90NI7sA1lOhXKZdIyhgQOGcYguDgH
0,40,four____,_____911,YDxtFVF3Jw6lYrOki0YB7AOmtuifEidpaB
40,121,four____,_____911,G8o65U44UupvJXCFFpAN6VBPC0x5DDXXwm0kT9
121,213,four____,_____911,h4QrzOPBkpAJMQXpr4VLU5zsCyRuxxDdDW
213,269,four____,_____911,BzxfkUGsQTtoRN5ilQpzbC89kehwJNXe718dWwAf2
269,386,four____,_____911,F9vFh20OCznuE89h6kKkV2PBQLcc7XSU3MRwj7jZ
386,403,four____,_____911,DyvbNwoWkDAL5bQGa6unkdd8Wk4aSrH9xcUBTPuPk6J81niC3dOM
403,712,four____,_____911,hV545BcJEOIKqo13KJ996bJveJpcTkn1TmiLVdLo9CDWDkg2
712,782,four____,_____911,ilZlCzIBOSZbPqlbUDaI3MlSmgej6hSvuXBWmIys20xaAucM
782,822,four____,_____911,Rkm6DOUNgmfzISnYHHxvuf4Gg0AOaPm1to3X6IMJ0OSXEoZq3VVh
822,854,four____,_____911,0zVUGYnaul6ZOzSxp1RKCxNTqiq2UIwcEQiHcvUHhZ1amsiXS3SFR0A4LEE
854,883,four____,_____911,gdGcEG4ppwPRRFgJmODKw11UM7FHsg1Q0ZgBVyt
0,9,one_____,_____912,11EycBdxCtkzKiLyJd1rBF8jSpyYvLkokQK7sAixYBoDoZzY8SZo7r1fGYv5
9,88,one_____,_____912,A2MFltExzYDlC268i7220q9qG0qqdX8MgiO9MyFyG
88,172,one_____,_____912,HJfPHA0Riu14FNngNVsLz60Jkj8reZr9Gr82WIB
172,215,one_____,_____912,CwF5FthdU2R9BjkW0FB1t6dSZPiYnfPuLPUWQGq9AQB6yKvYCg7a8lsV
215,269,one_____,_____912,x74BF6H4Mt5pTXYOttojW3kOorBz5EAhydWNAuDnSdoN
269,320,one_____,_____912,WGMiAs8kENjelcchFm0Lrvk1DtZgfWYsO7SK2y
320,441,one_____,_____912,ffDUvfxsZOQmECObwrlC2oBYRk3jsVcH8yv
441,532,one_____,_____912,W6C79JYbEhtf1Q1wB3J4KzwNvCNmXdH8V9MKZEBav2EjhJR
532,878,one_____,_____912,9C5PcwePwjuX81WxzNT6vrQynSqZe5qNUNreujDdMO2wX10iKCSJ
878,918,one_____,_____912,YUEMd3NhIRzlT2H6BN9SpqoV5mPcXuKG
0,176,three___,_____913,uLIa2kiZArZ2fJT7XQixZGvwL90CnQH6jUGwkBBdEhyNmN92X1nk
176,331,three___,_____913,4rUe6eAeaN7nVM7pdqysxNB2sYgsvaN0wIDG3AZjfSaO3ci4foL1kL7QJ3OXaZ
331,571,three___,_____913,ztf9vWP7tiWyAQASSh37iWx8G7hdeve0lS
571,616,three___,_____913,nhXUP6iBleQkDaEU5ujXHqWK4pEvRTe3Wc82QzRvlEJmOfWjcQSDBliItg43jf
616,716,three___,_____913,L8z6JE3R7vfPp8GKZlNy0xuZi2OGGRxZvom
716,741,three___,_____913,ZCSQIfAEYuQwJWf58StSJVrvw563g5PuyG
741,832,three___,_____913,KnWjQooK5Yqf1Q09gzxbKLVqCcdJpZJkWmwrpnnS45
832,867,three___,_____913,ahA7QrySBKiyjuc88Hf2xhnrjvO7Eo997i258noajlC3ur60UOWP1PQIo9vr2
0,215,three___,_____914,rbcIVSLt85KZmiQfOTH1l6yOTNq575U0Nfo12
215,282,three___,_____914,SILN1vUuTbWqxjI3FrWBXdgEK07SnQKaA1HUg0ld0vN1PasUVrHR9wz
282,432,three___,_____914,otNu8fUt1nxsUixGoyEHDJIbfbgWyTD0wk1Gcg
432,639,three___,_____914,NxmUUE3bSKffm6G6E06edt2qdQtCal7i16dyUd2NSEbC3sOQxs7B
639,777,three___,_____914,edgFvBG42hUkwk9Slmh1lcmPJtgY9J4vWDnuBQu
777,815,three___,_____914,A1S0AqqdSbV09naHzqj0rueACjHhunyUsk1
815,905,three___,_____914,WSfJR0PqwPvkrOrz4rv81agFrJAzcG58591MMZHdUARbgOosimsMvBYCLp7k
905,995,three___,_____914,DGPI9j4etPJLkqdOs9ggHT7GvJeyXTzXYv65
0,62,zero____,_____915,t19JyetGaSMqVD9kqY7CzicTULF34n4R5OnLiO3HkD0rGmovnqLxOlvxM8f3Q
62,139,zero____,_____915,odsLtcADSrGnrrG4KmlZipQcLsjkyMdEHeJs8wzyxQrjzsSaEwZIJPAUijCjb853
139,182,zero____,_____915,lyDNrAwmJhdN5xoNsdXj79hQDakF2XefAOomvy9M5gR
182,272,zero____,_____915,YkJhP97sJDmgX9mtGwqat8sXQywcH32sZDalvwf2JphWyObC
272,274,zero____,_____915,p3xapoWjqiFn3kvBYgzExQUdDBAMYtQlokCXOGJiZah0mm9I0kDUaTwWTM7IY9K
274,526,zero____,_____915,l88r8CdlnK2rPUoC1pzRLaPzKtPKreoGj
526,535,zero____,_____915,w5vyqt237jErL0rqCLyM3R6CFz74fSrA0z5aq
535,553,zero____,_____915,1uGF860ZaAxFfVGfxpUHvyue0otrby6IZagjv6h0tOiXZvakmy9YkUuLDJI
553,677,zero____,_____915,Vfc8U2LUlt9K3CNQljjFEAApdp2FlgX6qcqnJzji5qbniJvGkl5YLmH2EnJ
677,706,zero____,_____915,fnDsTUtNfj2Y9gllz4e5yC9wYvOWdFAGTVgb
706,742,zero____,_____915,9l4g1wrXLIEkqnKKBFX78noGIt7iTShfAaE6Tubjhzd
742,876,zero____,_____915,qWn3vfSz4v9iLGBU3fngapRgyIf5lW50nCMgSa
0,199,four____,_____916,H7SSA5xxb0m5ALVdGLfqFMG9NEccx9ssGciCV70e
199,237,four____,_____916,Xhjs0s1s9bB2I64oWQIQ7HgwV2sMGwWYZEOdwxcJ8uuWKijljIjGrGM
237,252,four____,_____916,hMTGEZqUGnu1CyVzaLuljkic0JCYsa4cLK
252,262,four____,_____916,qCuvWnwIVjin4Y1J3sxP85h5PbPfjNlNhzXi5DK
262,277,four____,_____916,imiiMIsJQIEjyXUlt8t3B0ASfgE693KiZUGTFJaRJKiITrRZijFQE6xZMnY4
277,411,four____,_____916,GFZkemZkHpmWJ1SWpEUDFAVJsH5h81ZCVDOWZJhlstLhoH
411,627,four____,_____916,IUTUTKMjRA6hpafZUYT8tPFIJ8mwnFDU1a9xiAghgHQRCrd7IJAWe5vpynOCD
627,663,four____,_____916,nwIaMdfQMwVYXWbWrire8Q5OcyqJnIjO4Xk
663,725,four____,_____916,qZAafoCn7GXPL5NrVGr9a4KfEBvmGjr6xUPxGsHNpJ1k
725,788,four____,_____916,KBgOWDwOI9WeUdCNZLiBMWWHbbReYRapkjQJh0G1
788,856,four____,_____916,qZc5GvBYDPL3PyNIcakM75heGE6xZ1NqqT
856,994,four____,_____916,a68GKBWS7Q4jLnUQnFYmIue5AjwD72sa8ei6kSojuJ2Zln6KqP0O79
0,204,zero____,_____917,E9zpqYIhiMoyVGyraccnMIC5WArq4yVfgEGpxfLyhA4QLcsDEwXEnBJ
204,402,zero____,_____917,GBBy2hQIzodQK58cPL0x4gaJa9KtNXaM54vttKrTrFTMqTR7qixxHIHzt5xKE1
402,413,zero____,_____917,3xbHcT0qw2IOZiPVmfyv8qaG42mkQYobByEYPVGBHVvfFJpHvfv4tD49ZQVQ
413,606,zero____,_____917,xV6a7qFjNsChQGqo0y5GbeKjUKPNiUkXWR1sFR3fgpestw9S83yv2KjvEJ4Dai
606,711,zero____,_____917,MlUBxBAbFHC4ORQ9xEvajxacsbMMcq9nvmONYjyv
711,827,zero____,_____917,1iEFLD3Qyxijs4dD1PrnGHkqPdsVJQOenXkMdr4g2AaoQwZ
827,898,zero____,_____917,RFcgBImexV9suXJgDCRVx1B4xNeBdcyqorKFXqaOJ4l43SL5zEy
0,84,one_____,_____918,RTSvGl8NBXWUwIBsV9mE6Phy1WsslCvZP9w8BAtiIBC
84,88,one_____,_____918,H21SupJYZLAAKhxkC0ARMXbQ7mPTF7wIllq3fnn7ajaU71VgqYx4qQc
88,124,one_____,_____918,rrWZjnH7jHfg3AsZHO2ttQ2uJmRAn5HgHP3o8oA8L
124,238,one_____,_____918,ce8FOIm5d6o1wRmMz2HGrwXZer7igGMDfb9uixI
238,384,one_____,_____918,NQTv6cJCTlONz9mzlkHM6G0bdtJukRGM9
384,487,one_____,_____918,yX99Qaz7HUs3uk9uGfbqoB6QldX8OGylDdhLuAIecqE4R8kDtWshgNh
487,527,one_____,_____918,Q0DzOKIUi1T4mSH2KQBRpvarOHDMXn6DB5qxbFDCCis
527,565,one_____,_____918,feeFbT5VJ6cI4DOcAWxoKPUiWrwShOOCy
565,756,one_____,_____918,9JBv2FznDiHZ9rcBBYnqBrPRJevenV9FvyCAWOU
756,834,one_____,_____918,fkVLoY5MangZXe08GynMM09EoxnetMCGqRuso
834,880,one_____,_____918,GcG3DgGGDBJ0nOAUbJ0Ep5PkYTQPRmx2RzouZD4
0,86,four____,_____919,koJluKGqUNrDbAO8tF3XHqNLGHNYG4T8ubvES3RTap
86,311,four____,_____919,BXxnhwayyhUWjjYcmO4mptbxExScXlu3K3fmKxmbhRuytT1
311,344,four____,_____919,bxQIRNejhbstKjOCpFVz8QJlyB6xiofQGKTLv9UUvWLAWk
344,450,four____,_____919,ncIsbUY4yZqP1aFm1X96LU9jfIW1R6ezfiCo2li5wnelpnMGftfCnk99M
450,737,four____,_____919,MHoht2zudjsK2VlR3mZyE2DmYqehF6ydhEqchcjjvvFIybSpEERufzFVOu11I7L
737,954,four____,_____919,X734kitHJEwzLMxIaRa6qcJCl8nVvyubKHPXBh5NXc4evVfm5BW8GzZez
0,57,zero____,_____920,FoZI6BEhqKpYHWiQZjJrxAbJqBCYBCXlHEOD4ISBdK7wfDMobbO
57,137,zero____,_____920,y1UlDLpyRzLRRBriLGZKza8n27NIts7aN671BZuU64wS
137,163,zero____,_____920,Yq5eeGnEHmntztIa7sOAAf3EABFvR2V3d
163,196,zero____,_____920,RtqV9sdotp4ekGT4SYIpxoqa1pk29RxJl
196,320,zero____,_____920,51oDxnfTG1VyFmD8ufTe8MyQysCMB7js108DMnvjLHjwiBITZK
320,474,zero____,_____920,ojJ3nQPqfYUDSkjZ0ODZZKaVfpwJDzDKCp8l2zUHH
474,502,zero____,_____920,dgsVpKcQUzPOYhVbWScdzV7XvUmhe3RjY6
502,635,zero____,_____920,NSd2CSBCZyxlYdSPHNESduAnDKoNNPfup8wRT86hrBfp7QE9kNoWnfqeKMheklG6
635,699,zero____,_____920,WjVVoGoNtCaKTma1wfIdBYlQgD6TXFDkBNCdAQhHe
0,38,zero____,_____921,VqvC6F7jUBYaPkuDh1KllLa2LeP1ZNcQlfHuH
38,41,zero____,_____921,ytOpnXE9a7ZPXUCarqIIG6G32BGfzeIJKEvfeNvIx63QPFR68RvskiIst
41,125,zero____,_____921,iDkrIsYFPaSPFLJSUM3ddnOjQ2v9MHTD20RUxqmrR7ljmCEAroWMH0ZTJXz
125,170,zero____,_____921,U3LSrNBVZobvCosuJdhAMohRIAK7Bg2nHOZW6s8dc2
170,228,zero____,_____921,9PM4vJlwu8cqob3dDtqkxZkwl62F3yN5SWCDUzM
228,289,zero____,_____921,TqbyKsVtPaqpZxOvk77t6uT4HfLmURueKmnR7gGUjcsU
289,601,zero____,_____921,8TbxtoUwFAEVrZyrlKtezerpCeaXXhIbdYvOhRGsBEelARqKKYD5pAC48kM
601,615,zero____,_____921,RXLGw5y4hWVX4HAi7cqL4Cn8o1cPQqCsgx9qXwRJmaOdJnZrjQxbski3xgc
615,641,zero____,_____921,K2g4czMbUXUqEuj7WLEHWTC5D4pQ6QGCP1E1X
641,726,zero____,_____921,bsvijkTxM54e2D8clyoIMDygmxS78FoUiO0yhJgZbBxnES5AC2vmkdnJNMGa9bb
726,739,zero____,_____921,iiIqXuoUqDiLzJUbC4zWqDgwXf6LOTsSwRMjzKN9h
739,777,zero____,_____921,de45JLU0ouZHjyqRTxUGOJ85fQIKkB4DVqttHHQNWE6lo9NDaj6
777,904,zero____,_____921,aGmxkinEUm5hc9RwoYXodVREfHiuNz8lsUHpB5XWDE5fPxFkV8L
904,953,zero____,_____921,KNMYYVrVmQWSZdCmwkPCrkrBlTZpdzBo1dWTEeUq76fdGk1a1dt9qrfuYN
953,959,zero____,_____921,DIcyH0iT4q2dWSEFFGmy4OteCDcIBylQ6LvI3kz9kWHGflRY89gBSvjaR
0,118,two_____,_____922,3BGwI8JxZcqotdX9gViik3agMF1OdNXHXQ56ZArnkLqyTxU1rgxeLMBEgYxF
118,126,two_____,_____922,ohv23rf9SclGsUCmxAI4fOKO26f70iMYnr90o08qWgrFKAno84zttxN
126,316,two_____,_____922,G8doINXX7O7zooTuw3SdrKYIyaqfxHjeFA4
316,368,two_____,_____922,BBIrfWQy0wD35ndqvQzqV5MpCWhPqiVIwNgbkwac
368,502,two_____,_____922,kwhKbygwLccqF4bH6JvmhXm367pfJGpGoBxu9b4sYvoh
502,513,two_____,_____922,EIlHX8GZoVu2PpjiUUV0GvtuptPatLQWnLR0LNpDziRZ3JFRGKwqsHNVP
513,528,two_____,_____922,UQrjnTE9mnjhfTnpKZCPuCBblejZIZAXhOi9FopzqzwBdBwyk1l9Hx
528,614,two_____,_____922,CP7engFnz6WRIvY2MP6Pu3gXBLMKHkuuPNmRgNnaxz
614,738,two_____,_____922,mON2ERJ3WmA9M0JEgfMNlXY3v0VjhqL41es3Xg
738,874,two_____,_____922,1eCGSnkaFqZOjAIucSxN5qqITXi7xmwOnYkDyLZHpuGNQ1YbbxhB1HVE4KrR4
874,877,two_____,_____922,lx7Dio9I83bIQXmrBUzkyl0c1C6m847iuF
877,992,two_____,_____922,1TN39LGk2VSS8YHsvvHcMnAtRF05FDfmHCEPuZskojRW
0,67,one_____,_____923,IFOgpKC9Z5J6i62fSaDw0bu7XUrOsbOcd
67,320,one_____,_____923,xlyS8hykSVDnPSgj4Jcg4xfsBBSPgIsZ5chkXa8hX24KKd
320,641,one_____,_____923,vwWCe7EZderEmFHjhVDYoCLLAI3OnwRQE69
641,700,one_____,_____923,DR3xfb3LkAuDv7p030fYtDMjK0qalTi6J5xePaE8NN30byyWq8II
700,845,one_____,_____923,8f3SVhXF6eAXk7AFmxuG8hq6GPDFNnyypNElx0lGxTTSSxIvo
845,881,one_____,_____923,4bbyw85Ql8n8iHp5P7ar8zoYTMe4zU9qzM3X2p8vrLBzYK8O1W8ipQGyj1Wsxr
881,934,one_____,_____923,DzbmjrAeItDacR7kNDU88B4djGzbJd2rkR2ZrZ4k5k6Jc5zbZf8cWjuK54z
0,232,three___,_____924,w2pzdSodFGEZZj5hNFGlN2K15mfoglahqtixf3UX
232,272,three___,_____924,BnHh5f4rlddw6bjA3oJ7Gc5FbUYoMYi11PvB4FfA7rFfmFv7JoxLQ
272,289,three___,_____924,jbrmATy9LzfdVDyUE7fgwcRGMswrwepuJ0L4Z1bAiw4Xx
289,340,three___,_____924,1wQ0m7p99FSF77z79W0qK9DUv4k6puuYHZlCEjvceQNO8CIPk4y
340,364,three___,_____924,ng45I79Cnpuljm7eTysWR1Zv1BerPKajRF5kjcAj72kpJM
364,409,three___,_____924,tPM3OcGYsQu5NaTBVXIQUqkugBDPFqPoaKI7bbS4A0b4LwKnmWQARbnkra0tuTx
409,458,three___,_____924,ZLUItx6IOuirD5HRKd1iJtXKn1IwOTuZnkFiccC
458,474,three___,_____924,aofJR95EbHhZTUigUXTXIXng93BGCbezS901
474,489,three___,_____924,MO4JmZUb7SNCRJMp9ZI8ix7VwCoWAoTWW0hgKTb9iRXmS1w64mZRiiG
489,506,three___,_____924,dWHLQWRab3wD840gSoj384JrbkTEJ3CWuGoYv6c17u6Nd64TauDO8sHiUdp
506,787,three___,_____924,eLO7WTF1P6p7dIlMW6eoy5Dg50tYpmQoekhOOtZj38PySvLkO1l3GEey
787,837,three___,_____924,qKGJlmqwiPbBE9ZpMKWXlHFdYjwr04KeHpArwveLpk2IiwjSk8dvUr
0,81,zero____,_____925,iwpVOK7DJKvS2TEge23FfeFRYeJapHoen77n8MC42uivSYGfcBtoqL8
81,282,zero____,_____925,73F0LuqiggqcYLXta8FgstDZehFxbKjo6FZlEq73r81xdaC2Xr
282,569,zero____,_____925,Rq7Q8PeMOLBDMAFjPt790yBaSzGSoXOhtPAwty6ruYV0XRJ
569,750,zero____,_____925,ABqOiRFgZ9QP15fpodilqPjrHCv6Ssb1uA
750,758,zero____,_____925,afKsqmqWCvchONOZipphacOVOVBdoF0fxjpZpz4
758,817,zero____,_____925,V5nwCgrnw5tyfGKOKK4ZHpxtKe1xRl75r0hZlQw6aU4eATm32h3pXygj0a
817,823,zero____,_____925,n5KqNj61qtbTtMDFYE3I2iE8585yKBi93bs6bgHVhfxRU9N7zWsGt
823,862,zero____,_____925,MMZPHh6jlTiyV7xWqwVu5sX6jCeY70bbNwRpB2wcJZJK5L9Ycu
862,900,zero____,_____925,piqDIP22YkskX7x09i7VSAweZV4CoUtIL
900,924,zero____,_____925,pVKqUuvLMO2kFXG4TIsbOjOgicc9Ewm2lzDPypihliKbwqFIUwXX8as8OHtR
924,928,zero____,_____925,AlAXW7H6DxDatDH3KJ5LqN78LXeftjsiBE18OvV2YgQsTnAso
928,943,zero____,_____925,YlZe4GZrzWsAj2VafIWOXE3ebS3opdKs
0,46,zero____,_____926,9HC5Q4IrG166UaYMmfiZDzFsdnwaHYcAJm9WQU4kzNN
46,136,zero____,_____926,Zs8DAX8jnQ9x2uHlt6uWgZShwuHeovwRuv2HZTbo5MyyM8xYd1r4MJ
136,167,zero____,_____926,zMf2nEPxQ2HMzVHsqypoZznb8M6WFyaKMz0cCXIfUu5X
167,221,zero____,_____926,L5p6rKu9VF2q3uHA8qS06tGWSQST7BWtFhFYCzY8c2FkcwLMAZi7ToVpYJdOcrZ
221,428,zero____,_____926,b0Ou289ZlJsDoj8k6pl2923MEBk7q2YND5zXSsd4lxmQAAHphds8nq7xWI3cDp
428,523,zero____,_____926,BExJyKJNfisOzAQdcKoQhJQnC81AWPdApMiuhPdi156U
523,607,zero____,_____926,BzTr8BK0kGE059xWK8mSViwwHiEeaf2vOC3urNp4PAA
607,676,zero____,_____926,vKN8qG84oz3mtJllviXWY9ZUCRvASNsTygSVzZDJWr6ah4IGmzq
676,710,zero____,_____926,amIriT1sgGRzCoGBDVogNZNKLiBcxyI5bf3zDxivurwu85ihBKdGXYiOVl5
710,942,zero____,_____926,AQQW3cyAl6DVSWmSk7mmzrgEnG6fl9FPMOomTdGg
0,47,three___,_____927,xfFZRQg9UKKxkA79cYt1ckN3Rrx77OSdz9EiGoYpVIw3
47,151,three___,_____927,2YUP14oPqUofgv8WJp61tFq8paBJjNRZOCIeTlgt1RxbJMglVNFRr
151,154,three___,_____927,FEQ47F6pD0EtBeGtjFMEJX4SrX9lRDDBZ
154,160,three___,_____927,uGYFv2AoTygY0UqT1wysm1BQAqsEK8kfBdbhJcxynp9dMq4oKaB7uYxPziO
160,175,three___,_____927,qC4IfrqBIzzd62G42rsnCyRJPxqhDAMLP27uThH3gS3L1WzrI
175,291,three___,_____927,s2vzNWYbDVmOqAHAXbjbHCQJuiKxwnyhvY5PGVuRHHABvaXy1ydUGsU
291,470,three___,_____927,YSYqzPyhtejSV3HSvtazXWVEAK1NzpjCjI3xZ4GwA
470,505,three___,_____927,KVeoMK7dhrsa7hAtx5275z4wUj2pG39cHgFApx3izl9D7Dib19FDHRaaZ3OfU
505,562,three___,_____927,ej4QH5ljSM2EpIKpn1HMHFBEZ0nbCQoYtn8gkGA
562,581,three___,_____927,taLHPL4sNf0DTGcmh9VxCSxH1C0wriDF1oTn
581,608,three___,_____927,hTPVhZeivqqPCU2LnYLUA6UhVrRLHWe1DVo4JrsRPehGD2Jtl
608,654,three___,_____927,Rgj5hcCvMNODuHSHOwe2EvdnOSh7VDzLqhxhDe9K3CzZx
654,951,three___,_____927,RJVbh7lyIBby3z3F4DikhG86eMiS0z7aQYcdObEjrDdtJLeFyFlNRLkzpq2T215
0,190,two_____,_____928,U9QwxcZHtJk73Wp9AvZbqEwJvWA1XBcf38oGBxXcj
190,230,two_____,_____928,P41FnAeAkf6eYarwbOqWO0bkx9eyV5FWPN0zHIOWjfEkzvitqy7j
230,444,two_____,_____928,Tc7iUTXkvsUOhmtg0KZJpVDhVrr3GfWVAMJHizrABJ8nA
444,444,two_____,_____928,BFGpXdZ509IReZszJqhDkcGk8OSbWJpJgEGFVTnIqBB1njiZ
444,582,two_____,_____928,aRbA2PJlYuKujVbu9mBpYlo0RU8nBY6i0npfVoNpzZdGb6Zy9EW9Cq
582,798,two_____,_____928,fC4ZBHcIbyG5l7IwfNtVLZwkyjTvs5UDQggGPYbk8S
798,800,two_____,_____928,6GmjA5cgaq23Z4oaDVQm7WdPEzwZincqXTDCL6QRXWcCZDQfXwxYhko4
800,874,two_____,_____928,kU2SqpK69544kuU9F46IxqjQE57FJH75xvjtI7yM4sKwxMaI
874,879,two_____,_____928,xxxiSx8bEbvJillre36jOgZAfibOOXIJtV1YO9
879,936,two_____,_____928,o0p3sBuTOyILrDfX59eTwkAiTBjhL5EezArGsHp6qA
936,997,two_____,_____928,WK02j6GRryDaJL2uCejTpaJgV03nOcdgxU
0,19,three___,_____929,lCQ7Swd40XGKClCd1JH6s07Nz1cTFL0SjaYDfU51l
19,375,three___,_____929,1VSVf36lUqPbxKuqmoMoGADje4peKXfNWmUgwgNtKrFWMNESIENo76uhUcVqB
375,455,three___,_____929,EBhjmTRgbRNRbIAW7SDMkg3ijbqGx7F5f0QQFWe905vq9yIT
455,483,three___,_____929,Ko2l1XrwlzcQ0m2kkBdPdyVpQkJjOTxOLoQI8yMD5RxIIkmL5
483,603,three___,_____929,XpBkmNaj6BiHzC5QYWlTa4B3QnuOIwmZ8i
603,657,three___,_____929,UpOM59osnwsOk6ND3mWe4ro2Fwj58pLjLDgdra09wdFtLoI2ZZDpypEdx
657,693,three___,_____929,T5xOnGCpiOrET0FnaEgmjG8B4D8gyB2DDlZuz80J4DDBodvDb6Rz3
693,781,three___,_____929,OwpPLgltHNFfKbB4CfWkKbhUNzCYqugbcOoIuTxEUBlzE7oIXD1w
0,6,three___,_____930,NZ6tlnAMgLOGf38MFK8qDEmaVTZzNH4kzIOCdseOgYntLUllaxV
6,18,three___,_____930,QvtsyGv34OsLw4yC7j7M5YnuAcCLgkGGAoKNTiJnL
18,138,three___,_____930,qI7Z0tyvBGqSKt6uK3uvrAnaVXUphwiTSE1H
138,175,three___,_____930,uDOYh9io7TSuIYcs9jW0Mja2o5iw7c9okV6YIAloapPKnbSBaHXaahAxfW
175,321,three___,_____930,jkxmUbk5NG4KQBUTbFZfrrYKgcQi9ppFF7NQo0fY94dUFS320Kf
321,395,three___,_____930,NtDuuz6SqFIHcbci6GYxIBQUis81Ya5Zq3d1e4H0RQym4DzAIOyDlgD46U
395,427,three___,_____930,jgz4YB6Xl33oXhjMHlDs2k0sgloue4kwuBGMjpuUY90FC9jgh1UTL
427,507,three___,_____930,NlE5fnPzBeUm6GYUX3DjGYN7UAw8hARBhgbJjlhBbjuBj3W
507,623,three___,_____930,BZNggojFSfH1PivVvbJeO1oAcO0rkbS4cBOBeIfZ2Js
623,656,three___,_____930,ay508d0bnePOq0HPCKQqVkN2qcFkXoiqNIx0DYm0A7fk0PTS6lCv72fXeeNrh0
656,676,three___,_____930,jf0HlsZe7H3ZDQxoMs4pK45cxQn3zADj1KjL66bKhPjJcEAq9LIcnSqEkyxop
676,688,three___,_____930,JDVvajTPsoseJKuleKGPwsz9FOSjrRmjAt34ryd10jlzbtqhf8EsSfoVf
688,724,three___,_____930,gEjxuDuCxLsdLaO5gKiLEltVNw6SOaRu2TpBPtwyAOQlP7aaS92GFtZ74aeEGPJp
724,758,three___,_____930,4nm4tv2akQVIpOqTDTsORyU3qpDIFOmO6GvSSCoKUuXHz
758,775,three___,_____930,Tvj6HAiwnTTxJoAeDItyRGLDx2vj4xqXhC6yxUkaJFe8OH8srbMbGncl
775,898,three___,_____930,vSkgUlzZD8ncKNSC1JLbyNsyQvU3ccipuCWbWsy9
898,902,three___,_____930,tJPo0YK2FQvH2jpbHeahyJGPrKdXhCr8XiTen0lTHq7EMAfLPeoW7mceSfXRyNu
0,30,zero____,_____931,01mvUsID7mTOHjz0YGVE4A9PfNt5HENwUD4NnBTCMLWOAD
30,80,zero____,_____931,bRpHCnXkvvZo2HohRKWQHSU2WP32gZ9RxF73UFjLqsbF3drsHbZdhQAMUAKY7
80,544,zero____,_____931,VtrlYhFximBmAnmKizI0YrOEHd2mLTwB09rTPnItnYpY0Rq50X6jM
544,728,zero____,_____931,n7umEoHBso2Cgr98BcyfAWV1wCRliwzRMn3BYxisnNdGUTeIrUMSs5hOvX61Z2
728,886,zero____,_____931,P8VseErLZrSYZGoFtU1JOQcwIsu0gfF4O
886,912,zero____,_____931,nu3wSPOgkmDhFtJ9yGWd7nM0ukOygY8QOPu7TVhQ9Nq3Imoe08
912,997,zero____,_____931,1aBNreeq7e0UWZrDYEVp4hiHKKqvQmHkxRSmN7EqS1eKfMGzr9s9uS
0,53,two_____,_____932,uhwBjdFMhBWGVKCHauzC51M4r0nxGgn4UnK0VOiMOtnvHKelw9TWBBru3xNB
53,55,two_____,_____932,abEKll3x8O75NNqq8yDVZaqy8bXNk5FShT7ZKmcnNsJuEVqHJ2DmUnw8
55,679,two_____,_____932,J93lhIg7HcgUfQNibiKIX4uqiV9ILQfhAX1uctn
679,733,two_____,_____932,cHZTHEr18Q8u9ZH8ajlDiQHVJgZs09DO5VUMqNLhiKIZxGkE
733,872,two_____,_____932,wuic6K1geA9scPrfKpvU3LaTzQOpRebBVVgc0ThR9jIv50FkVO0kUPZvLb5yhTLD
872,915,two_____,_____932,SHxS9oaWykAtEUHJ3K8ajT7odSwWIWzJrOZXsw8E
0,130,one_____,_____933,Q9hl9DMI6p47pdPZOIeSG6EYyueo3zsiIeKiqR
130,185,one_____,_____933,qFrJ7Vb7EbF2UsSPqD1EHN574QRj8nr45Lsq99rt20l43cknLWvnCqFuMG7v
185,296,one_____,_____933,9XZSXtWS5OyephhNzalg0m5Eom5zHsmOR8gdo
296,330,one_____,_____933,MGTyCFNhVh5AE5MKgiDqSzSdpmWVYUjvpCb8Xxz7czM174XkV
330,409,one_____,_____933,MhbAr0q65CoZl0gcwnJw40Delcmo3wySMSWNfh0ztw1F8vy0mftfH
409,435,one_____,_____933,PtcnmLcEuBboWffA5UbyBOzSLuartkHCUprBCEIALyf
435,484,one_____,_____933,lYfbC7xn9CnzdjbsTqt4Xa8uG3GlgUIQBGLMw7HO40W3GL
484,645,one_____,_____933,eDQxTJehwTsy5kNKBY9Hez5iDYt7LzGRhhjmdczGzDkz06XLsLLiolLEl
645,721,one_____,_____933,YdJldhqd4ypBK4tZimWXf24Ri38i13b2fpbOQBQLiwK4P2cRQzeHib2
721,742,one_____,_____933,XfxA149ZqPgMmC7xMkkv24woU8zv6MTRa
742,883,one_____,_____933,lYchLhdxrprgOIcJQeAmQjcYNbhrtTuWpwjPpnEmwmmhzgMQ4SC
0,208,three___,_____934,PLLebvlZyXtHtR6GH4bylVdWDd2Ls0u7MzC
208,271,three___,_____934,2fIICsQNs7fHxi7gzvEcswznO2pIl6LnWeFnFvbO4qV4qyjmHB
271,303,three___,_____934,MwQUF1Y5ykplXQHzKDonAUFxsyvtYPDWQTADOAG5tTBCtUI7eqxmDXOB
303,312,three___,_____934,xIn8Tq5eXGCpWEWBxfGJ1GPOKmnahafaDzq0
312,384,three___,_____934,kgjHrCGiLChEakqqQuACD2zTVUb3fAJMQByCNANoc7oYRUU5yV8Jygw
384,491,three___,_____934,YrZNclJILPvCY5DiMzKWFA6AqmxTUvcZcYdTG9
491,527,three___,_____934,7H5PiI6V4FjI69K23DXUuu2epHZaMb5P1vZZr0Ry3uL
527,533,three___,_____934,6EHk4AHBZDpoz2nTAqiLxb7yNjMNfmGTRMHVkKbTikSJgwwPlIYCUFhH
533,541,three___,_____934,GOYSLHwUoaVvcSdC8TLdluNYGZmWgOAA8fDSjz4zS2u9Y2FlmEiOopoZ48pZsV
541,557,three___,_____934,175FuRlU9QKCRuIjzSxjQsozcsuzTKrWM4XKb1lmewEp2wq9
0,45,four____,_____935,QrtVZo8LIw13pLnE6qGzZ93RhPWBBvypl9xlEBWH
45,124,four____,_____935,GB5TyMfhvSbtG5nUgCPsFTSSVUFSrJVDjMexmdN7L3ngWKoumZofuWe17UX6hxe
124,197,four____,_____935,VMjxuBVtODV5LBlvTfnJ1iuRAKNJYpgA0z5k62U8fE9G1l25sO6QEnGRT
197,205,four____,_____935,gVWMfZz9xKwRFz212jPxhZuDqX53egSCExFxuvokU
205,292,four____,_____935,11eLNSckcK2IgmoawEfJWdTLGjR1IZKM4NhOW4eVhp11A6gQzw78
292,317,four____,_____935,xAD6tbXnPEz6LwKzIoWPWnjnfyT0aFcLFdFFov5dp5zs0JciC7S4A
317,352,four____,_____935,zkaadQiZG43DuK5kwWPuJBiuLWvcy4yb4yxz1ZRJDfqDLFBa4fiyYuN
352,356,four____,_____935,mm4S5NSL9isxnNgW8fJEwCS3IqpAk57MH9qSOU1yegqfScDOQfrQJ6uNPKHXrw
356,530,four____,_____935,qCD1ot3VM8eezZfu7ydrJ16ULC4m8wVnE5rB6Sd
530,543,four____,_____935,26wgXhxXRPEfvM7i4bG6zC0J9q1poeGcPg82e4UULH18tSkVVR
543,771,four____,_____935,muamgzrxM9QXQdD90vmt6Y0GkKx8Z3k2fPcSPaDG9clnMnCtiIO8Iuez
771,840,four____,_____935,Ae2HjUVuheseuenxjTnSGX8ZfMLBOwM2jT1pxldTFqEqevaDzVVYLAnHoS1tIW
840,949,four____,_____935,LrMiGn8eekrLeuIYV8PFgi2t48fJlmhIRxv4xL
949,981,four____,_____935,YCwDgSkcFLU2wWlrCGyhJ5rERDa8FcWfMYWxDtdIzpOyGPyNmgT
981,999,four____,_____935,d9ZzN6mqZwONFtEAoPlgnpNHBUdWxzOeKAdhS1sbby0a8RdFcrUTlC2UQx
0,23,two_____,_____936,fnE0DPJDtZZDFDwmGfWba5vuFz9OzQ5UCTwR
23,57,two_____,_____936,tLKXF3y1SJEt6k2ffycLSfaIFycphqHGin1Kg3UfBZLtAdo
57,168,two_____,_____936,cJFxiBMAow146WduBxoShUs8szIY2dfidm
168,214,two_____,_____936,cxW5eAsBIQXTBfnYGc5b0ElyLJncQ7YvVhhMnUXWR80cjW5
214,441,two_____,_____936,0xor5QzqrgzXQEd3VW80EQ49v7xp2XRIrwLWn0w77aB
441,502,two_____,_____936,tVG663oYbEppOYn6Qo5hzc9FUYKKVIPtKPznzSsJyuWJwo2QS
502,527,two_____,_____936,3FQ1ZlKFMmnmE3YyJsJ1wuY8hf4Ct3itNtgDXsxfKPh
527,633,two_____,_____936,VkBHlds4dfhChpf9SR3qKTZxSOPtE61n6CXOJn4ZpUgZ531rEkux5KPW
633,635,two_____,_____936,eRgHjhXNsY63T1jctu0u4DXcnYqdXeD862pgZLTvQ
635,827,two_____,_____936,rU5HFmejsizvUwmFlTgkMNlTj1cwskVged
827,840,two_____,_____936,Dev1pFwX6PgR5aUM9S5EDQr7G6aXAbBdN5eDsuEtrBdp41zgPE
840,860,two_____,_____936,uHeP4IxFTfK6pbt1bTV6uaaofnjpw2Q6q0RLCKRRObZtrD8Zfil
860,878,two_____,_____936,7TvFKtB3MXcbCKqcZ0D2JKhXhhmJGCDrQRPthe5Tb6uullz65hxI5gA
878,916,two_____,_____936,fGroyo6wUj6wxtiZC8UB90XUERr2pZ4n7NxdfEVxTKShqu
916,951,two_____,_____936,RfWCDnMjZPcckVVAttUxfx78tV3P3yQD1ROCVxShaF0m7W80M46daJ
951,953,two_____,_____936,GfLM0qWRr8Rq9z2cMZgE3mbXyNfMbI5K
953,965,two_____,_____936,Hhq2gdxULYBglM6gaC9fHvLGTzIGiI5XYP2GO7OgPAY3lFwVTsheJ57i9z
0,137,zero____,_____937,WGxkHklQlsvbO57pOQoq8UQRZa6GY3CzVASlAP0unyOKlK3WPyMqwloVtA
137,585,zero____,_____937,qWDdWHo7UAMPNEda6yQKv7bDs5sTbJV3
585,717,zero____,_____937,z6IAFHjGBPiBHPlzLaXoNuc7ylAqyi56qr7Dx9kjXKoe0D9nJozC
717,722,zero____,_____937,eBlLpfumoghIBLgUqGvGeqkbx7SvsqtE5T0RfNN8nYFyguw8zqt7GhtBfN4
722,744,zero____,_____937,d6ndnl1fivY90Qsy08BTzljC0J6IyUJfiXBfzMSlkHqazPUB7cJeeSBz
744,765,zero____,_____937,fV3tPLly4StVgUdLhFb9Okz2SjfYpDih8
765,966,zero____,_____937,DVRn0pUxWK0Th4WXTVTF0kn7XLc2CNxrEaSRJB0Eu
0,69,three___,_____938,Jdub6d8EBz511rBEM7dDCAaomCUtxCSh7EjpScGorCCFI1IMp8QbxZTLplsKUfV
69,76,three___,_____938,vzP4Q6BSMTVB5695xMEqnc27pg43l9FtuGmqAG6g
76,319,three___,_____938,FKUzAXGlUSwJbBpXhztNcdHOaB7CsivtYqhEZdyae
319,333,three___,_____938,jZVRrDQDbvItPpop0KBTXRscqZCxAnFUybRZHrE
333,866,three___,_____938,1FOJShi2GjxYM1o1Q8uKpF7ucNOrzBVEqj3B8XUIgl2UW3af5
866,873,three___,_____938,L4T0PyrZ3rf0IqTv89cPC0Ug94EEIsAqD
873,990,three___,_____938,JZ7ulDGVUi6GOau8YOEv53PIlww2xFtaRwWeBi6jSpvSXm1
0,267,four____,_____939,0xbL8wlsHi6E3MKTB9qEBBcjlSHtgoaY8HoDPUte8PRF62OG6ujvmpmJMze
267,297,four____,_____939,c6zXuWskBGGiCd61Gwu1Ead0Q9IIVN3gdvNQJNFhKws086v6h4kPV3
297,884,four____,_____939,UbLM4M5yRJ7ZKOVjxnnPYXd5fGWe5VlzICh6zNoDHnB
884,930,four____,_____939,p4bzC66awkQCiJbvi37dZkPWwGjS9M8Qlghj
930,942,four____,_____939,rrx9uBWQA4KbtTMIztkpt5Q6bo8256RW
942,973,four____,_____939,f2aXbaxStvFtcXpQlK2vaaBtmhw8bggGA
0,16,two_____,_____940,HnWeG24zqRULq0FLn2aJOK9vSFuGtur39C0r3BbbFWUAdaUD0jlr8ecsUCp
16,67,two_____,_____940,USxIJjYhmlV5kOCiEk2gNPvL4z9N7VPhAvIElUnqwmGTrg
67,122,two_____,_____940,07ifPsTm9Wsthf80pGAfbjXbvKVUaf9aWAKgKL96KtlJe
122,172,two_____,_____940,Xvyr5kZMKC6wuAoQkuaOa5EFbO2a7S4j79VHnlfsW9bmvdIUDGB2DbrnZ6
172,329,two_____,_____940,wFGrOtNHT1raJhgf4K6Bjh8yeBrYiUFhgpeHNX9FOF5u0ejscyVs1gzb9mx
329,360,two_____,_____940,JHGmKUdONNpCMQMB2HhJGuYaj3JTsdBaQlVjZaTFfBpFS51KNDj2rq
360,368,two_____,_____940,p4dbMNx14ZstHfRFulmDoOjCnnbyLEUC1ORGl9PoQN158reEowuY3b
368,418,two_____,_____940,AbgpSrv1eDVxcs8ZIhfZzEyuC39MjLg9wDBy8Nm2M
418,508,two_____,_____940,izHpwtfHlHSpVtmZfiNbPsYfQt8QV55LBv1VPrScDGfdprP4cNimlZjTHXbvm0
508,524,two_____,_____940,vYYBvrVaTu7W6ve86QKUDEZcyDkOKPFfx1p5huTeWe7ZIxzo5uPzJWvYd
524,642,two_____,_____940,TdMKUTgYzhiV0VQmuFDg7RlY7JkVPH2NIaw8lMrQsLTN3YzwM
642,719,two_____,_____940,mLC8EmHApop1TAECHCuGxncSWWScih50sxL
719,749,two_____,_____940,X5ABmjSoC091hYnPqQyl3ozsLLrBwsltTSc8kdwhwi
749,760,two_____,_____940,ctC4fZYJqsxy9iYRLJT0Bl5enxYVGRzgb6sGkHMm6a4PYfo3ezvbZtHnT
760,780,two_____,_____940,mFKMTgATbexxFQ2hghyH78oZzr1Z0I4fNADk
780,941,two_____,_____940,p6LZZ2PQFDRNgiWl4VdXFMiyyAjEu7PIHQD
0,153,zero____,_____941,xjmtF91wOK5g37Bzr1pCHE6wO7ZhWm2fVbOZaNXkGhCEim
153,260,zero____,_____941,Txpvqk7xUCDXp7OD3FQXKDkT3Z0nusfQ9
260,361,zero____,_____941,E9BbWK03rnUhu9yYbxWA4qGhlGUXAQufBK0KWaG6rjH
361,469,zero____,_____941,vVDyYe7FihhNFONsYTypVaWDXyCuJIGYipKL2rYqiSy6iySn44UvDlU56yjsTl
469,482,zero____,_____941,gzy4JeUDQTi8qlsserKUBGvpwIDeVtqpWkPRc
482,554,zero____,_____941,L6JJehIqeNd0dSUgXkz8unG3ldbDTuH6xpjb8TboMMLw59UqKQh11l
554,582,zero____,_____941,jXvUWYwbvalxLg810XQZh0ZBcT9EwL5HgMpaMIA2COaoIUHXfxjPxCZPPvEPlkeu
582,915,zero____,_____941,gWz3xvisyzJUQ0W5KnmSRFRYfP2lt89lZdei6vOL7
915,972,zero____,_____941,2V5jMv0X5FJtEsCPBsffdWKqiUWYh59KiCyqspxuT5dWLqaeoWzXRvtelQIDRPvv
0,184,four____,_____942,cPXu8Azxi6UqIFVTdVTRsKtJ7kSvZVIjko21EYjp6QVDK0GHgiuU5pBgL59Q
184,228,four____,_____942,k4jfqOBtxNqCH8WP2ZL9T1V0Sgwdnqnt8iJbS4MxoD1oTTciNnNIwMv9SO
228,283,four____,_____942,xeP82yskVKlLgngy5rI5w45wP09JEjxYtJ9WD6OpULG5Ujxw1
283,318,four____,_____942,LFjUoEhsWLwtgUkkP2OTgRUjT85YKAqrIfJI4Lj94dy4q3P
318,342,four____,_____942,iY79aBWGKI15rLO3BmoWLFsY029T640PoR549WIxBpfqosL820px0j
342,373,four____,_____942,23JghEYhYI6IkVOZ9t2I0hZ5dKBMDIVpRB0zYgnrn0uc8beVCUo6XG2Hd
373,459,four____,_____942,dSjOlw3RNvykRFBvws6T1SVY3VgSCOIucJ8eL
459,732,four____,_____942,wyyquPUo9m17an4wLDUif8vuG4o0pqyLw2MeH5YQk9YsOmYbhrX02fOEQakewVcH
732,797,four____,_____942,4us3QXfNOPD7ozF0OKwMM4URheFajlOjgy6hddbcoScM0Ilu2yBNTJNBC6
797,804,four____,_____942,97hH5mpfXiURe9JjGjMsEtfxREqen8Ty0v2s0tNrSfF3HxWhBLVg
804,959,four____,_____942,erzXOn10aqId9wwBYNZlbGZtx4JbIvJaQvZO338H9WCO
0,35,three___,_____943,bhRsnU51AMvnSlwtJMdyZWjpO775X4KpJbDMl8QSugDiPSdfAb7Ik11yAliM2
35,126,three___,_____943,RhkP8oWjUyzipoK7FJHAr1xple6zddLsDOgjJLgY5iZC3JBIXra8Z1AkXbcjj
126,245,three___,_____943,CkynSFXG9lLgec7xVgWGnmJJBRcX9O6AnGOPD
245,266,three___,_____943,TN4XD7iWp4CjSefyRrKJ9RTIWhoEsppCIVkQR6jDZxxxDpLJ4DEilaW1
266,276,three___,_____943,p9xxiaaE3Ode2wYxCPpcOBiTGuVY5qKdFCRl8FZQCGRBMxmncD3Vs
276,278,three___,_____943,Ol7H9XwfR9i5GVYX0o6APsYetO5SIhyvHXG0Zo34
278,376,three___,_____943,BObitzCBuZf1OSjW7G6Q0ItKcTUUubCSCqC7v2aPuHQng0eT3m0DpixLw4iozObD
376,477,three___,_____943,Gy3077B5waG7PGssDaNrSRiAFHDvdSoea9RJzorN3v
477,513,three___,_____943,SJLfeHws1Pi3dCoYecxVhwzjBrHhcIhvcxtzerpeK3dDhobEOakvMclkAjQN5RVe
513,521,three___,_____943,ujzX12NmJuP1lFmo4gXN0WwaO1VOIx9xDUMePxEs9vfD2SuZFM9ssVfg5Ca
521,704,three___,_____943,PotJNTjP2eS17mNgezBPlylSr9Lka9afefPuK
704,892,three___,_____943,xhICw7yQv4ldi40SzUSTt6E5Jb3LCrxMMHXLNZG
0,40,zero____,_____944,OjYeshIm9hpujtzWcJqasLlJCmDZluI3AbQgIWJB7Yb1pqUX1QgGWf4PV
40,44,zero____,_____944,1d7aIkvW8Ux2dNqah0iQ0ozA6RLc8eZAxtNzwpYywBkvVjc3u
44,102,zero____,_____944,imxVU8DVuZnBOpETXCAQdWEsOwipWz73bGRJZ954HRShhjle
102,216,zero____,_____944,ORTJflOYxtzloHOATOXI4wNsTcqeyVUKU6QTtW4GNctSzgJMt3pSTPrA7cH
216,216,zero____,_____944,J6Ju8qIPSsa5jLZDfqko1E27v9HewSnhODFhx3glB08WJljv5ROkghS13gnC
216,378,zero____,_____944,o3KEgmMDDw5KGKT2gd7SgxoLYH5RS4HaZGJZtHn5FbG8OA5H0BCySA9Pso
378,443,zero____,_____944,VCTirg4wuemvBrV2qoCAtBWDKlYD2VN5fxvHI6lQc2y
443,445,zero____,_____944,ChBfPvq7rA6kL3zV6ZUrOZ7Tf5K7bfPbWZ
445,560,zero____,_____944,cjODCBwQJzzlzmoYaJXRSCnSN4sYV6pmwQFxmLDTdwfXqfVRxqkDdNfdgfxL
560,584,zero____,_____944,NODuOe9Qna320jRTND9TXpg2X9ehIPzhsOLXEDGWZVV9bSyx
584,643,zero____,_____944,dfQLySrQOim83QxWrspnLcwBF2skHFIQul6FnhlFcGGkUDP6iBOC1
643,872,zero____,_____944,GIopxpb6O6xbzCaOzrY2Cp0IiYzzOKgqyJr7v3ilUZaaXfHc
0,62,one_____,_____945,GnmgoYPimTyqjfjXp86Xhi7tWqWaQkN6w6MH
62,128,one_____,_____945,iYv6HMnMzIa1cPerME9JTFwlSkxB1HH6whBxp2uXAC5QFvoRABfPKP
128,158,one_____,_____945,tXezq9mJxgQnrKZdii1fJr8ZiWVz0lsPLv48TYmqqm
158,219,one_____,_____945,8nw4bu0gVloP0Ev3Om0MflhdbcD3VSlCRBSb
219,410,one_____,_____945,R0inXoFzHlEnbBN9p4T4aKfwSFMr1cVvRu5EHNeG43NccuW03gy6zzYaXqd
410,495,one_____,_____945,SQc7mJIdjXTyOsaTVhNGaEgu8i3mdArCJlkDTv
495,507,one_____,_____945,6KwnMlnD07zGCYPRf6hWXd4bGXgDGBebdyDFH4kaD
0,58,four____,_____946,nx200YL97IzhH4JjaVk434u0fpTec5fPsThUTXFIa1r
58,145,four____,_____946,NYWNYwuWZxLd6stjolBgshgT41uBb55AJro
145,335,four____,_____946,rIck489DQX3QGcW1mwPCbi0rEyC5TLXk0KpXa4RKEYQWAZ3M
335,481,four____,_____946,Bx9f7NHyEqxuIvsLbO5acYauVqMpOf2K6QnsWwLKO
481,535,four____,_____946,8ynftIOeY7d2rWd64ZLpoxEts7I3ZPXQbnm5x2k8YlliDny1LkMahh
535,805,four____,_____946,qCb3YIebXI5k1Tr2jE0rUu5pnL9rHogm6p9A6N4pQplPdW3HVgF63CFtz
805,959,four____,_____946,3CSST8TiCRFy3zwUBJrXZZlYowcSu9WE
0,97,four____,_____947,Ibpj65aeO5UxKfEr7d3Lv1R09yUDJFJ6c8njZXuEEpldFy08nAIwGHMqSJl
97,232,four____,_____947,zBy0RlVGtyZzeL9JlynjwEUaLn8AHrYnIqr7u2cMhC0k93XURzBk9X9
232,264,four____,_____947,sH2CzosWnyefd1r65zTvgopPjBDXhg5FgVQt0G9mlv
264,492,four____,_____947,4hF8PCnEjvdY3bF50nxC7CC5NaJdBRfZ3zJVGI
492,605,four____,_____947,aDPw9vN6fctx1gBkpnyi17FYjgCp37aFa6XZcqOIpF5u2vkmDUfUorGS6lGCVDrd
605,686,four____,_____947,DdsSdqIUX0Q5MSkA2aVSYB9h5spg8AvFaBULuIDJjcrfvrM4KgGcM9C0g
686,734,four____,_____947,rBHy0Py1oA6ZwScUOz8nY7ulWSdmWwggnJtmf4Wlo4lbnEqvXdRH3I513Z6
734,757,four____,_____947,TfhcbZpZAoW4Nf5EWETKrUzIN68rAblllI8adqYL8RgY6P1s
757,970,four____,_____947,llXYDqTY2xLpicFS99JqGUnNxbLeXR1E8Q
0,187,two_____,_____948,ZFbnkQPbvlzCs6dv6IbN7nFYXEJ6VUsIze94eOOEu1w0aTLhWVc0G
187,210,two_____,_____948,31BDiIEpVZOpxzIuthnrK5jelLmVpwR7abYp8TbBQ1ozArequNv8qjNr
210,228,two_____,_____948,e83bbvEShADczuQoSAWpWbT3rtvH0Tfp3ZsMo
228,228,two_____,_____948,ONmJUHSgX4WgmmZ9uRS2JWgeaflnzGMz1gqDe2lIvOiaDJlK
228,251,two_____,_____948,t1j9mHsONqdAGIxJg05Jq1oTUQV3otry
251,292,two_____,_____948,wpRZvifonobuMnimoLHGztFvM76LzyyckUIEaqdOrutq2N6lwJ
292,423,two_____,_____948,opHKa0VWK84J03pnCibUz8ATSenCvvzfD
423,560,two_____,_____948,XHjN06hNxsoQ6dnaQub18xMUSGbL9knFJIFoImnf78z1u3
560,596,two_____,_____948,JhDNAxrThgQkRDrAzX7VL6RDk42MH8RA3OR
596,1000,two_____,_____948,J2cT1nppfUYk2sCG6jZH3gLw8A7XlLhC04h6LabVWOniLitJN2MGGlwPtA
0,32,zero____,_____949,FbwmsvmCDMY8CTMsdl7AhQGOLUaYjlMkyMDfrOHLVeseNVw4bo0mAvVYHYNFp
32,48,zero____,_____949,cMi3dw9kzyQSKazedGXTlGbkI014gVo6
48,284,zero____,_____949,1hDy41XamMjfQRw24DDrvxPWv6H8predDBwpRGnOO6w
284,369,zero____,_____949,mlqaNPuLldzrcmPDzC9mdPDf7ZwgF90PjzeK2Ny2ct8
369,555,zero____,_____949,sxZqD4JUEIC1APJXWCdB7N7J92LhJQWjAtMGflNKYMD17JS
555,715,zero____,_____949,BXglnftO0sxNvFFo3xfpvliB9vWaEonLDaMenLovqsPsf54oo
0,238,three___,_____950,TrwN4jx1iXkmu3PHAA4khx7dfeZaznvBsPngd74u5JvW2DkbG1tQ
238,337,three___,_____950,91R6r52SXctvhGsFJ5oqvmiIk4JZYXbF5pCL1uxP74KMmm
337,444,three___,_____950,ni4bB9j73jSZLv5mJsxNmS9WlE04eeTwodz7heb0G7
444,507,three___,_____950,RxOiWe2cibTZLkGc2MDqrtjkq74HVT7t5KVFIPRU24M
507,563,three___,_____950,lE8cDnZHsvhstk2ZSqmKmhhj9c9LjF78o1RjuZcgB21YlbTCX2eI7
563,709,three___,_____950,eQJjQJvfAQ6ZHhwqlyaU1tABxtM52iPi2
709,941,three___,_____950,KMdm7igdNHBd9s991a3N1kPwdy5Wetj0P8c31uUqcOxgUgcEsA1SWQwkjmtw01
941,961,three___,_____950,PogJHYKR21eaiSwYvvvKyI22hhHiBxx3lDqktA5Q3OLbqDET
0,2,four____,_____951,00GxtqJCam1uH3ThaaR1ggOwTk2Ey8QyA9mizis
2,72,four____,_____951,peraeQtfGUlRUqU61QVg9BBnxZgeRP3zHQkK
72,199,four____,_____951,5KZRIFRq7d3smCnRkhyU5T13hVUQNdsAaz3YcS3M83v8mPNcQJhbKic
199,462,four____,_____951,XoUDyb5tHDibIW1EzwFQ1nvOhNWm20rrQRcZfDo
462,540,four____,_____951,5iV0EiLy7q6nigKbXWWydosf4a0VFEIRYTxEEr7VFms4aD
540,542,four____,_____951,s76VNOh4eTHKYb7tkrzGeVtcCMzQIOim
542,597,four____,_____951,W0BTQgXyP8ugJTTqNFQW5ifXQsLpICgK3LRZWx9k3Oy6VKs
597,724,four____,_____951,9MY4ylCtjqWNdSS6rgjzcCWWHSMSaxdU2hg
724,737,four____,_____951,B4HEYEEZ9rm5JthMuASd5b8uYjkhn82qrKHpvgIgzyAImvPIBH2iANFU
737,749,four____,_____951,KjnZOuytkb3xSJebsWCGW7IFXbcEVcaP5Q1eW39Z
749,911,four____,_____951,KibXzr7Y7wZc4s9IrRe8u9TQNp46L4wxxVGjwqw
911,941,four____,_____951,8QDzQGPl4GeNDkMIweYp19EqbhyFFSe5Ii0kuugD
0,18,zero____,_____952,VJC656oJfawrU7Kt9MCYdZAVZW6QftTapcvt
18,61,zero____,_____952,Esxl4aFst3DMend9dVmTmGgWv5KWnV2rhLBi7
61,346,zero____,_____952,4O0tj7Xv4GoVRhKquglgE9mJB8PzrCcju1W1ZGlJ7Nd
346,352,zero____,_____952,Mzxw5WuaRgDThez60QXPzCjTrsArghVPa0tnlewr3UWCbYmAsuIOJ
352,387,zero____,_____952,7Kn6dGM2B6Uk1doHjfnjqiRGCTInoKlK0w
387,598,zero____,_____952,RtDVnGzlpVeYoQRsl3G0NtMxnFxpygYvSpznVDi5uch75IlY
598,762,zero____,_____952,IaR0gVyBe935sAUMbxvUu79nI1gRXTQFQsI160O0IE9RlGOq2Vcf
762,936,zero____,_____952,h7WYRXqodBjFVJbKNrD12LubbXVojsTBmNwOC3IxJRhftPx5
0,154,three___,_____953,W9bwkKjGrGfnDN5uCH1pSHsYmiunUmHCVRJAyRh
154,177,three___,_____953,HATX9Uf2KBqYcF1oaNfn4Wwo7xlPZMi6s8gBMdCfZUK1r0o9LVl
177,239,three___,_____953,VQ8TQLTqyhwAuhiIUW9uZebnGDI7cUklmnL0
239,275,three___,_____953,AQ5B7KyXriZvcqHE9RQkVpZ1Bja482rqGXK3QVDcQyaBzfI5RAXGfuQs
275,362,three___,_____953,6SXndvzxuNLGSHtlymr3WfgggK9qoTaHSmbe2Vpky1Qs3HN2jNT6TrMdStP
362,419,three___,_____953,bkStX7Aso010MZoNJNOUBhGZMGxPgLo4cKPKWeRoM3Zgnsu0
419,419,three___,_____953,Z0uz3spd6ArP0HAexhLM2ZEg2gRZDhfWQFnBqKpUvKQ9M
419,574,three___,_____953,lqwrqeGWvY0o6wLTayHYx6PFbJ6BuAq5H1Qb4b1nS7tPg2EeWkr7Wj02iayZq
574,819,three___,_____953,dQs4CP5YJkZJ3EZVOZAoMne4EtGvjrHc5vIHd4twYdwArZQfQFE
819,900,three___,_____953,pjDAhwvnA9LXX97o8bd8Fe4RAYvoQpTEDkPUP7n88aK
900,907,three___,_____953,7fSqbiVWy08Yvk6C0cI8UKSHXkb2tA43nzhrf9on3O1Fq8D0fuYdm
0,47,two_____,_____954,KfI7Su1VazaWIje2CLZkoxjWlvCpjSrOphi7mB26Pwhct
47,52,two_____,_____954,r1T2zF9423KDYMTKY89YxD9Oj2eVwXN9Xn4FiKfO1ebFum0yd2MfXKpWeX1
52,151,two_____,_____954,PWgiu7WbTpn9t6AVjZvkvhiPEiXTVyhoHB2DoosNBGlxauT80KRzYa4r2VE5eb
151,240,two_____,_____954,5wTpXG9fvusTRFvrDG4sBNuk5c1icCDySP0CneknN2kKmk7XhLjbkM
240,273,two_____,_____954,F3PWvow9pTw2GcmAmUgwnS4IxhGxnndLod68KpknoTxYySnrESyMW9yoJyvAd
273,319,two_____,_____954,ArChR2PnM3PAGNyuOhedMzpZTtPuFTsdLqtFPbIaeZFdFRQLXlvsTYzPfMVER
319,602,two_____,_____954,im0T3kOTMwwDiwQbDNz3gXys6N6M5XWkfLBv4pZAI
602,692,two_____,_____954,Yl5ApznKpg5D2ZvJE71CGdjMjNEOTWhri4lBCpD51KRhRf9F
692,743,two_____,_____954,bx3YK6Ev4XsQtua2fme1tc2drsjPbnydhG0f5bWy2pmKpDX3qaY7t5
743,744,two_____,_____954,ckEb5l08EMq7QvtI1TfvtTufazo7rIcrNjWhbyP4ba
744,745,two_____,_____954,o2YGOTJGLvQSO4g26bYbDcHUQ110QiJoPda0zlverLFMn
745,871,two_____,_____954,OD8ckD9q0xSpPk9lfrqwR8N1k4uVHuPh9LgrfVfhkkaknSiM56gEregEco0ucQ
871,941,two_____,_____954,ExmDYgC5vtMBwfyOwdpK4tNNro6myRSsdtz9Y8ZKLP3ywueKNl
0,435,four____,_____955,vT4DeCueuUiUEWixqNwe62Q2gD6YhuXcOxvpJRnn9QvoU
435,443,four____,_____955,lbR0R4SGYlexSiVA4wyHPcAi6839jUPAL6OR1oNRj
443,588,four____,_____955,oisyooBnW2MsAAW7Q0ODMDstSNE8Ptk6LjJJLmZwFAHDy0
588,705,four____,_____955,hrBoolhhvN9BcROXInJ5tk1uRfR90ktQdtaitKYlK20En5aPBulC83M
705,794,four____,_____955,BD6G32m6B7Du43G47IYTON7nhqo6lctEMQOxpKtQ4Aeig3nJKTGG1NKxyH7iqa1C
794,905,four____,_____955,IOP8joAiixIeQcoDfRIBcKa7ojNbtW3lXcgrm8n
0,237,one_____,_____956,hVeuMjuHknlUSMLtuOVHYAzRbtIggqu54c
237,249,one_____,_____956,9k8ytGgfzsb8TT3PXxTcjYFJ3FC4eCCHdbpEzLH7soqR5DIzJhZfufEg3Pe5
249,257,one_____,_____956,S9pesan2BkAck1RKm2440L1BkQHn2Sv9kESzC46j209JALKvRroA6
257,286,one_____,_____956,Oh6GYa8zjwTXpeXx9MAnv4g54Y6Nocxslg
286,327,one_____,_____956,PrNkce5tMSIoSNjT9IAS6uyBiC359GQClZ
327,364,one_____,_____956,8NN321K6kldgzuQmetdFUt8iksVeehDg9U
364,368,one_____,_____956,D4Ol83umPklVHQYT4FfqC40dQgoAQLFK5SdmkFxgMVMUO
368,399,one_____,_____956,uQWdvSUieIyos9lXWiCtzLml783Jcz8cyvxdrRgiMy9vNXNWVuLKRB4Pxk9
399,400,one_____,_____956,IGMRLY1amJs2POqK6SPJHdYfTfolJ4APu6B6Pi3UMwGs
400,459,one_____,_____956,hfUCkiWgxWkUX8zKVI8lRjYFvw1xzfwOvO1PYMPuYuBVhyLl3agBsEr
459,696,one_____,_____956,tGlJufA1ZNhrl980ixG0vK4hiesyRq3mVs6j4dpc93XBQGa3k4afkU0aDPG45
696,819,one_____,_____956,x0wXkyRd8JaQsnqrTmext4K1nnadTsg5KkoXLwwhr5s3T3iiNKdgppc1
0,9,three___,_____957,eSNLbUH0OjHKCiSU1sIYpgrsgwqJ6SiAYZDYv7vMjpnhyn9Dxpdqq3IRPoCDS
9,118,three___,_____957,SVdEfrzGlp5oLmyYUoAHJmJFIGo2jaB8QXcD
118,125,three___,_____957,Zd4Kntk78ZBPFsyzDAmGIMGeFyZkciqBQ
125,145,three___,_____957,CVZYDCOBNJfPsfi1UQp1BwtFeuwwZnwRadLoBiVVKJzG
145,508,three___,_____957,0aZIBJZVej4HrJHKQTADFQA7o8ouFeuk2ohvNS2ZKF28KWNemU8o
508,590,three___,_____957,cnkCbqK0SNSR0hfURzEhgn4OdlnIFMYKvcLqnNP6uBTzmx
590,786,three___,_____957,8pA3HlXDihmO1Vfauw6952UWN7kwqu43B7HAQaz
786,800,three___,_____957,lYwEGxWXSZeAZTZUsLoJpWZ9kiy4cdriJ5nDWPqsI6Sid
800,807,three___,_____957,vmfm2tEvsIsjB0uOWDJYM3HNFymQu7WNrgf8FOyYQWTC
807,913,three___,_____957,TfMByhuO4LRwyMzNAeJWmqqkRx3uU1uXNWVxUXbHehJSM2N9d4pPhidCjoKF
0,50,one_____,_____958,j2oDQUQUtPQXxyM1URl7oZUM2SH5cU29QDtvaglPAT
50,82,one_____,_____958,9pkt8udyV8QKj0oGXHVRi7CULItepLUkIKUpRDX2vJl
82,119,one_____,_____958,sfZfeuOH0gyipYyq2XtFypGBzI0z4IZemM
119,135,one_____,_____958,BuyzQQXbZHfD2CNQprirCnogpuyk1uilq3abeUHmkOHPqMXvJWEnW
135,199,one_____,_____958,NCZdPfwFlnTpAIjfQ0zqrR2YnRZKCsrfdzhzvqeTqmzfjdN0UoUEUVmZ3Tq7ZHJ
199,443,one_____,_____958,fifxJ1mVc25EI5IVeHxjMinJlPlQtcpIEFqbxdPwDD2yBy2Tef
443,451,one_____,_____958,D4nnLwEnpfA8QqIgO4t5MJ1F3vzWwBh9PPlnyrMpjo3h5XXSGVbiNzQ91cgmrT
451,473,one_____,_____958,jdDpjOBSqFybjn2Uxuw6f16n9X43Dp9w
473,485,one_____,_____958,1JAFcP73tol1zGr2M156s2d8vcYg6hYTeDHu4WQ9AY2KS4CLZ05YnHxguOFWeBe
485,553,one_____,_____958,zrsnn01w0mGhDeDKJPiVLU4HDECWEnXrYM2
553,617,one_____,_____958,BgbZRmjSAx9fVjQ1zWf430juuWRYRA8pjabOXgHU0
617,739,one_____,_____958,PcauQM8cHm14WWZrGZzqV1EhYpl2pfWnyBw4ESDg3qiScmXkhBAYKSc1R
739,752,one_____,_____958,ArtyYq1VtTW6pvoKnQb4rj2VmlFX3Rl85PpNa0z6VWQ73NO0jSbgTB7eZaSMh
752,828,one_____,_____958,Sor5bU4CE5bfXU8eJWv1Zt1oyhx7J8BVck60UiPJjj7cvLn4Xg
828,968,one_____,_____958,DGSWu3SOBr9xMT3Ng2tw49rdtCRWDfkX9GngiG5hLBK2Ap0QFYOdz1l8OGM
0,46,one_____,_____959,UUg1WJK4uBDaqmFUeHQDeTvEWICyd6DFBNUc53LAVDDgQYJfvsVp9J
46,216,one_____,_____959,o2MSgduRGCWD7JrsLkWGqDqnu6Z4s3wS2w4Z4HLhtqX
216,261,one_____,_____959,LJ8JsY6M1nLPEld7ybAacZaCUJy1XM3kMDgnirWxhPXEVyqKk89M
261,432,one_____,_____959,2ySlcZdu0AOt92klkcrEEY70R3qwwlzgq99Z4ZQGOsoM
432,442,one_____,_____959,OrC0I3aMsYfY5qCEPwt6RdrHGVr6uXOu1wz519skS
442,568,one_____,_____959,NP5fBAGi3TnpteHaPlR46WdQQui6O1uo3
568,594,one_____,_____959,qBxL0Ouvyhtmy3Z4rbrzdpNxNqysCZQrXv
594,626,one_____,_____959,hfBBtZmSBCZU6gTZx2rPSrNcWtYOAFtKvOtDRRtDbdscNzu
626,630,one_____,_____959,y8aC2C5hFOeL1QXUlEMcSVlFhLoiyknmeaYzJeLLrFC8d6Mc6evwjpb5SLVICwV
630,687,one_____,_____959,OrPmfxHBS2uIelAkkpuGD95LIDrFg63qiIK43Oqj6i1EjmCO5o58itP
687,717,one_____,_____959,X7yQHBpd3x1yxQqXnX6WJbCBNoyQX712o9NiGoiySF3Mc
717,791,one_____,_____959,tscHGF3BKVBcDAU5tkMB5tH8VkDmKrvifSnOoNknx8HEuuKDvcSjXfFjsfY
791,830,one_____,_____959,vsXNiKcBa5QYfljcLWUk3yat5SimoUIarQG4q5wq3a5Iz0vbh
830,895,one_____,_____959,KIoDdTKQ07EMLt2h3iX624mPWCWhx43Ytcx8ktXKjWUJD3HxOQsdnS1Mtj
0,104,zero____,_____960,4PJxyW0SAEY8rKcqfUEM2OhS4kar7T3nXQwuSifaPNa1yKu5AoxFCtMxiHjMc
104,229,zero____,_____960,Im2RrXexfaFgYwsL0NIMbkBSVAJ4L29g8A
229,349,zero____,_____960,oAY8VtvMNdnTQi0c385oM0ZbSzA7Z8WsWzl1TQnYTtn1nvQSNGL
349,487,zero____,_____960,LQtEIjM7tAUtWXyrGsETdnHitSWu7yd4JYFAPjLVWk4Lb1bXo
487,522,zero____,_____960,jDpn7T8wxRxiBtvyl6H5mNBy1Wv9lBn04bdwLQhNDSuQDB5K4TTi
522,650,zero____,_____960,RY5ATTVmvAxbpZ4navqzP3v4shlT6aBqlyf1f0hsSyesKd2THZtIG3a2ymTqxbJ
650,663,zero____,_____960,NZHDEBnegfi17SpwMjGbZ8mati0AIjARMDIq3eQYoWBoUWwn8cusgMoVa
663,776,zero____,_____960,Q6yEGXzuXDvje0t6NOwGS15J0g6Cmvt5JS
776,819,zero____,_____960,eMsm0jAKKTsPWhW0yxVmKPkCnqpJQIZwMTz4qkof1S6m3qoxWQkDub
819,860,zero____,_____960,cSawtfzSttDDhj1Zz9jlQ6zyVhCPzf7QyqhFnWVE9n70XDBx1Gbc5
860,945,zero____,_____960,l9tIJs5TUB4fcbzMU5SNAZBoqcujuLBVEAm
0,161,zero____,_____961,AEvtlv4lowQfxFJWP0VUuZ4ArbBDYIt9HazCLoB8LL
161,519,zero____,_____961,cCKvW3XfcEofQvUVoNy5UXy8A9F0CTD4t5zUDLI
519,898,zero____,_____961,FwHwum3VetW5FImQ4i3IafdqsHC8EdIHmX8uF702l0Gu5r4Oz0n10YhzS2LtfpM
0,2,four____,_____962,EDCAxofXsv3EQskFzhtWbi0qbTeX1pKYxQWtKKJH3
2,317,four____,_____962,8rXI47VJacGeGkkYfxie5VV0FYjHAU1JiAOQD8Z3oNOxpGj9gPD
317,391,four____,_____962,wDYXW691WkflYRn4uo8mfhL9w3Wu8xlYo
391,462,four____,_____962,53oEi4rNtHpsJTQjE84JIe50rgvzT3Pi215z3UCJCfK4eIlybXCjw
462,487,four____,_____962,F4vLYXaQqnjpcfdXkfomGJ6mDNl1hFxemY
487,538,four____,_____962,4UiGwbGb92FUvTVJAVPlonlzVXkM0UM4LXcplpAHqBvl69wEzQ09ERLRoE
538,580,four____,_____962,zUTAfPqAXTf6EObDPA8AKwrOFV8xH5Q1N69DKMsquIa2x
580,660,four____,_____962,AUAFlLNyZ5lR3V5TN2R4uoP8Te2dYecCy6AmsLm
660,725,four____,_____962,j9vxXJ9dktdnczWhrUEfLDGapJWV3zHoyfJJj
725,848,four____,_____962,S9gjFsBpW9Y4a1Q80f1ADsTGRjLwaFxcHTHCdsbAybfEQ
0,4,two_____,_____963,sdBVmuohQQTl4lP0H2Y3pDJR58pF0wFTu6
4,102,two_____,_____963,IWMLV9MWD8DSvPMUc7mQE4dpepQBEVTAOt3Ou1Gf55gjbfn
102,614,two_____,_____963,jbTgY44FF2hxBMkczKG1DaSFZgepgpq3jXze6w4jbxHEEhiukCAdw9pB
614,751,two_____,_____963,NYFRVksJdJFNB3EVvl0D1WGZSRwsKCK63x7
751,765,two_____,_____963,tSxdnpG1vTaOu8VM9cegbt1F56QlXUpcckG64t4B6QizRgolnY
765,776,two_____,_____963,61MwFQfiQFnr8dlFkXlxjWq1ijIze3jrLls1t9UHzv7xKRzeuCLNwRe
0,98,three___,_____964,baeyWVNozYmYpVBvjDdpb7BelKWGzAIZ6TYUMMYmuJuNVmt7E9
98,211,three___,_____964,IPhLJymjEklnFeWJVN1CsLVskLwKWh3H0hwiV5RehkRUEh
211,293,three___,_____964,zeCmning9mZaNMlsv9hn9dBPTsbzxYvjPpX
293,640,three___,_____964,fHEbLqNETQF7lBzA8xt0SN9xgzYfDhrCEdphHOps2lvWNTcwBTmgie1IinS93nP4
640,689,three___,_____964,PDatY4GnvOWlmnl7EtMRb99rM0WFMSF62D85v2we9cPZ1ODD
689,838,three___,_____964,minYT9Qc4bZbHMSRTXMe6wqHVeeMt4qbUz2v0oMr9R4yuVZ
838,860,three___,_____964,lG5qLZ3H933w4BdddII4DgzaxHmTYJUOV4HgFqpnUplOiwxzlqtHJ71nTMSU
860,880,three___,_____964,7huHA0fMVF74Z3WK4406oOwnZirFd4OAxc
880,883,three___,_____964,Dfp60y0blV1Lxxnmp8k7tBrDIrNOYebD7ypGlbrgunptdU3wpFgI3e
883,885,three___,_____964,JqYUmR94Hc0TJ9jMlNV6OTpn89dMWU4YkdVGxf3yH9OnzV9sTMQ1USCoUqk1Eb
0,277,two_____,_____965,VJ4CdfB5YuwDYNmnkNjjne19LQNKG8Rl4aPR2Y3kryPAduGFRdIkOhTl
277,299,two_____,_____965,8UBc5FWVx7aQTWZa9oRKfylkoGFWdwCugyHM9Qud1hPBSQWjtfekuaKCuLzMqD
299,494,two_____,_____965,jjiYV9l15vmFTpruuBK6xX1LO7g5jtyCZgDyyywRzwYyL2a8GTBEo
494,498,two_____,_____965,3UCc8obtNBo93MOe46rZ2rA8Vl2uUBQfBCjlPQk
498,603,two_____,_____965,4E3TGeuCcUztYDaKdwQrw4ZYg56dp31t4ctWY2MIu
603,705,two_____,_____965,nB99LTBPWPxCss1oOMX4ZFUDPS4KNw1mR85Hs6a4
705,895,two_____,_____965,BjYgOXK5rdYms9PWkIMQYGsOFE7DUEq5Di8HAt09LgiHENJM
895,898,two_____,_____965,LD9GCQAZ1gHZwBFun5I5YO6BHxklBxPzcgLoqvq5edM2vnM7Nq8OnSmcJOydn
898,962,two_____,_____965,T2NmuQZd87bUnivb1MCGM0fAFcpM1Ej8RicQkboGvo4fKybT4788C2g6gADFcx
962,995,two_____,_____965,RuyDEp4z452tMV4himCAZRSol9zpDyxCNqH1jTQ0nxEk1
0,133,one_____,_____966,BiEAULfUFO1c14gUN7MLSQwqwny8tLassell5022lQ5tYi1EcA7YD
133,218,one_____,_____966,peOH1gJJndrrp7OUQ7u0GXh4vwpvfqws8IMAMDi
218,387,one_____,_____966,fRxfRMXJ9KvyBaT3818cuG4zPtDXmHYmI1qwkkZ3k1yXY9HCLSck2O69vHRPy
387,419,one_____,_____966,YiL4NGXfbEviE84P259ZGkBdL1aR26jKt
419,566,one_____,_____966,BE5IefPssfs655py1MgFpNHtQMcNGzqtcExRK3I7L
566,625,one_____,_____966,c6H0HR85hWwOsrOZPdvbrKgpiH30eQTZfzk6dZjy3bvqakJ8iKhzhgqZNZhSdp
625,773,one_____,_____966,XFIbT07yS6bgpGHB9mEsW82zR0J12HxPbwoVYQjZkMHZILqtcxM405
773,782,one_____,_____966,wklVt3NRM1EILtDM55x8B4CTHnll6CuKJCAyeV4XwO
782,808,one_____,_____966,a34ky9dBNZyyq9KnYMQMXg0mFWpzE2QweX
0,65,two_____,_____967,XTY7IZqg5kZgHASCzO87KIZ7BmrRFYgI5sfae4ddLsOa6IO91N
65,103,two_____,_____967,FFVjWjSk2iC0GSQpLgsN48tKYU2QkNjZRjLNpU1FnQvv2haG
103,245,two_____,_____967,WPDtJv4xIHa8HHmga4SO1FHbIiBhnGixUg3
245,286,two_____,_____967,gvLCOYZsApj4Z54etYDteDnDY80ZgxLbl
286,472,two_____,_____967,vEYeJhvbkL2jczAMcjf8flXadGyPqHnrxCJuCUw
472,517,two_____,_____967,SwKSTgkawQBm5sheo1s1qva22HGBDwqx6DMfup7W7DWWdjYOkGAC1
517,563,two_____,_____967,FwKDTnFFe1R6S6ENLdBdlihVo1KCZBObkORTzMMWEmgzZmX
563,567,two_____,_____967,kKhP1siFPQfaSOmVg5BRGZ9yVBHjouuwF0vI
567,597,two_____,_____967,VS028b2oyP0cBq4bFZIXv18jLSCkuKM6x02f4Ro0HtPEzqCErDOrxbwPaw
597,847,two_____,_____967,U2EKJzbC38UMrvnxRifg3FiQBaLXift1Jw9cjWyaj3B5K9F1ZpBmXQwScSn
847,902,two_____,_____967,eCmTvWNXC8KWRgprn57iuIM2DGWSjZlyuEmajo
902,982,two_____,_____967,S3BxV9KTJxtTnEtTHrZXimNn15slpUxQ
0,84,one_____,_____968,DY1zkPms3PTn3meeKYIrPnftd4T7uTst3DCbyvyhaTIj
84,319,one_____,_____968,PaheSv6B40eLnvwm6sc5Do6248jGZux1VZy8a05wD27QeWfifnGZX
319,364,one_____,_____968,RBfCfTiNbXZB4DqNVNresgywFc5cCv05ZCYYTmGNGMLz5Dl
364,409,one_____,_____968,snX6HXYqBxEIlGzZhWT7H1y9UV5WZgk8zIULEdhbBHqDdD14b8JkkSJj1v7
409,468,one_____,_____968,7oTCtrYnY9gdz1wEviib3xcRsE2J9hUJwESKZPy4GPcDWKuVNswpFA
468,637,one_____,_____968,1mWD8hRvh7HVbNdbc4bSY9cEZ52v3RHKmLbAkhaJV
637,677,one_____,_____968,kun81zytR0fBiKTUkwv2Nf4lOjEIF1HQ0HHlJ3Rmr8NhbmqLhbQqCMW8LzdzE
0,183,zero____,_____969,6OqhijmZLKmNdgjugRbpekKJuIGj3g03A4i7BuglhZCN8qLG9L9RK
183,296,zero____,_____969,12FSBelo5vlCZ5HM1jQ1c0kY4OjpeKrEdybCN
296,391,zero____,_____969,PtQBhaRgfcSqjMhBFOIIrUtoQesa7sl9sZJbhj93tL1pJMKvsZaKiD1K928tQ97
391,529,zero____,_____969,i7DLq89MpX6cZ1WUutmZ0svP4LGT54bQm5cjcEG38LWnnWLx6ZWSlT
529,647,zero____,_____969,vX3LSgQNGvOLIjPN2EccwuAUZGUWHxje3nw6hsWyXAwiOrki2Nf
647,701,zero____,_____969,algiDK49IoW8y9DhQfL1pbtW9u3WcJTnYls1tvVdL4XPoaqHll00D86gpwAqodb
701,712,zero____,_____969,PBtwcxCvjQebXq0UEP6FDrZcBeGy0yNqMTY2ZctClaBvodk8FCfH
712,741,zero____,_____969,gDLoZHaS339pyPObQahspBQ6kIhKfh4UaaISDTCxpCgIo2jokQAb7Aqgp8rkPUsS
741,835,zero____,_____969,Xv4l9gEkZZLjPERkBs3ILqBIRRN1RME8roJUJFVvUyD
835,840,zero____,_____969,q3pNbMchLCalKXve6wWqd38Yr1n7lVofxGypb1SQT99RNeZ7sFkcZH
840,980,zero____,_____969,HpOkGNONMGezNsqZthWwPACGJFkDSQzm1
980,995,zero____,_____969,moJA9SDGYfGq2FKz8qTgvlx3IBsJ5jNZq
0,39,three___,_____970,u71sarGzhSE8YL1dEEHuakM7DgdrXh0W2wR8XxLb2J4XqDXB6Ayab
39,56,three___,_____970,4z3iyOKN6oUWFWmmm4SuMnX05yH92YkubIrW3FuIkThSt0nMGC5
56,80,three___,_____970,LonFZjAwgLr3h6pw1YwkGjUsQ2llWjmHEogBnm
80,266,three___,_____970,Ee1eLnUMH810YNddYhv5K82O3ErJIGPsmUx9
266,298,three___,_____970,tfFpWbz8AA4yXlRZFdHMm97GyzIeUg2kBef
298,325,three___,_____970,dOM49Dwmbiwj9tZHeKncx0zef484qzoTRXh7GPYbJ2SNr0
325,463,three___,_____970,GCiWe09AG6Wy0pdcNCCh7U2giSWTx1wUa
463,486,three___,_____970,Xo7S8V7sHQmgTvYZoSot0rAs6KksbMU5qWzPu3n9f8WxCNHgwr
486,505,three___,_____970,lHtqB78c0uo4iQUAGPOwdDDeihis8pLk32r3GQtZf0Rtxc1k4i5fNoHrAkWLz
505,823,three___,_____970,A3UHj1pV3UEqCYQMtxjwzygAdZk794DbmhbgtHEyl8PEq6cz
823,896,three___,_____970,eKynOUItBg2w1EQ6pao7NPNl9NIFsskFAfowRJj0X1MkK8qkzYplDLjELIP0kuK2
896,917,three___,_____970,P1pYuokUkqwDpVhY2ZBouqamNCkx8WHC1E5WQ
0,89,four____,_____971,syqFnfDQ1aQ4EzWs5Hsd5Dfhdy1NGzAPZyaX4Sh62oRE4qG7
89,146,four____,_____971,PXwRwU0QVXTo1MQsfHVIvD8Kxm4eWNNymBFSGkUkwgKC
146,167,four____,_____971,45Xc1IxzSLqskaFPtsQkeGfHjP9Rk3z5AMUOfLla8GZ53VGyC1rvyi
167,170,four____,_____971,mJpThJFYt8ZnEloMtSa1pupwCuNE87KSC1GGJorVB
170,222,four____,_____971,crxI5FR51FyNYkcUvts2CPgOpYqCdIpHbRXqwHXfzEW3heQlm
222,359,four____,_____971,x2kEkB903fSl7WDEKWzF64GDBkVX4X2enifDslgSgfyyYI6RD
359,443,four____,_____971,VH3nsZ9gvsIdEWJGVayA3ocB89xaFwGCtrquRDMfvozTGJh1onxod0
443,508,four____,_____971,dpgpjtYh8C4O2zlVrgrINfgernBSyyEd
508,555,four____,_____971,YRbrqOzOHK0qEBDhrtKfrLXFHhLQl1mrMJy
555,569,four____,_____971,pjQursaiqnuYSIz3DmHxsxUOvNOIUQO7L0uyQ
569,860,four____,_____971,0u8k79PQUZMGeu9ZMcgsahnPzC88Runqj2CZRWsgi9GTpU33q4NABC4I00EINfd
0,8,three___,_____972,tTDMPRafbPnDI4X60zlAlg131cr0FEh0ydqXk0ecGBLst5vcdY2k
8,60,three___,_____972,nksO6lJllWqpy7fxL7jVAcEHUcF5OBkS8U4h4pDbFTbcDJgXkdQ0qfycmdYP0
60,101,three___,_____972,0fTubCurbyw7drbf15rAN7Owj2C7SzmpB91zGslSB1U4rHg3Yc
101,130,three___,_____972,lnpBBZi6JxXBc5Xo4ttk1P2fLBxs7HYYQuFexk6bxK
130,311,three___,_____972,MDfQVZberoQV0j5HXymlk32KMMFnrY5r2yKXvuAffcMaqYjyC3uex
311,366,three___,_____972,NSaxDkouISRUYxTGMYjcvJk0knMBoemuJkBIo3n3iw5FyGB
366,514,three___,_____972,rQB7TmLumGZwBnDZh1JZueOcDwFnWZ7iRwfk
514,542,three___,_____972,E1A9iAyrqDXmc7i1lftnqgxreZFS5R4PsYZe3BjriatSrA6ZCQKua3U0UcuIb3l
542,592,three___,_____972,AHpr1I7uVUzOYSJlfzLaY9CC0tWHLz7QeTcf
592,622,three___,_____972,rFxeUSaJQPazbHZ798rjLt4FwOCDt4MdX7uT6FlZsuRUFbqsYewz
622,631,three___,_____972,g5tXQbF9kMOwSJgNOpaeIXZLohyesnZYaHR4bbijVRcA0UK1HgTs5CPqwJcGD
631,632,three___,_____972,1IlwhpNA9PbPq2TJyxkhHk2TOZc1cMzYetc1SSm3raLpOSIwuB8K4F3K6Jma
632,718,three___,_____972,nCtvmQkiyOQRz2Q0lkEtxAQ0TXIAd9TR
718,831,three___,_____972,fK5uSWC47uO8ySFHzOW7Rlby3ctZYVW91Jm1aFHoFkt5TZUrw82ibSkuA
831,949,three___,_____972,AMvgaqINVzNodZBoRJWz4E9ig3FGGraPLfRGX
949,989,three___,_____972,ewY5g0rgIRIMJmctuwLzv3R4f2JwcT3IGv4j
0,43,two_____,_____973,Uqsk2mAo0bmJTKbC8pOxq4Y1JFLDn71BV7ruhKfA6
43,257,two_____,_____973,Lj7YAsbOs3eHWxygGOx3sca6oX687Ed7mBrWyBUhFacpYPt8kRt79C
257,370,two_____,_____973,8FS3EtM1k56j9oDTiH4vYdmlepuqPHg8mzDUF1YmV
370,565,two_____,_____973,Xbl5VqfIIoAGGTQTJUs0oGsEyTIAT2S88nWP3wnz
565,613,two_____,_____973,Qnaz5KDCjkqnTkdGOGBIN9xANh0nf9VBxp1eE1bD8a
613,707,two_____,_____973,ot2eC0srhKCEeHYHNhxfDmKiKm8NBJcHyZ3OdsZevJjJBVJFBBUrej
707,752,two_____,_____973,MWMjOupcmloCtLy8wDIPc5HFAelVGHX4P4AfgC6dL2e6vm8h
752,802,two_____,_____973,f7iO8BGpEHJPFzRTZvOeO20SXFbiDduaBLFSLVEEctdtvjYIVX6U
802,841,two_____,_____973,u5jQvNs9zGAxZ3Lh8sJYj0dduV7Uakih3zWuQjuztJbfOyy
841,896,two_____,_____973,PJJwVVRwoXduTr0RmrCPvLUlH34XG0s4ipk9s8e
896,923,two_____,_____973,2OGR9LQ9fTrxxOR6q3UYXUSIStsqqE0lw4LX12Qn3gj5cHLF8hPZriEsNUB4v
923,991,two_____,_____973,v164KPt4ZbioNkjA5yJGCcq72P9xCdDfm9C8l
0,82,three___,_____974,T4zZyYWKAOi6mPA2Qxr6NUYz5zYDBitSWnHJh
82,202,three___,_____974,EGD8HkxKabKDd4CwSNgpNtyxhSlCHOUaOlpXvy
202,215,three___,_____974,3rERjjh4MFjcQSbd7hCzFbxfb6B9dY0eqswj6BwNuXaq
215,222,three___,_____974,NJaZdOSkEhyzaIijZa3Y5e7fTmQAz8J2xOd5tEnsC5agxw5ub
222,384,three___,_____974,m7wOqiqDkfPvs6IHDYpfrfDsf8czMnIWLbSZ1PJOe6Qts1s
384,534,three___,_____974,qPTizxGb5SVBRama4RW3yR0pdysKihOMMAqZMaNg8ZFgP8jTjys6CrNcnx8Jm
534,555,three___,_____974,OeJn1kfnndIlNgi5sW5K7LrFTheBgV71yQnVkJrKZLpnC
555,596,three___,_____974,aOEKDJIi0UCZ4vJGyH77PMUdsOPdLe7RgYRCtSaOf6EclWmPiBkObRHVuP
596,766,three___,_____974,bkNlKc5p6ZfR1qsAUggGErSrDSKlTYYioVSGIo
766,768,three___,_____974,WWmsJrUnwaaXHXgSEQwAQPMHr1xbg0tZGaB8e
768,910,three___,_____974,PWbSqysCcIJM8Ur4RhaCu2LyJ9N845hH8A4Nw3oP8d5ht
910,960,three___,_____974,Bh2YETPLQRB4jOFfCmYV8NjpHEqxlu1C5s3iEl4OPsH6fvBwhbfuugq
0,153,three___,_____975,j2me6biUB3yGw6bxVeQ46vZpRlFOJlLthmR4wzox4r8bShoLtyc5Ra3RrNDG
153,217,three___,_____975,gbSHAdoHH5n89URhY8WVDGm67SHtGszFLyfcKMesmAALRETuh
217,261,three___,_____975,OABWk0QbZiN9vosvxR01f9exMO9F2qGCWpMlOMPUFjkOlz
261,981,three___,_____975,cV14sNgG7gRsBwAIvzozO75bxAJ9aRismT0FXlPcE1FPY36o
981,997,three___,_____975,w1nnn02uCoodKKFecCmr75tD4cUFAxHODt9Ws
0,14,one_____,_____976,Cw4YDnvecvy3D1UEku9U52BjbUg1joHQadSqnGohfsw7TpxUhAWYBQZS
14,86,one_____,_____976,M6uekZIyCm9p8Qg1BfoNyMj8XqOpauHNY5wYPebYqQiBtRJ7oMjYHnL6CJfrGb
86,103,one_____,_____976,DANPAIoTDLdNWOqod5ZjLq5GtYjNXldc44Z
103,137,one_____,_____976,Fsv2EFCUpvOnzYbhbBiYxohEBCzoG13AGpm6CqZdTnzhNDyD34cDGWhybG
137,305,one_____,_____976,gdVYYEZQRwRAMG5aScVYGWdaCN0ziYnhsPJMBOKzAlDKyo8OakiK
305,366,one_____,_____976,JCK7pwiW7QI9X4qGr1fWHh55iC69lCfgyZMDjweGuuoGk
366,426,one_____,_____976,WRSj4z6njtL38q1i9xOhYmSfsgSJwv9qPVOPUxBNkk69KR03sY27zWt68O218
426,449,one_____,_____976,VcFTXYGPM1yQIItpcn2hEITyQIpgMidOkJlSVU3B1mnm
449,570,one_____,_____976,N023AL9tcXdOsOy3kNSfNzV2bBSLYTJJw9SVMsLOdJZUOE
570,591,one_____,_____976,VsDklJEhqunZOzL5gOgmLqVUUH476ssbAyJTtX02aw4wM4w5wxkPGnAA9CV
591,742,one_____,_____976,ONu0ekwrxVAALg61gyXN92khc7Tkjl6BM8sKCSv47AZU4T
742,862,one_____,_____976,vZGoSNBBuzeILl4jZqa0OTKuaSop1wel0V3JQqTG11J4QoltUj4vnW89Lc1tv
862,875,one_____,_____976,gTzYVvzV3fT0FDGsDvoTQ1FlZOS3L5XV6d
875,944,one_____,_____976,00lEmLEnRpl2ZbnE8s02kv4YxYnZSqqyoP6xDmmaf95vl2tF
944,947,one_____,_____976,ZWP1F1TqUpXLM1KdwOz1xVRVnYnQCX0hS74qL86JxdvsTT2zBIAVDtBS9dA8
947,983,one_____,_____976,CUKyca8wOpSxjT2ymlrL46AVRmcac4zPdcBjIWnh2JPFZA
0,19,one_____,_____977,Vlg3fcXPvvHd8jwnlIavG8IUQMSDVZkHkRfpgfzPOnZKl
19,300,one_____,_____977,fPj8XUKJBnnJ6JNIVdRX3SFS0OM30DLKN2rVDU
300,399,one_____,_____977,vGwER9OREWYLotoagvE91AAn7PzGwwdx23
399,596,one_____,_____977,PR9mtyiAUsV4lH08xuSlOSeha8rj6GMNzFYbz
596,766,one_____,_____977,vHbAAQ2PjBybkrrqCrNk66ufk8VTwrA90gBE9zrtpZZ
766,821,one_____,_____977,yWy0sUhAsWSAkrlBJ8iUVpxoA5wZl0Jwl5Qe2rhIDPMGLr
821,900,one_____,_____977,dwqLpwxX9XjEYFskG9ycluyIs9QHEVPq2kZFYGo2dtw3zunZV
900,904,one_____,_____977,5WBzsblS9zYWHOeAZ1BSXThEejx7ZggrYVZu2IgRCDJKLEVviIW3u3j
904,997,one_____,_____977,2Bue7H9CTkuKHnuZSCjY1vs5GKP9EYeKtjpIfs7YY4zva2D
0,177,four____,_____978,QV6M9CLqakJvEWo9EqPHWLa53PLnV5joTmb
177,213,four____,_____978,HNFSwDPvxc2S1QPa9FutQDNFr7iYEXefUQXk1
213,225,four____,_____978,NJPJ5eRbI0WWlXetYJUXl6P5R8grx9zZNbNjpqtN4jmK
225,307,four____,_____978,J6FryH2A0RkqVm8z6wfIIctzt1ID9lpSLmjtT
307,364,four____,_____978,sVYNRGZIR35THYwGhC7LHotiU2Pvtf6AZvmD5KbRRjIoSZmMIbxYCnR2dn
364,643,four____,_____978,ljKcNya6M67Eb3b0NyFTNunGuaqoD1T9LPVlXjaN6BvbjCOwNyMi0wuhDYtQ
643,668,four____,_____978,KqRv68bCLYj719ybT7WFBcrGlrrzkI1z
668,698,four____,_____978,VbjZMIUSMSSriwFf2JLG18AJ2P5z9a9J56c7osje1gJ11lx1fk
698,722,four____,_____978,N9MJNTXz1PYLnjie0D4rKdl1se6ZuwcOfAzEwHiYkUjxmcFs9vIz
722,747,four____,_____978,MECvFtmGUwI8A9V2Y6ay5Pj44HCQ4P0h6u
747,820,four____,_____978,sI4C6JiNDwRFqxxHLXUAcX5Pa7kKWnDI8TlUDyKK4lFhPlbt9XcmA57g
820,846,four____,_____978,bMeiRJLopVwPItqTqHmr3knddVy4eRuAwYrtoaDDIuSmr5fd68FrSzieigqDFY1g
0,72,zero____,_____979,vKh5MjKKGqGP352Wp7pH72zrwAkTGyytxJndWz1GDGgBM7rzjwDXlC
72,332,zero____,_____979,zJRGJ5kUnLXHkLpl0ajXNjKLfznIA4xQj
332,384,zero____,_____979,BngVfNcAsHPqLYKjMx9DYMWaDtyVaIbmCw3916ZDsTFuCorPeVh5b8yCa
384,490,zero____,_____979,3s1r4sFGJ2BTSTB1eawx5amTLG6xBs3tBj
490,514,zero____,_____979,rFdLD008rh028JxvZoneIhx2JhrGciQNAPdVQAKsdKtu
514,565,zero____,_____979,BoqPujQUkcqAs1kdpESIYa6TPkSF4MdORcEGgXGf8ohBHdF9Dapw2AXk
565,576,zero____,_____979,BJCMwdtIgopx2P6qSBU4LruWHA7uoXBjqLfu
576,590,zero____,_____979,HDIz2bqDBa1Olr2RJggFeYqfJZECz4CVvAip1nHTJxw6cSeJ8wOwSBwKoFo8bP
590,736,zero____,_____979,KoJ3xLTaZXyd2bp9BwOH9j8L57TKkfKuHvgjxOb
736,777,zero____,_____979,XKyaTB1NiTigmX6ixYrDhSi8e0Fy5sFLLPtcWUcKLgDrNCRmuJAbl
777,823,zero____,_____979,WqS3qXxeEZLOlTOb43s0YyS1cyvbj0i8a3pAH
823,931,zero____,_____979,BdJpN0r3Kv22ZkW9WEb1yGBEbbyoLwNFR7sSmmW4
931,973,zero____,_____979,LooRd3oOROknwsFlp4P465ep1A71QjtNuN4lloqdloN
0,6,three___,_____980,QQAF0ve521ZdZVueTLU7vTVeANoxUsqP0DVoxvhyE4B7BCx5r61tZiwrwYgQsFX5
6,81,three___,_____980,dP2nxUvrO2q4nNOw6MYtpP4EIEMoUPfth8rRy9ocwny
81,93,three___,_____980,5t6Y1EbXo4QSahi1KHuZ01gkSDkHKtA49KTZJFYnl4uTAHEjei0m9uww0a
93,152,three___,_____980,gayBtMSJDniDHm0TVHTqvDKHcTL0gkGSfB5pHQWbsVZFSjyHxX3AXNpYQ1mnyu
152,155,three___,_____980,0S26HSzt5lYGbwcsFQM9sry1OADzDbPNrG4rTY
155,171,three___,_____980,uFcqdQVcLQUG5X8tgvbzDQHnvVWp7gFlBc15
171,185,three___,_____980,gSwC9fxKgPRg9jsonEQ5mKc7M22DLhwVHCu5X7JOXom9Mea
185,337,three___,_____980,4WrDazZc6uCD15boUZG7j6qv7Jv4xsqa59AisGxc2JCm7Xkv
337,416,three___,_____980,HfIjeYjqGtHKkGMxAAIC6uAoJdPyfvjGPkWBaIk5TUDoPSt
416,467,three___,_____980,HcWajzizwYzDdTNOVuwrmZ3w9i2QHWakPmFTrwouddetIZM3bO3clF9v
467,482,three___,_____980,dp667f72EwIDzw8pTTgW6cviQwRSxJigOZwtdI6J
482,584,three___,_____980,FQ6lurYi8NO0xGSdbJgezcslSkKXhDpoYBwSp4xgZxHBqAlbQDNlzyL
584,778,three___,_____980,GzsBD4UdgJxGfCwXWrsZSnUsDYAnyRJcWNcm94kMkdqvm8erpDT2h8BSkkR9sxZq
778,838,three___,_____980,HwW7n9nxZvWQxKWe0MxjxdTCM1j6C6pKTXwLIZiquuQVrIH5PAJzOAouVYLzN
838,870,three___,_____980,zZG2j7OYT5Q98qsbCnHwUo81hOc2Xa6Fr8nAEaGFuxy9j6E4pZQ888XZKuSkPW
0,92,three___,_____981,THWc8F4jJgmo9glUc6vy3pgOx11lH27Kf9YK
92,281,three___,_____981,kWYpZ0yFQojREmCKLCALzGEyzDk2LlFkb78WPUV2ILNHLKyaath0imnnWMF
281,363,three___,_____981,otXLScYcTfPOGJ2aMEAmyHirau81sPI9hYsRNNIz5ZX6jc
363,430,three___,_____981,Pk7sbyRTmFytTiIapBlevoeYNScQg43bhACMDD4v1PZzBMSj
430,434,three___,_____981,sp28MpsGTpxTMhDCc5ClFvI0gw7Sdc6YdUGEGYZJTzmpXW33uaJ
434,533,three___,_____981,XmHmgvN5WjbGm8hjVtl1TOPgcokOUC6X0tVWek7W1NhFzw1h
533,734,three___,_____981,5NZGTKUETrDTAdmlmmrrAHgE4NKKxTjIlboPdJsN
734,756,three___,_____981,yYVgByRKiwsQl7p6uYVKzx4mulpY086oMQCrgO1bun7PBh8gP5Z
756,822,three___,_____981,lVLyeNOd8ETFD0pMG1wxWuJztph61GbvmbQ0mZDs7NnR5TSkxvr7g9Cn4zx8YHxH
822,893,three___,_____981,sjg5JVPghiSmliUzYVJvKLgBmmLv9HJKe4kTtd1TAFZVMC6IxOmYBntIjdd
893,894,three___,_____981,000es5tVNZKLMRnQrBpKzCM71FOx6fj1I
894,950,three___,_____981,KHpUg8iWuuLCGtkQfpTHnQJQwOjd6RdWG30lHW0IcD2
950,962,three___,_____981,l4XWXZSF39M3l6oCXGjbmQ49uk9WwVfnhAxa0mHPjg
0,39,two_____,_____982,qAcML78BKq7c9ZBpFbXECoyxx0JN1q6fpNqnvWkHhdwtcqHusv9Op12wUv
39,236,two_____,_____982,3nJnNmQOLXBbXRwP2Z0JcODkEnnrlzdlDC0lS4LWEI4uemkgjW
236,253,two_____,_____982,8ylSFssxjCmsu9GPLfSU2J3cuBkDdtDF7UXqpLegAolKugR5IV2a
253,313,two_____,_____982,hc73rvoCkHYdd0hJfvfwye23ngfg85AV812vo
313,321,two_____,_____982,seYRDDQ5tQ4mzSLG4IzyxpSFTU29FGC9XToOc1eawY8cRxhCQDwxV6
321,389,two_____,_____982,K1pBUZxuXaOcyTIjBFifE4PsREp4M8wGi
389,452,two_____,_____982,Kq3D7rA2ScnDZrUtQcuKa9YRnpjZtF7qis13lvK55n1pYfLHnPwtro
452,571,two_____,_____982,JAeIeuEgz5kj4l1fGZHxgKzTyRm6KPJi
571,732,two_____,_____982,pBw3t4bqaBgtP1XHuQnvXLft2W1JcjRAM
732,805,two_____,_____982,rKvxv6XWHHdtBBAB7XCZkl2cQEkYxxCE0iaJi8Gs2nQXKT2tGGsio
0,9,four____,_____983,Ac19RY61ZcwUlhiEPf3CplOqvTj0ByPeqDZeOTWNqfnLKJmScVIxzVeLTVqzsxHK
9,117,four____,_____983,hA1xTr0TeKLhlETPq3z0s4pav5tb5m7rsFaXBrYj
117,122,four____,_____983,f1FiLwK0iAeyJqfDPpIByp7m8x1Z80wKTR3cc8
122,134,four____,_____983,YaBJr0iFtb5WfhAiMEZ3kvLSAc8rhSAUFZHS75CaxGaTF9rrihPjHlTtzd7xK
134,278,four____,_____983,5kwXhK53kLJ2vlNPTDIBVxZchUus3UlD2fuaRfxzi6TdYN7PzdZQdsgp2Y4e
278,365,four____,_____983,ox2s3zFzttJXoqh9X7cOo4EP78eCvcSPLlZdjQtcX9ZfoLzpbjx2cSH1
365,459,four____,_____983,Z0dyqYxljYsk14nio3LOyhtqYxvYYgWjO0FUqF11UvEVL1GChyF
459,463,four____,_____983,LbdKorf9IV1J1FBBPZnOw0W0oLYHFowlNU7
463,506,four____,_____983,oWyAXnHTe7JlsjD6DdnSAfALMxi2g0BGxJ5tijJ6HMznudUb
506,653,four____,_____983,6FHhxITg9H2nKiiO5CI0HrLOmAaB1pR3eNlOY56VzZVEDd2P
653,804,four____,_____983,3DePDPCbsctOOiLZzgOetR8zAdguJSt8IZCuTkxc3Xhw8An
804,821,four____,_____983,P9Q72dw11huv9PvzOF67nAovjnPBBRNEI08u6a4JIPzRmRat
0,122,three___,_____984,PWFbbd5b4PnfyU4zO0MUfKIuwZx44fBnt7s2gokLYfbaYBVM9jWK2VUL7wehL6d
122,133,three___,_____984,JWCMPlDcVkhvz47tz7nu1AfgOlNuexymOej4wWSS3owmXg4FYF
133,336,three___,_____984,nf1fsGrV06mQ6lOM5khAhnbuk3NjFv3wB3WbL9rN1v03injj8mN7N8fq6OPRwx
336,480,three___,_____984,k7Wd8kjAVQnUPIEmyrF5zLHzGAWOQYCrmUzasTzMcoiCleL3ZF5en01yjHF
480,544,three___,_____984,g0VWGAsKuTpMXotdmLZCClAb6jm6hPmCfLZj9KmWSlHt2r
544,694,three___,_____984,p5BCKXcsenSrZ2asW8Px0T3p6eZlOkFGJ6XYAHf0gBg7mRTtkAQMid
694,705,three___,_____984,6BptGS5vpI8qUN0ouwwR9xvFG7ffqb9uca4CVwY9XIyFkKoP1pNM17OI0J
705,752,three___,_____984,HVgw9fH8pf8xEHDgJVQQTX4Hc74QfA3Agpm4kF26CL
0,80,three___,_____985,9wNESH0cLEAcVpqmcxckzuVCuGuARAigD2s3Q3FGtAbQ8PXAxQR4LUgP1
80,83,three___,_____985,qjyz0WiIV6KUbuJnUcTrn6nif0QYsOxBLuYOg5uq0qahTw
83,114,three___,_____985,dHsAuERobnWAX0rktY82edVM6ML81uTvjQlKtrKhNvw4
114,187,three___,_____985,ssWnkZV2H2DpZtmkBClaI7pL0yWtzCfgbqwayE8sdD9j3PwrBABZ
187,216,three___,_____985,lTi6WYBZ9DOKpdc3JfviblZXxFWEKrw7Kaxm7ZhpC1qe
216,248,three___,_____985,TbPbv8kIqf8hDeaf6FUfx1PsEG3mg4rAuXv9Qo
248,311,three___,_____985,7VeHqF75921IcMaKlBJou4qe2DJ5N2iFyovjrqPmbbqL4DdcgNb
311,323,three___,_____985,A0lp53RJLxANv8TwMXPM6KGVVJOZTNVR4EQAx5Qh7GnZ2FppVolyR5h0Dy8Wu
323,373,three___,_____985,YXZSv9Dc2VWK0VUi52L4tzQi4YcGBUg9ZJfGnU8G7DlWGe4QaTahAi
373,391,three___,_____985,iAMQNcC5irzq8AvUgS40BF6DeqqUAPmN22Uqz9RGAUjpeUvESz
391,531,three___,_____985,vAHfTCqr6aCVIbYjBk203fVLVCRJgGdwTkhC10cVVU
531,609,three___,_____985,1CkVMRYGIuKXQu3RhkcGA9HrntQ3Erjm83MFW5Qf
609,635,three___,_____985,Rta3iqgSrDAcqGMr22S5PoP7JD8V2DNqfVEiNf7zoM5gg04
635,689,three___,_____985,fLY3wy97XaHEFh1ZcwWisYfYHFefcJzXD6FTVMdlpbedmPMKJ
689,728,three___,_____985,sPp2JfWLfJTtOaA9yyGAONqia57jhfGSD9MRCZHWTcva7ZWwhjt5Gx332cTls
728,977,three___,_____985,lQ9pSxuC3ATOpItRbb4w1IQFYvdaszOpo3RgKww1WEa0HEN3OQ070DgaCdaIPA
0,125,four____,_____986,qPbOKL52g2kw2upuophNWDjMLJbe4eux02IqoIyzPZop65cXxoQBvla
125,268,four____,_____986,RgOoE1zzoPlMaHuVshuMLMybgnGnBQDbV7GtcX7qdHF
268,273,four____,_____986,FNtdm1xWnulAftIjEQF1PQo9ZNgQaEuC4SHcbaKsFrCX2DRfnimQP88esFe
273,312,four____,_____986,GY3JW1boY1D0Jjao9Iii5igqm98Y3FaUQKCgMkjLbnhLIQ63dvx4VOamBI5HJsWs
312,332,four____,_____986,kfQuSd4HbnWqzBpejOfzboZ8nVnom4KRiOjsD
332,343,four____,_____986,vikT7gk7z12BmyFegOFEgOm3qThbK2H1h9L3ILGt1hSP3JBwEu2pjEb8W8UJcqF
343,583,four____,_____986,p91BWn9KWvxLevv3X9peijncv1KOhhp14JUAMmSwPLfD
583,682,four____,_____986,nZlXtBSzREKgw70wF8TdltJhZz8UsVNOlR6Ma
682,707,four____,_____986,mBOWjItzfUGknvExrlCrVNSaTU4hnCeKxyObu3Ehdsr3
707,731,four____,_____986,BbBJTEZ9d1IMKoN5HKZLRDl3EuUWQ4AE65q8UVSJp
731,803,four____,_____986,dPS0fijKeeoy2eCp0Vz5psavgZJMVTe6L6BIYHaDrUGfDiotQGBUeo7n
0,7,two_____,_____987,iWyHOt9rLOJjOjQHxBSKi9aL0WoHfGHRankQoJlQnQXwuGEMd0wz
7,55,two_____,_____987,lQAbPSjtbFY0TShkYpp3HriJkaDGFtNsoWttAKK4Ut29Blta
55,72,two_____,_____987,yHSHhOnAgPOBASgGH7iHmzXJ2NGhGLp9
72,134,two_____,_____987,vCTI0vIFZWG4wdguj6InPqpbojmRH7jTotoi3jDgnSkaoaiPaR
134,146,two_____,_____987,hUhRiYZdkM2hnn5lusqhRAZjP1W7tiyIZKS9cR3W7q0hPYTdRk81bDxw
146,162,two_____,_____987,UarJXEnzcaSq0J1EONdojOPXlc3Ufx3hMR8PcWPxlPr3uD9ii
162,173,two_____,_____987,tUAYHYKVxXt0oR3mfUVUww0sR1VyLXvSvbkxgiKtLkvwpwv
173,409,two_____,_____987,wrNT69PV10FSO83CoNqWncRdz8as0hUfn
409,552,two_____,_____987,fG6y51tkRppSLx6Qj9eop3QQJNCkVLC4HX3RginxNJqlYz0P2P4jesuFe
552,559,two_____,_____987,4HNgfcExvhJv0u11UWPIZDqrYdBphzNXfM65NoPnvGX1qMisoZm
559,720,two_____,_____987,HFSls6wshYQ7fpFc5qGrBHoYlpVuHWCUbm2p
720,882,two_____,_____987,F0qFonUOwfYXhRJLd3dxgkavDpczLyV7Ls1qcG
0,72,one_____,_____988,Huiiv6OUtgnCSPiMwtQWM7CJkE0OwlfKOXOCWbDee9HkxC
72,77,one_____,_____988,QOdbYHtuGx3K9NFFHDboOHX0Ae8udbGqKrsJviD12jJw96qCmFG9gRjo
77,245,one_____,_____988,TJECIRYwbiJL3VYpxpKCIsxLMVRpwtNS9Iuj
245,380,one_____,_____988,rIjhtWXM172VT57qKwrP1wXStsIwr8XLRwda3g23nckQUtOu
380,544,one_____,_____988,KSY5YZ73aFS72prWrV2imkkhHiwVsGS7Bi8
544,800,one_____,_____988,lNFzkGBPowo5C1HIJspvXAf8WZSwIN3YVc1EnwKrPvjuL
800,815,one_____,_____988,eBRN0AF6xxQ8i4DDGPX2j1mDOShuHCz96RGmHPAbGomhuIV2Dn41mMV6Y3y
0,34,one_____,_____989,IALu4GoRS7yp3bz7PYQQhLJSwovbok4LZm9g7BgHT6xPJ3axsGJu8Rciy
34,193,one_____,_____989,1oMOuA5tBE0HkBTYM9XIpa0N0Ys8TxuUeuQJESgi4J7wgBADbm2Il
193,220,one_____,_____989,vu0DSFAVUXvrDLCzQmGY55VHTJXXuPaF
220,265,one_____,_____989,Wj6eiVP5mwQrgaGne4gIhlNj2OJLuAPHe7d4wO4u6zbbC01GGLuqstWCSY
265,782,one_____,_____989,pB6O0at4js8JVvQLQ3ejDu4PgL9ObbvtemG6J9K
782,844,one_____,_____989,UFNxVwzzij8Olor5EyQDHCnRemcMrA3bLjDzSySxnfHEtN6bExK
0,115,zero____,_____990,5aqMPEkb43eCO8xwgQCy2hvszO91nlWu4S02
115,235,zero____,_____990,zKbroE7uCNn5lDFN3O0nrYkfTeRHBLvMmD48oTESc2p1MmB628VXAS1yiHBp4V
235,429,zero____,_____990,iu3lwl3Sq3fjDRcKsAPRdn9E1nT1RZESMVWERLuhYWaA458Tqx57BiqUB
429,685,zero____,_____990,LVXDqQGC2DFsaDdSm696r5RIvvbNW80PKPWuUQAKPmRUdl4I7s
685,702,zero____,_____990,QUf9ZDEunnEwCbUhanP2v2CBc3zvrdmnCiVuF5FwPdxjNhXqBa
702,780,zero____,_____990,emqAuCUxBTHiXKpGpsCHDnWBNvYE7prnAJx0Bvt9LDRkIAzQt
780,815,zero____,_____990,5U5INKJStVbxWJGcVdIpbj6a8VDv4NYtBxRsr1PKuNCaduewBGCqg
815,839,zero____,_____990,3oQNzp7IkL2E0E2xBpCEeLmkunm3dwrHhNuGxw4QkWU0szRPMAQ
0,29,two_____,_____991,ES9ZtocPR0AP80H3RlCD0bOHxZHYyi66cl60LqEoRkXfMP8lVERBSuv9x2gfCW
29,72,two_____,_____991,vadVmauOpq3ojLJEfSwL8xESKh0wURA3q6
72,145,two_____,_____991,m1l1rv0MeWWMj4QU3MX6TVRuwCTMMXy0axTgvSF1l3h0Xh1Gx6ENzq87svrp
145,251,two_____,_____991,bZ2VRou25ylVByE8KTI23eVO4hDdjRPInkdpwpMHG4cO0Eu3BSnUf
251,291,two_____,_____991,73PyyCsL1al0f5WjjTqjLLeLhEFgfOJNh2p9caARYt8Qj52aA1dxAbr
291,378,two_____,_____991,W1f8aknOcGQXFn0rLa9fPNWMIMT3kVCIflR
378,616,two_____,_____991,UPiaUU0IeJsSqSMcrvjjctvqxC96xQi5hffVWOQd8gpwrO
616,740,two_____,_____991,DP6O7eYHv1hq1WxhWIiN6Z4sPkjMOztNCH8HQQQi1MnR
740,764,two_____,_____991,Vih8NUa1YoeFlASG06lsN05muCfzJMy7s4vZydneQJzyzp5TgVI2kJqQvJ5gUOL
0,20,two_____,_____992,ikPCQG9MXIPcDsGzbjYzVrOz4AfS8SDoTI7d4s2SShwnuh57Y0HRpRUlUV
20,160,two_____,_____992,qBNSuxuXLiNMZvvZf4HGVAZJ06jVbkVdD62FNx7uhSqHWJ7cU1495nd9lkL
160,231,two_____,_____992,x3j0FsvXALrQ4nxDY7cIUpNC1Ir5qrXPsktm6gpaof
231,314,two_____,_____992,zGeV7Sq7UJQ2bKVbZ4p77myFuQeqVl6339r2JFN5ZfuJclVhzOCsoTPgyofR2FHF
314,388,two_____,_____992,9boJ4MjedkYLxeybrQ2TZQbGKEX3Uz3ilu4bGwXeXdn536KWxwhl0g7Idq
388,398,two_____,_____992,c5cUGHgrqxwil5cQHIWDUYkvlwa2HCde1
398,547,two_____,_____992,iW5YR0gQzZDqz4oUuL45OO2niMxPaBW7iewTirOqMG
547,595,two_____,_____992,RKv06KmET8nEOPNPUZiL5u67WgMAVG7Z4NmNVrE
595,663,two_____,_____992,76TUBvdHM66X7nGA3ANLGamJLI8UYqRNngd4rWrWvzWoBW4Jr0XR2EadNqYOcL
663,755,two_____,_____992,hRSxcOYiI90C0vgeGfvfJzTpYNfs7lieEZ
755,855,two_____,_____992,SJmweM6Bkyv1SnSBS4R3lldWXygvYXGpCIVMbgEv2Z66Ap6q6TrWVeBXLB7
855,925,two_____,_____992,TvI38LvSxNfaNypYs3RlWHjEcpgzBVu6FI
0,36,three___,_____993,gTC5IXVAMdmS66olPNiY7ml7ZiSfpm51xW6ZdSK7Jz08CwmPFsnb
36,177,three___,_____993,ds1bTxvQjqiUx2ETvON0pZNHdvnYmHnHxmEAOit
177,195,three___,_____993,dSf6zm6fmUqIeMDpshaBwzOu1ankTvQeDkkaZN9R8iHgKAfDWKhv7Tuwn
195,295,three___,_____993,ZpRTR2NgAVsGxoxc5mbumRbISaeVmz4S2J6sLiRoWEMDNRyKPeoh57xSac
295,349,three___,_____993,XqUDTOsA16me7F6i0rBjRt7abLn3HW44
349,378,three___,_____993,cRn1ntKpO5A5bfbLmQBxs1qVzPgjvzzEA7p7Ek4Cwj
378,588,three___,_____993,FoSwRPFREYHUTw8hdpg0I4yao11ZCt9nSyX5XXWn8TzU7AsS4Rx4hwEngafZ3
588,632,three___,_____993,HXCrvRMDDZ4ySUraN1divwa1fWYX3TETLuqzMDZSWkXIx1A8tJwm
632,692,three___,_____993,0Rx8BfaCGGRkQNeDYl7o4x5PBLh3e5NXTsIaMiKGqBAqDNSYaD7
692,885,three___,_____993,BnexngvcJ1Dat1XTF6o7FH3v274Zr6HB0LoqCgycTOOOiJrSm5cA2XdITpzA61gQ
885,893,three___,_____993,IPHgr7PHxRDraRqqcZ2LLYHNierak6EBH8
893,909,three___,_____993,ra5dw8hMO12JJ4hFbuBOJn3tuWx5ysNVTMN
909,952,three___,_____993,P90Z3Vue6TVCI0DeNrvXbuu6xcEzfCwoEc2siCstm4NpB7XN0qUDdzedrOl2TOW
0,356,three___,_____994,SGkN8OGTqLaOWwFpm7mQkDnMtjT761wyh3loz6YdHzcD7
356,379,three___,_____994,OxRQ0xbo7QLrLGX0MaWPHlQjRfyJ0Irdc7a36o1pt6eRjMH9MCJU
379,480,three___,_____994,07UAhuqa8HmlP7eoj8o6qde6e6zPrs2ZUZqwM6VHN
480,541,three___,_____994,ioW93clERmWQGd7ZLXZFDLfmjejdYv7f3IjyIHtkO8NFbqTRNpaCZRYsPeQ5R
541,565,three___,_____994,9eGZyEXwcNuFHQkfXQUq3AUIbgFeGCMIP
565,650,three___,_____994,YgsOY2yJYZ2MrXQIpogr1Sg6bELuw4z4I4nCxMo76OqtXEbftzzdGWY2
650,831,three___,_____994,J9Z0qCx0zkxtJC8H906nggS2cHLYg94Q6hGCYIuaVxFto
831,870,three___,_____994,hK4lonodnevlw5QvMoFAGdjGvaKT2bhzavjzWcy
870,881,three___,_____994,0JHkUjqd6rECjwIdxVYH9IbmsHk6ZhgpeZBF
0,237,one_____,_____995,OUNn85vi5YRPxZeUK7jC6WcFkL7HXUhZpXJyabEK9zUr
237,296,one_____,_____995,Qxlb9EH6Ey8ys3f59imvhGPkSTaKrdF5g3PutLCKyGkLgn3RnGL5Rfzoe
296,362,one_____,_____995,55YCOqAKLno1cMnABLUeTiIG9VBt4CDslKgcutr7XwtQYyPJR3xuj4B9mO7h9nBS
362,364,one_____,_____995,lDIy9XhyT0xBC4BlLKgA9ubnASRnCOKUS7EHvJmWgq
364,406,one_____,_____995,2klrjKzvSQphDrXtyVRZ78RW7eUglnYJS1aSBa4
406,471,one_____,_____995,lOgcRFO6qudw3CMda7ld9L56ZsNZjsJs0kI9ST1tuYkGM6v2gibJloKgN1Mj
471,557,one_____,_____995,exrdlZxGxa1HUBoz6B15e9AJc1Uc5md5YZzLXtD
557,613,one_____,_____995,Mj1yWLi3ydiGL0w4ewVCjEslvrVpHBymC5Qb2k9U5sB
613,615,one_____,_____995,shOlweOUHjnr3WlNTzKEOXYJYHY5bI6jxqwVy4liJM1iOhGH8soq1hf5
615,635,one_____,_____995,HrtFTK70FKG6Y0GTk6POVxTHIk3ByxYYs2xD0K3WeyOzFUi5pNSiQxi66OAy
635,660,one_____,_____995,LOUPFG5QAS5mZKA9Ac21R3BLRceBANCUKUuPOVYt6Bj0qURz
660,879,one_____,_____995,NeFaCk8GB2EKJcEhtqPyCbDSqKH4fu6JML9PBSno97rvJCT2ZvssaGD
879,956,one_____,_____995,SMjjpHU0IigVUtJy2Rm3jgJtMutz4NDD1
956,977,one_____,_____995,K1ajs00lx4552yUsKtnltu3AkFBr6TsigJfjsEFJJvG7CN1anEXinT1
0,39,two_____,_____996,5rWcqgUFDWTofogzynTp8tZWtarUq9LVvzfFWimrjdj9EeYaq8e
39,263,two_____,_____996,jzaFsuJP4K1ofofe8xreDKjTGlD2Vq91
263,281,two_____,_____996,l2ExIOrxApQHLjJitpqz5hXPNLrY8Hc1uX9oFtMlKYniYTh3C40I6FVLg80OK
281,408,two_____,_____996,XFTIpwULGCK5q59dgvAKKbEWH5kzakPx093dMhQPqi16iCdAuTTFp6U
408,412,two_____,_____996,r85Ork3g36ILsPyY9ZiftHT42kE5jZsG4m0s9BSzz2mMz
412,608,two_____,_____996,xbu7GYDb8U6ZdLhJVEqN4NrnJYzjyy1kPjZRyboauuRHDfitSdvjRYh9sxD
608,672,two_____,_____996,k4AcGESTHhc4Jvefur8jvLZIaC50OnschaJ4DtokX5
672,735,two_____,_____996,nzTV4nkY7tq6lMmOgSgYnaM4WBfhZoxmmj
735,740,two_____,_____996,PQi3E1jOZquPdVKUMlaRSX4vTu744igkihQqdgYB66oQS5Ibx
740,801,two_____,_____996,a9xURLkjsOJU0IR503FQ4esgQavEZOHXuYrRaBqZPzhLMpt29GMBG
0,196,three___,_____997,b4TwAgtGLfaKtxqBGu9KCLRwhn5Z70gFcT
196,342,three___,_____997,ymgMcUKjwT1UN5w5x8cbxSBLtGqFcraAJCBRbsk8CDjzvzctwMRq
342,356,three___,_____997,XJgDlo3qm6AelpTGg673r8SFRMBPuzXmZSUQhCVHWeHZhef92JHTzUN4kdH6Dj0j
356,395,three___,_____997,zE5Nt7rNMbzvByOwtaDpyEwC9n8w7IxtxNRnGLY7PGceCpI
395,534,three___,_____997,be9vcgMQfauMyex2DZvs5pmIDKleJpVQ
534,632,three___,_____997,J5xNlaRoJ1GLgW6wbfaqCI7S436dfi2qnnv
632,679,three___,_____997,3qh4YQ0O2sqiMLMEtJt8H6xMYFAzTjEscKg3jpN60nKBbhc2QU1yL4zLmup
679,798,three___,_____997,7CmfYwq6BlGk8LoKQjZD597xgufTSSU7UUtdllewqxJ
798,820,three___,_____997,1pLyWSnaah4eYc5Mp4CAj4CqWXKKvQJavFEjUpFeECLSQRC8GoNzooKL7Kqz
820,821,three___,_____997,PZSYLzGhjoxGFrW4KiMOZcZGSDapHHRwoAlKZXQ4VnfQpN7u9aKaVqh7Tln
821,871,three___,_____997,A0w8FZwBdKvflln316uGVrS3atzNS1AOv
871,888,three___,_____997,wVBR1DbUYRUYo65ms5pddlOz2cAzjskhgxFBN3fOLHrqZj
888,889,three___,_____997,qWxBgyF1qoStVulvasSKlh3TrTfIWB8pokFxXgm1UJOeS6QJm
889,998,three___,_____997,zrPT9gMDDMxK0FlTQysyYhYU0mkRwKFvw47C
0,85,zero____,_____998,TvfmAHd2JA9zsTjCMpjr119aYwDxUUwpsnBGlfDSDjGmWpjEPudxUzTNfvAuX
85,297,zero____,_____998,Yybc2T7zpaOKLvrNrV5fsF6A0DfjlkUTQN
297,392,zero____,_____998,1hBOMwigtWzQS7QTCF2ieeluTKgvZnEdiocetOQkc70YHI
392,602,zero____,_____998,n4nWpdfOvaFFcYckwqHGK08H3UVQD2VUj
602,648,zero____,_____998,d9YBu0uiLpjZDSFYpDtwQOBo4ijO2ZtJYxtM84Wj6Ii9WYKrqMmjX8qoWR
648,792,zero____,_____998,7Jdpe42dRX1ifjgJ7kwKaeGicwR6QOjIr
792,807,zero____,_____998,GuoaidY5oyUgDjUoCQ688xqmiVRwq1MvAVM68He8R811yfhUBSuoc5mn
807,880,zero____,_____998,Ol4UTSr4kS2BbE3vvXOOLgV4ESdisWdVIElEEW71lSGj2uIPp5i
880,896,zero____,_____998,LLlhARVEg4PuOrKTg7CJZq38ETBzjqg3eEFX
896,922,zero____,_____998,XBHvGhAEAdwFAOwOpCFnd6ZH7EKIQByqnoGfGucw2nXjy1462nwKYP
922,961,zero____,_____998,FflKwu5r3dC0mbPrHJn6p4aSz8icTtqRE3KSRKR9ugS2lejjgsekhWd
0,335,one_____,_____999,SCCRcysH5KiU5xqRspd1KFgwqBIFtLCMFPsPR3
335,369,one_____,_____999,zfgrNk6VzUfdGCIOgwexbQXKGtWAGil0vA
369,556,one_____,_____999,nqKPftyDpIS56kcfPRx7dXBvK2HJ6MR8
556,566,one_____,_____999,xYNJdR8mSaaH6ettCkhuepirhppQ3X1o
566,580,one_____,_____999,tSMj1DGc03HblDzQSIEpuCoUgI9FwX7JPMQgD8aAmvu5V1VYuYzVmSb
580,635,one_____,_____999,X1hWMNIbl3Z4TQOjKH5rkutaInoMnjqi72Z
635,934,one_____,_____999,f7IOhWRbf4OfZXfUT0kPZrKGB3jb5kiVGwZDiEKkN2
934,976,one_____,_____999,tpFHU9qFMuUxz3cZWRXz1nDsJFHnUVdHhmvK9c
0,12,two_____,____1000,9KKBVM2dtfCzP9TxDvK9cEXMSqL5eOxsEZcCf89G6eJMMj67
12,117,two_____,____1000,OgQrFRmv9W6Ti4k64fgMmpmLG8ksbG54UGM2tMt6J2KxxGkj1gecD7
117,360,two_____,____1000,aP16gR00o9LPqrWmP5fh2qYHgttfeXPL55girOClV9g
360,364,two_____,____1000,NNmx6TBVLFg2UVbYQbTIniLcgtG9xXKv
364,486,two_____,____1000,tYzPrQpn3yaRpJqdiotninWJy8aJQ2qe7G5vQokLLiz
486,599,two_____,____1000,jpgbWgsehPEafyu4H3HvKcVyzsEZZIfiync
599,738,two_____,____1000,EYILXfiyvMcbi3wwTaR7GbDUB3x06FhBbHTRiR3aX56UyFirOyBiItqjL
