table_type,repair_type,idx,tx_id,tx_type,duration_ms,count,read_ts,from_ts,to_ts,build_reason,tx_type_raw,is_untimed_prime,is_actual_build,trial,case
naive,No Repair,0,0,InitLoad,0.7699579999999999,60000.0,,,,,InitLoad,False,False,0,history0
naive,No Repair,1,1,BuildSnap,0.0,,1.0,,,,MarkTs,False,False,0,history0
naive,No Repair,2,2,Update,0.0,6.0,,,,,Update,False,False,0,history0
naive,No Repair,3,3,BuildSnap,0.0,,3.0,,,,MarkTs,False,False,0,history0
naive,No Repair,4,4,BuildSnap,44.333666,,4.0,,,RecentScan,MarkTs,False,True,0,history0
naive,No Repair,4,4,RecentScan,14.8505,,4.0,,,,RecentScan,False,False,0,history0
naive,No Repair,5,5,Update,0.0,6.0,,,,,Update,False,False,0,history0
naive,No Repair,6,6,BuildSnap,45.893375,,6.0,,,RecentScan,MarkTs,False,True,0,history0
naive,No Repair,6,6,RecentScan,12.896375,,6.0,,,,RecentScan,False,False,0,history0
naive,No Repair,7,7,BuildSnap,45.051416,,1.0,,,HistoryScan,MarkTs,True,False,0,history0
naive,No Repair,7,7,HistoryScan,14.549166,,1.0,,,,HistoryScan,True,False,0,history0
naive,No Repair,8,8,Update,0.0,6.0,,,,,Update,False,False,0,history0
naive,No Repair,9,9,BuildSnap,0.0,,9.0,,,,MarkTs,False,False,0,history0
naive,No Repair,10,10,BuildSnap,45.7635,,10.0,,,RecentScan,MarkTs,False,True,0,history0
naive,No Repair,10,10,RecentScan,14.876625,,10.0,,,,RecentScan,False,False,0,history0
naive,No Repair,11,11,Update,0.0,6.0,,,,,Update,False,False,0,history0
naive,No Repair,12,12,BuildSnap,43.291583,,12.0,,,RecentScan,MarkTs,False,True,0,history0
naive,No Repair,12,12,RecentScan,16.16325,,12.0,,,,RecentScan,False,False,0,history0
naive,No Repair,13,13,BuildSnap,43.931958,,13.0,,,RecentScan,MarkTs,False,True,0,history0
naive,No Repair,13,13,RecentScan,15.883041,,13.0,,,,RecentScan,False,False,0,history0
naive,No Repair,14,14,BuildSnap,46.70575,,14.0,,,Probe,MarkTs,False,True,0,history0
naive,No Repair,14,14,Probe,16.442416,600.0,14.0,,,,Probe,False,False,0,history0
naive,No Repair,15,15,GbgCollect,0.133875,,1.0,,,,GbgCollect,False,False,0,history0
naive,No Repair,16,16,Update,0.0,6.0,,,,,Update,False,False,0,history0
naive,No Repair,17,17,BuildSnap,0.0,,17.0,,,,MarkTs,False,False,0,history0
naive,No Repair,18,18,Update,0.0,6.0,,,,,Update,False,False,0,history0
naive,No Repair,19,19,BuildSnap,43.143083,,19.0,,,Probe,MarkTs,False,True,0,history0
naive,No Repair,19,19,Probe,15.431208,600.0,19.0,,,,Probe,False,False,0,history0
naive,No Repair,20,20,BuildSnap,47.209792,,20.0,,,RecentScan,MarkTs,False,True,0,history0
naive,No Repair,20,20,RecentScan,15.389958,,20.0,,,,RecentScan,False,False,0,history0
naive,No Repair,21,21,BuildSnap,46.259542,,21.0,,,RecentScan,MarkTs,False,True,0,history0
naive,No Repair,21,21,RecentScan,16.4875,,21.0,,,,RecentScan,False,False,0,history0
naive,No Repair,22,22,BuildSnap,44.372666,,22.0,,,RecentScan,MarkTs,False,True,0,history0
naive,No Repair,22,22,RecentScan,15.460209,,22.0,,,,RecentScan,False,False,0,history0
naive,No Repair,23,23,BuildSnap,45.137083,,23.0,,,Probe,MarkTs,False,True,0,history0
naive,No Repair,23,23,Probe,13.903166,600.0,23.0,,,,Probe,False,False,0,history0
naive,No Repair,24,24,BuildSnap,46.947417,,24.0,,,Probe,MarkTs,False,True,0,history0
naive,No Repair,24,24,Probe,14.798917,600.0,24.0,,,,Probe,False,False,0,history0
naive,No Repair,25,25,BuildSnap,47.085042,,25.0,,,Probe,MarkTs,False,True,0,history0
naive,No Repair,25,25,Probe,14.712125,600.0,25.0,,,,Probe,False,False,0,history0
naive,No Repair,26,26,BuildSnap,47.336042,,26.0,,,RecentScan,MarkTs,False,True,0,history0
naive,No Repair,26,26,RecentScan,17.88325,,26.0,,,,RecentScan,False,False,0,history0
naive,No Repair,27,27,BuildSnap,53.573541,,27.0,,,Probe,MarkTs,False,True,0,history0
naive,No Repair,27,27,Probe,19.360209,600.0,27.0,,,,Probe,False,False,0,history0
naive,No Repair,28,28,GbgCollect,0.0,,3.0,,,,GbgCollect,False,False,0,history0
naive,No Repair,29,29,BuildSnap,53.783875,,29.0,,,RecentScan,MarkTs,False,True,0,history0
naive,No Repair,29,29,RecentScan,17.21025,,29.0,,,,RecentScan,False,False,0,history0
naive,No Repair,30,30,Update,0.0,6.0,,,,,Update,False,False,0,history0
naive,No Repair,31,31,BuildSnap,0.0,,31.0,,,,MarkTs,False,False,0,history0
naive,No Repair,32,32,BuildSnap,49.908834,,32.0,,,Probe,MarkTs,False,True,0,history0
naive,No Repair,32,32,Probe,17.195458,600.0,32.0,,,,Probe,False,False,0,history0
naive,No Repair,33,33,BuildSnap,46.813375,,33.0,,,Probe,MarkTs,False,True,0,history0
naive,No Repair,33,33,Probe,16.077667,600.0,33.0,,,,Probe,False,False,0,history0
naive,No Repair,34,34,Update,0.0,6.0,,,,,Update,False,False,0,history0
naive,No Repair,35,35,BuildSnap,45.261375,,35.0,,,RecentScan,MarkTs,False,True,0,history0
naive,No Repair,35,35,RecentScan,18.13125,,35.0,,,,RecentScan,False,False,0,history0
naive,No Repair,36,36,BuildSnap,48.385708,,36.0,,,RecentScan,MarkTs,False,True,0,history0
naive,No Repair,36,36,RecentScan,17.802084,,36.0,,,,RecentScan,False,False,0,history0
naive,No Repair,37,37,Update,0.0,6.0,,,,,Update,False,False,0,history0
naive,No Repair,38,38,BuildSnap,0.0,,38.0,,,,MarkTs,False,False,0,history0
naive,No Repair,39,39,GbgCollect,0.17025,,9.0,,,,GbgCollect,False,False,0,history0
naive,No Repair,40,40,BuildSnap,46.861083,,40.0,,,Probe,MarkTs,False,True,0,history0
naive,No Repair,40,40,Probe,16.740042,600.0,40.0,,,,Probe,False,False,0,history0
naive,No Repair,41,41,Update,0.0,6.0,,,,,Update,False,False,0,history0
naive,No Repair,42,42,BuildSnap,48.452708,,42.0,,,RecentScan,MarkTs,False,True,0,history0
naive,No Repair,42,42,RecentScan,17.855625,,42.0,,,,RecentScan,False,False,0,history0
naive,No Repair,43,43,BuildSnap,46.669584,,43.0,,,Probe,MarkTs,False,True,0,history0
naive,No Repair,43,43,Probe,16.8325,600.0,43.0,,,,Probe,False,False,0,history0
naive,No Repair,44,44,BuildSnap,48.425375,,44.0,,,Probe,MarkTs,False,True,0,history0
naive,No Repair,44,44,Probe,16.188,600.0,44.0,,,,Probe,False,False,0,history0
naive,No Repair,45,45,Update,0.0,6.0,,,,,Update,False,False,0,history0
naive,No Repair,46,46,BuildSnap,0.0,,46.0,,,,MarkTs,False,False,0,history0
naive,No Repair,47,47,BuildSnap,48.645833,,47.0,,,Probe,MarkTs,False,True,0,history0
naive,No Repair,47,47,Probe,16.347333,600.0,47.0,,,,Probe,False,False,0,history0
naive,No Repair,48,48,BuildSnap,47.418917,,48.0,,,RecentScan,MarkTs,False,True,0,history0
naive,No Repair,48,48,RecentScan,17.317917,,48.0,,,,RecentScan,False,False,0,history0
naive,No Repair,49,49,BuildSnap,44.727917,,49.0,,,RecentScan,MarkTs,False,True,0,history0
naive,No Repair,49,49,RecentScan,18.636958,,49.0,,,,RecentScan,False,False,0,history0
naive,No Repair,50,50,BuildSnap,45.204041,,50.0,,,Probe,MarkTs,False,True,0,history0
naive,No Repair,50,50,Probe,15.55225,600.0,50.0,,,,Probe,False,False,0,history0
naive,No Repair,51,51,BuildSnap,49.305625,,51.0,,,RecentScan,MarkTs,False,True,0,history0
naive,No Repair,51,51,RecentScan,18.642042,,51.0,,,,RecentScan,False,False,0,history0
naive,No Repair,52,52,Update,0.0,6.0,,,,,Update,False,False,0,history0
naive,No Repair,53,53,Update,0.0,6.0,,,,,Update,False,False,0,history0
naive,No Repair,54,54,BuildSnap,0.0,,54.0,,,,MarkTs,False,False,0,history0
naive,No Repair,55,55,BuildSnap,48.20875,,55.0,,,RecentScan,MarkTs,False,True,0,history0
naive,No Repair,55,55,RecentScan,18.393417,,55.0,,,,RecentScan,False,False,0,history0
naive,No Repair,56,56,Update,0.0,6.0,,,,,Update,False,False,0,history0
naive,No Repair,57,57,BuildSnap,48.645125,,57.0,,,Probe,MarkTs,False,True,0,history0
naive,No Repair,57,57,Probe,16.293292,600.0,57.0,,,,Probe,False,False,0,history0
naive,No Repair,58,58,BuildSnap,47.749917,,58.0,,,RecentScan,MarkTs,False,True,0,history0
naive,No Repair,58,58,RecentScan,17.963416,,58.0,,,,RecentScan,False,False,0,history0
naive,No Repair,59,59,BuildSnap,51.173334,,59.0,,,Probe,MarkTs,False,True,0,history0
naive,No Repair,59,59,Probe,21.480125,600.0,59.0,,,,Probe,False,False,0,history0
naive,No Repair,60,60,BuildSnap,48.651625,,60.0,,,RecentScan,MarkTs,False,True,0,history0
naive,No Repair,60,60,RecentScan,19.210584,,60.0,,,,RecentScan,False,False,0,history0
naive,No Repair,61,61,BuildSnap,50.297375,,61.0,,,RecentScan,MarkTs,False,True,0,history0
naive,No Repair,61,61,RecentScan,17.749542,,61.0,,,,RecentScan,False,False,0,history0
naive,No Repair,62,62,BuildSnap,48.646167,,62.0,,,Probe,MarkTs,False,True,0,history0
naive,No Repair,62,62,Probe,17.989875,600.0,62.0,,,,Probe,False,False,0,history0
naive,No Repair,63,63,BuildSnap,48.674,,63.0,,,Probe,MarkTs,False,True,0,history0
naive,No Repair,63,63,Probe,16.269958,600.0,63.0,,,,Probe,False,False,0,history0
naive,No Repair,64,64,BuildSnap,49.573917,,64.0,,,Probe,MarkTs,False,True,0,history0
naive,No Repair,64,64,Probe,16.661125,600.0,64.0,,,,Probe,False,False,0,history0
naive,No Repair,65,65,BuildSnap,45.780542,,65.0,,,Probe,MarkTs,False,True,0,history0
naive,No Repair,65,65,Probe,16.564917,600.0,65.0,,,,Probe,False,False,0,history0
naive,No Repair,66,66,GbgCollect,0.32429199999999997,,17.0,,,,GbgCollect,False,False,0,history0
naive,No Repair,67,67,BuildSnap,45.520875,,67.0,,,Probe,MarkTs,False,True,0,history0
naive,No Repair,67,67,Probe,16.504583,600.0,67.0,,,,Probe,False,False,0,history0
naive,No Repair,68,68,BuildSnap,47.632959,,68.0,,,RecentScan,MarkTs,False,True,0,history0
naive,No Repair,68,68,RecentScan,17.659292,,68.0,,,,RecentScan,False,False,0,history0
naive,No Repair,69,69,BuildSnap,47.773291,,69.0,,,Probe,MarkTs,False,True,0,history0
naive,No Repair,69,69,Probe,15.700875,600.0,69.0,,,,Probe,False,False,0,history0
naive,No Repair,70,70,BuildSnap,48.232083,,70.0,,,RecentScan,MarkTs,False,True,0,history0
naive,No Repair,70,70,RecentScan,18.452709,,70.0,,,,RecentScan,False,False,0,history0
naive,No Repair,71,71,BuildSnap,47.298125,,71.0,,,Probe,MarkTs,False,True,0,history0
naive,No Repair,71,71,Probe,16.959208,600.0,71.0,,,,Probe,False,False,0,history0
naive,No Repair,72,72,BuildSnap,48.760584,,72.0,,,RecentScan,MarkTs,False,True,0,history0
naive,No Repair,72,72,RecentScan,19.010375,,72.0,,,,RecentScan,False,False,0,history0
naive,No Repair,73,73,BuildSnap,49.149083,,73.0,,,Probe,MarkTs,False,True,0,history0
naive,No Repair,73,73,Probe,16.231458,600.0,73.0,,,,Probe,False,False,0,history0
naive,No Repair,74,74,BuildSnap,48.258041,,74.0,,,Probe,MarkTs,False,True,0,history0
naive,No Repair,74,74,Probe,15.617666,600.0,74.0,,,,Probe,False,False,0,history0
naive,No Repair,75,75,GbgCollect,1.151875,,31.0,,,,GbgCollect,False,False,0,history0
naive,No Repair,76,76,BuildSnap,50.36825,,76.0,,,RecentScan,MarkTs,False,True,0,history0
naive,No Repair,76,76,RecentScan,18.9465,,76.0,,,,RecentScan,False,False,0,history0
naive,No Repair,77,77,BuildSnap,49.634792,,77.0,,,RecentScan,MarkTs,False,True,0,history0
naive,No Repair,77,77,RecentScan,17.646083,,77.0,,,,RecentScan,False,False,0,history0
naive,No Repair,78,78,BuildSnap,54.6435,,78.0,,,RecentScan,MarkTs,False,True,0,history0
naive,No Repair,78,78,RecentScan,20.743375,,78.0,,,,RecentScan,False,False,0,history0
naive,No Repair,79,79,BuildSnap,58.771375,,79.0,,,RecentScan,MarkTs,False,True,0,history0
naive,No Repair,79,79,RecentScan,19.277667,,79.0,,,,RecentScan,False,False,0,history0
naive,No Repair,80,80,BuildSnap,56.666542,,80.0,,,Probe,MarkTs,False,True,0,history0
naive,No Repair,80,80,Probe,15.318625,600.0,80.0,,,,Probe,False,False,0,history0
naive,No Repair,81,81,Update,0.0,6.0,,,,,Update,False,False,0,history0
naive,No Repair,82,82,BuildSnap,0.0,,82.0,,,,MarkTs,False,False,0,history0
naive,No Repair,83,83,Update,0.0,6.0,,,,,Update,False,False,0,history0
naive,No Repair,84,84,BuildSnap,58.737,,84.0,,,RecentScan,MarkTs,False,True,0,history0
naive,No Repair,84,84,RecentScan,19.75325,,84.0,,,,RecentScan,False,False,0,history0
naive,No Repair,85,85,BuildSnap,57.395959,,85.0,,,RecentScan,MarkTs,False,True,0,history0
naive,No Repair,85,85,RecentScan,19.808458,,85.0,,,,RecentScan,False,False,0,history0
naive,No Repair,86,86,BuildSnap,63.1965,,86.0,,,Probe,MarkTs,False,True,0,history0
naive,No Repair,86,86,Probe,14.779,600.0,86.0,,,,Probe,False,False,0,history0
naive,No Repair,87,87,BuildSnap,62.053,,87.0,,,RecentScan,MarkTs,False,True,0,history0
naive,No Repair,87,87,RecentScan,18.924708,,87.0,,,,RecentScan,False,False,0,history0
naive,No Repair,88,88,BuildSnap,66.503959,,88.0,,,Probe,MarkTs,False,True,0,history0
naive,No Repair,88,88,Probe,15.464291,600.0,88.0,,,,Probe,False,False,0,history0
naive,No Repair,89,89,BuildSnap,68.099958,,89.0,,,Probe,MarkTs,False,True,0,history0
naive,No Repair,89,89,Probe,16.784084,600.0,89.0,,,,Probe,False,False,0,history0
naive,No Repair,90,90,BuildSnap,60.741209,,90.0,,,RecentScan,MarkTs,False,True,0,history0
naive,No Repair,90,90,RecentScan,18.719375,,90.0,,,,RecentScan,False,False,0,history0
naive,No Repair,91,91,Update,0.0,6.0,,,,,Update,False,False,0,history0
naive,No Repair,92,92,BuildSnap,0.0,,92.0,,,,MarkTs,False,False,0,history0
naive,No Repair,93,93,BuildSnap,59.890875,,93.0,,,Probe,MarkTs,False,True,0,history0
naive,No Repair,93,93,Probe,16.131792,600.0,93.0,,,,Probe,False,False,0,history0
naive,No Repair,94,94,BuildSnap,78.863375,,94.0,,,RecentScan,MarkTs,False,True,0,history0
naive,No Repair,94,94,RecentScan,20.872083,,94.0,,,,RecentScan,False,False,0,history0
naive,No Repair,95,95,Update,0.0,6.0,,,,,Update,False,False,0,history0
naive,No Repair,96,96,BuildSnap,78.310625,,96.0,,,RecentScan,MarkTs,False,True,0,history0
naive,No Repair,96,96,RecentScan,19.333541,,96.0,,,,RecentScan,False,False,0,history0
naive,No Repair,97,97,BuildSnap,66.037709,,97.0,,,Probe,MarkTs,False,True,0,history0
naive,No Repair,97,97,Probe,17.336,600.0,97.0,,,,Probe,False,False,0,history0
naive,No Repair,98,98,BuildSnap,66.902625,,98.0,,,Probe,MarkTs,False,True,0,history0
naive,No Repair,98,98,Probe,16.2645,600.0,98.0,,,,Probe,False,False,0,history0
naive,No Repair,99,99,BuildSnap,59.54225,,99.0,,,RecentScan,MarkTs,False,True,0,history0
naive,No Repair,99,99,RecentScan,19.946458,,99.0,,,,RecentScan,False,False,0,history0
naive,No Repair,100,100,BuildSnap,62.422209,,100.0,,,Probe,MarkTs,False,True,0,history0
naive,No Repair,100,100,Probe,18.104125,600.0,100.0,,,,Probe,False,False,0,history0
naive,No Repair,101,101,BuildSnap,65.794541,,101.0,,,RecentScan,MarkTs,False,True,0,history0
naive,No Repair,101,101,RecentScan,19.166583,,101.0,,,,RecentScan,False,False,0,history0
naive,No Repair,102,102,BuildSnap,66.857541,,102.0,,,Probe,MarkTs,False,True,0,history0
naive,No Repair,102,102,Probe,16.630041,600.0,102.0,,,,Probe,False,False,0,history0
naive,No Repair,103,103,BuildSnap,54.982208,,103.0,,,RecentScan,MarkTs,False,True,0,history0
naive,No Repair,103,103,RecentScan,21.80475,,103.0,,,,RecentScan,False,False,0,history0
naive,No Repair,104,104,Update,0.0,6.0,,,,,Update,False,False,0,history0
naive,No Repair,105,105,BuildSnap,0.0,,105.0,,,,MarkTs,False,False,0,history0
naive,No Repair,106,106,BuildSnap,71.214292,,106.0,,,Probe,MarkTs,False,True,0,history0
naive,No Repair,106,106,Probe,16.938375,600.0,106.0,,,,Probe,False,False,0,history0
naive,No Repair,107,107,Update,0.0,6.0,,,,,Update,False,False,0,history0
naive,No Repair,108,108,BuildSnap,56.008875,,108.0,,,Probe,MarkTs,False,True,0,history0
naive,No Repair,108,108,Probe,14.750417,600.0,108.0,,,,Probe,False,False,0,history0
naive,No Repair,109,109,Update,0.0,6.0,,,,,Update,False,False,0,history0
naive,No Repair,110,110,BuildSnap,0.0,,110.0,,,,MarkTs,False,False,0,history0
naive,No Repair,111,111,BuildSnap,58.166708,,111.0,,,Probe,MarkTs,False,True,0,history0
naive,No Repair,111,111,Probe,17.018583,600.0,111.0,,,,Probe,False,False,0,history0
naive,No Repair,112,112,BuildSnap,57.427167,,112.0,,,RecentScan,MarkTs,False,True,0,history0
naive,No Repair,112,112,RecentScan,28.309042,,112.0,,,,RecentScan,False,False,0,history0
naive,No Repair,113,113,BuildSnap,72.376292,,113.0,,,Probe,MarkTs,False,True,0,history0
naive,No Repair,113,113,Probe,15.934958,600.0,113.0,,,,Probe,False,False,0,history0
naive,No Repair,114,114,BuildSnap,66.159,,114.0,,,RecentScan,MarkTs,False,True,0,history0
naive,No Repair,114,114,RecentScan,19.993917,,114.0,,,,RecentScan,False,False,0,history0
naive,No Repair,115,115,BuildSnap,66.761042,,115.0,,,RecentScan,MarkTs,False,True,0,history0
naive,No Repair,115,115,RecentScan,19.62125,,115.0,,,,RecentScan,False,False,0,history0
naive,No Repair,116,116,BuildSnap,74.979917,,116.0,,,Probe,MarkTs,False,True,0,history0
naive,No Repair,116,116,Probe,17.0055,600.0,116.0,,,,Probe,False,False,0,history0
naive,No Repair,117,117,BuildSnap,61.562416,,117.0,,,RecentScan,MarkTs,False,True,0,history0
naive,No Repair,117,117,RecentScan,24.645583,,117.0,,,,RecentScan,False,False,0,history0
ivmh,No Repair,0,0,InitLoad,13.702917,60000.0,,,,,InitLoad,False,False,0,history0
ivmh,No Repair,1,1,BuildSnap,0.0,,1.0,,,,MarkTs,False,False,0,history0
ivmh,No Repair,2,2,Update,0.015791,6.0,,,,,Update,False,False,0,history0
ivmh,No Repair,3,3,BuildSnap,0.0,,3.0,,,,MarkTs,False,False,0,history0
ivmh,No Repair,4,4,RecentScan,16.981083,,4.0,,,,RecentScan,False,False,0,history0
ivmh,No Repair,5,5,Update,0.013667,6.0,,,,,Update,False,False,0,history0
ivmh,No Repair,6,6,RecentScan,15.853708,,6.0,,,,RecentScan,False,False,0,history0
ivmh,No Repair,7,7,BuildSnap,45.944333,,1.0,,,HistoryScan,MarkTs,True,False,0,history0
ivmh,No Repair,7,7,HistoryScan,15.391333,,1.0,,,,HistoryScan,True,False,0,history0
ivmh,No Repair,8,8,Update,0.022208,6.0,,,,,Update,False,False,0,history0
ivmh,No Repair,9,9,BuildSnap,0.0,,9.0,,,,MarkTs,False,False,0,history0
ivmh,No Repair,10,10,RecentScan,14.746625,,10.0,,,,RecentScan,False,False,0,history0
ivmh,No Repair,11,11,Update,0.012375,6.0,,,,,Update,False,False,0,history0
ivmh,No Repair,12,12,RecentScan,14.509917,,12.0,,,,RecentScan,False,False,0,history0
ivmh,No Repair,13,13,RecentScan,14.539958,,13.0,,,,RecentScan,False,False,0,history0
ivmh,No Repair,14,14,Probe,16.238,600.0,14.0,,,,Probe,False,False,0,history0
ivmh,No Repair,15,15,GbgCollect,0.1025,,1.0,,,,GbgCollect,False,False,0,history0
ivmh,No Repair,16,16,Update,0.008417,6.0,,,,,Update,False,False,0,history0
ivmh,No Repair,17,17,BuildSnap,0.0,,17.0,,,,MarkTs,False,False,0,history0
ivmh,No Repair,18,18,Update,0.005167,6.0,,,,,Update,False,False,0,history0
ivmh,No Repair,19,19,Probe,14.995834,600.0,19.0,,,,Probe,False,False,0,history0
ivmh,No Repair,20,20,RecentScan,15.307667,,20.0,,,,RecentScan,False,False,0,history0
ivmh,No Repair,21,21,RecentScan,15.105083,,21.0,,,,RecentScan,False,False,0,history0
ivmh,No Repair,22,22,RecentScan,15.9715,,22.0,,,,RecentScan,False,False,0,history0
ivmh,No Repair,23,23,Probe,13.36375,600.0,23.0,,,,Probe,False,False,0,history0
ivmh,No Repair,24,24,Probe,13.852,600.0,24.0,,,,Probe,False,False,0,history0
ivmh,No Repair,25,25,Probe,14.01125,600.0,25.0,,,,Probe,False,False,0,history0
ivmh,No Repair,26,26,RecentScan,16.727542,,26.0,,,,RecentScan,False,False,0,history0
ivmh,No Repair,27,27,Probe,14.412333,600.0,27.0,,,,Probe,False,False,0,history0
ivmh,No Repair,28,28,GbgCollect,0.0,,3.0,,,,GbgCollect,False,False,0,history0
ivmh,No Repair,29,29,RecentScan,14.460584,,29.0,,,,RecentScan,False,False,0,history0
ivmh,No Repair,30,30,Update,0.010709,6.0,,,,,Update,False,False,0,history0
ivmh,No Repair,31,31,BuildSnap,0.0,,31.0,,,,MarkTs,False,False,0,history0
ivmh,No Repair,32,32,Probe,16.132417,600.0,32.0,,,,Probe,False,False,0,history0
ivmh,No Repair,33,33,Probe,14.313042,600.0,33.0,,,,Probe,False,False,0,history0
ivmh,No Repair,34,34,Update,0.007584,6.0,,,,,Update,False,False,0,history0
ivmh,No Repair,35,35,RecentScan,16.161792,,35.0,,,,RecentScan,False,False,0,history0
ivmh,No Repair,36,36,RecentScan,14.903625,,36.0,,,,RecentScan,False,False,0,history0
ivmh,No Repair,37,37,Update,0.009958999999999999,6.0,,,,,Update,False,False,0,history0
ivmh,No Repair,38,38,BuildSnap,0.001292,,38.0,,,,MarkTs,False,False,0,history0
ivmh,No Repair,39,39,GbgCollect,0.0,,9.0,,,,GbgCollect,False,False,0,history0
ivmh,No Repair,40,40,Probe,14.535333,600.0,40.0,,,,Probe,False,False,0,history0
ivmh,No Repair,41,41,Update,0.006375,6.0,,,,,Update,False,False,0,history0
ivmh,No Repair,42,42,RecentScan,14.51,,42.0,,,,RecentScan,False,False,0,history0
ivmh,No Repair,43,43,Probe,14.330875,600.0,43.0,,,,Probe,False,False,0,history0
ivmh,No Repair,44,44,Probe,13.748583,600.0,44.0,,,,Probe,False,False,0,history0
ivmh,No Repair,45,45,Update,0.006667,6.0,,,,,Update,False,False,0,history0
ivmh,No Repair,46,46,BuildSnap,0.0,,46.0,,,,MarkTs,False,False,0,history0
ivmh,No Repair,47,47,Probe,13.534584,600.0,47.0,,,,Probe,False,False,0,history0
ivmh,No Repair,48,48,RecentScan,14.773291,,48.0,,,,RecentScan,False,False,0,history0
ivmh,No Repair,49,49,RecentScan,15.579875,,49.0,,,,RecentScan,False,False,0,history0
ivmh,No Repair,50,50,Probe,13.904333,600.0,50.0,,,,Probe,False,False,0,history0
ivmh,No Repair,51,51,RecentScan,14.751292,,51.0,,,,RecentScan,False,False,0,history0
ivmh,No Repair,52,52,Update,0.0125,6.0,,,,,Update,False,False,0,history0
ivmh,No Repair,53,53,Update,0.010542,6.0,,,,,Update,False,False,0,history0
ivmh,No Repair,54,54,BuildSnap,0.0,,54.0,,,,MarkTs,False,False,0,history0
ivmh,No Repair,55,55,RecentScan,14.57575,,55.0,,,,RecentScan,False,False,0,history0
ivmh,No Repair,56,56,Update,0.014625,6.0,,,,,Update,False,False,0,history0
ivmh,No Repair,57,57,Probe,15.052,600.0,57.0,,,,Probe,False,False,0,history0
ivmh,No Repair,58,58,RecentScan,13.567708,,58.0,,,,RecentScan,False,False,0,history0
ivmh,No Repair,59,59,Probe,14.186584,600.0,59.0,,,,Probe,False,False,0,history0
ivmh,No Repair,60,60,RecentScan,15.665292,,60.0,,,,RecentScan,False,False,0,history0
ivmh,No Repair,61,61,RecentScan,14.486875,,61.0,,,,RecentScan,False,False,0,history0
ivmh,No Repair,62,62,Probe,15.717541,600.0,62.0,,,,Probe,False,False,0,history0
ivmh,No Repair,63,63,Probe,14.365083,600.0,63.0,,,,Probe,False,False,0,history0
ivmh,No Repair,64,64,Probe,13.615375,600.0,64.0,,,,Probe,False,False,0,history0
ivmh,No Repair,65,65,Probe,14.999958,600.0,65.0,,,,Probe,False,False,0,history0
ivmh,No Repair,66,66,GbgCollect,0.0,,17.0,,,,GbgCollect,False,False,0,history0
ivmh,No Repair,67,67,Probe,14.851958,600.0,67.0,,,,Probe,False,False,0,history0
ivmh,No Repair,68,68,RecentScan,14.274334,,68.0,,,,RecentScan,False,False,0,history0
ivmh,No Repair,69,69,Probe,14.005417,600.0,69.0,,,,Probe,False,False,0,history0
ivmh,No Repair,70,70,RecentScan,15.690458,,70.0,,,,RecentScan,False,False,0,history0
ivmh,No Repair,71,71,Probe,14.730125,600.0,71.0,,,,Probe,False,False,0,history0
ivmh,No Repair,72,72,RecentScan,14.439,,72.0,,,,RecentScan,False,False,0,history0
ivmh,No Repair,73,73,Probe,14.663875,600.0,73.0,,,,Probe,False,False,0,history0
ivmh,No Repair,74,74,Probe,13.716292,600.0,74.0,,,,Probe,False,False,0,history0
ivmh,No Repair,75,75,GbgCollect,0.0,,31.0,,,,GbgCollect,False,False,0,history0
ivmh,No Repair,76,76,RecentScan,13.915458,,76.0,,,,RecentScan,False,False,0,history0
ivmh,No Repair,77,77,RecentScan,14.054792,,77.0,,,,RecentScan,False,False,0,history0
ivmh,No Repair,78,78,RecentScan,15.849666,,78.0,,,,RecentScan,False,False,0,history0
ivmh,No Repair,79,79,RecentScan,14.744125,,79.0,,,,RecentScan,False,False,0,history0
ivmh,No Repair,80,80,Probe,14.880375,600.0,80.0,,,,Probe,False,False,0,history0
ivmh,No Repair,81,81,Update,0.006375,6.0,,,,,Update,False,False,0,history0
ivmh,No Repair,82,82,BuildSnap,0.0,,82.0,,,,MarkTs,False,False,0,history0
ivmh,No Repair,83,83,Update,0.003375,6.0,,,,,Update,False,False,0,history0
ivmh,No Repair,84,84,RecentScan,14.588041,,84.0,,,,RecentScan,False,False,0,history0
ivmh,No Repair,85,85,RecentScan,16.504458,,85.0,,,,RecentScan,False,False,0,history0
ivmh,No Repair,86,86,Probe,13.444584,600.0,86.0,,,,Probe,False,False,0,history0
ivmh,No Repair,87,87,RecentScan,13.847542,,87.0,,,,RecentScan,False,False,0,history0
ivmh,No Repair,88,88,Probe,14.682334,600.0,88.0,,,,Probe,False,False,0,history0
ivmh,No Repair,89,89,Probe,15.054542,600.0,89.0,,,,Probe,False,False,0,history0
ivmh,No Repair,90,90,RecentScan,14.959209,,90.0,,,,RecentScan,False,False,0,history0
ivmh,No Repair,91,91,Update,0.013708999999999999,6.0,,,,,Update,False,False,0,history0
ivmh,No Repair,92,92,BuildSnap,0.0,,92.0,,,,MarkTs,False,False,0,history0
ivmh,No Repair,93,93,Probe,14.259958,600.0,93.0,,,,Probe,False,False,0,history0
ivmh,No Repair,94,94,RecentScan,14.356,,94.0,,,,RecentScan,False,False,0,history0
ivmh,No Repair,95,95,Update,0.011583999999999999,6.0,,,,,Update,False,False,0,history0
ivmh,No Repair,96,96,RecentScan,14.288625,,96.0,,,,RecentScan,False,False,0,history0
ivmh,No Repair,97,97,Probe,15.362167,600.0,97.0,,,,Probe,False,False,0,history0
ivmh,No Repair,98,98,Probe,13.398791,600.0,98.0,,,,Probe,False,False,0,history0
ivmh,No Repair,99,99,RecentScan,13.802125,,99.0,,,,RecentScan,False,False,0,history0
ivmh,No Repair,100,100,Probe,14.69875,600.0,100.0,,,,Probe,False,False,0,history0
ivmh,No Repair,101,101,RecentScan,14.511333,,101.0,,,,RecentScan,False,False,0,history0
ivmh,No Repair,102,102,Probe,15.054125,600.0,102.0,,,,Probe,False,False,0,history0
ivmh,No Repair,103,103,RecentScan,14.470709,,103.0,,,,RecentScan,False,False,0,history0
ivmh,No Repair,104,104,Update,0.010375,6.0,,,,,Update,False,False,0,history0
ivmh,No Repair,105,105,BuildSnap,0.0,,105.0,,,,MarkTs,False,False,0,history0
ivmh,No Repair,106,106,Probe,15.566209,600.0,106.0,,,,Probe,False,False,0,history0
ivmh,No Repair,107,107,Update,0.007,6.0,,,,,Update,False,False,0,history0
ivmh,No Repair,108,108,Probe,13.225833,600.0,108.0,,,,Probe,False,False,0,history0
ivmh,No Repair,109,109,Update,0.007167,6.0,,,,,Update,False,False,0,history0
ivmh,No Repair,110,110,BuildSnap,0.0,,110.0,,,,MarkTs,False,False,0,history0
ivmh,No Repair,111,111,Probe,14.769208,600.0,111.0,,,,Probe,False,False,0,history0
ivmh,No Repair,112,112,RecentScan,14.811459,,112.0,,,,RecentScan,False,False,0,history0
ivmh,No Repair,113,113,Probe,15.537,600.0,113.0,,,,Probe,False,False,0,history0
ivmh,No Repair,114,114,RecentScan,15.239584,,114.0,,,,RecentScan,False,False,0,history0
ivmh,No Repair,115,115,RecentScan,14.569959,,115.0,,,,RecentScan,False,False,0,history0
ivmh,No Repair,116,116,Probe,15.00525,600.0,116.0,,,,Probe,False,False,0,history0
ivmh,No Repair,117,117,RecentScan,14.477791,,117.0,,,,RecentScan,False,False,0,history0
heap,No Repair,0,0,InitLoad,19.293291,60000.0,,,,,InitLoad,False,False,0,history0
heap,No Repair,1,1,BuildSnap,0.0,,1.0,,,,MarkTs,False,False,0,history0
heap,No Repair,2,2,Update,0.002958,6.0,,,,,Update,False,False,0,history0
heap,No Repair,3,3,BuildSnap,0.0,,3.0,,,,MarkTs,False,False,0,history0
heap,No Repair,4,4,RecentScan,22.816625,,4.0,,,,RecentScan,False,False,0,history0
heap,No Repair,5,5,Update,0.011167,6.0,,,,,Update,False,False,0,history0
heap,No Repair,6,6,RecentScan,20.881917,,6.0,,,,RecentScan,False,False,0,history0
heap,No Repair,7,7,HistoryScan,20.984625,,1.0,,,,HistoryScan,True,False,0,history0
heap,No Repair,8,8,Update,0.008541,6.0,,,,,Update,False,False,0,history0
heap,No Repair,9,9,BuildSnap,0.0,,9.0,,,,MarkTs,False,False,0,history0
heap,No Repair,10,10,RecentScan,20.579208,,10.0,,,,RecentScan,False,False,0,history0
heap,No Repair,11,11,Update,0.007916000000000001,6.0,,,,,Update,False,False,0,history0
heap,No Repair,12,12,RecentScan,20.59725,,12.0,,,,RecentScan,False,False,0,history0
heap,No Repair,13,13,RecentScan,19.950083,,13.0,,,,RecentScan,False,False,0,history0
heap,No Repair,14,14,Probe,23.561334,600.0,14.0,,,,Probe,False,False,0,history0
heap,No Repair,15,15,GbgCollect,10.766667,,1.0,,,,GbgCollect,False,False,0,history0
heap,No Repair,16,16,Update,0.0031669999999999997,6.0,,,,,Update,False,False,0,history0
heap,No Repair,17,17,BuildSnap,0.0,,17.0,,,,MarkTs,False,False,0,history0
heap,No Repair,18,18,Update,0.002875,6.0,,,,,Update,False,False,0,history0
heap,No Repair,19,19,Probe,22.274,600.0,19.0,,,,Probe,False,False,0,history0
heap,No Repair,20,20,RecentScan,20.867625,,20.0,,,,RecentScan,False,False,0,history0
heap,No Repair,21,21,RecentScan,20.231291,,21.0,,,,RecentScan,False,False,0,history0
heap,No Repair,22,22,RecentScan,21.102416,,22.0,,,,RecentScan,False,False,0,history0
heap,No Repair,23,23,Probe,21.310417,600.0,23.0,,,,Probe,False,False,0,history0
heap,No Repair,24,24,Probe,22.034666,600.0,24.0,,,,Probe,False,False,0,history0
heap,No Repair,25,25,Probe,21.277167,600.0,25.0,,,,Probe,False,False,0,history0
heap,No Repair,26,26,RecentScan,20.767667,,26.0,,,,RecentScan,False,False,0,history0
heap,No Repair,27,27,Probe,22.949666,600.0,27.0,,,,Probe,False,False,0,history0
heap,No Repair,28,28,GbgCollect,10.936208,,3.0,,,,GbgCollect,False,False,0,history0
heap,No Repair,29,29,RecentScan,20.231083,,29.0,,,,RecentScan,False,False,0,history0
heap,No Repair,30,30,Update,0.007291000000000001,6.0,,,,,Update,False,False,0,history0
heap,No Repair,31,31,BuildSnap,0.0,,31.0,,,,MarkTs,False,False,0,history0
heap,No Repair,32,32,Probe,23.644125,600.0,32.0,,,,Probe,False,False,0,history0
heap,No Repair,33,33,Probe,20.754125,600.0,33.0,,,,Probe,False,False,0,history0
heap,No Repair,34,34,Update,0.0037080000000000004,6.0,,,,,Update,False,False,0,history0
heap,No Repair,35,35,RecentScan,20.765541,,35.0,,,,RecentScan,False,False,0,history0
heap,No Repair,36,36,RecentScan,20.900167,,36.0,,,,RecentScan,False,False,0,history0
heap,No Repair,37,37,Update,0.007666,6.0,,,,,Update,False,False,0,history0
heap,No Repair,38,38,BuildSnap,0.0,,38.0,,,,MarkTs,False,False,0,history0
heap,No Repair,39,39,GbgCollect,11.694875,,9.0,,,,GbgCollect,False,False,0,history0
heap,No Repair,40,40,Probe,22.459125,600.0,40.0,,,,Probe,False,False,0,history0
heap,No Repair,41,41,Update,0.003709,6.0,,,,,Update,False,False,0,history0
heap,No Repair,42,42,RecentScan,20.474291,,42.0,,,,RecentScan,False,False,0,history0
heap,No Repair,43,43,Probe,23.219875,600.0,43.0,,,,Probe,False,False,0,history0
heap,No Repair,44,44,Probe,22.01025,600.0,44.0,,,,Probe,False,False,0,history0
heap,No Repair,45,45,Update,0.005791999999999999,6.0,,,,,Update,False,False,0,history0
heap,No Repair,46,46,BuildSnap,0.0,,46.0,,,,MarkTs,False,False,0,history0
heap,No Repair,47,47,Probe,21.225542,600.0,47.0,,,,Probe,False,False,0,history0
heap,No Repair,48,48,RecentScan,20.528209,,48.0,,,,RecentScan,False,False,0,history0
heap,No Repair,49,49,RecentScan,20.737917,,49.0,,,,RecentScan,False,False,0,history0
heap,No Repair,50,50,Probe,22.147709,600.0,50.0,,,,Probe,False,False,0,history0
heap,No Repair,51,51,RecentScan,21.122375,,51.0,,,,RecentScan,False,False,0,history0
heap,No Repair,52,52,Update,0.0085,6.0,,,,,Update,False,False,0,history0
heap,No Repair,53,53,Update,0.00775,6.0,,,,,Update,False,False,0,history0
heap,No Repair,54,54,BuildSnap,0.0,,54.0,,,,MarkTs,False,False,0,history0
heap,No Repair,55,55,RecentScan,20.937458,,55.0,,,,RecentScan,False,False,0,history0
heap,No Repair,56,56,Update,0.009125,6.0,,,,,Update,False,False,0,history0
heap,No Repair,57,57,Probe,22.632042,600.0,57.0,,,,Probe,False,False,0,history0
heap,No Repair,58,58,RecentScan,20.19675,,58.0,,,,RecentScan,False,False,0,history0
heap,No Repair,59,59,Probe,22.313459,600.0,59.0,,,,Probe,False,False,0,history0
heap,No Repair,60,60,RecentScan,21.206334,,60.0,,,,RecentScan,False,False,0,history0
heap,No Repair,61,61,RecentScan,19.882583,,61.0,,,,RecentScan,False,False,0,history0
heap,No Repair,62,62,Probe,24.663833,600.0,62.0,,,,Probe,False,False,0,history0
heap,No Repair,63,63,Probe,21.648542,600.0,63.0,,,,Probe,False,False,0,history0
heap,No Repair,64,64,Probe,21.93,600.0,64.0,,,,Probe,False,False,0,history0
heap,No Repair,65,65,Probe,21.397834,600.0,65.0,,,,Probe,False,False,0,history0
heap,No Repair,66,66,GbgCollect,10.567708,,17.0,,,,GbgCollect,False,False,0,history0
heap,No Repair,67,67,Probe,22.204334,600.0,67.0,,,,Probe,False,False,0,history0
heap,No Repair,68,68,RecentScan,20.209292,,68.0,,,,RecentScan,False,False,0,history0
heap,No Repair,69,69,Probe,22.438209,600.0,69.0,,,,Probe,False,False,0,history0
heap,No Repair,70,70,RecentScan,20.03125,,70.0,,,,RecentScan,False,False,0,history0
heap,No Repair,71,71,Probe,23.261375,600.0,71.0,,,,Probe,False,False,0,history0
heap,No Repair,72,72,RecentScan,19.882792,,72.0,,,,RecentScan,False,False,0,history0
heap,No Repair,73,73,Probe,23.062875,600.0,73.0,,,,Probe,False,False,0,history0
heap,No Repair,74,74,Probe,20.213292,600.0,74.0,,,,Probe,False,False,0,history0
heap,No Repair,75,75,GbgCollect,10.727459,,31.0,,,,GbgCollect,False,False,0,history0
heap,No Repair,76,76,RecentScan,19.159084,,76.0,,,,RecentScan,False,False,0,history0
heap,No Repair,77,77,RecentScan,19.788833,,77.0,,,,RecentScan,False,False,0,history0
heap,No Repair,78,78,RecentScan,20.854166,,78.0,,,,RecentScan,False,False,0,history0
heap,No Repair,79,79,RecentScan,20.851083,,79.0,,,,RecentScan,False,False,0,history0
heap,No Repair,80,80,Probe,23.411166,600.0,80.0,,,,Probe,False,False,0,history0
heap,No Repair,81,81,Update,0.004292,6.0,,,,,Update,False,False,0,history0
heap,No Repair,82,82,BuildSnap,0.0,,82.0,,,,MarkTs,False,False,0,history0
heap,No Repair,83,83,Update,0.003333,6.0,,,,,Update,False,False,0,history0
heap,No Repair,84,84,RecentScan,20.539833,,84.0,,,,RecentScan,False,False,0,history0
heap,No Repair,85,85,RecentScan,20.314,,85.0,,,,RecentScan,False,False,0,history0
heap,No Repair,86,86,Probe,21.262709,600.0,86.0,,,,Probe,False,False,0,history0
heap,No Repair,87,87,RecentScan,20.656,,87.0,,,,RecentScan,False,False,0,history0
heap,No Repair,88,88,Probe,22.659708,600.0,88.0,,,,Probe,False,False,0,history0
heap,No Repair,89,89,Probe,23.567958,600.0,89.0,,,,Probe,False,False,0,history0
heap,No Repair,90,90,RecentScan,20.112209,,90.0,,,,RecentScan,False,False,0,history0
heap,No Repair,91,91,Update,0.0065,6.0,,,,,Update,False,False,0,history0
heap,No Repair,92,92,BuildSnap,0.0,,92.0,,,,MarkTs,False,False,0,history0
heap,No Repair,93,93,Probe,22.828542,600.0,93.0,,,,Probe,False,False,0,history0
heap,No Repair,94,94,RecentScan,19.9455,,94.0,,,,RecentScan,False,False,0,history0
heap,No Repair,95,95,Update,0.005333,6.0,,,,,Update,False,False,0,history0
heap,No Repair,96,96,RecentScan,19.913,,96.0,,,,RecentScan,False,False,0,history0
heap,No Repair,97,97,Probe,24.822542,600.0,97.0,,,,Probe,False,False,0,history0
heap,No Repair,98,98,Probe,21.869542,600.0,98.0,,,,Probe,False,False,0,history0
heap,No Repair,99,99,RecentScan,20.197208,,99.0,,,,RecentScan,False,False,0,history0
heap,No Repair,100,100,Probe,22.940834,600.0,100.0,,,,Probe,False,False,0,history0
heap,No Repair,101,101,RecentScan,19.747834,,101.0,,,,RecentScan,False,False,0,history0
heap,No Repair,102,102,Probe,23.86125,600.0,102.0,,,,Probe,False,False,0,history0
heap,No Repair,103,103,RecentScan,19.62575,,103.0,,,,RecentScan,False,False,0,history0
heap,No Repair,104,104,Update,0.006291000000000001,6.0,,,,,Update,False,False,0,history0
heap,No Repair,105,105,BuildSnap,0.0,,105.0,,,,MarkTs,False,False,0,history0
heap,No Repair,106,106,Probe,24.211833,600.0,106.0,,,,Probe,False,False,0,history0
heap,No Repair,107,107,Update,0.0036669999999999997,6.0,,,,,Update,False,False,0,history0
heap,No Repair,108,108,Probe,20.843792,600.0,108.0,,,,Probe,False,False,0,history0
heap,No Repair,109,109,Update,0.003125,6.0,,,,,Update,False,False,0,history0
heap,No Repair,110,110,BuildSnap,0.0,,110.0,,,,MarkTs,False,False,0,history0
heap,No Repair,111,111,Probe,23.406209,600.0,111.0,,,,Probe,False,False,0,history0
heap,No Repair,112,112,RecentScan,19.433708,,112.0,,,,RecentScan,False,False,0,history0
heap,No Repair,113,113,Probe,22.610083,600.0,113.0,,,,Probe,False,False,0,history0
heap,No Repair,114,114,RecentScan,20.053875,,114.0,,,,RecentScan,False,False,0,history0
heap,No Repair,115,115,RecentScan,19.216583,,115.0,,,,RecentScan,False,False,0,history0
heap,No Repair,116,116,Probe,24.341125,600.0,116.0,,,,Probe,False,False,0,history0
heap,No Repair,117,117,RecentScan,19.974458,,117.0,,,,RecentScan,False,False,0,history0
heap,Read Repair,0,0,InitLoad,18.61925,60000.0,,,,,InitLoad,False,False,0,history0
heap,Read Repair,1,1,BuildSnap,0.0,,1.0,,,,MarkTs,False,False,0,history0
heap,Read Repair,2,2,Update,0.002541,6.0,,,,,Update,False,False,0,history0
heap,Read Repair,3,3,BuildSnap,0.0,,3.0,,,,MarkTs,False,False,0,history0
heap,Read Repair,4,4,RecentScan,33.59575,,4.0,,,,RecentScan,False,False,0,history0
heap,Read Repair,5,5,Update,0.021459,6.0,,,,,Update,False,False,0,history0
heap,Read Repair,6,6,RecentScan,33.118541,,6.0,,,,RecentScan,False,False,0,history0
heap,Read Repair,7,7,HistoryScan,15.528375,,1.0,,,,HistoryScan,True,False,0,history0
heap,Read Repair,8,8,Update,0.006042,6.0,,,,,Update,False,False,0,history0
heap,Read Repair,9,9,BuildSnap,0.0,,9.0,,,,MarkTs,False,False,0,history0
heap,Read Repair,10,10,RecentScan,28.615959,,10.0,,,,RecentScan,False,False,0,history0
heap,Read Repair,11,11,Update,0.00725,6.0,,,,,Update,False,False,0,history0
heap,Read Repair,12,12,RecentScan,29.06925,,12.0,,,,RecentScan,False,False,0,history0
heap,Read Repair,13,13,RecentScan,15.192375,,13.0,,,,RecentScan,False,False,0,history0
heap,Read Repair,14,14,Probe,14.780167,600.0,14.0,,,,Probe,False,False,0,history0
heap,Read Repair,15,15,GbgCollect,10.794667,,1.0,,,,GbgCollect,False,False,0,history0
heap,Read Repair,16,16,Update,0.0032080000000000003,6.0,,,,,Update,False,False,0,history0
heap,Read Repair,17,17,BuildSnap,0.0,,17.0,,,,MarkTs,False,False,0,history0
heap,Read Repair,18,18,Update,0.00275,6.0,,,,,Update,False,False,0,history0
heap,Read Repair,19,19,Probe,22.0955,600.0,19.0,,,,Probe,False,False,0,history0
heap,Read Repair,20,20,RecentScan,29.652708,,20.0,,,,RecentScan,False,False,0,history0
heap,Read Repair,21,21,RecentScan,16.813584,,21.0,,,,RecentScan,False,False,0,history0
heap,Read Repair,22,22,RecentScan,15.480417,,22.0,,,,RecentScan,False,False,0,history0
heap,Read Repair,23,23,Probe,13.793625,600.0,23.0,,,,Probe,False,False,0,history0
heap,Read Repair,24,24,Probe,14.015958,600.0,24.0,,,,Probe,False,False,0,history0
heap,Read Repair,25,25,Probe,12.969,600.0,25.0,,,,Probe,False,False,0,history0
heap,Read Repair,26,26,RecentScan,15.075959,,26.0,,,,RecentScan,False,False,0,history0
heap,Read Repair,27,27,Probe,14.440916,600.0,27.0,,,,Probe,False,False,0,history0
heap,Read Repair,28,28,GbgCollect,10.839709,,3.0,,,,GbgCollect,False,False,0,history0
heap,Read Repair,29,29,RecentScan,15.141667,,29.0,,,,RecentScan,False,False,0,history0
heap,Read Repair,30,30,Update,0.0054589999999999994,6.0,,,,,Update,False,False,0,history0
heap,Read Repair,31,31,BuildSnap,0.0,,31.0,,,,MarkTs,False,False,0,history0
heap,Read Repair,32,32,Probe,24.686209,600.0,32.0,,,,Probe,False,False,0,history0
heap,Read Repair,33,33,Probe,21.528958,600.0,33.0,,,,Probe,False,False,0,history0
heap,Read Repair,34,34,Update,0.0032080000000000003,6.0,,,,,Update,False,False,0,history0
heap,Read Repair,35,35,RecentScan,30.804583,,35.0,,,,RecentScan,False,False,0,history0
heap,Read Repair,36,36,RecentScan,16.421375,,36.0,,,,RecentScan,False,False,0,history0
heap,Read Repair,37,37,Update,0.005834,6.0,,,,,Update,False,False,0,history0
heap,Read Repair,38,38,BuildSnap,0.0,,38.0,,,,MarkTs,False,False,0,history0
heap,Read Repair,39,39,GbgCollect,11.628875,,9.0,,,,GbgCollect,False,False,0,history0
heap,Read Repair,40,40,Probe,22.397292,600.0,40.0,,,,Probe,False,False,0,history0
heap,Read Repair,41,41,Update,0.003375,6.0,,,,,Update,False,False,0,history0
heap,Read Repair,42,42,RecentScan,30.599459,,42.0,,,,RecentScan,False,False,0,history0
heap,Read Repair,43,43,Probe,15.664542,600.0,43.0,,,,Probe,False,False,0,history0
heap,Read Repair,44,44,Probe,14.334625,600.0,44.0,,,,Probe,False,False,0,history0
heap,Read Repair,45,45,Update,0.004042,6.0,,,,,Update,False,False,0,history0
heap,Read Repair,46,46,BuildSnap,0.0,,46.0,,,,MarkTs,False,False,0,history0
heap,Read Repair,47,47,Probe,21.789292,600.0,47.0,,,,Probe,False,False,0,history0
heap,Read Repair,48,48,RecentScan,30.884041,,48.0,,,,RecentScan,False,False,0,history0
heap,Read Repair,49,49,RecentScan,16.174791,,49.0,,,,RecentScan,False,False,0,history0
heap,Read Repair,50,50,Probe,14.461166,600.0,50.0,,,,Probe,False,False,0,history0
heap,Read Repair,51,51,RecentScan,15.737042,,51.0,,,,RecentScan,False,False,0,history0
heap,Read Repair,52,52,Update,0.005583,6.0,,,,,Update,False,False,0,history0
heap,Read Repair,53,53,Update,0.0035,6.0,,,,,Update,False,False,0,history0
heap,Read Repair,54,54,BuildSnap,0.0,,54.0,,,,MarkTs,False,False,0,history0
heap,Read Repair,55,55,RecentScan,30.048125,,55.0,,,,RecentScan,False,False,0,history0
heap,Read Repair,56,56,Update,0.008792,6.0,,,,,Update,False,False,0,history0
heap,Read Repair,57,57,Probe,22.392792,600.0,57.0,,,,Probe,False,False,0,history0
heap,Read Repair,58,58,RecentScan,30.230333,,58.0,,,,RecentScan,False,False,0,history0
heap,Read Repair,59,59,Probe,14.67675,600.0,59.0,,,,Probe,False,False,0,history0
heap,Read Repair,60,60,RecentScan,15.901834,,60.0,,,,RecentScan,False,False,0,history0
heap,Read Repair,61,61,RecentScan,15.552875,,61.0,,,,RecentScan,False,False,0,history0
heap,Read Repair,62,62,Probe,16.537542,600.0,62.0,,,,Probe,False,False,0,history0
heap,Read Repair,63,63,Probe,14.253333,600.0,63.0,,,,Probe,False,False,0,history0
heap,Read Repair,64,64,Probe,14.848833,600.0,64.0,,,,Probe,False,False,0,history0
heap,Read Repair,65,65,Probe,13.991917,600.0,65.0,,,,Probe,False,False,0,history0
heap,Read Repair,66,66,GbgCollect,10.725208,,17.0,,,,GbgCollect,False,False,0,history0
heap,Read Repair,67,67,Probe,14.721792,600.0,67.0,,,,Probe,False,False,0,history0
heap,Read Repair,68,68,RecentScan,16.007125,,68.0,,,,RecentScan,False,False,0,history0
heap,Read Repair,69,69,Probe,14.54825,600.0,69.0,,,,Probe,False,False,0,history0
heap,Read Repair,70,70,RecentScan,15.701042,,70.0,,,,RecentScan,False,False,0,history0
heap,Read Repair,71,71,Probe,15.085292,600.0,71.0,,,,Probe,False,False,0,history0
heap,Read Repair,72,72,RecentScan,14.792542,,72.0,,,,RecentScan,False,False,0,history0
heap,Read Repair,73,73,Probe,14.617208,600.0,73.0,,,,Probe,False,False,0,history0
heap,Read Repair,74,74,Probe,13.778375,600.0,74.0,,,,Probe,False,False,0,history0
heap,Read Repair,75,75,GbgCollect,10.724458,,31.0,,,,GbgCollect,False,False,0,history0
heap,Read Repair,76,76,RecentScan,15.936959,,76.0,,,,RecentScan,False,False,0,history0
heap,Read Repair,77,77,RecentScan,15.358,,77.0,,,,RecentScan,False,False,0,history0
heap,Read Repair,78,78,RecentScan,14.55975,,78.0,,,,RecentScan,False,False,0,history0
heap,Read Repair,79,79,RecentScan,14.952125,,79.0,,,,RecentScan,False,False,0,history0
heap,Read Repair,80,80,Probe,15.228833,600.0,80.0,,,,Probe,False,False,0,history0
heap,Read Repair,81,81,Update,0.004417,6.0,,,,,Update,False,False,0,history0
heap,Read Repair,82,82,BuildSnap,0.0,,82.0,,,,MarkTs,False,False,0,history0
heap,Read Repair,83,83,Update,0.002791,6.0,,,,,Update,False,False,0,history0
heap,Read Repair,84,84,RecentScan,29.780458,,84.0,,,,RecentScan,False,False,0,history0
heap,Read Repair,85,85,RecentScan,16.663292,,85.0,,,,RecentScan,False,False,0,history0
heap,Read Repair,86,86,Probe,13.872083,600.0,86.0,,,,Probe,False,False,0,history0
heap,Read Repair,87,87,RecentScan,16.163209,,87.0,,,,RecentScan,False,False,0,history0
heap,Read Repair,88,88,Probe,14.42425,600.0,88.0,,,,Probe,False,False,0,history0
heap,Read Repair,89,89,Probe,14.781459,600.0,89.0,,,,Probe,False,False,0,history0
heap,Read Repair,90,90,RecentScan,17.000542,,90.0,,,,RecentScan,False,False,0,history0
heap,Read Repair,91,91,Update,0.005375,6.0,,,,,Update,False,False,0,history0
heap,Read Repair,92,92,BuildSnap,0.0,,92.0,,,,MarkTs,False,False,0,history0
heap,Read Repair,93,93,Probe,21.273875,600.0,93.0,,,,Probe,False,False,0,history0
heap,Read Repair,94,94,RecentScan,29.823167,,94.0,,,,RecentScan,False,False,0,history0
heap,Read Repair,95,95,Update,0.005,6.0,,,,,Update,False,False,0,history0
heap,Read Repair,96,96,RecentScan,30.021083,,96.0,,,,RecentScan,False,False,0,history0
heap,Read Repair,97,97,Probe,16.142916,600.0,97.0,,,,Probe,False,False,0,history0
heap,Read Repair,98,98,Probe,13.504458,600.0,98.0,,,,Probe,False,False,0,history0
heap,Read Repair,99,99,RecentScan,16.099542,,99.0,,,,RecentScan,False,False,0,history0
heap,Read Repair,100,100,Probe,14.21975,600.0,100.0,,,,Probe,False,False,0,history0
heap,Read Repair,101,101,RecentScan,13.976542,,101.0,,,,RecentScan,False,False,0,history0
heap,Read Repair,102,102,Probe,14.951209,600.0,102.0,,,,Probe,False,False,0,history0
heap,Read Repair,103,103,RecentScan,16.276333,,103.0,,,,RecentScan,False,False,0,history0
heap,Read Repair,104,104,Update,0.0049169999999999995,6.0,,,,,Update,False,False,0,history0
heap,Read Repair,105,105,BuildSnap,0.0,,105.0,,,,MarkTs,False,False,0,history0
heap,Read Repair,106,106,Probe,23.959709,600.0,106.0,,,,Probe,False,False,0,history0
heap,Read Repair,107,107,Update,0.004042,6.0,,,,,Update,False,False,0,history0
heap,Read Repair,108,108,Probe,20.720709,600.0,108.0,,,,Probe,False,False,0,history0
heap,Read Repair,109,109,Update,0.003375,6.0,,,,,Update,False,False,0,history0
heap,Read Repair,110,110,BuildSnap,0.0,,110.0,,,,MarkTs,False,False,0,history0
heap,Read Repair,111,111,Probe,22.67925,600.0,111.0,,,,Probe,False,False,0,history0
heap,Read Repair,112,112,RecentScan,29.338125,,112.0,,,,RecentScan,False,False,0,history0
heap,Read Repair,113,113,Probe,15.394,600.0,113.0,,,,Probe,False,False,0,history0
heap,Read Repair,114,114,RecentScan,15.151625,,114.0,,,,RecentScan,False,False,0,history0
heap,Read Repair,115,115,RecentScan,14.707375,,115.0,,,,RecentScan,False,False,0,history0
heap,Read Repair,116,116,Probe,14.655833,600.0,116.0,,,,Probe,False,False,0,history0
heap,Read Repair,117,117,RecentScan,13.915875,,117.0,,,,RecentScan,False,False,0,history0
heap,Write Repair,0,0,InitLoad,19.519292,60000.0,,,,,InitLoad,False,False,0,history0
heap,Write Repair,1,1,BuildSnap,0.0,,1.0,,,,MarkTs,False,False,0,history0
heap,Write Repair,2,2,Update,0.952542,6.0,,,,,Update,False,False,0,history0
heap,Write Repair,3,3,BuildSnap,0.0,,3.0,,,,MarkTs,False,False,0,history0
heap,Write Repair,4,4,RecentScan,14.938875,,4.0,,,,RecentScan,False,False,0,history0
heap,Write Repair,5,5,Update,0.76025,6.0,,,,,Update,False,False,0,history0
heap,Write Repair,6,6,RecentScan,16.130042,,6.0,,,,RecentScan,False,False,0,history0
heap,Write Repair,7,7,HistoryScan,14.75525,,1.0,,,,HistoryScan,True,False,0,history0
heap,Write Repair,8,8,Update,0.824083,6.0,,,,,Update,False,False,0,history0
heap,Write Repair,9,9,BuildSnap,0.0,,9.0,,,,MarkTs,False,False,0,history0
heap,Write Repair,10,10,RecentScan,15.743,,10.0,,,,RecentScan,False,False,0,history0
heap,Write Repair,11,11,Update,0.7545,6.0,,,,,Update,False,False,0,history0
heap,Write Repair,12,12,RecentScan,14.744125,,12.0,,,,RecentScan,False,False,0,history0
heap,Write Repair,13,13,RecentScan,14.268292,,13.0,,,,RecentScan,False,False,0,history0
heap,Write Repair,14,14,Probe,15.438875,600.0,14.0,,,,Probe,False,False,0,history0
heap,Write Repair,15,15,GbgCollect,11.005167,,1.0,,,,GbgCollect,False,False,0,history0
heap,Write Repair,16,16,Update,0.675875,6.0,,,,,Update,False,False,0,history0
heap,Write Repair,17,17,BuildSnap,0.0,,17.0,,,,MarkTs,False,False,0,history0
heap,Write Repair,18,18,Update,0.563083,6.0,,,,,Update,False,False,0,history0
heap,Write Repair,19,19,Probe,14.457875,600.0,19.0,,,,Probe,False,False,0,history0
heap,Write Repair,20,20,RecentScan,15.094792,,20.0,,,,RecentScan,False,False,0,history0
heap,Write Repair,21,21,RecentScan,15.030459,,21.0,,,,RecentScan,False,False,0,history0
heap,Write Repair,22,22,RecentScan,14.655833,,22.0,,,,RecentScan,False,False,0,history0
heap,Write Repair,23,23,Probe,13.444125,600.0,23.0,,,,Probe,False,False,0,history0
heap,Write Repair,24,24,Probe,14.142208,600.0,24.0,,,,Probe,False,False,0,history0
heap,Write Repair,25,25,Probe,13.377708,600.0,25.0,,,,Probe,False,False,0,history0
heap,Write Repair,26,26,RecentScan,16.319375,,26.0,,,,RecentScan,False,False,0,history0
heap,Write Repair,27,27,Probe,14.622666,600.0,27.0,,,,Probe,False,False,0,history0
heap,Write Repair,28,28,GbgCollect,10.651,,3.0,,,,GbgCollect,False,False,0,history0
heap,Write Repair,29,29,RecentScan,14.641042,,29.0,,,,RecentScan,False,False,0,history0
heap,Write Repair,30,30,Update,0.805791,6.0,,,,,Update,False,False,0,history0
heap,Write Repair,31,31,BuildSnap,0.0,,31.0,,,,MarkTs,False,False,0,history0
heap,Write Repair,32,32,Probe,15.515458,600.0,32.0,,,,Probe,False,False,0,history0
heap,Write Repair,33,33,Probe,13.798458,600.0,33.0,,,,Probe,False,False,0,history0
heap,Write Repair,34,34,Update,1.005,6.0,,,,,Update,False,False,0,history0
heap,Write Repair,35,35,RecentScan,14.914958,,35.0,,,,RecentScan,False,False,0,history0
heap,Write Repair,36,36,RecentScan,14.975834,,36.0,,,,RecentScan,False,False,0,history0
heap,Write Repair,37,37,Update,0.721833,6.0,,,,,Update,False,False,0,history0
heap,Write Repair,38,38,BuildSnap,0.0,,38.0,,,,MarkTs,False,False,0,history0
heap,Write Repair,39,39,GbgCollect,11.31575,,9.0,,,,GbgCollect,False,False,0,history0
heap,Write Repair,40,40,Probe,14.522042,600.0,40.0,,,,Probe,False,False,0,history0
heap,Write Repair,41,41,Update,0.8197920000000001,6.0,,,,,Update,False,False,0,history0
heap,Write Repair,42,42,RecentScan,15.149458,,42.0,,,,RecentScan,False,False,0,history0
heap,Write Repair,43,43,Probe,15.087791,600.0,43.0,,,,Probe,False,False,0,history0
heap,Write Repair,44,44,Probe,14.173084,600.0,44.0,,,,Probe,False,False,0,history0
heap,Write Repair,45,45,Update,0.837666,6.0,,,,,Update,False,False,0,history0
heap,Write Repair,46,46,BuildSnap,0.0,,46.0,,,,MarkTs,False,False,0,history0
heap,Write Repair,47,47,Probe,14.02,600.0,47.0,,,,Probe,False,False,0,history0
heap,Write Repair,48,48,RecentScan,14.573083,,48.0,,,,RecentScan,False,False,0,history0
heap,Write Repair,49,49,RecentScan,15.015542,,49.0,,,,RecentScan,False,False,0,history0
heap,Write Repair,50,50,Probe,14.447625,600.0,50.0,,,,Probe,False,False,0,history0
heap,Write Repair,51,51,RecentScan,15.326584,,51.0,,,,RecentScan,False,False,0,history0
heap,Write Repair,52,52,Update,0.7793329999999999,6.0,,,,,Update,False,False,0,history0
heap,Write Repair,53,53,Update,0.47654199999999997,6.0,,,,,Update,False,False,0,history0
heap,Write Repair,54,54,BuildSnap,0.0,,54.0,,,,MarkTs,False,False,0,history0
heap,Write Repair,55,55,RecentScan,14.950209,,55.0,,,,RecentScan,False,False,0,history0
heap,Write Repair,56,56,Update,0.700375,6.0,,,,,Update,False,False,0,history0
heap,Write Repair,57,57,Probe,14.587875,600.0,57.0,,,,Probe,False,False,0,history0
heap,Write Repair,58,58,RecentScan,15.536708,,58.0,,,,RecentScan,False,False,0,history0
heap,Write Repair,59,59,Probe,14.234167,600.0,59.0,,,,Probe,False,False,0,history0
heap,Write Repair,60,60,RecentScan,14.724209,,60.0,,,,RecentScan,False,False,0,history0
heap,Write Repair,61,61,RecentScan,16.322334,,61.0,,,,RecentScan,False,False,0,history0
heap,Write Repair,62,62,Probe,16.484625,600.0,62.0,,,,Probe,False,False,0,history0
heap,Write Repair,63,63,Probe,14.3145,600.0,63.0,,,,Probe,False,False,0,history0
heap,Write Repair,64,64,Probe,14.320375,600.0,64.0,,,,Probe,False,False,0,history0
heap,Write Repair,65,65,Probe,14.048,600.0,65.0,,,,Probe,False,False,0,history0
heap,Write Repair,66,66,GbgCollect,10.714083,,17.0,,,,GbgCollect,False,False,0,history0
heap,Write Repair,67,67,Probe,14.561916,600.0,67.0,,,,Probe,False,False,0,history0
heap,Write Repair,68,68,RecentScan,14.472541,,68.0,,,,RecentScan,False,False,0,history0
heap,Write Repair,69,69,Probe,14.326166,600.0,69.0,,,,Probe,False,False,0,history0
heap,Write Repair,70,70,RecentScan,15.354416,,70.0,,,,RecentScan,False,False,0,history0
heap,Write Repair,71,71,Probe,15.030958,600.0,71.0,,,,Probe,False,False,0,history0
heap,Write Repair,72,72,RecentScan,15.709,,72.0,,,,RecentScan,False,False,0,history0
heap,Write Repair,73,73,Probe,14.8095,600.0,73.0,,,,Probe,False,False,0,history0
heap,Write Repair,74,74,Probe,13.88075,600.0,74.0,,,,Probe,False,False,0,history0
heap,Write Repair,75,75,GbgCollect,10.6185,,31.0,,,,GbgCollect,False,False,0,history0
heap,Write Repair,76,76,RecentScan,15.133333,,76.0,,,,RecentScan,False,False,0,history0
heap,Write Repair,77,77,RecentScan,15.747375,,77.0,,,,RecentScan,False,False,0,history0
heap,Write Repair,78,78,RecentScan,16.028,,78.0,,,,RecentScan,False,False,0,history0
heap,Write Repair,79,79,RecentScan,15.563416,,79.0,,,,RecentScan,False,False,0,history0
heap,Write Repair,80,80,Probe,15.095292,600.0,80.0,,,,Probe,False,False,0,history0
heap,Write Repair,81,81,Update,0.871084,6.0,,,,,Update,False,False,0,history0
heap,Write Repair,82,82,BuildSnap,0.0,,82.0,,,,MarkTs,False,False,0,history0
heap,Write Repair,83,83,Update,0.493125,6.0,,,,,Update,False,False,0,history0
heap,Write Repair,84,84,RecentScan,15.16975,,84.0,,,,RecentScan,False,False,0,history0
heap,Write Repair,85,85,RecentScan,14.888458,,85.0,,,,RecentScan,False,False,0,history0
heap,Write Repair,86,86,Probe,13.923334,600.0,86.0,,,,Probe,False,False,0,history0
heap,Write Repair,87,87,RecentScan,14.8515,,87.0,,,,RecentScan,False,False,0,history0
heap,Write Repair,88,88,Probe,14.597209,600.0,88.0,,,,Probe,False,False,0,history0
heap,Write Repair,89,89,Probe,15.024083,600.0,89.0,,,,Probe,False,False,0,history0
heap,Write Repair,90,90,RecentScan,13.708083,,90.0,,,,RecentScan,False,False,0,history0
heap,Write Repair,91,91,Update,0.808667,6.0,,,,,Update,False,False,0,history0
heap,Write Repair,92,92,BuildSnap,0.0,,92.0,,,,MarkTs,False,False,0,history0
heap,Write Repair,93,93,Probe,14.585292,600.0,93.0,,,,Probe,False,False,0,history0
heap,Write Repair,94,94,RecentScan,14.767708,,94.0,,,,RecentScan,False,False,0,history0
heap,Write Repair,95,95,Update,0.726916,6.0,,,,,Update,False,False,0,history0
heap,Write Repair,96,96,RecentScan,15.093958,,96.0,,,,RecentScan,False,False,0,history0
heap,Write Repair,97,97,Probe,16.009,600.0,97.0,,,,Probe,False,False,0,history0
heap,Write Repair,98,98,Probe,14.026833,600.0,98.0,,,,Probe,False,False,0,history0
heap,Write Repair,99,99,RecentScan,15.06825,,99.0,,,,RecentScan,False,False,0,history0
heap,Write Repair,100,100,Probe,14.610625,600.0,100.0,,,,Probe,False,False,0,history0
heap,Write Repair,101,101,RecentScan,14.881875,,101.0,,,,RecentScan,False,False,0,history0
heap,Write Repair,102,102,Probe,15.562708,600.0,102.0,,,,Probe,False,False,0,history0
heap,Write Repair,103,103,RecentScan,16.57475,,103.0,,,,RecentScan,False,False,0,history0
heap,Write Repair,104,104,Update,0.826125,6.0,,,,,Update,False,False,0,history0
heap,Write Repair,105,105,BuildSnap,0.0,,105.0,,,,MarkTs,False,False,0,history0
heap,Write Repair,106,106,Probe,15.191459,600.0,106.0,,,,Probe,False,False,0,history0
heap,Write Repair,107,107,Update,0.651208,6.0,,,,,Update,False,False,0,history0
heap,Write Repair,108,108,Probe,13.349708,600.0,108.0,,,,Probe,False,False,0,history0
heap,Write Repair,109,109,Update,0.696375,6.0,,,,,Update,False,False,0,history0
heap,Write Repair,110,110,BuildSnap,0.0,,110.0,,,,MarkTs,False,False,0,history0
heap,Write Repair,111,111,Probe,15.031333,600.0,111.0,,,,Probe,False,False,0,history0
heap,Write Repair,112,112,RecentScan,14.988125,,112.0,,,,RecentScan,False,False,0,history0
heap,Write Repair,113,113,Probe,14.661792,600.0,113.0,,,,Probe,False,False,0,history0
heap,Write Repair,114,114,RecentScan,15.278958,,114.0,,,,RecentScan,False,False,0,history0
heap,Write Repair,115,115,RecentScan,15.72475,,115.0,,,,RecentScan,False,False,0,history0
heap,Write Repair,116,116,Probe,15.222958,600.0,116.0,,,,Probe,False,False,0,history0
heap,Write Repair,117,117,RecentScan,14.92625,,117.0,,,,RecentScan,False,False,0,history0
chain,No Repair,0,0,InitLoad,18.800625,60000.0,,,,,InitLoad,False,False,0,history0
chain,No Repair,1,1,BuildSnap,0.0,,1.0,,,,MarkTs,False,False,0,history0
chain,No Repair,2,2,Update,1.321875,6.0,,,,,Update,False,False,0,history0
chain,No Repair,3,3,BuildSnap,0.0,,3.0,,,,MarkTs,False,False,0,history0
chain,No Repair,4,4,RecentScan,16.335625,,4.0,,,,RecentScan,False,False,0,history0
chain,No Repair,5,5,Update,1.574,6.0,,,,,Update,False,False,0,history0
chain,No Repair,6,6,RecentScan,16.742709,,6.0,,,,RecentScan,False,False,0,history0
chain,No Repair,7,7,HistoryScan,15.61275,,1.0,,,,HistoryScan,True,False,0,history0
chain,No Repair,8,8,Update,0.785333,6.0,,,,,Update,False,False,0,history0
chain,No Repair,9,9,BuildSnap,0.0,,9.0,,,,MarkTs,False,False,0,history0
chain,No Repair,10,10,RecentScan,15.487292,,10.0,,,,RecentScan,False,False,0,history0
chain,No Repair,11,11,Update,0.7160420000000001,6.0,,,,,Update,False,False,0,history0
chain,No Repair,12,12,RecentScan,15.409791,,12.0,,,,RecentScan,False,False,0,history0
chain,No Repair,13,13,RecentScan,15.475625,,13.0,,,,RecentScan,False,False,0,history0
chain,No Repair,14,14,Probe,15.142167,600.0,14.0,,,,Probe,False,False,0,history0
chain,No Repair,15,15,GbgCollect,0.023792,,1.0,,,,GbgCollect,False,False,0,history0
chain,No Repair,16,16,Update,0.955083,6.0,,,,,Update,False,False,0,history0
chain,No Repair,17,17,BuildSnap,0.0,,17.0,,,,MarkTs,False,False,0,history0
chain,No Repair,18,18,Update,0.584292,6.0,,,,,Update,False,False,0,history0
chain,No Repair,19,19,Probe,15.137958,600.0,19.0,,,,Probe,False,False,0,history0
chain,No Repair,20,20,RecentScan,16.221667,,20.0,,,,RecentScan,False,False,0,history0
chain,No Repair,21,21,RecentScan,15.576042,,21.0,,,,RecentScan,False,False,0,history0
chain,No Repair,22,22,RecentScan,15.698541,,22.0,,,,RecentScan,False,False,0,history0
chain,No Repair,23,23,Probe,13.832792,600.0,23.0,,,,Probe,False,False,0,history0
chain,No Repair,24,24,Probe,14.271167,600.0,24.0,,,,Probe,False,False,0,history0
chain,No Repair,25,25,Probe,13.805625,600.0,25.0,,,,Probe,False,False,0,history0
chain,No Repair,26,26,RecentScan,15.018708,,26.0,,,,RecentScan,False,False,0,history0
chain,No Repair,27,27,Probe,15.171,600.0,27.0,,,,Probe,False,False,0,history0
chain,No Repair,28,28,GbgCollect,0.02575,,3.0,,,,GbgCollect,False,False,0,history0
chain,No Repair,29,29,RecentScan,15.894416,,29.0,,,,RecentScan,False,False,0,history0
chain,No Repair,30,30,Update,0.846375,6.0,,,,,Update,False,False,0,history0
chain,No Repair,31,31,BuildSnap,0.0,,31.0,,,,MarkTs,False,False,0,history0
chain,No Repair,32,32,Probe,15.906625,600.0,32.0,,,,Probe,False,False,0,history0
chain,No Repair,33,33,Probe,13.694208,600.0,33.0,,,,Probe,False,False,0,history0
chain,No Repair,34,34,Update,0.7108329999999999,6.0,,,,,Update,False,False,0,history0
chain,No Repair,35,35,RecentScan,14.79425,,35.0,,,,RecentScan,False,False,0,history0
chain,No Repair,36,36,RecentScan,14.169875,,36.0,,,,RecentScan,False,False,0,history0
chain,No Repair,37,37,Update,0.722167,6.0,,,,,Update,False,False,0,history0
chain,No Repair,38,38,BuildSnap,0.0,,38.0,,,,MarkTs,False,False,0,history0
chain,No Repair,39,39,GbgCollect,0.027084,,9.0,,,,GbgCollect,False,False,0,history0
chain,No Repair,40,40,Probe,14.786042,600.0,40.0,,,,Probe,False,False,0,history0
chain,No Repair,41,41,Update,0.81125,6.0,,,,,Update,False,False,0,history0
chain,No Repair,42,42,RecentScan,14.492,,42.0,,,,RecentScan,False,False,0,history0
chain,No Repair,43,43,Probe,15.440334,600.0,43.0,,,,Probe,False,False,0,history0
chain,No Repair,44,44,Probe,14.748667,600.0,44.0,,,,Probe,False,False,0,history0
chain,No Repair,45,45,Update,0.82425,6.0,,,,,Update,False,False,0,history0
chain,No Repair,46,46,BuildSnap,0.0,,46.0,,,,MarkTs,False,False,0,history0
chain,No Repair,47,47,Probe,14.404458,600.0,47.0,,,,Probe,False,False,0,history0
chain,No Repair,48,48,RecentScan,15.139708,,48.0,,,,RecentScan,False,False,0,history0
chain,No Repair,49,49,RecentScan,15.612292,,49.0,,,,RecentScan,False,False,0,history0
chain,No Repair,50,50,Probe,14.873625,600.0,50.0,,,,Probe,False,False,0,history0
chain,No Repair,51,51,RecentScan,14.911084,,51.0,,,,RecentScan,False,False,0,history0
chain,No Repair,52,52,Update,0.79925,6.0,,,,,Update,False,False,0,history0
chain,No Repair,53,53,Update,0.517583,6.0,,,,,Update,False,False,0,history0
chain,No Repair,54,54,BuildSnap,0.0,,54.0,,,,MarkTs,False,False,0,history0
chain,No Repair,55,55,RecentScan,15.903708,,55.0,,,,RecentScan,False,False,0,history0
chain,No Repair,56,56,Update,0.739542,6.0,,,,,Update,False,False,0,history0
chain,No Repair,57,57,Probe,14.67375,600.0,57.0,,,,Probe,False,False,0,history0
chain,No Repair,58,58,RecentScan,15.34975,,58.0,,,,RecentScan,False,False,0,history0
chain,No Repair,59,59,Probe,14.794417,600.0,59.0,,,,Probe,False,False,0,history0
chain,No Repair,60,60,RecentScan,15.694375,,60.0,,,,RecentScan,False,False,0,history0
chain,No Repair,61,61,RecentScan,15.789667,,61.0,,,,RecentScan,False,False,0,history0
chain,No Repair,62,62,Probe,16.483583,600.0,62.0,,,,Probe,False,False,0,history0
chain,No Repair,63,63,Probe,14.289375,600.0,63.0,,,,Probe,False,False,0,history0
chain,No Repair,64,64,Probe,14.550583,600.0,64.0,,,,Probe,False,False,0,history0
chain,No Repair,65,65,Probe,14.378958,600.0,65.0,,,,Probe,False,False,0,history0
chain,No Repair,66,66,GbgCollect,0.025042000000000002,,17.0,,,,GbgCollect,False,False,0,history0
chain,No Repair,67,67,Probe,14.428042,600.0,67.0,,,,Probe,False,False,0,history0
chain,No Repair,68,68,RecentScan,16.689459,,68.0,,,,RecentScan,False,False,0,history0
chain,No Repair,69,69,Probe,14.13425,600.0,69.0,,,,Probe,False,False,0,history0
chain,No Repair,70,70,RecentScan,14.866334,,70.0,,,,RecentScan,False,False,0,history0
chain,No Repair,71,71,Probe,15.553917,600.0,71.0,,,,Probe,False,False,0,history0
chain,No Repair,72,72,RecentScan,15.553833,,72.0,,,,RecentScan,False,False,0,history0
chain,No Repair,73,73,Probe,15.027583,600.0,73.0,,,,Probe,False,False,0,history0
chain,No Repair,74,74,Probe,14.000958,600.0,74.0,,,,Probe,False,False,0,history0
chain,No Repair,75,75,GbgCollect,0.028667,,31.0,,,,GbgCollect,False,False,0,history0
chain,No Repair,76,76,RecentScan,15.262958,,76.0,,,,RecentScan,False,False,0,history0
chain,No Repair,77,77,RecentScan,15.8995,,77.0,,,,RecentScan,False,False,0,history0
chain,No Repair,78,78,RecentScan,15.445458,,78.0,,,,RecentScan,False,False,0,history0
chain,No Repair,79,79,RecentScan,15.288584,,79.0,,,,RecentScan,False,False,0,history0
chain,No Repair,80,80,Probe,14.336834,600.0,80.0,,,,Probe,False,False,0,history0
chain,No Repair,81,81,Update,0.860208,6.0,,,,,Update,False,False,0,history0
chain,No Repair,82,82,BuildSnap,0.0,,82.0,,,,MarkTs,False,False,0,history0
chain,No Repair,83,83,Update,0.5529160000000001,6.0,,,,,Update,False,False,0,history0
chain,No Repair,84,84,RecentScan,16.151875,,84.0,,,,RecentScan,False,False,0,history0
chain,No Repair,85,85,RecentScan,15.29,,85.0,,,,RecentScan,False,False,0,history0
chain,No Repair,86,86,Probe,14.07075,600.0,86.0,,,,Probe,False,False,0,history0
chain,No Repair,87,87,RecentScan,15.532125,,87.0,,,,RecentScan,False,False,0,history0
chain,No Repair,88,88,Probe,14.61525,600.0,88.0,,,,Probe,False,False,0,history0
chain,No Repair,89,89,Probe,15.47975,600.0,89.0,,,,Probe,False,False,0,history0
chain,No Repair,90,90,RecentScan,16.20975,,90.0,,,,RecentScan,False,False,0,history0
chain,No Repair,91,91,Update,0.794791,6.0,,,,,Update,False,False,0,history0
chain,No Repair,92,92,BuildSnap,0.0,,92.0,,,,MarkTs,False,False,0,history0
chain,No Repair,93,93,Probe,14.469042,600.0,93.0,,,,Probe,False,False,0,history0
chain,No Repair,94,94,RecentScan,16.354,,94.0,,,,RecentScan,False,False,0,history0
chain,No Repair,95,95,Update,0.7342920000000001,6.0,,,,,Update,False,False,0,history0
chain,No Repair,96,96,RecentScan,15.050584,,96.0,,,,RecentScan,False,False,0,history0
chain,No Repair,97,97,Probe,16.007125,600.0,97.0,,,,Probe,False,False,0,history0
chain,No Repair,98,98,Probe,13.834625,600.0,98.0,,,,Probe,False,False,0,history0
chain,No Repair,99,99,RecentScan,15.827958,,99.0,,,,RecentScan,False,False,0,history0
chain,No Repair,100,100,Probe,14.618708,600.0,100.0,,,,Probe,False,False,0,history0
chain,No Repair,101,101,RecentScan,15.577875,,101.0,,,,RecentScan,False,False,0,history0
chain,No Repair,102,102,Probe,15.571,600.0,102.0,,,,Probe,False,False,0,history0
chain,No Repair,103,103,RecentScan,13.897375,,103.0,,,,RecentScan,False,False,0,history0
chain,No Repair,104,104,Update,0.78125,6.0,,,,,Update,False,False,0,history0
chain,No Repair,105,105,BuildSnap,0.0,,105.0,,,,MarkTs,False,False,0,history0
chain,No Repair,106,106,Probe,15.388292,600.0,106.0,,,,Probe,False,False,0,history0
chain,No Repair,107,107,Update,0.632667,6.0,,,,,Update,False,False,0,history0
chain,No Repair,108,108,Probe,13.164041,600.0,108.0,,,,Probe,False,False,0,history0
chain,No Repair,109,109,Update,0.633667,6.0,,,,,Update,False,False,0,history0
chain,No Repair,110,110,BuildSnap,0.0,,110.0,,,,MarkTs,False,False,0,history0
chain,No Repair,111,111,Probe,14.786166,600.0,111.0,,,,Probe,False,False,0,history0
chain,No Repair,112,112,RecentScan,16.390459,,112.0,,,,RecentScan,False,False,0,history0
chain,No Repair,113,113,Probe,14.875625,600.0,113.0,,,,Probe,False,False,0,history0
chain,No Repair,114,114,RecentScan,16.290459,,114.0,,,,RecentScan,False,False,0,history0
chain,No Repair,115,115,RecentScan,14.523458,,115.0,,,,RecentScan,False,False,0,history0
chain,No Repair,116,116,Probe,15.456542,600.0,116.0,,,,Probe,False,False,0,history0
chain,No Repair,117,117,RecentScan,15.772167,,117.0,,,,RecentScan,False,False,0,history0
chain,Read Repair,0,0,InitLoad,19.00525,60000.0,,,,,InitLoad,False,False,0,history0
chain,Read Repair,1,1,BuildSnap,0.0,,1.0,,,,MarkTs,False,False,0,history0
chain,Read Repair,2,2,Update,1.317291,6.0,,,,,Update,False,False,0,history0
chain,Read Repair,3,3,BuildSnap,0.0,,3.0,,,,MarkTs,False,False,0,history0
chain,Read Repair,4,4,RecentScan,15.195083,,4.0,,,,RecentScan,False,False,0,history0
chain,Read Repair,5,5,Update,1.022083,6.0,,,,,Update,False,False,0,history0
chain,Read Repair,6,6,RecentScan,15.242667,,6.0,,,,RecentScan,False,False,0,history0
chain,Read Repair,7,7,HistoryScan,15.136833,,1.0,,,,HistoryScan,True,False,0,history0
chain,Read Repair,8,8,Update,0.793042,6.0,,,,,Update,False,False,0,history0
chain,Read Repair,9,9,BuildSnap,0.0,,9.0,,,,MarkTs,False,False,0,history0
chain,Read Repair,10,10,RecentScan,15.28125,,10.0,,,,RecentScan,False,False,0,history0
chain,Read Repair,11,11,Update,0.701041,6.0,,,,,Update,False,False,0,history0
chain,Read Repair,12,12,RecentScan,14.919583,,12.0,,,,RecentScan,False,False,0,history0
chain,Read Repair,13,13,RecentScan,15.676459,,13.0,,,,RecentScan,False,False,0,history0
chain,Read Repair,14,14,Probe,15.243292,600.0,14.0,,,,Probe,False,False,0,history0
chain,Read Repair,15,15,GbgCollect,0.024332999999999997,,1.0,,,,GbgCollect,False,False,0,history0
chain,Read Repair,16,16,Update,0.79725,6.0,,,,,Update,False,False,0,history0
chain,Read Repair,17,17,BuildSnap,0.0,,17.0,,,,MarkTs,False,False,0,history0
chain,Read Repair,18,18,Update,0.489791,6.0,,,,,Update,False,False,0,history0
chain,Read Repair,19,19,Probe,14.737458,600.0,19.0,,,,Probe,False,False,0,history0
chain,Read Repair,20,20,RecentScan,15.780625,,20.0,,,,RecentScan,False,False,0,history0
chain,Read Repair,21,21,RecentScan,15.10875,,21.0,,,,RecentScan,False,False,0,history0
chain,Read Repair,22,22,RecentScan,15.292958,,22.0,,,,RecentScan,False,False,0,history0
chain,Read Repair,23,23,Probe,14.183083,600.0,23.0,,,,Probe,False,False,0,history0
chain,Read Repair,24,24,Probe,14.317042,600.0,24.0,,,,Probe,False,False,0,history0
chain,Read Repair,25,25,Probe,13.479666,600.0,25.0,,,,Probe,False,False,0,history0
chain,Read Repair,26,26,RecentScan,15.993542,,26.0,,,,RecentScan,False,False,0,history0
chain,Read Repair,27,27,Probe,15.00175,600.0,27.0,,,,Probe,False,False,0,history0
chain,Read Repair,28,28,GbgCollect,0.024458999999999998,,3.0,,,,GbgCollect,False,False,0,history0
chain,Read Repair,29,29,RecentScan,15.842417,,29.0,,,,RecentScan,False,False,0,history0
chain,Read Repair,30,30,Update,0.82525,6.0,,,,,Update,False,False,0,history0
chain,Read Repair,31,31,BuildSnap,0.0,,31.0,,,,MarkTs,False,False,0,history0
chain,Read Repair,32,32,Probe,15.574666,600.0,32.0,,,,Probe,False,False,0,history0
chain,Read Repair,33,33,Probe,13.919167,600.0,33.0,,,,Probe,False,False,0,history0
chain,Read Repair,34,34,Update,0.8267089999999999,6.0,,,,,Update,False,False,0,history0
chain,Read Repair,35,35,RecentScan,16.544708,,35.0,,,,RecentScan,False,False,0,history0
chain,Read Repair,36,36,RecentScan,15.225375,,36.0,,,,RecentScan,False,False,0,history0
chain,Read Repair,37,37,Update,0.7225410000000001,6.0,,,,,Update,False,False,0,history0
chain,Read Repair,38,38,BuildSnap,0.0,,38.0,,,,MarkTs,False,False,0,history0
chain,Read Repair,39,39,GbgCollect,0.030125,,9.0,,,,GbgCollect,False,False,0,history0
chain,Read Repair,40,40,Probe,14.799,600.0,40.0,,,,Probe,False,False,0,history0
chain,Read Repair,41,41,Update,0.577125,6.0,,,,,Update,False,False,0,history0
chain,Read Repair,42,42,RecentScan,15.372667,,42.0,,,,RecentScan,False,False,0,history0
chain,Read Repair,43,43,Probe,15.258459,600.0,43.0,,,,Probe,False,False,0,history0
chain,Read Repair,44,44,Probe,14.308416,600.0,44.0,,,,Probe,False,False,0,history0
chain,Read Repair,45,45,Update,0.805833,6.0,,,,,Update,False,False,0,history0
chain,Read Repair,46,46,BuildSnap,0.0,,46.0,,,,MarkTs,False,False,0,history0
chain,Read Repair,47,47,Probe,14.276,600.0,47.0,,,,Probe,False,False,0,history0
chain,Read Repair,48,48,RecentScan,15.36,,48.0,,,,RecentScan,False,False,0,history0
chain,Read Repair,49,49,RecentScan,15.926292,,49.0,,,,RecentScan,False,False,0,history0
chain,Read Repair,50,50,Probe,14.865625,600.0,50.0,,,,Probe,False,False,0,history0
chain,Read Repair,51,51,RecentScan,16.1715,,51.0,,,,RecentScan,False,False,0,history0
chain,Read Repair,52,52,Update,0.901042,6.0,,,,,Update,False,False,0,history0
chain,Read Repair,53,53,Update,0.487959,6.0,,,,,Update,False,False,0,history0
chain,Read Repair,54,54,BuildSnap,0.0,,54.0,,,,MarkTs,False,False,0,history0
chain,Read Repair,55,55,RecentScan,14.99825,,55.0,,,,RecentScan,False,False,0,history0
chain,Read Repair,56,56,Update,0.711875,6.0,,,,,Update,False,False,0,history0
chain,Read Repair,57,57,Probe,15.459958,600.0,57.0,,,,Probe,False,False,0,history0
chain,Read Repair,58,58,RecentScan,15.632416,,58.0,,,,RecentScan,False,False,0,history0
chain,Read Repair,59,59,Probe,14.072416,600.0,59.0,,,,Probe,False,False,0,history0
chain,Read Repair,60,60,RecentScan,16.306667,,60.0,,,,RecentScan,False,False,0,history0
chain,Read Repair,61,61,RecentScan,17.119458,,61.0,,,,RecentScan,False,False,0,history0
chain,Read Repair,62,62,Probe,15.878167,600.0,62.0,,,,Probe,False,False,0,history0
chain,Read Repair,63,63,Probe,14.93075,600.0,63.0,,,,Probe,False,False,0,history0
chain,Read Repair,64,64,Probe,14.115792,600.0,64.0,,,,Probe,False,False,0,history0
chain,Read Repair,65,65,Probe,14.225,600.0,65.0,,,,Probe,False,False,0,history0
chain,Read Repair,66,66,GbgCollect,0.026792000000000003,,17.0,,,,GbgCollect,False,False,0,history0
chain,Read Repair,67,67,Probe,14.365584,600.0,67.0,,,,Probe,False,False,0,history0
chain,Read Repair,68,68,RecentScan,17.200041,,68.0,,,,RecentScan,False,False,0,history0
chain,Read Repair,69,69,Probe,14.693,600.0,69.0,,,,Probe,False,False,0,history0
chain,Read Repair,70,70,RecentScan,15.951125,,70.0,,,,RecentScan,False,False,0,history0
chain,Read Repair,71,71,Probe,14.80025,600.0,71.0,,,,Probe,False,False,0,history0
chain,Read Repair,72,72,RecentScan,15.772792,,72.0,,,,RecentScan,False,False,0,history0
chain,Read Repair,73,73,Probe,14.252292,600.0,73.0,,,,Probe,False,False,0,history0
chain,Read Repair,74,74,Probe,13.599042,600.0,74.0,,,,Probe,False,False,0,history0
chain,Read Repair,75,75,GbgCollect,0.026208,,31.0,,,,GbgCollect,False,False,0,history0
chain,Read Repair,76,76,RecentScan,14.734667,,76.0,,,,RecentScan,False,False,0,history0
chain,Read Repair,77,77,RecentScan,13.955125,,77.0,,,,RecentScan,False,False,0,history0
chain,Read Repair,78,78,RecentScan,16.682584,,78.0,,,,RecentScan,False,False,0,history0
chain,Read Repair,79,79,RecentScan,15.823458,,79.0,,,,RecentScan,False,False,0,history0
chain,Read Repair,80,80,Probe,14.542583,600.0,80.0,,,,Probe,False,False,0,history0
chain,Read Repair,81,81,Update,0.838,6.0,,,,,Update,False,False,0,history0
chain,Read Repair,82,82,BuildSnap,0.0,,82.0,,,,MarkTs,False,False,0,history0
chain,Read Repair,83,83,Update,0.552625,6.0,,,,,Update,False,False,0,history0
chain,Read Repair,84,84,RecentScan,15.567667,,84.0,,,,RecentScan,False,False,0,history0
chain,Read Repair,85,85,RecentScan,16.114791,,85.0,,,,RecentScan,False,False,0,history0
chain,Read Repair,86,86,Probe,14.086042,600.0,86.0,,,,Probe,False,False,0,history0
chain,Read Repair,87,87,RecentScan,16.321042,,87.0,,,,RecentScan,False,False,0,history0
chain,Read Repair,88,88,Probe,14.825333,600.0,88.0,,,,Probe,False,False,0,history0
chain,Read Repair,89,89,Probe,14.694166,600.0,89.0,,,,Probe,False,False,0,history0
chain,Read Repair,90,90,RecentScan,15.292375,,90.0,,,,RecentScan,False,False,0,history0
chain,Read Repair,91,91,Update,0.7592089999999999,6.0,,,,,Update,False,False,0,history0
chain,Read Repair,92,92,BuildSnap,0.0,,92.0,,,,MarkTs,False,False,0,history0
chain,Read Repair,93,93,Probe,14.522792,600.0,93.0,,,,Probe,False,False,0,history0
chain,Read Repair,94,94,RecentScan,14.214791,,94.0,,,,RecentScan,False,False,0,history0
chain,Read Repair,95,95,Update,0.852084,6.0,,,,,Update,False,False,0,history0
chain,Read Repair,96,96,RecentScan,14.426917,,96.0,,,,RecentScan,False,False,0,history0
chain,Read Repair,97,97,Probe,16.940625,600.0,97.0,,,,Probe,False,False,0,history0
chain,Read Repair,98,98,Probe,14.83225,600.0,98.0,,,,Probe,False,False,0,history0
chain,Read Repair,99,99,RecentScan,15.545625,,99.0,,,,RecentScan,False,False,0,history0
chain,Read Repair,100,100,Probe,15.403166,600.0,100.0,,,,Probe,False,False,0,history0
chain,Read Repair,101,101,RecentScan,16.708667,,101.0,,,,RecentScan,False,False,0,history0
chain,Read Repair,102,102,Probe,15.809,600.0,102.0,,,,Probe,False,False,0,history0
chain,Read Repair,103,103,RecentScan,15.840417,,103.0,,,,RecentScan,False,False,0,history0
chain,Read Repair,104,104,Update,0.806708,6.0,,,,,Update,False,False,0,history0
chain,Read Repair,105,105,BuildSnap,0.0,,105.0,,,,MarkTs,False,False,0,history0
chain,Read Repair,106,106,Probe,15.963834,600.0,106.0,,,,Probe,False,False,0,history0
chain,Read Repair,107,107,Update,0.618458,6.0,,,,,Update,False,False,0,history0
chain,Read Repair,108,108,Probe,13.538,600.0,108.0,,,,Probe,False,False,0,history0
chain,Read Repair,109,109,Update,0.585667,6.0,,,,,Update,False,False,0,history0
chain,Read Repair,110,110,BuildSnap,0.0,,110.0,,,,MarkTs,False,False,0,history0
chain,Read Repair,111,111,Probe,15.111208,600.0,111.0,,,,Probe,False,False,0,history0
chain,Read Repair,112,112,RecentScan,15.527459,,112.0,,,,RecentScan,False,False,0,history0
chain,Read Repair,113,113,Probe,15.291584,600.0,113.0,,,,Probe,False,False,0,history0
chain,Read Repair,114,114,RecentScan,17.192667,,114.0,,,,RecentScan,False,False,0,history0
chain,Read Repair,115,115,RecentScan,16.317667,,115.0,,,,RecentScan,False,False,0,history0
chain,Read Repair,116,116,Probe,15.741291,600.0,116.0,,,,Probe,False,False,0,history0
chain,Read Repair,117,117,RecentScan,16.814334,,117.0,,,,RecentScan,False,False,0,history0
chain,Write Repair,0,0,InitLoad,19.939583,60000.0,,,,,InitLoad,False,False,0,history0
chain,Write Repair,1,1,BuildSnap,0.0,,1.0,,,,MarkTs,False,False,0,history0
chain,Write Repair,2,2,Update,1.045333,6.0,,,,,Update,False,False,0,history0
chain,Write Repair,3,3,BuildSnap,0.0,,3.0,,,,MarkTs,False,False,0,history0
chain,Write Repair,4,4,RecentScan,17.059417,,4.0,,,,RecentScan,False,False,0,history0
chain,Write Repair,5,5,Update,0.941791,6.0,,,,,Update,False,False,0,history0
chain,Write Repair,6,6,RecentScan,16.939583,,6.0,,,,RecentScan,False,False,0,history0
chain,Write Repair,7,7,HistoryScan,15.575084,,1.0,,,,HistoryScan,True,False,0,history0
chain,Write Repair,8,8,Update,0.798375,6.0,,,,,Update,False,False,0,history0
chain,Write Repair,9,9,BuildSnap,0.0,,9.0,,,,MarkTs,False,False,0,history0
chain,Write Repair,10,10,RecentScan,14.644416,,10.0,,,,RecentScan,False,False,0,history0
chain,Write Repair,11,11,Update,0.642167,6.0,,,,,Update,False,False,0,history0
chain,Write Repair,12,12,RecentScan,14.745792,,12.0,,,,RecentScan,False,False,0,history0
chain,Write Repair,13,13,RecentScan,14.941209,,13.0,,,,RecentScan,False,False,0,history0
chain,Write Repair,14,14,Probe,15.582417,600.0,14.0,,,,Probe,False,False,0,history0
chain,Write Repair,15,15,GbgCollect,0.025167000000000002,,1.0,,,,GbgCollect,False,False,0,history0
chain,Write Repair,16,16,Update,0.798083,6.0,,,,,Update,False,False,0,history0
chain,Write Repair,17,17,BuildSnap,0.0,,17.0,,,,MarkTs,False,False,0,history0
chain,Write Repair,18,18,Update,0.48475,6.0,,,,,Update,False,False,0,history0
chain,Write Repair,19,19,Probe,14.951708,600.0,19.0,,,,Probe,False,False,0,history0
chain,Write Repair,20,20,RecentScan,15.402792,,20.0,,,,RecentScan,False,False,0,history0
chain,Write Repair,21,21,RecentScan,13.969292,,21.0,,,,RecentScan,False,False,0,history0
chain,Write Repair,22,22,RecentScan,14.327125,,22.0,,,,RecentScan,False,False,0,history0
chain,Write Repair,23,23,Probe,14.260166,600.0,23.0,,,,Probe,False,False,0,history0
chain,Write Repair,24,24,Probe,14.537084,600.0,24.0,,,,Probe,False,False,0,history0
chain,Write Repair,25,25,Probe,13.843209,600.0,25.0,,,,Probe,False,False,0,history0
chain,Write Repair,26,26,RecentScan,15.874291,,26.0,,,,RecentScan,False,False,0,history0
chain,Write Repair,27,27,Probe,15.442875,600.0,27.0,,,,Probe,False,False,0,history0
chain,Write Repair,28,28,GbgCollect,0.025916,,3.0,,,,GbgCollect,False,False,0,history0
chain,Write Repair,29,29,RecentScan,15.565708,,29.0,,,,RecentScan,False,False,0,history0
chain,Write Repair,30,30,Update,0.780166,6.0,,,,,Update,False,False,0,history0
chain,Write Repair,31,31,BuildSnap,0.0,,31.0,,,,MarkTs,False,False,0,history0
chain,Write Repair,32,32,Probe,15.563208,600.0,32.0,,,,Probe,False,False,0,history0
chain,Write Repair,33,33,Probe,13.258166,600.0,33.0,,,,Probe,False,False,0,history0
chain,Write Repair,34,34,Update,0.7495,6.0,,,,,Update,False,False,0,history0
chain,Write Repair,35,35,RecentScan,15.762625,,35.0,,,,RecentScan,False,False,0,history0
chain,Write Repair,36,36,RecentScan,15.681375,,36.0,,,,RecentScan,False,False,0,history0
chain,Write Repair,37,37,Update,0.71225,6.0,,,,,Update,False,False,0,history0
chain,Write Repair,38,38,BuildSnap,0.0,,38.0,,,,MarkTs,False,False,0,history0
chain,Write Repair,39,39,GbgCollect,0.021792000000000002,,9.0,,,,GbgCollect,False,False,0,history0
chain,Write Repair,40,40,Probe,14.632208,600.0,40.0,,,,Probe,False,False,0,history0
chain,Write Repair,41,41,Update,0.6761670000000001,6.0,,,,,Update,False,False,0,history0
chain,Write Repair,42,42,RecentScan,15.659917,,42.0,,,,RecentScan,False,False,0,history0
chain,Write Repair,43,43,Probe,14.891917,600.0,43.0,,,,Probe,False,False,0,history0
chain,Write Repair,44,44,Probe,14.306292,600.0,44.0,,,,Probe,False,False,0,history0
chain,Write Repair,45,45,Update,0.811542,6.0,,,,,Update,False,False,0,history0
chain,Write Repair,46,46,BuildSnap,0.0,,46.0,,,,MarkTs,False,False,0,history0
chain,Write Repair,47,47,Probe,14.501791,600.0,47.0,,,,Probe,False,False,0,history0
chain,Write Repair,48,48,RecentScan,16.055209,,48.0,,,,RecentScan,False,False,0,history0
chain,Write Repair,49,49,RecentScan,15.832708,,49.0,,,,RecentScan,False,False,0,history0
chain,Write Repair,50,50,Probe,14.493709,600.0,50.0,,,,Probe,False,False,0,history0
chain,Write Repair,51,51,RecentScan,16.021292,,51.0,,,,RecentScan,False,False,0,history0
chain,Write Repair,52,52,Update,0.776334,6.0,,,,,Update,False,False,0,history0
chain,Write Repair,53,53,Update,0.40845800000000004,6.0,,,,,Update,False,False,0,history0
chain,Write Repair,54,54,BuildSnap,0.0,,54.0,,,,MarkTs,False,False,0,history0
chain,Write Repair,55,55,RecentScan,15.611,,55.0,,,,RecentScan,False,False,0,history0
chain,Write Repair,56,56,Update,0.695875,6.0,,,,,Update,False,False,0,history0
chain,Write Repair,57,57,Probe,14.566291,600.0,57.0,,,,Probe,False,False,0,history0
chain,Write Repair,58,58,RecentScan,16.08475,,58.0,,,,RecentScan,False,False,0,history0
chain,Write Repair,59,59,Probe,14.541708,600.0,59.0,,,,Probe,False,False,0,history0
chain,Write Repair,60,60,RecentScan,16.122667,,60.0,,,,RecentScan,False,False,0,history0
chain,Write Repair,61,61,RecentScan,15.607209,,61.0,,,,RecentScan,False,False,0,history0
chain,Write Repair,62,62,Probe,16.243667,600.0,62.0,,,,Probe,False,False,0,history0
chain,Write Repair,63,63,Probe,14.284583,600.0,63.0,,,,Probe,False,False,0,history0
chain,Write Repair,64,64,Probe,14.441458,600.0,64.0,,,,Probe,False,False,0,history0
chain,Write Repair,65,65,Probe,14.719416,600.0,65.0,,,,Probe,False,False,0,history0
chain,Write Repair,66,66,GbgCollect,0.028167,,17.0,,,,GbgCollect,False,False,0,history0
chain,Write Repair,67,67,Probe,14.294084,600.0,67.0,,,,Probe,False,False,0,history0
chain,Write Repair,68,68,RecentScan,16.166708,,68.0,,,,RecentScan,False,False,0,history0
chain,Write Repair,69,69,Probe,14.376375,600.0,69.0,,,,Probe,False,False,0,history0
chain,Write Repair,70,70,RecentScan,16.066458,,70.0,,,,RecentScan,False,False,0,history0
chain,Write Repair,71,71,Probe,15.652834,600.0,71.0,,,,Probe,False,False,0,history0
chain,Write Repair,72,72,RecentScan,15.558292,,72.0,,,,RecentScan,False,False,0,history0
chain,Write Repair,73,73,Probe,15.929334,600.0,73.0,,,,Probe,False,False,0,history0
chain,Write Repair,74,74,Probe,14.385125,600.0,74.0,,,,Probe,False,False,0,history0
chain,Write Repair,75,75,GbgCollect,0.032333,,31.0,,,,GbgCollect,False,False,0,history0
chain,Write Repair,76,76,RecentScan,15.204375,,76.0,,,,RecentScan,False,False,0,history0
chain,Write Repair,77,77,RecentScan,15.595417,,77.0,,,,RecentScan,False,False,0,history0
chain,Write Repair,78,78,RecentScan,16.005959,,78.0,,,,RecentScan,False,False,0,history0
chain,Write Repair,79,79,RecentScan,16.066709,,79.0,,,,RecentScan,False,False,0,history0
chain,Write Repair,80,80,Probe,15.0725,600.0,80.0,,,,Probe,False,False,0,history0
chain,Write Repair,81,81,Update,0.815583,6.0,,,,,Update,False,False,0,history0
chain,Write Repair,82,82,BuildSnap,0.0,,82.0,,,,MarkTs,False,False,0,history0
chain,Write Repair,83,83,Update,0.49279199999999995,6.0,,,,,Update,False,False,0,history0
chain,Write Repair,84,84,RecentScan,16.613625,,84.0,,,,RecentScan,False,False,0,history0
chain,Write Repair,85,85,RecentScan,16.38625,,85.0,,,,RecentScan,False,False,0,history0
chain,Write Repair,86,86,Probe,14.732083,600.0,86.0,,,,Probe,False,False,0,history0
chain,Write Repair,87,87,RecentScan,17.421791,,87.0,,,,RecentScan,False,False,0,history0
chain,Write Repair,88,88,Probe,15.049792,600.0,88.0,,,,Probe,False,False,0,history0
chain,Write Repair,89,89,Probe,15.404917,600.0,89.0,,,,Probe,False,False,0,history0
chain,Write Repair,90,90,RecentScan,17.064833,,90.0,,,,RecentScan,False,False,0,history0
chain,Write Repair,91,91,Update,0.837416,6.0,,,,,Update,False,False,0,history0
chain,Write Repair,92,92,BuildSnap,0.0,,92.0,,,,MarkTs,False,False,0,history0
chain,Write Repair,93,93,Probe,15.0495,600.0,93.0,,,,Probe,False,False,0,history0
chain,Write Repair,94,94,RecentScan,17.253958,,94.0,,,,RecentScan,False,False,0,history0
chain,Write Repair,95,95,Update,0.8331660000000001,6.0,,,,,Update,False,False,0,history0
chain,Write Repair,96,96,RecentScan,16.451584,,96.0,,,,RecentScan,False,False,0,history0
chain,Write Repair,97,97,Probe,16.508792,600.0,97.0,,,,Probe,False,False,0,history0
chain,Write Repair,98,98,Probe,14.158667,600.0,98.0,,,,Probe,False,False,0,history0
chain,Write Repair,99,99,RecentScan,16.223583,,99.0,,,,RecentScan,False,False,0,history0
chain,Write Repair,100,100,Probe,15.109375,600.0,100.0,,,,Probe,False,False,0,history0
chain,Write Repair,101,101,RecentScan,16.214208,,101.0,,,,RecentScan,False,False,0,history0
chain,Write Repair,102,102,Probe,15.326125,600.0,102.0,,,,Probe,False,False,0,history0
chain,Write Repair,103,103,RecentScan,15.596208,,103.0,,,,RecentScan,False,False,0,history0
chain,Write Repair,104,104,Update,0.768708,6.0,,,,,Update,False,False,0,history0
chain,Write Repair,105,105,BuildSnap,0.0,,105.0,,,,MarkTs,False,False,0,history0
chain,Write Repair,106,106,Probe,15.990292,600.0,106.0,,,,Probe,False,False,0,history0
chain,Write Repair,107,107,Update,0.7159589999999999,6.0,,,,,Update,False,False,0,history0
chain,Write Repair,108,108,Probe,13.135083,600.0,108.0,,,,Probe,False,False,0,history0
chain,Write Repair,109,109,Update,0.722542,6.0,,,,,Update,False,False,0,history0
chain,Write Repair,110,110,BuildSnap,0.0,,110.0,,,,MarkTs,False,False,0,history0
chain,Write Repair,111,111,Probe,14.512792,600.0,111.0,,,,Probe,False,False,0,history0
chain,Write Repair,112,112,RecentScan,16.692958,,112.0,,,,RecentScan,False,False,0,history0
chain,Write Repair,113,113,Probe,15.255667,600.0,113.0,,,,Probe,False,False,0,history0
chain,Write Repair,114,114,RecentScan,17.388333,,114.0,,,,RecentScan,False,False,0,history0
chain,Write Repair,115,115,RecentScan,16.243792,,115.0,,,,RecentScan,False,False,0,history0
chain,Write Repair,116,116,Probe,15.651042,600.0,116.0,,,,Probe,False,False,0,history0
chain,Write Repair,117,117,RecentScan,16.497083,,117.0,,,,RecentScan,False,False,0,history0
par,No Repair,0,0,InitLoad,18.9315,60000.0,,,,,InitLoad,False,False,0,history0
par,No Repair,1,1,BuildSnap,0.23516700000000001,,1.0,,,,MarkTs,False,False,0,history0
par,No Repair,2,2,Update,0.010542,6.0,,,,,Update,False,False,0,history0
par,No Repair,3,3,BuildSnap,0.010833,,3.0,,,,MarkTs,False,False,0,history0
par,No Repair,4,4,RecentScan,21.247625,,4.0,,,,RecentScan,False,False,0,history0
par,No Repair,5,5,Update,0.028084,6.0,,,,,Update,False,False,0,history0
par,No Repair,6,6,RecentScan,21.847875,,6.0,,,,RecentScan,False,False,0,history0
par,No Repair,7,7,HistoryScan,20.16525,,1.0,,,,HistoryScan,True,False,0,history0
par,No Repair,8,8,Update,0.017958,6.0,,,,,Update,False,False,0,history0
par,No Repair,9,9,BuildSnap,0.018292000000000003,,9.0,,,,MarkTs,False,False,0,history0
par,No Repair,10,10,RecentScan,20.312167,,10.0,,,,RecentScan,False,False,0,history0
par,No Repair,11,11,Update,0.013959,6.0,,,,,Update,False,False,0,history0
par,No Repair,12,12,RecentScan,20.280292,,12.0,,,,RecentScan,False,False,0,history0
par,No Repair,13,13,RecentScan,19.946125,,13.0,,,,RecentScan,False,False,0,history0
par,No Repair,14,14,Probe,21.587166,600.0,14.0,,,,Probe,False,False,0,history0
par,No Repair,15,15,GbgCollect,11.200125,,1.0,,,,GbgCollect,False,False,0,history0
par,No Repair,16,16,Update,0.005875,6.0,,,,,Update,False,False,0,history0
par,No Repair,17,17,BuildSnap,0.281667,,17.0,,,,MarkTs,False,False,0,history0
par,No Repair,18,18,Update,0.011625,6.0,,,,,Update,False,False,0,history0
par,No Repair,19,19,Probe,20.986709,600.0,19.0,,,,Probe,False,False,0,history0
par,No Repair,20,20,RecentScan,20.140375,,20.0,,,,RecentScan,False,False,0,history0
par,No Repair,21,21,RecentScan,20.09075,,21.0,,,,RecentScan,False,False,0,history0
par,No Repair,22,22,RecentScan,20.453042,,22.0,,,,RecentScan,False,False,0,history0
par,No Repair,23,23,Probe,19.95175,600.0,23.0,,,,Probe,False,False,0,history0
par,No Repair,24,24,Probe,20.0655,600.0,24.0,,,,Probe,False,False,0,history0
par,No Repair,25,25,Probe,18.950708,600.0,25.0,,,,Probe,False,False,0,history0
par,No Repair,26,26,RecentScan,20.966916,,26.0,,,,RecentScan,False,False,0,history0
par,No Repair,27,27,Probe,21.353792,600.0,27.0,,,,Probe,False,False,0,history0
par,No Repair,28,28,GbgCollect,11.093208,,3.0,,,,GbgCollect,False,False,0,history0
par,No Repair,29,29,RecentScan,20.752417,,29.0,,,,RecentScan,False,False,0,history0
par,No Repair,30,30,Update,0.010291999999999999,6.0,,,,,Update,False,False,0,history0
par,No Repair,31,31,BuildSnap,0.048875,,31.0,,,,MarkTs,False,False,0,history0
par,No Repair,32,32,Probe,23.01625,600.0,32.0,,,,Probe,False,False,0,history0
par,No Repair,33,33,Probe,19.26825,600.0,33.0,,,,Probe,False,False,0,history0
par,No Repair,34,34,Update,0.008958,6.0,,,,,Update,False,False,0,history0
par,No Repair,35,35,RecentScan,20.262083,,35.0,,,,RecentScan,False,False,0,history0
par,No Repair,36,36,RecentScan,20.566708,,36.0,,,,RecentScan,False,False,0,history0
par,No Repair,37,37,Update,0.014209,6.0,,,,,Update,False,False,0,history0
par,No Repair,38,38,BuildSnap,0.049417,,38.0,,,,MarkTs,False,False,0,history0
par,No Repair,39,39,GbgCollect,11.591458,,9.0,,,,GbgCollect,False,False,0,history0
par,No Repair,40,40,Probe,21.621125,600.0,40.0,,,,Probe,False,False,0,history0
par,No Repair,41,41,Update,0.008375,6.0,,,,,Update,False,False,0,history0
par,No Repair,42,42,RecentScan,20.420417,,42.0,,,,RecentScan,False,False,0,history0
par,No Repair,43,43,Probe,22.236959,600.0,43.0,,,,Probe,False,False,0,history0
par,No Repair,44,44,Probe,20.965834,600.0,44.0,,,,Probe,False,False,0,history0
par,No Repair,45,45,Update,0.011625,6.0,,,,,Update,False,False,0,history0
par,No Repair,46,46,BuildSnap,0.032959,,46.0,,,,MarkTs,False,False,0,history0
par,No Repair,47,47,Probe,20.565208,600.0,47.0,,,,Probe,False,False,0,history0
par,No Repair,48,48,RecentScan,20.245541,,48.0,,,,RecentScan,False,False,0,history0
par,No Repair,49,49,RecentScan,20.663666,,49.0,,,,RecentScan,False,False,0,history0
par,No Repair,50,50,Probe,20.568167,600.0,50.0,,,,Probe,False,False,0,history0
par,No Repair,51,51,RecentScan,20.261833,,51.0,,,,RecentScan,False,False,0,history0
par,No Repair,52,52,Update,0.012875,6.0,,,,,Update,False,False,0,history0
par,No Repair,53,53,Update,0.008666,6.0,,,,,Update,False,False,0,history0
par,No Repair,54,54,BuildSnap,0.442583,,54.0,,,,MarkTs,False,False,0,history0
par,No Repair,55,55,RecentScan,20.433334,,55.0,,,,RecentScan,False,False,0,history0
par,No Repair,56,56,Update,0.014375,6.0,,,,,Update,False,False,0,history0
par,No Repair,57,57,Probe,22.107083,600.0,57.0,,,,Probe,False,False,0,history0
par,No Repair,58,58,RecentScan,20.258125,,58.0,,,,RecentScan,False,False,0,history0
par,No Repair,59,59,Probe,20.030916,600.0,59.0,,,,Probe,False,False,0,history0
par,No Repair,60,60,RecentScan,20.754416,,60.0,,,,RecentScan,False,False,0,history0
par,No Repair,61,61,RecentScan,21.110833,,61.0,,,,RecentScan,False,False,0,history0
par,No Repair,62,62,Probe,24.677625,600.0,62.0,,,,Probe,False,False,0,history0
par,No Repair,63,63,Probe,21.51325,600.0,63.0,,,,Probe,False,False,0,history0
par,No Repair,64,64,Probe,21.722375,600.0,64.0,,,,Probe,False,False,0,history0
par,No Repair,65,65,Probe,21.553667,600.0,65.0,,,,Probe,False,False,0,history0
par,No Repair,66,66,GbgCollect,11.934042,,17.0,,,,GbgCollect,False,False,0,history0
par,No Repair,67,67,Probe,22.033583,600.0,67.0,,,,Probe,False,False,0,history0
par,No Repair,68,68,RecentScan,21.252167,,68.0,,,,RecentScan,False,False,0,history0
par,No Repair,69,69,Probe,21.71925,600.0,69.0,,,,Probe,False,False,0,history0
par,No Repair,70,70,RecentScan,20.353667,,70.0,,,,RecentScan,False,False,0,history0
par,No Repair,71,71,Probe,22.49875,600.0,71.0,,,,Probe,False,False,0,history0
par,No Repair,72,72,RecentScan,20.774208,,72.0,,,,RecentScan,False,False,0,history0
par,No Repair,73,73,Probe,21.483167,600.0,73.0,,,,Probe,False,False,0,history0
par,No Repair,74,74,Probe,19.823541,600.0,74.0,,,,Probe,False,False,0,history0
par,No Repair,75,75,GbgCollect,11.315916,,31.0,,,,GbgCollect,False,False,0,history0
par,No Repair,76,76,RecentScan,20.905208,,76.0,,,,RecentScan,False,False,0,history0
par,No Repair,77,77,RecentScan,21.0405,,77.0,,,,RecentScan,False,False,0,history0
par,No Repair,78,78,RecentScan,20.495041,,78.0,,,,RecentScan,False,False,0,history0
par,No Repair,79,79,RecentScan,20.156666,,79.0,,,,RecentScan,False,False,0,history0
par,No Repair,80,80,Probe,22.615292,600.0,80.0,,,,Probe,False,False,0,history0
par,No Repair,81,81,Update,0.0115,6.0,,,,,Update,False,False,0,history0
par,No Repair,82,82,BuildSnap,0.041042,,82.0,,,,MarkTs,False,False,0,history0
par,No Repair,83,83,Update,0.009333000000000001,6.0,,,,,Update,False,False,0,history0
par,No Repair,84,84,RecentScan,20.7855,,84.0,,,,RecentScan,False,False,0,history0
par,No Repair,85,85,RecentScan,20.875792,,85.0,,,,RecentScan,False,False,0,history0
par,No Repair,86,86,Probe,19.851042,600.0,86.0,,,,Probe,False,False,0,history0
par,No Repair,87,87,RecentScan,20.885708,,87.0,,,,RecentScan,False,False,0,history0
par,No Repair,88,88,Probe,22.045958,600.0,88.0,,,,Probe,False,False,0,history0
par,No Repair,89,89,Probe,21.840167,600.0,89.0,,,,Probe,False,False,0,history0
par,No Repair,90,90,RecentScan,20.553833,,90.0,,,,RecentScan,False,False,0,history0
par,No Repair,91,91,Update,0.016542,6.0,,,,,Update,False,False,0,history0
par,No Repair,92,92,BuildSnap,0.061084000000000006,,92.0,,,,MarkTs,False,False,0,history0
par,No Repair,93,93,Probe,21.803,600.0,93.0,,,,Probe,False,False,0,history0
par,No Repair,94,94,RecentScan,20.974458,,94.0,,,,RecentScan,False,False,0,history0
par,No Repair,95,95,Update,0.010833,6.0,,,,,Update,False,False,0,history0
par,No Repair,96,96,RecentScan,20.901208,,96.0,,,,RecentScan,False,False,0,history0
par,No Repair,97,97,Probe,23.739042,600.0,97.0,,,,Probe,False,False,0,history0
par,No Repair,98,98,Probe,20.328708,600.0,98.0,,,,Probe,False,False,0,history0
par,No Repair,99,99,RecentScan,20.563625,,99.0,,,,RecentScan,False,False,0,history0
par,No Repair,100,100,Probe,21.002458,600.0,100.0,,,,Probe,False,False,0,history0
par,No Repair,101,101,RecentScan,20.023666,,101.0,,,,RecentScan,False,False,0,history0
par,No Repair,102,102,Probe,23.256125,600.0,102.0,,,,Probe,False,False,0,history0
par,No Repair,103,103,RecentScan,21.324458,,103.0,,,,RecentScan,False,False,0,history0
par,No Repair,104,104,Update,0.016667,6.0,,,,,Update,False,False,0,history0
par,No Repair,105,105,BuildSnap,0.06175,,105.0,,,,MarkTs,False,False,0,history0
par,No Repair,106,106,Probe,22.932416,600.0,106.0,,,,Probe,False,False,0,history0
par,No Repair,107,107,Update,0.007583,6.0,,,,,Update,False,False,0,history0
par,No Repair,108,108,Probe,19.459083,600.0,108.0,,,,Probe,False,False,0,history0
par,No Repair,109,109,Update,0.008417,6.0,,,,,Update,False,False,0,history0
par,No Repair,110,110,BuildSnap,0.038667,,110.0,,,,MarkTs,False,False,0,history0
par,No Repair,111,111,Probe,21.643791,600.0,111.0,,,,Probe,False,False,0,history0
par,No Repair,112,112,RecentScan,21.024916,,112.0,,,,RecentScan,False,False,0,history0
par,No Repair,113,113,Probe,22.271333,600.0,113.0,,,,Probe,False,False,0,history0
par,No Repair,114,114,RecentScan,20.852,,114.0,,,,RecentScan,False,False,0,history0
par,No Repair,115,115,RecentScan,20.866292,,115.0,,,,RecentScan,False,False,0,history0
par,No Repair,116,116,Probe,22.376834,600.0,116.0,,,,Probe,False,False,0,history0
par,No Repair,117,117,RecentScan,26.08775,,117.0,,,,RecentScan,False,False,0,history0
par,Read Repair,0,0,InitLoad,20.921459,60000.0,,,,,InitLoad,False,False,0,history0
par,Read Repair,1,1,BuildSnap,0.215125,,1.0,,,,MarkTs,False,False,0,history0
par,Read Repair,2,2,Update,0.005959,6.0,,,,,Update,False,False,0,history0
par,Read Repair,3,3,BuildSnap,0.011708,,3.0,,,,MarkTs,False,False,0,history0
par,Read Repair,4,4,RecentScan,29.824292,,4.0,,,,RecentScan,False,False,0,history0
par,Read Repair,5,5,Update,0.014708,6.0,,,,,Update,False,False,0,history0
par,Read Repair,6,6,RecentScan,29.845083,,6.0,,,,RecentScan,False,False,0,history0
par,Read Repair,7,7,HistoryScan,15.23275,,1.0,,,,HistoryScan,True,False,0,history0
par,Read Repair,8,8,Update,0.01,6.0,,,,,Update,False,False,0,history0
par,Read Repair,9,9,BuildSnap,0.015792,,9.0,,,,MarkTs,False,False,0,history0
par,Read Repair,10,10,RecentScan,34.596291,,10.0,,,,RecentScan,False,False,0,history0
par,Read Repair,11,11,Update,0.011416,6.0,,,,,Update,False,False,0,history0
par,Read Repair,12,12,RecentScan,59.224833,,12.0,,,,RecentScan,False,False,0,history0
par,Read Repair,13,13,RecentScan,16.939416,,13.0,,,,RecentScan,False,False,0,history0
par,Read Repair,14,14,Probe,16.535584,600.0,14.0,,,,Probe,False,False,0,history0
par,Read Repair,15,15,GbgCollect,10.664625,,1.0,,,,GbgCollect,False,False,0,history0
par,Read Repair,16,16,Update,0.006208,6.0,,,,,Update,False,False,0,history0
par,Read Repair,17,17,BuildSnap,0.284666,,17.0,,,,MarkTs,False,False,0,history0
par,Read Repair,18,18,Update,0.008417,6.0,,,,,Update,False,False,0,history0
par,Read Repair,19,19,Probe,22.468375,600.0,19.0,,,,Probe,False,False,0,history0
par,Read Repair,20,20,RecentScan,31.851084,,20.0,,,,RecentScan,False,False,0,history0
par,Read Repair,21,21,RecentScan,15.409875,,21.0,,,,RecentScan,False,False,0,history0
par,Read Repair,22,22,RecentScan,15.023,,22.0,,,,RecentScan,False,False,0,history0
par,Read Repair,23,23,Probe,13.993,600.0,23.0,,,,Probe,False,False,0,history0
par,Read Repair,24,24,Probe,16.233209,600.0,24.0,,,,Probe,False,False,0,history0
par,Read Repair,25,25,Probe,14.680167,600.0,25.0,,,,Probe,False,False,0,history0
par,Read Repair,26,26,RecentScan,14.790625,,26.0,,,,RecentScan,False,False,0,history0
par,Read Repair,27,27,Probe,15.156959,600.0,27.0,,,,Probe,False,False,0,history0
par,Read Repair,28,28,GbgCollect,11.005375,,3.0,,,,GbgCollect,False,False,0,history0
par,Read Repair,29,29,RecentScan,14.157833,,29.0,,,,RecentScan,False,False,0,history0
par,Read Repair,30,30,Update,0.008875,6.0,,,,,Update,False,False,0,history0
par,Read Repair,31,31,BuildSnap,0.046791,,31.0,,,,MarkTs,False,False,0,history0
par,Read Repair,32,32,Probe,22.9475,600.0,32.0,,,,Probe,False,False,0,history0
par,Read Repair,33,33,Probe,19.242791,600.0,33.0,,,,Probe,False,False,0,history0
par,Read Repair,34,34,Update,0.005958,6.0,,,,,Update,False,False,0,history0
par,Read Repair,35,35,RecentScan,28.830583,,35.0,,,,RecentScan,False,False,0,history0
par,Read Repair,36,36,RecentScan,15.405959,,36.0,,,,RecentScan,False,False,0,history0
par,Read Repair,37,37,Update,0.013708,6.0,,,,,Update,False,False,0,history0
par,Read Repair,38,38,BuildSnap,0.045959,,38.0,,,,MarkTs,False,False,0,history0
par,Read Repair,39,39,GbgCollect,12.042875,,9.0,,,,GbgCollect,False,False,0,history0
par,Read Repair,40,40,Probe,19.84075,600.0,40.0,,,,Probe,False,False,0,history0
par,Read Repair,41,41,Update,0.007875,6.0,,,,,Update,False,False,0,history0
par,Read Repair,42,42,RecentScan,29.271625,,42.0,,,,RecentScan,False,False,0,history0
par,Read Repair,43,43,Probe,15.945917,600.0,43.0,,,,Probe,False,False,0,history0
par,Read Repair,44,44,Probe,13.887167,600.0,44.0,,,,Probe,False,False,0,history0
par,Read Repair,45,45,Update,0.007167,6.0,,,,,Update,False,False,0,history0
par,Read Repair,46,46,BuildSnap,0.033625,,46.0,,,,MarkTs,False,False,0,history0
par,Read Repair,47,47,Probe,20.476334,600.0,47.0,,,,Probe,False,False,0,history0
par,Read Repair,48,48,RecentScan,29.075,,48.0,,,,RecentScan,False,False,0,history0
par,Read Repair,49,49,RecentScan,13.374292,,49.0,,,,RecentScan,False,False,0,history0
par,Read Repair,50,50,Probe,15.71675,600.0,50.0,,,,Probe,False,False,0,history0
par,Read Repair,51,51,RecentScan,15.547334,,51.0,,,,RecentScan,False,False,0,history0
par,Read Repair,52,52,Update,0.014,6.0,,,,,Update,False,False,0,history0
par,Read Repair,53,53,Update,0.007541,6.0,,,,,Update,False,False,0,history0
par,Read Repair,54,54,BuildSnap,0.444667,,54.0,,,,MarkTs,False,False,0,history0
par,Read Repair,55,55,RecentScan,29.545917,,55.0,,,,RecentScan,False,False,0,history0
par,Read Repair,56,56,Update,0.012458,6.0,,,,,Update,False,False,0,history0
par,Read Repair,57,57,Probe,21.211167,600.0,57.0,,,,Probe,False,False,0,history0
par,Read Repair,58,58,RecentScan,29.331291,,58.0,,,,RecentScan,False,False,0,history0
par,Read Repair,59,59,Probe,14.845417,600.0,59.0,,,,Probe,False,False,0,history0
par,Read Repair,60,60,RecentScan,15.513834,,60.0,,,,RecentScan,False,False,0,history0
par,Read Repair,61,61,RecentScan,15.925375,,61.0,,,,RecentScan,False,False,0,history0
par,Read Repair,62,62,Probe,16.379584,600.0,62.0,,,,Probe,False,False,0,history0
par,Read Repair,63,63,Probe,15.038167,600.0,63.0,,,,Probe,False,False,0,history0
par,Read Repair,64,64,Probe,14.61225,600.0,64.0,,,,Probe,False,False,0,history0
par,Read Repair,65,65,Probe,14.900834,600.0,65.0,,,,Probe,False,False,0,history0
par,Read Repair,66,66,GbgCollect,10.755833,,17.0,,,,GbgCollect,False,False,0,history0
par,Read Repair,67,67,Probe,15.067583,600.0,67.0,,,,Probe,False,False,0,history0
par,Read Repair,68,68,RecentScan,15.390542,,68.0,,,,RecentScan,False,False,0,history0
par,Read Repair,69,69,Probe,14.09975,600.0,69.0,,,,Probe,False,False,0,history0
par,Read Repair,70,70,RecentScan,15.127917,,70.0,,,,RecentScan,False,False,0,history0
par,Read Repair,71,71,Probe,16.222417,600.0,71.0,,,,Probe,False,False,0,history0
par,Read Repair,72,72,RecentScan,15.236208,,72.0,,,,RecentScan,False,False,0,history0
par,Read Repair,73,73,Probe,14.796667,600.0,73.0,,,,Probe,False,False,0,history0
par,Read Repair,74,74,Probe,13.036625,600.0,74.0,,,,Probe,False,False,0,history0
par,Read Repair,75,75,GbgCollect,10.632166,,31.0,,,,GbgCollect,False,False,0,history0
par,Read Repair,76,76,RecentScan,14.193875,,76.0,,,,RecentScan,False,False,0,history0
par,Read Repair,77,77,RecentScan,15.720958,,77.0,,,,RecentScan,False,False,0,history0
par,Read Repair,78,78,RecentScan,15.41275,,78.0,,,,RecentScan,False,False,0,history0
par,Read Repair,79,79,RecentScan,14.651041,,79.0,,,,RecentScan,False,False,0,history0
par,Read Repair,80,80,Probe,15.439458,600.0,80.0,,,,Probe,False,False,0,history0
par,Read Repair,81,81,Update,0.008667,6.0,,,,,Update,False,False,0,history0
par,Read Repair,82,82,BuildSnap,0.037208,,82.0,,,,MarkTs,False,False,0,history0
par,Read Repair,83,83,Update,0.008625,6.0,,,,,Update,False,False,0,history0
par,Read Repair,84,84,RecentScan,28.944167,,84.0,,,,RecentScan,False,False,0,history0
par,Read Repair,85,85,RecentScan,14.981,,85.0,,,,RecentScan,False,False,0,history0
par,Read Repair,86,86,Probe,13.953917,600.0,86.0,,,,Probe,False,False,0,history0
par,Read Repair,87,87,RecentScan,15.229875,,87.0,,,,RecentScan,False,False,0,history0
par,Read Repair,88,88,Probe,15.509292,600.0,88.0,,,,Probe,False,False,0,history0
par,Read Repair,89,89,Probe,15.595875,600.0,89.0,,,,Probe,False,False,0,history0
par,Read Repair,90,90,RecentScan,14.729792,,90.0,,,,RecentScan,False,False,0,history0
par,Read Repair,91,91,Update,0.009708999999999999,6.0,,,,,Update,False,False,0,history0
par,Read Repair,92,92,BuildSnap,0.055915999999999993,,92.0,,,,MarkTs,False,False,0,history0
par,Read Repair,93,93,Probe,20.319708,600.0,93.0,,,,Probe,False,False,0,history0
par,Read Repair,94,94,RecentScan,29.402042,,94.0,,,,RecentScan,False,False,0,history0
par,Read Repair,95,95,Update,0.007458,6.0,,,,,Update,False,False,0,history0
par,Read Repair,96,96,RecentScan,29.0015,,96.0,,,,RecentScan,False,False,0,history0
par,Read Repair,97,97,Probe,16.625,600.0,97.0,,,,Probe,False,False,0,history0
par,Read Repair,98,98,Probe,13.998166,600.0,98.0,,,,Probe,False,False,0,history0
par,Read Repair,99,99,RecentScan,15.548125,,99.0,,,,RecentScan,False,False,0,history0
par,Read Repair,100,100,Probe,14.772458,600.0,100.0,,,,Probe,False,False,0,history0
par,Read Repair,101,101,RecentScan,15.279416,,101.0,,,,RecentScan,False,False,0,history0
par,Read Repair,102,102,Probe,14.996209,600.0,102.0,,,,Probe,False,False,0,history0
par,Read Repair,103,103,RecentScan,16.061666,,103.0,,,,RecentScan,False,False,0,history0
par,Read Repair,104,104,Update,0.013625,6.0,,,,,Update,False,False,0,history0
par,Read Repair,105,105,BuildSnap,0.052958,,105.0,,,,MarkTs,False,False,0,history0
par,Read Repair,106,106,Probe,20.950417,600.0,106.0,,,,Probe,False,False,0,history0
par,Read Repair,107,107,Update,0.007542,6.0,,,,,Update,False,False,0,history0
par,Read Repair,108,108,Probe,18.248042,600.0,108.0,,,,Probe,False,False,0,history0
par,Read Repair,109,109,Update,0.008209,6.0,,,,,Update,False,False,0,history0
par,Read Repair,110,110,BuildSnap,0.038583,,110.0,,,,MarkTs,False,False,0,history0
par,Read Repair,111,111,Probe,20.506458,600.0,111.0,,,,Probe,False,False,0,history0
par,Read Repair,112,112,RecentScan,29.303459,,112.0,,,,RecentScan,False,False,0,history0
par,Read Repair,113,113,Probe,15.316667,600.0,113.0,,,,Probe,False,False,0,history0
par,Read Repair,114,114,RecentScan,15.941625,,114.0,,,,RecentScan,False,False,0,history0
par,Read Repair,115,115,RecentScan,16.267083,,115.0,,,,RecentScan,False,False,0,history0
par,Read Repair,116,116,Probe,15.471084,600.0,116.0,,,,Probe,False,False,0,history0
par,Read Repair,117,117,RecentScan,15.993791,,117.0,,,,RecentScan,False,False,0,history0
par,Write Repair,0,0,InitLoad,19.078917,60000.0,,,,,InitLoad,False,False,0,history0
par,Write Repair,1,1,BuildSnap,0.217625,,1.0,,,,MarkTs,False,False,0,history0
par,Write Repair,2,2,Update,1.024916,6.0,,,,,Update,False,False,0,history0
par,Write Repair,3,3,BuildSnap,0.012875,,3.0,,,,MarkTs,False,False,0,history0
par,Write Repair,4,4,RecentScan,14.892083,,4.0,,,,RecentScan,False,False,0,history0
par,Write Repair,5,5,Update,0.918333,6.0,,,,,Update,False,False,0,history0
par,Write Repair,6,6,RecentScan,15.35,,6.0,,,,RecentScan,False,False,0,history0
par,Write Repair,7,7,HistoryScan,15.19525,,1.0,,,,HistoryScan,True,False,0,history0
par,Write Repair,8,8,Update,0.973542,6.0,,,,,Update,False,False,0,history0
par,Write Repair,9,9,BuildSnap,0.013666000000000001,,9.0,,,,MarkTs,False,False,0,history0
par,Write Repair,10,10,RecentScan,15.358834,,10.0,,,,RecentScan,False,False,0,history0
par,Write Repair,11,11,Update,0.877458,6.0,,,,,Update,False,False,0,history0
par,Write Repair,12,12,RecentScan,14.996666,,12.0,,,,RecentScan,False,False,0,history0
par,Write Repair,13,13,RecentScan,15.349083,,13.0,,,,RecentScan,False,False,0,history0
par,Write Repair,14,14,Probe,14.787583,600.0,14.0,,,,Probe,False,False,0,history0
par,Write Repair,15,15,GbgCollect,9.571875,,1.0,,,,GbgCollect,False,False,0,history0
par,Write Repair,16,16,Update,0.65025,6.0,,,,,Update,False,False,0,history0
par,Write Repair,17,17,BuildSnap,0.21175,,17.0,,,,MarkTs,False,False,0,history0
par,Write Repair,18,18,Update,0.552125,6.0,,,,,Update,False,False,0,history0
par,Write Repair,19,19,Probe,14.248833,600.0,19.0,,,,Probe,False,False,0,history0
par,Write Repair,20,20,RecentScan,15.038,,20.0,,,,RecentScan,False,False,0,history0
par,Write Repair,21,21,RecentScan,15.211667,,21.0,,,,RecentScan,False,False,0,history0
par,Write Repair,22,22,RecentScan,15.472792,,22.0,,,,RecentScan,False,False,0,history0
par,Write Repair,23,23,Probe,13.580417,600.0,23.0,,,,Probe,False,False,0,history0
par,Write Repair,24,24,Probe,13.766291,600.0,24.0,,,,Probe,False,False,0,history0
par,Write Repair,25,25,Probe,13.182666,600.0,25.0,,,,Probe,False,False,0,history0
par,Write Repair,26,26,RecentScan,15.473667,,26.0,,,,RecentScan,False,False,0,history0
par,Write Repair,27,27,Probe,14.539084,600.0,27.0,,,,Probe,False,False,0,history0
par,Write Repair,28,28,GbgCollect,10.70425,,3.0,,,,GbgCollect,False,False,0,history0
par,Write Repair,29,29,RecentScan,15.183583,,29.0,,,,RecentScan,False,False,0,history0
par,Write Repair,30,30,Update,1.010292,6.0,,,,,Update,False,False,0,history0
par,Write Repair,31,31,BuildSnap,0.027417,,31.0,,,,MarkTs,False,False,0,history0
par,Write Repair,32,32,Probe,15.606541,600.0,32.0,,,,Probe,False,False,0,history0
par,Write Repair,33,33,Probe,13.5475,600.0,33.0,,,,Probe,False,False,0,history0
par,Write Repair,34,34,Update,0.765208,6.0,,,,,Update,False,False,0,history0
par,Write Repair,35,35,RecentScan,15.10925,,35.0,,,,RecentScan,False,False,0,history0
par,Write Repair,36,36,RecentScan,16.8065,,36.0,,,,RecentScan,False,False,0,history0
par,Write Repair,37,37,Update,1.364834,6.0,,,,,Update,False,False,0,history0
par,Write Repair,38,38,BuildSnap,0.036125,,38.0,,,,MarkTs,False,False,0,history0
par,Write Repair,39,39,GbgCollect,11.739958,,9.0,,,,GbgCollect,False,False,0,history0
par,Write Repair,40,40,Probe,14.912708,600.0,40.0,,,,Probe,False,False,0,history0
par,Write Repair,41,41,Update,0.842333,6.0,,,,,Update,False,False,0,history0
par,Write Repair,42,42,RecentScan,15.234958,,42.0,,,,RecentScan,False,False,0,history0
par,Write Repair,43,43,Probe,14.693041,600.0,43.0,,,,Probe,False,False,0,history0
par,Write Repair,44,44,Probe,13.595875,600.0,44.0,,,,Probe,False,False,0,history0
par,Write Repair,45,45,Update,0.947,6.0,,,,,Update,False,False,0,history0
par,Write Repair,46,46,BuildSnap,0.024,,46.0,,,,MarkTs,False,False,0,history0
par,Write Repair,47,47,Probe,13.619709,600.0,47.0,,,,Probe,False,False,0,history0
par,Write Repair,48,48,RecentScan,16.089583,,48.0,,,,RecentScan,False,False,0,history0
par,Write Repair,49,49,RecentScan,16.153083,,49.0,,,,RecentScan,False,False,0,history0
par,Write Repair,50,50,Probe,13.992791,600.0,50.0,,,,Probe,False,False,0,history0
par,Write Repair,51,51,RecentScan,15.042875,,51.0,,,,RecentScan,False,False,0,history0
par,Write Repair,52,52,Update,1.070042,6.0,,,,,Update,False,False,0,history0
par,Write Repair,53,53,Update,0.633916,6.0,,,,,Update,False,False,0,history0
par,Write Repair,54,54,BuildSnap,0.412666,,54.0,,,,MarkTs,False,False,0,history0
par,Write Repair,55,55,RecentScan,17.716375,,55.0,,,,RecentScan,False,False,0,history0
par,Write Repair,56,56,Update,0.9558329999999999,6.0,,,,,Update,False,False,0,history0
par,Write Repair,57,57,Probe,14.72725,600.0,57.0,,,,Probe,False,False,0,history0
par,Write Repair,58,58,RecentScan,15.281,,58.0,,,,RecentScan,False,False,0,history0
par,Write Repair,59,59,Probe,14.885459,600.0,59.0,,,,Probe,False,False,0,history0
par,Write Repair,60,60,RecentScan,15.401666,,60.0,,,,RecentScan,False,False,0,history0
par,Write Repair,61,61,RecentScan,14.518334,,61.0,,,,RecentScan,False,False,0,history0
par,Write Repair,62,62,Probe,16.248083,600.0,62.0,,,,Probe,False,False,0,history0
par,Write Repair,63,63,Probe,13.97225,600.0,63.0,,,,Probe,False,False,0,history0
par,Write Repair,64,64,Probe,13.769542,600.0,64.0,,,,Probe,False,False,0,history0
par,Write Repair,65,65,Probe,13.892833,600.0,65.0,,,,Probe,False,False,0,history0
par,Write Repair,66,66,GbgCollect,11.228417,,17.0,,,,GbgCollect,False,False,0,history0
par,Write Repair,67,67,Probe,13.90475,600.0,67.0,,,,Probe,False,False,0,history0
par,Write Repair,68,68,RecentScan,14.94275,,68.0,,,,RecentScan,False,False,0,history0
par,Write Repair,69,69,Probe,14.124583,600.0,69.0,,,,Probe,False,False,0,history0
par,Write Repair,70,70,RecentScan,16.838875,,70.0,,,,RecentScan,False,False,0,history0
par,Write Repair,71,71,Probe,14.781292,600.0,71.0,,,,Probe,False,False,0,history0
par,Write Repair,72,72,RecentScan,17.993083,,72.0,,,,RecentScan,False,False,0,history0
par,Write Repair,73,73,Probe,14.835,600.0,73.0,,,,Probe,False,False,0,history0
par,Write Repair,74,74,Probe,13.184833,600.0,74.0,,,,Probe,False,False,0,history0
par,Write Repair,75,75,GbgCollect,11.926292,,31.0,,,,GbgCollect,False,False,0,history0
par,Write Repair,76,76,RecentScan,16.241166,,76.0,,,,RecentScan,False,False,0,history0
par,Write Repair,77,77,RecentScan,15.402125,,77.0,,,,RecentScan,False,False,0,history0
par,Write Repair,78,78,RecentScan,15.083125,,78.0,,,,RecentScan,False,False,0,history0
par,Write Repair,79,79,RecentScan,15.782167,,79.0,,,,RecentScan,False,False,0,history0
par,Write Repair,80,80,Probe,15.3515,600.0,80.0,,,,Probe,False,False,0,history0
par,Write Repair,81,81,Update,1.022208,6.0,,,,,Update,False,False,0,history0
par,Write Repair,82,82,BuildSnap,0.034957999999999996,,82.0,,,,MarkTs,False,False,0,history0
par,Write Repair,83,83,Update,0.720542,6.0,,,,,Update,False,False,0,history0
par,Write Repair,84,84,RecentScan,17.425334,,84.0,,,,RecentScan,False,False,0,history0
par,Write Repair,85,85,RecentScan,15.112708,,85.0,,,,RecentScan,False,False,0,history0
par,Write Repair,86,86,Probe,13.924334,600.0,86.0,,,,Probe,False,False,0,history0
par,Write Repair,87,87,RecentScan,14.560208,,87.0,,,,RecentScan,False,False,0,history0
par,Write Repair,88,88,Probe,14.646916,600.0,88.0,,,,Probe,False,False,0,history0
par,Write Repair,89,89,Probe,14.970875,600.0,89.0,,,,Probe,False,False,0,history0
par,Write Repair,90,90,RecentScan,14.667417,,90.0,,,,RecentScan,False,False,0,history0
par,Write Repair,91,91,Update,1.042834,6.0,,,,,Update,False,False,0,history0
par,Write Repair,92,92,BuildSnap,0.032708,,92.0,,,,MarkTs,False,False,0,history0
par,Write Repair,93,93,Probe,14.638333,600.0,93.0,,,,Probe,False,False,0,history0
par,Write Repair,94,94,RecentScan,17.193291,,94.0,,,,RecentScan,False,False,0,history0
par,Write Repair,95,95,Update,0.983208,6.0,,,,,Update,False,False,0,history0
par,Write Repair,96,96,RecentScan,15.022375,,96.0,,,,RecentScan,False,False,0,history0
par,Write Repair,97,97,Probe,16.011041,600.0,97.0,,,,Probe,False,False,0,history0
par,Write Repair,98,98,Probe,13.83125,600.0,98.0,,,,Probe,False,False,0,history0
par,Write Repair,99,99,RecentScan,13.666542,,99.0,,,,RecentScan,False,False,0,history0
par,Write Repair,100,100,Probe,14.630417,600.0,100.0,,,,Probe,False,False,0,history0
par,Write Repair,101,101,RecentScan,14.916416,,101.0,,,,RecentScan,False,False,0,history0
par,Write Repair,102,102,Probe,15.340042,600.0,102.0,,,,Probe,False,False,0,history0
par,Write Repair,103,103,RecentScan,15.372666,,103.0,,,,RecentScan,False,False,0,history0
par,Write Repair,104,104,Update,1.015583,6.0,,,,,Update,False,False,0,history0
par,Write Repair,105,105,BuildSnap,0.029291,,105.0,,,,MarkTs,False,False,0,history0
par,Write Repair,106,106,Probe,16.093209,600.0,106.0,,,,Probe,False,False,0,history0
par,Write Repair,107,107,Update,0.975625,6.0,,,,,Update,False,False,0,history0
par,Write Repair,108,108,Probe,14.13125,600.0,108.0,,,,Probe,False,False,0,history0
par,Write Repair,109,109,Update,0.953,6.0,,,,,Update,False,False,0,history0
par,Write Repair,110,110,BuildSnap,0.0285,,110.0,,,,MarkTs,False,False,0,history0
par,Write Repair,111,111,Probe,15.474417,600.0,111.0,,,,Probe,False,False,0,history0
par,Write Repair,112,112,RecentScan,17.2305,,112.0,,,,RecentScan,False,False,0,history0
par,Write Repair,113,113,Probe,14.9855,600.0,113.0,,,,Probe,False,False,0,history0
par,Write Repair,114,114,RecentScan,14.003833,,114.0,,,,RecentScan,False,False,0,history0
par,Write Repair,115,115,RecentScan,13.744834,,115.0,,,,RecentScan,False,False,0,history0
par,Write Repair,116,116,Probe,16.542125,600.0,116.0,,,,Probe,False,False,0,history0
par,Write Repair,117,117,RecentScan,14.5015,,117.0,,,,RecentScan,False,False,0,history0
