table_type,repair_type,idx,tx_id,tx_type,duration_ms,count,read_ts,from_ts,to_ts,build_reason,tx_type_raw,is_untimed_prime,is_actual_build,trial,case
naive,No Repair,0,0,InitLoad,0.843292,60000.0,,,,,InitLoad,False,False,0,history1
naive,No Repair,1,1,BuildSnap,0.0,,1.0,,,,MarkTs,False,False,0,history1
naive,No Repair,2,2,Update,0.0,6.0,,,,,Update,False,False,0,history1
naive,No Repair,3,3,BuildSnap,0.0,,3.0,,,,MarkTs,False,False,0,history1
naive,No Repair,4,4,BuildSnap,48.103083,,4.0,,,RecentScan,MarkTs,False,True,0,history1
naive,No Repair,4,4,RecentScan,16.052292,,4.0,,,,RecentScan,False,False,0,history1
naive,No Repair,5,5,Update,0.0,6.0,,,,,Update,False,False,0,history1
naive,No Repair,6,6,BuildSnap,47.551042,,6.0,,,RecentScan,MarkTs,False,True,0,history1
naive,No Repair,6,6,RecentScan,15.25125,,6.0,,,,RecentScan,False,False,0,history1
naive,No Repair,7,7,BuildSnap,46.401292,,1.0,,,HistoryScan,MarkTs,True,False,0,history1
naive,No Repair,7,7,HistoryScan,13.411209,,1.0,,,,HistoryScan,True,False,0,history1
naive,No Repair,8,8,Update,0.0,6.0,,,,,Update,False,False,0,history1
naive,No Repair,9,9,BuildSnap,0.0,,9.0,,,,MarkTs,False,False,0,history1
naive,No Repair,10,10,BuildSnap,49.123291,,3.0,,,HistoryScan,MarkTs,False,True,0,history1
naive,No Repair,10,10,HistoryScan,15.227917,,3.0,,,,HistoryScan,False,False,0,history1
naive,No Repair,11,11,Update,0.0,6.0,,,,,Update,False,False,0,history1
naive,No Repair,12,12,BuildSnap,46.535333,,12.0,,,RecentScan,MarkTs,False,True,0,history1
naive,No Repair,12,12,RecentScan,15.748042,,12.0,,,,RecentScan,False,False,0,history1
naive,No Repair,13,13,BuildSnap,45.333084,,13.0,,,RecentScan,MarkTs,False,True,0,history1
naive,No Repair,13,13,RecentScan,15.641667,,13.0,,,,RecentScan,False,False,0,history1
naive,No Repair,14,14,BuildSnap,45.515709,,14.0,,,Probe,MarkTs,False,True,0,history1
naive,No Repair,14,14,Probe,15.991958,600.0,14.0,,,,Probe,False,False,0,history1
naive,No Repair,15,15,GbgCollect,0.08375,,1.0,,,,GbgCollect,False,False,0,history1
naive,No Repair,16,16,Update,0.0,6.0,,,,,Update,False,False,0,history1
naive,No Repair,17,17,BuildSnap,0.0,,17.0,,,,MarkTs,False,False,0,history1
naive,No Repair,18,18,Update,0.0,6.0,,,,,Update,False,False,0,history1
naive,No Repair,19,19,BuildSnap,46.553333,,19.0,,,Probe,MarkTs,False,True,0,history1
naive,No Repair,19,19,Probe,16.047791,600.0,19.0,,,,Probe,False,False,0,history1
naive,No Repair,20,20,BuildSnap,46.948333,,20.0,,,RecentScan,MarkTs,False,True,0,history1
naive,No Repair,20,20,RecentScan,15.548208,,20.0,,,,RecentScan,False,False,0,history1
naive,No Repair,21,21,BuildSnap,47.501625,,21.0,,,RecentScan,MarkTs,False,True,0,history1
naive,No Repair,21,21,RecentScan,15.67225,,21.0,,,,RecentScan,False,False,0,history1
naive,No Repair,22,22,BuildSnap,46.031166,,22.0,,,RecentScan,MarkTs,False,True,0,history1
naive,No Repair,22,22,RecentScan,15.760541,,22.0,,,,RecentScan,False,False,0,history1
naive,No Repair,23,23,BuildSnap,43.817875,,23.0,,,Probe,MarkTs,False,True,0,history1
naive,No Repair,23,23,Probe,13.800709,600.0,23.0,,,,Probe,False,False,0,history1
naive,No Repair,24,24,BuildSnap,43.954541,,24.0,,,Probe,MarkTs,False,True,0,history1
naive,No Repair,24,24,Probe,15.2315,600.0,24.0,,,,Probe,False,False,0,history1
naive,No Repair,25,25,BuildSnap,46.274292,,25.0,,,Probe,MarkTs,False,True,0,history1
naive,No Repair,25,25,Probe,14.607709,600.0,25.0,,,,Probe,False,False,0,history1
naive,No Repair,26,26,BuildSnap,46.917542,,26.0,,,RecentScan,MarkTs,False,True,0,history1
naive,No Repair,26,26,RecentScan,15.501333,,26.0,,,,RecentScan,False,False,0,history1
naive,No Repair,27,27,BuildSnap,47.724916,,27.0,,,Probe,MarkTs,False,True,0,history1
naive,No Repair,27,27,Probe,15.949541,600.0,27.0,,,,Probe,False,False,0,history1
naive,No Repair,28,28,GbgCollect,0.08225,,3.0,,,,GbgCollect,False,False,0,history1
naive,No Repair,29,29,BuildSnap,48.936292,,29.0,,,RecentScan,MarkTs,False,True,0,history1
naive,No Repair,29,29,RecentScan,16.841333,,29.0,,,,RecentScan,False,False,0,history1
naive,No Repair,30,30,Update,0.0,6.0,,,,,Update,False,False,0,history1
naive,No Repair,31,31,BuildSnap,0.0,,31.0,,,,MarkTs,False,False,0,history1
naive,No Repair,32,32,BuildSnap,46.548459,,32.0,,,Probe,MarkTs,False,True,0,history1
naive,No Repair,32,32,Probe,16.29275,600.0,32.0,,,,Probe,False,False,0,history1
naive,No Repair,33,33,BuildSnap,48.57725,,33.0,,,Probe,MarkTs,False,True,0,history1
naive,No Repair,33,33,Probe,15.91525,600.0,33.0,,,,Probe,False,False,0,history1
naive,No Repair,34,34,Update,0.0,6.0,,,,,Update,False,False,0,history1
naive,No Repair,35,35,BuildSnap,48.504333,,35.0,,,RecentScan,MarkTs,False,True,0,history1
naive,No Repair,35,35,RecentScan,18.154375,,35.0,,,,RecentScan,False,False,0,history1
naive,No Repair,36,36,BuildSnap,48.431875,,36.0,,,RecentScan,MarkTs,False,True,0,history1
naive,No Repair,36,36,RecentScan,18.51,,36.0,,,,RecentScan,False,False,0,history1
naive,No Repair,37,37,Update,0.0,6.0,,,,,Update,False,False,0,history1
naive,No Repair,38,38,BuildSnap,0.0,,38.0,,,,MarkTs,False,False,0,history1
naive,No Repair,39,39,GbgCollect,0.254417,,9.0,,,,GbgCollect,False,False,0,history1
naive,No Repair,40,40,BuildSnap,47.1845,,40.0,,,Probe,MarkTs,False,True,0,history1
naive,No Repair,40,40,Probe,16.664084,600.0,40.0,,,,Probe,False,False,0,history1
naive,No Repair,41,41,Update,0.0,6.0,,,,,Update,False,False,0,history1
naive,No Repair,42,42,BuildSnap,49.012916,,42.0,,,RecentScan,MarkTs,False,True,0,history1
naive,No Repair,42,42,RecentScan,18.000334,,42.0,,,,RecentScan,False,False,0,history1
naive,No Repair,43,43,BuildSnap,45.632333,,43.0,,,Probe,MarkTs,False,True,0,history1
naive,No Repair,43,43,Probe,16.104875,600.0,43.0,,,,Probe,False,False,0,history1
naive,No Repair,44,44,BuildSnap,50.489333,,44.0,,,Probe,MarkTs,False,True,0,history1
naive,No Repair,44,44,Probe,15.465833,600.0,44.0,,,,Probe,False,False,0,history1
naive,No Repair,45,45,Update,0.0,6.0,,,,,Update,False,False,0,history1
naive,No Repair,46,46,BuildSnap,0.0,,46.0,,,,MarkTs,False,False,0,history1
naive,No Repair,47,47,BuildSnap,48.686375,,47.0,,,Probe,MarkTs,False,True,0,history1
naive,No Repair,47,47,Probe,15.371375,600.0,47.0,,,,Probe,False,False,0,history1
naive,No Repair,48,48,BuildSnap,49.091542,,48.0,,,RecentScan,MarkTs,False,True,0,history1
naive,No Repair,48,48,RecentScan,16.537209,,48.0,,,,RecentScan,False,False,0,history1
naive,No Repair,49,49,BuildSnap,50.039375,,49.0,,,RecentScan,MarkTs,False,True,0,history1
naive,No Repair,49,49,RecentScan,17.275166,,49.0,,,,RecentScan,False,False,0,history1
naive,No Repair,50,50,BuildSnap,45.797417,,50.0,,,Probe,MarkTs,False,True,0,history1
naive,No Repair,50,50,Probe,15.592041,600.0,50.0,,,,Probe,False,False,0,history1
naive,No Repair,51,51,BuildSnap,47.161792,,51.0,,,RecentScan,MarkTs,False,True,0,history1
naive,No Repair,51,51,RecentScan,18.225125,,51.0,,,,RecentScan,False,False,0,history1
naive,No Repair,52,52,Update,0.0,6.0,,,,,Update,False,False,0,history1
naive,No Repair,53,53,Update,0.0,6.0,,,,,Update,False,False,0,history1
naive,No Repair,54,54,BuildSnap,0.0,,54.0,,,,MarkTs,False,False,0,history1
naive,No Repair,55,55,BuildSnap,46.31825,,55.0,,,RecentScan,MarkTs,False,True,0,history1
naive,No Repair,55,55,RecentScan,17.830333,,55.0,,,,RecentScan,False,False,0,history1
naive,No Repair,56,56,Update,0.0,6.0,,,,,Update,False,False,0,history1
naive,No Repair,57,57,BuildSnap,47.860958,,57.0,,,Probe,MarkTs,False,True,0,history1
naive,No Repair,57,57,Probe,15.49225,600.0,57.0,,,,Probe,False,False,0,history1
naive,No Repair,58,58,BuildSnap,46.505,,58.0,,,RecentScan,MarkTs,False,True,0,history1
naive,No Repair,58,58,RecentScan,18.64375,,58.0,,,,RecentScan,False,False,0,history1
naive,No Repair,59,59,BuildSnap,49.318042,,59.0,,,Probe,MarkTs,False,True,0,history1
naive,No Repair,59,59,Probe,15.754041,600.0,59.0,,,,Probe,False,False,0,history1
naive,No Repair,60,60,BuildSnap,47.050292,,60.0,,,RecentScan,MarkTs,False,True,0,history1
naive,No Repair,60,60,RecentScan,16.709,,60.0,,,,RecentScan,False,False,0,history1
naive,No Repair,61,61,BuildSnap,48.447792,,61.0,,,RecentScan,MarkTs,False,True,0,history1
naive,No Repair,61,61,RecentScan,17.334292,,61.0,,,,RecentScan,False,False,0,history1
naive,No Repair,62,62,BuildSnap,48.900625,,62.0,,,Probe,MarkTs,False,True,0,history1
naive,No Repair,62,62,Probe,18.0735,600.0,62.0,,,,Probe,False,False,0,history1
naive,No Repair,63,63,BuildSnap,49.096416,,63.0,,,Probe,MarkTs,False,True,0,history1
naive,No Repair,63,63,Probe,16.341625,600.0,63.0,,,,Probe,False,False,0,history1
naive,No Repair,64,64,BuildSnap,49.118959,,64.0,,,Probe,MarkTs,False,True,0,history1
naive,No Repair,64,64,Probe,16.325917,600.0,64.0,,,,Probe,False,False,0,history1
naive,No Repair,65,65,BuildSnap,45.778917,,65.0,,,Probe,MarkTs,False,True,0,history1
naive,No Repair,65,65,Probe,16.352958,600.0,65.0,,,,Probe,False,False,0,history1
naive,No Repair,66,66,GbgCollect,0.321583,,17.0,,,,GbgCollect,False,False,0,history1
naive,No Repair,67,67,BuildSnap,47.263708,,67.0,,,Probe,MarkTs,False,True,0,history1
naive,No Repair,67,67,Probe,15.843041,600.0,67.0,,,,Probe,False,False,0,history1
naive,No Repair,68,68,BuildSnap,48.295083,,68.0,,,RecentScan,MarkTs,False,True,0,history1
naive,No Repair,68,68,RecentScan,18.127958,,68.0,,,,RecentScan,False,False,0,history1
naive,No Repair,69,69,BuildSnap,48.595834,,69.0,,,Probe,MarkTs,False,True,0,history1
naive,No Repair,69,69,Probe,15.749084,600.0,69.0,,,,Probe,False,False,0,history1
naive,No Repair,70,70,BuildSnap,47.843625,,70.0,,,RecentScan,MarkTs,False,True,0,history1
naive,No Repair,70,70,RecentScan,17.889375,,70.0,,,,RecentScan,False,False,0,history1
naive,No Repair,71,71,BuildSnap,45.986791,,71.0,,,Probe,MarkTs,False,True,0,history1
naive,No Repair,71,71,Probe,16.291416,600.0,71.0,,,,Probe,False,False,0,history1
naive,No Repair,72,72,BuildSnap,49.575209,,72.0,,,RecentScan,MarkTs,False,True,0,history1
naive,No Repair,72,72,RecentScan,18.087458,,72.0,,,,RecentScan,False,False,0,history1
naive,No Repair,73,73,BuildSnap,50.254042,,73.0,,,Probe,MarkTs,False,True,0,history1
naive,No Repair,73,73,Probe,16.07,600.0,73.0,,,,Probe,False,False,0,history1
naive,No Repair,74,74,BuildSnap,49.962042,,74.0,,,Probe,MarkTs,False,True,0,history1
naive,No Repair,74,74,Probe,15.293209,600.0,74.0,,,,Probe,False,False,0,history1
naive,No Repair,75,75,GbgCollect,1.14825,,31.0,,,,GbgCollect,False,False,0,history1
naive,No Repair,76,76,BuildSnap,48.478167,,76.0,,,RecentScan,MarkTs,False,True,0,history1
naive,No Repair,76,76,RecentScan,18.535792,,76.0,,,,RecentScan,False,False,0,history1
naive,No Repair,77,77,BuildSnap,50.27225,,77.0,,,RecentScan,MarkTs,False,True,0,history1
naive,No Repair,77,77,RecentScan,20.89375,,77.0,,,,RecentScan,False,False,0,history1
naive,No Repair,78,78,BuildSnap,56.268333,,78.0,,,RecentScan,MarkTs,False,True,0,history1
naive,No Repair,78,78,RecentScan,20.881167,,78.0,,,,RecentScan,False,False,0,history1
naive,No Repair,79,79,BuildSnap,54.701834,,79.0,,,RecentScan,MarkTs,False,True,0,history1
naive,No Repair,79,79,RecentScan,32.622541,,79.0,,,,RecentScan,False,False,0,history1
naive,No Repair,80,80,BuildSnap,112.87875,,80.0,,,Probe,MarkTs,False,True,0,history1
naive,No Repair,80,80,Probe,18.394667,600.0,80.0,,,,Probe,False,False,0,history1
naive,No Repair,81,81,Update,0.0,6.0,,,,,Update,False,False,0,history1
naive,No Repair,82,82,BuildSnap,0.0,,82.0,,,,MarkTs,False,False,0,history1
naive,No Repair,83,83,Update,0.0,6.0,,,,,Update,False,False,0,history1
naive,No Repair,84,84,BuildSnap,65.798209,,84.0,,,RecentScan,MarkTs,False,True,0,history1
naive,No Repair,84,84,RecentScan,23.689667,,84.0,,,,RecentScan,False,False,0,history1
naive,No Repair,85,85,BuildSnap,67.428542,,85.0,,,RecentScan,MarkTs,False,True,0,history1
naive,No Repair,85,85,RecentScan,20.432458,,85.0,,,,RecentScan,False,False,0,history1
naive,No Repair,86,86,BuildSnap,73.112958,,86.0,,,Probe,MarkTs,False,True,0,history1
naive,No Repair,86,86,Probe,17.165542,600.0,86.0,,,,Probe,False,False,0,history1
naive,No Repair,87,87,BuildSnap,62.474667,,87.0,,,RecentScan,MarkTs,False,True,0,history1
naive,No Repair,87,87,RecentScan,19.588084,,87.0,,,,RecentScan,False,False,0,history1
naive,No Repair,88,88,BuildSnap,66.121,,88.0,,,Probe,MarkTs,False,True,0,history1
naive,No Repair,88,88,Probe,17.563625,600.0,88.0,,,,Probe,False,False,0,history1
naive,No Repair,89,89,BuildSnap,70.668125,,89.0,,,Probe,MarkTs,False,True,0,history1
naive,No Repair,89,89,Probe,18.833792,600.0,89.0,,,,Probe,False,False,0,history1
naive,No Repair,90,90,BuildSnap,66.223209,,90.0,,,RecentScan,MarkTs,False,True,0,history1
naive,No Repair,90,90,RecentScan,24.41025,,90.0,,,,RecentScan,False,False,0,history1
naive,No Repair,91,91,Update,0.0,6.0,,,,,Update,False,False,0,history1
naive,No Repair,92,92,BuildSnap,0.0,,92.0,,,,MarkTs,False,False,0,history1
naive,No Repair,93,93,BuildSnap,71.829541,,93.0,,,Probe,MarkTs,False,True,0,history1
naive,No Repair,93,93,Probe,16.403375,600.0,93.0,,,,Probe,False,False,0,history1
naive,No Repair,94,94,BuildSnap,62.949,,94.0,,,RecentScan,MarkTs,False,True,0,history1
naive,No Repair,94,94,RecentScan,19.193542,,94.0,,,,RecentScan,False,False,0,history1
naive,No Repair,95,95,Update,0.0,6.0,,,,,Update,False,False,0,history1
naive,No Repair,96,96,BuildSnap,69.600541,,96.0,,,RecentScan,MarkTs,False,True,0,history1
naive,No Repair,96,96,RecentScan,19.440833,,96.0,,,,RecentScan,False,False,0,history1
naive,No Repair,97,97,BuildSnap,70.313625,,97.0,,,Probe,MarkTs,False,True,0,history1
naive,No Repair,97,97,Probe,19.445625,600.0,97.0,,,,Probe,False,False,0,history1
naive,No Repair,98,98,BuildSnap,65.039917,,98.0,,,Probe,MarkTs,False,True,0,history1
naive,No Repair,98,98,Probe,16.992167,600.0,98.0,,,,Probe,False,False,0,history1
naive,No Repair,99,99,BuildSnap,70.378292,,99.0,,,RecentScan,MarkTs,False,True,0,history1
naive,No Repair,99,99,RecentScan,20.081625,,99.0,,,,RecentScan,False,False,0,history1
naive,No Repair,100,100,BuildSnap,66.616709,,100.0,,,Probe,MarkTs,False,True,0,history1
naive,No Repair,100,100,Probe,16.697,600.0,100.0,,,,Probe,False,False,0,history1
naive,No Repair,101,101,BuildSnap,69.371459,,101.0,,,RecentScan,MarkTs,False,True,0,history1
naive,No Repair,101,101,RecentScan,22.550542,,101.0,,,,RecentScan,False,False,0,history1
naive,No Repair,102,102,BuildSnap,64.11,,102.0,,,Probe,MarkTs,False,True,0,history1
naive,No Repair,102,102,Probe,18.411166,600.0,102.0,,,,Probe,False,False,0,history1
naive,No Repair,103,103,BuildSnap,67.031125,,103.0,,,RecentScan,MarkTs,False,True,0,history1
naive,No Repair,103,103,RecentScan,21.152334,,103.0,,,,RecentScan,False,False,0,history1
naive,No Repair,104,104,Update,0.0,6.0,,,,,Update,False,False,0,history1
naive,No Repair,105,105,BuildSnap,0.0,,105.0,,,,MarkTs,False,False,0,history1
naive,No Repair,106,106,BuildSnap,65.907667,,106.0,,,Probe,MarkTs,False,True,0,history1
naive,No Repair,106,106,Probe,18.224333,600.0,106.0,,,,Probe,False,False,0,history1
naive,No Repair,107,107,Update,0.0,6.0,,,,,Update,False,False,0,history1
naive,No Repair,108,108,BuildSnap,66.453834,,108.0,,,Probe,MarkTs,False,True,0,history1
naive,No Repair,108,108,Probe,16.544958,600.0,108.0,,,,Probe,False,False,0,history1
naive,No Repair,109,109,Update,0.0,6.0,,,,,Update,False,False,0,history1
naive,No Repair,110,110,BuildSnap,0.0,,110.0,,,,MarkTs,False,False,0,history1
naive,No Repair,111,111,BuildSnap,54.046959,,111.0,,,Probe,MarkTs,False,True,0,history1
naive,No Repair,111,111,Probe,18.017791,600.0,111.0,,,,Probe,False,False,0,history1
naive,No Repair,112,112,BuildSnap,63.01275,,112.0,,,RecentScan,MarkTs,False,True,0,history1
naive,No Repair,112,112,RecentScan,23.045459,,112.0,,,,RecentScan,False,False,0,history1
naive,No Repair,113,113,BuildSnap,64.827917,,113.0,,,Probe,MarkTs,False,True,0,history1
naive,No Repair,113,113,Probe,18.091042,600.0,113.0,,,,Probe,False,False,0,history1
naive,No Repair,114,114,BuildSnap,73.501833,,114.0,,,RecentScan,MarkTs,False,True,0,history1
naive,No Repair,114,114,RecentScan,21.085667,,114.0,,,,RecentScan,False,False,0,history1
naive,No Repair,115,115,BuildSnap,73.640625,,115.0,,,RecentScan,MarkTs,False,True,0,history1
naive,No Repair,115,115,RecentScan,20.949458,,115.0,,,,RecentScan,False,False,0,history1
naive,No Repair,116,116,BuildSnap,69.973375,,116.0,,,Probe,MarkTs,False,True,0,history1
naive,No Repair,116,116,Probe,18.518209,600.0,116.0,,,,Probe,False,False,0,history1
naive,No Repair,117,117,BuildSnap,79.058625,,117.0,,,RecentScan,MarkTs,False,True,0,history1
naive,No Repair,117,117,RecentScan,23.162708,,117.0,,,,RecentScan,False,False,0,history1
ivmh,No Repair,0,0,InitLoad,13.89675,60000.0,,,,,InitLoad,False,False,0,history1
ivmh,No Repair,1,1,BuildSnap,0.001042,,1.0,,,,MarkTs,False,False,0,history1
ivmh,No Repair,2,2,Update,0.016625,6.0,,,,,Update,False,False,0,history1
ivmh,No Repair,3,3,BuildSnap,0.0,,3.0,,,,MarkTs,False,False,0,history1
ivmh,No Repair,4,4,RecentScan,14.103167,,4.0,,,,RecentScan,False,False,0,history1
ivmh,No Repair,5,5,Update,0.010375,6.0,,,,,Update,False,False,0,history1
ivmh,No Repair,6,6,RecentScan,14.479375,,6.0,,,,RecentScan,False,False,0,history1
ivmh,No Repair,7,7,BuildSnap,48.081209,,1.0,,,HistoryScan,MarkTs,True,False,0,history1
ivmh,No Repair,7,7,HistoryScan,16.804125,,1.0,,,,HistoryScan,True,False,0,history1
ivmh,No Repair,8,8,Update,0.022041,6.0,,,,,Update,False,False,0,history1
ivmh,No Repair,9,9,BuildSnap,0.0,,9.0,,,,MarkTs,False,False,0,history1
ivmh,No Repair,10,10,BuildSnap,46.28575,,3.0,,,HistoryScan,MarkTs,False,True,0,history1
ivmh,No Repair,10,10,HistoryScan,14.738583,,3.0,,,,HistoryScan,False,False,0,history1
ivmh,No Repair,11,11,Update,0.022917,6.0,,,,,Update,False,False,0,history1
ivmh,No Repair,12,12,RecentScan,15.414834,,12.0,,,,RecentScan,False,False,0,history1
ivmh,No Repair,13,13,RecentScan,36.951667,,13.0,,,,RecentScan,False,False,0,history1
ivmh,No Repair,14,14,Probe,16.082041,600.0,14.0,,,,Probe,False,False,0,history1
ivmh,No Repair,15,15,GbgCollect,0.098167,,1.0,,,,GbgCollect,False,False,0,history1
ivmh,No Repair,16,16,Update,0.008667,6.0,,,,,Update,False,False,0,history1
ivmh,No Repair,17,17,BuildSnap,0.0,,17.0,,,,MarkTs,False,False,0,history1
ivmh,No Repair,18,18,Update,0.005708,6.0,,,,,Update,False,False,0,history1
ivmh,No Repair,19,19,Probe,14.184125,600.0,19.0,,,,Probe,False,False,0,history1
ivmh,No Repair,20,20,RecentScan,16.652834,,20.0,,,,RecentScan,False,False,0,history1
ivmh,No Repair,21,21,RecentScan,15.119375,,21.0,,,,RecentScan,False,False,0,history1
ivmh,No Repair,22,22,RecentScan,16.013167,,22.0,,,,RecentScan,False,False,0,history1
ivmh,No Repair,23,23,Probe,13.720291,600.0,23.0,,,,Probe,False,False,0,history1
ivmh,No Repair,24,24,Probe,13.837291,600.0,24.0,,,,Probe,False,False,0,history1
ivmh,No Repair,25,25,Probe,13.338083,600.0,25.0,,,,Probe,False,False,0,history1
ivmh,No Repair,26,26,RecentScan,15.612625,,26.0,,,,RecentScan,False,False,0,history1
ivmh,No Repair,27,27,Probe,14.517542,600.0,27.0,,,,Probe,False,False,0,history1
ivmh,No Repair,28,28,GbgCollect,0.097042,,3.0,,,,GbgCollect,False,False,0,history1
ivmh,No Repair,29,29,RecentScan,15.16875,,29.0,,,,RecentScan,False,False,0,history1
ivmh,No Repair,30,30,Update,0.010375,6.0,,,,,Update,False,False,0,history1
ivmh,No Repair,31,31,BuildSnap,0.0,,31.0,,,,MarkTs,False,False,0,history1
ivmh,No Repair,32,32,Probe,15.334667,600.0,32.0,,,,Probe,False,False,0,history1
ivmh,No Repair,33,33,Probe,13.833625,600.0,33.0,,,,Probe,False,False,0,history1
ivmh,No Repair,34,34,Update,0.006583,6.0,,,,,Update,False,False,0,history1
ivmh,No Repair,35,35,RecentScan,14.943916,,35.0,,,,RecentScan,False,False,0,history1
ivmh,No Repair,36,36,RecentScan,14.017167,,36.0,,,,RecentScan,False,False,0,history1
ivmh,No Repair,37,37,Update,0.0115,6.0,,,,,Update,False,False,0,history1
ivmh,No Repair,38,38,BuildSnap,0.0,,38.0,,,,MarkTs,False,False,0,history1
ivmh,No Repair,39,39,GbgCollect,0.0,,9.0,,,,GbgCollect,False,False,0,history1
ivmh,No Repair,40,40,Probe,14.761584,600.0,40.0,,,,Probe,False,False,0,history1
ivmh,No Repair,41,41,Update,0.007333,6.0,,,,,Update,False,False,0,history1
ivmh,No Repair,42,42,RecentScan,15.967083,,42.0,,,,RecentScan,False,False,0,history1
ivmh,No Repair,43,43,Probe,15.18175,600.0,43.0,,,,Probe,False,False,0,history1
ivmh,No Repair,44,44,Probe,14.395458,600.0,44.0,,,,Probe,False,False,0,history1
ivmh,No Repair,45,45,Update,0.007916000000000001,6.0,,,,,Update,False,False,0,history1
ivmh,No Repair,46,46,BuildSnap,0.0,,46.0,,,,MarkTs,False,False,0,history1
ivmh,No Repair,47,47,Probe,14.811916,600.0,47.0,,,,Probe,False,False,0,history1
ivmh,No Repair,48,48,RecentScan,15.525125,,48.0,,,,RecentScan,False,False,0,history1
ivmh,No Repair,49,49,RecentScan,14.779042,,49.0,,,,RecentScan,False,False,0,history1
ivmh,No Repair,50,50,Probe,14.204208,600.0,50.0,,,,Probe,False,False,0,history1
ivmh,No Repair,51,51,RecentScan,14.711334,,51.0,,,,RecentScan,False,False,0,history1
ivmh,No Repair,52,52,Update,0.012916,6.0,,,,,Update,False,False,0,history1
ivmh,No Repair,53,53,Update,0.009666000000000001,6.0,,,,,Update,False,False,0,history1
ivmh,No Repair,54,54,BuildSnap,0.0,,54.0,,,,MarkTs,False,False,0,history1
ivmh,No Repair,55,55,RecentScan,14.629541,,55.0,,,,RecentScan,False,False,0,history1
ivmh,No Repair,56,56,Update,0.015792,6.0,,,,,Update,False,False,0,history1
ivmh,No Repair,57,57,Probe,14.681209,600.0,57.0,,,,Probe,False,False,0,history1
ivmh,No Repair,58,58,RecentScan,15.261125,,58.0,,,,RecentScan,False,False,0,history1
ivmh,No Repair,59,59,Probe,14.779541,600.0,59.0,,,,Probe,False,False,0,history1
ivmh,No Repair,60,60,RecentScan,15.636167,,60.0,,,,RecentScan,False,False,0,history1
ivmh,No Repair,61,61,RecentScan,14.844875,,61.0,,,,RecentScan,False,False,0,history1
ivmh,No Repair,62,62,Probe,15.7255,600.0,62.0,,,,Probe,False,False,0,history1
ivmh,No Repair,63,63,Probe,13.900083,600.0,63.0,,,,Probe,False,False,0,history1
ivmh,No Repair,64,64,Probe,14.780333,600.0,64.0,,,,Probe,False,False,0,history1
ivmh,No Repair,65,65,Probe,14.294375,600.0,65.0,,,,Probe,False,False,0,history1
ivmh,No Repair,66,66,GbgCollect,0.0,,17.0,,,,GbgCollect,False,False,0,history1
ivmh,No Repair,67,67,Probe,14.381083,600.0,67.0,,,,Probe,False,False,0,history1
ivmh,No Repair,68,68,RecentScan,15.796208,,68.0,,,,RecentScan,False,False,0,history1
ivmh,No Repair,69,69,Probe,14.096084,600.0,69.0,,,,Probe,False,False,0,history1
ivmh,No Repair,70,70,RecentScan,15.37975,,70.0,,,,RecentScan,False,False,0,history1
ivmh,No Repair,71,71,Probe,14.796417,600.0,71.0,,,,Probe,False,False,0,history1
ivmh,No Repair,72,72,RecentScan,15.316292,,72.0,,,,RecentScan,False,False,0,history1
ivmh,No Repair,73,73,Probe,14.848834,600.0,73.0,,,,Probe,False,False,0,history1
ivmh,No Repair,74,74,Probe,13.493125,600.0,74.0,,,,Probe,False,False,0,history1
ivmh,No Repair,75,75,GbgCollect,0.0,,31.0,,,,GbgCollect,False,False,0,history1
ivmh,No Repair,76,76,RecentScan,13.4845,,76.0,,,,RecentScan,False,False,0,history1
ivmh,No Repair,77,77,RecentScan,14.786625,,77.0,,,,RecentScan,False,False,0,history1
ivmh,No Repair,78,78,RecentScan,15.445208,,78.0,,,,RecentScan,False,False,0,history1
ivmh,No Repair,79,79,RecentScan,15.436,,79.0,,,,RecentScan,False,False,0,history1
ivmh,No Repair,80,80,Probe,15.338666,600.0,80.0,,,,Probe,False,False,0,history1
ivmh,No Repair,81,81,Update,0.007333999999999999,6.0,,,,,Update,False,False,0,history1
ivmh,No Repair,82,82,BuildSnap,0.0,,82.0,,,,MarkTs,False,False,0,history1
ivmh,No Repair,83,83,Update,0.0036669999999999997,6.0,,,,,Update,False,False,0,history1
ivmh,No Repair,84,84,RecentScan,17.41925,,84.0,,,,RecentScan,False,False,0,history1
ivmh,No Repair,85,85,RecentScan,17.526167,,85.0,,,,RecentScan,False,False,0,history1
ivmh,No Repair,86,86,Probe,13.986708,600.0,86.0,,,,Probe,False,False,0,history1
ivmh,No Repair,87,87,RecentScan,15.402125,,87.0,,,,RecentScan,False,False,0,history1
ivmh,No Repair,88,88,Probe,14.46825,600.0,88.0,,,,Probe,False,False,0,history1
ivmh,No Repair,89,89,Probe,15.368042,600.0,89.0,,,,Probe,False,False,0,history1
ivmh,No Repair,90,90,RecentScan,15.695416,,90.0,,,,RecentScan,False,False,0,history1
ivmh,No Repair,91,91,Update,0.014625,6.0,,,,,Update,False,False,0,history1
ivmh,No Repair,92,92,BuildSnap,0.0,,92.0,,,,MarkTs,False,False,0,history1
ivmh,No Repair,93,93,Probe,14.896,600.0,93.0,,,,Probe,False,False,0,history1
ivmh,No Repair,94,94,RecentScan,15.156875,,94.0,,,,RecentScan,False,False,0,history1
ivmh,No Repair,95,95,Update,0.013042,6.0,,,,,Update,False,False,0,history1
ivmh,No Repair,96,96,RecentScan,15.789459,,96.0,,,,RecentScan,False,False,0,history1
ivmh,No Repair,97,97,Probe,15.996083,600.0,97.0,,,,Probe,False,False,0,history1
ivmh,No Repair,98,98,Probe,13.687208,600.0,98.0,,,,Probe,False,False,0,history1
ivmh,No Repair,99,99,RecentScan,15.7735,,99.0,,,,RecentScan,False,False,0,history1
ivmh,No Repair,100,100,Probe,15.164333,600.0,100.0,,,,Probe,False,False,0,history1
ivmh,No Repair,101,101,RecentScan,15.3135,,101.0,,,,RecentScan,False,False,0,history1
ivmh,No Repair,102,102,Probe,14.91825,600.0,102.0,,,,Probe,False,False,0,history1
ivmh,No Repair,103,103,RecentScan,15.330083,,103.0,,,,RecentScan,False,False,0,history1
ivmh,No Repair,104,104,Update,0.009583,6.0,,,,,Update,False,False,0,history1
ivmh,No Repair,105,105,BuildSnap,0.0,,105.0,,,,MarkTs,False,False,0,history1
ivmh,No Repair,106,106,Probe,15.148333,600.0,106.0,,,,Probe,False,False,0,history1
ivmh,No Repair,107,107,Update,0.008084,6.0,,,,,Update,False,False,0,history1
ivmh,No Repair,108,108,Probe,13.345,600.0,108.0,,,,Probe,False,False,0,history1
ivmh,No Repair,109,109,Update,0.007833,6.0,,,,,Update,False,False,0,history1
ivmh,No Repair,110,110,BuildSnap,0.0,,110.0,,,,MarkTs,False,False,0,history1
ivmh,No Repair,111,111,Probe,14.669708,600.0,111.0,,,,Probe,False,False,0,history1
ivmh,No Repair,112,112,RecentScan,16.001417,,112.0,,,,RecentScan,False,False,0,history1
ivmh,No Repair,113,113,Probe,14.878083,600.0,113.0,,,,Probe,False,False,0,history1
ivmh,No Repair,114,114,RecentScan,15.372417,,114.0,,,,RecentScan,False,False,0,history1
ivmh,No Repair,115,115,RecentScan,14.995709,,115.0,,,,RecentScan,False,False,0,history1
ivmh,No Repair,116,116,Probe,15.329417,600.0,116.0,,,,Probe,False,False,0,history1
ivmh,No Repair,117,117,RecentScan,14.958375,,117.0,,,,RecentScan,False,False,0,history1
heap,No Repair,0,0,InitLoad,17.818875,60000.0,,,,,InitLoad,False,False,0,history1
heap,No Repair,1,1,BuildSnap,0.0,,1.0,,,,MarkTs,False,False,0,history1
heap,No Repair,2,2,Update,0.002209,6.0,,,,,Update,False,False,0,history1
heap,No Repair,3,3,BuildSnap,0.0,,3.0,,,,MarkTs,False,False,0,history1
heap,No Repair,4,4,RecentScan,21.839875,,4.0,,,,RecentScan,False,False,0,history1
heap,No Repair,5,5,Update,0.011042,6.0,,,,,Update,False,False,0,history1
heap,No Repair,6,6,RecentScan,21.342875,,6.0,,,,RecentScan,False,False,0,history1
heap,No Repair,7,7,HistoryScan,21.7285,,1.0,,,,HistoryScan,True,False,0,history1
heap,No Repair,8,8,Update,0.008625,6.0,,,,,Update,False,False,0,history1
heap,No Repair,9,9,BuildSnap,0.0,,9.0,,,,MarkTs,False,False,0,history1
heap,No Repair,10,10,HistoryScan,19.822958,,3.0,,,,HistoryScan,False,False,0,history1
heap,No Repair,11,11,Update,0.008541,6.0,,,,,Update,False,False,0,history1
heap,No Repair,12,12,RecentScan,19.940125,,12.0,,,,RecentScan,False,False,0,history1
heap,No Repair,13,13,RecentScan,19.890792,,13.0,,,,RecentScan,False,False,0,history1
heap,No Repair,14,14,Probe,23.054875,600.0,14.0,,,,Probe,False,False,0,history1
heap,No Repair,15,15,GbgCollect,11.086958,,1.0,,,,GbgCollect,False,False,0,history1
heap,No Repair,16,16,Update,0.003292,6.0,,,,,Update,False,False,0,history1
heap,No Repair,17,17,BuildSnap,0.0,,17.0,,,,MarkTs,False,False,0,history1
heap,No Repair,18,18,Update,0.0026669999999999997,6.0,,,,,Update,False,False,0,history1
heap,No Repair,19,19,Probe,21.980667,600.0,19.0,,,,Probe,False,False,0,history1
heap,No Repair,20,20,RecentScan,19.649542,,20.0,,,,RecentScan,False,False,0,history1
heap,No Repair,21,21,RecentScan,20.570875,,21.0,,,,RecentScan,False,False,0,history1
heap,No Repair,22,22,RecentScan,19.738292,,22.0,,,,RecentScan,False,False,0,history1
heap,No Repair,23,23,Probe,20.758084,600.0,23.0,,,,Probe,False,False,0,history1
heap,No Repair,24,24,Probe,22.485292,600.0,24.0,,,,Probe,False,False,0,history1
heap,No Repair,25,25,Probe,20.719333,600.0,25.0,,,,Probe,False,False,0,history1
heap,No Repair,26,26,RecentScan,20.113417,,26.0,,,,RecentScan,False,False,0,history1
heap,No Repair,27,27,Probe,23.395334,600.0,27.0,,,,Probe,False,False,0,history1
heap,No Repair,28,28,GbgCollect,11.140833,,3.0,,,,GbgCollect,False,False,0,history1
heap,No Repair,29,29,RecentScan,19.426167,,29.0,,,,RecentScan,False,False,0,history1
heap,No Repair,30,30,Update,0.006791999999999999,6.0,,,,,Update,False,False,0,history1
heap,No Repair,31,31,BuildSnap,0.0,,31.0,,,,MarkTs,False,False,0,history1
heap,No Repair,32,32,Probe,24.805958,600.0,32.0,,,,Probe,False,False,0,history1
heap,No Repair,33,33,Probe,21.640167,600.0,33.0,,,,Probe,False,False,0,history1
heap,No Repair,34,34,Update,0.003791,6.0,,,,,Update,False,False,0,history1
heap,No Repair,35,35,RecentScan,19.779958,,35.0,,,,RecentScan,False,False,0,history1
heap,No Repair,36,36,RecentScan,19.485083,,36.0,,,,RecentScan,False,False,0,history1
heap,No Repair,37,37,Update,0.007958,6.0,,,,,Update,False,False,0,history1
heap,No Repair,38,38,BuildSnap,0.0,,38.0,,,,MarkTs,False,False,0,history1
heap,No Repair,39,39,GbgCollect,11.732375,,9.0,,,,GbgCollect,False,False,0,history1
heap,No Repair,40,40,Probe,22.813416,600.0,40.0,,,,Probe,False,False,0,history1
heap,No Repair,41,41,Update,0.004166,6.0,,,,,Update,False,False,0,history1
heap,No Repair,42,42,RecentScan,19.931709,,42.0,,,,RecentScan,False,False,0,history1
heap,No Repair,43,43,Probe,24.012208,600.0,43.0,,,,Probe,False,False,0,history1
heap,No Repair,44,44,Probe,23.093834,600.0,44.0,,,,Probe,False,False,0,history1
heap,No Repair,45,45,Update,0.0039169999999999995,6.0,,,,,Update,False,False,0,history1
heap,No Repair,46,46,BuildSnap,0.0,,46.0,,,,MarkTs,False,False,0,history1
heap,No Repair,47,47,Probe,21.693958,600.0,47.0,,,,Probe,False,False,0,history1
heap,No Repair,48,48,RecentScan,20.160125,,48.0,,,,RecentScan,False,False,0,history1
heap,No Repair,49,49,RecentScan,20.12625,,49.0,,,,RecentScan,False,False,0,history1
heap,No Repair,50,50,Probe,21.842333,600.0,50.0,,,,Probe,False,False,0,history1
heap,No Repair,51,51,RecentScan,19.477583,,51.0,,,,RecentScan,False,False,0,history1
heap,No Repair,52,52,Update,0.006541,6.0,,,,,Update,False,False,0,history1
heap,No Repair,53,53,Update,0.004417,6.0,,,,,Update,False,False,0,history1
heap,No Repair,54,54,BuildSnap,0.0,,54.0,,,,MarkTs,False,False,0,history1
heap,No Repair,55,55,RecentScan,19.558208,,55.0,,,,RecentScan,False,False,0,history1
heap,No Repair,56,56,Update,0.009458,6.0,,,,,Update,False,False,0,history1
heap,No Repair,57,57,Probe,22.443458,600.0,57.0,,,,Probe,False,False,0,history1
heap,No Repair,58,58,RecentScan,19.778375,,58.0,,,,RecentScan,False,False,0,history1
heap,No Repair,59,59,Probe,21.988,600.0,59.0,,,,Probe,False,False,0,history1
heap,No Repair,60,60,RecentScan,19.815959,,60.0,,,,RecentScan,False,False,0,history1
heap,No Repair,61,61,RecentScan,19.499416,,61.0,,,,RecentScan,False,False,0,history1
heap,No Repair,62,62,Probe,25.307542,600.0,62.0,,,,Probe,False,False,0,history1
heap,No Repair,63,63,Probe,22.67175,600.0,63.0,,,,Probe,False,False,0,history1
heap,No Repair,64,64,Probe,23.120875,600.0,64.0,,,,Probe,False,False,0,history1
heap,No Repair,65,65,Probe,22.756959,600.0,65.0,,,,Probe,False,False,0,history1
heap,No Repair,66,66,GbgCollect,11.161,,17.0,,,,GbgCollect,False,False,0,history1
heap,No Repair,67,67,Probe,22.423209,600.0,67.0,,,,Probe,False,False,0,history1
heap,No Repair,68,68,RecentScan,19.697791,,68.0,,,,RecentScan,False,False,0,history1
heap,No Repair,69,69,Probe,22.112709,600.0,69.0,,,,Probe,False,False,0,history1
heap,No Repair,70,70,RecentScan,19.432041,,70.0,,,,RecentScan,False,False,0,history1
heap,No Repair,71,71,Probe,23.517292,600.0,71.0,,,,Probe,False,False,0,history1
heap,No Repair,72,72,RecentScan,20.302375,,72.0,,,,RecentScan,False,False,0,history1
heap,No Repair,73,73,Probe,22.935083,600.0,73.0,,,,Probe,False,False,0,history1
heap,No Repair,74,74,Probe,20.499958,600.0,74.0,,,,Probe,False,False,0,history1
heap,No Repair,75,75,GbgCollect,10.973291,,31.0,,,,GbgCollect,False,False,0,history1
heap,No Repair,76,76,RecentScan,20.024417,,76.0,,,,RecentScan,False,False,0,history1
heap,No Repair,77,77,RecentScan,19.964958,,77.0,,,,RecentScan,False,False,0,history1
heap,No Repair,78,78,RecentScan,20.820958,,78.0,,,,RecentScan,False,False,0,history1
heap,No Repair,79,79,RecentScan,20.672334,,79.0,,,,RecentScan,False,False,0,history1
heap,No Repair,80,80,Probe,22.894167,600.0,80.0,,,,Probe,False,False,0,history1
heap,No Repair,81,81,Update,0.004167,6.0,,,,,Update,False,False,0,history1
heap,No Repair,82,82,BuildSnap,0.0,,82.0,,,,MarkTs,False,False,0,history1
heap,No Repair,83,83,Update,0.003125,6.0,,,,,Update,False,False,0,history1
heap,No Repair,84,84,RecentScan,20.326958,,84.0,,,,RecentScan,False,False,0,history1
heap,No Repair,85,85,RecentScan,21.086416,,85.0,,,,RecentScan,False,False,0,history1
heap,No Repair,86,86,Probe,21.610833,600.0,86.0,,,,Probe,False,False,0,history1
heap,No Repair,87,87,RecentScan,20.504583,,87.0,,,,RecentScan,False,False,0,history1
heap,No Repair,88,88,Probe,22.03025,600.0,88.0,,,,Probe,False,False,0,history1
heap,No Repair,89,89,Probe,23.366959,600.0,89.0,,,,Probe,False,False,0,history1
heap,No Repair,90,90,RecentScan,20.988833,,90.0,,,,RecentScan,False,False,0,history1
heap,No Repair,91,91,Update,0.008167,6.0,,,,,Update,False,False,0,history1
heap,No Repair,92,92,BuildSnap,0.0,,92.0,,,,MarkTs,False,False,0,history1
heap,No Repair,93,93,Probe,22.445833,600.0,93.0,,,,Probe,False,False,0,history1
heap,No Repair,94,94,RecentScan,20.469333,,94.0,,,,RecentScan,False,False,0,history1
heap,No Repair,95,95,Update,0.006,6.0,,,,,Update,False,False,0,history1
heap,No Repair,96,96,RecentScan,20.811,,96.0,,,,RecentScan,False,False,0,history1
heap,No Repair,97,97,Probe,24.431375,600.0,97.0,,,,Probe,False,False,0,history1
heap,No Repair,98,98,Probe,21.489875,600.0,98.0,,,,Probe,False,False,0,history1
heap,No Repair,99,99,RecentScan,21.074375,,99.0,,,,RecentScan,False,False,0,history1
heap,No Repair,100,100,Probe,22.270125,600.0,100.0,,,,Probe,False,False,0,history1
heap,No Repair,101,101,RecentScan,20.9335,,101.0,,,,RecentScan,False,False,0,history1
heap,No Repair,102,102,Probe,23.799291,600.0,102.0,,,,Probe,False,False,0,history1
heap,No Repair,103,103,RecentScan,20.3025,,103.0,,,,RecentScan,False,False,0,history1
heap,No Repair,104,104,Update,0.007,6.0,,,,,Update,False,False,0,history1
heap,No Repair,105,105,BuildSnap,0.0,,105.0,,,,MarkTs,False,False,0,history1
heap,No Repair,106,106,Probe,23.866125,600.0,106.0,,,,Probe,False,False,0,history1
heap,No Repair,107,107,Update,0.003792,6.0,,,,,Update,False,False,0,history1
heap,No Repair,108,108,Probe,20.896875,600.0,108.0,,,,Probe,False,False,0,history1
heap,No Repair,109,109,Update,0.0037080000000000004,6.0,,,,,Update,False,False,0,history1
heap,No Repair,110,110,BuildSnap,0.0,,110.0,,,,MarkTs,False,False,0,history1
heap,No Repair,111,111,Probe,22.987208,600.0,111.0,,,,Probe,False,False,0,history1
heap,No Repair,112,112,RecentScan,20.868666,,112.0,,,,RecentScan,False,False,0,history1
heap,No Repair,113,113,Probe,22.752125,600.0,113.0,,,,Probe,False,False,0,history1
heap,No Repair,114,114,RecentScan,20.02725,,114.0,,,,RecentScan,False,False,0,history1
heap,No Repair,115,115,RecentScan,20.656708,,115.0,,,,RecentScan,False,False,0,history1
heap,No Repair,116,116,Probe,23.971208,600.0,116.0,,,,Probe,False,False,0,history1
heap,No Repair,117,117,RecentScan,20.617542,,117.0,,,,RecentScan,False,False,0,history1
heap,Read Repair,0,0,InitLoad,18.205666,60000.0,,,,,InitLoad,False,False,0,history1
heap,Read Repair,1,1,BuildSnap,0.0,,1.0,,,,MarkTs,False,False,0,history1
heap,Read Repair,2,2,Update,0.002584,6.0,,,,,Update,False,False,0,history1
heap,Read Repair,3,3,BuildSnap,0.0,,3.0,,,,MarkTs,False,False,0,history1
heap,Read Repair,4,4,RecentScan,29.521042,,4.0,,,,RecentScan,False,False,0,history1
heap,Read Repair,5,5,Update,0.009417,6.0,,,,,Update,False,False,0,history1
heap,Read Repair,6,6,RecentScan,29.239583,,6.0,,,,RecentScan,False,False,0,history1
heap,Read Repair,7,7,HistoryScan,16.293833,,1.0,,,,HistoryScan,True,False,0,history1
heap,Read Repair,8,8,Update,0.005875,6.0,,,,,Update,False,False,0,history1
heap,Read Repair,9,9,BuildSnap,0.0,,9.0,,,,MarkTs,False,False,0,history1
heap,Read Repair,10,10,HistoryScan,15.20275,,3.0,,,,HistoryScan,False,False,0,history1
heap,Read Repair,11,11,Update,0.00525,6.0,,,,,Update,False,False,0,history1
heap,Read Repair,12,12,RecentScan,28.765875,,12.0,,,,RecentScan,False,False,0,history1
heap,Read Repair,13,13,RecentScan,15.16875,,13.0,,,,RecentScan,False,False,0,history1
heap,Read Repair,14,14,Probe,15.125708,600.0,14.0,,,,Probe,False,False,0,history1
heap,Read Repair,15,15,GbgCollect,10.981459,,1.0,,,,GbgCollect,False,False,0,history1
heap,Read Repair,16,16,Update,0.0035830000000000002,6.0,,,,,Update,False,False,0,history1
heap,Read Repair,17,17,BuildSnap,0.0,,17.0,,,,MarkTs,False,False,0,history1
heap,Read Repair,18,18,Update,0.002625,6.0,,,,,Update,False,False,0,history1
heap,Read Repair,19,19,Probe,22.033125,600.0,19.0,,,,Probe,False,False,0,history1
heap,Read Repair,20,20,RecentScan,29.442667,,20.0,,,,RecentScan,False,False,0,history1
heap,Read Repair,21,21,RecentScan,14.561334,,21.0,,,,RecentScan,False,False,0,history1
heap,Read Repair,22,22,RecentScan,15.181875,,22.0,,,,RecentScan,False,False,0,history1
heap,Read Repair,23,23,Probe,13.437375,600.0,23.0,,,,Probe,False,False,0,history1
heap,Read Repair,24,24,Probe,13.634833,600.0,24.0,,,,Probe,False,False,0,history1
heap,Read Repair,25,25,Probe,12.903125,600.0,25.0,,,,Probe,False,False,0,history1
heap,Read Repair,26,26,RecentScan,14.122834,,26.0,,,,RecentScan,False,False,0,history1
heap,Read Repair,27,27,Probe,14.3425,600.0,27.0,,,,Probe,False,False,0,history1
heap,Read Repair,28,28,GbgCollect,10.743041,,3.0,,,,GbgCollect,False,False,0,history1
heap,Read Repair,29,29,RecentScan,16.016958,,29.0,,,,RecentScan,False,False,0,history1
heap,Read Repair,30,30,Update,0.005667,6.0,,,,,Update,False,False,0,history1
heap,Read Repair,31,31,BuildSnap,0.0,,31.0,,,,MarkTs,False,False,0,history1
heap,Read Repair,32,32,Probe,23.653,600.0,32.0,,,,Probe,False,False,0,history1
heap,Read Repair,33,33,Probe,21.25375,600.0,33.0,,,,Probe,False,False,0,history1
heap,Read Repair,34,34,Update,0.003625,6.0,,,,,Update,False,False,0,history1
heap,Read Repair,35,35,RecentScan,29.538416,,35.0,,,,RecentScan,False,False,0,history1
heap,Read Repair,36,36,RecentScan,15.6985,,36.0,,,,RecentScan,False,False,0,history1
heap,Read Repair,37,37,Update,0.006375,6.0,,,,,Update,False,False,0,history1
heap,Read Repair,38,38,BuildSnap,0.0,,38.0,,,,MarkTs,False,False,0,history1
heap,Read Repair,39,39,GbgCollect,11.420125,,9.0,,,,GbgCollect,False,False,0,history1
heap,Read Repair,40,40,Probe,22.519875,600.0,40.0,,,,Probe,False,False,0,history1
heap,Read Repair,41,41,Update,0.0039169999999999995,6.0,,,,,Update,False,False,0,history1
heap,Read Repair,42,42,RecentScan,29.212834,,42.0,,,,RecentScan,False,False,0,history1
heap,Read Repair,43,43,Probe,15.316709,600.0,43.0,,,,Probe,False,False,0,history1
heap,Read Repair,44,44,Probe,14.480083,600.0,44.0,,,,Probe,False,False,0,history1
heap,Read Repair,45,45,Update,0.00425,6.0,,,,,Update,False,False,0,history1
heap,Read Repair,46,46,BuildSnap,0.0,,46.0,,,,MarkTs,False,False,0,history1
heap,Read Repair,47,47,Probe,21.952167,600.0,47.0,,,,Probe,False,False,0,history1
heap,Read Repair,48,48,RecentScan,30.199291,,48.0,,,,RecentScan,False,False,0,history1
heap,Read Repair,49,49,RecentScan,16.828958,,49.0,,,,RecentScan,False,False,0,history1
heap,Read Repair,50,50,Probe,14.412791,600.0,50.0,,,,Probe,False,False,0,history1
heap,Read Repair,51,51,RecentScan,15.487542,,51.0,,,,RecentScan,False,False,0,history1
heap,Read Repair,52,52,Update,0.0058330000000000005,6.0,,,,,Update,False,False,0,history1
heap,Read Repair,53,53,Update,0.0039169999999999995,6.0,,,,,Update,False,False,0,history1
heap,Read Repair,54,54,BuildSnap,0.0,,54.0,,,,MarkTs,False,False,0,history1
heap,Read Repair,55,55,RecentScan,29.425833,,55.0,,,,RecentScan,False,False,0,history1
heap,Read Repair,56,56,Update,0.011,6.0,,,,,Update,False,False,0,history1
heap,Read Repair,57,57,Probe,22.719667,600.0,57.0,,,,Probe,False,False,0,history1
heap,Read Repair,58,58,RecentScan,29.79125,,58.0,,,,RecentScan,False,False,0,history1
heap,Read Repair,59,59,Probe,15.046875,600.0,59.0,,,,Probe,False,False,0,history1
heap,Read Repair,60,60,RecentScan,15.904917,,60.0,,,,RecentScan,False,False,0,history1
heap,Read Repair,61,61,RecentScan,16.0465,,61.0,,,,RecentScan,False,False,0,history1
heap,Read Repair,62,62,Probe,16.473791,600.0,62.0,,,,Probe,False,False,0,history1
heap,Read Repair,63,63,Probe,14.097834,600.0,63.0,,,,Probe,False,False,0,history1
heap,Read Repair,64,64,Probe,14.074625,600.0,64.0,,,,Probe,False,False,0,history1
heap,Read Repair,65,65,Probe,14.115458,600.0,65.0,,,,Probe,False,False,0,history1
heap,Read Repair,66,66,GbgCollect,10.687416,,17.0,,,,GbgCollect,False,False,0,history1
heap,Read Repair,67,67,Probe,14.225917,600.0,67.0,,,,Probe,False,False,0,history1
heap,Read Repair,68,68,RecentScan,14.269209,,68.0,,,,RecentScan,False,False,0,history1
heap,Read Repair,69,69,Probe,14.760625,600.0,69.0,,,,Probe,False,False,0,history1
heap,Read Repair,70,70,RecentScan,16.106958,,70.0,,,,RecentScan,False,False,0,history1
heap,Read Repair,71,71,Probe,15.111959,600.0,71.0,,,,Probe,False,False,0,history1
heap,Read Repair,72,72,RecentScan,15.152083,,72.0,,,,RecentScan,False,False,0,history1
heap,Read Repair,73,73,Probe,14.756208,600.0,73.0,,,,Probe,False,False,0,history1
heap,Read Repair,74,74,Probe,13.474334,600.0,74.0,,,,Probe,False,False,0,history1
heap,Read Repair,75,75,GbgCollect,10.730791,,31.0,,,,GbgCollect,False,False,0,history1
heap,Read Repair,76,76,RecentScan,14.119792,,76.0,,,,RecentScan,False,False,0,history1
heap,Read Repair,77,77,RecentScan,15.042459,,77.0,,,,RecentScan,False,False,0,history1
heap,Read Repair,78,78,RecentScan,15.62475,,78.0,,,,RecentScan,False,False,0,history1
heap,Read Repair,79,79,RecentScan,15.241209,,79.0,,,,RecentScan,False,False,0,history1
heap,Read Repair,80,80,Probe,15.420292,600.0,80.0,,,,Probe,False,False,0,history1
heap,Read Repair,81,81,Update,0.003833,6.0,,,,,Update,False,False,0,history1
heap,Read Repair,82,82,BuildSnap,0.0,,82.0,,,,MarkTs,False,False,0,history1
heap,Read Repair,83,83,Update,0.002958,6.0,,,,,Update,False,False,0,history1
heap,Read Repair,84,84,RecentScan,29.667666,,84.0,,,,RecentScan,False,False,0,history1
heap,Read Repair,85,85,RecentScan,15.755375,,85.0,,,,RecentScan,False,False,0,history1
heap,Read Repair,86,86,Probe,13.757375,600.0,86.0,,,,Probe,False,False,0,history1
heap,Read Repair,87,87,RecentScan,15.296125,,87.0,,,,RecentScan,False,False,0,history1
heap,Read Repair,88,88,Probe,14.225292,600.0,88.0,,,,Probe,False,False,0,history1
heap,Read Repair,89,89,Probe,14.95,600.0,89.0,,,,Probe,False,False,0,history1
heap,Read Repair,90,90,RecentScan,15.787042,,90.0,,,,RecentScan,False,False,0,history1
heap,Read Repair,91,91,Update,0.005416000000000001,6.0,,,,,Update,False,False,0,history1
heap,Read Repair,92,92,BuildSnap,0.0,,92.0,,,,MarkTs,False,False,0,history1
heap,Read Repair,93,93,Probe,21.8315,600.0,93.0,,,,Probe,False,False,0,history1
heap,Read Repair,94,94,RecentScan,29.257917,,94.0,,,,RecentScan,False,False,0,history1
heap,Read Repair,95,95,Update,0.006708,6.0,,,,,Update,False,False,0,history1
heap,Read Repair,96,96,RecentScan,29.533541,,96.0,,,,RecentScan,False,False,0,history1
heap,Read Repair,97,97,Probe,16.517333,600.0,97.0,,,,Probe,False,False,0,history1
heap,Read Repair,98,98,Probe,14.107834,600.0,98.0,,,,Probe,False,False,0,history1
heap,Read Repair,99,99,RecentScan,15.554375,,99.0,,,,RecentScan,False,False,0,history1
heap,Read Repair,100,100,Probe,14.403791,600.0,100.0,,,,Probe,False,False,0,history1
heap,Read Repair,101,101,RecentScan,15.19975,,101.0,,,,RecentScan,False,False,0,history1
heap,Read Repair,102,102,Probe,14.811041,600.0,102.0,,,,Probe,False,False,0,history1
heap,Read Repair,103,103,RecentScan,15.338292,,103.0,,,,RecentScan,False,False,0,history1
heap,Read Repair,104,104,Update,0.005625,6.0,,,,,Update,False,False,0,history1
heap,Read Repair,105,105,BuildSnap,0.0,,105.0,,,,MarkTs,False,False,0,history1
heap,Read Repair,106,106,Probe,23.849834,600.0,106.0,,,,Probe,False,False,0,history1
heap,Read Repair,107,107,Update,0.004042,6.0,,,,,Update,False,False,0,history1
heap,Read Repair,108,108,Probe,20.727875,600.0,108.0,,,,Probe,False,False,0,history1
heap,Read Repair,109,109,Update,0.003875,6.0,,,,,Update,False,False,0,history1
heap,Read Repair,110,110,BuildSnap,0.0,,110.0,,,,MarkTs,False,False,0,history1
heap,Read Repair,111,111,Probe,22.696875,600.0,111.0,,,,Probe,False,False,0,history1
heap,Read Repair,112,112,RecentScan,29.946333,,112.0,,,,RecentScan,False,False,0,history1
heap,Read Repair,113,113,Probe,15.274875,600.0,113.0,,,,Probe,False,False,0,history1
heap,Read Repair,114,114,RecentScan,15.832042,,114.0,,,,RecentScan,False,False,0,history1
heap,Read Repair,115,115,RecentScan,15.106917,,115.0,,,,RecentScan,False,False,0,history1
heap,Read Repair,116,116,Probe,15.535833,600.0,116.0,,,,Probe,False,False,0,history1
heap,Read Repair,117,117,RecentScan,15.259708,,117.0,,,,RecentScan,False,False,0,history1
heap,Write Repair,0,0,InitLoad,19.111,60000.0,,,,,InitLoad,False,False,0,history1
heap,Write Repair,1,1,BuildSnap,0.0,,1.0,,,,MarkTs,False,False,0,history1
heap,Write Repair,2,2,Update,1.014959,6.0,,,,,Update,False,False,0,history1
heap,Write Repair,3,3,BuildSnap,0.0,,3.0,,,,MarkTs,False,False,0,history1
heap,Write Repair,4,4,RecentScan,15.263,,4.0,,,,RecentScan,False,False,0,history1
heap,Write Repair,5,5,Update,0.804917,6.0,,,,,Update,False,False,0,history1
heap,Write Repair,6,6,RecentScan,15.04925,,6.0,,,,RecentScan,False,False,0,history1
heap,Write Repair,7,7,HistoryScan,15.111375,,1.0,,,,HistoryScan,True,False,0,history1
heap,Write Repair,8,8,Update,0.71975,6.0,,,,,Update,False,False,0,history1
heap,Write Repair,9,9,BuildSnap,0.0,,9.0,,,,MarkTs,False,False,0,history1
heap,Write Repair,10,10,HistoryScan,15.296334,,3.0,,,,HistoryScan,False,False,0,history1
heap,Write Repair,11,11,Update,0.680875,6.0,,,,,Update,False,False,0,history1
heap,Write Repair,12,12,RecentScan,14.926833,,12.0,,,,RecentScan,False,False,0,history1
heap,Write Repair,13,13,RecentScan,15.817041,,13.0,,,,RecentScan,False,False,0,history1
heap,Write Repair,14,14,Probe,15.351458,600.0,14.0,,,,Probe,False,False,0,history1
heap,Write Repair,15,15,GbgCollect,11.210625,,1.0,,,,GbgCollect,False,False,0,history1
heap,Write Repair,16,16,Update,0.649334,6.0,,,,,Update,False,False,0,history1
heap,Write Repair,17,17,BuildSnap,0.0,,17.0,,,,MarkTs,False,False,0,history1
heap,Write Repair,18,18,Update,0.46966699999999995,6.0,,,,,Update,False,False,0,history1
heap,Write Repair,19,19,Probe,14.634417,600.0,19.0,,,,Probe,False,False,0,history1
heap,Write Repair,20,20,RecentScan,14.061041,,20.0,,,,RecentScan,False,False,0,history1
heap,Write Repair,21,21,RecentScan,14.783333,,21.0,,,,RecentScan,False,False,0,history1
heap,Write Repair,22,22,RecentScan,15.018208,,22.0,,,,RecentScan,False,False,0,history1
heap,Write Repair,23,23,Probe,13.862792,600.0,23.0,,,,Probe,False,False,0,history1
heap,Write Repair,24,24,Probe,14.21275,600.0,24.0,,,,Probe,False,False,0,history1
heap,Write Repair,25,25,Probe,13.589334,600.0,25.0,,,,Probe,False,False,0,history1
heap,Write Repair,26,26,RecentScan,14.571916,,26.0,,,,RecentScan,False,False,0,history1
heap,Write Repair,27,27,Probe,15.020625,600.0,27.0,,,,Probe,False,False,0,history1
heap,Write Repair,28,28,GbgCollect,10.949417,,3.0,,,,GbgCollect,False,False,0,history1
heap,Write Repair,29,29,RecentScan,16.014417,,29.0,,,,RecentScan,False,False,0,history1
heap,Write Repair,30,30,Update,0.8520829999999999,6.0,,,,,Update,False,False,0,history1
heap,Write Repair,31,31,BuildSnap,0.0,,31.0,,,,MarkTs,False,False,0,history1
heap,Write Repair,32,32,Probe,15.532167,600.0,32.0,,,,Probe,False,False,0,history1
heap,Write Repair,33,33,Probe,13.696833,600.0,33.0,,,,Probe,False,False,0,history1
heap,Write Repair,34,34,Update,0.907792,6.0,,,,,Update,False,False,0,history1
heap,Write Repair,35,35,RecentScan,15.466333,,35.0,,,,RecentScan,False,False,0,history1
heap,Write Repair,36,36,RecentScan,15.583708,,36.0,,,,RecentScan,False,False,0,history1
heap,Write Repair,37,37,Update,0.7560410000000001,6.0,,,,,Update,False,False,0,history1
heap,Write Repair,38,38,BuildSnap,0.0,,38.0,,,,MarkTs,False,False,0,history1
heap,Write Repair,39,39,GbgCollect,10.866458,,9.0,,,,GbgCollect,False,False,0,history1
heap,Write Repair,40,40,Probe,14.625208,600.0,40.0,,,,Probe,False,False,0,history1
heap,Write Repair,41,41,Update,0.819958,6.0,,,,,Update,False,False,0,history1
heap,Write Repair,42,42,RecentScan,14.670083,,42.0,,,,RecentScan,False,False,0,history1
heap,Write Repair,43,43,Probe,15.510583,600.0,43.0,,,,Probe,False,False,0,history1
heap,Write Repair,44,44,Probe,14.485958,600.0,44.0,,,,Probe,False,False,0,history1
heap,Write Repair,45,45,Update,0.90325,6.0,,,,,Update,False,False,0,history1
heap,Write Repair,46,46,BuildSnap,0.0,,46.0,,,,MarkTs,False,False,0,history1
heap,Write Repair,47,47,Probe,14.403292,600.0,47.0,,,,Probe,False,False,0,history1
heap,Write Repair,48,48,RecentScan,15.974292,,48.0,,,,RecentScan,False,False,0,history1
heap,Write Repair,49,49,RecentScan,15.549459,,49.0,,,,RecentScan,False,False,0,history1
heap,Write Repair,50,50,Probe,14.531083,600.0,50.0,,,,Probe,False,False,0,history1
heap,Write Repair,51,51,RecentScan,16.042,,51.0,,,,RecentScan,False,False,0,history1
heap,Write Repair,52,52,Update,0.88725,6.0,,,,,Update,False,False,0,history1
heap,Write Repair,53,53,Update,0.5901660000000001,6.0,,,,,Update,False,False,0,history1
heap,Write Repair,54,54,BuildSnap,0.0,,54.0,,,,MarkTs,False,False,0,history1
heap,Write Repair,55,55,RecentScan,15.470834,,55.0,,,,RecentScan,False,False,0,history1
heap,Write Repair,56,56,Update,0.846625,6.0,,,,,Update,False,False,0,history1
heap,Write Repair,57,57,Probe,14.832625,600.0,57.0,,,,Probe,False,False,0,history1
heap,Write Repair,58,58,RecentScan,15.844125,,58.0,,,,RecentScan,False,False,0,history1
heap,Write Repair,59,59,Probe,14.791833,600.0,59.0,,,,Probe,False,False,0,history1
heap,Write Repair,60,60,RecentScan,13.850542,,60.0,,,,RecentScan,False,False,0,history1
heap,Write Repair,61,61,RecentScan,14.562,,61.0,,,,RecentScan,False,False,0,history1
heap,Write Repair,62,62,Probe,16.465166,600.0,62.0,,,,Probe,False,False,0,history1
heap,Write Repair,63,63,Probe,14.159584,600.0,63.0,,,,Probe,False,False,0,history1
heap,Write Repair,64,64,Probe,14.606917,600.0,64.0,,,,Probe,False,False,0,history1
heap,Write Repair,65,65,Probe,14.348958,600.0,65.0,,,,Probe,False,False,0,history1
heap,Write Repair,66,66,GbgCollect,11.147625,,17.0,,,,GbgCollect,False,False,0,history1
heap,Write Repair,67,67,Probe,14.761083,600.0,67.0,,,,Probe,False,False,0,history1
heap,Write Repair,68,68,RecentScan,15.419417,,68.0,,,,RecentScan,False,False,0,history1
heap,Write Repair,69,69,Probe,14.698166,600.0,69.0,,,,Probe,False,False,0,history1
heap,Write Repair,70,70,RecentScan,15.777917,,70.0,,,,RecentScan,False,False,0,history1
heap,Write Repair,71,71,Probe,15.094583,600.0,71.0,,,,Probe,False,False,0,history1
heap,Write Repair,72,72,RecentScan,16.2245,,72.0,,,,RecentScan,False,False,0,history1
heap,Write Repair,73,73,Probe,14.893959,600.0,73.0,,,,Probe,False,False,0,history1
heap,Write Repair,74,74,Probe,13.444,600.0,74.0,,,,Probe,False,False,0,history1
heap,Write Repair,75,75,GbgCollect,10.83725,,31.0,,,,GbgCollect,False,False,0,history1
heap,Write Repair,76,76,RecentScan,15.000209,,76.0,,,,RecentScan,False,False,0,history1
heap,Write Repair,77,77,RecentScan,15.473542,,77.0,,,,RecentScan,False,False,0,history1
heap,Write Repair,78,78,RecentScan,15.178208,,78.0,,,,RecentScan,False,False,0,history1
heap,Write Repair,79,79,RecentScan,15.044916,,79.0,,,,RecentScan,False,False,0,history1
heap,Write Repair,80,80,Probe,14.954916,600.0,80.0,,,,Probe,False,False,0,history1
heap,Write Repair,81,81,Update,0.864625,6.0,,,,,Update,False,False,0,history1
heap,Write Repair,82,82,BuildSnap,0.0,,82.0,,,,MarkTs,False,False,0,history1
heap,Write Repair,83,83,Update,0.544333,6.0,,,,,Update,False,False,0,history1
heap,Write Repair,84,84,RecentScan,14.801041,,84.0,,,,RecentScan,False,False,0,history1
heap,Write Repair,85,85,RecentScan,14.859792,,85.0,,,,RecentScan,False,False,0,history1
heap,Write Repair,86,86,Probe,13.9565,600.0,86.0,,,,Probe,False,False,0,history1
heap,Write Repair,87,87,RecentScan,14.170625,,87.0,,,,RecentScan,False,False,0,history1
heap,Write Repair,88,88,Probe,14.621542,600.0,88.0,,,,Probe,False,False,0,history1
heap,Write Repair,89,89,Probe,15.013833,600.0,89.0,,,,Probe,False,False,0,history1
heap,Write Repair,90,90,RecentScan,15.44475,,90.0,,,,RecentScan,False,False,0,history1
heap,Write Repair,91,91,Update,0.808125,6.0,,,,,Update,False,False,0,history1
heap,Write Repair,92,92,BuildSnap,0.0,,92.0,,,,MarkTs,False,False,0,history1
heap,Write Repair,93,93,Probe,14.36725,600.0,93.0,,,,Probe,False,False,0,history1
heap,Write Repair,94,94,RecentScan,15.810167,,94.0,,,,RecentScan,False,False,0,history1
heap,Write Repair,95,95,Update,0.925542,6.0,,,,,Update,False,False,0,history1
heap,Write Repair,96,96,RecentScan,15.566958,,96.0,,,,RecentScan,False,False,0,history1
heap,Write Repair,97,97,Probe,16.231792,600.0,97.0,,,,Probe,False,False,0,history1
heap,Write Repair,98,98,Probe,13.767125,600.0,98.0,,,,Probe,False,False,0,history1
heap,Write Repair,99,99,RecentScan,15.921167,,99.0,,,,RecentScan,False,False,0,history1
heap,Write Repair,100,100,Probe,14.488708,600.0,100.0,,,,Probe,False,False,0,history1
heap,Write Repair,101,101,RecentScan,15.329917,,101.0,,,,RecentScan,False,False,0,history1
heap,Write Repair,102,102,Probe,16.023083,600.0,102.0,,,,Probe,False,False,0,history1
heap,Write Repair,103,103,RecentScan,14.015708,,103.0,,,,RecentScan,False,False,0,history1
heap,Write Repair,104,104,Update,0.946375,6.0,,,,,Update,False,False,0,history1
heap,Write Repair,105,105,BuildSnap,0.0,,105.0,,,,MarkTs,False,False,0,history1
heap,Write Repair,106,106,Probe,15.736917,600.0,106.0,,,,Probe,False,False,0,history1
heap,Write Repair,107,107,Update,0.952333,6.0,,,,,Update,False,False,0,history1
heap,Write Repair,108,108,Probe,13.546292,600.0,108.0,,,,Probe,False,False,0,history1
heap,Write Repair,109,109,Update,0.702042,6.0,,,,,Update,False,False,0,history1
heap,Write Repair,110,110,BuildSnap,0.0,,110.0,,,,MarkTs,False,False,0,history1
heap,Write Repair,111,111,Probe,15.144333,600.0,111.0,,,,Probe,False,False,0,history1
heap,Write Repair,112,112,RecentScan,15.769625,,112.0,,,,RecentScan,False,False,0,history1
heap,Write Repair,113,113,Probe,15.543333,600.0,113.0,,,,Probe,False,False,0,history1
heap,Write Repair,114,114,RecentScan,15.658583,,114.0,,,,RecentScan,False,False,0,history1
heap,Write Repair,115,115,RecentScan,15.471375,,115.0,,,,RecentScan,False,False,0,history1
heap,Write Repair,116,116,Probe,15.279875,600.0,116.0,,,,Probe,False,False,0,history1
heap,Write Repair,117,117,RecentScan,16.085417,,117.0,,,,RecentScan,False,False,0,history1
chain,No Repair,0,0,InitLoad,18.571334,60000.0,,,,,InitLoad,False,False,0,history1
chain,No Repair,1,1,BuildSnap,0.0,,1.0,,,,MarkTs,False,False,0,history1
chain,No Repair,2,2,Update,1.279,6.0,,,,,Update,False,False,0,history1
chain,No Repair,3,3,BuildSnap,0.0,,3.0,,,,MarkTs,False,False,0,history1
chain,No Repair,4,4,RecentScan,16.703417,,4.0,,,,RecentScan,False,False,0,history1
chain,No Repair,5,5,Update,1.984292,6.0,,,,,Update,False,False,0,history1
chain,No Repair,6,6,RecentScan,14.9895,,6.0,,,,RecentScan,False,False,0,history1
chain,No Repair,7,7,HistoryScan,14.491375,,1.0,,,,HistoryScan,True,False,0,history1
chain,No Repair,8,8,Update,0.83425,6.0,,,,,Update,False,False,0,history1
chain,No Repair,9,9,BuildSnap,0.0,,9.0,,,,MarkTs,False,False,0,history1
chain,No Repair,10,10,HistoryScan,15.050958,,3.0,,,,HistoryScan,False,False,0,history1
chain,No Repair,11,11,Update,0.800375,6.0,,,,,Update,False,False,0,history1
chain,No Repair,12,12,RecentScan,12.764333,,12.0,,,,RecentScan,False,False,0,history1
chain,No Repair,13,13,RecentScan,25.278958,,13.0,,,,RecentScan,False,False,0,history1
chain,No Repair,14,14,Probe,16.915583,600.0,14.0,,,,Probe,False,False,0,history1
chain,No Repair,15,15,GbgCollect,0.026208,,1.0,,,,GbgCollect,False,False,0,history1
chain,No Repair,16,16,Update,1.496333,6.0,,,,,Update,False,False,0,history1
chain,No Repair,17,17,BuildSnap,0.0,,17.0,,,,MarkTs,False,False,0,history1
chain,No Repair,18,18,Update,0.42379199999999995,6.0,,,,,Update,False,False,0,history1
chain,No Repair,19,19,Probe,14.656208,600.0,19.0,,,,Probe,False,False,0,history1
chain,No Repair,20,20,RecentScan,17.010625,,20.0,,,,RecentScan,False,False,0,history1
chain,No Repair,21,21,RecentScan,16.042041,,21.0,,,,RecentScan,False,False,0,history1
chain,No Repair,22,22,RecentScan,16.85875,,22.0,,,,RecentScan,False,False,0,history1
chain,No Repair,23,23,Probe,13.785541,600.0,23.0,,,,Probe,False,False,0,history1
chain,No Repair,24,24,Probe,14.5635,600.0,24.0,,,,Probe,False,False,0,history1
chain,No Repair,25,25,Probe,13.870958,600.0,25.0,,,,Probe,False,False,0,history1
chain,No Repair,26,26,RecentScan,15.400625,,26.0,,,,RecentScan,False,False,0,history1
chain,No Repair,27,27,Probe,14.862042,600.0,27.0,,,,Probe,False,False,0,history1
chain,No Repair,28,28,GbgCollect,0.024332999999999997,,3.0,,,,GbgCollect,False,False,0,history1
chain,No Repair,29,29,RecentScan,16.016416,,29.0,,,,RecentScan,False,False,0,history1
chain,No Repair,30,30,Update,0.937209,6.0,,,,,Update,False,False,0,history1
chain,No Repair,31,31,BuildSnap,0.0,,31.0,,,,MarkTs,False,False,0,history1
chain,No Repair,32,32,Probe,16.137541,600.0,32.0,,,,Probe,False,False,0,history1
chain,No Repair,33,33,Probe,14.210584,600.0,33.0,,,,Probe,False,False,0,history1
chain,No Repair,34,34,Update,0.7975420000000001,6.0,,,,,Update,False,False,0,history1
chain,No Repair,35,35,RecentScan,16.075292,,35.0,,,,RecentScan,False,False,0,history1
chain,No Repair,36,36,RecentScan,16.37125,,36.0,,,,RecentScan,False,False,0,history1
chain,No Repair,37,37,Update,0.767125,6.0,,,,,Update,False,False,0,history1
chain,No Repair,38,38,BuildSnap,0.0,,38.0,,,,MarkTs,False,False,0,history1
chain,No Repair,39,39,GbgCollect,0.026291000000000002,,9.0,,,,GbgCollect,False,False,0,history1
chain,No Repair,40,40,Probe,15.202625,600.0,40.0,,,,Probe,False,False,0,history1
chain,No Repair,41,41,Update,0.6905,6.0,,,,,Update,False,False,0,history1
chain,No Repair,42,42,RecentScan,16.469,,42.0,,,,RecentScan,False,False,0,history1
chain,No Repair,43,43,Probe,15.357208,600.0,43.0,,,,Probe,False,False,0,history1
chain,No Repair,44,44,Probe,15.37925,600.0,44.0,,,,Probe,False,False,0,history1
chain,No Repair,45,45,Update,0.882667,6.0,,,,,Update,False,False,0,history1
chain,No Repair,46,46,BuildSnap,0.0,,46.0,,,,MarkTs,False,False,0,history1
chain,No Repair,47,47,Probe,14.334541,600.0,47.0,,,,Probe,False,False,0,history1
chain,No Repair,48,48,RecentScan,17.024209,,48.0,,,,RecentScan,False,False,0,history1
chain,No Repair,49,49,RecentScan,15.665417,,49.0,,,,RecentScan,False,False,0,history1
chain,No Repair,50,50,Probe,14.961125,600.0,50.0,,,,Probe,False,False,0,history1
chain,No Repair,51,51,RecentScan,13.371833,,51.0,,,,RecentScan,False,False,0,history1
chain,No Repair,52,52,Update,0.8630829999999999,6.0,,,,,Update,False,False,0,history1
chain,No Repair,53,53,Update,0.5833339999999999,6.0,,,,,Update,False,False,0,history1
chain,No Repair,54,54,BuildSnap,0.0,,54.0,,,,MarkTs,False,False,0,history1
chain,No Repair,55,55,RecentScan,14.923042,,55.0,,,,RecentScan,False,False,0,history1
chain,No Repair,56,56,Update,0.923083,6.0,,,,,Update,False,False,0,history1
chain,No Repair,57,57,Probe,14.832125,600.0,57.0,,,,Probe,False,False,0,history1
chain,No Repair,58,58,RecentScan,15.358709,,58.0,,,,RecentScan,False,False,0,history1
chain,No Repair,59,59,Probe,15.090875,600.0,59.0,,,,Probe,False,False,0,history1
chain,No Repair,60,60,RecentScan,15.785917,,60.0,,,,RecentScan,False,False,0,history1
chain,No Repair,61,61,RecentScan,16.119084,,61.0,,,,RecentScan,False,False,0,history1
chain,No Repair,62,62,Probe,16.429166,600.0,62.0,,,,Probe,False,False,0,history1
chain,No Repair,63,63,Probe,14.7035,600.0,63.0,,,,Probe,False,False,0,history1
chain,No Repair,64,64,Probe,14.534875,600.0,64.0,,,,Probe,False,False,0,history1
chain,No Repair,65,65,Probe,14.618416,600.0,65.0,,,,Probe,False,False,0,history1
chain,No Repair,66,66,GbgCollect,0.025542000000000002,,17.0,,,,GbgCollect,False,False,0,history1
chain,No Repair,67,67,Probe,14.147959,600.0,67.0,,,,Probe,False,False,0,history1
chain,No Repair,68,68,RecentScan,14.35975,,68.0,,,,RecentScan,False,False,0,history1
chain,No Repair,69,69,Probe,14.340542,600.0,69.0,,,,Probe,False,False,0,history1
chain,No Repair,70,70,RecentScan,15.921416,,70.0,,,,RecentScan,False,False,0,history1
chain,No Repair,71,71,Probe,15.74775,600.0,71.0,,,,Probe,False,False,0,history1
chain,No Repair,72,72,RecentScan,15.785875,,72.0,,,,RecentScan,False,False,0,history1
chain,No Repair,73,73,Probe,15.086084,600.0,73.0,,,,Probe,False,False,0,history1
chain,No Repair,74,74,Probe,13.6045,600.0,74.0,,,,Probe,False,False,0,history1
chain,No Repair,75,75,GbgCollect,0.0265,,31.0,,,,GbgCollect,False,False,0,history1
chain,No Repair,76,76,RecentScan,15.580291,,76.0,,,,RecentScan,False,False,0,history1
chain,No Repair,77,77,RecentScan,15.407792,,77.0,,,,RecentScan,False,False,0,history1
chain,No Repair,78,78,RecentScan,14.254792,,78.0,,,,RecentScan,False,False,0,history1
chain,No Repair,79,79,RecentScan,14.303542,,79.0,,,,RecentScan,False,False,0,history1
chain,No Repair,80,80,Probe,15.273291,600.0,80.0,,,,Probe,False,False,0,history1
chain,No Repair,81,81,Update,0.87175,6.0,,,,,Update,False,False,0,history1
chain,No Repair,82,82,BuildSnap,0.0,,82.0,,,,MarkTs,False,False,0,history1
chain,No Repair,83,83,Update,0.499291,6.0,,,,,Update,False,False,0,history1
chain,No Repair,84,84,RecentScan,16.053584,,84.0,,,,RecentScan,False,False,0,history1
chain,No Repair,85,85,RecentScan,14.174125,,85.0,,,,RecentScan,False,False,0,history1
chain,No Repair,86,86,Probe,14.303792,600.0,86.0,,,,Probe,False,False,0,history1
chain,No Repair,87,87,RecentScan,17.085459,,87.0,,,,RecentScan,False,False,0,history1
chain,No Repair,88,88,Probe,15.056542,600.0,88.0,,,,Probe,False,False,0,history1
chain,No Repair,89,89,Probe,15.592916,600.0,89.0,,,,Probe,False,False,0,history1
chain,No Repair,90,90,RecentScan,15.092084,,90.0,,,,RecentScan,False,False,0,history1
chain,No Repair,91,91,Update,0.7895420000000001,6.0,,,,,Update,False,False,0,history1
chain,No Repair,92,92,BuildSnap,0.0,,92.0,,,,MarkTs,False,False,0,history1
chain,No Repair,93,93,Probe,14.28525,600.0,93.0,,,,Probe,False,False,0,history1
chain,No Repair,94,94,RecentScan,15.017375,,94.0,,,,RecentScan,False,False,0,history1
chain,No Repair,95,95,Update,0.816375,6.0,,,,,Update,False,False,0,history1
chain,No Repair,96,96,RecentScan,14.857125,,96.0,,,,RecentScan,False,False,0,history1
chain,No Repair,97,97,Probe,16.199583,600.0,97.0,,,,Probe,False,False,0,history1
chain,No Repair,98,98,Probe,14.922542,600.0,98.0,,,,Probe,False,False,0,history1
chain,No Repair,99,99,RecentScan,16.8995,,99.0,,,,RecentScan,False,False,0,history1
chain,No Repair,100,100,Probe,15.22725,600.0,100.0,,,,Probe,False,False,0,history1
chain,No Repair,101,101,RecentScan,15.826083,,101.0,,,,RecentScan,False,False,0,history1
chain,No Repair,102,102,Probe,15.629083,600.0,102.0,,,,Probe,False,False,0,history1
chain,No Repair,103,103,RecentScan,17.566667,,103.0,,,,RecentScan,False,False,0,history1
chain,No Repair,104,104,Update,1.181292,6.0,,,,,Update,False,False,0,history1
chain,No Repair,105,105,BuildSnap,0.0,,105.0,,,,MarkTs,False,False,0,history1
chain,No Repair,106,106,Probe,16.208958,600.0,106.0,,,,Probe,False,False,0,history1
chain,No Repair,107,107,Update,0.889458,6.0,,,,,Update,False,False,0,history1
chain,No Repair,108,108,Probe,14.063292,600.0,108.0,,,,Probe,False,False,0,history1
chain,No Repair,109,109,Update,0.74275,6.0,,,,,Update,False,False,0,history1
chain,No Repair,110,110,BuildSnap,0.0,,110.0,,,,MarkTs,False,False,0,history1
chain,No Repair,111,111,Probe,15.284875,600.0,111.0,,,,Probe,False,False,0,history1
chain,No Repair,112,112,RecentScan,17.08575,,112.0,,,,RecentScan,False,False,0,history1
chain,No Repair,113,113,Probe,15.350042,600.0,113.0,,,,Probe,False,False,0,history1
chain,No Repair,114,114,RecentScan,16.080083,,114.0,,,,RecentScan,False,False,0,history1
chain,No Repair,115,115,RecentScan,16.836958,,115.0,,,,RecentScan,False,False,0,history1
chain,No Repair,116,116,Probe,15.719834,600.0,116.0,,,,Probe,False,False,0,history1
chain,No Repair,117,117,RecentScan,16.8835,,117.0,,,,RecentScan,False,False,0,history1
chain,Read Repair,0,0,InitLoad,19.164834,60000.0,,,,,InitLoad,False,False,0,history1
chain,Read Repair,1,1,BuildSnap,0.0,,1.0,,,,MarkTs,False,False,0,history1
chain,Read Repair,2,2,Update,1.428542,6.0,,,,,Update,False,False,0,history1
chain,Read Repair,3,3,BuildSnap,0.0,,3.0,,,,MarkTs,False,False,0,history1
chain,Read Repair,4,4,RecentScan,16.774541,,4.0,,,,RecentScan,False,False,0,history1
chain,Read Repair,5,5,Update,1.045459,6.0,,,,,Update,False,False,0,history1
chain,Read Repair,6,6,RecentScan,14.879958,,6.0,,,,RecentScan,False,False,0,history1
chain,Read Repair,7,7,HistoryScan,15.113417,,1.0,,,,HistoryScan,True,False,0,history1
chain,Read Repair,8,8,Update,0.932041,6.0,,,,,Update,False,False,0,history1
chain,Read Repair,9,9,BuildSnap,0.0,,9.0,,,,MarkTs,False,False,0,history1
chain,Read Repair,10,10,HistoryScan,14.417125,,3.0,,,,HistoryScan,False,False,0,history1
chain,Read Repair,11,11,Update,0.7403339999999999,6.0,,,,,Update,False,False,0,history1
chain,Read Repair,12,12,RecentScan,14.884334,,12.0,,,,RecentScan,False,False,0,history1
chain,Read Repair,13,13,RecentScan,13.552125,,13.0,,,,RecentScan,False,False,0,history1
chain,Read Repair,14,14,Probe,16.033292,600.0,14.0,,,,Probe,False,False,0,history1
chain,Read Repair,15,15,GbgCollect,0.025666,,1.0,,,,GbgCollect,False,False,0,history1
chain,Read Repair,16,16,Update,0.8837079999999999,6.0,,,,,Update,False,False,0,history1
chain,Read Repair,17,17,BuildSnap,0.0,,17.0,,,,MarkTs,False,False,0,history1
chain,Read Repair,18,18,Update,0.512042,6.0,,,,,Update,False,False,0,history1
chain,Read Repair,19,19,Probe,14.877417,600.0,19.0,,,,Probe,False,False,0,history1
chain,Read Repair,20,20,RecentScan,14.563792,,20.0,,,,RecentScan,False,False,0,history1
chain,Read Repair,21,21,RecentScan,14.825125,,21.0,,,,RecentScan,False,False,0,history1
chain,Read Repair,22,22,RecentScan,15.581875,,22.0,,,,RecentScan,False,False,0,history1
chain,Read Repair,23,23,Probe,13.971583,600.0,23.0,,,,Probe,False,False,0,history1
chain,Read Repair,24,24,Probe,14.673125,600.0,24.0,,,,Probe,False,False,0,history1
chain,Read Repair,25,25,Probe,14.203208,600.0,25.0,,,,Probe,False,False,0,history1
chain,Read Repair,26,26,RecentScan,14.531083,,26.0,,,,RecentScan,False,False,0,history1
chain,Read Repair,27,27,Probe,14.916167,600.0,27.0,,,,Probe,False,False,0,history1
chain,Read Repair,28,28,GbgCollect,0.033083,,3.0,,,,GbgCollect,False,False,0,history1
chain,Read Repair,29,29,RecentScan,14.23525,,29.0,,,,RecentScan,False,False,0,history1
chain,Read Repair,30,30,Update,0.8766670000000001,6.0,,,,,Update,False,False,0,history1
chain,Read Repair,31,31,BuildSnap,0.0,,31.0,,,,MarkTs,False,False,0,history1
chain,Read Repair,32,32,Probe,15.487875,600.0,32.0,,,,Probe,False,False,0,history1
chain,Read Repair,33,33,Probe,13.939667,600.0,33.0,,,,Probe,False,False,0,history1
chain,Read Repair,34,34,Update,0.7107089999999999,6.0,,,,,Update,False,False,0,history1
chain,Read Repair,35,35,RecentScan,15.016375,,35.0,,,,RecentScan,False,False,0,history1
chain,Read Repair,36,36,RecentScan,15.256625,,36.0,,,,RecentScan,False,False,0,history1
chain,Read Repair,37,37,Update,0.821667,6.0,,,,,Update,False,False,0,history1
chain,Read Repair,38,38,BuildSnap,0.0,,38.0,,,,MarkTs,False,False,0,history1
chain,Read Repair,39,39,GbgCollect,0.022833,,9.0,,,,GbgCollect,False,False,0,history1
chain,Read Repair,40,40,Probe,15.074167,600.0,40.0,,,,Probe,False,False,0,history1
chain,Read Repair,41,41,Update,0.725125,6.0,,,,,Update,False,False,0,history1
chain,Read Repair,42,42,RecentScan,14.724042,,42.0,,,,RecentScan,False,False,0,history1
chain,Read Repair,43,43,Probe,15.447208,600.0,43.0,,,,Probe,False,False,0,history1
chain,Read Repair,44,44,Probe,14.737916,600.0,44.0,,,,Probe,False,False,0,history1
chain,Read Repair,45,45,Update,0.801958,6.0,,,,,Update,False,False,0,history1
chain,Read Repair,46,46,BuildSnap,0.0,,46.0,,,,MarkTs,False,False,0,history1
chain,Read Repair,47,47,Probe,14.043209,600.0,47.0,,,,Probe,False,False,0,history1
chain,Read Repair,48,48,RecentScan,14.570334,,48.0,,,,RecentScan,False,False,0,history1
chain,Read Repair,49,49,RecentScan,14.280167,,49.0,,,,RecentScan,False,False,0,history1
chain,Read Repair,50,50,Probe,14.912458,600.0,50.0,,,,Probe,False,False,0,history1
chain,Read Repair,51,51,RecentScan,15.604625,,51.0,,,,RecentScan,False,False,0,history1
chain,Read Repair,52,52,Update,0.787875,6.0,,,,,Update,False,False,0,history1
chain,Read Repair,53,53,Update,0.410416,6.0,,,,,Update,False,False,0,history1
chain,Read Repair,54,54,BuildSnap,0.0,,54.0,,,,MarkTs,False,False,0,history1
chain,Read Repair,55,55,RecentScan,14.589541,,55.0,,,,RecentScan,False,False,0,history1
chain,Read Repair,56,56,Update,0.67125,6.0,,,,,Update,False,False,0,history1
chain,Read Repair,57,57,Probe,14.830916,600.0,57.0,,,,Probe,False,False,0,history1
chain,Read Repair,58,58,RecentScan,14.912,,58.0,,,,RecentScan,False,False,0,history1
chain,Read Repair,59,59,Probe,14.97225,600.0,59.0,,,,Probe,False,False,0,history1
chain,Read Repair,60,60,RecentScan,16.552125,,60.0,,,,RecentScan,False,False,0,history1
chain,Read Repair,61,61,RecentScan,14.678541,,61.0,,,,RecentScan,False,False,0,history1
chain,Read Repair,62,62,Probe,16.670666,600.0,62.0,,,,Probe,False,False,0,history1
chain,Read Repair,63,63,Probe,14.516167,600.0,63.0,,,,Probe,False,False,0,history1
chain,Read Repair,64,64,Probe,14.802125,600.0,64.0,,,,Probe,False,False,0,history1
chain,Read Repair,65,65,Probe,14.869625,600.0,65.0,,,,Probe,False,False,0,history1
chain,Read Repair,66,66,GbgCollect,0.026541000000000002,,17.0,,,,GbgCollect,False,False,0,history1
chain,Read Repair,67,67,Probe,14.613166,600.0,67.0,,,,Probe,False,False,0,history1
chain,Read Repair,68,68,RecentScan,15.831625,,68.0,,,,RecentScan,False,False,0,history1
chain,Read Repair,69,69,Probe,14.918417,600.0,69.0,,,,Probe,False,False,0,history1
chain,Read Repair,70,70,RecentScan,16.158333,,70.0,,,,RecentScan,False,False,0,history1
chain,Read Repair,71,71,Probe,15.501375,600.0,71.0,,,,Probe,False,False,0,history1
chain,Read Repair,72,72,RecentScan,14.980709,,72.0,,,,RecentScan,False,False,0,history1
chain,Read Repair,73,73,Probe,15.016708,600.0,73.0,,,,Probe,False,False,0,history1
chain,Read Repair,74,74,Probe,14.061584,600.0,74.0,,,,Probe,False,False,0,history1
chain,Read Repair,75,75,GbgCollect,0.025709,,31.0,,,,GbgCollect,False,False,0,history1
chain,Read Repair,76,76,RecentScan,15.596666,,76.0,,,,RecentScan,False,False,0,history1
chain,Read Repair,77,77,RecentScan,14.4625,,77.0,,,,RecentScan,False,False,0,history1
chain,Read Repair,78,78,RecentScan,15.884791,,78.0,,,,RecentScan,False,False,0,history1
chain,Read Repair,79,79,RecentScan,15.933625,,79.0,,,,RecentScan,False,False,0,history1
chain,Read Repair,80,80,Probe,15.070541,600.0,80.0,,,,Probe,False,False,0,history1
chain,Read Repair,81,81,Update,0.842625,6.0,,,,,Update,False,False,0,history1
chain,Read Repair,82,82,BuildSnap,0.0,,82.0,,,,MarkTs,False,False,0,history1
chain,Read Repair,83,83,Update,0.522083,6.0,,,,,Update,False,False,0,history1
chain,Read Repair,84,84,RecentScan,16.968292,,84.0,,,,RecentScan,False,False,0,history1
chain,Read Repair,85,85,RecentScan,16.046167,,85.0,,,,RecentScan,False,False,0,history1
chain,Read Repair,86,86,Probe,14.581042,600.0,86.0,,,,Probe,False,False,0,history1
chain,Read Repair,87,87,RecentScan,16.089458,,87.0,,,,RecentScan,False,False,0,history1
chain,Read Repair,88,88,Probe,15.055958,600.0,88.0,,,,Probe,False,False,0,history1
chain,Read Repair,89,89,Probe,15.967375,600.0,89.0,,,,Probe,False,False,0,history1
chain,Read Repair,90,90,RecentScan,16.085167,,90.0,,,,RecentScan,False,False,0,history1
chain,Read Repair,91,91,Update,0.932375,6.0,,,,,Update,False,False,0,history1
chain,Read Repair,92,92,BuildSnap,0.0,,92.0,,,,MarkTs,False,False,0,history1
chain,Read Repair,93,93,Probe,14.81625,600.0,93.0,,,,Probe,False,False,0,history1
chain,Read Repair,94,94,RecentScan,16.5965,,94.0,,,,RecentScan,False,False,0,history1
chain,Read Repair,95,95,Update,0.8265,6.0,,,,,Update,False,False,0,history1
chain,Read Repair,96,96,RecentScan,16.249541,,96.0,,,,RecentScan,False,False,0,history1
chain,Read Repair,97,97,Probe,16.337083,600.0,97.0,,,,Probe,False,False,0,history1
chain,Read Repair,98,98,Probe,13.77875,600.0,98.0,,,,Probe,False,False,0,history1
chain,Read Repair,99,99,RecentScan,15.790791,,99.0,,,,RecentScan,False,False,0,history1
chain,Read Repair,100,100,Probe,15.35375,600.0,100.0,,,,Probe,False,False,0,history1
chain,Read Repair,101,101,RecentScan,13.824833,,101.0,,,,RecentScan,False,False,0,history1
chain,Read Repair,102,102,Probe,15.8875,600.0,102.0,,,,Probe,False,False,0,history1
chain,Read Repair,103,103,RecentScan,15.847208,,103.0,,,,RecentScan,False,False,0,history1
chain,Read Repair,104,104,Update,0.869833,6.0,,,,,Update,False,False,0,history1
chain,Read Repair,105,105,BuildSnap,0.0,,105.0,,,,MarkTs,False,False,0,history1
chain,Read Repair,106,106,Probe,16.109416,600.0,106.0,,,,Probe,False,False,0,history1
chain,Read Repair,107,107,Update,0.729417,6.0,,,,,Update,False,False,0,history1
chain,Read Repair,108,108,Probe,13.977209,600.0,108.0,,,,Probe,False,False,0,history1
chain,Read Repair,109,109,Update,0.594792,6.0,,,,,Update,False,False,0,history1
chain,Read Repair,110,110,BuildSnap,0.0,,110.0,,,,MarkTs,False,False,0,history1
chain,Read Repair,111,111,Probe,16.145292,600.0,111.0,,,,Probe,False,False,0,history1
chain,Read Repair,112,112,RecentScan,15.825875,,112.0,,,,RecentScan,False,False,0,history1
chain,Read Repair,113,113,Probe,15.607625,600.0,113.0,,,,Probe,False,False,0,history1
chain,Read Repair,114,114,RecentScan,16.431375,,114.0,,,,RecentScan,False,False,0,history1
chain,Read Repair,115,115,RecentScan,15.829417,,115.0,,,,RecentScan,False,False,0,history1
chain,Read Repair,116,116,Probe,15.601167,600.0,116.0,,,,Probe,False,False,0,history1
chain,Read Repair,117,117,RecentScan,16.202,,117.0,,,,RecentScan,False,False,0,history1
chain,Write Repair,0,0,InitLoad,18.83025,60000.0,,,,,InitLoad,False,False,0,history1
chain,Write Repair,1,1,BuildSnap,0.0,,1.0,,,,MarkTs,False,False,0,history1
chain,Write Repair,2,2,Update,1.18,6.0,,,,,Update,False,False,0,history1
chain,Write Repair,3,3,BuildSnap,0.0,,3.0,,,,MarkTs,False,False,0,history1
chain,Write Repair,4,4,RecentScan,15.800042,,4.0,,,,RecentScan,False,False,0,history1
chain,Write Repair,5,5,Update,1.014667,6.0,,,,,Update,False,False,0,history1
chain,Write Repair,6,6,RecentScan,13.597916,,6.0,,,,RecentScan,False,False,0,history1
chain,Write Repair,7,7,HistoryScan,14.6605,,1.0,,,,HistoryScan,True,False,0,history1
chain,Write Repair,8,8,Update,0.763208,6.0,,,,,Update,False,False,0,history1
chain,Write Repair,9,9,BuildSnap,0.0,,9.0,,,,MarkTs,False,False,0,history1
chain,Write Repair,10,10,HistoryScan,16.201875,,3.0,,,,HistoryScan,False,False,0,history1
chain,Write Repair,11,11,Update,0.852333,6.0,,,,,Update,False,False,0,history1
chain,Write Repair,12,12,RecentScan,15.271458,,12.0,,,,RecentScan,False,False,0,history1
chain,Write Repair,13,13,RecentScan,16.338834,,13.0,,,,RecentScan,False,False,0,history1
chain,Write Repair,14,14,Probe,15.789791,600.0,14.0,,,,Probe,False,False,0,history1
chain,Write Repair,15,15,GbgCollect,0.025,,1.0,,,,GbgCollect,False,False,0,history1
chain,Write Repair,16,16,Update,0.8379589999999999,6.0,,,,,Update,False,False,0,history1
chain,Write Repair,17,17,BuildSnap,0.0,,17.0,,,,MarkTs,False,False,0,history1
chain,Write Repair,18,18,Update,0.5488339999999999,6.0,,,,,Update,False,False,0,history1
chain,Write Repair,19,19,Probe,14.9785,600.0,19.0,,,,Probe,False,False,0,history1
chain,Write Repair,20,20,RecentScan,16.414375,,20.0,,,,RecentScan,False,False,0,history1
chain,Write Repair,21,21,RecentScan,15.650375,,21.0,,,,RecentScan,False,False,0,history1
chain,Write Repair,22,22,RecentScan,15.894125,,22.0,,,,RecentScan,False,False,0,history1
chain,Write Repair,23,23,Probe,14.412333,600.0,23.0,,,,Probe,False,False,0,history1
chain,Write Repair,24,24,Probe,14.097667,600.0,24.0,,,,Probe,False,False,0,history1
chain,Write Repair,25,25,Probe,13.834041,600.0,25.0,,,,Probe,False,False,0,history1
chain,Write Repair,26,26,RecentScan,14.913167,,26.0,,,,RecentScan,False,False,0,history1
chain,Write Repair,27,27,Probe,14.861583,600.0,27.0,,,,Probe,False,False,0,history1
chain,Write Repair,28,28,GbgCollect,0.030083,,3.0,,,,GbgCollect,False,False,0,history1
chain,Write Repair,29,29,RecentScan,16.275458,,29.0,,,,RecentScan,False,False,0,history1
chain,Write Repair,30,30,Update,1.109167,6.0,,,,,Update,False,False,0,history1
chain,Write Repair,31,31,BuildSnap,0.0,,31.0,,,,MarkTs,False,False,0,history1
chain,Write Repair,32,32,Probe,16.079208,600.0,32.0,,,,Probe,False,False,0,history1
chain,Write Repair,33,33,Probe,14.121916,600.0,33.0,,,,Probe,False,False,0,history1
chain,Write Repair,34,34,Update,0.8125,6.0,,,,,Update,False,False,0,history1
chain,Write Repair,35,35,RecentScan,15.078625,,35.0,,,,RecentScan,False,False,0,history1
chain,Write Repair,36,36,RecentScan,15.114625,,36.0,,,,RecentScan,False,False,0,history1
chain,Write Repair,37,37,Update,0.74975,6.0,,,,,Update,False,False,0,history1
chain,Write Repair,38,38,BuildSnap,0.0,,38.0,,,,MarkTs,False,False,0,history1
chain,Write Repair,39,39,GbgCollect,0.022916,,9.0,,,,GbgCollect,False,False,0,history1
chain,Write Repair,40,40,Probe,15.516416,600.0,40.0,,,,Probe,False,False,0,history1
chain,Write Repair,41,41,Update,0.5944579999999999,6.0,,,,,Update,False,False,0,history1
chain,Write Repair,42,42,RecentScan,15.079625,,42.0,,,,RecentScan,False,False,0,history1
chain,Write Repair,43,43,Probe,15.273541,600.0,43.0,,,,Probe,False,False,0,history1
chain,Write Repair,44,44,Probe,14.614042,600.0,44.0,,,,Probe,False,False,0,history1
chain,Write Repair,45,45,Update,0.86625,6.0,,,,,Update,False,False,0,history1
chain,Write Repair,46,46,BuildSnap,0.0,,46.0,,,,MarkTs,False,False,0,history1
chain,Write Repair,47,47,Probe,14.2575,600.0,47.0,,,,Probe,False,False,0,history1
chain,Write Repair,48,48,RecentScan,15.184084,,48.0,,,,RecentScan,False,False,0,history1
chain,Write Repair,49,49,RecentScan,15.033583,,49.0,,,,RecentScan,False,False,0,history1
chain,Write Repair,50,50,Probe,14.649875,600.0,50.0,,,,Probe,False,False,0,history1
chain,Write Repair,51,51,RecentScan,15.352041,,51.0,,,,RecentScan,False,False,0,history1
chain,Write Repair,52,52,Update,0.92275,6.0,,,,,Update,False,False,0,history1
chain,Write Repair,53,53,Update,0.450916,6.0,,,,,Update,False,False,0,history1
chain,Write Repair,54,54,BuildSnap,0.0,,54.0,,,,MarkTs,False,False,0,history1
chain,Write Repair,55,55,RecentScan,15.966542,,55.0,,,,RecentScan,False,False,0,history1
chain,Write Repair,56,56,Update,1.00775,6.0,,,,,Update,False,False,0,history1
chain,Write Repair,57,57,Probe,15.241292,600.0,57.0,,,,Probe,False,False,0,history1
chain,Write Repair,58,58,RecentScan,16.71075,,58.0,,,,RecentScan,False,False,0,history1
chain,Write Repair,59,59,Probe,15.655959,600.0,59.0,,,,Probe,False,False,0,history1
chain,Write Repair,60,60,RecentScan,15.815333,,60.0,,,,RecentScan,False,False,0,history1
chain,Write Repair,61,61,RecentScan,15.875666,,61.0,,,,RecentScan,False,False,0,history1
chain,Write Repair,62,62,Probe,18.774708,600.0,62.0,,,,Probe,False,False,0,history1
chain,Write Repair,63,63,Probe,15.435625,600.0,63.0,,,,Probe,False,False,0,history1
chain,Write Repair,64,64,Probe,15.553667,600.0,64.0,,,,Probe,False,False,0,history1
chain,Write Repair,65,65,Probe,15.525458,600.0,65.0,,,,Probe,False,False,0,history1
chain,Write Repair,66,66,GbgCollect,0.045375,,17.0,,,,GbgCollect,False,False,0,history1
chain,Write Repair,67,67,Probe,15.1515,600.0,67.0,,,,Probe,False,False,0,history1
chain,Write Repair,68,68,RecentScan,14.1765,,68.0,,,,RecentScan,False,False,0,history1
chain,Write Repair,69,69,Probe,15.934416,600.0,69.0,,,,Probe,False,False,0,history1
chain,Write Repair,70,70,RecentScan,14.854917,,70.0,,,,RecentScan,False,False,0,history1
chain,Write Repair,71,71,Probe,15.861,600.0,71.0,,,,Probe,False,False,0,history1
chain,Write Repair,72,72,RecentScan,13.976375,,72.0,,,,RecentScan,False,False,0,history1
chain,Write Repair,73,73,Probe,15.167333,600.0,73.0,,,,Probe,False,False,0,history1
chain,Write Repair,74,74,Probe,13.615791,600.0,74.0,,,,Probe,False,False,0,history1
chain,Write Repair,75,75,GbgCollect,0.031458,,31.0,,,,GbgCollect,False,False,0,history1
chain,Write Repair,76,76,RecentScan,15.571125,,76.0,,,,RecentScan,False,False,0,history1
chain,Write Repair,77,77,RecentScan,15.000167,,77.0,,,,RecentScan,False,False,0,history1
chain,Write Repair,78,78,RecentScan,14.709709,,78.0,,,,RecentScan,False,False,0,history1
chain,Write Repair,79,79,RecentScan,14.588625,,79.0,,,,RecentScan,False,False,0,history1
chain,Write Repair,80,80,Probe,15.742958,600.0,80.0,,,,Probe,False,False,0,history1
chain,Write Repair,81,81,Update,0.883,6.0,,,,,Update,False,False,0,history1
chain,Write Repair,82,82,BuildSnap,0.0,,82.0,,,,MarkTs,False,False,0,history1
chain,Write Repair,83,83,Update,0.561375,6.0,,,,,Update,False,False,0,history1
chain,Write Repair,84,84,RecentScan,14.939958,,84.0,,,,RecentScan,False,False,0,history1
chain,Write Repair,85,85,RecentScan,15.0335,,85.0,,,,RecentScan,False,False,0,history1
chain,Write Repair,86,86,Probe,14.810167,600.0,86.0,,,,Probe,False,False,0,history1
chain,Write Repair,87,87,RecentScan,14.239708,,87.0,,,,RecentScan,False,False,0,history1
chain,Write Repair,88,88,Probe,15.4295,600.0,88.0,,,,Probe,False,False,0,history1
chain,Write Repair,89,89,Probe,15.663583,600.0,89.0,,,,Probe,False,False,0,history1
chain,Write Repair,90,90,RecentScan,16.474291,,90.0,,,,RecentScan,False,False,0,history1
chain,Write Repair,91,91,Update,0.857916,6.0,,,,,Update,False,False,0,history1
chain,Write Repair,92,92,BuildSnap,0.0,,92.0,,,,MarkTs,False,False,0,history1
chain,Write Repair,93,93,Probe,14.909584,600.0,93.0,,,,Probe,False,False,0,history1
chain,Write Repair,94,94,RecentScan,16.402375,,94.0,,,,RecentScan,False,False,0,history1
chain,Write Repair,95,95,Update,0.864,6.0,,,,,Update,False,False,0,history1
chain,Write Repair,96,96,RecentScan,15.692667,,96.0,,,,RecentScan,False,False,0,history1
chain,Write Repair,97,97,Probe,17.010875,600.0,97.0,,,,Probe,False,False,0,history1
chain,Write Repair,98,98,Probe,14.910041,600.0,98.0,,,,Probe,False,False,0,history1
chain,Write Repair,99,99,RecentScan,16.18275,,99.0,,,,RecentScan,False,False,0,history1
chain,Write Repair,100,100,Probe,15.158625,600.0,100.0,,,,Probe,False,False,0,history1
chain,Write Repair,101,101,RecentScan,16.959459,,101.0,,,,RecentScan,False,False,0,history1
chain,Write Repair,102,102,Probe,16.4615,600.0,102.0,,,,Probe,False,False,0,history1
chain,Write Repair,103,103,RecentScan,15.782708,,103.0,,,,RecentScan,False,False,0,history1
chain,Write Repair,104,104,Update,0.838375,6.0,,,,,Update,False,False,0,history1
chain,Write Repair,105,105,BuildSnap,0.0,,105.0,,,,MarkTs,False,False,0,history1
chain,Write Repair,106,106,Probe,16.248875,600.0,106.0,,,,Probe,False,False,0,history1
chain,Write Repair,107,107,Update,0.8064589999999999,6.0,,,,,Update,False,False,0,history1
chain,Write Repair,108,108,Probe,14.23975,600.0,108.0,,,,Probe,False,False,0,history1
chain,Write Repair,109,109,Update,0.833542,6.0,,,,,Update,False,False,0,history1
chain,Write Repair,110,110,BuildSnap,0.0,,110.0,,,,MarkTs,False,False,0,history1
chain,Write Repair,111,111,Probe,15.668,600.0,111.0,,,,Probe,False,False,0,history1
chain,Write Repair,112,112,RecentScan,17.222,,112.0,,,,RecentScan,False,False,0,history1
chain,Write Repair,113,113,Probe,16.609208,600.0,113.0,,,,Probe,False,False,0,history1
chain,Write Repair,114,114,RecentScan,16.324583,,114.0,,,,RecentScan,False,False,0,history1
chain,Write Repair,115,115,RecentScan,15.20875,,115.0,,,,RecentScan,False,False,0,history1
chain,Write Repair,116,116,Probe,16.183375,600.0,116.0,,,,Probe,False,False,0,history1
chain,Write Repair,117,117,RecentScan,14.933208,,117.0,,,,RecentScan,False,False,0,history1
par,No Repair,0,0,InitLoad,19.878542,60000.0,,,,,InitLoad,False,False,0,history1
par,No Repair,1,1,BuildSnap,0.226958,,1.0,,,,MarkTs,False,False,0,history1
par,No Repair,2,2,Update,0.00875,6.0,,,,,Update,False,False,0,history1
par,No Repair,3,3,BuildSnap,0.011125,,3.0,,,,MarkTs,False,False,0,history1
par,No Repair,4,4,RecentScan,22.614917,,4.0,,,,RecentScan,False,False,0,history1
par,No Repair,5,5,Update,0.022708,6.0,,,,,Update,False,False,0,history1
par,No Repair,6,6,RecentScan,21.664125,,6.0,,,,RecentScan,False,False,0,history1
par,No Repair,7,7,HistoryScan,21.674291,,1.0,,,,HistoryScan,True,False,0,history1
par,No Repair,8,8,Update,0.013875,6.0,,,,,Update,False,False,0,history1
par,No Repair,9,9,BuildSnap,0.01475,,9.0,,,,MarkTs,False,False,0,history1
par,No Repair,10,10,HistoryScan,20.72025,,3.0,,,,HistoryScan,False,False,0,history1
par,No Repair,11,11,Update,0.015042,6.0,,,,,Update,False,False,0,history1
par,No Repair,12,12,RecentScan,20.812,,12.0,,,,RecentScan,False,False,0,history1
par,No Repair,13,13,RecentScan,20.841,,13.0,,,,RecentScan,False,False,0,history1
par,No Repair,14,14,Probe,22.672791,600.0,14.0,,,,Probe,False,False,0,history1
par,No Repair,15,15,GbgCollect,12.312041,,1.0,,,,GbgCollect,False,False,0,history1
par,No Repair,16,16,Update,0.005292,6.0,,,,,Update,False,False,0,history1
par,No Repair,17,17,BuildSnap,0.255292,,17.0,,,,MarkTs,False,False,0,history1
par,No Repair,18,18,Update,0.010875,6.0,,,,,Update,False,False,0,history1
par,No Repair,19,19,Probe,20.96225,600.0,19.0,,,,Probe,False,False,0,history1
par,No Repair,20,20,RecentScan,20.64075,,20.0,,,,RecentScan,False,False,0,history1
par,No Repair,21,21,RecentScan,20.35,,21.0,,,,RecentScan,False,False,0,history1
par,No Repair,22,22,RecentScan,21.010375,,22.0,,,,RecentScan,False,False,0,history1
par,No Repair,23,23,Probe,19.484625,600.0,23.0,,,,Probe,False,False,0,history1
par,No Repair,24,24,Probe,19.899,600.0,24.0,,,,Probe,False,False,0,history1
par,No Repair,25,25,Probe,19.437167,600.0,25.0,,,,Probe,False,False,0,history1
par,No Repair,26,26,RecentScan,20.502625,,26.0,,,,RecentScan,False,False,0,history1
par,No Repair,27,27,Probe,21.374166,600.0,27.0,,,,Probe,False,False,0,history1
par,No Repair,28,28,GbgCollect,11.719125,,3.0,,,,GbgCollect,False,False,0,history1
par,No Repair,29,29,RecentScan,20.512542,,29.0,,,,RecentScan,False,False,0,history1
par,No Repair,30,30,Update,0.012708,6.0,,,,,Update,False,False,0,history1
par,No Repair,31,31,BuildSnap,0.048625,,31.0,,,,MarkTs,False,False,0,history1
par,No Repair,32,32,Probe,22.789166,600.0,32.0,,,,Probe,False,False,0,history1
par,No Repair,33,33,Probe,20.327875,600.0,33.0,,,,Probe,False,False,0,history1
par,No Repair,34,34,Update,0.012125,6.0,,,,,Update,False,False,0,history1
par,No Repair,35,35,RecentScan,21.303666,,35.0,,,,RecentScan,False,False,0,history1
par,No Repair,36,36,RecentScan,21.383917,,36.0,,,,RecentScan,False,False,0,history1
par,No Repair,37,37,Update,0.012833,6.0,,,,,Update,False,False,0,history1
par,No Repair,38,38,BuildSnap,0.043292000000000004,,38.0,,,,MarkTs,False,False,0,history1
par,No Repair,39,39,GbgCollect,11.343709,,9.0,,,,GbgCollect,False,False,0,history1
par,No Repair,40,40,Probe,22.429291,600.0,40.0,,,,Probe,False,False,0,history1
par,No Repair,41,41,Update,0.007791,6.0,,,,,Update,False,False,0,history1
par,No Repair,42,42,RecentScan,20.942041,,42.0,,,,RecentScan,False,False,0,history1
par,No Repair,43,43,Probe,22.503042,600.0,43.0,,,,Probe,False,False,0,history1
par,No Repair,44,44,Probe,21.238125,600.0,44.0,,,,Probe,False,False,0,history1
par,No Repair,45,45,Update,0.014209,6.0,,,,,Update,False,False,0,history1
par,No Repair,46,46,BuildSnap,0.033832999999999995,,46.0,,,,MarkTs,False,False,0,history1
par,No Repair,47,47,Probe,20.394958,600.0,47.0,,,,Probe,False,False,0,history1
par,No Repair,48,48,RecentScan,21.015041,,48.0,,,,RecentScan,False,False,0,history1
par,No Repair,49,49,RecentScan,20.547,,49.0,,,,RecentScan,False,False,0,history1
par,No Repair,50,50,Probe,20.590959,600.0,50.0,,,,Probe,False,False,0,history1
par,No Repair,51,51,RecentScan,21.074958,,51.0,,,,RecentScan,False,False,0,history1
par,No Repair,52,52,Update,0.014166999999999999,6.0,,,,,Update,False,False,0,history1
par,No Repair,53,53,Update,0.009833,6.0,,,,,Update,False,False,0,history1
par,No Repair,54,54,BuildSnap,0.23925,,54.0,,,,MarkTs,False,False,0,history1
par,No Repair,55,55,RecentScan,20.568542,,55.0,,,,RecentScan,False,False,0,history1
par,No Repair,56,56,Update,0.014542,6.0,,,,,Update,False,False,0,history1
par,No Repair,57,57,Probe,21.836417,600.0,57.0,,,,Probe,False,False,0,history1
par,No Repair,58,58,RecentScan,21.083291,,58.0,,,,RecentScan,False,False,0,history1
par,No Repair,59,59,Probe,20.633,600.0,59.0,,,,Probe,False,False,0,history1
par,No Repair,60,60,RecentScan,20.770083,,60.0,,,,RecentScan,False,False,0,history1
par,No Repair,61,61,RecentScan,20.811084,,61.0,,,,RecentScan,False,False,0,history1
par,No Repair,62,62,Probe,23.364834,600.0,62.0,,,,Probe,False,False,0,history1
par,No Repair,63,63,Probe,20.710125,600.0,63.0,,,,Probe,False,False,0,history1
par,No Repair,64,64,Probe,22.458708,600.0,64.0,,,,Probe,False,False,0,history1
par,No Repair,65,65,Probe,21.254667,600.0,65.0,,,,Probe,False,False,0,history1
par,No Repair,66,66,GbgCollect,11.621,,17.0,,,,GbgCollect,False,False,0,history1
par,No Repair,67,67,Probe,20.613458,600.0,67.0,,,,Probe,False,False,0,history1
par,No Repair,68,68,RecentScan,21.192667,,68.0,,,,RecentScan,False,False,0,history1
par,No Repair,69,69,Probe,21.089083,600.0,69.0,,,,Probe,False,False,0,history1
par,No Repair,70,70,RecentScan,21.167833,,70.0,,,,RecentScan,False,False,0,history1
par,No Repair,71,71,Probe,21.700375,600.0,71.0,,,,Probe,False,False,0,history1
par,No Repair,72,72,RecentScan,23.542708,,72.0,,,,RecentScan,False,False,0,history1
par,No Repair,73,73,Probe,21.484333,600.0,73.0,,,,Probe,False,False,0,history1
par,No Repair,74,74,Probe,19.36675,600.0,74.0,,,,Probe,False,False,0,history1
par,No Repair,75,75,GbgCollect,11.387292,,31.0,,,,GbgCollect,False,False,0,history1
par,No Repair,76,76,RecentScan,20.814666,,76.0,,,,RecentScan,False,False,0,history1
par,No Repair,77,77,RecentScan,21.215042,,77.0,,,,RecentScan,False,False,0,history1
par,No Repair,78,78,RecentScan,20.797375,,78.0,,,,RecentScan,False,False,0,history1
par,No Repair,79,79,RecentScan,20.771667,,79.0,,,,RecentScan,False,False,0,history1
par,No Repair,80,80,Probe,21.267917,600.0,80.0,,,,Probe,False,False,0,history1
par,No Repair,81,81,Update,0.0135,6.0,,,,,Update,False,False,0,history1
par,No Repair,82,82,BuildSnap,0.04225,,82.0,,,,MarkTs,False,False,0,history1
par,No Repair,83,83,Update,0.009,6.0,,,,,Update,False,False,0,history1
par,No Repair,84,84,RecentScan,20.885584,,84.0,,,,RecentScan,False,False,0,history1
par,No Repair,85,85,RecentScan,20.699416,,85.0,,,,RecentScan,False,False,0,history1
par,No Repair,86,86,Probe,20.112375,600.0,86.0,,,,Probe,False,False,0,history1
par,No Repair,87,87,RecentScan,21.230917,,87.0,,,,RecentScan,False,False,0,history1
par,No Repair,88,88,Probe,22.025792,600.0,88.0,,,,Probe,False,False,0,history1
par,No Repair,89,89,Probe,21.583083,600.0,89.0,,,,Probe,False,False,0,history1
par,No Repair,90,90,RecentScan,20.834542,,90.0,,,,RecentScan,False,False,0,history1
par,No Repair,91,91,Update,0.013084,6.0,,,,,Update,False,False,0,history1
par,No Repair,92,92,BuildSnap,0.068083,,92.0,,,,MarkTs,False,False,0,history1
par,No Repair,93,93,Probe,21.026125,600.0,93.0,,,,Probe,False,False,0,history1
par,No Repair,94,94,RecentScan,21.240958,,94.0,,,,RecentScan,False,False,0,history1
par,No Repair,95,95,Update,0.0115,6.0,,,,,Update,False,False,0,history1
par,No Repair,96,96,RecentScan,20.80525,,96.0,,,,RecentScan,False,False,0,history1
par,No Repair,97,97,Probe,23.054417,600.0,97.0,,,,Probe,False,False,0,history1
par,No Repair,98,98,Probe,19.542,600.0,98.0,,,,Probe,False,False,0,history1
par,No Repair,99,99,RecentScan,20.469291,,99.0,,,,RecentScan,False,False,0,history1
par,No Repair,100,100,Probe,22.4955,600.0,100.0,,,,Probe,False,False,0,history1
par,No Repair,101,101,RecentScan,21.299125,,101.0,,,,RecentScan,False,False,0,history1
par,No Repair,102,102,Probe,22.757625,600.0,102.0,,,,Probe,False,False,0,history1
par,No Repair,103,103,RecentScan,20.830125,,103.0,,,,RecentScan,False,False,0,history1
par,No Repair,104,104,Update,0.016959,6.0,,,,,Update,False,False,0,history1
par,No Repair,105,105,BuildSnap,0.064792,,105.0,,,,MarkTs,False,False,0,history1
par,No Repair,106,106,Probe,23.445417,600.0,106.0,,,,Probe,False,False,0,history1
par,No Repair,107,107,Update,0.007667,6.0,,,,,Update,False,False,0,history1
par,No Repair,108,108,Probe,19.807958,600.0,108.0,,,,Probe,False,False,0,history1
par,No Repair,109,109,Update,0.008041,6.0,,,,,Update,False,False,0,history1
par,No Repair,110,110,BuildSnap,0.044625,,110.0,,,,MarkTs,False,False,0,history1
par,No Repair,111,111,Probe,21.713583,600.0,111.0,,,,Probe,False,False,0,history1
par,No Repair,112,112,RecentScan,20.764125,,112.0,,,,RecentScan,False,False,0,history1
par,No Repair,113,113,Probe,22.706,600.0,113.0,,,,Probe,False,False,0,history1
par,No Repair,114,114,RecentScan,20.636417,,114.0,,,,RecentScan,False,False,0,history1
par,No Repair,115,115,RecentScan,20.958125,,115.0,,,,RecentScan,False,False,0,history1
par,No Repair,116,116,Probe,23.351083,600.0,116.0,,,,Probe,False,False,0,history1
par,No Repair,117,117,RecentScan,21.278708,,117.0,,,,RecentScan,False,False,0,history1
par,Read Repair,0,0,InitLoad,20.547,60000.0,,,,,InitLoad,False,False,0,history1
par,Read Repair,1,1,BuildSnap,0.244584,,1.0,,,,MarkTs,False,False,0,history1
par,Read Repair,2,2,Update,0.010792,6.0,,,,,Update,False,False,0,history1
par,Read Repair,3,3,BuildSnap,0.010833,,3.0,,,,MarkTs,False,False,0,history1
par,Read Repair,4,4,RecentScan,30.104208,,4.0,,,,RecentScan,False,False,0,history1
par,Read Repair,5,5,Update,0.01,6.0,,,,,Update,False,False,0,history1
par,Read Repair,6,6,RecentScan,29.979333,,6.0,,,,RecentScan,False,False,0,history1
par,Read Repair,7,7,HistoryScan,16.312583,,1.0,,,,HistoryScan,True,False,0,history1
par,Read Repair,8,8,Update,0.011291,6.0,,,,,Update,False,False,0,history1
par,Read Repair,9,9,BuildSnap,0.017832999999999998,,9.0,,,,MarkTs,False,False,0,history1
par,Read Repair,10,10,HistoryScan,16.744375,,3.0,,,,HistoryScan,False,False,0,history1
par,Read Repair,11,11,Update,0.018458,6.0,,,,,Update,False,False,0,history1
par,Read Repair,12,12,RecentScan,29.508125,,12.0,,,,RecentScan,False,False,0,history1
par,Read Repair,13,13,RecentScan,15.461,,13.0,,,,RecentScan,False,False,0,history1
par,Read Repair,14,14,Probe,17.246334,600.0,14.0,,,,Probe,False,False,0,history1
par,Read Repair,15,15,GbgCollect,12.033667,,1.0,,,,GbgCollect,False,False,0,history1
par,Read Repair,16,16,Update,0.006083,6.0,,,,,Update,False,False,0,history1
par,Read Repair,17,17,BuildSnap,0.240791,,17.0,,,,MarkTs,False,False,0,history1
par,Read Repair,18,18,Update,0.009125,6.0,,,,,Update,False,False,0,history1
par,Read Repair,19,19,Probe,23.258709,600.0,19.0,,,,Probe,False,False,0,history1
par,Read Repair,20,20,RecentScan,30.316625,,20.0,,,,RecentScan,False,False,0,history1
par,Read Repair,21,21,RecentScan,16.540125,,21.0,,,,RecentScan,False,False,0,history1
par,Read Repair,22,22,RecentScan,16.103333,,22.0,,,,RecentScan,False,False,0,history1
par,Read Repair,23,23,Probe,14.627583,600.0,23.0,,,,Probe,False,False,0,history1
par,Read Repair,24,24,Probe,17.375208,600.0,24.0,,,,Probe,False,False,0,history1
par,Read Repair,25,25,Probe,15.290042,600.0,25.0,,,,Probe,False,False,0,history1
par,Read Repair,26,26,RecentScan,16.75375,,26.0,,,,RecentScan,False,False,0,history1
par,Read Repair,27,27,Probe,16.609666,600.0,27.0,,,,Probe,False,False,0,history1
par,Read Repair,28,28,GbgCollect,11.853125,,3.0,,,,GbgCollect,False,False,0,history1
par,Read Repair,29,29,RecentScan,16.681583,,29.0,,,,RecentScan,False,False,0,history1
par,Read Repair,30,30,Update,0.017,6.0,,,,,Update,False,False,0,history1
par,Read Repair,31,31,BuildSnap,0.048167,,31.0,,,,MarkTs,False,False,0,history1
par,Read Repair,32,32,Probe,27.599542,600.0,32.0,,,,Probe,False,False,0,history1
par,Read Repair,33,33,Probe,25.142584,600.0,33.0,,,,Probe,False,False,0,history1
par,Read Repair,34,34,Update,0.008333,6.0,,,,,Update,False,False,0,history1
par,Read Repair,35,35,RecentScan,77.709709,,35.0,,,,RecentScan,False,False,0,history1
par,Read Repair,36,36,RecentScan,25.039416,,36.0,,,,RecentScan,False,False,0,history1
par,Read Repair,37,37,Update,0.010833,6.0,,,,,Update,False,False,0,history1
par,Read Repair,38,38,BuildSnap,0.04325,,38.0,,,,MarkTs,False,False,0,history1
par,Read Repair,39,39,GbgCollect,17.6905,,9.0,,,,GbgCollect,False,False,0,history1
par,Read Repair,40,40,Probe,31.965625,600.0,40.0,,,,Probe,False,False,0,history1
par,Read Repair,41,41,Update,0.008625,6.0,,,,,Update,False,False,0,history1
par,Read Repair,42,42,RecentScan,32.538541,,42.0,,,,RecentScan,False,False,0,history1
par,Read Repair,43,43,Probe,17.640416,600.0,43.0,,,,Probe,False,False,0,history1
par,Read Repair,44,44,Probe,16.77325,600.0,44.0,,,,Probe,False,False,0,history1
par,Read Repair,45,45,Update,0.00875,6.0,,,,,Update,False,False,0,history1
par,Read Repair,46,46,BuildSnap,0.036833,,46.0,,,,MarkTs,False,False,0,history1
par,Read Repair,47,47,Probe,22.637291,600.0,47.0,,,,Probe,False,False,0,history1
par,Read Repair,48,48,RecentScan,30.429958,,48.0,,,,RecentScan,False,False,0,history1
par,Read Repair,49,49,RecentScan,15.690125,,49.0,,,,RecentScan,False,False,0,history1
par,Read Repair,50,50,Probe,15.569917,600.0,50.0,,,,Probe,False,False,0,history1
par,Read Repair,51,51,RecentScan,16.401958,,51.0,,,,RecentScan,False,False,0,history1
par,Read Repair,52,52,Update,0.013666000000000001,6.0,,,,,Update,False,False,0,history1
par,Read Repair,53,53,Update,0.007667,6.0,,,,,Update,False,False,0,history1
par,Read Repair,54,54,BuildSnap,0.479791,,54.0,,,,MarkTs,False,False,0,history1
par,Read Repair,55,55,RecentScan,30.8965,,55.0,,,,RecentScan,False,False,0,history1
par,Read Repair,56,56,Update,0.013458,6.0,,,,,Update,False,False,0,history1
par,Read Repair,57,57,Probe,21.335,600.0,57.0,,,,Probe,False,False,0,history1
par,Read Repair,58,58,RecentScan,31.253667,,58.0,,,,RecentScan,False,False,0,history1
par,Read Repair,59,59,Probe,15.310958,600.0,59.0,,,,Probe,False,False,0,history1
par,Read Repair,60,60,RecentScan,14.717292,,60.0,,,,RecentScan,False,False,0,history1
par,Read Repair,61,61,RecentScan,14.193,,61.0,,,,RecentScan,False,False,0,history1
par,Read Repair,62,62,Probe,17.192291,600.0,62.0,,,,Probe,False,False,0,history1
par,Read Repair,63,63,Probe,14.9265,600.0,63.0,,,,Probe,False,False,0,history1
par,Read Repair,64,64,Probe,15.361625,600.0,64.0,,,,Probe,False,False,0,history1
par,Read Repair,65,65,Probe,15.2015,600.0,65.0,,,,Probe,False,False,0,history1
par,Read Repair,66,66,GbgCollect,11.194334,,17.0,,,,GbgCollect,False,False,0,history1
par,Read Repair,67,67,Probe,14.992875,600.0,67.0,,,,Probe,False,False,0,history1
par,Read Repair,68,68,RecentScan,14.1085,,68.0,,,,RecentScan,False,False,0,history1
par,Read Repair,69,69,Probe,14.591458,600.0,69.0,,,,Probe,False,False,0,history1
par,Read Repair,70,70,RecentScan,14.116083,,70.0,,,,RecentScan,False,False,0,history1
par,Read Repair,71,71,Probe,15.608583,600.0,71.0,,,,Probe,False,False,0,history1
par,Read Repair,72,72,RecentScan,13.7905,,72.0,,,,RecentScan,False,False,0,history1
par,Read Repair,73,73,Probe,15.368917,600.0,73.0,,,,Probe,False,False,0,history1
par,Read Repair,74,74,Probe,13.903458,600.0,74.0,,,,Probe,False,False,0,history1
par,Read Repair,75,75,GbgCollect,11.242709,,31.0,,,,GbgCollect,False,False,0,history1
par,Read Repair,76,76,RecentScan,14.142541,,76.0,,,,RecentScan,False,False,0,history1
par,Read Repair,77,77,RecentScan,14.551958,,77.0,,,,RecentScan,False,False,0,history1
par,Read Repair,78,78,RecentScan,12.807917,,78.0,,,,RecentScan,False,False,0,history1
par,Read Repair,79,79,RecentScan,12.740292,,79.0,,,,RecentScan,False,False,0,history1
par,Read Repair,80,80,Probe,15.0785,600.0,80.0,,,,Probe,False,False,0,history1
par,Read Repair,81,81,Update,0.013125,6.0,,,,,Update,False,False,0,history1
par,Read Repair,82,82,BuildSnap,0.037833,,82.0,,,,MarkTs,False,False,0,history1
par,Read Repair,83,83,Update,0.008833,6.0,,,,,Update,False,False,0,history1
par,Read Repair,84,84,RecentScan,28.864625,,84.0,,,,RecentScan,False,False,0,history1
par,Read Repair,85,85,RecentScan,14.20375,,85.0,,,,RecentScan,False,False,0,history1
par,Read Repair,86,86,Probe,14.116958,600.0,86.0,,,,Probe,False,False,0,history1
par,Read Repair,87,87,RecentScan,13.67125,,87.0,,,,RecentScan,False,False,0,history1
par,Read Repair,88,88,Probe,15.324917,600.0,88.0,,,,Probe,False,False,0,history1
par,Read Repair,89,89,Probe,16.164458,600.0,89.0,,,,Probe,False,False,0,history1
par,Read Repair,90,90,RecentScan,15.462666,,90.0,,,,RecentScan,False,False,0,history1
par,Read Repair,91,91,Update,0.01325,6.0,,,,,Update,False,False,0,history1
par,Read Repair,92,92,BuildSnap,0.055208,,92.0,,,,MarkTs,False,False,0,history1
par,Read Repair,93,93,Probe,20.600417,600.0,93.0,,,,Probe,False,False,0,history1
par,Read Repair,94,94,RecentScan,29.44,,94.0,,,,RecentScan,False,False,0,history1
par,Read Repair,95,95,Update,0.013375,6.0,,,,,Update,False,False,0,history1
par,Read Repair,96,96,RecentScan,29.883708,,96.0,,,,RecentScan,False,False,0,history1
par,Read Repair,97,97,Probe,16.704959,600.0,97.0,,,,Probe,False,False,0,history1
par,Read Repair,98,98,Probe,14.059833,600.0,98.0,,,,Probe,False,False,0,history1
par,Read Repair,99,99,RecentScan,16.538291,,99.0,,,,RecentScan,False,False,0,history1
par,Read Repair,100,100,Probe,15.267667,600.0,100.0,,,,Probe,False,False,0,history1
par,Read Repair,101,101,RecentScan,17.235167,,101.0,,,,RecentScan,False,False,0,history1
par,Read Repair,102,102,Probe,15.801958,600.0,102.0,,,,Probe,False,False,0,history1
par,Read Repair,103,103,RecentScan,17.427542,,103.0,,,,RecentScan,False,False,0,history1
par,Read Repair,104,104,Update,0.017417000000000002,6.0,,,,,Update,False,False,0,history1
par,Read Repair,105,105,BuildSnap,0.051709000000000005,,105.0,,,,MarkTs,False,False,0,history1
par,Read Repair,106,106,Probe,21.864,600.0,106.0,,,,Probe,False,False,0,history1
par,Read Repair,107,107,Update,0.007083,6.0,,,,,Update,False,False,0,history1
par,Read Repair,108,108,Probe,19.563125,600.0,108.0,,,,Probe,False,False,0,history1
par,Read Repair,109,109,Update,0.008792,6.0,,,,,Update,False,False,0,history1
par,Read Repair,110,110,BuildSnap,0.045,,110.0,,,,MarkTs,False,False,0,history1
par,Read Repair,111,111,Probe,22.798042,600.0,111.0,,,,Probe,False,False,0,history1
par,Read Repair,112,112,RecentScan,30.492709,,112.0,,,,RecentScan,False,False,0,history1
par,Read Repair,113,113,Probe,16.070333,600.0,113.0,,,,Probe,False,False,0,history1
par,Read Repair,114,114,RecentScan,16.4745,,114.0,,,,RecentScan,False,False,0,history1
par,Read Repair,115,115,RecentScan,14.685292,,115.0,,,,RecentScan,False,False,0,history1
par,Read Repair,116,116,Probe,15.912292,600.0,116.0,,,,Probe,False,False,0,history1
par,Read Repair,117,117,RecentScan,16.8505,,117.0,,,,RecentScan,False,False,0,history1
par,Write Repair,0,0,InitLoad,20.168208,60000.0,,,,,InitLoad,False,False,0,history1
par,Write Repair,1,1,BuildSnap,0.223291,,1.0,,,,MarkTs,False,False,0,history1
par,Write Repair,2,2,Update,1.272583,6.0,,,,,Update,False,False,0,history1
par,Write Repair,3,3,BuildSnap,0.015458,,3.0,,,,MarkTs,False,False,0,history1
par,Write Repair,4,4,RecentScan,17.021875,,4.0,,,,RecentScan,False,False,0,history1
par,Write Repair,5,5,Update,1.260584,6.0,,,,,Update,False,False,0,history1
par,Write Repair,6,6,RecentScan,15.106125,,6.0,,,,RecentScan,False,False,0,history1
par,Write Repair,7,7,HistoryScan,15.162416,,1.0,,,,HistoryScan,True,False,0,history1
par,Write Repair,8,8,Update,1.065916,6.0,,,,,Update,False,False,0,history1
par,Write Repair,9,9,BuildSnap,0.013666000000000001,,9.0,,,,MarkTs,False,False,0,history1
par,Write Repair,10,10,HistoryScan,14.698125,,3.0,,,,HistoryScan,False,False,0,history1
par,Write Repair,11,11,Update,0.937917,6.0,,,,,Update,False,False,0,history1
par,Write Repair,12,12,RecentScan,15.820375,,12.0,,,,RecentScan,False,False,0,history1
par,Write Repair,13,13,RecentScan,16.346042,,13.0,,,,RecentScan,False,False,0,history1
par,Write Repair,14,14,Probe,15.470542,600.0,14.0,,,,Probe,False,False,0,history1
par,Write Repair,15,15,GbgCollect,10.892291,,1.0,,,,GbgCollect,False,False,0,history1
par,Write Repair,16,16,Update,0.696625,6.0,,,,,Update,False,False,0,history1
par,Write Repair,17,17,BuildSnap,0.295125,,17.0,,,,MarkTs,False,False,0,history1
par,Write Repair,18,18,Update,0.571125,6.0,,,,,Update,False,False,0,history1
par,Write Repair,19,19,Probe,15.288458,600.0,19.0,,,,Probe,False,False,0,history1
par,Write Repair,20,20,RecentScan,14.482417,,20.0,,,,RecentScan,False,False,0,history1
par,Write Repair,21,21,RecentScan,15.910167,,21.0,,,,RecentScan,False,False,0,history1
par,Write Repair,22,22,RecentScan,16.196667,,22.0,,,,RecentScan,False,False,0,history1
par,Write Repair,23,23,Probe,13.841792,600.0,23.0,,,,Probe,False,False,0,history1
par,Write Repair,24,24,Probe,14.241625,600.0,24.0,,,,Probe,False,False,0,history1
par,Write Repair,25,25,Probe,13.722625,600.0,25.0,,,,Probe,False,False,0,history1
par,Write Repair,26,26,RecentScan,16.208125,,26.0,,,,RecentScan,False,False,0,history1
par,Write Repair,27,27,Probe,15.069167,600.0,27.0,,,,Probe,False,False,0,history1
par,Write Repair,28,28,GbgCollect,11.152625,,3.0,,,,GbgCollect,False,False,0,history1
par,Write Repair,29,29,RecentScan,15.022083,,29.0,,,,RecentScan,False,False,0,history1
par,Write Repair,30,30,Update,1.017459,6.0,,,,,Update,False,False,0,history1
par,Write Repair,31,31,BuildSnap,0.03875,,31.0,,,,MarkTs,False,False,0,history1
par,Write Repair,32,32,Probe,15.734375,600.0,32.0,,,,Probe,False,False,0,history1
par,Write Repair,33,33,Probe,13.930708,600.0,33.0,,,,Probe,False,False,0,history1
par,Write Repair,34,34,Update,0.848833,6.0,,,,,Update,False,False,0,history1
par,Write Repair,35,35,RecentScan,15.640875,,35.0,,,,RecentScan,False,False,0,history1
par,Write Repair,36,36,RecentScan,15.755625,,36.0,,,,RecentScan,False,False,0,history1
par,Write Repair,37,37,Update,1.049167,6.0,,,,,Update,False,False,0,history1
par,Write Repair,38,38,BuildSnap,0.028875,,38.0,,,,MarkTs,False,False,0,history1
par,Write Repair,39,39,GbgCollect,11.769084,,9.0,,,,GbgCollect,False,False,0,history1
par,Write Repair,40,40,Probe,14.864417,600.0,40.0,,,,Probe,False,False,0,history1
par,Write Repair,41,41,Update,0.933458,6.0,,,,,Update,False,False,0,history1
par,Write Repair,42,42,RecentScan,14.272083,,42.0,,,,RecentScan,False,False,0,history1
par,Write Repair,43,43,Probe,15.178958,600.0,43.0,,,,Probe,False,False,0,history1
par,Write Repair,44,44,Probe,14.422542,600.0,44.0,,,,Probe,False,False,0,history1
par,Write Repair,45,45,Update,0.9397920000000001,6.0,,,,,Update,False,False,0,history1
par,Write Repair,46,46,BuildSnap,0.027459,,46.0,,,,MarkTs,False,False,0,history1
par,Write Repair,47,47,Probe,14.535209,600.0,47.0,,,,Probe,False,False,0,history1
par,Write Repair,48,48,RecentScan,14.728792,,48.0,,,,RecentScan,False,False,0,history1
par,Write Repair,49,49,RecentScan,15.302083,,49.0,,,,RecentScan,False,False,0,history1
par,Write Repair,50,50,Probe,15.307875,600.0,50.0,,,,Probe,False,False,0,history1
par,Write Repair,51,51,RecentScan,15.706208,,51.0,,,,RecentScan,False,False,0,history1
par,Write Repair,52,52,Update,1.037042,6.0,,,,,Update,False,False,0,history1
par,Write Repair,53,53,Update,0.478916,6.0,,,,,Update,False,False,0,history1
par,Write Repair,54,54,BuildSnap,0.242667,,54.0,,,,MarkTs,False,False,0,history1
par,Write Repair,55,55,RecentScan,16.013416,,55.0,,,,RecentScan,False,False,0,history1
par,Write Repair,56,56,Update,0.929959,6.0,,,,,Update,False,False,0,history1
par,Write Repair,57,57,Probe,14.958125,600.0,57.0,,,,Probe,False,False,0,history1
par,Write Repair,58,58,RecentScan,16.074833,,58.0,,,,RecentScan,False,False,0,history1
par,Write Repair,59,59,Probe,15.631792,600.0,59.0,,,,Probe,False,False,0,history1
par,Write Repair,60,60,RecentScan,20.850792,,60.0,,,,RecentScan,False,False,0,history1
par,Write Repair,61,61,RecentScan,24.259041,,61.0,,,,RecentScan,False,False,0,history1
par,Write Repair,62,62,Probe,19.778,600.0,62.0,,,,Probe,False,False,0,history1
par,Write Repair,63,63,Probe,16.586917,600.0,63.0,,,,Probe,False,False,0,history1
par,Write Repair,64,64,Probe,16.258959,600.0,64.0,,,,Probe,False,False,0,history1
par,Write Repair,65,65,Probe,17.308333,600.0,65.0,,,,Probe,False,False,0,history1
par,Write Repair,66,66,GbgCollect,11.880667,,17.0,,,,GbgCollect,False,False,0,history1
par,Write Repair,67,67,Probe,16.015041,600.0,67.0,,,,Probe,False,False,0,history1
par,Write Repair,68,68,RecentScan,15.180917,,68.0,,,,RecentScan,False,False,0,history1
par,Write Repair,69,69,Probe,15.615291,600.0,69.0,,,,Probe,False,False,0,history1
par,Write Repair,70,70,RecentScan,15.02875,,70.0,,,,RecentScan,False,False,0,history1
par,Write Repair,71,71,Probe,16.591417,600.0,71.0,,,,Probe,False,False,0,history1
par,Write Repair,72,72,RecentScan,16.737667,,72.0,,,,RecentScan,False,False,0,history1
par,Write Repair,73,73,Probe,15.266083,600.0,73.0,,,,Probe,False,False,0,history1
par,Write Repair,74,74,Probe,13.811166,600.0,74.0,,,,Probe,False,False,0,history1
par,Write Repair,75,75,GbgCollect,11.53025,,31.0,,,,GbgCollect,False,False,0,history1
par,Write Repair,76,76,RecentScan,15.285541,,76.0,,,,RecentScan,False,False,0,history1
par,Write Repair,77,77,RecentScan,16.843875,,77.0,,,,RecentScan,False,False,0,history1
par,Write Repair,78,78,RecentScan,15.666541,,78.0,,,,RecentScan,False,False,0,history1
par,Write Repair,79,79,RecentScan,15.107125,,79.0,,,,RecentScan,False,False,0,history1
par,Write Repair,80,80,Probe,15.875708,600.0,80.0,,,,Probe,False,False,0,history1
par,Write Repair,81,81,Update,0.991958,6.0,,,,,Update,False,False,0,history1
par,Write Repair,82,82,BuildSnap,0.034582999999999996,,82.0,,,,MarkTs,False,False,0,history1
par,Write Repair,83,83,Update,0.630542,6.0,,,,,Update,False,False,0,history1
par,Write Repair,84,84,RecentScan,16.418917,,84.0,,,,RecentScan,False,False,0,history1
par,Write Repair,85,85,RecentScan,16.132125,,85.0,,,,RecentScan,False,False,0,history1
par,Write Repair,86,86,Probe,14.862666,600.0,86.0,,,,Probe,False,False,0,history1
par,Write Repair,87,87,RecentScan,15.954917,,87.0,,,,RecentScan,False,False,0,history1
par,Write Repair,88,88,Probe,15.737667,600.0,88.0,,,,Probe,False,False,0,history1
par,Write Repair,89,89,Probe,15.419792,600.0,89.0,,,,Probe,False,False,0,history1
par,Write Repair,90,90,RecentScan,15.483708,,90.0,,,,RecentScan,False,False,0,history1
par,Write Repair,91,91,Update,1.072417,6.0,,,,,Update,False,False,0,history1
par,Write Repair,92,92,BuildSnap,0.027957999999999997,,92.0,,,,MarkTs,False,False,0,history1
par,Write Repair,93,93,Probe,14.749708,600.0,93.0,,,,Probe,False,False,0,history1
par,Write Repair,94,94,RecentScan,17.000875,,94.0,,,,RecentScan,False,False,0,history1
par,Write Repair,95,95,Update,1.187375,6.0,,,,,Update,False,False,0,history1
par,Write Repair,96,96,RecentScan,15.6645,,96.0,,,,RecentScan,False,False,0,history1
par,Write Repair,97,97,Probe,16.672083,600.0,97.0,,,,Probe,False,False,0,history1
par,Write Repair,98,98,Probe,14.826,600.0,98.0,,,,Probe,False,False,0,history1
par,Write Repair,99,99,RecentScan,15.320416,,99.0,,,,RecentScan,False,False,0,history1
par,Write Repair,100,100,Probe,14.738458,600.0,100.0,,,,Probe,False,False,0,history1
par,Write Repair,101,101,RecentScan,17.034334,,101.0,,,,RecentScan,False,False,0,history1
par,Write Repair,102,102,Probe,15.373625,600.0,102.0,,,,Probe,False,False,0,history1
par,Write Repair,103,103,RecentScan,16.52875,,103.0,,,,RecentScan,False,False,0,history1
par,Write Repair,104,104,Update,1.127042,6.0,,,,,Update,False,False,0,history1
par,Write Repair,105,105,BuildSnap,0.031875,,105.0,,,,MarkTs,False,False,0,history1
par,Write Repair,106,106,Probe,15.38275,600.0,106.0,,,,Probe,False,False,0,history1
par,Write Repair,107,107,Update,0.866417,6.0,,,,,Update,False,False,0,history1
par,Write Repair,108,108,Probe,13.427042,600.0,108.0,,,,Probe,False,False,0,history1
par,Write Repair,109,109,Update,0.717792,6.0,,,,,Update,False,False,0,history1
par,Write Repair,110,110,BuildSnap,0.03475,,110.0,,,,MarkTs,False,False,0,history1
par,Write Repair,111,111,Probe,15.078792,600.0,111.0,,,,Probe,False,False,0,history1
par,Write Repair,112,112,RecentScan,16.776667,,112.0,,,,RecentScan,False,False,0,history1
par,Write Repair,113,113,Probe,15.477292,600.0,113.0,,,,Probe,False,False,0,history1
par,Write Repair,114,114,RecentScan,14.195292,,114.0,,,,RecentScan,False,False,0,history1
par,Write Repair,115,115,RecentScan,15.76825,,115.0,,,,RecentScan,False,False,0,history1
par,Write Repair,116,116,Probe,15.906541,600.0,116.0,,,,Probe,False,False,0,history1
par,Write Repair,117,117,RecentScan,15.449792,,117.0,,,,RecentScan,False,False,0,history1
