table_type,repair_type,idx,tx_id,tx_type,duration_ms,count,read_ts,from_ts,to_ts,build_reason,tx_type_raw,is_untimed_prime,is_actual_build,trial,case
naive,No Repair,0,0,InitLoad,2.76525,210000.0,,,,,InitLoad,False,False,0,history0
naive,No Repair,1,1,BuildSnap,0.0,,1.0,,,,MarkTs,False,False,0,history0
naive,No Repair,2,2,Update,0.0,21.0,,,,,Update,False,False,0,history0
naive,No Repair,3,3,BuildSnap,0.0,,3.0,,,,MarkTs,False,False,0,history0
naive,No Repair,4,4,BuildSnap,156.629167,,4.0,,,RecentScan,MarkTs,False,True,0,history0
naive,No Repair,4,4,RecentScan,55.779084,,4.0,,,,RecentScan,False,False,0,history0
naive,No Repair,5,5,Update,0.0,21.0,,,,,Update,False,False,0,history0
naive,No Repair,6,6,BuildSnap,158.143833,,6.0,,,RecentScan,MarkTs,False,True,0,history0
naive,No Repair,6,6,RecentScan,62.046334,,6.0,,,,RecentScan,False,False,0,history0
naive,No Repair,7,7,BuildSnap,158.882417,,1.0,,,HistoryScan,MarkTs,True,False,0,history0
naive,No Repair,7,7,HistoryScan,56.547084,,1.0,,,,HistoryScan,True,False,0,history0
naive,No Repair,8,8,Update,0.0,21.0,,,,,Update,False,False,0,history0
naive,No Repair,9,9,BuildSnap,0.0,,9.0,,,,MarkTs,False,False,0,history0
naive,No Repair,10,10,BuildSnap,156.884792,,10.0,,,RecentScan,MarkTs,False,True,0,history0
naive,No Repair,10,10,RecentScan,59.325,,10.0,,,,RecentScan,False,False,0,history0
naive,No Repair,11,11,Update,0.0,21.0,,,,,Update,False,False,0,history0
naive,No Repair,12,12,BuildSnap,162.906958,,12.0,,,RecentScan,MarkTs,False,True,0,history0
naive,No Repair,12,12,RecentScan,65.873084,,12.0,,,,RecentScan,False,False,0,history0
naive,No Repair,13,13,BuildSnap,172.074459,,13.0,,,RecentScan,MarkTs,False,True,0,history0
naive,No Repair,13,13,RecentScan,60.820042,,13.0,,,,RecentScan,False,False,0,history0
naive,No Repair,14,14,BuildSnap,168.779292,,14.0,,,Probe,MarkTs,False,True,0,history0
naive,No Repair,14,14,Probe,256.634125,2100.0,14.0,,,,Probe,False,False,0,history0
naive,No Repair,15,15,GbgCollect,0.08533400000000001,,1.0,,,,GbgCollect,False,False,0,history0
naive,No Repair,16,16,Update,0.0,21.0,,,,,Update,False,False,0,history0
naive,No Repair,17,17,BuildSnap,0.0,,17.0,,,,MarkTs,False,False,0,history0
naive,No Repair,18,18,Update,0.0,21.0,,,,,Update,False,False,0,history0
naive,No Repair,19,19,BuildSnap,171.819083,,19.0,,,Probe,MarkTs,False,True,0,history0
naive,No Repair,19,19,Probe,238.263708,2100.0,19.0,,,,Probe,False,False,0,history0
naive,No Repair,20,20,BuildSnap,160.364625,,20.0,,,RecentScan,MarkTs,False,True,0,history0
naive,No Repair,20,20,RecentScan,61.047666,,20.0,,,,RecentScan,False,False,0,history0
naive,No Repair,21,21,BuildSnap,161.156625,,21.0,,,RecentScan,MarkTs,False,True,0,history0
naive,No Repair,21,21,RecentScan,62.722083,,21.0,,,,RecentScan,False,False,0,history0
naive,No Repair,22,22,BuildSnap,169.766959,,22.0,,,RecentScan,MarkTs,False,True,0,history0
naive,No Repair,22,22,RecentScan,61.543708,,22.0,,,,RecentScan,False,False,0,history0
naive,No Repair,23,23,BuildSnap,162.23375,,23.0,,,Probe,MarkTs,False,True,0,history0
naive,No Repair,23,23,Probe,238.063417,2100.0,23.0,,,,Probe,False,False,0,history0
naive,No Repair,24,24,BuildSnap,168.908917,,24.0,,,Probe,MarkTs,False,True,0,history0
naive,No Repair,24,24,Probe,226.921,2100.0,24.0,,,,Probe,False,False,0,history0
naive,No Repair,25,25,BuildSnap,164.016333,,25.0,,,Probe,MarkTs,False,True,0,history0
naive,No Repair,25,25,Probe,234.690084,2100.0,25.0,,,,Probe,False,False,0,history0
naive,No Repair,26,26,BuildSnap,163.70675,,26.0,,,RecentScan,MarkTs,False,True,0,history0
naive,No Repair,26,26,RecentScan,63.664959,,26.0,,,,RecentScan,False,False,0,history0
naive,No Repair,27,27,BuildSnap,171.383375,,27.0,,,Probe,MarkTs,False,True,0,history0
naive,No Repair,27,27,Probe,253.46225,2100.0,27.0,,,,Probe,False,False,0,history0
naive,No Repair,28,28,GbgCollect,0.0,,3.0,,,,GbgCollect,False,False,0,history0
naive,No Repair,29,29,BuildSnap,179.365708,,29.0,,,RecentScan,MarkTs,False,True,0,history0
naive,No Repair,29,29,RecentScan,66.306542,,29.0,,,,RecentScan,False,False,0,history0
naive,No Repair,30,30,Update,0.0,21.0,,,,,Update,False,False,0,history0
naive,No Repair,31,31,BuildSnap,0.0,,31.0,,,,MarkTs,False,False,0,history0
naive,No Repair,32,32,BuildSnap,178.013917,,32.0,,,Probe,MarkTs,False,True,0,history0
naive,No Repair,32,32,Probe,253.093333,2100.0,32.0,,,,Probe,False,False,0,history0
naive,No Repair,33,33,BuildSnap,159.836292,,33.0,,,Probe,MarkTs,False,True,0,history0
naive,No Repair,33,33,Probe,253.488833,2100.0,33.0,,,,Probe,False,False,0,history0
naive,No Repair,34,34,Update,0.0,21.0,,,,,Update,False,False,0,history0
naive,No Repair,35,35,BuildSnap,165.436416,,35.0,,,RecentScan,MarkTs,False,True,0,history0
naive,No Repair,35,35,RecentScan,62.753916,,35.0,,,,RecentScan,False,False,0,history0
naive,No Repair,36,36,BuildSnap,171.190375,,36.0,,,RecentScan,MarkTs,False,True,0,history0
naive,No Repair,36,36,RecentScan,66.960916,,36.0,,,,RecentScan,False,False,0,history0
naive,No Repair,37,37,Update,0.0,21.0,,,,,Update,False,False,0,history0
naive,No Repair,38,38,BuildSnap,0.0,,38.0,,,,MarkTs,False,False,0,history0
naive,No Repair,39,39,GbgCollect,0.242791,,9.0,,,,GbgCollect,False,False,0,history0
naive,No Repair,40,40,BuildSnap,176.794875,,40.0,,,Probe,MarkTs,False,True,0,history0
naive,No Repair,40,40,Probe,258.321959,2100.0,40.0,,,,Probe,False,False,0,history0
naive,No Repair,41,41,Update,0.0,21.0,,,,,Update,False,False,0,history0
naive,No Repair,42,42,BuildSnap,175.573,,42.0,,,RecentScan,MarkTs,False,True,0,history0
naive,No Repair,42,42,RecentScan,65.708,,42.0,,,,RecentScan,False,False,0,history0
naive,No Repair,43,43,BuildSnap,186.77375,,43.0,,,Probe,MarkTs,False,True,0,history0
naive,No Repair,43,43,Probe,241.063458,2100.0,43.0,,,,Probe,False,False,0,history0
naive,No Repair,44,44,BuildSnap,163.839917,,44.0,,,Probe,MarkTs,False,True,0,history0
naive,No Repair,44,44,Probe,292.852166,2100.0,44.0,,,,Probe,False,False,0,history0
naive,No Repair,45,45,Update,0.0,21.0,,,,,Update,False,False,0,history0
naive,No Repair,46,46,BuildSnap,0.0,,46.0,,,,MarkTs,False,False,0,history0
naive,No Repair,47,47,BuildSnap,168.806125,,47.0,,,Probe,MarkTs,False,True,0,history0
naive,No Repair,47,47,Probe,260.220917,2100.0,47.0,,,,Probe,False,False,0,history0
naive,No Repair,48,48,BuildSnap,163.337583,,48.0,,,RecentScan,MarkTs,False,True,0,history0
naive,No Repair,48,48,RecentScan,66.328208,,48.0,,,,RecentScan,False,False,0,history0
naive,No Repair,49,49,BuildSnap,177.048875,,49.0,,,RecentScan,MarkTs,False,True,0,history0
naive,No Repair,49,49,RecentScan,60.363625,,49.0,,,,RecentScan,False,False,0,history0
naive,No Repair,50,50,BuildSnap,163.407584,,50.0,,,Probe,MarkTs,False,True,0,history0
naive,No Repair,50,50,Probe,295.2225,2100.0,50.0,,,,Probe,False,False,0,history0
naive,No Repair,51,51,BuildSnap,166.558583,,51.0,,,RecentScan,MarkTs,False,True,0,history0
naive,No Repair,51,51,RecentScan,63.41325,,51.0,,,,RecentScan,False,False,0,history0
naive,No Repair,52,52,Update,0.0,21.0,,,,,Update,False,False,0,history0
naive,No Repair,53,53,Update,0.0,21.0,,,,,Update,False,False,0,history0
naive,No Repair,54,54,BuildSnap,0.0,,54.0,,,,MarkTs,False,False,0,history0
naive,No Repair,55,55,BuildSnap,165.748791,,55.0,,,RecentScan,MarkTs,False,True,0,history0
naive,No Repair,55,55,RecentScan,65.770292,,55.0,,,,RecentScan,False,False,0,history0
naive,No Repair,56,56,Update,0.0,21.0,,,,,Update,False,False,0,history0
naive,No Repair,57,57,BuildSnap,175.123833,,57.0,,,Probe,MarkTs,False,True,0,history0
naive,No Repair,57,57,Probe,276.224042,2100.0,57.0,,,,Probe,False,False,0,history0
naive,No Repair,58,58,BuildSnap,164.72475,,58.0,,,RecentScan,MarkTs,False,True,0,history0
naive,No Repair,58,58,RecentScan,63.099917,,58.0,,,,RecentScan,False,False,0,history0
naive,No Repair,59,59,BuildSnap,169.484291,,59.0,,,Probe,MarkTs,False,True,0,history0
naive,No Repair,59,59,Probe,318.132584,2100.0,59.0,,,,Probe,False,False,0,history0
naive,No Repair,60,60,BuildSnap,173.341083,,60.0,,,RecentScan,MarkTs,False,True,0,history0
naive,No Repair,60,60,RecentScan,67.448833,,60.0,,,,RecentScan,False,False,0,history0
naive,No Repair,61,61,BuildSnap,243.281875,,61.0,,,RecentScan,MarkTs,False,True,0,history0
naive,No Repair,61,61,RecentScan,65.226084,,61.0,,,,RecentScan,False,False,0,history0
naive,No Repair,62,62,BuildSnap,186.410458,,62.0,,,Probe,MarkTs,False,True,0,history0
naive,No Repair,62,62,Probe,332.730084,2100.0,62.0,,,,Probe,False,False,0,history0
naive,No Repair,63,63,BuildSnap,210.312291,,63.0,,,Probe,MarkTs,False,True,0,history0
naive,No Repair,63,63,Probe,316.208208,2100.0,63.0,,,,Probe,False,False,0,history0
naive,No Repair,64,64,BuildSnap,208.870625,,64.0,,,Probe,MarkTs,False,True,0,history0
naive,No Repair,64,64,Probe,303.7495,2100.0,64.0,,,,Probe,False,False,0,history0
naive,No Repair,65,65,BuildSnap,212.402875,,65.0,,,Probe,MarkTs,False,True,0,history0
naive,No Repair,65,65,Probe,267.829834,2100.0,65.0,,,,Probe,False,False,0,history0
naive,No Repair,66,66,GbgCollect,0.43025,,17.0,,,,GbgCollect,False,False,0,history0
naive,No Repair,67,67,BuildSnap,199.747833,,67.0,,,Probe,MarkTs,False,True,0,history0
naive,No Repair,67,67,Probe,311.417209,2100.0,67.0,,,,Probe,False,False,0,history0
naive,No Repair,68,68,BuildSnap,208.10775,,68.0,,,RecentScan,MarkTs,False,True,0,history0
naive,No Repair,68,68,RecentScan,81.717917,,68.0,,,,RecentScan,False,False,0,history0
naive,No Repair,69,69,BuildSnap,200.163166,,69.0,,,Probe,MarkTs,False,True,0,history0
naive,No Repair,69,69,Probe,269.770791,2100.0,69.0,,,,Probe,False,False,0,history0
naive,No Repair,70,70,BuildSnap,206.72425,,70.0,,,RecentScan,MarkTs,False,True,0,history0
naive,No Repair,70,70,RecentScan,67.9625,,70.0,,,,RecentScan,False,False,0,history0
naive,No Repair,71,71,BuildSnap,250.924166,,71.0,,,Probe,MarkTs,False,True,0,history0
naive,No Repair,71,71,Probe,284.007708,2100.0,71.0,,,,Probe,False,False,0,history0
naive,No Repair,72,72,BuildSnap,225.265625,,72.0,,,RecentScan,MarkTs,False,True,0,history0
naive,No Repair,72,72,RecentScan,73.908875,,72.0,,,,RecentScan,False,False,0,history0
naive,No Repair,73,73,BuildSnap,227.250417,,73.0,,,Probe,MarkTs,False,True,0,history0
naive,No Repair,73,73,Probe,273.948416,2100.0,73.0,,,,Probe,False,False,0,history0
naive,No Repair,74,74,BuildSnap,203.185708,,74.0,,,Probe,MarkTs,False,True,0,history0
naive,No Repair,74,74,Probe,468.422833,2100.0,74.0,,,,Probe,False,False,0,history0
naive,No Repair,75,75,GbgCollect,1.546292,,31.0,,,,GbgCollect,False,False,0,history0
naive,No Repair,76,76,BuildSnap,269.356041,,76.0,,,RecentScan,MarkTs,False,True,0,history0
naive,No Repair,76,76,RecentScan,76.219958,,76.0,,,,RecentScan,False,False,0,history0
naive,No Repair,77,77,BuildSnap,208.007541,,77.0,,,RecentScan,MarkTs,False,True,0,history0
naive,No Repair,77,77,RecentScan,70.215292,,77.0,,,,RecentScan,False,False,0,history0
naive,No Repair,78,78,BuildSnap,231.624583,,78.0,,,RecentScan,MarkTs,False,True,0,history0
naive,No Repair,78,78,RecentScan,75.139584,,78.0,,,,RecentScan,False,False,0,history0
naive,No Repair,79,79,BuildSnap,209.644709,,79.0,,,RecentScan,MarkTs,False,True,0,history0
naive,No Repair,79,79,RecentScan,68.409417,,79.0,,,,RecentScan,False,False,0,history0
naive,No Repair,80,80,BuildSnap,218.97825,,80.0,,,Probe,MarkTs,False,True,0,history0
naive,No Repair,80,80,Probe,268.664708,2100.0,80.0,,,,Probe,False,False,0,history0
naive,No Repair,81,81,Update,0.0,21.0,,,,,Update,False,False,0,history0
naive,No Repair,82,82,BuildSnap,0.0,,82.0,,,,MarkTs,False,False,0,history0
naive,No Repair,83,83,Update,0.0,21.0,,,,,Update,False,False,0,history0
naive,No Repair,84,84,BuildSnap,209.059375,,84.0,,,RecentScan,MarkTs,False,True,0,history0
naive,No Repair,84,84,RecentScan,73.311583,,84.0,,,,RecentScan,False,False,0,history0
naive,No Repair,85,85,BuildSnap,205.734791,,85.0,,,RecentScan,MarkTs,False,True,0,history0
naive,No Repair,85,85,RecentScan,69.670333,,85.0,,,,RecentScan,False,False,0,history0
naive,No Repair,86,86,BuildSnap,207.395125,,86.0,,,Probe,MarkTs,False,True,0,history0
naive,No Repair,86,86,Probe,262.838333,2100.0,86.0,,,,Probe,False,False,0,history0
naive,No Repair,87,87,BuildSnap,214.124792,,87.0,,,RecentScan,MarkTs,False,True,0,history0
naive,No Repair,87,87,RecentScan,71.4075,,87.0,,,,RecentScan,False,False,0,history0
naive,No Repair,88,88,BuildSnap,247.351084,,88.0,,,Probe,MarkTs,False,True,0,history0
naive,No Repair,88,88,Probe,288.541709,2100.0,88.0,,,,Probe,False,False,0,history0
naive,No Repair,89,89,BuildSnap,196.684709,,89.0,,,Probe,MarkTs,False,True,0,history0
naive,No Repair,89,89,Probe,268.370167,2100.0,89.0,,,,Probe,False,False,0,history0
naive,No Repair,90,90,BuildSnap,194.544083,,90.0,,,RecentScan,MarkTs,False,True,0,history0
naive,No Repair,90,90,RecentScan,75.321958,,90.0,,,,RecentScan,False,False,0,history0
naive,No Repair,91,91,Update,0.0,21.0,,,,,Update,False,False,0,history0
naive,No Repair,92,92,BuildSnap,0.0,,92.0,,,,MarkTs,False,False,0,history0
naive,No Repair,93,93,BuildSnap,198.137459,,93.0,,,Probe,MarkTs,False,True,0,history0
naive,No Repair,93,93,Probe,288.905667,2100.0,93.0,,,,Probe,False,False,0,history0
naive,No Repair,94,94,BuildSnap,210.260625,,94.0,,,RecentScan,MarkTs,False,True,0,history0
naive,No Repair,94,94,RecentScan,75.613208,,94.0,,,,RecentScan,False,False,0,history0
naive,No Repair,95,95,Update,0.0,21.0,,,,,Update,False,False,0,history0
naive,No Repair,96,96,BuildSnap,203.668875,,96.0,,,RecentScan,MarkTs,False,True,0,history0
naive,No Repair,96,96,RecentScan,75.740958,,96.0,,,,RecentScan,False,False,0,history0
naive,No Repair,97,97,BuildSnap,192.288959,,97.0,,,Probe,MarkTs,False,True,0,history0
naive,No Repair,97,97,Probe,277.472666,2100.0,97.0,,,,Probe,False,False,0,history0
naive,No Repair,98,98,BuildSnap,196.690875,,98.0,,,Probe,MarkTs,False,True,0,history0
naive,No Repair,98,98,Probe,275.511042,2100.0,98.0,,,,Probe,False,False,0,history0
naive,No Repair,99,99,BuildSnap,195.927666,,99.0,,,RecentScan,MarkTs,False,True,0,history0
naive,No Repair,99,99,RecentScan,72.40625,,99.0,,,,RecentScan,False,False,0,history0
naive,No Repair,100,100,BuildSnap,191.113375,,100.0,,,Probe,MarkTs,False,True,0,history0
naive,No Repair,100,100,Probe,289.532917,2100.0,100.0,,,,Probe,False,False,0,history0
naive,No Repair,101,101,BuildSnap,218.930916,,101.0,,,RecentScan,MarkTs,False,True,0,history0
naive,No Repair,101,101,RecentScan,69.528875,,101.0,,,,RecentScan,False,False,0,history0
naive,No Repair,102,102,BuildSnap,209.17,,102.0,,,Probe,MarkTs,False,True,0,history0
naive,No Repair,102,102,Probe,272.525125,2100.0,102.0,,,,Probe,False,False,0,history0
naive,No Repair,103,103,BuildSnap,212.762709,,103.0,,,RecentScan,MarkTs,False,True,0,history0
naive,No Repair,103,103,RecentScan,77.371167,,103.0,,,,RecentScan,False,False,0,history0
naive,No Repair,104,104,Update,0.0,21.0,,,,,Update,False,False,0,history0
naive,No Repair,105,105,BuildSnap,0.0,,105.0,,,,MarkTs,False,False,0,history0
naive,No Repair,106,106,BuildSnap,191.547125,,106.0,,,Probe,MarkTs,False,True,0,history0
naive,No Repair,106,106,Probe,245.466666,2100.0,106.0,,,,Probe,False,False,0,history0
naive,No Repair,107,107,Update,0.0,21.0,,,,,Update,False,False,0,history0
naive,No Repair,108,108,BuildSnap,200.571167,,108.0,,,Probe,MarkTs,False,True,0,history0
naive,No Repair,108,108,Probe,282.84125,2100.0,108.0,,,,Probe,False,False,0,history0
naive,No Repair,109,109,Update,0.0,21.0,,,,,Update,False,False,0,history0
naive,No Repair,110,110,BuildSnap,0.0,,110.0,,,,MarkTs,False,False,0,history0
naive,No Repair,111,111,BuildSnap,194.194084,,111.0,,,Probe,MarkTs,False,True,0,history0
naive,No Repair,111,111,Probe,263.864167,2100.0,111.0,,,,Probe,False,False,0,history0
naive,No Repair,112,112,BuildSnap,202.851083,,112.0,,,RecentScan,MarkTs,False,True,0,history0
naive,No Repair,112,112,RecentScan,70.695875,,112.0,,,,RecentScan,False,False,0,history0
naive,No Repair,113,113,BuildSnap,205.191542,,113.0,,,Probe,MarkTs,False,True,0,history0
naive,No Repair,113,113,Probe,285.402375,2100.0,113.0,,,,Probe,False,False,0,history0
naive,No Repair,114,114,BuildSnap,211.216125,,114.0,,,RecentScan,MarkTs,False,True,0,history0
naive,No Repair,114,114,RecentScan,82.790375,,114.0,,,,RecentScan,False,False,0,history0
naive,No Repair,115,115,BuildSnap,182.5985,,115.0,,,RecentScan,MarkTs,False,True,0,history0
naive,No Repair,115,115,RecentScan,74.493208,,115.0,,,,RecentScan,False,False,0,history0
naive,No Repair,116,116,BuildSnap,200.753792,,116.0,,,Probe,MarkTs,False,True,0,history0
naive,No Repair,116,116,Probe,278.61075,2100.0,116.0,,,,Probe,False,False,0,history0
naive,No Repair,117,117,BuildSnap,191.396458,,117.0,,,RecentScan,MarkTs,False,True,0,history0
naive,No Repair,117,117,RecentScan,81.780041,,117.0,,,,RecentScan,False,False,0,history0
ivmh,No Repair,0,0,InitLoad,47.001125,210000.0,,,,,InitLoad,False,False,0,history0
ivmh,No Repair,1,1,BuildSnap,0.0010840000000000001,,1.0,,,,MarkTs,False,False,0,history0
ivmh,No Repair,2,2,Update,0.175416,21.0,,,,,Update,False,False,0,history0
ivmh,No Repair,3,3,BuildSnap,0.0,,3.0,,,,MarkTs,False,False,0,history0
ivmh,No Repair,4,4,RecentScan,62.519875,,4.0,,,,RecentScan,False,False,0,history0
ivmh,No Repair,5,5,Update,0.23325,21.0,,,,,Update,False,False,0,history0
ivmh,No Repair,6,6,RecentScan,54.906458,,6.0,,,,RecentScan,False,False,0,history0
ivmh,No Repair,7,7,BuildSnap,165.467583,,1.0,,,HistoryScan,MarkTs,True,False,0,history0
ivmh,No Repair,7,7,HistoryScan,61.525417,,1.0,,,,HistoryScan,True,False,0,history0
ivmh,No Repair,8,8,Update,0.135417,21.0,,,,,Update,False,False,0,history0
ivmh,No Repair,9,9,BuildSnap,0.0,,9.0,,,,MarkTs,False,False,0,history0
ivmh,No Repair,10,10,RecentScan,59.078,,10.0,,,,RecentScan,False,False,0,history0
ivmh,No Repair,11,11,Update,0.289584,21.0,,,,,Update,False,False,0,history0
ivmh,No Repair,12,12,RecentScan,59.097083,,12.0,,,,RecentScan,False,False,0,history0
ivmh,No Repair,13,13,RecentScan,59.871375,,13.0,,,,RecentScan,False,False,0,history0
ivmh,No Repair,14,14,Probe,243.163167,2100.0,14.0,,,,Probe,False,False,0,history0
ivmh,No Repair,15,15,GbgCollect,0.08545900000000001,,1.0,,,,GbgCollect,False,False,0,history0
ivmh,No Repair,16,16,Update,0.110666,21.0,,,,,Update,False,False,0,history0
ivmh,No Repair,17,17,BuildSnap,0.0,,17.0,,,,MarkTs,False,False,0,history0
ivmh,No Repair,18,18,Update,0.084,21.0,,,,,Update,False,False,0,history0
ivmh,No Repair,19,19,Probe,235.1025,2100.0,19.0,,,,Probe,False,False,0,history0
ivmh,No Repair,20,20,RecentScan,59.212125,,20.0,,,,RecentScan,False,False,0,history0
ivmh,No Repair,21,21,RecentScan,61.256125,,21.0,,,,RecentScan,False,False,0,history0
ivmh,No Repair,22,22,RecentScan,58.45425,,22.0,,,,RecentScan,False,False,0,history0
ivmh,No Repair,23,23,Probe,234.971958,2100.0,23.0,,,,Probe,False,False,0,history0
ivmh,No Repair,24,24,Probe,248.627167,2100.0,24.0,,,,Probe,False,False,0,history0
ivmh,No Repair,25,25,Probe,236.033875,2100.0,25.0,,,,Probe,False,False,0,history0
ivmh,No Repair,26,26,RecentScan,60.676584,,26.0,,,,RecentScan,False,False,0,history0
ivmh,No Repair,27,27,Probe,252.148125,2100.0,27.0,,,,Probe,False,False,0,history0
ivmh,No Repair,28,28,GbgCollect,0.0,,3.0,,,,GbgCollect,False,False,0,history0
ivmh,No Repair,29,29,RecentScan,63.3595,,29.0,,,,RecentScan,False,False,0,history0
ivmh,No Repair,30,30,Update,0.151083,21.0,,,,,Update,False,False,0,history0
ivmh,No Repair,31,31,BuildSnap,0.0,,31.0,,,,MarkTs,False,False,0,history0
ivmh,No Repair,32,32,Probe,237.724375,2100.0,32.0,,,,Probe,False,False,0,history0
ivmh,No Repair,33,33,Probe,232.966834,2100.0,33.0,,,,Probe,False,False,0,history0
ivmh,No Repair,34,34,Update,0.06841599999999999,21.0,,,,,Update,False,False,0,history0
ivmh,No Repair,35,35,RecentScan,62.467542,,35.0,,,,RecentScan,False,False,0,history0
ivmh,No Repair,36,36,RecentScan,65.306542,,36.0,,,,RecentScan,False,False,0,history0
ivmh,No Repair,37,37,Update,0.206208,21.0,,,,,Update,False,False,0,history0
ivmh,No Repair,38,38,BuildSnap,0.0012079999999999999,,38.0,,,,MarkTs,False,False,0,history0
ivmh,No Repair,39,39,GbgCollect,0.0,,9.0,,,,GbgCollect,False,False,0,history0
ivmh,No Repair,40,40,Probe,226.577542,2100.0,40.0,,,,Probe,False,False,0,history0
ivmh,No Repair,41,41,Update,0.131083,21.0,,,,,Update,False,False,0,history0
ivmh,No Repair,42,42,RecentScan,65.715292,,42.0,,,,RecentScan,False,False,0,history0
ivmh,No Repair,43,43,Probe,216.426417,2100.0,43.0,,,,Probe,False,False,0,history0
ivmh,No Repair,44,44,Probe,225.502708,2100.0,44.0,,,,Probe,False,False,0,history0
ivmh,No Repair,45,45,Update,0.099417,21.0,,,,,Update,False,False,0,history0
ivmh,No Repair,46,46,BuildSnap,0.0,,46.0,,,,MarkTs,False,False,0,history0
ivmh,No Repair,47,47,Probe,220.007875,2100.0,47.0,,,,Probe,False,False,0,history0
ivmh,No Repair,48,48,RecentScan,60.670458,,48.0,,,,RecentScan,False,False,0,history0
ivmh,No Repair,49,49,RecentScan,64.078958,,49.0,,,,RecentScan,False,False,0,history0
ivmh,No Repair,50,50,Probe,232.170875,2100.0,50.0,,,,Probe,False,False,0,history0
ivmh,No Repair,51,51,RecentScan,60.635708,,51.0,,,,RecentScan,False,False,0,history0
ivmh,No Repair,52,52,Update,0.129833,21.0,,,,,Update,False,False,0,history0
ivmh,No Repair,53,53,Update,0.127083,21.0,,,,,Update,False,False,0,history0
ivmh,No Repair,54,54,BuildSnap,0.0,,54.0,,,,MarkTs,False,False,0,history0
ivmh,No Repair,55,55,RecentScan,62.399958,,55.0,,,,RecentScan,False,False,0,history0
ivmh,No Repair,56,56,Update,0.157291,21.0,,,,,Update,False,False,0,history0
ivmh,No Repair,57,57,Probe,232.921084,2100.0,57.0,,,,Probe,False,False,0,history0
ivmh,No Repair,58,58,RecentScan,61.648833,,58.0,,,,RecentScan,False,False,0,history0
ivmh,No Repair,59,59,Probe,228.338542,2100.0,59.0,,,,Probe,False,False,0,history0
ivmh,No Repair,60,60,RecentScan,60.102667,,60.0,,,,RecentScan,False,False,0,history0
ivmh,No Repair,61,61,RecentScan,64.645417,,61.0,,,,RecentScan,False,False,0,history0
ivmh,No Repair,62,62,Probe,220.782,2100.0,62.0,,,,Probe,False,False,0,history0
ivmh,No Repair,63,63,Probe,234.7005,2100.0,63.0,,,,Probe,False,False,0,history0
ivmh,No Repair,64,64,Probe,223.172625,2100.0,64.0,,,,Probe,False,False,0,history0
ivmh,No Repair,65,65,Probe,229.053417,2100.0,65.0,,,,Probe,False,False,0,history0
ivmh,No Repair,66,66,GbgCollect,0.0,,17.0,,,,GbgCollect,False,False,0,history0
ivmh,No Repair,67,67,Probe,236.610416,2100.0,67.0,,,,Probe,False,False,0,history0
ivmh,No Repair,68,68,RecentScan,60.008542,,68.0,,,,RecentScan,False,False,0,history0
ivmh,No Repair,69,69,Probe,225.74675,2100.0,69.0,,,,Probe,False,False,0,history0
ivmh,No Repair,70,70,RecentScan,67.6045,,70.0,,,,RecentScan,False,False,0,history0
ivmh,No Repair,71,71,Probe,230.573709,2100.0,71.0,,,,Probe,False,False,0,history0
ivmh,No Repair,72,72,RecentScan,61.425042,,72.0,,,,RecentScan,False,False,0,history0
ivmh,No Repair,73,73,Probe,213.628208,2100.0,73.0,,,,Probe,False,False,0,history0
ivmh,No Repair,74,74,Probe,226.513208,2100.0,74.0,,,,Probe,False,False,0,history0
ivmh,No Repair,75,75,GbgCollect,0.0,,31.0,,,,GbgCollect,False,False,0,history0
ivmh,No Repair,76,76,RecentScan,60.04475,,76.0,,,,RecentScan,False,False,0,history0
ivmh,No Repair,77,77,RecentScan,63.089625,,77.0,,,,RecentScan,False,False,0,history0
ivmh,No Repair,78,78,RecentScan,61.582583,,78.0,,,,RecentScan,False,False,0,history0
ivmh,No Repair,79,79,RecentScan,64.569917,,79.0,,,,RecentScan,False,False,0,history0
ivmh,No Repair,80,80,Probe,212.796125,2100.0,80.0,,,,Probe,False,False,0,history0
ivmh,No Repair,81,81,Update,0.097416,21.0,,,,,Update,False,False,0,history0
ivmh,No Repair,82,82,BuildSnap,0.0,,82.0,,,,MarkTs,False,False,0,history0
ivmh,No Repair,83,83,Update,0.076916,21.0,,,,,Update,False,False,0,history0
ivmh,No Repair,84,84,RecentScan,60.04075,,84.0,,,,RecentScan,False,False,0,history0
ivmh,No Repair,85,85,RecentScan,61.343458,,85.0,,,,RecentScan,False,False,0,history0
ivmh,No Repair,86,86,Probe,241.527583,2100.0,86.0,,,,Probe,False,False,0,history0
ivmh,No Repair,87,87,RecentScan,61.150542,,87.0,,,,RecentScan,False,False,0,history0
ivmh,No Repair,88,88,Probe,289.12725,2100.0,88.0,,,,Probe,False,False,0,history0
ivmh,No Repair,89,89,Probe,244.09625,2100.0,89.0,,,,Probe,False,False,0,history0
ivmh,No Repair,90,90,RecentScan,59.931166,,90.0,,,,RecentScan,False,False,0,history0
ivmh,No Repair,91,91,Update,0.199166,21.0,,,,,Update,False,False,0,history0
ivmh,No Repair,92,92,BuildSnap,0.0,,92.0,,,,MarkTs,False,False,0,history0
ivmh,No Repair,93,93,Probe,233.087375,2100.0,93.0,,,,Probe,False,False,0,history0
ivmh,No Repair,94,94,RecentScan,60.258375,,94.0,,,,RecentScan,False,False,0,history0
ivmh,No Repair,95,95,Update,0.26875,21.0,,,,,Update,False,False,0,history0
ivmh,No Repair,96,96,RecentScan,58.600459,,96.0,,,,RecentScan,False,False,0,history0
ivmh,No Repair,97,97,Probe,240.289084,2100.0,97.0,,,,Probe,False,False,0,history0
ivmh,No Repair,98,98,Probe,241.06,2100.0,98.0,,,,Probe,False,False,0,history0
ivmh,No Repair,99,99,RecentScan,60.794334,,99.0,,,,RecentScan,False,False,0,history0
ivmh,No Repair,100,100,Probe,232.820459,2100.0,100.0,,,,Probe,False,False,0,history0
ivmh,No Repair,101,101,RecentScan,62.67,,101.0,,,,RecentScan,False,False,0,history0
ivmh,No Repair,102,102,Probe,263.908667,2100.0,102.0,,,,Probe,False,False,0,history0
ivmh,No Repair,103,103,RecentScan,64.437042,,103.0,,,,RecentScan,False,False,0,history0
ivmh,No Repair,104,104,Update,0.3825,21.0,,,,,Update,False,False,0,history0
ivmh,No Repair,105,105,BuildSnap,0.0,,105.0,,,,MarkTs,False,False,0,history0
ivmh,No Repair,106,106,Probe,284.837667,2100.0,106.0,,,,Probe,False,False,0,history0
ivmh,No Repair,107,107,Update,0.099125,21.0,,,,,Update,False,False,0,history0
ivmh,No Repair,108,108,Probe,241.2035,2100.0,108.0,,,,Probe,False,False,0,history0
ivmh,No Repair,109,109,Update,0.084167,21.0,,,,,Update,False,False,0,history0
ivmh,No Repair,110,110,BuildSnap,0.0,,110.0,,,,MarkTs,False,False,0,history0
ivmh,No Repair,111,111,Probe,232.904792,2100.0,111.0,,,,Probe,False,False,0,history0
ivmh,No Repair,112,112,RecentScan,60.563584,,112.0,,,,RecentScan,False,False,0,history0
ivmh,No Repair,113,113,Probe,309.278041,2100.0,113.0,,,,Probe,False,False,0,history0
ivmh,No Repair,114,114,RecentScan,61.2335,,114.0,,,,RecentScan,False,False,0,history0
ivmh,No Repair,115,115,RecentScan,62.439458,,115.0,,,,RecentScan,False,False,0,history0
ivmh,No Repair,116,116,Probe,235.149042,2100.0,116.0,,,,Probe,False,False,0,history0
ivmh,No Repair,117,117,RecentScan,62.255959,,117.0,,,,RecentScan,False,False,0,history0
heap,No Repair,0,0,InitLoad,65.905166,210000.0,,,,,InitLoad,False,False,0,history0
heap,No Repair,1,1,BuildSnap,0.0,,1.0,,,,MarkTs,False,False,0,history0
heap,No Repair,2,2,Update,0.011167,21.0,,,,,Update,False,False,0,history0
heap,No Repair,3,3,BuildSnap,0.0,,3.0,,,,MarkTs,False,False,0,history0
heap,No Repair,4,4,RecentScan,78.972625,,4.0,,,,RecentScan,False,False,0,history0
heap,No Repair,5,5,Update,0.060042,21.0,,,,,Update,False,False,0,history0
heap,No Repair,6,6,RecentScan,79.006375,,6.0,,,,RecentScan,False,False,0,history0
heap,No Repair,7,7,HistoryScan,74.426333,,1.0,,,,HistoryScan,True,False,0,history0
heap,No Repair,8,8,Update,0.03,21.0,,,,,Update,False,False,0,history0
heap,No Repair,9,9,BuildSnap,0.0,,9.0,,,,MarkTs,False,False,0,history0
heap,No Repair,10,10,RecentScan,73.671625,,10.0,,,,RecentScan,False,False,0,history0
heap,No Repair,11,11,Update,0.029209,21.0,,,,,Update,False,False,0,history0
heap,No Repair,12,12,RecentScan,74.623125,,12.0,,,,RecentScan,False,False,0,history0
heap,No Repair,13,13,RecentScan,73.827625,,13.0,,,,RecentScan,False,False,0,history0
heap,No Repair,14,14,Probe,322.510334,2100.0,14.0,,,,Probe,False,False,0,history0
heap,No Repair,15,15,GbgCollect,40.400333,,1.0,,,,GbgCollect,False,False,0,history0
heap,No Repair,16,16,Update,0.014375,21.0,,,,,Update,False,False,0,history0
heap,No Repair,17,17,BuildSnap,0.0,,17.0,,,,MarkTs,False,False,0,history0
heap,No Repair,18,18,Update,0.011042,21.0,,,,,Update,False,False,0,history0
heap,No Repair,19,19,Probe,323.079333,2100.0,19.0,,,,Probe,False,False,0,history0
heap,No Repair,20,20,RecentScan,73.854042,,20.0,,,,RecentScan,False,False,0,history0
heap,No Repair,21,21,RecentScan,76.947083,,21.0,,,,RecentScan,False,False,0,history0
heap,No Repair,22,22,RecentScan,75.122166,,22.0,,,,RecentScan,False,False,0,history0
heap,No Repair,23,23,Probe,330.531916,2100.0,23.0,,,,Probe,False,False,0,history0
heap,No Repair,24,24,Probe,327.289042,2100.0,24.0,,,,Probe,False,False,0,history0
heap,No Repair,25,25,Probe,320.538792,2100.0,25.0,,,,Probe,False,False,0,history0
heap,No Repair,26,26,RecentScan,75.73425,,26.0,,,,RecentScan,False,False,0,history0
heap,No Repair,27,27,Probe,340.23375,2100.0,27.0,,,,Probe,False,False,0,history0
heap,No Repair,28,28,GbgCollect,40.621042,,3.0,,,,GbgCollect,False,False,0,history0
heap,No Repair,29,29,RecentScan,74.636292,,29.0,,,,RecentScan,False,False,0,history0
heap,No Repair,30,30,Update,0.03241599999999999,21.0,,,,,Update,False,False,0,history0
heap,No Repair,31,31,BuildSnap,0.0,,31.0,,,,MarkTs,False,False,0,history0
heap,No Repair,32,32,Probe,321.301542,2100.0,32.0,,,,Probe,False,False,0,history0
heap,No Repair,33,33,Probe,333.546458,2100.0,33.0,,,,Probe,False,False,0,history0
heap,No Repair,34,34,Update,0.021459,21.0,,,,,Update,False,False,0,history0
heap,No Repair,35,35,RecentScan,73.560417,,35.0,,,,RecentScan,False,False,0,history0
heap,No Repair,36,36,RecentScan,73.761667,,36.0,,,,RecentScan,False,False,0,history0
heap,No Repair,37,37,Update,0.029166,21.0,,,,,Update,False,False,0,history0
heap,No Repair,38,38,BuildSnap,0.0,,38.0,,,,MarkTs,False,False,0,history0
heap,No Repair,39,39,GbgCollect,41.952541,,9.0,,,,GbgCollect,False,False,0,history0
heap,No Repair,40,40,Probe,315.454125,2100.0,40.0,,,,Probe,False,False,0,history0
heap,No Repair,41,41,Update,0.014833,21.0,,,,,Update,False,False,0,history0
heap,No Repair,42,42,RecentScan,73.411083,,42.0,,,,RecentScan,False,False,0,history0
heap,No Repair,43,43,Probe,314.898416,2100.0,43.0,,,,Probe,False,False,0,history0
heap,No Repair,44,44,Probe,330.45025,2100.0,44.0,,,,Probe,False,False,0,history0
heap,No Repair,45,45,Update,0.015917,21.0,,,,,Update,False,False,0,history0
heap,No Repair,46,46,BuildSnap,0.0,,46.0,,,,MarkTs,False,False,0,history0
heap,No Repair,47,47,Probe,317.68775,2100.0,47.0,,,,Probe,False,False,0,history0
heap,No Repair,48,48,RecentScan,75.005458,,48.0,,,,RecentScan,False,False,0,history0
heap,No Repair,49,49,RecentScan,73.948958,,49.0,,,,RecentScan,False,False,0,history0
heap,No Repair,50,50,Probe,315.3645,2100.0,50.0,,,,Probe,False,False,0,history0
heap,No Repair,51,51,RecentScan,74.00575,,51.0,,,,RecentScan,False,False,0,history0
heap,No Repair,52,52,Update,0.028832999999999998,21.0,,,,,Update,False,False,0,history0
heap,No Repair,53,53,Update,0.020875,21.0,,,,,Update,False,False,0,history0
heap,No Repair,54,54,BuildSnap,0.0,,54.0,,,,MarkTs,False,False,0,history0
heap,No Repair,55,55,RecentScan,74.646459,,55.0,,,,RecentScan,False,False,0,history0
heap,No Repair,56,56,Update,0.024457999999999997,21.0,,,,,Update,False,False,0,history0
heap,No Repair,57,57,Probe,321.321916,2100.0,57.0,,,,Probe,False,False,0,history0
heap,No Repair,58,58,RecentScan,75.124,,58.0,,,,RecentScan,False,False,0,history0
heap,No Repair,59,59,Probe,324.068875,2100.0,59.0,,,,Probe,False,False,0,history0
heap,No Repair,60,60,RecentScan,76.073584,,60.0,,,,RecentScan,False,False,0,history0
heap,No Repair,61,61,RecentScan,76.049666,,61.0,,,,RecentScan,False,False,0,history0
heap,No Repair,62,62,Probe,314.080542,2100.0,62.0,,,,Probe,False,False,0,history0
heap,No Repair,63,63,Probe,333.080542,2100.0,63.0,,,,Probe,False,False,0,history0
heap,No Repair,64,64,Probe,325.602459,2100.0,64.0,,,,Probe,False,False,0,history0
heap,No Repair,65,65,Probe,328.543709,2100.0,65.0,,,,Probe,False,False,0,history0
heap,No Repair,66,66,GbgCollect,40.73075,,17.0,,,,GbgCollect,False,False,0,history0
heap,No Repair,67,67,Probe,334.155625,2100.0,67.0,,,,Probe,False,False,0,history0
heap,No Repair,68,68,RecentScan,74.135625,,68.0,,,,RecentScan,False,False,0,history0
heap,No Repair,69,69,Probe,323.490375,2100.0,69.0,,,,Probe,False,False,0,history0
heap,No Repair,70,70,RecentScan,76.100041,,70.0,,,,RecentScan,False,False,0,history0
heap,No Repair,71,71,Probe,329.163542,2100.0,71.0,,,,Probe,False,False,0,history0
heap,No Repair,72,72,RecentScan,75.025417,,72.0,,,,RecentScan,False,False,0,history0
heap,No Repair,73,73,Probe,307.9575,2100.0,73.0,,,,Probe,False,False,0,history0
heap,No Repair,74,74,Probe,324.857917,2100.0,74.0,,,,Probe,False,False,0,history0
heap,No Repair,75,75,GbgCollect,40.600792,,31.0,,,,GbgCollect,False,False,0,history0
heap,No Repair,76,76,RecentScan,74.085458,,76.0,,,,RecentScan,False,False,0,history0
heap,No Repair,77,77,RecentScan,75.032125,,77.0,,,,RecentScan,False,False,0,history0
heap,No Repair,78,78,RecentScan,74.9575,,78.0,,,,RecentScan,False,False,0,history0
heap,No Repair,79,79,RecentScan,74.868583,,79.0,,,,RecentScan,False,False,0,history0
heap,No Repair,80,80,Probe,307.994084,2100.0,80.0,,,,Probe,False,False,0,history0
heap,No Repair,81,81,Update,0.014583,21.0,,,,,Update,False,False,0,history0
heap,No Repair,82,82,BuildSnap,0.0,,82.0,,,,MarkTs,False,False,0,history0
heap,No Repair,83,83,Update,0.016541,21.0,,,,,Update,False,False,0,history0
heap,No Repair,84,84,RecentScan,73.734042,,84.0,,,,RecentScan,False,False,0,history0
heap,No Repair,85,85,RecentScan,73.929791,,85.0,,,,RecentScan,False,False,0,history0
heap,No Repair,86,86,Probe,333.021375,2100.0,86.0,,,,Probe,False,False,0,history0
heap,No Repair,87,87,RecentScan,74.933958,,87.0,,,,RecentScan,False,False,0,history0
heap,No Repair,88,88,Probe,324.239667,2100.0,88.0,,,,Probe,False,False,0,history0
heap,No Repair,89,89,Probe,339.9715,2100.0,89.0,,,,Probe,False,False,0,history0
heap,No Repair,90,90,RecentScan,74.588542,,90.0,,,,RecentScan,False,False,0,history0
heap,No Repair,91,91,Update,0.02725,21.0,,,,,Update,False,False,0,history0
heap,No Repair,92,92,BuildSnap,0.0,,92.0,,,,MarkTs,False,False,0,history0
heap,No Repair,93,93,Probe,323.024083,2100.0,93.0,,,,Probe,False,False,0,history0
heap,No Repair,94,94,RecentScan,74.782834,,94.0,,,,RecentScan,False,False,0,history0
heap,No Repair,95,95,Update,0.026292000000000003,21.0,,,,,Update,False,False,0,history0
heap,No Repair,96,96,RecentScan,74.800958,,96.0,,,,RecentScan,False,False,0,history0
heap,No Repair,97,97,Probe,331.768833,2100.0,97.0,,,,Probe,False,False,0,history0
heap,No Repair,98,98,Probe,330.40925,2100.0,98.0,,,,Probe,False,False,0,history0
heap,No Repair,99,99,RecentScan,74.181917,,99.0,,,,RecentScan,False,False,0,history0
heap,No Repair,100,100,Probe,326.209916,2100.0,100.0,,,,Probe,False,False,0,history0
heap,No Repair,101,101,RecentScan,75.158375,,101.0,,,,RecentScan,False,False,0,history0
heap,No Repair,102,102,Probe,330.200958,2100.0,102.0,,,,Probe,False,False,0,history0
heap,No Repair,103,103,RecentScan,73.756542,,103.0,,,,RecentScan,False,False,0,history0
heap,No Repair,104,104,Update,0.026042000000000003,21.0,,,,,Update,False,False,0,history0
heap,No Repair,105,105,BuildSnap,0.0,,105.0,,,,MarkTs,False,False,0,history0
heap,No Repair,106,106,Probe,307.874334,2100.0,106.0,,,,Probe,False,False,0,history0
heap,No Repair,107,107,Update,0.014334,21.0,,,,,Update,False,False,0,history0
heap,No Repair,108,108,Probe,329.51775,2100.0,108.0,,,,Probe,False,False,0,history0
heap,No Repair,109,109,Update,0.018,21.0,,,,,Update,False,False,0,history0
heap,No Repair,110,110,BuildSnap,0.0,,110.0,,,,MarkTs,False,False,0,history0
heap,No Repair,111,111,Probe,319.910625,2100.0,111.0,,,,Probe,False,False,0,history0
heap,No Repair,112,112,RecentScan,73.5705,,112.0,,,,RecentScan,False,False,0,history0
heap,No Repair,113,113,Probe,325.518958,2100.0,113.0,,,,Probe,False,False,0,history0
heap,No Repair,114,114,RecentScan,74.036208,,114.0,,,,RecentScan,False,False,0,history0
heap,No Repair,115,115,RecentScan,72.328916,,115.0,,,,RecentScan,False,False,0,history0
heap,No Repair,116,116,Probe,322.255958,2100.0,116.0,,,,Probe,False,False,0,history0
heap,No Repair,117,117,RecentScan,72.341959,,117.0,,,,RecentScan,False,False,0,history0
heap,Read Repair,0,0,InitLoad,65.539417,210000.0,,,,,InitLoad,False,False,0,history0
heap,Read Repair,1,1,BuildSnap,0.0,,1.0,,,,MarkTs,False,False,0,history0
heap,Read Repair,2,2,Update,0.01,21.0,,,,,Update,False,False,0,history0
heap,Read Repair,3,3,BuildSnap,0.0,,3.0,,,,MarkTs,False,False,0,history0
heap,Read Repair,4,4,RecentScan,105.10225,,4.0,,,,RecentScan,False,False,0,history0
heap,Read Repair,5,5,Update,0.039042,21.0,,,,,Update,False,False,0,history0
heap,Read Repair,6,6,RecentScan,104.319625,,6.0,,,,RecentScan,False,False,0,history0
heap,Read Repair,7,7,HistoryScan,57.773583,,1.0,,,,HistoryScan,True,False,0,history0
heap,Read Repair,8,8,Update,0.027666,21.0,,,,,Update,False,False,0,history0
heap,Read Repair,9,9,BuildSnap,0.0,,9.0,,,,MarkTs,False,False,0,history0
heap,Read Repair,10,10,RecentScan,104.514167,,10.0,,,,RecentScan,False,False,0,history0
heap,Read Repair,11,11,Update,0.029375,21.0,,,,,Update,False,False,0,history0
heap,Read Repair,12,12,RecentScan,104.657916,,12.0,,,,RecentScan,False,False,0,history0
heap,Read Repair,13,13,RecentScan,62.055041,,13.0,,,,RecentScan,False,False,0,history0
heap,Read Repair,14,14,Probe,224.175916,2100.0,14.0,,,,Probe,False,False,0,history0
heap,Read Repair,15,15,GbgCollect,40.786208,,1.0,,,,GbgCollect,False,False,0,history0
heap,Read Repair,16,16,Update,0.01775,21.0,,,,,Update,False,False,0,history0
heap,Read Repair,17,17,BuildSnap,0.0,,17.0,,,,MarkTs,False,False,0,history0
heap,Read Repair,18,18,Update,0.012541,21.0,,,,,Update,False,False,0,history0
heap,Read Repair,19,19,Probe,321.413208,2100.0,19.0,,,,Probe,False,False,0,history0
heap,Read Repair,20,20,RecentScan,102.742792,,20.0,,,,RecentScan,False,False,0,history0
heap,Read Repair,21,21,RecentScan,59.147291,,21.0,,,,RecentScan,False,False,0,history0
heap,Read Repair,22,22,RecentScan,59.119833,,22.0,,,,RecentScan,False,False,0,history0
heap,Read Repair,23,23,Probe,227.7915,2100.0,23.0,,,,Probe,False,False,0,history0
heap,Read Repair,24,24,Probe,225.153959,2100.0,24.0,,,,Probe,False,False,0,history0
heap,Read Repair,25,25,Probe,216.057917,2100.0,25.0,,,,Probe,False,False,0,history0
heap,Read Repair,26,26,RecentScan,60.603209,,26.0,,,,RecentScan,False,False,0,history0
heap,Read Repair,27,27,Probe,240.888084,2100.0,27.0,,,,Probe,False,False,0,history0
heap,Read Repair,28,28,GbgCollect,40.788208,,3.0,,,,GbgCollect,False,False,0,history0
heap,Read Repair,29,29,RecentScan,58.034125,,29.0,,,,RecentScan,False,False,0,history0
heap,Read Repair,30,30,Update,0.027583,21.0,,,,,Update,False,False,0,history0
heap,Read Repair,31,31,BuildSnap,0.0,,31.0,,,,MarkTs,False,False,0,history0
heap,Read Repair,32,32,Probe,321.813084,2100.0,32.0,,,,Probe,False,False,0,history0
heap,Read Repair,33,33,Probe,332.926625,2100.0,33.0,,,,Probe,False,False,0,history0
heap,Read Repair,34,34,Update,0.01375,21.0,,,,,Update,False,False,0,history0
heap,Read Repair,35,35,RecentScan,103.404667,,35.0,,,,RecentScan,False,False,0,history0
heap,Read Repair,36,36,RecentScan,59.172125,,36.0,,,,RecentScan,False,False,0,history0
heap,Read Repair,37,37,Update,0.023916,21.0,,,,,Update,False,False,0,history0
heap,Read Repair,38,38,BuildSnap,0.0,,38.0,,,,MarkTs,False,False,0,history0
heap,Read Repair,39,39,GbgCollect,41.865667,,9.0,,,,GbgCollect,False,False,0,history0
heap,Read Repair,40,40,Probe,319.761292,2100.0,40.0,,,,Probe,False,False,0,history0
heap,Read Repair,41,41,Update,0.013417,21.0,,,,,Update,False,False,0,history0
heap,Read Repair,42,42,RecentScan,104.976083,,42.0,,,,RecentScan,False,False,0,history0
heap,Read Repair,43,43,Probe,215.329,2100.0,43.0,,,,Probe,False,False,0,history0
heap,Read Repair,44,44,Probe,224.469542,2100.0,44.0,,,,Probe,False,False,0,history0
heap,Read Repair,45,45,Update,0.014875,21.0,,,,,Update,False,False,0,history0
heap,Read Repair,46,46,BuildSnap,0.0,,46.0,,,,MarkTs,False,False,0,history0
heap,Read Repair,47,47,Probe,317.0255,2100.0,47.0,,,,Probe,False,False,0,history0
heap,Read Repair,48,48,RecentScan,105.357917,,48.0,,,,RecentScan,False,False,0,history0
heap,Read Repair,49,49,RecentScan,110.298958,,49.0,,,,RecentScan,False,False,0,history0
heap,Read Repair,50,50,Probe,256.9355,2100.0,50.0,,,,Probe,False,False,0,history0
heap,Read Repair,51,51,RecentScan,59.888708,,51.0,,,,RecentScan,False,False,0,history0
heap,Read Repair,52,52,Update,0.024582999999999997,21.0,,,,,Update,False,False,0,history0
heap,Read Repair,53,53,Update,0.02225,21.0,,,,,Update,False,False,0,history0
heap,Read Repair,54,54,BuildSnap,0.0,,54.0,,,,MarkTs,False,False,0,history0
heap,Read Repair,55,55,RecentScan,111.420292,,55.0,,,,RecentScan,False,False,0,history0
heap,Read Repair,56,56,Update,0.02575,21.0,,,,,Update,False,False,0,history0
heap,Read Repair,57,57,Probe,359.079916,2100.0,57.0,,,,Probe,False,False,0,history0
heap,Read Repair,58,58,RecentScan,114.833125,,58.0,,,,RecentScan,False,False,0,history0
heap,Read Repair,59,59,Probe,230.24625,2100.0,59.0,,,,Probe,False,False,0,history0
heap,Read Repair,60,60,RecentScan,61.447917,,60.0,,,,RecentScan,False,False,0,history0
heap,Read Repair,61,61,RecentScan,62.367,,61.0,,,,RecentScan,False,False,0,history0
heap,Read Repair,62,62,Probe,272.290458,2100.0,62.0,,,,Probe,False,False,0,history0
heap,Read Repair,63,63,Probe,261.029,2100.0,63.0,,,,Probe,False,False,0,history0
heap,Read Repair,64,64,Probe,251.893125,2100.0,64.0,,,,Probe,False,False,0,history0
heap,Read Repair,65,65,Probe,254.016834,2100.0,65.0,,,,Probe,False,False,0,history0
heap,Read Repair,66,66,GbgCollect,43.363083,,17.0,,,,GbgCollect,False,False,0,history0
heap,Read Repair,67,67,Probe,256.591166,2100.0,67.0,,,,Probe,False,False,0,history0
heap,Read Repair,68,68,RecentScan,67.166042,,68.0,,,,RecentScan,False,False,0,history0
heap,Read Repair,69,69,Probe,263.300917,2100.0,69.0,,,,Probe,False,False,0,history0
heap,Read Repair,70,70,RecentScan,64.012167,,70.0,,,,RecentScan,False,False,0,history0
heap,Read Repair,71,71,Probe,248.635375,2100.0,71.0,,,,Probe,False,False,0,history0
heap,Read Repair,72,72,RecentScan,60.0435,,72.0,,,,RecentScan,False,False,0,history0
heap,Read Repair,73,73,Probe,236.552792,2100.0,73.0,,,,Probe,False,False,0,history0
heap,Read Repair,74,74,Probe,258.672625,2100.0,74.0,,,,Probe,False,False,0,history0
heap,Read Repair,75,75,GbgCollect,44.419083,,31.0,,,,GbgCollect,False,False,0,history0
heap,Read Repair,76,76,RecentScan,63.654333,,76.0,,,,RecentScan,False,False,0,history0
heap,Read Repair,77,77,RecentScan,62.567166,,77.0,,,,RecentScan,False,False,0,history0
heap,Read Repair,78,78,RecentScan,62.525875,,78.0,,,,RecentScan,False,False,0,history0
heap,Read Repair,79,79,RecentScan,58.917291,,79.0,,,,RecentScan,False,False,0,history0
heap,Read Repair,80,80,Probe,226.346083,2100.0,80.0,,,,Probe,False,False,0,history0
heap,Read Repair,81,81,Update,0.013084,21.0,,,,,Update,False,False,0,history0
heap,Read Repair,82,82,BuildSnap,0.0,,82.0,,,,MarkTs,False,False,0,history0
heap,Read Repair,83,83,Update,0.014208,21.0,,,,,Update,False,False,0,history0
heap,Read Repair,84,84,RecentScan,108.5115,,84.0,,,,RecentScan,False,False,0,history0
heap,Read Repair,85,85,RecentScan,60.940917,,85.0,,,,RecentScan,False,False,0,history0
heap,Read Repair,86,86,Probe,248.591959,2100.0,86.0,,,,Probe,False,False,0,history0
heap,Read Repair,87,87,RecentScan,60.273042,,87.0,,,,RecentScan,False,False,0,history0
heap,Read Repair,88,88,Probe,232.273375,2100.0,88.0,,,,Probe,False,False,0,history0
heap,Read Repair,89,89,Probe,240.631667,2100.0,89.0,,,,Probe,False,False,0,history0
heap,Read Repair,90,90,RecentScan,60.43175,,90.0,,,,RecentScan,False,False,0,history0
heap,Read Repair,91,91,Update,0.025542000000000002,21.0,,,,,Update,False,False,0,history0
heap,Read Repair,92,92,BuildSnap,0.0,,92.0,,,,MarkTs,False,False,0,history0
heap,Read Repair,93,93,Probe,325.112333,2100.0,93.0,,,,Probe,False,False,0,history0
heap,Read Repair,94,94,RecentScan,107.322834,,94.0,,,,RecentScan,False,False,0,history0
heap,Read Repair,95,95,Update,0.025082999999999998,21.0,,,,,Update,False,False,0,history0
heap,Read Repair,96,96,RecentScan,113.44875,,96.0,,,,RecentScan,False,False,0,history0
heap,Read Repair,97,97,Probe,268.161125,2100.0,97.0,,,,Probe,False,False,0,history0
heap,Read Repair,98,98,Probe,253.640958,2100.0,98.0,,,,Probe,False,False,0,history0
heap,Read Repair,99,99,RecentScan,61.939083,,99.0,,,,RecentScan,False,False,0,history0
heap,Read Repair,100,100,Probe,251.954958,2100.0,100.0,,,,Probe,False,False,0,history0
heap,Read Repair,101,101,RecentScan,60.285125,,101.0,,,,RecentScan,False,False,0,history0
heap,Read Repair,102,102,Probe,246.55625,2100.0,102.0,,,,Probe,False,False,0,history0
heap,Read Repair,103,103,RecentScan,63.837334,,103.0,,,,RecentScan,False,False,0,history0
heap,Read Repair,104,104,Update,0.032458,21.0,,,,,Update,False,False,0,history0
heap,Read Repair,105,105,BuildSnap,0.0,,105.0,,,,MarkTs,False,False,0,history0
heap,Read Repair,106,106,Probe,344.452833,2100.0,106.0,,,,Probe,False,False,0,history0
heap,Read Repair,107,107,Update,0.014958,21.0,,,,,Update,False,False,0,history0
heap,Read Repair,108,108,Probe,361.396083,2100.0,108.0,,,,Probe,False,False,0,history0
heap,Read Repair,109,109,Update,0.016458999999999998,21.0,,,,,Update,False,False,0,history0
heap,Read Repair,110,110,BuildSnap,0.0,,110.0,,,,MarkTs,False,False,0,history0
heap,Read Repair,111,111,Probe,354.279708,2100.0,111.0,,,,Probe,False,False,0,history0
heap,Read Repair,112,112,RecentScan,112.008208,,112.0,,,,RecentScan,False,False,0,history0
heap,Read Repair,113,113,Probe,239.900042,2100.0,113.0,,,,Probe,False,False,0,history0
heap,Read Repair,114,114,RecentScan,60.199541,,114.0,,,,RecentScan,False,False,0,history0
heap,Read Repair,115,115,RecentScan,62.716417,,115.0,,,,RecentScan,False,False,0,history0
heap,Read Repair,116,116,Probe,223.694875,2100.0,116.0,,,,Probe,False,False,0,history0
heap,Read Repair,117,117,RecentScan,62.865875,,117.0,,,,RecentScan,False,False,0,history0
heap,Write Repair,0,0,InitLoad,65.391208,210000.0,,,,,InitLoad,False,False,0,history0
heap,Write Repair,1,1,BuildSnap,0.0,,1.0,,,,MarkTs,False,False,0,history0
heap,Write Repair,2,2,Update,3.88375,21.0,,,,,Update,False,False,0,history0
heap,Write Repair,3,3,BuildSnap,0.0,,3.0,,,,MarkTs,False,False,0,history0
heap,Write Repair,4,4,RecentScan,60.023833,,4.0,,,,RecentScan,False,False,0,history0
heap,Write Repair,5,5,Update,4.68675,21.0,,,,,Update,False,False,0,history0
heap,Write Repair,6,6,RecentScan,57.113041,,6.0,,,,RecentScan,False,False,0,history0
heap,Write Repair,7,7,HistoryScan,60.240834,,1.0,,,,HistoryScan,True,False,0,history0
heap,Write Repair,8,8,Update,3.284042,21.0,,,,,Update,False,False,0,history0
heap,Write Repair,9,9,BuildSnap,0.0,,9.0,,,,MarkTs,False,False,0,history0
heap,Write Repair,10,10,RecentScan,59.048542,,10.0,,,,RecentScan,False,False,0,history0
heap,Write Repair,11,11,Update,3.301667,21.0,,,,,Update,False,False,0,history0
heap,Write Repair,12,12,RecentScan,60.020459,,12.0,,,,RecentScan,False,False,0,history0
heap,Write Repair,13,13,RecentScan,58.51425,,13.0,,,,RecentScan,False,False,0,history0
heap,Write Repair,14,14,Probe,273.514208,2100.0,14.0,,,,Probe,False,False,0,history0
heap,Write Repair,15,15,GbgCollect,41.206375,,1.0,,,,GbgCollect,False,False,0,history0
heap,Write Repair,16,16,Update,2.775792,21.0,,,,,Update,False,False,0,history0
heap,Write Repair,17,17,BuildSnap,0.0,,17.0,,,,MarkTs,False,False,0,history0
heap,Write Repair,18,18,Update,2.046667,21.0,,,,,Update,False,False,0,history0
heap,Write Repair,19,19,Probe,233.216459,2100.0,19.0,,,,Probe,False,False,0,history0
heap,Write Repair,20,20,RecentScan,61.373708,,20.0,,,,RecentScan,False,False,0,history0
heap,Write Repair,21,21,RecentScan,60.101041,,21.0,,,,RecentScan,False,False,0,history0
heap,Write Repair,22,22,RecentScan,58.007958,,22.0,,,,RecentScan,False,False,0,history0
heap,Write Repair,23,23,Probe,244.645125,2100.0,23.0,,,,Probe,False,False,0,history0
heap,Write Repair,24,24,Probe,290.746542,2100.0,24.0,,,,Probe,False,False,0,history0
heap,Write Repair,25,25,Probe,281.517375,2100.0,25.0,,,,Probe,False,False,0,history0
heap,Write Repair,26,26,RecentScan,56.944,,26.0,,,,RecentScan,False,False,0,history0
heap,Write Repair,27,27,Probe,263.12075,2100.0,27.0,,,,Probe,False,False,0,history0
heap,Write Repair,28,28,GbgCollect,41.456375,,3.0,,,,GbgCollect,False,False,0,history0
heap,Write Repair,29,29,RecentScan,58.875333,,29.0,,,,RecentScan,False,False,0,history0
heap,Write Repair,30,30,Update,3.655084,21.0,,,,,Update,False,False,0,history0
heap,Write Repair,31,31,BuildSnap,0.0,,31.0,,,,MarkTs,False,False,0,history0
heap,Write Repair,32,32,Probe,250.23225,2100.0,32.0,,,,Probe,False,False,0,history0
heap,Write Repair,33,33,Probe,251.111417,2100.0,33.0,,,,Probe,False,False,0,history0
heap,Write Repair,34,34,Update,2.904375,21.0,,,,,Update,False,False,0,history0
heap,Write Repair,35,35,RecentScan,58.108958,,35.0,,,,RecentScan,False,False,0,history0
heap,Write Repair,36,36,RecentScan,61.489667,,36.0,,,,RecentScan,False,False,0,history0
heap,Write Repair,37,37,Update,3.322292,21.0,,,,,Update,False,False,0,history0
heap,Write Repair,38,38,BuildSnap,0.0,,38.0,,,,MarkTs,False,False,0,history0
heap,Write Repair,39,39,GbgCollect,40.789125,,9.0,,,,GbgCollect,False,False,0,history0
heap,Write Repair,40,40,Probe,286.549792,2100.0,40.0,,,,Probe,False,False,0,history0
heap,Write Repair,41,41,Update,2.889792,21.0,,,,,Update,False,False,0,history0
heap,Write Repair,42,42,RecentScan,60.668375,,42.0,,,,RecentScan,False,False,0,history0
heap,Write Repair,43,43,Probe,268.876041,2100.0,43.0,,,,Probe,False,False,0,history0
heap,Write Repair,44,44,Probe,269.789167,2100.0,44.0,,,,Probe,False,False,0,history0
heap,Write Repair,45,45,Update,2.85025,21.0,,,,,Update,False,False,0,history0
heap,Write Repair,46,46,BuildSnap,0.0,,46.0,,,,MarkTs,False,False,0,history0
heap,Write Repair,47,47,Probe,266.911708,2100.0,47.0,,,,Probe,False,False,0,history0
heap,Write Repair,48,48,RecentScan,60.339583,,48.0,,,,RecentScan,False,False,0,history0
heap,Write Repair,49,49,RecentScan,58.497083,,49.0,,,,RecentScan,False,False,0,history0
heap,Write Repair,50,50,Probe,256.2325,2100.0,50.0,,,,Probe,False,False,0,history0
heap,Write Repair,51,51,RecentScan,64.195042,,51.0,,,,RecentScan,False,False,0,history0
heap,Write Repair,52,52,Update,4.001209,21.0,,,,,Update,False,False,0,history0
heap,Write Repair,53,53,Update,3.018875,21.0,,,,,Update,False,False,0,history0
heap,Write Repair,54,54,BuildSnap,0.0,,54.0,,,,MarkTs,False,False,0,history0
heap,Write Repair,55,55,RecentScan,70.890833,,55.0,,,,RecentScan,False,False,0,history0
heap,Write Repair,56,56,Update,4.090708,21.0,,,,,Update,False,False,0,history0
heap,Write Repair,57,57,Probe,288.407083,2100.0,57.0,,,,Probe,False,False,0,history0
heap,Write Repair,58,58,RecentScan,59.357291,,58.0,,,,RecentScan,False,False,0,history0
heap,Write Repair,59,59,Probe,250.315834,2100.0,59.0,,,,Probe,False,False,0,history0
heap,Write Repair,60,60,RecentScan,61.6215,,60.0,,,,RecentScan,False,False,0,history0
heap,Write Repair,61,61,RecentScan,61.581041,,61.0,,,,RecentScan,False,False,0,history0
heap,Write Repair,62,62,Probe,266.807875,2100.0,62.0,,,,Probe,False,False,0,history0
heap,Write Repair,63,63,Probe,264.9895,2100.0,63.0,,,,Probe,False,False,0,history0
heap,Write Repair,64,64,Probe,316.677958,2100.0,64.0,,,,Probe,False,False,0,history0
heap,Write Repair,65,65,Probe,272.000959,2100.0,65.0,,,,Probe,False,False,0,history0
heap,Write Repair,66,66,GbgCollect,41.320208,,17.0,,,,GbgCollect,False,False,0,history0
heap,Write Repair,67,67,Probe,289.170458,2100.0,67.0,,,,Probe,False,False,0,history0
heap,Write Repair,68,68,RecentScan,57.625083,,68.0,,,,RecentScan,False,False,0,history0
heap,Write Repair,69,69,Probe,305.935875,2100.0,69.0,,,,Probe,False,False,0,history0
heap,Write Repair,70,70,RecentScan,64.906375,,70.0,,,,RecentScan,False,False,0,history0
heap,Write Repair,71,71,Probe,275.362625,2100.0,71.0,,,,Probe,False,False,0,history0
heap,Write Repair,72,72,RecentScan,56.769375,,72.0,,,,RecentScan,False,False,0,history0
heap,Write Repair,73,73,Probe,266.689,2100.0,73.0,,,,Probe,False,False,0,history0
heap,Write Repair,74,74,Probe,270.17075,2100.0,74.0,,,,Probe,False,False,0,history0
heap,Write Repair,75,75,GbgCollect,41.311792,,31.0,,,,GbgCollect,False,False,0,history0
heap,Write Repair,76,76,RecentScan,59.191375,,76.0,,,,RecentScan,False,False,0,history0
heap,Write Repair,77,77,RecentScan,61.742042,,77.0,,,,RecentScan,False,False,0,history0
heap,Write Repair,78,78,RecentScan,60.133166,,78.0,,,,RecentScan,False,False,0,history0
heap,Write Repair,79,79,RecentScan,81.981417,,79.0,,,,RecentScan,False,False,0,history0
heap,Write Repair,80,80,Probe,248.46225,2100.0,80.0,,,,Probe,False,False,0,history0
heap,Write Repair,81,81,Update,2.927,21.0,,,,,Update,False,False,0,history0
heap,Write Repair,82,82,BuildSnap,0.0,,82.0,,,,MarkTs,False,False,0,history0
heap,Write Repair,83,83,Update,2.389416,21.0,,,,,Update,False,False,0,history0
heap,Write Repair,84,84,RecentScan,55.541792,,84.0,,,,RecentScan,False,False,0,history0
heap,Write Repair,85,85,RecentScan,58.141167,,85.0,,,,RecentScan,False,False,0,history0
heap,Write Repair,86,86,Probe,305.893375,2100.0,86.0,,,,Probe,False,False,0,history0
heap,Write Repair,87,87,RecentScan,59.081959,,87.0,,,,RecentScan,False,False,0,history0
heap,Write Repair,88,88,Probe,250.784917,2100.0,88.0,,,,Probe,False,False,0,history0
heap,Write Repair,89,89,Probe,289.341167,2100.0,89.0,,,,Probe,False,False,0,history0
heap,Write Repair,90,90,RecentScan,59.532375,,90.0,,,,RecentScan,False,False,0,history0
heap,Write Repair,91,91,Update,3.227667,21.0,,,,,Update,False,False,0,history0
heap,Write Repair,92,92,BuildSnap,0.0,,92.0,,,,MarkTs,False,False,0,history0
heap,Write Repair,93,93,Probe,281.246667,2100.0,93.0,,,,Probe,False,False,0,history0
heap,Write Repair,94,94,RecentScan,57.270791,,94.0,,,,RecentScan,False,False,0,history0
heap,Write Repair,95,95,Update,3.495,21.0,,,,,Update,False,False,0,history0
heap,Write Repair,96,96,RecentScan,59.260959,,96.0,,,,RecentScan,False,False,0,history0
heap,Write Repair,97,97,Probe,298.953625,2100.0,97.0,,,,Probe,False,False,0,history0
heap,Write Repair,98,98,Probe,254.065542,2100.0,98.0,,,,Probe,False,False,0,history0
heap,Write Repair,99,99,RecentScan,62.160917,,99.0,,,,RecentScan,False,False,0,history0
heap,Write Repair,100,100,Probe,260.257417,2100.0,100.0,,,,Probe,False,False,0,history0
heap,Write Repair,101,101,RecentScan,61.334458,,101.0,,,,RecentScan,False,False,0,history0
heap,Write Repair,102,102,Probe,257.526333,2100.0,102.0,,,,Probe,False,False,0,history0
heap,Write Repair,103,103,RecentScan,60.465792,,103.0,,,,RecentScan,False,False,0,history0
heap,Write Repair,104,104,Update,3.236667,21.0,,,,,Update,False,False,0,history0
heap,Write Repair,105,105,BuildSnap,0.0,,105.0,,,,MarkTs,False,False,0,history0
heap,Write Repair,106,106,Probe,234.312584,2100.0,106.0,,,,Probe,False,False,0,history0
heap,Write Repair,107,107,Update,2.843542,21.0,,,,,Update,False,False,0,history0
heap,Write Repair,108,108,Probe,262.302166,2100.0,108.0,,,,Probe,False,False,0,history0
heap,Write Repair,109,109,Update,2.71475,21.0,,,,,Update,False,False,0,history0
heap,Write Repair,110,110,BuildSnap,0.0,,110.0,,,,MarkTs,False,False,0,history0
heap,Write Repair,111,111,Probe,228.423875,2100.0,111.0,,,,Probe,False,False,0,history0
heap,Write Repair,112,112,RecentScan,59.741583,,112.0,,,,RecentScan,False,False,0,history0
heap,Write Repair,113,113,Probe,243.161292,2100.0,113.0,,,,Probe,False,False,0,history0
heap,Write Repair,114,114,RecentScan,59.437209,,114.0,,,,RecentScan,False,False,0,history0
heap,Write Repair,115,115,RecentScan,58.022166,,115.0,,,,RecentScan,False,False,0,history0
heap,Write Repair,116,116,Probe,256.690709,2100.0,116.0,,,,Probe,False,False,0,history0
heap,Write Repair,117,117,RecentScan,59.471667,,117.0,,,,RecentScan,False,False,0,history0
chain,No Repair,0,0,InitLoad,68.655125,210000.0,,,,,InitLoad,False,False,0,history0
chain,No Repair,1,1,BuildSnap,0.0,,1.0,,,,MarkTs,False,False,0,history0
chain,No Repair,2,2,Update,3.776041,21.0,,,,,Update,False,False,0,history0
chain,No Repair,3,3,BuildSnap,0.0,,3.0,,,,MarkTs,False,False,0,history0
chain,No Repair,4,4,RecentScan,64.479875,,4.0,,,,RecentScan,False,False,0,history0
chain,No Repair,5,5,Update,8.568291,21.0,,,,,Update,False,False,0,history0
chain,No Repair,6,6,RecentScan,57.623083,,6.0,,,,RecentScan,False,False,0,history0
chain,No Repair,7,7,HistoryScan,59.238625,,1.0,,,,HistoryScan,True,False,0,history0
chain,No Repair,8,8,Update,3.051666,21.0,,,,,Update,False,False,0,history0
chain,No Repair,9,9,BuildSnap,0.0,,9.0,,,,MarkTs,False,False,0,history0
chain,No Repair,10,10,RecentScan,59.612125,,10.0,,,,RecentScan,False,False,0,history0
chain,No Repair,11,11,Update,3.241625,21.0,,,,,Update,False,False,0,history0
chain,No Repair,12,12,RecentScan,63.54475,,12.0,,,,RecentScan,False,False,0,history0
chain,No Repair,13,13,RecentScan,58.61125,,13.0,,,,RecentScan,False,False,0,history0
chain,No Repair,14,14,Probe,223.755792,2100.0,14.0,,,,Probe,False,False,0,history0
chain,No Repair,15,15,GbgCollect,0.031167,,1.0,,,,GbgCollect,False,False,0,history0
chain,No Repair,16,16,Update,2.651375,21.0,,,,,Update,False,False,0,history0
chain,No Repair,17,17,BuildSnap,0.0,,17.0,,,,MarkTs,False,False,0,history0
chain,No Repair,18,18,Update,2.10175,21.0,,,,,Update,False,False,0,history0
chain,No Repair,19,19,Probe,224.723041,2100.0,19.0,,,,Probe,False,False,0,history0
chain,No Repair,20,20,RecentScan,61.562125,,20.0,,,,RecentScan,False,False,0,history0
chain,No Repair,21,21,RecentScan,60.900375,,21.0,,,,RecentScan,False,False,0,history0
chain,No Repair,22,22,RecentScan,60.808208,,22.0,,,,RecentScan,False,False,0,history0
chain,No Repair,23,23,Probe,228.17425,2100.0,23.0,,,,Probe,False,False,0,history0
chain,No Repair,24,24,Probe,228.209708,2100.0,24.0,,,,Probe,False,False,0,history0
chain,No Repair,25,25,Probe,218.835917,2100.0,25.0,,,,Probe,False,False,0,history0
chain,No Repair,26,26,RecentScan,59.559208,,26.0,,,,RecentScan,False,False,0,history0
chain,No Repair,27,27,Probe,237.795584,2100.0,27.0,,,,Probe,False,False,0,history0
chain,No Repair,28,28,GbgCollect,0.033957999999999995,,3.0,,,,GbgCollect,False,False,0,history0
chain,No Repair,29,29,RecentScan,61.829458,,29.0,,,,RecentScan,False,False,0,history0
chain,No Repair,30,30,Update,3.178708,21.0,,,,,Update,False,False,0,history0
chain,No Repair,31,31,BuildSnap,0.0,,31.0,,,,MarkTs,False,False,0,history0
chain,No Repair,32,32,Probe,224.698375,2100.0,32.0,,,,Probe,False,False,0,history0
chain,No Repair,33,33,Probe,229.0995,2100.0,33.0,,,,Probe,False,False,0,history0
chain,No Repair,34,34,Update,2.764709,21.0,,,,,Update,False,False,0,history0
chain,No Repair,35,35,RecentScan,58.872375,,35.0,,,,RecentScan,False,False,0,history0
chain,No Repair,36,36,RecentScan,59.472166,,36.0,,,,RecentScan,False,False,0,history0
chain,No Repair,37,37,Update,3.11425,21.0,,,,,Update,False,False,0,history0
chain,No Repair,38,38,BuildSnap,0.0,,38.0,,,,MarkTs,False,False,0,history0
chain,No Repair,39,39,GbgCollect,0.04725,,9.0,,,,GbgCollect,False,False,0,history0
chain,No Repair,40,40,Probe,215.128916,2100.0,40.0,,,,Probe,False,False,0,history0
chain,No Repair,41,41,Update,2.677792,21.0,,,,,Update,False,False,0,history0
chain,No Repair,42,42,RecentScan,60.303667,,42.0,,,,RecentScan,False,False,0,history0
chain,No Repair,43,43,Probe,220.47975,2100.0,43.0,,,,Probe,False,False,0,history0
chain,No Repair,44,44,Probe,227.980958,2100.0,44.0,,,,Probe,False,False,0,history0
chain,No Repair,45,45,Update,2.654208,21.0,,,,,Update,False,False,0,history0
chain,No Repair,46,46,BuildSnap,0.0,,46.0,,,,MarkTs,False,False,0,history0
chain,No Repair,47,47,Probe,221.970625,2100.0,47.0,,,,Probe,False,False,0,history0
chain,No Repair,48,48,RecentScan,57.352083,,48.0,,,,RecentScan,False,False,0,history0
chain,No Repair,49,49,RecentScan,58.3975,,49.0,,,,RecentScan,False,False,0,history0
chain,No Repair,50,50,Probe,238.562041,2100.0,50.0,,,,Probe,False,False,0,history0
chain,No Repair,51,51,RecentScan,60.795667,,51.0,,,,RecentScan,False,False,0,history0
chain,No Repair,52,52,Update,3.042417,21.0,,,,,Update,False,False,0,history0
chain,No Repair,53,53,Update,2.103208,21.0,,,,,Update,False,False,0,history0
chain,No Repair,54,54,BuildSnap,0.0,,54.0,,,,MarkTs,False,False,0,history0
chain,No Repair,55,55,RecentScan,58.404167,,55.0,,,,RecentScan,False,False,0,history0
chain,No Repair,56,56,Update,3.012917,21.0,,,,,Update,False,False,0,history0
chain,No Repair,57,57,Probe,230.937708,2100.0,57.0,,,,Probe,False,False,0,history0
chain,No Repair,58,58,RecentScan,57.861625,,58.0,,,,RecentScan,False,False,0,history0
chain,No Repair,59,59,Probe,226.460792,2100.0,59.0,,,,Probe,False,False,0,history0
chain,No Repair,60,60,RecentScan,57.228375,,60.0,,,,RecentScan,False,False,0,history0
chain,No Repair,61,61,RecentScan,59.686917,,61.0,,,,RecentScan,False,False,0,history0
chain,No Repair,62,62,Probe,220.881416,2100.0,62.0,,,,Probe,False,False,0,history0
chain,No Repair,63,63,Probe,233.088333,2100.0,63.0,,,,Probe,False,False,0,history0
chain,No Repair,64,64,Probe,223.922375,2100.0,64.0,,,,Probe,False,False,0,history0
chain,No Repair,65,65,Probe,226.521958,2100.0,65.0,,,,Probe,False,False,0,history0
chain,No Repair,66,66,GbgCollect,0.046,,17.0,,,,GbgCollect,False,False,0,history0
chain,No Repair,67,67,Probe,234.895375,2100.0,67.0,,,,Probe,False,False,0,history0
chain,No Repair,68,68,RecentScan,63.04075,,68.0,,,,RecentScan,False,False,0,history0
chain,No Repair,69,69,Probe,227.103542,2100.0,69.0,,,,Probe,False,False,0,history0
chain,No Repair,70,70,RecentScan,60.873042,,70.0,,,,RecentScan,False,False,0,history0
chain,No Repair,71,71,Probe,231.431875,2100.0,71.0,,,,Probe,False,False,0,history0
chain,No Repair,72,72,RecentScan,59.593958,,72.0,,,,RecentScan,False,False,0,history0
chain,No Repair,73,73,Probe,215.936917,2100.0,73.0,,,,Probe,False,False,0,history0
chain,No Repair,74,74,Probe,227.853542,2100.0,74.0,,,,Probe,False,False,0,history0
chain,No Repair,75,75,GbgCollect,0.049790999999999995,,31.0,,,,GbgCollect,False,False,0,history0
chain,No Repair,76,76,RecentScan,60.2235,,76.0,,,,RecentScan,False,False,0,history0
chain,No Repair,77,77,RecentScan,62.2225,,77.0,,,,RecentScan,False,False,0,history0
chain,No Repair,78,78,RecentScan,62.67825,,78.0,,,,RecentScan,False,False,0,history0
chain,No Repair,79,79,RecentScan,60.284292,,79.0,,,,RecentScan,False,False,0,history0
chain,No Repair,80,80,Probe,218.11025,2100.0,80.0,,,,Probe,False,False,0,history0
chain,No Repair,81,81,Update,2.723334,21.0,,,,,Update,False,False,0,history0
chain,No Repair,82,82,BuildSnap,0.0,,82.0,,,,MarkTs,False,False,0,history0
chain,No Repair,83,83,Update,2.143959,21.0,,,,,Update,False,False,0,history0
chain,No Repair,84,84,RecentScan,60.632291,,84.0,,,,RecentScan,False,False,0,history0
chain,No Repair,85,85,RecentScan,58.654333,,85.0,,,,RecentScan,False,False,0,history0
chain,No Repair,86,86,Probe,233.910334,2100.0,86.0,,,,Probe,False,False,0,history0
chain,No Repair,87,87,RecentScan,58.822709,,87.0,,,,RecentScan,False,False,0,history0
chain,No Repair,88,88,Probe,227.136,2100.0,88.0,,,,Probe,False,False,0,history0
chain,No Repair,89,89,Probe,238.328542,2100.0,89.0,,,,Probe,False,False,0,history0
chain,No Repair,90,90,RecentScan,61.433417,,90.0,,,,RecentScan,False,False,0,history0
chain,No Repair,91,91,Update,3.124583,21.0,,,,,Update,False,False,0,history0
chain,No Repair,92,92,BuildSnap,0.0,,92.0,,,,MarkTs,False,False,0,history0
chain,No Repair,93,93,Probe,225.292333,2100.0,93.0,,,,Probe,False,False,0,history0
chain,No Repair,94,94,RecentScan,57.521083,,94.0,,,,RecentScan,False,False,0,history0
chain,No Repair,95,95,Update,3.13825,21.0,,,,,Update,False,False,0,history0
chain,No Repair,96,96,RecentScan,59.259417,,96.0,,,,RecentScan,False,False,0,history0
chain,No Repair,97,97,Probe,230.603625,2100.0,97.0,,,,Probe,False,False,0,history0
chain,No Repair,98,98,Probe,233.988292,2100.0,98.0,,,,Probe,False,False,0,history0
chain,No Repair,99,99,RecentScan,61.206334,,99.0,,,,RecentScan,False,False,0,history0
chain,No Repair,100,100,Probe,229.956292,2100.0,100.0,,,,Probe,False,False,0,history0
chain,No Repair,101,101,RecentScan,62.563709,,101.0,,,,RecentScan,False,False,0,history0
chain,No Repair,102,102,Probe,229.133583,2100.0,102.0,,,,Probe,False,False,0,history0
chain,No Repair,103,103,RecentScan,59.524541,,103.0,,,,RecentScan,False,False,0,history0
chain,No Repair,104,104,Update,3.065042,21.0,,,,,Update,False,False,0,history0
chain,No Repair,105,105,BuildSnap,0.0,,105.0,,,,MarkTs,False,False,0,history0
chain,No Repair,106,106,Probe,217.942375,2100.0,106.0,,,,Probe,False,False,0,history0
chain,No Repair,107,107,Update,2.930542,21.0,,,,,Update,False,False,0,history0
chain,No Repair,108,108,Probe,231.550042,2100.0,108.0,,,,Probe,False,False,0,history0
chain,No Repair,109,109,Update,2.601541,21.0,,,,,Update,False,False,0,history0
chain,No Repair,110,110,BuildSnap,0.0,,110.0,,,,MarkTs,False,False,0,history0
chain,No Repair,111,111,Probe,224.889209,2100.0,111.0,,,,Probe,False,False,0,history0
chain,No Repair,112,112,RecentScan,58.010292,,112.0,,,,RecentScan,False,False,0,history0
chain,No Repair,113,113,Probe,224.643417,2100.0,113.0,,,,Probe,False,False,0,history0
chain,No Repair,114,114,RecentScan,60.895375,,114.0,,,,RecentScan,False,False,0,history0
chain,No Repair,115,115,RecentScan,64.618667,,115.0,,,,RecentScan,False,False,0,history0
chain,No Repair,116,116,Probe,227.292959,2100.0,116.0,,,,Probe,False,False,0,history0
chain,No Repair,117,117,RecentScan,60.778958,,117.0,,,,RecentScan,False,False,0,history0
chain,Read Repair,0,0,InitLoad,66.731083,210000.0,,,,,InitLoad,False,False,0,history0
chain,Read Repair,1,1,BuildSnap,0.0,,1.0,,,,MarkTs,False,False,0,history0
chain,Read Repair,2,2,Update,4.027333,21.0,,,,,Update,False,False,0,history0
chain,Read Repair,3,3,BuildSnap,0.0,,3.0,,,,MarkTs,False,False,0,history0
chain,Read Repair,4,4,RecentScan,63.319792,,4.0,,,,RecentScan,False,False,0,history0
chain,Read Repair,5,5,Update,4.384458,21.0,,,,,Update,False,False,0,history0
chain,Read Repair,6,6,RecentScan,60.081375,,6.0,,,,RecentScan,False,False,0,history0
chain,Read Repair,7,7,HistoryScan,57.929666,,1.0,,,,HistoryScan,True,False,0,history0
chain,Read Repair,8,8,Update,3.172709,21.0,,,,,Update,False,False,0,history0
chain,Read Repair,9,9,BuildSnap,0.0,,9.0,,,,MarkTs,False,False,0,history0
chain,Read Repair,10,10,RecentScan,60.060834,,10.0,,,,RecentScan,False,False,0,history0
chain,Read Repair,11,11,Update,3.226167,21.0,,,,,Update,False,False,0,history0
chain,Read Repair,12,12,RecentScan,59.712208,,12.0,,,,RecentScan,False,False,0,history0
chain,Read Repair,13,13,RecentScan,57.895709,,13.0,,,,RecentScan,False,False,0,history0
chain,Read Repair,14,14,Probe,266.137084,2100.0,14.0,,,,Probe,False,False,0,history0
chain,Read Repair,15,15,GbgCollect,0.031958,,1.0,,,,GbgCollect,False,False,0,history0
chain,Read Repair,16,16,Update,2.754959,21.0,,,,,Update,False,False,0,history0
chain,Read Repair,17,17,BuildSnap,0.0,,17.0,,,,MarkTs,False,False,0,history0
chain,Read Repair,18,18,Update,1.937125,21.0,,,,,Update,False,False,0,history0
chain,Read Repair,19,19,Probe,232.288459,2100.0,19.0,,,,Probe,False,False,0,history0
chain,Read Repair,20,20,RecentScan,64.211167,,20.0,,,,RecentScan,False,False,0,history0
chain,Read Repair,21,21,RecentScan,62.394458,,21.0,,,,RecentScan,False,False,0,history0
chain,Read Repair,22,22,RecentScan,59.413083,,22.0,,,,RecentScan,False,False,0,history0
chain,Read Repair,23,23,Probe,280.163708,2100.0,23.0,,,,Probe,False,False,0,history0
chain,Read Repair,24,24,Probe,269.238459,2100.0,24.0,,,,Probe,False,False,0,history0
chain,Read Repair,25,25,Probe,246.116417,2100.0,25.0,,,,Probe,False,False,0,history0
chain,Read Repair,26,26,RecentScan,63.081417,,26.0,,,,RecentScan,False,False,0,history0
chain,Read Repair,27,27,Probe,280.424458,2100.0,27.0,,,,Probe,False,False,0,history0
chain,Read Repair,28,28,GbgCollect,0.032833,,3.0,,,,GbgCollect,False,False,0,history0
chain,Read Repair,29,29,RecentScan,58.9875,,29.0,,,,RecentScan,False,False,0,history0
chain,Read Repair,30,30,Update,3.2075,21.0,,,,,Update,False,False,0,history0
chain,Read Repair,31,31,BuildSnap,0.0,,31.0,,,,MarkTs,False,False,0,history0
chain,Read Repair,32,32,Probe,256.049208,2100.0,32.0,,,,Probe,False,False,0,history0
chain,Read Repair,33,33,Probe,282.621167,2100.0,33.0,,,,Probe,False,False,0,history0
chain,Read Repair,34,34,Update,2.842333,21.0,,,,,Update,False,False,0,history0
chain,Read Repair,35,35,RecentScan,61.389709,,35.0,,,,RecentScan,False,False,0,history0
chain,Read Repair,36,36,RecentScan,62.499584,,36.0,,,,RecentScan,False,False,0,history0
chain,Read Repair,37,37,Update,3.315666,21.0,,,,,Update,False,False,0,history0
chain,Read Repair,38,38,BuildSnap,0.0,,38.0,,,,MarkTs,False,False,0,history0
chain,Read Repair,39,39,GbgCollect,0.043290999999999996,,9.0,,,,GbgCollect,False,False,0,history0
chain,Read Repair,40,40,Probe,236.609584,2100.0,40.0,,,,Probe,False,False,0,history0
chain,Read Repair,41,41,Update,2.816083,21.0,,,,,Update,False,False,0,history0
chain,Read Repair,42,42,RecentScan,60.414417,,42.0,,,,RecentScan,False,False,0,history0
chain,Read Repair,43,43,Probe,213.167167,2100.0,43.0,,,,Probe,False,False,0,history0
chain,Read Repair,44,44,Probe,224.615917,2100.0,44.0,,,,Probe,False,False,0,history0
chain,Read Repair,45,45,Update,2.623083,21.0,,,,,Update,False,False,0,history0
chain,Read Repair,46,46,BuildSnap,0.0,,46.0,,,,MarkTs,False,False,0,history0
chain,Read Repair,47,47,Probe,218.78525,2100.0,47.0,,,,Probe,False,False,0,history0
chain,Read Repair,48,48,RecentScan,63.471875,,48.0,,,,RecentScan,False,False,0,history0
chain,Read Repair,49,49,RecentScan,63.459458,,49.0,,,,RecentScan,False,False,0,history0
chain,Read Repair,50,50,Probe,220.586917,2100.0,50.0,,,,Probe,False,False,0,history0
chain,Read Repair,51,51,RecentScan,59.286583,,51.0,,,,RecentScan,False,False,0,history0
chain,Read Repair,52,52,Update,3.011083,21.0,,,,,Update,False,False,0,history0
chain,Read Repair,53,53,Update,2.117833,21.0,,,,,Update,False,False,0,history0
chain,Read Repair,54,54,BuildSnap,0.0,,54.0,,,,MarkTs,False,False,0,history0
chain,Read Repair,55,55,RecentScan,59.017166,,55.0,,,,RecentScan,False,False,0,history0
chain,Read Repair,56,56,Update,3.039292,21.0,,,,,Update,False,False,0,history0
chain,Read Repair,57,57,Probe,224.139125,2100.0,57.0,,,,Probe,False,False,0,history0
chain,Read Repair,58,58,RecentScan,59.439708,,58.0,,,,RecentScan,False,False,0,history0
chain,Read Repair,59,59,Probe,226.083417,2100.0,59.0,,,,Probe,False,False,0,history0
chain,Read Repair,60,60,RecentScan,57.893,,60.0,,,,RecentScan,False,False,0,history0
chain,Read Repair,61,61,RecentScan,59.919291,,61.0,,,,RecentScan,False,False,0,history0
chain,Read Repair,62,62,Probe,217.834208,2100.0,62.0,,,,Probe,False,False,0,history0
chain,Read Repair,63,63,Probe,229.021542,2100.0,63.0,,,,Probe,False,False,0,history0
chain,Read Repair,64,64,Probe,220.813917,2100.0,64.0,,,,Probe,False,False,0,history0
chain,Read Repair,65,65,Probe,227.140375,2100.0,65.0,,,,Probe,False,False,0,history0
chain,Read Repair,66,66,GbgCollect,0.047833,,17.0,,,,GbgCollect,False,False,0,history0
chain,Read Repair,67,67,Probe,229.049834,2100.0,67.0,,,,Probe,False,False,0,history0
chain,Read Repair,68,68,RecentScan,61.846833,,68.0,,,,RecentScan,False,False,0,history0
chain,Read Repair,69,69,Probe,225.001667,2100.0,69.0,,,,Probe,False,False,0,history0
chain,Read Repair,70,70,RecentScan,59.851292,,70.0,,,,RecentScan,False,False,0,history0
chain,Read Repair,71,71,Probe,225.395167,2100.0,71.0,,,,Probe,False,False,0,history0
chain,Read Repair,72,72,RecentScan,59.317458,,72.0,,,,RecentScan,False,False,0,history0
chain,Read Repair,73,73,Probe,212.151791,2100.0,73.0,,,,Probe,False,False,0,history0
chain,Read Repair,74,74,Probe,226.363917,2100.0,74.0,,,,Probe,False,False,0,history0
chain,Read Repair,75,75,GbgCollect,0.043875,,31.0,,,,GbgCollect,False,False,0,history0
chain,Read Repair,76,76,RecentScan,60.032041,,76.0,,,,RecentScan,False,False,0,history0
chain,Read Repair,77,77,RecentScan,60.488625,,77.0,,,,RecentScan,False,False,0,history0
chain,Read Repair,78,78,RecentScan,59.8095,,78.0,,,,RecentScan,False,False,0,history0
chain,Read Repair,79,79,RecentScan,60.153708,,79.0,,,,RecentScan,False,False,0,history0
chain,Read Repair,80,80,Probe,210.011416,2100.0,80.0,,,,Probe,False,False,0,history0
chain,Read Repair,81,81,Update,2.679375,21.0,,,,,Update,False,False,0,history0
chain,Read Repair,82,82,BuildSnap,0.0,,82.0,,,,MarkTs,False,False,0,history0
chain,Read Repair,83,83,Update,2.062917,21.0,,,,,Update,False,False,0,history0
chain,Read Repair,84,84,RecentScan,57.647084,,84.0,,,,RecentScan,False,False,0,history0
chain,Read Repair,85,85,RecentScan,60.102916,,85.0,,,,RecentScan,False,False,0,history0
chain,Read Repair,86,86,Probe,229.967083,2100.0,86.0,,,,Probe,False,False,0,history0
chain,Read Repair,87,87,RecentScan,64.270417,,87.0,,,,RecentScan,False,False,0,history0
chain,Read Repair,88,88,Probe,220.101,2100.0,88.0,,,,Probe,False,False,0,history0
chain,Read Repair,89,89,Probe,227.753958,2100.0,89.0,,,,Probe,False,False,0,history0
chain,Read Repair,90,90,RecentScan,59.626709,,90.0,,,,RecentScan,False,False,0,history0
chain,Read Repair,91,91,Update,3.163458,21.0,,,,,Update,False,False,0,history0
chain,Read Repair,92,92,BuildSnap,0.0,,92.0,,,,MarkTs,False,False,0,history0
chain,Read Repair,93,93,Probe,220.517375,2100.0,93.0,,,,Probe,False,False,0,history0
chain,Read Repair,94,94,RecentScan,57.990083,,94.0,,,,RecentScan,False,False,0,history0
chain,Read Repair,95,95,Update,3.884167,21.0,,,,,Update,False,False,0,history0
chain,Read Repair,96,96,RecentScan,60.39725,,96.0,,,,RecentScan,False,False,0,history0
chain,Read Repair,97,97,Probe,226.65125,2100.0,97.0,,,,Probe,False,False,0,history0
chain,Read Repair,98,98,Probe,225.785083,2100.0,98.0,,,,Probe,False,False,0,history0
chain,Read Repair,99,99,RecentScan,58.031584,,99.0,,,,RecentScan,False,False,0,history0
chain,Read Repair,100,100,Probe,222.095334,2100.0,100.0,,,,Probe,False,False,0,history0
chain,Read Repair,101,101,RecentScan,61.221375,,101.0,,,,RecentScan,False,False,0,history0
chain,Read Repair,102,102,Probe,227.300917,2100.0,102.0,,,,Probe,False,False,0,history0
chain,Read Repair,103,103,RecentScan,60.849125,,103.0,,,,RecentScan,False,False,0,history0
chain,Read Repair,104,104,Update,3.096708,21.0,,,,,Update,False,False,0,history0
chain,Read Repair,105,105,BuildSnap,0.0,,105.0,,,,MarkTs,False,False,0,history0
chain,Read Repair,106,106,Probe,213.115792,2100.0,106.0,,,,Probe,False,False,0,history0
chain,Read Repair,107,107,Update,2.60975,21.0,,,,,Update,False,False,0,history0
chain,Read Repair,108,108,Probe,225.111,2100.0,108.0,,,,Probe,False,False,0,history0
chain,Read Repair,109,109,Update,2.641209,21.0,,,,,Update,False,False,0,history0
chain,Read Repair,110,110,BuildSnap,0.0,,110.0,,,,MarkTs,False,False,0,history0
chain,Read Repair,111,111,Probe,224.905875,2100.0,111.0,,,,Probe,False,False,0,history0
chain,Read Repair,112,112,RecentScan,60.969,,112.0,,,,RecentScan,False,False,0,history0
chain,Read Repair,113,113,Probe,225.195666,2100.0,113.0,,,,Probe,False,False,0,history0
chain,Read Repair,114,114,RecentScan,57.916584,,114.0,,,,RecentScan,False,False,0,history0
chain,Read Repair,115,115,RecentScan,60.626625,,115.0,,,,RecentScan,False,False,0,history0
chain,Read Repair,116,116,Probe,221.205458,2100.0,116.0,,,,Probe,False,False,0,history0
chain,Read Repair,117,117,RecentScan,60.739208,,117.0,,,,RecentScan,False,False,0,history0
chain,Write Repair,0,0,InitLoad,66.72075,210000.0,,,,,InitLoad,False,False,0,history0
chain,Write Repair,1,1,BuildSnap,0.0,,1.0,,,,MarkTs,False,False,0,history0
chain,Write Repair,2,2,Update,3.507084,21.0,,,,,Update,False,False,0,history0
chain,Write Repair,3,3,BuildSnap,0.0,,3.0,,,,MarkTs,False,False,0,history0
chain,Write Repair,4,4,RecentScan,61.789792,,4.0,,,,RecentScan,False,False,0,history0
chain,Write Repair,5,5,Update,4.128542,21.0,,,,,Update,False,False,0,history0
chain,Write Repair,6,6,RecentScan,58.871834,,6.0,,,,RecentScan,False,False,0,history0
chain,Write Repair,7,7,HistoryScan,58.491375,,1.0,,,,HistoryScan,True,False,0,history0
chain,Write Repair,8,8,Update,3.110459,21.0,,,,,Update,False,False,0,history0
chain,Write Repair,9,9,BuildSnap,0.0,,9.0,,,,MarkTs,False,False,0,history0
chain,Write Repair,10,10,RecentScan,61.4965,,10.0,,,,RecentScan,False,False,0,history0
chain,Write Repair,11,11,Update,3.105625,21.0,,,,,Update,False,False,0,history0
chain,Write Repair,12,12,RecentScan,59.569875,,12.0,,,,RecentScan,False,False,0,history0
chain,Write Repair,13,13,RecentScan,58.670167,,13.0,,,,RecentScan,False,False,0,history0
chain,Write Repair,14,14,Probe,229.665667,2100.0,14.0,,,,Probe,False,False,0,history0
chain,Write Repair,15,15,GbgCollect,0.05175,,1.0,,,,GbgCollect,False,False,0,history0
chain,Write Repair,16,16,Update,2.634583,21.0,,,,,Update,False,False,0,history0
chain,Write Repair,17,17,BuildSnap,0.0,,17.0,,,,MarkTs,False,False,0,history0
chain,Write Repair,18,18,Update,2.016416,21.0,,,,,Update,False,False,0,history0
chain,Write Repair,19,19,Probe,227.774334,2100.0,19.0,,,,Probe,False,False,0,history0
chain,Write Repair,20,20,RecentScan,59.141334,,20.0,,,,RecentScan,False,False,0,history0
chain,Write Repair,21,21,RecentScan,57.28475,,21.0,,,,RecentScan,False,False,0,history0
chain,Write Repair,22,22,RecentScan,59.631833,,22.0,,,,RecentScan,False,False,0,history0
chain,Write Repair,23,23,Probe,234.309167,2100.0,23.0,,,,Probe,False,False,0,history0
chain,Write Repair,24,24,Probe,232.616875,2100.0,24.0,,,,Probe,False,False,0,history0
chain,Write Repair,25,25,Probe,218.003583,2100.0,25.0,,,,Probe,False,False,0,history0
chain,Write Repair,26,26,RecentScan,59.514833,,26.0,,,,RecentScan,False,False,0,history0
chain,Write Repair,27,27,Probe,243.460292,2100.0,27.0,,,,Probe,False,False,0,history0
chain,Write Repair,28,28,GbgCollect,0.066375,,3.0,,,,GbgCollect,False,False,0,history0
chain,Write Repair,29,29,RecentScan,60.83975,,29.0,,,,RecentScan,False,False,0,history0
chain,Write Repair,30,30,Update,3.071459,21.0,,,,,Update,False,False,0,history0
chain,Write Repair,31,31,BuildSnap,0.0,,31.0,,,,MarkTs,False,False,0,history0
chain,Write Repair,32,32,Probe,226.007375,2100.0,32.0,,,,Probe,False,False,0,history0
chain,Write Repair,33,33,Probe,236.234084,2100.0,33.0,,,,Probe,False,False,0,history0
chain,Write Repair,34,34,Update,2.6795,21.0,,,,,Update,False,False,0,history0
chain,Write Repair,35,35,RecentScan,62.023958,,35.0,,,,RecentScan,False,False,0,history0
chain,Write Repair,36,36,RecentScan,58.955708,,36.0,,,,RecentScan,False,False,0,history0
chain,Write Repair,37,37,Update,2.9945,21.0,,,,,Update,False,False,0,history0
chain,Write Repair,38,38,BuildSnap,0.0,,38.0,,,,MarkTs,False,False,0,history0
chain,Write Repair,39,39,GbgCollect,0.048542,,9.0,,,,GbgCollect,False,False,0,history0
chain,Write Repair,40,40,Probe,220.908583,2100.0,40.0,,,,Probe,False,False,0,history0
chain,Write Repair,41,41,Update,2.786667,21.0,,,,,Update,False,False,0,history0
chain,Write Repair,42,42,RecentScan,58.657667,,42.0,,,,RecentScan,False,False,0,history0
chain,Write Repair,43,43,Probe,216.269667,2100.0,43.0,,,,Probe,False,False,0,history0
chain,Write Repair,44,44,Probe,226.61975,2100.0,44.0,,,,Probe,False,False,0,history0
chain,Write Repair,45,45,Update,2.652125,21.0,,,,,Update,False,False,0,history0
chain,Write Repair,46,46,BuildSnap,0.0,,46.0,,,,MarkTs,False,False,0,history0
chain,Write Repair,47,47,Probe,218.138917,2100.0,47.0,,,,Probe,False,False,0,history0
chain,Write Repair,48,48,RecentScan,57.970958,,48.0,,,,RecentScan,False,False,0,history0
chain,Write Repair,49,49,RecentScan,59.956958,,49.0,,,,RecentScan,False,False,0,history0
chain,Write Repair,50,50,Probe,225.172459,2100.0,50.0,,,,Probe,False,False,0,history0
chain,Write Repair,51,51,RecentScan,61.003541,,51.0,,,,RecentScan,False,False,0,history0
chain,Write Repair,52,52,Update,2.978667,21.0,,,,,Update,False,False,0,history0
chain,Write Repair,53,53,Update,2.064208,21.0,,,,,Update,False,False,0,history0
chain,Write Repair,54,54,BuildSnap,0.0,,54.0,,,,MarkTs,False,False,0,history0
chain,Write Repair,55,55,RecentScan,61.119208,,55.0,,,,RecentScan,False,False,0,history0
chain,Write Repair,56,56,Update,3.049917,21.0,,,,,Update,False,False,0,history0
chain,Write Repair,57,57,Probe,229.176917,2100.0,57.0,,,,Probe,False,False,0,history0
chain,Write Repair,58,58,RecentScan,61.664792,,58.0,,,,RecentScan,False,False,0,history0
chain,Write Repair,59,59,Probe,226.553459,2100.0,59.0,,,,Probe,False,False,0,history0
chain,Write Repair,60,60,RecentScan,59.149875,,60.0,,,,RecentScan,False,False,0,history0
chain,Write Repair,61,61,RecentScan,60.059084,,61.0,,,,RecentScan,False,False,0,history0
chain,Write Repair,62,62,Probe,220.770875,2100.0,62.0,,,,Probe,False,False,0,history0
chain,Write Repair,63,63,Probe,228.302542,2100.0,63.0,,,,Probe,False,False,0,history0
chain,Write Repair,64,64,Probe,227.18375,2100.0,64.0,,,,Probe,False,False,0,history0
chain,Write Repair,65,65,Probe,224.765792,2100.0,65.0,,,,Probe,False,False,0,history0
chain,Write Repair,66,66,GbgCollect,0.069875,,17.0,,,,GbgCollect,False,False,0,history0
chain,Write Repair,67,67,Probe,227.591125,2100.0,67.0,,,,Probe,False,False,0,history0
chain,Write Repair,68,68,RecentScan,61.200666,,68.0,,,,RecentScan,False,False,0,history0
chain,Write Repair,69,69,Probe,219.718209,2100.0,69.0,,,,Probe,False,False,0,history0
chain,Write Repair,70,70,RecentScan,56.988542,,70.0,,,,RecentScan,False,False,0,history0
chain,Write Repair,71,71,Probe,230.074083,2100.0,71.0,,,,Probe,False,False,0,history0
chain,Write Repair,72,72,RecentScan,59.425333,,72.0,,,,RecentScan,False,False,0,history0
chain,Write Repair,73,73,Probe,211.293875,2100.0,73.0,,,,Probe,False,False,0,history0
chain,Write Repair,74,74,Probe,223.60925,2100.0,74.0,,,,Probe,False,False,0,history0
chain,Write Repair,75,75,GbgCollect,0.049625,,31.0,,,,GbgCollect,False,False,0,history0
chain,Write Repair,76,76,RecentScan,61.912416,,76.0,,,,RecentScan,False,False,0,history0
chain,Write Repair,77,77,RecentScan,57.459375,,77.0,,,,RecentScan,False,False,0,history0
chain,Write Repair,78,78,RecentScan,61.378792,,78.0,,,,RecentScan,False,False,0,history0
chain,Write Repair,79,79,RecentScan,58.823041,,79.0,,,,RecentScan,False,False,0,history0
chain,Write Repair,80,80,Probe,209.763667,2100.0,80.0,,,,Probe,False,False,0,history0
chain,Write Repair,81,81,Update,2.663083,21.0,,,,,Update,False,False,0,history0
chain,Write Repair,82,82,BuildSnap,0.0,,82.0,,,,MarkTs,False,False,0,history0
chain,Write Repair,83,83,Update,1.980709,21.0,,,,,Update,False,False,0,history0
chain,Write Repair,84,84,RecentScan,59.814167,,84.0,,,,RecentScan,False,False,0,history0
chain,Write Repair,85,85,RecentScan,63.064,,85.0,,,,RecentScan,False,False,0,history0
chain,Write Repair,86,86,Probe,225.262584,2100.0,86.0,,,,Probe,False,False,0,history0
chain,Write Repair,87,87,RecentScan,59.082708,,87.0,,,,RecentScan,False,False,0,history0
chain,Write Repair,88,88,Probe,221.019666,2100.0,88.0,,,,Probe,False,False,0,history0
chain,Write Repair,89,89,Probe,232.697833,2100.0,89.0,,,,Probe,False,False,0,history0
chain,Write Repair,90,90,RecentScan,59.861458,,90.0,,,,RecentScan,False,False,0,history0
chain,Write Repair,91,91,Update,3.4495,21.0,,,,,Update,False,False,0,history0
chain,Write Repair,92,92,BuildSnap,0.0,,92.0,,,,MarkTs,False,False,0,history0
chain,Write Repair,93,93,Probe,221.772375,2100.0,93.0,,,,Probe,False,False,0,history0
chain,Write Repair,94,94,RecentScan,61.296875,,94.0,,,,RecentScan,False,False,0,history0
chain,Write Repair,95,95,Update,3.223625,21.0,,,,,Update,False,False,0,history0
chain,Write Repair,96,96,RecentScan,60.679917,,96.0,,,,RecentScan,False,False,0,history0
chain,Write Repair,97,97,Probe,227.271667,2100.0,97.0,,,,Probe,False,False,0,history0
chain,Write Repair,98,98,Probe,223.820417,2100.0,98.0,,,,Probe,False,False,0,history0
chain,Write Repair,99,99,RecentScan,60.941083,,99.0,,,,RecentScan,False,False,0,history0
chain,Write Repair,100,100,Probe,226.750209,2100.0,100.0,,,,Probe,False,False,0,history0
chain,Write Repair,101,101,RecentScan,59.703166,,101.0,,,,RecentScan,False,False,0,history0
chain,Write Repair,102,102,Probe,227.000292,2100.0,102.0,,,,Probe,False,False,0,history0
chain,Write Repair,103,103,RecentScan,60.450125,,103.0,,,,RecentScan,False,False,0,history0
chain,Write Repair,104,104,Update,3.112792,21.0,,,,,Update,False,False,0,history0
chain,Write Repair,105,105,BuildSnap,0.0,,105.0,,,,MarkTs,False,False,0,history0
chain,Write Repair,106,106,Probe,212.636417,2100.0,106.0,,,,Probe,False,False,0,history0
chain,Write Repair,107,107,Update,2.577083,21.0,,,,,Update,False,False,0,history0
chain,Write Repair,108,108,Probe,226.50375,2100.0,108.0,,,,Probe,False,False,0,history0
chain,Write Repair,109,109,Update,2.543208,21.0,,,,,Update,False,False,0,history0
chain,Write Repair,110,110,BuildSnap,0.0,,110.0,,,,MarkTs,False,False,0,history0
chain,Write Repair,111,111,Probe,224.718292,2100.0,111.0,,,,Probe,False,False,0,history0
chain,Write Repair,112,112,RecentScan,59.145833,,112.0,,,,RecentScan,False,False,0,history0
chain,Write Repair,113,113,Probe,223.582125,2100.0,113.0,,,,Probe,False,False,0,history0
chain,Write Repair,114,114,RecentScan,59.309125,,114.0,,,,RecentScan,False,False,0,history0
chain,Write Repair,115,115,RecentScan,57.75425,,115.0,,,,RecentScan,False,False,0,history0
chain,Write Repair,116,116,Probe,221.920708,2100.0,116.0,,,,Probe,False,False,0,history0
chain,Write Repair,117,117,RecentScan,59.433125,,117.0,,,,RecentScan,False,False,0,history0
par,No Repair,0,0,InitLoad,68.7875,210000.0,,,,,InitLoad,False,False,0,history0
par,No Repair,1,1,BuildSnap,0.233459,,1.0,,,,MarkTs,False,False,0,history0
par,No Repair,2,2,Update,0.026792000000000003,21.0,,,,,Update,False,False,0,history0
par,No Repair,3,3,BuildSnap,0.012875,,3.0,,,,MarkTs,False,False,0,history0
par,No Repair,4,4,RecentScan,80.167,,4.0,,,,RecentScan,False,False,0,history0
par,No Repair,5,5,Update,0.067875,21.0,,,,,Update,False,False,0,history0
par,No Repair,6,6,RecentScan,77.808167,,6.0,,,,RecentScan,False,False,0,history0
par,No Repair,7,7,HistoryScan,74.816834,,1.0,,,,HistoryScan,True,False,0,history0
par,No Repair,8,8,Update,0.048165999999999994,21.0,,,,,Update,False,False,0,history0
par,No Repair,9,9,BuildSnap,0.016542,,9.0,,,,MarkTs,False,False,0,history0
par,No Repair,10,10,RecentScan,75.151959,,10.0,,,,RecentScan,False,False,0,history0
par,No Repair,11,11,Update,0.047334,21.0,,,,,Update,False,False,0,history0
par,No Repair,12,12,RecentScan,74.554208,,12.0,,,,RecentScan,False,False,0,history0
par,No Repair,13,13,RecentScan,74.544667,,13.0,,,,RecentScan,False,False,0,history0
par,No Repair,14,14,Probe,302.503709,2100.0,14.0,,,,Probe,False,False,0,history0
par,No Repair,15,15,GbgCollect,40.5195,,1.0,,,,GbgCollect,False,False,0,history0
par,No Repair,16,16,Update,0.029582999999999998,21.0,,,,,Update,False,False,0,history0
par,No Repair,17,17,BuildSnap,0.27141699999999996,,17.0,,,,MarkTs,False,False,0,history0
par,No Repair,18,18,Update,0.026083,21.0,,,,,Update,False,False,0,history0
par,No Repair,19,19,Probe,298.59075,2100.0,19.0,,,,Probe,False,False,0,history0
par,No Repair,20,20,RecentScan,76.357375,,20.0,,,,RecentScan,False,False,0,history0
par,No Repair,21,21,RecentScan,76.014,,21.0,,,,RecentScan,False,False,0,history0
par,No Repair,22,22,RecentScan,75.80825,,22.0,,,,RecentScan,False,False,0,history0
par,No Repair,23,23,Probe,304.994041,2100.0,23.0,,,,Probe,False,False,0,history0
par,No Repair,24,24,Probe,317.581208,2100.0,24.0,,,,Probe,False,False,0,history0
par,No Repair,25,25,Probe,299.580125,2100.0,25.0,,,,Probe,False,False,0,history0
par,No Repair,26,26,RecentScan,74.341666,,26.0,,,,RecentScan,False,False,0,history0
par,No Repair,27,27,Probe,319.86275,2100.0,27.0,,,,Probe,False,False,0,history0
par,No Repair,28,28,GbgCollect,38.984,,3.0,,,,GbgCollect,False,False,0,history0
par,No Repair,29,29,RecentScan,75.704042,,29.0,,,,RecentScan,False,False,0,history0
par,No Repair,30,30,Update,0.036916,21.0,,,,,Update,False,False,0,history0
par,No Repair,31,31,BuildSnap,0.041957999999999995,,31.0,,,,MarkTs,False,False,0,history0
par,No Repair,32,32,Probe,294.604667,2100.0,32.0,,,,Probe,False,False,0,history0
par,No Repair,33,33,Probe,312.381292,2100.0,33.0,,,,Probe,False,False,0,history0
par,No Repair,34,34,Update,0.033875,21.0,,,,,Update,False,False,0,history0
par,No Repair,35,35,RecentScan,74.868084,,35.0,,,,RecentScan,False,False,0,history0
par,No Repair,36,36,RecentScan,76.724917,,36.0,,,,RecentScan,False,False,0,history0
par,No Repair,37,37,Update,0.041,21.0,,,,,Update,False,False,0,history0
par,No Repair,38,38,BuildSnap,0.04475,,38.0,,,,MarkTs,False,False,0,history0
par,No Repair,39,39,GbgCollect,42.299083,,9.0,,,,GbgCollect,False,False,0,history0
par,No Repair,40,40,Probe,289.276,2100.0,40.0,,,,Probe,False,False,0,history0
par,No Repair,41,41,Update,0.028332999999999997,21.0,,,,,Update,False,False,0,history0
par,No Repair,42,42,RecentScan,76.540917,,42.0,,,,RecentScan,False,False,0,history0
par,No Repair,43,43,Probe,288.618958,2100.0,43.0,,,,Probe,False,False,0,history0
par,No Repair,44,44,Probe,305.893042,2100.0,44.0,,,,Probe,False,False,0,history0
par,No Repair,45,45,Update,0.029958,21.0,,,,,Update,False,False,0,history0
par,No Repair,46,46,BuildSnap,0.032667,,46.0,,,,MarkTs,False,False,0,history0
par,No Repair,47,47,Probe,298.044,2100.0,47.0,,,,Probe,False,False,0,history0
par,No Repair,48,48,RecentScan,76.874416,,48.0,,,,RecentScan,False,False,0,history0
par,No Repair,49,49,RecentScan,74.438708,,49.0,,,,RecentScan,False,False,0,history0
par,No Repair,50,50,Probe,302.953125,2100.0,50.0,,,,Probe,False,False,0,history0
par,No Repair,51,51,RecentScan,75.145291,,51.0,,,,RecentScan,False,False,0,history0
par,No Repair,52,52,Update,0.042667000000000004,21.0,,,,,Update,False,False,0,history0
par,No Repair,53,53,Update,0.030334,21.0,,,,,Update,False,False,0,history0
par,No Repair,54,54,BuildSnap,0.340292,,54.0,,,,MarkTs,False,False,0,history0
par,No Repair,55,55,RecentScan,76.40525,,55.0,,,,RecentScan,False,False,0,history0
par,No Repair,56,56,Update,0.042540999999999995,21.0,,,,,Update,False,False,0,history0
par,No Repair,57,57,Probe,311.147667,2100.0,57.0,,,,Probe,False,False,0,history0
par,No Repair,58,58,RecentScan,74.590583,,58.0,,,,RecentScan,False,False,0,history0
par,No Repair,59,59,Probe,307.057166,2100.0,59.0,,,,Probe,False,False,0,history0
par,No Repair,60,60,RecentScan,75.570667,,60.0,,,,RecentScan,False,False,0,history0
par,No Repair,61,61,RecentScan,75.357125,,61.0,,,,RecentScan,False,False,0,history0
par,No Repair,62,62,Probe,301.490083,2100.0,62.0,,,,Probe,False,False,0,history0
par,No Repair,63,63,Probe,318.439292,2100.0,63.0,,,,Probe,False,False,0,history0
par,No Repair,64,64,Probe,305.360458,2100.0,64.0,,,,Probe,False,False,0,history0
par,No Repair,65,65,Probe,311.581167,2100.0,65.0,,,,Probe,False,False,0,history0
par,No Repair,66,66,GbgCollect,41.844833,,17.0,,,,GbgCollect,False,False,0,history0
par,No Repair,67,67,Probe,320.688084,2100.0,67.0,,,,Probe,False,False,0,history0
par,No Repair,68,68,RecentScan,75.895,,68.0,,,,RecentScan,False,False,0,history0
par,No Repair,69,69,Probe,306.33425,2100.0,69.0,,,,Probe,False,False,0,history0
par,No Repair,70,70,RecentScan,72.887,,70.0,,,,RecentScan,False,False,0,history0
par,No Repair,71,71,Probe,313.71925,2100.0,71.0,,,,Probe,False,False,0,history0
par,No Repair,72,72,RecentScan,72.972625,,72.0,,,,RecentScan,False,False,0,history0
par,No Repair,73,73,Probe,290.171916,2100.0,73.0,,,,Probe,False,False,0,history0
par,No Repair,74,74,Probe,308.552375,2100.0,74.0,,,,Probe,False,False,0,history0
par,No Repair,75,75,GbgCollect,40.751958,,31.0,,,,GbgCollect,False,False,0,history0
par,No Repair,76,76,RecentScan,74.015167,,76.0,,,,RecentScan,False,False,0,history0
par,No Repair,77,77,RecentScan,74.358292,,77.0,,,,RecentScan,False,False,0,history0
par,No Repair,78,78,RecentScan,75.276333,,78.0,,,,RecentScan,False,False,0,history0
par,No Repair,79,79,RecentScan,75.294125,,79.0,,,,RecentScan,False,False,0,history0
par,No Repair,80,80,Probe,288.385167,2100.0,80.0,,,,Probe,False,False,0,history0
par,No Repair,81,81,Update,0.030083,21.0,,,,,Update,False,False,0,history0
par,No Repair,82,82,BuildSnap,0.043290999999999996,,82.0,,,,MarkTs,False,False,0,history0
par,No Repair,83,83,Update,0.028332999999999997,21.0,,,,,Update,False,False,0,history0
par,No Repair,84,84,RecentScan,75.78725,,84.0,,,,RecentScan,False,False,0,history0
par,No Repair,85,85,RecentScan,74.893208,,85.0,,,,RecentScan,False,False,0,history0
par,No Repair,86,86,Probe,316.267084,2100.0,86.0,,,,Probe,False,False,0,history0
par,No Repair,87,87,RecentScan,74.870916,,87.0,,,,RecentScan,False,False,0,history0
par,No Repair,88,88,Probe,305.989125,2100.0,88.0,,,,Probe,False,False,0,history0
par,No Repair,89,89,Probe,323.418375,2100.0,89.0,,,,Probe,False,False,0,history0
par,No Repair,90,90,RecentScan,76.058542,,90.0,,,,RecentScan,False,False,0,history0
par,No Repair,91,91,Update,0.041707999999999995,21.0,,,,,Update,False,False,0,history0
par,No Repair,92,92,BuildSnap,0.057667,,92.0,,,,MarkTs,False,False,0,history0
par,No Repair,93,93,Probe,306.563083,2100.0,93.0,,,,Probe,False,False,0,history0
par,No Repair,94,94,RecentScan,74.791542,,94.0,,,,RecentScan,False,False,0,history0
par,No Repair,95,95,Update,0.04075,21.0,,,,,Update,False,False,0,history0
par,No Repair,96,96,RecentScan,75.03975,,96.0,,,,RecentScan,False,False,0,history0
par,No Repair,97,97,Probe,312.971625,2100.0,97.0,,,,Probe,False,False,0,history0
par,No Repair,98,98,Probe,314.199084,2100.0,98.0,,,,Probe,False,False,0,history0
par,No Repair,99,99,RecentScan,74.288625,,99.0,,,,RecentScan,False,False,0,history0
par,No Repair,100,100,Probe,309.466209,2100.0,100.0,,,,Probe,False,False,0,history0
par,No Repair,101,101,RecentScan,75.563792,,101.0,,,,RecentScan,False,False,0,history0
par,No Repair,102,102,Probe,324.00975,2100.0,102.0,,,,Probe,False,False,0,history0
par,No Repair,103,103,RecentScan,74.834666,,103.0,,,,RecentScan,False,False,0,history0
par,No Repair,104,104,Update,0.036084000000000005,21.0,,,,,Update,False,False,0,history0
par,No Repair,105,105,BuildSnap,0.050042,,105.0,,,,MarkTs,False,False,0,history0
par,No Repair,106,106,Probe,297.105666,2100.0,106.0,,,,Probe,False,False,0,history0
par,No Repair,107,107,Update,0.039208,21.0,,,,,Update,False,False,0,history0
par,No Repair,108,108,Probe,478.000042,2100.0,108.0,,,,Probe,False,False,0,history0
par,No Repair,109,109,Update,0.041458,21.0,,,,,Update,False,False,0,history0
par,No Repair,110,110,BuildSnap,0.042707999999999996,,110.0,,,,MarkTs,False,False,0,history0
par,No Repair,111,111,Probe,317.476875,2100.0,111.0,,,,Probe,False,False,0,history0
par,No Repair,112,112,RecentScan,74.1375,,112.0,,,,RecentScan,False,False,0,history0
par,No Repair,113,113,Probe,309.39225,2100.0,113.0,,,,Probe,False,False,0,history0
par,No Repair,114,114,RecentScan,79.141833,,114.0,,,,RecentScan,False,False,0,history0
par,No Repair,115,115,RecentScan,75.666542,,115.0,,,,RecentScan,False,False,0,history0
par,No Repair,116,116,Probe,303.775709,2100.0,116.0,,,,Probe,False,False,0,history0
par,No Repair,117,117,RecentScan,75.936042,,117.0,,,,RecentScan,False,False,0,history0
par,Read Repair,0,0,InitLoad,67.436541,210000.0,,,,,InitLoad,False,False,0,history0
par,Read Repair,1,1,BuildSnap,0.204125,,1.0,,,,MarkTs,False,False,0,history0
par,Read Repair,2,2,Update,0.017292000000000002,21.0,,,,,Update,False,False,0,history0
par,Read Repair,3,3,BuildSnap,0.013125,,3.0,,,,MarkTs,False,False,0,history0
par,Read Repair,4,4,RecentScan,107.274083,,4.0,,,,RecentScan,False,False,0,history0
par,Read Repair,5,5,Update,0.040292,21.0,,,,,Update,False,False,0,history0
par,Read Repair,6,6,RecentScan,109.202625,,6.0,,,,RecentScan,False,False,0,history0
par,Read Repair,7,7,HistoryScan,62.611833,,1.0,,,,HistoryScan,True,False,0,history0
par,Read Repair,8,8,Update,0.026166000000000002,21.0,,,,,Update,False,False,0,history0
par,Read Repair,9,9,BuildSnap,0.016917,,9.0,,,,MarkTs,False,False,0,history0
par,Read Repair,10,10,RecentScan,103.736917,,10.0,,,,RecentScan,False,False,0,history0
par,Read Repair,11,11,Update,0.04025,21.0,,,,,Update,False,False,0,history0
par,Read Repair,12,12,RecentScan,104.056792,,12.0,,,,RecentScan,False,False,0,history0
par,Read Repair,13,13,RecentScan,61.571291,,13.0,,,,RecentScan,False,False,0,history0
par,Read Repair,14,14,Probe,223.080542,2100.0,14.0,,,,Probe,False,False,0,history0
par,Read Repair,15,15,GbgCollect,38.593042,,1.0,,,,GbgCollect,False,False,0,history0
par,Read Repair,16,16,Update,0.018166,21.0,,,,,Update,False,False,0,history0
par,Read Repair,17,17,BuildSnap,0.229292,,17.0,,,,MarkTs,False,False,0,history0
par,Read Repair,18,18,Update,0.014667,21.0,,,,,Update,False,False,0,history0
par,Read Repair,19,19,Probe,309.311417,2100.0,19.0,,,,Probe,False,False,0,history0
par,Read Repair,20,20,RecentScan,103.893625,,20.0,,,,RecentScan,False,False,0,history0
par,Read Repair,21,21,RecentScan,59.884417,,21.0,,,,RecentScan,False,False,0,history0
par,Read Repair,22,22,RecentScan,62.079333,,22.0,,,,RecentScan,False,False,0,history0
par,Read Repair,23,23,Probe,240.654959,2100.0,23.0,,,,Probe,False,False,0,history0
par,Read Repair,24,24,Probe,237.922666,2100.0,24.0,,,,Probe,False,False,0,history0
par,Read Repair,25,25,Probe,227.877916,2100.0,25.0,,,,Probe,False,False,0,history0
par,Read Repair,26,26,RecentScan,55.591625,,26.0,,,,RecentScan,False,False,0,history0
par,Read Repair,27,27,Probe,247.00775,2100.0,27.0,,,,Probe,False,False,0,history0
par,Read Repair,28,28,GbgCollect,39.678709,,3.0,,,,GbgCollect,False,False,0,history0
par,Read Repair,29,29,RecentScan,56.414083,,29.0,,,,RecentScan,False,False,0,history0
par,Read Repair,30,30,Update,0.034875,21.0,,,,,Update,False,False,0,history0
par,Read Repair,31,31,BuildSnap,0.040290999999999993,,31.0,,,,MarkTs,False,False,0,history0
par,Read Repair,32,32,Probe,303.864083,2100.0,32.0,,,,Probe,False,False,0,history0
par,Read Repair,33,33,Probe,312.832458,2100.0,33.0,,,,Probe,False,False,0,history0
par,Read Repair,34,34,Update,0.034957999999999996,21.0,,,,,Update,False,False,0,history0
par,Read Repair,35,35,RecentScan,105.899583,,35.0,,,,RecentScan,False,False,0,history0
par,Read Repair,36,36,RecentScan,58.646916,,36.0,,,,RecentScan,False,False,0,history0
par,Read Repair,37,37,Update,0.026958,21.0,,,,,Update,False,False,0,history0
par,Read Repair,38,38,BuildSnap,0.039625,,38.0,,,,MarkTs,False,False,0,history0
par,Read Repair,39,39,GbgCollect,41.350291,,9.0,,,,GbgCollect,False,False,0,history0
par,Read Repair,40,40,Probe,296.710291,2100.0,40.0,,,,Probe,False,False,0,history0
par,Read Repair,41,41,Update,0.032375,21.0,,,,,Update,False,False,0,history0
par,Read Repair,42,42,RecentScan,106.052833,,42.0,,,,RecentScan,False,False,0,history0
par,Read Repair,43,43,Probe,219.20225,2100.0,43.0,,,,Probe,False,False,0,history0
par,Read Repair,44,44,Probe,224.973667,2100.0,44.0,,,,Probe,False,False,0,history0
par,Read Repair,45,45,Update,0.018916,21.0,,,,,Update,False,False,0,history0
par,Read Repair,46,46,BuildSnap,0.032125,,46.0,,,,MarkTs,False,False,0,history0
par,Read Repair,47,47,Probe,305.378834,2100.0,47.0,,,,Probe,False,False,0,history0
par,Read Repair,48,48,RecentScan,104.435542,,48.0,,,,RecentScan,False,False,0,history0
par,Read Repair,49,49,RecentScan,60.337417,,49.0,,,,RecentScan,False,False,0,history0
par,Read Repair,50,50,Probe,229.043625,2100.0,50.0,,,,Probe,False,False,0,history0
par,Read Repair,51,51,RecentScan,59.700125,,51.0,,,,RecentScan,False,False,0,history0
par,Read Repair,52,52,Update,0.026792000000000003,21.0,,,,,Update,False,False,0,history0
par,Read Repair,53,53,Update,0.023542,21.0,,,,,Update,False,False,0,history0
par,Read Repair,54,54,BuildSnap,0.262209,,54.0,,,,MarkTs,False,False,0,history0
par,Read Repair,55,55,RecentScan,105.207542,,55.0,,,,RecentScan,False,False,0,history0
par,Read Repair,56,56,Update,0.039667,21.0,,,,,Update,False,False,0,history0
par,Read Repair,57,57,Probe,323.140708,2100.0,57.0,,,,Probe,False,False,0,history0
par,Read Repair,58,58,RecentScan,104.765375,,58.0,,,,RecentScan,False,False,0,history0
par,Read Repair,59,59,Probe,230.830459,2100.0,59.0,,,,Probe,False,False,0,history0
par,Read Repair,60,60,RecentScan,58.679583,,60.0,,,,RecentScan,False,False,0,history0
par,Read Repair,61,61,RecentScan,59.748708,,61.0,,,,RecentScan,False,False,0,history0
par,Read Repair,62,62,Probe,219.224791,2100.0,62.0,,,,Probe,False,False,0,history0
par,Read Repair,63,63,Probe,234.042333,2100.0,63.0,,,,Probe,False,False,0,history0
par,Read Repair,64,64,Probe,226.988542,2100.0,64.0,,,,Probe,False,False,0,history0
par,Read Repair,65,65,Probe,227.114709,2100.0,65.0,,,,Probe,False,False,0,history0
par,Read Repair,66,66,GbgCollect,39.17225,,17.0,,,,GbgCollect,False,False,0,history0
par,Read Repair,67,67,Probe,237.88775,2100.0,67.0,,,,Probe,False,False,0,history0
par,Read Repair,68,68,RecentScan,59.230166,,68.0,,,,RecentScan,False,False,0,history0
par,Read Repair,69,69,Probe,225.242709,2100.0,69.0,,,,Probe,False,False,0,history0
par,Read Repair,70,70,RecentScan,59.621792,,70.0,,,,RecentScan,False,False,0,history0
par,Read Repair,71,71,Probe,233.095459,2100.0,71.0,,,,Probe,False,False,0,history0
par,Read Repair,72,72,RecentScan,61.435916,,72.0,,,,RecentScan,False,False,0,history0
par,Read Repair,73,73,Probe,214.763333,2100.0,73.0,,,,Probe,False,False,0,history0
par,Read Repair,74,74,Probe,228.146542,2100.0,74.0,,,,Probe,False,False,0,history0
par,Read Repair,75,75,GbgCollect,40.234416,,31.0,,,,GbgCollect,False,False,0,history0
par,Read Repair,76,76,RecentScan,59.709125,,76.0,,,,RecentScan,False,False,0,history0
par,Read Repair,77,77,RecentScan,60.521459,,77.0,,,,RecentScan,False,False,0,history0
par,Read Repair,78,78,RecentScan,62.516708,,78.0,,,,RecentScan,False,False,0,history0
par,Read Repair,79,79,RecentScan,62.758833,,79.0,,,,RecentScan,False,False,0,history0
par,Read Repair,80,80,Probe,211.80075,2100.0,80.0,,,,Probe,False,False,0,history0
par,Read Repair,81,81,Update,0.029375,21.0,,,,,Update,False,False,0,history0
par,Read Repair,82,82,BuildSnap,0.042375,,82.0,,,,MarkTs,False,False,0,history0
par,Read Repair,83,83,Update,0.033665999999999995,21.0,,,,,Update,False,False,0,history0
par,Read Repair,84,84,RecentScan,104.225125,,84.0,,,,RecentScan,False,False,0,history0
par,Read Repair,85,85,RecentScan,61.637083,,85.0,,,,RecentScan,False,False,0,history0
par,Read Repair,86,86,Probe,233.598875,2100.0,86.0,,,,Probe,False,False,0,history0
par,Read Repair,87,87,RecentScan,59.091167,,87.0,,,,RecentScan,False,False,0,history0
par,Read Repair,88,88,Probe,228.926625,2100.0,88.0,,,,Probe,False,False,0,history0
par,Read Repair,89,89,Probe,236.935375,2100.0,89.0,,,,Probe,False,False,0,history0
par,Read Repair,90,90,RecentScan,60.094167,,90.0,,,,RecentScan,False,False,0,history0
par,Read Repair,91,91,Update,0.038042,21.0,,,,,Update,False,False,0,history0
par,Read Repair,92,92,BuildSnap,0.057875,,92.0,,,,MarkTs,False,False,0,history0
par,Read Repair,93,93,Probe,313.620834,2100.0,93.0,,,,Probe,False,False,0,history0
par,Read Repair,94,94,RecentScan,104.644459,,94.0,,,,RecentScan,False,False,0,history0
par,Read Repair,95,95,Update,0.04804099999999999,21.0,,,,,Update,False,False,0,history0
par,Read Repair,96,96,RecentScan,103.824375,,96.0,,,,RecentScan,False,False,0,history0
par,Read Repair,97,97,Probe,234.607583,2100.0,97.0,,,,Probe,False,False,0,history0
par,Read Repair,98,98,Probe,232.690917,2100.0,98.0,,,,Probe,False,False,0,history0
par,Read Repair,99,99,RecentScan,61.556875,,99.0,,,,RecentScan,False,False,0,history0
par,Read Repair,100,100,Probe,225.422333,2100.0,100.0,,,,Probe,False,False,0,history0
par,Read Repair,101,101,RecentScan,61.715667,,101.0,,,,RecentScan,False,False,0,history0
par,Read Repair,102,102,Probe,231.238875,2100.0,102.0,,,,Probe,False,False,0,history0
par,Read Repair,103,103,RecentScan,60.496875,,103.0,,,,RecentScan,False,False,0,history0
par,Read Repair,104,104,Update,0.03775,21.0,,,,,Update,False,False,0,history0
par,Read Repair,105,105,BuildSnap,0.059,,105.0,,,,MarkTs,False,False,0,history0
par,Read Repair,106,106,Probe,301.90425,2100.0,106.0,,,,Probe,False,False,0,history0
par,Read Repair,107,107,Update,0.027957999999999997,21.0,,,,,Update,False,False,0,history0
par,Read Repair,108,108,Probe,323.946333,2100.0,108.0,,,,Probe,False,False,0,history0
par,Read Repair,109,109,Update,0.03325,21.0,,,,,Update,False,False,0,history0
par,Read Repair,110,110,BuildSnap,0.043584000000000005,,110.0,,,,MarkTs,False,False,0,history0
par,Read Repair,111,111,Probe,320.113917,2100.0,111.0,,,,Probe,False,False,0,history0
par,Read Repair,112,112,RecentScan,103.944958,,112.0,,,,RecentScan,False,False,0,history0
par,Read Repair,113,113,Probe,232.4755,2100.0,113.0,,,,Probe,False,False,0,history0
par,Read Repair,114,114,RecentScan,59.489667,,114.0,,,,RecentScan,False,False,0,history0
par,Read Repair,115,115,RecentScan,61.404042,,115.0,,,,RecentScan,False,False,0,history0
par,Read Repair,116,116,Probe,224.356041,2100.0,116.0,,,,Probe,False,False,0,history0
par,Read Repair,117,117,RecentScan,60.673042,,117.0,,,,RecentScan,False,False,0,history0
par,Write Repair,0,0,InitLoad,67.6165,210000.0,,,,,InitLoad,False,False,0,history0
par,Write Repair,1,1,BuildSnap,0.202542,,1.0,,,,MarkTs,False,False,0,history0
par,Write Repair,2,2,Update,3.639375,21.0,,,,,Update,False,False,0,history0
par,Write Repair,3,3,BuildSnap,0.013958,,3.0,,,,MarkTs,False,False,0,history0
par,Write Repair,4,4,RecentScan,61.786375,,4.0,,,,RecentScan,False,False,0,history0
par,Write Repair,5,5,Update,4.257708,21.0,,,,,Update,False,False,0,history0
par,Write Repair,6,6,RecentScan,61.344084,,6.0,,,,RecentScan,False,False,0,history0
par,Write Repair,7,7,HistoryScan,59.887042,,1.0,,,,HistoryScan,True,False,0,history0
par,Write Repair,8,8,Update,3.313958,21.0,,,,,Update,False,False,0,history0
par,Write Repair,9,9,BuildSnap,0.015709,,9.0,,,,MarkTs,False,False,0,history0
par,Write Repair,10,10,RecentScan,59.527833,,10.0,,,,RecentScan,False,False,0,history0
par,Write Repair,11,11,Update,3.431416,21.0,,,,,Update,False,False,0,history0
par,Write Repair,12,12,RecentScan,58.35475,,12.0,,,,RecentScan,False,False,0,history0
par,Write Repair,13,13,RecentScan,59.032458,,13.0,,,,RecentScan,False,False,0,history0
par,Write Repair,14,14,Probe,249.543792,2100.0,14.0,,,,Probe,False,False,0,history0
par,Write Repair,15,15,GbgCollect,40.342917,,1.0,,,,GbgCollect,False,False,0,history0
par,Write Repair,16,16,Update,2.897625,21.0,,,,,Update,False,False,0,history0
par,Write Repair,17,17,BuildSnap,0.241,,17.0,,,,MarkTs,False,False,0,history0
par,Write Repair,18,18,Update,2.302834,21.0,,,,,Update,False,False,0,history0
par,Write Repair,19,19,Probe,225.709958,2100.0,19.0,,,,Probe,False,False,0,history0
par,Write Repair,20,20,RecentScan,58.548875,,20.0,,,,RecentScan,False,False,0,history0
par,Write Repair,21,21,RecentScan,61.369917,,21.0,,,,RecentScan,False,False,0,history0
par,Write Repair,22,22,RecentScan,58.045166,,22.0,,,,RecentScan,False,False,0,history0
par,Write Repair,23,23,Probe,262.522916,2100.0,23.0,,,,Probe,False,False,0,history0
par,Write Repair,24,24,Probe,254.753292,2100.0,24.0,,,,Probe,False,False,0,history0
par,Write Repair,25,25,Probe,217.558042,2100.0,25.0,,,,Probe,False,False,0,history0
par,Write Repair,26,26,RecentScan,61.454708,,26.0,,,,RecentScan,False,False,0,history0
par,Write Repair,27,27,Probe,242.089708,2100.0,27.0,,,,Probe,False,False,0,history0
par,Write Repair,28,28,GbgCollect,40.416584,,3.0,,,,GbgCollect,False,False,0,history0
par,Write Repair,29,29,RecentScan,59.819291,,29.0,,,,RecentScan,False,False,0,history0
par,Write Repair,30,30,Update,3.452292,21.0,,,,,Update,False,False,0,history0
par,Write Repair,31,31,BuildSnap,0.031417,,31.0,,,,MarkTs,False,False,0,history0
par,Write Repair,32,32,Probe,214.114166,2100.0,32.0,,,,Probe,False,False,0,history0
par,Write Repair,33,33,Probe,227.039334,2100.0,33.0,,,,Probe,False,False,0,history0
par,Write Repair,34,34,Update,2.871584,21.0,,,,,Update,False,False,0,history0
par,Write Repair,35,35,RecentScan,60.645666,,35.0,,,,RecentScan,False,False,0,history0
par,Write Repair,36,36,RecentScan,61.394209,,36.0,,,,RecentScan,False,False,0,history0
par,Write Repair,37,37,Update,3.260584,21.0,,,,,Update,False,False,0,history0
par,Write Repair,38,38,BuildSnap,0.030667000000000003,,38.0,,,,MarkTs,False,False,0,history0
par,Write Repair,39,39,GbgCollect,41.032208,,9.0,,,,GbgCollect,False,False,0,history0
par,Write Repair,40,40,Probe,216.470458,2100.0,40.0,,,,Probe,False,False,0,history0
par,Write Repair,41,41,Update,3.028959,21.0,,,,,Update,False,False,0,history0
par,Write Repair,42,42,RecentScan,61.416542,,42.0,,,,RecentScan,False,False,0,history0
par,Write Repair,43,43,Probe,216.184459,2100.0,43.0,,,,Probe,False,False,0,history0
par,Write Repair,44,44,Probe,233.482958,2100.0,44.0,,,,Probe,False,False,0,history0
par,Write Repair,45,45,Update,2.922875,21.0,,,,,Update,False,False,0,history0
par,Write Repair,46,46,BuildSnap,0.031875,,46.0,,,,MarkTs,False,False,0,history0
par,Write Repair,47,47,Probe,222.663542,2100.0,47.0,,,,Probe,False,False,0,history0
par,Write Repair,48,48,RecentScan,62.699959,,48.0,,,,RecentScan,False,False,0,history0
par,Write Repair,49,49,RecentScan,59.885708,,49.0,,,,RecentScan,False,False,0,history0
par,Write Repair,50,50,Probe,228.541167,2100.0,50.0,,,,Probe,False,False,0,history0
par,Write Repair,51,51,RecentScan,59.763667,,51.0,,,,RecentScan,False,False,0,history0
par,Write Repair,52,52,Update,3.27325,21.0,,,,,Update,False,False,0,history0
par,Write Repair,53,53,Update,2.153083,21.0,,,,,Update,False,False,0,history0
par,Write Repair,54,54,BuildSnap,0.427625,,54.0,,,,MarkTs,False,False,0,history0
par,Write Repair,55,55,RecentScan,59.008959,,55.0,,,,RecentScan,False,False,0,history0
par,Write Repair,56,56,Update,3.371708,21.0,,,,,Update,False,False,0,history0
par,Write Repair,57,57,Probe,228.642542,2100.0,57.0,,,,Probe,False,False,0,history0
par,Write Repair,58,58,RecentScan,60.739542,,58.0,,,,RecentScan,False,False,0,history0
par,Write Repair,59,59,Probe,225.239708,2100.0,59.0,,,,Probe,False,False,0,history0
par,Write Repair,60,60,RecentScan,57.536375,,60.0,,,,RecentScan,False,False,0,history0
par,Write Repair,61,61,RecentScan,60.998542,,61.0,,,,RecentScan,False,False,0,history0
par,Write Repair,62,62,Probe,220.421916,2100.0,62.0,,,,Probe,False,False,0,history0
par,Write Repair,63,63,Probe,234.087875,2100.0,63.0,,,,Probe,False,False,0,history0
par,Write Repair,64,64,Probe,225.98425,2100.0,64.0,,,,Probe,False,False,0,history0
par,Write Repair,65,65,Probe,228.789458,2100.0,65.0,,,,Probe,False,False,0,history0
par,Write Repair,66,66,GbgCollect,40.975667,,17.0,,,,GbgCollect,False,False,0,history0
par,Write Repair,67,67,Probe,232.788917,2100.0,67.0,,,,Probe,False,False,0,history0
par,Write Repair,68,68,RecentScan,57.435583,,68.0,,,,RecentScan,False,False,0,history0
par,Write Repair,69,69,Probe,228.533958,2100.0,69.0,,,,Probe,False,False,0,history0
par,Write Repair,70,70,RecentScan,59.663584,,70.0,,,,RecentScan,False,False,0,history0
par,Write Repair,71,71,Probe,234.027542,2100.0,71.0,,,,Probe,False,False,0,history0
par,Write Repair,72,72,RecentScan,62.156334,,72.0,,,,RecentScan,False,False,0,history0
par,Write Repair,73,73,Probe,209.330167,2100.0,73.0,,,,Probe,False,False,0,history0
par,Write Repair,74,74,Probe,218.955667,2100.0,74.0,,,,Probe,False,False,0,history0
par,Write Repair,75,75,GbgCollect,40.803334,,31.0,,,,GbgCollect,False,False,0,history0
par,Write Repair,76,76,RecentScan,57.992375,,76.0,,,,RecentScan,False,False,0,history0
par,Write Repair,77,77,RecentScan,60.61625,,77.0,,,,RecentScan,False,False,0,history0
par,Write Repair,78,78,RecentScan,60.643625,,78.0,,,,RecentScan,False,False,0,history0
par,Write Repair,79,79,RecentScan,57.4645,,79.0,,,,RecentScan,False,False,0,history0
par,Write Repair,80,80,Probe,208.970333,2100.0,80.0,,,,Probe,False,False,0,history0
par,Write Repair,81,81,Update,2.874833,21.0,,,,,Update,False,False,0,history0
par,Write Repair,82,82,BuildSnap,0.04375,,82.0,,,,MarkTs,False,False,0,history0
par,Write Repair,83,83,Update,2.297166,21.0,,,,,Update,False,False,0,history0
par,Write Repair,84,84,RecentScan,56.551459,,84.0,,,,RecentScan,False,False,0,history0
par,Write Repair,85,85,RecentScan,59.56325,,85.0,,,,RecentScan,False,False,0,history0
par,Write Repair,86,86,Probe,231.141625,2100.0,86.0,,,,Probe,False,False,0,history0
par,Write Repair,87,87,RecentScan,59.981041,,87.0,,,,RecentScan,False,False,0,history0
par,Write Repair,88,88,Probe,220.047667,2100.0,88.0,,,,Probe,False,False,0,history0
par,Write Repair,89,89,Probe,232.196709,2100.0,89.0,,,,Probe,False,False,0,history0
par,Write Repair,90,90,RecentScan,61.266458,,90.0,,,,RecentScan,False,False,0,history0
par,Write Repair,91,91,Update,3.444458,21.0,,,,,Update,False,False,0,history0
par,Write Repair,92,92,BuildSnap,0.03675,,92.0,,,,MarkTs,False,False,0,history0
par,Write Repair,93,93,Probe,220.440583,2100.0,93.0,,,,Probe,False,False,0,history0
par,Write Repair,94,94,RecentScan,62.016625,,94.0,,,,RecentScan,False,False,0,history0
par,Write Repair,95,95,Update,3.391166,21.0,,,,,Update,False,False,0,history0
par,Write Repair,96,96,RecentScan,60.995125,,96.0,,,,RecentScan,False,False,0,history0
par,Write Repair,97,97,Probe,225.7475,2100.0,97.0,,,,Probe,False,False,0,history0
par,Write Repair,98,98,Probe,222.6655,2100.0,98.0,,,,Probe,False,False,0,history0
par,Write Repair,99,99,RecentScan,61.943417,,99.0,,,,RecentScan,False,False,0,history0
par,Write Repair,100,100,Probe,222.581292,2100.0,100.0,,,,Probe,False,False,0,history0
par,Write Repair,101,101,RecentScan,58.290958,,101.0,,,,RecentScan,False,False,0,history0
par,Write Repair,102,102,Probe,223.51475,2100.0,102.0,,,,Probe,False,False,0,history0
par,Write Repair,103,103,RecentScan,60.93425,,103.0,,,,RecentScan,False,False,0,history0
par,Write Repair,104,104,Update,3.325375,21.0,,,,,Update,False,False,0,history0
par,Write Repair,105,105,BuildSnap,0.041625,,105.0,,,,MarkTs,False,False,0,history0
par,Write Repair,106,106,Probe,208.885209,2100.0,106.0,,,,Probe,False,False,0,history0
par,Write Repair,107,107,Update,2.853708,21.0,,,,,Update,False,False,0,history0
par,Write Repair,108,108,Probe,226.210084,2100.0,108.0,,,,Probe,False,False,0,history0
par,Write Repair,109,109,Update,2.84625,21.0,,,,,Update,False,False,0,history0
par,Write Repair,110,110,BuildSnap,0.038334,,110.0,,,,MarkTs,False,False,0,history0
par,Write Repair,111,111,Probe,216.392208,2100.0,111.0,,,,Probe,False,False,0,history0
par,Write Repair,112,112,RecentScan,57.291541,,112.0,,,,RecentScan,False,False,0,history0
par,Write Repair,113,113,Probe,222.651167,2100.0,113.0,,,,Probe,False,False,0,history0
par,Write Repair,114,114,RecentScan,61.311125,,114.0,,,,RecentScan,False,False,0,history0
par,Write Repair,115,115,RecentScan,58.496125,,115.0,,,,RecentScan,False,False,0,history0
par,Write Repair,116,116,Probe,219.74625,2100.0,116.0,,,,Probe,False,False,0,history0
par,Write Repair,117,117,RecentScan,60.9045,,117.0,,,,RecentScan,False,False,0,history0
