table_type,repair_type,idx,tx_id,tx_type,duration_ms,count,read_ts,from_ts,to_ts,build_reason,tx_type_raw,is_untimed_prime,is_actual_build,trial,case
naive,No Repair,0,0,InitLoad,2.866166,210000.0,,,,,InitLoad,False,False,0,history0
naive,No Repair,1,1,BuildSnap,0.0,,1.0,,,,MarkTs,False,False,0,history0
naive,No Repair,2,2,Update,0.0,21.0,,,,,Update,False,False,0,history0
naive,No Repair,3,3,BuildSnap,0.0,,3.0,,,,MarkTs,False,False,0,history0
naive,No Repair,4,4,BuildSnap,154.873542,,4.0,,,RecentScan,MarkTs,False,True,0,history0
naive,No Repair,4,4,RecentScan,59.115,,4.0,,,,RecentScan,False,False,0,history0
naive,No Repair,5,5,Update,0.0,21.0,,,,,Update,False,False,0,history0
naive,No Repair,6,6,BuildSnap,155.181792,,6.0,,,RecentScan,MarkTs,False,True,0,history0
naive,No Repair,6,6,RecentScan,59.896,,6.0,,,,RecentScan,False,False,0,history0
naive,No Repair,7,7,BuildSnap,159.258708,,1.0,,,HistoryScan,MarkTs,True,False,0,history0
naive,No Repair,7,7,HistoryScan,57.4,,1.0,,,,HistoryScan,True,False,0,history0
naive,No Repair,8,8,Update,0.0,21.0,,,,,Update,False,False,0,history0
naive,No Repair,9,9,BuildSnap,0.0,,9.0,,,,MarkTs,False,False,0,history0
naive,No Repair,10,10,BuildSnap,165.992375,,10.0,,,RecentScan,MarkTs,False,True,0,history0
naive,No Repair,10,10,RecentScan,62.091666,,10.0,,,,RecentScan,False,False,0,history0
naive,No Repair,11,11,Update,0.0,21.0,,,,,Update,False,False,0,history0
naive,No Repair,12,12,BuildSnap,167.155959,,12.0,,,RecentScan,MarkTs,False,True,0,history0
naive,No Repair,12,12,RecentScan,62.019375,,12.0,,,,RecentScan,False,False,0,history0
naive,No Repair,13,13,BuildSnap,164.191667,,13.0,,,RecentScan,MarkTs,False,True,0,history0
naive,No Repair,13,13,RecentScan,63.063833,,13.0,,,,RecentScan,False,False,0,history0
naive,No Repair,14,14,BuildSnap,165.333292,,14.0,,,Probe,MarkTs,False,True,0,history0
naive,No Repair,14,14,Probe,1.369167,21.0,14.0,,,,Probe,False,False,0,history0
naive,No Repair,15,15,GbgCollect,0.085292,,1.0,,,,GbgCollect,False,False,0,history0
naive,No Repair,16,16,Update,0.0,21.0,,,,,Update,False,False,0,history0
naive,No Repair,17,17,BuildSnap,0.0,,17.0,,,,MarkTs,False,False,0,history0
naive,No Repair,18,18,Update,0.0,21.0,,,,,Update,False,False,0,history0
naive,No Repair,19,19,BuildSnap,165.197375,,19.0,,,Probe,MarkTs,False,True,0,history0
naive,No Repair,19,19,Probe,2.510375,21.0,19.0,,,,Probe,False,False,0,history0
naive,No Repair,20,20,BuildSnap,165.653875,,20.0,,,RecentScan,MarkTs,False,True,0,history0
naive,No Repair,20,20,RecentScan,61.850334,,20.0,,,,RecentScan,False,False,0,history0
naive,No Repair,21,21,BuildSnap,164.907083,,21.0,,,RecentScan,MarkTs,False,True,0,history0
naive,No Repair,21,21,RecentScan,62.954542,,21.0,,,,RecentScan,False,False,0,history0
naive,No Repair,22,22,BuildSnap,164.660917,,22.0,,,RecentScan,MarkTs,False,True,0,history0
naive,No Repair,22,22,RecentScan,64.45325,,22.0,,,,RecentScan,False,False,0,history0
naive,No Repair,23,23,BuildSnap,167.520458,,23.0,,,Probe,MarkTs,False,True,0,history0
naive,No Repair,23,23,Probe,2.34125,21.0,23.0,,,,Probe,False,False,0,history0
naive,No Repair,24,24,BuildSnap,173.743792,,24.0,,,Probe,MarkTs,False,True,0,history0
naive,No Repair,24,24,Probe,2.56,21.0,24.0,,,,Probe,False,False,0,history0
naive,No Repair,25,25,BuildSnap,172.764083,,25.0,,,Probe,MarkTs,False,True,0,history0
naive,No Repair,25,25,Probe,3.964917,21.0,25.0,,,,Probe,False,False,0,history0
naive,No Repair,26,26,BuildSnap,174.869542,,26.0,,,RecentScan,MarkTs,False,True,0,history0
naive,No Repair,26,26,RecentScan,64.936625,,26.0,,,,RecentScan,False,False,0,history0
naive,No Repair,27,27,BuildSnap,162.717208,,27.0,,,Probe,MarkTs,False,True,0,history0
naive,No Repair,27,27,Probe,2.966708,21.0,27.0,,,,Probe,False,False,0,history0
naive,No Repair,28,28,GbgCollect,0.0,,3.0,,,,GbgCollect,False,False,0,history0
naive,No Repair,29,29,BuildSnap,165.614917,,29.0,,,RecentScan,MarkTs,False,True,0,history0
naive,No Repair,29,29,RecentScan,65.38475,,29.0,,,,RecentScan,False,False,0,history0
naive,No Repair,30,30,Update,0.0,21.0,,,,,Update,False,False,0,history0
naive,No Repair,31,31,BuildSnap,0.0,,31.0,,,,MarkTs,False,False,0,history0
naive,No Repair,32,32,BuildSnap,159.358666,,32.0,,,Probe,MarkTs,False,True,0,history0
naive,No Repair,32,32,Probe,1.598625,21.0,32.0,,,,Probe,False,False,0,history0
naive,No Repair,33,33,BuildSnap,159.108125,,33.0,,,Probe,MarkTs,False,True,0,history0
naive,No Repair,33,33,Probe,3.147792,21.0,33.0,,,,Probe,False,False,0,history0
naive,No Repair,34,34,Update,0.0,21.0,,,,,Update,False,False,0,history0
naive,No Repair,35,35,BuildSnap,164.379792,,35.0,,,RecentScan,MarkTs,False,True,0,history0
naive,No Repair,35,35,RecentScan,66.843042,,35.0,,,,RecentScan,False,False,0,history0
naive,No Repair,36,36,BuildSnap,158.505333,,36.0,,,RecentScan,MarkTs,False,True,0,history0
naive,No Repair,36,36,RecentScan,64.79625,,36.0,,,,RecentScan,False,False,0,history0
naive,No Repair,37,37,Update,0.0,21.0,,,,,Update,False,False,0,history0
naive,No Repair,38,38,BuildSnap,0.0,,38.0,,,,MarkTs,False,False,0,history0
naive,No Repair,39,39,GbgCollect,0.171625,,9.0,,,,GbgCollect,False,False,0,history0
naive,No Repair,40,40,BuildSnap,157.798208,,40.0,,,Probe,MarkTs,False,True,0,history0
naive,No Repair,40,40,Probe,3.237042,21.0,40.0,,,,Probe,False,False,0,history0
naive,No Repair,41,41,Update,0.0,21.0,,,,,Update,False,False,0,history0
naive,No Repair,42,42,BuildSnap,164.1475,,42.0,,,RecentScan,MarkTs,False,True,0,history0
naive,No Repair,42,42,RecentScan,65.410625,,42.0,,,,RecentScan,False,False,0,history0
naive,No Repair,43,43,BuildSnap,157.633792,,43.0,,,Probe,MarkTs,False,True,0,history0
naive,No Repair,43,43,Probe,1.856292,21.0,43.0,,,,Probe,False,False,0,history0
naive,No Repair,44,44,BuildSnap,157.766625,,44.0,,,Probe,MarkTs,False,True,0,history0
naive,No Repair,44,44,Probe,3.604291,21.0,44.0,,,,Probe,False,False,0,history0
naive,No Repair,45,45,Update,0.0,21.0,,,,,Update,False,False,0,history0
naive,No Repair,46,46,BuildSnap,0.0,,46.0,,,,MarkTs,False,False,0,history0
naive,No Repair,47,47,BuildSnap,158.298583,,47.0,,,Probe,MarkTs,False,True,0,history0
naive,No Repair,47,47,Probe,3.140125,21.0,47.0,,,,Probe,False,False,0,history0
naive,No Repair,48,48,BuildSnap,158.091375,,48.0,,,RecentScan,MarkTs,False,True,0,history0
naive,No Repair,48,48,RecentScan,65.790875,,48.0,,,,RecentScan,False,False,0,history0
naive,No Repair,49,49,BuildSnap,161.225542,,49.0,,,RecentScan,MarkTs,False,True,0,history0
naive,No Repair,49,49,RecentScan,64.671084,,49.0,,,,RecentScan,False,False,0,history0
naive,No Repair,50,50,BuildSnap,159.130625,,50.0,,,Probe,MarkTs,False,True,0,history0
naive,No Repair,50,50,Probe,3.2215,21.0,50.0,,,,Probe,False,False,0,history0
naive,No Repair,51,51,BuildSnap,159.22125,,51.0,,,RecentScan,MarkTs,False,True,0,history0
naive,No Repair,51,51,RecentScan,65.325083,,51.0,,,,RecentScan,False,False,0,history0
naive,No Repair,52,52,Update,0.0,21.0,,,,,Update,False,False,0,history0
naive,No Repair,53,53,Update,0.0,21.0,,,,,Update,False,False,0,history0
naive,No Repair,54,54,BuildSnap,0.0,,54.0,,,,MarkTs,False,False,0,history0
naive,No Repair,55,55,BuildSnap,159.400084,,55.0,,,RecentScan,MarkTs,False,True,0,history0
naive,No Repair,55,55,RecentScan,65.8875,,55.0,,,,RecentScan,False,False,0,history0
naive,No Repair,56,56,Update,0.0,21.0,,,,,Update,False,False,0,history0
naive,No Repair,57,57,BuildSnap,158.525,,57.0,,,Probe,MarkTs,False,True,0,history0
naive,No Repair,57,57,Probe,2.818709,21.0,57.0,,,,Probe,False,False,0,history0
naive,No Repair,58,58,BuildSnap,160.653375,,58.0,,,RecentScan,MarkTs,False,True,0,history0
naive,No Repair,58,58,RecentScan,66.54775,,58.0,,,,RecentScan,False,False,0,history0
naive,No Repair,59,59,BuildSnap,163.988667,,59.0,,,Probe,MarkTs,False,True,0,history0
naive,No Repair,59,59,Probe,4.53225,21.0,59.0,,,,Probe,False,False,0,history0
naive,No Repair,60,60,BuildSnap,159.526125,,60.0,,,RecentScan,MarkTs,False,True,0,history0
naive,No Repair,60,60,RecentScan,65.808833,,60.0,,,,RecentScan,False,False,0,history0
naive,No Repair,61,61,BuildSnap,158.987333,,61.0,,,RecentScan,MarkTs,False,True,0,history0
naive,No Repair,61,61,RecentScan,65.945666,,61.0,,,,RecentScan,False,False,0,history0
naive,No Repair,62,62,BuildSnap,159.9035,,62.0,,,Probe,MarkTs,False,True,0,history0
naive,No Repair,62,62,Probe,2.574542,21.0,62.0,,,,Probe,False,False,0,history0
naive,No Repair,63,63,BuildSnap,160.940042,,63.0,,,Probe,MarkTs,False,True,0,history0
naive,No Repair,63,63,Probe,2.726084,21.0,63.0,,,,Probe,False,False,0,history0
naive,No Repair,64,64,BuildSnap,161.834583,,64.0,,,Probe,MarkTs,False,True,0,history0
naive,No Repair,64,64,Probe,3.620458,21.0,64.0,,,,Probe,False,False,0,history0
naive,No Repair,65,65,BuildSnap,170.60175,,65.0,,,Probe,MarkTs,False,True,0,history0
naive,No Repair,65,65,Probe,3.971625,21.0,65.0,,,,Probe,False,False,0,history0
naive,No Repair,66,66,GbgCollect,0.345292,,17.0,,,,GbgCollect,False,False,0,history0
naive,No Repair,67,67,BuildSnap,196.219875,,67.0,,,Probe,MarkTs,False,True,0,history0
naive,No Repair,67,67,Probe,4.546,21.0,67.0,,,,Probe,False,False,0,history0
naive,No Repair,68,68,BuildSnap,208.343625,,68.0,,,RecentScan,MarkTs,False,True,0,history0
naive,No Repair,68,68,RecentScan,71.81925,,68.0,,,,RecentScan,False,False,0,history0
naive,No Repair,69,69,BuildSnap,203.906291,,69.0,,,Probe,MarkTs,False,True,0,history0
naive,No Repair,69,69,Probe,5.991375,21.0,69.0,,,,Probe,False,False,0,history0
naive,No Repair,70,70,BuildSnap,206.890375,,70.0,,,RecentScan,MarkTs,False,True,0,history0
naive,No Repair,70,70,RecentScan,78.942667,,70.0,,,,RecentScan,False,False,0,history0
naive,No Repair,71,71,BuildSnap,216.641667,,71.0,,,Probe,MarkTs,False,True,0,history0
naive,No Repair,71,71,Probe,2.785,21.0,71.0,,,,Probe,False,False,0,history0
naive,No Repair,72,72,BuildSnap,223.4035,,72.0,,,RecentScan,MarkTs,False,True,0,history0
naive,No Repair,72,72,RecentScan,73.340833,,72.0,,,,RecentScan,False,False,0,history0
naive,No Repair,73,73,BuildSnap,215.326208,,73.0,,,Probe,MarkTs,False,True,0,history0
naive,No Repair,73,73,Probe,4.581292,21.0,73.0,,,,Probe,False,False,0,history0
naive,No Repair,74,74,BuildSnap,209.964959,,74.0,,,Probe,MarkTs,False,True,0,history0
naive,No Repair,74,74,Probe,4.6375,21.0,74.0,,,,Probe,False,False,0,history0
naive,No Repair,75,75,GbgCollect,1.066459,,31.0,,,,GbgCollect,False,False,0,history0
naive,No Repair,76,76,BuildSnap,200.741166,,76.0,,,RecentScan,MarkTs,False,True,0,history0
naive,No Repair,76,76,RecentScan,77.728041,,76.0,,,,RecentScan,False,False,0,history0
naive,No Repair,77,77,BuildSnap,227.175666,,77.0,,,RecentScan,MarkTs,False,True,0,history0
naive,No Repair,77,77,RecentScan,71.521333,,77.0,,,,RecentScan,False,False,0,history0
naive,No Repair,78,78,BuildSnap,221.883792,,78.0,,,RecentScan,MarkTs,False,True,0,history0
naive,No Repair,78,78,RecentScan,74.352333,,78.0,,,,RecentScan,False,False,0,history0
naive,No Repair,79,79,BuildSnap,203.518125,,79.0,,,RecentScan,MarkTs,False,True,0,history0
naive,No Repair,79,79,RecentScan,70.5675,,79.0,,,,RecentScan,False,False,0,history0
naive,No Repair,80,80,BuildSnap,193.743625,,80.0,,,Probe,MarkTs,False,True,0,history0
naive,No Repair,80,80,Probe,2.63275,21.0,80.0,,,,Probe,False,False,0,history0
naive,No Repair,81,81,Update,0.0,21.0,,,,,Update,False,False,0,history0
naive,No Repair,82,82,BuildSnap,0.0,,82.0,,,,MarkTs,False,False,0,history0
naive,No Repair,83,83,Update,0.0,21.0,,,,,Update,False,False,0,history0
naive,No Repair,84,84,BuildSnap,203.614334,,84.0,,,RecentScan,MarkTs,False,True,0,history0
naive,No Repair,84,84,RecentScan,70.431584,,84.0,,,,RecentScan,False,False,0,history0
naive,No Repair,85,85,BuildSnap,210.266042,,85.0,,,RecentScan,MarkTs,False,True,0,history0
naive,No Repair,85,85,RecentScan,67.827292,,85.0,,,,RecentScan,False,False,0,history0
naive,No Repair,86,86,BuildSnap,216.786375,,86.0,,,Probe,MarkTs,False,True,0,history0
naive,No Repair,86,86,Probe,4.361333,21.0,86.0,,,,Probe,False,False,0,history0
naive,No Repair,87,87,BuildSnap,221.67225,,87.0,,,RecentScan,MarkTs,False,True,0,history0
naive,No Repair,87,87,RecentScan,74.302416,,87.0,,,,RecentScan,False,False,0,history0
naive,No Repair,88,88,BuildSnap,219.999459,,88.0,,,Probe,MarkTs,False,True,0,history0
naive,No Repair,88,88,Probe,3.547917,21.0,88.0,,,,Probe,False,False,0,history0
naive,No Repair,89,89,BuildSnap,211.945208,,89.0,,,Probe,MarkTs,False,True,0,history0
naive,No Repair,89,89,Probe,4.711833,21.0,89.0,,,,Probe,False,False,0,history0
naive,No Repair,90,90,BuildSnap,195.776542,,90.0,,,RecentScan,MarkTs,False,True,0,history0
naive,No Repair,90,90,RecentScan,76.155958,,90.0,,,,RecentScan,False,False,0,history0
naive,No Repair,91,91,Update,0.0,21.0,,,,,Update,False,False,0,history0
naive,No Repair,92,92,BuildSnap,0.0,,92.0,,,,MarkTs,False,False,0,history0
naive,No Repair,93,93,BuildSnap,194.431916,,93.0,,,Probe,MarkTs,False,True,0,history0
naive,No Repair,93,93,Probe,2.338,21.0,93.0,,,,Probe,False,False,0,history0
naive,No Repair,94,94,BuildSnap,204.839375,,94.0,,,RecentScan,MarkTs,False,True,0,history0
naive,No Repair,94,94,RecentScan,76.635709,,94.0,,,,RecentScan,False,False,0,history0
naive,No Repair,95,95,Update,0.0,21.0,,,,,Update,False,False,0,history0
naive,No Repair,96,96,BuildSnap,212.82675,,96.0,,,RecentScan,MarkTs,False,True,0,history0
naive,No Repair,96,96,RecentScan,78.646792,,96.0,,,,RecentScan,False,False,0,history0
naive,No Repair,97,97,BuildSnap,198.878292,,97.0,,,Probe,MarkTs,False,True,0,history0
naive,No Repair,97,97,Probe,3.22675,21.0,97.0,,,,Probe,False,False,0,history0
naive,No Repair,98,98,BuildSnap,204.431375,,98.0,,,Probe,MarkTs,False,True,0,history0
naive,No Repair,98,98,Probe,4.248333,21.0,98.0,,,,Probe,False,False,0,history0
naive,No Repair,99,99,BuildSnap,204.833417,,99.0,,,RecentScan,MarkTs,False,True,0,history0
naive,No Repair,99,99,RecentScan,68.68475,,99.0,,,,RecentScan,False,False,0,history0
naive,No Repair,100,100,BuildSnap,184.547875,,100.0,,,Probe,MarkTs,False,True,0,history0
naive,No Repair,100,100,Probe,2.673792,21.0,100.0,,,,Probe,False,False,0,history0
naive,No Repair,101,101,BuildSnap,200.895541,,101.0,,,RecentScan,MarkTs,False,True,0,history0
naive,No Repair,101,101,RecentScan,72.784917,,101.0,,,,RecentScan,False,False,0,history0
naive,No Repair,102,102,BuildSnap,206.097667,,102.0,,,Probe,MarkTs,False,True,0,history0
naive,No Repair,102,102,Probe,4.338334,21.0,102.0,,,,Probe,False,False,0,history0
naive,No Repair,103,103,BuildSnap,209.09875,,103.0,,,RecentScan,MarkTs,False,True,0,history0
naive,No Repair,103,103,RecentScan,68.55425,,103.0,,,,RecentScan,False,False,0,history0
naive,No Repair,104,104,Update,0.0,21.0,,,,,Update,False,False,0,history0
naive,No Repair,105,105,BuildSnap,0.0,,105.0,,,,MarkTs,False,False,0,history0
naive,No Repair,106,106,BuildSnap,193.809375,,106.0,,,Probe,MarkTs,False,True,0,history0
naive,No Repair,106,106,Probe,2.047041,21.0,106.0,,,,Probe,False,False,0,history0
naive,No Repair,107,107,Update,0.0,21.0,,,,,Update,False,False,0,history0
naive,No Repair,108,108,BuildSnap,205.758,,108.0,,,Probe,MarkTs,False,True,0,history0
naive,No Repair,108,108,Probe,3.648125,21.0,108.0,,,,Probe,False,False,0,history0
naive,No Repair,109,109,Update,0.0,21.0,,,,,Update,False,False,0,history0
naive,No Repair,110,110,BuildSnap,0.0,,110.0,,,,MarkTs,False,False,0,history0
naive,No Repair,111,111,BuildSnap,189.676625,,111.0,,,Probe,MarkTs,False,True,0,history0
naive,No Repair,111,111,Probe,2.353542,21.0,111.0,,,,Probe,False,False,0,history0
naive,No Repair,112,112,BuildSnap,205.336791,,112.0,,,RecentScan,MarkTs,False,True,0,history0
naive,No Repair,112,112,RecentScan,84.683333,,112.0,,,,RecentScan,False,False,0,history0
naive,No Repair,113,113,BuildSnap,195.972583,,113.0,,,Probe,MarkTs,False,True,0,history0
naive,No Repair,113,113,Probe,3.478875,21.0,113.0,,,,Probe,False,False,0,history0
naive,No Repair,114,114,BuildSnap,199.338292,,114.0,,,RecentScan,MarkTs,False,True,0,history0
naive,No Repair,114,114,RecentScan,76.236625,,114.0,,,,RecentScan,False,False,0,history0
naive,No Repair,115,115,BuildSnap,206.43175,,115.0,,,RecentScan,MarkTs,False,True,0,history0
naive,No Repair,115,115,RecentScan,70.943416,,115.0,,,,RecentScan,False,False,0,history0
naive,No Repair,116,116,BuildSnap,221.307125,,116.0,,,Probe,MarkTs,False,True,0,history0
naive,No Repair,116,116,Probe,2.592833,21.0,116.0,,,,Probe,False,False,0,history0
naive,No Repair,117,117,BuildSnap,195.518333,,117.0,,,RecentScan,MarkTs,False,True,0,history0
naive,No Repair,117,117,RecentScan,69.089917,,117.0,,,,RecentScan,False,False,0,history0
naive,No Repair,0,0,InitLoad,2.832042,210000.0,,,,,InitLoad,False,False,1,history0
naive,No Repair,1,1,BuildSnap,0.0,,1.0,,,,MarkTs,False,False,1,history0
naive,No Repair,2,2,Update,0.0,21.0,,,,,Update,False,False,1,history0
naive,No Repair,3,3,BuildSnap,0.0,,3.0,,,,MarkTs,False,False,1,history0
naive,No Repair,4,4,BuildSnap,153.533708,,4.0,,,RecentScan,MarkTs,False,True,1,history0
naive,No Repair,4,4,RecentScan,61.628875,,4.0,,,,RecentScan,False,False,1,history0
naive,No Repair,5,5,Update,0.0,21.0,,,,,Update,False,False,1,history0
naive,No Repair,6,6,BuildSnap,151.773709,,6.0,,,RecentScan,MarkTs,False,True,1,history0
naive,No Repair,6,6,RecentScan,59.822375,,6.0,,,,RecentScan,False,False,1,history0
naive,No Repair,7,7,BuildSnap,151.796625,,1.0,,,HistoryScan,MarkTs,True,False,1,history0
naive,No Repair,7,7,HistoryScan,62.3385,,1.0,,,,HistoryScan,True,False,1,history0
naive,No Repair,8,8,Update,0.0,21.0,,,,,Update,False,False,1,history0
naive,No Repair,9,9,BuildSnap,0.0,,9.0,,,,MarkTs,False,False,1,history0
naive,No Repair,10,10,BuildSnap,156.08975,,10.0,,,RecentScan,MarkTs,False,True,1,history0
naive,No Repair,10,10,RecentScan,64.635458,,10.0,,,,RecentScan,False,False,1,history0
naive,No Repair,11,11,Update,0.0,21.0,,,,,Update,False,False,1,history0
naive,No Repair,12,12,BuildSnap,161.111167,,12.0,,,RecentScan,MarkTs,False,True,1,history0
naive,No Repair,12,12,RecentScan,61.412584,,12.0,,,,RecentScan,False,False,1,history0
naive,No Repair,13,13,BuildSnap,158.281375,,13.0,,,RecentScan,MarkTs,False,True,1,history0
naive,No Repair,13,13,RecentScan,63.139333,,13.0,,,,RecentScan,False,False,1,history0
naive,No Repair,14,14,BuildSnap,166.435792,,14.0,,,Probe,MarkTs,False,True,1,history0
naive,No Repair,14,14,Probe,1.582,21.0,14.0,,,,Probe,False,False,1,history0
naive,No Repair,15,15,GbgCollect,0.084792,,1.0,,,,GbgCollect,False,False,1,history0
naive,No Repair,16,16,Update,0.0,21.0,,,,,Update,False,False,1,history0
naive,No Repair,17,17,BuildSnap,0.0,,17.0,,,,MarkTs,False,False,1,history0
naive,No Repair,18,18,Update,0.0,21.0,,,,,Update,False,False,1,history0
naive,No Repair,19,19,BuildSnap,168.356292,,19.0,,,Probe,MarkTs,False,True,1,history0
naive,No Repair,19,19,Probe,2.6835,21.0,19.0,,,,Probe,False,False,1,history0
naive,No Repair,20,20,BuildSnap,167.813625,,20.0,,,RecentScan,MarkTs,False,True,1,history0
naive,No Repair,20,20,RecentScan,63.354,,20.0,,,,RecentScan,False,False,1,history0
naive,No Repair,21,21,BuildSnap,166.452959,,21.0,,,RecentScan,MarkTs,False,True,1,history0
naive,No Repair,21,21,RecentScan,63.262875,,21.0,,,,RecentScan,False,False,1,history0
naive,No Repair,22,22,BuildSnap,165.225334,,22.0,,,RecentScan,MarkTs,False,True,1,history0
naive,No Repair,22,22,RecentScan,63.553583,,22.0,,,,RecentScan,False,False,1,history0
naive,No Repair,23,23,BuildSnap,162.663541,,23.0,,,Probe,MarkTs,False,True,1,history0
naive,No Repair,23,23,Probe,2.195916,21.0,23.0,,,,Probe,False,False,1,history0
naive,No Repair,24,24,BuildSnap,168.304459,,24.0,,,Probe,MarkTs,False,True,1,history0
naive,No Repair,24,24,Probe,2.393958,21.0,24.0,,,,Probe,False,False,1,history0
naive,No Repair,25,25,BuildSnap,166.563541,,25.0,,,Probe,MarkTs,False,True,1,history0
naive,No Repair,25,25,Probe,3.653458,21.0,25.0,,,,Probe,False,False,1,history0
naive,No Repair,26,26,BuildSnap,166.686959,,26.0,,,RecentScan,MarkTs,False,True,1,history0
naive,No Repair,26,26,RecentScan,63.846542,,26.0,,,,RecentScan,False,False,1,history0
naive,No Repair,27,27,BuildSnap,165.961125,,27.0,,,Probe,MarkTs,False,True,1,history0
naive,No Repair,27,27,Probe,3.408334,21.0,27.0,,,,Probe,False,False,1,history0
naive,No Repair,28,28,GbgCollect,0.0,,3.0,,,,GbgCollect,False,False,1,history0
naive,No Repair,29,29,BuildSnap,168.896375,,29.0,,,RecentScan,MarkTs,False,True,1,history0
naive,No Repair,29,29,RecentScan,63.055959,,29.0,,,,RecentScan,False,False,1,history0
naive,No Repair,30,30,Update,0.0,21.0,,,,,Update,False,False,1,history0
naive,No Repair,31,31,BuildSnap,0.0,,31.0,,,,MarkTs,False,False,1,history0
naive,No Repair,32,32,BuildSnap,166.123334,,32.0,,,Probe,MarkTs,False,True,1,history0
naive,No Repair,32,32,Probe,1.752083,21.0,32.0,,,,Probe,False,False,1,history0
naive,No Repair,33,33,BuildSnap,179.240833,,33.0,,,Probe,MarkTs,False,True,1,history0
naive,No Repair,33,33,Probe,3.590625,21.0,33.0,,,,Probe,False,False,1,history0
naive,No Repair,34,34,Update,0.0,21.0,,,,,Update,False,False,1,history0
naive,No Repair,35,35,BuildSnap,167.289584,,35.0,,,RecentScan,MarkTs,False,True,1,history0
naive,No Repair,35,35,RecentScan,63.323375,,35.0,,,,RecentScan,False,False,1,history0
naive,No Repair,36,36,BuildSnap,165.483208,,36.0,,,RecentScan,MarkTs,False,True,1,history0
naive,No Repair,36,36,RecentScan,63.071083,,36.0,,,,RecentScan,False,False,1,history0
naive,No Repair,37,37,Update,0.0,21.0,,,,,Update,False,False,1,history0
naive,No Repair,38,38,BuildSnap,0.0,,38.0,,,,MarkTs,False,False,1,history0
naive,No Repair,39,39,GbgCollect,0.239875,,9.0,,,,GbgCollect,False,False,1,history0
naive,No Repair,40,40,BuildSnap,165.316666,,40.0,,,Probe,MarkTs,False,True,1,history0
naive,No Repair,40,40,Probe,4.310125,21.0,40.0,,,,Probe,False,False,1,history0
naive,No Repair,41,41,Update,0.0,21.0,,,,,Update,False,False,1,history0
naive,No Repair,42,42,BuildSnap,174.203875,,42.0,,,RecentScan,MarkTs,False,True,1,history0
naive,No Repair,42,42,RecentScan,65.40775,,42.0,,,,RecentScan,False,False,1,history0
naive,No Repair,43,43,BuildSnap,167.370917,,43.0,,,Probe,MarkTs,False,True,1,history0
naive,No Repair,43,43,Probe,1.623458,21.0,43.0,,,,Probe,False,False,1,history0
naive,No Repair,44,44,BuildSnap,163.773666,,44.0,,,Probe,MarkTs,False,True,1,history0
naive,No Repair,44,44,Probe,4.368625,21.0,44.0,,,,Probe,False,False,1,history0
naive,No Repair,45,45,Update,0.0,21.0,,,,,Update,False,False,1,history0
naive,No Repair,46,46,BuildSnap,0.0,,46.0,,,,MarkTs,False,False,1,history0
naive,No Repair,47,47,BuildSnap,169.775458,,47.0,,,Probe,MarkTs,False,True,1,history0
naive,No Repair,47,47,Probe,3.523375,21.0,47.0,,,,Probe,False,False,1,history0
naive,No Repair,48,48,BuildSnap,167.297833,,48.0,,,RecentScan,MarkTs,False,True,1,history0
naive,No Repair,48,48,RecentScan,64.439208,,48.0,,,,RecentScan,False,False,1,history0
naive,No Repair,49,49,BuildSnap,171.600709,,49.0,,,RecentScan,MarkTs,False,True,1,history0
naive,No Repair,49,49,RecentScan,64.763875,,49.0,,,,RecentScan,False,False,1,history0
naive,No Repair,50,50,BuildSnap,168.675416,,50.0,,,Probe,MarkTs,False,True,1,history0
naive,No Repair,50,50,Probe,4.103291,21.0,50.0,,,,Probe,False,False,1,history0
naive,No Repair,51,51,BuildSnap,174.845625,,51.0,,,RecentScan,MarkTs,False,True,1,history0
naive,No Repair,51,51,RecentScan,63.837458,,51.0,,,,RecentScan,False,False,1,history0
naive,No Repair,52,52,Update,0.0,21.0,,,,,Update,False,False,1,history0
naive,No Repair,53,53,Update,0.0,21.0,,,,,Update,False,False,1,history0
naive,No Repair,54,54,BuildSnap,0.0,,54.0,,,,MarkTs,False,False,1,history0
naive,No Repair,55,55,BuildSnap,169.416125,,55.0,,,RecentScan,MarkTs,False,True,1,history0
naive,No Repair,55,55,RecentScan,63.7315,,55.0,,,,RecentScan,False,False,1,history0
naive,No Repair,56,56,Update,0.0,21.0,,,,,Update,False,False,1,history0
naive,No Repair,57,57,BuildSnap,169.633375,,57.0,,,Probe,MarkTs,False,True,1,history0
naive,No Repair,57,57,Probe,3.556459,21.0,57.0,,,,Probe,False,False,1,history0
naive,No Repair,58,58,BuildSnap,173.305,,58.0,,,RecentScan,MarkTs,False,True,1,history0
naive,No Repair,58,58,RecentScan,64.15675,,58.0,,,,RecentScan,False,False,1,history0
naive,No Repair,59,59,BuildSnap,173.663833,,59.0,,,Probe,MarkTs,False,True,1,history0
naive,No Repair,59,59,Probe,6.193959,21.0,59.0,,,,Probe,False,False,1,history0
naive,No Repair,60,60,BuildSnap,172.822459,,60.0,,,RecentScan,MarkTs,False,True,1,history0
naive,No Repair,60,60,RecentScan,67.455292,,60.0,,,,RecentScan,False,False,1,history0
naive,No Repair,61,61,BuildSnap,161.141417,,61.0,,,RecentScan,MarkTs,False,True,1,history0
naive,No Repair,61,61,RecentScan,67.801667,,61.0,,,,RecentScan,False,False,1,history0
naive,No Repair,62,62,BuildSnap,161.417292,,62.0,,,Probe,MarkTs,False,True,1,history0
naive,No Repair,62,62,Probe,2.698625,21.0,62.0,,,,Probe,False,False,1,history0
naive,No Repair,63,63,BuildSnap,161.55275,,63.0,,,Probe,MarkTs,False,True,1,history0
naive,No Repair,63,63,Probe,2.898167,21.0,63.0,,,,Probe,False,False,1,history0
naive,No Repair,64,64,BuildSnap,164.424917,,64.0,,,Probe,MarkTs,False,True,1,history0
naive,No Repair,64,64,Probe,3.887417,21.0,64.0,,,,Probe,False,False,1,history0
naive,No Repair,65,65,BuildSnap,160.444667,,65.0,,,Probe,MarkTs,False,True,1,history0
naive,No Repair,65,65,Probe,4.155208,21.0,65.0,,,,Probe,False,False,1,history0
naive,No Repair,66,66,GbgCollect,0.3455,,17.0,,,,GbgCollect,False,False,1,history0
naive,No Repair,67,67,BuildSnap,160.272167,,67.0,,,Probe,MarkTs,False,True,1,history0
naive,No Repair,67,67,Probe,3.662083,21.0,67.0,,,,Probe,False,False,1,history0
naive,No Repair,68,68,BuildSnap,159.718625,,68.0,,,RecentScan,MarkTs,False,True,1,history0
naive,No Repair,68,68,RecentScan,68.00975,,68.0,,,,RecentScan,False,False,1,history0
naive,No Repair,69,69,BuildSnap,163.044667,,69.0,,,Probe,MarkTs,False,True,1,history0
naive,No Repair,69,69,Probe,5.595708,21.0,69.0,,,,Probe,False,False,1,history0
naive,No Repair,70,70,BuildSnap,209.729,,70.0,,,RecentScan,MarkTs,False,True,1,history0
naive,No Repair,70,70,RecentScan,69.923958,,70.0,,,,RecentScan,False,False,1,history0
naive,No Repair,71,71,BuildSnap,199.420916,,71.0,,,Probe,MarkTs,False,True,1,history0
naive,No Repair,71,71,Probe,3.0085,21.0,71.0,,,,Probe,False,False,1,history0
naive,No Repair,72,72,BuildSnap,204.671208,,72.0,,,RecentScan,MarkTs,False,True,1,history0
naive,No Repair,72,72,RecentScan,77.467583,,72.0,,,,RecentScan,False,False,1,history0
naive,No Repair,73,73,BuildSnap,216.529875,,73.0,,,Probe,MarkTs,False,True,1,history0
naive,No Repair,73,73,Probe,4.977458,21.0,73.0,,,,Probe,False,False,1,history0
naive,No Repair,74,74,BuildSnap,212.29525,,74.0,,,Probe,MarkTs,False,True,1,history0
naive,No Repair,74,74,Probe,4.761541,21.0,74.0,,,,Probe,False,False,1,history0
naive,No Repair,75,75,GbgCollect,1.082417,,31.0,,,,GbgCollect,False,False,1,history0
naive,No Repair,76,76,BuildSnap,214.455666,,76.0,,,RecentScan,MarkTs,False,True,1,history0
naive,No Repair,76,76,RecentScan,68.532541,,76.0,,,,RecentScan,False,False,1,history0
naive,No Repair,77,77,BuildSnap,210.91075,,77.0,,,RecentScan,MarkTs,False,True,1,history0
naive,No Repair,77,77,RecentScan,78.276375,,77.0,,,,RecentScan,False,False,1,history0
naive,No Repair,78,78,BuildSnap,212.318792,,78.0,,,RecentScan,MarkTs,False,True,1,history0
naive,No Repair,78,78,RecentScan,75.074958,,78.0,,,,RecentScan,False,False,1,history0
naive,No Repair,79,79,BuildSnap,207.024792,,79.0,,,RecentScan,MarkTs,False,True,1,history0
naive,No Repair,79,79,RecentScan,74.088875,,79.0,,,,RecentScan,False,False,1,history0
naive,No Repair,80,80,BuildSnap,209.799875,,80.0,,,Probe,MarkTs,False,True,1,history0
naive,No Repair,80,80,Probe,2.890666,21.0,80.0,,,,Probe,False,False,1,history0
naive,No Repair,81,81,Update,0.0,21.0,,,,,Update,False,False,1,history0
naive,No Repair,82,82,BuildSnap,0.0,,82.0,,,,MarkTs,False,False,1,history0
naive,No Repair,83,83,Update,0.0,21.0,,,,,Update,False,False,1,history0
naive,No Repair,84,84,BuildSnap,214.156333,,84.0,,,RecentScan,MarkTs,False,True,1,history0
naive,No Repair,84,84,RecentScan,79.389167,,84.0,,,,RecentScan,False,False,1,history0
naive,No Repair,85,85,BuildSnap,240.491125,,85.0,,,RecentScan,MarkTs,False,True,1,history0
naive,No Repair,85,85,RecentScan,70.194834,,85.0,,,,RecentScan,False,False,1,history0
naive,No Repair,86,86,BuildSnap,194.813792,,86.0,,,Probe,MarkTs,False,True,1,history0
naive,No Repair,86,86,Probe,3.484542,21.0,86.0,,,,Probe,False,False,1,history0
naive,No Repair,87,87,BuildSnap,198.879291,,87.0,,,RecentScan,MarkTs,False,True,1,history0
naive,No Repair,87,87,RecentScan,72.326625,,87.0,,,,RecentScan,False,False,1,history0
naive,No Repair,88,88,BuildSnap,203.579375,,88.0,,,Probe,MarkTs,False,True,1,history0
naive,No Repair,88,88,Probe,3.325833,21.0,88.0,,,,Probe,False,False,1,history0
naive,No Repair,89,89,BuildSnap,235.900167,,89.0,,,Probe,MarkTs,False,True,1,history0
naive,No Repair,89,89,Probe,3.962916,21.0,89.0,,,,Probe,False,False,1,history0
naive,No Repair,90,90,BuildSnap,224.57325,,90.0,,,RecentScan,MarkTs,False,True,1,history0
naive,No Repair,90,90,RecentScan,88.308667,,90.0,,,,RecentScan,False,False,1,history0
naive,No Repair,91,91,Update,0.0,21.0,,,,,Update,False,False,1,history0
naive,No Repair,92,92,BuildSnap,0.0,,92.0,,,,MarkTs,False,False,1,history0
naive,No Repair,93,93,BuildSnap,200.563166,,93.0,,,Probe,MarkTs,False,True,1,history0
naive,No Repair,93,93,Probe,2.132959,21.0,93.0,,,,Probe,False,False,1,history0
naive,No Repair,94,94,BuildSnap,197.934708,,94.0,,,RecentScan,MarkTs,False,True,1,history0
naive,No Repair,94,94,RecentScan,76.213375,,94.0,,,,RecentScan,False,False,1,history0
naive,No Repair,95,95,Update,0.0,21.0,,,,,Update,False,False,1,history0
naive,No Repair,96,96,BuildSnap,209.117041,,96.0,,,RecentScan,MarkTs,False,True,1,history0
naive,No Repair,96,96,RecentScan,74.39975,,96.0,,,,RecentScan,False,False,1,history0
naive,No Repair,97,97,BuildSnap,200.3725,,97.0,,,Probe,MarkTs,False,True,1,history0
naive,No Repair,97,97,Probe,2.645667,21.0,97.0,,,,Probe,False,False,1,history0
naive,No Repair,98,98,BuildSnap,192.6275,,98.0,,,Probe,MarkTs,False,True,1,history0
naive,No Repair,98,98,Probe,4.551042,21.0,98.0,,,,Probe,False,False,1,history0
naive,No Repair,99,99,BuildSnap,208.513084,,99.0,,,RecentScan,MarkTs,False,True,1,history0
naive,No Repair,99,99,RecentScan,74.481041,,99.0,,,,RecentScan,False,False,1,history0
naive,No Repair,100,100,BuildSnap,203.804333,,100.0,,,Probe,MarkTs,False,True,1,history0
naive,No Repair,100,100,Probe,2.930875,21.0,100.0,,,,Probe,False,False,1,history0
naive,No Repair,101,101,BuildSnap,204.809875,,101.0,,,RecentScan,MarkTs,False,True,1,history0
naive,No Repair,101,101,RecentScan,77.314917,,101.0,,,,RecentScan,False,False,1,history0
naive,No Repair,102,102,BuildSnap,199.017833,,102.0,,,Probe,MarkTs,False,True,1,history0
naive,No Repair,102,102,Probe,4.927042,21.0,102.0,,,,Probe,False,False,1,history0
naive,No Repair,103,103,BuildSnap,202.6615,,103.0,,,RecentScan,MarkTs,False,True,1,history0
naive,No Repair,103,103,RecentScan,80.500459,,103.0,,,,RecentScan,False,False,1,history0
naive,No Repair,104,104,Update,0.0,21.0,,,,,Update,False,False,1,history0
naive,No Repair,105,105,BuildSnap,0.0,,105.0,,,,MarkTs,False,False,1,history0
naive,No Repair,106,106,BuildSnap,201.420917,,106.0,,,Probe,MarkTs,False,True,1,history0
naive,No Repair,106,106,Probe,3.117709,21.0,106.0,,,,Probe,False,False,1,history0
naive,No Repair,107,107,Update,0.0,21.0,,,,,Update,False,False,1,history0
naive,No Repair,108,108,BuildSnap,202.907708,,108.0,,,Probe,MarkTs,False,True,1,history0
naive,No Repair,108,108,Probe,3.886459,21.0,108.0,,,,Probe,False,False,1,history0
naive,No Repair,109,109,Update,0.0,21.0,,,,,Update,False,False,1,history0
naive,No Repair,110,110,BuildSnap,0.0,,110.0,,,,MarkTs,False,False,1,history0
naive,No Repair,111,111,BuildSnap,204.06275,,111.0,,,Probe,MarkTs,False,True,1,history0
naive,No Repair,111,111,Probe,3.111292,21.0,111.0,,,,Probe,False,False,1,history0
naive,No Repair,112,112,BuildSnap,200.722959,,112.0,,,RecentScan,MarkTs,False,True,1,history0
naive,No Repair,112,112,RecentScan,70.970583,,112.0,,,,RecentScan,False,False,1,history0
naive,No Repair,113,113,BuildSnap,198.735792,,113.0,,,Probe,MarkTs,False,True,1,history0
naive,No Repair,113,113,Probe,3.816708,21.0,113.0,,,,Probe,False,False,1,history0
naive,No Repair,114,114,BuildSnap,200.138375,,114.0,,,RecentScan,MarkTs,False,True,1,history0
naive,No Repair,114,114,RecentScan,74.298125,,114.0,,,,RecentScan,False,False,1,history0
naive,No Repair,115,115,BuildSnap,200.907583,,115.0,,,RecentScan,MarkTs,False,True,1,history0
naive,No Repair,115,115,RecentScan,72.605042,,115.0,,,,RecentScan,False,False,1,history0
naive,No Repair,116,116,BuildSnap,189.598375,,116.0,,,Probe,MarkTs,False,True,1,history0
naive,No Repair,116,116,Probe,2.605708,21.0,116.0,,,,Probe,False,False,1,history0
naive,No Repair,117,117,BuildSnap,202.682542,,117.0,,,RecentScan,MarkTs,False,True,1,history0
naive,No Repair,117,117,RecentScan,80.969333,,117.0,,,,RecentScan,False,False,1,history0
naive,No Repair,0,0,InitLoad,2.81325,210000.0,,,,,InitLoad,False,False,3,history0
naive,No Repair,1,1,BuildSnap,0.0,,1.0,,,,MarkTs,False,False,3,history0
naive,No Repair,2,2,Update,0.0,21.0,,,,,Update,False,False,3,history0
naive,No Repair,3,3,BuildSnap,0.0,,3.0,,,,MarkTs,False,False,3,history0
naive,No Repair,4,4,BuildSnap,152.379542,,4.0,,,RecentScan,MarkTs,False,True,3,history0
naive,No Repair,4,4,RecentScan,55.673625,,4.0,,,,RecentScan,False,False,3,history0
naive,No Repair,5,5,Update,0.0,21.0,,,,,Update,False,False,3,history0
naive,No Repair,6,6,BuildSnap,151.394833,,6.0,,,RecentScan,MarkTs,False,True,3,history0
naive,No Repair,6,6,RecentScan,55.855375,,6.0,,,,RecentScan,False,False,3,history0
naive,No Repair,7,7,BuildSnap,152.48125,,1.0,,,HistoryScan,MarkTs,True,False,3,history0
naive,No Repair,7,7,HistoryScan,56.707084,,1.0,,,,HistoryScan,True,False,3,history0
naive,No Repair,8,8,Update,0.0,21.0,,,,,Update,False,False,3,history0
naive,No Repair,9,9,BuildSnap,0.0,,9.0,,,,MarkTs,False,False,3,history0
naive,No Repair,10,10,BuildSnap,158.014708,,10.0,,,RecentScan,MarkTs,False,True,3,history0
naive,No Repair,10,10,RecentScan,60.550208,,10.0,,,,RecentScan,False,False,3,history0
naive,No Repair,11,11,Update,0.0,21.0,,,,,Update,False,False,3,history0
naive,No Repair,12,12,BuildSnap,163.127959,,12.0,,,RecentScan,MarkTs,False,True,3,history0
naive,No Repair,12,12,RecentScan,66.724375,,12.0,,,,RecentScan,False,False,3,history0
naive,No Repair,13,13,BuildSnap,174.091,,13.0,,,RecentScan,MarkTs,False,True,3,history0
naive,No Repair,13,13,RecentScan,62.804917,,13.0,,,,RecentScan,False,False,3,history0
naive,No Repair,14,14,BuildSnap,167.276708,,14.0,,,Probe,MarkTs,False,True,3,history0
naive,No Repair,14,14,Probe,1.465041,21.0,14.0,,,,Probe,False,False,3,history0
naive,No Repair,15,15,GbgCollect,0.085375,,1.0,,,,GbgCollect,False,False,3,history0
naive,No Repair,16,16,Update,0.0,21.0,,,,,Update,False,False,3,history0
naive,No Repair,17,17,BuildSnap,0.0,,17.0,,,,MarkTs,False,False,3,history0
naive,No Repair,18,18,Update,0.0,21.0,,,,,Update,False,False,3,history0
naive,No Repair,19,19,BuildSnap,175.723208,,19.0,,,Probe,MarkTs,False,True,3,history0
naive,No Repair,19,19,Probe,3.657708,21.0,19.0,,,,Probe,False,False,3,history0
naive,No Repair,20,20,BuildSnap,177.463208,,20.0,,,RecentScan,MarkTs,False,True,3,history0
naive,No Repair,20,20,RecentScan,66.5895,,20.0,,,,RecentScan,False,False,3,history0
naive,No Repair,21,21,BuildSnap,170.471834,,21.0,,,RecentScan,MarkTs,False,True,3,history0
naive,No Repair,21,21,RecentScan,66.223375,,21.0,,,,RecentScan,False,False,3,history0
naive,No Repair,22,22,BuildSnap,176.088291,,22.0,,,RecentScan,MarkTs,False,True,3,history0
naive,No Repair,22,22,RecentScan,61.627709,,22.0,,,,RecentScan,False,False,3,history0
naive,No Repair,23,23,BuildSnap,173.213333,,23.0,,,Probe,MarkTs,False,True,3,history0
naive,No Repair,23,23,Probe,2.336333,21.0,23.0,,,,Probe,False,False,3,history0
naive,No Repair,24,24,BuildSnap,161.918625,,24.0,,,Probe,MarkTs,False,True,3,history0
naive,No Repair,24,24,Probe,2.2345,21.0,24.0,,,,Probe,False,False,3,history0
naive,No Repair,25,25,BuildSnap,176.3905,,25.0,,,Probe,MarkTs,False,True,3,history0
naive,No Repair,25,25,Probe,3.229292,21.0,25.0,,,,Probe,False,False,3,history0
naive,No Repair,26,26,BuildSnap,172.50075,,26.0,,,RecentScan,MarkTs,False,True,3,history0
naive,No Repair,26,26,RecentScan,61.134041,,26.0,,,,RecentScan,False,False,3,history0
naive,No Repair,27,27,BuildSnap,157.116584,,27.0,,,Probe,MarkTs,False,True,3,history0
naive,No Repair,27,27,Probe,3.475958,21.0,27.0,,,,Probe,False,False,3,history0
naive,No Repair,28,28,GbgCollect,0.0,,3.0,,,,GbgCollect,False,False,3,history0
naive,No Repair,29,29,BuildSnap,170.436292,,29.0,,,RecentScan,MarkTs,False,True,3,history0
naive,No Repair,29,29,RecentScan,62.940417,,29.0,,,,RecentScan,False,False,3,history0
naive,No Repair,30,30,Update,0.0,21.0,,,,,Update,False,False,3,history0
naive,No Repair,31,31,BuildSnap,0.0,,31.0,,,,MarkTs,False,False,3,history0
naive,No Repair,32,32,BuildSnap,167.35125,,32.0,,,Probe,MarkTs,False,True,3,history0
naive,No Repair,32,32,Probe,1.645792,21.0,32.0,,,,Probe,False,False,3,history0
naive,No Repair,33,33,BuildSnap,167.171459,,33.0,,,Probe,MarkTs,False,True,3,history0
naive,No Repair,33,33,Probe,3.500584,21.0,33.0,,,,Probe,False,False,3,history0
naive,No Repair,34,34,Update,0.0,21.0,,,,,Update,False,False,3,history0
naive,No Repair,35,35,BuildSnap,166.968792,,35.0,,,RecentScan,MarkTs,False,True,3,history0
naive,No Repair,35,35,RecentScan,64.04025,,35.0,,,,RecentScan,False,False,3,history0
naive,No Repair,36,36,BuildSnap,174.741875,,36.0,,,RecentScan,MarkTs,False,True,3,history0
naive,No Repair,36,36,RecentScan,64.396083,,36.0,,,,RecentScan,False,False,3,history0
naive,No Repair,37,37,Update,0.0,21.0,,,,,Update,False,False,3,history0
naive,No Repair,38,38,BuildSnap,0.0,,38.0,,,,MarkTs,False,False,3,history0
naive,No Repair,39,39,GbgCollect,0.344916,,9.0,,,,GbgCollect,False,False,3,history0
naive,No Repair,40,40,BuildSnap,162.541,,40.0,,,Probe,MarkTs,False,True,3,history0
naive,No Repair,40,40,Probe,5.181625,21.0,40.0,,,,Probe,False,False,3,history0
naive,No Repair,41,41,Update,0.0,21.0,,,,,Update,False,False,3,history0
naive,No Repair,42,42,BuildSnap,168.762792,,42.0,,,RecentScan,MarkTs,False,True,3,history0
naive,No Repair,42,42,RecentScan,64.506084,,42.0,,,,RecentScan,False,False,3,history0
naive,No Repair,43,43,BuildSnap,163.596667,,43.0,,,Probe,MarkTs,False,True,3,history0
naive,No Repair,43,43,Probe,1.674833,21.0,43.0,,,,Probe,False,False,3,history0
naive,No Repair,44,44,BuildSnap,172.988375,,44.0,,,Probe,MarkTs,False,True,3,history0
naive,No Repair,44,44,Probe,4.669,21.0,44.0,,,,Probe,False,False,3,history0
naive,No Repair,45,45,Update,0.0,21.0,,,,,Update,False,False,3,history0
naive,No Repair,46,46,BuildSnap,0.0,,46.0,,,,MarkTs,False,False,3,history0
naive,No Repair,47,47,BuildSnap,175.224333,,47.0,,,Probe,MarkTs,False,True,3,history0
naive,No Repair,47,47,Probe,3.1925,21.0,47.0,,,,Probe,False,False,3,history0
naive,No Repair,48,48,BuildSnap,164.3715,,48.0,,,RecentScan,MarkTs,False,True,3,history0
naive,No Repair,48,48,RecentScan,65.444833,,48.0,,,,RecentScan,False,False,3,history0
naive,No Repair,49,49,BuildSnap,164.319,,49.0,,,RecentScan,MarkTs,False,True,3,history0
naive,No Repair,49,49,RecentScan,61.0565,,49.0,,,,RecentScan,False,False,3,history0
naive,No Repair,50,50,BuildSnap,174.249167,,50.0,,,Probe,MarkTs,False,True,3,history0
naive,No Repair,50,50,Probe,3.480916,21.0,50.0,,,,Probe,False,False,3,history0
naive,No Repair,51,51,BuildSnap,170.079291,,51.0,,,RecentScan,MarkTs,False,True,3,history0
naive,No Repair,51,51,RecentScan,62.7385,,51.0,,,,RecentScan,False,False,3,history0
naive,No Repair,52,52,Update,0.0,21.0,,,,,Update,False,False,3,history0
naive,No Repair,53,53,Update,0.0,21.0,,,,,Update,False,False,3,history0
naive,No Repair,54,54,BuildSnap,0.0,,54.0,,,,MarkTs,False,False,3,history0
naive,No Repair,55,55,BuildSnap,168.37975,,55.0,,,RecentScan,MarkTs,False,True,3,history0
naive,No Repair,55,55,RecentScan,63.117334,,55.0,,,,RecentScan,False,False,3,history0
naive,No Repair,56,56,Update,0.0,21.0,,,,,Update,False,False,3,history0
naive,No Repair,57,57,BuildSnap,168.585542,,57.0,,,Probe,MarkTs,False,True,3,history0
naive,No Repair,57,57,Probe,3.40475,21.0,57.0,,,,Probe,False,False,3,history0
naive,No Repair,58,58,BuildSnap,168.29975,,58.0,,,RecentScan,MarkTs,False,True,3,history0
naive,No Repair,58,58,RecentScan,62.624458,,58.0,,,,RecentScan,False,False,3,history0
naive,No Repair,59,59,BuildSnap,173.754791,,59.0,,,Probe,MarkTs,False,True,3,history0
naive,No Repair,59,59,Probe,6.402708,21.0,59.0,,,,Probe,False,False,3,history0
naive,No Repair,60,60,BuildSnap,168.775792,,60.0,,,RecentScan,MarkTs,False,True,3,history0
naive,No Repair,60,60,RecentScan,63.013417,,60.0,,,,RecentScan,False,False,3,history0
naive,No Repair,61,61,BuildSnap,170.719459,,61.0,,,RecentScan,MarkTs,False,True,3,history0
naive,No Repair,61,61,RecentScan,63.532375,,61.0,,,,RecentScan,False,False,3,history0
naive,No Repair,62,62,BuildSnap,171.0365,,62.0,,,Probe,MarkTs,False,True,3,history0
naive,No Repair,62,62,Probe,3.038208,21.0,62.0,,,,Probe,False,False,3,history0
naive,No Repair,63,63,BuildSnap,169.395375,,63.0,,,Probe,MarkTs,False,True,3,history0
naive,No Repair,63,63,Probe,3.268709,21.0,63.0,,,,Probe,False,False,3,history0
naive,No Repair,64,64,BuildSnap,171.387209,,64.0,,,Probe,MarkTs,False,True,3,history0
naive,No Repair,64,64,Probe,4.38675,21.0,64.0,,,,Probe,False,False,3,history0
naive,No Repair,65,65,BuildSnap,167.960417,,65.0,,,Probe,MarkTs,False,True,3,history0
naive,No Repair,65,65,Probe,5.125666,21.0,65.0,,,,Probe,False,False,3,history0
naive,No Repair,66,66,GbgCollect,0.365666,,17.0,,,,GbgCollect,False,False,3,history0
naive,No Repair,67,67,BuildSnap,169.187917,,67.0,,,Probe,MarkTs,False,True,3,history0
naive,No Repair,67,67,Probe,4.91725,21.0,67.0,,,,Probe,False,False,3,history0
naive,No Repair,68,68,BuildSnap,172.103167,,68.0,,,RecentScan,MarkTs,False,True,3,history0
naive,No Repair,68,68,RecentScan,68.977667,,68.0,,,,RecentScan,False,False,3,history0
naive,No Repair,69,69,BuildSnap,172.580042,,69.0,,,Probe,MarkTs,False,True,3,history0
naive,No Repair,69,69,Probe,5.916916,21.0,69.0,,,,Probe,False,False,3,history0
naive,No Repair,70,70,BuildSnap,177.48225,,70.0,,,RecentScan,MarkTs,False,True,3,history0
naive,No Repair,70,70,RecentScan,72.915375,,70.0,,,,RecentScan,False,False,3,history0
naive,No Repair,71,71,BuildSnap,205.140208,,71.0,,,Probe,MarkTs,False,True,3,history0
naive,No Repair,71,71,Probe,2.761667,21.0,71.0,,,,Probe,False,False,3,history0
naive,No Repair,72,72,BuildSnap,212.031084,,72.0,,,RecentScan,MarkTs,False,True,3,history0
naive,No Repair,72,72,RecentScan,66.821292,,72.0,,,,RecentScan,False,False,3,history0
naive,No Repair,73,73,BuildSnap,198.995791,,73.0,,,Probe,MarkTs,False,True,3,history0
naive,No Repair,73,73,Probe,4.9985,21.0,73.0,,,,Probe,False,False,3,history0
naive,No Repair,74,74,BuildSnap,221.619334,,74.0,,,Probe,MarkTs,False,True,3,history0
naive,No Repair,74,74,Probe,4.9975,21.0,74.0,,,,Probe,False,False,3,history0
naive,No Repair,75,75,GbgCollect,0.940167,,31.0,,,,GbgCollect,False,False,3,history0
naive,No Repair,76,76,BuildSnap,191.731917,,76.0,,,RecentScan,MarkTs,False,True,3,history0
naive,No Repair,76,76,RecentScan,86.462125,,76.0,,,,RecentScan,False,False,3,history0
naive,No Repair,77,77,BuildSnap,197.595458,,77.0,,,RecentScan,MarkTs,False,True,3,history0
naive,No Repair,77,77,RecentScan,65.41275,,77.0,,,,RecentScan,False,False,3,history0
naive,No Repair,78,78,BuildSnap,200.978416,,78.0,,,RecentScan,MarkTs,False,True,3,history0
naive,No Repair,78,78,RecentScan,73.2785,,78.0,,,,RecentScan,False,False,3,history0
naive,No Repair,79,79,BuildSnap,208.360166,,79.0,,,RecentScan,MarkTs,False,True,3,history0
naive,No Repair,79,79,RecentScan,82.525417,,79.0,,,,RecentScan,False,False,3,history0
naive,No Repair,80,80,BuildSnap,197.395833,,80.0,,,Probe,MarkTs,False,True,3,history0
naive,No Repair,80,80,Probe,2.559584,21.0,80.0,,,,Probe,False,False,3,history0
naive,No Repair,81,81,Update,0.0,21.0,,,,,Update,False,False,3,history0
naive,No Repair,82,82,BuildSnap,0.0,,82.0,,,,MarkTs,False,False,3,history0
naive,No Repair,83,83,Update,0.0,21.0,,,,,Update,False,False,3,history0
naive,No Repair,84,84,BuildSnap,195.055166,,84.0,,,RecentScan,MarkTs,False,True,3,history0
naive,No Repair,84,84,RecentScan,74.646709,,84.0,,,,RecentScan,False,False,3,history0
naive,No Repair,85,85,BuildSnap,234.789792,,85.0,,,RecentScan,MarkTs,False,True,3,history0
naive,No Repair,85,85,RecentScan,69.873333,,85.0,,,,RecentScan,False,False,3,history0
naive,No Repair,86,86,BuildSnap,227.933958,,86.0,,,Probe,MarkTs,False,True,3,history0
naive,No Repair,86,86,Probe,3.2355,21.0,86.0,,,,Probe,False,False,3,history0
naive,No Repair,87,87,BuildSnap,195.022833,,87.0,,,RecentScan,MarkTs,False,True,3,history0
naive,No Repair,87,87,RecentScan,80.413166,,87.0,,,,RecentScan,False,False,3,history0
naive,No Repair,88,88,BuildSnap,205.124625,,88.0,,,Probe,MarkTs,False,True,3,history0
naive,No Repair,88,88,Probe,3.6325,21.0,88.0,,,,Probe,False,False,3,history0
naive,No Repair,89,89,BuildSnap,234.386292,,89.0,,,Probe,MarkTs,False,True,3,history0
naive,No Repair,89,89,Probe,3.821292,21.0,89.0,,,,Probe,False,False,3,history0
naive,No Repair,90,90,BuildSnap,196.003292,,90.0,,,RecentScan,MarkTs,False,True,3,history0
naive,No Repair,90,90,RecentScan,82.363625,,90.0,,,,RecentScan,False,False,3,history0
naive,No Repair,91,91,Update,0.0,21.0,,,,,Update,False,False,3,history0
naive,No Repair,92,92,BuildSnap,0.0,,92.0,,,,MarkTs,False,False,3,history0
naive,No Repair,93,93,BuildSnap,211.881375,,93.0,,,Probe,MarkTs,False,True,3,history0
naive,No Repair,93,93,Probe,1.972125,21.0,93.0,,,,Probe,False,False,3,history0
naive,No Repair,94,94,BuildSnap,197.428666,,94.0,,,RecentScan,MarkTs,False,True,3,history0
naive,No Repair,94,94,RecentScan,66.345709,,94.0,,,,RecentScan,False,False,3,history0
naive,No Repair,95,95,Update,0.0,21.0,,,,,Update,False,False,3,history0
naive,No Repair,96,96,BuildSnap,185.78,,96.0,,,RecentScan,MarkTs,False,True,3,history0
naive,No Repair,96,96,RecentScan,78.030417,,96.0,,,,RecentScan,False,False,3,history0
naive,No Repair,97,97,BuildSnap,184.596541,,97.0,,,Probe,MarkTs,False,True,3,history0
naive,No Repair,97,97,Probe,2.624208,21.0,97.0,,,,Probe,False,False,3,history0
naive,No Repair,98,98,BuildSnap,186.642791,,98.0,,,Probe,MarkTs,False,True,3,history0
naive,No Repair,98,98,Probe,4.588292,21.0,98.0,,,,Probe,False,False,3,history0
naive,No Repair,99,99,BuildSnap,197.682959,,99.0,,,RecentScan,MarkTs,False,True,3,history0
naive,No Repair,99,99,RecentScan,76.154667,,99.0,,,,RecentScan,False,False,3,history0
naive,No Repair,100,100,BuildSnap,200.817417,,100.0,,,Probe,MarkTs,False,True,3,history0
naive,No Repair,100,100,Probe,2.641625,21.0,100.0,,,,Probe,False,False,3,history0
naive,No Repair,101,101,BuildSnap,219.924917,,101.0,,,RecentScan,MarkTs,False,True,3,history0
naive,No Repair,101,101,RecentScan,72.955917,,101.0,,,,RecentScan,False,False,3,history0
naive,No Repair,102,102,BuildSnap,192.46775,,102.0,,,Probe,MarkTs,False,True,3,history0
naive,No Repair,102,102,Probe,4.524083,21.0,102.0,,,,Probe,False,False,3,history0
naive,No Repair,103,103,BuildSnap,192.7385,,103.0,,,RecentScan,MarkTs,False,True,3,history0
naive,No Repair,103,103,RecentScan,81.02975,,103.0,,,,RecentScan,False,False,3,history0
naive,No Repair,104,104,Update,0.0,21.0,,,,,Update,False,False,3,history0
naive,No Repair,105,105,BuildSnap,0.0,,105.0,,,,MarkTs,False,False,3,history0
naive,No Repair,106,106,BuildSnap,199.782958,,106.0,,,Probe,MarkTs,False,True,3,history0
naive,No Repair,106,106,Probe,2.249292,21.0,106.0,,,,Probe,False,False,3,history0
naive,No Repair,107,107,Update,0.0,21.0,,,,,Update,False,False,3,history0
naive,No Repair,108,108,BuildSnap,182.617584,,108.0,,,Probe,MarkTs,False,True,3,history0
naive,No Repair,108,108,Probe,4.355958,21.0,108.0,,,,Probe,False,False,3,history0
naive,No Repair,109,109,Update,0.0,21.0,,,,,Update,False,False,3,history0
naive,No Repair,110,110,BuildSnap,0.0,,110.0,,,,MarkTs,False,False,3,history0
naive,No Repair,111,111,BuildSnap,199.817333,,111.0,,,Probe,MarkTs,False,True,3,history0
naive,No Repair,111,111,Probe,3.284833,21.0,111.0,,,,Probe,False,False,3,history0
naive,No Repair,112,112,BuildSnap,196.57675,,112.0,,,RecentScan,MarkTs,False,True,3,history0
naive,No Repair,112,112,RecentScan,82.656667,,112.0,,,,RecentScan,False,False,3,history0
naive,No Repair,113,113,BuildSnap,196.993083,,113.0,,,Probe,MarkTs,False,True,3,history0
naive,No Repair,113,113,Probe,3.160333,21.0,113.0,,,,Probe,False,False,3,history0
naive,No Repair,114,114,BuildSnap,187.241833,,114.0,,,RecentScan,MarkTs,False,True,3,history0
naive,No Repair,114,114,RecentScan,83.25575,,114.0,,,,RecentScan,False,False,3,history0
naive,No Repair,115,115,BuildSnap,196.07125,,115.0,,,RecentScan,MarkTs,False,True,3,history0
naive,No Repair,115,115,RecentScan,66.365083,,115.0,,,,RecentScan,False,False,3,history0
naive,No Repair,116,116,BuildSnap,188.621792,,116.0,,,Probe,MarkTs,False,True,3,history0
naive,No Repair,116,116,Probe,2.843375,21.0,116.0,,,,Probe,False,False,3,history0
naive,No Repair,117,117,BuildSnap,205.597292,,117.0,,,RecentScan,MarkTs,False,True,3,history0
naive,No Repair,117,117,RecentScan,63.357667,,117.0,,,,RecentScan,False,False,3,history0
ivmh,No Repair,0,0,InitLoad,46.319667,210000.0,,,,,InitLoad,False,False,2,history0
ivmh,No Repair,1,1,BuildSnap,0.0,,1.0,,,,MarkTs,False,False,2,history0
ivmh,No Repair,2,2,Update,0.17625,21.0,,,,,Update,False,False,2,history0
ivmh,No Repair,3,3,BuildSnap,0.0,,3.0,,,,MarkTs,False,False,2,history0
ivmh,No Repair,4,4,RecentScan,57.594083,,4.0,,,,RecentScan,False,False,2,history0
ivmh,No Repair,5,5,Update,0.21225,21.0,,,,,Update,False,False,2,history0
ivmh,No Repair,6,6,RecentScan,56.829,,6.0,,,,RecentScan,False,False,2,history0
ivmh,No Repair,7,7,BuildSnap,151.763375,,1.0,,,HistoryScan,MarkTs,True,False,2,history0
ivmh,No Repair,7,7,HistoryScan,56.384958,,1.0,,,,HistoryScan,True,False,2,history0
ivmh,No Repair,8,8,Update,0.122459,21.0,,,,,Update,False,False,2,history0
ivmh,No Repair,9,9,BuildSnap,0.0,,9.0,,,,MarkTs,False,False,2,history0
ivmh,No Repair,10,10,RecentScan,57.436666,,10.0,,,,RecentScan,False,False,2,history0
ivmh,No Repair,11,11,Update,0.254833,21.0,,,,,Update,False,False,2,history0
ivmh,No Repair,12,12,RecentScan,57.121833,,12.0,,,,RecentScan,False,False,2,history0
ivmh,No Repair,13,13,RecentScan,57.810834,,13.0,,,,RecentScan,False,False,2,history0
ivmh,No Repair,14,14,Probe,1.265625,21.0,14.0,,,,Probe,False,False,2,history0
ivmh,No Repair,15,15,GbgCollect,0.08458299999999999,,1.0,,,,GbgCollect,False,False,2,history0
ivmh,No Repair,16,16,Update,0.200208,21.0,,,,,Update,False,False,2,history0
ivmh,No Repair,17,17,BuildSnap,0.0,,17.0,,,,MarkTs,False,False,2,history0
ivmh,No Repair,18,18,Update,0.1145,21.0,,,,,Update,False,False,2,history0
ivmh,No Repair,19,19,Probe,1.910083,21.0,19.0,,,,Probe,False,False,2,history0
ivmh,No Repair,20,20,RecentScan,56.382875,,20.0,,,,RecentScan,False,False,2,history0
ivmh,No Repair,21,21,RecentScan,57.099541,,21.0,,,,RecentScan,False,False,2,history0
ivmh,No Repair,22,22,RecentScan,58.702125,,22.0,,,,RecentScan,False,False,2,history0
ivmh,No Repair,23,23,Probe,1.946291,21.0,23.0,,,,Probe,False,False,2,history0
ivmh,No Repair,24,24,Probe,1.716,21.0,24.0,,,,Probe,False,False,2,history0
ivmh,No Repair,25,25,Probe,2.183875,21.0,25.0,,,,Probe,False,False,2,history0
ivmh,No Repair,26,26,RecentScan,58.436041,,26.0,,,,RecentScan,False,False,2,history0
ivmh,No Repair,27,27,Probe,2.614,21.0,27.0,,,,Probe,False,False,2,history0
ivmh,No Repair,28,28,GbgCollect,0.0,,3.0,,,,GbgCollect,False,False,2,history0
ivmh,No Repair,29,29,RecentScan,58.789833,,29.0,,,,RecentScan,False,False,2,history0
ivmh,No Repair,30,30,Update,0.127,21.0,,,,,Update,False,False,2,history0
ivmh,No Repair,31,31,BuildSnap,0.0,,31.0,,,,MarkTs,False,False,2,history0
ivmh,No Repair,32,32,Probe,1.3165,21.0,32.0,,,,Probe,False,False,2,history0
ivmh,No Repair,33,33,Probe,2.387,21.0,33.0,,,,Probe,False,False,2,history0
ivmh,No Repair,34,34,Update,0.099834,21.0,,,,,Update,False,False,2,history0
ivmh,No Repair,35,35,RecentScan,58.601708,,35.0,,,,RecentScan,False,False,2,history0
ivmh,No Repair,36,36,RecentScan,58.738458,,36.0,,,,RecentScan,False,False,2,history0
ivmh,No Repair,37,37,Update,0.145459,21.0,,,,,Update,False,False,2,history0
ivmh,No Repair,38,38,BuildSnap,0.0,,38.0,,,,MarkTs,False,False,2,history0
ivmh,No Repair,39,39,GbgCollect,0.0,,9.0,,,,GbgCollect,False,False,2,history0
ivmh,No Repair,40,40,Probe,2.729333,21.0,40.0,,,,Probe,False,False,2,history0
ivmh,No Repair,41,41,Update,0.136083,21.0,,,,,Update,False,False,2,history0
ivmh,No Repair,42,42,RecentScan,58.642167,,42.0,,,,RecentScan,False,False,2,history0
ivmh,No Repair,43,43,Probe,1.576625,21.0,43.0,,,,Probe,False,False,2,history0
ivmh,No Repair,44,44,Probe,3.130084,21.0,44.0,,,,Probe,False,False,2,history0
ivmh,No Repair,45,45,Update,0.07129200000000001,21.0,,,,,Update,False,False,2,history0
ivmh,No Repair,46,46,BuildSnap,0.0,,46.0,,,,MarkTs,False,False,2,history0
ivmh,No Repair,47,47,Probe,2.402833,21.0,47.0,,,,Probe,False,False,2,history0
ivmh,No Repair,48,48,RecentScan,59.173542,,48.0,,,,RecentScan,False,False,2,history0
ivmh,No Repair,49,49,RecentScan,58.902333,,49.0,,,,RecentScan,False,False,2,history0
ivmh,No Repair,50,50,Probe,2.535584,21.0,50.0,,,,Probe,False,False,2,history0
ivmh,No Repair,51,51,RecentScan,60.085833,,51.0,,,,RecentScan,False,False,2,history0
ivmh,No Repair,52,52,Update,0.266792,21.0,,,,,Update,False,False,2,history0
ivmh,No Repair,53,53,Update,0.18575,21.0,,,,,Update,False,False,2,history0
ivmh,No Repair,54,54,BuildSnap,0.0,,54.0,,,,MarkTs,False,False,2,history0
ivmh,No Repair,55,55,RecentScan,58.498958,,55.0,,,,RecentScan,False,False,2,history0
ivmh,No Repair,56,56,Update,0.158042,21.0,,,,,Update,False,False,2,history0
ivmh,No Repair,57,57,Probe,2.273208,21.0,57.0,,,,Probe,False,False,2,history0
ivmh,No Repair,58,58,RecentScan,58.079834,,58.0,,,,RecentScan,False,False,2,history0
ivmh,No Repair,59,59,Probe,4.045583,21.0,59.0,,,,Probe,False,False,2,history0
ivmh,No Repair,60,60,RecentScan,58.254125,,60.0,,,,RecentScan,False,False,2,history0
ivmh,No Repair,61,61,RecentScan,58.534375,,61.0,,,,RecentScan,False,False,2,history0
ivmh,No Repair,62,62,Probe,2.006417,21.0,62.0,,,,Probe,False,False,2,history0
ivmh,No Repair,63,63,Probe,2.165667,21.0,63.0,,,,Probe,False,False,2,history0
ivmh,No Repair,64,64,Probe,2.405666,21.0,64.0,,,,Probe,False,False,2,history0
ivmh,No Repair,65,65,Probe,2.656375,21.0,65.0,,,,Probe,False,False,2,history0
ivmh,No Repair,66,66,GbgCollect,0.0,,17.0,,,,GbgCollect,False,False,2,history0
ivmh,No Repair,67,67,Probe,2.618083,21.0,67.0,,,,Probe,False,False,2,history0
ivmh,No Repair,68,68,RecentScan,59.186041,,68.0,,,,RecentScan,False,False,2,history0
ivmh,No Repair,69,69,Probe,3.36025,21.0,69.0,,,,Probe,False,False,2,history0
ivmh,No Repair,70,70,RecentScan,59.734416,,70.0,,,,RecentScan,False,False,2,history0
ivmh,No Repair,71,71,Probe,2.041459,21.0,71.0,,,,Probe,False,False,2,history0
ivmh,No Repair,72,72,RecentScan,59.142084,,72.0,,,,RecentScan,False,False,2,history0
ivmh,No Repair,73,73,Probe,3.145584,21.0,73.0,,,,Probe,False,False,2,history0
ivmh,No Repair,74,74,Probe,3.0235,21.0,74.0,,,,Probe,False,False,2,history0
ivmh,No Repair,75,75,GbgCollect,0.0,,31.0,,,,GbgCollect,False,False,2,history0
ivmh,No Repair,76,76,RecentScan,58.1105,,76.0,,,,RecentScan,False,False,2,history0
ivmh,No Repair,77,77,RecentScan,58.363625,,77.0,,,,RecentScan,False,False,2,history0
ivmh,No Repair,78,78,RecentScan,58.541917,,78.0,,,,RecentScan,False,False,2,history0
ivmh,No Repair,79,79,RecentScan,58.6475,,79.0,,,,RecentScan,False,False,2,history0
ivmh,No Repair,80,80,Probe,1.933875,21.0,80.0,,,,Probe,False,False,2,history0
ivmh,No Repair,81,81,Update,0.106041,21.0,,,,,Update,False,False,2,history0
ivmh,No Repair,82,82,BuildSnap,0.0,,82.0,,,,MarkTs,False,False,2,history0
ivmh,No Repair,83,83,Update,0.122959,21.0,,,,,Update,False,False,2,history0
ivmh,No Repair,84,84,RecentScan,59.48325,,84.0,,,,RecentScan,False,False,2,history0
ivmh,No Repair,85,85,RecentScan,60.679125,,85.0,,,,RecentScan,False,False,2,history0
ivmh,No Repair,86,86,Probe,2.720875,21.0,86.0,,,,Probe,False,False,2,history0
ivmh,No Repair,87,87,RecentScan,56.678291,,87.0,,,,RecentScan,False,False,2,history0
ivmh,No Repair,88,88,Probe,2.648792,21.0,88.0,,,,Probe,False,False,2,history0
ivmh,No Repair,89,89,Probe,2.878042,21.0,89.0,,,,Probe,False,False,2,history0
ivmh,No Repair,90,90,RecentScan,59.785459,,90.0,,,,RecentScan,False,False,2,history0
ivmh,No Repair,91,91,Update,0.16925,21.0,,,,,Update,False,False,2,history0
ivmh,No Repair,92,92,BuildSnap,0.0,,92.0,,,,MarkTs,False,False,2,history0
ivmh,No Repair,93,93,Probe,1.77025,21.0,93.0,,,,Probe,False,False,2,history0
ivmh,No Repair,94,94,RecentScan,62.956375,,94.0,,,,RecentScan,False,False,2,history0
ivmh,No Repair,95,95,Update,0.18175,21.0,,,,,Update,False,False,2,history0
ivmh,No Repair,96,96,RecentScan,62.960416,,96.0,,,,RecentScan,False,False,2,history0
ivmh,No Repair,97,97,Probe,2.259,21.0,97.0,,,,Probe,False,False,2,history0
ivmh,No Repair,98,98,Probe,3.077417,21.0,98.0,,,,Probe,False,False,2,history0
ivmh,No Repair,99,99,RecentScan,63.165333,,99.0,,,,RecentScan,False,False,2,history0
ivmh,No Repair,100,100,Probe,2.173625,21.0,100.0,,,,Probe,False,False,2,history0
ivmh,No Repair,101,101,RecentScan,62.001291,,101.0,,,,RecentScan,False,False,2,history0
ivmh,No Repair,102,102,Probe,3.357625,21.0,102.0,,,,Probe,False,False,2,history0
ivmh,No Repair,103,103,RecentScan,60.991625,,103.0,,,,RecentScan,False,False,2,history0
ivmh,No Repair,104,104,Update,0.218042,21.0,,,,,Update,False,False,2,history0
ivmh,No Repair,105,105,BuildSnap,0.0,,105.0,,,,MarkTs,False,False,2,history0
ivmh,No Repair,106,106,Probe,1.791542,21.0,106.0,,,,Probe,False,False,2,history0
ivmh,No Repair,107,107,Update,0.118333,21.0,,,,,Update,False,False,2,history0
ivmh,No Repair,108,108,Probe,2.47475,21.0,108.0,,,,Probe,False,False,2,history0
ivmh,No Repair,109,109,Update,0.079209,21.0,,,,,Update,False,False,2,history0
ivmh,No Repair,110,110,BuildSnap,0.0,,110.0,,,,MarkTs,False,False,2,history0
ivmh,No Repair,111,111,Probe,1.707625,21.0,111.0,,,,Probe,False,False,2,history0
ivmh,No Repair,112,112,RecentScan,55.433375,,112.0,,,,RecentScan,False,False,2,history0
ivmh,No Repair,113,113,Probe,2.572667,21.0,113.0,,,,Probe,False,False,2,history0
ivmh,No Repair,114,114,RecentScan,62.279875,,114.0,,,,RecentScan,False,False,2,history0
ivmh,No Repair,115,115,RecentScan,59.114,,115.0,,,,RecentScan,False,False,2,history0
ivmh,No Repair,116,116,Probe,2.1255,21.0,116.0,,,,Probe,False,False,2,history0
ivmh,No Repair,117,117,RecentScan,62.402375,,117.0,,,,RecentScan,False,False,2,history0
ivmh,No Repair,0,0,InitLoad,47.782167,210000.0,,,,,InitLoad,False,False,3,history0
ivmh,No Repair,1,1,BuildSnap,0.00125,,1.0,,,,MarkTs,False,False,3,history0
ivmh,No Repair,2,2,Update,0.195209,21.0,,,,,Update,False,False,3,history0
ivmh,No Repair,3,3,BuildSnap,0.0,,3.0,,,,MarkTs,False,False,3,history0
ivmh,No Repair,4,4,RecentScan,58.115208,,4.0,,,,RecentScan,False,False,3,history0
ivmh,No Repair,5,5,Update,0.239459,21.0,,,,,Update,False,False,3,history0
ivmh,No Repair,6,6,RecentScan,53.819375,,6.0,,,,RecentScan,False,False,3,history0
ivmh,No Repair,7,7,BuildSnap,163.30525,,1.0,,,HistoryScan,MarkTs,True,False,3,history0
ivmh,No Repair,7,7,HistoryScan,56.925167,,1.0,,,,HistoryScan,True,False,3,history0
ivmh,No Repair,8,8,Update,0.127375,21.0,,,,,Update,False,False,3,history0
ivmh,No Repair,9,9,BuildSnap,0.0,,9.0,,,,MarkTs,False,False,3,history0
ivmh,No Repair,10,10,RecentScan,57.112209,,10.0,,,,RecentScan,False,False,3,history0
ivmh,No Repair,11,11,Update,0.271167,21.0,,,,,Update,False,False,3,history0
ivmh,No Repair,12,12,RecentScan,56.220292,,12.0,,,,RecentScan,False,False,3,history0
ivmh,No Repair,13,13,RecentScan,57.763125,,13.0,,,,RecentScan,False,False,3,history0
ivmh,No Repair,14,14,Probe,1.342583,21.0,14.0,,,,Probe,False,False,3,history0
ivmh,No Repair,15,15,GbgCollect,0.08604200000000001,,1.0,,,,GbgCollect,False,False,3,history0
ivmh,No Repair,16,16,Update,0.194458,21.0,,,,,Update,False,False,3,history0
ivmh,No Repair,17,17,BuildSnap,0.0,,17.0,,,,MarkTs,False,False,3,history0
ivmh,No Repair,18,18,Update,0.11925,21.0,,,,,Update,False,False,3,history0
ivmh,No Repair,19,19,Probe,2.114667,21.0,19.0,,,,Probe,False,False,3,history0
ivmh,No Repair,20,20,RecentScan,57.815334,,20.0,,,,RecentScan,False,False,3,history0
ivmh,No Repair,21,21,RecentScan,64.948292,,21.0,,,,RecentScan,False,False,3,history0
ivmh,No Repair,22,22,RecentScan,56.024833,,22.0,,,,RecentScan,False,False,3,history0
ivmh,No Repair,23,23,Probe,1.905375,21.0,23.0,,,,Probe,False,False,3,history0
ivmh,No Repair,24,24,Probe,1.708709,21.0,24.0,,,,Probe,False,False,3,history0
ivmh,No Repair,25,25,Probe,2.533833,21.0,25.0,,,,Probe,False,False,3,history0
ivmh,No Repair,26,26,RecentScan,55.770209,,26.0,,,,RecentScan,False,False,3,history0
ivmh,No Repair,27,27,Probe,2.790125,21.0,27.0,,,,Probe,False,False,3,history0
ivmh,No Repair,28,28,GbgCollect,0.0,,3.0,,,,GbgCollect,False,False,3,history0
ivmh,No Repair,29,29,RecentScan,57.667542,,29.0,,,,RecentScan,False,False,3,history0
ivmh,No Repair,30,30,Update,0.134625,21.0,,,,,Update,False,False,3,history0
ivmh,No Repair,31,31,BuildSnap,0.0,,31.0,,,,MarkTs,False,False,3,history0
ivmh,No Repair,32,32,Probe,1.282792,21.0,32.0,,,,Probe,False,False,3,history0
ivmh,No Repair,33,33,Probe,2.511917,21.0,33.0,,,,Probe,False,False,3,history0
ivmh,No Repair,34,34,Update,0.099958,21.0,,,,,Update,False,False,3,history0
ivmh,No Repair,35,35,RecentScan,60.125417,,35.0,,,,RecentScan,False,False,3,history0
ivmh,No Repair,36,36,RecentScan,59.65975,,36.0,,,,RecentScan,False,False,3,history0
ivmh,No Repair,37,37,Update,0.148208,21.0,,,,,Update,False,False,3,history0
ivmh,No Repair,38,38,BuildSnap,0.0,,38.0,,,,MarkTs,False,False,3,history0
ivmh,No Repair,39,39,GbgCollect,0.0,,9.0,,,,GbgCollect,False,False,3,history0
ivmh,No Repair,40,40,Probe,2.686958,21.0,40.0,,,,Probe,False,False,3,history0
ivmh,No Repair,41,41,Update,0.131792,21.0,,,,,Update,False,False,3,history0
ivmh,No Repair,42,42,RecentScan,58.019834,,42.0,,,,RecentScan,False,False,3,history0
ivmh,No Repair,43,43,Probe,1.611208,21.0,43.0,,,,Probe,False,False,3,history0
ivmh,No Repair,44,44,Probe,3.126583,21.0,44.0,,,,Probe,False,False,3,history0
ivmh,No Repair,45,45,Update,0.067,21.0,,,,,Update,False,False,3,history0
ivmh,No Repair,46,46,BuildSnap,0.0,,46.0,,,,MarkTs,False,False,3,history0
ivmh,No Repair,47,47,Probe,2.376959,21.0,47.0,,,,Probe,False,False,3,history0
ivmh,No Repair,48,48,RecentScan,56.306416,,48.0,,,,RecentScan,False,False,3,history0
ivmh,No Repair,49,49,RecentScan,57.050125,,49.0,,,,RecentScan,False,False,3,history0
ivmh,No Repair,50,50,Probe,2.652958,21.0,50.0,,,,Probe,False,False,3,history0
ivmh,No Repair,51,51,RecentScan,62.53425,,51.0,,,,RecentScan,False,False,3,history0
ivmh,No Repair,52,52,Update,0.258083,21.0,,,,,Update,False,False,3,history0
ivmh,No Repair,53,53,Update,0.184333,21.0,,,,,Update,False,False,3,history0
ivmh,No Repair,54,54,BuildSnap,0.0,,54.0,,,,MarkTs,False,False,3,history0
ivmh,No Repair,55,55,RecentScan,55.625875,,55.0,,,,RecentScan,False,False,3,history0
ivmh,No Repair,56,56,Update,0.169208,21.0,,,,,Update,False,False,3,history0
ivmh,No Repair,57,57,Probe,2.467875,21.0,57.0,,,,Probe,False,False,3,history0
ivmh,No Repair,58,58,RecentScan,58.430917,,58.0,,,,RecentScan,False,False,3,history0
ivmh,No Repair,59,59,Probe,4.051875,21.0,59.0,,,,Probe,False,False,3,history0
ivmh,No Repair,60,60,RecentScan,58.010125,,60.0,,,,RecentScan,False,False,3,history0
ivmh,No Repair,61,61,RecentScan,57.830416,,61.0,,,,RecentScan,False,False,3,history0
ivmh,No Repair,62,62,Probe,2.15725,21.0,62.0,,,,Probe,False,False,3,history0
ivmh,No Repair,63,63,Probe,2.490583,21.0,63.0,,,,Probe,False,False,3,history0
ivmh,No Repair,64,64,Probe,2.704833,21.0,64.0,,,,Probe,False,False,3,history0
ivmh,No Repair,65,65,Probe,2.821042,21.0,65.0,,,,Probe,False,False,3,history0
ivmh,No Repair,66,66,GbgCollect,0.0,,17.0,,,,GbgCollect,False,False,3,history0
ivmh,No Repair,67,67,Probe,2.9925,21.0,67.0,,,,Probe,False,False,3,history0
ivmh,No Repair,68,68,RecentScan,59.991583,,68.0,,,,RecentScan,False,False,3,history0
ivmh,No Repair,69,69,Probe,3.69025,21.0,69.0,,,,Probe,False,False,3,history0
ivmh,No Repair,70,70,RecentScan,59.593583,,70.0,,,,RecentScan,False,False,3,history0
ivmh,No Repair,71,71,Probe,2.225291,21.0,71.0,,,,Probe,False,False,3,history0
ivmh,No Repair,72,72,RecentScan,63.489292,,72.0,,,,RecentScan,False,False,3,history0
ivmh,No Repair,73,73,Probe,3.148334,21.0,73.0,,,,Probe,False,False,3,history0
ivmh,No Repair,74,74,Probe,3.03775,21.0,74.0,,,,Probe,False,False,3,history0
ivmh,No Repair,75,75,GbgCollect,0.0,,31.0,,,,GbgCollect,False,False,3,history0
ivmh,No Repair,76,76,RecentScan,56.292333,,76.0,,,,RecentScan,False,False,3,history0
ivmh,No Repair,77,77,RecentScan,55.260542,,77.0,,,,RecentScan,False,False,3,history0
ivmh,No Repair,78,78,RecentScan,60.299083,,78.0,,,,RecentScan,False,False,3,history0
ivmh,No Repair,79,79,RecentScan,57.997542,,79.0,,,,RecentScan,False,False,3,history0
ivmh,No Repair,80,80,Probe,2.117208,21.0,80.0,,,,Probe,False,False,3,history0
ivmh,No Repair,81,81,Update,0.106583,21.0,,,,,Update,False,False,3,history0
ivmh,No Repair,82,82,BuildSnap,0.0,,82.0,,,,MarkTs,False,False,3,history0
ivmh,No Repair,83,83,Update,0.118333,21.0,,,,,Update,False,False,3,history0
ivmh,No Repair,84,84,RecentScan,57.055417,,84.0,,,,RecentScan,False,False,3,history0
ivmh,No Repair,85,85,RecentScan,58.606042,,85.0,,,,RecentScan,False,False,3,history0
ivmh,No Repair,86,86,Probe,2.904833,21.0,86.0,,,,Probe,False,False,3,history0
ivmh,No Repair,87,87,RecentScan,58.137833,,87.0,,,,RecentScan,False,False,3,history0
ivmh,No Repair,88,88,Probe,2.873792,21.0,88.0,,,,Probe,False,False,3,history0
ivmh,No Repair,89,89,Probe,3.107,21.0,89.0,,,,Probe,False,False,3,history0
ivmh,No Repair,90,90,RecentScan,58.543084,,90.0,,,,RecentScan,False,False,3,history0
ivmh,No Repair,91,91,Update,0.172583,21.0,,,,,Update,False,False,3,history0
ivmh,No Repair,92,92,BuildSnap,0.0,,92.0,,,,MarkTs,False,False,3,history0
ivmh,No Repair,93,93,Probe,1.811833,21.0,93.0,,,,Probe,False,False,3,history0
ivmh,No Repair,94,94,RecentScan,62.292833,,94.0,,,,RecentScan,False,False,3,history0
ivmh,No Repair,95,95,Update,0.173416,21.0,,,,,Update,False,False,3,history0
ivmh,No Repair,96,96,RecentScan,58.153334,,96.0,,,,RecentScan,False,False,3,history0
ivmh,No Repair,97,97,Probe,2.083125,21.0,97.0,,,,Probe,False,False,3,history0
ivmh,No Repair,98,98,Probe,3.221083,21.0,98.0,,,,Probe,False,False,3,history0
ivmh,No Repair,99,99,RecentScan,57.564,,99.0,,,,RecentScan,False,False,3,history0
ivmh,No Repair,100,100,Probe,2.153292,21.0,100.0,,,,Probe,False,False,3,history0
ivmh,No Repair,101,101,RecentScan,57.637917,,101.0,,,,RecentScan,False,False,3,history0
ivmh,No Repair,102,102,Probe,3.484291,21.0,102.0,,,,Probe,False,False,3,history0
ivmh,No Repair,103,103,RecentScan,59.939,,103.0,,,,RecentScan,False,False,3,history0
ivmh,No Repair,104,104,Update,0.19675,21.0,,,,,Update,False,False,3,history0
ivmh,No Repair,105,105,BuildSnap,0.0,,105.0,,,,MarkTs,False,False,3,history0
ivmh,No Repair,106,106,Probe,1.692625,21.0,106.0,,,,Probe,False,False,3,history0
ivmh,No Repair,107,107,Update,0.11725,21.0,,,,,Update,False,False,3,history0
ivmh,No Repair,108,108,Probe,2.605083,21.0,108.0,,,,Probe,False,False,3,history0
ivmh,No Repair,109,109,Update,0.090208,21.0,,,,,Update,False,False,3,history0
ivmh,No Repair,110,110,BuildSnap,0.0,,110.0,,,,MarkTs,False,False,3,history0
ivmh,No Repair,111,111,Probe,1.828375,21.0,111.0,,,,Probe,False,False,3,history0
ivmh,No Repair,112,112,RecentScan,56.455167,,112.0,,,,RecentScan,False,False,3,history0
ivmh,No Repair,113,113,Probe,2.447291,21.0,113.0,,,,Probe,False,False,3,history0
ivmh,No Repair,114,114,RecentScan,57.572167,,114.0,,,,RecentScan,False,False,3,history0
ivmh,No Repair,115,115,RecentScan,58.2025,,115.0,,,,RecentScan,False,False,3,history0
ivmh,No Repair,116,116,Probe,2.145625,21.0,116.0,,,,Probe,False,False,3,history0
ivmh,No Repair,117,117,RecentScan,58.952042,,117.0,,,,RecentScan,False,False,3,history0
ivmh,No Repair,0,0,InitLoad,46.651667,210000.0,,,,,InitLoad,False,False,4,history0
ivmh,No Repair,1,1,BuildSnap,0.0,,1.0,,,,MarkTs,False,False,4,history0
ivmh,No Repair,2,2,Update,0.176375,21.0,,,,,Update,False,False,4,history0
ivmh,No Repair,3,3,BuildSnap,0.0,,3.0,,,,MarkTs,False,False,4,history0
ivmh,No Repair,4,4,RecentScan,58.585625,,4.0,,,,RecentScan,False,False,4,history0
ivmh,No Repair,5,5,Update,0.253958,21.0,,,,,Update,False,False,4,history0
ivmh,No Repair,6,6,RecentScan,55.338042,,6.0,,,,RecentScan,False,False,4,history0
ivmh,No Repair,7,7,BuildSnap,162.443917,,1.0,,,HistoryScan,MarkTs,True,False,4,history0
ivmh,No Repair,7,7,HistoryScan,62.683833,,1.0,,,,HistoryScan,True,False,4,history0
ivmh,No Repair,8,8,Update,0.140791,21.0,,,,,Update,False,False,4,history0
ivmh,No Repair,9,9,BuildSnap,0.0,,9.0,,,,MarkTs,False,False,4,history0
ivmh,No Repair,10,10,RecentScan,60.440209,,10.0,,,,RecentScan,False,False,4,history0
ivmh,No Repair,11,11,Update,0.33145800000000003,21.0,,,,,Update,False,False,4,history0
ivmh,No Repair,12,12,RecentScan,57.31275,,12.0,,,,RecentScan,False,False,4,history0
ivmh,No Repair,13,13,RecentScan,59.230083,,13.0,,,,RecentScan,False,False,4,history0
ivmh,No Repair,14,14,Probe,1.2935,21.0,14.0,,,,Probe,False,False,4,history0
ivmh,No Repair,15,15,GbgCollect,0.09175,,1.0,,,,GbgCollect,False,False,4,history0
ivmh,No Repair,16,16,Update,0.197042,21.0,,,,,Update,False,False,4,history0
ivmh,No Repair,17,17,BuildSnap,0.0,,17.0,,,,MarkTs,False,False,4,history0
ivmh,No Repair,18,18,Update,0.124584,21.0,,,,,Update,False,False,4,history0
ivmh,No Repair,19,19,Probe,2.01025,21.0,19.0,,,,Probe,False,False,4,history0
ivmh,No Repair,20,20,RecentScan,58.658375,,20.0,,,,RecentScan,False,False,4,history0
ivmh,No Repair,21,21,RecentScan,56.033833,,21.0,,,,RecentScan,False,False,4,history0
ivmh,No Repair,22,22,RecentScan,59.42575,,22.0,,,,RecentScan,False,False,4,history0
ivmh,No Repair,23,23,Probe,1.927875,21.0,23.0,,,,Probe,False,False,4,history0
ivmh,No Repair,24,24,Probe,1.75975,21.0,24.0,,,,Probe,False,False,4,history0
ivmh,No Repair,25,25,Probe,2.478458,21.0,25.0,,,,Probe,False,False,4,history0
ivmh,No Repair,26,26,RecentScan,59.632041,,26.0,,,,RecentScan,False,False,4,history0
ivmh,No Repair,27,27,Probe,2.94225,21.0,27.0,,,,Probe,False,False,4,history0
ivmh,No Repair,28,28,GbgCollect,0.0,,3.0,,,,GbgCollect,False,False,4,history0
ivmh,No Repair,29,29,RecentScan,60.617417,,29.0,,,,RecentScan,False,False,4,history0
ivmh,No Repair,30,30,Update,0.128417,21.0,,,,,Update,False,False,4,history0
ivmh,No Repair,31,31,BuildSnap,0.0,,31.0,,,,MarkTs,False,False,4,history0
ivmh,No Repair,32,32,Probe,1.361625,21.0,32.0,,,,Probe,False,False,4,history0
ivmh,No Repair,33,33,Probe,2.452625,21.0,33.0,,,,Probe,False,False,4,history0
ivmh,No Repair,34,34,Update,0.10166700000000001,21.0,,,,,Update,False,False,4,history0
ivmh,No Repair,35,35,RecentScan,59.347917,,35.0,,,,RecentScan,False,False,4,history0
ivmh,No Repair,36,36,RecentScan,59.8065,,36.0,,,,RecentScan,False,False,4,history0
ivmh,No Repair,37,37,Update,0.147541,21.0,,,,,Update,False,False,4,history0
ivmh,No Repair,38,38,BuildSnap,0.0,,38.0,,,,MarkTs,False,False,4,history0
ivmh,No Repair,39,39,GbgCollect,0.0,,9.0,,,,GbgCollect,False,False,4,history0
ivmh,No Repair,40,40,Probe,4.120792,21.0,40.0,,,,Probe,False,False,4,history0
ivmh,No Repair,41,41,Update,0.303375,21.0,,,,,Update,False,False,4,history0
ivmh,No Repair,42,42,RecentScan,59.498459,,42.0,,,,RecentScan,False,False,4,history0
ivmh,No Repair,43,43,Probe,1.520333,21.0,43.0,,,,Probe,False,False,4,history0
ivmh,No Repair,44,44,Probe,3.434458,21.0,44.0,,,,Probe,False,False,4,history0
ivmh,No Repair,45,45,Update,0.066625,21.0,,,,,Update,False,False,4,history0
ivmh,No Repair,46,46,BuildSnap,0.0,,46.0,,,,MarkTs,False,False,4,history0
ivmh,No Repair,47,47,Probe,2.459583,21.0,47.0,,,,Probe,False,False,4,history0
ivmh,No Repair,48,48,RecentScan,58.983541,,48.0,,,,RecentScan,False,False,4,history0
ivmh,No Repair,49,49,RecentScan,58.689917,,49.0,,,,RecentScan,False,False,4,history0
ivmh,No Repair,50,50,Probe,2.766291,21.0,50.0,,,,Probe,False,False,4,history0
ivmh,No Repair,51,51,RecentScan,58.734875,,51.0,,,,RecentScan,False,False,4,history0
ivmh,No Repair,52,52,Update,0.233541,21.0,,,,,Update,False,False,4,history0
ivmh,No Repair,53,53,Update,0.175667,21.0,,,,,Update,False,False,4,history0
ivmh,No Repair,54,54,BuildSnap,0.0,,54.0,,,,MarkTs,False,False,4,history0
ivmh,No Repair,55,55,RecentScan,60.94025,,55.0,,,,RecentScan,False,False,4,history0
ivmh,No Repair,56,56,Update,0.169667,21.0,,,,,Update,False,False,4,history0
ivmh,No Repair,57,57,Probe,2.419209,21.0,57.0,,,,Probe,False,False,4,history0
ivmh,No Repair,58,58,RecentScan,60.444166,,58.0,,,,RecentScan,False,False,4,history0
ivmh,No Repair,59,59,Probe,4.490583,21.0,59.0,,,,Probe,False,False,4,history0
ivmh,No Repair,60,60,RecentScan,60.619958,,60.0,,,,RecentScan,False,False,4,history0
ivmh,No Repair,61,61,RecentScan,61.728875,,61.0,,,,RecentScan,False,False,4,history0
ivmh,No Repair,62,62,Probe,2.221084,21.0,62.0,,,,Probe,False,False,4,history0
ivmh,No Repair,63,63,Probe,2.388417,21.0,63.0,,,,Probe,False,False,4,history0
ivmh,No Repair,64,64,Probe,2.827583,21.0,64.0,,,,Probe,False,False,4,history0
ivmh,No Repair,65,65,Probe,3.265375,21.0,65.0,,,,Probe,False,False,4,history0
ivmh,No Repair,66,66,GbgCollect,0.0,,17.0,,,,GbgCollect,False,False,4,history0
ivmh,No Repair,67,67,Probe,2.75625,21.0,67.0,,,,Probe,False,False,4,history0
ivmh,No Repair,68,68,RecentScan,61.02575,,68.0,,,,RecentScan,False,False,4,history0
ivmh,No Repair,69,69,Probe,3.727083,21.0,69.0,,,,Probe,False,False,4,history0
ivmh,No Repair,70,70,RecentScan,60.72,,70.0,,,,RecentScan,False,False,4,history0
ivmh,No Repair,71,71,Probe,2.211833,21.0,71.0,,,,Probe,False,False,4,history0
ivmh,No Repair,72,72,RecentScan,61.6,,72.0,,,,RecentScan,False,False,4,history0
ivmh,No Repair,73,73,Probe,3.45275,21.0,73.0,,,,Probe,False,False,4,history0
ivmh,No Repair,74,74,Probe,3.566833,21.0,74.0,,,,Probe,False,False,4,history0
ivmh,No Repair,75,75,GbgCollect,0.0,,31.0,,,,GbgCollect,False,False,4,history0
ivmh,No Repair,76,76,RecentScan,60.21925,,76.0,,,,RecentScan,False,False,4,history0
ivmh,No Repair,77,77,RecentScan,61.511333,,77.0,,,,RecentScan,False,False,4,history0
ivmh,No Repair,78,78,RecentScan,60.842417,,78.0,,,,RecentScan,False,False,4,history0
ivmh,No Repair,79,79,RecentScan,61.255917,,79.0,,,,RecentScan,False,False,4,history0
ivmh,No Repair,80,80,Probe,2.093167,21.0,80.0,,,,Probe,False,False,4,history0
ivmh,No Repair,81,81,Update,0.11125,21.0,,,,,Update,False,False,4,history0
ivmh,No Repair,82,82,BuildSnap,0.0,,82.0,,,,MarkTs,False,False,4,history0
ivmh,No Repair,83,83,Update,0.1235,21.0,,,,,Update,False,False,4,history0
ivmh,No Repair,84,84,RecentScan,61.704292,,84.0,,,,RecentScan,False,False,4,history0
ivmh,No Repair,85,85,RecentScan,61.606125,,85.0,,,,RecentScan,False,False,4,history0
ivmh,No Repair,86,86,Probe,2.875458,21.0,86.0,,,,Probe,False,False,4,history0
ivmh,No Repair,87,87,RecentScan,61.459333,,87.0,,,,RecentScan,False,False,4,history0
ivmh,No Repair,88,88,Probe,2.64575,21.0,88.0,,,,Probe,False,False,4,history0
ivmh,No Repair,89,89,Probe,2.911375,21.0,89.0,,,,Probe,False,False,4,history0
ivmh,No Repair,90,90,RecentScan,61.246167,,90.0,,,,RecentScan,False,False,4,history0
ivmh,No Repair,91,91,Update,0.140708,21.0,,,,,Update,False,False,4,history0
ivmh,No Repair,92,92,BuildSnap,0.0,,92.0,,,,MarkTs,False,False,4,history0
ivmh,No Repair,93,93,Probe,1.722792,21.0,93.0,,,,Probe,False,False,4,history0
ivmh,No Repair,94,94,RecentScan,61.715875,,94.0,,,,RecentScan,False,False,4,history0
ivmh,No Repair,95,95,Update,0.168875,21.0,,,,,Update,False,False,4,history0
ivmh,No Repair,96,96,RecentScan,61.621333,,96.0,,,,RecentScan,False,False,4,history0
ivmh,No Repair,97,97,Probe,2.147917,21.0,97.0,,,,Probe,False,False,4,history0
ivmh,No Repair,98,98,Probe,3.121208,21.0,98.0,,,,Probe,False,False,4,history0
ivmh,No Repair,99,99,RecentScan,59.182458,,99.0,,,,RecentScan,False,False,4,history0
ivmh,No Repair,100,100,Probe,2.01375,21.0,100.0,,,,Probe,False,False,4,history0
ivmh,No Repair,101,101,RecentScan,59.262,,101.0,,,,RecentScan,False,False,4,history0
ivmh,No Repair,102,102,Probe,3.484041,21.0,102.0,,,,Probe,False,False,4,history0
ivmh,No Repair,103,103,RecentScan,59.278333,,103.0,,,,RecentScan,False,False,4,history0
ivmh,No Repair,104,104,Update,0.186416,21.0,,,,,Update,False,False,4,history0
ivmh,No Repair,105,105,BuildSnap,0.0,,105.0,,,,MarkTs,False,False,4,history0
ivmh,No Repair,106,106,Probe,1.635959,21.0,106.0,,,,Probe,False,False,4,history0
ivmh,No Repair,107,107,Update,0.111792,21.0,,,,,Update,False,False,4,history0
ivmh,No Repair,108,108,Probe,2.388917,21.0,108.0,,,,Probe,False,False,4,history0
ivmh,No Repair,109,109,Update,0.07245900000000001,21.0,,,,,Update,False,False,4,history0
ivmh,No Repair,110,110,BuildSnap,0.0,,110.0,,,,MarkTs,False,False,4,history0
ivmh,No Repair,111,111,Probe,1.650959,21.0,111.0,,,,Probe,False,False,4,history0
ivmh,No Repair,112,112,RecentScan,59.301,,112.0,,,,RecentScan,False,False,4,history0
ivmh,No Repair,113,113,Probe,2.801709,21.0,113.0,,,,Probe,False,False,4,history0
ivmh,No Repair,114,114,RecentScan,62.389292,,114.0,,,,RecentScan,False,False,4,history0
ivmh,No Repair,115,115,RecentScan,60.301834,,115.0,,,,RecentScan,False,False,4,history0
ivmh,No Repair,116,116,Probe,2.053416,21.0,116.0,,,,Probe,False,False,4,history0
ivmh,No Repair,117,117,RecentScan,60.37825,,117.0,,,,RecentScan,False,False,4,history0
heap,No Repair,0,0,InitLoad,63.322541,210000.0,,,,,InitLoad,False,False,0,history0
heap,No Repair,1,1,BuildSnap,0.0,,1.0,,,,MarkTs,False,False,0,history0
heap,No Repair,2,2,Update,0.0115,21.0,,,,,Update,False,False,0,history0
heap,No Repair,3,3,BuildSnap,0.0,,3.0,,,,MarkTs,False,False,0,history0
heap,No Repair,4,4,RecentScan,71.163416,,4.0,,,,RecentScan,False,False,0,history0
heap,No Repair,5,5,Update,0.027917,21.0,,,,,Update,False,False,0,history0
heap,No Repair,6,6,RecentScan,70.211875,,6.0,,,,RecentScan,False,False,0,history0
heap,No Repair,7,7,HistoryScan,71.173875,,1.0,,,,HistoryScan,True,False,0,history0
heap,No Repair,8,8,Update,0.030292000000000003,21.0,,,,,Update,False,False,0,history0
heap,No Repair,9,9,BuildSnap,0.0,,9.0,,,,MarkTs,False,False,0,history0
heap,No Repair,10,10,RecentScan,71.445416,,10.0,,,,RecentScan,False,False,0,history0
heap,No Repair,11,11,Update,0.030208,21.0,,,,,Update,False,False,0,history0
heap,No Repair,12,12,RecentScan,71.356125,,12.0,,,,RecentScan,False,False,0,history0
heap,No Repair,13,13,RecentScan,71.923208,,13.0,,,,RecentScan,False,False,0,history0
heap,No Repair,14,14,Probe,1.714417,21.0,14.0,,,,Probe,False,False,0,history0
heap,No Repair,15,15,GbgCollect,40.6335,,1.0,,,,GbgCollect,False,False,0,history0
heap,No Repair,16,16,Update,0.014667,21.0,,,,,Update,False,False,0,history0
heap,No Repair,17,17,BuildSnap,0.0,,17.0,,,,MarkTs,False,False,0,history0
heap,No Repair,18,18,Update,0.012084,21.0,,,,,Update,False,False,0,history0
heap,No Repair,19,19,Probe,2.768459,21.0,19.0,,,,Probe,False,False,0,history0
heap,No Repair,20,20,RecentScan,71.633125,,20.0,,,,RecentScan,False,False,0,history0
heap,No Repair,21,21,RecentScan,71.46825,,21.0,,,,RecentScan,False,False,0,history0
heap,No Repair,22,22,RecentScan,71.991667,,22.0,,,,RecentScan,False,False,0,history0
heap,No Repair,23,23,Probe,2.713208,21.0,23.0,,,,Probe,False,False,0,history0
heap,No Repair,24,24,Probe,2.545208,21.0,24.0,,,,Probe,False,False,0,history0
heap,No Repair,25,25,Probe,3.2695,21.0,25.0,,,,Probe,False,False,0,history0
heap,No Repair,26,26,RecentScan,71.082792,,26.0,,,,RecentScan,False,False,0,history0
heap,No Repair,27,27,Probe,3.798834,21.0,27.0,,,,Probe,False,False,0,history0
heap,No Repair,28,28,GbgCollect,40.347667,,3.0,,,,GbgCollect,False,False,0,history0
heap,No Repair,29,29,RecentScan,71.610709,,29.0,,,,RecentScan,False,False,0,history0
heap,No Repair,30,30,Update,0.027959,21.0,,,,,Update,False,False,0,history0
heap,No Repair,31,31,BuildSnap,0.0,,31.0,,,,MarkTs,False,False,0,history0
heap,No Repair,32,32,Probe,1.865584,21.0,32.0,,,,Probe,False,False,0,history0
heap,No Repair,33,33,Probe,3.569042,21.0,33.0,,,,Probe,False,False,0,history0
heap,No Repair,34,34,Update,0.018333,21.0,,,,,Update,False,False,0,history0
heap,No Repair,35,35,RecentScan,71.790583,,35.0,,,,RecentScan,False,False,0,history0
heap,No Repair,36,36,RecentScan,71.617125,,36.0,,,,RecentScan,False,False,0,history0
heap,No Repair,37,37,Update,0.029375,21.0,,,,,Update,False,False,0,history0
heap,No Repair,38,38,BuildSnap,0.0,,38.0,,,,MarkTs,False,False,0,history0
heap,No Repair,39,39,GbgCollect,40.832417,,9.0,,,,GbgCollect,False,False,0,history0
heap,No Repair,40,40,Probe,3.755875,21.0,40.0,,,,Probe,False,False,0,history0
heap,No Repair,41,41,Update,0.013583999999999999,21.0,,,,,Update,False,False,0,history0
heap,No Repair,42,42,RecentScan,72.318208,,42.0,,,,RecentScan,False,False,0,history0
heap,No Repair,43,43,Probe,2.067333,21.0,43.0,,,,Probe,False,False,0,history0
heap,No Repair,44,44,Probe,4.630459,21.0,44.0,,,,Probe,False,False,0,history0
heap,No Repair,45,45,Update,0.016875,21.0,,,,,Update,False,False,0,history0
heap,No Repair,46,46,BuildSnap,0.0,,46.0,,,,MarkTs,False,False,0,history0
heap,No Repair,47,47,Probe,3.518833,21.0,47.0,,,,Probe,False,False,0,history0
heap,No Repair,48,48,RecentScan,72.0985,,48.0,,,,RecentScan,False,False,0,history0
heap,No Repair,49,49,RecentScan,72.493458,,49.0,,,,RecentScan,False,False,0,history0
heap,No Repair,50,50,Probe,3.575792,21.0,50.0,,,,Probe,False,False,0,history0
heap,No Repair,51,51,RecentScan,73.459417,,51.0,,,,RecentScan,False,False,0,history0
heap,No Repair,52,52,Update,0.033417,21.0,,,,,Update,False,False,0,history0
heap,No Repair,53,53,Update,0.018292000000000003,21.0,,,,,Update,False,False,0,history0
heap,No Repair,54,54,BuildSnap,0.0,,54.0,,,,MarkTs,False,False,0,history0
heap,No Repair,55,55,RecentScan,73.2925,,55.0,,,,RecentScan,False,False,0,history0
heap,No Repair,56,56,Update,0.025,21.0,,,,,Update,False,False,0,history0
heap,No Repair,57,57,Probe,3.351417,21.0,57.0,,,,Probe,False,False,0,history0
heap,No Repair,58,58,RecentScan,72.7705,,58.0,,,,RecentScan,False,False,0,history0
heap,No Repair,59,59,Probe,5.715791,21.0,59.0,,,,Probe,False,False,0,history0
heap,No Repair,60,60,RecentScan,72.551916,,60.0,,,,RecentScan,False,False,0,history0
heap,No Repair,61,61,RecentScan,72.572708,,61.0,,,,RecentScan,False,False,0,history0
heap,No Repair,62,62,Probe,2.790791,21.0,62.0,,,,Probe,False,False,0,history0
heap,No Repair,63,63,Probe,3.283583,21.0,63.0,,,,Probe,False,False,0,history0
heap,No Repair,64,64,Probe,3.654916,21.0,64.0,,,,Probe,False,False,0,history0
heap,No Repair,65,65,Probe,4.223667,21.0,65.0,,,,Probe,False,False,0,history0
heap,No Repair,66,66,GbgCollect,40.004459,,17.0,,,,GbgCollect,False,False,0,history0
heap,No Repair,67,67,Probe,4.027042,21.0,67.0,,,,Probe,False,False,0,history0
heap,No Repair,68,68,RecentScan,72.080334,,68.0,,,,RecentScan,False,False,0,history0
heap,No Repair,69,69,Probe,4.945625,21.0,69.0,,,,Probe,False,False,0,history0
heap,No Repair,70,70,RecentScan,72.6545,,70.0,,,,RecentScan,False,False,0,history0
heap,No Repair,71,71,Probe,2.878458,21.0,71.0,,,,Probe,False,False,0,history0
heap,No Repair,72,72,RecentScan,73.348166,,72.0,,,,RecentScan,False,False,0,history0
heap,No Repair,73,73,Probe,4.612166,21.0,73.0,,,,Probe,False,False,0,history0
heap,No Repair,74,74,Probe,4.516583,21.0,74.0,,,,Probe,False,False,0,history0
heap,No Repair,75,75,GbgCollect,40.004333,,31.0,,,,GbgCollect,False,False,0,history0
heap,No Repair,76,76,RecentScan,74.047625,,76.0,,,,RecentScan,False,False,0,history0
heap,No Repair,77,77,RecentScan,73.792917,,77.0,,,,RecentScan,False,False,0,history0
heap,No Repair,78,78,RecentScan,74.111958,,78.0,,,,RecentScan,False,False,0,history0
heap,No Repair,79,79,RecentScan,73.648084,,79.0,,,,RecentScan,False,False,0,history0
heap,No Repair,80,80,Probe,2.700834,21.0,80.0,,,,Probe,False,False,0,history0
heap,No Repair,81,81,Update,0.016,21.0,,,,,Update,False,False,0,history0
heap,No Repair,82,82,BuildSnap,0.0,,82.0,,,,MarkTs,False,False,0,history0
heap,No Repair,83,83,Update,0.013708999999999999,21.0,,,,,Update,False,False,0,history0
heap,No Repair,84,84,RecentScan,73.693,,84.0,,,,RecentScan,False,False,0,history0
heap,No Repair,85,85,RecentScan,74.061375,,85.0,,,,RecentScan,False,False,0,history0
heap,No Repair,86,86,Probe,3.751125,21.0,86.0,,,,Probe,False,False,0,history0
heap,No Repair,87,87,RecentScan,73.681625,,87.0,,,,RecentScan,False,False,0,history0
heap,No Repair,88,88,Probe,3.720583,21.0,88.0,,,,Probe,False,False,0,history0
heap,No Repair,89,89,Probe,4.121959,21.0,89.0,,,,Probe,False,False,0,history0
heap,No Repair,90,90,RecentScan,73.765334,,90.0,,,,RecentScan,False,False,0,history0
heap,No Repair,91,91,Update,0.024542,21.0,,,,,Update,False,False,0,history0
heap,No Repair,92,92,BuildSnap,0.0,,92.0,,,,MarkTs,False,False,0,history0
heap,No Repair,93,93,Probe,2.372792,21.0,93.0,,,,Probe,False,False,0,history0
heap,No Repair,94,94,RecentScan,74.182083,,94.0,,,,RecentScan,False,False,0,history0
heap,No Repair,95,95,Update,0.027083,21.0,,,,,Update,False,False,0,history0
heap,No Repair,96,96,RecentScan,74.666833,,96.0,,,,RecentScan,False,False,0,history0
heap,No Repair,97,97,Probe,3.026875,21.0,97.0,,,,Probe,False,False,0,history0
heap,No Repair,98,98,Probe,4.344542,21.0,98.0,,,,Probe,False,False,0,history0
heap,No Repair,99,99,RecentScan,74.977791,,99.0,,,,RecentScan,False,False,0,history0
heap,No Repair,100,100,Probe,2.875083,21.0,100.0,,,,Probe,False,False,0,history0
heap,No Repair,101,101,RecentScan,74.084584,,101.0,,,,RecentScan,False,False,0,history0
heap,No Repair,102,102,Probe,4.66125,21.0,102.0,,,,Probe,False,False,0,history0
heap,No Repair,103,103,RecentScan,74.858708,,103.0,,,,RecentScan,False,False,0,history0
heap,No Repair,104,104,Update,0.025125,21.0,,,,,Update,False,False,0,history0
heap,No Repair,105,105,BuildSnap,0.0,,105.0,,,,MarkTs,False,False,0,history0
heap,No Repair,106,106,Probe,2.298,21.0,106.0,,,,Probe,False,False,0,history0
heap,No Repair,107,107,Update,0.018542000000000003,21.0,,,,,Update,False,False,0,history0
heap,No Repair,108,108,Probe,3.630834,21.0,108.0,,,,Probe,False,False,0,history0
heap,No Repair,109,109,Update,0.016667,21.0,,,,,Update,False,False,0,history0
heap,No Repair,110,110,BuildSnap,0.0,,110.0,,,,MarkTs,False,False,0,history0
heap,No Repair,111,111,Probe,2.515708,21.0,111.0,,,,Probe,False,False,0,history0
heap,No Repair,112,112,RecentScan,75.48925,,112.0,,,,RecentScan,False,False,0,history0
heap,No Repair,113,113,Probe,3.636291,21.0,113.0,,,,Probe,False,False,0,history0
heap,No Repair,114,114,RecentScan,75.809584,,114.0,,,,RecentScan,False,False,0,history0
heap,No Repair,115,115,RecentScan,74.984625,,115.0,,,,RecentScan,False,False,0,history0
heap,No Repair,116,116,Probe,2.833792,21.0,116.0,,,,Probe,False,False,0,history0
heap,No Repair,117,117,RecentScan,74.443292,,117.0,,,,RecentScan,False,False,0,history0
heap,Read Repair,0,0,InitLoad,65.07625,210000.0,,,,,InitLoad,False,False,0,history0
heap,Read Repair,1,1,BuildSnap,0.0,,1.0,,,,MarkTs,False,False,0,history0
heap,Read Repair,2,2,Update,0.00925,21.0,,,,,Update,False,False,0,history0
heap,Read Repair,3,3,BuildSnap,0.0,,3.0,,,,MarkTs,False,False,0,history0
heap,Read Repair,4,4,RecentScan,102.605,,4.0,,,,RecentScan,False,False,0,history0
heap,Read Repair,5,5,Update,0.025541,21.0,,,,,Update,False,False,0,history0
heap,Read Repair,6,6,RecentScan,102.139083,,6.0,,,,RecentScan,False,False,0,history0
heap,Read Repair,7,7,HistoryScan,59.568292,,1.0,,,,HistoryScan,True,False,0,history0
heap,Read Repair,8,8,Update,0.02225,21.0,,,,,Update,False,False,0,history0
heap,Read Repair,9,9,BuildSnap,0.0,,9.0,,,,MarkTs,False,False,0,history0
heap,Read Repair,10,10,RecentScan,103.496125,,10.0,,,,RecentScan,False,False,0,history0
heap,Read Repair,11,11,Update,0.028,21.0,,,,,Update,False,False,0,history0
heap,Read Repair,12,12,RecentScan,101.696875,,12.0,,,,RecentScan,False,False,0,history0
heap,Read Repair,13,13,RecentScan,58.37125,,13.0,,,,RecentScan,False,False,0,history0
heap,Read Repair,14,14,Probe,1.151708,21.0,14.0,,,,Probe,False,False,0,history0
heap,Read Repair,15,15,GbgCollect,41.638916,,1.0,,,,GbgCollect,False,False,0,history0
heap,Read Repair,16,16,Update,0.016375,21.0,,,,,Update,False,False,0,history0
heap,Read Repair,17,17,BuildSnap,0.0,,17.0,,,,MarkTs,False,False,0,history0
heap,Read Repair,18,18,Update,0.035,21.0,,,,,Update,False,False,0,history0
heap,Read Repair,19,19,Probe,3.139625,21.0,19.0,,,,Probe,False,False,0,history0
heap,Read Repair,20,20,RecentScan,108.349167,,20.0,,,,RecentScan,False,False,0,history0
heap,Read Repair,21,21,RecentScan,60.349334,,21.0,,,,RecentScan,False,False,0,history0
heap,Read Repair,22,22,RecentScan,53.123916,,22.0,,,,RecentScan,False,False,0,history0
heap,Read Repair,23,23,Probe,1.821666,21.0,23.0,,,,Probe,False,False,0,history0
heap,Read Repair,24,24,Probe,1.69275,21.0,24.0,,,,Probe,False,False,0,history0
heap,Read Repair,25,25,Probe,2.695667,21.0,25.0,,,,Probe,False,False,0,history0
heap,Read Repair,26,26,RecentScan,56.413125,,26.0,,,,RecentScan,False,False,0,history0
heap,Read Repair,27,27,Probe,2.759542,21.0,27.0,,,,Probe,False,False,0,history0
heap,Read Repair,28,28,GbgCollect,40.959083,,3.0,,,,GbgCollect,False,False,0,history0
heap,Read Repair,29,29,RecentScan,53.232917,,29.0,,,,RecentScan,False,False,0,history0
heap,Read Repair,30,30,Update,0.024209,21.0,,,,,Update,False,False,0,history0
heap,Read Repair,31,31,BuildSnap,0.0,,31.0,,,,MarkTs,False,False,0,history0
heap,Read Repair,32,32,Probe,1.805417,21.0,32.0,,,,Probe,False,False,0,history0
heap,Read Repair,33,33,Probe,3.555542,21.0,33.0,,,,Probe,False,False,0,history0
heap,Read Repair,34,34,Update,0.016707999999999997,21.0,,,,,Update,False,False,0,history0
heap,Read Repair,35,35,RecentScan,102.762541,,35.0,,,,RecentScan,False,False,0,history0
heap,Read Repair,36,36,RecentScan,56.716542,,36.0,,,,RecentScan,False,False,0,history0
heap,Read Repair,37,37,Update,0.028582999999999997,21.0,,,,,Update,False,False,0,history0
heap,Read Repair,38,38,BuildSnap,0.0,,38.0,,,,MarkTs,False,False,0,history0
heap,Read Repair,39,39,GbgCollect,42.137709,,9.0,,,,GbgCollect,False,False,0,history0
heap,Read Repair,40,40,Probe,4.089208,21.0,40.0,,,,Probe,False,False,0,history0
heap,Read Repair,41,41,Update,0.015083000000000001,21.0,,,,,Update,False,False,0,history0
heap,Read Repair,42,42,RecentScan,104.44425,,42.0,,,,RecentScan,False,False,0,history0
heap,Read Repair,43,43,Probe,1.527166,21.0,43.0,,,,Probe,False,False,0,history0
heap,Read Repair,44,44,Probe,3.681708,21.0,44.0,,,,Probe,False,False,0,history0
heap,Read Repair,45,45,Update,0.017042,21.0,,,,,Update,False,False,0,history0
heap,Read Repair,46,46,BuildSnap,0.0,,46.0,,,,MarkTs,False,False,0,history0
heap,Read Repair,47,47,Probe,3.665584,21.0,47.0,,,,Probe,False,False,0,history0
heap,Read Repair,48,48,RecentScan,101.61775,,48.0,,,,RecentScan,False,False,0,history0
heap,Read Repair,49,49,RecentScan,54.710333,,49.0,,,,RecentScan,False,False,0,history0
heap,Read Repair,50,50,Probe,2.703625,21.0,50.0,,,,Probe,False,False,0,history0
heap,Read Repair,51,51,RecentScan,55.104417,,51.0,,,,RecentScan,False,False,0,history0
heap,Read Repair,52,52,Update,0.027125,21.0,,,,,Update,False,False,0,history0
heap,Read Repair,53,53,Update,0.01625,21.0,,,,,Update,False,False,0,history0
heap,Read Repair,54,54,BuildSnap,0.0,,54.0,,,,MarkTs,False,False,0,history0
heap,Read Repair,55,55,RecentScan,102.046042,,55.0,,,,RecentScan,False,False,0,history0
heap,Read Repair,56,56,Update,0.026625,21.0,,,,,Update,False,False,0,history0
heap,Read Repair,57,57,Probe,3.583084,21.0,57.0,,,,Probe,False,False,0,history0
heap,Read Repair,58,58,RecentScan,101.915209,,58.0,,,,RecentScan,False,False,0,history0
heap,Read Repair,59,59,Probe,4.62,21.0,59.0,,,,Probe,False,False,0,history0
heap,Read Repair,60,60,RecentScan,58.826125,,60.0,,,,RecentScan,False,False,0,history0
heap,Read Repair,61,61,RecentScan,55.672292,,61.0,,,,RecentScan,False,False,0,history0
heap,Read Repair,62,62,Probe,2.062,21.0,62.0,,,,Probe,False,False,0,history0
heap,Read Repair,63,63,Probe,2.492333,21.0,63.0,,,,Probe,False,False,0,history0
heap,Read Repair,64,64,Probe,2.831292,21.0,64.0,,,,Probe,False,False,0,history0
heap,Read Repair,65,65,Probe,3.226333,21.0,65.0,,,,Probe,False,False,0,history0
heap,Read Repair,66,66,GbgCollect,40.93075,,17.0,,,,GbgCollect,False,False,0,history0
heap,Read Repair,67,67,Probe,3.463959,21.0,67.0,,,,Probe,False,False,0,history0
heap,Read Repair,68,68,RecentScan,53.754,,68.0,,,,RecentScan,False,False,0,history0
heap,Read Repair,69,69,Probe,4.260958,21.0,69.0,,,,Probe,False,False,0,history0
heap,Read Repair,70,70,RecentScan,55.00825,,70.0,,,,RecentScan,False,False,0,history0
heap,Read Repair,71,71,Probe,2.005542,21.0,71.0,,,,Probe,False,False,0,history0
heap,Read Repair,72,72,RecentScan,54.803042,,72.0,,,,RecentScan,False,False,0,history0
heap,Read Repair,73,73,Probe,3.382625,21.0,73.0,,,,Probe,False,False,0,history0
heap,Read Repair,74,74,Probe,3.663167,21.0,74.0,,,,Probe,False,False,0,history0
heap,Read Repair,75,75,GbgCollect,40.71825,,31.0,,,,GbgCollect,False,False,0,history0
heap,Read Repair,76,76,RecentScan,54.953834,,76.0,,,,RecentScan,False,False,0,history0
heap,Read Repair,77,77,RecentScan,58.2135,,77.0,,,,RecentScan,False,False,0,history0
heap,Read Repair,78,78,RecentScan,55.969208,,78.0,,,,RecentScan,False,False,0,history0
heap,Read Repair,79,79,RecentScan,56.942125,,79.0,,,,RecentScan,False,False,0,history0
heap,Read Repair,80,80,Probe,2.14025,21.0,80.0,,,,Probe,False,False,0,history0
heap,Read Repair,81,81,Update,0.016625,21.0,,,,,Update,False,False,0,history0
heap,Read Repair,82,82,BuildSnap,0.0,,82.0,,,,MarkTs,False,False,0,history0
heap,Read Repair,83,83,Update,0.014166999999999999,21.0,,,,,Update,False,False,0,history0
heap,Read Repair,84,84,RecentScan,101.342042,,84.0,,,,RecentScan,False,False,0,history0
heap,Read Repair,85,85,RecentScan,57.676333,,85.0,,,,RecentScan,False,False,0,history0
heap,Read Repair,86,86,Probe,2.894084,21.0,86.0,,,,Probe,False,False,0,history0
heap,Read Repair,87,87,RecentScan,55.178791,,87.0,,,,RecentScan,False,False,0,history0
heap,Read Repair,88,88,Probe,2.798708,21.0,88.0,,,,Probe,False,False,0,history0
heap,Read Repair,89,89,Probe,3.519209,21.0,89.0,,,,Probe,False,False,0,history0
heap,Read Repair,90,90,RecentScan,56.340667,,90.0,,,,RecentScan,False,False,0,history0
heap,Read Repair,91,91,Update,0.025833,21.0,,,,,Update,False,False,0,history0
heap,Read Repair,92,92,BuildSnap,0.0,,92.0,,,,MarkTs,False,False,0,history0
heap,Read Repair,93,93,Probe,2.454666,21.0,93.0,,,,Probe,False,False,0,history0
heap,Read Repair,94,94,RecentScan,101.257875,,94.0,,,,RecentScan,False,False,0,history0
heap,Read Repair,95,95,Update,0.034957999999999996,21.0,,,,,Update,False,False,0,history0
heap,Read Repair,96,96,RecentScan,101.795792,,96.0,,,,RecentScan,False,False,0,history0
heap,Read Repair,97,97,Probe,2.218208,21.0,97.0,,,,Probe,False,False,0,history0
heap,Read Repair,98,98,Probe,3.171333,21.0,98.0,,,,Probe,False,False,0,history0
heap,Read Repair,99,99,RecentScan,54.48525,,99.0,,,,RecentScan,False,False,0,history0
heap,Read Repair,100,100,Probe,2.170792,21.0,100.0,,,,Probe,False,False,0,history0
heap,Read Repair,101,101,RecentScan,51.841292,,101.0,,,,RecentScan,False,False,0,history0
heap,Read Repair,102,102,Probe,3.227333,21.0,102.0,,,,Probe,False,False,0,history0
heap,Read Repair,103,103,RecentScan,56.476709,,103.0,,,,RecentScan,False,False,0,history0
heap,Read Repair,104,104,Update,0.021291,21.0,,,,,Update,False,False,0,history0
heap,Read Repair,105,105,BuildSnap,0.0,,105.0,,,,MarkTs,False,False,0,history0
heap,Read Repair,106,106,Probe,2.45575,21.0,106.0,,,,Probe,False,False,0,history0
heap,Read Repair,107,107,Update,0.020125,21.0,,,,,Update,False,False,0,history0
heap,Read Repair,108,108,Probe,3.626708,21.0,108.0,,,,Probe,False,False,0,history0
heap,Read Repair,109,109,Update,0.01775,21.0,,,,,Update,False,False,0,history0
heap,Read Repair,110,110,BuildSnap,0.0,,110.0,,,,MarkTs,False,False,0,history0
heap,Read Repair,111,111,Probe,2.439125,21.0,111.0,,,,Probe,False,False,0,history0
heap,Read Repair,112,112,RecentScan,102.019292,,112.0,,,,RecentScan,False,False,0,history0
heap,Read Repair,113,113,Probe,2.733875,21.0,113.0,,,,Probe,False,False,0,history0
heap,Read Repair,114,114,RecentScan,55.788125,,114.0,,,,RecentScan,False,False,0,history0
heap,Read Repair,115,115,RecentScan,57.787834,,115.0,,,,RecentScan,False,False,0,history0
heap,Read Repair,116,116,Probe,2.3835,21.0,116.0,,,,Probe,False,False,0,history0
heap,Read Repair,117,117,RecentScan,53.166375,,117.0,,,,RecentScan,False,False,0,history0
heap,Write Repair,0,0,InitLoad,70.529666,210000.0,,,,,InitLoad,False,False,0,history0
heap,Write Repair,1,1,BuildSnap,0.0,,1.0,,,,MarkTs,False,False,0,history0
heap,Write Repair,2,2,Update,2.993334,21.0,,,,,Update,False,False,0,history0
heap,Write Repair,3,3,BuildSnap,0.0,,3.0,,,,MarkTs,False,False,0,history0
heap,Write Repair,4,4,RecentScan,54.159292,,4.0,,,,RecentScan,False,False,0,history0
heap,Write Repair,5,5,Update,3.265375,21.0,,,,,Update,False,False,0,history0
heap,Write Repair,6,6,RecentScan,53.58975,,6.0,,,,RecentScan,False,False,0,history0
heap,Write Repair,7,7,HistoryScan,53.50475,,1.0,,,,HistoryScan,True,False,0,history0
heap,Write Repair,8,8,Update,3.024416,21.0,,,,,Update,False,False,0,history0
heap,Write Repair,9,9,BuildSnap,0.0,,9.0,,,,MarkTs,False,False,0,history0
heap,Write Repair,10,10,RecentScan,54.975959,,10.0,,,,RecentScan,False,False,0,history0
heap,Write Repair,11,11,Update,3.156875,21.0,,,,,Update,False,False,0,history0
heap,Write Repair,12,12,RecentScan,54.15675,,12.0,,,,RecentScan,False,False,0,history0
heap,Write Repair,13,13,RecentScan,54.636,,13.0,,,,RecentScan,False,False,0,history0
heap,Write Repair,14,14,Probe,1.155583,21.0,14.0,,,,Probe,False,False,0,history0
heap,Write Repair,15,15,GbgCollect,41.189916,,1.0,,,,GbgCollect,False,False,0,history0
heap,Write Repair,16,16,Update,2.895166,21.0,,,,,Update,False,False,0,history0
heap,Write Repair,17,17,BuildSnap,0.0,,17.0,,,,MarkTs,False,False,0,history0
heap,Write Repair,18,18,Update,2.111959,21.0,,,,,Update,False,False,0,history0
heap,Write Repair,19,19,Probe,1.933375,21.0,19.0,,,,Probe,False,False,0,history0
heap,Write Repair,20,20,RecentScan,54.11475,,20.0,,,,RecentScan,False,False,0,history0
heap,Write Repair,21,21,RecentScan,54.578708,,21.0,,,,RecentScan,False,False,0,history0
heap,Write Repair,22,22,RecentScan,55.914833,,22.0,,,,RecentScan,False,False,0,history0
heap,Write Repair,23,23,Probe,2.036833,21.0,23.0,,,,Probe,False,False,0,history0
heap,Write Repair,24,24,Probe,1.907,21.0,24.0,,,,Probe,False,False,0,history0
heap,Write Repair,25,25,Probe,2.413,21.0,25.0,,,,Probe,False,False,0,history0
heap,Write Repair,26,26,RecentScan,56.946083,,26.0,,,,RecentScan,False,False,0,history0
heap,Write Repair,27,27,Probe,2.854834,21.0,27.0,,,,Probe,False,False,0,history0
heap,Write Repair,28,28,GbgCollect,41.339958,,3.0,,,,GbgCollect,False,False,0,history0
heap,Write Repair,29,29,RecentScan,54.368667,,29.0,,,,RecentScan,False,False,0,history0
heap,Write Repair,30,30,Update,3.07725,21.0,,,,,Update,False,False,0,history0
heap,Write Repair,31,31,BuildSnap,0.0,,31.0,,,,MarkTs,False,False,0,history0
heap,Write Repair,32,32,Probe,1.075167,21.0,32.0,,,,Probe,False,False,0,history0
heap,Write Repair,33,33,Probe,2.486333,21.0,33.0,,,,Probe,False,False,0,history0
heap,Write Repair,34,34,Update,2.460125,21.0,,,,,Update,False,False,0,history0
heap,Write Repair,35,35,RecentScan,55.44525,,35.0,,,,RecentScan,False,False,0,history0
heap,Write Repair,36,36,RecentScan,56.774542,,36.0,,,,RecentScan,False,False,0,history0
heap,Write Repair,37,37,Update,2.909542,21.0,,,,,Update,False,False,0,history0
heap,Write Repair,38,38,BuildSnap,0.0,,38.0,,,,MarkTs,False,False,0,history0
heap,Write Repair,39,39,GbgCollect,41.511708,,9.0,,,,GbgCollect,False,False,0,history0
heap,Write Repair,40,40,Probe,2.97725,21.0,40.0,,,,Probe,False,False,0,history0
heap,Write Repair,41,41,Update,3.227792,21.0,,,,,Update,False,False,0,history0
heap,Write Repair,42,42,RecentScan,56.350583,,42.0,,,,RecentScan,False,False,0,history0
heap,Write Repair,43,43,Probe,1.491334,21.0,43.0,,,,Probe,False,False,0,history0
heap,Write Repair,44,44,Probe,3.507834,21.0,44.0,,,,Probe,False,False,0,history0
heap,Write Repair,45,45,Update,2.8755,21.0,,,,,Update,False,False,0,history0
heap,Write Repair,46,46,BuildSnap,0.0,,46.0,,,,MarkTs,False,False,0,history0
heap,Write Repair,47,47,Probe,2.434708,21.0,47.0,,,,Probe,False,False,0,history0
heap,Write Repair,48,48,RecentScan,54.574833,,48.0,,,,RecentScan,False,False,0,history0
heap,Write Repair,49,49,RecentScan,56.755959,,49.0,,,,RecentScan,False,False,0,history0
heap,Write Repair,50,50,Probe,2.961709,21.0,50.0,,,,Probe,False,False,0,history0
heap,Write Repair,51,51,RecentScan,56.0795,,51.0,,,,RecentScan,False,False,0,history0
heap,Write Repair,52,52,Update,3.325417,21.0,,,,,Update,False,False,0,history0
heap,Write Repair,53,53,Update,2.555,21.0,,,,,Update,False,False,0,history0
heap,Write Repair,54,54,BuildSnap,0.0,,54.0,,,,MarkTs,False,False,0,history0
heap,Write Repair,55,55,RecentScan,53.564375,,55.0,,,,RecentScan,False,False,0,history0
heap,Write Repair,56,56,Update,3.008292,21.0,,,,,Update,False,False,0,history0
heap,Write Repair,57,57,Probe,2.423041,21.0,57.0,,,,Probe,False,False,0,history0
heap,Write Repair,58,58,RecentScan,53.004833,,58.0,,,,RecentScan,False,False,0,history0
heap,Write Repair,59,59,Probe,4.694958,21.0,59.0,,,,Probe,False,False,0,history0
heap,Write Repair,60,60,RecentScan,55.092291,,60.0,,,,RecentScan,False,False,0,history0
heap,Write Repair,61,61,RecentScan,56.59575,,61.0,,,,RecentScan,False,False,0,history0
heap,Write Repair,62,62,Probe,2.056084,21.0,62.0,,,,Probe,False,False,0,history0
heap,Write Repair,63,63,Probe,2.521167,21.0,63.0,,,,Probe,False,False,0,history0
heap,Write Repair,64,64,Probe,2.631917,21.0,64.0,,,,Probe,False,False,0,history0
heap,Write Repair,65,65,Probe,3.260875,21.0,65.0,,,,Probe,False,False,0,history0
heap,Write Repair,66,66,GbgCollect,40.91875,,17.0,,,,GbgCollect,False,False,0,history0
heap,Write Repair,67,67,Probe,3.127542,21.0,67.0,,,,Probe,False,False,0,history0
heap,Write Repair,68,68,RecentScan,54.278833,,68.0,,,,RecentScan,False,False,0,history0
heap,Write Repair,69,69,Probe,3.878083,21.0,69.0,,,,Probe,False,False,0,history0
heap,Write Repair,70,70,RecentScan,54.867709,,70.0,,,,RecentScan,False,False,0,history0
heap,Write Repair,71,71,Probe,2.298834,21.0,71.0,,,,Probe,False,False,0,history0
heap,Write Repair,72,72,RecentScan,56.4015,,72.0,,,,RecentScan,False,False,0,history0
heap,Write Repair,73,73,Probe,3.47925,21.0,73.0,,,,Probe,False,False,0,history0
heap,Write Repair,74,74,Probe,3.371084,21.0,74.0,,,,Probe,False,False,0,history0
heap,Write Repair,75,75,GbgCollect,40.851791,,31.0,,,,GbgCollect,False,False,0,history0
heap,Write Repair,76,76,RecentScan,55.561458,,76.0,,,,RecentScan,False,False,0,history0
heap,Write Repair,77,77,RecentScan,53.510875,,77.0,,,,RecentScan,False,False,0,history0
heap,Write Repair,78,78,RecentScan,55.941542,,78.0,,,,RecentScan,False,False,0,history0
heap,Write Repair,79,79,RecentScan,54.702208,,79.0,,,,RecentScan,False,False,0,history0
heap,Write Repair,80,80,Probe,2.219625,21.0,80.0,,,,Probe,False,False,0,history0
heap,Write Repair,81,81,Update,2.976125,21.0,,,,,Update,False,False,0,history0
heap,Write Repair,82,82,BuildSnap,0.0,,82.0,,,,MarkTs,False,False,0,history0
heap,Write Repair,83,83,Update,2.244833,21.0,,,,,Update,False,False,0,history0
heap,Write Repair,84,84,RecentScan,54.599875,,84.0,,,,RecentScan,False,False,0,history0
heap,Write Repair,85,85,RecentScan,56.31425,,85.0,,,,RecentScan,False,False,0,history0
heap,Write Repair,86,86,Probe,2.760958,21.0,86.0,,,,Probe,False,False,0,history0
heap,Write Repair,87,87,RecentScan,54.21,,87.0,,,,RecentScan,False,False,0,history0
heap,Write Repair,88,88,Probe,2.825125,21.0,88.0,,,,Probe,False,False,0,history0
heap,Write Repair,89,89,Probe,3.420333,21.0,89.0,,,,Probe,False,False,0,history0
heap,Write Repair,90,90,RecentScan,56.299292,,90.0,,,,RecentScan,False,False,0,history0
heap,Write Repair,91,91,Update,2.91725,21.0,,,,,Update,False,False,0,history0
heap,Write Repair,92,92,BuildSnap,0.0,,92.0,,,,MarkTs,False,False,0,history0
heap,Write Repair,93,93,Probe,1.560209,21.0,93.0,,,,Probe,False,False,0,history0
heap,Write Repair,94,94,RecentScan,52.991917,,94.0,,,,RecentScan,False,False,0,history0
heap,Write Repair,95,95,Update,3.077625,21.0,,,,,Update,False,False,0,history0
heap,Write Repair,96,96,RecentScan,55.1815,,96.0,,,,RecentScan,False,False,0,history0
heap,Write Repair,97,97,Probe,2.127667,21.0,97.0,,,,Probe,False,False,0,history0
heap,Write Repair,98,98,Probe,3.184417,21.0,98.0,,,,Probe,False,False,0,history0
heap,Write Repair,99,99,RecentScan,56.942417,,99.0,,,,RecentScan,False,False,0,history0
heap,Write Repair,100,100,Probe,1.926833,21.0,100.0,,,,Probe,False,False,0,history0
heap,Write Repair,101,101,RecentScan,52.745375,,101.0,,,,RecentScan,False,False,0,history0
heap,Write Repair,102,102,Probe,3.531375,21.0,102.0,,,,Probe,False,False,0,history0
heap,Write Repair,103,103,RecentScan,54.215083,,103.0,,,,RecentScan,False,False,0,history0
heap,Write Repair,104,104,Update,3.180208,21.0,,,,,Update,False,False,0,history0
heap,Write Repair,105,105,BuildSnap,0.0,,105.0,,,,MarkTs,False,False,0,history0
heap,Write Repair,106,106,Probe,1.618709,21.0,106.0,,,,Probe,False,False,0,history0
heap,Write Repair,107,107,Update,2.484583,21.0,,,,,Update,False,False,0,history0
heap,Write Repair,108,108,Probe,2.613042,21.0,108.0,,,,Probe,False,False,0,history0
heap,Write Repair,109,109,Update,2.042625,21.0,,,,,Update,False,False,0,history0
heap,Write Repair,110,110,BuildSnap,0.0,,110.0,,,,MarkTs,False,False,0,history0
heap,Write Repair,111,111,Probe,1.726292,21.0,111.0,,,,Probe,False,False,0,history0
heap,Write Repair,112,112,RecentScan,55.646667,,112.0,,,,RecentScan,False,False,0,history0
heap,Write Repair,113,113,Probe,2.97,21.0,113.0,,,,Probe,False,False,0,history0
heap,Write Repair,114,114,RecentScan,57.207458,,114.0,,,,RecentScan,False,False,0,history0
heap,Write Repair,115,115,RecentScan,57.711583,,115.0,,,,RecentScan,False,False,0,history0
heap,Write Repair,116,116,Probe,2.145167,21.0,116.0,,,,Probe,False,False,0,history0
heap,Write Repair,117,117,RecentScan,55.422416,,117.0,,,,RecentScan,False,False,0,history0
heap,No Repair,0,0,InitLoad,65.828083,210000.0,,,,,InitLoad,False,False,2,history0
heap,No Repair,1,1,BuildSnap,0.0,,1.0,,,,MarkTs,False,False,2,history0
heap,No Repair,2,2,Update,0.011667,21.0,,,,,Update,False,False,2,history0
heap,No Repair,3,3,BuildSnap,0.0,,3.0,,,,MarkTs,False,False,2,history0
heap,No Repair,4,4,RecentScan,74.387708,,4.0,,,,RecentScan,False,False,2,history0
heap,No Repair,5,5,Update,0.029166,21.0,,,,,Update,False,False,2,history0
heap,No Repair,6,6,RecentScan,73.750208,,6.0,,,,RecentScan,False,False,2,history0
heap,No Repair,7,7,HistoryScan,73.255583,,1.0,,,,HistoryScan,True,False,2,history0
heap,No Repair,8,8,Update,0.028167,21.0,,,,,Update,False,False,2,history0
heap,No Repair,9,9,BuildSnap,0.0,,9.0,,,,MarkTs,False,False,2,history0
heap,No Repair,10,10,RecentScan,72.704167,,10.0,,,,RecentScan,False,False,2,history0
heap,No Repair,11,11,Update,0.031,21.0,,,,,Update,False,False,2,history0
heap,No Repair,12,12,RecentScan,74.015542,,12.0,,,,RecentScan,False,False,2,history0
heap,No Repair,13,13,RecentScan,73.716916,,13.0,,,,RecentScan,False,False,2,history0
heap,No Repair,14,14,Probe,1.726209,21.0,14.0,,,,Probe,False,False,2,history0
heap,No Repair,15,15,GbgCollect,40.556417,,1.0,,,,GbgCollect,False,False,2,history0
heap,No Repair,16,16,Update,0.015,21.0,,,,,Update,False,False,2,history0
heap,No Repair,17,17,BuildSnap,0.0,,17.0,,,,MarkTs,False,False,2,history0
heap,No Repair,18,18,Update,0.011166,21.0,,,,,Update,False,False,2,history0
heap,No Repair,19,19,Probe,2.822625,21.0,19.0,,,,Probe,False,False,2,history0
heap,No Repair,20,20,RecentScan,73.996917,,20.0,,,,RecentScan,False,False,2,history0
heap,No Repair,21,21,RecentScan,73.127875,,21.0,,,,RecentScan,False,False,2,history0
heap,No Repair,22,22,RecentScan,74.882167,,22.0,,,,RecentScan,False,False,2,history0
heap,No Repair,23,23,Probe,2.742125,21.0,23.0,,,,Probe,False,False,2,history0
heap,No Repair,24,24,Probe,2.548292,21.0,24.0,,,,Probe,False,False,2,history0
heap,No Repair,25,25,Probe,3.309916,21.0,25.0,,,,Probe,False,False,2,history0
heap,No Repair,26,26,RecentScan,75.12075,,26.0,,,,RecentScan,False,False,2,history0
heap,No Repair,27,27,Probe,4.158959,21.0,27.0,,,,Probe,False,False,2,history0
heap,No Repair,28,28,GbgCollect,41.495125,,3.0,,,,GbgCollect,False,False,2,history0
heap,No Repair,29,29,RecentScan,75.803416,,29.0,,,,RecentScan,False,False,2,history0
heap,No Repair,30,30,Update,0.026167000000000003,21.0,,,,,Update,False,False,2,history0
heap,No Repair,31,31,BuildSnap,0.0,,31.0,,,,MarkTs,False,False,2,history0
heap,No Repair,32,32,Probe,1.833875,21.0,32.0,,,,Probe,False,False,2,history0
heap,No Repair,33,33,Probe,3.590416,21.0,33.0,,,,Probe,False,False,2,history0
heap,No Repair,34,34,Update,0.017375,21.0,,,,,Update,False,False,2,history0
heap,No Repair,35,35,RecentScan,74.888958,,35.0,,,,RecentScan,False,False,2,history0
heap,No Repair,36,36,RecentScan,73.554791,,36.0,,,,RecentScan,False,False,2,history0
heap,No Repair,37,37,Update,0.029042000000000002,21.0,,,,,Update,False,False,2,history0
heap,No Repair,38,38,BuildSnap,0.0,,38.0,,,,MarkTs,False,False,2,history0
heap,No Repair,39,39,GbgCollect,41.247333,,9.0,,,,GbgCollect,False,False,2,history0
heap,No Repair,40,40,Probe,3.898208,21.0,40.0,,,,Probe,False,False,2,history0
heap,No Repair,41,41,Update,0.013541000000000001,21.0,,,,,Update,False,False,2,history0
heap,No Repair,42,42,RecentScan,74.487917,,42.0,,,,RecentScan,False,False,2,history0
heap,No Repair,43,43,Probe,2.096125,21.0,43.0,,,,Probe,False,False,2,history0
heap,No Repair,44,44,Probe,4.694834,21.0,44.0,,,,Probe,False,False,2,history0
heap,No Repair,45,45,Update,0.016084,21.0,,,,,Update,False,False,2,history0
heap,No Repair,46,46,BuildSnap,0.0,,46.0,,,,MarkTs,False,False,2,history0
heap,No Repair,47,47,Probe,3.686917,21.0,47.0,,,,Probe,False,False,2,history0
heap,No Repair,48,48,RecentScan,75.119834,,48.0,,,,RecentScan,False,False,2,history0
heap,No Repair,49,49,RecentScan,74.728292,,49.0,,,,RecentScan,False,False,2,history0
heap,No Repair,50,50,Probe,3.756625,21.0,50.0,,,,Probe,False,False,2,history0
heap,No Repair,51,51,RecentScan,73.376791,,51.0,,,,RecentScan,False,False,2,history0
heap,No Repair,52,52,Update,0.029375,21.0,,,,,Update,False,False,2,history0
heap,No Repair,53,53,Update,0.020834,21.0,,,,,Update,False,False,2,history0
heap,No Repair,54,54,BuildSnap,0.0,,54.0,,,,MarkTs,False,False,2,history0
heap,No Repair,55,55,RecentScan,74.138708,,55.0,,,,RecentScan,False,False,2,history0
heap,No Repair,56,56,Update,0.027625,21.0,,,,,Update,False,False,2,history0
heap,No Repair,57,57,Probe,3.664583,21.0,57.0,,,,Probe,False,False,2,history0
heap,No Repair,58,58,RecentScan,74.088334,,58.0,,,,RecentScan,False,False,2,history0
heap,No Repair,59,59,Probe,5.790125,21.0,59.0,,,,Probe,False,False,2,history0
heap,No Repair,60,60,RecentScan,72.636,,60.0,,,,RecentScan,False,False,2,history0
heap,No Repair,61,61,RecentScan,73.6425,,61.0,,,,RecentScan,False,False,2,history0
heap,No Repair,62,62,Probe,2.94025,21.0,62.0,,,,Probe,False,False,2,history0
heap,No Repair,63,63,Probe,3.309625,21.0,63.0,,,,Probe,False,False,2,history0
heap,No Repair,64,64,Probe,4.254833,21.0,64.0,,,,Probe,False,False,2,history0
heap,No Repair,65,65,Probe,5.063666,21.0,65.0,,,,Probe,False,False,2,history0
heap,No Repair,66,66,GbgCollect,41.407583,,17.0,,,,GbgCollect,False,False,2,history0
heap,No Repair,67,67,Probe,4.477042,21.0,67.0,,,,Probe,False,False,2,history0
heap,No Repair,68,68,RecentScan,73.044084,,68.0,,,,RecentScan,False,False,2,history0
heap,No Repair,69,69,Probe,5.472667,21.0,69.0,,,,Probe,False,False,2,history0
heap,No Repair,70,70,RecentScan,71.889041,,70.0,,,,RecentScan,False,False,2,history0
heap,No Repair,71,71,Probe,2.984708,21.0,71.0,,,,Probe,False,False,2,history0
heap,No Repair,72,72,RecentScan,72.782917,,72.0,,,,RecentScan,False,False,2,history0
heap,No Repair,73,73,Probe,4.872667,21.0,73.0,,,,Probe,False,False,2,history0
heap,No Repair,74,74,Probe,4.896333,21.0,74.0,,,,Probe,False,False,2,history0
heap,No Repair,75,75,GbgCollect,40.662042,,31.0,,,,GbgCollect,False,False,2,history0
heap,No Repair,76,76,RecentScan,73.733334,,76.0,,,,RecentScan,False,False,2,history0
heap,No Repair,77,77,RecentScan,72.800625,,77.0,,,,RecentScan,False,False,2,history0
heap,No Repair,78,78,RecentScan,74.41275,,78.0,,,,RecentScan,False,False,2,history0
heap,No Repair,79,79,RecentScan,72.962291,,79.0,,,,RecentScan,False,False,2,history0
heap,No Repair,80,80,Probe,2.786917,21.0,80.0,,,,Probe,False,False,2,history0
heap,No Repair,81,81,Update,0.016457999999999997,21.0,,,,,Update,False,False,2,history0
heap,No Repair,82,82,BuildSnap,0.0,,82.0,,,,MarkTs,False,False,2,history0
heap,No Repair,83,83,Update,0.015167,21.0,,,,,Update,False,False,2,history0
heap,No Repair,84,84,RecentScan,72.586167,,84.0,,,,RecentScan,False,False,2,history0
heap,No Repair,85,85,RecentScan,73.536334,,85.0,,,,RecentScan,False,False,2,history0
heap,No Repair,86,86,Probe,3.840583,21.0,86.0,,,,Probe,False,False,2,history0
heap,No Repair,87,87,RecentScan,73.673083,,87.0,,,,RecentScan,False,False,2,history0
heap,No Repair,88,88,Probe,3.7895,21.0,88.0,,,,Probe,False,False,2,history0
heap,No Repair,89,89,Probe,4.279459,21.0,89.0,,,,Probe,False,False,2,history0
heap,No Repair,90,90,RecentScan,72.601083,,90.0,,,,RecentScan,False,False,2,history0
heap,No Repair,91,91,Update,0.026333,21.0,,,,,Update,False,False,2,history0
heap,No Repair,92,92,BuildSnap,0.0,,92.0,,,,MarkTs,False,False,2,history0
heap,No Repair,93,93,Probe,2.438042,21.0,93.0,,,,Probe,False,False,2,history0
heap,No Repair,94,94,RecentScan,76.220041,,94.0,,,,RecentScan,False,False,2,history0
heap,No Repair,95,95,Update,0.032208,21.0,,,,,Update,False,False,2,history0
heap,No Repair,96,96,RecentScan,75.98625,,96.0,,,,RecentScan,False,False,2,history0
heap,No Repair,97,97,Probe,2.995125,21.0,97.0,,,,Probe,False,False,2,history0
heap,No Repair,98,98,Probe,4.441084,21.0,98.0,,,,Probe,False,False,2,history0
heap,No Repair,99,99,RecentScan,74.4405,,99.0,,,,RecentScan,False,False,2,history0
heap,No Repair,100,100,Probe,2.788583,21.0,100.0,,,,Probe,False,False,2,history0
heap,No Repair,101,101,RecentScan,74.989416,,101.0,,,,RecentScan,False,False,2,history0
heap,No Repair,102,102,Probe,4.713333,21.0,102.0,,,,Probe,False,False,2,history0
heap,No Repair,103,103,RecentScan,74.531333,,103.0,,,,RecentScan,False,False,2,history0
heap,No Repair,104,104,Update,0.027167,21.0,,,,,Update,False,False,2,history0
heap,No Repair,105,105,BuildSnap,0.0,,105.0,,,,MarkTs,False,False,2,history0
heap,No Repair,106,106,Probe,2.300166,21.0,106.0,,,,Probe,False,False,2,history0
heap,No Repair,107,107,Update,0.018083,21.0,,,,,Update,False,False,2,history0
heap,No Repair,108,108,Probe,3.661625,21.0,108.0,,,,Probe,False,False,2,history0
heap,No Repair,109,109,Update,0.017582999999999998,21.0,,,,,Update,False,False,2,history0
heap,No Repair,110,110,BuildSnap,0.0,,110.0,,,,MarkTs,False,False,2,history0
heap,No Repair,111,111,Probe,2.44125,21.0,111.0,,,,Probe,False,False,2,history0
heap,No Repair,112,112,RecentScan,74.4025,,112.0,,,,RecentScan,False,False,2,history0
heap,No Repair,113,113,Probe,3.4755,21.0,113.0,,,,Probe,False,False,2,history0
heap,No Repair,114,114,RecentScan,74.365542,,114.0,,,,RecentScan,False,False,2,history0
heap,No Repair,115,115,RecentScan,74.952667,,115.0,,,,RecentScan,False,False,2,history0
heap,No Repair,116,116,Probe,2.789375,21.0,116.0,,,,Probe,False,False,2,history0
heap,No Repair,117,117,RecentScan,74.656792,,117.0,,,,RecentScan,False,False,2,history0
heap,Read Repair,0,0,InitLoad,62.397125,210000.0,,,,,InitLoad,False,False,2,history0
heap,Read Repair,1,1,BuildSnap,0.0,,1.0,,,,MarkTs,False,False,2,history0
heap,Read Repair,2,2,Update,0.009583,21.0,,,,,Update,False,False,2,history0
heap,Read Repair,3,3,BuildSnap,0.0,,3.0,,,,MarkTs,False,False,2,history0
heap,Read Repair,4,4,RecentScan,100.17725,,4.0,,,,RecentScan,False,False,2,history0
heap,Read Repair,5,5,Update,0.024417,21.0,,,,,Update,False,False,2,history0
heap,Read Repair,6,6,RecentScan,100.172625,,6.0,,,,RecentScan,False,False,2,history0
heap,Read Repair,7,7,HistoryScan,56.20025,,1.0,,,,HistoryScan,True,False,2,history0
heap,Read Repair,8,8,Update,0.02125,21.0,,,,,Update,False,False,2,history0
heap,Read Repair,9,9,BuildSnap,0.0,,9.0,,,,MarkTs,False,False,2,history0
heap,Read Repair,10,10,RecentScan,99.770167,,10.0,,,,RecentScan,False,False,2,history0
heap,Read Repair,11,11,Update,0.027125,21.0,,,,,Update,False,False,2,history0
heap,Read Repair,12,12,RecentScan,100.145708,,12.0,,,,RecentScan,False,False,2,history0
heap,Read Repair,13,13,RecentScan,57.46025,,13.0,,,,RecentScan,False,False,2,history0
heap,Read Repair,14,14,Probe,1.28725,21.0,14.0,,,,Probe,False,False,2,history0
heap,Read Repair,15,15,GbgCollect,40.658542,,1.0,,,,GbgCollect,False,False,2,history0
heap,Read Repair,16,16,Update,0.01375,21.0,,,,,Update,False,False,2,history0
heap,Read Repair,17,17,BuildSnap,0.0,,17.0,,,,MarkTs,False,False,2,history0
heap,Read Repair,18,18,Update,0.010667,21.0,,,,,Update,False,False,2,history0
heap,Read Repair,19,19,Probe,2.859083,21.0,19.0,,,,Probe,False,False,2,history0
heap,Read Repair,20,20,RecentScan,99.786958,,20.0,,,,RecentScan,False,False,2,history0
heap,Read Repair,21,21,RecentScan,56.373042,,21.0,,,,RecentScan,False,False,2,history0
heap,Read Repair,22,22,RecentScan,55.011125,,22.0,,,,RecentScan,False,False,2,history0
heap,Read Repair,23,23,Probe,1.956333,21.0,23.0,,,,Probe,False,False,2,history0
heap,Read Repair,24,24,Probe,1.65225,21.0,24.0,,,,Probe,False,False,2,history0
heap,Read Repair,25,25,Probe,2.36575,21.0,25.0,,,,Probe,False,False,2,history0
heap,Read Repair,26,26,RecentScan,54.253541,,26.0,,,,RecentScan,False,False,2,history0
heap,Read Repair,27,27,Probe,2.678875,21.0,27.0,,,,Probe,False,False,2,history0
heap,Read Repair,28,28,GbgCollect,40.1075,,3.0,,,,GbgCollect,False,False,2,history0
heap,Read Repair,29,29,RecentScan,54.4615,,29.0,,,,RecentScan,False,False,2,history0
heap,Read Repair,30,30,Update,0.020042,21.0,,,,,Update,False,False,2,history0
heap,Read Repair,31,31,BuildSnap,0.0,,31.0,,,,MarkTs,False,False,2,history0
heap,Read Repair,32,32,Probe,1.814167,21.0,32.0,,,,Probe,False,False,2,history0
heap,Read Repair,33,33,Probe,3.462167,21.0,33.0,,,,Probe,False,False,2,history0
heap,Read Repair,34,34,Update,0.017082999999999997,21.0,,,,,Update,False,False,2,history0
heap,Read Repair,35,35,RecentScan,102.560666,,35.0,,,,RecentScan,False,False,2,history0
heap,Read Repair,36,36,RecentScan,56.931167,,36.0,,,,RecentScan,False,False,2,history0
heap,Read Repair,37,37,Update,0.029792000000000003,21.0,,,,,Update,False,False,2,history0
heap,Read Repair,38,38,BuildSnap,0.0,,38.0,,,,MarkTs,False,False,2,history0
heap,Read Repair,39,39,GbgCollect,47.210917,,9.0,,,,GbgCollect,False,False,2,history0
heap,Read Repair,40,40,Probe,4.148458,21.0,40.0,,,,Probe,False,False,2,history0
heap,Read Repair,41,41,Update,0.014959,21.0,,,,,Update,False,False,2,history0
heap,Read Repair,42,42,RecentScan,109.152208,,42.0,,,,RecentScan,False,False,2,history0
heap,Read Repair,43,43,Probe,1.470083,21.0,43.0,,,,Probe,False,False,2,history0
heap,Read Repair,44,44,Probe,3.8035,21.0,44.0,,,,Probe,False,False,2,history0
heap,Read Repair,45,45,Update,0.017625,21.0,,,,,Update,False,False,2,history0
heap,Read Repair,46,46,BuildSnap,0.0,,46.0,,,,MarkTs,False,False,2,history0
heap,Read Repair,47,47,Probe,3.866583,21.0,47.0,,,,Probe,False,False,2,history0
heap,Read Repair,48,48,RecentScan,105.882833,,48.0,,,,RecentScan,False,False,2,history0
heap,Read Repair,49,49,RecentScan,63.109833,,49.0,,,,RecentScan,False,False,2,history0
heap,Read Repair,50,50,Probe,4.720166,21.0,50.0,,,,Probe,False,False,2,history0
heap,Read Repair,51,51,RecentScan,56.89875,,51.0,,,,RecentScan,False,False,2,history0
heap,Read Repair,52,52,Update,0.030125,21.0,,,,,Update,False,False,2,history0
heap,Read Repair,53,53,Update,0.017875,21.0,,,,,Update,False,False,2,history0
heap,Read Repair,54,54,BuildSnap,0.0,,54.0,,,,MarkTs,False,False,2,history0
heap,Read Repair,55,55,RecentScan,109.80575,,55.0,,,,RecentScan,False,False,2,history0
heap,Read Repair,56,56,Update,0.026584,21.0,,,,,Update,False,False,2,history0
heap,Read Repair,57,57,Probe,3.610625,21.0,57.0,,,,Probe,False,False,2,history0
heap,Read Repair,58,58,RecentScan,109.750042,,58.0,,,,RecentScan,False,False,2,history0
heap,Read Repair,59,59,Probe,4.093333,21.0,59.0,,,,Probe,False,False,2,history0
heap,Read Repair,60,60,RecentScan,58.628667,,60.0,,,,RecentScan,False,False,2,history0
heap,Read Repair,61,61,RecentScan,60.043417,,61.0,,,,RecentScan,False,False,2,history0
heap,Read Repair,62,62,Probe,1.987417,21.0,62.0,,,,Probe,False,False,2,history0
heap,Read Repair,63,63,Probe,2.279834,21.0,63.0,,,,Probe,False,False,2,history0
heap,Read Repair,64,64,Probe,2.447833,21.0,64.0,,,,Probe,False,False,2,history0
heap,Read Repair,65,65,Probe,2.747166,21.0,65.0,,,,Probe,False,False,2,history0
heap,Read Repair,66,66,GbgCollect,40.682333,,17.0,,,,GbgCollect,False,False,2,history0
heap,Read Repair,67,67,Probe,2.677334,21.0,67.0,,,,Probe,False,False,2,history0
heap,Read Repair,68,68,RecentScan,58.74925,,68.0,,,,RecentScan,False,False,2,history0
heap,Read Repair,69,69,Probe,3.494875,21.0,69.0,,,,Probe,False,False,2,history0
heap,Read Repair,70,70,RecentScan,59.184375,,70.0,,,,RecentScan,False,False,2,history0
heap,Read Repair,71,71,Probe,2.111166,21.0,71.0,,,,Probe,False,False,2,history0
heap,Read Repair,72,72,RecentScan,59.152459,,72.0,,,,RecentScan,False,False,2,history0
heap,Read Repair,73,73,Probe,3.231667,21.0,73.0,,,,Probe,False,False,2,history0
heap,Read Repair,74,74,Probe,3.041709,21.0,74.0,,,,Probe,False,False,2,history0
heap,Read Repair,75,75,GbgCollect,40.60525,,31.0,,,,GbgCollect,False,False,2,history0
heap,Read Repair,76,76,RecentScan,59.639458,,76.0,,,,RecentScan,False,False,2,history0
heap,Read Repair,77,77,RecentScan,59.990792,,77.0,,,,RecentScan,False,False,2,history0
heap,Read Repair,78,78,RecentScan,60.444083,,78.0,,,,RecentScan,False,False,2,history0
heap,Read Repair,79,79,RecentScan,60.308666,,79.0,,,,RecentScan,False,False,2,history0
heap,Read Repair,80,80,Probe,1.9,21.0,80.0,,,,Probe,False,False,2,history0
heap,Read Repair,81,81,Update,0.016582999999999997,21.0,,,,,Update,False,False,2,history0
heap,Read Repair,82,82,BuildSnap,0.0,,82.0,,,,MarkTs,False,False,2,history0
heap,Read Repair,83,83,Update,0.014584,21.0,,,,,Update,False,False,2,history0
heap,Read Repair,84,84,RecentScan,102.233666,,84.0,,,,RecentScan,False,False,2,history0
heap,Read Repair,85,85,RecentScan,59.609375,,85.0,,,,RecentScan,False,False,2,history0
heap,Read Repair,86,86,Probe,2.769,21.0,86.0,,,,Probe,False,False,2,history0
heap,Read Repair,87,87,RecentScan,59.756667,,87.0,,,,RecentScan,False,False,2,history0
heap,Read Repair,88,88,Probe,2.743083,21.0,88.0,,,,Probe,False,False,2,history0
heap,Read Repair,89,89,Probe,2.954875,21.0,89.0,,,,Probe,False,False,2,history0
heap,Read Repair,90,90,RecentScan,59.023042,,90.0,,,,RecentScan,False,False,2,history0
heap,Read Repair,91,91,Update,0.024207999999999997,21.0,,,,,Update,False,False,2,history0
heap,Read Repair,92,92,BuildSnap,0.0,,92.0,,,,MarkTs,False,False,2,history0
heap,Read Repair,93,93,Probe,2.387375,21.0,93.0,,,,Probe,False,False,2,history0
heap,Read Repair,94,94,RecentScan,103.957083,,94.0,,,,RecentScan,False,False,2,history0
heap,Read Repair,95,95,Update,0.030291000000000002,21.0,,,,,Update,False,False,2,history0
heap,Read Repair,96,96,RecentScan,106.054083,,96.0,,,,RecentScan,False,False,2,history0
heap,Read Repair,97,97,Probe,2.238959,21.0,97.0,,,,Probe,False,False,2,history0
heap,Read Repair,98,98,Probe,2.969542,21.0,98.0,,,,Probe,False,False,2,history0
heap,Read Repair,99,99,RecentScan,61.713208,,99.0,,,,RecentScan,False,False,2,history0
heap,Read Repair,100,100,Probe,2.545875,21.0,100.0,,,,Probe,False,False,2,history0
heap,Read Repair,101,101,RecentScan,64.081958,,101.0,,,,RecentScan,False,False,2,history0
heap,Read Repair,102,102,Probe,3.425459,21.0,102.0,,,,Probe,False,False,2,history0
heap,Read Repair,103,103,RecentScan,62.982875,,103.0,,,,RecentScan,False,False,2,history0
heap,Read Repair,104,104,Update,0.023,21.0,,,,,Update,False,False,2,history0
heap,Read Repair,105,105,BuildSnap,0.0,,105.0,,,,MarkTs,False,False,2,history0
heap,Read Repair,106,106,Probe,2.390917,21.0,106.0,,,,Probe,False,False,2,history0
heap,Read Repair,107,107,Update,0.017459,21.0,,,,,Update,False,False,2,history0
heap,Read Repair,108,108,Probe,3.690417,21.0,108.0,,,,Probe,False,False,2,history0
heap,Read Repair,109,109,Update,0.016832999999999997,21.0,,,,,Update,False,False,2,history0
heap,Read Repair,110,110,BuildSnap,0.0,,110.0,,,,MarkTs,False,False,2,history0
heap,Read Repair,111,111,Probe,2.475167,21.0,111.0,,,,Probe,False,False,2,history0
heap,Read Repair,112,112,RecentScan,113.005916,,112.0,,,,RecentScan,False,False,2,history0
heap,Read Repair,113,113,Probe,2.771625,21.0,113.0,,,,Probe,False,False,2,history0
heap,Read Repair,114,114,RecentScan,56.601875,,114.0,,,,RecentScan,False,False,2,history0
heap,Read Repair,115,115,RecentScan,55.877292,,115.0,,,,RecentScan,False,False,2,history0
heap,Read Repair,116,116,Probe,1.933959,21.0,116.0,,,,Probe,False,False,2,history0
heap,Read Repair,117,117,RecentScan,55.400333,,117.0,,,,RecentScan,False,False,2,history0
heap,Write Repair,0,0,InitLoad,63.01175,210000.0,,,,,InitLoad,False,False,2,history0
heap,Write Repair,1,1,BuildSnap,0.0,,1.0,,,,MarkTs,False,False,2,history0
heap,Write Repair,2,2,Update,3.01625,21.0,,,,,Update,False,False,2,history0
heap,Write Repair,3,3,BuildSnap,0.0,,3.0,,,,MarkTs,False,False,2,history0
heap,Write Repair,4,4,RecentScan,54.908458,,4.0,,,,RecentScan,False,False,2,history0
heap,Write Repair,5,5,Update,3.02425,21.0,,,,,Update,False,False,2,history0
heap,Write Repair,6,6,RecentScan,55.221959,,6.0,,,,RecentScan,False,False,2,history0
heap,Write Repair,7,7,HistoryScan,55.828042,,1.0,,,,HistoryScan,True,False,2,history0
heap,Write Repair,8,8,Update,2.962416,21.0,,,,,Update,False,False,2,history0
heap,Write Repair,9,9,BuildSnap,0.0,,9.0,,,,MarkTs,False,False,2,history0
heap,Write Repair,10,10,RecentScan,55.396709,,10.0,,,,RecentScan,False,False,2,history0
heap,Write Repair,11,11,Update,3.009125,21.0,,,,,Update,False,False,2,history0
heap,Write Repair,12,12,RecentScan,55.009708,,12.0,,,,RecentScan,False,False,2,history0
heap,Write Repair,13,13,RecentScan,55.241416,,13.0,,,,RecentScan,False,False,2,history0
heap,Write Repair,14,14,Probe,1.36875,21.0,14.0,,,,Probe,False,False,2,history0
heap,Write Repair,15,15,GbgCollect,40.333583,,1.0,,,,GbgCollect,False,False,2,history0
heap,Write Repair,16,16,Update,2.665458,21.0,,,,,Update,False,False,2,history0
heap,Write Repair,17,17,BuildSnap,0.0,,17.0,,,,MarkTs,False,False,2,history0
heap,Write Repair,18,18,Update,2.151542,21.0,,,,,Update,False,False,2,history0
heap,Write Repair,19,19,Probe,2.051458,21.0,19.0,,,,Probe,False,False,2,history0
heap,Write Repair,20,20,RecentScan,55.540667,,20.0,,,,RecentScan,False,False,2,history0
heap,Write Repair,21,21,RecentScan,55.7585,,21.0,,,,RecentScan,False,False,2,history0
heap,Write Repair,22,22,RecentScan,55.73125,,22.0,,,,RecentScan,False,False,2,history0
heap,Write Repair,23,23,Probe,1.840583,21.0,23.0,,,,Probe,False,False,2,history0
heap,Write Repair,24,24,Probe,1.699292,21.0,24.0,,,,Probe,False,False,2,history0
heap,Write Repair,25,25,Probe,2.394,21.0,25.0,,,,Probe,False,False,2,history0
heap,Write Repair,26,26,RecentScan,55.198416,,26.0,,,,RecentScan,False,False,2,history0
heap,Write Repair,27,27,Probe,2.820792,21.0,27.0,,,,Probe,False,False,2,history0
heap,Write Repair,28,28,GbgCollect,40.399709,,3.0,,,,GbgCollect,False,False,2,history0
heap,Write Repair,29,29,RecentScan,55.589958,,29.0,,,,RecentScan,False,False,2,history0
heap,Write Repair,30,30,Update,2.966625,21.0,,,,,Update,False,False,2,history0
heap,Write Repair,31,31,BuildSnap,0.0,,31.0,,,,MarkTs,False,False,2,history0
heap,Write Repair,32,32,Probe,1.166041,21.0,32.0,,,,Probe,False,False,2,history0
heap,Write Repair,33,33,Probe,2.428375,21.0,33.0,,,,Probe,False,False,2,history0
heap,Write Repair,34,34,Update,2.459625,21.0,,,,,Update,False,False,2,history0
heap,Write Repair,35,35,RecentScan,55.889875,,35.0,,,,RecentScan,False,False,2,history0
heap,Write Repair,36,36,RecentScan,56.025708,,36.0,,,,RecentScan,False,False,2,history0
heap,Write Repair,37,37,Update,2.86275,21.0,,,,,Update,False,False,2,history0
heap,Write Repair,38,38,BuildSnap,0.0,,38.0,,,,MarkTs,False,False,2,history0
heap,Write Repair,39,39,GbgCollect,40.25575,,9.0,,,,GbgCollect,False,False,2,history0
heap,Write Repair,40,40,Probe,2.859084,21.0,40.0,,,,Probe,False,False,2,history0
heap,Write Repair,41,41,Update,2.723792,21.0,,,,,Update,False,False,2,history0
heap,Write Repair,42,42,RecentScan,55.350208,,42.0,,,,RecentScan,False,False,2,history0
heap,Write Repair,43,43,Probe,1.477291,21.0,43.0,,,,Probe,False,False,2,history0
heap,Write Repair,44,44,Probe,3.431792,21.0,44.0,,,,Probe,False,False,2,history0
heap,Write Repair,45,45,Update,2.694375,21.0,,,,,Update,False,False,2,history0
heap,Write Repair,46,46,BuildSnap,0.0,,46.0,,,,MarkTs,False,False,2,history0
heap,Write Repair,47,47,Probe,2.489417,21.0,47.0,,,,Probe,False,False,2,history0
heap,Write Repair,48,48,RecentScan,55.383917,,48.0,,,,RecentScan,False,False,2,history0
heap,Write Repair,49,49,RecentScan,56.189541,,49.0,,,,RecentScan,False,False,2,history0
heap,Write Repair,50,50,Probe,2.74375,21.0,50.0,,,,Probe,False,False,2,history0
heap,Write Repair,51,51,RecentScan,55.446875,,51.0,,,,RecentScan,False,False,2,history0
heap,Write Repair,52,52,Update,3.048166,21.0,,,,,Update,False,False,2,history0
heap,Write Repair,53,53,Update,2.291666,21.0,,,,,Update,False,False,2,history0
heap,Write Repair,54,54,BuildSnap,0.0,,54.0,,,,MarkTs,False,False,2,history0
heap,Write Repair,55,55,RecentScan,54.936375,,55.0,,,,RecentScan,False,False,2,history0
heap,Write Repair,56,56,Update,2.895916,21.0,,,,,Update,False,False,2,history0
heap,Write Repair,57,57,Probe,2.465042,21.0,57.0,,,,Probe,False,False,2,history0
heap,Write Repair,58,58,RecentScan,55.566291,,58.0,,,,RecentScan,False,False,2,history0
heap,Write Repair,59,59,Probe,4.522084,21.0,59.0,,,,Probe,False,False,2,history0
heap,Write Repair,60,60,RecentScan,55.867042,,60.0,,,,RecentScan,False,False,2,history0
heap,Write Repair,61,61,RecentScan,56.386,,61.0,,,,RecentScan,False,False,2,history0
heap,Write Repair,62,62,Probe,2.025875,21.0,62.0,,,,Probe,False,False,2,history0
heap,Write Repair,63,63,Probe,2.561667,21.0,63.0,,,,Probe,False,False,2,history0
heap,Write Repair,64,64,Probe,2.812958,21.0,64.0,,,,Probe,False,False,2,history0
heap,Write Repair,65,65,Probe,3.311125,21.0,65.0,,,,Probe,False,False,2,history0
heap,Write Repair,66,66,GbgCollect,40.236625,,17.0,,,,GbgCollect,False,False,2,history0
heap,Write Repair,67,67,Probe,3.176917,21.0,67.0,,,,Probe,False,False,2,history0
heap,Write Repair,68,68,RecentScan,55.667708,,68.0,,,,RecentScan,False,False,2,history0
heap,Write Repair,69,69,Probe,3.87225,21.0,69.0,,,,Probe,False,False,2,history0
heap,Write Repair,70,70,RecentScan,55.800916,,70.0,,,,RecentScan,False,False,2,history0
heap,Write Repair,71,71,Probe,2.3845,21.0,71.0,,,,Probe,False,False,2,history0
heap,Write Repair,72,72,RecentScan,55.978583,,72.0,,,,RecentScan,False,False,2,history0
heap,Write Repair,73,73,Probe,3.56975,21.0,73.0,,,,Probe,False,False,2,history0
heap,Write Repair,74,74,Probe,3.384084,21.0,74.0,,,,Probe,False,False,2,history0
heap,Write Repair,75,75,GbgCollect,40.128791,,31.0,,,,GbgCollect,False,False,2,history0
heap,Write Repair,76,76,RecentScan,56.038416,,76.0,,,,RecentScan,False,False,2,history0
heap,Write Repair,77,77,RecentScan,56.0595,,77.0,,,,RecentScan,False,False,2,history0
heap,Write Repair,78,78,RecentScan,55.649292,,78.0,,,,RecentScan,False,False,2,history0
heap,Write Repair,79,79,RecentScan,55.847209,,79.0,,,,RecentScan,False,False,2,history0
heap,Write Repair,80,80,Probe,2.050083,21.0,80.0,,,,Probe,False,False,2,history0
heap,Write Repair,81,81,Update,2.88825,21.0,,,,,Update,False,False,2,history0
heap,Write Repair,82,82,BuildSnap,0.0,,82.0,,,,MarkTs,False,False,2,history0
heap,Write Repair,83,83,Update,2.070416,21.0,,,,,Update,False,False,2,history0
heap,Write Repair,84,84,RecentScan,55.429542,,84.0,,,,RecentScan,False,False,2,history0
heap,Write Repair,85,85,RecentScan,56.278084,,85.0,,,,RecentScan,False,False,2,history0
heap,Write Repair,86,86,Probe,3.141375,21.0,86.0,,,,Probe,False,False,2,history0
heap,Write Repair,87,87,RecentScan,56.130292,,87.0,,,,RecentScan,False,False,2,history0
heap,Write Repair,88,88,Probe,2.871083,21.0,88.0,,,,Probe,False,False,2,history0
heap,Write Repair,89,89,Probe,3.453625,21.0,89.0,,,,Probe,False,False,2,history0
heap,Write Repair,90,90,RecentScan,55.673958,,90.0,,,,RecentScan,False,False,2,history0
heap,Write Repair,91,91,Update,2.897375,21.0,,,,,Update,False,False,2,history0
heap,Write Repair,92,92,BuildSnap,0.0,,92.0,,,,MarkTs,False,False,2,history0
heap,Write Repair,93,93,Probe,1.509375,21.0,93.0,,,,Probe,False,False,2,history0
heap,Write Repair,94,94,RecentScan,55.1445,,94.0,,,,RecentScan,False,False,2,history0
heap,Write Repair,95,95,Update,2.926125,21.0,,,,,Update,False,False,2,history0
heap,Write Repair,96,96,RecentScan,55.272333,,96.0,,,,RecentScan,False,False,2,history0
heap,Write Repair,97,97,Probe,2.182125,21.0,97.0,,,,Probe,False,False,2,history0
heap,Write Repair,98,98,Probe,3.140541,21.0,98.0,,,,Probe,False,False,2,history0
heap,Write Repair,99,99,RecentScan,56.20625,,99.0,,,,RecentScan,False,False,2,history0
heap,Write Repair,100,100,Probe,1.954583,21.0,100.0,,,,Probe,False,False,2,history0
heap,Write Repair,101,101,RecentScan,56.0055,,101.0,,,,RecentScan,False,False,2,history0
heap,Write Repair,102,102,Probe,3.352625,21.0,102.0,,,,Probe,False,False,2,history0
heap,Write Repair,103,103,RecentScan,55.413625,,103.0,,,,RecentScan,False,False,2,history0
heap,Write Repair,104,104,Update,2.977583,21.0,,,,,Update,False,False,2,history0
heap,Write Repair,105,105,BuildSnap,0.0,,105.0,,,,MarkTs,False,False,2,history0
heap,Write Repair,106,106,Probe,1.554125,21.0,106.0,,,,Probe,False,False,2,history0
heap,Write Repair,107,107,Update,2.282292,21.0,,,,,Update,False,False,2,history0
heap,Write Repair,108,108,Probe,2.7935,21.0,108.0,,,,Probe,False,False,2,history0
heap,Write Repair,109,109,Update,1.856917,21.0,,,,,Update,False,False,2,history0
heap,Write Repair,110,110,BuildSnap,0.0,,110.0,,,,MarkTs,False,False,2,history0
heap,Write Repair,111,111,Probe,1.569292,21.0,111.0,,,,Probe,False,False,2,history0
heap,Write Repair,112,112,RecentScan,55.224333,,112.0,,,,RecentScan,False,False,2,history0
heap,Write Repair,113,113,Probe,2.714792,21.0,113.0,,,,Probe,False,False,2,history0
heap,Write Repair,114,114,RecentScan,55.79575,,114.0,,,,RecentScan,False,False,2,history0
heap,Write Repair,115,115,RecentScan,56.218833,,115.0,,,,RecentScan,False,False,2,history0
heap,Write Repair,116,116,Probe,2.088333,21.0,116.0,,,,Probe,False,False,2,history0
heap,Write Repair,117,117,RecentScan,55.734,,117.0,,,,RecentScan,False,False,2,history0
heap,No Repair,0,0,InitLoad,63.352333,210000.0,,,,,InitLoad,False,False,3,history0
heap,No Repair,1,1,BuildSnap,0.0,,1.0,,,,MarkTs,False,False,3,history0
heap,No Repair,2,2,Update,0.010875,21.0,,,,,Update,False,False,3,history0
heap,No Repair,3,3,BuildSnap,0.0,,3.0,,,,MarkTs,False,False,3,history0
heap,No Repair,4,4,RecentScan,72.560417,,4.0,,,,RecentScan,False,False,3,history0
heap,No Repair,5,5,Update,0.027584,21.0,,,,,Update,False,False,3,history0
heap,No Repair,6,6,RecentScan,72.041834,,6.0,,,,RecentScan,False,False,3,history0
heap,No Repair,7,7,HistoryScan,71.005583,,1.0,,,,HistoryScan,True,False,3,history0
heap,No Repair,8,8,Update,0.02675,21.0,,,,,Update,False,False,3,history0
heap,No Repair,9,9,BuildSnap,0.0,,9.0,,,,MarkTs,False,False,3,history0
heap,No Repair,10,10,RecentScan,71.686958,,10.0,,,,RecentScan,False,False,3,history0
heap,No Repair,11,11,Update,0.028,21.0,,,,,Update,False,False,3,history0
heap,No Repair,12,12,RecentScan,71.85175,,12.0,,,,RecentScan,False,False,3,history0
heap,No Repair,13,13,RecentScan,72.350333,,13.0,,,,RecentScan,False,False,3,history0
heap,No Repair,14,14,Probe,1.65725,21.0,14.0,,,,Probe,False,False,3,history0
heap,No Repair,15,15,GbgCollect,40.868958,,1.0,,,,GbgCollect,False,False,3,history0
heap,No Repair,16,16,Update,0.014542,21.0,,,,,Update,False,False,3,history0
heap,No Repair,17,17,BuildSnap,0.0,,17.0,,,,MarkTs,False,False,3,history0
heap,No Repair,18,18,Update,0.011208000000000001,21.0,,,,,Update,False,False,3,history0
heap,No Repair,19,19,Probe,2.749,21.0,19.0,,,,Probe,False,False,3,history0
heap,No Repair,20,20,RecentScan,72.6835,,20.0,,,,RecentScan,False,False,3,history0
heap,No Repair,21,21,RecentScan,73.122916,,21.0,,,,RecentScan,False,False,3,history0
heap,No Repair,22,22,RecentScan,71.441375,,22.0,,,,RecentScan,False,False,3,history0
heap,No Repair,23,23,Probe,2.738709,21.0,23.0,,,,Probe,False,False,3,history0
heap,No Repair,24,24,Probe,2.534625,21.0,24.0,,,,Probe,False,False,3,history0
heap,No Repair,25,25,Probe,3.221625,21.0,25.0,,,,Probe,False,False,3,history0
heap,No Repair,26,26,RecentScan,71.199,,26.0,,,,RecentScan,False,False,3,history0
heap,No Repair,27,27,Probe,3.797167,21.0,27.0,,,,Probe,False,False,3,history0
heap,No Repair,28,28,GbgCollect,40.57275,,3.0,,,,GbgCollect,False,False,3,history0
heap,No Repair,29,29,RecentScan,71.049042,,29.0,,,,RecentScan,False,False,3,history0
heap,No Repair,30,30,Update,0.027584,21.0,,,,,Update,False,False,3,history0
heap,No Repair,31,31,BuildSnap,0.0,,31.0,,,,MarkTs,False,False,3,history0
heap,No Repair,32,32,Probe,1.880791,21.0,32.0,,,,Probe,False,False,3,history0
heap,No Repair,33,33,Probe,3.560584,21.0,33.0,,,,Probe,False,False,3,history0
heap,No Repair,34,34,Update,0.019917,21.0,,,,,Update,False,False,3,history0
heap,No Repair,35,35,RecentScan,71.684333,,35.0,,,,RecentScan,False,False,3,history0
heap,No Repair,36,36,RecentScan,71.998041,,36.0,,,,RecentScan,False,False,3,history0
heap,No Repair,37,37,Update,0.029625,21.0,,,,,Update,False,False,3,history0
heap,No Repair,38,38,BuildSnap,0.0,,38.0,,,,MarkTs,False,False,3,history0
heap,No Repair,39,39,GbgCollect,40.982875,,9.0,,,,GbgCollect,False,False,3,history0
heap,No Repair,40,40,Probe,3.78125,21.0,40.0,,,,Probe,False,False,3,history0
heap,No Repair,41,41,Update,0.013125,21.0,,,,,Update,False,False,3,history0
heap,No Repair,42,42,RecentScan,71.38975,,42.0,,,,RecentScan,False,False,3,history0
heap,No Repair,43,43,Probe,2.056958,21.0,43.0,,,,Probe,False,False,3,history0
heap,No Repair,44,44,Probe,4.3905,21.0,44.0,,,,Probe,False,False,3,history0
heap,No Repair,45,45,Update,0.022875,21.0,,,,,Update,False,False,3,history0
heap,No Repair,46,46,BuildSnap,0.0,,46.0,,,,MarkTs,False,False,3,history0
heap,No Repair,47,47,Probe,3.580709,21.0,47.0,,,,Probe,False,False,3,history0
heap,No Repair,48,48,RecentScan,71.242416,,48.0,,,,RecentScan,False,False,3,history0
heap,No Repair,49,49,RecentScan,71.657625,,49.0,,,,RecentScan,False,False,3,history0
heap,No Repair,50,50,Probe,3.555583,21.0,50.0,,,,Probe,False,False,3,history0
heap,No Repair,51,51,RecentScan,71.87575,,51.0,,,,RecentScan,False,False,3,history0
heap,No Repair,52,52,Update,0.033208,21.0,,,,,Update,False,False,3,history0
heap,No Repair,53,53,Update,0.017707999999999998,21.0,,,,,Update,False,False,3,history0
heap,No Repair,54,54,BuildSnap,0.0,,54.0,,,,MarkTs,False,False,3,history0
heap,No Repair,55,55,RecentScan,71.456041,,55.0,,,,RecentScan,False,False,3,history0
heap,No Repair,56,56,Update,0.028832999999999998,21.0,,,,,Update,False,False,3,history0
heap,No Repair,57,57,Probe,3.26725,21.0,57.0,,,,Probe,False,False,3,history0
heap,No Repair,58,58,RecentScan,71.425791,,58.0,,,,RecentScan,False,False,3,history0
heap,No Repair,59,59,Probe,5.496709,21.0,59.0,,,,Probe,False,False,3,history0
heap,No Repair,60,60,RecentScan,71.100416,,60.0,,,,RecentScan,False,False,3,history0
heap,No Repair,61,61,RecentScan,71.821625,,61.0,,,,RecentScan,False,False,3,history0
heap,No Repair,62,62,Probe,2.874958,21.0,62.0,,,,Probe,False,False,3,history0
heap,No Repair,63,63,Probe,3.39625,21.0,63.0,,,,Probe,False,False,3,history0
heap,No Repair,64,64,Probe,3.6215,21.0,64.0,,,,Probe,False,False,3,history0
heap,No Repair,65,65,Probe,4.069875,21.0,65.0,,,,Probe,False,False,3,history0
heap,No Repair,66,66,GbgCollect,40.491333,,17.0,,,,GbgCollect,False,False,3,history0
heap,No Repair,67,67,Probe,3.849084,21.0,67.0,,,,Probe,False,False,3,history0
heap,No Repair,68,68,RecentScan,70.921292,,68.0,,,,RecentScan,False,False,3,history0
heap,No Repair,69,69,Probe,4.865084,21.0,69.0,,,,Probe,False,False,3,history0
heap,No Repair,70,70,RecentScan,71.863208,,70.0,,,,RecentScan,False,False,3,history0
heap,No Repair,71,71,Probe,3.030708,21.0,71.0,,,,Probe,False,False,3,history0
heap,No Repair,72,72,RecentScan,71.341375,,72.0,,,,RecentScan,False,False,3,history0
heap,No Repair,73,73,Probe,4.49575,21.0,73.0,,,,Probe,False,False,3,history0
heap,No Repair,74,74,Probe,4.3635,21.0,74.0,,,,Probe,False,False,3,history0
heap,No Repair,75,75,GbgCollect,40.345666,,31.0,,,,GbgCollect,False,False,3,history0
heap,No Repair,76,76,RecentScan,70.733792,,76.0,,,,RecentScan,False,False,3,history0
heap,No Repair,77,77,RecentScan,71.026291,,77.0,,,,RecentScan,False,False,3,history0
heap,No Repair,78,78,RecentScan,71.321,,78.0,,,,RecentScan,False,False,3,history0
heap,No Repair,79,79,RecentScan,71.837917,,79.0,,,,RecentScan,False,False,3,history0
heap,No Repair,80,80,Probe,2.663166,21.0,80.0,,,,Probe,False,False,3,history0
heap,No Repair,81,81,Update,0.016707999999999997,21.0,,,,,Update,False,False,3,history0
heap,No Repair,82,82,BuildSnap,0.0,,82.0,,,,MarkTs,False,False,3,history0
heap,No Repair,83,83,Update,0.017582999999999998,21.0,,,,,Update,False,False,3,history0
heap,No Repair,84,84,RecentScan,70.761375,,84.0,,,,RecentScan,False,False,3,history0
heap,No Repair,85,85,RecentScan,70.92575,,85.0,,,,RecentScan,False,False,3,history0
heap,No Repair,86,86,Probe,3.767333,21.0,86.0,,,,Probe,False,False,3,history0
heap,No Repair,87,87,RecentScan,70.765792,,87.0,,,,RecentScan,False,False,3,history0
heap,No Repair,88,88,Probe,3.739542,21.0,88.0,,,,Probe,False,False,3,history0
heap,No Repair,89,89,Probe,4.189,21.0,89.0,,,,Probe,False,False,3,history0
heap,No Repair,90,90,RecentScan,72.737542,,90.0,,,,RecentScan,False,False,3,history0
heap,No Repair,91,91,Update,0.028917,21.0,,,,,Update,False,False,3,history0
heap,No Repair,92,92,BuildSnap,0.0,,92.0,,,,MarkTs,False,False,3,history0
heap,No Repair,93,93,Probe,2.669458,21.0,93.0,,,,Probe,False,False,3,history0
heap,No Repair,94,94,RecentScan,71.107625,,94.0,,,,RecentScan,False,False,3,history0
heap,No Repair,95,95,Update,0.028834,21.0,,,,,Update,False,False,3,history0
heap,No Repair,96,96,RecentScan,70.950958,,96.0,,,,RecentScan,False,False,3,history0
heap,No Repair,97,97,Probe,2.913541,21.0,97.0,,,,Probe,False,False,3,history0
heap,No Repair,98,98,Probe,4.033917,21.0,98.0,,,,Probe,False,False,3,history0
heap,No Repair,99,99,RecentScan,70.856291,,99.0,,,,RecentScan,False,False,3,history0
heap,No Repair,100,100,Probe,2.803875,21.0,100.0,,,,Probe,False,False,3,history0
heap,No Repair,101,101,RecentScan,71.243917,,101.0,,,,RecentScan,False,False,3,history0
heap,No Repair,102,102,Probe,4.506583,21.0,102.0,,,,Probe,False,False,3,history0
heap,No Repair,103,103,RecentScan,72.311417,,103.0,,,,RecentScan,False,False,3,history0
heap,No Repair,104,104,Update,0.023583,21.0,,,,,Update,False,False,3,history0
heap,No Repair,105,105,BuildSnap,0.0,,105.0,,,,MarkTs,False,False,3,history0
heap,No Repair,106,106,Probe,2.3375,21.0,106.0,,,,Probe,False,False,3,history0
heap,No Repair,107,107,Update,0.023375,21.0,,,,,Update,False,False,3,history0
heap,No Repair,108,108,Probe,3.700333,21.0,108.0,,,,Probe,False,False,3,history0
heap,No Repair,109,109,Update,0.018959,21.0,,,,,Update,False,False,3,history0
heap,No Repair,110,110,BuildSnap,0.0,,110.0,,,,MarkTs,False,False,3,history0
heap,No Repair,111,111,Probe,2.51675,21.0,111.0,,,,Probe,False,False,3,history0
heap,No Repair,112,112,RecentScan,71.012083,,112.0,,,,RecentScan,False,False,3,history0
heap,No Repair,113,113,Probe,3.5035,21.0,113.0,,,,Probe,False,False,3,history0
heap,No Repair,114,114,RecentScan,71.273375,,114.0,,,,RecentScan,False,False,3,history0
heap,No Repair,115,115,RecentScan,71.243458,,115.0,,,,RecentScan,False,False,3,history0
heap,No Repair,116,116,Probe,2.802708,21.0,116.0,,,,Probe,False,False,3,history0
heap,No Repair,117,117,RecentScan,71.102292,,117.0,,,,RecentScan,False,False,3,history0
heap,Read Repair,0,0,InitLoad,62.744625,210000.0,,,,,InitLoad,False,False,3,history0
heap,Read Repair,1,1,BuildSnap,0.0,,1.0,,,,MarkTs,False,False,3,history0
heap,Read Repair,2,2,Update,0.009792,21.0,,,,,Update,False,False,3,history0
heap,Read Repair,3,3,BuildSnap,0.0,,3.0,,,,MarkTs,False,False,3,history0
heap,Read Repair,4,4,RecentScan,100.161916,,4.0,,,,RecentScan,False,False,3,history0
heap,Read Repair,5,5,Update,0.023375,21.0,,,,,Update,False,False,3,history0
heap,Read Repair,6,6,RecentScan,99.517792,,6.0,,,,RecentScan,False,False,3,history0
heap,Read Repair,7,7,HistoryScan,55.746958,,1.0,,,,HistoryScan,True,False,3,history0
heap,Read Repair,8,8,Update,0.020875,21.0,,,,,Update,False,False,3,history0
heap,Read Repair,9,9,BuildSnap,0.0,,9.0,,,,MarkTs,False,False,3,history0
heap,Read Repair,10,10,RecentScan,100.598375,,10.0,,,,RecentScan,False,False,3,history0
heap,Read Repair,11,11,Update,0.0275,21.0,,,,,Update,False,False,3,history0
heap,Read Repair,12,12,RecentScan,100.740042,,12.0,,,,RecentScan,False,False,3,history0
heap,Read Repair,13,13,RecentScan,56.880583,,13.0,,,,RecentScan,False,False,3,history0
heap,Read Repair,14,14,Probe,1.151875,21.0,14.0,,,,Probe,False,False,3,history0
heap,Read Repair,15,15,GbgCollect,40.701667,,1.0,,,,GbgCollect,False,False,3,history0
heap,Read Repair,16,16,Update,0.015625,21.0,,,,,Update,False,False,3,history0
heap,Read Repair,17,17,BuildSnap,0.0,,17.0,,,,MarkTs,False,False,3,history0
heap,Read Repair,18,18,Update,0.01075,21.0,,,,,Update,False,False,3,history0
heap,Read Repair,19,19,Probe,2.824875,21.0,19.0,,,,Probe,False,False,3,history0
heap,Read Repair,20,20,RecentScan,101.536125,,20.0,,,,RecentScan,False,False,3,history0
heap,Read Repair,21,21,RecentScan,60.525583,,21.0,,,,RecentScan,False,False,3,history0
heap,Read Repair,22,22,RecentScan,60.85875,,22.0,,,,RecentScan,False,False,3,history0
heap,Read Repair,23,23,Probe,1.869667,21.0,23.0,,,,Probe,False,False,3,history0
heap,Read Repair,24,24,Probe,1.747833,21.0,24.0,,,,Probe,False,False,3,history0
heap,Read Repair,25,25,Probe,2.260084,21.0,25.0,,,,Probe,False,False,3,history0
heap,Read Repair,26,26,RecentScan,59.593167,,26.0,,,,RecentScan,False,False,3,history0
heap,Read Repair,27,27,Probe,2.579709,21.0,27.0,,,,Probe,False,False,3,history0
heap,Read Repair,28,28,GbgCollect,40.449,,3.0,,,,GbgCollect,False,False,3,history0
heap,Read Repair,29,29,RecentScan,60.814875,,29.0,,,,RecentScan,False,False,3,history0
heap,Read Repair,30,30,Update,0.023958,21.0,,,,,Update,False,False,3,history0
heap,Read Repair,31,31,BuildSnap,0.0,,31.0,,,,MarkTs,False,False,3,history0
heap,Read Repair,32,32,Probe,1.832375,21.0,32.0,,,,Probe,False,False,3,history0
heap,Read Repair,33,33,Probe,3.483875,21.0,33.0,,,,Probe,False,False,3,history0
heap,Read Repair,34,34,Update,0.016957999999999997,21.0,,,,,Update,False,False,3,history0
heap,Read Repair,35,35,RecentScan,101.043167,,35.0,,,,RecentScan,False,False,3,history0
heap,Read Repair,36,36,RecentScan,60.743875,,36.0,,,,RecentScan,False,False,3,history0
heap,Read Repair,37,37,Update,0.024957999999999998,21.0,,,,,Update,False,False,3,history0
heap,Read Repair,38,38,BuildSnap,0.0,,38.0,,,,MarkTs,False,False,3,history0
heap,Read Repair,39,39,GbgCollect,40.82075,,9.0,,,,GbgCollect,False,False,3,history0
heap,Read Repair,40,40,Probe,3.881292,21.0,40.0,,,,Probe,False,False,3,history0
heap,Read Repair,41,41,Update,0.013541000000000001,21.0,,,,,Update,False,False,3,history0
heap,Read Repair,42,42,RecentScan,101.790666,,42.0,,,,RecentScan,False,False,3,history0
heap,Read Repair,43,43,Probe,1.508,21.0,43.0,,,,Probe,False,False,3,history0
heap,Read Repair,44,44,Probe,3.19575,21.0,44.0,,,,Probe,False,False,3,history0
heap,Read Repair,45,45,Update,0.016042,21.0,,,,,Update,False,False,3,history0
heap,Read Repair,46,46,BuildSnap,0.0,,46.0,,,,MarkTs,False,False,3,history0
heap,Read Repair,47,47,Probe,3.585125,21.0,47.0,,,,Probe,False,False,3,history0
heap,Read Repair,48,48,RecentScan,102.20075,,48.0,,,,RecentScan,False,False,3,history0
heap,Read Repair,49,49,RecentScan,61.871,,49.0,,,,RecentScan,False,False,3,history0
heap,Read Repair,50,50,Probe,2.546292,21.0,50.0,,,,Probe,False,False,3,history0
heap,Read Repair,51,51,RecentScan,61.112083,,51.0,,,,RecentScan,False,False,3,history0
heap,Read Repair,52,52,Update,0.024207999999999997,21.0,,,,,Update,False,False,3,history0
heap,Read Repair,53,53,Update,0.016375,21.0,,,,,Update,False,False,3,history0
heap,Read Repair,54,54,BuildSnap,0.0,,54.0,,,,MarkTs,False,False,3,history0
heap,Read Repair,55,55,RecentScan,102.200625,,55.0,,,,RecentScan,False,False,3,history0
heap,Read Repair,56,56,Update,0.025207999999999998,21.0,,,,,Update,False,False,3,history0
heap,Read Repair,57,57,Probe,3.423917,21.0,57.0,,,,Probe,False,False,3,history0
heap,Read Repair,58,58,RecentScan,102.029292,,58.0,,,,RecentScan,False,False,3,history0
heap,Read Repair,59,59,Probe,4.119167,21.0,59.0,,,,Probe,False,False,3,history0
heap,Read Repair,60,60,RecentScan,61.01925,,60.0,,,,RecentScan,False,False,3,history0
heap,Read Repair,61,61,RecentScan,60.863708,,61.0,,,,RecentScan,False,False,3,history0
heap,Read Repair,62,62,Probe,2.047584,21.0,62.0,,,,Probe,False,False,3,history0
heap,Read Repair,63,63,Probe,2.306166,21.0,63.0,,,,Probe,False,False,3,history0
heap,Read Repair,64,64,Probe,2.546208,21.0,64.0,,,,Probe,False,False,3,history0
heap,Read Repair,65,65,Probe,2.88075,21.0,65.0,,,,Probe,False,False,3,history0
heap,Read Repair,66,66,GbgCollect,40.382125,,17.0,,,,GbgCollect,False,False,3,history0
heap,Read Repair,67,67,Probe,2.819958,21.0,67.0,,,,Probe,False,False,3,history0
heap,Read Repair,68,68,RecentScan,60.617292,,68.0,,,,RecentScan,False,False,3,history0
heap,Read Repair,69,69,Probe,3.536791,21.0,69.0,,,,Probe,False,False,3,history0
heap,Read Repair,70,70,RecentScan,61.483,,70.0,,,,RecentScan,False,False,3,history0
heap,Read Repair,71,71,Probe,2.122834,21.0,71.0,,,,Probe,False,False,3,history0
heap,Read Repair,72,72,RecentScan,61.402708,,72.0,,,,RecentScan,False,False,3,history0
heap,Read Repair,73,73,Probe,3.264667,21.0,73.0,,,,Probe,False,False,3,history0
heap,Read Repair,74,74,Probe,3.103958,21.0,74.0,,,,Probe,False,False,3,history0
heap,Read Repair,75,75,GbgCollect,40.408625,,31.0,,,,GbgCollect,False,False,3,history0
heap,Read Repair,76,76,RecentScan,60.660834,,76.0,,,,RecentScan,False,False,3,history0
heap,Read Repair,77,77,RecentScan,61.915083,,77.0,,,,RecentScan,False,False,3,history0
heap,Read Repair,78,78,RecentScan,61.483958,,78.0,,,,RecentScan,False,False,3,history0
heap,Read Repair,79,79,RecentScan,61.7975,,79.0,,,,RecentScan,False,False,3,history0
heap,Read Repair,80,80,Probe,1.948375,21.0,80.0,,,,Probe,False,False,3,history0
heap,Read Repair,81,81,Update,0.015417,21.0,,,,,Update,False,False,3,history0
heap,Read Repair,82,82,BuildSnap,0.0,,82.0,,,,MarkTs,False,False,3,history0
heap,Read Repair,83,83,Update,0.013958,21.0,,,,,Update,False,False,3,history0
heap,Read Repair,84,84,RecentScan,103.042667,,84.0,,,,RecentScan,False,False,3,history0
heap,Read Repair,85,85,RecentScan,61.354209,,85.0,,,,RecentScan,False,False,3,history0
heap,Read Repair,86,86,Probe,2.8455,21.0,86.0,,,,Probe,False,False,3,history0
heap,Read Repair,87,87,RecentScan,60.75325,,87.0,,,,RecentScan,False,False,3,history0
heap,Read Repair,88,88,Probe,2.694083,21.0,88.0,,,,Probe,False,False,3,history0
heap,Read Repair,89,89,Probe,2.989583,21.0,89.0,,,,Probe,False,False,3,history0
heap,Read Repair,90,90,RecentScan,61.33,,90.0,,,,RecentScan,False,False,3,history0
heap,Read Repair,91,91,Update,0.023417,21.0,,,,,Update,False,False,3,history0
heap,Read Repair,92,92,BuildSnap,0.0,,92.0,,,,MarkTs,False,False,3,history0
heap,Read Repair,93,93,Probe,2.410166,21.0,93.0,,,,Probe,False,False,3,history0
heap,Read Repair,94,94,RecentScan,102.822125,,94.0,,,,RecentScan,False,False,3,history0
heap,Read Repair,95,95,Update,0.027042,21.0,,,,,Update,False,False,3,history0
heap,Read Repair,96,96,RecentScan,101.541834,,96.0,,,,RecentScan,False,False,3,history0
heap,Read Repair,97,97,Probe,2.284334,21.0,97.0,,,,Probe,False,False,3,history0
heap,Read Repair,98,98,Probe,3.034417,21.0,98.0,,,,Probe,False,False,3,history0
heap,Read Repair,99,99,RecentScan,55.830458,,99.0,,,,RecentScan,False,False,3,history0
heap,Read Repair,100,100,Probe,2.048791,21.0,100.0,,,,Probe,False,False,3,history0
heap,Read Repair,101,101,RecentScan,55.020417,,101.0,,,,RecentScan,False,False,3,history0
heap,Read Repair,102,102,Probe,3.417,21.0,102.0,,,,Probe,False,False,3,history0
heap,Read Repair,103,103,RecentScan,55.499,,103.0,,,,RecentScan,False,False,3,history0
heap,Read Repair,104,104,Update,0.023959,21.0,,,,,Update,False,False,3,history0
heap,Read Repair,105,105,BuildSnap,0.0,,105.0,,,,MarkTs,False,False,3,history0
heap,Read Repair,106,106,Probe,2.303583,21.0,106.0,,,,Probe,False,False,3,history0
heap,Read Repair,107,107,Update,0.018542000000000003,21.0,,,,,Update,False,False,3,history0
heap,Read Repair,108,108,Probe,3.783625,21.0,108.0,,,,Probe,False,False,3,history0
heap,Read Repair,109,109,Update,0.016457999999999997,21.0,,,,,Update,False,False,3,history0
heap,Read Repair,110,110,BuildSnap,0.0,,110.0,,,,MarkTs,False,False,3,history0
heap,Read Repair,111,111,Probe,2.454125,21.0,111.0,,,,Probe,False,False,3,history0
heap,Read Repair,112,112,RecentScan,102.192792,,112.0,,,,RecentScan,False,False,3,history0
heap,Read Repair,113,113,Probe,2.586875,21.0,113.0,,,,Probe,False,False,3,history0
heap,Read Repair,114,114,RecentScan,54.514292,,114.0,,,,RecentScan,False,False,3,history0
heap,Read Repair,115,115,RecentScan,56.261667,,115.0,,,,RecentScan,False,False,3,history0
heap,Read Repair,116,116,Probe,2.000458,21.0,116.0,,,,Probe,False,False,3,history0
heap,Read Repair,117,117,RecentScan,54.520542,,117.0,,,,RecentScan,False,False,3,history0
heap,Write Repair,0,0,InitLoad,66.240708,210000.0,,,,,InitLoad,False,False,3,history0
heap,Write Repair,1,1,BuildSnap,0.0,,1.0,,,,MarkTs,False,False,3,history0
heap,Write Repair,2,2,Update,2.905292,21.0,,,,,Update,False,False,3,history0
heap,Write Repair,3,3,BuildSnap,0.0,,3.0,,,,MarkTs,False,False,3,history0
heap,Write Repair,4,4,RecentScan,56.02025,,4.0,,,,RecentScan,False,False,3,history0
heap,Write Repair,5,5,Update,3.231,21.0,,,,,Update,False,False,3,history0
heap,Write Repair,6,6,RecentScan,55.009833,,6.0,,,,RecentScan,False,False,3,history0
heap,Write Repair,7,7,HistoryScan,54.693625,,1.0,,,,HistoryScan,True,False,3,history0
heap,Write Repair,8,8,Update,3.368375,21.0,,,,,Update,False,False,3,history0
heap,Write Repair,9,9,BuildSnap,0.0,,9.0,,,,MarkTs,False,False,3,history0
heap,Write Repair,10,10,RecentScan,53.916875,,10.0,,,,RecentScan,False,False,3,history0
heap,Write Repair,11,11,Update,3.231166,21.0,,,,,Update,False,False,3,history0
heap,Write Repair,12,12,RecentScan,55.796791,,12.0,,,,RecentScan,False,False,3,history0
heap,Write Repair,13,13,RecentScan,58.082416,,13.0,,,,RecentScan,False,False,3,history0
heap,Write Repair,14,14,Probe,1.279,21.0,14.0,,,,Probe,False,False,3,history0
heap,Write Repair,15,15,GbgCollect,41.510083,,1.0,,,,GbgCollect,False,False,3,history0
heap,Write Repair,16,16,Update,3.176666,21.0,,,,,Update,False,False,3,history0
heap,Write Repair,17,17,BuildSnap,0.0,,17.0,,,,MarkTs,False,False,3,history0
heap,Write Repair,18,18,Update,2.241583,21.0,,,,,Update,False,False,3,history0
heap,Write Repair,19,19,Probe,2.231666,21.0,19.0,,,,Probe,False,False,3,history0
heap,Write Repair,20,20,RecentScan,57.076542,,20.0,,,,RecentScan,False,False,3,history0
heap,Write Repair,21,21,RecentScan,57.421375,,21.0,,,,RecentScan,False,False,3,history0
heap,Write Repair,22,22,RecentScan,56.436584,,22.0,,,,RecentScan,False,False,3,history0
heap,Write Repair,23,23,Probe,2.043875,21.0,23.0,,,,Probe,False,False,3,history0
heap,Write Repair,24,24,Probe,2.003125,21.0,24.0,,,,Probe,False,False,3,history0
heap,Write Repair,25,25,Probe,2.530208,21.0,25.0,,,,Probe,False,False,3,history0
heap,Write Repair,26,26,RecentScan,53.958083,,26.0,,,,RecentScan,False,False,3,history0
heap,Write Repair,27,27,Probe,2.955416,21.0,27.0,,,,Probe,False,False,3,history0
heap,Write Repair,28,28,GbgCollect,41.773333,,3.0,,,,GbgCollect,False,False,3,history0
heap,Write Repair,29,29,RecentScan,53.9965,,29.0,,,,RecentScan,False,False,3,history0
heap,Write Repair,30,30,Update,3.046166,21.0,,,,,Update,False,False,3,history0
heap,Write Repair,31,31,BuildSnap,0.0,,31.0,,,,MarkTs,False,False,3,history0
heap,Write Repair,32,32,Probe,1.059458,21.0,32.0,,,,Probe,False,False,3,history0
heap,Write Repair,33,33,Probe,2.311292,21.0,33.0,,,,Probe,False,False,3,history0
heap,Write Repair,34,34,Update,2.482417,21.0,,,,,Update,False,False,3,history0
heap,Write Repair,35,35,RecentScan,58.331375,,35.0,,,,RecentScan,False,False,3,history0
heap,Write Repair,36,36,RecentScan,56.565875,,36.0,,,,RecentScan,False,False,3,history0
heap,Write Repair,37,37,Update,3.026541,21.0,,,,,Update,False,False,3,history0
heap,Write Repair,38,38,BuildSnap,0.0,,38.0,,,,MarkTs,False,False,3,history0
heap,Write Repair,39,39,GbgCollect,40.934458,,9.0,,,,GbgCollect,False,False,3,history0
heap,Write Repair,40,40,Probe,2.620208,21.0,40.0,,,,Probe,False,False,3,history0
heap,Write Repair,41,41,Update,2.828625,21.0,,,,,Update,False,False,3,history0
heap,Write Repair,42,42,RecentScan,54.155584,,42.0,,,,RecentScan,False,False,3,history0
heap,Write Repair,43,43,Probe,1.686875,21.0,43.0,,,,Probe,False,False,3,history0
heap,Write Repair,44,44,Probe,3.539625,21.0,44.0,,,,Probe,False,False,3,history0
heap,Write Repair,45,45,Update,2.883542,21.0,,,,,Update,False,False,3,history0
heap,Write Repair,46,46,BuildSnap,0.0,,46.0,,,,MarkTs,False,False,3,history0
heap,Write Repair,47,47,Probe,2.536292,21.0,47.0,,,,Probe,False,False,3,history0
heap,Write Repair,48,48,RecentScan,54.30275,,48.0,,,,RecentScan,False,False,3,history0
heap,Write Repair,49,49,RecentScan,55.031041,,49.0,,,,RecentScan,False,False,3,history0
heap,Write Repair,50,50,Probe,2.706042,21.0,50.0,,,,Probe,False,False,3,history0
heap,Write Repair,51,51,RecentScan,54.30825,,51.0,,,,RecentScan,False,False,3,history0
heap,Write Repair,52,52,Update,2.993667,21.0,,,,,Update,False,False,3,history0
heap,Write Repair,53,53,Update,2.176625,21.0,,,,,Update,False,False,3,history0
heap,Write Repair,54,54,BuildSnap,0.0,,54.0,,,,MarkTs,False,False,3,history0
heap,Write Repair,55,55,RecentScan,53.378917,,55.0,,,,RecentScan,False,False,3,history0
heap,Write Repair,56,56,Update,2.8155,21.0,,,,,Update,False,False,3,history0
heap,Write Repair,57,57,Probe,2.239041,21.0,57.0,,,,Probe,False,False,3,history0
heap,Write Repair,58,58,RecentScan,56.713375,,58.0,,,,RecentScan,False,False,3,history0
heap,Write Repair,59,59,Probe,4.23825,21.0,59.0,,,,Probe,False,False,3,history0
heap,Write Repair,60,60,RecentScan,56.732667,,60.0,,,,RecentScan,False,False,3,history0
heap,Write Repair,61,61,RecentScan,56.502542,,61.0,,,,RecentScan,False,False,3,history0
heap,Write Repair,62,62,Probe,2.202584,21.0,62.0,,,,Probe,False,False,3,history0
heap,Write Repair,63,63,Probe,2.411292,21.0,63.0,,,,Probe,False,False,3,history0
heap,Write Repair,64,64,Probe,2.702667,21.0,64.0,,,,Probe,False,False,3,history0
heap,Write Repair,65,65,Probe,2.929542,21.0,65.0,,,,Probe,False,False,3,history0
heap,Write Repair,66,66,GbgCollect,41.125958,,17.0,,,,GbgCollect,False,False,3,history0
heap,Write Repair,67,67,Probe,2.824084,21.0,67.0,,,,Probe,False,False,3,history0
heap,Write Repair,68,68,RecentScan,56.805625,,68.0,,,,RecentScan,False,False,3,history0
heap,Write Repair,69,69,Probe,3.530417,21.0,69.0,,,,Probe,False,False,3,history0
heap,Write Repair,70,70,RecentScan,56.923417,,70.0,,,,RecentScan,False,False,3,history0
heap,Write Repair,71,71,Probe,2.170875,21.0,71.0,,,,Probe,False,False,3,history0
heap,Write Repair,72,72,RecentScan,55.659834,,72.0,,,,RecentScan,False,False,3,history0
heap,Write Repair,73,73,Probe,3.418042,21.0,73.0,,,,Probe,False,False,3,history0
heap,Write Repair,74,74,Probe,3.37325,21.0,74.0,,,,Probe,False,False,3,history0
heap,Write Repair,75,75,GbgCollect,41.577792,,31.0,,,,GbgCollect,False,False,3,history0
heap,Write Repair,76,76,RecentScan,56.210334,,76.0,,,,RecentScan,False,False,3,history0
heap,Write Repair,77,77,RecentScan,55.027,,77.0,,,,RecentScan,False,False,3,history0
heap,Write Repair,78,78,RecentScan,56.794875,,78.0,,,,RecentScan,False,False,3,history0
heap,Write Repair,79,79,RecentScan,58.320375,,79.0,,,,RecentScan,False,False,3,history0
heap,Write Repair,80,80,Probe,1.97525,21.0,80.0,,,,Probe,False,False,3,history0
heap,Write Repair,81,81,Update,2.874625,21.0,,,,,Update,False,False,3,history0
heap,Write Repair,82,82,BuildSnap,0.0,,82.0,,,,MarkTs,False,False,3,history0
heap,Write Repair,83,83,Update,2.249375,21.0,,,,,Update,False,False,3,history0
heap,Write Repair,84,84,RecentScan,55.315625,,84.0,,,,RecentScan,False,False,3,history0
heap,Write Repair,85,85,RecentScan,56.468167,,85.0,,,,RecentScan,False,False,3,history0
heap,Write Repair,86,86,Probe,2.812083,21.0,86.0,,,,Probe,False,False,3,history0
heap,Write Repair,87,87,RecentScan,53.705125,,87.0,,,,RecentScan,False,False,3,history0
heap,Write Repair,88,88,Probe,2.634667,21.0,88.0,,,,Probe,False,False,3,history0
heap,Write Repair,89,89,Probe,3.029917,21.0,89.0,,,,Probe,False,False,3,history0
heap,Write Repair,90,90,RecentScan,54.483958,,90.0,,,,RecentScan,False,False,3,history0
heap,Write Repair,91,91,Update,2.854709,21.0,,,,,Update,False,False,3,history0
heap,Write Repair,92,92,BuildSnap,0.0,,92.0,,,,MarkTs,False,False,3,history0
heap,Write Repair,93,93,Probe,1.649083,21.0,93.0,,,,Probe,False,False,3,history0
heap,Write Repair,94,94,RecentScan,56.498792,,94.0,,,,RecentScan,False,False,3,history0
heap,Write Repair,95,95,Update,3.00575,21.0,,,,,Update,False,False,3,history0
heap,Write Repair,96,96,RecentScan,56.6595,,96.0,,,,RecentScan,False,False,3,history0
heap,Write Repair,97,97,Probe,2.102375,21.0,97.0,,,,Probe,False,False,3,history0
heap,Write Repair,98,98,Probe,2.9385,21.0,98.0,,,,Probe,False,False,3,history0
heap,Write Repair,99,99,RecentScan,57.127708,,99.0,,,,RecentScan,False,False,3,history0
heap,Write Repair,100,100,Probe,2.118083,21.0,100.0,,,,Probe,False,False,3,history0
heap,Write Repair,101,101,RecentScan,57.292625,,101.0,,,,RecentScan,False,False,3,history0
heap,Write Repair,102,102,Probe,3.375292,21.0,102.0,,,,Probe,False,False,3,history0
heap,Write Repair,103,103,RecentScan,55.142541,,103.0,,,,RecentScan,False,False,3,history0
heap,Write Repair,104,104,Update,3.163334,21.0,,,,,Update,False,False,3,history0
heap,Write Repair,105,105,BuildSnap,0.0,,105.0,,,,MarkTs,False,False,3,history0
heap,Write Repair,106,106,Probe,1.525,21.0,106.0,,,,Probe,False,False,3,history0
heap,Write Repair,107,107,Update,2.45375,21.0,,,,,Update,False,False,3,history0
heap,Write Repair,108,108,Probe,2.469875,21.0,108.0,,,,Probe,False,False,3,history0
heap,Write Repair,109,109,Update,1.952917,21.0,,,,,Update,False,False,3,history0
heap,Write Repair,110,110,BuildSnap,0.0,,110.0,,,,MarkTs,False,False,3,history0
heap,Write Repair,111,111,Probe,1.705167,21.0,111.0,,,,Probe,False,False,3,history0
heap,Write Repair,112,112,RecentScan,54.104875,,112.0,,,,RecentScan,False,False,3,history0
heap,Write Repair,113,113,Probe,2.710958,21.0,113.0,,,,Probe,False,False,3,history0
heap,Write Repair,114,114,RecentScan,54.838875,,114.0,,,,RecentScan,False,False,3,history0
heap,Write Repair,115,115,RecentScan,54.812541,,115.0,,,,RecentScan,False,False,3,history0
heap,Write Repair,116,116,Probe,2.2775,21.0,116.0,,,,Probe,False,False,3,history0
heap,Write Repair,117,117,RecentScan,55.031959,,117.0,,,,RecentScan,False,False,3,history0
chain,No Repair,0,0,InitLoad,67.218042,210000.0,,,,,InitLoad,False,False,0,history0
chain,No Repair,1,1,BuildSnap,0.0,,1.0,,,,MarkTs,False,False,0,history0
chain,No Repair,2,2,Update,3.356083,21.0,,,,,Update,False,False,0,history0
chain,No Repair,3,3,BuildSnap,0.0,,3.0,,,,MarkTs,False,False,0,history0
chain,No Repair,4,4,RecentScan,62.816,,4.0,,,,RecentScan,False,False,0,history0
chain,No Repair,5,5,Update,3.426167,21.0,,,,,Update,False,False,0,history0
chain,No Repair,6,6,RecentScan,56.957792,,6.0,,,,RecentScan,False,False,0,history0
chain,No Repair,7,7,HistoryScan,56.134208,,1.0,,,,HistoryScan,True,False,0,history0
chain,No Repair,8,8,Update,2.993167,21.0,,,,,Update,False,False,0,history0
chain,No Repair,9,9,BuildSnap,0.0,,9.0,,,,MarkTs,False,False,0,history0
chain,No Repair,10,10,RecentScan,57.261166,,10.0,,,,RecentScan,False,False,0,history0
chain,No Repair,11,11,Update,3.059708,21.0,,,,,Update,False,False,0,history0
chain,No Repair,12,12,RecentScan,57.929041,,12.0,,,,RecentScan,False,False,0,history0
chain,No Repair,13,13,RecentScan,58.816708,,13.0,,,,RecentScan,False,False,0,history0
chain,No Repair,14,14,Probe,1.283291,21.0,14.0,,,,Probe,False,False,0,history0
chain,No Repair,15,15,GbgCollect,0.05025,,1.0,,,,GbgCollect,False,False,0,history0
chain,No Repair,16,16,Update,3.122458,21.0,,,,,Update,False,False,0,history0
chain,No Repair,17,17,BuildSnap,0.0,,17.0,,,,MarkTs,False,False,0,history0
chain,No Repair,18,18,Update,2.043333,21.0,,,,,Update,False,False,0,history0
chain,No Repair,19,19,Probe,2.169834,21.0,19.0,,,,Probe,False,False,0,history0
chain,No Repair,20,20,RecentScan,61.009666,,20.0,,,,RecentScan,False,False,0,history0
chain,No Repair,21,21,RecentScan,57.297667,,21.0,,,,RecentScan,False,False,0,history0
chain,No Repair,22,22,RecentScan,58.512959,,22.0,,,,RecentScan,False,False,0,history0
chain,No Repair,23,23,Probe,2.043875,21.0,23.0,,,,Probe,False,False,0,history0
chain,No Repair,24,24,Probe,1.852292,21.0,24.0,,,,Probe,False,False,0,history0
chain,No Repair,25,25,Probe,2.684625,21.0,25.0,,,,Probe,False,False,0,history0
chain,No Repair,26,26,RecentScan,61.378209,,26.0,,,,RecentScan,False,False,0,history0
chain,No Repair,27,27,Probe,3.037458,21.0,27.0,,,,Probe,False,False,0,history0
chain,No Repair,28,28,GbgCollect,0.0375,,3.0,,,,GbgCollect,False,False,0,history0
chain,No Repair,29,29,RecentScan,57.483625,,29.0,,,,RecentScan,False,False,0,history0
chain,No Repair,30,30,Update,2.984042,21.0,,,,,Update,False,False,0,history0
chain,No Repair,31,31,BuildSnap,0.0,,31.0,,,,MarkTs,False,False,0,history0
chain,No Repair,32,32,Probe,1.302917,21.0,32.0,,,,Probe,False,False,0,history0
chain,No Repair,33,33,Probe,2.548958,21.0,33.0,,,,Probe,False,False,0,history0
chain,No Repair,34,34,Update,2.323,21.0,,,,,Update,False,False,0,history0
chain,No Repair,35,35,RecentScan,57.821791,,35.0,,,,RecentScan,False,False,0,history0
chain,No Repair,36,36,RecentScan,58.587083,,36.0,,,,RecentScan,False,False,0,history0
chain,No Repair,37,37,Update,2.925792,21.0,,,,,Update,False,False,0,history0
chain,No Repair,38,38,BuildSnap,0.0,,38.0,,,,MarkTs,False,False,0,history0
chain,No Repair,39,39,GbgCollect,0.037875,,9.0,,,,GbgCollect,False,False,0,history0
chain,No Repair,40,40,Probe,3.058416,21.0,40.0,,,,Probe,False,False,0,history0
chain,No Repair,41,41,Update,2.361917,21.0,,,,,Update,False,False,0,history0
chain,No Repair,42,42,RecentScan,59.008291,,42.0,,,,RecentScan,False,False,0,history0
chain,No Repair,43,43,Probe,1.487041,21.0,43.0,,,,Probe,False,False,0,history0
chain,No Repair,44,44,Probe,3.607625,21.0,44.0,,,,Probe,False,False,0,history0
chain,No Repair,45,45,Update,2.638209,21.0,,,,,Update,False,False,0,history0
chain,No Repair,46,46,BuildSnap,0.0,,46.0,,,,MarkTs,False,False,0,history0
chain,No Repair,47,47,Probe,2.551291,21.0,47.0,,,,Probe,False,False,0,history0
chain,No Repair,48,48,RecentScan,57.620209,,48.0,,,,RecentScan,False,False,0,history0
chain,No Repair,49,49,RecentScan,58.530458,,49.0,,,,RecentScan,False,False,0,history0
chain,No Repair,50,50,Probe,2.982291,21.0,50.0,,,,Probe,False,False,0,history0
chain,No Repair,51,51,RecentScan,58.882959,,51.0,,,,RecentScan,False,False,0,history0
chain,No Repair,52,52,Update,3.101833,21.0,,,,,Update,False,False,0,history0
chain,No Repair,53,53,Update,2.162834,21.0,,,,,Update,False,False,0,history0
chain,No Repair,54,54,BuildSnap,0.0,,54.0,,,,MarkTs,False,False,0,history0
chain,No Repair,55,55,RecentScan,56.650334,,55.0,,,,RecentScan,False,False,0,history0
chain,No Repair,56,56,Update,2.786,21.0,,,,,Update,False,False,0,history0
chain,No Repair,57,57,Probe,2.458584,21.0,57.0,,,,Probe,False,False,0,history0
chain,No Repair,58,58,RecentScan,56.453917,,58.0,,,,RecentScan,False,False,0,history0
chain,No Repair,59,59,Probe,4.821375,21.0,59.0,,,,Probe,False,False,0,history0
chain,No Repair,60,60,RecentScan,56.080709,,60.0,,,,RecentScan,False,False,0,history0
chain,No Repair,61,61,RecentScan,57.180334,,61.0,,,,RecentScan,False,False,0,history0
chain,No Repair,62,62,Probe,2.093292,21.0,62.0,,,,Probe,False,False,0,history0
chain,No Repair,63,63,Probe,2.67,21.0,63.0,,,,Probe,False,False,0,history0
chain,No Repair,64,64,Probe,2.852125,21.0,64.0,,,,Probe,False,False,0,history0
chain,No Repair,65,65,Probe,3.466375,21.0,65.0,,,,Probe,False,False,0,history0
chain,No Repair,66,66,GbgCollect,0.044792,,17.0,,,,GbgCollect,False,False,0,history0
chain,No Repair,67,67,Probe,3.107708,21.0,67.0,,,,Probe,False,False,0,history0
chain,No Repair,68,68,RecentScan,54.307542,,68.0,,,,RecentScan,False,False,0,history0
chain,No Repair,69,69,Probe,4.230792,21.0,69.0,,,,Probe,False,False,0,history0
chain,No Repair,70,70,RecentScan,55.359,,70.0,,,,RecentScan,False,False,0,history0
chain,No Repair,71,71,Probe,2.119333,21.0,71.0,,,,Probe,False,False,0,history0
chain,No Repair,72,72,RecentScan,56.663041,,72.0,,,,RecentScan,False,False,0,history0
chain,No Repair,73,73,Probe,3.305834,21.0,73.0,,,,Probe,False,False,0,history0
chain,No Repair,74,74,Probe,3.315625,21.0,74.0,,,,Probe,False,False,0,history0
chain,No Repair,75,75,GbgCollect,0.045625,,31.0,,,,GbgCollect,False,False,0,history0
chain,No Repair,76,76,RecentScan,56.757167,,76.0,,,,RecentScan,False,False,0,history0
chain,No Repair,77,77,RecentScan,59.1655,,77.0,,,,RecentScan,False,False,0,history0
chain,No Repair,78,78,RecentScan,57.744666,,78.0,,,,RecentScan,False,False,0,history0
chain,No Repair,79,79,RecentScan,57.241625,,79.0,,,,RecentScan,False,False,0,history0
chain,No Repair,80,80,Probe,2.000958,21.0,80.0,,,,Probe,False,False,0,history0
chain,No Repair,81,81,Update,2.914333,21.0,,,,,Update,False,False,0,history0
chain,No Repair,82,82,BuildSnap,0.0,,82.0,,,,MarkTs,False,False,0,history0
chain,No Repair,83,83,Update,2.164042,21.0,,,,,Update,False,False,0,history0
chain,No Repair,84,84,RecentScan,60.118334,,84.0,,,,RecentScan,False,False,0,history0
chain,No Repair,85,85,RecentScan,57.652833,,85.0,,,,RecentScan,False,False,0,history0
chain,No Repair,86,86,Probe,2.795083,21.0,86.0,,,,Probe,False,False,0,history0
chain,No Repair,87,87,RecentScan,58.3995,,87.0,,,,RecentScan,False,False,0,history0
chain,No Repair,88,88,Probe,2.768292,21.0,88.0,,,,Probe,False,False,0,history0
chain,No Repair,89,89,Probe,3.15225,21.0,89.0,,,,Probe,False,False,0,history0
chain,No Repair,90,90,RecentScan,58.420167,,90.0,,,,RecentScan,False,False,0,history0
chain,No Repair,91,91,Update,2.970042,21.0,,,,,Update,False,False,0,history0
chain,No Repair,92,92,BuildSnap,0.0,,92.0,,,,MarkTs,False,False,0,history0
chain,No Repair,93,93,Probe,1.540958,21.0,93.0,,,,Probe,False,False,0,history0
chain,No Repair,94,94,RecentScan,57.513292,,94.0,,,,RecentScan,False,False,0,history0
chain,No Repair,95,95,Update,3.009417,21.0,,,,,Update,False,False,0,history0
chain,No Repair,96,96,RecentScan,58.127375,,96.0,,,,RecentScan,False,False,0,history0
chain,No Repair,97,97,Probe,2.171125,21.0,97.0,,,,Probe,False,False,0,history0
chain,No Repair,98,98,Probe,2.93725,21.0,98.0,,,,Probe,False,False,0,history0
chain,No Repair,99,99,RecentScan,60.184,,99.0,,,,RecentScan,False,False,0,history0
chain,No Repair,100,100,Probe,2.171125,21.0,100.0,,,,Probe,False,False,0,history0
chain,No Repair,101,101,RecentScan,61.286292,,101.0,,,,RecentScan,False,False,0,history0
chain,No Repair,102,102,Probe,3.266375,21.0,102.0,,,,Probe,False,False,0,history0
chain,No Repair,103,103,RecentScan,60.708083,,103.0,,,,RecentScan,False,False,0,history0
chain,No Repair,104,104,Update,3.704458,21.0,,,,,Update,False,False,0,history0
chain,No Repair,105,105,BuildSnap,0.0,,105.0,,,,MarkTs,False,False,0,history0
chain,No Repair,106,106,Probe,1.72225,21.0,106.0,,,,Probe,False,False,0,history0
chain,No Repair,107,107,Update,3.282375,21.0,,,,,Update,False,False,0,history0
chain,No Repair,108,108,Probe,2.7035,21.0,108.0,,,,Probe,False,False,0,history0
chain,No Repair,109,109,Update,1.980708,21.0,,,,,Update,False,False,0,history0
chain,No Repair,110,110,BuildSnap,0.0,,110.0,,,,MarkTs,False,False,0,history0
chain,No Repair,111,111,Probe,1.684125,21.0,111.0,,,,Probe,False,False,0,history0
chain,No Repair,112,112,RecentScan,58.801167,,112.0,,,,RecentScan,False,False,0,history0
chain,No Repair,113,113,Probe,2.62425,21.0,113.0,,,,Probe,False,False,0,history0
chain,No Repair,114,114,RecentScan,59.908458,,114.0,,,,RecentScan,False,False,0,history0
chain,No Repair,115,115,RecentScan,59.016916,,115.0,,,,RecentScan,False,False,0,history0
chain,No Repair,116,116,Probe,2.221334,21.0,116.0,,,,Probe,False,False,0,history0
chain,No Repair,117,117,RecentScan,62.188875,,117.0,,,,RecentScan,False,False,0,history0
chain,Read Repair,0,0,InitLoad,67.951041,210000.0,,,,,InitLoad,False,False,0,history0
chain,Read Repair,1,1,BuildSnap,0.0,,1.0,,,,MarkTs,False,False,0,history0
chain,Read Repair,2,2,Update,3.678084,21.0,,,,,Update,False,False,0,history0
chain,Read Repair,3,3,BuildSnap,0.0,,3.0,,,,MarkTs,False,False,0,history0
chain,Read Repair,4,4,RecentScan,65.459666,,4.0,,,,RecentScan,False,False,0,history0
chain,Read Repair,5,5,Update,3.453417,21.0,,,,,Update,False,False,0,history0
chain,Read Repair,6,6,RecentScan,61.234958,,6.0,,,,RecentScan,False,False,0,history0
chain,Read Repair,7,7,HistoryScan,61.881667,,1.0,,,,HistoryScan,True,False,0,history0
chain,Read Repair,8,8,Update,3.167458,21.0,,,,,Update,False,False,0,history0
chain,Read Repair,9,9,BuildSnap,0.0,,9.0,,,,MarkTs,False,False,0,history0
chain,Read Repair,10,10,RecentScan,61.107458,,10.0,,,,RecentScan,False,False,0,history0
chain,Read Repair,11,11,Update,3.300708,21.0,,,,,Update,False,False,0,history0
chain,Read Repair,12,12,RecentScan,62.352375,,12.0,,,,RecentScan,False,False,0,history0
chain,Read Repair,13,13,RecentScan,62.845959,,13.0,,,,RecentScan,False,False,0,history0
chain,Read Repair,14,14,Probe,1.291375,21.0,14.0,,,,Probe,False,False,0,history0
chain,Read Repair,15,15,GbgCollect,0.056083,,1.0,,,,GbgCollect,False,False,0,history0
chain,Read Repair,16,16,Update,3.048166,21.0,,,,,Update,False,False,0,history0
chain,Read Repair,17,17,BuildSnap,0.0,,17.0,,,,MarkTs,False,False,0,history0
chain,Read Repair,18,18,Update,2.072208,21.0,,,,,Update,False,False,0,history0
chain,Read Repair,19,19,Probe,1.947459,21.0,19.0,,,,Probe,False,False,0,history0
chain,Read Repair,20,20,RecentScan,60.617875,,20.0,,,,RecentScan,False,False,0,history0
chain,Read Repair,21,21,RecentScan,62.289375,,21.0,,,,RecentScan,False,False,0,history0
chain,Read Repair,22,22,RecentScan,60.558959,,22.0,,,,RecentScan,False,False,0,history0
chain,Read Repair,23,23,Probe,2.266125,21.0,23.0,,,,Probe,False,False,0,history0
chain,Read Repair,24,24,Probe,1.877833,21.0,24.0,,,,Probe,False,False,0,history0
chain,Read Repair,25,25,Probe,2.3405,21.0,25.0,,,,Probe,False,False,0,history0
chain,Read Repair,26,26,RecentScan,61.09925,,26.0,,,,RecentScan,False,False,0,history0
chain,Read Repair,27,27,Probe,3.127,21.0,27.0,,,,Probe,False,False,0,history0
chain,Read Repair,28,28,GbgCollect,0.046167,,3.0,,,,GbgCollect,False,False,0,history0
chain,Read Repair,29,29,RecentScan,61.812292,,29.0,,,,RecentScan,False,False,0,history0
chain,Read Repair,30,30,Update,3.210833,21.0,,,,,Update,False,False,0,history0
chain,Read Repair,31,31,BuildSnap,0.0,,31.0,,,,MarkTs,False,False,0,history0
chain,Read Repair,32,32,Probe,1.552708,21.0,32.0,,,,Probe,False,False,0,history0
chain,Read Repair,33,33,Probe,2.44575,21.0,33.0,,,,Probe,False,False,0,history0
chain,Read Repair,34,34,Update,2.497208,21.0,,,,,Update,False,False,0,history0
chain,Read Repair,35,35,RecentScan,61.333208,,35.0,,,,RecentScan,False,False,0,history0
chain,Read Repair,36,36,RecentScan,62.957208,,36.0,,,,RecentScan,False,False,0,history0
chain,Read Repair,37,37,Update,3.467042,21.0,,,,,Update,False,False,0,history0
chain,Read Repair,38,38,BuildSnap,0.0,,38.0,,,,MarkTs,False,False,0,history0
chain,Read Repair,39,39,GbgCollect,0.073125,,9.0,,,,GbgCollect,False,False,0,history0
chain,Read Repair,40,40,Probe,2.851916,21.0,40.0,,,,Probe,False,False,0,history0
chain,Read Repair,41,41,Update,2.472208,21.0,,,,,Update,False,False,0,history0
chain,Read Repair,42,42,RecentScan,61.279583,,42.0,,,,RecentScan,False,False,0,history0
chain,Read Repair,43,43,Probe,1.487875,21.0,43.0,,,,Probe,False,False,0,history0
chain,Read Repair,44,44,Probe,3.327292,21.0,44.0,,,,Probe,False,False,0,history0
chain,Read Repair,45,45,Update,2.637667,21.0,,,,,Update,False,False,0,history0
chain,Read Repair,46,46,BuildSnap,0.0,,46.0,,,,MarkTs,False,False,0,history0
chain,Read Repair,47,47,Probe,2.405792,21.0,47.0,,,,Probe,False,False,0,history0
chain,Read Repair,48,48,RecentScan,63.925083,,48.0,,,,RecentScan,False,False,0,history0
chain,Read Repair,49,49,RecentScan,61.072875,,49.0,,,,RecentScan,False,False,0,history0
chain,Read Repair,50,50,Probe,2.811291,21.0,50.0,,,,Probe,False,False,0,history0
chain,Read Repair,51,51,RecentScan,59.879333,,51.0,,,,RecentScan,False,False,0,history0
chain,Read Repair,52,52,Update,3.152417,21.0,,,,,Update,False,False,0,history0
chain,Read Repair,53,53,Update,2.171834,21.0,,,,,Update,False,False,0,history0
chain,Read Repair,54,54,BuildSnap,0.0,,54.0,,,,MarkTs,False,False,0,history0
chain,Read Repair,55,55,RecentScan,60.120958,,55.0,,,,RecentScan,False,False,0,history0
chain,Read Repair,56,56,Update,3.160333,21.0,,,,,Update,False,False,0,history0
chain,Read Repair,57,57,Probe,2.9745,21.0,57.0,,,,Probe,False,False,0,history0
chain,Read Repair,58,58,RecentScan,60.499584,,58.0,,,,RecentScan,False,False,0,history0
chain,Read Repair,59,59,Probe,4.825917,21.0,59.0,,,,Probe,False,False,0,history0
chain,Read Repair,60,60,RecentScan,61.642042,,60.0,,,,RecentScan,False,False,0,history0
chain,Read Repair,61,61,RecentScan,60.429042,,61.0,,,,RecentScan,False,False,0,history0
chain,Read Repair,62,62,Probe,2.135167,21.0,62.0,,,,Probe,False,False,0,history0
chain,Read Repair,63,63,Probe,2.396125,21.0,63.0,,,,Probe,False,False,0,history0
chain,Read Repair,64,64,Probe,2.76475,21.0,64.0,,,,Probe,False,False,0,history0
chain,Read Repair,65,65,Probe,3.561208,21.0,65.0,,,,Probe,False,False,0,history0
chain,Read Repair,66,66,GbgCollect,0.0545,,17.0,,,,GbgCollect,False,False,0,history0
chain,Read Repair,67,67,Probe,2.875375,21.0,67.0,,,,Probe,False,False,0,history0
chain,Read Repair,68,68,RecentScan,62.061042,,68.0,,,,RecentScan,False,False,0,history0
chain,Read Repair,69,69,Probe,4.97575,21.0,69.0,,,,Probe,False,False,0,history0
chain,Read Repair,70,70,RecentScan,59.148875,,70.0,,,,RecentScan,False,False,0,history0
chain,Read Repair,71,71,Probe,2.708917,21.0,71.0,,,,Probe,False,False,0,history0
chain,Read Repair,72,72,RecentScan,54.505,,72.0,,,,RecentScan,False,False,0,history0
chain,Read Repair,73,73,Probe,3.335292,21.0,73.0,,,,Probe,False,False,0,history0
chain,Read Repair,74,74,Probe,3.093917,21.0,74.0,,,,Probe,False,False,0,history0
chain,Read Repair,75,75,GbgCollect,0.046709,,31.0,,,,GbgCollect,False,False,0,history0
chain,Read Repair,76,76,RecentScan,62.478791,,76.0,,,,RecentScan,False,False,0,history0
chain,Read Repair,77,77,RecentScan,60.396417,,77.0,,,,RecentScan,False,False,0,history0
chain,Read Repair,78,78,RecentScan,61.275583,,78.0,,,,RecentScan,False,False,0,history0
chain,Read Repair,79,79,RecentScan,59.283042,,79.0,,,,RecentScan,False,False,0,history0
chain,Read Repair,80,80,Probe,2.034375,21.0,80.0,,,,Probe,False,False,0,history0
chain,Read Repair,81,81,Update,2.91825,21.0,,,,,Update,False,False,0,history0
chain,Read Repair,82,82,BuildSnap,0.0,,82.0,,,,MarkTs,False,False,0,history0
chain,Read Repair,83,83,Update,2.009292,21.0,,,,,Update,False,False,0,history0
chain,Read Repair,84,84,RecentScan,62.678,,84.0,,,,RecentScan,False,False,0,history0
chain,Read Repair,85,85,RecentScan,63.937708,,85.0,,,,RecentScan,False,False,0,history0
chain,Read Repair,86,86,Probe,2.844917,21.0,86.0,,,,Probe,False,False,0,history0
chain,Read Repair,87,87,RecentScan,59.121458,,87.0,,,,RecentScan,False,False,0,history0
chain,Read Repair,88,88,Probe,2.789208,21.0,88.0,,,,Probe,False,False,0,history0
chain,Read Repair,89,89,Probe,3.116542,21.0,89.0,,,,Probe,False,False,0,history0
chain,Read Repair,90,90,RecentScan,59.61725,,90.0,,,,RecentScan,False,False,0,history0
chain,Read Repair,91,91,Update,3.018167,21.0,,,,,Update,False,False,0,history0
chain,Read Repair,92,92,BuildSnap,0.0,,92.0,,,,MarkTs,False,False,0,history0
chain,Read Repair,93,93,Probe,1.420833,21.0,93.0,,,,Probe,False,False,0,history0
chain,Read Repair,94,94,RecentScan,58.170584,,94.0,,,,RecentScan,False,False,0,history0
chain,Read Repair,95,95,Update,2.937333,21.0,,,,,Update,False,False,0,history0
chain,Read Repair,96,96,RecentScan,58.651208,,96.0,,,,RecentScan,False,False,0,history0
chain,Read Repair,97,97,Probe,2.197084,21.0,97.0,,,,Probe,False,False,0,history0
chain,Read Repair,98,98,Probe,2.995208,21.0,98.0,,,,Probe,False,False,0,history0
chain,Read Repair,99,99,RecentScan,62.199625,,99.0,,,,RecentScan,False,False,0,history0
chain,Read Repair,100,100,Probe,2.085625,21.0,100.0,,,,Probe,False,False,0,history0
chain,Read Repair,101,101,RecentScan,61.612625,,101.0,,,,RecentScan,False,False,0,history0
chain,Read Repair,102,102,Probe,3.492959,21.0,102.0,,,,Probe,False,False,0,history0
chain,Read Repair,103,103,RecentScan,59.26275,,103.0,,,,RecentScan,False,False,0,history0
chain,Read Repair,104,104,Update,3.061917,21.0,,,,,Update,False,False,0,history0
chain,Read Repair,105,105,BuildSnap,0.0,,105.0,,,,MarkTs,False,False,0,history0
chain,Read Repair,106,106,Probe,1.714917,21.0,106.0,,,,Probe,False,False,0,history0
chain,Read Repair,107,107,Update,2.386583,21.0,,,,,Update,False,False,0,history0
chain,Read Repair,108,108,Probe,2.417041,21.0,108.0,,,,Probe,False,False,0,history0
chain,Read Repair,109,109,Update,1.881916,21.0,,,,,Update,False,False,0,history0
chain,Read Repair,110,110,BuildSnap,0.0,,110.0,,,,MarkTs,False,False,0,history0
chain,Read Repair,111,111,Probe,1.630834,21.0,111.0,,,,Probe,False,False,0,history0
chain,Read Repair,112,112,RecentScan,60.422833,,112.0,,,,RecentScan,False,False,0,history0
chain,Read Repair,113,113,Probe,2.714375,21.0,113.0,,,,Probe,False,False,0,history0
chain,Read Repair,114,114,RecentScan,59.719709,,114.0,,,,RecentScan,False,False,0,history0
chain,Read Repair,115,115,RecentScan,63.804,,115.0,,,,RecentScan,False,False,0,history0
chain,Read Repair,116,116,Probe,2.142041,21.0,116.0,,,,Probe,False,False,0,history0
chain,Read Repair,117,117,RecentScan,58.872583,,117.0,,,,RecentScan,False,False,0,history0
chain,Write Repair,0,0,InitLoad,68.597292,210000.0,,,,,InitLoad,False,False,0,history0
chain,Write Repair,1,1,BuildSnap,0.0,,1.0,,,,MarkTs,False,False,0,history0
chain,Write Repair,2,2,Update,4.325833,21.0,,,,,Update,False,False,0,history0
chain,Write Repair,3,3,BuildSnap,0.0,,3.0,,,,MarkTs,False,False,0,history0
chain,Write Repair,4,4,RecentScan,62.69975,,4.0,,,,RecentScan,False,False,0,history0
chain,Write Repair,5,5,Update,3.550584,21.0,,,,,Update,False,False,0,history0
chain,Write Repair,6,6,RecentScan,66.885333,,6.0,,,,RecentScan,False,False,0,history0
chain,Write Repair,7,7,HistoryScan,61.926791,,1.0,,,,HistoryScan,True,False,0,history0
chain,Write Repair,8,8,Update,3.207625,21.0,,,,,Update,False,False,0,history0
chain,Write Repair,9,9,BuildSnap,0.0,,9.0,,,,MarkTs,False,False,0,history0
chain,Write Repair,10,10,RecentScan,58.782292,,10.0,,,,RecentScan,False,False,0,history0
chain,Write Repair,11,11,Update,3.227459,21.0,,,,,Update,False,False,0,history0
chain,Write Repair,12,12,RecentScan,58.390791,,12.0,,,,RecentScan,False,False,0,history0
chain,Write Repair,13,13,RecentScan,61.854041,,13.0,,,,RecentScan,False,False,0,history0
chain,Write Repair,14,14,Probe,1.343416,21.0,14.0,,,,Probe,False,False,0,history0
chain,Write Repair,15,15,GbgCollect,0.037375,,1.0,,,,GbgCollect,False,False,0,history0
chain,Write Repair,16,16,Update,3.124208,21.0,,,,,Update,False,False,0,history0
chain,Write Repair,17,17,BuildSnap,0.0,,17.0,,,,MarkTs,False,False,0,history0
chain,Write Repair,18,18,Update,2.14725,21.0,,,,,Update,False,False,0,history0
chain,Write Repair,19,19,Probe,2.104667,21.0,19.0,,,,Probe,False,False,0,history0
chain,Write Repair,20,20,RecentScan,59.191291,,20.0,,,,RecentScan,False,False,0,history0
chain,Write Repair,21,21,RecentScan,59.659625,,21.0,,,,RecentScan,False,False,0,history0
chain,Write Repair,22,22,RecentScan,57.790834,,22.0,,,,RecentScan,False,False,0,history0
chain,Write Repair,23,23,Probe,1.996208,21.0,23.0,,,,Probe,False,False,0,history0
chain,Write Repair,24,24,Probe,1.812958,21.0,24.0,,,,Probe,False,False,0,history0
chain,Write Repair,25,25,Probe,2.795584,21.0,25.0,,,,Probe,False,False,0,history0
chain,Write Repair,26,26,RecentScan,59.810333,,26.0,,,,RecentScan,False,False,0,history0
chain,Write Repair,27,27,Probe,3.107125,21.0,27.0,,,,Probe,False,False,0,history0
chain,Write Repair,28,28,GbgCollect,0.053917,,3.0,,,,GbgCollect,False,False,0,history0
chain,Write Repair,29,29,RecentScan,59.642125,,29.0,,,,RecentScan,False,False,0,history0
chain,Write Repair,30,30,Update,3.112583,21.0,,,,,Update,False,False,0,history0
chain,Write Repair,31,31,BuildSnap,0.0,,31.0,,,,MarkTs,False,False,0,history0
chain,Write Repair,32,32,Probe,1.225167,21.0,32.0,,,,Probe,False,False,0,history0
chain,Write Repair,33,33,Probe,2.800166,21.0,33.0,,,,Probe,False,False,0,history0
chain,Write Repair,34,34,Update,2.513625,21.0,,,,,Update,False,False,0,history0
chain,Write Repair,35,35,RecentScan,62.308208,,35.0,,,,RecentScan,False,False,0,history0
chain,Write Repair,36,36,RecentScan,60.946333,,36.0,,,,RecentScan,False,False,0,history0
chain,Write Repair,37,37,Update,3.102291,21.0,,,,,Update,False,False,0,history0
chain,Write Repair,38,38,BuildSnap,0.0,,38.0,,,,MarkTs,False,False,0,history0
chain,Write Repair,39,39,GbgCollect,0.044292000000000005,,9.0,,,,GbgCollect,False,False,0,history0
chain,Write Repair,40,40,Probe,3.076334,21.0,40.0,,,,Probe,False,False,0,history0
chain,Write Repair,41,41,Update,2.362333,21.0,,,,,Update,False,False,0,history0
chain,Write Repair,42,42,RecentScan,58.402041,,42.0,,,,RecentScan,False,False,0,history0
chain,Write Repair,43,43,Probe,1.605667,21.0,43.0,,,,Probe,False,False,0,history0
chain,Write Repair,44,44,Probe,3.754875,21.0,44.0,,,,Probe,False,False,0,history0
chain,Write Repair,45,45,Update,2.693917,21.0,,,,,Update,False,False,0,history0
chain,Write Repair,46,46,BuildSnap,0.0,,46.0,,,,MarkTs,False,False,0,history0
chain,Write Repair,47,47,Probe,2.685792,21.0,47.0,,,,Probe,False,False,0,history0
chain,Write Repair,48,48,RecentScan,58.375541,,48.0,,,,RecentScan,False,False,0,history0
chain,Write Repair,49,49,RecentScan,60.064583,,49.0,,,,RecentScan,False,False,0,history0
chain,Write Repair,50,50,Probe,2.974583,21.0,50.0,,,,Probe,False,False,0,history0
chain,Write Repair,51,51,RecentScan,62.5175,,51.0,,,,RecentScan,False,False,0,history0
chain,Write Repair,52,52,Update,3.250916,21.0,,,,,Update,False,False,0,history0
chain,Write Repair,53,53,Update,2.369,21.0,,,,,Update,False,False,0,history0
chain,Write Repair,54,54,BuildSnap,0.0,,54.0,,,,MarkTs,False,False,0,history0
chain,Write Repair,55,55,RecentScan,60.356417,,55.0,,,,RecentScan,False,False,0,history0
chain,Write Repair,56,56,Update,3.106709,21.0,,,,,Update,False,False,0,history0
chain,Write Repair,57,57,Probe,2.307708,21.0,57.0,,,,Probe,False,False,0,history0
chain,Write Repair,58,58,RecentScan,58.753,,58.0,,,,RecentScan,False,False,0,history0
chain,Write Repair,59,59,Probe,4.538833,21.0,59.0,,,,Probe,False,False,0,history0
chain,Write Repair,60,60,RecentScan,61.421667,,60.0,,,,RecentScan,False,False,0,history0
chain,Write Repair,61,61,RecentScan,59.390583,,61.0,,,,RecentScan,False,False,0,history0
chain,Write Repair,62,62,Probe,2.089792,21.0,62.0,,,,Probe,False,False,0,history0
chain,Write Repair,63,63,Probe,2.334792,21.0,63.0,,,,Probe,False,False,0,history0
chain,Write Repair,64,64,Probe,2.429125,21.0,64.0,,,,Probe,False,False,0,history0
chain,Write Repair,65,65,Probe,2.777958,21.0,65.0,,,,Probe,False,False,0,history0
chain,Write Repair,66,66,GbgCollect,0.08454099999999999,,17.0,,,,GbgCollect,False,False,0,history0
chain,Write Repair,67,67,Probe,2.651125,21.0,67.0,,,,Probe,False,False,0,history0
chain,Write Repair,68,68,RecentScan,60.154042,,68.0,,,,RecentScan,False,False,0,history0
chain,Write Repair,69,69,Probe,3.697375,21.0,69.0,,,,Probe,False,False,0,history0
chain,Write Repair,70,70,RecentScan,59.801584,,70.0,,,,RecentScan,False,False,0,history0
chain,Write Repair,71,71,Probe,2.232833,21.0,71.0,,,,Probe,False,False,0,history0
chain,Write Repair,72,72,RecentScan,60.99575,,72.0,,,,RecentScan,False,False,0,history0
chain,Write Repair,73,73,Probe,3.518791,21.0,73.0,,,,Probe,False,False,0,history0
chain,Write Repair,74,74,Probe,3.24275,21.0,74.0,,,,Probe,False,False,0,history0
chain,Write Repair,75,75,GbgCollect,0.049,,31.0,,,,GbgCollect,False,False,0,history0
chain,Write Repair,76,76,RecentScan,61.369042,,76.0,,,,RecentScan,False,False,0,history0
chain,Write Repair,77,77,RecentScan,58.915167,,77.0,,,,RecentScan,False,False,0,history0
chain,Write Repair,78,78,RecentScan,59.21225,,78.0,,,,RecentScan,False,False,0,history0
chain,Write Repair,79,79,RecentScan,60.249792,,79.0,,,,RecentScan,False,False,0,history0
chain,Write Repair,80,80,Probe,1.939708,21.0,80.0,,,,Probe,False,False,0,history0
chain,Write Repair,81,81,Update,3.060917,21.0,,,,,Update,False,False,0,history0
chain,Write Repair,82,82,BuildSnap,0.0,,82.0,,,,MarkTs,False,False,0,history0
chain,Write Repair,83,83,Update,2.077167,21.0,,,,,Update,False,False,0,history0
chain,Write Repair,84,84,RecentScan,59.978333,,84.0,,,,RecentScan,False,False,0,history0
chain,Write Repair,85,85,RecentScan,58.662792,,85.0,,,,RecentScan,False,False,0,history0
chain,Write Repair,86,86,Probe,2.835,21.0,86.0,,,,Probe,False,False,0,history0
chain,Write Repair,87,87,RecentScan,57.879375,,87.0,,,,RecentScan,False,False,0,history0
chain,Write Repair,88,88,Probe,2.768875,21.0,88.0,,,,Probe,False,False,0,history0
chain,Write Repair,89,89,Probe,2.9825,21.0,89.0,,,,Probe,False,False,0,history0
chain,Write Repair,90,90,RecentScan,57.858416,,90.0,,,,RecentScan,False,False,0,history0
chain,Write Repair,91,91,Update,3.008375,21.0,,,,,Update,False,False,0,history0
chain,Write Repair,92,92,BuildSnap,0.0,,92.0,,,,MarkTs,False,False,0,history0
chain,Write Repair,93,93,Probe,1.598834,21.0,93.0,,,,Probe,False,False,0,history0
chain,Write Repair,94,94,RecentScan,58.562666,,94.0,,,,RecentScan,False,False,0,history0
chain,Write Repair,95,95,Update,3.085834,21.0,,,,,Update,False,False,0,history0
chain,Write Repair,96,96,RecentScan,57.996291,,96.0,,,,RecentScan,False,False,0,history0
chain,Write Repair,97,97,Probe,2.130417,21.0,97.0,,,,Probe,False,False,0,history0
chain,Write Repair,98,98,Probe,2.940666,21.0,98.0,,,,Probe,False,False,0,history0
chain,Write Repair,99,99,RecentScan,58.987875,,99.0,,,,RecentScan,False,False,0,history0
chain,Write Repair,100,100,Probe,2.000792,21.0,100.0,,,,Probe,False,False,0,history0
chain,Write Repair,101,101,RecentScan,59.556458,,101.0,,,,RecentScan,False,False,0,history0
chain,Write Repair,102,102,Probe,3.309709,21.0,102.0,,,,Probe,False,False,0,history0
chain,Write Repair,103,103,RecentScan,56.962083,,103.0,,,,RecentScan,False,False,0,history0
chain,Write Repair,104,104,Update,3.103625,21.0,,,,,Update,False,False,0,history0
chain,Write Repair,105,105,BuildSnap,0.0,,105.0,,,,MarkTs,False,False,0,history0
chain,Write Repair,106,106,Probe,1.628333,21.0,106.0,,,,Probe,False,False,0,history0
chain,Write Repair,107,107,Update,2.3675,21.0,,,,,Update,False,False,0,history0
chain,Write Repair,108,108,Probe,2.6295,21.0,108.0,,,,Probe,False,False,0,history0
chain,Write Repair,109,109,Update,1.966375,21.0,,,,,Update,False,False,0,history0
chain,Write Repair,110,110,BuildSnap,0.0,,110.0,,,,MarkTs,False,False,0,history0
chain,Write Repair,111,111,Probe,1.770958,21.0,111.0,,,,Probe,False,False,0,history0
chain,Write Repair,112,112,RecentScan,57.662041,,112.0,,,,RecentScan,False,False,0,history0
chain,Write Repair,113,113,Probe,2.556542,21.0,113.0,,,,Probe,False,False,0,history0
chain,Write Repair,114,114,RecentScan,58.949792,,114.0,,,,RecentScan,False,False,0,history0
chain,Write Repair,115,115,RecentScan,59.406208,,115.0,,,,RecentScan,False,False,0,history0
chain,Write Repair,116,116,Probe,2.141875,21.0,116.0,,,,Probe,False,False,0,history0
chain,Write Repair,117,117,RecentScan,56.932375,,117.0,,,,RecentScan,False,False,0,history0
chain,No Repair,0,0,InitLoad,80.084542,210000.0,,,,,InitLoad,False,False,1,history0
chain,No Repair,1,1,BuildSnap,0.0,,1.0,,,,MarkTs,False,False,1,history0
chain,No Repair,2,2,Update,5.741917,21.0,,,,,Update,False,False,1,history0
chain,No Repair,3,3,BuildSnap,0.0,,3.0,,,,MarkTs,False,False,1,history0
chain,No Repair,4,4,RecentScan,60.88675,,4.0,,,,RecentScan,False,False,1,history0
chain,No Repair,5,5,Update,3.293042,21.0,,,,,Update,False,False,1,history0
chain,No Repair,6,6,RecentScan,57.651583,,6.0,,,,RecentScan,False,False,1,history0
chain,No Repair,7,7,HistoryScan,59.584833,,1.0,,,,HistoryScan,True,False,1,history0
chain,No Repair,8,8,Update,3.073542,21.0,,,,,Update,False,False,1,history0
chain,No Repair,9,9,BuildSnap,0.0,,9.0,,,,MarkTs,False,False,1,history0
chain,No Repair,10,10,RecentScan,58.279917,,10.0,,,,RecentScan,False,False,1,history0
chain,No Repair,11,11,Update,3.162375,21.0,,,,,Update,False,False,1,history0
chain,No Repair,12,12,RecentScan,57.039083,,12.0,,,,RecentScan,False,False,1,history0
chain,No Repair,13,13,RecentScan,62.657667,,13.0,,,,RecentScan,False,False,1,history0
chain,No Repair,14,14,Probe,1.335542,21.0,14.0,,,,Probe,False,False,1,history0
chain,No Repair,15,15,GbgCollect,0.041040999999999994,,1.0,,,,GbgCollect,False,False,1,history0
chain,No Repair,16,16,Update,2.962667,21.0,,,,,Update,False,False,1,history0
chain,No Repair,17,17,BuildSnap,0.0,,17.0,,,,MarkTs,False,False,1,history0
chain,No Repair,18,18,Update,1.992667,21.0,,,,,Update,False,False,1,history0
chain,No Repair,19,19,Probe,2.233334,21.0,19.0,,,,Probe,False,False,1,history0
chain,No Repair,20,20,RecentScan,57.705208,,20.0,,,,RecentScan,False,False,1,history0
chain,No Repair,21,21,RecentScan,61.423458,,21.0,,,,RecentScan,False,False,1,history0
chain,No Repair,22,22,RecentScan,58.468083,,22.0,,,,RecentScan,False,False,1,history0
chain,No Repair,23,23,Probe,1.911667,21.0,23.0,,,,Probe,False,False,1,history0
chain,No Repair,24,24,Probe,1.695,21.0,24.0,,,,Probe,False,False,1,history0
chain,No Repair,25,25,Probe,2.33625,21.0,25.0,,,,Probe,False,False,1,history0
chain,No Repair,26,26,RecentScan,57.5035,,26.0,,,,RecentScan,False,False,1,history0
chain,No Repair,27,27,Probe,2.801167,21.0,27.0,,,,Probe,False,False,1,history0
chain,No Repair,28,28,GbgCollect,0.04275,,3.0,,,,GbgCollect,False,False,1,history0
chain,No Repair,29,29,RecentScan,59.474041,,29.0,,,,RecentScan,False,False,1,history0
chain,No Repair,30,30,Update,2.995875,21.0,,,,,Update,False,False,1,history0
chain,No Repair,31,31,BuildSnap,0.0,,31.0,,,,MarkTs,False,False,1,history0
chain,No Repair,32,32,Probe,1.209291,21.0,32.0,,,,Probe,False,False,1,history0
chain,No Repair,33,33,Probe,2.378458,21.0,33.0,,,,Probe,False,False,1,history0
chain,No Repair,34,34,Update,2.333042,21.0,,,,,Update,False,False,1,history0
chain,No Repair,35,35,RecentScan,61.077083,,35.0,,,,RecentScan,False,False,1,history0
chain,No Repair,36,36,RecentScan,61.979625,,36.0,,,,RecentScan,False,False,1,history0
chain,No Repair,37,37,Update,2.935667,21.0,,,,,Update,False,False,1,history0
chain,No Repair,38,38,BuildSnap,0.0,,38.0,,,,MarkTs,False,False,1,history0
chain,No Repair,39,39,GbgCollect,0.041209,,9.0,,,,GbgCollect,False,False,1,history0
chain,No Repair,40,40,Probe,2.761042,21.0,40.0,,,,Probe,False,False,1,history0
chain,No Repair,41,41,Update,2.281417,21.0,,,,,Update,False,False,1,history0
chain,No Repair,42,42,RecentScan,59.669583,,42.0,,,,RecentScan,False,False,1,history0
chain,No Repair,43,43,Probe,1.571,21.0,43.0,,,,Probe,False,False,1,history0
chain,No Repair,44,44,Probe,3.377958,21.0,44.0,,,,Probe,False,False,1,history0
chain,No Repair,45,45,Update,2.740834,21.0,,,,,Update,False,False,1,history0
chain,No Repair,46,46,BuildSnap,0.0,,46.0,,,,MarkTs,False,False,1,history0
chain,No Repair,47,47,Probe,2.3835,21.0,47.0,,,,Probe,False,False,1,history0
chain,No Repair,48,48,RecentScan,61.783209,,48.0,,,,RecentScan,False,False,1,history0
chain,No Repair,49,49,RecentScan,59.025042,,49.0,,,,RecentScan,False,False,1,history0
chain,No Repair,50,50,Probe,2.738958,21.0,50.0,,,,Probe,False,False,1,history0
chain,No Repair,51,51,RecentScan,56.77075,,51.0,,,,RecentScan,False,False,1,history0
chain,No Repair,52,52,Update,2.972791,21.0,,,,,Update,False,False,1,history0
chain,No Repair,53,53,Update,2.214292,21.0,,,,,Update,False,False,1,history0
chain,No Repair,54,54,BuildSnap,0.0,,54.0,,,,MarkTs,False,False,1,history0
chain,No Repair,55,55,RecentScan,59.905166,,55.0,,,,RecentScan,False,False,1,history0
chain,No Repair,56,56,Update,2.955708,21.0,,,,,Update,False,False,1,history0
chain,No Repair,57,57,Probe,2.246209,21.0,57.0,,,,Probe,False,False,1,history0
chain,No Repair,58,58,RecentScan,61.069,,58.0,,,,RecentScan,False,False,1,history0
chain,No Repair,59,59,Probe,4.236584,21.0,59.0,,,,Probe,False,False,1,history0
chain,No Repair,60,60,RecentScan,61.386125,,60.0,,,,RecentScan,False,False,1,history0
chain,No Repair,61,61,RecentScan,58.853583,,61.0,,,,RecentScan,False,False,1,history0
chain,No Repair,62,62,Probe,2.102292,21.0,62.0,,,,Probe,False,False,1,history0
chain,No Repair,63,63,Probe,2.342625,21.0,63.0,,,,Probe,False,False,1,history0
chain,No Repair,64,64,Probe,2.554459,21.0,64.0,,,,Probe,False,False,1,history0
chain,No Repair,65,65,Probe,3.004417,21.0,65.0,,,,Probe,False,False,1,history0
chain,No Repair,66,66,GbgCollect,0.054916,,17.0,,,,GbgCollect,False,False,1,history0
chain,No Repair,67,67,Probe,2.668,21.0,67.0,,,,Probe,False,False,1,history0
chain,No Repair,68,68,RecentScan,58.035875,,68.0,,,,RecentScan,False,False,1,history0
chain,No Repair,69,69,Probe,3.826875,21.0,69.0,,,,Probe,False,False,1,history0
chain,No Repair,70,70,RecentScan,58.263334,,70.0,,,,RecentScan,False,False,1,history0
chain,No Repair,71,71,Probe,2.190875,21.0,71.0,,,,Probe,False,False,1,history0
chain,No Repair,72,72,RecentScan,57.522208,,72.0,,,,RecentScan,False,False,1,history0
chain,No Repair,73,73,Probe,3.406042,21.0,73.0,,,,Probe,False,False,1,history0
chain,No Repair,74,74,Probe,3.223334,21.0,74.0,,,,Probe,False,False,1,history0
chain,No Repair,75,75,GbgCollect,0.047208,,31.0,,,,GbgCollect,False,False,1,history0
chain,No Repair,76,76,RecentScan,59.794041,,76.0,,,,RecentScan,False,False,1,history0
chain,No Repair,77,77,RecentScan,58.968959,,77.0,,,,RecentScan,False,False,1,history0
chain,No Repair,78,78,RecentScan,57.089666,,78.0,,,,RecentScan,False,False,1,history0
chain,No Repair,79,79,RecentScan,59.633041,,79.0,,,,RecentScan,False,False,1,history0
chain,No Repair,80,80,Probe,2.031875,21.0,80.0,,,,Probe,False,False,1,history0
chain,No Repair,81,81,Update,2.994584,21.0,,,,,Update,False,False,1,history0
chain,No Repair,82,82,BuildSnap,0.0,,82.0,,,,MarkTs,False,False,1,history0
chain,No Repair,83,83,Update,2.200416,21.0,,,,,Update,False,False,1,history0
chain,No Repair,84,84,RecentScan,59.751167,,84.0,,,,RecentScan,False,False,1,history0
chain,No Repair,85,85,RecentScan,56.48175,,85.0,,,,RecentScan,False,False,1,history0
chain,No Repair,86,86,Probe,2.7535,21.0,86.0,,,,Probe,False,False,1,history0
chain,No Repair,87,87,RecentScan,60.867708,,87.0,,,,RecentScan,False,False,1,history0
chain,No Repair,88,88,Probe,2.854834,21.0,88.0,,,,Probe,False,False,1,history0
chain,No Repair,89,89,Probe,3.014959,21.0,89.0,,,,Probe,False,False,1,history0
chain,No Repair,90,90,RecentScan,60.616625,,90.0,,,,RecentScan,False,False,1,history0
chain,No Repair,91,91,Update,3.1725,21.0,,,,,Update,False,False,1,history0
chain,No Repair,92,92,BuildSnap,0.0,,92.0,,,,MarkTs,False,False,1,history0
chain,No Repair,93,93,Probe,1.704042,21.0,93.0,,,,Probe,False,False,1,history0
chain,No Repair,94,94,RecentScan,62.682583,,94.0,,,,RecentScan,False,False,1,history0
chain,No Repair,95,95,Update,3.261458,21.0,,,,,Update,False,False,1,history0
chain,No Repair,96,96,RecentScan,58.538959,,96.0,,,,RecentScan,False,False,1,history0
chain,No Repair,97,97,Probe,2.21,21.0,97.0,,,,Probe,False,False,1,history0
chain,No Repair,98,98,Probe,2.953417,21.0,98.0,,,,Probe,False,False,1,history0
chain,No Repair,99,99,RecentScan,63.060125,,99.0,,,,RecentScan,False,False,1,history0
chain,No Repair,100,100,Probe,2.183083,21.0,100.0,,,,Probe,False,False,1,history0
chain,No Repair,101,101,RecentScan,58.460583,,101.0,,,,RecentScan,False,False,1,history0
chain,No Repair,102,102,Probe,3.437292,21.0,102.0,,,,Probe,False,False,1,history0
chain,No Repair,103,103,RecentScan,57.696208,,103.0,,,,RecentScan,False,False,1,history0
chain,No Repair,104,104,Update,3.059542,21.0,,,,,Update,False,False,1,history0
chain,No Repair,105,105,BuildSnap,0.0,,105.0,,,,MarkTs,False,False,1,history0
chain,No Repair,106,106,Probe,1.491625,21.0,106.0,,,,Probe,False,False,1,history0
chain,No Repair,107,107,Update,2.235083,21.0,,,,,Update,False,False,1,history0
chain,No Repair,108,108,Probe,2.548625,21.0,108.0,,,,Probe,False,False,1,history0
chain,No Repair,109,109,Update,1.996541,21.0,,,,,Update,False,False,1,history0
chain,No Repair,110,110,BuildSnap,0.0,,110.0,,,,MarkTs,False,False,1,history0
chain,No Repair,111,111,Probe,1.680042,21.0,111.0,,,,Probe,False,False,1,history0
chain,No Repair,112,112,RecentScan,57.126416,,112.0,,,,RecentScan,False,False,1,history0
chain,No Repair,113,113,Probe,2.630209,21.0,113.0,,,,Probe,False,False,1,history0
chain,No Repair,114,114,RecentScan,58.587833,,114.0,,,,RecentScan,False,False,1,history0
chain,No Repair,115,115,RecentScan,55.762958,,115.0,,,,RecentScan,False,False,1,history0
chain,No Repair,116,116,Probe,2.061625,21.0,116.0,,,,Probe,False,False,1,history0
chain,No Repair,117,117,RecentScan,59.125333,,117.0,,,,RecentScan,False,False,1,history0
chain,Read Repair,0,0,InitLoad,67.089291,210000.0,,,,,InitLoad,False,False,1,history0
chain,Read Repair,1,1,BuildSnap,0.0,,1.0,,,,MarkTs,False,False,1,history0
chain,Read Repair,2,2,Update,3.760291,21.0,,,,,Update,False,False,1,history0
chain,Read Repair,3,3,BuildSnap,0.0,,3.0,,,,MarkTs,False,False,1,history0
chain,Read Repair,4,4,RecentScan,64.582292,,4.0,,,,RecentScan,False,False,1,history0
chain,Read Repair,5,5,Update,5.26575,21.0,,,,,Update,False,False,1,history0
chain,Read Repair,6,6,RecentScan,57.339667,,6.0,,,,RecentScan,False,False,1,history0
chain,Read Repair,7,7,HistoryScan,60.032042,,1.0,,,,HistoryScan,True,False,1,history0
chain,Read Repair,8,8,Update,2.971292,21.0,,,,,Update,False,False,1,history0
chain,Read Repair,9,9,BuildSnap,0.0,,9.0,,,,MarkTs,False,False,1,history0
chain,Read Repair,10,10,RecentScan,59.716125,,10.0,,,,RecentScan,False,False,1,history0
chain,Read Repair,11,11,Update,3.232583,21.0,,,,,Update,False,False,1,history0
chain,Read Repair,12,12,RecentScan,60.003583,,12.0,,,,RecentScan,False,False,1,history0
chain,Read Repair,13,13,RecentScan,57.895625,,13.0,,,,RecentScan,False,False,1,history0
chain,Read Repair,14,14,Probe,1.302042,21.0,14.0,,,,Probe,False,False,1,history0
chain,Read Repair,15,15,GbgCollect,0.045541,,1.0,,,,GbgCollect,False,False,1,history0
chain,Read Repair,16,16,Update,3.133959,21.0,,,,,Update,False,False,1,history0
chain,Read Repair,17,17,BuildSnap,0.0,,17.0,,,,MarkTs,False,False,1,history0
chain,Read Repair,18,18,Update,2.0975,21.0,,,,,Update,False,False,1,history0
chain,Read Repair,19,19,Probe,2.135125,21.0,19.0,,,,Probe,False,False,1,history0
chain,Read Repair,20,20,RecentScan,55.858333,,20.0,,,,RecentScan,False,False,1,history0
chain,Read Repair,21,21,RecentScan,59.481709,,21.0,,,,RecentScan,False,False,1,history0
chain,Read Repair,22,22,RecentScan,58.370209,,22.0,,,,RecentScan,False,False,1,history0
chain,Read Repair,23,23,Probe,2.099458,21.0,23.0,,,,Probe,False,False,1,history0
chain,Read Repair,24,24,Probe,1.85175,21.0,24.0,,,,Probe,False,False,1,history0
chain,Read Repair,25,25,Probe,2.553666,21.0,25.0,,,,Probe,False,False,1,history0
chain,Read Repair,26,26,RecentScan,59.769292,,26.0,,,,RecentScan,False,False,1,history0
chain,Read Repair,27,27,Probe,2.915834,21.0,27.0,,,,Probe,False,False,1,history0
chain,Read Repair,28,28,GbgCollect,0.038417,,3.0,,,,GbgCollect,False,False,1,history0
chain,Read Repair,29,29,RecentScan,56.722917,,29.0,,,,RecentScan,False,False,1,history0
chain,Read Repair,30,30,Update,2.92675,21.0,,,,,Update,False,False,1,history0
chain,Read Repair,31,31,BuildSnap,0.0,,31.0,,,,MarkTs,False,False,1,history0
chain,Read Repair,32,32,Probe,1.220083,21.0,32.0,,,,Probe,False,False,1,history0
chain,Read Repair,33,33,Probe,2.443042,21.0,33.0,,,,Probe,False,False,1,history0
chain,Read Repair,34,34,Update,2.325625,21.0,,,,,Update,False,False,1,history0
chain,Read Repair,35,35,RecentScan,56.616458,,35.0,,,,RecentScan,False,False,1,history0
chain,Read Repair,36,36,RecentScan,57.192958,,36.0,,,,RecentScan,False,False,1,history0
chain,Read Repair,37,37,Update,3.054,21.0,,,,,Update,False,False,1,history0
chain,Read Repair,38,38,BuildSnap,0.0,,38.0,,,,MarkTs,False,False,1,history0
chain,Read Repair,39,39,GbgCollect,0.034457999999999996,,9.0,,,,GbgCollect,False,False,1,history0
chain,Read Repair,40,40,Probe,3.02525,21.0,40.0,,,,Probe,False,False,1,history0
chain,Read Repair,41,41,Update,2.4505,21.0,,,,,Update,False,False,1,history0
chain,Read Repair,42,42,RecentScan,58.469125,,42.0,,,,RecentScan,False,False,1,history0
chain,Read Repair,43,43,Probe,1.587083,21.0,43.0,,,,Probe,False,False,1,history0
chain,Read Repair,44,44,Probe,3.515,21.0,44.0,,,,Probe,False,False,1,history0
chain,Read Repair,45,45,Update,2.757208,21.0,,,,,Update,False,False,1,history0
chain,Read Repair,46,46,BuildSnap,0.0,,46.0,,,,MarkTs,False,False,1,history0
chain,Read Repair,47,47,Probe,2.378459,21.0,47.0,,,,Probe,False,False,1,history0
chain,Read Repair,48,48,RecentScan,57.417875,,48.0,,,,RecentScan,False,False,1,history0
chain,Read Repair,49,49,RecentScan,58.518625,,49.0,,,,RecentScan,False,False,1,history0
chain,Read Repair,50,50,Probe,2.839,21.0,50.0,,,,Probe,False,False,1,history0
chain,Read Repair,51,51,RecentScan,58.972166,,51.0,,,,RecentScan,False,False,1,history0
chain,Read Repair,52,52,Update,3.275541,21.0,,,,,Update,False,False,1,history0
chain,Read Repair,53,53,Update,2.265042,21.0,,,,,Update,False,False,1,history0
chain,Read Repair,54,54,BuildSnap,0.0,,54.0,,,,MarkTs,False,False,1,history0
chain,Read Repair,55,55,RecentScan,58.955042,,55.0,,,,RecentScan,False,False,1,history0
chain,Read Repair,56,56,Update,3.08225,21.0,,,,,Update,False,False,1,history0
chain,Read Repair,57,57,Probe,2.251542,21.0,57.0,,,,Probe,False,False,1,history0
chain,Read Repair,58,58,RecentScan,58.3165,,58.0,,,,RecentScan,False,False,1,history0
chain,Read Repair,59,59,Probe,4.180583,21.0,59.0,,,,Probe,False,False,1,history0
chain,Read Repair,60,60,RecentScan,58.39625,,60.0,,,,RecentScan,False,False,1,history0
chain,Read Repair,61,61,RecentScan,59.515708,,61.0,,,,RecentScan,False,False,1,history0
chain,Read Repair,62,62,Probe,2.2125,21.0,62.0,,,,Probe,False,False,1,history0
chain,Read Repair,63,63,Probe,2.39475,21.0,63.0,,,,Probe,False,False,1,history0
chain,Read Repair,64,64,Probe,2.674792,21.0,64.0,,,,Probe,False,False,1,history0
chain,Read Repair,65,65,Probe,3.179083,21.0,65.0,,,,Probe,False,False,1,history0
chain,Read Repair,66,66,GbgCollect,0.047459,,17.0,,,,GbgCollect,False,False,1,history0
chain,Read Repair,67,67,Probe,2.740167,21.0,67.0,,,,Probe,False,False,1,history0
chain,Read Repair,68,68,RecentScan,58.01975,,68.0,,,,RecentScan,False,False,1,history0
chain,Read Repair,69,69,Probe,3.810666,21.0,69.0,,,,Probe,False,False,1,history0
chain,Read Repair,70,70,RecentScan,56.607,,70.0,,,,RecentScan,False,False,1,history0
chain,Read Repair,71,71,Probe,2.444958,21.0,71.0,,,,Probe,False,False,1,history0
chain,Read Repair,72,72,RecentScan,57.511667,,72.0,,,,RecentScan,False,False,1,history0
chain,Read Repair,73,73,Probe,3.622792,21.0,73.0,,,,Probe,False,False,1,history0
chain,Read Repair,74,74,Probe,3.237416,21.0,74.0,,,,Probe,False,False,1,history0
chain,Read Repair,75,75,GbgCollect,0.045625,,31.0,,,,GbgCollect,False,False,1,history0
chain,Read Repair,76,76,RecentScan,57.36375,,76.0,,,,RecentScan,False,False,1,history0
chain,Read Repair,77,77,RecentScan,60.782083,,77.0,,,,RecentScan,False,False,1,history0
chain,Read Repair,78,78,RecentScan,58.283417,,78.0,,,,RecentScan,False,False,1,history0
chain,Read Repair,79,79,RecentScan,58.357875,,79.0,,,,RecentScan,False,False,1,history0
chain,Read Repair,80,80,Probe,2.087417,21.0,80.0,,,,Probe,False,False,1,history0
chain,Read Repair,81,81,Update,2.827,21.0,,,,,Update,False,False,1,history0
chain,Read Repair,82,82,BuildSnap,0.0,,82.0,,,,MarkTs,False,False,1,history0
chain,Read Repair,83,83,Update,1.97825,21.0,,,,,Update,False,False,1,history0
chain,Read Repair,84,84,RecentScan,59.577209,,84.0,,,,RecentScan,False,False,1,history0
chain,Read Repair,85,85,RecentScan,60.629792,,85.0,,,,RecentScan,False,False,1,history0
chain,Read Repair,86,86,Probe,2.737417,21.0,86.0,,,,Probe,False,False,1,history0
chain,Read Repair,87,87,RecentScan,58.004416,,87.0,,,,RecentScan,False,False,1,history0
chain,Read Repair,88,88,Probe,2.653209,21.0,88.0,,,,Probe,False,False,1,history0
chain,Read Repair,89,89,Probe,2.913708,21.0,89.0,,,,Probe,False,False,1,history0
chain,Read Repair,90,90,RecentScan,59.246791,,90.0,,,,RecentScan,False,False,1,history0
chain,Read Repair,91,91,Update,2.981084,21.0,,,,,Update,False,False,1,history0
chain,Read Repair,92,92,BuildSnap,0.0,,92.0,,,,MarkTs,False,False,1,history0
chain,Read Repair,93,93,Probe,1.602458,21.0,93.0,,,,Probe,False,False,1,history0
chain,Read Repair,94,94,RecentScan,61.555166,,94.0,,,,RecentScan,False,False,1,history0
chain,Read Repair,95,95,Update,3.083458,21.0,,,,,Update,False,False,1,history0
chain,Read Repair,96,96,RecentScan,59.716833,,96.0,,,,RecentScan,False,False,1,history0
chain,Read Repair,97,97,Probe,2.431958,21.0,97.0,,,,Probe,False,False,1,history0
chain,Read Repair,98,98,Probe,2.906416,21.0,98.0,,,,Probe,False,False,1,history0
chain,Read Repair,99,99,RecentScan,60.9545,,99.0,,,,RecentScan,False,False,1,history0
chain,Read Repair,100,100,Probe,2.184125,21.0,100.0,,,,Probe,False,False,1,history0
chain,Read Repair,101,101,RecentScan,59.134,,101.0,,,,RecentScan,False,False,1,history0
chain,Read Repair,102,102,Probe,3.239042,21.0,102.0,,,,Probe,False,False,1,history0
chain,Read Repair,103,103,RecentScan,60.957292,,103.0,,,,RecentScan,False,False,1,history0
chain,Read Repair,104,104,Update,3.123916,21.0,,,,,Update,False,False,1,history0
chain,Read Repair,105,105,BuildSnap,0.0,,105.0,,,,MarkTs,False,False,1,history0
chain,Read Repair,106,106,Probe,1.505125,21.0,106.0,,,,Probe,False,False,1,history0
chain,Read Repair,107,107,Update,2.564208,21.0,,,,,Update,False,False,1,history0
chain,Read Repair,108,108,Probe,2.369,21.0,108.0,,,,Probe,False,False,1,history0
chain,Read Repair,109,109,Update,2.127541,21.0,,,,,Update,False,False,1,history0
chain,Read Repair,110,110,BuildSnap,0.0,,110.0,,,,MarkTs,False,False,1,history0
chain,Read Repair,111,111,Probe,1.836833,21.0,111.0,,,,Probe,False,False,1,history0
chain,Read Repair,112,112,RecentScan,58.176209,,112.0,,,,RecentScan,False,False,1,history0
chain,Read Repair,113,113,Probe,2.57975,21.0,113.0,,,,Probe,False,False,1,history0
chain,Read Repair,114,114,RecentScan,58.0165,,114.0,,,,RecentScan,False,False,1,history0
chain,Read Repair,115,115,RecentScan,60.288625,,115.0,,,,RecentScan,False,False,1,history0
chain,Read Repair,116,116,Probe,2.20225,21.0,116.0,,,,Probe,False,False,1,history0
chain,Read Repair,117,117,RecentScan,60.080875,,117.0,,,,RecentScan,False,False,1,history0
chain,Write Repair,0,0,InitLoad,67.96375,210000.0,,,,,InitLoad,False,False,1,history0
chain,Write Repair,1,1,BuildSnap,0.0,,1.0,,,,MarkTs,False,False,1,history0
chain,Write Repair,2,2,Update,3.631583,21.0,,,,,Update,False,False,1,history0
chain,Write Repair,3,3,BuildSnap,0.0,,3.0,,,,MarkTs,False,False,1,history0
chain,Write Repair,4,4,RecentScan,67.342458,,4.0,,,,RecentScan,False,False,1,history0
chain,Write Repair,5,5,Update,5.029542,21.0,,,,,Update,False,False,1,history0
chain,Write Repair,6,6,RecentScan,57.227667,,6.0,,,,RecentScan,False,False,1,history0
chain,Write Repair,7,7,HistoryScan,62.985125,,1.0,,,,HistoryScan,True,False,1,history0
chain,Write Repair,8,8,Update,5.325583,21.0,,,,,Update,False,False,1,history0
chain,Write Repair,9,9,BuildSnap,0.0,,9.0,,,,MarkTs,False,False,1,history0
chain,Write Repair,10,10,RecentScan,61.22375,,10.0,,,,RecentScan,False,False,1,history0
chain,Write Repair,11,11,Update,3.337875,21.0,,,,,Update,False,False,1,history0
chain,Write Repair,12,12,RecentScan,60.41225,,12.0,,,,RecentScan,False,False,1,history0
chain,Write Repair,13,13,RecentScan,58.053541,,13.0,,,,RecentScan,False,False,1,history0
chain,Write Repair,14,14,Probe,1.260625,21.0,14.0,,,,Probe,False,False,1,history0
chain,Write Repair,15,15,GbgCollect,0.042792000000000004,,1.0,,,,GbgCollect,False,False,1,history0
chain,Write Repair,16,16,Update,3.071541,21.0,,,,,Update,False,False,1,history0
chain,Write Repair,17,17,BuildSnap,0.0,,17.0,,,,MarkTs,False,False,1,history0
chain,Write Repair,18,18,Update,2.13525,21.0,,,,,Update,False,False,1,history0
chain,Write Repair,19,19,Probe,1.860709,21.0,19.0,,,,Probe,False,False,1,history0
chain,Write Repair,20,20,RecentScan,58.2805,,20.0,,,,RecentScan,False,False,1,history0
chain,Write Repair,21,21,RecentScan,62.9105,,21.0,,,,RecentScan,False,False,1,history0
chain,Write Repair,22,22,RecentScan,60.626542,,22.0,,,,RecentScan,False,False,1,history0
chain,Write Repair,23,23,Probe,1.961083,21.0,23.0,,,,Probe,False,False,1,history0
chain,Write Repair,24,24,Probe,1.704958,21.0,24.0,,,,Probe,False,False,1,history0
chain,Write Repair,25,25,Probe,2.617583,21.0,25.0,,,,Probe,False,False,1,history0
chain,Write Repair,26,26,RecentScan,61.817292,,26.0,,,,RecentScan,False,False,1,history0
chain,Write Repair,27,27,Probe,2.947167,21.0,27.0,,,,Probe,False,False,1,history0
chain,Write Repair,28,28,GbgCollect,0.050542000000000004,,3.0,,,,GbgCollect,False,False,1,history0
chain,Write Repair,29,29,RecentScan,58.384458,,29.0,,,,RecentScan,False,False,1,history0
chain,Write Repair,30,30,Update,3.107125,21.0,,,,,Update,False,False,1,history0
chain,Write Repair,31,31,BuildSnap,0.0,,31.0,,,,MarkTs,False,False,1,history0
chain,Write Repair,32,32,Probe,1.120417,21.0,32.0,,,,Probe,False,False,1,history0
chain,Write Repair,33,33,Probe,2.416042,21.0,33.0,,,,Probe,False,False,1,history0
chain,Write Repair,34,34,Update,2.482,21.0,,,,,Update,False,False,1,history0
chain,Write Repair,35,35,RecentScan,59.190792,,35.0,,,,RecentScan,False,False,1,history0
chain,Write Repair,36,36,RecentScan,56.609125,,36.0,,,,RecentScan,False,False,1,history0
chain,Write Repair,37,37,Update,3.19625,21.0,,,,,Update,False,False,1,history0
chain,Write Repair,38,38,BuildSnap,0.0,,38.0,,,,MarkTs,False,False,1,history0
chain,Write Repair,39,39,GbgCollect,0.039583,,9.0,,,,GbgCollect,False,False,1,history0
chain,Write Repair,40,40,Probe,2.705834,21.0,40.0,,,,Probe,False,False,1,history0
chain,Write Repair,41,41,Update,2.548375,21.0,,,,,Update,False,False,1,history0
chain,Write Repair,42,42,RecentScan,58.184084,,42.0,,,,RecentScan,False,False,1,history0
chain,Write Repair,43,43,Probe,1.65625,21.0,43.0,,,,Probe,False,False,1,history0
chain,Write Repair,44,44,Probe,3.26275,21.0,44.0,,,,Probe,False,False,1,history0
chain,Write Repair,45,45,Update,2.655541,21.0,,,,,Update,False,False,1,history0
chain,Write Repair,46,46,BuildSnap,0.0,,46.0,,,,MarkTs,False,False,1,history0
chain,Write Repair,47,47,Probe,2.607875,21.0,47.0,,,,Probe,False,False,1,history0
chain,Write Repair,48,48,RecentScan,57.131334,,48.0,,,,RecentScan,False,False,1,history0
chain,Write Repair,49,49,RecentScan,58.56175,,49.0,,,,RecentScan,False,False,1,history0
chain,Write Repair,50,50,Probe,2.885666,21.0,50.0,,,,Probe,False,False,1,history0
chain,Write Repair,51,51,RecentScan,59.479208,,51.0,,,,RecentScan,False,False,1,history0
chain,Write Repair,52,52,Update,3.468834,21.0,,,,,Update,False,False,1,history0
chain,Write Repair,53,53,Update,2.619208,21.0,,,,,Update,False,False,1,history0
chain,Write Repair,54,54,BuildSnap,0.0,,54.0,,,,MarkTs,False,False,1,history0
chain,Write Repair,55,55,RecentScan,59.249667,,55.0,,,,RecentScan,False,False,1,history0
chain,Write Repair,56,56,Update,2.976875,21.0,,,,,Update,False,False,1,history0
chain,Write Repair,57,57,Probe,2.174125,21.0,57.0,,,,Probe,False,False,1,history0
chain,Write Repair,58,58,RecentScan,59.061541,,58.0,,,,RecentScan,False,False,1,history0
chain,Write Repair,59,59,Probe,4.434458,21.0,59.0,,,,Probe,False,False,1,history0
chain,Write Repair,60,60,RecentScan,58.499542,,60.0,,,,RecentScan,False,False,1,history0
chain,Write Repair,61,61,RecentScan,58.625834,,61.0,,,,RecentScan,False,False,1,history0
chain,Write Repair,62,62,Probe,2.1335,21.0,62.0,,,,Probe,False,False,1,history0
chain,Write Repair,63,63,Probe,2.513375,21.0,63.0,,,,Probe,False,False,1,history0
chain,Write Repair,64,64,Probe,2.706792,21.0,64.0,,,,Probe,False,False,1,history0
chain,Write Repair,65,65,Probe,3.031,21.0,65.0,,,,Probe,False,False,1,history0
chain,Write Repair,66,66,GbgCollect,0.059333,,17.0,,,,GbgCollect,False,False,1,history0
chain,Write Repair,67,67,Probe,2.968291,21.0,67.0,,,,Probe,False,False,1,history0
chain,Write Repair,68,68,RecentScan,58.979792,,68.0,,,,RecentScan,False,False,1,history0
chain,Write Repair,69,69,Probe,3.903,21.0,69.0,,,,Probe,False,False,1,history0
chain,Write Repair,70,70,RecentScan,58.700208,,70.0,,,,RecentScan,False,False,1,history0
chain,Write Repair,71,71,Probe,2.369291,21.0,71.0,,,,Probe,False,False,1,history0
chain,Write Repair,72,72,RecentScan,62.820709,,72.0,,,,RecentScan,False,False,1,history0
chain,Write Repair,73,73,Probe,3.476625,21.0,73.0,,,,Probe,False,False,1,history0
chain,Write Repair,74,74,Probe,3.31875,21.0,74.0,,,,Probe,False,False,1,history0
chain,Write Repair,75,75,GbgCollect,0.049167,,31.0,,,,GbgCollect,False,False,1,history0
chain,Write Repair,76,76,RecentScan,60.584791,,76.0,,,,RecentScan,False,False,1,history0
chain,Write Repair,77,77,RecentScan,58.603209,,77.0,,,,RecentScan,False,False,1,history0
chain,Write Repair,78,78,RecentScan,58.072917,,78.0,,,,RecentScan,False,False,1,history0
chain,Write Repair,79,79,RecentScan,59.186375,,79.0,,,,RecentScan,False,False,1,history0
chain,Write Repair,80,80,Probe,2.393167,21.0,80.0,,,,Probe,False,False,1,history0
chain,Write Repair,81,81,Update,3.092708,21.0,,,,,Update,False,False,1,history0
chain,Write Repair,82,82,BuildSnap,0.0,,82.0,,,,MarkTs,False,False,1,history0
chain,Write Repair,83,83,Update,2.282792,21.0,,,,,Update,False,False,1,history0
chain,Write Repair,84,84,RecentScan,60.823542,,84.0,,,,RecentScan,False,False,1,history0
chain,Write Repair,85,85,RecentScan,60.966917,,85.0,,,,RecentScan,False,False,1,history0
chain,Write Repair,86,86,Probe,2.887792,21.0,86.0,,,,Probe,False,False,1,history0
chain,Write Repair,87,87,RecentScan,59.387208,,87.0,,,,RecentScan,False,False,1,history0
chain,Write Repair,88,88,Probe,2.891959,21.0,88.0,,,,Probe,False,False,1,history0
chain,Write Repair,89,89,Probe,3.242833,21.0,89.0,,,,Probe,False,False,1,history0
chain,Write Repair,90,90,RecentScan,58.709625,,90.0,,,,RecentScan,False,False,1,history0
chain,Write Repair,91,91,Update,3.059875,21.0,,,,,Update,False,False,1,history0
chain,Write Repair,92,92,BuildSnap,0.0,,92.0,,,,MarkTs,False,False,1,history0
chain,Write Repair,93,93,Probe,1.668417,21.0,93.0,,,,Probe,False,False,1,history0
chain,Write Repair,94,94,RecentScan,58.052417,,94.0,,,,RecentScan,False,False,1,history0
chain,Write Repair,95,95,Update,3.045083,21.0,,,,,Update,False,False,1,history0
chain,Write Repair,96,96,RecentScan,57.117083,,96.0,,,,RecentScan,False,False,1,history0
chain,Write Repair,97,97,Probe,2.344166,21.0,97.0,,,,Probe,False,False,1,history0
chain,Write Repair,98,98,Probe,3.274,21.0,98.0,,,,Probe,False,False,1,history0
chain,Write Repair,99,99,RecentScan,57.296083,,99.0,,,,RecentScan,False,False,1,history0
chain,Write Repair,100,100,Probe,2.260625,21.0,100.0,,,,Probe,False,False,1,history0
chain,Write Repair,101,101,RecentScan,70.916167,,101.0,,,,RecentScan,False,False,1,history0
chain,Write Repair,102,102,Probe,3.613208,21.0,102.0,,,,Probe,False,False,1,history0
chain,Write Repair,103,103,RecentScan,63.310542,,103.0,,,,RecentScan,False,False,1,history0
chain,Write Repair,104,104,Update,3.51825,21.0,,,,,Update,False,False,1,history0
chain,Write Repair,105,105,BuildSnap,0.0,,105.0,,,,MarkTs,False,False,1,history0
chain,Write Repair,106,106,Probe,1.651208,21.0,106.0,,,,Probe,False,False,1,history0
chain,Write Repair,107,107,Update,2.689208,21.0,,,,,Update,False,False,1,history0
chain,Write Repair,108,108,Probe,2.65275,21.0,108.0,,,,Probe,False,False,1,history0
chain,Write Repair,109,109,Update,2.839583,21.0,,,,,Update,False,False,1,history0
chain,Write Repair,110,110,BuildSnap,0.0,,110.0,,,,MarkTs,False,False,1,history0
chain,Write Repair,111,111,Probe,1.94475,21.0,111.0,,,,Probe,False,False,1,history0
chain,Write Repair,112,112,RecentScan,63.5225,,112.0,,,,RecentScan,False,False,1,history0
chain,Write Repair,113,113,Probe,2.7275,21.0,113.0,,,,Probe,False,False,1,history0
chain,Write Repair,114,114,RecentScan,69.077792,,114.0,,,,RecentScan,False,False,1,history0
chain,Write Repair,115,115,RecentScan,71.260042,,115.0,,,,RecentScan,False,False,1,history0
chain,Write Repair,116,116,Probe,2.258625,21.0,116.0,,,,Probe,False,False,1,history0
chain,Write Repair,117,117,RecentScan,73.668167,,117.0,,,,RecentScan,False,False,1,history0
chain,No Repair,0,0,InitLoad,79.004959,210000.0,,,,,InitLoad,False,False,4,history0
chain,No Repair,1,1,BuildSnap,0.0,,1.0,,,,MarkTs,False,False,4,history0
chain,No Repair,2,2,Update,5.231584,21.0,,,,,Update,False,False,4,history0
chain,No Repair,3,3,BuildSnap,0.0,,3.0,,,,MarkTs,False,False,4,history0
chain,No Repair,4,4,RecentScan,63.138542,,4.0,,,,RecentScan,False,False,4,history0
chain,No Repair,5,5,Update,3.588583,21.0,,,,,Update,False,False,4,history0
chain,No Repair,6,6,RecentScan,58.360625,,6.0,,,,RecentScan,False,False,4,history0
chain,No Repair,7,7,HistoryScan,60.542,,1.0,,,,HistoryScan,True,False,4,history0
chain,No Repair,8,8,Update,3.303042,21.0,,,,,Update,False,False,4,history0
chain,No Repair,9,9,BuildSnap,0.0,,9.0,,,,MarkTs,False,False,4,history0
chain,No Repair,10,10,RecentScan,60.755667,,10.0,,,,RecentScan,False,False,4,history0
chain,No Repair,11,11,Update,3.26975,21.0,,,,,Update,False,False,4,history0
chain,No Repair,12,12,RecentScan,59.579459,,12.0,,,,RecentScan,False,False,4,history0
chain,No Repair,13,13,RecentScan,58.296125,,13.0,,,,RecentScan,False,False,4,history0
chain,No Repair,14,14,Probe,1.397333,21.0,14.0,,,,Probe,False,False,4,history0
chain,No Repair,15,15,GbgCollect,0.059833,,1.0,,,,GbgCollect,False,False,4,history0
chain,No Repair,16,16,Update,3.0935,21.0,,,,,Update,False,False,4,history0
chain,No Repair,17,17,BuildSnap,0.0,,17.0,,,,MarkTs,False,False,4,history0
chain,No Repair,18,18,Update,2.069125,21.0,,,,,Update,False,False,4,history0
chain,No Repair,19,19,Probe,2.280375,21.0,19.0,,,,Probe,False,False,4,history0
chain,No Repair,20,20,RecentScan,58.296083,,20.0,,,,RecentScan,False,False,4,history0
chain,No Repair,21,21,RecentScan,61.09275,,21.0,,,,RecentScan,False,False,4,history0
chain,No Repair,22,22,RecentScan,59.342125,,22.0,,,,RecentScan,False,False,4,history0
chain,No Repair,23,23,Probe,2.050042,21.0,23.0,,,,Probe,False,False,4,history0
chain,No Repair,24,24,Probe,1.862916,21.0,24.0,,,,Probe,False,False,4,history0
chain,No Repair,25,25,Probe,2.511834,21.0,25.0,,,,Probe,False,False,4,history0
chain,No Repair,26,26,RecentScan,57.178208,,26.0,,,,RecentScan,False,False,4,history0
chain,No Repair,27,27,Probe,2.860458,21.0,27.0,,,,Probe,False,False,4,history0
chain,No Repair,28,28,GbgCollect,0.044292000000000005,,3.0,,,,GbgCollect,False,False,4,history0
chain,No Repair,29,29,RecentScan,59.193667,,29.0,,,,RecentScan,False,False,4,history0
chain,No Repair,30,30,Update,3.12825,21.0,,,,,Update,False,False,4,history0
chain,No Repair,31,31,BuildSnap,0.0,,31.0,,,,MarkTs,False,False,4,history0
chain,No Repair,32,32,Probe,1.311791,21.0,32.0,,,,Probe,False,False,4,history0
chain,No Repair,33,33,Probe,2.656417,21.0,33.0,,,,Probe,False,False,4,history0
chain,No Repair,34,34,Update,2.372291,21.0,,,,,Update,False,False,4,history0
chain,No Repair,35,35,RecentScan,60.640375,,35.0,,,,RecentScan,False,False,4,history0
chain,No Repair,36,36,RecentScan,60.760875,,36.0,,,,RecentScan,False,False,4,history0
chain,No Repair,37,37,Update,3.013375,21.0,,,,,Update,False,False,4,history0
chain,No Repair,38,38,BuildSnap,0.0,,38.0,,,,MarkTs,False,False,4,history0
chain,No Repair,39,39,GbgCollect,0.04525,,9.0,,,,GbgCollect,False,False,4,history0
chain,No Repair,40,40,Probe,3.181875,21.0,40.0,,,,Probe,False,False,4,history0
chain,No Repair,41,41,Update,2.414125,21.0,,,,,Update,False,False,4,history0
chain,No Repair,42,42,RecentScan,59.925125,,42.0,,,,RecentScan,False,False,4,history0
chain,No Repair,43,43,Probe,1.565834,21.0,43.0,,,,Probe,False,False,4,history0
chain,No Repair,44,44,Probe,3.444292,21.0,44.0,,,,Probe,False,False,4,history0
chain,No Repair,45,45,Update,2.740041,21.0,,,,,Update,False,False,4,history0
chain,No Repair,46,46,BuildSnap,0.0,,46.0,,,,MarkTs,False,False,4,history0
chain,No Repair,47,47,Probe,2.504792,21.0,47.0,,,,Probe,False,False,4,history0
chain,No Repair,48,48,RecentScan,57.703916,,48.0,,,,RecentScan,False,False,4,history0
chain,No Repair,49,49,RecentScan,60.908792,,49.0,,,,RecentScan,False,False,4,history0
chain,No Repair,50,50,Probe,2.703333,21.0,50.0,,,,Probe,False,False,4,history0
chain,No Repair,51,51,RecentScan,61.961458,,51.0,,,,RecentScan,False,False,4,history0
chain,No Repair,52,52,Update,3.139625,21.0,,,,,Update,False,False,4,history0
chain,No Repair,53,53,Update,2.213417,21.0,,,,,Update,False,False,4,history0
chain,No Repair,54,54,BuildSnap,0.0,,54.0,,,,MarkTs,False,False,4,history0
chain,No Repair,55,55,RecentScan,61.643416,,55.0,,,,RecentScan,False,False,4,history0
chain,No Repair,56,56,Update,3.077042,21.0,,,,,Update,False,False,4,history0
chain,No Repair,57,57,Probe,2.404125,21.0,57.0,,,,Probe,False,False,4,history0
chain,No Repair,58,58,RecentScan,62.185125,,58.0,,,,RecentScan,False,False,4,history0
chain,No Repair,59,59,Probe,4.415917,21.0,59.0,,,,Probe,False,False,4,history0
chain,No Repair,60,60,RecentScan,59.619375,,60.0,,,,RecentScan,False,False,4,history0
chain,No Repair,61,61,RecentScan,61.26925,,61.0,,,,RecentScan,False,False,4,history0
chain,No Repair,62,62,Probe,2.350541,21.0,62.0,,,,Probe,False,False,4,history0
chain,No Repair,63,63,Probe,2.52975,21.0,63.0,,,,Probe,False,False,4,history0
chain,No Repair,64,64,Probe,2.902791,21.0,64.0,,,,Probe,False,False,4,history0
chain,No Repair,65,65,Probe,3.42075,21.0,65.0,,,,Probe,False,False,4,history0
chain,No Repair,66,66,GbgCollect,0.065666,,17.0,,,,GbgCollect,False,False,4,history0
chain,No Repair,67,67,Probe,3.125958,21.0,67.0,,,,Probe,False,False,4,history0
chain,No Repair,68,68,RecentScan,58.537125,,68.0,,,,RecentScan,False,False,4,history0
chain,No Repair,69,69,Probe,3.746959,21.0,69.0,,,,Probe,False,False,4,history0
chain,No Repair,70,70,RecentScan,61.055583,,70.0,,,,RecentScan,False,False,4,history0
chain,No Repair,71,71,Probe,2.16075,21.0,71.0,,,,Probe,False,False,4,history0
chain,No Repair,72,72,RecentScan,58.888083,,72.0,,,,RecentScan,False,False,4,history0
chain,No Repair,73,73,Probe,3.640417,21.0,73.0,,,,Probe,False,False,4,history0
chain,No Repair,74,74,Probe,3.171792,21.0,74.0,,,,Probe,False,False,4,history0
chain,No Repair,75,75,GbgCollect,0.046708,,31.0,,,,GbgCollect,False,False,4,history0
chain,No Repair,76,76,RecentScan,59.361542,,76.0,,,,RecentScan,False,False,4,history0
chain,No Repair,77,77,RecentScan,58.464,,77.0,,,,RecentScan,False,False,4,history0
chain,No Repair,78,78,RecentScan,59.488958,,78.0,,,,RecentScan,False,False,4,history0
chain,No Repair,79,79,RecentScan,60.417709,,79.0,,,,RecentScan,False,False,4,history0
chain,No Repair,80,80,Probe,2.074792,21.0,80.0,,,,Probe,False,False,4,history0
chain,No Repair,81,81,Update,2.956042,21.0,,,,,Update,False,False,4,history0
chain,No Repair,82,82,BuildSnap,0.0,,82.0,,,,MarkTs,False,False,4,history0
chain,No Repair,83,83,Update,2.209583,21.0,,,,,Update,False,False,4,history0
chain,No Repair,84,84,RecentScan,59.933292,,84.0,,,,RecentScan,False,False,4,history0
chain,No Repair,85,85,RecentScan,58.919833,,85.0,,,,RecentScan,False,False,4,history0
chain,No Repair,86,86,Probe,2.99875,21.0,86.0,,,,Probe,False,False,4,history0
chain,No Repair,87,87,RecentScan,59.851125,,87.0,,,,RecentScan,False,False,4,history0
chain,No Repair,88,88,Probe,3.175708,21.0,88.0,,,,Probe,False,False,4,history0
chain,No Repair,89,89,Probe,3.138833,21.0,89.0,,,,Probe,False,False,4,history0
chain,No Repair,90,90,RecentScan,58.310125,,90.0,,,,RecentScan,False,False,4,history0
chain,No Repair,91,91,Update,3.111542,21.0,,,,,Update,False,False,4,history0
chain,No Repair,92,92,BuildSnap,0.0,,92.0,,,,MarkTs,False,False,4,history0
chain,No Repair,93,93,Probe,1.691708,21.0,93.0,,,,Probe,False,False,4,history0
chain,No Repair,94,94,RecentScan,58.566083,,94.0,,,,RecentScan,False,False,4,history0
chain,No Repair,95,95,Update,2.942,21.0,,,,,Update,False,False,4,history0
chain,No Repair,96,96,RecentScan,57.69875,,96.0,,,,RecentScan,False,False,4,history0
chain,No Repair,97,97,Probe,2.142875,21.0,97.0,,,,Probe,False,False,4,history0
chain,No Repair,98,98,Probe,3.01675,21.0,98.0,,,,Probe,False,False,4,history0
chain,No Repair,99,99,RecentScan,56.478917,,99.0,,,,RecentScan,False,False,4,history0
chain,No Repair,100,100,Probe,2.256166,21.0,100.0,,,,Probe,False,False,4,history0
chain,No Repair,101,101,RecentScan,62.891375,,101.0,,,,RecentScan,False,False,4,history0
chain,No Repair,102,102,Probe,3.623417,21.0,102.0,,,,Probe,False,False,4,history0
chain,No Repair,103,103,RecentScan,61.601125,,103.0,,,,RecentScan,False,False,4,history0
chain,No Repair,104,104,Update,3.365625,21.0,,,,,Update,False,False,4,history0
chain,No Repair,105,105,BuildSnap,0.0,,105.0,,,,MarkTs,False,False,4,history0
chain,No Repair,106,106,Probe,1.521208,21.0,106.0,,,,Probe,False,False,4,history0
chain,No Repair,107,107,Update,2.780791,21.0,,,,,Update,False,False,4,history0
chain,No Repair,108,108,Probe,2.60625,21.0,108.0,,,,Probe,False,False,4,history0
chain,No Repair,109,109,Update,2.508167,21.0,,,,,Update,False,False,4,history0
chain,No Repair,110,110,BuildSnap,0.0,,110.0,,,,MarkTs,False,False,4,history0
chain,No Repair,111,111,Probe,1.682916,21.0,111.0,,,,Probe,False,False,4,history0
chain,No Repair,112,112,RecentScan,59.803166,,112.0,,,,RecentScan,False,False,4,history0
chain,No Repair,113,113,Probe,3.083625,21.0,113.0,,,,Probe,False,False,4,history0
chain,No Repair,114,114,RecentScan,62.878666,,114.0,,,,RecentScan,False,False,4,history0
chain,No Repair,115,115,RecentScan,59.021625,,115.0,,,,RecentScan,False,False,4,history0
chain,No Repair,116,116,Probe,2.139167,21.0,116.0,,,,Probe,False,False,4,history0
chain,No Repair,117,117,RecentScan,61.512625,,117.0,,,,RecentScan,False,False,4,history0
chain,Read Repair,0,0,InitLoad,69.003292,210000.0,,,,,InitLoad,False,False,4,history0
chain,Read Repair,1,1,BuildSnap,0.0,,1.0,,,,MarkTs,False,False,4,history0
chain,Read Repair,2,2,Update,3.885167,21.0,,,,,Update,False,False,4,history0
chain,Read Repair,3,3,BuildSnap,0.0,,3.0,,,,MarkTs,False,False,4,history0
chain,Read Repair,4,4,RecentScan,63.255083,,4.0,,,,RecentScan,False,False,4,history0
chain,Read Repair,5,5,Update,4.19575,21.0,,,,,Update,False,False,4,history0
chain,Read Repair,6,6,RecentScan,61.763,,6.0,,,,RecentScan,False,False,4,history0
chain,Read Repair,7,7,HistoryScan,58.92,,1.0,,,,HistoryScan,True,False,4,history0
chain,Read Repair,8,8,Update,3.22675,21.0,,,,,Update,False,False,4,history0
chain,Read Repair,9,9,BuildSnap,0.0,,9.0,,,,MarkTs,False,False,4,history0
chain,Read Repair,10,10,RecentScan,59.545208,,10.0,,,,RecentScan,False,False,4,history0
chain,Read Repair,11,11,Update,3.267792,21.0,,,,,Update,False,False,4,history0
chain,Read Repair,12,12,RecentScan,58.432458,,12.0,,,,RecentScan,False,False,4,history0
chain,Read Repair,13,13,RecentScan,59.31575,,13.0,,,,RecentScan,False,False,4,history0
chain,Read Repair,14,14,Probe,1.3655,21.0,14.0,,,,Probe,False,False,4,history0
chain,Read Repair,15,15,GbgCollect,0.054125,,1.0,,,,GbgCollect,False,False,4,history0
chain,Read Repair,16,16,Update,3.170709,21.0,,,,,Update,False,False,4,history0
chain,Read Repair,17,17,BuildSnap,0.0,,17.0,,,,MarkTs,False,False,4,history0
chain,Read Repair,18,18,Update,2.167459,21.0,,,,,Update,False,False,4,history0
chain,Read Repair,19,19,Probe,2.282167,21.0,19.0,,,,Probe,False,False,4,history0
chain,Read Repair,20,20,RecentScan,57.900334,,20.0,,,,RecentScan,False,False,4,history0
chain,Read Repair,21,21,RecentScan,59.892416,,21.0,,,,RecentScan,False,False,4,history0
chain,Read Repair,22,22,RecentScan,59.945208,,22.0,,,,RecentScan,False,False,4,history0
chain,Read Repair,23,23,Probe,2.058542,21.0,23.0,,,,Probe,False,False,4,history0
chain,Read Repair,24,24,Probe,1.897583,21.0,24.0,,,,Probe,False,False,4,history0
chain,Read Repair,25,25,Probe,2.630417,21.0,25.0,,,,Probe,False,False,4,history0
chain,Read Repair,26,26,RecentScan,59.53375,,26.0,,,,RecentScan,False,False,4,history0
chain,Read Repair,27,27,Probe,2.987583,21.0,27.0,,,,Probe,False,False,4,history0
chain,Read Repair,28,28,GbgCollect,0.044042000000000005,,3.0,,,,GbgCollect,False,False,4,history0
chain,Read Repair,29,29,RecentScan,54.681167,,29.0,,,,RecentScan,False,False,4,history0
chain,Read Repair,30,30,Update,3.046667,21.0,,,,,Update,False,False,4,history0
chain,Read Repair,31,31,BuildSnap,0.0,,31.0,,,,MarkTs,False,False,4,history0
chain,Read Repair,32,32,Probe,1.347584,21.0,32.0,,,,Probe,False,False,4,history0
chain,Read Repair,33,33,Probe,2.656042,21.0,33.0,,,,Probe,False,False,4,history0
chain,Read Repair,34,34,Update,2.567166,21.0,,,,,Update,False,False,4,history0
chain,Read Repair,35,35,RecentScan,54.543584,,35.0,,,,RecentScan,False,False,4,history0
chain,Read Repair,36,36,RecentScan,54.836666,,36.0,,,,RecentScan,False,False,4,history0
chain,Read Repair,37,37,Update,2.957708,21.0,,,,,Update,False,False,4,history0
chain,Read Repair,38,38,BuildSnap,0.0,,38.0,,,,MarkTs,False,False,4,history0
chain,Read Repair,39,39,GbgCollect,0.038542,,9.0,,,,GbgCollect,False,False,4,history0
chain,Read Repair,40,40,Probe,3.029583,21.0,40.0,,,,Probe,False,False,4,history0
chain,Read Repair,41,41,Update,2.37175,21.0,,,,,Update,False,False,4,history0
chain,Read Repair,42,42,RecentScan,53.687167,,42.0,,,,RecentScan,False,False,4,history0
chain,Read Repair,43,43,Probe,1.575584,21.0,43.0,,,,Probe,False,False,4,history0
chain,Read Repair,44,44,Probe,3.587916,21.0,44.0,,,,Probe,False,False,4,history0
chain,Read Repair,45,45,Update,2.675542,21.0,,,,,Update,False,False,4,history0
chain,Read Repair,46,46,BuildSnap,0.0,,46.0,,,,MarkTs,False,False,4,history0
chain,Read Repair,47,47,Probe,2.768417,21.0,47.0,,,,Probe,False,False,4,history0
chain,Read Repair,48,48,RecentScan,52.54475,,48.0,,,,RecentScan,False,False,4,history0
chain,Read Repair,49,49,RecentScan,55.338459,,49.0,,,,RecentScan,False,False,4,history0
chain,Read Repair,50,50,Probe,2.645125,21.0,50.0,,,,Probe,False,False,4,history0
chain,Read Repair,51,51,RecentScan,59.827875,,51.0,,,,RecentScan,False,False,4,history0
chain,Read Repair,52,52,Update,3.145916,21.0,,,,,Update,False,False,4,history0
chain,Read Repair,53,53,Update,2.25475,21.0,,,,,Update,False,False,4,history0
chain,Read Repair,54,54,BuildSnap,0.0,,54.0,,,,MarkTs,False,False,4,history0
chain,Read Repair,55,55,RecentScan,58.552,,55.0,,,,RecentScan,False,False,4,history0
chain,Read Repair,56,56,Update,2.934708,21.0,,,,,Update,False,False,4,history0
chain,Read Repair,57,57,Probe,2.511625,21.0,57.0,,,,Probe,False,False,4,history0
chain,Read Repair,58,58,RecentScan,56.872292,,58.0,,,,RecentScan,False,False,4,history0
chain,Read Repair,59,59,Probe,4.729,21.0,59.0,,,,Probe,False,False,4,history0
chain,Read Repair,60,60,RecentScan,55.463709,,60.0,,,,RecentScan,False,False,4,history0
chain,Read Repair,61,61,RecentScan,56.313333,,61.0,,,,RecentScan,False,False,4,history0
chain,Read Repair,62,62,Probe,2.1505,21.0,62.0,,,,Probe,False,False,4,history0
chain,Read Repair,63,63,Probe,2.434542,21.0,63.0,,,,Probe,False,False,4,history0
chain,Read Repair,64,64,Probe,2.760834,21.0,64.0,,,,Probe,False,False,4,history0
chain,Read Repair,65,65,Probe,3.11575,21.0,65.0,,,,Probe,False,False,4,history0
chain,Read Repair,66,66,GbgCollect,0.04225,,17.0,,,,GbgCollect,False,False,4,history0
chain,Read Repair,67,67,Probe,2.876667,21.0,67.0,,,,Probe,False,False,4,history0
chain,Read Repair,68,68,RecentScan,55.512792,,68.0,,,,RecentScan,False,False,4,history0
chain,Read Repair,69,69,Probe,4.176542,21.0,69.0,,,,Probe,False,False,4,history0
chain,Read Repair,70,70,RecentScan,53.983667,,70.0,,,,RecentScan,False,False,4,history0
chain,Read Repair,71,71,Probe,2.382042,21.0,71.0,,,,Probe,False,False,4,history0
chain,Read Repair,72,72,RecentScan,55.452125,,72.0,,,,RecentScan,False,False,4,history0
chain,Read Repair,73,73,Probe,3.455292,21.0,73.0,,,,Probe,False,False,4,history0
chain,Read Repair,74,74,Probe,3.630875,21.0,74.0,,,,Probe,False,False,4,history0
chain,Read Repair,75,75,GbgCollect,0.044208,,31.0,,,,GbgCollect,False,False,4,history0
chain,Read Repair,76,76,RecentScan,53.911833,,76.0,,,,RecentScan,False,False,4,history0
chain,Read Repair,77,77,RecentScan,56.684833,,77.0,,,,RecentScan,False,False,4,history0
chain,Read Repair,78,78,RecentScan,55.4665,,78.0,,,,RecentScan,False,False,4,history0
chain,Read Repair,79,79,RecentScan,61.665042,,79.0,,,,RecentScan,False,False,4,history0
chain,Read Repair,80,80,Probe,2.434959,21.0,80.0,,,,Probe,False,False,4,history0
chain,Read Repair,81,81,Update,3.027375,21.0,,,,,Update,False,False,4,history0
chain,Read Repair,82,82,BuildSnap,0.0,,82.0,,,,MarkTs,False,False,4,history0
chain,Read Repair,83,83,Update,2.138958,21.0,,,,,Update,False,False,4,history0
chain,Read Repair,84,84,RecentScan,55.13875,,84.0,,,,RecentScan,False,False,4,history0
chain,Read Repair,85,85,RecentScan,59.542458,,85.0,,,,RecentScan,False,False,4,history0
chain,Read Repair,86,86,Probe,2.764792,21.0,86.0,,,,Probe,False,False,4,history0
chain,Read Repair,87,87,RecentScan,58.813875,,87.0,,,,RecentScan,False,False,4,history0
chain,Read Repair,88,88,Probe,2.974458,21.0,88.0,,,,Probe,False,False,4,history0
chain,Read Repair,89,89,Probe,3.591292,21.0,89.0,,,,Probe,False,False,4,history0
chain,Read Repair,90,90,RecentScan,55.628625,,90.0,,,,RecentScan,False,False,4,history0
chain,Read Repair,91,91,Update,3.050916,21.0,,,,,Update,False,False,4,history0
chain,Read Repair,92,92,BuildSnap,0.0,,92.0,,,,MarkTs,False,False,4,history0
chain,Read Repair,93,93,Probe,1.651542,21.0,93.0,,,,Probe,False,False,4,history0
chain,Read Repair,94,94,RecentScan,56.16525,,94.0,,,,RecentScan,False,False,4,history0
chain,Read Repair,95,95,Update,2.987167,21.0,,,,,Update,False,False,4,history0
chain,Read Repair,96,96,RecentScan,57.863292,,96.0,,,,RecentScan,False,False,4,history0
chain,Read Repair,97,97,Probe,2.440541,21.0,97.0,,,,Probe,False,False,4,history0
chain,Read Repair,98,98,Probe,3.358542,21.0,98.0,,,,Probe,False,False,4,history0
chain,Read Repair,99,99,RecentScan,57.948333,,99.0,,,,RecentScan,False,False,4,history0
chain,Read Repair,100,100,Probe,2.0235,21.0,100.0,,,,Probe,False,False,4,history0
chain,Read Repair,101,101,RecentScan,57.03425,,101.0,,,,RecentScan,False,False,4,history0
chain,Read Repair,102,102,Probe,3.391666,21.0,102.0,,,,Probe,False,False,4,history0
chain,Read Repair,103,103,RecentScan,57.822667,,103.0,,,,RecentScan,False,False,4,history0
chain,Read Repair,104,104,Update,3.472,21.0,,,,,Update,False,False,4,history0
chain,Read Repair,105,105,BuildSnap,0.0,,105.0,,,,MarkTs,False,False,4,history0
chain,Read Repair,106,106,Probe,1.99725,21.0,106.0,,,,Probe,False,False,4,history0
chain,Read Repair,107,107,Update,2.889667,21.0,,,,,Update,False,False,4,history0
chain,Read Repair,108,108,Probe,2.648416,21.0,108.0,,,,Probe,False,False,4,history0
chain,Read Repair,109,109,Update,2.264625,21.0,,,,,Update,False,False,4,history0
chain,Read Repair,110,110,BuildSnap,0.0,,110.0,,,,MarkTs,False,False,4,history0
chain,Read Repair,111,111,Probe,1.797125,21.0,111.0,,,,Probe,False,False,4,history0
chain,Read Repair,112,112,RecentScan,54.505208,,112.0,,,,RecentScan,False,False,4,history0
chain,Read Repair,113,113,Probe,2.725042,21.0,113.0,,,,Probe,False,False,4,history0
chain,Read Repair,114,114,RecentScan,56.452916,,114.0,,,,RecentScan,False,False,4,history0
chain,Read Repair,115,115,RecentScan,57.6805,,115.0,,,,RecentScan,False,False,4,history0
chain,Read Repair,116,116,Probe,1.986834,21.0,116.0,,,,Probe,False,False,4,history0
chain,Read Repair,117,117,RecentScan,55.494125,,117.0,,,,RecentScan,False,False,4,history0
chain,Write Repair,0,0,InitLoad,67.36175,210000.0,,,,,InitLoad,False,False,4,history0
chain,Write Repair,1,1,BuildSnap,0.0,,1.0,,,,MarkTs,False,False,4,history0
chain,Write Repair,2,2,Update,3.138292,21.0,,,,,Update,False,False,4,history0
chain,Write Repair,3,3,BuildSnap,0.0,,3.0,,,,MarkTs,False,False,4,history0
chain,Write Repair,4,4,RecentScan,61.227833,,4.0,,,,RecentScan,False,False,4,history0
chain,Write Repair,5,5,Update,3.232042,21.0,,,,,Update,False,False,4,history0
chain,Write Repair,6,6,RecentScan,61.634041,,6.0,,,,RecentScan,False,False,4,history0
chain,Write Repair,7,7,HistoryScan,59.321833,,1.0,,,,HistoryScan,True,False,4,history0
chain,Write Repair,8,8,Update,3.0595,21.0,,,,,Update,False,False,4,history0
chain,Write Repair,9,9,BuildSnap,0.0,,9.0,,,,MarkTs,False,False,4,history0
chain,Write Repair,10,10,RecentScan,60.079,,10.0,,,,RecentScan,False,False,4,history0
chain,Write Repair,11,11,Update,3.242208,21.0,,,,,Update,False,False,4,history0
chain,Write Repair,12,12,RecentScan,61.909583,,12.0,,,,RecentScan,False,False,4,history0
chain,Write Repair,13,13,RecentScan,57.3405,,13.0,,,,RecentScan,False,False,4,history0
chain,Write Repair,14,14,Probe,1.333792,21.0,14.0,,,,Probe,False,False,4,history0
chain,Write Repair,15,15,GbgCollect,0.051,,1.0,,,,GbgCollect,False,False,4,history0
chain,Write Repair,16,16,Update,3.046958,21.0,,,,,Update,False,False,4,history0
chain,Write Repair,17,17,BuildSnap,0.0,,17.0,,,,MarkTs,False,False,4,history0
chain,Write Repair,18,18,Update,2.097625,21.0,,,,,Update,False,False,4,history0
chain,Write Repair,19,19,Probe,2.116584,21.0,19.0,,,,Probe,False,False,4,history0
chain,Write Repair,20,20,RecentScan,58.303458,,20.0,,,,RecentScan,False,False,4,history0
chain,Write Repair,21,21,RecentScan,58.07175,,21.0,,,,RecentScan,False,False,4,history0
chain,Write Repair,22,22,RecentScan,60.813542,,22.0,,,,RecentScan,False,False,4,history0
chain,Write Repair,23,23,Probe,2.130958,21.0,23.0,,,,Probe,False,False,4,history0
chain,Write Repair,24,24,Probe,1.802834,21.0,24.0,,,,Probe,False,False,4,history0
chain,Write Repair,25,25,Probe,2.610917,21.0,25.0,,,,Probe,False,False,4,history0
chain,Write Repair,26,26,RecentScan,59.694666,,26.0,,,,RecentScan,False,False,4,history0
chain,Write Repair,27,27,Probe,2.917375,21.0,27.0,,,,Probe,False,False,4,history0
chain,Write Repair,28,28,GbgCollect,0.042667000000000004,,3.0,,,,GbgCollect,False,False,4,history0
chain,Write Repair,29,29,RecentScan,59.143666,,29.0,,,,RecentScan,False,False,4,history0
chain,Write Repair,30,30,Update,2.968292,21.0,,,,,Update,False,False,4,history0
chain,Write Repair,31,31,BuildSnap,0.0,,31.0,,,,MarkTs,False,False,4,history0
chain,Write Repair,32,32,Probe,1.173417,21.0,32.0,,,,Probe,False,False,4,history0
chain,Write Repair,33,33,Probe,2.3545,21.0,33.0,,,,Probe,False,False,4,history0
chain,Write Repair,34,34,Update,2.239167,21.0,,,,,Update,False,False,4,history0
chain,Write Repair,35,35,RecentScan,62.09075,,35.0,,,,RecentScan,False,False,4,history0
chain,Write Repair,36,36,RecentScan,67.259958,,36.0,,,,RecentScan,False,False,4,history0
chain,Write Repair,37,37,Update,4.936667,21.0,,,,,Update,False,False,4,history0
chain,Write Repair,38,38,BuildSnap,0.0,,38.0,,,,MarkTs,False,False,4,history0
chain,Write Repair,39,39,GbgCollect,0.078542,,9.0,,,,GbgCollect,False,False,4,history0
chain,Write Repair,40,40,Probe,3.146375,21.0,40.0,,,,Probe,False,False,4,history0
chain,Write Repair,41,41,Update,2.599,21.0,,,,,Update,False,False,4,history0
chain,Write Repair,42,42,RecentScan,62.978541,,42.0,,,,RecentScan,False,False,4,history0
chain,Write Repair,43,43,Probe,1.578542,21.0,43.0,,,,Probe,False,False,4,history0
chain,Write Repair,44,44,Probe,3.856208,21.0,44.0,,,,Probe,False,False,4,history0
chain,Write Repair,45,45,Update,2.770667,21.0,,,,,Update,False,False,4,history0
chain,Write Repair,46,46,BuildSnap,0.0,,46.0,,,,MarkTs,False,False,4,history0
chain,Write Repair,47,47,Probe,2.625583,21.0,47.0,,,,Probe,False,False,4,history0
chain,Write Repair,48,48,RecentScan,60.893625,,48.0,,,,RecentScan,False,False,4,history0
chain,Write Repair,49,49,RecentScan,59.936583,,49.0,,,,RecentScan,False,False,4,history0
chain,Write Repair,50,50,Probe,3.03975,21.0,50.0,,,,Probe,False,False,4,history0
chain,Write Repair,51,51,RecentScan,57.823542,,51.0,,,,RecentScan,False,False,4,history0
chain,Write Repair,52,52,Update,3.118625,21.0,,,,,Update,False,False,4,history0
chain,Write Repair,53,53,Update,2.237458,21.0,,,,,Update,False,False,4,history0
chain,Write Repair,54,54,BuildSnap,0.0,,54.0,,,,MarkTs,False,False,4,history0
chain,Write Repair,55,55,RecentScan,59.902,,55.0,,,,RecentScan,False,False,4,history0
chain,Write Repair,56,56,Update,2.934542,21.0,,,,,Update,False,False,4,history0
chain,Write Repair,57,57,Probe,2.756625,21.0,57.0,,,,Probe,False,False,4,history0
chain,Write Repair,58,58,RecentScan,62.862541,,58.0,,,,RecentScan,False,False,4,history0
chain,Write Repair,59,59,Probe,4.842416,21.0,59.0,,,,Probe,False,False,4,history0
chain,Write Repair,60,60,RecentScan,60.823708,,60.0,,,,RecentScan,False,False,4,history0
chain,Write Repair,61,61,RecentScan,59.599417,,61.0,,,,RecentScan,False,False,4,history0
chain,Write Repair,62,62,Probe,2.193209,21.0,62.0,,,,Probe,False,False,4,history0
chain,Write Repair,63,63,Probe,2.735333,21.0,63.0,,,,Probe,False,False,4,history0
chain,Write Repair,64,64,Probe,2.941833,21.0,64.0,,,,Probe,False,False,4,history0
chain,Write Repair,65,65,Probe,3.40875,21.0,65.0,,,,Probe,False,False,4,history0
chain,Write Repair,66,66,GbgCollect,0.074083,,17.0,,,,GbgCollect,False,False,4,history0
chain,Write Repair,67,67,Probe,3.161792,21.0,67.0,,,,Probe,False,False,4,history0
chain,Write Repair,68,68,RecentScan,56.732959,,68.0,,,,RecentScan,False,False,4,history0
chain,Write Repair,69,69,Probe,4.208708,21.0,69.0,,,,Probe,False,False,4,history0
chain,Write Repair,70,70,RecentScan,58.38925,,70.0,,,,RecentScan,False,False,4,history0
chain,Write Repair,71,71,Probe,2.274417,21.0,71.0,,,,Probe,False,False,4,history0
chain,Write Repair,72,72,RecentScan,58.180042,,72.0,,,,RecentScan,False,False,4,history0
chain,Write Repair,73,73,Probe,3.348875,21.0,73.0,,,,Probe,False,False,4,history0
chain,Write Repair,74,74,Probe,3.17075,21.0,74.0,,,,Probe,False,False,4,history0
chain,Write Repair,75,75,GbgCollect,0.045958,,31.0,,,,GbgCollect,False,False,4,history0
chain,Write Repair,76,76,RecentScan,57.800333,,76.0,,,,RecentScan,False,False,4,history0
chain,Write Repair,77,77,RecentScan,60.422125,,77.0,,,,RecentScan,False,False,4,history0
chain,Write Repair,78,78,RecentScan,60.559375,,78.0,,,,RecentScan,False,False,4,history0
chain,Write Repair,79,79,RecentScan,60.362833,,79.0,,,,RecentScan,False,False,4,history0
chain,Write Repair,80,80,Probe,2.412792,21.0,80.0,,,,Probe,False,False,4,history0
chain,Write Repair,81,81,Update,3.042333,21.0,,,,,Update,False,False,4,history0
chain,Write Repair,82,82,BuildSnap,0.0,,82.0,,,,MarkTs,False,False,4,history0
chain,Write Repair,83,83,Update,2.29125,21.0,,,,,Update,False,False,4,history0
chain,Write Repair,84,84,RecentScan,58.165167,,84.0,,,,RecentScan,False,False,4,history0
chain,Write Repair,85,85,RecentScan,60.386625,,85.0,,,,RecentScan,False,False,4,history0
chain,Write Repair,86,86,Probe,3.351417,21.0,86.0,,,,Probe,False,False,4,history0
chain,Write Repair,87,87,RecentScan,58.434667,,87.0,,,,RecentScan,False,False,4,history0
chain,Write Repair,88,88,Probe,3.11225,21.0,88.0,,,,Probe,False,False,4,history0
chain,Write Repair,89,89,Probe,3.518042,21.0,89.0,,,,Probe,False,False,4,history0
chain,Write Repair,90,90,RecentScan,58.567458,,90.0,,,,RecentScan,False,False,4,history0
chain,Write Repair,91,91,Update,3.08275,21.0,,,,,Update,False,False,4,history0
chain,Write Repair,92,92,BuildSnap,0.0,,92.0,,,,MarkTs,False,False,4,history0
chain,Write Repair,93,93,Probe,1.691875,21.0,93.0,,,,Probe,False,False,4,history0
chain,Write Repair,94,94,RecentScan,56.645875,,94.0,,,,RecentScan,False,False,4,history0
chain,Write Repair,95,95,Update,2.966208,21.0,,,,,Update,False,False,4,history0
chain,Write Repair,96,96,RecentScan,60.064958,,96.0,,,,RecentScan,False,False,4,history0
chain,Write Repair,97,97,Probe,2.40775,21.0,97.0,,,,Probe,False,False,4,history0
chain,Write Repair,98,98,Probe,3.371708,21.0,98.0,,,,Probe,False,False,4,history0
chain,Write Repair,99,99,RecentScan,59.951375,,99.0,,,,RecentScan,False,False,4,history0
chain,Write Repair,100,100,Probe,2.3415,21.0,100.0,,,,Probe,False,False,4,history0
chain,Write Repair,101,101,RecentScan,59.185542,,101.0,,,,RecentScan,False,False,4,history0
chain,Write Repair,102,102,Probe,3.832625,21.0,102.0,,,,Probe,False,False,4,history0
chain,Write Repair,103,103,RecentScan,59.115917,,103.0,,,,RecentScan,False,False,4,history0
chain,Write Repair,104,104,Update,3.042833,21.0,,,,,Update,False,False,4,history0
chain,Write Repair,105,105,BuildSnap,0.0,,105.0,,,,MarkTs,False,False,4,history0
chain,Write Repair,106,106,Probe,1.580833,21.0,106.0,,,,Probe,False,False,4,history0
chain,Write Repair,107,107,Update,2.236125,21.0,,,,,Update,False,False,4,history0
chain,Write Repair,108,108,Probe,2.503084,21.0,108.0,,,,Probe,False,False,4,history0
chain,Write Repair,109,109,Update,1.914917,21.0,,,,,Update,False,False,4,history0
chain,Write Repair,110,110,BuildSnap,0.0,,110.0,,,,MarkTs,False,False,4,history0
chain,Write Repair,111,111,Probe,1.763833,21.0,111.0,,,,Probe,False,False,4,history0
chain,Write Repair,112,112,RecentScan,59.5105,,112.0,,,,RecentScan,False,False,4,history0
chain,Write Repair,113,113,Probe,2.792667,21.0,113.0,,,,Probe,False,False,4,history0
chain,Write Repair,114,114,RecentScan,59.40375,,114.0,,,,RecentScan,False,False,4,history0
chain,Write Repair,115,115,RecentScan,59.997166,,115.0,,,,RecentScan,False,False,4,history0
chain,Write Repair,116,116,Probe,2.175583,21.0,116.0,,,,Probe,False,False,4,history0
chain,Write Repair,117,117,RecentScan,59.037583,,117.0,,,,RecentScan,False,False,4,history0
par,No Repair,0,0,InitLoad,65.908625,210000.0,,,,,InitLoad,False,False,0,history0
par,No Repair,1,1,BuildSnap,0.224583,,1.0,,,,MarkTs,False,False,0,history0
par,No Repair,2,2,Update,0.027417,21.0,,,,,Update,False,False,0,history0
par,No Repair,3,3,BuildSnap,0.013042,,3.0,,,,MarkTs,False,False,0,history0
par,No Repair,4,4,RecentScan,79.191541,,4.0,,,,RecentScan,False,False,0,history0
par,No Repair,5,5,Update,0.048459,21.0,,,,,Update,False,False,0,history0
par,No Repair,6,6,RecentScan,77.535667,,6.0,,,,RecentScan,False,False,0,history0
par,No Repair,7,7,HistoryScan,74.733625,,1.0,,,,HistoryScan,True,False,0,history0
par,No Repair,8,8,Update,0.040375,21.0,,,,,Update,False,False,0,history0
par,No Repair,9,9,BuildSnap,0.017709,,9.0,,,,MarkTs,False,False,0,history0
par,No Repair,10,10,RecentScan,74.685667,,10.0,,,,RecentScan,False,False,0,history0
par,No Repair,11,11,Update,0.040667,21.0,,,,,Update,False,False,0,history0
par,No Repair,12,12,RecentScan,73.875875,,12.0,,,,RecentScan,False,False,0,history0
par,No Repair,13,13,RecentScan,75.308541,,13.0,,,,RecentScan,False,False,0,history0
par,No Repair,14,14,Probe,1.6785,21.0,14.0,,,,Probe,False,False,0,history0
par,No Repair,15,15,GbgCollect,38.856291,,1.0,,,,GbgCollect,False,False,0,history0
par,No Repair,16,16,Update,0.031041,21.0,,,,,Update,False,False,0,history0
par,No Repair,17,17,BuildSnap,0.245459,,17.0,,,,MarkTs,False,False,0,history0
par,No Repair,18,18,Update,0.028125,21.0,,,,,Update,False,False,0,history0
par,No Repair,19,19,Probe,2.9245,21.0,19.0,,,,Probe,False,False,0,history0
par,No Repair,20,20,RecentScan,72.651375,,20.0,,,,RecentScan,False,False,0,history0
par,No Repair,21,21,RecentScan,73.31375,,21.0,,,,RecentScan,False,False,0,history0
par,No Repair,22,22,RecentScan,74.75425,,22.0,,,,RecentScan,False,False,0,history0
par,No Repair,23,23,Probe,2.63275,21.0,23.0,,,,Probe,False,False,0,history0
par,No Repair,24,24,Probe,2.428375,21.0,24.0,,,,Probe,False,False,0,history0
par,No Repair,25,25,Probe,3.367,21.0,25.0,,,,Probe,False,False,0,history0
par,No Repair,26,26,RecentScan,73.739,,26.0,,,,RecentScan,False,False,0,history0
par,No Repair,27,27,Probe,3.632042,21.0,27.0,,,,Probe,False,False,0,history0
par,No Repair,28,28,GbgCollect,40.752,,3.0,,,,GbgCollect,False,False,0,history0
par,No Repair,29,29,RecentScan,73.094667,,29.0,,,,RecentScan,False,False,0,history0
par,No Repair,30,30,Update,0.038,21.0,,,,,Update,False,False,0,history0
par,No Repair,31,31,BuildSnap,0.044041,,31.0,,,,MarkTs,False,False,0,history0
par,No Repair,32,32,Probe,1.797125,21.0,32.0,,,,Probe,False,False,0,history0
par,No Repair,33,33,Probe,3.481417,21.0,33.0,,,,Probe,False,False,0,history0
par,No Repair,34,34,Update,0.029,21.0,,,,,Update,False,False,0,history0
par,No Repair,35,35,RecentScan,74.154416,,35.0,,,,RecentScan,False,False,0,history0
par,No Repair,36,36,RecentScan,74.873541,,36.0,,,,RecentScan,False,False,0,history0
par,No Repair,37,37,Update,0.04,21.0,,,,,Update,False,False,0,history0
par,No Repair,38,38,BuildSnap,0.045,,38.0,,,,MarkTs,False,False,0,history0
par,No Repair,39,39,GbgCollect,40.123625,,9.0,,,,GbgCollect,False,False,0,history0
par,No Repair,40,40,Probe,3.771208,21.0,40.0,,,,Probe,False,False,0,history0
par,No Repair,41,41,Update,0.033665999999999995,21.0,,,,,Update,False,False,0,history0
par,No Repair,42,42,RecentScan,73.807667,,42.0,,,,RecentScan,False,False,0,history0
par,No Repair,43,43,Probe,2.025833,21.0,43.0,,,,Probe,False,False,0,history0
par,No Repair,44,44,Probe,4.488417,21.0,44.0,,,,Probe,False,False,0,history0
par,No Repair,45,45,Update,0.029375,21.0,,,,,Update,False,False,0,history0
par,No Repair,46,46,BuildSnap,0.033040999999999994,,46.0,,,,MarkTs,False,False,0,history0
par,No Repair,47,47,Probe,3.50675,21.0,47.0,,,,Probe,False,False,0,history0
par,No Repair,48,48,RecentScan,72.789041,,48.0,,,,RecentScan,False,False,0,history0
par,No Repair,49,49,RecentScan,74.195958,,49.0,,,,RecentScan,False,False,0,history0
par,No Repair,50,50,Probe,3.669083,21.0,50.0,,,,Probe,False,False,0,history0
par,No Repair,51,51,RecentScan,73.65125,,51.0,,,,RecentScan,False,False,0,history0
par,No Repair,52,52,Update,0.043584000000000005,21.0,,,,,Update,False,False,0,history0
par,No Repair,53,53,Update,0.030417000000000003,21.0,,,,,Update,False,False,0,history0
par,No Repair,54,54,BuildSnap,0.384958,,54.0,,,,MarkTs,False,False,0,history0
par,No Repair,55,55,RecentScan,73.727083,,55.0,,,,RecentScan,False,False,0,history0
par,No Repair,56,56,Update,0.038333,21.0,,,,,Update,False,False,0,history0
par,No Repair,57,57,Probe,3.452334,21.0,57.0,,,,Probe,False,False,0,history0
par,No Repair,58,58,RecentScan,73.935625,,58.0,,,,RecentScan,False,False,0,history0
par,No Repair,59,59,Probe,5.85675,21.0,59.0,,,,Probe,False,False,0,history0
par,No Repair,60,60,RecentScan,74.861584,,60.0,,,,RecentScan,False,False,0,history0
par,No Repair,61,61,RecentScan,74.085667,,61.0,,,,RecentScan,False,False,0,history0
par,No Repair,62,62,Probe,2.846542,21.0,62.0,,,,Probe,False,False,0,history0
par,No Repair,63,63,Probe,3.116833,21.0,63.0,,,,Probe,False,False,0,history0
par,No Repair,64,64,Probe,3.484083,21.0,64.0,,,,Probe,False,False,0,history0
par,No Repair,65,65,Probe,4.156208,21.0,65.0,,,,Probe,False,False,0,history0
par,No Repair,66,66,GbgCollect,38.425583,,17.0,,,,GbgCollect,False,False,0,history0
par,No Repair,67,67,Probe,3.974875,21.0,67.0,,,,Probe,False,False,0,history0
par,No Repair,68,68,RecentScan,74.07675,,68.0,,,,RecentScan,False,False,0,history0
par,No Repair,69,69,Probe,4.672209,21.0,69.0,,,,Probe,False,False,0,history0
par,No Repair,70,70,RecentScan,73.933333,,70.0,,,,RecentScan,False,False,0,history0
par,No Repair,71,71,Probe,2.850125,21.0,71.0,,,,Probe,False,False,0,history0
par,No Repair,72,72,RecentScan,74.87975,,72.0,,,,RecentScan,False,False,0,history0
par,No Repair,73,73,Probe,4.250375,21.0,73.0,,,,Probe,False,False,0,history0
par,No Repair,74,74,Probe,4.202917,21.0,74.0,,,,Probe,False,False,0,history0
par,No Repair,75,75,GbgCollect,40.882625,,31.0,,,,GbgCollect,False,False,0,history0
par,No Repair,76,76,RecentScan,74.362917,,76.0,,,,RecentScan,False,False,0,history0
par,No Repair,77,77,RecentScan,74.868209,,77.0,,,,RecentScan,False,False,0,history0
par,No Repair,78,78,RecentScan,74.913541,,78.0,,,,RecentScan,False,False,0,history0
par,No Repair,79,79,RecentScan,73.765459,,79.0,,,,RecentScan,False,False,0,history0
par,No Repair,80,80,Probe,2.563542,21.0,80.0,,,,Probe,False,False,0,history0
par,No Repair,81,81,Update,0.031417,21.0,,,,,Update,False,False,0,history0
par,No Repair,82,82,BuildSnap,0.043625,,82.0,,,,MarkTs,False,False,0,history0
par,No Repair,83,83,Update,0.027542,21.0,,,,,Update,False,False,0,history0
par,No Repair,84,84,RecentScan,74.753792,,84.0,,,,RecentScan,False,False,0,history0
par,No Repair,85,85,RecentScan,74.643291,,85.0,,,,RecentScan,False,False,0,history0
par,No Repair,86,86,Probe,3.744333,21.0,86.0,,,,Probe,False,False,0,history0
par,No Repair,87,87,RecentScan,74.3215,,87.0,,,,RecentScan,False,False,0,history0
par,No Repair,88,88,Probe,3.881375,21.0,88.0,,,,Probe,False,False,0,history0
par,No Repair,89,89,Probe,4.15325,21.0,89.0,,,,Probe,False,False,0,history0
par,No Repair,90,90,RecentScan,73.654666,,90.0,,,,RecentScan,False,False,0,history0
par,No Repair,91,91,Update,0.040167,21.0,,,,,Update,False,False,0,history0
par,No Repair,92,92,BuildSnap,0.0565,,92.0,,,,MarkTs,False,False,0,history0
par,No Repair,93,93,Probe,2.215833,21.0,93.0,,,,Probe,False,False,0,history0
par,No Repair,94,94,RecentScan,74.584542,,94.0,,,,RecentScan,False,False,0,history0
par,No Repair,95,95,Update,0.042125,21.0,,,,,Update,False,False,0,history0
par,No Repair,96,96,RecentScan,75.918792,,96.0,,,,RecentScan,False,False,0,history0
par,No Repair,97,97,Probe,2.880333,21.0,97.0,,,,Probe,False,False,0,history0
par,No Repair,98,98,Probe,4.296709,21.0,98.0,,,,Probe,False,False,0,history0
par,No Repair,99,99,RecentScan,75.084333,,99.0,,,,RecentScan,False,False,0,history0
par,No Repair,100,100,Probe,2.618791,21.0,100.0,,,,Probe,False,False,0,history0
par,No Repair,101,101,RecentScan,74.1695,,101.0,,,,RecentScan,False,False,0,history0
par,No Repair,102,102,Probe,4.551,21.0,102.0,,,,Probe,False,False,0,history0
par,No Repair,103,103,RecentScan,74.071625,,103.0,,,,RecentScan,False,False,0,history0
par,No Repair,104,104,Update,0.037292,21.0,,,,,Update,False,False,0,history0
par,No Repair,105,105,BuildSnap,0.054167,,105.0,,,,MarkTs,False,False,0,history0
par,No Repair,106,106,Probe,2.181583,21.0,106.0,,,,Probe,False,False,0,history0
par,No Repair,107,107,Update,0.025875,21.0,,,,,Update,False,False,0,history0
par,No Repair,108,108,Probe,3.328667,21.0,108.0,,,,Probe,False,False,0,history0
par,No Repair,109,109,Update,0.026917,21.0,,,,,Update,False,False,0,history0
par,No Repair,110,110,BuildSnap,0.022084,,110.0,,,,MarkTs,False,False,0,history0
par,No Repair,111,111,Probe,2.336333,21.0,111.0,,,,Probe,False,False,0,history0
par,No Repair,112,112,RecentScan,73.618333,,112.0,,,,RecentScan,False,False,0,history0
par,No Repair,113,113,Probe,3.422375,21.0,113.0,,,,Probe,False,False,0,history0
par,No Repair,114,114,RecentScan,75.9,,114.0,,,,RecentScan,False,False,0,history0
par,No Repair,115,115,RecentScan,75.929583,,115.0,,,,RecentScan,False,False,0,history0
par,No Repair,116,116,Probe,2.677209,21.0,116.0,,,,Probe,False,False,0,history0
par,No Repair,117,117,RecentScan,73.218292,,117.0,,,,RecentScan,False,False,0,history0
par,Read Repair,0,0,InitLoad,67.96425,210000.0,,,,,InitLoad,False,False,0,history0
par,Read Repair,1,1,BuildSnap,0.216917,,1.0,,,,MarkTs,False,False,0,history0
par,Read Repair,2,2,Update,0.027291,21.0,,,,,Update,False,False,0,history0
par,Read Repair,3,3,BuildSnap,0.013208000000000001,,3.0,,,,MarkTs,False,False,0,history0
par,Read Repair,4,4,RecentScan,105.167667,,4.0,,,,RecentScan,False,False,0,history0
par,Read Repair,5,5,Update,0.039167,21.0,,,,,Update,False,False,0,history0
par,Read Repair,6,6,RecentScan,104.32925,,6.0,,,,RecentScan,False,False,0,history0
par,Read Repair,7,7,HistoryScan,57.616917,,1.0,,,,HistoryScan,True,False,0,history0
par,Read Repair,8,8,Update,0.023333,21.0,,,,,Update,False,False,0,history0
par,Read Repair,9,9,BuildSnap,0.017584,,9.0,,,,MarkTs,False,False,0,history0
par,Read Repair,10,10,RecentScan,102.933417,,10.0,,,,RecentScan,False,False,0,history0
par,Read Repair,11,11,Update,0.025667000000000002,21.0,,,,,Update,False,False,0,history0
par,Read Repair,12,12,RecentScan,103.521917,,12.0,,,,RecentScan,False,False,0,history0
par,Read Repair,13,13,RecentScan,58.979833,,13.0,,,,RecentScan,False,False,0,history0
par,Read Repair,14,14,Probe,1.214167,21.0,14.0,,,,Probe,False,False,0,history0
par,Read Repair,15,15,GbgCollect,40.919458,,1.0,,,,GbgCollect,False,False,0,history0
par,Read Repair,16,16,Update,0.027792,21.0,,,,,Update,False,False,0,history0
par,Read Repair,17,17,BuildSnap,0.26283300000000004,,17.0,,,,MarkTs,False,False,0,history0
par,Read Repair,18,18,Update,0.033042,21.0,,,,,Update,False,False,0,history0
par,Read Repair,19,19,Probe,2.863708,21.0,19.0,,,,Probe,False,False,0,history0
par,Read Repair,20,20,RecentScan,103.255292,,20.0,,,,RecentScan,False,False,0,history0
par,Read Repair,21,21,RecentScan,56.818958,,21.0,,,,RecentScan,False,False,0,history0
par,Read Repair,22,22,RecentScan,59.94325,,22.0,,,,RecentScan,False,False,0,history0
par,Read Repair,23,23,Probe,2.053792,21.0,23.0,,,,Probe,False,False,0,history0
par,Read Repair,24,24,Probe,1.744084,21.0,24.0,,,,Probe,False,False,0,history0
par,Read Repair,25,25,Probe,2.495125,21.0,25.0,,,,Probe,False,False,0,history0
par,Read Repair,26,26,RecentScan,60.352583,,26.0,,,,RecentScan,False,False,0,history0
par,Read Repair,27,27,Probe,2.946625,21.0,27.0,,,,Probe,False,False,0,history0
par,Read Repair,28,28,GbgCollect,40.889292,,3.0,,,,GbgCollect,False,False,0,history0
par,Read Repair,29,29,RecentScan,59.026042,,29.0,,,,RecentScan,False,False,0,history0
par,Read Repair,30,30,Update,0.033417,21.0,,,,,Update,False,False,0,history0
par,Read Repair,31,31,BuildSnap,0.043625,,31.0,,,,MarkTs,False,False,0,history0
par,Read Repair,32,32,Probe,1.628042,21.0,32.0,,,,Probe,False,False,0,history0
par,Read Repair,33,33,Probe,3.399666,21.0,33.0,,,,Probe,False,False,0,history0
par,Read Repair,34,34,Update,0.027667,21.0,,,,,Update,False,False,0,history0
par,Read Repair,35,35,RecentScan,103.885167,,35.0,,,,RecentScan,False,False,0,history0
par,Read Repair,36,36,RecentScan,58.74375,,36.0,,,,RecentScan,False,False,0,history0
par,Read Repair,37,37,Update,0.033290999999999994,21.0,,,,,Update,False,False,0,history0
par,Read Repair,38,38,BuildSnap,0.042792000000000004,,38.0,,,,MarkTs,False,False,0,history0
par,Read Repair,39,39,GbgCollect,41.367625,,9.0,,,,GbgCollect,False,False,0,history0
par,Read Repair,40,40,Probe,3.471833,21.0,40.0,,,,Probe,False,False,0,history0
par,Read Repair,41,41,Update,0.037125,21.0,,,,,Update,False,False,0,history0
par,Read Repair,42,42,RecentScan,105.00425,,42.0,,,,RecentScan,False,False,0,history0
par,Read Repair,43,43,Probe,1.553416,21.0,43.0,,,,Probe,False,False,0,history0
par,Read Repair,44,44,Probe,3.298,21.0,44.0,,,,Probe,False,False,0,history0
par,Read Repair,45,45,Update,0.019917,21.0,,,,,Update,False,False,0,history0
par,Read Repair,46,46,BuildSnap,0.036375,,46.0,,,,MarkTs,False,False,0,history0
par,Read Repair,47,47,Probe,3.562917,21.0,47.0,,,,Probe,False,False,0,history0
par,Read Repair,48,48,RecentScan,103.4085,,48.0,,,,RecentScan,False,False,0,history0
par,Read Repair,49,49,RecentScan,63.012583,,49.0,,,,RecentScan,False,False,0,history0
par,Read Repair,50,50,Probe,2.969459,21.0,50.0,,,,Probe,False,False,0,history0
par,Read Repair,51,51,RecentScan,59.272708,,51.0,,,,RecentScan,False,False,0,history0
par,Read Repair,52,52,Update,0.023875,21.0,,,,,Update,False,False,0,history0
par,Read Repair,53,53,Update,0.016125,21.0,,,,,Update,False,False,0,history0
par,Read Repair,54,54,BuildSnap,0.39333300000000004,,54.0,,,,MarkTs,False,False,0,history0
par,Read Repair,55,55,RecentScan,104.551542,,55.0,,,,RecentScan,False,False,0,history0
par,Read Repair,56,56,Update,0.038208,21.0,,,,,Update,False,False,0,history0
par,Read Repair,57,57,Probe,3.574417,21.0,57.0,,,,Probe,False,False,0,history0
par,Read Repair,58,58,RecentScan,102.971459,,58.0,,,,RecentScan,False,False,0,history0
par,Read Repair,59,59,Probe,4.953375,21.0,59.0,,,,Probe,False,False,0,history0
par,Read Repair,60,60,RecentScan,57.933292,,60.0,,,,RecentScan,False,False,0,history0
par,Read Repair,61,61,RecentScan,58.120834,,61.0,,,,RecentScan,False,False,0,history0
par,Read Repair,62,62,Probe,2.080708,21.0,62.0,,,,Probe,False,False,0,history0
par,Read Repair,63,63,Probe,2.560375,21.0,63.0,,,,Probe,False,False,0,history0
par,Read Repair,64,64,Probe,3.040041,21.0,64.0,,,,Probe,False,False,0,history0
par,Read Repair,65,65,Probe,3.606792,21.0,65.0,,,,Probe,False,False,0,history0
par,Read Repair,66,66,GbgCollect,41.567291,,17.0,,,,GbgCollect,False,False,0,history0
par,Read Repair,67,67,Probe,3.393959,21.0,67.0,,,,Probe,False,False,0,history0
par,Read Repair,68,68,RecentScan,57.697875,,68.0,,,,RecentScan,False,False,0,history0
par,Read Repair,69,69,Probe,4.401,21.0,69.0,,,,Probe,False,False,0,history0
par,Read Repair,70,70,RecentScan,57.350708,,70.0,,,,RecentScan,False,False,0,history0
par,Read Repair,71,71,Probe,2.253875,21.0,71.0,,,,Probe,False,False,0,history0
par,Read Repair,72,72,RecentScan,56.149042,,72.0,,,,RecentScan,False,False,0,history0
par,Read Repair,73,73,Probe,3.3925,21.0,73.0,,,,Probe,False,False,0,history0
par,Read Repair,74,74,Probe,3.164542,21.0,74.0,,,,Probe,False,False,0,history0
par,Read Repair,75,75,GbgCollect,41.990333,,31.0,,,,GbgCollect,False,False,0,history0
par,Read Repair,76,76,RecentScan,58.235834,,76.0,,,,RecentScan,False,False,0,history0
par,Read Repair,77,77,RecentScan,55.882291,,77.0,,,,RecentScan,False,False,0,history0
par,Read Repair,78,78,RecentScan,58.664667,,78.0,,,,RecentScan,False,False,0,history0
par,Read Repair,79,79,RecentScan,57.656625,,79.0,,,,RecentScan,False,False,0,history0
par,Read Repair,80,80,Probe,2.067083,21.0,80.0,,,,Probe,False,False,0,history0
par,Read Repair,81,81,Update,0.030458,21.0,,,,,Update,False,False,0,history0
par,Read Repair,82,82,BuildSnap,0.046292,,82.0,,,,MarkTs,False,False,0,history0
par,Read Repair,83,83,Update,0.028917,21.0,,,,,Update,False,False,0,history0
par,Read Repair,84,84,RecentScan,102.209375,,84.0,,,,RecentScan,False,False,0,history0
par,Read Repair,85,85,RecentScan,59.453125,,85.0,,,,RecentScan,False,False,0,history0
par,Read Repair,86,86,Probe,2.964666,21.0,86.0,,,,Probe,False,False,0,history0
par,Read Repair,87,87,RecentScan,54.014167,,87.0,,,,RecentScan,False,False,0,history0
par,Read Repair,88,88,Probe,2.988625,21.0,88.0,,,,Probe,False,False,0,history0
par,Read Repair,89,89,Probe,3.190084,21.0,89.0,,,,Probe,False,False,0,history0
par,Read Repair,90,90,RecentScan,57.32575,,90.0,,,,RecentScan,False,False,0,history0
par,Read Repair,91,91,Update,0.034875,21.0,,,,,Update,False,False,0,history0
par,Read Repair,92,92,BuildSnap,0.056667,,92.0,,,,MarkTs,False,False,0,history0
par,Read Repair,93,93,Probe,2.053125,21.0,93.0,,,,Probe,False,False,0,history0
par,Read Repair,94,94,RecentScan,112.535333,,94.0,,,,RecentScan,False,False,0,history0
par,Read Repair,95,95,Update,0.025291,21.0,,,,,Update,False,False,0,history0
par,Read Repair,96,96,RecentScan,108.30275,,96.0,,,,RecentScan,False,False,0,history0
par,Read Repair,97,97,Probe,2.396292,21.0,97.0,,,,Probe,False,False,0,history0
par,Read Repair,98,98,Probe,3.734958,21.0,98.0,,,,Probe,False,False,0,history0
par,Read Repair,99,99,RecentScan,55.86375,,99.0,,,,RecentScan,False,False,0,history0
par,Read Repair,100,100,Probe,1.987125,21.0,100.0,,,,Probe,False,False,0,history0
par,Read Repair,101,101,RecentScan,55.960709,,101.0,,,,RecentScan,False,False,0,history0
par,Read Repair,102,102,Probe,3.910625,21.0,102.0,,,,Probe,False,False,0,history0
par,Read Repair,103,103,RecentScan,57.735792,,103.0,,,,RecentScan,False,False,0,history0
par,Read Repair,104,104,Update,0.03425,21.0,,,,,Update,False,False,0,history0
par,Read Repair,105,105,BuildSnap,0.05575,,105.0,,,,MarkTs,False,False,0,history0
par,Read Repair,106,106,Probe,2.111959,21.0,106.0,,,,Probe,False,False,0,history0
par,Read Repair,107,107,Update,0.024375,21.0,,,,,Update,False,False,0,history0
par,Read Repair,108,108,Probe,3.215709,21.0,108.0,,,,Probe,False,False,0,history0
par,Read Repair,109,109,Update,0.026458,21.0,,,,,Update,False,False,0,history0
par,Read Repair,110,110,BuildSnap,0.022875,,110.0,,,,MarkTs,False,False,0,history0
par,Read Repair,111,111,Probe,2.212042,21.0,111.0,,,,Probe,False,False,0,history0
par,Read Repair,112,112,RecentScan,100.455583,,112.0,,,,RecentScan,False,False,0,history0
par,Read Repair,113,113,Probe,2.964625,21.0,113.0,,,,Probe,False,False,0,history0
par,Read Repair,114,114,RecentScan,56.721,,114.0,,,,RecentScan,False,False,0,history0
par,Read Repair,115,115,RecentScan,57.536833,,115.0,,,,RecentScan,False,False,0,history0
par,Read Repair,116,116,Probe,1.929625,21.0,116.0,,,,Probe,False,False,0,history0
par,Read Repair,117,117,RecentScan,57.583666,,117.0,,,,RecentScan,False,False,0,history0
par,Write Repair,0,0,InitLoad,67.956291,210000.0,,,,,InitLoad,False,False,0,history0
par,Write Repair,1,1,BuildSnap,0.233541,,1.0,,,,MarkTs,False,False,0,history0
par,Write Repair,2,2,Update,3.289292,21.0,,,,,Update,False,False,0,history0
par,Write Repair,3,3,BuildSnap,0.013917,,3.0,,,,MarkTs,False,False,0,history0
par,Write Repair,4,4,RecentScan,57.215875,,4.0,,,,RecentScan,False,False,0,history0
par,Write Repair,5,5,Update,3.390083,21.0,,,,,Update,False,False,0,history0
par,Write Repair,6,6,RecentScan,55.7265,,6.0,,,,RecentScan,False,False,0,history0
par,Write Repair,7,7,HistoryScan,59.699667,,1.0,,,,HistoryScan,True,False,0,history0
par,Write Repair,8,8,Update,3.279,21.0,,,,,Update,False,False,0,history0
par,Write Repair,9,9,BuildSnap,0.013875,,9.0,,,,MarkTs,False,False,0,history0
par,Write Repair,10,10,RecentScan,58.278291,,10.0,,,,RecentScan,False,False,0,history0
par,Write Repair,11,11,Update,3.343041,21.0,,,,,Update,False,False,0,history0
par,Write Repair,12,12,RecentScan,61.313916,,12.0,,,,RecentScan,False,False,0,history0
par,Write Repair,13,13,RecentScan,61.365375,,13.0,,,,RecentScan,False,False,0,history0
par,Write Repair,14,14,Probe,1.277083,21.0,14.0,,,,Probe,False,False,0,history0
par,Write Repair,15,15,GbgCollect,41.799791,,1.0,,,,GbgCollect,False,False,0,history0
par,Write Repair,16,16,Update,2.816375,21.0,,,,,Update,False,False,0,history0
par,Write Repair,17,17,BuildSnap,0.303042,,17.0,,,,MarkTs,False,False,0,history0
par,Write Repair,18,18,Update,2.173416,21.0,,,,,Update,False,False,0,history0
par,Write Repair,19,19,Probe,2.09375,21.0,19.0,,,,Probe,False,False,0,history0
par,Write Repair,20,20,RecentScan,59.586583,,20.0,,,,RecentScan,False,False,0,history0
par,Write Repair,21,21,RecentScan,60.499083,,21.0,,,,RecentScan,False,False,0,history0
par,Write Repair,22,22,RecentScan,60.196542,,22.0,,,,RecentScan,False,False,0,history0
par,Write Repair,23,23,Probe,2.136625,21.0,23.0,,,,Probe,False,False,0,history0
par,Write Repair,24,24,Probe,1.931792,21.0,24.0,,,,Probe,False,False,0,history0
par,Write Repair,25,25,Probe,2.389292,21.0,25.0,,,,Probe,False,False,0,history0
par,Write Repair,26,26,RecentScan,61.71125,,26.0,,,,RecentScan,False,False,0,history0
par,Write Repair,27,27,Probe,2.724208,21.0,27.0,,,,Probe,False,False,0,history0
par,Write Repair,28,28,GbgCollect,41.524208,,3.0,,,,GbgCollect,False,False,0,history0
par,Write Repair,29,29,RecentScan,61.635792,,29.0,,,,RecentScan,False,False,0,history0
par,Write Repair,30,30,Update,3.141958,21.0,,,,,Update,False,False,0,history0
par,Write Repair,31,31,BuildSnap,0.032375,,31.0,,,,MarkTs,False,False,0,history0
par,Write Repair,32,32,Probe,1.254166,21.0,32.0,,,,Probe,False,False,0,history0
par,Write Repair,33,33,Probe,2.58575,21.0,33.0,,,,Probe,False,False,0,history0
par,Write Repair,34,34,Update,2.500333,21.0,,,,,Update,False,False,0,history0
par,Write Repair,35,35,RecentScan,56.685125,,35.0,,,,RecentScan,False,False,0,history0
par,Write Repair,36,36,RecentScan,58.859083,,36.0,,,,RecentScan,False,False,0,history0
par,Write Repair,37,37,Update,3.319917,21.0,,,,,Update,False,False,0,history0
par,Write Repair,38,38,BuildSnap,0.036333,,38.0,,,,MarkTs,False,False,0,history0
par,Write Repair,39,39,GbgCollect,40.8505,,9.0,,,,GbgCollect,False,False,0,history0
par,Write Repair,40,40,Probe,2.588459,21.0,40.0,,,,Probe,False,False,0,history0
par,Write Repair,41,41,Update,2.927084,21.0,,,,,Update,False,False,0,history0
par,Write Repair,42,42,RecentScan,56.499625,,42.0,,,,RecentScan,False,False,0,history0
par,Write Repair,43,43,Probe,1.501458,21.0,43.0,,,,Probe,False,False,0,history0
par,Write Repair,44,44,Probe,3.119,21.0,44.0,,,,Probe,False,False,0,history0
par,Write Repair,45,45,Update,2.908833,21.0,,,,,Update,False,False,0,history0
par,Write Repair,46,46,BuildSnap,0.032667,,46.0,,,,MarkTs,False,False,0,history0
par,Write Repair,47,47,Probe,2.351084,21.0,47.0,,,,Probe,False,False,0,history0
par,Write Repair,48,48,RecentScan,55.273667,,48.0,,,,RecentScan,False,False,0,history0
par,Write Repair,49,49,RecentScan,59.403959,,49.0,,,,RecentScan,False,False,0,history0
par,Write Repair,50,50,Probe,2.6645,21.0,50.0,,,,Probe,False,False,0,history0
par,Write Repair,51,51,RecentScan,57.560458,,51.0,,,,RecentScan,False,False,0,history0
par,Write Repair,52,52,Update,3.405792,21.0,,,,,Update,False,False,0,history0
par,Write Repair,53,53,Update,2.492916,21.0,,,,,Update,False,False,0,history0
par,Write Repair,54,54,BuildSnap,0.475792,,54.0,,,,MarkTs,False,False,0,history0
par,Write Repair,55,55,RecentScan,59.553334,,55.0,,,,RecentScan,False,False,0,history0
par,Write Repair,56,56,Update,3.209708,21.0,,,,,Update,False,False,0,history0
par,Write Repair,57,57,Probe,2.361916,21.0,57.0,,,,Probe,False,False,0,history0
par,Write Repair,58,58,RecentScan,58.382291,,58.0,,,,RecentScan,False,False,0,history0
par,Write Repair,59,59,Probe,4.404334,21.0,59.0,,,,Probe,False,False,0,history0
par,Write Repair,60,60,RecentScan,57.636417,,60.0,,,,RecentScan,False,False,0,history0
par,Write Repair,61,61,RecentScan,58.509375,,61.0,,,,RecentScan,False,False,0,history0
par,Write Repair,62,62,Probe,2.2645,21.0,62.0,,,,Probe,False,False,0,history0
par,Write Repair,63,63,Probe,2.422083,21.0,63.0,,,,Probe,False,False,0,history0
par,Write Repair,64,64,Probe,2.699375,21.0,64.0,,,,Probe,False,False,0,history0
par,Write Repair,65,65,Probe,2.993042,21.0,65.0,,,,Probe,False,False,0,history0
par,Write Repair,66,66,GbgCollect,40.974834,,17.0,,,,GbgCollect,False,False,0,history0
par,Write Repair,67,67,Probe,2.919459,21.0,67.0,,,,Probe,False,False,0,history0
par,Write Repair,68,68,RecentScan,56.402,,68.0,,,,RecentScan,False,False,0,history0
par,Write Repair,69,69,Probe,3.695417,21.0,69.0,,,,Probe,False,False,0,history0
par,Write Repair,70,70,RecentScan,57.963583,,70.0,,,,RecentScan,False,False,0,history0
par,Write Repair,71,71,Probe,2.331916,21.0,71.0,,,,Probe,False,False,0,history0
par,Write Repair,72,72,RecentScan,58.831667,,72.0,,,,RecentScan,False,False,0,history0
par,Write Repair,73,73,Probe,3.2695,21.0,73.0,,,,Probe,False,False,0,history0
par,Write Repair,74,74,Probe,3.195,21.0,74.0,,,,Probe,False,False,0,history0
par,Write Repair,75,75,GbgCollect,41.500458,,31.0,,,,GbgCollect,False,False,0,history0
par,Write Repair,76,76,RecentScan,59.847334,,76.0,,,,RecentScan,False,False,0,history0
par,Write Repair,77,77,RecentScan,59.298,,77.0,,,,RecentScan,False,False,0,history0
par,Write Repair,78,78,RecentScan,246.54975,,78.0,,,,RecentScan,False,False,0,history0
par,Write Repair,79,79,RecentScan,88.966542,,79.0,,,,RecentScan,False,False,0,history0
par,Write Repair,80,80,Probe,3.926375,21.0,80.0,,,,Probe,False,False,0,history0
par,Write Repair,81,81,Update,4.154084,21.0,,,,,Update,False,False,0,history0
par,Write Repair,82,82,BuildSnap,0.046542,,82.0,,,,MarkTs,False,False,0,history0
par,Write Repair,83,83,Update,4.917125,21.0,,,,,Update,False,False,0,history0
par,Write Repair,84,84,RecentScan,65.435208,,84.0,,,,RecentScan,False,False,0,history0
par,Write Repair,85,85,RecentScan,63.933375,,85.0,,,,RecentScan,False,False,0,history0
par,Write Repair,86,86,Probe,3.812166,21.0,86.0,,,,Probe,False,False,0,history0
par,Write Repair,87,87,RecentScan,62.299084,,87.0,,,,RecentScan,False,False,0,history0
par,Write Repair,88,88,Probe,3.203959,21.0,88.0,,,,Probe,False,False,0,history0
par,Write Repair,89,89,Probe,3.515875,21.0,89.0,,,,Probe,False,False,0,history0
par,Write Repair,90,90,RecentScan,60.213583,,90.0,,,,RecentScan,False,False,0,history0
par,Write Repair,91,91,Update,3.483167,21.0,,,,,Update,False,False,0,history0
par,Write Repair,92,92,BuildSnap,0.042957999999999996,,92.0,,,,MarkTs,False,False,0,history0
par,Write Repair,93,93,Probe,1.7695,21.0,93.0,,,,Probe,False,False,0,history0
par,Write Repair,94,94,RecentScan,62.64125,,94.0,,,,RecentScan,False,False,0,history0
par,Write Repair,95,95,Update,4.111166,21.0,,,,,Update,False,False,0,history0
par,Write Repair,96,96,RecentScan,65.969,,96.0,,,,RecentScan,False,False,0,history0
par,Write Repair,97,97,Probe,2.356417,21.0,97.0,,,,Probe,False,False,0,history0
par,Write Repair,98,98,Probe,3.316875,21.0,98.0,,,,Probe,False,False,0,history0
par,Write Repair,99,99,RecentScan,63.805667,,99.0,,,,RecentScan,False,False,0,history0
par,Write Repair,100,100,Probe,2.517125,21.0,100.0,,,,Probe,False,False,0,history0
par,Write Repair,101,101,RecentScan,64.03,,101.0,,,,RecentScan,False,False,0,history0
par,Write Repair,102,102,Probe,3.3,21.0,102.0,,,,Probe,False,False,0,history0
par,Write Repair,103,103,RecentScan,56.576625,,103.0,,,,RecentScan,False,False,0,history0
par,Write Repair,104,104,Update,3.454625,21.0,,,,,Update,False,False,0,history0
par,Write Repair,105,105,BuildSnap,0.035584000000000005,,105.0,,,,MarkTs,False,False,0,history0
par,Write Repair,106,106,Probe,1.451334,21.0,106.0,,,,Probe,False,False,0,history0
par,Write Repair,107,107,Update,2.479208,21.0,,,,,Update,False,False,0,history0
par,Write Repair,108,108,Probe,2.401167,21.0,108.0,,,,Probe,False,False,0,history0
par,Write Repair,109,109,Update,2.118292,21.0,,,,,Update,False,False,0,history0
par,Write Repair,110,110,BuildSnap,0.033542,,110.0,,,,MarkTs,False,False,0,history0
par,Write Repair,111,111,Probe,1.582625,21.0,111.0,,,,Probe,False,False,0,history0
par,Write Repair,112,112,RecentScan,60.614084,,112.0,,,,RecentScan,False,False,0,history0
par,Write Repair,113,113,Probe,2.7875,21.0,113.0,,,,Probe,False,False,0,history0
par,Write Repair,114,114,RecentScan,58.358042,,114.0,,,,RecentScan,False,False,0,history0
par,Write Repair,115,115,RecentScan,62.612417,,115.0,,,,RecentScan,False,False,0,history0
par,Write Repair,116,116,Probe,2.037959,21.0,116.0,,,,Probe,False,False,0,history0
par,Write Repair,117,117,RecentScan,60.891042,,117.0,,,,RecentScan,False,False,0,history0
par,No Repair,0,0,InitLoad,69.342041,210000.0,,,,,InitLoad,False,False,1,history0
par,No Repair,1,1,BuildSnap,0.236083,,1.0,,,,MarkTs,False,False,1,history0
par,No Repair,2,2,Update,0.025417000000000002,21.0,,,,,Update,False,False,1,history0
par,No Repair,3,3,BuildSnap,0.010625,,3.0,,,,MarkTs,False,False,1,history0
par,No Repair,4,4,RecentScan,82.472375,,4.0,,,,RecentScan,False,False,1,history0
par,No Repair,5,5,Update,0.039125,21.0,,,,,Update,False,False,1,history0
par,No Repair,6,6,RecentScan,80.932167,,6.0,,,,RecentScan,False,False,1,history0
par,No Repair,7,7,HistoryScan,76.201417,,1.0,,,,HistoryScan,True,False,1,history0
par,No Repair,8,8,Update,0.036958,21.0,,,,,Update,False,False,1,history0
par,No Repair,9,9,BuildSnap,0.016875,,9.0,,,,MarkTs,False,False,1,history0
par,No Repair,10,10,RecentScan,77.073625,,10.0,,,,RecentScan,False,False,1,history0
par,No Repair,11,11,Update,0.040834,21.0,,,,,Update,False,False,1,history0
par,No Repair,12,12,RecentScan,79.891791,,12.0,,,,RecentScan,False,False,1,history0
par,No Repair,13,13,RecentScan,78.118333,,13.0,,,,RecentScan,False,False,1,history0
par,No Repair,14,14,Probe,1.732209,21.0,14.0,,,,Probe,False,False,1,history0
par,No Repair,15,15,GbgCollect,40.943166,,1.0,,,,GbgCollect,False,False,1,history0
par,No Repair,16,16,Update,0.03325,21.0,,,,,Update,False,False,1,history0
par,No Repair,17,17,BuildSnap,0.269125,,17.0,,,,MarkTs,False,False,1,history0
par,No Repair,18,18,Update,0.024875,21.0,,,,,Update,False,False,1,history0
par,No Repair,19,19,Probe,2.78625,21.0,19.0,,,,Probe,False,False,1,history0
par,No Repair,20,20,RecentScan,76.461208,,20.0,,,,RecentScan,False,False,1,history0
par,No Repair,21,21,RecentScan,77.13125,,21.0,,,,RecentScan,False,False,1,history0
par,No Repair,22,22,RecentScan,77.317209,,22.0,,,,RecentScan,False,False,1,history0
par,No Repair,23,23,Probe,2.68,21.0,23.0,,,,Probe,False,False,1,history0
par,No Repair,24,24,Probe,2.683417,21.0,24.0,,,,Probe,False,False,1,history0
par,No Repair,25,25,Probe,3.386083,21.0,25.0,,,,Probe,False,False,1,history0
par,No Repair,26,26,RecentScan,89.418208,,26.0,,,,RecentScan,False,False,1,history0
par,No Repair,27,27,Probe,3.886291,21.0,27.0,,,,Probe,False,False,1,history0
par,No Repair,28,28,GbgCollect,41.906958,,3.0,,,,GbgCollect,False,False,1,history0
par,No Repair,29,29,RecentScan,75.657709,,29.0,,,,RecentScan,False,False,1,history0
par,No Repair,30,30,Update,0.04804099999999999,21.0,,,,,Update,False,False,1,history0
par,No Repair,31,31,BuildSnap,0.045792,,31.0,,,,MarkTs,False,False,1,history0
par,No Repair,32,32,Probe,1.774291,21.0,32.0,,,,Probe,False,False,1,history0
par,No Repair,33,33,Probe,3.340167,21.0,33.0,,,,Probe,False,False,1,history0
par,No Repair,34,34,Update,0.032125,21.0,,,,,Update,False,False,1,history0
par,No Repair,35,35,RecentScan,90.929666,,35.0,,,,RecentScan,False,False,1,history0
par,No Repair,36,36,RecentScan,83.052125,,36.0,,,,RecentScan,False,False,1,history0
par,No Repair,37,37,Update,0.039375,21.0,,,,,Update,False,False,1,history0
par,No Repair,38,38,BuildSnap,0.046125,,38.0,,,,MarkTs,False,False,1,history0
par,No Repair,39,39,GbgCollect,42.336875,,9.0,,,,GbgCollect,False,False,1,history0
par,No Repair,40,40,Probe,3.744041,21.0,40.0,,,,Probe,False,False,1,history0
par,No Repair,41,41,Update,0.029708,21.0,,,,,Update,False,False,1,history0
par,No Repair,42,42,RecentScan,77.19125,,42.0,,,,RecentScan,False,False,1,history0
par,No Repair,43,43,Probe,1.963,21.0,43.0,,,,Probe,False,False,1,history0
par,No Repair,44,44,Probe,4.425,21.0,44.0,,,,Probe,False,False,1,history0
par,No Repair,45,45,Update,0.029833,21.0,,,,,Update,False,False,1,history0
par,No Repair,46,46,BuildSnap,0.032625,,46.0,,,,MarkTs,False,False,1,history0
par,No Repair,47,47,Probe,3.393667,21.0,47.0,,,,Probe,False,False,1,history0
par,No Repair,48,48,RecentScan,78.993084,,48.0,,,,RecentScan,False,False,1,history0
par,No Repair,49,49,RecentScan,121.649292,,49.0,,,,RecentScan,False,False,1,history0
par,No Repair,50,50,Probe,4.518542,21.0,50.0,,,,Probe,False,False,1,history0
par,No Repair,51,51,RecentScan,110.729667,,51.0,,,,RecentScan,False,False,1,history0
par,No Repair,52,52,Update,0.038209,21.0,,,,,Update,False,False,1,history0
par,No Repair,53,53,Update,0.027834,21.0,,,,,Update,False,False,1,history0
par,No Repair,54,54,BuildSnap,0.49158300000000005,,54.0,,,,MarkTs,False,False,1,history0
par,No Repair,55,55,RecentScan,94.776333,,55.0,,,,RecentScan,False,False,1,history0
par,No Repair,56,56,Update,0.044667,21.0,,,,,Update,False,False,1,history0
par,No Repair,57,57,Probe,4.455042,21.0,57.0,,,,Probe,False,False,1,history0
par,No Repair,58,58,RecentScan,117.169875,,58.0,,,,RecentScan,False,False,1,history0
par,No Repair,59,59,Probe,5.882833,21.0,59.0,,,,Probe,False,False,1,history0
par,No Repair,60,60,RecentScan,80.907917,,60.0,,,,RecentScan,False,False,1,history0
par,No Repair,61,61,RecentScan,80.174,,61.0,,,,RecentScan,False,False,1,history0
par,No Repair,62,62,Probe,2.680542,21.0,62.0,,,,Probe,False,False,1,history0
par,No Repair,63,63,Probe,3.067125,21.0,63.0,,,,Probe,False,False,1,history0
par,No Repair,64,64,Probe,4.257,21.0,64.0,,,,Probe,False,False,1,history0
par,No Repair,65,65,Probe,4.221291,21.0,65.0,,,,Probe,False,False,1,history0
par,No Repair,66,66,GbgCollect,39.619834,,17.0,,,,GbgCollect,False,False,1,history0
par,No Repair,67,67,Probe,4.305917,21.0,67.0,,,,Probe,False,False,1,history0
par,No Repair,68,68,RecentScan,77.410958,,68.0,,,,RecentScan,False,False,1,history0
par,No Repair,69,69,Probe,5.074708,21.0,69.0,,,,Probe,False,False,1,history0
par,No Repair,70,70,RecentScan,76.907209,,70.0,,,,RecentScan,False,False,1,history0
par,No Repair,71,71,Probe,2.839459,21.0,71.0,,,,Probe,False,False,1,history0
par,No Repair,72,72,RecentScan,77.210375,,72.0,,,,RecentScan,False,False,1,history0
par,No Repair,73,73,Probe,4.539209,21.0,73.0,,,,Probe,False,False,1,history0
par,No Repair,74,74,Probe,4.368333,21.0,74.0,,,,Probe,False,False,1,history0
par,No Repair,75,75,GbgCollect,42.8725,,31.0,,,,GbgCollect,False,False,1,history0
par,No Repair,76,76,RecentScan,77.364958,,76.0,,,,RecentScan,False,False,1,history0
par,No Repair,77,77,RecentScan,78.353875,,77.0,,,,RecentScan,False,False,1,history0
par,No Repair,78,78,RecentScan,77.12525,,78.0,,,,RecentScan,False,False,1,history0
par,No Repair,79,79,RecentScan,76.603125,,79.0,,,,RecentScan,False,False,1,history0
par,No Repair,80,80,Probe,2.617208,21.0,80.0,,,,Probe,False,False,1,history0
par,No Repair,81,81,Update,0.030709,21.0,,,,,Update,False,False,1,history0
par,No Repair,82,82,BuildSnap,0.044458,,82.0,,,,MarkTs,False,False,1,history0
par,No Repair,83,83,Update,0.026125,21.0,,,,,Update,False,False,1,history0
par,No Repair,84,84,RecentScan,76.933166,,84.0,,,,RecentScan,False,False,1,history0
par,No Repair,85,85,RecentScan,76.504417,,85.0,,,,RecentScan,False,False,1,history0
par,No Repair,86,86,Probe,4.186167,21.0,86.0,,,,Probe,False,False,1,history0
par,No Repair,87,87,RecentScan,76.596625,,87.0,,,,RecentScan,False,False,1,history0
par,No Repair,88,88,Probe,4.031959,21.0,88.0,,,,Probe,False,False,1,history0
par,No Repair,89,89,Probe,4.146875,21.0,89.0,,,,Probe,False,False,1,history0
par,No Repair,90,90,RecentScan,76.059541,,90.0,,,,RecentScan,False,False,1,history0
par,No Repair,91,91,Update,0.04525,21.0,,,,,Update,False,False,1,history0
par,No Repair,92,92,BuildSnap,0.055416,,92.0,,,,MarkTs,False,False,1,history0
par,No Repair,93,93,Probe,2.483417,21.0,93.0,,,,Probe,False,False,1,history0
par,No Repair,94,94,RecentScan,78.047959,,94.0,,,,RecentScan,False,False,1,history0
par,No Repair,95,95,Update,0.04025,21.0,,,,,Update,False,False,1,history0
par,No Repair,96,96,RecentScan,77.520625,,96.0,,,,RecentScan,False,False,1,history0
par,No Repair,97,97,Probe,2.972792,21.0,97.0,,,,Probe,False,False,1,history0
par,No Repair,98,98,Probe,4.015916,21.0,98.0,,,,Probe,False,False,1,history0
par,No Repair,99,99,RecentScan,77.982667,,99.0,,,,RecentScan,False,False,1,history0
par,No Repair,100,100,Probe,2.798958,21.0,100.0,,,,Probe,False,False,1,history0
par,No Repair,101,101,RecentScan,78.998959,,101.0,,,,RecentScan,False,False,1,history0
par,No Repair,102,102,Probe,4.699084,21.0,102.0,,,,Probe,False,False,1,history0
par,No Repair,103,103,RecentScan,77.935875,,103.0,,,,RecentScan,False,False,1,history0
par,No Repair,104,104,Update,0.03825,21.0,,,,,Update,False,False,1,history0
par,No Repair,105,105,BuildSnap,0.05675,,105.0,,,,MarkTs,False,False,1,history0
par,No Repair,106,106,Probe,2.4055,21.0,106.0,,,,Probe,False,False,1,history0
par,No Repair,107,107,Update,0.023334,21.0,,,,,Update,False,False,1,history0
par,No Repair,108,108,Probe,3.535625,21.0,108.0,,,,Probe,False,False,1,history0
par,No Repair,109,109,Update,0.026042000000000003,21.0,,,,,Update,False,False,1,history0
par,No Repair,110,110,BuildSnap,0.03025,,110.0,,,,MarkTs,False,False,1,history0
par,No Repair,111,111,Probe,2.426791,21.0,111.0,,,,Probe,False,False,1,history0
par,No Repair,112,112,RecentScan,77.219333,,112.0,,,,RecentScan,False,False,1,history0
par,No Repair,113,113,Probe,3.608417,21.0,113.0,,,,Probe,False,False,1,history0
par,No Repair,114,114,RecentScan,77.221875,,114.0,,,,RecentScan,False,False,1,history0
par,No Repair,115,115,RecentScan,77.892084,,115.0,,,,RecentScan,False,False,1,history0
par,No Repair,116,116,Probe,2.770583,21.0,116.0,,,,Probe,False,False,1,history0
par,No Repair,117,117,RecentScan,77.189208,,117.0,,,,RecentScan,False,False,1,history0
par,Read Repair,0,0,InitLoad,69.600125,210000.0,,,,,InitLoad,False,False,1,history0
par,Read Repair,1,1,BuildSnap,0.202542,,1.0,,,,MarkTs,False,False,1,history0
par,Read Repair,2,2,Update,0.026708,21.0,,,,,Update,False,False,1,history0
par,Read Repair,3,3,BuildSnap,0.01075,,3.0,,,,MarkTs,False,False,1,history0
par,Read Repair,4,4,RecentScan,110.905791,,4.0,,,,RecentScan,False,False,1,history0
par,Read Repair,5,5,Update,0.0225,21.0,,,,,Update,False,False,1,history0
par,Read Repair,6,6,RecentScan,108.369959,,6.0,,,,RecentScan,False,False,1,history0
par,Read Repair,7,7,HistoryScan,59.541542,,1.0,,,,HistoryScan,True,False,1,history0
par,Read Repair,8,8,Update,0.034875,21.0,,,,,Update,False,False,1,history0
par,Read Repair,9,9,BuildSnap,0.015208000000000001,,9.0,,,,MarkTs,False,False,1,history0
par,Read Repair,10,10,RecentScan,106.51025,,10.0,,,,RecentScan,False,False,1,history0
par,Read Repair,11,11,Update,0.0415,21.0,,,,,Update,False,False,1,history0
par,Read Repair,12,12,RecentScan,107.8265,,12.0,,,,RecentScan,False,False,1,history0
par,Read Repair,13,13,RecentScan,60.792334,,13.0,,,,RecentScan,False,False,1,history0
par,Read Repair,14,14,Probe,1.235375,21.0,14.0,,,,Probe,False,False,1,history0
par,Read Repair,15,15,GbgCollect,41.167875,,1.0,,,,GbgCollect,False,False,1,history0
par,Read Repair,16,16,Update,0.028332999999999997,21.0,,,,,Update,False,False,1,history0
par,Read Repair,17,17,BuildSnap,0.217917,,17.0,,,,MarkTs,False,False,1,history0
par,Read Repair,18,18,Update,0.025582999999999998,21.0,,,,,Update,False,False,1,history0
par,Read Repair,19,19,Probe,2.904375,21.0,19.0,,,,Probe,False,False,1,history0
par,Read Repair,20,20,RecentScan,104.657333,,20.0,,,,RecentScan,False,False,1,history0
par,Read Repair,21,21,RecentScan,60.199709,,21.0,,,,RecentScan,False,False,1,history0
par,Read Repair,22,22,RecentScan,60.358084,,22.0,,,,RecentScan,False,False,1,history0
par,Read Repair,23,23,Probe,2.095458,21.0,23.0,,,,Probe,False,False,1,history0
par,Read Repair,24,24,Probe,1.796458,21.0,24.0,,,,Probe,False,False,1,history0
par,Read Repair,25,25,Probe,2.40275,21.0,25.0,,,,Probe,False,False,1,history0
par,Read Repair,26,26,RecentScan,58.461667,,26.0,,,,RecentScan,False,False,1,history0
par,Read Repair,27,27,Probe,3.224,21.0,27.0,,,,Probe,False,False,1,history0
par,Read Repair,28,28,GbgCollect,42.289708,,3.0,,,,GbgCollect,False,False,1,history0
par,Read Repair,29,29,RecentScan,62.821958,,29.0,,,,RecentScan,False,False,1,history0
par,Read Repair,30,30,Update,0.04275,21.0,,,,,Update,False,False,1,history0
par,Read Repair,31,31,BuildSnap,0.043417000000000004,,31.0,,,,MarkTs,False,False,1,history0
par,Read Repair,32,32,Probe,2.487041,21.0,32.0,,,,Probe,False,False,1,history0
par,Read Repair,33,33,Probe,4.154125,21.0,33.0,,,,Probe,False,False,1,history0
par,Read Repair,34,34,Update,0.035042000000000004,21.0,,,,,Update,False,False,1,history0
par,Read Repair,35,35,RecentScan,112.879667,,35.0,,,,RecentScan,False,False,1,history0
par,Read Repair,36,36,RecentScan,59.265542,,36.0,,,,RecentScan,False,False,1,history0
par,Read Repair,37,37,Update,0.024917,21.0,,,,,Update,False,False,1,history0
par,Read Repair,38,38,BuildSnap,0.044292000000000005,,38.0,,,,MarkTs,False,False,1,history0
par,Read Repair,39,39,GbgCollect,41.9465,,9.0,,,,GbgCollect,False,False,1,history0
par,Read Repair,40,40,Probe,3.484583,21.0,40.0,,,,Probe,False,False,1,history0
par,Read Repair,41,41,Update,0.031125,21.0,,,,,Update,False,False,1,history0
par,Read Repair,42,42,RecentScan,105.130125,,42.0,,,,RecentScan,False,False,1,history0
par,Read Repair,43,43,Probe,1.557541,21.0,43.0,,,,Probe,False,False,1,history0
par,Read Repair,44,44,Probe,3.717916,21.0,44.0,,,,Probe,False,False,1,history0
par,Read Repair,45,45,Update,0.020457999999999997,21.0,,,,,Update,False,False,1,history0
par,Read Repair,46,46,BuildSnap,0.03875,,46.0,,,,MarkTs,False,False,1,history0
par,Read Repair,47,47,Probe,3.703041,21.0,47.0,,,,Probe,False,False,1,history0
par,Read Repair,48,48,RecentScan,106.019792,,48.0,,,,RecentScan,False,False,1,history0
par,Read Repair,49,49,RecentScan,58.974208,,49.0,,,,RecentScan,False,False,1,history0
par,Read Repair,50,50,Probe,2.9335,21.0,50.0,,,,Probe,False,False,1,history0
par,Read Repair,51,51,RecentScan,58.833917,,51.0,,,,RecentScan,False,False,1,history0
par,Read Repair,52,52,Update,0.043332999999999997,21.0,,,,,Update,False,False,1,history0
par,Read Repair,53,53,Update,0.025542000000000002,21.0,,,,,Update,False,False,1,history0
par,Read Repair,54,54,BuildSnap,0.4245,,54.0,,,,MarkTs,False,False,1,history0
par,Read Repair,55,55,RecentScan,107.442458,,55.0,,,,RecentScan,False,False,1,history0
par,Read Repair,56,56,Update,0.043040999999999996,21.0,,,,,Update,False,False,1,history0
par,Read Repair,57,57,Probe,3.627792,21.0,57.0,,,,Probe,False,False,1,history0
par,Read Repair,58,58,RecentScan,106.04825,,58.0,,,,RecentScan,False,False,1,history0
par,Read Repair,59,59,Probe,4.936083,21.0,59.0,,,,Probe,False,False,1,history0
par,Read Repair,60,60,RecentScan,62.050166,,60.0,,,,RecentScan,False,False,1,history0
par,Read Repair,61,61,RecentScan,62.37225,,61.0,,,,RecentScan,False,False,1,history0
par,Read Repair,62,62,Probe,2.272292,21.0,62.0,,,,Probe,False,False,1,history0
par,Read Repair,63,63,Probe,2.563459,21.0,63.0,,,,Probe,False,False,1,history0
par,Read Repair,64,64,Probe,2.92275,21.0,64.0,,,,Probe,False,False,1,history0
par,Read Repair,65,65,Probe,3.2665,21.0,65.0,,,,Probe,False,False,1,history0
par,Read Repair,66,66,GbgCollect,43.203708,,17.0,,,,GbgCollect,False,False,1,history0
par,Read Repair,67,67,Probe,3.155875,21.0,67.0,,,,Probe,False,False,1,history0
par,Read Repair,68,68,RecentScan,61.607875,,68.0,,,,RecentScan,False,False,1,history0
par,Read Repair,69,69,Probe,3.997625,21.0,69.0,,,,Probe,False,False,1,history0
par,Read Repair,70,70,RecentScan,64.822834,,70.0,,,,RecentScan,False,False,1,history0
par,Read Repair,71,71,Probe,2.271041,21.0,71.0,,,,Probe,False,False,1,history0
par,Read Repair,72,72,RecentScan,62.738,,72.0,,,,RecentScan,False,False,1,history0
par,Read Repair,73,73,Probe,4.0875,21.0,73.0,,,,Probe,False,False,1,history0
par,Read Repair,74,74,Probe,3.666416,21.0,74.0,,,,Probe,False,False,1,history0
par,Read Repair,75,75,GbgCollect,44.316417,,31.0,,,,GbgCollect,False,False,1,history0
par,Read Repair,76,76,RecentScan,64.338417,,76.0,,,,RecentScan,False,False,1,history0
par,Read Repair,77,77,RecentScan,65.14525,,77.0,,,,RecentScan,False,False,1,history0
par,Read Repair,78,78,RecentScan,61.368584,,78.0,,,,RecentScan,False,False,1,history0
par,Read Repair,79,79,RecentScan,61.508833,,79.0,,,,RecentScan,False,False,1,history0
par,Read Repair,80,80,Probe,2.597584,21.0,80.0,,,,Probe,False,False,1,history0
par,Read Repair,81,81,Update,0.032542,21.0,,,,,Update,False,False,1,history0
par,Read Repair,82,82,BuildSnap,0.048292,,82.0,,,,MarkTs,False,False,1,history0
par,Read Repair,83,83,Update,0.024332999999999997,21.0,,,,,Update,False,False,1,history0
par,Read Repair,84,84,RecentScan,131.92025,,84.0,,,,RecentScan,False,False,1,history0
par,Read Repair,85,85,RecentScan,66.514875,,85.0,,,,RecentScan,False,False,1,history0
par,Read Repair,86,86,Probe,3.282084,21.0,86.0,,,,Probe,False,False,1,history0
par,Read Repair,87,87,RecentScan,81.0035,,87.0,,,,RecentScan,False,False,1,history0
par,Read Repair,88,88,Probe,3.192166,21.0,88.0,,,,Probe,False,False,1,history0
par,Read Repair,89,89,Probe,3.315042,21.0,89.0,,,,Probe,False,False,1,history0
par,Read Repair,90,90,RecentScan,73.579375,,90.0,,,,RecentScan,False,False,1,history0
par,Read Repair,91,91,Update,0.042459000000000004,21.0,,,,,Update,False,False,1,history0
par,Read Repair,92,92,BuildSnap,0.047041,,92.0,,,,MarkTs,False,False,1,history0
par,Read Repair,93,93,Probe,3.3155,21.0,93.0,,,,Probe,False,False,1,history0
par,Read Repair,94,94,RecentScan,130.609083,,94.0,,,,RecentScan,False,False,1,history0
par,Read Repair,95,95,Update,0.043332999999999997,21.0,,,,,Update,False,False,1,history0
par,Read Repair,96,96,RecentScan,133.393,,96.0,,,,RecentScan,False,False,1,history0
par,Read Repair,97,97,Probe,3.687,21.0,97.0,,,,Probe,False,False,1,history0
par,Read Repair,98,98,Probe,6.6805,21.0,98.0,,,,Probe,False,False,1,history0
par,Read Repair,99,99,RecentScan,73.629958,,99.0,,,,RecentScan,False,False,1,history0
par,Read Repair,100,100,Probe,2.953375,21.0,100.0,,,,Probe,False,False,1,history0
par,Read Repair,101,101,RecentScan,92.869375,,101.0,,,,RecentScan,False,False,1,history0
par,Read Repair,102,102,Probe,3.660375,21.0,102.0,,,,Probe,False,False,1,history0
par,Read Repair,103,103,RecentScan,65.130041,,103.0,,,,RecentScan,False,False,1,history0
par,Read Repair,104,104,Update,0.034875,21.0,,,,,Update,False,False,1,history0
par,Read Repair,105,105,BuildSnap,0.050957999999999996,,105.0,,,,MarkTs,False,False,1,history0
par,Read Repair,106,106,Probe,2.54725,21.0,106.0,,,,Probe,False,False,1,history0
par,Read Repair,107,107,Update,0.018834,21.0,,,,,Update,False,False,1,history0
par,Read Repair,108,108,Probe,3.773333,21.0,108.0,,,,Probe,False,False,1,history0
par,Read Repair,109,109,Update,0.030958,21.0,,,,,Update,False,False,1,history0
par,Read Repair,110,110,BuildSnap,0.049125,,110.0,,,,MarkTs,False,False,1,history0
par,Read Repair,111,111,Probe,2.692625,21.0,111.0,,,,Probe,False,False,1,history0
par,Read Repair,112,112,RecentScan,117.276125,,112.0,,,,RecentScan,False,False,1,history0
par,Read Repair,113,113,Probe,2.917542,21.0,113.0,,,,Probe,False,False,1,history0
par,Read Repair,114,114,RecentScan,59.900042,,114.0,,,,RecentScan,False,False,1,history0
par,Read Repair,115,115,RecentScan,60.485834,,115.0,,,,RecentScan,False,False,1,history0
par,Read Repair,116,116,Probe,2.499375,21.0,116.0,,,,Probe,False,False,1,history0
par,Read Repair,117,117,RecentScan,59.899083,,117.0,,,,RecentScan,False,False,1,history0
par,Write Repair,0,0,InitLoad,77.488875,210000.0,,,,,InitLoad,False,False,1,history0
par,Write Repair,1,1,BuildSnap,0.24854099999999998,,1.0,,,,MarkTs,False,False,1,history0
par,Write Repair,2,2,Update,4.755417,21.0,,,,,Update,False,False,1,history0
par,Write Repair,3,3,BuildSnap,0.01475,,3.0,,,,MarkTs,False,False,1,history0
par,Write Repair,4,4,RecentScan,62.609166,,4.0,,,,RecentScan,False,False,1,history0
par,Write Repair,5,5,Update,3.972666,21.0,,,,,Update,False,False,1,history0
par,Write Repair,6,6,RecentScan,65.060667,,6.0,,,,RecentScan,False,False,1,history0
par,Write Repair,7,7,HistoryScan,65.277375,,1.0,,,,HistoryScan,True,False,1,history0
par,Write Repair,8,8,Update,4.012375,21.0,,,,,Update,False,False,1,history0
par,Write Repair,9,9,BuildSnap,0.015417,,9.0,,,,MarkTs,False,False,1,history0
par,Write Repair,10,10,RecentScan,65.139375,,10.0,,,,RecentScan,False,False,1,history0
par,Write Repair,11,11,Update,3.854167,21.0,,,,,Update,False,False,1,history0
par,Write Repair,12,12,RecentScan,59.413917,,12.0,,,,RecentScan,False,False,1,history0
par,Write Repair,13,13,RecentScan,61.4785,,13.0,,,,RecentScan,False,False,1,history0
par,Write Repair,14,14,Probe,1.907167,21.0,14.0,,,,Probe,False,False,1,history0
par,Write Repair,15,15,GbgCollect,44.428959,,1.0,,,,GbgCollect,False,False,1,history0
par,Write Repair,16,16,Update,3.284458,21.0,,,,,Update,False,False,1,history0
par,Write Repair,17,17,BuildSnap,0.296417,,17.0,,,,MarkTs,False,False,1,history0
par,Write Repair,18,18,Update,3.20925,21.0,,,,,Update,False,False,1,history0
par,Write Repair,19,19,Probe,2.376667,21.0,19.0,,,,Probe,False,False,1,history0
par,Write Repair,20,20,RecentScan,62.334167,,20.0,,,,RecentScan,False,False,1,history0
par,Write Repair,21,21,RecentScan,61.588833,,21.0,,,,RecentScan,False,False,1,history0
par,Write Repair,22,22,RecentScan,61.026417,,22.0,,,,RecentScan,False,False,1,history0
par,Write Repair,23,23,Probe,2.536709,21.0,23.0,,,,Probe,False,False,1,history0
par,Write Repair,24,24,Probe,1.917875,21.0,24.0,,,,Probe,False,False,1,history0
par,Write Repair,25,25,Probe,2.557958,21.0,25.0,,,,Probe,False,False,1,history0
par,Write Repair,26,26,RecentScan,61.346125,,26.0,,,,RecentScan,False,False,1,history0
par,Write Repair,27,27,Probe,3.141625,21.0,27.0,,,,Probe,False,False,1,history0
par,Write Repair,28,28,GbgCollect,44.208375,,3.0,,,,GbgCollect,False,False,1,history0
par,Write Repair,29,29,RecentScan,58.394375,,29.0,,,,RecentScan,False,False,1,history0
par,Write Repair,30,30,Update,3.52525,21.0,,,,,Update,False,False,1,history0
par,Write Repair,31,31,BuildSnap,0.038333,,31.0,,,,MarkTs,False,False,1,history0
par,Write Repair,32,32,Probe,1.309292,21.0,32.0,,,,Probe,False,False,1,history0
par,Write Repair,33,33,Probe,2.569583,21.0,33.0,,,,Probe,False,False,1,history0
par,Write Repair,34,34,Update,3.446958,21.0,,,,,Update,False,False,1,history0
par,Write Repair,35,35,RecentScan,61.471416,,35.0,,,,RecentScan,False,False,1,history0
par,Write Repair,36,36,RecentScan,58.769291,,36.0,,,,RecentScan,False,False,1,history0
par,Write Repair,37,37,Update,3.617125,21.0,,,,,Update,False,False,1,history0
par,Write Repair,38,38,BuildSnap,0.036792,,38.0,,,,MarkTs,False,False,1,history0
par,Write Repair,39,39,GbgCollect,45.797084,,9.0,,,,GbgCollect,False,False,1,history0
par,Write Repair,40,40,Probe,3.141708,21.0,40.0,,,,Probe,False,False,1,history0
par,Write Repair,41,41,Update,3.743666,21.0,,,,,Update,False,False,1,history0
par,Write Repair,42,42,RecentScan,62.795167,,42.0,,,,RecentScan,False,False,1,history0
par,Write Repair,43,43,Probe,1.582083,21.0,43.0,,,,Probe,False,False,1,history0
par,Write Repair,44,44,Probe,3.70525,21.0,44.0,,,,Probe,False,False,1,history0
par,Write Repair,45,45,Update,3.21525,21.0,,,,,Update,False,False,1,history0
par,Write Repair,46,46,BuildSnap,0.032042,,46.0,,,,MarkTs,False,False,1,history0
par,Write Repair,47,47,Probe,2.944584,21.0,47.0,,,,Probe,False,False,1,history0
par,Write Repair,48,48,RecentScan,60.666167,,48.0,,,,RecentScan,False,False,1,history0
par,Write Repair,49,49,RecentScan,59.416416,,49.0,,,,RecentScan,False,False,1,history0
par,Write Repair,50,50,Probe,2.89975,21.0,50.0,,,,Probe,False,False,1,history0
par,Write Repair,51,51,RecentScan,61.08375,,51.0,,,,RecentScan,False,False,1,history0
par,Write Repair,52,52,Update,3.74575,21.0,,,,,Update,False,False,1,history0
par,Write Repair,53,53,Update,3.31025,21.0,,,,,Update,False,False,1,history0
par,Write Repair,54,54,BuildSnap,0.531417,,54.0,,,,MarkTs,False,False,1,history0
par,Write Repair,55,55,RecentScan,61.889042,,55.0,,,,RecentScan,False,False,1,history0
par,Write Repair,56,56,Update,3.440958,21.0,,,,,Update,False,False,1,history0
par,Write Repair,57,57,Probe,2.652166,21.0,57.0,,,,Probe,False,False,1,history0
par,Write Repair,58,58,RecentScan,60.020834,,58.0,,,,RecentScan,False,False,1,history0
par,Write Repair,59,59,Probe,4.515125,21.0,59.0,,,,Probe,False,False,1,history0
par,Write Repair,60,60,RecentScan,58.871042,,60.0,,,,RecentScan,False,False,1,history0
par,Write Repair,61,61,RecentScan,63.632875,,61.0,,,,RecentScan,False,False,1,history0
par,Write Repair,62,62,Probe,2.574834,21.0,62.0,,,,Probe,False,False,1,history0
par,Write Repair,63,63,Probe,2.546833,21.0,63.0,,,,Probe,False,False,1,history0
par,Write Repair,64,64,Probe,2.863541,21.0,64.0,,,,Probe,False,False,1,history0
par,Write Repair,65,65,Probe,3.232083,21.0,65.0,,,,Probe,False,False,1,history0
par,Write Repair,66,66,GbgCollect,44.197875,,17.0,,,,GbgCollect,False,False,1,history0
par,Write Repair,67,67,Probe,3.27525,21.0,67.0,,,,Probe,False,False,1,history0
par,Write Repair,68,68,RecentScan,63.179333,,68.0,,,,RecentScan,False,False,1,history0
par,Write Repair,69,69,Probe,3.75925,21.0,69.0,,,,Probe,False,False,1,history0
par,Write Repair,70,70,RecentScan,62.085875,,70.0,,,,RecentScan,False,False,1,history0
par,Write Repair,71,71,Probe,2.472,21.0,71.0,,,,Probe,False,False,1,history0
par,Write Repair,72,72,RecentScan,61.861167,,72.0,,,,RecentScan,False,False,1,history0
par,Write Repair,73,73,Probe,3.500833,21.0,73.0,,,,Probe,False,False,1,history0
par,Write Repair,74,74,Probe,3.405,21.0,74.0,,,,Probe,False,False,1,history0
par,Write Repair,75,75,GbgCollect,43.776208,,31.0,,,,GbgCollect,False,False,1,history0
par,Write Repair,76,76,RecentScan,60.326,,76.0,,,,RecentScan,False,False,1,history0
par,Write Repair,77,77,RecentScan,61.524333,,77.0,,,,RecentScan,False,False,1,history0
par,Write Repair,78,78,RecentScan,63.534417,,78.0,,,,RecentScan,False,False,1,history0
par,Write Repair,79,79,RecentScan,61.836375,,79.0,,,,RecentScan,False,False,1,history0
par,Write Repair,80,80,Probe,2.244041,21.0,80.0,,,,Probe,False,False,1,history0
par,Write Repair,81,81,Update,3.475666,21.0,,,,,Update,False,False,1,history0
par,Write Repair,82,82,BuildSnap,0.038417,,82.0,,,,MarkTs,False,False,1,history0
par,Write Repair,83,83,Update,2.574667,21.0,,,,,Update,False,False,1,history0
par,Write Repair,84,84,RecentScan,61.563,,84.0,,,,RecentScan,False,False,1,history0
par,Write Repair,85,85,RecentScan,61.5425,,85.0,,,,RecentScan,False,False,1,history0
par,Write Repair,86,86,Probe,3.327958,21.0,86.0,,,,Probe,False,False,1,history0
par,Write Repair,87,87,RecentScan,62.572542,,87.0,,,,RecentScan,False,False,1,history0
par,Write Repair,88,88,Probe,3.103959,21.0,88.0,,,,Probe,False,False,1,history0
par,Write Repair,89,89,Probe,3.328125,21.0,89.0,,,,Probe,False,False,1,history0
par,Write Repair,90,90,RecentScan,58.62975,,90.0,,,,RecentScan,False,False,1,history0
par,Write Repair,91,91,Update,3.55625,21.0,,,,,Update,False,False,1,history0
par,Write Repair,92,92,BuildSnap,0.039375,,92.0,,,,MarkTs,False,False,1,history0
par,Write Repair,93,93,Probe,1.847292,21.0,93.0,,,,Probe,False,False,1,history0
par,Write Repair,94,94,RecentScan,64.31975,,94.0,,,,RecentScan,False,False,1,history0
par,Write Repair,95,95,Update,3.593375,21.0,,,,,Update,False,False,1,history0
par,Write Repair,96,96,RecentScan,59.707791,,96.0,,,,RecentScan,False,False,1,history0
par,Write Repair,97,97,Probe,2.21325,21.0,97.0,,,,Probe,False,False,1,history0
par,Write Repair,98,98,Probe,3.01175,21.0,98.0,,,,Probe,False,False,1,history0
par,Write Repair,99,99,RecentScan,56.913542,,99.0,,,,RecentScan,False,False,1,history0
par,Write Repair,100,100,Probe,2.1355,21.0,100.0,,,,Probe,False,False,1,history0
par,Write Repair,101,101,RecentScan,58.937666,,101.0,,,,RecentScan,False,False,1,history0
par,Write Repair,102,102,Probe,3.563083,21.0,102.0,,,,Probe,False,False,1,history0
par,Write Repair,103,103,RecentScan,57.812917,,103.0,,,,RecentScan,False,False,1,history0
par,Write Repair,104,104,Update,3.698542,21.0,,,,,Update,False,False,1,history0
par,Write Repair,105,105,BuildSnap,0.048792,,105.0,,,,MarkTs,False,False,1,history0
par,Write Repair,106,106,Probe,1.829917,21.0,106.0,,,,Probe,False,False,1,history0
par,Write Repair,107,107,Update,3.344125,21.0,,,,,Update,False,False,1,history0
par,Write Repair,108,108,Probe,2.556042,21.0,108.0,,,,Probe,False,False,1,history0
par,Write Repair,109,109,Update,2.961333,21.0,,,,,Update,False,False,1,history0
par,Write Repair,110,110,BuildSnap,0.0395,,110.0,,,,MarkTs,False,False,1,history0
par,Write Repair,111,111,Probe,1.741541,21.0,111.0,,,,Probe,False,False,1,history0
par,Write Repair,112,112,RecentScan,58.598291,,112.0,,,,RecentScan,False,False,1,history0
par,Write Repair,113,113,Probe,2.717084,21.0,113.0,,,,Probe,False,False,1,history0
par,Write Repair,114,114,RecentScan,60.13275,,114.0,,,,RecentScan,False,False,1,history0
par,Write Repair,115,115,RecentScan,59.691625,,115.0,,,,RecentScan,False,False,1,history0
par,Write Repair,116,116,Probe,2.257041,21.0,116.0,,,,Probe,False,False,1,history0
par,Write Repair,117,117,RecentScan,60.884917,,117.0,,,,RecentScan,False,False,1,history0
par,No Repair,0,0,InitLoad,68.843917,210000.0,,,,,InitLoad,False,False,2,history0
par,No Repair,1,1,BuildSnap,0.223208,,1.0,,,,MarkTs,False,False,2,history0
par,No Repair,2,2,Update,0.02625,21.0,,,,,Update,False,False,2,history0
par,No Repair,3,3,BuildSnap,0.013083000000000001,,3.0,,,,MarkTs,False,False,2,history0
par,No Repair,4,4,RecentScan,84.630291,,4.0,,,,RecentScan,False,False,2,history0
par,No Repair,5,5,Update,0.053125,21.0,,,,,Update,False,False,2,history0
par,No Repair,6,6,RecentScan,81.287166,,6.0,,,,RecentScan,False,False,2,history0
par,No Repair,7,7,HistoryScan,75.7985,,1.0,,,,HistoryScan,True,False,2,history0
par,No Repair,8,8,Update,0.040790999999999994,21.0,,,,,Update,False,False,2,history0
par,No Repair,9,9,BuildSnap,0.017167,,9.0,,,,MarkTs,False,False,2,history0
par,No Repair,10,10,RecentScan,72.967834,,10.0,,,,RecentScan,False,False,2,history0
par,No Repair,11,11,Update,0.043916,21.0,,,,,Update,False,False,2,history0
par,No Repair,12,12,RecentScan,74.958167,,12.0,,,,RecentScan,False,False,2,history0
par,No Repair,13,13,RecentScan,76.694667,,13.0,,,,RecentScan,False,False,2,history0
par,No Repair,14,14,Probe,1.594041,21.0,14.0,,,,Probe,False,False,2,history0
par,No Repair,15,15,GbgCollect,42.710125,,1.0,,,,GbgCollect,False,False,2,history0
par,No Repair,16,16,Update,0.029209,21.0,,,,,Update,False,False,2,history0
par,No Repair,17,17,BuildSnap,0.210125,,17.0,,,,MarkTs,False,False,2,history0
par,No Repair,18,18,Update,0.029292000000000002,21.0,,,,,Update,False,False,2,history0
par,No Repair,19,19,Probe,2.887959,21.0,19.0,,,,Probe,False,False,2,history0
par,No Repair,20,20,RecentScan,76.752041,,20.0,,,,RecentScan,False,False,2,history0
par,No Repair,21,21,RecentScan,77.912084,,21.0,,,,RecentScan,False,False,2,history0
par,No Repair,22,22,RecentScan,77.843,,22.0,,,,RecentScan,False,False,2,history0
par,No Repair,23,23,Probe,2.551375,21.0,23.0,,,,Probe,False,False,2,history0
par,No Repair,24,24,Probe,2.330167,21.0,24.0,,,,Probe,False,False,2,history0
par,No Repair,25,25,Probe,3.216292,21.0,25.0,,,,Probe,False,False,2,history0
par,No Repair,26,26,RecentScan,77.449458,,26.0,,,,RecentScan,False,False,2,history0
par,No Repair,27,27,Probe,3.365333,21.0,27.0,,,,Probe,False,False,2,history0
par,No Repair,28,28,GbgCollect,40.569,,3.0,,,,GbgCollect,False,False,2,history0
par,No Repair,29,29,RecentScan,75.94875,,29.0,,,,RecentScan,False,False,2,history0
par,No Repair,30,30,Update,0.038542,21.0,,,,,Update,False,False,2,history0
par,No Repair,31,31,BuildSnap,0.041790999999999995,,31.0,,,,MarkTs,False,False,2,history0
par,No Repair,32,32,Probe,1.784916,21.0,32.0,,,,Probe,False,False,2,history0
par,No Repair,33,33,Probe,3.21575,21.0,33.0,,,,Probe,False,False,2,history0
par,No Repair,34,34,Update,0.027042,21.0,,,,,Update,False,False,2,history0
par,No Repair,35,35,RecentScan,75.23675,,35.0,,,,RecentScan,False,False,2,history0
par,No Repair,36,36,RecentScan,76.66175,,36.0,,,,RecentScan,False,False,2,history0
par,No Repair,37,37,Update,0.041625,21.0,,,,,Update,False,False,2,history0
par,No Repair,38,38,BuildSnap,0.04175,,38.0,,,,MarkTs,False,False,2,history0
par,No Repair,39,39,GbgCollect,41.772625,,9.0,,,,GbgCollect,False,False,2,history0
par,No Repair,40,40,Probe,3.611209,21.0,40.0,,,,Probe,False,False,2,history0
par,No Repair,41,41,Update,0.032459,21.0,,,,,Update,False,False,2,history0
par,No Repair,42,42,RecentScan,77.755625,,42.0,,,,RecentScan,False,False,2,history0
par,No Repair,43,43,Probe,1.965583,21.0,43.0,,,,Probe,False,False,2,history0
par,No Repair,44,44,Probe,4.439417,21.0,44.0,,,,Probe,False,False,2,history0
par,No Repair,45,45,Update,0.03225,21.0,,,,,Update,False,False,2,history0
par,No Repair,46,46,BuildSnap,0.040333,,46.0,,,,MarkTs,False,False,2,history0
par,No Repair,47,47,Probe,3.707666,21.0,47.0,,,,Probe,False,False,2,history0
par,No Repair,48,48,RecentScan,76.420959,,48.0,,,,RecentScan,False,False,2,history0
par,No Repair,49,49,RecentScan,76.927417,,49.0,,,,RecentScan,False,False,2,history0
par,No Repair,50,50,Probe,3.36875,21.0,50.0,,,,Probe,False,False,2,history0
par,No Repair,51,51,RecentScan,75.486208,,51.0,,,,RecentScan,False,False,2,history0
par,No Repair,52,52,Update,0.042209,21.0,,,,,Update,False,False,2,history0
par,No Repair,53,53,Update,0.026292000000000003,21.0,,,,,Update,False,False,2,history0
par,No Repair,54,54,BuildSnap,0.245917,,54.0,,,,MarkTs,False,False,2,history0
par,No Repair,55,55,RecentScan,76.303541,,55.0,,,,RecentScan,False,False,2,history0
par,No Repair,56,56,Update,0.042625,21.0,,,,,Update,False,False,2,history0
par,No Repair,57,57,Probe,3.421542,21.0,57.0,,,,Probe,False,False,2,history0
par,No Repair,58,58,RecentScan,76.898584,,58.0,,,,RecentScan,False,False,2,history0
par,No Repair,59,59,Probe,5.723166,21.0,59.0,,,,Probe,False,False,2,history0
par,No Repair,60,60,RecentScan,76.22725,,60.0,,,,RecentScan,False,False,2,history0
par,No Repair,61,61,RecentScan,76.184208,,61.0,,,,RecentScan,False,False,2,history0
par,No Repair,62,62,Probe,2.818958,21.0,62.0,,,,Probe,False,False,2,history0
par,No Repair,63,63,Probe,3.162333,21.0,63.0,,,,Probe,False,False,2,history0
par,No Repair,64,64,Probe,3.751625,21.0,64.0,,,,Probe,False,False,2,history0
par,No Repair,65,65,Probe,5.086708,21.0,65.0,,,,Probe,False,False,2,history0
par,No Repair,66,66,GbgCollect,42.346834,,17.0,,,,GbgCollect,False,False,2,history0
par,No Repair,67,67,Probe,3.946791,21.0,67.0,,,,Probe,False,False,2,history0
par,No Repair,68,68,RecentScan,75.634208,,68.0,,,,RecentScan,False,False,2,history0
par,No Repair,69,69,Probe,5.393125,21.0,69.0,,,,Probe,False,False,2,history0
par,No Repair,70,70,RecentScan,76.061875,,70.0,,,,RecentScan,False,False,2,history0
par,No Repair,71,71,Probe,2.978334,21.0,71.0,,,,Probe,False,False,2,history0
par,No Repair,72,72,RecentScan,76.113125,,72.0,,,,RecentScan,False,False,2,history0
par,No Repair,73,73,Probe,4.684208,21.0,73.0,,,,Probe,False,False,2,history0
par,No Repair,74,74,Probe,4.541375,21.0,74.0,,,,Probe,False,False,2,history0
par,No Repair,75,75,GbgCollect,42.054959,,31.0,,,,GbgCollect,False,False,2,history0
par,No Repair,76,76,RecentScan,76.213125,,76.0,,,,RecentScan,False,False,2,history0
par,No Repair,77,77,RecentScan,76.739083,,77.0,,,,RecentScan,False,False,2,history0
par,No Repair,78,78,RecentScan,76.236583,,78.0,,,,RecentScan,False,False,2,history0
par,No Repair,79,79,RecentScan,76.520167,,79.0,,,,RecentScan,False,False,2,history0
par,No Repair,80,80,Probe,2.498041,21.0,80.0,,,,Probe,False,False,2,history0
par,No Repair,81,81,Update,0.038417,21.0,,,,,Update,False,False,2,history0
par,No Repair,82,82,BuildSnap,0.046792,,82.0,,,,MarkTs,False,False,2,history0
par,No Repair,83,83,Update,0.032833,21.0,,,,,Update,False,False,2,history0
par,No Repair,84,84,RecentScan,76.305625,,84.0,,,,RecentScan,False,False,2,history0
par,No Repair,85,85,RecentScan,76.682917,,85.0,,,,RecentScan,False,False,2,history0
par,No Repair,86,86,Probe,3.554,21.0,86.0,,,,Probe,False,False,2,history0
par,No Repair,87,87,RecentScan,75.731625,,87.0,,,,RecentScan,False,False,2,history0
par,No Repair,88,88,Probe,3.661125,21.0,88.0,,,,Probe,False,False,2,history0
par,No Repair,89,89,Probe,3.890167,21.0,89.0,,,,Probe,False,False,2,history0
par,No Repair,90,90,RecentScan,76.245584,,90.0,,,,RecentScan,False,False,2,history0
par,No Repair,91,91,Update,0.041375,21.0,,,,,Update,False,False,2,history0
par,No Repair,92,92,BuildSnap,0.060583,,92.0,,,,MarkTs,False,False,2,history0
par,No Repair,93,93,Probe,2.385,21.0,93.0,,,,Probe,False,False,2,history0
par,No Repair,94,94,RecentScan,77.28425,,94.0,,,,RecentScan,False,False,2,history0
par,No Repair,95,95,Update,0.046042,21.0,,,,,Update,False,False,2,history0
par,No Repair,96,96,RecentScan,77.962667,,96.0,,,,RecentScan,False,False,2,history0
par,No Repair,97,97,Probe,3.052875,21.0,97.0,,,,Probe,False,False,2,history0
par,No Repair,98,98,Probe,4.515542,21.0,98.0,,,,Probe,False,False,2,history0
par,No Repair,99,99,RecentScan,76.4135,,99.0,,,,RecentScan,False,False,2,history0
par,No Repair,100,100,Probe,2.6095,21.0,100.0,,,,Probe,False,False,2,history0
par,No Repair,101,101,RecentScan,76.753959,,101.0,,,,RecentScan,False,False,2,history0
par,No Repair,102,102,Probe,4.416583,21.0,102.0,,,,Probe,False,False,2,history0
par,No Repair,103,103,RecentScan,76.400333,,103.0,,,,RecentScan,False,False,2,history0
par,No Repair,104,104,Update,0.042042,21.0,,,,,Update,False,False,2,history0
par,No Repair,105,105,BuildSnap,0.060209000000000006,,105.0,,,,MarkTs,False,False,2,history0
par,No Repair,106,106,Probe,2.12225,21.0,106.0,,,,Probe,False,False,2,history0
par,No Repair,107,107,Update,0.026459,21.0,,,,,Update,False,False,2,history0
par,No Repair,108,108,Probe,3.395833,21.0,108.0,,,,Probe,False,False,2,history0
par,No Repair,109,109,Update,0.034334,21.0,,,,,Update,False,False,2,history0
par,No Repair,110,110,BuildSnap,0.031791,,110.0,,,,MarkTs,False,False,2,history0
par,No Repair,111,111,Probe,2.274916,21.0,111.0,,,,Probe,False,False,2,history0
par,No Repair,112,112,RecentScan,76.289667,,112.0,,,,RecentScan,False,False,2,history0
par,No Repair,113,113,Probe,3.607833,21.0,113.0,,,,Probe,False,False,2,history0
par,No Repair,114,114,RecentScan,76.757459,,114.0,,,,RecentScan,False,False,2,history0
par,No Repair,115,115,RecentScan,76.652791,,115.0,,,,RecentScan,False,False,2,history0
par,No Repair,116,116,Probe,2.591042,21.0,116.0,,,,Probe,False,False,2,history0
par,No Repair,117,117,RecentScan,76.784625,,117.0,,,,RecentScan,False,False,2,history0
par,Read Repair,0,0,InitLoad,68.462708,210000.0,,,,,InitLoad,False,False,2,history0
par,Read Repair,1,1,BuildSnap,0.245708,,1.0,,,,MarkTs,False,False,2,history0
par,Read Repair,2,2,Update,0.028167,21.0,,,,,Update,False,False,2,history0
par,Read Repair,3,3,BuildSnap,0.013042,,3.0,,,,MarkTs,False,False,2,history0
par,Read Repair,4,4,RecentScan,108.360292,,4.0,,,,RecentScan,False,False,2,history0
par,Read Repair,5,5,Update,0.04275,21.0,,,,,Update,False,False,2,history0
par,Read Repair,6,6,RecentScan,106.389084,,6.0,,,,RecentScan,False,False,2,history0
par,Read Repair,7,7,HistoryScan,58.123167,,1.0,,,,HistoryScan,True,False,2,history0
par,Read Repair,8,8,Update,0.023042,21.0,,,,,Update,False,False,2,history0
par,Read Repair,9,9,BuildSnap,0.01825,,9.0,,,,MarkTs,False,False,2,history0
par,Read Repair,10,10,RecentScan,104.657417,,10.0,,,,RecentScan,False,False,2,history0
par,Read Repair,11,11,Update,0.025292000000000002,21.0,,,,,Update,False,False,2,history0
par,Read Repair,12,12,RecentScan,105.709625,,12.0,,,,RecentScan,False,False,2,history0
par,Read Repair,13,13,RecentScan,63.450334,,13.0,,,,RecentScan,False,False,2,history0
par,Read Repair,14,14,Probe,1.266875,21.0,14.0,,,,Probe,False,False,2,history0
par,Read Repair,15,15,GbgCollect,40.030667,,1.0,,,,GbgCollect,False,False,2,history0
par,Read Repair,16,16,Update,0.028542,21.0,,,,,Update,False,False,2,history0
par,Read Repair,17,17,BuildSnap,0.2365,,17.0,,,,MarkTs,False,False,2,history0
par,Read Repair,18,18,Update,0.026875,21.0,,,,,Update,False,False,2,history0
par,Read Repair,19,19,Probe,2.969958,21.0,19.0,,,,Probe,False,False,2,history0
par,Read Repair,20,20,RecentScan,106.159417,,20.0,,,,RecentScan,False,False,2,history0
par,Read Repair,21,21,RecentScan,60.952583,,21.0,,,,RecentScan,False,False,2,history0
par,Read Repair,22,22,RecentScan,62.82575,,22.0,,,,RecentScan,False,False,2,history0
par,Read Repair,23,23,Probe,2.011667,21.0,23.0,,,,Probe,False,False,2,history0
par,Read Repair,24,24,Probe,1.839458,21.0,24.0,,,,Probe,False,False,2,history0
par,Read Repair,25,25,Probe,2.5175,21.0,25.0,,,,Probe,False,False,2,history0
par,Read Repair,26,26,RecentScan,63.191041,,26.0,,,,RecentScan,False,False,2,history0
par,Read Repair,27,27,Probe,2.858209,21.0,27.0,,,,Probe,False,False,2,history0
par,Read Repair,28,28,GbgCollect,39.280167,,3.0,,,,GbgCollect,False,False,2,history0
par,Read Repair,29,29,RecentScan,62.844417,,29.0,,,,RecentScan,False,False,2,history0
par,Read Repair,30,30,Update,0.036042000000000005,21.0,,,,,Update,False,False,2,history0
par,Read Repair,31,31,BuildSnap,0.041540999999999995,,31.0,,,,MarkTs,False,False,2,history0
par,Read Repair,32,32,Probe,1.894708,21.0,32.0,,,,Probe,False,False,2,history0
par,Read Repair,33,33,Probe,3.444458,21.0,33.0,,,,Probe,False,False,2,history0
par,Read Repair,34,34,Update,0.03225,21.0,,,,,Update,False,False,2,history0
par,Read Repair,35,35,RecentScan,105.008708,,35.0,,,,RecentScan,False,False,2,history0
par,Read Repair,36,36,RecentScan,60.685583,,36.0,,,,RecentScan,False,False,2,history0
par,Read Repair,37,37,Update,0.03675,21.0,,,,,Update,False,False,2,history0
par,Read Repair,38,38,BuildSnap,0.040083,,38.0,,,,MarkTs,False,False,2,history0
par,Read Repair,39,39,GbgCollect,40.191708,,9.0,,,,GbgCollect,False,False,2,history0
par,Read Repair,40,40,Probe,3.764,21.0,40.0,,,,Probe,False,False,2,history0
par,Read Repair,41,41,Update,0.030125,21.0,,,,,Update,False,False,2,history0
par,Read Repair,42,42,RecentScan,105.660459,,42.0,,,,RecentScan,False,False,2,history0
par,Read Repair,43,43,Probe,1.570291,21.0,43.0,,,,Probe,False,False,2,history0
par,Read Repair,44,44,Probe,3.417583,21.0,44.0,,,,Probe,False,False,2,history0
par,Read Repair,45,45,Update,0.019333,21.0,,,,,Update,False,False,2,history0
par,Read Repair,46,46,BuildSnap,0.034584000000000004,,46.0,,,,MarkTs,False,False,2,history0
par,Read Repair,47,47,Probe,3.77475,21.0,47.0,,,,Probe,False,False,2,history0
par,Read Repair,48,48,RecentScan,105.336917,,48.0,,,,RecentScan,False,False,2,history0
par,Read Repair,49,49,RecentScan,64.610041,,49.0,,,,RecentScan,False,False,2,history0
par,Read Repair,50,50,Probe,2.917083,21.0,50.0,,,,Probe,False,False,2,history0
par,Read Repair,51,51,RecentScan,60.581167,,51.0,,,,RecentScan,False,False,2,history0
par,Read Repair,52,52,Update,0.043417000000000004,21.0,,,,,Update,False,False,2,history0
par,Read Repair,53,53,Update,0.033040999999999994,21.0,,,,,Update,False,False,2,history0
par,Read Repair,54,54,BuildSnap,0.320458,,54.0,,,,MarkTs,False,False,2,history0
par,Read Repair,55,55,RecentScan,106.061792,,55.0,,,,RecentScan,False,False,2,history0
par,Read Repair,56,56,Update,0.040833,21.0,,,,,Update,False,False,2,history0
par,Read Repair,57,57,Probe,3.468417,21.0,57.0,,,,Probe,False,False,2,history0
par,Read Repair,58,58,RecentScan,105.254083,,58.0,,,,RecentScan,False,False,2,history0
par,Read Repair,59,59,Probe,4.340959,21.0,59.0,,,,Probe,False,False,2,history0
par,Read Repair,60,60,RecentScan,60.509,,60.0,,,,RecentScan,False,False,2,history0
par,Read Repair,61,61,RecentScan,59.030958,,61.0,,,,RecentScan,False,False,2,history0
par,Read Repair,62,62,Probe,2.091709,21.0,62.0,,,,Probe,False,False,2,history0
par,Read Repair,63,63,Probe,2.279542,21.0,63.0,,,,Probe,False,False,2,history0
par,Read Repair,64,64,Probe,2.482834,21.0,64.0,,,,Probe,False,False,2,history0
par,Read Repair,65,65,Probe,2.897791,21.0,65.0,,,,Probe,False,False,2,history0
par,Read Repair,66,66,GbgCollect,40.771792,,17.0,,,,GbgCollect,False,False,2,history0
par,Read Repair,67,67,Probe,2.859417,21.0,67.0,,,,Probe,False,False,2,history0
par,Read Repair,68,68,RecentScan,60.671875,,68.0,,,,RecentScan,False,False,2,history0
par,Read Repair,69,69,Probe,3.502458,21.0,69.0,,,,Probe,False,False,2,history0
par,Read Repair,70,70,RecentScan,60.666833,,70.0,,,,RecentScan,False,False,2,history0
par,Read Repair,71,71,Probe,2.314125,21.0,71.0,,,,Probe,False,False,2,history0
par,Read Repair,72,72,RecentScan,59.947334,,72.0,,,,RecentScan,False,False,2,history0
par,Read Repair,73,73,Probe,3.568334,21.0,73.0,,,,Probe,False,False,2,history0
par,Read Repair,74,74,Probe,3.118584,21.0,74.0,,,,Probe,False,False,2,history0
par,Read Repair,75,75,GbgCollect,41.238375,,31.0,,,,GbgCollect,False,False,2,history0
par,Read Repair,76,76,RecentScan,61.87925,,76.0,,,,RecentScan,False,False,2,history0
par,Read Repair,77,77,RecentScan,63.476625,,77.0,,,,RecentScan,False,False,2,history0
par,Read Repair,78,78,RecentScan,63.141875,,78.0,,,,RecentScan,False,False,2,history0
par,Read Repair,79,79,RecentScan,63.521834,,79.0,,,,RecentScan,False,False,2,history0
par,Read Repair,80,80,Probe,1.96375,21.0,80.0,,,,Probe,False,False,2,history0
par,Read Repair,81,81,Update,0.025,21.0,,,,,Update,False,False,2,history0
par,Read Repair,82,82,BuildSnap,0.0685,,82.0,,,,MarkTs,False,False,2,history0
par,Read Repair,83,83,Update,0.016707999999999997,21.0,,,,,Update,False,False,2,history0
par,Read Repair,84,84,RecentScan,106.055542,,84.0,,,,RecentScan,False,False,2,history0
par,Read Repair,85,85,RecentScan,61.271916,,85.0,,,,RecentScan,False,False,2,history0
par,Read Repair,86,86,Probe,2.815416,21.0,86.0,,,,Probe,False,False,2,history0
par,Read Repair,87,87,RecentScan,62.366458,,87.0,,,,RecentScan,False,False,2,history0
par,Read Repair,88,88,Probe,2.843,21.0,88.0,,,,Probe,False,False,2,history0
par,Read Repair,89,89,Probe,2.973041,21.0,89.0,,,,Probe,False,False,2,history0
par,Read Repair,90,90,RecentScan,64.663625,,90.0,,,,RecentScan,False,False,2,history0
par,Read Repair,91,91,Update,0.038709,21.0,,,,,Update,False,False,2,history0
par,Read Repair,92,92,BuildSnap,0.053375,,92.0,,,,MarkTs,False,False,2,history0
par,Read Repair,93,93,Probe,2.261334,21.0,93.0,,,,Probe,False,False,2,history0
par,Read Repair,94,94,RecentScan,114.170125,,94.0,,,,RecentScan,False,False,2,history0
par,Read Repair,95,95,Update,0.043625,21.0,,,,,Update,False,False,2,history0
par,Read Repair,96,96,RecentScan,103.511292,,96.0,,,,RecentScan,False,False,2,history0
par,Read Repair,97,97,Probe,2.066791,21.0,97.0,,,,Probe,False,False,2,history0
par,Read Repair,98,98,Probe,3.064458,21.0,98.0,,,,Probe,False,False,2,history0
par,Read Repair,99,99,RecentScan,56.48325,,99.0,,,,RecentScan,False,False,2,history0
par,Read Repair,100,100,Probe,2.040166,21.0,100.0,,,,Probe,False,False,2,history0
par,Read Repair,101,101,RecentScan,57.414542,,101.0,,,,RecentScan,False,False,2,history0
par,Read Repair,102,102,Probe,3.403042,21.0,102.0,,,,Probe,False,False,2,history0
par,Read Repair,103,103,RecentScan,60.152709,,103.0,,,,RecentScan,False,False,2,history0
par,Read Repair,104,104,Update,0.02575,21.0,,,,,Update,False,False,2,history0
par,Read Repair,105,105,BuildSnap,0.05475,,105.0,,,,MarkTs,False,False,2,history0
par,Read Repair,106,106,Probe,2.351875,21.0,106.0,,,,Probe,False,False,2,history0
par,Read Repair,107,107,Update,0.015708,21.0,,,,,Update,False,False,2,history0
par,Read Repair,108,108,Probe,3.380709,21.0,108.0,,,,Probe,False,False,2,history0
par,Read Repair,109,109,Update,0.016042,21.0,,,,,Update,False,False,2,history0
par,Read Repair,110,110,BuildSnap,0.02525,,110.0,,,,MarkTs,False,False,2,history0
par,Read Repair,111,111,Probe,2.436,21.0,111.0,,,,Probe,False,False,2,history0
par,Read Repair,112,112,RecentScan,102.629708,,112.0,,,,RecentScan,False,False,2,history0
par,Read Repair,113,113,Probe,2.661625,21.0,113.0,,,,Probe,False,False,2,history0
par,Read Repair,114,114,RecentScan,59.805958,,114.0,,,,RecentScan,False,False,2,history0
par,Read Repair,115,115,RecentScan,55.9815,,115.0,,,,RecentScan,False,False,2,history0
par,Read Repair,116,116,Probe,2.053042,21.0,116.0,,,,Probe,False,False,2,history0
par,Read Repair,117,117,RecentScan,58.546083,,117.0,,,,RecentScan,False,False,2,history0
par,Write Repair,0,0,InitLoad,69.445833,210000.0,,,,,InitLoad,False,False,2,history0
par,Write Repair,1,1,BuildSnap,0.200959,,1.0,,,,MarkTs,False,False,2,history0
par,Write Repair,2,2,Update,3.616917,21.0,,,,,Update,False,False,2,history0
par,Write Repair,3,3,BuildSnap,0.013667,,3.0,,,,MarkTs,False,False,2,history0
par,Write Repair,4,4,RecentScan,62.088625,,4.0,,,,RecentScan,False,False,2,history0
par,Write Repair,5,5,Update,3.806167,21.0,,,,,Update,False,False,2,history0
par,Write Repair,6,6,RecentScan,59.844875,,6.0,,,,RecentScan,False,False,2,history0
par,Write Repair,7,7,HistoryScan,61.571458,,1.0,,,,HistoryScan,True,False,2,history0
par,Write Repair,8,8,Update,3.31075,21.0,,,,,Update,False,False,2,history0
par,Write Repair,9,9,BuildSnap,0.014209,,9.0,,,,MarkTs,False,False,2,history0
par,Write Repair,10,10,RecentScan,61.43375,,10.0,,,,RecentScan,False,False,2,history0
par,Write Repair,11,11,Update,3.407041,21.0,,,,,Update,False,False,2,history0
par,Write Repair,12,12,RecentScan,59.191833,,12.0,,,,RecentScan,False,False,2,history0
par,Write Repair,13,13,RecentScan,60.6375,,13.0,,,,RecentScan,False,False,2,history0
par,Write Repair,14,14,Probe,1.292084,21.0,14.0,,,,Probe,False,False,2,history0
par,Write Repair,15,15,GbgCollect,41.215208,,1.0,,,,GbgCollect,False,False,2,history0
par,Write Repair,16,16,Update,2.9895,21.0,,,,,Update,False,False,2,history0
par,Write Repair,17,17,BuildSnap,0.28725,,17.0,,,,MarkTs,False,False,2,history0
par,Write Repair,18,18,Update,2.17025,21.0,,,,,Update,False,False,2,history0
par,Write Repair,19,19,Probe,2.054084,21.0,19.0,,,,Probe,False,False,2,history0
par,Write Repair,20,20,RecentScan,59.949875,,20.0,,,,RecentScan,False,False,2,history0
par,Write Repair,21,21,RecentScan,59.767334,,21.0,,,,RecentScan,False,False,2,history0
par,Write Repair,22,22,RecentScan,60.453416,,22.0,,,,RecentScan,False,False,2,history0
par,Write Repair,23,23,Probe,1.934834,21.0,23.0,,,,Probe,False,False,2,history0
par,Write Repair,24,24,Probe,1.826583,21.0,24.0,,,,Probe,False,False,2,history0
par,Write Repair,25,25,Probe,2.843292,21.0,25.0,,,,Probe,False,False,2,history0
par,Write Repair,26,26,RecentScan,60.789625,,26.0,,,,RecentScan,False,False,2,history0
par,Write Repair,27,27,Probe,2.969833,21.0,27.0,,,,Probe,False,False,2,history0
par,Write Repair,28,28,GbgCollect,41.173334,,3.0,,,,GbgCollect,False,False,2,history0
par,Write Repair,29,29,RecentScan,60.299916,,29.0,,,,RecentScan,False,False,2,history0
par,Write Repair,30,30,Update,3.20625,21.0,,,,,Update,False,False,2,history0
par,Write Repair,31,31,BuildSnap,0.031875,,31.0,,,,MarkTs,False,False,2,history0
par,Write Repair,32,32,Probe,1.192667,21.0,32.0,,,,Probe,False,False,2,history0
par,Write Repair,33,33,Probe,2.905625,21.0,33.0,,,,Probe,False,False,2,history0
par,Write Repair,34,34,Update,2.531,21.0,,,,,Update,False,False,2,history0
par,Write Repair,35,35,RecentScan,59.287959,,35.0,,,,RecentScan,False,False,2,history0
par,Write Repair,36,36,RecentScan,60.828167,,36.0,,,,RecentScan,False,False,2,history0
par,Write Repair,37,37,Update,3.348166,21.0,,,,,Update,False,False,2,history0
par,Write Repair,38,38,BuildSnap,0.036542000000000005,,38.0,,,,MarkTs,False,False,2,history0
par,Write Repair,39,39,GbgCollect,41.075792,,9.0,,,,GbgCollect,False,False,2,history0
par,Write Repair,40,40,Probe,2.734458,21.0,40.0,,,,Probe,False,False,2,history0
par,Write Repair,41,41,Update,2.992667,21.0,,,,,Update,False,False,2,history0
par,Write Repair,42,42,RecentScan,58.138833,,42.0,,,,RecentScan,False,False,2,history0
par,Write Repair,43,43,Probe,1.632125,21.0,43.0,,,,Probe,False,False,2,history0
par,Write Repair,44,44,Probe,3.67275,21.0,44.0,,,,Probe,False,False,2,history0
par,Write Repair,45,45,Update,2.961708,21.0,,,,,Update,False,False,2,history0
par,Write Repair,46,46,BuildSnap,0.032208,,46.0,,,,MarkTs,False,False,2,history0
par,Write Repair,47,47,Probe,2.604792,21.0,47.0,,,,Probe,False,False,2,history0
par,Write Repair,48,48,RecentScan,60.291625,,48.0,,,,RecentScan,False,False,2,history0
par,Write Repair,49,49,RecentScan,62.099042,,49.0,,,,RecentScan,False,False,2,history0
par,Write Repair,50,50,Probe,3.0735,21.0,50.0,,,,Probe,False,False,2,history0
par,Write Repair,51,51,RecentScan,60.930834,,51.0,,,,RecentScan,False,False,2,history0
par,Write Repair,52,52,Update,3.400917,21.0,,,,,Update,False,False,2,history0
par,Write Repair,53,53,Update,2.443584,21.0,,,,,Update,False,False,2,history0
par,Write Repair,54,54,BuildSnap,0.47375,,54.0,,,,MarkTs,False,False,2,history0
par,Write Repair,55,55,RecentScan,60.291875,,55.0,,,,RecentScan,False,False,2,history0
par,Write Repair,56,56,Update,3.251709,21.0,,,,,Update,False,False,2,history0
par,Write Repair,57,57,Probe,2.6545,21.0,57.0,,,,Probe,False,False,2,history0
par,Write Repair,58,58,RecentScan,63.127334,,58.0,,,,RecentScan,False,False,2,history0
par,Write Repair,59,59,Probe,5.470625,21.0,59.0,,,,Probe,False,False,2,history0
par,Write Repair,60,60,RecentScan,60.695375,,60.0,,,,RecentScan,False,False,2,history0
par,Write Repair,61,61,RecentScan,60.199625,,61.0,,,,RecentScan,False,False,2,history0
par,Write Repair,62,62,Probe,2.373042,21.0,62.0,,,,Probe,False,False,2,history0
par,Write Repair,63,63,Probe,2.495916,21.0,63.0,,,,Probe,False,False,2,history0
par,Write Repair,64,64,Probe,2.818417,21.0,64.0,,,,Probe,False,False,2,history0
par,Write Repair,65,65,Probe,3.219958,21.0,65.0,,,,Probe,False,False,2,history0
par,Write Repair,66,66,GbgCollect,40.585708,,17.0,,,,GbgCollect,False,False,2,history0
par,Write Repair,67,67,Probe,2.964041,21.0,67.0,,,,Probe,False,False,2,history0
par,Write Repair,68,68,RecentScan,57.292375,,68.0,,,,RecentScan,False,False,2,history0
par,Write Repair,69,69,Probe,3.565208,21.0,69.0,,,,Probe,False,False,2,history0
par,Write Repair,70,70,RecentScan,60.842291,,70.0,,,,RecentScan,False,False,2,history0
par,Write Repair,71,71,Probe,2.457084,21.0,71.0,,,,Probe,False,False,2,history0
par,Write Repair,72,72,RecentScan,62.18375,,72.0,,,,RecentScan,False,False,2,history0
par,Write Repair,73,73,Probe,3.956625,21.0,73.0,,,,Probe,False,False,2,history0
par,Write Repair,74,74,Probe,3.976334,21.0,74.0,,,,Probe,False,False,2,history0
par,Write Repair,75,75,GbgCollect,40.889833,,31.0,,,,GbgCollect,False,False,2,history0
par,Write Repair,76,76,RecentScan,60.454,,76.0,,,,RecentScan,False,False,2,history0
par,Write Repair,77,77,RecentScan,61.929125,,77.0,,,,RecentScan,False,False,2,history0
par,Write Repair,78,78,RecentScan,59.571667,,78.0,,,,RecentScan,False,False,2,history0
par,Write Repair,79,79,RecentScan,61.881833,,79.0,,,,RecentScan,False,False,2,history0
par,Write Repair,80,80,Probe,2.148584,21.0,80.0,,,,Probe,False,False,2,history0
par,Write Repair,81,81,Update,3.101125,21.0,,,,,Update,False,False,2,history0
par,Write Repair,82,82,BuildSnap,0.037583,,82.0,,,,MarkTs,False,False,2,history0
par,Write Repair,83,83,Update,2.2175,21.0,,,,,Update,False,False,2,history0
par,Write Repair,84,84,RecentScan,60.165417,,84.0,,,,RecentScan,False,False,2,history0
par,Write Repair,85,85,RecentScan,62.931084,,85.0,,,,RecentScan,False,False,2,history0
par,Write Repair,86,86,Probe,2.902833,21.0,86.0,,,,Probe,False,False,2,history0
par,Write Repair,87,87,RecentScan,62.972875,,87.0,,,,RecentScan,False,False,2,history0
par,Write Repair,88,88,Probe,2.786,21.0,88.0,,,,Probe,False,False,2,history0
par,Write Repair,89,89,Probe,3.253958,21.0,89.0,,,,Probe,False,False,2,history0
par,Write Repair,90,90,RecentScan,63.249,,90.0,,,,RecentScan,False,False,2,history0
par,Write Repair,91,91,Update,3.366708,21.0,,,,,Update,False,False,2,history0
par,Write Repair,92,92,BuildSnap,0.035667000000000004,,92.0,,,,MarkTs,False,False,2,history0
par,Write Repair,93,93,Probe,1.624167,21.0,93.0,,,,Probe,False,False,2,history0
par,Write Repair,94,94,RecentScan,59.794666,,94.0,,,,RecentScan,False,False,2,history0
par,Write Repair,95,95,Update,3.303916,21.0,,,,,Update,False,False,2,history0
par,Write Repair,96,96,RecentScan,58.567667,,96.0,,,,RecentScan,False,False,2,history0
par,Write Repair,97,97,Probe,2.526416,21.0,97.0,,,,Probe,False,False,2,history0
par,Write Repair,98,98,Probe,3.672334,21.0,98.0,,,,Probe,False,False,2,history0
par,Write Repair,99,99,RecentScan,60.671292,,99.0,,,,RecentScan,False,False,2,history0
par,Write Repair,100,100,Probe,2.156042,21.0,100.0,,,,Probe,False,False,2,history0
par,Write Repair,101,101,RecentScan,59.374417,,101.0,,,,RecentScan,False,False,2,history0
par,Write Repair,102,102,Probe,3.903291,21.0,102.0,,,,Probe,False,False,2,history0
par,Write Repair,103,103,RecentScan,61.886792,,103.0,,,,RecentScan,False,False,2,history0
par,Write Repair,104,104,Update,3.34425,21.0,,,,,Update,False,False,2,history0
par,Write Repair,105,105,BuildSnap,0.036541,,105.0,,,,MarkTs,False,False,2,history0
par,Write Repair,106,106,Probe,1.557375,21.0,106.0,,,,Probe,False,False,2,history0
par,Write Repair,107,107,Update,2.703333,21.0,,,,,Update,False,False,2,history0
par,Write Repair,108,108,Probe,3.079958,21.0,108.0,,,,Probe,False,False,2,history0
par,Write Repair,109,109,Update,2.543708,21.0,,,,,Update,False,False,2,history0
par,Write Repair,110,110,BuildSnap,0.03475,,110.0,,,,MarkTs,False,False,2,history0
par,Write Repair,111,111,Probe,1.978125,21.0,111.0,,,,Probe,False,False,2,history0
par,Write Repair,112,112,RecentScan,59.999167,,112.0,,,,RecentScan,False,False,2,history0
par,Write Repair,113,113,Probe,3.07775,21.0,113.0,,,,Probe,False,False,2,history0
par,Write Repair,114,114,RecentScan,61.5855,,114.0,,,,RecentScan,False,False,2,history0
par,Write Repair,115,115,RecentScan,59.444125,,115.0,,,,RecentScan,False,False,2,history0
par,Write Repair,116,116,Probe,2.317708,21.0,116.0,,,,Probe,False,False,2,history0
par,Write Repair,117,117,RecentScan,62.561209,,117.0,,,,RecentScan,False,False,2,history0
